episode,reward_mean,speed_mean,speed_x100,elapsed_sec,frames_per_batch,algorithm,algorithm_family,robot,terrain,channel,actor_update_norm_mean,actor_update_clip_scale_mean,ddpg_loss_actor_mean,ddpg_loss_value_mean,ddpg_actor_grad_norm_mean,ddpg_critic_grad_norm_mean,ddpg_actor_parameter_displacement,ddpg_replay_size,ddpg_replay_transition_bytes,ddpg_exploration_sigma,ddpg_pred_q_mean,ddpg_target_q_mean,ddpg_td_error_mean,ddpg_optimizer_updates,ppo_approx_kl,ppo_early_stop,ppo_updates_completed,policy_anchor_loss,policy_anchor_coeff_effective,closure_score,circularity_score,body_omega,slip_penalty,action_smoothness_penalty,curriculum_progress,rolling_reward,tail_lift_score,tail_forward_score,head_contact_score,curl_prefix_progress,curl_order_penalty,total_signed_curvature,closure_ratio,support_margin,cumulative_rotation,rolling_gate,tail_roll_stage,tail_stage_success,tail_stage_success_rate,tail_roll_reward,fast_roll_phase,fast_roll_phase_steps,fast_roll_phase_progress,fast_roll_flip_event,fast_roll_flip_count,fast_roll_cycle_count,fast_roll_cycle_rotation,fast_roll_cycle_forward,fast_roll_support_migration,fast_roll_direction_fraction,fast_roll_motion_gate,fast_roll_reward,fast_forward_phase,fast_forward_phase_steps,fast_forward_launch_progress,fast_forward_launch_ready_steps,fast_forward_roll_progress,fast_forward_progress_delta,fast_forward_launch_event,fast_forward_event_pulse,fast_forward_event_bonus,fast_forward_event_count,fast_forward_event_rotation,fast_forward_event_forward,fast_forward_support_index,fast_forward_support_migration_nodes,fast_forward_ground_contact_strength,fast_forward_event_direction_fraction,fast_forward_episode_direction_fraction,fast_forward_event_steps,fast_forward_progress_age,fast_forward_stall_penalty,fast_forward_reverse_rotation_penalty,fast_forward_backward_penalty,effort_penalty,scratch_wr_v2_z0_lift_ratio,scratch_wr_v2_z0_forward_ratio,scratch_wr_v2_z0_curl_ratio,scratch_wr_v2_z0_sync_score,scratch_wr_v2_z0_candidate_mask,scratch_wr_v2_z0_active,scratch_wr_v2_z0_penalty_scale,scratch_wr_v2_z0_dense_reward,scratch_wr_v2_progress_delta,fast_forward_reward,wave_amplitude,wave_center,wave_width,wave_hold,wave_kp,wave_kd,scratch_wr_stage_id,scratch_wr_learning_rate,scratch_wr_alpha,scratch_wr_wave_torque_rms,scratch_wr_residual_torque_rms,scratch_wr_applied_residual_torque_rms,scratch_wr_total_torque_rms,scratch_wr_torque_clip_fraction,scratch_wr_residual_saturation_fraction,scratch_wr_v2_wave_ema_beta,scratch_wr_v2_wave_filter_delta_rms,scratch_wr_v2_applied_wave_amplitude,scratch_wr_v2_applied_wave_center,scratch_wr_v2_applied_wave_width,scratch_wr_v2_applied_wave_hold,scratch_wr_v2_applied_wave_kp,scratch_wr_v2_applied_wave_kd
1,2.9062511920928955,2.9717346478719264e-05,0.0029717346478719264,11.612672328948975,10000,ppo,ppo,crawler,flat,dth_dth_neighbours_direct,,,,,,,,,,,,,,,0.0027275136159196326,0,781,0.0,0.0,,,,,,,,,,,,,,,,,,,,,,,,,,,,,,,,,,,,,,,,,,,,,,,,,,,,,,,,,,,,,,,,,,,,,,,,,,nan,,,,,,,,,,,,,,,
2,18.505544662475586,0.0001842448255047202,0.01842448255047202,22.50366520881653,10000,ppo,ppo,crawler,flat,dth_dth_neighbours_direct,,,,,,,,,,,,,,,0.0024804220181292402,0,781,0.0,0.0,,,,,,,,,,,,,,,,,,,,,,,,,,,,,,,,,,,,,,,,,,,,,,,,,,,,,,,,,,,,,,,,,,,,,,,,,,nan,,,,,,,,,,,,,,,
3,14.656466484069824,0.0001462731888750568,0.01462731888750568,33.17904281616211,10000,ppo,ppo,crawler,flat,dth_dth_neighbours_direct,,,,,,,,,,,,,,,0.0018975571343179186,0,781,0.0,0.0,,,,,,,,,,,,,,,,,,,,,,,,,,,,,,,,,,,,,,,,,,,,,,,,,,,,,,,,,,,,,,,,,,,,,,,,,,nan,,,,,,,,,,,,,,,
4,18.97796058654785,0.00018951397214550525,0.018951397214550525,44.038633584976196,10000,ppo,ppo,crawler,flat,dth_dth_neighbours_direct,,,,,,,,,,,,,,,0.0015094649552268651,0,781,0.0,0.0,,,,,,,,,,,,,,,,,,,,,,,,,,,,,,,,,,,,,,,,,,,,,,,,,,,,,,,,,,,,,,,,,,,,,,,,,,nan,,,,,,,,,,,,,,,
5,26.016376495361328,0.000260689586866647,0.0260689586866647,54.732192277908325,10000,ppo,ppo,crawler,flat,dth_dth_neighbours_direct,,,,,,,,,,,,,,,0.0015840031101968183,0,781,0.0,0.0,,,,,,,,,,,,,,,,,,,,,,,,,,,,,,,,,,,,,,,,,,,,,,,,,,,,,,,,,,,,,,,,,,,,,,,,,,nan,,,,,,,,,,,,,,,
6,30.25299644470215,0.0003026178164873272,0.030261781648732722,65.58060884475708,10000,ppo,ppo,crawler,flat,dth_dth_neighbours_direct,,,,,,,,,,,,,,,0.001421706541411569,0,781,0.0,0.0,,,,,,,,,,,,,,,,,,,,,,,,,,,,,,,,,,,,,,,,,,,,,,,,,,,,,,,,,,,,,,,,,,,,,,,,,,nan,,,,,,,,,,,,,,,
7,30.42573356628418,0.00030408220482058823,0.030408220482058823,75.85486817359924,10000,ppo,ppo,crawler,flat,dth_dth_neighbours_direct,,,,,,,,,,,,,,,0.001264770371569905,0,781,0.0,0.0,,,,,,,,,,,,,,,,,,,,,,,,,,,,,,,,,,,,,,,,,,,,,,,,,,,,,,,,,,,,,,,,,,,,,,,,,,nan,,,,,,,,,,,,,,,
8,43.77204132080078,0.00043669852311722934,0.043669852311722934,84.9947361946106,10000,ppo,ppo,crawler,flat,dth_dth_neighbours_direct,,,,,,,,,,,,,,,0.002447115071058254,0,781,0.0,0.0,,,,,,,,,,,,,,,,,,,,,,,,,,,,,,,,,,,,,,,,,,,,,,,,,,,,,,,,,,,,,,,,,,,,,,,,,,nan,,,,,,,,,,,,,,,
9,30.264917373657227,0.0003026914200745523,0.03026914200745523,94.50319314002991,10000,ppo,ppo,crawler,flat,dth_dth_neighbours_direct,,,,,,,,,,,,,,,0.0022556167999199005,0,781,0.0,0.0,,,,,,,,,,,,,,,,,,,,,,,,,,,,,,,,,,,,,,,,,,,,,,,,,,,,,,,,,,,,,,,,,,,,,,,,,,nan,,,,,,,,,,,,,,,
10,38.40916442871094,0.0003835446259472519,0.03835446259472519,104.4306411743164,10000,ppo,ppo,crawler,flat,dth_dth_neighbours_direct,,,,,,,,,,,,,,,0.001564986847663625,0,781,0.0,0.0,,,,,,,,,,,,,,,,,,,,,,,,,,,,,,,,,,,,,,,,,,,,,,,,,,,,,,,,,,,,,,,,,,,,,,,,,,nan,,,,,,,,,,,,,,,
11,58.16961669921875,0.0005812754388898611,0.05812754388898611,114.60492062568665,10000,ppo,ppo,crawler,flat,dth_dth_neighbours_direct,,,,,,,,,,,,,,,0.0014912215834060175,0,781,0.0,0.0,,,,,,,,,,,,,,,,,,,,,,,,,,,,,,,,,,,,,,,,,,,,,,,,,,,,,,,,,,,,,,,,,,,,,,,,,,nan,,,,,,,,,,,,,,,
12,81.44221496582031,0.0008143558516167104,0.08143558516167104,125.21666359901428,10000,ppo,ppo,crawler,flat,dth_dth_neighbours_direct,,,,,,,,,,,,,,,0.0012372081309900394,0,781,0.0,0.0,,,,,,,,,,,,,,,,,,,,,,,,,,,,,,,,,,,,,,,,,,,,,,,,,,,,,,,,,,,,,,,,,,,,,,,,,,nan,,,,,,,,,,,,,,,
13,106.8541259765625,0.0010674529476091266,0.10674529476091266,135.92098379135132,10000,ppo,ppo,crawler,flat,dth_dth_neighbours_direct,,,,,,,,,,,,,,,0.0026075844231112913,0,781,0.0,0.0,,,,,,,,,,,,,,,,,,,,,,,,,,,,,,,,,,,,,,,,,,,,,,,,,,,,,,,,,,,,,,,,,,,,,,,,,,nan,,,,,,,,,,,,,,,
14,138.3824462890625,0.001382593298330903,0.1382593298330903,147.09769678115845,10000,ppo,ppo,crawler,flat,dth_dth_neighbours_direct,,,,,,,,,,,,,,,0.004798322825850001,0,781,0.0,0.0,,,,,,,,,,,,,,,,,,,,,,,,,,,,,,,,,,,,,,,,,,,,,,,,,,,,,,,,,,,,,,,,,,,,,,,,,,nan,,,,,,,,,,,,,,,
15,218.4568634033203,0.002183766569942236,0.2183766569942236,158.33280730247498,10000,ppo,ppo,crawler,flat,dth_dth_neighbours_direct,,,,,,,,,,,,,,,0.005160095035288171,0,781,0.0,0.0,,,,,,,,,,,,,,,,,,,,,,,,,,,,,,,,,,,,,,,,,,,,,,,,,,,,,,,,,,,,,,,,,,,,,,,,,,nan,,,,,,,,,,,,,,,
16,377.0430603027344,0.003765289904549718,0.3765289904549718,169.49261116981506,10000,ppo,ppo,crawler,flat,dth_dth_neighbours_direct,,,,,,,,,,,,,,,0.0039894562123314135,0,781,0.0,0.0,,,,,,,,,,,,,,,,,,,,,,,,,,,,,,,,,,,,,,,,,,,,,,,,,,,,,,,,,,,,,,,,,,,,,,,,,,nan,,,,,,,,,,,,,,,
17,523.8338012695312,0.005234647076576948,0.5234647076576948,180.03489136695862,10000,ppo,ppo,crawler,flat,dth_dth_neighbours_direct,,,,,,,,,,,,,,,0.013935903945336895,0,781,0.0,0.0,,,,,,,,,,,,,,,,,,,,,,,,,,,,,,,,,,,,,,,,,,,,,,,,,,,,,,,,,,,,,,,,,,,,,,,,,,nan,,,,,,,,,,,,,,,
18,582.0427856445312,0.005814399570226669,0.5814399570226669,191.3724021911621,10000,ppo,ppo,crawler,flat,dth_dth_neighbours_direct,,,,,,,,,,,,,,,0.017510082844815682,0,781,0.0,0.0,,,,,,,,,,,,,,,,,,,,,,,,,,,,,,,,,,,,,,,,,,,,,,,,,,,,,,,,,,,,,,,,,,,,,,,,,,nan,,,,,,,,,,,,,,,
19,1022.4794311523438,0.010212928056716919,1.021292805671692,202.169855594635,10000,ppo,ppo,crawler,flat,dth_dth_neighbours_direct,,,,,,,,,,,,,,,0.009622726600594546,0,781,0.0,0.0,,,,,,,,,,,,,,,,,,,,,,,,,,,,,,,,,,,,,,,,,,,,,,,,,,,,,,,,,,,,,,,,,,,,,,,,,,nan,,,,,,,,,,,,,,,
20,1033.8729248046875,0.010329692624509335,1.0329692624509335,213.43877148628235,10000,ppo,ppo,crawler,flat,dth_dth_neighbours_direct,,,,,,,,,,,,,,,0.012401434833293406,0,781,0.0,0.0,,,,,,,,,,,,,,,,,,,,,,,,,,,,,,,,,,,,,,,,,,,,,,,,,,,,,,,,,,,,,,,,,,,,,,,,,,nan,,,,,,,,,,,,,,,
21,956.7568359375,0.009557848796248436,0.9557848796248436,224.82344698905945,10000,ppo,ppo,crawler,flat,dth_dth_neighbours_direct,,,,,,,,,,,,,,,0.010850223902990492,0,781,0.0,0.0,,,,,,,,,,,,,,,,,,,,,,,,,,,,,,,,,,,,,,,,,,,,,,,,,,,,,,,,,,,,,,,,,,,,,,,,,,nan,,,,,,,,,,,,,,,
22,975.84814453125,0.009746957570314407,0.9746957570314407,235.33964371681213,10000,ppo,ppo,crawler,flat,dth_dth_neighbours_direct,,,,,,,,,,,,,,,0.006692251380174567,0,781,0.0,0.0,,,,,,,,,,,,,,,,,,,,,,,,,,,,,,,,,,,,,,,,,,,,,,,,,,,,,,,,,,,,,,,,,,,,,,,,,,nan,,,,,,,,,,,,,,,
23,1029.224609375,0.010279892012476921,1.027989201247692,244.76120829582214,10000,ppo,ppo,crawler,flat,dth_dth_neighbours_direct,,,,,,,,,,,,,,,0.004994347704401631,0,781,0.0,0.0,,,,,,,,,,,,,,,,,,,,,,,,,,,,,,,,,,,,,,,,,,,,,,,,,,,,,,,,,,,,,,,,,,,,,,,,,,nan,,,,,,,,,,,,,,,
24,1072.2298583984375,0.010708952322602272,1.0708952322602272,254.70531725883484,10000,ppo,ppo,crawler,flat,dth_dth_neighbours_direct,,,,,,,,,,,,,,,0.0075237965346989,0,781,0.0,0.0,,,,,,,,,,,,,,,,,,,,,,,,,,,,,,,,,,,,,,,,,,,,,,,,,,,,,,,,,,,,,,,,,,,,,,,,,,nan,,,,,,,,,,,,,,,
25,1040.073486328125,0.01039006095379591,1.039006095379591,264.65104269981384,10000,ppo,ppo,crawler,flat,dth_dth_neighbours_direct,,,,,,,,,,,,,,,0.0035951499449520118,0,781,0.0,0.0,,,,,,,,,,,,,,,,,,,,,,,,,,,,,,,,,,,,,,,,,,,,,,,,,,,,,,,,,,,,,,,,,,,,,,,,,,nan,,,,,,,,,,,,,,,
26,983.6644897460938,0.00982665829360485,0.9826658293604851,274.76318287849426,10000,ppo,ppo,crawler,flat,dth_dth_neighbours_direct,,,,,,,,,,,,,,,0.0033211935633451484,0,781,0.0,0.0,,,,,,,,,,,,,,,,,,,,,,,,,,,,,,,,,,,,,,,,,,,,,,,,,,,,,,,,,,,,,,,,,,,,,,,,,,nan,,,,,,,,,,,,,,,
27,1070.0858154296875,0.010690191760659218,1.0690191760659218,284.65591764450073,10000,ppo,ppo,crawler,flat,dth_dth_neighbours_direct,,,,,,,,,,,,,,,0.005196171114901298,0,781,0.0,0.0,,,,,,,,,,,,,,,,,,,,,,,,,,,,,,,,,,,,,,,,,,,,,,,,,,,,,,,,,,,,,,,,,,,,,,,,,,nan,,,,,,,,,,,,,,,
28,1012.2326049804688,0.010111636482179165,1.0111636482179165,294.27400517463684,10000,ppo,ppo,crawler,flat,dth_dth_neighbours_direct,,,,,,,,,,,,,,,0.0026516976008102754,0,781,0.0,0.0,,,,,,,,,,,,,,,,,,,,,,,,,,,,,,,,,,,,,,,,,,,,,,,,,,,,,,,,,,,,,,,,,,,,,,,,,,nan,,,,,,,,,,,,,,,
29,924.5397338867188,0.009237928315997124,0.9237928315997124,304.7618246078491,10000,ppo,ppo,crawler,flat,dth_dth_neighbours_direct,,,,,,,,,,,,,,,0.0022590091123263862,0,781,0.0,0.0,,,,,,,,,,,,,,,,,,,,,,,,,,,,,,,,,,,,,,,,,,,,,,,,,,,,,,,,,,,,,,,,,,,,,,,,,,nan,,,,,,,,,,,,,,,
30,872.9302978515625,0.008718333207070827,0.8718333207070827,314.60483956336975,10000,ppo,ppo,crawler,flat,dth_dth_neighbours_direct,,,,,,,,,,,,,,,0.0019343329777944237,0,781,0.0,0.0,,,,,,,,,,,,,,,,,,,,,,,,,,,,,,,,,,,,,,,,,,,,,,,,,,,,,,,,,,,,,,,,,,,,,,,,,,nan,,,,,,,,,,,,,,,
31,849.8810424804688,0.008490147069096565,0.8490147069096565,324.35369849205017,10000,ppo,ppo,crawler,flat,dth_dth_neighbours_direct,,,,,,,,,,,,,,,0.0021801315149999057,0,781,0.0,0.0,,,,,,,,,,,,,,,,,,,,,,,,,,,,,,,,,,,,,,,,,,,,,,,,,,,,,,,,,,,,,,,,,,,,,,,,,,nan,,,,,,,,,,,,,,,
32,825.8721923828125,0.008251354098320007,0.8251354098320007,334.7409083843231,10000,ppo,ppo,crawler,flat,dth_dth_neighbours_direct,,,,,,,,,,,,,,,0.0018425004106840729,0,781,0.0,0.0,,,,,,,,,,,,,,,,,,,,,,,,,,,,,,,,,,,,,,,,,,,,,,,,,,,,,,,,,,,,,,,,,,,,,,,,,,nan,,,,,,,,,,,,,,,
33,861.1129150390625,0.008602684363722801,0.8602684363722801,345.13914585113525,10000,ppo,ppo,crawler,flat,dth_dth_neighbours_direct,,,,,,,,,,,,,,,0.002464558242246474,0,781,0.0,0.0,,,,,,,,,,,,,,,,,,,,,,,,,,,,,,,,,,,,,,,,,,,,,,,,,,,,,,,,,,,,,,,,,,,,,,,,,,nan,,,,,,,,,,,,,,,
34,719.4215698242188,0.007185719907283783,0.7185719907283783,355.2211003303528,10000,ppo,ppo,crawler,flat,dth_dth_neighbours_direct,,,,,,,,,,,,,,,0.0020736671908259305,0,781,0.0,0.0,,,,,,,,,,,,,,,,,,,,,,,,,,,,,,,,,,,,,,,,,,,,,,,,,,,,,,,,,,,,,,,,,,,,,,,,,,nan,,,,,,,,,,,,,,,
35,622.87646484375,0.006222237832844257,0.6222237832844257,365.6359450817108,10000,ppo,ppo,crawler,flat,dth_dth_neighbours_direct,,,,,,,,,,,,,,,0.002338706583877481,0,781,0.0,0.0,,,,,,,,,,,,,,,,,,,,,,,,,,,,,,,,,,,,,,,,,,,,,,,,,,,,,,,,,,,,,,,,,,,,,,,,,,nan,,,,,,,,,,,,,,,
36,806.8311767578125,0.008058862760663033,0.8058862760663033,375.8061149120331,10000,ppo,ppo,crawler,flat,dth_dth_neighbours_direct,,,,,,,,,,,,,,,0.0020628564522367863,0,781,0.0,0.0,,,,,,,,,,,,,,,,,,,,,,,,,,,,,,,,,,,,,,,,,,,,,,,,,,,,,,,,,,,,,,,,,,,,,,,,,,nan,,,,,,,,,,,,,,,
37,709.9345092773438,0.007091349456459284,0.7091349456459284,385.5054466724396,10000,ppo,ppo,crawler,flat,dth_dth_neighbours_direct,,,,,,,,,,,,,,,0.0024563259856189824,0,781,0.0,0.0,,,,,,,,,,,,,,,,,,,,,,,,,,,,,,,,,,,,,,,,,,,,,,,,,,,,,,,,,,,,,,,,,,,,,,,,,,nan,,,,,,,,,,,,,,,
38,628.3370361328125,0.006276208907365799,0.6276208907365799,395.3972702026367,10000,ppo,ppo,crawler,flat,dth_dth_neighbours_direct,,,,,,,,,,,,,,,0.0026664101921885543,0,781,0.0,0.0,,,,,,,,,,,,,,,,,,,,,,,,,,,,,,,,,,,,,,,,,,,,,,,,,,,,,,,,,,,,,,,,,,,,,,,,,,nan,,,,,,,,,,,,,,,
39,747.51220703125,0.007467770949006081,0.7467770949006081,405.2566969394684,10000,ppo,ppo,crawler,flat,dth_dth_neighbours_direct,,,,,,,,,,,,,,,0.0020101667589406784,0,781,0.0,0.0,,,,,,,,,,,,,,,,,,,,,,,,,,,,,,,,,,,,,,,,,,,,,,,,,,,,,,,,,,,,,,,,,,,,,,,,,,nan,,,,,,,,,,,,,,,
40,791.1266479492188,0.007902725599706173,0.7902725599706173,416.4006972312927,10000,ppo,ppo,crawler,flat,dth_dth_neighbours_direct,,,,,,,,,,,,,,,0.0020100841808451944,0,781,0.0,0.0,,,,,,,,,,,,,,,,,,,,,,,,,,,,,,,,,,,,,,,,,,,,,,,,,,,,,,,,,,,,,,,,,,,,,,,,,,nan,,,,,,,,,,,,,,,
41,933.1345825195312,0.009322303347289562,0.9322303347289562,427.79337191581726,10000,ppo,ppo,crawler,flat,dth_dth_neighbours_direct,,,,,,,,,,,,,,,0.002597545258756633,0,781,0.0,0.0,,,,,,,,,,,,,,,,,,,,,,,,,,,,,,,,,,,,,,,,,,,,,,,,,,,,,,,,,,,,,,,,,,,,,,,,,,nan,,,,,,,,,,,,,,,
42,979.9796142578125,0.00978976022452116,0.978976022452116,439.01985716819763,10000,ppo,ppo,crawler,flat,dth_dth_neighbours_direct,,,,,,,,,,,,,,,0.003144255663771478,0,781,0.0,0.0,,,,,,,,,,,,,,,,,,,,,,,,,,,,,,,,,,,,,,,,,,,,,,,,,,,,,,,,,,,,,,,,,,,,,,,,,,nan,,,,,,,,,,,,,,,
43,1089.2503662109375,0.01088089682161808,1.088089682161808,449.7130000591278,10000,ppo,ppo,crawler,flat,dth_dth_neighbours_direct,,,,,,,,,,,,,,,0.0025808590908977477,0,781,0.0,0.0,,,,,,,,,,,,,,,,,,,,,,,,,,,,,,,,,,,,,,,,,,,,,,,,,,,,,,,,,,,,,,,,,,,,,,,,,,nan,,,,,,,,,,,,,,,
44,1124.6971435546875,0.011236979626119137,1.1236979626119137,460.96648144721985,10000,ppo,ppo,crawler,flat,dth_dth_neighbours_direct,,,,,,,,,,,,,,,0.0030169179828547043,0,781,0.0,0.0,,,,,,,,,,,,,,,,,,,,,,,,,,,,,,,,,,,,,,,,,,,,,,,,,,,,,,,,,,,,,,,,,,,,,,,,,,nan,,,,,,,,,,,,,,,
45,1147.3387451171875,0.011460608802735806,1.1460608802735806,471.4336369037628,10000,ppo,ppo,crawler,flat,dth_dth_neighbours_direct,,,,,,,,,,,,,,,0.003116362903481567,0,781,0.0,0.0,,,,,,,,,,,,,,,,,,,,,,,,,,,,,,,,,,,,,,,,,,,,,,,,,,,,,,,,,,,,,,,,,,,,,,,,,,nan,,,,,,,,,,,,,,,
46,1219.4395751953125,0.012182370759546757,1.2182370759546757,481.5292088985443,10000,ppo,ppo,crawler,flat,dth_dth_neighbours_direct,,,,,,,,,,,,,,,0.002831016890710362,0,781,0.0,0.0,,,,,,,,,,,,,,,,,,,,,,,,,,,,,,,,,,,,,,,,,,,,,,,,,,,,,,,,,,,,,,,,,,,,,,,,,,nan,,,,,,,,,,,,,,,
47,1340.956298828125,0.013395452871918678,1.3395452871918678,491.56892132759094,10000,ppo,ppo,crawler,flat,dth_dth_neighbours_direct,,,,,,,,,,,,,,,0.003133688616722914,0,781,0.0,0.0,,,,,,,,,,,,,,,,,,,,,,,,,,,,,,,,,,,,,,,,,,,,,,,,,,,,,,,,,,,,,,,,,,,,,,,,,,nan,,,,,,,,,,,,,,,
48,1383.837158203125,0.013825103640556335,1.3825103640556335,501.62911224365234,10000,ppo,ppo,crawler,flat,dth_dth_neighbours_direct,,,,,,,,,,,,,,,0.002887750611434571,0,781,0.0,0.0,,,,,,,,,,,,,,,,,,,,,,,,,,,,,,,,,,,,,,,,,,,,,,,,,,,,,,,,,,,,,,,,,,,,,,,,,,nan,,,,,,,,,,,,,,,
49,1407.5804443359375,0.014062652364373207,1.4062652364373207,511.28746700286865,10000,ppo,ppo,crawler,flat,dth_dth_neighbours_direct,,,,,,,,,,,,,,,0.00309492033534909,0,781,0.0,0.0,,,,,,,,,,,,,,,,,,,,,,,,,,,,,,,,,,,,,,,,,,,,,,,,,,,,,,,,,,,,,,,,,,,,,,,,,,nan,,,,,,,,,,,,,,,
50,1469.11669921875,0.01467826496809721,1.467826496809721,521.2144219875336,10000,ppo,ppo,crawler,flat,dth_dth_neighbours_direct,,,,,,,,,,,,,,,0.003690270027345017,0,781,0.0,0.0,,,,,,,,,,,,,,,,,,,,,,,,,,,,,,,,,,,,,,,,,,,,,,,,,,,,,,,,,,,,,,,,,,,,,,,,,,nan,,,,,,,,,,,,,,,
51,1468.783447265625,0.0146715696901083,1.46715696901083,531.0334784984589,10000,ppo,ppo,crawler,flat,dth_dth_neighbours_direct,,,,,,,,,,,,,,,0.0028551950435159713,0,781,0.0,0.0,,,,,,,,,,,,,,,,,,,,,,,,,,,,,,,,,,,,,,,,,,,,,,,,,,,,,,,,,,,,,,,,,,,,,,,,,,nan,,,,,,,,,,,,,,,
52,1487.8671875,0.014863268472254276,1.4863268472254276,541.4034893512726,10000,ppo,ppo,crawler,flat,dth_dth_neighbours_direct,,,,,,,,,,,,,,,0.002571009388739051,0,781,0.0,0.0,,,,,,,,,,,,,,,,,,,,,,,,,,,,,,,,,,,,,,,,,,,,,,,,,,,,,,,,,,,,,,,,,,,,,,,,,,nan,,,,,,,,,,,,,,,
53,1584.486572265625,0.015827665105462074,1.5827665105462074,552.5188131332397,10000,ppo,ppo,crawler,flat,dth_dth_neighbours_direct,,,,,,,,,,,,,,,0.002455708881009298,0,781,0.0,0.0,,,,,,,,,,,,,,,,,,,,,,,,,,,,,,,,,,,,,,,,,,,,,,,,,,,,,,,,,,,,,,,,,,,,,,,,,,nan,,,,,,,,,,,,,,,
54,1489.29736328125,0.01487866509705782,1.487866509705782,564.3458497524261,10000,ppo,ppo,crawler,flat,dth_dth_neighbours_direct,,,,,,,,,,,,,,,0.0029311431953712563,0,781,0.0,0.0,,,,,,,,,,,,,,,,,,,,,,,,,,,,,,,,,,,,,,,,,,,,,,,,,,,,,,,,,,,,,,,,,,,,,,,,,,nan,,,,,,,,,,,,,,,
55,1458.0643310546875,0.014567120000720024,1.4567120000720024,586.2076652050018,10000,ppo,ppo,crawler,flat,dth_dth_neighbours_direct,,,,,,,,,,,,,,,0.002145584537747674,0,781,0.0,0.0,,,,,,,,,,,,,,,,,,,,,,,,,,,,,,,,,,,,,,,,,,,,,,,,,,,,,,,,,,,,,,,,,,,,,,,,,,nan,,,,,,,,,,,,,,,
56,1515.456787109375,0.015137200243771076,1.5137200243771076,599.777684211731,10000,ppo,ppo,crawler,flat,dth_dth_neighbours_direct,,,,,,,,,,,,,,,0.0025630630992912904,0,781,0.0,0.0,,,,,,,,,,,,,,,,,,,,,,,,,,,,,,,,,,,,,,,,,,,,,,,,,,,,,,,,,,,,,,,,,,,,,,,,,,nan,,,,,,,,,,,,,,,
57,1520.8411865234375,0.015192153863608837,1.5192153863608837,610.9786920547485,10000,ppo,ppo,crawler,flat,dth_dth_neighbours_direct,,,,,,,,,,,,,,,0.0026296222236530053,0,781,0.0,0.0,,,,,,,,,,,,,,,,,,,,,,,,,,,,,,,,,,,,,,,,,,,,,,,,,,,,,,,,,,,,,,,,,,,,,,,,,,nan,,,,,,,,,,,,,,,
58,1459.9478759765625,0.014581991359591484,1.4581991359591484,621.6484410762787,10000,ppo,ppo,crawler,flat,dth_dth_neighbours_direct,,,,,,,,,,,,,,,0.0021786679975363526,0,781,0.0,0.0,,,,,,,,,,,,,,,,,,,,,,,,,,,,,,,,,,,,,,,,,,,,,,,,,,,,,,,,,,,,,,,,,,,,,,,,,,nan,,,,,,,,,,,,,,,
59,1580.740478515625,0.015791287645697594,1.5791287645697594,633.2130801677704,10000,ppo,ppo,crawler,flat,dth_dth_neighbours_direct,,,,,,,,,,,,,,,0.0023396595160664444,0,781,0.0,0.0,,,,,,,,,,,,,,,,,,,,,,,,,,,,,,,,,,,,,,,,,,,,,,,,,,,,,,,,,,,,,,,,,,,,,,,,,,nan,,,,,,,,,,,,,,,
60,1695.1707763671875,0.016932355239987373,1.6932355239987373,644.5443277359009,10000,ppo,ppo,crawler,flat,dth_dth_neighbours_direct,,,,,,,,,,,,,,,0.0025959414392313076,0,781,0.0,0.0,,,,,,,,,,,,,,,,,,,,,,,,,,,,,,,,,,,,,,,,,,,,,,,,,,,,,,,,,,,,,,,,,,,,,,,,,,nan,,,,,,,,,,,,,,,
61,1561.6126708984375,0.015598180703818798,1.5598180703818798,655.8458955287933,10000,ppo,ppo,crawler,flat,dth_dth_neighbours_direct,,,,,,,,,,,,,,,0.002553607095315549,0,781,0.0,0.0,,,,,,,,,,,,,,,,,,,,,,,,,,,,,,,,,,,,,,,,,,,,,,,,,,,,,,,,,,,,,,,,,,,,,,,,,,nan,,,,,,,,,,,,,,,
62,1751.2957763671875,0.017492996528744698,1.7492996528744698,667.383989572525,10000,ppo,ppo,crawler,flat,dth_dth_neighbours_direct,,,,,,,,,,,,,,,0.0025804158831457657,0,781,0.0,0.0,,,,,,,,,,,,,,,,,,,,,,,,,,,,,,,,,,,,,,,,,,,,,,,,,,,,,,,,,,,,,,,,,,,,,,,,,,nan,,,,,,,,,,,,,,,
63,1700.193359375,0.01698376052081585,1.698376052081585,678.462785243988,10000,ppo,ppo,crawler,flat,dth_dth_neighbours_direct,,,,,,,,,,,,,,,0.002680629406569433,0,781,0.0,0.0,,,,,,,,,,,,,,,,,,,,,,,,,,,,,,,,,,,,,,,,,,,,,,,,,,,,,,,,,,,,,,,,,,,,,,,,,,nan,,,,,,,,,,,,,,,
64,1802.0247802734375,0.018000351265072823,1.8000351265072823,689.4844989776611,10000,ppo,ppo,crawler,flat,dth_dth_neighbours_direct,,,,,,,,,,,,,,,0.0026060780738454445,0,781,0.0,0.0,,,,,,,,,,,,,,,,,,,,,,,,,,,,,,,,,,,,,,,,,,,,,,,,,,,,,,,,,,,,,,,,,,,,,,,,,,nan,,,,,,,,,,,,,,,
65,1752.0438232421875,0.017502564936876297,1.7502564936876297,700.0226075649261,10000,ppo,ppo,crawler,flat,dth_dth_neighbours_direct,,,,,,,,,,,,,,,0.0029751423887903407,0,781,0.0,0.0,,,,,,,,,,,,,,,,,,,,,,,,,,,,,,,,,,,,,,,,,,,,,,,,,,,,,,,,,,,,,,,,,,,,,,,,,,nan,,,,,,,,,,,,,,,
66,1883.9976806640625,0.01882246695458889,1.882246695458889,711.1122236251831,10000,ppo,ppo,crawler,flat,dth_dth_neighbours_direct,,,,,,,,,,,,,,,0.0028319746222255937,0,781,0.0,0.0,,,,,,,,,,,,,,,,,,,,,,,,,,,,,,,,,,,,,,,,,,,,,,,,,,,,,,,,,,,,,,,,,,,,,,,,,,nan,,,,,,,,,,,,,,,
67,1873.8160400390625,0.01871684193611145,1.871684193611145,721.0146799087524,10000,ppo,ppo,crawler,flat,dth_dth_neighbours_direct,,,,,,,,,,,,,,,0.0025528921208787837,0,781,0.0,0.0,,,,,,,,,,,,,,,,,,,,,,,,,,,,,,,,,,,,,,,,,,,,,,,,,,,,,,,,,,,,,,,,,,,,,,,,,,nan,,,,,,,,,,,,,,,
68,1875.3792724609375,0.018732113763689995,1.8732113763689995,731.0978536605835,10000,ppo,ppo,crawler,flat,dth_dth_neighbours_direct,,,,,,,,,,,,,,,0.0026377028891159575,0,781,0.0,0.0,,,,,,,,,,,,,,,,,,,,,,,,,,,,,,,,,,,,,,,,,,,,,,,,,,,,,,,,,,,,,,,,,,,,,,,,,,nan,,,,,,,,,,,,,,,
69,1876.427734375,0.018741492182016373,1.8741492182016373,740.8204095363617,10000,ppo,ppo,crawler,flat,dth_dth_neighbours_direct,,,,,,,,,,,,,,,0.0026948375208510384,0,781,0.0,0.0,,,,,,,,,,,,,,,,,,,,,,,,,,,,,,,,,,,,,,,,,,,,,,,,,,,,,,,,,,,,,,,,,,,,,,,,,,nan,,,,,,,,,,,,,,,
70,1921.6402587890625,0.019196048378944397,1.9196048378944397,750.6087865829468,10000,ppo,ppo,crawler,flat,dth_dth_neighbours_direct,,,,,,,,,,,,,,,0.002957906399210167,0,781,0.0,0.0,,,,,,,,,,,,,,,,,,,,,,,,,,,,,,,,,,,,,,,,,,,,,,,,,,,,,,,,,,,,,,,,,,,,,,,,,,nan,,,,,,,,,,,,,,,
71,1845.7340087890625,0.018437523394823074,1.8437523394823074,760.2291707992554,10000,ppo,ppo,crawler,flat,dth_dth_neighbours_direct,,,,,,,,,,,,,,,0.002493830129142353,0,781,0.0,0.0,,,,,,,,,,,,,,,,,,,,,,,,,,,,,,,,,,,,,,,,,,,,,,,,,,,,,,,,,,,,,,,,,,,,,,,,,,nan,,,,,,,,,,,,,,,
72,1763.4461669921875,0.0176150593906641,1.76150593906641,769.6556861400604,10000,ppo,ppo,crawler,flat,dth_dth_neighbours_direct,,,,,,,,,,,,,,,0.0024060103236324746,0,781,0.0,0.0,,,,,,,,,,,,,,,,,,,,,,,,,,,,,,,,,,,,,,,,,,,,,,,,,,,,,,,,,,,,,,,,,,,,,,,,,,nan,,,,,,,,,,,,,,,
73,1886.479736328125,0.018843861296772957,1.8843861296772957,779.679892539978,10000,ppo,ppo,crawler,flat,dth_dth_neighbours_direct,,,,,,,,,,,,,,,0.0024589907695842707,0,781,0.0,0.0,,,,,,,,,,,,,,,,,,,,,,,,,,,,,,,,,,,,,,,,,,,,,,,,,,,,,,,,,,,,,,,,,,,,,,,,,,nan,,,,,,,,,,,,,,,
74,1823.8680419921875,0.018220430240035057,1.8220430240035057,789.4144654273987,10000,ppo,ppo,crawler,flat,dth_dth_neighbours_direct,,,,,,,,,,,,,,,0.0028323668208292303,0,781,0.0,0.0,,,,,,,,,,,,,,,,,,,,,,,,,,,,,,,,,,,,,,,,,,,,,,,,,,,,,,,,,,,,,,,,,,,,,,,,,,nan,,,,,,,,,,,,,,,
75,1807.859375,0.018059466034173965,1.8059466034173965,800.1724011898041,10000,ppo,ppo,crawler,flat,dth_dth_neighbours_direct,,,,,,,,,,,,,,,0.002746356494627358,0,781,0.0,0.0,,,,,,,,,,,,,,,,,,,,,,,,,,,,,,,,,,,,,,,,,,,,,,,,,,,,,,,,,,,,,,,,,,,,,,,,,,nan,,,,,,,,,,,,,,,
76,1914.2359619140625,0.019123464822769165,1.9123464822769165,811.2095351219177,10000,ppo,ppo,crawler,flat,dth_dth_neighbours_direct,,,,,,,,,,,,,,,0.002469500298417088,0,781,0.0,0.0,,,,,,,,,,,,,,,,,,,,,,,,,,,,,,,,,,,,,,,,,,,,,,,,,,,,,,,,,,,,,,,,,,,,,,,,,,nan,,,,,,,,,,,,,,,
77,1865.6566162109375,0.018635699525475502,1.8635699525475502,822.0149483680725,10000,ppo,ppo,crawler,flat,dth_dth_neighbours_direct,,,,,,,,,,,,,,,0.002387056950281548,0,781,0.0,0.0,,,,,,,,,,,,,,,,,,,,,,,,,,,,,,,,,,,,,,,,,,,,,,,,,,,,,,,,,,,,,,,,,,,,,,,,,,nan,,,,,,,,,,,,,,,
78,1825.6373291015625,0.018235620111227036,1.8235620111227036,832.752527475357,10000,ppo,ppo,crawler,flat,dth_dth_neighbours_direct,,,,,,,,,,,,,,,0.0036256249284121423,0,781,0.0,0.0,,,,,,,,,,,,,,,,,,,,,,,,,,,,,,,,,,,,,,,,,,,,,,,,,,,,,,,,,,,,,,,,,,,,,,,,,,nan,,,,,,,,,,,,,,,
79,1868.8250732421875,0.018668532371520996,1.8668532371520996,843.7985100746155,10000,ppo,ppo,crawler,flat,dth_dth_neighbours_direct,,,,,,,,,,,,,,,0.0022010664590836008,0,781,0.0,0.0,,,,,,,,,,,,,,,,,,,,,,,,,,,,,,,,,,,,,,,,,,,,,,,,,,,,,,,,,,,,,,,,,,,,,,,,,,nan,,,,,,,,,,,,,,,
80,1756.7242431640625,0.01754746399819851,1.754746399819851,854.3572788238525,10000,ppo,ppo,crawler,flat,dth_dth_neighbours_direct,,,,,,,,,,,,,,,0.003098425019985666,0,781,0.0,0.0,,,,,,,,,,,,,,,,,,,,,,,,,,,,,,,,,,,,,,,,,,,,,,,,,,,,,,,,,,,,,,,,,,,,,,,,,,nan,,,,,,,,,,,,,,,
81,1795.098876953125,0.017931295558810234,1.7931295558810234,864.9936792850494,10000,ppo,ppo,crawler,flat,dth_dth_neighbours_direct,,,,,,,,,,,,,,,0.00297148181679769,0,781,0.0,0.0,,,,,,,,,,,,,,,,,,,,,,,,,,,,,,,,,,,,,,,,,,,,,,,,,,,,,,,,,,,,,,,,,,,,,,,,,,nan,,,,,,,,,,,,,,,
82,1741.5599365234375,0.017395665869116783,1.7395665869116783,876.1250176429749,10000,ppo,ppo,crawler,flat,dth_dth_neighbours_direct,,,,,,,,,,,,,,,0.004708745095940604,0,781,0.0,0.0,,,,,,,,,,,,,,,,,,,,,,,,,,,,,,,,,,,,,,,,,,,,,,,,,,,,,,,,,,,,,,,,,,,,,,,,,,nan,,,,,,,,,,,,,,,
83,1767.9241943359375,0.01766115613281727,1.7661156132817268,887.0659012794495,10000,ppo,ppo,crawler,flat,dth_dth_neighbours_direct,,,,,,,,,,,,,,,0.002814657457867035,0,781,0.0,0.0,,,,,,,,,,,,,,,,,,,,,,,,,,,,,,,,,,,,,,,,,,,,,,,,,,,,,,,,,,,,,,,,,,,,,,,,,,nan,,,,,,,,,,,,,,,
84,1751.038330078125,0.01749189756810665,1.7491897568106651,897.6624989509583,10000,ppo,ppo,crawler,flat,dth_dth_neighbours_direct,,,,,,,,,,,,,,,0.0028568472519506175,0,781,0.0,0.0,,,,,,,,,,,,,,,,,,,,,,,,,,,,,,,,,,,,,,,,,,,,,,,,,,,,,,,,,,,,,,,,,,,,,,,,,,nan,,,,,,,,,,,,,,,
85,1824.9246826171875,0.018230047076940536,1.8230047076940536,908.648236989975,10000,ppo,ppo,crawler,flat,dth_dth_neighbours_direct,,,,,,,,,,,,,,,0.0028405840441818155,0,781,0.0,0.0,,,,,,,,,,,,,,,,,,,,,,,,,,,,,,,,,,,,,,,,,,,,,,,,,,,,,,,,,,,,,,,,,,,,,,,,,,nan,,,,,,,,,,,,,,,
86,1851.4261474609375,0.018496926873922348,1.8496926873922348,919.1345415115356,10000,ppo,ppo,crawler,flat,dth_dth_neighbours_direct,,,,,,,,,,,,,,,0.00264550648678664,0,781,0.0,0.0,,,,,,,,,,,,,,,,,,,,,,,,,,,,,,,,,,,,,,,,,,,,,,,,,,,,,,,,,,,,,,,,,,,,,,,,,,nan,,,,,,,,,,,,,,,
87,1814.1754150390625,0.01812043972313404,1.812043972313404,928.1879091262817,10000,ppo,ppo,crawler,flat,dth_dth_neighbours_direct,,,,,,,,,,,,,,,0.002587672591296689,0,781,0.0,0.0,,,,,,,,,,,,,,,,,,,,,,,,,,,,,,,,,,,,,,,,,,,,,,,,,,,,,,,,,,,,,,,,,,,,,,,,,,nan,,,,,,,,,,,,,,,
88,1769.292236328125,0.017674626782536507,1.7674626782536507,937.9400868415833,10000,ppo,ppo,crawler,flat,dth_dth_neighbours_direct,,,,,,,,,,,,,,,0.0027669074988021496,0,781,0.0,0.0,,,,,,,,,,,,,,,,,,,,,,,,,,,,,,,,,,,,,,,,,,,,,,,,,,,,,,,,,,,,,,,,,,,,,,,,,,nan,,,,,,,,,,,,,,,
89,1849.330078125,0.018471553921699524,1.8471553921699524,947.3731098175049,10000,ppo,ppo,crawler,flat,dth_dth_neighbours_direct,,,,,,,,,,,,,,,0.0025766100706992377,0,781,0.0,0.0,,,,,,,,,,,,,,,,,,,,,,,,,,,,,,,,,,,,,,,,,,,,,,,,,,,,,,,,,,,,,,,,,,,,,,,,,,nan,,,,,,,,,,,,,,,
90,1881.0413818359375,0.018791543319821358,1.8791543319821358,956.9659373760223,10000,ppo,ppo,crawler,flat,dth_dth_neighbours_direct,,,,,,,,,,,,,,,0.002246027597364623,0,781,0.0,0.0,,,,,,,,,,,,,,,,,,,,,,,,,,,,,,,,,,,,,,,,,,,,,,,,,,,,,,,,,,,,,,,,,,,,,,,,,,nan,,,,,,,,,,,,,,,
91,1869.8250732421875,0.018679173663258553,1.8679173663258553,966.7560164928436,10000,ppo,ppo,crawler,flat,dth_dth_neighbours_direct,,,,,,,,,,,,,,,0.00301873191488661,0,781,0.0,0.0,,,,,,,,,,,,,,,,,,,,,,,,,,,,,,,,,,,,,,,,,,,,,,,,,,,,,,,,,,,,,,,,,,,,,,,,,,nan,,,,,,,,,,,,,,,
92,1855.7796630859375,0.018537919968366623,1.8537919968366623,976.5641310214996,10000,ppo,ppo,crawler,flat,dth_dth_neighbours_direct,,,,,,,,,,,,,,,0.002666218955936856,0,781,0.0,0.0,,,,,,,,,,,,,,,,,,,,,,,,,,,,,,,,,,,,,,,,,,,,,,,,,,,,,,,,,,,,,,,,,,,,,,,,,,nan,,,,,,,,,,,,,,,
93,1835.409423828125,0.01833375357091427,1.8333753570914268,986.4177870750427,10000,ppo,ppo,crawler,flat,dth_dth_neighbours_direct,,,,,,,,,,,,,,,0.0025255825463195176,0,781,0.0,0.0,,,,,,,,,,,,,,,,,,,,,,,,,,,,,,,,,,,,,,,,,,,,,,,,,,,,,,,,,,,,,,,,,,,,,,,,,,nan,,,,,,,,,,,,,,,
94,1869.2275390625,0.01867295615375042,1.867295615375042,995.8179268836975,10000,ppo,ppo,crawler,flat,dth_dth_neighbours_direct,,,,,,,,,,,,,,,0.0025450224352277246,0,781,0.0,0.0,,,,,,,,,,,,,,,,,,,,,,,,,,,,,,,,,,,,,,,,,,,,,,,,,,,,,,,,,,,,,,,,,,,,,,,,,,nan,,,,,,,,,,,,,,,
95,1873.1988525390625,0.018712695688009262,1.8712695688009262,1005.5359506607056,10000,ppo,ppo,crawler,flat,dth_dth_neighbours_direct,,,,,,,,,,,,,,,0.002554797626547007,0,781,0.0,0.0,,,,,,,,,,,,,,,,,,,,,,,,,,,,,,,,,,,,,,,,,,,,,,,,,,,,,,,,,,,,,,,,,,,,,,,,,,nan,,,,,,,,,,,,,,,
96,1930.9227294921875,0.019288519397377968,1.9288519397377968,1015.2806510925293,10000,ppo,ppo,crawler,flat,dth_dth_neighbours_direct,,,,,,,,,,,,,,,0.002536352097945914,0,781,0.0,0.0,,,,,,,,,,,,,,,,,,,,,,,,,,,,,,,,,,,,,,,,,,,,,,,,,,,,,,,,,,,,,,,,,,,,,,,,,,nan,,,,,,,,,,,,,,,
97,1957.083251953125,0.019550183787941933,1.9550183787941933,1024.8063468933105,10000,ppo,ppo,crawler,flat,dth_dth_neighbours_direct,,,,,,,,,,,,,,,0.0028809804016866982,0,781,0.0,0.0,,,,,,,,,,,,,,,,,,,,,,,,,,,,,,,,,,,,,,,,,,,,,,,,,,,,,,,,,,,,,,,,,,,,,,,,,,nan,,,,,,,,,,,,,,,
98,1920.096923828125,0.019181793555617332,1.9181793555617332,1034.609115600586,10000,ppo,ppo,crawler,flat,dth_dth_neighbours_direct,,,,,,,,,,,,,,,0.0029473398844461064,0,781,0.0,0.0,,,,,,,,,,,,,,,,,,,,,,,,,,,,,,,,,,,,,,,,,,,,,,,,,,,,,,,,,,,,,,,,,,,,,,,,,,nan,,,,,,,,,,,,,,,
99,1896.8436279296875,0.01894749142229557,1.894749142229557,1044.2645688056946,10000,ppo,ppo,crawler,flat,dth_dth_neighbours_direct,,,,,,,,,,,,,,,0.0028112194421006484,0,781,0.0,0.0,,,,,,,,,,,,,,,,,,,,,,,,,,,,,,,,,,,,,,,,,,,,,,,,,,,,,,,,,,,,,,,,,,,,,,,,,,nan,,,,,,,,,,,,,,,
100,1902.786376953125,0.01900734007358551,1.900734007358551,1054.121318101883,10000,ppo,ppo,crawler,flat,dth_dth_neighbours_direct,,,,,,,,,,,,,,,0.002360585872431723,0,781,0.0,0.0,,,,,,,,,,,,,,,,,,,,,,,,,,,,,,,,,,,,,,,,,,,,,,,,,,,,,,,,,,,,,,,,,,,,,,,,,,nan,,,,,,,,,,,,,,,
101,1899.8245849609375,0.018977874889969826,1.8977874889969826,1063.9138097763062,10000,ppo,ppo,crawler,flat,dth_dth_neighbours_direct,,,,,,,,,,,,,,,0.00296076040242814,0,781,0.0,0.0,,,,,,,,,,,,,,,,,,,,,,,,,,,,,,,,,,,,,,,,,,,,,,,,,,,,,,,,,,,,,,,,,,,,,,,,,,nan,,,,,,,,,,,,,,,
102,1859.6605224609375,0.018574288114905357,1.8574288114905357,1073.4282183647156,10000,ppo,ppo,crawler,flat,dth_dth_neighbours_direct,,,,,,,,,,,,,,,0.0036230095989366455,0,781,0.0,0.0,,,,,,,,,,,,,,,,,,,,,,,,,,,,,,,,,,,,,,,,,,,,,,,,,,,,,,,,,,,,,,,,,,,,,,,,,,nan,,,,,,,,,,,,,,,
103,1848.21484375,0.018462495878338814,1.8462495878338814,1083.4009158611298,10000,ppo,ppo,crawler,flat,dth_dth_neighbours_direct,,,,,,,,,,,,,,,0.004839550015828886,0,781,0.0,0.0,,,,,,,,,,,,,,,,,,,,,,,,,,,,,,,,,,,,,,,,,,,,,,,,,,,,,,,,,,,,,,,,,,,,,,,,,,nan,,,,,,,,,,,,,,,
104,1886.5828857421875,0.01884450577199459,1.884450577199459,1092.83091878891,10000,ppo,ppo,crawler,flat,dth_dth_neighbours_direct,,,,,,,,,,,,,,,0.0036366575298371886,0,781,0.0,0.0,,,,,,,,,,,,,,,,,,,,,,,,,,,,,,,,,,,,,,,,,,,,,,,,,,,,,,,,,,,,,,,,,,,,,,,,,,nan,,,,,,,,,,,,,,,
105,1893.6875,0.01891598477959633,1.8915984779596329,1102.6722059249878,10000,ppo,ppo,crawler,flat,dth_dth_neighbours_direct,,,,,,,,,,,,,,,0.0028399126113267327,0,781,0.0,0.0,,,,,,,,,,,,,,,,,,,,,,,,,,,,,,,,,,,,,,,,,,,,,,,,,,,,,,,,,,,,,,,,,,,,,,,,,,nan,,,,,,,,,,,,,,,
106,1883.17578125,0.018811477348208427,1.8811477348208427,1112.9558680057526,10000,ppo,ppo,crawler,flat,dth_dth_neighbours_direct,,,,,,,,,,,,,,,0.0028771110795638767,0,781,0.0,0.0,,,,,,,,,,,,,,,,,,,,,,,,,,,,,,,,,,,,,,,,,,,,,,,,,,,,,,,,,,,,,,,,,,,,,,,,,,nan,,,,,,,,,,,,,,,
107,1884.0816650390625,0.01882024295628071,1.8820242956280708,1123.06578707695,10000,ppo,ppo,crawler,flat,dth_dth_neighbours_direct,,,,,,,,,,,,,,,0.0032810369363831604,0,781,0.0,0.0,,,,,,,,,,,,,,,,,,,,,,,,,,,,,,,,,,,,,,,,,,,,,,,,,,,,,,,,,,,,,,,,,,,,,,,,,,nan,,,,,,,,,,,,,,,
108,1884.3895263671875,0.018824508413672447,1.8824508413672447,1133.4041895866394,10000,ppo,ppo,crawler,flat,dth_dth_neighbours_direct,,,,,,,,,,,,,,,0.0037023454696946934,0,781,0.0,0.0,,,,,,,,,,,,,,,,,,,,,,,,,,,,,,,,,,,,,,,,,,,,,,,,,,,,,,,,,,,,,,,,,,,,,,,,,,nan,,,,,,,,,,,,,,,
109,1933.5982666015625,0.019315719604492188,1.9315719604492188,1143.1751494407654,10000,ppo,ppo,crawler,flat,dth_dth_neighbours_direct,,,,,,,,,,,,,,,0.0024685787131310407,0,781,0.0,0.0,,,,,,,,,,,,,,,,,,,,,,,,,,,,,,,,,,,,,,,,,,,,,,,,,,,,,,,,,,,,,,,,,,,,,,,,,,nan,,,,,,,,,,,,,,,
110,1951.9031982421875,0.019500402733683586,1.9500402733683586,1153.0446951389313,10000,ppo,ppo,crawler,flat,dth_dth_neighbours_direct,,,,,,,,,,,,,,,0.0025930665153556707,0,781,0.0,0.0,,,,,,,,,,,,,,,,,,,,,,,,,,,,,,,,,,,,,,,,,,,,,,,,,,,,,,,,,,,,,,,,,,,,,,,,,,nan,,,,,,,,,,,,,,,
111,1837.379150390625,0.018353302031755447,1.8353302031755447,1163.072264432907,10000,ppo,ppo,crawler,flat,dth_dth_neighbours_direct,,,,,,,,,,,,,,,0.003550858807534525,0,781,0.0,0.0,,,,,,,,,,,,,,,,,,,,,,,,,,,,,,,,,,,,,,,,,,,,,,,,,,,,,,,,,,,,,,,,,,,,,,,,,,nan,,,,,,,,,,,,,,,
112,1859.511962890625,0.01857735775411129,1.857735775411129,1173.6848237514496,10000,ppo,ppo,crawler,flat,dth_dth_neighbours_direct,,,,,,,,,,,,,,,0.004717655237504325,0,781,0.0,0.0,,,,,,,,,,,,,,,,,,,,,,,,,,,,,,,,,,,,,,,,,,,,,,,,,,,,,,,,,,,,,,,,,,,,,,,,,,nan,,,,,,,,,,,,,,,
113,1797.0855712890625,0.017953218892216682,1.7953218892216682,1184.440749168396,10000,ppo,ppo,crawler,flat,dth_dth_neighbours_direct,,,,,,,,,,,,,,,0.0024642458382600646,0,781,0.0,0.0,,,,,,,,,,,,,,,,,,,,,,,,,,,,,,,,,,,,,,,,,,,,,,,,,,,,,,,,,,,,,,,,,,,,,,,,,,nan,,,,,,,,,,,,,,,
114,1788.8922119140625,0.01786907948553562,1.7869079485535622,1195.6180834770203,10000,ppo,ppo,crawler,flat,dth_dth_neighbours_direct,,,,,,,,,,,,,,,0.003868595508485739,0,781,0.0,0.0,,,,,,,,,,,,,,,,,,,,,,,,,,,,,,,,,,,,,,,,,,,,,,,,,,,,,,,,,,,,,,,,,,,,,,,,,,nan,,,,,,,,,,,,,,,
115,1754.3553466796875,0.01752508617937565,1.7525086179375648,1206.4678046703339,10000,ppo,ppo,crawler,flat,dth_dth_neighbours_direct,,,,,,,,,,,,,,,0.004280135834044775,0,781,0.0,0.0,,,,,,,,,,,,,,,,,,,,,,,,,,,,,,,,,,,,,,,,,,,,,,,,,,,,,,,,,,,,,,,,,,,,,,,,,,nan,,,,,,,,,,,,,,,
116,1737.6644287109375,0.017360033467411995,1.7360033467411995,1216.9876561164856,10000,ppo,ppo,crawler,flat,dth_dth_neighbours_direct,,,,,,,,,,,,,,,0.017557057952414096,0,781,0.0,0.0,,,,,,,,,,,,,,,,,,,,,,,,,,,,,,,,,,,,,,,,,,,,,,,,,,,,,,,,,,,,,,,,,,,,,,,,,,nan,,,,,,,,,,,,,,,
117,1695.724609375,0.016939766705036163,1.6939766705036163,1227.8301839828491,10000,ppo,ppo,crawler,flat,dth_dth_neighbours_direct,,,,,,,,,,,,,,,0.0035264572894720563,0,781,0.0,0.0,,,,,,,,,,,,,,,,,,,,,,,,,,,,,,,,,,,,,,,,,,,,,,,,,,,,,,,,,,,,,,,,,,,,,,,,,,nan,,,,,,,,,,,,,,,
118,1680.1405029296875,0.016785891726613045,1.6785891726613045,1238.8713109493256,10000,ppo,ppo,crawler,flat,dth_dth_neighbours_direct,,,,,,,,,,,,,,,0.0060176626472002335,0,781,0.0,0.0,,,,,,,,,,,,,,,,,,,,,,,,,,,,,,,,,,,,,,,,,,,,,,,,,,,,,,,,,,,,,,,,,,,,,,,,,,nan,,,,,,,,,,,,,,,
119,1708.3831787109375,0.017065294086933136,1.7065294086933136,1249.9120399951935,10000,ppo,ppo,crawler,flat,dth_dth_neighbours_direct,,,,,,,,,,,,,,,0.00630843888318899,0,781,0.0,0.0,,,,,,,,,,,,,,,,,,,,,,,,,,,,,,,,,,,,,,,,,,,,,,,,,,,,,,,,,,,,,,,,,,,,,,,,,,nan,,,,,,,,,,,,,,,
120,1815.9482421875,0.018140505999326706,1.8140505999326706,1260.9210348129272,10000,ppo,ppo,crawler,flat,dth_dth_neighbours_direct,,,,,,,,,,,,,,,0.002754562185826871,0,781,0.0,0.0,,,,,,,,,,,,,,,,,,,,,,,,,,,,,,,,,,,,,,,,,,,,,,,,,,,,,,,,,,,,,,,,,,,,,,,,,,nan,,,,,,,,,,,,,,,
121,1823.3541259765625,0.018213586881756783,1.8213586881756783,1270.9884140491486,10000,ppo,ppo,crawler,flat,dth_dth_neighbours_direct,,,,,,,,,,,,,,,0.00278208507371834,0,781,0.0,0.0,,,,,,,,,,,,,,,,,,,,,,,,,,,,,,,,,,,,,,,,,,,,,,,,,,,,,,,,,,,,,,,,,,,,,,,,,,nan,,,,,,,,,,,,,,,
122,1936.6207275390625,0.019345728680491447,1.9345728680491447,1280.6867079734802,10000,ppo,ppo,crawler,flat,dth_dth_neighbours_direct,,,,,,,,,,,,,,,0.0020617102458818266,0,781,0.0,0.0,,,,,,,,,,,,,,,,,,,,,,,,,,,,,,,,,,,,,,,,,,,,,,,,,,,,,,,,,,,,,,,,,,,,,,,,,,nan,,,,,,,,,,,,,,,
123,1818.0687255859375,0.01816164143383503,1.816164143383503,1290.8507783412933,10000,ppo,ppo,crawler,flat,dth_dth_neighbours_direct,,,,,,,,,,,,,,,0.0021776842979816884,0,781,0.0,0.0,,,,,,,,,,,,,,,,,,,,,,,,,,,,,,,,,,,,,,,,,,,,,,,,,,,,,,,,,,,,,,,,,,,,,,,,,,nan,,,,,,,,,,,,,,,
124,1955.33203125,0.01953401416540146,1.9534014165401459,1300.7575311660767,10000,ppo,ppo,crawler,flat,dth_dth_neighbours_direct,,,,,,,,,,,,,,,0.001850845743501617,0,781,0.0,0.0,,,,,,,,,,,,,,,,,,,,,,,,,,,,,,,,,,,,,,,,,,,,,,,,,,,,,,,,,,,,,,,,,,,,,,,,,,nan,,,,,,,,,,,,,,,
125,1880.365234375,0.01878606714308262,1.8786067143082619,1310.7147080898285,10000,ppo,ppo,crawler,flat,dth_dth_neighbours_direct,,,,,,,,,,,,,,,0.002612469512617778,0,781,0.0,0.0,,,,,,,,,,,,,,,,,,,,,,,,,,,,,,,,,,,,,,,,,,,,,,,,,,,,,,,,,,,,,,,,,,,,,,,,,,nan,,,,,,,,,,,,,,,
126,1949.895751953125,0.019479770213365555,1.9479770213365555,1320.8559262752533,10000,ppo,ppo,crawler,flat,dth_dth_neighbours_direct,,,,,,,,,,,,,,,0.00259437598065693,0,781,0.0,0.0,,,,,,,,,,,,,,,,,,,,,,,,,,,,,,,,,,,,,,,,,,,,,,,,,,,,,,,,,,,,,,,,,,,,,,,,,,nan,,,,,,,,,,,,,,,
127,1945.4527587890625,0.019433273002505302,1.9433273002505302,1331.0554702281952,10000,ppo,ppo,crawler,flat,dth_dth_neighbours_direct,,,,,,,,,,,,,,,0.002199521204232105,0,781,0.0,0.0,,,,,,,,,,,,,,,,,,,,,,,,,,,,,,,,,,,,,,,,,,,,,,,,,,,,,,,,,,,,,,,,,,,,,,,,,,nan,,,,,,,,,,,,,,,
128,1982.676025390625,0.019806617870926857,1.9806617870926857,1341.3586103916168,10000,ppo,ppo,crawler,flat,dth_dth_neighbours_direct,,,,,,,,,,,,,,,0.002457041158025727,0,781,0.0,0.0,,,,,,,,,,,,,,,,,,,,,,,,,,,,,,,,,,,,,,,,,,,,,,,,,,,,,,,,,,,,,,,,,,,,,,,,,,nan,,,,,,,,,,,,,,,
129,1954.5399169921875,0.019523827359080315,1.9523827359080315,1351.5219249725342,10000,ppo,ppo,crawler,flat,dth_dth_neighbours_direct,,,,,,,,,,,,,,,0.001718326235797197,0,781,0.0,0.0,,,,,,,,,,,,,,,,,,,,,,,,,,,,,,,,,,,,,,,,,,,,,,,,,,,,,,,,,,,,,,,,,,,,,,,,,,nan,,,,,,,,,,,,,,,
130,2012.6578369140625,0.02010464295744896,2.010464295744896,1361.593743801117,10000,ppo,ppo,crawler,flat,dth_dth_neighbours_direct,,,,,,,,,,,,,,,0.001955026971987191,0,781,0.0,0.0,,,,,,,,,,,,,,,,,,,,,,,,,,,,,,,,,,,,,,,,,,,,,,,,,,,,,,,,,,,,,,,,,,,,,,,,,,nan,,,,,,,,,,,,,,,
131,2016.8577880859375,0.020148012787103653,2.0148012787103653,1371.5346138477325,10000,ppo,ppo,crawler,flat,dth_dth_neighbours_direct,,,,,,,,,,,,,,,0.0018830888221695525,0,781,0.0,0.0,,,,,,,,,,,,,,,,,,,,,,,,,,,,,,,,,,,,,,,,,,,,,,,,,,,,,,,,,,,,,,,,,,,,,,,,,,nan,,,,,,,,,,,,,,,
132,2071.86767578125,0.02069748565554619,2.069748565554619,1381.513741493225,10000,ppo,ppo,crawler,flat,dth_dth_neighbours_direct,,,,,,,,,,,,,,,0.0018208959720955433,0,781,0.0,0.0,,,,,,,,,,,,,,,,,,,,,,,,,,,,,,,,,,,,,,,,,,,,,,,,,,,,,,,,,,,,,,,,,,,,,,,,,,nan,,,,,,,,,,,,,,,
133,2028.0145263671875,0.020260637626051903,2.0260637626051903,1391.3865308761597,10000,ppo,ppo,crawler,flat,dth_dth_neighbours_direct,,,,,,,,,,,,,,,0.002182780031102906,0,781,0.0,0.0,,,,,,,,,,,,,,,,,,,,,,,,,,,,,,,,,,,,,,,,,,,,,,,,,,,,,,,,,,,,,,,,,,,,,,,,,,nan,,,,,,,,,,,,,,,
134,2109.137451171875,0.021069178357720375,2.1069178357720375,1401.459980249405,10000,ppo,ppo,crawler,flat,dth_dth_neighbours_direct,,,,,,,,,,,,,,,0.0012807231283218576,0,781,0.0,0.0,,,,,,,,,,,,,,,,,,,,,,,,,,,,,,,,,,,,,,,,,,,,,,,,,,,,,,,,,,,,,,,,,,,,,,,,,,nan,,,,,,,,,,,,,,,
135,2066.21337890625,0.020639939233660698,2.06399392336607,1411.0878863334656,10000,ppo,ppo,crawler,flat,dth_dth_neighbours_direct,,,,,,,,,,,,,,,0.002215656826348483,0,781,0.0,0.0,,,,,,,,,,,,,,,,,,,,,,,,,,,,,,,,,,,,,,,,,,,,,,,,,,,,,,,,,,,,,,,,,,,,,,,,,,nan,,,,,,,,,,,,,,,
136,2143.03125,0.02140684984624386,2.140684984624386,1420.8128054141998,10000,ppo,ppo,crawler,flat,dth_dth_neighbours_direct,,,,,,,,,,,,,,,0.0016238728443045234,0,781,0.0,0.0,,,,,,,,,,,,,,,,,,,,,,,,,,,,,,,,,,,,,,,,,,,,,,,,,,,,,,,,,,,,,,,,,,,,,,,,,,nan,,,,,,,,,,,,,,,
137,2032.0472412109375,0.02029975689947605,2.029975689947605,1431.6211993694305,10000,ppo,ppo,crawler,flat,dth_dth_neighbours_direct,,,,,,,,,,,,,,,0.0022905489176540724,0,781,0.0,0.0,,,,,,,,,,,,,,,,,,,,,,,,,,,,,,,,,,,,,,,,,,,,,,,,,,,,,,,,,,,,,,,,,,,,,,,,,,nan,,,,,,,,,,,,,,,
138,2005.572265625,0.02003711275756359,2.003711275756359,1442.517060995102,10000,ppo,ppo,crawler,flat,dth_dth_neighbours_direct,,,,,,,,,,,,,,,0.0030058029326773704,0,781,0.0,0.0,,,,,,,,,,,,,,,,,,,,,,,,,,,,,,,,,,,,,,,,,,,,,,,,,,,,,,,,,,,,,,,,,,,,,,,,,,nan,,,,,,,,,,,,,,,
139,2101.00439453125,0.0209884662181139,2.09884662181139,1453.2429971694946,10000,ppo,ppo,crawler,flat,dth_dth_neighbours_direct,,,,,,,,,,,,,,,0.002393985728043543,0,781,0.0,0.0,,,,,,,,,,,,,,,,,,,,,,,,,,,,,,,,,,,,,,,,,,,,,,,,,,,,,,,,,,,,,,,,,,,,,,,,,,nan,,,,,,,,,,,,,,,
140,2012.2730712890625,0.02010241337120533,2.010241337120533,1464.4025604724884,10000,ppo,ppo,crawler,flat,dth_dth_neighbours_direct,,,,,,,,,,,,,,,0.0021370586616859546,0,781,0.0,0.0,,,,,,,,,,,,,,,,,,,,,,,,,,,,,,,,,,,,,,,,,,,,,,,,,,,,,,,,,,,,,,,,,,,,,,,,,,nan,,,,,,,,,,,,,,,
141,2019.23828125,0.02016783133149147,2.016783133149147,1475.310554742813,10000,ppo,ppo,crawler,flat,dth_dth_neighbours_direct,,,,,,,,,,,,,,,0.0028602173541529504,0,781,0.0,0.0,,,,,,,,,,,,,,,,,,,,,,,,,,,,,,,,,,,,,,,,,,,,,,,,,,,,,,,,,,,,,,,,,,,,,,,,,,nan,,,,,,,,,,,,,,,
142,1988.6488037109375,0.019867192953824997,1.9867192953824997,1486.2410888671875,10000,ppo,ppo,crawler,flat,dth_dth_neighbours_direct,,,,,,,,,,,,,,,0.002637291245124316,0,781,0.0,0.0,,,,,,,,,,,,,,,,,,,,,,,,,,,,,,,,,,,,,,,,,,,,,,,,,,,,,,,,,,,,,,,,,,,,,,,,,,nan,,,,,,,,,,,,,,,
143,2030.1170654296875,0.020278625190258026,2.0278625190258026,1496.898341178894,10000,ppo,ppo,crawler,flat,dth_dth_neighbours_direct,,,,,,,,,,,,,,,0.0026020123997636713,0,781,0.0,0.0,,,,,,,,,,,,,,,,,,,,,,,,,,,,,,,,,,,,,,,,,,,,,,,,,,,,,,,,,,,,,,,,,,,,,,,,,,nan,,,,,,,,,,,,,,,
144,1979.716064453125,0.019776953384280205,1.9776953384280205,1507.8381328582764,10000,ppo,ppo,crawler,flat,dth_dth_neighbours_direct,,,,,,,,,,,,,,,0.0020848112942475545,0,781,0.0,0.0,,,,,,,,,,,,,,,,,,,,,,,,,,,,,,,,,,,,,,,,,,,,,,,,,,,,,,,,,,,,,,,,,,,,,,,,,,nan,,,,,,,,,,,,,,,
145,2030.1336669921875,0.02028198167681694,2.028198167681694,1518.9667870998383,10000,ppo,ppo,crawler,flat,dth_dth_neighbours_direct,,,,,,,,,,,,,,,0.0016717887638046489,0,781,0.0,0.0,,,,,,,,,,,,,,,,,,,,,,,,,,,,,,,,,,,,,,,,,,,,,,,,,,,,,,,,,,,,,,,,,,,,,,,,,,nan,,,,,,,,,,,,,,,
146,1954.2352294921875,0.01951969414949417,1.9519694149494171,1529.5189440250397,10000,ppo,ppo,crawler,flat,dth_dth_neighbours_direct,,,,,,,,,,,,,,,0.003786980477929361,0,781,0.0,0.0,,,,,,,,,,,,,,,,,,,,,,,,,,,,,,,,,,,,,,,,,,,,,,,,,,,,,,,,,,,,,,,,,,,,,,,,,,nan,,,,,,,,,,,,,,,
147,1939.4925537109375,0.019373448565602303,1.9373448565602303,1540.242443561554,10000,ppo,ppo,crawler,flat,dth_dth_neighbours_direct,,,,,,,,,,,,,,,0.0024932239129519264,0,781,0.0,0.0,,,,,,,,,,,,,,,,,,,,,,,,,,,,,,,,,,,,,,,,,,,,,,,,,,,,,,,,,,,,,,,,,,,,,,,,,,nan,,,,,,,,,,,,,,,
148,1933.9412841796875,0.019319506362080574,1.9319506362080574,1550.9565048217773,10000,ppo,ppo,crawler,flat,dth_dth_neighbours_direct,,,,,,,,,,,,,,,0.0026385766199727187,0,781,0.0,0.0,,,,,,,,,,,,,,,,,,,,,,,,,,,,,,,,,,,,,,,,,,,,,,,,,,,,,,,,,,,,,,,,,,,,,,,,,,nan,,,,,,,,,,,,,,,
149,1966.3758544921875,0.019642651081085205,1.9642651081085205,1561.7078926563263,10000,ppo,ppo,crawler,flat,dth_dth_neighbours_direct,,,,,,,,,,,,,,,0.00249469759720375,0,781,0.0,0.0,,,,,,,,,,,,,,,,,,,,,,,,,,,,,,,,,,,,,,,,,,,,,,,,,,,,,,,,,,,,,,,,,,,,,,,,,,nan,,,,,,,,,,,,,,,
150,1886.8348388671875,0.01885024644434452,1.885024644434452,1572.3405315876007,10000,ppo,ppo,crawler,flat,dth_dth_neighbours_direct,,,,,,,,,,,,,,,0.001861627317690985,0,781,0.0,0.0,,,,,,,,,,,,,,,,,,,,,,,,,,,,,,,,,,,,,,,,,,,,,,,,,,,,,,,,,,,,,,,,,,,,,,,,,,nan,,,,,,,,,,,,,,,
151,1905.8492431640625,0.01904052123427391,1.904052123427391,1583.2748446464539,10000,ppo,ppo,crawler,flat,dth_dth_neighbours_direct,,,,,,,,,,,,,,,0.0026782772413575092,0,781,0.0,0.0,,,,,,,,,,,,,,,,,,,,,,,,,,,,,,,,,,,,,,,,,,,,,,,,,,,,,,,,,,,,,,,,,,,,,,,,,,nan,,,,,,,,,,,,,,,
152,1877.915283203125,0.018756981939077377,1.8756981939077377,1593.9441101551056,10000,ppo,ppo,crawler,flat,dth_dth_neighbours_direct,,,,,,,,,,,,,,,0.002277444997991235,0,781,0.0,0.0,,,,,,,,,,,,,,,,,,,,,,,,,,,,,,,,,,,,,,,,,,,,,,,,,,,,,,,,,,,,,,,,,,,,,,,,,,nan,,,,,,,,,,,,,,,
153,1846.337890625,0.018445169553160667,1.8445169553160667,1604.6345381736755,10000,ppo,ppo,crawler,flat,dth_dth_neighbours_direct,,,,,,,,,,,,,,,0.0016924643268386586,0,781,0.0,0.0,,,,,,,,,,,,,,,,,,,,,,,,,,,,,,,,,,,,,,,,,,,,,,,,,,,,,,,,,,,,,,,,,,,,,,,,,,nan,,,,,,,,,,,,,,,
154,1839.1148681640625,0.018373025581240654,1.8373025581240654,1615.6583061218262,10000,ppo,ppo,crawler,flat,dth_dth_neighbours_direct,,,,,,,,,,,,,,,0.0028472214418819065,0,781,0.0,0.0,,,,,,,,,,,,,,,,,,,,,,,,,,,,,,,,,,,,,,,,,,,,,,,,,,,,,,,,,,,,,,,,,,,,,,,,,,nan,,,,,,,,,,,,,,,
155,1934.2918701171875,0.01932193897664547,1.932193897664547,1626.4069538116455,10000,ppo,ppo,crawler,flat,dth_dth_neighbours_direct,,,,,,,,,,,,,,,0.0015593447620950275,0,781,0.0,0.0,,,,,,,,,,,,,,,,,,,,,,,,,,,,,,,,,,,,,,,,,,,,,,,,,,,,,,,,,,,,,,,,,,,,,,,,,,nan,,,,,,,,,,,,,,,
156,1991.7965087890625,0.01989724300801754,1.989724300801754,1637.1905355453491,10000,ppo,ppo,crawler,flat,dth_dth_neighbours_direct,,,,,,,,,,,,,,,0.0017967074161912937,0,781,0.0,0.0,,,,,,,,,,,,,,,,,,,,,,,,,,,,,,,,,,,,,,,,,,,,,,,,,,,,,,,,,,,,,,,,,,,,,,,,,,nan,,,,,,,,,,,,,,,
157,1945.0887451171875,0.019430479034781456,1.9430479034781456,1648.1929972171783,10000,ppo,ppo,crawler,flat,dth_dth_neighbours_direct,,,,,,,,,,,,,,,0.0025336648985846495,0,781,0.0,0.0,,,,,,,,,,,,,,,,,,,,,,,,,,,,,,,,,,,,,,,,,,,,,,,,,,,,,,,,,,,,,,,,,,,,,,,,,,nan,,,,,,,,,,,,,,,
158,1991.1004638671875,0.01989157311618328,1.989157311618328,1659.5061292648315,10000,ppo,ppo,crawler,flat,dth_dth_neighbours_direct,,,,,,,,,,,,,,,0.0019900560122160407,0,781,0.0,0.0,,,,,,,,,,,,,,,,,,,,,,,,,,,,,,,,,,,,,,,,,,,,,,,,,,,,,,,,,,,,,,,,,,,,,,,,,,nan,,,,,,,,,,,,,,,
159,1965.5941162109375,0.01963690109550953,1.963690109550953,1670.5430240631104,10000,ppo,ppo,crawler,flat,dth_dth_neighbours_direct,,,,,,,,,,,,,,,0.002142935087287709,0,781,0.0,0.0,,,,,,,,,,,,,,,,,,,,,,,,,,,,,,,,,,,,,,,,,,,,,,,,,,,,,,,,,,,,,,,,,,,,,,,,,,nan,,,,,,,,,,,,,,,
160,2026.3551025390625,0.020241163671016693,2.0241163671016693,1681.8978807926178,10000,ppo,ppo,crawler,flat,dth_dth_neighbours_direct,,,,,,,,,,,,,,,0.0021172769976355262,0,781,0.0,0.0,,,,,,,,,,,,,,,,,,,,,,,,,,,,,,,,,,,,,,,,,,,,,,,,,,,,,,,,,,,,,,,,,,,,,,,,,,nan,,,,,,,,,,,,,,,
161,1944.285400390625,0.019421422854065895,1.9421422854065895,1693.364806175232,10000,ppo,ppo,crawler,flat,dth_dth_neighbours_direct,,,,,,,,,,,,,,,0.0019678307553283895,0,781,0.0,0.0,,,,,,,,,,,,,,,,,,,,,,,,,,,,,,,,,,,,,,,,,,,,,,,,,,,,,,,,,,,,,,,,,,,,,,,,,,nan,,,,,,,,,,,,,,,
162,1887.2757568359375,0.01885095238685608,1.885095238685608,1704.917599439621,10000,ppo,ppo,crawler,flat,dth_dth_neighbours_direct,,,,,,,,,,,,,,,0.001916644043054736,0,781,0.0,0.0,,,,,,,,,,,,,,,,,,,,,,,,,,,,,,,,,,,,,,,,,,,,,,,,,,,,,,,,,,,,,,,,,,,,,,,,,,nan,,,,,,,,,,,,,,,
163,1869.223876953125,0.018671005964279175,1.8671005964279175,1715.9920852184296,10000,ppo,ppo,crawler,flat,dth_dth_neighbours_direct,,,,,,,,,,,,,,,0.0028813004371426552,0,781,0.0,0.0,,,,,,,,,,,,,,,,,,,,,,,,,,,,,,,,,,,,,,,,,,,,,,,,,,,,,,,,,,,,,,,,,,,,,,,,,,nan,,,,,,,,,,,,,,,
164,2004.783447265625,0.02002796344459057,2.002796344459057,1726.7961790561676,10000,ppo,ppo,crawler,flat,dth_dth_neighbours_direct,,,,,,,,,,,,,,,0.001796613892779492,0,781,0.0,0.0,,,,,,,,,,,,,,,,,,,,,,,,,,,,,,,,,,,,,,,,,,,,,,,,,,,,,,,,,,,,,,,,,,,,,,,,,,nan,,,,,,,,,,,,,,,
165,1985.570556640625,0.019837601110339165,1.9837601110339165,1737.9011285305023,10000,ppo,ppo,crawler,flat,dth_dth_neighbours_direct,,,,,,,,,,,,,,,0.0023455479018380217,0,781,0.0,0.0,,,,,,,,,,,,,,,,,,,,,,,,,,,,,,,,,,,,,,,,,,,,,,,,,,,,,,,,,,,,,,,,,,,,,,,,,,nan,,,,,,,,,,,,,,,
166,1912.1263427734375,0.019100939854979515,1.9100939854979515,1749.31676363945,10000,ppo,ppo,crawler,flat,dth_dth_neighbours_direct,,,,,,,,,,,,,,,0.0018928172727990598,0,781,0.0,0.0,,,,,,,,,,,,,,,,,,,,,,,,,,,,,,,,,,,,,,,,,,,,,,,,,,,,,,,,,,,,,,,,,,,,,,,,,,nan,,,,,,,,,,,,,,,
167,1902.806640625,0.019007522612810135,1.9007522612810135,1760.6247506141663,10000,ppo,ppo,crawler,flat,dth_dth_neighbours_direct,,,,,,,,,,,,,,,0.003425720898506202,0,781,0.0,0.0,,,,,,,,,,,,,,,,,,,,,,,,,,,,,,,,,,,,,,,,,,,,,,,,,,,,,,,,,,,,,,,,,,,,,,,,,,nan,,,,,,,,,,,,,,,
168,1848.5555419921875,0.0184683445841074,1.84683445841074,1771.578245639801,10000,ppo,ppo,crawler,flat,dth_dth_neighbours_direct,,,,,,,,,,,,,,,0.002932489045778103,0,781,0.0,0.0,,,,,,,,,,,,,,,,,,,,,,,,,,,,,,,,,,,,,,,,,,,,,,,,,,,,,,,,,,,,,,,,,,,,,,,,,,nan,,,,,,,,,,,,,,,
169,1787.0748291015625,0.017850443720817566,1.7850443720817566,1782.5964283943176,10000,ppo,ppo,crawler,flat,dth_dth_neighbours_direct,,,,,,,,,,,,,,,0.0013524365452290828,0,781,0.0,0.0,,,,,,,,,,,,,,,,,,,,,,,,,,,,,,,,,,,,,,,,,,,,,,,,,,,,,,,,,,,,,,,,,,,,,,,,,,nan,,,,,,,,,,,,,,,
170,1867.788330078125,0.018656902015209198,1.8656902015209198,1793.5884952545166,10000,ppo,ppo,crawler,flat,dth_dth_neighbours_direct,,,,,,,,,,,,,,,0.001737014398522381,0,781,0.0,0.0,,,,,,,,,,,,,,,,,,,,,,,,,,,,,,,,,,,,,,,,,,,,,,,,,,,,,,,,,,,,,,,,,,,,,,,,,,nan,,,,,,,,,,,,,,,
171,1865.6229248046875,0.018639516085386276,1.8639516085386276,1804.5835642814636,10000,ppo,ppo,crawler,flat,dth_dth_neighbours_direct,,,,,,,,,,,,,,,0.0049278271567339835,0,781,0.0,0.0,,,,,,,,,,,,,,,,,,,,,,,,,,,,,,,,,,,,,,,,,,,,,,,,,,,,,,,,,,,,,,,,,,,,,,,,,,nan,,,,,,,,,,,,,,,
172,1915.6129150390625,0.019134672358632088,1.9134672358632088,1815.545110464096,10000,ppo,ppo,crawler,flat,dth_dth_neighbours_direct,,,,,,,,,,,,,,,0.0021385803280053587,0,781,0.0,0.0,,,,,,,,,,,,,,,,,,,,,,,,,,,,,,,,,,,,,,,,,,,,,,,,,,,,,,,,,,,,,,,,,,,,,,,,,,nan,,,,,,,,,,,,,,,
173,1912.2578125,0.01910191960632801,1.910191960632801,1826.5296864509583,10000,ppo,ppo,crawler,flat,dth_dth_neighbours_direct,,,,,,,,,,,,,,,0.0021604132318255704,0,781,0.0,0.0,,,,,,,,,,,,,,,,,,,,,,,,,,,,,,,,,,,,,,,,,,,,,,,,,,,,,,,,,,,,,,,,,,,,,,,,,,nan,,,,,,,,,,,,,,,
174,1998.534423828125,0.0199627336114645,1.99627336114645,1837.4801065921783,10000,ppo,ppo,crawler,flat,dth_dth_neighbours_direct,,,,,,,,,,,,,,,0.0016826739544036164,0,781,0.0,0.0,,,,,,,,,,,,,,,,,,,,,,,,,,,,,,,,,,,,,,,,,,,,,,,,,,,,,,,,,,,,,,,,,,,,,,,,,,nan,,,,,,,,,,,,,,,
175,2006.1448974609375,0.02004016749560833,2.004016749560833,1848.2626938819885,10000,ppo,ppo,crawler,flat,dth_dth_neighbours_direct,,,,,,,,,,,,,,,0.0024500661345289655,0,781,0.0,0.0,,,,,,,,,,,,,,,,,,,,,,,,,,,,,,,,,,,,,,,,,,,,,,,,,,,,,,,,,,,,,,,,,,,,,,,,,,nan,,,,,,,,,,,,,,,
176,2008.113525390625,0.020060516893863678,2.006051689386368,1859.202026605606,10000,ppo,ppo,crawler,flat,dth_dth_neighbours_direct,,,,,,,,,,,,,,,0.0021849029119601652,0,781,0.0,0.0,,,,,,,,,,,,,,,,,,,,,,,,,,,,,,,,,,,,,,,,,,,,,,,,,,,,,,,,,,,,,,,,,,,,,,,,,,nan,,,,,,,,,,,,,,,
177,1978.692626953125,0.019767967984080315,1.9767967984080315,1870.3326663970947,10000,ppo,ppo,crawler,flat,dth_dth_neighbours_direct,,,,,,,,,,,,,,,0.0021903762179283706,0,781,0.0,0.0,,,,,,,,,,,,,,,,,,,,,,,,,,,,,,,,,,,,,,,,,,,,,,,,,,,,,,,,,,,,,,,,,,,,,,,,,,nan,,,,,,,,,,,,,,,
178,1994.0946044921875,0.019923338666558266,1.9923338666558266,1881.3119630813599,10000,ppo,ppo,crawler,flat,dth_dth_neighbours_direct,,,,,,,,,,,,,,,0.0018162100395572565,0,781,0.0,0.0,,,,,,,,,,,,,,,,,,,,,,,,,,,,,,,,,,,,,,,,,,,,,,,,,,,,,,,,,,,,,,,,,,,,,,,,,,nan,,,,,,,,,,,,,,,
179,1958.552001953125,0.019566664472222328,1.9566664472222328,1892.6283552646637,10000,ppo,ppo,crawler,flat,dth_dth_neighbours_direct,,,,,,,,,,,,,,,0.003514816270517165,0,781,0.0,0.0,,,,,,,,,,,,,,,,,,,,,,,,,,,,,,,,,,,,,,,,,,,,,,,,,,,,,,,,,,,,,,,,,,,,,,,,,,nan,,,,,,,,,,,,,,,
180,1953.3472900390625,0.019511617720127106,1.9511617720127106,1903.7949166297913,10000,ppo,ppo,crawler,flat,dth_dth_neighbours_direct,,,,,,,,,,,,,,,0.0022796094924615318,0,781,0.0,0.0,,,,,,,,,,,,,,,,,,,,,,,,,,,,,,,,,,,,,,,,,,,,,,,,,,,,,,,,,,,,,,,,,,,,,,,,,,nan,,,,,,,,,,,,,,,
181,2018.0379638671875,0.020158838480710983,2.0158838480710983,1914.7051556110382,10000,ppo,ppo,crawler,flat,dth_dth_neighbours_direct,,,,,,,,,,,,,,,0.0022681573654786827,0,781,0.0,0.0,,,,,,,,,,,,,,,,,,,,,,,,,,,,,,,,,,,,,,,,,,,,,,,,,,,,,,,,,,,,,,,,,,,,,,,,,,nan,,,,,,,,,,,,,,,
182,1955.2742919921875,0.019532369449734688,1.9532369449734688,1925.5961685180664,10000,ppo,ppo,crawler,flat,dth_dth_neighbours_direct,,,,,,,,,,,,,,,0.0016572183281565438,0,781,0.0,0.0,,,,,,,,,,,,,,,,,,,,,,,,,,,,,,,,,,,,,,,,,,,,,,,,,,,,,,,,,,,,,,,,,,,,,,,,,,nan,,,,,,,,,,,,,,,
183,1859.9422607421875,0.018578801304101944,1.8578801304101944,1936.919934272766,10000,ppo,ppo,crawler,flat,dth_dth_neighbours_direct,,,,,,,,,,,,,,,0.0030792949742656658,0,781,0.0,0.0,,,,,,,,,,,,,,,,,,,,,,,,,,,,,,,,,,,,,,,,,,,,,,,,,,,,,,,,,,,,,,,,,,,,,,,,,,nan,,,,,,,,,,,,,,,
184,1912.3453369140625,0.01910187490284443,1.910187490284443,1948.3088855743408,10000,ppo,ppo,crawler,flat,dth_dth_neighbours_direct,,,,,,,,,,,,,,,0.0018688728105530135,0,781,0.0,0.0,,,,,,,,,,,,,,,,,,,,,,,,,,,,,,,,,,,,,,,,,,,,,,,,,,,,,,,,,,,,,,,,,,,,,,,,,,nan,,,,,,,,,,,,,,,
185,1985.8394775390625,0.019838595762848854,1.9838595762848854,1958.4855794906616,10000,ppo,ppo,crawler,flat,dth_dth_neighbours_direct,,,,,,,,,,,,,,,0.0018212760822672407,0,781,0.0,0.0,,,,,,,,,,,,,,,,,,,,,,,,,,,,,,,,,,,,,,,,,,,,,,,,,,,,,,,,,,,,,,,,,,,,,,,,,,nan,,,,,,,,,,,,,,,
186,1988.84375,0.019866252318024635,1.9866252318024635,1968.4439029693604,10000,ppo,ppo,crawler,flat,dth_dth_neighbours_direct,,,,,,,,,,,,,,,0.0012159384741607937,0,781,0.0,0.0,,,,,,,,,,,,,,,,,,,,,,,,,,,,,,,,,,,,,,,,,,,,,,,,,,,,,,,,,,,,,,,,,,,,,,,,,,nan,,,,,,,,,,,,,,,
187,2026.6103515625,0.02024473436176777,2.024473436176777,1978.3345048427582,10000,ppo,ppo,crawler,flat,dth_dth_neighbours_direct,,,,,,,,,,,,,,,0.0020102078712819554,0,781,0.0,0.0,,,,,,,,,,,,,,,,,,,,,,,,,,,,,,,,,,,,,,,,,,,,,,,,,,,,,,,,,,,,,,,,,,,,,,,,,,nan,,,,,,,,,,,,,,,
188,2016.377197265625,0.02014312334358692,2.014312334358692,1987.8764464855194,10000,ppo,ppo,crawler,flat,dth_dth_neighbours_direct,,,,,,,,,,,,,,,0.0013787583898070405,0,781,0.0,0.0,,,,,,,,,,,,,,,,,,,,,,,,,,,,,,,,,,,,,,,,,,,,,,,,,,,,,,,,,,,,,,,,,,,,,,,,,,nan,,,,,,,,,,,,,,,
189,2063.411865234375,0.02061416767537594,2.061416767537594,1997.6778078079224,10000,ppo,ppo,crawler,flat,dth_dth_neighbours_direct,,,,,,,,,,,,,,,0.0018301495653774186,0,781,0.0,0.0,,,,,,,,,,,,,,,,,,,,,,,,,,,,,,,,,,,,,,,,,,,,,,,,,,,,,,,,,,,,,,,,,,,,,,,,,,nan,,,,,,,,,,,,,,,
190,2063.276611328125,0.02061409316956997,2.061409316956997,2007.6876029968262,10000,ppo,ppo,crawler,flat,dth_dth_neighbours_direct,,,,,,,,,,,,,,,0.002539880368990013,0,781,0.0,0.0,,,,,,,,,,,,,,,,,,,,,,,,,,,,,,,,,,,,,,,,,,,,,,,,,,,,,,,,,,,,,,,,,,,,,,,,,,nan,,,,,,,,,,,,,,,
191,2050.840576171875,0.020486226305365562,2.0486226305365562,2017.3603715896606,10000,ppo,ppo,crawler,flat,dth_dth_neighbours_direct,,,,,,,,,,,,,,,0.0028789449118823804,0,781,0.0,0.0,,,,,,,,,,,,,,,,,,,,,,,,,,,,,,,,,,,,,,,,,,,,,,,,,,,,,,,,,,,,,,,,,,,,,,,,,,nan,,,,,,,,,,,,,,,
192,2152.959716796875,0.02150748297572136,2.150748297572136,2027.193702697754,10000,ppo,ppo,crawler,flat,dth_dth_neighbours_direct,,,,,,,,,,,,,,,0.0017106856532667694,0,781,0.0,0.0,,,,,,,,,,,,,,,,,,,,,,,,,,,,,,,,,,,,,,,,,,,,,,,,,,,,,,,,,,,,,,,,,,,,,,,,,,nan,,,,,,,,,,,,,,,
193,2150.837158203125,0.02148541808128357,2.148541808128357,2037.1023445129395,10000,ppo,ppo,crawler,flat,dth_dth_neighbours_direct,,,,,,,,,,,,,,,0.0021548747890981074,0,781,0.0,0.0,,,,,,,,,,,,,,,,,,,,,,,,,,,,,,,,,,,,,,,,,,,,,,,,,,,,,,,,,,,,,,,,,,,,,,,,,,nan,,,,,,,,,,,,,,,
194,2185.27978515625,0.02183300442993641,2.183300442993641,2047.2920939922333,10000,ppo,ppo,crawler,flat,dth_dth_neighbours_direct,,,,,,,,,,,,,,,0.002226235873938296,0,781,0.0,0.0,,,,,,,,,,,,,,,,,,,,,,,,,,,,,,,,,,,,,,,,,,,,,,,,,,,,,,,,,,,,,,,,,,,,,,,,,,nan,,,,,,,,,,,,,,,
195,2245.153076171875,0.022428015246987343,2.2428015246987343,2057.048705101013,10000,ppo,ppo,crawler,flat,dth_dth_neighbours_direct,,,,,,,,,,,,,,,0.0017361050599742107,0,781,0.0,0.0,,,,,,,,,,,,,,,,,,,,,,,,,,,,,,,,,,,,,,,,,,,,,,,,,,,,,,,,,,,,,,,,,,,,,,,,,,nan,,,,,,,,,,,,,,,
196,2204.847412109375,0.022024575620889664,2.2024575620889664,2066.8394055366516,10000,ppo,ppo,crawler,flat,dth_dth_neighbours_direct,,,,,,,,,,,,,,,0.0014238951929243498,0,781,0.0,0.0,,,,,,,,,,,,,,,,,,,,,,,,,,,,,,,,,,,,,,,,,,,,,,,,,,,,,,,,,,,,,,,,,,,,,,,,,,nan,,,,,,,,,,,,,,,
197,2173.404296875,0.021710975095629692,2.171097509562969,2076.37978720665,10000,ppo,ppo,crawler,flat,dth_dth_neighbours_direct,,,,,,,,,,,,,,,0.002414450302601733,0,781,0.0,0.0,,,,,,,,,,,,,,,,,,,,,,,,,,,,,,,,,,,,,,,,,,,,,,,,,,,,,,,,,,,,,,,,,,,,,,,,,,nan,,,,,,,,,,,,,,,
198,2293.922607421875,0.0229120384901762,2.29120384901762,2086.0917370319366,10000,ppo,ppo,crawler,flat,dth_dth_neighbours_direct,,,,,,,,,,,,,,,0.0014770639455013,0,781,0.0,0.0,,,,,,,,,,,,,,,,,,,,,,,,,,,,,,,,,,,,,,,,,,,,,,,,,,,,,,,,,,,,,,,,,,,,,,,,,,nan,,,,,,,,,,,,,,,
199,2206.81005859375,0.022044921293854713,2.2044921293854713,2096.005802631378,10000,ppo,ppo,crawler,flat,dth_dth_neighbours_direct,,,,,,,,,,,,,,,0.00116082927342162,0,781,0.0,0.0,,,,,,,,,,,,,,,,,,,,,,,,,,,,,,,,,,,,,,,,,,,,,,,,,,,,,,,,,,,,,,,,,,,,,,,,,,nan,,,,,,,,,,,,,,,
200,2262.486328125,0.02260119654238224,2.260119654238224,2105.500164270401,10000,ppo,ppo,crawler,flat,dth_dth_neighbours_direct,,,,,,,,,,,,,,,0.001164246357904263,0,781,0.0,0.0,,,,,,,,,,,,,,,,,,,,,,,,,,,,,,,,,,,,,,,,,,,,,,,,,,,,,,,,,,,,,,,,,,,,,,,,,,nan,,,,,,,,,,,,,,,
201,2236.7265625,0.022344177588820457,2.2344177588820457,2115.2809154987335,10000,ppo,ppo,crawler,flat,dth_dth_neighbours_direct,,,,,,,,,,,,,,,0.0015783901103285018,0,781,0.0,0.0,,,,,,,,,,,,,,,,,,,,,,,,,,,,,,,,,,,,,,,,,,,,,,,,,,,,,,,,,,,,,,,,,,,,,,,,,,nan,,,,,,,,,,,,,,,
202,2241.95751953125,0.022395595908164978,2.239559590816498,2125.3137578964233,10000,ppo,ppo,crawler,flat,dth_dth_neighbours_direct,,,,,,,,,,,,,,,0.0013713175340741037,0,781,0.0,0.0,,,,,,,,,,,,,,,,,,,,,,,,,,,,,,,,,,,,,,,,,,,,,,,,,,,,,,,,,,,,,,,,,,,,,,,,,,nan,,,,,,,,,,,,,,,
203,2340.812744140625,0.023384487256407738,2.3384487256407738,2135.292056322098,10000,ppo,ppo,crawler,flat,dth_dth_neighbours_direct,,,,,,,,,,,,,,,0.0011378593078359667,0,781,0.0,0.0,,,,,,,,,,,,,,,,,,,,,,,,,,,,,,,,,,,,,,,,,,,,,,,,,,,,,,,,,,,,,,,,,,,,,,,,,,nan,,,,,,,,,,,,,,,
204,2309.890380859375,0.023073239251971245,2.3073239251971245,2145.517054080963,10000,ppo,ppo,crawler,flat,dth_dth_neighbours_direct,,,,,,,,,,,,,,,0.00166475285983754,0,781,0.0,0.0,,,,,,,,,,,,,,,,,,,,,,,,,,,,,,,,,,,,,,,,,,,,,,,,,,,,,,,,,,,,,,,,,,,,,,,,,,nan,,,,,,,,,,,,,,,
205,2317.222412109375,0.023148830980062485,2.3148830980062485,2155.2949109077454,10000,ppo,ppo,crawler,flat,dth_dth_neighbours_direct,,,,,,,,,,,,,,,0.0012970393081920453,0,781,0.0,0.0,,,,,,,,,,,,,,,,,,,,,,,,,,,,,,,,,,,,,,,,,,,,,,,,,,,,,,,,,,,,,,,,,,,,,,,,,,nan,,,,,,,,,,,,,,,
206,2274.8466796875,0.022723665460944176,2.2723665460944176,2165.4028902053833,10000,ppo,ppo,crawler,flat,dth_dth_neighbours_direct,,,,,,,,,,,,,,,0.0018675373368990335,0,781,0.0,0.0,,,,,,,,,,,,,,,,,,,,,,,,,,,,,,,,,,,,,,,,,,,,,,,,,,,,,,,,,,,,,,,,,,,,,,,,,,nan,,,,,,,,,,,,,,,
207,2269.28076171875,0.022667743265628815,2.2667743265628815,2175.371829509735,10000,ppo,ppo,crawler,flat,dth_dth_neighbours_direct,,,,,,,,,,,,,,,0.001733853290967025,0,781,0.0,0.0,,,,,,,,,,,,,,,,,,,,,,,,,,,,,,,,,,,,,,,,,,,,,,,,,,,,,,,,,,,,,,,,,,,,,,,,,,nan,,,,,,,,,,,,,,,
208,2274.938232421875,0.022722529247403145,2.2722529247403145,2184.9722957611084,10000,ppo,ppo,crawler,flat,dth_dth_neighbours_direct,,,,,,,,,,,,,,,0.0011878121630401806,0,781,0.0,0.0,,,,,,,,,,,,,,,,,,,,,,,,,,,,,,,,,,,,,,,,,,,,,,,,,,,,,,,,,,,,,,,,,,,,,,,,,,nan,,,,,,,,,,,,,,,
209,2337.145751953125,0.02334766834974289,2.334766834974289,2194.8641872406006,10000,ppo,ppo,crawler,flat,dth_dth_neighbours_direct,,,,,,,,,,,,,,,0.0014669552205306246,0,781,0.0,0.0,,,,,,,,,,,,,,,,,,,,,,,,,,,,,,,,,,,,,,,,,,,,,,,,,,,,,,,,,,,,,,,,,,,,,,,,,,nan,,,,,,,,,,,,,,,
210,2265.603271484375,0.02263006754219532,2.263006754219532,2204.4789605140686,10000,ppo,ppo,crawler,flat,dth_dth_neighbours_direct,,,,,,,,,,,,,,,0.0015320508883745387,0,781,0.0,0.0,,,,,,,,,,,,,,,,,,,,,,,,,,,,,,,,,,,,,,,,,,,,,,,,,,,,,,,,,,,,,,,,,,,,,,,,,,nan,,,,,,,,,,,,,,,
211,2285.20703125,0.02282882109284401,2.282882109284401,2214.224585056305,10000,ppo,ppo,crawler,flat,dth_dth_neighbours_direct,,,,,,,,,,,,,,,0.0014972561553547193,0,781,0.0,0.0,,,,,,,,,,,,,,,,,,,,,,,,,,,,,,,,,,,,,,,,,,,,,,,,,,,,,,,,,,,,,,,,,,,,,,,,,,nan,,,,,,,,,,,,,,,
212,2261.549560546875,0.02258879691362381,2.258879691362381,2224.3342456817627,10000,ppo,ppo,crawler,flat,dth_dth_neighbours_direct,,,,,,,,,,,,,,,0.0014379781435777408,0,781,0.0,0.0,,,,,,,,,,,,,,,,,,,,,,,,,,,,,,,,,,,,,,,,,,,,,,,,,,,,,,,,,,,,,,,,,,,,,,,,,,nan,,,,,,,,,,,,,,,
213,2360.906982421875,0.02358439564704895,2.358439564704895,2233.935665369034,10000,ppo,ppo,crawler,flat,dth_dth_neighbours_direct,,,,,,,,,,,,,,,0.001684628828364009,0,781,0.0,0.0,,,,,,,,,,,,,,,,,,,,,,,,,,,,,,,,,,,,,,,,,,,,,,,,,,,,,,,,,,,,,,,,,,,,,,,,,,nan,,,,,,,,,,,,,,,
214,2314.78125,0.023121556267142296,2.3121556267142296,2244.0790390968323,10000,ppo,ppo,crawler,flat,dth_dth_neighbours_direct,,,,,,,,,,,,,,,0.0014799515875041852,0,781,0.0,0.0,,,,,,,,,,,,,,,,,,,,,,,,,,,,,,,,,,,,,,,,,,,,,,,,,,,,,,,,,,,,,,,,,,,,,,,,,,nan,,,,,,,,,,,,,,,
215,2383.040283203125,0.0238044373691082,2.38044373691082,2253.8782489299774,10000,ppo,ppo,crawler,flat,dth_dth_neighbours_direct,,,,,,,,,,,,,,,0.0011301054388679471,0,781,0.0,0.0,,,,,,,,,,,,,,,,,,,,,,,,,,,,,,,,,,,,,,,,,,,,,,,,,,,,,,,,,,,,,,,,,,,,,,,,,,nan,,,,,,,,,,,,,,,
216,2363.044677734375,0.0236042533069849,2.36042533069849,2263.473640203476,10000,ppo,ppo,crawler,flat,dth_dth_neighbours_direct,,,,,,,,,,,,,,,0.00215744102634481,0,781,0.0,0.0,,,,,,,,,,,,,,,,,,,,,,,,,,,,,,,,,,,,,,,,,,,,,,,,,,,,,,,,,,,,,,,,,,,,,,,,,,nan,,,,,,,,,,,,,,,
217,2247.447021484375,0.022449452430009842,2.244945243000984,2273.4824917316437,10000,ppo,ppo,crawler,flat,dth_dth_neighbours_direct,,,,,,,,,,,,,,,0.0021427352973407187,0,781,0.0,0.0,,,,,,,,,,,,,,,,,,,,,,,,,,,,,,,,,,,,,,,,,,,,,,,,,,,,,,,,,,,,,,,,,,,,,,,,,,nan,,,,,,,,,,,,,,,
218,2265.158203125,0.022627409547567368,2.2627409547567368,2283.0529260635376,10000,ppo,ppo,crawler,flat,dth_dth_neighbours_direct,,,,,,,,,,,,,,,0.0017544636817656608,0,781,0.0,0.0,,,,,,,,,,,,,,,,,,,,,,,,,,,,,,,,,,,,,,,,,,,,,,,,,,,,,,,,,,,,,,,,,,,,,,,,,,nan,,,,,,,,,,,,,,,
219,2324.344482421875,0.02321876585483551,2.321876585483551,2293.1019961833954,10000,ppo,ppo,crawler,flat,dth_dth_neighbours_direct,,,,,,,,,,,,,,,0.0013854518588913415,0,781,0.0,0.0,,,,,,,,,,,,,,,,,,,,,,,,,,,,,,,,,,,,,,,,,,,,,,,,,,,,,,,,,,,,,,,,,,,,,,,,,,nan,,,,,,,,,,,,,,,
220,2325.160888671875,0.0232242401689291,2.32242401689291,2302.8503563404083,10000,ppo,ppo,crawler,flat,dth_dth_neighbours_direct,,,,,,,,,,,,,,,0.001707825322321253,0,781,0.0,0.0,,,,,,,,,,,,,,,,,,,,,,,,,,,,,,,,,,,,,,,,,,,,,,,,,,,,,,,,,,,,,,,,,,,,,,,,,,nan,,,,,,,,,,,,,,,
221,2230.928466796875,0.02228674478828907,2.228674478828907,2312.6599440574646,10000,ppo,ppo,crawler,flat,dth_dth_neighbours_direct,,,,,,,,,,,,,,,0.0016752951937196346,0,781,0.0,0.0,,,,,,,,,,,,,,,,,,,,,,,,,,,,,,,,,,,,,,,,,,,,,,,,,,,,,,,,,,,,,,,,,,,,,,,,,,nan,,,,,,,,,,,,,,,
222,2225.857177734375,0.022235820069909096,2.2235820069909096,2322.2207078933716,10000,ppo,ppo,crawler,flat,dth_dth_neighbours_direct,,,,,,,,,,,,,,,0.0030323039814170684,0,781,0.0,0.0,,,,,,,,,,,,,,,,,,,,,,,,,,,,,,,,,,,,,,,,,,,,,,,,,,,,,,,,,,,,,,,,,,,,,,,,,,nan,,,,,,,,,,,,,,,
223,2199.817626953125,0.021973364055156708,2.1973364055156708,2331.9810066223145,10000,ppo,ppo,crawler,flat,dth_dth_neighbours_direct,,,,,,,,,,,,,,,0.0012296074542112198,0,781,0.0,0.0,,,,,,,,,,,,,,,,,,,,,,,,,,,,,,,,,,,,,,,,,,,,,,,,,,,,,,,,,,,,,,,,,,,,,,,,,,nan,,,,,,,,,,,,,,,
224,2325.958251953125,0.023234471678733826,2.3234471678733826,2342.0138626098633,10000,ppo,ppo,crawler,flat,dth_dth_neighbours_direct,,,,,,,,,,,,,,,0.002270629144897683,0,781,0.0,0.0,,,,,,,,,,,,,,,,,,,,,,,,,,,,,,,,,,,,,,,,,,,,,,,,,,,,,,,,,,,,,,,,,,,,,,,,,,nan,,,,,,,,,,,,,,,
225,2263.750732421875,0.02261235937476158,2.261235937476158,2351.3883905410767,10000,ppo,ppo,crawler,flat,dth_dth_neighbours_direct,,,,,,,,,,,,,,,0.002422230305947135,0,781,0.0,0.0,,,,,,,,,,,,,,,,,,,,,,,,,,,,,,,,,,,,,,,,,,,,,,,,,,,,,,,,,,,,,,,,,,,,,,,,,,nan,,,,,,,,,,,,,,,
226,2244.579345703125,0.022419728338718414,2.2419728338718414,2361.050537586212,10000,ppo,ppo,crawler,flat,dth_dth_neighbours_direct,,,,,,,,,,,,,,,0.0015108712746829658,0,781,0.0,0.0,,,,,,,,,,,,,,,,,,,,,,,,,,,,,,,,,,,,,,,,,,,,,,,,,,,,,,,,,,,,,,,,,,,,,,,,,,nan,,,,,,,,,,,,,,,
227,2327.154296875,0.023249013349413872,2.324901334941387,2371.1265840530396,10000,ppo,ppo,crawler,flat,dth_dth_neighbours_direct,,,,,,,,,,,,,,,0.002591824704176222,0,781,0.0,0.0,,,,,,,,,,,,,,,,,,,,,,,,,,,,,,,,,,,,,,,,,,,,,,,,,,,,,,,,,,,,,,,,,,,,,,,,,,nan,,,,,,,,,,,,,,,
228,2397.933349609375,0.023953167721629143,2.3953167721629143,2380.356709957123,10000,ppo,ppo,crawler,flat,dth_dth_neighbours_direct,,,,,,,,,,,,,,,0.001290694650436581,0,781,0.0,0.0,,,,,,,,,,,,,,,,,,,,,,,,,,,,,,,,,,,,,,,,,,,,,,,,,,,,,,,,,,,,,,,,,,,,,,,,,,nan,,,,,,,,,,,,,,,
229,2271.497802734375,0.02269267663359642,2.269267663359642,2390.1795706748962,10000,ppo,ppo,crawler,flat,dth_dth_neighbours_direct,,,,,,,,,,,,,,,0.0018196637097197465,0,781,0.0,0.0,,,,,,,,,,,,,,,,,,,,,,,,,,,,,,,,,,,,,,,,,,,,,,,,,,,,,,,,,,,,,,,,,,,,,,,,,,nan,,,,,,,,,,,,,,,
230,2261.298095703125,0.022590279579162598,2.2590279579162598,2399.6223907470703,10000,ppo,ppo,crawler,flat,dth_dth_neighbours_direct,,,,,,,,,,,,,,,0.0019295875796762022,0,781,0.0,0.0,,,,,,,,,,,,,,,,,,,,,,,,,,,,,,,,,,,,,,,,,,,,,,,,,,,,,,,,,,,,,,,,,,,,,,,,,,nan,,,,,,,,,,,,,,,
231,2342.626708984375,0.023402264341711998,2.3402264341712,2409.4019610881805,10000,ppo,ppo,crawler,flat,dth_dth_neighbours_direct,,,,,,,,,,,,,,,0.001803093856740294,0,781,0.0,0.0,,,,,,,,,,,,,,,,,,,,,,,,,,,,,,,,,,,,,,,,,,,,,,,,,,,,,,,,,,,,,,,,,,,,,,,,,,nan,,,,,,,,,,,,,,,
232,2247.489013671875,0.022448595613241196,2.2448595613241196,2419.3048012256622,10000,ppo,ppo,crawler,flat,dth_dth_neighbours_direct,,,,,,,,,,,,,,,0.0013702993231973638,0,781,0.0,0.0,,,,,,,,,,,,,,,,,,,,,,,,,,,,,,,,,,,,,,,,,,,,,,,,,,,,,,,,,,,,,,,,,,,,,,,,,,nan,,,,,,,,,,,,,,,
233,2285.117919921875,0.02282850071787834,2.282850071787834,2428.6439385414124,10000,ppo,ppo,crawler,flat,dth_dth_neighbours_direct,,,,,,,,,,,,,,,0.0016326450475112563,0,781,0.0,0.0,,,,,,,,,,,,,,,,,,,,,,,,,,,,,,,,,,,,,,,,,,,,,,,,,,,,,,,,,,,,,,,,,,,,,,,,,,nan,,,,,,,,,,,,,,,
234,2344.013427734375,0.023416047915816307,2.3416047915816307,2438.450058698654,10000,ppo,ppo,crawler,flat,dth_dth_neighbours_direct,,,,,,,,,,,,,,,0.0017320637588493714,0,781,0.0,0.0,,,,,,,,,,,,,,,,,,,,,,,,,,,,,,,,,,,,,,,,,,,,,,,,,,,,,,,,,,,,,,,,,,,,,,,,,,nan,,,,,,,,,,,,,,,
235,2272.920654296875,0.02270491048693657,2.270491048693657,2448.1218802928925,10000,ppo,ppo,crawler,flat,dth_dth_neighbours_direct,,,,,,,,,,,,,,,0.0018779640122922312,0,781,0.0,0.0,,,,,,,,,,,,,,,,,,,,,,,,,,,,,,,,,,,,,,,,,,,,,,,,,,,,,,,,,,,,,,,,,,,,,,,,,,nan,,,,,,,,,,,,,,,
236,2197.355224609375,0.021951250731945038,2.195125073194504,2457.8382863998413,10000,ppo,ppo,crawler,flat,dth_dth_neighbours_direct,,,,,,,,,,,,,,,0.0026173800989764667,0,781,0.0,0.0,,,,,,,,,,,,,,,,,,,,,,,,,,,,,,,,,,,,,,,,,,,,,,,,,,,,,,,,,,,,,,,,,,,,,,,,,,nan,,,,,,,,,,,,,,,
237,2204.179443359375,0.022015493363142014,2.2015493363142014,2467.9570841789246,10000,ppo,ppo,crawler,flat,dth_dth_neighbours_direct,,,,,,,,,,,,,,,0.0025890413093672955,0,781,0.0,0.0,,,,,,,,,,,,,,,,,,,,,,,,,,,,,,,,,,,,,,,,,,,,,,,,,,,,,,,,,,,,,,,,,,,,,,,,,,nan,,,,,,,,,,,,,,,
238,2160.246826171875,0.021579742431640625,2.1579742431640625,2477.671825170517,10000,ppo,ppo,crawler,flat,dth_dth_neighbours_direct,,,,,,,,,,,,,,,0.002379790238521796,0,781,0.0,0.0,,,,,,,,,,,,,,,,,,,,,,,,,,,,,,,,,,,,,,,,,,,,,,,,,,,,,,,,,,,,,,,,,,,,,,,,,,nan,,,,,,,,,,,,,,,
239,2184.7138671875,0.02182161435484886,2.182161435484886,2488.05886554718,10000,ppo,ppo,crawler,flat,dth_dth_neighbours_direct,,,,,,,,,,,,,,,0.0028553205973397117,0,781,0.0,0.0,,,,,,,,,,,,,,,,,,,,,,,,,,,,,,,,,,,,,,,,,,,,,,,,,,,,,,,,,,,,,,,,,,,,,,,,,,nan,,,,,,,,,,,,,,,
240,2111.00830078125,0.02108653448522091,2.108653448522091,2498.3286833763123,10000,ppo,ppo,crawler,flat,dth_dth_neighbours_direct,,,,,,,,,,,,,,,0.002552324204422218,0,781,0.0,0.0,,,,,,,,,,,,,,,,,,,,,,,,,,,,,,,,,,,,,,,,,,,,,,,,,,,,,,,,,,,,,,,,,,,,,,,,,,nan,,,,,,,,,,,,,,,
241,2117.665283203125,0.021153395995497704,2.1153395995497704,2508.3951075077057,10000,ppo,ppo,crawler,flat,dth_dth_neighbours_direct,,,,,,,,,,,,,,,0.0034958248985825515,0,781,0.0,0.0,,,,,,,,,,,,,,,,,,,,,,,,,,,,,,,,,,,,,,,,,,,,,,,,,,,,,,,,,,,,,,,,,,,,,,,,,,nan,,,,,,,,,,,,,,,
242,2222.720947265625,0.022207045927643776,2.2207045927643776,2518.7900791168213,10000,ppo,ppo,crawler,flat,dth_dth_neighbours_direct,,,,,,,,,,,,,,,0.0028058315295431567,0,781,0.0,0.0,,,,,,,,,,,,,,,,,,,,,,,,,,,,,,,,,,,,,,,,,,,,,,,,,,,,,,,,,,,,,,,,,,,,,,,,,,nan,,,,,,,,,,,,,,,
243,2132.818603515625,0.021304873749613762,2.130487374961376,2528.644141435623,10000,ppo,ppo,crawler,flat,dth_dth_neighbours_direct,,,,,,,,,,,,,,,0.0015730225846493197,0,781,0.0,0.0,,,,,,,,,,,,,,,,,,,,,,,,,,,,,,,,,,,,,,,,,,,,,,,,,,,,,,,,,,,,,,,,,,,,,,,,,,nan,,,,,,,,,,,,,,,
244,2119.33642578125,0.021170129999518394,2.1170129999518394,2538.497975587845,10000,ppo,ppo,crawler,flat,dth_dth_neighbours_direct,,,,,,,,,,,,,,,0.002549710345078456,0,781,0.0,0.0,,,,,,,,,,,,,,,,,,,,,,,,,,,,,,,,,,,,,,,,,,,,,,,,,,,,,,,,,,,,,,,,,,,,,,,,,,nan,,,,,,,,,,,,,,,
245,2106.301513671875,0.021040795370936394,2.1040795370936394,2548.7078804969788,10000,ppo,ppo,crawler,flat,dth_dth_neighbours_direct,,,,,,,,,,,,,,,0.0021605351418092725,0,781,0.0,0.0,,,,,,,,,,,,,,,,,,,,,,,,,,,,,,,,,,,,,,,,,,,,,,,,,,,,,,,,,,,,,,,,,,,,,,,,,,nan,,,,,,,,,,,,,,,
246,2069.702392578125,0.020676137879490852,2.0676137879490852,2558.786896944046,10000,ppo,ppo,crawler,flat,dth_dth_neighbours_direct,,,,,,,,,,,,,,,0.0034322295286531006,0,781,0.0,0.0,,,,,,,,,,,,,,,,,,,,,,,,,,,,,,,,,,,,,,,,,,,,,,,,,,,,,,,,,,,,,,,,,,,,,,,,,,nan,,,,,,,,,,,,,,,
247,2147.10498046875,0.02144901640713215,2.144901640713215,2568.545042037964,10000,ppo,ppo,crawler,flat,dth_dth_neighbours_direct,,,,,,,,,,,,,,,0.002209691350699545,0,781,0.0,0.0,,,,,,,,,,,,,,,,,,,,,,,,,,,,,,,,,,,,,,,,,,,,,,,,,,,,,,,,,,,,,,,,,,,,,,,,,,nan,,,,,,,,,,,,,,,
248,2195.74072265625,0.021934663876891136,2.1934663876891136,2578.583334684372,10000,ppo,ppo,crawler,flat,dth_dth_neighbours_direct,,,,,,,,,,,,,,,0.004031725033927301,0,781,0.0,0.0,,,,,,,,,,,,,,,,,,,,,,,,,,,,,,,,,,,,,,,,,,,,,,,,,,,,,,,,,,,,,,,,,,,,,,,,,,nan,,,,,,,,,,,,,,,
249,2127.67431640625,0.021256759762763977,2.1256759762763977,2588.069924592972,10000,ppo,ppo,crawler,flat,dth_dth_neighbours_direct,,,,,,,,,,,,,,,0.002522644011213926,0,781,0.0,0.0,,,,,,,,,,,,,,,,,,,,,,,,,,,,,,,,,,,,,,,,,,,,,,,,,,,,,,,,,,,,,,,,,,,,,,,,,,nan,,,,,,,,,,,,,,,
250,2087.442626953125,0.02085200510919094,2.085200510919094,2598.3118693828583,10000,ppo,ppo,crawler,flat,dth_dth_neighbours_direct,,,,,,,,,,,,,,,0.004663799469260868,0,781,0.0,0.0,,,,,,,,,,,,,,,,,,,,,,,,,,,,,,,,,,,,,,,,,,,,,,,,,,,,,,,,,,,,,,,,,,,,,,,,,,nan,,,,,,,,,,,,,,,
251,2126.25390625,0.021239154040813446,2.1239154040813446,2607.733379840851,10000,ppo,ppo,crawler,flat,dth_dth_neighbours_direct,,,,,,,,,,,,,,,0.0019685674922644996,0,781,0.0,0.0,,,,,,,,,,,,,,,,,,,,,,,,,,,,,,,,,,,,,,,,,,,,,,,,,,,,,,,,,,,,,,,,,,,,,,,,,,nan,,,,,,,,,,,,,,,
252,2107.555908203125,0.021052826195955276,2.1052826195955276,2617.517242193222,10000,ppo,ppo,crawler,flat,dth_dth_neighbours_direct,,,,,,,,,,,,,,,0.0026266620187914373,0,781,0.0,0.0,,,,,,,,,,,,,,,,,,,,,,,,,,,,,,,,,,,,,,,,,,,,,,,,,,,,,,,,,,,,,,,,,,,,,,,,,,nan,,,,,,,,,,,,,,,
253,2194.963623046875,0.021927250549197197,2.1927250549197197,2627.608062028885,10000,ppo,ppo,crawler,flat,dth_dth_neighbours_direct,,,,,,,,,,,,,,,0.001099940698636933,0,781,0.0,0.0,,,,,,,,,,,,,,,,,,,,,,,,,,,,,,,,,,,,,,,,,,,,,,,,,,,,,,,,,,,,,,,,,,,,,,,,,,nan,,,,,,,,,,,,,,,
254,2148.974365234375,0.021468844264745712,2.1468844264745712,2637.166179418564,10000,ppo,ppo,crawler,flat,dth_dth_neighbours_direct,,,,,,,,,,,,,,,0.0025880798643951176,0,781,0.0,0.0,,,,,,,,,,,,,,,,,,,,,,,,,,,,,,,,,,,,,,,,,,,,,,,,,,,,,,,,,,,,,,,,,,,,,,,,,,nan,,,,,,,,,,,,,,,
255,2204.84765625,0.02202548459172249,2.202548459172249,2646.81086397171,10000,ppo,ppo,crawler,flat,dth_dth_neighbours_direct,,,,,,,,,,,,,,,0.0027648781202428917,0,781,0.0,0.0,,,,,,,,,,,,,,,,,,,,,,,,,,,,,,,,,,,,,,,,,,,,,,,,,,,,,,,,,,,,,,,,,,,,,,,,,,nan,,,,,,,,,,,,,,,
256,2258.061279296875,0.022557638585567474,2.2557638585567474,2656.524968147278,10000,ppo,ppo,crawler,flat,dth_dth_neighbours_direct,,,,,,,,,,,,,,,0.0015835359363872148,0,781,0.0,0.0,,,,,,,,,,,,,,,,,,,,,,,,,,,,,,,,,,,,,,,,,,,,,,,,,,,,,,,,,,,,,,,,,,,,,,,,,,nan,,,,,,,,,,,,,,,
257,2341.359130859375,0.02338641881942749,2.338641881942749,2666.389173269272,10000,ppo,ppo,crawler,flat,dth_dth_neighbours_direct,,,,,,,,,,,,,,,0.0018689983315876087,0,781,0.0,0.0,,,,,,,,,,,,,,,,,,,,,,,,,,,,,,,,,,,,,,,,,,,,,,,,,,,,,,,,,,,,,,,,,,,,,,,,,,nan,,,,,,,,,,,,,,,
258,2266.519287109375,0.022640859708189964,2.2640859708189964,2676.3415372371674,10000,ppo,ppo,crawler,flat,dth_dth_neighbours_direct,,,,,,,,,,,,,,,0.0015853183199827756,0,781,0.0,0.0,,,,,,,,,,,,,,,,,,,,,,,,,,,,,,,,,,,,,,,,,,,,,,,,,,,,,,,,,,,,,,,,,,,,,,,,,,nan,,,,,,,,,,,,,,,
259,2295.39892578125,0.022928182035684586,2.2928182035684586,2685.7777190208435,10000,ppo,ppo,crawler,flat,dth_dth_neighbours_direct,,,,,,,,,,,,,,,0.0014681792245389194,0,781,0.0,0.0,,,,,,,,,,,,,,,,,,,,,,,,,,,,,,,,,,,,,,,,,,,,,,,,,,,,,,,,,,,,,,,,,,,,,,,,,,nan,,,,,,,,,,,,,,,
260,2286.07275390625,0.02283637411892414,2.283637411892414,2696.0903306007385,10000,ppo,ppo,crawler,flat,dth_dth_neighbours_direct,,,,,,,,,,,,,,,0.0015581948239138498,0,781,0.0,0.0,,,,,,,,,,,,,,,,,,,,,,,,,,,,,,,,,,,,,,,,,,,,,,,,,,,,,,,,,,,,,,,,,,,,,,,,,,nan,,,,,,,,,,,,,,,
261,2210.674560546875,0.022080864757299423,2.2080864757299423,2706.023916721344,10000,ppo,ppo,crawler,flat,dth_dth_neighbours_direct,,,,,,,,,,,,,,,0.0027777834344287398,0,781,0.0,0.0,,,,,,,,,,,,,,,,,,,,,,,,,,,,,,,,,,,,,,,,,,,,,,,,,,,,,,,,,,,,,,,,,,,,,,,,,,nan,,,,,,,,,,,,,,,
262,2291.606201171875,0.02289063297212124,2.289063297212124,2715.595765352249,10000,ppo,ppo,crawler,flat,dth_dth_neighbours_direct,,,,,,,,,,,,,,,0.0024735833118127225,0,781,0.0,0.0,,,,,,,,,,,,,,,,,,,,,,,,,,,,,,,,,,,,,,,,,,,,,,,,,,,,,,,,,,,,,,,,,,,,,,,,,,nan,,,,,,,,,,,,,,,
263,2353.363037109375,0.02350848913192749,2.350848913192749,2725.0938556194305,10000,ppo,ppo,crawler,flat,dth_dth_neighbours_direct,,,,,,,,,,,,,,,0.0012882441542323775,0,781,0.0,0.0,,,,,,,,,,,,,,,,,,,,,,,,,,,,,,,,,,,,,,,,,,,,,,,,,,,,,,,,,,,,,,,,,,,,,,,,,,nan,,,,,,,,,,,,,,,
264,2324.64404296875,0.023224391043186188,2.3224391043186188,2735.5485723018646,10000,ppo,ppo,crawler,flat,dth_dth_neighbours_direct,,,,,,,,,,,,,,,0.002041187023556665,0,781,0.0,0.0,,,,,,,,,,,,,,,,,,,,,,,,,,,,,,,,,,,,,,,,,,,,,,,,,,,,,,,,,,,,,,,,,,,,,,,,,,nan,,,,,,,,,,,,,,,
265,2349.94384765625,0.023475270718336105,2.3475270718336105,2746.048619031906,10000,ppo,ppo,crawler,flat,dth_dth_neighbours_direct,,,,,,,,,,,,,,,0.0014672280525292022,0,781,0.0,0.0,,,,,,,,,,,,,,,,,,,,,,,,,,,,,,,,,,,,,,,,,,,,,,,,,,,,,,,,,,,,,,,,,,,,,,,,,,nan,,,,,,,,,,,,,,,
266,2367.146240234375,0.023645464330911636,2.3645464330911636,2756.314305305481,10000,ppo,ppo,crawler,flat,dth_dth_neighbours_direct,,,,,,,,,,,,,,,0.00116819090175135,0,781,0.0,0.0,,,,,,,,,,,,,,,,,,,,,,,,,,,,,,,,,,,,,,,,,,,,,,,,,,,,,,,,,,,,,,,,,,,,,,,,,,nan,,,,,,,,,,,,,,,
267,2278.81787109375,0.02276270091533661,2.276270091533661,2767.6769323349,10000,ppo,ppo,crawler,flat,dth_dth_neighbours_direct,,,,,,,,,,,,,,,0.002032424634770289,0,781,0.0,0.0,,,,,,,,,,,,,,,,,,,,,,,,,,,,,,,,,,,,,,,,,,,,,,,,,,,,,,,,,,,,,,,,,,,,,,,,,,nan,,,,,,,,,,,,,,,
268,2363.007568359375,0.023602714762091637,2.3602714762091637,2778.0185766220093,10000,ppo,ppo,crawler,flat,dth_dth_neighbours_direct,,,,,,,,,,,,,,,0.0017373529373464884,0,781,0.0,0.0,,,,,,,,,,,,,,,,,,,,,,,,,,,,,,,,,,,,,,,,,,,,,,,,,,,,,,,,,,,,,,,,,,,,,,,,,,nan,,,,,,,,,,,,,,,
269,2310.007568359375,0.023076264187693596,2.3076264187693596,2787.9706978797913,10000,ppo,ppo,crawler,flat,dth_dth_neighbours_direct,,,,,,,,,,,,,,,0.0019964102192382743,0,781,0.0,0.0,,,,,,,,,,,,,,,,,,,,,,,,,,,,,,,,,,,,,,,,,,,,,,,,,,,,,,,,,,,,,,,,,,,,,,,,,,nan,,,,,,,,,,,,,,,
270,2324.81298828125,0.023224269971251488,2.3224269971251488,2797.685436964035,10000,ppo,ppo,crawler,flat,dth_dth_neighbours_direct,,,,,,,,,,,,,,,0.0024155308153479497,0,781,0.0,0.0,,,,,,,,,,,,,,,,,,,,,,,,,,,,,,,,,,,,,,,,,,,,,,,,,,,,,,,,,,,,,,,,,,,,,,,,,,nan,,,,,,,,,,,,,,,
271,2302.001708984375,0.022995518520474434,2.2995518520474434,2807.611602783203,10000,ppo,ppo,crawler,flat,dth_dth_neighbours_direct,,,,,,,,,,,,,,,0.0019240831524674855,0,781,0.0,0.0,,,,,,,,,,,,,,,,,,,,,,,,,,,,,,,,,,,,,,,,,,,,,,,,,,,,,,,,,,,,,,,,,,,,,,,,,,nan,,,,,,,,,,,,,,,
272,2294.154541015625,0.022915562614798546,2.2915562614798546,2817.467521429062,10000,ppo,ppo,crawler,flat,dth_dth_neighbours_direct,,,,,,,,,,,,,,,0.0023918223544985365,0,781,0.0,0.0,,,,,,,,,,,,,,,,,,,,,,,,,,,,,,,,,,,,,,,,,,,,,,,,,,,,,,,,,,,,,,,,,,,,,,,,,,nan,,,,,,,,,,,,,,,
273,2340.190673828125,0.02337639406323433,2.337639406323433,2827.9361617565155,10000,ppo,ppo,crawler,flat,dth_dth_neighbours_direct,,,,,,,,,,,,,,,0.002083100169585969,0,781,0.0,0.0,,,,,,,,,,,,,,,,,,,,,,,,,,,,,,,,,,,,,,,,,,,,,,,,,,,,,,,,,,,,,,,,,,,,,,,,,,nan,,,,,,,,,,,,,,,
274,2348.849609375,0.023463653400540352,2.346365340054035,2839.5059068202972,10000,ppo,ppo,crawler,flat,dth_dth_neighbours_direct,,,,,,,,,,,,,,,0.0019920403525176783,0,781,0.0,0.0,,,,,,,,,,,,,,,,,,,,,,,,,,,,,,,,,,,,,,,,,,,,,,,,,,,,,,,,,,,,,,,,,,,,,,,,,,nan,,,,,,,,,,,,,,,
275,2321.164794921875,0.02318522334098816,2.318522334098816,2849.540298938751,10000,ppo,ppo,crawler,flat,dth_dth_neighbours_direct,,,,,,,,,,,,,,,0.002251753621553008,0,781,0.0,0.0,,,,,,,,,,,,,,,,,,,,,,,,,,,,,,,,,,,,,,,,,,,,,,,,,,,,,,,,,,,,,,,,,,,,,,,,,,nan,,,,,,,,,,,,,,,
276,2395.478515625,0.023929325863718987,2.3929325863718987,2860.414037704468,10000,ppo,ppo,crawler,flat,dth_dth_neighbours_direct,,,,,,,,,,,,,,,0.002353688199651566,0,781,0.0,0.0,,,,,,,,,,,,,,,,,,,,,,,,,,,,,,,,,,,,,,,,,,,,,,,,,,,,,,,,,,,,,,,,,,,,,,,,,,nan,,,,,,,,,,,,,,,
277,2232.53515625,0.022301973775029182,2.2301973775029182,2871.2152574062347,10000,ppo,ppo,crawler,flat,dth_dth_neighbours_direct,,,,,,,,,,,,,,,0.0007963362590929296,0,781,0.0,0.0,,,,,,,,,,,,,,,,,,,,,,,,,,,,,,,,,,,,,,,,,,,,,,,,,,,,,,,,,,,,,,,,,,,,,,,,,,nan,,,,,,,,,,,,,,,
278,2284.05322265625,0.02281879633665085,2.281879633665085,2881.998575925827,10000,ppo,ppo,crawler,flat,dth_dth_neighbours_direct,,,,,,,,,,,,,,,0.0019374930544844074,0,781,0.0,0.0,,,,,,,,,,,,,,,,,,,,,,,,,,,,,,,,,,,,,,,,,,,,,,,,,,,,,,,,,,,,,,,,,,,,,,,,,,nan,,,,,,,,,,,,,,,
279,2249.985107421875,0.022476842626929283,2.2476842626929283,2893.709683895111,10000,ppo,ppo,crawler,flat,dth_dth_neighbours_direct,,,,,,,,,,,,,,,0.0016749785267519295,0,781,0.0,0.0,,,,,,,,,,,,,,,,,,,,,,,,,,,,,,,,,,,,,,,,,,,,,,,,,,,,,,,,,,,,,,,,,,,,,,,,,,nan,,,,,,,,,,,,,,,
280,2360.204345703125,0.023574309423565865,2.3574309423565865,2904.32732462883,10000,ppo,ppo,crawler,flat,dth_dth_neighbours_direct,,,,,,,,,,,,,,,0.0020839669099104786,0,781,0.0,0.0,,,,,,,,,,,,,,,,,,,,,,,,,,,,,,,,,,,,,,,,,,,,,,,,,,,,,,,,,,,,,,,,,,,,,,,,,,nan,,,,,,,,,,,,,,,
281,2435.205810546875,0.02432338148355484,2.432338148355484,2914.6002366542816,10000,ppo,ppo,crawler,flat,dth_dth_neighbours_direct,,,,,,,,,,,,,,,0.0029562242608206246,0,781,0.0,0.0,,,,,,,,,,,,,,,,,,,,,,,,,,,,,,,,,,,,,,,,,,,,,,,,,,,,,,,,,,,,,,,,,,,,,,,,,,nan,,,,,,,,,,,,,,,
282,2471.33740234375,0.02468903549015522,2.468903549015522,2925.438868045807,10000,ppo,ppo,crawler,flat,dth_dth_neighbours_direct,,,,,,,,,,,,,,,0.0023526414759395364,0,781,0.0,0.0,,,,,,,,,,,,,,,,,,,,,,,,,,,,,,,,,,,,,,,,,,,,,,,,,,,,,,,,,,,,,,,,,,,,,,,,,,nan,,,,,,,,,,,,,,,
283,2381.935302734375,0.023792123422026634,2.3792123422026634,2935.818740606308,10000,ppo,ppo,crawler,flat,dth_dth_neighbours_direct,,,,,,,,,,,,,,,0.001659856800100578,0,781,0.0,0.0,,,,,,,,,,,,,,,,,,,,,,,,,,,,,,,,,,,,,,,,,,,,,,,,,,,,,,,,,,,,,,,,,,,,,,,,,,nan,,,,,,,,,,,,,,,
284,2337.65673828125,0.023349188268184662,2.334918826818466,2946.5490143299103,10000,ppo,ppo,crawler,flat,dth_dth_neighbours_direct,,,,,,,,,,,,,,,0.0024424804692835004,0,781,0.0,0.0,,,,,,,,,,,,,,,,,,,,,,,,,,,,,,,,,,,,,,,,,,,,,,,,,,,,,,,,,,,,,,,,,,,,,,,,,,nan,,,,,,,,,,,,,,,
285,2376.555419921875,0.02374003641307354,2.374003641307354,2956.5886237621307,10000,ppo,ppo,crawler,flat,dth_dth_neighbours_direct,,,,,,,,,,,,,,,0.0022691725744385695,0,781,0.0,0.0,,,,,,,,,,,,,,,,,,,,,,,,,,,,,,,,,,,,,,,,,,,,,,,,,,,,,,,,,,,,,,,,,,,,,,,,,,nan,,,,,,,,,,,,,,,
286,2419.002197265625,0.024165373295545578,2.416537329554558,2965.9692482948303,10000,ppo,ppo,crawler,flat,dth_dth_neighbours_direct,,,,,,,,,,,,,,,0.0020611128250021277,0,781,0.0,0.0,,,,,,,,,,,,,,,,,,,,,,,,,,,,,,,,,,,,,,,,,,,,,,,,,,,,,,,,,,,,,,,,,,,,,,,,,,nan,,,,,,,,,,,,,,,
287,2455.267333984375,0.024526402354240417,2.4526402354240417,2976.6252331733704,10000,ppo,ppo,crawler,flat,dth_dth_neighbours_direct,,,,,,,,,,,,,,,0.0010589709172630704,0,781,0.0,0.0,,,,,,,,,,,,,,,,,,,,,,,,,,,,,,,,,,,,,,,,,,,,,,,,,,,,,,,,,,,,,,,,,,,,,,,,,,nan,,,,,,,,,,,,,,,
288,2374.33154296875,0.023717468604445457,2.3717468604445457,2986.11203622818,10000,ppo,ppo,crawler,flat,dth_dth_neighbours_direct,,,,,,,,,,,,,,,0.00192706705325766,0,781,0.0,0.0,,,,,,,,,,,,,,,,,,,,,,,,,,,,,,,,,,,,,,,,,,,,,,,,,,,,,,,,,,,,,,,,,,,,,,,,,,nan,,,,,,,,,,,,,,,
289,2321.11767578125,0.02318638190627098,2.318638190627098,2996.63992023468,10000,ppo,ppo,crawler,flat,dth_dth_neighbours_direct,,,,,,,,,,,,,,,0.002009005314639423,0,781,0.0,0.0,,,,,,,,,,,,,,,,,,,,,,,,,,,,,,,,,,,,,,,,,,,,,,,,,,,,,,,,,,,,,,,,,,,,,,,,,,nan,,,,,,,,,,,,,,,
290,2370.30810546875,0.023675361648201942,2.3675361648201942,3006.9683260917664,10000,ppo,ppo,crawler,flat,dth_dth_neighbours_direct,,,,,,,,,,,,,,,0.0023555331399905937,0,781,0.0,0.0,,,,,,,,,,,,,,,,,,,,,,,,,,,,,,,,,,,,,,,,,,,,,,,,,,,,,,,,,,,,,,,,,,,,,,,,,,nan,,,,,,,,,,,,,,,
291,2294.26708984375,0.022920608520507812,2.2920608520507812,3016.2392795085907,10000,ppo,ppo,crawler,flat,dth_dth_neighbours_direct,,,,,,,,,,,,,,,0.0019146035626570585,0,781,0.0,0.0,,,,,,,,,,,,,,,,,,,,,,,,,,,,,,,,,,,,,,,,,,,,,,,,,,,,,,,,,,,,,,,,,,,,,,,,,,nan,,,,,,,,,,,,,,,
292,2333.335205078125,0.02331051044166088,2.331051044166088,3026.4001104831696,10000,ppo,ppo,crawler,flat,dth_dth_neighbours_direct,,,,,,,,,,,,,,,0.0029287309576852137,0,781,0.0,0.0,,,,,,,,,,,,,,,,,,,,,,,,,,,,,,,,,,,,,,,,,,,,,,,,,,,,,,,,,,,,,,,,,,,,,,,,,,nan,,,,,,,,,,,,,,,
293,2316.33837890625,0.023136958479881287,2.3136958479881287,3036.239006757736,10000,ppo,ppo,crawler,flat,dth_dth_neighbours_direct,,,,,,,,,,,,,,,0.0019325339745221016,0,781,0.0,0.0,,,,,,,,,,,,,,,,,,,,,,,,,,,,,,,,,,,,,,,,,,,,,,,,,,,,,,,,,,,,,,,,,,,,,,,,,,nan,,,,,,,,,,,,,,,
294,2448.52001953125,0.024463649839162827,2.4463649839162827,3046.738452911377,10000,ppo,ppo,crawler,flat,dth_dth_neighbours_direct,,,,,,,,,,,,,,,0.0016900052316870255,0,781,0.0,0.0,,,,,,,,,,,,,,,,,,,,,,,,,,,,,,,,,,,,,,,,,,,,,,,,,,,,,,,,,,,,,,,,,,,,,,,,,,nan,,,,,,,,,,,,,,,
295,2444.73046875,0.024419808760285378,2.4419808760285378,3057.4398815631866,10000,ppo,ppo,crawler,flat,dth_dth_neighbours_direct,,,,,,,,,,,,,,,0.0015476233232717945,0,781,0.0,0.0,,,,,,,,,,,,,,,,,,,,,,,,,,,,,,,,,,,,,,,,,,,,,,,,,,,,,,,,,,,,,,,,,,,,,,,,,,nan,,,,,,,,,,,,,,,
296,2324.28662109375,0.023218870162963867,2.3218870162963867,3066.550246477127,10000,ppo,ppo,crawler,flat,dth_dth_neighbours_direct,,,,,,,,,,,,,,,0.0012495946301708694,0,781,0.0,0.0,,,,,,,,,,,,,,,,,,,,,,,,,,,,,,,,,,,,,,,,,,,,,,,,,,,,,,,,,,,,,,,,,,,,,,,,,,nan,,,,,,,,,,,,,,,
297,2444.459716796875,0.02441873401403427,2.441873401403427,3077.726516008377,10000,ppo,ppo,crawler,flat,dth_dth_neighbours_direct,,,,,,,,,,,,,,,0.0013096346862678738,0,781,0.0,0.0,,,,,,,,,,,,,,,,,,,,,,,,,,,,,,,,,,,,,,,,,,,,,,,,,,,,,,,,,,,,,,,,,,,,,,,,,,nan,,,,,,,,,,,,,,,
298,2392.51953125,0.0238999892026186,2.38999892026186,3087.569147825241,10000,ppo,ppo,crawler,flat,dth_dth_neighbours_direct,,,,,,,,,,,,,,,0.0019471798729854982,0,781,0.0,0.0,,,,,,,,,,,,,,,,,,,,,,,,,,,,,,,,,,,,,,,,,,,,,,,,,,,,,,,,,,,,,,,,,,,,,,,,,,nan,,,,,,,,,,,,,,,
299,2317.362060546875,0.023150784894824028,2.315078489482403,3097.5788762569427,10000,ppo,ppo,crawler,flat,dth_dth_neighbours_direct,,,,,,,,,,,,,,,0.0024107580704586067,0,781,0.0,0.0,,,,,,,,,,,,,,,,,,,,,,,,,,,,,,,,,,,,,,,,,,,,,,,,,,,,,,,,,,,,,,,,,,,,,,,,,,nan,,,,,,,,,,,,,,,
300,2314.473388671875,0.023121515288949013,2.3121515288949013,3108.438326358795,10000,ppo,ppo,crawler,flat,dth_dth_neighbours_direct,,,,,,,,,,,,,,,0.002039291335463281,0,781,0.0,0.0,,,,,,,,,,,,,,,,,,,,,,,,,,,,,,,,,,,,,,,,,,,,,,,,,,,,,,,,,,,,,,,,,,,,,,,,,,nan,,,,,,,,,,,,,,,
301,2339.361083984375,0.02336815372109413,2.336815372109413,3118.411290884018,10000,ppo,ppo,crawler,flat,dth_dth_neighbours_direct,,,,,,,,,,,,,,,0.001715291930107686,0,781,0.0,0.0,,,,,,,,,,,,,,,,,,,,,,,,,,,,,,,,,,,,,,,,,,,,,,,,,,,,,,,,,,,,,,,,,,,,,,,,,,nan,,,,,,,,,,,,,,,
302,2375.773193359375,0.02373674139380455,2.373674139380455,3128.7967875003815,10000,ppo,ppo,crawler,flat,dth_dth_neighbours_direct,,,,,,,,,,,,,,,0.00262124122371917,0,781,0.0,0.0,,,,,,,,,,,,,,,,,,,,,,,,,,,,,,,,,,,,,,,,,,,,,,,,,,,,,,,,,,,,,,,,,,,,,,,,,,nan,,,,,,,,,,,,,,,
303,2401.528076171875,0.02398991771042347,2.398991771042347,3138.5426659584045,10000,ppo,ppo,crawler,flat,dth_dth_neighbours_direct,,,,,,,,,,,,,,,0.00144569037716657,0,781,0.0,0.0,,,,,,,,,,,,,,,,,,,,,,,,,,,,,,,,,,,,,,,,,,,,,,,,,,,,,,,,,,,,,,,,,,,,,,,,,,nan,,,,,,,,,,,,,,,
304,2245.634765625,0.022431453689932823,2.2431453689932823,3148.334853887558,10000,ppo,ppo,crawler,flat,dth_dth_neighbours_direct,,,,,,,,,,,,,,,0.0012191231924825335,0,781,0.0,0.0,,,,,,,,,,,,,,,,,,,,,,,,,,,,,,,,,,,,,,,,,,,,,,,,,,,,,,,,,,,,,,,,,,,,,,,,,,nan,,,,,,,,,,,,,,,
305,2230.326904296875,0.022280411794781685,2.2280411794781685,3158.794271469116,10000,ppo,ppo,crawler,flat,dth_dth_neighbours_direct,,,,,,,,,,,,,,,0.001543111513846213,0,781,0.0,0.0,,,,,,,,,,,,,,,,,,,,,,,,,,,,,,,,,,,,,,,,,,,,,,,,,,,,,,,,,,,,,,,,,,,,,,,,,,nan,,,,,,,,,,,,,,,
306,2256.08203125,0.022537142038345337,2.2537142038345337,3168.719250202179,10000,ppo,ppo,crawler,flat,dth_dth_neighbours_direct,,,,,,,,,,,,,,,0.0013376773258874967,0,781,0.0,0.0,,,,,,,,,,,,,,,,,,,,,,,,,,,,,,,,,,,,,,,,,,,,,,,,,,,,,,,,,,,,,,,,,,,,,,,,,,nan,,,,,,,,,,,,,,,
307,2401.845703125,0.023994699120521545,2.3994699120521545,3179.536620616913,10000,ppo,ppo,crawler,flat,dth_dth_neighbours_direct,,,,,,,,,,,,,,,0.002521545500851397,0,781,0.0,0.0,,,,,,,,,,,,,,,,,,,,,,,,,,,,,,,,,,,,,,,,,,,,,,,,,,,,,,,,,,,,,,,,,,,,,,,,,,nan,,,,,,,,,,,,,,,
308,2402.18212890625,0.023996081203222275,2.3996081203222275,3189.6677253246307,10000,ppo,ppo,crawler,flat,dth_dth_neighbours_direct,,,,,,,,,,,,,,,0.0018419752472122158,0,781,0.0,0.0,,,,,,,,,,,,,,,,,,,,,,,,,,,,,,,,,,,,,,,,,,,,,,,,,,,,,,,,,,,,,,,,,,,,,,,,,,nan,,,,,,,,,,,,,,,
309,2382.482177734375,0.023798415437340736,2.3798415437340736,3200.205644607544,10000,ppo,ppo,crawler,flat,dth_dth_neighbours_direct,,,,,,,,,,,,,,,0.0017846678736330877,0,781,0.0,0.0,,,,,,,,,,,,,,,,,,,,,,,,,,,,,,,,,,,,,,,,,,,,,,,,,,,,,,,,,,,,,,,,,,,,,,,,,,nan,,,,,,,,,,,,,,,
310,2231.212646484375,0.022287651896476746,2.2287651896476746,3210.87903380394,10000,ppo,ppo,crawler,flat,dth_dth_neighbours_direct,,,,,,,,,,,,,,,0.0016552502034026897,0,781,0.0,0.0,,,,,,,,,,,,,,,,,,,,,,,,,,,,,,,,,,,,,,,,,,,,,,,,,,,,,,,,,,,,,,,,,,,,,,,,,,nan,,,,,,,,,,,,,,,
311,2367.803955078125,0.02365170046687126,2.365170046687126,3220.484105825424,10000,ppo,ppo,crawler,flat,dth_dth_neighbours_direct,,,,,,,,,,,,,,,0.0012142187349351951,0,781,0.0,0.0,,,,,,,,,,,,,,,,,,,,,,,,,,,,,,,,,,,,,,,,,,,,,,,,,,,,,,,,,,,,,,,,,,,,,,,,,,nan,,,,,,,,,,,,,,,
312,2400.67822265625,0.023982003331184387,2.3982003331184387,3231.1916196346283,10000,ppo,ppo,crawler,flat,dth_dth_neighbours_direct,,,,,,,,,,,,,,,0.0019336660343225152,0,781,0.0,0.0,,,,,,,,,,,,,,,,,,,,,,,,,,,,,,,,,,,,,,,,,,,,,,,,,,,,,,,,,,,,,,,,,,,,,,,,,,nan,,,,,,,,,,,,,,,
313,2406.319091796875,0.024035198614001274,2.4035198614001274,3241.5466346740723,10000,ppo,ppo,crawler,flat,dth_dth_neighbours_direct,,,,,,,,,,,,,,,0.0012598257838365827,0,781,0.0,0.0,,,,,,,,,,,,,,,,,,,,,,,,,,,,,,,,,,,,,,,,,,,,,,,,,,,,,,,,,,,,,,,,,,,,,,,,,,nan,,,,,,,,,,,,,,,
314,2444.435791015625,0.024417901411652565,2.4417901411652565,3250.913252592087,10000,ppo,ppo,crawler,flat,dth_dth_neighbours_direct,,,,,,,,,,,,,,,0.0014712122928604156,0,781,0.0,0.0,,,,,,,,,,,,,,,,,,,,,,,,,,,,,,,,,,,,,,,,,,,,,,,,,,,,,,,,,,,,,,,,,,,,,,,,,,nan,,,,,,,,,,,,,,,
315,2362.351806640625,0.023597396910190582,2.3597396910190582,3261.4741399288177,10000,ppo,ppo,crawler,flat,dth_dth_neighbours_direct,,,,,,,,,,,,,,,0.0028358966392831825,0,781,0.0,0.0,,,,,,,,,,,,,,,,,,,,,,,,,,,,,,,,,,,,,,,,,,,,,,,,,,,,,,,,,,,,,,,,,,,,,,,,,,nan,,,,,,,,,,,,,,,
316,2404.724609375,0.024022897705435753,2.4022897705435753,3271.402763366699,10000,ppo,ppo,crawler,flat,dth_dth_neighbours_direct,,,,,,,,,,,,,,,0.0013885192590948328,0,781,0.0,0.0,,,,,,,,,,,,,,,,,,,,,,,,,,,,,,,,,,,,,,,,,,,,,,,,,,,,,,,,,,,,,,,,,,,,,,,,,,nan,,,,,,,,,,,,,,,
317,2380.427734375,0.023781560361385345,2.3781560361385345,3281.9446680545807,10000,ppo,ppo,crawler,flat,dth_dth_neighbours_direct,,,,,,,,,,,,,,,0.0020171969332020874,0,781,0.0,0.0,,,,,,,,,,,,,,,,,,,,,,,,,,,,,,,,,,,,,,,,,,,,,,,,,,,,,,,,,,,,,,,,,,,,,,,,,,nan,,,,,,,,,,,,,,,
318,2266.24609375,0.02263287827372551,2.263287827372551,3292.447439432144,10000,ppo,ppo,crawler,flat,dth_dth_neighbours_direct,,,,,,,,,,,,,,,0.0017098338931075085,0,781,0.0,0.0,,,,,,,,,,,,,,,,,,,,,,,,,,,,,,,,,,,,,,,,,,,,,,,,,,,,,,,,,,,,,,,,,,,,,,,,,,nan,,,,,,,,,,,,,,,
319,2460.03955078125,0.024572785943746567,2.4572785943746567,3302.3161056041718,10000,ppo,ppo,crawler,flat,dth_dth_neighbours_direct,,,,,,,,,,,,,,,0.0022045113584772363,0,781,0.0,0.0,,,,,,,,,,,,,,,,,,,,,,,,,,,,,,,,,,,,,,,,,,,,,,,,,,,,,,,,,,,,,,,,,,,,,,,,,,nan,,,,,,,,,,,,,,,
320,2395.932373046875,0.02393951825797558,2.393951825797558,3312.9793560504913,10000,ppo,ppo,crawler,flat,dth_dth_neighbours_direct,,,,,,,,,,,,,,,0.002474945365943121,0,781,0.0,0.0,,,,,,,,,,,,,,,,,,,,,,,,,,,,,,,,,,,,,,,,,,,,,,,,,,,,,,,,,,,,,,,,,,,,,,,,,,nan,,,,,,,,,,,,,,,
321,2368.206787109375,0.023663343861699104,2.3663343861699104,3322.616283416748,10000,ppo,ppo,crawler,flat,dth_dth_neighbours_direct,,,,,,,,,,,,,,,0.0019088919293276452,0,781,0.0,0.0,,,,,,,,,,,,,,,,,,,,,,,,,,,,,,,,,,,,,,,,,,,,,,,,,,,,,,,,,,,,,,,,,,,,,,,,,,nan,,,,,,,,,,,,,,,
322,2312.51220703125,0.02310091257095337,2.310091257095337,3332.916969060898,10000,ppo,ppo,crawler,flat,dth_dth_neighbours_direct,,,,,,,,,,,,,,,0.002443024839505082,0,781,0.0,0.0,,,,,,,,,,,,,,,,,,,,,,,,,,,,,,,,,,,,,,,,,,,,,,,,,,,,,,,,,,,,,,,,,,,,,,,,,,nan,,,,,,,,,,,,,,,
323,2376.774658203125,0.023745866492390633,2.3745866492390633,3343.3005113601685,10000,ppo,ppo,crawler,flat,dth_dth_neighbours_direct,,,,,,,,,,,,,,,0.002573475777665544,0,781,0.0,0.0,,,,,,,,,,,,,,,,,,,,,,,,,,,,,,,,,,,,,,,,,,,,,,,,,,,,,,,,,,,,,,,,,,,,,,,,,,nan,,,,,,,,,,,,,,,
324,2296.072998046875,0.02293696254491806,2.293696254491806,3352.661438703537,10000,ppo,ppo,crawler,flat,dth_dth_neighbours_direct,,,,,,,,,,,,,,,0.002509926542723213,0,781,0.0,0.0,,,,,,,,,,,,,,,,,,,,,,,,,,,,,,,,,,,,,,,,,,,,,,,,,,,,,,,,,,,,,,,,,,,,,,,,,,nan,,,,,,,,,,,,,,,
325,2367.8427734375,0.02365531027317047,2.365531027317047,3362.349753379822,10000,ppo,ppo,crawler,flat,dth_dth_neighbours_direct,,,,,,,,,,,,,,,0.0020839451689986053,0,781,0.0,0.0,,,,,,,,,,,,,,,,,,,,,,,,,,,,,,,,,,,,,,,,,,,,,,,,,,,,,,,,,,,,,,,,,,,,,,,,,,nan,,,,,,,,,,,,,,,
326,2375.406494140625,0.023728512227535248,2.372851222753525,3371.792507648468,10000,ppo,ppo,crawler,flat,dth_dth_neighbours_direct,,,,,,,,,,,,,,,0.0015609522288246068,0,781,0.0,0.0,,,,,,,,,,,,,,,,,,,,,,,,,,,,,,,,,,,,,,,,,,,,,,,,,,,,,,,,,,,,,,,,,,,,,,,,,,nan,,,,,,,,,,,,,,,
327,2175.959716796875,0.021736687049269676,2.1736687049269676,3382.327383518219,10000,ppo,ppo,crawler,flat,dth_dth_neighbours_direct,,,,,,,,,,,,,,,0.0023553816962518263,0,781,0.0,0.0,,,,,,,,,,,,,,,,,,,,,,,,,,,,,,,,,,,,,,,,,,,,,,,,,,,,,,,,,,,,,,,,,,,,,,,,,,nan,,,,,,,,,,,,,,,
328,2268.73388671875,0.022663792595267296,2.2663792595267296,3392.0777213573456,10000,ppo,ppo,crawler,flat,dth_dth_neighbours_direct,,,,,,,,,,,,,,,0.0020448294124319473,0,781,0.0,0.0,,,,,,,,,,,,,,,,,,,,,,,,,,,,,,,,,,,,,,,,,,,,,,,,,,,,,,,,,,,,,,,,,,,,,,,,,,nan,,,,,,,,,,,,,,,
329,2224.205322265625,0.02221802994608879,2.221802994608879,3401.578575372696,10000,ppo,ppo,crawler,flat,dth_dth_neighbours_direct,,,,,,,,,,,,,,,0.0017878678557289242,0,781,0.0,0.0,,,,,,,,,,,,,,,,,,,,,,,,,,,,,,,,,,,,,,,,,,,,,,,,,,,,,,,,,,,,,,,,,,,,,,,,,,nan,,,,,,,,,,,,,,,
330,2251.282470703125,0.022485656663775444,2.2485656663775444,3411.722230195999,10000,ppo,ppo,crawler,flat,dth_dth_neighbours_direct,,,,,,,,,,,,,,,0.0017468350332238583,0,781,0.0,0.0,,,,,,,,,,,,,,,,,,,,,,,,,,,,,,,,,,,,,,,,,,,,,,,,,,,,,,,,,,,,,,,,,,,,,,,,,,nan,,,,,,,,,,,,,,,
331,2334.60498046875,0.023319583386182785,2.3319583386182785,3421.4315824508667,10000,ppo,ppo,crawler,flat,dth_dth_neighbours_direct,,,,,,,,,,,,,,,0.001976771148978661,0,781,0.0,0.0,,,,,,,,,,,,,,,,,,,,,,,,,,,,,,,,,,,,,,,,,,,,,,,,,,,,,,,,,,,,,,,,,,,,,,,,,,nan,,,,,,,,,,,,,,,
332,2265.319091796875,0.02263113297522068,2.263113297522068,3431.253391981125,10000,ppo,ppo,crawler,flat,dth_dth_neighbours_direct,,,,,,,,,,,,,,,0.0018653096981447053,0,781,0.0,0.0,,,,,,,,,,,,,,,,,,,,,,,,,,,,,,,,,,,,,,,,,,,,,,,,,,,,,,,,,,,,,,,,,,,,,,,,,,nan,,,,,,,,,,,,,,,
333,2328.621826171875,0.023264054208993912,2.326405420899391,3441.0876750946045,10000,ppo,ppo,crawler,flat,dth_dth_neighbours_direct,,,,,,,,,,,,,,,0.001528458500276211,0,781,0.0,0.0,,,,,,,,,,,,,,,,,,,,,,,,,,,,,,,,,,,,,,,,,,,,,,,,,,,,,,,,,,,,,,,,,,,,,,,,,,nan,,,,,,,,,,,,,,,
334,2356.32421875,0.023539705201983452,2.353970520198345,3450.490250825882,10000,ppo,ppo,crawler,flat,dth_dth_neighbours_direct,,,,,,,,,,,,,,,0.0014019019671986277,0,781,0.0,0.0,,,,,,,,,,,,,,,,,,,,,,,,,,,,,,,,,,,,,,,,,,,,,,,,,,,,,,,,,,,,,,,,,,,,,,,,,,nan,,,,,,,,,,,,,,,
335,2301.966552734375,0.022997545078396797,2.2997545078396797,3460.1237676143646,10000,ppo,ppo,crawler,flat,dth_dth_neighbours_direct,,,,,,,,,,,,,,,0.0012458098126869436,0,781,0.0,0.0,,,,,,,,,,,,,,,,,,,,,,,,,,,,,,,,,,,,,,,,,,,,,,,,,,,,,,,,,,,,,,,,,,,,,,,,,,nan,,,,,,,,,,,,,,,
336,2288.787109375,0.02286430634558201,2.286430634558201,3469.9894704818726,10000,ppo,ppo,crawler,flat,dth_dth_neighbours_direct,,,,,,,,,,,,,,,0.002322390867063827,0,781,0.0,0.0,,,,,,,,,,,,,,,,,,,,,,,,,,,,,,,,,,,,,,,,,,,,,,,,,,,,,,,,,,,,,,,,,,,,,,,,,,nan,,,,,,,,,,,,,,,
337,2194.85302734375,0.021926669403910637,2.1926669403910637,3479.7499010562897,10000,ppo,ppo,crawler,flat,dth_dth_neighbours_direct,,,,,,,,,,,,,,,0.0022614365420308433,0,781,0.0,0.0,,,,,,,,,,,,,,,,,,,,,,,,,,,,,,,,,,,,,,,,,,,,,,,,,,,,,,,,,,,,,,,,,,,,,,,,,,nan,,,,,,,,,,,,,,,
338,2255.7080078125,0.02253374643623829,2.253374643623829,3490.2002477645874,10000,ppo,ppo,crawler,flat,dth_dth_neighbours_direct,,,,,,,,,,,,,,,0.001469060087861291,0,781,0.0,0.0,,,,,,,,,,,,,,,,,,,,,,,,,,,,,,,,,,,,,,,,,,,,,,,,,,,,,,,,,,,,,,,,,,,,,,,,,,nan,,,,,,,,,,,,,,,
339,2327.41552734375,0.02324868179857731,2.324868179857731,3499.6214945316315,10000,ppo,ppo,crawler,flat,dth_dth_neighbours_direct,,,,,,,,,,,,,,,0.0026847892387137744,0,781,0.0,0.0,,,,,,,,,,,,,,,,,,,,,,,,,,,,,,,,,,,,,,,,,,,,,,,,,,,,,,,,,,,,,,,,,,,,,,,,,,nan,,,,,,,,,,,,,,,
340,2326.833251953125,0.023245302960276604,2.3245302960276604,3509.2640945911407,10000,ppo,ppo,crawler,flat,dth_dth_neighbours_direct,,,,,,,,,,,,,,,0.001567365145050558,0,781,0.0,0.0,,,,,,,,,,,,,,,,,,,,,,,,,,,,,,,,,,,,,,,,,,,,,,,,,,,,,,,,,,,,,,,,,,,,,,,,,,nan,,,,,,,,,,,,,,,
341,2351.895263671875,0.02349354885518551,2.349354885518551,3519.169713973999,10000,ppo,ppo,crawler,flat,dth_dth_neighbours_direct,,,,,,,,,,,,,,,0.0012411289030862134,0,781,0.0,0.0,,,,,,,,,,,,,,,,,,,,,,,,,,,,,,,,,,,,,,,,,,,,,,,,,,,,,,,,,,,,,,,,,,,,,,,,,,nan,,,,,,,,,,,,,,,
342,2231.333740234375,0.022288091480731964,2.2288091480731964,3528.8388192653656,10000,ppo,ppo,crawler,flat,dth_dth_neighbours_direct,,,,,,,,,,,,,,,0.0028677642608103578,0,781,0.0,0.0,,,,,,,,,,,,,,,,,,,,,,,,,,,,,,,,,,,,,,,,,,,,,,,,,,,,,,,,,,,,,,,,,,,,,,,,,,nan,,,,,,,,,,,,,,,
343,2304.720458984375,0.02302291989326477,2.302291989326477,3538.7259504795074,10000,ppo,ppo,crawler,flat,dth_dth_neighbours_direct,,,,,,,,,,,,,,,0.00214673760008775,0,781,0.0,0.0,,,,,,,,,,,,,,,,,,,,,,,,,,,,,,,,,,,,,,,,,,,,,,,,,,,,,,,,,,,,,,,,,,,,,,,,,,nan,,,,,,,,,,,,,,,
344,2348.575439453125,0.02345963381230831,2.345963381230831,3548.1396305561066,10000,ppo,ppo,crawler,flat,dth_dth_neighbours_direct,,,,,,,,,,,,,,,0.002011010018671944,0,781,0.0,0.0,,,,,,,,,,,,,,,,,,,,,,,,,,,,,,,,,,,,,,,,,,,,,,,,,,,,,,,,,,,,,,,,,,,,,,,,,,nan,,,,,,,,,,,,,,,
345,2268.176513671875,0.02265637181699276,2.265637181699276,3558.3212444782257,10000,ppo,ppo,crawler,flat,dth_dth_neighbours_direct,,,,,,,,,,,,,,,0.0026433188754481597,0,781,0.0,0.0,,,,,,,,,,,,,,,,,,,,,,,,,,,,,,,,,,,,,,,,,,,,,,,,,,,,,,,,,,,,,,,,,,,,,,,,,,nan,,,,,,,,,,,,,,,
346,2405.050048828125,0.024021780118346214,2.4021780118346214,3568.269630908966,10000,ppo,ppo,crawler,flat,dth_dth_neighbours_direct,,,,,,,,,,,,,,,0.001240571529507224,0,781,0.0,0.0,,,,,,,,,,,,,,,,,,,,,,,,,,,,,,,,,,,,,,,,,,,,,,,,,,,,,,,,,,,,,,,,,,,,,,,,,,nan,,,,,,,,,,,,,,,
347,2316.977783203125,0.02314300462603569,2.314300462603569,3577.7137367725372,10000,ppo,ppo,crawler,flat,dth_dth_neighbours_direct,,,,,,,,,,,,,,,0.0023556283118231127,0,781,0.0,0.0,,,,,,,,,,,,,,,,,,,,,,,,,,,,,,,,,,,,,,,,,,,,,,,,,,,,,,,,,,,,,,,,,,,,,,,,,,nan,,,,,,,,,,,,,,,
348,2422.541015625,0.024199508130550385,2.4199508130550385,3587.3351690769196,10000,ppo,ppo,crawler,flat,dth_dth_neighbours_direct,,,,,,,,,,,,,,,0.0025916593062733535,0,781,0.0,0.0,,,,,,,,,,,,,,,,,,,,,,,,,,,,,,,,,,,,,,,,,,,,,,,,,,,,,,,,,,,,,,,,,,,,,,,,,,nan,,,,,,,,,,,,,,,
349,2351.789306640625,0.023493852466344833,2.3493852466344833,3596.849459171295,10000,ppo,ppo,crawler,flat,dth_dth_neighbours_direct,,,,,,,,,,,,,,,0.001564426213756909,0,781,0.0,0.0,,,,,,,,,,,,,,,,,,,,,,,,,,,,,,,,,,,,,,,,,,,,,,,,,,,,,,,,,,,,,,,,,,,,,,,,,,nan,,,,,,,,,,,,,,,
350,2423.340087890625,0.024206804111599922,2.420680411159992,3606.7665581703186,10000,ppo,ppo,crawler,flat,dth_dth_neighbours_direct,,,,,,,,,,,,,,,0.001993770987575397,0,781,0.0,0.0,,,,,,,,,,,,,,,,,,,,,,,,,,,,,,,,,,,,,,,,,,,,,,,,,,,,,,,,,,,,,,,,,,,,,,,,,,nan,,,,,,,,,,,,,,,
351,2310.97119140625,0.023083548992872238,2.308354899287224,3616.7135994434357,10000,ppo,ppo,crawler,flat,dth_dth_neighbours_direct,,,,,,,,,,,,,,,0.0008889651641286465,0,781,0.0,0.0,,,,,,,,,,,,,,,,,,,,,,,,,,,,,,,,,,,,,,,,,,,,,,,,,,,,,,,,,,,,,,,,,,,,,,,,,,nan,,,,,,,,,,,,,,,
352,2359.218505859375,0.023565052077174187,2.3565052077174187,3626.4599890708923,10000,ppo,ppo,crawler,flat,dth_dth_neighbours_direct,,,,,,,,,,,,,,,0.0017403298015819758,0,781,0.0,0.0,,,,,,,,,,,,,,,,,,,,,,,,,,,,,,,,,,,,,,,,,,,,,,,,,,,,,,,,,,,,,,,,,,,,,,,,,,nan,,,,,,,,,,,,,,,
353,2272.418701171875,0.022701585665345192,2.270158566534519,3636.3249955177307,10000,ppo,ppo,crawler,flat,dth_dth_neighbours_direct,,,,,,,,,,,,,,,0.0024740517483573168,0,781,0.0,0.0,,,,,,,,,,,,,,,,,,,,,,,,,,,,,,,,,,,,,,,,,,,,,,,,,,,,,,,,,,,,,,,,,,,,,,,,,,nan,,,,,,,,,,,,,,,
354,2278.600341796875,0.02276613935828209,2.276613935828209,3645.9743683338165,10000,ppo,ppo,crawler,flat,dth_dth_neighbours_direct,,,,,,,,,,,,,,,0.0022346389169863273,0,781,0.0,0.0,,,,,,,,,,,,,,,,,,,,,,,,,,,,,,,,,,,,,,,,,,,,,,,,,,,,,,,,,,,,,,,,,,,,,,,,,,nan,,,,,,,,,,,,,,,
355,2277.73046875,0.02274913899600506,2.274913899600506,3655.785001516342,10000,ppo,ppo,crawler,flat,dth_dth_neighbours_direct,,,,,,,,,,,,,,,0.001453570731494568,0,781,0.0,0.0,,,,,,,,,,,,,,,,,,,,,,,,,,,,,,,,,,,,,,,,,,,,,,,,,,,,,,,,,,,,,,,,,,,,,,,,,,nan,,,,,,,,,,,,,,,
356,2436.822998046875,0.02434501238167286,2.434501238167286,3665.9156045913696,10000,ppo,ppo,crawler,flat,dth_dth_neighbours_direct,,,,,,,,,,,,,,,0.0014020234032403902,0,781,0.0,0.0,,,,,,,,,,,,,,,,,,,,,,,,,,,,,,,,,,,,,,,,,,,,,,,,,,,,,,,,,,,,,,,,,,,,,,,,,,nan,,,,,,,,,,,,,,,
357,2399.551025390625,0.0239686481654644,2.39686481654644,3675.419763326645,10000,ppo,ppo,crawler,flat,dth_dth_neighbours_direct,,,,,,,,,,,,,,,0.0017213726530095211,0,781,0.0,0.0,,,,,,,,,,,,,,,,,,,,,,,,,,,,,,,,,,,,,,,,,,,,,,,,,,,,,,,,,,,,,,,,,,,,,,,,,,nan,,,,,,,,,,,,,,,
358,2303.1025390625,0.02300621196627617,2.300621196627617,3685.232953310013,10000,ppo,ppo,crawler,flat,dth_dth_neighbours_direct,,,,,,,,,,,,,,,0.0010388437697746295,0,781,0.0,0.0,,,,,,,,,,,,,,,,,,,,,,,,,,,,,,,,,,,,,,,,,,,,,,,,,,,,,,,,,,,,,,,,,,,,,,,,,,nan,,,,,,,,,,,,,,,
359,2398.909912109375,0.023963360115885735,2.3963360115885735,3694.96564912796,10000,ppo,ppo,crawler,flat,dth_dth_neighbours_direct,,,,,,,,,,,,,,,0.0019127840567944427,0,781,0.0,0.0,,,,,,,,,,,,,,,,,,,,,,,,,,,,,,,,,,,,,,,,,,,,,,,,,,,,,,,,,,,,,,,,,,,,,,,,,,nan,,,,,,,,,,,,,,,
360,2283.578857421875,0.02281411923468113,2.281411923468113,3704.565726041794,10000,ppo,ppo,crawler,flat,dth_dth_neighbours_direct,,,,,,,,,,,,,,,0.002097944016016564,0,781,0.0,0.0,,,,,,,,,,,,,,,,,,,,,,,,,,,,,,,,,,,,,,,,,,,,,,,,,,,,,,,,,,,,,,,,,,,,,,,,,,nan,,,,,,,,,,,,,,,
361,2366.3740234375,0.02363632805645466,2.363632805645466,3714.2349095344543,10000,ppo,ppo,crawler,flat,dth_dth_neighbours_direct,,,,,,,,,,,,,,,0.0011922660151458854,0,781,0.0,0.0,,,,,,,,,,,,,,,,,,,,,,,,,,,,,,,,,,,,,,,,,,,,,,,,,,,,,,,,,,,,,,,,,,,,,,,,,,nan,,,,,,,,,,,,,,,
362,2223.604248046875,0.022210530936717987,2.2210530936717987,3725.243829011917,10000,ppo,ppo,crawler,flat,dth_dth_neighbours_direct,,,,,,,,,,,,,,,0.0014977476214015637,0,781,0.0,0.0,,,,,,,,,,,,,,,,,,,,,,,,,,,,,,,,,,,,,,,,,,,,,,,,,,,,,,,,,,,,,,,,,,,,,,,,,,nan,,,,,,,,,,,,,,,
363,2301.706787109375,0.022991357371211052,2.299135737121105,3736.4338521957397,10000,ppo,ppo,crawler,flat,dth_dth_neighbours_direct,,,,,,,,,,,,,,,0.0013512049770411294,0,781,0.0,0.0,,,,,,,,,,,,,,,,,,,,,,,,,,,,,,,,,,,,,,,,,,,,,,,,,,,,,,,,,,,,,,,,,,,,,,,,,,nan,,,,,,,,,,,,,,,
364,2326.64453125,0.023246726021170616,2.3246726021170616,3747.4552171230316,10000,ppo,ppo,crawler,flat,dth_dth_neighbours_direct,,,,,,,,,,,,,,,0.0020661623424460098,0,781,0.0,0.0,,,,,,,,,,,,,,,,,,,,,,,,,,,,,,,,,,,,,,,,,,,,,,,,,,,,,,,,,,,,,,,,,,,,,,,,,,nan,,,,,,,,,,,,,,,
365,2295.425048828125,0.022930553182959557,2.2930553182959557,3758.095245361328,10000,ppo,ppo,crawler,flat,dth_dth_neighbours_direct,,,,,,,,,,,,,,,0.0031085340277750588,0,781,0.0,0.0,,,,,,,,,,,,,,,,,,,,,,,,,,,,,,,,,,,,,,,,,,,,,,,,,,,,,,,,,,,,,,,,,,,,,,,,,,nan,,,,,,,,,,,,,,,
366,2245.25244140625,0.022431151941418648,2.2431151941418648,3768.9412472248077,10000,ppo,ppo,crawler,flat,dth_dth_neighbours_direct,,,,,,,,,,,,,,,0.0012785367965198568,0,781,0.0,0.0,,,,,,,,,,,,,,,,,,,,,,,,,,,,,,,,,,,,,,,,,,,,,,,,,,,,,,,,,,,,,,,,,,,,,,,,,,nan,,,,,,,,,,,,,,,
367,2295.089111328125,0.022925926372408867,2.2925926372408867,3780.0802817344666,10000,ppo,ppo,crawler,flat,dth_dth_neighbours_direct,,,,,,,,,,,,,,,0.0024823374660708965,0,781,0.0,0.0,,,,,,,,,,,,,,,,,,,,,,,,,,,,,,,,,,,,,,,,,,,,,,,,,,,,,,,,,,,,,,,,,,,,,,,,,,nan,,,,,,,,,,,,,,,
368,2298.973388671875,0.02296779677271843,2.296779677271843,3790.766941308975,10000,ppo,ppo,crawler,flat,dth_dth_neighbours_direct,,,,,,,,,,,,,,,0.002691494858318713,0,781,0.0,0.0,,,,,,,,,,,,,,,,,,,,,,,,,,,,,,,,,,,,,,,,,,,,,,,,,,,,,,,,,,,,,,,,,,,,,,,,,,nan,,,,,,,,,,,,,,,
369,2281.017578125,0.02278425544500351,2.278425544500351,3801.2265949249268,10000,ppo,ppo,crawler,flat,dth_dth_neighbours_direct,,,,,,,,,,,,,,,0.0013208293440093392,0,781,0.0,0.0,,,,,,,,,,,,,,,,,,,,,,,,,,,,,,,,,,,,,,,,,,,,,,,,,,,,,,,,,,,,,,,,,,,,,,,,,,nan,,,,,,,,,,,,,,,
370,2246.714599609375,0.02244436740875244,2.244436740875244,3811.3154141902924,10000,ppo,ppo,crawler,flat,dth_dth_neighbours_direct,,,,,,,,,,,,,,,0.0013494498895052272,0,781,0.0,0.0,,,,,,,,,,,,,,,,,,,,,,,,,,,,,,,,,,,,,,,,,,,,,,,,,,,,,,,,,,,,,,,,,,,,,,,,,,nan,,,,,,,,,,,,,,,
371,2238.68798828125,0.022361773997545242,2.2361773997545242,3820.889693260193,10000,ppo,ppo,crawler,flat,dth_dth_neighbours_direct,,,,,,,,,,,,,,,0.002245280022623625,0,781,0.0,0.0,,,,,,,,,,,,,,,,,,,,,,,,,,,,,,,,,,,,,,,,,,,,,,,,,,,,,,,,,,,,,,,,,,,,,,,,,,nan,,,,,,,,,,,,,,,
372,2221.309326171875,0.022187693044543266,2.2187693044543266,3830.669004678726,10000,ppo,ppo,crawler,flat,dth_dth_neighbours_direct,,,,,,,,,,,,,,,0.0019283858155235084,0,781,0.0,0.0,,,,,,,,,,,,,,,,,,,,,,,,,,,,,,,,,,,,,,,,,,,,,,,,,,,,,,,,,,,,,,,,,,,,,,,,,,nan,,,,,,,,,,,,,,,
373,2148.248291015625,0.021458586677908897,2.1458586677908897,3840.362023115158,10000,ppo,ppo,crawler,flat,dth_dth_neighbours_direct,,,,,,,,,,,,,,,0.001994841225655742,0,781,0.0,0.0,,,,,,,,,,,,,,,,,,,,,,,,,,,,,,,,,,,,,,,,,,,,,,,,,,,,,,,,,,,,,,,,,,,,,,,,,,nan,,,,,,,,,,,,,,,
374,2107.43212890625,0.021053090691566467,2.1053090691566467,3850.1848695278168,10000,ppo,ppo,crawler,flat,dth_dth_neighbours_direct,,,,,,,,,,,,,,,0.001778380124438969,0,781,0.0,0.0,,,,,,,,,,,,,,,,,,,,,,,,,,,,,,,,,,,,,,,,,,,,,,,,,,,,,,,,,,,,,,,,,,,,,,,,,,nan,,,,,,,,,,,,,,,
375,2133.319580078125,0.021311745047569275,2.1311745047569275,3859.8284633159637,10000,ppo,ppo,crawler,flat,dth_dth_neighbours_direct,,,,,,,,,,,,,,,0.002120670468967673,0,781,0.0,0.0,,,,,,,,,,,,,,,,,,,,,,,,,,,,,,,,,,,,,,,,,,,,,,,,,,,,,,,,,,,,,,,,,,,,,,,,,,nan,,,,,,,,,,,,,,,
376,2051.475341796875,0.020492149516940117,2.0492149516940117,3869.2945053577423,10000,ppo,ppo,crawler,flat,dth_dth_neighbours_direct,,,,,,,,,,,,,,,0.0017168999045693786,0,781,0.0,0.0,,,,,,,,,,,,,,,,,,,,,,,,,,,,,,,,,,,,,,,,,,,,,,,,,,,,,,,,,,,,,,,,,,,,,,,,,,nan,,,,,,,,,,,,,,,
377,2184.343505859375,0.021823476999998093,2.1823476999998093,3878.8756427764893,10000,ppo,ppo,crawler,flat,dth_dth_neighbours_direct,,,,,,,,,,,,,,,0.0019027893464446603,0,781,0.0,0.0,,,,,,,,,,,,,,,,,,,,,,,,,,,,,,,,,,,,,,,,,,,,,,,,,,,,,,,,,,,,,,,,,,,,,,,,,,nan,,,,,,,,,,,,,,,
378,2096.389404296875,0.020941106602549553,2.0941106602549553,3888.673547267914,10000,ppo,ppo,crawler,flat,dth_dth_neighbours_direct,,,,,,,,,,,,,,,0.001962698676201196,0,781,0.0,0.0,,,,,,,,,,,,,,,,,,,,,,,,,,,,,,,,,,,,,,,,,,,,,,,,,,,,,,,,,,,,,,,,,,,,,,,,,,nan,,,,,,,,,,,,,,,
379,2101.015380859375,0.02098633348941803,2.098633348941803,3898.3774058818817,10000,ppo,ppo,crawler,flat,dth_dth_neighbours_direct,,,,,,,,,,,,,,,0.0022272208274680965,0,781,0.0,0.0,,,,,,,,,,,,,,,,,,,,,,,,,,,,,,,,,,,,,,,,,,,,,,,,,,,,,,,,,,,,,,,,,,,,,,,,,,nan,,,,,,,,,,,,,,,
380,2297.962890625,0.02295675314962864,2.295675314962864,3907.8021659851074,10000,ppo,ppo,crawler,flat,dth_dth_neighbours_direct,,,,,,,,,,,,,,,0.0028017825807287624,0,781,0.0,0.0,,,,,,,,,,,,,,,,,,,,,,,,,,,,,,,,,,,,,,,,,,,,,,,,,,,,,,,,,,,,,,,,,,,,,,,,,,nan,,,,,,,,,,,,,,,
381,2235.19140625,0.02232801355421543,2.232801355421543,3917.332304239273,10000,ppo,ppo,crawler,flat,dth_dth_neighbours_direct,,,,,,,,,,,,,,,0.0018100841967306214,0,781,0.0,0.0,,,,,,,,,,,,,,,,,,,,,,,,,,,,,,,,,,,,,,,,,,,,,,,,,,,,,,,,,,,,,,,,,,,,,,,,,,nan,,,,,,,,,,,,,,,
382,2297.62548828125,0.022954273968935013,2.2954273968935013,3926.9613621234894,10000,ppo,ppo,crawler,flat,dth_dth_neighbours_direct,,,,,,,,,,,,,,,0.0021345410716557675,0,781,0.0,0.0,,,,,,,,,,,,,,,,,,,,,,,,,,,,,,,,,,,,,,,,,,,,,,,,,,,,,,,,,,,,,,,,,,,,,,,,,,nan,,,,,,,,,,,,,,,
383,2235.48583984375,0.02233114093542099,2.233114093542099,3936.754803419113,10000,ppo,ppo,crawler,flat,dth_dth_neighbours_direct,,,,,,,,,,,,,,,0.0026336880583723876,0,781,0.0,0.0,,,,,,,,,,,,,,,,,,,,,,,,,,,,,,,,,,,,,,,,,,,,,,,,,,,,,,,,,,,,,,,,,,,,,,,,,,nan,,,,,,,,,,,,,,,
384,2277.323974609375,0.02274821139872074,2.274821139872074,3946.465535879135,10000,ppo,ppo,crawler,flat,dth_dth_neighbours_direct,,,,,,,,,,,,,,,0.002828533880238212,0,781,0.0,0.0,,,,,,,,,,,,,,,,,,,,,,,,,,,,,,,,,,,,,,,,,,,,,,,,,,,,,,,,,,,,,,,,,,,,,,,,,,nan,,,,,,,,,,,,,,,
385,2246.735595703125,0.02244199439883232,2.244199439883232,3956.219750881195,10000,ppo,ppo,crawler,flat,dth_dth_neighbours_direct,,,,,,,,,,,,,,,0.0020632322807317446,0,781,0.0,0.0,,,,,,,,,,,,,,,,,,,,,,,,,,,,,,,,,,,,,,,,,,,,,,,,,,,,,,,,,,,,,,,,,,,,,,,,,,nan,,,,,,,,,,,,,,,
386,2317.985107421875,0.02315627969801426,2.315627969801426,3966.099762916565,10000,ppo,ppo,crawler,flat,dth_dth_neighbours_direct,,,,,,,,,,,,,,,0.0016038033131124199,0,781,0.0,0.0,,,,,,,,,,,,,,,,,,,,,,,,,,,,,,,,,,,,,,,,,,,,,,,,,,,,,,,,,,,,,,,,,,,,,,,,,,nan,,,,,,,,,,,,,,,
387,2332.776611328125,0.023301133885979652,2.3301133885979652,3975.751116991043,10000,ppo,ppo,crawler,flat,dth_dth_neighbours_direct,,,,,,,,,,,,,,,0.0014856863626858106,0,781,0.0,0.0,,,,,,,,,,,,,,,,,,,,,,,,,,,,,,,,,,,,,,,,,,,,,,,,,,,,,,,,,,,,,,,,,,,,,,,,,,nan,,,,,,,,,,,,,,,
388,2311.288330078125,0.02309419773519039,2.309419773519039,3985.391672372818,10000,ppo,ppo,crawler,flat,dth_dth_neighbours_direct,,,,,,,,,,,,,,,0.0016049009870397798,0,781,0.0,0.0,,,,,,,,,,,,,,,,,,,,,,,,,,,,,,,,,,,,,,,,,,,,,,,,,,,,,,,,,,,,,,,,,,,,,,,,,,nan,,,,,,,,,,,,,,,
389,2329.244384765625,0.023267384618520737,2.3267384618520737,3995.2791798114777,10000,ppo,ppo,crawler,flat,dth_dth_neighbours_direct,,,,,,,,,,,,,,,0.0018205324379751392,0,781,0.0,0.0,,,,,,,,,,,,,,,,,,,,,,,,,,,,,,,,,,,,,,,,,,,,,,,,,,,,,,,,,,,,,,,,,,,,,,,,,,nan,,,,,,,,,,,,,,,
390,2346.640380859375,0.023439396172761917,2.3439396172761917,4004.69265460968,10000,ppo,ppo,crawler,flat,dth_dth_neighbours_direct,,,,,,,,,,,,,,,0.0017848422871589655,0,781,0.0,0.0,,,,,,,,,,,,,,,,,,,,,,,,,,,,,,,,,,,,,,,,,,,,,,,,,,,,,,,,,,,,,,,,,,,,,,,,,,nan,,,,,,,,,,,,,,,
391,2290.779052734375,0.022884679958224297,2.2884679958224297,4014.3003091812134,10000,ppo,ppo,crawler,flat,dth_dth_neighbours_direct,,,,,,,,,,,,,,,0.0026846362082256505,0,781,0.0,0.0,,,,,,,,,,,,,,,,,,,,,,,,,,,,,,,,,,,,,,,,,,,,,,,,,,,,,,,,,,,,,,,,,,,,,,,,,,nan,,,,,,,,,,,,,,,
392,2277.44189453125,0.022750964388251305,2.2750964388251305,4023.912742137909,10000,ppo,ppo,crawler,flat,dth_dth_neighbours_direct,,,,,,,,,,,,,,,0.0015291172820375747,0,781,0.0,0.0,,,,,,,,,,,,,,,,,,,,,,,,,,,,,,,,,,,,,,,,,,,,,,,,,,,,,,,,,,,,,,,,,,,,,,,,,,nan,,,,,,,,,,,,,,,
393,2295.82666015625,0.022933287546038628,2.2933287546038628,4033.676613807678,10000,ppo,ppo,crawler,flat,dth_dth_neighbours_direct,,,,,,,,,,,,,,,0.0013668555241096324,0,781,0.0,0.0,,,,,,,,,,,,,,,,,,,,,,,,,,,,,,,,,,,,,,,,,,,,,,,,,,,,,,,,,,,,,,,,,,,,,,,,,,nan,,,,,,,,,,,,,,,
394,2275.39892578125,0.022729529067873955,2.2729529067873955,4042.964446783066,10000,ppo,ppo,crawler,flat,dth_dth_neighbours_direct,,,,,,,,,,,,,,,0.0032641146628172024,0,781,0.0,0.0,,,,,,,,,,,,,,,,,,,,,,,,,,,,,,,,,,,,,,,,,,,,,,,,,,,,,,,,,,,,,,,,,,,,,,,,,,nan,,,,,,,,,,,,,,,
395,2412.20654296875,0.024098893627524376,2.4098893627524376,4052.31916475296,10000,ppo,ppo,crawler,flat,dth_dth_neighbours_direct,,,,,,,,,,,,,,,0.0013188432087060022,0,781,0.0,0.0,,,,,,,,,,,,,,,,,,,,,,,,,,,,,,,,,,,,,,,,,,,,,,,,,,,,,,,,,,,,,,,,,,,,,,,,,,nan,,,,,,,,,,,,,,,
396,2357.733154296875,0.02355167642235756,2.355167642235756,4062.084598302841,10000,ppo,ppo,crawler,flat,dth_dth_neighbours_direct,,,,,,,,,,,,,,,0.0014274315868398363,0,781,0.0,0.0,,,,,,,,,,,,,,,,,,,,,,,,,,,,,,,,,,,,,,,,,,,,,,,,,,,,,,,,,,,,,,,,,,,,,,,,,,nan,,,,,,,,,,,,,,,
397,2384.4287109375,0.02381785959005356,2.381785959005356,4071.8871772289276,10000,ppo,ppo,crawler,flat,dth_dth_neighbours_direct,,,,,,,,,,,,,,,0.0023913976514992894,0,781,0.0,0.0,,,,,,,,,,,,,,,,,,,,,,,,,,,,,,,,,,,,,,,,,,,,,,,,,,,,,,,,,,,,,,,,,,,,,,,,,,nan,,,,,,,,,,,,,,,
398,2434.897705078125,0.024323180317878723,2.4323180317878723,4081.589554786682,10000,ppo,ppo,crawler,flat,dth_dth_neighbours_direct,,,,,,,,,,,,,,,0.001096166211340269,0,781,0.0,0.0,,,,,,,,,,,,,,,,,,,,,,,,,,,,,,,,,,,,,,,,,,,,,,,,,,,,,,,,,,,,,,,,,,,,,,,,,,nan,,,,,,,,,,,,,,,
399,2364.4873046875,0.023619649931788445,2.3619649931788445,4091.2933082580566,10000,ppo,ppo,crawler,flat,dth_dth_neighbours_direct,,,,,,,,,,,,,,,0.004156282737966021,0,781,0.0,0.0,,,,,,,,,,,,,,,,,,,,,,,,,,,,,,,,,,,,,,,,,,,,,,,,,,,,,,,,,,,,,,,,,,,,,,,,,,nan,,,,,,,,,,,,,,,
400,2386.141357421875,0.023840440437197685,2.3840440437197685,4101.32421374321,10000,ppo,ppo,crawler,flat,dth_dth_neighbours_direct,,,,,,,,,,,,,,,0.0043789706718198014,0,781,0.0,0.0,,,,,,,,,,,,,,,,,,,,,,,,,,,,,,,,,,,,,,,,,,,,,,,,,,,,,,,,,,,,,,,,,,,,,,,,,,nan,,,,,,,,,,,,,,,
401,2441.776123046875,0.02438984252512455,2.438984252512455,4111.253751039505,10000,ppo,ppo,crawler,flat,dth_dth_neighbours_direct,,,,,,,,,,,,,,,0.004357983981032392,0,781,0.0,0.0,,,,,,,,,,,,,,,,,,,,,,,,,,,,,,,,,,,,,,,,,,,,,,,,,,,,,,,,,,,,,,,,,,,,,,,,,,nan,,,,,,,,,,,,,,,
402,2399.493408203125,0.023968689143657684,2.3968689143657684,4121.0930733680725,10000,ppo,ppo,crawler,flat,dth_dth_neighbours_direct,,,,,,,,,,,,,,,0.00881702878471558,0,781,0.0,0.0,,,,,,,,,,,,,,,,,,,,,,,,,,,,,,,,,,,,,,,,,,,,,,,,,,,,,,,,,,,,,,,,,,,,,,,,,,nan,,,,,,,,,,,,,,,
403,2507.604248046875,0.02504897117614746,2.504897117614746,4130.975063562393,10000,ppo,ppo,crawler,flat,dth_dth_neighbours_direct,,,,,,,,,,,,,,,-0.00018263846252149132,0,781,0.0,0.0,,,,,,,,,,,,,,,,,,,,,,,,,,,,,,,,,,,,,,,,,,,,,,,,,,,,,,,,,,,,,,,,,,,,,,,,,,nan,,,,,,,,,,,,,,,
404,2460.493896484375,0.02457546629011631,2.457546629011631,4140.765667676926,10000,ppo,ppo,crawler,flat,dth_dth_neighbours_direct,,,,,,,,,,,,,,,0.0038748370443593043,0,781,0.0,0.0,,,,,,,,,,,,,,,,,,,,,,,,,,,,,,,,,,,,,,,,,,,,,,,,,,,,,,,,,,,,,,,,,,,,,,,,,,nan,,,,,,,,,,,,,,,
405,2501.380615234375,0.024988209828734398,2.49882098287344,4150.513212442398,10000,ppo,ppo,crawler,flat,dth_dth_neighbours_direct,,,,,,,,,,,,,,,0.0014044773691142588,0,781,0.0,0.0,,,,,,,,,,,,,,,,,,,,,,,,,,,,,,,,,,,,,,,,,,,,,,,,,,,,,,,,,,,,,,,,,,,,,,,,,,nan,,,,,,,,,,,,,,,
406,2389.804443359375,0.023872002959251404,2.3872002959251404,4160.51621222496,10000,ppo,ppo,crawler,flat,dth_dth_neighbours_direct,,,,,,,,,,,,,,,0.010709110309397312,0,781,0.0,0.0,,,,,,,,,,,,,,,,,,,,,,,,,,,,,,,,,,,,,,,,,,,,,,,,,,,,,,,,,,,,,,,,,,,,,,,,,,nan,,,,,,,,,,,,,,,
407,2514.00048828125,0.025112181901931763,2.5112181901931763,4170.606796264648,10000,ppo,ppo,crawler,flat,dth_dth_neighbours_direct,,,,,,,,,,,,,,,0.009184337996594603,0,781,0.0,0.0,,,,,,,,,,,,,,,,,,,,,,,,,,,,,,,,,,,,,,,,,,,,,,,,,,,,,,,,,,,,,,,,,,,,,,,,,,nan,,,,,,,,,,,,,,,
408,2437.878173828125,0.024352699518203735,2.4352699518203735,4180.751908302307,10000,ppo,ppo,crawler,flat,dth_dth_neighbours_direct,,,,,,,,,,,,,,,0.02225041450252054,0,781,0.0,0.0,,,,,,,,,,,,,,,,,,,,,,,,,,,,,,,,,,,,,,,,,,,,,,,,,,,,,,,,,,,,,,,,,,,,,,,,,,nan,,,,,,,,,,,,,,,
409,2523.227294921875,0.02520807459950447,2.520807459950447,4190.610999822617,10000,ppo,ppo,crawler,flat,dth_dth_neighbours_direct,,,,,,,,,,,,,,,0.018295162844855797,0,781,0.0,0.0,,,,,,,,,,,,,,,,,,,,,,,,,,,,,,,,,,,,,,,,,,,,,,,,,,,,,,,,,,,,,,,,,,,,,,,,,,nan,,,,,,,,,,,,,,,
410,2599.093017578125,0.025965120643377304,2.5965120643377304,4200.213935136795,10000,ppo,ppo,crawler,flat,dth_dth_neighbours_direct,,,,,,,,,,,,,,,0.008004351591477938,0,781,0.0,0.0,,,,,,,,,,,,,,,,,,,,,,,,,,,,,,,,,,,,,,,,,,,,,,,,,,,,,,,,,,,,,,,,,,,,,,,,,,nan,,,,,,,,,,,,,,,
411,2587.43994140625,0.025850197300314903,2.5850197300314903,4210.386611223221,10000,ppo,ppo,crawler,flat,dth_dth_neighbours_direct,,,,,,,,,,,,,,,0.011938173476762634,0,781,0.0,0.0,,,,,,,,,,,,,,,,,,,,,,,,,,,,,,,,,,,,,,,,,,,,,,,,,,,,,,,,,,,,,,,,,,,,,,,,,,nan,,,,,,,,,,,,,,,
412,2394.904052734375,0.023918818682432175,2.3918818682432175,4220.097192287445,10000,ppo,ppo,crawler,flat,dth_dth_neighbours_direct,,,,,,,,,,,,,,,0.047642549825214583,0,781,0.0,0.0,,,,,,,,,,,,,,,,,,,,,,,,,,,,,,,,,,,,,,,,,,,,,,,,,,,,,,,,,,,,,,,,,,,,,,,,,,nan,,,,,,,,,,,,,,,
413,2529.625732421875,0.02526991441845894,2.526991441845894,4229.944219112396,10000,ppo,ppo,crawler,flat,dth_dth_neighbours_direct,,,,,,,,,,,,,,,0.03497063800411423,0,781,0.0,0.0,,,,,,,,,,,,,,,,,,,,,,,,,,,,,,,,,,,,,,,,,,,,,,,,,,,,,,,,,,,,,,,,,,,,,,,,,,nan,,,,,,,,,,,,,,,
414,2489.980224609375,0.02487054094672203,2.487054094672203,4239.715888500214,10000,ppo,ppo,crawler,flat,dth_dth_neighbours_direct,,,,,,,,,,,,,,,0.05260799151616927,0,781,0.0,0.0,,,,,,,,,,,,,,,,,,,,,,,,,,,,,,,,,,,,,,,,,,,,,,,,,,,,,,,,,,,,,,,,,,,,,,,,,,nan,,,,,,,,,,,,,,,
415,2578.775390625,0.025760380551218987,2.5760380551218987,4249.307226896286,10000,ppo,ppo,crawler,flat,dth_dth_neighbours_direct,,,,,,,,,,,,,,,0.041088137311784075,0,781,0.0,0.0,,,,,,,,,,,,,,,,,,,,,,,,,,,,,,,,,,,,,,,,,,,,,,,,,,,,,,,,,,,,,,,,,,,,,,,,,,nan,,,,,,,,,,,,,,,
416,2580.492431640625,0.025778712704777718,2.5778712704777718,4259.38264799118,10000,ppo,ppo,crawler,flat,dth_dth_neighbours_direct,,,,,,,,,,,,,,,0.04582556093560846,0,781,0.0,0.0,,,,,,,,,,,,,,,,,,,,,,,,,,,,,,,,,,,,,,,,,,,,,,,,,,,,,,,,,,,,,,,,,,,,,,,,,,nan,,,,,,,,,,,,,,,
417,2481.61572265625,0.024790342897176743,2.4790342897176743,4268.954066991806,10000,ppo,ppo,crawler,flat,dth_dth_neighbours_direct,,,,,,,,,,,,,,,0.06960930142137518,0,781,0.0,0.0,,,,,,,,,,,,,,,,,,,,,,,,,,,,,,,,,,,,,,,,,,,,,,,,,,,,,,,,,,,,,,,,,,,,,,,,,,nan,,,,,,,,,,,,,,,
418,2525.40234375,0.02522646076977253,2.522646076977253,4278.768676280975,10000,ppo,ppo,crawler,flat,dth_dth_neighbours_direct,,,,,,,,,,,,,,,0.06452246480997166,0,781,0.0,0.0,,,,,,,,,,,,,,,,,,,,,,,,,,,,,,,,,,,,,,,,,,,,,,,,,,,,,,,,,,,,,,,,,,,,,,,,,,nan,,,,,,,,,,,,,,,
419,2513.284912109375,0.025109849870204926,2.5109849870204926,4288.529362440109,10000,ppo,ppo,crawler,flat,dth_dth_neighbours_direct,,,,,,,,,,,,,,,0.07217854042851106,0,781,0.0,0.0,,,,,,,,,,,,,,,,,,,,,,,,,,,,,,,,,,,,,,,,,,,,,,,,,,,,,,,,,,,,,,,,,,,,,,,,,,nan,,,,,,,,,,,,,,,
420,2519.700927734375,0.025170672684907913,2.5170672684907913,4298.163046360016,10000,ppo,ppo,crawler,flat,dth_dth_neighbours_direct,,,,,,,,,,,,,,,0.07631459540236331,0,781,0.0,0.0,,,,,,,,,,,,,,,,,,,,,,,,,,,,,,,,,,,,,,,,,,,,,,,,,,,,,,,,,,,,,,,,,,,,,,,,,,nan,,,,,,,,,,,,,,,
421,2410.368896484375,0.024076886475086212,2.407688647508621,4308.03347992897,10000,ppo,ppo,crawler,flat,dth_dth_neighbours_direct,,,,,,,,,,,,,,,0.08434909958403938,0,781,0.0,0.0,,,,,,,,,,,,,,,,,,,,,,,,,,,,,,,,,,,,,,,,,,,,,,,,,,,,,,,,,,,,,,,,,,,,,,,,,,nan,,,,,,,,,,,,,,,
422,2423.3115234375,0.024204770103096962,2.420477010309696,4317.460253715515,10000,ppo,ppo,crawler,flat,dth_dth_neighbours_direct,,,,,,,,,,,,,,,0.08502349534474246,0,781,0.0,0.0,,,,,,,,,,,,,,,,,,,,,,,,,,,,,,,,,,,,,,,,,,,,,,,,,,,,,,,,,,,,,,,,,,,,,,,,,,nan,,,,,,,,,,,,,,,
423,2582.8876953125,0.02580304443836212,2.580304443836212,4327.246988773346,10000,ppo,ppo,crawler,flat,dth_dth_neighbours_direct,,,,,,,,,,,,,,,0.07779306868986369,0,781,0.0,0.0,,,,,,,,,,,,,,,,,,,,,,,,,,,,,,,,,,,,,,,,,,,,,,,,,,,,,,,,,,,,,,,,,,,,,,,,,,nan,,,,,,,,,,,,,,,
424,2522.94189453125,0.025203051045536995,2.5203051045536995,4336.781010389328,10000,ppo,ppo,crawler,flat,dth_dth_neighbours_direct,,,,,,,,,,,,,,,0.08310563496899576,0,781,0.0,0.0,,,,,,,,,,,,,,,,,,,,,,,,,,,,,,,,,,,,,,,,,,,,,,,,,,,,,,,,,,,,,,,,,,,,,,,,,,nan,,,,,,,,,,,,,,,
425,2521.964111328125,0.025189651176333427,2.5189651176333427,4346.097143173218,10000,ppo,ppo,crawler,flat,dth_dth_neighbours_direct,,,,,,,,,,,,,,,0.08535061618790625,0,781,0.0,0.0,,,,,,,,,,,,,,,,,,,,,,,,,,,,,,,,,,,,,,,,,,,,,,,,,,,,,,,,,,,,,,,,,,,,,,,,,,nan,,,,,,,,,,,,,,,
426,2543.1162109375,0.025399520993232727,2.5399520993232727,4355.908003807068,10000,ppo,ppo,crawler,flat,dth_dth_neighbours_direct,,,,,,,,,,,,,,,0.08416336014789859,0,781,0.0,0.0,,,,,,,,,,,,,,,,,,,,,,,,,,,,,,,,,,,,,,,,,,,,,,,,,,,,,,,,,,,,,,,,,,,,,,,,,,nan,,,,,,,,,,,,,,,
427,2554.0234375,0.025513244792819023,2.5513244792819023,4365.319022655487,10000,ppo,ppo,crawler,flat,dth_dth_neighbours_direct,,,,,,,,,,,,,,,0.08518150742237991,0,781,0.0,0.0,,,,,,,,,,,,,,,,,,,,,,,,,,,,,,,,,,,,,,,,,,,,,,,,,,,,,,,,,,,,,,,,,,,,,,,,,,nan,,,,,,,,,,,,,,,
428,2538.147216796875,0.025357820093631744,2.5357820093631744,4375.269328594208,10000,ppo,ppo,crawler,flat,dth_dth_neighbours_direct,,,,,,,,,,,,,,,0.08601843178304742,0,781,0.0,0.0,,,,,,,,,,,,,,,,,,,,,,,,,,,,,,,,,,,,,,,,,,,,,,,,,,,,,,,,,,,,,,,,,,,,,,,,,,nan,,,,,,,,,,,,,,,
429,2439.998046875,0.024374710395932198,2.4374710395932198,4384.760047674179,10000,ppo,ppo,crawler,flat,dth_dth_neighbours_direct,,,,,,,,,,,,,,,0.09083228777968995,0,781,0.0,0.0,,,,,,,,,,,,,,,,,,,,,,,,,,,,,,,,,,,,,,,,,,,,,,,,,,,,,,,,,,,,,,,,,,,,,,,,,,nan,,,,,,,,,,,,,,,
430,2543.499755859375,0.025410525500774384,2.5410525500774384,4394.262356758118,10000,ppo,ppo,crawler,flat,dth_dth_neighbours_direct,,,,,,,,,,,,,,,0.0872282136717847,0,781,0.0,0.0,,,,,,,,,,,,,,,,,,,,,,,,,,,,,,,,,,,,,,,,,,,,,,,,,,,,,,,,,,,,,,,,,,,,,,,,,,nan,,,,,,,,,,,,,,,
431,2550.798583984375,0.025482524186372757,2.5482524186372757,4404.171560049057,10000,ppo,ppo,crawler,flat,dth_dth_neighbours_direct,,,,,,,,,,,,,,,0.08648615052135074,0,781,0.0,0.0,,,,,,,,,,,,,,,,,,,,,,,,,,,,,,,,,,,,,,,,,,,,,,,,,,,,,,,,,,,,,,,,,,,,,,,,,,nan,,,,,,,,,,,,,,,
432,2503.723388671875,0.025017349049448967,2.5017349049448967,4413.597444295883,10000,ppo,ppo,crawler,flat,dth_dth_neighbours_direct,,,,,,,,,,,,,,,0.08780082990115878,0,781,0.0,0.0,,,,,,,,,,,,,,,,,,,,,,,,,,,,,,,,,,,,,,,,,,,,,,,,,,,,,,,,,,,,,,,,,,,,,,,,,,nan,,,,,,,,,,,,,,,
433,2382.96484375,0.023802772164344788,2.3802772164344788,4423.811672925949,10000,ppo,ppo,crawler,flat,dth_dth_neighbours_direct,,,,,,,,,,,,,,,0.09357904505860704,0,781,0.0,0.0,,,,,,,,,,,,,,,,,,,,,,,,,,,,,,,,,,,,,,,,,,,,,,,,,,,,,,,,,,,,,,,,,,,,,,,,,,nan,,,,,,,,,,,,,,,
434,2539.225830078125,0.02536594308912754,2.536594308912754,4433.678413629532,10000,ppo,ppo,crawler,flat,dth_dth_neighbours_direct,,,,,,,,,,,,,,,0.08907741418293746,0,781,0.0,0.0,,,,,,,,,,,,,,,,,,,,,,,,,,,,,,,,,,,,,,,,,,,,,,,,,,,,,,,,,,,,,,,,,,,,,,,,,,nan,,,,,,,,,,,,,,,
435,2533.94189453125,0.0253139678388834,2.53139678388834,4443.110849142075,10000,ppo,ppo,crawler,flat,dth_dth_neighbours_direct,,,,,,,,,,,,,,,0.09239556628193821,0,781,0.0,0.0,,,,,,,,,,,,,,,,,,,,,,,,,,,,,,,,,,,,,,,,,,,,,,,,,,,,,,,,,,,,,,,,,,,,,,,,,,nan,,,,,,,,,,,,,,,
436,2593.50830078125,0.025910241529345512,2.5910241529345512,4453.425462245941,10000,ppo,ppo,crawler,flat,dth_dth_neighbours_direct,,,,,,,,,,,,,,,0.08914109254563418,0,781,0.0,0.0,,,,,,,,,,,,,,,,,,,,,,,,,,,,,,,,,,,,,,,,,,,,,,,,,,,,,,,,,,,,,,,,,,,,,,,,,,nan,,,,,,,,,,,,,,,
437,2483.322021484375,0.024807972833514214,2.4807972833514214,4463.084398269653,10000,ppo,ppo,crawler,flat,dth_dth_neighbours_direct,,,,,,,,,,,,,,,0.09333755967585482,0,781,0.0,0.0,,,,,,,,,,,,,,,,,,,,,,,,,,,,,,,,,,,,,,,,,,,,,,,,,,,,,,,,,,,,,,,,,,,,,,,,,,nan,,,,,,,,,,,,,,,
438,2481.590576171875,0.024787256494164467,2.4787256494164467,4472.716500997543,10000,ppo,ppo,crawler,flat,dth_dth_neighbours_direct,,,,,,,,,,,,,,,0.09648680656367906,0,781,0.0,0.0,,,,,,,,,,,,,,,,,,,,,,,,,,,,,,,,,,,,,,,,,,,,,,,,,,,,,,,,,,,,,,,,,,,,,,,,,,nan,,,,,,,,,,,,,,,
439,2574.042724609375,0.02571013942360878,2.571013942360878,4482.234043598175,10000,ppo,ppo,crawler,flat,dth_dth_neighbours_direct,,,,,,,,,,,,,,,0.08929769728123868,0,781,0.0,0.0,,,,,,,,,,,,,,,,,,,,,,,,,,,,,,,,,,,,,,,,,,,,,,,,,,,,,,,,,,,,,,,,,,,,,,,,,,nan,,,,,,,,,,,,,,,
440,2501.031005859375,0.024984655901789665,2.4984655901789665,4491.718643188477,10000,ppo,ppo,crawler,flat,dth_dth_neighbours_direct,,,,,,,,,,,,,,,0.09482483747063465,0,781,0.0,0.0,,,,,,,,,,,,,,,,,,,,,,,,,,,,,,,,,,,,,,,,,,,,,,,,,,,,,,,,,,,,,,,,,,,,,,,,,,nan,,,,,,,,,,,,,,,
441,2475.6455078125,0.024734146893024445,2.4734146893024445,4501.649631977081,10000,ppo,ppo,crawler,flat,dth_dth_neighbours_direct,,,,,,,,,,,,,,,0.09669958942188256,0,781,0.0,0.0,,,,,,,,,,,,,,,,,,,,,,,,,,,,,,,,,,,,,,,,,,,,,,,,,,,,,,,,,,,,,,,,,,,,,,,,,,nan,,,,,,,,,,,,,,,
442,2492.170166015625,0.024893876165151596,2.4893876165151596,4510.830918073654,10000,ppo,ppo,crawler,flat,dth_dth_neighbours_direct,,,,,,,,,,,,,,,0.09796575214620493,0,781,0.0,0.0,,,,,,,,,,,,,,,,,,,,,,,,,,,,,,,,,,,,,,,,,,,,,,,,,,,,,,,,,,,,,,,,,,,,,,,,,,nan,,,,,,,,,,,,,,,
443,2534.665771484375,0.025318628177046776,2.5318628177046776,4520.668905496597,10000,ppo,ppo,crawler,flat,dth_dth_neighbours_direct,,,,,,,,,,,,,,,0.0952913526504556,0,781,0.0,0.0,,,,,,,,,,,,,,,,,,,,,,,,,,,,,,,,,,,,,,,,,,,,,,,,,,,,,,,,,,,,,,,,,,,,,,,,,,nan,,,,,,,,,,,,,,,
444,2570.623779296875,0.025678927078843117,2.5678927078843117,4530.707761287689,10000,ppo,ppo,crawler,flat,dth_dth_neighbours_direct,,,,,,,,,,,,,,,0.09131583242291673,0,781,0.0,0.0,,,,,,,,,,,,,,,,,,,,,,,,,,,,,,,,,,,,,,,,,,,,,,,,,,,,,,,,,,,,,,,,,,,,,,,,,,nan,,,,,,,,,,,,,,,
445,2495.484130859375,0.024924851953983307,2.4924851953983307,4540.170864582062,10000,ppo,ppo,crawler,flat,dth_dth_neighbours_direct,,,,,,,,,,,,,,,0.09808310781387343,0,781,0.0,0.0,,,,,,,,,,,,,,,,,,,,,,,,,,,,,,,,,,,,,,,,,,,,,,,,,,,,,,,,,,,,,,,,,,,,,,,,,,nan,,,,,,,,,,,,,,,
446,2585.9208984375,0.0258331261575222,2.58331261575222,4550.21128487587,10000,ppo,ppo,crawler,flat,dth_dth_neighbours_direct,,,,,,,,,,,,,,,0.08945981477406131,0,781,0.0,0.0,,,,,,,,,,,,,,,,,,,,,,,,,,,,,,,,,,,,,,,,,,,,,,,,,,,,,,,,,,,,,,,,,,,,,,,,,,nan,,,,,,,,,,,,,,,
447,2523.763427734375,0.025213658809661865,2.5213658809661865,4559.827198028564,10000,ppo,ppo,crawler,flat,dth_dth_neighbours_direct,,,,,,,,,,,,,,,0.09424219005011814,0,781,0.0,0.0,,,,,,,,,,,,,,,,,,,,,,,,,,,,,,,,,,,,,,,,,,,,,,,,,,,,,,,,,,,,,,,,,,,,,,,,,,nan,,,,,,,,,,,,,,,
448,2623.513671875,0.02621048502624035,2.621048502624035,4569.747909069061,10000,ppo,ppo,crawler,flat,dth_dth_neighbours_direct,,,,,,,,,,,,,,,0.08864901432430151,0,781,0.0,0.0,,,,,,,,,,,,,,,,,,,,,,,,,,,,,,,,,,,,,,,,,,,,,,,,,,,,,,,,,,,,,,,,,,,,,,,,,,nan,,,,,,,,,,,,,,,
449,2541.4443359375,0.025386180728673935,2.5386180728673935,4579.385259389877,10000,ppo,ppo,crawler,flat,dth_dth_neighbours_direct,,,,,,,,,,,,,,,0.0980983456685904,0,781,0.0,0.0,,,,,,,,,,,,,,,,,,,,,,,,,,,,,,,,,,,,,,,,,,,,,,,,,,,,,,,,,,,,,,,,,,,,,,,,,,nan,,,,,,,,,,,,,,,
450,2642.184326171875,0.026394236832857132,2.639423683285713,4588.976711988449,10000,ppo,ppo,crawler,flat,dth_dth_neighbours_direct,,,,,,,,,,,,,,,0.08560042896595774,0,781,0.0,0.0,,,,,,,,,,,,,,,,,,,,,,,,,,,,,,,,,,,,,,,,,,,,,,,,,,,,,,,,,,,,,,,,,,,,,,,,,,nan,,,,,,,,,,,,,,,
451,2587.974609375,0.025849474593997,2.5849474593997,4598.988659858704,10000,ppo,ppo,crawler,flat,dth_dth_neighbours_direct,,,,,,,,,,,,,,,0.09788921057327102,0,781,0.0,0.0,,,,,,,,,,,,,,,,,,,,,,,,,,,,,,,,,,,,,,,,,,,,,,,,,,,,,,,,,,,,,,,,,,,,,,,,,,nan,,,,,,,,,,,,,,,
452,2564.470458984375,0.02561471424996853,2.561471424996853,4608.417633533478,10000,ppo,ppo,crawler,flat,dth_dth_neighbours_direct,,,,,,,,,,,,,,,0.0981129412850469,0,781,0.0,0.0,,,,,,,,,,,,,,,,,,,,,,,,,,,,,,,,,,,,,,,,,,,,,,,,,,,,,,,,,,,,,,,,,,,,,,,,,,nan,,,,,,,,,,,,,,,
453,2680.749755859375,0.026780061423778534,2.6780061423778534,4618.134524106979,10000,ppo,ppo,crawler,flat,dth_dth_neighbours_direct,,,,,,,,,,,,,,,0.08207280543675236,0,781,0.0,0.0,,,,,,,,,,,,,,,,,,,,,,,,,,,,,,,,,,,,,,,,,,,,,,,,,,,,,,,,,,,,,,,,,,,,,,,,,,nan,,,,,,,,,,,,,,,
454,2621.269287109375,0.026184741407632828,2.6184741407632828,4627.970821380615,10000,ppo,ppo,crawler,flat,dth_dth_neighbours_direct,,,,,,,,,,,,,,,0.09410451491225634,0,781,0.0,0.0,,,,,,,,,,,,,,,,,,,,,,,,,,,,,,,,,,,,,,,,,,,,,,,,,,,,,,,,,,,,,,,,,,,,,,,,,,nan,,,,,,,,,,,,,,,
455,2612.616455078125,0.026099657639861107,2.6099657639861107,4637.6197872161865,10000,ppo,ppo,crawler,flat,dth_dth_neighbours_direct,,,,,,,,,,,,,,,0.09816390058104144,0,781,0.0,0.0,,,,,,,,,,,,,,,,,,,,,,,,,,,,,,,,,,,,,,,,,,,,,,,,,,,,,,,,,,,,,,,,,,,,,,,,,,nan,,,,,,,,,,,,,,,
456,2809.109130859375,0.028060445562005043,2.8060445562005043,4647.155604600906,10000,ppo,ppo,crawler,flat,dth_dth_neighbours_direct,,,,,,,,,,,,,,,0.027502404911919864,0,781,0.0,0.0,,,,,,,,,,,,,,,,,,,,,,,,,,,,,,,,,,,,,,,,,,,,,,,,,,,,,,,,,,,,,,,,,,,,,,,,,,nan,,,,,,,,,,,,,,,
457,2710.656005859375,0.02707720920443535,2.707720920443535,4656.784738063812,10000,ppo,ppo,crawler,flat,dth_dth_neighbours_direct,,,,,,,,,,,,,,,0.08943500680438553,0,781,0.0,0.0,,,,,,,,,,,,,,,,,,,,,,,,,,,,,,,,,,,,,,,,,,,,,,,,,,,,,,,,,,,,,,,,,,,,,,,,,,nan,,,,,,,,,,,,,,,
458,2734.942138671875,0.027325203642249107,2.7325203642249107,4666.484541893005,10000,ppo,ppo,crawler,flat,dth_dth_neighbours_direct,,,,,,,,,,,,,,,0.07875100968242708,0,781,0.0,0.0,,,,,,,,,,,,,,,,,,,,,,,,,,,,,,,,,,,,,,,,,,,,,,,,,,,,,,,,,,,,,,,,,,,,,,,,,,nan,,,,,,,,,,,,,,,
459,2839.53173828125,0.028362862765789032,2.836286276578903,4676.244683504105,10000,ppo,ppo,crawler,flat,dth_dth_neighbours_direct,,,,,,,,,,,,,,,0.040073685428590564,0,781,0.0,0.0,,,,,,,,,,,,,,,,,,,,,,,,,,,,,,,,,,,,,,,,,,,,,,,,,,,,,,,,,,,,,,,,,,,,,,,,,,nan,,,,,,,,,,,,,,,
460,2665.64501953125,0.02662929706275463,2.662929706275463,4685.981671094894,10000,ppo,ppo,crawler,flat,dth_dth_neighbours_direct,,,,,,,,,,,,,,,0.10061297048342868,0,781,0.0,0.0,,,,,,,,,,,,,,,,,,,,,,,,,,,,,,,,,,,,,,,,,,,,,,,,,,,,,,,,,,,,,,,,,,,,,,,,,,nan,,,,,,,,,,,,,,,
461,2724.262939453125,0.027209671214222908,2.720967121422291,4696.056057691574,10000,ppo,ppo,crawler,flat,dth_dth_neighbours_direct,,,,,,,,,,,,,,,0.09196778988235296,0,781,0.0,0.0,,,,,,,,,,,,,,,,,,,,,,,,,,,,,,,,,,,,,,,,,,,,,,,,,,,,,,,,,,,,,,,,,,,,,,,,,,nan,,,,,,,,,,,,,,,
462,2593.897705078125,0.02590898983180523,2.590898983180523,4706.022724866867,10000,ppo,ppo,crawler,flat,dth_dth_neighbours_direct,,,,,,,,,,,,,,,0.10693831005082395,0,781,0.0,0.0,,,,,,,,,,,,,,,,,,,,,,,,,,,,,,,,,,,,,,,,,,,,,,,,,,,,,,,,,,,,,,,,,,,,,,,,,,nan,,,,,,,,,,,,,,,
463,2678.45166015625,0.02675553597509861,2.675553597509861,4715.435606241226,10000,ppo,ppo,crawler,flat,dth_dth_neighbours_direct,,,,,,,,,,,,,,,0.09916504613666685,0,781,0.0,0.0,,,,,,,,,,,,,,,,,,,,,,,,,,,,,,,,,,,,,,,,,,,,,,,,,,,,,,,,,,,,,,,,,,,,,,,,,,nan,,,,,,,,,,,,,,,
464,2534.949951171875,0.025323357433080673,2.5323357433080673,4725.349009752274,10000,ppo,ppo,crawler,flat,dth_dth_neighbours_direct,,,,,,,,,,,,,,,0.11145916716213483,0,781,0.0,0.0,,,,,,,,,,,,,,,,,,,,,,,,,,,,,,,,,,,,,,,,,,,,,,,,,,,,,,,,,,,,,,,,,,,,,,,,,,nan,,,,,,,,,,,,,,,
465,2696.0654296875,0.02693384699523449,2.693384699523449,4734.90382027626,10000,ppo,ppo,crawler,flat,dth_dth_neighbours_direct,,,,,,,,,,,,,,,0.09633678603991792,0,781,0.0,0.0,,,,,,,,,,,,,,,,,,,,,,,,,,,,,,,,,,,,,,,,,,,,,,,,,,,,,,,,,,,,,,,,,,,,,,,,,,nan,,,,,,,,,,,,,,,
466,2719.11181640625,0.027161968871951103,2.7161968871951103,4744.77004981041,10000,ppo,ppo,crawler,flat,dth_dth_neighbours_direct,,,,,,,,,,,,,,,0.08762602999038478,0,781,0.0,0.0,,,,,,,,,,,,,,,,,,,,,,,,,,,,,,,,,,,,,,,,,,,,,,,,,,,,,,,,,,,,,,,,,,,,,,,,,,nan,,,,,,,,,,,,,,,
467,2668.237060546875,0.026660216972231865,2.6660216972231865,4754.530944347382,10000,ppo,ppo,crawler,flat,dth_dth_neighbours_direct,,,,,,,,,,,,,,,0.10143224763255318,0,781,0.0,0.0,,,,,,,,,,,,,,,,,,,,,,,,,,,,,,,,,,,,,,,,,,,,,,,,,,,,,,,,,,,,,,,,,,,,,,,,,,nan,,,,,,,,,,,,,,,
468,2754.294921875,0.027517596259713173,2.7517596259713173,4764.3942975997925,10000,ppo,ppo,crawler,flat,dth_dth_neighbours_direct,,,,,,,,,,,,,,,0.07498405510205441,0,781,0.0,0.0,,,,,,,,,,,,,,,,,,,,,,,,,,,,,,,,,,,,,,,,,,,,,,,,,,,,,,,,,,,,,,,,,,,,,,,,,,nan,,,,,,,,,,,,,,,
469,2671.2734375,0.0266839899122715,2.66839899122715,4774.103408336639,10000,ppo,ppo,crawler,flat,dth_dth_neighbours_direct,,,,,,,,,,,,,,,0.10233326312801816,0,781,0.0,0.0,,,,,,,,,,,,,,,,,,,,,,,,,,,,,,,,,,,,,,,,,,,,,,,,,,,,,,,,,,,,,,,,,,,,,,,,,,nan,,,,,,,,,,,,,,,
470,2724.764404296875,0.027214763686060905,2.7214763686060905,4784.154564619064,10000,ppo,ppo,crawler,flat,dth_dth_neighbours_direct,,,,,,,,,,,,,,,0.0885429441068202,0,781,0.0,0.0,,,,,,,,,,,,,,,,,,,,,,,,,,,,,,,,,,,,,,,,,,,,,,,,,,,,,,,,,,,,,,,,,,,,,,,,,,nan,,,,,,,,,,,,,,,
471,2689.80224609375,0.026865148916840553,2.6865148916840553,4794.024441003799,10000,ppo,ppo,crawler,flat,dth_dth_neighbours_direct,,,,,,,,,,,,,,,0.1025494441870652,0,781,0.0,0.0,,,,,,,,,,,,,,,,,,,,,,,,,,,,,,,,,,,,,,,,,,,,,,,,,,,,,,,,,,,,,,,,,,,,,,,,,,nan,,,,,,,,,,,,,,,
472,2726.58642578125,0.027236251160502434,2.7236251160502434,4803.742406129837,10000,ppo,ppo,crawler,flat,dth_dth_neighbours_direct,,,,,,,,,,,,,,,0.0936330059053669,0,781,0.0,0.0,,,,,,,,,,,,,,,,,,,,,,,,,,,,,,,,,,,,,,,,,,,,,,,,,,,,,,,,,,,,,,,,,,,,,,,,,,nan,,,,,,,,,,,,,,,
473,2640.784912109375,0.026377493515610695,2.6377493515610695,4813.500720024109,10000,ppo,ppo,crawler,flat,dth_dth_neighbours_direct,,,,,,,,,,,,,,,0.10522545867925856,0,781,0.0,0.0,,,,,,,,,,,,,,,,,,,,,,,,,,,,,,,,,,,,,,,,,,,,,,,,,,,,,,,,,,,,,,,,,,,,,,,,,,nan,,,,,,,,,,,,,,,
474,2720.887451171875,0.027182940393686295,2.7182940393686295,4823.383390188217,10000,ppo,ppo,crawler,flat,dth_dth_neighbours_direct,,,,,,,,,,,,,,,0.09200844999383083,0,781,0.0,0.0,,,,,,,,,,,,,,,,,,,,,,,,,,,,,,,,,,,,,,,,,,,,,,,,,,,,,,,,,,,,,,,,,,,,,,,,,,nan,,,,,,,,,,,,,,,
475,2726.799560546875,0.027239521965384483,2.7239521965384483,4833.33096241951,10000,ppo,ppo,crawler,flat,dth_dth_neighbours_direct,,,,,,,,,,,,,,,0.09617087469196214,0,781,0.0,0.0,,,,,,,,,,,,,,,,,,,,,,,,,,,,,,,,,,,,,,,,,,,,,,,,,,,,,,,,,,,,,,,,,,,,,,,,,,nan,,,,,,,,,,,,,,,
476,2737.363037109375,0.02734307199716568,2.734307199716568,4842.899258852005,10000,ppo,ppo,crawler,flat,dth_dth_neighbours_direct,,,,,,,,,,,,,,,0.09327401128043075,0,781,0.0,0.0,,,,,,,,,,,,,,,,,,,,,,,,,,,,,,,,,,,,,,,,,,,,,,,,,,,,,,,,,,,,,,,,,,,,,,,,,,nan,,,,,,,,,,,,,,,
477,2734.3212890625,0.027318937703967094,2.7318937703967094,4852.811604261398,10000,ppo,ppo,crawler,flat,dth_dth_neighbours_direct,,,,,,,,,,,,,,,0.09928948952974,0,781,0.0,0.0,,,,,,,,,,,,,,,,,,,,,,,,,,,,,,,,,,,,,,,,,,,,,,,,,,,,,,,,,,,,,,,,,,,,,,,,,,nan,,,,,,,,,,,,,,,
478,2744.640869140625,0.027413884177803993,2.7413884177803993,4862.585275650024,10000,ppo,ppo,crawler,flat,dth_dth_neighbours_direct,,,,,,,,,,,,,,,0.08822509655531968,0,781,0.0,0.0,,,,,,,,,,,,,,,,,,,,,,,,,,,,,,,,,,,,,,,,,,,,,,,,,,,,,,,,,,,,,,,,,,,,,,,,,,nan,,,,,,,,,,,,,,,
479,2731.328125,0.02728359028697014,2.728359028697014,4872.385078668594,10000,ppo,ppo,crawler,flat,dth_dth_neighbours_direct,,,,,,,,,,,,,,,0.09714209520257769,0,781,0.0,0.0,,,,,,,,,,,,,,,,,,,,,,,,,,,,,,,,,,,,,,,,,,,,,,,,,,,,,,,,,,,,,,,,,,,,,,,,,,nan,,,,,,,,,,,,,,,
480,2660.083740234375,0.026573721319437027,2.6573721319437027,4881.9577486515045,10000,ppo,ppo,crawler,flat,dth_dth_neighbours_direct,,,,,,,,,,,,,,,0.10721266983647543,0,781,0.0,0.0,,,,,,,,,,,,,,,,,,,,,,,,,,,,,,,,,,,,,,,,,,,,,,,,,,,,,,,,,,,,,,,,,,,,,,,,,,nan,,,,,,,,,,,,,,,
481,2840.875732421875,0.02837732993066311,2.837732993066311,4891.604252815247,10000,ppo,ppo,crawler,flat,dth_dth_neighbours_direct,,,,,,,,,,,,,,,0.03713461662415044,0,781,0.0,0.0,,,,,,,,,,,,,,,,,,,,,,,,,,,,,,,,,,,,,,,,,,,,,,,,,,,,,,,,,,,,,,,,,,,,,,,,,,nan,,,,,,,,,,,,,,,
482,2805.71875,0.02802984230220318,2.802984230220318,4901.1497457027435,10000,ppo,ppo,crawler,flat,dth_dth_neighbours_direct,,,,,,,,,,,,,,,0.06879339223726391,0,781,0.0,0.0,,,,,,,,,,,,,,,,,,,,,,,,,,,,,,,,,,,,,,,,,,,,,,,,,,,,,,,,,,,,,,,,,,,,,,,,,,nan,,,,,,,,,,,,,,,
483,2653.225341796875,0.026504985988140106,2.6504985988140106,4910.6650977134705,10000,ppo,ppo,crawler,flat,dth_dth_neighbours_direct,,,,,,,,,,,,,,,0.10879158318275399,0,781,0.0,0.0,,,,,,,,,,,,,,,,,,,,,,,,,,,,,,,,,,,,,,,,,,,,,,,,,,,,,,,,,,,,,,,,,,,,,,,,,,nan,,,,,,,,,,,,,,,
484,2820.41552734375,0.028170159086585045,2.8170159086585045,4920.1833300590515,10000,ppo,ppo,crawler,flat,dth_dth_neighbours_direct,,,,,,,,,,,,,,,0.07119843538948516,0,781,0.0,0.0,,,,,,,,,,,,,,,,,,,,,,,,,,,,,,,,,,,,,,,,,,,,,,,,,,,,,,,,,,,,,,,,,,,,,,,,,,nan,,,,,,,,,,,,,,,
485,2691.929443359375,0.02688593603670597,2.688593603670597,4929.853983640671,10000,ppo,ppo,crawler,flat,dth_dth_neighbours_direct,,,,,,,,,,,,,,,0.10890413182685457,0,781,0.0,0.0,,,,,,,,,,,,,,,,,,,,,,,,,,,,,,,,,,,,,,,,,,,,,,,,,,,,,,,,,,,,,,,,,,,,,,,,,,nan,,,,,,,,,,,,,,,
486,2705.43408203125,0.027025936171412468,2.702593617141247,4939.283068180084,10000,ppo,ppo,crawler,flat,dth_dth_neighbours_direct,,,,,,,,,,,,,,,0.10519532028688847,0,781,0.0,0.0,,,,,,,,,,,,,,,,,,,,,,,,,,,,,,,,,,,,,,,,,,,,,,,,,,,,,,,,,,,,,,,,,,,,,,,,,,nan,,,,,,,,,,,,,,,
487,2838.926513671875,0.0283590666949749,2.83590666949749,4948.990971565247,10000,ppo,ppo,crawler,flat,dth_dth_neighbours_direct,,,,,,,,,,,,,,,0.06609393148609041,0,781,0.0,0.0,,,,,,,,,,,,,,,,,,,,,,,,,,,,,,,,,,,,,,,,,,,,,,,,,,,,,,,,,,,,,,,,,,,,,,,,,,nan,,,,,,,,,,,,,,,
488,2744.49609375,0.02741434797644615,2.741434797644615,4958.609589338303,10000,ppo,ppo,crawler,flat,dth_dth_neighbours_direct,,,,,,,,,,,,,,,0.10065248253094128,0,781,0.0,0.0,,,,,,,,,,,,,,,,,,,,,,,,,,,,,,,,,,,,,,,,,,,,,,,,,,,,,,,,,,,,,,,,,,,,,,,,,,nan,,,,,,,,,,,,,,,
489,2810.748291015625,0.02807912789285183,2.807912789285183,4968.242202997208,10000,ppo,ppo,crawler,flat,dth_dth_neighbours_direct,,,,,,,,,,,,,,,0.07119893336253426,0,781,0.0,0.0,,,,,,,,,,,,,,,,,,,,,,,,,,,,,,,,,,,,,,,,,,,,,,,,,,,,,,,,,,,,,,,,,,,,,,,,,,nan,,,,,,,,,,,,,,,
490,2882.5009765625,0.02879311703145504,2.879311703145504,4978.103442668915,10000,ppo,ppo,crawler,flat,dth_dth_neighbours_direct,,,,,,,,,,,,,,,0.040805963810722025,0,781,0.0,0.0,,,,,,,,,,,,,,,,,,,,,,,,,,,,,,,,,,,,,,,,,,,,,,,,,,,,,,,,,,,,,,,,,,,,,,,,,,nan,,,,,,,,,,,,,,,
491,2848.26416015625,0.028452899307012558,2.845289930701256,4987.59494638443,10000,ppo,ppo,crawler,flat,dth_dth_neighbours_direct,,,,,,,,,,,,,,,0.05983980690540524,0,781,0.0,0.0,,,,,,,,,,,,,,,,,,,,,,,,,,,,,,,,,,,,,,,,,,,,,,,,,,,,,,,,,,,,,,,,,,,,,,,,,,nan,,,,,,,,,,,,,,,
492,2781.62158203125,0.027786314487457275,2.7786314487457275,4997.359584569931,10000,ppo,ppo,crawler,flat,dth_dth_neighbours_direct,,,,,,,,,,,,,,,0.0950499059944227,0,781,0.0,0.0,,,,,,,,,,,,,,,,,,,,,,,,,,,,,,,,,,,,,,,,,,,,,,,,,,,,,,,,,,,,,,,,,,,,,,,,,,nan,,,,,,,,,,,,,,,
493,2736.110595703125,0.027331413701176643,2.7331413701176643,5006.852472066879,10000,ppo,ppo,crawler,flat,dth_dth_neighbours_direct,,,,,,,,,,,,,,,0.10945412336461462,0,781,0.0,0.0,,,,,,,,,,,,,,,,,,,,,,,,,,,,,,,,,,,,,,,,,,,,,,,,,,,,,,,,,,,,,,,,,,,,,,,,,,nan,,,,,,,,,,,,,,,
494,2898.609375,0.028953753411769867,2.8953753411769867,5016.499305963516,10000,ppo,ppo,crawler,flat,dth_dth_neighbours_direct,,,,,,,,,,,,,,,0.05386111388893765,0,781,0.0,0.0,,,,,,,,,,,,,,,,,,,,,,,,,,,,,,,,,,,,,,,,,,,,,,,,,,,,,,,,,,,,,,,,,,,,,,,,,,nan,,,,,,,,,,,,,,,
495,2854.370849609375,0.02851683832705021,2.851683832705021,5026.343345165253,10000,ppo,ppo,crawler,flat,dth_dth_neighbours_direct,,,,,,,,,,,,,,,0.0790197420201385,0,781,0.0,0.0,,,,,,,,,,,,,,,,,,,,,,,,,,,,,,,,,,,,,,,,,,,,,,,,,,,,,,,,,,,,,,,,,,,,,,,,,,nan,,,,,,,,,,,,,,,
496,2759.278076171875,0.02756381779909134,2.756381779909134,5035.526686191559,10000,ppo,ppo,crawler,flat,dth_dth_neighbours_direct,,,,,,,,,,,,,,,0.10513818730791488,0,781,0.0,0.0,,,,,,,,,,,,,,,,,,,,,,,,,,,,,,,,,,,,,,,,,,,,,,,,,,,,,,,,,,,,,,,,,,,,,,,,,,nan,,,,,,,,,,,,,,,
497,2760.057861328125,0.027574608102440834,2.7574608102440834,5045.47709608078,10000,ppo,ppo,crawler,flat,dth_dth_neighbours_direct,,,,,,,,,,,,,,,0.09714516973525553,0,781,0.0,0.0,,,,,,,,,,,,,,,,,,,,,,,,,,,,,,,,,,,,,,,,,,,,,,,,,,,,,,,,,,,,,,,,,,,,,,,,,,nan,,,,,,,,,,,,,,,
498,2644.246826171875,0.02641654945909977,2.641654945909977,5054.968031406403,10000,ppo,ppo,crawler,flat,dth_dth_neighbours_direct,,,,,,,,,,,,,,,0.11782588946569961,0,781,0.0,0.0,,,,,,,,,,,,,,,,,,,,,,,,,,,,,,,,,,,,,,,,,,,,,,,,,,,,,,,,,,,,,,,,,,,,,,,,,,nan,,,,,,,,,,,,,,,
499,2747.192626953125,0.027440538629889488,2.744053862988949,5064.841165304184,10000,ppo,ppo,crawler,flat,dth_dth_neighbours_direct,,,,,,,,,,,,,,,0.10536151382010554,0,781,0.0,0.0,,,,,,,,,,,,,,,,,,,,,,,,,,,,,,,,,,,,,,,,,,,,,,,,,,,,,,,,,,,,,,,,,,,,,,,,,,nan,,,,,,,,,,,,,,,
500,2678.05322265625,0.02675139158964157,2.675139158964157,5074.715916633606,10000,ppo,ppo,crawler,flat,dth_dth_neighbours_direct,,,,,,,,,,,,,,,0.1192667087140626,0,781,0.0,0.0,,,,,,,,,,,,,,,,,,,,,,,,,,,,,,,,,,,,,,,,,,,,,,,,,,,,,,,,,,,,,,,,,,,,,,,,,,nan,,,,,,,,,,,,,,,
501,2757.975341796875,0.027547111734747887,2.7547111734747887,5084.174406290054,10000,ppo,ppo,crawler,flat,dth_dth_neighbours_direct,,,,,,,,,,,,,,,0.10689321739654926,0,781,0.0,0.0,,,,,,,,,,,,,,,,,,,,,,,,,,,,,,,,,,,,,,,,,,,,,,,,,,,,,,,,,,,,,,,,,,,,,,,,,,nan,,,,,,,,,,,,,,,
502,2721.93212890625,0.027189413085579872,2.718941308557987,5094.236494064331,10000,ppo,ppo,crawler,flat,dth_dth_neighbours_direct,,,,,,,,,,,,,,,0.11633092122867728,0,781,0.0,0.0,,,,,,,,,,,,,,,,,,,,,,,,,,,,,,,,,,,,,,,,,,,,,,,,,,,,,,,,,,,,,,,,,,,,,,,,,,nan,,,,,,,,,,,,,,,
503,2631.45703125,0.026287348940968513,2.6287348940968513,5104.261929273605,10000,ppo,ppo,crawler,flat,dth_dth_neighbours_direct,,,,,,,,,,,,,,,0.12173918542056748,0,781,0.0,0.0,,,,,,,,,,,,,,,,,,,,,,,,,,,,,,,,,,,,,,,,,,,,,,,,,,,,,,,,,,,,,,,,,,,,,,,,,,nan,,,,,,,,,,,,,,,
504,2595.223876953125,0.025921231135725975,2.5921231135725975,5113.727744102478,10000,ppo,ppo,crawler,flat,dth_dth_neighbours_direct,,,,,,,,,,,,,,,0.12275570940983657,0,781,0.0,0.0,,,,,,,,,,,,,,,,,,,,,,,,,,,,,,,,,,,,,,,,,,,,,,,,,,,,,,,,,,,,,,,,,,,,,,,,,,nan,,,,,,,,,,,,,,,
505,2731.7236328125,0.027289140969514847,2.7289140969514847,5123.716160535812,10000,ppo,ppo,crawler,flat,dth_dth_neighbours_direct,,,,,,,,,,,,,,,0.11272390027388914,0,781,0.0,0.0,,,,,,,,,,,,,,,,,,,,,,,,,,,,,,,,,,,,,,,,,,,,,,,,,,,,,,,,,,,,,,,,,,,,,,,,,,nan,,,,,,,,,,,,,,,
506,2734.886474609375,0.027319567278027534,2.7319567278027534,5133.290478467941,10000,ppo,ppo,crawler,flat,dth_dth_neighbours_direct,,,,,,,,,,,,,,,0.10764619703013464,0,781,0.0,0.0,,,,,,,,,,,,,,,,,,,,,,,,,,,,,,,,,,,,,,,,,,,,,,,,,,,,,,,,,,,,,,,,,,,,,,,,,,nan,,,,,,,,,,,,,,,
507,2709.719482421875,0.02706797979772091,2.706797979772091,5143.096496105194,10000,ppo,ppo,crawler,flat,dth_dth_neighbours_direct,,,,,,,,,,,,,,,0.11583650036343794,0,781,0.0,0.0,,,,,,,,,,,,,,,,,,,,,,,,,,,,,,,,,,,,,,,,,,,,,,,,,,,,,,,,,,,,,,,,,,,,,,,,,,nan,,,,,,,,,,,,,,,
508,2658.787109375,0.026563439518213272,2.656343951821327,5152.817196846008,10000,ppo,ppo,crawler,flat,dth_dth_neighbours_direct,,,,,,,,,,,,,,,0.11812215598396006,0,781,0.0,0.0,,,,,,,,,,,,,,,,,,,,,,,,,,,,,,,,,,,,,,,,,,,,,,,,,,,,,,,,,,,,,,,,,,,,,,,,,,nan,,,,,,,,,,,,,,,
509,2633.716064453125,0.026313597336411476,2.6313597336411476,5162.476128578186,10000,ppo,ppo,crawler,flat,dth_dth_neighbours_direct,,,,,,,,,,,,,,,0.13240155712989682,0,781,0.0,0.0,,,,,,,,,,,,,,,,,,,,,,,,,,,,,,,,,,,,,,,,,,,,,,,,,,,,,,,,,,,,,,,,,,,,,,,,,,nan,,,,,,,,,,,,,,,
510,2396.466552734375,0.02393411099910736,2.393411099910736,5172.731115579605,10000,ppo,ppo,crawler,flat,dth_dth_neighbours_direct,,,,,,,,,,,,,,,0.1356740016068616,0,781,0.0,0.0,,,,,,,,,,,,,,,,,,,,,,,,,,,,,,,,,,,,,,,,,,,,,,,,,,,,,,,,,,,,,,,,,,,,,,,,,,nan,,,,,,,,,,,,,,,
511,2396.526611328125,0.02394159510731697,2.394159510731697,5182.016330957413,10000,ppo,ppo,crawler,flat,dth_dth_neighbours_direct,,,,,,,,,,,,,,,0.1406741982505028,0,781,0.0,0.0,,,,,,,,,,,,,,,,,,,,,,,,,,,,,,,,,,,,,,,,,,,,,,,,,,,,,,,,,,,,,,,,,,,,,,,,,,nan,,,,,,,,,,,,,,,
512,2333.388671875,0.023315904662013054,2.3315904662013054,5191.819417953491,10000,ppo,ppo,crawler,flat,dth_dth_neighbours_direct,,,,,,,,,,,,,,,0.15037079624020497,0,781,0.0,0.0,,,,,,,,,,,,,,,,,,,,,,,,,,,,,,,,,,,,,,,,,,,,,,,,,,,,,,,,,,,,,,,,,,,,,,,,,,nan,,,,,,,,,,,,,,,
513,2158.36572265625,0.021566450595855713,2.1566450595855713,5201.461730480194,10000,ppo,ppo,crawler,flat,dth_dth_neighbours_direct,,,,,,,,,,,,,,,0.17811027911247412,0,781,0.0,0.0,,,,,,,,,,,,,,,,,,,,,,,,,,,,,,,,,,,,,,,,,,,,,,,,,,,,,,,,,,,,,,,,,,,,,,,,,,nan,,,,,,,,,,,,,,,
514,2059.366943359375,0.020576726645231247,2.0576726645231247,5211.068630456924,10000,ppo,ppo,crawler,flat,dth_dth_neighbours_direct,,,,,,,,,,,,,,,0.1862321775710587,0,781,0.0,0.0,,,,,,,,,,,,,,,,,,,,,,,,,,,,,,,,,,,,,,,,,,,,,,,,,,,,,,,,,,,,,,,,,,,,,,,,,,nan,,,,,,,,,,,,,,,
515,1930.7039794921875,0.019286399707198143,1.9286399707198143,5220.762252807617,10000,ppo,ppo,crawler,flat,dth_dth_neighbours_direct,,,,,,,,,,,,,,,0.2524607660449272,0,781,0.0,0.0,,,,,,,,,,,,,,,,,,,,,,,,,,,,,,,,,,,,,,,,,,,,,,,,,,,,,,,,,,,,,,,,,,,,,,,,,,nan,,,,,,,,,,,,,,,
516,1861.0562744140625,0.018588442355394363,1.8588442355394363,5230.335079193115,10000,ppo,ppo,crawler,flat,dth_dth_neighbours_direct,,,,,,,,,,,,,,,0.2529178244101287,0,781,0.0,0.0,,,,,,,,,,,,,,,,,,,,,,,,,,,,,,,,,,,,,,,,,,,,,,,,,,,,,,,,,,,,,,,,,,,,,,,,,,nan,,,,,,,,,,,,,,,
517,1673.0574951171875,0.016709810122847557,1.6709810122847557,5240.33353304863,10000,ppo,ppo,crawler,flat,dth_dth_neighbours_direct,,,,,,,,,,,,,,,0.2579692365350093,0,781,0.0,0.0,,,,,,,,,,,,,,,,,,,,,,,,,,,,,,,,,,,,,,,,,,,,,,,,,,,,,,,,,,,,,,,,,,,,,,,,,,nan,,,,,,,,,,,,,,,
518,1639.731689453125,0.01638054847717285,1.6380548477172852,5250.039474248886,10000,ppo,ppo,crawler,flat,dth_dth_neighbours_direct,,,,,,,,,,,,,,,0.24806205929945277,0,781,0.0,0.0,,,,,,,,,,,,,,,,,,,,,,,,,,,,,,,,,,,,,,,,,,,,,,,,,,,,,,,,,,,,,,,,,,,,,,,,,,nan,,,,,,,,,,,,,,,
519,1607.2412109375,0.016055312007665634,1.6055312007665634,5259.592862844467,10000,ppo,ppo,crawler,flat,dth_dth_neighbours_direct,,,,,,,,,,,,,,,0.2452541701662594,0,781,0.0,0.0,,,,,,,,,,,,,,,,,,,,,,,,,,,,,,,,,,,,,,,,,,,,,,,,,,,,,,,,,,,,,,,,,,,,,,,,,,nan,,,,,,,,,,,,,,,
520,1630.458251953125,0.016289349645376205,1.6289349645376205,5269.633933544159,10000,ppo,ppo,crawler,flat,dth_dth_neighbours_direct,,,,,,,,,,,,,,,0.23366608439711722,0,781,0.0,0.0,,,,,,,,,,,,,,,,,,,,,,,,,,,,,,,,,,,,,,,,,,,,,,,,,,,,,,,,,,,,,,,,,,,,,,,,,,nan,,,,,,,,,,,,,,,
521,1595.7191162109375,0.015937069430947304,1.5937069430947304,5279.212019920349,10000,ppo,ppo,crawler,flat,dth_dth_neighbours_direct,,,,,,,,,,,,,,,0.24731298734138657,0,781,0.0,0.0,,,,,,,,,,,,,,,,,,,,,,,,,,,,,,,,,,,,,,,,,,,,,,,,,,,,,,,,,,,,,,,,,,,,,,,,,,nan,,,,,,,,,,,,,,,
522,1418.9537353515625,0.014173482544720173,1.4173482544720173,5288.955108642578,10000,ppo,ppo,crawler,flat,dth_dth_neighbours_direct,,,,,,,,,,,,,,,0.2471597655663775,0,781,0.0,0.0,,,,,,,,,,,,,,,,,,,,,,,,,,,,,,,,,,,,,,,,,,,,,,,,,,,,,,,,,,,,,,,,,,,,,,,,,,nan,,,,,,,,,,,,,,,
523,1497.0740966796875,0.014958265237510204,1.4958265237510204,5298.759163618088,10000,ppo,ppo,crawler,flat,dth_dth_neighbours_direct,,,,,,,,,,,,,,,0.21628145756070163,0,781,0.0,0.0,,,,,,,,,,,,,,,,,,,,,,,,,,,,,,,,,,,,,,,,,,,,,,,,,,,,,,,,,,,,,,,,,,,,,,,,,,nan,,,,,,,,,,,,,,,
524,1373.3970947265625,0.01372208259999752,1.372208259999752,5308.61922454834,10000,ppo,ppo,crawler,flat,dth_dth_neighbours_direct,,,,,,,,,,,,,,,0.22686722315604255,0,781,0.0,0.0,,,,,,,,,,,,,,,,,,,,,,,,,,,,,,,,,,,,,,,,,,,,,,,,,,,,,,,,,,,,,,,,,,,,,,,,,,nan,,,,,,,,,,,,,,,
525,1454.1842041015625,0.014527097344398499,1.4527097344398499,5318.742591619492,10000,ppo,ppo,crawler,flat,dth_dth_neighbours_direct,,,,,,,,,,,,,,,0.20134073520513457,0,781,0.0,0.0,,,,,,,,,,,,,,,,,,,,,,,,,,,,,,,,,,,,,,,,,,,,,,,,,,,,,,,,,,,,,,,,,,,,,,,,,,nan,,,,,,,,,,,,,,,
526,1370.71533203125,0.013691590167582035,1.3691590167582035,5328.361473321915,10000,ppo,ppo,crawler,flat,dth_dth_neighbours_direct,,,,,,,,,,,,,,,0.19992401044081176,0,781,0.0,0.0,,,,,,,,,,,,,,,,,,,,,,,,,,,,,,,,,,,,,,,,,,,,,,,,,,,,,,,,,,,,,,,,,,,,,,,,,,nan,,,,,,,,,,,,,,,
527,1336.9677734375,0.013355989940464497,1.3355989940464497,5338.060989379883,10000,ppo,ppo,crawler,flat,dth_dth_neighbours_direct,,,,,,,,,,,,,,,0.2062689471415824,0,781,0.0,0.0,,,,,,,,,,,,,,,,,,,,,,,,,,,,,,,,,,,,,,,,,,,,,,,,,,,,,,,,,,,,,,,,,,,,,,,,,,nan,,,,,,,,,,,,,,,
528,1184.0911865234375,0.011828169226646423,1.1828169226646423,5348.135248661041,10000,ppo,ppo,crawler,flat,dth_dth_neighbours_direct,,,,,,,,,,,,,,,0.21492467909340607,0,781,0.0,0.0,,,,,,,,,,,,,,,,,,,,,,,,,,,,,,,,,,,,,,,,,,,,,,,,,,,,,,,,,,,,,,,,,,,,,,,,,,nan,,,,,,,,,,,,,,,
529,1339.705322265625,0.013377675786614418,1.3377675786614418,5357.7504189014435,10000,ppo,ppo,crawler,flat,dth_dth_neighbours_direct,,,,,,,,,,,,,,,0.18830852946891463,0,781,0.0,0.0,,,,,,,,,,,,,,,,,,,,,,,,,,,,,,,,,,,,,,,,,,,,,,,,,,,,,,,,,,,,,,,,,,,,,,,,,,nan,,,,,,,,,,,,,,,
530,1084.0355224609375,0.010826928541064262,1.0826928541064262,5367.701588153839,10000,ppo,ppo,crawler,flat,dth_dth_neighbours_direct,,,,,,,,,,,,,,,0.22907977787635098,0,781,0.0,0.0,,,,,,,,,,,,,,,,,,,,,,,,,,,,,,,,,,,,,,,,,,,,,,,,,,,,,,,,,,,,,,,,,,,,,,,,,,nan,,,,,,,,,,,,,,,
531,1204.3297119140625,0.012023494578897953,1.2023494578897953,5377.059684038162,10000,ppo,ppo,crawler,flat,dth_dth_neighbours_direct,,,,,,,,,,,,,,,0.17982256798547824,0,781,0.0,0.0,,,,,,,,,,,,,,,,,,,,,,,,,,,,,,,,,,,,,,,,,,,,,,,,,,,,,,,,,,,,,,,,,,,,,,,,,,nan,,,,,,,,,,,,,,,
532,1118.718017578125,0.01117021031677723,1.117021031677723,5386.754487991333,10000,ppo,ppo,crawler,flat,dth_dth_neighbours_direct,,,,,,,,,,,,,,,0.19411635460272525,0,781,0.0,0.0,,,,,,,,,,,,,,,,,,,,,,,,,,,,,,,,,,,,,,,,,,,,,,,,,,,,,,,,,,,,,,,,,,,,,,,,,,nan,,,,,,,,,,,,,,,
533,1239.63525390625,0.012384461238980293,1.2384461238980293,5396.471166133881,10000,ppo,ppo,crawler,flat,dth_dth_neighbours_direct,,,,,,,,,,,,,,,0.17041574842432272,0,781,0.0,0.0,,,,,,,,,,,,,,,,,,,,,,,,,,,,,,,,,,,,,,,,,,,,,,,,,,,,,,,,,,,,,,,,,,,,,,,,,,nan,,,,,,,,,,,,,,,
534,1176.9862060546875,0.011759855784475803,1.1759855784475803,5405.850718021393,10000,ppo,ppo,crawler,flat,dth_dth_neighbours_direct,,,,,,,,,,,,,,,0.17257872538156102,0,781,0.0,0.0,,,,,,,,,,,,,,,,,,,,,,,,,,,,,,,,,,,,,,,,,,,,,,,,,,,,,,,,,,,,,,,,,,,,,,,,,,nan,,,,,,,,,,,,,,,
535,1143.5032958984375,0.01142736617475748,1.142736617475748,5415.675966978073,10000,ppo,ppo,crawler,flat,dth_dth_neighbours_direct,,,,,,,,,,,,,,,0.17055229080897066,0,781,0.0,0.0,,,,,,,,,,,,,,,,,,,,,,,,,,,,,,,,,,,,,,,,,,,,,,,,,,,,,,,,,,,,,,,,,,,,,,,,,,nan,,,,,,,,,,,,,,,
536,1202.39697265625,0.012013876810669899,1.20138768106699,5424.922508716583,10000,ppo,ppo,crawler,flat,dth_dth_neighbours_direct,,,,,,,,,,,,,,,0.15313486909592203,0,781,0.0,0.0,,,,,,,,,,,,,,,,,,,,,,,,,,,,,,,,,,,,,,,,,,,,,,,,,,,,,,,,,,,,,,,,,,,,,,,,,,nan,,,,,,,,,,,,,,,
537,1202.720947265625,0.01201329194009304,1.201329194009304,5435.1203627586365,10000,ppo,ppo,crawler,flat,dth_dth_neighbours_direct,,,,,,,,,,,,,,,0.15412880575296486,0,781,0.0,0.0,,,,,,,,,,,,,,,,,,,,,,,,,,,,,,,,,,,,,,,,,,,,,,,,,,,,,,,,,,,,,,,,,,,,,,,,,,nan,,,,,,,,,,,,,,,
538,1114.7684326171875,0.01113633718341589,1.113633718341589,5444.679445743561,10000,ppo,ppo,crawler,flat,dth_dth_neighbours_direct,,,,,,,,,,,,,,,0.1614844120282801,0,781,0.0,0.0,,,,,,,,,,,,,,,,,,,,,,,,,,,,,,,,,,,,,,,,,,,,,,,,,,,,,,,,,,,,,,,,,,,,,,,,,,nan,,,,,,,,,,,,,,,
539,1102.4627685546875,0.01100959349423647,1.100959349423647,5454.350652456284,10000,ppo,ppo,crawler,flat,dth_dth_neighbours_direct,,,,,,,,,,,,,,,0.15834368976699298,0,781,0.0,0.0,,,,,,,,,,,,,,,,,,,,,,,,,,,,,,,,,,,,,,,,,,,,,,,,,,,,,,,,,,,,,,,,,,,,,,,,,,nan,,,,,,,,,,,,,,,
540,1117.603515625,0.011163303628563881,1.116330362856388,5464.298230648041,10000,ppo,ppo,crawler,flat,dth_dth_neighbours_direct,,,,,,,,,,,,,,,0.15684197480967227,0,781,0.0,0.0,,,,,,,,,,,,,,,,,,,,,,,,,,,,,,,,,,,,,,,,,,,,,,,,,,,,,,,,,,,,,,,,,,,,,,,,,,nan,,,,,,,,,,,,,,,
541,1112.0330810546875,0.011107434518635273,1.1107434518635273,5473.730448722839,10000,ppo,ppo,crawler,flat,dth_dth_neighbours_direct,,,,,,,,,,,,,,,0.15275357457519445,0,781,0.0,0.0,,,,,,,,,,,,,,,,,,,,,,,,,,,,,,,,,,,,,,,,,,,,,,,,,,,,,,,,,,,,,,,,,,,,,,,,,,nan,,,,,,,,,,,,,,,
542,1097.587890625,0.010961773805320263,1.0961773805320263,5483.368575811386,10000,ppo,ppo,crawler,flat,dth_dth_neighbours_direct,,,,,,,,,,,,,,,0.15130130076643614,0,781,0.0,0.0,,,,,,,,,,,,,,,,,,,,,,,,,,,,,,,,,,,,,,,,,,,,,,,,,,,,,,,,,,,,,,,,,,,,,,,,,,nan,,,,,,,,,,,,,,,
543,1079.2867431640625,0.010780492797493935,1.0780492797493935,5493.240957260132,10000,ppo,ppo,crawler,flat,dth_dth_neighbours_direct,,,,,,,,,,,,,,,0.1555674197544935,0,781,0.0,0.0,,,,,,,,,,,,,,,,,,,,,,,,,,,,,,,,,,,,,,,,,,,,,,,,,,,,,,,,,,,,,,,,,,,,,,,,,,nan,,,,,,,,,,,,,,,
544,1172.6724853515625,0.011718484573066235,1.1718484573066235,5502.765500307083,10000,ppo,ppo,crawler,flat,dth_dth_neighbours_direct,,,,,,,,,,,,,,,0.13566565943677694,0,781,0.0,0.0,,,,,,,,,,,,,,,,,,,,,,,,,,,,,,,,,,,,,,,,,,,,,,,,,,,,,,,,,,,,,,,,,,,,,,,,,,nan,,,,,,,,,,,,,,,
545,1136.666748046875,0.011356249451637268,1.1356249451637268,5512.669087409973,10000,ppo,ppo,crawler,flat,dth_dth_neighbours_direct,,,,,,,,,,,,,,,0.13882080415553594,0,781,0.0,0.0,,,,,,,,,,,,,,,,,,,,,,,,,,,,,,,,,,,,,,,,,,,,,,,,,,,,,,,,,,,,,,,,,,,,,,,,,,nan,,,,,,,,,,,,,,,
546,1033.9666748046875,0.010327973403036594,1.0327973403036594,5522.21977686882,10000,ppo,ppo,crawler,flat,dth_dth_neighbours_direct,,,,,,,,,,,,,,,0.15592444183222628,0,781,0.0,0.0,,,,,,,,,,,,,,,,,,,,,,,,,,,,,,,,,,,,,,,,,,,,,,,,,,,,,,,,,,,,,,,,,,,,,,,,,,nan,,,,,,,,,,,,,,,
547,1074.27880859375,0.010728736408054829,1.0728736408054829,5532.0177228450775,10000,ppo,ppo,crawler,flat,dth_dth_neighbours_direct,,,,,,,,,,,,,,,0.14535838223815126,0,781,0.0,0.0,,,,,,,,,,,,,,,,,,,,,,,,,,,,,,,,,,,,,,,,,,,,,,,,,,,,,,,,,,,,,,,,,,,,,,,,,,nan,,,,,,,,,,,,,,,
548,979.1253051757812,0.009783479385077953,0.9783479385077953,5541.852058172226,10000,ppo,ppo,crawler,flat,dth_dth_neighbours_direct,,,,,,,,,,,,,,,0.15790371335667025,0,781,0.0,0.0,,,,,,,,,,,,,,,,,,,,,,,,,,,,,,,,,,,,,,,,,,,,,,,,,,,,,,,,,,,,,,,,,,,,,,,,,,nan,,,,,,,,,,,,,,,
549,1061.5791015625,0.01060668844729662,1.060668844729662,5551.434071302414,10000,ppo,ppo,crawler,flat,dth_dth_neighbours_direct,,,,,,,,,,,,,,,0.14043739553675616,0,781,0.0,0.0,,,,,,,,,,,,,,,,,,,,,,,,,,,,,,,,,,,,,,,,,,,,,,,,,,,,,,,,,,,,,,,,,,,,,,,,,,nan,,,,,,,,,,,,,,,
550,1010.5219116210938,0.010095040313899517,1.0095040313899517,5561.264290332794,10000,ppo,ppo,crawler,flat,dth_dth_neighbours_direct,,,,,,,,,,,,,,,0.14425342153072312,0,781,0.0,0.0,,,,,,,,,,,,,,,,,,,,,,,,,,,,,,,,,,,,,,,,,,,,,,,,,,,,,,,,,,,,,,,,,,,,,,,,,,nan,,,,,,,,,,,,,,,
551,1025.9012451171875,0.01024662796407938,1.024662796407938,5571.008184671402,10000,ppo,ppo,crawler,flat,dth_dth_neighbours_direct,,,,,,,,,,,,,,,0.13608554093267672,0,781,0.0,0.0,,,,,,,,,,,,,,,,,,,,,,,,,,,,,,,,,,,,,,,,,,,,,,,,,,,,,,,,,,,,,,,,,,,,,,,,,,nan,,,,,,,,,,,,,,,
552,1072.6590576171875,0.010711527429521084,1.0711527429521084,5580.632443666458,10000,ppo,ppo,crawler,flat,dth_dth_neighbours_direct,,,,,,,,,,,,,,,0.12831959101302848,0,781,0.0,0.0,,,,,,,,,,,,,,,,,,,,,,,,,,,,,,,,,,,,,,,,,,,,,,,,,,,,,,,,,,,,,,,,,,,,,,,,,,nan,,,,,,,,,,,,,,,
553,1086.6744384765625,0.010861731134355068,1.0861731134355068,5590.526729106903,10000,ppo,ppo,crawler,flat,dth_dth_neighbours_direct,,,,,,,,,,,,,,,0.11073902319321191,0,781,0.0,0.0,,,,,,,,,,,,,,,,,,,,,,,,,,,,,,,,,,,,,,,,,,,,,,,,,,,,,,,,,,,,,,,,,,,,,,,,,,nan,,,,,,,,,,,,,,,
554,1015.6981811523438,0.01013885997235775,1.013885997235775,5600.719213247299,10000,ppo,ppo,crawler,flat,dth_dth_neighbours_direct,,,,,,,,,,,,,,,0.13675234196457187,0,781,0.0,0.0,,,,,,,,,,,,,,,,,,,,,,,,,,,,,,,,,,,,,,,,,,,,,,,,,,,,,,,,,,,,,,,,,,,,,,,,,,nan,,,,,,,,,,,,,,,
555,1072.0872802734375,0.010711096227169037,1.0711096227169037,5610.527283668518,10000,ppo,ppo,crawler,flat,dth_dth_neighbours_direct,,,,,,,,,,,,,,,0.12369333877586891,0,781,0.0,0.0,,,,,,,,,,,,,,,,,,,,,,,,,,,,,,,,,,,,,,,,,,,,,,,,,,,,,,,,,,,,,,,,,,,,,,,,,,nan,,,,,,,,,,,,,,,
556,1051.3436279296875,0.010496705770492554,1.0496705770492554,5620.306491613388,10000,ppo,ppo,crawler,flat,dth_dth_neighbours_direct,,,,,,,,,,,,,,,0.1301107098913518,0,781,0.0,0.0,,,,,,,,,,,,,,,,,,,,,,,,,,,,,,,,,,,,,,,,,,,,,,,,,,,,,,,,,,,,,,,,,,,,,,,,,,nan,,,,,,,,,,,,,,,
557,1036.545166015625,0.010352139361202717,1.0352139361202717,5630.186503648758,10000,ppo,ppo,crawler,flat,dth_dth_neighbours_direct,,,,,,,,,,,,,,,0.12953069753469007,0,781,0.0,0.0,,,,,,,,,,,,,,,,,,,,,,,,,,,,,,,,,,,,,,,,,,,,,,,,,,,,,,,,,,,,,,,,,,,,,,,,,,nan,,,,,,,,,,,,,,,
558,1062.3316650390625,0.010610689409077168,1.0610689409077168,5640.03227186203,10000,ppo,ppo,crawler,flat,dth_dth_neighbours_direct,,,,,,,,,,,,,,,0.11253378019211663,0,781,0.0,0.0,,,,,,,,,,,,,,,,,,,,,,,,,,,,,,,,,,,,,,,,,,,,,,,,,,,,,,,,,,,,,,,,,,,,,,,,,,nan,,,,,,,,,,,,,,,
559,1034.1031494140625,0.010327820666134357,1.0327820666134357,5649.696728467941,10000,ppo,ppo,crawler,flat,dth_dth_neighbours_direct,,,,,,,,,,,,,,,0.12447575691404031,0,781,0.0,0.0,,,,,,,,,,,,,,,,,,,,,,,,,,,,,,,,,,,,,,,,,,,,,,,,,,,,,,,,,,,,,,,,,,,,,,,,,,nan,,,,,,,,,,,,,,,
560,1051.84423828125,0.010505512356758118,1.0505512356758118,5659.347179889679,10000,ppo,ppo,crawler,flat,dth_dth_neighbours_direct,,,,,,,,,,,,,,,0.10678436837273723,0,781,0.0,0.0,,,,,,,,,,,,,,,,,,,,,,,,,,,,,,,,,,,,,,,,,,,,,,,,,,,,,,,,,,,,,,,,,,,,,,,,,,nan,,,,,,,,,,,,,,,
561,1013.1819458007812,0.010123729705810547,1.0123729705810547,5669.0368847846985,10000,ppo,ppo,crawler,flat,dth_dth_neighbours_direct,,,,,,,,,,,,,,,0.12972573699898907,0,781,0.0,0.0,,,,,,,,,,,,,,,,,,,,,,,,,,,,,,,,,,,,,,,,,,,,,,,,,,,,,,,,,,,,,,,,,,,,,,,,,,nan,,,,,,,,,,,,,,,
562,988.58984375,0.009873239323496819,0.9873239323496819,5678.792857885361,10000,ppo,ppo,crawler,flat,dth_dth_neighbours_direct,,,,,,,,,,,,,,,0.13045991989904773,0,781,0.0,0.0,,,,,,,,,,,,,,,,,,,,,,,,,,,,,,,,,,,,,,,,,,,,,,,,,,,,,,,,,,,,,,,,,,,,,,,,,,nan,,,,,,,,,,,,,,,
563,987.3511962890625,0.00985958706587553,0.985958706587553,5688.452513456345,10000,ppo,ppo,crawler,flat,dth_dth_neighbours_direct,,,,,,,,,,,,,,,0.12812278581389036,0,781,0.0,0.0,,,,,,,,,,,,,,,,,,,,,,,,,,,,,,,,,,,,,,,,,,,,,,,,,,,,,,,,,,,,,,,,,,,,,,,,,,nan,,,,,,,,,,,,,,,
564,1109.74560546875,0.011087157763540745,1.1087157763540745,5698.182538032532,10000,ppo,ppo,crawler,flat,dth_dth_neighbours_direct,,,,,,,,,,,,,,,0.058816299472643566,0,781,0.0,0.0,,,,,,,,,,,,,,,,,,,,,,,,,,,,,,,,,,,,,,,,,,,,,,,,,,,,,,,,,,,,,,,,,,,,,,,,,,nan,,,,,,,,,,,,,,,
565,979.12646484375,0.00978351105004549,0.978351105004549,5707.893279314041,10000,ppo,ppo,crawler,flat,dth_dth_neighbours_direct,,,,,,,,,,,,,,,0.12601173307314228,0,781,0.0,0.0,,,,,,,,,,,,,,,,,,,,,,,,,,,,,,,,,,,,,,,,,,,,,,,,,,,,,,,,,,,,,,,,,,,,,,,,,,nan,,,,,,,,,,,,,,,
566,969.6536254882812,0.00968544464558363,0.968544464558363,5717.768772363663,10000,ppo,ppo,crawler,flat,dth_dth_neighbours_direct,,,,,,,,,,,,,,,0.12836156423015826,0,781,0.0,0.0,,,,,,,,,,,,,,,,,,,,,,,,,,,,,,,,,,,,,,,,,,,,,,,,,,,,,,,,,,,,,,,,,,,,,,,,,,nan,,,,,,,,,,,,,,,
567,1000.4140014648438,0.009992698207497597,0.9992698207497597,5727.29209280014,10000,ppo,ppo,crawler,flat,dth_dth_neighbours_direct,,,,,,,,,,,,,,,0.11677627393280782,0,781,0.0,0.0,,,,,,,,,,,,,,,,,,,,,,,,,,,,,,,,,,,,,,,,,,,,,,,,,,,,,,,,,,,,,,,,,,,,,,,,,,nan,,,,,,,,,,,,,,,
568,1025.2259521484375,0.01024350430816412,1.024350430816412,5736.6416556835175,10000,ppo,ppo,crawler,flat,dth_dth_neighbours_direct,,,,,,,,,,,,,,,0.08830097175696128,0,781,0.0,0.0,,,,,,,,,,,,,,,,,,,,,,,,,,,,,,,,,,,,,,,,,,,,,,,,,,,,,,,,,,,,,,,,,,,,,,,,,,nan,,,,,,,,,,,,,,,
569,921.6726684570312,0.009204375557601452,0.9204375557601452,5746.643939733505,10000,ppo,ppo,crawler,flat,dth_dth_neighbours_direct,,,,,,,,,,,,,,,0.13538787027378388,0,781,0.0,0.0,,,,,,,,,,,,,,,,,,,,,,,,,,,,,,,,,,,,,,,,,,,,,,,,,,,,,,,,,,,,,,,,,,,,,,,,,,nan,,,,,,,,,,,,,,,
570,983.1502075195312,0.009821956045925617,0.9821956045925617,5756.304224729538,10000,ppo,ppo,crawler,flat,dth_dth_neighbours_direct,,,,,,,,,,,,,,,0.11857584170678453,0,781,0.0,0.0,,,,,,,,,,,,,,,,,,,,,,,,,,,,,,,,,,,,,,,,,,,,,,,,,,,,,,,,,,,,,,,,,,,,,,,,,,nan,,,,,,,,,,,,,,,
571,946.6371459960938,0.00945617351680994,0.945617351680994,5766.053633451462,10000,ppo,ppo,crawler,flat,dth_dth_neighbours_direct,,,,,,,,,,,,,,,0.12618305910822405,0,781,0.0,0.0,,,,,,,,,,,,,,,,,,,,,,,,,,,,,,,,,,,,,,,,,,,,,,,,,,,,,,,,,,,,,,,,,,,,,,,,,,nan,,,,,,,,,,,,,,,
572,998.2308959960938,0.009973423555493355,0.9973423555493355,5775.850643396378,10000,ppo,ppo,crawler,flat,dth_dth_neighbours_direct,,,,,,,,,,,,,,,0.09246480953168362,0,781,0.0,0.0,,,,,,,,,,,,,,,,,,,,,,,,,,,,,,,,,,,,,,,,,,,,,,,,,,,,,,,,,,,,,,,,,,,,,,,,,,nan,,,,,,,,,,,,,,,
573,1002.2154541015625,0.010013016872107983,1.0013016872107983,5785.482602119446,10000,ppo,ppo,crawler,flat,dth_dth_neighbours_direct,,,,,,,,,,,,,,,0.0990018540956422,0,781,0.0,0.0,,,,,,,,,,,,,,,,,,,,,,,,,,,,,,,,,,,,,,,,,,,,,,,,,,,,,,,,,,,,,,,,,,,,,,,,,,nan,,,,,,,,,,,,,,,
574,979.51171875,0.009786232374608517,0.9786232374608517,5795.294518709183,10000,ppo,ppo,crawler,flat,dth_dth_neighbours_direct,,,,,,,,,,,,,,,0.11177651324240674,0,781,0.0,0.0,,,,,,,,,,,,,,,,,,,,,,,,,,,,,,,,,,,,,,,,,,,,,,,,,,,,,,,,,,,,,,,,,,,,,,,,,,nan,,,,,,,,,,,,,,,
575,1070.057861328125,0.010691639967262745,1.0691639967262745,5804.668749094009,10000,ppo,ppo,crawler,flat,dth_dth_neighbours_direct,,,,,,,,,,,,,,,0.036642879097674476,0,781,0.0,0.0,,,,,,,,,,,,,,,,,,,,,,,,,,,,,,,,,,,,,,,,,,,,,,,,,,,,,,,,,,,,,,,,,,,,,,,,,,nan,,,,,,,,,,,,,,,
576,1096.6854248046875,0.010957586579024792,1.0957586579024792,5814.811483621597,10000,ppo,ppo,crawler,flat,dth_dth_neighbours_direct,,,,,,,,,,,,,,,0.011517810640280807,0,781,0.0,0.0,,,,,,,,,,,,,,,,,,,,,,,,,,,,,,,,,,,,,,,,,,,,,,,,,,,,,,,,,,,,,,,,,,,,,,,,,,nan,,,,,,,,,,,,,,,
577,903.2859497070312,0.009019159711897373,0.9019159711897373,5824.2755715847015,10000,ppo,ppo,crawler,flat,dth_dth_neighbours_direct,,,,,,,,,,,,,,,0.13696088220134692,0,781,0.0,0.0,,,,,,,,,,,,,,,,,,,,,,,,,,,,,,,,,,,,,,,,,,,,,,,,,,,,,,,,,,,,,,,,,,,,,,,,,,nan,,,,,,,,,,,,,,,
578,1001.4136962890625,0.010001949965953827,1.0001949965953827,5833.848948717117,10000,ppo,ppo,crawler,flat,dth_dth_neighbours_direct,,,,,,,,,,,,,,,0.0877252835967964,0,781,0.0,0.0,,,,,,,,,,,,,,,,,,,,,,,,,,,,,,,,,,,,,,,,,,,,,,,,,,,,,,,,,,,,,,,,,,,,,,,,,,nan,,,,,,,,,,,,,,,
579,959.4789428710938,0.009586232714354992,0.9586232714354992,5843.6538372039795,10000,ppo,ppo,crawler,flat,dth_dth_neighbours_direct,,,,,,,,,,,,,,,0.10023981120699206,0,781,0.0,0.0,,,,,,,,,,,,,,,,,,,,,,,,,,,,,,,,,,,,,,,,,,,,,,,,,,,,,,,,,,,,,,,,,,,,,,,,,,nan,,,,,,,,,,,,,,,
580,899.6285400390625,0.00898785050958395,0.898785050958395,5853.248028278351,10000,ppo,ppo,crawler,flat,dth_dth_neighbours_direct,,,,,,,,,,,,,,,0.12789467772278204,0,781,0.0,0.0,,,,,,,,,,,,,,,,,,,,,,,,,,,,,,,,,,,,,,,,,,,,,,,,,,,,,,,,,,,,,,,,,,,,,,,,,,nan,,,,,,,,,,,,,,,
581,1035.6396484375,0.010347088798880577,1.0347088798880577,5863.0287227630615,10000,ppo,ppo,crawler,flat,dth_dth_neighbours_direct,,,,,,,,,,,,,,,0.03965000295338005,0,781,0.0,0.0,,,,,,,,,,,,,,,,,,,,,,,,,,,,,,,,,,,,,,,,,,,,,,,,,,,,,,,,,,,,,,,,,,,,,,,,,,nan,,,,,,,,,,,,,,,
582,970.8464965820312,0.009695145301520824,0.9695145301520824,5872.778316259384,10000,ppo,ppo,crawler,flat,dth_dth_neighbours_direct,,,,,,,,,,,,,,,0.09942308210697896,0,781,0.0,0.0,,,,,,,,,,,,,,,,,,,,,,,,,,,,,,,,,,,,,,,,,,,,,,,,,,,,,,,,,,,,,,,,,,,,,,,,,,nan,,,,,,,,,,,,,,,
583,885.0170288085938,0.008841060101985931,0.8841060101985931,5882.536534786224,10000,ppo,ppo,crawler,flat,dth_dth_neighbours_direct,,,,,,,,,,,,,,,0.13062060577428317,0,781,0.0,0.0,,,,,,,,,,,,,,,,,,,,,,,,,,,,,,,,,,,,,,,,,,,,,,,,,,,,,,,,,,,,,,,,,,,,,,,,,,nan,,,,,,,,,,,,,,,
584,1051.9794921875,0.010507268831133842,1.0507268831133842,5892.7705800533295,10000,ppo,ppo,crawler,flat,dth_dth_neighbours_direct,,,,,,,,,,,,,,,0.023429693274581404,0,781,0.0,0.0,,,,,,,,,,,,,,,,,,,,,,,,,,,,,,,,,,,,,,,,,,,,,,,,,,,,,,,,,,,,,,,,,,,,,,,,,,nan,,,,,,,,,,,,,,,
585,913.6412353515625,0.00912456214427948,0.912456214427948,5902.702069282532,10000,ppo,ppo,crawler,flat,dth_dth_neighbours_direct,,,,,,,,,,,,,,,0.11218223395025421,0,781,0.0,0.0,,,,,,,,,,,,,,,,,,,,,,,,,,,,,,,,,,,,,,,,,,,,,,,,,,,,,,,,,,,,,,,,,,,,,,,,,,nan,,,,,,,,,,,,,,,
586,981.7125244140625,0.009804709814488888,0.9804709814488888,5912.313175916672,10000,ppo,ppo,crawler,flat,dth_dth_neighbours_direct,,,,,,,,,,,,,,,0.08258826693959824,0,781,0.0,0.0,,,,,,,,,,,,,,,,,,,,,,,,,,,,,,,,,,,,,,,,,,,,,,,,,,,,,,,,,,,,,,,,,,,,,,,,,,nan,,,,,,,,,,,,,,,
587,993.2302856445312,0.009925748221576214,0.9925748221576214,5922.31911277771,10000,ppo,ppo,crawler,flat,dth_dth_neighbours_direct,,,,,,,,,,,,,,,0.07824804798907331,0,781,0.0,0.0,,,,,,,,,,,,,,,,,,,,,,,,,,,,,,,,,,,,,,,,,,,,,,,,,,,,,,,,,,,,,,,,,,,,,,,,,,nan,,,,,,,,,,,,,,,
588,944.3246459960938,0.009432216174900532,0.9432216174900532,5931.405917644501,10000,ppo,ppo,crawler,flat,dth_dth_neighbours_direct,,,,,,,,,,,,,,,0.09643432825923134,0,781,0.0,0.0,,,,,,,,,,,,,,,,,,,,,,,,,,,,,,,,,,,,,,,,,,,,,,,,,,,,,,,,,,,,,,,,,,,,,,,,,,nan,,,,,,,,,,,,,,,
589,954.9295043945312,0.00953543558716774,0.953543558716774,5941.480547428131,10000,ppo,ppo,crawler,flat,dth_dth_neighbours_direct,,,,,,,,,,,,,,,0.08392331899094864,0,781,0.0,0.0,,,,,,,,,,,,,,,,,,,,,,,,,,,,,,,,,,,,,,,,,,,,,,,,,,,,,,,,,,,,,,,,,,,,,,,,,,nan,,,,,,,,,,,,,,,
590,934.1209106445312,0.009329085238277912,0.9329085238277912,5951.40118932724,10000,ppo,ppo,crawler,flat,dth_dth_neighbours_direct,,,,,,,,,,,,,,,0.09435593972143061,0,781,0.0,0.0,,,,,,,,,,,,,,,,,,,,,,,,,,,,,,,,,,,,,,,,,,,,,,,,,,,,,,,,,,,,,,,,,,,,,,,,,,nan,,,,,,,,,,,,,,,
591,1080.3851318359375,0.010793275199830532,1.0793275199830532,5961.158492088318,10000,ppo,ppo,crawler,flat,dth_dth_neighbours_direct,,,,,,,,,,,,,,,-0.0006222869545495897,0,781,0.0,0.0,,,,,,,,,,,,,,,,,,,,,,,,,,,,,,,,,,,,,,,,,,,,,,,,,,,,,,,,,,,,,,,,,,,,,,,,,,nan,,,,,,,,,,,,,,,
592,1007.3200073242188,0.010063796304166317,1.0063796304166317,5971.2862203121185,10000,ppo,ppo,crawler,flat,dth_dth_neighbours_direct,,,,,,,,,,,,,,,0.04803145586472886,0,781,0.0,0.0,,,,,,,,,,,,,,,,,,,,,,,,,,,,,,,,,,,,,,,,,,,,,,,,,,,,,,,,,,,,,,,,,,,,,,,,,,nan,,,,,,,,,,,,,,,
593,970.9938354492188,0.009702233597636223,0.9702233597636223,5981.366584062576,10000,ppo,ppo,crawler,flat,dth_dth_neighbours_direct,,,,,,,,,,,,,,,0.06648452650528626,0,781,0.0,0.0,,,,,,,,,,,,,,,,,,,,,,,,,,,,,,,,,,,,,,,,,,,,,,,,,,,,,,,,,,,,,,,,,,,,,,,,,,nan,,,,,,,,,,,,,,,
594,951.2195434570312,0.009500548243522644,0.9500548243522644,5991.797855615616,10000,ppo,ppo,crawler,flat,dth_dth_neighbours_direct,,,,,,,,,,,,,,,0.082186187675827,0,781,0.0,0.0,,,,,,,,,,,,,,,,,,,,,,,,,,,,,,,,,,,,,,,,,,,,,,,,,,,,,,,,,,,,,,,,,,,,,,,,,,nan,,,,,,,,,,,,,,,
595,968.6244506835938,0.009672125801444054,0.9672125801444054,6001.647847175598,10000,ppo,ppo,crawler,flat,dth_dth_neighbours_direct,,,,,,,,,,,,,,,0.07321612457264806,0,781,0.0,0.0,,,,,,,,,,,,,,,,,,,,,,,,,,,,,,,,,,,,,,,,,,,,,,,,,,,,,,,,,,,,,,,,,,,,,,,,,,nan,,,,,,,,,,,,,,,
596,941.6650390625,0.009406579658389091,0.9406579658389091,6011.0193655490875,10000,ppo,ppo,crawler,flat,dth_dth_neighbours_direct,,,,,,,,,,,,,,,0.07568224782183078,0,781,0.0,0.0,,,,,,,,,,,,,,,,,,,,,,,,,,,,,,,,,,,,,,,,,,,,,,,,,,,,,,,,,,,,,,,,,,,,,,,,,,nan,,,,,,,,,,,,,,,
597,962.7743530273438,0.009616894647479057,0.9616894647479057,6020.797611236572,10000,ppo,ppo,crawler,flat,dth_dth_neighbours_direct,,,,,,,,,,,,,,,0.07298021524799952,0,781,0.0,0.0,,,,,,,,,,,,,,,,,,,,,,,,,,,,,,,,,,,,,,,,,,,,,,,,,,,,,,,,,,,,,,,,,,,,,,,,,,nan,,,,,,,,,,,,,,,
598,959.5971069335938,0.009584142826497555,0.9584142826497555,6031.341329097748,10000,ppo,ppo,crawler,flat,dth_dth_neighbours_direct,,,,,,,,,,,,,,,0.06356773628148508,0,781,0.0,0.0,,,,,,,,,,,,,,,,,,,,,,,,,,,,,,,,,,,,,,,,,,,,,,,,,,,,,,,,,,,,,,,,,,,,,,,,,,nan,,,,,,,,,,,,,,,
599,959.0541381835938,0.009578477591276169,0.9578477591276169,6041.044489622116,10000,ppo,ppo,crawler,flat,dth_dth_neighbours_direct,,,,,,,,,,,,,,,0.06569819134864016,0,781,0.0,0.0,,,,,,,,,,,,,,,,,,,,,,,,,,,,,,,,,,,,,,,,,,,,,,,,,,,,,,,,,,,,,,,,,,,,,,,,,,nan,,,,,,,,,,,,,,,
600,984.7373046875,0.009834825061261654,0.9834825061261654,6051.010115146637,10000,ppo,ppo,crawler,flat,dth_dth_neighbours_direct,,,,,,,,,,,,,,,0.03975827764668411,0,781,0.0,0.0,,,,,,,,,,,,,,,,,,,,,,,,,,,,,,,,,,,,,,,,,,,,,,,,,,,,,,,,,,,,,,,,,,,,,,,,,,nan,,,,,,,,,,,,,,,
601,1005.2267456054688,0.010040264576673508,1.0040264576673508,6060.919479131699,10000,ppo,ppo,crawler,flat,dth_dth_neighbours_direct,,,,,,,,,,,,,,,0.038577422880864805,0,781,0.0,0.0,,,,,,,,,,,,,,,,,,,,,,,,,,,,,,,,,,,,,,,,,,,,,,,,,,,,,,,,,,,,,,,,,,,,,,,,,,nan,,,,,,,,,,,,,,,
602,903.6832885742188,0.009024029597640038,0.9024029597640038,6071.48374247551,10000,ppo,ppo,crawler,flat,dth_dth_neighbours_direct,,,,,,,,,,,,,,,0.09616398473117303,0,781,0.0,0.0,,,,,,,,,,,,,,,,,,,,,,,,,,,,,,,,,,,,,,,,,,,,,,,,,,,,,,,,,,,,,,,,,,,,,,,,,,nan,,,,,,,,,,,,,,,
603,987.3718872070312,0.009859536774456501,0.9859536774456501,6082.66008067131,10000,ppo,ppo,crawler,flat,dth_dth_neighbours_direct,,,,,,,,,,,,,,,0.0477111169655638,0,781,0.0,0.0,,,,,,,,,,,,,,,,,,,,,,,,,,,,,,,,,,,,,,,,,,,,,,,,,,,,,,,,,,,,,,,,,,,,,,,,,,nan,,,,,,,,,,,,,,,
604,923.1708374023438,0.009227344766259193,0.9227344766259193,6093.736366271973,10000,ppo,ppo,crawler,flat,dth_dth_neighbours_direct,,,,,,,,,,,,,,,0.08829747221907604,0,781,0.0,0.0,,,,,,,,,,,,,,,,,,,,,,,,,,,,,,,,,,,,,,,,,,,,,,,,,,,,,,,,,,,,,,,,,,,,,,,,,,nan,,,,,,,,,,,,,,,
605,988.1640625,0.009870221838355064,0.9870221838355064,6105.048845529556,10000,ppo,ppo,crawler,flat,dth_dth_neighbours_direct,,,,,,,,,,,,,,,0.06206975543787154,0,781,0.0,0.0,,,,,,,,,,,,,,,,,,,,,,,,,,,,,,,,,,,,,,,,,,,,,,,,,,,,,,,,,,,,,,,,,,,,,,,,,,nan,,,,,,,,,,,,,,,
606,943.2570190429688,0.009421787224709988,0.9421787224709988,6116.50159740448,10000,ppo,ppo,crawler,flat,dth_dth_neighbours_direct,,,,,,,,,,,,,,,0.07565456574334564,0,781,0.0,0.0,,,,,,,,,,,,,,,,,,,,,,,,,,,,,,,,,,,,,,,,,,,,,,,,,,,,,,,,,,,,,,,,,,,,,,,,,,nan,,,,,,,,,,,,,,,
607,935.8701171875,0.009349479340016842,0.9349479340016842,6127.662513256073,10000,ppo,ppo,crawler,flat,dth_dth_neighbours_direct,,,,,,,,,,,,,,,0.06832173843496919,0,781,0.0,0.0,,,,,,,,,,,,,,,,,,,,,,,,,,,,,,,,,,,,,,,,,,,,,,,,,,,,,,,,,,,,,,,,,,,,,,,,,,nan,,,,,,,,,,,,,,,
608,943.220703125,0.00942176952958107,0.942176952958107,6138.814148426056,10000,ppo,ppo,crawler,flat,dth_dth_neighbours_direct,,,,,,,,,,,,,,,0.07274586878959986,0,781,0.0,0.0,,,,,,,,,,,,,,,,,,,,,,,,,,,,,,,,,,,,,,,,,,,,,,,,,,,,,,,,,,,,,,,,,,,,,,,,,,nan,,,,,,,,,,,,,,,
609,936.2175903320312,0.009351814165711403,0.9351814165711403,6150.301759958267,10000,ppo,ppo,crawler,flat,dth_dth_neighbours_direct,,,,,,,,,,,,,,,0.07819605280270531,0,781,0.0,0.0,,,,,,,,,,,,,,,,,,,,,,,,,,,,,,,,,,,,,,,,,,,,,,,,,,,,,,,,,,,,,,,,,,,,,,,,,,nan,,,,,,,,,,,,,,,
610,921.7299194335938,0.009206968359649181,0.9206968359649181,6161.3304171562195,10000,ppo,ppo,crawler,flat,dth_dth_neighbours_direct,,,,,,,,,,,,,,,0.07634969676486046,0,781,0.0,0.0,,,,,,,,,,,,,,,,,,,,,,,,,,,,,,,,,,,,,,,,,,,,,,,,,,,,,,,,,,,,,,,,,,,,,,,,,,nan,,,,,,,,,,,,,,,
611,946.90185546875,0.009455776773393154,0.9455776773393154,6172.539479494095,10000,ppo,ppo,crawler,flat,dth_dth_neighbours_direct,,,,,,,,,,,,,,,0.06992786544946467,0,781,0.0,0.0,,,,,,,,,,,,,,,,,,,,,,,,,,,,,,,,,,,,,,,,,,,,,,,,,,,,,,,,,,,,,,,,,,,,,,,,,,nan,,,,,,,,,,,,,,,
612,914.8824462890625,0.009138361550867558,0.9138361550867558,6183.444839477539,10000,ppo,ppo,crawler,flat,dth_dth_neighbours_direct,,,,,,,,,,,,,,,0.07917306153453998,0,781,0.0,0.0,,,,,,,,,,,,,,,,,,,,,,,,,,,,,,,,,,,,,,,,,,,,,,,,,,,,,,,,,,,,,,,,,,,,,,,,,,nan,,,,,,,,,,,,,,,
613,899.9428100585938,0.008985746651887894,0.8985746651887894,6194.968180179596,10000,ppo,ppo,crawler,flat,dth_dth_neighbours_direct,,,,,,,,,,,,,,,0.08529525270871449,0,781,0.0,0.0,,,,,,,,,,,,,,,,,,,,,,,,,,,,,,,,,,,,,,,,,,,,,,,,,,,,,,,,,,,,,,,,,,,,,,,,,,nan,,,,,,,,,,,,,,,
614,955.3367309570312,0.0095432810485363,0.9543281048536301,6205.982706069946,10000,ppo,ppo,crawler,flat,dth_dth_neighbours_direct,,,,,,,,,,,,,,,0.04050076439624987,0,781,0.0,0.0,,,,,,,,,,,,,,,,,,,,,,,,,,,,,,,,,,,,,,,,,,,,,,,,,,,,,,,,,,,,,,,,,,,,,,,,,,nan,,,,,,,,,,,,,,,
615,920.7962036132812,0.00919523648917675,0.919523648917675,6217.128750085831,10000,ppo,ppo,crawler,flat,dth_dth_neighbours_direct,,,,,,,,,,,,,,,0.06851654799343024,0,781,0.0,0.0,,,,,,,,,,,,,,,,,,,,,,,,,,,,,,,,,,,,,,,,,,,,,,,,,,,,,,,,,,,,,,,,,,,,,,,,,,nan,,,,,,,,,,,,,,,
616,885.6312866210938,0.00884572695940733,0.884572695940733,6228.006237983704,10000,ppo,ppo,crawler,flat,dth_dth_neighbours_direct,,,,,,,,,,,,,,,0.08395040905385256,0,781,0.0,0.0,,,,,,,,,,,,,,,,,,,,,,,,,,,,,,,,,,,,,,,,,,,,,,,,,,,,,,,,,,,,,,,,,,,,,,,,,,nan,,,,,,,,,,,,,,,
617,929.5118408203125,0.009286738000810146,0.9286738000810146,6239.289288759232,10000,ppo,ppo,crawler,flat,dth_dth_neighbours_direct,,,,,,,,,,,,,,,0.06097972101982678,0,781,0.0,0.0,,,,,,,,,,,,,,,,,,,,,,,,,,,,,,,,,,,,,,,,,,,,,,,,,,,,,,,,,,,,,,,,,,,,,,,,,,nan,,,,,,,,,,,,,,,
618,856.7314453125,0.008554588072001934,0.8554588072001934,6250.583472728729,10000,ppo,ppo,crawler,flat,dth_dth_neighbours_direct,,,,,,,,,,,,,,,0.09288046491374376,0,781,0.0,0.0,,,,,,,,,,,,,,,,,,,,,,,,,,,,,,,,,,,,,,,,,,,,,,,,,,,,,,,,,,,,,,,,,,,,,,,,,,nan,,,,,,,,,,,,,,,
619,904.2376098632812,0.009030531160533428,0.9030531160533428,6261.539084672928,10000,ppo,ppo,crawler,flat,dth_dth_neighbours_direct,,,,,,,,,,,,,,,0.0780496935300659,0,781,0.0,0.0,,,,,,,,,,,,,,,,,,,,,,,,,,,,,,,,,,,,,,,,,,,,,,,,,,,,,,,,,,,,,,,,,,,,,,,,,,nan,,,,,,,,,,,,,,,
620,937.4192504882812,0.009365466423332691,0.9365466423332691,6272.61914730072,10000,ppo,ppo,crawler,flat,dth_dth_neighbours_direct,,,,,,,,,,,,,,,0.05498009290165779,0,781,0.0,0.0,,,,,,,,,,,,,,,,,,,,,,,,,,,,,,,,,,,,,,,,,,,,,,,,,,,,,,,,,,,,,,,,,,,,,,,,,,nan,,,,,,,,,,,,,,,
621,883.7820434570312,0.00882779061794281,0.882779061794281,6283.682328462601,10000,ppo,ppo,crawler,flat,dth_dth_neighbours_direct,,,,,,,,,,,,,,,0.06529375161769473,0,781,0.0,0.0,,,,,,,,,,,,,,,,,,,,,,,,,,,,,,,,,,,,,,,,,,,,,,,,,,,,,,,,,,,,,,,,,,,,,,,,,,nan,,,,,,,,,,,,,,,
622,862.8785400390625,0.008616703562438488,0.8616703562438488,6294.867518901825,10000,ppo,ppo,crawler,flat,dth_dth_neighbours_direct,,,,,,,,,,,,,,,0.07507009659310988,0,781,0.0,0.0,,,,,,,,,,,,,,,,,,,,,,,,,,,,,,,,,,,,,,,,,,,,,,,,,,,,,,,,,,,,,,,,,,,,,,,,,,nan,,,,,,,,,,,,,,,
623,885.8365478515625,0.008848791010677814,0.8848791010677814,6305.795956850052,10000,ppo,ppo,crawler,flat,dth_dth_neighbours_direct,,,,,,,,,,,,,,,0.06434012721677992,0,781,0.0,0.0,,,,,,,,,,,,,,,,,,,,,,,,,,,,,,,,,,,,,,,,,,,,,,,,,,,,,,,,,,,,,,,,,,,,,,,,,,nan,,,,,,,,,,,,,,,
624,862.8561401367188,0.008623958565294743,0.8623958565294743,6315.685104846954,10000,ppo,ppo,crawler,flat,dth_dth_neighbours_direct,,,,,,,,,,,,,,,0.06918230857264483,0,781,0.0,0.0,,,,,,,,,,,,,,,,,,,,,,,,,,,,,,,,,,,,,,,,,,,,,,,,,,,,,,,,,,,,,,,,,,,,,,,,,,nan,,,,,,,,,,,,,,,
625,869.2802124023438,0.00868165586143732,0.8681655861437321,6326.064295768738,10000,ppo,ppo,crawler,flat,dth_dth_neighbours_direct,,,,,,,,,,,,,,,0.0637038373266494,0,781,0.0,0.0,,,,,,,,,,,,,,,,,,,,,,,,,,,,,,,,,,,,,,,,,,,,,,,,,,,,,,,,,,,,,,,,,,,,,,,,,,nan,,,,,,,,,,,,,,,
626,865.3230590820312,0.00864283088594675,0.8642830885946751,6335.948993206024,10000,ppo,ppo,crawler,flat,dth_dth_neighbours_direct,,,,,,,,,,,,,,,0.05919023753195571,0,781,0.0,0.0,,,,,,,,,,,,,,,,,,,,,,,,,,,,,,,,,,,,,,,,,,,,,,,,,,,,,,,,,,,,,,,,,,,,,,,,,,nan,,,,,,,,,,,,,,,
627,920.2003173828125,0.009190244600176811,0.9190244600176811,6346.155468463898,10000,ppo,ppo,crawler,flat,dth_dth_neighbours_direct,,,,,,,,,,,,,,,0.025889436714351177,0,781,0.0,0.0,,,,,,,,,,,,,,,,,,,,,,,,,,,,,,,,,,,,,,,,,,,,,,,,,,,,,,,,,,,,,,,,,,,,,,,,,,nan,,,,,,,,,,,,,,,
628,845.8949584960938,0.008449817076325417,0.8449817076325417,6355.837819337845,10000,ppo,ppo,crawler,flat,dth_dth_neighbours_direct,,,,,,,,,,,,,,,0.07037501477969321,0,781,0.0,0.0,,,,,,,,,,,,,,,,,,,,,,,,,,,,,,,,,,,,,,,,,,,,,,,,,,,,,,,,,,,,,,,,,,,,,,,,,,nan,,,,,,,,,,,,,,,
629,908.8796997070312,0.009077630005776882,0.9077630005776882,6365.521380186081,10000,ppo,ppo,crawler,flat,dth_dth_neighbours_direct,,,,,,,,,,,,,,,0.03791311563065075,0,781,0.0,0.0,,,,,,,,,,,,,,,,,,,,,,,,,,,,,,,,,,,,,,,,,,,,,,,,,,,,,,,,,,,,,,,,,,,,,,,,,,nan,,,,,,,,,,,,,,,
630,860.9823608398438,0.008600808680057526,0.8600808680057526,6375.511266708374,10000,ppo,ppo,crawler,flat,dth_dth_neighbours_direct,,,,,,,,,,,,,,,0.05746595860265804,0,781,0.0,0.0,,,,,,,,,,,,,,,,,,,,,,,,,,,,,,,,,,,,,,,,,,,,,,,,,,,,,,,,,,,,,,,,,,,,,,,,,,nan,,,,,,,,,,,,,,,
631,857.7182006835938,0.008563585579395294,0.8563585579395294,6385.26127409935,10000,ppo,ppo,crawler,flat,dth_dth_neighbours_direct,,,,,,,,,,,,,,,0.061548417233909684,0,781,0.0,0.0,,,,,,,,,,,,,,,,,,,,,,,,,,,,,,,,,,,,,,,,,,,,,,,,,,,,,,,,,,,,,,,,,,,,,,,,,,nan,,,,,,,,,,,,,,,
632,944.1873168945312,0.009430775418877602,0.9430775418877602,6394.8655886650085,10000,ppo,ppo,crawler,flat,dth_dth_neighbours_direct,,,,,,,,,,,,,,,0.007110262547851279,0,781,0.0,0.0,,,,,,,,,,,,,,,,,,,,,,,,,,,,,,,,,,,,,,,,,,,,,,,,,,,,,,,,,,,,,,,,,,,,,,,,,,nan,,,,,,,,,,,,,,,
633,883.111328125,0.008819501847028732,0.8819501847028732,6404.877005577087,10000,ppo,ppo,crawler,flat,dth_dth_neighbours_direct,,,,,,,,,,,,,,,0.04487220690884984,0,781,0.0,0.0,,,,,,,,,,,,,,,,,,,,,,,,,,,,,,,,,,,,,,,,,,,,,,,,,,,,,,,,,,,,,,,,,,,,,,,,,,nan,,,,,,,,,,,,,,,
634,1012.5267944335938,0.010116290301084518,1.0116290301084518,6414.409258365631,10000,ppo,ppo,crawler,flat,dth_dth_neighbours_direct,,,,,,,,,,,,,,,-0.01230045699162445,0,781,0.0,0.0,,,,,,,,,,,,,,,,,,,,,,,,,,,,,,,,,,,,,,,,,,,,,,,,,,,,,,,,,,,,,,,,,,,,,,,,,,nan,,,,,,,,,,,,,,,
635,872.7493286132812,0.008719767443835735,0.8719767443835735,6424.507501840591,10000,ppo,ppo,crawler,flat,dth_dth_neighbours_direct,,,,,,,,,,,,,,,0.046175592027428096,0,781,0.0,0.0,,,,,,,,,,,,,,,,,,,,,,,,,,,,,,,,,,,,,,,,,,,,,,,,,,,,,,,,,,,,,,,,,,,,,,,,,,nan,,,,,,,,,,,,,,,
636,902.0750122070312,0.009006884880363941,0.9006884880363941,6434.580804109573,10000,ppo,ppo,crawler,flat,dth_dth_neighbours_direct,,,,,,,,,,,,,,,0.014495506238694054,0,781,0.0,0.0,,,,,,,,,,,,,,,,,,,,,,,,,,,,,,,,,,,,,,,,,,,,,,,,,,,,,,,,,,,,,,,,,,,,,,,,,,nan,,,,,,,,,,,,,,,
637,882.3287353515625,0.008812935091555119,0.8812935091555119,6445.478784322739,10000,ppo,ppo,crawler,flat,dth_dth_neighbours_direct,,,,,,,,,,,,,,,0.039965319293800074,0,781,0.0,0.0,,,,,,,,,,,,,,,,,,,,,,,,,,,,,,,,,,,,,,,,,,,,,,,,,,,,,,,,,,,,,,,,,,,,,,,,,,nan,,,,,,,,,,,,,,,
638,849.7271728515625,0.008488827385008335,0.8488827385008335,6455.798227310181,10000,ppo,ppo,crawler,flat,dth_dth_neighbours_direct,,,,,,,,,,,,,,,0.05713826749311634,0,781,0.0,0.0,,,,,,,,,,,,,,,,,,,,,,,,,,,,,,,,,,,,,,,,,,,,,,,,,,,,,,,,,,,,,,,,,,,,,,,,,,nan,,,,,,,,,,,,,,,
639,885.2756958007812,0.008847001008689404,0.8847001008689404,6465.503919124603,10000,ppo,ppo,crawler,flat,dth_dth_neighbours_direct,,,,,,,,,,,,,,,0.044720184036711186,0,781,0.0,0.0,,,,,,,,,,,,,,,,,,,,,,,,,,,,,,,,,,,,,,,,,,,,,,,,,,,,,,,,,,,,,,,,,,,,,,,,,,nan,,,,,,,,,,,,,,,
640,843.2423095703125,0.008423390798270702,0.8423390798270702,6475.272678136826,10000,ppo,ppo,crawler,flat,dth_dth_neighbours_direct,,,,,,,,,,,,,,,0.05844751328185783,0,781,0.0,0.0,,,,,,,,,,,,,,,,,,,,,,,,,,,,,,,,,,,,,,,,,,,,,,,,,,,,,,,,,,,,,,,,,,,,,,,,,,nan,,,,,,,,,,,,,,,
641,839.1371459960938,0.00838653277605772,0.838653277605772,6485.210330486298,10000,ppo,ppo,crawler,flat,dth_dth_neighbours_direct,,,,,,,,,,,,,,,0.05550325424841184,0,781,0.0,0.0,,,,,,,,,,,,,,,,,,,,,,,,,,,,,,,,,,,,,,,,,,,,,,,,,,,,,,,,,,,,,,,,,,,,,,,,,,nan,,,,,,,,,,,,,,,
642,818.44677734375,0.008177079260349274,0.8177079260349274,6495.436778783798,10000,ppo,ppo,crawler,flat,dth_dth_neighbours_direct,,,,,,,,,,,,,,,0.0575697482872667,0,781,0.0,0.0,,,,,,,,,,,,,,,,,,,,,,,,,,,,,,,,,,,,,,,,,,,,,,,,,,,,,,,,,,,,,,,,,,,,,,,,,,nan,,,,,,,,,,,,,,,
643,827.8630981445312,0.008270966820418835,0.8270966820418835,6506.443374633789,10000,ppo,ppo,crawler,flat,dth_dth_neighbours_direct,,,,,,,,,,,,,,,0.04689388311409261,0,781,0.0,0.0,,,,,,,,,,,,,,,,,,,,,,,,,,,,,,,,,,,,,,,,,,,,,,,,,,,,,,,,,,,,,,,,,,,,,,,,,,nan,,,,,,,,,,,,,,,
644,827.54150390625,0.008263848721981049,0.8263848721981049,6516.494317770004,10000,ppo,ppo,crawler,flat,dth_dth_neighbours_direct,,,,,,,,,,,,,,,0.04452607427614445,0,781,0.0,0.0,,,,,,,,,,,,,,,,,,,,,,,,,,,,,,,,,,,,,,,,,,,,,,,,,,,,,,,,,,,,,,,,,,,,,,,,,,nan,,,,,,,,,,,,,,,
645,927.7269897460938,0.009268872439861298,0.9268872439861298,6526.186707019806,10000,ppo,ppo,crawler,flat,dth_dth_neighbours_direct,,,,,,,,,,,,,,,0.01491397342071648,0,781,0.0,0.0,,,,,,,,,,,,,,,,,,,,,,,,,,,,,,,,,,,,,,,,,,,,,,,,,,,,,,,,,,,,,,,,,,,,,,,,,,nan,,,,,,,,,,,,,,,
646,885.806640625,0.008849111385643482,0.8849111385643482,6536.0910811424255,10000,ppo,ppo,crawler,flat,dth_dth_neighbours_direct,,,,,,,,,,,,,,,0.03238410617436686,0,781,0.0,0.0,,,,,,,,,,,,,,,,,,,,,,,,,,,,,,,,,,,,,,,,,,,,,,,,,,,,,,,,,,,,,,,,,,,,,,,,,,nan,,,,,,,,,,,,,,,
647,881.2127075195312,0.008805136196315289,0.8805136196315289,6546.161422967911,10000,ppo,ppo,crawler,flat,dth_dth_neighbours_direct,,,,,,,,,,,,,,,0.026656948957591055,0,781,0.0,0.0,,,,,,,,,,,,,,,,,,,,,,,,,,,,,,,,,,,,,,,,,,,,,,,,,,,,,,,,,,,,,,,,,,,,,,,,,,nan,,,,,,,,,,,,,,,
648,950.58984375,0.009499995037913322,0.9499995037913322,6555.774146556854,10000,ppo,ppo,crawler,flat,dth_dth_neighbours_direct,,,,,,,,,,,,,,,-0.0013847651420531987,0,781,0.0,0.0,,,,,,,,,,,,,,,,,,,,,,,,,,,,,,,,,,,,,,,,,,,,,,,,,,,,,,,,,,,,,,,,,,,,,,,,,,nan,,,,,,,,,,,,,,,
649,926.4656372070312,0.009257386438548565,0.9257386438548565,6565.870868444443,10000,ppo,ppo,crawler,flat,dth_dth_neighbours_direct,,,,,,,,,,,,,,,0.02178059983448881,0,781,0.0,0.0,,,,,,,,,,,,,,,,,,,,,,,,,,,,,,,,,,,,,,,,,,,,,,,,,,,,,,,,,,,,,,,,,,,,,,,,,,nan,,,,,,,,,,,,,,,
650,832.5932006835938,0.008317316882312298,0.8317316882312298,6576.590557575226,10000,ppo,ppo,crawler,flat,dth_dth_neighbours_direct,,,,,,,,,,,,,,,0.04468039442354415,0,781,0.0,0.0,,,,,,,,,,,,,,,,,,,,,,,,,,,,,,,,,,,,,,,,,,,,,,,,,,,,,,,,,,,,,,,,,,,,,,,,,,nan,,,,,,,,,,,,,,,
651,809.0604248046875,0.008083145134150982,0.8083145134150982,6587.472694396973,10000,ppo,ppo,crawler,flat,dth_dth_neighbours_direct,,,,,,,,,,,,,,,0.030765515069785688,0,781,0.0,0.0,,,,,,,,,,,,,,,,,,,,,,,,,,,,,,,,,,,,,,,,,,,,,,,,,,,,,,,,,,,,,,,,,,,,,,,,,,nan,,,,,,,,,,,,,,,
652,880.4828491210938,0.008795472793281078,0.8795472793281078,6598.261108875275,10000,ppo,ppo,crawler,flat,dth_dth_neighbours_direct,,,,,,,,,,,,,,,0.01239886307645,0,781,0.0,0.0,,,,,,,,,,,,,,,,,,,,,,,,,,,,,,,,,,,,,,,,,,,,,,,,,,,,,,,,,,,,,,,,,,,,,,,,,,nan,,,,,,,,,,,,,,,
653,886.7191772460938,0.008860273286700249,0.8860273286700249,6609.437045574188,10000,ppo,ppo,crawler,flat,dth_dth_neighbours_direct,,,,,,,,,,,,,,,0.01841609517527728,0,781,0.0,0.0,,,,,,,,,,,,,,,,,,,,,,,,,,,,,,,,,,,,,,,,,,,,,,,,,,,,,,,,,,,,,,,,,,,,,,,,,,nan,,,,,,,,,,,,,,,
654,913.6226806640625,0.009125396609306335,0.9125396609306335,6620.282334566116,10000,ppo,ppo,crawler,flat,dth_dth_neighbours_direct,,,,,,,,,,,,,,,-1.0606050352707848e-05,0,781,0.0,0.0,,,,,,,,,,,,,,,,,,,,,,,,,,,,,,,,,,,,,,,,,,,,,,,,,,,,,,,,,,,,,,,,,,,,,,,,,,nan,,,,,,,,,,,,,,,
655,863.9405517578125,0.008629759773612022,0.8629759773612022,6630.961109638214,10000,ppo,ppo,crawler,flat,dth_dth_neighbours_direct,,,,,,,,,,,,,,,0.02823255734835704,0,781,0.0,0.0,,,,,,,,,,,,,,,,,,,,,,,,,,,,,,,,,,,,,,,,,,,,,,,,,,,,,,,,,,,,,,,,,,,,,,,,,,nan,,,,,,,,,,,,,,,
656,896.5121459960938,0.008954823017120361,0.8954823017120361,6642.002283573151,10000,ppo,ppo,crawler,flat,dth_dth_neighbours_direct,,,,,,,,,,,,,,,0.009655727352589254,0,781,0.0,0.0,,,,,,,,,,,,,,,,,,,,,,,,,,,,,,,,,,,,,,,,,,,,,,,,,,,,,,,,,,,,,,,,,,,,,,,,,,nan,,,,,,,,,,,,,,,
657,854.1763916015625,0.008534845896065235,0.8534845896065235,6652.696571350098,10000,ppo,ppo,crawler,flat,dth_dth_neighbours_direct,,,,,,,,,,,,,,,0.010059857163579763,0,781,0.0,0.0,,,,,,,,,,,,,,,,,,,,,,,,,,,,,,,,,,,,,,,,,,,,,,,,,,,,,,,,,,,,,,,,,,,,,,,,,,nan,,,,,,,,,,,,,,,
658,940.7794799804688,0.009401731193065643,0.9401731193065643,6663.220238208771,10000,ppo,ppo,crawler,flat,dth_dth_neighbours_direct,,,,,,,,,,,,,,,0.015736174382853397,0,781,0.0,0.0,,,,,,,,,,,,,,,,,,,,,,,,,,,,,,,,,,,,,,,,,,,,,,,,,,,,,,,,,,,,,,,,,,,,,,,,,,nan,,,,,,,,,,,,,,,
659,884.5568237304688,0.00883506704121828,0.8835067041218281,6674.377168178558,10000,ppo,ppo,crawler,flat,dth_dth_neighbours_direct,,,,,,,,,,,,,,,0.01919363656911855,0,781,0.0,0.0,,,,,,,,,,,,,,,,,,,,,,,,,,,,,,,,,,,,,,,,,,,,,,,,,,,,,,,,,,,,,,,,,,,,,,,,,,nan,,,,,,,,,,,,,,,
660,818.3790283203125,0.008176530711352825,0.8176530711352825,6689.041494369507,10000,ppo,ppo,crawler,flat,dth_dth_neighbours_direct,,,,,,,,,,,,,,,0.016712658092412066,0,781,0.0,0.0,,,,,,,,,,,,,,,,,,,,,,,,,,,,,,,,,,,,,,,,,,,,,,,,,,,,,,,,,,,,,,,,,,,,,,,,,,nan,,,,,,,,,,,,,,,
661,897.1201171875,0.00896062608808279,0.896062608808279,6699.796538352966,10000,ppo,ppo,crawler,flat,dth_dth_neighbours_direct,,,,,,,,,,,,,,,0.010481122269565102,0,781,0.0,0.0,,,,,,,,,,,,,,,,,,,,,,,,,,,,,,,,,,,,,,,,,,,,,,,,,,,,,,,,,,,,,,,,,,,,,,,,,,nan,,,,,,,,,,,,,,,
662,907.1353759765625,0.009060649201273918,0.9060649201273918,6710.932633399963,10000,ppo,ppo,crawler,flat,dth_dth_neighbours_direct,,,,,,,,,,,,,,,0.015792960669534853,0,781,0.0,0.0,,,,,,,,,,,,,,,,,,,,,,,,,,,,,,,,,,,,,,,,,,,,,,,,,,,,,,,,,,,,,,,,,,,,,,,,,,nan,,,,,,,,,,,,,,,
663,938.7833862304688,0.009376708418130875,0.9376708418130875,6721.873715639114,10000,ppo,ppo,crawler,flat,dth_dth_neighbours_direct,,,,,,,,,,,,,,,0.015446326925791025,0,781,0.0,0.0,,,,,,,,,,,,,,,,,,,,,,,,,,,,,,,,,,,,,,,,,,,,,,,,,,,,,,,,,,,,,,,,,,,,,,,,,,nan,,,,,,,,,,,,,,,
664,852.7904663085938,0.00852301437407732,0.852301437407732,6733.031546115875,10000,ppo,ppo,crawler,flat,dth_dth_neighbours_direct,,,,,,,,,,,,,,,0.01717405431158714,0,781,0.0,0.0,,,,,,,,,,,,,,,,,,,,,,,,,,,,,,,,,,,,,,,,,,,,,,,,,,,,,,,,,,,,,,,,,,,,,,,,,,nan,,,,,,,,,,,,,,,
665,771.1558837890625,0.007704336196184158,0.7704336196184158,6743.712106466293,10000,ppo,ppo,crawler,flat,dth_dth_neighbours_direct,,,,,,,,,,,,,,,0.026632633696588366,0,781,0.0,0.0,,,,,,,,,,,,,,,,,,,,,,,,,,,,,,,,,,,,,,,,,,,,,,,,,,,,,,,,,,,,,,,,,,,,,,,,,,nan,,,,,,,,,,,,,,,
666,840.6095581054688,0.008396732620894909,0.8396732620894909,6754.479878664017,10000,ppo,ppo,crawler,flat,dth_dth_neighbours_direct,,,,,,,,,,,,,,,0.012804067429853006,0,781,0.0,0.0,,,,,,,,,,,,,,,,,,,,,,,,,,,,,,,,,,,,,,,,,,,,,,,,,,,,,,,,,,,,,,,,,,,,,,,,,,nan,,,,,,,,,,,,,,,
667,870.3939819335938,0.00869475957006216,0.869475957006216,6765.447234869003,10000,ppo,ppo,crawler,flat,dth_dth_neighbours_direct,,,,,,,,,,,,,,,0.021337773881348956,0,781,0.0,0.0,,,,,,,,,,,,,,,,,,,,,,,,,,,,,,,,,,,,,,,,,,,,,,,,,,,,,,,,,,,,,,,,,,,,,,,,,,nan,,,,,,,,,,,,,,,
668,895.7484741210938,0.00894597265869379,0.894597265869379,6776.613592624664,10000,ppo,ppo,crawler,flat,dth_dth_neighbours_direct,,,,,,,,,,,,,,,0.007242518340007291,0,781,0.0,0.0,,,,,,,,,,,,,,,,,,,,,,,,,,,,,,,,,,,,,,,,,,,,,,,,,,,,,,,,,,,,,,,,,,,,,,,,,,nan,,,,,,,,,,,,,,,
669,940.5048828125,0.009398920461535454,0.9398920461535454,6787.806796550751,10000,ppo,ppo,crawler,flat,dth_dth_neighbours_direct,,,,,,,,,,,,,,,0.004436771320940798,0,781,0.0,0.0,,,,,,,,,,,,,,,,,,,,,,,,,,,,,,,,,,,,,,,,,,,,,,,,,,,,,,,,,,,,,,,,,,,,,,,,,,nan,,,,,,,,,,,,,,,
670,918.5282592773438,0.009179700165987015,0.9179700165987015,6798.774852991104,10000,ppo,ppo,crawler,flat,dth_dth_neighbours_direct,,,,,,,,,,,,,,,0.018748119713517357,0,781,0.0,0.0,,,,,,,,,,,,,,,,,,,,,,,,,,,,,,,,,,,,,,,,,,,,,,,,,,,,,,,,,,,,,,,,,,,,,,,,,,nan,,,,,,,,,,,,,,,
671,809.5729370117188,0.008086692541837692,0.8086692541837692,6809.897648334503,10000,ppo,ppo,crawler,flat,dth_dth_neighbours_direct,,,,,,,,,,,,,,,0.021964727833025784,0,781,0.0,0.0,,,,,,,,,,,,,,,,,,,,,,,,,,,,,,,,,,,,,,,,,,,,,,,,,,,,,,,,,,,,,,,,,,,,,,,,,,nan,,,,,,,,,,,,,,,
672,776.0007934570312,0.00774954492226243,0.774954492226243,6820.868247270584,10000,ppo,ppo,crawler,flat,dth_dth_neighbours_direct,,,,,,,,,,,,,,,0.030058604429093104,0,781,0.0,0.0,,,,,,,,,,,,,,,,,,,,,,,,,,,,,,,,,,,,,,,,,,,,,,,,,,,,,,,,,,,,,,,,,,,,,,,,,,nan,,,,,,,,,,,,,,,
673,825.4361572265625,0.008244113065302372,0.8244113065302372,6832.033300876617,10000,ppo,ppo,crawler,flat,dth_dth_neighbours_direct,,,,,,,,,,,,,,,0.014371475680864942,0,781,0.0,0.0,,,,,,,,,,,,,,,,,,,,,,,,,,,,,,,,,,,,,,,,,,,,,,,,,,,,,,,,,,,,,,,,,,,,,,,,,,nan,,,,,,,,,,,,,,,
674,849.4783325195312,0.00848745834082365,0.848745834082365,6842.776569604874,10000,ppo,ppo,crawler,flat,dth_dth_neighbours_direct,,,,,,,,,,,,,,,0.019155169934344837,0,781,0.0,0.0,,,,,,,,,,,,,,,,,,,,,,,,,,,,,,,,,,,,,,,,,,,,,,,,,,,,,,,,,,,,,,,,,,,,,,,,,,nan,,,,,,,,,,,,,,,
675,887.75927734375,0.0088676568120718,0.88676568120718,6853.947436571121,10000,ppo,ppo,crawler,flat,dth_dth_neighbours_direct,,,,,,,,,,,,,,,0.019362978367714584,0,781,0.0,0.0,,,,,,,,,,,,,,,,,,,,,,,,,,,,,,,,,,,,,,,,,,,,,,,,,,,,,,,,,,,,,,,,,,,,,,,,,,nan,,,,,,,,,,,,,,,
676,795.69384765625,0.007948051206767559,0.7948051206767559,6864.921905755997,10000,ppo,ppo,crawler,flat,dth_dth_neighbours_direct,,,,,,,,,,,,,,,0.02119197041316795,0,781,0.0,0.0,,,,,,,,,,,,,,,,,,,,,,,,,,,,,,,,,,,,,,,,,,,,,,,,,,,,,,,,,,,,,,,,,,,,,,,,,,nan,,,,,,,,,,,,,,,
677,790.48779296875,0.00789553951472044,0.789553951472044,6875.777747392654,10000,ppo,ppo,crawler,flat,dth_dth_neighbours_direct,,,,,,,,,,,,,,,0.026319168907643575,0,781,0.0,0.0,,,,,,,,,,,,,,,,,,,,,,,,,,,,,,,,,,,,,,,,,,,,,,,,,,,,,,,,,,,,,,,,,,,,,,,,,,nan,,,,,,,,,,,,,,,
678,834.4888916015625,0.008337474428117275,0.8337474428117275,6886.6514108181,10000,ppo,ppo,crawler,flat,dth_dth_neighbours_direct,,,,,,,,,,,,,,,0.025937436439963185,0,781,0.0,0.0,,,,,,,,,,,,,,,,,,,,,,,,,,,,,,,,,,,,,,,,,,,,,,,,,,,,,,,,,,,,,,,,,,,,,,,,,,nan,,,,,,,,,,,,,,,
679,849.8435668945312,0.00848576333373785,0.848576333373785,6898.080788850784,10000,ppo,ppo,crawler,flat,dth_dth_neighbours_direct,,,,,,,,,,,,,,,0.024995082158180342,0,781,0.0,0.0,,,,,,,,,,,,,,,,,,,,,,,,,,,,,,,,,,,,,,,,,,,,,,,,,,,,,,,,,,,,,,,,,,,,,,,,,,nan,,,,,,,,,,,,,,,
680,857.6940307617188,0.008563789539039135,0.8563789539039135,6909.115864038467,10000,ppo,ppo,crawler,flat,dth_dth_neighbours_direct,,,,,,,,,,,,,,,0.02585504375013288,0,781,0.0,0.0,,,,,,,,,,,,,,,,,,,,,,,,,,,,,,,,,,,,,,,,,,,,,,,,,,,,,,,,,,,,,,,,,,,,,,,,,,nan,,,,,,,,,,,,,,,
681,851.7174072265625,0.008508283644914627,0.8508283644914627,6920.132599592209,10000,ppo,ppo,crawler,flat,dth_dth_neighbours_direct,,,,,,,,,,,,,,,0.026355555452181774,0,781,0.0,0.0,,,,,,,,,,,,,,,,,,,,,,,,,,,,,,,,,,,,,,,,,,,,,,,,,,,,,,,,,,,,,,,,,,,,,,,,,,nan,,,,,,,,,,,,,,,
682,862.4083862304688,0.008615040220320225,0.8615040220320225,6931.867179393768,10000,ppo,ppo,crawler,flat,dth_dth_neighbours_direct,,,,,,,,,,,,,,,0.015272026217684045,0,781,0.0,0.0,,,,,,,,,,,,,,,,,,,,,,,,,,,,,,,,,,,,,,,,,,,,,,,,,,,,,,,,,,,,,,,,,,,,,,,,,,nan,,,,,,,,,,,,,,,
683,867.8283081054688,0.008669144473969936,0.8669144473969936,6942.879054069519,10000,ppo,ppo,crawler,flat,dth_dth_neighbours_direct,,,,,,,,,,,,,,,0.02127846384717768,0,781,0.0,0.0,,,,,,,,,,,,,,,,,,,,,,,,,,,,,,,,,,,,,,,,,,,,,,,,,,,,,,,,,,,,,,,,,,,,,,,,,,nan,,,,,,,,,,,,,,,
684,836.5367431640625,0.008359469473361969,0.8359469473361969,6953.804181814194,10000,ppo,ppo,crawler,flat,dth_dth_neighbours_direct,,,,,,,,,,,,,,,0.02082764003107595,0,781,0.0,0.0,,,,,,,,,,,,,,,,,,,,,,,,,,,,,,,,,,,,,,,,,,,,,,,,,,,,,,,,,,,,,,,,,,,,,,,,,,nan,,,,,,,,,,,,,,,
685,761.5400390625,0.0076057761907577515,0.7605776190757751,6964.662523984909,10000,ppo,ppo,crawler,flat,dth_dth_neighbours_direct,,,,,,,,,,,,,,,0.03138656245606263,0,781,0.0,0.0,,,,,,,,,,,,,,,,,,,,,,,,,,,,,,,,,,,,,,,,,,,,,,,,,,,,,,,,,,,,,,,,,,,,,,,,,,nan,,,,,,,,,,,,,,,
686,889.2770385742188,0.008884971030056477,0.8884971030056477,6975.909215688705,10000,ppo,ppo,crawler,flat,dth_dth_neighbours_direct,,,,,,,,,,,,,,,0.024806911965989224,0,781,0.0,0.0,,,,,,,,,,,,,,,,,,,,,,,,,,,,,,,,,,,,,,,,,,,,,,,,,,,,,,,,,,,,,,,,,,,,,,,,,,nan,,,,,,,,,,,,,,,
687,863.75927734375,0.008625442162156105,0.8625442162156105,6986.927851200104,10000,ppo,ppo,crawler,flat,dth_dth_neighbours_direct,,,,,,,,,,,,,,,0.029355080810770668,0,781,0.0,0.0,,,,,,,,,,,,,,,,,,,,,,,,,,,,,,,,,,,,,,,,,,,,,,,,,,,,,,,,,,,,,,,,,,,,,,,,,,nan,,,,,,,,,,,,,,,
688,824.0084228515625,0.00823325663805008,0.8233256638050079,6997.950783967972,10000,ppo,ppo,crawler,flat,dth_dth_neighbours_direct,,,,,,,,,,,,,,,0.1541870578072778,0,781,0.0,0.0,,,,,,,,,,,,,,,,,,,,,,,,,,,,,,,,,,,,,,,,,,,,,,,,,,,,,,,,,,,,,,,,,,,,,,,,,,nan,,,,,,,,,,,,,,,
689,844.2597045898438,0.008434419520199299,0.8434419520199299,7009.380211591721,10000,ppo,ppo,crawler,flat,dth_dth_neighbours_direct,,,,,,,,,,,,,,,0.22483657335821675,0,781,0.0,0.0,,,,,,,,,,,,,,,,,,,,,,,,,,,,,,,,,,,,,,,,,,,,,,,,,,,,,,,,,,,,,,,,,,,,,,,,,,nan,,,,,,,,,,,,,,,
690,1359.4080810546875,0.013581765815615654,1.3581765815615654,7020.866639137268,10000,ppo,ppo,crawler,flat,dth_dth_neighbours_direct,,,,,,,,,,,,,,,0.16191984389096797,0,781,0.0,0.0,,,,,,,,,,,,,,,,,,,,,,,,,,,,,,,,,,,,,,,,,,,,,,,,,,,,,,,,,,,,,,,,,,,,,,,,,,nan,,,,,,,,,,,,,,,
691,1524.7745361328125,0.015236809849739075,1.5236809849739075,7031.655606985092,10000,ppo,ppo,crawler,flat,dth_dth_neighbours_direct,,,,,,,,,,,,,,,0.1719169430547989,0,781,0.0,0.0,,,,,,,,,,,,,,,,,,,,,,,,,,,,,,,,,,,,,,,,,,,,,,,,,,,,,,,,,,,,,,,,,,,,,,,,,,nan,,,,,,,,,,,,,,,
692,1460.84375,0.014593795873224735,1.4593795873224735,7042.570101261139,10000,ppo,ppo,crawler,flat,dth_dth_neighbours_direct,,,,,,,,,,,,,,,0.19206207045446366,0,781,0.0,0.0,,,,,,,,,,,,,,,,,,,,,,,,,,,,,,,,,,,,,,,,,,,,,,,,,,,,,,,,,,,,,,,,,,,,,,,,,,nan,,,,,,,,,,,,,,,
693,1504.6500244140625,0.015033425763249397,1.5033425763249397,7054.230978965759,10000,ppo,ppo,crawler,flat,dth_dth_neighbours_direct,,,,,,,,,,,,,,,0.20455792194440134,0,781,0.0,0.0,,,,,,,,,,,,,,,,,,,,,,,,,,,,,,,,,,,,,,,,,,,,,,,,,,,,,,,,,,,,,,,,,,,,,,,,,,nan,,,,,,,,,,,,,,,
694,1722.876220703125,0.017210809513926506,1.7210809513926506,7064.918209314346,10000,ppo,ppo,crawler,flat,dth_dth_neighbours_direct,,,,,,,,,,,,,,,0.21564600861220637,0,781,0.0,0.0,,,,,,,,,,,,,,,,,,,,,,,,,,,,,,,,,,,,,,,,,,,,,,,,,,,,,,,,,,,,,,,,,,,,,,,,,,nan,,,,,,,,,,,,,,,
695,1797.3602294921875,0.017949525266885757,1.7949525266885757,7076.059950590134,10000,ppo,ppo,crawler,flat,dth_dth_neighbours_direct,,,,,,,,,,,,,,,0.20750261217501956,0,781,0.0,0.0,,,,,,,,,,,,,,,,,,,,,,,,,,,,,,,,,,,,,,,,,,,,,,,,,,,,,,,,,,,,,,,,,,,,,,,,,,nan,,,,,,,,,,,,,,,
696,2239.05126953125,0.022361431270837784,2.2361431270837784,7087.040942192078,10000,ppo,ppo,crawler,flat,dth_dth_neighbours_direct,,,,,,,,,,,,,,,0.19915345924854616,0,781,0.0,0.0,,,,,,,,,,,,,,,,,,,,,,,,,,,,,,,,,,,,,,,,,,,,,,,,,,,,,,,,,,,,,,,,,,,,,,,,,,nan,,,,,,,,,,,,,,,
697,2072.406005859375,0.020702827721834183,2.0702827721834183,7098.238390207291,10000,ppo,ppo,crawler,flat,dth_dth_neighbours_direct,,,,,,,,,,,,,,,0.2273739616863731,0,781,0.0,0.0,,,,,,,,,,,,,,,,,,,,,,,,,,,,,,,,,,,,,,,,,,,,,,,,,,,,,,,,,,,,,,,,,,,,,,,,,,nan,,,,,,,,,,,,,,,
698,2235.748779296875,0.02233184315264225,2.233184315264225,7109.181091547012,10000,ppo,ppo,crawler,flat,dth_dth_neighbours_direct,,,,,,,,,,,,,,,0.18049919681892573,0,781,0.0,0.0,,,,,,,,,,,,,,,,,,,,,,,,,,,,,,,,,,,,,,,,,,,,,,,,,,,,,,,,,,,,,,,,,,,,,,,,,,nan,,,,,,,,,,,,,,,
699,2753.594970703125,0.02750672586262226,2.750672586262226,7119.952577114105,10000,ppo,ppo,crawler,flat,dth_dth_neighbours_direct,,,,,,,,,,,,,,,0.18000631201521897,0,781,0.0,0.0,,,,,,,,,,,,,,,,,,,,,,,,,,,,,,,,,,,,,,,,,,,,,,,,,,,,,,,,,,,,,,,,,,,,,,,,,,nan,,,,,,,,,,,,,,,
700,2771.022705078125,0.027677685022354126,2.7677685022354126,7130.858198881149,10000,ppo,ppo,crawler,flat,dth_dth_neighbours_direct,,,,,,,,,,,,,,,0.1820159131062137,0,781,0.0,0.0,,,,,,,,,,,,,,,,,,,,,,,,,,,,,,,,,,,,,,,,,,,,,,,,,,,,,,,,,,,,,,,,,,,,,,,,,,nan,,,,,,,,,,,,,,,
701,2747.61865234375,0.027443578466773033,2.7443578466773033,7142.02751660347,10000,ppo,ppo,crawler,flat,dth_dth_neighbours_direct,,,,,,,,,,,,,,,0.19899132306693199,0,781,0.0,0.0,,,,,,,,,,,,,,,,,,,,,,,,,,,,,,,,,,,,,,,,,,,,,,,,,,,,,,,,,,,,,,,,,,,,,,,,,,nan,,,,,,,,,,,,,,,
702,2917.475830078125,0.029147228226065636,2.9147228226065636,7153.20031619072,10000,ppo,ppo,crawler,flat,dth_dth_neighbours_direct,,,,,,,,,,,,,,,0.22802296902166194,0,781,0.0,0.0,,,,,,,,,,,,,,,,,,,,,,,,,,,,,,,,,,,,,,,,,,,,,,,,,,,,,,,,,,,,,,,,,,,,,,,,,,nan,,,,,,,,,,,,,,,
703,3037.097412109375,0.03034258261322975,3.034258261322975,7162.882872104645,10000,ppo,ppo,crawler,flat,dth_dth_neighbours_direct,,,,,,,,,,,,,,,0.22494851177944813,0,781,0.0,0.0,,,,,,,,,,,,,,,,,,,,,,,,,,,,,,,,,,,,,,,,,,,,,,,,,,,,,,,,,,,,,,,,,,,,,,,,,,nan,,,,,,,,,,,,,,,
704,2843.446044921875,0.028402745723724365,2.8402745723724365,7172.52032160759,10000,ppo,ppo,crawler,flat,dth_dth_neighbours_direct,,,,,,,,,,,,,,,0.20314527794309722,0,781,0.0,0.0,,,,,,,,,,,,,,,,,,,,,,,,,,,,,,,,,,,,,,,,,,,,,,,,,,,,,,,,,,,,,,,,,,,,,,,,,,nan,,,,,,,,,,,,,,,
705,2878.678955078125,0.02875286154448986,2.875286154448986,7182.375099182129,10000,ppo,ppo,crawler,flat,dth_dth_neighbours_direct,,,,,,,,,,,,,,,-0.014238183229869361,0,781,0.0,0.0,,,,,,,,,,,,,,,,,,,,,,,,,,,,,,,,,,,,,,,,,,,,,,,,,,,,,,,,,,,,,,,,,,,,,,,,,,nan,,,,,,,,,,,,,,,
706,2869.169677734375,0.028661193326115608,2.866119332611561,7192.338394403458,10000,ppo,ppo,crawler,flat,dth_dth_neighbours_direct,,,,,,,,,,,,,,,0.027839731425605894,0,781,0.0,0.0,,,,,,,,,,,,,,,,,,,,,,,,,,,,,,,,,,,,,,,,,,,,,,,,,,,,,,,,,,,,,,,,,,,,,,,,,,nan,,,,,,,,,,,,,,,
707,2866.340087890625,0.028635160997509956,2.8635160997509956,7201.764941930771,10000,ppo,ppo,crawler,flat,dth_dth_neighbours_direct,,,,,,,,,,,,,,,0.01611110324591724,0,781,0.0,0.0,,,,,,,,,,,,,,,,,,,,,,,,,,,,,,,,,,,,,,,,,,,,,,,,,,,,,,,,,,,,,,,,,,,,,,,,,,nan,,,,,,,,,,,,,,,
708,2941.274169921875,0.029378797858953476,2.9378797858953476,7211.62614941597,10000,ppo,ppo,crawler,flat,dth_dth_neighbours_direct,,,,,,,,,,,,,,,-0.026627019301175215,0,781,0.0,0.0,,,,,,,,,,,,,,,,,,,,,,,,,,,,,,,,,,,,,,,,,,,,,,,,,,,,,,,,,,,,,,,,,,,,,,,,,,nan,,,,,,,,,,,,,,,
709,2913.846435546875,0.029108965769410133,2.9108965769410133,7221.345546960831,10000,ppo,ppo,crawler,flat,dth_dth_neighbours_direct,,,,,,,,,,,,,,,0.32514534126879246,0,781,0.0,0.0,,,,,,,,,,,,,,,,,,,,,,,,,,,,,,,,,,,,,,,,,,,,,,,,,,,,,,,,,,,,,,,,,,,,,,,,,,nan,,,,,,,,,,,,,,,
710,2679.540771484375,0.026766695082187653,2.6766695082187653,7230.891852140427,10000,ppo,ppo,crawler,flat,dth_dth_neighbours_direct,,,,,,,,,,,,,,,0.41638211031356354,0,781,0.0,0.0,,,,,,,,,,,,,,,,,,,,,,,,,,,,,,,,,,,,,,,,,,,,,,,,,,,,,,,,,,,,,,,,,,,,,,,,,,nan,,,,,,,,,,,,,,,
711,2705.78076171875,0.02702980302274227,2.702980302274227,7240.628180503845,10000,ppo,ppo,crawler,flat,dth_dth_neighbours_direct,,,,,,,,,,,,,,,0.33766124872803044,0,781,0.0,0.0,,,,,,,,,,,,,,,,,,,,,,,,,,,,,,,,,,,,,,,,,,,,,,,,,,,,,,,,,,,,,,,,,,,,,,,,,,nan,,,,,,,,,,,,,,,
712,2581.481689453125,0.025786785408854485,2.5786785408854485,7250.123332500458,10000,ppo,ppo,crawler,flat,dth_dth_neighbours_direct,,,,,,,,,,,,,,,0.38023946726721236,0,781,0.0,0.0,,,,,,,,,,,,,,,,,,,,,,,,,,,,,,,,,,,,,,,,,,,,,,,,,,,,,,,,,,,,,,,,,,,,,,,,,,nan,,,,,,,,,,,,,,,
713,2429.214111328125,0.024267172440886497,2.4267172440886497,7259.742121219635,10000,ppo,ppo,crawler,flat,dth_dth_neighbours_direct,,,,,,,,,,,,,,,0.5126034531207361,0,781,0.0,0.0,,,,,,,,,,,,,,,,,,,,,,,,,,,,,,,,,,,,,,,,,,,,,,,,,,,,,,,,,,,,,,,,,,,,,,,,,,nan,,,,,,,,,,,,,,,
714,2578.18359375,0.025754958391189575,2.5754958391189575,7269.087648391724,10000,ppo,ppo,crawler,flat,dth_dth_neighbours_direct,,,,,,,,,,,,,,,0.4212832872060613,0,781,0.0,0.0,,,,,,,,,,,,,,,,,,,,,,,,,,,,,,,,,,,,,,,,,,,,,,,,,,,,,,,,,,,,,,,,,,,,,,,,,,nan,,,,,,,,,,,,,,,
715,2562.65283203125,0.025603920221328735,2.5603920221328735,7278.803220272064,10000,ppo,ppo,crawler,flat,dth_dth_neighbours_direct,,,,,,,,,,,,,,,0.4207869993024197,0,781,0.0,0.0,,,,,,,,,,,,,,,,,,,,,,,,,,,,,,,,,,,,,,,,,,,,,,,,,,,,,,,,,,,,,,,,,,,,,,,,,,nan,,,,,,,,,,,,,,,
716,2476.03125,0.024733152240514755,2.4733152240514755,7288.393070697784,10000,ppo,ppo,crawler,flat,dth_dth_neighbours_direct,,,,,,,,,,,,,,,0.47966463641435214,0,781,0.0,0.0,,,,,,,,,,,,,,,,,,,,,,,,,,,,,,,,,,,,,,,,,,,,,,,,,,,,,,,,,,,,,,,,,,,,,,,,,,nan,,,,,,,,,,,,,,,
717,2505.815673828125,0.025027602910995483,2.5027602910995483,7297.820317029953,10000,ppo,ppo,crawler,flat,dth_dth_neighbours_direct,,,,,,,,,,,,,,,0.39910201926582833,0,781,0.0,0.0,,,,,,,,,,,,,,,,,,,,,,,,,,,,,,,,,,,,,,,,,,,,,,,,,,,,,,,,,,,,,,,,,,,,,,,,,,nan,,,,,,,,,,,,,,,
718,2508.417724609375,0.025057144463062286,2.5057144463062286,7307.234662532806,10000,ppo,ppo,crawler,flat,dth_dth_neighbours_direct,,,,,,,,,,,,,,,0.45445669402005257,0,781,0.0,0.0,,,,,,,,,,,,,,,,,,,,,,,,,,,,,,,,,,,,,,,,,,,,,,,,,,,,,,,,,,,,,,,,,,,,,,,,,,nan,,,,,,,,,,,,,,,
719,2533.17236328125,0.025304671376943588,2.530467137694359,7317.525858879089,10000,ppo,ppo,crawler,flat,dth_dth_neighbours_direct,,,,,,,,,,,,,,,0.6612680911460788,0,781,0.0,0.0,,,,,,,,,,,,,,,,,,,,,,,,,,,,,,,,,,,,,,,,,,,,,,,,,,,,,,,,,,,,,,,,,,,,,,,,,,nan,,,,,,,,,,,,,,,
720,3355.42431640625,0.03352421522140503,3.352421522140503,7328.215608119965,10000,ppo,ppo,crawler,flat,dth_dth_neighbours_direct,,,,,,,,,,,,,,,4.046444525754019,0,781,0.0,0.0,,,,,,,,,,,,,,,,,,,,,,,,,,,,,,,,,,,,,,,,,,,,,,,,,,,,,,,,,,,,,,,,,,,,,,,,,,nan,,,,,,,,,,,,,,,
721,-1.099825143814087,-1.099823111871956e-05,-0.001099823111871956,7338.712431430817,10000,ppo,ppo,crawler,flat,dth_dth_neighbours_direct,,,,,,,,,,,,,,,3.410185791831106,0,781,0.0,0.0,,,,,,,,,,,,,,,,,,,,,,,,,,,,,,,,,,,,,,,,,,,,,,,,,,,,,,,,,,,,,,,,,,,,,,,,,,nan,,,,,,,,,,,,,,,
722,0.04179411008954048,4.179426014161436e-07,4.179426014161436e-05,7349.317103862762,10000,ppo,ppo,crawler,flat,dth_dth_neighbours_direct,,,,,,,,,,,,,,,0.4217987684670135,0,781,0.0,0.0,,,,,,,,,,,,,,,,,,,,,,,,,,,,,,,,,,,,,,,,,,,,,,,,,,,,,,,,,,,,,,,,,,,,,,,,,,nan,,,,,,,,,,,,,,,
723,0.7056578397750854,7.056603408273077e-06,0.0007056603408273077,7358.784016132355,10000,ppo,ppo,crawler,flat,dth_dth_neighbours_direct,,,,,,,,,,,,,,,0.11449538082928992,0,781,0.0,0.0,,,,,,,,,,,,,,,,,,,,,,,,,,,,,,,,,,,,,,,,,,,,,,,,,,,,,,,,,,,,,,,,,,,,,,,,,,nan,,,,,,,,,,,,,,,
724,1.7542946338653564,1.7542994100949727e-05,0.0017542994100949727,7368.023919343948,10000,ppo,ppo,crawler,flat,dth_dth_neighbours_direct,,,,,,,,,,,,,,,3.838142506520666e-06,0,781,0.0,0.0,,,,,,,,,,,,,,,,,,,,,,,,,,,,,,,,,,,,,,,,,,,,,,,,,,,,,,,,,,,,,,,,,,,,,,,,,,nan,,,,,,,,,,,,,,,
725,-0.7106052041053772,-7.106043995008804e-06,-0.0007106043995008804,7377.607642889023,10000,ppo,ppo,crawler,flat,dth_dth_neighbours_direct,,,,,,,,,,,,,,,5.881737311884628e-07,0,781,0.0,0.0,,,,,,,,,,,,,,,,,,,,,,,,,,,,,,,,,,,,,,,,,,,,,,,,,,,,,,,,,,,,,,,,,,,,,,,,,,nan,,,,,,,,,,,,,,,
726,1.3609344959259033,1.3609391317004338e-05,0.0013609391317004338,7386.966703414917,10000,ppo,ppo,crawler,flat,dth_dth_neighbours_direct,,,,,,,,,,,,,,,-3.106574910703603e-07,0,781,0.0,0.0,,,,,,,,,,,,,,,,,,,,,,,,,,,,,,,,,,,,,,,,,,,,,,,,,,,,,,,,,,,,,,,,,,,,,,,,,,nan,,,,,,,,,,,,,,,
727,-0.1084357276558876,-1.0843358495549182e-06,-0.00010843358495549182,7396.478584051132,10000,ppo,ppo,crawler,flat,dth_dth_neighbours_direct,,,,,,,,,,,,,,,-1.1078087987423554e-09,0,781,0.0,0.0,,,,,,,,,,,,,,,,,,,,,,,,,,,,,,,,,,,,,,,,,,,,,,,,,,,,,,,,,,,,,,,,,,,,,,,,,,nan,,,,,,,,,,,,,,,
728,-0.45224103331565857,-4.522381459537428e-06,-0.0004522381459537428,7405.985119104385,10000,ppo,ppo,crawler,flat,dth_dth_neighbours_direct,,,,,,,,,,,,,,,2.3920084236526e-07,0,781,0.0,0.0,,,,,,,,,,,,,,,,,,,,,,,,,,,,,,,,,,,,,,,,,,,,,,,,,,,,,,,,,,,,,,,,,,,,,,,,,,nan,,,,,,,,,,,,,,,
729,1.4163265228271484,1.4163260857458226e-05,0.0014163260857458226,7415.542072057724,10000,ppo,ppo,crawler,flat,dth_dth_neighbours_direct,,,,,,,,,,,,,,,4.969279683658927e-08,0,781,0.0,0.0,,,,,,,,,,,,,,,,,,,,,,,,,,,,,,,,,,,,,,,,,,,,,,,,,,,,,,,,,,,,,,,,,,,,,,,,,,nan,,,,,,,,,,,,,,,
730,-0.31480497121810913,-3.1480453799304087e-06,-0.00031480453799304087,7425.156530618668,10000,ppo,ppo,crawler,flat,dth_dth_neighbours_direct,,,,,,,,,,,,,,,-3.3623726129837134e-07,0,781,0.0,0.0,,,,,,,,,,,,,,,,,,,,,,,,,,,,,,,,,,,,,,,,,,,,,,,,,,,,,,,,,,,,,,,,,,,,,,,,,,nan,,,,,,,,,,,,,,,
731,1.344356894493103,1.3443567695503589e-05,0.0013443567695503589,7434.677405118942,10000,ppo,ppo,crawler,flat,dth_dth_neighbours_direct,,,,,,,,,,,,,,,-4.031947037627236e-07,0,781,0.0,0.0,,,,,,,,,,,,,,,,,,,,,,,,,,,,,,,,,,,,,,,,,,,,,,,,,,,,,,,,,,,,,,,,,,,,,,,,,,nan,,,,,,,,,,,,,,,
732,0.03913736343383789,3.91406217659096e-07,3.91406217659096e-05,7444.821976900101,10000,ppo,ppo,crawler,flat,dth_dth_neighbours_direct,,,,,,,,,,,,,,,1.6827353308509162e-06,0,781,0.0,0.0,,,,,,,,,,,,,,,,,,,,,,,,,,,,,,,,,,,,,,,,,,,,,,,,,,,,,,,,,,,,,,,,,,,,,,,,,,nan,,,,,,,,,,,,,,,
733,-0.9772194027900696,-9.772172234079335e-06,-0.0009772172234079335,7454.412458896637,10000,ppo,ppo,crawler,flat,dth_dth_neighbours_direct,,,,,,,,,,,,,,,-2.204549049293186e-06,0,781,0.0,0.0,,,,,,,,,,,,,,,,,,,,,,,,,,,,,,,,,,,,,,,,,,,,,,,,,,,,,,,,,,,,,,,,,,,,,,,,,,nan,,,,,,,,,,,,,,,
734,0.635276734828949,6.352776836138219e-06,0.0006352776836138219,7464.465867519379,10000,ppo,ppo,crawler,flat,dth_dth_neighbours_direct,,,,,,,,,,,,,,,-1.0850790425390958e-06,0,781,0.0,0.0,,,,,,,,,,,,,,,,,,,,,,,,,,,,,,,,,,,,,,,,,,,,,,,,,,,,,,,,,,,,,,,,,,,,,,,,,,nan,,,,,,,,,,,,,,,
735,0.8134118318557739,8.134132258419413e-06,0.0008134132258419413,7474.315711259842,10000,ppo,ppo,crawler,flat,dth_dth_neighbours_direct,,,,,,,,,,,,,,,2.6479444529732425e-06,0,781,0.0,0.0,,,,,,,,,,,,,,,,,,,,,,,,,,,,,,,,,,,,,,,,,,,,,,,,,,,,,,,,,,,,,,,,,,,,,,,,,,nan,,,,,,,,,,,,,,,
736,1.1551388502120972,1.1551421266631223e-05,0.0011551421266631223,7483.864793539047,10000,ppo,ppo,crawler,flat,dth_dth_neighbours_direct,,,,,,,,,,,,,,,-4.93102033220699e-06,0,781,0.0,0.0,,,,,,,,,,,,,,,,,,,,,,,,,,,,,,,,,,,,,,,,,,,,,,,,,,,,,,,,,,,,,,,,,,,,,,,,,,nan,,,,,,,,,,,,,,,
737,-0.8158037066459656,-8.157996489899233e-06,-0.0008157996489899233,7493.9388818740845,10000,ppo,ppo,crawler,flat,dth_dth_neighbours_direct,,,,,,,,,,,,,,,2.850935807530309e-06,0,781,0.0,0.0,,,,,,,,,,,,,,,,,,,,,,,,,,,,,,,,,,,,,,,,,,,,,,,,,,,,,,,,,,,,,,,,,,,,,,,,,,nan,,,,,,,,,,,,,,,
738,-0.5095634460449219,-5.095616415928816e-06,-0.0005095616415928816,7503.924493312836,10000,ppo,ppo,crawler,flat,dth_dth_neighbours_direct,,,,,,,,,,,,,,,2.408496410646756e-05,0,781,0.0,0.0,,,,,,,,,,,,,,,,,,,,,,,,,,,,,,,,,,,,,,,,,,,,,,,,,,,,,,,,,,,,,,,,,,,,,,,,,,nan,,,,,,,,,,,,,,,
739,-0.4668235778808594,-4.668217115977313e-06,-0.00046682171159773134,7515.0273001194,10000,ppo,ppo,crawler,flat,dth_dth_neighbours_direct,,,,,,,,,,,,,,,1.5390005377663846e-05,0,781,0.0,0.0,,,,,,,,,,,,,,,,,,,,,,,,,,,,,,,,,,,,,,,,,,,,,,,,,,,,,,,,,,,,,,,,,,,,,,,,,,nan,,,,,,,,,,,,,,,
740,0.09651770442724228,9.652056860431912e-07,9.652056860431912e-05,7526.083469629288,10000,ppo,ppo,crawler,flat,dth_dth_neighbours_direct,,,,,,,,,,,,,,,-5.083448383551707e-06,0,781,0.0,0.0,,,,,,,,,,,,,,,,,,,,,,,,,,,,,,,,,,,,,,,,,,,,,,,,,,,,,,,,,,,,,,,,,,,,,,,,,,nan,,,,,,,,,,,,,,,
741,2.417440176010132,2.4174427380785346e-05,0.0024174427380785346,7537.253736495972,10000,ppo,ppo,crawler,flat,dth_dth_neighbours_direct,,,,,,,,,,,,,,,-3.425382964894958e-06,0,781,0.0,0.0,,,,,,,,,,,,,,,,,,,,,,,,,,,,,,,,,,,,,,,,,,,,,,,,,,,,,,,,,,,,,,,,,,,,,,,,,,nan,,,,,,,,,,,,,,,
742,0.4496690332889557,4.496751898841467e-06,0.0004496751898841467,7548.113883495331,10000,ppo,ppo,crawler,flat,dth_dth_neighbours_direct,,,,,,,,,,,,,,,-2.0482955397930706e-06,0,781,0.0,0.0,,,,,,,,,,,,,,,,,,,,,,,,,,,,,,,,,,,,,,,,,,,,,,,,,,,,,,,,,,,,,,,,,,,,,,,,,,nan,,,,,,,,,,,,,,,
743,-1.5924533605575562,-1.5924559193081222e-05,-0.0015924559193081222,7559.064659833908,10000,ppo,ppo,crawler,flat,dth_dth_neighbours_direct,,,,,,,,,,,,,,,8.745321696302192e-07,0,781,0.0,0.0,,,,,,,,,,,,,,,,,,,,,,,,,,,,,,,,,,,,,,,,,,,,,,,,,,,,,,,,,,,,,,,,,,,,,,,,,,nan,,,,,,,,,,,,,,,
744,-0.9741914868354797,-9.741876056068577e-06,-0.0009741876056068577,7569.812007188797,10000,ppo,ppo,crawler,flat,dth_dth_neighbours_direct,,,,,,,,,,,,,,,-4.101910708274182e-06,0,781,0.0,0.0,,,,,,,,,,,,,,,,,,,,,,,,,,,,,,,,,,,,,,,,,,,,,,,,,,,,,,,,,,,,,,,,,,,,,,,,,,nan,,,,,,,,,,,,,,,
745,-1.212610125541687,-1.2126119145250414e-05,-0.0012126119145250414,7579.618002176285,10000,ppo,ppo,crawler,flat,dth_dth_neighbours_direct,,,,,,,,,,,,,,,-6.230649384508976e-06,0,781,0.0,0.0,,,,,,,,,,,,,,,,,,,,,,,,,,,,,,,,,,,,,,,,,,,,,,,,,,,,,,,,,,,,,,,,,,,,,,,,,,nan,,,,,,,,,,,,,,,
746,-0.04895424842834473,-4.895470055998885e-07,-4.895470055998885e-05,7589.621763944626,10000,ppo,ppo,crawler,flat,dth_dth_neighbours_direct,,,,,,,,,,,,,,,-4.881831952078547e-06,0,781,0.0,0.0,,,,,,,,,,,,,,,,,,,,,,,,,,,,,,,,,,,,,,,,,,,,,,,,,,,,,,,,,,,,,,,,,,,,,,,,,,nan,,,,,,,,,,,,,,,
747,-0.5487842559814453,-5.4877968977962155e-06,-0.0005487796897796215,7599.866237401962,10000,ppo,ppo,crawler,flat,dth_dth_neighbours_direct,,,,,,,,,,,,,,,-5.164621314379684e-06,0,781,0.0,0.0,,,,,,,,,,,,,,,,,,,,,,,,,,,,,,,,,,,,,,,,,,,,,,,,,,,,,,,,,,,,,,,,,,,,,,,,,,nan,,,,,,,,,,,,,,,
748,0.5333201289176941,5.33319916939945e-06,0.000533319916939945,7610.741025209427,10000,ppo,ppo,crawler,flat,dth_dth_neighbours_direct,,,,,,,,,,,,,,,-3.98319987305911e-06,0,781,0.0,0.0,,,,,,,,,,,,,,,,,,,,,,,,,,,,,,,,,,,,,,,,,,,,,,,,,,,,,,,,,,,,,,,,,,,,,,,,,,nan,,,,,,,,,,,,,,,
749,0.046137429773807526,4.6142281462380197e-07,4.61422814623802e-05,7620.202395200729,10000,ppo,ppo,crawler,flat,dth_dth_neighbours_direct,,,,,,,,,,,,,,,-3.556812732992038e-06,0,781,0.0,0.0,,,,,,,,,,,,,,,,,,,,,,,,,,,,,,,,,,,,,,,,,,,,,,,,,,,,,,,,,,,,,,,,,,,,,,,,,,nan,,,,,,,,,,,,,,,
750,0.9696663022041321,9.696659617475234e-06,0.0009696659617475234,7630.176389932632,10000,ppo,ppo,crawler,flat,dth_dth_neighbours_direct,,,,,,,,,,,,,,,2.3277821055066113e-05,0,781,0.0,0.0,,,,,,,,,,,,,,,,,,,,,,,,,,,,,,,,,,,,,,,,,,,,,,,,,,,,,,,,,,,,,,,,,,,,,,,,,,nan,,,,,,,,,,,,,,,
751,0.2213914841413498,2.2139445263746893e-06,0.00022139445263746893,7639.772814273834,10000,ppo,ppo,crawler,flat,dth_dth_neighbours_direct,,,,,,,,,,,,,,,-1.8596079167116924e-06,0,781,0.0,0.0,,,,,,,,,,,,,,,,,,,,,,,,,,,,,,,,,,,,,,,,,,,,,,,,,,,,,,,,,,,,,,,,,,,,,,,,,,nan,,,,,,,,,,,,,,,
752,1.0062315464019775,1.0062341061711777e-05,0.0010062341061711777,7650.247628211975,10000,ppo,ppo,crawler,flat,dth_dth_neighbours_direct,,,,,,,,,,,,,,,-6.532566037587106e-06,0,781,0.0,0.0,,,,,,,,,,,,,,,,,,,,,,,,,,,,,,,,,,,,,,,,,,,,,,,,,,,,,,,,,,,,,,,,,,,,,,,,,,nan,,,,,,,,,,,,,,,
753,-0.8077904582023621,-8.077884558588266e-06,-0.0008077884558588266,7660.554381370544,10000,ppo,ppo,crawler,flat,dth_dth_neighbours_direct,,,,,,,,,,,,,,,-2.9451281748111055e-06,0,781,0.0,0.0,,,,,,,,,,,,,,,,,,,,,,,,,,,,,,,,,,,,,,,,,,,,,,,,,,,,,,,,,,,,,,,,,,,,,,,,,,nan,,,,,,,,,,,,,,,
754,0.444163054227829,4.441660621523624e-06,0.00044416606215236243,7670.092659473419,10000,ppo,ppo,crawler,flat,dth_dth_neighbours_direct,,,,,,,,,,,,,,,-5.795857684255104e-06,0,781,0.0,0.0,,,,,,,,,,,,,,,,,,,,,,,,,,,,,,,,,,,,,,,,,,,,,,,,,,,,,,,,,,,,,,,,,,,,,,,,,,nan,,,,,,,,,,,,,,,
755,1.2243554592132568,1.2243577657500282e-05,0.0012243577657500282,7680.459645032883,10000,ppo,ppo,crawler,flat,dth_dth_neighbours_direct,,,,,,,,,,,,,,,-5.495646269693875e-06,0,781,0.0,0.0,,,,,,,,,,,,,,,,,,,,,,,,,,,,,,,,,,,,,,,,,,,,,,,,,,,,,,,,,,,,,,,,,,,,,,,,,,nan,,,,,,,,,,,,,,,
756,0.3785884380340576,3.7859065287193516e-06,0.00037859065287193516,7691.33530664444,10000,ppo,ppo,crawler,flat,dth_dth_neighbours_direct,,,,,,,,,,,,,,,-4.039708854065357e-06,0,781,0.0,0.0,,,,,,,,,,,,,,,,,,,,,,,,,,,,,,,,,,,,,,,,,,,,,,,,,,,,,,,,,,,,,,,,,,,,,,,,,,nan,,,,,,,,,,,,,,,
757,-0.21645084023475647,-2.164477336918935e-06,-0.00021644773369189352,7701.802008152008,10000,ppo,ppo,crawler,flat,dth_dth_neighbours_direct,,,,,,,,,,,,,,,-9.38100838096438e-06,0,781,0.0,0.0,,,,,,,,,,,,,,,,,,,,,,,,,,,,,,,,,,,,,,,,,,,,,,,,,,,,,,,,,,,,,,,,,,,,,,,,,,nan,,,,,,,,,,,,,,,
758,1.496951937675476,1.4969563380873296e-05,0.0014969563380873296,7712.046454191208,10000,ppo,ppo,crawler,flat,dth_dth_neighbours_direct,,,,,,,,,,,,,,,-1.0367154970135487e-05,0,781,0.0,0.0,,,,,,,,,,,,,,,,,,,,,,,,,,,,,,,,,,,,,,,,,,,,,,,,,,,,,,,,,,,,,,,,,,,,,,,,,,nan,,,,,,,,,,,,,,,
759,-0.24058416485786438,-2.40582880906004e-06,-0.000240582880906004,7722.7114589214325,10000,ppo,ppo,crawler,flat,dth_dth_neighbours_direct,,,,,,,,,,,,,,,-7.993445067491177e-06,0,781,0.0,0.0,,,,,,,,,,,,,,,,,,,,,,,,,,,,,,,,,,,,,,,,,,,,,,,,,,,,,,,,,,,,,,,,,,,,,,,,,,nan,,,,,,,,,,,,,,,
760,-0.11113939434289932,-1.1113684195152018e-06,-0.00011113684195152018,7733.03638792038,10000,ppo,ppo,crawler,flat,dth_dth_neighbours_direct,,,,,,,,,,,,,,,-1.3873621430271871e-05,0,781,0.0,0.0,,,,,,,,,,,,,,,,,,,,,,,,,,,,,,,,,,,,,,,,,,,,,,,,,,,,,,,,,,,,,,,,,,,,,,,,,,nan,,,,,,,,,,,,,,,
761,0.5022364854812622,5.022413006372517e-06,0.0005022413006372517,7742.99529671669,10000,ppo,ppo,crawler,flat,dth_dth_neighbours_direct,,,,,,,,,,,,,,,0.0002954388800507624,0,781,0.0,0.0,,,,,,,,,,,,,,,,,,,,,,,,,,,,,,,,,,,,,,,,,,,,,,,,,,,,,,,,,,,,,,,,,,,,,,,,,,nan,,,,,,,,,,,,,,,
762,1.0081545114517212,1.0081557775265537e-05,0.0010081557775265537,7752.8032746315,10000,ppo,ppo,crawler,flat,dth_dth_neighbours_direct,,,,,,,,,,,,,,,-6.878078365448037e-06,0,781,0.0,0.0,,,,,,,,,,,,,,,,,,,,,,,,,,,,,,,,,,,,,,,,,,,,,,,,,,,,,,,,,,,,,,,,,,,,,,,,,,nan,,,,,,,,,,,,,,,
763,1.4228986501693726,1.4229008229449391e-05,0.0014229008229449391,7762.9420619010925,10000,ppo,ppo,crawler,flat,dth_dth_neighbours_direct,,,,,,,,,,,,,,,-5.075364241259657e-05,0,781,0.0,0.0,,,,,,,,,,,,,,,,,,,,,,,,,,,,,,,,,,,,,,,,,,,,,,,,,,,,,,,,,,,,,,,,,,,,,,,,,,nan,,,,,,,,,,,,,,,
764,-1.434250831604004,-1.4342504073283635e-05,-0.0014342504073283635,7772.89355969429,10000,ppo,ppo,crawler,flat,dth_dth_neighbours_direct,,,,,,,,,,,,,,,-0.0003421665699949796,0,781,0.0,0.0,,,,,,,,,,,,,,,,,,,,,,,,,,,,,,,,,,,,,,,,,,,,,,,,,,,,,,,,,,,,,,,,,,,,,,,,,,nan,,,,,,,,,,,,,,,
765,-0.6137932538986206,-6.137903255876154e-06,-0.0006137903255876154,7782.725101947784,10000,ppo,ppo,crawler,flat,dth_dth_neighbours_direct,,,,,,,,,,,,,,,-4.83500705638402e-07,0,781,0.0,0.0,,,,,,,,,,,,,,,,,,,,,,,,,,,,,,,,,,,,,,,,,,,,,,,,,,,,,,,,,,,,,,,,,,,,,,,,,,nan,,,,,,,,,,,,,,,
766,0.18433885276317596,1.8434000139677664e-06,0.00018434000139677664,7792.452941894531,10000,ppo,ppo,crawler,flat,dth_dth_neighbours_direct,,,,,,,,,,,,,,,-1.964103263563139e-06,0,781,0.0,0.0,,,,,,,,,,,,,,,,,,,,,,,,,,,,,,,,,,,,,,,,,,,,,,,,,,,,,,,,,,,,,,,,,,,,,,,,,,nan,,,,,,,,,,,,,,,
767,-0.6490277051925659,-6.490255600510864e-06,-0.0006490255600510864,7802.814813375473,10000,ppo,ppo,crawler,flat,dth_dth_neighbours_direct,,,,,,,,,,,,,,,5.614031559373902e-06,0,781,0.0,0.0,,,,,,,,,,,,,,,,,,,,,,,,,,,,,,,,,,,,,,,,,,,,,,,,,,,,,,,,,,,,,,,,,,,,,,,,,,nan,,,,,,,,,,,,,,,
768,0.5124325156211853,5.12432507093763e-06,0.000512432507093763,7813.928318500519,10000,ppo,ppo,crawler,flat,dth_dth_neighbours_direct,,,,,,,,,,,,,,,9.12436163684928e-06,0,781,0.0,0.0,,,,,,,,,,,,,,,,,,,,,,,,,,,,,,,,,,,,,,,,,,,,,,,,,,,,,,,,,,,,,,,,,,,,,,,,,,nan,,,,,,,,,,,,,,,
769,1.3453282117843628,1.3453322026180103e-05,0.0013453322026180103,7824.77286028862,10000,ppo,ppo,crawler,flat,dth_dth_neighbours_direct,,,,,,,,,,,,,,,1.766125787235558e-05,0,781,0.0,0.0,,,,,,,,,,,,,,,,,,,,,,,,,,,,,,,,,,,,,,,,,,,,,,,,,,,,,,,,,,,,,,,,,,,,,,,,,,nan,,,,,,,,,,,,,,,
770,-1.2427034378051758,-1.242702728632139e-05,-0.001242702728632139,7836.5194935798645,10000,ppo,ppo,crawler,flat,dth_dth_neighbours_direct,,,,,,,,,,,,,,,-4.48971414382876e-06,0,781,0.0,0.0,,,,,,,,,,,,,,,,,,,,,,,,,,,,,,,,,,,,,,,,,,,,,,,,,,,,,,,,,,,,,,,,,,,,,,,,,,nan,,,,,,,,,,,,,,,
771,0.669346034526825,6.693498562526656e-06,0.0006693498562526656,7847.96174287796,10000,ppo,ppo,crawler,flat,dth_dth_neighbours_direct,,,,,,,,,,,,,,,-1.134113831953569e-05,0,781,0.0,0.0,,,,,,,,,,,,,,,,,,,,,,,,,,,,,,,,,,,,,,,,,,,,,,,,,,,,,,,,,,,,,,,,,,,,,,,,,,nan,,,,,,,,,,,,,,,
772,-0.8084530234336853,-8.084501132543664e-06,-0.0008084501132543664,7858.282733440399,10000,ppo,ppo,crawler,flat,dth_dth_neighbours_direct,,,,,,,,,,,,,,,-1.4349347202252793e-05,0,781,0.0,0.0,,,,,,,,,,,,,,,,,,,,,,,,,,,,,,,,,,,,,,,,,,,,,,,,,,,,,,,,,,,,,,,,,,,,,,,,,,nan,,,,,,,,,,,,,,,
773,-0.41427406668663025,-4.142735178902512e-06,-0.00041427351789025124,7869.000707626343,10000,ppo,ppo,crawler,flat,dth_dth_neighbours_direct,,,,,,,,,,,,,,,-2.2706149978308e-05,0,781,0.0,0.0,,,,,,,,,,,,,,,,,,,,,,,,,,,,,,,,,,,,,,,,,,,,,,,,,,,,,,,,,,,,,,,,,,,,,,,,,,nan,,,,,,,,,,,,,,,
774,0.33179736137390137,3.3179685487993993e-06,0.00033179685487993993,7879.595586776733,10000,ppo,ppo,crawler,flat,dth_dth_neighbours_direct,,,,,,,,,,,,,,,-1.4841703223434209e-05,0,781,0.0,0.0,,,,,,,,,,,,,,,,,,,,,,,,,,,,,,,,,,,,,,,,,,,,,,,,,,,,,,,,,,,,,,,,,,,,,,,,,,nan,,,,,,,,,,,,,,,
775,0.17276795208454132,1.7276711332669947e-06,0.00017276711332669947,7891.689532279968,10000,ppo,ppo,crawler,flat,dth_dth_neighbours_direct,,,,,,,,,,,,,,,-5.36450245697886e-05,0,781,0.0,0.0,,,,,,,,,,,,,,,,,,,,,,,,,,,,,,,,,,,,,,,,,,,,,,,,,,,,,,,,,,,,,,,,,,,,,,,,,,nan,,,,,,,,,,,,,,,
776,-0.6238243579864502,-6.238256901269779e-06,-0.0006238256901269779,7903.459536790848,10000,ppo,ppo,crawler,flat,dth_dth_neighbours_direct,,,,,,,,,,,,,,,-5.012821577842349e-05,0,781,0.0,0.0,,,,,,,,,,,,,,,,,,,,,,,,,,,,,,,,,,,,,,,,,,,,,,,,,,,,,,,,,,,,,,,,,,,,,,,,,,nan,,,,,,,,,,,,,,,
777,-1.1826425790786743,-1.1826419722638093e-05,-0.0011826419722638093,7914.564058065414,10000,ppo,ppo,crawler,flat,dth_dth_neighbours_direct,,,,,,,,,,,,,,,-1.0157284230260934e-05,0,781,0.0,0.0,,,,,,,,,,,,,,,,,,,,,,,,,,,,,,,,,,,,,,,,,,,,,,,,,,,,,,,,,,,,,,,,,,,,,,,,,,nan,,,,,,,,,,,,,,,
778,-1.4176663160324097,-1.417664680047892e-05,-0.001417664680047892,7925.498780965805,10000,ppo,ppo,crawler,flat,dth_dth_neighbours_direct,,,,,,,,,,,,,,,-8.130336368740292e-06,0,781,0.0,0.0,,,,,,,,,,,,,,,,,,,,,,,,,,,,,,,,,,,,,,,,,,,,,,,,,,,,,,,,,,,,,,,,,,,,,,,,,,nan,,,,,,,,,,,,,,,
779,-0.277170330286026,-2.7716587283066474e-06,-0.00027716587283066474,7936.86279129982,10000,ppo,ppo,crawler,flat,dth_dth_neighbours_direct,,,,,,,,,,,,,,,-7.466050568448139e-06,0,781,0.0,0.0,,,,,,,,,,,,,,,,,,,,,,,,,,,,,,,,,,,,,,,,,,,,,,,,,,,,,,,,,,,,,,,,,,,,,,,,,,nan,,,,,,,,,,,,,,,
780,1.5078457593917847,1.5078484466357622e-05,0.0015078484466357622,7948.941545009613,10000,ppo,ppo,crawler,flat,dth_dth_neighbours_direct,,,,,,,,,,,,,,,-0.0016412815894745528,0,781,0.0,0.0,,,,,,,,,,,,,,,,,,,,,,,,,,,,,,,,,,,,,,,,,,,,,,,,,,,,,,,,,,,,,,,,,,,,,,,,,,nan,,,,,,,,,,,,,,,
781,0.4607865512371063,4.607886239682557e-06,0.0004607886239682557,7961.365092039108,10000,ppo,ppo,crawler,flat,dth_dth_neighbours_direct,,,,,,,,,,,,,,,0.0,0,781,0.0,0.0,,,,,,,,,,,,,,,,,,,,,,,,,,,,,,,,,,,,,,,,,,,,,,,,,,,,,,,,,,,,,,,,,,,,,,,,,,nan,,,,,,,,,,,,,,,
782,-1.932763695716858,-1.9327608242747374e-05,-0.0019327608242747374,7972.515594959259,10000,ppo,ppo,crawler,flat,dth_dth_neighbours_direct,,,,,,,,,,,,,,,-0.00013366685500523496,0,781,0.0,0.0,,,,,,,,,,,,,,,,,,,,,,,,,,,,,,,,,,,,,,,,,,,,,,,,,,,,,,,,,,,,,,,,,,,,,,,,,,nan,,,,,,,,,,,,,,,
783,-0.8439764380455017,-8.439762495981995e-06,-0.0008439762495981995,7982.799730300903,10000,ppo,ppo,crawler,flat,dth_dth_neighbours_direct,,,,,,,,,,,,,,,-7.154846924062575e-12,0,781,0.0,0.0,,,,,,,,,,,,,,,,,,,,,,,,,,,,,,,,,,,,,,,,,,,,,,,,,,,,,,,,,,,,,,,,,,,,,,,,,,nan,,,,,,,,,,,,,,,
784,0.04451804235577583,4.4521706854538934e-07,4.4521706854538934e-05,7992.984969854355,10000,ppo,ppo,crawler,flat,dth_dth_neighbours_direct,,,,,,,,,,,,,,,-0.00015968040452266015,0,781,0.0,0.0,,,,,,,,,,,,,,,,,,,,,,,,,,,,,,,,,,,,,,,,,,,,,,,,,,,,,,,,,,,,,,,,,,,,,,,,,,nan,,,,,,,,,,,,,,,
785,-0.3918384909629822,-3.918392394552939e-06,-0.00039183923945529386,8003.22278547287,10000,ppo,ppo,crawler,flat,dth_dth_neighbours_direct,,,,,,,,,,,,,,,-5.718754668852432e-06,0,781,0.0,0.0,,,,,,,,,,,,,,,,,,,,,,,,,,,,,,,,,,,,,,,,,,,,,,,,,,,,,,,,,,,,,,,,,,,,,,,,,,nan,,,,,,,,,,,,,,,
786,1.2550066709518433,1.2550101928354707e-05,0.0012550101928354707,8014.133403539658,10000,ppo,ppo,crawler,flat,dth_dth_neighbours_direct,,,,,,,,,,,,,,,-3.8175355933997756e-05,0,781,0.0,0.0,,,,,,,,,,,,,,,,,,,,,,,,,,,,,,,,,,,,,,,,,,,,,,,,,,,,,,,,,,,,,,,,,,,,,,,,,,nan,,,,,,,,,,,,,,,
787,-0.0812869593501091,-8.128573654175852e-07,-8.128573654175852e-05,8025.189550161362,10000,ppo,ppo,crawler,flat,dth_dth_neighbours_direct,,,,,,,,,,,,,,,-8.165033918145982e-05,0,781,0.0,0.0,,,,,,,,,,,,,,,,,,,,,,,,,,,,,,,,,,,,,,,,,,,,,,,,,,,,,,,,,,,,,,,,,,,,,,,,,,nan,,,,,,,,,,,,,,,
788,-0.3407650887966156,-3.407650410736096e-06,-0.0003407650410736096,8037.162610292435,10000,ppo,ppo,crawler,flat,dth_dth_neighbours_direct,,,,,,,,,,,,,,,-0.00015839108202735227,0,781,0.0,0.0,,,,,,,,,,,,,,,,,,,,,,,,,,,,,,,,,,,,,,,,,,,,,,,,,,,,,,,,,,,,,,,,,,,,,,,,,,nan,,,,,,,,,,,,,,,
789,-0.787043571472168,-7.870490662753582e-06,-0.0007870490662753582,8047.311830282211,10000,ppo,ppo,crawler,flat,dth_dth_neighbours_direct,,,,,,,,,,,,,,,-0.0005219886449097671,0,781,0.0,0.0,,,,,,,,,,,,,,,,,,,,,,,,,,,,,,,,,,,,,,,,,,,,,,,,,,,,,,,,,,,,,,,,,,,,,,,,,,nan,,,,,,,,,,,,,,,
790,0.5661120414733887,5.661157956637908e-06,0.0005661157956637908,8058.102059841156,10000,ppo,ppo,crawler,flat,dth_dth_neighbours_direct,,,,,,,,,,,,,,,0.0,0,781,0.0,0.0,,,,,,,,,,,,,,,,,,,,,,,,,,,,,,,,,,,,,,,,,,,,,,,,,,,,,,,,,,,,,,,,,,,,,,,,,,nan,,,,,,,,,,,,,,,
791,-0.8326024413108826,-8.32602472655708e-06,-0.000832602472655708,8068.868407726288,10000,ppo,ppo,crawler,flat,dth_dth_neighbours_direct,,,,,,,,,,,,,,,-0.000240715435215972,0,781,0.0,0.0,,,,,,,,,,,,,,,,,,,,,,,,,,,,,,,,,,,,,,,,,,,,,,,,,,,,,,,,,,,,,,,,,,,,,,,,,,nan,,,,,,,,,,,,,,,
792,0.5185225605964661,5.1852589422196615e-06,0.0005185258942219662,8080.00868844986,10000,ppo,ppo,crawler,flat,dth_dth_neighbours_direct,,,,,,,,,,,,,,,0.0,0,781,0.0,0.0,,,,,,,,,,,,,,,,,,,,,,,,,,,,,,,,,,,,,,,,,,,,,,,,,,,,,,,,,,,,,,,,,,,,,,,,,,nan,,,,,,,,,,,,,,,
793,0.05016028881072998,5.016031536797527e-07,5.016031536797527e-05,8090.610582113266,10000,ppo,ppo,crawler,flat,dth_dth_neighbours_direct,,,,,,,,,,,,,,,-1.1576291903490903e-05,0,781,0.0,0.0,,,,,,,,,,,,,,,,,,,,,,,,,,,,,,,,,,,,,,,,,,,,,,,,,,,,,,,,,,,,,,,,,,,,,,,,,,nan,,,,,,,,,,,,,,,
794,1.3001995086669922,1.3001998922845814e-05,0.0013001998922845814,8100.547955751419,10000,ppo,ppo,crawler,flat,dth_dth_neighbours_direct,,,,,,,,,,,,,,,-0.0006636763277741461,0,781,0.0,0.0,,,,,,,,,,,,,,,,,,,,,,,,,,,,,,,,,,,,,,,,,,,,,,,,,,,,,,,,,,,,,,,,,,,,,,,,,,nan,,,,,,,,,,,,,,,
795,0.3202660381793976,3.2026871394919e-06,0.00032026871394919,8110.185677528381,10000,ppo,ppo,crawler,flat,dth_dth_neighbours_direct,,,,,,,,,,,,,,,-4.9266061493971894e-05,0,781,0.0,0.0,,,,,,,,,,,,,,,,,,,,,,,,,,,,,,,,,,,,,,,,,,,,,,,,,,,,,,,,,,,,,,,,,,,,,,,,,,nan,,,,,,,,,,,,,,,
796,-0.5399774312973022,-5.399804649641737e-06,-0.0005399804649641737,8120.035564422607,10000,ppo,ppo,crawler,flat,dth_dth_neighbours_direct,,,,,,,,,,,,,,,-6.917744956042489e-05,0,781,0.0,0.0,,,,,,,,,,,,,,,,,,,,,,,,,,,,,,,,,,,,,,,,,,,,,,,,,,,,,,,,,,,,,,,,,,,,,,,,,,nan,,,,,,,,,,,,,,,
797,-1.27339506149292,-1.273393900191877e-05,-0.001273393900191877,8130.060652256012,10000,ppo,ppo,crawler,flat,dth_dth_neighbours_direct,,,,,,,,,,,,,,,-3.086372604176269e-05,0,781,0.0,0.0,,,,,,,,,,,,,,,,,,,,,,,,,,,,,,,,,,,,,,,,,,,,,,,,,,,,,,,,,,,,,,,,,,,,,,,,,,nan,,,,,,,,,,,,,,,
798,-1.0589920282363892,-1.0589938028715551e-05,-0.001058993802871555,8140.014362335205,10000,ppo,ppo,crawler,flat,dth_dth_neighbours_direct,,,,,,,,,,,,,,,-1.6883762121658473e-05,0,781,0.0,0.0,,,,,,,,,,,,,,,,,,,,,,,,,,,,,,,,,,,,,,,,,,,,,,,,,,,,,,,,,,,,,,,,,,,,,,,,,,nan,,,,,,,,,,,,,,,
799,0.8056585192680359,8.056629667407833e-06,0.0008056629667407833,8151.353428602219,10000,ppo,ppo,crawler,flat,dth_dth_neighbours_direct,,,,,,,,,,,,,,,-0.000652170483685944,0,781,0.0,0.0,,,,,,,,,,,,,,,,,,,,,,,,,,,,,,,,,,,,,,,,,,,,,,,,,,,,,,,,,,,,,,,,,,,,,,,,,,nan,,,,,,,,,,,,,,,
800,-2.1230545043945312,-2.1230571292107925e-05,-0.0021230571292107925,8163.010632514954,10000,ppo,ppo,crawler,flat,dth_dth_neighbours_direct,,,,,,,,,,,,,,,-4.5827152290966994e-05,0,781,0.0,0.0,,,,,,,,,,,,,,,,,,,,,,,,,,,,,,,,,,,,,,,,,,,,,,,,,,,,,,,,,,,,,,,,,,,,,,,,,,nan,,,,,,,,,,,,,,,
801,-0.32210150361061096,-3.2209798064286588e-06,-0.0003220979806428659,8174.276293754578,10000,ppo,ppo,crawler,flat,dth_dth_neighbours_direct,,,,,,,,,,,,,,,-0.0002414995181957372,0,781,0.0,0.0,,,,,,,,,,,,,,,,,,,,,,,,,,,,,,,,,,,,,,,,,,,,,,,,,,,,,,,,,,,,,,,,,,,,,,,,,,nan,,,,,,,,,,,,,,,
802,0.08642902225255966,8.642978741590923e-07,8.642978741590923e-05,8195.507746696472,10000,ppo,ppo,crawler,flat,dth_dth_neighbours_direct,,,,,,,,,,,,,,,0.0,0,781,0.0,0.0,,,,,,,,,,,,,,,,,,,,,,,,,,,,,,,,,,,,,,,,,,,,,,,,,,,,,,,,,,,,,,,,,,,,,,,,,,nan,,,,,,,,,,,,,,,
803,1.0043209791183472,1.0043230759038124e-05,0.0010043230759038124,8212.749418020248,10000,ppo,ppo,crawler,flat,dth_dth_neighbours_direct,,,,,,,,,,,,,,,-9.537061077760826e-05,0,781,0.0,0.0,,,,,,,,,,,,,,,,,,,,,,,,,,,,,,,,,,,,,,,,,,,,,,,,,,,,,,,,,,,,,,,,,,,,,,,,,,nan,,,,,,,,,,,,,,,
804,-0.07482486218214035,-7.482636306122004e-07,-7.482636306122004e-05,8224.588125228882,10000,ppo,ppo,crawler,flat,dth_dth_neighbours_direct,,,,,,,,,,,,,,,-0.0003818511800714095,0,781,0.0,0.0,,,,,,,,,,,,,,,,,,,,,,,,,,,,,,,,,,,,,,,,,,,,,,,,,,,,,,,,,,,,,,,,,,,,,,,,,,nan,,,,,,,,,,,,,,,
805,-0.6092466711997986,-6.092469902796438e-06,-0.0006092469902796438,8235.218387126923,10000,ppo,ppo,crawler,flat,dth_dth_neighbours_direct,,,,,,,,,,,,,,,0.0,0,781,0.0,0.0,,,,,,,,,,,,,,,,,,,,,,,,,,,,,,,,,,,,,,,,,,,,,,,,,,,,,,,,,,,,,,,,,,,,,,,,,,nan,,,,,,,,,,,,,,,
806,0.8461281061172485,8.461302968498785e-06,0.0008461302968498785,8246.095423460007,10000,ppo,ppo,crawler,flat,dth_dth_neighbours_direct,,,,,,,,,,,,,,,-2.228697611641487e-05,0,781,0.0,0.0,,,,,,,,,,,,,,,,,,,,,,,,,,,,,,,,,,,,,,,,,,,,,,,,,,,,,,,,,,,,,,,,,,,,,,,,,,nan,,,,,,,,,,,,,,,
807,-1.3672398328781128,-1.367240838590078e-05,-0.001367240838590078,8256.761116981506,10000,ppo,ppo,crawler,flat,dth_dth_neighbours_direct,,,,,,,,,,,,,,,-4.486478960544596e-06,0,781,0.0,0.0,,,,,,,,,,,,,,,,,,,,,,,,,,,,,,,,,,,,,,,,,,,,,,,,,,,,,,,,,,,,,,,,,,,,,,,,,,nan,,,,,,,,,,,,,,,
808,-0.19485309720039368,-1.948516683114576e-06,-0.00019485166831145762,8266.974977970123,10000,ppo,ppo,crawler,flat,dth_dth_neighbours_direct,,,,,,,,,,,,,,,-1.4540906303899693e-05,0,781,0.0,0.0,,,,,,,,,,,,,,,,,,,,,,,,,,,,,,,,,,,,,,,,,,,,,,,,,,,,,,,,,,,,,,,,,,,,,,,,,,nan,,,,,,,,,,,,,,,
809,0.3832463324069977,3.8324787965393625e-06,0.00038324787965393625,8278.47249531746,10000,ppo,ppo,crawler,flat,dth_dth_neighbours_direct,,,,,,,,,,,,,,,-1.0038985991218484e-05,0,781,0.0,0.0,,,,,,,,,,,,,,,,,,,,,,,,,,,,,,,,,,,,,,,,,,,,,,,,,,,,,,,,,,,,,,,,,,,,,,,,,,nan,,,,,,,,,,,,,,,
810,0.7661489844322205,7.661524250579532e-06,0.0007661524250579532,8289.566904306412,10000,ppo,ppo,crawler,flat,dth_dth_neighbours_direct,,,,,,,,,,,,,,,-0.00014268702776117605,0,781,0.0,0.0,,,,,,,,,,,,,,,,,,,,,,,,,,,,,,,,,,,,,,,,,,,,,,,,,,,,,,,,,,,,,,,,,,,,,,,,,,nan,,,,,,,,,,,,,,,
811,0.25478872656822205,2.5479007490503136e-06,0.00025479007490503136,8301.264439582825,10000,ppo,ppo,crawler,flat,dth_dth_neighbours_direct,,,,,,,,,,,,,,,0.0,0,781,0.0,0.0,,,,,,,,,,,,,,,,,,,,,,,,,,,,,,,,,,,,,,,,,,,,,,,,,,,,,,,,,,,,,,,,,,,,,,,,,,nan,,,,,,,,,,,,,,,
812,2.120870590209961,2.1208721591392532e-05,0.002120872159139253,8311.22632265091,10000,ppo,ppo,crawler,flat,dth_dth_neighbours_direct,,,,,,,,,,,,,,,-0.00011724211805036217,0,781,0.0,0.0,,,,,,,,,,,,,,,,,,,,,,,,,,,,,,,,,,,,,,,,,,,,,,,,,,,,,,,,,,,,,,,,,,,,,,,,,,nan,,,,,,,,,,,,,,,
813,-0.527512788772583,-5.275088369671721e-06,-0.0005275088369671721,8321.230318307877,10000,ppo,ppo,crawler,flat,dth_dth_neighbours_direct,,,,,,,,,,,,,,,0.0,0,781,0.0,0.0,,,,,,,,,,,,,,,,,,,,,,,,,,,,,,,,,,,,,,,,,,,,,,,,,,,,,,,,,,,,,,,,,,,,,,,,,,nan,,,,,,,,,,,,,,,
814,-0.2052425891160965,-2.052409854513826e-06,-0.00020524098545138258,8331.434193611145,10000,ppo,ppo,crawler,flat,dth_dth_neighbours_direct,,,,,,,,,,,,,,,-0.00013577571513176574,0,781,0.0,0.0,,,,,,,,,,,,,,,,,,,,,,,,,,,,,,,,,,,,,,,,,,,,,,,,,,,,,,,,,,,,,,,,,,,,,,,,,,nan,,,,,,,,,,,,,,,
815,-0.9639219641685486,-9.639230484026484e-06,-0.0009639230484026484,8341.280091285706,10000,ppo,ppo,crawler,flat,dth_dth_neighbours_direct,,,,,,,,,,,,,,,0.0,0,781,0.0,0.0,,,,,,,,,,,,,,,,,,,,,,,,,,,,,,,,,,,,,,,,,,,,,,,,,,,,,,,,,,,,,,,,,,,,,,,,,,nan,,,,,,,,,,,,,,,
816,0.13690797984600067,1.3691253570868867e-06,0.00013691253570868867,8351.345127105713,10000,ppo,ppo,crawler,flat,dth_dth_neighbours_direct,,,,,,,,,,,,,,,-2.835680719908618e-05,0,781,0.0,0.0,,,,,,,,,,,,,,,,,,,,,,,,,,,,,,,,,,,,,,,,,,,,,,,,,,,,,,,,,,,,,,,,,,,,,,,,,,nan,,,,,,,,,,,,,,,
817,-1.1338776350021362,-1.1338789590809029e-05,-0.0011338789590809029,8361.230788946152,10000,ppo,ppo,crawler,flat,dth_dth_neighbours_direct,,,,,,,,,,,,,,,-6.896035481010601e-05,0,781,0.0,0.0,,,,,,,,,,,,,,,,,,,,,,,,,,,,,,,,,,,,,,,,,,,,,,,,,,,,,,,,,,,,,,,,,,,,,,,,,,nan,,,,,,,,,,,,,,,
818,-1.2769317626953125,-1.2769310160365421e-05,-0.0012769310160365421,8371.385709524155,10000,ppo,ppo,crawler,flat,dth_dth_neighbours_direct,,,,,,,,,,,,,,,0.0,0,781,0.0,0.0,,,,,,,,,,,,,,,,,,,,,,,,,,,,,,,,,,,,,,,,,,,,,,,,,,,,,,,,,,,,,,,,,,,,,,,,,,nan,,,,,,,,,,,,,,,
819,-0.5504000186920166,-5.50397908227751e-06,-0.000550397908227751,8381.665514945984,10000,ppo,ppo,crawler,flat,dth_dth_neighbours_direct,,,,,,,,,,,,,,,-8.16560320546624e-05,0,781,0.0,0.0,,,,,,,,,,,,,,,,,,,,,,,,,,,,,,,,,,,,,,,,,,,,,,,,,,,,,,,,,,,,,,,,,,,,,,,,,,nan,,,,,,,,,,,,,,,
820,-1.575476050376892,-1.5754761989228427e-05,-0.0015754761989228427,8392.457566022873,10000,ppo,ppo,crawler,flat,dth_dth_neighbours_direct,,,,,,,,,,,,,,,0.0,0,781,0.0,0.0,,,,,,,,,,,,,,,,,,,,,,,,,,,,,,,,,,,,,,,,,,,,,,,,,,,,,,,,,,,,,,,,,,,,,,,,,,nan,,,,,,,,,,,,,,,
821,0.5495918393135071,5.495913228514837e-06,0.0005495913228514837,8402.87008857727,10000,ppo,ppo,crawler,flat,dth_dth_neighbours_direct,,,,,,,,,,,,,,,-3.5966243284841506e-05,0,781,0.0,0.0,,,,,,,,,,,,,,,,,,,,,,,,,,,,,,,,,,,,,,,,,,,,,,,,,,,,,,,,,,,,,,,,,,,,,,,,,,nan,,,,,,,,,,,,,,,
822,1.754407286643982,1.7544107322464697e-05,0.0017544107322464697,8412.998383283615,10000,ppo,ppo,crawler,flat,dth_dth_neighbours_direct,,,,,,,,,,,,,,,-0.00011180376063998927,0,781,0.0,0.0,,,,,,,,,,,,,,,,,,,,,,,,,,,,,,,,,,,,,,,,,,,,,,,,,,,,,,,,,,,,,,,,,,,,,,,,,,nan,,,,,,,,,,,,,,,
823,-1.133710265159607,-1.13370824692538e-05,-0.00113370824692538,8423.279715061188,10000,ppo,ppo,crawler,flat,dth_dth_neighbours_direct,,,,,,,,,,,,,,,0.0,0,781,0.0,0.0,,,,,,,,,,,,,,,,,,,,,,,,,,,,,,,,,,,,,,,,,,,,,,,,,,,,,,,,,,,,,,,,,,,,,,,,,,nan,,,,,,,,,,,,,,,
824,0.23629359900951385,2.3629550014447886e-06,0.00023629550014447886,8433.08864402771,10000,ppo,ppo,crawler,flat,dth_dth_neighbours_direct,,,,,,,,,,,,,,,-0.004100746933070325,0,781,0.0,0.0,,,,,,,,,,,,,,,,,,,,,,,,,,,,,,,,,,,,,,,,,,,,,,,,,,,,,,,,,,,,,,,,,,,,,,,,,,nan,,,,,,,,,,,,,,,
825,0.10283181816339493,1.0283584970238735e-06,0.00010283584970238735,8443.220807313919,10000,ppo,ppo,crawler,flat,dth_dth_neighbours_direct,,,,,,,,,,,,,,,0.0,0,781,0.0,0.0,,,,,,,,,,,,,,,,,,,,,,,,,,,,,,,,,,,,,,,,,,,,,,,,,,,,,,,,,,,,,,,,,,,,,,,,,,nan,,,,,,,,,,,,,,,
826,0.08573255687952042,8.573707646064577e-07,8.573707646064577e-05,8453.980698347092,10000,ppo,ppo,crawler,flat,dth_dth_neighbours_direct,,,,,,,,,,,,,,,-5.416328948415654e-05,0,781,0.0,0.0,,,,,,,,,,,,,,,,,,,,,,,,,,,,,,,,,,,,,,,,,,,,,,,,,,,,,,,,,,,,,,,,,,,,,,,,,,nan,,,,,,,,,,,,,,,
827,0.8609827160835266,8.60983709571883e-06,0.0008609837095718831,8464.959950685501,10000,ppo,ppo,crawler,flat,dth_dth_neighbours_direct,,,,,,,,,,,,,,,-0.0013382843386730067,0,781,0.0,0.0,,,,,,,,,,,,,,,,,,,,,,,,,,,,,,,,,,,,,,,,,,,,,,,,,,,,,,,,,,,,,,,,,,,,,,,,,,nan,,,,,,,,,,,,,,,
828,0.46555882692337036,4.6555956032534596e-06,0.00046555956032534596,8475.749452590942,10000,ppo,ppo,crawler,flat,dth_dth_neighbours_direct,,,,,,,,,,,,,,,0.0,0,781,0.0,0.0,,,,,,,,,,,,,,,,,,,,,,,,,,,,,,,,,,,,,,,,,,,,,,,,,,,,,,,,,,,,,,,,,,,,,,,,,,nan,,,,,,,,,,,,,,,
829,0.6405991911888123,6.405997282854514e-06,0.0006405997282854514,8486.959245920181,10000,ppo,ppo,crawler,flat,dth_dth_neighbours_direct,,,,,,,,,,,,,,,-3.502787318600582e-05,0,781,0.0,0.0,,,,,,,,,,,,,,,,,,,,,,,,,,,,,,,,,,,,,,,,,,,,,,,,,,,,,,,,,,,,,,,,,,,,,,,,,,nan,,,,,,,,,,,,,,,
830,0.39809155464172363,3.980921064794529e-06,0.0003980921064794529,8497.76827955246,10000,ppo,ppo,crawler,flat,dth_dth_neighbours_direct,,,,,,,,,,,,,,,-1.394730562131933e-05,0,781,0.0,0.0,,,,,,,,,,,,,,,,,,,,,,,,,,,,,,,,,,,,,,,,,,,,,,,,,,,,,,,,,,,,,,,,,,,,,,,,,,nan,,,,,,,,,,,,,,,
831,0.24859829246997833,2.485999402779271e-06,0.0002485999402779271,8508.899408578873,10000,ppo,ppo,crawler,flat,dth_dth_neighbours_direct,,,,,,,,,,,,,,,-5.1076966367671496e-05,0,781,0.0,0.0,,,,,,,,,,,,,,,,,,,,,,,,,,,,,,,,,,,,,,,,,,,,,,,,,,,,,,,,,,,,,,,,,,,,,,,,,,nan,,,,,,,,,,,,,,,
832,1.251799464225769,1.2518030416686088e-05,0.0012518030416686088,8520.139654874802,10000,ppo,ppo,crawler,flat,dth_dth_neighbours_direct,,,,,,,,,,,,,,,9.23353947327018e-05,0,781,0.0,0.0,,,,,,,,,,,,,,,,,,,,,,,,,,,,,,,,,,,,,,,,,,,,,,,,,,,,,,,,,,,,,,,,,,,,,,,,,,nan,,,,,,,,,,,,,,,
833,0.7301384806632996,7.30139890947612e-06,0.000730139890947612,8531.272690534592,10000,ppo,ppo,crawler,flat,dth_dth_neighbours_direct,,,,,,,,,,,,,,,-1.094282560632415e-05,0,781,0.0,0.0,,,,,,,,,,,,,,,,,,,,,,,,,,,,,,,,,,,,,,,,,,,,,,,,,,,,,,,,,,,,,,,,,,,,,,,,,,nan,,,,,,,,,,,,,,,
834,1.159888505935669,1.1598909622989595e-05,0.0011598909622989595,8542.285153627396,10000,ppo,ppo,crawler,flat,dth_dth_neighbours_direct,,,,,,,,,,,,,,,-7.976723713239849e-05,0,781,0.0,0.0,,,,,,,,,,,,,,,,,,,,,,,,,,,,,,,,,,,,,,,,,,,,,,,,,,,,,,,,,,,,,,,,,,,,,,,,,,nan,,,,,,,,,,,,,,,
835,-0.7957411408424377,-7.957368325151037e-06,-0.0007957368325151037,8552.9121696949,10000,ppo,ppo,crawler,flat,dth_dth_neighbours_direct,,,,,,,,,,,,,,,0.0,0,781,0.0,0.0,,,,,,,,,,,,,,,,,,,,,,,,,,,,,,,,,,,,,,,,,,,,,,,,,,,,,,,,,,,,,,,,,,,,,,,,,,nan,,,,,,,,,,,,,,,
836,-1.8117202520370483,-1.8117238141712733e-05,-0.0018117238141712733,8563.964445829391,10000,ppo,ppo,crawler,flat,dth_dth_neighbours_direct,,,,,,,,,,,,,,,-1.0555464578804378e-05,0,781,0.0,0.0,,,,,,,,,,,,,,,,,,,,,,,,,,,,,,,,,,,,,,,,,,,,,,,,,,,,,,,,,,,,,,,,,,,,,,,,,,nan,,,,,,,,,,,,,,,
837,1.2414730787277222,1.2414770026225597e-05,0.0012414770026225597,8574.763152122498,10000,ppo,ppo,crawler,flat,dth_dth_neighbours_direct,,,,,,,,,,,,,,,-8.206183589260342e-05,0,781,0.0,0.0,,,,,,,,,,,,,,,,,,,,,,,,,,,,,,,,,,,,,,,,,,,,,,,,,,,,,,,,,,,,,,,,,,,,,,,,,,nan,,,,,,,,,,,,,,,
838,0.7382156252861023,7.382134754152503e-06,0.0007382134754152503,8585.733448505402,10000,ppo,ppo,crawler,flat,dth_dth_neighbours_direct,,,,,,,,,,,,,,,0.0,0,781,0.0,0.0,,,,,,,,,,,,,,,,,,,,,,,,,,,,,,,,,,,,,,,,,,,,,,,,,,,,,,,,,,,,,,,,,,,,,,,,,,nan,,,,,,,,,,,,,,,
839,-0.18610358238220215,-1.8610139704833273e-06,-0.00018610139704833273,8596.682264089584,10000,ppo,ppo,crawler,flat,dth_dth_neighbours_direct,,,,,,,,,,,,,,,-1.9032535561755127e-05,0,781,0.0,0.0,,,,,,,,,,,,,,,,,,,,,,,,,,,,,,,,,,,,,,,,,,,,,,,,,,,,,,,,,,,,,,,,,,,,,,,,,,nan,,,,,,,,,,,,,,,
840,1.5692881345748901,1.5692925444454886e-05,0.0015692925444454886,8607.88238477707,10000,ppo,ppo,crawler,flat,dth_dth_neighbours_direct,,,,,,,,,,,,,,,-0.00011456740969999499,0,781,0.0,0.0,,,,,,,,,,,,,,,,,,,,,,,,,,,,,,,,,,,,,,,,,,,,,,,,,,,,,,,,,,,,,,,,,,,,,,,,,,nan,,,,,,,,,,,,,,,
841,0.599986732006073,5.999857421556953e-06,0.0005999857421556953,8618.665311336517,10000,ppo,ppo,crawler,flat,dth_dth_neighbours_direct,,,,,,,,,,,,,,,0.0,0,781,0.0,0.0,,,,,,,,,,,,,,,,,,,,,,,,,,,,,,,,,,,,,,,,,,,,,,,,,,,,,,,,,,,,,,,,,,,,,,,,,,nan,,,,,,,,,,,,,,,
842,1.6727955341339111,1.672793041507248e-05,0.0016727930415072478,8629.8865275383,10000,ppo,ppo,crawler,flat,dth_dth_neighbours_direct,,,,,,,,,,,,,,,-3.285793690118228e-05,0,781,0.0,0.0,,,,,,,,,,,,,,,,,,,,,,,,,,,,,,,,,,,,,,,,,,,,,,,,,,,,,,,,,,,,,,,,,,,,,,,,,,nan,,,,,,,,,,,,,,,
843,0.5401565432548523,5.4015786190575454e-06,0.0005401578619057545,8640.90936923027,10000,ppo,ppo,crawler,flat,dth_dth_neighbours_direct,,,,,,,,,,,,,,,-0.049285795214072003,0,781,0.0,0.0,,,,,,,,,,,,,,,,,,,,,,,,,,,,,,,,,,,,,,,,,,,,,,,,,,,,,,,,,,,,,,,,,,,,,,,,,,nan,,,,,,,,,,,,,,,
844,0.2611224353313446,2.6112354589713505e-06,0.00026112354589713505,8652.066797971725,10000,ppo,ppo,crawler,flat,dth_dth_neighbours_direct,,,,,,,,,,,,,,,0.0,0,781,0.0,0.0,,,,,,,,,,,,,,,,,,,,,,,,,,,,,,,,,,,,,,,,,,,,,,,,,,,,,,,,,,,,,,,,,,,,,,,,,,nan,,,,,,,,,,,,,,,
845,-1.9287763833999634,-1.928776691784151e-05,-0.001928776691784151,8663.107131242752,10000,ppo,ppo,crawler,flat,dth_dth_neighbours_direct,,,,,,,,,,,,,,,0.0,0,781,0.0,0.0,,,,,,,,,,,,,,,,,,,,,,,,,,,,,,,,,,,,,,,,,,,,,,,,,,,,,,,,,,,,,,,,,,,,,,,,,,nan,,,,,,,,,,,,,,,
846,0.10252990573644638,1.0253060054310481e-06,0.00010253060054310481,8674.141761302948,10000,ppo,ppo,crawler,flat,dth_dth_neighbours_direct,,,,,,,,,,,,,,,-3.5023672098386914e-05,0,781,0.0,0.0,,,,,,,,,,,,,,,,,,,,,,,,,,,,,,,,,,,,,,,,,,,,,,,,,,,,,,,,,,,,,,,,,,,,,,,,,,nan,,,,,,,,,,,,,,,
847,-0.7733066082000732,-7.733068741799798e-06,-0.0007733068741799798,8685.419461011887,10000,ppo,ppo,crawler,flat,dth_dth_neighbours_direct,,,,,,,,,,,,,,,-3.429101935078637e-05,0,781,0.0,0.0,,,,,,,,,,,,,,,,,,,,,,,,,,,,,,,,,,,,,,,,,,,,,,,,,,,,,,,,,,,,,,,,,,,,,,,,,,nan,,,,,,,,,,,,,,,
848,-1.1306040287017822,-1.1306037777103484e-05,-0.0011306037777103484,8696.295105218887,10000,ppo,ppo,crawler,flat,dth_dth_neighbours_direct,,,,,,,,,,,,,,,-3.23442558587437e-05,0,781,0.0,0.0,,,,,,,,,,,,,,,,,,,,,,,,,,,,,,,,,,,,,,,,,,,,,,,,,,,,,,,,,,,,,,,,,,,,,,,,,,nan,,,,,,,,,,,,,,,
849,-1.1715373992919922,-1.1715407708834391e-05,-0.0011715407708834391,8706.880581378937,10000,ppo,ppo,crawler,flat,dth_dth_neighbours_direct,,,,,,,,,,,,,,,-1.4117031707577455e-05,0,781,0.0,0.0,,,,,,,,,,,,,,,,,,,,,,,,,,,,,,,,,,,,,,,,,,,,,,,,,,,,,,,,,,,,,,,,,,,,,,,,,,nan,,,,,,,,,,,,,,,
850,0.4042091965675354,4.042115506308619e-06,0.0004042115506308619,8717.8812084198,10000,ppo,ppo,crawler,flat,dth_dth_neighbours_direct,,,,,,,,,,,,,,,-2.247609899268413e-05,0,781,0.0,0.0,,,,,,,,,,,,,,,,,,,,,,,,,,,,,,,,,,,,,,,,,,,,,,,,,,,,,,,,,,,,,,,,,,,,,,,,,,nan,,,,,,,,,,,,,,,
851,0.14013957977294922,1.401426970915054e-06,0.0001401426970915054,8729.034440040588,10000,ppo,ppo,crawler,flat,dth_dth_neighbours_direct,,,,,,,,,,,,,,,-2.7858195456744157e-05,0,781,0.0,0.0,,,,,,,,,,,,,,,,,,,,,,,,,,,,,,,,,,,,,,,,,,,,,,,,,,,,,,,,,,,,,,,,,,,,,,,,,,nan,,,,,,,,,,,,,,,
852,0.4205743372440338,4.20573405790492e-06,0.00042057340579049196,8739.900050163269,10000,ppo,ppo,crawler,flat,dth_dth_neighbours_direct,,,,,,,,,,,,,,,4.92100283102861e-05,0,781,0.0,0.0,,,,,,,,,,,,,,,,,,,,,,,,,,,,,,,,,,,,,,,,,,,,,,,,,,,,,,,,,,,,,,,,,,,,,,,,,,nan,,,,,,,,,,,,,,,
853,-0.05989208444952965,-5.989137434880831e-07,-5.989137434880831e-05,8751.061162233353,10000,ppo,ppo,crawler,flat,dth_dth_neighbours_direct,,,,,,,,,,,,,,,-0.00012835973060466873,0,781,0.0,0.0,,,,,,,,,,,,,,,,,,,,,,,,,,,,,,,,,,,,,,,,,,,,,,,,,,,,,,,,,,,,,,,,,,,,,,,,,,nan,,,,,,,,,,,,,,,
854,-0.8847712874412537,-8.847659955790732e-06,-0.0008847659955790732,8762.397991895676,10000,ppo,ppo,crawler,flat,dth_dth_neighbours_direct,,,,,,,,,,,,,,,0.0,0,781,0.0,0.0,,,,,,,,,,,,,,,,,,,,,,,,,,,,,,,,,,,,,,,,,,,,,,,,,,,,,,,,,,,,,,,,,,,,,,,,,,nan,,,,,,,,,,,,,,,
855,1.4235209226608276,1.4235210073820781e-05,0.001423521007382078,8773.26603937149,10000,ppo,ppo,crawler,flat,dth_dth_neighbours_direct,,,,,,,,,,,,,,,-1.8278572102591263e-05,0,781,0.0,0.0,,,,,,,,,,,,,,,,,,,,,,,,,,,,,,,,,,,,,,,,,,,,,,,,,,,,,,,,,,,,,,,,,,,,,,,,,,nan,,,,,,,,,,,,,,,
856,1.4923288822174072,1.492332467023516e-05,0.001492332467023516,8784.370359420776,10000,ppo,ppo,crawler,flat,dth_dth_neighbours_direct,,,,,,,,,,,,,,,-0.0013978332340736396,0,781,0.0,0.0,,,,,,,,,,,,,,,,,,,,,,,,,,,,,,,,,,,,,,,,,,,,,,,,,,,,,,,,,,,,,,,,,,,,,,,,,,nan,,,,,,,,,,,,,,,
857,-0.5301768183708191,-5.301708370097913e-06,-0.0005301708370097913,8795.497899055481,10000,ppo,ppo,crawler,flat,dth_dth_neighbours_direct,,,,,,,,,,,,,,,0.0,0,781,0.0,0.0,,,,,,,,,,,,,,,,,,,,,,,,,,,,,,,,,,,,,,,,,,,,,,,,,,,,,,,,,,,,,,,,,,,,,,,,,,nan,,,,,,,,,,,,,,,
858,0.6998645067214966,6.998638582444983e-06,0.0006998638582444983,8806.880480527878,10000,ppo,ppo,crawler,flat,dth_dth_neighbours_direct,,,,,,,,,,,,,,,-0.00010413055936597221,0,781,0.0,0.0,,,,,,,,,,,,,,,,,,,,,,,,,,,,,,,,,,,,,,,,,,,,,,,,,,,,,,,,,,,,,,,,,,,,,,,,,,nan,,,,,,,,,,,,,,,
859,2.00195050239563,2.001954817387741e-05,0.002001954817387741,8817.78961133957,10000,ppo,ppo,crawler,flat,dth_dth_neighbours_direct,,,,,,,,,,,,,,,0.0,0,781,0.0,0.0,,,,,,,,,,,,,,,,,,,,,,,,,,,,,,,,,,,,,,,,,,,,,,,,,,,,,,,,,,,,,,,,,,,,,,,,,,nan,,,,,,,,,,,,,,,
860,0.19146132469177246,1.914648009915254e-06,0.0001914648009915254,8828.926069498062,10000,ppo,ppo,crawler,flat,dth_dth_neighbours_direct,,,,,,,,,,,,,,,-8.871722322496348e-05,0,781,0.0,0.0,,,,,,,,,,,,,,,,,,,,,,,,,,,,,,,,,,,,,,,,,,,,,,,,,,,,,,,,,,,,,,,,,,,,,,,,,,nan,,,,,,,,,,,,,,,
861,0.8752102255821228,8.752118446864188e-06,0.0008752118446864188,8840.304106235504,10000,ppo,ppo,crawler,flat,dth_dth_neighbours_direct,,,,,,,,,,,,,,,0.0,0,781,0.0,0.0,,,,,,,,,,,,,,,,,,,,,,,,,,,,,,,,,,,,,,,,,,,,,,,,,,,,,,,,,,,,,,,,,,,,,,,,,,nan,,,,,,,,,,,,,,,
862,1.5029137134552002,1.502917984907981e-05,0.001502917984907981,8851.624562978745,10000,ppo,ppo,crawler,flat,dth_dth_neighbours_direct,,,,,,,,,,,,,,,-0.0001093233051911359,0,781,0.0,0.0,,,,,,,,,,,,,,,,,,,,,,,,,,,,,,,,,,,,,,,,,,,,,,,,,,,,,,,,,,,,,,,,,,,,,,,,,,nan,,,,,,,,,,,,,,,
863,-0.562222421169281,-5.622214303002693e-06,-0.0005622214303002693,8862.77137041092,10000,ppo,ppo,crawler,flat,dth_dth_neighbours_direct,,,,,,,,,,,,,,,0.0,0,781,0.0,0.0,,,,,,,,,,,,,,,,,,,,,,,,,,,,,,,,,,,,,,,,,,,,,,,,,,,,,,,,,,,,,,,,,,,,,,,,,,nan,,,,,,,,,,,,,,,
864,-0.37578675150871277,-3.757872264031903e-06,-0.0003757872264031903,8874.320555448532,10000,ppo,ppo,crawler,flat,dth_dth_neighbours_direct,,,,,,,,,,,,,,,-5.493704324991236e-05,0,781,0.0,0.0,,,,,,,,,,,,,,,,,,,,,,,,,,,,,,,,,,,,,,,,,,,,,,,,,,,,,,,,,,,,,,,,,,,,,,,,,,nan,,,,,,,,,,,,,,,
865,0.34339040517807007,3.433915480854921e-06,0.0003433915480854921,8885.630571365356,10000,ppo,ppo,crawler,flat,dth_dth_neighbours_direct,,,,,,,,,,,,,,,-3.932114981505996e-05,0,781,0.0,0.0,,,,,,,,,,,,,,,,,,,,,,,,,,,,,,,,,,,,,,,,,,,,,,,,,,,,,,,,,,,,,,,,,,,,,,,,,,nan,,,,,,,,,,,,,,,
866,-0.1769331842660904,-1.7693392919682083e-06,-0.00017693392919682083,8896.929029941559,10000,ppo,ppo,crawler,flat,dth_dth_neighbours_direct,,,,,,,,,,,,,,,0.0,0,781,0.0,0.0,,,,,,,,,,,,,,,,,,,,,,,,,,,,,,,,,,,,,,,,,,,,,,,,,,,,,,,,,,,,,,,,,,,,,,,,,,nan,,,,,,,,,,,,,,,
867,0.723585307598114,7.235879365907749e-06,0.0007235879365907749,8907.818203687668,10000,ppo,ppo,crawler,flat,dth_dth_neighbours_direct,,,,,,,,,,,,,,,-1.766640220729398e-05,0,781,0.0,0.0,,,,,,,,,,,,,,,,,,,,,,,,,,,,,,,,,,,,,,,,,,,,,,,,,,,,,,,,,,,,,,,,,,,,,,,,,,nan,,,,,,,,,,,,,,,
868,1.378329873085022,1.3783364011032972e-05,0.0013783364011032972,8918.789546966553,10000,ppo,ppo,crawler,flat,dth_dth_neighbours_direct,,,,,,,,,,,,,,,-4.0746282037256924e-05,0,781,0.0,0.0,,,,,,,,,,,,,,,,,,,,,,,,,,,,,,,,,,,,,,,,,,,,,,,,,,,,,,,,,,,,,,,,,,,,,,,,,,nan,,,,,,,,,,,,,,,
869,0.518788754940033,5.187897386349505e-06,0.0005187897386349505,8930.065216302872,10000,ppo,ppo,crawler,flat,dth_dth_neighbours_direct,,,,,,,,,,,,,,,-0.0014359321368908303,0,781,0.0,0.0,,,,,,,,,,,,,,,,,,,,,,,,,,,,,,,,,,,,,,,,,,,,,,,,,,,,,,,,,,,,,,,,,,,,,,,,,,nan,,,,,,,,,,,,,,,
870,-0.31143149733543396,-3.114304718110361e-06,-0.0003114304718110361,8941.182083845139,10000,ppo,ppo,crawler,flat,dth_dth_neighbours_direct,,,,,,,,,,,,,,,-4.173660705703169e-11,0,781,0.0,0.0,,,,,,,,,,,,,,,,,,,,,,,,,,,,,,,,,,,,,,,,,,,,,,,,,,,,,,,,,,,,,,,,,,,,,,,,,,nan,,,,,,,,,,,,,,,
871,0.7515875697135925,7.515927336498862e-06,0.0007515927336498862,8952.120598316193,10000,ppo,ppo,crawler,flat,dth_dth_neighbours_direct,,,,,,,,,,,,,,,-4.03783356868656e-05,0,781,0.0,0.0,,,,,,,,,,,,,,,,,,,,,,,,,,,,,,,,,,,,,,,,,,,,,,,,,,,,,,,,,,,,,,,,,,,,,,,,,,nan,,,,,,,,,,,,,,,
872,-0.42091718316078186,-4.2091628529306035e-06,-0.00042091628529306035,8963.12429356575,10000,ppo,ppo,crawler,flat,dth_dth_neighbours_direct,,,,,,,,,,,,,,,-1.4559767672866011e-05,0,781,0.0,0.0,,,,,,,,,,,,,,,,,,,,,,,,,,,,,,,,,,,,,,,,,,,,,,,,,,,,,,,,,,,,,,,,,,,,,,,,,,nan,,,,,,,,,,,,,,,
873,-0.34336304664611816,-3.433639449212933e-06,-0.0003433639449212933,8974.424091100693,10000,ppo,ppo,crawler,flat,dth_dth_neighbours_direct,,,,,,,,,,,,,,,-3.3497729275504394e-05,0,781,0.0,0.0,,,,,,,,,,,,,,,,,,,,,,,,,,,,,,,,,,,,,,,,,,,,,,,,,,,,,,,,,,,,,,,,,,,,,,,,,,nan,,,,,,,,,,,,,,,
874,1.7404762506484985,1.740476545819547e-05,0.001740476545819547,8985.486380815506,10000,ppo,ppo,crawler,flat,dth_dth_neighbours_direct,,,,,,,,,,,,,,,-2.6078891156959167e-05,0,781,0.0,0.0,,,,,,,,,,,,,,,,,,,,,,,,,,,,,,,,,,,,,,,,,,,,,,,,,,,,,,,,,,,,,,,,,,,,,,,,,,nan,,,,,,,,,,,,,,,
875,-0.9540713429450989,-9.540724931866862e-06,-0.0009540724931866862,8996.32561993599,10000,ppo,ppo,crawler,flat,dth_dth_neighbours_direct,,,,,,,,,,,,,,,-2.148179587801959e-06,0,781,0.0,0.0,,,,,,,,,,,,,,,,,,,,,,,,,,,,,,,,,,,,,,,,,,,,,,,,,,,,,,,,,,,,,,,,,,,,,,,,,,nan,,,,,,,,,,,,,,,
876,0.17929819226264954,1.7930163949131384e-06,0.00017930163949131384,9007.467358350754,10000,ppo,ppo,crawler,flat,dth_dth_neighbours_direct,,,,,,,,,,,,,,,-0.0019514726286470204,0,781,0.0,0.0,,,,,,,,,,,,,,,,,,,,,,,,,,,,,,,,,,,,,,,,,,,,,,,,,,,,,,,,,,,,,,,,,,,,,,,,,,nan,,,,,,,,,,,,,,,
877,0.1270277053117752,1.2702615777016035e-06,0.00012702615777016035,9018.59625005722,10000,ppo,ppo,crawler,flat,dth_dth_neighbours_direct,,,,,,,,,,,,,,,0.0,0,781,0.0,0.0,,,,,,,,,,,,,,,,,,,,,,,,,,,,,,,,,,,,,,,,,,,,,,,,,,,,,,,,,,,,,,,,,,,,,,,,,,nan,,,,,,,,,,,,,,,
878,-0.43085575103759766,-4.308530606067507e-06,-0.00043085306060675066,9029.384398460388,10000,ppo,ppo,crawler,flat,dth_dth_neighbours_direct,,,,,,,,,,,,,,,-1.4443930701165438e-06,0,781,0.0,0.0,,,,,,,,,,,,,,,,,,,,,,,,,,,,,,,,,,,,,,,,,,,,,,,,,,,,,,,,,,,,,,,,,,,,,,,,,,nan,,,,,,,,,,,,,,,
879,-0.31977421045303345,-3.1977212984202197e-06,-0.00031977212984202197,9040.520096540451,10000,ppo,ppo,crawler,flat,dth_dth_neighbours_direct,,,,,,,,,,,,,,,-2.2031431218726076e-06,0,781,0.0,0.0,,,,,,,,,,,,,,,,,,,,,,,,,,,,,,,,,,,,,,,,,,,,,,,,,,,,,,,,,,,,,,,,,,,,,,,,,,nan,,,,,,,,,,,,,,,
880,-1.5509587526321411,-1.5509616787312552e-05,-0.0015509616787312552,9051.916033506393,10000,ppo,ppo,crawler,flat,dth_dth_neighbours_direct,,,,,,,,,,,,,,,-9.028221958730652e-06,0,781,0.0,0.0,,,,,,,,,,,,,,,,,,,,,,,,,,,,,,,,,,,,,,,,,,,,,,,,,,,,,,,,,,,,,,,,,,,,,,,,,,nan,,,,,,,,,,,,,,,
881,0.34296008944511414,3.429602656979114e-06,0.0003429602656979114,9063.209419727325,10000,ppo,ppo,crawler,flat,dth_dth_neighbours_direct,,,,,,,,,,,,,,,-0.006051278753008183,0,781,0.0,0.0,,,,,,,,,,,,,,,,,,,,,,,,,,,,,,,,,,,,,,,,,,,,,,,,,,,,,,,,,,,,,,,,,,,,,,,,,,nan,,,,,,,,,,,,,,,
882,0.9649304747581482,9.649319508753251e-06,0.0009649319508753251,9074.510831356049,10000,ppo,ppo,crawler,flat,dth_dth_neighbours_direct,,,,,,,,,,,,,,,0.0,0,781,0.0,0.0,,,,,,,,,,,,,,,,,,,,,,,,,,,,,,,,,,,,,,,,,,,,,,,,,,,,,,,,,,,,,,,,,,,,,,,,,,nan,,,,,,,,,,,,,,,
883,-0.47013217210769653,-4.701319994637743e-06,-0.00047013199946377426,9086.293493747711,10000,ppo,ppo,crawler,flat,dth_dth_neighbours_direct,,,,,,,,,,,,,,,-0.00010035436113917111,0,781,0.0,0.0,,,,,,,,,,,,,,,,,,,,,,,,,,,,,,,,,,,,,,,,,,,,,,,,,,,,,,,,,,,,,,,,,,,,,,,,,,nan,,,,,,,,,,,,,,,
884,-0.6239215135574341,-6.23916548647685e-06,-0.000623916548647685,9098.234515428543,10000,ppo,ppo,crawler,flat,dth_dth_neighbours_direct,,,,,,,,,,,,,,,-4.7350074575973075e-05,0,781,0.0,0.0,,,,,,,,,,,,,,,,,,,,,,,,,,,,,,,,,,,,,,,,,,,,,,,,,,,,,,,,,,,,,,,,,,,,,,,,,,nan,,,,,,,,,,,,,,,
885,-0.8679489493370056,-8.679468919581268e-06,-0.0008679468919581268,9108.331057786942,10000,ppo,ppo,crawler,flat,dth_dth_neighbours_direct,,,,,,,,,,,,,,,0.0,0,781,0.0,0.0,,,,,,,,,,,,,,,,,,,,,,,,,,,,,,,,,,,,,,,,,,,,,,,,,,,,,,,,,,,,,,,,,,,,,,,,,,nan,,,,,,,,,,,,,,,
886,-0.6605244278907776,-6.605185262742452e-06,-0.0006605185262742452,9118.61440730095,10000,ppo,ppo,crawler,flat,dth_dth_neighbours_direct,,,,,,,,,,,,,,,-0.0002531391913107049,0,781,0.0,0.0,,,,,,,,,,,,,,,,,,,,,,,,,,,,,,,,,,,,,,,,,,,,,,,,,,,,,,,,,,,,,,,,,,,,,,,,,,nan,,,,,,,,,,,,,,,
887,-0.5203434228897095,-5.203409273235593e-06,-0.0005203409273235593,9129.533014297485,10000,ppo,ppo,crawler,flat,dth_dth_neighbours_direct,,,,,,,,,,,,,,,0.0,0,781,0.0,0.0,,,,,,,,,,,,,,,,,,,,,,,,,,,,,,,,,,,,,,,,,,,,,,,,,,,,,,,,,,,,,,,,,,,,,,,,,,nan,,,,,,,,,,,,,,,
888,-0.2102283090353012,-2.1022651708335616e-06,-0.00021022651708335616,9140.900028467178,10000,ppo,ppo,crawler,flat,dth_dth_neighbours_direct,,,,,,,,,,,,,,,-9.43180254723748e-05,0,781,0.0,0.0,,,,,,,,,,,,,,,,,,,,,,,,,,,,,,,,,,,,,,,,,,,,,,,,,,,,,,,,,,,,,,,,,,,,,,,,,,nan,,,,,,,,,,,,,,,
889,-0.6991226077079773,-6.991261670918902e-06,-0.0006991261670918902,9151.497473478317,10000,ppo,ppo,crawler,flat,dth_dth_neighbours_direct,,,,,,,,,,,,,,,0.0,0,781,0.0,0.0,,,,,,,,,,,,,,,,,,,,,,,,,,,,,,,,,,,,,,,,,,,,,,,,,,,,,,,,,,,,,,,,,,,,,,,,,,nan,,,,,,,,,,,,,,,
890,0.5151726603507996,5.151741333975224e-06,0.0005151741333975224,9162.477836608887,10000,ppo,ppo,crawler,flat,dth_dth_neighbours_direct,,,,,,,,,,,,,,,-1.0532328188800935e-06,0,781,0.0,0.0,,,,,,,,,,,,,,,,,,,,,,,,,,,,,,,,,,,,,,,,,,,,,,,,,,,,,,,,,,,,,,,,,,,,,,,,,,nan,,,,,,,,,,,,,,,
891,0.7724871039390564,7.724873285042122e-06,0.0007724873285042122,9172.702277898788,10000,ppo,ppo,crawler,flat,dth_dth_neighbours_direct,,,,,,,,,,,,,,,-4.5733932982867874e-05,0,781,0.0,0.0,,,,,,,,,,,,,,,,,,,,,,,,,,,,,,,,,,,,,,,,,,,,,,,,,,,,,,,,,,,,,,,,,,,,,,,,,,nan,,,,,,,,,,,,,,,
892,-0.471900999546051,-4.718974196293857e-06,-0.0004718974196293857,9182.917027711868,10000,ppo,ppo,crawler,flat,dth_dth_neighbours_direct,,,,,,,,,,,,,,,0.0,0,781,0.0,0.0,,,,,,,,,,,,,,,,,,,,,,,,,,,,,,,,,,,,,,,,,,,,,,,,,,,,,,,,,,,,,,,,,,,,,,,,,,nan,,,,,,,,,,,,,,,
893,-0.13764344155788422,-1.3764134791927063e-06,-0.00013764134791927063,9193.996556282043,10000,ppo,ppo,crawler,flat,dth_dth_neighbours_direct,,,,,,,,,,,,,,,-2.7015049215620824e-05,0,781,0.0,0.0,,,,,,,,,,,,,,,,,,,,,,,,,,,,,,,,,,,,,,,,,,,,,,,,,,,,,,,,,,,,,,,,,,,,,,,,,,nan,,,,,,,,,,,,,,,
894,-0.1300642043352127,-1.3006430208406528e-06,-0.00013006430208406528,9207.206961154938,10000,ppo,ppo,crawler,flat,dth_dth_neighbours_direct,,,,,,,,,,,,,,,-0.000822307617092331,0,781,0.0,0.0,,,,,,,,,,,,,,,,,,,,,,,,,,,,,,,,,,,,,,,,,,,,,,,,,,,,,,,,,,,,,,,,,,,,,,,,,,nan,,,,,,,,,,,,,,,
895,0.760696530342102,7.606984581798315e-06,0.0007606984581798315,9221.737437963486,10000,ppo,ppo,crawler,flat,dth_dth_neighbours_direct,,,,,,,,,,,,,,,0.0,0,781,0.0,0.0,,,,,,,,,,,,,,,,,,,,,,,,,,,,,,,,,,,,,,,,,,,,,,,,,,,,,,,,,,,,,,,,,,,,,,,,,,nan,,,,,,,,,,,,,,,
896,-0.6225530505180359,-6.225526703929063e-06,-0.0006225526703929063,9232.71946144104,10000,ppo,ppo,crawler,flat,dth_dth_neighbours_direct,,,,,,,,,,,,,,,-2.071162430562375e-06,0,781,0.0,0.0,,,,,,,,,,,,,,,,,,,,,,,,,,,,,,,,,,,,,,,,,,,,,,,,,,,,,,,,,,,,,,,,,,,,,,,,,,nan,,,,,,,,,,,,,,,
897,-0.4421898424625397,-4.421900030138204e-06,-0.0004421900030138204,9243.150298595428,10000,ppo,ppo,crawler,flat,dth_dth_neighbours_direct,,,,,,,,,,,,,,,3.6675256418204948e-06,0,781,0.0,0.0,,,,,,,,,,,,,,,,,,,,,,,,,,,,,,,,,,,,,,,,,,,,,,,,,,,,,,,,,,,,,,,,,,,,,,,,,,nan,,,,,,,,,,,,,,,
898,-0.468625545501709,-4.686221018346259e-06,-0.00046862210183462594,9253.312624931335,10000,ppo,ppo,crawler,flat,dth_dth_neighbours_direct,,,,,,,,,,,,,,,-0.0032612950995411826,0,781,0.0,0.0,,,,,,,,,,,,,,,,,,,,,,,,,,,,,,,,,,,,,,,,,,,,,,,,,,,,,,,,,,,,,,,,,,,,,,,,,,nan,,,,,,,,,,,,,,,
899,0.5472343564033508,5.472330940392567e-06,0.0005472330940392567,9263.385360717773,10000,ppo,ppo,crawler,flat,dth_dth_neighbours_direct,,,,,,,,,,,,,,,0.0,0,781,0.0,0.0,,,,,,,,,,,,,,,,,,,,,,,,,,,,,,,,,,,,,,,,,,,,,,,,,,,,,,,,,,,,,,,,,,,,,,,,,,nan,,,,,,,,,,,,,,,
900,0.03941267728805542,3.941351849334751e-07,3.941351849334751e-05,9273.925874471664,10000,ppo,ppo,crawler,flat,dth_dth_neighbours_direct,,,,,,,,,,,,,,,-5.4996686053871346e-05,0,781,0.0,0.0,,,,,,,,,,,,,,,,,,,,,,,,,,,,,,,,,,,,,,,,,,,,,,,,,,,,,,,,,,,,,,,,,,,,,,,,,,nan,,,,,,,,,,,,,,,
901,1.3124303817749023,1.3124328688718379e-05,0.0013124328688718379,9285.822355508804,10000,ppo,ppo,crawler,flat,dth_dth_neighbours_direct,,,,,,,,,,,,,,,-6.147087450293054e-05,0,781,0.0,0.0,,,,,,,,,,,,,,,,,,,,,,,,,,,,,,,,,,,,,,,,,,,,,,,,,,,,,,,,,,,,,,,,,,,,,,,,,,nan,,,,,,,,,,,,,,,
902,1.2006319761276245,1.2006307770207059e-05,0.0012006307770207059,9298.894539833069,10000,ppo,ppo,crawler,flat,dth_dth_neighbours_direct,,,,,,,,,,,,,,,-2.7295741015298724e-09,0,781,0.0,0.0,,,,,,,,,,,,,,,,,,,,,,,,,,,,,,,,,,,,,,,,,,,,,,,,,,,,,,,,,,,,,,,,,,,,,,,,,,nan,,,,,,,,,,,,,,,
903,-0.41267266869544983,-4.126721250941046e-06,-0.00041267212509410456,9310.723571538925,10000,ppo,ppo,crawler,flat,dth_dth_neighbours_direct,,,,,,,,,,,,,,,-3.1411949492676155e-05,0,781,0.0,0.0,,,,,,,,,,,,,,,,,,,,,,,,,,,,,,,,,,,,,,,,,,,,,,,,,,,,,,,,,,,,,,,,,,,,,,,,,,nan,,,,,,,,,,,,,,,
904,0.24648509919643402,2.4648777525726473e-06,0.00024648777525726473,9321.129240512848,10000,ppo,ppo,crawler,flat,dth_dth_neighbours_direct,,,,,,,,,,,,,,,-5.999398769550836e-07,0,781,0.0,0.0,,,,,,,,,,,,,,,,,,,,,,,,,,,,,,,,,,,,,,,,,,,,,,,,,,,,,,,,,,,,,,,,,,,,,,,,,,nan,,,,,,,,,,,,,,,
905,-0.719825267791748,-7.198248567874543e-06,-0.0007198248567874543,9330.76236820221,10000,ppo,ppo,crawler,flat,dth_dth_neighbours_direct,,,,,,,,,,,,,,,1.3648241367214925e-05,0,781,0.0,0.0,,,,,,,,,,,,,,,,,,,,,,,,,,,,,,,,,,,,,,,,,,,,,,,,,,,,,,,,,,,,,,,,,,,,,,,,,,nan,,,,,,,,,,,,,,,
906,0.9949535727500916,9.9495464382926e-06,0.00099495464382926,9340.4218916893,10000,ppo,ppo,crawler,flat,dth_dth_neighbours_direct,,,,,,,,,,,,,,,-0.0006722021363818691,0,781,0.0,0.0,,,,,,,,,,,,,,,,,,,,,,,,,,,,,,,,,,,,,,,,,,,,,,,,,,,,,,,,,,,,,,,,,,,,,,,,,,nan,,,,,,,,,,,,,,,
907,-0.7815157771110535,-7.815171557012945e-06,-0.0007815171557012945,9350.16291475296,10000,ppo,ppo,crawler,flat,dth_dth_neighbours_direct,,,,,,,,,,,,,,,0.0,0,781,0.0,0.0,,,,,,,,,,,,,,,,,,,,,,,,,,,,,,,,,,,,,,,,,,,,,,,,,,,,,,,,,,,,,,,,,,,,,,,,,,nan,,,,,,,,,,,,,,,
908,1.2626718282699585,1.2626725037989672e-05,0.0012626725037989672,9360.701962709427,10000,ppo,ppo,crawler,flat,dth_dth_neighbours_direct,,,,,,,,,,,,,,,-0.00044499009146465994,0,781,0.0,0.0,,,,,,,,,,,,,,,,,,,,,,,,,,,,,,,,,,,,,,,,,,,,,,,,,,,,,,,,,,,,,,,,,,,,,,,,,,nan,,,,,,,,,,,,,,,
909,-1.4901307821273804,-1.4901290342095308e-05,-0.0014901290342095308,9370.721559286118,10000,ppo,ppo,crawler,flat,dth_dth_neighbours_direct,,,,,,,,,,,,,,,0.0,0,781,0.0,0.0,,,,,,,,,,,,,,,,,,,,,,,,,,,,,,,,,,,,,,,,,,,,,,,,,,,,,,,,,,,,,,,,,,,,,,,,,,nan,,,,,,,,,,,,,,,
910,-1.4190386533737183,-1.41903847179492e-05,-0.00141903847179492,9381.016448259354,10000,ppo,ppo,crawler,flat,dth_dth_neighbours_direct,,,,,,,,,,,,,,,-7.781823775069204e-06,0,781,0.0,0.0,,,,,,,,,,,,,,,,,,,,,,,,,,,,,,,,,,,,,,,,,,,,,,,,,,,,,,,,,,,,,,,,,,,,,,,,,,nan,,,,,,,,,,,,,,,
911,-0.7541093826293945,-7.541074410255533e-06,-0.0007541074410255533,9390.92334985733,10000,ppo,ppo,crawler,flat,dth_dth_neighbours_direct,,,,,,,,,,,,,,,5.941252878815813e-05,0,781,0.0,0.0,,,,,,,,,,,,,,,,,,,,,,,,,,,,,,,,,,,,,,,,,,,,,,,,,,,,,,,,,,,,,,,,,,,,,,,,,,nan,,,,,,,,,,,,,,,
912,0.5351572632789612,5.351605068426579e-06,0.0005351605068426579,9400.829837560654,10000,ppo,ppo,crawler,flat,dth_dth_neighbours_direct,,,,,,,,,,,,,,,-0.00011455235470959228,0,781,0.0,0.0,,,,,,,,,,,,,,,,,,,,,,,,,,,,,,,,,,,,,,,,,,,,,,,,,,,,,,,,,,,,,,,,,,,,,,,,,,nan,,,,,,,,,,,,,,,
913,1.2434958219528198,1.2435025382728782e-05,0.0012435025382728782,9410.92595076561,10000,ppo,ppo,crawler,flat,dth_dth_neighbours_direct,,,,,,,,,,,,,,,0.0,0,781,0.0,0.0,,,,,,,,,,,,,,,,,,,,,,,,,,,,,,,,,,,,,,,,,,,,,,,,,,,,,,,,,,,,,,,,,,,,,,,,,,nan,,,,,,,,,,,,,,,
914,-0.2975420653820038,-2.9753985018032836e-06,-0.00029753985018032836,9420.820593357086,10000,ppo,ppo,crawler,flat,dth_dth_neighbours_direct,,,,,,,,,,,,,,,-3.918053799341033e-06,0,781,0.0,0.0,,,,,,,,,,,,,,,,,,,,,,,,,,,,,,,,,,,,,,,,,,,,,,,,,,,,,,,,,,,,,,,,,,,,,,,,,,nan,,,,,,,,,,,,,,,
915,-0.3623734712600708,-3.623745442382642e-06,-0.0003623745442382642,9431.089975833893,10000,ppo,ppo,crawler,flat,dth_dth_neighbours_direct,,,,,,,,,,,,,,,4.816980419558844e-05,0,781,0.0,0.0,,,,,,,,,,,,,,,,,,,,,,,,,,,,,,,,,,,,,,,,,,,,,,,,,,,,,,,,,,,,,,,,,,,,,,,,,,nan,,,,,,,,,,,,,,,
916,0.11703205108642578,1.1703489235515008e-06,0.00011703489235515008,9440.87671661377,10000,ppo,ppo,crawler,flat,dth_dth_neighbours_direct,,,,,,,,,,,,,,,-3.0738557957198647e-06,0,781,0.0,0.0,,,,,,,,,,,,,,,,,,,,,,,,,,,,,,,,,,,,,,,,,,,,,,,,,,,,,,,,,,,,,,,,,,,,,,,,,,nan,,,,,,,,,,,,,,,
917,-0.4639716148376465,-4.639748112822417e-06,-0.0004639748112822417,9450.932407855988,10000,ppo,ppo,crawler,flat,dth_dth_neighbours_direct,,,,,,,,,,,,,,,-2.3619881169286184e-05,0,781,0.0,0.0,,,,,,,,,,,,,,,,,,,,,,,,,,,,,,,,,,,,,,,,,,,,,,,,,,,,,,,,,,,,,,,,,,,,,,,,,,nan,,,,,,,,,,,,,,,
918,-1.404950499534607,-1.4049493984202854e-05,-0.0014049493984202854,9461.955088853836,10000,ppo,ppo,crawler,flat,dth_dth_neighbours_direct,,,,,,,,,,,,,,,5.7296407684473925e-06,0,781,0.0,0.0,,,,,,,,,,,,,,,,,,,,,,,,,,,,,,,,,,,,,,,,,,,,,,,,,,,,,,,,,,,,,,,,,,,,,,,,,,nan,,,,,,,,,,,,,,,
919,1.4572099447250366,1.457210601074621e-05,0.001457210601074621,9471.646857976913,10000,ppo,ppo,crawler,flat,dth_dth_neighbours_direct,,,,,,,,,,,,,,,-0.00046584508459294804,0,781,0.0,0.0,,,,,,,,,,,,,,,,,,,,,,,,,,,,,,,,,,,,,,,,,,,,,,,,,,,,,,,,,,,,,,,,,,,,,,,,,,nan,,,,,,,,,,,,,,,
920,-0.09844708442687988,-9.844522992352722e-07,-9.844522992352722e-05,9482.334192276001,10000,ppo,ppo,crawler,flat,dth_dth_neighbours_direct,,,,,,,,,,,,,,,0.0,0,781,0.0,0.0,,,,,,,,,,,,,,,,,,,,,,,,,,,,,,,,,,,,,,,,,,,,,,,,,,,,,,,,,,,,,,,,,,,,,,,,,,nan,,,,,,,,,,,,,,,
921,-0.919082760810852,-9.190821401716676e-06,-0.0009190821401716676,9492.401712417603,10000,ppo,ppo,crawler,flat,dth_dth_neighbours_direct,,,,,,,,,,,,,,,-7.135026805608434e-06,0,781,0.0,0.0,,,,,,,,,,,,,,,,,,,,,,,,,,,,,,,,,,,,,,,,,,,,,,,,,,,,,,,,,,,,,,,,,,,,,,,,,,nan,,,,,,,,,,,,,,,
922,0.5749766826629639,5.749787760578329e-06,0.0005749787760578329,9502.940480232239,10000,ppo,ppo,crawler,flat,dth_dth_neighbours_direct,,,,,,,,,,,,,,,0.0008187472233584535,0,781,0.0,0.0,,,,,,,,,,,,,,,,,,,,,,,,,,,,,,,,,,,,,,,,,,,,,,,,,,,,,,,,,,,,,,,,,,,,,,,,,,nan,,,,,,,,,,,,,,,
923,0.23098953068256378,2.309944875378278e-06,0.0002309944875378278,9515.102607250214,10000,ppo,ppo,crawler,flat,dth_dth_neighbours_direct,,,,,,,,,,,,,,,0.0,0,781,0.0,0.0,,,,,,,,,,,,,,,,,,,,,,,,,,,,,,,,,,,,,,,,,,,,,,,,,,,,,,,,,,,,,,,,,,,,,,,,,,nan,,,,,,,,,,,,,,,
924,-0.9607093930244446,-9.607078027329408e-06,-0.0009607078027329408,9526.431105852127,10000,ppo,ppo,crawler,flat,dth_dth_neighbours_direct,,,,,,,,,,,,,,,-2.01842214592593e-05,0,781,0.0,0.0,,,,,,,,,,,,,,,,,,,,,,,,,,,,,,,,,,,,,,,,,,,,,,,,,,,,,,,,,,,,,,,,,,,,,,,,,,nan,,,,,,,,,,,,,,,
925,-0.8679243326187134,-8.679230631969403e-06,-0.0008679230631969403,9537.931111574173,10000,ppo,ppo,crawler,flat,dth_dth_neighbours_direct,,,,,,,,,,,,,,,0.0,0,781,0.0,0.0,,,,,,,,,,,,,,,,,,,,,,,,,,,,,,,,,,,,,,,,,,,,,,,,,,,,,,,,,,,,,,,,,,,,,,,,,,nan,,,,,,,,,,,,,,,
926,0.04954342916607857,4.954592895956011e-07,4.9545928959560115e-05,9549.621811628342,10000,ppo,ppo,crawler,flat,dth_dth_neighbours_direct,,,,,,,,,,,,,,,-5.7941959710569905e-05,0,781,0.0,0.0,,,,,,,,,,,,,,,,,,,,,,,,,,,,,,,,,,,,,,,,,,,,,,,,,,,,,,,,,,,,,,,,,,,,,,,,,,nan,,,,,,,,,,,,,,,
927,1.0558528900146484,1.0558519534242805e-05,0.0010558519534242805,9561.303199529648,10000,ppo,ppo,crawler,flat,dth_dth_neighbours_direct,,,,,,,,,,,,,,,-3.596611569007136e-05,0,781,0.0,0.0,,,,,,,,,,,,,,,,,,,,,,,,,,,,,,,,,,,,,,,,,,,,,,,,,,,,,,,,,,,,,,,,,,,,,,,,,,nan,,,,,,,,,,,,,,,
928,-0.2564135491847992,-2.5640997591835912e-06,-0.0002564099759183591,9572.764729261398,10000,ppo,ppo,crawler,flat,dth_dth_neighbours_direct,,,,,,,,,,,,,,,-4.099139636060492e-05,0,781,0.0,0.0,,,,,,,,,,,,,,,,,,,,,,,,,,,,,,,,,,,,,,,,,,,,,,,,,,,,,,,,,,,,,,,,,,,,,,,,,,nan,,,,,,,,,,,,,,,
929,0.3835417330265045,3.8354710341081955e-06,0.00038354710341081955,9583.960043907166,10000,ppo,ppo,crawler,flat,dth_dth_neighbours_direct,,,,,,,,,,,,,,,-1.6965191434501227e-05,0,781,0.0,0.0,,,,,,,,,,,,,,,,,,,,,,,,,,,,,,,,,,,,,,,,,,,,,,,,,,,,,,,,,,,,,,,,,,,,,,,,,,nan,,,,,,,,,,,,,,,
930,-0.2029125690460205,-2.029094503086526e-06,-0.0002029094503086526,9595.449954986572,10000,ppo,ppo,crawler,flat,dth_dth_neighbours_direct,,,,,,,,,,,,,,,-0.00025238158961188013,0,781,0.0,0.0,,,,,,,,,,,,,,,,,,,,,,,,,,,,,,,,,,,,,,,,,,,,,,,,,,,,,,,,,,,,,,,,,,,,,,,,,,nan,,,,,,,,,,,,,,,
931,-0.34425821900367737,-3.4425615922373254e-06,-0.00034425615922373254,9606.513486146927,10000,ppo,ppo,crawler,flat,dth_dth_neighbours_direct,,,,,,,,,,,,,,,0.0,0,781,0.0,0.0,,,,,,,,,,,,,,,,,,,,,,,,,,,,,,,,,,,,,,,,,,,,,,,,,,,,,,,,,,,,,,,,,,,,,,,,,,nan,,,,,,,,,,,,,,,
932,-0.4949822425842285,-4.9498107728140894e-06,-0.0004949810772814089,9618.676426172256,10000,ppo,ppo,crawler,flat,dth_dth_neighbours_direct,,,,,,,,,,,,,,,-0.00011024390026526322,0,781,0.0,0.0,,,,,,,,,,,,,,,,,,,,,,,,,,,,,,,,,,,,,,,,,,,,,,,,,,,,,,,,,,,,,,,,,,,,,,,,,,nan,,,,,,,,,,,,,,,
933,-0.09300961345434189,-9.300716214966087e-07,-9.300716214966087e-05,9629.746877908707,10000,ppo,ppo,crawler,flat,dth_dth_neighbours_direct,,,,,,,,,,,,,,,0.0,0,781,0.0,0.0,,,,,,,,,,,,,,,,,,,,,,,,,,,,,,,,,,,,,,,,,,,,,,,,,,,,,,,,,,,,,,,,,,,,,,,,,,nan,,,,,,,,,,,,,,,
934,-0.24455945193767548,-2.4455862330796663e-06,-0.00024455862330796663,9641.028132915497,10000,ppo,ppo,crawler,flat,dth_dth_neighbours_direct,,,,,,,,,,,,,,,-8.575024414764628e-06,0,781,0.0,0.0,,,,,,,,,,,,,,,,,,,,,,,,,,,,,,,,,,,,,,,,,,,,,,,,,,,,,,,,,,,,,,,,,,,,,,,,,,nan,,,,,,,,,,,,,,,
935,-0.7505653500556946,-7.505659596063197e-06,-0.0007505659596063197,9652.280840396881,10000,ppo,ppo,crawler,flat,dth_dth_neighbours_direct,,,,,,,,,,,,,,,-0.00016810035478519265,0,781,0.0,0.0,,,,,,,,,,,,,,,,,,,,,,,,,,,,,,,,,,,,,,,,,,,,,,,,,,,,,,,,,,,,,,,,,,,,,,,,,,nan,,,,,,,,,,,,,,,
936,0.40645208954811096,4.064550012117252e-06,0.0004064550012117252,9663.417675495148,10000,ppo,ppo,crawler,flat,dth_dth_neighbours_direct,,,,,,,,,,,,,,,0.0,0,781,0.0,0.0,,,,,,,,,,,,,,,,,,,,,,,,,,,,,,,,,,,,,,,,,,,,,,,,,,,,,,,,,,,,,,,,,,,,,,,,,,nan,,,,,,,,,,,,,,,
937,0.7332185506820679,7.332180302910274e-06,0.0007332180302910274,9674.77244067192,10000,ppo,ppo,crawler,flat,dth_dth_neighbours_direct,,,,,,,,,,,,,,,-0.0006463553830408867,0,781,0.0,0.0,,,,,,,,,,,,,,,,,,,,,,,,,,,,,,,,,,,,,,,,,,,,,,,,,,,,,,,,,,,,,,,,,,,,,,,,,,nan,,,,,,,,,,,,,,,
938,-1.3988536596298218,-1.3988545106258243e-05,-0.0013988545106258243,9685.918768644333,10000,ppo,ppo,crawler,flat,dth_dth_neighbours_direct,,,,,,,,,,,,,,,0.0,0,781,0.0,0.0,,,,,,,,,,,,,,,,,,,,,,,,,,,,,,,,,,,,,,,,,,,,,,,,,,,,,,,,,,,,,,,,,,,,,,,,,,nan,,,,,,,,,,,,,,,
939,-0.07568581402301788,-7.568469300167635e-07,-7.568469300167635e-05,9697.30830025673,10000,ppo,ppo,crawler,flat,dth_dth_neighbours_direct,,,,,,,,,,,,,,,-9.714275188314777e-06,0,781,0.0,0.0,,,,,,,,,,,,,,,,,,,,,,,,,,,,,,,,,,,,,,,,,,,,,,,,,,,,,,,,,,,,,,,,,,,,,,,,,,nan,,,,,,,,,,,,,,,
940,-1.3662090301513672,-1.3662105629919097e-05,-0.0013662105629919097,9708.230751752853,10000,ppo,ppo,crawler,flat,dth_dth_neighbours_direct,,,,,,,,,,,,,,,-5.6936152794525965e-05,0,781,0.0,0.0,,,,,,,,,,,,,,,,,,,,,,,,,,,,,,,,,,,,,,,,,,,,,,,,,,,,,,,,,,,,,,,,,,,,,,,,,,nan,,,,,,,,,,,,,,,
941,0.7394701242446899,7.394715794362128e-06,0.0007394715794362128,9719.467572689056,10000,ppo,ppo,crawler,flat,dth_dth_neighbours_direct,,,,,,,,,,,,,,,-0.0001898758010831441,0,781,0.0,0.0,,,,,,,,,,,,,,,,,,,,,,,,,,,,,,,,,,,,,,,,,,,,,,,,,,,,,,,,,,,,,,,,,,,,,,,,,,nan,,,,,,,,,,,,,,,
942,0.2561860680580139,2.561873770901002e-06,0.0002561873770901002,9730.724646091461,10000,ppo,ppo,crawler,flat,dth_dth_neighbours_direct,,,,,,,,,,,,,,,0.0,0,781,0.0,0.0,,,,,,,,,,,,,,,,,,,,,,,,,,,,,,,,,,,,,,,,,,,,,,,,,,,,,,,,,,,,,,,,,,,,,,,,,,nan,,,,,,,,,,,,,,,
943,1.3201119899749756,1.3201168258092366e-05,0.0013201168258092366,9742.027096271515,10000,ppo,ppo,crawler,flat,dth_dth_neighbours_direct,,,,,,,,,,,,,,,-5.407811222400006e-05,0,781,0.0,0.0,,,,,,,,,,,,,,,,,,,,,,,,,,,,,,,,,,,,,,,,,,,,,,,,,,,,,,,,,,,,,,,,,,,,,,,,,,nan,,,,,,,,,,,,,,,
944,-0.5954270958900452,-5.9542444432736374e-06,-0.0005954244443273637,9753.369368553162,10000,ppo,ppo,crawler,flat,dth_dth_neighbours_direct,,,,,,,,,,,,,,,0.0,0,781,0.0,0.0,,,,,,,,,,,,,,,,,,,,,,,,,,,,,,,,,,,,,,,,,,,,,,,,,,,,,,,,,,,,,,,,,,,,,,,,,,nan,,,,,,,,,,,,,,,
945,-0.022629713639616966,-2.2629284046615794e-07,-2.2629284046615794e-05,9764.876594781876,10000,ppo,ppo,crawler,flat,dth_dth_neighbours_direct,,,,,,,,,,,,,,,-2.0826803031407308e-05,0,781,0.0,0.0,,,,,,,,,,,,,,,,,,,,,,,,,,,,,,,,,,,,,,,,,,,,,,,,,,,,,,,,,,,,,,,,,,,,,,,,,,nan,,,,,,,,,,,,,,,
946,0.14821603894233704,1.4821853255853057e-06,0.00014821853255853057,9775.209786653519,10000,ppo,ppo,crawler,flat,dth_dth_neighbours_direct,,,,,,,,,,,,,,,-3.4139991264489796e-05,0,781,0.0,0.0,,,,,,,,,,,,,,,,,,,,,,,,,,,,,,,,,,,,,,,,,,,,,,,,,,,,,,,,,,,,,,,,,,,,,,,,,,nan,,,,,,,,,,,,,,,
947,-1.24120032787323,-1.2412030628183857e-05,-0.0012412030628183857,9784.506796836853,10000,ppo,ppo,crawler,flat,dth_dth_neighbours_direct,,,,,,,,,,,,,,,0.0,0,781,0.0,0.0,,,,,,,,,,,,,,,,,,,,,,,,,,,,,,,,,,,,,,,,,,,,,,,,,,,,,,,,,,,,,,,,,,,,,,,,,,nan,,,,,,,,,,,,,,,
948,-0.47573453187942505,-4.75734759675106e-06,-0.00047573475967510603,9794.825846195221,10000,ppo,ppo,crawler,flat,dth_dth_neighbours_direct,,,,,,,,,,,,,,,-0.0006197091554519309,0,781,0.0,0.0,,,,,,,,,,,,,,,,,,,,,,,,,,,,,,,,,,,,,,,,,,,,,,,,,,,,,,,,,,,,,,,,,,,,,,,,,,nan,,,,,,,,,,,,,,,
949,-0.9133163690567017,-9.133113053394482e-06,-0.0009133113053394482,9804.496161222458,10000,ppo,ppo,crawler,flat,dth_dth_neighbours_direct,,,,,,,,,,,,,,,0.0,0,781,0.0,0.0,,,,,,,,,,,,,,,,,,,,,,,,,,,,,,,,,,,,,,,,,,,,,,,,,,,,,,,,,,,,,,,,,,,,,,,,,,nan,,,,,,,,,,,,,,,
950,-0.5658643245697021,-5.658592726831557e-06,-0.0005658592726831557,9815.596083641052,10000,ppo,ppo,crawler,flat,dth_dth_neighbours_direct,,,,,,,,,,,,,,,-2.6882323227756e-05,0,781,0.0,0.0,,,,,,,,,,,,,,,,,,,,,,,,,,,,,,,,,,,,,,,,,,,,,,,,,,,,,,,,,,,,,,,,,,,,,,,,,,nan,,,,,,,,,,,,,,,
951,-0.6702825427055359,-6.7027822296950035e-06,-0.0006702782229695003,9826.009396076202,10000,ppo,ppo,crawler,flat,dth_dth_neighbours_direct,,,,,,,,,,,,,,,-1.7375331109678242e-05,0,781,0.0,0.0,,,,,,,,,,,,,,,,,,,,,,,,,,,,,,,,,,,,,,,,,,,,,,,,,,,,,,,,,,,,,,,,,,,,,,,,,,nan,,,,,,,,,,,,,,,
952,-0.1009221225976944,-1.009178276945022e-06,-0.0001009178276945022,9835.013013362885,10000,ppo,ppo,crawler,flat,dth_dth_neighbours_direct,,,,,,,,,,,,,,,-5.838504745583223e-05,0,781,0.0,0.0,,,,,,,,,,,,,,,,,,,,,,,,,,,,,,,,,,,,,,,,,,,,,,,,,,,,,,,,,,,,,,,,,,,,,,,,,,nan,,,,,,,,,,,,,,,
953,0.8634988069534302,8.635001904622186e-06,0.0008635001904622186,9846.380440235138,10000,ppo,ppo,crawler,flat,dth_dth_neighbours_direct,,,,,,,,,,,,,,,0.0,0,781,0.0,0.0,,,,,,,,,,,,,,,,,,,,,,,,,,,,,,,,,,,,,,,,,,,,,,,,,,,,,,,,,,,,,,,,,,,,,,,,,,nan,,,,,,,,,,,,,,,
954,0.21328143775463104,2.132829422407667e-06,0.00021328294224076672,9856.315911054611,10000,ppo,ppo,crawler,flat,dth_dth_neighbours_direct,,,,,,,,,,,,,,,-1.2063201893688622e-05,0,781,0.0,0.0,,,,,,,,,,,,,,,,,,,,,,,,,,,,,,,,,,,,,,,,,,,,,,,,,,,,,,,,,,,,,,,,,,,,,,,,,,nan,,,,,,,,,,,,,,,
955,-1.2336691617965698,-1.2336729014350567e-05,-0.0012336729014350567,9865.852021694183,10000,ppo,ppo,crawler,flat,dth_dth_neighbours_direct,,,,,,,,,,,,,,,-1.851739135312057e-05,0,781,0.0,0.0,,,,,,,,,,,,,,,,,,,,,,,,,,,,,,,,,,,,,,,,,,,,,,,,,,,,,,,,,,,,,,,,,,,,,,,,,,nan,,,,,,,,,,,,,,,
956,-0.6023265719413757,-6.023242349328939e-06,-0.0006023242349328939,9877.658671617508,10000,ppo,ppo,crawler,flat,dth_dth_neighbours_direct,,,,,,,,,,,,,,,-2.1766413303709824e-05,0,781,0.0,0.0,,,,,,,,,,,,,,,,,,,,,,,,,,,,,,,,,,,,,,,,,,,,,,,,,,,,,,,,,,,,,,,,,,,,,,,,,,nan,,,,,,,,,,,,,,,
957,0.8931698799133301,8.93171727511799e-06,0.000893171727511799,9889.159202337265,10000,ppo,ppo,crawler,flat,dth_dth_neighbours_direct,,,,,,,,,,,,,,,-0.001982539181481861,0,781,0.0,0.0,,,,,,,,,,,,,,,,,,,,,,,,,,,,,,,,,,,,,,,,,,,,,,,,,,,,,,,,,,,,,,,,,,,,,,,,,,nan,,,,,,,,,,,,,,,
958,0.7797819375991821,7.797831131028943e-06,0.0007797831131028943,9900.416263103485,10000,ppo,ppo,crawler,flat,dth_dth_neighbours_direct,,,,,,,,,,,,,,,0.0,0,781,0.0,0.0,,,,,,,,,,,,,,,,,,,,,,,,,,,,,,,,,,,,,,,,,,,,,,,,,,,,,,,,,,,,,,,,,,,,,,,,,,nan,,,,,,,,,,,,,,,
959,0.5815792083740234,5.815829354105517e-06,0.0005815829354105517,9911.775431632996,10000,ppo,ppo,crawler,flat,dth_dth_neighbours_direct,,,,,,,,,,,,,,,-2.1957533574745385e-05,0,781,0.0,0.0,,,,,,,,,,,,,,,,,,,,,,,,,,,,,,,,,,,,,,,,,,,,,,,,,,,,,,,,,,,,,,,,,,,,,,,,,,nan,,,,,,,,,,,,,,,
960,-0.5012524127960205,-5.01252407048014e-06,-0.000501252407048014,9924.036125659943,10000,ppo,ppo,crawler,flat,dth_dth_neighbours_direct,,,,,,,,,,,,,,,0.0,0,781,0.0,0.0,,,,,,,,,,,,,,,,,,,,,,,,,,,,,,,,,,,,,,,,,,,,,,,,,,,,,,,,,,,,,,,,,,,,,,,,,,nan,,,,,,,,,,,,,,,
961,-0.3770018517971039,-3.769989234569948e-06,-0.0003769989234569948,9935.325196027756,10000,ppo,ppo,crawler,flat,dth_dth_neighbours_direct,,,,,,,,,,,,,,,-4.608132703546983e-05,0,781,0.0,0.0,,,,,,,,,,,,,,,,,,,,,,,,,,,,,,,,,,,,,,,,,,,,,,,,,,,,,,,,,,,,,,,,,,,,,,,,,,nan,,,,,,,,,,,,,,,
962,0.8681565523147583,8.681569852342363e-06,0.0008681569852342363,9946.28799033165,10000,ppo,ppo,crawler,flat,dth_dth_neighbours_direct,,,,,,,,,,,,,,,0.0,0,781,0.0,0.0,,,,,,,,,,,,,,,,,,,,,,,,,,,,,,,,,,,,,,,,,,,,,,,,,,,,,,,,,,,,,,,,,,,,,,,,,,nan,,,,,,,,,,,,,,,
963,0.33591005206108093,3.35913887283823e-06,0.000335913887283823,9957.602764129639,10000,ppo,ppo,crawler,flat,dth_dth_neighbours_direct,,,,,,,,,,,,,,,-1.4514745798596347e-05,0,781,0.0,0.0,,,,,,,,,,,,,,,,,,,,,,,,,,,,,,,,,,,,,,,,,,,,,,,,,,,,,,,,,,,,,,,,,,,,,,,,,,nan,,,,,,,,,,,,,,,
964,1.2732757329940796,1.2732770301226992e-05,0.0012732770301226992,9969.138722419739,10000,ppo,ppo,crawler,flat,dth_dth_neighbours_direct,,,,,,,,,,,,,,,-8.85467494572018e-05,0,781,0.0,0.0,,,,,,,,,,,,,,,,,,,,,,,,,,,,,,,,,,,,,,,,,,,,,,,,,,,,,,,,,,,,,,,,,,,,,,,,,,nan,,,,,,,,,,,,,,,
965,1.0286682844161987,1.0286731594533194e-05,0.0010286731594533194,9980.169356107712,10000,ppo,ppo,crawler,flat,dth_dth_neighbours_direct,,,,,,,,,,,,,,,0.0,0,781,0.0,0.0,,,,,,,,,,,,,,,,,,,,,,,,,,,,,,,,,,,,,,,,,,,,,,,,,,,,,,,,,,,,,,,,,,,,,,,,,,nan,,,,,,,,,,,,,,,
966,1.6059951782226562,1.605998295417521e-05,0.0016059982954175211,9991.566304683685,10000,ppo,ppo,crawler,flat,dth_dth_neighbours_direct,,,,,,,,,,,,,,,-0.00034204482192724524,0,781,0.0,0.0,,,,,,,,,,,,,,,,,,,,,,,,,,,,,,,,,,,,,,,,,,,,,,,,,,,,,,,,,,,,,,,,,,,,,,,,,,nan,,,,,,,,,,,,,,,
967,-0.9658283591270447,-9.6582707556081e-06,-0.00096582707556081,10002.79174542427,10000,ppo,ppo,crawler,flat,dth_dth_neighbours_direct,,,,,,,,,,,,,,,-2.0227265018354456e-06,0,781,0.0,0.0,,,,,,,,,,,,,,,,,,,,,,,,,,,,,,,,,,,,,,,,,,,,,,,,,,,,,,,,,,,,,,,,,,,,,,,,,,nan,,,,,,,,,,,,,,,
968,-0.4552832543849945,-4.55284407507861e-06,-0.00045528440750786103,10014.209818124771,10000,ppo,ppo,crawler,flat,dth_dth_neighbours_direct,,,,,,,,,,,,,,,-1.2767460631271024e-05,0,781,0.0,0.0,,,,,,,,,,,,,,,,,,,,,,,,,,,,,,,,,,,,,,,,,,,,,,,,,,,,,,,,,,,,,,,,,,,,,,,,,,nan,,,,,,,,,,,,,,,
969,-0.5524621605873108,-5.524583684746176e-06,-0.0005524583684746176,10025.339856863022,10000,ppo,ppo,crawler,flat,dth_dth_neighbours_direct,,,,,,,,,,,,,,,-3.090416881400095e-06,0,781,0.0,0.0,,,,,,,,,,,,,,,,,,,,,,,,,,,,,,,,,,,,,,,,,,,,,,,,,,,,,,,,,,,,,,,,,,,,,,,,,,nan,,,,,,,,,,,,,,,
970,1.5190422534942627,1.5190455087576993e-05,0.0015190455087576993,10036.582346200943,10000,ppo,ppo,crawler,flat,dth_dth_neighbours_direct,,,,,,,,,,,,,,,-1.0677819616052772e-05,0,781,0.0,0.0,,,,,,,,,,,,,,,,,,,,,,,,,,,,,,,,,,,,,,,,,,,,,,,,,,,,,,,,,,,,,,,,,,,,,,,,,,nan,,,,,,,,,,,,,,,
971,1.9286892414093018,1.9286904716864228e-05,0.0019286904716864228,10046.911516427994,10000,ppo,ppo,crawler,flat,dth_dth_neighbours_direct,,,,,,,,,,,,,,,-0.004501012525975552,0,781,0.0,0.0,,,,,,,,,,,,,,,,,,,,,,,,,,,,,,,,,,,,,,,,,,,,,,,,,,,,,,,,,,,,,,,,,,,,,,,,,,nan,,,,,,,,,,,,,,,
972,-2.6372342109680176,-2.6372354113846086e-05,-0.0026372354113846086,10056.94657754898,10000,ppo,ppo,crawler,flat,dth_dth_neighbours_direct,,,,,,,,,,,,,,,-3.3286136602470113e-07,0,781,0.0,0.0,,,,,,,,,,,,,,,,,,,,,,,,,,,,,,,,,,,,,,,,,,,,,,,,,,,,,,,,,,,,,,,,,,,,,,,,,,nan,,,,,,,,,,,,,,,
973,0.3698364198207855,3.6983753943786724e-06,0.00036983753943786724,10067.854746818542,10000,ppo,ppo,crawler,flat,dth_dth_neighbours_direct,,,,,,,,,,,,,,,-5.833741406243528e-06,0,781,0.0,0.0,,,,,,,,,,,,,,,,,,,,,,,,,,,,,,,,,,,,,,,,,,,,,,,,,,,,,,,,,,,,,,,,,,,,,,,,,,nan,,,,,,,,,,,,,,,
974,-0.09339985996484756,-9.339773896499537e-07,-9.339773896499537e-05,10077.622781991959,10000,ppo,ppo,crawler,flat,dth_dth_neighbours_direct,,,,,,,,,,,,,,,-8.847954398004407e-06,0,781,0.0,0.0,,,,,,,,,,,,,,,,,,,,,,,,,,,,,,,,,,,,,,,,,,,,,,,,,,,,,,,,,,,,,,,,,,,,,,,,,,nan,,,,,,,,,,,,,,,
975,0.7699883580207825,7.699906745983753e-06,0.0007699906745983753,10086.951070308685,10000,ppo,ppo,crawler,flat,dth_dth_neighbours_direct,,,,,,,,,,,,,,,-6.653168137339105e-06,0,781,0.0,0.0,,,,,,,,,,,,,,,,,,,,,,,,,,,,,,,,,,,,,,,,,,,,,,,,,,,,,,,,,,,,,,,,,,,,,,,,,,nan,,,,,,,,,,,,,,,
976,0.585406482219696,5.854097253177315e-06,0.0005854097253177315,10097.054428100586,10000,ppo,ppo,crawler,flat,dth_dth_neighbours_direct,,,,,,,,,,,,,,,-0.0006281031980137513,0,781,0.0,0.0,,,,,,,,,,,,,,,,,,,,,,,,,,,,,,,,,,,,,,,,,,,,,,,,,,,,,,,,,,,,,,,,,,,,,,,,,,nan,,,,,,,,,,,,,,,
977,1.572869896888733,1.5728763173683546e-05,0.0015728763173683546,10106.23029923439,10000,ppo,ppo,crawler,flat,dth_dth_neighbours_direct,,,,,,,,,,,,,,,0.0,0,781,0.0,0.0,,,,,,,,,,,,,,,,,,,,,,,,,,,,,,,,,,,,,,,,,,,,,,,,,,,,,,,,,,,,,,,,,,,,,,,,,,nan,,,,,,,,,,,,,,,
978,-0.9793850779533386,-9.793810022529215e-06,-0.0009793810022529215,10114.76478266716,10000,ppo,ppo,crawler,flat,dth_dth_neighbours_direct,,,,,,,,,,,,,,,-8.462961624816498e-06,0,781,0.0,0.0,,,,,,,,,,,,,,,,,,,,,,,,,,,,,,,,,,,,,,,,,,,,,,,,,,,,,,,,,,,,,,,,,,,,,,,,,,nan,,,,,,,,,,,,,,,
979,0.4650937020778656,4.650952632800909e-06,0.0004650952632800909,10125.229002475739,10000,ppo,ppo,crawler,flat,dth_dth_neighbours_direct,,,,,,,,,,,,,,,-5.1176497443232125e-06,0,781,0.0,0.0,,,,,,,,,,,,,,,,,,,,,,,,,,,,,,,,,,,,,,,,,,,,,,,,,,,,,,,,,,,,,,,,,,,,,,,,,,nan,,,,,,,,,,,,,,,
980,-0.24911127984523773,-2.491088253009366e-06,-0.0002491088253009366,10134.446999549866,10000,ppo,ppo,crawler,flat,dth_dth_neighbours_direct,,,,,,,,,,,,,,,-1.0971827778330838e-05,0,781,0.0,0.0,,,,,,,,,,,,,,,,,,,,,,,,,,,,,,,,,,,,,,,,,,,,,,,,,,,,,,,,,,,,,,,,,,,,,,,,,,nan,,,,,,,,,,,,,,,
981,0.21220026910305023,2.1220419057499385e-06,0.00021220419057499385,10144.374534606934,10000,ppo,ppo,crawler,flat,dth_dth_neighbours_direct,,,,,,,,,,,,,,,-0.0006217414026700733,0,781,0.0,0.0,,,,,,,,,,,,,,,,,,,,,,,,,,,,,,,,,,,,,,,,,,,,,,,,,,,,,,,,,,,,,,,,,,,,,,,,,,nan,,,,,,,,,,,,,,,
982,1.1283148527145386,1.1283160347375087e-05,0.0011283160347375087,10153.698946237564,10000,ppo,ppo,crawler,flat,dth_dth_neighbours_direct,,,,,,,,,,,,,,,0.0,0,781,0.0,0.0,,,,,,,,,,,,,,,,,,,,,,,,,,,,,,,,,,,,,,,,,,,,,,,,,,,,,,,,,,,,,,,,,,,,,,,,,,nan,,,,,,,,,,,,,,,
983,-1.2844949960708618,-1.2844955563195981e-05,-0.0012844955563195981,10162.251289367676,10000,ppo,ppo,crawler,flat,dth_dth_neighbours_direct,,,,,,,,,,,,,,,-7.18064968701972e-06,0,781,0.0,0.0,,,,,,,,,,,,,,,,,,,,,,,,,,,,,,,,,,,,,,,,,,,,,,,,,,,,,,,,,,,,,,,,,,,,,,,,,,nan,,,,,,,,,,,,,,,
984,0.8440183997154236,8.440179044555407e-06,0.0008440179044555407,10171.623791217804,10000,ppo,ppo,crawler,flat,dth_dth_neighbours_direct,,,,,,,,,,,,,,,-7.915825710635485e-05,0,781,0.0,0.0,,,,,,,,,,,,,,,,,,,,,,,,,,,,,,,,,,,,,,,,,,,,,,,,,,,,,,,,,,,,,,,,,,,,,,,,,,nan,,,,,,,,,,,,,,,
985,0.3586500287055969,3.586530965549173e-06,0.0003586530965549173,10181.810209274292,10000,ppo,ppo,crawler,flat,dth_dth_neighbours_direct,,,,,,,,,,,,,,,0.0,0,781,0.0,0.0,,,,,,,,,,,,,,,,,,,,,,,,,,,,,,,,,,,,,,,,,,,,,,,,,,,,,,,,,,,,,,,,,,,,,,,,,,nan,,,,,,,,,,,,,,,
986,0.9063875079154968,9.063936886377633e-06,0.0009063936886377633,10192.006623268127,10000,ppo,ppo,crawler,flat,dth_dth_neighbours_direct,,,,,,,,,,,,,,,-0.0011082030999713915,0,781,0.0,0.0,,,,,,,,,,,,,,,,,,,,,,,,,,,,,,,,,,,,,,,,,,,,,,,,,,,,,,,,,,,,,,,,,,,,,,,,,,nan,,,,,,,,,,,,,,,
987,1.3836312294006348,1.3836328434990719e-05,0.001383632843499072,10202.597012758255,10000,ppo,ppo,crawler,flat,dth_dth_neighbours_direct,,,,,,,,,,,,,,,0.0,0,781,0.0,0.0,,,,,,,,,,,,,,,,,,,,,,,,,,,,,,,,,,,,,,,,,,,,,,,,,,,,,,,,,,,,,,,,,,,,,,,,,,nan,,,,,,,,,,,,,,,
988,0.019496822729706764,1.9498061476497242e-07,1.949806147649724e-05,10212.80884361267,10000,ppo,ppo,crawler,flat,dth_dth_neighbours_direct,,,,,,,,,,,,,,,-1.4980088695215966e-05,0,781,0.0,0.0,,,,,,,,,,,,,,,,,,,,,,,,,,,,,,,,,,,,,,,,,,,,,,,,,,,,,,,,,,,,,,,,,,,,,,,,,,nan,,,,,,,,,,,,,,,
989,0.4187956750392914,4.187985723547172e-06,0.0004187985723547172,10222.756916761398,10000,ppo,ppo,crawler,flat,dth_dth_neighbours_direct,,,,,,,,,,,,,,,-1.7269202072779134e-05,0,781,0.0,0.0,,,,,,,,,,,,,,,,,,,,,,,,,,,,,,,,,,,,,,,,,,,,,,,,,,,,,,,,,,,,,,,,,,,,,,,,,,nan,,,,,,,,,,,,,,,
990,0.33816686272621155,3.381710484973155e-06,0.0003381710484973155,10234.0285384655,10000,ppo,ppo,crawler,flat,dth_dth_neighbours_direct,,,,,,,,,,,,,,,-3.226410964844932e-05,0,781,0.0,0.0,,,,,,,,,,,,,,,,,,,,,,,,,,,,,,,,,,,,,,,,,,,,,,,,,,,,,,,,,,,,,,,,,,,,,,,,,,nan,,,,,,,,,,,,,,,
991,0.26536139845848083,2.653610181369004e-06,0.0002653610181369004,10243.53053188324,10000,ppo,ppo,crawler,flat,dth_dth_neighbours_direct,,,,,,,,,,,,,,,0.0,0,781,0.0,0.0,,,,,,,,,,,,,,,,,,,,,,,,,,,,,,,,,,,,,,,,,,,,,,,,,,,,,,,,,,,,,,,,,,,,,,,,,,nan,,,,,,,,,,,,,,,
992,0.7512233257293701,7.5122488851775415e-06,0.0007512248885177542,10254.784862279892,10000,ppo,ppo,crawler,flat,dth_dth_neighbours_direct,,,,,,,,,,,,,,,-8.628887771873255e-05,0,781,0.0,0.0,,,,,,,,,,,,,,,,,,,,,,,,,,,,,,,,,,,,,,,,,,,,,,,,,,,,,,,,,,,,,,,,,,,,,,,,,,nan,,,,,,,,,,,,,,,
993,1.8348232507705688,1.8348249795963056e-05,0.0018348249795963056,10265.960952758789,10000,ppo,ppo,crawler,flat,dth_dth_neighbours_direct,,,,,,,,,,,,,,,0.0,0,781,0.0,0.0,,,,,,,,,,,,,,,,,,,,,,,,,,,,,,,,,,,,,,,,,,,,,,,,,,,,,,,,,,,,,,,,,,,,,,,,,,nan,,,,,,,,,,,,,,,
994,-1.190595030784607,-1.190597231470747e-05,-0.001190597231470747,10277.578855991364,10000,ppo,ppo,crawler,flat,dth_dth_neighbours_direct,,,,,,,,,,,,,,,-1.5273803508770144e-05,0,781,0.0,0.0,,,,,,,,,,,,,,,,,,,,,,,,,,,,,,,,,,,,,,,,,,,,,,,,,,,,,,,,,,,,,,,,,,,,,,,,,,nan,,,,,,,,,,,,,,,
995,1.8161296844482422,1.816130861698184e-05,0.0018161308616981842,10288.922328710556,10000,ppo,ppo,crawler,flat,dth_dth_neighbours_direct,,,,,,,,,,,,,,,0.0,0,781,0.0,0.0,,,,,,,,,,,,,,,,,,,,,,,,,,,,,,,,,,,,,,,,,,,,,,,,,,,,,,,,,,,,,,,,,,,,,,,,,,nan,,,,,,,,,,,,,,,
996,-0.0067122699692845345,-6.711296407502232e-08,-6.711296407502232e-06,10300.385437488556,10000,ppo,ppo,crawler,flat,dth_dth_neighbours_direct,,,,,,,,,,,,,,,-1.240173466837513e-10,0,781,0.0,0.0,,,,,,,,,,,,,,,,,,,,,,,,,,,,,,,,,,,,,,,,,,,,,,,,,,,,,,,,,,,,,,,,,,,,,,,,,,nan,,,,,,,,,,,,,,,
997,0.9033924341201782,9.03393629414495e-06,0.0009033936294144951,10310.821388721466,10000,ppo,ppo,crawler,flat,dth_dth_neighbours_direct,,,,,,,,,,,,,,,-9.444769157070509e-05,0,781,0.0,0.0,,,,,,,,,,,,,,,,,,,,,,,,,,,,,,,,,,,,,,,,,,,,,,,,,,,,,,,,,,,,,,,,,,,,,,,,,,nan,,,,,,,,,,,,,,,
998,-1.075340747833252,-1.0753402420959901e-05,-0.00107534024209599,10320.155450344086,10000,ppo,ppo,crawler,flat,dth_dth_neighbours_direct,,,,,,,,,,,,,,,0.0,0,781,0.0,0.0,,,,,,,,,,,,,,,,,,,,,,,,,,,,,,,,,,,,,,,,,,,,,,,,,,,,,,,,,,,,,,,,,,,,,,,,,,nan,,,,,,,,,,,,,,,
999,0.5173153281211853,5.173172667127801e-06,0.0005173172667127801,10330.632627248764,10000,ppo,ppo,crawler,flat,dth_dth_neighbours_direct,,,,,,,,,,,,,,,-3.3002590018869513e-06,0,781,0.0,0.0,,,,,,,,,,,,,,,,,,,,,,,,,,,,,,,,,,,,,,,,,,,,,,,,,,,,,,,,,,,,,,,,,,,,,,,,,,nan,,,,,,,,,,,,,,,
1000,-0.23945331573486328,-2.3945192424434936e-06,-0.00023945192424434936,10340.791988372803,10000,ppo,ppo,crawler,flat,dth_dth_neighbours_direct,,,,,,,,,,,,,,,-1.5150890393461675e-05,0,781,0.0,0.0,,,,,,,,,,,,,,,,,,,,,,,,,,,,,,,,,,,,,,,,,,,,,,,,,,,,,,,,,,,,,,,,,,,,,,,,,,nan,,,,,,,,,,,,,,,
1001,1.274645447731018,1.274649184779264e-05,0.001274649184779264,10351.059986829758,10000,ppo,ppo,crawler,flat,dth_dth_neighbours_direct,,,,,,,,,,,,,,,-1.1377118852242312e-05,0,781,0.0,0.0,,,,,,,,,,,,,,,,,,,,,,,,,,,,,,,,,,,,,,,,,,,,,,,,,,,,,,,,,,,,,,,,,,,,,,,,,,nan,,,,,,,,,,,,,,,
1002,-2.088344097137451,-2.0883446268271655e-05,-0.0020883446268271655,10361.998737335205,10000,ppo,ppo,crawler,flat,dth_dth_neighbours_direct,,,,,,,,,,,,,,,-2.263960870943973e-05,0,781,0.0,0.0,,,,,,,,,,,,,,,,,,,,,,,,,,,,,,,,,,,,,,,,,,,,,,,,,,,,,,,,,,,,,,,,,,,,,,,,,,nan,,,,,,,,,,,,,,,
1003,0.21869030594825745,2.1869243482797174e-06,0.00021869243482797174,10371.845301866531,10000,ppo,ppo,crawler,flat,dth_dth_neighbours_direct,,,,,,,,,,,,,,,-0.0001688632319911494,0,781,0.0,0.0,,,,,,,,,,,,,,,,,,,,,,,,,,,,,,,,,,,,,,,,,,,,,,,,,,,,,,,,,,,,,,,,,,,,,,,,,,nan,,,,,,,,,,,,,,,
1004,-0.007356006186455488,-7.352127795456909e-08,-7.352127795456909e-06,10382.627117872238,10000,ppo,ppo,crawler,flat,dth_dth_neighbours_direct,,,,,,,,,,,,,,,0.0,0,781,0.0,0.0,,,,,,,,,,,,,,,,,,,,,,,,,,,,,,,,,,,,,,,,,,,,,,,,,,,,,,,,,,,,,,,,,,,,,,,,,,nan,,,,,,,,,,,,,,,
1005,-0.10746252536773682,-1.0746110774562112e-06,-0.00010746110774562112,10393.102488040924,10000,ppo,ppo,crawler,flat,dth_dth_neighbours_direct,,,,,,,,,,,,,,,-3.0763695319391855e-06,0,781,0.0,0.0,,,,,,,,,,,,,,,,,,,,,,,,,,,,,,,,,,,,,,,,,,,,,,,,,,,,,,,,,,,,,,,,,,,,,,,,,,nan,,,,,,,,,,,,,,,
1006,0.19496916234493256,1.9497085759212496e-06,0.00019497085759212496,10403.530979156494,10000,ppo,ppo,crawler,flat,dth_dth_neighbours_direct,,,,,,,,,,,,,,,-7.579856756096765e-06,0,781,0.0,0.0,,,,,,,,,,,,,,,,,,,,,,,,,,,,,,,,,,,,,,,,,,,,,,,,,,,,,,,,,,,,,,,,,,,,,,,,,,nan,,,,,,,,,,,,,,,
1007,1.2343000173568726,1.2343051821517292e-05,0.0012343051821517292,10414.919548749924,10000,ppo,ppo,crawler,flat,dth_dth_neighbours_direct,,,,,,,,,,,,,,,-2.5104907807558966e-05,0,781,0.0,0.0,,,,,,,,,,,,,,,,,,,,,,,,,,,,,,,,,,,,,,,,,,,,,,,,,,,,,,,,,,,,,,,,,,,,,,,,,,nan,,,,,,,,,,,,,,,
1008,-0.043811824172735214,-4.380846689855389e-07,-4.380846689855389e-05,10425.897653102875,10000,ppo,ppo,crawler,flat,dth_dth_neighbours_direct,,,,,,,,,,,,,,,-5.824948099373855e-06,0,781,0.0,0.0,,,,,,,,,,,,,,,,,,,,,,,,,,,,,,,,,,,,,,,,,,,,,,,,,,,,,,,,,,,,,,,,,,,,,,,,,,nan,,,,,,,,,,,,,,,
1009,-0.280016154050827,-2.8001493319607107e-06,-0.00028001493319607107,10436.97291636467,10000,ppo,ppo,crawler,flat,dth_dth_neighbours_direct,,,,,,,,,,,,,,,-0.0001620645581168646,0,781,0.0,0.0,,,,,,,,,,,,,,,,,,,,,,,,,,,,,,,,,,,,,,,,,,,,,,,,,,,,,,,,,,,,,,,,,,,,,,,,,,nan,,,,,,,,,,,,,,,
1010,-0.42430058121681213,-4.243001512804767e-06,-0.0004243001512804767,10448.30763745308,10000,ppo,ppo,crawler,flat,dth_dth_neighbours_direct,,,,,,,,,,,,,,,0.0,0,781,0.0,0.0,,,,,,,,,,,,,,,,,,,,,,,,,,,,,,,,,,,,,,,,,,,,,,,,,,,,,,,,,,,,,,,,,,,,,,,,,,nan,,,,,,,,,,,,,,,
1011,1.6797024011611938,1.679707202129066e-05,0.001679707202129066,10459.656282901764,10000,ppo,ppo,crawler,flat,dth_dth_neighbours_direct,,,,,,,,,,,,,,,-2.181133501012255e-05,0,781,0.0,0.0,,,,,,,,,,,,,,,,,,,,,,,,,,,,,,,,,,,,,,,,,,,,,,,,,,,,,,,,,,,,,,,,,,,,,,,,,,nan,,,,,,,,,,,,,,,
1012,-1.0050667524337769,-1.0050667697214521e-05,-0.0010050667697214521,10471.160848855972,10000,ppo,ppo,crawler,flat,dth_dth_neighbours_direct,,,,,,,,,,,,,,,-5.487697115513793e-05,0,781,0.0,0.0,,,,,,,,,,,,,,,,,,,,,,,,,,,,,,,,,,,,,,,,,,,,,,,,,,,,,,,,,,,,,,,,,,,,,,,,,,nan,,,,,,,,,,,,,,,
1013,0.20542564988136292,2.054243850579951e-06,0.0002054243850579951,10482.182221412659,10000,ppo,ppo,crawler,flat,dth_dth_neighbours_direct,,,,,,,,,,,,,,,0.0,0,781,0.0,0.0,,,,,,,,,,,,,,,,,,,,,,,,,,,,,,,,,,,,,,,,,,,,,,,,,,,,,,,,,,,,,,,,,,,,,,,,,,nan,,,,,,,,,,,,,,,
1014,-0.3087374269962311,-3.0873991363478126e-06,-0.00030873991363478126,10493.34495639801,10000,ppo,ppo,crawler,flat,dth_dth_neighbours_direct,,,,,,,,,,,,,,,-9.514327028649412e-06,0,781,0.0,0.0,,,,,,,,,,,,,,,,,,,,,,,,,,,,,,,,,,,,,,,,,,,,,,,,,,,,,,,,,,,,,,,,,,,,,,,,,,nan,,,,,,,,,,,,,,,
1015,-0.11644339561462402,-1.1644076494121691e-06,-0.00011644076494121691,10504.827825784683,10000,ppo,ppo,crawler,flat,dth_dth_neighbours_direct,,,,,,,,,,,,,,,-0.003913309420345687,0,781,0.0,0.0,,,,,,,,,,,,,,,,,,,,,,,,,,,,,,,,,,,,,,,,,,,,,,,,,,,,,,,,,,,,,,,,,,,,,,,,,,nan,,,,,,,,,,,,,,,
1016,-0.8317337036132812,-8.317321771755815e-06,-0.0008317321771755815,10516.466428756714,10000,ppo,ppo,crawler,flat,dth_dth_neighbours_direct,,,,,,,,,,,,,,,-2.732054448463547e-07,0,781,0.0,0.0,,,,,,,,,,,,,,,,,,,,,,,,,,,,,,,,,,,,,,,,,,,,,,,,,,,,,,,,,,,,,,,,,,,,,,,,,,nan,,,,,,,,,,,,,,,
1017,0.48795899748802185,4.87960323880543e-06,0.000487960323880543,10527.942843198776,10000,ppo,ppo,crawler,flat,dth_dth_neighbours_direct,,,,,,,,,,,,,,,-1.1581346802842755e-05,0,781,0.0,0.0,,,,,,,,,,,,,,,,,,,,,,,,,,,,,,,,,,,,,,,,,,,,,,,,,,,,,,,,,,,,,,,,,,,,,,,,,,nan,,,,,,,,,,,,,,,
1018,-0.5363523364067078,-5.363510354072787e-06,-0.0005363510354072787,10539.165479421616,10000,ppo,ppo,crawler,flat,dth_dth_neighbours_direct,,,,,,,,,,,,,,,-0.0002593215216289867,0,781,0.0,0.0,,,,,,,,,,,,,,,,,,,,,,,,,,,,,,,,,,,,,,,,,,,,,,,,,,,,,,,,,,,,,,,,,,,,,,,,,,nan,,,,,,,,,,,,,,,
1019,-0.34885621070861816,-3.488557695163763e-06,-0.0003488557695163763,10550.75019645691,10000,ppo,ppo,crawler,flat,dth_dth_neighbours_direct,,,,,,,,,,,,,,,-2.1847953516679903e-05,0,781,0.0,0.0,,,,,,,,,,,,,,,,,,,,,,,,,,,,,,,,,,,,,,,,,,,,,,,,,,,,,,,,,,,,,,,,,,,,,,,,,,nan,,,,,,,,,,,,,,,
1020,-0.7649962306022644,-7.649953658983577e-06,-0.0007649953658983577,10562.241062879562,10000,ppo,ppo,crawler,flat,dth_dth_neighbours_direct,,,,,,,,,,,,,,,-2.978963684409895e-05,0,781,0.0,0.0,,,,,,,,,,,,,,,,,,,,,,,,,,,,,,,,,,,,,,,,,,,,,,,,,,,,,,,,,,,,,,,,,,,,,,,,,,nan,,,,,,,,,,,,,,,
1021,-0.06284036487340927,-6.284089408836735e-07,-6.284089408836735e-05,10573.777302026749,10000,ppo,ppo,crawler,flat,dth_dth_neighbours_direct,,,,,,,,,,,,,,,0.0,0,781,0.0,0.0,,,,,,,,,,,,,,,,,,,,,,,,,,,,,,,,,,,,,,,,,,,,,,,,,,,,,,,,,,,,,,,,,,,,,,,,,,nan,,,,,,,,,,,,,,,
1022,-1.1996574401855469,-1.1996576176898088e-05,-0.0011996576176898088,10583.845623254776,10000,ppo,ppo,crawler,flat,dth_dth_neighbours_direct,,,,,,,,,,,,,,,-1.4401739761328727e-05,0,781,0.0,0.0,,,,,,,,,,,,,,,,,,,,,,,,,,,,,,,,,,,,,,,,,,,,,,,,,,,,,,,,,,,,,,,,,,,,,,,,,,nan,,,,,,,,,,,,,,,
1023,0.18276141583919525,1.8276389255333925e-06,0.00018276389255333925,10595.426398038864,10000,ppo,ppo,crawler,flat,dth_dth_neighbours_direct,,,,,,,,,,,,,,,-0.00015935740611312026,0,781,0.0,0.0,,,,,,,,,,,,,,,,,,,,,,,,,,,,,,,,,,,,,,,,,,,,,,,,,,,,,,,,,,,,,,,,,,,,,,,,,,nan,,,,,,,,,,,,,,,
1024,-0.896157443523407,-8.961585081124213e-06,-0.0008961585081124213,10606.597808361053,10000,ppo,ppo,crawler,flat,dth_dth_neighbours_direct,,,,,,,,,,,,,,,0.0,0,781,0.0,0.0,,,,,,,,,,,,,,,,,,,,,,,,,,,,,,,,,,,,,,,,,,,,,,,,,,,,,,,,,,,,,,,,,,,,,,,,,,nan,,,,,,,,,,,,,,,
1025,-1.4934970140457153,-1.4934965292923152e-05,-0.0014934965292923152,10617.677642345428,10000,ppo,ppo,crawler,flat,dth_dth_neighbours_direct,,,,,,,,,,,,,,,-2.9718432999985167e-05,0,781,0.0,0.0,,,,,,,,,,,,,,,,,,,,,,,,,,,,,,,,,,,,,,,,,,,,,,,,,,,,,,,,,,,,,,,,,,,,,,,,,,nan,,,,,,,,,,,,,,,
1026,-1.201401948928833,-1.2014043022645637e-05,-0.0012014043022645637,10628.89459347725,10000,ppo,ppo,crawler,flat,dth_dth_neighbours_direct,,,,,,,,,,,,,,,-2.0692561408469068e-05,0,781,0.0,0.0,,,,,,,,,,,,,,,,,,,,,,,,,,,,,,,,,,,,,,,,,,,,,,,,,,,,,,,,,,,,,,,,,,,,,,,,,,nan,,,,,,,,,,,,,,,
1027,0.5301563739776611,5.301590590534033e-06,0.0005301590590534033,10640.40294122696,10000,ppo,ppo,crawler,flat,dth_dth_neighbours_direct,,,,,,,,,,,,,,,-6.453184799676363e-05,0,781,0.0,0.0,,,,,,,,,,,,,,,,,,,,,,,,,,,,,,,,,,,,,,,,,,,,,,,,,,,,,,,,,,,,,,,,,,,,,,,,,,nan,,,,,,,,,,,,,,,
1028,-0.34306347370147705,-3.430630840739468e-06,-0.0003430630840739468,10651.415198087692,10000,ppo,ppo,crawler,flat,dth_dth_neighbours_direct,,,,,,,,,,,,,,,-5.62354047018343e-05,0,781,0.0,0.0,,,,,,,,,,,,,,,,,,,,,,,,,,,,,,,,,,,,,,,,,,,,,,,,,,,,,,,,,,,,,,,,,,,,,,,,,,nan,,,,,,,,,,,,,,,
1029,-0.24761871993541718,-2.4761288841546047e-06,-0.0002476128884154605,10662.621842622757,10000,ppo,ppo,crawler,flat,dth_dth_neighbours_direct,,,,,,,,,,,,,,,-4.767971029850951e-05,0,781,0.0,0.0,,,,,,,,,,,,,,,,,,,,,,,,,,,,,,,,,,,,,,,,,,,,,,,,,,,,,,,,,,,,,,,,,,,,,,,,,,nan,,,,,,,,,,,,,,,
1030,0.7052357792854309,7.0523783506359905e-06,0.000705237835063599,10673.704593896866,10000,ppo,ppo,crawler,flat,dth_dth_neighbours_direct,,,,,,,,,,,,,,,-0.0021333463094107778,0,781,0.0,0.0,,,,,,,,,,,,,,,,,,,,,,,,,,,,,,,,,,,,,,,,,,,,,,,,,,,,,,,,,,,,,,,,,,,,,,,,,,nan,,,,,,,,,,,,,,,
1031,-1.3507095575332642,-1.3507074072549585e-05,-0.0013507074072549585,10685.380032539368,10000,ppo,ppo,crawler,flat,dth_dth_neighbours_direct,,,,,,,,,,,,,,,0.0,0,781,0.0,0.0,,,,,,,,,,,,,,,,,,,,,,,,,,,,,,,,,,,,,,,,,,,,,,,,,,,,,,,,,,,,,,,,,,,,,,,,,,nan,,,,,,,,,,,,,,,
1032,0.32314538955688477,3.2314560485247057e-06,0.00032314560485247057,10696.638959884644,10000,ppo,ppo,crawler,flat,dth_dth_neighbours_direct,,,,,,,,,,,,,,,-3.720447659568811e-05,0,781,0.0,0.0,,,,,,,,,,,,,,,,,,,,,,,,,,,,,,,,,,,,,,,,,,,,,,,,,,,,,,,,,,,,,,,,,,,,,,,,,,nan,,,,,,,,,,,,,,,
1033,-1.9265739917755127,-1.926572986121755e-05,-0.001926572986121755,10707.786891222,10000,ppo,ppo,crawler,flat,dth_dth_neighbours_direct,,,,,,,,,,,,,,,0.0,0,781,0.0,0.0,,,,,,,,,,,,,,,,,,,,,,,,,,,,,,,,,,,,,,,,,,,,,,,,,,,,,,,,,,,,,,,,,,,,,,,,,,nan,,,,,,,,,,,,,,,
1034,-0.7865802645683289,-7.865813131502364e-06,-0.0007865813131502364,10719.290305614471,10000,ppo,ppo,crawler,flat,dth_dth_neighbours_direct,,,,,,,,,,,,,,,-6.919912755413031e-06,0,781,0.0,0.0,,,,,,,,,,,,,,,,,,,,,,,,,,,,,,,,,,,,,,,,,,,,,,,,,,,,,,,,,,,,,,,,,,,,,,,,,,nan,,,,,,,,,,,,,,,
1035,1.4521697759628296,1.4521702723868657e-05,0.0014521702723868657,10730.612146377563,10000,ppo,ppo,crawler,flat,dth_dth_neighbours_direct,,,,,,,,,,,,,,,-2.0078355959221893e-05,0,781,0.0,0.0,,,,,,,,,,,,,,,,,,,,,,,,,,,,,,,,,,,,,,,,,,,,,,,,,,,,,,,,,,,,,,,,,,,,,,,,,,nan,,,,,,,,,,,,,,,
1036,0.9480714201927185,9.480749213253148e-06,0.0009480749213253148,10741.75075340271,10000,ppo,ppo,crawler,flat,dth_dth_neighbours_direct,,,,,,,,,,,,,,,-0.00010119885606893962,0,781,0.0,0.0,,,,,,,,,,,,,,,,,,,,,,,,,,,,,,,,,,,,,,,,,,,,,,,,,,,,,,,,,,,,,,,,,,,,,,,,,,nan,,,,,,,,,,,,,,,
1037,-0.5279649496078491,-5.279664037516341e-06,-0.0005279664037516341,10753.233521223068,10000,ppo,ppo,crawler,flat,dth_dth_neighbours_direct,,,,,,,,,,,,,,,0.0,0,781,0.0,0.0,,,,,,,,,,,,,,,,,,,,,,,,,,,,,,,,,,,,,,,,,,,,,,,,,,,,,,,,,,,,,,,,,,,,,,,,,,nan,,,,,,,,,,,,,,,
1038,-0.7992405295372009,-7.99241206550505e-06,-0.000799241206550505,10764.776769399643,10000,ppo,ppo,crawler,flat,dth_dth_neighbours_direct,,,,,,,,,,,,,,,-6.284608855061281e-06,0,781,0.0,0.0,,,,,,,,,,,,,,,,,,,,,,,,,,,,,,,,,,,,,,,,,,,,,,,,,,,,,,,,,,,,,,,,,,,,,,,,,,nan,,,,,,,,,,,,,,,
1039,-0.308295875787735,-3.0829519346298184e-06,-0.00030829519346298184,10776.03271484375,10000,ppo,ppo,crawler,flat,dth_dth_neighbours_direct,,,,,,,,,,,,,,,-2.5987637046815185e-05,0,781,0.0,0.0,,,,,,,,,,,,,,,,,,,,,,,,,,,,,,,,,,,,,,,,,,,,,,,,,,,,,,,,,,,,,,,,,,,,,,,,,,nan,,,,,,,,,,,,,,,
1040,-1.0508304834365845,-1.0508294508326799e-05,-0.0010508294508326799,10787.261560678482,10000,ppo,ppo,crawler,flat,dth_dth_neighbours_direct,,,,,,,,,,,,,,,0.0,0,781,0.0,0.0,,,,,,,,,,,,,,,,,,,,,,,,,,,,,,,,,,,,,,,,,,,,,,,,,,,,,,,,,,,,,,,,,,,,,,,,,,nan,,,,,,,,,,,,,,,
1041,0.28977128863334656,2.8976990051887697e-06,0.00028976990051887697,10798.441243648529,10000,ppo,ppo,crawler,flat,dth_dth_neighbours_direct,,,,,,,,,,,,,,,-2.5571709100476604e-06,0,781,0.0,0.0,,,,,,,,,,,,,,,,,,,,,,,,,,,,,,,,,,,,,,,,,,,,,,,,,,,,,,,,,,,,,,,,,,,,,,,,,,nan,,,,,,,,,,,,,,,
1042,-0.4446895718574524,-4.446896582521731e-06,-0.0004446896582521731,10809.776864051819,10000,ppo,ppo,crawler,flat,dth_dth_neighbours_direct,,,,,,,,,,,,,,,-0.0016785044289848716,0,781,0.0,0.0,,,,,,,,,,,,,,,,,,,,,,,,,,,,,,,,,,,,,,,,,,,,,,,,,,,,,,,,,,,,,,,,,,,,,,,,,,nan,,,,,,,,,,,,,,,
1043,0.8410515785217285,8.410534064751118e-06,0.0008410534064751118,10821.134246349335,10000,ppo,ppo,crawler,flat,dth_dth_neighbours_direct,,,,,,,,,,,,,,,-1.5934046820550204e-06,0,781,0.0,0.0,,,,,,,,,,,,,,,,,,,,,,,,,,,,,,,,,,,,,,,,,,,,,,,,,,,,,,,,,,,,,,,,,,,,,,,,,,nan,,,,,,,,,,,,,,,
1044,1.5994945764541626,1.5994968634913675e-05,0.0015994968634913675,10832.518481731415,10000,ppo,ppo,crawler,flat,dth_dth_neighbours_direct,,,,,,,,,,,,,,,-1.03555080718176e-06,0,781,0.0,0.0,,,,,,,,,,,,,,,,,,,,,,,,,,,,,,,,,,,,,,,,,,,,,,,,,,,,,,,,,,,,,,,,,,,,,,,,,,nan,,,,,,,,,,,,,,,
1045,-0.4629824161529541,-4.62982825411018e-06,-0.000462982825411018,10843.75577044487,10000,ppo,ppo,crawler,flat,dth_dth_neighbours_direct,,,,,,,,,,,,,,,-2.3608634942396046e-05,0,781,0.0,0.0,,,,,,,,,,,,,,,,,,,,,,,,,,,,,,,,,,,,,,,,,,,,,,,,,,,,,,,,,,,,,,,,,,,,,,,,,,nan,,,,,,,,,,,,,,,
1046,-1.4904264211654663,-1.4904238014423754e-05,-0.0014904238014423754,10855.017605304718,10000,ppo,ppo,crawler,flat,dth_dth_neighbours_direct,,,,,,,,,,,,,,,4.071325645632994e-05,0,781,0.0,0.0,,,,,,,,,,,,,,,,,,,,,,,,,,,,,,,,,,,,,,,,,,,,,,,,,,,,,,,,,,,,,,,,,,,,,,,,,,nan,,,,,,,,,,,,,,,
1047,-0.23251210153102875,-2.3250845515576657e-06,-0.00023250845515576657,10866.455321073532,10000,ppo,ppo,crawler,flat,dth_dth_neighbours_direct,,,,,,,,,,,,,,,0.0,0,781,0.0,0.0,,,,,,,,,,,,,,,,,,,,,,,,,,,,,,,,,,,,,,,,,,,,,,,,,,,,,,,,,,,,,,,,,,,,,,,,,,nan,,,,,,,,,,,,,,,
1048,-0.19031040370464325,-1.9030783278140007e-06,-0.00019030783278140007,10877.654158830643,10000,ppo,ppo,crawler,flat,dth_dth_neighbours_direct,,,,,,,,,,,,,,,-1.2397292700909774e-05,0,781,0.0,0.0,,,,,,,,,,,,,,,,,,,,,,,,,,,,,,,,,,,,,,,,,,,,,,,,,,,,,,,,,,,,,,,,,,,,,,,,,,nan,,,,,,,,,,,,,,,
1049,0.556531548500061,5.565309947996866e-06,0.0005565309947996866,10889.015325307846,10000,ppo,ppo,crawler,flat,dth_dth_neighbours_direct,,,,,,,,,,,,,,,-3.4705717855928496e-05,0,781,0.0,0.0,,,,,,,,,,,,,,,,,,,,,,,,,,,,,,,,,,,,,,,,,,,,,,,,,,,,,,,,,,,,,,,,,,,,,,,,,,nan,,,,,,,,,,,,,,,
1050,-0.6057988405227661,-6.0579536693694536e-06,-0.0006057953669369454,10900.348685741425,10000,ppo,ppo,crawler,flat,dth_dth_neighbours_direct,,,,,,,,,,,,,,,0.0,0,781,0.0,0.0,,,,,,,,,,,,,,,,,,,,,,,,,,,,,,,,,,,,,,,,,,,,,,,,,,,,,,,,,,,,,,,,,,,,,,,,,,nan,,,,,,,,,,,,,,,
1051,0.2912687659263611,2.912714990088716e-06,0.0002912714990088716,10911.888587236404,10000,ppo,ppo,crawler,flat,dth_dth_neighbours_direct,,,,,,,,,,,,,,,-2.4364171275408718e-05,0,781,0.0,0.0,,,,,,,,,,,,,,,,,,,,,,,,,,,,,,,,,,,,,,,,,,,,,,,,,,,,,,,,,,,,,,,,,,,,,,,,,,nan,,,,,,,,,,,,,,,
1052,0.7108039259910583,7.108051704562968e-06,0.0007108051704562968,10923.277161598206,10000,ppo,ppo,crawler,flat,dth_dth_neighbours_direct,,,,,,,,,,,,,,,0.0,0,781,0.0,0.0,,,,,,,,,,,,,,,,,,,,,,,,,,,,,,,,,,,,,,,,,,,,,,,,,,,,,,,,,,,,,,,,,,,,,,,,,,nan,,,,,,,,,,,,,,,
1053,1.380078911781311,1.3800832675769925e-05,0.0013800832675769925,10934.371195077896,10000,ppo,ppo,crawler,flat,dth_dth_neighbours_direct,,,,,,,,,,,,,,,-6.736485137295326e-06,0,781,0.0,0.0,,,,,,,,,,,,,,,,,,,,,,,,,,,,,,,,,,,,,,,,,,,,,,,,,,,,,,,,,,,,,,,,,,,,,,,,,,nan,,,,,,,,,,,,,,,
1054,-1.5539659261703491,-1.5539679225184955e-05,-0.0015539679225184955,10945.40724515915,10000,ppo,ppo,crawler,flat,dth_dth_neighbours_direct,,,,,,,,,,,,,,,-1.0140803040371357e-08,0,781,0.0,0.0,,,,,,,,,,,,,,,,,,,,,,,,,,,,,,,,,,,,,,,,,,,,,,,,,,,,,,,,,,,,,,,,,,,,,,,,,,nan,,,,,,,,,,,,,,,
1055,0.6914107799530029,6.91407103659003e-06,0.000691407103659003,10956.462746620178,10000,ppo,ppo,crawler,flat,dth_dth_neighbours_direct,,,,,,,,,,,,,,,-6.302417269055272e-06,0,781,0.0,0.0,,,,,,,,,,,,,,,,,,,,,,,,,,,,,,,,,,,,,,,,,,,,,,,,,,,,,,,,,,,,,,,,,,,,,,,,,,nan,,,,,,,,,,,,,,,
1056,-0.06856241077184677,-6.855902370261902e-07,-6.855902370261902e-05,10968.114318847656,10000,ppo,ppo,crawler,flat,dth_dth_neighbours_direct,,,,,,,,,,,,,,,-1.0715839280132752e-05,0,781,0.0,0.0,,,,,,,,,,,,,,,,,,,,,,,,,,,,,,,,,,,,,,,,,,,,,,,,,,,,,,,,,,,,,,,,,,,,,,,,,,nan,,,,,,,,,,,,,,,
1057,-0.20008210837841034,-2.000806716750958e-06,-0.0002000806716750958,10979.211783885956,10000,ppo,ppo,crawler,flat,dth_dth_neighbours_direct,,,,,,,,,,,,,,,-1.338433364594639e-08,0,781,0.0,0.0,,,,,,,,,,,,,,,,,,,,,,,,,,,,,,,,,,,,,,,,,,,,,,,,,,,,,,,,,,,,,,,,,,,,,,,,,,nan,,,,,,,,,,,,,,,
1058,0.8306507468223572,8.306535164592788e-06,0.0008306535164592788,10990.290023088455,10000,ppo,ppo,crawler,flat,dth_dth_neighbours_direct,,,,,,,,,,,,,,,-1.748340745741518e-05,0,781,0.0,0.0,,,,,,,,,,,,,,,,,,,,,,,,,,,,,,,,,,,,,,,,,,,,,,,,,,,,,,,,,,,,,,,,,,,,,,,,,,nan,,,,,,,,,,,,,,,
1059,1.2293369770050049,1.2293385225348175e-05,0.0012293385225348175,11001.43247961998,10000,ppo,ppo,crawler,flat,dth_dth_neighbours_direct,,,,,,,,,,,,,,,-1.2360085111955675e-05,0,781,0.0,0.0,,,,,,,,,,,,,,,,,,,,,,,,,,,,,,,,,,,,,,,,,,,,,,,,,,,,,,,,,,,,,,,,,,,,,,,,,,nan,,,,,,,,,,,,,,,
1060,-0.25912991166114807,-2.5913038825819967e-06,-0.0002591303882581997,11012.468799829483,10000,ppo,ppo,crawler,flat,dth_dth_neighbours_direct,,,,,,,,,,,,,,,-1.76724492454193e-05,0,781,0.0,0.0,,,,,,,,,,,,,,,,,,,,,,,,,,,,,,,,,,,,,,,,,,,,,,,,,,,,,,,,,,,,,,,,,,,,,,,,,,nan,,,,,,,,,,,,,,,
1061,0.8021051287651062,8.021089342946652e-06,0.0008021089342946652,11023.487339258194,10000,ppo,ppo,crawler,flat,dth_dth_neighbours_direct,,,,,,,,,,,,,,,-6.495965060404717e-05,0,781,0.0,0.0,,,,,,,,,,,,,,,,,,,,,,,,,,,,,,,,,,,,,,,,,,,,,,,,,,,,,,,,,,,,,,,,,,,,,,,,,,nan,,,,,,,,,,,,,,,
1062,-0.7045441269874573,-7.045431175356498e-06,-0.0007045431175356498,11034.653495550156,10000,ppo,ppo,crawler,flat,dth_dth_neighbours_direct,,,,,,,,,,,,,,,-8.480139219806686e-07,0,781,0.0,0.0,,,,,,,,,,,,,,,,,,,,,,,,,,,,,,,,,,,,,,,,,,,,,,,,,,,,,,,,,,,,,,,,,,,,,,,,,,nan,,,,,,,,,,,,,,,
1063,0.35036855936050415,3.5036746339756064e-06,0.00035036746339756064,11045.720970869064,10000,ppo,ppo,crawler,flat,dth_dth_neighbours_direct,,,,,,,,,,,,,,,-0.004589442808834524,0,781,0.0,0.0,,,,,,,,,,,,,,,,,,,,,,,,,,,,,,,,,,,,,,,,,,,,,,,,,,,,,,,,,,,,,,,,,,,,,,,,,,nan,,,,,,,,,,,,,,,
1064,-0.656732976436615,-6.567305263160961e-06,-0.0006567305263160961,11056.777577400208,10000,ppo,ppo,crawler,flat,dth_dth_neighbours_direct,,,,,,,,,,,,,,,-3.0655597507114143e-06,0,781,0.0,0.0,,,,,,,,,,,,,,,,,,,,,,,,,,,,,,,,,,,,,,,,,,,,,,,,,,,,,,,,,,,,,,,,,,,,,,,,,,nan,,,,,,,,,,,,,,,
1065,-1.7980480194091797,-1.79805101652164e-05,-0.0017980510165216401,11067.721221923828,10000,ppo,ppo,crawler,flat,dth_dth_neighbours_direct,,,,,,,,,,,,,,,-6.1038619195911245e-06,0,781,0.0,0.0,,,,,,,,,,,,,,,,,,,,,,,,,,,,,,,,,,,,,,,,,,,,,,,,,,,,,,,,,,,,,,,,,,,,,,,,,,nan,,,,,,,,,,,,,,,
1066,-0.7977272868156433,-7.977289897098672e-06,-0.0007977289897098672,11078.888253450394,10000,ppo,ppo,crawler,flat,dth_dth_neighbours_direct,,,,,,,,,,,,,,,5.000043140483422e-06,0,781,0.0,0.0,,,,,,,,,,,,,,,,,,,,,,,,,,,,,,,,,,,,,,,,,,,,,,,,,,,,,,,,,,,,,,,,,,,,,,,,,,nan,,,,,,,,,,,,,,,
1067,1.3401683568954468,1.3401697287918068e-05,0.0013401697287918068,11090.126334190369,10000,ppo,ppo,crawler,flat,dth_dth_neighbours_direct,,,,,,,,,,,,,,,-0.005635298849363714,0,781,0.0,0.0,,,,,,,,,,,,,,,,,,,,,,,,,,,,,,,,,,,,,,,,,,,,,,,,,,,,,,,,,,,,,,,,,,,,,,,,,,nan,,,,,,,,,,,,,,,
1068,1.550566554069519,1.5505689589190297e-05,0.0015505689589190297,11101.188507318497,10000,ppo,ppo,crawler,flat,dth_dth_neighbours_direct,,,,,,,,,,,,,,,0.0,0,781,0.0,0.0,,,,,,,,,,,,,,,,,,,,,,,,,,,,,,,,,,,,,,,,,,,,,,,,,,,,,,,,,,,,,,,,,,,,,,,,,,nan,,,,,,,,,,,,,,,
1069,0.7120817303657532,7.120863756426843e-06,0.0007120863756426843,11112.20284318924,10000,ppo,ppo,crawler,flat,dth_dth_neighbours_direct,,,,,,,,,,,,,,,-0.00014323000313187074,0,781,0.0,0.0,,,,,,,,,,,,,,,,,,,,,,,,,,,,,,,,,,,,,,,,,,,,,,,,,,,,,,,,,,,,,,,,,,,,,,,,,,nan,,,,,,,,,,,,,,,
1070,-0.3165085017681122,-3.165107045788318e-06,-0.0003165107045788318,11123.373531579971,10000,ppo,ppo,crawler,flat,dth_dth_neighbours_direct,,,,,,,,,,,,,,,0.0,0,781,0.0,0.0,,,,,,,,,,,,,,,,,,,,,,,,,,,,,,,,,,,,,,,,,,,,,,,,,,,,,,,,,,,,,,,,,,,,,,,,,,nan,,,,,,,,,,,,,,,
1071,-1.426627516746521,-1.4266287507780362e-05,-0.0014266287507780362,11134.632177114487,10000,ppo,ppo,crawler,flat,dth_dth_neighbours_direct,,,,,,,,,,,,,,,-0.00038526259200521073,0,781,0.0,0.0,,,,,,,,,,,,,,,,,,,,,,,,,,,,,,,,,,,,,,,,,,,,,,,,,,,,,,,,,,,,,,,,,,,,,,,,,,nan,,,,,,,,,,,,,,,
1072,-0.6182405352592468,-6.182417109812377e-06,-0.0006182417109812377,11145.48125076294,10000,ppo,ppo,crawler,flat,dth_dth_neighbours_direct,,,,,,,,,,,,,,,0.0,0,781,0.0,0.0,,,,,,,,,,,,,,,,,,,,,,,,,,,,,,,,,,,,,,,,,,,,,,,,,,,,,,,,,,,,,,,,,,,,,,,,,,nan,,,,,,,,,,,,,,,
1073,-0.5984178781509399,-5.984157724014949e-06,-0.0005984157724014949,11156.53387260437,10000,ppo,ppo,crawler,flat,dth_dth_neighbours_direct,,,,,,,,,,,,,,,-0.000364309758730185,0,781,0.0,0.0,,,,,,,,,,,,,,,,,,,,,,,,,,,,,,,,,,,,,,,,,,,,,,,,,,,,,,,,,,,,,,,,,,,,,,,,,,nan,,,,,,,,,,,,,,,
1074,-1.0572763681411743,-1.0572724931989796e-05,-0.0010572724931989796,11167.635876178741,10000,ppo,ppo,crawler,flat,dth_dth_neighbours_direct,,,,,,,,,,,,,,,0.0,0,781,0.0,0.0,,,,,,,,,,,,,,,,,,,,,,,,,,,,,,,,,,,,,,,,,,,,,,,,,,,,,,,,,,,,,,,,,,,,,,,,,,nan,,,,,,,,,,,,,,,
1075,-1.1967028379440308,-1.1967009413638152e-05,-0.0011967009413638152,11178.669665336609,10000,ppo,ppo,crawler,flat,dth_dth_neighbours_direct,,,,,,,,,,,,,,,-9.810165639265552e-07,0,781,0.0,0.0,,,,,,,,,,,,,,,,,,,,,,,,,,,,,,,,,,,,,,,,,,,,,,,,,,,,,,,,,,,,,,,,,,,,,,,,,,nan,,,,,,,,,,,,,,,
1076,1.4845645427703857,1.4845674741081893e-05,0.0014845674741081893,11189.625615596771,10000,ppo,ppo,crawler,flat,dth_dth_neighbours_direct,,,,,,,,,,,,,,,-7.929878664726485e-05,0,781,0.0,0.0,,,,,,,,,,,,,,,,,,,,,,,,,,,,,,,,,,,,,,,,,,,,,,,,,,,,,,,,,,,,,,,,,,,,,,,,,,nan,,,,,,,,,,,,,,,
1077,0.6513472199440002,6.513493190141162e-06,0.0006513493190141162,11200.76116323471,10000,ppo,ppo,crawler,flat,dth_dth_neighbours_direct,,,,,,,,,,,,,,,-1.1757798445209498e-09,0,781,0.0,0.0,,,,,,,,,,,,,,,,,,,,,,,,,,,,,,,,,,,,,,,,,,,,,,,,,,,,,,,,,,,,,,,,,,,,,,,,,,nan,,,,,,,,,,,,,,,
1078,-0.5515189170837402,-5.515187240234809e-06,-0.0005515187240234809,11212.239716529846,10000,ppo,ppo,crawler,flat,dth_dth_neighbours_direct,,,,,,,,,,,,,,,-2.14596718988559e-05,0,781,0.0,0.0,,,,,,,,,,,,,,,,,,,,,,,,,,,,,,,,,,,,,,,,,,,,,,,,,,,,,,,,,,,,,,,,,,,,,,,,,,nan,,,,,,,,,,,,,,,
1079,-0.44398948550224304,-4.439908025233308e-06,-0.0004439908025233308,11223.298335075378,10000,ppo,ppo,crawler,flat,dth_dth_neighbours_direct,,,,,,,,,,,,,,,-1.084033957898388e-05,0,781,0.0,0.0,,,,,,,,,,,,,,,,,,,,,,,,,,,,,,,,,,,,,,,,,,,,,,,,,,,,,,,,,,,,,,,,,,,,,,,,,,nan,,,,,,,,,,,,,,,
1080,0.9108163118362427,9.108164704230148e-06,0.0009108164704230148,11234.393287420273,10000,ppo,ppo,crawler,flat,dth_dth_neighbours_direct,,,,,,,,,,,,,,,0.0,0,781,0.0,0.0,,,,,,,,,,,,,,,,,,,,,,,,,,,,,,,,,,,,,,,,,,,,,,,,,,,,,,,,,,,,,,,,,,,,,,,,,,nan,,,,,,,,,,,,,,,
1081,0.5769938826560974,5.769954441348091e-06,0.0005769954441348091,11245.499536514282,10000,ppo,ppo,crawler,flat,dth_dth_neighbours_direct,,,,,,,,,,,,,,,-1.0257665540131045e-08,0,781,0.0,0.0,,,,,,,,,,,,,,,,,,,,,,,,,,,,,,,,,,,,,,,,,,,,,,,,,,,,,,,,,,,,,,,,,,,,,,,,,,nan,,,,,,,,,,,,,,,
1082,0.977070152759552,9.770736141945235e-06,0.0009770736141945235,11256.6749958992,10000,ppo,ppo,crawler,flat,dth_dth_neighbours_direct,,,,,,,,,,,,,,,-1.0358322311607731e-05,0,781,0.0,0.0,,,,,,,,,,,,,,,,,,,,,,,,,,,,,,,,,,,,,,,,,,,,,,,,,,,,,,,,,,,,,,,,,,,,,,,,,,nan,,,,,,,,,,,,,,,
1083,0.433488130569458,4.334880486567272e-06,0.0004334880486567272,11267.637525081635,10000,ppo,ppo,crawler,flat,dth_dth_neighbours_direct,,,,,,,,,,,,,,,-5.798588808573467e-05,0,781,0.0,0.0,,,,,,,,,,,,,,,,,,,,,,,,,,,,,,,,,,,,,,,,,,,,,,,,,,,,,,,,,,,,,,,,,,,,,,,,,,nan,,,,,,,,,,,,,,,
1084,0.14238758385181427,1.423872845407459e-06,0.0001423872845407459,11278.778140306473,10000,ppo,ppo,crawler,flat,dth_dth_neighbours_direct,,,,,,,,,,,,,,,0.0,0,781,0.0,0.0,,,,,,,,,,,,,,,,,,,,,,,,,,,,,,,,,,,,,,,,,,,,,,,,,,,,,,,,,,,,,,,,,,,,,,,,,,nan,,,,,,,,,,,,,,,
1085,-1.1873996257781982,-1.1874029951286502e-05,-0.0011874029951286502,11290.002079486847,10000,ppo,ppo,crawler,flat,dth_dth_neighbours_direct,,,,,,,,,,,,,,,-5.239055571879681e-06,0,781,0.0,0.0,,,,,,,,,,,,,,,,,,,,,,,,,,,,,,,,,,,,,,,,,,,,,,,,,,,,,,,,,,,,,,,,,,,,,,,,,,nan,,,,,,,,,,,,,,,
1086,1.3380111455917358,1.3380134078033734e-05,0.0013380134078033734,11301.447438001633,10000,ppo,ppo,crawler,flat,dth_dth_neighbours_direct,,,,,,,,,,,,,,,-6.571863199585379e-05,0,781,0.0,0.0,,,,,,,,,,,,,,,,,,,,,,,,,,,,,,,,,,,,,,,,,,,,,,,,,,,,,,,,,,,,,,,,,,,,,,,,,,nan,,,,,,,,,,,,,,,
1087,-0.2781890332698822,-2.7818750822916627e-06,-0.00027818750822916627,11312.895162343979,10000,ppo,ppo,crawler,flat,dth_dth_neighbours_direct,,,,,,,,,,,,,,,0.0,0,781,0.0,0.0,,,,,,,,,,,,,,,,,,,,,,,,,,,,,,,,,,,,,,,,,,,,,,,,,,,,,,,,,,,,,,,,,,,,,,,,,,nan,,,,,,,,,,,,,,,
1088,0.8831421732902527,8.831450031721033e-06,0.0008831450031721033,11324.09626364708,10000,ppo,ppo,crawler,flat,dth_dth_neighbours_direct,,,,,,,,,,,,,,,-2.3186426232932626e-06,0,781,0.0,0.0,,,,,,,,,,,,,,,,,,,,,,,,,,,,,,,,,,,,,,,,,,,,,,,,,,,,,,,,,,,,,,,,,,,,,,,,,,nan,,,,,,,,,,,,,,,
1089,-0.8445437550544739,-8.445394087175373e-06,-0.0008445394087175373,11335.468206167221,10000,ppo,ppo,crawler,flat,dth_dth_neighbours_direct,,,,,,,,,,,,,,,-1.0866141149466536e-05,0,781,0.0,0.0,,,,,,,,,,,,,,,,,,,,,,,,,,,,,,,,,,,,,,,,,,,,,,,,,,,,,,,,,,,,,,,,,,,,,,,,,,nan,,,,,,,,,,,,,,,
1090,0.6955494284629822,6.955552635190543e-06,0.0006955552635190543,11346.698639154434,10000,ppo,ppo,crawler,flat,dth_dth_neighbours_direct,,,,,,,,,,,,,,,-2.4174650112660685e-05,0,781,0.0,0.0,,,,,,,,,,,,,,,,,,,,,,,,,,,,,,,,,,,,,,,,,,,,,,,,,,,,,,,,,,,,,,,,,,,,,,,,,,nan,,,,,,,,,,,,,,,
1091,-0.2753460109233856,-2.753436092461925e-06,-0.0002753436092461925,11357.775197029114,10000,ppo,ppo,crawler,flat,dth_dth_neighbours_direct,,,,,,,,,,,,,,,0.0,0,781,0.0,0.0,,,,,,,,,,,,,,,,,,,,,,,,,,,,,,,,,,,,,,,,,,,,,,,,,,,,,,,,,,,,,,,,,,,,,,,,,,nan,,,,,,,,,,,,,,,
1092,0.9894383549690247,9.89441559795523e-06,0.000989441559795523,11368.989570140839,10000,ppo,ppo,crawler,flat,dth_dth_neighbours_direct,,,,,,,,,,,,,,,-1.7122441852672763e-05,0,781,0.0,0.0,,,,,,,,,,,,,,,,,,,,,,,,,,,,,,,,,,,,,,,,,,,,,,,,,,,,,,,,,,,,,,,,,,,,,,,,,,nan,,,,,,,,,,,,,,,
1093,-0.3933820426464081,-3.933796506316867e-06,-0.00039337965063168667,11380.295617818832,10000,ppo,ppo,crawler,flat,dth_dth_neighbours_direct,,,,,,,,,,,,,,,-8.373786951683547e-05,0,781,0.0,0.0,,,,,,,,,,,,,,,,,,,,,,,,,,,,,,,,,,,,,,,,,,,,,,,,,,,,,,,,,,,,,,,,,,,,,,,,,,nan,,,,,,,,,,,,,,,
1094,-1.109370470046997,-1.1093690773122944e-05,-0.0011093690773122944,11391.510073423386,10000,ppo,ppo,crawler,flat,dth_dth_neighbours_direct,,,,,,,,,,,,,,,0.0,0,781,0.0,0.0,,,,,,,,,,,,,,,,,,,,,,,,,,,,,,,,,,,,,,,,,,,,,,,,,,,,,,,,,,,,,,,,,,,,,,,,,,nan,,,,,,,,,,,,,,,
1095,0.7644484043121338,7.644477591384202e-06,0.0007644477591384202,11402.519495725632,10000,ppo,ppo,crawler,flat,dth_dth_neighbours_direct,,,,,,,,,,,,,,,-7.053568992625431e-05,0,781,0.0,0.0,,,,,,,,,,,,,,,,,,,,,,,,,,,,,,,,,,,,,,,,,,,,,,,,,,,,,,,,,,,,,,,,,,,,,,,,,,nan,,,,,,,,,,,,,,,
1096,-0.1301882565021515,-1.3018518529861467e-06,-0.00013018518529861467,11413.46944141388,10000,ppo,ppo,crawler,flat,dth_dth_neighbours_direct,,,,,,,,,,,,,,,-4.0011323043997856e-05,0,781,0.0,0.0,,,,,,,,,,,,,,,,,,,,,,,,,,,,,,,,,,,,,,,,,,,,,,,,,,,,,,,,,,,,,,,,,,,,,,,,,,nan,,,,,,,,,,,,,,,
1097,-0.5755219459533691,-5.755192432843614e-06,-0.0005755192432843614,11424.804379701614,10000,ppo,ppo,crawler,flat,dth_dth_neighbours_direct,,,,,,,,,,,,,,,0.0,0,781,0.0,0.0,,,,,,,,,,,,,,,,,,,,,,,,,,,,,,,,,,,,,,,,,,,,,,,,,,,,,,,,,,,,,,,,,,,,,,,,,,nan,,,,,,,,,,,,,,,
1098,-0.4736654460430145,-4.736658866022481e-06,-0.00047366588660224807,11435.809167385101,10000,ppo,ppo,crawler,flat,dth_dth_neighbours_direct,,,,,,,,,,,,,,,-1.1687812117547293e-06,0,781,0.0,0.0,,,,,,,,,,,,,,,,,,,,,,,,,,,,,,,,,,,,,,,,,,,,,,,,,,,,,,,,,,,,,,,,,,,,,,,,,,nan,,,,,,,,,,,,,,,
1099,0.37506136298179626,3.7506481476157205e-06,0.00037506481476157205,11446.582406520844,10000,ppo,ppo,crawler,flat,dth_dth_neighbours_direct,,,,,,,,,,,,,,,-9.96145726242383e-06,0,781,0.0,0.0,,,,,,,,,,,,,,,,,,,,,,,,,,,,,,,,,,,,,,,,,,,,,,,,,,,,,,,,,,,,,,,,,,,,,,,,,,nan,,,,,,,,,,,,,,,
1100,0.7842705845832825,7.842713785066735e-06,0.0007842713785066735,11457.674857854843,10000,ppo,ppo,crawler,flat,dth_dth_neighbours_direct,,,,,,,,,,,,,,,0.0,0,781,0.0,0.0,,,,,,,,,,,,,,,,,,,,,,,,,,,,,,,,,,,,,,,,,,,,,,,,,,,,,,,,,,,,,,,,,,,,,,,,,,nan,,,,,,,,,,,,,,,
1101,-0.8070184588432312,-8.07013475423446e-06,-0.0008070134754234459,11468.639523267746,10000,ppo,ppo,crawler,flat,dth_dth_neighbours_direct,,,,,,,,,,,,,,,-2.836358522407224e-05,0,781,0.0,0.0,,,,,,,,,,,,,,,,,,,,,,,,,,,,,,,,,,,,,,,,,,,,,,,,,,,,,,,,,,,,,,,,,,,,,,,,,,nan,,,,,,,,,,,,,,,
1102,-1.0664180517196655,-1.0664203728083521e-05,-0.0010664203728083521,11479.738155841827,10000,ppo,ppo,crawler,flat,dth_dth_neighbours_direct,,,,,,,,,,,,,,,0.0,0,781,0.0,0.0,,,,,,,,,,,,,,,,,,,,,,,,,,,,,,,,,,,,,,,,,,,,,,,,,,,,,,,,,,,,,,,,,,,,,,,,,,nan,,,,,,,,,,,,,,,
1103,1.5278257131576538,1.527825770608615e-05,0.0015278257706086151,11490.724578142166,10000,ppo,ppo,crawler,flat,dth_dth_neighbours_direct,,,,,,,,,,,,,,,-5.52467229119031e-06,0,781,0.0,0.0,,,,,,,,,,,,,,,,,,,,,,,,,,,,,,,,,,,,,,,,,,,,,,,,,,,,,,,,,,,,,,,,,,,,,,,,,,nan,,,,,,,,,,,,,,,
1104,0.6621047258377075,6.621075044677127e-06,0.0006621075044677127,11502.01901626587,10000,ppo,ppo,crawler,flat,dth_dth_neighbours_direct,,,,,,,,,,,,,,,-5.333643363700481e-05,0,781,0.0,0.0,,,,,,,,,,,,,,,,,,,,,,,,,,,,,,,,,,,,,,,,,,,,,,,,,,,,,,,,,,,,,,,,,,,,,,,,,,nan,,,,,,,,,,,,,,,
1105,0.4774281680583954,4.7742896640556864e-06,0.00047742896640556864,11513.201141357422,10000,ppo,ppo,crawler,flat,dth_dth_neighbours_direct,,,,,,,,,,,,,,,0.0,0,781,0.0,0.0,,,,,,,,,,,,,,,,,,,,,,,,,,,,,,,,,,,,,,,,,,,,,,,,,,,,,,,,,,,,,,,,,,,,,,,,,,nan,,,,,,,,,,,,,,,
1106,0.8820149302482605,8.820203220238909e-06,0.0008820203220238909,11524.276902198792,10000,ppo,ppo,crawler,flat,dth_dth_neighbours_direct,,,,,,,,,,,,,,,-4.989820295198321e-05,0,781,0.0,0.0,,,,,,,,,,,,,,,,,,,,,,,,,,,,,,,,,,,,,,,,,,,,,,,,,,,,,,,,,,,,,,,,,,,,,,,,,,nan,,,,,,,,,,,,,,,
1107,0.028417302295565605,2.8419313480299024e-07,2.8419313480299024e-05,11535.143041610718,10000,ppo,ppo,crawler,flat,dth_dth_neighbours_direct,,,,,,,,,,,,,,,0.0,0,781,0.0,0.0,,,,,,,,,,,,,,,,,,,,,,,,,,,,,,,,,,,,,,,,,,,,,,,,,,,,,,,,,,,,,,,,,,,,,,,,,,nan,,,,,,,,,,,,,,,
1108,-1.8448368310928345,-1.8448365153744817e-05,-0.0018448365153744817,11546.124732017517,10000,ppo,ppo,crawler,flat,dth_dth_neighbours_direct,,,,,,,,,,,,,,,-9.60452341392312e-07,0,781,0.0,0.0,,,,,,,,,,,,,,,,,,,,,,,,,,,,,,,,,,,,,,,,,,,,,,,,,,,,,,,,,,,,,,,,,,,,,,,,,,nan,,,,,,,,,,,,,,,
1109,0.30660197138786316,3.0660571610496845e-06,0.00030660571610496845,11556.872022867203,10000,ppo,ppo,crawler,flat,dth_dth_neighbours_direct,,,,,,,,,,,,,,,-4.732609272155811e-06,0,781,0.0,0.0,,,,,,,,,,,,,,,,,,,,,,,,,,,,,,,,,,,,,,,,,,,,,,,,,,,,,,,,,,,,,,,,,,,,,,,,,,nan,,,,,,,,,,,,,,,
1110,0.3130980432033539,3.130999402856105e-06,0.0003130999402856105,11567.911459445953,10000,ppo,ppo,crawler,flat,dth_dth_neighbours_direct,,,,,,,,,,,,,,,-5.028574285067609e-06,0,781,0.0,0.0,,,,,,,,,,,,,,,,,,,,,,,,,,,,,,,,,,,,,,,,,,,,,,,,,,,,,,,,,,,,,,,,,,,,,,,,,,nan,,,,,,,,,,,,,,,
1111,-0.4058961868286133,-4.058941158291418e-06,-0.0004058941158291418,11579.418018341064,10000,ppo,ppo,crawler,flat,dth_dth_neighbours_direct,,,,,,,,,,,,,,,-9.517089992036588e-06,0,781,0.0,0.0,,,,,,,,,,,,,,,,,,,,,,,,,,,,,,,,,,,,,,,,,,,,,,,,,,,,,,,,,,,,,,,,,,,,,,,,,,nan,,,,,,,,,,,,,,,
1112,0.7384459376335144,7.384478976746323e-06,0.0007384478976746323,11590.35849905014,10000,ppo,ppo,crawler,flat,dth_dth_neighbours_direct,,,,,,,,,,,,,,,-0.0001168628885063716,0,781,0.0,0.0,,,,,,,,,,,,,,,,,,,,,,,,,,,,,,,,,,,,,,,,,,,,,,,,,,,,,,,,,,,,,,,,,,,,,,,,,,nan,,,,,,,,,,,,,,,
1113,0.03228301927447319,3.22875735037087e-07,3.22875735037087e-05,11601.364268064499,10000,ppo,ppo,crawler,flat,dth_dth_neighbours_direct,,,,,,,,,,,,,,,0.0,0,781,0.0,0.0,,,,,,,,,,,,,,,,,,,,,,,,,,,,,,,,,,,,,,,,,,,,,,,,,,,,,,,,,,,,,,,,,,,,,,,,,,nan,,,,,,,,,,,,,,,
1114,0.667797327041626,6.6780012275557965e-06,0.0006678001227555797,11612.166748523712,10000,ppo,ppo,crawler,flat,dth_dth_neighbours_direct,,,,,,,,,,,,,,,-6.312542092937514e-05,0,781,0.0,0.0,,,,,,,,,,,,,,,,,,,,,,,,,,,,,,,,,,,,,,,,,,,,,,,,,,,,,,,,,,,,,,,,,,,,,,,,,,nan,,,,,,,,,,,,,,,
1115,0.4314821660518646,4.314849320508074e-06,0.0004314849320508074,11623.352625846863,10000,ppo,ppo,crawler,flat,dth_dth_neighbours_direct,,,,,,,,,,,,,,,0.0,0,781,0.0,0.0,,,,,,,,,,,,,,,,,,,,,,,,,,,,,,,,,,,,,,,,,,,,,,,,,,,,,,,,,,,,,,,,,,,,,,,,,,nan,,,,,,,,,,,,,,,
1116,-0.4805465638637543,-4.8054425860755146e-06,-0.00048054425860755146,11634.372135162354,10000,ppo,ppo,crawler,flat,dth_dth_neighbours_direct,,,,,,,,,,,,,,,-2.4853090585117607e-05,0,781,0.0,0.0,,,,,,,,,,,,,,,,,,,,,,,,,,,,,,,,,,,,,,,,,,,,,,,,,,,,,,,,,,,,,,,,,,,,,,,,,,nan,,,,,,,,,,,,,,,
1117,0.16282367706298828,1.628229711059248e-06,0.0001628229711059248,11645.259673118591,10000,ppo,ppo,crawler,flat,dth_dth_neighbours_direct,,,,,,,,,,,,,,,0.0,0,781,0.0,0.0,,,,,,,,,,,,,,,,,,,,,,,,,,,,,,,,,,,,,,,,,,,,,,,,,,,,,,,,,,,,,,,,,,,,,,,,,,nan,,,,,,,,,,,,,,,
1118,-1.0879801511764526,-1.0879815818043426e-05,-0.0010879815818043426,11656.7310526371,10000,ppo,ppo,crawler,flat,dth_dth_neighbours_direct,,,,,,,,,,,,,,,-6.042685593441415e-07,0,781,0.0,0.0,,,,,,,,,,,,,,,,,,,,,,,,,,,,,,,,,,,,,,,,,,,,,,,,,,,,,,,,,,,,,,,,,,,,,,,,,,nan,,,,,,,,,,,,,,,
1119,0.5082364678382874,5.082395546196494e-06,0.0005082395546196494,11667.832491636276,10000,ppo,ppo,crawler,flat,dth_dth_neighbours_direct,,,,,,,,,,,,,,,-3.892879947428514e-05,0,781,0.0,0.0,,,,,,,,,,,,,,,,,,,,,,,,,,,,,,,,,,,,,,,,,,,,,,,,,,,,,,,,,,,,,,,,,,,,,,,,,,nan,,,,,,,,,,,,,,,
1120,-1.1415928602218628,-1.1415910194045864e-05,-0.0011415910194045864,11678.834211587906,10000,ppo,ppo,crawler,flat,dth_dth_neighbours_direct,,,,,,,,,,,,,,,0.0,0,781,0.0,0.0,,,,,,,,,,,,,,,,,,,,,,,,,,,,,,,,,,,,,,,,,,,,,,,,,,,,,,,,,,,,,,,,,,,,,,,,,,nan,,,,,,,,,,,,,,,
1121,-0.7831182479858398,-7.831155016901903e-06,-0.0007831155016901903,11689.988981485367,10000,ppo,ppo,crawler,flat,dth_dth_neighbours_direct,,,,,,,,,,,,,,,-2.6197865529035942e-06,0,781,0.0,0.0,,,,,,,,,,,,,,,,,,,,,,,,,,,,,,,,,,,,,,,,,,,,,,,,,,,,,,,,,,,,,,,,,,,,,,,,,,nan,,,,,,,,,,,,,,,
1122,0.8276594281196594,8.276606422441546e-06,0.0008276606422441546,11701.451668024063,10000,ppo,ppo,crawler,flat,dth_dth_neighbours_direct,,,,,,,,,,,,,,,-1.8053399530095115e-05,0,781,0.0,0.0,,,,,,,,,,,,,,,,,,,,,,,,,,,,,,,,,,,,,,,,,,,,,,,,,,,,,,,,,,,,,,,,,,,,,,,,,,nan,,,,,,,,,,,,,,,
1123,1.5852611064910889,1.5852638171054423e-05,0.0015852638171054423,11712.709381341934,10000,ppo,ppo,crawler,flat,dth_dth_neighbours_direct,,,,,,,,,,,,,,,-4.8255049426790695e-05,0,781,0.0,0.0,,,,,,,,,,,,,,,,,,,,,,,,,,,,,,,,,,,,,,,,,,,,,,,,,,,,,,,,,,,,,,,,,,,,,,,,,,nan,,,,,,,,,,,,,,,
1124,0.22044716775417328,2.2044880552130053e-06,0.00022044880552130053,11723.841254472733,10000,ppo,ppo,crawler,flat,dth_dth_neighbours_direct,,,,,,,,,,,,,,,0.0,0,781,0.0,0.0,,,,,,,,,,,,,,,,,,,,,,,,,,,,,,,,,,,,,,,,,,,,,,,,,,,,,,,,,,,,,,,,,,,,,,,,,,nan,,,,,,,,,,,,,,,
1125,0.2822819650173187,2.8228512292116648e-06,0.0002822851229211665,11734.73526597023,10000,ppo,ppo,crawler,flat,dth_dth_neighbours_direct,,,,,,,,,,,,,,,-1.1684443377120546e-05,0,781,0.0,0.0,,,,,,,,,,,,,,,,,,,,,,,,,,,,,,,,,,,,,,,,,,,,,,,,,,,,,,,,,,,,,,,,,,,,,,,,,,nan,,,,,,,,,,,,,,,
1126,1.165425419807434,1.1654270565486513e-05,0.0011654270565486513,11746.587272882462,10000,ppo,ppo,crawler,flat,dth_dth_neighbours_direct,,,,,,,,,,,,,,,0.0,0,781,0.0,0.0,,,,,,,,,,,,,,,,,,,,,,,,,,,,,,,,,,,,,,,,,,,,,,,,,,,,,,,,,,,,,,,,,,,,,,,,,,nan,,,,,,,,,,,,,,,
1127,-0.25596290826797485,-2.5596441446396057e-06,-0.00025596441446396057,11757.808428764343,10000,ppo,ppo,crawler,flat,dth_dth_neighbours_direct,,,,,,,,,,,,,,,-8.972597793794014e-06,0,781,0.0,0.0,,,,,,,,,,,,,,,,,,,,,,,,,,,,,,,,,,,,,,,,,,,,,,,,,,,,,,,,,,,,,,,,,,,,,,,,,,nan,,,,,,,,,,,,,,,
1128,-0.43326398730278015,-4.332615844759857e-06,-0.00043326158447598573,11769.751168727875,10000,ppo,ppo,crawler,flat,dth_dth_neighbours_direct,,,,,,,,,,,,,,,-1.3470976457247814e-05,0,781,0.0,0.0,,,,,,,,,,,,,,,,,,,,,,,,,,,,,,,,,,,,,,,,,,,,,,,,,,,,,,,,,,,,,,,,,,,,,,,,,,nan,,,,,,,,,,,,,,,
1129,-0.08415098488330841,-8.415038337261649e-07,-8.415038337261649e-05,11781.578330516815,10000,ppo,ppo,crawler,flat,dth_dth_neighbours_direct,,,,,,,,,,,,,,,-2.415590560619413e-05,0,781,0.0,0.0,,,,,,,,,,,,,,,,,,,,,,,,,,,,,,,,,,,,,,,,,,,,,,,,,,,,,,,,,,,,,,,,,,,,,,,,,,nan,,,,,,,,,,,,,,,
1130,-1.1306513547897339,-1.1306480701023247e-05,-0.0011306480701023247,11792.720782279968,10000,ppo,ppo,crawler,flat,dth_dth_neighbours_direct,,,,,,,,,,,,,,,0.0,0,781,0.0,0.0,,,,,,,,,,,,,,,,,,,,,,,,,,,,,,,,,,,,,,,,,,,,,,,,,,,,,,,,,,,,,,,,,,,,,,,,,,nan,,,,,,,,,,,,,,,
1131,0.33344775438308716,3.3345131669193506e-06,0.00033345131669193506,11803.71039056778,10000,ppo,ppo,crawler,flat,dth_dth_neighbours_direct,,,,,,,,,,,,,,,-0.006449649954708377,0,781,0.0,0.0,,,,,,,,,,,,,,,,,,,,,,,,,,,,,,,,,,,,,,,,,,,,,,,,,,,,,,,,,,,,,,,,,,,,,,,,,,nan,,,,,,,,,,,,,,,
1132,0.20939388871192932,2.09397967410041e-06,0.00020939796741004102,11815.197117567062,10000,ppo,ppo,crawler,flat,dth_dth_neighbours_direct,,,,,,,,,,,,,,,0.0,0,781,0.0,0.0,,,,,,,,,,,,,,,,,,,,,,,,,,,,,,,,,,,,,,,,,,,,,,,,,,,,,,,,,,,,,,,,,,,,,,,,,,nan,,,,,,,,,,,,,,,
1133,1.0348644256591797,1.0348686373617966e-05,0.0010348686373617966,11826.284348726273,10000,ppo,ppo,crawler,flat,dth_dth_neighbours_direct,,,,,,,,,,,,,,,-1.7722108652970245e-05,0,781,0.0,0.0,,,,,,,,,,,,,,,,,,,,,,,,,,,,,,,,,,,,,,,,,,,,,,,,,,,,,,,,,,,,,,,,,,,,,,,,,,nan,,,,,,,,,,,,,,,
1134,0.7185220122337341,7.185251888586208e-06,0.0007185251888586208,11837.310980319977,10000,ppo,ppo,crawler,flat,dth_dth_neighbours_direct,,,,,,,,,,,,,,,-0.0001848110149253193,0,781,0.0,0.0,,,,,,,,,,,,,,,,,,,,,,,,,,,,,,,,,,,,,,,,,,,,,,,,,,,,,,,,,,,,,,,,,,,,,,,,,,nan,,,,,,,,,,,,,,,
1135,-0.6976991891860962,-6.976988061069278e-06,-0.0006976988061069278,11848.634022474289,10000,ppo,ppo,crawler,flat,dth_dth_neighbours_direct,,,,,,,,,,,,,,,0.0,0,781,0.0,0.0,,,,,,,,,,,,,,,,,,,,,,,,,,,,,,,,,,,,,,,,,,,,,,,,,,,,,,,,,,,,,,,,,,,,,,,,,,nan,,,,,,,,,,,,,,,
1136,1.3558436632156372,1.3558437785832211e-05,0.0013558437785832211,11860.291655302048,10000,ppo,ppo,crawler,flat,dth_dth_neighbours_direct,,,,,,,,,,,,,,,-9.698597726229668e-06,0,781,0.0,0.0,,,,,,,,,,,,,,,,,,,,,,,,,,,,,,,,,,,,,,,,,,,,,,,,,,,,,,,,,,,,,,,,,,,,,,,,,,nan,,,,,,,,,,,,,,,
1137,-1.0273876190185547,-1.0273862244503107e-05,-0.0010273862244503107,11873.221202135086,10000,ppo,ppo,crawler,flat,dth_dth_neighbours_direct,,,,,,,,,,,,,,,-8.659368135254453e-06,0,781,0.0,0.0,,,,,,,,,,,,,,,,,,,,,,,,,,,,,,,,,,,,,,,,,,,,,,,,,,,,,,,,,,,,,,,,,,,,,,,,,,nan,,,,,,,,,,,,,,,
1138,-0.9655440449714661,-9.655417670728639e-06,-0.0009655417670728639,11885.068853378296,10000,ppo,ppo,crawler,flat,dth_dth_neighbours_direct,,,,,,,,,,,,,,,-6.9807456489103854e-06,0,781,0.0,0.0,,,,,,,,,,,,,,,,,,,,,,,,,,,,,,,,,,,,,,,,,,,,,,,,,,,,,,,,,,,,,,,,,,,,,,,,,,nan,,,,,,,,,,,,,,,
1139,-0.12521032989025116,-1.2520820291683776e-06,-0.00012520820291683776,11896.56268286705,10000,ppo,ppo,crawler,flat,dth_dth_neighbours_direct,,,,,,,,,,,,,,,-3.6190849431956167e-06,0,781,0.0,0.0,,,,,,,,,,,,,,,,,,,,,,,,,,,,,,,,,,,,,,,,,,,,,,,,,,,,,,,,,,,,,,,,,,,,,,,,,,nan,,,,,,,,,,,,,,,
1140,0.38380953669548035,3.838104476017179e-06,0.0003838104476017179,11908.410329341888,10000,ppo,ppo,crawler,flat,dth_dth_neighbours_direct,,,,,,,,,,,,,,,-4.394021882137782e-05,0,781,0.0,0.0,,,,,,,,,,,,,,,,,,,,,,,,,,,,,,,,,,,,,,,,,,,,,,,,,,,,,,,,,,,,,,,,,,,,,,,,,,nan,,,,,,,,,,,,,,,
1141,-0.8774241805076599,-8.774242814979516e-06,-0.0008774242814979516,11919.947942018509,10000,ppo,ppo,crawler,flat,dth_dth_neighbours_direct,,,,,,,,,,,,,,,-0.00017460537108469865,0,781,0.0,0.0,,,,,,,,,,,,,,,,,,,,,,,,,,,,,,,,,,,,,,,,,,,,,,,,,,,,,,,,,,,,,,,,,,,,,,,,,,nan,,,,,,,,,,,,,,,
1142,1.446621060371399,1.4466252650890965e-05,0.0014466252650890965,11931.44962477684,10000,ppo,ppo,crawler,flat,dth_dth_neighbours_direct,,,,,,,,,,,,,,,-4.9962532180677456e-05,0,781,0.0,0.0,,,,,,,,,,,,,,,,,,,,,,,,,,,,,,,,,,,,,,,,,,,,,,,,,,,,,,,,,,,,,,,,,,,,,,,,,,nan,,,,,,,,,,,,,,,
1143,0.09726765006780624,9.7268446097587e-07,9.7268446097587e-05,11943.56855916977,10000,ppo,ppo,crawler,flat,dth_dth_neighbours_direct,,,,,,,,,,,,,,,0.0,0,781,0.0,0.0,,,,,,,,,,,,,,,,,,,,,,,,,,,,,,,,,,,,,,,,,,,,,,,,,,,,,,,,,,,,,,,,,,,,,,,,,,nan,,,,,,,,,,,,,,,
1144,-0.03161981329321861,-3.161899542192259e-07,-3.161899542192259e-05,11955.080818414688,10000,ppo,ppo,crawler,flat,dth_dth_neighbours_direct,,,,,,,,,,,,,,,-9.272974962308984e-06,0,781,0.0,0.0,,,,,,,,,,,,,,,,,,,,,,,,,,,,,,,,,,,,,,,,,,,,,,,,,,,,,,,,,,,,,,,,,,,,,,,,,,nan,,,,,,,,,,,,,,,
1145,1.0050885677337646,1.0050913260784e-05,0.0010050913260784,11966.498191595078,10000,ppo,ppo,crawler,flat,dth_dth_neighbours_direct,,,,,,,,,,,,,,,-3.161292914277308e-05,0,781,0.0,0.0,,,,,,,,,,,,,,,,,,,,,,,,,,,,,,,,,,,,,,,,,,,,,,,,,,,,,,,,,,,,,,,,,,,,,,,,,,nan,,,,,,,,,,,,,,,
1146,-0.8150591254234314,-8.150577741616871e-06,-0.0008150577741616871,11977.81878900528,10000,ppo,ppo,crawler,flat,dth_dth_neighbours_direct,,,,,,,,,,,,,,,-1.8588769298509508e-07,0,781,0.0,0.0,,,,,,,,,,,,,,,,,,,,,,,,,,,,,,,,,,,,,,,,,,,,,,,,,,,,,,,,,,,,,,,,,,,,,,,,,,nan,,,,,,,,,,,,,,,
1147,-0.999087929725647,-9.990885700972285e-06,-0.0009990885700972285,11989.024312496185,10000,ppo,ppo,crawler,flat,dth_dth_neighbours_direct,,,,,,,,,,,,,,,-9.785216688041346e-06,0,781,0.0,0.0,,,,,,,,,,,,,,,,,,,,,,,,,,,,,,,,,,,,,,,,,,,,,,,,,,,,,,,,,,,,,,,,,,,,,,,,,,nan,,,,,,,,,,,,,,,
1148,-0.6303367018699646,-6.3033476180862635e-06,-0.0006303347618086264,12000.54491519928,10000,ppo,ppo,crawler,flat,dth_dth_neighbours_direct,,,,,,,,,,,,,,,-8.405603601975265e-06,0,781,0.0,0.0,,,,,,,,,,,,,,,,,,,,,,,,,,,,,,,,,,,,,,,,,,,,,,,,,,,,,,,,,,,,,,,,,,,,,,,,,,nan,,,,,,,,,,,,,,,
1149,-0.030165910720825195,-3.016820926404762e-07,-3.016820926404762e-05,12012.478131532669,10000,ppo,ppo,crawler,flat,dth_dth_neighbours_direct,,,,,,,,,,,,,,,-8.168664883712494e-06,0,781,0.0,0.0,,,,,,,,,,,,,,,,,,,,,,,,,,,,,,,,,,,,,,,,,,,,,,,,,,,,,,,,,,,,,,,,,,,,,,,,,,nan,,,,,,,,,,,,,,,
1150,-0.3803078234195709,-3.803068238994456e-06,-0.0003803068238994456,12024.084233045578,10000,ppo,ppo,crawler,flat,dth_dth_neighbours_direct,,,,,,,,,,,,,,,-0.0016200358689632671,0,781,0.0,0.0,,,,,,,,,,,,,,,,,,,,,,,,,,,,,,,,,,,,,,,,,,,,,,,,,,,,,,,,,,,,,,,,,,,,,,,,,,nan,,,,,,,,,,,,,,,
1151,0.5752863883972168,5.752878678322304e-06,0.0005752878678322304,12035.968429088593,10000,ppo,ppo,crawler,flat,dth_dth_neighbours_direct,,,,,,,,,,,,,,,0.0,0,781,0.0,0.0,,,,,,,,,,,,,,,,,,,,,,,,,,,,,,,,,,,,,,,,,,,,,,,,,,,,,,,,,,,,,,,,,,,,,,,,,,nan,,,,,,,,,,,,,,,
1152,-0.800462543964386,-8.004612936929334e-06,-0.0008004612936929334,12048.619367599487,10000,ppo,ppo,crawler,flat,dth_dth_neighbours_direct,,,,,,,,,,,,,,,-6.710917291812188e-06,0,781,0.0,0.0,,,,,,,,,,,,,,,,,,,,,,,,,,,,,,,,,,,,,,,,,,,,,,,,,,,,,,,,,,,,,,,,,,,,,,,,,,nan,,,,,,,,,,,,,,,
1153,1.7798000574111938,1.7798040062189102e-05,0.0017798040062189102,12060.778688430786,10000,ppo,ppo,crawler,flat,dth_dth_neighbours_direct,,,,,,,,,,,,,,,-6.0588066560358153e-05,0,781,0.0,0.0,,,,,,,,,,,,,,,,,,,,,,,,,,,,,,,,,,,,,,,,,,,,,,,,,,,,,,,,,,,,,,,,,,,,,,,,,,nan,,,,,,,,,,,,,,,
1154,-1.1103289127349854,-1.1103291399194859e-05,-0.001110329139919486,12072.40272116661,10000,ppo,ppo,crawler,flat,dth_dth_neighbours_direct,,,,,,,,,,,,,,,-6.637265297575888e-07,0,781,0.0,0.0,,,,,,,,,,,,,,,,,,,,,,,,,,,,,,,,,,,,,,,,,,,,,,,,,,,,,,,,,,,,,,,,,,,,,,,,,,nan,,,,,,,,,,,,,,,
1155,-0.23332925140857697,-2.333327529413509e-06,-0.00023333275294135092,12084.377266168594,10000,ppo,ppo,crawler,flat,dth_dth_neighbours_direct,,,,,,,,,,,,,,,-0.0008311540451229916,0,781,0.0,0.0,,,,,,,,,,,,,,,,,,,,,,,,,,,,,,,,,,,,,,,,,,,,,,,,,,,,,,,,,,,,,,,,,,,,,,,,,,nan,,,,,,,,,,,,,,,
1156,0.4141860902309418,4.141854788031196e-06,0.0004141854788031196,12095.710071086884,10000,ppo,ppo,crawler,flat,dth_dth_neighbours_direct,,,,,,,,,,,,,,,-0.0006829561873144743,0,781,0.0,0.0,,,,,,,,,,,,,,,,,,,,,,,,,,,,,,,,,,,,,,,,,,,,,,,,,,,,,,,,,,,,,,,,,,,,,,,,,,nan,,,,,,,,,,,,,,,
1157,0.5566930770874023,5.566920208366355e-06,0.0005566920208366355,12108.56584572792,10000,ppo,ppo,crawler,flat,dth_dth_neighbours_direct,,,,,,,,,,,,,,,0.0,0,781,0.0,0.0,,,,,,,,,,,,,,,,,,,,,,,,,,,,,,,,,,,,,,,,,,,,,,,,,,,,,,,,,,,,,,,,,,,,,,,,,,nan,,,,,,,,,,,,,,,
1158,-0.5383760333061218,-5.3837184168514796e-06,-0.000538371841685148,12120.579674005508,10000,ppo,ppo,crawler,flat,dth_dth_neighbours_direct,,,,,,,,,,,,,,,-1.9921484747937335e-05,0,781,0.0,0.0,,,,,,,,,,,,,,,,,,,,,,,,,,,,,,,,,,,,,,,,,,,,,,,,,,,,,,,,,,,,,,,,,,,,,,,,,,nan,,,,,,,,,,,,,,,
1159,-0.4112643301486969,-4.1126431824523024e-06,-0.00041126431824523024,12132.350758075714,10000,ppo,ppo,crawler,flat,dth_dth_neighbours_direct,,,,,,,,,,,,,,,-7.034369557141953e-05,0,781,0.0,0.0,,,,,,,,,,,,,,,,,,,,,,,,,,,,,,,,,,,,,,,,,,,,,,,,,,,,,,,,,,,,,,,,,,,,,,,,,,nan,,,,,,,,,,,,,,,
1160,0.14712831377983093,1.4713139080413384e-06,0.00014713139080413384,12143.794013738632,10000,ppo,ppo,crawler,flat,dth_dth_neighbours_direct,,,,,,,,,,,,,,,0.0,0,781,0.0,0.0,,,,,,,,,,,,,,,,,,,,,,,,,,,,,,,,,,,,,,,,,,,,,,,,,,,,,,,,,,,,,,,,,,,,,,,,,,nan,,,,,,,,,,,,,,,
1161,1.2301291227340698,1.23013496704516e-05,0.00123013496704516,12155.882218122482,10000,ppo,ppo,crawler,flat,dth_dth_neighbours_direct,,,,,,,,,,,,,,,-3.095272399017661e-05,0,781,0.0,0.0,,,,,,,,,,,,,,,,,,,,,,,,,,,,,,,,,,,,,,,,,,,,,,,,,,,,,,,,,,,,,,,,,,,,,,,,,,nan,,,,,,,,,,,,,,,
1162,-0.11885251849889755,-1.1884986861332436e-06,-0.00011884986861332436,12167.938428640366,10000,ppo,ppo,crawler,flat,dth_dth_neighbours_direct,,,,,,,,,,,,,,,-4.897640586357263e-06,0,781,0.0,0.0,,,,,,,,,,,,,,,,,,,,,,,,,,,,,,,,,,,,,,,,,,,,,,,,,,,,,,,,,,,,,,,,,,,,,,,,,,nan,,,,,,,,,,,,,,,
1163,-2.132070541381836,-2.132071676896885e-05,-0.002132071676896885,12179.580794334412,10000,ppo,ppo,crawler,flat,dth_dth_neighbours_direct,,,,,,,,,,,,,,,-4.963099088391024e-06,0,781,0.0,0.0,,,,,,,,,,,,,,,,,,,,,,,,,,,,,,,,,,,,,,,,,,,,,,,,,,,,,,,,,,,,,,,,,,,,,,,,,,nan,,,,,,,,,,,,,,,
1164,-0.07537620514631271,-7.537569786109088e-07,-7.537569786109088e-05,12190.830492019653,10000,ppo,ppo,crawler,flat,dth_dth_neighbours_direct,,,,,,,,,,,,,,,-3.3276597999045855e-05,0,781,0.0,0.0,,,,,,,,,,,,,,,,,,,,,,,,,,,,,,,,,,,,,,,,,,,,,,,,,,,,,,,,,,,,,,,,,,,,,,,,,,nan,,,,,,,,,,,,,,,
1165,0.19808833301067352,1.9809040168183856e-06,0.00019809040168183856,12201.332923650742,10000,ppo,ppo,crawler,flat,dth_dth_neighbours_direct,,,,,,,,,,,,,,,-0.01537381560349701,0,781,0.0,0.0,,,,,,,,,,,,,,,,,,,,,,,,,,,,,,,,,,,,,,,,,,,,,,,,,,,,,,,,,,,,,,,,,,,,,,,,,,nan,,,,,,,,,,,,,,,
1166,0.9015220999717712,9.015255272970535e-06,0.0009015255272970535,12211.423906087875,10000,ppo,ppo,crawler,flat,dth_dth_neighbours_direct,,,,,,,,,,,,,,,-1.2021154050790393e-05,0,781,0.0,0.0,,,,,,,,,,,,,,,,,,,,,,,,,,,,,,,,,,,,,,,,,,,,,,,,,,,,,,,,,,,,,,,,,,,,,,,,,,nan,,,,,,,,,,,,,,,
1167,0.754353404045105,7.543533229181776e-06,0.0007543533229181776,12221.569285392761,10000,ppo,ppo,crawler,flat,dth_dth_neighbours_direct,,,,,,,,,,,,,,,-9.692371936178696e-05,0,781,0.0,0.0,,,,,,,,,,,,,,,,,,,,,,,,,,,,,,,,,,,,,,,,,,,,,,,,,,,,,,,,,,,,,,,,,,,,,,,,,,nan,,,,,,,,,,,,,,,
1168,1.1223195791244507,1.1223206456634216e-05,0.0011223206456634216,12231.678466558456,10000,ppo,ppo,crawler,flat,dth_dth_neighbours_direct,,,,,,,,,,,,,,,0.0,0,781,0.0,0.0,,,,,,,,,,,,,,,,,,,,,,,,,,,,,,,,,,,,,,,,,,,,,,,,,,,,,,,,,,,,,,,,,,,,,,,,,,nan,,,,,,,,,,,,,,,
1169,-0.9723785519599915,-9.723761650093365e-06,-0.0009723761650093365,12241.660546541214,10000,ppo,ppo,crawler,flat,dth_dth_neighbours_direct,,,,,,,,,,,,,,,-2.095593609364176e-05,0,781,0.0,0.0,,,,,,,,,,,,,,,,,,,,,,,,,,,,,,,,,,,,,,,,,,,,,,,,,,,,,,,,,,,,,,,,,,,,,,,,,,nan,,,,,,,,,,,,,,,
1170,2.0864360332489014,2.086435051751323e-05,0.002086435051751323,12252.15055680275,10000,ppo,ppo,crawler,flat,dth_dth_neighbours_direct,,,,,,,,,,,,,,,0.0,0,781,0.0,0.0,,,,,,,,,,,,,,,,,,,,,,,,,,,,,,,,,,,,,,,,,,,,,,,,,,,,,,,,,,,,,,,,,,,,,,,,,,nan,,,,,,,,,,,,,,,
1171,0.15520715713500977,1.5521036402788013e-06,0.00015521036402788013,12262.030774354935,10000,ppo,ppo,crawler,flat,dth_dth_neighbours_direct,,,,,,,,,,,,,,,-1.0024368638952623e-05,0,781,0.0,0.0,,,,,,,,,,,,,,,,,,,,,,,,,,,,,,,,,,,,,,,,,,,,,,,,,,,,,,,,,,,,,,,,,,,,,,,,,,nan,,,,,,,,,,,,,,,
1172,0.0031881332397460938,3.188429431588702e-08,3.188429431588702e-06,12271.995841026306,10000,ppo,ppo,crawler,flat,dth_dth_neighbours_direct,,,,,,,,,,,,,,,-1.89505946773573e-05,0,781,0.0,0.0,,,,,,,,,,,,,,,,,,,,,,,,,,,,,,,,,,,,,,,,,,,,,,,,,,,,,,,,,,,,,,,,,,,,,,,,,,nan,,,,,,,,,,,,,,,
1173,0.06884842365980148,6.884935146445059e-07,6.884935146445059e-05,12281.893593072891,10000,ppo,ppo,crawler,flat,dth_dth_neighbours_direct,,,,,,,,,,,,,,,-1.7542526765074224e-05,0,781,0.0,0.0,,,,,,,,,,,,,,,,,,,,,,,,,,,,,,,,,,,,,,,,,,,,,,,,,,,,,,,,,,,,,,,,,,,,,,,,,,nan,,,,,,,,,,,,,,,
1174,0.858049213886261,8.580523171985988e-06,0.0008580523171985988,12291.972974061966,10000,ppo,ppo,crawler,flat,dth_dth_neighbours_direct,,,,,,,,,,,,,,,-0.0001930416026242106,0,781,0.0,0.0,,,,,,,,,,,,,,,,,,,,,,,,,,,,,,,,,,,,,,,,,,,,,,,,,,,,,,,,,,,,,,,,,,,,,,,,,,nan,,,,,,,,,,,,,,,
1175,0.8013572692871094,8.01356236479478e-06,0.000801356236479478,12301.965962171555,10000,ppo,ppo,crawler,flat,dth_dth_neighbours_direct,,,,,,,,,,,,,,,0.0,0,781,0.0,0.0,,,,,,,,,,,,,,,,,,,,,,,,,,,,,,,,,,,,,,,,,,,,,,,,,,,,,,,,,,,,,,,,,,,,,,,,,,nan,,,,,,,,,,,,,,,
1176,0.7465342879295349,7.465353519364726e-06,0.0007465353519364726,12311.692278623581,10000,ppo,ppo,crawler,flat,dth_dth_neighbours_direct,,,,,,,,,,,,,,,-0.00012066723032354851,0,781,0.0,0.0,,,,,,,,,,,,,,,,,,,,,,,,,,,,,,,,,,,,,,,,,,,,,,,,,,,,,,,,,,,,,,,,,,,,,,,,,,nan,,,,,,,,,,,,,,,
1177,0.5695707201957703,5.695715572073823e-06,0.0005695715572073823,12321.657769203186,10000,ppo,ppo,crawler,flat,dth_dth_neighbours_direct,,,,,,,,,,,,,,,-4.416353113367371e-07,0,781,0.0,0.0,,,,,,,,,,,,,,,,,,,,,,,,,,,,,,,,,,,,,,,,,,,,,,,,,,,,,,,,,,,,,,,,,,,,,,,,,,nan,,,,,,,,,,,,,,,
1178,-0.44950732588768005,-4.495051598496502e-06,-0.0004495051598496502,12331.522562503815,10000,ppo,ppo,crawler,flat,dth_dth_neighbours_direct,,,,,,,,,,,,,,,-7.423049938434522e-06,0,781,0.0,0.0,,,,,,,,,,,,,,,,,,,,,,,,,,,,,,,,,,,,,,,,,,,,,,,,,,,,,,,,,,,,,,,,,,,,,,,,,,nan,,,,,,,,,,,,,,,
1179,0.2795308530330658,2.7953467451879987e-06,0.0002795346745187999,12341.176749229431,10000,ppo,ppo,crawler,flat,dth_dth_neighbours_direct,,,,,,,,,,,,,,,-2.3970955198156087e-06,0,781,0.0,0.0,,,,,,,,,,,,,,,,,,,,,,,,,,,,,,,,,,,,,,,,,,,,,,,,,,,,,,,,,,,,,,,,,,,,,,,,,,nan,,,,,,,,,,,,,,,
1180,-1.2706636190414429,-1.2706610505119897e-05,-0.0012706610505119897,12350.852748632431,10000,ppo,ppo,crawler,flat,dth_dth_neighbours_direct,,,,,,,,,,,,,,,-4.63859816099709e-06,0,781,0.0,0.0,,,,,,,,,,,,,,,,,,,,,,,,,,,,,,,,,,,,,,,,,,,,,,,,,,,,,,,,,,,,,,,,,,,,,,,,,,nan,,,,,,,,,,,,,,,
1181,-0.7918238639831543,-7.9182082117768e-06,-0.00079182082117768,12360.976878881454,10000,ppo,ppo,crawler,flat,dth_dth_neighbours_direct,,,,,,,,,,,,,,,-2.8148551069667487e-06,0,781,0.0,0.0,,,,,,,,,,,,,,,,,,,,,,,,,,,,,,,,,,,,,,,,,,,,,,,,,,,,,,,,,,,,,,,,,,,,,,,,,,nan,,,,,,,,,,,,,,,
1182,-0.3021543025970459,-3.0215251172194257e-06,-0.0003021525117219426,12370.860226392746,10000,ppo,ppo,crawler,flat,dth_dth_neighbours_direct,,,,,,,,,,,,,,,-0.0001599209814805838,0,781,0.0,0.0,,,,,,,,,,,,,,,,,,,,,,,,,,,,,,,,,,,,,,,,,,,,,,,,,,,,,,,,,,,,,,,,,,,,,,,,,,nan,,,,,,,,,,,,,,,
1183,0.5848881006240845,5.848938599228859e-06,0.0005848938599228859,12380.715196609497,10000,ppo,ppo,crawler,flat,dth_dth_neighbours_direct,,,,,,,,,,,,,,,-8.131937265739551e-05,0,781,0.0,0.0,,,,,,,,,,,,,,,,,,,,,,,,,,,,,,,,,,,,,,,,,,,,,,,,,,,,,,,,,,,,,,,,,,,,,,,,,,nan,,,,,,,,,,,,,,,
1184,-0.527046263217926,-5.270445853966521e-06,-0.0005270445853966521,12390.60613489151,10000,ppo,ppo,crawler,flat,dth_dth_neighbours_direct,,,,,,,,,,,,,,,0.0,0,781,0.0,0.0,,,,,,,,,,,,,,,,,,,,,,,,,,,,,,,,,,,,,,,,,,,,,,,,,,,,,,,,,,,,,,,,,,,,,,,,,,nan,,,,,,,,,,,,,,,
1185,0.8953791856765747,8.953829819802195e-06,0.0008953829819802195,12400.53956413269,10000,ppo,ppo,crawler,flat,dth_dth_neighbours_direct,,,,,,,,,,,,,,,-1.1740901081723837e-05,0,781,0.0,0.0,,,,,,,,,,,,,,,,,,,,,,,,,,,,,,,,,,,,,,,,,,,,,,,,,,,,,,,,,,,,,,,,,,,,,,,,,,nan,,,,,,,,,,,,,,,
1186,1.6750061511993408,1.6750109352869913e-05,0.0016750109352869913,12410.46503663063,10000,ppo,ppo,crawler,flat,dth_dth_neighbours_direct,,,,,,,,,,,,,,,-0.002113853157921271,0,781,0.0,0.0,,,,,,,,,,,,,,,,,,,,,,,,,,,,,,,,,,,,,,,,,,,,,,,,,,,,,,,,,,,,,,,,,,,,,,,,,,nan,,,,,,,,,,,,,,,
1187,0.21860270202159882,2.186079200328095e-06,0.0002186079200328095,12420.443269491196,10000,ppo,ppo,crawler,flat,dth_dth_neighbours_direct,,,,,,,,,,,,,,,0.0,0,781,0.0,0.0,,,,,,,,,,,,,,,,,,,,,,,,,,,,,,,,,,,,,,,,,,,,,,,,,,,,,,,,,,,,,,,,,,,,,,,,,,nan,,,,,,,,,,,,,,,
1188,0.4935925006866455,4.935954166285228e-06,0.0004935954166285228,12430.480578660965,10000,ppo,ppo,crawler,flat,dth_dth_neighbours_direct,,,,,,,,,,,,,,,-6.007079616971266e-05,0,781,0.0,0.0,,,,,,,,,,,,,,,,,,,,,,,,,,,,,,,,,,,,,,,,,,,,,,,,,,,,,,,,,,,,,,,,,,,,,,,,,,nan,,,,,,,,,,,,,,,
1189,1.3908329010009766,1.3908379514759872e-05,0.0013908379514759872,12440.386703491211,10000,ppo,ppo,crawler,flat,dth_dth_neighbours_direct,,,,,,,,,,,,,,,0.0,0,781,0.0,0.0,,,,,,,,,,,,,,,,,,,,,,,,,,,,,,,,,,,,,,,,,,,,,,,,,,,,,,,,,,,,,,,,,,,,,,,,,,nan,,,,,,,,,,,,,,,
1190,-0.3030209541320801,-3.0301682727440493e-06,-0.00030301682727440493,12450.457820177078,10000,ppo,ppo,crawler,flat,dth_dth_neighbours_direct,,,,,,,,,,,,,,,-1.54679204681924e-06,0,781,0.0,0.0,,,,,,,,,,,,,,,,,,,,,,,,,,,,,,,,,,,,,,,,,,,,,,,,,,,,,,,,,,,,,,,,,,,,,,,,,,nan,,,,,,,,,,,,,,,
1191,-2.269040822982788,-2.2690403056913055e-05,-0.0022690403056913055,12460.122249364853,10000,ppo,ppo,crawler,flat,dth_dth_neighbours_direct,,,,,,,,,,,,,,,-5.4292075536315175e-06,0,781,0.0,0.0,,,,,,,,,,,,,,,,,,,,,,,,,,,,,,,,,,,,,,,,,,,,,,,,,,,,,,,,,,,,,,,,,,,,,,,,,,nan,,,,,,,,,,,,,,,
1192,-0.608792245388031,-6.0879419834236614e-06,-0.0006087941983423661,12470.088579893112,10000,ppo,ppo,crawler,flat,dth_dth_neighbours_direct,,,,,,,,,,,,,,,4.353163890283025e-06,0,781,0.0,0.0,,,,,,,,,,,,,,,,,,,,,,,,,,,,,,,,,,,,,,,,,,,,,,,,,,,,,,,,,,,,,,,,,,,,,,,,,,nan,,,,,,,,,,,,,,,
1193,-0.12631121277809143,-1.2630764558707597e-06,-0.00012630764558707597,12479.988221406937,10000,ppo,ppo,crawler,flat,dth_dth_neighbours_direct,,,,,,,,,,,,,,,-3.552201314902031e-05,0,781,0.0,0.0,,,,,,,,,,,,,,,,,,,,,,,,,,,,,,,,,,,,,,,,,,,,,,,,,,,,,,,,,,,,,,,,,,,,,,,,,,nan,,,,,,,,,,,,,,,
1194,0.5811325907707214,5.811339633510215e-06,0.0005811339633510215,12489.906785726547,10000,ppo,ppo,crawler,flat,dth_dth_neighbours_direct,,,,,,,,,,,,,,,0.0,0,781,0.0,0.0,,,,,,,,,,,,,,,,,,,,,,,,,,,,,,,,,,,,,,,,,,,,,,,,,,,,,,,,,,,,,,,,,,,,,,,,,,nan,,,,,,,,,,,,,,,
1195,-0.4253138601779938,-4.25313464802457e-06,-0.000425313464802457,12499.612082242966,10000,ppo,ppo,crawler,flat,dth_dth_neighbours_direct,,,,,,,,,,,,,,,-2.83732275727769e-05,0,781,0.0,0.0,,,,,,,,,,,,,,,,,,,,,,,,,,,,,,,,,,,,,,,,,,,,,,,,,,,,,,,,,,,,,,,,,,,,,,,,,,nan,,,,,,,,,,,,,,,
1196,-1.3450392484664917,-1.3450392543745693e-05,-0.0013450392543745693,12509.640989303589,10000,ppo,ppo,crawler,flat,dth_dth_neighbours_direct,,,,,,,,,,,,,,,-0.0020236409091594584,0,781,0.0,0.0,,,,,,,,,,,,,,,,,,,,,,,,,,,,,,,,,,,,,,,,,,,,,,,,,,,,,,,,,,,,,,,,,,,,,,,,,,nan,,,,,,,,,,,,,,,
1197,-0.8441272974014282,-8.441355930699501e-06,-0.0008441355930699501,12519.506328821182,10000,ppo,ppo,crawler,flat,dth_dth_neighbours_direct,,,,,,,,,,,,,,,0.0,0,781,0.0,0.0,,,,,,,,,,,,,,,,,,,,,,,,,,,,,,,,,,,,,,,,,,,,,,,,,,,,,,,,,,,,,,,,,,,,,,,,,,nan,,,,,,,,,,,,,,,
1198,-0.12818054854869843,-1.2818012464776984e-06,-0.00012818012464776984,12529.616123437881,10000,ppo,ppo,crawler,flat,dth_dth_neighbours_direct,,,,,,,,,,,,,,,-5.1776526755773766e-06,0,781,0.0,0.0,,,,,,,,,,,,,,,,,,,,,,,,,,,,,,,,,,,,,,,,,,,,,,,,,,,,,,,,,,,,,,,,,,,,,,,,,,nan,,,,,,,,,,,,,,,
1199,-0.8079835772514343,-8.079819053818937e-06,-0.0008079819053818937,12539.688078403473,10000,ppo,ppo,crawler,flat,dth_dth_neighbours_direct,,,,,,,,,,,,,,,-1.0079453805420982e-05,0,781,0.0,0.0,,,,,,,,,,,,,,,,,,,,,,,,,,,,,,,,,,,,,,,,,,,,,,,,,,,,,,,,,,,,,,,,,,,,,,,,,,nan,,,,,,,,,,,,,,,
1200,-0.015225362963974476,-1.5223547222831257e-07,-1.5223547222831257e-05,12549.830209970474,10000,ppo,ppo,crawler,flat,dth_dth_neighbours_direct,,,,,,,,,,,,,,,-1.2009336628620817e-05,0,781,0.0,0.0,,,,,,,,,,,,,,,,,,,,,,,,,,,,,,,,,,,,,,,,,,,,,,,,,,,,,,,,,,,,,,,,,,,,,,,,,,nan,,,,,,,,,,,,,,,
1201,0.26482805609703064,2.6482923658477375e-06,0.00026482923658477375,12559.822155237198,10000,ppo,ppo,crawler,flat,dth_dth_neighbours_direct,,,,,,,,,,,,,,,-1.0733796753437662e-06,0,781,0.0,0.0,,,,,,,,,,,,,,,,,,,,,,,,,,,,,,,,,,,,,,,,,,,,,,,,,,,,,,,,,,,,,,,,,,,,,,,,,,nan,,,,,,,,,,,,,,,
1202,-0.9137600064277649,-9.137614142673556e-06,-0.0009137614142673556,12569.624610900879,10000,ppo,ppo,crawler,flat,dth_dth_neighbours_direct,,,,,,,,,,,,,,,-3.925076162349552e-05,0,781,0.0,0.0,,,,,,,,,,,,,,,,,,,,,,,,,,,,,,,,,,,,,,,,,,,,,,,,,,,,,,,,,,,,,,,,,,,,,,,,,,nan,,,,,,,,,,,,,,,
1203,-0.9244245886802673,-9.244224202120677e-06,-0.0009244224202120677,12579.588701248169,10000,ppo,ppo,crawler,flat,dth_dth_neighbours_direct,,,,,,,,,,,,,,,-4.945191699014583e-08,0,781,0.0,0.0,,,,,,,,,,,,,,,,,,,,,,,,,,,,,,,,,,,,,,,,,,,,,,,,,,,,,,,,,,,,,,,,,,,,,,,,,,nan,,,,,,,,,,,,,,,
1204,-0.39040708541870117,-3.904022833012277e-06,-0.0003904022833012277,12589.504696369171,10000,ppo,ppo,crawler,flat,dth_dth_neighbours_direct,,,,,,,,,,,,,,,-1.2858320032359696e-05,0,781,0.0,0.0,,,,,,,,,,,,,,,,,,,,,,,,,,,,,,,,,,,,,,,,,,,,,,,,,,,,,,,,,,,,,,,,,,,,,,,,,,nan,,,,,,,,,,,,,,,
1205,1.5043753385543823,1.504376450611744e-05,0.001504376450611744,12599.322789907455,10000,ppo,ppo,crawler,flat,dth_dth_neighbours_direct,,,,,,,,,,,,,,,-8.832148983406807e-05,0,781,0.0,0.0,,,,,,,,,,,,,,,,,,,,,,,,,,,,,,,,,,,,,,,,,,,,,,,,,,,,,,,,,,,,,,,,,,,,,,,,,,nan,,,,,,,,,,,,,,,
1206,-0.5415825247764587,-5.415799023467116e-06,-0.0005415799023467116,12609.376049995422,10000,ppo,ppo,crawler,flat,dth_dth_neighbours_direct,,,,,,,,,,,,,,,-3.403206874596172e-05,0,781,0.0,0.0,,,,,,,,,,,,,,,,,,,,,,,,,,,,,,,,,,,,,,,,,,,,,,,,,,,,,,,,,,,,,,,,,,,,,,,,,,nan,,,,,,,,,,,,,,,
1207,-0.7963752746582031,-7.963755706441589e-06,-0.0007963755706441589,12619.936444282532,10000,ppo,ppo,crawler,flat,dth_dth_neighbours_direct,,,,,,,,,,,,,,,0.0,0,781,0.0,0.0,,,,,,,,,,,,,,,,,,,,,,,,,,,,,,,,,,,,,,,,,,,,,,,,,,,,,,,,,,,,,,,,,,,,,,,,,,nan,,,,,,,,,,,,,,,
1208,-1.1794193983078003,-1.1794214515248314e-05,-0.0011794214515248314,12630.198476314545,10000,ppo,ppo,crawler,flat,dth_dth_neighbours_direct,,,,,,,,,,,,,,,-8.580180674447904e-06,0,781,0.0,0.0,,,,,,,,,,,,,,,,,,,,,,,,,,,,,,,,,,,,,,,,,,,,,,,,,,,,,,,,,,,,,,,,,,,,,,,,,,nan,,,,,,,,,,,,,,,
1209,-0.30315667390823364,-3.0315718504425604e-06,-0.00030315718504425604,12640.477825164795,10000,ppo,ppo,crawler,flat,dth_dth_neighbours_direct,,,,,,,,,,,,,,,0.00017733512286492712,0,781,0.0,0.0,,,,,,,,,,,,,,,,,,,,,,,,,,,,,,,,,,,,,,,,,,,,,,,,,,,,,,,,,,,,,,,,,,,,,,,,,,nan,,,,,,,,,,,,,,,
1210,0.23047290742397308,2.304748704773374e-06,0.0002304748704773374,12650.246397018433,10000,ppo,ppo,crawler,flat,dth_dth_neighbours_direct,,,,,,,,,,,,,,,2.296751176654606e-06,0,781,0.0,0.0,,,,,,,,,,,,,,,,,,,,,,,,,,,,,,,,,,,,,,,,,,,,,,,,,,,,,,,,,,,,,,,,,,,,,,,,,,nan,,,,,,,,,,,,,,,
1211,-0.16295158863067627,-1.6295064142468618e-06,-0.00016295064142468618,12660.362087011337,10000,ppo,ppo,crawler,flat,dth_dth_neighbours_direct,,,,,,,,,,,,,,,-1.24946105438219e-05,0,781,0.0,0.0,,,,,,,,,,,,,,,,,,,,,,,,,,,,,,,,,,,,,,,,,,,,,,,,,,,,,,,,,,,,,,,,,,,,,,,,,,nan,,,,,,,,,,,,,,,
1212,0.1662278175354004,1.6622836938040564e-06,0.00016622836938040564,12671.227623939514,10000,ppo,ppo,crawler,flat,dth_dth_neighbours_direct,,,,,,,,,,,,,,,-4.128681760515049e-06,0,781,0.0,0.0,,,,,,,,,,,,,,,,,,,,,,,,,,,,,,,,,,,,,,,,,,,,,,,,,,,,,,,,,,,,,,,,,,,,,,,,,,nan,,,,,,,,,,,,,,,
1213,-0.9265575408935547,-9.265558219340164e-06,-0.0009265558219340164,12681.230820894241,10000,ppo,ppo,crawler,flat,dth_dth_neighbours_direct,,,,,,,,,,,,,,,-6.872703882933579e-06,0,781,0.0,0.0,,,,,,,,,,,,,,,,,,,,,,,,,,,,,,,,,,,,,,,,,,,,,,,,,,,,,,,,,,,,,,,,,,,,,,,,,,nan,,,,,,,,,,,,,,,
1214,-0.29668641090393066,-2.9668624392797938e-06,-0.0002966862439279794,12692.210431814194,10000,ppo,ppo,crawler,flat,dth_dth_neighbours_direct,,,,,,,,,,,,,,,3.0369859155405806e-05,0,781,0.0,0.0,,,,,,,,,,,,,,,,,,,,,,,,,,,,,,,,,,,,,,,,,,,,,,,,,,,,,,,,,,,,,,,,,,,,,,,,,,nan,,,,,,,,,,,,,,,
1215,-0.41424256563186646,-4.142439593124436e-06,-0.0004142439593124436,12702.712657928467,10000,ppo,ppo,crawler,flat,dth_dth_neighbours_direct,,,,,,,,,,,,,,,-5.247185624439493e-05,0,781,0.0,0.0,,,,,,,,,,,,,,,,,,,,,,,,,,,,,,,,,,,,,,,,,,,,,,,,,,,,,,,,,,,,,,,,,,,,,,,,,,nan,,,,,,,,,,,,,,,
1216,-1.0964196920394897,-1.0964196917484514e-05,-0.0010964196917484514,12713.220503807068,10000,ppo,ppo,crawler,flat,dth_dth_neighbours_direct,,,,,,,,,,,,,,,0.0,0,781,0.0,0.0,,,,,,,,,,,,,,,,,,,,,,,,,,,,,,,,,,,,,,,,,,,,,,,,,,,,,,,,,,,,,,,,,,,,,,,,,,nan,,,,,,,,,,,,,,,
1217,0.645378053188324,6.453814876294928e-06,0.0006453814876294928,12723.603193044662,10000,ppo,ppo,crawler,flat,dth_dth_neighbours_direct,,,,,,,,,,,,,,,-0.00019371907122996035,0,781,0.0,0.0,,,,,,,,,,,,,,,,,,,,,,,,,,,,,,,,,,,,,,,,,,,,,,,,,,,,,,,,,,,,,,,,,,,,,,,,,,nan,,,,,,,,,,,,,,,
1218,-0.20676183700561523,-2.0676279746112414e-06,-0.00020676279746112414,12733.939918994904,10000,ppo,ppo,crawler,flat,dth_dth_neighbours_direct,,,,,,,,,,,,,,,-0.0001344920056138698,0,781,0.0,0.0,,,,,,,,,,,,,,,,,,,,,,,,,,,,,,,,,,,,,,,,,,,,,,,,,,,,,,,,,,,,,,,,,,,,,,,,,,nan,,,,,,,,,,,,,,,
1219,0.12220983952283859,1.2221264569234336e-06,0.00012221264569234336,12744.389894247055,10000,ppo,ppo,crawler,flat,dth_dth_neighbours_direct,,,,,,,,,,,,,,,0.0,0,781,0.0,0.0,,,,,,,,,,,,,,,,,,,,,,,,,,,,,,,,,,,,,,,,,,,,,,,,,,,,,,,,,,,,,,,,,,,,,,,,,,nan,,,,,,,,,,,,,,,
1220,0.6942574381828308,6.9426123445737176e-06,0.0006942612344573718,12754.722615242004,10000,ppo,ppo,crawler,flat,dth_dth_neighbours_direct,,,,,,,,,,,,,,,-0.0001978143601274063,0,781,0.0,0.0,,,,,,,,,,,,,,,,,,,,,,,,,,,,,,,,,,,,,,,,,,,,,,,,,,,,,,,,,,,,,,,,,,,,,,,,,,nan,,,,,,,,,,,,,,,
1221,0.5037287473678589,5.0373323574604e-06,0.00050373323574604,12765.553041696548,10000,ppo,ppo,crawler,flat,dth_dth_neighbours_direct,,,,,,,,,,,,,,,0.0,0,781,0.0,0.0,,,,,,,,,,,,,,,,,,,,,,,,,,,,,,,,,,,,,,,,,,,,,,,,,,,,,,,,,,,,,,,,,,,,,,,,,,nan,,,,,,,,,,,,,,,
1222,-0.7079135775566101,-7.079129318299238e-06,-0.0007079129318299238,12776.537934541702,10000,ppo,ppo,crawler,flat,dth_dth_neighbours_direct,,,,,,,,,,,,,,,-8.823189087851252e-06,0,781,0.0,0.0,,,,,,,,,,,,,,,,,,,,,,,,,,,,,,,,,,,,,,,,,,,,,,,,,,,,,,,,,,,,,,,,,,,,,,,,,,nan,,,,,,,,,,,,,,,
1223,-0.4169061779975891,-4.1690377656777855e-06,-0.00041690377656777855,12786.946687459946,10000,ppo,ppo,crawler,flat,dth_dth_neighbours_direct,,,,,,,,,,,,,,,-8.31096167181274e-06,0,781,0.0,0.0,,,,,,,,,,,,,,,,,,,,,,,,,,,,,,,,,,,,,,,,,,,,,,,,,,,,,,,,,,,,,,,,,,,,,,,,,,nan,,,,,,,,,,,,,,,
1224,-0.3791560232639313,-3.791560402532923e-06,-0.0003791560402532923,12796.896546840668,10000,ppo,ppo,crawler,flat,dth_dth_neighbours_direct,,,,,,,,,,,,,,,-0.00010907594305337925,0,781,0.0,0.0,,,,,,,,,,,,,,,,,,,,,,,,,,,,,,,,,,,,,,,,,,,,,,,,,,,,,,,,,,,,,,,,,,,,,,,,,,nan,,,,,,,,,,,,,,,
1225,1.0377800464630127,1.0377856597187929e-05,0.0010377856597187929,12808.150109291077,10000,ppo,ppo,crawler,flat,dth_dth_neighbours_direct,,,,,,,,,,,,,,,0.0,0,781,0.0,0.0,,,,,,,,,,,,,,,,,,,,,,,,,,,,,,,,,,,,,,,,,,,,,,,,,,,,,,,,,,,,,,,,,,,,,,,,,,nan,,,,,,,,,,,,,,,
1226,-1.004156470298767,-1.0041584573627915e-05,-0.0010041584573627915,12818.782136201859,10000,ppo,ppo,crawler,flat,dth_dth_neighbours_direct,,,,,,,,,,,,,,,-4.125567136401556e-05,0,781,0.0,0.0,,,,,,,,,,,,,,,,,,,,,,,,,,,,,,,,,,,,,,,,,,,,,,,,,,,,,,,,,,,,,,,,,,,,,,,,,,nan,,,,,,,,,,,,,,,
1227,-0.5594984889030457,-5.594956746790558e-06,-0.0005594956746790558,12828.636676073074,10000,ppo,ppo,crawler,flat,dth_dth_neighbours_direct,,,,,,,,,,,,,,,0.0,0,781,0.0,0.0,,,,,,,,,,,,,,,,,,,,,,,,,,,,,,,,,,,,,,,,,,,,,,,,,,,,,,,,,,,,,,,,,,,,,,,,,,nan,,,,,,,,,,,,,,,
1228,-0.5612778067588806,-5.612760105577763e-06,-0.0005612760105577763,12838.619365930557,10000,ppo,ppo,crawler,flat,dth_dth_neighbours_direct,,,,,,,,,,,,,,,-8.582457704481487e-05,0,781,0.0,0.0,,,,,,,,,,,,,,,,,,,,,,,,,,,,,,,,,,,,,,,,,,,,,,,,,,,,,,,,,,,,,,,,,,,,,,,,,,nan,,,,,,,,,,,,,,,
1229,0.5988561511039734,5.988542397972196e-06,0.0005988542397972196,12848.67179441452,10000,ppo,ppo,crawler,flat,dth_dth_neighbours_direct,,,,,,,,,,,,,,,-1.9069156453261455e-05,0,781,0.0,0.0,,,,,,,,,,,,,,,,,,,,,,,,,,,,,,,,,,,,,,,,,,,,,,,,,,,,,,,,,,,,,,,,,,,,,,,,,,nan,,,,,,,,,,,,,,,
1230,0.31929856538772583,3.1930005661706673e-06,0.00031930005661706673,12858.495438098907,10000,ppo,ppo,crawler,flat,dth_dth_neighbours_direct,,,,,,,,,,,,,,,-0.00012165208069295187,0,781,0.0,0.0,,,,,,,,,,,,,,,,,,,,,,,,,,,,,,,,,,,,,,,,,,,,,,,,,,,,,,,,,,,,,,,,,,,,,,,,,,nan,,,,,,,,,,,,,,,
1231,1.5486048460006714,1.5486075426451862e-05,0.0015486075426451862,12868.191291570663,10000,ppo,ppo,crawler,flat,dth_dth_neighbours_direct,,,,,,,,,,,,,,,0.0,0,781,0.0,0.0,,,,,,,,,,,,,,,,,,,,,,,,,,,,,,,,,,,,,,,,,,,,,,,,,,,,,,,,,,,,,,,,,,,,,,,,,,nan,,,,,,,,,,,,,,,
1232,-0.2384670227766037,-2.3846555450290907e-06,-0.00023846555450290907,12878.387476205826,10000,ppo,ppo,crawler,flat,dth_dth_neighbours_direct,,,,,,,,,,,,,,,-6.4261698864028334e-06,0,781,0.0,0.0,,,,,,,,,,,,,,,,,,,,,,,,,,,,,,,,,,,,,,,,,,,,,,,,,,,,,,,,,,,,,,,,,,,,,,,,,,nan,,,,,,,,,,,,,,,
1233,0.01260910090059042,1.2613250532922393e-07,1.2613250532922393e-05,12888.04395198822,10000,ppo,ppo,crawler,flat,dth_dth_neighbours_direct,,,,,,,,,,,,,,,-0.0005853500326906978,0,781,0.0,0.0,,,,,,,,,,,,,,,,,,,,,,,,,,,,,,,,,,,,,,,,,,,,,,,,,,,,,,,,,,,,,,,,,,,,,,,,,,nan,,,,,,,,,,,,,,,
1234,-0.5491324663162231,-5.491339834406972e-06,-0.0005491339834406972,12898.125437498093,10000,ppo,ppo,crawler,flat,dth_dth_neighbours_direct,,,,,,,,,,,,,,,0.0,0,781,0.0,0.0,,,,,,,,,,,,,,,,,,,,,,,,,,,,,,,,,,,,,,,,,,,,,,,,,,,,,,,,,,,,,,,,,,,,,,,,,,nan,,,,,,,,,,,,,,,
1235,-0.3728541135787964,-3.7285371945472434e-06,-0.00037285371945472434,12907.782908678055,10000,ppo,ppo,crawler,flat,dth_dth_neighbours_direct,,,,,,,,,,,,,,,-1.9490625828542722e-06,0,781,0.0,0.0,,,,,,,,,,,,,,,,,,,,,,,,,,,,,,,,,,,,,,,,,,,,,,,,,,,,,,,,,,,,,,,,,,,,,,,,,,nan,,,,,,,,,,,,,,,
1236,0.33394119143486023,3.339459681228618e-06,0.0003339459681228618,12917.356188297272,10000,ppo,ppo,crawler,flat,dth_dth_neighbours_direct,,,,,,,,,,,,,,,8.9482808540481e-07,0,781,0.0,0.0,,,,,,,,,,,,,,,,,,,,,,,,,,,,,,,,,,,,,,,,,,,,,,,,,,,,,,,,,,,,,,,,,,,,,,,,,,nan,,,,,,,,,,,,,,,
1237,-0.2960455119609833,-2.960469146273681e-06,-0.0002960469146273681,12927.612085580826,10000,ppo,ppo,crawler,flat,dth_dth_neighbours_direct,,,,,,,,,,,,,,,-0.0005745900706620589,0,781,0.0,0.0,,,,,,,,,,,,,,,,,,,,,,,,,,,,,,,,,,,,,,,,,,,,,,,,,,,,,,,,,,,,,,,,,,,,,,,,,,nan,,,,,,,,,,,,,,,
1238,0.4634631276130676,4.6346522140083835e-06,0.00046346522140083835,12937.064807415009,10000,ppo,ppo,crawler,flat,dth_dth_neighbours_direct,,,,,,,,,,,,,,,-5.904545771404052e-06,0,781,0.0,0.0,,,,,,,,,,,,,,,,,,,,,,,,,,,,,,,,,,,,,,,,,,,,,,,,,,,,,,,,,,,,,,,,,,,,,,,,,,nan,,,,,,,,,,,,,,,
1239,0.8550023436546326,8.55006328492891e-06,0.000855006328492891,12946.939173460007,10000,ppo,ppo,crawler,flat,dth_dth_neighbours_direct,,,,,,,,,,,,,,,-3.808221652168928e-05,0,781,0.0,0.0,,,,,,,,,,,,,,,,,,,,,,,,,,,,,,,,,,,,,,,,,,,,,,,,,,,,,,,,,,,,,,,,,,,,,,,,,,nan,,,,,,,,,,,,,,,
1240,0.509297251701355,5.092973424325464e-06,0.0005092973424325464,12956.95130610466,10000,ppo,ppo,crawler,flat,dth_dth_neighbours_direct,,,,,,,,,,,,,,,0.0,0,781,0.0,0.0,,,,,,,,,,,,,,,,,,,,,,,,,,,,,,,,,,,,,,,,,,,,,,,,,,,,,,,,,,,,,,,,,,,,,,,,,,nan,,,,,,,,,,,,,,,
1241,0.5773904323577881,5.773928023700137e-06,0.0005773928023700137,12966.77749657631,10000,ppo,ppo,crawler,flat,dth_dth_neighbours_direct,,,,,,,,,,,,,,,-4.8464044890391536e-05,0,781,0.0,0.0,,,,,,,,,,,,,,,,,,,,,,,,,,,,,,,,,,,,,,,,,,,,,,,,,,,,,,,,,,,,,,,,,,,,,,,,,,nan,,,,,,,,,,,,,,,
1242,-0.11699433624744415,-1.1699313517965493e-06,-0.00011699313517965493,12976.980160713196,10000,ppo,ppo,crawler,flat,dth_dth_neighbours_direct,,,,,,,,,,,,,,,0.0,0,781,0.0,0.0,,,,,,,,,,,,,,,,,,,,,,,,,,,,,,,,,,,,,,,,,,,,,,,,,,,,,,,,,,,,,,,,,,,,,,,,,,nan,,,,,,,,,,,,,,,
1243,-0.9787824749946594,-9.787820090423338e-06,-0.0009787820090423338,12986.574828147888,10000,ppo,ppo,crawler,flat,dth_dth_neighbours_direct,,,,,,,,,,,,,,,-1.548498477810629e-06,0,781,0.0,0.0,,,,,,,,,,,,,,,,,,,,,,,,,,,,,,,,,,,,,,,,,,,,,,,,,,,,,,,,,,,,,,,,,,,,,,,,,,nan,,,,,,,,,,,,,,,
1244,0.1776604950428009,1.7766022892828914e-06,0.00017766022892828914,12996.40095615387,10000,ppo,ppo,crawler,flat,dth_dth_neighbours_direct,,,,,,,,,,,,,,,-2.8667873708905695e-06,0,781,0.0,0.0,,,,,,,,,,,,,,,,,,,,,,,,,,,,,,,,,,,,,,,,,,,,,,,,,,,,,,,,,,,,,,,,,,,,,,,,,,nan,,,,,,,,,,,,,,,
1245,-0.34228941798210144,-3.42288308274874e-06,-0.000342288308274874,13006.340096235275,10000,ppo,ppo,crawler,flat,dth_dth_neighbours_direct,,,,,,,,,,,,,,,-7.67512235041617e-06,0,781,0.0,0.0,,,,,,,,,,,,,,,,,,,,,,,,,,,,,,,,,,,,,,,,,,,,,,,,,,,,,,,,,,,,,,,,,,,,,,,,,,nan,,,,,,,,,,,,,,,
1246,0.5413052439689636,5.413108738139272e-06,0.0005413108738139272,13016.55784869194,10000,ppo,ppo,crawler,flat,dth_dth_neighbours_direct,,,,,,,,,,,,,,,-6.111824667980363e-05,0,781,0.0,0.0,,,,,,,,,,,,,,,,,,,,,,,,,,,,,,,,,,,,,,,,,,,,,,,,,,,,,,,,,,,,,,,,,,,,,,,,,,nan,,,,,,,,,,,,,,,
1247,0.07026448100805283,7.026100661278178e-07,7.026100661278178e-05,13027.59362244606,10000,ppo,ppo,crawler,flat,dth_dth_neighbours_direct,,,,,,,,,,,,,,,0.0,0,781,0.0,0.0,,,,,,,,,,,,,,,,,,,,,,,,,,,,,,,,,,,,,,,,,,,,,,,,,,,,,,,,,,,,,,,,,,,,,,,,,,nan,,,,,,,,,,,,,,,
1248,-0.4712221324443817,-4.71218891107128e-06,-0.000471218891107128,13038.626271009445,10000,ppo,ppo,crawler,flat,dth_dth_neighbours_direct,,,,,,,,,,,,,,,-0.0013359297047847365,0,781,0.0,0.0,,,,,,,,,,,,,,,,,,,,,,,,,,,,,,,,,,,,,,,,,,,,,,,,,,,,,,,,,,,,,,,,,,,,,,,,,,nan,,,,,,,,,,,,,,,
1249,-0.7192179560661316,-7.192153134383261e-06,-0.0007192153134383261,13049.346664428711,10000,ppo,ppo,crawler,flat,dth_dth_neighbours_direct,,,,,,,,,,,,,,,-2.9241859378643743e-06,0,781,0.0,0.0,,,,,,,,,,,,,,,,,,,,,,,,,,,,,,,,,,,,,,,,,,,,,,,,,,,,,,,,,,,,,,,,,,,,,,,,,,nan,,,,,,,,,,,,,,,
1250,-0.5262908935546875,-5.26291978530935e-06,-0.000526291978530935,13059.86792588234,10000,ppo,ppo,crawler,flat,dth_dth_neighbours_direct,,,,,,,,,,,,,,,6.8881535823916044e-06,0,781,0.0,0.0,,,,,,,,,,,,,,,,,,,,,,,,,,,,,,,,,,,,,,,,,,,,,,,,,,,,,,,,,,,,,,,,,,,,,,,,,,nan,,,,,,,,,,,,,,,
1251,-1.6002014875411987,-1.6001980839064345e-05,-0.0016001980839064345,13070.948993206024,10000,ppo,ppo,crawler,flat,dth_dth_neighbours_direct,,,,,,,,,,,,,,,1.6185581426538058e-05,0,781,0.0,0.0,,,,,,,,,,,,,,,,,,,,,,,,,,,,,,,,,,,,,,,,,,,,,,,,,,,,,,,,,,,,,,,,,,,,,,,,,,nan,,,,,,,,,,,,,,,
1252,-2.070856809616089,-2.0708574083982967e-05,-0.0020708574083982967,13081.882344961166,10000,ppo,ppo,crawler,flat,dth_dth_neighbours_direct,,,,,,,,,,,,,,,-1.5230379550313523e-06,0,781,0.0,0.0,,,,,,,,,,,,,,,,,,,,,,,,,,,,,,,,,,,,,,,,,,,,,,,,,,,,,,,,,,,,,,,,,,,,,,,,,,nan,,,,,,,,,,,,,,,
1253,0.3696010112762451,3.696018438859028e-06,0.0003696018438859028,13092.856813430786,10000,ppo,ppo,crawler,flat,dth_dth_neighbours_direct,,,,,,,,,,,,,,,-6.163542882733705e-06,0,781,0.0,0.0,,,,,,,,,,,,,,,,,,,,,,,,,,,,,,,,,,,,,,,,,,,,,,,,,,,,,,,,,,,,,,,,,,,,,,,,,,nan,,,,,,,,,,,,,,,
1254,-1.4152125120162964,-1.4152126823319122e-05,-0.0014152126823319122,13104.170615673065,10000,ppo,ppo,crawler,flat,dth_dth_neighbours_direct,,,,,,,,,,,,,,,-9.312256860633818e-05,0,781,0.0,0.0,,,,,,,,,,,,,,,,,,,,,,,,,,,,,,,,,,,,,,,,,,,,,,,,,,,,,,,,,,,,,,,,,,,,,,,,,,nan,,,,,,,,,,,,,,,
1255,-0.04684314876794815,-4.683974168528948e-07,-4.683974168528948e-05,13115.352867603302,10000,ppo,ppo,crawler,flat,dth_dth_neighbours_direct,,,,,,,,,,,,,,,0.0,0,781,0.0,0.0,,,,,,,,,,,,,,,,,,,,,,,,,,,,,,,,,,,,,,,,,,,,,,,,,,,,,,,,,,,,,,,,,,,,,,,,,,nan,,,,,,,,,,,,,,,
1256,-0.8714605569839478,-8.71455813467037e-06,-0.0008714558134670369,13126.349379777908,10000,ppo,ppo,crawler,flat,dth_dth_neighbours_direct,,,,,,,,,,,,,,,-8.315143679839853e-06,0,781,0.0,0.0,,,,,,,,,,,,,,,,,,,,,,,,,,,,,,,,,,,,,,,,,,,,,,,,,,,,,,,,,,,,,,,,,,,,,,,,,,nan,,,,,,,,,,,,,,,
1257,0.4697399139404297,4.697432359535014e-06,0.0004697432359535014,13137.252867221832,10000,ppo,ppo,crawler,flat,dth_dth_neighbours_direct,,,,,,,,,,,,,,,-0.01614300892944716,0,781,0.0,0.0,,,,,,,,,,,,,,,,,,,,,,,,,,,,,,,,,,,,,,,,,,,,,,,,,,,,,,,,,,,,,,,,,,,,,,,,,,nan,,,,,,,,,,,,,,,
1258,-0.38125649094581604,-3.8125465380289825e-06,-0.00038125465380289825,13148.644086837769,10000,ppo,ppo,crawler,flat,dth_dth_neighbours_direct,,,,,,,,,,,,,,,-8.458432606713567e-06,0,781,0.0,0.0,,,,,,,,,,,,,,,,,,,,,,,,,,,,,,,,,,,,,,,,,,,,,,,,,,,,,,,,,,,,,,,,,,,,,,,,,,nan,,,,,,,,,,,,,,,
1259,-0.2925336956977844,-2.9253162665554555e-06,-0.00029253162665554555,13159.846873283386,10000,ppo,ppo,crawler,flat,dth_dth_neighbours_direct,,,,,,,,,,,,,,,-4.882236200929756e-06,0,781,0.0,0.0,,,,,,,,,,,,,,,,,,,,,,,,,,,,,,,,,,,,,,,,,,,,,,,,,,,,,,,,,,,,,,,,,,,,,,,,,,nan,,,,,,,,,,,,,,,
1260,-1.1684834957122803,-1.1684810488077346e-05,-0.0011684810488077346,13171.198960065842,10000,ppo,ppo,crawler,flat,dth_dth_neighbours_direct,,,,,,,,,,,,,,,-8.96758105362576e-06,0,781,0.0,0.0,,,,,,,,,,,,,,,,,,,,,,,,,,,,,,,,,,,,,,,,,,,,,,,,,,,,,,,,,,,,,,,,,,,,,,,,,,nan,,,,,,,,,,,,,,,
1261,0.6086801290512085,6.086830580898095e-06,0.0006086830580898095,13182.216847658157,10000,ppo,ppo,crawler,flat,dth_dth_neighbours_direct,,,,,,,,,,,,,,,-0.010963036634609886,0,781,0.0,0.0,,,,,,,,,,,,,,,,,,,,,,,,,,,,,,,,,,,,,,,,,,,,,,,,,,,,,,,,,,,,,,,,,,,,,,,,,,nan,,,,,,,,,,,,,,,
1262,-2.1603522300720215,-2.1603535060421564e-05,-0.0021603535060421564,13193.98222064972,10000,ppo,ppo,crawler,flat,dth_dth_neighbours_direct,,,,,,,,,,,,,,,0.0,0,781,0.0,0.0,,,,,,,,,,,,,,,,,,,,,,,,,,,,,,,,,,,,,,,,,,,,,,,,,,,,,,,,,,,,,,,,,,,,,,,,,,nan,,,,,,,,,,,,,,,
1263,-0.07055127620697021,-7.05531135736237e-07,-7.05531135736237e-05,13205.634103536606,10000,ppo,ppo,crawler,flat,dth_dth_neighbours_direct,,,,,,,,,,,,,,,-7.479345228012637e-05,0,781,0.0,0.0,,,,,,,,,,,,,,,,,,,,,,,,,,,,,,,,,,,,,,,,,,,,,,,,,,,,,,,,,,,,,,,,,,,,,,,,,,nan,,,,,,,,,,,,,,,
1264,-0.1176268607378006,-1.1762434724005288e-06,-0.00011762434724005288,13216.576610088348,10000,ppo,ppo,crawler,flat,dth_dth_neighbours_direct,,,,,,,,,,,,,,,0.0,0,781,0.0,0.0,,,,,,,,,,,,,,,,,,,,,,,,,,,,,,,,,,,,,,,,,,,,,,,,,,,,,,,,,,,,,,,,,,,,,,,,,,nan,,,,,,,,,,,,,,,
1265,0.151634082198143,1.5163610669333139e-06,0.00015163610669333139,13227.900369882584,10000,ppo,ppo,crawler,flat,dth_dth_neighbours_direct,,,,,,,,,,,,,,,-8.990439477826203e-05,0,781,0.0,0.0,,,,,,,,,,,,,,,,,,,,,,,,,,,,,,,,,,,,,,,,,,,,,,,,,,,,,,,,,,,,,,,,,,,,,,,,,,nan,,,,,,,,,,,,,,,
1266,0.581371545791626,5.813728421344422e-06,0.0005813728421344422,13238.704003810883,10000,ppo,ppo,crawler,flat,dth_dth_neighbours_direct,,,,,,,,,,,,,,,0.0,0,781,0.0,0.0,,,,,,,,,,,,,,,,,,,,,,,,,,,,,,,,,,,,,,,,,,,,,,,,,,,,,,,,,,,,,,,,,,,,,,,,,,nan,,,,,,,,,,,,,,,
1267,0.3697190284729004,3.697223064591526e-06,0.0003697223064591526,13249.971309185028,10000,ppo,ppo,crawler,flat,dth_dth_neighbours_direct,,,,,,,,,,,,,,,-1.0322048430177222e-05,0,781,0.0,0.0,,,,,,,,,,,,,,,,,,,,,,,,,,,,,,,,,,,,,,,,,,,,,,,,,,,,,,,,,,,,,,,,,,,,,,,,,,nan,,,,,,,,,,,,,,,
1268,-0.3182806074619293,-3.182820137226372e-06,-0.0003182820137226372,13261.170753002167,10000,ppo,ppo,crawler,flat,dth_dth_neighbours_direct,,,,,,,,,,,,,,,0.0,0,781,0.0,0.0,,,,,,,,,,,,,,,,,,,,,,,,,,,,,,,,,,,,,,,,,,,,,,,,,,,,,,,,,,,,,,,,,,,,,,,,,,nan,,,,,,,,,,,,,,,
1269,-0.2799133360385895,-2.7990986382064875e-06,-0.00027990986382064875,13272.692761182785,10000,ppo,ppo,crawler,flat,dth_dth_neighbours_direct,,,,,,,,,,,,,,,-2.1468052609552953e-05,0,781,0.0,0.0,,,,,,,,,,,,,,,,,,,,,,,,,,,,,,,,,,,,,,,,,,,,,,,,,,,,,,,,,,,,,,,,,,,,,,,,,,nan,,,,,,,,,,,,,,,
1270,-1.1949291229248047,-1.1949273357458878e-05,-0.0011949273357458878,13283.651513576508,10000,ppo,ppo,crawler,flat,dth_dth_neighbours_direct,,,,,,,,,,,,,,,0.0,0,781,0.0,0.0,,,,,,,,,,,,,,,,,,,,,,,,,,,,,,,,,,,,,,,,,,,,,,,,,,,,,,,,,,,,,,,,,,,,,,,,,,nan,,,,,,,,,,,,,,,
1271,-0.8909807205200195,-8.909765710995998e-06,-0.0008909765710995998,13294.60265493393,10000,ppo,ppo,crawler,flat,dth_dth_neighbours_direct,,,,,,,,,,,,,,,-1.9884738646609836e-06,0,781,0.0,0.0,,,,,,,,,,,,,,,,,,,,,,,,,,,,,,,,,,,,,,,,,,,,,,,,,,,,,,,,,,,,,,,,,,,,,,,,,,nan,,,,,,,,,,,,,,,
1272,0.45385560393333435,4.538557732303161e-06,0.0004538557732303161,13305.647572517395,10000,ppo,ppo,crawler,flat,dth_dth_neighbours_direct,,,,,,,,,,,,,,,3.378085849303442e-06,0,781,0.0,0.0,,,,,,,,,,,,,,,,,,,,,,,,,,,,,,,,,,,,,,,,,,,,,,,,,,,,,,,,,,,,,,,,,,,,,,,,,,nan,,,,,,,,,,,,,,,
1273,0.411611944437027,4.116168383916374e-06,0.00041161683839163743,13316.787592887878,10000,ppo,ppo,crawler,flat,dth_dth_neighbours_direct,,,,,,,,,,,,,,,6.694358591080933e-06,0,781,0.0,0.0,,,,,,,,,,,,,,,,,,,,,,,,,,,,,,,,,,,,,,,,,,,,,,,,,,,,,,,,,,,,,,,,,,,,,,,,,,nan,,,,,,,,,,,,,,,
1274,-1.2638968229293823,-1.2638946827792097e-05,-0.0012638946827792097,13327.89588046074,10000,ppo,ppo,crawler,flat,dth_dth_neighbours_direct,,,,,,,,,,,,,,,-9.044647102319324e-06,0,781,0.0,0.0,,,,,,,,,,,,,,,,,,,,,,,,,,,,,,,,,,,,,,,,,,,,,,,,,,,,,,,,,,,,,,,,,,,,,,,,,,nan,,,,,,,,,,,,,,,
1275,1.121254324913025,1.1212580830033403e-05,0.0011212580830033403,13338.90819978714,10000,ppo,ppo,crawler,flat,dth_dth_neighbours_direct,,,,,,,,,,,,,,,-0.011220543988754975,0,781,0.0,0.0,,,,,,,,,,,,,,,,,,,,,,,,,,,,,,,,,,,,,,,,,,,,,,,,,,,,,,,,,,,,,,,,,,,,,,,,,,nan,,,,,,,,,,,,,,,
1276,-0.494955837726593,-4.949537469656207e-06,-0.0004949537469656207,13350.358361721039,10000,ppo,ppo,crawler,flat,dth_dth_neighbours_direct,,,,,,,,,,,,,,,-3.3919734071830477e-06,0,781,0.0,0.0,,,,,,,,,,,,,,,,,,,,,,,,,,,,,,,,,,,,,,,,,,,,,,,,,,,,,,,,,,,,,,,,,,,,,,,,,,nan,,,,,,,,,,,,,,,
1277,0.4655872881412506,4.65589846498915e-06,0.000465589846498915,13361.4506213665,10000,ppo,ppo,crawler,flat,dth_dth_neighbours_direct,,,,,,,,,,,,,,,-1.2543001158518309e-05,0,781,0.0,0.0,,,,,,,,,,,,,,,,,,,,,,,,,,,,,,,,,,,,,,,,,,,,,,,,,,,,,,,,,,,,,,,,,,,,,,,,,,nan,,,,,,,,,,,,,,,
1278,-0.19221408665180206,-1.922118144648266e-06,-0.0001922118144648266,13372.52163863182,10000,ppo,ppo,crawler,flat,dth_dth_neighbours_direct,,,,,,,,,,,,,,,0.0,0,781,0.0,0.0,,,,,,,,,,,,,,,,,,,,,,,,,,,,,,,,,,,,,,,,,,,,,,,,,,,,,,,,,,,,,,,,,,,,,,,,,,nan,,,,,,,,,,,,,,,
1279,-1.3503612279891968,-1.3503610716725234e-05,-0.0013503610716725234,13383.498207330704,10000,ppo,ppo,crawler,flat,dth_dth_neighbours_direct,,,,,,,,,,,,,,,-6.007234519407172e-06,0,781,0.0,0.0,,,,,,,,,,,,,,,,,,,,,,,,,,,,,,,,,,,,,,,,,,,,,,,,,,,,,,,,,,,,,,,,,,,,,,,,,,nan,,,,,,,,,,,,,,,
1280,1.4536184072494507,1.453621189284604e-05,0.001453621189284604,13394.858507156372,10000,ppo,ppo,crawler,flat,dth_dth_neighbours_direct,,,,,,,,,,,,,,,-4.141080037007411e-05,0,781,0.0,0.0,,,,,,,,,,,,,,,,,,,,,,,,,,,,,,,,,,,,,,,,,,,,,,,,,,,,,,,,,,,,,,,,,,,,,,,,,,nan,,,,,,,,,,,,,,,
1281,0.3657732903957367,3.6577462196873967e-06,0.00036577462196873967,13405.955823898315,10000,ppo,ppo,crawler,flat,dth_dth_neighbours_direct,,,,,,,,,,,,,,,-0.00023310397311606266,0,781,0.0,0.0,,,,,,,,,,,,,,,,,,,,,,,,,,,,,,,,,,,,,,,,,,,,,,,,,,,,,,,,,,,,,,,,,,,,,,,,,,nan,,,,,,,,,,,,,,,
1282,-0.08722181618213654,-8.722003599359596e-07,-8.722003599359596e-05,13416.79778766632,10000,ppo,ppo,crawler,flat,dth_dth_neighbours_direct,,,,,,,,,,,,,,,-3.9877539331262764e-08,0,781,0.0,0.0,,,,,,,,,,,,,,,,,,,,,,,,,,,,,,,,,,,,,,,,,,,,,,,,,,,,,,,,,,,,,,,,,,,,,,,,,,nan,,,,,,,,,,,,,,,
1283,0.8840047121047974,8.840064765536226e-06,0.0008840064765536226,13428.30593585968,10000,ppo,ppo,crawler,flat,dth_dth_neighbours_direct,,,,,,,,,,,,,,,-8.258435913336567e-05,0,781,0.0,0.0,,,,,,,,,,,,,,,,,,,,,,,,,,,,,,,,,,,,,,,,,,,,,,,,,,,,,,,,,,,,,,,,,,,,,,,,,,nan,,,,,,,,,,,,,,,
1284,-0.6984519958496094,-6.9844959398324136e-06,-0.0006984495939832414,13439.514843463898,10000,ppo,ppo,crawler,flat,dth_dth_neighbours_direct,,,,,,,,,,,,,,,0.0,0,781,0.0,0.0,,,,,,,,,,,,,,,,,,,,,,,,,,,,,,,,,,,,,,,,,,,,,,,,,,,,,,,,,,,,,,,,,,,,,,,,,,nan,,,,,,,,,,,,,,,
1285,0.025266051292419434,2.5269332581956405e-07,2.5269332581956405e-05,13450.539428949356,10000,ppo,ppo,crawler,flat,dth_dth_neighbours_direct,,,,,,,,,,,,,,,-9.383770151877068e-06,0,781,0.0,0.0,,,,,,,,,,,,,,,,,,,,,,,,,,,,,,,,,,,,,,,,,,,,,,,,,,,,,,,,,,,,,,,,,,,,,,,,,,nan,,,,,,,,,,,,,,,
1286,1.6357402801513672,1.6357416825485416e-05,0.0016357416825485416,13461.52586221695,10000,ppo,ppo,crawler,flat,dth_dth_neighbours_direct,,,,,,,,,,,,,,,-3.5364726956614155e-06,0,781,0.0,0.0,,,,,,,,,,,,,,,,,,,,,,,,,,,,,,,,,,,,,,,,,,,,,,,,,,,,,,,,,,,,,,,,,,,,,,,,,,nan,,,,,,,,,,,,,,,
1287,-0.5161077380180359,-5.161058197700186e-06,-0.0005161058197700186,13472.903195142746,10000,ppo,ppo,crawler,flat,dth_dth_neighbours_direct,,,,,,,,,,,,,,,-8.028063794333253e-06,0,781,0.0,0.0,,,,,,,,,,,,,,,,,,,,,,,,,,,,,,,,,,,,,,,,,,,,,,,,,,,,,,,,,,,,,,,,,,,,,,,,,,nan,,,,,,,,,,,,,,,
1288,-1.3892618417739868,-1.3892597053200006e-05,-0.0013892597053200006,13484.124420881271,10000,ppo,ppo,crawler,flat,dth_dth_neighbours_direct,,,,,,,,,,,,,,,-0.010446656636044707,0,781,0.0,0.0,,,,,,,,,,,,,,,,,,,,,,,,,,,,,,,,,,,,,,,,,,,,,,,,,,,,,,,,,,,,,,,,,,,,,,,,,,nan,,,,,,,,,,,,,,,
1289,0.6588234305381775,6.588277756236494e-06,0.0006588277756236494,13495.225471735,10000,ppo,ppo,crawler,flat,dth_dth_neighbours_direct,,,,,,,,,,,,,,,0.0,0,781,0.0,0.0,,,,,,,,,,,,,,,,,,,,,,,,,,,,,,,,,,,,,,,,,,,,,,,,,,,,,,,,,,,,,,,,,,,,,,,,,,nan,,,,,,,,,,,,,,,
1290,-0.5617737174034119,-5.6177136684709694e-06,-0.0005617713668470969,13506.355272054672,10000,ppo,ppo,crawler,flat,dth_dth_neighbours_direct,,,,,,,,,,,,,,,-3.7342374345404543e-06,0,781,0.0,0.0,,,,,,,,,,,,,,,,,,,,,,,,,,,,,,,,,,,,,,,,,,,,,,,,,,,,,,,,,,,,,,,,,,,,,,,,,,nan,,,,,,,,,,,,,,,
1291,0.49594250321388245,4.959430953022093e-06,0.0004959430953022093,13517.613695859909,10000,ppo,ppo,crawler,flat,dth_dth_neighbours_direct,,,,,,,,,,,,,,,-0.0001880078363052251,0,781,0.0,0.0,,,,,,,,,,,,,,,,,,,,,,,,,,,,,,,,,,,,,,,,,,,,,,,,,,,,,,,,,,,,,,,,,,,,,,,,,,nan,,,,,,,,,,,,,,,
1292,1.6221134662628174,1.6221136320382357e-05,0.0016221136320382357,13528.754824399948,10000,ppo,ppo,crawler,flat,dth_dth_neighbours_direct,,,,,,,,,,,,,,,0.0,0,781,0.0,0.0,,,,,,,,,,,,,,,,,,,,,,,,,,,,,,,,,,,,,,,,,,,,,,,,,,,,,,,,,,,,,,,,,,,,,,,,,,nan,,,,,,,,,,,,,,,
1293,0.5393252372741699,5.393269475462148e-06,0.0005393269475462148,13539.669260025024,10000,ppo,ppo,crawler,flat,dth_dth_neighbours_direct,,,,,,,,,,,,,,,-1.5906997921753783e-05,0,781,0.0,0.0,,,,,,,,,,,,,,,,,,,,,,,,,,,,,,,,,,,,,,,,,,,,,,,,,,,,,,,,,,,,,,,,,,,,,,,,,,nan,,,,,,,,,,,,,,,
1294,0.31516149640083313,3.1516465242020786e-06,0.00031516465242020786,13550.606296777725,10000,ppo,ppo,crawler,flat,dth_dth_neighbours_direct,,,,,,,,,,,,,,,-7.252038364679041e-06,0,781,0.0,0.0,,,,,,,,,,,,,,,,,,,,,,,,,,,,,,,,,,,,,,,,,,,,,,,,,,,,,,,,,,,,,,,,,,,,,,,,,,nan,,,,,,,,,,,,,,,
1295,-0.35598626732826233,-3.559865263014217e-06,-0.0003559865263014217,13562.62273478508,10000,ppo,ppo,crawler,flat,dth_dth_neighbours_direct,,,,,,,,,,,,,,,-9.682892837231353e-10,0,781,0.0,0.0,,,,,,,,,,,,,,,,,,,,,,,,,,,,,,,,,,,,,,,,,,,,,,,,,,,,,,,,,,,,,,,,,,,,,,,,,,nan,,,,,,,,,,,,,,,
1296,0.1823108196258545,1.8231149851999362e-06,0.00018231149851999362,13573.954409599304,10000,ppo,ppo,crawler,flat,dth_dth_neighbours_direct,,,,,,,,,,,,,,,-1.4936192516862355e-05,0,781,0.0,0.0,,,,,,,,,,,,,,,,,,,,,,,,,,,,,,,,,,,,,,,,,,,,,,,,,,,,,,,,,,,,,,,,,,,,,,,,,,nan,,,,,,,,,,,,,,,
1297,-0.14484213292598724,-1.4483988479696563e-06,-0.00014483988479696563,13585.026603460312,10000,ppo,ppo,crawler,flat,dth_dth_neighbours_direct,,,,,,,,,,,,,,,-9.048745637132325e-06,0,781,0.0,0.0,,,,,,,,,,,,,,,,,,,,,,,,,,,,,,,,,,,,,,,,,,,,,,,,,,,,,,,,,,,,,,,,,,,,,,,,,,nan,,,,,,,,,,,,,,,
1298,0.49524936079978943,4.952510607836302e-06,0.0004952510607836302,13596.511222362518,10000,ppo,ppo,crawler,flat,dth_dth_neighbours_direct,,,,,,,,,,,,,,,-3.9993316679238965e-05,0,781,0.0,0.0,,,,,,,,,,,,,,,,,,,,,,,,,,,,,,,,,,,,,,,,,,,,,,,,,,,,,,,,,,,,,,,,,,,,,,,,,,nan,,,,,,,,,,,,,,,
1299,0.39510029554367065,3.951035523641622e-06,0.00039510355236416217,13607.538412332535,10000,ppo,ppo,crawler,flat,dth_dth_neighbours_direct,,,,,,,,,,,,,,,0.0,0,781,0.0,0.0,,,,,,,,,,,,,,,,,,,,,,,,,,,,,,,,,,,,,,,,,,,,,,,,,,,,,,,,,,,,,,,,,,,,,,,,,,nan,,,,,,,,,,,,,,,
1300,0.0611477866768837,6.114900088505237e-07,6.114900088505237e-05,13618.889492988586,10000,ppo,ppo,crawler,flat,dth_dth_neighbours_direct,,,,,,,,,,,,,,,-2.293815304466765e-06,0,781,0.0,0.0,,,,,,,,,,,,,,,,,,,,,,,,,,,,,,,,,,,,,,,,,,,,,,,,,,,,,,,,,,,,,,,,,,,,,,,,,,nan,,,,,,,,,,,,,,,
1301,0.3404069244861603,3.4041083836200414e-06,0.00034041083836200414,13629.849759817123,10000,ppo,ppo,crawler,flat,dth_dth_neighbours_direct,,,,,,,,,,,,,,,-9.304870077421967e-06,0,781,0.0,0.0,,,,,,,,,,,,,,,,,,,,,,,,,,,,,,,,,,,,,,,,,,,,,,,,,,,,,,,,,,,,,,,,,,,,,,,,,,nan,,,,,,,,,,,,,,,
1302,1.3979305028915405,1.397934556734981e-05,0.001397934556734981,13641.14555811882,10000,ppo,ppo,crawler,flat,dth_dth_neighbours_direct,,,,,,,,,,,,,,,-4.097321231714742e-05,0,781,0.0,0.0,,,,,,,,,,,,,,,,,,,,,,,,,,,,,,,,,,,,,,,,,,,,,,,,,,,,,,,,,,,,,,,,,,,,,,,,,,nan,,,,,,,,,,,,,,,
1303,-1.0057474374771118,-1.005746435112087e-05,-0.001005746435112087,13652.165086507797,10000,ppo,ppo,crawler,flat,dth_dth_neighbours_direct,,,,,,,,,,,,,,,0.0,0,781,0.0,0.0,,,,,,,,,,,,,,,,,,,,,,,,,,,,,,,,,,,,,,,,,,,,,,,,,,,,,,,,,,,,,,,,,,,,,,,,,,nan,,,,,,,,,,,,,,,
1304,0.5631381869316101,5.63138019060716e-06,0.000563138019060716,13663.379078626633,10000,ppo,ppo,crawler,flat,dth_dth_neighbours_direct,,,,,,,,,,,,,,,-4.556365120349864e-06,0,781,0.0,0.0,,,,,,,,,,,,,,,,,,,,,,,,,,,,,,,,,,,,,,,,,,,,,,,,,,,,,,,,,,,,,,,,,,,,,,,,,,nan,,,,,,,,,,,,,,,
1305,-0.41188231110572815,-4.118800461583305e-06,-0.0004118800461583305,13674.493192911148,10000,ppo,ppo,crawler,flat,dth_dth_neighbours_direct,,,,,,,,,,,,,,,-3.687884758742915e-06,0,781,0.0,0.0,,,,,,,,,,,,,,,,,,,,,,,,,,,,,,,,,,,,,,,,,,,,,,,,,,,,,,,,,,,,,,,,,,,,,,,,,,nan,,,,,,,,,,,,,,,
1306,-1.5627354383468628,-1.562734178151004e-05,-0.001562734178151004,13685.760327100754,10000,ppo,ppo,crawler,flat,dth_dth_neighbours_direct,,,,,,,,,,,,,,,-0.010557460654693896,0,781,0.0,0.0,,,,,,,,,,,,,,,,,,,,,,,,,,,,,,,,,,,,,,,,,,,,,,,,,,,,,,,,,,,,,,,,,,,,,,,,,,nan,,,,,,,,,,,,,,,
1307,-0.19132564961910248,-1.9132442048430676e-06,-0.00019132442048430676,13696.938738584518,10000,ppo,ppo,crawler,flat,dth_dth_neighbours_direct,,,,,,,,,,,,,,,0.0,0,781,0.0,0.0,,,,,,,,,,,,,,,,,,,,,,,,,,,,,,,,,,,,,,,,,,,,,,,,,,,,,,,,,,,,,,,,,,,,,,,,,,nan,,,,,,,,,,,,,,,
1308,0.4559538960456848,4.559557055472396e-06,0.00045595570554723963,13707.948831796646,10000,ppo,ppo,crawler,flat,dth_dth_neighbours_direct,,,,,,,,,,,,,,,-3.578058335448349e-05,0,781,0.0,0.0,,,,,,,,,,,,,,,,,,,,,,,,,,,,,,,,,,,,,,,,,,,,,,,,,,,,,,,,,,,,,,,,,,,,,,,,,,nan,,,,,,,,,,,,,,,
1309,-0.6954845786094666,-6.954832315386739e-06,-0.0006954832315386739,13719.470132350922,10000,ppo,ppo,crawler,flat,dth_dth_neighbours_direct,,,,,,,,,,,,,,,-7.965701910048228e-05,0,781,0.0,0.0,,,,,,,,,,,,,,,,,,,,,,,,,,,,,,,,,,,,,,,,,,,,,,,,,,,,,,,,,,,,,,,,,,,,,,,,,,nan,,,,,,,,,,,,,,,
1310,-0.5331434607505798,-5.331412012310466e-06,-0.0005331412012310466,13730.941260576248,10000,ppo,ppo,crawler,flat,dth_dth_neighbours_direct,,,,,,,,,,,,,,,-4.1128612014914594e-05,0,781,0.0,0.0,,,,,,,,,,,,,,,,,,,,,,,,,,,,,,,,,,,,,,,,,,,,,,,,,,,,,,,,,,,,,,,,,,,,,,,,,,nan,,,,,,,,,,,,,,,
1311,1.4205989837646484,1.4206007108441554e-05,0.0014206007108441554,13742.03590798378,10000,ppo,ppo,crawler,flat,dth_dth_neighbours_direct,,,,,,,,,,,,,,,0.0,0,781,0.0,0.0,,,,,,,,,,,,,,,,,,,,,,,,,,,,,,,,,,,,,,,,,,,,,,,,,,,,,,,,,,,,,,,,,,,,,,,,,,nan,,,,,,,,,,,,,,,
1312,-0.696007251739502,-6.960092832741793e-06,-0.0006960092832741793,13753.005605697632,10000,ppo,ppo,crawler,flat,dth_dth_neighbours_direct,,,,,,,,,,,,,,,-5.897026027286861e-06,0,781,0.0,0.0,,,,,,,,,,,,,,,,,,,,,,,,,,,,,,,,,,,,,,,,,,,,,,,,,,,,,,,,,,,,,,,,,,,,,,,,,,nan,,,,,,,,,,,,,,,
1313,0.8068378567695618,8.068413990258705e-06,0.0008068413990258705,13764.543434858322,10000,ppo,ppo,crawler,flat,dth_dth_neighbours_direct,,,,,,,,,,,,,,,-0.0001808675566494999,0,781,0.0,0.0,,,,,,,,,,,,,,,,,,,,,,,,,,,,,,,,,,,,,,,,,,,,,,,,,,,,,,,,,,,,,,,,,,,,,,,,,,nan,,,,,,,,,,,,,,,
1314,0.5327214002609253,5.327234248397872e-06,0.0005327234248397872,13775.543209075928,10000,ppo,ppo,crawler,flat,dth_dth_neighbours_direct,,,,,,,,,,,,,,,0.0,0,781,0.0,0.0,,,,,,,,,,,,,,,,,,,,,,,,,,,,,,,,,,,,,,,,,,,,,,,,,,,,,,,,,,,,,,,,,,,,,,,,,,nan,,,,,,,,,,,,,,,
1315,0.7522873282432556,7.5229031608614605e-06,0.000752290316086146,13786.863163948059,10000,ppo,ppo,crawler,flat,dth_dth_neighbours_direct,,,,,,,,,,,,,,,-0.0006483135859406865,0,781,0.0,0.0,,,,,,,,,,,,,,,,,,,,,,,,,,,,,,,,,,,,,,,,,,,,,,,,,,,,,,,,,,,,,,,,,,,,,,,,,,nan,,,,,,,,,,,,,,,
1316,-0.30560871958732605,-3.0560529467038577e-06,-0.0003056052946703858,13798.17133140564,10000,ppo,ppo,crawler,flat,dth_dth_neighbours_direct,,,,,,,,,,,,,,,0.0,0,781,0.0,0.0,,,,,,,,,,,,,,,,,,,,,,,,,,,,,,,,,,,,,,,,,,,,,,,,,,,,,,,,,,,,,,,,,,,,,,,,,,nan,,,,,,,,,,,,,,,
1317,-0.7076629996299744,-7.0765986492915545e-06,-0.0007076598649291554,13809.130166769028,10000,ppo,ppo,crawler,flat,dth_dth_neighbours_direct,,,,,,,,,,,,,,,-5.4765291149500235e-05,0,781,0.0,0.0,,,,,,,,,,,,,,,,,,,,,,,,,,,,,,,,,,,,,,,,,,,,,,,,,,,,,,,,,,,,,,,,,,,,,,,,,,nan,,,,,,,,,,,,,,,
1318,-0.07928619533777237,-7.928538821033726e-07,-7.928538821033726e-05,13819.938102006912,10000,ppo,ppo,crawler,flat,dth_dth_neighbours_direct,,,,,,,,,,,,,,,0.0,0,781,0.0,0.0,,,,,,,,,,,,,,,,,,,,,,,,,,,,,,,,,,,,,,,,,,,,,,,,,,,,,,,,,,,,,,,,,,,,,,,,,,nan,,,,,,,,,,,,,,,
1319,0.2432481348514557,2.4324933747266186e-06,0.00024324933747266186,13830.785356760025,10000,ppo,ppo,crawler,flat,dth_dth_neighbours_direct,,,,,,,,,,,,,,,-0.00014296507584491552,0,781,0.0,0.0,,,,,,,,,,,,,,,,,,,,,,,,,,,,,,,,,,,,,,,,,,,,,,,,,,,,,,,,,,,,,,,,,,,,,,,,,,nan,,,,,,,,,,,,,,,
1320,0.708212673664093,7.0821097324369475e-06,0.0007082109732436948,13842.012174367905,10000,ppo,ppo,crawler,flat,dth_dth_neighbours_direct,,,,,,,,,,,,,,,0.0,0,781,0.0,0.0,,,,,,,,,,,,,,,,,,,,,,,,,,,,,,,,,,,,,,,,,,,,,,,,,,,,,,,,,,,,,,,,,,,,,,,,,,nan,,,,,,,,,,,,,,,
1321,-0.691055417060852,-6.910550382599467e-06,-0.0006910550382599467,13852.764822721481,10000,ppo,ppo,crawler,flat,dth_dth_neighbours_direct,,,,,,,,,,,,,,,-2.8584710538158343e-06,0,781,0.0,0.0,,,,,,,,,,,,,,,,,,,,,,,,,,,,,,,,,,,,,,,,,,,,,,,,,,,,,,,,,,,,,,,,,,,,,,,,,,nan,,,,,,,,,,,,,,,
1322,-0.05290937423706055,-5.29103033386491e-07,-5.29103033386491e-05,13863.862897157669,10000,ppo,ppo,crawler,flat,dth_dth_neighbours_direct,,,,,,,,,,,,,,,-1.3075144090969951e-05,0,781,0.0,0.0,,,,,,,,,,,,,,,,,,,,,,,,,,,,,,,,,,,,,,,,,,,,,,,,,,,,,,,,,,,,,,,,,,,,,,,,,,nan,,,,,,,,,,,,,,,
1323,-0.4885933995246887,-4.885908310825471e-06,-0.0004885908310825471,13874.943060398102,10000,ppo,ppo,crawler,flat,dth_dth_neighbours_direct,,,,,,,,,,,,,,,-4.305641397013402e-06,0,781,0.0,0.0,,,,,,,,,,,,,,,,,,,,,,,,,,,,,,,,,,,,,,,,,,,,,,,,,,,,,,,,,,,,,,,,,,,,,,,,,,nan,,,,,,,,,,,,,,,
1324,0.8873376846313477,8.873397746356204e-06,0.0008873397746356204,13886.226078033447,10000,ppo,ppo,crawler,flat,dth_dth_neighbours_direct,,,,,,,,,,,,,,,-0.00023543243099686127,0,781,0.0,0.0,,,,,,,,,,,,,,,,,,,,,,,,,,,,,,,,,,,,,,,,,,,,,,,,,,,,,,,,,,,,,,,,,,,,,,,,,,nan,,,,,,,,,,,,,,,
1325,-0.15744948387145996,-1.5744770962555776e-06,-0.00015744770962555776,13897.50270986557,10000,ppo,ppo,crawler,flat,dth_dth_neighbours_direct,,,,,,,,,,,,,,,-7.154846924062574e-11,0,781,0.0,0.0,,,,,,,,,,,,,,,,,,,,,,,,,,,,,,,,,,,,,,,,,,,,,,,,,,,,,,,,,,,,,,,,,,,,,,,,,,nan,,,,,,,,,,,,,,,
1326,0.15022240579128265,1.5022656043583993e-06,0.00015022656043583993,13908.825767040253,10000,ppo,ppo,crawler,flat,dth_dth_neighbours_direct,,,,,,,,,,,,,,,-0.00012159913005581586,0,781,0.0,0.0,,,,,,,,,,,,,,,,,,,,,,,,,,,,,,,,,,,,,,,,,,,,,,,,,,,,,,,,,,,,,,,,,,,,,,,,,,nan,,,,,,,,,,,,,,,
1327,-0.3548540771007538,-3.5485386433720123e-06,-0.00035485386433720123,13919.713679790497,10000,ppo,ppo,crawler,flat,dth_dth_neighbours_direct,,,,,,,,,,,,,,,0.0,0,781,0.0,0.0,,,,,,,,,,,,,,,,,,,,,,,,,,,,,,,,,,,,,,,,,,,,,,,,,,,,,,,,,,,,,,,,,,,,,,,,,,nan,,,,,,,,,,,,,,,
1328,0.5967318415641785,5.96732206759043e-06,0.000596732206759043,13930.90236401558,10000,ppo,ppo,crawler,flat,dth_dth_neighbours_direct,,,,,,,,,,,,,,,-7.125357029990564e-07,0,781,0.0,0.0,,,,,,,,,,,,,,,,,,,,,,,,,,,,,,,,,,,,,,,,,,,,,,,,,,,,,,,,,,,,,,,,,,,,,,,,,,nan,,,,,,,,,,,,,,,
1329,-0.24800550937652588,-2.480021066730842e-06,-0.0002480021066730842,13941.88882112503,10000,ppo,ppo,crawler,flat,dth_dth_neighbours_direct,,,,,,,,,,,,,,,-2.4750016667855076e-05,0,781,0.0,0.0,,,,,,,,,,,,,,,,,,,,,,,,,,,,,,,,,,,,,,,,,,,,,,,,,,,,,,,,,,,,,,,,,,,,,,,,,,nan,,,,,,,,,,,,,,,
1330,0.041617393493652344,4.1617991541897936e-07,4.1617991541897936e-05,13953.111179113388,10000,ppo,ppo,crawler,flat,dth_dth_neighbours_direct,,,,,,,,,,,,,,,-8.575359261600675e-05,0,781,0.0,0.0,,,,,,,,,,,,,,,,,,,,,,,,,,,,,,,,,,,,,,,,,,,,,,,,,,,,,,,,,,,,,,,,,,,,,,,,,,nan,,,,,,,,,,,,,,,
1331,0.2020179033279419,2.0201994175295113e-06,0.00020201994175295113,13964.165276288986,10000,ppo,ppo,crawler,flat,dth_dth_neighbours_direct,,,,,,,,,,,,,,,0.0,0,781,0.0,0.0,,,,,,,,,,,,,,,,,,,,,,,,,,,,,,,,,,,,,,,,,,,,,,,,,,,,,,,,,,,,,,,,,,,,,,,,,,nan,,,,,,,,,,,,,,,
1332,0.7203008532524109,7.203036147984676e-06,0.0007203036147984676,13975.029294013977,10000,ppo,ppo,crawler,flat,dth_dth_neighbours_direct,,,,,,,,,,,,,,,-6.936650327317388e-06,0,781,0.0,0.0,,,,,,,,,,,,,,,,,,,,,,,,,,,,,,,,,,,,,,,,,,,,,,,,,,,,,,,,,,,,,,,,,,,,,,,,,,nan,,,,,,,,,,,,,,,
1333,0.7663488388061523,7.66348784964066e-06,0.000766348784964066,13985.919168949127,10000,ppo,ppo,crawler,flat,dth_dth_neighbours_direct,,,,,,,,,,,,,,,-1.8729995244520118e-05,0,781,0.0,0.0,,,,,,,,,,,,,,,,,,,,,,,,,,,,,,,,,,,,,,,,,,,,,,,,,,,,,,,,,,,,,,,,,,,,,,,,,,nan,,,,,,,,,,,,,,,
1334,1.0906695127487183,1.0906732313742395e-05,0.0010906732313742395,13996.444227695465,10000,ppo,ppo,crawler,flat,dth_dth_neighbours_direct,,,,,,,,,,,,,,,-2.625973826028626e-05,0,781,0.0,0.0,,,,,,,,,,,,,,,,,,,,,,,,,,,,,,,,,,,,,,,,,,,,,,,,,,,,,,,,,,,,,,,,,,,,,,,,,,nan,,,,,,,,,,,,,,,
1335,0.6320468783378601,6.320477041299455e-06,0.0006320477041299455,14007.841452598572,10000,ppo,ppo,crawler,flat,dth_dth_neighbours_direct,,,,,,,,,,,,,,,-1.1471962310593199e-07,0,781,0.0,0.0,,,,,,,,,,,,,,,,,,,,,,,,,,,,,,,,,,,,,,,,,,,,,,,,,,,,,,,,,,,,,,,,,,,,,,,,,,nan,,,,,,,,,,,,,,,
1336,-0.8633010983467102,-8.633001016278286e-06,-0.0008633001016278286,14018.832692146301,10000,ppo,ppo,crawler,flat,dth_dth_neighbours_direct,,,,,,,,,,,,,,,-5.712621772564022e-06,0,781,0.0,0.0,,,,,,,,,,,,,,,,,,,,,,,,,,,,,,,,,,,,,,,,,,,,,,,,,,,,,,,,,,,,,,,,,,,,,,,,,,nan,,,,,,,,,,,,,,,
1337,-1.5452375411987305,-1.5452364095835947e-05,-0.0015452364095835947,14029.905620574951,10000,ppo,ppo,crawler,flat,dth_dth_neighbours_direct,,,,,,,,,,,,,,,1.3516841410980029e-06,0,781,0.0,0.0,,,,,,,,,,,,,,,,,,,,,,,,,,,,,,,,,,,,,,,,,,,,,,,,,,,,,,,,,,,,,,,,,,,,,,,,,,nan,,,,,,,,,,,,,,,
1338,0.01807222329080105,1.8072942964408867e-07,1.8072942964408867e-05,14040.889335632324,10000,ppo,ppo,crawler,flat,dth_dth_neighbours_direct,,,,,,,,,,,,,,,-0.0011571351827507441,0,781,0.0,0.0,,,,,,,,,,,,,,,,,,,,,,,,,,,,,,,,,,,,,,,,,,,,,,,,,,,,,,,,,,,,,,,,,,,,,,,,,,nan,,,,,,,,,,,,,,,
1339,0.20937572419643402,2.0937854969815817e-06,0.00020937854969815817,14051.803385019302,10000,ppo,ppo,crawler,flat,dth_dth_neighbours_direct,,,,,,,,,,,,,,,0.0,0,781,0.0,0.0,,,,,,,,,,,,,,,,,,,,,,,,,,,,,,,,,,,,,,,,,,,,,,,,,,,,,,,,,,,,,,,,,,,,,,,,,,nan,,,,,,,,,,,,,,,
1340,-0.9762668609619141,-9.762634363141842e-06,-0.0009762634363141842,14062.545494318008,10000,ppo,ppo,crawler,flat,dth_dth_neighbours_direct,,,,,,,,,,,,,,,-0.0001254668018080666,0,781,0.0,0.0,,,,,,,,,,,,,,,,,,,,,,,,,,,,,,,,,,,,,,,,,,,,,,,,,,,,,,,,,,,,,,,,,,,,,,,,,,nan,,,,,,,,,,,,,,,
1341,-0.0427931547164917,-4.2788633436430246e-07,-4.2788633436430246e-05,14073.355097293854,10000,ppo,ppo,crawler,flat,dth_dth_neighbours_direct,,,,,,,,,,,,,,,0.0,0,781,0.0,0.0,,,,,,,,,,,,,,,,,,,,,,,,,,,,,,,,,,,,,,,,,,,,,,,,,,,,,,,,,,,,,,,,,,,,,,,,,,nan,,,,,,,,,,,,,,,
1342,-0.6857050061225891,-6.85705208525178e-06,-0.000685705208525178,14084.477333307266,10000,ppo,ppo,crawler,flat,dth_dth_neighbours_direct,,,,,,,,,,,,,,,-1.9592832816852957e-06,0,781,0.0,0.0,,,,,,,,,,,,,,,,,,,,,,,,,,,,,,,,,,,,,,,,,,,,,,,,,,,,,,,,,,,,,,,,,,,,,,,,,,nan,,,,,,,,,,,,,,,
1343,0.2629645764827728,2.6296595478925155e-06,0.00026296595478925155,14095.367139816284,10000,ppo,ppo,crawler,flat,dth_dth_neighbours_direct,,,,,,,,,,,,,,,-0.0004183641717162236,0,781,0.0,0.0,,,,,,,,,,,,,,,,,,,,,,,,,,,,,,,,,,,,,,,,,,,,,,,,,,,,,,,,,,,,,,,,,,,,,,,,,,nan,,,,,,,,,,,,,,,
1344,-0.2046547383069992,-2.0465145098569337e-06,-0.00020465145098569337,14106.612895011902,10000,ppo,ppo,crawler,flat,dth_dth_neighbours_direct,,,,,,,,,,,,,,,-3.441292244020406e-05,0,781,0.0,0.0,,,,,,,,,,,,,,,,,,,,,,,,,,,,,,,,,,,,,,,,,,,,,,,,,,,,,,,,,,,,,,,,,,,,,,,,,,nan,,,,,,,,,,,,,,,
1345,0.10954177379608154,1.0954152003250783e-06,0.00010954152003250783,14117.627868175507,10000,ppo,ppo,crawler,flat,dth_dth_neighbours_direct,,,,,,,,,,,,,,,0.0,0,781,0.0,0.0,,,,,,,,,,,,,,,,,,,,,,,,,,,,,,,,,,,,,,,,,,,,,,,,,,,,,,,,,,,,,,,,,,,,,,,,,,nan,,,,,,,,,,,,,,,
1346,0.9964669346809387,9.964680430130102e-06,0.0009964680430130102,14128.530348300934,10000,ppo,ppo,crawler,flat,dth_dth_neighbours_direct,,,,,,,,,,,,,,,-1.1889966355014244e-05,0,781,0.0,0.0,,,,,,,,,,,,,,,,,,,,,,,,,,,,,,,,,,,,,,,,,,,,,,,,,,,,,,,,,,,,,,,,,,,,,,,,,,nan,,,,,,,,,,,,,,,
1347,0.13539563119411469,1.3539821566155297e-06,0.00013539821566155297,14139.575686693192,10000,ppo,ppo,crawler,flat,dth_dth_neighbours_direct,,,,,,,,,,,,,,,0.0,0,781,0.0,0.0,,,,,,,,,,,,,,,,,,,,,,,,,,,,,,,,,,,,,,,,,,,,,,,,,,,,,,,,,,,,,,,,,,,,,,,,,,nan,,,,,,,,,,,,,,,
1348,0.021287966519594193,2.129416856178068e-07,2.129416856178068e-05,14150.911433458328,10000,ppo,ppo,crawler,flat,dth_dth_neighbours_direct,,,,,,,,,,,,,,,-1.884036829811968e-05,0,781,0.0,0.0,,,,,,,,,,,,,,,,,,,,,,,,,,,,,,,,,,,,,,,,,,,,,,,,,,,,,,,,,,,,,,,,,,,,,,,,,,nan,,,,,,,,,,,,,,,
1349,-1.2919520139694214,-1.2919521395815536e-05,-0.0012919521395815536,14162.134615182877,10000,ppo,ppo,crawler,flat,dth_dth_neighbours_direct,,,,,,,,,,,,,,,-5.669562711300526e-06,0,781,0.0,0.0,,,,,,,,,,,,,,,,,,,,,,,,,,,,,,,,,,,,,,,,,,,,,,,,,,,,,,,,,,,,,,,,,,,,,,,,,,nan,,,,,,,,,,,,,,,
1350,0.0369768850505352,3.6977112927161215e-07,3.6977112927161215e-05,14173.449160575867,10000,ppo,ppo,crawler,flat,dth_dth_neighbours_direct,,,,,,,,,,,,,,,-8.147880053398093e-06,0,781,0.0,0.0,,,,,,,,,,,,,,,,,,,,,,,,,,,,,,,,,,,,,,,,,,,,,,,,,,,,,,,,,,,,,,,,,,,,,,,,,,nan,,,,,,,,,,,,,,,
1351,-0.2796895503997803,-2.7968967515334953e-06,-0.0002796896751533495,14184.410125255585,10000,ppo,ppo,crawler,flat,dth_dth_neighbours_direct,,,,,,,,,,,,,,,-0.0007155108934556934,0,781,0.0,0.0,,,,,,,,,,,,,,,,,,,,,,,,,,,,,,,,,,,,,,,,,,,,,,,,,,,,,,,,,,,,,,,,,,,,,,,,,,nan,,,,,,,,,,,,,,,
1352,-0.08859095722436905,-8.859357762958098e-07,-8.859357762958098e-05,14195.490526914597,10000,ppo,ppo,crawler,flat,dth_dth_neighbours_direct,,,,,,,,,,,,,,,0.0,0,781,0.0,0.0,,,,,,,,,,,,,,,,,,,,,,,,,,,,,,,,,,,,,,,,,,,,,,,,,,,,,,,,,,,,,,,,,,,,,,,,,,nan,,,,,,,,,,,,,,,
1353,1.3894726037979126,1.3894754374632612e-05,0.0013894754374632612,14207.0182762146,10000,ppo,ppo,crawler,flat,dth_dth_neighbours_direct,,,,,,,,,,,,,,,-0.00010095545533142993,0,781,0.0,0.0,,,,,,,,,,,,,,,,,,,,,,,,,,,,,,,,,,,,,,,,,,,,,,,,,,,,,,,,,,,,,,,,,,,,,,,,,,nan,,,,,,,,,,,,,,,
1354,-0.7983353734016418,-7.983312571013812e-06,-0.0007983312571013812,14217.956180810928,10000,ppo,ppo,crawler,flat,dth_dth_neighbours_direct,,,,,,,,,,,,,,,0.0,0,781,0.0,0.0,,,,,,,,,,,,,,,,,,,,,,,,,,,,,,,,,,,,,,,,,,,,,,,,,,,,,,,,,,,,,,,,,,,,,,,,,,nan,,,,,,,,,,,,,,,
1355,-0.927085816860199,-9.270849659515079e-06,-0.0009270849659515079,14229.298723936081,10000,ppo,ppo,crawler,flat,dth_dth_neighbours_direct,,,,,,,,,,,,,,,-4.83219174336685e-05,0,781,0.0,0.0,,,,,,,,,,,,,,,,,,,,,,,,,,,,,,,,,,,,,,,,,,,,,,,,,,,,,,,,,,,,,,,,,,,,,,,,,,nan,,,,,,,,,,,,,,,
1356,0.42802175879478455,4.2802616917470004e-06,0.00042802616917470004,14240.62472987175,10000,ppo,ppo,crawler,flat,dth_dth_neighbours_direct,,,,,,,,,,,,,,,0.0,0,781,0.0,0.0,,,,,,,,,,,,,,,,,,,,,,,,,,,,,,,,,,,,,,,,,,,,,,,,,,,,,,,,,,,,,,,,,,,,,,,,,,nan,,,,,,,,,,,,,,,
1357,-0.9143932461738586,-9.143953320744913e-06,-0.0009143953320744913,14251.95431137085,10000,ppo,ppo,crawler,flat,dth_dth_neighbours_direct,,,,,,,,,,,,,,,-3.7832922575263146e-07,0,781,0.0,0.0,,,,,,,,,,,,,,,,,,,,,,,,,,,,,,,,,,,,,,,,,,,,,,,,,,,,,,,,,,,,,,,,,,,,,,,,,,nan,,,,,,,,,,,,,,,
1358,0.4256816804409027,4.256854936102172e-06,0.00042568549361021724,14263.158849477768,10000,ppo,ppo,crawler,flat,dth_dth_neighbours_direct,,,,,,,,,,,,,,,-8.792589238526422e-05,0,781,0.0,0.0,,,,,,,,,,,,,,,,,,,,,,,,,,,,,,,,,,,,,,,,,,,,,,,,,,,,,,,,,,,,,,,,,,,,,,,,,,nan,,,,,,,,,,,,,,,
1359,1.4613317251205444,1.4613338862545788e-05,0.0014613338862545788,14274.25294470787,10000,ppo,ppo,crawler,flat,dth_dth_neighbours_direct,,,,,,,,,,,,,,,-2.8237962806728525e-06,0,781,0.0,0.0,,,,,,,,,,,,,,,,,,,,,,,,,,,,,,,,,,,,,,,,,,,,,,,,,,,,,,,,,,,,,,,,,,,,,,,,,,nan,,,,,,,,,,,,,,,
1360,1.0228692293167114,1.0228724931948818e-05,0.0010228724931948818,14285.067456245422,10000,ppo,ppo,crawler,flat,dth_dth_neighbours_direct,,,,,,,,,,,,,,,-4.3661223912895415e-05,0,781,0.0,0.0,,,,,,,,,,,,,,,,,,,,,,,,,,,,,,,,,,,,,,,,,,,,,,,,,,,,,,,,,,,,,,,,,,,,,,,,,,nan,,,,,,,,,,,,,,,
1361,-0.5566377639770508,-5.56637405679794e-06,-0.000556637405679794,14296.239706754684,10000,ppo,ppo,crawler,flat,dth_dth_neighbours_direct,,,,,,,,,,,,,,,0.0,0,781,0.0,0.0,,,,,,,,,,,,,,,,,,,,,,,,,,,,,,,,,,,,,,,,,,,,,,,,,,,,,,,,,,,,,,,,,,,,,,,,,,nan,,,,,,,,,,,,,,,
1362,0.8063467144966125,8.06346633908106e-06,0.000806346633908106,14306.981060743332,10000,ppo,ppo,crawler,flat,dth_dth_neighbours_direct,,,,,,,,,,,,,,,-1.5300105918537486e-05,0,781,0.0,0.0,,,,,,,,,,,,,,,,,,,,,,,,,,,,,,,,,,,,,,,,,,,,,,,,,,,,,,,,,,,,,,,,,,,,,,,,,,nan,,,,,,,,,,,,,,,
1363,-1.1474459171295166,-1.147444527305197e-05,-0.001147444527305197,14317.706179380417,10000,ppo,ppo,crawler,flat,dth_dth_neighbours_direct,,,,,,,,,,,,,,,0.0,0,781,0.0,0.0,,,,,,,,,,,,,,,,,,,,,,,,,,,,,,,,,,,,,,,,,,,,,,,,,,,,,,,,,,,,,,,,,,,,,,,,,,nan,,,,,,,,,,,,,,,
1364,0.04153859615325928,4.154451005433657e-07,4.154451005433657e-05,14329.015557527542,10000,ppo,ppo,crawler,flat,dth_dth_neighbours_direct,,,,,,,,,,,,,,,-1.7784397557816645e-06,0,781,0.0,0.0,,,,,,,,,,,,,,,,,,,,,,,,,,,,,,,,,,,,,,,,,,,,,,,,,,,,,,,,,,,,,,,,,,,,,,,,,,nan,,,,,,,,,,,,,,,
1365,0.44777971506118774,4.477798938751221e-06,0.00044777989387512207,14339.894624233246,10000,ppo,ppo,crawler,flat,dth_dth_neighbours_direct,,,,,,,,,,,,,,,-2.381346390013811e-05,0,781,0.0,0.0,,,,,,,,,,,,,,,,,,,,,,,,,,,,,,,,,,,,,,,,,,,,,,,,,,,,,,,,,,,,,,,,,,,,,,,,,,nan,,,,,,,,,,,,,,,
1366,-0.5943328738212585,-5.943336873315275e-06,-0.0005943336873315275,14350.942574977875,10000,ppo,ppo,crawler,flat,dth_dth_neighbours_direct,,,,,,,,,,,,,,,0.0,0,781,0.0,0.0,,,,,,,,,,,,,,,,,,,,,,,,,,,,,,,,,,,,,,,,,,,,,,,,,,,,,,,,,,,,,,,,,,,,,,,,,,nan,,,,,,,,,,,,,,,
1367,1.9726097583770752,1.9726141545106657e-05,0.0019726141545106657,14361.915843963623,10000,ppo,ppo,crawler,flat,dth_dth_neighbours_direct,,,,,,,,,,,,,,,-0.0016056798248242935,0,781,0.0,0.0,,,,,,,,,,,,,,,,,,,,,,,,,,,,,,,,,,,,,,,,,,,,,,,,,,,,,,,,,,,,,,,,,,,,,,,,,,nan,,,,,,,,,,,,,,,
1368,-2.033721923828125,-2.0337245587143116e-05,-0.0020337245587143116,14373.230528116226,10000,ppo,ppo,crawler,flat,dth_dth_neighbours_direct,,,,,,,,,,,,,,,0.0,0,781,0.0,0.0,,,,,,,,,,,,,,,,,,,,,,,,,,,,,,,,,,,,,,,,,,,,,,,,,,,,,,,,,,,,,,,,,,,,,,,,,,nan,,,,,,,,,,,,,,,
1369,-0.4482612609863281,-4.482603799260687e-06,-0.0004482603799260687,14384.189483642578,10000,ppo,ppo,crawler,flat,dth_dth_neighbours_direct,,,,,,,,,,,,,,,-1.652492985377391e-06,0,781,0.0,0.0,,,,,,,,,,,,,,,,,,,,,,,,,,,,,,,,,,,,,,,,,,,,,,,,,,,,,,,,,,,,,,,,,,,,,,,,,,nan,,,,,,,,,,,,,,,
1370,-0.3875907063484192,-3.875938546116231e-06,-0.0003875938546116231,14394.727435350418,10000,ppo,ppo,crawler,flat,dth_dth_neighbours_direct,,,,,,,,,,,,,,,-5.137320445724089e-05,0,781,0.0,0.0,,,,,,,,,,,,,,,,,,,,,,,,,,,,,,,,,,,,,,,,,,,,,,,,,,,,,,,,,,,,,,,,,,,,,,,,,,nan,,,,,,,,,,,,,,,
1371,0.5498356223106384,5.498399787029484e-06,0.0005498399787029484,14405.794822692871,10000,ppo,ppo,crawler,flat,dth_dth_neighbours_direct,,,,,,,,,,,,,,,0.0,0,781,0.0,0.0,,,,,,,,,,,,,,,,,,,,,,,,,,,,,,,,,,,,,,,,,,,,,,,,,,,,,,,,,,,,,,,,,,,,,,,,,,nan,,,,,,,,,,,,,,,
1372,0.47844788432121277,4.784511475008912e-06,0.00047845114750089124,14417.213671684265,10000,ppo,ppo,crawler,flat,dth_dth_neighbours_direct,,,,,,,,,,,,,,,-3.771961364947574e-06,0,781,0.0,0.0,,,,,,,,,,,,,,,,,,,,,,,,,,,,,,,,,,,,,,,,,,,,,,,,,,,,,,,,,,,,,,,,,,,,,,,,,,nan,,,,,,,,,,,,,,,
1373,0.7404759526252747,7.404781626974e-06,0.0007404781626974,14427.930594444275,10000,ppo,ppo,crawler,flat,dth_dth_neighbours_direct,,,,,,,,,,,,,,,-1.9597376144649736e-06,0,781,0.0,0.0,,,,,,,,,,,,,,,,,,,,,,,,,,,,,,,,,,,,,,,,,,,,,,,,,,,,,,,,,,,,,,,,,,,,,,,,,,nan,,,,,,,,,,,,,,,
1374,0.36166316270828247,3.6166577501717256e-06,0.00036166577501717256,14438.788814783096,10000,ppo,ppo,crawler,flat,dth_dth_neighbours_direct,,,,,,,,,,,,,,,-0.0002530142235618547,0,781,0.0,0.0,,,,,,,,,,,,,,,,,,,,,,,,,,,,,,,,,,,,,,,,,,,,,,,,,,,,,,,,,,,,,,,,,,,,,,,,,,nan,,,,,,,,,,,,,,,
1375,0.08563726395368576,8.563577011955203e-07,8.563577011955203e-05,14450.066920995712,10000,ppo,ppo,crawler,flat,dth_dth_neighbours_direct,,,,,,,,,,,,,,,0.0,0,781,0.0,0.0,,,,,,,,,,,,,,,,,,,,,,,,,,,,,,,,,,,,,,,,,,,,,,,,,,,,,,,,,,,,,,,,,,,,,,,,,,nan,,,,,,,,,,,,,,,
1376,1.1981050968170166,1.1981099305558018e-05,0.0011981099305558018,14461.148474216461,10000,ppo,ppo,crawler,flat,dth_dth_neighbours_direct,,,,,,,,,,,,,,,-3.7647141012507424e-05,0,781,0.0,0.0,,,,,,,,,,,,,,,,,,,,,,,,,,,,,,,,,,,,,,,,,,,,,,,,,,,,,,,,,,,,,,,,,,,,,,,,,,nan,,,,,,,,,,,,,,,
1377,-2.730482816696167,-2.7304820832796395e-05,-0.0027304820832796395,14471.771765232086,10000,ppo,ppo,crawler,flat,dth_dth_neighbours_direct,,,,,,,,,,,,,,,-2.6150035377348582e-06,0,781,0.0,0.0,,,,,,,,,,,,,,,,,,,,,,,,,,,,,,,,,,,,,,,,,,,,,,,,,,,,,,,,,,,,,,,,,,,,,,,,,,nan,,,,,,,,,,,,,,,
1378,1.171735405921936,1.1717374036379624e-05,0.0011717374036379624,14482.663645267487,10000,ppo,ppo,crawler,flat,dth_dth_neighbours_direct,,,,,,,,,,,,,,,-2.510539195220083e-06,0,781,0.0,0.0,,,,,,,,,,,,,,,,,,,,,,,,,,,,,,,,,,,,,,,,,,,,,,,,,,,,,,,,,,,,,,,,,,,,,,,,,,nan,,,,,,,,,,,,,,,
1379,-0.566441535949707,-5.664393029292114e-06,-0.0005664393029292114,14493.739840745926,10000,ppo,ppo,crawler,flat,dth_dth_neighbours_direct,,,,,,,,,,,,,,,-0.0003940624896813752,0,781,0.0,0.0,,,,,,,,,,,,,,,,,,,,,,,,,,,,,,,,,,,,,,,,,,,,,,,,,,,,,,,,,,,,,,,,,,,,,,,,,,nan,,,,,,,,,,,,,,,
1380,-0.1440163105726242,-1.4401526868823566e-06,-0.00014401526868823566,14504.630806207657,10000,ppo,ppo,crawler,flat,dth_dth_neighbours_direct,,,,,,,,,,,,,,,0.0,0,781,0.0,0.0,,,,,,,,,,,,,,,,,,,,,,,,,,,,,,,,,,,,,,,,,,,,,,,,,,,,,,,,,,,,,,,,,,,,,,,,,,nan,,,,,,,,,,,,,,,
1381,-0.6268593072891235,-6.268583092605695e-06,-0.0006268583092605695,14515.531408309937,10000,ppo,ppo,crawler,flat,dth_dth_neighbours_direct,,,,,,,,,,,,,,,-3.4443671587334706e-07,0,781,0.0,0.0,,,,,,,,,,,,,,,,,,,,,,,,,,,,,,,,,,,,,,,,,,,,,,,,,,,,,,,,,,,,,,,,,,,,,,,,,,nan,,,,,,,,,,,,,,,
1382,0.4357520043849945,4.3575478230195586e-06,0.00043575478230195586,14526.889453172684,10000,ppo,ppo,crawler,flat,dth_dth_neighbours_direct,,,,,,,,,,,,,,,-0.00010698656915244617,0,781,0.0,0.0,,,,,,,,,,,,,,,,,,,,,,,,,,,,,,,,,,,,,,,,,,,,,,,,,,,,,,,,,,,,,,,,,,,,,,,,,,nan,,,,,,,,,,,,,,,
1383,-0.21697258949279785,-2.169718982258928e-06,-0.0002169718982258928,14537.615718603134,10000,ppo,ppo,crawler,flat,dth_dth_neighbours_direct,,,,,,,,,,,,,,,-5.962372436718812e-11,0,781,0.0,0.0,,,,,,,,,,,,,,,,,,,,,,,,,,,,,,,,,,,,,,,,,,,,,,,,,,,,,,,,,,,,,,,,,,,,,,,,,,nan,,,,,,,,,,,,,,,
1384,0.5340182185173035,5.340195002645487e-06,0.0005340195002645487,14548.776154994965,10000,ppo,ppo,crawler,flat,dth_dth_neighbours_direct,,,,,,,,,,,,,,,-0.0017460935883863177,0,781,0.0,0.0,,,,,,,,,,,,,,,,,,,,,,,,,,,,,,,,,,,,,,,,,,,,,,,,,,,,,,,,,,,,,,,,,,,,,,,,,,nan,,,,,,,,,,,,,,,
1385,1.4415010213851929,1.441504809918115e-05,0.001441504809918115,14559.624181747437,10000,ppo,ppo,crawler,flat,dth_dth_neighbours_direct,,,,,,,,,,,,,,,-3.379906757845616e-06,0,781,0.0,0.0,,,,,,,,,,,,,,,,,,,,,,,,,,,,,,,,,,,,,,,,,,,,,,,,,,,,,,,,,,,,,,,,,,,,,,,,,,nan,,,,,,,,,,,,,,,
1386,0.771159827709198,7.711667421972379e-06,0.0007711667421972379,14571.008386611938,10000,ppo,ppo,crawler,flat,dth_dth_neighbours_direct,,,,,,,,,,,,,,,-0.00014273682549576752,0,781,0.0,0.0,,,,,,,,,,,,,,,,,,,,,,,,,,,,,,,,,,,,,,,,,,,,,,,,,,,,,,,,,,,,,,,,,,,,,,,,,,nan,,,,,,,,,,,,,,,
1387,-0.9707508087158203,-9.707509889267385e-06,-0.0009707509889267385,14582.040481328964,10000,ppo,ppo,crawler,flat,dth_dth_neighbours_direct,,,,,,,,,,,,,,,0.0,0,781,0.0,0.0,,,,,,,,,,,,,,,,,,,,,,,,,,,,,,,,,,,,,,,,,,,,,,,,,,,,,,,,,,,,,,,,,,,,,,,,,,nan,,,,,,,,,,,,,,,
1388,1.1022775173187256,1.1022786566172726e-05,0.0011022786566172726,14593.017807483673,10000,ppo,ppo,crawler,flat,dth_dth_neighbours_direct,,,,,,,,,,,,,,,0.0,0,781,0.0,0.0,,,,,,,,,,,,,,,,,,,,,,,,,,,,,,,,,,,,,,,,,,,,,,,,,,,,,,,,,,,,,,,,,,,,,,,,,,nan,,,,,,,,,,,,,,,
1389,-0.6632160544395447,-6.6321563281235285e-06,-0.0006632156328123529,14603.975494384766,10000,ppo,ppo,crawler,flat,dth_dth_neighbours_direct,,,,,,,,,,,,,,,-1.9869761167048796e-05,0,781,0.0,0.0,,,,,,,,,,,,,,,,,,,,,,,,,,,,,,,,,,,,,,,,,,,,,,,,,,,,,,,,,,,,,,,,,,,,,,,,,,nan,,,,,,,,,,,,,,,
1390,0.03875467926263809,3.8756610365453525e-07,3.8756610365453525e-05,14615.257052183151,10000,ppo,ppo,crawler,flat,dth_dth_neighbours_direct,,,,,,,,,,,,,,,-3.9427749879381565e-06,0,781,0.0,0.0,,,,,,,,,,,,,,,,,,,,,,,,,,,,,,,,,,,,,,,,,,,,,,,,,,,,,,,,,,,,,,,,,,,,,,,,,,nan,,,,,,,,,,,,,,,
1391,0.3773726522922516,3.7737625007139286e-06,0.00037737625007139286,14626.394767284393,10000,ppo,ppo,crawler,flat,dth_dth_neighbours_direct,,,,,,,,,,,,,,,-0.00019586604164863213,0,781,0.0,0.0,,,,,,,,,,,,,,,,,,,,,,,,,,,,,,,,,,,,,,,,,,,,,,,,,,,,,,,,,,,,,,,,,,,,,,,,,,nan,,,,,,,,,,,,,,,
1392,0.87939453125,8.793977940513287e-06,0.0008793977940513287,14637.492436408997,10000,ppo,ppo,crawler,flat,dth_dth_neighbours_direct,,,,,,,,,,,,,,,0.0,0,781,0.0,0.0,,,,,,,,,,,,,,,,,,,,,,,,,,,,,,,,,,,,,,,,,,,,,,,,,,,,,,,,,,,,,,,,,,,,,,,,,,nan,,,,,,,,,,,,,,,
1393,2.2716469764709473,2.2716514649800956e-05,0.0022716514649800956,14648.67089343071,10000,ppo,ppo,crawler,flat,dth_dth_neighbours_direct,,,,,,,,,,,,,,,-0.002336379108418652,0,781,0.0,0.0,,,,,,,,,,,,,,,,,,,,,,,,,,,,,,,,,,,,,,,,,,,,,,,,,,,,,,,,,,,,,,,,,,,,,,,,,,nan,,,,,,,,,,,,,,,
1394,-0.5723622441291809,-5.723614322050707e-06,-0.0005723614322050707,14659.686779499054,10000,ppo,ppo,crawler,flat,dth_dth_neighbours_direct,,,,,,,,,,,,,,,0.0,0,781,0.0,0.0,,,,,,,,,,,,,,,,,,,,,,,,,,,,,,,,,,,,,,,,,,,,,,,,,,,,,,,,,,,,,,,,,,,,,,,,,,nan,,,,,,,,,,,,,,,
1395,-0.41960740089416504,-4.19604384660488e-06,-0.000419604384660488,14670.961762666702,10000,ppo,ppo,crawler,flat,dth_dth_neighbours_direct,,,,,,,,,,,,,,,-1.0682792234664995e-05,0,781,0.0,0.0,,,,,,,,,,,,,,,,,,,,,,,,,,,,,,,,,,,,,,,,,,,,,,,,,,,,,,,,,,,,,,,,,,,,,,,,,,nan,,,,,,,,,,,,,,,
1396,0.030555009841918945,3.0555185048797284e-07,3.0555185048797284e-05,14682.05012512207,10000,ppo,ppo,crawler,flat,dth_dth_neighbours_direct,,,,,,,,,,,,,,,-0.0001235611488739751,0,781,0.0,0.0,,,,,,,,,,,,,,,,,,,,,,,,,,,,,,,,,,,,,,,,,,,,,,,,,,,,,,,,,,,,,,,,,,,,,,,,,,nan,,,,,,,,,,,,,,,
1397,-0.2252754271030426,-2.2527201508637518e-06,-0.00022527201508637518,14693.443742513657,10000,ppo,ppo,crawler,flat,dth_dth_neighbours_direct,,,,,,,,,,,,,,,0.0,0,781,0.0,0.0,,,,,,,,,,,,,,,,,,,,,,,,,,,,,,,,,,,,,,,,,,,,,,,,,,,,,,,,,,,,,,,,,,,,,,,,,,nan,,,,,,,,,,,,,,,
1398,1.2337907552719116,1.2337964108155575e-05,0.0012337964108155575,14704.322168827057,10000,ppo,ppo,crawler,flat,dth_dth_neighbours_direct,,,,,,,,,,,,,,,-4.906778518353778e-06,0,781,0.0,0.0,,,,,,,,,,,,,,,,,,,,,,,,,,,,,,,,,,,,,,,,,,,,,,,,,,,,,,,,,,,,,,,,,,,,,,,,,,nan,,,,,,,,,,,,,,,
1399,-1.050688624382019,-1.0506862963666208e-05,-0.0010506862963666208,14715.495486497879,10000,ppo,ppo,crawler,flat,dth_dth_neighbours_direct,,,,,,,,,,,,,,,-7.526092732112936e-05,0,781,0.0,0.0,,,,,,,,,,,,,,,,,,,,,,,,,,,,,,,,,,,,,,,,,,,,,,,,,,,,,,,,,,,,,,,,,,,,,,,,,,nan,,,,,,,,,,,,,,,
1400,-0.6087474822998047,-6.087429483159212e-06,-0.0006087429483159212,14726.793914794922,10000,ppo,ppo,crawler,flat,dth_dth_neighbours_direct,,,,,,,,,,,,,,,0.0,0,781,0.0,0.0,,,,,,,,,,,,,,,,,,,,,,,,,,,,,,,,,,,,,,,,,,,,,,,,,,,,,,,,,,,,,,,,,,,,,,,,,,nan,,,,,,,,,,,,,,,
1401,-0.16158151626586914,-1.6158307971636532e-06,-0.00016158307971636532,14737.985361099243,10000,ppo,ppo,crawler,flat,dth_dth_neighbours_direct,,,,,,,,,,,,,,,-2.6999287087847114e-05,0,781,0.0,0.0,,,,,,,,,,,,,,,,,,,,,,,,,,,,,,,,,,,,,,,,,,,,,,,,,,,,,,,,,,,,,,,,,,,,,,,,,,nan,,,,,,,,,,,,,,,
1402,0.5556761622428894,5.556727501243586e-06,0.0005556727501243586,14749.202916622162,10000,ppo,ppo,crawler,flat,dth_dth_neighbours_direct,,,,,,,,,,,,,,,0.0,0,781,0.0,0.0,,,,,,,,,,,,,,,,,,,,,,,,,,,,,,,,,,,,,,,,,,,,,,,,,,,,,,,,,,,,,,,,,,,,,,,,,,nan,,,,,,,,,,,,,,,
1403,0.47501835227012634,4.750230800709687e-06,0.0004750230800709687,14760.18802523613,10000,ppo,ppo,crawler,flat,dth_dth_neighbours_direct,,,,,,,,,,,,,,,-7.437160727538159e-05,0,781,0.0,0.0,,,,,,,,,,,,,,,,,,,,,,,,,,,,,,,,,,,,,,,,,,,,,,,,,,,,,,,,,,,,,,,,,,,,,,,,,,nan,,,,,,,,,,,,,,,
1404,-0.8830041289329529,-8.830051228869706e-06,-0.0008830051228869706,14770.991060972214,10000,ppo,ppo,crawler,flat,dth_dth_neighbours_direct,,,,,,,,,,,,,,,-4.513071141612362e-06,0,781,0.0,0.0,,,,,,,,,,,,,,,,,,,,,,,,,,,,,,,,,,,,,,,,,,,,,,,,,,,,,,,,,,,,,,,,,,,,,,,,,,nan,,,,,,,,,,,,,,,
1405,0.3046000897884369,3.04603281620075e-06,0.000304603281620075,14782.083094596863,10000,ppo,ppo,crawler,flat,dth_dth_neighbours_direct,,,,,,,,,,,,,,,0.0,0,781,0.0,0.0,,,,,,,,,,,,,,,,,,,,,,,,,,,,,,,,,,,,,,,,,,,,,,,,,,,,,,,,,,,,,,,,,,,,,,,,,,nan,,,,,,,,,,,,,,,
1406,1.0799098014831543,1.0799085430335253e-05,0.0010799085430335253,14793.147035360336,10000,ppo,ppo,crawler,flat,dth_dth_neighbours_direct,,,,,,,,,,,,,,,-1.828201119901276e-05,0,781,0.0,0.0,,,,,,,,,,,,,,,,,,,,,,,,,,,,,,,,,,,,,,,,,,,,,,,,,,,,,,,,,,,,,,,,,,,,,,,,,,nan,,,,,,,,,,,,,,,
1407,-0.6826165318489075,-6.8261742853792384e-06,-0.0006826174285379238,14804.374027490616,10000,ppo,ppo,crawler,flat,dth_dth_neighbours_direct,,,,,,,,,,,,,,,-1.0309192362729169e-05,0,781,0.0,0.0,,,,,,,,,,,,,,,,,,,,,,,,,,,,,,,,,,,,,,,,,,,,,,,,,,,,,,,,,,,,,,,,,,,,,,,,,,nan,,,,,,,,,,,,,,,
1408,0.20178435742855072,2.017853375946288e-06,0.0002017853375946288,14815.634888410568,10000,ppo,ppo,crawler,flat,dth_dth_neighbours_direct,,,,,,,,,,,,,,,-7.730156240481573e-07,0,781,0.0,0.0,,,,,,,,,,,,,,,,,,,,,,,,,,,,,,,,,,,,,,,,,,,,,,,,,,,,,,,,,,,,,,,,,,,,,,,,,,nan,,,,,,,,,,,,,,,
1409,1.2553520202636719,1.2553568012663163e-05,0.0012553568012663163,14826.604868888855,10000,ppo,ppo,crawler,flat,dth_dth_neighbours_direct,,,,,,,,,,,,,,,-0.0034548544328511905,0,781,0.0,0.0,,,,,,,,,,,,,,,,,,,,,,,,,,,,,,,,,,,,,,,,,,,,,,,,,,,,,,,,,,,,,,,,,,,,,,,,,,nan,,,,,,,,,,,,,,,
1410,0.9585244059562683,9.5852719823597e-06,0.00095852719823597,14837.693779468536,10000,ppo,ppo,crawler,flat,dth_dth_neighbours_direct,,,,,,,,,,,,,,,-0.0003175158232507724,0,781,0.0,0.0,,,,,,,,,,,,,,,,,,,,,,,,,,,,,,,,,,,,,,,,,,,,,,,,,,,,,,,,,,,,,,,,,,,,,,,,,,nan,,,,,,,,,,,,,,,
1411,-0.9072681665420532,-9.072680768440478e-06,-0.0009072680768440478,14848.896857261658,10000,ppo,ppo,crawler,flat,dth_dth_neighbours_direct,,,,,,,,,,,,,,,0.0,0,781,0.0,0.0,,,,,,,,,,,,,,,,,,,,,,,,,,,,,,,,,,,,,,,,,,,,,,,,,,,,,,,,,,,,,,,,,,,,,,,,,,nan,,,,,,,,,,,,,,,
1412,-1.1029047966003418,-1.1029039342247415e-05,-0.0011029039342247415,14860.43995642662,10000,ppo,ppo,crawler,flat,dth_dth_neighbours_direct,,,,,,,,,,,,,,,-5.074262752575697e-06,0,781,0.0,0.0,,,,,,,,,,,,,,,,,,,,,,,,,,,,,,,,,,,,,,,,,,,,,,,,,,,,,,,,,,,,,,,,,,,,,,,,,,nan,,,,,,,,,,,,,,,
1413,0.08805520832538605,8.805316724647128e-07,8.805316724647128e-05,14871.828825950623,10000,ppo,ppo,crawler,flat,dth_dth_neighbours_direct,,,,,,,,,,,,,,,-9.463803077095144e-06,0,781,0.0,0.0,,,,,,,,,,,,,,,,,,,,,,,,,,,,,,,,,,,,,,,,,,,,,,,,,,,,,,,,,,,,,,,,,,,,,,,,,,nan,,,,,,,,,,,,,,,
1414,1.1654093265533447,1.16541095849243e-05,0.00116541095849243,14883.074049472809,10000,ppo,ppo,crawler,flat,dth_dth_neighbours_direct,,,,,,,,,,,,,,,-1.0312730434533119e-05,0,781,0.0,0.0,,,,,,,,,,,,,,,,,,,,,,,,,,,,,,,,,,,,,,,,,,,,,,,,,,,,,,,,,,,,,,,,,,,,,,,,,,nan,,,,,,,,,,,,,,,
1415,1.0564874410629272,1.0564884178165812e-05,0.0010564884178165812,14894.574452161789,10000,ppo,ppo,crawler,flat,dth_dth_neighbours_direct,,,,,,,,,,,,,,,-4.753902573591616e-05,0,781,0.0,0.0,,,,,,,,,,,,,,,,,,,,,,,,,,,,,,,,,,,,,,,,,,,,,,,,,,,,,,,,,,,,,,,,,,,,,,,,,,nan,,,,,,,,,,,,,,,
1416,-0.23620644211769104,-2.3620582396688405e-06,-0.00023620582396688405,14905.384566545486,10000,ppo,ppo,crawler,flat,dth_dth_neighbours_direct,,,,,,,,,,,,,,,-6.003357784848818e-07,0,781,0.0,0.0,,,,,,,,,,,,,,,,,,,,,,,,,,,,,,,,,,,,,,,,,,,,,,,,,,,,,,,,,,,,,,,,,,,,,,,,,,nan,,,,,,,,,,,,,,,
1417,-1.0083173513412476,-1.008313392958371e-05,-0.001008313392958371,14916.832821130753,10000,ppo,ppo,crawler,flat,dth_dth_neighbours_direct,,,,,,,,,,,,,,,-6.035663111185448e-06,0,781,0.0,0.0,,,,,,,,,,,,,,,,,,,,,,,,,,,,,,,,,,,,,,,,,,,,,,,,,,,,,,,,,,,,,,,,,,,,,,,,,,nan,,,,,,,,,,,,,,,
1418,-0.25963783264160156,-2.596374315544381e-06,-0.0002596374315544381,14927.857012033463,10000,ppo,ppo,crawler,flat,dth_dth_neighbours_direct,,,,,,,,,,,,,,,-1.7606647310733183e-05,0,781,0.0,0.0,,,,,,,,,,,,,,,,,,,,,,,,,,,,,,,,,,,,,,,,,,,,,,,,,,,,,,,,,,,,,,,,,,,,,,,,,,nan,,,,,,,,,,,,,,,
1419,-1.3843446969985962,-1.3843455235473812e-05,-0.0013843455235473812,14938.99701499939,10000,ppo,ppo,crawler,flat,dth_dth_neighbours_direct,,,,,,,,,,,,,,,-4.319803224025096e-06,0,781,0.0,0.0,,,,,,,,,,,,,,,,,,,,,,,,,,,,,,,,,,,,,,,,,,,,,,,,,,,,,,,,,,,,,,,,,,,,,,,,,,nan,,,,,,,,,,,,,,,
1420,-0.18913212418556213,-1.8913067378889536e-06,-0.00018913067378889536,14949.883529901505,10000,ppo,ppo,crawler,flat,dth_dth_neighbours_direct,,,,,,,,,,,,,,,-1.7423341325013188e-05,0,781,0.0,0.0,,,,,,,,,,,,,,,,,,,,,,,,,,,,,,,,,,,,,,,,,,,,,,,,,,,,,,,,,,,,,,,,,,,,,,,,,,nan,,,,,,,,,,,,,,,
1421,-0.2524285912513733,-2.5242738956876565e-06,-0.00025242738956876565,14960.8501226902,10000,ppo,ppo,crawler,flat,dth_dth_neighbours_direct,,,,,,,,,,,,,,,-1.3880585481277959e-05,0,781,0.0,0.0,,,,,,,,,,,,,,,,,,,,,,,,,,,,,,,,,,,,,,,,,,,,,,,,,,,,,,,,,,,,,,,,,,,,,,,,,,nan,,,,,,,,,,,,,,,
1422,-1.079074501991272,-1.0790709893626627e-05,-0.0010790709893626627,14971.929147005081,10000,ppo,ppo,crawler,flat,dth_dth_neighbours_direct,,,,,,,,,,,,,,,-5.2322857749675816e-05,0,781,0.0,0.0,,,,,,,,,,,,,,,,,,,,,,,,,,,,,,,,,,,,,,,,,,,,,,,,,,,,,,,,,,,,,,,,,,,,,,,,,,nan,,,,,,,,,,,,,,,
1423,0.3967554569244385,3.967584689235082e-06,0.0003967584689235082,14983.030015707016,10000,ppo,ppo,crawler,flat,dth_dth_neighbours_direct,,,,,,,,,,,,,,,0.0,0,781,0.0,0.0,,,,,,,,,,,,,,,,,,,,,,,,,,,,,,,,,,,,,,,,,,,,,,,,,,,,,,,,,,,,,,,,,,,,,,,,,,nan,,,,,,,,,,,,,,,
1424,1.3317760229110718,1.3317796401679516e-05,0.0013317796401679516,14994.019057035446,10000,ppo,ppo,crawler,flat,dth_dth_neighbours_direct,,,,,,,,,,,,,,,-0.00023591970111435414,0,781,0.0,0.0,,,,,,,,,,,,,,,,,,,,,,,,,,,,,,,,,,,,,,,,,,,,,,,,,,,,,,,,,,,,,,,,,,,,,,,,,,nan,,,,,,,,,,,,,,,
1425,-0.12404973804950714,-1.2404594826875837e-06,-0.00012404594826875837,15004.728694200516,10000,ppo,ppo,crawler,flat,dth_dth_neighbours_direct,,,,,,,,,,,,,,,0.0,0,781,0.0,0.0,,,,,,,,,,,,,,,,,,,,,,,,,,,,,,,,,,,,,,,,,,,,,,,,,,,,,,,,,,,,,,,,,,,,,,,,,,nan,,,,,,,,,,,,,,,
1426,0.5568458437919617,5.568480446527246e-06,0.0005568480446527246,15015.645671129227,10000,ppo,ppo,crawler,flat,dth_dth_neighbours_direct,,,,,,,,,,,,,,,-3.877398766644022e-06,0,781,0.0,0.0,,,,,,,,,,,,,,,,,,,,,,,,,,,,,,,,,,,,,,,,,,,,,,,,,,,,,,,,,,,,,,,,,,,,,,,,,,nan,,,,,,,,,,,,,,,
1427,-0.09562569111585617,-9.562093055137666e-07,-9.562093055137666e-05,15027.040367364883,10000,ppo,ppo,crawler,flat,dth_dth_neighbours_direct,,,,,,,,,,,,,,,0.0,0,781,0.0,0.0,,,,,,,,,,,,,,,,,,,,,,,,,,,,,,,,,,,,,,,,,,,,,,,,,,,,,,,,,,,,,,,,,,,,,,,,,,nan,,,,,,,,,,,,,,,
1428,-0.21791045367717743,-2.1790865503135137e-06,-0.00021790865503135137,15038.1847012043,10000,ppo,ppo,crawler,flat,dth_dth_neighbours_direct,,,,,,,,,,,,,,,-4.759767163120372e-05,0,781,0.0,0.0,,,,,,,,,,,,,,,,,,,,,,,,,,,,,,,,,,,,,,,,,,,,,,,,,,,,,,,,,,,,,,,,,,,,,,,,,,nan,,,,,,,,,,,,,,,
1429,0.684109628200531,6.841108643129701e-06,0.0006841108643129701,15049.233373641968,10000,ppo,ppo,crawler,flat,dth_dth_neighbours_direct,,,,,,,,,,,,,,,0.0,0,781,0.0,0.0,,,,,,,,,,,,,,,,,,,,,,,,,,,,,,,,,,,,,,,,,,,,,,,,,,,,,,,,,,,,,,,,,,,,,,,,,,nan,,,,,,,,,,,,,,,
1430,0.3004775941371918,3.004785867233295e-06,0.0003004785867233295,15060.662818431854,10000,ppo,ppo,crawler,flat,dth_dth_neighbours_direct,,,,,,,,,,,,,,,-1.1390213414587834e-05,0,781,0.0,0.0,,,,,,,,,,,,,,,,,,,,,,,,,,,,,,,,,,,,,,,,,,,,,,,,,,,,,,,,,,,,,,,,,,,,,,,,,,nan,,,,,,,,,,,,,,,
1431,1.7565125226974487,1.756514575390611e-05,0.0017565145753906108,15071.669159650803,10000,ppo,ppo,crawler,flat,dth_dth_neighbours_direct,,,,,,,,,,,,,,,-0.0003883822590933109,0,781,0.0,0.0,,,,,,,,,,,,,,,,,,,,,,,,,,,,,,,,,,,,,,,,,,,,,,,,,,,,,,,,,,,,,,,,,,,,,,,,,,nan,,,,,,,,,,,,,,,
1432,0.5165266394615173,5.165309175936272e-06,0.0005165309175936272,15082.468903303146,10000,ppo,ppo,crawler,flat,dth_dth_neighbours_direct,,,,,,,,,,,,,,,-1.3002384067650184e-07,0,781,0.0,0.0,,,,,,,,,,,,,,,,,,,,,,,,,,,,,,,,,,,,,,,,,,,,,,,,,,,,,,,,,,,,,,,,,,,,,,,,,,nan,,,,,,,,,,,,,,,
1433,0.8173937201499939,8.173965397872962e-06,0.0008173965397872962,15093.476857423782,10000,ppo,ppo,crawler,flat,dth_dth_neighbours_direct,,,,,,,,,,,,,,,-8.803436701947993e-05,0,781,0.0,0.0,,,,,,,,,,,,,,,,,,,,,,,,,,,,,,,,,,,,,,,,,,,,,,,,,,,,,,,,,,,,,,,,,,,,,,,,,,nan,,,,,,,,,,,,,,,
1434,0.7715967297554016,7.715963874943554e-06,0.0007715963874943554,15104.515836000443,10000,ppo,ppo,crawler,flat,dth_dth_neighbours_direct,,,,,,,,,,,,,,,-0.000162183426358712,0,781,0.0,0.0,,,,,,,,,,,,,,,,,,,,,,,,,,,,,,,,,,,,,,,,,,,,,,,,,,,,,,,,,,,,,,,,,,,,,,,,,,nan,,,,,,,,,,,,,,,
1435,-0.8241420984268188,-8.24142261990346e-06,-0.000824142261990346,15115.907628297806,10000,ppo,ppo,crawler,flat,dth_dth_neighbours_direct,,,,,,,,,,,,,,,0.0,0,781,0.0,0.0,,,,,,,,,,,,,,,,,,,,,,,,,,,,,,,,,,,,,,,,,,,,,,,,,,,,,,,,,,,,,,,,,,,,,,,,,,nan,,,,,,,,,,,,,,,
1436,-0.3678523004055023,-3.678506573123741e-06,-0.0003678506573123741,15127.184782266617,10000,ppo,ppo,crawler,flat,dth_dth_neighbours_direct,,,,,,,,,,,,,,,-7.183013171453634e-07,0,781,0.0,0.0,,,,,,,,,,,,,,,,,,,,,,,,,,,,,,,,,,,,,,,,,,,,,,,,,,,,,,,,,,,,,,,,,,,,,,,,,,nan,,,,,,,,,,,,,,,
1437,-0.850820004940033,-8.508191058353987e-06,-0.0008508191058353987,15138.276643514633,10000,ppo,ppo,crawler,flat,dth_dth_neighbours_direct,,,,,,,,,,,,,,,-6.395968085061878e-07,0,781,0.0,0.0,,,,,,,,,,,,,,,,,,,,,,,,,,,,,,,,,,,,,,,,,,,,,,,,,,,,,,,,,,,,,,,,,,,,,,,,,,nan,,,,,,,,,,,,,,,
1438,-0.15085165202617645,-1.5085206541698426e-06,-0.00015085206541698426,15149.73057436943,10000,ppo,ppo,crawler,flat,dth_dth_neighbours_direct,,,,,,,,,,,,,,,-2.051068042976145e-07,0,781,0.0,0.0,,,,,,,,,,,,,,,,,,,,,,,,,,,,,,,,,,,,,,,,,,,,,,,,,,,,,,,,,,,,,,,,,,,,,,,,,,nan,,,,,,,,,,,,,,,
1439,-0.5777359008789062,-5.777352725999663e-06,-0.0005777352725999663,15160.549114704132,10000,ppo,ppo,crawler,flat,dth_dth_neighbours_direct,,,,,,,,,,,,,,,-5.502330089195437e-06,0,781,0.0,0.0,,,,,,,,,,,,,,,,,,,,,,,,,,,,,,,,,,,,,,,,,,,,,,,,,,,,,,,,,,,,,,,,,,,,,,,,,,nan,,,,,,,,,,,,,,,
1440,0.6618875861167908,6.6188704295200296e-06,0.000661887042952003,15171.42215847969,10000,ppo,ppo,crawler,flat,dth_dth_neighbours_direct,,,,,,,,,,,,,,,-1.3344791191946072e-05,0,781,0.0,0.0,,,,,,,,,,,,,,,,,,,,,,,,,,,,,,,,,,,,,,,,,,,,,,,,,,,,,,,,,,,,,,,,,,,,,,,,,,nan,,,,,,,,,,,,,,,
1441,-0.9351372122764587,-9.351319931738544e-06,-0.0009351319931738544,15182.8651201725,10000,ppo,ppo,crawler,flat,dth_dth_neighbours_direct,,,,,,,,,,,,,,,-2.6698263598160005e-06,0,781,0.0,0.0,,,,,,,,,,,,,,,,,,,,,,,,,,,,,,,,,,,,,,,,,,,,,,,,,,,,,,,,,,,,,,,,,,,,,,,,,,nan,,,,,,,,,,,,,,,
1442,-0.22590480744838715,-2.2590077151107835e-06,-0.00022590077151107835,15193.955469846725,10000,ppo,ppo,crawler,flat,dth_dth_neighbours_direct,,,,,,,,,,,,,,,-3.3701619755824915e-05,0,781,0.0,0.0,,,,,,,,,,,,,,,,,,,,,,,,,,,,,,,,,,,,,,,,,,,,,,,,,,,,,,,,,,,,,,,,,,,,,,,,,,nan,,,,,,,,,,,,,,,
1443,-0.22816859185695648,-2.281661181768868e-06,-0.0002281661181768868,15204.812813282013,10000,ppo,ppo,crawler,flat,dth_dth_neighbours_direct,,,,,,,,,,,,,,,-0.0005052661601926239,0,781,0.0,0.0,,,,,,,,,,,,,,,,,,,,,,,,,,,,,,,,,,,,,,,,,,,,,,,,,,,,,,,,,,,,,,,,,,,,,,,,,,nan,,,,,,,,,,,,,,,
1444,0.9209966659545898,9.209998097503558e-06,0.0009209998097503558,15216.187273025513,10000,ppo,ppo,crawler,flat,dth_dth_neighbours_direct,,,,,,,,,,,,,,,0.0,0,781,0.0,0.0,,,,,,,,,,,,,,,,,,,,,,,,,,,,,,,,,,,,,,,,,,,,,,,,,,,,,,,,,,,,,,,,,,,,,,,,,,nan,,,,,,,,,,,,,,,
1445,-0.5724961161613464,-5.72500084672356e-06,-0.000572500084672356,15227.562843799591,10000,ppo,ppo,crawler,flat,dth_dth_neighbours_direct,,,,,,,,,,,,,,,-9.204162029542325e-07,0,781,0.0,0.0,,,,,,,,,,,,,,,,,,,,,,,,,,,,,,,,,,,,,,,,,,,,,,,,,,,,,,,,,,,,,,,,,,,,,,,,,,nan,,,,,,,,,,,,,,,
1446,0.7796087861061096,7.79610581957968e-06,0.000779610581957968,15238.764042854309,10000,ppo,ppo,crawler,flat,dth_dth_neighbours_direct,,,,,,,,,,,,,,,1.7725596640845724e-06,0,781,0.0,0.0,,,,,,,,,,,,,,,,,,,,,,,,,,,,,,,,,,,,,,,,,,,,,,,,,,,,,,,,,,,,,,,,,,,,,,,,,,nan,,,,,,,,,,,,,,,
1447,0.8919970393180847,8.919993888412137e-06,0.0008919993888412137,15249.767606973648,10000,ppo,ppo,crawler,flat,dth_dth_neighbours_direct,,,,,,,,,,,,,,,-2.4906995201843496e-05,0,781,0.0,0.0,,,,,,,,,,,,,,,,,,,,,,,,,,,,,,,,,,,,,,,,,,,,,,,,,,,,,,,,,,,,,,,,,,,,,,,,,,nan,,,,,,,,,,,,,,,
1448,-2.0213639736175537,-2.0213648895150982e-05,-0.002021364889515098,15260.962920665741,10000,ppo,ppo,crawler,flat,dth_dth_neighbours_direct,,,,,,,,,,,,,,,0.0,0,781,0.0,0.0,,,,,,,,,,,,,,,,,,,,,,,,,,,,,,,,,,,,,,,,,,,,,,,,,,,,,,,,,,,,,,,,,,,,,,,,,,nan,,,,,,,,,,,,,,,
1449,-0.39647629857063293,-3.964763891417533e-06,-0.0003964763891417533,15271.647794246674,10000,ppo,ppo,crawler,flat,dth_dth_neighbours_direct,,,,,,,,,,,,,,,-1.2995706210521057e-06,0,781,0.0,0.0,,,,,,,,,,,,,,,,,,,,,,,,,,,,,,,,,,,,,,,,,,,,,,,,,,,,,,,,,,,,,,,,,,,,,,,,,,nan,,,,,,,,,,,,,,,
1450,-0.1900426298379898,-1.9003786064786254e-06,-0.00019003786064786254,15282.654454231262,10000,ppo,ppo,crawler,flat,dth_dth_neighbours_direct,,,,,,,,,,,,,,,-9.16094639637864e-05,0,781,0.0,0.0,,,,,,,,,,,,,,,,,,,,,,,,,,,,,,,,,,,,,,,,,,,,,,,,,,,,,,,,,,,,,,,,,,,,,,,,,,nan,,,,,,,,,,,,,,,
1451,-2.127849578857422,-2.12784725590609e-05,-0.00212784725590609,15293.719671726227,10000,ppo,ppo,crawler,flat,dth_dth_neighbours_direct,,,,,,,,,,,,,,,0.0,0,781,0.0,0.0,,,,,,,,,,,,,,,,,,,,,,,,,,,,,,,,,,,,,,,,,,,,,,,,,,,,,,,,,,,,,,,,,,,,,,,,,,nan,,,,,,,,,,,,,,,
1452,0.7415881156921387,7.415887466777349e-06,0.0007415887466777349,15304.63914513588,10000,ppo,ppo,crawler,flat,dth_dth_neighbours_direct,,,,,,,,,,,,,,,-0.00016693399191169825,0,781,0.0,0.0,,,,,,,,,,,,,,,,,,,,,,,,,,,,,,,,,,,,,,,,,,,,,,,,,,,,,,,,,,,,,,,,,,,,,,,,,,nan,,,,,,,,,,,,,,,
1453,0.10661804676055908,1.0662065506039653e-06,0.00010662065506039653,15315.67885684967,10000,ppo,ppo,crawler,flat,dth_dth_neighbours_direct,,,,,,,,,,,,,,,0.0,0,781,0.0,0.0,,,,,,,,,,,,,,,,,,,,,,,,,,,,,,,,,,,,,,,,,,,,,,,,,,,,,,,,,,,,,,,,,,,,,,,,,,nan,,,,,,,,,,,,,,,
1454,-0.25643545389175415,-2.56432736023271e-06,-0.000256432736023271,15326.645435333252,10000,ppo,ppo,crawler,flat,dth_dth_neighbours_direct,,,,,,,,,,,,,,,-6.199195484956309e-06,0,781,0.0,0.0,,,,,,,,,,,,,,,,,,,,,,,,,,,,,,,,,,,,,,,,,,,,,,,,,,,,,,,,,,,,,,,,,,,,,,,,,,nan,,,,,,,,,,,,,,,
1455,0.25699931383132935,2.5700167043396505e-06,0.00025700167043396505,15337.647663354874,10000,ppo,ppo,crawler,flat,dth_dth_neighbours_direct,,,,,,,,,,,,,,,0.0,0,781,0.0,0.0,,,,,,,,,,,,,,,,,,,,,,,,,,,,,,,,,,,,,,,,,,,,,,,,,,,,,,,,,,,,,,,,,,,,,,,,,,nan,,,,,,,,,,,,,,,
1456,0.8671674728393555,8.67168273543939e-06,0.000867168273543939,15348.999120473862,10000,ppo,ppo,crawler,flat,dth_dth_neighbours_direct,,,,,,,,,,,,,,,-3.8723939512206406e-07,0,781,0.0,0.0,,,,,,,,,,,,,,,,,,,,,,,,,,,,,,,,,,,,,,,,,,,,,,,,,,,,,,,,,,,,,,,,,,,,,,,,,,nan,,,,,,,,,,,,,,,
1457,-1.2100085020065308,-1.2100079402443953e-05,-0.0012100079402443953,15359.889984369278,10000,ppo,ppo,crawler,flat,dth_dth_neighbours_direct,,,,,,,,,,,,,,,-0.0001323874634374577,0,781,0.0,0.0,,,,,,,,,,,,,,,,,,,,,,,,,,,,,,,,,,,,,,,,,,,,,,,,,,,,,,,,,,,,,,,,,,,,,,,,,,nan,,,,,,,,,,,,,,,
1458,0.2998647391796112,2.998669060616521e-06,0.0002998669060616521,15371.013378620148,10000,ppo,ppo,crawler,flat,dth_dth_neighbours_direct,,,,,,,,,,,,,,,0.0,0,781,0.0,0.0,,,,,,,,,,,,,,,,,,,,,,,,,,,,,,,,,,,,,,,,,,,,,,,,,,,,,,,,,,,,,,,,,,,,,,,,,,nan,,,,,,,,,,,,,,,
1459,-0.41662198305130005,-4.16618786402978e-06,-0.000416618786402978,15382.269585132599,10000,ppo,ppo,crawler,flat,dth_dth_neighbours_direct,,,,,,,,,,,,,,,-3.728810483148553e-06,0,781,0.0,0.0,,,,,,,,,,,,,,,,,,,,,,,,,,,,,,,,,,,,,,,,,,,,,,,,,,,,,,,,,,,,,,,,,,,,,,,,,,nan,,,,,,,,,,,,,,,
1460,1.0007247924804688,1.0007252058130689e-05,0.001000725205813069,15393.586507320404,10000,ppo,ppo,crawler,flat,dth_dth_neighbours_direct,,,,,,,,,,,,,,,-8.301285933822432e-06,0,781,0.0,0.0,,,,,,,,,,,,,,,,,,,,,,,,,,,,,,,,,,,,,,,,,,,,,,,,,,,,,,,,,,,,,,,,,,,,,,,,,,nan,,,,,,,,,,,,,,,
1461,-0.25253063440322876,-2.525250920371036e-06,-0.0002525250920371036,15404.874425411224,10000,ppo,ppo,crawler,flat,dth_dth_neighbours_direct,,,,,,,,,,,,,,,-1.9648402127963174e-08,0,781,0.0,0.0,,,,,,,,,,,,,,,,,,,,,,,,,,,,,,,,,,,,,,,,,,,,,,,,,,,,,,,,,,,,,,,,,,,,,,,,,,nan,,,,,,,,,,,,,,,
1462,1.5628324747085571,1.5628360415576026e-05,0.0015628360415576026,15416.32002711296,10000,ppo,ppo,crawler,flat,dth_dth_neighbours_direct,,,,,,,,,,,,,,,-0.00011383563103619367,0,781,0.0,0.0,,,,,,,,,,,,,,,,,,,,,,,,,,,,,,,,,,,,,,,,,,,,,,,,,,,,,,,,,,,,,,,,,,,,,,,,,,nan,,,,,,,,,,,,,,,
1463,-0.9741962552070618,-9.741951544128824e-06,-0.0009741951544128824,15427.469092130661,10000,ppo,ppo,crawler,flat,dth_dth_neighbours_direct,,,,,,,,,,,,,,,0.0,0,781,0.0,0.0,,,,,,,,,,,,,,,,,,,,,,,,,,,,,,,,,,,,,,,,,,,,,,,,,,,,,,,,,,,,,,,,,,,,,,,,,,nan,,,,,,,,,,,,,,,
1464,1.0674303770065308,1.0674361874407623e-05,0.0010674361874407623,15438.901839971542,10000,ppo,ppo,crawler,flat,dth_dth_neighbours_direct,,,,,,,,,,,,,,,-0.0008032912467147263,0,781,0.0,0.0,,,,,,,,,,,,,,,,,,,,,,,,,,,,,,,,,,,,,,,,,,,,,,,,,,,,,,,,,,,,,,,,,,,,,,,,,,nan,,,,,,,,,,,,,,,
1465,1.0474125146865845,1.0474144801264629e-05,0.0010474144801264629,15449.834146022797,10000,ppo,ppo,crawler,flat,dth_dth_neighbours_direct,,,,,,,,,,,,,,,0.0,0,781,0.0,0.0,,,,,,,,,,,,,,,,,,,,,,,,,,,,,,,,,,,,,,,,,,,,,,,,,,,,,,,,,,,,,,,,,,,,,,,,,,nan,,,,,,,,,,,,,,,
1466,0.5881711840629578,5.881701326870825e-06,0.0005881701326870825,15460.801785469055,10000,ppo,ppo,crawler,flat,dth_dth_neighbours_direct,,,,,,,,,,,,,,,-7.72875830264006e-05,0,781,0.0,0.0,,,,,,,,,,,,,,,,,,,,,,,,,,,,,,,,,,,,,,,,,,,,,,,,,,,,,,,,,,,,,,,,,,,,,,,,,,nan,,,,,,,,,,,,,,,
1467,0.1436995267868042,1.4370003782460117e-06,0.00014370003782460117,15472.078342437744,10000,ppo,ppo,crawler,flat,dth_dth_neighbours_direct,,,,,,,,,,,,,,,0.0,0,781,0.0,0.0,,,,,,,,,,,,,,,,,,,,,,,,,,,,,,,,,,,,,,,,,,,,,,,,,,,,,,,,,,,,,,,,,,,,,,,,,,nan,,,,,,,,,,,,,,,
1468,0.47727352380752563,4.772750799020287e-06,0.00047727507990202866,15483.096630096436,10000,ppo,ppo,crawler,flat,dth_dth_neighbours_direct,,,,,,,,,,,,,,,-0.00013026297712524478,0,781,0.0,0.0,,,,,,,,,,,,,,,,,,,,,,,,,,,,,,,,,,,,,,,,,,,,,,,,,,,,,,,,,,,,,,,,,,,,,,,,,,nan,,,,,,,,,,,,,,,
1469,-0.5648027658462524,-5.648018486681394e-06,-0.0005648018486681394,15494.021965503693,10000,ppo,ppo,crawler,flat,dth_dth_neighbours_direct,,,,,,,,,,,,,,,0.0,0,781,0.0,0.0,,,,,,,,,,,,,,,,,,,,,,,,,,,,,,,,,,,,,,,,,,,,,,,,,,,,,,,,,,,,,,,,,,,,,,,,,,nan,,,,,,,,,,,,,,,
1470,1.0732358694076538,1.0732376722444315e-05,0.0010732376722444315,15504.793566703796,10000,ppo,ppo,crawler,flat,dth_dth_neighbours_direct,,,,,,,,,,,,,,,-1.9165682493113982e-05,0,781,0.0,0.0,,,,,,,,,,,,,,,,,,,,,,,,,,,,,,,,,,,,,,,,,,,,,,,,,,,,,,,,,,,,,,,,,,,,,,,,,,nan,,,,,,,,,,,,,,,
1471,0.8078107833862305,8.078144674072973e-06,0.0008078144674072973,15516.007652282715,10000,ppo,ppo,crawler,flat,dth_dth_neighbours_direct,,,,,,,,,,,,,,,2.970321583305217e-06,0,781,0.0,0.0,,,,,,,,,,,,,,,,,,,,,,,,,,,,,,,,,,,,,,,,,,,,,,,,,,,,,,,,,,,,,,,,,,,,,,,,,,nan,,,,,,,,,,,,,,,
1472,1.2118574380874634,1.2118573977204505e-05,0.0012118573977204505,15526.893939495087,10000,ppo,ppo,crawler,flat,dth_dth_neighbours_direct,,,,,,,,,,,,,,,0.0,0,781,0.0,0.0,,,,,,,,,,,,,,,,,,,,,,,,,,,,,,,,,,,,,,,,,,,,,,,,,,,,,,,,,,,,,,,,,,,,,,,,,,nan,,,,,,,,,,,,,,,
1473,0.6873709559440613,6.873743132018717e-06,0.0006873743132018717,15537.579777479172,10000,ppo,ppo,crawler,flat,dth_dth_neighbours_direct,,,,,,,,,,,,,,,-7.84727989215399e-06,0,781,0.0,0.0,,,,,,,,,,,,,,,,,,,,,,,,,,,,,,,,,,,,,,,,,,,,,,,,,,,,,,,,,,,,,,,,,,,,,,,,,,nan,,,,,,,,,,,,,,,
1474,0.8431515097618103,8.431536116404459e-06,0.0008431536116404459,15548.721356868744,10000,ppo,ppo,crawler,flat,dth_dth_neighbours_direct,,,,,,,,,,,,,,,-1.808918091956235e-05,0,781,0.0,0.0,,,,,,,,,,,,,,,,,,,,,,,,,,,,,,,,,,,,,,,,,,,,,,,,,,,,,,,,,,,,,,,,,,,,,,,,,,nan,,,,,,,,,,,,,,,
1475,-0.5476311445236206,-5.4763377193012275e-06,-0.0005476337719301227,15559.692011356354,10000,ppo,ppo,crawler,flat,dth_dth_neighbours_direct,,,,,,,,,,,,,,,-8.130125300756031e-06,0,781,0.0,0.0,,,,,,,,,,,,,,,,,,,,,,,,,,,,,,,,,,,,,,,,,,,,,,,,,,,,,,,,,,,,,,,,,,,,,,,,,,nan,,,,,,,,,,,,,,,
1476,0.3789132535457611,3.7891952615609625e-06,0.00037891952615609625,15570.73844742775,10000,ppo,ppo,crawler,flat,dth_dth_neighbours_direct,,,,,,,,,,,,,,,-2.593143095432873e-07,0,781,0.0,0.0,,,,,,,,,,,,,,,,,,,,,,,,,,,,,,,,,,,,,,,,,,,,,,,,,,,,,,,,,,,,,,,,,,,,,,,,,,nan,,,,,,,,,,,,,,,
1477,-0.02050499990582466,-2.0502902486896346e-07,-2.0502902486896346e-05,15581.65560913086,10000,ppo,ppo,crawler,flat,dth_dth_neighbours_direct,,,,,,,,,,,,,,,-0.02076289331643018,0,781,0.0,0.0,,,,,,,,,,,,,,,,,,,,,,,,,,,,,,,,,,,,,,,,,,,,,,,,,,,,,,,,,,,,,,,,,,,,,,,,,,nan,,,,,,,,,,,,,,,
1478,0.333280086517334,3.3328017252642894e-06,0.00033328017252642894,15592.851789951324,10000,ppo,ppo,crawler,flat,dth_dth_neighbours_direct,,,,,,,,,,,,,,,-2.139511490753457e-06,0,781,0.0,0.0,,,,,,,,,,,,,,,,,,,,,,,,,,,,,,,,,,,,,,,,,,,,,,,,,,,,,,,,,,,,,,,,,,,,,,,,,,nan,,,,,,,,,,,,,,,
1479,0.5061001181602478,5.061031515651848e-06,0.0005061031515651848,15603.836721658707,10000,ppo,ppo,crawler,flat,dth_dth_neighbours_direct,,,,,,,,,,,,,,,-2.176320793228784e-06,0,781,0.0,0.0,,,,,,,,,,,,,,,,,,,,,,,,,,,,,,,,,,,,,,,,,,,,,,,,,,,,,,,,,,,,,,,,,,,,,,,,,,nan,,,,,,,,,,,,,,,
1480,-0.4936552047729492,-4.9365530685463455e-06,-0.0004936553068546345,15614.576761722565,10000,ppo,ppo,crawler,flat,dth_dth_neighbours_direct,,,,,,,,,,,,,,,-2.7543775708666227e-07,0,781,0.0,0.0,,,,,,,,,,,,,,,,,,,,,,,,,,,,,,,,,,,,,,,,,,,,,,,,,,,,,,,,,,,,,,,,,,,,,,,,,,nan,,,,,,,,,,,,,,,
1481,0.3565381169319153,3.5654156818054616e-06,0.00035654156818054616,15625.672250032425,10000,ppo,ppo,crawler,flat,dth_dth_neighbours_direct,,,,,,,,,,,,,,,-0.00030040534310968217,0,781,0.0,0.0,,,,,,,,,,,,,,,,,,,,,,,,,,,,,,,,,,,,,,,,,,,,,,,,,,,,,,,,,,,,,,,,,,,,,,,,,,nan,,,,,,,,,,,,,,,
1482,-0.7461323738098145,-7.4612735261325724e-06,-0.0007461273526132572,15636.640128850937,10000,ppo,ppo,crawler,flat,dth_dth_neighbours_direct,,,,,,,,,,,,,,,0.0,0,781,0.0,0.0,,,,,,,,,,,,,,,,,,,,,,,,,,,,,,,,,,,,,,,,,,,,,,,,,,,,,,,,,,,,,,,,,,,,,,,,,,nan,,,,,,,,,,,,,,,
1483,0.31072506308555603,3.1073282116267364e-06,0.00031073282116267364,15647.719639062881,10000,ppo,ppo,crawler,flat,dth_dth_neighbours_direct,,,,,,,,,,,,,,,-7.332746707446749e-05,0,781,0.0,0.0,,,,,,,,,,,,,,,,,,,,,,,,,,,,,,,,,,,,,,,,,,,,,,,,,,,,,,,,,,,,,,,,,,,,,,,,,,nan,,,,,,,,,,,,,,,
1484,0.7822123765945435,7.822136467439122e-06,0.0007822136467439122,15658.578034162521,10000,ppo,ppo,crawler,flat,dth_dth_neighbours_direct,,,,,,,,,,,,,,,0.0,0,781,0.0,0.0,,,,,,,,,,,,,,,,,,,,,,,,,,,,,,,,,,,,,,,,,,,,,,,,,,,,,,,,,,,,,,,,,,,,,,,,,,nan,,,,,,,,,,,,,,,
1485,-1.5811498165130615,-1.5811509001650847e-05,-0.0015811509001650847,15669.786635398865,10000,ppo,ppo,crawler,flat,dth_dth_neighbours_direct,,,,,,,,,,,,,,,-8.182988887254468e-06,0,781,0.0,0.0,,,,,,,,,,,,,,,,,,,,,,,,,,,,,,,,,,,,,,,,,,,,,,,,,,,,,,,,,,,,,,,,,,,,,,,,,,nan,,,,,,,,,,,,,,,
1486,-0.9252116084098816,-9.252102245227434e-06,-0.0009252102245227434,15680.993331670761,10000,ppo,ppo,crawler,flat,dth_dth_neighbours_direct,,,,,,,,,,,,,,,-3.930117348244798e-05,0,781,0.0,0.0,,,,,,,,,,,,,,,,,,,,,,,,,,,,,,,,,,,,,,,,,,,,,,,,,,,,,,,,,,,,,,,,,,,,,,,,,,nan,,,,,,,,,,,,,,,
1487,0.17911580204963684,1.7912269640874001e-06,0.00017912269640874,15691.78122830391,10000,ppo,ppo,crawler,flat,dth_dth_neighbours_direct,,,,,,,,,,,,,,,0.0,0,781,0.0,0.0,,,,,,,,,,,,,,,,,,,,,,,,,,,,,,,,,,,,,,,,,,,,,,,,,,,,,,,,,,,,,,,,,,,,,,,,,,nan,,,,,,,,,,,,,,,
1488,-0.14163969457149506,-1.416365535078512e-06,-0.0001416365535078512,15702.716792583466,10000,ppo,ppo,crawler,flat,dth_dth_neighbours_direct,,,,,,,,,,,,,,,-2.9113292741790777e-05,0,781,0.0,0.0,,,,,,,,,,,,,,,,,,,,,,,,,,,,,,,,,,,,,,,,,,,,,,,,,,,,,,,,,,,,,,,,,,,,,,,,,,nan,,,,,,,,,,,,,,,
1489,-0.46241331100463867,-4.624111170414835e-06,-0.0004624111170414835,15713.83472275734,10000,ppo,ppo,crawler,flat,dth_dth_neighbours_direct,,,,,,,,,,,,,,,-1.5953281434031059e-06,0,781,0.0,0.0,,,,,,,,,,,,,,,,,,,,,,,,,,,,,,,,,,,,,,,,,,,,,,,,,,,,,,,,,,,,,,,,,,,,,,,,,,nan,,,,,,,,,,,,,,,
1490,0.14580698311328888,1.458089059269696e-06,0.0001458089059269696,15724.948753595352,10000,ppo,ppo,crawler,flat,dth_dth_neighbours_direct,,,,,,,,,,,,,,,-5.473861549521836e-05,0,781,0.0,0.0,,,,,,,,,,,,,,,,,,,,,,,,,,,,,,,,,,,,,,,,,,,,,,,,,,,,,,,,,,,,,,,,,,,,,,,,,,nan,,,,,,,,,,,,,,,
1491,1.162330985069275,1.1623325917753391e-05,0.001162332591775339,15736.125363826752,10000,ppo,ppo,crawler,flat,dth_dth_neighbours_direct,,,,,,,,,,,,,,,-1.8866206835311447e-05,0,781,0.0,0.0,,,,,,,,,,,,,,,,,,,,,,,,,,,,,,,,,,,,,,,,,,,,,,,,,,,,,,,,,,,,,,,,,,,,,,,,,,nan,,,,,,,,,,,,,,,
1492,-1.1713080406188965,-1.1713081221387256e-05,-0.0011713081221387256,15747.66230726242,10000,ppo,ppo,crawler,flat,dth_dth_neighbours_direct,,,,,,,,,,,,,,,-9.659497680264154e-06,0,781,0.0,0.0,,,,,,,,,,,,,,,,,,,,,,,,,,,,,,,,,,,,,,,,,,,,,,,,,,,,,,,,,,,,,,,,,,,,,,,,,,nan,,,,,,,,,,,,,,,
1493,0.06805656105279922,6.806273518122907e-07,6.806273518122907e-05,15759.171409606934,10000,ppo,ppo,crawler,flat,dth_dth_neighbours_direct,,,,,,,,,,,,,,,4.276355416078726e-06,0,781,0.0,0.0,,,,,,,,,,,,,,,,,,,,,,,,,,,,,,,,,,,,,,,,,,,,,,,,,,,,,,,,,,,,,,,,,,,,,,,,,,nan,,,,,,,,,,,,,,,
1494,0.6009270548820496,6.009284788888181e-06,0.0006009284788888181,15770.430242538452,10000,ppo,ppo,crawler,flat,dth_dth_neighbours_direct,,,,,,,,,,,,,,,0.0,0,781,0.0,0.0,,,,,,,,,,,,,,,,,,,,,,,,,,,,,,,,,,,,,,,,,,,,,,,,,,,,,,,,,,,,,,,,,,,,,,,,,,nan,,,,,,,,,,,,,,,
1495,-0.1548626720905304,-1.5486185702684452e-06,-0.00015486185702684452,15781.402616977692,10000,ppo,ppo,crawler,flat,dth_dth_neighbours_direct,,,,,,,,,,,,,,,-0.014263929730035584,0,781,0.0,0.0,,,,,,,,,,,,,,,,,,,,,,,,,,,,,,,,,,,,,,,,,,,,,,,,,,,,,,,,,,,,,,,,,,,,,,,,,,nan,,,,,,,,,,,,,,,
1496,0.018173767253756523,1.8174061722220358e-07,1.8174061722220358e-05,15792.502721309662,10000,ppo,ppo,crawler,flat,dth_dth_neighbours_direct,,,,,,,,,,,,,,,0.0,0,781,0.0,0.0,,,,,,,,,,,,,,,,,,,,,,,,,,,,,,,,,,,,,,,,,,,,,,,,,,,,,,,,,,,,,,,,,,,,,,,,,,nan,,,,,,,,,,,,,,,
1497,1.305912971496582,1.3059140655968804e-05,0.0013059140655968804,15803.642088890076,10000,ppo,ppo,crawler,flat,dth_dth_neighbours_direct,,,,,,,,,,,,,,,-4.512544664126199e-05,0,781,0.0,0.0,,,,,,,,,,,,,,,,,,,,,,,,,,,,,,,,,,,,,,,,,,,,,,,,,,,,,,,,,,,,,,,,,,,,,,,,,,nan,,,,,,,,,,,,,,,
1498,-1.3137755393981934,-1.3137768291926477e-05,-0.0013137768291926477,15814.451206922531,10000,ppo,ppo,crawler,flat,dth_dth_neighbours_direct,,,,,,,,,,,,,,,-3.5774234620312874e-12,0,781,0.0,0.0,,,,,,,,,,,,,,,,,,,,,,,,,,,,,,,,,,,,,,,,,,,,,,,,,,,,,,,,,,,,,,,,,,,,,,,,,,nan,,,,,,,,,,,,,,,
1499,-0.31359490752220154,-3.135909764750977e-06,-0.0003135909764750977,15825.06526517868,10000,ppo,ppo,crawler,flat,dth_dth_neighbours_direct,,,,,,,,,,,,,,,-5.742249993676565e-06,0,781,0.0,0.0,,,,,,,,,,,,,,,,,,,,,,,,,,,,,,,,,,,,,,,,,,,,,,,,,,,,,,,,,,,,,,,,,,,,,,,,,,nan,,,,,,,,,,,,,,,
1500,-0.8958441615104675,-8.958406397141516e-06,-0.0008958406397141516,15836.55750656128,10000,ppo,ppo,crawler,flat,dth_dth_neighbours_direct,,,,,,,,,,,,,,,-8.325643417700914e-06,0,781,0.0,0.0,,,,,,,,,,,,,,,,,,,,,,,,,,,,,,,,,,,,,,,,,,,,,,,,,,,,,,,,,,,,,,,,,,,,,,,,,,nan,,,,,,,,,,,,,,,
