episode,reward_mean,speed_mean,speed_x100,elapsed_sec,frames_per_batch,algorithm,algorithm_family,robot,terrain,channel,actor_update_norm_mean,actor_update_clip_scale_mean,ddpg_loss_actor_mean,ddpg_loss_value_mean,ddpg_actor_grad_norm_mean,ddpg_critic_grad_norm_mean,ddpg_actor_parameter_displacement,ddpg_replay_size,ddpg_replay_transition_bytes,ddpg_exploration_sigma,ddpg_pred_q_mean,ddpg_target_q_mean,ddpg_td_error_mean,ddpg_optimizer_updates,ppo_approx_kl,ppo_early_stop,ppo_updates_completed,policy_anchor_loss,policy_anchor_coeff_effective,closure_score,circularity_score,body_omega,slip_penalty,action_smoothness_penalty,curriculum_progress,rolling_reward,tail_lift_score,tail_forward_score,head_contact_score,curl_prefix_progress,curl_order_penalty,total_signed_curvature,closure_ratio,support_margin,cumulative_rotation,rolling_gate,tail_roll_stage,tail_stage_success,tail_stage_success_rate,tail_roll_reward,fast_roll_phase,fast_roll_phase_steps,fast_roll_phase_progress,fast_roll_flip_event,fast_roll_flip_count,fast_roll_cycle_count,fast_roll_cycle_rotation,fast_roll_cycle_forward,fast_roll_support_migration,fast_roll_direction_fraction,fast_roll_motion_gate,fast_roll_reward,fast_forward_phase,fast_forward_phase_steps,fast_forward_launch_progress,fast_forward_launch_ready_steps,fast_forward_roll_progress,fast_forward_progress_delta,fast_forward_launch_event,fast_forward_event_pulse,fast_forward_event_bonus,fast_forward_event_count,fast_forward_event_rotation,fast_forward_event_forward,fast_forward_support_index,fast_forward_support_migration_nodes,fast_forward_ground_contact_strength,fast_forward_event_direction_fraction,fast_forward_episode_direction_fraction,fast_forward_event_steps,fast_forward_progress_age,fast_forward_stall_penalty,fast_forward_reverse_rotation_penalty,fast_forward_backward_penalty,effort_penalty,scratch_wr_v2_z0_lift_ratio,scratch_wr_v2_z0_forward_ratio,scratch_wr_v2_z0_curl_ratio,scratch_wr_v2_z0_sync_score,scratch_wr_v2_z0_candidate_mask,scratch_wr_v2_z0_active,scratch_wr_v2_z0_penalty_scale,scratch_wr_v2_z0_dense_reward,scratch_wr_v2_progress_delta,fast_forward_reward,wave_amplitude,wave_center,wave_width,wave_hold,wave_kp,wave_kd,scratch_wr_stage_id,scratch_wr_learning_rate,scratch_wr_alpha,scratch_wr_wave_torque_rms,scratch_wr_residual_torque_rms,scratch_wr_applied_residual_torque_rms,scratch_wr_total_torque_rms,scratch_wr_torque_clip_fraction,scratch_wr_residual_saturation_fraction,scratch_wr_v2_wave_ema_beta,scratch_wr_v2_wave_filter_delta_rms,scratch_wr_v2_applied_wave_amplitude,scratch_wr_v2_applied_wave_center,scratch_wr_v2_applied_wave_width,scratch_wr_v2_applied_wave_hold,scratch_wr_v2_applied_wave_kp,scratch_wr_v2_applied_wave_kd
1,-40.71393585205078,-0.0004053708980791271,-0.04053708980791271,10.911573648452759,10000,ppo,ppo,crawler,flat,thdot_dth_neighbours_plus_thdot_direct,,,,,,,,,,,,,,,0.004571478734587089,0,781,0.0,0.0,,,,,,,,,,,,,,,,,,,,,,,,,,,,,,,,,,,,,,,,,,,,,,,,,,,,,,,,,,,,,,,,,,,,,,,,,,nan,,,,,,,,,,,,,,,
2,-15.347620010375977,-0.0001527143467683345,-0.01527143467683345,20.799745082855225,10000,ppo,ppo,crawler,flat,thdot_dth_neighbours_plus_thdot_direct,,,,,,,,,,,,,,,0.003327988589566473,0,781,0.0,0.0,,,,,,,,,,,,,,,,,,,,,,,,,,,,,,,,,,,,,,,,,,,,,,,,,,,,,,,,,,,,,,,,,,,,,,,,,,nan,,,,,,,,,,,,,,,
3,-13.347343444824219,-0.0001322844036621973,-0.01322844036621973,30.800421237945557,10000,ppo,ppo,crawler,flat,thdot_dth_neighbours_plus_thdot_direct,,,,,,,,,,,,,,,0.0028546291047816907,0,781,0.0,0.0,,,,,,,,,,,,,,,,,,,,,,,,,,,,,,,,,,,,,,,,,,,,,,,,,,,,,,,,,,,,,,,,,,,,,,,,,,nan,,,,,,,,,,,,,,,
4,11.673739433288574,0.00011784350499510765,0.011784350499510765,41.22124195098877,10000,ppo,ppo,crawler,flat,thdot_dth_neighbours_plus_thdot_direct,,,,,,,,,,,,,,,0.0025120988151621404,0,781,0.0,0.0,,,,,,,,,,,,,,,,,,,,,,,,,,,,,,,,,,,,,,,,,,,,,,,,,,,,,,,,,,,,,,,,,,,,,,,,,,nan,,,,,,,,,,,,,,,
5,46.46721267700195,0.00046459483564831316,0.046459483564831316,50.81620740890503,10000,ppo,ppo,crawler,flat,thdot_dth_neighbours_plus_thdot_direct,,,,,,,,,,,,,,,0.002172910257614672,0,781,0.0,0.0,,,,,,,,,,,,,,,,,,,,,,,,,,,,,,,,,,,,,,,,,,,,,,,,,,,,,,,,,,,,,,,,,,,,,,,,,,nan,,,,,,,,,,,,,,,
6,68.6760025024414,0.0006849004421383142,0.06849004421383142,60.963743925094604,10000,ppo,ppo,crawler,flat,thdot_dth_neighbours_plus_thdot_direct,,,,,,,,,,,,,,,0.002940246533058708,0,781,0.0,0.0,,,,,,,,,,,,,,,,,,,,,,,,,,,,,,,,,,,,,,,,,,,,,,,,,,,,,,,,,,,,,,,,,,,,,,,,,,nan,,,,,,,,,,,,,,,
7,70.05785369873047,0.0006996732554398477,0.06996732554398477,71.09281826019287,10000,ppo,ppo,crawler,flat,thdot_dth_neighbours_plus_thdot_direct,,,,,,,,,,,,,,,0.002266478928392717,0,781,0.0,0.0,,,,,,,,,,,,,,,,,,,,,,,,,,,,,,,,,,,,,,,,,,,,,,,,,,,,,,,,,,,,,,,,,,,,,,,,,,nan,,,,,,,,,,,,,,,
8,127.47761535644531,0.0012718619545921683,0.12718619545921683,80.84114694595337,10000,ppo,ppo,crawler,flat,thdot_dth_neighbours_plus_thdot_direct,,,,,,,,,,,,,,,0.00240459153801322,0,781,0.0,0.0,,,,,,,,,,,,,,,,,,,,,,,,,,,,,,,,,,,,,,,,,,,,,,,,,,,,,,,,,,,,,,,,,,,,,,,,,,nan,,,,,,,,,,,,,,,
9,162.01321411132812,0.0016179109225049615,0.16179109225049615,91.20469665527344,10000,ppo,ppo,crawler,flat,thdot_dth_neighbours_plus_thdot_direct,,,,,,,,,,,,,,,0.00313920458361671,0,781,0.0,0.0,,,,,,,,,,,,,,,,,,,,,,,,,,,,,,,,,,,,,,,,,,,,,,,,,,,,,,,,,,,,,,,,,,,,,,,,,,nan,,,,,,,,,,,,,,,
10,255.88955688476562,0.0025558830238878727,0.25558830238878727,100.99457335472107,10000,ppo,ppo,crawler,flat,thdot_dth_neighbours_plus_thdot_direct,,,,,,,,,,,,,,,0.003889336837196267,0,781,0.0,0.0,,,,,,,,,,,,,,,,,,,,,,,,,,,,,,,,,,,,,,,,,,,,,,,,,,,,,,,,,,,,,,,,,,,,,,,,,,nan,,,,,,,,,,,,,,,
11,280.47589111328125,0.002802100498229265,0.2802100498229265,111.16724228858948,10000,ppo,ppo,crawler,flat,thdot_dth_neighbours_plus_thdot_direct,,,,,,,,,,,,,,,0.005457005984651905,0,781,0.0,0.0,,,,,,,,,,,,,,,,,,,,,,,,,,,,,,,,,,,,,,,,,,,,,,,,,,,,,,,,,,,,,,,,,,,,,,,,,,nan,,,,,,,,,,,,,,,
12,453.7592468261719,0.0045351432636380196,0.45351432636380196,121.37816452980042,10000,ppo,ppo,crawler,flat,thdot_dth_neighbours_plus_thdot_direct,,,,,,,,,,,,,,,0.009535540639661031,0,781,0.0,0.0,,,,,,,,,,,,,,,,,,,,,,,,,,,,,,,,,,,,,,,,,,,,,,,,,,,,,,,,,,,,,,,,,,,,,,,,,,nan,,,,,,,,,,,,,,,
13,637.3034057617188,0.0063642337918281555,0.6364233791828156,131.06983280181885,10000,ppo,ppo,crawler,flat,thdot_dth_neighbours_plus_thdot_direct,,,,,,,,,,,,,,,0.011696927270411708,0,781,0.0,0.0,,,,,,,,,,,,,,,,,,,,,,,,,,,,,,,,,,,,,,,,,,,,,,,,,,,,,,,,,,,,,,,,,,,,,,,,,,nan,,,,,,,,,,,,,,,
14,687.5732421875,0.006869241129606962,0.6869241129606962,141.11277055740356,10000,ppo,ppo,crawler,flat,thdot_dth_neighbours_plus_thdot_direct,,,,,,,,,,,,,,,0.0142973686026832,0,781,0.0,0.0,,,,,,,,,,,,,,,,,,,,,,,,,,,,,,,,,,,,,,,,,,,,,,,,,,,,,,,,,,,,,,,,,,,,,,,,,,nan,,,,,,,,,,,,,,,
15,846.9049072265625,0.008459057658910751,0.8459057658910751,151.5207142829895,10000,ppo,ppo,crawler,flat,thdot_dth_neighbours_plus_thdot_direct,,,,,,,,,,,,,,,0.013241409555002427,0,781,0.0,0.0,,,,,,,,,,,,,,,,,,,,,,,,,,,,,,,,,,,,,,,,,,,,,,,,,,,,,,,,,,,,,,,,,,,,,,,,,,nan,,,,,,,,,,,,,,,
16,887.1878051757812,0.008861922658979893,0.8861922658979893,161.4798092842102,10000,ppo,ppo,crawler,flat,thdot_dth_neighbours_plus_thdot_direct,,,,,,,,,,,,,,,0.009341196860709954,0,781,0.0,0.0,,,,,,,,,,,,,,,,,,,,,,,,,,,,,,,,,,,,,,,,,,,,,,,,,,,,,,,,,,,,,,,,,,,,,,,,,,nan,,,,,,,,,,,,,,,
17,986.4892578125,0.009855320677161217,0.9855320677161217,171.72203731536865,10000,ppo,ppo,crawler,flat,thdot_dth_neighbours_plus_thdot_direct,,,,,,,,,,,,,,,0.01061508081717075,0,781,0.0,0.0,,,,,,,,,,,,,,,,,,,,,,,,,,,,,,,,,,,,,,,,,,,,,,,,,,,,,,,,,,,,,,,,,,,,,,,,,,nan,,,,,,,,,,,,,,,
18,1035.2857666015625,0.010342275723814964,1.0342275723814964,181.43078422546387,10000,ppo,ppo,crawler,flat,thdot_dth_neighbours_plus_thdot_direct,,,,,,,,,,,,,,,0.01120699476661228,0,781,0.0,0.0,,,,,,,,,,,,,,,,,,,,,,,,,,,,,,,,,,,,,,,,,,,,,,,,,,,,,,,,,,,,,,,,,,,,,,,,,,nan,,,,,,,,,,,,,,,
19,1279.5469970703125,0.012783641926944256,1.2783641926944256,191.62632942199707,10000,ppo,ppo,crawler,flat,thdot_dth_neighbours_plus_thdot_direct,,,,,,,,,,,,,,,0.00986103674353608,0,781,0.0,0.0,,,,,,,,,,,,,,,,,,,,,,,,,,,,,,,,,,,,,,,,,,,,,,,,,,,,,,,,,,,,,,,,,,,,,,,,,,nan,,,,,,,,,,,,,,,
20,1250.8394775390625,0.012495982460677624,1.2495982460677624,201.8314573764801,10000,ppo,ppo,crawler,flat,thdot_dth_neighbours_plus_thdot_direct,,,,,,,,,,,,,,,0.011773064046655155,0,781,0.0,0.0,,,,,,,,,,,,,,,,,,,,,,,,,,,,,,,,,,,,,,,,,,,,,,,,,,,,,,,,,,,,,,,,,,,,,,,,,,nan,,,,,,,,,,,,,,,
21,1212.369140625,0.01211065798997879,1.211065798997879,211.71332931518555,10000,ppo,ppo,crawler,flat,thdot_dth_neighbours_plus_thdot_direct,,,,,,,,,,,,,,,0.00742778266129919,0,781,0.0,0.0,,,,,,,,,,,,,,,,,,,,,,,,,,,,,,,,,,,,,,,,,,,,,,,,,,,,,,,,,,,,,,,,,,,,,,,,,,nan,,,,,,,,,,,,,,,
22,1272.8282470703125,0.012714964337646961,1.2714964337646961,222.0072729587555,10000,ppo,ppo,crawler,flat,thdot_dth_neighbours_plus_thdot_direct,,,,,,,,,,,,,,,0.007743296929821273,0,781,0.0,0.0,,,,,,,,,,,,,,,,,,,,,,,,,,,,,,,,,,,,,,,,,,,,,,,,,,,,,,,,,,,,,,,,,,,,,,,,,,nan,,,,,,,,,,,,,,,
23,1387.333251953125,0.013860369101166725,1.3860369101166725,231.87132501602173,10000,ppo,ppo,crawler,flat,thdot_dth_neighbours_plus_thdot_direct,,,,,,,,,,,,,,,0.007204082582974643,0,781,0.0,0.0,,,,,,,,,,,,,,,,,,,,,,,,,,,,,,,,,,,,,,,,,,,,,,,,,,,,,,,,,,,,,,,,,,,,,,,,,,nan,,,,,,,,,,,,,,,
24,1412.5,0.01410994678735733,1.410994678735733,241.79429054260254,10000,ppo,ppo,crawler,flat,thdot_dth_neighbours_plus_thdot_direct,,,,,,,,,,,,,,,0.009436396003035374,0,781,0.0,0.0,,,,,,,,,,,,,,,,,,,,,,,,,,,,,,,,,,,,,,,,,,,,,,,,,,,,,,,,,,,,,,,,,,,,,,,,,,nan,,,,,,,,,,,,,,,
25,1444.5550537109375,0.014431177638471127,1.4431177638471127,251.84258484840393,10000,ppo,ppo,crawler,flat,thdot_dth_neighbours_plus_thdot_direct,,,,,,,,,,,,,,,0.006503550770737422,0,781,0.0,0.0,,,,,,,,,,,,,,,,,,,,,,,,,,,,,,,,,,,,,,,,,,,,,,,,,,,,,,,,,,,,,,,,,,,,,,,,,,nan,,,,,,,,,,,,,,,
26,1465.688720703125,0.014643087051808834,1.4643087051808834,261.8120377063751,10000,ppo,ppo,crawler,flat,thdot_dth_neighbours_plus_thdot_direct,,,,,,,,,,,,,,,0.006268965085774523,0,781,0.0,0.0,,,,,,,,,,,,,,,,,,,,,,,,,,,,,,,,,,,,,,,,,,,,,,,,,,,,,,,,,,,,,,,,,,,,,,,,,,nan,,,,,,,,,,,,,,,
27,1426.6112060546875,0.014248454011976719,1.424845401197672,271.7533903121948,10000,ppo,ppo,crawler,flat,thdot_dth_neighbours_plus_thdot_direct,,,,,,,,,,,,,,,0.00786494724120466,0,781,0.0,0.0,,,,,,,,,,,,,,,,,,,,,,,,,,,,,,,,,,,,,,,,,,,,,,,,,,,,,,,,,,,,,,,,,,,,,,,,,,nan,,,,,,,,,,,,,,,
28,1582.2366943359375,0.015806475654244423,1.5806475654244423,281.61328172683716,10000,ppo,ppo,crawler,flat,thdot_dth_neighbours_plus_thdot_direct,,,,,,,,,,,,,,,0.005844331327016882,0,781,0.0,0.0,,,,,,,,,,,,,,,,,,,,,,,,,,,,,,,,,,,,,,,,,,,,,,,,,,,,,,,,,,,,,,,,,,,,,,,,,,nan,,,,,,,,,,,,,,,
29,1409.477783203125,0.014080407097935677,1.4080407097935677,291.60689640045166,10000,ppo,ppo,crawler,flat,thdot_dth_neighbours_plus_thdot_direct,,,,,,,,,,,,,,,0.004516172862382151,0,781,0.0,0.0,,,,,,,,,,,,,,,,,,,,,,,,,,,,,,,,,,,,,,,,,,,,,,,,,,,,,,,,,,,,,,,,,,,,,,,,,,nan,,,,,,,,,,,,,,,
30,1528.5589599609375,0.015269393101334572,1.5269393101334572,301.825199842453,10000,ppo,ppo,crawler,flat,thdot_dth_neighbours_plus_thdot_direct,,,,,,,,,,,,,,,0.004557433961793522,0,781,0.0,0.0,,,,,,,,,,,,,,,,,,,,,,,,,,,,,,,,,,,,,,,,,,,,,,,,,,,,,,,,,,,,,,,,,,,,,,,,,,nan,,,,,,,,,,,,,,,
31,1554.583740234375,0.015529214404523373,1.5529214404523373,311.2821352481842,10000,ppo,ppo,crawler,flat,thdot_dth_neighbours_plus_thdot_direct,,,,,,,,,,,,,,,0.004759794469939813,0,781,0.0,0.0,,,,,,,,,,,,,,,,,,,,,,,,,,,,,,,,,,,,,,,,,,,,,,,,,,,,,,,,,,,,,,,,,,,,,,,,,,nan,,,,,,,,,,,,,,,
32,1616.916748046875,0.016148453578352928,1.6148453578352928,321.0116868019104,10000,ppo,ppo,crawler,flat,thdot_dth_neighbours_plus_thdot_direct,,,,,,,,,,,,,,,0.004186906400107933,0,781,0.0,0.0,,,,,,,,,,,,,,,,,,,,,,,,,,,,,,,,,,,,,,,,,,,,,,,,,,,,,,,,,,,,,,,,,,,,,,,,,,nan,,,,,,,,,,,,,,,
33,1609.244140625,0.016074765473604202,1.6074765473604202,330.9063546657562,10000,ppo,ppo,crawler,flat,thdot_dth_neighbours_plus_thdot_direct,,,,,,,,,,,,,,,0.004311039297880946,0,781,0.0,0.0,,,,,,,,,,,,,,,,,,,,,,,,,,,,,,,,,,,,,,,,,,,,,,,,,,,,,,,,,,,,,,,,,,,,,,,,,,nan,,,,,,,,,,,,,,,
34,1575.4442138671875,0.015737509354948997,1.5737509354948997,341.00156450271606,10000,ppo,ppo,crawler,flat,thdot_dth_neighbours_plus_thdot_direct,,,,,,,,,,,,,,,0.0045476835555297475,0,781,0.0,0.0,,,,,,,,,,,,,,,,,,,,,,,,,,,,,,,,,,,,,,,,,,,,,,,,,,,,,,,,,,,,,,,,,,,,,,,,,,nan,,,,,,,,,,,,,,,
35,1507.581787109375,0.015060558915138245,1.5060558915138245,351.2739026546478,10000,ppo,ppo,crawler,flat,thdot_dth_neighbours_plus_thdot_direct,,,,,,,,,,,,,,,0.003983227437041672,0,781,0.0,0.0,,,,,,,,,,,,,,,,,,,,,,,,,,,,,,,,,,,,,,,,,,,,,,,,,,,,,,,,,,,,,,,,,,,,,,,,,,nan,,,,,,,,,,,,,,,
36,1567.0152587890625,0.015653550624847412,1.5653550624847412,361.31617069244385,10000,ppo,ppo,crawler,flat,thdot_dth_neighbours_plus_thdot_direct,,,,,,,,,,,,,,,0.004425094163542983,0,781,0.0,0.0,,,,,,,,,,,,,,,,,,,,,,,,,,,,,,,,,,,,,,,,,,,,,,,,,,,,,,,,,,,,,,,,,,,,,,,,,,nan,,,,,,,,,,,,,,,
37,1675.3095703125,0.016732100397348404,1.6732100397348404,371.4674928188324,10000,ppo,ppo,crawler,flat,thdot_dth_neighbours_plus_thdot_direct,,,,,,,,,,,,,,,0.005147438959554179,0,781,0.0,0.0,,,,,,,,,,,,,,,,,,,,,,,,,,,,,,,,,,,,,,,,,,,,,,,,,,,,,,,,,,,,,,,,,,,,,,,,,,nan,,,,,,,,,,,,,,,
38,1641.4320068359375,0.016395889222621918,1.6395889222621918,381.23148798942566,10000,ppo,ppo,crawler,flat,thdot_dth_neighbours_plus_thdot_direct,,,,,,,,,,,,,,,0.004505274427934444,0,781,0.0,0.0,,,,,,,,,,,,,,,,,,,,,,,,,,,,,,,,,,,,,,,,,,,,,,,,,,,,,,,,,,,,,,,,,,,,,,,,,,nan,,,,,,,,,,,,,,,
39,1771.130126953125,0.01769246533513069,1.7692465335130692,390.84462666511536,10000,ppo,ppo,crawler,flat,thdot_dth_neighbours_plus_thdot_direct,,,,,,,,,,,,,,,0.003749571759715178,0,781,0.0,0.0,,,,,,,,,,,,,,,,,,,,,,,,,,,,,,,,,,,,,,,,,,,,,,,,,,,,,,,,,,,,,,,,,,,,,,,,,,nan,,,,,,,,,,,,,,,
40,1683.776611328125,0.01682109944522381,1.6821099445223808,400.67528104782104,10000,ppo,ppo,crawler,flat,thdot_dth_neighbours_plus_thdot_direct,,,,,,,,,,,,,,,0.004309898715459694,0,781,0.0,0.0,,,,,,,,,,,,,,,,,,,,,,,,,,,,,,,,,,,,,,,,,,,,,,,,,,,,,,,,,,,,,,,,,,,,,,,,,,nan,,,,,,,,,,,,,,,
41,1593.0533447265625,0.01591280847787857,1.591280847787857,411.0482289791107,10000,ppo,ppo,crawler,flat,thdot_dth_neighbours_plus_thdot_direct,,,,,,,,,,,,,,,0.004204505615822751,0,781,0.0,0.0,,,,,,,,,,,,,,,,,,,,,,,,,,,,,,,,,,,,,,,,,,,,,,,,,,,,,,,,,,,,,,,,,,,,,,,,,,nan,,,,,,,,,,,,,,,
42,1611.1820068359375,0.016092883422970772,1.6092883422970772,420.8182256221771,10000,ppo,ppo,crawler,flat,thdot_dth_neighbours_plus_thdot_direct,,,,,,,,,,,,,,,0.004489490161321652,0,781,0.0,0.0,,,,,,,,,,,,,,,,,,,,,,,,,,,,,,,,,,,,,,,,,,,,,,,,,,,,,,,,,,,,,,,,,,,,,,,,,,nan,,,,,,,,,,,,,,,
43,1682.757080078125,0.016808537766337395,1.6808537766337395,430.7741105556488,10000,ppo,ppo,crawler,flat,thdot_dth_neighbours_plus_thdot_direct,,,,,,,,,,,,,,,0.004485393887237638,0,781,0.0,0.0,,,,,,,,,,,,,,,,,,,,,,,,,,,,,,,,,,,,,,,,,,,,,,,,,,,,,,,,,,,,,,,,,,,,,,,,,,nan,,,,,,,,,,,,,,,
44,1623.9783935546875,0.016222072765231133,1.6222072765231133,440.7779641151428,10000,ppo,ppo,crawler,flat,thdot_dth_neighbours_plus_thdot_direct,,,,,,,,,,,,,,,0.004604990013576471,0,781,0.0,0.0,,,,,,,,,,,,,,,,,,,,,,,,,,,,,,,,,,,,,,,,,,,,,,,,,,,,,,,,,,,,,,,,,,,,,,,,,,nan,,,,,,,,,,,,,,,
45,1758.613525390625,0.01756620593369007,1.756620593369007,450.6885688304901,10000,ppo,ppo,crawler,flat,thdot_dth_neighbours_plus_thdot_direct,,,,,,,,,,,,,,,0.004117206379491895,0,781,0.0,0.0,,,,,,,,,,,,,,,,,,,,,,,,,,,,,,,,,,,,,,,,,,,,,,,,,,,,,,,,,,,,,,,,,,,,,,,,,,nan,,,,,,,,,,,,,,,
46,1705.2894287109375,0.017033398151397705,1.7033398151397705,460.5258800983429,10000,ppo,ppo,crawler,flat,thdot_dth_neighbours_plus_thdot_direct,,,,,,,,,,,,,,,0.0039068983484866334,0,781,0.0,0.0,,,,,,,,,,,,,,,,,,,,,,,,,,,,,,,,,,,,,,,,,,,,,,,,,,,,,,,,,,,,,,,,,,,,,,,,,,nan,,,,,,,,,,,,,,,
47,1662.3656005859375,0.01660551130771637,1.660551130771637,470.44407749176025,10000,ppo,ppo,crawler,flat,thdot_dth_neighbours_plus_thdot_direct,,,,,,,,,,,,,,,0.004020461665120333,0,781,0.0,0.0,,,,,,,,,,,,,,,,,,,,,,,,,,,,,,,,,,,,,,,,,,,,,,,,,,,,,,,,,,,,,,,,,,,,,,,,,,nan,,,,,,,,,,,,,,,
48,1792.919189453125,0.017908528447151184,1.7908528447151184,480.69128799438477,10000,ppo,ppo,crawler,flat,thdot_dth_neighbours_plus_thdot_direct,,,,,,,,,,,,,,,0.00436726829850983,0,781,0.0,0.0,,,,,,,,,,,,,,,,,,,,,,,,,,,,,,,,,,,,,,,,,,,,,,,,,,,,,,,,,,,,,,,,,,,,,,,,,,nan,,,,,,,,,,,,,,,
49,1708.4085693359375,0.01706754043698311,1.7067540436983109,490.4382121562958,10000,ppo,ppo,crawler,flat,thdot_dth_neighbours_plus_thdot_direct,,,,,,,,,,,,,,,0.004571149919898194,0,781,0.0,0.0,,,,,,,,,,,,,,,,,,,,,,,,,,,,,,,,,,,,,,,,,,,,,,,,,,,,,,,,,,,,,,,,,,,,,,,,,,nan,,,,,,,,,,,,,,,
50,1730.635986328125,0.01728815585374832,1.7288155853748322,500.33787083625793,10000,ppo,ppo,crawler,flat,thdot_dth_neighbours_plus_thdot_direct,,,,,,,,,,,,,,,0.003880132468027851,0,781,0.0,0.0,,,,,,,,,,,,,,,,,,,,,,,,,,,,,,,,,,,,,,,,,,,,,,,,,,,,,,,,,,,,,,,,,,,,,,,,,,nan,,,,,,,,,,,,,,,
51,1762.9176025390625,0.017610134556889534,1.7610134556889534,510.7157745361328,10000,ppo,ppo,crawler,flat,thdot_dth_neighbours_plus_thdot_direct,,,,,,,,,,,,,,,0.0037803884315271343,0,781,0.0,0.0,,,,,,,,,,,,,,,,,,,,,,,,,,,,,,,,,,,,,,,,,,,,,,,,,,,,,,,,,,,,,,,,,,,,,,,,,,nan,,,,,,,,,,,,,,,
52,1735.970703125,0.017342805862426758,1.7342805862426758,521.1449031829834,10000,ppo,ppo,crawler,flat,thdot_dth_neighbours_plus_thdot_direct,,,,,,,,,,,,,,,0.0038195578330297952,0,781,0.0,0.0,,,,,,,,,,,,,,,,,,,,,,,,,,,,,,,,,,,,,,,,,,,,,,,,,,,,,,,,,,,,,,,,,,,,,,,,,,nan,,,,,,,,,,,,,,,
53,1777.919921875,0.01775650680065155,1.775650680065155,530.8063409328461,10000,ppo,ppo,crawler,flat,thdot_dth_neighbours_plus_thdot_direct,,,,,,,,,,,,,,,0.0043286624247437355,0,781,0.0,0.0,,,,,,,,,,,,,,,,,,,,,,,,,,,,,,,,,,,,,,,,,,,,,,,,,,,,,,,,,,,,,,,,,,,,,,,,,,nan,,,,,,,,,,,,,,,
54,1848.576171875,0.01846587471663952,1.8465874716639519,540.2751421928406,10000,ppo,ppo,crawler,flat,thdot_dth_neighbours_plus_thdot_direct,,,,,,,,,,,,,,,0.004277289222181614,0,781,0.0,0.0,,,,,,,,,,,,,,,,,,,,,,,,,,,,,,,,,,,,,,,,,,,,,,,,,,,,,,,,,,,,,,,,,,,,,,,,,,nan,,,,,,,,,,,,,,,
55,1757.498046875,0.0175562035292387,1.75562035292387,550.6196744441986,10000,ppo,ppo,crawler,flat,thdot_dth_neighbours_plus_thdot_direct,,,,,,,,,,,,,,,0.0038155221260151567,0,781,0.0,0.0,,,,,,,,,,,,,,,,,,,,,,,,,,,,,,,,,,,,,,,,,,,,,,,,,,,,,,,,,,,,,,,,,,,,,,,,,,nan,,,,,,,,,,,,,,,
56,1842.1239013671875,0.018402278423309326,1.8402278423309326,560.4169564247131,10000,ppo,ppo,crawler,flat,thdot_dth_neighbours_plus_thdot_direct,,,,,,,,,,,,,,,0.003464497116924163,0,781,0.0,0.0,,,,,,,,,,,,,,,,,,,,,,,,,,,,,,,,,,,,,,,,,,,,,,,,,,,,,,,,,,,,,,,,,,,,,,,,,,nan,,,,,,,,,,,,,,,
57,1837.1304931640625,0.01835058256983757,1.835058256983757,570.0804929733276,10000,ppo,ppo,crawler,flat,thdot_dth_neighbours_plus_thdot_direct,,,,,,,,,,,,,,,0.003102620974985935,0,781,0.0,0.0,,,,,,,,,,,,,,,,,,,,,,,,,,,,,,,,,,,,,,,,,,,,,,,,,,,,,,,,,,,,,,,,,,,,,,,,,,nan,,,,,,,,,,,,,,,
58,1926.198486328125,0.019240817055106163,1.9240817055106163,580.000828742981,10000,ppo,ppo,crawler,flat,thdot_dth_neighbours_plus_thdot_direct,,,,,,,,,,,,,,,0.0038220149044437767,0,781,0.0,0.0,,,,,,,,,,,,,,,,,,,,,,,,,,,,,,,,,,,,,,,,,,,,,,,,,,,,,,,,,,,,,,,,,,,,,,,,,,nan,,,,,,,,,,,,,,,
59,1858.9349365234375,0.01856931485235691,1.856931485235691,589.5064043998718,10000,ppo,ppo,crawler,flat,thdot_dth_neighbours_plus_thdot_direct,,,,,,,,,,,,,,,0.004041705698196992,0,781,0.0,0.0,,,,,,,,,,,,,,,,,,,,,,,,,,,,,,,,,,,,,,,,,,,,,,,,,,,,,,,,,,,,,,,,,,,,,,,,,,nan,,,,,,,,,,,,,,,
60,1780.2359619140625,0.017781833186745644,1.7781833186745644,599.5757417678833,10000,ppo,ppo,crawler,flat,thdot_dth_neighbours_plus_thdot_direct,,,,,,,,,,,,,,,0.004314734552480213,0,781,0.0,0.0,,,,,,,,,,,,,,,,,,,,,,,,,,,,,,,,,,,,,,,,,,,,,,,,,,,,,,,,,,,,,,,,,,,,,,,,,,nan,,,,,,,,,,,,,,,
61,1894.6773681640625,0.018925055861473083,1.8925055861473083,609.158451795578,10000,ppo,ppo,crawler,flat,thdot_dth_neighbours_plus_thdot_direct,,,,,,,,,,,,,,,0.003906591994677183,0,781,0.0,0.0,,,,,,,,,,,,,,,,,,,,,,,,,,,,,,,,,,,,,,,,,,,,,,,,,,,,,,,,,,,,,,,,,,,,,,,,,,nan,,,,,,,,,,,,,,,
62,1949.142578125,0.019469045102596283,1.9469045102596283,619.0744128227234,10000,ppo,ppo,crawler,flat,thdot_dth_neighbours_plus_thdot_direct,,,,,,,,,,,,,,,0.0036328483368480552,0,781,0.0,0.0,,,,,,,,,,,,,,,,,,,,,,,,,,,,,,,,,,,,,,,,,,,,,,,,,,,,,,,,,,,,,,,,,,,,,,,,,,nan,,,,,,,,,,,,,,,
63,1761.4609375,0.017596008256077766,1.7596008256077766,628.8872010707855,10000,ppo,ppo,crawler,flat,thdot_dth_neighbours_plus_thdot_direct,,,,,,,,,,,,,,,0.003633075490165118,0,781,0.0,0.0,,,,,,,,,,,,,,,,,,,,,,,,,,,,,,,,,,,,,,,,,,,,,,,,,,,,,,,,,,,,,,,,,,,,,,,,,,nan,,,,,,,,,,,,,,,
64,1859.3695068359375,0.01857639104127884,1.857639104127884,638.3621668815613,10000,ppo,ppo,crawler,flat,thdot_dth_neighbours_plus_thdot_direct,,,,,,,,,,,,,,,0.004585933207782847,0,781,0.0,0.0,,,,,,,,,,,,,,,,,,,,,,,,,,,,,,,,,,,,,,,,,,,,,,,,,,,,,,,,,,,,,,,,,,,,,,,,,,nan,,,,,,,,,,,,,,,
65,1832.7301025390625,0.01830965280532837,1.830965280532837,648.3883907794952,10000,ppo,ppo,crawler,flat,thdot_dth_neighbours_plus_thdot_direct,,,,,,,,,,,,,,,0.004094408991775076,0,781,0.0,0.0,,,,,,,,,,,,,,,,,,,,,,,,,,,,,,,,,,,,,,,,,,,,,,,,,,,,,,,,,,,,,,,,,,,,,,,,,,nan,,,,,,,,,,,,,,,
66,1835.607421875,0.018337082117795944,1.8337082117795944,658.0923376083374,10000,ppo,ppo,crawler,flat,thdot_dth_neighbours_plus_thdot_direct,,,,,,,,,,,,,,,0.004171931356653909,0,781,0.0,0.0,,,,,,,,,,,,,,,,,,,,,,,,,,,,,,,,,,,,,,,,,,,,,,,,,,,,,,,,,,,,,,,,,,,,,,,,,,nan,,,,,,,,,,,,,,,
67,1841.705078125,0.018396712839603424,1.8396712839603424,667.6083846092224,10000,ppo,ppo,crawler,flat,thdot_dth_neighbours_plus_thdot_direct,,,,,,,,,,,,,,,0.004258396993734073,0,781,0.0,0.0,,,,,,,,,,,,,,,,,,,,,,,,,,,,,,,,,,,,,,,,,,,,,,,,,,,,,,,,,,,,,,,,,,,,,,,,,,nan,,,,,,,,,,,,,,,
68,1883.145751953125,0.018811959773302078,1.8811959773302078,677.7178258895874,10000,ppo,ppo,crawler,flat,thdot_dth_neighbours_plus_thdot_direct,,,,,,,,,,,,,,,0.0038636186889514598,0,781,0.0,0.0,,,,,,,,,,,,,,,,,,,,,,,,,,,,,,,,,,,,,,,,,,,,,,,,,,,,,,,,,,,,,,,,,,,,,,,,,,nan,,,,,,,,,,,,,,,
69,1820.0433349609375,0.01818213239312172,1.818213239312172,686.9442145824432,10000,ppo,ppo,crawler,flat,thdot_dth_neighbours_plus_thdot_direct,,,,,,,,,,,,,,,0.0034866545420773917,0,781,0.0,0.0,,,,,,,,,,,,,,,,,,,,,,,,,,,,,,,,,,,,,,,,,,,,,,,,,,,,,,,,,,,,,,,,,,,,,,,,,,nan,,,,,,,,,,,,,,,
70,1863.799072265625,0.01861703209578991,1.861703209578991,697.0976526737213,10000,ppo,ppo,crawler,flat,thdot_dth_neighbours_plus_thdot_direct,,,,,,,,,,,,,,,0.004176733743693258,0,781,0.0,0.0,,,,,,,,,,,,,,,,,,,,,,,,,,,,,,,,,,,,,,,,,,,,,,,,,,,,,,,,,,,,,,,,,,,,,,,,,,nan,,,,,,,,,,,,,,,
71,1938.4156494140625,0.019363749772310257,1.9363749772310257,706.6942307949066,10000,ppo,ppo,crawler,flat,thdot_dth_neighbours_plus_thdot_direct,,,,,,,,,,,,,,,0.0035990215379842643,0,781,0.0,0.0,,,,,,,,,,,,,,,,,,,,,,,,,,,,,,,,,,,,,,,,,,,,,,,,,,,,,,,,,,,,,,,,,,,,,,,,,,nan,,,,,,,,,,,,,,,
72,1857.9652099609375,0.018561389297246933,1.8561389297246933,716.352382183075,10000,ppo,ppo,crawler,flat,thdot_dth_neighbours_plus_thdot_direct,,,,,,,,,,,,,,,0.003375540009369819,0,781,0.0,0.0,,,,,,,,,,,,,,,,,,,,,,,,,,,,,,,,,,,,,,,,,,,,,,,,,,,,,,,,,,,,,,,,,,,,,,,,,,nan,,,,,,,,,,,,,,,
73,1998.5062255859375,0.01996341161429882,1.996341161429882,726.5950036048889,10000,ppo,ppo,crawler,flat,thdot_dth_neighbours_plus_thdot_direct,,,,,,,,,,,,,,,0.0033651532762517364,0,781,0.0,0.0,,,,,,,,,,,,,,,,,,,,,,,,,,,,,,,,,,,,,,,,,,,,,,,,,,,,,,,,,,,,,,,,,,,,,,,,,,nan,,,,,,,,,,,,,,,
74,1916.0562744140625,0.01914057508111,1.914057508111,736.2692096233368,10000,ppo,ppo,crawler,flat,thdot_dth_neighbours_plus_thdot_direct,,,,,,,,,,,,,,,0.0036338908525845866,0,781,0.0,0.0,,,,,,,,,,,,,,,,,,,,,,,,,,,,,,,,,,,,,,,,,,,,,,,,,,,,,,,,,,,,,,,,,,,,,,,,,,nan,,,,,,,,,,,,,,,
75,1850.470703125,0.01848413795232773,1.8484137952327728,746.2079029083252,10000,ppo,ppo,crawler,flat,thdot_dth_neighbours_plus_thdot_direct,,,,,,,,,,,,,,,0.0036114496143214853,0,781,0.0,0.0,,,,,,,,,,,,,,,,,,,,,,,,,,,,,,,,,,,,,,,,,,,,,,,,,,,,,,,,,,,,,,,,,,,,,,,,,,nan,,,,,,,,,,,,,,,
76,1912.948486328125,0.01911219395697117,1.9112193956971169,755.6743412017822,10000,ppo,ppo,crawler,flat,thdot_dth_neighbours_plus_thdot_direct,,,,,,,,,,,,,,,0.003995535770048988,0,781,0.0,0.0,,,,,,,,,,,,,,,,,,,,,,,,,,,,,,,,,,,,,,,,,,,,,,,,,,,,,,,,,,,,,,,,,,,,,,,,,,nan,,,,,,,,,,,,,,,
77,1976.7418212890625,0.01974572241306305,1.974572241306305,765.2450392246246,10000,ppo,ppo,crawler,flat,thdot_dth_neighbours_plus_thdot_direct,,,,,,,,,,,,,,,0.003755018237464422,0,781,0.0,0.0,,,,,,,,,,,,,,,,,,,,,,,,,,,,,,,,,,,,,,,,,,,,,,,,,,,,,,,,,,,,,,,,,,,,,,,,,,nan,,,,,,,,,,,,,,,
78,1936.3968505859375,0.019343795254826546,1.9343795254826546,774.9616422653198,10000,ppo,ppo,crawler,flat,thdot_dth_neighbours_plus_thdot_direct,,,,,,,,,,,,,,,0.004293623602733751,0,781,0.0,0.0,,,,,,,,,,,,,,,,,,,,,,,,,,,,,,,,,,,,,,,,,,,,,,,,,,,,,,,,,,,,,,,,,,,,,,,,,,nan,,,,,,,,,,,,,,,
79,1873.5438232421875,0.01871469058096409,1.8714690580964088,784.6565461158752,10000,ppo,ppo,crawler,flat,thdot_dth_neighbours_plus_thdot_direct,,,,,,,,,,,,,,,0.003843752984297508,0,781,0.0,0.0,,,,,,,,,,,,,,,,,,,,,,,,,,,,,,,,,,,,,,,,,,,,,,,,,,,,,,,,,,,,,,,,,,,,,,,,,,nan,,,,,,,,,,,,,,,
80,1887.54296875,0.018854854628443718,1.8854854628443718,794.5627129077911,10000,ppo,ppo,crawler,flat,thdot_dth_neighbours_plus_thdot_direct,,,,,,,,,,,,,,,0.0035898022684007513,0,781,0.0,0.0,,,,,,,,,,,,,,,,,,,,,,,,,,,,,,,,,,,,,,,,,,,,,,,,,,,,,,,,,,,,,,,,,,,,,,,,,,nan,,,,,,,,,,,,,,,
81,1904.930908203125,0.019027361646294594,1.9027361646294594,804.3142042160034,10000,ppo,ppo,crawler,flat,thdot_dth_neighbours_plus_thdot_direct,,,,,,,,,,,,,,,0.00361058075832794,0,781,0.0,0.0,,,,,,,,,,,,,,,,,,,,,,,,,,,,,,,,,,,,,,,,,,,,,,,,,,,,,,,,,,,,,,,,,,,,,,,,,,nan,,,,,,,,,,,,,,,
82,1966.203125,0.019644856452941895,1.9644856452941895,814.0008687973022,10000,ppo,ppo,crawler,flat,thdot_dth_neighbours_plus_thdot_direct,,,,,,,,,,,,,,,0.003946168912968708,0,781,0.0,0.0,,,,,,,,,,,,,,,,,,,,,,,,,,,,,,,,,,,,,,,,,,,,,,,,,,,,,,,,,,,,,,,,,,,,,,,,,,nan,,,,,,,,,,,,,,,
83,1900.2388916015625,0.018981294706463814,1.8981294706463814,823.9512202739716,10000,ppo,ppo,crawler,flat,thdot_dth_neighbours_plus_thdot_direct,,,,,,,,,,,,,,,0.003498174937994374,0,781,0.0,0.0,,,,,,,,,,,,,,,,,,,,,,,,,,,,,,,,,,,,,,,,,,,,,,,,,,,,,,,,,,,,,,,,,,,,,,,,,,nan,,,,,,,,,,,,,,,
84,1861.3160400390625,0.01859540119767189,1.859540119767189,833.3287308216095,10000,ppo,ppo,crawler,flat,thdot_dth_neighbours_plus_thdot_direct,,,,,,,,,,,,,,,0.004056609507106597,0,781,0.0,0.0,,,,,,,,,,,,,,,,,,,,,,,,,,,,,,,,,,,,,,,,,,,,,,,,,,,,,,,,,,,,,,,,,,,,,,,,,,nan,,,,,,,,,,,,,,,
85,1931.263671875,0.019291618838906288,1.9291618838906288,843.49534034729,10000,ppo,ppo,crawler,flat,thdot_dth_neighbours_plus_thdot_direct,,,,,,,,,,,,,,,0.004079448662524697,0,781,0.0,0.0,,,,,,,,,,,,,,,,,,,,,,,,,,,,,,,,,,,,,,,,,,,,,,,,,,,,,,,,,,,,,,,,,,,,,,,,,,nan,,,,,,,,,,,,,,,
86,1816.3446044921875,0.018140779808163643,1.8140779808163643,853.4636688232422,10000,ppo,ppo,crawler,flat,thdot_dth_neighbours_plus_thdot_direct,,,,,,,,,,,,,,,0.004630978855026795,0,781,0.0,0.0,,,,,,,,,,,,,,,,,,,,,,,,,,,,,,,,,,,,,,,,,,,,,,,,,,,,,,,,,,,,,,,,,,,,,,,,,,nan,,,,,,,,,,,,,,,
87,1865.4296875,0.018633387982845306,1.8633387982845306,863.3077847957611,10000,ppo,ppo,crawler,flat,thdot_dth_neighbours_plus_thdot_direct,,,,,,,,,,,,,,,0.0035335622933432027,0,781,0.0,0.0,,,,,,,,,,,,,,,,,,,,,,,,,,,,,,,,,,,,,,,,,,,,,,,,,,,,,,,,,,,,,,,,,,,,,,,,,,nan,,,,,,,,,,,,,,,
88,1903.677001953125,0.019020942971110344,1.9020942971110344,873.4267344474792,10000,ppo,ppo,crawler,flat,thdot_dth_neighbours_plus_thdot_direct,,,,,,,,,,,,,,,0.0038539448957167475,0,781,0.0,0.0,,,,,,,,,,,,,,,,,,,,,,,,,,,,,,,,,,,,,,,,,,,,,,,,,,,,,,,,,,,,,,,,,,,,,,,,,,nan,,,,,,,,,,,,,,,
89,1923.8734130859375,0.019216381013393402,1.9216381013393402,882.8695719242096,10000,ppo,ppo,crawler,flat,thdot_dth_neighbours_plus_thdot_direct,,,,,,,,,,,,,,,0.002863228604776139,0,781,0.0,0.0,,,,,,,,,,,,,,,,,,,,,,,,,,,,,,,,,,,,,,,,,,,,,,,,,,,,,,,,,,,,,,,,,,,,,,,,,,nan,,,,,,,,,,,,,,,
90,1991.9097900390625,0.01989688351750374,1.9896883517503738,892.7336494922638,10000,ppo,ppo,crawler,flat,thdot_dth_neighbours_plus_thdot_direct,,,,,,,,,,,,,,,0.003929821170330538,0,781,0.0,0.0,,,,,,,,,,,,,,,,,,,,,,,,,,,,,,,,,,,,,,,,,,,,,,,,,,,,,,,,,,,,,,,,,,,,,,,,,,nan,,,,,,,,,,,,,,,
91,1896.719970703125,0.018945416435599327,1.8945416435599327,902.6520757675171,10000,ppo,ppo,crawler,flat,thdot_dth_neighbours_plus_thdot_direct,,,,,,,,,,,,,,,0.004103717993440339,0,781,0.0,0.0,,,,,,,,,,,,,,,,,,,,,,,,,,,,,,,,,,,,,,,,,,,,,,,,,,,,,,,,,,,,,,,,,,,,,,,,,,nan,,,,,,,,,,,,,,,
92,1957.8570556640625,0.01956239528954029,1.956239528954029,912.3056807518005,10000,ppo,ppo,crawler,flat,thdot_dth_neighbours_plus_thdot_direct,,,,,,,,,,,,,,,0.0035374081187032652,0,781,0.0,0.0,,,,,,,,,,,,,,,,,,,,,,,,,,,,,,,,,,,,,,,,,,,,,,,,,,,,,,,,,,,,,,,,,,,,,,,,,,nan,,,,,,,,,,,,,,,
93,1932.3260498046875,0.01930117793381214,1.9301177933812141,922.4451062679291,10000,ppo,ppo,crawler,flat,thdot_dth_neighbours_plus_thdot_direct,,,,,,,,,,,,,,,0.004110672304113206,0,781,0.0,0.0,,,,,,,,,,,,,,,,,,,,,,,,,,,,,,,,,,,,,,,,,,,,,,,,,,,,,,,,,,,,,,,,,,,,,,,,,,nan,,,,,,,,,,,,,,,
94,1934.811767578125,0.019328713417053223,1.9328713417053223,931.9298260211945,10000,ppo,ppo,crawler,flat,thdot_dth_neighbours_plus_thdot_direct,,,,,,,,,,,,,,,0.0033464508480243772,0,781,0.0,0.0,,,,,,,,,,,,,,,,,,,,,,,,,,,,,,,,,,,,,,,,,,,,,,,,,,,,,,,,,,,,,,,,,,,,,,,,,,nan,,,,,,,,,,,,,,,
95,1964.58984375,0.019625049084424973,1.9625049084424973,941.6895034313202,10000,ppo,ppo,crawler,flat,thdot_dth_neighbours_plus_thdot_direct,,,,,,,,,,,,,,,0.0035312098958360807,0,781,0.0,0.0,,,,,,,,,,,,,,,,,,,,,,,,,,,,,,,,,,,,,,,,,,,,,,,,,,,,,,,,,,,,,,,,,,,,,,,,,,nan,,,,,,,,,,,,,,,
96,1981.807861328125,0.019796712324023247,1.9796712324023247,951.3964047431946,10000,ppo,ppo,crawler,flat,thdot_dth_neighbours_plus_thdot_direct,,,,,,,,,,,,,,,0.003786945060069606,0,781,0.0,0.0,,,,,,,,,,,,,,,,,,,,,,,,,,,,,,,,,,,,,,,,,,,,,,,,,,,,,,,,,,,,,,,,,,,,,,,,,,nan,,,,,,,,,,,,,,,
97,2016.389892578125,0.020143801346421242,2.014380134642124,961.0730829238892,10000,ppo,ppo,crawler,flat,thdot_dth_neighbours_plus_thdot_direct,,,,,,,,,,,,,,,0.0036534376238750495,0,781,0.0,0.0,,,,,,,,,,,,,,,,,,,,,,,,,,,,,,,,,,,,,,,,,,,,,,,,,,,,,,,,,,,,,,,,,,,,,,,,,,nan,,,,,,,,,,,,,,,
98,1987.637939453125,0.01985914260149002,1.985914260149002,971.1457195281982,10000,ppo,ppo,crawler,flat,thdot_dth_neighbours_plus_thdot_direct,,,,,,,,,,,,,,,0.0034457755269900756,0,781,0.0,0.0,,,,,,,,,,,,,,,,,,,,,,,,,,,,,,,,,,,,,,,,,,,,,,,,,,,,,,,,,,,,,,,,,,,,,,,,,,nan,,,,,,,,,,,,,,,
99,2039.6156005859375,0.02037324756383896,2.037324756383896,981.074583530426,10000,ppo,ppo,crawler,flat,thdot_dth_neighbours_plus_thdot_direct,,,,,,,,,,,,,,,0.0030975411769075508,0,781,0.0,0.0,,,,,,,,,,,,,,,,,,,,,,,,,,,,,,,,,,,,,,,,,,,,,,,,,,,,,,,,,,,,,,,,,,,,,,,,,,nan,,,,,,,,,,,,,,,
100,2121.002685546875,0.0211859829723835,2.11859829723835,990.8705191612244,10000,ppo,ppo,crawler,flat,thdot_dth_neighbours_plus_thdot_direct,,,,,,,,,,,,,,,0.0035775011172609985,0,781,0.0,0.0,,,,,,,,,,,,,,,,,,,,,,,,,,,,,,,,,,,,,,,,,,,,,,,,,,,,,,,,,,,,,,,,,,,,,,,,,,nan,,,,,,,,,,,,,,,
101,2021.126953125,0.020192192867398262,2.019219286739826,1000.839465379715,10000,ppo,ppo,crawler,flat,thdot_dth_neighbours_plus_thdot_direct,,,,,,,,,,,,,,,0.0038382997539355796,0,781,0.0,0.0,,,,,,,,,,,,,,,,,,,,,,,,,,,,,,,,,,,,,,,,,,,,,,,,,,,,,,,,,,,,,,,,,,,,,,,,,,nan,,,,,,,,,,,,,,,
102,2113.7861328125,0.02111649699509144,2.111649699509144,1010.5782759189606,10000,ppo,ppo,crawler,flat,thdot_dth_neighbours_plus_thdot_direct,,,,,,,,,,,,,,,0.003152244680641222,0,781,0.0,0.0,,,,,,,,,,,,,,,,,,,,,,,,,,,,,,,,,,,,,,,,,,,,,,,,,,,,,,,,,,,,,,,,,,,,,,,,,,nan,,,,,,,,,,,,,,,
103,2062.619140625,0.02060159295797348,2.060159295797348,1020.863153219223,10000,ppo,ppo,crawler,flat,thdot_dth_neighbours_plus_thdot_direct,,,,,,,,,,,,,,,0.003673977583387495,0,781,0.0,0.0,,,,,,,,,,,,,,,,,,,,,,,,,,,,,,,,,,,,,,,,,,,,,,,,,,,,,,,,,,,,,,,,,,,,,,,,,,nan,,,,,,,,,,,,,,,
104,2085.100830078125,0.02083033137023449,2.083033137023449,1030.8198113441467,10000,ppo,ppo,crawler,flat,thdot_dth_neighbours_plus_thdot_direct,,,,,,,,,,,,,,,0.003750054477184009,0,781,0.0,0.0,,,,,,,,,,,,,,,,,,,,,,,,,,,,,,,,,,,,,,,,,,,,,,,,,,,,,,,,,,,,,,,,,,,,,,,,,,nan,,,,,,,,,,,,,,,
105,2090.795654296875,0.02088850922882557,2.088850922882557,1040.6717927455902,10000,ppo,ppo,crawler,flat,thdot_dth_neighbours_plus_thdot_direct,,,,,,,,,,,,,,,0.003048130017293148,0,781,0.0,0.0,,,,,,,,,,,,,,,,,,,,,,,,,,,,,,,,,,,,,,,,,,,,,,,,,,,,,,,,,,,,,,,,,,,,,,,,,,nan,,,,,,,,,,,,,,,
106,2085.218994140625,0.0208289735019207,2.08289735019207,1050.59676527977,10000,ppo,ppo,crawler,flat,thdot_dth_neighbours_plus_thdot_direct,,,,,,,,,,,,,,,0.0037364546017867204,0,781,0.0,0.0,,,,,,,,,,,,,,,,,,,,,,,,,,,,,,,,,,,,,,,,,,,,,,,,,,,,,,,,,,,,,,,,,,,,,,,,,,nan,,,,,,,,,,,,,,,
107,2069.51025390625,0.020671578124165535,2.0671578124165535,1060.3996028900146,10000,ppo,ppo,crawler,flat,thdot_dth_neighbours_plus_thdot_direct,,,,,,,,,,,,,,,0.0033890023959824447,0,781,0.0,0.0,,,,,,,,,,,,,,,,,,,,,,,,,,,,,,,,,,,,,,,,,,,,,,,,,,,,,,,,,,,,,,,,,,,,,,,,,,nan,,,,,,,,,,,,,,,
108,2040.604736328125,0.02038431353867054,2.038431353867054,1070.408874988556,10000,ppo,ppo,crawler,flat,thdot_dth_neighbours_plus_thdot_direct,,,,,,,,,,,,,,,0.003787804710991762,0,781,0.0,0.0,,,,,,,,,,,,,,,,,,,,,,,,,,,,,,,,,,,,,,,,,,,,,,,,,,,,,,,,,,,,,,,,,,,,,,,,,,nan,,,,,,,,,,,,,,,
109,2237.912109375,0.022357353940606117,2.2357353940606117,1080.2877917289734,10000,ppo,ppo,crawler,flat,thdot_dth_neighbours_plus_thdot_direct,,,,,,,,,,,,,,,0.003175674875058787,0,781,0.0,0.0,,,,,,,,,,,,,,,,,,,,,,,,,,,,,,,,,,,,,,,,,,,,,,,,,,,,,,,,,,,,,,,,,,,,,,,,,,nan,,,,,,,,,,,,,,,
110,2122.764404296875,0.021204721182584763,2.1204721182584763,1090.2627687454224,10000,ppo,ppo,crawler,flat,thdot_dth_neighbours_plus_thdot_direct,,,,,,,,,,,,,,,0.002865749739031558,0,781,0.0,0.0,,,,,,,,,,,,,,,,,,,,,,,,,,,,,,,,,,,,,,,,,,,,,,,,,,,,,,,,,,,,,,,,,,,,,,,,,,nan,,,,,,,,,,,,,,,
111,2052.44677734375,0.020499419420957565,2.0499419420957565,1100.1945061683655,10000,ppo,ppo,crawler,flat,thdot_dth_neighbours_plus_thdot_direct,,,,,,,,,,,,,,,0.0035103735162342305,0,781,0.0,0.0,,,,,,,,,,,,,,,,,,,,,,,,,,,,,,,,,,,,,,,,,,,,,,,,,,,,,,,,,,,,,,,,,,,,,,,,,,nan,,,,,,,,,,,,,,,
112,2072.64697265625,0.020704735070466995,2.0704735070466995,1109.5716395378113,10000,ppo,ppo,crawler,flat,thdot_dth_neighbours_plus_thdot_direct,,,,,,,,,,,,,,,0.0036370975761684105,0,781,0.0,0.0,,,,,,,,,,,,,,,,,,,,,,,,,,,,,,,,,,,,,,,,,,,,,,,,,,,,,,,,,,,,,,,,,,,,,,,,,,nan,,,,,,,,,,,,,,,
113,2023.0699462890625,0.020208723843097687,2.0208723843097687,1119.2873780727386,10000,ppo,ppo,crawler,flat,thdot_dth_neighbours_plus_thdot_direct,,,,,,,,,,,,,,,0.0035280404451070815,0,781,0.0,0.0,,,,,,,,,,,,,,,,,,,,,,,,,,,,,,,,,,,,,,,,,,,,,,,,,,,,,,,,,,,,,,,,,,,,,,,,,,nan,,,,,,,,,,,,,,,
114,2103.846435546875,0.02102031745016575,2.102031745016575,1129.1895852088928,10000,ppo,ppo,crawler,flat,thdot_dth_neighbours_plus_thdot_direct,,,,,,,,,,,,,,,0.0030776864329752295,0,781,0.0,0.0,,,,,,,,,,,,,,,,,,,,,,,,,,,,,,,,,,,,,,,,,,,,,,,,,,,,,,,,,,,,,,,,,,,,,,,,,,nan,,,,,,,,,,,,,,,
115,2060.902587890625,0.02058457024395466,2.058457024395466,1138.8410172462463,10000,ppo,ppo,crawler,flat,thdot_dth_neighbours_plus_thdot_direct,,,,,,,,,,,,,,,0.0032319462545579106,0,781,0.0,0.0,,,,,,,,,,,,,,,,,,,,,,,,,,,,,,,,,,,,,,,,,,,,,,,,,,,,,,,,,,,,,,,,,,,,,,,,,,nan,,,,,,,,,,,,,,,
116,2149.64892578125,0.021473411470651627,2.1473411470651627,1148.9817788600922,10000,ppo,ppo,crawler,flat,thdot_dth_neighbours_plus_thdot_direct,,,,,,,,,,,,,,,0.003189025186850693,0,781,0.0,0.0,,,,,,,,,,,,,,,,,,,,,,,,,,,,,,,,,,,,,,,,,,,,,,,,,,,,,,,,,,,,,,,,,,,,,,,,,,nan,,,,,,,,,,,,,,,
117,2064.676513671875,0.02062707580626011,2.062707580626011,1158.5470294952393,10000,ppo,ppo,crawler,flat,thdot_dth_neighbours_plus_thdot_direct,,,,,,,,,,,,,,,0.0032424724238365892,0,781,0.0,0.0,,,,,,,,,,,,,,,,,,,,,,,,,,,,,,,,,,,,,,,,,,,,,,,,,,,,,,,,,,,,,,,,,,,,,,,,,,nan,,,,,,,,,,,,,,,
118,2148.074462890625,0.021457873284816742,2.145787328481674,1168.6015892028809,10000,ppo,ppo,crawler,flat,thdot_dth_neighbours_plus_thdot_direct,,,,,,,,,,,,,,,0.0033250677536275745,0,781,0.0,0.0,,,,,,,,,,,,,,,,,,,,,,,,,,,,,,,,,,,,,,,,,,,,,,,,,,,,,,,,,,,,,,,,,,,,,,,,,,nan,,,,,,,,,,,,,,,
119,2151.58935546875,0.02149372175335884,2.149372175335884,1178.6089115142822,10000,ppo,ppo,crawler,flat,thdot_dth_neighbours_plus_thdot_direct,,,,,,,,,,,,,,,0.003823647990722614,0,781,0.0,0.0,,,,,,,,,,,,,,,,,,,,,,,,,,,,,,,,,,,,,,,,,,,,,,,,,,,,,,,,,,,,,,,,,,,,,,,,,,nan,,,,,,,,,,,,,,,
120,2077.91748046875,0.020756324753165245,2.0756324753165245,1188.4120502471924,10000,ppo,ppo,crawler,flat,thdot_dth_neighbours_plus_thdot_direct,,,,,,,,,,,,,,,0.002887088281357943,0,781,0.0,0.0,,,,,,,,,,,,,,,,,,,,,,,,,,,,,,,,,,,,,,,,,,,,,,,,,,,,,,,,,,,,,,,,,,,,,,,,,,nan,,,,,,,,,,,,,,,
121,2011.9449462890625,0.02009817212820053,2.009817212820053,1198.4892601966858,10000,ppo,ppo,crawler,flat,thdot_dth_neighbours_plus_thdot_direct,,,,,,,,,,,,,,,0.003659080160307996,0,781,0.0,0.0,,,,,,,,,,,,,,,,,,,,,,,,,,,,,,,,,,,,,,,,,,,,,,,,,,,,,,,,,,,,,,,,,,,,,,,,,,nan,,,,,,,,,,,,,,,
122,2082.173583984375,0.02080252207815647,2.080252207815647,1208.2031917572021,10000,ppo,ppo,crawler,flat,thdot_dth_neighbours_plus_thdot_direct,,,,,,,,,,,,,,,0.0033910824652802177,0,781,0.0,0.0,,,,,,,,,,,,,,,,,,,,,,,,,,,,,,,,,,,,,,,,,,,,,,,,,,,,,,,,,,,,,,,,,,,,,,,,,,nan,,,,,,,,,,,,,,,
123,2057.640625,0.020554106682538986,2.0554106682538986,1218.0737862586975,10000,ppo,ppo,crawler,flat,thdot_dth_neighbours_plus_thdot_direct,,,,,,,,,,,,,,,0.0033914773507084115,0,781,0.0,0.0,,,,,,,,,,,,,,,,,,,,,,,,,,,,,,,,,,,,,,,,,,,,,,,,,,,,,,,,,,,,,,,,,,,,,,,,,,nan,,,,,,,,,,,,,,,
124,1973.12890625,0.019708052277565002,1.9708052277565002,1227.8980929851532,10000,ppo,ppo,crawler,flat,thdot_dth_neighbours_plus_thdot_direct,,,,,,,,,,,,,,,0.004571200454343473,0,781,0.0,0.0,,,,,,,,,,,,,,,,,,,,,,,,,,,,,,,,,,,,,,,,,,,,,,,,,,,,,,,,,,,,,,,,,,,,,,,,,,nan,,,,,,,,,,,,,,,
125,2048.777587890625,0.020467514172196388,2.046751417219639,1237.9356842041016,10000,ppo,ppo,crawler,flat,thdot_dth_neighbours_plus_thdot_direct,,,,,,,,,,,,,,,0.0034476972716293917,0,781,0.0,0.0,,,,,,,,,,,,,,,,,,,,,,,,,,,,,,,,,,,,,,,,,,,,,,,,,,,,,,,,,,,,,,,,,,,,,,,,,,nan,,,,,,,,,,,,,,,
126,2069.252685546875,0.02066694013774395,2.066694013774395,1247.5446870326996,10000,ppo,ppo,crawler,flat,thdot_dth_neighbours_plus_thdot_direct,,,,,,,,,,,,,,,0.003324275666869553,0,781,0.0,0.0,,,,,,,,,,,,,,,,,,,,,,,,,,,,,,,,,,,,,,,,,,,,,,,,,,,,,,,,,,,,,,,,,,,,,,,,,,nan,,,,,,,,,,,,,,,
127,2075.330810546875,0.0207314882427454,2.07314882427454,1257.406530380249,10000,ppo,ppo,crawler,flat,thdot_dth_neighbours_plus_thdot_direct,,,,,,,,,,,,,,,0.005071203934382408,0,781,0.0,0.0,,,,,,,,,,,,,,,,,,,,,,,,,,,,,,,,,,,,,,,,,,,,,,,,,,,,,,,,,,,,,,,,,,,,,,,,,,nan,,,,,,,,,,,,,,,
128,2030.9833984375,0.020287178456783295,2.0287178456783295,1267.297108888626,10000,ppo,ppo,crawler,flat,thdot_dth_neighbours_plus_thdot_direct,,,,,,,,,,,,,,,0.0037211733943142518,0,781,0.0,0.0,,,,,,,,,,,,,,,,,,,,,,,,,,,,,,,,,,,,,,,,,,,,,,,,,,,,,,,,,,,,,,,,,,,,,,,,,,nan,,,,,,,,,,,,,,,
129,2049.813232421875,0.020473666489124298,2.04736664891243,1277.1258261203766,10000,ppo,ppo,crawler,flat,thdot_dth_neighbours_plus_thdot_direct,,,,,,,,,,,,,,,0.004194071870647751,0,781,0.0,0.0,,,,,,,,,,,,,,,,,,,,,,,,,,,,,,,,,,,,,,,,,,,,,,,,,,,,,,,,,,,,,,,,,,,,,,,,,,nan,,,,,,,,,,,,,,,
130,2046.30078125,0.020439842715859413,2.0439842715859413,1286.92781996727,10000,ppo,ppo,crawler,flat,thdot_dth_neighbours_plus_thdot_direct,,,,,,,,,,,,,,,0.003134727188713702,0,781,0.0,0.0,,,,,,,,,,,,,,,,,,,,,,,,,,,,,,,,,,,,,,,,,,,,,,,,,,,,,,,,,,,,,,,,,,,,,,,,,,nan,,,,,,,,,,,,,,,
131,2046.615234375,0.02044607885181904,2.044607885181904,1296.658632516861,10000,ppo,ppo,crawler,flat,thdot_dth_neighbours_plus_thdot_direct,,,,,,,,,,,,,,,0.004178996477639914,0,781,0.0,0.0,,,,,,,,,,,,,,,,,,,,,,,,,,,,,,,,,,,,,,,,,,,,,,,,,,,,,,,,,,,,,,,,,,,,,,,,,,nan,,,,,,,,,,,,,,,
132,2048.164794921875,0.02046392485499382,2.046392485499382,1306.8871395587921,10000,ppo,ppo,crawler,flat,thdot_dth_neighbours_plus_thdot_direct,,,,,,,,,,,,,,,0.0031596540019067747,0,781,0.0,0.0,,,,,,,,,,,,,,,,,,,,,,,,,,,,,,,,,,,,,,,,,,,,,,,,,,,,,,,,,,,,,,,,,,,,,,,,,,nan,,,,,,,,,,,,,,,
133,1972.0673828125,0.019699102267622948,1.9699102267622948,1316.6530497074127,10000,ppo,ppo,crawler,flat,thdot_dth_neighbours_plus_thdot_direct,,,,,,,,,,,,,,,0.003677601666664072,0,781,0.0,0.0,,,,,,,,,,,,,,,,,,,,,,,,,,,,,,,,,,,,,,,,,,,,,,,,,,,,,,,,,,,,,,,,,,,,,,,,,,nan,,,,,,,,,,,,,,,
134,1923.2886962890625,0.019211003556847572,1.9211003556847572,1326.5080666542053,10000,ppo,ppo,crawler,flat,thdot_dth_neighbours_plus_thdot_direct,,,,,,,,,,,,,,,0.004361492327292017,0,781,0.0,0.0,,,,,,,,,,,,,,,,,,,,,,,,,,,,,,,,,,,,,,,,,,,,,,,,,,,,,,,,,,,,,,,,,,,,,,,,,,nan,,,,,,,,,,,,,,,
135,2048.374267578125,0.02046082727611065,2.046082727611065,1336.3865048885345,10000,ppo,ppo,crawler,flat,thdot_dth_neighbours_plus_thdot_direct,,,,,,,,,,,,,,,0.0031354660458206133,0,781,0.0,0.0,,,,,,,,,,,,,,,,,,,,,,,,,,,,,,,,,,,,,,,,,,,,,,,,,,,,,,,,,,,,,,,,,,,,,,,,,,nan,,,,,,,,,,,,,,,
136,2132.882568359375,0.02130505070090294,2.130505070090294,1346.1351909637451,10000,ppo,ppo,crawler,flat,thdot_dth_neighbours_plus_thdot_direct,,,,,,,,,,,,,,,0.00320282665898523,0,781,0.0,0.0,,,,,,,,,,,,,,,,,,,,,,,,,,,,,,,,,,,,,,,,,,,,,,,,,,,,,,,,,,,,,,,,,,,,,,,,,,nan,,,,,,,,,,,,,,,
137,2036.5601806640625,0.020341649651527405,2.0341649651527405,1355.889312028885,10000,ppo,ppo,crawler,flat,thdot_dth_neighbours_plus_thdot_direct,,,,,,,,,,,,,,,0.004166967749284786,0,781,0.0,0.0,,,,,,,,,,,,,,,,,,,,,,,,,,,,,,,,,,,,,,,,,,,,,,,,,,,,,,,,,,,,,,,,,,,,,,,,,,nan,,,,,,,,,,,,,,,
138,2037.0693359375,0.020347338169813156,2.0347338169813156,1365.6708362102509,10000,ppo,ppo,crawler,flat,thdot_dth_neighbours_plus_thdot_direct,,,,,,,,,,,,,,,0.004962871890820714,0,781,0.0,0.0,,,,,,,,,,,,,,,,,,,,,,,,,,,,,,,,,,,,,,,,,,,,,,,,,,,,,,,,,,,,,,,,,,,,,,,,,,nan,,,,,,,,,,,,,,,
139,2002.3912353515625,0.020004425197839737,2.0004425197839737,1375.229733467102,10000,ppo,ppo,crawler,flat,thdot_dth_neighbours_plus_thdot_direct,,,,,,,,,,,,,,,0.005366937911280221,0,781,0.0,0.0,,,,,,,,,,,,,,,,,,,,,,,,,,,,,,,,,,,,,,,,,,,,,,,,,,,,,,,,,,,,,,,,,,,,,,,,,,nan,,,,,,,,,,,,,,,
140,2007.8992919921875,0.020059702917933464,2.0059702917933464,1385.2785954475403,10000,ppo,ppo,crawler,flat,thdot_dth_neighbours_plus_thdot_direct,,,,,,,,,,,,,,,0.003774587650550774,0,781,0.0,0.0,,,,,,,,,,,,,,,,,,,,,,,,,,,,,,,,,,,,,,,,,,,,,,,,,,,,,,,,,,,,,,,,,,,,,,,,,,nan,,,,,,,,,,,,,,,
141,1876.4573974609375,0.018741482868790627,1.8741482868790627,1395.0772092342377,10000,ppo,ppo,crawler,flat,thdot_dth_neighbours_plus_thdot_direct,,,,,,,,,,,,,,,0.0035378380720565952,0,781,0.0,0.0,,,,,,,,,,,,,,,,,,,,,,,,,,,,,,,,,,,,,,,,,,,,,,,,,,,,,,,,,,,,,,,,,,,,,,,,,,nan,,,,,,,,,,,,,,,
142,1917.7532958984375,0.019155487418174744,1.9155487418174744,1404.7882528305054,10000,ppo,ppo,crawler,flat,thdot_dth_neighbours_plus_thdot_direct,,,,,,,,,,,,,,,0.004180141563917431,0,781,0.0,0.0,,,,,,,,,,,,,,,,,,,,,,,,,,,,,,,,,,,,,,,,,,,,,,,,,,,,,,,,,,,,,,,,,,,,,,,,,,nan,,,,,,,,,,,,,,,
143,1816.759033203125,0.018147064372897148,1.8147064372897148,1414.925006389618,10000,ppo,ppo,crawler,flat,thdot_dth_neighbours_plus_thdot_direct,,,,,,,,,,,,,,,0.004077568660594225,0,781,0.0,0.0,,,,,,,,,,,,,,,,,,,,,,,,,,,,,,,,,,,,,,,,,,,,,,,,,,,,,,,,,,,,,,,,,,,,,,,,,,nan,,,,,,,,,,,,,,,
144,1806.6953125,0.018047917634248734,1.8047917634248734,1424.3659188747406,10000,ppo,ppo,crawler,flat,thdot_dth_neighbours_plus_thdot_direct,,,,,,,,,,,,,,,0.003800031063959354,0,781,0.0,0.0,,,,,,,,,,,,,,,,,,,,,,,,,,,,,,,,,,,,,,,,,,,,,,,,,,,,,,,,,,,,,,,,,,,,,,,,,,nan,,,,,,,,,,,,,,,
145,1825.3150634765625,0.018233561888337135,1.8233561888337135,1434.528559923172,10000,ppo,ppo,crawler,flat,thdot_dth_neighbours_plus_thdot_direct,,,,,,,,,,,,,,,0.002993611486808161,0,781,0.0,0.0,,,,,,,,,,,,,,,,,,,,,,,,,,,,,,,,,,,,,,,,,,,,,,,,,,,,,,,,,,,,,,,,,,,,,,,,,,nan,,,,,,,,,,,,,,,
146,1840.335205078125,0.018386023119091988,1.8386023119091988,1444.3482031822205,10000,ppo,ppo,crawler,flat,thdot_dth_neighbours_plus_thdot_direct,,,,,,,,,,,,,,,0.004583077311718147,0,781,0.0,0.0,,,,,,,,,,,,,,,,,,,,,,,,,,,,,,,,,,,,,,,,,,,,,,,,,,,,,,,,,,,,,,,,,,,,,,,,,,nan,,,,,,,,,,,,,,,
147,1789.6556396484375,0.01787852868437767,1.787852868437767,1454.4645233154297,10000,ppo,ppo,crawler,flat,thdot_dth_neighbours_plus_thdot_direct,,,,,,,,,,,,,,,0.00309504021964194,0,781,0.0,0.0,,,,,,,,,,,,,,,,,,,,,,,,,,,,,,,,,,,,,,,,,,,,,,,,,,,,,,,,,,,,,,,,,,,,,,,,,,nan,,,,,,,,,,,,,,,
148,1827.166015625,0.018247192725539207,1.8247192725539207,1464.425458908081,10000,ppo,ppo,crawler,flat,thdot_dth_neighbours_plus_thdot_direct,,,,,,,,,,,,,,,0.0045615369678682184,0,781,0.0,0.0,,,,,,,,,,,,,,,,,,,,,,,,,,,,,,,,,,,,,,,,,,,,,,,,,,,,,,,,,,,,,,,,,,,,,,,,,,nan,,,,,,,,,,,,,,,
149,1818.7977294921875,0.018171319738030434,1.8171319738030434,1474.1915562152863,10000,ppo,ppo,crawler,flat,thdot_dth_neighbours_plus_thdot_direct,,,,,,,,,,,,,,,0.0035795477706260814,0,781,0.0,0.0,,,,,,,,,,,,,,,,,,,,,,,,,,,,,,,,,,,,,,,,,,,,,,,,,,,,,,,,,,,,,,,,,,,,,,,,,,nan,,,,,,,,,,,,,,,
150,1713.305908203125,0.017112793400883675,1.7112793400883675,1484.1235291957855,10000,ppo,ppo,crawler,flat,thdot_dth_neighbours_plus_thdot_direct,,,,,,,,,,,,,,,0.0037866756902300474,0,781,0.0,0.0,,,,,,,,,,,,,,,,,,,,,,,,,,,,,,,,,,,,,,,,,,,,,,,,,,,,,,,,,,,,,,,,,,,,,,,,,,nan,,,,,,,,,,,,,,,
151,1723.8880615234375,0.017218850553035736,1.7218850553035736,1494.172282218933,10000,ppo,ppo,crawler,flat,thdot_dth_neighbours_plus_thdot_direct,,,,,,,,,,,,,,,0.003987291655672815,0,781,0.0,0.0,,,,,,,,,,,,,,,,,,,,,,,,,,,,,,,,,,,,,,,,,,,,,,,,,,,,,,,,,,,,,,,,,,,,,,,,,,nan,,,,,,,,,,,,,,,
152,1784.16796875,0.01782468520104885,1.782468520104885,1503.920446395874,10000,ppo,ppo,crawler,flat,thdot_dth_neighbours_plus_thdot_direct,,,,,,,,,,,,,,,0.0029986078141725223,0,781,0.0,0.0,,,,,,,,,,,,,,,,,,,,,,,,,,,,,,,,,,,,,,,,,,,,,,,,,,,,,,,,,,,,,,,,,,,,,,,,,,nan,,,,,,,,,,,,,,,
153,1812.325439453125,0.018103690817952156,1.8103690817952156,1513.9962463378906,10000,ppo,ppo,crawler,flat,thdot_dth_neighbours_plus_thdot_direct,,,,,,,,,,,,,,,0.0022669136707063023,0,781,0.0,0.0,,,,,,,,,,,,,,,,,,,,,,,,,,,,,,,,,,,,,,,,,,,,,,,,,,,,,,,,,,,,,,,,,,,,,,,,,,nan,,,,,,,,,,,,,,,
154,1845.08984375,0.01843012310564518,1.843012310564518,1523.9494256973267,10000,ppo,ppo,crawler,flat,thdot_dth_neighbours_plus_thdot_direct,,,,,,,,,,,,,,,0.0028403358303220674,0,781,0.0,0.0,,,,,,,,,,,,,,,,,,,,,,,,,,,,,,,,,,,,,,,,,,,,,,,,,,,,,,,,,,,,,,,,,,,,,,,,,,nan,,,,,,,,,,,,,,,
155,1818.0289306640625,0.01816042698919773,1.816042698919773,1534.1148250102997,10000,ppo,ppo,crawler,flat,thdot_dth_neighbours_plus_thdot_direct,,,,,,,,,,,,,,,0.0030919091839887764,0,781,0.0,0.0,,,,,,,,,,,,,,,,,,,,,,,,,,,,,,,,,,,,,,,,,,,,,,,,,,,,,,,,,,,,,,,,,,,,,,,,,,nan,,,,,,,,,,,,,,,
156,1874.6844482421875,0.01873006857931614,1.873006857931614,1544.1036472320557,10000,ppo,ppo,crawler,flat,thdot_dth_neighbours_plus_thdot_direct,,,,,,,,,,,,,,,0.0026431329568804827,0,781,0.0,0.0,,,,,,,,,,,,,,,,,,,,,,,,,,,,,,,,,,,,,,,,,,,,,,,,,,,,,,,,,,,,,,,,,,,,,,,,,,nan,,,,,,,,,,,,,,,
157,1912.3558349609375,0.019104601815342903,1.9104601815342903,1553.7003245353699,10000,ppo,ppo,crawler,flat,thdot_dth_neighbours_plus_thdot_direct,,,,,,,,,,,,,,,0.0023445195198335874,0,781,0.0,0.0,,,,,,,,,,,,,,,,,,,,,,,,,,,,,,,,,,,,,,,,,,,,,,,,,,,,,,,,,,,,,,,,,,,,,,,,,,nan,,,,,,,,,,,,,,,
158,1887.4788818359375,0.018853850662708282,1.8853850662708282,1564.0221071243286,10000,ppo,ppo,crawler,flat,thdot_dth_neighbours_plus_thdot_direct,,,,,,,,,,,,,,,0.0025295901105752885,0,781,0.0,0.0,,,,,,,,,,,,,,,,,,,,,,,,,,,,,,,,,,,,,,,,,,,,,,,,,,,,,,,,,,,,,,,,,,,,,,,,,,nan,,,,,,,,,,,,,,,
159,1831.595947265625,0.018295610323548317,1.8295610323548317,1573.7798132896423,10000,ppo,ppo,crawler,flat,thdot_dth_neighbours_plus_thdot_direct,,,,,,,,,,,,,,,0.0026012640898027614,0,781,0.0,0.0,,,,,,,,,,,,,,,,,,,,,,,,,,,,,,,,,,,,,,,,,,,,,,,,,,,,,,,,,,,,,,,,,,,,,,,,,,nan,,,,,,,,,,,,,,,
160,1859.0379638671875,0.01856883242726326,1.856883242726326,1583.5848906040192,10000,ppo,ppo,crawler,flat,thdot_dth_neighbours_plus_thdot_direct,,,,,,,,,,,,,,,0.0034701200740013573,0,781,0.0,0.0,,,,,,,,,,,,,,,,,,,,,,,,,,,,,,,,,,,,,,,,,,,,,,,,,,,,,,,,,,,,,,,,,,,,,,,,,,nan,,,,,,,,,,,,,,,
161,1870.7811279296875,0.01869162544608116,1.8691625446081161,1593.9623537063599,10000,ppo,ppo,crawler,flat,thdot_dth_neighbours_plus_thdot_direct,,,,,,,,,,,,,,,0.0034150504037121785,0,781,0.0,0.0,,,,,,,,,,,,,,,,,,,,,,,,,,,,,,,,,,,,,,,,,,,,,,,,,,,,,,,,,,,,,,,,,,,,,,,,,,nan,,,,,,,,,,,,,,,
162,1780.4183349609375,0.01778356358408928,1.778356358408928,1603.2966375350952,10000,ppo,ppo,crawler,flat,thdot_dth_neighbours_plus_thdot_direct,,,,,,,,,,,,,,,0.002898898439430019,0,781,0.0,0.0,,,,,,,,,,,,,,,,,,,,,,,,,,,,,,,,,,,,,,,,,,,,,,,,,,,,,,,,,,,,,,,,,,,,,,,,,,nan,,,,,,,,,,,,,,,
163,1901.373291015625,0.018992386758327484,1.8992386758327484,1613.2422099113464,10000,ppo,ppo,crawler,flat,thdot_dth_neighbours_plus_thdot_direct,,,,,,,,,,,,,,,0.002434299689534549,0,781,0.0,0.0,,,,,,,,,,,,,,,,,,,,,,,,,,,,,,,,,,,,,,,,,,,,,,,,,,,,,,,,,,,,,,,,,,,,,,,,,,nan,,,,,,,,,,,,,,,
164,1803.901611328125,0.018019244074821472,1.8019244074821472,1622.776973247528,10000,ppo,ppo,crawler,flat,thdot_dth_neighbours_plus_thdot_direct,,,,,,,,,,,,,,,0.002649874951839214,0,781,0.0,0.0,,,,,,,,,,,,,,,,,,,,,,,,,,,,,,,,,,,,,,,,,,,,,,,,,,,,,,,,,,,,,,,,,,,,,,,,,,nan,,,,,,,,,,,,,,,
165,1814.7825927734375,0.018131153658032417,1.8131153658032417,1632.585419178009,10000,ppo,ppo,crawler,flat,thdot_dth_neighbours_plus_thdot_direct,,,,,,,,,,,,,,,0.0029183152220376785,0,781,0.0,0.0,,,,,,,,,,,,,,,,,,,,,,,,,,,,,,,,,,,,,,,,,,,,,,,,,,,,,,,,,,,,,,,,,,,,,,,,,,nan,,,,,,,,,,,,,,,
166,1803.6351318359375,0.018019109964370728,1.8019109964370728,1642.6797742843628,10000,ppo,ppo,crawler,flat,thdot_dth_neighbours_plus_thdot_direct,,,,,,,,,,,,,,,0.0025977757087052343,0,781,0.0,0.0,,,,,,,,,,,,,,,,,,,,,,,,,,,,,,,,,,,,,,,,,,,,,,,,,,,,,,,,,,,,,,,,,,,,,,,,,,nan,,,,,,,,,,,,,,,
167,1954.3519287109375,0.019521525129675865,1.9521525129675865,1652.2269377708435,10000,ppo,ppo,crawler,flat,thdot_dth_neighbours_plus_thdot_direct,,,,,,,,,,,,,,,0.002899027489662731,0,781,0.0,0.0,,,,,,,,,,,,,,,,,,,,,,,,,,,,,,,,,,,,,,,,,,,,,,,,,,,,,,,,,,,,,,,,,,,,,,,,,,nan,,,,,,,,,,,,,,,
168,1885.059814453125,0.018828123807907104,1.8828123807907104,1662.0656621456146,10000,ppo,ppo,crawler,flat,thdot_dth_neighbours_plus_thdot_direct,,,,,,,,,,,,,,,0.0016170648430068842,0,781,0.0,0.0,,,,,,,,,,,,,,,,,,,,,,,,,,,,,,,,,,,,,,,,,,,,,,,,,,,,,,,,,,,,,,,,,,,,,,,,,,nan,,,,,,,,,,,,,,,
169,2051.815185546875,0.020496001467108727,2.0496001467108727,1671.8195135593414,10000,ppo,ppo,crawler,flat,thdot_dth_neighbours_plus_thdot_direct,,,,,,,,,,,,,,,0.0022146239337015885,0,781,0.0,0.0,,,,,,,,,,,,,,,,,,,,,,,,,,,,,,,,,,,,,,,,,,,,,,,,,,,,,,,,,,,,,,,,,,,,,,,,,,nan,,,,,,,,,,,,,,,
170,1876.8641357421875,0.018746184185147285,1.8746184185147285,1681.3997781276703,10000,ppo,ppo,crawler,flat,thdot_dth_neighbours_plus_thdot_direct,,,,,,,,,,,,,,,0.0024780348086650443,0,781,0.0,0.0,,,,,,,,,,,,,,,,,,,,,,,,,,,,,,,,,,,,,,,,,,,,,,,,,,,,,,,,,,,,,,,,,,,,,,,,,,nan,,,,,,,,,,,,,,,
171,1998.0068359375,0.019960414618253708,1.9960414618253708,1691.4427044391632,10000,ppo,ppo,crawler,flat,thdot_dth_neighbours_plus_thdot_direct,,,,,,,,,,,,,,,0.002522726825796174,0,781,0.0,0.0,,,,,,,,,,,,,,,,,,,,,,,,,,,,,,,,,,,,,,,,,,,,,,,,,,,,,,,,,,,,,,,,,,,,,,,,,,nan,,,,,,,,,,,,,,,
172,1998.3021240234375,0.019963664934039116,1.9963664934039116,1700.7813372612,10000,ppo,ppo,crawler,flat,thdot_dth_neighbours_plus_thdot_direct,,,,,,,,,,,,,,,0.0022389743804831622,0,781,0.0,0.0,,,,,,,,,,,,,,,,,,,,,,,,,,,,,,,,,,,,,,,,,,,,,,,,,,,,,,,,,,,,,,,,,,,,,,,,,,nan,,,,,,,,,,,,,,,
173,1997.890625,0.019955795258283615,1.9955795258283615,1711.029715538025,10000,ppo,ppo,crawler,flat,thdot_dth_neighbours_plus_thdot_direct,,,,,,,,,,,,,,,0.0023111430695455185,0,781,0.0,0.0,,,,,,,,,,,,,,,,,,,,,,,,,,,,,,,,,,,,,,,,,,,,,,,,,,,,,,,,,,,,,,,,,,,,,,,,,,nan,,,,,,,,,,,,,,,
174,1943.4296875,0.019413229078054428,1.9413229078054428,1720.5013511180878,10000,ppo,ppo,crawler,flat,thdot_dth_neighbours_plus_thdot_direct,,,,,,,,,,,,,,,0.0029545633305847817,0,781,0.0,0.0,,,,,,,,,,,,,,,,,,,,,,,,,,,,,,,,,,,,,,,,,,,,,,,,,,,,,,,,,,,,,,,,,,,,,,,,,,nan,,,,,,,,,,,,,,,
175,2012.6204833984375,0.020106257870793343,2.0106257870793343,1730.2541906833649,10000,ppo,ppo,crawler,flat,thdot_dth_neighbours_plus_thdot_direct,,,,,,,,,,,,,,,0.0024296803210180186,0,781,0.0,0.0,,,,,,,,,,,,,,,,,,,,,,,,,,,,,,,,,,,,,,,,,,,,,,,,,,,,,,,,,,,,,,,,,,,,,,,,,,nan,,,,,,,,,,,,,,,
176,1952.05859375,0.0194989126175642,1.9498912617564201,1740.278499364853,10000,ppo,ppo,crawler,flat,thdot_dth_neighbours_plus_thdot_direct,,,,,,,,,,,,,,,0.0026164262937465373,0,781,0.0,0.0,,,,,,,,,,,,,,,,,,,,,,,,,,,,,,,,,,,,,,,,,,,,,,,,,,,,,,,,,,,,,,,,,,,,,,,,,,nan,,,,,,,,,,,,,,,
177,2041.5413818359375,0.02039276994764805,2.039276994764805,1749.6898155212402,10000,ppo,ppo,crawler,flat,thdot_dth_neighbours_plus_thdot_direct,,,,,,,,,,,,,,,0.0024633961521951008,0,781,0.0,0.0,,,,,,,,,,,,,,,,,,,,,,,,,,,,,,,,,,,,,,,,,,,,,,,,,,,,,,,,,,,,,,,,,,,,,,,,,,nan,,,,,,,,,,,,,,,
178,2150.83837890625,0.02148706465959549,2.148706465959549,1759.682561635971,10000,ppo,ppo,crawler,flat,thdot_dth_neighbours_plus_thdot_direct,,,,,,,,,,,,,,,0.002182784114868947,0,781,0.0,0.0,,,,,,,,,,,,,,,,,,,,,,,,,,,,,,,,,,,,,,,,,,,,,,,,,,,,,,,,,,,,,,,,,,,,,,,,,,nan,,,,,,,,,,,,,,,
179,2001.5413818359375,0.019994370639324188,1.9994370639324188,1769.3234610557556,10000,ppo,ppo,crawler,flat,thdot_dth_neighbours_plus_thdot_direct,,,,,,,,,,,,,,,0.0029548384233278623,0,781,0.0,0.0,,,,,,,,,,,,,,,,,,,,,,,,,,,,,,,,,,,,,,,,,,,,,,,,,,,,,,,,,,,,,,,,,,,,,,,,,,nan,,,,,,,,,,,,,,,
180,2143.462158203125,0.021411027759313583,2.1411027759313583,1779.1277329921722,10000,ppo,ppo,crawler,flat,thdot_dth_neighbours_plus_thdot_direct,,,,,,,,,,,,,,,0.0024952656550889254,0,781,0.0,0.0,,,,,,,,,,,,,,,,,,,,,,,,,,,,,,,,,,,,,,,,,,,,,,,,,,,,,,,,,,,,,,,,,,,,,,,,,,nan,,,,,,,,,,,,,,,
181,2052.322265625,0.020506130531430244,2.0506130531430244,1789.196522951126,10000,ppo,ppo,crawler,flat,thdot_dth_neighbours_plus_thdot_direct,,,,,,,,,,,,,,,0.002368357343152318,0,781,0.0,0.0,,,,,,,,,,,,,,,,,,,,,,,,,,,,,,,,,,,,,,,,,,,,,,,,,,,,,,,,,,,,,,,,,,,,,,,,,,nan,,,,,,,,,,,,,,,
182,2061.061279296875,0.020591100677847862,2.0591100677847862,1798.496021747589,10000,ppo,ppo,crawler,flat,thdot_dth_neighbours_plus_thdot_direct,,,,,,,,,,,,,,,0.0025444643242146224,0,781,0.0,0.0,,,,,,,,,,,,,,,,,,,,,,,,,,,,,,,,,,,,,,,,,,,,,,,,,,,,,,,,,,,,,,,,,,,,,,,,,,nan,,,,,,,,,,,,,,,
183,2057.412109375,0.02055063098669052,2.055063098669052,1808.3741054534912,10000,ppo,ppo,crawler,flat,thdot_dth_neighbours_plus_thdot_direct,,,,,,,,,,,,,,,0.0023494348521679526,0,781,0.0,0.0,,,,,,,,,,,,,,,,,,,,,,,,,,,,,,,,,,,,,,,,,,,,,,,,,,,,,,,,,,,,,,,,,,,,,,,,,,nan,,,,,,,,,,,,,,,
184,1984.165283203125,0.019817080348730087,1.9817080348730087,1818.1829130649567,10000,ppo,ppo,crawler,flat,thdot_dth_neighbours_plus_thdot_direct,,,,,,,,,,,,,,,0.002100886769319916,0,781,0.0,0.0,,,,,,,,,,,,,,,,,,,,,,,,,,,,,,,,,,,,,,,,,,,,,,,,,,,,,,,,,,,,,,,,,,,,,,,,,,nan,,,,,,,,,,,,,,,
185,1992.5426025390625,0.019902795553207397,1.9902795553207397,1827.7714562416077,10000,ppo,ppo,crawler,flat,thdot_dth_neighbours_plus_thdot_direct,,,,,,,,,,,,,,,0.002923200834788491,0,781,0.0,0.0,,,,,,,,,,,,,,,,,,,,,,,,,,,,,,,,,,,,,,,,,,,,,,,,,,,,,,,,,,,,,,,,,,,,,,,,,,nan,,,,,,,,,,,,,,,
186,1983.173828125,0.019810713827610016,1.9810713827610016,1837.6784930229187,10000,ppo,ppo,crawler,flat,thdot_dth_neighbours_plus_thdot_direct,,,,,,,,,,,,,,,0.0022937688208464163,0,781,0.0,0.0,,,,,,,,,,,,,,,,,,,,,,,,,,,,,,,,,,,,,,,,,,,,,,,,,,,,,,,,,,,,,,,,,,,,,,,,,,nan,,,,,,,,,,,,,,,
187,2101.123046875,0.02099156379699707,2.099156379699707,1847.2691249847412,10000,ppo,ppo,crawler,flat,thdot_dth_neighbours_plus_thdot_direct,,,,,,,,,,,,,,,0.002496724670595646,0,781,0.0,0.0,,,,,,,,,,,,,,,,,,,,,,,,,,,,,,,,,,,,,,,,,,,,,,,,,,,,,,,,,,,,,,,,,,,,,,,,,,nan,,,,,,,,,,,,,,,
188,2046.4898681640625,0.02044624090194702,2.044624090194702,1857.2853376865387,10000,ppo,ppo,crawler,flat,thdot_dth_neighbours_plus_thdot_direct,,,,,,,,,,,,,,,0.0024793131032418494,0,781,0.0,0.0,,,,,,,,,,,,,,,,,,,,,,,,,,,,,,,,,,,,,,,,,,,,,,,,,,,,,,,,,,,,,,,,,,,,,,,,,,nan,,,,,,,,,,,,,,,
189,1943.284423828125,0.019411450251936913,1.9411450251936913,1867.1466319561005,10000,ppo,ppo,crawler,flat,thdot_dth_neighbours_plus_thdot_direct,,,,,,,,,,,,,,,0.0031789921573257274,0,781,0.0,0.0,,,,,,,,,,,,,,,,,,,,,,,,,,,,,,,,,,,,,,,,,,,,,,,,,,,,,,,,,,,,,,,,,,,,,,,,,,nan,,,,,,,,,,,,,,,
190,1957.4967041015625,0.01955324225127697,1.955324225127697,1876.812017917633,10000,ppo,ppo,crawler,flat,thdot_dth_neighbours_plus_thdot_direct,,,,,,,,,,,,,,,0.003175858320945568,0,781,0.0,0.0,,,,,,,,,,,,,,,,,,,,,,,,,,,,,,,,,,,,,,,,,,,,,,,,,,,,,,,,,,,,,,,,,,,,,,,,,,nan,,,,,,,,,,,,,,,
191,1950.5859375,0.019487064331769943,1.9487064331769943,1886.9237086772919,10000,ppo,ppo,crawler,flat,thdot_dth_neighbours_plus_thdot_direct,,,,,,,,,,,,,,,0.0025797108548103027,0,781,0.0,0.0,,,,,,,,,,,,,,,,,,,,,,,,,,,,,,,,,,,,,,,,,,,,,,,,,,,,,,,,,,,,,,,,,,,,,,,,,,nan,,,,,,,,,,,,,,,
192,2024.6943359375,0.020226234570145607,2.0226234570145607,1896.4260320663452,10000,ppo,ppo,crawler,flat,thdot_dth_neighbours_plus_thdot_direct,,,,,,,,,,,,,,,0.0024450754169950306,0,781,0.0,0.0,,,,,,,,,,,,,,,,,,,,,,,,,,,,,,,,,,,,,,,,,,,,,,,,,,,,,,,,,,,,,,,,,,,,,,,,,,nan,,,,,,,,,,,,,,,
193,1999.1090087890625,0.019969869405031204,1.9969869405031204,1906.2179083824158,10000,ppo,ppo,crawler,flat,thdot_dth_neighbours_plus_thdot_direct,,,,,,,,,,,,,,,0.0023293923607524774,0,781,0.0,0.0,,,,,,,,,,,,,,,,,,,,,,,,,,,,,,,,,,,,,,,,,,,,,,,,,,,,,,,,,,,,,,,,,,,,,,,,,,nan,,,,,,,,,,,,,,,
194,1991.6658935546875,0.019896453246474266,1.9896453246474266,1916.0516636371613,10000,ppo,ppo,crawler,flat,thdot_dth_neighbours_plus_thdot_direct,,,,,,,,,,,,,,,0.0031730708106088483,0,781,0.0,0.0,,,,,,,,,,,,,,,,,,,,,,,,,,,,,,,,,,,,,,,,,,,,,,,,,,,,,,,,,,,,,,,,,,,,,,,,,,nan,,,,,,,,,,,,,,,
195,2051.73486328125,0.020497078076004982,2.049707807600498,1925.7078580856323,10000,ppo,ppo,crawler,flat,thdot_dth_neighbours_plus_thdot_direct,,,,,,,,,,,,,,,0.002297996603187725,0,781,0.0,0.0,,,,,,,,,,,,,,,,,,,,,,,,,,,,,,,,,,,,,,,,,,,,,,,,,,,,,,,,,,,,,,,,,,,,,,,,,,nan,,,,,,,,,,,,,,,
196,1987.4530029296875,0.019850511103868484,1.9850511103868484,1935.8267562389374,10000,ppo,ppo,crawler,flat,thdot_dth_neighbours_plus_thdot_direct,,,,,,,,,,,,,,,0.002824982691832028,0,781,0.0,0.0,,,,,,,,,,,,,,,,,,,,,,,,,,,,,,,,,,,,,,,,,,,,,,,,,,,,,,,,,,,,,,,,,,,,,,,,,,nan,,,,,,,,,,,,,,,
197,1899.659423828125,0.018979636952280998,1.8979636952280998,1945.432017326355,10000,ppo,ppo,crawler,flat,thdot_dth_neighbours_plus_thdot_direct,,,,,,,,,,,,,,,0.0026198427142081248,0,781,0.0,0.0,,,,,,,,,,,,,,,,,,,,,,,,,,,,,,,,,,,,,,,,,,,,,,,,,,,,,,,,,,,,,,,,,,,,,,,,,,nan,,,,,,,,,,,,,,,
198,1996.8348388671875,0.019947737455368042,1.9947737455368042,1955.3557131290436,10000,ppo,ppo,crawler,flat,thdot_dth_neighbours_plus_thdot_direct,,,,,,,,,,,,,,,0.0025446143374735423,0,781,0.0,0.0,,,,,,,,,,,,,,,,,,,,,,,,,,,,,,,,,,,,,,,,,,,,,,,,,,,,,,,,,,,,,,,,,,,,,,,,,,nan,,,,,,,,,,,,,,,
199,1980.7772216796875,0.019784703850746155,1.9784703850746155,1965.4003310203552,10000,ppo,ppo,crawler,flat,thdot_dth_neighbours_plus_thdot_direct,,,,,,,,,,,,,,,0.002012832412989183,0,781,0.0,0.0,,,,,,,,,,,,,,,,,,,,,,,,,,,,,,,,,,,,,,,,,,,,,,,,,,,,,,,,,,,,,,,,,,,,,,,,,,nan,,,,,,,,,,,,,,,
200,1929.3232421875,0.01927337609231472,1.927337609231472,1975.1075811386108,10000,ppo,ppo,crawler,flat,thdot_dth_neighbours_plus_thdot_direct,,,,,,,,,,,,,,,0.0013313643392946282,0,781,0.0,0.0,,,,,,,,,,,,,,,,,,,,,,,,,,,,,,,,,,,,,,,,,,,,,,,,,,,,,,,,,,,,,,,,,,,,,,,,,,nan,,,,,,,,,,,,,,,
201,1952.0335693359375,0.019501512870192528,1.9501512870192528,1985.0980339050293,10000,ppo,ppo,crawler,flat,thdot_dth_neighbours_plus_thdot_direct,,,,,,,,,,,,,,,0.002163525893761015,0,781,0.0,0.0,,,,,,,,,,,,,,,,,,,,,,,,,,,,,,,,,,,,,,,,,,,,,,,,,,,,,,,,,,,,,,,,,,,,,,,,,,nan,,,,,,,,,,,,,,,
202,1945.341796875,0.019430702552199364,1.9430702552199364,1994.885581254959,10000,ppo,ppo,crawler,flat,thdot_dth_neighbours_plus_thdot_direct,,,,,,,,,,,,,,,0.0025579713370287444,0,781,0.0,0.0,,,,,,,,,,,,,,,,,,,,,,,,,,,,,,,,,,,,,,,,,,,,,,,,,,,,,,,,,,,,,,,,,,,,,,,,,,nan,,,,,,,,,,,,,,,
203,1914.443359375,0.019125627353787422,1.9125627353787422,2004.439132452011,10000,ppo,ppo,crawler,flat,thdot_dth_neighbours_plus_thdot_direct,,,,,,,,,,,,,,,0.002024183549221233,0,781,0.0,0.0,,,,,,,,,,,,,,,,,,,,,,,,,,,,,,,,,,,,,,,,,,,,,,,,,,,,,,,,,,,,,,,,,,,,,,,,,,nan,,,,,,,,,,,,,,,
204,1954.2523193359375,0.019519390538334846,1.9519390538334846,2014.4689757823944,10000,ppo,ppo,crawler,flat,thdot_dth_neighbours_plus_thdot_direct,,,,,,,,,,,,,,,0.002107913232929999,0,781,0.0,0.0,,,,,,,,,,,,,,,,,,,,,,,,,,,,,,,,,,,,,,,,,,,,,,,,,,,,,,,,,,,,,,,,,,,,,,,,,,nan,,,,,,,,,,,,,,,
205,2000.3052978515625,0.019979486241936684,1.9979486241936684,2024.0354208946228,10000,ppo,ppo,crawler,flat,thdot_dth_neighbours_plus_thdot_direct,,,,,,,,,,,,,,,0.002161903049042644,0,781,0.0,0.0,,,,,,,,,,,,,,,,,,,,,,,,,,,,,,,,,,,,,,,,,,,,,,,,,,,,,,,,,,,,,,,,,,,,,,,,,,nan,,,,,,,,,,,,,,,
206,1958.5260009765625,0.019564900547266006,1.9564900547266006,2034.203016281128,10000,ppo,ppo,crawler,flat,thdot_dth_neighbours_plus_thdot_direct,,,,,,,,,,,,,,,0.0028213779369383745,0,781,0.0,0.0,,,,,,,,,,,,,,,,,,,,,,,,,,,,,,,,,,,,,,,,,,,,,,,,,,,,,,,,,,,,,,,,,,,,,,,,,,nan,,,,,,,,,,,,,,,
207,2037.7476806640625,0.020356277003884315,2.0356277003884315,2043.9922692775726,10000,ppo,ppo,crawler,flat,thdot_dth_neighbours_plus_thdot_direct,,,,,,,,,,,,,,,0.0031964641039120044,0,781,0.0,0.0,,,,,,,,,,,,,,,,,,,,,,,,,,,,,,,,,,,,,,,,,,,,,,,,,,,,,,,,,,,,,,,,,,,,,,,,,,nan,,,,,,,,,,,,,,,
208,1909.7576904296875,0.019076986238360405,1.9076986238360405,2053.8332283496857,10000,ppo,ppo,crawler,flat,thdot_dth_neighbours_plus_thdot_direct,,,,,,,,,,,,,,,0.0032777572449449056,0,781,0.0,0.0,,,,,,,,,,,,,,,,,,,,,,,,,,,,,,,,,,,,,,,,,,,,,,,,,,,,,,,,,,,,,,,,,,,,,,,,,,nan,,,,,,,,,,,,,,,
209,1857.8680419921875,0.018559081479907036,1.8559081479907036,2063.863236427307,10000,ppo,ppo,crawler,flat,thdot_dth_neighbours_plus_thdot_direct,,,,,,,,,,,,,,,0.002445960019549186,0,781,0.0,0.0,,,,,,,,,,,,,,,,,,,,,,,,,,,,,,,,,,,,,,,,,,,,,,,,,,,,,,,,,,,,,,,,,,,,,,,,,,nan,,,,,,,,,,,,,,,
210,1880.7767333984375,0.018784701824188232,1.8784701824188232,2073.631627559662,10000,ppo,ppo,crawler,flat,thdot_dth_neighbours_plus_thdot_direct,,,,,,,,,,,,,,,0.002333168581938634,0,781,0.0,0.0,,,,,,,,,,,,,,,,,,,,,,,,,,,,,,,,,,,,,,,,,,,,,,,,,,,,,,,,,,,,,,,,,,,,,,,,,,nan,,,,,,,,,,,,,,,
211,1811.5277099609375,0.018096528947353363,1.8096528947353363,2083.4803783893585,10000,ppo,ppo,crawler,flat,thdot_dth_neighbours_plus_thdot_direct,,,,,,,,,,,,,,,0.0023388779743192464,0,781,0.0,0.0,,,,,,,,,,,,,,,,,,,,,,,,,,,,,,,,,,,,,,,,,,,,,,,,,,,,,,,,,,,,,,,,,,,,,,,,,,nan,,,,,,,,,,,,,,,
212,1860.0286865234375,0.018580736592411995,1.8580736592411995,2093.216339111328,10000,ppo,ppo,crawler,flat,thdot_dth_neighbours_plus_thdot_direct,,,,,,,,,,,,,,,0.002046763725023185,0,781,0.0,0.0,,,,,,,,,,,,,,,,,,,,,,,,,,,,,,,,,,,,,,,,,,,,,,,,,,,,,,,,,,,,,,,,,,,,,,,,,,nan,,,,,,,,,,,,,,,
213,1803.407470703125,0.01801641844213009,1.8016418442130089,2103.5692427158356,10000,ppo,ppo,crawler,flat,thdot_dth_neighbours_plus_thdot_direct,,,,,,,,,,,,,,,0.002559502480787617,0,781,0.0,0.0,,,,,,,,,,,,,,,,,,,,,,,,,,,,,,,,,,,,,,,,,,,,,,,,,,,,,,,,,,,,,,,,,,,,,,,,,,nan,,,,,,,,,,,,,,,
214,1961.0804443359375,0.019589727744460106,1.9589727744460106,2113.2925465106964,10000,ppo,ppo,crawler,flat,thdot_dth_neighbours_plus_thdot_direct,,,,,,,,,,,,,,,0.002431405450548108,0,781,0.0,0.0,,,,,,,,,,,,,,,,,,,,,,,,,,,,,,,,,,,,,,,,,,,,,,,,,,,,,,,,,,,,,,,,,,,,,,,,,,nan,,,,,,,,,,,,,,,
215,1840.383056640625,0.0183838102966547,1.8383810296654701,2123.1440739631653,10000,ppo,ppo,crawler,flat,thdot_dth_neighbours_plus_thdot_direct,,,,,,,,,,,,,,,0.0023936159547426126,0,781,0.0,0.0,,,,,,,,,,,,,,,,,,,,,,,,,,,,,,,,,,,,,,,,,,,,,,,,,,,,,,,,,,,,,,,,,,,,,,,,,,nan,,,,,,,,,,,,,,,
216,1839.4168701171875,0.018374064937233925,1.8374064937233925,2133.144732236862,10000,ppo,ppo,crawler,flat,thdot_dth_neighbours_plus_thdot_direct,,,,,,,,,,,,,,,0.0030016973742371302,0,781,0.0,0.0,,,,,,,,,,,,,,,,,,,,,,,,,,,,,,,,,,,,,,,,,,,,,,,,,,,,,,,,,,,,,,,,,,,,,,,,,,nan,,,,,,,,,,,,,,,
217,1786.2066650390625,0.017842067405581474,1.7842067405581474,2143.315595626831,10000,ppo,ppo,crawler,flat,thdot_dth_neighbours_plus_thdot_direct,,,,,,,,,,,,,,,0.0032840120897933913,0,781,0.0,0.0,,,,,,,,,,,,,,,,,,,,,,,,,,,,,,,,,,,,,,,,,,,,,,,,,,,,,,,,,,,,,,,,,,,,,,,,,,nan,,,,,,,,,,,,,,,
218,1676.6552734375,0.01675076223909855,1.6750762239098549,2153.242116689682,10000,ppo,ppo,crawler,flat,thdot_dth_neighbours_plus_thdot_direct,,,,,,,,,,,,,,,0.0021173907389596663,0,781,0.0,0.0,,,,,,,,,,,,,,,,,,,,,,,,,,,,,,,,,,,,,,,,,,,,,,,,,,,,,,,,,,,,,,,,,,,,,,,,,,nan,,,,,,,,,,,,,,,
219,1820.9373779296875,0.01818712055683136,1.818712055683136,2162.893726825714,10000,ppo,ppo,crawler,flat,thdot_dth_neighbours_plus_thdot_direct,,,,,,,,,,,,,,,0.0026959349314739324,0,781,0.0,0.0,,,,,,,,,,,,,,,,,,,,,,,,,,,,,,,,,,,,,,,,,,,,,,,,,,,,,,,,,,,,,,,,,,,,,,,,,,nan,,,,,,,,,,,,,,,
220,1684.458251953125,0.016826024278998375,1.6826024278998375,2172.835299015045,10000,ppo,ppo,crawler,flat,thdot_dth_neighbours_plus_thdot_direct,,,,,,,,,,,,,,,0.0026111948059101956,0,781,0.0,0.0,,,,,,,,,,,,,,,,,,,,,,,,,,,,,,,,,,,,,,,,,,,,,,,,,,,,,,,,,,,,,,,,,,,,,,,,,,nan,,,,,,,,,,,,,,,
221,1724.542236328125,0.01722845993936062,1.7228459939360619,2182.3839275836945,10000,ppo,ppo,crawler,flat,thdot_dth_neighbours_plus_thdot_direct,,,,,,,,,,,,,,,0.002338843770642233,0,781,0.0,0.0,,,,,,,,,,,,,,,,,,,,,,,,,,,,,,,,,,,,,,,,,,,,,,,,,,,,,,,,,,,,,,,,,,,,,,,,,,nan,,,,,,,,,,,,,,,
222,1601.0162353515625,0.015993792563676834,1.5993792563676834,2192.0980212688446,10000,ppo,ppo,crawler,flat,thdot_dth_neighbours_plus_thdot_direct,,,,,,,,,,,,,,,0.0033016918542309024,0,781,0.0,0.0,,,,,,,,,,,,,,,,,,,,,,,,,,,,,,,,,,,,,,,,,,,,,,,,,,,,,,,,,,,,,,,,,,,,,,,,,,nan,,,,,,,,,,,,,,,
223,1564.3660888671875,0.015627793967723846,1.5627793967723846,2202.0781400203705,10000,ppo,ppo,crawler,flat,thdot_dth_neighbours_plus_thdot_direct,,,,,,,,,,,,,,,0.003533322778150108,0,781,0.0,0.0,,,,,,,,,,,,,,,,,,,,,,,,,,,,,,,,,,,,,,,,,,,,,,,,,,,,,,,,,,,,,,,,,,,,,,,,,,nan,,,,,,,,,,,,,,,
224,1550.210205078125,0.015486462041735649,1.548646204173565,2212.145008087158,10000,ppo,ppo,crawler,flat,thdot_dth_neighbours_plus_thdot_direct,,,,,,,,,,,,,,,0.0018334826191506236,0,781,0.0,0.0,,,,,,,,,,,,,,,,,,,,,,,,,,,,,,,,,,,,,,,,,,,,,,,,,,,,,,,,,,,,,,,,,,,,,,,,,,nan,,,,,,,,,,,,,,,
225,1638.0081787109375,0.016364462673664093,1.6364462673664093,2221.872789144516,10000,ppo,ppo,crawler,flat,thdot_dth_neighbours_plus_thdot_direct,,,,,,,,,,,,,,,0.002635943503905642,0,781,0.0,0.0,,,,,,,,,,,,,,,,,,,,,,,,,,,,,,,,,,,,,,,,,,,,,,,,,,,,,,,,,,,,,,,,,,,,,,,,,,nan,,,,,,,,,,,,,,,
226,1660.9254150390625,0.016591615974903107,1.6591615974903107,2231.526159286499,10000,ppo,ppo,crawler,flat,thdot_dth_neighbours_plus_thdot_direct,,,,,,,,,,,,,,,0.0023736941779167403,0,781,0.0,0.0,,,,,,,,,,,,,,,,,,,,,,,,,,,,,,,,,,,,,,,,,,,,,,,,,,,,,,,,,,,,,,,,,,,,,,,,,,nan,,,,,,,,,,,,,,,
227,1708.7957763671875,0.01706773415207863,1.7067734152078629,2241.715985059738,10000,ppo,ppo,crawler,flat,thdot_dth_neighbours_plus_thdot_direct,,,,,,,,,,,,,,,0.002333017420750961,0,781,0.0,0.0,,,,,,,,,,,,,,,,,,,,,,,,,,,,,,,,,,,,,,,,,,,,,,,,,,,,,,,,,,,,,,,,,,,,,,,,,,nan,,,,,,,,,,,,,,,
228,1666.3167724609375,0.01664573885500431,1.664573885500431,2251.538981437683,10000,ppo,ppo,crawler,flat,thdot_dth_neighbours_plus_thdot_direct,,,,,,,,,,,,,,,0.0018582271379704608,0,781,0.0,0.0,,,,,,,,,,,,,,,,,,,,,,,,,,,,,,,,,,,,,,,,,,,,,,,,,,,,,,,,,,,,,,,,,,,,,,,,,,nan,,,,,,,,,,,,,,,
229,1702.8270263671875,0.01700999215245247,1.7009992152452469,2261.327841758728,10000,ppo,ppo,crawler,flat,thdot_dth_neighbours_plus_thdot_direct,,,,,,,,,,,,,,,0.002332350885722817,0,781,0.0,0.0,,,,,,,,,,,,,,,,,,,,,,,,,,,,,,,,,,,,,,,,,,,,,,,,,,,,,,,,,,,,,,,,,,,,,,,,,,nan,,,,,,,,,,,,,,,
230,1629.7845458984375,0.016279058530926704,1.6279058530926704,2271.0379638671875,10000,ppo,ppo,crawler,flat,thdot_dth_neighbours_plus_thdot_direct,,,,,,,,,,,,,,,0.002159092100264295,0,781,0.0,0.0,,,,,,,,,,,,,,,,,,,,,,,,,,,,,,,,,,,,,,,,,,,,,,,,,,,,,,,,,,,,,,,,,,,,,,,,,,nan,,,,,,,,,,,,,,,
231,1677.5433349609375,0.01675618812441826,1.6756188124418259,2280.635510444641,10000,ppo,ppo,crawler,flat,thdot_dth_neighbours_plus_thdot_direct,,,,,,,,,,,,,,,0.0023735639054286843,0,781,0.0,0.0,,,,,,,,,,,,,,,,,,,,,,,,,,,,,,,,,,,,,,,,,,,,,,,,,,,,,,,,,,,,,,,,,,,,,,,,,,nan,,,,,,,,,,,,,,,
232,1699.0081787109375,0.01697172410786152,1.6971724107861519,2290.140058040619,10000,ppo,ppo,crawler,flat,thdot_dth_neighbours_plus_thdot_direct,,,,,,,,,,,,,,,0.0022076825486087932,0,781,0.0,0.0,,,,,,,,,,,,,,,,,,,,,,,,,,,,,,,,,,,,,,,,,,,,,,,,,,,,,,,,,,,,,,,,,,,,,,,,,,nan,,,,,,,,,,,,,,,
233,1731.5594482421875,0.0172958392649889,1.72958392649889,2300.0609109401703,10000,ppo,ppo,crawler,flat,thdot_dth_neighbours_plus_thdot_direct,,,,,,,,,,,,,,,0.001622314433752201,0,781,0.0,0.0,,,,,,,,,,,,,,,,,,,,,,,,,,,,,,,,,,,,,,,,,,,,,,,,,,,,,,,,,,,,,,,,,,,,,,,,,,nan,,,,,,,,,,,,,,,
234,1821.7445068359375,0.018197650089859962,1.8197650089859962,2309.3172607421875,10000,ppo,ppo,crawler,flat,thdot_dth_neighbours_plus_thdot_direct,,,,,,,,,,,,,,,0.0017870581358015844,0,781,0.0,0.0,,,,,,,,,,,,,,,,,,,,,,,,,,,,,,,,,,,,,,,,,,,,,,,,,,,,,,,,,,,,,,,,,,,,,,,,,,nan,,,,,,,,,,,,,,,
235,1785.0628662109375,0.01783127337694168,1.783127337694168,2319.4891822338104,10000,ppo,ppo,crawler,flat,thdot_dth_neighbours_plus_thdot_direct,,,,,,,,,,,,,,,0.0015955843210173934,0,781,0.0,0.0,,,,,,,,,,,,,,,,,,,,,,,,,,,,,,,,,,,,,,,,,,,,,,,,,,,,,,,,,,,,,,,,,,,,,,,,,,nan,,,,,,,,,,,,,,,
236,1764.7470703125,0.01762799359858036,1.762799359858036,2328.9598071575165,10000,ppo,ppo,crawler,flat,thdot_dth_neighbours_plus_thdot_direct,,,,,,,,,,,,,,,0.003113965781245199,0,781,0.0,0.0,,,,,,,,,,,,,,,,,,,,,,,,,,,,,,,,,,,,,,,,,,,,,,,,,,,,,,,,,,,,,,,,,,,,,,,,,,nan,,,,,,,,,,,,,,,
237,1855.642578125,0.018535183742642403,1.8535183742642403,2338.7816405296326,10000,ppo,ppo,crawler,flat,thdot_dth_neighbours_plus_thdot_direct,,,,,,,,,,,,,,,0.0024165305050698805,0,781,0.0,0.0,,,,,,,,,,,,,,,,,,,,,,,,,,,,,,,,,,,,,,,,,,,,,,,,,,,,,,,,,,,,,,,,,,,,,,,,,,nan,,,,,,,,,,,,,,,
238,1847.5777587890625,0.018455080687999725,1.8455080687999725,2348.549661874771,10000,ppo,ppo,crawler,flat,thdot_dth_neighbours_plus_thdot_direct,,,,,,,,,,,,,,,0.002549750166251824,0,781,0.0,0.0,,,,,,,,,,,,,,,,,,,,,,,,,,,,,,,,,,,,,,,,,,,,,,,,,,,,,,,,,,,,,,,,,,,,,,,,,,nan,,,,,,,,,,,,,,,
239,1818.343017578125,0.018163936212658882,1.8163936212658882,2358.029388189316,10000,ppo,ppo,crawler,flat,thdot_dth_neighbours_plus_thdot_direct,,,,,,,,,,,,,,,0.0023958702110457486,0,781,0.0,0.0,,,,,,,,,,,,,,,,,,,,,,,,,,,,,,,,,,,,,,,,,,,,,,,,,,,,,,,,,,,,,,,,,,,,,,,,,,nan,,,,,,,,,,,,,,,
240,1992.96484375,0.01990833692252636,1.990833692252636,2368.167322874069,10000,ppo,ppo,crawler,flat,thdot_dth_neighbours_plus_thdot_direct,,,,,,,,,,,,,,,0.0025888641363355077,0,781,0.0,0.0,,,,,,,,,,,,,,,,,,,,,,,,,,,,,,,,,,,,,,,,,,,,,,,,,,,,,,,,,,,,,,,,,,,,,,,,,,nan,,,,,,,,,,,,,,,
241,1962.6978759765625,0.01960565336048603,1.960565336048603,2377.812432527542,10000,ppo,ppo,crawler,flat,thdot_dth_neighbours_plus_thdot_direct,,,,,,,,,,,,,,,0.0016181122615516136,0,781,0.0,0.0,,,,,,,,,,,,,,,,,,,,,,,,,,,,,,,,,,,,,,,,,,,,,,,,,,,,,,,,,,,,,,,,,,,,,,,,,,nan,,,,,,,,,,,,,,,
242,1989.335205078125,0.019874196499586105,1.9874196499586105,2387.7428648471832,10000,ppo,ppo,crawler,flat,thdot_dth_neighbours_plus_thdot_direct,,,,,,,,,,,,,,,0.0019085764484713128,0,781,0.0,0.0,,,,,,,,,,,,,,,,,,,,,,,,,,,,,,,,,,,,,,,,,,,,,,,,,,,,,,,,,,,,,,,,,,,,,,,,,,nan,,,,,,,,,,,,,,,
243,1957.4302978515625,0.019555382430553436,1.9555382430553436,2397.759474515915,10000,ppo,ppo,crawler,flat,thdot_dth_neighbours_plus_thdot_direct,,,,,,,,,,,,,,,0.0017873204084249664,0,781,0.0,0.0,,,,,,,,,,,,,,,,,,,,,,,,,,,,,,,,,,,,,,,,,,,,,,,,,,,,,,,,,,,,,,,,,,,,,,,,,,nan,,,,,,,,,,,,,,,
244,1926.7174072265625,0.019248666241765022,1.9248666241765022,2407.1124727725983,10000,ppo,ppo,crawler,flat,thdot_dth_neighbours_plus_thdot_direct,,,,,,,,,,,,,,,0.002433711551039566,0,781,0.0,0.0,,,,,,,,,,,,,,,,,,,,,,,,,,,,,,,,,,,,,,,,,,,,,,,,,,,,,,,,,,,,,,,,,,,,,,,,,,nan,,,,,,,,,,,,,,,
245,1930.8795166015625,0.019286273047327995,1.9286273047327995,2416.965638399124,10000,ppo,ppo,crawler,flat,thdot_dth_neighbours_plus_thdot_direct,,,,,,,,,,,,,,,0.00250893015825023,0,781,0.0,0.0,,,,,,,,,,,,,,,,,,,,,,,,,,,,,,,,,,,,,,,,,,,,,,,,,,,,,,,,,,,,,,,,,,,,,,,,,,nan,,,,,,,,,,,,,,,
246,1947.7132568359375,0.019457058981060982,1.9457058981060982,2426.937534570694,10000,ppo,ppo,crawler,flat,thdot_dth_neighbours_plus_thdot_direct,,,,,,,,,,,,,,,0.0025998915890205784,0,781,0.0,0.0,,,,,,,,,,,,,,,,,,,,,,,,,,,,,,,,,,,,,,,,,,,,,,,,,,,,,,,,,,,,,,,,,,,,,,,,,,nan,,,,,,,,,,,,,,,
247,1832.130859375,0.018300969153642654,1.8300969153642654,2436.6435239315033,10000,ppo,ppo,crawler,flat,thdot_dth_neighbours_plus_thdot_direct,,,,,,,,,,,,,,,0.0016636564252747379,0,781,0.0,0.0,,,,,,,,,,,,,,,,,,,,,,,,,,,,,,,,,,,,,,,,,,,,,,,,,,,,,,,,,,,,,,,,,,,,,,,,,,nan,,,,,,,,,,,,,,,
248,1836.5892333984375,0.018344024196267128,1.8344024196267128,2446.5308899879456,10000,ppo,ppo,crawler,flat,thdot_dth_neighbours_plus_thdot_direct,,,,,,,,,,,,,,,0.0027775973991080827,0,781,0.0,0.0,,,,,,,,,,,,,,,,,,,,,,,,,,,,,,,,,,,,,,,,,,,,,,,,,,,,,,,,,,,,,,,,,,,,,,,,,,nan,,,,,,,,,,,,,,,
249,1798.19921875,0.017963550984859467,1.7963550984859467,2455.9541053771973,10000,ppo,ppo,crawler,flat,thdot_dth_neighbours_plus_thdot_direct,,,,,,,,,,,,,,,0.0028189349051801586,0,781,0.0,0.0,,,,,,,,,,,,,,,,,,,,,,,,,,,,,,,,,,,,,,,,,,,,,,,,,,,,,,,,,,,,,,,,,,,,,,,,,,nan,,,,,,,,,,,,,,,
250,1879.0325927734375,0.01876951940357685,1.876951940357685,2466.226462841034,10000,ppo,ppo,crawler,flat,thdot_dth_neighbours_plus_thdot_direct,,,,,,,,,,,,,,,0.0025108479039306834,0,781,0.0,0.0,,,,,,,,,,,,,,,,,,,,,,,,,,,,,,,,,,,,,,,,,,,,,,,,,,,,,,,,,,,,,,,,,,,,,,,,,,nan,,,,,,,,,,,,,,,
251,1960.9345703125,0.019588658586144447,1.9588658586144447,2475.8927562236786,10000,ppo,ppo,crawler,flat,thdot_dth_neighbours_plus_thdot_direct,,,,,,,,,,,,,,,0.0019405752915445564,0,781,0.0,0.0,,,,,,,,,,,,,,,,,,,,,,,,,,,,,,,,,,,,,,,,,,,,,,,,,,,,,,,,,,,,,,,,,,,,,,,,,,nan,,,,,,,,,,,,,,,
252,1937.4105224609375,0.01935146376490593,1.935146376490593,2485.631726503372,10000,ppo,ppo,crawler,flat,thdot_dth_neighbours_plus_thdot_direct,,,,,,,,,,,,,,,0.0019507109002715052,0,781,0.0,0.0,,,,,,,,,,,,,,,,,,,,,,,,,,,,,,,,,,,,,,,,,,,,,,,,,,,,,,,,,,,,,,,,,,,,,,,,,,nan,,,,,,,,,,,,,,,
253,1884.6717529296875,0.018826983869075775,1.8826983869075775,2495.8665113449097,10000,ppo,ppo,crawler,flat,thdot_dth_neighbours_plus_thdot_direct,,,,,,,,,,,,,,,0.002872036487047999,0,781,0.0,0.0,,,,,,,,,,,,,,,,,,,,,,,,,,,,,,,,,,,,,,,,,,,,,,,,,,,,,,,,,,,,,,,,,,,,,,,,,,nan,,,,,,,,,,,,,,,
254,1899.8719482421875,0.018978754058480263,1.8978754058480263,2505.4343554973602,10000,ppo,ppo,crawler,flat,thdot_dth_neighbours_plus_thdot_direct,,,,,,,,,,,,,,,0.0023897177885916347,0,781,0.0,0.0,,,,,,,,,,,,,,,,,,,,,,,,,,,,,,,,,,,,,,,,,,,,,,,,,,,,,,,,,,,,,,,,,,,,,,,,,,nan,,,,,,,,,,,,,,,
255,1830.1431884765625,0.018282605335116386,1.8282605335116386,2515.179030895233,10000,ppo,ppo,crawler,flat,thdot_dth_neighbours_plus_thdot_direct,,,,,,,,,,,,,,,0.0017004686723443335,0,781,0.0,0.0,,,,,,,,,,,,,,,,,,,,,,,,,,,,,,,,,,,,,,,,,,,,,,,,,,,,,,,,,,,,,,,,,,,,,,,,,,nan,,,,,,,,,,,,,,,
256,1771.032470703125,0.017689747735857964,1.7689747735857964,2525.2746057510376,10000,ppo,ppo,crawler,flat,thdot_dth_neighbours_plus_thdot_direct,,,,,,,,,,,,,,,0.0024018128749471192,0,781,0.0,0.0,,,,,,,,,,,,,,,,,,,,,,,,,,,,,,,,,,,,,,,,,,,,,,,,,,,,,,,,,,,,,,,,,,,,,,,,,,nan,,,,,,,,,,,,,,,
257,1830.6668701171875,0.01828680746257305,1.8286807462573051,2535.2835257053375,10000,ppo,ppo,crawler,flat,thdot_dth_neighbours_plus_thdot_direct,,,,,,,,,,,,,,,0.0025074769354267866,0,781,0.0,0.0,,,,,,,,,,,,,,,,,,,,,,,,,,,,,,,,,,,,,,,,,,,,,,,,,,,,,,,,,,,,,,,,,,,,,,,,,,nan,,,,,,,,,,,,,,,
258,1862.5555419921875,0.018605977296829224,1.8605977296829224,2545.5589838027954,10000,ppo,ppo,crawler,flat,thdot_dth_neighbours_plus_thdot_direct,,,,,,,,,,,,,,,0.001917327336586191,0,781,0.0,0.0,,,,,,,,,,,,,,,,,,,,,,,,,,,,,,,,,,,,,,,,,,,,,,,,,,,,,,,,,,,,,,,,,,,,,,,,,,nan,,,,,,,,,,,,,,,
259,1964.578125,0.019623244181275368,1.9623244181275368,2555.1387560367584,10000,ppo,ppo,crawler,flat,thdot_dth_neighbours_plus_thdot_direct,,,,,,,,,,,,,,,0.0016968519290847014,0,781,0.0,0.0,,,,,,,,,,,,,,,,,,,,,,,,,,,,,,,,,,,,,,,,,,,,,,,,,,,,,,,,,,,,,,,,,,,,,,,,,,nan,,,,,,,,,,,,,,,
260,1945.1341552734375,0.019426722079515457,1.9426722079515457,2565.0359675884247,10000,ppo,ppo,crawler,flat,thdot_dth_neighbours_plus_thdot_direct,,,,,,,,,,,,,,,0.0024117661618477514,0,781,0.0,0.0,,,,,,,,,,,,,,,,,,,,,,,,,,,,,,,,,,,,,,,,,,,,,,,,,,,,,,,,,,,,,,,,,,,,,,,,,,nan,,,,,,,,,,,,,,,
261,1941.0872802734375,0.019388748332858086,1.9388748332858086,2574.9650571346283,10000,ppo,ppo,crawler,flat,thdot_dth_neighbours_plus_thdot_direct,,,,,,,,,,,,,,,0.002436944930477584,0,781,0.0,0.0,,,,,,,,,,,,,,,,,,,,,,,,,,,,,,,,,,,,,,,,,,,,,,,,,,,,,,,,,,,,,,,,,,,,,,,,,,nan,,,,,,,,,,,,,,,
262,1952.8485107421875,0.019508227705955505,1.9508227705955505,2584.308124780655,10000,ppo,ppo,crawler,flat,thdot_dth_neighbours_plus_thdot_direct,,,,,,,,,,,,,,,0.0028120960225891784,0,781,0.0,0.0,,,,,,,,,,,,,,,,,,,,,,,,,,,,,,,,,,,,,,,,,,,,,,,,,,,,,,,,,,,,,,,,,,,,,,,,,,nan,,,,,,,,,,,,,,,
263,2047.046875,0.02044948935508728,2.044948935508728,2594.259281873703,10000,ppo,ppo,crawler,flat,thdot_dth_neighbours_plus_thdot_direct,,,,,,,,,,,,,,,0.0015212601196138383,0,781,0.0,0.0,,,,,,,,,,,,,,,,,,,,,,,,,,,,,,,,,,,,,,,,,,,,,,,,,,,,,,,,,,,,,,,,,,,,,,,,,,nan,,,,,,,,,,,,,,,
264,2083.619140625,0.02081431820988655,2.081431820988655,2604.447895526886,10000,ppo,ppo,crawler,flat,thdot_dth_neighbours_plus_thdot_direct,,,,,,,,,,,,,,,0.0016985466480465684,0,781,0.0,0.0,,,,,,,,,,,,,,,,,,,,,,,,,,,,,,,,,,,,,,,,,,,,,,,,,,,,,,,,,,,,,,,,,,,,,,,,,,nan,,,,,,,,,,,,,,,
265,2056.95263671875,0.020547987893223763,2.0547987893223763,2614.377430677414,10000,ppo,ppo,crawler,flat,thdot_dth_neighbours_plus_thdot_direct,,,,,,,,,,,,,,,0.0015720422379125064,0,781,0.0,0.0,,,,,,,,,,,,,,,,,,,,,,,,,,,,,,,,,,,,,,,,,,,,,,,,,,,,,,,,,,,,,,,,,,,,,,,,,,nan,,,,,,,,,,,,,,,
266,2014.181640625,0.02012171968817711,2.012171968817711,2624.7925271987915,10000,ppo,ppo,crawler,flat,thdot_dth_neighbours_plus_thdot_direct,,,,,,,,,,,,,,,0.002105386041148071,0,781,0.0,0.0,,,,,,,,,,,,,,,,,,,,,,,,,,,,,,,,,,,,,,,,,,,,,,,,,,,,,,,,,,,,,,,,,,,,,,,,,,nan,,,,,,,,,,,,,,,
267,2080.634765625,0.02078365348279476,2.078365348279476,2634.3516294956207,10000,ppo,ppo,crawler,flat,thdot_dth_neighbours_plus_thdot_direct,,,,,,,,,,,,,,,0.002412174431198168,0,781,0.0,0.0,,,,,,,,,,,,,,,,,,,,,,,,,,,,,,,,,,,,,,,,,,,,,,,,,,,,,,,,,,,,,,,,,,,,,,,,,,nan,,,,,,,,,,,,,,,
268,2046.856689453125,0.020447125658392906,2.0447125658392906,2644.4466621875763,10000,ppo,ppo,crawler,flat,thdot_dth_neighbours_plus_thdot_direct,,,,,,,,,,,,,,,0.0016621038722177983,0,781,0.0,0.0,,,,,,,,,,,,,,,,,,,,,,,,,,,,,,,,,,,,,,,,,,,,,,,,,,,,,,,,,,,,,,,,,,,,,,,,,,nan,,,,,,,,,,,,,,,
269,2108.44091796875,0.02106592431664467,2.106592431664467,2654.315712451935,10000,ppo,ppo,crawler,flat,thdot_dth_neighbours_plus_thdot_direct,,,,,,,,,,,,,,,0.0017476703178708028,0,781,0.0,0.0,,,,,,,,,,,,,,,,,,,,,,,,,,,,,,,,,,,,,,,,,,,,,,,,,,,,,,,,,,,,,,,,,,,,,,,,,,nan,,,,,,,,,,,,,,,
270,2109.079833984375,0.021066920831799507,2.1066920831799507,2663.821135520935,10000,ppo,ppo,crawler,flat,thdot_dth_neighbours_plus_thdot_direct,,,,,,,,,,,,,,,0.002425051242076319,0,781,0.0,0.0,,,,,,,,,,,,,,,,,,,,,,,,,,,,,,,,,,,,,,,,,,,,,,,,,,,,,,,,,,,,,,,,,,,,,,,,,,nan,,,,,,,,,,,,,,,
271,2131.78515625,0.021293649449944496,2.1293649449944496,2673.638881444931,10000,ppo,ppo,crawler,flat,thdot_dth_neighbours_plus_thdot_direct,,,,,,,,,,,,,,,0.0024658852631242382,0,781,0.0,0.0,,,,,,,,,,,,,,,,,,,,,,,,,,,,,,,,,,,,,,,,,,,,,,,,,,,,,,,,,,,,,,,,,,,,,,,,,,nan,,,,,,,,,,,,,,,
272,2200.19580078125,0.02198081649839878,2.198081649839878,2683.5292978286743,10000,ppo,ppo,crawler,flat,thdot_dth_neighbours_plus_thdot_direct,,,,,,,,,,,,,,,0.0021316064720717015,0,781,0.0,0.0,,,,,,,,,,,,,,,,,,,,,,,,,,,,,,,,,,,,,,,,,,,,,,,,,,,,,,,,,,,,,,,,,,,,,,,,,,nan,,,,,,,,,,,,,,,
273,2160.532470703125,0.021583164110779762,2.1583164110779762,2693.432748556137,10000,ppo,ppo,crawler,flat,thdot_dth_neighbours_plus_thdot_direct,,,,,,,,,,,,,,,0.001382867212369651,0,781,0.0,0.0,,,,,,,,,,,,,,,,,,,,,,,,,,,,,,,,,,,,,,,,,,,,,,,,,,,,,,,,,,,,,,,,,,,,,,,,,,nan,,,,,,,,,,,,,,,
274,2114.74462890625,0.02112494222819805,2.112494222819805,2703.2137916088104,10000,ppo,ppo,crawler,flat,thdot_dth_neighbours_plus_thdot_direct,,,,,,,,,,,,,,,0.0021627095917535586,0,781,0.0,0.0,,,,,,,,,,,,,,,,,,,,,,,,,,,,,,,,,,,,,,,,,,,,,,,,,,,,,,,,,,,,,,,,,,,,,,,,,,nan,,,,,,,,,,,,,,,
275,2253.51806640625,0.02250947244465351,2.250947244465351,2712.7969064712524,10000,ppo,ppo,crawler,flat,thdot_dth_neighbours_plus_thdot_direct,,,,,,,,,,,,,,,0.0022717929233124832,0,781,0.0,0.0,,,,,,,,,,,,,,,,,,,,,,,,,,,,,,,,,,,,,,,,,,,,,,,,,,,,,,,,,,,,,,,,,,,,,,,,,,nan,,,,,,,,,,,,,,,
276,2172.116943359375,0.02170027419924736,2.170027419924736,2722.7171008586884,10000,ppo,ppo,crawler,flat,thdot_dth_neighbours_plus_thdot_direct,,,,,,,,,,,,,,,0.0022126513537800044,0,781,0.0,0.0,,,,,,,,,,,,,,,,,,,,,,,,,,,,,,,,,,,,,,,,,,,,,,,,,,,,,,,,,,,,,,,,,,,,,,,,,,nan,,,,,,,,,,,,,,,
277,2218.743896484375,0.022163990885019302,2.2163990885019302,2731.9775619506836,10000,ppo,ppo,crawler,flat,thdot_dth_neighbours_plus_thdot_direct,,,,,,,,,,,,,,,0.0017471226704954055,0,781,0.0,0.0,,,,,,,,,,,,,,,,,,,,,,,,,,,,,,,,,,,,,,,,,,,,,,,,,,,,,,,,,,,,,,,,,,,,,,,,,,nan,,,,,,,,,,,,,,,
278,2298.056640625,0.02295786142349243,2.295786142349243,2741.630769252777,10000,ppo,ppo,crawler,flat,thdot_dth_neighbours_plus_thdot_direct,,,,,,,,,,,,,,,0.002567101827425632,0,781,0.0,0.0,,,,,,,,,,,,,,,,,,,,,,,,,,,,,,,,,,,,,,,,,,,,,,,,,,,,,,,,,,,,,,,,,,,,,,,,,,nan,,,,,,,,,,,,,,,
279,2212.9609375,0.022106721997261047,2.2106721997261047,2751.270456790924,10000,ppo,ppo,crawler,flat,thdot_dth_neighbours_plus_thdot_direct,,,,,,,,,,,,,,,0.0020832740114135645,0,781,0.0,0.0,,,,,,,,,,,,,,,,,,,,,,,,,,,,,,,,,,,,,,,,,,,,,,,,,,,,,,,,,,,,,,,,,,,,,,,,,,nan,,,,,,,,,,,,,,,
280,2161.10546875,0.021588630974292755,2.1588630974292755,2760.8895263671875,10000,ppo,ppo,crawler,flat,thdot_dth_neighbours_plus_thdot_direct,,,,,,,,,,,,,,,0.0021054580481308116,0,781,0.0,0.0,,,,,,,,,,,,,,,,,,,,,,,,,,,,,,,,,,,,,,,,,,,,,,,,,,,,,,,,,,,,,,,,,,,,,,,,,,nan,,,,,,,,,,,,,,,
281,2103.38916015625,0.021011438220739365,2.1011438220739365,2770.500538110733,10000,ppo,ppo,crawler,flat,thdot_dth_neighbours_plus_thdot_direct,,,,,,,,,,,,,,,0.003565650704750867,0,781,0.0,0.0,,,,,,,,,,,,,,,,,,,,,,,,,,,,,,,,,,,,,,,,,,,,,,,,,,,,,,,,,,,,,,,,,,,,,,,,,,nan,,,,,,,,,,,,,,,
282,2106.649169921875,0.02104015089571476,2.104015089571476,2779.8265464305878,10000,ppo,ppo,crawler,flat,thdot_dth_neighbours_plus_thdot_direct,,,,,,,,,,,,,,,0.0022372617517453686,0,781,0.0,0.0,,,,,,,,,,,,,,,,,,,,,,,,,,,,,,,,,,,,,,,,,,,,,,,,,,,,,,,,,,,,,,,,,,,,,,,,,,nan,,,,,,,,,,,,,,,
283,2102.327880859375,0.021001681685447693,2.1001681685447693,2789.8521268367767,10000,ppo,ppo,crawler,flat,thdot_dth_neighbours_plus_thdot_direct,,,,,,,,,,,,,,,0.002040878802041873,0,781,0.0,0.0,,,,,,,,,,,,,,,,,,,,,,,,,,,,,,,,,,,,,,,,,,,,,,,,,,,,,,,,,,,,,,,,,,,,,,,,,,nan,,,,,,,,,,,,,,,
284,2257.60791015625,0.022557195276021957,2.2557195276021957,2799.369161128998,10000,ppo,ppo,crawler,flat,thdot_dth_neighbours_plus_thdot_direct,,,,,,,,,,,,,,,0.0018382751958569562,0,781,0.0,0.0,,,,,,,,,,,,,,,,,,,,,,,,,,,,,,,,,,,,,,,,,,,,,,,,,,,,,,,,,,,,,,,,,,,,,,,,,,nan,,,,,,,,,,,,,,,
285,2247.428466796875,0.022450517863035202,2.24505178630352,2809.2004346847534,10000,ppo,ppo,crawler,flat,thdot_dth_neighbours_plus_thdot_direct,,,,,,,,,,,,,,,0.0024059272731574077,0,781,0.0,0.0,,,,,,,,,,,,,,,,,,,,,,,,,,,,,,,,,,,,,,,,,,,,,,,,,,,,,,,,,,,,,,,,,,,,,,,,,,nan,,,,,,,,,,,,,,,
286,2231.710205078125,0.022293828427791595,2.2293828427791595,2819.2957866191864,10000,ppo,ppo,crawler,flat,thdot_dth_neighbours_plus_thdot_direct,,,,,,,,,,,,,,,0.0022188957820230737,0,781,0.0,0.0,,,,,,,,,,,,,,,,,,,,,,,,,,,,,,,,,,,,,,,,,,,,,,,,,,,,,,,,,,,,,,,,,,,,,,,,,,nan,,,,,,,,,,,,,,,
287,2065.37548828125,0.020630815997719765,2.0630815997719765,2828.7091743946075,10000,ppo,ppo,crawler,flat,thdot_dth_neighbours_plus_thdot_direct,,,,,,,,,,,,,,,0.003468969776899934,0,781,0.0,0.0,,,,,,,,,,,,,,,,,,,,,,,,,,,,,,,,,,,,,,,,,,,,,,,,,,,,,,,,,,,,,,,,,,,,,,,,,,nan,,,,,,,,,,,,,,,
288,1968.050048828125,0.01965985633432865,1.9659856334328651,2838.5881226062775,10000,ppo,ppo,crawler,flat,thdot_dth_neighbours_plus_thdot_direct,,,,,,,,,,,,,,,0.0034227535948985616,0,781,0.0,0.0,,,,,,,,,,,,,,,,,,,,,,,,,,,,,,,,,,,,,,,,,,,,,,,,,,,,,,,,,,,,,,,,,,,,,,,,,,nan,,,,,,,,,,,,,,,
289,1902.2584228515625,0.019002726301550865,1.9002726301550865,2848.180895805359,10000,ppo,ppo,crawler,flat,thdot_dth_neighbours_plus_thdot_direct,,,,,,,,,,,,,,,0.003130750546506475,0,781,0.0,0.0,,,,,,,,,,,,,,,,,,,,,,,,,,,,,,,,,,,,,,,,,,,,,,,,,,,,,,,,,,,,,,,,,,,,,,,,,,nan,,,,,,,,,,,,,,,
290,2071.050537109375,0.020688548684120178,2.068854868412018,2857.9202461242676,10000,ppo,ppo,crawler,flat,thdot_dth_neighbours_plus_thdot_direct,,,,,,,,,,,,,,,0.0028054219153366955,0,781,0.0,0.0,,,,,,,,,,,,,,,,,,,,,,,,,,,,,,,,,,,,,,,,,,,,,,,,,,,,,,,,,,,,,,,,,,,,,,,,,,nan,,,,,,,,,,,,,,,
291,2084.4423828125,0.020827148109674454,2.0827148109674454,2867.6325228214264,10000,ppo,ppo,crawler,flat,thdot_dth_neighbours_plus_thdot_direct,,,,,,,,,,,,,,,0.001437666837242553,0,781,0.0,0.0,,,,,,,,,,,,,,,,,,,,,,,,,,,,,,,,,,,,,,,,,,,,,,,,,,,,,,,,,,,,,,,,,,,,,,,,,,nan,,,,,,,,,,,,,,,
292,2158.851318359375,0.02156495861709118,2.156495861709118,2877.262395620346,10000,ppo,ppo,crawler,flat,thdot_dth_neighbours_plus_thdot_direct,,,,,,,,,,,,,,,0.0024549940051862614,0,781,0.0,0.0,,,,,,,,,,,,,,,,,,,,,,,,,,,,,,,,,,,,,,,,,,,,,,,,,,,,,,,,,,,,,,,,,,,,,,,,,,nan,,,,,,,,,,,,,,,
293,2175.281494140625,0.021730849519371986,2.1730849519371986,2887.0880784988403,10000,ppo,ppo,crawler,flat,thdot_dth_neighbours_plus_thdot_direct,,,,,,,,,,,,,,,0.0019483903242908866,0,781,0.0,0.0,,,,,,,,,,,,,,,,,,,,,,,,,,,,,,,,,,,,,,,,,,,,,,,,,,,,,,,,,,,,,,,,,,,,,,,,,,nan,,,,,,,,,,,,,,,
294,2167.23291015625,0.021648729220032692,2.164872922003269,2897.026697397232,10000,ppo,ppo,crawler,flat,thdot_dth_neighbours_plus_thdot_direct,,,,,,,,,,,,,,,0.0014927926502352907,0,781,0.0,0.0,,,,,,,,,,,,,,,,,,,,,,,,,,,,,,,,,,,,,,,,,,,,,,,,,,,,,,,,,,,,,,,,,,,,,,,,,,nan,,,,,,,,,,,,,,,
295,2196.48974609375,0.021943187341094017,2.1943187341094017,2906.5857784748077,10000,ppo,ppo,crawler,flat,thdot_dth_neighbours_plus_thdot_direct,,,,,,,,,,,,,,,0.0023540500614486312,0,781,0.0,0.0,,,,,,,,,,,,,,,,,,,,,,,,,,,,,,,,,,,,,,,,,,,,,,,,,,,,,,,,,,,,,,,,,,,,,,,,,,nan,,,,,,,,,,,,,,,
296,2140.0654296875,0.021375153213739395,2.1375153213739395,2916.6602783203125,10000,ppo,ppo,crawler,flat,thdot_dth_neighbours_plus_thdot_direct,,,,,,,,,,,,,,,0.002509362607185294,0,781,0.0,0.0,,,,,,,,,,,,,,,,,,,,,,,,,,,,,,,,,,,,,,,,,,,,,,,,,,,,,,,,,,,,,,,,,,,,,,,,,,nan,,,,,,,,,,,,,,,
297,2170.5,0.02168080396950245,2.168080396950245,2926.3005509376526,10000,ppo,ppo,crawler,flat,thdot_dth_neighbours_plus_thdot_direct,,,,,,,,,,,,,,,0.0023294502881054647,0,781,0.0,0.0,,,,,,,,,,,,,,,,,,,,,,,,,,,,,,,,,,,,,,,,,,,,,,,,,,,,,,,,,,,,,,,,,,,,,,,,,,nan,,,,,,,,,,,,,,,
298,2164.528076171875,0.021620262414216995,2.1620262414216995,2935.9477536678314,10000,ppo,ppo,crawler,flat,thdot_dth_neighbours_plus_thdot_direct,,,,,,,,,,,,,,,0.0024542728314050663,0,781,0.0,0.0,,,,,,,,,,,,,,,,,,,,,,,,,,,,,,,,,,,,,,,,,,,,,,,,,,,,,,,,,,,,,,,,,,,,,,,,,,nan,,,,,,,,,,,,,,,
299,2148.349365234375,0.021460846066474915,2.1460846066474915,2945.554141521454,10000,ppo,ppo,crawler,flat,thdot_dth_neighbours_plus_thdot_direct,,,,,,,,,,,,,,,0.002471633573858725,0,781,0.0,0.0,,,,,,,,,,,,,,,,,,,,,,,,,,,,,,,,,,,,,,,,,,,,,,,,,,,,,,,,,,,,,,,,,,,,,,,,,,nan,,,,,,,,,,,,,,,
300,2161.307861328125,0.021586520597338676,2.1586520597338676,2955.1670286655426,10000,ppo,ppo,crawler,flat,thdot_dth_neighbours_plus_thdot_direct,,,,,,,,,,,,,,,0.0028203177743192317,0,781,0.0,0.0,,,,,,,,,,,,,,,,,,,,,,,,,,,,,,,,,,,,,,,,,,,,,,,,,,,,,,,,,,,,,,,,,,,,,,,,,,nan,,,,,,,,,,,,,,,
301,2306.186767578125,0.023035025224089622,2.3035025224089622,2965.0976202487946,10000,ppo,ppo,crawler,flat,thdot_dth_neighbours_plus_thdot_direct,,,,,,,,,,,,,,,0.002186306512126165,0,781,0.0,0.0,,,,,,,,,,,,,,,,,,,,,,,,,,,,,,,,,,,,,,,,,,,,,,,,,,,,,,,,,,,,,,,,,,,,,,,,,,nan,,,,,,,,,,,,,,,
302,2249.642578125,0.022470509633421898,2.24705096334219,2974.558667898178,10000,ppo,ppo,crawler,flat,thdot_dth_neighbours_plus_thdot_direct,,,,,,,,,,,,,,,0.002113540764241934,0,781,0.0,0.0,,,,,,,,,,,,,,,,,,,,,,,,,,,,,,,,,,,,,,,,,,,,,,,,,,,,,,,,,,,,,,,,,,,,,,,,,,nan,,,,,,,,,,,,,,,
303,2188.73876953125,0.021865220740437508,2.1865220740437508,2984.324420928955,10000,ppo,ppo,crawler,flat,thdot_dth_neighbours_plus_thdot_direct,,,,,,,,,,,,,,,0.0026699492681149756,0,781,0.0,0.0,,,,,,,,,,,,,,,,,,,,,,,,,,,,,,,,,,,,,,,,,,,,,,,,,,,,,,,,,,,,,,,,,,,,,,,,,,nan,,,,,,,,,,,,,,,
304,2130.727783203125,0.021285032853484154,2.1285032853484154,2994.060961484909,10000,ppo,ppo,crawler,flat,thdot_dth_neighbours_plus_thdot_direct,,,,,,,,,,,,,,,0.002249182906397059,0,781,0.0,0.0,,,,,,,,,,,,,,,,,,,,,,,,,,,,,,,,,,,,,,,,,,,,,,,,,,,,,,,,,,,,,,,,,,,,,,,,,,nan,,,,,,,,,,,,,,,
305,2128.28076171875,0.021258119493722916,2.1258119493722916,3004.1197826862335,10000,ppo,ppo,crawler,flat,thdot_dth_neighbours_plus_thdot_direct,,,,,,,,,,,,,,,0.0020037369494865414,0,781,0.0,0.0,,,,,,,,,,,,,,,,,,,,,,,,,,,,,,,,,,,,,,,,,,,,,,,,,,,,,,,,,,,,,,,,,,,,,,,,,,nan,,,,,,,,,,,,,,,
306,2124.6748046875,0.021223222836852074,2.1223222836852074,3013.6070890426636,10000,ppo,ppo,crawler,flat,thdot_dth_neighbours_plus_thdot_direct,,,,,,,,,,,,,,,0.0022722161892849368,0,781,0.0,0.0,,,,,,,,,,,,,,,,,,,,,,,,,,,,,,,,,,,,,,,,,,,,,,,,,,,,,,,,,,,,,,,,,,,,,,,,,,nan,,,,,,,,,,,,,,,
307,2330.175537109375,0.02327936701476574,2.327936701476574,3023.459836244583,10000,ppo,ppo,crawler,flat,thdot_dth_neighbours_plus_thdot_direct,,,,,,,,,,,,,,,0.0022332505394838226,0,781,0.0,0.0,,,,,,,,,,,,,,,,,,,,,,,,,,,,,,,,,,,,,,,,,,,,,,,,,,,,,,,,,,,,,,,,,,,,,,,,,,nan,,,,,,,,,,,,,,,
308,2148.456787109375,0.02145850472152233,2.145850472152233,3033.4146661758423,10000,ppo,ppo,crawler,flat,thdot_dth_neighbours_plus_thdot_direct,,,,,,,,,,,,,,,0.002507043287419941,0,781,0.0,0.0,,,,,,,,,,,,,,,,,,,,,,,,,,,,,,,,,,,,,,,,,,,,,,,,,,,,,,,,,,,,,,,,,,,,,,,,,,nan,,,,,,,,,,,,,,,
309,2306.274169921875,0.023038603365421295,2.3038603365421295,3043.1948404312134,10000,ppo,ppo,crawler,flat,thdot_dth_neighbours_plus_thdot_direct,,,,,,,,,,,,,,,0.002220076512166613,0,781,0.0,0.0,,,,,,,,,,,,,,,,,,,,,,,,,,,,,,,,,,,,,,,,,,,,,,,,,,,,,,,,,,,,,,,,,,,,,,,,,,nan,,,,,,,,,,,,,,,
310,2257.900146484375,0.022554730996489525,2.2554730996489525,3053.153591632843,10000,ppo,ppo,crawler,flat,thdot_dth_neighbours_plus_thdot_direct,,,,,,,,,,,,,,,0.001734474071290012,0,781,0.0,0.0,,,,,,,,,,,,,,,,,,,,,,,,,,,,,,,,,,,,,,,,,,,,,,,,,,,,,,,,,,,,,,,,,,,,,,,,,,nan,,,,,,,,,,,,,,,
311,2164.48828125,0.021623807027935982,2.162380702793598,3063.072943210602,10000,ppo,ppo,crawler,flat,thdot_dth_neighbours_plus_thdot_direct,,,,,,,,,,,,,,,0.0017557031134967727,0,781,0.0,0.0,,,,,,,,,,,,,,,,,,,,,,,,,,,,,,,,,,,,,,,,,,,,,,,,,,,,,,,,,,,,,,,,,,,,,,,,,,nan,,,,,,,,,,,,,,,
312,2156.33837890625,0.021538440138101578,2.1538440138101578,3073.1556684970856,10000,ppo,ppo,crawler,flat,thdot_dth_neighbours_plus_thdot_direct,,,,,,,,,,,,,,,0.002286242595767752,0,781,0.0,0.0,,,,,,,,,,,,,,,,,,,,,,,,,,,,,,,,,,,,,,,,,,,,,,,,,,,,,,,,,,,,,,,,,,,,,,,,,,nan,,,,,,,,,,,,,,,
313,2189.146728515625,0.021869612857699394,2.1869612857699394,3082.9888513088226,10000,ppo,ppo,crawler,flat,thdot_dth_neighbours_plus_thdot_direct,,,,,,,,,,,,,,,0.0021234948539374243,0,781,0.0,0.0,,,,,,,,,,,,,,,,,,,,,,,,,,,,,,,,,,,,,,,,,,,,,,,,,,,,,,,,,,,,,,,,,,,,,,,,,,nan,,,,,,,,,,,,,,,
314,2225.751220703125,0.02223159745335579,2.223159745335579,3092.6221373081207,10000,ppo,ppo,crawler,flat,thdot_dth_neighbours_plus_thdot_direct,,,,,,,,,,,,,,,0.0014728482338832994,0,781,0.0,0.0,,,,,,,,,,,,,,,,,,,,,,,,,,,,,,,,,,,,,,,,,,,,,,,,,,,,,,,,,,,,,,,,,,,,,,,,,,nan,,,,,,,,,,,,,,,
315,2343.07421875,0.02340925857424736,2.340925857424736,3102.34503030777,10000,ppo,ppo,crawler,flat,thdot_dth_neighbours_plus_thdot_direct,,,,,,,,,,,,,,,0.00189799514442093,0,781,0.0,0.0,,,,,,,,,,,,,,,,,,,,,,,,,,,,,,,,,,,,,,,,,,,,,,,,,,,,,,,,,,,,,,,,,,,,,,,,,,nan,,,,,,,,,,,,,,,
316,2365.588134765625,0.02363249473273754,2.363249473273754,3112.0348274707794,10000,ppo,ppo,crawler,flat,thdot_dth_neighbours_plus_thdot_direct,,,,,,,,,,,,,,,0.0019624577578471756,0,781,0.0,0.0,,,,,,,,,,,,,,,,,,,,,,,,,,,,,,,,,,,,,,,,,,,,,,,,,,,,,,,,,,,,,,,,,,,,,,,,,,nan,,,,,,,,,,,,,,,
317,2284.65673828125,0.02282201312482357,2.282201312482357,3122.12731218338,10000,ppo,ppo,crawler,flat,thdot_dth_neighbours_plus_thdot_direct,,,,,,,,,,,,,,,0.002751035287942054,0,781,0.0,0.0,,,,,,,,,,,,,,,,,,,,,,,,,,,,,,,,,,,,,,,,,,,,,,,,,,,,,,,,,,,,,,,,,,,,,,,,,,nan,,,,,,,,,,,,,,,
318,2325.050048828125,0.0232269037514925,2.32269037514925,3132.1206035614014,10000,ppo,ppo,crawler,flat,thdot_dth_neighbours_plus_thdot_direct,,,,,,,,,,,,,,,0.0022288437892324167,0,781,0.0,0.0,,,,,,,,,,,,,,,,,,,,,,,,,,,,,,,,,,,,,,,,,,,,,,,,,,,,,,,,,,,,,,,,,,,,,,,,,,nan,,,,,,,,,,,,,,,
319,2370.075927734375,0.023676177486777306,2.3676177486777306,3142.173193216324,10000,ppo,ppo,crawler,flat,thdot_dth_neighbours_plus_thdot_direct,,,,,,,,,,,,,,,0.002443922340663977,0,781,0.0,0.0,,,,,,,,,,,,,,,,,,,,,,,,,,,,,,,,,,,,,,,,,,,,,,,,,,,,,,,,,,,,,,,,,,,,,,,,,,nan,,,,,,,,,,,,,,,
320,2315.086181640625,0.02312350645661354,2.312350645661354,3152.1511199474335,10000,ppo,ppo,crawler,flat,thdot_dth_neighbours_plus_thdot_direct,,,,,,,,,,,,,,,0.002544891845210584,0,781,0.0,0.0,,,,,,,,,,,,,,,,,,,,,,,,,,,,,,,,,,,,,,,,,,,,,,,,,,,,,,,,,,,,,,,,,,,,,,,,,,nan,,,,,,,,,,,,,,,
321,2411.485107421875,0.024088701233267784,2.4088701233267784,3161.873199224472,10000,ppo,ppo,crawler,flat,thdot_dth_neighbours_plus_thdot_direct,,,,,,,,,,,,,,,0.0020295689096499797,0,781,0.0,0.0,,,,,,,,,,,,,,,,,,,,,,,,,,,,,,,,,,,,,,,,,,,,,,,,,,,,,,,,,,,,,,,,,,,,,,,,,,nan,,,,,,,,,,,,,,,
322,2345.517578125,0.023428548127412796,2.3428548127412796,3171.735614299774,10000,ppo,ppo,crawler,flat,thdot_dth_neighbours_plus_thdot_direct,,,,,,,,,,,,,,,0.002063367582203612,0,781,0.0,0.0,,,,,,,,,,,,,,,,,,,,,,,,,,,,,,,,,,,,,,,,,,,,,,,,,,,,,,,,,,,,,,,,,,,,,,,,,,nan,,,,,,,,,,,,,,,
323,2309.341552734375,0.023066222667694092,2.306622266769409,3181.6822576522827,10000,ppo,ppo,crawler,flat,thdot_dth_neighbours_plus_thdot_direct,,,,,,,,,,,,,,,0.002562579178001414,0,781,0.0,0.0,,,,,,,,,,,,,,,,,,,,,,,,,,,,,,,,,,,,,,,,,,,,,,,,,,,,,,,,,,,,,,,,,,,,,,,,,,nan,,,,,,,,,,,,,,,
324,2408.14453125,0.02405470423400402,2.405470423400402,3191.5854666233063,10000,ppo,ppo,crawler,flat,thdot_dth_neighbours_plus_thdot_direct,,,,,,,,,,,,,,,0.0016821203047105075,0,781,0.0,0.0,,,,,,,,,,,,,,,,,,,,,,,,,,,,,,,,,,,,,,,,,,,,,,,,,,,,,,,,,,,,,,,,,,,,,,,,,,nan,,,,,,,,,,,,,,,
325,2303.873046875,0.023015925660729408,2.301592566072941,3201.6690266132355,10000,ppo,ppo,crawler,flat,thdot_dth_neighbours_plus_thdot_direct,,,,,,,,,,,,,,,0.0024190958387462613,0,781,0.0,0.0,,,,,,,,,,,,,,,,,,,,,,,,,,,,,,,,,,,,,,,,,,,,,,,,,,,,,,,,,,,,,,,,,,,,,,,,,,nan,,,,,,,,,,,,,,,
326,2354.704833984375,0.02352406457066536,2.352406457066536,3211.516309261322,10000,ppo,ppo,crawler,flat,thdot_dth_neighbours_plus_thdot_direct,,,,,,,,,,,,,,,0.002378335209629973,0,781,0.0,0.0,,,,,,,,,,,,,,,,,,,,,,,,,,,,,,,,,,,,,,,,,,,,,,,,,,,,,,,,,,,,,,,,,,,,,,,,,,nan,,,,,,,,,,,,,,,
327,2262.71630859375,0.022602496668696404,2.2602496668696404,3221.322615623474,10000,ppo,ppo,crawler,flat,thdot_dth_neighbours_plus_thdot_direct,,,,,,,,,,,,,,,0.003093138205057411,0,781,0.0,0.0,,,,,,,,,,,,,,,,,,,,,,,,,,,,,,,,,,,,,,,,,,,,,,,,,,,,,,,,,,,,,,,,,,,,,,,,,,nan,,,,,,,,,,,,,,,
328,2309.161376953125,0.023065734654664993,2.3065734654664993,3231.107456445694,10000,ppo,ppo,crawler,flat,thdot_dth_neighbours_plus_thdot_direct,,,,,,,,,,,,,,,0.002579829262911589,0,781,0.0,0.0,,,,,,,,,,,,,,,,,,,,,,,,,,,,,,,,,,,,,,,,,,,,,,,,,,,,,,,,,,,,,,,,,,,,,,,,,,nan,,,,,,,,,,,,,,,
329,2413.646240234375,0.024111004546284676,2.4111004546284676,3241.127025604248,10000,ppo,ppo,crawler,flat,thdot_dth_neighbours_plus_thdot_direct,,,,,,,,,,,,,,,0.0021865663245674706,0,781,0.0,0.0,,,,,,,,,,,,,,,,,,,,,,,,,,,,,,,,,,,,,,,,,,,,,,,,,,,,,,,,,,,,,,,,,,,,,,,,,,nan,,,,,,,,,,,,,,,
330,2339.460693359375,0.023367537185549736,2.3367537185549736,3251.367008447647,10000,ppo,ppo,crawler,flat,thdot_dth_neighbours_plus_thdot_direct,,,,,,,,,,,,,,,0.0024331078042789706,0,781,0.0,0.0,,,,,,,,,,,,,,,,,,,,,,,,,,,,,,,,,,,,,,,,,,,,,,,,,,,,,,,,,,,,,,,,,,,,,,,,,,nan,,,,,,,,,,,,,,,
331,2419.575927734375,0.024168850854039192,2.416885085403919,3261.140632867813,10000,ppo,ppo,crawler,flat,thdot_dth_neighbours_plus_thdot_direct,,,,,,,,,,,,,,,0.0029990499297950727,0,781,0.0,0.0,,,,,,,,,,,,,,,,,,,,,,,,,,,,,,,,,,,,,,,,,,,,,,,,,,,,,,,,,,,,,,,,,,,,,,,,,,nan,,,,,,,,,,,,,,,
332,2449.369384765625,0.024466978386044502,2.4466978386044502,3270.83620095253,10000,ppo,ppo,crawler,flat,thdot_dth_neighbours_plus_thdot_direct,,,,,,,,,,,,,,,0.0030366007352138056,0,781,0.0,0.0,,,,,,,,,,,,,,,,,,,,,,,,,,,,,,,,,,,,,,,,,,,,,,,,,,,,,,,,,,,,,,,,,,,,,,,,,,nan,,,,,,,,,,,,,,,
333,2392.96484375,0.023902926594018936,2.3902926594018936,3280.803585767746,10000,ppo,ppo,crawler,flat,thdot_dth_neighbours_plus_thdot_direct,,,,,,,,,,,,,,,0.002441067747935025,0,781,0.0,0.0,,,,,,,,,,,,,,,,,,,,,,,,,,,,,,,,,,,,,,,,,,,,,,,,,,,,,,,,,,,,,,,,,,,,,,,,,,nan,,,,,,,,,,,,,,,
334,2314.807373046875,0.023124761879444122,2.3124761879444122,3290.456251144409,10000,ppo,ppo,crawler,flat,thdot_dth_neighbours_plus_thdot_direct,,,,,,,,,,,,,,,0.0023380923941586492,0,781,0.0,0.0,,,,,,,,,,,,,,,,,,,,,,,,,,,,,,,,,,,,,,,,,,,,,,,,,,,,,,,,,,,,,,,,,,,,,,,,,,nan,,,,,,,,,,,,,,,
335,2332.179443359375,0.023295024409890175,2.3295024409890175,3300.5622704029083,10000,ppo,ppo,crawler,flat,thdot_dth_neighbours_plus_thdot_direct,,,,,,,,,,,,,,,0.0021573570693875243,0,781,0.0,0.0,,,,,,,,,,,,,,,,,,,,,,,,,,,,,,,,,,,,,,,,,,,,,,,,,,,,,,,,,,,,,,,,,,,,,,,,,,nan,,,,,,,,,,,,,,,
336,2278.72509765625,0.02276592329144478,2.276592329144478,3310.3885159492493,10000,ppo,ppo,crawler,flat,thdot_dth_neighbours_plus_thdot_direct,,,,,,,,,,,,,,,0.002548686573400194,0,781,0.0,0.0,,,,,,,,,,,,,,,,,,,,,,,,,,,,,,,,,,,,,,,,,,,,,,,,,,,,,,,,,,,,,,,,,,,,,,,,,,nan,,,,,,,,,,,,,,,
337,2332.57861328125,0.023295139893889427,2.3295139893889427,3320.200961112976,10000,ppo,ppo,crawler,flat,thdot_dth_neighbours_plus_thdot_direct,,,,,,,,,,,,,,,0.002360207813634933,0,781,0.0,0.0,,,,,,,,,,,,,,,,,,,,,,,,,,,,,,,,,,,,,,,,,,,,,,,,,,,,,,,,,,,,,,,,,,,,,,,,,,nan,,,,,,,,,,,,,,,
338,2380.51953125,0.023782676085829735,2.3782676085829735,3330.5371084213257,10000,ppo,ppo,crawler,flat,thdot_dth_neighbours_plus_thdot_direct,,,,,,,,,,,,,,,0.002193502621579532,0,781,0.0,0.0,,,,,,,,,,,,,,,,,,,,,,,,,,,,,,,,,,,,,,,,,,,,,,,,,,,,,,,,,,,,,,,,,,,,,,,,,,nan,,,,,,,,,,,,,,,
339,2333.587646484375,0.023309092968702316,2.3309092968702316,3340.4458272457123,10000,ppo,ppo,crawler,flat,thdot_dth_neighbours_plus_thdot_direct,,,,,,,,,,,,,,,0.002987624641648995,0,781,0.0,0.0,,,,,,,,,,,,,,,,,,,,,,,,,,,,,,,,,,,,,,,,,,,,,,,,,,,,,,,,,,,,,,,,,,,,,,,,,,nan,,,,,,,,,,,,,,,
340,2330.798828125,0.023285076022148132,2.3285076022148132,3350.3629701137543,10000,ppo,ppo,crawler,flat,thdot_dth_neighbours_plus_thdot_direct,,,,,,,,,,,,,,,0.002379832837396936,0,781,0.0,0.0,,,,,,,,,,,,,,,,,,,,,,,,,,,,,,,,,,,,,,,,,,,,,,,,,,,,,,,,,,,,,,,,,,,,,,,,,,nan,,,,,,,,,,,,,,,
341,2370.444580078125,0.02367948181927204,2.367948181927204,3360.6484713554382,10000,ppo,ppo,crawler,flat,thdot_dth_neighbours_plus_thdot_direct,,,,,,,,,,,,,,,0.0029539072913736856,0,781,0.0,0.0,,,,,,,,,,,,,,,,,,,,,,,,,,,,,,,,,,,,,,,,,,,,,,,,,,,,,,,,,,,,,,,,,,,,,,,,,,nan,,,,,,,,,,,,,,,
342,2354.7099609375,0.02352365106344223,2.352365106344223,3370.327334165573,10000,ppo,ppo,crawler,flat,thdot_dth_neighbours_plus_thdot_direct,,,,,,,,,,,,,,,0.0025587139133599387,0,781,0.0,0.0,,,,,,,,,,,,,,,,,,,,,,,,,,,,,,,,,,,,,,,,,,,,,,,,,,,,,,,,,,,,,,,,,,,,,,,,,,nan,,,,,,,,,,,,,,,
343,2397.732666015625,0.023951657116413116,2.3951657116413116,3380.206549167633,10000,ppo,ppo,crawler,flat,thdot_dth_neighbours_plus_thdot_direct,,,,,,,,,,,,,,,0.0027055590000247425,0,781,0.0,0.0,,,,,,,,,,,,,,,,,,,,,,,,,,,,,,,,,,,,,,,,,,,,,,,,,,,,,,,,,,,,,,,,,,,,,,,,,,nan,,,,,,,,,,,,,,,
344,2350.7392578125,0.023481905460357666,2.3481905460357666,3389.8279359340668,10000,ppo,ppo,crawler,flat,thdot_dth_neighbours_plus_thdot_direct,,,,,,,,,,,,,,,0.002319556462196333,0,781,0.0,0.0,,,,,,,,,,,,,,,,,,,,,,,,,,,,,,,,,,,,,,,,,,,,,,,,,,,,,,,,,,,,,,,,,,,,,,,,,,nan,,,,,,,,,,,,,,,
345,2334.81884765625,0.02332092635333538,2.332092635333538,3399.893503665924,10000,ppo,ppo,crawler,flat,thdot_dth_neighbours_plus_thdot_direct,,,,,,,,,,,,,,,0.0023161819323683983,0,781,0.0,0.0,,,,,,,,,,,,,,,,,,,,,,,,,,,,,,,,,,,,,,,,,,,,,,,,,,,,,,,,,,,,,,,,,,,,,,,,,,nan,,,,,,,,,,,,,,,
346,2298.47119140625,0.022962648421525955,2.2962648421525955,3409.7185723781586,10000,ppo,ppo,crawler,flat,thdot_dth_neighbours_plus_thdot_direct,,,,,,,,,,,,,,,0.0018189945287915958,0,781,0.0,0.0,,,,,,,,,,,,,,,,,,,,,,,,,,,,,,,,,,,,,,,,,,,,,,,,,,,,,,,,,,,,,,,,,,,,,,,,,,nan,,,,,,,,,,,,,,,
347,2265.0859375,0.0226263590157032,2.26263590157032,3419.241839647293,10000,ppo,ppo,crawler,flat,thdot_dth_neighbours_plus_thdot_direct,,,,,,,,,,,,,,,0.0026525655788936803,0,781,0.0,0.0,,,,,,,,,,,,,,,,,,,,,,,,,,,,,,,,,,,,,,,,,,,,,,,,,,,,,,,,,,,,,,,,,,,,,,,,,,nan,,,,,,,,,,,,,,,
348,2304.45556640625,0.023022355511784554,2.3022355511784554,3429.2220644950867,10000,ppo,ppo,crawler,flat,thdot_dth_neighbours_plus_thdot_direct,,,,,,,,,,,,,,,0.0033490235051007924,0,781,0.0,0.0,,,,,,,,,,,,,,,,,,,,,,,,,,,,,,,,,,,,,,,,,,,,,,,,,,,,,,,,,,,,,,,,,,,,,,,,,,nan,,,,,,,,,,,,,,,
349,2363.130859375,0.023607857525348663,2.3607857525348663,3438.896926879883,10000,ppo,ppo,crawler,flat,thdot_dth_neighbours_plus_thdot_direct,,,,,,,,,,,,,,,0.0016567420447857052,0,781,0.0,0.0,,,,,,,,,,,,,,,,,,,,,,,,,,,,,,,,,,,,,,,,,,,,,,,,,,,,,,,,,,,,,,,,,,,,,,,,,,nan,,,,,,,,,,,,,,,
350,2320.802734375,0.023182690143585205,2.3182690143585205,3448.851872444153,10000,ppo,ppo,crawler,flat,thdot_dth_neighbours_plus_thdot_direct,,,,,,,,,,,,,,,0.0018018036690861132,0,781,0.0,0.0,,,,,,,,,,,,,,,,,,,,,,,,,,,,,,,,,,,,,,,,,,,,,,,,,,,,,,,,,,,,,,,,,,,,,,,,,,nan,,,,,,,,,,,,,,,
351,2252.589111328125,0.02250354178249836,2.250354178249836,3459.065810918808,10000,ppo,ppo,crawler,flat,thdot_dth_neighbours_plus_thdot_direct,,,,,,,,,,,,,,,0.0018732155497571624,0,781,0.0,0.0,,,,,,,,,,,,,,,,,,,,,,,,,,,,,,,,,,,,,,,,,,,,,,,,,,,,,,,,,,,,,,,,,,,,,,,,,,nan,,,,,,,,,,,,,,,
352,2181.235107421875,0.021787242963910103,2.1787242963910103,3468.786379098892,10000,ppo,ppo,crawler,flat,thdot_dth_neighbours_plus_thdot_direct,,,,,,,,,,,,,,,0.0024468991067257127,0,781,0.0,0.0,,,,,,,,,,,,,,,,,,,,,,,,,,,,,,,,,,,,,,,,,,,,,,,,,,,,,,,,,,,,,,,,,,,,,,,,,,nan,,,,,,,,,,,,,,,
353,2311.493408203125,0.023089641705155373,2.3089641705155373,3478.64732170105,10000,ppo,ppo,crawler,flat,thdot_dth_neighbours_plus_thdot_direct,,,,,,,,,,,,,,,0.002986288645473569,0,781,0.0,0.0,,,,,,,,,,,,,,,,,,,,,,,,,,,,,,,,,,,,,,,,,,,,,,,,,,,,,,,,,,,,,,,,,,,,,,,,,,nan,,,,,,,,,,,,,,,
354,2266.365478515625,0.022640520706772804,2.2640520706772804,3488.3649685382843,10000,ppo,ppo,crawler,flat,thdot_dth_neighbours_plus_thdot_direct,,,,,,,,,,,,,,,0.0026429629362450745,0,781,0.0,0.0,,,,,,,,,,,,,,,,,,,,,,,,,,,,,,,,,,,,,,,,,,,,,,,,,,,,,,,,,,,,,,,,,,,,,,,,,,nan,,,,,,,,,,,,,,,
355,2299.365234375,0.022970346733927727,2.2970346733927727,3497.971133708954,10000,ppo,ppo,crawler,flat,thdot_dth_neighbours_plus_thdot_direct,,,,,,,,,,,,,,,0.002275887324035076,0,781,0.0,0.0,,,,,,,,,,,,,,,,,,,,,,,,,,,,,,,,,,,,,,,,,,,,,,,,,,,,,,,,,,,,,,,,,,,,,,,,,,nan,,,,,,,,,,,,,,,
356,2304.256591796875,0.023018022999167442,2.3018022999167442,3507.97026515007,10000,ppo,ppo,crawler,flat,thdot_dth_neighbours_plus_thdot_direct,,,,,,,,,,,,,,,0.0020313403238688085,0,781,0.0,0.0,,,,,,,,,,,,,,,,,,,,,,,,,,,,,,,,,,,,,,,,,,,,,,,,,,,,,,,,,,,,,,,,,,,,,,,,,,nan,,,,,,,,,,,,,,,
357,2292.562255859375,0.022899309173226357,2.2899309173226357,3517.5449163913727,10000,ppo,ppo,crawler,flat,thdot_dth_neighbours_plus_thdot_direct,,,,,,,,,,,,,,,0.0027394699778242096,0,781,0.0,0.0,,,,,,,,,,,,,,,,,,,,,,,,,,,,,,,,,,,,,,,,,,,,,,,,,,,,,,,,,,,,,,,,,,,,,,,,,,nan,,,,,,,,,,,,,,,
358,2256.28369140625,0.022541455924510956,2.2541455924510956,3527.6470522880554,10000,ppo,ppo,crawler,flat,thdot_dth_neighbours_plus_thdot_direct,,,,,,,,,,,,,,,0.0023779205899129847,0,781,0.0,0.0,,,,,,,,,,,,,,,,,,,,,,,,,,,,,,,,,,,,,,,,,,,,,,,,,,,,,,,,,,,,,,,,,,,,,,,,,,nan,,,,,,,,,,,,,,,
359,2298.334716796875,0.022957460954785347,2.2957460954785347,3537.1622292995453,10000,ppo,ppo,crawler,flat,thdot_dth_neighbours_plus_thdot_direct,,,,,,,,,,,,,,,0.0020543063934050044,0,781,0.0,0.0,,,,,,,,,,,,,,,,,,,,,,,,,,,,,,,,,,,,,,,,,,,,,,,,,,,,,,,,,,,,,,,,,,,,,,,,,,nan,,,,,,,,,,,,,,,
360,2293.2861328125,0.02290884405374527,2.290884405374527,3547.3241460323334,10000,ppo,ppo,crawler,flat,thdot_dth_neighbours_plus_thdot_direct,,,,,,,,,,,,,,,0.0024903460511343026,0,781,0.0,0.0,,,,,,,,,,,,,,,,,,,,,,,,,,,,,,,,,,,,,,,,,,,,,,,,,,,,,,,,,,,,,,,,,,,,,,,,,,nan,,,,,,,,,,,,,,,
361,2289.9375,0.02287357486784458,2.287357486784458,3557.397616624832,10000,ppo,ppo,crawler,flat,thdot_dth_neighbours_plus_thdot_direct,,,,,,,,,,,,,,,0.001760590834747581,0,781,0.0,0.0,,,,,,,,,,,,,,,,,,,,,,,,,,,,,,,,,,,,,,,,,,,,,,,,,,,,,,,,,,,,,,,,,,,,,,,,,,nan,,,,,,,,,,,,,,,
362,2270.1474609375,0.022678319364786148,2.267831936478615,3566.8724417686462,10000,ppo,ppo,crawler,flat,thdot_dth_neighbours_plus_thdot_direct,,,,,,,,,,,,,,,0.002335188036522362,0,781,0.0,0.0,,,,,,,,,,,,,,,,,,,,,,,,,,,,,,,,,,,,,,,,,,,,,,,,,,,,,,,,,,,,,,,,,,,,,,,,,,nan,,,,,,,,,,,,,,,
363,2322.43994140625,0.023200396448373795,2.3200396448373795,3576.719979286194,10000,ppo,ppo,crawler,flat,thdot_dth_neighbours_plus_thdot_direct,,,,,,,,,,,,,,,0.0025231994029502832,0,781,0.0,0.0,,,,,,,,,,,,,,,,,,,,,,,,,,,,,,,,,,,,,,,,,,,,,,,,,,,,,,,,,,,,,,,,,,,,,,,,,,nan,,,,,,,,,,,,,,,
364,2327.87744140625,0.02325400523841381,2.325400523841381,3586.2620837688446,10000,ppo,ppo,crawler,flat,thdot_dth_neighbours_plus_thdot_direct,,,,,,,,,,,,,,,0.002057026395813908,0,781,0.0,0.0,,,,,,,,,,,,,,,,,,,,,,,,,,,,,,,,,,,,,,,,,,,,,,,,,,,,,,,,,,,,,,,,,,,,,,,,,,nan,,,,,,,,,,,,,,,
365,2223.734375,0.02221093326807022,2.221093326807022,3595.9034130573273,10000,ppo,ppo,crawler,flat,thdot_dth_neighbours_plus_thdot_direct,,,,,,,,,,,,,,,0.0022766403608361734,0,781,0.0,0.0,,,,,,,,,,,,,,,,,,,,,,,,,,,,,,,,,,,,,,,,,,,,,,,,,,,,,,,,,,,,,,,,,,,,,,,,,,nan,,,,,,,,,,,,,,,
366,2353.642333984375,0.02351122722029686,2.351122722029686,3605.595631122589,10000,ppo,ppo,crawler,flat,thdot_dth_neighbours_plus_thdot_direct,,,,,,,,,,,,,,,0.0022342931168194053,0,781,0.0,0.0,,,,,,,,,,,,,,,,,,,,,,,,,,,,,,,,,,,,,,,,,,,,,,,,,,,,,,,,,,,,,,,,,,,,,,,,,,nan,,,,,,,,,,,,,,,
367,2357.080810546875,0.02354574203491211,2.354574203491211,3615.2352566719055,10000,ppo,ppo,crawler,flat,thdot_dth_neighbours_plus_thdot_direct,,,,,,,,,,,,,,,0.002358626270965434,0,781,0.0,0.0,,,,,,,,,,,,,,,,,,,,,,,,,,,,,,,,,,,,,,,,,,,,,,,,,,,,,,,,,,,,,,,,,,,,,,,,,,nan,,,,,,,,,,,,,,,
368,2288.6064453125,0.02286401391029358,2.286401391029358,3625.298431634903,10000,ppo,ppo,crawler,flat,thdot_dth_neighbours_plus_thdot_direct,,,,,,,,,,,,,,,0.0027418436896283795,0,781,0.0,0.0,,,,,,,,,,,,,,,,,,,,,,,,,,,,,,,,,,,,,,,,,,,,,,,,,,,,,,,,,,,,,,,,,,,,,,,,,,nan,,,,,,,,,,,,,,,
369,2388.271240234375,0.02385723777115345,2.385723777115345,3634.714983224869,10000,ppo,ppo,crawler,flat,thdot_dth_neighbours_plus_thdot_direct,,,,,,,,,,,,,,,0.0014886007518561475,0,781,0.0,0.0,,,,,,,,,,,,,,,,,,,,,,,,,,,,,,,,,,,,,,,,,,,,,,,,,,,,,,,,,,,,,,,,,,,,,,,,,,nan,,,,,,,,,,,,,,,
370,2400.325927734375,0.023976046591997147,2.3976046591997147,3644.315440416336,10000,ppo,ppo,crawler,flat,thdot_dth_neighbours_plus_thdot_direct,,,,,,,,,,,,,,,0.0017852032917884252,0,781,0.0,0.0,,,,,,,,,,,,,,,,,,,,,,,,,,,,,,,,,,,,,,,,,,,,,,,,,,,,,,,,,,,,,,,,,,,,,,,,,,nan,,,,,,,,,,,,,,,
371,2304.0625,0.023014001548290253,2.3014001548290253,3654.6165277957916,10000,ppo,ppo,crawler,flat,thdot_dth_neighbours_plus_thdot_direct,,,,,,,,,,,,,,,0.0029212820031378835,0,781,0.0,0.0,,,,,,,,,,,,,,,,,,,,,,,,,,,,,,,,,,,,,,,,,,,,,,,,,,,,,,,,,,,,,,,,,,,,,,,,,,nan,,,,,,,,,,,,,,,
372,2343.55615234375,0.023410646244883537,2.3410646244883537,3664.0170328617096,10000,ppo,ppo,crawler,flat,thdot_dth_neighbours_plus_thdot_direct,,,,,,,,,,,,,,,0.0019983305547755636,0,781,0.0,0.0,,,,,,,,,,,,,,,,,,,,,,,,,,,,,,,,,,,,,,,,,,,,,,,,,,,,,,,,,,,,,,,,,,,,,,,,,,nan,,,,,,,,,,,,,,,
373,2294.3388671875,0.022920500487089157,2.2920500487089157,3673.9437260627747,10000,ppo,ppo,crawler,flat,thdot_dth_neighbours_plus_thdot_direct,,,,,,,,,,,,,,,0.0024844965785501077,0,781,0.0,0.0,,,,,,,,,,,,,,,,,,,,,,,,,,,,,,,,,,,,,,,,,,,,,,,,,,,,,,,,,,,,,,,,,,,,,,,,,,nan,,,,,,,,,,,,,,,
374,2271.499755859375,0.022692440077662468,2.269244007766247,3683.7708463668823,10000,ppo,ppo,crawler,flat,thdot_dth_neighbours_plus_thdot_direct,,,,,,,,,,,,,,,0.0024520193744755722,0,781,0.0,0.0,,,,,,,,,,,,,,,,,,,,,,,,,,,,,,,,,,,,,,,,,,,,,,,,,,,,,,,,,,,,,,,,,,,,,,,,,,nan,,,,,,,,,,,,,,,
375,2322.126220703125,0.023197637870907784,2.3197637870907784,3693.5049090385437,10000,ppo,ppo,crawler,flat,thdot_dth_neighbours_plus_thdot_direct,,,,,,,,,,,,,,,0.002550348923726858,0,781,0.0,0.0,,,,,,,,,,,,,,,,,,,,,,,,,,,,,,,,,,,,,,,,,,,,,,,,,,,,,,,,,,,,,,,,,,,,,,,,,,nan,,,,,,,,,,,,,,,
376,2318.5234375,0.023160716518759727,2.3160716518759727,3703.375612974167,10000,ppo,ppo,crawler,flat,thdot_dth_neighbours_plus_thdot_direct,,,,,,,,,,,,,,,0.002136472692614612,0,781,0.0,0.0,,,,,,,,,,,,,,,,,,,,,,,,,,,,,,,,,,,,,,,,,,,,,,,,,,,,,,,,,,,,,,,,,,,,,,,,,,nan,,,,,,,,,,,,,,,
377,2325.624755859375,0.023231085389852524,2.3231085389852524,3713.0084636211395,10000,ppo,ppo,crawler,flat,thdot_dth_neighbours_plus_thdot_direct,,,,,,,,,,,,,,,0.002461707183938683,0,781,0.0,0.0,,,,,,,,,,,,,,,,,,,,,,,,,,,,,,,,,,,,,,,,,,,,,,,,,,,,,,,,,,,,,,,,,,,,,,,,,,nan,,,,,,,,,,,,,,,
378,2261.091064453125,0.022586479783058167,2.2586479783058167,3723.202688932419,10000,ppo,ppo,crawler,flat,thdot_dth_neighbours_plus_thdot_direct,,,,,,,,,,,,,,,0.003573134868977956,0,781,0.0,0.0,,,,,,,,,,,,,,,,,,,,,,,,,,,,,,,,,,,,,,,,,,,,,,,,,,,,,,,,,,,,,,,,,,,,,,,,,,nan,,,,,,,,,,,,,,,
379,2269.0908203125,0.022668536752462387,2.2668536752462387,3733.1855998039246,10000,ppo,ppo,crawler,flat,thdot_dth_neighbours_plus_thdot_direct,,,,,,,,,,,,,,,0.0018513235606609588,0,781,0.0,0.0,,,,,,,,,,,,,,,,,,,,,,,,,,,,,,,,,,,,,,,,,,,,,,,,,,,,,,,,,,,,,,,,,,,,,,,,,,nan,,,,,,,,,,,,,,,
380,2279.425048828125,0.022769641131162643,2.2769641131162643,3742.891321182251,10000,ppo,ppo,crawler,flat,thdot_dth_neighbours_plus_thdot_direct,,,,,,,,,,,,,,,0.0025774173229520143,0,781,0.0,0.0,,,,,,,,,,,,,,,,,,,,,,,,,,,,,,,,,,,,,,,,,,,,,,,,,,,,,,,,,,,,,,,,,,,,,,,,,,nan,,,,,,,,,,,,,,,
381,2224.799560546875,0.022226201370358467,2.2226201370358467,3752.9327476024628,10000,ppo,ppo,crawler,flat,thdot_dth_neighbours_plus_thdot_direct,,,,,,,,,,,,,,,0.0025726326247754146,0,781,0.0,0.0,,,,,,,,,,,,,,,,,,,,,,,,,,,,,,,,,,,,,,,,,,,,,,,,,,,,,,,,,,,,,,,,,,,,,,,,,,nan,,,,,,,,,,,,,,,
382,2310.365966796875,0.023077474907040596,2.3077474907040596,3762.8086228370667,10000,ppo,ppo,crawler,flat,thdot_dth_neighbours_plus_thdot_direct,,,,,,,,,,,,,,,0.0021061799159907443,0,781,0.0,0.0,,,,,,,,,,,,,,,,,,,,,,,,,,,,,,,,,,,,,,,,,,,,,,,,,,,,,,,,,,,,,,,,,,,,,,,,,,nan,,,,,,,,,,,,,,,
383,2347.416015625,0.023450694978237152,2.345069497823715,3772.45960688591,10000,ppo,ppo,crawler,flat,thdot_dth_neighbours_plus_thdot_direct,,,,,,,,,,,,,,,0.0028087592117419795,0,781,0.0,0.0,,,,,,,,,,,,,,,,,,,,,,,,,,,,,,,,,,,,,,,,,,,,,,,,,,,,,,,,,,,,,,,,,,,,,,,,,,nan,,,,,,,,,,,,,,,
384,2288.3359375,0.02285744622349739,2.285744622349739,3782.476932287216,10000,ppo,ppo,crawler,flat,thdot_dth_neighbours_plus_thdot_direct,,,,,,,,,,,,,,,0.0024726729502576915,0,781,0.0,0.0,,,,,,,,,,,,,,,,,,,,,,,,,,,,,,,,,,,,,,,,,,,,,,,,,,,,,,,,,,,,,,,,,,,,,,,,,,nan,,,,,,,,,,,,,,,
385,2334.959716796875,0.02332085557281971,2.332085557281971,3792.171498775482,10000,ppo,ppo,crawler,flat,thdot_dth_neighbours_plus_thdot_direct,,,,,,,,,,,,,,,0.0021843201370069943,0,781,0.0,0.0,,,,,,,,,,,,,,,,,,,,,,,,,,,,,,,,,,,,,,,,,,,,,,,,,,,,,,,,,,,,,,,,,,,,,,,,,,nan,,,,,,,,,,,,,,,
386,2264.44873046875,0.022619428113102913,2.2619428113102913,3802.0341041088104,10000,ppo,ppo,crawler,flat,thdot_dth_neighbours_plus_thdot_direct,,,,,,,,,,,,,,,0.0023559727641244183,0,781,0.0,0.0,,,,,,,,,,,,,,,,,,,,,,,,,,,,,,,,,,,,,,,,,,,,,,,,,,,,,,,,,,,,,,,,,,,,,,,,,,nan,,,,,,,,,,,,,,,
387,2279.595703125,0.022775743156671524,2.2775743156671524,3811.6254613399506,10000,ppo,ppo,crawler,flat,thdot_dth_neighbours_plus_thdot_direct,,,,,,,,,,,,,,,0.0022694872954390085,0,781,0.0,0.0,,,,,,,,,,,,,,,,,,,,,,,,,,,,,,,,,,,,,,,,,,,,,,,,,,,,,,,,,,,,,,,,,,,,,,,,,,nan,,,,,,,,,,,,,,,
388,2356.225341796875,0.023534612730145454,2.3534612730145454,3821.2527821063995,10000,ppo,ppo,crawler,flat,thdot_dth_neighbours_plus_thdot_direct,,,,,,,,,,,,,,,0.0017905802599562704,0,781,0.0,0.0,,,,,,,,,,,,,,,,,,,,,,,,,,,,,,,,,,,,,,,,,,,,,,,,,,,,,,,,,,,,,,,,,,,,,,,,,,nan,,,,,,,,,,,,,,,
389,2408.4296875,0.02405935898423195,2.405935898423195,3831.4733486175537,10000,ppo,ppo,crawler,flat,thdot_dth_neighbours_plus_thdot_direct,,,,,,,,,,,,,,,0.00187395207805085,0,781,0.0,0.0,,,,,,,,,,,,,,,,,,,,,,,,,,,,,,,,,,,,,,,,,,,,,,,,,,,,,,,,,,,,,,,,,,,,,,,,,,nan,,,,,,,,,,,,,,,
390,2266.86083984375,0.02264300175011158,2.264300175011158,3841.0669436454773,10000,ppo,ppo,crawler,flat,thdot_dth_neighbours_plus_thdot_direct,,,,,,,,,,,,,,,0.0017001961676278172,0,781,0.0,0.0,,,,,,,,,,,,,,,,,,,,,,,,,,,,,,,,,,,,,,,,,,,,,,,,,,,,,,,,,,,,,,,,,,,,,,,,,,nan,,,,,,,,,,,,,,,
391,2255.271484375,0.022528422996401787,2.2528422996401787,3850.949010848999,10000,ppo,ppo,crawler,flat,thdot_dth_neighbours_plus_thdot_direct,,,,,,,,,,,,,,,0.002249392731856274,0,781,0.0,0.0,,,,,,,,,,,,,,,,,,,,,,,,,,,,,,,,,,,,,,,,,,,,,,,,,,,,,,,,,,,,,,,,,,,,,,,,,,nan,,,,,,,,,,,,,,,
392,2330.23876953125,0.023278163745999336,2.3278163745999336,3860.6428215503693,10000,ppo,ppo,crawler,flat,thdot_dth_neighbours_plus_thdot_direct,,,,,,,,,,,,,,,0.002434254415006803,0,781,0.0,0.0,,,,,,,,,,,,,,,,,,,,,,,,,,,,,,,,,,,,,,,,,,,,,,,,,,,,,,,,,,,,,,,,,,,,,,,,,,nan,,,,,,,,,,,,,,,
393,2274.76416015625,0.022726476192474365,2.2726476192474365,3870.281229496002,10000,ppo,ppo,crawler,flat,thdot_dth_neighbours_plus_thdot_direct,,,,,,,,,,,,,,,0.0025797127355325325,0,781,0.0,0.0,,,,,,,,,,,,,,,,,,,,,,,,,,,,,,,,,,,,,,,,,,,,,,,,,,,,,,,,,,,,,,,,,,,,,,,,,,nan,,,,,,,,,,,,,,,
394,2315.830078125,0.023135043680667877,2.3135043680667877,3880.2232744693756,10000,ppo,ppo,crawler,flat,thdot_dth_neighbours_plus_thdot_direct,,,,,,,,,,,,,,,0.001199494040675249,0,781,0.0,0.0,,,,,,,,,,,,,,,,,,,,,,,,,,,,,,,,,,,,,,,,,,,,,,,,,,,,,,,,,,,,,,,,,,,,,,,,,,nan,,,,,,,,,,,,,,,
395,2261.318115234375,0.02259073033928871,2.259073033928871,3889.9044783115387,10000,ppo,ppo,crawler,flat,thdot_dth_neighbours_plus_thdot_direct,,,,,,,,,,,,,,,0.0036620153289269363,0,781,0.0,0.0,,,,,,,,,,,,,,,,,,,,,,,,,,,,,,,,,,,,,,,,,,,,,,,,,,,,,,,,,,,,,,,,,,,,,,,,,,nan,,,,,,,,,,,,,,,
396,2315.671630859375,0.023133236914873123,2.3133236914873123,3900.08828496933,10000,ppo,ppo,crawler,flat,thdot_dth_neighbours_plus_thdot_direct,,,,,,,,,,,,,,,0.002445930131842388,0,781,0.0,0.0,,,,,,,,,,,,,,,,,,,,,,,,,,,,,,,,,,,,,,,,,,,,,,,,,,,,,,,,,,,,,,,,,,,,,,,,,,nan,,,,,,,,,,,,,,,
397,2398.99560546875,0.023965023458003998,2.3965023458004,3909.9283690452576,10000,ppo,ppo,crawler,flat,thdot_dth_neighbours_plus_thdot_direct,,,,,,,,,,,,,,,0.0022215906338503414,0,781,0.0,0.0,,,,,,,,,,,,,,,,,,,,,,,,,,,,,,,,,,,,,,,,,,,,,,,,,,,,,,,,,,,,,,,,,,,,,,,,,,nan,,,,,,,,,,,,,,,
398,2314.224609375,0.02311711013317108,2.311711013317108,3919.464417219162,10000,ppo,ppo,crawler,flat,thdot_dth_neighbours_plus_thdot_direct,,,,,,,,,,,,,,,0.0016810999380646842,0,781,0.0,0.0,,,,,,,,,,,,,,,,,,,,,,,,,,,,,,,,,,,,,,,,,,,,,,,,,,,,,,,,,,,,,,,,,,,,,,,,,,nan,,,,,,,,,,,,,,,
399,2407.4755859375,0.024052586406469345,2.4052586406469345,3929.351799249649,10000,ppo,ppo,crawler,flat,thdot_dth_neighbours_plus_thdot_direct,,,,,,,,,,,,,,,0.001906478434136643,0,781,0.0,0.0,,,,,,,,,,,,,,,,,,,,,,,,,,,,,,,,,,,,,,,,,,,,,,,,,,,,,,,,,,,,,,,,,,,,,,,,,,nan,,,,,,,,,,,,,,,
400,2344.313232421875,0.023418594151735306,2.3418594151735306,3939.3963594436646,10000,ppo,ppo,crawler,flat,thdot_dth_neighbours_plus_thdot_direct,,,,,,,,,,,,,,,0.002303971009044545,0,781,0.0,0.0,,,,,,,,,,,,,,,,,,,,,,,,,,,,,,,,,,,,,,,,,,,,,,,,,,,,,,,,,,,,,,,,,,,,,,,,,,nan,,,,,,,,,,,,,,,
401,2349.11376953125,0.023466035723686218,2.346603572368622,3949.4799790382385,10000,ppo,ppo,crawler,flat,thdot_dth_neighbours_plus_thdot_direct,,,,,,,,,,,,,,,0.0018915658029101915,0,781,0.0,0.0,,,,,,,,,,,,,,,,,,,,,,,,,,,,,,,,,,,,,,,,,,,,,,,,,,,,,,,,,,,,,,,,,,,,,,,,,,nan,,,,,,,,,,,,,,,
402,2291.739013671875,0.022891085594892502,2.28910855948925,3959.210161447525,10000,ppo,ppo,crawler,flat,thdot_dth_neighbours_plus_thdot_direct,,,,,,,,,,,,,,,0.0021424264028229107,0,781,0.0,0.0,,,,,,,,,,,,,,,,,,,,,,,,,,,,,,,,,,,,,,,,,,,,,,,,,,,,,,,,,,,,,,,,,,,,,,,,,,nan,,,,,,,,,,,,,,,
403,2266.487060546875,0.02264266647398472,2.264266647398472,3968.9046881198883,10000,ppo,ppo,crawler,flat,thdot_dth_neighbours_plus_thdot_direct,,,,,,,,,,,,,,,0.0017321056829139418,0,781,0.0,0.0,,,,,,,,,,,,,,,,,,,,,,,,,,,,,,,,,,,,,,,,,,,,,,,,,,,,,,,,,,,,,,,,,,,,,,,,,,nan,,,,,,,,,,,,,,,
404,2276.055419921875,0.022735243663191795,2.2735243663191795,3979.200907230377,10000,ppo,ppo,crawler,flat,thdot_dth_neighbours_plus_thdot_direct,,,,,,,,,,,,,,,0.0022925681774209204,0,781,0.0,0.0,,,,,,,,,,,,,,,,,,,,,,,,,,,,,,,,,,,,,,,,,,,,,,,,,,,,,,,,,,,,,,,,,,,,,,,,,,nan,,,,,,,,,,,,,,,
405,2253.22607421875,0.022507211193442345,2.2507211193442345,3989.0319378376007,10000,ppo,ppo,crawler,flat,thdot_dth_neighbours_plus_thdot_direct,,,,,,,,,,,,,,,0.001952696067187174,0,781,0.0,0.0,,,,,,,,,,,,,,,,,,,,,,,,,,,,,,,,,,,,,,,,,,,,,,,,,,,,,,,,,,,,,,,,,,,,,,,,,,nan,,,,,,,,,,,,,,,
406,2254.8740234375,0.022530077025294304,2.2530077025294304,3998.765928506851,10000,ppo,ppo,crawler,flat,thdot_dth_neighbours_plus_thdot_direct,,,,,,,,,,,,,,,0.002756010368008835,0,781,0.0,0.0,,,,,,,,,,,,,,,,,,,,,,,,,,,,,,,,,,,,,,,,,,,,,,,,,,,,,,,,,,,,,,,,,,,,,,,,,,nan,,,,,,,,,,,,,,,
407,2320.857177734375,0.023183755576610565,2.3183755576610565,4008.9707822799683,10000,ppo,ppo,crawler,flat,thdot_dth_neighbours_plus_thdot_direct,,,,,,,,,,,,,,,0.0031600336448829947,0,781,0.0,0.0,,,,,,,,,,,,,,,,,,,,,,,,,,,,,,,,,,,,,,,,,,,,,,,,,,,,,,,,,,,,,,,,,,,,,,,,,,nan,,,,,,,,,,,,,,,
408,2317.033935546875,0.02314280904829502,2.314280904829502,4018.9383821487427,10000,ppo,ppo,crawler,flat,thdot_dth_neighbours_plus_thdot_direct,,,,,,,,,,,,,,,0.0022649384475159576,0,781,0.0,0.0,,,,,,,,,,,,,,,,,,,,,,,,,,,,,,,,,,,,,,,,,,,,,,,,,,,,,,,,,,,,,,,,,,,,,,,,,,nan,,,,,,,,,,,,,,,
409,2298.895263671875,0.02296287566423416,2.296287566423416,4028.8124055862427,10000,ppo,ppo,crawler,flat,thdot_dth_neighbours_plus_thdot_direct,,,,,,,,,,,,,,,0.002403230192583405,0,781,0.0,0.0,,,,,,,,,,,,,,,,,,,,,,,,,,,,,,,,,,,,,,,,,,,,,,,,,,,,,,,,,,,,,,,,,,,,,,,,,,nan,,,,,,,,,,,,,,,
410,2318.24658203125,0.023159028962254524,2.3159028962254524,4038.190013885498,10000,ppo,ppo,crawler,flat,thdot_dth_neighbours_plus_thdot_direct,,,,,,,,,,,,,,,0.0017913775163555603,0,781,0.0,0.0,,,,,,,,,,,,,,,,,,,,,,,,,,,,,,,,,,,,,,,,,,,,,,,,,,,,,,,,,,,,,,,,,,,,,,,,,,nan,,,,,,,,,,,,,,,
411,2258.13037109375,0.022560179233551025,2.2560179233551025,4048.200567483902,10000,ppo,ppo,crawler,flat,thdot_dth_neighbours_plus_thdot_direct,,,,,,,,,,,,,,,0.0028674489447398214,0,781,0.0,0.0,,,,,,,,,,,,,,,,,,,,,,,,,,,,,,,,,,,,,,,,,,,,,,,,,,,,,,,,,,,,,,,,,,,,,,,,,,nan,,,,,,,,,,,,,,,
412,2348.758056640625,0.023464113473892212,2.346411347389221,4058.013095855713,10000,ppo,ppo,crawler,flat,thdot_dth_neighbours_plus_thdot_direct,,,,,,,,,,,,,,,0.0014845647094935046,0,781,0.0,0.0,,,,,,,,,,,,,,,,,,,,,,,,,,,,,,,,,,,,,,,,,,,,,,,,,,,,,,,,,,,,,,,,,,,,,,,,,,nan,,,,,,,,,,,,,,,
413,2236.262451171875,0.022336648777127266,2.2336648777127266,4067.8394498825073,10000,ppo,ppo,crawler,flat,thdot_dth_neighbours_plus_thdot_direct,,,,,,,,,,,,,,,0.0016954214642630361,0,781,0.0,0.0,,,,,,,,,,,,,,,,,,,,,,,,,,,,,,,,,,,,,,,,,,,,,,,,,,,,,,,,,,,,,,,,,,,,,,,,,,nan,,,,,,,,,,,,,,,
414,2347.493896484375,0.023449571803212166,2.3449571803212166,4077.578570842743,10000,ppo,ppo,crawler,flat,thdot_dth_neighbours_plus_thdot_direct,,,,,,,,,,,,,,,0.0020689331540206146,0,781,0.0,0.0,,,,,,,,,,,,,,,,,,,,,,,,,,,,,,,,,,,,,,,,,,,,,,,,,,,,,,,,,,,,,,,,,,,,,,,,,,nan,,,,,,,,,,,,,,,
415,2260.228515625,0.022580856457352638,2.258085645735264,4087.4132351875305,10000,ppo,ppo,crawler,flat,thdot_dth_neighbours_plus_thdot_direct,,,,,,,,,,,,,,,0.002324841065164038,0,781,0.0,0.0,,,,,,,,,,,,,,,,,,,,,,,,,,,,,,,,,,,,,,,,,,,,,,,,,,,,,,,,,,,,,,,,,,,,,,,,,,nan,,,,,,,,,,,,,,,
416,2284.442626953125,0.022820651531219482,2.2820651531219482,4097.252390384674,10000,ppo,ppo,crawler,flat,thdot_dth_neighbours_plus_thdot_direct,,,,,,,,,,,,,,,0.0018359844636716947,0,781,0.0,0.0,,,,,,,,,,,,,,,,,,,,,,,,,,,,,,,,,,,,,,,,,,,,,,,,,,,,,,,,,,,,,,,,,,,,,,,,,,nan,,,,,,,,,,,,,,,
417,2345.8603515625,0.023433661088347435,2.3433661088347435,4107.054269075394,10000,ppo,ppo,crawler,flat,thdot_dth_neighbours_plus_thdot_direct,,,,,,,,,,,,,,,0.0023979362233158322,0,781,0.0,0.0,,,,,,,,,,,,,,,,,,,,,,,,,,,,,,,,,,,,,,,,,,,,,,,,,,,,,,,,,,,,,,,,,,,,,,,,,,nan,,,,,,,,,,,,,,,
418,2277.41015625,0.022749079391360283,2.2749079391360283,4116.983437776566,10000,ppo,ppo,crawler,flat,thdot_dth_neighbours_plus_thdot_direct,,,,,,,,,,,,,,,0.0018622059485260158,0,781,0.0,0.0,,,,,,,,,,,,,,,,,,,,,,,,,,,,,,,,,,,,,,,,,,,,,,,,,,,,,,,,,,,,,,,,,,,,,,,,,,nan,,,,,,,,,,,,,,,
419,2201.05908203125,0.021983949467539787,2.1983949467539787,4126.858945608139,10000,ppo,ppo,crawler,flat,thdot_dth_neighbours_plus_thdot_direct,,,,,,,,,,,,,,,0.0016870968354483812,0,781,0.0,0.0,,,,,,,,,,,,,,,,,,,,,,,,,,,,,,,,,,,,,,,,,,,,,,,,,,,,,,,,,,,,,,,,,,,,,,,,,,nan,,,,,,,,,,,,,,,
420,2236.481201171875,0.022339997813105583,2.2339997813105583,4136.642868518829,10000,ppo,ppo,crawler,flat,thdot_dth_neighbours_plus_thdot_direct,,,,,,,,,,,,,,,0.00291334711496155,0,781,0.0,0.0,,,,,,,,,,,,,,,,,,,,,,,,,,,,,,,,,,,,,,,,,,,,,,,,,,,,,,,,,,,,,,,,,,,,,,,,,,nan,,,,,,,,,,,,,,,
421,2219.051513671875,0.02216791920363903,2.216791920363903,4146.365415096283,10000,ppo,ppo,crawler,flat,thdot_dth_neighbours_plus_thdot_direct,,,,,,,,,,,,,,,0.001954411228789689,0,781,0.0,0.0,,,,,,,,,,,,,,,,,,,,,,,,,,,,,,,,,,,,,,,,,,,,,,,,,,,,,,,,,,,,,,,,,,,,,,,,,,nan,,,,,,,,,,,,,,,
422,2155.524169921875,0.021531397476792336,2.1531397476792336,4155.913401842117,10000,ppo,ppo,crawler,flat,thdot_dth_neighbours_plus_thdot_direct,,,,,,,,,,,,,,,0.003723803926485628,0,781,0.0,0.0,,,,,,,,,,,,,,,,,,,,,,,,,,,,,,,,,,,,,,,,,,,,,,,,,,,,,,,,,,,,,,,,,,,,,,,,,,nan,,,,,,,,,,,,,,,
423,2197.831787109375,0.02195354923605919,2.195354923605919,4165.528466939926,10000,ppo,ppo,crawler,flat,thdot_dth_neighbours_plus_thdot_direct,,,,,,,,,,,,,,,0.002054356371810544,0,781,0.0,0.0,,,,,,,,,,,,,,,,,,,,,,,,,,,,,,,,,,,,,,,,,,,,,,,,,,,,,,,,,,,,,,,,,,,,,,,,,,nan,,,,,,,,,,,,,,,
424,2338.780517578125,0.02336370199918747,2.336370199918747,4175.056309938431,10000,ppo,ppo,crawler,flat,thdot_dth_neighbours_plus_thdot_direct,,,,,,,,,,,,,,,0.0018868380585525617,0,781,0.0,0.0,,,,,,,,,,,,,,,,,,,,,,,,,,,,,,,,,,,,,,,,,,,,,,,,,,,,,,,,,,,,,,,,,,,,,,,,,,nan,,,,,,,,,,,,,,,
425,2263.16796875,0.02261037938296795,2.261037938296795,4185.120644330978,10000,ppo,ppo,crawler,flat,thdot_dth_neighbours_plus_thdot_direct,,,,,,,,,,,,,,,0.0033121282321843235,0,781,0.0,0.0,,,,,,,,,,,,,,,,,,,,,,,,,,,,,,,,,,,,,,,,,,,,,,,,,,,,,,,,,,,,,,,,,,,,,,,,,,nan,,,,,,,,,,,,,,,
426,2342.79443359375,0.023404205217957497,2.3404205217957497,4194.759155750275,10000,ppo,ppo,crawler,flat,thdot_dth_neighbours_plus_thdot_direct,,,,,,,,,,,,,,,0.00195359599190337,0,781,0.0,0.0,,,,,,,,,,,,,,,,,,,,,,,,,,,,,,,,,,,,,,,,,,,,,,,,,,,,,,,,,,,,,,,,,,,,,,,,,,nan,,,,,,,,,,,,,,,
427,2381.4990234375,0.02379206009209156,2.379206009209156,4204.044331789017,10000,ppo,ppo,crawler,flat,thdot_dth_neighbours_plus_thdot_direct,,,,,,,,,,,,,,,0.002490225101703757,0,781,0.0,0.0,,,,,,,,,,,,,,,,,,,,,,,,,,,,,,,,,,,,,,,,,,,,,,,,,,,,,,,,,,,,,,,,,,,,,,,,,,nan,,,,,,,,,,,,,,,
428,2281.857177734375,0.022791067138314247,2.2791067138314247,4213.91476225853,10000,ppo,ppo,crawler,flat,thdot_dth_neighbours_plus_thdot_direct,,,,,,,,,,,,,,,0.001911856473072776,0,781,0.0,0.0,,,,,,,,,,,,,,,,,,,,,,,,,,,,,,,,,,,,,,,,,,,,,,,,,,,,,,,,,,,,,,,,,,,,,,,,,,nan,,,,,,,,,,,,,,,
429,2394.455810546875,0.02391827292740345,2.391827292740345,4223.533877849579,10000,ppo,ppo,crawler,flat,thdot_dth_neighbours_plus_thdot_direct,,,,,,,,,,,,,,,0.0016526823589621778,0,781,0.0,0.0,,,,,,,,,,,,,,,,,,,,,,,,,,,,,,,,,,,,,,,,,,,,,,,,,,,,,,,,,,,,,,,,,,,,,,,,,,nan,,,,,,,,,,,,,,,
430,2356.153076171875,0.02353827841579914,2.353827841579914,4233.335507392883,10000,ppo,ppo,crawler,flat,thdot_dth_neighbours_plus_thdot_direct,,,,,,,,,,,,,,,0.002589716526489907,0,781,0.0,0.0,,,,,,,,,,,,,,,,,,,,,,,,,,,,,,,,,,,,,,,,,,,,,,,,,,,,,,,,,,,,,,,,,,,,,,,,,,nan,,,,,,,,,,,,,,,
431,2408.109130859375,0.02405242621898651,2.405242621898651,4242.980003833771,10000,ppo,ppo,crawler,flat,thdot_dth_neighbours_plus_thdot_direct,,,,,,,,,,,,,,,0.0025230208636968037,0,781,0.0,0.0,,,,,,,,,,,,,,,,,,,,,,,,,,,,,,,,,,,,,,,,,,,,,,,,,,,,,,,,,,,,,,,,,,,,,,,,,,nan,,,,,,,,,,,,,,,
432,2406.34130859375,0.024036312475800514,2.4036312475800514,4252.661393165588,10000,ppo,ppo,crawler,flat,thdot_dth_neighbours_plus_thdot_direct,,,,,,,,,,,,,,,0.0018649636629172912,0,781,0.0,0.0,,,,,,,,,,,,,,,,,,,,,,,,,,,,,,,,,,,,,,,,,,,,,,,,,,,,,,,,,,,,,,,,,,,,,,,,,,nan,,,,,,,,,,,,,,,
433,2464.654296875,0.0246199369430542,2.46199369430542,4262.931932687759,10000,ppo,ppo,crawler,flat,thdot_dth_neighbours_plus_thdot_direct,,,,,,,,,,,,,,,0.0014548371011396297,0,781,0.0,0.0,,,,,,,,,,,,,,,,,,,,,,,,,,,,,,,,,,,,,,,,,,,,,,,,,,,,,,,,,,,,,,,,,,,,,,,,,,nan,,,,,,,,,,,,,,,
434,2407.97705078125,0.024054955691099167,2.4054955691099167,4272.7095782756805,10000,ppo,ppo,crawler,flat,thdot_dth_neighbours_plus_thdot_direct,,,,,,,,,,,,,,,0.002068313589979682,0,781,0.0,0.0,,,,,,,,,,,,,,,,,,,,,,,,,,,,,,,,,,,,,,,,,,,,,,,,,,,,,,,,,,,,,,,,,,,,,,,,,,nan,,,,,,,,,,,,,,,
435,2368.02978515625,0.023652292788028717,2.3652292788028717,4282.680626869202,10000,ppo,ppo,crawler,flat,thdot_dth_neighbours_plus_thdot_direct,,,,,,,,,,,,,,,0.0015977808131544446,0,781,0.0,0.0,,,,,,,,,,,,,,,,,,,,,,,,,,,,,,,,,,,,,,,,,,,,,,,,,,,,,,,,,,,,,,,,,,,,,,,,,,nan,,,,,,,,,,,,,,,
436,2370.334716796875,0.02367710880935192,2.367710880935192,4292.593181371689,10000,ppo,ppo,crawler,flat,thdot_dth_neighbours_plus_thdot_direct,,,,,,,,,,,,,,,0.001567875216188579,0,781,0.0,0.0,,,,,,,,,,,,,,,,,,,,,,,,,,,,,,,,,,,,,,,,,,,,,,,,,,,,,,,,,,,,,,,,,,,,,,,,,,nan,,,,,,,,,,,,,,,
437,2443.072021484375,0.024405699223279953,2.4405699223279953,4302.526715993881,10000,ppo,ppo,crawler,flat,thdot_dth_neighbours_plus_thdot_direct,,,,,,,,,,,,,,,0.0018251479579615452,0,781,0.0,0.0,,,,,,,,,,,,,,,,,,,,,,,,,,,,,,,,,,,,,,,,,,,,,,,,,,,,,,,,,,,,,,,,,,,,,,,,,,nan,,,,,,,,,,,,,,,
438,2329.65185546875,0.023271266371011734,2.3271266371011734,4312.4723508358,10000,ppo,ppo,crawler,flat,thdot_dth_neighbours_plus_thdot_direct,,,,,,,,,,,,,,,0.003070231584939933,0,781,0.0,0.0,,,,,,,,,,,,,,,,,,,,,,,,,,,,,,,,,,,,,,,,,,,,,,,,,,,,,,,,,,,,,,,,,,,,,,,,,,nan,,,,,,,,,,,,,,,
439,2363.551513671875,0.023613331839442253,2.3613331839442253,4322.081969738007,10000,ppo,ppo,crawler,flat,thdot_dth_neighbours_plus_thdot_direct,,,,,,,,,,,,,,,0.0018476997956438427,0,781,0.0,0.0,,,,,,,,,,,,,,,,,,,,,,,,,,,,,,,,,,,,,,,,,,,,,,,,,,,,,,,,,,,,,,,,,,,,,,,,,,nan,,,,,,,,,,,,,,,
440,2419.5390625,0.02417074143886566,2.417074143886566,4332.231748580933,10000,ppo,ppo,crawler,flat,thdot_dth_neighbours_plus_thdot_direct,,,,,,,,,,,,,,,0.0023837605380492223,0,781,0.0,0.0,,,,,,,,,,,,,,,,,,,,,,,,,,,,,,,,,,,,,,,,,,,,,,,,,,,,,,,,,,,,,,,,,,,,,,,,,,nan,,,,,,,,,,,,,,,
441,2404.12255859375,0.024014629423618317,2.4014629423618317,4342.084488868713,10000,ppo,ppo,crawler,flat,thdot_dth_neighbours_plus_thdot_direct,,,,,,,,,,,,,,,0.00159715458491598,0,781,0.0,0.0,,,,,,,,,,,,,,,,,,,,,,,,,,,,,,,,,,,,,,,,,,,,,,,,,,,,,,,,,,,,,,,,,,,,,,,,,,nan,,,,,,,,,,,,,,,
442,2352.97265625,0.023505428805947304,2.3505428805947304,4351.616329431534,10000,ppo,ppo,crawler,flat,thdot_dth_neighbours_plus_thdot_direct,,,,,,,,,,,,,,,0.001445260389377887,0,781,0.0,0.0,,,,,,,,,,,,,,,,,,,,,,,,,,,,,,,,,,,,,,,,,,,,,,,,,,,,,,,,,,,,,,,,,,,,,,,,,,nan,,,,,,,,,,,,,,,
443,2289.114013671875,0.02286919765174389,2.286919765174389,4361.361501455307,10000,ppo,ppo,crawler,flat,thdot_dth_neighbours_plus_thdot_direct,,,,,,,,,,,,,,,0.002275617422456958,0,781,0.0,0.0,,,,,,,,,,,,,,,,,,,,,,,,,,,,,,,,,,,,,,,,,,,,,,,,,,,,,,,,,,,,,,,,,,,,,,,,,,nan,,,,,,,,,,,,,,,
444,2394.20849609375,0.023916292935609818,2.3916292935609818,4371.129719257355,10000,ppo,ppo,crawler,flat,thdot_dth_neighbours_plus_thdot_direct,,,,,,,,,,,,,,,0.0017994886968691597,0,781,0.0,0.0,,,,,,,,,,,,,,,,,,,,,,,,,,,,,,,,,,,,,,,,,,,,,,,,,,,,,,,,,,,,,,,,,,,,,,,,,,nan,,,,,,,,,,,,,,,
445,2385.0537109375,0.023828566074371338,2.382856607437134,4380.926172733307,10000,ppo,ppo,crawler,flat,thdot_dth_neighbours_plus_thdot_direct,,,,,,,,,,,,,,,0.0009578065388441957,0,781,0.0,0.0,,,,,,,,,,,,,,,,,,,,,,,,,,,,,,,,,,,,,,,,,,,,,,,,,,,,,,,,,,,,,,,,,,,,,,,,,,nan,,,,,,,,,,,,,,,
446,2411.3486328125,0.02408416010439396,2.408416010439396,4390.980695724487,10000,ppo,ppo,crawler,flat,thdot_dth_neighbours_plus_thdot_direct,,,,,,,,,,,,,,,0.0013063777164797755,0,781,0.0,0.0,,,,,,,,,,,,,,,,,,,,,,,,,,,,,,,,,,,,,,,,,,,,,,,,,,,,,,,,,,,,,,,,,,,,,,,,,,nan,,,,,,,,,,,,,,,
447,2378.7373046875,0.023759646341204643,2.3759646341204643,4400.612192869186,10000,ppo,ppo,crawler,flat,thdot_dth_neighbours_plus_thdot_direct,,,,,,,,,,,,,,,0.002682537591030351,0,781,0.0,0.0,,,,,,,,,,,,,,,,,,,,,,,,,,,,,,,,,,,,,,,,,,,,,,,,,,,,,,,,,,,,,,,,,,,,,,,,,,nan,,,,,,,,,,,,,,,
448,2371.271240234375,0.023687776178121567,2.3687776178121567,4410.558480501175,10000,ppo,ppo,crawler,flat,thdot_dth_neighbours_plus_thdot_direct,,,,,,,,,,,,,,,0.0018788242149865035,0,781,0.0,0.0,,,,,,,,,,,,,,,,,,,,,,,,,,,,,,,,,,,,,,,,,,,,,,,,,,,,,,,,,,,,,,,,,,,,,,,,,,nan,,,,,,,,,,,,,,,
449,2290.757568359375,0.022886430844664574,2.2886430844664574,4420.318614959717,10000,ppo,ppo,crawler,flat,thdot_dth_neighbours_plus_thdot_direct,,,,,,,,,,,,,,,0.0010364711901158844,0,781,0.0,0.0,,,,,,,,,,,,,,,,,,,,,,,,,,,,,,,,,,,,,,,,,,,,,,,,,,,,,,,,,,,,,,,,,,,,,,,,,,nan,,,,,,,,,,,,,,,
450,2343.28369140625,0.02340720407664776,2.340720407664776,4430.045013666153,10000,ppo,ppo,crawler,flat,thdot_dth_neighbours_plus_thdot_direct,,,,,,,,,,,,,,,0.0021300310663713022,0,781,0.0,0.0,,,,,,,,,,,,,,,,,,,,,,,,,,,,,,,,,,,,,,,,,,,,,,,,,,,,,,,,,,,,,,,,,,,,,,,,,,nan,,,,,,,,,,,,,,,
451,2284.43359375,0.02281987853348255,2.281987853348255,4440.317132472992,10000,ppo,ppo,crawler,flat,thdot_dth_neighbours_plus_thdot_direct,,,,,,,,,,,,,,,0.0016077680228449417,0,781,0.0,0.0,,,,,,,,,,,,,,,,,,,,,,,,,,,,,,,,,,,,,,,,,,,,,,,,,,,,,,,,,,,,,,,,,,,,,,,,,,nan,,,,,,,,,,,,,,,
452,2351.557373046875,0.023491427302360535,2.3491427302360535,4449.856924533844,10000,ppo,ppo,crawler,flat,thdot_dth_neighbours_plus_thdot_direct,,,,,,,,,,,,,,,0.0016335757473172397,0,781,0.0,0.0,,,,,,,,,,,,,,,,,,,,,,,,,,,,,,,,,,,,,,,,,,,,,,,,,,,,,,,,,,,,,,,,,,,,,,,,,,nan,,,,,,,,,,,,,,,
453,2384.05078125,0.023815060034394264,2.3815060034394264,4460.178349971771,10000,ppo,ppo,crawler,flat,thdot_dth_neighbours_plus_thdot_direct,,,,,,,,,,,,,,,0.0020772054257776245,0,781,0.0,0.0,,,,,,,,,,,,,,,,,,,,,,,,,,,,,,,,,,,,,,,,,,,,,,,,,,,,,,,,,,,,,,,,,,,,,,,,,,nan,,,,,,,,,,,,,,,
454,2346.114990234375,0.023438308387994766,2.3438308387994766,4469.998482704163,10000,ppo,ppo,crawler,flat,thdot_dth_neighbours_plus_thdot_direct,,,,,,,,,,,,,,,0.0025818002951841193,0,781,0.0,0.0,,,,,,,,,,,,,,,,,,,,,,,,,,,,,,,,,,,,,,,,,,,,,,,,,,,,,,,,,,,,,,,,,,,,,,,,,,nan,,,,,,,,,,,,,,,
455,2303.126953125,0.023007430136203766,2.3007430136203766,4479.744940519333,10000,ppo,ppo,crawler,flat,thdot_dth_neighbours_plus_thdot_direct,,,,,,,,,,,,,,,0.0033762738188625064,0,781,0.0,0.0,,,,,,,,,,,,,,,,,,,,,,,,,,,,,,,,,,,,,,,,,,,,,,,,,,,,,,,,,,,,,,,,,,,,,,,,,,nan,,,,,,,,,,,,,,,
456,2415.62939453125,0.02412932924926281,2.412932924926281,4489.775258541107,10000,ppo,ppo,crawler,flat,thdot_dth_neighbours_plus_thdot_direct,,,,,,,,,,,,,,,0.0013389197713862227,0,781,0.0,0.0,,,,,,,,,,,,,,,,,,,,,,,,,,,,,,,,,,,,,,,,,,,,,,,,,,,,,,,,,,,,,,,,,,,,,,,,,,nan,,,,,,,,,,,,,,,
457,2335.244873046875,0.023327242583036423,2.3327242583036423,4499.332195997238,10000,ppo,ppo,crawler,flat,thdot_dth_neighbours_plus_thdot_direct,,,,,,,,,,,,,,,0.0016428287453731122,0,781,0.0,0.0,,,,,,,,,,,,,,,,,,,,,,,,,,,,,,,,,,,,,,,,,,,,,,,,,,,,,,,,,,,,,,,,,,,,,,,,,,nan,,,,,,,,,,,,,,,
458,2429.55126953125,0.024270659312605858,2.427065931260586,4509.726923704147,10000,ppo,ppo,crawler,flat,thdot_dth_neighbours_plus_thdot_direct,,,,,,,,,,,,,,,0.0015596455478700314,0,781,0.0,0.0,,,,,,,,,,,,,,,,,,,,,,,,,,,,,,,,,,,,,,,,,,,,,,,,,,,,,,,,,,,,,,,,,,,,,,,,,,nan,,,,,,,,,,,,,,,
459,2413.165771484375,0.024104434996843338,2.410443499684334,4519.663328886032,10000,ppo,ppo,crawler,flat,thdot_dth_neighbours_plus_thdot_direct,,,,,,,,,,,,,,,0.0013762397323044645,0,781,0.0,0.0,,,,,,,,,,,,,,,,,,,,,,,,,,,,,,,,,,,,,,,,,,,,,,,,,,,,,,,,,,,,,,,,,,,,,,,,,,nan,,,,,,,,,,,,,,,
460,2458.738525390625,0.024563368409872055,2.4563368409872055,4529.310077428818,10000,ppo,ppo,crawler,flat,thdot_dth_neighbours_plus_thdot_direct,,,,,,,,,,,,,,,0.0014177446420259728,0,781,0.0,0.0,,,,,,,,,,,,,,,,,,,,,,,,,,,,,,,,,,,,,,,,,,,,,,,,,,,,,,,,,,,,,,,,,,,,,,,,,,nan,,,,,,,,,,,,,,,
461,2413.02392578125,0.024103974923491478,2.410397492349148,4539.392322540283,10000,ppo,ppo,crawler,flat,thdot_dth_neighbours_plus_thdot_direct,,,,,,,,,,,,,,,0.0015713551885114094,0,781,0.0,0.0,,,,,,,,,,,,,,,,,,,,,,,,,,,,,,,,,,,,,,,,,,,,,,,,,,,,,,,,,,,,,,,,,,,,,,,,,,nan,,,,,,,,,,,,,,,
462,2457.64013671875,0.02454923652112484,2.454923652112484,4549.337368011475,10000,ppo,ppo,crawler,flat,thdot_dth_neighbours_plus_thdot_direct,,,,,,,,,,,,,,,0.00135986095770878,0,781,0.0,0.0,,,,,,,,,,,,,,,,,,,,,,,,,,,,,,,,,,,,,,,,,,,,,,,,,,,,,,,,,,,,,,,,,,,,,,,,,,nan,,,,,,,,,,,,,,,
463,2492.030029296875,0.024892201647162437,2.4892201647162437,4559.443695783615,10000,ppo,ppo,crawler,flat,thdot_dth_neighbours_plus_thdot_direct,,,,,,,,,,,,,,,0.0017031904103826767,0,781,0.0,0.0,,,,,,,,,,,,,,,,,,,,,,,,,,,,,,,,,,,,,,,,,,,,,,,,,,,,,,,,,,,,,,,,,,,,,,,,,,nan,,,,,,,,,,,,,,,
464,2467.48046875,0.024646926671266556,2.4646926671266556,4569.574307918549,10000,ppo,ppo,crawler,flat,thdot_dth_neighbours_plus_thdot_direct,,,,,,,,,,,,,,,0.0018345800756375682,0,781,0.0,0.0,,,,,,,,,,,,,,,,,,,,,,,,,,,,,,,,,,,,,,,,,,,,,,,,,,,,,,,,,,,,,,,,,,,,,,,,,,nan,,,,,,,,,,,,,,,
465,2525.836181640625,0.02523297443985939,2.523297443985939,4579.178594589233,10000,ppo,ppo,crawler,flat,thdot_dth_neighbours_plus_thdot_direct,,,,,,,,,,,,,,,0.0017335411819356572,0,781,0.0,0.0,,,,,,,,,,,,,,,,,,,,,,,,,,,,,,,,,,,,,,,,,,,,,,,,,,,,,,,,,,,,,,,,,,,,,,,,,,nan,,,,,,,,,,,,,,,
466,2462.87158203125,0.024604525417089462,2.4604525417089462,4589.198686361313,10000,ppo,ppo,crawler,flat,thdot_dth_neighbours_plus_thdot_direct,,,,,,,,,,,,,,,0.001781953130115206,0,781,0.0,0.0,,,,,,,,,,,,,,,,,,,,,,,,,,,,,,,,,,,,,,,,,,,,,,,,,,,,,,,,,,,,,,,,,,,,,,,,,,nan,,,,,,,,,,,,,,,
467,2484.825439453125,0.024823175743222237,2.4823175743222237,4598.906410217285,10000,ppo,ppo,crawler,flat,thdot_dth_neighbours_plus_thdot_direct,,,,,,,,,,,,,,,0.0015906828485075786,0,781,0.0,0.0,,,,,,,,,,,,,,,,,,,,,,,,,,,,,,,,,,,,,,,,,,,,,,,,,,,,,,,,,,,,,,,,,,,,,,,,,,nan,,,,,,,,,,,,,,,
468,2445.067626953125,0.024424968287348747,2.4424968287348747,4608.744070053101,10000,ppo,ppo,crawler,flat,thdot_dth_neighbours_plus_thdot_direct,,,,,,,,,,,,,,,0.0013908027161403046,0,781,0.0,0.0,,,,,,,,,,,,,,,,,,,,,,,,,,,,,,,,,,,,,,,,,,,,,,,,,,,,,,,,,,,,,,,,,,,,,,,,,,nan,,,,,,,,,,,,,,,
469,2452.240478515625,0.024492837488651276,2.4492837488651276,4618.826991081238,10000,ppo,ppo,crawler,flat,thdot_dth_neighbours_plus_thdot_direct,,,,,,,,,,,,,,,0.0014286908001530853,0,781,0.0,0.0,,,,,,,,,,,,,,,,,,,,,,,,,,,,,,,,,,,,,,,,,,,,,,,,,,,,,,,,,,,,,,,,,,,,,,,,,,nan,,,,,,,,,,,,,,,
470,2357.33544921875,0.023549184203147888,2.354918420314789,4628.487391471863,10000,ppo,ppo,crawler,flat,thdot_dth_neighbours_plus_thdot_direct,,,,,,,,,,,,,,,0.0016538953939699555,0,781,0.0,0.0,,,,,,,,,,,,,,,,,,,,,,,,,,,,,,,,,,,,,,,,,,,,,,,,,,,,,,,,,,,,,,,,,,,,,,,,,,nan,,,,,,,,,,,,,,,
471,2400.034423828125,0.023975111544132233,2.3975111544132233,4638.513563871384,10000,ppo,ppo,crawler,flat,thdot_dth_neighbours_plus_thdot_direct,,,,,,,,,,,,,,,0.0015748742777198315,0,781,0.0,0.0,,,,,,,,,,,,,,,,,,,,,,,,,,,,,,,,,,,,,,,,,,,,,,,,,,,,,,,,,,,,,,,,,,,,,,,,,,nan,,,,,,,,,,,,,,,
472,2455.31298828125,0.02452637255191803,2.452637255191803,4648.261347293854,10000,ppo,ppo,crawler,flat,thdot_dth_neighbours_plus_thdot_direct,,,,,,,,,,,,,,,0.0021577885469764246,0,781,0.0,0.0,,,,,,,,,,,,,,,,,,,,,,,,,,,,,,,,,,,,,,,,,,,,,,,,,,,,,,,,,,,,,,,,,,,,,,,,,,nan,,,,,,,,,,,,,,,
473,2508.314697265625,0.025057563558220863,2.5057563558220863,4658.279772758484,10000,ppo,ppo,crawler,flat,thdot_dth_neighbours_plus_thdot_direct,,,,,,,,,,,,,,,0.0015192083121970134,0,781,0.0,0.0,,,,,,,,,,,,,,,,,,,,,,,,,,,,,,,,,,,,,,,,,,,,,,,,,,,,,,,,,,,,,,,,,,,,,,,,,,nan,,,,,,,,,,,,,,,
474,2354.009033203125,0.02351415902376175,2.351415902376175,4668.3372967243195,10000,ppo,ppo,crawler,flat,thdot_dth_neighbours_plus_thdot_direct,,,,,,,,,,,,,,,0.0012478693242874575,0,781,0.0,0.0,,,,,,,,,,,,,,,,,,,,,,,,,,,,,,,,,,,,,,,,,,,,,,,,,,,,,,,,,,,,,,,,,,,,,,,,,,nan,,,,,,,,,,,,,,,
475,2507.591552734375,0.025054659694433212,2.5054659694433212,4678.009546756744,10000,ppo,ppo,crawler,flat,thdot_dth_neighbours_plus_thdot_direct,,,,,,,,,,,,,,,0.0014453641988112836,0,781,0.0,0.0,,,,,,,,,,,,,,,,,,,,,,,,,,,,,,,,,,,,,,,,,,,,,,,,,,,,,,,,,,,,,,,,,,,,,,,,,,nan,,,,,,,,,,,,,,,
476,2430.200927734375,0.024273209273815155,2.4273209273815155,4687.681151866913,10000,ppo,ppo,crawler,flat,thdot_dth_neighbours_plus_thdot_direct,,,,,,,,,,,,,,,0.0018968428798854433,0,781,0.0,0.0,,,,,,,,,,,,,,,,,,,,,,,,,,,,,,,,,,,,,,,,,,,,,,,,,,,,,,,,,,,,,,,,,,,,,,,,,,nan,,,,,,,,,,,,,,,
477,2519.326171875,0.025165684521198273,2.5165684521198273,4697.705917358398,10000,ppo,ppo,crawler,flat,thdot_dth_neighbours_plus_thdot_direct,,,,,,,,,,,,,,,0.002075486340846707,0,781,0.0,0.0,,,,,,,,,,,,,,,,,,,,,,,,,,,,,,,,,,,,,,,,,,,,,,,,,,,,,,,,,,,,,,,,,,,,,,,,,,nan,,,,,,,,,,,,,,,
478,2493.185546875,0.02490643784403801,2.490643784403801,4707.335418224335,10000,ppo,ppo,crawler,flat,thdot_dth_neighbours_plus_thdot_direct,,,,,,,,,,,,,,,0.0020621521127375886,0,781,0.0,0.0,,,,,,,,,,,,,,,,,,,,,,,,,,,,,,,,,,,,,,,,,,,,,,,,,,,,,,,,,,,,,,,,,,,,,,,,,,nan,,,,,,,,,,,,,,,
479,2527.21728515625,0.025246795266866684,2.5246795266866684,4717.225374698639,10000,ppo,ppo,crawler,flat,thdot_dth_neighbours_plus_thdot_direct,,,,,,,,,,,,,,,0.0026632287392632124,0,781,0.0,0.0,,,,,,,,,,,,,,,,,,,,,,,,,,,,,,,,,,,,,,,,,,,,,,,,,,,,,,,,,,,,,,,,,,,,,,,,,,nan,,,,,,,,,,,,,,,
480,2544.322265625,0.025417016819119453,2.5417016819119453,4727.025010347366,10000,ppo,ppo,crawler,flat,thdot_dth_neighbours_plus_thdot_direct,,,,,,,,,,,,,,,0.0017870385808331514,0,781,0.0,0.0,,,,,,,,,,,,,,,,,,,,,,,,,,,,,,,,,,,,,,,,,,,,,,,,,,,,,,,,,,,,,,,,,,,,,,,,,,nan,,,,,,,,,,,,,,,
481,2501.17431640625,0.0249838437885046,2.49838437885046,4736.93631196022,10000,ppo,ppo,crawler,flat,thdot_dth_neighbours_plus_thdot_direct,,,,,,,,,,,,,,,0.00224204282539096,0,781,0.0,0.0,,,,,,,,,,,,,,,,,,,,,,,,,,,,,,,,,,,,,,,,,,,,,,,,,,,,,,,,,,,,,,,,,,,,,,,,,,nan,,,,,,,,,,,,,,,
482,2537.947021484375,0.025353023782372475,2.5353023782372475,4746.711873531342,10000,ppo,ppo,crawler,flat,thdot_dth_neighbours_plus_thdot_direct,,,,,,,,,,,,,,,0.00138015124634678,0,781,0.0,0.0,,,,,,,,,,,,,,,,,,,,,,,,,,,,,,,,,,,,,,,,,,,,,,,,,,,,,,,,,,,,,,,,,,,,,,,,,,nan,,,,,,,,,,,,,,,
483,2516.421630859375,0.025140821933746338,2.514082193374634,4756.2242159843445,10000,ppo,ppo,crawler,flat,thdot_dth_neighbours_plus_thdot_direct,,,,,,,,,,,,,,,0.001365607407026401,0,781,0.0,0.0,,,,,,,,,,,,,,,,,,,,,,,,,,,,,,,,,,,,,,,,,,,,,,,,,,,,,,,,,,,,,,,,,,,,,,,,,,nan,,,,,,,,,,,,,,,
484,2484.1298828125,0.024813473224639893,2.4813473224639893,4766.241929292679,10000,ppo,ppo,crawler,flat,thdot_dth_neighbours_plus_thdot_direct,,,,,,,,,,,,,,,0.0024661272042549253,0,781,0.0,0.0,,,,,,,,,,,,,,,,,,,,,,,,,,,,,,,,,,,,,,,,,,,,,,,,,,,,,,,,,,,,,,,,,,,,,,,,,,nan,,,,,,,,,,,,,,,
485,2551.265380859375,0.025486068800091743,2.5486068800091743,4775.656751394272,10000,ppo,ppo,crawler,flat,thdot_dth_neighbours_plus_thdot_direct,,,,,,,,,,,,,,,0.0013152615946912354,0,781,0.0,0.0,,,,,,,,,,,,,,,,,,,,,,,,,,,,,,,,,,,,,,,,,,,,,,,,,,,,,,,,,,,,,,,,,,,,,,,,,,nan,,,,,,,,,,,,,,,
486,2540.881591796875,0.025383170694112778,2.5383170694112778,4785.589069366455,10000,ppo,ppo,crawler,flat,thdot_dth_neighbours_plus_thdot_direct,,,,,,,,,,,,,,,0.0017607633160918498,0,781,0.0,0.0,,,,,,,,,,,,,,,,,,,,,,,,,,,,,,,,,,,,,,,,,,,,,,,,,,,,,,,,,,,,,,,,,,,,,,,,,,nan,,,,,,,,,,,,,,,
487,2547.119140625,0.025444792583584785,2.5444792583584785,4795.151706695557,10000,ppo,ppo,crawler,flat,thdot_dth_neighbours_plus_thdot_direct,,,,,,,,,,,,,,,0.0014976474760060017,0,781,0.0,0.0,,,,,,,,,,,,,,,,,,,,,,,,,,,,,,,,,,,,,,,,,,,,,,,,,,,,,,,,,,,,,,,,,,,,,,,,,,nan,,,,,,,,,,,,,,,
488,2600.485595703125,0.025979531928896904,2.5979531928896904,4804.8642382621765,10000,ppo,ppo,crawler,flat,thdot_dth_neighbours_plus_thdot_direct,,,,,,,,,,,,,,,0.0012472926754003397,0,781,0.0,0.0,,,,,,,,,,,,,,,,,,,,,,,,,,,,,,,,,,,,,,,,,,,,,,,,,,,,,,,,,,,,,,,,,,,,,,,,,,nan,,,,,,,,,,,,,,,
489,2536.875732421875,0.02534102462232113,2.534102462232113,4814.753966093063,10000,ppo,ppo,crawler,flat,thdot_dth_neighbours_plus_thdot_direct,,,,,,,,,,,,,,,0.0018181334892637953,0,781,0.0,0.0,,,,,,,,,,,,,,,,,,,,,,,,,,,,,,,,,,,,,,,,,,,,,,,,,,,,,,,,,,,,,,,,,,,,,,,,,,nan,,,,,,,,,,,,,,,
490,2526.113037109375,0.025231746956706047,2.5231746956706047,4824.159703016281,10000,ppo,ppo,crawler,flat,thdot_dth_neighbours_plus_thdot_direct,,,,,,,,,,,,,,,0.0014306319324258279,0,781,0.0,0.0,,,,,,,,,,,,,,,,,,,,,,,,,,,,,,,,,,,,,,,,,,,,,,,,,,,,,,,,,,,,,,,,,,,,,,,,,,nan,,,,,,,,,,,,,,,
491,2562.643310546875,0.025601143017411232,2.560114301741123,4834.346319437027,10000,ppo,ppo,crawler,flat,thdot_dth_neighbours_plus_thdot_direct,,,,,,,,,,,,,,,0.0015556578669806437,0,781,0.0,0.0,,,,,,,,,,,,,,,,,,,,,,,,,,,,,,,,,,,,,,,,,,,,,,,,,,,,,,,,,,,,,,,,,,,,,,,,,,nan,,,,,,,,,,,,,,,
492,2651.189208984375,0.02648395299911499,2.648395299911499,4844.105197668076,10000,ppo,ppo,crawler,flat,thdot_dth_neighbours_plus_thdot_direct,,,,,,,,,,,,,,,0.0016358531878799573,0,781,0.0,0.0,,,,,,,,,,,,,,,,,,,,,,,,,,,,,,,,,,,,,,,,,,,,,,,,,,,,,,,,,,,,,,,,,,,,,,,,,,nan,,,,,,,,,,,,,,,
493,2472.818359375,0.024702295660972595,2.4702295660972595,4853.517884016037,10000,ppo,ppo,crawler,flat,thdot_dth_neighbours_plus_thdot_direct,,,,,,,,,,,,,,,0.0018655657582790034,0,781,0.0,0.0,,,,,,,,,,,,,,,,,,,,,,,,,,,,,,,,,,,,,,,,,,,,,,,,,,,,,,,,,,,,,,,,,,,,,,,,,,nan,,,,,,,,,,,,,,,
494,2556.349365234375,0.02553393878042698,2.553393878042698,4863.372035264969,10000,ppo,ppo,crawler,flat,thdot_dth_neighbours_plus_thdot_direct,,,,,,,,,,,,,,,0.00205945114594471,0,781,0.0,0.0,,,,,,,,,,,,,,,,,,,,,,,,,,,,,,,,,,,,,,,,,,,,,,,,,,,,,,,,,,,,,,,,,,,,,,,,,,nan,,,,,,,,,,,,,,,
495,2532.189208984375,0.025295322760939598,2.52953227609396,4873.085886478424,10000,ppo,ppo,crawler,flat,thdot_dth_neighbours_plus_thdot_direct,,,,,,,,,,,,,,,0.00257404562312762,0,781,0.0,0.0,,,,,,,,,,,,,,,,,,,,,,,,,,,,,,,,,,,,,,,,,,,,,,,,,,,,,,,,,,,,,,,,,,,,,,,,,,nan,,,,,,,,,,,,,,,
496,2491.864990234375,0.024891769513487816,2.4891769513487816,4882.987533330917,10000,ppo,ppo,crawler,flat,thdot_dth_neighbours_plus_thdot_direct,,,,,,,,,,,,,,,0.0023234963373223528,0,781,0.0,0.0,,,,,,,,,,,,,,,,,,,,,,,,,,,,,,,,,,,,,,,,,,,,,,,,,,,,,,,,,,,,,,,,,,,,,,,,,,nan,,,,,,,,,,,,,,,
497,2542.165771484375,0.025397587567567825,2.5397587567567825,4892.830640554428,10000,ppo,ppo,crawler,flat,thdot_dth_neighbours_plus_thdot_direct,,,,,,,,,,,,,,,0.002484479574223465,0,781,0.0,0.0,,,,,,,,,,,,,,,,,,,,,,,,,,,,,,,,,,,,,,,,,,,,,,,,,,,,,,,,,,,,,,,,,,,,,,,,,,nan,,,,,,,,,,,,,,,
498,2519.696044921875,0.02517225779592991,2.517225779592991,4902.5466401577,10000,ppo,ppo,crawler,flat,thdot_dth_neighbours_plus_thdot_direct,,,,,,,,,,,,,,,0.0017807777830280028,0,781,0.0,0.0,,,,,,,,,,,,,,,,,,,,,,,,,,,,,,,,,,,,,,,,,,,,,,,,,,,,,,,,,,,,,,,,,,,,,,,,,,nan,,,,,,,,,,,,,,,
499,2518.97265625,0.025164708495140076,2.5164708495140076,4912.709341287613,10000,ppo,ppo,crawler,flat,thdot_dth_neighbours_plus_thdot_direct,,,,,,,,,,,,,,,0.002426326880637075,0,781,0.0,0.0,,,,,,,,,,,,,,,,,,,,,,,,,,,,,,,,,,,,,,,,,,,,,,,,,,,,,,,,,,,,,,,,,,,,,,,,,,nan,,,,,,,,,,,,,,,
500,2470.397705078125,0.024676034227013588,2.467603422701359,4922.227038145065,10000,ppo,ppo,crawler,flat,thdot_dth_neighbours_plus_thdot_direct,,,,,,,,,,,,,,,0.001617338525540219,0,781,0.0,0.0,,,,,,,,,,,,,,,,,,,,,,,,,,,,,,,,,,,,,,,,,,,,,,,,,,,,,,,,,,,,,,,,,,,,,,,,,,nan,,,,,,,,,,,,,,,
501,2510.843505859375,0.02508348412811756,2.508348412811756,4932.1851143836975,10000,ppo,ppo,crawler,flat,thdot_dth_neighbours_plus_thdot_direct,,,,,,,,,,,,,,,0.002202442658669524,0,781,0.0,0.0,,,,,,,,,,,,,,,,,,,,,,,,,,,,,,,,,,,,,,,,,,,,,,,,,,,,,,,,,,,,,,,,,,,,,,,,,,nan,,,,,,,,,,,,,,,
502,2420.91455078125,0.02418634667992592,2.418634667992592,4942.135629653931,10000,ppo,ppo,crawler,flat,thdot_dth_neighbours_plus_thdot_direct,,,,,,,,,,,,,,,0.001647996066202415,0,781,0.0,0.0,,,,,,,,,,,,,,,,,,,,,,,,,,,,,,,,,,,,,,,,,,,,,,,,,,,,,,,,,,,,,,,,,,,,,,,,,,nan,,,,,,,,,,,,,,,
503,2464.49853515625,0.024620113894343376,2.4620113894343376,4952.167957305908,10000,ppo,ppo,crawler,flat,thdot_dth_neighbours_plus_thdot_direct,,,,,,,,,,,,,,,0.0016151009370358378,0,781,0.0,0.0,,,,,,,,,,,,,,,,,,,,,,,,,,,,,,,,,,,,,,,,,,,,,,,,,,,,,,,,,,,,,,,,,,,,,,,,,,nan,,,,,,,,,,,,,,,
504,2556.73681640625,0.025544563308358192,2.5544563308358192,4962.349306344986,10000,ppo,ppo,crawler,flat,thdot_dth_neighbours_plus_thdot_direct,,,,,,,,,,,,,,,0.0016597577364357136,0,781,0.0,0.0,,,,,,,,,,,,,,,,,,,,,,,,,,,,,,,,,,,,,,,,,,,,,,,,,,,,,,,,,,,,,,,,,,,,,,,,,,nan,,,,,,,,,,,,,,,
505,2576.141357421875,0.025734776630997658,2.5734776630997658,4972.106268405914,10000,ppo,ppo,crawler,flat,thdot_dth_neighbours_plus_thdot_direct,,,,,,,,,,,,,,,0.002178857507588214,0,781,0.0,0.0,,,,,,,,,,,,,,,,,,,,,,,,,,,,,,,,,,,,,,,,,,,,,,,,,,,,,,,,,,,,,,,,,,,,,,,,,,nan,,,,,,,,,,,,,,,
506,2460.019287109375,0.02457452565431595,2.457452565431595,4981.921037435532,10000,ppo,ppo,crawler,flat,thdot_dth_neighbours_plus_thdot_direct,,,,,,,,,,,,,,,0.0012577579723535835,0,781,0.0,0.0,,,,,,,,,,,,,,,,,,,,,,,,,,,,,,,,,,,,,,,,,,,,,,,,,,,,,,,,,,,,,,,,,,,,,,,,,,nan,,,,,,,,,,,,,,,
507,2547.723876953125,0.025450464338064194,2.5450464338064194,4991.843649625778,10000,ppo,ppo,crawler,flat,thdot_dth_neighbours_plus_thdot_direct,,,,,,,,,,,,,,,0.002315532381562522,0,781,0.0,0.0,,,,,,,,,,,,,,,,,,,,,,,,,,,,,,,,,,,,,,,,,,,,,,,,,,,,,,,,,,,,,,,,,,,,,,,,,,nan,,,,,,,,,,,,,,,
508,2541.70068359375,0.025389259681105614,2.5389259681105614,5001.418751716614,10000,ppo,ppo,crawler,flat,thdot_dth_neighbours_plus_thdot_direct,,,,,,,,,,,,,,,0.0021275263012650657,0,781,0.0,0.0,,,,,,,,,,,,,,,,,,,,,,,,,,,,,,,,,,,,,,,,,,,,,,,,,,,,,,,,,,,,,,,,,,,,,,,,,,nan,,,,,,,,,,,,,,,
509,2596.641845703125,0.025943679735064507,2.5943679735064507,5011.115955114365,10000,ppo,ppo,crawler,flat,thdot_dth_neighbours_plus_thdot_direct,,,,,,,,,,,,,,,0.0026586822604211615,0,781,0.0,0.0,,,,,,,,,,,,,,,,,,,,,,,,,,,,,,,,,,,,,,,,,,,,,,,,,,,,,,,,,,,,,,,,,,,,,,,,,,nan,,,,,,,,,,,,,,,
510,2560.951904296875,0.02557888813316822,2.557888813316822,5020.908669948578,10000,ppo,ppo,crawler,flat,thdot_dth_neighbours_plus_thdot_direct,,,,,,,,,,,,,,,0.0033456017917737955,0,781,0.0,0.0,,,,,,,,,,,,,,,,,,,,,,,,,,,,,,,,,,,,,,,,,,,,,,,,,,,,,,,,,,,,,,,,,,,,,,,,,,nan,,,,,,,,,,,,,,,
511,2517.907958984375,0.02515336312353611,2.515336312353611,5030.954332828522,10000,ppo,ppo,crawler,flat,thdot_dth_neighbours_plus_thdot_direct,,,,,,,,,,,,,,,0.0019330914459930277,0,781,0.0,0.0,,,,,,,,,,,,,,,,,,,,,,,,,,,,,,,,,,,,,,,,,,,,,,,,,,,,,,,,,,,,,,,,,,,,,,,,,,nan,,,,,,,,,,,,,,,
512,2552.605712890625,0.025495434179902077,2.5495434179902077,5040.963859319687,10000,ppo,ppo,crawler,flat,thdot_dth_neighbours_plus_thdot_direct,,,,,,,,,,,,,,,0.0025109477172960484,0,781,0.0,0.0,,,,,,,,,,,,,,,,,,,,,,,,,,,,,,,,,,,,,,,,,,,,,,,,,,,,,,,,,,,,,,,,,,,,,,,,,,nan,,,,,,,,,,,,,,,
513,2496.7421875,0.02493775263428688,2.493775263428688,5050.595256328583,10000,ppo,ppo,crawler,flat,thdot_dth_neighbours_plus_thdot_direct,,,,,,,,,,,,,,,0.0023721409124809714,0,781,0.0,0.0,,,,,,,,,,,,,,,,,,,,,,,,,,,,,,,,,,,,,,,,,,,,,,,,,,,,,,,,,,,,,,,,,,,,,,,,,,nan,,,,,,,,,,,,,,,
514,2564.558837890625,0.025618618354201317,2.5618618354201317,5060.813058853149,10000,ppo,ppo,crawler,flat,thdot_dth_neighbours_plus_thdot_direct,,,,,,,,,,,,,,,0.0022742414753504324,0,781,0.0,0.0,,,,,,,,,,,,,,,,,,,,,,,,,,,,,,,,,,,,,,,,,,,,,,,,,,,,,,,,,,,,,,,,,,,,,,,,,,nan,,,,,,,,,,,,,,,
515,2517.494140625,0.025147810578346252,2.5147810578346252,5070.506531000137,10000,ppo,ppo,crawler,flat,thdot_dth_neighbours_plus_thdot_direct,,,,,,,,,,,,,,,0.0018859063394341805,0,781,0.0,0.0,,,,,,,,,,,,,,,,,,,,,,,,,,,,,,,,,,,,,,,,,,,,,,,,,,,,,,,,,,,,,,,,,,,,,,,,,,nan,,,,,,,,,,,,,,,
516,2581.602294921875,0.0257863886654377,2.57863886654377,5080.218244791031,10000,ppo,ppo,crawler,flat,thdot_dth_neighbours_plus_thdot_direct,,,,,,,,,,,,,,,0.0013143634227133288,0,781,0.0,0.0,,,,,,,,,,,,,,,,,,,,,,,,,,,,,,,,,,,,,,,,,,,,,,,,,,,,,,,,,,,,,,,,,,,,,,,,,,nan,,,,,,,,,,,,,,,
517,2697.780517578125,0.026946673169732094,2.6946673169732094,5090.124762058258,10000,ppo,ppo,crawler,flat,thdot_dth_neighbours_plus_thdot_direct,,,,,,,,,,,,,,,0.0019019476962763228,0,781,0.0,0.0,,,,,,,,,,,,,,,,,,,,,,,,,,,,,,,,,,,,,,,,,,,,,,,,,,,,,,,,,,,,,,,,,,,,,,,,,,nan,,,,,,,,,,,,,,,
518,2491.904296875,0.024892034009099007,2.4892034009099007,5099.937843322754,10000,ppo,ppo,crawler,flat,thdot_dth_neighbours_plus_thdot_direct,,,,,,,,,,,,,,,0.0020943858415912483,0,781,0.0,0.0,,,,,,,,,,,,,,,,,,,,,,,,,,,,,,,,,,,,,,,,,,,,,,,,,,,,,,,,,,,,,,,,,,,,,,,,,,nan,,,,,,,,,,,,,,,
519,2509.606201171875,0.025066522881388664,2.5066522881388664,5109.860480308533,10000,ppo,ppo,crawler,flat,thdot_dth_neighbours_plus_thdot_direct,,,,,,,,,,,,,,,0.0022821715430741286,0,781,0.0,0.0,,,,,,,,,,,,,,,,,,,,,,,,,,,,,,,,,,,,,,,,,,,,,,,,,,,,,,,,,,,,,,,,,,,,,,,,,,nan,,,,,,,,,,,,,,,
520,2410.579345703125,0.024080391973257065,2.4080391973257065,5119.645794630051,10000,ppo,ppo,crawler,flat,thdot_dth_neighbours_plus_thdot_direct,,,,,,,,,,,,,,,0.002212872296004131,0,781,0.0,0.0,,,,,,,,,,,,,,,,,,,,,,,,,,,,,,,,,,,,,,,,,,,,,,,,,,,,,,,,,,,,,,,,,,,,,,,,,,nan,,,,,,,,,,,,,,,
521,2444.194091796875,0.02441589906811714,2.441589906811714,5129.594967126846,10000,ppo,ppo,crawler,flat,thdot_dth_neighbours_plus_thdot_direct,,,,,,,,,,,,,,,0.0013039062562980193,0,781,0.0,0.0,,,,,,,,,,,,,,,,,,,,,,,,,,,,,,,,,,,,,,,,,,,,,,,,,,,,,,,,,,,,,,,,,,,,,,,,,,nan,,,,,,,,,,,,,,,
522,2523.7333984375,0.025211740285158157,2.5211740285158157,5139.546682834625,10000,ppo,ppo,crawler,flat,thdot_dth_neighbours_plus_thdot_direct,,,,,,,,,,,,,,,0.0014462409715537184,0,781,0.0,0.0,,,,,,,,,,,,,,,,,,,,,,,,,,,,,,,,,,,,,,,,,,,,,,,,,,,,,,,,,,,,,,,,,,,,,,,,,,nan,,,,,,,,,,,,,,,
523,2562.909912109375,0.025603478774428368,2.5603478774428368,5149.18347120285,10000,ppo,ppo,crawler,flat,thdot_dth_neighbours_plus_thdot_direct,,,,,,,,,,,,,,,0.0016805581268600177,0,781,0.0,0.0,,,,,,,,,,,,,,,,,,,,,,,,,,,,,,,,,,,,,,,,,,,,,,,,,,,,,,,,,,,,,,,,,,,,,,,,,,nan,,,,,,,,,,,,,,,
524,2437.107177734375,0.024345407262444496,2.4345407262444496,5159.256744861603,10000,ppo,ppo,crawler,flat,thdot_dth_neighbours_plus_thdot_direct,,,,,,,,,,,,,,,0.0015987525441771896,0,781,0.0,0.0,,,,,,,,,,,,,,,,,,,,,,,,,,,,,,,,,,,,,,,,,,,,,,,,,,,,,,,,,,,,,,,,,,,,,,,,,,nan,,,,,,,,,,,,,,,
525,2518.9443359375,0.025161532685160637,2.5161532685160637,5168.961552143097,10000,ppo,ppo,crawler,flat,thdot_dth_neighbours_plus_thdot_direct,,,,,,,,,,,,,,,0.0012004333740148576,0,781,0.0,0.0,,,,,,,,,,,,,,,,,,,,,,,,,,,,,,,,,,,,,,,,,,,,,,,,,,,,,,,,,,,,,,,,,,,,,,,,,,nan,,,,,,,,,,,,,,,
526,2458.3359375,0.02455810271203518,2.455810271203518,5178.513554811478,10000,ppo,ppo,crawler,flat,thdot_dth_neighbours_plus_thdot_direct,,,,,,,,,,,,,,,0.004570825336153396,0,781,0.0,0.0,,,,,,,,,,,,,,,,,,,,,,,,,,,,,,,,,,,,,,,,,,,,,,,,,,,,,,,,,,,,,,,,,,,,,,,,,,nan,,,,,,,,,,,,,,,
527,2384.71435546875,0.023824544623494148,2.382454462349415,5188.221506357193,10000,ppo,ppo,crawler,flat,thdot_dth_neighbours_plus_thdot_direct,,,,,,,,,,,,,,,0.0023512651925678696,0,781,0.0,0.0,,,,,,,,,,,,,,,,,,,,,,,,,,,,,,,,,,,,,,,,,,,,,,,,,,,,,,,,,,,,,,,,,,,,,,,,,,nan,,,,,,,,,,,,,,,
528,2291.81298828125,0.022895030677318573,2.2895030677318573,5198.096058607101,10000,ppo,ppo,crawler,flat,thdot_dth_neighbours_plus_thdot_direct,,,,,,,,,,,,,,,0.0019092547671714832,0,781,0.0,0.0,,,,,,,,,,,,,,,,,,,,,,,,,,,,,,,,,,,,,,,,,,,,,,,,,,,,,,,,,,,,,,,,,,,,,,,,,,nan,,,,,,,,,,,,,,,
529,2308.322998046875,0.023059481754899025,2.3059481754899025,5207.937464952469,10000,ppo,ppo,crawler,flat,thdot_dth_neighbours_plus_thdot_direct,,,,,,,,,,,,,,,0.002875134288843838,0,781,0.0,0.0,,,,,,,,,,,,,,,,,,,,,,,,,,,,,,,,,,,,,,,,,,,,,,,,,,,,,,,,,,,,,,,,,,,,,,,,,,nan,,,,,,,,,,,,,,,
530,2213.427978515625,0.022112205624580383,2.2112205624580383,5217.862438201904,10000,ppo,ppo,crawler,flat,thdot_dth_neighbours_plus_thdot_direct,,,,,,,,,,,,,,,0.0020968229371887944,0,781,0.0,0.0,,,,,,,,,,,,,,,,,,,,,,,,,,,,,,,,,,,,,,,,,,,,,,,,,,,,,,,,,,,,,,,,,,,,,,,,,,nan,,,,,,,,,,,,,,,
531,2241.31494140625,0.022388651967048645,2.2388651967048645,5227.672424316406,10000,ppo,ppo,crawler,flat,thdot_dth_neighbours_plus_thdot_direct,,,,,,,,,,,,,,,0.0014608499461145224,0,781,0.0,0.0,,,,,,,,,,,,,,,,,,,,,,,,,,,,,,,,,,,,,,,,,,,,,,,,,,,,,,,,,,,,,,,,,,,,,,,,,,nan,,,,,,,,,,,,,,,
532,2366.677734375,0.02364078350365162,2.364078350365162,5237.6597418785095,10000,ppo,ppo,crawler,flat,thdot_dth_neighbours_plus_thdot_direct,,,,,,,,,,,,,,,0.0015434302911493522,0,781,0.0,0.0,,,,,,,,,,,,,,,,,,,,,,,,,,,,,,,,,,,,,,,,,,,,,,,,,,,,,,,,,,,,,,,,,,,,,,,,,,nan,,,,,,,,,,,,,,,
533,2310.22705078125,0.023076998069882393,2.3076998069882393,5247.47335934639,10000,ppo,ppo,crawler,flat,thdot_dth_neighbours_plus_thdot_direct,,,,,,,,,,,,,,,0.0019650401893098585,0,781,0.0,0.0,,,,,,,,,,,,,,,,,,,,,,,,,,,,,,,,,,,,,,,,,,,,,,,,,,,,,,,,,,,,,,,,,,,,,,,,,,nan,,,,,,,,,,,,,,,
534,2250.581298828125,0.022481294348835945,2.2481294348835945,5257.418412923813,10000,ppo,ppo,crawler,flat,thdot_dth_neighbours_plus_thdot_direct,,,,,,,,,,,,,,,0.0018626839288593772,0,781,0.0,0.0,,,,,,,,,,,,,,,,,,,,,,,,,,,,,,,,,,,,,,,,,,,,,,,,,,,,,,,,,,,,,,,,,,,,,,,,,,nan,,,,,,,,,,,,,,,
535,2223.375732421875,0.022206593304872513,2.2206593304872513,5267.224345445633,10000,ppo,ppo,crawler,flat,thdot_dth_neighbours_plus_thdot_direct,,,,,,,,,,,,,,,0.0015603727460134996,0,781,0.0,0.0,,,,,,,,,,,,,,,,,,,,,,,,,,,,,,,,,,,,,,,,,,,,,,,,,,,,,,,,,,,,,,,,,,,,,,,,,,nan,,,,,,,,,,,,,,,
536,2294.828125,0.022924503311514854,2.2924503311514854,5277.274345159531,10000,ppo,ppo,crawler,flat,thdot_dth_neighbours_plus_thdot_direct,,,,,,,,,,,,,,,0.001531404324617395,0,781,0.0,0.0,,,,,,,,,,,,,,,,,,,,,,,,,,,,,,,,,,,,,,,,,,,,,,,,,,,,,,,,,,,,,,,,,,,,,,,,,,nan,,,,,,,,,,,,,,,
537,2407.00634765625,0.02404410019516945,2.404410019516945,5287.011528015137,10000,ppo,ppo,crawler,flat,thdot_dth_neighbours_plus_thdot_direct,,,,,,,,,,,,,,,0.0011383424515754154,0,781,0.0,0.0,,,,,,,,,,,,,,,,,,,,,,,,,,,,,,,,,,,,,,,,,,,,,,,,,,,,,,,,,,,,,,,,,,,,,,,,,,nan,,,,,,,,,,,,,,,
538,2392.089599609375,0.023896437138319016,2.3896437138319016,5297.072788476944,10000,ppo,ppo,crawler,flat,thdot_dth_neighbours_plus_thdot_direct,,,,,,,,,,,,,,,0.0017165203958624815,0,781,0.0,0.0,,,,,,,,,,,,,,,,,,,,,,,,,,,,,,,,,,,,,,,,,,,,,,,,,,,,,,,,,,,,,,,,,,,,,,,,,,nan,,,,,,,,,,,,,,,
539,2304.236328125,0.02301843836903572,2.301843836903572,5306.848247051239,10000,ppo,ppo,crawler,flat,thdot_dth_neighbours_plus_thdot_direct,,,,,,,,,,,,,,,0.0013449897121837523,0,781,0.0,0.0,,,,,,,,,,,,,,,,,,,,,,,,,,,,,,,,,,,,,,,,,,,,,,,,,,,,,,,,,,,,,,,,,,,,,,,,,,nan,,,,,,,,,,,,,,,
540,2315.450927734375,0.023132001981139183,2.3132001981139183,5316.423669338226,10000,ppo,ppo,crawler,flat,thdot_dth_neighbours_plus_thdot_direct,,,,,,,,,,,,,,,0.0022461571693992493,0,781,0.0,0.0,,,,,,,,,,,,,,,,,,,,,,,,,,,,,,,,,,,,,,,,,,,,,,,,,,,,,,,,,,,,,,,,,,,,,,,,,,nan,,,,,,,,,,,,,,,
541,2358.00048828125,0.023551108315587044,2.3551108315587044,5325.947699308395,10000,ppo,ppo,crawler,flat,thdot_dth_neighbours_plus_thdot_direct,,,,,,,,,,,,,,,0.001263328564763843,0,781,0.0,0.0,,,,,,,,,,,,,,,,,,,,,,,,,,,,,,,,,,,,,,,,,,,,,,,,,,,,,,,,,,,,,,,,,,,,,,,,,,nan,,,,,,,,,,,,,,,
542,2284.296630859375,0.02282031811773777,2.282031811773777,5335.398956775665,10000,ppo,ppo,crawler,flat,thdot_dth_neighbours_plus_thdot_direct,,,,,,,,,,,,,,,0.0024815193078593562,0,781,0.0,0.0,,,,,,,,,,,,,,,,,,,,,,,,,,,,,,,,,,,,,,,,,,,,,,,,,,,,,,,,,,,,,,,,,,,,,,,,,,nan,,,,,,,,,,,,,,,
543,2347.80126953125,0.023454036563634872,2.3454036563634872,5345.3227508068085,10000,ppo,ppo,crawler,flat,thdot_dth_neighbours_plus_thdot_direct,,,,,,,,,,,,,,,0.001662620781066759,0,781,0.0,0.0,,,,,,,,,,,,,,,,,,,,,,,,,,,,,,,,,,,,,,,,,,,,,,,,,,,,,,,,,,,,,,,,,,,,,,,,,,nan,,,,,,,,,,,,,,,
544,2215.4716796875,0.022133992984890938,2.213399298489094,5354.989010334015,10000,ppo,ppo,crawler,flat,thdot_dth_neighbours_plus_thdot_direct,,,,,,,,,,,,,,,0.0018280401768309726,0,781,0.0,0.0,,,,,,,,,,,,,,,,,,,,,,,,,,,,,,,,,,,,,,,,,,,,,,,,,,,,,,,,,,,,,,,,,,,,,,,,,,nan,,,,,,,,,,,,,,,
545,2284.837646484375,0.022825680673122406,2.2825680673122406,5364.830881357193,10000,ppo,ppo,crawler,flat,thdot_dth_neighbours_plus_thdot_direct,,,,,,,,,,,,,,,0.002009937561106356,0,781,0.0,0.0,,,,,,,,,,,,,,,,,,,,,,,,,,,,,,,,,,,,,,,,,,,,,,,,,,,,,,,,,,,,,,,,,,,,,,,,,,nan,,,,,,,,,,,,,,,
546,2406.0234375,0.024036096408963203,2.4036096408963203,5374.485710382462,10000,ppo,ppo,crawler,flat,thdot_dth_neighbours_plus_thdot_direct,,,,,,,,,,,,,,,0.0018953179611889675,0,781,0.0,0.0,,,,,,,,,,,,,,,,,,,,,,,,,,,,,,,,,,,,,,,,,,,,,,,,,,,,,,,,,,,,,,,,,,,,,,,,,,nan,,,,,,,,,,,,,,,
547,2252.415771484375,0.02249784953892231,2.249784953892231,5384.549398899078,10000,ppo,ppo,crawler,flat,thdot_dth_neighbours_plus_thdot_direct,,,,,,,,,,,,,,,0.0015211411652605435,0,781,0.0,0.0,,,,,,,,,,,,,,,,,,,,,,,,,,,,,,,,,,,,,,,,,,,,,,,,,,,,,,,,,,,,,,,,,,,,,,,,,,nan,,,,,,,,,,,,,,,
548,2241.597412109375,0.02239201031625271,2.239201031625271,5394.482011556625,10000,ppo,ppo,crawler,flat,thdot_dth_neighbours_plus_thdot_direct,,,,,,,,,,,,,,,0.0009676829425499699,0,781,0.0,0.0,,,,,,,,,,,,,,,,,,,,,,,,,,,,,,,,,,,,,,,,,,,,,,,,,,,,,,,,,,,,,,,,,,,,,,,,,,nan,,,,,,,,,,,,,,,
549,2396.009765625,0.02393149770796299,2.393149770796299,5404.3569140434265,10000,ppo,ppo,crawler,flat,thdot_dth_neighbours_plus_thdot_direct,,,,,,,,,,,,,,,0.002050356504720265,0,781,0.0,0.0,,,,,,,,,,,,,,,,,,,,,,,,,,,,,,,,,,,,,,,,,,,,,,,,,,,,,,,,,,,,,,,,,,,,,,,,,,nan,,,,,,,,,,,,,,,
550,2354.983154296875,0.023527227342128754,2.3527227342128754,5414.529576778412,10000,ppo,ppo,crawler,flat,thdot_dth_neighbours_plus_thdot_direct,,,,,,,,,,,,,,,0.0013859272508485348,0,781,0.0,0.0,,,,,,,,,,,,,,,,,,,,,,,,,,,,,,,,,,,,,,,,,,,,,,,,,,,,,,,,,,,,,,,,,,,,,,,,,,nan,,,,,,,,,,,,,,,
551,2217.523193359375,0.022150466218590736,2.2150466218590736,5424.3688333034515,10000,ppo,ppo,crawler,flat,thdot_dth_neighbours_plus_thdot_direct,,,,,,,,,,,,,,,0.0020360419061947323,0,781,0.0,0.0,,,,,,,,,,,,,,,,,,,,,,,,,,,,,,,,,,,,,,,,,,,,,,,,,,,,,,,,,,,,,,,,,,,,,,,,,,nan,,,,,,,,,,,,,,,
552,2242.532958984375,0.022399673238396645,2.2399673238396645,5433.919512271881,10000,ppo,ppo,crawler,flat,thdot_dth_neighbours_plus_thdot_direct,,,,,,,,,,,,,,,0.0014675246379371558,0,781,0.0,0.0,,,,,,,,,,,,,,,,,,,,,,,,,,,,,,,,,,,,,,,,,,,,,,,,,,,,,,,,,,,,,,,,,,,,,,,,,,nan,,,,,,,,,,,,,,,
553,2371.697509765625,0.02369418926537037,2.369418926537037,5444.255493402481,10000,ppo,ppo,crawler,flat,thdot_dth_neighbours_plus_thdot_direct,,,,,,,,,,,,,,,0.0023692962411787657,0,781,0.0,0.0,,,,,,,,,,,,,,,,,,,,,,,,,,,,,,,,,,,,,,,,,,,,,,,,,,,,,,,,,,,,,,,,,,,,,,,,,,nan,,,,,,,,,,,,,,,
554,2348.62890625,0.023460904136300087,2.3460904136300087,5454.163245201111,10000,ppo,ppo,crawler,flat,thdot_dth_neighbours_plus_thdot_direct,,,,,,,,,,,,,,,0.0016179730774107278,0,781,0.0,0.0,,,,,,,,,,,,,,,,,,,,,,,,,,,,,,,,,,,,,,,,,,,,,,,,,,,,,,,,,,,,,,,,,,,,,,,,,,nan,,,,,,,,,,,,,,,
555,2272.6123046875,0.022702855989336967,2.2702855989336967,5463.814604759216,10000,ppo,ppo,crawler,flat,thdot_dth_neighbours_plus_thdot_direct,,,,,,,,,,,,,,,0.0021041266571799884,0,781,0.0,0.0,,,,,,,,,,,,,,,,,,,,,,,,,,,,,,,,,,,,,,,,,,,,,,,,,,,,,,,,,,,,,,,,,,,,,,,,,,nan,,,,,,,,,,,,,,,
556,2349.142578125,0.02346694841980934,2.346694841980934,5473.869184970856,10000,ppo,ppo,crawler,flat,thdot_dth_neighbours_plus_thdot_direct,,,,,,,,,,,,,,,0.002057870806839952,0,781,0.0,0.0,,,,,,,,,,,,,,,,,,,,,,,,,,,,,,,,,,,,,,,,,,,,,,,,,,,,,,,,,,,,,,,,,,,,,,,,,,nan,,,,,,,,,,,,,,,
557,2422.70556640625,0.024203946813941002,2.4203946813941,5483.531848907471,10000,ppo,ppo,crawler,flat,thdot_dth_neighbours_plus_thdot_direct,,,,,,,,,,,,,,,0.001658449246683829,0,781,0.0,0.0,,,,,,,,,,,,,,,,,,,,,,,,,,,,,,,,,,,,,,,,,,,,,,,,,,,,,,,,,,,,,,,,,,,,,,,,,,nan,,,,,,,,,,,,,,,
558,2447.51318359375,0.02445179596543312,2.445179596543312,5493.3537702560425,10000,ppo,ppo,crawler,flat,thdot_dth_neighbours_plus_thdot_direct,,,,,,,,,,,,,,,0.001582336793863043,0,781,0.0,0.0,,,,,,,,,,,,,,,,,,,,,,,,,,,,,,,,,,,,,,,,,,,,,,,,,,,,,,,,,,,,,,,,,,,,,,,,,,nan,,,,,,,,,,,,,,,
559,2378.443359375,0.02375691570341587,2.375691570341587,5503.363900899887,10000,ppo,ppo,crawler,flat,thdot_dth_neighbours_plus_thdot_direct,,,,,,,,,,,,,,,0.0014952752049504686,0,781,0.0,0.0,,,,,,,,,,,,,,,,,,,,,,,,,,,,,,,,,,,,,,,,,,,,,,,,,,,,,,,,,,,,,,,,,,,,,,,,,,nan,,,,,,,,,,,,,,,
560,2469.346923828125,0.02467246726155281,2.467246726155281,5513.405197143555,10000,ppo,ppo,crawler,flat,thdot_dth_neighbours_plus_thdot_direct,,,,,,,,,,,,,,,0.001993189938402397,0,781,0.0,0.0,,,,,,,,,,,,,,,,,,,,,,,,,,,,,,,,,,,,,,,,,,,,,,,,,,,,,,,,,,,,,,,,,,,,,,,,,,nan,,,,,,,,,,,,,,,
561,2410.808837890625,0.024083193391561508,2.408319339156151,5523.820626974106,10000,ppo,ppo,crawler,flat,thdot_dth_neighbours_plus_thdot_direct,,,,,,,,,,,,,,,0.0017616274246745856,0,781,0.0,0.0,,,,,,,,,,,,,,,,,,,,,,,,,,,,,,,,,,,,,,,,,,,,,,,,,,,,,,,,,,,,,,,,,,,,,,,,,,nan,,,,,,,,,,,,,,,
562,2422.231689453125,0.024196786805987358,2.419678680598736,5533.572590589523,10000,ppo,ppo,crawler,flat,thdot_dth_neighbours_plus_thdot_direct,,,,,,,,,,,,,,,0.0010501872590162765,0,781,0.0,0.0,,,,,,,,,,,,,,,,,,,,,,,,,,,,,,,,,,,,,,,,,,,,,,,,,,,,,,,,,,,,,,,,,,,,,,,,,,nan,,,,,,,,,,,,,,,
563,2423.029296875,0.024203438311815262,2.420343831181526,5543.146795749664,10000,ppo,ppo,crawler,flat,thdot_dth_neighbours_plus_thdot_direct,,,,,,,,,,,,,,,0.0016475376793554897,0,781,0.0,0.0,,,,,,,,,,,,,,,,,,,,,,,,,,,,,,,,,,,,,,,,,,,,,,,,,,,,,,,,,,,,,,,,,,,,,,,,,,nan,,,,,,,,,,,,,,,
564,2364.800537109375,0.023619908839464188,2.3619908839464188,5553.056517601013,10000,ppo,ppo,crawler,flat,thdot_dth_neighbours_plus_thdot_direct,,,,,,,,,,,,,,,0.001794351235408,0,781,0.0,0.0,,,,,,,,,,,,,,,,,,,,,,,,,,,,,,,,,,,,,,,,,,,,,,,,,,,,,,,,,,,,,,,,,,,,,,,,,,nan,,,,,,,,,,,,,,,
565,2402.40673828125,0.02400088682770729,2.400088682770729,5562.935018062592,10000,ppo,ppo,crawler,flat,thdot_dth_neighbours_plus_thdot_direct,,,,,,,,,,,,,,,0.0019872433051080405,0,781,0.0,0.0,,,,,,,,,,,,,,,,,,,,,,,,,,,,,,,,,,,,,,,,,,,,,,,,,,,,,,,,,,,,,,,,,,,,,,,,,,nan,,,,,,,,,,,,,,,
566,2480.73681640625,0.024781538173556328,2.478153817355633,5572.924874544144,10000,ppo,ppo,crawler,flat,thdot_dth_neighbours_plus_thdot_direct,,,,,,,,,,,,,,,0.0017899587823444535,0,781,0.0,0.0,,,,,,,,,,,,,,,,,,,,,,,,,,,,,,,,,,,,,,,,,,,,,,,,,,,,,,,,,,,,,,,,,,,,,,,,,,nan,,,,,,,,,,,,,,,
567,2551.653076171875,0.025489430874586105,2.5489430874586105,5582.599446296692,10000,ppo,ppo,crawler,flat,thdot_dth_neighbours_plus_thdot_direct,,,,,,,,,,,,,,,0.0013504025213270149,0,781,0.0,0.0,,,,,,,,,,,,,,,,,,,,,,,,,,,,,,,,,,,,,,,,,,,,,,,,,,,,,,,,,,,,,,,,,,,,,,,,,,nan,,,,,,,,,,,,,,,
568,2402.849609375,0.024007003754377365,2.4007003754377365,5592.188118696213,10000,ppo,ppo,crawler,flat,thdot_dth_neighbours_plus_thdot_direct,,,,,,,,,,,,,,,0.001845443301599592,0,781,0.0,0.0,,,,,,,,,,,,,,,,,,,,,,,,,,,,,,,,,,,,,,,,,,,,,,,,,,,,,,,,,,,,,,,,,,,,,,,,,,nan,,,,,,,,,,,,,,,
569,2464.828857421875,0.02462473139166832,2.462473139166832,5602.221224308014,10000,ppo,ppo,crawler,flat,thdot_dth_neighbours_plus_thdot_direct,,,,,,,,,,,,,,,0.0020485163120904566,0,781,0.0,0.0,,,,,,,,,,,,,,,,,,,,,,,,,,,,,,,,,,,,,,,,,,,,,,,,,,,,,,,,,,,,,,,,,,,,,,,,,,nan,,,,,,,,,,,,,,,
570,2557.53173828125,0.0255463644862175,2.55463644862175,5611.579130887985,10000,ppo,ppo,crawler,flat,thdot_dth_neighbours_plus_thdot_direct,,,,,,,,,,,,,,,0.002302231376679189,0,781,0.0,0.0,,,,,,,,,,,,,,,,,,,,,,,,,,,,,,,,,,,,,,,,,,,,,,,,,,,,,,,,,,,,,,,,,,,,,,,,,,nan,,,,,,,,,,,,,,,
571,2375.567138671875,0.023727789521217346,2.3727789521217346,5621.638613939285,10000,ppo,ppo,crawler,flat,thdot_dth_neighbours_plus_thdot_direct,,,,,,,,,,,,,,,0.0010594077185369932,0,781,0.0,0.0,,,,,,,,,,,,,,,,,,,,,,,,,,,,,,,,,,,,,,,,,,,,,,,,,,,,,,,,,,,,,,,,,,,,,,,,,,nan,,,,,,,,,,,,,,,
572,2526.49267578125,0.025242555886507034,2.5242555886507034,5631.5050501823425,10000,ppo,ppo,crawler,flat,thdot_dth_neighbours_plus_thdot_direct,,,,,,,,,,,,,,,0.00202777933935582,0,781,0.0,0.0,,,,,,,,,,,,,,,,,,,,,,,,,,,,,,,,,,,,,,,,,,,,,,,,,,,,,,,,,,,,,,,,,,,,,,,,,,nan,,,,,,,,,,,,,,,
573,2568.386962890625,0.02565845288336277,2.565845288336277,5641.038686990738,10000,ppo,ppo,crawler,flat,thdot_dth_neighbours_plus_thdot_direct,,,,,,,,,,,,,,,0.0017233409312438725,0,781,0.0,0.0,,,,,,,,,,,,,,,,,,,,,,,,,,,,,,,,,,,,,,,,,,,,,,,,,,,,,,,,,,,,,,,,,,,,,,,,,,nan,,,,,,,,,,,,,,,
574,2539.0361328125,0.02536397986114025,2.536397986114025,5651.133692026138,10000,ppo,ppo,crawler,flat,thdot_dth_neighbours_plus_thdot_direct,,,,,,,,,,,,,,,0.0020308994002632775,0,781,0.0,0.0,,,,,,,,,,,,,,,,,,,,,,,,,,,,,,,,,,,,,,,,,,,,,,,,,,,,,,,,,,,,,,,,,,,,,,,,,,nan,,,,,,,,,,,,,,,
575,2517.4404296875,0.025147514417767525,2.5147514417767525,5660.4797995090485,10000,ppo,ppo,crawler,flat,thdot_dth_neighbours_plus_thdot_direct,,,,,,,,,,,,,,,0.0015541915662024453,0,781,0.0,0.0,,,,,,,,,,,,,,,,,,,,,,,,,,,,,,,,,,,,,,,,,,,,,,,,,,,,,,,,,,,,,,,,,,,,,,,,,,nan,,,,,,,,,,,,,,,
576,2481.220458984375,0.024786068126559258,2.4786068126559258,5670.676173686981,10000,ppo,ppo,crawler,flat,thdot_dth_neighbours_plus_thdot_direct,,,,,,,,,,,,,,,0.001960990209893129,0,781,0.0,0.0,,,,,,,,,,,,,,,,,,,,,,,,,,,,,,,,,,,,,,,,,,,,,,,,,,,,,,,,,,,,,,,,,,,,,,,,,,nan,,,,,,,,,,,,,,,
577,2471.27197265625,0.024685945361852646,2.4685945361852646,5680.237979650497,10000,ppo,ppo,crawler,flat,thdot_dth_neighbours_plus_thdot_direct,,,,,,,,,,,,,,,0.0017926308011441629,0,781,0.0,0.0,,,,,,,,,,,,,,,,,,,,,,,,,,,,,,,,,,,,,,,,,,,,,,,,,,,,,,,,,,,,,,,,,,,,,,,,,,nan,,,,,,,,,,,,,,,
578,2504.11572265625,0.025016294792294502,2.5016294792294502,5689.783284664154,10000,ppo,ppo,crawler,flat,thdot_dth_neighbours_plus_thdot_direct,,,,,,,,,,,,,,,0.0023437285275711953,0,781,0.0,0.0,,,,,,,,,,,,,,,,,,,,,,,,,,,,,,,,,,,,,,,,,,,,,,,,,,,,,,,,,,,,,,,,,,,,,,,,,,nan,,,,,,,,,,,,,,,
579,2486.765380859375,0.02484159544110298,2.484159544110298,5699.882171154022,10000,ppo,ppo,crawler,flat,thdot_dth_neighbours_plus_thdot_direct,,,,,,,,,,,,,,,0.001551694437013139,0,781,0.0,0.0,,,,,,,,,,,,,,,,,,,,,,,,,,,,,,,,,,,,,,,,,,,,,,,,,,,,,,,,,,,,,,,,,,,,,,,,,,nan,,,,,,,,,,,,,,,
580,2468.56982421875,0.024666447192430496,2.4666447192430496,5709.477923631668,10000,ppo,ppo,crawler,flat,thdot_dth_neighbours_plus_thdot_direct,,,,,,,,,,,,,,,0.0014612870248181006,0,781,0.0,0.0,,,,,,,,,,,,,,,,,,,,,,,,,,,,,,,,,,,,,,,,,,,,,,,,,,,,,,,,,,,,,,,,,,,,,,,,,,nan,,,,,,,,,,,,,,,
581,2394.106689453125,0.023915426805615425,2.3915426805615425,5719.434337377548,10000,ppo,ppo,crawler,flat,thdot_dth_neighbours_plus_thdot_direct,,,,,,,,,,,,,,,0.002243358715799781,0,781,0.0,0.0,,,,,,,,,,,,,,,,,,,,,,,,,,,,,,,,,,,,,,,,,,,,,,,,,,,,,,,,,,,,,,,,,,,,,,,,,,nan,,,,,,,,,,,,,,,
582,2431.223388671875,0.024285005405545235,2.4285005405545235,5729.182773113251,10000,ppo,ppo,crawler,flat,thdot_dth_neighbours_plus_thdot_direct,,,,,,,,,,,,,,,0.001729511437215068,0,781,0.0,0.0,,,,,,,,,,,,,,,,,,,,,,,,,,,,,,,,,,,,,,,,,,,,,,,,,,,,,,,,,,,,,,,,,,,,,,,,,,nan,,,,,,,,,,,,,,,
583,2463.590576171875,0.024607742205262184,2.4607742205262184,5738.799071550369,10000,ppo,ppo,crawler,flat,thdot_dth_neighbours_plus_thdot_direct,,,,,,,,,,,,,,,0.0024274184045508535,0,781,0.0,0.0,,,,,,,,,,,,,,,,,,,,,,,,,,,,,,,,,,,,,,,,,,,,,,,,,,,,,,,,,,,,,,,,,,,,,,,,,,nan,,,,,,,,,,,,,,,
584,2445.671142578125,0.02443341724574566,2.443341724574566,5748.978533983231,10000,ppo,ppo,crawler,flat,thdot_dth_neighbours_plus_thdot_direct,,,,,,,,,,,,,,,0.0027727218099117706,0,781,0.0,0.0,,,,,,,,,,,,,,,,,,,,,,,,,,,,,,,,,,,,,,,,,,,,,,,,,,,,,,,,,,,,,,,,,,,,,,,,,,nan,,,,,,,,,,,,,,,
585,2470.221923828125,0.024676986038684845,2.4676986038684845,5758.671777248383,10000,ppo,ppo,crawler,flat,thdot_dth_neighbours_plus_thdot_direct,,,,,,,,,,,,,,,0.0013247429166067736,0,781,0.0,0.0,,,,,,,,,,,,,,,,,,,,,,,,,,,,,,,,,,,,,,,,,,,,,,,,,,,,,,,,,,,,,,,,,,,,,,,,,,nan,,,,,,,,,,,,,,,
586,2389.064208984375,0.0238681398332119,2.38681398332119,5768.528111457825,10000,ppo,ppo,crawler,flat,thdot_dth_neighbours_plus_thdot_direct,,,,,,,,,,,,,,,0.0020234394699170004,0,781,0.0,0.0,,,,,,,,,,,,,,,,,,,,,,,,,,,,,,,,,,,,,,,,,,,,,,,,,,,,,,,,,,,,,,,,,,,,,,,,,,nan,,,,,,,,,,,,,,,
587,2467.71240234375,0.024651706218719482,2.4651706218719482,5778.578262805939,10000,ppo,ppo,crawler,flat,thdot_dth_neighbours_plus_thdot_direct,,,,,,,,,,,,,,,0.0017190968818096585,0,781,0.0,0.0,,,,,,,,,,,,,,,,,,,,,,,,,,,,,,,,,,,,,,,,,,,,,,,,,,,,,,,,,,,,,,,,,,,,,,,,,,nan,,,,,,,,,,,,,,,
588,2464.588623046875,0.024623332545161247,2.4623332545161247,5788.1764080524445,10000,ppo,ppo,crawler,flat,thdot_dth_neighbours_plus_thdot_direct,,,,,,,,,,,,,,,0.0015203019483510994,0,781,0.0,0.0,,,,,,,,,,,,,,,,,,,,,,,,,,,,,,,,,,,,,,,,,,,,,,,,,,,,,,,,,,,,,,,,,,,,,,,,,,nan,,,,,,,,,,,,,,,
589,2410.416259765625,0.024075597524642944,2.4075597524642944,5798.45046710968,10000,ppo,ppo,crawler,flat,thdot_dth_neighbours_plus_thdot_direct,,,,,,,,,,,,,,,0.0016605863098240158,0,781,0.0,0.0,,,,,,,,,,,,,,,,,,,,,,,,,,,,,,,,,,,,,,,,,,,,,,,,,,,,,,,,,,,,,,,,,,,,,,,,,,nan,,,,,,,,,,,,,,,
590,2526.574951171875,0.02523968741297722,2.523968741297722,5808.459673881531,10000,ppo,ppo,crawler,flat,thdot_dth_neighbours_plus_thdot_direct,,,,,,,,,,,,,,,0.0015564912762979137,0,781,0.0,0.0,,,,,,,,,,,,,,,,,,,,,,,,,,,,,,,,,,,,,,,,,,,,,,,,,,,,,,,,,,,,,,,,,,,,,,,,,,nan,,,,,,,,,,,,,,,
591,2416.9482421875,0.024142665788531303,2.4142665788531303,5818.165273427963,10000,ppo,ppo,crawler,flat,thdot_dth_neighbours_plus_thdot_direct,,,,,,,,,,,,,,,0.0023017659262926835,0,781,0.0,0.0,,,,,,,,,,,,,,,,,,,,,,,,,,,,,,,,,,,,,,,,,,,,,,,,,,,,,,,,,,,,,,,,,,,,,,,,,,nan,,,,,,,,,,,,,,,
592,2501.792724609375,0.02499277889728546,2.499277889728546,5828.272226333618,10000,ppo,ppo,crawler,flat,thdot_dth_neighbours_plus_thdot_direct,,,,,,,,,,,,,,,0.0014372141558010212,0,781,0.0,0.0,,,,,,,,,,,,,,,,,,,,,,,,,,,,,,,,,,,,,,,,,,,,,,,,,,,,,,,,,,,,,,,,,,,,,,,,,,nan,,,,,,,,,,,,,,,
593,2515.69580078125,0.02513412944972515,2.513412944972515,5837.951436519623,10000,ppo,ppo,crawler,flat,thdot_dth_neighbours_plus_thdot_direct,,,,,,,,,,,,,,,0.001547543635187723,0,781,0.0,0.0,,,,,,,,,,,,,,,,,,,,,,,,,,,,,,,,,,,,,,,,,,,,,,,,,,,,,,,,,,,,,,,,,,,,,,,,,,nan,,,,,,,,,,,,,,,
594,2499.418701171875,0.02496993914246559,2.496993914246559,5848.444805145264,10000,ppo,ppo,crawler,flat,thdot_dth_neighbours_plus_thdot_direct,,,,,,,,,,,,,,,0.0023630720099306756,0,781,0.0,0.0,,,,,,,,,,,,,,,,,,,,,,,,,,,,,,,,,,,,,,,,,,,,,,,,,,,,,,,,,,,,,,,,,,,,,,,,,,nan,,,,,,,,,,,,,,,
595,2499.686279296875,0.02497182786464691,2.497182786464691,5858.0660009384155,10000,ppo,ppo,crawler,flat,thdot_dth_neighbours_plus_thdot_direct,,,,,,,,,,,,,,,0.002684783746914559,0,781,0.0,0.0,,,,,,,,,,,,,,,,,,,,,,,,,,,,,,,,,,,,,,,,,,,,,,,,,,,,,,,,,,,,,,,,,,,,,,,,,,nan,,,,,,,,,,,,,,,
596,2469.799072265625,0.024667445570230484,2.4667445570230484,5867.729296445847,10000,ppo,ppo,crawler,flat,thdot_dth_neighbours_plus_thdot_direct,,,,,,,,,,,,,,,0.001888057168425174,0,781,0.0,0.0,,,,,,,,,,,,,,,,,,,,,,,,,,,,,,,,,,,,,,,,,,,,,,,,,,,,,,,,,,,,,,,,,,,,,,,,,,nan,,,,,,,,,,,,,,,
597,2497.443603515625,0.024945277720689774,2.4945277720689774,5877.881883621216,10000,ppo,ppo,crawler,flat,thdot_dth_neighbours_plus_thdot_direct,,,,,,,,,,,,,,,0.0019578831414557812,0,781,0.0,0.0,,,,,,,,,,,,,,,,,,,,,,,,,,,,,,,,,,,,,,,,,,,,,,,,,,,,,,,,,,,,,,,,,,,,,,,,,,nan,,,,,,,,,,,,,,,
598,2419.201904296875,0.024170681834220886,2.4170681834220886,5887.496907711029,10000,ppo,ppo,crawler,flat,thdot_dth_neighbours_plus_thdot_direct,,,,,,,,,,,,,,,0.001396183667187749,0,781,0.0,0.0,,,,,,,,,,,,,,,,,,,,,,,,,,,,,,,,,,,,,,,,,,,,,,,,,,,,,,,,,,,,,,,,,,,,,,,,,,nan,,,,,,,,,,,,,,,
599,2435.110595703125,0.024324456229805946,2.4324456229805946,5897.6225662231445,10000,ppo,ppo,crawler,flat,thdot_dth_neighbours_plus_thdot_direct,,,,,,,,,,,,,,,0.003116047588118189,0,781,0.0,0.0,,,,,,,,,,,,,,,,,,,,,,,,,,,,,,,,,,,,,,,,,,,,,,,,,,,,,,,,,,,,,,,,,,,,,,,,,,nan,,,,,,,,,,,,,,,
600,2414.681396484375,0.02412046305835247,2.412046305835247,5907.397677898407,10000,ppo,ppo,crawler,flat,thdot_dth_neighbours_plus_thdot_direct,,,,,,,,,,,,,,,0.0017966262150364346,0,781,0.0,0.0,,,,,,,,,,,,,,,,,,,,,,,,,,,,,,,,,,,,,,,,,,,,,,,,,,,,,,,,,,,,,,,,,,,,,,,,,,nan,,,,,,,,,,,,,,,
601,2356.953857421875,0.023545365780591965,2.3545365780591965,5917.423003196716,10000,ppo,ppo,crawler,flat,thdot_dth_neighbours_plus_thdot_direct,,,,,,,,,,,,,,,0.001850987194983099,0,781,0.0,0.0,,,,,,,,,,,,,,,,,,,,,,,,,,,,,,,,,,,,,,,,,,,,,,,,,,,,,,,,,,,,,,,,,,,,,,,,,,nan,,,,,,,,,,,,,,,
602,2318.946044921875,0.02316611260175705,2.316611260175705,5928.174299955368,10000,ppo,ppo,crawler,flat,thdot_dth_neighbours_plus_thdot_direct,,,,,,,,,,,,,,,0.0019885044721150115,0,781,0.0,0.0,,,,,,,,,,,,,,,,,,,,,,,,,,,,,,,,,,,,,,,,,,,,,,,,,,,,,,,,,,,,,,,,,,,,,,,,,,nan,,,,,,,,,,,,,,,
603,2351.223876953125,0.023489119485020638,2.3489119485020638,5937.768060207367,10000,ppo,ppo,crawler,flat,thdot_dth_neighbours_plus_thdot_direct,,,,,,,,,,,,,,,0.001855169559957771,0,781,0.0,0.0,,,,,,,,,,,,,,,,,,,,,,,,,,,,,,,,,,,,,,,,,,,,,,,,,,,,,,,,,,,,,,,,,,,,,,,,,,nan,,,,,,,,,,,,,,,
604,2253.053955078125,0.022505134344100952,2.250513434410095,5947.756357192993,10000,ppo,ppo,crawler,flat,thdot_dth_neighbours_plus_thdot_direct,,,,,,,,,,,,,,,0.0022569824631873485,0,781,0.0,0.0,,,,,,,,,,,,,,,,,,,,,,,,,,,,,,,,,,,,,,,,,,,,,,,,,,,,,,,,,,,,,,,,,,,,,,,,,,nan,,,,,,,,,,,,,,,
605,2419.492431640625,0.024169087409973145,2.4169087409973145,5957.9179430007935,10000,ppo,ppo,crawler,flat,thdot_dth_neighbours_plus_thdot_direct,,,,,,,,,,,,,,,0.001761269366403869,0,781,0.0,0.0,,,,,,,,,,,,,,,,,,,,,,,,,,,,,,,,,,,,,,,,,,,,,,,,,,,,,,,,,,,,,,,,,,,,,,,,,,nan,,,,,,,,,,,,,,,
606,2401.509521484375,0.02399122342467308,2.399122342467308,5967.455938100815,10000,ppo,ppo,crawler,flat,thdot_dth_neighbours_plus_thdot_direct,,,,,,,,,,,,,,,0.0016363060413306938,0,781,0.0,0.0,,,,,,,,,,,,,,,,,,,,,,,,,,,,,,,,,,,,,,,,,,,,,,,,,,,,,,,,,,,,,,,,,,,,,,,,,,nan,,,,,,,,,,,,,,,
607,2346.02294921875,0.02343352884054184,2.343352884054184,5977.635239839554,10000,ppo,ppo,crawler,flat,thdot_dth_neighbours_plus_thdot_direct,,,,,,,,,,,,,,,0.001655584875227966,0,781,0.0,0.0,,,,,,,,,,,,,,,,,,,,,,,,,,,,,,,,,,,,,,,,,,,,,,,,,,,,,,,,,,,,,,,,,,,,,,,,,,nan,,,,,,,,,,,,,,,
608,2335.319580078125,0.0233304463326931,2.33304463326931,5987.344002485275,10000,ppo,ppo,crawler,flat,thdot_dth_neighbours_plus_thdot_direct,,,,,,,,,,,,,,,0.0017539269602849098,0,781,0.0,0.0,,,,,,,,,,,,,,,,,,,,,,,,,,,,,,,,,,,,,,,,,,,,,,,,,,,,,,,,,,,,,,,,,,,,,,,,,,nan,,,,,,,,,,,,,,,
609,2440.777587890625,0.02437945455312729,2.437945455312729,5997.369457960129,10000,ppo,ppo,crawler,flat,thdot_dth_neighbours_plus_thdot_direct,,,,,,,,,,,,,,,0.0021534579961743207,0,781,0.0,0.0,,,,,,,,,,,,,,,,,,,,,,,,,,,,,,,,,,,,,,,,,,,,,,,,,,,,,,,,,,,,,,,,,,,,,,,,,,nan,,,,,,,,,,,,,,,
610,2523.4853515625,0.025212816894054413,2.5212816894054413,6007.174626111984,10000,ppo,ppo,crawler,flat,thdot_dth_neighbours_plus_thdot_direct,,,,,,,,,,,,,,,0.0020671643569561996,0,781,0.0,0.0,,,,,,,,,,,,,,,,,,,,,,,,,,,,,,,,,,,,,,,,,,,,,,,,,,,,,,,,,,,,,,,,,,,,,,,,,,nan,,,,,,,,,,,,,,,
611,2555.021240234375,0.02552388235926628,2.552388235926628,6016.720611810684,10000,ppo,ppo,crawler,flat,thdot_dth_neighbours_plus_thdot_direct,,,,,,,,,,,,,,,0.002525474530064809,0,781,0.0,0.0,,,,,,,,,,,,,,,,,,,,,,,,,,,,,,,,,,,,,,,,,,,,,,,,,,,,,,,,,,,,,,,,,,,,,,,,,,nan,,,,,,,,,,,,,,,
612,2456.128662109375,0.02453794702887535,2.453794702887535,6026.873393058777,10000,ppo,ppo,crawler,flat,thdot_dth_neighbours_plus_thdot_direct,,,,,,,,,,,,,,,0.002112948317635202,0,781,0.0,0.0,,,,,,,,,,,,,,,,,,,,,,,,,,,,,,,,,,,,,,,,,,,,,,,,,,,,,,,,,,,,,,,,,,,,,,,,,,nan,,,,,,,,,,,,,,,
613,2491.575439453125,0.024889742955565453,2.4889742955565453,6036.732391834259,10000,ppo,ppo,crawler,flat,thdot_dth_neighbours_plus_thdot_direct,,,,,,,,,,,,,,,0.0016406164872161506,0,781,0.0,0.0,,,,,,,,,,,,,,,,,,,,,,,,,,,,,,,,,,,,,,,,,,,,,,,,,,,,,,,,,,,,,,,,,,,,,,,,,,nan,,,,,,,,,,,,,,,
614,2439.059326171875,0.024369124323129654,2.4369124323129654,6046.388586997986,10000,ppo,ppo,crawler,flat,thdot_dth_neighbours_plus_thdot_direct,,,,,,,,,,,,,,,0.0018939158721674111,0,781,0.0,0.0,,,,,,,,,,,,,,,,,,,,,,,,,,,,,,,,,,,,,,,,,,,,,,,,,,,,,,,,,,,,,,,,,,,,,,,,,,nan,,,,,,,,,,,,,,,
615,2409.830810546875,0.024070587009191513,2.4070587009191513,6056.393290281296,10000,ppo,ppo,crawler,flat,thdot_dth_neighbours_plus_thdot_direct,,,,,,,,,,,,,,,0.0022933657342590046,0,781,0.0,0.0,,,,,,,,,,,,,,,,,,,,,,,,,,,,,,,,,,,,,,,,,,,,,,,,,,,,,,,,,,,,,,,,,,,,,,,,,,nan,,,,,,,,,,,,,,,
616,2462.509033203125,0.02459638938307762,2.459638938307762,6066.135671138763,10000,ppo,ppo,crawler,flat,thdot_dth_neighbours_plus_thdot_direct,,,,,,,,,,,,,,,0.0014976883644748959,0,781,0.0,0.0,,,,,,,,,,,,,,,,,,,,,,,,,,,,,,,,,,,,,,,,,,,,,,,,,,,,,,,,,,,,,,,,,,,,,,,,,,nan,,,,,,,,,,,,,,,
617,2513.81884765625,0.025112392380833626,2.5112392380833626,6076.2323796749115,10000,ppo,ppo,crawler,flat,thdot_dth_neighbours_plus_thdot_direct,,,,,,,,,,,,,,,0.0013548768175035508,0,781,0.0,0.0,,,,,,,,,,,,,,,,,,,,,,,,,,,,,,,,,,,,,,,,,,,,,,,,,,,,,,,,,,,,,,,,,,,,,,,,,,nan,,,,,,,,,,,,,,,
618,2458.32568359375,0.02455626241862774,2.455626241862774,6086.062646627426,10000,ppo,ppo,crawler,flat,thdot_dth_neighbours_plus_thdot_direct,,,,,,,,,,,,,,,0.002527043831303721,0,781,0.0,0.0,,,,,,,,,,,,,,,,,,,,,,,,,,,,,,,,,,,,,,,,,,,,,,,,,,,,,,,,,,,,,,,,,,,,,,,,,,nan,,,,,,,,,,,,,,,
619,2557.826904296875,0.025552265346050262,2.5552265346050262,6095.981183052063,10000,ppo,ppo,crawler,flat,thdot_dth_neighbours_plus_thdot_direct,,,,,,,,,,,,,,,0.0013674238410911865,0,781,0.0,0.0,,,,,,,,,,,,,,,,,,,,,,,,,,,,,,,,,,,,,,,,,,,,,,,,,,,,,,,,,,,,,,,,,,,,,,,,,,nan,,,,,,,,,,,,,,,
620,2509.491455078125,0.02506653033196926,2.506653033196926,6106.65518283844,10000,ppo,ppo,crawler,flat,thdot_dth_neighbours_plus_thdot_direct,,,,,,,,,,,,,,,0.0015959858034595292,0,781,0.0,0.0,,,,,,,,,,,,,,,,,,,,,,,,,,,,,,,,,,,,,,,,,,,,,,,,,,,,,,,,,,,,,,,,,,,,,,,,,,nan,,,,,,,,,,,,,,,
621,2448.898193359375,0.02446366846561432,2.446366846561432,6116.291730165482,10000,ppo,ppo,crawler,flat,thdot_dth_neighbours_plus_thdot_direct,,,,,,,,,,,,,,,0.0016759279352179398,0,781,0.0,0.0,,,,,,,,,,,,,,,,,,,,,,,,,,,,,,,,,,,,,,,,,,,,,,,,,,,,,,,,,,,,,,,,,,,,,,,,,,nan,,,,,,,,,,,,,,,
622,2535.291748046875,0.025324422866106033,2.5324422866106033,6126.032809972763,10000,ppo,ppo,crawler,flat,thdot_dth_neighbours_plus_thdot_direct,,,,,,,,,,,,,,,0.002080088798063597,0,781,0.0,0.0,,,,,,,,,,,,,,,,,,,,,,,,,,,,,,,,,,,,,,,,,,,,,,,,,,,,,,,,,,,,,,,,,,,,,,,,,,nan,,,,,,,,,,,,,,,
623,2624.52001953125,0.02622201107442379,2.622201107442379,6136.043445825577,10000,ppo,ppo,crawler,flat,thdot_dth_neighbours_plus_thdot_direct,,,,,,,,,,,,,,,0.002068887469249603,0,781,0.0,0.0,,,,,,,,,,,,,,,,,,,,,,,,,,,,,,,,,,,,,,,,,,,,,,,,,,,,,,,,,,,,,,,,,,,,,,,,,,nan,,,,,,,,,,,,,,,
624,2460.84521484375,0.024583494290709496,2.4583494290709496,6145.500472068787,10000,ppo,ppo,crawler,flat,thdot_dth_neighbours_plus_thdot_direct,,,,,,,,,,,,,,,0.0019022631147491502,0,781,0.0,0.0,,,,,,,,,,,,,,,,,,,,,,,,,,,,,,,,,,,,,,,,,,,,,,,,,,,,,,,,,,,,,,,,,,,,,,,,,,nan,,,,,,,,,,,,,,,
625,2511.4482421875,0.025088580325245857,2.5088580325245857,6155.351629018784,10000,ppo,ppo,crawler,flat,thdot_dth_neighbours_plus_thdot_direct,,,,,,,,,,,,,,,0.001870187007667714,0,781,0.0,0.0,,,,,,,,,,,,,,,,,,,,,,,,,,,,,,,,,,,,,,,,,,,,,,,,,,,,,,,,,,,,,,,,,,,,,,,,,,nan,,,,,,,,,,,,,,,
626,2637.24609375,0.026345523074269295,2.6345523074269295,6164.866554260254,10000,ppo,ppo,crawler,flat,thdot_dth_neighbours_plus_thdot_direct,,,,,,,,,,,,,,,0.0016375693290857072,0,781,0.0,0.0,,,,,,,,,,,,,,,,,,,,,,,,,,,,,,,,,,,,,,,,,,,,,,,,,,,,,,,,,,,,,,,,,,,,,,,,,,nan,,,,,,,,,,,,,,,
627,2615.535888671875,0.026131166145205498,2.6131166145205498,6175.012894630432,10000,ppo,ppo,crawler,flat,thdot_dth_neighbours_plus_thdot_direct,,,,,,,,,,,,,,,0.0015148351180514033,0,781,0.0,0.0,,,,,,,,,,,,,,,,,,,,,,,,,,,,,,,,,,,,,,,,,,,,,,,,,,,,,,,,,,,,,,,,,,,,,,,,,,nan,,,,,,,,,,,,,,,
628,2528.52978515625,0.025264279916882515,2.5264279916882515,6184.832952737808,10000,ppo,ppo,crawler,flat,thdot_dth_neighbours_plus_thdot_direct,,,,,,,,,,,,,,,0.0032070313220806624,0,781,0.0,0.0,,,,,,,,,,,,,,,,,,,,,,,,,,,,,,,,,,,,,,,,,,,,,,,,,,,,,,,,,,,,,,,,,,,,,,,,,,nan,,,,,,,,,,,,,,,
629,2599.906982421875,0.025973118841648102,2.59731188416481,6194.747590303421,10000,ppo,ppo,crawler,flat,thdot_dth_neighbours_plus_thdot_direct,,,,,,,,,,,,,,,0.0014148780258564334,0,781,0.0,0.0,,,,,,,,,,,,,,,,,,,,,,,,,,,,,,,,,,,,,,,,,,,,,,,,,,,,,,,,,,,,,,,,,,,,,,,,,,nan,,,,,,,,,,,,,,,
630,2509.426513671875,0.02506769821047783,2.506769821047783,6204.953366994858,10000,ppo,ppo,crawler,flat,thdot_dth_neighbours_plus_thdot_direct,,,,,,,,,,,,,,,0.0016128882840644313,0,781,0.0,0.0,,,,,,,,,,,,,,,,,,,,,,,,,,,,,,,,,,,,,,,,,,,,,,,,,,,,,,,,,,,,,,,,,,,,,,,,,,nan,,,,,,,,,,,,,,,
631,2616.024658203125,0.026129286736249924,2.6129286736249924,6214.722378492355,10000,ppo,ppo,crawler,flat,thdot_dth_neighbours_plus_thdot_direct,,,,,,,,,,,,,,,0.0016362508089859148,0,781,0.0,0.0,,,,,,,,,,,,,,,,,,,,,,,,,,,,,,,,,,,,,,,,,,,,,,,,,,,,,,,,,,,,,,,,,,,,,,,,,,nan,,,,,,,,,,,,,,,
632,2640.442138671875,0.026374539360404015,2.6374539360404015,6224.440535545349,10000,ppo,ppo,crawler,flat,thdot_dth_neighbours_plus_thdot_direct,,,,,,,,,,,,,,,0.0021929014710194176,0,781,0.0,0.0,,,,,,,,,,,,,,,,,,,,,,,,,,,,,,,,,,,,,,,,,,,,,,,,,,,,,,,,,,,,,,,,,,,,,,,,,,nan,,,,,,,,,,,,,,,
633,2517.467529296875,0.025148000568151474,2.5148000568151474,6234.520409822464,10000,ppo,ppo,crawler,flat,thdot_dth_neighbours_plus_thdot_direct,,,,,,,,,,,,,,,0.0014245770399377432,0,781,0.0,0.0,,,,,,,,,,,,,,,,,,,,,,,,,,,,,,,,,,,,,,,,,,,,,,,,,,,,,,,,,,,,,,,,,,,,,,,,,,nan,,,,,,,,,,,,,,,
634,2558.481689453125,0.025559164583683014,2.5559164583683014,6244.208128213882,10000,ppo,ppo,crawler,flat,thdot_dth_neighbours_plus_thdot_direct,,,,,,,,,,,,,,,0.0020845458929166184,0,781,0.0,0.0,,,,,,,,,,,,,,,,,,,,,,,,,,,,,,,,,,,,,,,,,,,,,,,,,,,,,,,,,,,,,,,,,,,,,,,,,,nan,,,,,,,,,,,,,,,
635,2518.134765625,0.025151032954454422,2.515103295445442,6254.751894235611,10000,ppo,ppo,crawler,flat,thdot_dth_neighbours_plus_thdot_direct,,,,,,,,,,,,,,,0.0016383458194590096,0,781,0.0,0.0,,,,,,,,,,,,,,,,,,,,,,,,,,,,,,,,,,,,,,,,,,,,,,,,,,,,,,,,,,,,,,,,,,,,,,,,,,nan,,,,,,,,,,,,,,,
636,2609.94580078125,0.026069600135087967,2.6069600135087967,6264.484573364258,10000,ppo,ppo,crawler,flat,thdot_dth_neighbours_plus_thdot_direct,,,,,,,,,,,,,,,0.001966798672150624,0,781,0.0,0.0,,,,,,,,,,,,,,,,,,,,,,,,,,,,,,,,,,,,,,,,,,,,,,,,,,,,,,,,,,,,,,,,,,,,,,,,,,nan,,,,,,,,,,,,,,,
637,2481.634521484375,0.02479204721748829,2.479204721748829,6273.8001964092255,10000,ppo,ppo,crawler,flat,thdot_dth_neighbours_plus_thdot_direct,,,,,,,,,,,,,,,0.0020184187735614255,0,781,0.0,0.0,,,,,,,,,,,,,,,,,,,,,,,,,,,,,,,,,,,,,,,,,,,,,,,,,,,,,,,,,,,,,,,,,,,,,,,,,,nan,,,,,,,,,,,,,,,
638,2465.656005859375,0.024627314880490303,2.4627314880490303,6283.998160123825,10000,ppo,ppo,crawler,flat,thdot_dth_neighbours_plus_thdot_direct,,,,,,,,,,,,,,,0.0025083432575822126,0,781,0.0,0.0,,,,,,,,,,,,,,,,,,,,,,,,,,,,,,,,,,,,,,,,,,,,,,,,,,,,,,,,,,,,,,,,,,,,,,,,,,nan,,,,,,,,,,,,,,,
639,2575.775390625,0.025734182447195053,2.5734182447195053,6293.345452308655,10000,ppo,ppo,crawler,flat,thdot_dth_neighbours_plus_thdot_direct,,,,,,,,,,,,,,,0.00197365925241445,0,781,0.0,0.0,,,,,,,,,,,,,,,,,,,,,,,,,,,,,,,,,,,,,,,,,,,,,,,,,,,,,,,,,,,,,,,,,,,,,,,,,,nan,,,,,,,,,,,,,,,
640,2546.483642578125,0.02543853037059307,2.543853037059307,6303.48743391037,10000,ppo,ppo,crawler,flat,thdot_dth_neighbours_plus_thdot_direct,,,,,,,,,,,,,,,0.00173123732106555,0,781,0.0,0.0,,,,,,,,,,,,,,,,,,,,,,,,,,,,,,,,,,,,,,,,,,,,,,,,,,,,,,,,,,,,,,,,,,,,,,,,,,nan,,,,,,,,,,,,,,,
641,2467.872802734375,0.024650726467370987,2.4650726467370987,6313.413558483124,10000,ppo,ppo,crawler,flat,thdot_dth_neighbours_plus_thdot_direct,,,,,,,,,,,,,,,0.0025036640179713298,0,781,0.0,0.0,,,,,,,,,,,,,,,,,,,,,,,,,,,,,,,,,,,,,,,,,,,,,,,,,,,,,,,,,,,,,,,,,,,,,,,,,,nan,,,,,,,,,,,,,,,
642,2493.868408203125,0.02491198666393757,2.491198666393757,6323.327776193619,10000,ppo,ppo,crawler,flat,thdot_dth_neighbours_plus_thdot_direct,,,,,,,,,,,,,,,0.001717132274442317,0,781,0.0,0.0,,,,,,,,,,,,,,,,,,,,,,,,,,,,,,,,,,,,,,,,,,,,,,,,,,,,,,,,,,,,,,,,,,,,,,,,,,nan,,,,,,,,,,,,,,,
643,2432.142333984375,0.024298138916492462,2.429813891649246,6333.065622091293,10000,ppo,ppo,crawler,flat,thdot_dth_neighbours_plus_thdot_direct,,,,,,,,,,,,,,,0.0032086822206239345,0,781,0.0,0.0,,,,,,,,,,,,,,,,,,,,,,,,,,,,,,,,,,,,,,,,,,,,,,,,,,,,,,,,,,,,,,,,,,,,,,,,,,nan,,,,,,,,,,,,,,,
644,2402.824951171875,0.02400149405002594,2.400149405002594,6342.840831041336,10000,ppo,ppo,crawler,flat,thdot_dth_neighbours_plus_thdot_direct,,,,,,,,,,,,,,,0.0022186626586423635,0,781,0.0,0.0,,,,,,,,,,,,,,,,,,,,,,,,,,,,,,,,,,,,,,,,,,,,,,,,,,,,,,,,,,,,,,,,,,,,,,,,,,nan,,,,,,,,,,,,,,,
645,2461.999755859375,0.02459132671356201,2.459132671356201,6352.909660577774,10000,ppo,ppo,crawler,flat,thdot_dth_neighbours_plus_thdot_direct,,,,,,,,,,,,,,,0.0024216294619166124,0,781,0.0,0.0,,,,,,,,,,,,,,,,,,,,,,,,,,,,,,,,,,,,,,,,,,,,,,,,,,,,,,,,,,,,,,,,,,,,,,,,,,nan,,,,,,,,,,,,,,,
646,2538.41650390625,0.025355905294418335,2.5355905294418335,6363.302257061005,10000,ppo,ppo,crawler,flat,thdot_dth_neighbours_plus_thdot_direct,,,,,,,,,,,,,,,0.0022931013953807677,0,781,0.0,0.0,,,,,,,,,,,,,,,,,,,,,,,,,,,,,,,,,,,,,,,,,,,,,,,,,,,,,,,,,,,,,,,,,,,,,,,,,,nan,,,,,,,,,,,,,,,
647,2360.335693359375,0.023577185347676277,2.3577185347676277,6372.7877032756805,10000,ppo,ppo,crawler,flat,thdot_dth_neighbours_plus_thdot_direct,,,,,,,,,,,,,,,0.0011896625434280224,0,781,0.0,0.0,,,,,,,,,,,,,,,,,,,,,,,,,,,,,,,,,,,,,,,,,,,,,,,,,,,,,,,,,,,,,,,,,,,,,,,,,,nan,,,,,,,,,,,,,,,
648,2500.953125,0.024986498057842255,2.4986498057842255,6382.930653095245,10000,ppo,ppo,crawler,flat,thdot_dth_neighbours_plus_thdot_direct,,,,,,,,,,,,,,,0.0010341711393396878,0,781,0.0,0.0,,,,,,,,,,,,,,,,,,,,,,,,,,,,,,,,,,,,,,,,,,,,,,,,,,,,,,,,,,,,,,,,,,,,,,,,,,nan,,,,,,,,,,,,,,,
649,2444.175537109375,0.024415871128439903,2.4415871128439903,6392.98601102829,10000,ppo,ppo,crawler,flat,thdot_dth_neighbours_plus_thdot_direct,,,,,,,,,,,,,,,0.0018622965853711453,0,781,0.0,0.0,,,,,,,,,,,,,,,,,,,,,,,,,,,,,,,,,,,,,,,,,,,,,,,,,,,,,,,,,,,,,,,,,,,,,,,,,,nan,,,,,,,,,,,,,,,
650,2367.3349609375,0.02364956960082054,2.364956960082054,6402.710918664932,10000,ppo,ppo,crawler,flat,thdot_dth_neighbours_plus_thdot_direct,,,,,,,,,,,,,,,0.0018507398063101648,0,781,0.0,0.0,,,,,,,,,,,,,,,,,,,,,,,,,,,,,,,,,,,,,,,,,,,,,,,,,,,,,,,,,,,,,,,,,,,,,,,,,,nan,,,,,,,,,,,,,,,
651,2543.214111328125,0.025403393432497978,2.540339343249798,6412.64071393013,10000,ppo,ppo,crawler,flat,thdot_dth_neighbours_plus_thdot_direct,,,,,,,,,,,,,,,0.0016583389892223768,0,781,0.0,0.0,,,,,,,,,,,,,,,,,,,,,,,,,,,,,,,,,,,,,,,,,,,,,,,,,,,,,,,,,,,,,,,,,,,,,,,,,,nan,,,,,,,,,,,,,,,
652,2588.06494140625,0.025847863405942917,2.5847863405942917,6422.118330955505,10000,ppo,ppo,crawler,flat,thdot_dth_neighbours_plus_thdot_direct,,,,,,,,,,,,,,,0.0014309936914700797,0,781,0.0,0.0,,,,,,,,,,,,,,,,,,,,,,,,,,,,,,,,,,,,,,,,,,,,,,,,,,,,,,,,,,,,,,,,,,,,,,,,,,nan,,,,,,,,,,,,,,,
653,2579.831787109375,0.02576976828277111,2.576976828277111,6432.226722002029,10000,ppo,ppo,crawler,flat,thdot_dth_neighbours_plus_thdot_direct,,,,,,,,,,,,,,,0.0014802787086188548,0,781,0.0,0.0,,,,,,,,,,,,,,,,,,,,,,,,,,,,,,,,,,,,,,,,,,,,,,,,,,,,,,,,,,,,,,,,,,,,,,,,,,nan,,,,,,,,,,,,,,,
654,2659.577880859375,0.02657260373234749,2.657260373234749,6441.952184438705,10000,ppo,ppo,crawler,flat,thdot_dth_neighbours_plus_thdot_direct,,,,,,,,,,,,,,,0.0010159293005207789,0,781,0.0,0.0,,,,,,,,,,,,,,,,,,,,,,,,,,,,,,,,,,,,,,,,,,,,,,,,,,,,,,,,,,,,,,,,,,,,,,,,,,nan,,,,,,,,,,,,,,,
655,2495.729248046875,0.02493184059858322,2.493184059858322,6451.720343351364,10000,ppo,ppo,crawler,flat,thdot_dth_neighbours_plus_thdot_direct,,,,,,,,,,,,,,,0.0013964209496900597,0,781,0.0,0.0,,,,,,,,,,,,,,,,,,,,,,,,,,,,,,,,,,,,,,,,,,,,,,,,,,,,,,,,,,,,,,,,,,,,,,,,,,nan,,,,,,,,,,,,,,,
656,2585.155029296875,0.025822637602686882,2.582263760268688,6461.771828174591,10000,ppo,ppo,crawler,flat,thdot_dth_neighbours_plus_thdot_direct,,,,,,,,,,,,,,,0.001541630046390269,0,781,0.0,0.0,,,,,,,,,,,,,,,,,,,,,,,,,,,,,,,,,,,,,,,,,,,,,,,,,,,,,,,,,,,,,,,,,,,,,,,,,,nan,,,,,,,,,,,,,,,
657,2585.076171875,0.025821099057793617,2.5821099057793617,6471.2444796562195,10000,ppo,ppo,crawler,flat,thdot_dth_neighbours_plus_thdot_direct,,,,,,,,,,,,,,,0.0012864116054459864,0,781,0.0,0.0,,,,,,,,,,,,,,,,,,,,,,,,,,,,,,,,,,,,,,,,,,,,,,,,,,,,,,,,,,,,,,,,,,,,,,,,,,nan,,,,,,,,,,,,,,,
658,2507.141357421875,0.025044573470950127,2.5044573470950127,6480.970172405243,10000,ppo,ppo,crawler,flat,thdot_dth_neighbours_plus_thdot_direct,,,,,,,,,,,,,,,0.001604618477743184,0,781,0.0,0.0,,,,,,,,,,,,,,,,,,,,,,,,,,,,,,,,,,,,,,,,,,,,,,,,,,,,,,,,,,,,,,,,,,,,,,,,,,nan,,,,,,,,,,,,,,,
659,2596.77734375,0.025941653177142143,2.5941653177142143,6490.783610343933,10000,ppo,ppo,crawler,flat,thdot_dth_neighbours_plus_thdot_direct,,,,,,,,,,,,,,,0.0014927834007763972,0,781,0.0,0.0,,,,,,,,,,,,,,,,,,,,,,,,,,,,,,,,,,,,,,,,,,,,,,,,,,,,,,,,,,,,,,,,,,,,,,,,,,nan,,,,,,,,,,,,,,,
660,2624.238525390625,0.026210656389594078,2.621065638959408,6500.756421089172,10000,ppo,ppo,crawler,flat,thdot_dth_neighbours_plus_thdot_direct,,,,,,,,,,,,,,,0.002297913576542642,0,781,0.0,0.0,,,,,,,,,,,,,,,,,,,,,,,,,,,,,,,,,,,,,,,,,,,,,,,,,,,,,,,,,,,,,,,,,,,,,,,,,,nan,,,,,,,,,,,,,,,
661,2500.788330078125,0.0249814260751009,2.49814260751009,6510.825018644333,10000,ppo,ppo,crawler,flat,thdot_dth_neighbours_plus_thdot_direct,,,,,,,,,,,,,,,0.0015242959097245806,0,781,0.0,0.0,,,,,,,,,,,,,,,,,,,,,,,,,,,,,,,,,,,,,,,,,,,,,,,,,,,,,,,,,,,,,,,,,,,,,,,,,,nan,,,,,,,,,,,,,,,
662,2536.46875,0.025335365906357765,2.5335365906357765,6520.614727735519,10000,ppo,ppo,crawler,flat,thdot_dth_neighbours_plus_thdot_direct,,,,,,,,,,,,,,,0.0016673968126456372,0,781,0.0,0.0,,,,,,,,,,,,,,,,,,,,,,,,,,,,,,,,,,,,,,,,,,,,,,,,,,,,,,,,,,,,,,,,,,,,,,,,,,nan,,,,,,,,,,,,,,,
663,2548.806396484375,0.025462808087468147,2.5462808087468147,6530.420298814774,10000,ppo,ppo,crawler,flat,thdot_dth_neighbours_plus_thdot_direct,,,,,,,,,,,,,,,0.0024623925485979512,0,781,0.0,0.0,,,,,,,,,,,,,,,,,,,,,,,,,,,,,,,,,,,,,,,,,,,,,,,,,,,,,,,,,,,,,,,,,,,,,,,,,,nan,,,,,,,,,,,,,,,
664,2499.362548828125,0.024967104196548462,2.496710419654846,6540.447487831116,10000,ppo,ppo,crawler,flat,thdot_dth_neighbours_plus_thdot_direct,,,,,,,,,,,,,,,0.001593076794714355,0,781,0.0,0.0,,,,,,,,,,,,,,,,,,,,,,,,,,,,,,,,,,,,,,,,,,,,,,,,,,,,,,,,,,,,,,,,,,,,,,,,,,nan,,,,,,,,,,,,,,,
665,2468.310791015625,0.024659598246216774,2.4659598246216774,6550.140388965607,10000,ppo,ppo,crawler,flat,thdot_dth_neighbours_plus_thdot_direct,,,,,,,,,,,,,,,0.0013063650476967633,0,781,0.0,0.0,,,,,,,,,,,,,,,,,,,,,,,,,,,,,,,,,,,,,,,,,,,,,,,,,,,,,,,,,,,,,,,,,,,,,,,,,,nan,,,,,,,,,,,,,,,
666,2549.854736328125,0.025473812595009804,2.5473812595009804,6559.978084802628,10000,ppo,ppo,crawler,flat,thdot_dth_neighbours_plus_thdot_direct,,,,,,,,,,,,,,,0.002070498239272673,0,781,0.0,0.0,,,,,,,,,,,,,,,,,,,,,,,,,,,,,,,,,,,,,,,,,,,,,,,,,,,,,,,,,,,,,,,,,,,,,,,,,,nan,,,,,,,,,,,,,,,
667,2632.02001953125,0.026295769959688187,2.6295769959688187,6569.600890159607,10000,ppo,ppo,crawler,flat,thdot_dth_neighbours_plus_thdot_direct,,,,,,,,,,,,,,,0.0025698247403742828,0,781,0.0,0.0,,,,,,,,,,,,,,,,,,,,,,,,,,,,,,,,,,,,,,,,,,,,,,,,,,,,,,,,,,,,,,,,,,,,,,,,,,nan,,,,,,,,,,,,,,,
668,2609.938720703125,0.026073241606354713,2.6073241606354713,6579.692268133163,10000,ppo,ppo,crawler,flat,thdot_dth_neighbours_plus_thdot_direct,,,,,,,,,,,,,,,0.0016880203912861592,0,781,0.0,0.0,,,,,,,,,,,,,,,,,,,,,,,,,,,,,,,,,,,,,,,,,,,,,,,,,,,,,,,,,,,,,,,,,,,,,,,,,,nan,,,,,,,,,,,,,,,
669,2626.895263671875,0.026244768872857094,2.6244768872857094,6589.480849742889,10000,ppo,ppo,crawler,flat,thdot_dth_neighbours_plus_thdot_direct,,,,,,,,,,,,,,,0.0014121942395618357,0,781,0.0,0.0,,,,,,,,,,,,,,,,,,,,,,,,,,,,,,,,,,,,,,,,,,,,,,,,,,,,,,,,,,,,,,,,,,,,,,,,,,nan,,,,,,,,,,,,,,,
670,2517.523681640625,0.025148559361696243,2.5148559361696243,6599.177738428116,10000,ppo,ppo,crawler,flat,thdot_dth_neighbours_plus_thdot_direct,,,,,,,,,,,,,,,0.0026375589803087625,0,781,0.0,0.0,,,,,,,,,,,,,,,,,,,,,,,,,,,,,,,,,,,,,,,,,,,,,,,,,,,,,,,,,,,,,,,,,,,,,,,,,,nan,,,,,,,,,,,,,,,
671,2545.345458984375,0.025427019223570824,2.5427019223570824,6609.254919290543,10000,ppo,ppo,crawler,flat,thdot_dth_neighbours_plus_thdot_direct,,,,,,,,,,,,,,,0.0017513313473905274,0,781,0.0,0.0,,,,,,,,,,,,,,,,,,,,,,,,,,,,,,,,,,,,,,,,,,,,,,,,,,,,,,,,,,,,,,,,,,,,,,,,,,nan,,,,,,,,,,,,,,,
672,2558.16259765625,0.025555020198225975,2.5555020198225975,6618.848119020462,10000,ppo,ppo,crawler,flat,thdot_dth_neighbours_plus_thdot_direct,,,,,,,,,,,,,,,0.0026677382730314453,0,781,0.0,0.0,,,,,,,,,,,,,,,,,,,,,,,,,,,,,,,,,,,,,,,,,,,,,,,,,,,,,,,,,,,,,,,,,,,,,,,,,,nan,,,,,,,,,,,,,,,
673,2637.76953125,0.026349510997533798,2.63495109975338,6628.647233724594,10000,ppo,ppo,crawler,flat,thdot_dth_neighbours_plus_thdot_direct,,,,,,,,,,,,,,,0.0017255535093570907,0,781,0.0,0.0,,,,,,,,,,,,,,,,,,,,,,,,,,,,,,,,,,,,,,,,,,,,,,,,,,,,,,,,,,,,,,,,,,,,,,,,,,nan,,,,,,,,,,,,,,,
674,2623.200439453125,0.026204729452729225,2.6204729452729225,6638.390327215195,10000,ppo,ppo,crawler,flat,thdot_dth_neighbours_plus_thdot_direct,,,,,,,,,,,,,,,0.0016697905517743862,0,781,0.0,0.0,,,,,,,,,,,,,,,,,,,,,,,,,,,,,,,,,,,,,,,,,,,,,,,,,,,,,,,,,,,,,,,,,,,,,,,,,,nan,,,,,,,,,,,,,,,
675,2613.05126953125,0.02610551007091999,2.610551007091999,6648.4324514865875,10000,ppo,ppo,crawler,flat,thdot_dth_neighbours_plus_thdot_direct,,,,,,,,,,,,,,,0.0022061578855220696,0,781,0.0,0.0,,,,,,,,,,,,,,,,,,,,,,,,,,,,,,,,,,,,,,,,,,,,,,,,,,,,,,,,,,,,,,,,,,,,,,,,,,nan,,,,,,,,,,,,,,,
676,2603.722900390625,0.026010075584053993,2.6010075584053993,6658.1975955963135,10000,ppo,ppo,crawler,flat,thdot_dth_neighbours_plus_thdot_direct,,,,,,,,,,,,,,,0.002089529614269623,0,781,0.0,0.0,,,,,,,,,,,,,,,,,,,,,,,,,,,,,,,,,,,,,,,,,,,,,,,,,,,,,,,,,,,,,,,,,,,,,,,,,,nan,,,,,,,,,,,,,,,
677,2633.466552734375,0.026305437088012695,2.6305437088012695,6668.024067163467,10000,ppo,ppo,crawler,flat,thdot_dth_neighbours_plus_thdot_direct,,,,,,,,,,,,,,,0.001961187091109727,0,781,0.0,0.0,,,,,,,,,,,,,,,,,,,,,,,,,,,,,,,,,,,,,,,,,,,,,,,,,,,,,,,,,,,,,,,,,,,,,,,,,,nan,,,,,,,,,,,,,,,
678,2679.487548828125,0.0267685167491436,2.67685167491436,6677.8519768714905,10000,ppo,ppo,crawler,flat,thdot_dth_neighbours_plus_thdot_direct,,,,,,,,,,,,,,,0.0012750064845602213,0,781,0.0,0.0,,,,,,,,,,,,,,,,,,,,,,,,,,,,,,,,,,,,,,,,,,,,,,,,,,,,,,,,,,,,,,,,,,,,,,,,,,nan,,,,,,,,,,,,,,,
679,2711.369873046875,0.027084844186902046,2.7084844186902046,6687.451869249344,10000,ppo,ppo,crawler,flat,thdot_dth_neighbours_plus_thdot_direct,,,,,,,,,,,,,,,0.0028249616265897805,0,781,0.0,0.0,,,,,,,,,,,,,,,,,,,,,,,,,,,,,,,,,,,,,,,,,,,,,,,,,,,,,,,,,,,,,,,,,,,,,,,,,,nan,,,,,,,,,,,,,,,
680,2711.422607421875,0.027085933834314346,2.7085933834314346,6697.095567703247,10000,ppo,ppo,crawler,flat,thdot_dth_neighbours_plus_thdot_direct,,,,,,,,,,,,,,,0.0014225490838894093,0,781,0.0,0.0,,,,,,,,,,,,,,,,,,,,,,,,,,,,,,,,,,,,,,,,,,,,,,,,,,,,,,,,,,,,,,,,,,,,,,,,,,nan,,,,,,,,,,,,,,,
681,2652.315673828125,0.026492027565836906,2.6492027565836906,6706.602153539658,10000,ppo,ppo,crawler,flat,thdot_dth_neighbours_plus_thdot_direct,,,,,,,,,,,,,,,0.001962186609144154,0,781,0.0,0.0,,,,,,,,,,,,,,,,,,,,,,,,,,,,,,,,,,,,,,,,,,,,,,,,,,,,,,,,,,,,,,,,,,,,,,,,,,nan,,,,,,,,,,,,,,,
682,2683.70166015625,0.02680923044681549,2.680923044681549,6716.705750703812,10000,ppo,ppo,crawler,flat,thdot_dth_neighbours_plus_thdot_direct,,,,,,,,,,,,,,,0.0017919118594455095,0,781,0.0,0.0,,,,,,,,,,,,,,,,,,,,,,,,,,,,,,,,,,,,,,,,,,,,,,,,,,,,,,,,,,,,,,,,,,,,,,,,,,nan,,,,,,,,,,,,,,,
683,2599.909423828125,0.02597304992377758,2.597304992377758,6726.523007154465,10000,ppo,ppo,crawler,flat,thdot_dth_neighbours_plus_thdot_direct,,,,,,,,,,,,,,,0.0025736983109723374,0,781,0.0,0.0,,,,,,,,,,,,,,,,,,,,,,,,,,,,,,,,,,,,,,,,,,,,,,,,,,,,,,,,,,,,,,,,,,,,,,,,,,nan,,,,,,,,,,,,,,,
684,2630.491943359375,0.026277508586645126,2.6277508586645126,6736.02282834053,10000,ppo,ppo,crawler,flat,thdot_dth_neighbours_plus_thdot_direct,,,,,,,,,,,,,,,0.002085054475174839,0,781,0.0,0.0,,,,,,,,,,,,,,,,,,,,,,,,,,,,,,,,,,,,,,,,,,,,,,,,,,,,,,,,,,,,,,,,,,,,,,,,,,nan,,,,,,,,,,,,,,,
685,2662.118896484375,0.02659439668059349,2.659439668059349,6745.995536565781,10000,ppo,ppo,crawler,flat,thdot_dth_neighbours_plus_thdot_direct,,,,,,,,,,,,,,,0.001508790530570911,0,781,0.0,0.0,,,,,,,,,,,,,,,,,,,,,,,,,,,,,,,,,,,,,,,,,,,,,,,,,,,,,,,,,,,,,,,,,,,,,,,,,,nan,,,,,,,,,,,,,,,
686,2653.935302734375,0.026508331298828125,2.6508331298828125,6755.659501552582,10000,ppo,ppo,crawler,flat,thdot_dth_neighbours_plus_thdot_direct,,,,,,,,,,,,,,,0.0021809312122387523,0,781,0.0,0.0,,,,,,,,,,,,,,,,,,,,,,,,,,,,,,,,,,,,,,,,,,,,,,,,,,,,,,,,,,,,,,,,,,,,,,,,,,nan,,,,,,,,,,,,,,,
687,2783.66845703125,0.027811504900455475,2.7811504900455475,6765.600973844528,10000,ppo,ppo,crawler,flat,thdot_dth_neighbours_plus_thdot_direct,,,,,,,,,,,,,,,0.0021728920217184804,0,781,0.0,0.0,,,,,,,,,,,,,,,,,,,,,,,,,,,,,,,,,,,,,,,,,,,,,,,,,,,,,,,,,,,,,,,,,,,,,,,,,,nan,,,,,,,,,,,,,,,
688,2656.376220703125,0.0265363696962595,2.65363696962595,6775.359789609909,10000,ppo,ppo,crawler,flat,thdot_dth_neighbours_plus_thdot_direct,,,,,,,,,,,,,,,0.0028296934015513532,0,781,0.0,0.0,,,,,,,,,,,,,,,,,,,,,,,,,,,,,,,,,,,,,,,,,,,,,,,,,,,,,,,,,,,,,,,,,,,,,,,,,,nan,,,,,,,,,,,,,,,
689,2567.86767578125,0.02565142512321472,2.565142512321472,6785.097074508667,10000,ppo,ppo,crawler,flat,thdot_dth_neighbours_plus_thdot_direct,,,,,,,,,,,,,,,0.0030753284163072994,0,781,0.0,0.0,,,,,,,,,,,,,,,,,,,,,,,,,,,,,,,,,,,,,,,,,,,,,,,,,,,,,,,,,,,,,,,,,,,,,,,,,,nan,,,,,,,,,,,,,,,
690,2637.86376953125,0.02635255455970764,2.635255455970764,6795.233365058899,10000,ppo,ppo,crawler,flat,thdot_dth_neighbours_plus_thdot_direct,,,,,,,,,,,,,,,0.00245232601088823,0,781,0.0,0.0,,,,,,,,,,,,,,,,,,,,,,,,,,,,,,,,,,,,,,,,,,,,,,,,,,,,,,,,,,,,,,,,,,,,,,,,,,nan,,,,,,,,,,,,,,,
691,2655.040283203125,0.026519417762756348,2.6519417762756348,6804.720628023148,10000,ppo,ppo,crawler,flat,thdot_dth_neighbours_plus_thdot_direct,,,,,,,,,,,,,,,0.0019513257759479119,0,781,0.0,0.0,,,,,,,,,,,,,,,,,,,,,,,,,,,,,,,,,,,,,,,,,,,,,,,,,,,,,,,,,,,,,,,,,,,,,,,,,,nan,,,,,,,,,,,,,,,
692,2650.00537109375,0.026472648605704308,2.6472648605704308,6814.512032747269,10000,ppo,ppo,crawler,flat,thdot_dth_neighbours_plus_thdot_direct,,,,,,,,,,,,,,,0.0015886034703957923,0,781,0.0,0.0,,,,,,,,,,,,,,,,,,,,,,,,,,,,,,,,,,,,,,,,,,,,,,,,,,,,,,,,,,,,,,,,,,,,,,,,,,nan,,,,,,,,,,,,,,,
693,2640.610107421875,0.02638225257396698,2.638225257396698,6824.361921787262,10000,ppo,ppo,crawler,flat,thdot_dth_neighbours_plus_thdot_direct,,,,,,,,,,,,,,,0.001920856457789888,0,781,0.0,0.0,,,,,,,,,,,,,,,,,,,,,,,,,,,,,,,,,,,,,,,,,,,,,,,,,,,,,,,,,,,,,,,,,,,,,,,,,,nan,,,,,,,,,,,,,,,
694,2728.14697265625,0.02725374698638916,2.725374698638916,6833.983323097229,10000,ppo,ppo,crawler,flat,thdot_dth_neighbours_plus_thdot_direct,,,,,,,,,,,,,,,0.0019753559016502872,0,781,0.0,0.0,,,,,,,,,,,,,,,,,,,,,,,,,,,,,,,,,,,,,,,,,,,,,,,,,,,,,,,,,,,,,,,,,,,,,,,,,,nan,,,,,,,,,,,,,,,
695,2598.802734375,0.0259570125490427,2.59570125490427,6844.1051189899445,10000,ppo,ppo,crawler,flat,thdot_dth_neighbours_plus_thdot_direct,,,,,,,,,,,,,,,0.0016801628265868608,0,781,0.0,0.0,,,,,,,,,,,,,,,,,,,,,,,,,,,,,,,,,,,,,,,,,,,,,,,,,,,,,,,,,,,,,,,,,,,,,,,,,,nan,,,,,,,,,,,,,,,
696,2611.20263671875,0.026084063574671745,2.6084063574671745,6853.59072470665,10000,ppo,ppo,crawler,flat,thdot_dth_neighbours_plus_thdot_direct,,,,,,,,,,,,,,,0.001829730898552999,0,781,0.0,0.0,,,,,,,,,,,,,,,,,,,,,,,,,,,,,,,,,,,,,,,,,,,,,,,,,,,,,,,,,,,,,,,,,,,,,,,,,,nan,,,,,,,,,,,,,,,
697,2492.95361328125,0.024898668751120567,2.4898668751120567,6864.034985780716,10000,ppo,ppo,crawler,flat,thdot_dth_neighbours_plus_thdot_direct,,,,,,,,,,,,,,,0.001954215821182173,0,781,0.0,0.0,,,,,,,,,,,,,,,,,,,,,,,,,,,,,,,,,,,,,,,,,,,,,,,,,,,,,,,,,,,,,,,,,,,,,,,,,,nan,,,,,,,,,,,,,,,
698,2695.039794921875,0.02692553400993347,2.692553400993347,6873.969820737839,10000,ppo,ppo,crawler,flat,thdot_dth_neighbours_plus_thdot_direct,,,,,,,,,,,,,,,0.002184583237486065,0,781,0.0,0.0,,,,,,,,,,,,,,,,,,,,,,,,,,,,,,,,,,,,,,,,,,,,,,,,,,,,,,,,,,,,,,,,,,,,,,,,,,nan,,,,,,,,,,,,,,,
699,2626.50537109375,0.026236260309815407,2.6236260309815407,6883.66468501091,10000,ppo,ppo,crawler,flat,thdot_dth_neighbours_plus_thdot_direct,,,,,,,,,,,,,,,0.0018028856660732412,0,781,0.0,0.0,,,,,,,,,,,,,,,,,,,,,,,,,,,,,,,,,,,,,,,,,,,,,,,,,,,,,,,,,,,,,,,,,,,,,,,,,,nan,,,,,,,,,,,,,,,
700,2709.987060546875,0.02707327902317047,2.707327902317047,6893.452063083649,10000,ppo,ppo,crawler,flat,thdot_dth_neighbours_plus_thdot_direct,,,,,,,,,,,,,,,0.0021102209399310613,0,781,0.0,0.0,,,,,,,,,,,,,,,,,,,,,,,,,,,,,,,,,,,,,,,,,,,,,,,,,,,,,,,,,,,,,,,,,,,,,,,,,,nan,,,,,,,,,,,,,,,
701,2579.91455078125,0.025769183412194252,2.576918341219425,6903.398522853851,10000,ppo,ppo,crawler,flat,thdot_dth_neighbours_plus_thdot_direct,,,,,,,,,,,,,,,0.002399730429182066,0,781,0.0,0.0,,,,,,,,,,,,,,,,,,,,,,,,,,,,,,,,,,,,,,,,,,,,,,,,,,,,,,,,,,,,,,,,,,,,,,,,,,nan,,,,,,,,,,,,,,,
702,2619.236328125,0.026165468618273735,2.6165468618273735,6913.416434764862,10000,ppo,ppo,crawler,flat,thdot_dth_neighbours_plus_thdot_direct,,,,,,,,,,,,,,,0.0016970078866664895,0,781,0.0,0.0,,,,,,,,,,,,,,,,,,,,,,,,,,,,,,,,,,,,,,,,,,,,,,,,,,,,,,,,,,,,,,,,,,,,,,,,,,nan,,,,,,,,,,,,,,,
703,2623.258544921875,0.026206431910395622,2.6206431910395622,6923.152206897736,10000,ppo,ppo,crawler,flat,thdot_dth_neighbours_plus_thdot_direct,,,,,,,,,,,,,,,0.0022832876902303444,0,781,0.0,0.0,,,,,,,,,,,,,,,,,,,,,,,,,,,,,,,,,,,,,,,,,,,,,,,,,,,,,,,,,,,,,,,,,,,,,,,,,,nan,,,,,,,,,,,,,,,
704,2599.475830078125,0.02596404403448105,2.596404403448105,6932.898644924164,10000,ppo,ppo,crawler,flat,thdot_dth_neighbours_plus_thdot_direct,,,,,,,,,,,,,,,0.0023700219405761885,0,781,0.0,0.0,,,,,,,,,,,,,,,,,,,,,,,,,,,,,,,,,,,,,,,,,,,,,,,,,,,,,,,,,,,,,,,,,,,,,,,,,,nan,,,,,,,,,,,,,,,
705,2569.61328125,0.025664471089839935,2.5664471089839935,6942.992388248444,10000,ppo,ppo,crawler,flat,thdot_dth_neighbours_plus_thdot_direct,,,,,,,,,,,,,,,0.0026694993969539915,0,781,0.0,0.0,,,,,,,,,,,,,,,,,,,,,,,,,,,,,,,,,,,,,,,,,,,,,,,,,,,,,,,,,,,,,,,,,,,,,,,,,,nan,,,,,,,,,,,,,,,
706,2598.395263671875,0.025956865400075912,2.5956865400075912,6953.026109933853,10000,ppo,ppo,crawler,flat,thdot_dth_neighbours_plus_thdot_direct,,,,,,,,,,,,,,,0.0017934382353861308,0,781,0.0,0.0,,,,,,,,,,,,,,,,,,,,,,,,,,,,,,,,,,,,,,,,,,,,,,,,,,,,,,,,,,,,,,,,,,,,,,,,,,nan,,,,,,,,,,,,,,,
707,2663.72607421875,0.026611464098095894,2.6611464098095894,6962.935047388077,10000,ppo,ppo,crawler,flat,thdot_dth_neighbours_plus_thdot_direct,,,,,,,,,,,,,,,0.001839231998353605,0,781,0.0,0.0,,,,,,,,,,,,,,,,,,,,,,,,,,,,,,,,,,,,,,,,,,,,,,,,,,,,,,,,,,,,,,,,,,,,,,,,,,nan,,,,,,,,,,,,,,,
708,2620.209716796875,0.026174528524279594,2.6174528524279594,6973.298758983612,10000,ppo,ppo,crawler,flat,thdot_dth_neighbours_plus_thdot_direct,,,,,,,,,,,,,,,0.002304013095199107,0,781,0.0,0.0,,,,,,,,,,,,,,,,,,,,,,,,,,,,,,,,,,,,,,,,,,,,,,,,,,,,,,,,,,,,,,,,,,,,,,,,,,nan,,,,,,,,,,,,,,,
709,2629.916748046875,0.026272505521774292,2.627250552177429,6982.797391414642,10000,ppo,ppo,crawler,flat,thdot_dth_neighbours_plus_thdot_direct,,,,,,,,,,,,,,,0.0016836368915939994,0,781,0.0,0.0,,,,,,,,,,,,,,,,,,,,,,,,,,,,,,,,,,,,,,,,,,,,,,,,,,,,,,,,,,,,,,,,,,,,,,,,,,nan,,,,,,,,,,,,,,,
710,2647.591552734375,0.026446063071489334,2.6446063071489334,6992.8075540065765,10000,ppo,ppo,crawler,flat,thdot_dth_neighbours_plus_thdot_direct,,,,,,,,,,,,,,,0.0020530517532010915,0,781,0.0,0.0,,,,,,,,,,,,,,,,,,,,,,,,,,,,,,,,,,,,,,,,,,,,,,,,,,,,,,,,,,,,,,,,,,,,,,,,,,nan,,,,,,,,,,,,,,,
711,2689.2578125,0.026864074170589447,2.6864074170589447,7002.594544887543,10000,ppo,ppo,crawler,flat,thdot_dth_neighbours_plus_thdot_direct,,,,,,,,,,,,,,,0.001578354470800666,0,781,0.0,0.0,,,,,,,,,,,,,,,,,,,,,,,,,,,,,,,,,,,,,,,,,,,,,,,,,,,,,,,,,,,,,,,,,,,,,,,,,,nan,,,,,,,,,,,,,,,
712,2602.382080078125,0.025994036346673965,2.5994036346673965,7012.712163925171,10000,ppo,ppo,crawler,flat,thdot_dth_neighbours_plus_thdot_direct,,,,,,,,,,,,,,,0.0019951642260211035,0,781,0.0,0.0,,,,,,,,,,,,,,,,,,,,,,,,,,,,,,,,,,,,,,,,,,,,,,,,,,,,,,,,,,,,,,,,,,,,,,,,,,nan,,,,,,,,,,,,,,,
713,2573.314208984375,0.025709575042128563,2.5709575042128563,7022.574226617813,10000,ppo,ppo,crawler,flat,thdot_dth_neighbours_plus_thdot_direct,,,,,,,,,,,,,,,0.0013862365512564297,0,781,0.0,0.0,,,,,,,,,,,,,,,,,,,,,,,,,,,,,,,,,,,,,,,,,,,,,,,,,,,,,,,,,,,,,,,,,,,,,,,,,,nan,,,,,,,,,,,,,,,
714,2625.322021484375,0.026224711909890175,2.6224711909890175,7032.26570725441,10000,ppo,ppo,crawler,flat,thdot_dth_neighbours_plus_thdot_direct,,,,,,,,,,,,,,,0.0012169432799808224,0,781,0.0,0.0,,,,,,,,,,,,,,,,,,,,,,,,,,,,,,,,,,,,,,,,,,,,,,,,,,,,,,,,,,,,,,,,,,,,,,,,,,nan,,,,,,,,,,,,,,,
715,2577.490966796875,0.025747662410140038,2.5747662410140038,7042.3152277469635,10000,ppo,ppo,crawler,flat,thdot_dth_neighbours_plus_thdot_direct,,,,,,,,,,,,,,,0.0015780726312769006,0,781,0.0,0.0,,,,,,,,,,,,,,,,,,,,,,,,,,,,,,,,,,,,,,,,,,,,,,,,,,,,,,,,,,,,,,,,,,,,,,,,,,nan,,,,,,,,,,,,,,,
716,2706.83984375,0.027039555832743645,2.7039555832743645,7052.073666810989,10000,ppo,ppo,crawler,flat,thdot_dth_neighbours_plus_thdot_direct,,,,,,,,,,,,,,,0.001630915754017832,0,781,0.0,0.0,,,,,,,,,,,,,,,,,,,,,,,,,,,,,,,,,,,,,,,,,,,,,,,,,,,,,,,,,,,,,,,,,,,,,,,,,,nan,,,,,,,,,,,,,,,
717,2589.940673828125,0.025868888944387436,2.5868888944387436,7061.720875501633,10000,ppo,ppo,crawler,flat,thdot_dth_neighbours_plus_thdot_direct,,,,,,,,,,,,,,,0.0026419799386794124,0,781,0.0,0.0,,,,,,,,,,,,,,,,,,,,,,,,,,,,,,,,,,,,,,,,,,,,,,,,,,,,,,,,,,,,,,,,,,,,,,,,,,nan,,,,,,,,,,,,,,,
718,2570.720947265625,0.025676727294921875,2.5676727294921875,7071.566351413727,10000,ppo,ppo,crawler,flat,thdot_dth_neighbours_plus_thdot_direct,,,,,,,,,,,,,,,0.001572216950244672,0,781,0.0,0.0,,,,,,,,,,,,,,,,,,,,,,,,,,,,,,,,,,,,,,,,,,,,,,,,,,,,,,,,,,,,,,,,,,,,,,,,,,nan,,,,,,,,,,,,,,,
719,2688.22509765625,0.026855334639549255,2.6855334639549255,7081.576403141022,10000,ppo,ppo,crawler,flat,thdot_dth_neighbours_plus_thdot_direct,,,,,,,,,,,,,,,0.003161037940120005,0,781,0.0,0.0,,,,,,,,,,,,,,,,,,,,,,,,,,,,,,,,,,,,,,,,,,,,,,,,,,,,,,,,,,,,,,,,,,,,,,,,,,nan,,,,,,,,,,,,,,,
720,2591.601318359375,0.025890175253152847,2.5890175253152847,7091.59580540657,10000,ppo,ppo,crawler,flat,thdot_dth_neighbours_plus_thdot_direct,,,,,,,,,,,,,,,0.0015917045379349856,0,781,0.0,0.0,,,,,,,,,,,,,,,,,,,,,,,,,,,,,,,,,,,,,,,,,,,,,,,,,,,,,,,,,,,,,,,,,,,,,,,,,,nan,,,,,,,,,,,,,,,
721,2505.502197265625,0.02502579800784588,2.502579800784588,7101.378200292587,10000,ppo,ppo,crawler,flat,thdot_dth_neighbours_plus_thdot_direct,,,,,,,,,,,,,,,0.001428559740428485,0,781,0.0,0.0,,,,,,,,,,,,,,,,,,,,,,,,,,,,,,,,,,,,,,,,,,,,,,,,,,,,,,,,,,,,,,,,,,,,,,,,,,nan,,,,,,,,,,,,,,,
722,2618.36767578125,0.026155199855566025,2.6155199855566025,7111.226049184799,10000,ppo,ppo,crawler,flat,thdot_dth_neighbours_plus_thdot_direct,,,,,,,,,,,,,,,0.0017198921839353739,0,781,0.0,0.0,,,,,,,,,,,,,,,,,,,,,,,,,,,,,,,,,,,,,,,,,,,,,,,,,,,,,,,,,,,,,,,,,,,,,,,,,,nan,,,,,,,,,,,,,,,
723,2517.489501953125,0.025151869282126427,2.5151869282126427,7121.180413246155,10000,ppo,ppo,crawler,flat,thdot_dth_neighbours_plus_thdot_direct,,,,,,,,,,,,,,,0.002618021726193174,0,781,0.0,0.0,,,,,,,,,,,,,,,,,,,,,,,,,,,,,,,,,,,,,,,,,,,,,,,,,,,,,,,,,,,,,,,,,,,,,,,,,,nan,,,,,,,,,,,,,,,
724,2546.40673828125,0.02543838508427143,2.543838508427143,7131.014081001282,10000,ppo,ppo,crawler,flat,thdot_dth_neighbours_plus_thdot_direct,,,,,,,,,,,,,,,0.0018950966151299055,0,781,0.0,0.0,,,,,,,,,,,,,,,,,,,,,,,,,,,,,,,,,,,,,,,,,,,,,,,,,,,,,,,,,,,,,,,,,,,,,,,,,,nan,,,,,,,,,,,,,,,
725,2567.328369140625,0.02564740553498268,2.564740553498268,7140.962226629257,10000,ppo,ppo,crawler,flat,thdot_dth_neighbours_plus_thdot_direct,,,,,,,,,,,,,,,0.0017940632835814216,0,781,0.0,0.0,,,,,,,,,,,,,,,,,,,,,,,,,,,,,,,,,,,,,,,,,,,,,,,,,,,,,,,,,,,,,,,,,,,,,,,,,,nan,,,,,,,,,,,,,,,
726,2506.353271484375,0.025033606216311455,2.5033606216311455,7150.90912938118,10000,ppo,ppo,crawler,flat,thdot_dth_neighbours_plus_thdot_direct,,,,,,,,,,,,,,,0.002365137372852984,0,781,0.0,0.0,,,,,,,,,,,,,,,,,,,,,,,,,,,,,,,,,,,,,,,,,,,,,,,,,,,,,,,,,,,,,,,,,,,,,,,,,,nan,,,,,,,,,,,,,,,
727,2402.081787109375,0.02399529702961445,2.399529702961445,7160.349953174591,10000,ppo,ppo,crawler,flat,thdot_dth_neighbours_plus_thdot_direct,,,,,,,,,,,,,,,0.0020520086672939906,0,781,0.0,0.0,,,,,,,,,,,,,,,,,,,,,,,,,,,,,,,,,,,,,,,,,,,,,,,,,,,,,,,,,,,,,,,,,,,,,,,,,,nan,,,,,,,,,,,,,,,
728,2475.17578125,0.024724066257476807,2.4724066257476807,7170.438343763351,10000,ppo,ppo,crawler,flat,thdot_dth_neighbours_plus_thdot_direct,,,,,,,,,,,,,,,0.003106433352802143,0,781,0.0,0.0,,,,,,,,,,,,,,,,,,,,,,,,,,,,,,,,,,,,,,,,,,,,,,,,,,,,,,,,,,,,,,,,,,,,,,,,,,nan,,,,,,,,,,,,,,,
729,2533.137451171875,0.02530493587255478,2.530493587255478,7179.98721408844,10000,ppo,ppo,crawler,flat,thdot_dth_neighbours_plus_thdot_direct,,,,,,,,,,,,,,,0.0021696122223311158,0,781,0.0,0.0,,,,,,,,,,,,,,,,,,,,,,,,,,,,,,,,,,,,,,,,,,,,,,,,,,,,,,,,,,,,,,,,,,,,,,,,,,nan,,,,,,,,,,,,,,,
730,2503.2734375,0.025002826005220413,2.5002826005220413,7189.99510884285,10000,ppo,ppo,crawler,flat,thdot_dth_neighbours_plus_thdot_direct,,,,,,,,,,,,,,,0.0022942397953741368,0,781,0.0,0.0,,,,,,,,,,,,,,,,,,,,,,,,,,,,,,,,,,,,,,,,,,,,,,,,,,,,,,,,,,,,,,,,,,,,,,,,,,nan,,,,,,,,,,,,,,,
731,2475.004638671875,0.024721572175621986,2.4721572175621986,7200.036345720291,10000,ppo,ppo,crawler,flat,thdot_dth_neighbours_plus_thdot_direct,,,,,,,,,,,,,,,0.00143395453456224,0,781,0.0,0.0,,,,,,,,,,,,,,,,,,,,,,,,,,,,,,,,,,,,,,,,,,,,,,,,,,,,,,,,,,,,,,,,,,,,,,,,,,nan,,,,,,,,,,,,,,,
732,2541.0849609375,0.025386380031704903,2.5386380031704903,7209.548424959183,10000,ppo,ppo,crawler,flat,thdot_dth_neighbours_plus_thdot_direct,,,,,,,,,,,,,,,0.0018939229164641478,0,781,0.0,0.0,,,,,,,,,,,,,,,,,,,,,,,,,,,,,,,,,,,,,,,,,,,,,,,,,,,,,,,,,,,,,,,,,,,,,,,,,,nan,,,,,,,,,,,,,,,
733,2466.631591796875,0.02463923953473568,2.463923953473568,7219.50336933136,10000,ppo,ppo,crawler,flat,thdot_dth_neighbours_plus_thdot_direct,,,,,,,,,,,,,,,0.001921976930139064,0,781,0.0,0.0,,,,,,,,,,,,,,,,,,,,,,,,,,,,,,,,,,,,,,,,,,,,,,,,,,,,,,,,,,,,,,,,,,,,,,,,,,nan,,,,,,,,,,,,,,,
734,2424.027099609375,0.024214230477809906,2.4214230477809906,7229.422030687332,10000,ppo,ppo,crawler,flat,thdot_dth_neighbours_plus_thdot_direct,,,,,,,,,,,,,,,0.001440256218722632,0,781,0.0,0.0,,,,,,,,,,,,,,,,,,,,,,,,,,,,,,,,,,,,,,,,,,,,,,,,,,,,,,,,,,,,,,,,,,,,,,,,,,nan,,,,,,,,,,,,,,,
735,2543.983154296875,0.02541355788707733,2.541355788707733,7239.25643658638,10000,ppo,ppo,crawler,flat,thdot_dth_neighbours_plus_thdot_direct,,,,,,,,,,,,,,,0.001976826027890713,0,781,0.0,0.0,,,,,,,,,,,,,,,,,,,,,,,,,,,,,,,,,,,,,,,,,,,,,,,,,,,,,,,,,,,,,,,,,,,,,,,,,,nan,,,,,,,,,,,,,,,
736,2533.53369140625,0.025311099365353584,2.5311099365353584,7249.074923992157,10000,ppo,ppo,crawler,flat,thdot_dth_neighbours_plus_thdot_direct,,,,,,,,,,,,,,,0.0016907160730332742,0,781,0.0,0.0,,,,,,,,,,,,,,,,,,,,,,,,,,,,,,,,,,,,,,,,,,,,,,,,,,,,,,,,,,,,,,,,,,,,,,,,,,nan,,,,,,,,,,,,,,,
737,2500.895263671875,0.024981338530778885,2.4981338530778885,7258.541953802109,10000,ppo,ppo,crawler,flat,thdot_dth_neighbours_plus_thdot_direct,,,,,,,,,,,,,,,0.0016217460909847688,0,781,0.0,0.0,,,,,,,,,,,,,,,,,,,,,,,,,,,,,,,,,,,,,,,,,,,,,,,,,,,,,,,,,,,,,,,,,,,,,,,,,,nan,,,,,,,,,,,,,,,
738,2453.50390625,0.024508921429514885,2.4508921429514885,7268.383244514465,10000,ppo,ppo,crawler,flat,thdot_dth_neighbours_plus_thdot_direct,,,,,,,,,,,,,,,0.0018000705568830338,0,781,0.0,0.0,,,,,,,,,,,,,,,,,,,,,,,,,,,,,,,,,,,,,,,,,,,,,,,,,,,,,,,,,,,,,,,,,,,,,,,,,,nan,,,,,,,,,,,,,,,
739,2580.269287109375,0.025775451213121414,2.5775451213121414,7278.25436091423,10000,ppo,ppo,crawler,flat,thdot_dth_neighbours_plus_thdot_direct,,,,,,,,,,,,,,,0.0028567799362085814,0,781,0.0,0.0,,,,,,,,,,,,,,,,,,,,,,,,,,,,,,,,,,,,,,,,,,,,,,,,,,,,,,,,,,,,,,,,,,,,,,,,,,nan,,,,,,,,,,,,,,,
740,2468.485107421875,0.024658052250742912,2.4658052250742912,7287.758114814758,10000,ppo,ppo,crawler,flat,thdot_dth_neighbours_plus_thdot_direct,,,,,,,,,,,,,,,0.0018979500894883913,0,781,0.0,0.0,,,,,,,,,,,,,,,,,,,,,,,,,,,,,,,,,,,,,,,,,,,,,,,,,,,,,,,,,,,,,,,,,,,,,,,,,,nan,,,,,,,,,,,,,,,
741,2577.1025390625,0.025742700323462486,2.5742700323462486,7298.161615610123,10000,ppo,ppo,crawler,flat,thdot_dth_neighbours_plus_thdot_direct,,,,,,,,,,,,,,,0.0018339201050708472,0,781,0.0,0.0,,,,,,,,,,,,,,,,,,,,,,,,,,,,,,,,,,,,,,,,,,,,,,,,,,,,,,,,,,,,,,,,,,,,,,,,,,nan,,,,,,,,,,,,,,,
742,2427.08447265625,0.024245455861091614,2.4245455861091614,7307.564614057541,10000,ppo,ppo,crawler,flat,thdot_dth_neighbours_plus_thdot_direct,,,,,,,,,,,,,,,0.0017778109584931665,0,781,0.0,0.0,,,,,,,,,,,,,,,,,,,,,,,,,,,,,,,,,,,,,,,,,,,,,,,,,,,,,,,,,,,,,,,,,,,,,,,,,,nan,,,,,,,,,,,,,,,
743,2577.32421875,0.025744762271642685,2.5744762271642685,7317.501082420349,10000,ppo,ppo,crawler,flat,thdot_dth_neighbours_plus_thdot_direct,,,,,,,,,,,,,,,0.0015915294637194332,0,781,0.0,0.0,,,,,,,,,,,,,,,,,,,,,,,,,,,,,,,,,,,,,,,,,,,,,,,,,,,,,,,,,,,,,,,,,,,,,,,,,,nan,,,,,,,,,,,,,,,
744,2624.640380859375,0.02622070163488388,2.622070163488388,7327.3902089595795,10000,ppo,ppo,crawler,flat,thdot_dth_neighbours_plus_thdot_direct,,,,,,,,,,,,,,,0.0019640380715485843,0,781,0.0,0.0,,,,,,,,,,,,,,,,,,,,,,,,,,,,,,,,,,,,,,,,,,,,,,,,,,,,,,,,,,,,,,,,,,,,,,,,,,nan,,,,,,,,,,,,,,,
745,2590.19970703125,0.02587401680648327,2.587401680648327,7337.165245771408,10000,ppo,ppo,crawler,flat,thdot_dth_neighbours_plus_thdot_direct,,,,,,,,,,,,,,,0.0025702794330542096,0,781,0.0,0.0,,,,,,,,,,,,,,,,,,,,,,,,,,,,,,,,,,,,,,,,,,,,,,,,,,,,,,,,,,,,,,,,,,,,,,,,,,nan,,,,,,,,,,,,,,,
746,2625.725341796875,0.026230528950691223,2.6230528950691223,7347.04634809494,10000,ppo,ppo,crawler,flat,thdot_dth_neighbours_plus_thdot_direct,,,,,,,,,,,,,,,0.001268704841355003,0,781,0.0,0.0,,,,,,,,,,,,,,,,,,,,,,,,,,,,,,,,,,,,,,,,,,,,,,,,,,,,,,,,,,,,,,,,,,,,,,,,,,nan,,,,,,,,,,,,,,,
747,2661.644287109375,0.026589306071400642,2.6589306071400642,7356.671716213226,10000,ppo,ppo,crawler,flat,thdot_dth_neighbours_plus_thdot_direct,,,,,,,,,,,,,,,0.001853045426397911,0,781,0.0,0.0,,,,,,,,,,,,,,,,,,,,,,,,,,,,,,,,,,,,,,,,,,,,,,,,,,,,,,,,,,,,,,,,,,,,,,,,,,nan,,,,,,,,,,,,,,,
748,2550.436279296875,0.02547839842736721,2.547839842736721,7366.505432605743,10000,ppo,ppo,crawler,flat,thdot_dth_neighbours_plus_thdot_direct,,,,,,,,,,,,,,,0.0015738148153734712,0,781,0.0,0.0,,,,,,,,,,,,,,,,,,,,,,,,,,,,,,,,,,,,,,,,,,,,,,,,,,,,,,,,,,,,,,,,,,,,,,,,,,nan,,,,,,,,,,,,,,,
749,2574.329833984375,0.025715984404087067,2.5715984404087067,7376.012235164642,10000,ppo,ppo,crawler,flat,thdot_dth_neighbours_plus_thdot_direct,,,,,,,,,,,,,,,0.0018626587802059412,0,781,0.0,0.0,,,,,,,,,,,,,,,,,,,,,,,,,,,,,,,,,,,,,,,,,,,,,,,,,,,,,,,,,,,,,,,,,,,,,,,,,,nan,,,,,,,,,,,,,,,
750,2605.412109375,0.026025595143437386,2.6025595143437386,7385.556978940964,10000,ppo,ppo,crawler,flat,thdot_dth_neighbours_plus_thdot_direct,,,,,,,,,,,,,,,0.002012789082827754,0,781,0.0,0.0,,,,,,,,,,,,,,,,,,,,,,,,,,,,,,,,,,,,,,,,,,,,,,,,,,,,,,,,,,,,,,,,,,,,,,,,,,nan,,,,,,,,,,,,,,,
751,2611.584716796875,0.026088060811161995,2.6088060811161995,7395.09499168396,10000,ppo,ppo,crawler,flat,thdot_dth_neighbours_plus_thdot_direct,,,,,,,,,,,,,,,0.0020708961442022604,0,781,0.0,0.0,,,,,,,,,,,,,,,,,,,,,,,,,,,,,,,,,,,,,,,,,,,,,,,,,,,,,,,,,,,,,,,,,,,,,,,,,,nan,,,,,,,,,,,,,,,
752,2542.69287109375,0.025403546169400215,2.5403546169400215,7404.81799697876,10000,ppo,ppo,crawler,flat,thdot_dth_neighbours_plus_thdot_direct,,,,,,,,,,,,,,,0.0021502361314979634,0,781,0.0,0.0,,,,,,,,,,,,,,,,,,,,,,,,,,,,,,,,,,,,,,,,,,,,,,,,,,,,,,,,,,,,,,,,,,,,,,,,,,nan,,,,,,,,,,,,,,,
753,2500.794677734375,0.02498331479728222,2.498331479728222,7414.624675035477,10000,ppo,ppo,crawler,flat,thdot_dth_neighbours_plus_thdot_direct,,,,,,,,,,,,,,,0.002278720064500409,0,781,0.0,0.0,,,,,,,,,,,,,,,,,,,,,,,,,,,,,,,,,,,,,,,,,,,,,,,,,,,,,,,,,,,,,,,,,,,,,,,,,,nan,,,,,,,,,,,,,,,
754,2547.137939453125,0.025445787236094475,2.5445787236094475,7424.4052357673645,10000,ppo,ppo,crawler,flat,thdot_dth_neighbours_plus_thdot_direct,,,,,,,,,,,,,,,0.002320852833595387,0,781,0.0,0.0,,,,,,,,,,,,,,,,,,,,,,,,,,,,,,,,,,,,,,,,,,,,,,,,,,,,,,,,,,,,,,,,,,,,,,,,,,nan,,,,,,,,,,,,,,,
755,2557.814208984375,0.025551922619342804,2.5551922619342804,7434.228224039078,10000,ppo,ppo,crawler,flat,thdot_dth_neighbours_plus_thdot_direct,,,,,,,,,,,,,,,0.0019135891085326488,0,781,0.0,0.0,,,,,,,,,,,,,,,,,,,,,,,,,,,,,,,,,,,,,,,,,,,,,,,,,,,,,,,,,,,,,,,,,,,,,,,,,,nan,,,,,,,,,,,,,,,
756,2530.15234375,0.02527853660285473,2.527853660285473,7444.082271099091,10000,ppo,ppo,crawler,flat,thdot_dth_neighbours_plus_thdot_direct,,,,,,,,,,,,,,,0.0016029157964223158,0,781,0.0,0.0,,,,,,,,,,,,,,,,,,,,,,,,,,,,,,,,,,,,,,,,,,,,,,,,,,,,,,,,,,,,,,,,,,,,,,,,,,nan,,,,,,,,,,,,,,,
757,2538.706298828125,0.025360463187098503,2.5360463187098503,7453.732605934143,10000,ppo,ppo,crawler,flat,thdot_dth_neighbours_plus_thdot_direct,,,,,,,,,,,,,,,0.0018678562573116297,0,781,0.0,0.0,,,,,,,,,,,,,,,,,,,,,,,,,,,,,,,,,,,,,,,,,,,,,,,,,,,,,,,,,,,,,,,,,,,,,,,,,,nan,,,,,,,,,,,,,,,
758,2573.925048828125,0.025713752955198288,2.571375295519829,7463.485483407974,10000,ppo,ppo,crawler,flat,thdot_dth_neighbours_plus_thdot_direct,,,,,,,,,,,,,,,0.001694360371187435,0,781,0.0,0.0,,,,,,,,,,,,,,,,,,,,,,,,,,,,,,,,,,,,,,,,,,,,,,,,,,,,,,,,,,,,,,,,,,,,,,,,,,nan,,,,,,,,,,,,,,,
759,2551.55712890625,0.025490034371614456,2.5490034371614456,7473.387151956558,10000,ppo,ppo,crawler,flat,thdot_dth_neighbours_plus_thdot_direct,,,,,,,,,,,,,,,0.0012211746281569368,0,781,0.0,0.0,,,,,,,,,,,,,,,,,,,,,,,,,,,,,,,,,,,,,,,,,,,,,,,,,,,,,,,,,,,,,,,,,,,,,,,,,,nan,,,,,,,,,,,,,,,
760,2434.289306640625,0.024316441267728806,2.4316441267728806,7483.157219171524,10000,ppo,ppo,crawler,flat,thdot_dth_neighbours_plus_thdot_direct,,,,,,,,,,,,,,,0.0017434076137678614,0,781,0.0,0.0,,,,,,,,,,,,,,,,,,,,,,,,,,,,,,,,,,,,,,,,,,,,,,,,,,,,,,,,,,,,,,,,,,,,,,,,,,nan,,,,,,,,,,,,,,,
761,2599.309814453125,0.025967294350266457,2.5967294350266457,7492.833435058594,10000,ppo,ppo,crawler,flat,thdot_dth_neighbours_plus_thdot_direct,,,,,,,,,,,,,,,0.0028589920212800254,0,781,0.0,0.0,,,,,,,,,,,,,,,,,,,,,,,,,,,,,,,,,,,,,,,,,,,,,,,,,,,,,,,,,,,,,,,,,,,,,,,,,,nan,,,,,,,,,,,,,,,
762,2416.232177734375,0.024133717641234398,2.41337176412344,7502.5186314582825,10000,ppo,ppo,crawler,flat,thdot_dth_neighbours_plus_thdot_direct,,,,,,,,,,,,,,,0.0025029522707364247,0,781,0.0,0.0,,,,,,,,,,,,,,,,,,,,,,,,,,,,,,,,,,,,,,,,,,,,,,,,,,,,,,,,,,,,,,,,,,,,,,,,,,nan,,,,,,,,,,,,,,,
763,2509.9443359375,0.025072365999221802,2.50723659992218,7512.323776483536,10000,ppo,ppo,crawler,flat,thdot_dth_neighbours_plus_thdot_direct,,,,,,,,,,,,,,,0.0016584987639017526,0,781,0.0,0.0,,,,,,,,,,,,,,,,,,,,,,,,,,,,,,,,,,,,,,,,,,,,,,,,,,,,,,,,,,,,,,,,,,,,,,,,,,nan,,,,,,,,,,,,,,,
764,2491.071533203125,0.024882202968001366,2.4882202968001366,7521.879878759384,10000,ppo,ppo,crawler,flat,thdot_dth_neighbours_plus_thdot_direct,,,,,,,,,,,,,,,0.0016199619710788847,0,781,0.0,0.0,,,,,,,,,,,,,,,,,,,,,,,,,,,,,,,,,,,,,,,,,,,,,,,,,,,,,,,,,,,,,,,,,,,,,,,,,,nan,,,,,,,,,,,,,,,
765,2623.888671875,0.026211248710751534,2.6211248710751534,7531.509085893631,10000,ppo,ppo,crawler,flat,thdot_dth_neighbours_plus_thdot_direct,,,,,,,,,,,,,,,0.0018157717214076763,0,781,0.0,0.0,,,,,,,,,,,,,,,,,,,,,,,,,,,,,,,,,,,,,,,,,,,,,,,,,,,,,,,,,,,,,,,,,,,,,,,,,,nan,,,,,,,,,,,,,,,
766,2554.191162109375,0.0255168117582798,2.55168117582798,7541.4795463085175,10000,ppo,ppo,crawler,flat,thdot_dth_neighbours_plus_thdot_direct,,,,,,,,,,,,,,,0.0027314818757027807,0,781,0.0,0.0,,,,,,,,,,,,,,,,,,,,,,,,,,,,,,,,,,,,,,,,,,,,,,,,,,,,,,,,,,,,,,,,,,,,,,,,,,nan,,,,,,,,,,,,,,,
767,2634.180908203125,0.026316102594137192,2.631610259413719,7551.60761141777,10000,ppo,ppo,crawler,flat,thdot_dth_neighbours_plus_thdot_direct,,,,,,,,,,,,,,,0.0016742606825927036,0,781,0.0,0.0,,,,,,,,,,,,,,,,,,,,,,,,,,,,,,,,,,,,,,,,,,,,,,,,,,,,,,,,,,,,,,,,,,,,,,,,,,nan,,,,,,,,,,,,,,,
768,2560.587646484375,0.025578275322914124,2.5578275322914124,7561.561759710312,10000,ppo,ppo,crawler,flat,thdot_dth_neighbours_plus_thdot_direct,,,,,,,,,,,,,,,0.0019700733997368904,0,781,0.0,0.0,,,,,,,,,,,,,,,,,,,,,,,,,,,,,,,,,,,,,,,,,,,,,,,,,,,,,,,,,,,,,,,,,,,,,,,,,,nan,,,,,,,,,,,,,,,
769,2607.724365234375,0.02605096995830536,2.605096995830536,7571.217740058899,10000,ppo,ppo,crawler,flat,thdot_dth_neighbours_plus_thdot_direct,,,,,,,,,,,,,,,0.0013890708411510133,0,781,0.0,0.0,,,,,,,,,,,,,,,,,,,,,,,,,,,,,,,,,,,,,,,,,,,,,,,,,,,,,,,,,,,,,,,,,,,,,,,,,,nan,,,,,,,,,,,,,,,
770,2564.93017578125,0.025622505694627762,2.562250569462776,7581.0685296058655,10000,ppo,ppo,crawler,flat,thdot_dth_neighbours_plus_thdot_direct,,,,,,,,,,,,,,,0.002461463489731484,0,781,0.0,0.0,,,,,,,,,,,,,,,,,,,,,,,,,,,,,,,,,,,,,,,,,,,,,,,,,,,,,,,,,,,,,,,,,,,,,,,,,,nan,,,,,,,,,,,,,,,
771,2593.1767578125,0.025902599096298218,2.5902599096298218,7590.5816333293915,10000,ppo,ppo,crawler,flat,thdot_dth_neighbours_plus_thdot_direct,,,,,,,,,,,,,,,0.001731444878293998,0,781,0.0,0.0,,,,,,,,,,,,,,,,,,,,,,,,,,,,,,,,,,,,,,,,,,,,,,,,,,,,,,,,,,,,,,,,,,,,,,,,,,nan,,,,,,,,,,,,,,,
772,2618.529052734375,0.026158923283219337,2.6158923283219337,7600.609703063965,10000,ppo,ppo,crawler,flat,thdot_dth_neighbours_plus_thdot_direct,,,,,,,,,,,,,,,0.001949543050283868,0,781,0.0,0.0,,,,,,,,,,,,,,,,,,,,,,,,,,,,,,,,,,,,,,,,,,,,,,,,,,,,,,,,,,,,,,,,,,,,,,,,,,nan,,,,,,,,,,,,,,,
773,2661.048583984375,0.026584725826978683,2.6584725826978683,7610.651647567749,10000,ppo,ppo,crawler,flat,thdot_dth_neighbours_plus_thdot_direct,,,,,,,,,,,,,,,0.001773635003385615,0,781,0.0,0.0,,,,,,,,,,,,,,,,,,,,,,,,,,,,,,,,,,,,,,,,,,,,,,,,,,,,,,,,,,,,,,,,,,,,,,,,,,nan,,,,,,,,,,,,,,,
774,2630.536865234375,0.026275062933564186,2.6275062933564186,7620.8004858493805,10000,ppo,ppo,crawler,flat,thdot_dth_neighbours_plus_thdot_direct,,,,,,,,,,,,,,,0.0014279799938331273,0,781,0.0,0.0,,,,,,,,,,,,,,,,,,,,,,,,,,,,,,,,,,,,,,,,,,,,,,,,,,,,,,,,,,,,,,,,,,,,,,,,,,nan,,,,,,,,,,,,,,,
775,2602.865478515625,0.026001112535595894,2.6001112535595894,7630.485530614853,10000,ppo,ppo,crawler,flat,thdot_dth_neighbours_plus_thdot_direct,,,,,,,,,,,,,,,0.0020505893159060017,0,781,0.0,0.0,,,,,,,,,,,,,,,,,,,,,,,,,,,,,,,,,,,,,,,,,,,,,,,,,,,,,,,,,,,,,,,,,,,,,,,,,,nan,,,,,,,,,,,,,,,
776,2618.311767578125,0.026153823360800743,2.6153823360800743,7640.191941738129,10000,ppo,ppo,crawler,flat,thdot_dth_neighbours_plus_thdot_direct,,,,,,,,,,,,,,,0.0018911875984366014,0,781,0.0,0.0,,,,,,,,,,,,,,,,,,,,,,,,,,,,,,,,,,,,,,,,,,,,,,,,,,,,,,,,,,,,,,,,,,,,,,,,,,nan,,,,,,,,,,,,,,,
777,2613.49072265625,0.026102215051651,2.6102215051651,7649.939191579819,10000,ppo,ppo,crawler,flat,thdot_dth_neighbours_plus_thdot_direct,,,,,,,,,,,,,,,0.0034384414957713025,0,781,0.0,0.0,,,,,,,,,,,,,,,,,,,,,,,,,,,,,,,,,,,,,,,,,,,,,,,,,,,,,,,,,,,,,,,,,,,,,,,,,,nan,,,,,,,,,,,,,,,
778,2620.029296875,0.026174049824476242,2.617404982447624,7660.129884719849,10000,ppo,ppo,crawler,flat,thdot_dth_neighbours_plus_thdot_direct,,,,,,,,,,,,,,,0.002583538402168039,0,781,0.0,0.0,,,,,,,,,,,,,,,,,,,,,,,,,,,,,,,,,,,,,,,,,,,,,,,,,,,,,,,,,,,,,,,,,,,,,,,,,,nan,,,,,,,,,,,,,,,
779,2620.05908203125,0.02617449313402176,2.617449313402176,7670.1505818367,10000,ppo,ppo,crawler,flat,thdot_dth_neighbours_plus_thdot_direct,,,,,,,,,,,,,,,0.0016919138173886788,0,781,0.0,0.0,,,,,,,,,,,,,,,,,,,,,,,,,,,,,,,,,,,,,,,,,,,,,,,,,,,,,,,,,,,,,,,,,,,,,,,,,,nan,,,,,,,,,,,,,,,
780,2547.967529296875,0.025454983115196228,2.545498311519623,7680.065438508987,10000,ppo,ppo,crawler,flat,thdot_dth_neighbours_plus_thdot_direct,,,,,,,,,,,,,,,0.0015379625758374365,0,781,0.0,0.0,,,,,,,,,,,,,,,,,,,,,,,,,,,,,,,,,,,,,,,,,,,,,,,,,,,,,,,,,,,,,,,,,,,,,,,,,,nan,,,,,,,,,,,,,,,
781,2581.731689453125,0.02578972652554512,2.578972652554512,7690.193621873856,10000,ppo,ppo,crawler,flat,thdot_dth_neighbours_plus_thdot_direct,,,,,,,,,,,,,,,0.0014692591586654216,0,781,0.0,0.0,,,,,,,,,,,,,,,,,,,,,,,,,,,,,,,,,,,,,,,,,,,,,,,,,,,,,,,,,,,,,,,,,,,,,,,,,,nan,,,,,,,,,,,,,,,
782,2661.1513671875,0.026583291590213776,2.6583291590213776,7700.080820322037,10000,ppo,ppo,crawler,flat,thdot_dth_neighbours_plus_thdot_direct,,,,,,,,,,,,,,,0.0018226685359913693,0,781,0.0,0.0,,,,,,,,,,,,,,,,,,,,,,,,,,,,,,,,,,,,,,,,,,,,,,,,,,,,,,,,,,,,,,,,,,,,,,,,,,nan,,,,,,,,,,,,,,,
783,2505.717529296875,0.02503233402967453,2.503233402967453,7710.106096744537,10000,ppo,ppo,crawler,flat,thdot_dth_neighbours_plus_thdot_direct,,,,,,,,,,,,,,,0.002272778673748296,0,781,0.0,0.0,,,,,,,,,,,,,,,,,,,,,,,,,,,,,,,,,,,,,,,,,,,,,,,,,,,,,,,,,,,,,,,,,,,,,,,,,,nan,,,,,,,,,,,,,,,
784,2622.819580078125,0.02620135433971882,2.620135433971882,7719.989105224609,10000,ppo,ppo,crawler,flat,thdot_dth_neighbours_plus_thdot_direct,,,,,,,,,,,,,,,0.0025063967657647382,0,781,0.0,0.0,,,,,,,,,,,,,,,,,,,,,,,,,,,,,,,,,,,,,,,,,,,,,,,,,,,,,,,,,,,,,,,,,,,,,,,,,,nan,,,,,,,,,,,,,,,
785,2642.26123046875,0.026394397020339966,2.6394397020339966,7730.154352903366,10000,ppo,ppo,crawler,flat,thdot_dth_neighbours_plus_thdot_direct,,,,,,,,,,,,,,,0.002289192646810956,0,781,0.0,0.0,,,,,,,,,,,,,,,,,,,,,,,,,,,,,,,,,,,,,,,,,,,,,,,,,,,,,,,,,,,,,,,,,,,,,,,,,,nan,,,,,,,,,,,,,,,
786,2526.600341796875,0.02524123713374138,2.524123713374138,7739.974840164185,10000,ppo,ppo,crawler,flat,thdot_dth_neighbours_plus_thdot_direct,,,,,,,,,,,,,,,0.0021308175728194283,0,781,0.0,0.0,,,,,,,,,,,,,,,,,,,,,,,,,,,,,,,,,,,,,,,,,,,,,,,,,,,,,,,,,,,,,,,,,,,,,,,,,,nan,,,,,,,,,,,,,,,
787,2604.522216796875,0.026019472628831863,2.6019472628831863,7749.755994796753,10000,ppo,ppo,crawler,flat,thdot_dth_neighbours_plus_thdot_direct,,,,,,,,,,,,,,,0.001707945884313497,0,781,0.0,0.0,,,,,,,,,,,,,,,,,,,,,,,,,,,,,,,,,,,,,,,,,,,,,,,,,,,,,,,,,,,,,,,,,,,,,,,,,,nan,,,,,,,,,,,,,,,
788,2563.827392578125,0.025610024109482765,2.5610024109482765,7759.718421220779,10000,ppo,ppo,crawler,flat,thdot_dth_neighbours_plus_thdot_direct,,,,,,,,,,,,,,,0.003142779564798193,0,781,0.0,0.0,,,,,,,,,,,,,,,,,,,,,,,,,,,,,,,,,,,,,,,,,,,,,,,,,,,,,,,,,,,,,,,,,,,,,,,,,,nan,,,,,,,,,,,,,,,
789,2525.05908203125,0.025220084935426712,2.522008493542671,7769.45410990715,10000,ppo,ppo,crawler,flat,thdot_dth_neighbours_plus_thdot_direct,,,,,,,,,,,,,,,0.0024075626862946026,0,781,0.0,0.0,,,,,,,,,,,,,,,,,,,,,,,,,,,,,,,,,,,,,,,,,,,,,,,,,,,,,,,,,,,,,,,,,,,,,,,,,,nan,,,,,,,,,,,,,,,
790,2479.461669921875,0.024766819551587105,2.4766819551587105,7779.098951101303,10000,ppo,ppo,crawler,flat,thdot_dth_neighbours_plus_thdot_direct,,,,,,,,,,,,,,,0.002536086128548888,0,781,0.0,0.0,,,,,,,,,,,,,,,,,,,,,,,,,,,,,,,,,,,,,,,,,,,,,,,,,,,,,,,,,,,,,,,,,,,,,,,,,,nan,,,,,,,,,,,,,,,
791,2552.233154296875,0.02549692802131176,2.549692802131176,7788.808842658997,10000,ppo,ppo,crawler,flat,thdot_dth_neighbours_plus_thdot_direct,,,,,,,,,,,,,,,0.0015595906976079543,0,781,0.0,0.0,,,,,,,,,,,,,,,,,,,,,,,,,,,,,,,,,,,,,,,,,,,,,,,,,,,,,,,,,,,,,,,,,,,,,,,,,,nan,,,,,,,,,,,,,,,
792,2532.094482421875,0.02529432624578476,2.529432624578476,7798.8097994327545,10000,ppo,ppo,crawler,flat,thdot_dth_neighbours_plus_thdot_direct,,,,,,,,,,,,,,,0.0019877550574912695,0,781,0.0,0.0,,,,,,,,,,,,,,,,,,,,,,,,,,,,,,,,,,,,,,,,,,,,,,,,,,,,,,,,,,,,,,,,,,,,,,,,,,nan,,,,,,,,,,,,,,,
793,2597.293701171875,0.025945089757442474,2.5945089757442474,7808.568106174469,10000,ppo,ppo,crawler,flat,thdot_dth_neighbours_plus_thdot_direct,,,,,,,,,,,,,,,0.002658950044421804,0,781,0.0,0.0,,,,,,,,,,,,,,,,,,,,,,,,,,,,,,,,,,,,,,,,,,,,,,,,,,,,,,,,,,,,,,,,,,,,,,,,,,nan,,,,,,,,,,,,,,,
794,2655.49755859375,0.02652377262711525,2.652377262711525,7818.162570476532,10000,ppo,ppo,crawler,flat,thdot_dth_neighbours_plus_thdot_direct,,,,,,,,,,,,,,,0.0014594257240452754,0,781,0.0,0.0,,,,,,,,,,,,,,,,,,,,,,,,,,,,,,,,,,,,,,,,,,,,,,,,,,,,,,,,,,,,,,,,,,,,,,,,,,nan,,,,,,,,,,,,,,,
795,2731.488525390625,0.027284355834126472,2.7284355834126472,7828.147253513336,10000,ppo,ppo,crawler,flat,thdot_dth_neighbours_plus_thdot_direct,,,,,,,,,,,,,,,0.0014407137206450412,0,781,0.0,0.0,,,,,,,,,,,,,,,,,,,,,,,,,,,,,,,,,,,,,,,,,,,,,,,,,,,,,,,,,,,,,,,,,,,,,,,,,,nan,,,,,,,,,,,,,,,
796,2668.867919921875,0.0266635250300169,2.66635250300169,7838.265771865845,10000,ppo,ppo,crawler,flat,thdot_dth_neighbours_plus_thdot_direct,,,,,,,,,,,,,,,0.0024368412074570783,0,781,0.0,0.0,,,,,,,,,,,,,,,,,,,,,,,,,,,,,,,,,,,,,,,,,,,,,,,,,,,,,,,,,,,,,,,,,,,,,,,,,,nan,,,,,,,,,,,,,,,
797,2671.002197265625,0.02668149396777153,2.668149396777153,7848.17412686348,10000,ppo,ppo,crawler,flat,thdot_dth_neighbours_plus_thdot_direct,,,,,,,,,,,,,,,0.0027479858109879262,0,781,0.0,0.0,,,,,,,,,,,,,,,,,,,,,,,,,,,,,,,,,,,,,,,,,,,,,,,,,,,,,,,,,,,,,,,,,,,,,,,,,,nan,,,,,,,,,,,,,,,
798,2656.073974609375,0.026529638096690178,2.652963809669018,7858.134438753128,10000,ppo,ppo,crawler,flat,thdot_dth_neighbours_plus_thdot_direct,,,,,,,,,,,,,,,0.0011468412018315944,0,781,0.0,0.0,,,,,,,,,,,,,,,,,,,,,,,,,,,,,,,,,,,,,,,,,,,,,,,,,,,,,,,,,,,,,,,,,,,,,,,,,,nan,,,,,,,,,,,,,,,
799,2506.960205078125,0.02504330314695835,2.504330314695835,7867.751945972443,10000,ppo,ppo,crawler,flat,thdot_dth_neighbours_plus_thdot_direct,,,,,,,,,,,,,,,0.0015205973182655283,0,781,0.0,0.0,,,,,,,,,,,,,,,,,,,,,,,,,,,,,,,,,,,,,,,,,,,,,,,,,,,,,,,,,,,,,,,,,,,,,,,,,,nan,,,,,,,,,,,,,,,
800,2775.274658203125,0.027720805257558823,2.7720805257558823,7877.516084194183,10000,ppo,ppo,crawler,flat,thdot_dth_neighbours_plus_thdot_direct,,,,,,,,,,,,,,,0.002373731676216767,0,781,0.0,0.0,,,,,,,,,,,,,,,,,,,,,,,,,,,,,,,,,,,,,,,,,,,,,,,,,,,,,,,,,,,,,,,,,,,,,,,,,,nan,,,,,,,,,,,,,,,
801,2713.424560546875,0.02711128443479538,2.711128443479538,7887.453801393509,10000,ppo,ppo,crawler,flat,thdot_dth_neighbours_plus_thdot_direct,,,,,,,,,,,,,,,0.0020725508739057163,0,781,0.0,0.0,,,,,,,,,,,,,,,,,,,,,,,,,,,,,,,,,,,,,,,,,,,,,,,,,,,,,,,,,,,,,,,,,,,,,,,,,,nan,,,,,,,,,,,,,,,
802,2575.638671875,0.02572551742196083,2.572551742196083,7897.040265321732,10000,ppo,ppo,crawler,flat,thdot_dth_neighbours_plus_thdot_direct,,,,,,,,,,,,,,,0.0024956167612586,0,781,0.0,0.0,,,,,,,,,,,,,,,,,,,,,,,,,,,,,,,,,,,,,,,,,,,,,,,,,,,,,,,,,,,,,,,,,,,,,,,,,,nan,,,,,,,,,,,,,,,
803,2532.45361328125,0.02529381588101387,2.529381588101387,7907.069676399231,10000,ppo,ppo,crawler,flat,thdot_dth_neighbours_plus_thdot_direct,,,,,,,,,,,,,,,0.0029691522314967494,0,781,0.0,0.0,,,,,,,,,,,,,,,,,,,,,,,,,,,,,,,,,,,,,,,,,,,,,,,,,,,,,,,,,,,,,,,,,,,,,,,,,,nan,,,,,,,,,,,,,,,
804,2660.96728515625,0.0265802051872015,2.65802051872015,7916.663503646851,10000,ppo,ppo,crawler,flat,thdot_dth_neighbours_plus_thdot_direct,,,,,,,,,,,,,,,0.0021858117572432366,0,781,0.0,0.0,,,,,,,,,,,,,,,,,,,,,,,,,,,,,,,,,,,,,,,,,,,,,,,,,,,,,,,,,,,,,,,,,,,,,,,,,,nan,,,,,,,,,,,,,,,
805,2696.8017578125,0.026943188160657883,2.6943188160657883,7926.351233482361,10000,ppo,ppo,crawler,flat,thdot_dth_neighbours_plus_thdot_direct,,,,,,,,,,,,,,,0.0016090914021679311,0,781,0.0,0.0,,,,,,,,,,,,,,,,,,,,,,,,,,,,,,,,,,,,,,,,,,,,,,,,,,,,,,,,,,,,,,,,,,,,,,,,,,nan,,,,,,,,,,,,,,,
806,2674.5634765625,0.026717035099864006,2.6717035099864006,7936.068705797195,10000,ppo,ppo,crawler,flat,thdot_dth_neighbours_plus_thdot_direct,,,,,,,,,,,,,,,0.0018402344192761891,0,781,0.0,0.0,,,,,,,,,,,,,,,,,,,,,,,,,,,,,,,,,,,,,,,,,,,,,,,,,,,,,,,,,,,,,,,,,,,,,,,,,,nan,,,,,,,,,,,,,,,
807,2712.79833984375,0.02709820494055748,2.709820494055748,7945.945474624634,10000,ppo,ppo,crawler,flat,thdot_dth_neighbours_plus_thdot_direct,,,,,,,,,,,,,,,0.0012636289452815344,0,781,0.0,0.0,,,,,,,,,,,,,,,,,,,,,,,,,,,,,,,,,,,,,,,,,,,,,,,,,,,,,,,,,,,,,,,,,,,,,,,,,,nan,,,,,,,,,,,,,,,
808,2618.16650390625,0.026152146980166435,2.6152146980166435,7956.119210720062,10000,ppo,ppo,crawler,flat,thdot_dth_neighbours_plus_thdot_direct,,,,,,,,,,,,,,,0.001554853428714664,0,781,0.0,0.0,,,,,,,,,,,,,,,,,,,,,,,,,,,,,,,,,,,,,,,,,,,,,,,,,,,,,,,,,,,,,,,,,,,,,,,,,,nan,,,,,,,,,,,,,,,
809,2707.7734375,0.02705015242099762,2.705015242099762,7965.570859193802,10000,ppo,ppo,crawler,flat,thdot_dth_neighbours_plus_thdot_direct,,,,,,,,,,,,,,,0.002979313913990475,0,781,0.0,0.0,,,,,,,,,,,,,,,,,,,,,,,,,,,,,,,,,,,,,,,,,,,,,,,,,,,,,,,,,,,,,,,,,,,,,,,,,,nan,,,,,,,,,,,,,,,
810,2694.460205078125,0.026921629905700684,2.6921629905700684,7975.488275527954,10000,ppo,ppo,crawler,flat,thdot_dth_neighbours_plus_thdot_direct,,,,,,,,,,,,,,,0.002332081726912777,0,781,0.0,0.0,,,,,,,,,,,,,,,,,,,,,,,,,,,,,,,,,,,,,,,,,,,,,,,,,,,,,,,,,,,,,,,,,,,,,,,,,,nan,,,,,,,,,,,,,,,
811,2645.862548828125,0.02643136866390705,2.643136866390705,7985.3210706710815,10000,ppo,ppo,crawler,flat,thdot_dth_neighbours_plus_thdot_direct,,,,,,,,,,,,,,,0.003086509637126368,0,781,0.0,0.0,,,,,,,,,,,,,,,,,,,,,,,,,,,,,,,,,,,,,,,,,,,,,,,,,,,,,,,,,,,,,,,,,,,,,,,,,,nan,,,,,,,,,,,,,,,
812,2795.995849609375,0.02793058380484581,2.793058380484581,7994.951879501343,10000,ppo,ppo,crawler,flat,thdot_dth_neighbours_plus_thdot_direct,,,,,,,,,,,,,,,0.002434059116271538,0,781,0.0,0.0,,,,,,,,,,,,,,,,,,,,,,,,,,,,,,,,,,,,,,,,,,,,,,,,,,,,,,,,,,,,,,,,,,,,,,,,,,nan,,,,,,,,,,,,,,,
813,2626.617919921875,0.026235777884721756,2.6235777884721756,8004.819983720779,10000,ppo,ppo,crawler,flat,thdot_dth_neighbours_plus_thdot_direct,,,,,,,,,,,,,,,0.0018839048372646199,0,781,0.0,0.0,,,,,,,,,,,,,,,,,,,,,,,,,,,,,,,,,,,,,,,,,,,,,,,,,,,,,,,,,,,,,,,,,,,,,,,,,,nan,,,,,,,,,,,,,,,
814,2627.76025390625,0.02625098265707493,2.625098265707493,8014.536601781845,10000,ppo,ppo,crawler,flat,thdot_dth_neighbours_plus_thdot_direct,,,,,,,,,,,,,,,0.0020891667628515622,0,781,0.0,0.0,,,,,,,,,,,,,,,,,,,,,,,,,,,,,,,,,,,,,,,,,,,,,,,,,,,,,,,,,,,,,,,,,,,,,,,,,,nan,,,,,,,,,,,,,,,
815,2646.86328125,0.026438821107149124,2.6438821107149124,8024.385740280151,10000,ppo,ppo,crawler,flat,thdot_dth_neighbours_plus_thdot_direct,,,,,,,,,,,,,,,0.0021721879373242854,0,781,0.0,0.0,,,,,,,,,,,,,,,,,,,,,,,,,,,,,,,,,,,,,,,,,,,,,,,,,,,,,,,,,,,,,,,,,,,,,,,,,,nan,,,,,,,,,,,,,,,
816,2608.494140625,0.02605467103421688,2.605467103421688,8034.353371620178,10000,ppo,ppo,crawler,flat,thdot_dth_neighbours_plus_thdot_direct,,,,,,,,,,,,,,,0.0016022421841032876,0,781,0.0,0.0,,,,,,,,,,,,,,,,,,,,,,,,,,,,,,,,,,,,,,,,,,,,,,,,,,,,,,,,,,,,,,,,,,,,,,,,,,nan,,,,,,,,,,,,,,,
817,2682.306640625,0.02679543010890484,2.679543010890484,8043.756883382797,10000,ppo,ppo,crawler,flat,thdot_dth_neighbours_plus_thdot_direct,,,,,,,,,,,,,,,0.0018300462253788053,0,781,0.0,0.0,,,,,,,,,,,,,,,,,,,,,,,,,,,,,,,,,,,,,,,,,,,,,,,,,,,,,,,,,,,,,,,,,,,,,,,,,,nan,,,,,,,,,,,,,,,
818,2661.759765625,0.02658972144126892,2.658972144126892,8054.000710725784,10000,ppo,ppo,crawler,flat,thdot_dth_neighbours_plus_thdot_direct,,,,,,,,,,,,,,,0.001783541438639631,0,781,0.0,0.0,,,,,,,,,,,,,,,,,,,,,,,,,,,,,,,,,,,,,,,,,,,,,,,,,,,,,,,,,,,,,,,,,,,,,,,,,,nan,,,,,,,,,,,,,,,
819,2596.568359375,0.025944774970412254,2.5944774970412254,8063.310179948807,10000,ppo,ppo,crawler,flat,thdot_dth_neighbours_plus_thdot_direct,,,,,,,,,,,,,,,0.0015138363952257282,0,781,0.0,0.0,,,,,,,,,,,,,,,,,,,,,,,,,,,,,,,,,,,,,,,,,,,,,,,,,,,,,,,,,,,,,,,,,,,,,,,,,,nan,,,,,,,,,,,,,,,
820,2754.450927734375,0.027518993243575096,2.7518993243575096,8073.063965559006,10000,ppo,ppo,crawler,flat,thdot_dth_neighbours_plus_thdot_direct,,,,,,,,,,,,,,,0.0016469884650968558,0,781,0.0,0.0,,,,,,,,,,,,,,,,,,,,,,,,,,,,,,,,,,,,,,,,,,,,,,,,,,,,,,,,,,,,,,,,,,,,,,,,,,nan,,,,,,,,,,,,,,,
821,2662.4384765625,0.026596251875162125,2.6596251875162125,8083.116662979126,10000,ppo,ppo,crawler,flat,thdot_dth_neighbours_plus_thdot_direct,,,,,,,,,,,,,,,0.002286137585566656,0,781,0.0,0.0,,,,,,,,,,,,,,,,,,,,,,,,,,,,,,,,,,,,,,,,,,,,,,,,,,,,,,,,,,,,,,,,,,,,,,,,,,nan,,,,,,,,,,,,,,,
822,2713.026611328125,0.02710561454296112,2.710561454296112,8092.555221319199,10000,ppo,ppo,crawler,flat,thdot_dth_neighbours_plus_thdot_direct,,,,,,,,,,,,,,,0.001440889694816664,0,781,0.0,0.0,,,,,,,,,,,,,,,,,,,,,,,,,,,,,,,,,,,,,,,,,,,,,,,,,,,,,,,,,,,,,,,,,,,,,,,,,,nan,,,,,,,,,,,,,,,
823,2692.142333984375,0.026891862973570824,2.6891862973570824,8102.865240573883,10000,ppo,ppo,crawler,flat,thdot_dth_neighbours_plus_thdot_direct,,,,,,,,,,,,,,,0.0021611493237562044,0,781,0.0,0.0,,,,,,,,,,,,,,,,,,,,,,,,,,,,,,,,,,,,,,,,,,,,,,,,,,,,,,,,,,,,,,,,,,,,,,,,,,nan,,,,,,,,,,,,,,,
824,2628.768310546875,0.02625848539173603,2.625848539173603,8112.697834730148,10000,ppo,ppo,crawler,flat,thdot_dth_neighbours_plus_thdot_direct,,,,,,,,,,,,,,,0.0026796726762118315,0,781,0.0,0.0,,,,,,,,,,,,,,,,,,,,,,,,,,,,,,,,,,,,,,,,,,,,,,,,,,,,,,,,,,,,,,,,,,,,,,,,,,nan,,,,,,,,,,,,,,,
825,2672.13720703125,0.02669382654130459,2.669382654130459,8122.861548662186,10000,ppo,ppo,crawler,flat,thdot_dth_neighbours_plus_thdot_direct,,,,,,,,,,,,,,,0.0028386505770187434,0,781,0.0,0.0,,,,,,,,,,,,,,,,,,,,,,,,,,,,,,,,,,,,,,,,,,,,,,,,,,,,,,,,,,,,,,,,,,,,,,,,,,nan,,,,,,,,,,,,,,,
826,2724.819580078125,0.027218645438551903,2.7218645438551903,8133.11333322525,10000,ppo,ppo,crawler,flat,thdot_dth_neighbours_plus_thdot_direct,,,,,,,,,,,,,,,0.0016945640803554451,0,781,0.0,0.0,,,,,,,,,,,,,,,,,,,,,,,,,,,,,,,,,,,,,,,,,,,,,,,,,,,,,,,,,,,,,,,,,,,,,,,,,,nan,,,,,,,,,,,,,,,
827,2698.529052734375,0.02695668861269951,2.695668861269951,8142.353570222855,10000,ppo,ppo,crawler,flat,thdot_dth_neighbours_plus_thdot_direct,,,,,,,,,,,,,,,0.0021997006189002732,0,781,0.0,0.0,,,,,,,,,,,,,,,,,,,,,,,,,,,,,,,,,,,,,,,,,,,,,,,,,,,,,,,,,,,,,,,,,,,,,,,,,,nan,,,,,,,,,,,,,,,
828,2666.908935546875,0.026638396084308624,2.6638396084308624,8152.642189741135,10000,ppo,ppo,crawler,flat,thdot_dth_neighbours_plus_thdot_direct,,,,,,,,,,,,,,,0.0012610677532008034,0,781,0.0,0.0,,,,,,,,,,,,,,,,,,,,,,,,,,,,,,,,,,,,,,,,,,,,,,,,,,,,,,,,,,,,,,,,,,,,,,,,,,nan,,,,,,,,,,,,,,,
829,2747.430419921875,0.027447987347841263,2.7447987347841263,8162.330139160156,10000,ppo,ppo,crawler,flat,thdot_dth_neighbours_plus_thdot_direct,,,,,,,,,,,,,,,0.0020648398435562515,0,781,0.0,0.0,,,,,,,,,,,,,,,,,,,,,,,,,,,,,,,,,,,,,,,,,,,,,,,,,,,,,,,,,,,,,,,,,,,,,,,,,,nan,,,,,,,,,,,,,,,
830,2762.962646484375,0.02760082669556141,2.760082669556141,8172.140290975571,10000,ppo,ppo,crawler,flat,thdot_dth_neighbours_plus_thdot_direct,,,,,,,,,,,,,,,0.0016798947577025781,0,781,0.0,0.0,,,,,,,,,,,,,,,,,,,,,,,,,,,,,,,,,,,,,,,,,,,,,,,,,,,,,,,,,,,,,,,,,,,,,,,,,,nan,,,,,,,,,,,,,,,
831,2559.468017578125,0.025569841265678406,2.5569841265678406,8182.193076372147,10000,ppo,ppo,crawler,flat,thdot_dth_neighbours_plus_thdot_direct,,,,,,,,,,,,,,,0.001890939688767313,0,781,0.0,0.0,,,,,,,,,,,,,,,,,,,,,,,,,,,,,,,,,,,,,,,,,,,,,,,,,,,,,,,,,,,,,,,,,,,,,,,,,,nan,,,,,,,,,,,,,,,
832,2695.455810546875,0.026926128193736076,2.6926128193736076,8191.440295219421,10000,ppo,ppo,crawler,flat,thdot_dth_neighbours_plus_thdot_direct,,,,,,,,,,,,,,,0.0020493026737286994,0,781,0.0,0.0,,,,,,,,,,,,,,,,,,,,,,,,,,,,,,,,,,,,,,,,,,,,,,,,,,,,,,,,,,,,,,,,,,,,,,,,,,nan,,,,,,,,,,,,,,,
833,2725.327880859375,0.02722247876226902,2.722247876226902,8201.788292646408,10000,ppo,ppo,crawler,flat,thdot_dth_neighbours_plus_thdot_direct,,,,,,,,,,,,,,,0.0015983931140584652,0,781,0.0,0.0,,,,,,,,,,,,,,,,,,,,,,,,,,,,,,,,,,,,,,,,,,,,,,,,,,,,,,,,,,,,,,,,,,,,,,,,,,nan,,,,,,,,,,,,,,,
834,2704.586181640625,0.02701958827674389,2.701958827674389,8211.500343322754,10000,ppo,ppo,crawler,flat,thdot_dth_neighbours_plus_thdot_direct,,,,,,,,,,,,,,,0.001956960158619767,0,781,0.0,0.0,,,,,,,,,,,,,,,,,,,,,,,,,,,,,,,,,,,,,,,,,,,,,,,,,,,,,,,,,,,,,,,,,,,,,,,,,,nan,,,,,,,,,,,,,,,
835,2659.8759765625,0.026571813970804214,2.6571813970804214,8221.14992237091,10000,ppo,ppo,crawler,flat,thdot_dth_neighbours_plus_thdot_direct,,,,,,,,,,,,,,,0.0010104842684752289,0,781,0.0,0.0,,,,,,,,,,,,,,,,,,,,,,,,,,,,,,,,,,,,,,,,,,,,,,,,,,,,,,,,,,,,,,,,,,,,,,,,,,nan,,,,,,,,,,,,,,,
836,2564.25439453125,0.02561371400952339,2.561371400952339,8231.508832454681,10000,ppo,ppo,crawler,flat,thdot_dth_neighbours_plus_thdot_direct,,,,,,,,,,,,,,,0.0011333104065718086,0,781,0.0,0.0,,,,,,,,,,,,,,,,,,,,,,,,,,,,,,,,,,,,,,,,,,,,,,,,,,,,,,,,,,,,,,,,,,,,,,,,,,nan,,,,,,,,,,,,,,,
837,2769.0029296875,0.02766040526330471,2.766040526330471,8241.120681762695,10000,ppo,ppo,crawler,flat,thdot_dth_neighbours_plus_thdot_direct,,,,,,,,,,,,,,,0.0014536039416480412,0,781,0.0,0.0,,,,,,,,,,,,,,,,,,,,,,,,,,,,,,,,,,,,,,,,,,,,,,,,,,,,,,,,,,,,,,,,,,,,,,,,,,nan,,,,,,,,,,,,,,,
838,2650.851318359375,0.026480285450816154,2.6480285450816154,8251.050006866455,10000,ppo,ppo,crawler,flat,thdot_dth_neighbours_plus_thdot_direct,,,,,,,,,,,,,,,0.00202096006666807,0,781,0.0,0.0,,,,,,,,,,,,,,,,,,,,,,,,,,,,,,,,,,,,,,,,,,,,,,,,,,,,,,,,,,,,,,,,,,,,,,,,,,nan,,,,,,,,,,,,,,,
839,2775.30322265625,0.027720989659428596,2.7720989659428596,8260.86587023735,10000,ppo,ppo,crawler,flat,thdot_dth_neighbours_plus_thdot_direct,,,,,,,,,,,,,,,0.0014204847520176327,0,781,0.0,0.0,,,,,,,,,,,,,,,,,,,,,,,,,,,,,,,,,,,,,,,,,,,,,,,,,,,,,,,,,,,,,,,,,,,,,,,,,,nan,,,,,,,,,,,,,,,
840,2679.451171875,0.026764649897813797,2.6764649897813797,8270.793187618256,10000,ppo,ppo,crawler,flat,thdot_dth_neighbours_plus_thdot_direct,,,,,,,,,,,,,,,0.0012093708022786881,0,781,0.0,0.0,,,,,,,,,,,,,,,,,,,,,,,,,,,,,,,,,,,,,,,,,,,,,,,,,,,,,,,,,,,,,,,,,,,,,,,,,,nan,,,,,,,,,,,,,,,
841,2709.58056640625,0.02706843800842762,2.706843800842762,8280.780595779419,10000,ppo,ppo,crawler,flat,thdot_dth_neighbours_plus_thdot_direct,,,,,,,,,,,,,,,0.002624849751358498,0,781,0.0,0.0,,,,,,,,,,,,,,,,,,,,,,,,,,,,,,,,,,,,,,,,,,,,,,,,,,,,,,,,,,,,,,,,,,,,,,,,,,nan,,,,,,,,,,,,,,,
842,2757.115966796875,0.02754363976418972,2.754363976418972,8290.301767110825,10000,ppo,ppo,crawler,flat,thdot_dth_neighbours_plus_thdot_direct,,,,,,,,,,,,,,,0.001455358013198737,0,781,0.0,0.0,,,,,,,,,,,,,,,,,,,,,,,,,,,,,,,,,,,,,,,,,,,,,,,,,,,,,,,,,,,,,,,,,,,,,,,,,,nan,,,,,,,,,,,,,,,
843,2746.587646484375,0.027440190315246582,2.744019031524658,8300.26134610176,10000,ppo,ppo,crawler,flat,thdot_dth_neighbours_plus_thdot_direct,,,,,,,,,,,,,,,0.0016563132990261567,0,781,0.0,0.0,,,,,,,,,,,,,,,,,,,,,,,,,,,,,,,,,,,,,,,,,,,,,,,,,,,,,,,,,,,,,,,,,,,,,,,,,,nan,,,,,,,,,,,,,,,
844,2761.992919921875,0.02758953720331192,2.758953720331192,8310.263777971268,10000,ppo,ppo,crawler,flat,thdot_dth_neighbours_plus_thdot_direct,,,,,,,,,,,,,,,0.002313238726498725,0,781,0.0,0.0,,,,,,,,,,,,,,,,,,,,,,,,,,,,,,,,,,,,,,,,,,,,,,,,,,,,,,,,,,,,,,,,,,,,,,,,,,nan,,,,,,,,,,,,,,,
845,2758.401611328125,0.027554722502827644,2.7554722502827644,8319.591128110886,10000,ppo,ppo,crawler,flat,thdot_dth_neighbours_plus_thdot_direct,,,,,,,,,,,,,,,0.0016335043138769483,0,781,0.0,0.0,,,,,,,,,,,,,,,,,,,,,,,,,,,,,,,,,,,,,,,,,,,,,,,,,,,,,,,,,,,,,,,,,,,,,,,,,,nan,,,,,,,,,,,,,,,
846,2690.92919921875,0.02688322402536869,2.688322402536869,8329.733386278152,10000,ppo,ppo,crawler,flat,thdot_dth_neighbours_plus_thdot_direct,,,,,,,,,,,,,,,0.002504701605533306,0,781,0.0,0.0,,,,,,,,,,,,,,,,,,,,,,,,,,,,,,,,,,,,,,,,,,,,,,,,,,,,,,,,,,,,,,,,,,,,,,,,,,nan,,,,,,,,,,,,,,,
847,2763.135498046875,0.027604155242443085,2.7604155242443085,8339.540513277054,10000,ppo,ppo,crawler,flat,thdot_dth_neighbours_plus_thdot_direct,,,,,,,,,,,,,,,0.0019742965193979777,0,781,0.0,0.0,,,,,,,,,,,,,,,,,,,,,,,,,,,,,,,,,,,,,,,,,,,,,,,,,,,,,,,,,,,,,,,,,,,,,,,,,,nan,,,,,,,,,,,,,,,
848,2746.482666015625,0.02743394672870636,2.743394672870636,8349.290233373642,10000,ppo,ppo,crawler,flat,thdot_dth_neighbours_plus_thdot_direct,,,,,,,,,,,,,,,0.002403119968693942,0,781,0.0,0.0,,,,,,,,,,,,,,,,,,,,,,,,,,,,,,,,,,,,,,,,,,,,,,,,,,,,,,,,,,,,,,,,,,,,,,,,,,nan,,,,,,,,,,,,,,,
849,2790.6259765625,0.02787887118756771,2.787887118756771,8359.353979587555,10000,ppo,ppo,crawler,flat,thdot_dth_neighbours_plus_thdot_direct,,,,,,,,,,,,,,,0.0014409670685729763,0,781,0.0,0.0,,,,,,,,,,,,,,,,,,,,,,,,,,,,,,,,,,,,,,,,,,,,,,,,,,,,,,,,,,,,,,,,,,,,,,,,,,nan,,,,,,,,,,,,,,,
850,2724.995361328125,0.027221422642469406,2.7221422642469406,8368.893337965012,10000,ppo,ppo,crawler,flat,thdot_dth_neighbours_plus_thdot_direct,,,,,,,,,,,,,,,0.0011922040090951286,0,781,0.0,0.0,,,,,,,,,,,,,,,,,,,,,,,,,,,,,,,,,,,,,,,,,,,,,,,,,,,,,,,,,,,,,,,,,,,,,,,,,,nan,,,,,,,,,,,,,,,
851,2791.85009765625,0.02788793481886387,2.788793481886387,8378.824152946472,10000,ppo,ppo,crawler,flat,thdot_dth_neighbours_plus_thdot_direct,,,,,,,,,,,,,,,0.0017257037200080945,0,781,0.0,0.0,,,,,,,,,,,,,,,,,,,,,,,,,,,,,,,,,,,,,,,,,,,,,,,,,,,,,,,,,,,,,,,,,,,,,,,,,,nan,,,,,,,,,,,,,,,
852,2790.0693359375,0.027874810621142387,2.7874810621142387,8388.629757165909,10000,ppo,ppo,crawler,flat,thdot_dth_neighbours_plus_thdot_direct,,,,,,,,,,,,,,,0.0015157559379651978,0,781,0.0,0.0,,,,,,,,,,,,,,,,,,,,,,,,,,,,,,,,,,,,,,,,,,,,,,,,,,,,,,,,,,,,,,,,,,,,,,,,,,nan,,,,,,,,,,,,,,,
853,2733.353271484375,0.027306506410241127,2.7306506410241127,8398.260103702545,10000,ppo,ppo,crawler,flat,thdot_dth_neighbours_plus_thdot_direct,,,,,,,,,,,,,,,0.0018290128491466715,0,781,0.0,0.0,,,,,,,,,,,,,,,,,,,,,,,,,,,,,,,,,,,,,,,,,,,,,,,,,,,,,,,,,,,,,,,,,,,,,,,,,,nan,,,,,,,,,,,,,,,
854,2796.15869140625,0.02793680876493454,2.793680876493454,8408.463148117065,10000,ppo,ppo,crawler,flat,thdot_dth_neighbours_plus_thdot_direct,,,,,,,,,,,,,,,0.0018381517636228005,0,781,0.0,0.0,,,,,,,,,,,,,,,,,,,,,,,,,,,,,,,,,,,,,,,,,,,,,,,,,,,,,,,,,,,,,,,,,,,,,,,,,,nan,,,,,,,,,,,,,,,
855,2701.426513671875,0.02698878012597561,2.698878012597561,8417.956587791443,10000,ppo,ppo,crawler,flat,thdot_dth_neighbours_plus_thdot_direct,,,,,,,,,,,,,,,0.0028352464581945665,0,781,0.0,0.0,,,,,,,,,,,,,,,,,,,,,,,,,,,,,,,,,,,,,,,,,,,,,,,,,,,,,,,,,,,,,,,,,,,,,,,,,,nan,,,,,,,,,,,,,,,
856,2765.11376953125,0.027620939537882805,2.7620939537882805,8427.927604675293,10000,ppo,ppo,crawler,flat,thdot_dth_neighbours_plus_thdot_direct,,,,,,,,,,,,,,,0.002021490044937481,0,781,0.0,0.0,,,,,,,,,,,,,,,,,,,,,,,,,,,,,,,,,,,,,,,,,,,,,,,,,,,,,,,,,,,,,,,,,,,,,,,,,,nan,,,,,,,,,,,,,,,
857,2765.586181640625,0.02762906812131405,2.762906812131405,8437.90353345871,10000,ppo,ppo,crawler,flat,thdot_dth_neighbours_plus_thdot_direct,,,,,,,,,,,,,,,0.001507041201397216,0,781,0.0,0.0,,,,,,,,,,,,,,,,,,,,,,,,,,,,,,,,,,,,,,,,,,,,,,,,,,,,,,,,,,,,,,,,,,,,,,,,,,nan,,,,,,,,,,,,,,,
858,2613.056396484375,0.02610180899500847,2.610180899500847,8447.550737380981,10000,ppo,ppo,crawler,flat,thdot_dth_neighbours_plus_thdot_direct,,,,,,,,,,,,,,,0.001433121164921076,0,781,0.0,0.0,,,,,,,,,,,,,,,,,,,,,,,,,,,,,,,,,,,,,,,,,,,,,,,,,,,,,,,,,,,,,,,,,,,,,,,,,,nan,,,,,,,,,,,,,,,
859,2730.544677734375,0.02727370522916317,2.727370522916317,8457.554082155228,10000,ppo,ppo,crawler,flat,thdot_dth_neighbours_plus_thdot_direct,,,,,,,,,,,,,,,0.0016777965905645014,0,781,0.0,0.0,,,,,,,,,,,,,,,,,,,,,,,,,,,,,,,,,,,,,,,,,,,,,,,,,,,,,,,,,,,,,,,,,,,,,,,,,,nan,,,,,,,,,,,,,,,
860,2748.728271484375,0.02746085822582245,2.746085822582245,8467.010462760925,10000,ppo,ppo,crawler,flat,thdot_dth_neighbours_plus_thdot_direct,,,,,,,,,,,,,,,0.0037775658281426097,0,781,0.0,0.0,,,,,,,,,,,,,,,,,,,,,,,,,,,,,,,,,,,,,,,,,,,,,,,,,,,,,,,,,,,,,,,,,,,,,,,,,,nan,,,,,,,,,,,,,,,
861,2657.720947265625,0.02654825896024704,2.654825896024704,8476.677750110626,10000,ppo,ppo,crawler,flat,thdot_dth_neighbours_plus_thdot_direct,,,,,,,,,,,,,,,0.0019013883913905744,0,781,0.0,0.0,,,,,,,,,,,,,,,,,,,,,,,,,,,,,,,,,,,,,,,,,,,,,,,,,,,,,,,,,,,,,,,,,,,,,,,,,,nan,,,,,,,,,,,,,,,
862,2732.57275390625,0.027293777093291283,2.7293777093291283,8487.017607927322,10000,ppo,ppo,crawler,flat,thdot_dth_neighbours_plus_thdot_direct,,,,,,,,,,,,,,,0.0020821250536510994,0,781,0.0,0.0,,,,,,,,,,,,,,,,,,,,,,,,,,,,,,,,,,,,,,,,,,,,,,,,,,,,,,,,,,,,,,,,,,,,,,,,,,nan,,,,,,,,,,,,,,,
863,2720.53173828125,0.0271777156740427,2.71777156740427,8496.438702344894,10000,ppo,ppo,crawler,flat,thdot_dth_neighbours_plus_thdot_direct,,,,,,,,,,,,,,,0.0017484233380005482,0,781,0.0,0.0,,,,,,,,,,,,,,,,,,,,,,,,,,,,,,,,,,,,,,,,,,,,,,,,,,,,,,,,,,,,,,,,,,,,,,,,,,nan,,,,,,,,,,,,,,,
864,2761.724365234375,0.027587207034230232,2.7587207034230232,8506.395089149475,10000,ppo,ppo,crawler,flat,thdot_dth_neighbours_plus_thdot_direct,,,,,,,,,,,,,,,0.0011781982596003964,0,781,0.0,0.0,,,,,,,,,,,,,,,,,,,,,,,,,,,,,,,,,,,,,,,,,,,,,,,,,,,,,,,,,,,,,,,,,,,,,,,,,,nan,,,,,,,,,,,,,,,
865,2740.421142578125,0.027375230565667152,2.7375230565667152,8516.060163497925,10000,ppo,ppo,crawler,flat,thdot_dth_neighbours_plus_thdot_direct,,,,,,,,,,,,,,,0.0016259193574216075,0,781,0.0,0.0,,,,,,,,,,,,,,,,,,,,,,,,,,,,,,,,,,,,,,,,,,,,,,,,,,,,,,,,,,,,,,,,,,,,,,,,,,nan,,,,,,,,,,,,,,,
866,2697.83203125,0.02694988250732422,2.694988250732422,8526.111682891846,10000,ppo,ppo,crawler,flat,thdot_dth_neighbours_plus_thdot_direct,,,,,,,,,,,,,,,0.001548367562474308,0,781,0.0,0.0,,,,,,,,,,,,,,,,,,,,,,,,,,,,,,,,,,,,,,,,,,,,,,,,,,,,,,,,,,,,,,,,,,,,,,,,,,nan,,,,,,,,,,,,,,,
867,2734.22314453125,0.02731805294752121,2.731805294752121,8536.060188531876,10000,ppo,ppo,crawler,flat,thdot_dth_neighbours_plus_thdot_direct,,,,,,,,,,,,,,,0.0023086738577127973,0,781,0.0,0.0,,,,,,,,,,,,,,,,,,,,,,,,,,,,,,,,,,,,,,,,,,,,,,,,,,,,,,,,,,,,,,,,,,,,,,,,,,nan,,,,,,,,,,,,,,,
868,2653.481201171875,0.026508355513215065,2.6508355513215065,8545.733170509338,10000,ppo,ppo,crawler,flat,thdot_dth_neighbours_plus_thdot_direct,,,,,,,,,,,,,,,0.0018831818223374653,0,781,0.0,0.0,,,,,,,,,,,,,,,,,,,,,,,,,,,,,,,,,,,,,,,,,,,,,,,,,,,,,,,,,,,,,,,,,,,,,,,,,,nan,,,,,,,,,,,,,,,
869,2886.984619140625,0.028837108984589577,2.8837108984589577,8556.1592502594,10000,ppo,ppo,crawler,flat,thdot_dth_neighbours_plus_thdot_direct,,,,,,,,,,,,,,,0.0022042893417744966,0,781,0.0,0.0,,,,,,,,,,,,,,,,,,,,,,,,,,,,,,,,,,,,,,,,,,,,,,,,,,,,,,,,,,,,,,,,,,,,,,,,,,nan,,,,,,,,,,,,,,,
870,2600.315185546875,0.02597184292972088,2.597184292972088,8566.074056625366,10000,ppo,ppo,crawler,flat,thdot_dth_neighbours_plus_thdot_direct,,,,,,,,,,,,,,,0.0011364159023385177,0,781,0.0,0.0,,,,,,,,,,,,,,,,,,,,,,,,,,,,,,,,,,,,,,,,,,,,,,,,,,,,,,,,,,,,,,,,,,,,,,,,,,nan,,,,,,,,,,,,,,,
871,2742.610595703125,0.02739460952579975,2.739460952579975,8575.589295387268,10000,ppo,ppo,crawler,flat,thdot_dth_neighbours_plus_thdot_direct,,,,,,,,,,,,,,,0.0009396327504349589,0,781,0.0,0.0,,,,,,,,,,,,,,,,,,,,,,,,,,,,,,,,,,,,,,,,,,,,,,,,,,,,,,,,,,,,,,,,,,,,,,,,,,nan,,,,,,,,,,,,,,,
872,2850.260986328125,0.028470037505030632,2.847003750503063,8585.571713209152,10000,ppo,ppo,crawler,flat,thdot_dth_neighbours_plus_thdot_direct,,,,,,,,,,,,,,,0.0014587417309682123,0,781,0.0,0.0,,,,,,,,,,,,,,,,,,,,,,,,,,,,,,,,,,,,,,,,,,,,,,,,,,,,,,,,,,,,,,,,,,,,,,,,,,nan,,,,,,,,,,,,,,,
873,2708.10205078125,0.02705131098628044,2.705131098628044,8595.644111394882,10000,ppo,ppo,crawler,flat,thdot_dth_neighbours_plus_thdot_direct,,,,,,,,,,,,,,,0.0021712910406910015,0,781,0.0,0.0,,,,,,,,,,,,,,,,,,,,,,,,,,,,,,,,,,,,,,,,,,,,,,,,,,,,,,,,,,,,,,,,,,,,,,,,,,nan,,,,,,,,,,,,,,,
874,2860.30078125,0.02857857011258602,2.857857011258602,8605.265512943268,10000,ppo,ppo,crawler,flat,thdot_dth_neighbours_plus_thdot_direct,,,,,,,,,,,,,,,0.0013316839929002793,0,781,0.0,0.0,,,,,,,,,,,,,,,,,,,,,,,,,,,,,,,,,,,,,,,,,,,,,,,,,,,,,,,,,,,,,,,,,,,,,,,,,,nan,,,,,,,,,,,,,,,
875,2725.936767578125,0.027228694409132004,2.7228694409132004,8615.160743951797,10000,ppo,ppo,crawler,flat,thdot_dth_neighbours_plus_thdot_direct,,,,,,,,,,,,,,,0.0021122555028513946,0,781,0.0,0.0,,,,,,,,,,,,,,,,,,,,,,,,,,,,,,,,,,,,,,,,,,,,,,,,,,,,,,,,,,,,,,,,,,,,,,,,,,nan,,,,,,,,,,,,,,,
876,2643.120849609375,0.026404403150081635,2.6404403150081635,8624.772306919098,10000,ppo,ppo,crawler,flat,thdot_dth_neighbours_plus_thdot_direct,,,,,,,,,,,,,,,0.0015936791762534224,0,781,0.0,0.0,,,,,,,,,,,,,,,,,,,,,,,,,,,,,,,,,,,,,,,,,,,,,,,,,,,,,,,,,,,,,,,,,,,,,,,,,,nan,,,,,,,,,,,,,,,
877,2790.769287109375,0.027873830869793892,2.787383086979389,8634.940408468246,10000,ppo,ppo,crawler,flat,thdot_dth_neighbours_plus_thdot_direct,,,,,,,,,,,,,,,0.0014098797362029206,0,781,0.0,0.0,,,,,,,,,,,,,,,,,,,,,,,,,,,,,,,,,,,,,,,,,,,,,,,,,,,,,,,,,,,,,,,,,,,,,,,,,,nan,,,,,,,,,,,,,,,
878,2689.088623046875,0.02686047926545143,2.686047926545143,8644.610275030136,10000,ppo,ppo,crawler,flat,thdot_dth_neighbours_plus_thdot_direct,,,,,,,,,,,,,,,0.0013761176873808912,0,781,0.0,0.0,,,,,,,,,,,,,,,,,,,,,,,,,,,,,,,,,,,,,,,,,,,,,,,,,,,,,,,,,,,,,,,,,,,,,,,,,,nan,,,,,,,,,,,,,,,
879,2697.802490234375,0.026949794963002205,2.6949794963002205,8654.639344453812,10000,ppo,ppo,crawler,flat,thdot_dth_neighbours_plus_thdot_direct,,,,,,,,,,,,,,,0.0022091511116479586,0,781,0.0,0.0,,,,,,,,,,,,,,,,,,,,,,,,,,,,,,,,,,,,,,,,,,,,,,,,,,,,,,,,,,,,,,,,,,,,,,,,,,nan,,,,,,,,,,,,,,,
880,2709.396240234375,0.02706265263259411,2.706265263259411,8664.61164689064,10000,ppo,ppo,crawler,flat,thdot_dth_neighbours_plus_thdot_direct,,,,,,,,,,,,,,,0.0027404433926878913,0,781,0.0,0.0,,,,,,,,,,,,,,,,,,,,,,,,,,,,,,,,,,,,,,,,,,,,,,,,,,,,,,,,,,,,,,,,,,,,,,,,,,nan,,,,,,,,,,,,,,,
881,2733.15771484375,0.02730489708483219,2.730489708483219,8674.109564781189,10000,ppo,ppo,crawler,flat,thdot_dth_neighbours_plus_thdot_direct,,,,,,,,,,,,,,,0.0013811504644433046,0,781,0.0,0.0,,,,,,,,,,,,,,,,,,,,,,,,,,,,,,,,,,,,,,,,,,,,,,,,,,,,,,,,,,,,,,,,,,,,,,,,,,nan,,,,,,,,,,,,,,,
882,2715.233642578125,0.02712090313434601,2.712090313434601,8683.896583080292,10000,ppo,ppo,crawler,flat,thdot_dth_neighbours_plus_thdot_direct,,,,,,,,,,,,,,,0.0016580248883936819,0,781,0.0,0.0,,,,,,,,,,,,,,,,,,,,,,,,,,,,,,,,,,,,,,,,,,,,,,,,,,,,,,,,,,,,,,,,,,,,,,,,,,nan,,,,,,,,,,,,,,,
883,2722.599609375,0.027197234332561493,2.7197234332561493,8693.51535153389,10000,ppo,ppo,crawler,flat,thdot_dth_neighbours_plus_thdot_direct,,,,,,,,,,,,,,,0.0025453810589983156,0,781,0.0,0.0,,,,,,,,,,,,,,,,,,,,,,,,,,,,,,,,,,,,,,,,,,,,,,,,,,,,,,,,,,,,,,,,,,,,,,,,,,nan,,,,,,,,,,,,,,,
884,2615.34375,0.026125341653823853,2.6125341653823853,8703.408485651016,10000,ppo,ppo,crawler,flat,thdot_dth_neighbours_plus_thdot_direct,,,,,,,,,,,,,,,0.0013051444072391856,0,781,0.0,0.0,,,,,,,,,,,,,,,,,,,,,,,,,,,,,,,,,,,,,,,,,,,,,,,,,,,,,,,,,,,,,,,,,,,,,,,,,,nan,,,,,,,,,,,,,,,
885,2671.517333984375,0.02668868936598301,2.668868936598301,8713.136404514313,10000,ppo,ppo,crawler,flat,thdot_dth_neighbours_plus_thdot_direct,,,,,,,,,,,,,,,0.0016383064390333537,0,781,0.0,0.0,,,,,,,,,,,,,,,,,,,,,,,,,,,,,,,,,,,,,,,,,,,,,,,,,,,,,,,,,,,,,,,,,,,,,,,,,,nan,,,,,,,,,,,,,,,
886,2638.494140625,0.026355179026722908,2.635517902672291,8722.907289028168,10000,ppo,ppo,crawler,flat,thdot_dth_neighbours_plus_thdot_direct,,,,,,,,,,,,,,,0.0014334720599553877,0,781,0.0,0.0,,,,,,,,,,,,,,,,,,,,,,,,,,,,,,,,,,,,,,,,,,,,,,,,,,,,,,,,,,,,,,,,,,,,,,,,,,nan,,,,,,,,,,,,,,,
887,2618.010498046875,0.02614893950521946,2.614893950521946,8732.678303718567,10000,ppo,ppo,crawler,flat,thdot_dth_neighbours_plus_thdot_direct,,,,,,,,,,,,,,,0.0016370849294039468,0,781,0.0,0.0,,,,,,,,,,,,,,,,,,,,,,,,,,,,,,,,,,,,,,,,,,,,,,,,,,,,,,,,,,,,,,,,,,,,,,,,,,nan,,,,,,,,,,,,,,,
888,2717.658935546875,0.027147453278303146,2.7147453278303146,8742.188132286072,10000,ppo,ppo,crawler,flat,thdot_dth_neighbours_plus_thdot_direct,,,,,,,,,,,,,,,0.0011458981733457304,0,781,0.0,0.0,,,,,,,,,,,,,,,,,,,,,,,,,,,,,,,,,,,,,,,,,,,,,,,,,,,,,,,,,,,,,,,,,,,,,,,,,,nan,,,,,,,,,,,,,,,
889,2743.164794921875,0.027404261752963066,2.7404261752963066,8751.917665481567,10000,ppo,ppo,crawler,flat,thdot_dth_neighbours_plus_thdot_direct,,,,,,,,,,,,,,,0.0021981771694675966,0,781,0.0,0.0,,,,,,,,,,,,,,,,,,,,,,,,,,,,,,,,,,,,,,,,,,,,,,,,,,,,,,,,,,,,,,,,,,,,,,,,,,nan,,,,,,,,,,,,,,,
890,2657.264404296875,0.026545580476522446,2.6545580476522446,8761.550674438477,10000,ppo,ppo,crawler,flat,thdot_dth_neighbours_plus_thdot_direct,,,,,,,,,,,,,,,0.0018450707330872243,0,781,0.0,0.0,,,,,,,,,,,,,,,,,,,,,,,,,,,,,,,,,,,,,,,,,,,,,,,,,,,,,,,,,,,,,,,,,,,,,,,,,,nan,,,,,,,,,,,,,,,
891,2750.152099609375,0.02747165411710739,2.747165411710739,8771.457749605179,10000,ppo,ppo,crawler,flat,thdot_dth_neighbours_plus_thdot_direct,,,,,,,,,,,,,,,0.0019469100670379536,0,781,0.0,0.0,,,,,,,,,,,,,,,,,,,,,,,,,,,,,,,,,,,,,,,,,,,,,,,,,,,,,,,,,,,,,,,,,,,,,,,,,,nan,,,,,,,,,,,,,,,
892,2700.752685546875,0.0269771758466959,2.69771758466959,8781.437244176865,10000,ppo,ppo,crawler,flat,thdot_dth_neighbours_plus_thdot_direct,,,,,,,,,,,,,,,0.0018287288402486308,0,781,0.0,0.0,,,,,,,,,,,,,,,,,,,,,,,,,,,,,,,,,,,,,,,,,,,,,,,,,,,,,,,,,,,,,,,,,,,,,,,,,,nan,,,,,,,,,,,,,,,
893,2718.936279296875,0.027162401005625725,2.7162401005625725,8791.16678571701,10000,ppo,ppo,crawler,flat,thdot_dth_neighbours_plus_thdot_direct,,,,,,,,,,,,,,,0.003364362354451957,0,781,0.0,0.0,,,,,,,,,,,,,,,,,,,,,,,,,,,,,,,,,,,,,,,,,,,,,,,,,,,,,,,,,,,,,,,,,,,,,,,,,,nan,,,,,,,,,,,,,,,
894,2844.859619140625,0.028414644300937653,2.8414644300937653,8800.941073417664,10000,ppo,ppo,crawler,flat,thdot_dth_neighbours_plus_thdot_direct,,,,,,,,,,,,,,,0.001991852997612498,0,781,0.0,0.0,,,,,,,,,,,,,,,,,,,,,,,,,,,,,,,,,,,,,,,,,,,,,,,,,,,,,,,,,,,,,,,,,,,,,,,,,,nan,,,,,,,,,,,,,,,
895,2594.405029296875,0.02591368369758129,2.591368369758129,8811.013902187347,10000,ppo,ppo,crawler,flat,thdot_dth_neighbours_plus_thdot_direct,,,,,,,,,,,,,,,0.0023789691507820404,0,781,0.0,0.0,,,,,,,,,,,,,,,,,,,,,,,,,,,,,,,,,,,,,,,,,,,,,,,,,,,,,,,,,,,,,,,,,,,,,,,,,,nan,,,,,,,,,,,,,,,
896,2618.6015625,0.026158560067415237,2.6158560067415237,8820.58297419548,10000,ppo,ppo,crawler,flat,thdot_dth_neighbours_plus_thdot_direct,,,,,,,,,,,,,,,0.0020537186256647977,0,781,0.0,0.0,,,,,,,,,,,,,,,,,,,,,,,,,,,,,,,,,,,,,,,,,,,,,,,,,,,,,,,,,,,,,,,,,,,,,,,,,,nan,,,,,,,,,,,,,,,
897,2708.288330078125,0.027056071907281876,2.7056071907281876,8830.454695224762,10000,ppo,ppo,crawler,flat,thdot_dth_neighbours_plus_thdot_direct,,,,,,,,,,,,,,,0.0015920147799846419,0,781,0.0,0.0,,,,,,,,,,,,,,,,,,,,,,,,,,,,,,,,,,,,,,,,,,,,,,,,,,,,,,,,,,,,,,,,,,,,,,,,,,nan,,,,,,,,,,,,,,,
898,2724.18603515625,0.027215443551540375,2.7215443551540375,8839.960761785507,10000,ppo,ppo,crawler,flat,thdot_dth_neighbours_plus_thdot_direct,,,,,,,,,,,,,,,0.0016381866926015887,0,781,0.0,0.0,,,,,,,,,,,,,,,,,,,,,,,,,,,,,,,,,,,,,,,,,,,,,,,,,,,,,,,,,,,,,,,,,,,,,,,,,,nan,,,,,,,,,,,,,,,
899,2687.962890625,0.026851991191506386,2.6851991191506386,8849.654187440872,10000,ppo,ppo,crawler,flat,thdot_dth_neighbours_plus_thdot_direct,,,,,,,,,,,,,,,0.0020102762404193004,0,781,0.0,0.0,,,,,,,,,,,,,,,,,,,,,,,,,,,,,,,,,,,,,,,,,,,,,,,,,,,,,,,,,,,,,,,,,,,,,,,,,,nan,,,,,,,,,,,,,,,
900,2685.001220703125,0.02682056464254856,2.682056464254856,8859.439601182938,10000,ppo,ppo,crawler,flat,thdot_dth_neighbours_plus_thdot_direct,,,,,,,,,,,,,,,0.0017201927576589696,0,781,0.0,0.0,,,,,,,,,,,,,,,,,,,,,,,,,,,,,,,,,,,,,,,,,,,,,,,,,,,,,,,,,,,,,,,,,,,,,,,,,,nan,,,,,,,,,,,,,,,
901,2785.4228515625,0.027823297306895256,2.7823297306895256,8869.172015666962,10000,ppo,ppo,crawler,flat,thdot_dth_neighbours_plus_thdot_direct,,,,,,,,,,,,,,,0.0031318390639470113,0,781,0.0,0.0,,,,,,,,,,,,,,,,,,,,,,,,,,,,,,,,,,,,,,,,,,,,,,,,,,,,,,,,,,,,,,,,,,,,,,,,,,nan,,,,,,,,,,,,,,,
902,2725.89697265625,0.02723202109336853,2.723202109336853,8878.920058488846,10000,ppo,ppo,crawler,flat,thdot_dth_neighbours_plus_thdot_direct,,,,,,,,,,,,,,,0.0021490147475695166,0,781,0.0,0.0,,,,,,,,,,,,,,,,,,,,,,,,,,,,,,,,,,,,,,,,,,,,,,,,,,,,,,,,,,,,,,,,,,,,,,,,,,nan,,,,,,,,,,,,,,,
903,2784.430419921875,0.027815362438559532,2.781536243855953,8888.647327899933,10000,ppo,ppo,crawler,flat,thdot_dth_neighbours_plus_thdot_direct,,,,,,,,,,,,,,,0.0020365411811127205,0,781,0.0,0.0,,,,,,,,,,,,,,,,,,,,,,,,,,,,,,,,,,,,,,,,,,,,,,,,,,,,,,,,,,,,,,,,,,,,,,,,,,nan,,,,,,,,,,,,,,,
904,2699.664794921875,0.026966847479343414,2.6966847479343414,8898.600543737411,10000,ppo,ppo,crawler,flat,thdot_dth_neighbours_plus_thdot_direct,,,,,,,,,,,,,,,0.0024776354188455764,0,781,0.0,0.0,,,,,,,,,,,,,,,,,,,,,,,,,,,,,,,,,,,,,,,,,,,,,,,,,,,,,,,,,,,,,,,,,,,,,,,,,,nan,,,,,,,,,,,,,,,
905,2655.685302734375,0.02652740105986595,2.652740105986595,8908.385682106018,10000,ppo,ppo,crawler,flat,thdot_dth_neighbours_plus_thdot_direct,,,,,,,,,,,,,,,0.0012688709186381862,0,781,0.0,0.0,,,,,,,,,,,,,,,,,,,,,,,,,,,,,,,,,,,,,,,,,,,,,,,,,,,,,,,,,,,,,,,,,,,,,,,,,,nan,,,,,,,,,,,,,,,
906,2701.7421875,0.026989739388227463,2.6989739388227463,8918.594318389893,10000,ppo,ppo,crawler,flat,thdot_dth_neighbours_plus_thdot_direct,,,,,,,,,,,,,,,0.002524183942159594,0,781,0.0,0.0,,,,,,,,,,,,,,,,,,,,,,,,,,,,,,,,,,,,,,,,,,,,,,,,,,,,,,,,,,,,,,,,,,,,,,,,,,nan,,,,,,,,,,,,,,,
907,2642.640625,0.026398155838251114,2.6398155838251114,8928.381070613861,10000,ppo,ppo,crawler,flat,thdot_dth_neighbours_plus_thdot_direct,,,,,,,,,,,,,,,0.0018373972625446583,0,781,0.0,0.0,,,,,,,,,,,,,,,,,,,,,,,,,,,,,,,,,,,,,,,,,,,,,,,,,,,,,,,,,,,,,,,,,,,,,,,,,,nan,,,,,,,,,,,,,,,
908,2745.990966796875,0.027429986745119095,2.7429986745119095,8938.280404806137,10000,ppo,ppo,crawler,flat,thdot_dth_neighbours_plus_thdot_direct,,,,,,,,,,,,,,,0.0013910994226932654,0,781,0.0,0.0,,,,,,,,,,,,,,,,,,,,,,,,,,,,,,,,,,,,,,,,,,,,,,,,,,,,,,,,,,,,,,,,,,,,,,,,,,nan,,,,,,,,,,,,,,,
909,2685.859130859375,0.026833483949303627,2.6833483949303627,8947.79526257515,10000,ppo,ppo,crawler,flat,thdot_dth_neighbours_plus_thdot_direct,,,,,,,,,,,,,,,0.0014087841357691808,0,781,0.0,0.0,,,,,,,,,,,,,,,,,,,,,,,,,,,,,,,,,,,,,,,,,,,,,,,,,,,,,,,,,,,,,,,,,,,,,,,,,,nan,,,,,,,,,,,,,,,
910,2780.411865234375,0.02777760475873947,2.777760475873947,8957.668748378754,10000,ppo,ppo,crawler,flat,thdot_dth_neighbours_plus_thdot_direct,,,,,,,,,,,,,,,0.0020491767543492534,0,781,0.0,0.0,,,,,,,,,,,,,,,,,,,,,,,,,,,,,,,,,,,,,,,,,,,,,,,,,,,,,,,,,,,,,,,,,,,,,,,,,,nan,,,,,,,,,,,,,,,
911,2734.01318359375,0.027311308309435844,2.7311308309435844,8967.490366458893,10000,ppo,ppo,crawler,flat,thdot_dth_neighbours_plus_thdot_direct,,,,,,,,,,,,,,,0.0025654652300873236,0,781,0.0,0.0,,,,,,,,,,,,,,,,,,,,,,,,,,,,,,,,,,,,,,,,,,,,,,,,,,,,,,,,,,,,,,,,,,,,,,,,,,nan,,,,,,,,,,,,,,,
912,2746.63525390625,0.02743372693657875,2.743372693657875,8977.133203268051,10000,ppo,ppo,crawler,flat,thdot_dth_neighbours_plus_thdot_direct,,,,,,,,,,,,,,,0.0021299065930679077,0,781,0.0,0.0,,,,,,,,,,,,,,,,,,,,,,,,,,,,,,,,,,,,,,,,,,,,,,,,,,,,,,,,,,,,,,,,,,,,,,,,,,nan,,,,,,,,,,,,,,,
913,2811.167724609375,0.028082268312573433,2.8082268312573433,8987.59554219246,10000,ppo,ppo,crawler,flat,thdot_dth_neighbours_plus_thdot_direct,,,,,,,,,,,,,,,0.0016778012408157153,0,781,0.0,0.0,,,,,,,,,,,,,,,,,,,,,,,,,,,,,,,,,,,,,,,,,,,,,,,,,,,,,,,,,,,,,,,,,,,,,,,,,,nan,,,,,,,,,,,,,,,
914,2850.98681640625,0.028486084192991257,2.8486084192991257,8997.497735738754,10000,ppo,ppo,crawler,flat,thdot_dth_neighbours_plus_thdot_direct,,,,,,,,,,,,,,,0.001786335280694833,0,781,0.0,0.0,,,,,,,,,,,,,,,,,,,,,,,,,,,,,,,,,,,,,,,,,,,,,,,,,,,,,,,,,,,,,,,,,,,,,,,,,,nan,,,,,,,,,,,,,,,
915,2840.976806640625,0.02837974764406681,2.837974764406681,9007.243927240372,10000,ppo,ppo,crawler,flat,thdot_dth_neighbours_plus_thdot_direct,,,,,,,,,,,,,,,0.0024304284818453792,0,781,0.0,0.0,,,,,,,,,,,,,,,,,,,,,,,,,,,,,,,,,,,,,,,,,,,,,,,,,,,,,,,,,,,,,,,,,,,,,,,,,,nan,,,,,,,,,,,,,,,
916,2762.793701171875,0.02759798802435398,2.759798802435398,9017.1072742939,10000,ppo,ppo,crawler,flat,thdot_dth_neighbours_plus_thdot_direct,,,,,,,,,,,,,,,0.0019763239823033787,0,781,0.0,0.0,,,,,,,,,,,,,,,,,,,,,,,,,,,,,,,,,,,,,,,,,,,,,,,,,,,,,,,,,,,,,,,,,,,,,,,,,,nan,,,,,,,,,,,,,,,
917,2679.022216796875,0.02676098607480526,2.676098607480526,9026.783567667007,10000,ppo,ppo,crawler,flat,thdot_dth_neighbours_plus_thdot_direct,,,,,,,,,,,,,,,0.002739638363499127,0,781,0.0,0.0,,,,,,,,,,,,,,,,,,,,,,,,,,,,,,,,,,,,,,,,,,,,,,,,,,,,,,,,,,,,,,,,,,,,,,,,,,nan,,,,,,,,,,,,,,,
918,2693.5078125,0.026904061436653137,2.6904061436653137,9036.562171697617,10000,ppo,ppo,crawler,flat,thdot_dth_neighbours_plus_thdot_direct,,,,,,,,,,,,,,,0.001596473531470194,0,781,0.0,0.0,,,,,,,,,,,,,,,,,,,,,,,,,,,,,,,,,,,,,,,,,,,,,,,,,,,,,,,,,,,,,,,,,,,,,,,,,,nan,,,,,,,,,,,,,,,
919,2765.591064453125,0.027621904388070107,2.7621904388070107,9046.210702180862,10000,ppo,ppo,crawler,flat,thdot_dth_neighbours_plus_thdot_direct,,,,,,,,,,,,,,,0.0015212856613333293,0,781,0.0,0.0,,,,,,,,,,,,,,,,,,,,,,,,,,,,,,,,,,,,,,,,,,,,,,,,,,,,,,,,,,,,,,,,,,,,,,,,,,nan,,,,,,,,,,,,,,,
920,2731.03515625,0.0272783525288105,2.72783525288105,9056.106788873672,10000,ppo,ppo,crawler,flat,thdot_dth_neighbours_plus_thdot_direct,,,,,,,,,,,,,,,0.0017895996410192644,0,781,0.0,0.0,,,,,,,,,,,,,,,,,,,,,,,,,,,,,,,,,,,,,,,,,,,,,,,,,,,,,,,,,,,,,,,,,,,,,,,,,,nan,,,,,,,,,,,,,,,
921,2678.7939453125,0.02676079049706459,2.676079049706459,9066.091094255447,10000,ppo,ppo,crawler,flat,thdot_dth_neighbours_plus_thdot_direct,,,,,,,,,,,,,,,0.0013210058923347919,0,781,0.0,0.0,,,,,,,,,,,,,,,,,,,,,,,,,,,,,,,,,,,,,,,,,,,,,,,,,,,,,,,,,,,,,,,,,,,,,,,,,,nan,,,,,,,,,,,,,,,
922,2845.836669921875,0.028429510071873665,2.8429510071873665,9075.504446744919,10000,ppo,ppo,crawler,flat,thdot_dth_neighbours_plus_thdot_direct,,,,,,,,,,,,,,,0.0025085689810977188,0,781,0.0,0.0,,,,,,,,,,,,,,,,,,,,,,,,,,,,,,,,,,,,,,,,,,,,,,,,,,,,,,,,,,,,,,,,,,,,,,,,,,nan,,,,,,,,,,,,,,,
923,2821.487060546875,0.028185006231069565,2.8185006231069565,9085.314090967178,10000,ppo,ppo,crawler,flat,thdot_dth_neighbours_plus_thdot_direct,,,,,,,,,,,,,,,0.002094981780715134,0,781,0.0,0.0,,,,,,,,,,,,,,,,,,,,,,,,,,,,,,,,,,,,,,,,,,,,,,,,,,,,,,,,,,,,,,,,,,,,,,,,,,nan,,,,,,,,,,,,,,,
924,2764.854248046875,0.027616918087005615,2.7616918087005615,9095.347885847092,10000,ppo,ppo,crawler,flat,thdot_dth_neighbours_plus_thdot_direct,,,,,,,,,,,,,,,0.0019031678812226206,0,781,0.0,0.0,,,,,,,,,,,,,,,,,,,,,,,,,,,,,,,,,,,,,,,,,,,,,,,,,,,,,,,,,,,,,,,,,,,,,,,,,,nan,,,,,,,,,,,,,,,
925,2804.64208984375,0.02801501378417015,2.801501378417015,9104.956601381302,10000,ppo,ppo,crawler,flat,thdot_dth_neighbours_plus_thdot_direct,,,,,,,,,,,,,,,0.0015542489383550651,0,781,0.0,0.0,,,,,,,,,,,,,,,,,,,,,,,,,,,,,,,,,,,,,,,,,,,,,,,,,,,,,,,,,,,,,,,,,,,,,,,,,,nan,,,,,,,,,,,,,,,
926,2640.884765625,0.026383738964796066,2.6383738964796066,9114.942805290222,10000,ppo,ppo,crawler,flat,thdot_dth_neighbours_plus_thdot_direct,,,,,,,,,,,,,,,0.0037499832450475935,0,781,0.0,0.0,,,,,,,,,,,,,,,,,,,,,,,,,,,,,,,,,,,,,,,,,,,,,,,,,,,,,,,,,,,,,,,,,,,,,,,,,,nan,,,,,,,,,,,,,,,
927,2792.600341796875,0.02789551392197609,2.789551392197609,9124.73102402687,10000,ppo,ppo,crawler,flat,thdot_dth_neighbours_plus_thdot_direct,,,,,,,,,,,,,,,0.0017758703255770945,0,781,0.0,0.0,,,,,,,,,,,,,,,,,,,,,,,,,,,,,,,,,,,,,,,,,,,,,,,,,,,,,,,,,,,,,,,,,,,,,,,,,,nan,,,,,,,,,,,,,,,
928,2711.751220703125,0.027089642360806465,2.7089642360806465,9134.960207939148,10000,ppo,ppo,crawler,flat,thdot_dth_neighbours_plus_thdot_direct,,,,,,,,,,,,,,,0.002305398823725219,0,781,0.0,0.0,,,,,,,,,,,,,,,,,,,,,,,,,,,,,,,,,,,,,,,,,,,,,,,,,,,,,,,,,,,,,,,,,,,,,,,,,,nan,,,,,,,,,,,,,,,
929,2839.154052734375,0.02836207114160061,2.836207114160061,9144.920370578766,10000,ppo,ppo,crawler,flat,thdot_dth_neighbours_plus_thdot_direct,,,,,,,,,,,,,,,0.00195952295970378,0,781,0.0,0.0,,,,,,,,,,,,,,,,,,,,,,,,,,,,,,,,,,,,,,,,,,,,,,,,,,,,,,,,,,,,,,,,,,,,,,,,,,nan,,,,,,,,,,,,,,,
930,2789.744873046875,0.027867836877703667,2.7867836877703667,9154.623936891556,10000,ppo,ppo,crawler,flat,thdot_dth_neighbours_plus_thdot_direct,,,,,,,,,,,,,,,0.0016678744069597807,0,781,0.0,0.0,,,,,,,,,,,,,,,,,,,,,,,,,,,,,,,,,,,,,,,,,,,,,,,,,,,,,,,,,,,,,,,,,,,,,,,,,,nan,,,,,,,,,,,,,,,
931,2814.57275390625,0.0281132310628891,2.81132310628891,9164.27192401886,10000,ppo,ppo,crawler,flat,thdot_dth_neighbours_plus_thdot_direct,,,,,,,,,,,,,,,0.0027508169088728577,0,781,0.0,0.0,,,,,,,,,,,,,,,,,,,,,,,,,,,,,,,,,,,,,,,,,,,,,,,,,,,,,,,,,,,,,,,,,,,,,,,,,,nan,,,,,,,,,,,,,,,
932,2754.3857421875,0.027512473985552788,2.751247398555279,9174.251863718033,10000,ppo,ppo,crawler,flat,thdot_dth_neighbours_plus_thdot_direct,,,,,,,,,,,,,,,0.001986172154379894,0,781,0.0,0.0,,,,,,,,,,,,,,,,,,,,,,,,,,,,,,,,,,,,,,,,,,,,,,,,,,,,,,,,,,,,,,,,,,,,,,,,,,nan,,,,,,,,,,,,,,,
933,2729.740966796875,0.02726595103740692,2.726595103740692,9184.040993452072,10000,ppo,ppo,crawler,flat,thdot_dth_neighbours_plus_thdot_direct,,,,,,,,,,,,,,,0.0012281759307466013,0,781,0.0,0.0,,,,,,,,,,,,,,,,,,,,,,,,,,,,,,,,,,,,,,,,,,,,,,,,,,,,,,,,,,,,,,,,,,,,,,,,,,nan,,,,,,,,,,,,,,,
934,2771.345703125,0.027683503925800323,2.7683503925800323,9194.128005981445,10000,ppo,ppo,crawler,flat,thdot_dth_neighbours_plus_thdot_direct,,,,,,,,,,,,,,,0.0024882912791341955,0,781,0.0,0.0,,,,,,,,,,,,,,,,,,,,,,,,,,,,,,,,,,,,,,,,,,,,,,,,,,,,,,,,,,,,,,,,,,,,,,,,,,nan,,,,,,,,,,,,,,,
935,2709.461669921875,0.027065014466643333,2.7065014466643333,9204.04792046547,10000,ppo,ppo,crawler,flat,thdot_dth_neighbours_plus_thdot_direct,,,,,,,,,,,,,,,0.0021591114865077777,0,781,0.0,0.0,,,,,,,,,,,,,,,,,,,,,,,,,,,,,,,,,,,,,,,,,,,,,,,,,,,,,,,,,,,,,,,,,,,,,,,,,,nan,,,,,,,,,,,,,,,
936,2745.898193359375,0.027429696172475815,2.7429696172475815,9214.32359457016,10000,ppo,ppo,crawler,flat,thdot_dth_neighbours_plus_thdot_direct,,,,,,,,,,,,,,,0.0015409606578801424,0,781,0.0,0.0,,,,,,,,,,,,,,,,,,,,,,,,,,,,,,,,,,,,,,,,,,,,,,,,,,,,,,,,,,,,,,,,,,,,,,,,,,nan,,,,,,,,,,,,,,,
937,2656.89111328125,0.026537884026765823,2.6537884026765823,9224.247313261032,10000,ppo,ppo,crawler,flat,thdot_dth_neighbours_plus_thdot_direct,,,,,,,,,,,,,,,0.0018699186072806187,0,781,0.0,0.0,,,,,,,,,,,,,,,,,,,,,,,,,,,,,,,,,,,,,,,,,,,,,,,,,,,,,,,,,,,,,,,,,,,,,,,,,,nan,,,,,,,,,,,,,,,
938,2709.13916015625,0.027065526694059372,2.706552669405937,9234.064710378647,10000,ppo,ppo,crawler,flat,thdot_dth_neighbours_plus_thdot_direct,,,,,,,,,,,,,,,0.0021916596094676568,0,781,0.0,0.0,,,,,,,,,,,,,,,,,,,,,,,,,,,,,,,,,,,,,,,,,,,,,,,,,,,,,,,,,,,,,,,,,,,,,,,,,,nan,,,,,,,,,,,,,,,
939,2745.085693359375,0.027419403195381165,2.7419403195381165,9244.359562397003,10000,ppo,ppo,crawler,flat,thdot_dth_neighbours_plus_thdot_direct,,,,,,,,,,,,,,,0.0019110016077480882,0,781,0.0,0.0,,,,,,,,,,,,,,,,,,,,,,,,,,,,,,,,,,,,,,,,,,,,,,,,,,,,,,,,,,,,,,,,,,,,,,,,,,nan,,,,,,,,,,,,,,,
940,2765.039794921875,0.027621397748589516,2.7621397748589516,9254.086828231812,10000,ppo,ppo,crawler,flat,thdot_dth_neighbours_plus_thdot_direct,,,,,,,,,,,,,,,0.0010670744030725125,0,781,0.0,0.0,,,,,,,,,,,,,,,,,,,,,,,,,,,,,,,,,,,,,,,,,,,,,,,,,,,,,,,,,,,,,,,,,,,,,,,,,,nan,,,,,,,,,,,,,,,
941,2762.0029296875,0.027588753029704094,2.7588753029704094,9264.033124923706,10000,ppo,ppo,crawler,flat,thdot_dth_neighbours_plus_thdot_direct,,,,,,,,,,,,,,,0.0017987114526957892,0,781,0.0,0.0,,,,,,,,,,,,,,,,,,,,,,,,,,,,,,,,,,,,,,,,,,,,,,,,,,,,,,,,,,,,,,,,,,,,,,,,,,nan,,,,,,,,,,,,,,,
942,2725.218505859375,0.027225051075220108,2.722505107522011,9273.904117822647,10000,ppo,ppo,crawler,flat,thdot_dth_neighbours_plus_thdot_direct,,,,,,,,,,,,,,,0.002250717050045309,0,781,0.0,0.0,,,,,,,,,,,,,,,,,,,,,,,,,,,,,,,,,,,,,,,,,,,,,,,,,,,,,,,,,,,,,,,,,,,,,,,,,,nan,,,,,,,,,,,,,,,
943,2776.96142578125,0.027741555124521255,2.7741555124521255,9283.753304481506,10000,ppo,ppo,crawler,flat,thdot_dth_neighbours_plus_thdot_direct,,,,,,,,,,,,,,,0.0028904178208552654,0,781,0.0,0.0,,,,,,,,,,,,,,,,,,,,,,,,,,,,,,,,,,,,,,,,,,,,,,,,,,,,,,,,,,,,,,,,,,,,,,,,,,nan,,,,,,,,,,,,,,,
944,2823.2041015625,0.028201494365930557,2.8201494365930557,9293.77837228775,10000,ppo,ppo,crawler,flat,thdot_dth_neighbours_plus_thdot_direct,,,,,,,,,,,,,,,0.0021450961827835036,0,781,0.0,0.0,,,,,,,,,,,,,,,,,,,,,,,,,,,,,,,,,,,,,,,,,,,,,,,,,,,,,,,,,,,,,,,,,,,,,,,,,,nan,,,,,,,,,,,,,,,
945,2702.565185546875,0.02700169011950493,2.700169011950493,9303.308052301407,10000,ppo,ppo,crawler,flat,thdot_dth_neighbours_plus_thdot_direct,,,,,,,,,,,,,,,0.0017238858317574998,0,781,0.0,0.0,,,,,,,,,,,,,,,,,,,,,,,,,,,,,,,,,,,,,,,,,,,,,,,,,,,,,,,,,,,,,,,,,,,,,,,,,,nan,,,,,,,,,,,,,,,
946,2781.934814453125,0.027792833745479584,2.7792833745479584,9313.47216796875,10000,ppo,ppo,crawler,flat,thdot_dth_neighbours_plus_thdot_direct,,,,,,,,,,,,,,,0.0026202038263972694,0,781,0.0,0.0,,,,,,,,,,,,,,,,,,,,,,,,,,,,,,,,,,,,,,,,,,,,,,,,,,,,,,,,,,,,,,,,,,,,,,,,,,nan,,,,,,,,,,,,,,,
947,2758.46875,0.027555696666240692,2.755569666624069,9323.223677158356,10000,ppo,ppo,crawler,flat,thdot_dth_neighbours_plus_thdot_direct,,,,,,,,,,,,,,,0.0016486655901147302,0,781,0.0,0.0,,,,,,,,,,,,,,,,,,,,,,,,,,,,,,,,,,,,,,,,,,,,,,,,,,,,,,,,,,,,,,,,,,,,,,,,,,nan,,,,,,,,,,,,,,,
948,2653.126953125,0.026504432782530785,2.6504432782530785,9332.735451221466,10000,ppo,ppo,crawler,flat,thdot_dth_neighbours_plus_thdot_direct,,,,,,,,,,,,,,,0.0010250041879268667,0,781,0.0,0.0,,,,,,,,,,,,,,,,,,,,,,,,,,,,,,,,,,,,,,,,,,,,,,,,,,,,,,,,,,,,,,,,,,,,,,,,,,nan,,,,,,,,,,,,,,,
949,2787.971435546875,0.027847180142998695,2.7847180142998695,9342.884122610092,10000,ppo,ppo,crawler,flat,thdot_dth_neighbours_plus_thdot_direct,,,,,,,,,,,,,,,0.0017638486678735249,0,781,0.0,0.0,,,,,,,,,,,,,,,,,,,,,,,,,,,,,,,,,,,,,,,,,,,,,,,,,,,,,,,,,,,,,,,,,,,,,,,,,,nan,,,,,,,,,,,,,,,
950,2712.640380859375,0.027095958590507507,2.7095958590507507,9352.326354503632,10000,ppo,ppo,crawler,flat,thdot_dth_neighbours_plus_thdot_direct,,,,,,,,,,,,,,,0.0011494209914170708,0,781,0.0,0.0,,,,,,,,,,,,,,,,,,,,,,,,,,,,,,,,,,,,,,,,,,,,,,,,,,,,,,,,,,,,,,,,,,,,,,,,,,nan,,,,,,,,,,,,,,,
951,2772.603271484375,0.02769668586552143,2.769668586552143,9362.297580003738,10000,ppo,ppo,crawler,flat,thdot_dth_neighbours_plus_thdot_direct,,,,,,,,,,,,,,,0.0023867415390642992,0,781,0.0,0.0,,,,,,,,,,,,,,,,,,,,,,,,,,,,,,,,,,,,,,,,,,,,,,,,,,,,,,,,,,,,,,,,,,,,,,,,,,nan,,,,,,,,,,,,,,,
952,2766.640380859375,0.027635617181658745,2.7635617181658745,9372.242988109589,10000,ppo,ppo,crawler,flat,thdot_dth_neighbours_plus_thdot_direct,,,,,,,,,,,,,,,0.00197466063828228,0,781,0.0,0.0,,,,,,,,,,,,,,,,,,,,,,,,,,,,,,,,,,,,,,,,,,,,,,,,,,,,,,,,,,,,,,,,,,,,,,,,,,nan,,,,,,,,,,,,,,,
953,2696.778076171875,0.02693636156618595,2.693636156618595,9381.844220161438,10000,ppo,ppo,crawler,flat,thdot_dth_neighbours_plus_thdot_direct,,,,,,,,,,,,,,,0.0016477602959806153,0,781,0.0,0.0,,,,,,,,,,,,,,,,,,,,,,,,,,,,,,,,,,,,,,,,,,,,,,,,,,,,,,,,,,,,,,,,,,,,,,,,,,nan,,,,,,,,,,,,,,,
954,2728.380859375,0.027258574962615967,2.7258574962615967,9391.867458820343,10000,ppo,ppo,crawler,flat,thdot_dth_neighbours_plus_thdot_direct,,,,,,,,,,,,,,,0.0029517455222786465,0,781,0.0,0.0,,,,,,,,,,,,,,,,,,,,,,,,,,,,,,,,,,,,,,,,,,,,,,,,,,,,,,,,,,,,,,,,,,,,,,,,,,nan,,,,,,,,,,,,,,,
955,2758.09619140625,0.027554262429475784,2.7554262429475784,9401.312596559525,10000,ppo,ppo,crawler,flat,thdot_dth_neighbours_plus_thdot_direct,,,,,,,,,,,,,,,0.0013461498155303427,0,781,0.0,0.0,,,,,,,,,,,,,,,,,,,,,,,,,,,,,,,,,,,,,,,,,,,,,,,,,,,,,,,,,,,,,,,,,,,,,,,,,,nan,,,,,,,,,,,,,,,
956,2850.416748046875,0.02847645804286003,2.847645804286003,9411.406212568283,10000,ppo,ppo,crawler,flat,thdot_dth_neighbours_plus_thdot_direct,,,,,,,,,,,,,,,0.0014246110565558022,0,781,0.0,0.0,,,,,,,,,,,,,,,,,,,,,,,,,,,,,,,,,,,,,,,,,,,,,,,,,,,,,,,,,,,,,,,,,,,,,,,,,,nan,,,,,,,,,,,,,,,
957,2785.211669921875,0.02782677300274372,2.782677300274372,9421.405465602875,10000,ppo,ppo,crawler,flat,thdot_dth_neighbours_plus_thdot_direct,,,,,,,,,,,,,,,0.0015082981121564718,0,781,0.0,0.0,,,,,,,,,,,,,,,,,,,,,,,,,,,,,,,,,,,,,,,,,,,,,,,,,,,,,,,,,,,,,,,,,,,,,,,,,,nan,,,,,,,,,,,,,,,
958,2695.931640625,0.026932599022984505,2.6932599022984505,9430.7187230587,10000,ppo,ppo,crawler,flat,thdot_dth_neighbours_plus_thdot_direct,,,,,,,,,,,,,,,0.00174280539125863,0,781,0.0,0.0,,,,,,,,,,,,,,,,,,,,,,,,,,,,,,,,,,,,,,,,,,,,,,,,,,,,,,,,,,,,,,,,,,,,,,,,,,nan,,,,,,,,,,,,,,,
959,2793.47265625,0.02790718898177147,2.790718898177147,9440.667355537415,10000,ppo,ppo,crawler,flat,thdot_dth_neighbours_plus_thdot_direct,,,,,,,,,,,,,,,0.0017292478975424908,0,781,0.0,0.0,,,,,,,,,,,,,,,,,,,,,,,,,,,,,,,,,,,,,,,,,,,,,,,,,,,,,,,,,,,,,,,,,,,,,,,,,,nan,,,,,,,,,,,,,,,
960,2791.175048828125,0.02788587659597397,2.788587659597397,9450.028145551682,10000,ppo,ppo,crawler,flat,thdot_dth_neighbours_plus_thdot_direct,,,,,,,,,,,,,,,0.0011628089399636874,0,781,0.0,0.0,,,,,,,,,,,,,,,,,,,,,,,,,,,,,,,,,,,,,,,,,,,,,,,,,,,,,,,,,,,,,,,,,,,,,,,,,,nan,,,,,,,,,,,,,,,
961,2792.29296875,0.027891505509614944,2.7891505509614944,9460.293770074844,10000,ppo,ppo,crawler,flat,thdot_dth_neighbours_plus_thdot_direct,,,,,,,,,,,,,,,0.0016209472929955987,0,781,0.0,0.0,,,,,,,,,,,,,,,,,,,,,,,,,,,,,,,,,,,,,,,,,,,,,,,,,,,,,,,,,,,,,,,,,,,,,,,,,,nan,,,,,,,,,,,,,,,
962,2796.991943359375,0.027943821623921394,2.7943821623921394,9470.095319986343,10000,ppo,ppo,crawler,flat,thdot_dth_neighbours_plus_thdot_direct,,,,,,,,,,,,,,,0.0016555108219731246,0,781,0.0,0.0,,,,,,,,,,,,,,,,,,,,,,,,,,,,,,,,,,,,,,,,,,,,,,,,,,,,,,,,,,,,,,,,,,,,,,,,,,nan,,,,,,,,,,,,,,,
963,2746.09326171875,0.027429193258285522,2.7429193258285522,9479.627190113068,10000,ppo,ppo,crawler,flat,thdot_dth_neighbours_plus_thdot_direct,,,,,,,,,,,,,,,0.0010164508729015706,0,781,0.0,0.0,,,,,,,,,,,,,,,,,,,,,,,,,,,,,,,,,,,,,,,,,,,,,,,,,,,,,,,,,,,,,,,,,,,,,,,,,,nan,,,,,,,,,,,,,,,
964,2665.438720703125,0.026624877005815506,2.6624877005815506,9489.680915117264,10000,ppo,ppo,crawler,flat,thdot_dth_neighbours_plus_thdot_direct,,,,,,,,,,,,,,,0.0015595812509208479,0,781,0.0,0.0,,,,,,,,,,,,,,,,,,,,,,,,,,,,,,,,,,,,,,,,,,,,,,,,,,,,,,,,,,,,,,,,,,,,,,,,,,nan,,,,,,,,,,,,,,,
965,2773.060302734375,0.02769901417195797,2.769901417195797,9499.368646383286,10000,ppo,ppo,crawler,flat,thdot_dth_neighbours_plus_thdot_direct,,,,,,,,,,,,,,,0.0022325685827062967,0,781,0.0,0.0,,,,,,,,,,,,,,,,,,,,,,,,,,,,,,,,,,,,,,,,,,,,,,,,,,,,,,,,,,,,,,,,,,,,,,,,,,nan,,,,,,,,,,,,,,,
966,2683.6611328125,0.026807988062500954,2.6807988062500954,9508.90253663063,10000,ppo,ppo,crawler,flat,thdot_dth_neighbours_plus_thdot_direct,,,,,,,,,,,,,,,0.000973144068821907,0,781,0.0,0.0,,,,,,,,,,,,,,,,,,,,,,,,,,,,,,,,,,,,,,,,,,,,,,,,,,,,,,,,,,,,,,,,,,,,,,,,,,nan,,,,,,,,,,,,,,,
967,2694.092529296875,0.026914171874523163,2.6914171874523163,9518.856453895569,10000,ppo,ppo,crawler,flat,thdot_dth_neighbours_plus_thdot_direct,,,,,,,,,,,,,,,0.0017741161444392742,0,781,0.0,0.0,,,,,,,,,,,,,,,,,,,,,,,,,,,,,,,,,,,,,,,,,,,,,,,,,,,,,,,,,,,,,,,,,,,,,,,,,,nan,,,,,,,,,,,,,,,
968,2748.41650390625,0.027454357594251633,2.7454357594251633,9528.60853266716,10000,ppo,ppo,crawler,flat,thdot_dth_neighbours_plus_thdot_direct,,,,,,,,,,,,,,,0.001420836006604637,0,781,0.0,0.0,,,,,,,,,,,,,,,,,,,,,,,,,,,,,,,,,,,,,,,,,,,,,,,,,,,,,,,,,,,,,,,,,,,,,,,,,,nan,,,,,,,,,,,,,,,
969,2783.875732421875,0.027811700478196144,2.7811700478196144,9538.594172239304,10000,ppo,ppo,crawler,flat,thdot_dth_neighbours_plus_thdot_direct,,,,,,,,,,,,,,,0.0024367370429739335,0,781,0.0,0.0,,,,,,,,,,,,,,,,,,,,,,,,,,,,,,,,,,,,,,,,,,,,,,,,,,,,,,,,,,,,,,,,,,,,,,,,,,nan,,,,,,,,,,,,,,,
970,2745.400146484375,0.02742699533700943,2.742699533700943,9548.298470973969,10000,ppo,ppo,crawler,flat,thdot_dth_neighbours_plus_thdot_direct,,,,,,,,,,,,,,,0.0019665081796549633,0,781,0.0,0.0,,,,,,,,,,,,,,,,,,,,,,,,,,,,,,,,,,,,,,,,,,,,,,,,,,,,,,,,,,,,,,,,,,,,,,,,,,nan,,,,,,,,,,,,,,,
971,2721.603271484375,0.027190249413251877,2.7190249413251877,9557.948941469193,10000,ppo,ppo,crawler,flat,thdot_dth_neighbours_plus_thdot_direct,,,,,,,,,,,,,,,0.0022138789313740663,0,781,0.0,0.0,,,,,,,,,,,,,,,,,,,,,,,,,,,,,,,,,,,,,,,,,,,,,,,,,,,,,,,,,,,,,,,,,,,,,,,,,,nan,,,,,,,,,,,,,,,
972,2729.199951171875,0.02726609818637371,2.726609818637371,9567.792515516281,10000,ppo,ppo,crawler,flat,thdot_dth_neighbours_plus_thdot_direct,,,,,,,,,,,,,,,0.0013328058898028122,0,781,0.0,0.0,,,,,,,,,,,,,,,,,,,,,,,,,,,,,,,,,,,,,,,,,,,,,,,,,,,,,,,,,,,,,,,,,,,,,,,,,,nan,,,,,,,,,,,,,,,
973,2772.788818359375,0.027696557343006134,2.7696557343006134,9577.209416866302,10000,ppo,ppo,crawler,flat,thdot_dth_neighbours_plus_thdot_direct,,,,,,,,,,,,,,,0.0019664700012677542,0,781,0.0,0.0,,,,,,,,,,,,,,,,,,,,,,,,,,,,,,,,,,,,,,,,,,,,,,,,,,,,,,,,,,,,,,,,,,,,,,,,,,nan,,,,,,,,,,,,,,,
974,2763.99560546875,0.02761184051632881,2.761184051632881,9587.319563865662,10000,ppo,ppo,crawler,flat,thdot_dth_neighbours_plus_thdot_direct,,,,,,,,,,,,,,,0.0013368861922917678,0,781,0.0,0.0,,,,,,,,,,,,,,,,,,,,,,,,,,,,,,,,,,,,,,,,,,,,,,,,,,,,,,,,,,,,,,,,,,,,,,,,,,nan,,,,,,,,,,,,,,,
975,2743.293701171875,0.02740531601011753,2.740531601011753,9596.857308387756,10000,ppo,ppo,crawler,flat,thdot_dth_neighbours_plus_thdot_direct,,,,,,,,,,,,,,,0.001867581005264103,0,781,0.0,0.0,,,,,,,,,,,,,,,,,,,,,,,,,,,,,,,,,,,,,,,,,,,,,,,,,,,,,,,,,,,,,,,,,,,,,,,,,,nan,,,,,,,,,,,,,,,
976,2762.821533203125,0.02759641595184803,2.759641595184803,9606.605008125305,10000,ppo,ppo,crawler,flat,thdot_dth_neighbours_plus_thdot_direct,,,,,,,,,,,,,,,0.002319433694245433,0,781,0.0,0.0,,,,,,,,,,,,,,,,,,,,,,,,,,,,,,,,,,,,,,,,,,,,,,,,,,,,,,,,,,,,,,,,,,,,,,,,,,nan,,,,,,,,,,,,,,,
977,2717.159423828125,0.027138518169522285,2.7138518169522285,9616.476379394531,10000,ppo,ppo,crawler,flat,thdot_dth_neighbours_plus_thdot_direct,,,,,,,,,,,,,,,0.001277129634374337,0,781,0.0,0.0,,,,,,,,,,,,,,,,,,,,,,,,,,,,,,,,,,,,,,,,,,,,,,,,,,,,,,,,,,,,,,,,,,,,,,,,,,nan,,,,,,,,,,,,,,,
978,2781.936279296875,0.02779148519039154,2.779148519039154,9626.123594284058,10000,ppo,ppo,crawler,flat,thdot_dth_neighbours_plus_thdot_direct,,,,,,,,,,,,,,,0.0016437969685079814,0,781,0.0,0.0,,,,,,,,,,,,,,,,,,,,,,,,,,,,,,,,,,,,,,,,,,,,,,,,,,,,,,,,,,,,,,,,,,,,,,,,,,nan,,,,,,,,,,,,,,,
979,2670.796630859375,0.026679368689656258,2.6679368689656258,9636.366300821304,10000,ppo,ppo,crawler,flat,thdot_dth_neighbours_plus_thdot_direct,,,,,,,,,,,,,,,0.0018494973703084383,0,781,0.0,0.0,,,,,,,,,,,,,,,,,,,,,,,,,,,,,,,,,,,,,,,,,,,,,,,,,,,,,,,,,,,,,,,,,,,,,,,,,,nan,,,,,,,,,,,,,,,
980,2700.707763671875,0.026980064809322357,2.6980064809322357,9646.37343454361,10000,ppo,ppo,crawler,flat,thdot_dth_neighbours_plus_thdot_direct,,,,,,,,,,,,,,,0.002604067974727872,0,781,0.0,0.0,,,,,,,,,,,,,,,,,,,,,,,,,,,,,,,,,,,,,,,,,,,,,,,,,,,,,,,,,,,,,,,,,,,,,,,,,,nan,,,,,,,,,,,,,,,
981,2801.73095703125,0.027988262474536896,2.7988262474536896,9656.142060279846,10000,ppo,ppo,crawler,flat,thdot_dth_neighbours_plus_thdot_direct,,,,,,,,,,,,,,,0.001253761443335506,0,781,0.0,0.0,,,,,,,,,,,,,,,,,,,,,,,,,,,,,,,,,,,,,,,,,,,,,,,,,,,,,,,,,,,,,,,,,,,,,,,,,,nan,,,,,,,,,,,,,,,
982,2719.106201171875,0.02716190740466118,2.716190740466118,9665.93990278244,10000,ppo,ppo,crawler,flat,thdot_dth_neighbours_plus_thdot_direct,,,,,,,,,,,,,,,0.00198928337634839,0,781,0.0,0.0,,,,,,,,,,,,,,,,,,,,,,,,,,,,,,,,,,,,,,,,,,,,,,,,,,,,,,,,,,,,,,,,,,,,,,,,,,nan,,,,,,,,,,,,,,,
983,2669.66455078125,0.026672296226024628,2.6672296226024628,9675.813309192657,10000,ppo,ppo,crawler,flat,thdot_dth_neighbours_plus_thdot_direct,,,,,,,,,,,,,,,0.0024252858192715123,0,781,0.0,0.0,,,,,,,,,,,,,,,,,,,,,,,,,,,,,,,,,,,,,,,,,,,,,,,,,,,,,,,,,,,,,,,,,,,,,,,,,,nan,,,,,,,,,,,,,,,
984,2682.31103515625,0.02679668739438057,2.679668739438057,9685.497042894363,10000,ppo,ppo,crawler,flat,thdot_dth_neighbours_plus_thdot_direct,,,,,,,,,,,,,,,0.002134863282811468,0,781,0.0,0.0,,,,,,,,,,,,,,,,,,,,,,,,,,,,,,,,,,,,,,,,,,,,,,,,,,,,,,,,,,,,,,,,,,,,,,,,,,nan,,,,,,,,,,,,,,,
985,2849.912841796875,0.028469601646065712,2.846960164606571,9695.1465549469,10000,ppo,ppo,crawler,flat,thdot_dth_neighbours_plus_thdot_direct,,,,,,,,,,,,,,,0.00270687887444843,0,781,0.0,0.0,,,,,,,,,,,,,,,,,,,,,,,,,,,,,,,,,,,,,,,,,,,,,,,,,,,,,,,,,,,,,,,,,,,,,,,,,,nan,,,,,,,,,,,,,,,
986,2764.537841796875,0.027615807950496674,2.7615807950496674,9705.107831716537,10000,ppo,ppo,crawler,flat,thdot_dth_neighbours_plus_thdot_direct,,,,,,,,,,,,,,,0.0016348622065031266,0,781,0.0,0.0,,,,,,,,,,,,,,,,,,,,,,,,,,,,,,,,,,,,,,,,,,,,,,,,,,,,,,,,,,,,,,,,,,,,,,,,,,nan,,,,,,,,,,,,,,,
987,2745.51220703125,0.02742563746869564,2.742563746869564,9714.930705070496,10000,ppo,ppo,crawler,flat,thdot_dth_neighbours_plus_thdot_direct,,,,,,,,,,,,,,,0.0021311101732867537,0,781,0.0,0.0,,,,,,,,,,,,,,,,,,,,,,,,,,,,,,,,,,,,,,,,,,,,,,,,,,,,,,,,,,,,,,,,,,,,,,,,,,nan,,,,,,,,,,,,,,,
988,2714.500732421875,0.027119725942611694,2.7119725942611694,9724.698807001114,10000,ppo,ppo,crawler,flat,thdot_dth_neighbours_plus_thdot_direct,,,,,,,,,,,,,,,0.002362438194965148,0,781,0.0,0.0,,,,,,,,,,,,,,,,,,,,,,,,,,,,,,,,,,,,,,,,,,,,,,,,,,,,,,,,,,,,,,,,,,,,,,,,,,nan,,,,,,,,,,,,,,,
989,2766.908935546875,0.02763744816184044,2.763744816184044,9734.452095031738,10000,ppo,ppo,crawler,flat,thdot_dth_neighbours_plus_thdot_direct,,,,,,,,,,,,,,,0.0015234791351982347,0,781,0.0,0.0,,,,,,,,,,,,,,,,,,,,,,,,,,,,,,,,,,,,,,,,,,,,,,,,,,,,,,,,,,,,,,,,,,,,,,,,,,nan,,,,,,,,,,,,,,,
990,2758.364501953125,0.027556834742426872,2.7556834742426872,9744.514597177505,10000,ppo,ppo,crawler,flat,thdot_dth_neighbours_plus_thdot_direct,,,,,,,,,,,,,,,0.0018956541711497765,0,781,0.0,0.0,,,,,,,,,,,,,,,,,,,,,,,,,,,,,,,,,,,,,,,,,,,,,,,,,,,,,,,,,,,,,,,,,,,,,,,,,,nan,,,,,,,,,,,,,,,
991,2813.06640625,0.028098534792661667,2.8098534792661667,9754.440861940384,10000,ppo,ppo,crawler,flat,thdot_dth_neighbours_plus_thdot_direct,,,,,,,,,,,,,,,0.0012532391822669268,0,781,0.0,0.0,,,,,,,,,,,,,,,,,,,,,,,,,,,,,,,,,,,,,,,,,,,,,,,,,,,,,,,,,,,,,,,,,,,,,,,,,,nan,,,,,,,,,,,,,,,
992,2675.504150390625,0.026722131296992302,2.67221312969923,9764.15803527832,10000,ppo,ppo,crawler,flat,thdot_dth_neighbours_plus_thdot_direct,,,,,,,,,,,,,,,0.0024486675550929454,0,781,0.0,0.0,,,,,,,,,,,,,,,,,,,,,,,,,,,,,,,,,,,,,,,,,,,,,,,,,,,,,,,,,,,,,,,,,,,,,,,,,,nan,,,,,,,,,,,,,,,
993,2797.43310546875,0.027942931279540062,2.794293127954006,9774.010455846786,10000,ppo,ppo,crawler,flat,thdot_dth_neighbours_plus_thdot_direct,,,,,,,,,,,,,,,0.0012215722632767986,0,781,0.0,0.0,,,,,,,,,,,,,,,,,,,,,,,,,,,,,,,,,,,,,,,,,,,,,,,,,,,,,,,,,,,,,,,,,,,,,,,,,,nan,,,,,,,,,,,,,,,
994,2759.882080078125,0.027573833242058754,2.7573833242058754,9784.33115696907,10000,ppo,ppo,crawler,flat,thdot_dth_neighbours_plus_thdot_direct,,,,,,,,,,,,,,,0.0018121951714812439,0,781,0.0,0.0,,,,,,,,,,,,,,,,,,,,,,,,,,,,,,,,,,,,,,,,,,,,,,,,,,,,,,,,,,,,,,,,,,,,,,,,,,nan,,,,,,,,,,,,,,,
995,2772.824951171875,0.027699584141373634,2.7699584141373634,9794.30864238739,10000,ppo,ppo,crawler,flat,thdot_dth_neighbours_plus_thdot_direct,,,,,,,,,,,,,,,0.0020916952112050736,0,781,0.0,0.0,,,,,,,,,,,,,,,,,,,,,,,,,,,,,,,,,,,,,,,,,,,,,,,,,,,,,,,,,,,,,,,,,,,,,,,,,,nan,,,,,,,,,,,,,,,
996,2775.050537109375,0.027722930535674095,2.7722930535674095,9804.031789541245,10000,ppo,ppo,crawler,flat,thdot_dth_neighbours_plus_thdot_direct,,,,,,,,,,,,,,,0.00168954105248582,0,781,0.0,0.0,,,,,,,,,,,,,,,,,,,,,,,,,,,,,,,,,,,,,,,,,,,,,,,,,,,,,,,,,,,,,,,,,,,,,,,,,,nan,,,,,,,,,,,,,,,
997,2661.73486328125,0.02658686414361,2.658686414361,9813.533289194107,10000,ppo,ppo,crawler,flat,thdot_dth_neighbours_plus_thdot_direct,,,,,,,,,,,,,,,0.0022279394782958456,0,781,0.0,0.0,,,,,,,,,,,,,,,,,,,,,,,,,,,,,,,,,,,,,,,,,,,,,,,,,,,,,,,,,,,,,,,,,,,,,,,,,,nan,,,,,,,,,,,,,,,
998,2821.845458984375,0.02818876877427101,2.818876877427101,9823.547458171844,10000,ppo,ppo,crawler,flat,thdot_dth_neighbours_plus_thdot_direct,,,,,,,,,,,,,,,0.002517013270165135,0,781,0.0,0.0,,,,,,,,,,,,,,,,,,,,,,,,,,,,,,,,,,,,,,,,,,,,,,,,,,,,,,,,,,,,,,,,,,,,,,,,,,nan,,,,,,,,,,,,,,,
999,2721.2578125,0.027182286605238914,2.7182286605238914,9833.261110067368,10000,ppo,ppo,crawler,flat,thdot_dth_neighbours_plus_thdot_direct,,,,,,,,,,,,,,,0.0011601216898956556,0,781,0.0,0.0,,,,,,,,,,,,,,,,,,,,,,,,,,,,,,,,,,,,,,,,,,,,,,,,,,,,,,,,,,,,,,,,,,,,,,,,,,nan,,,,,,,,,,,,,,,
1000,2761.312255859375,0.027584893628954887,2.7584893628954887,9842.846379041672,10000,ppo,ppo,crawler,flat,thdot_dth_neighbours_plus_thdot_direct,,,,,,,,,,,,,,,0.002061839826089824,0,781,0.0,0.0,,,,,,,,,,,,,,,,,,,,,,,,,,,,,,,,,,,,,,,,,,,,,,,,,,,,,,,,,,,,,,,,,,,,,,,,,,nan,,,,,,,,,,,,,,,
1001,2844.33349609375,0.02841092459857464,2.841092459857464,9853.122859954834,10000,ppo,ppo,crawler,flat,thdot_dth_neighbours_plus_thdot_direct,,,,,,,,,,,,,,,0.0026614976733582898,0,781,0.0,0.0,,,,,,,,,,,,,,,,,,,,,,,,,,,,,,,,,,,,,,,,,,,,,,,,,,,,,,,,,,,,,,,,,,,,,,,,,,nan,,,,,,,,,,,,,,,
1002,2709.118896484375,0.027064146474003792,2.706414647400379,9862.67462849617,10000,ppo,ppo,crawler,flat,thdot_dth_neighbours_plus_thdot_direct,,,,,,,,,,,,,,,0.0028883461995659935,0,781,0.0,0.0,,,,,,,,,,,,,,,,,,,,,,,,,,,,,,,,,,,,,,,,,,,,,,,,,,,,,,,,,,,,,,,,,,,,,,,,,,nan,,,,,,,,,,,,,,,
1003,2789.120849609375,0.02786056511104107,2.786056511104107,9872.458607435226,10000,ppo,ppo,crawler,flat,thdot_dth_neighbours_plus_thdot_direct,,,,,,,,,,,,,,,0.0014019603460710456,0,781,0.0,0.0,,,,,,,,,,,,,,,,,,,,,,,,,,,,,,,,,,,,,,,,,,,,,,,,,,,,,,,,,,,,,,,,,,,,,,,,,,nan,,,,,,,,,,,,,,,
1004,2815.842529296875,0.028131719678640366,2.8131719678640366,9882.176833868027,10000,ppo,ppo,crawler,flat,thdot_dth_neighbours_plus_thdot_direct,,,,,,,,,,,,,,,0.0017597876032291,0,781,0.0,0.0,,,,,,,,,,,,,,,,,,,,,,,,,,,,,,,,,,,,,,,,,,,,,,,,,,,,,,,,,,,,,,,,,,,,,,,,,,nan,,,,,,,,,,,,,,,
1005,2681.743408203125,0.0267886221408844,2.67886221408844,9891.982079267502,10000,ppo,ppo,crawler,flat,thdot_dth_neighbours_plus_thdot_direct,,,,,,,,,,,,,,,0.001767578306759762,0,781,0.0,0.0,,,,,,,,,,,,,,,,,,,,,,,,,,,,,,,,,,,,,,,,,,,,,,,,,,,,,,,,,,,,,,,,,,,,,,,,,,nan,,,,,,,,,,,,,,,
1006,2715.9599609375,0.02713027223944664,2.713027223944664,9901.885962247849,10000,ppo,ppo,crawler,flat,thdot_dth_neighbours_plus_thdot_direct,,,,,,,,,,,,,,,0.0028110148202047758,0,781,0.0,0.0,,,,,,,,,,,,,,,,,,,,,,,,,,,,,,,,,,,,,,,,,,,,,,,,,,,,,,,,,,,,,,,,,,,,,,,,,,nan,,,,,,,,,,,,,,,
1007,2833.921630859375,0.028312981128692627,2.8312981128692627,9911.682281255722,10000,ppo,ppo,crawler,flat,thdot_dth_neighbours_plus_thdot_direct,,,,,,,,,,,,,,,0.0014892372543430733,0,781,0.0,0.0,,,,,,,,,,,,,,,,,,,,,,,,,,,,,,,,,,,,,,,,,,,,,,,,,,,,,,,,,,,,,,,,,,,,,,,,,,nan,,,,,,,,,,,,,,,
1008,2803.968505859375,0.02801109291613102,2.801109291613102,9921.421240329742,10000,ppo,ppo,crawler,flat,thdot_dth_neighbours_plus_thdot_direct,,,,,,,,,,,,,,,0.0013716465542819444,0,781,0.0,0.0,,,,,,,,,,,,,,,,,,,,,,,,,,,,,,,,,,,,,,,,,,,,,,,,,,,,,,,,,,,,,,,,,,,,,,,,,,nan,,,,,,,,,,,,,,,
1009,2761.155517578125,0.027581553906202316,2.7581553906202316,9931.189654827118,10000,ppo,ppo,crawler,flat,thdot_dth_neighbours_plus_thdot_direct,,,,,,,,,,,,,,,0.00249691980691054,0,781,0.0,0.0,,,,,,,,,,,,,,,,,,,,,,,,,,,,,,,,,,,,,,,,,,,,,,,,,,,,,,,,,,,,,,,,,,,,,,,,,,nan,,,,,,,,,,,,,,,
1010,2756.64599609375,0.027535943314433098,2.75359433144331,9940.942262172699,10000,ppo,ppo,crawler,flat,thdot_dth_neighbours_plus_thdot_direct,,,,,,,,,,,,,,,0.0014045536654346451,0,781,0.0,0.0,,,,,,,,,,,,,,,,,,,,,,,,,,,,,,,,,,,,,,,,,,,,,,,,,,,,,,,,,,,,,,,,,,,,,,,,,,nan,,,,,,,,,,,,,,,
1011,2823.443359375,0.02820427529513836,2.820427529513836,9950.770219564438,10000,ppo,ppo,crawler,flat,thdot_dth_neighbours_plus_thdot_direct,,,,,,,,,,,,,,,0.002156095431752563,0,781,0.0,0.0,,,,,,,,,,,,,,,,,,,,,,,,,,,,,,,,,,,,,,,,,,,,,,,,,,,,,,,,,,,,,,,,,,,,,,,,,,nan,,,,,,,,,,,,,,,
1012,2763.97119140625,0.027607811614871025,2.7607811614871025,9960.379366874695,10000,ppo,ppo,crawler,flat,thdot_dth_neighbours_plus_thdot_direct,,,,,,,,,,,,,,,0.0014143672407025873,0,781,0.0,0.0,,,,,,,,,,,,,,,,,,,,,,,,,,,,,,,,,,,,,,,,,,,,,,,,,,,,,,,,,,,,,,,,,,,,,,,,,,nan,,,,,,,,,,,,,,,
1013,2821.58642578125,0.02818222902715206,2.818222902715206,9970.098794221878,10000,ppo,ppo,crawler,flat,thdot_dth_neighbours_plus_thdot_direct,,,,,,,,,,,,,,,0.0020520194759779437,0,781,0.0,0.0,,,,,,,,,,,,,,,,,,,,,,,,,,,,,,,,,,,,,,,,,,,,,,,,,,,,,,,,,,,,,,,,,,,,,,,,,,nan,,,,,,,,,,,,,,,
1014,2824.247314453125,0.028216008096933365,2.8216008096933365,9980.044558286667,10000,ppo,ppo,crawler,flat,thdot_dth_neighbours_plus_thdot_direct,,,,,,,,,,,,,,,0.0020568642874169082,0,781,0.0,0.0,,,,,,,,,,,,,,,,,,,,,,,,,,,,,,,,,,,,,,,,,,,,,,,,,,,,,,,,,,,,,,,,,,,,,,,,,,nan,,,,,,,,,,,,,,,
1015,2751.118408203125,0.02747769095003605,2.747769095003605,9989.511883974075,10000,ppo,ppo,crawler,flat,thdot_dth_neighbours_plus_thdot_direct,,,,,,,,,,,,,,,0.0014094508221862698,0,781,0.0,0.0,,,,,,,,,,,,,,,,,,,,,,,,,,,,,,,,,,,,,,,,,,,,,,,,,,,,,,,,,,,,,,,,,,,,,,,,,,nan,,,,,,,,,,,,,,,
1016,2712.41650390625,0.027097143232822418,2.709714323282242,9999.514095306396,10000,ppo,ppo,crawler,flat,thdot_dth_neighbours_plus_thdot_direct,,,,,,,,,,,,,,,0.002008455570145524,0,781,0.0,0.0,,,,,,,,,,,,,,,,,,,,,,,,,,,,,,,,,,,,,,,,,,,,,,,,,,,,,,,,,,,,,,,,,,,,,,,,,,nan,,,,,,,,,,,,,,,
1017,2791.057373046875,0.027885692194104195,2.7885692194104195,10008.782447576523,10000,ppo,ppo,crawler,flat,thdot_dth_neighbours_plus_thdot_direct,,,,,,,,,,,,,,,0.0018885764758207687,0,781,0.0,0.0,,,,,,,,,,,,,,,,,,,,,,,,,,,,,,,,,,,,,,,,,,,,,,,,,,,,,,,,,,,,,,,,,,,,,,,,,,nan,,,,,,,,,,,,,,,
1018,2847.83447265625,0.02845044806599617,2.845044806599617,10018.47913813591,10000,ppo,ppo,crawler,flat,thdot_dth_neighbours_plus_thdot_direct,,,,,,,,,,,,,,,0.0015018984222822584,0,781,0.0,0.0,,,,,,,,,,,,,,,,,,,,,,,,,,,,,,,,,,,,,,,,,,,,,,,,,,,,,,,,,,,,,,,,,,,,,,,,,,nan,,,,,,,,,,,,,,,
1019,2808.669677734375,0.02805989235639572,2.805989235639572,10028.26533794403,10000,ppo,ppo,crawler,flat,thdot_dth_neighbours_plus_thdot_direct,,,,,,,,,,,,,,,0.001315042902391929,0,781,0.0,0.0,,,,,,,,,,,,,,,,,,,,,,,,,,,,,,,,,,,,,,,,,,,,,,,,,,,,,,,,,,,,,,,,,,,,,,,,,,nan,,,,,,,,,,,,,,,
1020,2972.76416015625,0.02969418838620186,2.969418838620186,10037.908722639084,10000,ppo,ppo,crawler,flat,thdot_dth_neighbours_plus_thdot_direct,,,,,,,,,,,,,,,0.001746720566051328,0,781,0.0,0.0,,,,,,,,,,,,,,,,,,,,,,,,,,,,,,,,,,,,,,,,,,,,,,,,,,,,,,,,,,,,,,,,,,,,,,,,,,nan,,,,,,,,,,,,,,,
1021,2880.727294921875,0.028777282685041428,2.8777282685041428,10047.788398265839,10000,ppo,ppo,crawler,flat,thdot_dth_neighbours_plus_thdot_direct,,,,,,,,,,,,,,,0.0018385383124942599,0,781,0.0,0.0,,,,,,,,,,,,,,,,,,,,,,,,,,,,,,,,,,,,,,,,,,,,,,,,,,,,,,,,,,,,,,,,,,,,,,,,,,nan,,,,,,,,,,,,,,,
1022,2717.204345703125,0.027142442762851715,2.7142442762851715,10057.488502025604,10000,ppo,ppo,crawler,flat,thdot_dth_neighbours_plus_thdot_direct,,,,,,,,,,,,,,,0.0020286217617055385,0,781,0.0,0.0,,,,,,,,,,,,,,,,,,,,,,,,,,,,,,,,,,,,,,,,,,,,,,,,,,,,,,,,,,,,,,,,,,,,,,,,,,nan,,,,,,,,,,,,,,,
1023,2863.620361328125,0.028605574741959572,2.860557474195957,10067.460602283478,10000,ppo,ppo,crawler,flat,thdot_dth_neighbours_plus_thdot_direct,,,,,,,,,,,,,,,0.001051932754250283,0,781,0.0,0.0,,,,,,,,,,,,,,,,,,,,,,,,,,,,,,,,,,,,,,,,,,,,,,,,,,,,,,,,,,,,,,,,,,,,,,,,,,nan,,,,,,,,,,,,,,,
1024,2784.705810546875,0.02781776711344719,2.781776711344719,10077.303079605103,10000,ppo,ppo,crawler,flat,thdot_dth_neighbours_plus_thdot_direct,,,,,,,,,,,,,,,0.0014624219879965728,0,781,0.0,0.0,,,,,,,,,,,,,,,,,,,,,,,,,,,,,,,,,,,,,,,,,,,,,,,,,,,,,,,,,,,,,,,,,,,,,,,,,,nan,,,,,,,,,,,,,,,
1025,2657.1806640625,0.02654227800667286,2.654227800667286,10086.87897324562,10000,ppo,ppo,crawler,flat,thdot_dth_neighbours_plus_thdot_direct,,,,,,,,,,,,,,,0.003236643428628811,0,781,0.0,0.0,,,,,,,,,,,,,,,,,,,,,,,,,,,,,,,,,,,,,,,,,,,,,,,,,,,,,,,,,,,,,,,,,,,,,,,,,,nan,,,,,,,,,,,,,,,
1026,2771.136962890625,0.027682732790708542,2.768273279070854,10096.759555578232,10000,ppo,ppo,crawler,flat,thdot_dth_neighbours_plus_thdot_direct,,,,,,,,,,,,,,,0.0020907139260799385,0,781,0.0,0.0,,,,,,,,,,,,,,,,,,,,,,,,,,,,,,,,,,,,,,,,,,,,,,,,,,,,,,,,,,,,,,,,,,,,,,,,,,nan,,,,,,,,,,,,,,,
1027,2801.011474609375,0.027979064732789993,2.7979064732789993,10106.7486577034,10000,ppo,ppo,crawler,flat,thdot_dth_neighbours_plus_thdot_direct,,,,,,,,,,,,,,,0.0022136444394613352,0,781,0.0,0.0,,,,,,,,,,,,,,,,,,,,,,,,,,,,,,,,,,,,,,,,,,,,,,,,,,,,,,,,,,,,,,,,,,,,,,,,,,nan,,,,,,,,,,,,,,,
1028,2778.982177734375,0.027759596705436707,2.7759596705436707,10116.658941745758,10000,ppo,ppo,crawler,flat,thdot_dth_neighbours_plus_thdot_direct,,,,,,,,,,,,,,,0.0010034872311094453,0,781,0.0,0.0,,,,,,,,,,,,,,,,,,,,,,,,,,,,,,,,,,,,,,,,,,,,,,,,,,,,,,,,,,,,,,,,,,,,,,,,,,nan,,,,,,,,,,,,,,,
1029,2829.436279296875,0.028265520930290222,2.826552093029022,10126.37998342514,10000,ppo,ppo,crawler,flat,thdot_dth_neighbours_plus_thdot_direct,,,,,,,,,,,,,,,0.0017173886768157738,0,781,0.0,0.0,,,,,,,,,,,,,,,,,,,,,,,,,,,,,,,,,,,,,,,,,,,,,,,,,,,,,,,,,,,,,,,,,,,,,,,,,,nan,,,,,,,,,,,,,,,
1030,2844.101318359375,0.028411097824573517,2.8411097824573517,10135.979509592056,10000,ppo,ppo,crawler,flat,thdot_dth_neighbours_plus_thdot_direct,,,,,,,,,,,,,,,0.001962934919940902,0,781,0.0,0.0,,,,,,,,,,,,,,,,,,,,,,,,,,,,,,,,,,,,,,,,,,,,,,,,,,,,,,,,,,,,,,,,,,,,,,,,,,nan,,,,,,,,,,,,,,,
1031,2694.081787109375,0.026912562549114227,2.6912562549114227,10146.361719369888,10000,ppo,ppo,crawler,flat,thdot_dth_neighbours_plus_thdot_direct,,,,,,,,,,,,,,,0.0023284729627011842,0,781,0.0,0.0,,,,,,,,,,,,,,,,,,,,,,,,,,,,,,,,,,,,,,,,,,,,,,,,,,,,,,,,,,,,,,,,,,,,,,,,,,nan,,,,,,,,,,,,,,,
1032,2755.1123046875,0.02752089686691761,2.752089686691761,10156.184354066849,10000,ppo,ppo,crawler,flat,thdot_dth_neighbours_plus_thdot_direct,,,,,,,,,,,,,,,0.003700465403916253,0,781,0.0,0.0,,,,,,,,,,,,,,,,,,,,,,,,,,,,,,,,,,,,,,,,,,,,,,,,,,,,,,,,,,,,,,,,,,,,,,,,,,nan,,,,,,,,,,,,,,,
1033,2867.743896484375,0.02865121327340603,2.865121327340603,10166.080691099167,10000,ppo,ppo,crawler,flat,thdot_dth_neighbours_plus_thdot_direct,,,,,,,,,,,,,,,0.0015591375388971413,0,781,0.0,0.0,,,,,,,,,,,,,,,,,,,,,,,,,,,,,,,,,,,,,,,,,,,,,,,,,,,,,,,,,,,,,,,,,,,,,,,,,,nan,,,,,,,,,,,,,,,
1034,2745.458740234375,0.027423977851867676,2.7423977851867676,10176.432339429855,10000,ppo,ppo,crawler,flat,thdot_dth_neighbours_plus_thdot_direct,,,,,,,,,,,,,,,0.0011200975660485314,0,781,0.0,0.0,,,,,,,,,,,,,,,,,,,,,,,,,,,,,,,,,,,,,,,,,,,,,,,,,,,,,,,,,,,,,,,,,,,,,,,,,,nan,,,,,,,,,,,,,,,
1035,2941.8359375,0.029387416318058968,2.9387416318058968,10185.908287525177,10000,ppo,ppo,crawler,flat,thdot_dth_neighbours_plus_thdot_direct,,,,,,,,,,,,,,,0.0013658160144169973,0,781,0.0,0.0,,,,,,,,,,,,,,,,,,,,,,,,,,,,,,,,,,,,,,,,,,,,,,,,,,,,,,,,,,,,,,,,,,,,,,,,,,nan,,,,,,,,,,,,,,,
1036,2697.642822265625,0.02694394439458847,2.694394439458847,10196.046293020248,10000,ppo,ppo,crawler,flat,thdot_dth_neighbours_plus_thdot_direct,,,,,,,,,,,,,,,0.002772345595745351,0,781,0.0,0.0,,,,,,,,,,,,,,,,,,,,,,,,,,,,,,,,,,,,,,,,,,,,,,,,,,,,,,,,,,,,,,,,,,,,,,,,,,nan,,,,,,,,,,,,,,,
1037,2752.97509765625,0.027497250586748123,2.7497250586748123,10205.817437648773,10000,ppo,ppo,crawler,flat,thdot_dth_neighbours_plus_thdot_direct,,,,,,,,,,,,,,,0.0017430985037770767,0,781,0.0,0.0,,,,,,,,,,,,,,,,,,,,,,,,,,,,,,,,,,,,,,,,,,,,,,,,,,,,,,,,,,,,,,,,,,,,,,,,,,nan,,,,,,,,,,,,,,,
1038,2718.200439453125,0.027159593999385834,2.7159593999385834,10216.003946065903,10000,ppo,ppo,crawler,flat,thdot_dth_neighbours_plus_thdot_direct,,,,,,,,,,,,,,,0.0019499822475217245,0,781,0.0,0.0,,,,,,,,,,,,,,,,,,,,,,,,,,,,,,,,,,,,,,,,,,,,,,,,,,,,,,,,,,,,,,,,,,,,,,,,,,nan,,,,,,,,,,,,,,,
1039,2817.197021484375,0.028139308094978333,2.8139308094978333,10226.065932273865,10000,ppo,ppo,crawler,flat,thdot_dth_neighbours_plus_thdot_direct,,,,,,,,,,,,,,,0.0017951794567094756,0,781,0.0,0.0,,,,,,,,,,,,,,,,,,,,,,,,,,,,,,,,,,,,,,,,,,,,,,,,,,,,,,,,,,,,,,,,,,,,,,,,,,nan,,,,,,,,,,,,,,,
1040,2745.81005859375,0.027429165318608284,2.7429165318608284,10235.833872318268,10000,ppo,ppo,crawler,flat,thdot_dth_neighbours_plus_thdot_direct,,,,,,,,,,,,,,,0.0022114166487299768,0,781,0.0,0.0,,,,,,,,,,,,,,,,,,,,,,,,,,,,,,,,,,,,,,,,,,,,,,,,,,,,,,,,,,,,,,,,,,,,,,,,,,nan,,,,,,,,,,,,,,,
1041,2771.986328125,0.027693241834640503,2.7693241834640503,10245.857343673706,10000,ppo,ppo,crawler,flat,thdot_dth_neighbours_plus_thdot_direct,,,,,,,,,,,,,,,0.0009895283508586095,0,781,0.0,0.0,,,,,,,,,,,,,,,,,,,,,,,,,,,,,,,,,,,,,,,,,,,,,,,,,,,,,,,,,,,,,,,,,,,,,,,,,,nan,,,,,,,,,,,,,,,
1042,2781.155517578125,0.027785850688815117,2.7785850688815117,10256.09516954422,10000,ppo,ppo,crawler,flat,thdot_dth_neighbours_plus_thdot_direct,,,,,,,,,,,,,,,0.002202444690334212,0,781,0.0,0.0,,,,,,,,,,,,,,,,,,,,,,,,,,,,,,,,,,,,,,,,,,,,,,,,,,,,,,,,,,,,,,,,,,,,,,,,,,nan,,,,,,,,,,,,,,,
1043,2770.384521484375,0.027674783021211624,2.7674783021211624,10265.692546606064,10000,ppo,ppo,crawler,flat,thdot_dth_neighbours_plus_thdot_direct,,,,,,,,,,,,,,,0.0019759503751781934,0,781,0.0,0.0,,,,,,,,,,,,,,,,,,,,,,,,,,,,,,,,,,,,,,,,,,,,,,,,,,,,,,,,,,,,,,,,,,,,,,,,,,nan,,,,,,,,,,,,,,,
1044,2744.454833984375,0.02741336263716221,2.741336263716221,10276.016179800034,10000,ppo,ppo,crawler,flat,thdot_dth_neighbours_plus_thdot_direct,,,,,,,,,,,,,,,0.0015306626011862554,0,781,0.0,0.0,,,,,,,,,,,,,,,,,,,,,,,,,,,,,,,,,,,,,,,,,,,,,,,,,,,,,,,,,,,,,,,,,,,,,,,,,,nan,,,,,,,,,,,,,,,
1045,2785.296630859375,0.027825243771076202,2.7825243771076202,10286.006716966629,10000,ppo,ppo,crawler,flat,thdot_dth_neighbours_plus_thdot_direct,,,,,,,,,,,,,,,0.0017463100179917772,0,781,0.0,0.0,,,,,,,,,,,,,,,,,,,,,,,,,,,,,,,,,,,,,,,,,,,,,,,,,,,,,,,,,,,,,,,,,,,,,,,,,,nan,,,,,,,,,,,,,,,
1046,2761.58056640625,0.027582155540585518,2.758215554058552,10296.239826440811,10000,ppo,ppo,crawler,flat,thdot_dth_neighbours_plus_thdot_direct,,,,,,,,,,,,,,,0.0014910573231418603,0,781,0.0,0.0,,,,,,,,,,,,,,,,,,,,,,,,,,,,,,,,,,,,,,,,,,,,,,,,,,,,,,,,,,,,,,,,,,,,,,,,,,nan,,,,,,,,,,,,,,,
1047,2849.90625,0.028471535071730614,2.8471535071730614,10306.432626724243,10000,ppo,ppo,crawler,flat,thdot_dth_neighbours_plus_thdot_direct,,,,,,,,,,,,,,,0.0023845822562737627,0,781,0.0,0.0,,,,,,,,,,,,,,,,,,,,,,,,,,,,,,,,,,,,,,,,,,,,,,,,,,,,,,,,,,,,,,,,,,,,,,,,,,nan,,,,,,,,,,,,,,,
1048,2779.737060546875,0.027766088023781776,2.7766088023781776,10315.760635852814,10000,ppo,ppo,crawler,flat,thdot_dth_neighbours_plus_thdot_direct,,,,,,,,,,,,,,,0.0011273388102063517,0,781,0.0,0.0,,,,,,,,,,,,,,,,,,,,,,,,,,,,,,,,,,,,,,,,,,,,,,,,,,,,,,,,,,,,,,,,,,,,,,,,,,nan,,,,,,,,,,,,,,,
1049,2660.543701171875,0.026577236130833626,2.6577236130833626,10325.630607366562,10000,ppo,ppo,crawler,flat,thdot_dth_neighbours_plus_thdot_direct,,,,,,,,,,,,,,,0.0012030318200258125,0,781,0.0,0.0,,,,,,,,,,,,,,,,,,,,,,,,,,,,,,,,,,,,,,,,,,,,,,,,,,,,,,,,,,,,,,,,,,,,,,,,,,nan,,,,,,,,,,,,,,,
1050,2828.818359375,0.028260527178645134,2.8260527178645134,10335.32126903534,10000,ppo,ppo,crawler,flat,thdot_dth_neighbours_plus_thdot_direct,,,,,,,,,,,,,,,0.0016230686047811861,0,781,0.0,0.0,,,,,,,,,,,,,,,,,,,,,,,,,,,,,,,,,,,,,,,,,,,,,,,,,,,,,,,,,,,,,,,,,,,,,,,,,,nan,,,,,,,,,,,,,,,
1051,2733.9931640625,0.027312520891427994,2.7312520891427994,10345.015961408615,10000,ppo,ppo,crawler,flat,thdot_dth_neighbours_plus_thdot_direct,,,,,,,,,,,,,,,0.001808609757464857,0,781,0.0,0.0,,,,,,,,,,,,,,,,,,,,,,,,,,,,,,,,,,,,,,,,,,,,,,,,,,,,,,,,,,,,,,,,,,,,,,,,,,nan,,,,,,,,,,,,,,,
1052,2873.030517578125,0.028698919340968132,2.869891934096813,10355.105000019073,10000,ppo,ppo,crawler,flat,thdot_dth_neighbours_plus_thdot_direct,,,,,,,,,,,,,,,0.0023164735031697406,0,781,0.0,0.0,,,,,,,,,,,,,,,,,,,,,,,,,,,,,,,,,,,,,,,,,,,,,,,,,,,,,,,,,,,,,,,,,,,,,,,,,,nan,,,,,,,,,,,,,,,
1053,2756.568115234375,0.027538148686289787,2.7538148686289787,10364.663174152374,10000,ppo,ppo,crawler,flat,thdot_dth_neighbours_plus_thdot_direct,,,,,,,,,,,,,,,0.0024786076252181727,0,781,0.0,0.0,,,,,,,,,,,,,,,,,,,,,,,,,,,,,,,,,,,,,,,,,,,,,,,,,,,,,,,,,,,,,,,,,,,,,,,,,,nan,,,,,,,,,,,,,,,
1054,2763.18017578125,0.027605827897787094,2.7605827897787094,10374.403855800629,10000,ppo,ppo,crawler,flat,thdot_dth_neighbours_plus_thdot_direct,,,,,,,,,,,,,,,0.0014890556863900832,0,781,0.0,0.0,,,,,,,,,,,,,,,,,,,,,,,,,,,,,,,,,,,,,,,,,,,,,,,,,,,,,,,,,,,,,,,,,,,,,,,,,,nan,,,,,,,,,,,,,,,
1055,2799.28564453125,0.027963504195213318,2.796350419521332,10384.127529382706,10000,ppo,ppo,crawler,flat,thdot_dth_neighbours_plus_thdot_direct,,,,,,,,,,,,,,,0.0021313631299890216,0,781,0.0,0.0,,,,,,,,,,,,,,,,,,,,,,,,,,,,,,,,,,,,,,,,,,,,,,,,,,,,,,,,,,,,,,,,,,,,,,,,,,nan,,,,,,,,,,,,,,,
1056,2625.943359375,0.026228362694382668,2.6228362694382668,10394.13769197464,10000,ppo,ppo,crawler,flat,thdot_dth_neighbours_plus_thdot_direct,,,,,,,,,,,,,,,0.0013318977450729919,0,781,0.0,0.0,,,,,,,,,,,,,,,,,,,,,,,,,,,,,,,,,,,,,,,,,,,,,,,,,,,,,,,,,,,,,,,,,,,,,,,,,,nan,,,,,,,,,,,,,,,
1057,2749.215576171875,0.02745966985821724,2.745966985821724,10404.387681484222,10000,ppo,ppo,crawler,flat,thdot_dth_neighbours_plus_thdot_direct,,,,,,,,,,,,,,,0.0022173922671950993,0,781,0.0,0.0,,,,,,,,,,,,,,,,,,,,,,,,,,,,,,,,,,,,,,,,,,,,,,,,,,,,,,,,,,,,,,,,,,,,,,,,,,nan,,,,,,,,,,,,,,,
1058,2650.58056640625,0.026478197425603867,2.6478197425603867,10413.886612653732,10000,ppo,ppo,crawler,flat,thdot_dth_neighbours_plus_thdot_direct,,,,,,,,,,,,,,,0.0013899996370410463,0,781,0.0,0.0,,,,,,,,,,,,,,,,,,,,,,,,,,,,,,,,,,,,,,,,,,,,,,,,,,,,,,,,,,,,,,,,,,,,,,,,,,nan,,,,,,,,,,,,,,,
1059,2756.275146484375,0.027540748938918114,2.7540748938918114,10423.42274236679,10000,ppo,ppo,crawler,flat,thdot_dth_neighbours_plus_thdot_direct,,,,,,,,,,,,,,,0.0015229469459456023,0,781,0.0,0.0,,,,,,,,,,,,,,,,,,,,,,,,,,,,,,,,,,,,,,,,,,,,,,,,,,,,,,,,,,,,,,,,,,,,,,,,,,nan,,,,,,,,,,,,,,,
1060,2730.331298828125,0.027273522689938545,2.7273522689938545,10433.533440351486,10000,ppo,ppo,crawler,flat,thdot_dth_neighbours_plus_thdot_direct,,,,,,,,,,,,,,,0.002302067523719235,0,781,0.0,0.0,,,,,,,,,,,,,,,,,,,,,,,,,,,,,,,,,,,,,,,,,,,,,,,,,,,,,,,,,,,,,,,,,,,,,,,,,,nan,,,,,,,,,,,,,,,
1061,2685.16748046875,0.02682087942957878,2.682087942957878,10443.242555141449,10000,ppo,ppo,crawler,flat,thdot_dth_neighbours_plus_thdot_direct,,,,,,,,,,,,,,,0.002160398071071764,0,781,0.0,0.0,,,,,,,,,,,,,,,,,,,,,,,,,,,,,,,,,,,,,,,,,,,,,,,,,,,,,,,,,,,,,,,,,,,,,,,,,,nan,,,,,,,,,,,,,,,
1062,2778.278076171875,0.02775520831346512,2.775520831346512,10453.22933268547,10000,ppo,ppo,crawler,flat,thdot_dth_neighbours_plus_thdot_direct,,,,,,,,,,,,,,,0.0016100091428846433,0,781,0.0,0.0,,,,,,,,,,,,,,,,,,,,,,,,,,,,,,,,,,,,,,,,,,,,,,,,,,,,,,,,,,,,,,,,,,,,,,,,,,nan,,,,,,,,,,,,,,,
1063,2708.05517578125,0.027048947289586067,2.7048947289586067,10462.904716968536,10000,ppo,ppo,crawler,flat,thdot_dth_neighbours_plus_thdot_direct,,,,,,,,,,,,,,,0.002097032230868473,0,781,0.0,0.0,,,,,,,,,,,,,,,,,,,,,,,,,,,,,,,,,,,,,,,,,,,,,,,,,,,,,,,,,,,,,,,,,,,,,,,,,,nan,,,,,,,,,,,,,,,
1064,2750.86767578125,0.027477409690618515,2.7477409690618515,10472.908302307129,10000,ppo,ppo,crawler,flat,thdot_dth_neighbours_plus_thdot_direct,,,,,,,,,,,,,,,0.0011982916450853339,0,781,0.0,0.0,,,,,,,,,,,,,,,,,,,,,,,,,,,,,,,,,,,,,,,,,,,,,,,,,,,,,,,,,,,,,,,,,,,,,,,,,,nan,,,,,,,,,,,,,,,
1065,2594.714599609375,0.025917598977684975,2.5917598977684975,10482.794320821762,10000,ppo,ppo,crawler,flat,thdot_dth_neighbours_plus_thdot_direct,,,,,,,,,,,,,,,0.0023850360362658216,0,781,0.0,0.0,,,,,,,,,,,,,,,,,,,,,,,,,,,,,,,,,,,,,,,,,,,,,,,,,,,,,,,,,,,,,,,,,,,,,,,,,,nan,,,,,,,,,,,,,,,
1066,2764.31005859375,0.027611959725618362,2.7611959725618362,10492.714615345001,10000,ppo,ppo,crawler,flat,thdot_dth_neighbours_plus_thdot_direct,,,,,,,,,,,,,,,0.0024078204692066325,0,781,0.0,0.0,,,,,,,,,,,,,,,,,,,,,,,,,,,,,,,,,,,,,,,,,,,,,,,,,,,,,,,,,,,,,,,,,,,,,,,,,,nan,,,,,,,,,,,,,,,
1067,2718.924560546875,0.02716253325343132,2.716253325343132,10503.184531927109,10000,ppo,ppo,crawler,flat,thdot_dth_neighbours_plus_thdot_direct,,,,,,,,,,,,,,,0.0019585709483285643,0,781,0.0,0.0,,,,,,,,,,,,,,,,,,,,,,,,,,,,,,,,,,,,,,,,,,,,,,,,,,,,,,,,,,,,,,,,,,,,,,,,,,nan,,,,,,,,,,,,,,,
1068,2753.089111328125,0.027500618249177933,2.7500618249177933,10513.057479143143,10000,ppo,ppo,crawler,flat,thdot_dth_neighbours_plus_thdot_direct,,,,,,,,,,,,,,,0.0017030282327882944,0,781,0.0,0.0,,,,,,,,,,,,,,,,,,,,,,,,,,,,,,,,,,,,,,,,,,,,,,,,,,,,,,,,,,,,,,,,,,,,,,,,,,nan,,,,,,,,,,,,,,,
1069,2849.714599609375,0.028470808640122414,2.8470808640122414,10522.952634811401,10000,ppo,ppo,crawler,flat,thdot_dth_neighbours_plus_thdot_direct,,,,,,,,,,,,,,,0.0019763794364955753,0,781,0.0,0.0,,,,,,,,,,,,,,,,,,,,,,,,,,,,,,,,,,,,,,,,,,,,,,,,,,,,,,,,,,,,,,,,,,,,,,,,,,nan,,,,,,,,,,,,,,,
1070,2679.641357421875,0.026769915595650673,2.6769915595650673,10532.878509521484,10000,ppo,ppo,crawler,flat,thdot_dth_neighbours_plus_thdot_direct,,,,,,,,,,,,,,,0.002483933747652385,0,781,0.0,0.0,,,,,,,,,,,,,,,,,,,,,,,,,,,,,,,,,,,,,,,,,,,,,,,,,,,,,,,,,,,,,,,,,,,,,,,,,,nan,,,,,,,,,,,,,,,
1071,2770.4130859375,0.027675561606884003,2.7675561606884003,10542.460439920425,10000,ppo,ppo,crawler,flat,thdot_dth_neighbours_plus_thdot_direct,,,,,,,,,,,,,,,0.0023355264006504266,0,781,0.0,0.0,,,,,,,,,,,,,,,,,,,,,,,,,,,,,,,,,,,,,,,,,,,,,,,,,,,,,,,,,,,,,,,,,,,,,,,,,,nan,,,,,,,,,,,,,,,
1072,2774.801513671875,0.027716387063264847,2.7716387063264847,10552.44442486763,10000,ppo,ppo,crawler,flat,thdot_dth_neighbours_plus_thdot_direct,,,,,,,,,,,,,,,0.001957448997962649,0,781,0.0,0.0,,,,,,,,,,,,,,,,,,,,,,,,,,,,,,,,,,,,,,,,,,,,,,,,,,,,,,,,,,,,,,,,,,,,,,,,,,nan,,,,,,,,,,,,,,,
1073,2709.532470703125,0.027067366987466812,2.706736698746681,10562.341303825378,10000,ppo,ppo,crawler,flat,thdot_dth_neighbours_plus_thdot_direct,,,,,,,,,,,,,,,0.0022173737113243917,0,781,0.0,0.0,,,,,,,,,,,,,,,,,,,,,,,,,,,,,,,,,,,,,,,,,,,,,,,,,,,,,,,,,,,,,,,,,,,,,,,,,,nan,,,,,,,,,,,,,,,
1074,2661.924560546875,0.02658797800540924,2.658797800540924,10571.971704244614,10000,ppo,ppo,crawler,flat,thdot_dth_neighbours_plus_thdot_direct,,,,,,,,,,,,,,,0.002329031297877255,0,781,0.0,0.0,,,,,,,,,,,,,,,,,,,,,,,,,,,,,,,,,,,,,,,,,,,,,,,,,,,,,,,,,,,,,,,,,,,,,,,,,,nan,,,,,,,,,,,,,,,
1075,2736.971435546875,0.027340825647115707,2.7340825647115707,10582.303073644638,10000,ppo,ppo,crawler,flat,thdot_dth_neighbours_plus_thdot_direct,,,,,,,,,,,,,,,0.0013544665708291172,0,781,0.0,0.0,,,,,,,,,,,,,,,,,,,,,,,,,,,,,,,,,,,,,,,,,,,,,,,,,,,,,,,,,,,,,,,,,,,,,,,,,,nan,,,,,,,,,,,,,,,
1076,2698.37109375,0.0269521102309227,2.69521102309227,10591.88805770874,10000,ppo,ppo,crawler,flat,thdot_dth_neighbours_plus_thdot_direct,,,,,,,,,,,,,,,0.0024476257667314975,0,781,0.0,0.0,,,,,,,,,,,,,,,,,,,,,,,,,,,,,,,,,,,,,,,,,,,,,,,,,,,,,,,,,,,,,,,,,,,,,,,,,,nan,,,,,,,,,,,,,,,
1077,2706.91015625,0.027043089270591736,2.7043089270591736,10601.768929719925,10000,ppo,ppo,crawler,flat,thdot_dth_neighbours_plus_thdot_direct,,,,,,,,,,,,,,,0.0016003374716786424,0,781,0.0,0.0,,,,,,,,,,,,,,,,,,,,,,,,,,,,,,,,,,,,,,,,,,,,,,,,,,,,,,,,,,,,,,,,,,,,,,,,,,nan,,,,,,,,,,,,,,,
1078,2648.98046875,0.026459593325853348,2.6459593325853348,10611.460943222046,10000,ppo,ppo,crawler,flat,thdot_dth_neighbours_plus_thdot_direct,,,,,,,,,,,,,,,0.0028984332034645314,0,781,0.0,0.0,,,,,,,,,,,,,,,,,,,,,,,,,,,,,,,,,,,,,,,,,,,,,,,,,,,,,,,,,,,,,,,,,,,,,,,,,,nan,,,,,,,,,,,,,,,
1079,2700.831298828125,0.026978198438882828,2.6978198438882828,10620.921213388443,10000,ppo,ppo,crawler,flat,thdot_dth_neighbours_plus_thdot_direct,,,,,,,,,,,,,,,0.002261793367678005,0,781,0.0,0.0,,,,,,,,,,,,,,,,,,,,,,,,,,,,,,,,,,,,,,,,,,,,,,,,,,,,,,,,,,,,,,,,,,,,,,,,,,nan,,,,,,,,,,,,,,,
1080,2701.831787109375,0.026989959180355072,2.698995918035507,10631.014265298843,10000,ppo,ppo,crawler,flat,thdot_dth_neighbours_plus_thdot_direct,,,,,,,,,,,,,,,0.0009608174307263845,0,781,0.0,0.0,,,,,,,,,,,,,,,,,,,,,,,,,,,,,,,,,,,,,,,,,,,,,,,,,,,,,,,,,,,,,,,,,,,,,,,,,,nan,,,,,,,,,,,,,,,
1081,2624.811767578125,0.02621716819703579,2.621716819703579,10640.62144112587,10000,ppo,ppo,crawler,flat,thdot_dth_neighbours_plus_thdot_direct,,,,,,,,,,,,,,,0.0035187032659944537,0,781,0.0,0.0,,,,,,,,,,,,,,,,,,,,,,,,,,,,,,,,,,,,,,,,,,,,,,,,,,,,,,,,,,,,,,,,,,,,,,,,,,nan,,,,,,,,,,,,,,,
1082,2708.10791015625,0.02705094777047634,2.705094777047634,10650.634173870087,10000,ppo,ppo,crawler,flat,thdot_dth_neighbours_plus_thdot_direct,,,,,,,,,,,,,,,0.002119332711937576,0,781,0.0,0.0,,,,,,,,,,,,,,,,,,,,,,,,,,,,,,,,,,,,,,,,,,,,,,,,,,,,,,,,,,,,,,,,,,,,,,,,,,nan,,,,,,,,,,,,,,,
1083,2746.487060546875,0.027436383068561554,2.7436383068561554,10660.012983083725,10000,ppo,ppo,crawler,flat,thdot_dth_neighbours_plus_thdot_direct,,,,,,,,,,,,,,,0.0014008885049099236,0,781,0.0,0.0,,,,,,,,,,,,,,,,,,,,,,,,,,,,,,,,,,,,,,,,,,,,,,,,,,,,,,,,,,,,,,,,,,,,,,,,,,nan,,,,,,,,,,,,,,,
1084,2862.850830078125,0.028598938137292862,2.859893813729286,10669.633296728134,10000,ppo,ppo,crawler,flat,thdot_dth_neighbours_plus_thdot_direct,,,,,,,,,,,,,,,0.0016823338604105295,0,781,0.0,0.0,,,,,,,,,,,,,,,,,,,,,,,,,,,,,,,,,,,,,,,,,,,,,,,,,,,,,,,,,,,,,,,,,,,,,,,,,,nan,,,,,,,,,,,,,,,
1085,2811.247802734375,0.02808176726102829,2.808176726102829,10679.621480464935,10000,ppo,ppo,crawler,flat,thdot_dth_neighbours_plus_thdot_direct,,,,,,,,,,,,,,,0.0028249800365530028,0,781,0.0,0.0,,,,,,,,,,,,,,,,,,,,,,,,,,,,,,,,,,,,,,,,,,,,,,,,,,,,,,,,,,,,,,,,,,,,,,,,,,nan,,,,,,,,,,,,,,,
1086,2687.184814453125,0.02684207633137703,2.684207633137703,10689.181384563446,10000,ppo,ppo,crawler,flat,thdot_dth_neighbours_plus_thdot_direct,,,,,,,,,,,,,,,0.0015757114419720798,0,781,0.0,0.0,,,,,,,,,,,,,,,,,,,,,,,,,,,,,,,,,,,,,,,,,,,,,,,,,,,,,,,,,,,,,,,,,,,,,,,,,,nan,,,,,,,,,,,,,,,
1087,2845.76220703125,0.028427666053175926,2.8427666053175926,10699.094324588776,10000,ppo,ppo,crawler,flat,thdot_dth_neighbours_plus_thdot_direct,,,,,,,,,,,,,,,0.0016385201716891948,0,781,0.0,0.0,,,,,,,,,,,,,,,,,,,,,,,,,,,,,,,,,,,,,,,,,,,,,,,,,,,,,,,,,,,,,,,,,,,,,,,,,,nan,,,,,,,,,,,,,,,
1088,2693.044921875,0.026901060715317726,2.6901060715317726,10708.431510448456,10000,ppo,ppo,crawler,flat,thdot_dth_neighbours_plus_thdot_direct,,,,,,,,,,,,,,,0.003273058810341569,0,781,0.0,0.0,,,,,,,,,,,,,,,,,,,,,,,,,,,,,,,,,,,,,,,,,,,,,,,,,,,,,,,,,,,,,,,,,,,,,,,,,,nan,,,,,,,,,,,,,,,
1089,2747.593505859375,0.027447832748293877,2.7447832748293877,10718.02336549759,10000,ppo,ppo,crawler,flat,thdot_dth_neighbours_plus_thdot_direct,,,,,,,,,,,,,,,0.0021536811558079596,0,781,0.0,0.0,,,,,,,,,,,,,,,,,,,,,,,,,,,,,,,,,,,,,,,,,,,,,,,,,,,,,,,,,,,,,,,,,,,,,,,,,,nan,,,,,,,,,,,,,,,
1090,2724.996826171875,0.02722299098968506,2.722299098968506,10727.641366243362,10000,ppo,ppo,crawler,flat,thdot_dth_neighbours_plus_thdot_direct,,,,,,,,,,,,,,,0.0020176673808602907,0,781,0.0,0.0,,,,,,,,,,,,,,,,,,,,,,,,,,,,,,,,,,,,,,,,,,,,,,,,,,,,,,,,,,,,,,,,,,,,,,,,,,nan,,,,,,,,,,,,,,,
1091,2704.565673828125,0.027016613632440567,2.7016613632440567,10737.0993642807,10000,ppo,ppo,crawler,flat,thdot_dth_neighbours_plus_thdot_direct,,,,,,,,,,,,,,,0.0020402488360928956,0,781,0.0,0.0,,,,,,,,,,,,,,,,,,,,,,,,,,,,,,,,,,,,,,,,,,,,,,,,,,,,,,,,,,,,,,,,,,,,,,,,,,nan,,,,,,,,,,,,,,,
1092,2741.580078125,0.027385761961340904,2.7385761961340904,10747.186183929443,10000,ppo,ppo,crawler,flat,thdot_dth_neighbours_plus_thdot_direct,,,,,,,,,,,,,,,0.0016593308176334,0,781,0.0,0.0,,,,,,,,,,,,,,,,,,,,,,,,,,,,,,,,,,,,,,,,,,,,,,,,,,,,,,,,,,,,,,,,,,,,,,,,,,nan,,,,,,,,,,,,,,,
1093,2726.69482421875,0.02723938226699829,2.723938226699829,10757.0522108078,10000,ppo,ppo,crawler,flat,thdot_dth_neighbours_plus_thdot_direct,,,,,,,,,,,,,,,0.0026593333801404797,0,781,0.0,0.0,,,,,,,,,,,,,,,,,,,,,,,,,,,,,,,,,,,,,,,,,,,,,,,,,,,,,,,,,,,,,,,,,,,,,,,,,,nan,,,,,,,,,,,,,,,
1094,2772.072021484375,0.02769273892045021,2.769273892045021,10766.790309429169,10000,ppo,ppo,crawler,flat,thdot_dth_neighbours_plus_thdot_direct,,,,,,,,,,,,,,,0.0016259944954836781,0,781,0.0,0.0,,,,,,,,,,,,,,,,,,,,,,,,,,,,,,,,,,,,,,,,,,,,,,,,,,,,,,,,,,,,,,,,,,,,,,,,,,nan,,,,,,,,,,,,,,,
1095,2773.260986328125,0.027705099433660507,2.7705099433660507,10776.282732725143,10000,ppo,ppo,crawler,flat,thdot_dth_neighbours_plus_thdot_direct,,,,,,,,,,,,,,,0.002240840687124142,0,781,0.0,0.0,,,,,,,,,,,,,,,,,,,,,,,,,,,,,,,,,,,,,,,,,,,,,,,,,,,,,,,,,,,,,,,,,,,,,,,,,,nan,,,,,,,,,,,,,,,
1096,2688.238037109375,0.026852788403630257,2.6852788403630257,10786.081198453903,10000,ppo,ppo,crawler,flat,thdot_dth_neighbours_plus_thdot_direct,,,,,,,,,,,,,,,0.0019763944769123735,0,781,0.0,0.0,,,,,,,,,,,,,,,,,,,,,,,,,,,,,,,,,,,,,,,,,,,,,,,,,,,,,,,,,,,,,,,,,,,,,,,,,,nan,,,,,,,,,,,,,,,
1097,2750.826904296875,0.02748037688434124,2.748037688434124,10796.077611923218,10000,ppo,ppo,crawler,flat,thdot_dth_neighbours_plus_thdot_direct,,,,,,,,,,,,,,,0.0016627522276287748,0,781,0.0,0.0,,,,,,,,,,,,,,,,,,,,,,,,,,,,,,,,,,,,,,,,,,,,,,,,,,,,,,,,,,,,,,,,,,,,,,,,,,nan,,,,,,,,,,,,,,,
1098,2693.24951171875,0.0269072987139225,2.69072987139225,10805.494576692581,10000,ppo,ppo,crawler,flat,thdot_dth_neighbours_plus_thdot_direct,,,,,,,,,,,,,,,0.0019115770093226863,0,781,0.0,0.0,,,,,,,,,,,,,,,,,,,,,,,,,,,,,,,,,,,,,,,,,,,,,,,,,,,,,,,,,,,,,,,,,,,,,,,,,,nan,,,,,,,,,,,,,,,
1099,2756.098388671875,0.027530552819371223,2.7530552819371223,10815.234542608261,10000,ppo,ppo,crawler,flat,thdot_dth_neighbours_plus_thdot_direct,,,,,,,,,,,,,,,0.001773060612340056,0,781,0.0,0.0,,,,,,,,,,,,,,,,,,,,,,,,,,,,,,,,,,,,,,,,,,,,,,,,,,,,,,,,,,,,,,,,,,,,,,,,,,nan,,,,,,,,,,,,,,,
1100,2582.426513671875,0.025797246024012566,2.5797246024012566,10825.029006004333,10000,ppo,ppo,crawler,flat,thdot_dth_neighbours_plus_thdot_direct,,,,,,,,,,,,,,,0.0016347269314741118,0,781,0.0,0.0,,,,,,,,,,,,,,,,,,,,,,,,,,,,,,,,,,,,,,,,,,,,,,,,,,,,,,,,,,,,,,,,,,,,,,,,,,nan,,,,,,,,,,,,,,,
1101,2648.423828125,0.026453668251633644,2.6453668251633644,10834.776448488235,10000,ppo,ppo,crawler,flat,thdot_dth_neighbours_plus_thdot_direct,,,,,,,,,,,,,,,0.0021119859190004762,0,781,0.0,0.0,,,,,,,,,,,,,,,,,,,,,,,,,,,,,,,,,,,,,,,,,,,,,,,,,,,,,,,,,,,,,,,,,,,,,,,,,,nan,,,,,,,,,,,,,,,
1102,2744.018310546875,0.027410447597503662,2.741044759750366,10844.801924943924,10000,ppo,ppo,crawler,flat,thdot_dth_neighbours_plus_thdot_direct,,,,,,,,,,,,,,,0.002055809292783351,0,781,0.0,0.0,,,,,,,,,,,,,,,,,,,,,,,,,,,,,,,,,,,,,,,,,,,,,,,,,,,,,,,,,,,,,,,,,,,,,,,,,,nan,,,,,,,,,,,,,,,
1103,2680.3974609375,0.02677868865430355,2.677868865430355,10854.98253941536,10000,ppo,ppo,crawler,flat,thdot_dth_neighbours_plus_thdot_direct,,,,,,,,,,,,,,,0.0011471534037143943,0,781,0.0,0.0,,,,,,,,,,,,,,,,,,,,,,,,,,,,,,,,,,,,,,,,,,,,,,,,,,,,,,,,,,,,,,,,,,,,,,,,,,nan,,,,,,,,,,,,,,,
1104,2651.3662109375,0.02648686058819294,2.648686058819294,10865.109864711761,10000,ppo,ppo,crawler,flat,thdot_dth_neighbours_plus_thdot_direct,,,,,,,,,,,,,,,0.0020846263141045132,0,781,0.0,0.0,,,,,,,,,,,,,,,,,,,,,,,,,,,,,,,,,,,,,,,,,,,,,,,,,,,,,,,,,,,,,,,,,,,,,,,,,,nan,,,,,,,,,,,,,,,
1105,2760.355712890625,0.02757398970425129,2.757398970425129,10875.055856704712,10000,ppo,ppo,crawler,flat,thdot_dth_neighbours_plus_thdot_direct,,,,,,,,,,,,,,,0.0023552488402938496,0,781,0.0,0.0,,,,,,,,,,,,,,,,,,,,,,,,,,,,,,,,,,,,,,,,,,,,,,,,,,,,,,,,,,,,,,,,,,,,,,,,,,nan,,,,,,,,,,,,,,,
1106,2731.028076171875,0.027283113449811935,2.7283113449811935,10885.059024095535,10000,ppo,ppo,crawler,flat,thdot_dth_neighbours_plus_thdot_direct,,,,,,,,,,,,,,,0.0029111693949172004,0,781,0.0,0.0,,,,,,,,,,,,,,,,,,,,,,,,,,,,,,,,,,,,,,,,,,,,,,,,,,,,,,,,,,,,,,,,,,,,,,,,,,nan,,,,,,,,,,,,,,,
1107,2743.04736328125,0.027401302009820938,2.740130200982094,10895.034728050232,10000,ppo,ppo,crawler,flat,thdot_dth_neighbours_plus_thdot_direct,,,,,,,,,,,,,,,0.0010817718430515483,0,781,0.0,0.0,,,,,,,,,,,,,,,,,,,,,,,,,,,,,,,,,,,,,,,,,,,,,,,,,,,,,,,,,,,,,,,,,,,,,,,,,,nan,,,,,,,,,,,,,,,
1108,2634.937744140625,0.02632329612970352,2.632329612970352,10905.19858789444,10000,ppo,ppo,crawler,flat,thdot_dth_neighbours_plus_thdot_direct,,,,,,,,,,,,,,,0.0022615594520723854,0,781,0.0,0.0,,,,,,,,,,,,,,,,,,,,,,,,,,,,,,,,,,,,,,,,,,,,,,,,,,,,,,,,,,,,,,,,,,,,,,,,,,nan,,,,,,,,,,,,,,,
1109,2666.8408203125,0.026636870577931404,2.6636870577931404,10914.979670524597,10000,ppo,ppo,crawler,flat,thdot_dth_neighbours_plus_thdot_direct,,,,,,,,,,,,,,,0.0015585027231523494,0,781,0.0,0.0,,,,,,,,,,,,,,,,,,,,,,,,,,,,,,,,,,,,,,,,,,,,,,,,,,,,,,,,,,,,,,,,,,,,,,,,,,nan,,,,,,,,,,,,,,,
1110,2684.27001953125,0.026815515011548996,2.6815515011548996,10924.680293798447,10000,ppo,ppo,crawler,flat,thdot_dth_neighbours_plus_thdot_direct,,,,,,,,,,,,,,,0.0011828394179062974,0,781,0.0,0.0,,,,,,,,,,,,,,,,,,,,,,,,,,,,,,,,,,,,,,,,,,,,,,,,,,,,,,,,,,,,,,,,,,,,,,,,,,nan,,,,,,,,,,,,,,,
1111,2780.7685546875,0.027780581265687943,2.7780581265687943,10934.62269949913,10000,ppo,ppo,crawler,flat,thdot_dth_neighbours_plus_thdot_direct,,,,,,,,,,,,,,,0.0015213863346974072,0,781,0.0,0.0,,,,,,,,,,,,,,,,,,,,,,,,,,,,,,,,,,,,,,,,,,,,,,,,,,,,,,,,,,,,,,,,,,,,,,,,,,nan,,,,,,,,,,,,,,,
1112,2699.11181640625,0.02695884369313717,2.695884369313717,10944.084374189377,10000,ppo,ppo,crawler,flat,thdot_dth_neighbours_plus_thdot_direct,,,,,,,,,,,,,,,0.0017809597765419776,0,781,0.0,0.0,,,,,,,,,,,,,,,,,,,,,,,,,,,,,,,,,,,,,,,,,,,,,,,,,,,,,,,,,,,,,,,,,,,,,,,,,,nan,,,,,,,,,,,,,,,
1113,2668.49462890625,0.02665863186120987,2.665863186120987,10953.759023427963,10000,ppo,ppo,crawler,flat,thdot_dth_neighbours_plus_thdot_direct,,,,,,,,,,,,,,,0.0008679046069598997,0,781,0.0,0.0,,,,,,,,,,,,,,,,,,,,,,,,,,,,,,,,,,,,,,,,,,,,,,,,,,,,,,,,,,,,,,,,,,,,,,,,,,nan,,,,,,,,,,,,,,,
1114,2669.259521484375,0.026666752994060516,2.6666752994060516,10963.715868711472,10000,ppo,ppo,crawler,flat,thdot_dth_neighbours_plus_thdot_direct,,,,,,,,,,,,,,,0.0017913897319580914,0,781,0.0,0.0,,,,,,,,,,,,,,,,,,,,,,,,,,,,,,,,,,,,,,,,,,,,,,,,,,,,,,,,,,,,,,,,,,,,,,,,,,nan,,,,,,,,,,,,,,,
1115,2716.615234375,0.027136322110891342,2.713632211089134,10973.810461759567,10000,ppo,ppo,crawler,flat,thdot_dth_neighbours_plus_thdot_direct,,,,,,,,,,,,,,,0.001476583081899131,0,781,0.0,0.0,,,,,,,,,,,,,,,,,,,,,,,,,,,,,,,,,,,,,,,,,,,,,,,,,,,,,,,,,,,,,,,,,,,,,,,,,,nan,,,,,,,,,,,,,,,
1116,2660.798095703125,0.026577722281217575,2.6577722281217575,10983.614103078842,10000,ppo,ppo,crawler,flat,thdot_dth_neighbours_plus_thdot_direct,,,,,,,,,,,,,,,0.0013205878908965798,0,781,0.0,0.0,,,,,,,,,,,,,,,,,,,,,,,,,,,,,,,,,,,,,,,,,,,,,,,,,,,,,,,,,,,,,,,,,,,,,,,,,,nan,,,,,,,,,,,,,,,
1117,2582.802978515625,0.025800401344895363,2.5800401344895363,10993.543185472488,10000,ppo,ppo,crawler,flat,thdot_dth_neighbours_plus_thdot_direct,,,,,,,,,,,,,,,0.0017143908284078897,0,781,0.0,0.0,,,,,,,,,,,,,,,,,,,,,,,,,,,,,,,,,,,,,,,,,,,,,,,,,,,,,,,,,,,,,,,,,,,,,,,,,,nan,,,,,,,,,,,,,,,
1118,2695.16845703125,0.026921285316348076,2.6921285316348076,11003.503396987915,10000,ppo,ppo,crawler,flat,thdot_dth_neighbours_plus_thdot_direct,,,,,,,,,,,,,,,0.0026525283158006577,0,781,0.0,0.0,,,,,,,,,,,,,,,,,,,,,,,,,,,,,,,,,,,,,,,,,,,,,,,,,,,,,,,,,,,,,,,,,,,,,,,,,,nan,,,,,,,,,,,,,,,
1119,2694.694091796875,0.0269148126244545,2.69148126244545,11013.49304842949,10000,ppo,ppo,crawler,flat,thdot_dth_neighbours_plus_thdot_direct,,,,,,,,,,,,,,,0.0011753066934085234,0,781,0.0,0.0,,,,,,,,,,,,,,,,,,,,,,,,,,,,,,,,,,,,,,,,,,,,,,,,,,,,,,,,,,,,,,,,,,,,,,,,,,nan,,,,,,,,,,,,,,,
1120,2777.384033203125,0.027745885774493217,2.7745885774493217,11023.197899103165,10000,ppo,ppo,crawler,flat,thdot_dth_neighbours_plus_thdot_direct,,,,,,,,,,,,,,,0.0013635347003956735,0,781,0.0,0.0,,,,,,,,,,,,,,,,,,,,,,,,,,,,,,,,,,,,,,,,,,,,,,,,,,,,,,,,,,,,,,,,,,,,,,,,,,nan,,,,,,,,,,,,,,,
1121,2763.14453125,0.027602409943938255,2.7602409943938255,11032.943399906158,10000,ppo,ppo,crawler,flat,thdot_dth_neighbours_plus_thdot_direct,,,,,,,,,,,,,,,0.0014446417091454862,0,781,0.0,0.0,,,,,,,,,,,,,,,,,,,,,,,,,,,,,,,,,,,,,,,,,,,,,,,,,,,,,,,,,,,,,,,,,,,,,,,,,,nan,,,,,,,,,,,,,,,
1122,2637.676513671875,0.0263461172580719,2.63461172580719,11042.985710859299,10000,ppo,ppo,crawler,flat,thdot_dth_neighbours_plus_thdot_direct,,,,,,,,,,,,,,,0.001589954211733892,0,781,0.0,0.0,,,,,,,,,,,,,,,,,,,,,,,,,,,,,,,,,,,,,,,,,,,,,,,,,,,,,,,,,,,,,,,,,,,,,,,,,,nan,,,,,,,,,,,,,,,
1123,2693.56591796875,0.02691159024834633,2.691159024834633,11052.618905544281,10000,ppo,ppo,crawler,flat,thdot_dth_neighbours_plus_thdot_direct,,,,,,,,,,,,,,,0.0016076315644844232,0,781,0.0,0.0,,,,,,,,,,,,,,,,,,,,,,,,,,,,,,,,,,,,,,,,,,,,,,,,,,,,,,,,,,,,,,,,,,,,,,,,,,nan,,,,,,,,,,,,,,,
1124,2715.777099609375,0.027129149064421654,2.7129149064421654,11062.588626384735,10000,ppo,ppo,crawler,flat,thdot_dth_neighbours_plus_thdot_direct,,,,,,,,,,,,,,,0.00220120682937407,0,781,0.0,0.0,,,,,,,,,,,,,,,,,,,,,,,,,,,,,,,,,,,,,,,,,,,,,,,,,,,,,,,,,,,,,,,,,,,,,,,,,,nan,,,,,,,,,,,,,,,
1125,2750.1552734375,0.027477281168103218,2.747728116810322,11072.369659423828,10000,ppo,ppo,crawler,flat,thdot_dth_neighbours_plus_thdot_direct,,,,,,,,,,,,,,,0.0017358300951255468,0,781,0.0,0.0,,,,,,,,,,,,,,,,,,,,,,,,,,,,,,,,,,,,,,,,,,,,,,,,,,,,,,,,,,,,,,,,,,,,,,,,,,nan,,,,,,,,,,,,,,,
1126,2727.31884765625,0.027242163196206093,2.7242163196206093,11082.32142329216,10000,ppo,ppo,crawler,flat,thdot_dth_neighbours_plus_thdot_direct,,,,,,,,,,,,,,,0.002031847878269336,0,781,0.0,0.0,,,,,,,,,,,,,,,,,,,,,,,,,,,,,,,,,,,,,,,,,,,,,,,,,,,,,,,,,,,,,,,,,,,,,,,,,,nan,,,,,,,,,,,,,,,
1127,2699.92578125,0.026969505473971367,2.6969505473971367,11091.914512395859,10000,ppo,ppo,crawler,flat,thdot_dth_neighbours_plus_thdot_direct,,,,,,,,,,,,,,,0.0011453011574223322,0,781,0.0,0.0,,,,,,,,,,,,,,,,,,,,,,,,,,,,,,,,,,,,,,,,,,,,,,,,,,,,,,,,,,,,,,,,,,,,,,,,,,nan,,,,,,,,,,,,,,,
1128,2799.236572265625,0.027961790561676025,2.7961790561676025,11101.690385341644,10000,ppo,ppo,crawler,flat,thdot_dth_neighbours_plus_thdot_direct,,,,,,,,,,,,,,,0.0014538791765361335,0,781,0.0,0.0,,,,,,,,,,,,,,,,,,,,,,,,,,,,,,,,,,,,,,,,,,,,,,,,,,,,,,,,,,,,,,,,,,,,,,,,,,nan,,,,,,,,,,,,,,,
1129,2658.361083984375,0.026551999151706696,2.6551999151706696,11111.848548412323,10000,ppo,ppo,crawler,flat,thdot_dth_neighbours_plus_thdot_direct,,,,,,,,,,,,,,,0.0019609181426439182,0,781,0.0,0.0,,,,,,,,,,,,,,,,,,,,,,,,,,,,,,,,,,,,,,,,,,,,,,,,,,,,,,,,,,,,,,,,,,,,,,,,,,nan,,,,,,,,,,,,,,,
1130,2740.7607421875,0.02737712860107422,2.737712860107422,11121.363511323929,10000,ppo,ppo,crawler,flat,thdot_dth_neighbours_plus_thdot_direct,,,,,,,,,,,,,,,0.0030312391038947104,0,781,0.0,0.0,,,,,,,,,,,,,,,,,,,,,,,,,,,,,,,,,,,,,,,,,,,,,,,,,,,,,,,,,,,,,,,,,,,,,,,,,,nan,,,,,,,,,,,,,,,
1131,2766.888427734375,0.02764168567955494,2.764168567955494,11130.845586538315,10000,ppo,ppo,crawler,flat,thdot_dth_neighbours_plus_thdot_direct,,,,,,,,,,,,,,,0.002242201007217881,0,781,0.0,0.0,,,,,,,,,,,,,,,,,,,,,,,,,,,,,,,,,,,,,,,,,,,,,,,,,,,,,,,,,,,,,,,,,,,,,,,,,,nan,,,,,,,,,,,,,,,
1132,2788.46533203125,0.02785480208694935,2.785480208694935,11140.613936662674,10000,ppo,ppo,crawler,flat,thdot_dth_neighbours_plus_thdot_direct,,,,,,,,,,,,,,,0.0017374730362383099,0,781,0.0,0.0,,,,,,,,,,,,,,,,,,,,,,,,,,,,,,,,,,,,,,,,,,,,,,,,,,,,,,,,,,,,,,,,,,,,,,,,,,nan,,,,,,,,,,,,,,,
1133,2731.257080078125,0.02728109620511532,2.728109620511532,11150.02789258957,10000,ppo,ppo,crawler,flat,thdot_dth_neighbours_plus_thdot_direct,,,,,,,,,,,,,,,0.0013606247866269948,0,781,0.0,0.0,,,,,,,,,,,,,,,,,,,,,,,,,,,,,,,,,,,,,,,,,,,,,,,,,,,,,,,,,,,,,,,,,,,,,,,,,,nan,,,,,,,,,,,,,,,
1134,2839.487548828125,0.02836505137383938,2.836505137383938,11160.053549051285,10000,ppo,ppo,crawler,flat,thdot_dth_neighbours_plus_thdot_direct,,,,,,,,,,,,,,,0.001059132057356594,0,781,0.0,0.0,,,,,,,,,,,,,,,,,,,,,,,,,,,,,,,,,,,,,,,,,,,,,,,,,,,,,,,,,,,,,,,,,,,,,,,,,,nan,,,,,,,,,,,,,,,
1135,2819.101318359375,0.028160247951745987,2.8160247951745987,11169.47046470642,10000,ppo,ppo,crawler,flat,thdot_dth_neighbours_plus_thdot_direct,,,,,,,,,,,,,,,0.0017245418818951964,0,781,0.0,0.0,,,,,,,,,,,,,,,,,,,,,,,,,,,,,,,,,,,,,,,,,,,,,,,,,,,,,,,,,,,,,,,,,,,,,,,,,,nan,,,,,,,,,,,,,,,
1136,2735.696044921875,0.02732979692518711,2.732979692518711,11179.145989656448,10000,ppo,ppo,crawler,flat,thdot_dth_neighbours_plus_thdot_direct,,,,,,,,,,,,,,,0.0018051766017928778,0,781,0.0,0.0,,,,,,,,,,,,,,,,,,,,,,,,,,,,,,,,,,,,,,,,,,,,,,,,,,,,,,,,,,,,,,,,,,,,,,,,,,nan,,,,,,,,,,,,,,,
1137,2777.137451171875,0.027742674574255943,2.7742674574255943,11189.030764102936,10000,ppo,ppo,crawler,flat,thdot_dth_neighbours_plus_thdot_direct,,,,,,,,,,,,,,,0.001959297732830607,0,781,0.0,0.0,,,,,,,,,,,,,,,,,,,,,,,,,,,,,,,,,,,,,,,,,,,,,,,,,,,,,,,,,,,,,,,,,,,,,,,,,,nan,,,,,,,,,,,,,,,
1138,2689.960205078125,0.026875624433159828,2.687562443315983,11198.43193268776,10000,ppo,ppo,crawler,flat,thdot_dth_neighbours_plus_thdot_direct,,,,,,,,,,,,,,,0.0012740292450244396,0,781,0.0,0.0,,,,,,,,,,,,,,,,,,,,,,,,,,,,,,,,,,,,,,,,,,,,,,,,,,,,,,,,,,,,,,,,,,,,,,,,,,nan,,,,,,,,,,,,,,,
1139,2691.926513671875,0.026890460401773453,2.6890460401773453,11208.600865602493,10000,ppo,ppo,crawler,flat,thdot_dth_neighbours_plus_thdot_direct,,,,,,,,,,,,,,,0.0030670961871709155,0,781,0.0,0.0,,,,,,,,,,,,,,,,,,,,,,,,,,,,,,,,,,,,,,,,,,,,,,,,,,,,,,,,,,,,,,,,,,,,,,,,,,nan,,,,,,,,,,,,,,,
1140,2816.76953125,0.028139881789684296,2.8139881789684296,11218.011215686798,10000,ppo,ppo,crawler,flat,thdot_dth_neighbours_plus_thdot_direct,,,,,,,,,,,,,,,0.0014239422633370328,0,781,0.0,0.0,,,,,,,,,,,,,,,,,,,,,,,,,,,,,,,,,,,,,,,,,,,,,,,,,,,,,,,,,,,,,,,,,,,,,,,,,,nan,,,,,,,,,,,,,,,
1141,2748.98583984375,0.02745794877409935,2.745794877409935,11228.206337213516,10000,ppo,ppo,crawler,flat,thdot_dth_neighbours_plus_thdot_direct,,,,,,,,,,,,,,,0.0016200250859859312,0,781,0.0,0.0,,,,,,,,,,,,,,,,,,,,,,,,,,,,,,,,,,,,,,,,,,,,,,,,,,,,,,,,,,,,,,,,,,,,,,,,,,nan,,,,,,,,,,,,,,,
1142,2793.925048828125,0.0279090516269207,2.79090516269207,11238.34335064888,10000,ppo,ppo,crawler,flat,thdot_dth_neighbours_plus_thdot_direct,,,,,,,,,,,,,,,0.0011936282003783148,0,781,0.0,0.0,,,,,,,,,,,,,,,,,,,,,,,,,,,,,,,,,,,,,,,,,,,,,,,,,,,,,,,,,,,,,,,,,,,,,,,,,,nan,,,,,,,,,,,,,,,
1143,2777.044677734375,0.027740832418203354,2.7740832418203354,11247.687326908112,10000,ppo,ppo,crawler,flat,thdot_dth_neighbours_plus_thdot_direct,,,,,,,,,,,,,,,0.001694126767234557,0,781,0.0,0.0,,,,,,,,,,,,,,,,,,,,,,,,,,,,,,,,,,,,,,,,,,,,,,,,,,,,,,,,,,,,,,,,,,,,,,,,,,nan,,,,,,,,,,,,,,,
1144,2799.723876953125,0.027970347553491592,2.7970347553491592,11257.857301712036,10000,ppo,ppo,crawler,flat,thdot_dth_neighbours_plus_thdot_direct,,,,,,,,,,,,,,,0.0025480565978946443,0,781,0.0,0.0,,,,,,,,,,,,,,,,,,,,,,,,,,,,,,,,,,,,,,,,,,,,,,,,,,,,,,,,,,,,,,,,,,,,,,,,,,nan,,,,,,,,,,,,,,,
1145,2532.108642578125,0.02529311738908291,2.529311738908291,11267.59339594841,10000,ppo,ppo,crawler,flat,thdot_dth_neighbours_plus_thdot_direct,,,,,,,,,,,,,,,0.0013657045527430739,0,781,0.0,0.0,,,,,,,,,,,,,,,,,,,,,,,,,,,,,,,,,,,,,,,,,,,,,,,,,,,,,,,,,,,,,,,,,,,,,,,,,,nan,,,,,,,,,,,,,,,
1146,2688.27587890625,0.026855986565351486,2.6855986565351486,11277.202385187149,10000,ppo,ppo,crawler,flat,thdot_dth_neighbours_plus_thdot_direct,,,,,,,,,,,,,,,0.0010438210337014961,0,781,0.0,0.0,,,,,,,,,,,,,,,,,,,,,,,,,,,,,,,,,,,,,,,,,,,,,,,,,,,,,,,,,,,,,,,,,,,,,,,,,,nan,,,,,,,,,,,,,,,
1147,2657.09375,0.02654240094125271,2.654240094125271,11287.109082698822,10000,ppo,ppo,crawler,flat,thdot_dth_neighbours_plus_thdot_direct,,,,,,,,,,,,,,,0.001385418656965826,0,781,0.0,0.0,,,,,,,,,,,,,,,,,,,,,,,,,,,,,,,,,,,,,,,,,,,,,,,,,,,,,,,,,,,,,,,,,,,,,,,,,,nan,,,,,,,,,,,,,,,
1148,2614.842041015625,0.026119310408830643,2.6119310408830643,11296.68277478218,10000,ppo,ppo,crawler,flat,thdot_dth_neighbours_plus_thdot_direct,,,,,,,,,,,,,,,0.001407663133246532,0,781,0.0,0.0,,,,,,,,,,,,,,,,,,,,,,,,,,,,,,,,,,,,,,,,,,,,,,,,,,,,,,,,,,,,,,,,,,,,,,,,,,nan,,,,,,,,,,,,,,,
1149,2832.146240234375,0.028294041752815247,2.8294041752815247,11306.684037923813,10000,ppo,ppo,crawler,flat,thdot_dth_neighbours_plus_thdot_direct,,,,,,,,,,,,,,,0.003032108817321518,0,781,0.0,0.0,,,,,,,,,,,,,,,,,,,,,,,,,,,,,,,,,,,,,,,,,,,,,,,,,,,,,,,,,,,,,,,,,,,,,,,,,,nan,,,,,,,,,,,,,,,
1150,2679.597412109375,0.026766102761030197,2.6766102761030197,11316.212623119354,10000,ppo,ppo,crawler,flat,thdot_dth_neighbours_plus_thdot_direct,,,,,,,,,,,,,,,0.001969827150993872,0,781,0.0,0.0,,,,,,,,,,,,,,,,,,,,,,,,,,,,,,,,,,,,,,,,,,,,,,,,,,,,,,,,,,,,,,,,,,,,,,,,,,nan,,,,,,,,,,,,,,,
1151,2609.815185546875,0.026071105152368546,2.6071105152368546,11326.181478738785,10000,ppo,ppo,crawler,flat,thdot_dth_neighbours_plus_thdot_direct,,,,,,,,,,,,,,,0.0013634183269366593,0,781,0.0,0.0,,,,,,,,,,,,,,,,,,,,,,,,,,,,,,,,,,,,,,,,,,,,,,,,,,,,,,,,,,,,,,,,,,,,,,,,,,nan,,,,,,,,,,,,,,,
1152,2799.302490234375,0.027963683009147644,2.7963683009147644,11336.38461279869,10000,ppo,ppo,crawler,flat,thdot_dth_neighbours_plus_thdot_direct,,,,,,,,,,,,,,,0.0023846797512148575,0,781,0.0,0.0,,,,,,,,,,,,,,,,,,,,,,,,,,,,,,,,,,,,,,,,,,,,,,,,,,,,,,,,,,,,,,,,,,,,,,,,,,nan,,,,,,,,,,,,,,,
1153,2745.552734375,0.02743118442595005,2.743118442595005,11345.948037147522,10000,ppo,ppo,crawler,flat,thdot_dth_neighbours_plus_thdot_direct,,,,,,,,,,,,,,,0.002425683483487053,0,781,0.0,0.0,,,,,,,,,,,,,,,,,,,,,,,,,,,,,,,,,,,,,,,,,,,,,,,,,,,,,,,,,,,,,,,,,,,,,,,,,,nan,,,,,,,,,,,,,,,
1154,2623.042724609375,0.02620459534227848,2.620459534227848,11355.737686634064,10000,ppo,ppo,crawler,flat,thdot_dth_neighbours_plus_thdot_direct,,,,,,,,,,,,,,,0.003016524969333334,0,781,0.0,0.0,,,,,,,,,,,,,,,,,,,,,,,,,,,,,,,,,,,,,,,,,,,,,,,,,,,,,,,,,,,,,,,,,,,,,,,,,,nan,,,,,,,,,,,,,,,
1155,2646.6005859375,0.02643774077296257,2.643774077296257,11366.163959026337,10000,ppo,ppo,crawler,flat,thdot_dth_neighbours_plus_thdot_direct,,,,,,,,,,,,,,,0.001792906793986187,0,781,0.0,0.0,,,,,,,,,,,,,,,,,,,,,,,,,,,,,,,,,,,,,,,,,,,,,,,,,,,,,,,,,,,,,,,,,,,,,,,,,,nan,,,,,,,,,,,,,,,
1156,2660.4970703125,0.026582466438412666,2.6582466438412666,11375.862040758133,10000,ppo,ppo,crawler,flat,thdot_dth_neighbours_plus_thdot_direct,,,,,,,,,,,,,,,0.0027040876109329917,0,781,0.0,0.0,,,,,,,,,,,,,,,,,,,,,,,,,,,,,,,,,,,,,,,,,,,,,,,,,,,,,,,,,,,,,,,,,,,,,,,,,,nan,,,,,,,,,,,,,,,
1157,2780.361328125,0.027775714173913002,2.7775714173913,11385.644122123718,10000,ppo,ppo,crawler,flat,thdot_dth_neighbours_plus_thdot_direct,,,,,,,,,,,,,,,0.002315744099504186,0,781,0.0,0.0,,,,,,,,,,,,,,,,,,,,,,,,,,,,,,,,,,,,,,,,,,,,,,,,,,,,,,,,,,,,,,,,,,,,,,,,,,nan,,,,,,,,,,,,,,,
1158,2687.37744140625,0.026843026280403137,2.6843026280403137,11395.409098863602,10000,ppo,ppo,crawler,flat,thdot_dth_neighbours_plus_thdot_direct,,,,,,,,,,,,,,,0.002419108325426978,0,781,0.0,0.0,,,,,,,,,,,,,,,,,,,,,,,,,,,,,,,,,,,,,,,,,,,,,,,,,,,,,,,,,,,,,,,,,,,,,,,,,,nan,,,,,,,,,,,,,,,
1159,2803.55712890625,0.028002053499221802,2.80020534992218,11405.532939195633,10000,ppo,ppo,crawler,flat,thdot_dth_neighbours_plus_thdot_direct,,,,,,,,,,,,,,,0.0014559774037587957,0,781,0.0,0.0,,,,,,,,,,,,,,,,,,,,,,,,,,,,,,,,,,,,,,,,,,,,,,,,,,,,,,,,,,,,,,,,,,,,,,,,,,nan,,,,,,,,,,,,,,,
1160,2668.103271484375,0.02665368653833866,2.665368653833866,11415.515577077866,10000,ppo,ppo,crawler,flat,thdot_dth_neighbours_plus_thdot_direct,,,,,,,,,,,,,,,0.0016024140272220952,0,781,0.0,0.0,,,,,,,,,,,,,,,,,,,,,,,,,,,,,,,,,,,,,,,,,,,,,,,,,,,,,,,,,,,,,,,,,,,,,,,,,,nan,,,,,,,,,,,,,,,
1161,2658.52001953125,0.026555651798844337,2.6555651798844337,11425.35076546669,10000,ppo,ppo,crawler,flat,thdot_dth_neighbours_plus_thdot_direct,,,,,,,,,,,,,,,0.0011873167035430082,0,781,0.0,0.0,,,,,,,,,,,,,,,,,,,,,,,,,,,,,,,,,,,,,,,,,,,,,,,,,,,,,,,,,,,,,,,,,,,,,,,,,,nan,,,,,,,,,,,,,,,
1162,2749.784423828125,0.02746853046119213,2.746853046119213,11435.480367183685,10000,ppo,ppo,crawler,flat,thdot_dth_neighbours_plus_thdot_direct,,,,,,,,,,,,,,,0.0018745143327143893,0,781,0.0,0.0,,,,,,,,,,,,,,,,,,,,,,,,,,,,,,,,,,,,,,,,,,,,,,,,,,,,,,,,,,,,,,,,,,,,,,,,,,nan,,,,,,,,,,,,,,,
1163,2661.027099609375,0.02658434957265854,2.658434957265854,11445.335671901703,10000,ppo,ppo,crawler,flat,thdot_dth_neighbours_plus_thdot_direct,,,,,,,,,,,,,,,0.001993898610932906,0,781,0.0,0.0,,,,,,,,,,,,,,,,,,,,,,,,,,,,,,,,,,,,,,,,,,,,,,,,,,,,,,,,,,,,,,,,,,,,,,,,,,nan,,,,,,,,,,,,,,,
1164,2622.153564453125,0.02619553729891777,2.619553729891777,11455.191831588745,10000,ppo,ppo,crawler,flat,thdot_dth_neighbours_plus_thdot_direct,,,,,,,,,,,,,,,0.0014924010875547748,0,781,0.0,0.0,,,,,,,,,,,,,,,,,,,,,,,,,,,,,,,,,,,,,,,,,,,,,,,,,,,,,,,,,,,,,,,,,,,,,,,,,,nan,,,,,,,,,,,,,,,
1165,2765.375,0.02762305922806263,2.762305922806263,11464.899260759354,10000,ppo,ppo,crawler,flat,thdot_dth_neighbours_plus_thdot_direct,,,,,,,,,,,,,,,0.000982530033594034,0,781,0.0,0.0,,,,,,,,,,,,,,,,,,,,,,,,,,,,,,,,,,,,,,,,,,,,,,,,,,,,,,,,,,,,,,,,,,,,,,,,,,nan,,,,,,,,,,,,,,,
1166,2718.11083984375,0.02715233713388443,2.715233713388443,11474.628589391708,10000,ppo,ppo,crawler,flat,thdot_dth_neighbours_plus_thdot_direct,,,,,,,,,,,,,,,0.0015159605744716482,0,781,0.0,0.0,,,,,,,,,,,,,,,,,,,,,,,,,,,,,,,,,,,,,,,,,,,,,,,,,,,,,,,,,,,,,,,,,,,,,,,,,,nan,,,,,,,,,,,,,,,
1167,2760.0615234375,0.027574218809604645,2.7574218809604645,11484.59024310112,10000,ppo,ppo,crawler,flat,thdot_dth_neighbours_plus_thdot_direct,,,,,,,,,,,,,,,0.001335129750003316,0,781,0.0,0.0,,,,,,,,,,,,,,,,,,,,,,,,,,,,,,,,,,,,,,,,,,,,,,,,,,,,,,,,,,,,,,,,,,,,,,,,,,nan,,,,,,,,,,,,,,,
1168,2732.511474609375,0.027296267449855804,2.7296267449855804,11494.29305267334,10000,ppo,ppo,crawler,flat,thdot_dth_neighbours_plus_thdot_direct,,,,,,,,,,,,,,,0.0013499799539255343,0,781,0.0,0.0,,,,,,,,,,,,,,,,,,,,,,,,,,,,,,,,,,,,,,,,,,,,,,,,,,,,,,,,,,,,,,,,,,,,,,,,,,nan,,,,,,,,,,,,,,,
1169,2859.57421875,0.028564849868416786,2.8564849868416786,11504.18112564087,10000,ppo,ppo,crawler,flat,thdot_dth_neighbours_plus_thdot_direct,,,,,,,,,,,,,,,0.0014384817449384437,0,781,0.0,0.0,,,,,,,,,,,,,,,,,,,,,,,,,,,,,,,,,,,,,,,,,,,,,,,,,,,,,,,,,,,,,,,,,,,,,,,,,,nan,,,,,,,,,,,,,,,
1170,2805.652099609375,0.028026524931192398,2.80265249311924,11514.357613325119,10000,ppo,ppo,crawler,flat,thdot_dth_neighbours_plus_thdot_direct,,,,,,,,,,,,,,,0.001862832886108337,0,781,0.0,0.0,,,,,,,,,,,,,,,,,,,,,,,,,,,,,,,,,,,,,,,,,,,,,,,,,,,,,,,,,,,,,,,,,,,,,,,,,,nan,,,,,,,,,,,,,,,
1171,2696.326904296875,0.026935173198580742,2.693517319858074,11524.062237739563,10000,ppo,ppo,crawler,flat,thdot_dth_neighbours_plus_thdot_direct,,,,,,,,,,,,,,,0.000791382412943363,0,781,0.0,0.0,,,,,,,,,,,,,,,,,,,,,,,,,,,,,,,,,,,,,,,,,,,,,,,,,,,,,,,,,,,,,,,,,,,,,,,,,,nan,,,,,,,,,,,,,,,
1172,2665.989990234375,0.02662971056997776,2.662971056997776,11534.059915781021,10000,ppo,ppo,crawler,flat,thdot_dth_neighbours_plus_thdot_direct,,,,,,,,,,,,,,,0.001686592945218608,0,781,0.0,0.0,,,,,,,,,,,,,,,,,,,,,,,,,,,,,,,,,,,,,,,,,,,,,,,,,,,,,,,,,,,,,,,,,,,,,,,,,,nan,,,,,,,,,,,,,,,
1173,2668.885498046875,0.026659658178687096,2.6659658178687096,11543.536047458649,10000,ppo,ppo,crawler,flat,thdot_dth_neighbours_plus_thdot_direct,,,,,,,,,,,,,,,0.0012065862726314076,0,781,0.0,0.0,,,,,,,,,,,,,,,,,,,,,,,,,,,,,,,,,,,,,,,,,,,,,,,,,,,,,,,,,,,,,,,,,,,,,,,,,,nan,,,,,,,,,,,,,,,
1174,2710.2275390625,0.027071893215179443,2.7071893215179443,11553.465723752975,10000,ppo,ppo,crawler,flat,thdot_dth_neighbours_plus_thdot_direct,,,,,,,,,,,,,,,0.0019131908437981942,0,781,0.0,0.0,,,,,,,,,,,,,,,,,,,,,,,,,,,,,,,,,,,,,,,,,,,,,,,,,,,,,,,,,,,,,,,,,,,,,,,,,,nan,,,,,,,,,,,,,,,
1175,2541.79345703125,0.02538740448653698,2.538740448653698,11563.248575687408,10000,ppo,ppo,crawler,flat,thdot_dth_neighbours_plus_thdot_direct,,,,,,,,,,,,,,,0.0012710714121708343,0,781,0.0,0.0,,,,,,,,,,,,,,,,,,,,,,,,,,,,,,,,,,,,,,,,,,,,,,,,,,,,,,,,,,,,,,,,,,,,,,,,,,nan,,,,,,,,,,,,,,,
1176,2775.16796875,0.027720550075173378,2.772055007517338,11573.233900308609,10000,ppo,ppo,crawler,flat,thdot_dth_neighbours_plus_thdot_direct,,,,,,,,,,,,,,,0.0012180651312228782,0,781,0.0,0.0,,,,,,,,,,,,,,,,,,,,,,,,,,,,,,,,,,,,,,,,,,,,,,,,,,,,,,,,,,,,,,,,,,,,,,,,,,nan,,,,,,,,,,,,,,,
1177,2718.625244140625,0.027157360687851906,2.7157360687851906,11583.390918970108,10000,ppo,ppo,crawler,flat,thdot_dth_neighbours_plus_thdot_direct,,,,,,,,,,,,,,,0.0022557527207204314,0,781,0.0,0.0,,,,,,,,,,,,,,,,,,,,,,,,,,,,,,,,,,,,,,,,,,,,,,,,,,,,,,,,,,,,,,,,,,,,,,,,,,nan,,,,,,,,,,,,,,,
1178,2722.62548828125,0.02719631977379322,2.719631977379322,11593.061432361603,10000,ppo,ppo,crawler,flat,thdot_dth_neighbours_plus_thdot_direct,,,,,,,,,,,,,,,0.002132816971164637,0,781,0.0,0.0,,,,,,,,,,,,,,,,,,,,,,,,,,,,,,,,,,,,,,,,,,,,,,,,,,,,,,,,,,,,,,,,,,,,,,,,,,nan,,,,,,,,,,,,,,,
1179,2633.981689453125,0.02631019800901413,2.631019800901413,11602.806674957275,10000,ppo,ppo,crawler,flat,thdot_dth_neighbours_plus_thdot_direct,,,,,,,,,,,,,,,0.0014093048809677437,0,781,0.0,0.0,,,,,,,,,,,,,,,,,,,,,,,,,,,,,,,,,,,,,,,,,,,,,,,,,,,,,,,,,,,,,,,,,,,,,,,,,,nan,,,,,,,,,,,,,,,
1180,2700.652099609375,0.026977453380823135,2.6977453380823135,11612.556728601456,10000,ppo,ppo,crawler,flat,thdot_dth_neighbours_plus_thdot_direct,,,,,,,,,,,,,,,0.001481280427337873,0,781,0.0,0.0,,,,,,,,,,,,,,,,,,,,,,,,,,,,,,,,,,,,,,,,,,,,,,,,,,,,,,,,,,,,,,,,,,,,,,,,,,nan,,,,,,,,,,,,,,,
1181,2594.436767578125,0.02591724507510662,2.591724507510662,11622.373529434204,10000,ppo,ppo,crawler,flat,thdot_dth_neighbours_plus_thdot_direct,,,,,,,,,,,,,,,0.0017693102228260658,0,781,0.0,0.0,,,,,,,,,,,,,,,,,,,,,,,,,,,,,,,,,,,,,,,,,,,,,,,,,,,,,,,,,,,,,,,,,,,,,,,,,,nan,,,,,,,,,,,,,,,
1182,2754.799560546875,0.027524204924702644,2.7524204924702644,11632.310096979141,10000,ppo,ppo,crawler,flat,thdot_dth_neighbours_plus_thdot_direct,,,,,,,,,,,,,,,0.001580446221955969,0,781,0.0,0.0,,,,,,,,,,,,,,,,,,,,,,,,,,,,,,,,,,,,,,,,,,,,,,,,,,,,,,,,,,,,,,,,,,,,,,,,,,nan,,,,,,,,,,,,,,,
1183,2735.672119140625,0.02732880786061287,2.732880786061287,11642.107805013657,10000,ppo,ppo,crawler,flat,thdot_dth_neighbours_plus_thdot_direct,,,,,,,,,,,,,,,0.0015940500219382746,0,781,0.0,0.0,,,,,,,,,,,,,,,,,,,,,,,,,,,,,,,,,,,,,,,,,,,,,,,,,,,,,,,,,,,,,,,,,,,,,,,,,,nan,,,,,,,,,,,,,,,
1184,2750.761962890625,0.027479106560349464,2.7479106560349464,11652.213579893112,10000,ppo,ppo,crawler,flat,thdot_dth_neighbours_plus_thdot_direct,,,,,,,,,,,,,,,0.002119787690704207,0,781,0.0,0.0,,,,,,,,,,,,,,,,,,,,,,,,,,,,,,,,,,,,,,,,,,,,,,,,,,,,,,,,,,,,,,,,,,,,,,,,,,nan,,,,,,,,,,,,,,,
1185,2758.786376953125,0.027558153495192528,2.7558153495192528,11662.194303035736,10000,ppo,ppo,crawler,flat,thdot_dth_neighbours_plus_thdot_direct,,,,,,,,,,,,,,,0.0018758503849106425,0,781,0.0,0.0,,,,,,,,,,,,,,,,,,,,,,,,,,,,,,,,,,,,,,,,,,,,,,,,,,,,,,,,,,,,,,,,,,,,,,,,,,nan,,,,,,,,,,,,,,,
1186,2747.54150390625,0.027448607608675957,2.7448607608675957,11672.063817024231,10000,ppo,ppo,crawler,flat,thdot_dth_neighbours_plus_thdot_direct,,,,,,,,,,,,,,,0.0030165479340273907,0,781,0.0,0.0,,,,,,,,,,,,,,,,,,,,,,,,,,,,,,,,,,,,,,,,,,,,,,,,,,,,,,,,,,,,,,,,,,,,,,,,,,nan,,,,,,,,,,,,,,,
1187,2727.591064453125,0.027252070605754852,2.7252070605754852,11682.086864948273,10000,ppo,ppo,crawler,flat,thdot_dth_neighbours_plus_thdot_direct,,,,,,,,,,,,,,,0.0012894448074445713,0,781,0.0,0.0,,,,,,,,,,,,,,,,,,,,,,,,,,,,,,,,,,,,,,,,,,,,,,,,,,,,,,,,,,,,,,,,,,,,,,,,,,nan,,,,,,,,,,,,,,,
1188,2706.777099609375,0.02703881822526455,2.703881822526455,11692.095329284668,10000,ppo,ppo,crawler,flat,thdot_dth_neighbours_plus_thdot_direct,,,,,,,,,,,,,,,0.0021197101057788877,0,781,0.0,0.0,,,,,,,,,,,,,,,,,,,,,,,,,,,,,,,,,,,,,,,,,,,,,,,,,,,,,,,,,,,,,,,,,,,,,,,,,,nan,,,,,,,,,,,,,,,
1189,2741.762939453125,0.027389274910092354,2.7389274910092354,11701.864166736603,10000,ppo,ppo,crawler,flat,thdot_dth_neighbours_plus_thdot_direct,,,,,,,,,,,,,,,0.0015491688030493506,0,781,0.0,0.0,,,,,,,,,,,,,,,,,,,,,,,,,,,,,,,,,,,,,,,,,,,,,,,,,,,,,,,,,,,,,,,,,,,,,,,,,,nan,,,,,,,,,,,,,,,
1190,2672.384521484375,0.02669356018304825,2.669356018304825,11711.595288276672,10000,ppo,ppo,crawler,flat,thdot_dth_neighbours_plus_thdot_direct,,,,,,,,,,,,,,,0.0018148091101258695,0,781,0.0,0.0,,,,,,,,,,,,,,,,,,,,,,,,,,,,,,,,,,,,,,,,,,,,,,,,,,,,,,,,,,,,,,,,,,,,,,,,,,nan,,,,,,,,,,,,,,,
1191,2663.33154296875,0.02660772018134594,2.660772018134594,11721.180146694183,10000,ppo,ppo,crawler,flat,thdot_dth_neighbours_plus_thdot_direct,,,,,,,,,,,,,,,0.002055183619088028,0,781,0.0,0.0,,,,,,,,,,,,,,,,,,,,,,,,,,,,,,,,,,,,,,,,,,,,,,,,,,,,,,,,,,,,,,,,,,,,,,,,,,nan,,,,,,,,,,,,,,,
1192,2686.582763671875,0.026838429272174835,2.6838429272174835,11731.047618865967,10000,ppo,ppo,crawler,flat,thdot_dth_neighbours_plus_thdot_direct,,,,,,,,,,,,,,,0.0012586415277205903,0,781,0.0,0.0,,,,,,,,,,,,,,,,,,,,,,,,,,,,,,,,,,,,,,,,,,,,,,,,,,,,,,,,,,,,,,,,,,,,,,,,,,nan,,,,,,,,,,,,,,,
1193,2635.73779296875,0.026329083368182182,2.6329083368182182,11740.942407369614,10000,ppo,ppo,crawler,flat,thdot_dth_neighbours_plus_thdot_direct,,,,,,,,,,,,,,,0.001378013121864851,0,781,0.0,0.0,,,,,,,,,,,,,,,,,,,,,,,,,,,,,,,,,,,,,,,,,,,,,,,,,,,,,,,,,,,,,,,,,,,,,,,,,,nan,,,,,,,,,,,,,,,
1194,2684.481201171875,0.02681616134941578,2.681616134941578,11750.676466464996,10000,ppo,ppo,crawler,flat,thdot_dth_neighbours_plus_thdot_direct,,,,,,,,,,,,,,,0.0012777347858207136,0,781,0.0,0.0,,,,,,,,,,,,,,,,,,,,,,,,,,,,,,,,,,,,,,,,,,,,,,,,,,,,,,,,,,,,,,,,,,,,,,,,,,nan,,,,,,,,,,,,,,,
1195,2700.142333984375,0.026971593499183655,2.6971593499183655,11760.551377773285,10000,ppo,ppo,crawler,flat,thdot_dth_neighbours_plus_thdot_direct,,,,,,,,,,,,,,,0.001341441479823857,0,781,0.0,0.0,,,,,,,,,,,,,,,,,,,,,,,,,,,,,,,,,,,,,,,,,,,,,,,,,,,,,,,,,,,,,,,,,,,,,,,,,,nan,,,,,,,,,,,,,,,
1196,2647.080810546875,0.026441363617777824,2.6441363617777824,11770.529136657715,10000,ppo,ppo,crawler,flat,thdot_dth_neighbours_plus_thdot_direct,,,,,,,,,,,,,,,0.002117362021163129,0,781,0.0,0.0,,,,,,,,,,,,,,,,,,,,,,,,,,,,,,,,,,,,,,,,,,,,,,,,,,,,,,,,,,,,,,,,,,,,,,,,,,nan,,,,,,,,,,,,,,,
1197,2688.5234375,0.02685794048011303,2.685794048011303,11780.19967675209,10000,ppo,ppo,crawler,flat,thdot_dth_neighbours_plus_thdot_direct,,,,,,,,,,,,,,,0.0015904595335263349,0,781,0.0,0.0,,,,,,,,,,,,,,,,,,,,,,,,,,,,,,,,,,,,,,,,,,,,,,,,,,,,,,,,,,,,,,,,,,,,,,,,,,nan,,,,,,,,,,,,,,,
1198,2635.034912109375,0.02632288821041584,2.632288821041584,11789.74327993393,10000,ppo,ppo,crawler,flat,thdot_dth_neighbours_plus_thdot_direct,,,,,,,,,,,,,,,0.001331799135598544,0,781,0.0,0.0,,,,,,,,,,,,,,,,,,,,,,,,,,,,,,,,,,,,,,,,,,,,,,,,,,,,,,,,,,,,,,,,,,,,,,,,,,nan,,,,,,,,,,,,,,,
1199,2721.6923828125,0.02718869037926197,2.718869037926197,11799.488353729248,10000,ppo,ppo,crawler,flat,thdot_dth_neighbours_plus_thdot_direct,,,,,,,,,,,,,,,0.0012092987642520895,0,781,0.0,0.0,,,,,,,,,,,,,,,,,,,,,,,,,,,,,,,,,,,,,,,,,,,,,,,,,,,,,,,,,,,,,,,,,,,,,,,,,,nan,,,,,,,,,,,,,,,
1200,2703.2001953125,0.027005983516573906,2.7005983516573906,11809.184097528458,10000,ppo,ppo,crawler,flat,thdot_dth_neighbours_plus_thdot_direct,,,,,,,,,,,,,,,0.0024558747750672914,0,781,0.0,0.0,,,,,,,,,,,,,,,,,,,,,,,,,,,,,,,,,,,,,,,,,,,,,,,,,,,,,,,,,,,,,,,,,,,,,,,,,,nan,,,,,,,,,,,,,,,
1201,2714.517822265625,0.02711738832294941,2.711738832294941,11818.944379806519,10000,ppo,ppo,crawler,flat,thdot_dth_neighbours_plus_thdot_direct,,,,,,,,,,,,,,,0.0018614293017771232,0,781,0.0,0.0,,,,,,,,,,,,,,,,,,,,,,,,,,,,,,,,,,,,,,,,,,,,,,,,,,,,,,,,,,,,,,,,,,,,,,,,,,nan,,,,,,,,,,,,,,,
1202,2658.5185546875,0.026557130739092827,2.6557130739092827,11828.680948019028,10000,ppo,ppo,crawler,flat,thdot_dth_neighbours_plus_thdot_direct,,,,,,,,,,,,,,,0.0012474812559616622,0,781,0.0,0.0,,,,,,,,,,,,,,,,,,,,,,,,,,,,,,,,,,,,,,,,,,,,,,,,,,,,,,,,,,,,,,,,,,,,,,,,,,nan,,,,,,,,,,,,,,,
1203,2650.874755859375,0.026479894295334816,2.6479894295334816,11838.446635484695,10000,ppo,ppo,crawler,flat,thdot_dth_neighbours_plus_thdot_direct,,,,,,,,,,,,,,,0.001482716395056649,0,781,0.0,0.0,,,,,,,,,,,,,,,,,,,,,,,,,,,,,,,,,,,,,,,,,,,,,,,,,,,,,,,,,,,,,,,,,,,,,,,,,,nan,,,,,,,,,,,,,,,
1204,2618.65576171875,0.02616017684340477,2.616017684340477,11848.307174682617,10000,ppo,ppo,crawler,flat,thdot_dth_neighbours_plus_thdot_direct,,,,,,,,,,,,,,,0.002374042579067615,0,781,0.0,0.0,,,,,,,,,,,,,,,,,,,,,,,,,,,,,,,,,,,,,,,,,,,,,,,,,,,,,,,,,,,,,,,,,,,,,,,,,,nan,,,,,,,,,,,,,,,
1205,2794.216796875,0.027910243719816208,2.791024371981621,11858.000982761383,10000,ppo,ppo,crawler,flat,thdot_dth_neighbours_plus_thdot_direct,,,,,,,,,,,,,,,0.0023209090258300364,0,781,0.0,0.0,,,,,,,,,,,,,,,,,,,,,,,,,,,,,,,,,,,,,,,,,,,,,,,,,,,,,,,,,,,,,,,,,,,,,,,,,,nan,,,,,,,,,,,,,,,
1206,2799.403564453125,0.02796364016830921,2.796364016830921,11867.752053022385,10000,ppo,ppo,crawler,flat,thdot_dth_neighbours_plus_thdot_direct,,,,,,,,,,,,,,,0.0012864775354884163,0,781,0.0,0.0,,,,,,,,,,,,,,,,,,,,,,,,,,,,,,,,,,,,,,,,,,,,,,,,,,,,,,,,,,,,,,,,,,,,,,,,,,nan,,,,,,,,,,,,,,,
1207,2765.181396484375,0.0276254303753376,2.76254303753376,11877.546986818314,10000,ppo,ppo,crawler,flat,thdot_dth_neighbours_plus_thdot_direct,,,,,,,,,,,,,,,0.0016965230526074103,0,781,0.0,0.0,,,,,,,,,,,,,,,,,,,,,,,,,,,,,,,,,,,,,,,,,,,,,,,,,,,,,,,,,,,,,,,,,,,,,,,,,,nan,,,,,,,,,,,,,,,
1208,2776.70556640625,0.027736224234104156,2.7736224234104156,11887.163655996323,10000,ppo,ppo,crawler,flat,thdot_dth_neighbours_plus_thdot_direct,,,,,,,,,,,,,,,0.0028974914952818493,0,781,0.0,0.0,,,,,,,,,,,,,,,,,,,,,,,,,,,,,,,,,,,,,,,,,,,,,,,,,,,,,,,,,,,,,,,,,,,,,,,,,,nan,,,,,,,,,,,,,,,
1209,2778.6953125,0.027757981792092323,2.7757981792092323,11896.64295220375,10000,ppo,ppo,crawler,flat,thdot_dth_neighbours_plus_thdot_direct,,,,,,,,,,,,,,,0.002243276783061096,0,781,0.0,0.0,,,,,,,,,,,,,,,,,,,,,,,,,,,,,,,,,,,,,,,,,,,,,,,,,,,,,,,,,,,,,,,,,,,,,,,,,,nan,,,,,,,,,,,,,,,
1210,2743.408447265625,0.027407003566622734,2.7407003566622734,11906.527478456497,10000,ppo,ppo,crawler,flat,thdot_dth_neighbours_plus_thdot_direct,,,,,,,,,,,,,,,0.0023434229791246893,0,781,0.0,0.0,,,,,,,,,,,,,,,,,,,,,,,,,,,,,,,,,,,,,,,,,,,,,,,,,,,,,,,,,,,,,,,,,,,,,,,,,,nan,,,,,,,,,,,,,,,
1211,2837.800048828125,0.02834700234234333,2.834700234234333,11916.293205499649,10000,ppo,ppo,crawler,flat,thdot_dth_neighbours_plus_thdot_direct,,,,,,,,,,,,,,,0.0019262025155728257,0,781,0.0,0.0,,,,,,,,,,,,,,,,,,,,,,,,,,,,,,,,,,,,,,,,,,,,,,,,,,,,,,,,,,,,,,,,,,,,,,,,,,nan,,,,,,,,,,,,,,,
1212,2842.123779296875,0.02839280106127262,2.839280106127262,11926.239954948425,10000,ppo,ppo,crawler,flat,thdot_dth_neighbours_plus_thdot_direct,,,,,,,,,,,,,,,0.003198544198471114,0,781,0.0,0.0,,,,,,,,,,,,,,,,,,,,,,,,,,,,,,,,,,,,,,,,,,,,,,,,,,,,,,,,,,,,,,,,,,,,,,,,,,nan,,,,,,,,,,,,,,,
1213,2740.337646484375,0.02737160585820675,2.737160585820675,11936.129994869232,10000,ppo,ppo,crawler,flat,thdot_dth_neighbours_plus_thdot_direct,,,,,,,,,,,,,,,0.0021317706451591525,0,781,0.0,0.0,,,,,,,,,,,,,,,,,,,,,,,,,,,,,,,,,,,,,,,,,,,,,,,,,,,,,,,,,,,,,,,,,,,,,,,,,,nan,,,,,,,,,,,,,,,
1214,2767.950439453125,0.02765006013214588,2.765006013214588,11946.171812057495,10000,ppo,ppo,crawler,flat,thdot_dth_neighbours_plus_thdot_direct,,,,,,,,,,,,,,,0.0015514374624887638,0,781,0.0,0.0,,,,,,,,,,,,,,,,,,,,,,,,,,,,,,,,,,,,,,,,,,,,,,,,,,,,,,,,,,,,,,,,,,,,,,,,,,nan,,,,,,,,,,,,,,,
1215,2816.175537109375,0.028134487569332123,2.8134487569332123,11955.888170719147,10000,ppo,ppo,crawler,flat,thdot_dth_neighbours_plus_thdot_direct,,,,,,,,,,,,,,,0.002164454118415884,0,781,0.0,0.0,,,,,,,,,,,,,,,,,,,,,,,,,,,,,,,,,,,,,,,,,,,,,,,,,,,,,,,,,,,,,,,,,,,,,,,,,,nan,,,,,,,,,,,,,,,
1216,2773.3203125,0.02770189754664898,2.770189754664898,11965.787192106247,10000,ppo,ppo,crawler,flat,thdot_dth_neighbours_plus_thdot_direct,,,,,,,,,,,,,,,0.0013384245972680503,0,781,0.0,0.0,,,,,,,,,,,,,,,,,,,,,,,,,,,,,,,,,,,,,,,,,,,,,,,,,,,,,,,,,,,,,,,,,,,,,,,,,,nan,,,,,,,,,,,,,,,
1217,2775.78564453125,0.0277260672301054,2.77260672301054,11975.616619110107,10000,ppo,ppo,crawler,flat,thdot_dth_neighbours_plus_thdot_direct,,,,,,,,,,,,,,,0.0012245216388687256,0,781,0.0,0.0,,,,,,,,,,,,,,,,,,,,,,,,,,,,,,,,,,,,,,,,,,,,,,,,,,,,,,,,,,,,,,,,,,,,,,,,,,nan,,,,,,,,,,,,,,,
1218,2770.3154296875,0.027671867981553078,2.7671867981553078,11985.321514606476,10000,ppo,ppo,crawler,flat,thdot_dth_neighbours_plus_thdot_direct,,,,,,,,,,,,,,,0.0027352384233847262,0,781,0.0,0.0,,,,,,,,,,,,,,,,,,,,,,,,,,,,,,,,,,,,,,,,,,,,,,,,,,,,,,,,,,,,,,,,,,,,,,,,,,nan,,,,,,,,,,,,,,,
1219,2843.01416015625,0.028398042544722557,2.8398042544722557,11995.329535245895,10000,ppo,ppo,crawler,flat,thdot_dth_neighbours_plus_thdot_direct,,,,,,,,,,,,,,,0.0019930773119091467,0,781,0.0,0.0,,,,,,,,,,,,,,,,,,,,,,,,,,,,,,,,,,,,,,,,,,,,,,,,,,,,,,,,,,,,,,,,,,,,,,,,,,nan,,,,,,,,,,,,,,,
1220,2822.7451171875,0.028196312487125397,2.8196312487125397,12004.88337635994,10000,ppo,ppo,crawler,flat,thdot_dth_neighbours_plus_thdot_direct,,,,,,,,,,,,,,,0.0018459691945003198,0,781,0.0,0.0,,,,,,,,,,,,,,,,,,,,,,,,,,,,,,,,,,,,,,,,,,,,,,,,,,,,,,,,,,,,,,,,,,,,,,,,,,nan,,,,,,,,,,,,,,,
1221,2689.25830078125,0.02686408907175064,2.686408907175064,12014.505485773087,10000,ppo,ppo,crawler,flat,thdot_dth_neighbours_plus_thdot_direct,,,,,,,,,,,,,,,0.0020213329888553863,0,781,0.0,0.0,,,,,,,,,,,,,,,,,,,,,,,,,,,,,,,,,,,,,,,,,,,,,,,,,,,,,,,,,,,,,,,,,,,,,,,,,,nan,,,,,,,,,,,,,,,
1222,2761.302001953125,0.027583690360188484,2.7583690360188484,12024.214088916779,10000,ppo,ppo,crawler,flat,thdot_dth_neighbours_plus_thdot_direct,,,,,,,,,,,,,,,0.002522171861975073,0,781,0.0,0.0,,,,,,,,,,,,,,,,,,,,,,,,,,,,,,,,,,,,,,,,,,,,,,,,,,,,,,,,,,,,,,,,,,,,,,,,,,nan,,,,,,,,,,,,,,,
1223,2689.254638671875,0.026867156848311424,2.6867156848311424,12033.719498872757,10000,ppo,ppo,crawler,flat,thdot_dth_neighbours_plus_thdot_direct,,,,,,,,,,,,,,,0.0018952157303646323,0,781,0.0,0.0,,,,,,,,,,,,,,,,,,,,,,,,,,,,,,,,,,,,,,,,,,,,,,,,,,,,,,,,,,,,,,,,,,,,,,,,,,nan,,,,,,,,,,,,,,,
1224,2759.692626953125,0.027568388730287552,2.756838873028755,12043.73099064827,10000,ppo,ppo,crawler,flat,thdot_dth_neighbours_plus_thdot_direct,,,,,,,,,,,,,,,0.0016609212729172993,0,781,0.0,0.0,,,,,,,,,,,,,,,,,,,,,,,,,,,,,,,,,,,,,,,,,,,,,,,,,,,,,,,,,,,,,,,,,,,,,,,,,,nan,,,,,,,,,,,,,,,
1225,2656.030029296875,0.02653549052774906,2.653549052774906,12053.298637151718,10000,ppo,ppo,crawler,flat,thdot_dth_neighbours_plus_thdot_direct,,,,,,,,,,,,,,,0.00197823289571775,0,781,0.0,0.0,,,,,,,,,,,,,,,,,,,,,,,,,,,,,,,,,,,,,,,,,,,,,,,,,,,,,,,,,,,,,,,,,,,,,,,,,,nan,,,,,,,,,,,,,,,
1226,2841.916748046875,0.02838902175426483,2.838902175426483,12062.988191127777,10000,ppo,ppo,crawler,flat,thdot_dth_neighbours_plus_thdot_direct,,,,,,,,,,,,,,,0.0019129680982242461,0,781,0.0,0.0,,,,,,,,,,,,,,,,,,,,,,,,,,,,,,,,,,,,,,,,,,,,,,,,,,,,,,,,,,,,,,,,,,,,,,,,,,nan,,,,,,,,,,,,,,,
1227,2757.56103515625,0.027542924508452415,2.7542924508452415,12072.905147790909,10000,ppo,ppo,crawler,flat,thdot_dth_neighbours_plus_thdot_direct,,,,,,,,,,,,,,,0.0008693180713533915,0,781,0.0,0.0,,,,,,,,,,,,,,,,,,,,,,,,,,,,,,,,,,,,,,,,,,,,,,,,,,,,,,,,,,,,,,,,,,,,,,,,,,nan,,,,,,,,,,,,,,,
1228,2830.727294921875,0.028279192745685577,2.8279192745685577,12082.419636964798,10000,ppo,ppo,crawler,flat,thdot_dth_neighbours_plus_thdot_direct,,,,,,,,,,,,,,,0.001675272455435026,0,781,0.0,0.0,,,,,,,,,,,,,,,,,,,,,,,,,,,,,,,,,,,,,,,,,,,,,,,,,,,,,,,,,,,,,,,,,,,,,,,,,,nan,,,,,,,,,,,,,,,
1229,2680.21923828125,0.026772355660796165,2.6772355660796165,12092.379724025726,10000,ppo,ppo,crawler,flat,thdot_dth_neighbours_plus_thdot_direct,,,,,,,,,,,,,,,0.0022934690042966882,0,781,0.0,0.0,,,,,,,,,,,,,,,,,,,,,,,,,,,,,,,,,,,,,,,,,,,,,,,,,,,,,,,,,,,,,,,,,,,,,,,,,,nan,,,,,,,,,,,,,,,
1230,2790.520263671875,0.02787221036851406,2.787221036851406,12101.89408826828,10000,ppo,ppo,crawler,flat,thdot_dth_neighbours_plus_thdot_direct,,,,,,,,,,,,,,,0.0016483107667597478,0,781,0.0,0.0,,,,,,,,,,,,,,,,,,,,,,,,,,,,,,,,,,,,,,,,,,,,,,,,,,,,,,,,,,,,,,,,,,,,,,,,,,nan,,,,,,,,,,,,,,,
1231,2881.071044921875,0.02878088317811489,2.878088317811489,12111.63045167923,10000,ppo,ppo,crawler,flat,thdot_dth_neighbours_plus_thdot_direct,,,,,,,,,,,,,,,0.0012982115083527595,0,781,0.0,0.0,,,,,,,,,,,,,,,,,,,,,,,,,,,,,,,,,,,,,,,,,,,,,,,,,,,,,,,,,,,,,,,,,,,,,,,,,,nan,,,,,,,,,,,,,,,
1232,2791.828125,0.027887312695384026,2.7887312695384026,12121.370242357254,10000,ppo,ppo,crawler,flat,thdot_dth_neighbours_plus_thdot_direct,,,,,,,,,,,,,,,0.0017405798517447202,0,781,0.0,0.0,,,,,,,,,,,,,,,,,,,,,,,,,,,,,,,,,,,,,,,,,,,,,,,,,,,,,,,,,,,,,,,,,,,,,,,,,,nan,,,,,,,,,,,,,,,
1233,2780.21337890625,0.027771608904004097,2.7771608904004097,12130.905359268188,10000,ppo,ppo,crawler,flat,thdot_dth_neighbours_plus_thdot_direct,,,,,,,,,,,,,,,0.002544230456986464,0,781,0.0,0.0,,,,,,,,,,,,,,,,,,,,,,,,,,,,,,,,,,,,,,,,,,,,,,,,,,,,,,,,,,,,,,,,,,,,,,,,,,nan,,,,,,,,,,,,,,,
1234,2699.072021484375,0.0269593708217144,2.69593708217144,12140.918922901154,10000,ppo,ppo,crawler,flat,thdot_dth_neighbours_plus_thdot_direct,,,,,,,,,,,,,,,0.0019231161042512941,0,781,0.0,0.0,,,,,,,,,,,,,,,,,,,,,,,,,,,,,,,,,,,,,,,,,,,,,,,,,,,,,,,,,,,,,,,,,,,,,,,,,,nan,,,,,,,,,,,,,,,
1235,2859.43994140625,0.028565285727381706,2.8565285727381706,12150.358860731125,10000,ppo,ppo,crawler,flat,thdot_dth_neighbours_plus_thdot_direct,,,,,,,,,,,,,,,0.0021146103526079154,0,781,0.0,0.0,,,,,,,,,,,,,,,,,,,,,,,,,,,,,,,,,,,,,,,,,,,,,,,,,,,,,,,,,,,,,,,,,,,,,,,,,,nan,,,,,,,,,,,,,,,
1236,2717.29541015625,0.027140989899635315,2.7140989899635315,12160.308407783508,10000,ppo,ppo,crawler,flat,thdot_dth_neighbours_plus_thdot_direct,,,,,,,,,,,,,,,0.0021142990103994175,0,781,0.0,0.0,,,,,,,,,,,,,,,,,,,,,,,,,,,,,,,,,,,,,,,,,,,,,,,,,,,,,,,,,,,,,,,,,,,,,,,,,,nan,,,,,,,,,,,,,,,
1237,2876.698486328125,0.028735222294926643,2.8735222294926643,12169.937140703201,10000,ppo,ppo,crawler,flat,thdot_dth_neighbours_plus_thdot_direct,,,,,,,,,,,,,,,0.0017577211729952896,0,781,0.0,0.0,,,,,,,,,,,,,,,,,,,,,,,,,,,,,,,,,,,,,,,,,,,,,,,,,,,,,,,,,,,,,,,,,,,,,,,,,,nan,,,,,,,,,,,,,,,
1238,2870.99365234375,0.02868049591779709,2.868049591779709,12179.406484127045,10000,ppo,ppo,crawler,flat,thdot_dth_neighbours_plus_thdot_direct,,,,,,,,,,,,,,,0.001465705270770735,0,781,0.0,0.0,,,,,,,,,,,,,,,,,,,,,,,,,,,,,,,,,,,,,,,,,,,,,,,,,,,,,,,,,,,,,,,,,,,,,,,,,,nan,,,,,,,,,,,,,,,
1239,2675.268310546875,0.026725010946393013,2.6725010946393013,12189.516287088394,10000,ppo,ppo,crawler,flat,thdot_dth_neighbours_plus_thdot_direct,,,,,,,,,,,,,,,0.0023359458350016033,0,781,0.0,0.0,,,,,,,,,,,,,,,,,,,,,,,,,,,,,,,,,,,,,,,,,,,,,,,,,,,,,,,,,,,,,,,,,,,,,,,,,,nan,,,,,,,,,,,,,,,
1240,2736.318115234375,0.027332769706845284,2.7332769706845284,12199.107382059097,10000,ppo,ppo,crawler,flat,thdot_dth_neighbours_plus_thdot_direct,,,,,,,,,,,,,,,0.0022313018176359964,0,781,0.0,0.0,,,,,,,,,,,,,,,,,,,,,,,,,,,,,,,,,,,,,,,,,,,,,,,,,,,,,,,,,,,,,,,,,,,,,,,,,,nan,,,,,,,,,,,,,,,
1241,2761.12353515625,0.02758031152188778,2.758031152188778,12209.092039108276,10000,ppo,ppo,crawler,flat,thdot_dth_neighbours_plus_thdot_direct,,,,,,,,,,,,,,,0.0015844260849162577,0,781,0.0,0.0,,,,,,,,,,,,,,,,,,,,,,,,,,,,,,,,,,,,,,,,,,,,,,,,,,,,,,,,,,,,,,,,,,,,,,,,,,nan,,,,,,,,,,,,,,,
1242,2645.800537109375,0.02643175981938839,2.643175981938839,12218.871732711792,10000,ppo,ppo,crawler,flat,thdot_dth_neighbours_plus_thdot_direct,,,,,,,,,,,,,,,0.0013686472235701916,0,781,0.0,0.0,,,,,,,,,,,,,,,,,,,,,,,,,,,,,,,,,,,,,,,,,,,,,,,,,,,,,,,,,,,,,,,,,,,,,,,,,,nan,,,,,,,,,,,,,,,
1243,2748.53173828125,0.027452239766716957,2.7452239766716957,12228.463598489761,10000,ppo,ppo,crawler,flat,thdot_dth_neighbours_plus_thdot_direct,,,,,,,,,,,,,,,0.0009801920012986755,0,781,0.0,0.0,,,,,,,,,,,,,,,,,,,,,,,,,,,,,,,,,,,,,,,,,,,,,,,,,,,,,,,,,,,,,,,,,,,,,,,,,,nan,,,,,,,,,,,,,,,
1244,2786.079345703125,0.027832848951220512,2.7832848951220512,12238.351778745651,10000,ppo,ppo,crawler,flat,thdot_dth_neighbours_plus_thdot_direct,,,,,,,,,,,,,,,0.0033465158187426986,0,781,0.0,0.0,,,,,,,,,,,,,,,,,,,,,,,,,,,,,,,,,,,,,,,,,,,,,,,,,,,,,,,,,,,,,,,,,,,,,,,,,,nan,,,,,,,,,,,,,,,
1245,2756.31494140625,0.027534637600183487,2.7534637600183487,12247.746304035187,10000,ppo,ppo,crawler,flat,thdot_dth_neighbours_plus_thdot_direct,,,,,,,,,,,,,,,0.0015378280721799478,0,781,0.0,0.0,,,,,,,,,,,,,,,,,,,,,,,,,,,,,,,,,,,,,,,,,,,,,,,,,,,,,,,,,,,,,,,,,,,,,,,,,,nan,,,,,,,,,,,,,,,
1246,2672.405029296875,0.026695769280195236,2.6695769280195236,12257.72687625885,10000,ppo,ppo,crawler,flat,thdot_dth_neighbours_plus_thdot_direct,,,,,,,,,,,,,,,0.0019868219736702657,0,781,0.0,0.0,,,,,,,,,,,,,,,,,,,,,,,,,,,,,,,,,,,,,,,,,,,,,,,,,,,,,,,,,,,,,,,,,,,,,,,,,,nan,,,,,,,,,,,,,,,
1247,2715.394287109375,0.027124352753162384,2.7124352753162384,12267.51679611206,10000,ppo,ppo,crawler,flat,thdot_dth_neighbours_plus_thdot_direct,,,,,,,,,,,,,,,0.0016370938298696134,0,781,0.0,0.0,,,,,,,,,,,,,,,,,,,,,,,,,,,,,,,,,,,,,,,,,,,,,,,,,,,,,,,,,,,,,,,,,,,,,,,,,,nan,,,,,,,,,,,,,,,
1248,2804.571044921875,0.028017990291118622,2.801799029111862,12276.944232702255,10000,ppo,ppo,crawler,flat,thdot_dth_neighbours_plus_thdot_direct,,,,,,,,,,,,,,,0.002123741964079644,0,781,0.0,0.0,,,,,,,,,,,,,,,,,,,,,,,,,,,,,,,,,,,,,,,,,,,,,,,,,,,,,,,,,,,,,,,,,,,,,,,,,,nan,,,,,,,,,,,,,,,
1249,2643.677490234375,0.026410778984427452,2.641077898442745,12287.050853967667,10000,ppo,ppo,crawler,flat,thdot_dth_neighbours_plus_thdot_direct,,,,,,,,,,,,,,,0.0014612823050882166,0,781,0.0,0.0,,,,,,,,,,,,,,,,,,,,,,,,,,,,,,,,,,,,,,,,,,,,,,,,,,,,,,,,,,,,,,,,,,,,,,,,,,nan,,,,,,,,,,,,,,,
1250,2786.651123046875,0.027837136760354042,2.783713676035404,12296.54246020317,10000,ppo,ppo,crawler,flat,thdot_dth_neighbours_plus_thdot_direct,,,,,,,,,,,,,,,0.001918700939055042,0,781,0.0,0.0,,,,,,,,,,,,,,,,,,,,,,,,,,,,,,,,,,,,,,,,,,,,,,,,,,,,,,,,,,,,,,,,,,,,,,,,,,nan,,,,,,,,,,,,,,,
1251,2693.982421875,0.026908110827207565,2.6908110827207565,12306.392346143723,10000,ppo,ppo,crawler,flat,thdot_dth_neighbours_plus_thdot_direct,,,,,,,,,,,,,,,0.002443533703200383,0,781,0.0,0.0,,,,,,,,,,,,,,,,,,,,,,,,,,,,,,,,,,,,,,,,,,,,,,,,,,,,,,,,,,,,,,,,,,,,,,,,,,nan,,,,,,,,,,,,,,,
1252,2710.056640625,0.02707419916987419,2.707419916987419,12316.369033575058,10000,ppo,ppo,crawler,flat,thdot_dth_neighbours_plus_thdot_direct,,,,,,,,,,,,,,,0.001264636744450963,0,781,0.0,0.0,,,,,,,,,,,,,,,,,,,,,,,,,,,,,,,,,,,,,,,,,,,,,,,,,,,,,,,,,,,,,,,,,,,,,,,,,,nan,,,,,,,,,,,,,,,
1253,2739.27490234375,0.02736736088991165,2.736736088991165,12325.848399162292,10000,ppo,ppo,crawler,flat,thdot_dth_neighbours_plus_thdot_direct,,,,,,,,,,,,,,,0.001631175779415182,0,781,0.0,0.0,,,,,,,,,,,,,,,,,,,,,,,,,,,,,,,,,,,,,,,,,,,,,,,,,,,,,,,,,,,,,,,,,,,,,,,,,,nan,,,,,,,,,,,,,,,
1254,2681.4501953125,0.02678903378546238,2.678903378546238,12336.151670455933,10000,ppo,ppo,crawler,flat,thdot_dth_neighbours_plus_thdot_direct,,,,,,,,,,,,,,,0.0016646636097403084,0,781,0.0,0.0,,,,,,,,,,,,,,,,,,,,,,,,,,,,,,,,,,,,,,,,,,,,,,,,,,,,,,,,,,,,,,,,,,,,,,,,,,nan,,,,,,,,,,,,,,,
1255,2715.41259765625,0.02712376043200493,2.712376043200493,12345.489802837372,10000,ppo,ppo,crawler,flat,thdot_dth_neighbours_plus_thdot_direct,,,,,,,,,,,,,,,0.0018657595702153299,0,781,0.0,0.0,,,,,,,,,,,,,,,,,,,,,,,,,,,,,,,,,,,,,,,,,,,,,,,,,,,,,,,,,,,,,,,,,,,,,,,,,,nan,,,,,,,,,,,,,,,
1256,2698.337158203125,0.02695602923631668,2.695602923631668,12355.333893299103,10000,ppo,ppo,crawler,flat,thdot_dth_neighbours_plus_thdot_direct,,,,,,,,,,,,,,,0.002095562581119789,0,781,0.0,0.0,,,,,,,,,,,,,,,,,,,,,,,,,,,,,,,,,,,,,,,,,,,,,,,,,,,,,,,,,,,,,,,,,,,,,,,,,,nan,,,,,,,,,,,,,,,
1257,2764.390380859375,0.02761063165962696,2.761063165962696,12365.301882266998,10000,ppo,ppo,crawler,flat,thdot_dth_neighbours_plus_thdot_direct,,,,,,,,,,,,,,,0.0012882414551475283,0,781,0.0,0.0,,,,,,,,,,,,,,,,,,,,,,,,,,,,,,,,,,,,,,,,,,,,,,,,,,,,,,,,,,,,,,,,,,,,,,,,,,nan,,,,,,,,,,,,,,,
1258,2693.286865234375,0.026903914287686348,2.690391428768635,12374.892601251602,10000,ppo,ppo,crawler,flat,thdot_dth_neighbours_plus_thdot_direct,,,,,,,,,,,,,,,0.0013878728231708959,0,781,0.0,0.0,,,,,,,,,,,,,,,,,,,,,,,,,,,,,,,,,,,,,,,,,,,,,,,,,,,,,,,,,,,,,,,,,,,,,,,,,,nan,,,,,,,,,,,,,,,
1259,2752.74560546875,0.027495549991726875,2.7495549991726875,12384.446013689041,10000,ppo,ppo,crawler,flat,thdot_dth_neighbours_plus_thdot_direct,,,,,,,,,,,,,,,0.001965203764808351,0,781,0.0,0.0,,,,,,,,,,,,,,,,,,,,,,,,,,,,,,,,,,,,,,,,,,,,,,,,,,,,,,,,,,,,,,,,,,,,,,,,,,nan,,,,,,,,,,,,,,,
1260,2727.362060546875,0.02724290080368519,2.724290080368519,12394.748465776443,10000,ppo,ppo,crawler,flat,thdot_dth_neighbours_plus_thdot_direct,,,,,,,,,,,,,,,0.002589202571343153,0,781,0.0,0.0,,,,,,,,,,,,,,,,,,,,,,,,,,,,,,,,,,,,,,,,,,,,,,,,,,,,,,,,,,,,,,,,,,,,,,,,,,nan,,,,,,,,,,,,,,,
1261,2821.988037109375,0.02819063700735569,2.819063700735569,12404.423697710037,10000,ppo,ppo,crawler,flat,thdot_dth_neighbours_plus_thdot_direct,,,,,,,,,,,,,,,0.002604012258745894,0,781,0.0,0.0,,,,,,,,,,,,,,,,,,,,,,,,,,,,,,,,,,,,,,,,,,,,,,,,,,,,,,,,,,,,,,,,,,,,,,,,,,nan,,,,,,,,,,,,,,,
1262,2632.87158203125,0.026298845186829567,2.6298845186829567,12414.757550954819,10000,ppo,ppo,crawler,flat,thdot_dth_neighbours_plus_thdot_direct,,,,,,,,,,,,,,,0.0013487262344999236,0,781,0.0,0.0,,,,,,,,,,,,,,,,,,,,,,,,,,,,,,,,,,,,,,,,,,,,,,,,,,,,,,,,,,,,,,,,,,,,,,,,,,nan,,,,,,,,,,,,,,,
1263,2630.24658203125,0.026275143027305603,2.6275143027305603,12424.498849391937,10000,ppo,ppo,crawler,flat,thdot_dth_neighbours_plus_thdot_direct,,,,,,,,,,,,,,,0.0011698374183433992,0,781,0.0,0.0,,,,,,,,,,,,,,,,,,,,,,,,,,,,,,,,,,,,,,,,,,,,,,,,,,,,,,,,,,,,,,,,,,,,,,,,,,nan,,,,,,,,,,,,,,,
1264,2785.746337890625,0.02782999724149704,2.782999724149704,12434.387974500656,10000,ppo,ppo,crawler,flat,thdot_dth_neighbours_plus_thdot_direct,,,,,,,,,,,,,,,0.002246860740883449,0,781,0.0,0.0,,,,,,,,,,,,,,,,,,,,,,,,,,,,,,,,,,,,,,,,,,,,,,,,,,,,,,,,,,,,,,,,,,,,,,,,,,nan,,,,,,,,,,,,,,,
1265,2699.186767578125,0.026964031159877777,2.6964031159877777,12444.680275678635,10000,ppo,ppo,crawler,flat,thdot_dth_neighbours_plus_thdot_direct,,,,,,,,,,,,,,,0.0033055003823881427,0,781,0.0,0.0,,,,,,,,,,,,,,,,,,,,,,,,,,,,,,,,,,,,,,,,,,,,,,,,,,,,,,,,,,,,,,,,,,,,,,,,,,nan,,,,,,,,,,,,,,,
1266,2728.708984375,0.027255645021796227,2.7255645021796227,12455.33982515335,10000,ppo,ppo,crawler,flat,thdot_dth_neighbours_plus_thdot_direct,,,,,,,,,,,,,,,0.0024907947602115037,0,781,0.0,0.0,,,,,,,,,,,,,,,,,,,,,,,,,,,,,,,,,,,,,,,,,,,,,,,,,,,,,,,,,,,,,,,,,,,,,,,,,,nan,,,,,,,,,,,,,,,
1267,2758.201904296875,0.027552470564842224,2.7552470564842224,12465.669526338577,10000,ppo,ppo,crawler,flat,thdot_dth_neighbours_plus_thdot_direct,,,,,,,,,,,,,,,0.0017653995121768992,0,781,0.0,0.0,,,,,,,,,,,,,,,,,,,,,,,,,,,,,,,,,,,,,,,,,,,,,,,,,,,,,,,,,,,,,,,,,,,,,,,,,,nan,,,,,,,,,,,,,,,
1268,2756.254150390625,0.027534788474440575,2.7534788474440575,12476.709153175354,10000,ppo,ppo,crawler,flat,thdot_dth_neighbours_plus_thdot_direct,,,,,,,,,,,,,,,0.0014638134535649703,0,781,0.0,0.0,,,,,,,,,,,,,,,,,,,,,,,,,,,,,,,,,,,,,,,,,,,,,,,,,,,,,,,,,,,,,,,,,,,,,,,,,,nan,,,,,,,,,,,,,,,
1269,2889.445068359375,0.028867602348327637,2.8867602348327637,12486.733173370361,10000,ppo,ppo,crawler,flat,thdot_dth_neighbours_plus_thdot_direct,,,,,,,,,,,,,,,0.0011318813921703127,0,781,0.0,0.0,,,,,,,,,,,,,,,,,,,,,,,,,,,,,,,,,,,,,,,,,,,,,,,,,,,,,,,,,,,,,,,,,,,,,,,,,,nan,,,,,,,,,,,,,,,
1270,2767.281982421875,0.027642082422971725,2.7642082422971725,12496.786115169525,10000,ppo,ppo,crawler,flat,thdot_dth_neighbours_plus_thdot_direct,,,,,,,,,,,,,,,0.001250383823272822,0,781,0.0,0.0,,,,,,,,,,,,,,,,,,,,,,,,,,,,,,,,,,,,,,,,,,,,,,,,,,,,,,,,,,,,,,,,,,,,,,,,,,nan,,,,,,,,,,,,,,,
1271,2719.8837890625,0.027166323736310005,2.7166323736310005,12506.393077135086,10000,ppo,ppo,crawler,flat,thdot_dth_neighbours_plus_thdot_direct,,,,,,,,,,,,,,,0.0009962143797142937,0,781,0.0,0.0,,,,,,,,,,,,,,,,,,,,,,,,,,,,,,,,,,,,,,,,,,,,,,,,,,,,,,,,,,,,,,,,,,,,,,,,,,nan,,,,,,,,,,,,,,,
1272,2809.66943359375,0.028066502884030342,2.806650288403034,12515.833163261414,10000,ppo,ppo,crawler,flat,thdot_dth_neighbours_plus_thdot_direct,,,,,,,,,,,,,,,0.0026789903415946996,0,781,0.0,0.0,,,,,,,,,,,,,,,,,,,,,,,,,,,,,,,,,,,,,,,,,,,,,,,,,,,,,,,,,,,,,,,,,,,,,,,,,,nan,,,,,,,,,,,,,,,
1273,2757.573974609375,0.027547268196940422,2.754726819694042,12525.922211170197,10000,ppo,ppo,crawler,flat,thdot_dth_neighbours_plus_thdot_direct,,,,,,,,,,,,,,,0.0016582763798592267,0,781,0.0,0.0,,,,,,,,,,,,,,,,,,,,,,,,,,,,,,,,,,,,,,,,,,,,,,,,,,,,,,,,,,,,,,,,,,,,,,,,,,nan,,,,,,,,,,,,,,,
1274,2717.793701171875,0.027146829292178154,2.7146829292178154,12535.76075053215,10000,ppo,ppo,crawler,flat,thdot_dth_neighbours_plus_thdot_direct,,,,,,,,,,,,,,,0.0011531144283182444,0,781,0.0,0.0,,,,,,,,,,,,,,,,,,,,,,,,,,,,,,,,,,,,,,,,,,,,,,,,,,,,,,,,,,,,,,,,,,,,,,,,,,nan,,,,,,,,,,,,,,,
1275,2768.249755859375,0.027653062716126442,2.765306271612644,12544.665310144424,10000,ppo,ppo,crawler,flat,thdot_dth_neighbours_plus_thdot_direct,,,,,,,,,,,,,,,0.0013411273359240081,0,781,0.0,0.0,,,,,,,,,,,,,,,,,,,,,,,,,,,,,,,,,,,,,,,,,,,,,,,,,,,,,,,,,,,,,,,,,,,,,,,,,,nan,,,,,,,,,,,,,,,
1276,2735.205078125,0.0273271594196558,2.73271594196558,12553.261035203934,10000,ppo,ppo,crawler,flat,thdot_dth_neighbours_plus_thdot_direct,,,,,,,,,,,,,,,0.0016297379272871416,0,781,0.0,0.0,,,,,,,,,,,,,,,,,,,,,,,,,,,,,,,,,,,,,,,,,,,,,,,,,,,,,,,,,,,,,,,,,,,,,,,,,,nan,,,,,,,,,,,,,,,
1277,2694.16748046875,0.026914168149232864,2.6914168149232864,12562.173873186111,10000,ppo,ppo,crawler,flat,thdot_dth_neighbours_plus_thdot_direct,,,,,,,,,,,,,,,0.002162361741129376,0,781,0.0,0.0,,,,,,,,,,,,,,,,,,,,,,,,,,,,,,,,,,,,,,,,,,,,,,,,,,,,,,,,,,,,,,,,,,,,,,,,,,nan,,,,,,,,,,,,,,,
1278,2650.036865234375,0.0264741200953722,2.64741200953722,12571.721095085144,10000,ppo,ppo,crawler,flat,thdot_dth_neighbours_plus_thdot_direct,,,,,,,,,,,,,,,0.0013741246363976774,0,781,0.0,0.0,,,,,,,,,,,,,,,,,,,,,,,,,,,,,,,,,,,,,,,,,,,,,,,,,,,,,,,,,,,,,,,,,,,,,,,,,,nan,,,,,,,,,,,,,,,
1279,2810.2197265625,0.028075681999325752,2.8075681999325752,12581.27812576294,10000,ppo,ppo,crawler,flat,thdot_dth_neighbours_plus_thdot_direct,,,,,,,,,,,,,,,0.002238971501517132,0,781,0.0,0.0,,,,,,,,,,,,,,,,,,,,,,,,,,,,,,,,,,,,,,,,,,,,,,,,,,,,,,,,,,,,,,,,,,,,,,,,,,nan,,,,,,,,,,,,,,,
1280,2688.614990234375,0.026861196383833885,2.6861196383833885,12591.040534257889,10000,ppo,ppo,crawler,flat,thdot_dth_neighbours_plus_thdot_direct,,,,,,,,,,,,,,,0.002814237277013569,0,781,0.0,0.0,,,,,,,,,,,,,,,,,,,,,,,,,,,,,,,,,,,,,,,,,,,,,,,,,,,,,,,,,,,,,,,,,,,,,,,,,,nan,,,,,,,,,,,,,,,
1281,2775.727294921875,0.027730675414204597,2.7730675414204597,12600.149481534958,10000,ppo,ppo,crawler,flat,thdot_dth_neighbours_plus_thdot_direct,,,,,,,,,,,,,,,0.0010278242772605614,0,781,0.0,0.0,,,,,,,,,,,,,,,,,,,,,,,,,,,,,,,,,,,,,,,,,,,,,,,,,,,,,,,,,,,,,,,,,,,,,,,,,,nan,,,,,,,,,,,,,,,
1282,2711.705078125,0.02708769403398037,2.708769403398037,12609.983330011368,10000,ppo,ppo,crawler,flat,thdot_dth_neighbours_plus_thdot_direct,,,,,,,,,,,,,,,0.003198929070076841,0,781,0.0,0.0,,,,,,,,,,,,,,,,,,,,,,,,,,,,,,,,,,,,,,,,,,,,,,,,,,,,,,,,,,,,,,,,,,,,,,,,,,nan,,,,,,,,,,,,,,,
1283,2759.629638671875,0.027569936588406563,2.7569936588406563,12619.948640346527,10000,ppo,ppo,crawler,flat,thdot_dth_neighbours_plus_thdot_direct,,,,,,,,,,,,,,,0.0020678077381931213,0,781,0.0,0.0,,,,,,,,,,,,,,,,,,,,,,,,,,,,,,,,,,,,,,,,,,,,,,,,,,,,,,,,,,,,,,,,,,,,,,,,,,nan,,,,,,,,,,,,,,,
1284,2706.243408203125,0.027037212625145912,2.703721262514591,12628.983373641968,10000,ppo,ppo,crawler,flat,thdot_dth_neighbours_plus_thdot_direct,,,,,,,,,,,,,,,0.0013046581990796145,0,781,0.0,0.0,,,,,,,,,,,,,,,,,,,,,,,,,,,,,,,,,,,,,,,,,,,,,,,,,,,,,,,,,,,,,,,,,,,,,,,,,,nan,,,,,,,,,,,,,,,
1285,2676.604248046875,0.026736443862318993,2.6736443862318993,12638.417415857315,10000,ppo,ppo,crawler,flat,thdot_dth_neighbours_plus_thdot_direct,,,,,,,,,,,,,,,0.002512358249931986,0,781,0.0,0.0,,,,,,,,,,,,,,,,,,,,,,,,,,,,,,,,,,,,,,,,,,,,,,,,,,,,,,,,,,,,,,,,,,,,,,,,,,nan,,,,,,,,,,,,,,,
1286,2707.372314453125,0.027048727497458458,2.704872749745846,12647.951401948929,10000,ppo,ppo,crawler,flat,thdot_dth_neighbours_plus_thdot_direct,,,,,,,,,,,,,,,0.0023779965329649875,0,781,0.0,0.0,,,,,,,,,,,,,,,,,,,,,,,,,,,,,,,,,,,,,,,,,,,,,,,,,,,,,,,,,,,,,,,,,,,,,,,,,,nan,,,,,,,,,,,,,,,
1287,2655.796630859375,0.02653180994093418,2.653180994093418,12657.719465494156,10000,ppo,ppo,crawler,flat,thdot_dth_neighbours_plus_thdot_direct,,,,,,,,,,,,,,,0.0021463261001807834,0,781,0.0,0.0,,,,,,,,,,,,,,,,,,,,,,,,,,,,,,,,,,,,,,,,,,,,,,,,,,,,,,,,,,,,,,,,,,,,,,,,,,nan,,,,,,,,,,,,,,,
1288,2802.390380859375,0.027994688600301743,2.7994688600301743,12667.540526151657,10000,ppo,ppo,crawler,flat,thdot_dth_neighbours_plus_thdot_direct,,,,,,,,,,,,,,,0.0015216709458719226,0,781,0.0,0.0,,,,,,,,,,,,,,,,,,,,,,,,,,,,,,,,,,,,,,,,,,,,,,,,,,,,,,,,,,,,,,,,,,,,,,,,,,nan,,,,,,,,,,,,,,,
1289,2676.623291015625,0.026739036664366722,2.673903666436672,12677.178045511246,10000,ppo,ppo,crawler,flat,thdot_dth_neighbours_plus_thdot_direct,,,,,,,,,,,,,,,0.0014330425388385049,0,781,0.0,0.0,,,,,,,,,,,,,,,,,,,,,,,,,,,,,,,,,,,,,,,,,,,,,,,,,,,,,,,,,,,,,,,,,,,,,,,,,,nan,,,,,,,,,,,,,,,
1290,2642.440673828125,0.026396621018648148,2.6396621018648148,12686.835400104523,10000,ppo,ppo,crawler,flat,thdot_dth_neighbours_plus_thdot_direct,,,,,,,,,,,,,,,0.0014620260300173293,0,781,0.0,0.0,,,,,,,,,,,,,,,,,,,,,,,,,,,,,,,,,,,,,,,,,,,,,,,,,,,,,,,,,,,,,,,,,,,,,,,,,,nan,,,,,,,,,,,,,,,
1291,2835.386474609375,0.028326647356152534,2.8326647356152534,12696.233246564865,10000,ppo,ppo,crawler,flat,thdot_dth_neighbours_plus_thdot_direct,,,,,,,,,,,,,,,0.002475165798792425,0,781,0.0,0.0,,,,,,,,,,,,,,,,,,,,,,,,,,,,,,,,,,,,,,,,,,,,,,,,,,,,,,,,,,,,,,,,,,,,,,,,,,nan,,,,,,,,,,,,,,,
1292,2765.811279296875,0.027630679309368134,2.7630679309368134,12705.53542637825,10000,ppo,ppo,crawler,flat,thdot_dth_neighbours_plus_thdot_direct,,,,,,,,,,,,,,,0.0013006456309029581,0,781,0.0,0.0,,,,,,,,,,,,,,,,,,,,,,,,,,,,,,,,,,,,,,,,,,,,,,,,,,,,,,,,,,,,,,,,,,,,,,,,,,nan,,,,,,,,,,,,,,,
1293,2683.817138671875,0.026809941977262497,2.6809941977262497,12714.796972036362,10000,ppo,ppo,crawler,flat,thdot_dth_neighbours_plus_thdot_direct,,,,,,,,,,,,,,,0.0013824112741527787,0,781,0.0,0.0,,,,,,,,,,,,,,,,,,,,,,,,,,,,,,,,,,,,,,,,,,,,,,,,,,,,,,,,,,,,,,,,,,,,,,,,,,nan,,,,,,,,,,,,,,,
1294,2813.95166015625,0.02811206877231598,2.811206877231598,12723.87349319458,10000,ppo,ppo,crawler,flat,thdot_dth_neighbours_plus_thdot_direct,,,,,,,,,,,,,,,0.0013413191432559888,0,781,0.0,0.0,,,,,,,,,,,,,,,,,,,,,,,,,,,,,,,,,,,,,,,,,,,,,,,,,,,,,,,,,,,,,,,,,,,,,,,,,,nan,,,,,,,,,,,,,,,
1295,2849.09765625,0.02846061997115612,2.846061997115612,12732.995385885239,10000,ppo,ppo,crawler,flat,thdot_dth_neighbours_plus_thdot_direct,,,,,,,,,,,,,,,0.001641478623740127,0,781,0.0,0.0,,,,,,,,,,,,,,,,,,,,,,,,,,,,,,,,,,,,,,,,,,,,,,,,,,,,,,,,,,,,,,,,,,,,,,,,,,nan,,,,,,,,,,,,,,,
1296,2724.958251953125,0.02722017839550972,2.722017839550972,12742.291286230087,10000,ppo,ppo,crawler,flat,thdot_dth_neighbours_plus_thdot_direct,,,,,,,,,,,,,,,0.0022299809621360582,0,781,0.0,0.0,,,,,,,,,,,,,,,,,,,,,,,,,,,,,,,,,,,,,,,,,,,,,,,,,,,,,,,,,,,,,,,,,,,,,,,,,,nan,,,,,,,,,,,,,,,
1297,2866.6328125,0.02863573469221592,2.863573469221592,12751.594246149063,10000,ppo,ppo,crawler,flat,thdot_dth_neighbours_plus_thdot_direct,,,,,,,,,,,,,,,0.0016526780052498339,0,781,0.0,0.0,,,,,,,,,,,,,,,,,,,,,,,,,,,,,,,,,,,,,,,,,,,,,,,,,,,,,,,,,,,,,,,,,,,,,,,,,,nan,,,,,,,,,,,,,,,
1298,2791.42041015625,0.02788376994431019,2.788376994431019,12760.77835726738,10000,ppo,ppo,crawler,flat,thdot_dth_neighbours_plus_thdot_direct,,,,,,,,,,,,,,,0.0023615046918586437,0,781,0.0,0.0,,,,,,,,,,,,,,,,,,,,,,,,,,,,,,,,,,,,,,,,,,,,,,,,,,,,,,,,,,,,,,,,,,,,,,,,,,nan,,,,,,,,,,,,,,,
1299,2766.05419921875,0.027631444856524467,2.7631444856524467,12770.26786518097,10000,ppo,ppo,crawler,flat,thdot_dth_neighbours_plus_thdot_direct,,,,,,,,,,,,,,,0.001526748437791842,0,781,0.0,0.0,,,,,,,,,,,,,,,,,,,,,,,,,,,,,,,,,,,,,,,,,,,,,,,,,,,,,,,,,,,,,,,,,,,,,,,,,,nan,,,,,,,,,,,,,,,
1300,2745.19482421875,0.027424480766057968,2.742448076605797,12779.239728450775,10000,ppo,ppo,crawler,flat,thdot_dth_neighbours_plus_thdot_direct,,,,,,,,,,,,,,,0.0020289789896783374,0,781,0.0,0.0,,,,,,,,,,,,,,,,,,,,,,,,,,,,,,,,,,,,,,,,,,,,,,,,,,,,,,,,,,,,,,,,,,,,,,,,,,nan,,,,,,,,,,,,,,,
1301,2819.92578125,0.02817050740122795,2.817050740122795,12788.43969988823,10000,ppo,ppo,crawler,flat,thdot_dth_neighbours_plus_thdot_direct,,,,,,,,,,,,,,,0.0022519319990656904,0,781,0.0,0.0,,,,,,,,,,,,,,,,,,,,,,,,,,,,,,,,,,,,,,,,,,,,,,,,,,,,,,,,,,,,,,,,,,,,,,,,,,nan,,,,,,,,,,,,,,,
1302,2815.7451171875,0.02812940627336502,2.812940627336502,12797.981477022171,10000,ppo,ppo,crawler,flat,thdot_dth_neighbours_plus_thdot_direct,,,,,,,,,,,,,,,0.001684284455651569,0,781,0.0,0.0,,,,,,,,,,,,,,,,,,,,,,,,,,,,,,,,,,,,,,,,,,,,,,,,,,,,,,,,,,,,,,,,,,,,,,,,,,nan,,,,,,,,,,,,,,,
1303,2778.45947265625,0.027752742171287537,2.7752742171287537,12807.488872528076,10000,ppo,ppo,crawler,flat,thdot_dth_neighbours_plus_thdot_direct,,,,,,,,,,,,,,,0.0016143947434740461,0,781,0.0,0.0,,,,,,,,,,,,,,,,,,,,,,,,,,,,,,,,,,,,,,,,,,,,,,,,,,,,,,,,,,,,,,,,,,,,,,,,,,nan,,,,,,,,,,,,,,,
1304,2839.669189453125,0.028371648862957954,2.8371648862957954,12817.315033912659,10000,ppo,ppo,crawler,flat,thdot_dth_neighbours_plus_thdot_direct,,,,,,,,,,,,,,,0.002330522053793228,0,781,0.0,0.0,,,,,,,,,,,,,,,,,,,,,,,,,,,,,,,,,,,,,,,,,,,,,,,,,,,,,,,,,,,,,,,,,,,,,,,,,,nan,,,,,,,,,,,,,,,
1305,2705.788330078125,0.027028050273656845,2.7028050273656845,12826.995005607605,10000,ppo,ppo,crawler,flat,thdot_dth_neighbours_plus_thdot_direct,,,,,,,,,,,,,,,0.001912441983569408,0,781,0.0,0.0,,,,,,,,,,,,,,,,,,,,,,,,,,,,,,,,,,,,,,,,,,,,,,,,,,,,,,,,,,,,,,,,,,,,,,,,,,nan,,,,,,,,,,,,,,,
1306,2750.209716796875,0.0274728424847126,2.74728424847126,12836.033431529999,10000,ppo,ppo,crawler,flat,thdot_dth_neighbours_plus_thdot_direct,,,,,,,,,,,,,,,0.0020153092781349186,0,781,0.0,0.0,,,,,,,,,,,,,,,,,,,,,,,,,,,,,,,,,,,,,,,,,,,,,,,,,,,,,,,,,,,,,,,,,,,,,,,,,,nan,,,,,,,,,,,,,,,
1307,2763.871826171875,0.027606187388300896,2.7606187388300896,12846.178126811981,10000,ppo,ppo,crawler,flat,thdot_dth_neighbours_plus_thdot_direct,,,,,,,,,,,,,,,0.0010281688335432547,0,781,0.0,0.0,,,,,,,,,,,,,,,,,,,,,,,,,,,,,,,,,,,,,,,,,,,,,,,,,,,,,,,,,,,,,,,,,,,,,,,,,,nan,,,,,,,,,,,,,,,
1308,2852.524169921875,0.02849569544196129,2.849569544196129,12856.215153455734,10000,ppo,ppo,crawler,flat,thdot_dth_neighbours_plus_thdot_direct,,,,,,,,,,,,,,,0.002054245046802174,0,781,0.0,0.0,,,,,,,,,,,,,,,,,,,,,,,,,,,,,,,,,,,,,,,,,,,,,,,,,,,,,,,,,,,,,,,,,,,,,,,,,,nan,,,,,,,,,,,,,,,
1309,2726.028076171875,0.027226097881793976,2.7226097881793976,12866.602883338928,10000,ppo,ppo,crawler,flat,thdot_dth_neighbours_plus_thdot_direct,,,,,,,,,,,,,,,0.0021643865311791986,0,781,0.0,0.0,,,,,,,,,,,,,,,,,,,,,,,,,,,,,,,,,,,,,,,,,,,,,,,,,,,,,,,,,,,,,,,,,,,,,,,,,,nan,,,,,,,,,,,,,,,
1310,2874.92578125,0.028722872957587242,2.872287295758724,12876.960409879684,10000,ppo,ppo,crawler,flat,thdot_dth_neighbours_plus_thdot_direct,,,,,,,,,,,,,,,0.0012338283266900907,0,781,0.0,0.0,,,,,,,,,,,,,,,,,,,,,,,,,,,,,,,,,,,,,,,,,,,,,,,,,,,,,,,,,,,,,,,,,,,,,,,,,,nan,,,,,,,,,,,,,,,
1311,2801.301513671875,0.027987688779830933,2.7987688779830933,12887.187323331833,10000,ppo,ppo,crawler,flat,thdot_dth_neighbours_plus_thdot_direct,,,,,,,,,,,,,,,0.0015019818694178345,0,781,0.0,0.0,,,,,,,,,,,,,,,,,,,,,,,,,,,,,,,,,,,,,,,,,,,,,,,,,,,,,,,,,,,,,,,,,,,,,,,,,,nan,,,,,,,,,,,,,,,
1312,2796.280029296875,0.02793845720589161,2.793845720589161,12897.2469394207,10000,ppo,ppo,crawler,flat,thdot_dth_neighbours_plus_thdot_direct,,,,,,,,,,,,,,,0.0013353337670641047,0,781,0.0,0.0,,,,,,,,,,,,,,,,,,,,,,,,,,,,,,,,,,,,,,,,,,,,,,,,,,,,,,,,,,,,,,,,,,,,,,,,,,nan,,,,,,,,,,,,,,,
1313,2799.257568359375,0.027961015701293945,2.7961015701293945,12907.484174013138,10000,ppo,ppo,crawler,flat,thdot_dth_neighbours_plus_thdot_direct,,,,,,,,,,,,,,,0.0015676437430270143,0,781,0.0,0.0,,,,,,,,,,,,,,,,,,,,,,,,,,,,,,,,,,,,,,,,,,,,,,,,,,,,,,,,,,,,,,,,,,,,,,,,,,nan,,,,,,,,,,,,,,,
1314,2804.7802734375,0.0280192531645298,2.80192531645298,12918.005204677582,10000,ppo,ppo,crawler,flat,thdot_dth_neighbours_plus_thdot_direct,,,,,,,,,,,,,,,0.001936621498534875,0,781,0.0,0.0,,,,,,,,,,,,,,,,,,,,,,,,,,,,,,,,,,,,,,,,,,,,,,,,,,,,,,,,,,,,,,,,,,,,,,,,,,nan,,,,,,,,,,,,,,,
1315,2702.4375,0.026994597166776657,2.6994597166776657,12928.078325271606,10000,ppo,ppo,crawler,flat,thdot_dth_neighbours_plus_thdot_direct,,,,,,,,,,,,,,,0.0021258568235942303,0,781,0.0,0.0,,,,,,,,,,,,,,,,,,,,,,,,,,,,,,,,,,,,,,,,,,,,,,,,,,,,,,,,,,,,,,,,,,,,,,,,,,nan,,,,,,,,,,,,,,,
1316,2817.293212890625,0.02814088761806488,2.814088761806488,12938.081944942474,10000,ppo,ppo,crawler,flat,thdot_dth_neighbours_plus_thdot_direct,,,,,,,,,,,,,,,0.0019637584116758895,0,781,0.0,0.0,,,,,,,,,,,,,,,,,,,,,,,,,,,,,,,,,,,,,,,,,,,,,,,,,,,,,,,,,,,,,,,,,,,,,,,,,,nan,,,,,,,,,,,,,,,
1317,2823.90771484375,0.028210515156388283,2.8210515156388283,12947.843506336212,10000,ppo,ppo,crawler,flat,thdot_dth_neighbours_plus_thdot_direct,,,,,,,,,,,,,,,0.0019379133025083078,0,781,0.0,0.0,,,,,,,,,,,,,,,,,,,,,,,,,,,,,,,,,,,,,,,,,,,,,,,,,,,,,,,,,,,,,,,,,,,,,,,,,,nan,,,,,,,,,,,,,,,
1318,2885.13232421875,0.028818603605031967,2.8818603605031967,12957.716036081314,10000,ppo,ppo,crawler,flat,thdot_dth_neighbours_plus_thdot_direct,,,,,,,,,,,,,,,0.0019730863749852588,0,781,0.0,0.0,,,,,,,,,,,,,,,,,,,,,,,,,,,,,,,,,,,,,,,,,,,,,,,,,,,,,,,,,,,,,,,,,,,,,,,,,,nan,,,,,,,,,,,,,,,
1319,2794.078857421875,0.027911733835935593,2.7911733835935593,12967.377148389816,10000,ppo,ppo,crawler,flat,thdot_dth_neighbours_plus_thdot_direct,,,,,,,,,,,,,,,0.001524643182946561,0,781,0.0,0.0,,,,,,,,,,,,,,,,,,,,,,,,,,,,,,,,,,,,,,,,,,,,,,,,,,,,,,,,,,,,,,,,,,,,,,,,,,nan,,,,,,,,,,,,,,,
1320,2861.5283203125,0.028584130108356476,2.8584130108356476,12977.401710748672,10000,ppo,ppo,crawler,flat,thdot_dth_neighbours_plus_thdot_direct,,,,,,,,,,,,,,,0.001991925174993103,0,781,0.0,0.0,,,,,,,,,,,,,,,,,,,,,,,,,,,,,,,,,,,,,,,,,,,,,,,,,,,,,,,,,,,,,,,,,,,,,,,,,,nan,,,,,,,,,,,,,,,
1321,2810.038330078125,0.028070922940969467,2.8070922940969467,12986.918997049332,10000,ppo,ppo,crawler,flat,thdot_dth_neighbours_plus_thdot_direct,,,,,,,,,,,,,,,0.0016269307543156774,0,781,0.0,0.0,,,,,,,,,,,,,,,,,,,,,,,,,,,,,,,,,,,,,,,,,,,,,,,,,,,,,,,,,,,,,,,,,,,,,,,,,,nan,,,,,,,,,,,,,,,
1322,2766.02587890625,0.0276301559060812,2.76301559060812,12996.759904623032,10000,ppo,ppo,crawler,flat,thdot_dth_neighbours_plus_thdot_direct,,,,,,,,,,,,,,,0.0013635551498057104,0,781,0.0,0.0,,,,,,,,,,,,,,,,,,,,,,,,,,,,,,,,,,,,,,,,,,,,,,,,,,,,,,,,,,,,,,,,,,,,,,,,,,nan,,,,,,,,,,,,,,,
1323,2825.833740234375,0.028226293623447418,2.822629362344742,13007.01356601715,10000,ppo,ppo,crawler,flat,thdot_dth_neighbours_plus_thdot_direct,,,,,,,,,,,,,,,0.0028529429980879008,0,781,0.0,0.0,,,,,,,,,,,,,,,,,,,,,,,,,,,,,,,,,,,,,,,,,,,,,,,,,,,,,,,,,,,,,,,,,,,,,,,,,,nan,,,,,,,,,,,,,,,
1324,2803.73681640625,0.028007475659251213,2.8007475659251213,13017.814923286438,10000,ppo,ppo,crawler,flat,thdot_dth_neighbours_plus_thdot_direct,,,,,,,,,,,,,,,0.001358538745070106,0,781,0.0,0.0,,,,,,,,,,,,,,,,,,,,,,,,,,,,,,,,,,,,,,,,,,,,,,,,,,,,,,,,,,,,,,,,,,,,,,,,,,nan,,,,,,,,,,,,,,,
1325,2705.426513671875,0.027025992050766945,2.7025992050766945,13029.16009569168,10000,ppo,ppo,crawler,flat,thdot_dth_neighbours_plus_thdot_direct,,,,,,,,,,,,,,,0.001857664143535751,0,781,0.0,0.0,,,,,,,,,,,,,,,,,,,,,,,,,,,,,,,,,,,,,,,,,,,,,,,,,,,,,,,,,,,,,,,,,,,,,,,,,,nan,,,,,,,,,,,,,,,
1326,2815.655029296875,0.028130922466516495,2.8130922466516495,13039.326515436172,10000,ppo,ppo,crawler,flat,thdot_dth_neighbours_plus_thdot_direct,,,,,,,,,,,,,,,0.0014474728772939053,0,781,0.0,0.0,,,,,,,,,,,,,,,,,,,,,,,,,,,,,,,,,,,,,,,,,,,,,,,,,,,,,,,,,,,,,,,,,,,,,,,,,,nan,,,,,,,,,,,,,,,
1327,2719.48095703125,0.027163906022906303,2.7163906022906303,13049.494757413864,10000,ppo,ppo,crawler,flat,thdot_dth_neighbours_plus_thdot_direct,,,,,,,,,,,,,,,0.0021561554324589904,0,781,0.0,0.0,,,,,,,,,,,,,,,,,,,,,,,,,,,,,,,,,,,,,,,,,,,,,,,,,,,,,,,,,,,,,,,,,,,,,,,,,,nan,,,,,,,,,,,,,,,
1328,2830.93359375,0.02827957645058632,2.827957645058632,13059.568427085876,10000,ppo,ppo,crawler,flat,thdot_dth_neighbours_plus_thdot_direct,,,,,,,,,,,,,,,0.0011140654696075762,0,781,0.0,0.0,,,,,,,,,,,,,,,,,,,,,,,,,,,,,,,,,,,,,,,,,,,,,,,,,,,,,,,,,,,,,,,,,,,,,,,,,,nan,,,,,,,,,,,,,,,
1329,2846.071533203125,0.028429357334971428,2.842935733497143,13069.495074987411,10000,ppo,ppo,crawler,flat,thdot_dth_neighbours_plus_thdot_direct,,,,,,,,,,,,,,,0.001466138309375117,0,781,0.0,0.0,,,,,,,,,,,,,,,,,,,,,,,,,,,,,,,,,,,,,,,,,,,,,,,,,,,,,,,,,,,,,,,,,,,,,,,,,,nan,,,,,,,,,,,,,,,
1330,2780.781005859375,0.02777693420648575,2.777693420648575,13079.73326420784,10000,ppo,ppo,crawler,flat,thdot_dth_neighbours_plus_thdot_direct,,,,,,,,,,,,,,,0.0019981104376486547,0,781,0.0,0.0,,,,,,,,,,,,,,,,,,,,,,,,,,,,,,,,,,,,,,,,,,,,,,,,,,,,,,,,,,,,,,,,,,,,,,,,,,nan,,,,,,,,,,,,,,,
1331,2873.496337890625,0.02870325930416584,2.870325930416584,13091.088272333145,10000,ppo,ppo,crawler,flat,thdot_dth_neighbours_plus_thdot_direct,,,,,,,,,,,,,,,0.002351495758607863,0,781,0.0,0.0,,,,,,,,,,,,,,,,,,,,,,,,,,,,,,,,,,,,,,,,,,,,,,,,,,,,,,,,,,,,,,,,,,,,,,,,,,nan,,,,,,,,,,,,,,,
1332,2820.761474609375,0.028176933526992798,2.81769335269928,13102.140889167786,10000,ppo,ppo,crawler,flat,thdot_dth_neighbours_plus_thdot_direct,,,,,,,,,,,,,,,0.0012515127737252685,0,781,0.0,0.0,,,,,,,,,,,,,,,,,,,,,,,,,,,,,,,,,,,,,,,,,,,,,,,,,,,,,,,,,,,,,,,,,,,,,,,,,,nan,,,,,,,,,,,,,,,
1333,2851.557861328125,0.028482763096690178,2.848276309669018,13113.416817188263,10000,ppo,ppo,crawler,flat,thdot_dth_neighbours_plus_thdot_direct,,,,,,,,,,,,,,,0.001914482939162055,0,781,0.0,0.0,,,,,,,,,,,,,,,,,,,,,,,,,,,,,,,,,,,,,,,,,,,,,,,,,,,,,,,,,,,,,,,,,,,,,,,,,,nan,,,,,,,,,,,,,,,
1334,2860.587158203125,0.028574028983712196,2.8574028983712196,13124.092906713486,10000,ppo,ppo,crawler,flat,thdot_dth_neighbours_plus_thdot_direct,,,,,,,,,,,,,,,0.0014210547954127144,0,781,0.0,0.0,,,,,,,,,,,,,,,,,,,,,,,,,,,,,,,,,,,,,,,,,,,,,,,,,,,,,,,,,,,,,,,,,,,,,,,,,,nan,,,,,,,,,,,,,,,
1335,2826.557373046875,0.028234664350748062,2.823466435074806,13134.86911869049,10000,ppo,ppo,crawler,flat,thdot_dth_neighbours_plus_thdot_direct,,,,,,,,,,,,,,,0.0017473708178185124,0,781,0.0,0.0,,,,,,,,,,,,,,,,,,,,,,,,,,,,,,,,,,,,,,,,,,,,,,,,,,,,,,,,,,,,,,,,,,,,,,,,,,nan,,,,,,,,,,,,,,,
1336,2837.775390625,0.028348509222269058,2.834850922226906,13147.196152687073,10000,ppo,ppo,crawler,flat,thdot_dth_neighbours_plus_thdot_direct,,,,,,,,,,,,,,,0.0012592166275131864,0,781,0.0,0.0,,,,,,,,,,,,,,,,,,,,,,,,,,,,,,,,,,,,,,,,,,,,,,,,,,,,,,,,,,,,,,,,,,,,,,,,,,nan,,,,,,,,,,,,,,,
1337,2932.031982421875,0.029290666803717613,2.9290666803717613,13158.917362451553,10000,ppo,ppo,crawler,flat,thdot_dth_neighbours_plus_thdot_direct,,,,,,,,,,,,,,,0.0012180171404641501,0,781,0.0,0.0,,,,,,,,,,,,,,,,,,,,,,,,,,,,,,,,,,,,,,,,,,,,,,,,,,,,,,,,,,,,,,,,,,,,,,,,,,nan,,,,,,,,,,,,,,,
1338,2777.104248046875,0.027739498764276505,2.7739498764276505,13171.193221569061,10000,ppo,ppo,crawler,flat,thdot_dth_neighbours_plus_thdot_direct,,,,,,,,,,,,,,,0.0018317475278517006,0,781,0.0,0.0,,,,,,,,,,,,,,,,,,,,,,,,,,,,,,,,,,,,,,,,,,,,,,,,,,,,,,,,,,,,,,,,,,,,,,,,,,nan,,,,,,,,,,,,,,,
1339,2864.510498046875,0.02861710451543331,2.861710451543331,13182.251991271973,10000,ppo,ppo,crawler,flat,thdot_dth_neighbours_plus_thdot_direct,,,,,,,,,,,,,,,0.0014152876448695845,0,781,0.0,0.0,,,,,,,,,,,,,,,,,,,,,,,,,,,,,,,,,,,,,,,,,,,,,,,,,,,,,,,,,,,,,,,,,,,,,,,,,,nan,,,,,,,,,,,,,,,
1340,2732.88330078125,0.02729957178235054,2.729957178235054,13192.946888685226,10000,ppo,ppo,crawler,flat,thdot_dth_neighbours_plus_thdot_direct,,,,,,,,,,,,,,,0.0020175492131068082,0,781,0.0,0.0,,,,,,,,,,,,,,,,,,,,,,,,,,,,,,,,,,,,,,,,,,,,,,,,,,,,,,,,,,,,,,,,,,,,,,,,,,nan,,,,,,,,,,,,,,,
1341,2806.22119140625,0.02803092822432518,2.803092822432518,13203.700251102448,10000,ppo,ppo,crawler,flat,thdot_dth_neighbours_plus_thdot_direct,,,,,,,,,,,,,,,0.0020648414027445924,0,781,0.0,0.0,,,,,,,,,,,,,,,,,,,,,,,,,,,,,,,,,,,,,,,,,,,,,,,,,,,,,,,,,,,,,,,,,,,,,,,,,,nan,,,,,,,,,,,,,,,
1342,2790.810546875,0.027877910062670708,2.7877910062670708,13215.370770454407,10000,ppo,ppo,crawler,flat,thdot_dth_neighbours_plus_thdot_direct,,,,,,,,,,,,,,,0.001542023951444403,0,781,0.0,0.0,,,,,,,,,,,,,,,,,,,,,,,,,,,,,,,,,,,,,,,,,,,,,,,,,,,,,,,,,,,,,,,,,,,,,,,,,,nan,,,,,,,,,,,,,,,
1343,2681.067138671875,0.026780663058161736,2.6780663058161736,13226.761392116547,10000,ppo,ppo,crawler,flat,thdot_dth_neighbours_plus_thdot_direct,,,,,,,,,,,,,,,0.002022095841617072,0,781,0.0,0.0,,,,,,,,,,,,,,,,,,,,,,,,,,,,,,,,,,,,,,,,,,,,,,,,,,,,,,,,,,,,,,,,,,,,,,,,,,nan,,,,,,,,,,,,,,,
1344,2828.78955078125,0.028258705511689186,2.8258705511689186,13238.53810286522,10000,ppo,ppo,crawler,flat,thdot_dth_neighbours_plus_thdot_direct,,,,,,,,,,,,,,,0.0011986710069276144,0,781,0.0,0.0,,,,,,,,,,,,,,,,,,,,,,,,,,,,,,,,,,,,,,,,,,,,,,,,,,,,,,,,,,,,,,,,,,,,,,,,,,nan,,,,,,,,,,,,,,,
1345,2776.7392578125,0.02773655392229557,2.773655392229557,13249.932785987854,10000,ppo,ppo,crawler,flat,thdot_dth_neighbours_plus_thdot_direct,,,,,,,,,,,,,,,0.0019595845920025072,0,781,0.0,0.0,,,,,,,,,,,,,,,,,,,,,,,,,,,,,,,,,,,,,,,,,,,,,,,,,,,,,,,,,,,,,,,,,,,,,,,,,,nan,,,,,,,,,,,,,,,
1346,2901.845458984375,0.028990404680371284,2.8990404680371284,13263.283430814743,10000,ppo,ppo,crawler,flat,thdot_dth_neighbours_plus_thdot_direct,,,,,,,,,,,,,,,0.0015034752129573373,0,781,0.0,0.0,,,,,,,,,,,,,,,,,,,,,,,,,,,,,,,,,,,,,,,,,,,,,,,,,,,,,,,,,,,,,,,,,,,,,,,,,,nan,,,,,,,,,,,,,,,
1347,2802.13134765625,0.02799101546406746,2.799101546406746,13276.229917526245,10000,ppo,ppo,crawler,flat,thdot_dth_neighbours_plus_thdot_direct,,,,,,,,,,,,,,,0.0017296912798083538,0,781,0.0,0.0,,,,,,,,,,,,,,,,,,,,,,,,,,,,,,,,,,,,,,,,,,,,,,,,,,,,,,,,,,,,,,,,,,,,,,,,,,nan,,,,,,,,,,,,,,,
1348,2597.681396484375,0.025944018736481667,2.5944018736481667,13287.857533216476,10000,ppo,ppo,crawler,flat,thdot_dth_neighbours_plus_thdot_direct,,,,,,,,,,,,,,,0.0013659714513114675,0,781,0.0,0.0,,,,,,,,,,,,,,,,,,,,,,,,,,,,,,,,,,,,,,,,,,,,,,,,,,,,,,,,,,,,,,,,,,,,,,,,,,nan,,,,,,,,,,,,,,,
1349,2680.0478515625,0.026771580800414085,2.6771580800414085,13300.117951393127,10000,ppo,ppo,crawler,flat,thdot_dth_neighbours_plus_thdot_direct,,,,,,,,,,,,,,,0.0016955246711001545,0,781,0.0,0.0,,,,,,,,,,,,,,,,,,,,,,,,,,,,,,,,,,,,,,,,,,,,,,,,,,,,,,,,,,,,,,,,,,,,,,,,,,nan,,,,,,,,,,,,,,,
1350,2711.972900390625,0.02709236927330494,2.709236927330494,13311.317295789719,10000,ppo,ppo,crawler,flat,thdot_dth_neighbours_plus_thdot_direct,,,,,,,,,,,,,,,0.00343946730576748,0,781,0.0,0.0,,,,,,,,,,,,,,,,,,,,,,,,,,,,,,,,,,,,,,,,,,,,,,,,,,,,,,,,,,,,,,,,,,,,,,,,,,nan,,,,,,,,,,,,,,,
1351,2844.480224609375,0.028416145592927933,2.8416145592927933,13322.613753557205,10000,ppo,ppo,crawler,flat,thdot_dth_neighbours_plus_thdot_direct,,,,,,,,,,,,,,,0.0018055442921589581,0,781,0.0,0.0,,,,,,,,,,,,,,,,,,,,,,,,,,,,,,,,,,,,,,,,,,,,,,,,,,,,,,,,,,,,,,,,,,,,,,,,,,nan,,,,,,,,,,,,,,,
1352,2624.035888671875,0.02621125988662243,2.621125988662243,13332.836333990097,10000,ppo,ppo,crawler,flat,thdot_dth_neighbours_plus_thdot_direct,,,,,,,,,,,,,,,0.0015856198615008768,0,781,0.0,0.0,,,,,,,,,,,,,,,,,,,,,,,,,,,,,,,,,,,,,,,,,,,,,,,,,,,,,,,,,,,,,,,,,,,,,,,,,,nan,,,,,,,,,,,,,,,
1353,2845.010009765625,0.028419826179742813,2.8419826179742813,13343.852305412292,10000,ppo,ppo,crawler,flat,thdot_dth_neighbours_plus_thdot_direct,,,,,,,,,,,,,,,0.0019581564125175843,0,781,0.0,0.0,,,,,,,,,,,,,,,,,,,,,,,,,,,,,,,,,,,,,,,,,,,,,,,,,,,,,,,,,,,,,,,,,,,,,,,,,,nan,,,,,,,,,,,,,,,
1354,2838.15478515625,0.028350256383419037,2.8350256383419037,13354.115082025528,10000,ppo,ppo,crawler,flat,thdot_dth_neighbours_plus_thdot_direct,,,,,,,,,,,,,,,0.0017698900875900846,0,781,0.0,0.0,,,,,,,,,,,,,,,,,,,,,,,,,,,,,,,,,,,,,,,,,,,,,,,,,,,,,,,,,,,,,,,,,,,,,,,,,,nan,,,,,,,,,,,,,,,
1355,2748.98388671875,0.02745983563363552,2.745983563363552,13364.511976003647,10000,ppo,ppo,crawler,flat,thdot_dth_neighbours_plus_thdot_direct,,,,,,,,,,,,,,,0.001941763459957034,0,781,0.0,0.0,,,,,,,,,,,,,,,,,,,,,,,,,,,,,,,,,,,,,,,,,,,,,,,,,,,,,,,,,,,,,,,,,,,,,,,,,,nan,,,,,,,,,,,,,,,
1356,2802.388427734375,0.02798997052013874,2.798997052013874,13374.585683822632,10000,ppo,ppo,crawler,flat,thdot_dth_neighbours_plus_thdot_direct,,,,,,,,,,,,,,,0.00240324546715464,0,781,0.0,0.0,,,,,,,,,,,,,,,,,,,,,,,,,,,,,,,,,,,,,,,,,,,,,,,,,,,,,,,,,,,,,,,,,,,,,,,,,,nan,,,,,,,,,,,,,,,
1357,2752.22265625,0.027492845430970192,2.749284543097019,13385.369025468826,10000,ppo,ppo,crawler,flat,thdot_dth_neighbours_plus_thdot_direct,,,,,,,,,,,,,,,0.0025901474742133146,0,781,0.0,0.0,,,,,,,,,,,,,,,,,,,,,,,,,,,,,,,,,,,,,,,,,,,,,,,,,,,,,,,,,,,,,,,,,,,,,,,,,,nan,,,,,,,,,,,,,,,
1358,2812.194580078125,0.028092876076698303,2.8092876076698303,13395.758267879486,10000,ppo,ppo,crawler,flat,thdot_dth_neighbours_plus_thdot_direct,,,,,,,,,,,,,,,0.0020054705514475,0,781,0.0,0.0,,,,,,,,,,,,,,,,,,,,,,,,,,,,,,,,,,,,,,,,,,,,,,,,,,,,,,,,,,,,,,,,,,,,,,,,,,nan,,,,,,,,,,,,,,,
1359,2787.32861328125,0.027849964797496796,2.7849964797496796,13405.901048183441,10000,ppo,ppo,crawler,flat,thdot_dth_neighbours_plus_thdot_direct,,,,,,,,,,,,,,,0.001914928325273612,0,781,0.0,0.0,,,,,,,,,,,,,,,,,,,,,,,,,,,,,,,,,,,,,,,,,,,,,,,,,,,,,,,,,,,,,,,,,,,,,,,,,,nan,,,,,,,,,,,,,,,
1360,2808.74267578125,0.028052959591150284,2.8052959591150284,13415.679983854294,10000,ppo,ppo,crawler,flat,thdot_dth_neighbours_plus_thdot_direct,,,,,,,,,,,,,,,0.0015272925590414327,0,781,0.0,0.0,,,,,,,,,,,,,,,,,,,,,,,,,,,,,,,,,,,,,,,,,,,,,,,,,,,,,,,,,,,,,,,,,,,,,,,,,,nan,,,,,,,,,,,,,,,
1361,2747.35009765625,0.027443110942840576,2.7443110942840576,13425.840520858765,10000,ppo,ppo,crawler,flat,thdot_dth_neighbours_plus_thdot_direct,,,,,,,,,,,,,,,0.0017112835817238454,0,781,0.0,0.0,,,,,,,,,,,,,,,,,,,,,,,,,,,,,,,,,,,,,,,,,,,,,,,,,,,,,,,,,,,,,,,,,,,,,,,,,,nan,,,,,,,,,,,,,,,
1362,2817.591064453125,0.028144828975200653,2.8144828975200653,13435.728155374527,10000,ppo,ppo,crawler,flat,thdot_dth_neighbours_plus_thdot_direct,,,,,,,,,,,,,,,0.0009719192519640765,0,781,0.0,0.0,,,,,,,,,,,,,,,,,,,,,,,,,,,,,,,,,,,,,,,,,,,,,,,,,,,,,,,,,,,,,,,,,,,,,,,,,,nan,,,,,,,,,,,,,,,
1363,2759.578125,0.02756785787642002,2.756785787642002,13445.971421003342,10000,ppo,ppo,crawler,flat,thdot_dth_neighbours_plus_thdot_direct,,,,,,,,,,,,,,,0.0015928956171808893,0,781,0.0,0.0,,,,,,,,,,,,,,,,,,,,,,,,,,,,,,,,,,,,,,,,,,,,,,,,,,,,,,,,,,,,,,,,,,,,,,,,,,nan,,,,,,,,,,,,,,,
1364,2755.5595703125,0.027526291087269783,2.7526291087269783,13456.006407737732,10000,ppo,ppo,crawler,flat,thdot_dth_neighbours_plus_thdot_direct,,,,,,,,,,,,,,,0.002157269049985538,0,781,0.0,0.0,,,,,,,,,,,,,,,,,,,,,,,,,,,,,,,,,,,,,,,,,,,,,,,,,,,,,,,,,,,,,,,,,,,,,,,,,,nan,,,,,,,,,,,,,,,
1365,2879.17333984375,0.028761493042111397,2.8761493042111397,13465.34609913826,10000,ppo,ppo,crawler,flat,thdot_dth_neighbours_plus_thdot_direct,,,,,,,,,,,,,,,0.000989320592916195,0,781,0.0,0.0,,,,,,,,,,,,,,,,,,,,,,,,,,,,,,,,,,,,,,,,,,,,,,,,,,,,,,,,,,,,,,,,,,,,,,,,,,nan,,,,,,,,,,,,,,,
1366,2730.455078125,0.027273964136838913,2.7273964136838913,13475.082920312881,10000,ppo,ppo,crawler,flat,thdot_dth_neighbours_plus_thdot_direct,,,,,,,,,,,,,,,0.0020933151489784074,0,781,0.0,0.0,,,,,,,,,,,,,,,,,,,,,,,,,,,,,,,,,,,,,,,,,,,,,,,,,,,,,,,,,,,,,,,,,,,,,,,,,,nan,,,,,,,,,,,,,,,
1367,2777.950927734375,0.027748705819249153,2.7748705819249153,13484.257131576538,10000,ppo,ppo,crawler,flat,thdot_dth_neighbours_plus_thdot_direct,,,,,,,,,,,,,,,0.002020827020695645,0,781,0.0,0.0,,,,,,,,,,,,,,,,,,,,,,,,,,,,,,,,,,,,,,,,,,,,,,,,,,,,,,,,,,,,,,,,,,,,,,,,,,nan,,,,,,,,,,,,,,,
1368,2694.77734375,0.026919636875391006,2.6919636875391006,13493.728009223938,10000,ppo,ppo,crawler,flat,thdot_dth_neighbours_plus_thdot_direct,,,,,,,,,,,,,,,0.0015652230460636812,0,781,0.0,0.0,,,,,,,,,,,,,,,,,,,,,,,,,,,,,,,,,,,,,,,,,,,,,,,,,,,,,,,,,,,,,,,,,,,,,,,,,,nan,,,,,,,,,,,,,,,
1369,2789.876953125,0.02786736749112606,2.786736749112606,13503.539156675339,10000,ppo,ppo,crawler,flat,thdot_dth_neighbours_plus_thdot_direct,,,,,,,,,,,,,,,0.0017754042324766082,0,781,0.0,0.0,,,,,,,,,,,,,,,,,,,,,,,,,,,,,,,,,,,,,,,,,,,,,,,,,,,,,,,,,,,,,,,,,,,,,,,,,,nan,,,,,,,,,,,,,,,
1370,2745.01416015625,0.027423741295933723,2.7423741295933723,13512.695281982422,10000,ppo,ppo,crawler,flat,thdot_dth_neighbours_plus_thdot_direct,,,,,,,,,,,,,,,0.0013937641551482268,0,781,0.0,0.0,,,,,,,,,,,,,,,,,,,,,,,,,,,,,,,,,,,,,,,,,,,,,,,,,,,,,,,,,,,,,,,,,,,,,,,,,,nan,,,,,,,,,,,,,,,
1371,2851.51025390625,0.028484294191002846,2.8484294191002846,13522.323711633682,10000,ppo,ppo,crawler,flat,thdot_dth_neighbours_plus_thdot_direct,,,,,,,,,,,,,,,0.001318133041306245,0,781,0.0,0.0,,,,,,,,,,,,,,,,,,,,,,,,,,,,,,,,,,,,,,,,,,,,,,,,,,,,,,,,,,,,,,,,,,,,,,,,,,nan,,,,,,,,,,,,,,,
1372,2749.578369140625,0.02746492251753807,2.746492251753807,13532.854872226715,10000,ppo,ppo,crawler,flat,thdot_dth_neighbours_plus_thdot_direct,,,,,,,,,,,,,,,0.002058283107112664,0,781,0.0,0.0,,,,,,,,,,,,,,,,,,,,,,,,,,,,,,,,,,,,,,,,,,,,,,,,,,,,,,,,,,,,,,,,,,,,,,,,,,nan,,,,,,,,,,,,,,,
1373,2921.309814453125,0.029182013124227524,2.9182013124227524,13542.516035079956,10000,ppo,ppo,crawler,flat,thdot_dth_neighbours_plus_thdot_direct,,,,,,,,,,,,,,,0.0012186515779162078,0,781,0.0,0.0,,,,,,,,,,,,,,,,,,,,,,,,,,,,,,,,,,,,,,,,,,,,,,,,,,,,,,,,,,,,,,,,,,,,,,,,,,nan,,,,,,,,,,,,,,,
1374,2837.44775390625,0.02834377996623516,2.834377996623516,13552.69557762146,10000,ppo,ppo,crawler,flat,thdot_dth_neighbours_plus_thdot_direct,,,,,,,,,,,,,,,0.0009854273064921482,0,781,0.0,0.0,,,,,,,,,,,,,,,,,,,,,,,,,,,,,,,,,,,,,,,,,,,,,,,,,,,,,,,,,,,,,,,,,,,,,,,,,,nan,,,,,,,,,,,,,,,
1375,2851.17626953125,0.028485864400863647,2.8485864400863647,13562.713511228561,10000,ppo,ppo,crawler,flat,thdot_dth_neighbours_plus_thdot_direct,,,,,,,,,,,,,,,0.001062323521148053,0,781,0.0,0.0,,,,,,,,,,,,,,,,,,,,,,,,,,,,,,,,,,,,,,,,,,,,,,,,,,,,,,,,,,,,,,,,,,,,,,,,,,nan,,,,,,,,,,,,,,,
1376,2741.119140625,0.027380554005503654,2.7380554005503654,13572.381980657578,10000,ppo,ppo,crawler,flat,thdot_dth_neighbours_plus_thdot_direct,,,,,,,,,,,,,,,0.0014080138700980002,0,781,0.0,0.0,,,,,,,,,,,,,,,,,,,,,,,,,,,,,,,,,,,,,,,,,,,,,,,,,,,,,,,,,,,,,,,,,,,,,,,,,,nan,,,,,,,,,,,,,,,
1377,2941.22705078125,0.029384203255176544,2.9384203255176544,13582.26791715622,10000,ppo,ppo,crawler,flat,thdot_dth_neighbours_plus_thdot_direct,,,,,,,,,,,,,,,0.0014243594705851985,0,781,0.0,0.0,,,,,,,,,,,,,,,,,,,,,,,,,,,,,,,,,,,,,,,,,,,,,,,,,,,,,,,,,,,,,,,,,,,,,,,,,,nan,,,,,,,,,,,,,,,
1378,2847.29296875,0.02844197303056717,2.844197303056717,13591.43593287468,10000,ppo,ppo,crawler,flat,thdot_dth_neighbours_plus_thdot_direct,,,,,,,,,,,,,,,0.0016667379633788925,0,781,0.0,0.0,,,,,,,,,,,,,,,,,,,,,,,,,,,,,,,,,,,,,,,,,,,,,,,,,,,,,,,,,,,,,,,,,,,,,,,,,,nan,,,,,,,,,,,,,,,
1379,2790.304443359375,0.027876202017068863,2.7876202017068863,13600.738715648651,10000,ppo,ppo,crawler,flat,thdot_dth_neighbours_plus_thdot_direct,,,,,,,,,,,,,,,0.001540956537412358,0,781,0.0,0.0,,,,,,,,,,,,,,,,,,,,,,,,,,,,,,,,,,,,,,,,,,,,,,,,,,,,,,,,,,,,,,,,,,,,,,,,,,nan,,,,,,,,,,,,,,,
1380,2793.112548828125,0.027902623638510704,2.7902623638510704,13609.982058286667,10000,ppo,ppo,crawler,flat,thdot_dth_neighbours_plus_thdot_direct,,,,,,,,,,,,,,,0.0017552086537943308,0,781,0.0,0.0,,,,,,,,,,,,,,,,,,,,,,,,,,,,,,,,,,,,,,,,,,,,,,,,,,,,,,,,,,,,,,,,,,,,,,,,,,nan,,,,,,,,,,,,,,,
1381,2807.220458984375,0.02804333157837391,2.804333157837391,13618.827867507935,10000,ppo,ppo,crawler,flat,thdot_dth_neighbours_plus_thdot_direct,,,,,,,,,,,,,,,0.0015446379496213377,0,781,0.0,0.0,,,,,,,,,,,,,,,,,,,,,,,,,,,,,,,,,,,,,,,,,,,,,,,,,,,,,,,,,,,,,,,,,,,,,,,,,,nan,,,,,,,,,,,,,,,
1382,2770.73681640625,0.027673156931996346,2.7673156931996346,13628.399285316467,10000,ppo,ppo,crawler,flat,thdot_dth_neighbours_plus_thdot_direct,,,,,,,,,,,,,,,0.0013526474670746626,0,781,0.0,0.0,,,,,,,,,,,,,,,,,,,,,,,,,,,,,,,,,,,,,,,,,,,,,,,,,,,,,,,,,,,,,,,,,,,,,,,,,,nan,,,,,,,,,,,,,,,
1383,2754.747314453125,0.027518266811966896,2.7518266811966896,13637.627204656601,10000,ppo,ppo,crawler,flat,thdot_dth_neighbours_plus_thdot_direct,,,,,,,,,,,,,,,0.0014735629779229892,0,781,0.0,0.0,,,,,,,,,,,,,,,,,,,,,,,,,,,,,,,,,,,,,,,,,,,,,,,,,,,,,,,,,,,,,,,,,,,,,,,,,,nan,,,,,,,,,,,,,,,
1384,2836.616943359375,0.028334230184555054,2.8334230184555054,13646.632675886154,10000,ppo,ppo,crawler,flat,thdot_dth_neighbours_plus_thdot_direct,,,,,,,,,,,,,,,0.0019312411972608034,0,781,0.0,0.0,,,,,,,,,,,,,,,,,,,,,,,,,,,,,,,,,,,,,,,,,,,,,,,,,,,,,,,,,,,,,,,,,,,,,,,,,,nan,,,,,,,,,,,,,,,
1385,2850.635986328125,0.028475383296608925,2.8475383296608925,13655.917748212814,10000,ppo,ppo,crawler,flat,thdot_dth_neighbours_plus_thdot_direct,,,,,,,,,,,,,,,0.0038435952878427483,0,781,0.0,0.0,,,,,,,,,,,,,,,,,,,,,,,,,,,,,,,,,,,,,,,,,,,,,,,,,,,,,,,,,,,,,,,,,,,,,,,,,,nan,,,,,,,,,,,,,,,
1386,2755.531005859375,0.027521666139364243,2.7521666139364243,13665.495424747467,10000,ppo,ppo,crawler,flat,thdot_dth_neighbours_plus_thdot_direct,,,,,,,,,,,,,,,0.002633154781579529,0,781,0.0,0.0,,,,,,,,,,,,,,,,,,,,,,,,,,,,,,,,,,,,,,,,,,,,,,,,,,,,,,,,,,,,,,,,,,,,,,,,,,nan,,,,,,,,,,,,,,,
1387,2829.213623046875,0.028261184692382812,2.8261184692382812,13674.555020809174,10000,ppo,ppo,crawler,flat,thdot_dth_neighbours_plus_thdot_direct,,,,,,,,,,,,,,,0.0016305788945914857,0,781,0.0,0.0,,,,,,,,,,,,,,,,,,,,,,,,,,,,,,,,,,,,,,,,,,,,,,,,,,,,,,,,,,,,,,,,,,,,,,,,,,nan,,,,,,,,,,,,,,,
1388,2671.23046875,0.02668590098619461,2.668590098619461,13683.655243873596,10000,ppo,ppo,crawler,flat,thdot_dth_neighbours_plus_thdot_direct,,,,,,,,,,,,,,,0.0026117353771277197,0,781,0.0,0.0,,,,,,,,,,,,,,,,,,,,,,,,,,,,,,,,,,,,,,,,,,,,,,,,,,,,,,,,,,,,,,,,,,,,,,,,,,nan,,,,,,,,,,,,,,,
1389,2795.444091796875,0.027922624722123146,2.7922624722123146,13692.612423181534,10000,ppo,ppo,crawler,flat,thdot_dth_neighbours_plus_thdot_direct,,,,,,,,,,,,,,,0.002303948831851062,0,781,0.0,0.0,,,,,,,,,,,,,,,,,,,,,,,,,,,,,,,,,,,,,,,,,,,,,,,,,,,,,,,,,,,,,,,,,,,,,,,,,,nan,,,,,,,,,,,,,,,
1390,2762.437255859375,0.027592461556196213,2.7592461556196213,13701.651386260986,10000,ppo,ppo,crawler,flat,thdot_dth_neighbours_plus_thdot_direct,,,,,,,,,,,,,,,0.0024268879466924987,0,781,0.0,0.0,,,,,,,,,,,,,,,,,,,,,,,,,,,,,,,,,,,,,,,,,,,,,,,,,,,,,,,,,,,,,,,,,,,,,,,,,,nan,,,,,,,,,,,,,,,
1391,2769.715576171875,0.027664683759212494,2.7664683759212494,13710.920958280563,10000,ppo,ppo,crawler,flat,thdot_dth_neighbours_plus_thdot_direct,,,,,,,,,,,,,,,0.001808759974418129,0,781,0.0,0.0,,,,,,,,,,,,,,,,,,,,,,,,,,,,,,,,,,,,,,,,,,,,,,,,,,,,,,,,,,,,,,,,,,,,,,,,,,nan,,,,,,,,,,,,,,,
1392,2794.08203125,0.027911711484193802,2.79117114841938,13720.232611894608,10000,ppo,ppo,crawler,flat,thdot_dth_neighbours_plus_thdot_direct,,,,,,,,,,,,,,,0.0020086799129519993,0,781,0.0,0.0,,,,,,,,,,,,,,,,,,,,,,,,,,,,,,,,,,,,,,,,,,,,,,,,,,,,,,,,,,,,,,,,,,,,,,,,,,nan,,,,,,,,,,,,,,,
1393,2714.626953125,0.02711990848183632,2.711990848183632,13729.557672739029,10000,ppo,ppo,crawler,flat,thdot_dth_neighbours_plus_thdot_direct,,,,,,,,,,,,,,,0.0019859422871542683,0,781,0.0,0.0,,,,,,,,,,,,,,,,,,,,,,,,,,,,,,,,,,,,,,,,,,,,,,,,,,,,,,,,,,,,,,,,,,,,,,,,,,nan,,,,,,,,,,,,,,,
1394,2785.28271484375,0.02782578580081463,2.782578580081463,13738.860396623611,10000,ppo,ppo,crawler,flat,thdot_dth_neighbours_plus_thdot_direct,,,,,,,,,,,,,,,0.0015003375259854976,0,781,0.0,0.0,,,,,,,,,,,,,,,,,,,,,,,,,,,,,,,,,,,,,,,,,,,,,,,,,,,,,,,,,,,,,,,,,,,,,,,,,,nan,,,,,,,,,,,,,,,
1395,2727.721923828125,0.0272511038929224,2.72511038929224,13748.201936244965,10000,ppo,ppo,crawler,flat,thdot_dth_neighbours_plus_thdot_direct,,,,,,,,,,,,,,,0.0012652194134217993,0,781,0.0,0.0,,,,,,,,,,,,,,,,,,,,,,,,,,,,,,,,,,,,,,,,,,,,,,,,,,,,,,,,,,,,,,,,,,,,,,,,,,nan,,,,,,,,,,,,,,,
1396,2752.225341796875,0.02749202772974968,2.749202772974968,13757.643148899078,10000,ppo,ppo,crawler,flat,thdot_dth_neighbours_plus_thdot_direct,,,,,,,,,,,,,,,0.002814171100566054,0,781,0.0,0.0,,,,,,,,,,,,,,,,,,,,,,,,,,,,,,,,,,,,,,,,,,,,,,,,,,,,,,,,,,,,,,,,,,,,,,,,,,nan,,,,,,,,,,,,,,,
1397,2792.455322265625,0.0278948787599802,2.78948787599802,13766.677835941315,10000,ppo,ppo,crawler,flat,thdot_dth_neighbours_plus_thdot_direct,,,,,,,,,,,,,,,0.002010785516160535,0,781,0.0,0.0,,,,,,,,,,,,,,,,,,,,,,,,,,,,,,,,,,,,,,,,,,,,,,,,,,,,,,,,,,,,,,,,,,,,,,,,,,nan,,,,,,,,,,,,,,,
1398,2792.120849609375,0.027893109247088432,2.7893109247088432,13775.693430423737,10000,ppo,ppo,crawler,flat,thdot_dth_neighbours_plus_thdot_direct,,,,,,,,,,,,,,,0.0017528761611400768,0,781,0.0,0.0,,,,,,,,,,,,,,,,,,,,,,,,,,,,,,,,,,,,,,,,,,,,,,,,,,,,,,,,,,,,,,,,,,,,,,,,,,nan,,,,,,,,,,,,,,,
1399,2731.40478515625,0.027285097166895866,2.7285097166895866,13784.585809707642,10000,ppo,ppo,crawler,flat,thdot_dth_neighbours_plus_thdot_direct,,,,,,,,,,,,,,,0.001498068313401247,0,781,0.0,0.0,,,,,,,,,,,,,,,,,,,,,,,,,,,,,,,,,,,,,,,,,,,,,,,,,,,,,,,,,,,,,,,,,,,,,,,,,,nan,,,,,,,,,,,,,,,
1400,2776.541748046875,0.02773500233888626,2.773500233888626,13793.713284015656,10000,ppo,ppo,crawler,flat,thdot_dth_neighbours_plus_thdot_direct,,,,,,,,,,,,,,,0.0020606541379362127,0,781,0.0,0.0,,,,,,,,,,,,,,,,,,,,,,,,,,,,,,,,,,,,,,,,,,,,,,,,,,,,,,,,,,,,,,,,,,,,,,,,,,nan,,,,,,,,,,,,,,,
1401,2745.339111328125,0.027426619082689285,2.7426619082689285,13803.387647151947,10000,ppo,ppo,crawler,flat,thdot_dth_neighbours_plus_thdot_direct,,,,,,,,,,,,,,,0.0014645465929411464,0,781,0.0,0.0,,,,,,,,,,,,,,,,,,,,,,,,,,,,,,,,,,,,,,,,,,,,,,,,,,,,,,,,,,,,,,,,,,,,,,,,,,nan,,,,,,,,,,,,,,,
1402,2757.856201171875,0.02755020745098591,2.755020745098591,13812.650811195374,10000,ppo,ppo,crawler,flat,thdot_dth_neighbours_plus_thdot_direct,,,,,,,,,,,,,,,0.0013217261189095665,0,781,0.0,0.0,,,,,,,,,,,,,,,,,,,,,,,,,,,,,,,,,,,,,,,,,,,,,,,,,,,,,,,,,,,,,,,,,,,,,,,,,,nan,,,,,,,,,,,,,,,
1403,2800.26953125,0.027975259348750114,2.7975259348750114,13821.859218358994,10000,ppo,ppo,crawler,flat,thdot_dth_neighbours_plus_thdot_direct,,,,,,,,,,,,,,,0.0017613593581026145,0,781,0.0,0.0,,,,,,,,,,,,,,,,,,,,,,,,,,,,,,,,,,,,,,,,,,,,,,,,,,,,,,,,,,,,,,,,,,,,,,,,,,nan,,,,,,,,,,,,,,,
1404,2746.184326171875,0.02743205800652504,2.743205800652504,13830.937888145447,10000,ppo,ppo,crawler,flat,thdot_dth_neighbours_plus_thdot_direct,,,,,,,,,,,,,,,0.001790787138365414,0,781,0.0,0.0,,,,,,,,,,,,,,,,,,,,,,,,,,,,,,,,,,,,,,,,,,,,,,,,,,,,,,,,,,,,,,,,,,,,,,,,,,nan,,,,,,,,,,,,,,,
1405,2780.031982421875,0.0277728084474802,2.77728084474802,13840.202430963516,10000,ppo,ppo,crawler,flat,thdot_dth_neighbours_plus_thdot_direct,,,,,,,,,,,,,,,0.0026715917041430295,0,781,0.0,0.0,,,,,,,,,,,,,,,,,,,,,,,,,,,,,,,,,,,,,,,,,,,,,,,,,,,,,,,,,,,,,,,,,,,,,,,,,,nan,,,,,,,,,,,,,,,
1406,2679.690185546875,0.026766570284962654,2.6766570284962654,13849.676467895508,10000,ppo,ppo,crawler,flat,thdot_dth_neighbours_plus_thdot_direct,,,,,,,,,,,,,,,0.001466732296461354,0,781,0.0,0.0,,,,,,,,,,,,,,,,,,,,,,,,,,,,,,,,,,,,,,,,,,,,,,,,,,,,,,,,,,,,,,,,,,,,,,,,,,nan,,,,,,,,,,,,,,,
1407,2731.886474609375,0.027287619188427925,2.7287619188427925,13858.66923570633,10000,ppo,ppo,crawler,flat,thdot_dth_neighbours_plus_thdot_direct,,,,,,,,,,,,,,,0.000846324117378077,0,781,0.0,0.0,,,,,,,,,,,,,,,,,,,,,,,,,,,,,,,,,,,,,,,,,,,,,,,,,,,,,,,,,,,,,,,,,,,,,,,,,,nan,,,,,,,,,,,,,,,
1408,2905.044677734375,0.029024025425314903,2.9024025425314903,13868.123013019562,10000,ppo,ppo,crawler,flat,thdot_dth_neighbours_plus_thdot_direct,,,,,,,,,,,,,,,0.0011925579709041066,0,781,0.0,0.0,,,,,,,,,,,,,,,,,,,,,,,,,,,,,,,,,,,,,,,,,,,,,,,,,,,,,,,,,,,,,,,,,,,,,,,,,,nan,,,,,,,,,,,,,,,
1409,2810.591064453125,0.028082266449928284,2.8082266449928284,13877.074495077133,10000,ppo,ppo,crawler,flat,thdot_dth_neighbours_plus_thdot_direct,,,,,,,,,,,,,,,0.00232859794166209,0,781,0.0,0.0,,,,,,,,,,,,,,,,,,,,,,,,,,,,,,,,,,,,,,,,,,,,,,,,,,,,,,,,,,,,,,,,,,,,,,,,,,nan,,,,,,,,,,,,,,,
1410,2789.15625,0.027859002351760864,2.7859002351760864,13886.045886278152,10000,ppo,ppo,crawler,flat,thdot_dth_neighbours_plus_thdot_direct,,,,,,,,,,,,,,,0.0016272484144692102,0,781,0.0,0.0,,,,,,,,,,,,,,,,,,,,,,,,,,,,,,,,,,,,,,,,,,,,,,,,,,,,,,,,,,,,,,,,,,,,,,,,,,nan,,,,,,,,,,,,,,,
1411,2798.396728515625,0.027954116463661194,2.7954116463661194,13895.518057584763,10000,ppo,ppo,crawler,flat,thdot_dth_neighbours_plus_thdot_direct,,,,,,,,,,,,,,,0.00222080739265898,0,781,0.0,0.0,,,,,,,,,,,,,,,,,,,,,,,,,,,,,,,,,,,,,,,,,,,,,,,,,,,,,,,,,,,,,,,,,,,,,,,,,,nan,,,,,,,,,,,,,,,
1412,2826.2197265625,0.028233647346496582,2.823364734649658,13904.741333961487,10000,ppo,ppo,crawler,flat,thdot_dth_neighbours_plus_thdot_direct,,,,,,,,,,,,,,,0.0019247281984568724,0,781,0.0,0.0,,,,,,,,,,,,,,,,,,,,,,,,,,,,,,,,,,,,,,,,,,,,,,,,,,,,,,,,,,,,,,,,,,,,,,,,,,nan,,,,,,,,,,,,,,,
1413,2871.829833984375,0.02868933416903019,2.868933416903019,13913.602393627167,10000,ppo,ppo,crawler,flat,thdot_dth_neighbours_plus_thdot_direct,,,,,,,,,,,,,,,0.0018864168921240267,0,781,0.0,0.0,,,,,,,,,,,,,,,,,,,,,,,,,,,,,,,,,,,,,,,,,,,,,,,,,,,,,,,,,,,,,,,,,,,,,,,,,,nan,,,,,,,,,,,,,,,
1414,2660.27978515625,0.0265753623098135,2.65753623098135,13922.763508558273,10000,ppo,ppo,crawler,flat,thdot_dth_neighbours_plus_thdot_direct,,,,,,,,,,,,,,,0.0015938033320626684,0,781,0.0,0.0,,,,,,,,,,,,,,,,,,,,,,,,,,,,,,,,,,,,,,,,,,,,,,,,,,,,,,,,,,,,,,,,,,,,,,,,,,nan,,,,,,,,,,,,,,,
1415,2868.664794921875,0.028654759749770164,2.8654759749770164,13932.180996894836,10000,ppo,ppo,crawler,flat,thdot_dth_neighbours_plus_thdot_direct,,,,,,,,,,,,,,,0.0031061700454735105,0,781,0.0,0.0,,,,,,,,,,,,,,,,,,,,,,,,,,,,,,,,,,,,,,,,,,,,,,,,,,,,,,,,,,,,,,,,,,,,,,,,,,nan,,,,,,,,,,,,,,,
1416,2775.56689453125,0.02772623300552368,2.772623300552368,13941.217416524887,10000,ppo,ppo,crawler,flat,thdot_dth_neighbours_plus_thdot_direct,,,,,,,,,,,,,,,0.0021125812223153646,0,781,0.0,0.0,,,,,,,,,,,,,,,,,,,,,,,,,,,,,,,,,,,,,,,,,,,,,,,,,,,,,,,,,,,,,,,,,,,,,,,,,,nan,,,,,,,,,,,,,,,
1417,2858.6875,0.02855820208787918,2.855820208787918,13950.353530883789,10000,ppo,ppo,crawler,flat,thdot_dth_neighbours_plus_thdot_direct,,,,,,,,,,,,,,,0.0012334712780944516,0,781,0.0,0.0,,,,,,,,,,,,,,,,,,,,,,,,,,,,,,,,,,,,,,,,,,,,,,,,,,,,,,,,,,,,,,,,,,,,,,,,,,nan,,,,,,,,,,,,,,,
1418,2874.077392578125,0.02870868518948555,2.870868518948555,13959.356261730194,10000,ppo,ppo,crawler,flat,thdot_dth_neighbours_plus_thdot_direct,,,,,,,,,,,,,,,0.00220963312375321,0,781,0.0,0.0,,,,,,,,,,,,,,,,,,,,,,,,,,,,,,,,,,,,,,,,,,,,,,,,,,,,,,,,,,,,,,,,,,,,,,,,,,nan,,,,,,,,,,,,,,,
1419,2725.143310546875,0.027222726494073868,2.722272649407387,13968.660638809204,10000,ppo,ppo,crawler,flat,thdot_dth_neighbours_plus_thdot_direct,,,,,,,,,,,,,,,0.001377939594770672,0,781,0.0,0.0,,,,,,,,,,,,,,,,,,,,,,,,,,,,,,,,,,,,,,,,,,,,,,,,,,,,,,,,,,,,,,,,,,,,,,,,,,nan,,,,,,,,,,,,,,,
1420,2767.225341796875,0.027641914784908295,2.7641914784908295,13977.603204727173,10000,ppo,ppo,crawler,flat,thdot_dth_neighbours_plus_thdot_direct,,,,,,,,,,,,,,,0.0013041994035433554,0,781,0.0,0.0,,,,,,,,,,,,,,,,,,,,,,,,,,,,,,,,,,,,,,,,,,,,,,,,,,,,,,,,,,,,,,,,,,,,,,,,,,nan,,,,,,,,,,,,,,,
1421,2702.955078125,0.027003703638911247,2.7003703638911247,13986.552310943604,10000,ppo,ppo,crawler,flat,thdot_dth_neighbours_plus_thdot_direct,,,,,,,,,,,,,,,0.0021054232009281434,0,781,0.0,0.0,,,,,,,,,,,,,,,,,,,,,,,,,,,,,,,,,,,,,,,,,,,,,,,,,,,,,,,,,,,,,,,,,,,,,,,,,,nan,,,,,,,,,,,,,,,
1422,2724.96630859375,0.027223272249102592,2.7223272249102592,13995.749690294266,10000,ppo,ppo,crawler,flat,thdot_dth_neighbours_plus_thdot_direct,,,,,,,,,,,,,,,0.001665456425235345,0,781,0.0,0.0,,,,,,,,,,,,,,,,,,,,,,,,,,,,,,,,,,,,,,,,,,,,,,,,,,,,,,,,,,,,,,,,,,,,,,,,,,nan,,,,,,,,,,,,,,,
1423,2709.817138671875,0.027069108560681343,2.7069108560681343,14005.151238918304,10000,ppo,ppo,crawler,flat,thdot_dth_neighbours_plus_thdot_direct,,,,,,,,,,,,,,,0.0023347969118904786,0,781,0.0,0.0,,,,,,,,,,,,,,,,,,,,,,,,,,,,,,,,,,,,,,,,,,,,,,,,,,,,,,,,,,,,,,,,,,,,,,,,,,nan,,,,,,,,,,,,,,,
1424,2753.97998046875,0.027508342638611794,2.7508342638611794,14014.326806545258,10000,ppo,ppo,crawler,flat,thdot_dth_neighbours_plus_thdot_direct,,,,,,,,,,,,,,,0.0016220724430541255,0,781,0.0,0.0,,,,,,,,,,,,,,,,,,,,,,,,,,,,,,,,,,,,,,,,,,,,,,,,,,,,,,,,,,,,,,,,,,,,,,,,,,nan,,,,,,,,,,,,,,,
1425,2712.861083984375,0.027100395411252975,2.7100395411252975,14023.078017234802,10000,ppo,ppo,crawler,flat,thdot_dth_neighbours_plus_thdot_direct,,,,,,,,,,,,,,,0.001595085982814608,0,781,0.0,0.0,,,,,,,,,,,,,,,,,,,,,,,,,,,,,,,,,,,,,,,,,,,,,,,,,,,,,,,,,,,,,,,,,,,,,,,,,,nan,,,,,,,,,,,,,,,
1426,2896.58251953125,0.02893359214067459,2.893359214067459,14031.992114543915,10000,ppo,ppo,crawler,flat,thdot_dth_neighbours_plus_thdot_direct,,,,,,,,,,,,,,,0.001847695764516736,0,781,0.0,0.0,,,,,,,,,,,,,,,,,,,,,,,,,,,,,,,,,,,,,,,,,,,,,,,,,,,,,,,,,,,,,,,,,,,,,,,,,,nan,,,,,,,,,,,,,,,
1427,2814.83349609375,0.028117604553699493,2.8117604553699493,14041.270973920822,10000,ppo,ppo,crawler,flat,thdot_dth_neighbours_plus_thdot_direct,,,,,,,,,,,,,,,0.0013733266654153294,0,781,0.0,0.0,,,,,,,,,,,,,,,,,,,,,,,,,,,,,,,,,,,,,,,,,,,,,,,,,,,,,,,,,,,,,,,,,,,,,,,,,,nan,,,,,,,,,,,,,,,
1428,2825.162841796875,0.028220970183610916,2.8220970183610916,14050.172104597092,10000,ppo,ppo,crawler,flat,thdot_dth_neighbours_plus_thdot_direct,,,,,,,,,,,,,,,0.0020431370057837554,0,781,0.0,0.0,,,,,,,,,,,,,,,,,,,,,,,,,,,,,,,,,,,,,,,,,,,,,,,,,,,,,,,,,,,,,,,,,,,,,,,,,,nan,,,,,,,,,,,,,,,
1429,2811.038330078125,0.028081441298127174,2.8081441298127174,14059.047142744064,10000,ppo,ppo,crawler,flat,thdot_dth_neighbours_plus_thdot_direct,,,,,,,,,,,,,,,0.0012983786936246607,0,781,0.0,0.0,,,,,,,,,,,,,,,,,,,,,,,,,,,,,,,,,,,,,,,,,,,,,,,,,,,,,,,,,,,,,,,,,,,,,,,,,,nan,,,,,,,,,,,,,,,
1430,2914.160888671875,0.0291125625371933,2.91125625371933,14068.301635503769,10000,ppo,ppo,crawler,flat,thdot_dth_neighbours_plus_thdot_direct,,,,,,,,,,,,,,,0.001716553126953886,0,781,0.0,0.0,,,,,,,,,,,,,,,,,,,,,,,,,,,,,,,,,,,,,,,,,,,,,,,,,,,,,,,,,,,,,,,,,,,,,,,,,,nan,,,,,,,,,,,,,,,
1431,2736.90478515625,0.027341924607753754,2.7341924607753754,14077.27033829689,10000,ppo,ppo,crawler,flat,thdot_dth_neighbours_plus_thdot_direct,,,,,,,,,,,,,,,0.001689534962314821,0,781,0.0,0.0,,,,,,,,,,,,,,,,,,,,,,,,,,,,,,,,,,,,,,,,,,,,,,,,,,,,,,,,,,,,,,,,,,,,,,,,,,nan,,,,,,,,,,,,,,,
1432,2727.241455078125,0.02724483050405979,2.724483050405979,14086.584846258163,10000,ppo,ppo,crawler,flat,thdot_dth_neighbours_plus_thdot_direct,,,,,,,,,,,,,,,0.0020029742879210115,0,781,0.0,0.0,,,,,,,,,,,,,,,,,,,,,,,,,,,,,,,,,,,,,,,,,,,,,,,,,,,,,,,,,,,,,,,,,,,,,,,,,,nan,,,,,,,,,,,,,,,
1433,2892.833251953125,0.028896166011691093,2.8896166011691093,14095.716353178024,10000,ppo,ppo,crawler,flat,thdot_dth_neighbours_plus_thdot_direct,,,,,,,,,,,,,,,0.0014602224823455556,0,781,0.0,0.0,,,,,,,,,,,,,,,,,,,,,,,,,,,,,,,,,,,,,,,,,,,,,,,,,,,,,,,,,,,,,,,,,,,,,,,,,,nan,,,,,,,,,,,,,,,
1434,2718.354736328125,0.02715236134827137,2.715236134827137,14105.267160892487,10000,ppo,ppo,crawler,flat,thdot_dth_neighbours_plus_thdot_direct,,,,,,,,,,,,,,,0.001435691154233056,0,781,0.0,0.0,,,,,,,,,,,,,,,,,,,,,,,,,,,,,,,,,,,,,,,,,,,,,,,,,,,,,,,,,,,,,,,,,,,,,,,,,,nan,,,,,,,,,,,,,,,
1435,2813.59423828125,0.028107255697250366,2.8107255697250366,14114.460572481155,10000,ppo,ppo,crawler,flat,thdot_dth_neighbours_plus_thdot_direct,,,,,,,,,,,,,,,0.002470417568772195,0,781,0.0,0.0,,,,,,,,,,,,,,,,,,,,,,,,,,,,,,,,,,,,,,,,,,,,,,,,,,,,,,,,,,,,,,,,,,,,,,,,,,nan,,,,,,,,,,,,,,,
1436,2775.079345703125,0.027717357501387596,2.7717357501387596,14123.686030387878,10000,ppo,ppo,crawler,flat,thdot_dth_neighbours_plus_thdot_direct,,,,,,,,,,,,,,,0.0021589567334368708,0,781,0.0,0.0,,,,,,,,,,,,,,,,,,,,,,,,,,,,,,,,,,,,,,,,,,,,,,,,,,,,,,,,,,,,,,,,,,,,,,,,,,nan,,,,,,,,,,,,,,,
1437,2774.33740234375,0.027714025229215622,2.771402522921562,14132.590048789978,10000,ppo,ppo,crawler,flat,thdot_dth_neighbours_plus_thdot_direct,,,,,,,,,,,,,,,0.0015870501074017234,0,781,0.0,0.0,,,,,,,,,,,,,,,,,,,,,,,,,,,,,,,,,,,,,,,,,,,,,,,,,,,,,,,,,,,,,,,,,,,,,,,,,,nan,,,,,,,,,,,,,,,
1438,2814.68603515625,0.02811606042087078,2.811606042087078,14141.884602308273,10000,ppo,ppo,crawler,flat,thdot_dth_neighbours_plus_thdot_direct,,,,,,,,,,,,,,,0.0020989539062085836,0,781,0.0,0.0,,,,,,,,,,,,,,,,,,,,,,,,,,,,,,,,,,,,,,,,,,,,,,,,,,,,,,,,,,,,,,,,,,,,,,,,,,nan,,,,,,,,,,,,,,,
1439,2820.46728515625,0.028177617117762566,2.8177617117762566,14150.871701717377,10000,ppo,ppo,crawler,flat,thdot_dth_neighbours_plus_thdot_direct,,,,,,,,,,,,,,,0.001486591045037426,0,781,0.0,0.0,,,,,,,,,,,,,,,,,,,,,,,,,,,,,,,,,,,,,,,,,,,,,,,,,,,,,,,,,,,,,,,,,,,,,,,,,,nan,,,,,,,,,,,,,,,
1440,2666.815673828125,0.02664061263203621,2.664061263203621,14160.196889400482,10000,ppo,ppo,crawler,flat,thdot_dth_neighbours_plus_thdot_direct,,,,,,,,,,,,,,,0.001107220932464628,0,781,0.0,0.0,,,,,,,,,,,,,,,,,,,,,,,,,,,,,,,,,,,,,,,,,,,,,,,,,,,,,,,,,,,,,,,,,,,,,,,,,,nan,,,,,,,,,,,,,,,
1441,2873.99462890625,0.0287111084908247,2.87111084908247,14169.517872571945,10000,ppo,ppo,crawler,flat,thdot_dth_neighbours_plus_thdot_direct,,,,,,,,,,,,,,,0.002099457990415537,0,781,0.0,0.0,,,,,,,,,,,,,,,,,,,,,,,,,,,,,,,,,,,,,,,,,,,,,,,,,,,,,,,,,,,,,,,,,,,,,,,,,,nan,,,,,,,,,,,,,,,
1442,2792.523193359375,0.027896273881196976,2.7896273881196976,14178.514392614365,10000,ppo,ppo,crawler,flat,thdot_dth_neighbours_plus_thdot_direct,,,,,,,,,,,,,,,0.0018537648739427278,0,781,0.0,0.0,,,,,,,,,,,,,,,,,,,,,,,,,,,,,,,,,,,,,,,,,,,,,,,,,,,,,,,,,,,,,,,,,,,,,,,,,,nan,,,,,,,,,,,,,,,
1443,2743.4619140625,0.027403758838772774,2.7403758838772774,14187.514694213867,10000,ppo,ppo,crawler,flat,thdot_dth_neighbours_plus_thdot_direct,,,,,,,,,,,,,,,0.0013822599162108913,0,781,0.0,0.0,,,,,,,,,,,,,,,,,,,,,,,,,,,,,,,,,,,,,,,,,,,,,,,,,,,,,,,,,,,,,,,,,,,,,,,,,,nan,,,,,,,,,,,,,,,
1444,2750.642578125,0.027480553835630417,2.7480553835630417,14197.469993591309,10000,ppo,ppo,crawler,flat,thdot_dth_neighbours_plus_thdot_direct,,,,,,,,,,,,,,,0.0019281210077192361,0,781,0.0,0.0,,,,,,,,,,,,,,,,,,,,,,,,,,,,,,,,,,,,,,,,,,,,,,,,,,,,,,,,,,,,,,,,,,,,,,,,,,nan,,,,,,,,,,,,,,,
1445,2941.444580078125,0.029383685439825058,2.938368543982506,14207.323200941086,10000,ppo,ppo,crawler,flat,thdot_dth_neighbours_plus_thdot_direct,,,,,,,,,,,,,,,0.0016375574720143432,0,781,0.0,0.0,,,,,,,,,,,,,,,,,,,,,,,,,,,,,,,,,,,,,,,,,,,,,,,,,,,,,,,,,,,,,,,,,,,,,,,,,,nan,,,,,,,,,,,,,,,
1446,2735.477783203125,0.02732752077281475,2.732752077281475,14221.255995512009,10000,ppo,ppo,crawler,flat,thdot_dth_neighbours_plus_thdot_direct,,,,,,,,,,,,,,,0.0013039388665899532,0,781,0.0,0.0,,,,,,,,,,,,,,,,,,,,,,,,,,,,,,,,,,,,,,,,,,,,,,,,,,,,,,,,,,,,,,,,,,,,,,,,,,nan,,,,,,,,,,,,,,,
1447,2768.896240234375,0.02766142599284649,2.766142599284649,14234.505515813828,10000,ppo,ppo,crawler,flat,thdot_dth_neighbours_plus_thdot_direct,,,,,,,,,,,,,,,0.0012909264337785259,0,781,0.0,0.0,,,,,,,,,,,,,,,,,,,,,,,,,,,,,,,,,,,,,,,,,,,,,,,,,,,,,,,,,,,,,,,,,,,,,,,,,,nan,,,,,,,,,,,,,,,
1448,2852.86572265625,0.028499407693743706,2.8499407693743706,14246.99505162239,10000,ppo,ppo,crawler,flat,thdot_dth_neighbours_plus_thdot_direct,,,,,,,,,,,,,,,0.0018294204832378924,0,781,0.0,0.0,,,,,,,,,,,,,,,,,,,,,,,,,,,,,,,,,,,,,,,,,,,,,,,,,,,,,,,,,,,,,,,,,,,,,,,,,,nan,,,,,,,,,,,,,,,
1449,2841.833251953125,0.028389550745487213,2.8389550745487213,14259.840803861618,10000,ppo,ppo,crawler,flat,thdot_dth_neighbours_plus_thdot_direct,,,,,,,,,,,,,,,0.000873949567160797,0,781,0.0,0.0,,,,,,,,,,,,,,,,,,,,,,,,,,,,,,,,,,,,,,,,,,,,,,,,,,,,,,,,,,,,,,,,,,,,,,,,,,nan,,,,,,,,,,,,,,,
1450,2807.785888671875,0.028043901547789574,2.8043901547789574,14272.688907623291,10000,ppo,ppo,crawler,flat,thdot_dth_neighbours_plus_thdot_direct,,,,,,,,,,,,,,,0.0024534154794315765,0,781,0.0,0.0,,,,,,,,,,,,,,,,,,,,,,,,,,,,,,,,,,,,,,,,,,,,,,,,,,,,,,,,,,,,,,,,,,,,,,,,,,nan,,,,,,,,,,,,,,,
1451,2767.134521484375,0.027645744383335114,2.7645744383335114,14284.852336883545,10000,ppo,ppo,crawler,flat,thdot_dth_neighbours_plus_thdot_direct,,,,,,,,,,,,,,,0.0032425211554287536,0,781,0.0,0.0,,,,,,,,,,,,,,,,,,,,,,,,,,,,,,,,,,,,,,,,,,,,,,,,,,,,,,,,,,,,,,,,,,,,,,,,,,nan,,,,,,,,,,,,,,,
1452,2949.59375,0.029464635998010635,2.9464635998010635,14297.904380083084,10000,ppo,ppo,crawler,flat,thdot_dth_neighbours_plus_thdot_direct,,,,,,,,,,,,,,,0.00218151194532577,0,781,0.0,0.0,,,,,,,,,,,,,,,,,,,,,,,,,,,,,,,,,,,,,,,,,,,,,,,,,,,,,,,,,,,,,,,,,,,,,,,,,,nan,,,,,,,,,,,,,,,
1453,2830.468994140625,0.028274184092879295,2.8274184092879295,14308.296437501907,10000,ppo,ppo,crawler,flat,thdot_dth_neighbours_plus_thdot_direct,,,,,,,,,,,,,,,0.0015646057095147251,0,781,0.0,0.0,,,,,,,,,,,,,,,,,,,,,,,,,,,,,,,,,,,,,,,,,,,,,,,,,,,,,,,,,,,,,,,,,,,,,,,,,,nan,,,,,,,,,,,,,,,
1454,2728.008544921875,0.027251021936535835,2.7251021936535835,14318.728865623474,10000,ppo,ppo,crawler,flat,thdot_dth_neighbours_plus_thdot_direct,,,,,,,,,,,,,,,0.0016089452852988736,0,781,0.0,0.0,,,,,,,,,,,,,,,,,,,,,,,,,,,,,,,,,,,,,,,,,,,,,,,,,,,,,,,,,,,,,,,,,,,,,,,,,,nan,,,,,,,,,,,,,,,
1455,2871.90380859375,0.028686607256531715,2.8686607256531715,14328.703235149384,10000,ppo,ppo,crawler,flat,thdot_dth_neighbours_plus_thdot_direct,,,,,,,,,,,,,,,0.0016124937618890293,0,781,0.0,0.0,,,,,,,,,,,,,,,,,,,,,,,,,,,,,,,,,,,,,,,,,,,,,,,,,,,,,,,,,,,,,,,,,,,,,,,,,,nan,,,,,,,,,,,,,,,
1456,2816.51953125,0.028140094131231308,2.814009413123131,14339.812487840652,10000,ppo,ppo,crawler,flat,thdot_dth_neighbours_plus_thdot_direct,,,,,,,,,,,,,,,0.0018759379413052961,0,781,0.0,0.0,,,,,,,,,,,,,,,,,,,,,,,,,,,,,,,,,,,,,,,,,,,,,,,,,,,,,,,,,,,,,,,,,,,,,,,,,,nan,,,,,,,,,,,,,,,
1457,2816.385986328125,0.028135018423199654,2.8135018423199654,14350.93894290924,10000,ppo,ppo,crawler,flat,thdot_dth_neighbours_plus_thdot_direct,,,,,,,,,,,,,,,0.0020380659971377542,0,781,0.0,0.0,,,,,,,,,,,,,,,,,,,,,,,,,,,,,,,,,,,,,,,,,,,,,,,,,,,,,,,,,,,,,,,,,,,,,,,,,,nan,,,,,,,,,,,,,,,
1458,2774.272705078125,0.027711443603038788,2.771144360303879,14361.004979610443,10000,ppo,ppo,crawler,flat,thdot_dth_neighbours_plus_thdot_direct,,,,,,,,,,,,,,,0.001899870728814233,0,781,0.0,0.0,,,,,,,,,,,,,,,,,,,,,,,,,,,,,,,,,,,,,,,,,,,,,,,,,,,,,,,,,,,,,,,,,,,,,,,,,,nan,,,,,,,,,,,,,,,
1459,2730.989990234375,0.027282511815428734,2.7282511815428734,14370.889996290207,10000,ppo,ppo,crawler,flat,thdot_dth_neighbours_plus_thdot_direct,,,,,,,,,,,,,,,0.0012854860995901527,0,781,0.0,0.0,,,,,,,,,,,,,,,,,,,,,,,,,,,,,,,,,,,,,,,,,,,,,,,,,,,,,,,,,,,,,,,,,,,,,,,,,,nan,,,,,,,,,,,,,,,
1460,2845.35205078125,0.02842172235250473,2.842172235250473,14382.275305986404,10000,ppo,ppo,crawler,flat,thdot_dth_neighbours_plus_thdot_direct,,,,,,,,,,,,,,,0.002011799377927319,0,781,0.0,0.0,,,,,,,,,,,,,,,,,,,,,,,,,,,,,,,,,,,,,,,,,,,,,,,,,,,,,,,,,,,,,,,,,,,,,,,,,,nan,,,,,,,,,,,,,,,
1461,2810.672607421875,0.028074627742171288,2.8074627742171288,14392.812888622284,10000,ppo,ppo,crawler,flat,thdot_dth_neighbours_plus_thdot_direct,,,,,,,,,,,,,,,0.0016526383809976441,0,781,0.0,0.0,,,,,,,,,,,,,,,,,,,,,,,,,,,,,,,,,,,,,,,,,,,,,,,,,,,,,,,,,,,,,,,,,,,,,,,,,,nan,,,,,,,,,,,,,,,
1462,2759.61083984375,0.027568291872739792,2.756829187273979,14402.7475066185,10000,ppo,ppo,crawler,flat,thdot_dth_neighbours_plus_thdot_direct,,,,,,,,,,,,,,,0.002265400675369351,0,781,0.0,0.0,,,,,,,,,,,,,,,,,,,,,,,,,,,,,,,,,,,,,,,,,,,,,,,,,,,,,,,,,,,,,,,,,,,,,,,,,,nan,,,,,,,,,,,,,,,
1463,2782.360595703125,0.02779391035437584,2.779391035437584,14413.252108812332,10000,ppo,ppo,crawler,flat,thdot_dth_neighbours_plus_thdot_direct,,,,,,,,,,,,,,,0.0018900156491199992,0,781,0.0,0.0,,,,,,,,,,,,,,,,,,,,,,,,,,,,,,,,,,,,,,,,,,,,,,,,,,,,,,,,,,,,,,,,,,,,,,,,,,nan,,,,,,,,,,,,,,,
1464,2775.565185546875,0.02772567607462406,2.772567607462406,14423.19632768631,10000,ppo,ppo,crawler,flat,thdot_dth_neighbours_plus_thdot_direct,,,,,,,,,,,,,,,0.0030344945616819293,0,781,0.0,0.0,,,,,,,,,,,,,,,,,,,,,,,,,,,,,,,,,,,,,,,,,,,,,,,,,,,,,,,,,,,,,,,,,,,,,,,,,,nan,,,,,,,,,,,,,,,
1465,2817.327392578125,0.028143782168626785,2.8143782168626785,14433.33724284172,10000,ppo,ppo,crawler,flat,thdot_dth_neighbours_plus_thdot_direct,,,,,,,,,,,,,,,0.0017802508303104796,0,781,0.0,0.0,,,,,,,,,,,,,,,,,,,,,,,,,,,,,,,,,,,,,,,,,,,,,,,,,,,,,,,,,,,,,,,,,,,,,,,,,,nan,,,,,,,,,,,,,,,
1466,2752.9296875,0.027502357959747314,2.7502357959747314,14443.641097545624,10000,ppo,ppo,crawler,flat,thdot_dth_neighbours_plus_thdot_direct,,,,,,,,,,,,,,,0.0015187831425005423,0,781,0.0,0.0,,,,,,,,,,,,,,,,,,,,,,,,,,,,,,,,,,,,,,,,,,,,,,,,,,,,,,,,,,,,,,,,,,,,,,,,,,nan,,,,,,,,,,,,,,,
1467,2806.121826171875,0.028034746646881104,2.8034746646881104,14453.723517894745,10000,ppo,ppo,crawler,flat,thdot_dth_neighbours_plus_thdot_direct,,,,,,,,,,,,,,,0.0017534156359219984,0,781,0.0,0.0,,,,,,,,,,,,,,,,,,,,,,,,,,,,,,,,,,,,,,,,,,,,,,,,,,,,,,,,,,,,,,,,,,,,,,,,,,nan,,,,,,,,,,,,,,,
1468,2759.714111328125,0.027567559853196144,2.7567559853196144,14463.692969560623,10000,ppo,ppo,crawler,flat,thdot_dth_neighbours_plus_thdot_direct,,,,,,,,,,,,,,,0.0026636290452327566,0,781,0.0,0.0,,,,,,,,,,,,,,,,,,,,,,,,,,,,,,,,,,,,,,,,,,,,,,,,,,,,,,,,,,,,,,,,,,,,,,,,,,nan,,,,,,,,,,,,,,,
1469,2731.6845703125,0.027285262942314148,2.728526294231415,14473.785741090775,10000,ppo,ppo,crawler,flat,thdot_dth_neighbours_plus_thdot_direct,,,,,,,,,,,,,,,0.0017275687576955151,0,781,0.0,0.0,,,,,,,,,,,,,,,,,,,,,,,,,,,,,,,,,,,,,,,,,,,,,,,,,,,,,,,,,,,,,,,,,,,,,,,,,,nan,,,,,,,,,,,,,,,
1470,2797.658935546875,0.02794739231467247,2.794739231467247,14483.921559810638,10000,ppo,ppo,crawler,flat,thdot_dth_neighbours_plus_thdot_direct,,,,,,,,,,,,,,,0.001421251619912972,0,781,0.0,0.0,,,,,,,,,,,,,,,,,,,,,,,,,,,,,,,,,,,,,,,,,,,,,,,,,,,,,,,,,,,,,,,,,,,,,,,,,,nan,,,,,,,,,,,,,,,
1471,2794.924560546875,0.027920536696910858,2.792053669691086,14493.95194721222,10000,ppo,ppo,crawler,flat,thdot_dth_neighbours_plus_thdot_direct,,,,,,,,,,,,,,,0.0022397898686468696,0,781,0.0,0.0,,,,,,,,,,,,,,,,,,,,,,,,,,,,,,,,,,,,,,,,,,,,,,,,,,,,,,,,,,,,,,,,,,,,,,,,,,nan,,,,,,,,,,,,,,,
1472,2805.593505859375,0.0280271265655756,2.80271265655756,14503.84724187851,10000,ppo,ppo,crawler,flat,thdot_dth_neighbours_plus_thdot_direct,,,,,,,,,,,,,,,0.0015590256992390466,0,781,0.0,0.0,,,,,,,,,,,,,,,,,,,,,,,,,,,,,,,,,,,,,,,,,,,,,,,,,,,,,,,,,,,,,,,,,,,,,,,,,,nan,,,,,,,,,,,,,,,
1473,2775.111083984375,0.027720622718334198,2.77206227183342,14513.642780065536,10000,ppo,ppo,crawler,flat,thdot_dth_neighbours_plus_thdot_direct,,,,,,,,,,,,,,,0.0014463731370908017,0,781,0.0,0.0,,,,,,,,,,,,,,,,,,,,,,,,,,,,,,,,,,,,,,,,,,,,,,,,,,,,,,,,,,,,,,,,,,,,,,,,,,nan,,,,,,,,,,,,,,,
1474,2841.14453125,0.02837938815355301,2.837938815355301,14523.959833860397,10000,ppo,ppo,crawler,flat,thdot_dth_neighbours_plus_thdot_direct,,,,,,,,,,,,,,,0.002352404257614537,0,781,0.0,0.0,,,,,,,,,,,,,,,,,,,,,,,,,,,,,,,,,,,,,,,,,,,,,,,,,,,,,,,,,,,,,,,,,,,,,,,,,,nan,,,,,,,,,,,,,,,
1475,2747.579345703125,0.027447905391454697,2.7447905391454697,14534.010003089905,10000,ppo,ppo,crawler,flat,thdot_dth_neighbours_plus_thdot_direct,,,,,,,,,,,,,,,0.0023416455728780448,0,781,0.0,0.0,,,,,,,,,,,,,,,,,,,,,,,,,,,,,,,,,,,,,,,,,,,,,,,,,,,,,,,,,,,,,,,,,,,,,,,,,,nan,,,,,,,,,,,,,,,
1476,2826.229736328125,0.028234153985977173,2.8234153985977173,14543.930875062943,10000,ppo,ppo,crawler,flat,thdot_dth_neighbours_plus_thdot_direct,,,,,,,,,,,,,,,0.0013425171138553335,0,781,0.0,0.0,,,,,,,,,,,,,,,,,,,,,,,,,,,,,,,,,,,,,,,,,,,,,,,,,,,,,,,,,,,,,,,,,,,,,,,,,,nan,,,,,,,,,,,,,,,
1477,2820.58154296875,0.028181592002511024,2.8181592002511024,14553.774598836899,10000,ppo,ppo,crawler,flat,thdot_dth_neighbours_plus_thdot_direct,,,,,,,,,,,,,,,0.001447628544797686,0,781,0.0,0.0,,,,,,,,,,,,,,,,,,,,,,,,,,,,,,,,,,,,,,,,,,,,,,,,,,,,,,,,,,,,,,,,,,,,,,,,,,nan,,,,,,,,,,,,,,,
1478,2934.98095703125,0.0293196439743042,2.93196439743042,14563.732216835022,10000,ppo,ppo,crawler,flat,thdot_dth_neighbours_plus_thdot_direct,,,,,,,,,,,,,,,0.0010364872363886246,0,781,0.0,0.0,,,,,,,,,,,,,,,,,,,,,,,,,,,,,,,,,,,,,,,,,,,,,,,,,,,,,,,,,,,,,,,,,,,,,,,,,,nan,,,,,,,,,,,,,,,
1479,2705.672119140625,0.027025500312447548,2.702550031244755,14573.87351346016,10000,ppo,ppo,crawler,flat,thdot_dth_neighbours_plus_thdot_direct,,,,,,,,,,,,,,,0.0014765942116318025,0,781,0.0,0.0,,,,,,,,,,,,,,,,,,,,,,,,,,,,,,,,,,,,,,,,,,,,,,,,,,,,,,,,,,,,,,,,,,,,,,,,,,nan,,,,,,,,,,,,,,,
1480,2790.56298828125,0.02787587232887745,2.787587232887745,14583.598025798798,10000,ppo,ppo,crawler,flat,thdot_dth_neighbours_plus_thdot_direct,,,,,,,,,,,,,,,0.002305346580531724,0,781,0.0,0.0,,,,,,,,,,,,,,,,,,,,,,,,,,,,,,,,,,,,,,,,,,,,,,,,,,,,,,,,,,,,,,,,,,,,,,,,,,nan,,,,,,,,,,,,,,,
1481,2753.112060546875,0.02749703824520111,2.749703824520111,14593.607545614243,10000,ppo,ppo,crawler,flat,thdot_dth_neighbours_plus_thdot_direct,,,,,,,,,,,,,,,0.0024943161284861327,0,781,0.0,0.0,,,,,,,,,,,,,,,,,,,,,,,,,,,,,,,,,,,,,,,,,,,,,,,,,,,,,,,,,,,,,,,,,,,,,,,,,,nan,,,,,,,,,,,,,,,
1482,2828.34521484375,0.02825344167649746,2.825344167649746,14603.733455657959,10000,ppo,ppo,crawler,flat,thdot_dth_neighbours_plus_thdot_direct,,,,,,,,,,,,,,,0.002131471513904926,0,781,0.0,0.0,,,,,,,,,,,,,,,,,,,,,,,,,,,,,,,,,,,,,,,,,,,,,,,,,,,,,,,,,,,,,,,,,,,,,,,,,,nan,,,,,,,,,,,,,,,
1483,2771.30908203125,0.027682378888130188,2.768237888813019,14613.93505358696,10000,ppo,ppo,crawler,flat,thdot_dth_neighbours_plus_thdot_direct,,,,,,,,,,,,,,,0.00103868204326198,0,781,0.0,0.0,,,,,,,,,,,,,,,,,,,,,,,,,,,,,,,,,,,,,,,,,,,,,,,,,,,,,,,,,,,,,,,,,,,,,,,,,,nan,,,,,,,,,,,,,,,
1484,2813.423828125,0.02810613065958023,2.810613065958023,14623.882271528244,10000,ppo,ppo,crawler,flat,thdot_dth_neighbours_plus_thdot_direct,,,,,,,,,,,,,,,0.0024433850714314534,0,781,0.0,0.0,,,,,,,,,,,,,,,,,,,,,,,,,,,,,,,,,,,,,,,,,,,,,,,,,,,,,,,,,,,,,,,,,,,,,,,,,,nan,,,,,,,,,,,,,,,
1485,2896.963623046875,0.028940463438630104,2.8940463438630104,14633.825911521912,10000,ppo,ppo,crawler,flat,thdot_dth_neighbours_plus_thdot_direct,,,,,,,,,,,,,,,0.0011509336312870504,0,781,0.0,0.0,,,,,,,,,,,,,,,,,,,,,,,,,,,,,,,,,,,,,,,,,,,,,,,,,,,,,,,,,,,,,,,,,,,,,,,,,,nan,,,,,,,,,,,,,,,
1486,2947.319091796875,0.02944687195122242,2.944687195122242,14643.942377567291,10000,ppo,ppo,crawler,flat,thdot_dth_neighbours_plus_thdot_direct,,,,,,,,,,,,,,,0.002062417835977391,0,781,0.0,0.0,,,,,,,,,,,,,,,,,,,,,,,,,,,,,,,,,,,,,,,,,,,,,,,,,,,,,,,,,,,,,,,,,,,,,,,,,,nan,,,,,,,,,,,,,,,
1487,2855.05859375,0.02851918525993824,2.851918525993824,14654.000617980957,10000,ppo,ppo,crawler,flat,thdot_dth_neighbours_plus_thdot_direct,,,,,,,,,,,,,,,0.002058042414546726,0,781,0.0,0.0,,,,,,,,,,,,,,,,,,,,,,,,,,,,,,,,,,,,,,,,,,,,,,,,,,,,,,,,,,,,,,,,,,,,,,,,,,nan,,,,,,,,,,,,,,,
1488,2777.4453125,0.027748161926865578,2.7748161926865578,14665.445828914642,10000,ppo,ppo,crawler,flat,thdot_dth_neighbours_plus_thdot_direct,,,,,,,,,,,,,,,0.0017791419207669524,0,781,0.0,0.0,,,,,,,,,,,,,,,,,,,,,,,,,,,,,,,,,,,,,,,,,,,,,,,,,,,,,,,,,,,,,,,,,,,,,,,,,,nan,,,,,,,,,,,,,,,
1489,2829.078857421875,0.02825881354510784,2.825881354510784,14676.988431215286,10000,ppo,ppo,crawler,flat,thdot_dth_neighbours_plus_thdot_direct,,,,,,,,,,,,,,,0.0016474989092406637,0,781,0.0,0.0,,,,,,,,,,,,,,,,,,,,,,,,,,,,,,,,,,,,,,,,,,,,,,,,,,,,,,,,,,,,,,,,,,,,,,,,,,nan,,,,,,,,,,,,,,,
1490,2778.806640625,0.02776038832962513,2.776038832962513,14688.760969877243,10000,ppo,ppo,crawler,flat,thdot_dth_neighbours_plus_thdot_direct,,,,,,,,,,,,,,,0.0017618619618365702,0,781,0.0,0.0,,,,,,,,,,,,,,,,,,,,,,,,,,,,,,,,,,,,,,,,,,,,,,,,,,,,,,,,,,,,,,,,,,,,,,,,,,nan,,,,,,,,,,,,,,,
1491,2837.321044921875,0.02834440767765045,2.834440767765045,14699.848114967346,10000,ppo,ppo,crawler,flat,thdot_dth_neighbours_plus_thdot_direct,,,,,,,,,,,,,,,0.0013849398002523659,0,781,0.0,0.0,,,,,,,,,,,,,,,,,,,,,,,,,,,,,,,,,,,,,,,,,,,,,,,,,,,,,,,,,,,,,,,,,,,,,,,,,,nan,,,,,,,,,,,,,,,
1492,2766.44287109375,0.027637017890810966,2.7637017890810966,14711.184851646423,10000,ppo,ppo,crawler,flat,thdot_dth_neighbours_plus_thdot_direct,,,,,,,,,,,,,,,0.0023990071527064775,0,781,0.0,0.0,,,,,,,,,,,,,,,,,,,,,,,,,,,,,,,,,,,,,,,,,,,,,,,,,,,,,,,,,,,,,,,,,,,,,,,,,,nan,,,,,,,,,,,,,,,
1493,2730.30810546875,0.027275001630187035,2.7275001630187035,14722.345040559769,10000,ppo,ppo,crawler,flat,thdot_dth_neighbours_plus_thdot_direct,,,,,,,,,,,,,,,0.0021741741766411076,0,781,0.0,0.0,,,,,,,,,,,,,,,,,,,,,,,,,,,,,,,,,,,,,,,,,,,,,,,,,,,,,,,,,,,,,,,,,,,,,,,,,,nan,,,,,,,,,,,,,,,
1494,2848.02197265625,0.02844950743019581,2.844950743019581,14732.548008918762,10000,ppo,ppo,crawler,flat,thdot_dth_neighbours_plus_thdot_direct,,,,,,,,,,,,,,,0.0031043666872863983,0,781,0.0,0.0,,,,,,,,,,,,,,,,,,,,,,,,,,,,,,,,,,,,,,,,,,,,,,,,,,,,,,,,,,,,,,,,,,,,,,,,,,nan,,,,,,,,,,,,,,,
1495,2716.860595703125,0.02714129537343979,2.714129537343979,14742.604333877563,10000,ppo,ppo,crawler,flat,thdot_dth_neighbours_plus_thdot_direct,,,,,,,,,,,,,,,0.0017209973372953327,0,781,0.0,0.0,,,,,,,,,,,,,,,,,,,,,,,,,,,,,,,,,,,,,,,,,,,,,,,,,,,,,,,,,,,,,,,,,,,,,,,,,,nan,,,,,,,,,,,,,,,
1496,2788.493896484375,0.02785351499915123,2.785351499915123,14753.60586476326,10000,ppo,ppo,crawler,flat,thdot_dth_neighbours_plus_thdot_direct,,,,,,,,,,,,,,,0.002086316266408724,0,781,0.0,0.0,,,,,,,,,,,,,,,,,,,,,,,,,,,,,,,,,,,,,,,,,,,,,,,,,,,,,,,,,,,,,,,,,,,,,,,,,,nan,,,,,,,,,,,,,,,
1497,2816.445068359375,0.028129588812589645,2.8129588812589645,14764.431798934937,10000,ppo,ppo,crawler,flat,thdot_dth_neighbours_plus_thdot_direct,,,,,,,,,,,,,,,0.0011426182246720813,0,781,0.0,0.0,,,,,,,,,,,,,,,,,,,,,,,,,,,,,,,,,,,,,,,,,,,,,,,,,,,,,,,,,,,,,,,,,,,,,,,,,,nan,,,,,,,,,,,,,,,
1498,2828.819091796875,0.028256218880414963,2.8256218880414963,14775.192557811737,10000,ppo,ppo,crawler,flat,thdot_dth_neighbours_plus_thdot_direct,,,,,,,,,,,,,,,0.0024918709578575417,0,781,0.0,0.0,,,,,,,,,,,,,,,,,,,,,,,,,,,,,,,,,,,,,,,,,,,,,,,,,,,,,,,,,,,,,,,,,,,,,,,,,,nan,,,,,,,,,,,,,,,
1499,2899.293701171875,0.028960127383470535,2.8960127383470535,14785.672909975052,10000,ppo,ppo,crawler,flat,thdot_dth_neighbours_plus_thdot_direct,,,,,,,,,,,,,,,0.0024018957089049645,0,781,0.0,0.0,,,,,,,,,,,,,,,,,,,,,,,,,,,,,,,,,,,,,,,,,,,,,,,,,,,,,,,,,,,,,,,,,,,,,,,,,,nan,,,,,,,,,,,,,,,
1500,2890.672607421875,0.028872033581137657,2.8872033581137657,14796.848675727844,10000,ppo,ppo,crawler,flat,thdot_dth_neighbours_plus_thdot_direct,,,,,,,,,,,,,,,0.0017847279328912936,0,781,0.0,0.0,,,,,,,,,,,,,,,,,,,,,,,,,,,,,,,,,,,,,,,,,,,,,,,,,,,,,,,,,,,,,,,,,,,,,,,,,,nan,,,,,,,,,,,,,,,
