episode,reward_mean,speed_mean,speed_x100,elapsed_sec,frames_per_batch,algorithm,algorithm_family,robot,terrain,channel,actor_update_norm_mean,actor_update_clip_scale_mean,ddpg_loss_actor_mean,ddpg_loss_value_mean,ddpg_actor_grad_norm_mean,ddpg_critic_grad_norm_mean,ddpg_actor_parameter_displacement,ddpg_replay_size,ddpg_replay_transition_bytes,ddpg_exploration_sigma,ddpg_pred_q_mean,ddpg_target_q_mean,ddpg_td_error_mean,ddpg_optimizer_updates,ppo_approx_kl,ppo_early_stop,ppo_updates_completed,policy_anchor_loss,policy_anchor_coeff_effective,closure_score,circularity_score,body_omega,slip_penalty,action_smoothness_penalty,curriculum_progress,rolling_reward,tail_lift_score,tail_forward_score,head_contact_score,curl_prefix_progress,curl_order_penalty,total_signed_curvature,closure_ratio,support_margin,cumulative_rotation,rolling_gate,tail_roll_stage,tail_stage_success,tail_stage_success_rate,tail_roll_reward,fast_roll_phase,fast_roll_phase_steps,fast_roll_phase_progress,fast_roll_flip_event,fast_roll_flip_count,fast_roll_cycle_count,fast_roll_cycle_rotation,fast_roll_cycle_forward,fast_roll_support_migration,fast_roll_direction_fraction,fast_roll_motion_gate,fast_roll_reward,fast_forward_phase,fast_forward_phase_steps,fast_forward_launch_progress,fast_forward_launch_ready_steps,fast_forward_roll_progress,fast_forward_progress_delta,fast_forward_launch_event,fast_forward_event_pulse,fast_forward_event_bonus,fast_forward_event_count,fast_forward_event_rotation,fast_forward_event_forward,fast_forward_support_index,fast_forward_support_migration_nodes,fast_forward_ground_contact_strength,fast_forward_event_direction_fraction,fast_forward_episode_direction_fraction,fast_forward_event_steps,fast_forward_progress_age,fast_forward_stall_penalty,fast_forward_reverse_rotation_penalty,fast_forward_backward_penalty,effort_penalty,scratch_wr_v2_z0_lift_ratio,scratch_wr_v2_z0_forward_ratio,scratch_wr_v2_z0_curl_ratio,scratch_wr_v2_z0_sync_score,scratch_wr_v2_z0_candidate_mask,scratch_wr_v2_z0_active,scratch_wr_v2_z0_penalty_scale,scratch_wr_v2_z0_dense_reward,scratch_wr_v2_progress_delta,fast_forward_reward,wave_amplitude,wave_center,wave_width,wave_hold,wave_kp,wave_kd,scratch_wr_stage_id,scratch_wr_learning_rate,scratch_wr_alpha,scratch_wr_wave_torque_rms,scratch_wr_residual_torque_rms,scratch_wr_applied_residual_torque_rms,scratch_wr_total_torque_rms,scratch_wr_torque_clip_fraction,scratch_wr_residual_saturation_fraction,scratch_wr_v2_wave_ema_beta,scratch_wr_v2_wave_filter_delta_rms,scratch_wr_v2_applied_wave_amplitude,scratch_wr_v2_applied_wave_center,scratch_wr_v2_applied_wave_width,scratch_wr_v2_applied_wave_hold,scratch_wr_v2_applied_wave_kp,scratch_wr_v2_applied_wave_kd
1,-5.572173595428467,-5.550269997911528e-05,-0.005550269997911528,10.306729078292847,10000,ppo,ppo,crawler,flat,thdot_dth_neighbours_plus_thdot_direct,,,,,,,,,,,,,,,0.00403347652985043,0,781,0.0,0.0,,,,,,,,,,,,,,,,,,,,,,,,,,,,,,,,,,,,,,,,,,,,,,,,,,,,,,,,,,,,,,,,,,,,,,,,,,nan,,,,,,,,,,,,,,,
2,0.5442501902580261,5.497423899214482e-06,0.0005497423899214482,20.24761652946472,10000,ppo,ppo,crawler,flat,thdot_dth_neighbours_plus_thdot_direct,,,,,,,,,,,,,,,0.0033779153876094844,0,781,0.0,0.0,,,,,,,,,,,,,,,,,,,,,,,,,,,,,,,,,,,,,,,,,,,,,,,,,,,,,,,,,,,,,,,,,,,,,,,,,,nan,,,,,,,,,,,,,,,
3,5.328954219818115,5.343206430552527e-05,0.005343206430552527,30.154018878936768,10000,ppo,ppo,crawler,flat,thdot_dth_neighbours_plus_thdot_direct,,,,,,,,,,,,,,,0.002149508110809208,0,781,0.0,0.0,,,,,,,,,,,,,,,,,,,,,,,,,,,,,,,,,,,,,,,,,,,,,,,,,,,,,,,,,,,,,,,,,,,,,,,,,,nan,,,,,,,,,,,,,,,
4,0.8203033804893494,8.671040632179938e-06,0.0008671040632179938,40.257872104644775,10000,ppo,ppo,crawler,flat,thdot_dth_neighbours_plus_thdot_direct,,,,,,,,,,,,,,,0.0025361441461865465,0,781,0.0,0.0,,,,,,,,,,,,,,,,,,,,,,,,,,,,,,,,,,,,,,,,,,,,,,,,,,,,,,,,,,,,,,,,,,,,,,,,,,nan,,,,,,,,,,,,,,,
5,1.9935120344161987,1.974400584003888e-05,0.001974400584003888,49.90051245689392,10000,ppo,ppo,crawler,flat,thdot_dth_neighbours_plus_thdot_direct,,,,,,,,,,,,,,,0.0022712767439585528,0,781,0.0,0.0,,,,,,,,,,,,,,,,,,,,,,,,,,,,,,,,,,,,,,,,,,,,,,,,,,,,,,,,,,,,,,,,,,,,,,,,,,nan,,,,,,,,,,,,,,,
6,-3.8445160388946533,-3.828465560218319e-05,-0.0038284655602183193,59.885220527648926,10000,ppo,ppo,crawler,flat,thdot_dth_neighbours_plus_thdot_direct,,,,,,,,,,,,,,,0.0016454727376695537,0,781,0.0,0.0,,,,,,,,,,,,,,,,,,,,,,,,,,,,,,,,,,,,,,,,,,,,,,,,,,,,,,,,,,,,,,,,,,,,,,,,,,nan,,,,,,,,,,,,,,,
7,-4.470846652984619,-4.499301940086298e-05,-0.004499301940086298,69.93750548362732,10000,ppo,ppo,crawler,flat,thdot_dth_neighbours_plus_thdot_direct,,,,,,,,,,,,,,,0.0014651992379731847,0,781,0.0,0.0,,,,,,,,,,,,,,,,,,,,,,,,,,,,,,,,,,,,,,,,,,,,,,,,,,,,,,,,,,,,,,,,,,,,,,,,,,nan,,,,,,,,,,,,,,,
8,-9.784239768981934,-9.80261029326357e-05,-0.00980261029326357,79.7061083316803,10000,ppo,ppo,crawler,flat,thdot_dth_neighbours_plus_thdot_direct,,,,,,,,,,,,,,,0.0016613539167299447,0,781,0.0,0.0,,,,,,,,,,,,,,,,,,,,,,,,,,,,,,,,,,,,,,,,,,,,,,,,,,,,,,,,,,,,,,,,,,,,,,,,,,nan,,,,,,,,,,,,,,,
9,7.781346321105957,7.791254756739363e-05,0.007791254756739363,89.45420956611633,10000,ppo,ppo,crawler,flat,thdot_dth_neighbours_plus_thdot_direct,,,,,,,,,,,,,,,0.0012440914219595902,0,781,0.0,0.0,,,,,,,,,,,,,,,,,,,,,,,,,,,,,,,,,,,,,,,,,,,,,,,,,,,,,,,,,,,,,,,,,,,,,,,,,,nan,,,,,,,,,,,,,,,
10,-0.10119666904211044,-7.885240052019071e-07,-7.885240052019071e-05,99.20516920089722,10000,ppo,ppo,crawler,flat,thdot_dth_neighbours_plus_thdot_direct,,,,,,,,,,,,,,,0.0012390325519658159,0,781,0.0,0.0,,,,,,,,,,,,,,,,,,,,,,,,,,,,,,,,,,,,,,,,,,,,,,,,,,,,,,,,,,,,,,,,,,,,,,,,,,nan,,,,,,,,,,,,,,,
11,4.516087532043457,4.4837361201643944e-05,0.004483736120164394,109.18397164344788,10000,ppo,ppo,crawler,flat,thdot_dth_neighbours_plus_thdot_direct,,,,,,,,,,,,,,,0.0010968092741789333,0,781,0.0,0.0,,,,,,,,,,,,,,,,,,,,,,,,,,,,,,,,,,,,,,,,,,,,,,,,,,,,,,,,,,,,,,,,,,,,,,,,,,nan,,,,,,,,,,,,,,,
12,-3.39103364944458,-3.3837375667644665e-05,-0.0033837375667644665,118.96273684501648,10000,ppo,ppo,crawler,flat,thdot_dth_neighbours_plus_thdot_direct,,,,,,,,,,,,,,,0.0014553535290667012,0,781,0.0,0.0,,,,,,,,,,,,,,,,,,,,,,,,,,,,,,,,,,,,,,,,,,,,,,,,,,,,,,,,,,,,,,,,,,,,,,,,,,nan,,,,,,,,,,,,,,,
13,-1.134252905845642,-1.1504010217322502e-05,-0.0011504010217322502,128.79150104522705,10000,ppo,ppo,crawler,flat,thdot_dth_neighbours_plus_thdot_direct,,,,,,,,,,,,,,,0.0010456531010472744,0,781,0.0,0.0,,,,,,,,,,,,,,,,,,,,,,,,,,,,,,,,,,,,,,,,,,,,,,,,,,,,,,,,,,,,,,,,,,,,,,,,,,nan,,,,,,,,,,,,,,,
14,-2.3506529331207275,-2.3278053049580194e-05,-0.0023278053049580194,138.9688606262207,10000,ppo,ppo,crawler,flat,thdot_dth_neighbours_plus_thdot_direct,,,,,,,,,,,,,,,0.0005902324549921773,0,781,0.0,0.0,,,,,,,,,,,,,,,,,,,,,,,,,,,,,,,,,,,,,,,,,,,,,,,,,,,,,,,,,,,,,,,,,,,,,,,,,,nan,,,,,,,,,,,,,,,
15,-8.427151679992676,-8.451960457023233e-05,-0.008451960457023233,149.1034939289093,10000,ppo,ppo,crawler,flat,thdot_dth_neighbours_plus_thdot_direct,,,,,,,,,,,,,,,0.002040455270458428,0,781,0.0,0.0,,,,,,,,,,,,,,,,,,,,,,,,,,,,,,,,,,,,,,,,,,,,,,,,,,,,,,,,,,,,,,,,,,,,,,,,,,nan,,,,,,,,,,,,,,,
16,-10.456850051879883,-0.00010437664604978636,-0.010437664604978636,159.39872288703918,10000,ppo,ppo,crawler,flat,thdot_dth_neighbours_plus_thdot_direct,,,,,,,,,,,,,,,0.0007605524264871072,0,781,0.0,0.0,,,,,,,,,,,,,,,,,,,,,,,,,,,,,,,,,,,,,,,,,,,,,,,,,,,,,,,,,,,,,,,,,,,,,,,,,,nan,,,,,,,,,,,,,,,
17,3.350733995437622,3.354523505549878e-05,0.003354523505549878,169.32360196113586,10000,ppo,ppo,crawler,flat,thdot_dth_neighbours_plus_thdot_direct,,,,,,,,,,,,,,,0.0009627210758280644,0,781,0.0,0.0,,,,,,,,,,,,,,,,,,,,,,,,,,,,,,,,,,,,,,,,,,,,,,,,,,,,,,,,,,,,,,,,,,,,,,,,,,nan,,,,,,,,,,,,,,,
18,10.895475387573242,0.00010856878361664712,0.010856878361664712,179.13646578788757,10000,ppo,ppo,crawler,flat,thdot_dth_neighbours_plus_thdot_direct,,,,,,,,,,,,,,,0.0019716931952380606,0,781,0.0,0.0,,,,,,,,,,,,,,,,,,,,,,,,,,,,,,,,,,,,,,,,,,,,,,,,,,,,,,,,,,,,,,,,,,,,,,,,,,nan,,,,,,,,,,,,,,,
19,-1.5288381576538086,-1.5331224858528003e-05,-0.0015331224858528003,189.21308851242065,10000,ppo,ppo,crawler,flat,thdot_dth_neighbours_plus_thdot_direct,,,,,,,,,,,,,,,0.0006335126978396492,0,781,0.0,0.0,,,,,,,,,,,,,,,,,,,,,,,,,,,,,,,,,,,,,,,,,,,,,,,,,,,,,,,,,,,,,,,,,,,,,,,,,,nan,,,,,,,,,,,,,,,
20,-0.8815714120864868,-9.278687684854958e-06,-0.0009278687684854958,199.14284205436707,10000,ppo,ppo,crawler,flat,thdot_dth_neighbours_plus_thdot_direct,,,,,,,,,,,,,,,0.001006293950945845,0,781,0.0,0.0,,,,,,,,,,,,,,,,,,,,,,,,,,,,,,,,,,,,,,,,,,,,,,,,,,,,,,,,,,,,,,,,,,,,,,,,,,nan,,,,,,,,,,,,,,,
21,4.645055294036865,4.6326207666425034e-05,0.0046326207666425034,209.22289156913757,10000,ppo,ppo,crawler,flat,thdot_dth_neighbours_plus_thdot_direct,,,,,,,,,,,,,,,0.0006862327272535115,0,781,0.0,0.0,,,,,,,,,,,,,,,,,,,,,,,,,,,,,,,,,,,,,,,,,,,,,,,,,,,,,,,,,,,,,,,,,,,,,,,,,,nan,,,,,,,,,,,,,,,
22,9.175079345703125,9.249741560779512e-05,0.009249741560779512,219.32697892189026,10000,ppo,ppo,crawler,flat,thdot_dth_neighbours_plus_thdot_direct,,,,,,,,,,,,,,,0.0006719253279498889,0,781,0.0,0.0,,,,,,,,,,,,,,,,,,,,,,,,,,,,,,,,,,,,,,,,,,,,,,,,,,,,,,,,,,,,,,,,,,,,,,,,,,nan,,,,,,,,,,,,,,,
23,7.160727024078369,7.131027814466506e-05,0.007131027814466506,229.0650134086609,10000,ppo,ppo,crawler,flat,thdot_dth_neighbours_plus_thdot_direct,,,,,,,,,,,,,,,0.0010415305199862365,0,781,0.0,0.0,,,,,,,,,,,,,,,,,,,,,,,,,,,,,,,,,,,,,,,,,,,,,,,,,,,,,,,,,,,,,,,,,,,,,,,,,,nan,,,,,,,,,,,,,,,
24,-0.3603222072124481,-3.8600392144871876e-06,-0.00038600392144871876,239.29349946975708,10000,ppo,ppo,crawler,flat,thdot_dth_neighbours_plus_thdot_direct,,,,,,,,,,,,,,,0.0014217113649708703,0,781,0.0,0.0,,,,,,,,,,,,,,,,,,,,,,,,,,,,,,,,,,,,,,,,,,,,,,,,,,,,,,,,,,,,,,,,,,,,,,,,,,nan,,,,,,,,,,,,,,,
25,19.447345733642578,0.00019467630772851408,0.019467630772851408,249.1708779335022,10000,ppo,ppo,crawler,flat,thdot_dth_neighbours_plus_thdot_direct,,,,,,,,,,,,,,,0.0012097496996370171,0,781,0.0,0.0,,,,,,,,,,,,,,,,,,,,,,,,,,,,,,,,,,,,,,,,,,,,,,,,,,,,,,,,,,,,,,,,,,,,,,,,,,nan,,,,,,,,,,,,,,,
26,18.815689086914062,0.00018802758131641895,0.018802758131641895,259.2188262939453,10000,ppo,ppo,crawler,flat,thdot_dth_neighbours_plus_thdot_direct,,,,,,,,,,,,,,,0.001138968849477147,0,781,0.0,0.0,,,,,,,,,,,,,,,,,,,,,,,,,,,,,,,,,,,,,,,,,,,,,,,,,,,,,,,,,,,,,,,,,,,,,,,,,,nan,,,,,,,,,,,,,,,
27,22.954971313476562,0.00022918461763765663,0.022918461763765663,269.255019903183,10000,ppo,ppo,crawler,flat,thdot_dth_neighbours_plus_thdot_direct,,,,,,,,,,,,,,,0.0013046423860178084,0,781,0.0,0.0,,,,,,,,,,,,,,,,,,,,,,,,,,,,,,,,,,,,,,,,,,,,,,,,,,,,,,,,,,,,,,,,,,,,,,,,,,nan,,,,,,,,,,,,,,,
28,30.889389038085938,0.0003084483905695379,0.030844839056953788,278.9771888256073,10000,ppo,ppo,crawler,flat,thdot_dth_neighbours_plus_thdot_direct,,,,,,,,,,,,,,,0.0017343653208264907,0,781,0.0,0.0,,,,,,,,,,,,,,,,,,,,,,,,,,,,,,,,,,,,,,,,,,,,,,,,,,,,,,,,,,,,,,,,,,,,,,,,,,nan,,,,,,,,,,,,,,,
29,49.966793060302734,0.0004990503075532615,0.04990503075532615,288.97544050216675,10000,ppo,ppo,crawler,flat,thdot_dth_neighbours_plus_thdot_direct,,,,,,,,,,,,,,,0.0010637750736737048,0,781,0.0,0.0,,,,,,,,,,,,,,,,,,,,,,,,,,,,,,,,,,,,,,,,,,,,,,,,,,,,,,,,,,,,,,,,,,,,,,,,,,nan,,,,,,,,,,,,,,,
30,58.29608917236328,0.0005816759075969458,0.058167590759694576,299.0256230831146,10000,ppo,ppo,crawler,flat,thdot_dth_neighbours_plus_thdot_direct,,,,,,,,,,,,,,,0.0015472788672247918,0,781,0.0,0.0,,,,,,,,,,,,,,,,,,,,,,,,,,,,,,,,,,,,,,,,,,,,,,,,,,,,,,,,,,,,,,,,,,,,,,,,,,nan,,,,,,,,,,,,,,,
31,52.915767669677734,0.0005285507068037987,0.05285507068037987,308.70778131484985,10000,ppo,ppo,crawler,flat,thdot_dth_neighbours_plus_thdot_direct,,,,,,,,,,,,,,,0.0014417983484084785,0,781,0.0,0.0,,,,,,,,,,,,,,,,,,,,,,,,,,,,,,,,,,,,,,,,,,,,,,,,,,,,,,,,,,,,,,,,,,,,,,,,,,nan,,,,,,,,,,,,,,,
32,76.33026123046875,0.0007632824708707631,0.0763282470870763,318.9651508331299,10000,ppo,ppo,crawler,flat,thdot_dth_neighbours_plus_thdot_direct,,,,,,,,,,,,,,,0.0014067199607361847,0,781,0.0,0.0,,,,,,,,,,,,,,,,,,,,,,,,,,,,,,,,,,,,,,,,,,,,,,,,,,,,,,,,,,,,,,,,,,,,,,,,,,nan,,,,,,,,,,,,,,,
33,137.115966796875,0.0013702574651688337,0.13702574651688337,329.0968744754791,10000,ppo,ppo,crawler,flat,thdot_dth_neighbours_plus_thdot_direct,,,,,,,,,,,,,,,0.0034144925691125374,0,781,0.0,0.0,,,,,,,,,,,,,,,,,,,,,,,,,,,,,,,,,,,,,,,,,,,,,,,,,,,,,,,,,,,,,,,,,,,,,,,,,,nan,,,,,,,,,,,,,,,
34,153.4457550048828,0.0015318843070417643,0.15318843070417643,338.9522714614868,10000,ppo,ppo,crawler,flat,thdot_dth_neighbours_plus_thdot_direct,,,,,,,,,,,,,,,0.00506741841274186,0,781,0.0,0.0,,,,,,,,,,,,,,,,,,,,,,,,,,,,,,,,,,,,,,,,,,,,,,,,,,,,,,,,,,,,,,,,,,,,,,,,,,nan,,,,,,,,,,,,,,,
35,267.8514709472656,0.0026765193324536085,0.26765193324536085,348.85199189186096,10000,ppo,ppo,crawler,flat,thdot_dth_neighbours_plus_thdot_direct,,,,,,,,,,,,,,,0.0064454166078224545,0,781,0.0,0.0,,,,,,,,,,,,,,,,,,,,,,,,,,,,,,,,,,,,,,,,,,,,,,,,,,,,,,,,,,,,,,,,,,,,,,,,,,nan,,,,,,,,,,,,,,,
36,390.7349853515625,0.0039019521791487932,0.3901952179148793,358.5667679309845,10000,ppo,ppo,crawler,flat,thdot_dth_neighbours_plus_thdot_direct,,,,,,,,,,,,,,,0.012474011950297388,0,781,0.0,0.0,,,,,,,,,,,,,,,,,,,,,,,,,,,,,,,,,,,,,,,,,,,,,,,,,,,,,,,,,,,,,,,,,,,,,,,,,,nan,,,,,,,,,,,,,,,
37,581.36767578125,0.005808955989778042,0.5808955989778042,369.206294298172,10000,ppo,ppo,crawler,flat,thdot_dth_neighbours_plus_thdot_direct,,,,,,,,,,,,,,,0.011719270855639721,0,781,0.0,0.0,,,,,,,,,,,,,,,,,,,,,,,,,,,,,,,,,,,,,,,,,,,,,,,,,,,,,,,,,,,,,,,,,,,,,,,,,,nan,,,,,,,,,,,,,,,
38,715.2669067382812,0.007145625073462725,0.7145625073462725,379.007440328598,10000,ppo,ppo,crawler,flat,thdot_dth_neighbours_plus_thdot_direct,,,,,,,,,,,,,,,0.00505324167192688,0,781,0.0,0.0,,,,,,,,,,,,,,,,,,,,,,,,,,,,,,,,,,,,,,,,,,,,,,,,,,,,,,,,,,,,,,,,,,,,,,,,,,nan,,,,,,,,,,,,,,,
39,888.5966796875,0.00887509249150753,0.887509249150753,388.9910650253296,10000,ppo,ppo,crawler,flat,thdot_dth_neighbours_plus_thdot_direct,,,,,,,,,,,,,,,0.010186853028646276,0,781,0.0,0.0,,,,,,,,,,,,,,,,,,,,,,,,,,,,,,,,,,,,,,,,,,,,,,,,,,,,,,,,,,,,,,,,,,,,,,,,,,nan,,,,,,,,,,,,,,,
40,898.6776733398438,0.008975992910563946,0.8975992910563946,399.16854453086853,10000,ppo,ppo,crawler,flat,thdot_dth_neighbours_plus_thdot_direct,,,,,,,,,,,,,,,0.01014975445192044,0,781,0.0,0.0,,,,,,,,,,,,,,,,,,,,,,,,,,,,,,,,,,,,,,,,,,,,,,,,,,,,,,,,,,,,,,,,,,,,,,,,,,nan,,,,,,,,,,,,,,,
41,980.7252197265625,0.00979822687804699,0.9798226878046989,409.02407455444336,10000,ppo,ppo,crawler,flat,thdot_dth_neighbours_plus_thdot_direct,,,,,,,,,,,,,,,0.011481429637227447,0,781,0.0,0.0,,,,,,,,,,,,,,,,,,,,,,,,,,,,,,,,,,,,,,,,,,,,,,,,,,,,,,,,,,,,,,,,,,,,,,,,,,nan,,,,,,,,,,,,,,,
42,1020.7081909179688,0.010196791030466557,1.0196791030466557,418.88808250427246,10000,ppo,ppo,crawler,flat,thdot_dth_neighbours_plus_thdot_direct,,,,,,,,,,,,,,,0.006514150171180457,0,781,0.0,0.0,,,,,,,,,,,,,,,,,,,,,,,,,,,,,,,,,,,,,,,,,,,,,,,,,,,,,,,,,,,,,,,,,,,,,,,,,,nan,,,,,,,,,,,,,,,
43,1128.8184814453125,0.011276579461991787,1.1276579461991787,428.6853792667389,10000,ppo,ppo,crawler,flat,thdot_dth_neighbours_plus_thdot_direct,,,,,,,,,,,,,,,0.005533360358748794,0,781,0.0,0.0,,,,,,,,,,,,,,,,,,,,,,,,,,,,,,,,,,,,,,,,,,,,,,,,,,,,,,,,,,,,,,,,,,,,,,,,,,nan,,,,,,,,,,,,,,,
44,1101.727294921875,0.01100604422390461,1.100604422390461,438.5079610347748,10000,ppo,ppo,crawler,flat,thdot_dth_neighbours_plus_thdot_direct,,,,,,,,,,,,,,,0.003714755020601294,0,781,0.0,0.0,,,,,,,,,,,,,,,,,,,,,,,,,,,,,,,,,,,,,,,,,,,,,,,,,,,,,,,,,,,,,,,,,,,,,,,,,,nan,,,,,,,,,,,,,,,
45,1154.22216796875,0.011530169285833836,1.1530169285833836,448.84611225128174,10000,ppo,ppo,crawler,flat,thdot_dth_neighbours_plus_thdot_direct,,,,,,,,,,,,,,,0.005904617316221339,0,781,0.0,0.0,,,,,,,,,,,,,,,,,,,,,,,,,,,,,,,,,,,,,,,,,,,,,,,,,,,,,,,,,,,,,,,,,,,,,,,,,,nan,,,,,,,,,,,,,,,
46,1202.847900390625,0.012016616761684418,1.2016616761684418,458.49517011642456,10000,ppo,ppo,crawler,flat,thdot_dth_neighbours_plus_thdot_direct,,,,,,,,,,,,,,,0.006603166709203772,0,781,0.0,0.0,,,,,,,,,,,,,,,,,,,,,,,,,,,,,,,,,,,,,,,,,,,,,,,,,,,,,,,,,,,,,,,,,,,,,,,,,,nan,,,,,,,,,,,,,,,
47,1224.7762451171875,0.01223579328507185,1.223579328507185,468.55372047424316,10000,ppo,ppo,crawler,flat,thdot_dth_neighbours_plus_thdot_direct,,,,,,,,,,,,,,,0.005000308786511083,0,781,0.0,0.0,,,,,,,,,,,,,,,,,,,,,,,,,,,,,,,,,,,,,,,,,,,,,,,,,,,,,,,,,,,,,,,,,,,,,,,,,,nan,,,,,,,,,,,,,,,
48,1247.249267578125,0.012458753772079945,1.2458753772079945,478.7674648761749,10000,ppo,ppo,crawler,flat,thdot_dth_neighbours_plus_thdot_direct,,,,,,,,,,,,,,,0.004072016594502537,0,781,0.0,0.0,,,,,,,,,,,,,,,,,,,,,,,,,,,,,,,,,,,,,,,,,,,,,,,,,,,,,,,,,,,,,,,,,,,,,,,,,,nan,,,,,,,,,,,,,,,
49,1193.8165283203125,0.011923321522772312,1.1923321522772312,488.4782598018646,10000,ppo,ppo,crawler,flat,thdot_dth_neighbours_plus_thdot_direct,,,,,,,,,,,,,,,0.004470769751463913,0,781,0.0,0.0,,,,,,,,,,,,,,,,,,,,,,,,,,,,,,,,,,,,,,,,,,,,,,,,,,,,,,,,,,,,,,,,,,,,,,,,,,nan,,,,,,,,,,,,,,,
50,1222.45947265625,0.012210407294332981,1.221040729433298,498.91704773902893,10000,ppo,ppo,crawler,flat,thdot_dth_neighbours_plus_thdot_direct,,,,,,,,,,,,,,,0.004423455014951726,0,781,0.0,0.0,,,,,,,,,,,,,,,,,,,,,,,,,,,,,,,,,,,,,,,,,,,,,,,,,,,,,,,,,,,,,,,,,,,,,,,,,,nan,,,,,,,,,,,,,,,
51,1242.77490234375,0.012415435165166855,1.2415435165166855,508.6895170211792,10000,ppo,ppo,crawler,flat,thdot_dth_neighbours_plus_thdot_direct,,,,,,,,,,,,,,,0.00521371012677795,0,781,0.0,0.0,,,,,,,,,,,,,,,,,,,,,,,,,,,,,,,,,,,,,,,,,,,,,,,,,,,,,,,,,,,,,,,,,,,,,,,,,,nan,,,,,,,,,,,,,,,
52,1227.4373779296875,0.012262529693543911,1.226252969354391,518.5280528068542,10000,ppo,ppo,crawler,flat,thdot_dth_neighbours_plus_thdot_direct,,,,,,,,,,,,,,,0.003650827358936703,0,781,0.0,0.0,,,,,,,,,,,,,,,,,,,,,,,,,,,,,,,,,,,,,,,,,,,,,,,,,,,,,,,,,,,,,,,,,,,,,,,,,,nan,,,,,,,,,,,,,,,
53,1181.9813232421875,0.01181055698543787,1.181055698543787,528.6127851009369,10000,ppo,ppo,crawler,flat,thdot_dth_neighbours_plus_thdot_direct,,,,,,,,,,,,,,,0.003107725473387378,0,781,0.0,0.0,,,,,,,,,,,,,,,,,,,,,,,,,,,,,,,,,,,,,,,,,,,,,,,,,,,,,,,,,,,,,,,,,,,,,,,,,,nan,,,,,,,,,,,,,,,
54,1219.4967041015625,0.012181571684777737,1.2181571684777737,538.2943332195282,10000,ppo,ppo,crawler,flat,thdot_dth_neighbours_plus_thdot_direct,,,,,,,,,,,,,,,0.003938380108404612,0,781,0.0,0.0,,,,,,,,,,,,,,,,,,,,,,,,,,,,,,,,,,,,,,,,,,,,,,,,,,,,,,,,,,,,,,,,,,,,,,,,,,nan,,,,,,,,,,,,,,,
55,1229.1873779296875,0.012278707697987556,1.2278707697987556,548.4521143436432,10000,ppo,ppo,crawler,flat,thdot_dth_neighbours_plus_thdot_direct,,,,,,,,,,,,,,,0.003882213774599858,0,781,0.0,0.0,,,,,,,,,,,,,,,,,,,,,,,,,,,,,,,,,,,,,,,,,,,,,,,,,,,,,,,,,,,,,,,,,,,,,,,,,,nan,,,,,,,,,,,,,,,
56,1238.1612548828125,0.012368286959826946,1.2368286959826946,558.2935829162598,10000,ppo,ppo,crawler,flat,thdot_dth_neighbours_plus_thdot_direct,,,,,,,,,,,,,,,0.004128972434026067,0,781,0.0,0.0,,,,,,,,,,,,,,,,,,,,,,,,,,,,,,,,,,,,,,,,,,,,,,,,,,,,,,,,,,,,,,,,,,,,,,,,,,nan,,,,,,,,,,,,,,,
57,1223.7137451171875,0.012223448604345322,1.2223448604345322,568.1754059791565,10000,ppo,ppo,crawler,flat,thdot_dth_neighbours_plus_thdot_direct,,,,,,,,,,,,,,,0.0035945179953577886,0,781,0.0,0.0,,,,,,,,,,,,,,,,,,,,,,,,,,,,,,,,,,,,,,,,,,,,,,,,,,,,,,,,,,,,,,,,,,,,,,,,,,nan,,,,,,,,,,,,,,,
58,1280.7864990234375,0.012794982641935349,1.2794982641935349,578.5929958820343,10000,ppo,ppo,crawler,flat,thdot_dth_neighbours_plus_thdot_direct,,,,,,,,,,,,,,,0.004038264798635541,0,781,0.0,0.0,,,,,,,,,,,,,,,,,,,,,,,,,,,,,,,,,,,,,,,,,,,,,,,,,,,,,,,,,,,,,,,,,,,,,,,,,,nan,,,,,,,,,,,,,,,
59,1358.37109375,0.013565749861299992,1.3565749861299992,588.3098521232605,10000,ppo,ppo,crawler,flat,thdot_dth_neighbours_plus_thdot_direct,,,,,,,,,,,,,,,0.0037168444460790773,0,781,0.0,0.0,,,,,,,,,,,,,,,,,,,,,,,,,,,,,,,,,,,,,,,,,,,,,,,,,,,,,,,,,,,,,,,,,,,,,,,,,,nan,,,,,,,,,,,,,,,
60,1356.0975341796875,0.013549024239182472,1.3549024239182472,598.7826015949249,10000,ppo,ppo,crawler,flat,thdot_dth_neighbours_plus_thdot_direct,,,,,,,,,,,,,,,0.003985257082400429,0,781,0.0,0.0,,,,,,,,,,,,,,,,,,,,,,,,,,,,,,,,,,,,,,,,,,,,,,,,,,,,,,,,,,,,,,,,,,,,,,,,,,nan,,,,,,,,,,,,,,,
61,1388.53173828125,0.013873275369405746,1.3873275369405746,608.7575576305389,10000,ppo,ppo,crawler,flat,thdot_dth_neighbours_plus_thdot_direct,,,,,,,,,,,,,,,0.0034995525803807374,0,781,0.0,0.0,,,,,,,,,,,,,,,,,,,,,,,,,,,,,,,,,,,,,,,,,,,,,,,,,,,,,,,,,,,,,,,,,,,,,,,,,,nan,,,,,,,,,,,,,,,
62,1382.6434326171875,0.0138115044683218,1.38115044683218,618.4230484962463,10000,ppo,ppo,crawler,flat,thdot_dth_neighbours_plus_thdot_direct,,,,,,,,,,,,,,,0.003495909929379125,0,781,0.0,0.0,,,,,,,,,,,,,,,,,,,,,,,,,,,,,,,,,,,,,,,,,,,,,,,,,,,,,,,,,,,,,,,,,,,,,,,,,,nan,,,,,,,,,,,,,,,
63,1325.76904296875,0.013243874534964561,1.3243874534964561,628.8496422767639,10000,ppo,ppo,crawler,flat,thdot_dth_neighbours_plus_thdot_direct,,,,,,,,,,,,,,,0.0034306357075349946,0,781,0.0,0.0,,,,,,,,,,,,,,,,,,,,,,,,,,,,,,,,,,,,,,,,,,,,,,,,,,,,,,,,,,,,,,,,,,,,,,,,,,nan,,,,,,,,,,,,,,,
64,1408.1187744140625,0.014065708965063095,1.4065708965063095,638.6961946487427,10000,ppo,ppo,crawler,flat,thdot_dth_neighbours_plus_thdot_direct,,,,,,,,,,,,,,,0.0031053287239323343,0,781,0.0,0.0,,,,,,,,,,,,,,,,,,,,,,,,,,,,,,,,,,,,,,,,,,,,,,,,,,,,,,,,,,,,,,,,,,,,,,,,,,nan,,,,,,,,,,,,,,,
65,1412.2298583984375,0.014109255746006966,1.4109255746006966,648.6302349567413,10000,ppo,ppo,crawler,flat,thdot_dth_neighbours_plus_thdot_direct,,,,,,,,,,,,,,,0.002797552061794923,0,781,0.0,0.0,,,,,,,,,,,,,,,,,,,,,,,,,,,,,,,,,,,,,,,,,,,,,,,,,,,,,,,,,,,,,,,,,,,,,,,,,,nan,,,,,,,,,,,,,,,
66,1441.2366943359375,0.014397557824850082,1.4397557824850082,658.9520883560181,10000,ppo,ppo,crawler,flat,thdot_dth_neighbours_plus_thdot_direct,,,,,,,,,,,,,,,0.003460508445115242,0,781,0.0,0.0,,,,,,,,,,,,,,,,,,,,,,,,,,,,,,,,,,,,,,,,,,,,,,,,,,,,,,,,,,,,,,,,,,,,,,,,,,nan,,,,,,,,,,,,,,,
67,1399.1549072265625,0.013974953442811966,1.3974953442811966,668.6900055408478,10000,ppo,ppo,crawler,flat,thdot_dth_neighbours_plus_thdot_direct,,,,,,,,,,,,,,,0.0035815102077506656,0,781,0.0,0.0,,,,,,,,,,,,,,,,,,,,,,,,,,,,,,,,,,,,,,,,,,,,,,,,,,,,,,,,,,,,,,,,,,,,,,,,,,nan,,,,,,,,,,,,,,,
68,1448.64208984375,0.014470034278929234,1.4470034278929234,678.810549736023,10000,ppo,ppo,crawler,flat,thdot_dth_neighbours_plus_thdot_direct,,,,,,,,,,,,,,,0.0034157245913932323,0,781,0.0,0.0,,,,,,,,,,,,,,,,,,,,,,,,,,,,,,,,,,,,,,,,,,,,,,,,,,,,,,,,,,,,,,,,,,,,,,,,,,nan,,,,,,,,,,,,,,,
69,1428.3988037109375,0.014270658604800701,1.4270658604800701,688.6849284172058,10000,ppo,ppo,crawler,flat,thdot_dth_neighbours_plus_thdot_direct,,,,,,,,,,,,,,,0.003780895364916761,0,781,0.0,0.0,,,,,,,,,,,,,,,,,,,,,,,,,,,,,,,,,,,,,,,,,,,,,,,,,,,,,,,,,,,,,,,,,,,,,,,,,,nan,,,,,,,,,,,,,,,
70,1422.9217529296875,0.01421393733471632,1.421393733471632,698.4699606895447,10000,ppo,ppo,crawler,flat,thdot_dth_neighbours_plus_thdot_direct,,,,,,,,,,,,,,,0.003519845927256683,0,781,0.0,0.0,,,,,,,,,,,,,,,,,,,,,,,,,,,,,,,,,,,,,,,,,,,,,,,,,,,,,,,,,,,,,,,,,,,,,,,,,,nan,,,,,,,,,,,,,,,
71,1476.616455078125,0.014751071110367775,1.4751071110367775,708.3388350009918,10000,ppo,ppo,crawler,flat,thdot_dth_neighbours_plus_thdot_direct,,,,,,,,,,,,,,,0.0038836025806397298,0,781,0.0,0.0,,,,,,,,,,,,,,,,,,,,,,,,,,,,,,,,,,,,,,,,,,,,,,,,,,,,,,,,,,,,,,,,,,,,,,,,,,nan,,,,,,,,,,,,,,,
72,1450.226318359375,0.014486739411950111,1.4486739411950111,717.9132945537567,10000,ppo,ppo,crawler,flat,thdot_dth_neighbours_plus_thdot_direct,,,,,,,,,,,,,,,0.0036887437454234833,0,781,0.0,0.0,,,,,,,,,,,,,,,,,,,,,,,,,,,,,,,,,,,,,,,,,,,,,,,,,,,,,,,,,,,,,,,,,,,,,,,,,,nan,,,,,,,,,,,,,,,
73,1485.8021240234375,0.014844071120023727,1.4844071120023727,728.1800057888031,10000,ppo,ppo,crawler,flat,thdot_dth_neighbours_plus_thdot_direct,,,,,,,,,,,,,,,0.004206864115954367,0,781,0.0,0.0,,,,,,,,,,,,,,,,,,,,,,,,,,,,,,,,,,,,,,,,,,,,,,,,,,,,,,,,,,,,,,,,,,,,,,,,,,nan,,,,,,,,,,,,,,,
74,1460.3607177734375,0.0145877655595541,1.45877655595541,738.4936270713806,10000,ppo,ppo,crawler,flat,thdot_dth_neighbours_plus_thdot_direct,,,,,,,,,,,,,,,0.003672459482797093,0,781,0.0,0.0,,,,,,,,,,,,,,,,,,,,,,,,,,,,,,,,,,,,,,,,,,,,,,,,,,,,,,,,,,,,,,,,,,,,,,,,,,nan,,,,,,,,,,,,,,,
75,1459.7783203125,0.014584090560674667,1.4584090560674667,748.3818233013153,10000,ppo,ppo,crawler,flat,thdot_dth_neighbours_plus_thdot_direct,,,,,,,,,,,,,,,0.003921196650509819,0,781,0.0,0.0,,,,,,,,,,,,,,,,,,,,,,,,,,,,,,,,,,,,,,,,,,,,,,,,,,,,,,,,,,,,,,,,,,,,,,,,,,nan,,,,,,,,,,,,,,,
76,1463.4986572265625,0.014620417729020119,1.4620417729020119,758.6908781528473,10000,ppo,ppo,crawler,flat,thdot_dth_neighbours_plus_thdot_direct,,,,,,,,,,,,,,,0.003413041227558651,0,781,0.0,0.0,,,,,,,,,,,,,,,,,,,,,,,,,,,,,,,,,,,,,,,,,,,,,,,,,,,,,,,,,,,,,,,,,,,,,,,,,,nan,,,,,,,,,,,,,,,
77,1448.9476318359375,0.01447488646954298,1.447488646954298,768.5964543819427,10000,ppo,ppo,crawler,flat,thdot_dth_neighbours_plus_thdot_direct,,,,,,,,,,,,,,,0.004186009774946044,0,781,0.0,0.0,,,,,,,,,,,,,,,,,,,,,,,,,,,,,,,,,,,,,,,,,,,,,,,,,,,,,,,,,,,,,,,,,,,,,,,,,,nan,,,,,,,,,,,,,,,
78,1456.711669921875,0.014555269852280617,1.4555269852280617,778.3595793247223,10000,ppo,ppo,crawler,flat,thdot_dth_neighbours_plus_thdot_direct,,,,,,,,,,,,,,,0.003180158818215547,0,781,0.0,0.0,,,,,,,,,,,,,,,,,,,,,,,,,,,,,,,,,,,,,,,,,,,,,,,,,,,,,,,,,,,,,,,,,,,,,,,,,,nan,,,,,,,,,,,,,,,
79,1418.1483154296875,0.01416759192943573,1.416759192943573,788.1461334228516,10000,ppo,ppo,crawler,flat,thdot_dth_neighbours_plus_thdot_direct,,,,,,,,,,,,,,,0.0036540043739398506,0,781,0.0,0.0,,,,,,,,,,,,,,,,,,,,,,,,,,,,,,,,,,,,,,,,,,,,,,,,,,,,,,,,,,,,,,,,,,,,,,,,,,nan,,,,,,,,,,,,,,,
80,1343.202392578125,0.013416369445621967,1.3416369445621967,797.9594130516052,10000,ppo,ppo,crawler,flat,thdot_dth_neighbours_plus_thdot_direct,,,,,,,,,,,,,,,0.004491953497113647,0,781,0.0,0.0,,,,,,,,,,,,,,,,,,,,,,,,,,,,,,,,,,,,,,,,,,,,,,,,,,,,,,,,,,,,,,,,,,,,,,,,,,nan,,,,,,,,,,,,,,,
81,1390.749267578125,0.013894380070269108,1.3894380070269108,808.1866805553436,10000,ppo,ppo,crawler,flat,thdot_dth_neighbours_plus_thdot_direct,,,,,,,,,,,,,,,0.00350952482918049,0,781,0.0,0.0,,,,,,,,,,,,,,,,,,,,,,,,,,,,,,,,,,,,,,,,,,,,,,,,,,,,,,,,,,,,,,,,,,,,,,,,,,nan,,,,,,,,,,,,,,,
82,1371.3167724609375,0.013699883595108986,1.3699883595108986,817.8336963653564,10000,ppo,ppo,crawler,flat,thdot_dth_neighbours_plus_thdot_direct,,,,,,,,,,,,,,,0.0037579401195124637,0,781,0.0,0.0,,,,,,,,,,,,,,,,,,,,,,,,,,,,,,,,,,,,,,,,,,,,,,,,,,,,,,,,,,,,,,,,,,,,,,,,,,nan,,,,,,,,,,,,,,,
83,1379.67431640625,0.013781332410871983,1.3781332410871983,827.5896923542023,10000,ppo,ppo,crawler,flat,thdot_dth_neighbours_plus_thdot_direct,,,,,,,,,,,,,,,0.004883885578867249,0,781,0.0,0.0,,,,,,,,,,,,,,,,,,,,,,,,,,,,,,,,,,,,,,,,,,,,,,,,,,,,,,,,,,,,,,,,,,,,,,,,,,nan,,,,,,,,,,,,,,,
84,1357.3206787109375,0.013558019883930683,1.3558019883930683,837.5783891677856,10000,ppo,ppo,crawler,flat,thdot_dth_neighbours_plus_thdot_direct,,,,,,,,,,,,,,,0.005749099763251634,0,781,0.0,0.0,,,,,,,,,,,,,,,,,,,,,,,,,,,,,,,,,,,,,,,,,,,,,,,,,,,,,,,,,,,,,,,,,,,,,,,,,,nan,,,,,,,,,,,,,,,
85,1446.334228515625,0.014449258334934711,1.4449258334934711,847.5018990039825,10000,ppo,ppo,crawler,flat,thdot_dth_neighbours_plus_thdot_direct,,,,,,,,,,,,,,,0.003800783401472167,0,781,0.0,0.0,,,,,,,,,,,,,,,,,,,,,,,,,,,,,,,,,,,,,,,,,,,,,,,,,,,,,,,,,,,,,,,,,,,,,,,,,,nan,,,,,,,,,,,,,,,
86,1429.6595458984375,0.014281846582889557,1.4281846582889557,857.6354601383209,10000,ppo,ppo,crawler,flat,thdot_dth_neighbours_plus_thdot_direct,,,,,,,,,,,,,,,0.0034711012880877944,0,781,0.0,0.0,,,,,,,,,,,,,,,,,,,,,,,,,,,,,,,,,,,,,,,,,,,,,,,,,,,,,,,,,,,,,,,,,,,,,,,,,,nan,,,,,,,,,,,,,,,
87,1468.194580078125,0.014667879790067673,1.4667879790067673,867.5819926261902,10000,ppo,ppo,crawler,flat,thdot_dth_neighbours_plus_thdot_direct,,,,,,,,,,,,,,,0.00406615090666169,0,781,0.0,0.0,,,,,,,,,,,,,,,,,,,,,,,,,,,,,,,,,,,,,,,,,,,,,,,,,,,,,,,,,,,,,,,,,,,,,,,,,,nan,,,,,,,,,,,,,,,
88,1511.1103515625,0.015094203874468803,1.5094203874468803,877.7476363182068,10000,ppo,ppo,crawler,flat,thdot_dth_neighbours_plus_thdot_direct,,,,,,,,,,,,,,,0.0031799715288903132,0,781,0.0,0.0,,,,,,,,,,,,,,,,,,,,,,,,,,,,,,,,,,,,,,,,,,,,,,,,,,,,,,,,,,,,,,,,,,,,,,,,,,nan,,,,,,,,,,,,,,,
89,1502.832275390625,0.015015184879302979,1.5015184879302979,887.799174785614,10000,ppo,ppo,crawler,flat,thdot_dth_neighbours_plus_thdot_direct,,,,,,,,,,,,,,,0.00373012706997936,0,781,0.0,0.0,,,,,,,,,,,,,,,,,,,,,,,,,,,,,,,,,,,,,,,,,,,,,,,,,,,,,,,,,,,,,,,,,,,,,,,,,,nan,,,,,,,,,,,,,,,
90,1561.6676025390625,0.015602466650307178,1.5602466650307178,897.4702413082123,10000,ppo,ppo,crawler,flat,thdot_dth_neighbours_plus_thdot_direct,,,,,,,,,,,,,,,0.0031956306527238794,0,781,0.0,0.0,,,,,,,,,,,,,,,,,,,,,,,,,,,,,,,,,,,,,,,,,,,,,,,,,,,,,,,,,,,,,,,,,,,,,,,,,,nan,,,,,,,,,,,,,,,
91,1489.6844482421875,0.014878634363412857,1.4878634363412857,907.4945228099823,10000,ppo,ppo,crawler,flat,thdot_dth_neighbours_plus_thdot_direct,,,,,,,,,,,,,,,0.0035228885385806,0,781,0.0,0.0,,,,,,,,,,,,,,,,,,,,,,,,,,,,,,,,,,,,,,,,,,,,,,,,,,,,,,,,,,,,,,,,,,,,,,,,,,nan,,,,,,,,,,,,,,,
92,1511.437744140625,0.015100609511137009,1.5100609511137009,917.6353900432587,10000,ppo,ppo,crawler,flat,thdot_dth_neighbours_plus_thdot_direct,,,,,,,,,,,,,,,0.0038329442442514893,0,781,0.0,0.0,,,,,,,,,,,,,,,,,,,,,,,,,,,,,,,,,,,,,,,,,,,,,,,,,,,,,,,,,,,,,,,,,,,,,,,,,,nan,,,,,,,,,,,,,,,
93,1509.4478759765625,0.015078643336892128,1.5078643336892128,927.4100251197815,10000,ppo,ppo,crawler,flat,thdot_dth_neighbours_plus_thdot_direct,,,,,,,,,,,,,,,0.0033933012611492407,0,781,0.0,0.0,,,,,,,,,,,,,,,,,,,,,,,,,,,,,,,,,,,,,,,,,,,,,,,,,,,,,,,,,,,,,,,,,,,,,,,,,,nan,,,,,,,,,,,,,,,
94,1583.2655029296875,0.015816964209079742,1.5816964209079742,937.4781033992767,10000,ppo,ppo,crawler,flat,thdot_dth_neighbours_plus_thdot_direct,,,,,,,,,,,,,,,0.004262975676562872,0,781,0.0,0.0,,,,,,,,,,,,,,,,,,,,,,,,,,,,,,,,,,,,,,,,,,,,,,,,,,,,,,,,,,,,,,,,,,,,,,,,,,nan,,,,,,,,,,,,,,,
95,1554.3779296875,0.015526865608990192,1.5526865608990192,947.7268846035004,10000,ppo,ppo,crawler,flat,thdot_dth_neighbours_plus_thdot_direct,,,,,,,,,,,,,,,0.0038302756366841266,0,781,0.0,0.0,,,,,,,,,,,,,,,,,,,,,,,,,,,,,,,,,,,,,,,,,,,,,,,,,,,,,,,,,,,,,,,,,,,,,,,,,,nan,,,,,,,,,,,,,,,
96,1542.0238037109375,0.015403037890791893,1.5403037890791893,957.7858879566193,10000,ppo,ppo,crawler,flat,thdot_dth_neighbours_plus_thdot_direct,,,,,,,,,,,,,,,0.003228585118392639,0,781,0.0,0.0,,,,,,,,,,,,,,,,,,,,,,,,,,,,,,,,,,,,,,,,,,,,,,,,,,,,,,,,,,,,,,,,,,,,,,,,,,nan,,,,,,,,,,,,,,,
97,1467.275390625,0.014658911153674126,1.4658911153674126,967.7093589305878,10000,ppo,ppo,crawler,flat,thdot_dth_neighbours_plus_thdot_direct,,,,,,,,,,,,,,,0.00482814226623429,0,781,0.0,0.0,,,,,,,,,,,,,,,,,,,,,,,,,,,,,,,,,,,,,,,,,,,,,,,,,,,,,,,,,,,,,,,,,,,,,,,,,,nan,,,,,,,,,,,,,,,
98,1518.185546875,0.015165368095040321,1.5165368095040321,977.8155369758606,10000,ppo,ppo,crawler,flat,thdot_dth_neighbours_plus_thdot_direct,,,,,,,,,,,,,,,0.003814320001270813,0,781,0.0,0.0,,,,,,,,,,,,,,,,,,,,,,,,,,,,,,,,,,,,,,,,,,,,,,,,,,,,,,,,,,,,,,,,,,,,,,,,,,nan,,,,,,,,,,,,,,,
99,1487.7740478515625,0.014862969517707825,1.4862969517707825,988.1984553337097,10000,ppo,ppo,crawler,flat,thdot_dth_neighbours_plus_thdot_direct,,,,,,,,,,,,,,,0.0032678986304088982,0,781,0.0,0.0,,,,,,,,,,,,,,,,,,,,,,,,,,,,,,,,,,,,,,,,,,,,,,,,,,,,,,,,,,,,,,,,,,,,,,,,,,nan,,,,,,,,,,,,,,,
100,1461.7860107421875,0.014602706767618656,1.4602706767618656,998.4071705341339,10000,ppo,ppo,crawler,flat,thdot_dth_neighbours_plus_thdot_direct,,,,,,,,,,,,,,,0.004360044118279959,0,781,0.0,0.0,,,,,,,,,,,,,,,,,,,,,,,,,,,,,,,,,,,,,,,,,,,,,,,,,,,,,,,,,,,,,,,,,,,,,,,,,,nan,,,,,,,,,,,,,,,
101,1503.8148193359375,0.015020268969237804,1.5020268969237804,1008.3630771636963,10000,ppo,ppo,crawler,flat,thdot_dth_neighbours_plus_thdot_direct,,,,,,,,,,,,,,,0.004089574089854598,0,781,0.0,0.0,,,,,,,,,,,,,,,,,,,,,,,,,,,,,,,,,,,,,,,,,,,,,,,,,,,,,,,,,,,,,,,,,,,,,,,,,,nan,,,,,,,,,,,,,,,
102,1421.5692138671875,0.014200454577803612,1.4200454577803612,1018.2277841567993,10000,ppo,ppo,crawler,flat,thdot_dth_neighbours_plus_thdot_direct,,,,,,,,,,,,,,,0.005004830596972146,0,781,0.0,0.0,,,,,,,,,,,,,,,,,,,,,,,,,,,,,,,,,,,,,,,,,,,,,,,,,,,,,,,,,,,,,,,,,,,,,,,,,,nan,,,,,,,,,,,,,,,
103,1436.130126953125,0.01434863731265068,1.434863731265068,1028.4964022636414,10000,ppo,ppo,crawler,flat,thdot_dth_neighbours_plus_thdot_direct,,,,,,,,,,,,,,,0.00443324230476103,0,781,0.0,0.0,,,,,,,,,,,,,,,,,,,,,,,,,,,,,,,,,,,,,,,,,,,,,,,,,,,,,,,,,,,,,,,,,,,,,,,,,,nan,,,,,,,,,,,,,,,
104,1532.1988525390625,0.015305017121136189,1.5305017121136189,1038.4835720062256,10000,ppo,ppo,crawler,flat,thdot_dth_neighbours_plus_thdot_direct,,,,,,,,,,,,,,,0.00286428418570531,0,781,0.0,0.0,,,,,,,,,,,,,,,,,,,,,,,,,,,,,,,,,,,,,,,,,,,,,,,,,,,,,,,,,,,,,,,,,,,,,,,,,,nan,,,,,,,,,,,,,,,
105,1552.2962646484375,0.015506371855735779,1.5506371855735779,1048.2959547042847,10000,ppo,ppo,crawler,flat,thdot_dth_neighbours_plus_thdot_direct,,,,,,,,,,,,,,,0.003581987681028212,0,781,0.0,0.0,,,,,,,,,,,,,,,,,,,,,,,,,,,,,,,,,,,,,,,,,,,,,,,,,,,,,,,,,,,,,,,,,,,,,,,,,,nan,,,,,,,,,,,,,,,
106,1624.5438232421875,0.016227049753069878,1.6227049753069878,1058.0529363155365,10000,ppo,ppo,crawler,flat,thdot_dth_neighbours_plus_thdot_direct,,,,,,,,,,,,,,,0.003543425743301718,0,781,0.0,0.0,,,,,,,,,,,,,,,,,,,,,,,,,,,,,,,,,,,,,,,,,,,,,,,,,,,,,,,,,,,,,,,,,,,,,,,,,,nan,,,,,,,,,,,,,,,
107,1585.6529541015625,0.01584007404744625,1.584007404744625,1068.265872001648,10000,ppo,ppo,crawler,flat,thdot_dth_neighbours_plus_thdot_direct,,,,,,,,,,,,,,,0.003030454009003396,0,781,0.0,0.0,,,,,,,,,,,,,,,,,,,,,,,,,,,,,,,,,,,,,,,,,,,,,,,,,,,,,,,,,,,,,,,,,,,,,,,,,,nan,,,,,,,,,,,,,,,
108,1520.3642578125,0.015188924968242645,1.5188924968242645,1078.0830447673798,10000,ppo,ppo,crawler,flat,thdot_dth_neighbours_plus_thdot_direct,,,,,,,,,,,,,,,0.00368360345841113,0,781,0.0,0.0,,,,,,,,,,,,,,,,,,,,,,,,,,,,,,,,,,,,,,,,,,,,,,,,,,,,,,,,,,,,,,,,,,,,,,,,,,nan,,,,,,,,,,,,,,,
109,1596.2177734375,0.015947256237268448,1.5947256237268448,1088.10276055336,10000,ppo,ppo,crawler,flat,thdot_dth_neighbours_plus_thdot_direct,,,,,,,,,,,,,,,0.003484342126500338,0,781,0.0,0.0,,,,,,,,,,,,,,,,,,,,,,,,,,,,,,,,,,,,,,,,,,,,,,,,,,,,,,,,,,,,,,,,,,,,,,,,,,nan,,,,,,,,,,,,,,,
110,1598.3541259765625,0.01596722938120365,1.5967229381203651,1097.8569147586823,10000,ppo,ppo,crawler,flat,thdot_dth_neighbours_plus_thdot_direct,,,,,,,,,,,,,,,0.0034331515938694434,0,781,0.0,0.0,,,,,,,,,,,,,,,,,,,,,,,,,,,,,,,,,,,,,,,,,,,,,,,,,,,,,,,,,,,,,,,,,,,,,,,,,,nan,,,,,,,,,,,,,,,
111,1555.613525390625,0.015540464781224728,1.5540464781224728,1107.7224991321564,10000,ppo,ppo,crawler,flat,thdot_dth_neighbours_plus_thdot_direct,,,,,,,,,,,,,,,0.002974156106300273,0,781,0.0,0.0,,,,,,,,,,,,,,,,,,,,,,,,,,,,,,,,,,,,,,,,,,,,,,,,,,,,,,,,,,,,,,,,,,,,,,,,,,nan,,,,,,,,,,,,,,,
112,1517.7816162109375,0.015161710791289806,1.5161710791289806,1117.6289517879486,10000,ppo,ppo,crawler,flat,thdot_dth_neighbours_plus_thdot_direct,,,,,,,,,,,,,,,0.005004896586170743,0,781,0.0,0.0,,,,,,,,,,,,,,,,,,,,,,,,,,,,,,,,,,,,,,,,,,,,,,,,,,,,,,,,,,,,,,,,,,,,,,,,,,nan,,,,,,,,,,,,,,,
113,1578.32373046875,0.015763089060783386,1.5763089060783386,1127.3602137565613,10000,ppo,ppo,crawler,flat,thdot_dth_neighbours_plus_thdot_direct,,,,,,,,,,,,,,,0.004040541455862471,0,781,0.0,0.0,,,,,,,,,,,,,,,,,,,,,,,,,,,,,,,,,,,,,,,,,,,,,,,,,,,,,,,,,,,,,,,,,,,,,,,,,,nan,,,,,,,,,,,,,,,
114,1570.145751953125,0.01568532921373844,1.5685329213738441,1137.4501798152924,10000,ppo,ppo,crawler,flat,thdot_dth_neighbours_plus_thdot_direct,,,,,,,,,,,,,,,0.0034067984090733125,0,781,0.0,0.0,,,,,,,,,,,,,,,,,,,,,,,,,,,,,,,,,,,,,,,,,,,,,,,,,,,,,,,,,,,,,,,,,,,,,,,,,,nan,,,,,,,,,,,,,,,
115,1576.8907470703125,0.01575472764670849,1.5754727646708488,1147.2156462669373,10000,ppo,ppo,crawler,flat,thdot_dth_neighbours_plus_thdot_direct,,,,,,,,,,,,,,,0.0036993560858426407,0,781,0.0,0.0,,,,,,,,,,,,,,,,,,,,,,,,,,,,,,,,,,,,,,,,,,,,,,,,,,,,,,,,,,,,,,,,,,,,,,,,,,nan,,,,,,,,,,,,,,,
116,1722.9940185546875,0.017213359475135803,1.7213359475135803,1157.151710987091,10000,ppo,ppo,crawler,flat,thdot_dth_neighbours_plus_thdot_direct,,,,,,,,,,,,,,,0.002890869205477881,0,781,0.0,0.0,,,,,,,,,,,,,,,,,,,,,,,,,,,,,,,,,,,,,,,,,,,,,,,,,,,,,,,,,,,,,,,,,,,,,,,,,,nan,,,,,,,,,,,,,,,
117,1604.4921875,0.01602884568274021,1.6028845682740211,1167.0664706230164,10000,ppo,ppo,crawler,flat,thdot_dth_neighbours_plus_thdot_direct,,,,,,,,,,,,,,,0.0035590476250126476,0,781,0.0,0.0,,,,,,,,,,,,,,,,,,,,,,,,,,,,,,,,,,,,,,,,,,,,,,,,,,,,,,,,,,,,,,,,,,,,,,,,,,nan,,,,,,,,,,,,,,,
118,1553.242919921875,0.015513286925852299,1.5513286925852299,1176.820865392685,10000,ppo,ppo,crawler,flat,thdot_dth_neighbours_plus_thdot_direct,,,,,,,,,,,,,,,0.002589721993197011,0,781,0.0,0.0,,,,,,,,,,,,,,,,,,,,,,,,,,,,,,,,,,,,,,,,,,,,,,,,,,,,,,,,,,,,,,,,,,,,,,,,,,nan,,,,,,,,,,,,,,,
119,1577.77734375,0.015761028975248337,1.5761028975248337,1186.9063909053802,10000,ppo,ppo,crawler,flat,thdot_dth_neighbours_plus_thdot_direct,,,,,,,,,,,,,,,0.0031872003110247965,0,781,0.0,0.0,,,,,,,,,,,,,,,,,,,,,,,,,,,,,,,,,,,,,,,,,,,,,,,,,,,,,,,,,,,,,,,,,,,,,,,,,,nan,,,,,,,,,,,,,,,
120,1595.2896728515625,0.015938056632876396,1.5938056632876396,1196.8663349151611,10000,ppo,ppo,crawler,flat,thdot_dth_neighbours_plus_thdot_direct,,,,,,,,,,,,,,,0.002736608126165632,0,781,0.0,0.0,,,,,,,,,,,,,,,,,,,,,,,,,,,,,,,,,,,,,,,,,,,,,,,,,,,,,,,,,,,,,,,,,,,,,,,,,,nan,,,,,,,,,,,,,,,
121,1589.623046875,0.01588185504078865,1.588185504078865,1206.631971359253,10000,ppo,ppo,crawler,flat,thdot_dth_neighbours_plus_thdot_direct,,,,,,,,,,,,,,,0.003125343433551165,0,781,0.0,0.0,,,,,,,,,,,,,,,,,,,,,,,,,,,,,,,,,,,,,,,,,,,,,,,,,,,,,,,,,,,,,,,,,,,,,,,,,,nan,,,,,,,,,,,,,,,
122,1592.4158935546875,0.015907466411590576,1.5907466411590576,1216.5370564460754,10000,ppo,ppo,crawler,flat,thdot_dth_neighbours_plus_thdot_direct,,,,,,,,,,,,,,,0.00320441232065168,0,781,0.0,0.0,,,,,,,,,,,,,,,,,,,,,,,,,,,,,,,,,,,,,,,,,,,,,,,,,,,,,,,,,,,,,,,,,,,,,,,,,,nan,,,,,,,,,,,,,,,
123,1583.9447021484375,0.015821631997823715,1.5821631997823715,1226.0914373397827,10000,ppo,ppo,crawler,flat,thdot_dth_neighbours_plus_thdot_direct,,,,,,,,,,,,,,,0.0039022404041393686,0,781,0.0,0.0,,,,,,,,,,,,,,,,,,,,,,,,,,,,,,,,,,,,,,,,,,,,,,,,,,,,,,,,,,,,,,,,,,,,,,,,,,nan,,,,,,,,,,,,,,,
124,1623.4090576171875,0.016215480864048004,1.6215480864048004,1235.897302865982,10000,ppo,ppo,crawler,flat,thdot_dth_neighbours_plus_thdot_direct,,,,,,,,,,,,,,,0.0036302774765742786,0,781,0.0,0.0,,,,,,,,,,,,,,,,,,,,,,,,,,,,,,,,,,,,,,,,,,,,,,,,,,,,,,,,,,,,,,,,,,,,,,,,,,nan,,,,,,,,,,,,,,,
125,1640.4254150390625,0.016385378316044807,1.6385378316044807,1245.848904132843,10000,ppo,ppo,crawler,flat,thdot_dth_neighbours_plus_thdot_direct,,,,,,,,,,,,,,,0.0034053942312513162,0,781,0.0,0.0,,,,,,,,,,,,,,,,,,,,,,,,,,,,,,,,,,,,,,,,,,,,,,,,,,,,,,,,,,,,,,,,,,,,,,,,,,nan,,,,,,,,,,,,,,,
126,1630.7113037109375,0.016287492588162422,1.6287492588162422,1255.6548690795898,10000,ppo,ppo,crawler,flat,thdot_dth_neighbours_plus_thdot_direct,,,,,,,,,,,,,,,0.0030248407757803627,0,781,0.0,0.0,,,,,,,,,,,,,,,,,,,,,,,,,,,,,,,,,,,,,,,,,,,,,,,,,,,,,,,,,,,,,,,,,,,,,,,,,,nan,,,,,,,,,,,,,,,
127,1755.4068603515625,0.017536086961627007,1.7536086961627007,1265.6903049945831,10000,ppo,ppo,crawler,flat,thdot_dth_neighbours_plus_thdot_direct,,,,,,,,,,,,,,,0.0028332022478301457,0,781,0.0,0.0,,,,,,,,,,,,,,,,,,,,,,,,,,,,,,,,,,,,,,,,,,,,,,,,,,,,,,,,,,,,,,,,,,,,,,,,,,nan,,,,,,,,,,,,,,,
128,1627.4793701171875,0.016258809715509415,1.6258809715509415,1275.677283525467,10000,ppo,ppo,crawler,flat,thdot_dth_neighbours_plus_thdot_direct,,,,,,,,,,,,,,,0.0041024039664296795,0,781,0.0,0.0,,,,,,,,,,,,,,,,,,,,,,,,,,,,,,,,,,,,,,,,,,,,,,,,,,,,,,,,,,,,,,,,,,,,,,,,,,nan,,,,,,,,,,,,,,,
129,1754.1156005859375,0.017523104324936867,1.7523104324936867,1285.4696259498596,10000,ppo,ppo,crawler,flat,thdot_dth_neighbours_plus_thdot_direct,,,,,,,,,,,,,,,0.0032319053832295273,0,781,0.0,0.0,,,,,,,,,,,,,,,,,,,,,,,,,,,,,,,,,,,,,,,,,,,,,,,,,,,,,,,,,,,,,,,,,,,,,,,,,,nan,,,,,,,,,,,,,,,
130,1736.6331787109375,0.017349964007735252,1.7349964007735252,1295.464970588684,10000,ppo,ppo,crawler,flat,thdot_dth_neighbours_plus_thdot_direct,,,,,,,,,,,,,,,0.0032477447293522625,0,781,0.0,0.0,,,,,,,,,,,,,,,,,,,,,,,,,,,,,,,,,,,,,,,,,,,,,,,,,,,,,,,,,,,,,,,,,,,,,,,,,,nan,,,,,,,,,,,,,,,
131,1745.9429931640625,0.017440510913729668,1.7440510913729668,1305.0983700752258,10000,ppo,ppo,crawler,flat,thdot_dth_neighbours_plus_thdot_direct,,,,,,,,,,,,,,,0.0030633870525054543,0,781,0.0,0.0,,,,,,,,,,,,,,,,,,,,,,,,,,,,,,,,,,,,,,,,,,,,,,,,,,,,,,,,,,,,,,,,,,,,,,,,,,nan,,,,,,,,,,,,,,,
132,1724.704345703125,0.017226822674274445,1.7226822674274445,1315.3453369140625,10000,ppo,ppo,crawler,flat,thdot_dth_neighbours_plus_thdot_direct,,,,,,,,,,,,,,,0.0036042128472072318,0,781,0.0,0.0,,,,,,,,,,,,,,,,,,,,,,,,,,,,,,,,,,,,,,,,,,,,,,,,,,,,,,,,,,,,,,,,,,,,,,,,,,nan,,,,,,,,,,,,,,,
133,1785.798095703125,0.01783718355000019,1.783718355000019,1325.1027891635895,10000,ppo,ppo,crawler,flat,thdot_dth_neighbours_plus_thdot_direct,,,,,,,,,,,,,,,0.0027804887768524494,0,781,0.0,0.0,,,,,,,,,,,,,,,,,,,,,,,,,,,,,,,,,,,,,,,,,,,,,,,,,,,,,,,,,,,,,,,,,,,,,,,,,,nan,,,,,,,,,,,,,,,
134,1755.916015625,0.01754038594663143,1.7540385946631432,1334.9879748821259,10000,ppo,ppo,crawler,flat,thdot_dth_neighbours_plus_thdot_direct,,,,,,,,,,,,,,,0.002864790381743767,0,781,0.0,0.0,,,,,,,,,,,,,,,,,,,,,,,,,,,,,,,,,,,,,,,,,,,,,,,,,,,,,,,,,,,,,,,,,,,,,,,,,,nan,,,,,,,,,,,,,,,
135,1746.6011962890625,0.01744898222386837,1.744898222386837,1345.0468068122864,10000,ppo,ppo,crawler,flat,thdot_dth_neighbours_plus_thdot_direct,,,,,,,,,,,,,,,0.00354297618211281,0,781,0.0,0.0,,,,,,,,,,,,,,,,,,,,,,,,,,,,,,,,,,,,,,,,,,,,,,,,,,,,,,,,,,,,,,,,,,,,,,,,,,nan,,,,,,,,,,,,,,,
136,1711.5390625,0.01709700934588909,1.7097009345889091,1355.0889070034027,10000,ppo,ppo,crawler,flat,thdot_dth_neighbours_plus_thdot_direct,,,,,,,,,,,,,,,0.0034257484817470005,0,781,0.0,0.0,,,,,,,,,,,,,,,,,,,,,,,,,,,,,,,,,,,,,,,,,,,,,,,,,,,,,,,,,,,,,,,,,,,,,,,,,,nan,,,,,,,,,,,,,,,
137,1759.606689453125,0.017578694969415665,1.7578694969415665,1364.7986407279968,10000,ppo,ppo,crawler,flat,thdot_dth_neighbours_plus_thdot_direct,,,,,,,,,,,,,,,0.0032339804005012706,0,781,0.0,0.0,,,,,,,,,,,,,,,,,,,,,,,,,,,,,,,,,,,,,,,,,,,,,,,,,,,,,,,,,,,,,,,,,,,,,,,,,,nan,,,,,,,,,,,,,,,
138,1717.5006103515625,0.017156777903437614,1.7156777903437614,1374.5977795124054,10000,ppo,ppo,crawler,flat,thdot_dth_neighbours_plus_thdot_direct,,,,,,,,,,,,,,,0.003920541450914594,0,781,0.0,0.0,,,,,,,,,,,,,,,,,,,,,,,,,,,,,,,,,,,,,,,,,,,,,,,,,,,,,,,,,,,,,,,,,,,,,,,,,,nan,,,,,,,,,,,,,,,
139,1757.8489990234375,0.01755935698747635,1.7559356987476349,1384.4714765548706,10000,ppo,ppo,crawler,flat,thdot_dth_neighbours_plus_thdot_direct,,,,,,,,,,,,,,,0.003036630528556389,0,781,0.0,0.0,,,,,,,,,,,,,,,,,,,,,,,,,,,,,,,,,,,,,,,,,,,,,,,,,,,,,,,,,,,,,,,,,,,,,,,,,,nan,,,,,,,,,,,,,,,
140,1708.966796875,0.017071768641471863,1.7071768641471863,1394.6106481552124,10000,ppo,ppo,crawler,flat,thdot_dth_neighbours_plus_thdot_direct,,,,,,,,,,,,,,,0.004339996416205722,0,781,0.0,0.0,,,,,,,,,,,,,,,,,,,,,,,,,,,,,,,,,,,,,,,,,,,,,,,,,,,,,,,,,,,,,,,,,,,,,,,,,,nan,,,,,,,,,,,,,,,
141,1765.0692138671875,0.01763342134654522,1.763342134654522,1404.2751607894897,10000,ppo,ppo,crawler,flat,thdot_dth_neighbours_plus_thdot_direct,,,,,,,,,,,,,,,0.0034377297759724994,0,781,0.0,0.0,,,,,,,,,,,,,,,,,,,,,,,,,,,,,,,,,,,,,,,,,,,,,,,,,,,,,,,,,,,,,,,,,,,,,,,,,,nan,,,,,,,,,,,,,,,
142,1727.5535888671875,0.017259275540709496,1.7259275540709496,1414.4875209331512,10000,ppo,ppo,crawler,flat,thdot_dth_neighbours_plus_thdot_direct,,,,,,,,,,,,,,,0.003167048712057262,0,781,0.0,0.0,,,,,,,,,,,,,,,,,,,,,,,,,,,,,,,,,,,,,,,,,,,,,,,,,,,,,,,,,,,,,,,,,,,,,,,,,,nan,,,,,,,,,,,,,,,
143,1710.9237060546875,0.017088325694203377,1.7088325694203377,1424.8367319107056,10000,ppo,ppo,crawler,flat,thdot_dth_neighbours_plus_thdot_direct,,,,,,,,,,,,,,,0.0030716667387063676,0,781,0.0,0.0,,,,,,,,,,,,,,,,,,,,,,,,,,,,,,,,,,,,,,,,,,,,,,,,,,,,,,,,,,,,,,,,,,,,,,,,,,nan,,,,,,,,,,,,,,,
144,1755.728759765625,0.017538510262966156,1.7538510262966156,1434.618525981903,10000,ppo,ppo,crawler,flat,thdot_dth_neighbours_plus_thdot_direct,,,,,,,,,,,,,,,0.0037059418790938584,0,781,0.0,0.0,,,,,,,,,,,,,,,,,,,,,,,,,,,,,,,,,,,,,,,,,,,,,,,,,,,,,,,,,,,,,,,,,,,,,,,,,,nan,,,,,,,,,,,,,,,
145,1800.7427978515625,0.01798662357032299,1.798662357032299,1444.9699454307556,10000,ppo,ppo,crawler,flat,thdot_dth_neighbours_plus_thdot_direct,,,,,,,,,,,,,,,0.003036470283781066,0,781,0.0,0.0,,,,,,,,,,,,,,,,,,,,,,,,,,,,,,,,,,,,,,,,,,,,,,,,,,,,,,,,,,,,,,,,,,,,,,,,,,nan,,,,,,,,,,,,,,,
146,1797.3052978515625,0.017954636365175247,1.7954636365175247,1454.875450372696,10000,ppo,ppo,crawler,flat,thdot_dth_neighbours_plus_thdot_direct,,,,,,,,,,,,,,,0.0032699470880263827,0,781,0.0,0.0,,,,,,,,,,,,,,,,,,,,,,,,,,,,,,,,,,,,,,,,,,,,,,,,,,,,,,,,,,,,,,,,,,,,,,,,,,nan,,,,,,,,,,,,,,,
147,1738.2054443359375,0.01736394688487053,1.736394688487053,1464.948786497116,10000,ppo,ppo,crawler,flat,thdot_dth_neighbours_plus_thdot_direct,,,,,,,,,,,,,,,0.003119534571672791,0,781,0.0,0.0,,,,,,,,,,,,,,,,,,,,,,,,,,,,,,,,,,,,,,,,,,,,,,,,,,,,,,,,,,,,,,,,,,,,,,,,,,nan,,,,,,,,,,,,,,,
148,1746.7373046875,0.017452795058488846,1.7452795058488846,1475.309159040451,10000,ppo,ppo,crawler,flat,thdot_dth_neighbours_plus_thdot_direct,,,,,,,,,,,,,,,0.0037739777894325232,0,781,0.0,0.0,,,,,,,,,,,,,,,,,,,,,,,,,,,,,,,,,,,,,,,,,,,,,,,,,,,,,,,,,,,,,,,,,,,,,,,,,,nan,,,,,,,,,,,,,,,
149,1734.8182373046875,0.017331628128886223,1.7331628128886223,1485.1620893478394,10000,ppo,ppo,crawler,flat,thdot_dth_neighbours_plus_thdot_direct,,,,,,,,,,,,,,,0.0036160903709940603,0,781,0.0,0.0,,,,,,,,,,,,,,,,,,,,,,,,,,,,,,,,,,,,,,,,,,,,,,,,,,,,,,,,,,,,,,,,,,,,,,,,,,nan,,,,,,,,,,,,,,,
150,1795.9598388671875,0.01793992891907692,1.793992891907692,1495.1972315311432,10000,ppo,ppo,crawler,flat,thdot_dth_neighbours_plus_thdot_direct,,,,,,,,,,,,,,,0.0031092779209940984,0,781,0.0,0.0,,,,,,,,,,,,,,,,,,,,,,,,,,,,,,,,,,,,,,,,,,,,,,,,,,,,,,,,,,,,,,,,,,,,,,,,,,nan,,,,,,,,,,,,,,,
151,1833.9266357421875,0.018320094794034958,1.8320094794034958,1505.6289398670197,10000,ppo,ppo,crawler,flat,thdot_dth_neighbours_plus_thdot_direct,,,,,,,,,,,,,,,0.0035203590843719836,0,781,0.0,0.0,,,,,,,,,,,,,,,,,,,,,,,,,,,,,,,,,,,,,,,,,,,,,,,,,,,,,,,,,,,,,,,,,,,,,,,,,,nan,,,,,,,,,,,,,,,
152,1740.9403076171875,0.017391683533787727,1.7391683533787727,1515.3235366344452,10000,ppo,ppo,crawler,flat,thdot_dth_neighbours_plus_thdot_direct,,,,,,,,,,,,,,,0.004074859623449312,0,781,0.0,0.0,,,,,,,,,,,,,,,,,,,,,,,,,,,,,,,,,,,,,,,,,,,,,,,,,,,,,,,,,,,,,,,,,,,,,,,,,,nan,,,,,,,,,,,,,,,
153,1746.430908203125,0.01744646579027176,1.744646579027176,1525.492434501648,10000,ppo,ppo,crawler,flat,thdot_dth_neighbours_plus_thdot_direct,,,,,,,,,,,,,,,0.003587409777058193,0,781,0.0,0.0,,,,,,,,,,,,,,,,,,,,,,,,,,,,,,,,,,,,,,,,,,,,,,,,,,,,,,,,,,,,,,,,,,,,,,,,,,nan,,,,,,,,,,,,,,,
154,1786.6199951171875,0.017844045534729958,1.7844045534729958,1535.589426279068,10000,ppo,ppo,crawler,flat,thdot_dth_neighbours_plus_thdot_direct,,,,,,,,,,,,,,,0.0027352924084046125,0,781,0.0,0.0,,,,,,,,,,,,,,,,,,,,,,,,,,,,,,,,,,,,,,,,,,,,,,,,,,,,,,,,,,,,,,,,,,,,,,,,,,nan,,,,,,,,,,,,,,,
155,1714.7987060546875,0.01712976209819317,1.7129762098193169,1545.8200697898865,10000,ppo,ppo,crawler,flat,thdot_dth_neighbours_plus_thdot_direct,,,,,,,,,,,,,,,0.003774651828928498,0,781,0.0,0.0,,,,,,,,,,,,,,,,,,,,,,,,,,,,,,,,,,,,,,,,,,,,,,,,,,,,,,,,,,,,,,,,,,,,,,,,,,nan,,,,,,,,,,,,,,,
156,1700.515869140625,0.016986509785056114,1.6986509785056114,1556.0425398349762,10000,ppo,ppo,crawler,flat,thdot_dth_neighbours_plus_thdot_direct,,,,,,,,,,,,,,,0.0035673192060584696,0,781,0.0,0.0,,,,,,,,,,,,,,,,,,,,,,,,,,,,,,,,,,,,,,,,,,,,,,,,,,,,,,,,,,,,,,,,,,,,,,,,,,nan,,,,,,,,,,,,,,,
157,1762.7235107421875,0.01760760508477688,1.7607605084776878,1565.7081098556519,10000,ppo,ppo,crawler,flat,thdot_dth_neighbours_plus_thdot_direct,,,,,,,,,,,,,,,0.0037499807288510225,0,781,0.0,0.0,,,,,,,,,,,,,,,,,,,,,,,,,,,,,,,,,,,,,,,,,,,,,,,,,,,,,,,,,,,,,,,,,,,,,,,,,,nan,,,,,,,,,,,,,,,
158,1721.125,0.017192766070365906,1.7192766070365906,1576.1882345676422,10000,ppo,ppo,crawler,flat,thdot_dth_neighbours_plus_thdot_direct,,,,,,,,,,,,,,,0.0034347369927149973,0,781,0.0,0.0,,,,,,,,,,,,,,,,,,,,,,,,,,,,,,,,,,,,,,,,,,,,,,,,,,,,,,,,,,,,,,,,,,,,,,,,,,nan,,,,,,,,,,,,,,,
159,1762.259765625,0.017603710293769836,1.7603710293769836,1585.991694688797,10000,ppo,ppo,crawler,flat,thdot_dth_neighbours_plus_thdot_direct,,,,,,,,,,,,,,,0.0036891345084145524,0,781,0.0,0.0,,,,,,,,,,,,,,,,,,,,,,,,,,,,,,,,,,,,,,,,,,,,,,,,,,,,,,,,,,,,,,,,,,,,,,,,,,nan,,,,,,,,,,,,,,,
160,1731.7938232421875,0.017300928011536598,1.7300928011536598,1595.9217944145203,10000,ppo,ppo,crawler,flat,thdot_dth_neighbours_plus_thdot_direct,,,,,,,,,,,,,,,0.0032253064505268396,0,781,0.0,0.0,,,,,,,,,,,,,,,,,,,,,,,,,,,,,,,,,,,,,,,,,,,,,,,,,,,,,,,,,,,,,,,,,,,,,,,,,,nan,,,,,,,,,,,,,,,
161,1731.8121337890625,0.017301995307207108,1.7301995307207108,1606.3578827381134,10000,ppo,ppo,crawler,flat,thdot_dth_neighbours_plus_thdot_direct,,,,,,,,,,,,,,,0.0032730596817472503,0,781,0.0,0.0,,,,,,,,,,,,,,,,,,,,,,,,,,,,,,,,,,,,,,,,,,,,,,,,,,,,,,,,,,,,,,,,,,,,,,,,,,nan,,,,,,,,,,,,,,,
162,1606.9925537109375,0.01605192758142948,1.6051927581429482,1616.0221865177155,10000,ppo,ppo,crawler,flat,thdot_dth_neighbours_plus_thdot_direct,,,,,,,,,,,,,,,0.00417185176085289,0,781,0.0,0.0,,,,,,,,,,,,,,,,,,,,,,,,,,,,,,,,,,,,,,,,,,,,,,,,,,,,,,,,,,,,,,,,,,,,,,,,,,nan,,,,,,,,,,,,,,,
163,1637.2578125,0.01635643094778061,1.635643094778061,1626.036544084549,10000,ppo,ppo,crawler,flat,thdot_dth_neighbours_plus_thdot_direct,,,,,,,,,,,,,,,0.003925881861799374,0,781,0.0,0.0,,,,,,,,,,,,,,,,,,,,,,,,,,,,,,,,,,,,,,,,,,,,,,,,,,,,,,,,,,,,,,,,,,,,,,,,,,nan,,,,,,,,,,,,,,,
164,1639.03125,0.01637348160147667,1.637348160147667,1636.3146421909332,10000,ppo,ppo,crawler,flat,thdot_dth_neighbours_plus_thdot_direct,,,,,,,,,,,,,,,0.0033848537534400323,0,781,0.0,0.0,,,,,,,,,,,,,,,,,,,,,,,,,,,,,,,,,,,,,,,,,,,,,,,,,,,,,,,,,,,,,,,,,,,,,,,,,,nan,,,,,,,,,,,,,,,
165,1617.048095703125,0.016154052689671516,1.6154052689671516,1646.1824502944946,10000,ppo,ppo,crawler,flat,thdot_dth_neighbours_plus_thdot_direct,,,,,,,,,,,,,,,0.005140200638345839,0,781,0.0,0.0,,,,,,,,,,,,,,,,,,,,,,,,,,,,,,,,,,,,,,,,,,,,,,,,,,,,,,,,,,,,,,,,,,,,,,,,,,nan,,,,,,,,,,,,,,,
166,1634.335205078125,0.01632826402783394,1.6328264027833939,1656.2284941673279,10000,ppo,ppo,crawler,flat,thdot_dth_neighbours_plus_thdot_direct,,,,,,,,,,,,,,,0.003791837360884289,0,781,0.0,0.0,,,,,,,,,,,,,,,,,,,,,,,,,,,,,,,,,,,,,,,,,,,,,,,,,,,,,,,,,,,,,,,,,,,,,,,,,,nan,,,,,,,,,,,,,,,
167,1608.0902099609375,0.016064772382378578,1.6064772382378578,1665.9889254570007,10000,ppo,ppo,crawler,flat,thdot_dth_neighbours_plus_thdot_direct,,,,,,,,,,,,,,,0.0031202765365398377,0,781,0.0,0.0,,,,,,,,,,,,,,,,,,,,,,,,,,,,,,,,,,,,,,,,,,,,,,,,,,,,,,,,,,,,,,,,,,,,,,,,,,nan,,,,,,,,,,,,,,,
168,1598.552001953125,0.01596861705183983,1.5968617051839828,1675.8660185337067,10000,ppo,ppo,crawler,flat,thdot_dth_neighbours_plus_thdot_direct,,,,,,,,,,,,,,,0.005876204178916641,0,781,0.0,0.0,,,,,,,,,,,,,,,,,,,,,,,,,,,,,,,,,,,,,,,,,,,,,,,,,,,,,,,,,,,,,,,,,,,,,,,,,,nan,,,,,,,,,,,,,,,
169,1660.9312744140625,0.016591057181358337,1.6591057181358337,1686.2474331855774,10000,ppo,ppo,crawler,flat,thdot_dth_neighbours_plus_thdot_direct,,,,,,,,,,,,,,,0.003001998109288899,0,781,0.0,0.0,,,,,,,,,,,,,,,,,,,,,,,,,,,,,,,,,,,,,,,,,,,,,,,,,,,,,,,,,,,,,,,,,,,,,,,,,,nan,,,,,,,,,,,,,,,
170,1699.8055419921875,0.016979767009615898,1.6979767009615898,1696.0200734138489,10000,ppo,ppo,crawler,flat,thdot_dth_neighbours_plus_thdot_direct,,,,,,,,,,,,,,,0.002501168493819563,0,781,0.0,0.0,,,,,,,,,,,,,,,,,,,,,,,,,,,,,,,,,,,,,,,,,,,,,,,,,,,,,,,,,,,,,,,,,,,,,,,,,,nan,,,,,,,,,,,,,,,
171,1778.2269287109375,0.017764987424016,1.7764987424015999,1706.26616024971,10000,ppo,ppo,crawler,flat,thdot_dth_neighbours_plus_thdot_direct,,,,,,,,,,,,,,,0.0027060406307587263,0,781,0.0,0.0,,,,,,,,,,,,,,,,,,,,,,,,,,,,,,,,,,,,,,,,,,,,,,,,,,,,,,,,,,,,,,,,,,,,,,,,,,nan,,,,,,,,,,,,,,,
172,1761.295166015625,0.017591038718819618,1.7591038718819618,1716.374623298645,10000,ppo,ppo,crawler,flat,thdot_dth_neighbours_plus_thdot_direct,,,,,,,,,,,,,,,0.0032621842441531465,0,781,0.0,0.0,,,,,,,,,,,,,,,,,,,,,,,,,,,,,,,,,,,,,,,,,,,,,,,,,,,,,,,,,,,,,,,,,,,,,,,,,,nan,,,,,,,,,,,,,,,
173,1910.116455078125,0.019081471487879753,1.9081471487879753,1726.461198091507,10000,ppo,ppo,crawler,flat,thdot_dth_neighbours_plus_thdot_direct,,,,,,,,,,,,,,,0.003064239766856758,0,781,0.0,0.0,,,,,,,,,,,,,,,,,,,,,,,,,,,,,,,,,,,,,,,,,,,,,,,,,,,,,,,,,,,,,,,,,,,,,,,,,,nan,,,,,,,,,,,,,,,
174,1943.1737060546875,0.0194072462618351,1.9407246261835098,1736.5562806129456,10000,ppo,ppo,crawler,flat,thdot_dth_neighbours_plus_thdot_direct,,,,,,,,,,,,,,,0.002874980796052519,0,781,0.0,0.0,,,,,,,,,,,,,,,,,,,,,,,,,,,,,,,,,,,,,,,,,,,,,,,,,,,,,,,,,,,,,,,,,,,,,,,,,,nan,,,,,,,,,,,,,,,
175,1830.518798828125,0.018286507576704025,1.8286507576704025,1746.361307144165,10000,ppo,ppo,crawler,flat,thdot_dth_neighbours_plus_thdot_direct,,,,,,,,,,,,,,,0.0028311082976294672,0,781,0.0,0.0,,,,,,,,,,,,,,,,,,,,,,,,,,,,,,,,,,,,,,,,,,,,,,,,,,,,,,,,,,,,,,,,,,,,,,,,,,nan,,,,,,,,,,,,,,,
176,1888.983642578125,0.018869616091251373,1.8869616091251373,1756.3037345409393,10000,ppo,ppo,crawler,flat,thdot_dth_neighbours_plus_thdot_direct,,,,,,,,,,,,,,,0.002691863839264453,0,781,0.0,0.0,,,,,,,,,,,,,,,,,,,,,,,,,,,,,,,,,,,,,,,,,,,,,,,,,,,,,,,,,,,,,,,,,,,,,,,,,,nan,,,,,,,,,,,,,,,
177,1867.3616943359375,0.01865231804549694,1.865231804549694,1766.3155269622803,10000,ppo,ppo,crawler,flat,thdot_dth_neighbours_plus_thdot_direct,,,,,,,,,,,,,,,0.0033860095456639734,0,781,0.0,0.0,,,,,,,,,,,,,,,,,,,,,,,,,,,,,,,,,,,,,,,,,,,,,,,,,,,,,,,,,,,,,,,,,,,,,,,,,,nan,,,,,,,,,,,,,,,
178,1932.2991943359375,0.019301800057291985,1.9301800057291985,1775.8659415245056,10000,ppo,ppo,crawler,flat,thdot_dth_neighbours_plus_thdot_direct,,,,,,,,,,,,,,,0.0027749515541298842,0,781,0.0,0.0,,,,,,,,,,,,,,,,,,,,,,,,,,,,,,,,,,,,,,,,,,,,,,,,,,,,,,,,,,,,,,,,,,,,,,,,,,nan,,,,,,,,,,,,,,,
179,1882.7630615234375,0.01880618743598461,1.8806187435984612,1786.0431017875671,10000,ppo,ppo,crawler,flat,thdot_dth_neighbours_plus_thdot_direct,,,,,,,,,,,,,,,0.003415622990709492,0,781,0.0,0.0,,,,,,,,,,,,,,,,,,,,,,,,,,,,,,,,,,,,,,,,,,,,,,,,,,,,,,,,,,,,,,,,,,,,,,,,,,nan,,,,,,,,,,,,,,,
180,1883.8404541015625,0.018818218261003494,1.8818218261003494,1796.064945936203,10000,ppo,ppo,crawler,flat,thdot_dth_neighbours_plus_thdot_direct,,,,,,,,,,,,,,,0.0027758750581426085,0,781,0.0,0.0,,,,,,,,,,,,,,,,,,,,,,,,,,,,,,,,,,,,,,,,,,,,,,,,,,,,,,,,,,,,,,,,,,,,,,,,,,nan,,,,,,,,,,,,,,,
181,1866.173828125,0.01864020898938179,1.864020898938179,1806.0060620307922,10000,ppo,ppo,crawler,flat,thdot_dth_neighbours_plus_thdot_direct,,,,,,,,,,,,,,,0.002878999176037006,0,781,0.0,0.0,,,,,,,,,,,,,,,,,,,,,,,,,,,,,,,,,,,,,,,,,,,,,,,,,,,,,,,,,,,,,,,,,,,,,,,,,,nan,,,,,,,,,,,,,,,
182,1812.676025390625,0.01810472086071968,1.810472086071968,1815.9709286689758,10000,ppo,ppo,crawler,flat,thdot_dth_neighbours_plus_thdot_direct,,,,,,,,,,,,,,,0.0030871822767426327,0,781,0.0,0.0,,,,,,,,,,,,,,,,,,,,,,,,,,,,,,,,,,,,,,,,,,,,,,,,,,,,,,,,,,,,,,,,,,,,,,,,,,nan,,,,,,,,,,,,,,,
183,1860.4832763671875,0.01858881115913391,1.8588811159133911,1825.7633621692657,10000,ppo,ppo,crawler,flat,thdot_dth_neighbours_plus_thdot_direct,,,,,,,,,,,,,,,0.003342983084285699,0,781,0.0,0.0,,,,,,,,,,,,,,,,,,,,,,,,,,,,,,,,,,,,,,,,,,,,,,,,,,,,,,,,,,,,,,,,,,,,,,,,,,nan,,,,,,,,,,,,,,,
184,1888.7841796875,0.01886773854494095,1.8867738544940948,1835.8736584186554,10000,ppo,ppo,crawler,flat,thdot_dth_neighbours_plus_thdot_direct,,,,,,,,,,,,,,,0.0038226395405207146,0,781,0.0,0.0,,,,,,,,,,,,,,,,,,,,,,,,,,,,,,,,,,,,,,,,,,,,,,,,,,,,,,,,,,,,,,,,,,,,,,,,,,nan,,,,,,,,,,,,,,,
185,1854.8323974609375,0.018527735024690628,1.8527735024690628,1845.9555866718292,10000,ppo,ppo,crawler,flat,thdot_dth_neighbours_plus_thdot_direct,,,,,,,,,,,,,,,0.0030844002534607413,0,781,0.0,0.0,,,,,,,,,,,,,,,,,,,,,,,,,,,,,,,,,,,,,,,,,,,,,,,,,,,,,,,,,,,,,,,,,,,,,,,,,,nan,,,,,,,,,,,,,,,
186,1921.681640625,0.019197208806872368,1.9197208806872368,1855.7146301269531,10000,ppo,ppo,crawler,flat,thdot_dth_neighbours_plus_thdot_direct,,,,,,,,,,,,,,,0.003122251190247047,0,781,0.0,0.0,,,,,,,,,,,,,,,,,,,,,,,,,,,,,,,,,,,,,,,,,,,,,,,,,,,,,,,,,,,,,,,,,,,,,,,,,,nan,,,,,,,,,,,,,,,
187,1904.2567138671875,0.01902320422232151,1.902320422232151,1866.0826451778412,10000,ppo,ppo,crawler,flat,thdot_dth_neighbours_plus_thdot_direct,,,,,,,,,,,,,,,0.0034310033798269604,0,781,0.0,0.0,,,,,,,,,,,,,,,,,,,,,,,,,,,,,,,,,,,,,,,,,,,,,,,,,,,,,,,,,,,,,,,,,,,,,,,,,,nan,,,,,,,,,,,,,,,
188,1931.8875732421875,0.019299449399113655,1.9299449399113655,1875.884651184082,10000,ppo,ppo,crawler,flat,thdot_dth_neighbours_plus_thdot_direct,,,,,,,,,,,,,,,0.002663339748557266,0,781,0.0,0.0,,,,,,,,,,,,,,,,,,,,,,,,,,,,,,,,,,,,,,,,,,,,,,,,,,,,,,,,,,,,,,,,,,,,,,,,,,nan,,,,,,,,,,,,,,,
189,1920.4202880859375,0.019183477386832237,1.9183477386832237,1885.8878014087677,10000,ppo,ppo,crawler,flat,thdot_dth_neighbours_plus_thdot_direct,,,,,,,,,,,,,,,0.002719659357504691,0,781,0.0,0.0,,,,,,,,,,,,,,,,,,,,,,,,,,,,,,,,,,,,,,,,,,,,,,,,,,,,,,,,,,,,,,,,,,,,,,,,,,nan,,,,,,,,,,,,,,,
190,1920.3328857421875,0.019185038283467293,1.9185038283467293,1895.6757757663727,10000,ppo,ppo,crawler,flat,thdot_dth_neighbours_plus_thdot_direct,,,,,,,,,,,,,,,0.002983295723389081,0,781,0.0,0.0,,,,,,,,,,,,,,,,,,,,,,,,,,,,,,,,,,,,,,,,,,,,,,,,,,,,,,,,,,,,,,,,,,,,,,,,,,nan,,,,,,,,,,,,,,,
191,1943.552734375,0.019415337592363358,1.9415337592363358,1905.527854681015,10000,ppo,ppo,crawler,flat,thdot_dth_neighbours_plus_thdot_direct,,,,,,,,,,,,,,,0.0028768835817468467,0,781,0.0,0.0,,,,,,,,,,,,,,,,,,,,,,,,,,,,,,,,,,,,,,,,,,,,,,,,,,,,,,,,,,,,,,,,,,,,,,,,,,nan,,,,,,,,,,,,,,,
192,1905.537109375,0.019035382196307182,1.9035382196307182,1915.4479296207428,10000,ppo,ppo,crawler,flat,thdot_dth_neighbours_plus_thdot_direct,,,,,,,,,,,,,,,0.0034139430147532507,0,781,0.0,0.0,,,,,,,,,,,,,,,,,,,,,,,,,,,,,,,,,,,,,,,,,,,,,,,,,,,,,,,,,,,,,,,,,,,,,,,,,,nan,,,,,,,,,,,,,,,
193,1921.731689453125,0.01919942907989025,1.9199429079890251,1925.162379026413,10000,ppo,ppo,crawler,flat,thdot_dth_neighbours_plus_thdot_direct,,,,,,,,,,,,,,,0.0024842030436703563,0,781,0.0,0.0,,,,,,,,,,,,,,,,,,,,,,,,,,,,,,,,,,,,,,,,,,,,,,,,,,,,,,,,,,,,,,,,,,,,,,,,,,nan,,,,,,,,,,,,,,,
194,1896.1390380859375,0.018939901143312454,1.8939901143312454,1934.9563348293304,10000,ppo,ppo,crawler,flat,thdot_dth_neighbours_plus_thdot_direct,,,,,,,,,,,,,,,0.0026947775600040026,0,781,0.0,0.0,,,,,,,,,,,,,,,,,,,,,,,,,,,,,,,,,,,,,,,,,,,,,,,,,,,,,,,,,,,,,,,,,,,,,,,,,,nan,,,,,,,,,,,,,,,
195,1905.9482421875,0.01903940737247467,1.903940737247467,1944.8152163028717,10000,ppo,ppo,crawler,flat,thdot_dth_neighbours_plus_thdot_direct,,,,,,,,,,,,,,,0.002710257258833838,0,781,0.0,0.0,,,,,,,,,,,,,,,,,,,,,,,,,,,,,,,,,,,,,,,,,,,,,,,,,,,,,,,,,,,,,,,,,,,,,,,,,,nan,,,,,,,,,,,,,,,
196,1920.2401123046875,0.019183248281478882,1.9183248281478882,1954.6725363731384,10000,ppo,ppo,crawler,flat,thdot_dth_neighbours_plus_thdot_direct,,,,,,,,,,,,,,,0.002483580646742954,0,781,0.0,0.0,,,,,,,,,,,,,,,,,,,,,,,,,,,,,,,,,,,,,,,,,,,,,,,,,,,,,,,,,,,,,,,,,,,,,,,,,,nan,,,,,,,,,,,,,,,
197,1987.16796875,0.019852804020047188,1.9852804020047188,1964.608596086502,10000,ppo,ppo,crawler,flat,thdot_dth_neighbours_plus_thdot_direct,,,,,,,,,,,,,,,0.0025376915846960276,0,781,0.0,0.0,,,,,,,,,,,,,,,,,,,,,,,,,,,,,,,,,,,,,,,,,,,,,,,,,,,,,,,,,,,,,,,,,,,,,,,,,,nan,,,,,,,,,,,,,,,
198,2009.607421875,0.020076381042599678,2.007638104259968,1974.8746798038483,10000,ppo,ppo,crawler,flat,thdot_dth_neighbours_plus_thdot_direct,,,,,,,,,,,,,,,0.0027840985585311805,0,781,0.0,0.0,,,,,,,,,,,,,,,,,,,,,,,,,,,,,,,,,,,,,,,,,,,,,,,,,,,,,,,,,,,,,,,,,,,,,,,,,,nan,,,,,,,,,,,,,,,
199,1933.2860107421875,0.019314361736178398,1.9314361736178398,1984.7679748535156,10000,ppo,ppo,crawler,flat,thdot_dth_neighbours_plus_thdot_direct,,,,,,,,,,,,,,,0.002202840654929236,0,781,0.0,0.0,,,,,,,,,,,,,,,,,,,,,,,,,,,,,,,,,,,,,,,,,,,,,,,,,,,,,,,,,,,,,,,,,,,,,,,,,,nan,,,,,,,,,,,,,,,
200,1963.8795166015625,0.019617248326539993,1.9617248326539993,1994.8698389530182,10000,ppo,ppo,crawler,flat,thdot_dth_neighbours_plus_thdot_direct,,,,,,,,,,,,,,,0.0036036942985497315,0,781,0.0,0.0,,,,,,,,,,,,,,,,,,,,,,,,,,,,,,,,,,,,,,,,,,,,,,,,,,,,,,,,,,,,,,,,,,,,,,,,,,nan,,,,,,,,,,,,,,,
201,1920.1328125,0.019180266186594963,1.9180266186594963,2004.8630104064941,10000,ppo,ppo,crawler,flat,thdot_dth_neighbours_plus_thdot_direct,,,,,,,,,,,,,,,0.0033624989973480026,0,781,0.0,0.0,,,,,,,,,,,,,,,,,,,,,,,,,,,,,,,,,,,,,,,,,,,,,,,,,,,,,,,,,,,,,,,,,,,,,,,,,,nan,,,,,,,,,,,,,,,
202,1948.9720458984375,0.01946910284459591,1.946910284459591,2015.1990444660187,10000,ppo,ppo,crawler,flat,thdot_dth_neighbours_plus_thdot_direct,,,,,,,,,,,,,,,0.0035291723627810436,0,781,0.0,0.0,,,,,,,,,,,,,,,,,,,,,,,,,,,,,,,,,,,,,,,,,,,,,,,,,,,,,,,,,,,,,,,,,,,,,,,,,,nan,,,,,,,,,,,,,,,
203,1934.635986328125,0.019324397668242455,1.9324397668242455,2025.0459280014038,10000,ppo,ppo,crawler,flat,thdot_dth_neighbours_plus_thdot_direct,,,,,,,,,,,,,,,0.0027259827647133847,0,781,0.0,0.0,,,,,,,,,,,,,,,,,,,,,,,,,,,,,,,,,,,,,,,,,,,,,,,,,,,,,,,,,,,,,,,,,,,,,,,,,,nan,,,,,,,,,,,,,,,
204,1996.8203125,0.019947582855820656,1.9947582855820656,2035.184616804123,10000,ppo,ppo,crawler,flat,thdot_dth_neighbours_plus_thdot_direct,,,,,,,,,,,,,,,0.00392168529685794,0,781,0.0,0.0,,,,,,,,,,,,,,,,,,,,,,,,,,,,,,,,,,,,,,,,,,,,,,,,,,,,,,,,,,,,,,,,,,,,,,,,,,nan,,,,,,,,,,,,,,,
205,1912.339111328125,0.019106702879071236,1.9106702879071236,2045.2983045578003,10000,ppo,ppo,crawler,flat,thdot_dth_neighbours_plus_thdot_direct,,,,,,,,,,,,,,,0.0031098841507502324,0,781,0.0,0.0,,,,,,,,,,,,,,,,,,,,,,,,,,,,,,,,,,,,,,,,,,,,,,,,,,,,,,,,,,,,,,,,,,,,,,,,,,nan,,,,,,,,,,,,,,,
206,1892.669921875,0.018906328827142715,1.8906328827142715,2055.248084783554,10000,ppo,ppo,crawler,flat,thdot_dth_neighbours_plus_thdot_direct,,,,,,,,,,,,,,,0.003741890735728026,0,781,0.0,0.0,,,,,,,,,,,,,,,,,,,,,,,,,,,,,,,,,,,,,,,,,,,,,,,,,,,,,,,,,,,,,,,,,,,,,,,,,,nan,,,,,,,,,,,,,,,
207,2040.389892578125,0.020382050424814224,2.0382050424814224,2065.1952238082886,10000,ppo,ppo,crawler,flat,thdot_dth_neighbours_plus_thdot_direct,,,,,,,,,,,,,,,0.00311893806729904,0,781,0.0,0.0,,,,,,,,,,,,,,,,,,,,,,,,,,,,,,,,,,,,,,,,,,,,,,,,,,,,,,,,,,,,,,,,,,,,,,,,,,nan,,,,,,,,,,,,,,,
208,1925.755859375,0.01923944242298603,1.923944242298603,2075.2607369422913,10000,ppo,ppo,crawler,flat,thdot_dth_neighbours_plus_thdot_direct,,,,,,,,,,,,,,,0.0036383146202472474,0,781,0.0,0.0,,,,,,,,,,,,,,,,,,,,,,,,,,,,,,,,,,,,,,,,,,,,,,,,,,,,,,,,,,,,,,,,,,,,,,,,,,nan,,,,,,,,,,,,,,,
209,1949.2728271484375,0.019472826272249222,1.9472826272249222,2085.6712987422943,10000,ppo,ppo,crawler,flat,thdot_dth_neighbours_plus_thdot_direct,,,,,,,,,,,,,,,0.003025420848520986,0,781,0.0,0.0,,,,,,,,,,,,,,,,,,,,,,,,,,,,,,,,,,,,,,,,,,,,,,,,,,,,,,,,,,,,,,,,,,,,,,,,,,nan,,,,,,,,,,,,,,,
210,1977.925048828125,0.01975836418569088,1.975836418569088,2095.78431892395,10000,ppo,ppo,crawler,flat,thdot_dth_neighbours_plus_thdot_direct,,,,,,,,,,,,,,,0.0030702426786069475,0,781,0.0,0.0,,,,,,,,,,,,,,,,,,,,,,,,,,,,,,,,,,,,,,,,,,,,,,,,,,,,,,,,,,,,,,,,,,,,,,,,,,nan,,,,,,,,,,,,,,,
211,1946.0869140625,0.0194390919059515,1.94390919059515,2105.8250732421875,10000,ppo,ppo,crawler,flat,thdot_dth_neighbours_plus_thdot_direct,,,,,,,,,,,,,,,0.003285107508067919,0,781,0.0,0.0,,,,,,,,,,,,,,,,,,,,,,,,,,,,,,,,,,,,,,,,,,,,,,,,,,,,,,,,,,,,,,,,,,,,,,,,,,nan,,,,,,,,,,,,,,,
212,1990.638671875,0.019886931404471397,1.9886931404471397,2115.8776819705963,10000,ppo,ppo,crawler,flat,thdot_dth_neighbours_plus_thdot_direct,,,,,,,,,,,,,,,0.0027795699805937706,0,781,0.0,0.0,,,,,,,,,,,,,,,,,,,,,,,,,,,,,,,,,,,,,,,,,,,,,,,,,,,,,,,,,,,,,,,,,,,,,,,,,,nan,,,,,,,,,,,,,,,
213,2011.7576904296875,0.020094502717256546,2.0094502717256546,2126.0257437229156,10000,ppo,ppo,crawler,flat,thdot_dth_neighbours_plus_thdot_direct,,,,,,,,,,,,,,,0.0025880523963281465,0,781,0.0,0.0,,,,,,,,,,,,,,,,,,,,,,,,,,,,,,,,,,,,,,,,,,,,,,,,,,,,,,,,,,,,,,,,,,,,,,,,,,nan,,,,,,,,,,,,,,,
214,2001.5257568359375,0.019997023046016693,1.9997023046016693,2135.7514986991882,10000,ppo,ppo,crawler,flat,thdot_dth_neighbours_plus_thdot_direct,,,,,,,,,,,,,,,0.002799262220597518,0,781,0.0,0.0,,,,,,,,,,,,,,,,,,,,,,,,,,,,,,,,,,,,,,,,,,,,,,,,,,,,,,,,,,,,,,,,,,,,,,,,,,nan,,,,,,,,,,,,,,,
215,2058.914306640625,0.020569011569023132,2.0569011569023132,2145.7329981327057,10000,ppo,ppo,crawler,flat,thdot_dth_neighbours_plus_thdot_direct,,,,,,,,,,,,,,,0.002421704661320297,0,781,0.0,0.0,,,,,,,,,,,,,,,,,,,,,,,,,,,,,,,,,,,,,,,,,,,,,,,,,,,,,,,,,,,,,,,,,,,,,,,,,,nan,,,,,,,,,,,,,,,
216,2061.465576171875,0.020592661574482918,2.059266157448292,2155.7617506980896,10000,ppo,ppo,crawler,flat,thdot_dth_neighbours_plus_thdot_direct,,,,,,,,,,,,,,,0.0028317363733847984,0,781,0.0,0.0,,,,,,,,,,,,,,,,,,,,,,,,,,,,,,,,,,,,,,,,,,,,,,,,,,,,,,,,,,,,,,,,,,,,,,,,,,nan,,,,,,,,,,,,,,,
217,2090.412109375,0.02088242396712303,2.088242396712303,2166.110689640045,10000,ppo,ppo,crawler,flat,thdot_dth_neighbours_plus_thdot_direct,,,,,,,,,,,,,,,0.0024384051831560965,0,781,0.0,0.0,,,,,,,,,,,,,,,,,,,,,,,,,,,,,,,,,,,,,,,,,,,,,,,,,,,,,,,,,,,,,,,,,,,,,,,,,,nan,,,,,,,,,,,,,,,
218,2119.497314453125,0.021174399182200432,2.117439918220043,2176.4288609027863,10000,ppo,ppo,crawler,flat,thdot_dth_neighbours_plus_thdot_direct,,,,,,,,,,,,,,,0.0024021151529777726,0,781,0.0,0.0,,,,,,,,,,,,,,,,,,,,,,,,,,,,,,,,,,,,,,,,,,,,,,,,,,,,,,,,,,,,,,,,,,,,,,,,,,nan,,,,,,,,,,,,,,,
219,2164.586181640625,0.02162403240799904,2.162403240799904,2186.3731281757355,10000,ppo,ppo,crawler,flat,thdot_dth_neighbours_plus_thdot_direct,,,,,,,,,,,,,,,0.0021270963744537182,0,781,0.0,0.0,,,,,,,,,,,,,,,,,,,,,,,,,,,,,,,,,,,,,,,,,,,,,,,,,,,,,,,,,,,,,,,,,,,,,,,,,,nan,,,,,,,,,,,,,,,
220,2122.40576171875,0.02120058611035347,2.120058611035347,2196.63356924057,10000,ppo,ppo,crawler,flat,thdot_dth_neighbours_plus_thdot_direct,,,,,,,,,,,,,,,0.0032688532365663116,0,781,0.0,0.0,,,,,,,,,,,,,,,,,,,,,,,,,,,,,,,,,,,,,,,,,,,,,,,,,,,,,,,,,,,,,,,,,,,,,,,,,,nan,,,,,,,,,,,,,,,
221,2092.115966796875,0.020899537950754166,2.0899537950754166,2206.4695954322815,10000,ppo,ppo,crawler,flat,thdot_dth_neighbours_plus_thdot_direct,,,,,,,,,,,,,,,0.0025070411653423928,0,781,0.0,0.0,,,,,,,,,,,,,,,,,,,,,,,,,,,,,,,,,,,,,,,,,,,,,,,,,,,,,,,,,,,,,,,,,,,,,,,,,,nan,,,,,,,,,,,,,,,
222,2072.882080078125,0.020706329494714737,2.0706329494714737,2216.5461602211,10000,ppo,ppo,crawler,flat,thdot_dth_neighbours_plus_thdot_direct,,,,,,,,,,,,,,,0.002674295963792044,0,781,0.0,0.0,,,,,,,,,,,,,,,,,,,,,,,,,,,,,,,,,,,,,,,,,,,,,,,,,,,,,,,,,,,,,,,,,,,,,,,,,,nan,,,,,,,,,,,,,,,
223,2108.70947265625,0.021065691486001015,2.1065691486001015,2226.496026992798,10000,ppo,ppo,crawler,flat,thdot_dth_neighbours_plus_thdot_direct,,,,,,,,,,,,,,,0.003070308773970018,0,781,0.0,0.0,,,,,,,,,,,,,,,,,,,,,,,,,,,,,,,,,,,,,,,,,,,,,,,,,,,,,,,,,,,,,,,,,,,,,,,,,,nan,,,,,,,,,,,,,,,
224,2089.406005859375,0.020872371271252632,2.087237127125263,2236.649158000946,10000,ppo,ppo,crawler,flat,thdot_dth_neighbours_plus_thdot_direct,,,,,,,,,,,,,,,0.003029722458504347,0,781,0.0,0.0,,,,,,,,,,,,,,,,,,,,,,,,,,,,,,,,,,,,,,,,,,,,,,,,,,,,,,,,,,,,,,,,,,,,,,,,,,nan,,,,,,,,,,,,,,,
225,2061.3212890625,0.020590726286172867,2.0590726286172867,2246.961702108383,10000,ppo,ppo,crawler,flat,thdot_dth_neighbours_plus_thdot_direct,,,,,,,,,,,,,,,0.0027962456827474815,0,781,0.0,0.0,,,,,,,,,,,,,,,,,,,,,,,,,,,,,,,,,,,,,,,,,,,,,,,,,,,,,,,,,,,,,,,,,,,,,,,,,,nan,,,,,,,,,,,,,,,
226,2138.541748046875,0.02136220410466194,2.136220410466194,2256.5284934043884,10000,ppo,ppo,crawler,flat,thdot_dth_neighbours_plus_thdot_direct,,,,,,,,,,,,,,,0.0029890333102186983,0,781,0.0,0.0,,,,,,,,,,,,,,,,,,,,,,,,,,,,,,,,,,,,,,,,,,,,,,,,,,,,,,,,,,,,,,,,,,,,,,,,,,nan,,,,,,,,,,,,,,,
227,2046.5302734375,0.02044542506337166,2.044542506337166,2266.5361137390137,10000,ppo,ppo,crawler,flat,thdot_dth_neighbours_plus_thdot_direct,,,,,,,,,,,,,,,0.003603971901478902,0,781,0.0,0.0,,,,,,,,,,,,,,,,,,,,,,,,,,,,,,,,,,,,,,,,,,,,,,,,,,,,,,,,,,,,,,,,,,,,,,,,,,nan,,,,,,,,,,,,,,,
228,2131.108642578125,0.021292518824338913,2.1292518824338913,2276.5544991493225,10000,ppo,ppo,crawler,flat,thdot_dth_neighbours_plus_thdot_direct,,,,,,,,,,,,,,,0.00220791348359601,0,781,0.0,0.0,,,,,,,,,,,,,,,,,,,,,,,,,,,,,,,,,,,,,,,,,,,,,,,,,,,,,,,,,,,,,,,,,,,,,,,,,,nan,,,,,,,,,,,,,,,
229,2109.83837890625,0.02107757143676281,2.107757143676281,2286.0914986133575,10000,ppo,ppo,crawler,flat,thdot_dth_neighbours_plus_thdot_direct,,,,,,,,,,,,,,,0.002551751728932478,0,781,0.0,0.0,,,,,,,,,,,,,,,,,,,,,,,,,,,,,,,,,,,,,,,,,,,,,,,,,,,,,,,,,,,,,,,,,,,,,,,,,,nan,,,,,,,,,,,,,,,
230,2154.017822265625,0.021515674889087677,2.1515674889087677,2296.4045915603638,10000,ppo,ppo,crawler,flat,thdot_dth_neighbours_plus_thdot_direct,,,,,,,,,,,,,,,0.00259161623662655,0,781,0.0,0.0,,,,,,,,,,,,,,,,,,,,,,,,,,,,,,,,,,,,,,,,,,,,,,,,,,,,,,,,,,,,,,,,,,,,,,,,,,nan,,,,,,,,,,,,,,,
231,2127.04150390625,0.021247027441859245,2.1247027441859245,2306.487555742264,10000,ppo,ppo,crawler,flat,thdot_dth_neighbours_plus_thdot_direct,,,,,,,,,,,,,,,0.002317904447445483,0,781,0.0,0.0,,,,,,,,,,,,,,,,,,,,,,,,,,,,,,,,,,,,,,,,,,,,,,,,,,,,,,,,,,,,,,,,,,,,,,,,,,nan,,,,,,,,,,,,,,,
232,2099.00390625,0.02096911333501339,2.096911333501339,2316.191428422928,10000,ppo,ppo,crawler,flat,thdot_dth_neighbours_plus_thdot_direct,,,,,,,,,,,,,,,0.0027715376102083952,0,781,0.0,0.0,,,,,,,,,,,,,,,,,,,,,,,,,,,,,,,,,,,,,,,,,,,,,,,,,,,,,,,,,,,,,,,,,,,,,,,,,,nan,,,,,,,,,,,,,,,
233,1973.9993896484375,0.01971830055117607,1.9718300551176071,2326.342010974884,10000,ppo,ppo,crawler,flat,thdot_dth_neighbours_plus_thdot_direct,,,,,,,,,,,,,,,0.0034900751204243624,0,781,0.0,0.0,,,,,,,,,,,,,,,,,,,,,,,,,,,,,,,,,,,,,,,,,,,,,,,,,,,,,,,,,,,,,,,,,,,,,,,,,,nan,,,,,,,,,,,,,,,
234,2069.915283203125,0.020676419138908386,2.0676419138908386,2336.0301008224487,10000,ppo,ppo,crawler,flat,thdot_dth_neighbours_plus_thdot_direct,,,,,,,,,,,,,,,0.0023544464463809774,0,781,0.0,0.0,,,,,,,,,,,,,,,,,,,,,,,,,,,,,,,,,,,,,,,,,,,,,,,,,,,,,,,,,,,,,,,,,,,,,,,,,,nan,,,,,,,,,,,,,,,
235,2048.581787109375,0.020465904846787453,2.0465904846787453,2346.3178341388702,10000,ppo,ppo,crawler,flat,thdot_dth_neighbours_plus_thdot_direct,,,,,,,,,,,,,,,0.0029181626479540985,0,781,0.0,0.0,,,,,,,,,,,,,,,,,,,,,,,,,,,,,,,,,,,,,,,,,,,,,,,,,,,,,,,,,,,,,,,,,,,,,,,,,,nan,,,,,,,,,,,,,,,
236,2103.49462890625,0.021012647077441216,2.1012647077441216,2356.1214547157288,10000,ppo,ppo,crawler,flat,thdot_dth_neighbours_plus_thdot_direct,,,,,,,,,,,,,,,0.0039337219755169696,0,781,0.0,0.0,,,,,,,,,,,,,,,,,,,,,,,,,,,,,,,,,,,,,,,,,,,,,,,,,,,,,,,,,,,,,,,,,,,,,,,,,,nan,,,,,,,,,,,,,,,
237,2012.4012451171875,0.020102636888623238,2.0102636888623238,2365.7332332134247,10000,ppo,ppo,crawler,flat,thdot_dth_neighbours_plus_thdot_direct,,,,,,,,,,,,,,,0.003382828081634514,0,781,0.0,0.0,,,,,,,,,,,,,,,,,,,,,,,,,,,,,,,,,,,,,,,,,,,,,,,,,,,,,,,,,,,,,,,,,,,,,,,,,,nan,,,,,,,,,,,,,,,
238,2081.450439453125,0.02079138159751892,2.079138159751892,2375.9627385139465,10000,ppo,ppo,crawler,flat,thdot_dth_neighbours_plus_thdot_direct,,,,,,,,,,,,,,,0.003095743588747847,0,781,0.0,0.0,,,,,,,,,,,,,,,,,,,,,,,,,,,,,,,,,,,,,,,,,,,,,,,,,,,,,,,,,,,,,,,,,,,,,,,,,,nan,,,,,,,,,,,,,,,
239,2043.0946044921875,0.02040962688624859,2.040962688624859,2386.109773874283,10000,ppo,ppo,crawler,flat,thdot_dth_neighbours_plus_thdot_direct,,,,,,,,,,,,,,,0.0025632982070571938,0,781,0.0,0.0,,,,,,,,,,,,,,,,,,,,,,,,,,,,,,,,,,,,,,,,,,,,,,,,,,,,,,,,,,,,,,,,,,,,,,,,,,nan,,,,,,,,,,,,,,,
240,2039.243408203125,0.02037026919424534,2.037026919424534,2396.162737607956,10000,ppo,ppo,crawler,flat,thdot_dth_neighbours_plus_thdot_direct,,,,,,,,,,,,,,,0.0028324760708726016,0,781,0.0,0.0,,,,,,,,,,,,,,,,,,,,,,,,,,,,,,,,,,,,,,,,,,,,,,,,,,,,,,,,,,,,,,,,,,,,,,,,,,nan,,,,,,,,,,,,,,,
241,1981.866455078125,0.01979666016995907,1.9796660169959068,2406.3554265499115,10000,ppo,ppo,crawler,flat,thdot_dth_neighbours_plus_thdot_direct,,,,,,,,,,,,,,,0.002982808764554665,0,781,0.0,0.0,,,,,,,,,,,,,,,,,,,,,,,,,,,,,,,,,,,,,,,,,,,,,,,,,,,,,,,,,,,,,,,,,,,,,,,,,,nan,,,,,,,,,,,,,,,
242,2026.7293701171875,0.02024431712925434,2.024431712925434,2416.4328243732452,10000,ppo,ppo,crawler,flat,thdot_dth_neighbours_plus_thdot_direct,,,,,,,,,,,,,,,0.0028923094791432798,0,781,0.0,0.0,,,,,,,,,,,,,,,,,,,,,,,,,,,,,,,,,,,,,,,,,,,,,,,,,,,,,,,,,,,,,,,,,,,,,,,,,,nan,,,,,,,,,,,,,,,
243,2073.062255859375,0.020710928365588188,2.071092836558819,2426.8850858211517,10000,ppo,ppo,crawler,flat,thdot_dth_neighbours_plus_thdot_direct,,,,,,,,,,,,,,,0.0031535879783401903,0,781,0.0,0.0,,,,,,,,,,,,,,,,,,,,,,,,,,,,,,,,,,,,,,,,,,,,,,,,,,,,,,,,,,,,,,,,,,,,,,,,,,nan,,,,,,,,,,,,,,,
244,2153.732666015625,0.021513240411877632,2.151324041187763,2436.8495223522186,10000,ppo,ppo,crawler,flat,thdot_dth_neighbours_plus_thdot_direct,,,,,,,,,,,,,,,0.002645393984910103,0,781,0.0,0.0,,,,,,,,,,,,,,,,,,,,,,,,,,,,,,,,,,,,,,,,,,,,,,,,,,,,,,,,,,,,,,,,,,,,,,,,,,nan,,,,,,,,,,,,,,,
245,2071.32080078125,0.020694810897111893,2.0694810897111893,2446.46342253685,10000,ppo,ppo,crawler,flat,thdot_dth_neighbours_plus_thdot_direct,,,,,,,,,,,,,,,0.0031090724526941877,0,781,0.0,0.0,,,,,,,,,,,,,,,,,,,,,,,,,,,,,,,,,,,,,,,,,,,,,,,,,,,,,,,,,,,,,,,,,,,,,,,,,,nan,,,,,,,,,,,,,,,
246,2083.056396484375,0.020809993147850037,2.0809993147850037,2456.7227413654327,10000,ppo,ppo,crawler,flat,thdot_dth_neighbours_plus_thdot_direct,,,,,,,,,,,,,,,0.0033138951760478944,0,781,0.0,0.0,,,,,,,,,,,,,,,,,,,,,,,,,,,,,,,,,,,,,,,,,,,,,,,,,,,,,,,,,,,,,,,,,,,,,,,,,,nan,,,,,,,,,,,,,,,
247,2082.58837890625,0.0208041463047266,2.08041463047266,2466.715716123581,10000,ppo,ppo,crawler,flat,thdot_dth_neighbours_plus_thdot_direct,,,,,,,,,,,,,,,0.002507783795722235,0,781,0.0,0.0,,,,,,,,,,,,,,,,,,,,,,,,,,,,,,,,,,,,,,,,,,,,,,,,,,,,,,,,,,,,,,,,,,,,,,,,,,nan,,,,,,,,,,,,,,,
248,2053.390380859375,0.02051355317234993,2.051355317234993,2476.6129693984985,10000,ppo,ppo,crawler,flat,thdot_dth_neighbours_plus_thdot_direct,,,,,,,,,,,,,,,0.0033163753287163106,0,781,0.0,0.0,,,,,,,,,,,,,,,,,,,,,,,,,,,,,,,,,,,,,,,,,,,,,,,,,,,,,,,,,,,,,,,,,,,,,,,,,,nan,,,,,,,,,,,,,,,
249,2100.319580078125,0.020983939990401268,2.098393999040127,2486.480068206787,10000,ppo,ppo,crawler,flat,thdot_dth_neighbours_plus_thdot_direct,,,,,,,,,,,,,,,0.0028817901993234314,0,781,0.0,0.0,,,,,,,,,,,,,,,,,,,,,,,,,,,,,,,,,,,,,,,,,,,,,,,,,,,,,,,,,,,,,,,,,,,,,,,,,,nan,,,,,,,,,,,,,,,
250,2125.97314453125,0.021237162873148918,2.123716287314892,2496.0606331825256,10000,ppo,ppo,crawler,flat,thdot_dth_neighbours_plus_thdot_direct,,,,,,,,,,,,,,,0.002308662490758915,0,781,0.0,0.0,,,,,,,,,,,,,,,,,,,,,,,,,,,,,,,,,,,,,,,,,,,,,,,,,,,,,,,,,,,,,,,,,,,,,,,,,,nan,,,,,,,,,,,,,,,
251,2168.931396484375,0.0216656643897295,2.16656643897295,2506.082927465439,10000,ppo,ppo,crawler,flat,thdot_dth_neighbours_plus_thdot_direct,,,,,,,,,,,,,,,0.002901169691444271,0,781,0.0,0.0,,,,,,,,,,,,,,,,,,,,,,,,,,,,,,,,,,,,,,,,,,,,,,,,,,,,,,,,,,,,,,,,,,,,,,,,,,nan,,,,,,,,,,,,,,,
252,2194.091064453125,0.021916162222623825,2.1916162222623825,2515.787286758423,10000,ppo,ppo,crawler,flat,thdot_dth_neighbours_plus_thdot_direct,,,,,,,,,,,,,,,0.002412681750688645,0,781,0.0,0.0,,,,,,,,,,,,,,,,,,,,,,,,,,,,,,,,,,,,,,,,,,,,,,,,,,,,,,,,,,,,,,,,,,,,,,,,,,nan,,,,,,,,,,,,,,,
253,2218.302978515625,0.022161316126585007,2.2161316126585007,2525.55561876297,10000,ppo,ppo,crawler,flat,thdot_dth_neighbours_plus_thdot_direct,,,,,,,,,,,,,,,0.0029317890593595665,0,781,0.0,0.0,,,,,,,,,,,,,,,,,,,,,,,,,,,,,,,,,,,,,,,,,,,,,,,,,,,,,,,,,,,,,,,,,,,,,,,,,,nan,,,,,,,,,,,,,,,
254,2120.89697265625,0.021186187863349915,2.1186187863349915,2535.8021523952484,10000,ppo,ppo,crawler,flat,thdot_dth_neighbours_plus_thdot_direct,,,,,,,,,,,,,,,0.0025654525638041117,0,781,0.0,0.0,,,,,,,,,,,,,,,,,,,,,,,,,,,,,,,,,,,,,,,,,,,,,,,,,,,,,,,,,,,,,,,,,,,,,,,,,,nan,,,,,,,,,,,,,,,
255,2060.465087890625,0.02058064006268978,2.058064006268978,2545.328338623047,10000,ppo,ppo,crawler,flat,thdot_dth_neighbours_plus_thdot_direct,,,,,,,,,,,,,,,0.002461894573143772,0,781,0.0,0.0,,,,,,,,,,,,,,,,,,,,,,,,,,,,,,,,,,,,,,,,,,,,,,,,,,,,,,,,,,,,,,,,,,,,,,,,,,nan,,,,,,,,,,,,,,,
256,2003.0008544921875,0.020008593797683716,2.0008593797683716,2555.188460111618,10000,ppo,ppo,crawler,flat,thdot_dth_neighbours_plus_thdot_direct,,,,,,,,,,,,,,,0.002894999840973341,0,781,0.0,0.0,,,,,,,,,,,,,,,,,,,,,,,,,,,,,,,,,,,,,,,,,,,,,,,,,,,,,,,,,,,,,,,,,,,,,,,,,,nan,,,,,,,,,,,,,,,
257,2082.228515625,0.020800141617655754,2.0800141617655754,2565.402637720108,10000,ppo,ppo,crawler,flat,thdot_dth_neighbours_plus_thdot_direct,,,,,,,,,,,,,,,0.0028944087749817496,0,781,0.0,0.0,,,,,,,,,,,,,,,,,,,,,,,,,,,,,,,,,,,,,,,,,,,,,,,,,,,,,,,,,,,,,,,,,,,,,,,,,,nan,,,,,,,,,,,,,,,
258,2015.6357421875,0.02013600803911686,2.013600803911686,2575.0930755138397,10000,ppo,ppo,crawler,flat,thdot_dth_neighbours_plus_thdot_direct,,,,,,,,,,,,,,,0.004059993173597049,0,781,0.0,0.0,,,,,,,,,,,,,,,,,,,,,,,,,,,,,,,,,,,,,,,,,,,,,,,,,,,,,,,,,,,,,,,,,,,,,,,,,,nan,,,,,,,,,,,,,,,
259,1999.8677978515625,0.0199756883084774,1.9975688308477402,2585.234470844269,10000,ppo,ppo,crawler,flat,thdot_dth_neighbours_plus_thdot_direct,,,,,,,,,,,,,,,0.002450605082554788,0,781,0.0,0.0,,,,,,,,,,,,,,,,,,,,,,,,,,,,,,,,,,,,,,,,,,,,,,,,,,,,,,,,,,,,,,,,,,,,,,,,,,nan,,,,,,,,,,,,,,,
260,2073.5556640625,0.020712636411190033,2.0712636411190033,2595.4223053455353,10000,ppo,ppo,crawler,flat,thdot_dth_neighbours_plus_thdot_direct,,,,,,,,,,,,,,,0.004090892892281131,0,781,0.0,0.0,,,,,,,,,,,,,,,,,,,,,,,,,,,,,,,,,,,,,,,,,,,,,,,,,,,,,,,,,,,,,,,,,,,,,,,,,,nan,,,,,,,,,,,,,,,
261,2099.798828125,0.020978864282369614,2.0978864282369614,2605.148591041565,10000,ppo,ppo,crawler,flat,thdot_dth_neighbours_plus_thdot_direct,,,,,,,,,,,,,,,0.0029986819412602685,0,781,0.0,0.0,,,,,,,,,,,,,,,,,,,,,,,,,,,,,,,,,,,,,,,,,,,,,,,,,,,,,,,,,,,,,,,,,,,,,,,,,,nan,,,,,,,,,,,,,,,
262,2065.080810546875,0.020629512146115303,2.0629512146115303,2615.193069934845,10000,ppo,ppo,crawler,flat,thdot_dth_neighbours_plus_thdot_direct,,,,,,,,,,,,,,,0.003223753064467771,0,781,0.0,0.0,,,,,,,,,,,,,,,,,,,,,,,,,,,,,,,,,,,,,,,,,,,,,,,,,,,,,,,,,,,,,,,,,,,,,,,,,,nan,,,,,,,,,,,,,,,
263,2045.9176025390625,0.020437711849808693,2.0437711849808693,2624.6441674232483,10000,ppo,ppo,crawler,flat,thdot_dth_neighbours_plus_thdot_direct,,,,,,,,,,,,,,,0.0031004160756443497,0,781,0.0,0.0,,,,,,,,,,,,,,,,,,,,,,,,,,,,,,,,,,,,,,,,,,,,,,,,,,,,,,,,,,,,,,,,,,,,,,,,,,nan,,,,,,,,,,,,,,,
264,1974.9110107421875,0.01972799561917782,1.9727995619177818,2635.1269550323486,10000,ppo,ppo,crawler,flat,thdot_dth_neighbours_plus_thdot_direct,,,,,,,,,,,,,,,0.0024343235723470577,0,781,0.0,0.0,,,,,,,,,,,,,,,,,,,,,,,,,,,,,,,,,,,,,,,,,,,,,,,,,,,,,,,,,,,,,,,,,,,,,,,,,,nan,,,,,,,,,,,,,,,
265,2022.9295654296875,0.020208274945616722,2.020827494561672,2645.1647279262543,10000,ppo,ppo,crawler,flat,thdot_dth_neighbours_plus_thdot_direct,,,,,,,,,,,,,,,0.003964569020801789,0,781,0.0,0.0,,,,,,,,,,,,,,,,,,,,,,,,,,,,,,,,,,,,,,,,,,,,,,,,,,,,,,,,,,,,,,,,,,,,,,,,,,nan,,,,,,,,,,,,,,,
266,2095.630126953125,0.02093498781323433,2.093498781323433,2655.02503490448,10000,ppo,ppo,crawler,flat,thdot_dth_neighbours_plus_thdot_direct,,,,,,,,,,,,,,,0.0023936697336446955,0,781,0.0,0.0,,,,,,,,,,,,,,,,,,,,,,,,,,,,,,,,,,,,,,,,,,,,,,,,,,,,,,,,,,,,,,,,,,,,,,,,,,nan,,,,,,,,,,,,,,,
267,1975.9525146484375,0.019739963114261627,1.9739963114261627,2665.152952194214,10000,ppo,ppo,crawler,flat,thdot_dth_neighbours_plus_thdot_direct,,,,,,,,,,,,,,,0.00256336281432379,0,781,0.0,0.0,,,,,,,,,,,,,,,,,,,,,,,,,,,,,,,,,,,,,,,,,,,,,,,,,,,,,,,,,,,,,,,,,,,,,,,,,,nan,,,,,,,,,,,,,,,
268,1886.98828125,0.01885155402123928,1.885155402123928,2675.2423300743103,10000,ppo,ppo,crawler,flat,thdot_dth_neighbours_plus_thdot_direct,,,,,,,,,,,,,,,0.002484948193930511,0,781,0.0,0.0,,,,,,,,,,,,,,,,,,,,,,,,,,,,,,,,,,,,,,,,,,,,,,,,,,,,,,,,,,,,,,,,,,,,,,,,,,nan,,,,,,,,,,,,,,,
269,1905.555908203125,0.01903431862592697,1.9034318625926971,2685.3752870559692,10000,ppo,ppo,crawler,flat,thdot_dth_neighbours_plus_thdot_direct,,,,,,,,,,,,,,,0.003298883510046209,0,781,0.0,0.0,,,,,,,,,,,,,,,,,,,,,,,,,,,,,,,,,,,,,,,,,,,,,,,,,,,,,,,,,,,,,,,,,,,,,,,,,,nan,,,,,,,,,,,,,,,
270,1854.7115478515625,0.018528491258621216,1.8528491258621216,2695.6033885478973,10000,ppo,ppo,crawler,flat,thdot_dth_neighbours_plus_thdot_direct,,,,,,,,,,,,,,,0.003555418343688505,0,781,0.0,0.0,,,,,,,,,,,,,,,,,,,,,,,,,,,,,,,,,,,,,,,,,,,,,,,,,,,,,,,,,,,,,,,,,,,,,,,,,,nan,,,,,,,,,,,,,,,
271,1895.4891357421875,0.018937593325972557,1.8937593325972557,2705.1684608459473,10000,ppo,ppo,crawler,flat,thdot_dth_neighbours_plus_thdot_direct,,,,,,,,,,,,,,,0.0030427008089512777,0,781,0.0,0.0,,,,,,,,,,,,,,,,,,,,,,,,,,,,,,,,,,,,,,,,,,,,,,,,,,,,,,,,,,,,,,,,,,,,,,,,,,nan,,,,,,,,,,,,,,,
272,2039.6243896484375,0.020374028012156487,2.0374028012156487,2715.410327196121,10000,ppo,ppo,crawler,flat,thdot_dth_neighbours_plus_thdot_direct,,,,,,,,,,,,,,,0.003121630542038792,0,781,0.0,0.0,,,,,,,,,,,,,,,,,,,,,,,,,,,,,,,,,,,,,,,,,,,,,,,,,,,,,,,,,,,,,,,,,,,,,,,,,,nan,,,,,,,,,,,,,,,
273,1967.927001953125,0.019659118726849556,1.9659118726849556,2725.085137605667,10000,ppo,ppo,crawler,flat,thdot_dth_neighbours_plus_thdot_direct,,,,,,,,,,,,,,,0.0026808475784726982,0,781,0.0,0.0,,,,,,,,,,,,,,,,,,,,,,,,,,,,,,,,,,,,,,,,,,,,,,,,,,,,,,,,,,,,,,,,,,,,,,,,,,nan,,,,,,,,,,,,,,,
274,1868.2659912109375,0.0186624638736248,1.8662463873624802,2734.766678571701,10000,ppo,ppo,crawler,flat,thdot_dth_neighbours_plus_thdot_direct,,,,,,,,,,,,,,,0.0033213142286191186,0,781,0.0,0.0,,,,,,,,,,,,,,,,,,,,,,,,,,,,,,,,,,,,,,,,,,,,,,,,,,,,,,,,,,,,,,,,,,,,,,,,,,nan,,,,,,,,,,,,,,,
275,1857.9039306640625,0.018559813499450684,1.8559813499450684,2744.837443113327,10000,ppo,ppo,crawler,flat,thdot_dth_neighbours_plus_thdot_direct,,,,,,,,,,,,,,,0.004691897180058019,0,781,0.0,0.0,,,,,,,,,,,,,,,,,,,,,,,,,,,,,,,,,,,,,,,,,,,,,,,,,,,,,,,,,,,,,,,,,,,,,,,,,,nan,,,,,,,,,,,,,,,
276,1996.3929443359375,0.01994132064282894,1.9941320642828941,2754.438640356064,10000,ppo,ppo,crawler,flat,thdot_dth_neighbours_plus_thdot_direct,,,,,,,,,,,,,,,0.002463146730733747,0,781,0.0,0.0,,,,,,,,,,,,,,,,,,,,,,,,,,,,,,,,,,,,,,,,,,,,,,,,,,,,,,,,,,,,,,,,,,,,,,,,,,nan,,,,,,,,,,,,,,,
277,2032.8983154296875,0.020306682214140892,2.030668221414089,2764.6879007816315,10000,ppo,ppo,crawler,flat,thdot_dth_neighbours_plus_thdot_direct,,,,,,,,,,,,,,,0.0023482823717236203,0,781,0.0,0.0,,,,,,,,,,,,,,,,,,,,,,,,,,,,,,,,,,,,,,,,,,,,,,,,,,,,,,,,,,,,,,,,,,,,,,,,,,nan,,,,,,,,,,,,,,,
278,1884.982666015625,0.018830081447958946,1.8830081447958946,2774.7157521247864,10000,ppo,ppo,crawler,flat,thdot_dth_neighbours_plus_thdot_direct,,,,,,,,,,,,,,,0.0024342733477398797,0,781,0.0,0.0,,,,,,,,,,,,,,,,,,,,,,,,,,,,,,,,,,,,,,,,,,,,,,,,,,,,,,,,,,,,,,,,,,,,,,,,,,nan,,,,,,,,,,,,,,,
279,1956.0394287109375,0.01953795552253723,1.9537955522537231,2784.6360800266266,10000,ppo,ppo,crawler,flat,thdot_dth_neighbours_plus_thdot_direct,,,,,,,,,,,,,,,0.002823904648192232,0,781,0.0,0.0,,,,,,,,,,,,,,,,,,,,,,,,,,,,,,,,,,,,,,,,,,,,,,,,,,,,,,,,,,,,,,,,,,,,,,,,,,nan,,,,,,,,,,,,,,,
280,1929.6976318359375,0.01927756704390049,1.927756704390049,2794.8075382709503,10000,ppo,ppo,crawler,flat,thdot_dth_neighbours_plus_thdot_direct,,,,,,,,,,,,,,,0.0031710944081204083,0,781,0.0,0.0,,,,,,,,,,,,,,,,,,,,,,,,,,,,,,,,,,,,,,,,,,,,,,,,,,,,,,,,,,,,,,,,,,,,,,,,,,nan,,,,,,,,,,,,,,,
281,1937.810546875,0.019357601180672646,1.9357601180672646,2804.4681000709534,10000,ppo,ppo,crawler,flat,thdot_dth_neighbours_plus_thdot_direct,,,,,,,,,,,,,,,0.0019925509898895163,0,781,0.0,0.0,,,,,,,,,,,,,,,,,,,,,,,,,,,,,,,,,,,,,,,,,,,,,,,,,,,,,,,,,,,,,,,,,,,,,,,,,,nan,,,,,,,,,,,,,,,
282,1996.8851318359375,0.019946163520216942,1.9946163520216942,2814.792567014694,10000,ppo,ppo,crawler,flat,thdot_dth_neighbours_plus_thdot_direct,,,,,,,,,,,,,,,0.0023149569078482397,0,781,0.0,0.0,,,,,,,,,,,,,,,,,,,,,,,,,,,,,,,,,,,,,,,,,,,,,,,,,,,,,,,,,,,,,,,,,,,,,,,,,,nan,,,,,,,,,,,,,,,
283,1993.1741943359375,0.01991138607263565,1.991138607263565,2825.061227798462,10000,ppo,ppo,crawler,flat,thdot_dth_neighbours_plus_thdot_direct,,,,,,,,,,,,,,,0.0021710917213808357,0,781,0.0,0.0,,,,,,,,,,,,,,,,,,,,,,,,,,,,,,,,,,,,,,,,,,,,,,,,,,,,,,,,,,,,,,,,,,,,,,,,,,nan,,,,,,,,,,,,,,,
284,2052.838623046875,0.020509023219347,2.0509023219347,2835.0541105270386,10000,ppo,ppo,crawler,flat,thdot_dth_neighbours_plus_thdot_direct,,,,,,,,,,,,,,,0.002287644394437637,0,781,0.0,0.0,,,,,,,,,,,,,,,,,,,,,,,,,,,,,,,,,,,,,,,,,,,,,,,,,,,,,,,,,,,,,,,,,,,,,,,,,,nan,,,,,,,,,,,,,,,
285,1974.5745849609375,0.01972438395023346,1.972438395023346,2845.228590488434,10000,ppo,ppo,crawler,flat,thdot_dth_neighbours_plus_thdot_direct,,,,,,,,,,,,,,,0.002421430287551779,0,781,0.0,0.0,,,,,,,,,,,,,,,,,,,,,,,,,,,,,,,,,,,,,,,,,,,,,,,,,,,,,,,,,,,,,,,,,,,,,,,,,,nan,,,,,,,,,,,,,,,
286,2145.047607421875,0.02142590656876564,2.142590656876564,2855.1632397174835,10000,ppo,ppo,crawler,flat,thdot_dth_neighbours_plus_thdot_direct,,,,,,,,,,,,,,,0.002674330521003535,0,781,0.0,0.0,,,,,,,,,,,,,,,,,,,,,,,,,,,,,,,,,,,,,,,,,,,,,,,,,,,,,,,,,,,,,,,,,,,,,,,,,,nan,,,,,,,,,,,,,,,
287,2154.265380859375,0.02151726372539997,2.151726372539997,2865.0770943164825,10000,ppo,ppo,crawler,flat,thdot_dth_neighbours_plus_thdot_direct,,,,,,,,,,,,,,,0.0017063956956882601,0,781,0.0,0.0,,,,,,,,,,,,,,,,,,,,,,,,,,,,,,,,,,,,,,,,,,,,,,,,,,,,,,,,,,,,,,,,,,,,,,,,,,nan,,,,,,,,,,,,,,,
288,2167.025390625,0.02164820209145546,2.164820209145546,2874.8790328502655,10000,ppo,ppo,crawler,flat,thdot_dth_neighbours_plus_thdot_direct,,,,,,,,,,,,,,,0.0015895600114233406,0,781,0.0,0.0,,,,,,,,,,,,,,,,,,,,,,,,,,,,,,,,,,,,,,,,,,,,,,,,,,,,,,,,,,,,,,,,,,,,,,,,,,nan,,,,,,,,,,,,,,,
289,2168.474365234375,0.021663088351488113,2.1663088351488113,2884.7008068561554,10000,ppo,ppo,crawler,flat,thdot_dth_neighbours_plus_thdot_direct,,,,,,,,,,,,,,,0.002259754124015823,0,781,0.0,0.0,,,,,,,,,,,,,,,,,,,,,,,,,,,,,,,,,,,,,,,,,,,,,,,,,,,,,,,,,,,,,,,,,,,,,,,,,,nan,,,,,,,,,,,,,,,
290,2227.9560546875,0.02225913666188717,2.225913666188717,2894.872541666031,10000,ppo,ppo,crawler,flat,thdot_dth_neighbours_plus_thdot_direct,,,,,,,,,,,,,,,0.00209640612009566,0,781,0.0,0.0,,,,,,,,,,,,,,,,,,,,,,,,,,,,,,,,,,,,,,,,,,,,,,,,,,,,,,,,,,,,,,,,,,,,,,,,,,nan,,,,,,,,,,,,,,,
291,2171.38525390625,0.021692177280783653,2.1692177280783653,2904.728910446167,10000,ppo,ppo,crawler,flat,thdot_dth_neighbours_plus_thdot_direct,,,,,,,,,,,,,,,0.0019250989051485935,0,781,0.0,0.0,,,,,,,,,,,,,,,,,,,,,,,,,,,,,,,,,,,,,,,,,,,,,,,,,,,,,,,,,,,,,,,,,,,,,,,,,,nan,,,,,,,,,,,,,,,
292,2246.399169921875,0.02244042232632637,2.244042232632637,2914.461902856827,10000,ppo,ppo,crawler,flat,thdot_dth_neighbours_plus_thdot_direct,,,,,,,,,,,,,,,0.002179400456827676,0,781,0.0,0.0,,,,,,,,,,,,,,,,,,,,,,,,,,,,,,,,,,,,,,,,,,,,,,,,,,,,,,,,,,,,,,,,,,,,,,,,,,nan,,,,,,,,,,,,,,,
293,2214.595947265625,0.022121688351035118,2.212168835103512,2924.647421360016,10000,ppo,ppo,crawler,flat,thdot_dth_neighbours_plus_thdot_direct,,,,,,,,,,,,,,,0.002377334751486851,0,781,0.0,0.0,,,,,,,,,,,,,,,,,,,,,,,,,,,,,,,,,,,,,,,,,,,,,,,,,,,,,,,,,,,,,,,,,,,,,,,,,,nan,,,,,,,,,,,,,,,
294,2224.154052734375,0.02221694029867649,2.221694029867649,2934.4306495189667,10000,ppo,ppo,crawler,flat,thdot_dth_neighbours_plus_thdot_direct,,,,,,,,,,,,,,,0.0024209368576419625,0,781,0.0,0.0,,,,,,,,,,,,,,,,,,,,,,,,,,,,,,,,,,,,,,,,,,,,,,,,,,,,,,,,,,,,,,,,,,,,,,,,,,nan,,,,,,,,,,,,,,,
295,2194.856201171875,0.021922893822193146,2.1922893822193146,2944.404392004013,10000,ppo,ppo,crawler,flat,thdot_dth_neighbours_plus_thdot_direct,,,,,,,,,,,,,,,0.0024548311545445974,0,781,0.0,0.0,,,,,,,,,,,,,,,,,,,,,,,,,,,,,,,,,,,,,,,,,,,,,,,,,,,,,,,,,,,,,,,,,,,,,,,,,,nan,,,,,,,,,,,,,,,
296,2304.583740234375,0.023020295426249504,2.3020295426249504,2954.476192712784,10000,ppo,ppo,crawler,flat,thdot_dth_neighbours_plus_thdot_direct,,,,,,,,,,,,,,,0.002224820207911634,0,781,0.0,0.0,,,,,,,,,,,,,,,,,,,,,,,,,,,,,,,,,,,,,,,,,,,,,,,,,,,,,,,,,,,,,,,,,,,,,,,,,,nan,,,,,,,,,,,,,,,
297,2243.225830078125,0.022407621145248413,2.2407621145248413,2964.4243154525757,10000,ppo,ppo,crawler,flat,thdot_dth_neighbours_plus_thdot_direct,,,,,,,,,,,,,,,0.003124536047383154,0,781,0.0,0.0,,,,,,,,,,,,,,,,,,,,,,,,,,,,,,,,,,,,,,,,,,,,,,,,,,,,,,,,,,,,,,,,,,,,,,,,,,nan,,,,,,,,,,,,,,,
298,2320.840576171875,0.023186007514595985,2.3186007514595985,2974.461722135544,10000,ppo,ppo,crawler,flat,thdot_dth_neighbours_plus_thdot_direct,,,,,,,,,,,,,,,0.002224737279666221,0,781,0.0,0.0,,,,,,,,,,,,,,,,,,,,,,,,,,,,,,,,,,,,,,,,,,,,,,,,,,,,,,,,,,,,,,,,,,,,,,,,,,nan,,,,,,,,,,,,,,,
299,2280.324951171875,0.022782620042562485,2.2782620042562485,2984.1867094039917,10000,ppo,ppo,crawler,flat,thdot_dth_neighbours_plus_thdot_direct,,,,,,,,,,,,,,,0.0023272962326818343,0,781,0.0,0.0,,,,,,,,,,,,,,,,,,,,,,,,,,,,,,,,,,,,,,,,,,,,,,,,,,,,,,,,,,,,,,,,,,,,,,,,,,nan,,,,,,,,,,,,,,,
300,2252.63134765625,0.02250412479043007,2.250412479043007,2993.9793376922607,10000,ppo,ppo,crawler,flat,thdot_dth_neighbours_plus_thdot_direct,,,,,,,,,,,,,,,0.0021433150286949347,0,781,0.0,0.0,,,,,,,,,,,,,,,,,,,,,,,,,,,,,,,,,,,,,,,,,,,,,,,,,,,,,,,,,,,,,,,,,,,,,,,,,,nan,,,,,,,,,,,,,,,
301,2172.591552734375,0.02170056663453579,2.170056663453579,3004.3313105106354,10000,ppo,ppo,crawler,flat,thdot_dth_neighbours_plus_thdot_direct,,,,,,,,,,,,,,,0.0030606221178371314,0,781,0.0,0.0,,,,,,,,,,,,,,,,,,,,,,,,,,,,,,,,,,,,,,,,,,,,,,,,,,,,,,,,,,,,,,,,,,,,,,,,,,nan,,,,,,,,,,,,,,,
302,2174.469482421875,0.021725548431277275,2.1725548431277275,3014.428239583969,10000,ppo,ppo,crawler,flat,thdot_dth_neighbours_plus_thdot_direct,,,,,,,,,,,,,,,0.002435602175849776,0,781,0.0,0.0,,,,,,,,,,,,,,,,,,,,,,,,,,,,,,,,,,,,,,,,,,,,,,,,,,,,,,,,,,,,,,,,,,,,,,,,,,nan,,,,,,,,,,,,,,,
303,2165.27783203125,0.0216295775026083,2.16295775026083,3024.2914292812347,10000,ppo,ppo,crawler,flat,thdot_dth_neighbours_plus_thdot_direct,,,,,,,,,,,,,,,0.001770593466781077,0,781,0.0,0.0,,,,,,,,,,,,,,,,,,,,,,,,,,,,,,,,,,,,,,,,,,,,,,,,,,,,,,,,,,,,,,,,,,,,,,,,,,nan,,,,,,,,,,,,,,,
304,2166.49267578125,0.0216437429189682,2.16437429189682,3034.5228691101074,10000,ppo,ppo,crawler,flat,thdot_dth_neighbours_plus_thdot_direct,,,,,,,,,,,,,,,0.003688851325721121,0,781,0.0,0.0,,,,,,,,,,,,,,,,,,,,,,,,,,,,,,,,,,,,,,,,,,,,,,,,,,,,,,,,,,,,,,,,,,,,,,,,,,nan,,,,,,,,,,,,,,,
305,2103.714599609375,0.021017244085669518,2.1017244085669518,3044.634657382965,10000,ppo,ppo,crawler,flat,thdot_dth_neighbours_plus_thdot_direct,,,,,,,,,,,,,,,0.0031653968879303625,0,781,0.0,0.0,,,,,,,,,,,,,,,,,,,,,,,,,,,,,,,,,,,,,,,,,,,,,,,,,,,,,,,,,,,,,,,,,,,,,,,,,,nan,,,,,,,,,,,,,,,
306,2225.556396484375,0.022232577204704285,2.2232577204704285,3054.520034313202,10000,ppo,ppo,crawler,flat,thdot_dth_neighbours_plus_thdot_direct,,,,,,,,,,,,,,,0.0022817866794055913,0,781,0.0,0.0,,,,,,,,,,,,,,,,,,,,,,,,,,,,,,,,,,,,,,,,,,,,,,,,,,,,,,,,,,,,,,,,,,,,,,,,,,nan,,,,,,,,,,,,,,,
307,2233.611083984375,0.02231014519929886,2.231014519929886,3064.5449738502502,10000,ppo,ppo,crawler,flat,thdot_dth_neighbours_plus_thdot_direct,,,,,,,,,,,,,,,0.0022997004039860868,0,781,0.0,0.0,,,,,,,,,,,,,,,,,,,,,,,,,,,,,,,,,,,,,,,,,,,,,,,,,,,,,,,,,,,,,,,,,,,,,,,,,,nan,,,,,,,,,,,,,,,
308,2238.94140625,0.022366201505064964,2.2366201505064964,3074.837551832199,10000,ppo,ppo,crawler,flat,thdot_dth_neighbours_plus_thdot_direct,,,,,,,,,,,,,,,0.0023518806730516845,0,781,0.0,0.0,,,,,,,,,,,,,,,,,,,,,,,,,,,,,,,,,,,,,,,,,,,,,,,,,,,,,,,,,,,,,,,,,,,,,,,,,,nan,,,,,,,,,,,,,,,
309,2236.506591796875,0.022341690957546234,2.2341690957546234,3084.619453191757,10000,ppo,ppo,crawler,flat,thdot_dth_neighbours_plus_thdot_direct,,,,,,,,,,,,,,,0.0023350897078793682,0,781,0.0,0.0,,,,,,,,,,,,,,,,,,,,,,,,,,,,,,,,,,,,,,,,,,,,,,,,,,,,,,,,,,,,,,,,,,,,,,,,,,nan,,,,,,,,,,,,,,,
310,2205.541259765625,0.022032633423805237,2.2032633423805237,3094.688375711441,10000,ppo,ppo,crawler,flat,thdot_dth_neighbours_plus_thdot_direct,,,,,,,,,,,,,,,0.002165226316887116,0,781,0.0,0.0,,,,,,,,,,,,,,,,,,,,,,,,,,,,,,,,,,,,,,,,,,,,,,,,,,,,,,,,,,,,,,,,,,,,,,,,,,nan,,,,,,,,,,,,,,,
311,2248.345703125,0.02245982736349106,2.245982736349106,3104.6559863090515,10000,ppo,ppo,crawler,flat,thdot_dth_neighbours_plus_thdot_direct,,,,,,,,,,,,,,,0.0027743462008293974,0,781,0.0,0.0,,,,,,,,,,,,,,,,,,,,,,,,,,,,,,,,,,,,,,,,,,,,,,,,,,,,,,,,,,,,,,,,,,,,,,,,,,nan,,,,,,,,,,,,,,,
312,2275.524658203125,0.022727398201823235,2.2727398201823235,3114.8853027820587,10000,ppo,ppo,crawler,flat,thdot_dth_neighbours_plus_thdot_direct,,,,,,,,,,,,,,,0.0021436589181149475,0,781,0.0,0.0,,,,,,,,,,,,,,,,,,,,,,,,,,,,,,,,,,,,,,,,,,,,,,,,,,,,,,,,,,,,,,,,,,,,,,,,,,nan,,,,,,,,,,,,,,,
313,2237.8125,0.02235460840165615,2.235460840165615,3124.9360461235046,10000,ppo,ppo,crawler,flat,thdot_dth_neighbours_plus_thdot_direct,,,,,,,,,,,,,,,0.0027564576709832637,0,781,0.0,0.0,,,,,,,,,,,,,,,,,,,,,,,,,,,,,,,,,,,,,,,,,,,,,,,,,,,,,,,,,,,,,,,,,,,,,,,,,,nan,,,,,,,,,,,,,,,
314,2271.52001953125,0.022694073617458344,2.2694073617458344,3134.66402220726,10000,ppo,ppo,crawler,flat,thdot_dth_neighbours_plus_thdot_direct,,,,,,,,,,,,,,,0.00220333432981934,0,781,0.0,0.0,,,,,,,,,,,,,,,,,,,,,,,,,,,,,,,,,,,,,,,,,,,,,,,,,,,,,,,,,,,,,,,,,,,,,,,,,,nan,,,,,,,,,,,,,,,
315,2311.642333984375,0.023093249648809433,2.3093249648809433,3144.382826089859,10000,ppo,ppo,crawler,flat,thdot_dth_neighbours_plus_thdot_direct,,,,,,,,,,,,,,,0.002063141318984556,0,781,0.0,0.0,,,,,,,,,,,,,,,,,,,,,,,,,,,,,,,,,,,,,,,,,,,,,,,,,,,,,,,,,,,,,,,,,,,,,,,,,,nan,,,,,,,,,,,,,,,
316,2260.479248046875,0.022580072283744812,2.258007228374481,3154.597191095352,10000,ppo,ppo,crawler,flat,thdot_dth_neighbours_plus_thdot_direct,,,,,,,,,,,,,,,0.0021986500953559166,0,781,0.0,0.0,,,,,,,,,,,,,,,,,,,,,,,,,,,,,,,,,,,,,,,,,,,,,,,,,,,,,,,,,,,,,,,,,,,,,,,,,,nan,,,,,,,,,,,,,,,
317,2257.839111328125,0.022554930299520493,2.2554930299520493,3164.4758632183075,10000,ppo,ppo,crawler,flat,thdot_dth_neighbours_plus_thdot_direct,,,,,,,,,,,,,,,0.0025953473003857337,0,781,0.0,0.0,,,,,,,,,,,,,,,,,,,,,,,,,,,,,,,,,,,,,,,,,,,,,,,,,,,,,,,,,,,,,,,,,,,,,,,,,,nan,,,,,,,,,,,,,,,
318,2328.49072265625,0.02326263301074505,2.326263301074505,3174.4583172798157,10000,ppo,ppo,crawler,flat,thdot_dth_neighbours_plus_thdot_direct,,,,,,,,,,,,,,,0.002681353614825309,0,781,0.0,0.0,,,,,,,,,,,,,,,,,,,,,,,,,,,,,,,,,,,,,,,,,,,,,,,,,,,,,,,,,,,,,,,,,,,,,,,,,,nan,,,,,,,,,,,,,,,
319,2282.4296875,0.02279835194349289,2.279835194349289,3184.7649068832397,10000,ppo,ppo,crawler,flat,thdot_dth_neighbours_plus_thdot_direct,,,,,,,,,,,,,,,0.002905533346825898,0,781,0.0,0.0,,,,,,,,,,,,,,,,,,,,,,,,,,,,,,,,,,,,,,,,,,,,,,,,,,,,,,,,,,,,,,,,,,,,,,,,,,nan,,,,,,,,,,,,,,,
320,2387.90283203125,0.023859219625592232,2.385921962559223,3194.979729652405,10000,ppo,ppo,crawler,flat,thdot_dth_neighbours_plus_thdot_direct,,,,,,,,,,,,,,,0.0023290488803354927,0,781,0.0,0.0,,,,,,,,,,,,,,,,,,,,,,,,,,,,,,,,,,,,,,,,,,,,,,,,,,,,,,,,,,,,,,,,,,,,,,,,,,nan,,,,,,,,,,,,,,,
321,2396.387451171875,0.02393987961113453,2.393987961113453,3205.1361508369446,10000,ppo,ppo,crawler,flat,thdot_dth_neighbours_plus_thdot_direct,,,,,,,,,,,,,,,0.0026093481388174537,0,781,0.0,0.0,,,,,,,,,,,,,,,,,,,,,,,,,,,,,,,,,,,,,,,,,,,,,,,,,,,,,,,,,,,,,,,,,,,,,,,,,,nan,,,,,,,,,,,,,,,
322,2452.819091796875,0.024502597749233246,2.4502597749233246,3214.7470514774323,10000,ppo,ppo,crawler,flat,thdot_dth_neighbours_plus_thdot_direct,,,,,,,,,,,,,,,0.002218160071348456,0,781,0.0,0.0,,,,,,,,,,,,,,,,,,,,,,,,,,,,,,,,,,,,,,,,,,,,,,,,,,,,,,,,,,,,,,,,,,,,,,,,,,nan,,,,,,,,,,,,,,,
323,2368.72705078125,0.02366350032389164,2.366350032389164,3224.988901615143,10000,ppo,ppo,crawler,flat,thdot_dth_neighbours_plus_thdot_direct,,,,,,,,,,,,,,,0.0019962965432990592,0,781,0.0,0.0,,,,,,,,,,,,,,,,,,,,,,,,,,,,,,,,,,,,,,,,,,,,,,,,,,,,,,,,,,,,,,,,,,,,,,,,,,nan,,,,,,,,,,,,,,,
324,2464.592041015625,0.024619627743959427,2.4619627743959427,3235.0755388736725,10000,ppo,ppo,crawler,flat,thdot_dth_neighbours_plus_thdot_direct,,,,,,,,,,,,,,,0.002684557374253614,0,781,0.0,0.0,,,,,,,,,,,,,,,,,,,,,,,,,,,,,,,,,,,,,,,,,,,,,,,,,,,,,,,,,,,,,,,,,,,,,,,,,,nan,,,,,,,,,,,,,,,
325,2390.005859375,0.023875249549746513,2.3875249549746513,3244.9446132183075,10000,ppo,ppo,crawler,flat,thdot_dth_neighbours_plus_thdot_direct,,,,,,,,,,,,,,,0.0020345138245975295,0,781,0.0,0.0,,,,,,,,,,,,,,,,,,,,,,,,,,,,,,,,,,,,,,,,,,,,,,,,,,,,,,,,,,,,,,,,,,,,,,,,,,nan,,,,,,,,,,,,,,,
326,2447.866943359375,0.02445177547633648,2.445177547633648,3255.298949956894,10000,ppo,ppo,crawler,flat,thdot_dth_neighbours_plus_thdot_direct,,,,,,,,,,,,,,,0.001931255691127911,0,781,0.0,0.0,,,,,,,,,,,,,,,,,,,,,,,,,,,,,,,,,,,,,,,,,,,,,,,,,,,,,,,,,,,,,,,,,,,,,,,,,,nan,,,,,,,,,,,,,,,
327,2393.920166015625,0.023912621662020683,2.3912621662020683,3264.9628167152405,10000,ppo,ppo,crawler,flat,thdot_dth_neighbours_plus_thdot_direct,,,,,,,,,,,,,,,0.0021009027189886485,0,781,0.0,0.0,,,,,,,,,,,,,,,,,,,,,,,,,,,,,,,,,,,,,,,,,,,,,,,,,,,,,,,,,,,,,,,,,,,,,,,,,,nan,,,,,,,,,,,,,,,
328,2443.293701171875,0.024414679035544395,2.4414679035544395,3274.940380334854,10000,ppo,ppo,crawler,flat,thdot_dth_neighbours_plus_thdot_direct,,,,,,,,,,,,,,,0.0025257350292891743,0,781,0.0,0.0,,,,,,,,,,,,,,,,,,,,,,,,,,,,,,,,,,,,,,,,,,,,,,,,,,,,,,,,,,,,,,,,,,,,,,,,,,nan,,,,,,,,,,,,,,,
329,2345.135986328125,0.02342694066464901,2.342694066464901,3284.745804786682,10000,ppo,ppo,crawler,flat,thdot_dth_neighbours_plus_thdot_direct,,,,,,,,,,,,,,,0.0029345625097432345,0,781,0.0,0.0,,,,,,,,,,,,,,,,,,,,,,,,,,,,,,,,,,,,,,,,,,,,,,,,,,,,,,,,,,,,,,,,,,,,,,,,,,nan,,,,,,,,,,,,,,,
330,2416.925537109375,0.024144532158970833,2.4144532158970833,3294.753829240799,10000,ppo,ppo,crawler,flat,thdot_dth_neighbours_plus_thdot_direct,,,,,,,,,,,,,,,0.0023732789009268235,0,781,0.0,0.0,,,,,,,,,,,,,,,,,,,,,,,,,,,,,,,,,,,,,,,,,,,,,,,,,,,,,,,,,,,,,,,,,,,,,,,,,,nan,,,,,,,,,,,,,,,
331,2383.618408203125,0.023809317499399185,2.3809317499399185,3304.7277598381042,10000,ppo,ppo,crawler,flat,thdot_dth_neighbours_plus_thdot_direct,,,,,,,,,,,,,,,0.002959698647317983,0,781,0.0,0.0,,,,,,,,,,,,,,,,,,,,,,,,,,,,,,,,,,,,,,,,,,,,,,,,,,,,,,,,,,,,,,,,,,,,,,,,,,nan,,,,,,,,,,,,,,,
332,2463.176025390625,0.02460641972720623,2.460641972720623,3314.323129415512,10000,ppo,ppo,crawler,flat,thdot_dth_neighbours_plus_thdot_direct,,,,,,,,,,,,,,,0.002554155276156752,0,781,0.0,0.0,,,,,,,,,,,,,,,,,,,,,,,,,,,,,,,,,,,,,,,,,,,,,,,,,,,,,,,,,,,,,,,,,,,,,,,,,,nan,,,,,,,,,,,,,,,
333,2402.545654296875,0.024002864956855774,2.4002864956855774,3324.318558216095,10000,ppo,ppo,crawler,flat,thdot_dth_neighbours_plus_thdot_direct,,,,,,,,,,,,,,,0.002418103675080141,0,781,0.0,0.0,,,,,,,,,,,,,,,,,,,,,,,,,,,,,,,,,,,,,,,,,,,,,,,,,,,,,,,,,,,,,,,,,,,,,,,,,,nan,,,,,,,,,,,,,,,
334,2407.1611328125,0.024045022204518318,2.404502220451832,3334.5991082191467,10000,ppo,ppo,crawler,flat,thdot_dth_neighbours_plus_thdot_direct,,,,,,,,,,,,,,,0.003002379854510683,0,781,0.0,0.0,,,,,,,,,,,,,,,,,,,,,,,,,,,,,,,,,,,,,,,,,,,,,,,,,,,,,,,,,,,,,,,,,,,,,,,,,,nan,,,,,,,,,,,,,,,
335,2411.843994140625,0.024096889421343803,2.4096889421343803,3344.1141057014465,10000,ppo,ppo,crawler,flat,thdot_dth_neighbours_plus_thdot_direct,,,,,,,,,,,,,,,0.002409040547160661,0,781,0.0,0.0,,,,,,,,,,,,,,,,,,,,,,,,,,,,,,,,,,,,,,,,,,,,,,,,,,,,,,,,,,,,,,,,,,,,,,,,,,nan,,,,,,,,,,,,,,,
336,2483.228759765625,0.024806417524814606,2.4806417524814606,3354.2591111660004,10000,ppo,ppo,crawler,flat,thdot_dth_neighbours_plus_thdot_direct,,,,,,,,,,,,,,,0.0024427141187262887,0,781,0.0,0.0,,,,,,,,,,,,,,,,,,,,,,,,,,,,,,,,,,,,,,,,,,,,,,,,,,,,,,,,,,,,,,,,,,,,,,,,,,nan,,,,,,,,,,,,,,,
337,2425.28515625,0.024230238050222397,2.4230238050222397,3363.7346205711365,10000,ppo,ppo,crawler,flat,thdot_dth_neighbours_plus_thdot_direct,,,,,,,,,,,,,,,0.0024224551741908475,0,781,0.0,0.0,,,,,,,,,,,,,,,,,,,,,,,,,,,,,,,,,,,,,,,,,,,,,,,,,,,,,,,,,,,,,,,,,,,,,,,,,,nan,,,,,,,,,,,,,,,
338,2449.563232421875,0.024469003081321716,2.4469003081321716,3373.8438715934753,10000,ppo,ppo,crawler,flat,thdot_dth_neighbours_plus_thdot_direct,,,,,,,,,,,,,,,0.002269638509106185,0,781,0.0,0.0,,,,,,,,,,,,,,,,,,,,,,,,,,,,,,,,,,,,,,,,,,,,,,,,,,,,,,,,,,,,,,,,,,,,,,,,,,nan,,,,,,,,,,,,,,,
339,2451.618896484375,0.024491772055625916,2.4491772055625916,3384.0731880664825,10000,ppo,ppo,crawler,flat,thdot_dth_neighbours_plus_thdot_direct,,,,,,,,,,,,,,,0.0028864641011571456,0,781,0.0,0.0,,,,,,,,,,,,,,,,,,,,,,,,,,,,,,,,,,,,,,,,,,,,,,,,,,,,,,,,,,,,,,,,,,,,,,,,,,nan,,,,,,,,,,,,,,,
340,2480.063232421875,0.02477465197443962,2.477465197443962,3393.736930370331,10000,ppo,ppo,crawler,flat,thdot_dth_neighbours_plus_thdot_direct,,,,,,,,,,,,,,,0.002109173422592033,0,781,0.0,0.0,,,,,,,,,,,,,,,,,,,,,,,,,,,,,,,,,,,,,,,,,,,,,,,,,,,,,,,,,,,,,,,,,,,,,,,,,,nan,,,,,,,,,,,,,,,
341,2413.790771484375,0.024114618077874184,2.4114618077874184,3404.0165445804596,10000,ppo,ppo,crawler,flat,thdot_dth_neighbours_plus_thdot_direct,,,,,,,,,,,,,,,0.0021237577445061945,0,781,0.0,0.0,,,,,,,,,,,,,,,,,,,,,,,,,,,,,,,,,,,,,,,,,,,,,,,,,,,,,,,,,,,,,,,,,,,,,,,,,,nan,,,,,,,,,,,,,,,
342,2336.23388671875,0.02333889901638031,2.333889901638031,3413.503885746002,10000,ppo,ppo,crawler,flat,thdot_dth_neighbours_plus_thdot_direct,,,,,,,,,,,,,,,0.0027131424320628477,0,781,0.0,0.0,,,,,,,,,,,,,,,,,,,,,,,,,,,,,,,,,,,,,,,,,,,,,,,,,,,,,,,,,,,,,,,,,,,,,,,,,,nan,,,,,,,,,,,,,,,
343,2353.705322265625,0.02350909262895584,2.350909262895584,3423.190491437912,10000,ppo,ppo,crawler,flat,thdot_dth_neighbours_plus_thdot_direct,,,,,,,,,,,,,,,0.001965648820756628,0,781,0.0,0.0,,,,,,,,,,,,,,,,,,,,,,,,,,,,,,,,,,,,,,,,,,,,,,,,,,,,,,,,,,,,,,,,,,,,,,,,,,nan,,,,,,,,,,,,,,,
344,2420.260986328125,0.02417670749127865,2.417670749127865,3433.3107335567474,10000,ppo,ppo,crawler,flat,thdot_dth_neighbours_plus_thdot_direct,,,,,,,,,,,,,,,0.0028908594258068307,0,781,0.0,0.0,,,,,,,,,,,,,,,,,,,,,,,,,,,,,,,,,,,,,,,,,,,,,,,,,,,,,,,,,,,,,,,,,,,,,,,,,,nan,,,,,,,,,,,,,,,
345,2398.329345703125,0.023959888145327568,2.395988814532757,3443.020747423172,10000,ppo,ppo,crawler,flat,thdot_dth_neighbours_plus_thdot_direct,,,,,,,,,,,,,,,0.0033736493831659988,0,781,0.0,0.0,,,,,,,,,,,,,,,,,,,,,,,,,,,,,,,,,,,,,,,,,,,,,,,,,,,,,,,,,,,,,,,,,,,,,,,,,,nan,,,,,,,,,,,,,,,
346,2437.189208984375,0.02434392273426056,2.434392273426056,3453.1510581970215,10000,ppo,ppo,crawler,flat,thdot_dth_neighbours_plus_thdot_direct,,,,,,,,,,,,,,,0.0018010355514036364,0,781,0.0,0.0,,,,,,,,,,,,,,,,,,,,,,,,,,,,,,,,,,,,,,,,,,,,,,,,,,,,,,,,,,,,,,,,,,,,,,,,,,nan,,,,,,,,,,,,,,,
347,2411.288818359375,0.02408669702708721,2.408669702708721,3462.9579112529755,10000,ppo,ppo,crawler,flat,thdot_dth_neighbours_plus_thdot_direct,,,,,,,,,,,,,,,0.003314516481175235,0,781,0.0,0.0,,,,,,,,,,,,,,,,,,,,,,,,,,,,,,,,,,,,,,,,,,,,,,,,,,,,,,,,,,,,,,,,,,,,,,,,,,nan,,,,,,,,,,,,,,,
348,2308.419677734375,0.023058868944644928,2.305886894464493,3472.5372529029846,10000,ppo,ppo,crawler,flat,thdot_dth_neighbours_plus_thdot_direct,,,,,,,,,,,,,,,0.0029798741283717256,0,781,0.0,0.0,,,,,,,,,,,,,,,,,,,,,,,,,,,,,,,,,,,,,,,,,,,,,,,,,,,,,,,,,,,,,,,,,,,,,,,,,,nan,,,,,,,,,,,,,,,
349,2441.880615234375,0.024394575506448746,2.4394575506448746,3482.7393655776978,10000,ppo,ppo,crawler,flat,thdot_dth_neighbours_plus_thdot_direct,,,,,,,,,,,,,,,0.0029074810564643475,0,781,0.0,0.0,,,,,,,,,,,,,,,,,,,,,,,,,,,,,,,,,,,,,,,,,,,,,,,,,,,,,,,,,,,,,,,,,,,,,,,,,,nan,,,,,,,,,,,,,,,
350,2349.513427734375,0.023472990840673447,2.3472990840673447,3492.6693494319916,10000,ppo,ppo,crawler,flat,thdot_dth_neighbours_plus_thdot_direct,,,,,,,,,,,,,,,0.0027683400554083517,0,781,0.0,0.0,,,,,,,,,,,,,,,,,,,,,,,,,,,,,,,,,,,,,,,,,,,,,,,,,,,,,,,,,,,,,,,,,,,,,,,,,,nan,,,,,,,,,,,,,,,
351,2436.469970703125,0.02434072457253933,2.434072457253933,3502.4020879268646,10000,ppo,ppo,crawler,flat,thdot_dth_neighbours_plus_thdot_direct,,,,,,,,,,,,,,,0.002281823228202102,0,781,0.0,0.0,,,,,,,,,,,,,,,,,,,,,,,,,,,,,,,,,,,,,,,,,,,,,,,,,,,,,,,,,,,,,,,,,,,,,,,,,,nan,,,,,,,,,,,,,,,
352,2434.16943359375,0.024318799376487732,2.431879937648773,3512.49937748909,10000,ppo,ppo,crawler,flat,thdot_dth_neighbours_plus_thdot_direct,,,,,,,,,,,,,,,0.002503702609615798,0,781,0.0,0.0,,,,,,,,,,,,,,,,,,,,,,,,,,,,,,,,,,,,,,,,,,,,,,,,,,,,,,,,,,,,,,,,,,,,,,,,,,nan,,,,,,,,,,,,,,,
353,2421.630615234375,0.02418908290565014,2.418908290565014,3521.8354568481445,10000,ppo,ppo,crawler,flat,thdot_dth_neighbours_plus_thdot_direct,,,,,,,,,,,,,,,0.002508610870846914,0,781,0.0,0.0,,,,,,,,,,,,,,,,,,,,,,,,,,,,,,,,,,,,,,,,,,,,,,,,,,,,,,,,,,,,,,,,,,,,,,,,,,nan,,,,,,,,,,,,,,,
354,2511.991943359375,0.025091780349612236,2.5091780349612236,3532.031254053116,10000,ppo,ppo,crawler,flat,thdot_dth_neighbours_plus_thdot_direct,,,,,,,,,,,,,,,0.0022288610689951915,0,781,0.0,0.0,,,,,,,,,,,,,,,,,,,,,,,,,,,,,,,,,,,,,,,,,,,,,,,,,,,,,,,,,,,,,,,,,,,,,,,,,,nan,,,,,,,,,,,,,,,
355,2343.050537109375,0.02340317703783512,2.340317703783512,3541.5857830047607,10000,ppo,ppo,crawler,flat,thdot_dth_neighbours_plus_thdot_direct,,,,,,,,,,,,,,,0.003271980008109172,0,781,0.0,0.0,,,,,,,,,,,,,,,,,,,,,,,,,,,,,,,,,,,,,,,,,,,,,,,,,,,,,,,,,,,,,,,,,,,,,,,,,,nan,,,,,,,,,,,,,,,
356,2448.97607421875,0.02446383237838745,2.446383237838745,3551.6449239254,10000,ppo,ppo,crawler,flat,thdot_dth_neighbours_plus_thdot_direct,,,,,,,,,,,,,,,0.003469775502219698,0,781,0.0,0.0,,,,,,,,,,,,,,,,,,,,,,,,,,,,,,,,,,,,,,,,,,,,,,,,,,,,,,,,,,,,,,,,,,,,,,,,,,nan,,,,,,,,,,,,,,,
357,2221.412109375,0.02218756265938282,2.218756265938282,3561.667535305023,10000,ppo,ppo,crawler,flat,thdot_dth_neighbours_plus_thdot_direct,,,,,,,,,,,,,,,0.0035037717267535156,0,781,0.0,0.0,,,,,,,,,,,,,,,,,,,,,,,,,,,,,,,,,,,,,,,,,,,,,,,,,,,,,,,,,,,,,,,,,,,,,,,,,,nan,,,,,,,,,,,,,,,
358,2383.28125,0.0238095261156559,2.38095261156559,3571.4247245788574,10000,ppo,ppo,crawler,flat,thdot_dth_neighbours_plus_thdot_direct,,,,,,,,,,,,,,,0.0024643989752255553,0,781,0.0,0.0,,,,,,,,,,,,,,,,,,,,,,,,,,,,,,,,,,,,,,,,,,,,,,,,,,,,,,,,,,,,,,,,,,,,,,,,,,nan,,,,,,,,,,,,,,,
359,2431.746826171875,0.024292875081300735,2.4292875081300735,3581.6114139556885,10000,ppo,ppo,crawler,flat,thdot_dth_neighbours_plus_thdot_direct,,,,,,,,,,,,,,,0.0016350008891351253,0,781,0.0,0.0,,,,,,,,,,,,,,,,,,,,,,,,,,,,,,,,,,,,,,,,,,,,,,,,,,,,,,,,,,,,,,,,,,,,,,,,,,nan,,,,,,,,,,,,,,,
360,2462.061767578125,0.024595486000180244,2.4595486000180244,3591.550461769104,10000,ppo,ppo,crawler,flat,thdot_dth_neighbours_plus_thdot_direct,,,,,,,,,,,,,,,0.0024815805144089553,0,781,0.0,0.0,,,,,,,,,,,,,,,,,,,,,,,,,,,,,,,,,,,,,,,,,,,,,,,,,,,,,,,,,,,,,,,,,,,,,,,,,,nan,,,,,,,,,,,,,,,
361,2410.40087890625,0.024078834801912308,2.4078834801912308,3601.291793346405,10000,ppo,ppo,crawler,flat,thdot_dth_neighbours_plus_thdot_direct,,,,,,,,,,,,,,,0.0022262040647046365,0,781,0.0,0.0,,,,,,,,,,,,,,,,,,,,,,,,,,,,,,,,,,,,,,,,,,,,,,,,,,,,,,,,,,,,,,,,,,,,,,,,,,nan,,,,,,,,,,,,,,,
362,2463.94287109375,0.024613507091999054,2.4613507091999054,3611.287796020508,10000,ppo,ppo,crawler,flat,thdot_dth_neighbours_plus_thdot_direct,,,,,,,,,,,,,,,0.0025242766701549578,0,781,0.0,0.0,,,,,,,,,,,,,,,,,,,,,,,,,,,,,,,,,,,,,,,,,,,,,,,,,,,,,,,,,,,,,,,,,,,,,,,,,,nan,,,,,,,,,,,,,,,
363,2368.032470703125,0.023656265810132027,2.3656265810132027,3621.277320623398,10000,ppo,ppo,crawler,flat,thdot_dth_neighbours_plus_thdot_direct,,,,,,,,,,,,,,,0.002649108545632091,0,781,0.0,0.0,,,,,,,,,,,,,,,,,,,,,,,,,,,,,,,,,,,,,,,,,,,,,,,,,,,,,,,,,,,,,,,,,,,,,,,,,,nan,,,,,,,,,,,,,,,
364,2350.37744140625,0.023481139913201332,2.348113991320133,3630.9474263191223,10000,ppo,ppo,crawler,flat,thdot_dth_neighbours_plus_thdot_direct,,,,,,,,,,,,,,,0.00230597679280467,0,781,0.0,0.0,,,,,,,,,,,,,,,,,,,,,,,,,,,,,,,,,,,,,,,,,,,,,,,,,,,,,,,,,,,,,,,,,,,,,,,,,,nan,,,,,,,,,,,,,,,
365,2439.88525390625,0.02437371388077736,2.437371388077736,3640.9676990509033,10000,ppo,ppo,crawler,flat,thdot_dth_neighbours_plus_thdot_direct,,,,,,,,,,,,,,,0.0020727830195624458,0,781,0.0,0.0,,,,,,,,,,,,,,,,,,,,,,,,,,,,,,,,,,,,,,,,,,,,,,,,,,,,,,,,,,,,,,,,,,,,,,,,,,nan,,,,,,,,,,,,,,,
366,2370.69921875,0.023683413863182068,2.368341386318207,3650.6693727970123,10000,ppo,ppo,crawler,flat,thdot_dth_neighbours_plus_thdot_direct,,,,,,,,,,,,,,,0.0026384155037105983,0,781,0.0,0.0,,,,,,,,,,,,,,,,,,,,,,,,,,,,,,,,,,,,,,,,,,,,,,,,,,,,,,,,,,,,,,,,,,,,,,,,,,nan,,,,,,,,,,,,,,,
367,2441.967529296875,0.024395065382122993,2.4395065382122993,3660.964899301529,10000,ppo,ppo,crawler,flat,thdot_dth_neighbours_plus_thdot_direct,,,,,,,,,,,,,,,0.003075062629661538,0,781,0.0,0.0,,,,,,,,,,,,,,,,,,,,,,,,,,,,,,,,,,,,,,,,,,,,,,,,,,,,,,,,,,,,,,,,,,,,,,,,,,nan,,,,,,,,,,,,,,,
368,2355.44970703125,0.023528996855020523,2.3528996855020523,3671.131977081299,10000,ppo,ppo,crawler,flat,thdot_dth_neighbours_plus_thdot_direct,,,,,,,,,,,,,,,0.00265745122369865,0,781,0.0,0.0,,,,,,,,,,,,,,,,,,,,,,,,,,,,,,,,,,,,,,,,,,,,,,,,,,,,,,,,,,,,,,,,,,,,,,,,,,nan,,,,,,,,,,,,,,,
369,2407.00830078125,0.024045543745160103,2.4045543745160103,3680.704942703247,10000,ppo,ppo,crawler,flat,thdot_dth_neighbours_plus_thdot_direct,,,,,,,,,,,,,,,0.0029053031541890944,0,781,0.0,0.0,,,,,,,,,,,,,,,,,,,,,,,,,,,,,,,,,,,,,,,,,,,,,,,,,,,,,,,,,,,,,,,,,,,,,,,,,,nan,,,,,,,,,,,,,,,
370,2310.203857421875,0.02307955175638199,2.307955175638199,3690.7708661556244,10000,ppo,ppo,crawler,flat,thdot_dth_neighbours_plus_thdot_direct,,,,,,,,,,,,,,,0.002195417758526368,0,781,0.0,0.0,,,,,,,,,,,,,,,,,,,,,,,,,,,,,,,,,,,,,,,,,,,,,,,,,,,,,,,,,,,,,,,,,,,,,,,,,,nan,,,,,,,,,,,,,,,
371,2281.974365234375,0.022798430174589157,2.2798430174589157,3700.7131078243256,10000,ppo,ppo,crawler,flat,thdot_dth_neighbours_plus_thdot_direct,,,,,,,,,,,,,,,0.0026979502838495695,0,781,0.0,0.0,,,,,,,,,,,,,,,,,,,,,,,,,,,,,,,,,,,,,,,,,,,,,,,,,,,,,,,,,,,,,,,,,,,,,,,,,,nan,,,,,,,,,,,,,,,
372,2245.66259765625,0.022432619705796242,2.243261970579624,3710.4478554725647,10000,ppo,ppo,crawler,flat,thdot_dth_neighbours_plus_thdot_direct,,,,,,,,,,,,,,,0.00327220776609853,0,781,0.0,0.0,,,,,,,,,,,,,,,,,,,,,,,,,,,,,,,,,,,,,,,,,,,,,,,,,,,,,,,,,,,,,,,,,,,,,,,,,,nan,,,,,,,,,,,,,,,
373,2329.26025390625,0.02326449751853943,2.326449751853943,3720.3605768680573,10000,ppo,ppo,crawler,flat,thdot_dth_neighbours_plus_thdot_direct,,,,,,,,,,,,,,,0.002932652714946689,0,781,0.0,0.0,,,,,,,,,,,,,,,,,,,,,,,,,,,,,,,,,,,,,,,,,,,,,,,,,,,,,,,,,,,,,,,,,,,,,,,,,,nan,,,,,,,,,,,,,,,
374,2406.321044921875,0.024032779037952423,2.4032779037952423,3730.5947177410126,10000,ppo,ppo,crawler,flat,thdot_dth_neighbours_plus_thdot_direct,,,,,,,,,,,,,,,0.001850992670488851,0,781,0.0,0.0,,,,,,,,,,,,,,,,,,,,,,,,,,,,,,,,,,,,,,,,,,,,,,,,,,,,,,,,,,,,,,,,,,,,,,,,,,nan,,,,,,,,,,,,,,,
375,2423.556884765625,0.02421189285814762,2.421189285814762,3741.201733350754,10000,ppo,ppo,crawler,flat,thdot_dth_neighbours_plus_thdot_direct,,,,,,,,,,,,,,,0.00219297626636058,0,781,0.0,0.0,,,,,,,,,,,,,,,,,,,,,,,,,,,,,,,,,,,,,,,,,,,,,,,,,,,,,,,,,,,,,,,,,,,,,,,,,,nan,,,,,,,,,,,,,,,
376,2335.934326171875,0.023335406556725502,2.33354065567255,3751.1801528930664,10000,ppo,ppo,crawler,flat,thdot_dth_neighbours_plus_thdot_direct,,,,,,,,,,,,,,,0.002034421810791905,0,781,0.0,0.0,,,,,,,,,,,,,,,,,,,,,,,,,,,,,,,,,,,,,,,,,,,,,,,,,,,,,,,,,,,,,,,,,,,,,,,,,,nan,,,,,,,,,,,,,,,
377,2295.109130859375,0.02292674593627453,2.292674593627453,3761.3154549598694,10000,ppo,ppo,crawler,flat,thdot_dth_neighbours_plus_thdot_direct,,,,,,,,,,,,,,,0.003407728362871357,0,781,0.0,0.0,,,,,,,,,,,,,,,,,,,,,,,,,,,,,,,,,,,,,,,,,,,,,,,,,,,,,,,,,,,,,,,,,,,,,,,,,,nan,,,,,,,,,,,,,,,
378,2387.19873046875,0.0238443985581398,2.38443985581398,3771.7894144058228,10000,ppo,ppo,crawler,flat,thdot_dth_neighbours_plus_thdot_direct,,,,,,,,,,,,,,,0.001724906334920108,0,781,0.0,0.0,,,,,,,,,,,,,,,,,,,,,,,,,,,,,,,,,,,,,,,,,,,,,,,,,,,,,,,,,,,,,,,,,,,,,,,,,,nan,,,,,,,,,,,,,,,
379,2342.437255859375,0.023397481068968773,2.3397481068968773,3781.4260416030884,10000,ppo,ppo,crawler,flat,thdot_dth_neighbours_plus_thdot_direct,,,,,,,,,,,,,,,0.0021788422595507193,0,781,0.0,0.0,,,,,,,,,,,,,,,,,,,,,,,,,,,,,,,,,,,,,,,,,,,,,,,,,,,,,,,,,,,,,,,,,,,,,,,,,,nan,,,,,,,,,,,,,,,
380,2321.368896484375,0.023189468309283257,2.3189468309283257,3791.5791976451874,10000,ppo,ppo,crawler,flat,thdot_dth_neighbours_plus_thdot_direct,,,,,,,,,,,,,,,0.0035850905743008694,0,781,0.0,0.0,,,,,,,,,,,,,,,,,,,,,,,,,,,,,,,,,,,,,,,,,,,,,,,,,,,,,,,,,,,,,,,,,,,,,,,,,,nan,,,,,,,,,,,,,,,
381,2391.551513671875,0.02389250136911869,2.389250136911869,3801.532367706299,10000,ppo,ppo,crawler,flat,thdot_dth_neighbours_plus_thdot_direct,,,,,,,,,,,,,,,0.0022015541857773324,0,781,0.0,0.0,,,,,,,,,,,,,,,,,,,,,,,,,,,,,,,,,,,,,,,,,,,,,,,,,,,,,,,,,,,,,,,,,,,,,,,,,,nan,,,,,,,,,,,,,,,
382,2460.218017578125,0.024576155468821526,2.4576155468821526,3811.641246318817,10000,ppo,ppo,crawler,flat,thdot_dth_neighbours_plus_thdot_direct,,,,,,,,,,,,,,,0.0025646303651944737,0,781,0.0,0.0,,,,,,,,,,,,,,,,,,,,,,,,,,,,,,,,,,,,,,,,,,,,,,,,,,,,,,,,,,,,,,,,,,,,,,,,,,nan,,,,,,,,,,,,,,,
383,2341.517578125,0.023389719426631927,2.3389719426631927,3821.7700469493866,10000,ppo,ppo,crawler,flat,thdot_dth_neighbours_plus_thdot_direct,,,,,,,,,,,,,,,0.0023503701229017192,0,781,0.0,0.0,,,,,,,,,,,,,,,,,,,,,,,,,,,,,,,,,,,,,,,,,,,,,,,,,,,,,,,,,,,,,,,,,,,,,,,,,,nan,,,,,,,,,,,,,,,
384,2360.2314453125,0.02357509173452854,2.357509173452854,3831.481491804123,10000,ppo,ppo,crawler,flat,thdot_dth_neighbours_plus_thdot_direct,,,,,,,,,,,,,,,0.002738913289452386,0,781,0.0,0.0,,,,,,,,,,,,,,,,,,,,,,,,,,,,,,,,,,,,,,,,,,,,,,,,,,,,,,,,,,,,,,,,,,,,,,,,,,nan,,,,,,,,,,,,,,,
385,2323.07666015625,0.023208461701869965,2.3208461701869965,3841.511976480484,10000,ppo,ppo,crawler,flat,thdot_dth_neighbours_plus_thdot_direct,,,,,,,,,,,,,,,0.002142245229678106,0,781,0.0,0.0,,,,,,,,,,,,,,,,,,,,,,,,,,,,,,,,,,,,,,,,,,,,,,,,,,,,,,,,,,,,,,,,,,,,,,,,,,nan,,,,,,,,,,,,,,,
386,2296.765380859375,0.02294415421783924,2.294415421783924,3851.365421295166,10000,ppo,ppo,crawler,flat,thdot_dth_neighbours_plus_thdot_direct,,,,,,,,,,,,,,,0.003754786611965588,0,781,0.0,0.0,,,,,,,,,,,,,,,,,,,,,,,,,,,,,,,,,,,,,,,,,,,,,,,,,,,,,,,,,,,,,,,,,,,,,,,,,,nan,,,,,,,,,,,,,,,
387,2265.140625,0.022626185789704323,2.2626185789704323,3860.9929955005646,10000,ppo,ppo,crawler,flat,thdot_dth_neighbours_plus_thdot_direct,,,,,,,,,,,,,,,0.0036141595893778604,0,781,0.0,0.0,,,,,,,,,,,,,,,,,,,,,,,,,,,,,,,,,,,,,,,,,,,,,,,,,,,,,,,,,,,,,,,,,,,,,,,,,,nan,,,,,,,,,,,,,,,
388,2255.4052734375,0.02253131754696369,2.253131754696369,3871.10084939003,10000,ppo,ppo,crawler,flat,thdot_dth_neighbours_plus_thdot_direct,,,,,,,,,,,,,,,0.0036928487745421378,0,781,0.0,0.0,,,,,,,,,,,,,,,,,,,,,,,,,,,,,,,,,,,,,,,,,,,,,,,,,,,,,,,,,,,,,,,,,,,,,,,,,,nan,,,,,,,,,,,,,,,
389,2180.97314453125,0.021785598248243332,2.178559824824333,3881.0672693252563,10000,ppo,ppo,crawler,flat,thdot_dth_neighbours_plus_thdot_direct,,,,,,,,,,,,,,,0.002664734015950589,0,781,0.0,0.0,,,,,,,,,,,,,,,,,,,,,,,,,,,,,,,,,,,,,,,,,,,,,,,,,,,,,,,,,,,,,,,,,,,,,,,,,,nan,,,,,,,,,,,,,,,
390,2114.47265625,0.021120334044098854,2.1120334044098854,3891.146507024765,10000,ppo,ppo,crawler,flat,thdot_dth_neighbours_plus_thdot_direct,,,,,,,,,,,,,,,0.0031459715888132785,0,781,0.0,0.0,,,,,,,,,,,,,,,,,,,,,,,,,,,,,,,,,,,,,,,,,,,,,,,,,,,,,,,,,,,,,,,,,,,,,,,,,,nan,,,,,,,,,,,,,,,
391,2205.35009765625,0.022029513493180275,2.2029513493180275,3901.119572162628,10000,ppo,ppo,crawler,flat,thdot_dth_neighbours_plus_thdot_direct,,,,,,,,,,,,,,,0.0030009210576989725,0,781,0.0,0.0,,,,,,,,,,,,,,,,,,,,,,,,,,,,,,,,,,,,,,,,,,,,,,,,,,,,,,,,,,,,,,,,,,,,,,,,,,nan,,,,,,,,,,,,,,,
392,2058.5234375,0.020561471581459045,2.0561471581459045,3911.1522393226624,10000,ppo,ppo,crawler,flat,thdot_dth_neighbours_plus_thdot_direct,,,,,,,,,,,,,,,0.0020658658987199505,0,781,0.0,0.0,,,,,,,,,,,,,,,,,,,,,,,,,,,,,,,,,,,,,,,,,,,,,,,,,,,,,,,,,,,,,,,,,,,,,,,,,,nan,,,,,,,,,,,,,,,
393,2129.215576171875,0.02127307653427124,2.127307653427124,3921.1580090522766,10000,ppo,ppo,crawler,flat,thdot_dth_neighbours_plus_thdot_direct,,,,,,,,,,,,,,,0.0035030135875743274,0,781,0.0,0.0,,,,,,,,,,,,,,,,,,,,,,,,,,,,,,,,,,,,,,,,,,,,,,,,,,,,,,,,,,,,,,,,,,,,,,,,,,nan,,,,,,,,,,,,,,,
394,2129.45556640625,0.02127234824001789,2.127234824001789,3931.2047367095947,10000,ppo,ppo,crawler,flat,thdot_dth_neighbours_plus_thdot_direct,,,,,,,,,,,,,,,0.0038796686837390924,0,781,0.0,0.0,,,,,,,,,,,,,,,,,,,,,,,,,,,,,,,,,,,,,,,,,,,,,,,,,,,,,,,,,,,,,,,,,,,,,,,,,,nan,,,,,,,,,,,,,,,
395,2232.07666015625,0.022299697622656822,2.229969762265682,3940.87379693985,10000,ppo,ppo,crawler,flat,thdot_dth_neighbours_plus_thdot_direct,,,,,,,,,,,,,,,0.002774281232251693,0,781,0.0,0.0,,,,,,,,,,,,,,,,,,,,,,,,,,,,,,,,,,,,,,,,,,,,,,,,,,,,,,,,,,,,,,,,,,,,,,,,,,nan,,,,,,,,,,,,,,,
396,2146.783203125,0.021446004509925842,2.1446004509925842,3950.9223260879517,10000,ppo,ppo,crawler,flat,thdot_dth_neighbours_plus_thdot_direct,,,,,,,,,,,,,,,0.003567418377342519,0,781,0.0,0.0,,,,,,,,,,,,,,,,,,,,,,,,,,,,,,,,,,,,,,,,,,,,,,,,,,,,,,,,,,,,,,,,,,,,,,,,,,nan,,,,,,,,,,,,,,,
397,2168.505126953125,0.021664177998900414,2.1664177998900414,3960.565839767456,10000,ppo,ppo,crawler,flat,thdot_dth_neighbours_plus_thdot_direct,,,,,,,,,,,,,,,0.0029697970287167726,0,781,0.0,0.0,,,,,,,,,,,,,,,,,,,,,,,,,,,,,,,,,,,,,,,,,,,,,,,,,,,,,,,,,,,,,,,,,,,,,,,,,,nan,,,,,,,,,,,,,,,
398,2244.489990234375,0.022421229630708694,2.2421229630708694,3970.6500113010406,10000,ppo,ppo,crawler,flat,thdot_dth_neighbours_plus_thdot_direct,,,,,,,,,,,,,,,0.0030045984964110835,0,781,0.0,0.0,,,,,,,,,,,,,,,,,,,,,,,,,,,,,,,,,,,,,,,,,,,,,,,,,,,,,,,,,,,,,,,,,,,,,,,,,,nan,,,,,,,,,,,,,,,
399,2267.593017578125,0.02264976128935814,2.264976128935814,3980.377466917038,10000,ppo,ppo,crawler,flat,thdot_dth_neighbours_plus_thdot_direct,,,,,,,,,,,,,,,0.001858809362398832,0,781,0.0,0.0,,,,,,,,,,,,,,,,,,,,,,,,,,,,,,,,,,,,,,,,,,,,,,,,,,,,,,,,,,,,,,,,,,,,,,,,,,nan,,,,,,,,,,,,,,,
400,2314.390380859375,0.023119304329156876,2.3119304329156876,3990.3113152980804,10000,ppo,ppo,crawler,flat,thdot_dth_neighbours_plus_thdot_direct,,,,,,,,,,,,,,,0.00221367405894632,0,781,0.0,0.0,,,,,,,,,,,,,,,,,,,,,,,,,,,,,,,,,,,,,,,,,,,,,,,,,,,,,,,,,,,,,,,,,,,,,,,,,,nan,,,,,,,,,,,,,,,
401,2296.411865234375,0.022938866168260574,2.2938866168260574,4000.329441547394,10000,ppo,ppo,crawler,flat,thdot_dth_neighbours_plus_thdot_direct,,,,,,,,,,,,,,,0.00234884222539706,0,781,0.0,0.0,,,,,,,,,,,,,,,,,,,,,,,,,,,,,,,,,,,,,,,,,,,,,,,,,,,,,,,,,,,,,,,,,,,,,,,,,,nan,,,,,,,,,,,,,,,
402,2276.247802734375,0.022740280255675316,2.2740280255675316,4010.344888687134,10000,ppo,ppo,crawler,flat,thdot_dth_neighbours_plus_thdot_direct,,,,,,,,,,,,,,,0.00248498126263878,0,781,0.0,0.0,,,,,,,,,,,,,,,,,,,,,,,,,,,,,,,,,,,,,,,,,,,,,,,,,,,,,,,,,,,,,,,,,,,,,,,,,,nan,,,,,,,,,,,,,,,
403,2269.08056640625,0.02266891673207283,2.266891673207283,4020.302429676056,10000,ppo,ppo,crawler,flat,thdot_dth_neighbours_plus_thdot_direct,,,,,,,,,,,,,,,0.002084725806407185,0,781,0.0,0.0,,,,,,,,,,,,,,,,,,,,,,,,,,,,,,,,,,,,,,,,,,,,,,,,,,,,,,,,,,,,,,,,,,,,,,,,,,nan,,,,,,,,,,,,,,,
404,2329.137939453125,0.023266540840268135,2.3266540840268135,4030.2597234249115,10000,ppo,ppo,crawler,flat,thdot_dth_neighbours_plus_thdot_direct,,,,,,,,,,,,,,,0.0021914065668039652,0,781,0.0,0.0,,,,,,,,,,,,,,,,,,,,,,,,,,,,,,,,,,,,,,,,,,,,,,,,,,,,,,,,,,,,,,,,,,,,,,,,,,nan,,,,,,,,,,,,,,,
405,2239.311279296875,0.022367993369698524,2.2367993369698524,4039.9758574962616,10000,ppo,ppo,crawler,flat,thdot_dth_neighbours_plus_thdot_direct,,,,,,,,,,,,,,,0.002510117704637621,0,781,0.0,0.0,,,,,,,,,,,,,,,,,,,,,,,,,,,,,,,,,,,,,,,,,,,,,,,,,,,,,,,,,,,,,,,,,,,,,,,,,,nan,,,,,,,,,,,,,,,
406,2286.724609375,0.022844543680548668,2.284454368054867,4049.9927639961243,10000,ppo,ppo,crawler,flat,thdot_dth_neighbours_plus_thdot_direct,,,,,,,,,,,,,,,0.001854690651484921,0,781,0.0,0.0,,,,,,,,,,,,,,,,,,,,,,,,,,,,,,,,,,,,,,,,,,,,,,,,,,,,,,,,,,,,,,,,,,,,,,,,,,nan,,,,,,,,,,,,,,,
407,2299.626708984375,0.022971544414758682,2.2971544414758682,4060.0854182243347,10000,ppo,ppo,crawler,flat,thdot_dth_neighbours_plus_thdot_direct,,,,,,,,,,,,,,,0.002384719175820732,0,781,0.0,0.0,,,,,,,,,,,,,,,,,,,,,,,,,,,,,,,,,,,,,,,,,,,,,,,,,,,,,,,,,,,,,,,,,,,,,,,,,,nan,,,,,,,,,,,,,,,
408,2304.241455078125,0.0230172760784626,2.30172760784626,4069.960853099823,10000,ppo,ppo,crawler,flat,thdot_dth_neighbours_plus_thdot_direct,,,,,,,,,,,,,,,0.0018503160226114913,0,781,0.0,0.0,,,,,,,,,,,,,,,,,,,,,,,,,,,,,,,,,,,,,,,,,,,,,,,,,,,,,,,,,,,,,,,,,,,,,,,,,,nan,,,,,,,,,,,,,,,
409,2317.467041015625,0.023150023072957993,2.3150023072957993,4079.8769471645355,10000,ppo,ppo,crawler,flat,thdot_dth_neighbours_plus_thdot_direct,,,,,,,,,,,,,,,0.002721519091162466,0,781,0.0,0.0,,,,,,,,,,,,,,,,,,,,,,,,,,,,,,,,,,,,,,,,,,,,,,,,,,,,,,,,,,,,,,,,,,,,,,,,,,nan,,,,,,,,,,,,,,,
410,2296.322265625,0.022938517853617668,2.293851785361767,4089.64924120903,10000,ppo,ppo,crawler,flat,thdot_dth_neighbours_plus_thdot_direct,,,,,,,,,,,,,,,0.001520657322230008,0,781,0.0,0.0,,,,,,,,,,,,,,,,,,,,,,,,,,,,,,,,,,,,,,,,,,,,,,,,,,,,,,,,,,,,,,,,,,,,,,,,,,nan,,,,,,,,,,,,,,,
411,2302.82421875,0.023003222420811653,2.3003222420811653,4099.660777330399,10000,ppo,ppo,crawler,flat,thdot_dth_neighbours_plus_thdot_direct,,,,,,,,,,,,,,,0.0019316076771855272,0,781,0.0,0.0,,,,,,,,,,,,,,,,,,,,,,,,,,,,,,,,,,,,,,,,,,,,,,,,,,,,,,,,,,,,,,,,,,,,,,,,,,nan,,,,,,,,,,,,,,,
412,2294.369873046875,0.022916771471500397,2.2916771471500397,4109.48668217659,10000,ppo,ppo,crawler,flat,thdot_dth_neighbours_plus_thdot_direct,,,,,,,,,,,,,,,0.0026452235838923827,0,781,0.0,0.0,,,,,,,,,,,,,,,,,,,,,,,,,,,,,,,,,,,,,,,,,,,,,,,,,,,,,,,,,,,,,,,,,,,,,,,,,,nan,,,,,,,,,,,,,,,
413,2343.8125,0.023415520787239075,2.3415520787239075,4119.24648141861,10000,ppo,ppo,crawler,flat,thdot_dth_neighbours_plus_thdot_direct,,,,,,,,,,,,,,,0.0023604484341226877,0,781,0.0,0.0,,,,,,,,,,,,,,,,,,,,,,,,,,,,,,,,,,,,,,,,,,,,,,,,,,,,,,,,,,,,,,,,,,,,,,,,,,nan,,,,,,,,,,,,,,,
414,2330.749755859375,0.023284723982214928,2.3284723982214928,4129.091164588928,10000,ppo,ppo,crawler,flat,thdot_dth_neighbours_plus_thdot_direct,,,,,,,,,,,,,,,0.002400698088127152,0,781,0.0,0.0,,,,,,,,,,,,,,,,,,,,,,,,,,,,,,,,,,,,,,,,,,,,,,,,,,,,,,,,,,,,,,,,,,,,,,,,,,nan,,,,,,,,,,,,,,,
415,2349.020263671875,0.023465948179364204,2.3465948179364204,4138.871422529221,10000,ppo,ppo,crawler,flat,thdot_dth_neighbours_plus_thdot_direct,,,,,,,,,,,,,,,0.0020899498173649333,0,781,0.0,0.0,,,,,,,,,,,,,,,,,,,,,,,,,,,,,,,,,,,,,,,,,,,,,,,,,,,,,,,,,,,,,,,,,,,,,,,,,,nan,,,,,,,,,,,,,,,
416,2323.089111328125,0.023206697776913643,2.3206697776913643,4148.833521127701,10000,ppo,ppo,crawler,flat,thdot_dth_neighbours_plus_thdot_direct,,,,,,,,,,,,,,,0.002212779705711913,0,781,0.0,0.0,,,,,,,,,,,,,,,,,,,,,,,,,,,,,,,,,,,,,,,,,,,,,,,,,,,,,,,,,,,,,,,,,,,,,,,,,,nan,,,,,,,,,,,,,,,
417,2311.714599609375,0.023091260343790054,2.3091260343790054,4158.7294228076935,10000,ppo,ppo,crawler,flat,thdot_dth_neighbours_plus_thdot_direct,,,,,,,,,,,,,,,0.00219351778789788,0,781,0.0,0.0,,,,,,,,,,,,,,,,,,,,,,,,,,,,,,,,,,,,,,,,,,,,,,,,,,,,,,,,,,,,,,,,,,,,,,,,,,nan,,,,,,,,,,,,,,,
418,2312.009765625,0.02309386059641838,2.309386059641838,4168.869168996811,10000,ppo,ppo,crawler,flat,thdot_dth_neighbours_plus_thdot_direct,,,,,,,,,,,,,,,0.001984738494678311,0,781,0.0,0.0,,,,,,,,,,,,,,,,,,,,,,,,,,,,,,,,,,,,,,,,,,,,,,,,,,,,,,,,,,,,,,,,,,,,,,,,,,nan,,,,,,,,,,,,,,,
419,2342.38134765625,0.023397518321871758,2.3397518321871758,4178.667850494385,10000,ppo,ppo,crawler,flat,thdot_dth_neighbours_plus_thdot_direct,,,,,,,,,,,,,,,0.0028142633233896605,0,781,0.0,0.0,,,,,,,,,,,,,,,,,,,,,,,,,,,,,,,,,,,,,,,,,,,,,,,,,,,,,,,,,,,,,,,,,,,,,,,,,,nan,,,,,,,,,,,,,,,
420,2426.488525390625,0.024239791557192802,2.4239791557192802,4188.561763286591,10000,ppo,ppo,crawler,flat,thdot_dth_neighbours_plus_thdot_direct,,,,,,,,,,,,,,,0.002456899639519668,0,781,0.0,0.0,,,,,,,,,,,,,,,,,,,,,,,,,,,,,,,,,,,,,,,,,,,,,,,,,,,,,,,,,,,,,,,,,,,,,,,,,,nan,,,,,,,,,,,,,,,
421,2310.19677734375,0.023078471422195435,2.3078471422195435,4198.595617055893,10000,ppo,ppo,crawler,flat,thdot_dth_neighbours_plus_thdot_direct,,,,,,,,,,,,,,,0.0022523563855559956,0,781,0.0,0.0,,,,,,,,,,,,,,,,,,,,,,,,,,,,,,,,,,,,,,,,,,,,,,,,,,,,,,,,,,,,,,,,,,,,,,,,,,nan,,,,,,,,,,,,,,,
422,2268.745849609375,0.02265947498381138,2.265947498381138,4208.684826850891,10000,ppo,ppo,crawler,flat,thdot_dth_neighbours_plus_thdot_direct,,,,,,,,,,,,,,,0.0038015131217925386,0,781,0.0,0.0,,,,,,,,,,,,,,,,,,,,,,,,,,,,,,,,,,,,,,,,,,,,,,,,,,,,,,,,,,,,,,,,,,,,,,,,,,nan,,,,,,,,,,,,,,,
423,2178.99072265625,0.02176709473133087,2.176709473133087,4218.874607563019,10000,ppo,ppo,crawler,flat,thdot_dth_neighbours_plus_thdot_direct,,,,,,,,,,,,,,,0.002999126529984901,0,781,0.0,0.0,,,,,,,,,,,,,,,,,,,,,,,,,,,,,,,,,,,,,,,,,,,,,,,,,,,,,,,,,,,,,,,,,,,,,,,,,,nan,,,,,,,,,,,,,,,
424,2225.96875,0.02223522961139679,2.223522961139679,4229.082806825638,10000,ppo,ppo,crawler,flat,thdot_dth_neighbours_plus_thdot_direct,,,,,,,,,,,,,,,0.0026306420564656146,0,781,0.0,0.0,,,,,,,,,,,,,,,,,,,,,,,,,,,,,,,,,,,,,,,,,,,,,,,,,,,,,,,,,,,,,,,,,,,,,,,,,,nan,,,,,,,,,,,,,,,
425,2223.649169921875,0.02221263013780117,2.221263013780117,4239.123727560043,10000,ppo,ppo,crawler,flat,thdot_dth_neighbours_plus_thdot_direct,,,,,,,,,,,,,,,0.0019574972063584515,0,781,0.0,0.0,,,,,,,,,,,,,,,,,,,,,,,,,,,,,,,,,,,,,,,,,,,,,,,,,,,,,,,,,,,,,,,,,,,,,,,,,,nan,,,,,,,,,,,,,,,
426,2162.834228515625,0.02160445600748062,2.160445600748062,4249.151216506958,10000,ppo,ppo,crawler,flat,thdot_dth_neighbours_plus_thdot_direct,,,,,,,,,,,,,,,0.002123811978773555,0,781,0.0,0.0,,,,,,,,,,,,,,,,,,,,,,,,,,,,,,,,,,,,,,,,,,,,,,,,,,,,,,,,,,,,,,,,,,,,,,,,,,nan,,,,,,,,,,,,,,,
427,2242.051513671875,0.022397948428988457,2.2397948428988457,4258.862432479858,10000,ppo,ppo,crawler,flat,thdot_dth_neighbours_plus_thdot_direct,,,,,,,,,,,,,,,0.002086037750649359,0,781,0.0,0.0,,,,,,,,,,,,,,,,,,,,,,,,,,,,,,,,,,,,,,,,,,,,,,,,,,,,,,,,,,,,,,,,,,,,,,,,,,nan,,,,,,,,,,,,,,,
428,2232.057861328125,0.022296246141195297,2.2296246141195297,4268.798341751099,10000,ppo,ppo,crawler,flat,thdot_dth_neighbours_plus_thdot_direct,,,,,,,,,,,,,,,0.001956774370671188,0,781,0.0,0.0,,,,,,,,,,,,,,,,,,,,,,,,,,,,,,,,,,,,,,,,,,,,,,,,,,,,,,,,,,,,,,,,,,,,,,,,,,nan,,,,,,,,,,,,,,,
429,2191.970458984375,0.021896256133913994,2.1896256133913994,4279.121256351471,10000,ppo,ppo,crawler,flat,thdot_dth_neighbours_plus_thdot_direct,,,,,,,,,,,,,,,0.0025470609380467903,0,781,0.0,0.0,,,,,,,,,,,,,,,,,,,,,,,,,,,,,,,,,,,,,,,,,,,,,,,,,,,,,,,,,,,,,,,,,,,,,,,,,,nan,,,,,,,,,,,,,,,
430,2158.226318359375,0.021557237952947617,2.1557237952947617,4289.121333360672,10000,ppo,ppo,crawler,flat,thdot_dth_neighbours_plus_thdot_direct,,,,,,,,,,,,,,,0.0018127519013371183,0,781,0.0,0.0,,,,,,,,,,,,,,,,,,,,,,,,,,,,,,,,,,,,,,,,,,,,,,,,,,,,,,,,,,,,,,,,,,,,,,,,,,nan,,,,,,,,,,,,,,,
431,2224.987060546875,0.022226592525839806,2.2226592525839806,4299.1872346401215,10000,ppo,ppo,crawler,flat,thdot_dth_neighbours_plus_thdot_direct,,,,,,,,,,,,,,,0.0016173113173107026,0,781,0.0,0.0,,,,,,,,,,,,,,,,,,,,,,,,,,,,,,,,,,,,,,,,,,,,,,,,,,,,,,,,,,,,,,,,,,,,,,,,,,nan,,,,,,,,,,,,,,,
432,2179.530029296875,0.021770387887954712,2.177038788795471,4309.304406881332,10000,ppo,ppo,crawler,flat,thdot_dth_neighbours_plus_thdot_direct,,,,,,,,,,,,,,,0.0029423012872186057,0,781,0.0,0.0,,,,,,,,,,,,,,,,,,,,,,,,,,,,,,,,,,,,,,,,,,,,,,,,,,,,,,,,,,,,,,,,,,,,,,,,,,nan,,,,,,,,,,,,,,,
433,2245.79150390625,0.022437559440732002,2.2437559440732002,4319.4566967487335,10000,ppo,ppo,crawler,flat,thdot_dth_neighbours_plus_thdot_direct,,,,,,,,,,,,,,,0.0024813891020372763,0,781,0.0,0.0,,,,,,,,,,,,,,,,,,,,,,,,,,,,,,,,,,,,,,,,,,,,,,,,,,,,,,,,,,,,,,,,,,,,,,,,,,nan,,,,,,,,,,,,,,,
434,2219.036865234375,0.022165663540363312,2.216566354036331,4329.352221250534,10000,ppo,ppo,crawler,flat,thdot_dth_neighbours_plus_thdot_direct,,,,,,,,,,,,,,,0.002506445843042403,0,781,0.0,0.0,,,,,,,,,,,,,,,,,,,,,,,,,,,,,,,,,,,,,,,,,,,,,,,,,,,,,,,,,,,,,,,,,,,,,,,,,,nan,,,,,,,,,,,,,,,
435,2239.161865234375,0.02236839197576046,2.236839197576046,4339.186330080032,10000,ppo,ppo,crawler,flat,thdot_dth_neighbours_plus_thdot_direct,,,,,,,,,,,,,,,0.0018307087270439532,0,781,0.0,0.0,,,,,,,,,,,,,,,,,,,,,,,,,,,,,,,,,,,,,,,,,,,,,,,,,,,,,,,,,,,,,,,,,,,,,,,,,,nan,,,,,,,,,,,,,,,
436,2279.192138671875,0.022767914459109306,2.2767914459109306,4349.394793272018,10000,ppo,ppo,crawler,flat,thdot_dth_neighbours_plus_thdot_direct,,,,,,,,,,,,,,,0.001727905481160701,0,781,0.0,0.0,,,,,,,,,,,,,,,,,,,,,,,,,,,,,,,,,,,,,,,,,,,,,,,,,,,,,,,,,,,,,,,,,,,,,,,,,,nan,,,,,,,,,,,,,,,
437,2255.604248046875,0.022533925250172615,2.2533925250172615,4359.743822097778,10000,ppo,ppo,crawler,flat,thdot_dth_neighbours_plus_thdot_direct,,,,,,,,,,,,,,,0.0017772745660142543,0,781,0.0,0.0,,,,,,,,,,,,,,,,,,,,,,,,,,,,,,,,,,,,,,,,,,,,,,,,,,,,,,,,,,,,,,,,,,,,,,,,,,nan,,,,,,,,,,,,,,,
438,2278.497802734375,0.022762853652238846,2.2762853652238846,4369.672341823578,10000,ppo,ppo,crawler,flat,thdot_dth_neighbours_plus_thdot_direct,,,,,,,,,,,,,,,0.0014102762949358028,0,781,0.0,0.0,,,,,,,,,,,,,,,,,,,,,,,,,,,,,,,,,,,,,,,,,,,,,,,,,,,,,,,,,,,,,,,,,,,,,,,,,,nan,,,,,,,,,,,,,,,
439,2348.734375,0.023461129516363144,2.3461129516363144,4379.867052078247,10000,ppo,ppo,crawler,flat,thdot_dth_neighbours_plus_thdot_direct,,,,,,,,,,,,,,,0.002326981783485554,0,781,0.0,0.0,,,,,,,,,,,,,,,,,,,,,,,,,,,,,,,,,,,,,,,,,,,,,,,,,,,,,,,,,,,,,,,,,,,,,,,,,,nan,,,,,,,,,,,,,,,
440,2310.614990234375,0.023082055151462555,2.3082055151462555,4390.128380775452,10000,ppo,ppo,crawler,flat,thdot_dth_neighbours_plus_thdot_direct,,,,,,,,,,,,,,,0.002179054209236233,0,781,0.0,0.0,,,,,,,,,,,,,,,,,,,,,,,,,,,,,,,,,,,,,,,,,,,,,,,,,,,,,,,,,,,,,,,,,,,,,,,,,,nan,,,,,,,,,,,,,,,
441,2289.360107421875,0.022868208587169647,2.2868208587169647,4400.1093463897705,10000,ppo,ppo,crawler,flat,thdot_dth_neighbours_plus_thdot_direct,,,,,,,,,,,,,,,0.002107755759440338,0,781,0.0,0.0,,,,,,,,,,,,,,,,,,,,,,,,,,,,,,,,,,,,,,,,,,,,,,,,,,,,,,,,,,,,,,,,,,,,,,,,,,nan,,,,,,,,,,,,,,,
442,2224.622314453125,0.022224072366952896,2.2224072366952896,4410.2193241119385,10000,ppo,ppo,crawler,flat,thdot_dth_neighbours_plus_thdot_direct,,,,,,,,,,,,,,,0.002630682685352377,0,781,0.0,0.0,,,,,,,,,,,,,,,,,,,,,,,,,,,,,,,,,,,,,,,,,,,,,,,,,,,,,,,,,,,,,,,,,,,,,,,,,,nan,,,,,,,,,,,,,,,
443,2329.547607421875,0.02327227219939232,2.327227219939232,4419.9477372169495,10000,ppo,ppo,crawler,flat,thdot_dth_neighbours_plus_thdot_direct,,,,,,,,,,,,,,,0.0018170525296243728,0,781,0.0,0.0,,,,,,,,,,,,,,,,,,,,,,,,,,,,,,,,,,,,,,,,,,,,,,,,,,,,,,,,,,,,,,,,,,,,,,,,,,nan,,,,,,,,,,,,,,,
444,2313.226806640625,0.023106975480914116,2.3106975480914116,4430.102308273315,10000,ppo,ppo,crawler,flat,thdot_dth_neighbours_plus_thdot_direct,,,,,,,,,,,,,,,0.0033322081238451465,0,781,0.0,0.0,,,,,,,,,,,,,,,,,,,,,,,,,,,,,,,,,,,,,,,,,,,,,,,,,,,,,,,,,,,,,,,,,,,,,,,,,,nan,,,,,,,,,,,,,,,
445,2306.694580078125,0.023041054606437683,2.3041054606437683,4440.101146697998,10000,ppo,ppo,crawler,flat,thdot_dth_neighbours_plus_thdot_direct,,,,,,,,,,,,,,,0.0019028871898343113,0,781,0.0,0.0,,,,,,,,,,,,,,,,,,,,,,,,,,,,,,,,,,,,,,,,,,,,,,,,,,,,,,,,,,,,,,,,,,,,,,,,,,nan,,,,,,,,,,,,,,,
446,2291.646240234375,0.022890806198120117,2.2890806198120117,4449.769171237946,10000,ppo,ppo,crawler,flat,thdot_dth_neighbours_plus_thdot_direct,,,,,,,,,,,,,,,0.0023257301656043716,0,781,0.0,0.0,,,,,,,,,,,,,,,,,,,,,,,,,,,,,,,,,,,,,,,,,,,,,,,,,,,,,,,,,,,,,,,,,,,,,,,,,,nan,,,,,,,,,,,,,,,
447,2267.50634765625,0.02265130542218685,2.265130542218685,4460.319915056229,10000,ppo,ppo,crawler,flat,thdot_dth_neighbours_plus_thdot_direct,,,,,,,,,,,,,,,0.0027629442302475374,0,781,0.0,0.0,,,,,,,,,,,,,,,,,,,,,,,,,,,,,,,,,,,,,,,,,,,,,,,,,,,,,,,,,,,,,,,,,,,,,,,,,,nan,,,,,,,,,,,,,,,
448,2292.213623046875,0.022897392511367798,2.28973925113678,4470.539074420929,10000,ppo,ppo,crawler,flat,thdot_dth_neighbours_plus_thdot_direct,,,,,,,,,,,,,,,0.002003172380843077,0,781,0.0,0.0,,,,,,,,,,,,,,,,,,,,,,,,,,,,,,,,,,,,,,,,,,,,,,,,,,,,,,,,,,,,,,,,,,,,,,,,,,nan,,,,,,,,,,,,,,,
449,2236.465576171875,0.022340690717101097,2.2340690717101097,4480.596952676773,10000,ppo,ppo,crawler,flat,thdot_dth_neighbours_plus_thdot_direct,,,,,,,,,,,,,,,0.002147770305238199,0,781,0.0,0.0,,,,,,,,,,,,,,,,,,,,,,,,,,,,,,,,,,,,,,,,,,,,,,,,,,,,,,,,,,,,,,,,,,,,,,,,,,nan,,,,,,,,,,,,,,,
450,2277.626220703125,0.02275102213025093,2.275102213025093,4490.991037607193,10000,ppo,ppo,crawler,flat,thdot_dth_neighbours_plus_thdot_direct,,,,,,,,,,,,,,,0.003013615476655316,0,781,0.0,0.0,,,,,,,,,,,,,,,,,,,,,,,,,,,,,,,,,,,,,,,,,,,,,,,,,,,,,,,,,,,,,,,,,,,,,,,,,,nan,,,,,,,,,,,,,,,
451,2255.6748046875,0.02253296971321106,2.253296971321106,4500.772812843323,10000,ppo,ppo,crawler,flat,thdot_dth_neighbours_plus_thdot_direct,,,,,,,,,,,,,,,0.002190263297154921,0,781,0.0,0.0,,,,,,,,,,,,,,,,,,,,,,,,,,,,,,,,,,,,,,,,,,,,,,,,,,,,,,,,,,,,,,,,,,,,,,,,,,nan,,,,,,,,,,,,,,,
452,2404.689453125,0.024022268131375313,2.4022268131375313,4510.749913930893,10000,ppo,ppo,crawler,flat,thdot_dth_neighbours_plus_thdot_direct,,,,,,,,,,,,,,,0.002233646456684063,0,781,0.0,0.0,,,,,,,,,,,,,,,,,,,,,,,,,,,,,,,,,,,,,,,,,,,,,,,,,,,,,,,,,,,,,,,,,,,,,,,,,,nan,,,,,,,,,,,,,,,
453,2314.514892578125,0.023120403289794922,2.312040328979492,4520.511132717133,10000,ppo,ppo,crawler,flat,thdot_dth_neighbours_plus_thdot_direct,,,,,,,,,,,,,,,0.003323244940282832,0,781,0.0,0.0,,,,,,,,,,,,,,,,,,,,,,,,,,,,,,,,,,,,,,,,,,,,,,,,,,,,,,,,,,,,,,,,,,,,,,,,,,nan,,,,,,,,,,,,,,,
454,2217.976318359375,0.02215791866183281,2.215791866183281,4530.481889486313,10000,ppo,ppo,crawler,flat,thdot_dth_neighbours_plus_thdot_direct,,,,,,,,,,,,,,,0.0015800405872584229,0,781,0.0,0.0,,,,,,,,,,,,,,,,,,,,,,,,,,,,,,,,,,,,,,,,,,,,,,,,,,,,,,,,,,,,,,,,,,,,,,,,,,nan,,,,,,,,,,,,,,,
455,2261.076171875,0.02258741483092308,2.258741483092308,4540.640725851059,10000,ppo,ppo,crawler,flat,thdot_dth_neighbours_plus_thdot_direct,,,,,,,,,,,,,,,0.0027657778226762102,0,781,0.0,0.0,,,,,,,,,,,,,,,,,,,,,,,,,,,,,,,,,,,,,,,,,,,,,,,,,,,,,,,,,,,,,,,,,,,,,,,,,,nan,,,,,,,,,,,,,,,
456,2181.155029296875,0.02179037034511566,2.179037034511566,4550.401252269745,10000,ppo,ppo,crawler,flat,thdot_dth_neighbours_plus_thdot_direct,,,,,,,,,,,,,,,0.0020661651466459857,0,781,0.0,0.0,,,,,,,,,,,,,,,,,,,,,,,,,,,,,,,,,,,,,,,,,,,,,,,,,,,,,,,,,,,,,,,,,,,,,,,,,,nan,,,,,,,,,,,,,,,
457,2149.400634765625,0.021471960470080376,2.1471960470080376,4560.691047668457,10000,ppo,ppo,crawler,flat,thdot_dth_neighbours_plus_thdot_direct,,,,,,,,,,,,,,,0.0020926618795194837,0,781,0.0,0.0,,,,,,,,,,,,,,,,,,,,,,,,,,,,,,,,,,,,,,,,,,,,,,,,,,,,,,,,,,,,,,,,,,,,,,,,,,nan,,,,,,,,,,,,,,,
458,2217.909423828125,0.02215627394616604,2.215627394616604,4570.477865934372,10000,ppo,ppo,crawler,flat,thdot_dth_neighbours_plus_thdot_direct,,,,,,,,,,,,,,,0.0033241057372495014,0,781,0.0,0.0,,,,,,,,,,,,,,,,,,,,,,,,,,,,,,,,,,,,,,,,,,,,,,,,,,,,,,,,,,,,,,,,,,,,,,,,,,nan,,,,,,,,,,,,,,,
459,2245.892822265625,0.022436268627643585,2.2436268627643585,4580.181029319763,10000,ppo,ppo,crawler,flat,thdot_dth_neighbours_plus_thdot_direct,,,,,,,,,,,,,,,0.003077129065489476,0,781,0.0,0.0,,,,,,,,,,,,,,,,,,,,,,,,,,,,,,,,,,,,,,,,,,,,,,,,,,,,,,,,,,,,,,,,,,,,,,,,,,nan,,,,,,,,,,,,,,,
460,2250.48974609375,0.022479692474007607,2.2479692474007607,4590.552132606506,10000,ppo,ppo,crawler,flat,thdot_dth_neighbours_plus_thdot_direct,,,,,,,,,,,,,,,0.0023035196220922228,0,781,0.0,0.0,,,,,,,,,,,,,,,,,,,,,,,,,,,,,,,,,,,,,,,,,,,,,,,,,,,,,,,,,,,,,,,,,,,,,,,,,,nan,,,,,,,,,,,,,,,
461,2223.317138671875,0.022211922332644463,2.2211922332644463,4600.184510707855,10000,ppo,ppo,crawler,flat,thdot_dth_neighbours_plus_thdot_direct,,,,,,,,,,,,,,,0.0027106758692315566,0,781,0.0,0.0,,,,,,,,,,,,,,,,,,,,,,,,,,,,,,,,,,,,,,,,,,,,,,,,,,,,,,,,,,,,,,,,,,,,,,,,,,nan,,,,,,,,,,,,,,,
462,2188.775634765625,0.021862566471099854,2.1862566471099854,4610.4640781879425,10000,ppo,ppo,crawler,flat,thdot_dth_neighbours_plus_thdot_direct,,,,,,,,,,,,,,,0.002695458493908588,0,781,0.0,0.0,,,,,,,,,,,,,,,,,,,,,,,,,,,,,,,,,,,,,,,,,,,,,,,,,,,,,,,,,,,,,,,,,,,,,,,,,,nan,,,,,,,,,,,,,,,
463,2199.243408203125,0.021968796849250793,2.1968796849250793,4620.493363142014,10000,ppo,ppo,crawler,flat,thdot_dth_neighbours_plus_thdot_direct,,,,,,,,,,,,,,,0.002186456460640213,0,781,0.0,0.0,,,,,,,,,,,,,,,,,,,,,,,,,,,,,,,,,,,,,,,,,,,,,,,,,,,,,,,,,,,,,,,,,,,,,,,,,,nan,,,,,,,,,,,,,,,
464,2163.480224609375,0.021611139178276062,2.161113917827606,4629.994791269302,10000,ppo,ppo,crawler,flat,thdot_dth_neighbours_plus_thdot_direct,,,,,,,,,,,,,,,0.0019462168006670272,0,781,0.0,0.0,,,,,,,,,,,,,,,,,,,,,,,,,,,,,,,,,,,,,,,,,,,,,,,,,,,,,,,,,,,,,,,,,,,,,,,,,,nan,,,,,,,,,,,,,,,
465,2269.611083984375,0.022671746090054512,2.267174609005451,4639.968460559845,10000,ppo,ppo,crawler,flat,thdot_dth_neighbours_plus_thdot_direct,,,,,,,,,,,,,,,0.0013869837173182103,0,781,0.0,0.0,,,,,,,,,,,,,,,,,,,,,,,,,,,,,,,,,,,,,,,,,,,,,,,,,,,,,,,,,,,,,,,,,,,,,,,,,,nan,,,,,,,,,,,,,,,
466,2283.664306640625,0.022810904309153557,2.2810904309153557,4649.727719783783,10000,ppo,ppo,crawler,flat,thdot_dth_neighbours_plus_thdot_direct,,,,,,,,,,,,,,,0.0020200592428643942,0,781,0.0,0.0,,,,,,,,,,,,,,,,,,,,,,,,,,,,,,,,,,,,,,,,,,,,,,,,,,,,,,,,,,,,,,,,,,,,,,,,,,nan,,,,,,,,,,,,,,,
467,2247.526611328125,0.022451862692832947,2.2451862692832947,4659.370631456375,10000,ppo,ppo,crawler,flat,thdot_dth_neighbours_plus_thdot_direct,,,,,,,,,,,,,,,0.0016881608521185875,0,781,0.0,0.0,,,,,,,,,,,,,,,,,,,,,,,,,,,,,,,,,,,,,,,,,,,,,,,,,,,,,,,,,,,,,,,,,,,,,,,,,,nan,,,,,,,,,,,,,,,
468,2251.692626953125,0.022493625059723854,2.2493625059723854,4669.418554544449,10000,ppo,ppo,crawler,flat,thdot_dth_neighbours_plus_thdot_direct,,,,,,,,,,,,,,,0.0026088805952321306,0,781,0.0,0.0,,,,,,,,,,,,,,,,,,,,,,,,,,,,,,,,,,,,,,,,,,,,,,,,,,,,,,,,,,,,,,,,,,,,,,,,,,nan,,,,,,,,,,,,,,,
469,2173.97265625,0.021717483177781105,2.1717483177781105,4678.906318426132,10000,ppo,ppo,crawler,flat,thdot_dth_neighbours_plus_thdot_direct,,,,,,,,,,,,,,,0.0031478257457260446,0,781,0.0,0.0,,,,,,,,,,,,,,,,,,,,,,,,,,,,,,,,,,,,,,,,,,,,,,,,,,,,,,,,,,,,,,,,,,,,,,,,,,nan,,,,,,,,,,,,,,,
470,2266.30712890625,0.02263958379626274,2.263958379626274,4689.239154338837,10000,ppo,ppo,crawler,flat,thdot_dth_neighbours_plus_thdot_direct,,,,,,,,,,,,,,,0.002292265309608152,0,781,0.0,0.0,,,,,,,,,,,,,,,,,,,,,,,,,,,,,,,,,,,,,,,,,,,,,,,,,,,,,,,,,,,,,,,,,,,,,,,,,,nan,,,,,,,,,,,,,,,
471,2306.73828125,0.023043803870677948,2.304380387067795,4698.743278980255,10000,ppo,ppo,crawler,flat,thdot_dth_neighbours_plus_thdot_direct,,,,,,,,,,,,,,,0.0020215030164304044,0,781,0.0,0.0,,,,,,,,,,,,,,,,,,,,,,,,,,,,,,,,,,,,,,,,,,,,,,,,,,,,,,,,,,,,,,,,,,,,,,,,,,nan,,,,,,,,,,,,,,,
472,2300.42626953125,0.02297825925052166,2.297825925052166,4708.55579996109,10000,ppo,ppo,crawler,flat,thdot_dth_neighbours_plus_thdot_direct,,,,,,,,,,,,,,,0.0019409718068752685,0,781,0.0,0.0,,,,,,,,,,,,,,,,,,,,,,,,,,,,,,,,,,,,,,,,,,,,,,,,,,,,,,,,,,,,,,,,,,,,,,,,,,nan,,,,,,,,,,,,,,,
473,2323.16650390625,0.023208174854516983,2.3208174854516983,4718.891454696655,10000,ppo,ppo,crawler,flat,thdot_dth_neighbours_plus_thdot_direct,,,,,,,,,,,,,,,0.0018004202388216706,0,781,0.0,0.0,,,,,,,,,,,,,,,,,,,,,,,,,,,,,,,,,,,,,,,,,,,,,,,,,,,,,,,,,,,,,,,,,,,,,,,,,,nan,,,,,,,,,,,,,,,
474,2344.001220703125,0.023413024842739105,2.3413024842739105,4728.544634580612,10000,ppo,ppo,crawler,flat,thdot_dth_neighbours_plus_thdot_direct,,,,,,,,,,,,,,,0.0018071301735814655,0,781,0.0,0.0,,,,,,,,,,,,,,,,,,,,,,,,,,,,,,,,,,,,,,,,,,,,,,,,,,,,,,,,,,,,,,,,,,,,,,,,,,nan,,,,,,,,,,,,,,,
475,2382.74462890625,0.023802800104022026,2.3802800104022026,4738.490045547485,10000,ppo,ppo,crawler,flat,thdot_dth_neighbours_plus_thdot_direct,,,,,,,,,,,,,,,0.0019114767966384907,0,781,0.0,0.0,,,,,,,,,,,,,,,,,,,,,,,,,,,,,,,,,,,,,,,,,,,,,,,,,,,,,,,,,,,,,,,,,,,,,,,,,,nan,,,,,,,,,,,,,,,
476,2431.146240234375,0.024285616353154182,2.4285616353154182,4748.467631101608,10000,ppo,ppo,crawler,flat,thdot_dth_neighbours_plus_thdot_direct,,,,,,,,,,,,,,,0.0015175290289984322,0,781,0.0,0.0,,,,,,,,,,,,,,,,,,,,,,,,,,,,,,,,,,,,,,,,,,,,,,,,,,,,,,,,,,,,,,,,,,,,,,,,,,nan,,,,,,,,,,,,,,,
477,2443.540771484375,0.024411102756857872,2.441110275685787,4758.157866477966,10000,ppo,ppo,crawler,flat,thdot_dth_neighbours_plus_thdot_direct,,,,,,,,,,,,,,,0.002360312527868832,0,781,0.0,0.0,,,,,,,,,,,,,,,,,,,,,,,,,,,,,,,,,,,,,,,,,,,,,,,,,,,,,,,,,,,,,,,,,,,,,,,,,,nan,,,,,,,,,,,,,,,
478,2433.610107421875,0.02431126870214939,2.431126870214939,4768.2835438251495,10000,ppo,ppo,crawler,flat,thdot_dth_neighbours_plus_thdot_direct,,,,,,,,,,,,,,,0.0019039027533802062,0,781,0.0,0.0,,,,,,,,,,,,,,,,,,,,,,,,,,,,,,,,,,,,,,,,,,,,,,,,,,,,,,,,,,,,,,,,,,,,,,,,,,nan,,,,,,,,,,,,,,,
479,2398.379638671875,0.023959653452038765,2.3959653452038765,4778.1611931324005,10000,ppo,ppo,crawler,flat,thdot_dth_neighbours_plus_thdot_direct,,,,,,,,,,,,,,,0.002237538920528815,0,781,0.0,0.0,,,,,,,,,,,,,,,,,,,,,,,,,,,,,,,,,,,,,,,,,,,,,,,,,,,,,,,,,,,,,,,,,,,,,,,,,,nan,,,,,,,,,,,,,,,
480,2295.841064453125,0.022934257984161377,2.2934257984161377,4787.956404685974,10000,ppo,ppo,crawler,flat,thdot_dth_neighbours_plus_thdot_direct,,,,,,,,,,,,,,,0.0019027710939117247,0,781,0.0,0.0,,,,,,,,,,,,,,,,,,,,,,,,,,,,,,,,,,,,,,,,,,,,,,,,,,,,,,,,,,,,,,,,,,,,,,,,,,nan,,,,,,,,,,,,,,,
481,2388.69775390625,0.023860229179263115,2.3860229179263115,4798.177291631699,10000,ppo,ppo,crawler,flat,thdot_dth_neighbours_plus_thdot_direct,,,,,,,,,,,,,,,0.0020246410482302893,0,781,0.0,0.0,,,,,,,,,,,,,,,,,,,,,,,,,,,,,,,,,,,,,,,,,,,,,,,,,,,,,,,,,,,,,,,,,,,,,,,,,,nan,,,,,,,,,,,,,,,
482,2404.224365234375,0.024016592651605606,2.4016592651605606,4807.779272556305,10000,ppo,ppo,crawler,flat,thdot_dth_neighbours_plus_thdot_direct,,,,,,,,,,,,,,,0.001998968549968922,0,781,0.0,0.0,,,,,,,,,,,,,,,,,,,,,,,,,,,,,,,,,,,,,,,,,,,,,,,,,,,,,,,,,,,,,,,,,,,,,,,,,,nan,,,,,,,,,,,,,,,
483,2385.209716796875,0.02382524311542511,2.382524311542511,4818.131574869156,10000,ppo,ppo,crawler,flat,thdot_dth_neighbours_plus_thdot_direct,,,,,,,,,,,,,,,0.0019030293026087105,0,781,0.0,0.0,,,,,,,,,,,,,,,,,,,,,,,,,,,,,,,,,,,,,,,,,,,,,,,,,,,,,,,,,,,,,,,,,,,,,,,,,,nan,,,,,,,,,,,,,,,
484,2396.311279296875,0.023938322439789772,2.393832243978977,4828.371675252914,10000,ppo,ppo,crawler,flat,thdot_dth_neighbours_plus_thdot_direct,,,,,,,,,,,,,,,0.003168770373613236,0,781,0.0,0.0,,,,,,,,,,,,,,,,,,,,,,,,,,,,,,,,,,,,,,,,,,,,,,,,,,,,,,,,,,,,,,,,,,,,,,,,,,nan,,,,,,,,,,,,,,,
485,2369.822265625,0.023670973256230354,2.3670973256230354,4838.248127937317,10000,ppo,ppo,crawler,flat,thdot_dth_neighbours_plus_thdot_direct,,,,,,,,,,,,,,,0.00261164310945502,0,781,0.0,0.0,,,,,,,,,,,,,,,,,,,,,,,,,,,,,,,,,,,,,,,,,,,,,,,,,,,,,,,,,,,,,,,,,,,,,,,,,,nan,,,,,,,,,,,,,,,
486,2371.0302734375,0.02368682436645031,2.368682436645031,4848.325667142868,10000,ppo,ppo,crawler,flat,thdot_dth_neighbours_plus_thdot_direct,,,,,,,,,,,,,,,0.0018994692802660955,0,781,0.0,0.0,,,,,,,,,,,,,,,,,,,,,,,,,,,,,,,,,,,,,,,,,,,,,,,,,,,,,,,,,,,,,,,,,,,,,,,,,,nan,,,,,,,,,,,,,,,
487,2329.458251953125,0.02327105402946472,2.327105402946472,4857.828205823898,10000,ppo,ppo,crawler,flat,thdot_dth_neighbours_plus_thdot_direct,,,,,,,,,,,,,,,0.002659283481095486,0,781,0.0,0.0,,,,,,,,,,,,,,,,,,,,,,,,,,,,,,,,,,,,,,,,,,,,,,,,,,,,,,,,,,,,,,,,,,,,,,,,,,nan,,,,,,,,,,,,,,,
488,2468.06494140625,0.02465505339205265,2.465505339205265,4867.906269788742,10000,ppo,ppo,crawler,flat,thdot_dth_neighbours_plus_thdot_direct,,,,,,,,,,,,,,,0.0021679118584296774,0,781,0.0,0.0,,,,,,,,,,,,,,,,,,,,,,,,,,,,,,,,,,,,,,,,,,,,,,,,,,,,,,,,,,,,,,,,,,,,,,,,,,nan,,,,,,,,,,,,,,,
489,2543.623779296875,0.025407839566469193,2.5407839566469193,4877.816607236862,10000,ppo,ppo,crawler,flat,thdot_dth_neighbours_plus_thdot_direct,,,,,,,,,,,,,,,0.0020605240826805952,0,781,0.0,0.0,,,,,,,,,,,,,,,,,,,,,,,,,,,,,,,,,,,,,,,,,,,,,,,,,,,,,,,,,,,,,,,,,,,,,,,,,,nan,,,,,,,,,,,,,,,
490,2519.759765625,0.02517247572541237,2.517247572541237,4887.654396057129,10000,ppo,ppo,crawler,flat,thdot_dth_neighbours_plus_thdot_direct,,,,,,,,,,,,,,,0.002169739810341371,0,781,0.0,0.0,,,,,,,,,,,,,,,,,,,,,,,,,,,,,,,,,,,,,,,,,,,,,,,,,,,,,,,,,,,,,,,,,,,,,,,,,,nan,,,,,,,,,,,,,,,
491,2535.9482421875,0.025331920012831688,2.533192001283169,4897.895178318024,10000,ppo,ppo,crawler,flat,thdot_dth_neighbours_plus_thdot_direct,,,,,,,,,,,,,,,0.0018894456131505167,0,781,0.0,0.0,,,,,,,,,,,,,,,,,,,,,,,,,,,,,,,,,,,,,,,,,,,,,,,,,,,,,,,,,,,,,,,,,,,,,,,,,,nan,,,,,,,,,,,,,,,
492,2454.793701171875,0.02452024444937706,2.452024444937706,4907.6923949718475,10000,ppo,ppo,crawler,flat,thdot_dth_neighbours_plus_thdot_direct,,,,,,,,,,,,,,,0.0019611830955482954,0,781,0.0,0.0,,,,,,,,,,,,,,,,,,,,,,,,,,,,,,,,,,,,,,,,,,,,,,,,,,,,,,,,,,,,,,,,,,,,,,,,,,nan,,,,,,,,,,,,,,,
493,2437.60546875,0.024348221719264984,2.4348221719264984,4917.410367965698,10000,ppo,ppo,crawler,flat,thdot_dth_neighbours_plus_thdot_direct,,,,,,,,,,,,,,,0.0018615876421880122,0,781,0.0,0.0,,,,,,,,,,,,,,,,,,,,,,,,,,,,,,,,,,,,,,,,,,,,,,,,,,,,,,,,,,,,,,,,,,,,,,,,,,nan,,,,,,,,,,,,,,,
494,2451.354248046875,0.02448725886642933,2.448725886642933,4927.521860837936,10000,ppo,ppo,crawler,flat,thdot_dth_neighbours_plus_thdot_direct,,,,,,,,,,,,,,,0.0023037234645937863,0,781,0.0,0.0,,,,,,,,,,,,,,,,,,,,,,,,,,,,,,,,,,,,,,,,,,,,,,,,,,,,,,,,,,,,,,,,,,,,,,,,,,nan,,,,,,,,,,,,,,,
495,2490.015380859375,0.02487822435796261,2.487822435796261,4937.483729600906,10000,ppo,ppo,crawler,flat,thdot_dth_neighbours_plus_thdot_direct,,,,,,,,,,,,,,,0.0021581968148011665,0,781,0.0,0.0,,,,,,,,,,,,,,,,,,,,,,,,,,,,,,,,,,,,,,,,,,,,,,,,,,,,,,,,,,,,,,,,,,,,,,,,,,nan,,,,,,,,,,,,,,,
496,2466.7978515625,0.02464093640446663,2.464093640446663,4947.477984189987,10000,ppo,ppo,crawler,flat,thdot_dth_neighbours_plus_thdot_direct,,,,,,,,,,,,,,,0.0016813233307409103,0,781,0.0,0.0,,,,,,,,,,,,,,,,,,,,,,,,,,,,,,,,,,,,,,,,,,,,,,,,,,,,,,,,,,,,,,,,,,,,,,,,,,nan,,,,,,,,,,,,,,,
497,2403.646484375,0.02401229552924633,2.401229552924633,4957.32409286499,10000,ppo,ppo,crawler,flat,thdot_dth_neighbours_plus_thdot_direct,,,,,,,,,,,,,,,0.0017849175834121632,0,781,0.0,0.0,,,,,,,,,,,,,,,,,,,,,,,,,,,,,,,,,,,,,,,,,,,,,,,,,,,,,,,,,,,,,,,,,,,,,,,,,,nan,,,,,,,,,,,,,,,
498,2525.859130859375,0.025229476392269135,2.5229476392269135,4967.423952817917,10000,ppo,ppo,crawler,flat,thdot_dth_neighbours_plus_thdot_direct,,,,,,,,,,,,,,,0.0019552538579918084,0,781,0.0,0.0,,,,,,,,,,,,,,,,,,,,,,,,,,,,,,,,,,,,,,,,,,,,,,,,,,,,,,,,,,,,,,,,,,,,,,,,,,nan,,,,,,,,,,,,,,,
499,2383.862060546875,0.02381432056427002,2.381432056427002,4977.719846963882,10000,ppo,ppo,crawler,flat,thdot_dth_neighbours_plus_thdot_direct,,,,,,,,,,,,,,,0.0019596456459007425,0,781,0.0,0.0,,,,,,,,,,,,,,,,,,,,,,,,,,,,,,,,,,,,,,,,,,,,,,,,,,,,,,,,,,,,,,,,,,,,,,,,,,nan,,,,,,,,,,,,,,,
500,2471.947998046875,0.024691151455044746,2.4691151455044746,4987.849207162857,10000,ppo,ppo,crawler,flat,thdot_dth_neighbours_plus_thdot_direct,,,,,,,,,,,,,,,0.0020497111895801286,0,781,0.0,0.0,,,,,,,,,,,,,,,,,,,,,,,,,,,,,,,,,,,,,,,,,,,,,,,,,,,,,,,,,,,,,,,,,,,,,,,,,,nan,,,,,,,,,,,,,,,
501,2408.424560546875,0.02405693009495735,2.405693009495735,4997.984124183655,10000,ppo,ppo,crawler,flat,thdot_dth_neighbours_plus_thdot_direct,,,,,,,,,,,,,,,0.0014777318905638743,0,781,0.0,0.0,,,,,,,,,,,,,,,,,,,,,,,,,,,,,,,,,,,,,,,,,,,,,,,,,,,,,,,,,,,,,,,,,,,,,,,,,,nan,,,,,,,,,,,,,,,
502,2424.448974609375,0.02421906590461731,2.421906590461731,5007.990913391113,10000,ppo,ppo,crawler,flat,thdot_dth_neighbours_plus_thdot_direct,,,,,,,,,,,,,,,0.002587739892205322,0,781,0.0,0.0,,,,,,,,,,,,,,,,,,,,,,,,,,,,,,,,,,,,,,,,,,,,,,,,,,,,,,,,,,,,,,,,,,,,,,,,,,nan,,,,,,,,,,,,,,,
503,2601.246826171875,0.02598518691956997,2.598518691956997,5018.096633672714,10000,ppo,ppo,crawler,flat,thdot_dth_neighbours_plus_thdot_direct,,,,,,,,,,,,,,,0.002424508848833193,0,781,0.0,0.0,,,,,,,,,,,,,,,,,,,,,,,,,,,,,,,,,,,,,,,,,,,,,,,,,,,,,,,,,,,,,,,,,,,,,,,,,,nan,,,,,,,,,,,,,,,
504,2493.184326171875,0.024908456951379776,2.4908456951379776,5028.353796720505,10000,ppo,ppo,crawler,flat,thdot_dth_neighbours_plus_thdot_direct,,,,,,,,,,,,,,,0.0020914403025851036,0,781,0.0,0.0,,,,,,,,,,,,,,,,,,,,,,,,,,,,,,,,,,,,,,,,,,,,,,,,,,,,,,,,,,,,,,,,,,,,,,,,,,nan,,,,,,,,,,,,,,,
505,2433.829833984375,0.024312924593687057,2.4312924593687057,5038.421570777893,10000,ppo,ppo,crawler,flat,thdot_dth_neighbours_plus_thdot_direct,,,,,,,,,,,,,,,0.002158612713679484,0,781,0.0,0.0,,,,,,,,,,,,,,,,,,,,,,,,,,,,,,,,,,,,,,,,,,,,,,,,,,,,,,,,,,,,,,,,,,,,,,,,,,nan,,,,,,,,,,,,,,,
506,2501.1474609375,0.024984948337078094,2.4984948337078094,5048.76905465126,10000,ppo,ppo,crawler,flat,thdot_dth_neighbours_plus_thdot_direct,,,,,,,,,,,,,,,0.0020545974827088174,0,781,0.0,0.0,,,,,,,,,,,,,,,,,,,,,,,,,,,,,,,,,,,,,,,,,,,,,,,,,,,,,,,,,,,,,,,,,,,,,,,,,,nan,,,,,,,,,,,,,,,
507,2392.444091796875,0.02389904111623764,2.389904111623764,5058.659827947617,10000,ppo,ppo,crawler,flat,thdot_dth_neighbours_plus_thdot_direct,,,,,,,,,,,,,,,0.001897544023220998,0,781,0.0,0.0,,,,,,,,,,,,,,,,,,,,,,,,,,,,,,,,,,,,,,,,,,,,,,,,,,,,,,,,,,,,,,,,,,,,,,,,,,nan,,,,,,,,,,,,,,,
508,2466.788330078125,0.02464267797768116,2.464267797768116,5068.503386974335,10000,ppo,ppo,crawler,flat,thdot_dth_neighbours_plus_thdot_direct,,,,,,,,,,,,,,,0.0025329188947350776,0,781,0.0,0.0,,,,,,,,,,,,,,,,,,,,,,,,,,,,,,,,,,,,,,,,,,,,,,,,,,,,,,,,,,,,,,,,,,,,,,,,,,nan,,,,,,,,,,,,,,,
509,2412.563720703125,0.024099059402942657,2.4099059402942657,5078.693833827972,10000,ppo,ppo,crawler,flat,thdot_dth_neighbours_plus_thdot_direct,,,,,,,,,,,,,,,0.0024153828902453403,0,781,0.0,0.0,,,,,,,,,,,,,,,,,,,,,,,,,,,,,,,,,,,,,,,,,,,,,,,,,,,,,,,,,,,,,,,,,,,,,,,,,,nan,,,,,,,,,,,,,,,
510,2332.272216796875,0.023298662155866623,2.3298662155866623,5088.848470211029,10000,ppo,ppo,crawler,flat,thdot_dth_neighbours_plus_thdot_direct,,,,,,,,,,,,,,,0.0019742659277218197,0,781,0.0,0.0,,,,,,,,,,,,,,,,,,,,,,,,,,,,,,,,,,,,,,,,,,,,,,,,,,,,,,,,,,,,,,,,,,,,,,,,,,nan,,,,,,,,,,,,,,,
511,2471.66650390625,0.024694224819540977,2.4694224819540977,5098.733153581619,10000,ppo,ppo,crawler,flat,thdot_dth_neighbours_plus_thdot_direct,,,,,,,,,,,,,,,0.002690560724465005,0,781,0.0,0.0,,,,,,,,,,,,,,,,,,,,,,,,,,,,,,,,,,,,,,,,,,,,,,,,,,,,,,,,,,,,,,,,,,,,,,,,,,nan,,,,,,,,,,,,,,,
512,2471.49462890625,0.024686722084879875,2.4686722084879875,5108.8773148059845,10000,ppo,ppo,crawler,flat,thdot_dth_neighbours_plus_thdot_direct,,,,,,,,,,,,,,,0.0023377514721198375,0,781,0.0,0.0,,,,,,,,,,,,,,,,,,,,,,,,,,,,,,,,,,,,,,,,,,,,,,,,,,,,,,,,,,,,,,,,,,,,,,,,,,nan,,,,,,,,,,,,,,,
513,2413.321533203125,0.024108432233333588,2.4108432233333588,5118.982190132141,10000,ppo,ppo,crawler,flat,thdot_dth_neighbours_plus_thdot_direct,,,,,,,,,,,,,,,0.0021489140413059817,0,781,0.0,0.0,,,,,,,,,,,,,,,,,,,,,,,,,,,,,,,,,,,,,,,,,,,,,,,,,,,,,,,,,,,,,,,,,,,,,,,,,,nan,,,,,,,,,,,,,,,
514,2416.796630859375,0.024141302332282066,2.4141302332282066,5129.034385681152,10000,ppo,ppo,crawler,flat,thdot_dth_neighbours_plus_thdot_direct,,,,,,,,,,,,,,,0.0023084932018769483,0,781,0.0,0.0,,,,,,,,,,,,,,,,,,,,,,,,,,,,,,,,,,,,,,,,,,,,,,,,,,,,,,,,,,,,,,,,,,,,,,,,,,nan,,,,,,,,,,,,,,,
515,2481.95751953125,0.024791622534394264,2.4791622534394264,5138.788990736008,10000,ppo,ppo,crawler,flat,thdot_dth_neighbours_plus_thdot_direct,,,,,,,,,,,,,,,0.002624748375136099,0,781,0.0,0.0,,,,,,,,,,,,,,,,,,,,,,,,,,,,,,,,,,,,,,,,,,,,,,,,,,,,,,,,,,,,,,,,,,,,,,,,,,nan,,,,,,,,,,,,,,,
516,2515.20166015625,0.02512393519282341,2.512393519282341,5148.531442642212,10000,ppo,ppo,crawler,flat,thdot_dth_neighbours_plus_thdot_direct,,,,,,,,,,,,,,,0.0024078773615175252,0,781,0.0,0.0,,,,,,,,,,,,,,,,,,,,,,,,,,,,,,,,,,,,,,,,,,,,,,,,,,,,,,,,,,,,,,,,,,,,,,,,,,nan,,,,,,,,,,,,,,,
517,2331.421630859375,0.023286251351237297,2.3286251351237297,5158.701867341995,10000,ppo,ppo,crawler,flat,thdot_dth_neighbours_plus_thdot_direct,,,,,,,,,,,,,,,0.002568053531238503,0,781,0.0,0.0,,,,,,,,,,,,,,,,,,,,,,,,,,,,,,,,,,,,,,,,,,,,,,,,,,,,,,,,,,,,,,,,,,,,,,,,,,nan,,,,,,,,,,,,,,,
518,2404.01220703125,0.024015845730900764,2.4015845730900764,5168.50692653656,10000,ppo,ppo,crawler,flat,thdot_dth_neighbours_plus_thdot_direct,,,,,,,,,,,,,,,0.002158736190572624,0,781,0.0,0.0,,,,,,,,,,,,,,,,,,,,,,,,,,,,,,,,,,,,,,,,,,,,,,,,,,,,,,,,,,,,,,,,,,,,,,,,,,nan,,,,,,,,,,,,,,,
519,2457.301513671875,0.02454448491334915,2.454448491334915,5178.627651691437,10000,ppo,ppo,crawler,flat,thdot_dth_neighbours_plus_thdot_direct,,,,,,,,,,,,,,,0.0024399599465391737,0,781,0.0,0.0,,,,,,,,,,,,,,,,,,,,,,,,,,,,,,,,,,,,,,,,,,,,,,,,,,,,,,,,,,,,,,,,,,,,,,,,,,nan,,,,,,,,,,,,,,,
520,2461.189453125,0.024584230035543442,2.458423003554344,5188.5032324790955,10000,ppo,ppo,crawler,flat,thdot_dth_neighbours_plus_thdot_direct,,,,,,,,,,,,,,,0.002096970377501614,0,781,0.0,0.0,,,,,,,,,,,,,,,,,,,,,,,,,,,,,,,,,,,,,,,,,,,,,,,,,,,,,,,,,,,,,,,,,,,,,,,,,,nan,,,,,,,,,,,,,,,
521,2268.34228515625,0.022658180445432663,2.2658180445432663,5198.725318908691,10000,ppo,ppo,crawler,flat,thdot_dth_neighbours_plus_thdot_direct,,,,,,,,,,,,,,,0.0021227512415673785,0,781,0.0,0.0,,,,,,,,,,,,,,,,,,,,,,,,,,,,,,,,,,,,,,,,,,,,,,,,,,,,,,,,,,,,,,,,,,,,,,,,,,nan,,,,,,,,,,,,,,,
522,2441.10009765625,0.024391375482082367,2.4391375482082367,5208.565814256668,10000,ppo,ppo,crawler,flat,thdot_dth_neighbours_plus_thdot_direct,,,,,,,,,,,,,,,0.0021907583933286115,0,781,0.0,0.0,,,,,,,,,,,,,,,,,,,,,,,,,,,,,,,,,,,,,,,,,,,,,,,,,,,,,,,,,,,,,,,,,,,,,,,,,,nan,,,,,,,,,,,,,,,
523,2415.208740234375,0.024127837270498276,2.4127837270498276,5218.37942814827,10000,ppo,ppo,crawler,flat,thdot_dth_neighbours_plus_thdot_direct,,,,,,,,,,,,,,,0.002119353604518557,0,781,0.0,0.0,,,,,,,,,,,,,,,,,,,,,,,,,,,,,,,,,,,,,,,,,,,,,,,,,,,,,,,,,,,,,,,,,,,,,,,,,,nan,,,,,,,,,,,,,,,
524,2508.359375,0.02505863644182682,2.505863644182682,5228.744916439056,10000,ppo,ppo,crawler,flat,thdot_dth_neighbours_plus_thdot_direct,,,,,,,,,,,,,,,0.0014757684724763802,0,781,0.0,0.0,,,,,,,,,,,,,,,,,,,,,,,,,,,,,,,,,,,,,,,,,,,,,,,,,,,,,,,,,,,,,,,,,,,,,,,,,,nan,,,,,,,,,,,,,,,
525,2476.94921875,0.024744020774960518,2.474402077496052,5238.69801235199,10000,ppo,ppo,crawler,flat,thdot_dth_neighbours_plus_thdot_direct,,,,,,,,,,,,,,,0.0018413715047989046,0,781,0.0,0.0,,,,,,,,,,,,,,,,,,,,,,,,,,,,,,,,,,,,,,,,,,,,,,,,,,,,,,,,,,,,,,,,,,,,,,,,,,nan,,,,,,,,,,,,,,,
526,2443.791748046875,0.024415219202637672,2.4415219202637672,5248.897855758667,10000,ppo,ppo,crawler,flat,thdot_dth_neighbours_plus_thdot_direct,,,,,,,,,,,,,,,0.0016558134725165902,0,781,0.0,0.0,,,,,,,,,,,,,,,,,,,,,,,,,,,,,,,,,,,,,,,,,,,,,,,,,,,,,,,,,,,,,,,,,,,,,,,,,,nan,,,,,,,,,,,,,,,
527,2527.0859375,0.02524648979306221,2.524648979306221,5259.188682556152,10000,ppo,ppo,crawler,flat,thdot_dth_neighbours_plus_thdot_direct,,,,,,,,,,,,,,,0.0022479636884137227,0,781,0.0,0.0,,,,,,,,,,,,,,,,,,,,,,,,,,,,,,,,,,,,,,,,,,,,,,,,,,,,,,,,,,,,,,,,,,,,,,,,,,nan,,,,,,,,,,,,,,,
528,2514.838623046875,0.02512015588581562,2.512015588581562,5269.134443998337,10000,ppo,ppo,crawler,flat,thdot_dth_neighbours_plus_thdot_direct,,,,,,,,,,,,,,,0.002133730303340908,0,781,0.0,0.0,,,,,,,,,,,,,,,,,,,,,,,,,,,,,,,,,,,,,,,,,,,,,,,,,,,,,,,,,,,,,,,,,,,,,,,,,,nan,,,,,,,,,,,,,,,
529,2474.628173828125,0.024715213105082512,2.471521310508251,5279.148867607117,10000,ppo,ppo,crawler,flat,thdot_dth_neighbours_plus_thdot_direct,,,,,,,,,,,,,,,0.002349692613108691,0,781,0.0,0.0,,,,,,,,,,,,,,,,,,,,,,,,,,,,,,,,,,,,,,,,,,,,,,,,,,,,,,,,,,,,,,,,,,,,,,,,,,nan,,,,,,,,,,,,,,,
530,2352.962890625,0.023501284420490265,2.3501284420490265,5289.02395606041,10000,ppo,ppo,crawler,flat,thdot_dth_neighbours_plus_thdot_direct,,,,,,,,,,,,,,,0.0014189756387979692,0,781,0.0,0.0,,,,,,,,,,,,,,,,,,,,,,,,,,,,,,,,,,,,,,,,,,,,,,,,,,,,,,,,,,,,,,,,,,,,,,,,,,nan,,,,,,,,,,,,,,,
531,2384.8984375,0.023822084069252014,2.3822084069252014,5298.854856014252,10000,ppo,ppo,crawler,flat,thdot_dth_neighbours_plus_thdot_direct,,,,,,,,,,,,,,,0.002016983355527171,0,781,0.0,0.0,,,,,,,,,,,,,,,,,,,,,,,,,,,,,,,,,,,,,,,,,,,,,,,,,,,,,,,,,,,,,,,,,,,,,,,,,,nan,,,,,,,,,,,,,,,
532,2507.018310546875,0.02504621259868145,2.504621259868145,5309.2300934791565,10000,ppo,ppo,crawler,flat,thdot_dth_neighbours_plus_thdot_direct,,,,,,,,,,,,,,,0.002100663311376091,0,781,0.0,0.0,,,,,,,,,,,,,,,,,,,,,,,,,,,,,,,,,,,,,,,,,,,,,,,,,,,,,,,,,,,,,,,,,,,,,,,,,,nan,,,,,,,,,,,,,,,
533,2604.19970703125,0.026018084958195686,2.6018084958195686,5319.031342506409,10000,ppo,ppo,crawler,flat,thdot_dth_neighbours_plus_thdot_direct,,,,,,,,,,,,,,,0.002132511602994596,0,781,0.0,0.0,,,,,,,,,,,,,,,,,,,,,,,,,,,,,,,,,,,,,,,,,,,,,,,,,,,,,,,,,,,,,,,,,,,,,,,,,,nan,,,,,,,,,,,,,,,
534,2544.396240234375,0.025415964424610138,2.541596442461014,5328.891308069229,10000,ppo,ppo,crawler,flat,thdot_dth_neighbours_plus_thdot_direct,,,,,,,,,,,,,,,0.002639972531447809,0,781,0.0,0.0,,,,,,,,,,,,,,,,,,,,,,,,,,,,,,,,,,,,,,,,,,,,,,,,,,,,,,,,,,,,,,,,,,,,,,,,,,nan,,,,,,,,,,,,,,,
535,2460.849609375,0.024581437930464745,2.4581437930464745,5338.913866996765,10000,ppo,ppo,crawler,flat,thdot_dth_neighbours_plus_thdot_direct,,,,,,,,,,,,,,,0.0018624298760570358,0,781,0.0,0.0,,,,,,,,,,,,,,,,,,,,,,,,,,,,,,,,,,,,,,,,,,,,,,,,,,,,,,,,,,,,,,,,,,,,,,,,,,nan,,,,,,,,,,,,,,,
536,2574.661865234375,0.025720225647091866,2.5720225647091866,5349.069826841354,10000,ppo,ppo,crawler,flat,thdot_dth_neighbours_plus_thdot_direct,,,,,,,,,,,,,,,0.0024262961690615153,0,781,0.0,0.0,,,,,,,,,,,,,,,,,,,,,,,,,,,,,,,,,,,,,,,,,,,,,,,,,,,,,,,,,,,,,,,,,,,,,,,,,,nan,,,,,,,,,,,,,,,
537,2508.7431640625,0.025058187544345856,2.5058187544345856,5359.075804233551,10000,ppo,ppo,crawler,flat,thdot_dth_neighbours_plus_thdot_direct,,,,,,,,,,,,,,,0.002043065693634915,0,781,0.0,0.0,,,,,,,,,,,,,,,,,,,,,,,,,,,,,,,,,,,,,,,,,,,,,,,,,,,,,,,,,,,,,,,,,,,,,,,,,,nan,,,,,,,,,,,,,,,
538,2344.12109375,0.023416681215167046,2.3416681215167046,5369.133448600769,10000,ppo,ppo,crawler,flat,thdot_dth_neighbours_plus_thdot_direct,,,,,,,,,,,,,,,0.0018009024587488632,0,781,0.0,0.0,,,,,,,,,,,,,,,,,,,,,,,,,,,,,,,,,,,,,,,,,,,,,,,,,,,,,,,,,,,,,,,,,,,,,,,,,,nan,,,,,,,,,,,,,,,
539,2380.543701171875,0.023779086768627167,2.3779086768627167,5379.034435510635,10000,ppo,ppo,crawler,flat,thdot_dth_neighbours_plus_thdot_direct,,,,,,,,,,,,,,,0.0016359994415743992,0,781,0.0,0.0,,,,,,,,,,,,,,,,,,,,,,,,,,,,,,,,,,,,,,,,,,,,,,,,,,,,,,,,,,,,,,,,,,,,,,,,,,nan,,,,,,,,,,,,,,,
540,2518.736328125,0.02515876479446888,2.515876479446888,5389.298420906067,10000,ppo,ppo,crawler,flat,thdot_dth_neighbours_plus_thdot_direct,,,,,,,,,,,,,,,0.002006550250147485,0,781,0.0,0.0,,,,,,,,,,,,,,,,,,,,,,,,,,,,,,,,,,,,,,,,,,,,,,,,,,,,,,,,,,,,,,,,,,,,,,,,,,nan,,,,,,,,,,,,,,,
541,2469.350341796875,0.024666525423526764,2.4666525423526764,5399.179980039597,10000,ppo,ppo,crawler,flat,thdot_dth_neighbours_plus_thdot_direct,,,,,,,,,,,,,,,0.0016716765102752623,0,781,0.0,0.0,,,,,,,,,,,,,,,,,,,,,,,,,,,,,,,,,,,,,,,,,,,,,,,,,,,,,,,,,,,,,,,,,,,,,,,,,,nan,,,,,,,,,,,,,,,
542,2337.8623046875,0.02335098758339882,2.335098758339882,5409.177330732346,10000,ppo,ppo,crawler,flat,thdot_dth_neighbours_plus_thdot_direct,,,,,,,,,,,,,,,0.002342458990785659,0,781,0.0,0.0,,,,,,,,,,,,,,,,,,,,,,,,,,,,,,,,,,,,,,,,,,,,,,,,,,,,,,,,,,,,,,,,,,,,,,,,,,nan,,,,,,,,,,,,,,,
543,2480.814208984375,0.024783287197351456,2.4783287197351456,5419.586776256561,10000,ppo,ppo,crawler,flat,thdot_dth_neighbours_plus_thdot_direct,,,,,,,,,,,,,,,0.0029642531514353105,0,781,0.0,0.0,,,,,,,,,,,,,,,,,,,,,,,,,,,,,,,,,,,,,,,,,,,,,,,,,,,,,,,,,,,,,,,,,,,,,,,,,,nan,,,,,,,,,,,,,,,
544,2548.49853515625,0.025459829717874527,2.5459829717874527,5429.5269157886505,10000,ppo,ppo,crawler,flat,thdot_dth_neighbours_plus_thdot_direct,,,,,,,,,,,,,,,0.002689727731211975,0,781,0.0,0.0,,,,,,,,,,,,,,,,,,,,,,,,,,,,,,,,,,,,,,,,,,,,,,,,,,,,,,,,,,,,,,,,,,,,,,,,,,nan,,,,,,,,,,,,,,,
545,2479.45556640625,0.024768108502030373,2.4768108502030373,5439.44451212883,10000,ppo,ppo,crawler,flat,thdot_dth_neighbours_plus_thdot_direct,,,,,,,,,,,,,,,0.001557882190790982,0,781,0.0,0.0,,,,,,,,,,,,,,,,,,,,,,,,,,,,,,,,,,,,,,,,,,,,,,,,,,,,,,,,,,,,,,,,,,,,,,,,,,nan,,,,,,,,,,,,,,,
546,2427.016845703125,0.02424039877951145,2.424039877951145,5449.100079536438,10000,ppo,ppo,crawler,flat,thdot_dth_neighbours_plus_thdot_direct,,,,,,,,,,,,,,,0.002427689421774738,0,781,0.0,0.0,,,,,,,,,,,,,,,,,,,,,,,,,,,,,,,,,,,,,,,,,,,,,,,,,,,,,,,,,,,,,,,,,,,,,,,,,,nan,,,,,,,,,,,,,,,
547,2513.446044921875,0.025108041241765022,2.5108041241765022,5459.136510848999,10000,ppo,ppo,crawler,flat,thdot_dth_neighbours_plus_thdot_direct,,,,,,,,,,,,,,,0.0016910573681681233,0,781,0.0,0.0,,,,,,,,,,,,,,,,,,,,,,,,,,,,,,,,,,,,,,,,,,,,,,,,,,,,,,,,,,,,,,,,,,,,,,,,,,nan,,,,,,,,,,,,,,,
548,2491.932373046875,0.02489628456532955,2.489628456532955,5469.096975803375,10000,ppo,ppo,crawler,flat,thdot_dth_neighbours_plus_thdot_direct,,,,,,,,,,,,,,,0.002285371412203969,0,781,0.0,0.0,,,,,,,,,,,,,,,,,,,,,,,,,,,,,,,,,,,,,,,,,,,,,,,,,,,,,,,,,,,,,,,,,,,,,,,,,,nan,,,,,,,,,,,,,,,
549,2421.859375,0.024188784882426262,2.418878488242626,5478.774799823761,10000,ppo,ppo,crawler,flat,thdot_dth_neighbours_plus_thdot_direct,,,,,,,,,,,,,,,0.002469518580938384,0,781,0.0,0.0,,,,,,,,,,,,,,,,,,,,,,,,,,,,,,,,,,,,,,,,,,,,,,,,,,,,,,,,,,,,,,,,,,,,,,,,,,nan,,,,,,,,,,,,,,,
550,2611.069091796875,0.026080545037984848,2.608054503798485,5489.0171546936035,10000,ppo,ppo,crawler,flat,thdot_dth_neighbours_plus_thdot_direct,,,,,,,,,,,,,,,0.0021741608928453468,0,781,0.0,0.0,,,,,,,,,,,,,,,,,,,,,,,,,,,,,,,,,,,,,,,,,,,,,,,,,,,,,,,,,,,,,,,,,,,,,,,,,,nan,,,,,,,,,,,,,,,
551,2517.651123046875,0.025149285793304443,2.5149285793304443,5499.039120674133,10000,ppo,ppo,crawler,flat,thdot_dth_neighbours_plus_thdot_direct,,,,,,,,,,,,,,,0.0018550177495995494,0,781,0.0,0.0,,,,,,,,,,,,,,,,,,,,,,,,,,,,,,,,,,,,,,,,,,,,,,,,,,,,,,,,,,,,,,,,,,,,,,,,,,nan,,,,,,,,,,,,,,,
552,2459.567138671875,0.02456839196383953,2.456839196383953,5508.5495636463165,10000,ppo,ppo,crawler,flat,thdot_dth_neighbours_plus_thdot_direct,,,,,,,,,,,,,,,0.002678406649767081,0,781,0.0,0.0,,,,,,,,,,,,,,,,,,,,,,,,,,,,,,,,,,,,,,,,,,,,,,,,,,,,,,,,,,,,,,,,,,,,,,,,,,nan,,,,,,,,,,,,,,,
553,2549.819580078125,0.02547149546444416,2.547149546444416,5518.673907279968,10000,ppo,ppo,crawler,flat,thdot_dth_neighbours_plus_thdot_direct,,,,,,,,,,,,,,,0.001739000574065982,0,781,0.0,0.0,,,,,,,,,,,,,,,,,,,,,,,,,,,,,,,,,,,,,,,,,,,,,,,,,,,,,,,,,,,,,,,,,,,,,,,,,,nan,,,,,,,,,,,,,,,
554,2489.991943359375,0.024872036650776863,2.4872036650776863,5528.7118327617645,10000,ppo,ppo,crawler,flat,thdot_dth_neighbours_plus_thdot_direct,,,,,,,,,,,,,,,0.0014558922257342007,0,781,0.0,0.0,,,,,,,,,,,,,,,,,,,,,,,,,,,,,,,,,,,,,,,,,,,,,,,,,,,,,,,,,,,,,,,,,,,,,,,,,,nan,,,,,,,,,,,,,,,
555,2469.583251953125,0.02466672658920288,2.466672658920288,5538.69403386116,10000,ppo,ppo,crawler,flat,thdot_dth_neighbours_plus_thdot_direct,,,,,,,,,,,,,,,0.001692729195763071,0,781,0.0,0.0,,,,,,,,,,,,,,,,,,,,,,,,,,,,,,,,,,,,,,,,,,,,,,,,,,,,,,,,,,,,,,,,,,,,,,,,,,nan,,,,,,,,,,,,,,,
556,2568.6640625,0.025657139718532562,2.5657139718532562,5548.746061563492,10000,ppo,ppo,crawler,flat,thdot_dth_neighbours_plus_thdot_direct,,,,,,,,,,,,,,,0.0028742753247346193,0,781,0.0,0.0,,,,,,,,,,,,,,,,,,,,,,,,,,,,,,,,,,,,,,,,,,,,,,,,,,,,,,,,,,,,,,,,,,,,,,,,,,nan,,,,,,,,,,,,,,,
557,2470.578125,0.024680020287632942,2.468002028763294,5558.717268943787,10000,ppo,ppo,crawler,flat,thdot_dth_neighbours_plus_thdot_direct,,,,,,,,,,,,,,,0.002438905731984812,0,781,0.0,0.0,,,,,,,,,,,,,,,,,,,,,,,,,,,,,,,,,,,,,,,,,,,,,,,,,,,,,,,,,,,,,,,,,,,,,,,,,,nan,,,,,,,,,,,,,,,
558,2519.725341796875,0.02517245151102543,2.517245151102543,5569.254048347473,10000,ppo,ppo,crawler,flat,thdot_dth_neighbours_plus_thdot_direct,,,,,,,,,,,,,,,0.0023192256071085143,0,781,0.0,0.0,,,,,,,,,,,,,,,,,,,,,,,,,,,,,,,,,,,,,,,,,,,,,,,,,,,,,,,,,,,,,,,,,,,,,,,,,,nan,,,,,,,,,,,,,,,
559,2480.1611328125,0.02477593533694744,2.477593533694744,5579.163079023361,10000,ppo,ppo,crawler,flat,thdot_dth_neighbours_plus_thdot_direct,,,,,,,,,,,,,,,0.0024937263735465114,0,781,0.0,0.0,,,,,,,,,,,,,,,,,,,,,,,,,,,,,,,,,,,,,,,,,,,,,,,,,,,,,,,,,,,,,,,,,,,,,,,,,,nan,,,,,,,,,,,,,,,
560,2512.13427734375,0.025092389434576035,2.5092389434576035,5589.207103729248,10000,ppo,ppo,crawler,flat,thdot_dth_neighbours_plus_thdot_direct,,,,,,,,,,,,,,,0.0015888749463072009,0,781,0.0,0.0,,,,,,,,,,,,,,,,,,,,,,,,,,,,,,,,,,,,,,,,,,,,,,,,,,,,,,,,,,,,,,,,,,,,,,,,,,nan,,,,,,,,,,,,,,,
561,2382.906494140625,0.023801499977707863,2.3801499977707863,5599.755189418793,10000,ppo,ppo,crawler,flat,thdot_dth_neighbours_plus_thdot_direct,,,,,,,,,,,,,,,0.00180636432297007,0,781,0.0,0.0,,,,,,,,,,,,,,,,,,,,,,,,,,,,,,,,,,,,,,,,,,,,,,,,,,,,,,,,,,,,,,,,,,,,,,,,,,nan,,,,,,,,,,,,,,,
562,2527.645751953125,0.02525220438838005,2.525220438838005,5609.520096063614,10000,ppo,ppo,crawler,flat,thdot_dth_neighbours_plus_thdot_direct,,,,,,,,,,,,,,,0.0017636420161574278,0,781,0.0,0.0,,,,,,,,,,,,,,,,,,,,,,,,,,,,,,,,,,,,,,,,,,,,,,,,,,,,,,,,,,,,,,,,,,,,,,,,,,nan,,,,,,,,,,,,,,,
563,2433.69140625,0.024308785796165466,2.4308785796165466,5619.55349779129,10000,ppo,ppo,crawler,flat,thdot_dth_neighbours_plus_thdot_direct,,,,,,,,,,,,,,,0.0018854455943477367,0,781,0.0,0.0,,,,,,,,,,,,,,,,,,,,,,,,,,,,,,,,,,,,,,,,,,,,,,,,,,,,,,,,,,,,,,,,,,,,,,,,,,nan,,,,,,,,,,,,,,,
564,2348.456787109375,0.02345593087375164,2.345593087375164,5629.437396526337,10000,ppo,ppo,crawler,flat,thdot_dth_neighbours_plus_thdot_direct,,,,,,,,,,,,,,,0.002528919514698026,0,781,0.0,0.0,,,,,,,,,,,,,,,,,,,,,,,,,,,,,,,,,,,,,,,,,,,,,,,,,,,,,,,,,,,,,,,,,,,,,,,,,,nan,,,,,,,,,,,,,,,
565,2432.04931640625,0.024293286725878716,2.4293286725878716,5639.361489534378,10000,ppo,ppo,crawler,flat,thdot_dth_neighbours_plus_thdot_direct,,,,,,,,,,,,,,,0.0015807968156051093,0,781,0.0,0.0,,,,,,,,,,,,,,,,,,,,,,,,,,,,,,,,,,,,,,,,,,,,,,,,,,,,,,,,,,,,,,,,,,,,,,,,,,nan,,,,,,,,,,,,,,,
566,2341.423583984375,0.02338949777185917,2.338949777185917,5649.630849838257,10000,ppo,ppo,crawler,flat,thdot_dth_neighbours_plus_thdot_direct,,,,,,,,,,,,,,,0.001743878831536482,0,781,0.0,0.0,,,,,,,,,,,,,,,,,,,,,,,,,,,,,,,,,,,,,,,,,,,,,,,,,,,,,,,,,,,,,,,,,,,,,,,,,,nan,,,,,,,,,,,,,,,
567,2423.0556640625,0.024203350767493248,2.420335076749325,5659.401382923126,10000,ppo,ppo,crawler,flat,thdot_dth_neighbours_plus_thdot_direct,,,,,,,,,,,,,,,0.0018671469394558366,0,781,0.0,0.0,,,,,,,,,,,,,,,,,,,,,,,,,,,,,,,,,,,,,,,,,,,,,,,,,,,,,,,,,,,,,,,,,,,,,,,,,,nan,,,,,,,,,,,,,,,
568,2422.204345703125,0.02419755980372429,2.419755980372429,5669.393953323364,10000,ppo,ppo,crawler,flat,thdot_dth_neighbours_plus_thdot_direct,,,,,,,,,,,,,,,0.0018365336045282252,0,781,0.0,0.0,,,,,,,,,,,,,,,,,,,,,,,,,,,,,,,,,,,,,,,,,,,,,,,,,,,,,,,,,,,,,,,,,,,,,,,,,,nan,,,,,,,,,,,,,,,
569,2560.107421875,0.02557576447725296,2.557576447725296,5679.474769353867,10000,ppo,ppo,crawler,flat,thdot_dth_neighbours_plus_thdot_direct,,,,,,,,,,,,,,,0.002089648486824984,0,781,0.0,0.0,,,,,,,,,,,,,,,,,,,,,,,,,,,,,,,,,,,,,,,,,,,,,,,,,,,,,,,,,,,,,,,,,,,,,,,,,,nan,,,,,,,,,,,,,,,
570,2465.065673828125,0.024622343480587006,2.4622343480587006,5688.943943500519,10000,ppo,ppo,crawler,flat,thdot_dth_neighbours_plus_thdot_direct,,,,,,,,,,,,,,,0.0019969622554083764,0,781,0.0,0.0,,,,,,,,,,,,,,,,,,,,,,,,,,,,,,,,,,,,,,,,,,,,,,,,,,,,,,,,,,,,,,,,,,,,,,,,,,nan,,,,,,,,,,,,,,,
571,2465.584716796875,0.024630915373563766,2.4630915373563766,5699.13059258461,10000,ppo,ppo,crawler,flat,thdot_dth_neighbours_plus_thdot_direct,,,,,,,,,,,,,,,0.0028080185576715073,0,781,0.0,0.0,,,,,,,,,,,,,,,,,,,,,,,,,,,,,,,,,,,,,,,,,,,,,,,,,,,,,,,,,,,,,,,,,,,,,,,,,,nan,,,,,,,,,,,,,,,
572,2446.517333984375,0.024436555802822113,2.4436555802822113,5708.769743919373,10000,ppo,ppo,crawler,flat,thdot_dth_neighbours_plus_thdot_direct,,,,,,,,,,,,,,,0.0020811546410867813,0,781,0.0,0.0,,,,,,,,,,,,,,,,,,,,,,,,,,,,,,,,,,,,,,,,,,,,,,,,,,,,,,,,,,,,,,,,,,,,,,,,,,nan,,,,,,,,,,,,,,,
573,2384.414794921875,0.023818764835596085,2.3818764835596085,5718.5769464969635,10000,ppo,ppo,crawler,flat,thdot_dth_neighbours_plus_thdot_direct,,,,,,,,,,,,,,,0.0014872851858257882,0,781,0.0,0.0,,,,,,,,,,,,,,,,,,,,,,,,,,,,,,,,,,,,,,,,,,,,,,,,,,,,,,,,,,,,,,,,,,,,,,,,,,nan,,,,,,,,,,,,,,,
574,2456.541748046875,0.02453962340950966,2.453962340950966,5728.662007331848,10000,ppo,ppo,crawler,flat,thdot_dth_neighbours_plus_thdot_direct,,,,,,,,,,,,,,,0.002172447016007741,0,781,0.0,0.0,,,,,,,,,,,,,,,,,,,,,,,,,,,,,,,,,,,,,,,,,,,,,,,,,,,,,,,,,,,,,,,,,,,,,,,,,,nan,,,,,,,,,,,,,,,
575,2439.666259765625,0.024369774386286736,2.4369774386286736,5738.426202535629,10000,ppo,ppo,crawler,flat,thdot_dth_neighbours_plus_thdot_direct,,,,,,,,,,,,,,,0.0017649809532409248,0,781,0.0,0.0,,,,,,,,,,,,,,,,,,,,,,,,,,,,,,,,,,,,,,,,,,,,,,,,,,,,,,,,,,,,,,,,,,,,,,,,,,nan,,,,,,,,,,,,,,,
576,2485.733154296875,0.02483340911567211,2.483340911567211,5748.374073266983,10000,ppo,ppo,crawler,flat,thdot_dth_neighbours_plus_thdot_direct,,,,,,,,,,,,,,,0.001904105694224218,0,781,0.0,0.0,,,,,,,,,,,,,,,,,,,,,,,,,,,,,,,,,,,,,,,,,,,,,,,,,,,,,,,,,,,,,,,,,,,,,,,,,,nan,,,,,,,,,,,,,,,
577,2504.21337890625,0.025015491992235184,2.5015491992235184,5758.053225040436,10000,ppo,ppo,crawler,flat,thdot_dth_neighbours_plus_thdot_direct,,,,,,,,,,,,,,,0.0020108314246095995,0,781,0.0,0.0,,,,,,,,,,,,,,,,,,,,,,,,,,,,,,,,,,,,,,,,,,,,,,,,,,,,,,,,,,,,,,,,,,,,,,,,,,nan,,,,,,,,,,,,,,,
578,2499.632568359375,0.02496766299009323,2.496766299009323,5767.773126363754,10000,ppo,ppo,crawler,flat,thdot_dth_neighbours_plus_thdot_direct,,,,,,,,,,,,,,,0.001224711893951775,0,781,0.0,0.0,,,,,,,,,,,,,,,,,,,,,,,,,,,,,,,,,,,,,,,,,,,,,,,,,,,,,,,,,,,,,,,,,,,,,,,,,,nan,,,,,,,,,,,,,,,
579,2451.889404296875,0.02449353039264679,2.449353039264679,5777.877113580704,10000,ppo,ppo,crawler,flat,thdot_dth_neighbours_plus_thdot_direct,,,,,,,,,,,,,,,0.0017428846979019629,0,781,0.0,0.0,,,,,,,,,,,,,,,,,,,,,,,,,,,,,,,,,,,,,,,,,,,,,,,,,,,,,,,,,,,,,,,,,,,,,,,,,,nan,,,,,,,,,,,,,,,
580,2416.35546875,0.02413756214082241,2.413756214082241,5787.77207159996,10000,ppo,ppo,crawler,flat,thdot_dth_neighbours_plus_thdot_direct,,,,,,,,,,,,,,,0.0026718980606841663,0,781,0.0,0.0,,,,,,,,,,,,,,,,,,,,,,,,,,,,,,,,,,,,,,,,,,,,,,,,,,,,,,,,,,,,,,,,,,,,,,,,,,nan,,,,,,,,,,,,,,,
581,2532.07666015625,0.025294635444879532,2.529463544487953,5797.601176023483,10000,ppo,ppo,crawler,flat,thdot_dth_neighbours_plus_thdot_direct,,,,,,,,,,,,,,,0.0017369886029748988,0,781,0.0,0.0,,,,,,,,,,,,,,,,,,,,,,,,,,,,,,,,,,,,,,,,,,,,,,,,,,,,,,,,,,,,,,,,,,,,,,,,,,nan,,,,,,,,,,,,,,,
582,2436.932861328125,0.02434481494128704,2.434481494128704,5807.499868154526,10000,ppo,ppo,crawler,flat,thdot_dth_neighbours_plus_thdot_direct,,,,,,,,,,,,,,,0.001616483220013982,0,781,0.0,0.0,,,,,,,,,,,,,,,,,,,,,,,,,,,,,,,,,,,,,,,,,,,,,,,,,,,,,,,,,,,,,,,,,,,,,,,,,,nan,,,,,,,,,,,,,,,
583,2467.077880859375,0.02464684098958969,2.464684098958969,5817.4533314704895,10000,ppo,ppo,crawler,flat,thdot_dth_neighbours_plus_thdot_direct,,,,,,,,,,,,,,,0.0013651272462094789,0,781,0.0,0.0,,,,,,,,,,,,,,,,,,,,,,,,,,,,,,,,,,,,,,,,,,,,,,,,,,,,,,,,,,,,,,,,,,,,,,,,,,nan,,,,,,,,,,,,,,,
584,2501.939208984375,0.02499370276927948,2.499370276927948,5827.774374008179,10000,ppo,ppo,crawler,flat,thdot_dth_neighbours_plus_thdot_direct,,,,,,,,,,,,,,,0.0016485299570171562,0,781,0.0,0.0,,,,,,,,,,,,,,,,,,,,,,,,,,,,,,,,,,,,,,,,,,,,,,,,,,,,,,,,,,,,,,,,,,,,,,,,,,nan,,,,,,,,,,,,,,,
585,2481.172607421875,0.024789724498987198,2.47897244989872,5837.753291845322,10000,ppo,ppo,crawler,flat,thdot_dth_neighbours_plus_thdot_direct,,,,,,,,,,,,,,,0.002483377388649089,0,781,0.0,0.0,,,,,,,,,,,,,,,,,,,,,,,,,,,,,,,,,,,,,,,,,,,,,,,,,,,,,,,,,,,,,,,,,,,,,,,,,,nan,,,,,,,,,,,,,,,
586,2406.572998046875,0.024037856608629227,2.4037856608629227,5847.620233774185,10000,ppo,ppo,crawler,flat,thdot_dth_neighbours_plus_thdot_direct,,,,,,,,,,,,,,,0.0017617955403950846,0,781,0.0,0.0,,,,,,,,,,,,,,,,,,,,,,,,,,,,,,,,,,,,,,,,,,,,,,,,,,,,,,,,,,,,,,,,,,,,,,,,,,nan,,,,,,,,,,,,,,,
587,2447.625244140625,0.024451525881886482,2.4451525881886482,5857.996654748917,10000,ppo,ppo,crawler,flat,thdot_dth_neighbours_plus_thdot_direct,,,,,,,,,,,,,,,0.001839778476535716,0,781,0.0,0.0,,,,,,,,,,,,,,,,,,,,,,,,,,,,,,,,,,,,,,,,,,,,,,,,,,,,,,,,,,,,,,,,,,,,,,,,,,nan,,,,,,,,,,,,,,,
588,2468.3310546875,0.024658260866999626,2.4658260866999626,5867.918944597244,10000,ppo,ppo,crawler,flat,thdot_dth_neighbours_plus_thdot_direct,,,,,,,,,,,,,,,0.003152657364048694,0,781,0.0,0.0,,,,,,,,,,,,,,,,,,,,,,,,,,,,,,,,,,,,,,,,,,,,,,,,,,,,,,,,,,,,,,,,,,,,,,,,,,nan,,,,,,,,,,,,,,,
589,2284.007568359375,0.022813325747847557,2.2813325747847557,5877.8837196826935,10000,ppo,ppo,crawler,flat,thdot_dth_neighbours_plus_thdot_direct,,,,,,,,,,,,,,,0.0016931874348202368,0,781,0.0,0.0,,,,,,,,,,,,,,,,,,,,,,,,,,,,,,,,,,,,,,,,,,,,,,,,,,,,,,,,,,,,,,,,,,,,,,,,,,nan,,,,,,,,,,,,,,,
590,2341.764404296875,0.023390740156173706,2.3390740156173706,5888.298920631409,10000,ppo,ppo,crawler,flat,thdot_dth_neighbours_plus_thdot_direct,,,,,,,,,,,,,,,0.0017823560842765436,0,781,0.0,0.0,,,,,,,,,,,,,,,,,,,,,,,,,,,,,,,,,,,,,,,,,,,,,,,,,,,,,,,,,,,,,,,,,,,,,,,,,,nan,,,,,,,,,,,,,,,
591,2365.34423828125,0.023627163842320442,2.362716384232044,5898.238452911377,10000,ppo,ppo,crawler,flat,thdot_dth_neighbours_plus_thdot_direct,,,,,,,,,,,,,,,0.0032172672933480353,0,781,0.0,0.0,,,,,,,,,,,,,,,,,,,,,,,,,,,,,,,,,,,,,,,,,,,,,,,,,,,,,,,,,,,,,,,,,,,,,,,,,,nan,,,,,,,,,,,,,,,
592,2415.73828125,0.024131186306476593,2.4131186306476593,5908.224765300751,10000,ppo,ppo,crawler,flat,thdot_dth_neighbours_plus_thdot_direct,,,,,,,,,,,,,,,0.002808635967262437,0,781,0.0,0.0,,,,,,,,,,,,,,,,,,,,,,,,,,,,,,,,,,,,,,,,,,,,,,,,,,,,,,,,,,,,,,,,,,,,,,,,,,nan,,,,,,,,,,,,,,,
593,2451.22119140625,0.024490272626280785,2.4490272626280785,5917.930339574814,10000,ppo,ppo,crawler,flat,thdot_dth_neighbours_plus_thdot_direct,,,,,,,,,,,,,,,0.002052593643982737,0,781,0.0,0.0,,,,,,,,,,,,,,,,,,,,,,,,,,,,,,,,,,,,,,,,,,,,,,,,,,,,,,,,,,,,,,,,,,,,,,,,,,nan,,,,,,,,,,,,,,,
594,2422.569580078125,0.024201784282922745,2.4201784282922745,5928.002811670303,10000,ppo,ppo,crawler,flat,thdot_dth_neighbours_plus_thdot_direct,,,,,,,,,,,,,,,0.00216971293893564,0,781,0.0,0.0,,,,,,,,,,,,,,,,,,,,,,,,,,,,,,,,,,,,,,,,,,,,,,,,,,,,,,,,,,,,,,,,,,,,,,,,,,nan,,,,,,,,,,,,,,,
595,2388.519287109375,0.02386256493628025,2.386256493628025,5938.053281784058,10000,ppo,ppo,crawler,flat,thdot_dth_neighbours_plus_thdot_direct,,,,,,,,,,,,,,,0.0029147722450453863,0,781,0.0,0.0,,,,,,,,,,,,,,,,,,,,,,,,,,,,,,,,,,,,,,,,,,,,,,,,,,,,,,,,,,,,,,,,,,,,,,,,,,nan,,,,,,,,,,,,,,,
596,2397.635498046875,0.02394934929907322,2.394934929907322,5948.15926861763,10000,ppo,ppo,crawler,flat,thdot_dth_neighbours_plus_thdot_direct,,,,,,,,,,,,,,,0.0016836735762149845,0,781,0.0,0.0,,,,,,,,,,,,,,,,,,,,,,,,,,,,,,,,,,,,,,,,,,,,,,,,,,,,,,,,,,,,,,,,,,,,,,,,,,nan,,,,,,,,,,,,,,,
597,2395.725341796875,0.023928945884108543,2.3928945884108543,5958.153077363968,10000,ppo,ppo,crawler,flat,thdot_dth_neighbours_plus_thdot_direct,,,,,,,,,,,,,,,0.0014827982238216609,0,781,0.0,0.0,,,,,,,,,,,,,,,,,,,,,,,,,,,,,,,,,,,,,,,,,,,,,,,,,,,,,,,,,,,,,,,,,,,,,,,,,,nan,,,,,,,,,,,,,,,
598,2373.604736328125,0.02370855025947094,2.370855025947094,5968.249090671539,10000,ppo,ppo,crawler,flat,thdot_dth_neighbours_plus_thdot_direct,,,,,,,,,,,,,,,0.0020791437944425875,0,781,0.0,0.0,,,,,,,,,,,,,,,,,,,,,,,,,,,,,,,,,,,,,,,,,,,,,,,,,,,,,,,,,,,,,,,,,,,,,,,,,,nan,,,,,,,,,,,,,,,
599,2349.893798828125,0.023475276306271553,2.3475276306271553,5978.268718004227,10000,ppo,ppo,crawler,flat,thdot_dth_neighbours_plus_thdot_direct,,,,,,,,,,,,,,,0.0020353821249604067,0,781,0.0,0.0,,,,,,,,,,,,,,,,,,,,,,,,,,,,,,,,,,,,,,,,,,,,,,,,,,,,,,,,,,,,,,,,,,,,,,,,,,nan,,,,,,,,,,,,,,,
600,2398.655029296875,0.023963352665305138,2.3963352665305138,5988.334400892258,10000,ppo,ppo,crawler,flat,thdot_dth_neighbours_plus_thdot_direct,,,,,,,,,,,,,,,0.0020893142306061432,0,781,0.0,0.0,,,,,,,,,,,,,,,,,,,,,,,,,,,,,,,,,,,,,,,,,,,,,,,,,,,,,,,,,,,,,,,,,,,,,,,,,,nan,,,,,,,,,,,,,,,
601,2428.784423828125,0.024265635758638382,2.426563575863838,5998.478092908859,10000,ppo,ppo,crawler,flat,thdot_dth_neighbours_plus_thdot_direct,,,,,,,,,,,,,,,0.002179299956827874,0,781,0.0,0.0,,,,,,,,,,,,,,,,,,,,,,,,,,,,,,,,,,,,,,,,,,,,,,,,,,,,,,,,,,,,,,,,,,,,,,,,,,nan,,,,,,,,,,,,,,,
602,2326.473388671875,0.023241879418492317,2.3241879418492317,6008.7081508636475,10000,ppo,ppo,crawler,flat,thdot_dth_neighbours_plus_thdot_direct,,,,,,,,,,,,,,,0.001350336306470671,0,781,0.0,0.0,,,,,,,,,,,,,,,,,,,,,,,,,,,,,,,,,,,,,,,,,,,,,,,,,,,,,,,,,,,,,,,,,,,,,,,,,,nan,,,,,,,,,,,,,,,
603,2329.910888671875,0.023268837481737137,2.3268837481737137,6018.575073719025,10000,ppo,ppo,crawler,flat,thdot_dth_neighbours_plus_thdot_direct,,,,,,,,,,,,,,,0.0019390285526857092,0,781,0.0,0.0,,,,,,,,,,,,,,,,,,,,,,,,,,,,,,,,,,,,,,,,,,,,,,,,,,,,,,,,,,,,,,,,,,,,,,,,,,nan,,,,,,,,,,,,,,,
604,2204.085205078125,0.022015981376171112,2.201598137617111,6028.524258852005,10000,ppo,ppo,crawler,flat,thdot_dth_neighbours_plus_thdot_direct,,,,,,,,,,,,,,,0.0022008665303115444,0,781,0.0,0.0,,,,,,,,,,,,,,,,,,,,,,,,,,,,,,,,,,,,,,,,,,,,,,,,,,,,,,,,,,,,,,,,,,,,,,,,,,nan,,,,,,,,,,,,,,,
605,2384.146484375,0.02381819114089012,2.381819114089012,6038.274746656418,10000,ppo,ppo,crawler,flat,thdot_dth_neighbours_plus_thdot_direct,,,,,,,,,,,,,,,0.002261209209751383,0,781,0.0,0.0,,,,,,,,,,,,,,,,,,,,,,,,,,,,,,,,,,,,,,,,,,,,,,,,,,,,,,,,,,,,,,,,,,,,,,,,,,nan,,,,,,,,,,,,,,,
606,2281.893798828125,0.022794084623456,2.2794084623456,6048.270801782608,10000,ppo,ppo,crawler,flat,thdot_dth_neighbours_plus_thdot_direct,,,,,,,,,,,,,,,0.0024373258384986865,0,781,0.0,0.0,,,,,,,,,,,,,,,,,,,,,,,,,,,,,,,,,,,,,,,,,,,,,,,,,,,,,,,,,,,,,,,,,,,,,,,,,,nan,,,,,,,,,,,,,,,
607,2326.511474609375,0.023242605850100517,2.3242605850100517,6058.104984760284,10000,ppo,ppo,crawler,flat,thdot_dth_neighbours_plus_thdot_direct,,,,,,,,,,,,,,,0.0013771556844330312,0,781,0.0,0.0,,,,,,,,,,,,,,,,,,,,,,,,,,,,,,,,,,,,,,,,,,,,,,,,,,,,,,,,,,,,,,,,,,,,,,,,,,nan,,,,,,,,,,,,,,,
608,2372.347412109375,0.02369772084057331,2.369772084057331,6068.043006896973,10000,ppo,ppo,crawler,flat,thdot_dth_neighbours_plus_thdot_direct,,,,,,,,,,,,,,,0.0021542741003292695,0,781,0.0,0.0,,,,,,,,,,,,,,,,,,,,,,,,,,,,,,,,,,,,,,,,,,,,,,,,,,,,,,,,,,,,,,,,,,,,,,,,,,nan,,,,,,,,,,,,,,,
609,2237.2744140625,0.022347502410411835,2.2347502410411835,6077.972982883453,10000,ppo,ppo,crawler,flat,thdot_dth_neighbours_plus_thdot_direct,,,,,,,,,,,,,,,0.0025784239405383293,0,781,0.0,0.0,,,,,,,,,,,,,,,,,,,,,,,,,,,,,,,,,,,,,,,,,,,,,,,,,,,,,,,,,,,,,,,,,,,,,,,,,,nan,,,,,,,,,,,,,,,
610,2291.981201171875,0.02289692871272564,2.289692871272564,6087.864300251007,10000,ppo,ppo,crawler,flat,thdot_dth_neighbours_plus_thdot_direct,,,,,,,,,,,,,,,0.0017838617115407203,0,781,0.0,0.0,,,,,,,,,,,,,,,,,,,,,,,,,,,,,,,,,,,,,,,,,,,,,,,,,,,,,,,,,,,,,,,,,,,,,,,,,,nan,,,,,,,,,,,,,,,
611,2357.787841796875,0.023554116487503052,2.355411648750305,6097.598301649094,10000,ppo,ppo,crawler,flat,thdot_dth_neighbours_plus_thdot_direct,,,,,,,,,,,,,,,0.0015916063726890174,0,781,0.0,0.0,,,,,,,,,,,,,,,,,,,,,,,,,,,,,,,,,,,,,,,,,,,,,,,,,,,,,,,,,,,,,,,,,,,,,,,,,,nan,,,,,,,,,,,,,,,
612,2363.08056640625,0.02360670641064644,2.360670641064644,6107.4109535217285,10000,ppo,ppo,crawler,flat,thdot_dth_neighbours_plus_thdot_direct,,,,,,,,,,,,,,,0.0015354519079144354,0,781,0.0,0.0,,,,,,,,,,,,,,,,,,,,,,,,,,,,,,,,,,,,,,,,,,,,,,,,,,,,,,,,,,,,,,,,,,,,,,,,,,nan,,,,,,,,,,,,,,,
613,2354.492919921875,0.023518871515989304,2.3518871515989304,6117.367527246475,10000,ppo,ppo,crawler,flat,thdot_dth_neighbours_plus_thdot_direct,,,,,,,,,,,,,,,0.0019558470767893923,0,781,0.0,0.0,,,,,,,,,,,,,,,,,,,,,,,,,,,,,,,,,,,,,,,,,,,,,,,,,,,,,,,,,,,,,,,,,,,,,,,,,,nan,,,,,,,,,,,,,,,
614,2308.04736328125,0.023059964179992676,2.3059964179992676,6127.4400243759155,10000,ppo,ppo,crawler,flat,thdot_dth_neighbours_plus_thdot_direct,,,,,,,,,,,,,,,0.0017343796589544213,0,781,0.0,0.0,,,,,,,,,,,,,,,,,,,,,,,,,,,,,,,,,,,,,,,,,,,,,,,,,,,,,,,,,,,,,,,,,,,,,,,,,,nan,,,,,,,,,,,,,,,
615,2321.8447265625,0.023194368928670883,2.3194368928670883,6137.348779201508,10000,ppo,ppo,crawler,flat,thdot_dth_neighbours_plus_thdot_direct,,,,,,,,,,,,,,,0.002248620967872306,0,781,0.0,0.0,,,,,,,,,,,,,,,,,,,,,,,,,,,,,,,,,,,,,,,,,,,,,,,,,,,,,,,,,,,,,,,,,,,,,,,,,,nan,,,,,,,,,,,,,,,
616,2277.015869140625,0.02274494618177414,2.274494618177414,6147.278103590012,10000,ppo,ppo,crawler,flat,thdot_dth_neighbours_plus_thdot_direct,,,,,,,,,,,,,,,0.002417793244505852,0,781,0.0,0.0,,,,,,,,,,,,,,,,,,,,,,,,,,,,,,,,,,,,,,,,,,,,,,,,,,,,,,,,,,,,,,,,,,,,,,,,,,nan,,,,,,,,,,,,,,,
617,2269.75146484375,0.0226755253970623,2.26755253970623,6157.501263141632,10000,ppo,ppo,crawler,flat,thdot_dth_neighbours_plus_thdot_direct,,,,,,,,,,,,,,,0.002401260319758699,0,781,0.0,0.0,,,,,,,,,,,,,,,,,,,,,,,,,,,,,,,,,,,,,,,,,,,,,,,,,,,,,,,,,,,,,,,,,,,,,,,,,,nan,,,,,,,,,,,,,,,
618,2236.046630859375,0.02233603410422802,2.233603410422802,6167.11307311058,10000,ppo,ppo,crawler,flat,thdot_dth_neighbours_plus_thdot_direct,,,,,,,,,,,,,,,0.0021000432637506535,0,781,0.0,0.0,,,,,,,,,,,,,,,,,,,,,,,,,,,,,,,,,,,,,,,,,,,,,,,,,,,,,,,,,,,,,,,,,,,,,,,,,,nan,,,,,,,,,,,,,,,
619,2245.72509765625,0.022436827421188354,2.2436827421188354,6176.942906856537,10000,ppo,ppo,crawler,flat,thdot_dth_neighbours_plus_thdot_direct,,,,,,,,,,,,,,,0.002120405447917171,0,781,0.0,0.0,,,,,,,,,,,,,,,,,,,,,,,,,,,,,,,,,,,,,,,,,,,,,,,,,,,,,,,,,,,,,,,,,,,,,,,,,,nan,,,,,,,,,,,,,,,
620,2333.788330078125,0.02331138215959072,2.331138215959072,6187.06764626503,10000,ppo,ppo,crawler,flat,thdot_dth_neighbours_plus_thdot_direct,,,,,,,,,,,,,,,0.0024431431547927832,0,781,0.0,0.0,,,,,,,,,,,,,,,,,,,,,,,,,,,,,,,,,,,,,,,,,,,,,,,,,,,,,,,,,,,,,,,,,,,,,,,,,,nan,,,,,,,,,,,,,,,
621,2343.75341796875,0.023417498916387558,2.341749891638756,6196.975172519684,10000,ppo,ppo,crawler,flat,thdot_dth_neighbours_plus_thdot_direct,,,,,,,,,,,,,,,0.002021858850703668,0,781,0.0,0.0,,,,,,,,,,,,,,,,,,,,,,,,,,,,,,,,,,,,,,,,,,,,,,,,,,,,,,,,,,,,,,,,,,,,,,,,,,nan,,,,,,,,,,,,,,,
622,2331.019775390625,0.023287681862711906,2.3287681862711906,6207.010948419571,10000,ppo,ppo,crawler,flat,thdot_dth_neighbours_plus_thdot_direct,,,,,,,,,,,,,,,0.0015839949240050283,0,781,0.0,0.0,,,,,,,,,,,,,,,,,,,,,,,,,,,,,,,,,,,,,,,,,,,,,,,,,,,,,,,,,,,,,,,,,,,,,,,,,,nan,,,,,,,,,,,,,,,
623,2271.721923828125,0.02269332855939865,2.269332855939865,6217.122952699661,10000,ppo,ppo,crawler,flat,thdot_dth_neighbours_plus_thdot_direct,,,,,,,,,,,,,,,0.00165266268631746,0,781,0.0,0.0,,,,,,,,,,,,,,,,,,,,,,,,,,,,,,,,,,,,,,,,,,,,,,,,,,,,,,,,,,,,,,,,,,,,,,,,,,nan,,,,,,,,,,,,,,,
624,2297.16650390625,0.022950710728764534,2.2950710728764534,6227.002076625824,10000,ppo,ppo,crawler,flat,thdot_dth_neighbours_plus_thdot_direct,,,,,,,,,,,,,,,0.0027928319662387886,0,781,0.0,0.0,,,,,,,,,,,,,,,,,,,,,,,,,,,,,,,,,,,,,,,,,,,,,,,,,,,,,,,,,,,,,,,,,,,,,,,,,,nan,,,,,,,,,,,,,,,
625,2347.884521484375,0.023452801629900932,2.3452801629900932,6237.113716125488,10000,ppo,ppo,crawler,flat,thdot_dth_neighbours_plus_thdot_direct,,,,,,,,,,,,,,,0.0019878456354806067,0,781,0.0,0.0,,,,,,,,,,,,,,,,,,,,,,,,,,,,,,,,,,,,,,,,,,,,,,,,,,,,,,,,,,,,,,,,,,,,,,,,,,nan,,,,,,,,,,,,,,,
626,2265.927490234375,0.02263646386563778,2.263646386563778,6247.091763973236,10000,ppo,ppo,crawler,flat,thdot_dth_neighbours_plus_thdot_direct,,,,,,,,,,,,,,,0.002250606349789054,0,781,0.0,0.0,,,,,,,,,,,,,,,,,,,,,,,,,,,,,,,,,,,,,,,,,,,,,,,,,,,,,,,,,,,,,,,,,,,,,,,,,,nan,,,,,,,,,,,,,,,
627,2281.855224609375,0.0227949321269989,2.27949321269989,6257.431063652039,10000,ppo,ppo,crawler,flat,thdot_dth_neighbours_plus_thdot_direct,,,,,,,,,,,,,,,0.002487090022190743,0,781,0.0,0.0,,,,,,,,,,,,,,,,,,,,,,,,,,,,,,,,,,,,,,,,,,,,,,,,,,,,,,,,,,,,,,,,,,,,,,,,,,nan,,,,,,,,,,,,,,,
628,2315.927001953125,0.02313680201768875,2.313680201768875,6267.439812898636,10000,ppo,ppo,crawler,flat,thdot_dth_neighbours_plus_thdot_direct,,,,,,,,,,,,,,,0.0016133862853768706,0,781,0.0,0.0,,,,,,,,,,,,,,,,,,,,,,,,,,,,,,,,,,,,,,,,,,,,,,,,,,,,,,,,,,,,,,,,,,,,,,,,,,nan,,,,,,,,,,,,,,,
629,2399.418701171875,0.023971406742930412,2.3971406742930412,6277.302819490433,10000,ppo,ppo,crawler,flat,thdot_dth_neighbours_plus_thdot_direct,,,,,,,,,,,,,,,0.0017140922798794952,0,781,0.0,0.0,,,,,,,,,,,,,,,,,,,,,,,,,,,,,,,,,,,,,,,,,,,,,,,,,,,,,,,,,,,,,,,,,,,,,,,,,,nan,,,,,,,,,,,,,,,
630,2365.62744140625,0.02363121137022972,2.363121137022972,6287.389571905136,10000,ppo,ppo,crawler,flat,thdot_dth_neighbours_plus_thdot_direct,,,,,,,,,,,,,,,0.0026358361125803477,0,781,0.0,0.0,,,,,,,,,,,,,,,,,,,,,,,,,,,,,,,,,,,,,,,,,,,,,,,,,,,,,,,,,,,,,,,,,,,,,,,,,,nan,,,,,,,,,,,,,,,
631,2348.60205078125,0.023461421951651573,2.3461421951651573,6297.560316324234,10000,ppo,ppo,crawler,flat,thdot_dth_neighbours_plus_thdot_direct,,,,,,,,,,,,,,,0.002148382828210133,0,781,0.0,0.0,,,,,,,,,,,,,,,,,,,,,,,,,,,,,,,,,,,,,,,,,,,,,,,,,,,,,,,,,,,,,,,,,,,,,,,,,,nan,,,,,,,,,,,,,,,
632,2428.662109375,0.024262482300400734,2.4262482300400734,6307.59943318367,10000,ppo,ppo,crawler,flat,thdot_dth_neighbours_plus_thdot_direct,,,,,,,,,,,,,,,0.0023304786051962425,0,781,0.0,0.0,,,,,,,,,,,,,,,,,,,,,,,,,,,,,,,,,,,,,,,,,,,,,,,,,,,,,,,,,,,,,,,,,,,,,,,,,,nan,,,,,,,,,,,,,,,
633,2322.970947265625,0.023204030469059944,2.3204030469059944,6318.256888628006,10000,ppo,ppo,crawler,flat,thdot_dth_neighbours_plus_thdot_direct,,,,,,,,,,,,,,,0.0015206587386046814,0,781,0.0,0.0,,,,,,,,,,,,,,,,,,,,,,,,,,,,,,,,,,,,,,,,,,,,,,,,,,,,,,,,,,,,,,,,,,,,,,,,,,nan,,,,,,,,,,,,,,,
634,2387.2255859375,0.023847654461860657,2.3847654461860657,6328.183034658432,10000,ppo,ppo,crawler,flat,thdot_dth_neighbours_plus_thdot_direct,,,,,,,,,,,,,,,0.0016325852399626964,0,781,0.0,0.0,,,,,,,,,,,,,,,,,,,,,,,,,,,,,,,,,,,,,,,,,,,,,,,,,,,,,,,,,,,,,,,,,,,,,,,,,,nan,,,,,,,,,,,,,,,
635,2402.128662109375,0.02399546466767788,2.399546466767788,6338.562765598297,10000,ppo,ppo,crawler,flat,thdot_dth_neighbours_plus_thdot_direct,,,,,,,,,,,,,,,0.0016014426403734416,0,781,0.0,0.0,,,,,,,,,,,,,,,,,,,,,,,,,,,,,,,,,,,,,,,,,,,,,,,,,,,,,,,,,,,,,,,,,,,,,,,,,,nan,,,,,,,,,,,,,,,
636,2368.47314453125,0.023658744990825653,2.3658744990825653,6348.9388692379,10000,ppo,ppo,crawler,flat,thdot_dth_neighbours_plus_thdot_direct,,,,,,,,,,,,,,,0.002075056703144481,0,781,0.0,0.0,,,,,,,,,,,,,,,,,,,,,,,,,,,,,,,,,,,,,,,,,,,,,,,,,,,,,,,,,,,,,,,,,,,,,,,,,,nan,,,,,,,,,,,,,,,
637,2365.41259765625,0.023631354793906212,2.363135479390621,6358.8216462135315,10000,ppo,ppo,crawler,flat,thdot_dth_neighbours_plus_thdot_direct,,,,,,,,,,,,,,,0.002007676725840684,0,781,0.0,0.0,,,,,,,,,,,,,,,,,,,,,,,,,,,,,,,,,,,,,,,,,,,,,,,,,,,,,,,,,,,,,,,,,,,,,,,,,,nan,,,,,,,,,,,,,,,
638,2354.8603515625,0.023523086681962013,2.3523086681962013,6369.296288490295,10000,ppo,ppo,crawler,flat,thdot_dth_neighbours_plus_thdot_direct,,,,,,,,,,,,,,,0.0019906005588833796,0,781,0.0,0.0,,,,,,,,,,,,,,,,,,,,,,,,,,,,,,,,,,,,,,,,,,,,,,,,,,,,,,,,,,,,,,,,,,,,,,,,,,nan,,,,,,,,,,,,,,,
639,2392.83984375,0.02390172705054283,2.390172705054283,6379.5635097026825,10000,ppo,ppo,crawler,flat,thdot_dth_neighbours_plus_thdot_direct,,,,,,,,,,,,,,,0.001955159759052691,0,781,0.0,0.0,,,,,,,,,,,,,,,,,,,,,,,,,,,,,,,,,,,,,,,,,,,,,,,,,,,,,,,,,,,,,,,,,,,,,,,,,,nan,,,,,,,,,,,,,,,
640,2272.039794921875,0.022700082510709763,2.2700082510709763,6389.487265348434,10000,ppo,ppo,crawler,flat,thdot_dth_neighbours_plus_thdot_direct,,,,,,,,,,,,,,,0.0017946876617414267,0,781,0.0,0.0,,,,,,,,,,,,,,,,,,,,,,,,,,,,,,,,,,,,,,,,,,,,,,,,,,,,,,,,,,,,,,,,,,,,,,,,,,nan,,,,,,,,,,,,,,,
641,2308.08251953125,0.02305595949292183,2.305595949292183,6399.900524377823,10000,ppo,ppo,crawler,flat,thdot_dth_neighbours_plus_thdot_direct,,,,,,,,,,,,,,,0.0018005896041002592,0,781,0.0,0.0,,,,,,,,,,,,,,,,,,,,,,,,,,,,,,,,,,,,,,,,,,,,,,,,,,,,,,,,,,,,,,,,,,,,,,,,,,nan,,,,,,,,,,,,,,,
642,2298.590576171875,0.022961406037211418,2.296140603721142,6409.8679230213165,10000,ppo,ppo,crawler,flat,thdot_dth_neighbours_plus_thdot_direct,,,,,,,,,,,,,,,0.001947409941791279,0,781,0.0,0.0,,,,,,,,,,,,,,,,,,,,,,,,,,,,,,,,,,,,,,,,,,,,,,,,,,,,,,,,,,,,,,,,,,,,,,,,,,nan,,,,,,,,,,,,,,,
643,2377.27734375,0.023747554048895836,2.3747554048895836,6420.01353430748,10000,ppo,ppo,crawler,flat,thdot_dth_neighbours_plus_thdot_direct,,,,,,,,,,,,,,,0.0017948010058821853,0,781,0.0,0.0,,,,,,,,,,,,,,,,,,,,,,,,,,,,,,,,,,,,,,,,,,,,,,,,,,,,,,,,,,,,,,,,,,,,,,,,,,nan,,,,,,,,,,,,,,,
644,2374.36328125,0.02371952496469021,2.371952496469021,6429.766857147217,10000,ppo,ppo,crawler,flat,thdot_dth_neighbours_plus_thdot_direct,,,,,,,,,,,,,,,0.0018942428936341844,0,781,0.0,0.0,,,,,,,,,,,,,,,,,,,,,,,,,,,,,,,,,,,,,,,,,,,,,,,,,,,,,,,,,,,,,,,,,,,,,,,,,,nan,,,,,,,,,,,,,,,
645,2381.164794921875,0.023786798119544983,2.3786798119544983,6439.555202722549,10000,ppo,ppo,crawler,flat,thdot_dth_neighbours_plus_thdot_direct,,,,,,,,,,,,,,,0.0017794857525186252,0,781,0.0,0.0,,,,,,,,,,,,,,,,,,,,,,,,,,,,,,,,,,,,,,,,,,,,,,,,,,,,,,,,,,,,,,,,,,,,,,,,,,nan,,,,,,,,,,,,,,,
646,2445.758544921875,0.024434339255094528,2.443433925509453,6449.725147485733,10000,ppo,ppo,crawler,flat,thdot_dth_neighbours_plus_thdot_direct,,,,,,,,,,,,,,,0.0025790382268870427,0,781,0.0,0.0,,,,,,,,,,,,,,,,,,,,,,,,,,,,,,,,,,,,,,,,,,,,,,,,,,,,,,,,,,,,,,,,,,,,,,,,,,nan,,,,,,,,,,,,,,,
647,2574.029052734375,0.025717785581946373,2.5717785581946373,6459.311109542847,10000,ppo,ppo,crawler,flat,thdot_dth_neighbours_plus_thdot_direct,,,,,,,,,,,,,,,0.001602039186135024,0,781,0.0,0.0,,,,,,,,,,,,,,,,,,,,,,,,,,,,,,,,,,,,,,,,,,,,,,,,,,,,,,,,,,,,,,,,,,,,,,,,,,nan,,,,,,,,,,,,,,,
648,2496.223876953125,0.024933919310569763,2.4933919310569763,6469.812105894089,10000,ppo,ppo,crawler,flat,thdot_dth_neighbours_plus_thdot_direct,,,,,,,,,,,,,,,0.001717001863499705,0,781,0.0,0.0,,,,,,,,,,,,,,,,,,,,,,,,,,,,,,,,,,,,,,,,,,,,,,,,,,,,,,,,,,,,,,,,,,,,,,,,,,nan,,,,,,,,,,,,,,,
649,2442.08349609375,0.02439534105360508,2.439534105360508,6479.917332410812,10000,ppo,ppo,crawler,flat,thdot_dth_neighbours_plus_thdot_direct,,,,,,,,,,,,,,,0.0013967795978219498,0,781,0.0,0.0,,,,,,,,,,,,,,,,,,,,,,,,,,,,,,,,,,,,,,,,,,,,,,,,,,,,,,,,,,,,,,,,,,,,,,,,,,nan,,,,,,,,,,,,,,,
650,2438.721923828125,0.02435907907783985,2.435907907783985,6489.521450996399,10000,ppo,ppo,crawler,flat,thdot_dth_neighbours_plus_thdot_direct,,,,,,,,,,,,,,,0.002473139154867352,0,781,0.0,0.0,,,,,,,,,,,,,,,,,,,,,,,,,,,,,,,,,,,,,,,,,,,,,,,,,,,,,,,,,,,,,,,,,,,,,,,,,,nan,,,,,,,,,,,,,,,
651,2472.40478515625,0.024694081395864487,2.4694081395864487,6499.700827598572,10000,ppo,ppo,crawler,flat,thdot_dth_neighbours_plus_thdot_direct,,,,,,,,,,,,,,,0.0017754803721903914,0,781,0.0,0.0,,,,,,,,,,,,,,,,,,,,,,,,,,,,,,,,,,,,,,,,,,,,,,,,,,,,,,,,,,,,,,,,,,,,,,,,,,nan,,,,,,,,,,,,,,,
652,2441.918701171875,0.024393504485487938,2.439350448548794,6509.37965464592,10000,ppo,ppo,crawler,flat,thdot_dth_neighbours_plus_thdot_direct,,,,,,,,,,,,,,,0.001514995812611887,0,781,0.0,0.0,,,,,,,,,,,,,,,,,,,,,,,,,,,,,,,,,,,,,,,,,,,,,,,,,,,,,,,,,,,,,,,,,,,,,,,,,,nan,,,,,,,,,,,,,,,
653,2517.814453125,0.02515285648405552,2.515285648405552,6519.306012392044,10000,ppo,ppo,crawler,flat,thdot_dth_neighbours_plus_thdot_direct,,,,,,,,,,,,,,,0.0015997320025571788,0,781,0.0,0.0,,,,,,,,,,,,,,,,,,,,,,,,,,,,,,,,,,,,,,,,,,,,,,,,,,,,,,,,,,,,,,,,,,,,,,,,,,nan,,,,,,,,,,,,,,,
654,2478.200439453125,0.02475561387836933,2.475561387836933,6529.413588285446,10000,ppo,ppo,crawler,flat,thdot_dth_neighbours_plus_thdot_direct,,,,,,,,,,,,,,,0.0025797281795493956,0,781,0.0,0.0,,,,,,,,,,,,,,,,,,,,,,,,,,,,,,,,,,,,,,,,,,,,,,,,,,,,,,,,,,,,,,,,,,,,,,,,,,nan,,,,,,,,,,,,,,,
655,2507.211181640625,0.025046635419130325,2.5046635419130325,6539.041813611984,10000,ppo,ppo,crawler,flat,thdot_dth_neighbours_plus_thdot_direct,,,,,,,,,,,,,,,0.0020247830413484733,0,781,0.0,0.0,,,,,,,,,,,,,,,,,,,,,,,,,,,,,,,,,,,,,,,,,,,,,,,,,,,,,,,,,,,,,,,,,,,,,,,,,,nan,,,,,,,,,,,,,,,
656,2631.60693359375,0.02628535032272339,2.628535032272339,6549.696761131287,10000,ppo,ppo,crawler,flat,thdot_dth_neighbours_plus_thdot_direct,,,,,,,,,,,,,,,0.0020976566546000875,0,781,0.0,0.0,,,,,,,,,,,,,,,,,,,,,,,,,,,,,,,,,,,,,,,,,,,,,,,,,,,,,,,,,,,,,,,,,,,,,,,,,,nan,,,,,,,,,,,,,,,
657,2583.213623046875,0.02580500952899456,2.580500952899456,6559.430624008179,10000,ppo,ppo,crawler,flat,thdot_dth_neighbours_plus_thdot_direct,,,,,,,,,,,,,,,0.0018452085661114284,0,781,0.0,0.0,,,,,,,,,,,,,,,,,,,,,,,,,,,,,,,,,,,,,,,,,,,,,,,,,,,,,,,,,,,,,,,,,,,,,,,,,,nan,,,,,,,,,,,,,,,
658,2608.330078125,0.026052892208099365,2.6052892208099365,6569.161684751511,10000,ppo,ppo,crawler,flat,thdot_dth_neighbours_plus_thdot_direct,,,,,,,,,,,,,,,0.0019447858612537626,0,781,0.0,0.0,,,,,,,,,,,,,,,,,,,,,,,,,,,,,,,,,,,,,,,,,,,,,,,,,,,,,,,,,,,,,,,,,,,,,,,,,,nan,,,,,,,,,,,,,,,
659,2659.2744140625,0.026566142216324806,2.6566142216324806,6579.248470067978,10000,ppo,ppo,crawler,flat,thdot_dth_neighbours_plus_thdot_direct,,,,,,,,,,,,,,,0.002572860575189717,0,781,0.0,0.0,,,,,,,,,,,,,,,,,,,,,,,,,,,,,,,,,,,,,,,,,,,,,,,,,,,,,,,,,,,,,,,,,,,,,,,,,,nan,,,,,,,,,,,,,,,
660,2652.345458984375,0.026491643860936165,2.6491643860936165,6589.219959497452,10000,ppo,ppo,crawler,flat,thdot_dth_neighbours_plus_thdot_direct,,,,,,,,,,,,,,,0.002235041016868375,0,781,0.0,0.0,,,,,,,,,,,,,,,,,,,,,,,,,,,,,,,,,,,,,,,,,,,,,,,,,,,,,,,,,,,,,,,,,,,,,,,,,,nan,,,,,,,,,,,,,,,
661,2471.796142578125,0.024690313264727592,2.4690313264727592,6599.116166353226,10000,ppo,ppo,crawler,flat,thdot_dth_neighbours_plus_thdot_direct,,,,,,,,,,,,,,,0.0016013871476000298,0,781,0.0,0.0,,,,,,,,,,,,,,,,,,,,,,,,,,,,,,,,,,,,,,,,,,,,,,,,,,,,,,,,,,,,,,,,,,,,,,,,,,nan,,,,,,,,,,,,,,,
662,2590.533203125,0.025877172127366066,2.5877172127366066,6609.26992559433,10000,ppo,ppo,crawler,flat,thdot_dth_neighbours_plus_thdot_direct,,,,,,,,,,,,,,,0.0013905946122313387,0,781,0.0,0.0,,,,,,,,,,,,,,,,,,,,,,,,,,,,,,,,,,,,,,,,,,,,,,,,,,,,,,,,,,,,,,,,,,,,,,,,,,nan,,,,,,,,,,,,,,,
663,2501.3671875,0.024985922500491142,2.4985922500491142,6619.109511375427,10000,ppo,ppo,crawler,flat,thdot_dth_neighbours_plus_thdot_direct,,,,,,,,,,,,,,,0.0020362814300801395,0,781,0.0,0.0,,,,,,,,,,,,,,,,,,,,,,,,,,,,,,,,,,,,,,,,,,,,,,,,,,,,,,,,,,,,,,,,,,,,,,,,,,nan,,,,,,,,,,,,,,,
664,2650.01806640625,0.026472976431250572,2.647297643125057,6629.229987621307,10000,ppo,ppo,crawler,flat,thdot_dth_neighbours_plus_thdot_direct,,,,,,,,,,,,,,,0.0018406152011151097,0,781,0.0,0.0,,,,,,,,,,,,,,,,,,,,,,,,,,,,,,,,,,,,,,,,,,,,,,,,,,,,,,,,,,,,,,,,,,,,,,,,,,nan,,,,,,,,,,,,,,,
665,2530.470458984375,0.025274505838751793,2.5274505838751793,6639.011293172836,10000,ppo,ppo,crawler,flat,thdot_dth_neighbours_plus_thdot_direct,,,,,,,,,,,,,,,0.0021527190423683844,0,781,0.0,0.0,,,,,,,,,,,,,,,,,,,,,,,,,,,,,,,,,,,,,,,,,,,,,,,,,,,,,,,,,,,,,,,,,,,,,,,,,,nan,,,,,,,,,,,,,,,
666,2518.497314453125,0.025158539414405823,2.5158539414405823,6649.049149513245,10000,ppo,ppo,crawler,flat,thdot_dth_neighbours_plus_thdot_direct,,,,,,,,,,,,,,,0.002094073302765835,0,781,0.0,0.0,,,,,,,,,,,,,,,,,,,,,,,,,,,,,,,,,,,,,,,,,,,,,,,,,,,,,,,,,,,,,,,,,,,,,,,,,,nan,,,,,,,,,,,,,,,
667,2393.081298828125,0.02390274405479431,2.390274405479431,6659.101623773575,10000,ppo,ppo,crawler,flat,thdot_dth_neighbours_plus_thdot_direct,,,,,,,,,,,,,,,0.0031646241575709545,0,781,0.0,0.0,,,,,,,,,,,,,,,,,,,,,,,,,,,,,,,,,,,,,,,,,,,,,,,,,,,,,,,,,,,,,,,,,,,,,,,,,,nan,,,,,,,,,,,,,,,
668,2506.759765625,0.025042543187737465,2.5042543187737465,6669.245242118835,10000,ppo,ppo,crawler,flat,thdot_dth_neighbours_plus_thdot_direct,,,,,,,,,,,,,,,0.001953568128551413,0,781,0.0,0.0,,,,,,,,,,,,,,,,,,,,,,,,,,,,,,,,,,,,,,,,,,,,,,,,,,,,,,,,,,,,,,,,,,,,,,,,,,nan,,,,,,,,,,,,,,,
669,2553.84521484375,0.025510407984256744,2.5510407984256744,6679.5529198646545,10000,ppo,ppo,crawler,flat,thdot_dth_neighbours_plus_thdot_direct,,,,,,,,,,,,,,,0.0016907590492194532,0,781,0.0,0.0,,,,,,,,,,,,,,,,,,,,,,,,,,,,,,,,,,,,,,,,,,,,,,,,,,,,,,,,,,,,,,,,,,,,,,,,,,nan,,,,,,,,,,,,,,,
670,2492.656005859375,0.024902479723095894,2.4902479723095894,6689.60445022583,10000,ppo,ppo,crawler,flat,thdot_dth_neighbours_plus_thdot_direct,,,,,,,,,,,,,,,0.0024424982812334315,0,781,0.0,0.0,,,,,,,,,,,,,,,,,,,,,,,,,,,,,,,,,,,,,,,,,,,,,,,,,,,,,,,,,,,,,,,,,,,,,,,,,,nan,,,,,,,,,,,,,,,
671,2494.671142578125,0.02491767890751362,2.491767890751362,6699.827203512192,10000,ppo,ppo,crawler,flat,thdot_dth_neighbours_plus_thdot_direct,,,,,,,,,,,,,,,0.00145921554930243,0,781,0.0,0.0,,,,,,,,,,,,,,,,,,,,,,,,,,,,,,,,,,,,,,,,,,,,,,,,,,,,,,,,,,,,,,,,,,,,,,,,,,nan,,,,,,,,,,,,,,,
672,2546.651123046875,0.025439629331231117,2.5439629331231117,6709.936707496643,10000,ppo,ppo,crawler,flat,thdot_dth_neighbours_plus_thdot_direct,,,,,,,,,,,,,,,0.0029678872003121564,0,781,0.0,0.0,,,,,,,,,,,,,,,,,,,,,,,,,,,,,,,,,,,,,,,,,,,,,,,,,,,,,,,,,,,,,,,,,,,,,,,,,,nan,,,,,,,,,,,,,,,
673,2601.888427734375,0.025994090363383293,2.5994090363383293,6719.656758785248,10000,ppo,ppo,crawler,flat,thdot_dth_neighbours_plus_thdot_direct,,,,,,,,,,,,,,,0.0016250338254230393,0,781,0.0,0.0,,,,,,,,,,,,,,,,,,,,,,,,,,,,,,,,,,,,,,,,,,,,,,,,,,,,,,,,,,,,,,,,,,,,,,,,,,nan,,,,,,,,,,,,,,,
674,2593.156005859375,0.025903549045324326,2.5903549045324326,6729.558146715164,10000,ppo,ppo,crawler,flat,thdot_dth_neighbours_plus_thdot_direct,,,,,,,,,,,,,,,0.0030022308452222466,0,781,0.0,0.0,,,,,,,,,,,,,,,,,,,,,,,,,,,,,,,,,,,,,,,,,,,,,,,,,,,,,,,,,,,,,,,,,,,,,,,,,,nan,,,,,,,,,,,,,,,
675,2549.271240234375,0.02546580508351326,2.546580508351326,6739.558666944504,10000,ppo,ppo,crawler,flat,thdot_dth_neighbours_plus_thdot_direct,,,,,,,,,,,,,,,0.0011441306856969078,0,781,0.0,0.0,,,,,,,,,,,,,,,,,,,,,,,,,,,,,,,,,,,,,,,,,,,,,,,,,,,,,,,,,,,,,,,,,,,,,,,,,,nan,,,,,,,,,,,,,,,
676,2532.974365234375,0.025303322821855545,2.5303322821855545,6749.052912950516,10000,ppo,ppo,crawler,flat,thdot_dth_neighbours_plus_thdot_direct,,,,,,,,,,,,,,,0.002493755704726261,0,781,0.0,0.0,,,,,,,,,,,,,,,,,,,,,,,,,,,,,,,,,,,,,,,,,,,,,,,,,,,,,,,,,,,,,,,,,,,,,,,,,,nan,,,,,,,,,,,,,,,
677,2548.849365234375,0.025463862344622612,2.546386234462261,6759.194835662842,10000,ppo,ppo,crawler,flat,thdot_dth_neighbours_plus_thdot_direct,,,,,,,,,,,,,,,0.0022562528885802595,0,781,0.0,0.0,,,,,,,,,,,,,,,,,,,,,,,,,,,,,,,,,,,,,,,,,,,,,,,,,,,,,,,,,,,,,,,,,,,,,,,,,,nan,,,,,,,,,,,,,,,
678,2493.876708984375,0.024909673258662224,2.4909673258662224,6769.1745183467865,10000,ppo,ppo,crawler,flat,thdot_dth_neighbours_plus_thdot_direct,,,,,,,,,,,,,,,0.0017827779963850534,0,781,0.0,0.0,,,,,,,,,,,,,,,,,,,,,,,,,,,,,,,,,,,,,,,,,,,,,,,,,,,,,,,,,,,,,,,,,,,,,,,,,,nan,,,,,,,,,,,,,,,
679,2427.3701171875,0.024249590933322906,2.4249590933322906,6779.378771066666,10000,ppo,ppo,crawler,flat,thdot_dth_neighbours_plus_thdot_direct,,,,,,,,,,,,,,,0.0020170094428699726,0,781,0.0,0.0,,,,,,,,,,,,,,,,,,,,,,,,,,,,,,,,,,,,,,,,,,,,,,,,,,,,,,,,,,,,,,,,,,,,,,,,,,nan,,,,,,,,,,,,,,,
680,2514.086669921875,0.025116080418229103,2.5116080418229103,6789.145657300949,10000,ppo,ppo,crawler,flat,thdot_dth_neighbours_plus_thdot_direct,,,,,,,,,,,,,,,0.00172043702424184,0,781,0.0,0.0,,,,,,,,,,,,,,,,,,,,,,,,,,,,,,,,,,,,,,,,,,,,,,,,,,,,,,,,,,,,,,,,,,,,,,,,,,nan,,,,,,,,,,,,,,,
681,2463.421630859375,0.024607710540294647,2.4607710540294647,6799.109493255615,10000,ppo,ppo,crawler,flat,thdot_dth_neighbours_plus_thdot_direct,,,,,,,,,,,,,,,0.00209157503450895,0,781,0.0,0.0,,,,,,,,,,,,,,,,,,,,,,,,,,,,,,,,,,,,,,,,,,,,,,,,,,,,,,,,,,,,,,,,,,,,,,,,,,nan,,,,,,,,,,,,,,,
682,2546.042236328125,0.025430645793676376,2.5430645793676376,6809.098651647568,10000,ppo,ppo,crawler,flat,thdot_dth_neighbours_plus_thdot_direct,,,,,,,,,,,,,,,0.0015830285314122232,0,781,0.0,0.0,,,,,,,,,,,,,,,,,,,,,,,,,,,,,,,,,,,,,,,,,,,,,,,,,,,,,,,,,,,,,,,,,,,,,,,,,,nan,,,,,,,,,,,,,,,
683,2532.716552734375,0.025298919528722763,2.5298919528722763,6818.873220682144,10000,ppo,ppo,crawler,flat,thdot_dth_neighbours_plus_thdot_direct,,,,,,,,,,,,,,,0.0017677711741394054,0,781,0.0,0.0,,,,,,,,,,,,,,,,,,,,,,,,,,,,,,,,,,,,,,,,,,,,,,,,,,,,,,,,,,,,,,,,,,,,,,,,,,nan,,,,,,,,,,,,,,,
684,2517.692138671875,0.02515336126089096,2.515336126089096,6828.980531215668,10000,ppo,ppo,crawler,flat,thdot_dth_neighbours_plus_thdot_direct,,,,,,,,,,,,,,,0.002917588184611544,0,781,0.0,0.0,,,,,,,,,,,,,,,,,,,,,,,,,,,,,,,,,,,,,,,,,,,,,,,,,,,,,,,,,,,,,,,,,,,,,,,,,,nan,,,,,,,,,,,,,,,
685,2597.247802734375,0.02594546414911747,2.594546414911747,6838.836769104004,10000,ppo,ppo,crawler,flat,thdot_dth_neighbours_plus_thdot_direct,,,,,,,,,,,,,,,0.0014853474511263777,0,781,0.0,0.0,,,,,,,,,,,,,,,,,,,,,,,,,,,,,,,,,,,,,,,,,,,,,,,,,,,,,,,,,,,,,,,,,,,,,,,,,,nan,,,,,,,,,,,,,,,
686,2511.134765625,0.025086620822548866,2.5086620822548866,6848.887647867203,10000,ppo,ppo,crawler,flat,thdot_dth_neighbours_plus_thdot_direct,,,,,,,,,,,,,,,0.0018679331899318608,0,781,0.0,0.0,,,,,,,,,,,,,,,,,,,,,,,,,,,,,,,,,,,,,,,,,,,,,,,,,,,,,,,,,,,,,,,,,,,,,,,,,,nan,,,,,,,,,,,,,,,
687,2539.991455078125,0.025376038625836372,2.5376038625836372,6858.59086227417,10000,ppo,ppo,crawler,flat,thdot_dth_neighbours_plus_thdot_direct,,,,,,,,,,,,,,,0.0028652845824218122,0,781,0.0,0.0,,,,,,,,,,,,,,,,,,,,,,,,,,,,,,,,,,,,,,,,,,,,,,,,,,,,,,,,,,,,,,,,,,,,,,,,,,nan,,,,,,,,,,,,,,,
688,2459.044677734375,0.024563992395997047,2.4563992395997047,6868.55704665184,10000,ppo,ppo,crawler,flat,thdot_dth_neighbours_plus_thdot_direct,,,,,,,,,,,,,,,0.002903736728041107,0,781,0.0,0.0,,,,,,,,,,,,,,,,,,,,,,,,,,,,,,,,,,,,,,,,,,,,,,,,,,,,,,,,,,,,,,,,,,,,,,,,,,nan,,,,,,,,,,,,,,,
689,2638.682373046875,0.026363002136349678,2.636300213634968,6878.929283618927,10000,ppo,ppo,crawler,flat,thdot_dth_neighbours_plus_thdot_direct,,,,,,,,,,,,,,,0.00097684271599275,0,781,0.0,0.0,,,,,,,,,,,,,,,,,,,,,,,,,,,,,,,,,,,,,,,,,,,,,,,,,,,,,,,,,,,,,,,,,,,,,,,,,,nan,,,,,,,,,,,,,,,
690,2567.869873046875,0.02565171755850315,2.565171755850315,6888.72310757637,10000,ppo,ppo,crawler,flat,thdot_dth_neighbours_plus_thdot_direct,,,,,,,,,,,,,,,0.0015471900893135404,0,781,0.0,0.0,,,,,,,,,,,,,,,,,,,,,,,,,,,,,,,,,,,,,,,,,,,,,,,,,,,,,,,,,,,,,,,,,,,,,,,,,,nan,,,,,,,,,,,,,,,
691,2544.52978515625,0.02541683055460453,2.541683055460453,6898.390479326248,10000,ppo,ppo,crawler,flat,thdot_dth_neighbours_plus_thdot_direct,,,,,,,,,,,,,,,0.0024246958643729735,0,781,0.0,0.0,,,,,,,,,,,,,,,,,,,,,,,,,,,,,,,,,,,,,,,,,,,,,,,,,,,,,,,,,,,,,,,,,,,,,,,,,,nan,,,,,,,,,,,,,,,
692,2550.03369140625,0.025472713634371758,2.5472713634371758,6908.182747602463,10000,ppo,ppo,crawler,flat,thdot_dth_neighbours_plus_thdot_direct,,,,,,,,,,,,,,,0.0016350591192198578,0,781,0.0,0.0,,,,,,,,,,,,,,,,,,,,,,,,,,,,,,,,,,,,,,,,,,,,,,,,,,,,,,,,,,,,,,,,,,,,,,,,,,nan,,,,,,,,,,,,,,,
693,2513.9775390625,0.025118423625826836,2.5118423625826836,6918.016484260559,10000,ppo,ppo,crawler,flat,thdot_dth_neighbours_plus_thdot_direct,,,,,,,,,,,,,,,0.001844704195248391,0,781,0.0,0.0,,,,,,,,,,,,,,,,,,,,,,,,,,,,,,,,,,,,,,,,,,,,,,,,,,,,,,,,,,,,,,,,,,,,,,,,,,nan,,,,,,,,,,,,,,,
694,2648.787841796875,0.026460783556103706,2.6460783556103706,6927.815577030182,10000,ppo,ppo,crawler,flat,thdot_dth_neighbours_plus_thdot_direct,,,,,,,,,,,,,,,0.0019318283887515427,0,781,0.0,0.0,,,,,,,,,,,,,,,,,,,,,,,,,,,,,,,,,,,,,,,,,,,,,,,,,,,,,,,,,,,,,,,,,,,,,,,,,,nan,,,,,,,,,,,,,,,
695,2587.25927734375,0.02584514021873474,2.584514021873474,6937.75522518158,10000,ppo,ppo,crawler,flat,thdot_dth_neighbours_plus_thdot_direct,,,,,,,,,,,,,,,0.002073277336878965,0,781,0.0,0.0,,,,,,,,,,,,,,,,,,,,,,,,,,,,,,,,,,,,,,,,,,,,,,,,,,,,,,,,,,,,,,,,,,,,,,,,,,nan,,,,,,,,,,,,,,,
696,2585.7939453125,0.025827111676335335,2.5827111676335335,6947.701754570007,10000,ppo,ppo,crawler,flat,thdot_dth_neighbours_plus_thdot_direct,,,,,,,,,,,,,,,0.0016464915134041867,0,781,0.0,0.0,,,,,,,,,,,,,,,,,,,,,,,,,,,,,,,,,,,,,,,,,,,,,,,,,,,,,,,,,,,,,,,,,,,,,,,,,,nan,,,,,,,,,,,,,,,
697,2621.609375,0.02619047835469246,2.619047835469246,6958.136150360107,10000,ppo,ppo,crawler,flat,thdot_dth_neighbours_plus_thdot_direct,,,,,,,,,,,,,,,0.0027159151083337683,0,781,0.0,0.0,,,,,,,,,,,,,,,,,,,,,,,,,,,,,,,,,,,,,,,,,,,,,,,,,,,,,,,,,,,,,,,,,,,,,,,,,,nan,,,,,,,,,,,,,,,
698,2611.006591796875,0.026084087789058685,2.6084087789058685,6967.843204975128,10000,ppo,ppo,crawler,flat,thdot_dth_neighbours_plus_thdot_direct,,,,,,,,,,,,,,,0.001554428260167689,0,781,0.0,0.0,,,,,,,,,,,,,,,,,,,,,,,,,,,,,,,,,,,,,,,,,,,,,,,,,,,,,,,,,,,,,,,,,,,,,,,,,,nan,,,,,,,,,,,,,,,
699,2554.038818359375,0.025511715561151505,2.5511715561151505,6977.975292205811,10000,ppo,ppo,crawler,flat,thdot_dth_neighbours_plus_thdot_direct,,,,,,,,,,,,,,,0.0014593827583920874,0,781,0.0,0.0,,,,,,,,,,,,,,,,,,,,,,,,,,,,,,,,,,,,,,,,,,,,,,,,,,,,,,,,,,,,,,,,,,,,,,,,,,nan,,,,,,,,,,,,,,,
700,2626.30615234375,0.0262355525046587,2.62355525046587,6988.063106060028,10000,ppo,ppo,crawler,flat,thdot_dth_neighbours_plus_thdot_direct,,,,,,,,,,,,,,,0.0013767888859470526,0,781,0.0,0.0,,,,,,,,,,,,,,,,,,,,,,,,,,,,,,,,,,,,,,,,,,,,,,,,,,,,,,,,,,,,,,,,,,,,,,,,,,nan,,,,,,,,,,,,,,,
701,2580.817138671875,0.025783980265259743,2.5783980265259743,6997.837530136108,10000,ppo,ppo,crawler,flat,thdot_dth_neighbours_plus_thdot_direct,,,,,,,,,,,,,,,0.0014687564314249096,0,781,0.0,0.0,,,,,,,,,,,,,,,,,,,,,,,,,,,,,,,,,,,,,,,,,,,,,,,,,,,,,,,,,,,,,,,,,,,,,,,,,,nan,,,,,,,,,,,,,,,
702,2600.711181640625,0.02597910724580288,2.597910724580288,7008.086731433868,10000,ppo,ppo,crawler,flat,thdot_dth_neighbours_plus_thdot_direct,,,,,,,,,,,,,,,0.0016586727224309253,0,781,0.0,0.0,,,,,,,,,,,,,,,,,,,,,,,,,,,,,,,,,,,,,,,,,,,,,,,,,,,,,,,,,,,,,,,,,,,,,,,,,,nan,,,,,,,,,,,,,,,
703,2652.83984375,0.02650095708668232,2.650095708668232,7018.071329593658,10000,ppo,ppo,crawler,flat,thdot_dth_neighbours_plus_thdot_direct,,,,,,,,,,,,,,,0.0020389634538691866,0,781,0.0,0.0,,,,,,,,,,,,,,,,,,,,,,,,,,,,,,,,,,,,,,,,,,,,,,,,,,,,,,,,,,,,,,,,,,,,,,,,,,nan,,,,,,,,,,,,,,,
704,2447.764404296875,0.024453382939100266,2.4453382939100266,7028.101502656937,10000,ppo,ppo,crawler,flat,thdot_dth_neighbours_plus_thdot_direct,,,,,,,,,,,,,,,0.0031504783500064188,0,781,0.0,0.0,,,,,,,,,,,,,,,,,,,,,,,,,,,,,,,,,,,,,,,,,,,,,,,,,,,,,,,,,,,,,,,,,,,,,,,,,,nan,,,,,,,,,,,,,,,
705,2520.27197265625,0.025178274139761925,2.5178274139761925,7038.257844686508,10000,ppo,ppo,crawler,flat,thdot_dth_neighbours_plus_thdot_direct,,,,,,,,,,,,,,,0.0020129421196163626,0,781,0.0,0.0,,,,,,,,,,,,,,,,,,,,,,,,,,,,,,,,,,,,,,,,,,,,,,,,,,,,,,,,,,,,,,,,,,,,,,,,,,nan,,,,,,,,,,,,,,,
706,2421.72509765625,0.024192454293370247,2.4192454293370247,7048.238014936447,10000,ppo,ppo,crawler,flat,thdot_dth_neighbours_plus_thdot_direct,,,,,,,,,,,,,,,0.0016641418849088153,0,781,0.0,0.0,,,,,,,,,,,,,,,,,,,,,,,,,,,,,,,,,,,,,,,,,,,,,,,,,,,,,,,,,,,,,,,,,,,,,,,,,,nan,,,,,,,,,,,,,,,
707,2445.08447265625,0.02442094497382641,2.442094497382641,7058.166580200195,10000,ppo,ppo,crawler,flat,thdot_dth_neighbours_plus_thdot_direct,,,,,,,,,,,,,,,0.0018310190091122634,0,781,0.0,0.0,,,,,,,,,,,,,,,,,,,,,,,,,,,,,,,,,,,,,,,,,,,,,,,,,,,,,,,,,,,,,,,,,,,,,,,,,,nan,,,,,,,,,,,,,,,
708,2559.255859375,0.02556753158569336,2.556753158569336,7068.407290697098,10000,ppo,ppo,crawler,flat,thdot_dth_neighbours_plus_thdot_direct,,,,,,,,,,,,,,,0.0023576378977294777,0,781,0.0,0.0,,,,,,,,,,,,,,,,,,,,,,,,,,,,,,,,,,,,,,,,,,,,,,,,,,,,,,,,,,,,,,,,,,,,,,,,,,nan,,,,,,,,,,,,,,,
709,2555.33935546875,0.02552497573196888,2.552497573196888,7078.568956613541,10000,ppo,ppo,crawler,flat,thdot_dth_neighbours_plus_thdot_direct,,,,,,,,,,,,,,,0.0019945362412822753,0,781,0.0,0.0,,,,,,,,,,,,,,,,,,,,,,,,,,,,,,,,,,,,,,,,,,,,,,,,,,,,,,,,,,,,,,,,,,,,,,,,,,nan,,,,,,,,,,,,,,,
710,2575.953857421875,0.025729771703481674,2.5729771703481674,7088.711351394653,10000,ppo,ppo,crawler,flat,thdot_dth_neighbours_plus_thdot_direct,,,,,,,,,,,,,,,0.0025942781514049144,0,781,0.0,0.0,,,,,,,,,,,,,,,,,,,,,,,,,,,,,,,,,,,,,,,,,,,,,,,,,,,,,,,,,,,,,,,,,,,,,,,,,,nan,,,,,,,,,,,,,,,
711,2640.860107421875,0.026381749659776688,2.6381749659776688,7098.877923965454,10000,ppo,ppo,crawler,flat,thdot_dth_neighbours_plus_thdot_direct,,,,,,,,,,,,,,,0.002332269891301286,0,781,0.0,0.0,,,,,,,,,,,,,,,,,,,,,,,,,,,,,,,,,,,,,,,,,,,,,,,,,,,,,,,,,,,,,,,,,,,,,,,,,,nan,,,,,,,,,,,,,,,
712,2662.330810546875,0.026596734300255775,2.6596734300255775,7109.0676882267,10000,ppo,ppo,crawler,flat,thdot_dth_neighbours_plus_thdot_direct,,,,,,,,,,,,,,,0.0018203605807434243,0,781,0.0,0.0,,,,,,,,,,,,,,,,,,,,,,,,,,,,,,,,,,,,,,,,,,,,,,,,,,,,,,,,,,,,,,,,,,,,,,,,,,nan,,,,,,,,,,,,,,,
713,2660.16796875,0.026570916175842285,2.6570916175842285,7119.277230024338,10000,ppo,ppo,crawler,flat,thdot_dth_neighbours_plus_thdot_direct,,,,,,,,,,,,,,,0.0025571269580250515,0,781,0.0,0.0,,,,,,,,,,,,,,,,,,,,,,,,,,,,,,,,,,,,,,,,,,,,,,,,,,,,,,,,,,,,,,,,,,,,,,,,,,nan,,,,,,,,,,,,,,,
714,2589.582763671875,0.025866039097309113,2.5866039097309113,7129.5343980789185,10000,ppo,ppo,crawler,flat,thdot_dth_neighbours_plus_thdot_direct,,,,,,,,,,,,,,,0.0016885267794591568,0,781,0.0,0.0,,,,,,,,,,,,,,,,,,,,,,,,,,,,,,,,,,,,,,,,,,,,,,,,,,,,,,,,,,,,,,,,,,,,,,,,,,nan,,,,,,,,,,,,,,,
715,2646.181396484375,0.026430264115333557,2.6430264115333557,7139.498263835907,10000,ppo,ppo,crawler,flat,thdot_dth_neighbours_plus_thdot_direct,,,,,,,,,,,,,,,0.0025631458641435347,0,781,0.0,0.0,,,,,,,,,,,,,,,,,,,,,,,,,,,,,,,,,,,,,,,,,,,,,,,,,,,,,,,,,,,,,,,,,,,,,,,,,,nan,,,,,,,,,,,,,,,
716,2562.450927734375,0.02559380792081356,2.559380792081356,7149.930915594101,10000,ppo,ppo,crawler,flat,thdot_dth_neighbours_plus_thdot_direct,,,,,,,,,,,,,,,0.0014984128706536993,0,781,0.0,0.0,,,,,,,,,,,,,,,,,,,,,,,,,,,,,,,,,,,,,,,,,,,,,,,,,,,,,,,,,,,,,,,,,,,,,,,,,,nan,,,,,,,,,,,,,,,
717,2540.011474609375,0.02537570521235466,2.537570521235466,7160.434841156006,10000,ppo,ppo,crawler,flat,thdot_dth_neighbours_plus_thdot_direct,,,,,,,,,,,,,,,0.0023254230668161365,0,781,0.0,0.0,,,,,,,,,,,,,,,,,,,,,,,,,,,,,,,,,,,,,,,,,,,,,,,,,,,,,,,,,,,,,,,,,,,,,,,,,,nan,,,,,,,,,,,,,,,
718,2689.130615234375,0.026864562183618546,2.6864562183618546,7171.131707191467,10000,ppo,ppo,crawler,flat,thdot_dth_neighbours_plus_thdot_direct,,,,,,,,,,,,,,,0.0018828943152939723,0,781,0.0,0.0,,,,,,,,,,,,,,,,,,,,,,,,,,,,,,,,,,,,,,,,,,,,,,,,,,,,,,,,,,,,,,,,,,,,,,,,,,nan,,,,,,,,,,,,,,,
719,2728.63232421875,0.0272557120770216,2.72557120770216,7181.299359083176,10000,ppo,ppo,crawler,flat,thdot_dth_neighbours_plus_thdot_direct,,,,,,,,,,,,,,,0.0016620802102288706,0,781,0.0,0.0,,,,,,,,,,,,,,,,,,,,,,,,,,,,,,,,,,,,,,,,,,,,,,,,,,,,,,,,,,,,,,,,,,,,,,,,,,nan,,,,,,,,,,,,,,,
720,2603.802001953125,0.026010027155280113,2.6010027155280113,7191.381697177887,10000,ppo,ppo,crawler,flat,thdot_dth_neighbours_plus_thdot_direct,,,,,,,,,,,,,,,0.0018896174603973501,0,781,0.0,0.0,,,,,,,,,,,,,,,,,,,,,,,,,,,,,,,,,,,,,,,,,,,,,,,,,,,,,,,,,,,,,,,,,,,,,,,,,,nan,,,,,,,,,,,,,,,
721,2786.371826171875,0.02783174067735672,2.783174067735672,7201.492385387421,10000,ppo,ppo,crawler,flat,thdot_dth_neighbours_plus_thdot_direct,,,,,,,,,,,,,,,0.0016350126262344145,0,781,0.0,0.0,,,,,,,,,,,,,,,,,,,,,,,,,,,,,,,,,,,,,,,,,,,,,,,,,,,,,,,,,,,,,,,,,,,,,,,,,,nan,,,,,,,,,,,,,,,
722,2591.11572265625,0.02588442899286747,2.588442899286747,7212.07551407814,10000,ppo,ppo,crawler,flat,thdot_dth_neighbours_plus_thdot_direct,,,,,,,,,,,,,,,0.0029904975640670534,0,781,0.0,0.0,,,,,,,,,,,,,,,,,,,,,,,,,,,,,,,,,,,,,,,,,,,,,,,,,,,,,,,,,,,,,,,,,,,,,,,,,,nan,,,,,,,,,,,,,,,
723,2662.333251953125,0.026596490293741226,2.6596490293741226,7221.814762830734,10000,ppo,ppo,crawler,flat,thdot_dth_neighbours_plus_thdot_direct,,,,,,,,,,,,,,,0.0022323710037803297,0,781,0.0,0.0,,,,,,,,,,,,,,,,,,,,,,,,,,,,,,,,,,,,,,,,,,,,,,,,,,,,,,,,,,,,,,,,,,,,,,,,,,nan,,,,,,,,,,,,,,,
724,2505.39306640625,0.025027558207511902,2.50275582075119,7231.553948163986,10000,ppo,ppo,crawler,flat,thdot_dth_neighbours_plus_thdot_direct,,,,,,,,,,,,,,,0.002379581820419348,0,781,0.0,0.0,,,,,,,,,,,,,,,,,,,,,,,,,,,,,,,,,,,,,,,,,,,,,,,,,,,,,,,,,,,,,,,,,,,,,,,,,,nan,,,,,,,,,,,,,,,
725,2573.0986328125,0.025701293721795082,2.570129372179508,7242.167063474655,10000,ppo,ppo,crawler,flat,thdot_dth_neighbours_plus_thdot_direct,,,,,,,,,,,,,,,0.0021495351102680587,0,781,0.0,0.0,,,,,,,,,,,,,,,,,,,,,,,,,,,,,,,,,,,,,,,,,,,,,,,,,,,,,,,,,,,,,,,,,,,,,,,,,,nan,,,,,,,,,,,,,,,
726,2534.629150390625,0.025318197906017303,2.5318197906017303,7252.007606744766,10000,ppo,ppo,crawler,flat,thdot_dth_neighbours_plus_thdot_direct,,,,,,,,,,,,,,,0.0020310881474204148,0,781,0.0,0.0,,,,,,,,,,,,,,,,,,,,,,,,,,,,,,,,,,,,,,,,,,,,,,,,,,,,,,,,,,,,,,,,,,,,,,,,,,nan,,,,,,,,,,,,,,,
727,2477.561279296875,0.024744728580117226,2.4744728580117226,7262.13970375061,10000,ppo,ppo,crawler,flat,thdot_dth_neighbours_plus_thdot_direct,,,,,,,,,,,,,,,0.001953153171768408,0,781,0.0,0.0,,,,,,,,,,,,,,,,,,,,,,,,,,,,,,,,,,,,,,,,,,,,,,,,,,,,,,,,,,,,,,,,,,,,,,,,,,nan,,,,,,,,,,,,,,,
728,2570.869873046875,0.025680935010313988,2.5680935010313988,7272.112683057785,10000,ppo,ppo,crawler,flat,thdot_dth_neighbours_plus_thdot_direct,,,,,,,,,,,,,,,0.002003540516733445,0,781,0.0,0.0,,,,,,,,,,,,,,,,,,,,,,,,,,,,,,,,,,,,,,,,,,,,,,,,,,,,,,,,,,,,,,,,,,,,,,,,,,nan,,,,,,,,,,,,,,,
729,2578.458740234375,0.025756200775504112,2.5756200775504112,7281.995176792145,10000,ppo,ppo,crawler,flat,thdot_dth_neighbours_plus_thdot_direct,,,,,,,,,,,,,,,0.0021195294155657257,0,781,0.0,0.0,,,,,,,,,,,,,,,,,,,,,,,,,,,,,,,,,,,,,,,,,,,,,,,,,,,,,,,,,,,,,,,,,,,,,,,,,,nan,,,,,,,,,,,,,,,
730,2568.57275390625,0.02565833367407322,2.565833367407322,7292.446896076202,10000,ppo,ppo,crawler,flat,thdot_dth_neighbours_plus_thdot_direct,,,,,,,,,,,,,,,0.0022311923180210486,0,781,0.0,0.0,,,,,,,,,,,,,,,,,,,,,,,,,,,,,,,,,,,,,,,,,,,,,,,,,,,,,,,,,,,,,,,,,,,,,,,,,,nan,,,,,,,,,,,,,,,
731,2606.5625,0.026036333292722702,2.60363332927227,7302.102613449097,10000,ppo,ppo,crawler,flat,thdot_dth_neighbours_plus_thdot_direct,,,,,,,,,,,,,,,0.0028144294710008896,0,781,0.0,0.0,,,,,,,,,,,,,,,,,,,,,,,,,,,,,,,,,,,,,,,,,,,,,,,,,,,,,,,,,,,,,,,,,,,,,,,,,,nan,,,,,,,,,,,,,,,
732,2470.125732421875,0.024678068235516548,2.467806823551655,7312.157686710358,10000,ppo,ppo,crawler,flat,thdot_dth_neighbours_plus_thdot_direct,,,,,,,,,,,,,,,0.00238519181869142,0,781,0.0,0.0,,,,,,,,,,,,,,,,,,,,,,,,,,,,,,,,,,,,,,,,,,,,,,,,,,,,,,,,,,,,,,,,,,,,,,,,,,nan,,,,,,,,,,,,,,,
733,2644.337646484375,0.026419969275593758,2.6419969275593758,7322.289972066879,10000,ppo,ppo,crawler,flat,thdot_dth_neighbours_plus_thdot_direct,,,,,,,,,,,,,,,0.0012845315392815057,0,781,0.0,0.0,,,,,,,,,,,,,,,,,,,,,,,,,,,,,,,,,,,,,,,,,,,,,,,,,,,,,,,,,,,,,,,,,,,,,,,,,,nan,,,,,,,,,,,,,,,
734,2567.358154296875,0.02564740553498268,2.564740553498268,7332.40913271904,10000,ppo,ppo,crawler,flat,thdot_dth_neighbours_plus_thdot_direct,,,,,,,,,,,,,,,0.0018859177915095408,0,781,0.0,0.0,,,,,,,,,,,,,,,,,,,,,,,,,,,,,,,,,,,,,,,,,,,,,,,,,,,,,,,,,,,,,,,,,,,,,,,,,,nan,,,,,,,,,,,,,,,
735,2664.37158203125,0.02661673165857792,2.661673165857792,7342.806109189987,10000,ppo,ppo,crawler,flat,thdot_dth_neighbours_plus_thdot_direct,,,,,,,,,,,,,,,0.0012001280040926415,0,781,0.0,0.0,,,,,,,,,,,,,,,,,,,,,,,,,,,,,,,,,,,,,,,,,,,,,,,,,,,,,,,,,,,,,,,,,,,,,,,,,,nan,,,,,,,,,,,,,,,
736,2549.1162109375,0.02546229213476181,2.546229213476181,7352.4590673446655,10000,ppo,ppo,crawler,flat,thdot_dth_neighbours_plus_thdot_direct,,,,,,,,,,,,,,,0.0025921847368569123,0,781,0.0,0.0,,,,,,,,,,,,,,,,,,,,,,,,,,,,,,,,,,,,,,,,,,,,,,,,,,,,,,,,,,,,,,,,,,,,,,,,,,nan,,,,,,,,,,,,,,,
737,2584.81298828125,0.025818785652518272,2.5818785652518272,7362.648246049881,10000,ppo,ppo,crawler,flat,thdot_dth_neighbours_plus_thdot_direct,,,,,,,,,,,,,,,0.0020554329547268096,0,781,0.0,0.0,,,,,,,,,,,,,,,,,,,,,,,,,,,,,,,,,,,,,,,,,,,,,,,,,,,,,,,,,,,,,,,,,,,,,,,,,,nan,,,,,,,,,,,,,,,
738,2565.516357421875,0.02562917023897171,2.562917023897171,7373.0208287239075,10000,ppo,ppo,crawler,flat,thdot_dth_neighbours_plus_thdot_direct,,,,,,,,,,,,,,,0.001898454948623787,0,781,0.0,0.0,,,,,,,,,,,,,,,,,,,,,,,,,,,,,,,,,,,,,,,,,,,,,,,,,,,,,,,,,,,,,,,,,,,,,,,,,,nan,,,,,,,,,,,,,,,
739,2583.112060546875,0.0258017685264349,2.58017685264349,7382.750074863434,10000,ppo,ppo,crawler,flat,thdot_dth_neighbours_plus_thdot_direct,,,,,,,,,,,,,,,0.0016126548552003463,0,781,0.0,0.0,,,,,,,,,,,,,,,,,,,,,,,,,,,,,,,,,,,,,,,,,,,,,,,,,,,,,,,,,,,,,,,,,,,,,,,,,,nan,,,,,,,,,,,,,,,
740,2503.9677734375,0.025009429082274437,2.5009429082274437,7392.939666986465,10000,ppo,ppo,crawler,flat,thdot_dth_neighbours_plus_thdot_direct,,,,,,,,,,,,,,,0.0021342375160399597,0,781,0.0,0.0,,,,,,,,,,,,,,,,,,,,,,,,,,,,,,,,,,,,,,,,,,,,,,,,,,,,,,,,,,,,,,,,,,,,,,,,,,nan,,,,,,,,,,,,,,,
741,2588.783203125,0.02586468495428562,2.586468495428562,7402.7811822891235,10000,ppo,ppo,crawler,flat,thdot_dth_neighbours_plus_thdot_direct,,,,,,,,,,,,,,,0.0020549509451554936,0,781,0.0,0.0,,,,,,,,,,,,,,,,,,,,,,,,,,,,,,,,,,,,,,,,,,,,,,,,,,,,,,,,,,,,,,,,,,,,,,,,,,nan,,,,,,,,,,,,,,,
742,2579.966796875,0.02576921321451664,2.576921321451664,7412.663360595703,10000,ppo,ppo,crawler,flat,thdot_dth_neighbours_plus_thdot_direct,,,,,,,,,,,,,,,0.002117362261649366,0,781,0.0,0.0,,,,,,,,,,,,,,,,,,,,,,,,,,,,,,,,,,,,,,,,,,,,,,,,,,,,,,,,,,,,,,,,,,,,,,,,,,nan,,,,,,,,,,,,,,,
743,2653.78369140625,0.02650824561715126,2.650824561715126,7422.717972993851,10000,ppo,ppo,crawler,flat,thdot_dth_neighbours_plus_thdot_direct,,,,,,,,,,,,,,,0.0017956626976489871,0,781,0.0,0.0,,,,,,,,,,,,,,,,,,,,,,,,,,,,,,,,,,,,,,,,,,,,,,,,,,,,,,,,,,,,,,,,,,,,,,,,,,nan,,,,,,,,,,,,,,,
744,2548.823974609375,0.025457534939050674,2.5457534939050674,7432.4702870845795,10000,ppo,ppo,crawler,flat,thdot_dth_neighbours_plus_thdot_direct,,,,,,,,,,,,,,,0.002505512078763898,0,781,0.0,0.0,,,,,,,,,,,,,,,,,,,,,,,,,,,,,,,,,,,,,,,,,,,,,,,,,,,,,,,,,,,,,,,,,,,,,,,,,,nan,,,,,,,,,,,,,,,
745,2654.072998046875,0.02651335299015045,2.651335299015045,7442.703009605408,10000,ppo,ppo,crawler,flat,thdot_dth_neighbours_plus_thdot_direct,,,,,,,,,,,,,,,0.0014158447569947031,0,781,0.0,0.0,,,,,,,,,,,,,,,,,,,,,,,,,,,,,,,,,,,,,,,,,,,,,,,,,,,,,,,,,,,,,,,,,,,,,,,,,,nan,,,,,,,,,,,,,,,
746,2643.421630859375,0.02640732377767563,2.640732377767563,7452.524471282959,10000,ppo,ppo,crawler,flat,thdot_dth_neighbours_plus_thdot_direct,,,,,,,,,,,,,,,0.0018893756479916057,0,781,0.0,0.0,,,,,,,,,,,,,,,,,,,,,,,,,,,,,,,,,,,,,,,,,,,,,,,,,,,,,,,,,,,,,,,,,,,,,,,,,,nan,,,,,,,,,,,,,,,
747,2600.241455078125,0.025976965203881264,2.5976965203881264,7462.44783616066,10000,ppo,ppo,crawler,flat,thdot_dth_neighbours_plus_thdot_direct,,,,,,,,,,,,,,,0.0019691544181395983,0,781,0.0,0.0,,,,,,,,,,,,,,,,,,,,,,,,,,,,,,,,,,,,,,,,,,,,,,,,,,,,,,,,,,,,,,,,,,,,,,,,,,nan,,,,,,,,,,,,,,,
748,2586.3271484375,0.02583402581512928,2.583402581512928,7472.800802230835,10000,ppo,ppo,crawler,flat,thdot_dth_neighbours_plus_thdot_direct,,,,,,,,,,,,,,,0.001818882719990853,0,781,0.0,0.0,,,,,,,,,,,,,,,,,,,,,,,,,,,,,,,,,,,,,,,,,,,,,,,,,,,,,,,,,,,,,,,,,,,,,,,,,,nan,,,,,,,,,,,,,,,
749,2677.17626953125,0.02674700878560543,2.674700878560543,7482.712345600128,10000,ppo,ppo,crawler,flat,thdot_dth_neighbours_plus_thdot_direct,,,,,,,,,,,,,,,0.0016451536909888734,0,781,0.0,0.0,,,,,,,,,,,,,,,,,,,,,,,,,,,,,,,,,,,,,,,,,,,,,,,,,,,,,,,,,,,,,,,,,,,,,,,,,,nan,,,,,,,,,,,,,,,
750,2625.3916015625,0.026226550340652466,2.6226550340652466,7492.764485359192,10000,ppo,ppo,crawler,flat,thdot_dth_neighbours_plus_thdot_direct,,,,,,,,,,,,,,,0.00195539403921881,0,781,0.0,0.0,,,,,,,,,,,,,,,,,,,,,,,,,,,,,,,,,,,,,,,,,,,,,,,,,,,,,,,,,,,,,,,,,,,,,,,,,,nan,,,,,,,,,,,,,,,
751,2651.32275390625,0.026484414935112,2.6484414935112,7502.76943397522,10000,ppo,ppo,crawler,flat,thdot_dth_neighbours_plus_thdot_direct,,,,,,,,,,,,,,,0.0016463129554000393,0,781,0.0,0.0,,,,,,,,,,,,,,,,,,,,,,,,,,,,,,,,,,,,,,,,,,,,,,,,,,,,,,,,,,,,,,,,,,,,,,,,,,nan,,,,,,,,,,,,,,,
752,2605.44970703125,0.02602597512304783,2.602597512304783,7512.9069492816925,10000,ppo,ppo,crawler,flat,thdot_dth_neighbours_plus_thdot_direct,,,,,,,,,,,,,,,0.0020706979585162484,0,781,0.0,0.0,,,,,,,,,,,,,,,,,,,,,,,,,,,,,,,,,,,,,,,,,,,,,,,,,,,,,,,,,,,,,,,,,,,,,,,,,,nan,,,,,,,,,,,,,,,
753,2607.791259765625,0.026048364117741585,2.6048364117741585,7522.783329248428,10000,ppo,ppo,crawler,flat,thdot_dth_neighbours_plus_thdot_direct,,,,,,,,,,,,,,,0.001589333688069149,0,781,0.0,0.0,,,,,,,,,,,,,,,,,,,,,,,,,,,,,,,,,,,,,,,,,,,,,,,,,,,,,,,,,,,,,,,,,,,,,,,,,,nan,,,,,,,,,,,,,,,
754,2643.98193359375,0.026409825310111046,2.6409825310111046,7532.594825267792,10000,ppo,ppo,crawler,flat,thdot_dth_neighbours_plus_thdot_direct,,,,,,,,,,,,,,,0.0013791899987049658,0,781,0.0,0.0,,,,,,,,,,,,,,,,,,,,,,,,,,,,,,,,,,,,,,,,,,,,,,,,,,,,,,,,,,,,,,,,,,,,,,,,,,nan,,,,,,,,,,,,,,,
755,2486.4658203125,0.02483724243938923,2.483724243938923,7543.044249534607,10000,ppo,ppo,crawler,flat,thdot_dth_neighbours_plus_thdot_direct,,,,,,,,,,,,,,,0.001238116236226275,0,781,0.0,0.0,,,,,,,,,,,,,,,,,,,,,,,,,,,,,,,,,,,,,,,,,,,,,,,,,,,,,,,,,,,,,,,,,,,,,,,,,,nan,,,,,,,,,,,,,,,
756,2492.61328125,0.02489788457751274,2.489788457751274,7553.140736579895,10000,ppo,ppo,crawler,flat,thdot_dth_neighbours_plus_thdot_direct,,,,,,,,,,,,,,,0.00146782232568675,0,781,0.0,0.0,,,,,,,,,,,,,,,,,,,,,,,,,,,,,,,,,,,,,,,,,,,,,,,,,,,,,,,,,,,,,,,,,,,,,,,,,,nan,,,,,,,,,,,,,,,
757,2684.038818359375,0.026810798794031143,2.6810798794031143,7562.825658559799,10000,ppo,ppo,crawler,flat,thdot_dth_neighbours_plus_thdot_direct,,,,,,,,,,,,,,,0.001656188898520672,0,781,0.0,0.0,,,,,,,,,,,,,,,,,,,,,,,,,,,,,,,,,,,,,,,,,,,,,,,,,,,,,,,,,,,,,,,,,,,,,,,,,,nan,,,,,,,,,,,,,,,
758,2635.286865234375,0.02632649429142475,2.632649429142475,7572.835201740265,10000,ppo,ppo,crawler,flat,thdot_dth_neighbours_plus_thdot_direct,,,,,,,,,,,,,,,0.003512557944801606,0,781,0.0,0.0,,,,,,,,,,,,,,,,,,,,,,,,,,,,,,,,,,,,,,,,,,,,,,,,,,,,,,,,,,,,,,,,,,,,,,,,,,nan,,,,,,,,,,,,,,,
759,2608.83251953125,0.026061300188302994,2.6061300188302994,7582.95651102066,10000,ppo,ppo,crawler,flat,thdot_dth_neighbours_plus_thdot_direct,,,,,,,,,,,,,,,0.0018539239146700688,0,781,0.0,0.0,,,,,,,,,,,,,,,,,,,,,,,,,,,,,,,,,,,,,,,,,,,,,,,,,,,,,,,,,,,,,,,,,,,,,,,,,,nan,,,,,,,,,,,,,,,
760,2581.306640625,0.025784337893128395,2.5784337893128395,7592.840085744858,10000,ppo,ppo,crawler,flat,thdot_dth_neighbours_plus_thdot_direct,,,,,,,,,,,,,,,0.001694211741428987,0,781,0.0,0.0,,,,,,,,,,,,,,,,,,,,,,,,,,,,,,,,,,,,,,,,,,,,,,,,,,,,,,,,,,,,,,,,,,,,,,,,,,nan,,,,,,,,,,,,,,,
761,2544.347412109375,0.025414519011974335,2.5414519011974335,7603.044420957565,10000,ppo,ppo,crawler,flat,thdot_dth_neighbours_plus_thdot_direct,,,,,,,,,,,,,,,0.0013250366666049118,0,781,0.0,0.0,,,,,,,,,,,,,,,,,,,,,,,,,,,,,,,,,,,,,,,,,,,,,,,,,,,,,,,,,,,,,,,,,,,,,,,,,,nan,,,,,,,,,,,,,,,
762,2620.46923828125,0.026177184656262398,2.6177184656262398,7613.126361131668,10000,ppo,ppo,crawler,flat,thdot_dth_neighbours_plus_thdot_direct,,,,,,,,,,,,,,,0.0019238256539556716,0,781,0.0,0.0,,,,,,,,,,,,,,,,,,,,,,,,,,,,,,,,,,,,,,,,,,,,,,,,,,,,,,,,,,,,,,,,,,,,,,,,,,nan,,,,,,,,,,,,,,,
763,2495.584716796875,0.024927355349063873,2.4927355349063873,7623.438543081284,10000,ppo,ppo,crawler,flat,thdot_dth_neighbours_plus_thdot_direct,,,,,,,,,,,,,,,0.0011235549886691987,0,781,0.0,0.0,,,,,,,,,,,,,,,,,,,,,,,,,,,,,,,,,,,,,,,,,,,,,,,,,,,,,,,,,,,,,,,,,,,,,,,,,,nan,,,,,,,,,,,,,,,
764,2592.368408203125,0.025894634425640106,2.5894634425640106,7633.324222564697,10000,ppo,ppo,crawler,flat,thdot_dth_neighbours_plus_thdot_direct,,,,,,,,,,,,,,,0.0014291149732013476,0,781,0.0,0.0,,,,,,,,,,,,,,,,,,,,,,,,,,,,,,,,,,,,,,,,,,,,,,,,,,,,,,,,,,,,,,,,,,,,,,,,,,nan,,,,,,,,,,,,,,,
765,2630.856689453125,0.02628139965236187,2.628139965236187,7643.017733097076,10000,ppo,ppo,crawler,flat,thdot_dth_neighbours_plus_thdot_direct,,,,,,,,,,,,,,,0.002218750386886954,0,781,0.0,0.0,,,,,,,,,,,,,,,,,,,,,,,,,,,,,,,,,,,,,,,,,,,,,,,,,,,,,,,,,,,,,,,,,,,,,,,,,,nan,,,,,,,,,,,,,,,
766,2517.99072265625,0.02515278570353985,2.515278570353985,7652.725471973419,10000,ppo,ppo,crawler,flat,thdot_dth_neighbours_plus_thdot_direct,,,,,,,,,,,,,,,0.0013804230200190099,0,781,0.0,0.0,,,,,,,,,,,,,,,,,,,,,,,,,,,,,,,,,,,,,,,,,,,,,,,,,,,,,,,,,,,,,,,,,,,,,,,,,,nan,,,,,,,,,,,,,,,
767,2569.5849609375,0.02566506341099739,2.566506341099739,7662.97468662262,10000,ppo,ppo,crawler,flat,thdot_dth_neighbours_plus_thdot_direct,,,,,,,,,,,,,,,0.0032298335573714898,0,781,0.0,0.0,,,,,,,,,,,,,,,,,,,,,,,,,,,,,,,,,,,,,,,,,,,,,,,,,,,,,,,,,,,,,,,,,,,,,,,,,,nan,,,,,,,,,,,,,,,
768,2659.100341796875,0.02656393125653267,2.656393125653267,7673.049660682678,10000,ppo,ppo,crawler,flat,thdot_dth_neighbours_plus_thdot_direct,,,,,,,,,,,,,,,0.002047750490486818,0,781,0.0,0.0,,,,,,,,,,,,,,,,,,,,,,,,,,,,,,,,,,,,,,,,,,,,,,,,,,,,,,,,,,,,,,,,,,,,,,,,,,nan,,,,,,,,,,,,,,,
769,2679.224853515625,0.02676386944949627,2.676386944949627,7682.768946886063,10000,ppo,ppo,crawler,flat,thdot_dth_neighbours_plus_thdot_direct,,,,,,,,,,,,,,,0.0016855009277250534,0,781,0.0,0.0,,,,,,,,,,,,,,,,,,,,,,,,,,,,,,,,,,,,,,,,,,,,,,,,,,,,,,,,,,,,,,,,,,,,,,,,,,nan,,,,,,,,,,,,,,,
770,2745.305908203125,0.027420397847890854,2.7420397847890854,7692.625946998596,10000,ppo,ppo,crawler,flat,thdot_dth_neighbours_plus_thdot_direct,,,,,,,,,,,,,,,0.0014275547602097904,0,781,0.0,0.0,,,,,,,,,,,,,,,,,,,,,,,,,,,,,,,,,,,,,,,,,,,,,,,,,,,,,,,,,,,,,,,,,,,,,,,,,,nan,,,,,,,,,,,,,,,
771,2733.63818359375,0.027302196249365807,2.7302196249365807,7702.693058729172,10000,ppo,ppo,crawler,flat,thdot_dth_neighbours_plus_thdot_direct,,,,,,,,,,,,,,,0.001482315664339396,0,781,0.0,0.0,,,,,,,,,,,,,,,,,,,,,,,,,,,,,,,,,,,,,,,,,,,,,,,,,,,,,,,,,,,,,,,,,,,,,,,,,,nan,,,,,,,,,,,,,,,
772,2711.553955078125,0.027087237685918808,2.708723768591881,7712.494898557663,10000,ppo,ppo,crawler,flat,thdot_dth_neighbours_plus_thdot_direct,,,,,,,,,,,,,,,0.0015350535591824388,0,781,0.0,0.0,,,,,,,,,,,,,,,,,,,,,,,,,,,,,,,,,,,,,,,,,,,,,,,,,,,,,,,,,,,,,,,,,,,,,,,,,,nan,,,,,,,,,,,,,,,
773,2730.871826171875,0.027281267568469048,2.7281267568469048,7722.394487142563,10000,ppo,ppo,crawler,flat,thdot_dth_neighbours_plus_thdot_direct,,,,,,,,,,,,,,,0.0020285986942369066,0,781,0.0,0.0,,,,,,,,,,,,,,,,,,,,,,,,,,,,,,,,,,,,,,,,,,,,,,,,,,,,,,,,,,,,,,,,,,,,,,,,,,nan,,,,,,,,,,,,,,,
774,2667.002685546875,0.02663918025791645,2.663918025791645,7732.477913856506,10000,ppo,ppo,crawler,flat,thdot_dth_neighbours_plus_thdot_direct,,,,,,,,,,,,,,,0.001657758594488459,0,781,0.0,0.0,,,,,,,,,,,,,,,,,,,,,,,,,,,,,,,,,,,,,,,,,,,,,,,,,,,,,,,,,,,,,,,,,,,,,,,,,,nan,,,,,,,,,,,,,,,
775,2742.451904296875,0.02739614248275757,2.739614248275757,7742.516345500946,10000,ppo,ppo,crawler,flat,thdot_dth_neighbours_plus_thdot_direct,,,,,,,,,,,,,,,0.002418058819351579,0,781,0.0,0.0,,,,,,,,,,,,,,,,,,,,,,,,,,,,,,,,,,,,,,,,,,,,,,,,,,,,,,,,,,,,,,,,,,,,,,,,,,nan,,,,,,,,,,,,,,,
776,2791.693359375,0.027886714786291122,2.7886714786291122,7752.352581977844,10000,ppo,ppo,crawler,flat,thdot_dth_neighbours_plus_thdot_direct,,,,,,,,,,,,,,,0.0016404105485118387,0,781,0.0,0.0,,,,,,,,,,,,,,,,,,,,,,,,,,,,,,,,,,,,,,,,,,,,,,,,,,,,,,,,,,,,,,,,,,,,,,,,,,nan,,,,,,,,,,,,,,,
777,2697.967529296875,0.02694821171462536,2.694821171462536,7762.366846323013,10000,ppo,ppo,crawler,flat,thdot_dth_neighbours_plus_thdot_direct,,,,,,,,,,,,,,,0.0020713550195852544,0,781,0.0,0.0,,,,,,,,,,,,,,,,,,,,,,,,,,,,,,,,,,,,,,,,,,,,,,,,,,,,,,,,,,,,,,,,,,,,,,,,,,nan,,,,,,,,,,,,,,,
778,2659.9609375,0.026569906622171402,2.65699066221714,7772.293210029602,10000,ppo,ppo,crawler,flat,thdot_dth_neighbours_plus_thdot_direct,,,,,,,,,,,,,,,0.0014744906020767025,0,781,0.0,0.0,,,,,,,,,,,,,,,,,,,,,,,,,,,,,,,,,,,,,,,,,,,,,,,,,,,,,,,,,,,,,,,,,,,,,,,,,,nan,,,,,,,,,,,,,,,
779,2828.90625,0.028258223086595535,2.8258223086595535,7782.059360980988,10000,ppo,ppo,crawler,flat,thdot_dth_neighbours_plus_thdot_direct,,,,,,,,,,,,,,,0.001787901404652434,0,781,0.0,0.0,,,,,,,,,,,,,,,,,,,,,,,,,,,,,,,,,,,,,,,,,,,,,,,,,,,,,,,,,,,,,,,,,,,,,,,,,,nan,,,,,,,,,,,,,,,
780,2780.0078125,0.027769047766923904,2.7769047766923904,7791.645545005798,10000,ppo,ppo,crawler,flat,thdot_dth_neighbours_plus_thdot_direct,,,,,,,,,,,,,,,0.002060481007611959,0,781,0.0,0.0,,,,,,,,,,,,,,,,,,,,,,,,,,,,,,,,,,,,,,,,,,,,,,,,,,,,,,,,,,,,,,,,,,,,,,,,,,nan,,,,,,,,,,,,,,,
781,2771.623779296875,0.027687078341841698,2.7687078341841698,7801.854259490967,10000,ppo,ppo,crawler,flat,thdot_dth_neighbours_plus_thdot_direct,,,,,,,,,,,,,,,0.0017118961943392704,0,781,0.0,0.0,,,,,,,,,,,,,,,,,,,,,,,,,,,,,,,,,,,,,,,,,,,,,,,,,,,,,,,,,,,,,,,,,,,,,,,,,,nan,,,,,,,,,,,,,,,
782,2815.206298828125,0.02812398597598076,2.812398597598076,7811.83283162117,10000,ppo,ppo,crawler,flat,thdot_dth_neighbours_plus_thdot_direct,,,,,,,,,,,,,,,0.0016340901201146953,0,781,0.0,0.0,,,,,,,,,,,,,,,,,,,,,,,,,,,,,,,,,,,,,,,,,,,,,,,,,,,,,,,,,,,,,,,,,,,,,,,,,,nan,,,,,,,,,,,,,,,
783,2701.209716796875,0.026984984055161476,2.6984984055161476,7821.778831481934,10000,ppo,ppo,crawler,flat,thdot_dth_neighbours_plus_thdot_direct,,,,,,,,,,,,,,,0.0027814476468899538,0,781,0.0,0.0,,,,,,,,,,,,,,,,,,,,,,,,,,,,,,,,,,,,,,,,,,,,,,,,,,,,,,,,,,,,,,,,,,,,,,,,,,nan,,,,,,,,,,,,,,,
784,2745.559326171875,0.027426427230238914,2.7426427230238914,7831.5359563827515,10000,ppo,ppo,crawler,flat,thdot_dth_neighbours_plus_thdot_direct,,,,,,,,,,,,,,,0.0018560403007828665,0,781,0.0,0.0,,,,,,,,,,,,,,,,,,,,,,,,,,,,,,,,,,,,,,,,,,,,,,,,,,,,,,,,,,,,,,,,,,,,,,,,,,nan,,,,,,,,,,,,,,,
785,2726.768798828125,0.02724282070994377,2.724282070994377,7841.500181913376,10000,ppo,ppo,crawler,flat,thdot_dth_neighbours_plus_thdot_direct,,,,,,,,,,,,,,,0.002626276314604812,0,781,0.0,0.0,,,,,,,,,,,,,,,,,,,,,,,,,,,,,,,,,,,,,,,,,,,,,,,,,,,,,,,,,,,,,,,,,,,,,,,,,,nan,,,,,,,,,,,,,,,
786,2663.759521484375,0.026608172804117203,2.6608172804117203,7851.21563911438,10000,ppo,ppo,crawler,flat,thdot_dth_neighbours_plus_thdot_direct,,,,,,,,,,,,,,,0.0015663545410908844,0,781,0.0,0.0,,,,,,,,,,,,,,,,,,,,,,,,,,,,,,,,,,,,,,,,,,,,,,,,,,,,,,,,,,,,,,,,,,,,,,,,,,nan,,,,,,,,,,,,,,,
787,2667.640625,0.026645317673683167,2.6645317673683167,7861.215796470642,10000,ppo,ppo,crawler,flat,thdot_dth_neighbours_plus_thdot_direct,,,,,,,,,,,,,,,0.001967673558815902,0,781,0.0,0.0,,,,,,,,,,,,,,,,,,,,,,,,,,,,,,,,,,,,,,,,,,,,,,,,,,,,,,,,,,,,,,,,,,,,,,,,,,nan,,,,,,,,,,,,,,,
788,2746.14697265625,0.0274309441447258,2.74309441447258,7871.37096786499,10000,ppo,ppo,crawler,flat,thdot_dth_neighbours_plus_thdot_direct,,,,,,,,,,,,,,,0.0012012940158080188,0,781,0.0,0.0,,,,,,,,,,,,,,,,,,,,,,,,,,,,,,,,,,,,,,,,,,,,,,,,,,,,,,,,,,,,,,,,,,,,,,,,,,nan,,,,,,,,,,,,,,,
789,2738.5927734375,0.027354629710316658,2.735462971031666,7881.471295595169,10000,ppo,ppo,crawler,flat,thdot_dth_neighbours_plus_thdot_direct,,,,,,,,,,,,,,,0.0016527611430494928,0,781,0.0,0.0,,,,,,,,,,,,,,,,,,,,,,,,,,,,,,,,,,,,,,,,,,,,,,,,,,,,,,,,,,,,,,,,,,,,,,,,,,nan,,,,,,,,,,,,,,,
790,2610.075439453125,0.02607237547636032,2.607237547636032,7891.232905387878,10000,ppo,ppo,crawler,flat,thdot_dth_neighbours_plus_thdot_direct,,,,,,,,,,,,,,,0.002756411708122474,0,781,0.0,0.0,,,,,,,,,,,,,,,,,,,,,,,,,,,,,,,,,,,,,,,,,,,,,,,,,,,,,,,,,,,,,,,,,,,,,,,,,,nan,,,,,,,,,,,,,,,
791,2829.201904296875,0.028256282210350037,2.8256282210350037,7901.238662004471,10000,ppo,ppo,crawler,flat,thdot_dth_neighbours_plus_thdot_direct,,,,,,,,,,,,,,,0.0018699665552391635,0,781,0.0,0.0,,,,,,,,,,,,,,,,,,,,,,,,,,,,,,,,,,,,,,,,,,,,,,,,,,,,,,,,,,,,,,,,,,,,,,,,,,nan,,,,,,,,,,,,,,,
792,2740.861083984375,0.02738461270928383,2.738461270928383,7911.19108247757,10000,ppo,ppo,crawler,flat,thdot_dth_neighbours_plus_thdot_direct,,,,,,,,,,,,,,,0.00182750710653941,0,781,0.0,0.0,,,,,,,,,,,,,,,,,,,,,,,,,,,,,,,,,,,,,,,,,,,,,,,,,,,,,,,,,,,,,,,,,,,,,,,,,,nan,,,,,,,,,,,,,,,
793,2785.639404296875,0.02782614156603813,2.782614156603813,7921.098870515823,10000,ppo,ppo,crawler,flat,thdot_dth_neighbours_plus_thdot_direct,,,,,,,,,,,,,,,0.002321494424929268,0,781,0.0,0.0,,,,,,,,,,,,,,,,,,,,,,,,,,,,,,,,,,,,,,,,,,,,,,,,,,,,,,,,,,,,,,,,,,,,,,,,,,nan,,,,,,,,,,,,,,,
794,2771.369384765625,0.027682943269610405,2.7682943269610405,7931.377464294434,10000,ppo,ppo,crawler,flat,thdot_dth_neighbours_plus_thdot_direct,,,,,,,,,,,,,,,0.0015570352235160282,0,781,0.0,0.0,,,,,,,,,,,,,,,,,,,,,,,,,,,,,,,,,,,,,,,,,,,,,,,,,,,,,,,,,,,,,,,,,,,,,,,,,,nan,,,,,,,,,,,,,,,
795,2760.276123046875,0.027574703097343445,2.7574703097343445,7941.011234283447,10000,ppo,ppo,crawler,flat,thdot_dth_neighbours_plus_thdot_direct,,,,,,,,,,,,,,,0.001848620301036086,0,781,0.0,0.0,,,,,,,,,,,,,,,,,,,,,,,,,,,,,,,,,,,,,,,,,,,,,,,,,,,,,,,,,,,,,,,,,,,,,,,,,,nan,,,,,,,,,,,,,,,
796,2681.84716796875,0.026791704818606377,2.6791704818606377,7950.864363908768,10000,ppo,ppo,crawler,flat,thdot_dth_neighbours_plus_thdot_direct,,,,,,,,,,,,,,,0.0021081304474133648,0,781,0.0,0.0,,,,,,,,,,,,,,,,,,,,,,,,,,,,,,,,,,,,,,,,,,,,,,,,,,,,,,,,,,,,,,,,,,,,,,,,,,nan,,,,,,,,,,,,,,,
797,2672.677490234375,0.026696862652897835,2.6696862652897835,7960.114190578461,10000,ppo,ppo,crawler,flat,thdot_dth_neighbours_plus_thdot_direct,,,,,,,,,,,,,,,0.0020264904709606777,0,781,0.0,0.0,,,,,,,,,,,,,,,,,,,,,,,,,,,,,,,,,,,,,,,,,,,,,,,,,,,,,,,,,,,,,,,,,,,,,,,,,,nan,,,,,,,,,,,,,,,
798,2726.688232421875,0.02723509818315506,2.723509818315506,7969.138552904129,10000,ppo,ppo,crawler,flat,thdot_dth_neighbours_plus_thdot_direct,,,,,,,,,,,,,,,0.0019137872805656143,0,781,0.0,0.0,,,,,,,,,,,,,,,,,,,,,,,,,,,,,,,,,,,,,,,,,,,,,,,,,,,,,,,,,,,,,,,,,,,,,,,,,,nan,,,,,,,,,,,,,,,
799,2697.08203125,0.02694535069167614,2.694535069167614,7978.882219076157,10000,ppo,ppo,crawler,flat,thdot_dth_neighbours_plus_thdot_direct,,,,,,,,,,,,,,,0.0014930529994163935,0,781,0.0,0.0,,,,,,,,,,,,,,,,,,,,,,,,,,,,,,,,,,,,,,,,,,,,,,,,,,,,,,,,,,,,,,,,,,,,,,,,,,nan,,,,,,,,,,,,,,,
800,2724.880615234375,0.027219347655773163,2.7219347655773163,7988.740555763245,10000,ppo,ppo,crawler,flat,thdot_dth_neighbours_plus_thdot_direct,,,,,,,,,,,,,,,0.0015777014971988187,0,781,0.0,0.0,,,,,,,,,,,,,,,,,,,,,,,,,,,,,,,,,,,,,,,,,,,,,,,,,,,,,,,,,,,,,,,,,,,,,,,,,,nan,,,,,,,,,,,,,,,
801,2801.474853515625,0.027983807027339935,2.7983807027339935,7998.577290058136,10000,ppo,ppo,crawler,flat,thdot_dth_neighbours_plus_thdot_direct,,,,,,,,,,,,,,,0.002377624494756592,0,781,0.0,0.0,,,,,,,,,,,,,,,,,,,,,,,,,,,,,,,,,,,,,,,,,,,,,,,,,,,,,,,,,,,,,,,,,,,,,,,,,,nan,,,,,,,,,,,,,,,
802,2826.806884765625,0.028239941224455833,2.8239941224455833,8008.8034818172455,10000,ppo,ppo,crawler,flat,thdot_dth_neighbours_plus_thdot_direct,,,,,,,,,,,,,,,0.0019592439592573947,0,781,0.0,0.0,,,,,,,,,,,,,,,,,,,,,,,,,,,,,,,,,,,,,,,,,,,,,,,,,,,,,,,,,,,,,,,,,,,,,,,,,,nan,,,,,,,,,,,,,,,
803,2664.375,0.026613861322402954,2.6613861322402954,8018.863059520721,10000,ppo,ppo,crawler,flat,thdot_dth_neighbours_plus_thdot_direct,,,,,,,,,,,,,,,0.0019291648908656219,0,781,0.0,0.0,,,,,,,,,,,,,,,,,,,,,,,,,,,,,,,,,,,,,,,,,,,,,,,,,,,,,,,,,,,,,,,,,,,,,,,,,,nan,,,,,,,,,,,,,,,
804,2834.253662109375,0.02831202931702137,2.831202931702137,8028.758656263351,10000,ppo,ppo,crawler,flat,thdot_dth_neighbours_plus_thdot_direct,,,,,,,,,,,,,,,0.0013615144554266958,0,781,0.0,0.0,,,,,,,,,,,,,,,,,,,,,,,,,,,,,,,,,,,,,,,,,,,,,,,,,,,,,,,,,,,,,,,,,,,,,,,,,,nan,,,,,,,,,,,,,,,
805,2748.421630859375,0.027456939220428467,2.7456939220428467,8038.538787603378,10000,ppo,ppo,crawler,flat,thdot_dth_neighbours_plus_thdot_direct,,,,,,,,,,,,,,,0.0027697339142010633,0,781,0.0,0.0,,,,,,,,,,,,,,,,,,,,,,,,,,,,,,,,,,,,,,,,,,,,,,,,,,,,,,,,,,,,,,,,,,,,,,,,,,nan,,,,,,,,,,,,,,,
806,2759.76416015625,0.027572307735681534,2.7572307735681534,8048.446293830872,10000,ppo,ppo,crawler,flat,thdot_dth_neighbours_plus_thdot_direct,,,,,,,,,,,,,,,0.0019045670067005254,0,781,0.0,0.0,,,,,,,,,,,,,,,,,,,,,,,,,,,,,,,,,,,,,,,,,,,,,,,,,,,,,,,,,,,,,,,,,,,,,,,,,,nan,,,,,,,,,,,,,,,
807,2766.5419921875,0.027637794613838196,2.7637794613838196,8059.238806009293,10000,ppo,ppo,crawler,flat,thdot_dth_neighbours_plus_thdot_direct,,,,,,,,,,,,,,,0.0018817229145779092,0,781,0.0,0.0,,,,,,,,,,,,,,,,,,,,,,,,,,,,,,,,,,,,,,,,,,,,,,,,,,,,,,,,,,,,,,,,,,,,,,,,,,nan,,,,,,,,,,,,,,,
808,2838.24072265625,0.02835383266210556,2.835383266210556,8069.027649879456,10000,ppo,ppo,crawler,flat,thdot_dth_neighbours_plus_thdot_direct,,,,,,,,,,,,,,,0.0019809475868862725,0,781,0.0,0.0,,,,,,,,,,,,,,,,,,,,,,,,,,,,,,,,,,,,,,,,,,,,,,,,,,,,,,,,,,,,,,,,,,,,,,,,,,nan,,,,,,,,,,,,,,,
809,2645.61474609375,0.026428544893860817,2.6428544893860817,8079.186274290085,10000,ppo,ppo,crawler,flat,thdot_dth_neighbours_plus_thdot_direct,,,,,,,,,,,,,,,0.0020225853532197754,0,781,0.0,0.0,,,,,,,,,,,,,,,,,,,,,,,,,,,,,,,,,,,,,,,,,,,,,,,,,,,,,,,,,,,,,,,,,,,,,,,,,,nan,,,,,,,,,,,,,,,
810,2761.698974609375,0.027589159086346626,2.7589159086346626,8089.420481920242,10000,ppo,ppo,crawler,flat,thdot_dth_neighbours_plus_thdot_direct,,,,,,,,,,,,,,,0.0015011165805239386,0,781,0.0,0.0,,,,,,,,,,,,,,,,,,,,,,,,,,,,,,,,,,,,,,,,,,,,,,,,,,,,,,,,,,,,,,,,,,,,,,,,,,nan,,,,,,,,,,,,,,,
811,2828.218505859375,0.02825443632900715,2.825443632900715,8099.151058912277,10000,ppo,ppo,crawler,flat,thdot_dth_neighbours_plus_thdot_direct,,,,,,,,,,,,,,,0.0019391149680720963,0,781,0.0,0.0,,,,,,,,,,,,,,,,,,,,,,,,,,,,,,,,,,,,,,,,,,,,,,,,,,,,,,,,,,,,,,,,,,,,,,,,,,nan,,,,,,,,,,,,,,,
812,2869.718017578125,0.028665922582149506,2.8665922582149506,8109.058089733124,10000,ppo,ppo,crawler,flat,thdot_dth_neighbours_plus_thdot_direct,,,,,,,,,,,,,,,0.002551294151727838,0,781,0.0,0.0,,,,,,,,,,,,,,,,,,,,,,,,,,,,,,,,,,,,,,,,,,,,,,,,,,,,,,,,,,,,,,,,,,,,,,,,,,nan,,,,,,,,,,,,,,,
813,2799.365966796875,0.02796301804482937,2.796301804482937,8118.937136888504,10000,ppo,ppo,crawler,flat,thdot_dth_neighbours_plus_thdot_direct,,,,,,,,,,,,,,,0.0015749158345625242,0,781,0.0,0.0,,,,,,,,,,,,,,,,,,,,,,,,,,,,,,,,,,,,,,,,,,,,,,,,,,,,,,,,,,,,,,,,,,,,,,,,,,nan,,,,,,,,,,,,,,,
814,2795.6328125,0.02792491391301155,2.792491391301155,8129.183718204498,10000,ppo,ppo,crawler,flat,thdot_dth_neighbours_plus_thdot_direct,,,,,,,,,,,,,,,0.002113266773163832,0,781,0.0,0.0,,,,,,,,,,,,,,,,,,,,,,,,,,,,,,,,,,,,,,,,,,,,,,,,,,,,,,,,,,,,,,,,,,,,,,,,,,nan,,,,,,,,,,,,,,,
815,2708.626953125,0.0270595271140337,2.70595271140337,8139.532930135727,10000,ppo,ppo,crawler,flat,thdot_dth_neighbours_plus_thdot_direct,,,,,,,,,,,,,,,0.0015766524631231486,0,781,0.0,0.0,,,,,,,,,,,,,,,,,,,,,,,,,,,,,,,,,,,,,,,,,,,,,,,,,,,,,,,,,,,,,,,,,,,,,,,,,,nan,,,,,,,,,,,,,,,
816,2765.300537109375,0.027625566348433495,2.7625566348433495,8149.495085954666,10000,ppo,ppo,crawler,flat,thdot_dth_neighbours_plus_thdot_direct,,,,,,,,,,,,,,,0.002532318057868354,0,781,0.0,0.0,,,,,,,,,,,,,,,,,,,,,,,,,,,,,,,,,,,,,,,,,,,,,,,,,,,,,,,,,,,,,,,,,,,,,,,,,,nan,,,,,,,,,,,,,,,
817,2801.00244140625,0.02797819674015045,2.797819674015045,8159.516520023346,10000,ppo,ppo,crawler,flat,thdot_dth_neighbours_plus_thdot_direct,,,,,,,,,,,,,,,0.002296911467090842,0,781,0.0,0.0,,,,,,,,,,,,,,,,,,,,,,,,,,,,,,,,,,,,,,,,,,,,,,,,,,,,,,,,,,,,,,,,,,,,,,,,,,nan,,,,,,,,,,,,,,,
818,2784.02783203125,0.02781274914741516,2.781274914741516,8169.8549110889435,10000,ppo,ppo,crawler,flat,thdot_dth_neighbours_plus_thdot_direct,,,,,,,,,,,,,,,0.0021330223835740025,0,781,0.0,0.0,,,,,,,,,,,,,,,,,,,,,,,,,,,,,,,,,,,,,,,,,,,,,,,,,,,,,,,,,,,,,,,,,,,,,,,,,,nan,,,,,,,,,,,,,,,
819,2840.374267578125,0.028374865651130676,2.8374865651130676,8179.453143119812,10000,ppo,ppo,crawler,flat,thdot_dth_neighbours_plus_thdot_direct,,,,,,,,,,,,,,,0.0025542161455913244,0,781,0.0,0.0,,,,,,,,,,,,,,,,,,,,,,,,,,,,,,,,,,,,,,,,,,,,,,,,,,,,,,,,,,,,,,,,,,,,,,,,,,nan,,,,,,,,,,,,,,,
820,2805.201171875,0.028021514415740967,2.8021514415740967,8189.5664274692535,10000,ppo,ppo,crawler,flat,thdot_dth_neighbours_plus_thdot_direct,,,,,,,,,,,,,,,0.002091908255985384,0,781,0.0,0.0,,,,,,,,,,,,,,,,,,,,,,,,,,,,,,,,,,,,,,,,,,,,,,,,,,,,,,,,,,,,,,,,,,,,,,,,,,nan,,,,,,,,,,,,,,,
821,2827.416748046875,0.028245629742741585,2.8245629742741585,8199.534259319305,10000,ppo,ppo,crawler,flat,thdot_dth_neighbours_plus_thdot_direct,,,,,,,,,,,,,,,0.002274079199478237,0,781,0.0,0.0,,,,,,,,,,,,,,,,,,,,,,,,,,,,,,,,,,,,,,,,,,,,,,,,,,,,,,,,,,,,,,,,,,,,,,,,,,nan,,,,,,,,,,,,,,,
822,2718.468505859375,0.027154063805937767,2.7154063805937767,8209.316611528397,10000,ppo,ppo,crawler,flat,thdot_dth_neighbours_plus_thdot_direct,,,,,,,,,,,,,,,0.002089887097249823,0,781,0.0,0.0,,,,,,,,,,,,,,,,,,,,,,,,,,,,,,,,,,,,,,,,,,,,,,,,,,,,,,,,,,,,,,,,,,,,,,,,,,nan,,,,,,,,,,,,,,,
823,2817.987548828125,0.028150979429483414,2.8150979429483414,8219.169399738312,10000,ppo,ppo,crawler,flat,thdot_dth_neighbours_plus_thdot_direct,,,,,,,,,,,,,,,0.0014638965184322666,0,781,0.0,0.0,,,,,,,,,,,,,,,,,,,,,,,,,,,,,,,,,,,,,,,,,,,,,,,,,,,,,,,,,,,,,,,,,,,,,,,,,,nan,,,,,,,,,,,,,,,
824,2734.394775390625,0.027318382635712624,2.7318382635712624,8228.631018400192,10000,ppo,ppo,crawler,flat,thdot_dth_neighbours_plus_thdot_direct,,,,,,,,,,,,,,,0.0016605232659526832,0,781,0.0,0.0,,,,,,,,,,,,,,,,,,,,,,,,,,,,,,,,,,,,,,,,,,,,,,,,,,,,,,,,,,,,,,,,,,,,,,,,,,nan,,,,,,,,,,,,,,,
825,2792.996826171875,0.02790232188999653,2.790232188999653,8239.02832865715,10000,ppo,ppo,crawler,flat,thdot_dth_neighbours_plus_thdot_direct,,,,,,,,,,,,,,,0.0020974384668803773,0,781,0.0,0.0,,,,,,,,,,,,,,,,,,,,,,,,,,,,,,,,,,,,,,,,,,,,,,,,,,,,,,,,,,,,,,,,,,,,,,,,,,nan,,,,,,,,,,,,,,,
826,2694.413818359375,0.026913439854979515,2.6913439854979515,8248.638488769531,10000,ppo,ppo,crawler,flat,thdot_dth_neighbours_plus_thdot_direct,,,,,,,,,,,,,,,0.0017604633883636684,0,781,0.0,0.0,,,,,,,,,,,,,,,,,,,,,,,,,,,,,,,,,,,,,,,,,,,,,,,,,,,,,,,,,,,,,,,,,,,,,,,,,,nan,,,,,,,,,,,,,,,
827,2777.989990234375,0.027748826891183853,2.7748826891183853,8258.425383806229,10000,ppo,ppo,crawler,flat,thdot_dth_neighbours_plus_thdot_direct,,,,,,,,,,,,,,,0.0029247946114658156,0,781,0.0,0.0,,,,,,,,,,,,,,,,,,,,,,,,,,,,,,,,,,,,,,,,,,,,,,,,,,,,,,,,,,,,,,,,,,,,,,,,,,nan,,,,,,,,,,,,,,,
828,2799.72900390625,0.027972254902124405,2.7972254902124405,8268.497853279114,10000,ppo,ppo,crawler,flat,thdot_dth_neighbours_plus_thdot_direct,,,,,,,,,,,,,,,0.0023046790950347444,0,781,0.0,0.0,,,,,,,,,,,,,,,,,,,,,,,,,,,,,,,,,,,,,,,,,,,,,,,,,,,,,,,,,,,,,,,,,,,,,,,,,,nan,,,,,,,,,,,,,,,
829,2787.534423828125,0.02784271165728569,2.784271165728569,8278.190096855164,10000,ppo,ppo,crawler,flat,thdot_dth_neighbours_plus_thdot_direct,,,,,,,,,,,,,,,0.0022066196425703194,0,781,0.0,0.0,,,,,,,,,,,,,,,,,,,,,,,,,,,,,,,,,,,,,,,,,,,,,,,,,,,,,,,,,,,,,,,,,,,,,,,,,,nan,,,,,,,,,,,,,,,
830,2821.078125,0.028178222477436066,2.8178222477436066,8288.170725107193,10000,ppo,ppo,crawler,flat,thdot_dth_neighbours_plus_thdot_direct,,,,,,,,,,,,,,,0.0018732240144442944,0,781,0.0,0.0,,,,,,,,,,,,,,,,,,,,,,,,,,,,,,,,,,,,,,,,,,,,,,,,,,,,,,,,,,,,,,,,,,,,,,,,,,nan,,,,,,,,,,,,,,,
831,2834.891845703125,0.028317488729953766,2.8317488729953766,8298.06134057045,10000,ppo,ppo,crawler,flat,thdot_dth_neighbours_plus_thdot_direct,,,,,,,,,,,,,,,0.001060452319569833,0,781,0.0,0.0,,,,,,,,,,,,,,,,,,,,,,,,,,,,,,,,,,,,,,,,,,,,,,,,,,,,,,,,,,,,,,,,,,,,,,,,,,nan,,,,,,,,,,,,,,,
832,2894.077880859375,0.028908757492899895,2.8908757492899895,8307.849581003189,10000,ppo,ppo,crawler,flat,thdot_dth_neighbours_plus_thdot_direct,,,,,,,,,,,,,,,0.0013704711706597802,0,781,0.0,0.0,,,,,,,,,,,,,,,,,,,,,,,,,,,,,,,,,,,,,,,,,,,,,,,,,,,,,,,,,,,,,,,,,,,,,,,,,,nan,,,,,,,,,,,,,,,
833,2859.119873046875,0.028559187427163124,2.8559187427163124,8318.400552511215,10000,ppo,ppo,crawler,flat,thdot_dth_neighbours_plus_thdot_direct,,,,,,,,,,,,,,,0.0014827105428792192,0,781,0.0,0.0,,,,,,,,,,,,,,,,,,,,,,,,,,,,,,,,,,,,,,,,,,,,,,,,,,,,,,,,,,,,,,,,,,,,,,,,,,nan,,,,,,,,,,,,,,,
834,2801.29736328125,0.02798067033290863,2.798067033290863,8327.90853190422,10000,ppo,ppo,crawler,flat,thdot_dth_neighbours_plus_thdot_direct,,,,,,,,,,,,,,,0.0019726011829376815,0,781,0.0,0.0,,,,,,,,,,,,,,,,,,,,,,,,,,,,,,,,,,,,,,,,,,,,,,,,,,,,,,,,,,,,,,,,,,,,,,,,,,nan,,,,,,,,,,,,,,,
835,2676.82275390625,0.026737835258245468,2.673783525824547,8337.678509950638,10000,ppo,ppo,crawler,flat,thdot_dth_neighbours_plus_thdot_direct,,,,,,,,,,,,,,,0.002910215798266445,0,781,0.0,0.0,,,,,,,,,,,,,,,,,,,,,,,,,,,,,,,,,,,,,,,,,,,,,,,,,,,,,,,,,,,,,,,,,,,,,,,,,,nan,,,,,,,,,,,,,,,
836,2899.482421875,0.028966698795557022,2.896669879555702,8347.99958372116,10000,ppo,ppo,crawler,flat,thdot_dth_neighbours_plus_thdot_direct,,,,,,,,,,,,,,,0.0016033138601738715,0,781,0.0,0.0,,,,,,,,,,,,,,,,,,,,,,,,,,,,,,,,,,,,,,,,,,,,,,,,,,,,,,,,,,,,,,,,,,,,,,,,,,nan,,,,,,,,,,,,,,,
837,2778.9208984375,0.027756810188293457,2.7756810188293457,8357.44061589241,10000,ppo,ppo,crawler,flat,thdot_dth_neighbours_plus_thdot_direct,,,,,,,,,,,,,,,0.0013380032941521997,0,781,0.0,0.0,,,,,,,,,,,,,,,,,,,,,,,,,,,,,,,,,,,,,,,,,,,,,,,,,,,,,,,,,,,,,,,,,,,,,,,,,,nan,,,,,,,,,,,,,,,
838,2846.238037109375,0.028433727100491524,2.8433727100491524,8367.5878636837,10000,ppo,ppo,crawler,flat,thdot_dth_neighbours_plus_thdot_direct,,,,,,,,,,,,,,,0.0016952281582622505,0,781,0.0,0.0,,,,,,,,,,,,,,,,,,,,,,,,,,,,,,,,,,,,,,,,,,,,,,,,,,,,,,,,,,,,,,,,,,,,,,,,,,nan,,,,,,,,,,,,,,,
839,2787.325927734375,0.027845531702041626,2.7845531702041626,8377.302726984024,10000,ppo,ppo,crawler,flat,thdot_dth_neighbours_plus_thdot_direct,,,,,,,,,,,,,,,0.0018049571973312716,0,781,0.0,0.0,,,,,,,,,,,,,,,,,,,,,,,,,,,,,,,,,,,,,,,,,,,,,,,,,,,,,,,,,,,,,,,,,,,,,,,,,,nan,,,,,,,,,,,,,,,
840,2824.93505859375,0.02821672335267067,2.821672335267067,8387.059525966644,10000,ppo,ppo,crawler,flat,thdot_dth_neighbours_plus_thdot_direct,,,,,,,,,,,,,,,0.002485222756146103,0,781,0.0,0.0,,,,,,,,,,,,,,,,,,,,,,,,,,,,,,,,,,,,,,,,,,,,,,,,,,,,,,,,,,,,,,,,,,,,,,,,,,nan,,,,,,,,,,,,,,,
841,2790.404296875,0.02787410281598568,2.787410281598568,8397.354933261871,10000,ppo,ppo,crawler,flat,thdot_dth_neighbours_plus_thdot_direct,,,,,,,,,,,,,,,0.0025628586970845328,0,781,0.0,0.0,,,,,,,,,,,,,,,,,,,,,,,,,,,,,,,,,,,,,,,,,,,,,,,,,,,,,,,,,,,,,,,,,,,,,,,,,,nan,,,,,,,,,,,,,,,
842,2791.950927734375,0.027890855446457863,2.7890855446457863,8407.272694349289,10000,ppo,ppo,crawler,flat,thdot_dth_neighbours_plus_thdot_direct,,,,,,,,,,,,,,,0.002526659229967853,0,781,0.0,0.0,,,,,,,,,,,,,,,,,,,,,,,,,,,,,,,,,,,,,,,,,,,,,,,,,,,,,,,,,,,,,,,,,,,,,,,,,,nan,,,,,,,,,,,,,,,
843,2736.85595703125,0.027336273342370987,2.7336273342370987,8417.349883079529,10000,ppo,ppo,crawler,flat,thdot_dth_neighbours_plus_thdot_direct,,,,,,,,,,,,,,,0.0027692765117870986,0,781,0.0,0.0,,,,,,,,,,,,,,,,,,,,,,,,,,,,,,,,,,,,,,,,,,,,,,,,,,,,,,,,,,,,,,,,,,,,,,,,,,nan,,,,,,,,,,,,,,,
844,2779.08154296875,0.02776160277426243,2.776160277426243,8427.171004533768,10000,ppo,ppo,crawler,flat,thdot_dth_neighbours_plus_thdot_direct,,,,,,,,,,,,,,,0.001946118095661937,0,781,0.0,0.0,,,,,,,,,,,,,,,,,,,,,,,,,,,,,,,,,,,,,,,,,,,,,,,,,,,,,,,,,,,,,,,,,,,,,,,,,,nan,,,,,,,,,,,,,,,
845,2768.49072265625,0.027655547484755516,2.7655547484755516,8436.905985593796,10000,ppo,ppo,crawler,flat,thdot_dth_neighbours_plus_thdot_direct,,,,,,,,,,,,,,,0.0016461641185164732,0,781,0.0,0.0,,,,,,,,,,,,,,,,,,,,,,,,,,,,,,,,,,,,,,,,,,,,,,,,,,,,,,,,,,,,,,,,,,,,,,,,,,nan,,,,,,,,,,,,,,,
846,2810.58740234375,0.028075961396098137,2.8075961396098137,8447.030393838882,10000,ppo,ppo,crawler,flat,thdot_dth_neighbours_plus_thdot_direct,,,,,,,,,,,,,,,0.0018411784268546434,0,781,0.0,0.0,,,,,,,,,,,,,,,,,,,,,,,,,,,,,,,,,,,,,,,,,,,,,,,,,,,,,,,,,,,,,,,,,,,,,,,,,,nan,,,,,,,,,,,,,,,
847,2695.740234375,0.026928484439849854,2.6928484439849854,8457.177819728851,10000,ppo,ppo,crawler,flat,thdot_dth_neighbours_plus_thdot_direct,,,,,,,,,,,,,,,0.0024992185252973773,0,781,0.0,0.0,,,,,,,,,,,,,,,,,,,,,,,,,,,,,,,,,,,,,,,,,,,,,,,,,,,,,,,,,,,,,,,,,,,,,,,,,,nan,,,,,,,,,,,,,,,
848,2824.48291015625,0.028213568031787872,2.8213568031787872,8467.283421754837,10000,ppo,ppo,crawler,flat,thdot_dth_neighbours_plus_thdot_direct,,,,,,,,,,,,,,,0.0014770491732414741,0,781,0.0,0.0,,,,,,,,,,,,,,,,,,,,,,,,,,,,,,,,,,,,,,,,,,,,,,,,,,,,,,,,,,,,,,,,,,,,,,,,,,nan,,,,,,,,,,,,,,,
849,2791.98291015625,0.02788960561156273,2.788960561156273,8477.489356279373,10000,ppo,ppo,crawler,flat,thdot_dth_neighbours_plus_thdot_direct,,,,,,,,,,,,,,,0.001958184109234114,0,781,0.0,0.0,,,,,,,,,,,,,,,,,,,,,,,,,,,,,,,,,,,,,,,,,,,,,,,,,,,,,,,,,,,,,,,,,,,,,,,,,,nan,,,,,,,,,,,,,,,
850,2707.489013671875,0.027044465765357018,2.7044465765357018,8487.333284854889,10000,ppo,ppo,crawler,flat,thdot_dth_neighbours_plus_thdot_direct,,,,,,,,,,,,,,,0.0020283527966120474,0,781,0.0,0.0,,,,,,,,,,,,,,,,,,,,,,,,,,,,,,,,,,,,,,,,,,,,,,,,,,,,,,,,,,,,,,,,,,,,,,,,,,nan,,,,,,,,,,,,,,,
851,2788.384521484375,0.02785388194024563,2.785388194024563,8497.735471487045,10000,ppo,ppo,crawler,flat,thdot_dth_neighbours_plus_thdot_direct,,,,,,,,,,,,,,,0.0029016663031737745,0,781,0.0,0.0,,,,,,,,,,,,,,,,,,,,,,,,,,,,,,,,,,,,,,,,,,,,,,,,,,,,,,,,,,,,,,,,,,,,,,,,,,nan,,,,,,,,,,,,,,,
852,2684.6142578125,0.02681722305715084,2.681722305715084,8507.668530702591,10000,ppo,ppo,crawler,flat,thdot_dth_neighbours_plus_thdot_direct,,,,,,,,,,,,,,,0.0033546321017571003,0,781,0.0,0.0,,,,,,,,,,,,,,,,,,,,,,,,,,,,,,,,,,,,,,,,,,,,,,,,,,,,,,,,,,,,,,,,,,,,,,,,,,nan,,,,,,,,,,,,,,,
853,2744.398193359375,0.02741432748734951,2.741432748734951,8517.596494674683,10000,ppo,ppo,crawler,flat,thdot_dth_neighbours_plus_thdot_direct,,,,,,,,,,,,,,,0.0034152962192462613,0,781,0.0,0.0,,,,,,,,,,,,,,,,,,,,,,,,,,,,,,,,,,,,,,,,,,,,,,,,,,,,,,,,,,,,,,,,,,,,,,,,,,nan,,,,,,,,,,,,,,,
854,2678.366943359375,0.02675361931324005,2.675361931324005,8527.890360116959,10000,ppo,ppo,crawler,flat,thdot_dth_neighbours_plus_thdot_direct,,,,,,,,,,,,,,,0.002859559014297711,0,781,0.0,0.0,,,,,,,,,,,,,,,,,,,,,,,,,,,,,,,,,,,,,,,,,,,,,,,,,,,,,,,,,,,,,,,,,,,,,,,,,,nan,,,,,,,,,,,,,,,
855,2689.731689453125,0.026870207861065865,2.6870207861065865,8537.554115533829,10000,ppo,ppo,crawler,flat,thdot_dth_neighbours_plus_thdot_direct,,,,,,,,,,,,,,,0.0020218687248424396,0,781,0.0,0.0,,,,,,,,,,,,,,,,,,,,,,,,,,,,,,,,,,,,,,,,,,,,,,,,,,,,,,,,,,,,,,,,,,,,,,,,,,nan,,,,,,,,,,,,,,,
856,2650.181396484375,0.026473086327314377,2.6473086327314377,8547.586476564407,10000,ppo,ppo,crawler,flat,thdot_dth_neighbours_plus_thdot_direct,,,,,,,,,,,,,,,0.0017146616100822537,0,781,0.0,0.0,,,,,,,,,,,,,,,,,,,,,,,,,,,,,,,,,,,,,,,,,,,,,,,,,,,,,,,,,,,,,,,,,,,,,,,,,,nan,,,,,,,,,,,,,,,
857,2758.880859375,0.02755751833319664,2.755751833319664,8557.342109680176,10000,ppo,ppo,crawler,flat,thdot_dth_neighbours_plus_thdot_direct,,,,,,,,,,,,,,,0.0016992229768835437,0,781,0.0,0.0,,,,,,,,,,,,,,,,,,,,,,,,,,,,,,,,,,,,,,,,,,,,,,,,,,,,,,,,,,,,,,,,,,,,,,,,,,nan,,,,,,,,,,,,,,,
858,2729.870361328125,0.02727438323199749,2.727438323199749,8567.270033836365,10000,ppo,ppo,crawler,flat,thdot_dth_neighbours_plus_thdot_direct,,,,,,,,,,,,,,,0.0019623845148366613,0,781,0.0,0.0,,,,,,,,,,,,,,,,,,,,,,,,,,,,,,,,,,,,,,,,,,,,,,,,,,,,,,,,,,,,,,,,,,,,,,,,,,nan,,,,,,,,,,,,,,,
859,2740.169189453125,0.027370085939764977,2.7370085939764977,8577.403223991394,10000,ppo,ppo,crawler,flat,thdot_dth_neighbours_plus_thdot_direct,,,,,,,,,,,,,,,0.0021735906716393925,0,781,0.0,0.0,,,,,,,,,,,,,,,,,,,,,,,,,,,,,,,,,,,,,,,,,,,,,,,,,,,,,,,,,,,,,,,,,,,,,,,,,,nan,,,,,,,,,,,,,,,
860,2747.219482421875,0.02744242548942566,2.744242548942566,8587.26689004898,10000,ppo,ppo,crawler,flat,thdot_dth_neighbours_plus_thdot_direct,,,,,,,,,,,,,,,0.0019900838901977178,0,781,0.0,0.0,,,,,,,,,,,,,,,,,,,,,,,,,,,,,,,,,,,,,,,,,,,,,,,,,,,,,,,,,,,,,,,,,,,,,,,,,,nan,,,,,,,,,,,,,,,
861,2744.086181640625,0.027414128184318542,2.7414128184318542,8597.191204071045,10000,ppo,ppo,crawler,flat,thdot_dth_neighbours_plus_thdot_direct,,,,,,,,,,,,,,,0.0014517205273232169,0,781,0.0,0.0,,,,,,,,,,,,,,,,,,,,,,,,,,,,,,,,,,,,,,,,,,,,,,,,,,,,,,,,,,,,,,,,,,,,,,,,,,nan,,,,,,,,,,,,,,,
862,2847.667724609375,0.02845039963722229,2.845039963722229,8607.332252979279,10000,ppo,ppo,crawler,flat,thdot_dth_neighbours_plus_thdot_direct,,,,,,,,,,,,,,,0.0026257945010677427,0,781,0.0,0.0,,,,,,,,,,,,,,,,,,,,,,,,,,,,,,,,,,,,,,,,,,,,,,,,,,,,,,,,,,,,,,,,,,,,,,,,,,nan,,,,,,,,,,,,,,,
863,2700.497314453125,0.026977065950632095,2.6977065950632095,8617.503370285034,10000,ppo,ppo,crawler,flat,thdot_dth_neighbours_plus_thdot_direct,,,,,,,,,,,,,,,0.001428056329330056,0,781,0.0,0.0,,,,,,,,,,,,,,,,,,,,,,,,,,,,,,,,,,,,,,,,,,,,,,,,,,,,,,,,,,,,,,,,,,,,,,,,,,nan,,,,,,,,,,,,,,,
864,2654.29638671875,0.02651960402727127,2.651960402727127,8627.570266485214,10000,ppo,ppo,crawler,flat,thdot_dth_neighbours_plus_thdot_direct,,,,,,,,,,,,,,,0.0017831624353944584,0,781,0.0,0.0,,,,,,,,,,,,,,,,,,,,,,,,,,,,,,,,,,,,,,,,,,,,,,,,,,,,,,,,,,,,,,,,,,,,,,,,,,nan,,,,,,,,,,,,,,,
865,2718.073974609375,0.027155455201864243,2.7155455201864243,8637.596886396408,10000,ppo,ppo,crawler,flat,thdot_dth_neighbours_plus_thdot_direct,,,,,,,,,,,,,,,0.001688768043979645,0,781,0.0,0.0,,,,,,,,,,,,,,,,,,,,,,,,,,,,,,,,,,,,,,,,,,,,,,,,,,,,,,,,,,,,,,,,,,,,,,,,,,nan,,,,,,,,,,,,,,,
866,2737.398681640625,0.02734694816172123,2.734694816172123,8647.575578689575,10000,ppo,ppo,crawler,flat,thdot_dth_neighbours_plus_thdot_direct,,,,,,,,,,,,,,,0.00181650079471522,0,781,0.0,0.0,,,,,,,,,,,,,,,,,,,,,,,,,,,,,,,,,,,,,,,,,,,,,,,,,,,,,,,,,,,,,,,,,,,,,,,,,,nan,,,,,,,,,,,,,,,
867,2694.845703125,0.02692001312971115,2.692001312971115,8657.368522405624,10000,ppo,ppo,crawler,flat,thdot_dth_neighbours_plus_thdot_direct,,,,,,,,,,,,,,,0.002357122251389517,0,781,0.0,0.0,,,,,,,,,,,,,,,,,,,,,,,,,,,,,,,,,,,,,,,,,,,,,,,,,,,,,,,,,,,,,,,,,,,,,,,,,,nan,,,,,,,,,,,,,,,
868,2718.712890625,0.02715509571135044,2.715509571135044,8667.49762058258,10000,ppo,ppo,crawler,flat,thdot_dth_neighbours_plus_thdot_direct,,,,,,,,,,,,,,,0.0013240363559778767,0,781,0.0,0.0,,,,,,,,,,,,,,,,,,,,,,,,,,,,,,,,,,,,,,,,,,,,,,,,,,,,,,,,,,,,,,,,,,,,,,,,,,nan,,,,,,,,,,,,,,,
869,2735.206787109375,0.027322301641106606,2.7322301641106606,8677.39044046402,10000,ppo,ppo,crawler,flat,thdot_dth_neighbours_plus_thdot_direct,,,,,,,,,,,,,,,0.002357690001493126,0,781,0.0,0.0,,,,,,,,,,,,,,,,,,,,,,,,,,,,,,,,,,,,,,,,,,,,,,,,,,,,,,,,,,,,,,,,,,,,,,,,,,nan,,,,,,,,,,,,,,,
870,2633.135986328125,0.026306167244911194,2.6306167244911194,8687.33787059784,10000,ppo,ppo,crawler,flat,thdot_dth_neighbours_plus_thdot_direct,,,,,,,,,,,,,,,0.001330967102600115,0,781,0.0,0.0,,,,,,,,,,,,,,,,,,,,,,,,,,,,,,,,,,,,,,,,,,,,,,,,,,,,,,,,,,,,,,,,,,,,,,,,,,nan,,,,,,,,,,,,,,,
871,2808.421630859375,0.02805754914879799,2.805754914879799,8697.308310508728,10000,ppo,ppo,crawler,flat,thdot_dth_neighbours_plus_thdot_direct,,,,,,,,,,,,,,,0.0019369422480778572,0,781,0.0,0.0,,,,,,,,,,,,,,,,,,,,,,,,,,,,,,,,,,,,,,,,,,,,,,,,,,,,,,,,,,,,,,,,,,,,,,,,,,nan,,,,,,,,,,,,,,,
872,2693.6708984375,0.026906700804829597,2.6906700804829597,8707.13004231453,10000,ppo,ppo,crawler,flat,thdot_dth_neighbours_plus_thdot_direct,,,,,,,,,,,,,,,0.003323779236680971,0,781,0.0,0.0,,,,,,,,,,,,,,,,,,,,,,,,,,,,,,,,,,,,,,,,,,,,,,,,,,,,,,,,,,,,,,,,,,,,,,,,,,nan,,,,,,,,,,,,,,,
873,2729.901123046875,0.027270924299955368,2.727092429995537,8717.165895938873,10000,ppo,ppo,crawler,flat,thdot_dth_neighbours_plus_thdot_direct,,,,,,,,,,,,,,,0.0021724153193683027,0,781,0.0,0.0,,,,,,,,,,,,,,,,,,,,,,,,,,,,,,,,,,,,,,,,,,,,,,,,,,,,,,,,,,,,,,,,,,,,,,,,,,nan,,,,,,,,,,,,,,,
874,2744.378662109375,0.027417147532105446,2.7417147532105446,8727.141336679459,10000,ppo,ppo,crawler,flat,thdot_dth_neighbours_plus_thdot_direct,,,,,,,,,,,,,,,0.0020222669925443974,0,781,0.0,0.0,,,,,,,,,,,,,,,,,,,,,,,,,,,,,,,,,,,,,,,,,,,,,,,,,,,,,,,,,,,,,,,,,,,,,,,,,,nan,,,,,,,,,,,,,,,
875,2758.910888671875,0.02755984477698803,2.755984477698803,8737.115905046463,10000,ppo,ppo,crawler,flat,thdot_dth_neighbours_plus_thdot_direct,,,,,,,,,,,,,,,0.0023596906225597076,0,781,0.0,0.0,,,,,,,,,,,,,,,,,,,,,,,,,,,,,,,,,,,,,,,,,,,,,,,,,,,,,,,,,,,,,,,,,,,,,,,,,,nan,,,,,,,,,,,,,,,
876,2699.914794921875,0.02696879766881466,2.696879766881466,8747.237508773804,10000,ppo,ppo,crawler,flat,thdot_dth_neighbours_plus_thdot_direct,,,,,,,,,,,,,,,0.0016272175884073296,0,781,0.0,0.0,,,,,,,,,,,,,,,,,,,,,,,,,,,,,,,,,,,,,,,,,,,,,,,,,,,,,,,,,,,,,,,,,,,,,,,,,,nan,,,,,,,,,,,,,,,
877,2735.943359375,0.027330223470926285,2.7330223470926285,8757.04689002037,10000,ppo,ppo,crawler,flat,thdot_dth_neighbours_plus_thdot_direct,,,,,,,,,,,,,,,0.0018823396535265714,0,781,0.0,0.0,,,,,,,,,,,,,,,,,,,,,,,,,,,,,,,,,,,,,,,,,,,,,,,,,,,,,,,,,,,,,,,,,,,,,,,,,,nan,,,,,,,,,,,,,,,
878,2781.78125,0.027790654450654984,2.7790654450654984,8767.198888540268,10000,ppo,ppo,crawler,flat,thdot_dth_neighbours_plus_thdot_direct,,,,,,,,,,,,,,,0.0018316902322440978,0,781,0.0,0.0,,,,,,,,,,,,,,,,,,,,,,,,,,,,,,,,,,,,,,,,,,,,,,,,,,,,,,,,,,,,,,,,,,,,,,,,,,nan,,,,,,,,,,,,,,,
879,2724.007568359375,0.02720990590751171,2.720990590751171,8777.015306949615,10000,ppo,ppo,crawler,flat,thdot_dth_neighbours_plus_thdot_direct,,,,,,,,,,,,,,,0.0018806838278905885,0,781,0.0,0.0,,,,,,,,,,,,,,,,,,,,,,,,,,,,,,,,,,,,,,,,,,,,,,,,,,,,,,,,,,,,,,,,,,,,,,,,,,nan,,,,,,,,,,,,,,,
880,2749.278564453125,0.02746201679110527,2.746201679110527,8786.936665296555,10000,ppo,ppo,crawler,flat,thdot_dth_neighbours_plus_thdot_direct,,,,,,,,,,,,,,,0.002190297407175961,0,781,0.0,0.0,,,,,,,,,,,,,,,,,,,,,,,,,,,,,,,,,,,,,,,,,,,,,,,,,,,,,,,,,,,,,,,,,,,,,,,,,,nan,,,,,,,,,,,,,,,
881,2743.74951171875,0.02740657329559326,2.740657329559326,8796.94827914238,10000,ppo,ppo,crawler,flat,thdot_dth_neighbours_plus_thdot_direct,,,,,,,,,,,,,,,0.001628067484571683,0,781,0.0,0.0,,,,,,,,,,,,,,,,,,,,,,,,,,,,,,,,,,,,,,,,,,,,,,,,,,,,,,,,,,,,,,,,,,,,,,,,,,nan,,,,,,,,,,,,,,,
882,2662.966552734375,0.026602379977703094,2.6602379977703094,8806.837411642075,10000,ppo,ppo,crawler,flat,thdot_dth_neighbours_plus_thdot_direct,,,,,,,,,,,,,,,0.001462237921560687,0,781,0.0,0.0,,,,,,,,,,,,,,,,,,,,,,,,,,,,,,,,,,,,,,,,,,,,,,,,,,,,,,,,,,,,,,,,,,,,,,,,,,nan,,,,,,,,,,,,,,,
883,2806.37451171875,0.028033996000885963,2.8033996000885963,8816.689266681671,10000,ppo,ppo,crawler,flat,thdot_dth_neighbours_plus_thdot_direct,,,,,,,,,,,,,,,0.001744433857005399,0,781,0.0,0.0,,,,,,,,,,,,,,,,,,,,,,,,,,,,,,,,,,,,,,,,,,,,,,,,,,,,,,,,,,,,,,,,,,,,,,,,,,nan,,,,,,,,,,,,,,,
884,2727.026123046875,0.027238517999649048,2.723851799964905,8827.07118844986,10000,ppo,ppo,crawler,flat,thdot_dth_neighbours_plus_thdot_direct,,,,,,,,,,,,,,,0.002072635909324584,0,781,0.0,0.0,,,,,,,,,,,,,,,,,,,,,,,,,,,,,,,,,,,,,,,,,,,,,,,,,,,,,,,,,,,,,,,,,,,,,,,,,,nan,,,,,,,,,,,,,,,
885,2591.708984375,0.02589118666946888,2.589118666946888,8837.089923858643,10000,ppo,ppo,crawler,flat,thdot_dth_neighbours_plus_thdot_direct,,,,,,,,,,,,,,,0.002350636256419415,0,781,0.0,0.0,,,,,,,,,,,,,,,,,,,,,,,,,,,,,,,,,,,,,,,,,,,,,,,,,,,,,,,,,,,,,,,,,,,,,,,,,,nan,,,,,,,,,,,,,,,
886,2726.323486328125,0.02723538689315319,2.723538689315319,8847.185254335403,10000,ppo,ppo,crawler,flat,thdot_dth_neighbours_plus_thdot_direct,,,,,,,,,,,,,,,0.0019276540056838941,0,781,0.0,0.0,,,,,,,,,,,,,,,,,,,,,,,,,,,,,,,,,,,,,,,,,,,,,,,,,,,,,,,,,,,,,,,,,,,,,,,,,,nan,,,,,,,,,,,,,,,
887,2689.10791015625,0.02686176635324955,2.686176635324955,8857.11570930481,10000,ppo,ppo,crawler,flat,thdot_dth_neighbours_plus_thdot_direct,,,,,,,,,,,,,,,0.0016552802479115217,0,781,0.0,0.0,,,,,,,,,,,,,,,,,,,,,,,,,,,,,,,,,,,,,,,,,,,,,,,,,,,,,,,,,,,,,,,,,,,,,,,,,,nan,,,,,,,,,,,,,,,
888,2687.4560546875,0.026841577142477036,2.6841577142477036,8866.840225458145,10000,ppo,ppo,crawler,flat,thdot_dth_neighbours_plus_thdot_direct,,,,,,,,,,,,,,,0.0026422023298280205,0,781,0.0,0.0,,,,,,,,,,,,,,,,,,,,,,,,,,,,,,,,,,,,,,,,,,,,,,,,,,,,,,,,,,,,,,,,,,,,,,,,,,nan,,,,,,,,,,,,,,,
889,2772.45751953125,0.027696654200553894,2.7696654200553894,8877.012919902802,10000,ppo,ppo,crawler,flat,thdot_dth_neighbours_plus_thdot_direct,,,,,,,,,,,,,,,0.0016670333093088921,0,781,0.0,0.0,,,,,,,,,,,,,,,,,,,,,,,,,,,,,,,,,,,,,,,,,,,,,,,,,,,,,,,,,,,,,,,,,,,,,,,,,,nan,,,,,,,,,,,,,,,
890,2692.156982421875,0.02689433842897415,2.689433842897415,8886.937095403671,10000,ppo,ppo,crawler,flat,thdot_dth_neighbours_plus_thdot_direct,,,,,,,,,,,,,,,0.0016664839828697347,0,781,0.0,0.0,,,,,,,,,,,,,,,,,,,,,,,,,,,,,,,,,,,,,,,,,,,,,,,,,,,,,,,,,,,,,,,,,,,,,,,,,,nan,,,,,,,,,,,,,,,
891,2752.070068359375,0.027491118758916855,2.7491118758916855,8897.207470178604,10000,ppo,ppo,crawler,flat,thdot_dth_neighbours_plus_thdot_direct,,,,,,,,,,,,,,,0.0016012893815729914,0,781,0.0,0.0,,,,,,,,,,,,,,,,,,,,,,,,,,,,,,,,,,,,,,,,,,,,,,,,,,,,,,,,,,,,,,,,,,,,,,,,,,nan,,,,,,,,,,,,,,,
892,2686.146484375,0.026828866451978683,2.6828866451978683,8907.26422405243,10000,ppo,ppo,crawler,flat,thdot_dth_neighbours_plus_thdot_direct,,,,,,,,,,,,,,,0.0015497728639318098,0,781,0.0,0.0,,,,,,,,,,,,,,,,,,,,,,,,,,,,,,,,,,,,,,,,,,,,,,,,,,,,,,,,,,,,,,,,,,,,,,,,,,nan,,,,,,,,,,,,,,,
893,2654.4228515625,0.026521578431129456,2.6521578431129456,8916.869142055511,10000,ppo,ppo,crawler,flat,thdot_dth_neighbours_plus_thdot_direct,,,,,,,,,,,,,,,0.0031562043022043975,0,781,0.0,0.0,,,,,,,,,,,,,,,,,,,,,,,,,,,,,,,,,,,,,,,,,,,,,,,,,,,,,,,,,,,,,,,,,,,,,,,,,,nan,,,,,,,,,,,,,,,
894,2785.93408203125,0.027833735570311546,2.7833735570311546,8926.91073179245,10000,ppo,ppo,crawler,flat,thdot_dth_neighbours_plus_thdot_direct,,,,,,,,,,,,,,,0.0019025393233781085,0,781,0.0,0.0,,,,,,,,,,,,,,,,,,,,,,,,,,,,,,,,,,,,,,,,,,,,,,,,,,,,,,,,,,,,,,,,,,,,,,,,,,nan,,,,,,,,,,,,,,,
895,2723.064208984375,0.027202071622014046,2.7202071622014046,8936.835045099258,10000,ppo,ppo,crawler,flat,thdot_dth_neighbours_plus_thdot_direct,,,,,,,,,,,,,,,0.001998887722090893,0,781,0.0,0.0,,,,,,,,,,,,,,,,,,,,,,,,,,,,,,,,,,,,,,,,,,,,,,,,,,,,,,,,,,,,,,,,,,,,,,,,,,nan,,,,,,,,,,,,,,,
896,2816.603759765625,0.028138795867562294,2.8138795867562294,8946.990165233612,10000,ppo,ppo,crawler,flat,thdot_dth_neighbours_plus_thdot_direct,,,,,,,,,,,,,,,0.001651045477961017,0,781,0.0,0.0,,,,,,,,,,,,,,,,,,,,,,,,,,,,,,,,,,,,,,,,,,,,,,,,,,,,,,,,,,,,,,,,,,,,,,,,,,nan,,,,,,,,,,,,,,,
897,2697.40087890625,0.02694542147219181,2.694542147219181,8956.86826133728,10000,ppo,ppo,crawler,flat,thdot_dth_neighbours_plus_thdot_direct,,,,,,,,,,,,,,,0.0013865066247061922,0,781,0.0,0.0,,,,,,,,,,,,,,,,,,,,,,,,,,,,,,,,,,,,,,,,,,,,,,,,,,,,,,,,,,,,,,,,,,,,,,,,,,nan,,,,,,,,,,,,,,,
898,2693.184326171875,0.026899026706814766,2.6899026706814766,8966.804762363434,10000,ppo,ppo,crawler,flat,thdot_dth_neighbours_plus_thdot_direct,,,,,,,,,,,,,,,0.002498544351924052,0,781,0.0,0.0,,,,,,,,,,,,,,,,,,,,,,,,,,,,,,,,,,,,,,,,,,,,,,,,,,,,,,,,,,,,,,,,,,,,,,,,,,nan,,,,,,,,,,,,,,,
899,2775.437255859375,0.02772819995880127,2.772819995880127,8977.067002534866,10000,ppo,ppo,crawler,flat,thdot_dth_neighbours_plus_thdot_direct,,,,,,,,,,,,,,,0.0017372102748815447,0,781,0.0,0.0,,,,,,,,,,,,,,,,,,,,,,,,,,,,,,,,,,,,,,,,,,,,,,,,,,,,,,,,,,,,,,,,,,,,,,,,,,nan,,,,,,,,,,,,,,,
900,2791.595947265625,0.027887951582670212,2.788795158267021,8986.871046304703,10000,ppo,ppo,crawler,flat,thdot_dth_neighbours_plus_thdot_direct,,,,,,,,,,,,,,,0.002073395870296699,0,781,0.0,0.0,,,,,,,,,,,,,,,,,,,,,,,,,,,,,,,,,,,,,,,,,,,,,,,,,,,,,,,,,,,,,,,,,,,,,,,,,,nan,,,,,,,,,,,,,,,
901,2678.108154296875,0.02675522305071354,2.675522305071354,8996.72445321083,10000,ppo,ppo,crawler,flat,thdot_dth_neighbours_plus_thdot_direct,,,,,,,,,,,,,,,0.0017071783458645121,0,781,0.0,0.0,,,,,,,,,,,,,,,,,,,,,,,,,,,,,,,,,,,,,,,,,,,,,,,,,,,,,,,,,,,,,,,,,,,,,,,,,,nan,,,,,,,,,,,,,,,
902,2746.506103515625,0.027436289936304092,2.7436289936304092,9007.130771636963,10000,ppo,ppo,crawler,flat,thdot_dth_neighbours_plus_thdot_direct,,,,,,,,,,,,,,,0.0025100913056898236,0,781,0.0,0.0,,,,,,,,,,,,,,,,,,,,,,,,,,,,,,,,,,,,,,,,,,,,,,,,,,,,,,,,,,,,,,,,,,,,,,,,,,nan,,,,,,,,,,,,,,,
903,2729.700439453125,0.027266385033726692,2.726638503372669,9016.75717663765,10000,ppo,ppo,crawler,flat,thdot_dth_neighbours_plus_thdot_direct,,,,,,,,,,,,,,,0.0020134666906362676,0,781,0.0,0.0,,,,,,,,,,,,,,,,,,,,,,,,,,,,,,,,,,,,,,,,,,,,,,,,,,,,,,,,,,,,,,,,,,,,,,,,,,nan,,,,,,,,,,,,,,,
904,2724.677734375,0.02721862681210041,2.721862681210041,9026.91559958458,10000,ppo,ppo,crawler,flat,thdot_dth_neighbours_plus_thdot_direct,,,,,,,,,,,,,,,0.0014699891187091925,0,781,0.0,0.0,,,,,,,,,,,,,,,,,,,,,,,,,,,,,,,,,,,,,,,,,,,,,,,,,,,,,,,,,,,,,,,,,,,,,,,,,,nan,,,,,,,,,,,,,,,
905,2841.257568359375,0.028380392119288445,2.8380392119288445,9036.834314107895,10000,ppo,ppo,crawler,flat,thdot_dth_neighbours_plus_thdot_direct,,,,,,,,,,,,,,,0.0021625036629285017,0,781,0.0,0.0,,,,,,,,,,,,,,,,,,,,,,,,,,,,,,,,,,,,,,,,,,,,,,,,,,,,,,,,,,,,,,,,,,,,,,,,,,nan,,,,,,,,,,,,,,,
906,2784.61572265625,0.02782023325562477,2.782023325562477,9046.616888284683,10000,ppo,ppo,crawler,flat,thdot_dth_neighbours_plus_thdot_direct,,,,,,,,,,,,,,,0.00206596057753909,0,781,0.0,0.0,,,,,,,,,,,,,,,,,,,,,,,,,,,,,,,,,,,,,,,,,,,,,,,,,,,,,,,,,,,,,,,,,,,,,,,,,,nan,,,,,,,,,,,,,,,
907,2694.931396484375,0.02691831812262535,2.691831812262535,9056.927018880844,10000,ppo,ppo,crawler,flat,thdot_dth_neighbours_plus_thdot_direct,,,,,,,,,,,,,,,0.0025273236312251712,0,781,0.0,0.0,,,,,,,,,,,,,,,,,,,,,,,,,,,,,,,,,,,,,,,,,,,,,,,,,,,,,,,,,,,,,,,,,,,,,,,,,,nan,,,,,,,,,,,,,,,
908,2629.40771484375,0.026268841698765755,2.6268841698765755,9066.540132761002,10000,ppo,ppo,crawler,flat,thdot_dth_neighbours_plus_thdot_direct,,,,,,,,,,,,,,,0.001823916653883946,0,781,0.0,0.0,,,,,,,,,,,,,,,,,,,,,,,,,,,,,,,,,,,,,,,,,,,,,,,,,,,,,,,,,,,,,,,,,,,,,,,,,,nan,,,,,,,,,,,,,,,
909,2794.51123046875,0.027915870770812035,2.7915870770812035,9076.573292016983,10000,ppo,ppo,crawler,flat,thdot_dth_neighbours_plus_thdot_direct,,,,,,,,,,,,,,,0.0015377774912657563,0,781,0.0,0.0,,,,,,,,,,,,,,,,,,,,,,,,,,,,,,,,,,,,,,,,,,,,,,,,,,,,,,,,,,,,,,,,,,,,,,,,,,nan,,,,,,,,,,,,,,,
910,2714.50439453125,0.027114592492580414,2.7114592492580414,9086.85766029358,10000,ppo,ppo,crawler,flat,thdot_dth_neighbours_plus_thdot_direct,,,,,,,,,,,,,,,0.002305511030743442,0,781,0.0,0.0,,,,,,,,,,,,,,,,,,,,,,,,,,,,,,,,,,,,,,,,,,,,,,,,,,,,,,,,,,,,,,,,,,,,,,,,,,nan,,,,,,,,,,,,,,,
911,2795.695068359375,0.027929913252592087,2.7929913252592087,9096.43374824524,10000,ppo,ppo,crawler,flat,thdot_dth_neighbours_plus_thdot_direct,,,,,,,,,,,,,,,0.0026128013464003555,0,781,0.0,0.0,,,,,,,,,,,,,,,,,,,,,,,,,,,,,,,,,,,,,,,,,,,,,,,,,,,,,,,,,,,,,,,,,,,,,,,,,,nan,,,,,,,,,,,,,,,
912,2781.944091796875,0.02778979390859604,2.778979390859604,9106.977021217346,10000,ppo,ppo,crawler,flat,thdot_dth_neighbours_plus_thdot_direct,,,,,,,,,,,,,,,0.001537001119136809,0,781,0.0,0.0,,,,,,,,,,,,,,,,,,,,,,,,,,,,,,,,,,,,,,,,,,,,,,,,,,,,,,,,,,,,,,,,,,,,,,,,,,nan,,,,,,,,,,,,,,,
913,2770.08251953125,0.027671130374073982,2.7671130374073982,9116.924781560898,10000,ppo,ppo,crawler,flat,thdot_dth_neighbours_plus_thdot_direct,,,,,,,,,,,,,,,0.0015930445901524038,0,781,0.0,0.0,,,,,,,,,,,,,,,,,,,,,,,,,,,,,,,,,,,,,,,,,,,,,,,,,,,,,,,,,,,,,,,,,,,,,,,,,,nan,,,,,,,,,,,,,,,
914,2800.091064453125,0.027967574074864388,2.7967574074864388,9126.82411122322,10000,ppo,ppo,crawler,flat,thdot_dth_neighbours_plus_thdot_direct,,,,,,,,,,,,,,,0.0012958022874181377,0,781,0.0,0.0,,,,,,,,,,,,,,,,,,,,,,,,,,,,,,,,,,,,,,,,,,,,,,,,,,,,,,,,,,,,,,,,,,,,,,,,,,nan,,,,,,,,,,,,,,,
915,2761.492919921875,0.027581017464399338,2.7581017464399338,9136.967335700989,10000,ppo,ppo,crawler,flat,thdot_dth_neighbours_plus_thdot_direct,,,,,,,,,,,,,,,0.0017663101294955817,0,781,0.0,0.0,,,,,,,,,,,,,,,,,,,,,,,,,,,,,,,,,,,,,,,,,,,,,,,,,,,,,,,,,,,,,,,,,,,,,,,,,,nan,,,,,,,,,,,,,,,
916,2813.213623046875,0.028100423514842987,2.8100423514842987,9146.18251490593,10000,ppo,ppo,crawler,flat,thdot_dth_neighbours_plus_thdot_direct,,,,,,,,,,,,,,,0.002459354129179221,0,781,0.0,0.0,,,,,,,,,,,,,,,,,,,,,,,,,,,,,,,,,,,,,,,,,,,,,,,,,,,,,,,,,,,,,,,,,,,,,,,,,,nan,,,,,,,,,,,,,,,
917,2839.82470703125,0.028363268822431564,2.8363268822431564,9156.723942995071,10000,ppo,ppo,crawler,flat,thdot_dth_neighbours_plus_thdot_direct,,,,,,,,,,,,,,,0.0020746629811880944,0,781,0.0,0.0,,,,,,,,,,,,,,,,,,,,,,,,,,,,,,,,,,,,,,,,,,,,,,,,,,,,,,,,,,,,,,,,,,,,,,,,,,nan,,,,,,,,,,,,,,,
918,2773.790771484375,0.027706796303391457,2.7706796303391457,9166.308696746826,10000,ppo,ppo,crawler,flat,thdot_dth_neighbours_plus_thdot_direct,,,,,,,,,,,,,,,0.0023920793890021075,0,781,0.0,0.0,,,,,,,,,,,,,,,,,,,,,,,,,,,,,,,,,,,,,,,,,,,,,,,,,,,,,,,,,,,,,,,,,,,,,,,,,,nan,,,,,,,,,,,,,,,
919,2683.44140625,0.02680172026157379,2.680172026157379,9176.207384586334,10000,ppo,ppo,crawler,flat,thdot_dth_neighbours_plus_thdot_direct,,,,,,,,,,,,,,,0.0013677833037720921,0,781,0.0,0.0,,,,,,,,,,,,,,,,,,,,,,,,,,,,,,,,,,,,,,,,,,,,,,,,,,,,,,,,,,,,,,,,,,,,,,,,,,nan,,,,,,,,,,,,,,,
920,2843.18359375,0.028400588780641556,2.8400588780641556,9186.633833885193,10000,ppo,ppo,crawler,flat,thdot_dth_neighbours_plus_thdot_direct,,,,,,,,,,,,,,,0.0018774569731644132,0,781,0.0,0.0,,,,,,,,,,,,,,,,,,,,,,,,,,,,,,,,,,,,,,,,,,,,,,,,,,,,,,,,,,,,,,,,,,,,,,,,,,nan,,,,,,,,,,,,,,,
921,2682.319580078125,0.026795735582709312,2.6795735582709312,9196.079060792923,10000,ppo,ppo,crawler,flat,thdot_dth_neighbours_plus_thdot_direct,,,,,,,,,,,,,,,0.0024808562745237375,0,781,0.0,0.0,,,,,,,,,,,,,,,,,,,,,,,,,,,,,,,,,,,,,,,,,,,,,,,,,,,,,,,,,,,,,,,,,,,,,,,,,,nan,,,,,,,,,,,,,,,
922,2718.725341796875,0.027156798169016838,2.715679816901684,9206.174520015717,10000,ppo,ppo,crawler,flat,thdot_dth_neighbours_plus_thdot_direct,,,,,,,,,,,,,,,0.0016501771397231823,0,781,0.0,0.0,,,,,,,,,,,,,,,,,,,,,,,,,,,,,,,,,,,,,,,,,,,,,,,,,,,,,,,,,,,,,,,,,,,,,,,,,,nan,,,,,,,,,,,,,,,
923,2737.76611328125,0.027347374707460403,2.7347374707460403,9216.186512708664,10000,ppo,ppo,crawler,flat,thdot_dth_neighbours_plus_thdot_direct,,,,,,,,,,,,,,,0.0020416944184543954,0,781,0.0,0.0,,,,,,,,,,,,,,,,,,,,,,,,,,,,,,,,,,,,,,,,,,,,,,,,,,,,,,,,,,,,,,,,,,,,,,,,,,nan,,,,,,,,,,,,,,,
924,2711.855224609375,0.02709018439054489,2.709018439054489,9225.962845087051,10000,ppo,ppo,crawler,flat,thdot_dth_neighbours_plus_thdot_direct,,,,,,,,,,,,,,,0.002095131602419593,0,781,0.0,0.0,,,,,,,,,,,,,,,,,,,,,,,,,,,,,,,,,,,,,,,,,,,,,,,,,,,,,,,,,,,,,,,,,,,,,,,,,,nan,,,,,,,,,,,,,,,
925,2760.318115234375,0.027577729895710945,2.7577729895710945,9236.117624044418,10000,ppo,ppo,crawler,flat,thdot_dth_neighbours_plus_thdot_direct,,,,,,,,,,,,,,,0.0015093928130520602,0,781,0.0,0.0,,,,,,,,,,,,,,,,,,,,,,,,,,,,,,,,,,,,,,,,,,,,,,,,,,,,,,,,,,,,,,,,,,,,,,,,,,nan,,,,,,,,,,,,,,,
926,2732.289794921875,0.02729552611708641,2.729552611708641,9245.807896614075,10000,ppo,ppo,crawler,flat,thdot_dth_neighbours_plus_thdot_direct,,,,,,,,,,,,,,,0.0019365346089622892,0,781,0.0,0.0,,,,,,,,,,,,,,,,,,,,,,,,,,,,,,,,,,,,,,,,,,,,,,,,,,,,,,,,,,,,,,,,,,,,,,,,,,nan,,,,,,,,,,,,,,,
927,2671.615966796875,0.026691393926739693,2.6691393926739693,9255.985056877136,10000,ppo,ppo,crawler,flat,thdot_dth_neighbours_plus_thdot_direct,,,,,,,,,,,,,,,0.001988096099374786,0,781,0.0,0.0,,,,,,,,,,,,,,,,,,,,,,,,,,,,,,,,,,,,,,,,,,,,,,,,,,,,,,,,,,,,,,,,,,,,,,,,,,nan,,,,,,,,,,,,,,,
928,2935.688720703125,0.029325338080525398,2.93253380805254,9266.335482120514,10000,ppo,ppo,crawler,flat,thdot_dth_neighbours_plus_thdot_direct,,,,,,,,,,,,,,,0.002054956849148793,0,781,0.0,0.0,,,,,,,,,,,,,,,,,,,,,,,,,,,,,,,,,,,,,,,,,,,,,,,,,,,,,,,,,,,,,,,,,,,,,,,,,,nan,,,,,,,,,,,,,,,
929,2689.60302734375,0.02686687558889389,2.686687558889389,9276.12151145935,10000,ppo,ppo,crawler,flat,thdot_dth_neighbours_plus_thdot_direct,,,,,,,,,,,,,,,0.0013315613114446838,0,781,0.0,0.0,,,,,,,,,,,,,,,,,,,,,,,,,,,,,,,,,,,,,,,,,,,,,,,,,,,,,,,,,,,,,,,,,,,,,,,,,,nan,,,,,,,,,,,,,,,
930,2807.337646484375,0.028042351827025414,2.8042351827025414,9286.273972034454,10000,ppo,ppo,crawler,flat,thdot_dth_neighbours_plus_thdot_direct,,,,,,,,,,,,,,,0.002597262086391091,0,781,0.0,0.0,,,,,,,,,,,,,,,,,,,,,,,,,,,,,,,,,,,,,,,,,,,,,,,,,,,,,,,,,,,,,,,,,,,,,,,,,,nan,,,,,,,,,,,,,,,
931,2708.323974609375,0.027050787582993507,2.7050787582993507,9296.303602218628,10000,ppo,ppo,crawler,flat,thdot_dth_neighbours_plus_thdot_direct,,,,,,,,,,,,,,,0.0016610645105997945,0,781,0.0,0.0,,,,,,,,,,,,,,,,,,,,,,,,,,,,,,,,,,,,,,,,,,,,,,,,,,,,,,,,,,,,,,,,,,,,,,,,,,nan,,,,,,,,,,,,,,,
932,2692.847412109375,0.026898058131337166,2.6898058131337166,9306.16301894188,10000,ppo,ppo,crawler,flat,thdot_dth_neighbours_plus_thdot_direct,,,,,,,,,,,,,,,0.002123808536669891,0,781,0.0,0.0,,,,,,,,,,,,,,,,,,,,,,,,,,,,,,,,,,,,,,,,,,,,,,,,,,,,,,,,,,,,,,,,,,,,,,,,,,nan,,,,,,,,,,,,,,,
933,2706.435546875,0.027036819607019424,2.7036819607019424,9316.007013320923,10000,ppo,ppo,crawler,flat,thdot_dth_neighbours_plus_thdot_direct,,,,,,,,,,,,,,,0.0024369469266395357,0,781,0.0,0.0,,,,,,,,,,,,,,,,,,,,,,,,,,,,,,,,,,,,,,,,,,,,,,,,,,,,,,,,,,,,,,,,,,,,,,,,,,nan,,,,,,,,,,,,,,,
934,2711.4169921875,0.027087099850177765,2.7087099850177765,9325.699350118637,10000,ppo,ppo,crawler,flat,thdot_dth_neighbours_plus_thdot_direct,,,,,,,,,,,,,,,0.0012470297816484105,0,781,0.0,0.0,,,,,,,,,,,,,,,,,,,,,,,,,,,,,,,,,,,,,,,,,,,,,,,,,,,,,,,,,,,,,,,,,,,,,,,,,,nan,,,,,,,,,,,,,,,
935,2840.33984375,0.028372634202241898,2.8372634202241898,9335.724327087402,10000,ppo,ppo,crawler,flat,thdot_dth_neighbours_plus_thdot_direct,,,,,,,,,,,,,,,0.0019415428073705783,0,781,0.0,0.0,,,,,,,,,,,,,,,,,,,,,,,,,,,,,,,,,,,,,,,,,,,,,,,,,,,,,,,,,,,,,,,,,,,,,,,,,,nan,,,,,,,,,,,,,,,
936,2843.169921875,0.02840178832411766,2.840178832411766,9345.5480093956,10000,ppo,ppo,crawler,flat,thdot_dth_neighbours_plus_thdot_direct,,,,,,,,,,,,,,,0.0023131218288429617,0,781,0.0,0.0,,,,,,,,,,,,,,,,,,,,,,,,,,,,,,,,,,,,,,,,,,,,,,,,,,,,,,,,,,,,,,,,,,,,,,,,,,nan,,,,,,,,,,,,,,,
937,2796.711669921875,0.027936754748225212,2.793675474822521,9355.403880357742,10000,ppo,ppo,crawler,flat,thdot_dth_neighbours_plus_thdot_direct,,,,,,,,,,,,,,,0.0019129899551065925,0,781,0.0,0.0,,,,,,,,,,,,,,,,,,,,,,,,,,,,,,,,,,,,,,,,,,,,,,,,,,,,,,,,,,,,,,,,,,,,,,,,,,nan,,,,,,,,,,,,,,,
938,2809.784912109375,0.028068065643310547,2.8068065643310547,9365.450821638107,10000,ppo,ppo,crawler,flat,thdot_dth_neighbours_plus_thdot_direct,,,,,,,,,,,,,,,0.0020248787447334823,0,781,0.0,0.0,,,,,,,,,,,,,,,,,,,,,,,,,,,,,,,,,,,,,,,,,,,,,,,,,,,,,,,,,,,,,,,,,,,,,,,,,,nan,,,,,,,,,,,,,,,
939,2765.439208984375,0.027624648064374924,2.7624648064374924,9375.570223808289,10000,ppo,ppo,crawler,flat,thdot_dth_neighbours_plus_thdot_direct,,,,,,,,,,,,,,,0.0016288175600682213,0,781,0.0,0.0,,,,,,,,,,,,,,,,,,,,,,,,,,,,,,,,,,,,,,,,,,,,,,,,,,,,,,,,,,,,,,,,,,,,,,,,,,nan,,,,,,,,,,,,,,,
940,2710.998779296875,0.02707906998693943,2.707906998693943,9385.481591939926,10000,ppo,ppo,crawler,flat,thdot_dth_neighbours_plus_thdot_direct,,,,,,,,,,,,,,,0.002129591044127789,0,781,0.0,0.0,,,,,,,,,,,,,,,,,,,,,,,,,,,,,,,,,,,,,,,,,,,,,,,,,,,,,,,,,,,,,,,,,,,,,,,,,,nan,,,,,,,,,,,,,,,
941,2769.170654296875,0.02765941433608532,2.765941433608532,9395.375751018524,10000,ppo,ppo,crawler,flat,thdot_dth_neighbours_plus_thdot_direct,,,,,,,,,,,,,,,0.001282057683490705,0,781,0.0,0.0,,,,,,,,,,,,,,,,,,,,,,,,,,,,,,,,,,,,,,,,,,,,,,,,,,,,,,,,,,,,,,,,,,,,,,,,,,nan,,,,,,,,,,,,,,,
942,2865.80908203125,0.02862958237528801,2.862958237528801,9405.142319917679,10000,ppo,ppo,crawler,flat,thdot_dth_neighbours_plus_thdot_direct,,,,,,,,,,,,,,,0.002744564848878807,0,781,0.0,0.0,,,,,,,,,,,,,,,,,,,,,,,,,,,,,,,,,,,,,,,,,,,,,,,,,,,,,,,,,,,,,,,,,,,,,,,,,,nan,,,,,,,,,,,,,,,
943,2736.040771484375,0.02733198180794716,2.733198180794716,9415.152863740921,10000,ppo,ppo,crawler,flat,thdot_dth_neighbours_plus_thdot_direct,,,,,,,,,,,,,,,0.0025276576769261206,0,781,0.0,0.0,,,,,,,,,,,,,,,,,,,,,,,,,,,,,,,,,,,,,,,,,,,,,,,,,,,,,,,,,,,,,,,,,,,,,,,,,,nan,,,,,,,,,,,,,,,
944,2756.580810546875,0.027538234367966652,2.753823436796665,9424.923572778702,10000,ppo,ppo,crawler,flat,thdot_dth_neighbours_plus_thdot_direct,,,,,,,,,,,,,,,0.0018964222546982168,0,781,0.0,0.0,,,,,,,,,,,,,,,,,,,,,,,,,,,,,,,,,,,,,,,,,,,,,,,,,,,,,,,,,,,,,,,,,,,,,,,,,,nan,,,,,,,,,,,,,,,
945,2617.777099609375,0.026148146018385887,2.6148146018385887,9434.897807598114,10000,ppo,ppo,crawler,flat,thdot_dth_neighbours_plus_thdot_direct,,,,,,,,,,,,,,,0.0028011802917431543,0,781,0.0,0.0,,,,,,,,,,,,,,,,,,,,,,,,,,,,,,,,,,,,,,,,,,,,,,,,,,,,,,,,,,,,,,,,,,,,,,,,,,nan,,,,,,,,,,,,,,,
946,2730.536865234375,0.027278020977973938,2.727802097797394,9445.131928920746,10000,ppo,ppo,crawler,flat,thdot_dth_neighbours_plus_thdot_direct,,,,,,,,,,,,,,,0.0017897906809966782,0,781,0.0,0.0,,,,,,,,,,,,,,,,,,,,,,,,,,,,,,,,,,,,,,,,,,,,,,,,,,,,,,,,,,,,,,,,,,,,,,,,,,nan,,,,,,,,,,,,,,,
947,2628.279052734375,0.026259033009409904,2.6259033009409904,9454.981508016586,10000,ppo,ppo,crawler,flat,thdot_dth_neighbours_plus_thdot_direct,,,,,,,,,,,,,,,0.002864332793819085,0,781,0.0,0.0,,,,,,,,,,,,,,,,,,,,,,,,,,,,,,,,,,,,,,,,,,,,,,,,,,,,,,,,,,,,,,,,,,,,,,,,,,nan,,,,,,,,,,,,,,,
948,2665.59716796875,0.02662833221256733,2.662833221256733,9465.140235424042,10000,ppo,ppo,crawler,flat,thdot_dth_neighbours_plus_thdot_direct,,,,,,,,,,,,,,,0.0020201299236390796,0,781,0.0,0.0,,,,,,,,,,,,,,,,,,,,,,,,,,,,,,,,,,,,,,,,,,,,,,,,,,,,,,,,,,,,,,,,,,,,,,,,,,nan,,,,,,,,,,,,,,,
949,2684.71484375,0.026819998398423195,2.6819998398423195,9474.977090120316,10000,ppo,ppo,crawler,flat,thdot_dth_neighbours_plus_thdot_direct,,,,,,,,,,,,,,,0.0023351901878767645,0,781,0.0,0.0,,,,,,,,,,,,,,,,,,,,,,,,,,,,,,,,,,,,,,,,,,,,,,,,,,,,,,,,,,,,,,,,,,,,,,,,,,nan,,,,,,,,,,,,,,,
950,2742.23193359375,0.02739526890218258,2.739526890218258,9485.223232269287,10000,ppo,ppo,crawler,flat,thdot_dth_neighbours_plus_thdot_direct,,,,,,,,,,,,,,,0.001418431200279711,0,781,0.0,0.0,,,,,,,,,,,,,,,,,,,,,,,,,,,,,,,,,,,,,,,,,,,,,,,,,,,,,,,,,,,,,,,,,,,,,,,,,,nan,,,,,,,,,,,,,,,
951,2703.369873046875,0.027006957679986954,2.7006957679986954,9495.170865774155,10000,ppo,ppo,crawler,flat,thdot_dth_neighbours_plus_thdot_direct,,,,,,,,,,,,,,,0.0015173565848697172,0,781,0.0,0.0,,,,,,,,,,,,,,,,,,,,,,,,,,,,,,,,,,,,,,,,,,,,,,,,,,,,,,,,,,,,,,,,,,,,,,,,,,nan,,,,,,,,,,,,,,,
952,2789.292724609375,0.02786640264093876,2.786640264093876,9504.674345254898,10000,ppo,ppo,crawler,flat,thdot_dth_neighbours_plus_thdot_direct,,,,,,,,,,,,,,,0.0019043627611679862,0,781,0.0,0.0,,,,,,,,,,,,,,,,,,,,,,,,,,,,,,,,,,,,,,,,,,,,,,,,,,,,,,,,,,,,,,,,,,,,,,,,,,nan,,,,,,,,,,,,,,,
953,2691.194580078125,0.02687940001487732,2.687940001487732,9515.02585697174,10000,ppo,ppo,crawler,flat,thdot_dth_neighbours_plus_thdot_direct,,,,,,,,,,,,,,,0.0018287928987605793,0,781,0.0,0.0,,,,,,,,,,,,,,,,,,,,,,,,,,,,,,,,,,,,,,,,,,,,,,,,,,,,,,,,,,,,,,,,,,,,,,,,,,nan,,,,,,,,,,,,,,,
954,2689.994384765625,0.02686997689306736,2.686997689306736,9525.156981945038,10000,ppo,ppo,crawler,flat,thdot_dth_neighbours_plus_thdot_direct,,,,,,,,,,,,,,,0.0027940878648043525,0,781,0.0,0.0,,,,,,,,,,,,,,,,,,,,,,,,,,,,,,,,,,,,,,,,,,,,,,,,,,,,,,,,,,,,,,,,,,,,,,,,,,nan,,,,,,,,,,,,,,,
955,2636.806884765625,0.026338158175349236,2.6338158175349236,9534.982689857483,10000,ppo,ppo,crawler,flat,thdot_dth_neighbours_plus_thdot_direct,,,,,,,,,,,,,,,0.0010717153836492766,0,781,0.0,0.0,,,,,,,,,,,,,,,,,,,,,,,,,,,,,,,,,,,,,,,,,,,,,,,,,,,,,,,,,,,,,,,,,,,,,,,,,,nan,,,,,,,,,,,,,,,
956,2699.70458984375,0.026969918981194496,2.6969918981194496,9545.03405380249,10000,ppo,ppo,crawler,flat,thdot_dth_neighbours_plus_thdot_direct,,,,,,,,,,,,,,,0.0014457828577815585,0,781,0.0,0.0,,,,,,,,,,,,,,,,,,,,,,,,,,,,,,,,,,,,,,,,,,,,,,,,,,,,,,,,,,,,,,,,,,,,,,,,,,nan,,,,,,,,,,,,,,,
957,2742.151611328125,0.027389459311962128,2.7389459311962128,9555.022087097168,10000,ppo,ppo,crawler,flat,thdot_dth_neighbours_plus_thdot_direct,,,,,,,,,,,,,,,0.002174530935809491,0,781,0.0,0.0,,,,,,,,,,,,,,,,,,,,,,,,,,,,,,,,,,,,,,,,,,,,,,,,,,,,,,,,,,,,,,,,,,,,,,,,,,nan,,,,,,,,,,,,,,,
958,2702.6171875,0.02699427120387554,2.699427120387554,9564.980883359909,10000,ppo,ppo,crawler,flat,thdot_dth_neighbours_plus_thdot_direct,,,,,,,,,,,,,,,0.0031401967657478072,0,781,0.0,0.0,,,,,,,,,,,,,,,,,,,,,,,,,,,,,,,,,,,,,,,,,,,,,,,,,,,,,,,,,,,,,,,,,,,,,,,,,,nan,,,,,,,,,,,,,,,
959,2695.11328125,0.026919787749648094,2.6919787749648094,9575.136813879013,10000,ppo,ppo,crawler,flat,thdot_dth_neighbours_plus_thdot_direct,,,,,,,,,,,,,,,0.0018657863353794368,0,781,0.0,0.0,,,,,,,,,,,,,,,,,,,,,,,,,,,,,,,,,,,,,,,,,,,,,,,,,,,,,,,,,,,,,,,,,,,,,,,,,,nan,,,,,,,,,,,,,,,
960,2696.499755859375,0.02693566307425499,2.693566307425499,9585.154488325119,10000,ppo,ppo,crawler,flat,thdot_dth_neighbours_plus_thdot_direct,,,,,,,,,,,,,,,0.001844879476875844,0,781,0.0,0.0,,,,,,,,,,,,,,,,,,,,,,,,,,,,,,,,,,,,,,,,,,,,,,,,,,,,,,,,,,,,,,,,,,,,,,,,,,nan,,,,,,,,,,,,,,,
961,2691.080810546875,0.026880314573645592,2.688031457364559,9595.22163105011,10000,ppo,ppo,crawler,flat,thdot_dth_neighbours_plus_thdot_direct,,,,,,,,,,,,,,,0.0020633717356755513,0,781,0.0,0.0,,,,,,,,,,,,,,,,,,,,,,,,,,,,,,,,,,,,,,,,,,,,,,,,,,,,,,,,,,,,,,,,,,,,,,,,,,nan,,,,,,,,,,,,,,,
962,2628.028076171875,0.026251250877976418,2.6251250877976418,9604.99437212944,10000,ppo,ppo,crawler,flat,thdot_dth_neighbours_plus_thdot_direct,,,,,,,,,,,,,,,0.0024184413415799387,0,781,0.0,0.0,,,,,,,,,,,,,,,,,,,,,,,,,,,,,,,,,,,,,,,,,,,,,,,,,,,,,,,,,,,,,,,,,,,,,,,,,,nan,,,,,,,,,,,,,,,
963,2760.79931640625,0.02758154273033142,2.758154273033142,9614.728795289993,10000,ppo,ppo,crawler,flat,thdot_dth_neighbours_plus_thdot_direct,,,,,,,,,,,,,,,0.0026351828350314266,0,781,0.0,0.0,,,,,,,,,,,,,,,,,,,,,,,,,,,,,,,,,,,,,,,,,,,,,,,,,,,,,,,,,,,,,,,,,,,,,,,,,,nan,,,,,,,,,,,,,,,
964,2724.174072265625,0.027216093614697456,2.7216093614697456,9624.835125684738,10000,ppo,ppo,crawler,flat,thdot_dth_neighbours_plus_thdot_direct,,,,,,,,,,,,,,,0.002070672447832973,0,781,0.0,0.0,,,,,,,,,,,,,,,,,,,,,,,,,,,,,,,,,,,,,,,,,,,,,,,,,,,,,,,,,,,,,,,,,,,,,,,,,,nan,,,,,,,,,,,,,,,
965,2706.09521484375,0.027036156505346298,2.70361565053463,9634.790612220764,10000,ppo,ppo,crawler,flat,thdot_dth_neighbours_plus_thdot_direct,,,,,,,,,,,,,,,0.0024023589736414173,0,781,0.0,0.0,,,,,,,,,,,,,,,,,,,,,,,,,,,,,,,,,,,,,,,,,,,,,,,,,,,,,,,,,,,,,,,,,,,,,,,,,,nan,,,,,,,,,,,,,,,
966,2716.55517578125,0.027139736339449883,2.7139736339449883,9644.37806391716,10000,ppo,ppo,crawler,flat,thdot_dth_neighbours_plus_thdot_direct,,,,,,,,,,,,,,,0.0014933946777912468,0,781,0.0,0.0,,,,,,,,,,,,,,,,,,,,,,,,,,,,,,,,,,,,,,,,,,,,,,,,,,,,,,,,,,,,,,,,,,,,,,,,,,nan,,,,,,,,,,,,,,,
967,2714.185546875,0.027114715427160263,2.7114715427160263,9654.513089179993,10000,ppo,ppo,crawler,flat,thdot_dth_neighbours_plus_thdot_direct,,,,,,,,,,,,,,,0.0020635688011789496,0,781,0.0,0.0,,,,,,,,,,,,,,,,,,,,,,,,,,,,,,,,,,,,,,,,,,,,,,,,,,,,,,,,,,,,,,,,,,,,,,,,,,nan,,,,,,,,,,,,,,,
968,2728.048583984375,0.027257421985268593,2.7257421985268593,9664.706094026566,10000,ppo,ppo,crawler,flat,thdot_dth_neighbours_plus_thdot_direct,,,,,,,,,,,,,,,0.0013586276197773296,0,781,0.0,0.0,,,,,,,,,,,,,,,,,,,,,,,,,,,,,,,,,,,,,,,,,,,,,,,,,,,,,,,,,,,,,,,,,,,,,,,,,,nan,,,,,,,,,,,,,,,
969,2637.21923828125,0.026339927688241005,2.6339927688241005,9674.597066164017,10000,ppo,ppo,crawler,flat,thdot_dth_neighbours_plus_thdot_direct,,,,,,,,,,,,,,,0.0021953716064904076,0,781,0.0,0.0,,,,,,,,,,,,,,,,,,,,,,,,,,,,,,,,,,,,,,,,,,,,,,,,,,,,,,,,,,,,,,,,,,,,,,,,,,nan,,,,,,,,,,,,,,,
970,2653.484375,0.026507403701543808,2.650740370154381,9684.506905317307,10000,ppo,ppo,crawler,flat,thdot_dth_neighbours_plus_thdot_direct,,,,,,,,,,,,,,,0.0024366627808754975,0,781,0.0,0.0,,,,,,,,,,,,,,,,,,,,,,,,,,,,,,,,,,,,,,,,,,,,,,,,,,,,,,,,,,,,,,,,,,,,,,,,,,nan,,,,,,,,,,,,,,,
971,2710.579345703125,0.02707519382238388,2.707519382238388,9694.747349500656,10000,ppo,ppo,crawler,flat,thdot_dth_neighbours_plus_thdot_direct,,,,,,,,,,,,,,,0.0022892182364092,0,781,0.0,0.0,,,,,,,,,,,,,,,,,,,,,,,,,,,,,,,,,,,,,,,,,,,,,,,,,,,,,,,,,,,,,,,,,,,,,,,,,,nan,,,,,,,,,,,,,,,
972,2700.7626953125,0.02698177471756935,2.698177471756935,9704.944414615631,10000,ppo,ppo,crawler,flat,thdot_dth_neighbours_plus_thdot_direct,,,,,,,,,,,,,,,0.0035066518366208554,0,781,0.0,0.0,,,,,,,,,,,,,,,,,,,,,,,,,,,,,,,,,,,,,,,,,,,,,,,,,,,,,,,,,,,,,,,,,,,,,,,,,,nan,,,,,,,,,,,,,,,
973,2703.527099609375,0.02701195329427719,2.701195329427719,9714.867052555084,10000,ppo,ppo,crawler,flat,thdot_dth_neighbours_plus_thdot_direct,,,,,,,,,,,,,,,0.0012804040345596875,0,781,0.0,0.0,,,,,,,,,,,,,,,,,,,,,,,,,,,,,,,,,,,,,,,,,,,,,,,,,,,,,,,,,,,,,,,,,,,,,,,,,,nan,,,,,,,,,,,,,,,
974,2703.97119140625,0.027008697390556335,2.7008697390556335,9724.832992553711,10000,ppo,ppo,crawler,flat,thdot_dth_neighbours_plus_thdot_direct,,,,,,,,,,,,,,,0.0023065915057031232,0,781,0.0,0.0,,,,,,,,,,,,,,,,,,,,,,,,,,,,,,,,,,,,,,,,,,,,,,,,,,,,,,,,,,,,,,,,,,,,,,,,,,nan,,,,,,,,,,,,,,,
975,2797.450439453125,0.027944551780819893,2.7944551780819893,9734.646548748016,10000,ppo,ppo,crawler,flat,thdot_dth_neighbours_plus_thdot_direct,,,,,,,,,,,,,,,0.0028866354925084054,0,781,0.0,0.0,,,,,,,,,,,,,,,,,,,,,,,,,,,,,,,,,,,,,,,,,,,,,,,,,,,,,,,,,,,,,,,,,,,,,,,,,,nan,,,,,,,,,,,,,,,
976,2705.701171875,0.027023909613490105,2.7023909613490105,9744.763993501663,10000,ppo,ppo,crawler,flat,thdot_dth_neighbours_plus_thdot_direct,,,,,,,,,,,,,,,0.0020224296607275986,0,781,0.0,0.0,,,,,,,,,,,,,,,,,,,,,,,,,,,,,,,,,,,,,,,,,,,,,,,,,,,,,,,,,,,,,,,,,,,,,,,,,,nan,,,,,,,,,,,,,,,
977,2733.76953125,0.02730744518339634,2.730744518339634,9754.52169919014,10000,ppo,ppo,crawler,flat,thdot_dth_neighbours_plus_thdot_direct,,,,,,,,,,,,,,,0.002142216012659811,0,781,0.0,0.0,,,,,,,,,,,,,,,,,,,,,,,,,,,,,,,,,,,,,,,,,,,,,,,,,,,,,,,,,,,,,,,,,,,,,,,,,,nan,,,,,,,,,,,,,,,
978,2765.836669921875,0.02763228304684162,2.763228304684162,9764.43664932251,10000,ppo,ppo,crawler,flat,thdot_dth_neighbours_plus_thdot_direct,,,,,,,,,,,,,,,0.002046931435475727,0,781,0.0,0.0,,,,,,,,,,,,,,,,,,,,,,,,,,,,,,,,,,,,,,,,,,,,,,,,,,,,,,,,,,,,,,,,,,,,,,,,,,nan,,,,,,,,,,,,,,,
979,2736.328857421875,0.02733592502772808,2.733592502772808,9774.819780111313,10000,ppo,ppo,crawler,flat,thdot_dth_neighbours_plus_thdot_direct,,,,,,,,,,,,,,,0.0023064488094512088,0,781,0.0,0.0,,,,,,,,,,,,,,,,,,,,,,,,,,,,,,,,,,,,,,,,,,,,,,,,,,,,,,,,,,,,,,,,,,,,,,,,,,nan,,,,,,,,,,,,,,,
980,2716.427734375,0.02713949792087078,2.713949792087078,9784.747726678848,10000,ppo,ppo,crawler,flat,thdot_dth_neighbours_plus_thdot_direct,,,,,,,,,,,,,,,0.0018992584494504474,0,781,0.0,0.0,,,,,,,,,,,,,,,,,,,,,,,,,,,,,,,,,,,,,,,,,,,,,,,,,,,,,,,,,,,,,,,,,,,,,,,,,,nan,,,,,,,,,,,,,,,
981,2643.28955078125,0.026410164311528206,2.6410164311528206,9794.494191169739,10000,ppo,ppo,crawler,flat,thdot_dth_neighbours_plus_thdot_direct,,,,,,,,,,,,,,,0.0024711571966914416,0,781,0.0,0.0,,,,,,,,,,,,,,,,,,,,,,,,,,,,,,,,,,,,,,,,,,,,,,,,,,,,,,,,,,,,,,,,,,,,,,,,,,nan,,,,,,,,,,,,,,,
982,2591.073486328125,0.025881439447402954,2.5881439447402954,9804.385849952698,10000,ppo,ppo,crawler,flat,thdot_dth_neighbours_plus_thdot_direct,,,,,,,,,,,,,,,0.001592498845524933,0,781,0.0,0.0,,,,,,,,,,,,,,,,,,,,,,,,,,,,,,,,,,,,,,,,,,,,,,,,,,,,,,,,,,,,,,,,,,,,,,,,,,nan,,,,,,,,,,,,,,,
983,2590.455078125,0.02587153948843479,2.587153948843479,9814.459439516068,10000,ppo,ppo,crawler,flat,thdot_dth_neighbours_plus_thdot_direct,,,,,,,,,,,,,,,0.0022364202535400867,0,781,0.0,0.0,,,,,,,,,,,,,,,,,,,,,,,,,,,,,,,,,,,,,,,,,,,,,,,,,,,,,,,,,,,,,,,,,,,,,,,,,,nan,,,,,,,,,,,,,,,
984,2645.016357421875,0.02641993574798107,2.641993574798107,9824.48858833313,10000,ppo,ppo,crawler,flat,thdot_dth_neighbours_plus_thdot_direct,,,,,,,,,,,,,,,0.0016997695047056079,0,781,0.0,0.0,,,,,,,,,,,,,,,,,,,,,,,,,,,,,,,,,,,,,,,,,,,,,,,,,,,,,,,,,,,,,,,,,,,,,,,,,,nan,,,,,,,,,,,,,,,
985,2687.156982421875,0.026844212785363197,2.6844212785363197,9834.423147439957,10000,ppo,ppo,crawler,flat,thdot_dth_neighbours_plus_thdot_direct,,,,,,,,,,,,,,,0.001810823236794299,0,781,0.0,0.0,,,,,,,,,,,,,,,,,,,,,,,,,,,,,,,,,,,,,,,,,,,,,,,,,,,,,,,,,,,,,,,,,,,,,,,,,,nan,,,,,,,,,,,,,,,
986,2686.42578125,0.026835478842258453,2.6835478842258453,9844.84831237793,10000,ppo,ppo,crawler,flat,thdot_dth_neighbours_plus_thdot_direct,,,,,,,,,,,,,,,0.0013653620849341705,0,781,0.0,0.0,,,,,,,,,,,,,,,,,,,,,,,,,,,,,,,,,,,,,,,,,,,,,,,,,,,,,,,,,,,,,,,,,,,,,,,,,,nan,,,,,,,,,,,,,,,
987,2669.357177734375,0.02666952833533287,2.666952833533287,9854.90141415596,10000,ppo,ppo,crawler,flat,thdot_dth_neighbours_plus_thdot_direct,,,,,,,,,,,,,,,0.002020758483751506,0,781,0.0,0.0,,,,,,,,,,,,,,,,,,,,,,,,,,,,,,,,,,,,,,,,,,,,,,,,,,,,,,,,,,,,,,,,,,,,,,,,,,nan,,,,,,,,,,,,,,,
988,2684.9365234375,0.02682354673743248,2.682354673743248,9864.556443214417,10000,ppo,ppo,crawler,flat,thdot_dth_neighbours_plus_thdot_direct,,,,,,,,,,,,,,,0.001483686993429803,0,781,0.0,0.0,,,,,,,,,,,,,,,,,,,,,,,,,,,,,,,,,,,,,,,,,,,,,,,,,,,,,,,,,,,,,,,,,,,,,,,,,,nan,,,,,,,,,,,,,,,
989,2728.918701171875,0.027259986847639084,2.7259986847639084,9874.728514671326,10000,ppo,ppo,crawler,flat,thdot_dth_neighbours_plus_thdot_direct,,,,,,,,,,,,,,,0.0014617557551960983,0,781,0.0,0.0,,,,,,,,,,,,,,,,,,,,,,,,,,,,,,,,,,,,,,,,,,,,,,,,,,,,,,,,,,,,,,,,,,,,,,,,,,nan,,,,,,,,,,,,,,,
990,2628.391845703125,0.026255926117300987,2.6255926117300987,9885.105775117874,10000,ppo,ppo,crawler,flat,thdot_dth_neighbours_plus_thdot_direct,,,,,,,,,,,,,,,0.0013328991650189248,0,781,0.0,0.0,,,,,,,,,,,,,,,,,,,,,,,,,,,,,,,,,,,,,,,,,,,,,,,,,,,,,,,,,,,,,,,,,,,,,,,,,,nan,,,,,,,,,,,,,,,
991,2573.08935546875,0.025704214349389076,2.5704214349389076,9895.225000619888,10000,ppo,ppo,crawler,flat,thdot_dth_neighbours_plus_thdot_direct,,,,,,,,,,,,,,,0.0021770963864347647,0,781,0.0,0.0,,,,,,,,,,,,,,,,,,,,,,,,,,,,,,,,,,,,,,,,,,,,,,,,,,,,,,,,,,,,,,,,,,,,,,,,,,nan,,,,,,,,,,,,,,,
992,2623.714599609375,0.026209399104118347,2.6209399104118347,9905.161498069763,10000,ppo,ppo,crawler,flat,thdot_dth_neighbours_plus_thdot_direct,,,,,,,,,,,,,,,0.0022621928127371576,0,781,0.0,0.0,,,,,,,,,,,,,,,,,,,,,,,,,,,,,,,,,,,,,,,,,,,,,,,,,,,,,,,,,,,,,,,,,,,,,,,,,,nan,,,,,,,,,,,,,,,
993,2613.332763671875,0.026107147336006165,2.6107147336006165,9915.201296329498,10000,ppo,ppo,crawler,flat,thdot_dth_neighbours_plus_thdot_direct,,,,,,,,,,,,,,,0.0015134034661915484,0,781,0.0,0.0,,,,,,,,,,,,,,,,,,,,,,,,,,,,,,,,,,,,,,,,,,,,,,,,,,,,,,,,,,,,,,,,,,,,,,,,,,nan,,,,,,,,,,,,,,,
994,2709.36572265625,0.027066545560956,2.7066545560956,9925.820088863373,10000,ppo,ppo,crawler,flat,thdot_dth_neighbours_plus_thdot_direct,,,,,,,,,,,,,,,0.001638788614663438,0,781,0.0,0.0,,,,,,,,,,,,,,,,,,,,,,,,,,,,,,,,,,,,,,,,,,,,,,,,,,,,,,,,,,,,,,,,,,,,,,,,,,nan,,,,,,,,,,,,,,,
995,2685.12158203125,0.026823852211236954,2.6823852211236954,9935.531523227692,10000,ppo,ppo,crawler,flat,thdot_dth_neighbours_plus_thdot_direct,,,,,,,,,,,,,,,0.0018732487165629798,0,781,0.0,0.0,,,,,,,,,,,,,,,,,,,,,,,,,,,,,,,,,,,,,,,,,,,,,,,,,,,,,,,,,,,,,,,,,,,,,,,,,,nan,,,,,,,,,,,,,,,
996,2766.04296875,0.027629287913441658,2.762928791344166,9945.416975736618,10000,ppo,ppo,crawler,flat,thdot_dth_neighbours_plus_thdot_direct,,,,,,,,,,,,,,,0.0017511352802121551,0,781,0.0,0.0,,,,,,,,,,,,,,,,,,,,,,,,,,,,,,,,,,,,,,,,,,,,,,,,,,,,,,,,,,,,,,,,,,,,,,,,,,nan,,,,,,,,,,,,,,,
997,2716.001708984375,0.027130749076604843,2.7130749076604843,9955.456281900406,10000,ppo,ppo,crawler,flat,thdot_dth_neighbours_plus_thdot_direct,,,,,,,,,,,,,,,0.0027622155413951806,0,781,0.0,0.0,,,,,,,,,,,,,,,,,,,,,,,,,,,,,,,,,,,,,,,,,,,,,,,,,,,,,,,,,,,,,,,,,,,,,,,,,,nan,,,,,,,,,,,,,,,
998,2763.91796875,0.027608409523963928,2.760840952396393,9965.156385660172,10000,ppo,ppo,crawler,flat,thdot_dth_neighbours_plus_thdot_direct,,,,,,,,,,,,,,,0.0019285317956696598,0,781,0.0,0.0,,,,,,,,,,,,,,,,,,,,,,,,,,,,,,,,,,,,,,,,,,,,,,,,,,,,,,,,,,,,,,,,,,,,,,,,,,nan,,,,,,,,,,,,,,,
999,2724.850341796875,0.02721765637397766,2.721765637397766,9975.4848883152,10000,ppo,ppo,crawler,flat,thdot_dth_neighbours_plus_thdot_direct,,,,,,,,,,,,,,,0.002019430308242269,0,781,0.0,0.0,,,,,,,,,,,,,,,,,,,,,,,,,,,,,,,,,,,,,,,,,,,,,,,,,,,,,,,,,,,,,,,,,,,,,,,,,,nan,,,,,,,,,,,,,,,
1000,2766.028076171875,0.02763422206044197,2.763422206044197,9985.385488986969,10000,ppo,ppo,crawler,flat,thdot_dth_neighbours_plus_thdot_direct,,,,,,,,,,,,,,,0.0018738624625147752,0,781,0.0,0.0,,,,,,,,,,,,,,,,,,,,,,,,,,,,,,,,,,,,,,,,,,,,,,,,,,,,,,,,,,,,,,,,,,,,,,,,,,nan,,,,,,,,,,,,,,,
1001,2802.01416015625,0.02799324505031109,2.799324505031109,9995.711498737335,10000,ppo,ppo,crawler,flat,thdot_dth_neighbours_plus_thdot_direct,,,,,,,,,,,,,,,0.0011733865583623397,0,781,0.0,0.0,,,,,,,,,,,,,,,,,,,,,,,,,,,,,,,,,,,,,,,,,,,,,,,,,,,,,,,,,,,,,,,,,,,,,,,,,,nan,,,,,,,,,,,,,,,
1002,2745.493896484375,0.027422912418842316,2.7422912418842316,10005.754362821579,10000,ppo,ppo,crawler,flat,thdot_dth_neighbours_plus_thdot_direct,,,,,,,,,,,,,,,0.001917352591597885,0,781,0.0,0.0,,,,,,,,,,,,,,,,,,,,,,,,,,,,,,,,,,,,,,,,,,,,,,,,,,,,,,,,,,,,,,,,,,,,,,,,,,nan,,,,,,,,,,,,,,,
1003,2634.69580078125,0.026317913085222244,2.6317913085222244,10015.374711751938,10000,ppo,ppo,crawler,flat,thdot_dth_neighbours_plus_thdot_direct,,,,,,,,,,,,,,,0.0012964111335347697,0,781,0.0,0.0,,,,,,,,,,,,,,,,,,,,,,,,,,,,,,,,,,,,,,,,,,,,,,,,,,,,,,,,,,,,,,,,,,,,,,,,,,nan,,,,,,,,,,,,,,,
1004,2693.911865234375,0.026911303400993347,2.6911303400993347,10025.753643274307,10000,ppo,ppo,crawler,flat,thdot_dth_neighbours_plus_thdot_direct,,,,,,,,,,,,,,,0.0021776221945927995,0,781,0.0,0.0,,,,,,,,,,,,,,,,,,,,,,,,,,,,,,,,,,,,,,,,,,,,,,,,,,,,,,,,,,,,,,,,,,,,,,,,,,nan,,,,,,,,,,,,,,,
1005,2516.96484375,0.02514108270406723,2.514108270406723,10035.742716312408,10000,ppo,ppo,crawler,flat,thdot_dth_neighbours_plus_thdot_direct,,,,,,,,,,,,,,,0.0015648718785851042,0,781,0.0,0.0,,,,,,,,,,,,,,,,,,,,,,,,,,,,,,,,,,,,,,,,,,,,,,,,,,,,,,,,,,,,,,,,,,,,,,,,,,nan,,,,,,,,,,,,,,,
1006,2694.667724609375,0.026921968907117844,2.6921968907117844,10045.561245679855,10000,ppo,ppo,crawler,flat,thdot_dth_neighbours_plus_thdot_direct,,,,,,,,,,,,,,,0.0019645439432249556,0,781,0.0,0.0,,,,,,,,,,,,,,,,,,,,,,,,,,,,,,,,,,,,,,,,,,,,,,,,,,,,,,,,,,,,,,,,,,,,,,,,,,nan,,,,,,,,,,,,,,,
1007,2606.73876953125,0.026040270924568176,2.6040270924568176,10055.702405452728,10000,ppo,ppo,crawler,flat,thdot_dth_neighbours_plus_thdot_direct,,,,,,,,,,,,,,,0.0021601477754886913,0,781,0.0,0.0,,,,,,,,,,,,,,,,,,,,,,,,,,,,,,,,,,,,,,,,,,,,,,,,,,,,,,,,,,,,,,,,,,,,,,,,,,nan,,,,,,,,,,,,,,,
1008,2556.64599609375,0.025538520887494087,2.5538520887494087,10065.527698516846,10000,ppo,ppo,crawler,flat,thdot_dth_neighbours_plus_thdot_direct,,,,,,,,,,,,,,,0.0025752373680397993,0,781,0.0,0.0,,,,,,,,,,,,,,,,,,,,,,,,,,,,,,,,,,,,,,,,,,,,,,,,,,,,,,,,,,,,,,,,,,,,,,,,,,nan,,,,,,,,,,,,,,,
1009,2690.116943359375,0.026872042566537857,2.6872042566537857,10075.576236486435,10000,ppo,ppo,crawler,flat,thdot_dth_neighbours_plus_thdot_direct,,,,,,,,,,,,,,,0.001771736461104691,0,781,0.0,0.0,,,,,,,,,,,,,,,,,,,,,,,,,,,,,,,,,,,,,,,,,,,,,,,,,,,,,,,,,,,,,,,,,,,,,,,,,,nan,,,,,,,,,,,,,,,
1010,2679.62939453125,0.026769377291202545,2.6769377291202545,10085.454345226288,10000,ppo,ppo,crawler,flat,thdot_dth_neighbours_plus_thdot_direct,,,,,,,,,,,,,,,0.001980605220273639,0,781,0.0,0.0,,,,,,,,,,,,,,,,,,,,,,,,,,,,,,,,,,,,,,,,,,,,,,,,,,,,,,,,,,,,,,,,,,,,,,,,,,nan,,,,,,,,,,,,,,,
1011,2673.999755859375,0.02671043574810028,2.671043574810028,10095.299025774002,10000,ppo,ppo,crawler,flat,thdot_dth_neighbours_plus_thdot_direct,,,,,,,,,,,,,,,0.0024992929981975578,0,781,0.0,0.0,,,,,,,,,,,,,,,,,,,,,,,,,,,,,,,,,,,,,,,,,,,,,,,,,,,,,,,,,,,,,,,,,,,,,,,,,,nan,,,,,,,,,,,,,,,
1012,2547.325927734375,0.025447718799114227,2.5447718799114227,10105.996272802353,10000,ppo,ppo,crawler,flat,thdot_dth_neighbours_plus_thdot_direct,,,,,,,,,,,,,,,0.0019108849942123865,0,781,0.0,0.0,,,,,,,,,,,,,,,,,,,,,,,,,,,,,,,,,,,,,,,,,,,,,,,,,,,,,,,,,,,,,,,,,,,,,,,,,,nan,,,,,,,,,,,,,,,
1013,2697.61572265625,0.026949748396873474,2.6949748396873474,10115.884629011154,10000,ppo,ppo,crawler,flat,thdot_dth_neighbours_plus_thdot_direct,,,,,,,,,,,,,,,0.0022029558588029558,0,781,0.0,0.0,,,,,,,,,,,,,,,,,,,,,,,,,,,,,,,,,,,,,,,,,,,,,,,,,,,,,,,,,,,,,,,,,,,,,,,,,,nan,,,,,,,,,,,,,,,
1014,2615.260498046875,0.026122460141777992,2.6122460141777992,10125.659280061722,10000,ppo,ppo,crawler,flat,thdot_dth_neighbours_plus_thdot_direct,,,,,,,,,,,,,,,0.0018435223034031969,0,781,0.0,0.0,,,,,,,,,,,,,,,,,,,,,,,,,,,,,,,,,,,,,,,,,,,,,,,,,,,,,,,,,,,,,,,,,,,,,,,,,,nan,,,,,,,,,,,,,,,
1015,2648.33251953125,0.026455160230398178,2.645516023039818,10135.678961515427,10000,ppo,ppo,crawler,flat,thdot_dth_neighbours_plus_thdot_direct,,,,,,,,,,,,,,,0.0021274397292976952,0,781,0.0,0.0,,,,,,,,,,,,,,,,,,,,,,,,,,,,,,,,,,,,,,,,,,,,,,,,,,,,,,,,,,,,,,,,,,,,,,,,,,nan,,,,,,,,,,,,,,,
1016,2759.880126953125,0.027569493278861046,2.7569493278861046,10145.640641212463,10000,ppo,ppo,crawler,flat,thdot_dth_neighbours_plus_thdot_direct,,,,,,,,,,,,,,,0.00254361211095021,0,781,0.0,0.0,,,,,,,,,,,,,,,,,,,,,,,,,,,,,,,,,,,,,,,,,,,,,,,,,,,,,,,,,,,,,,,,,,,,,,,,,,nan,,,,,,,,,,,,,,,
1017,2607.150390625,0.026041338220238686,2.6041338220238686,10155.560630321503,10000,ppo,ppo,crawler,flat,thdot_dth_neighbours_plus_thdot_direct,,,,,,,,,,,,,,,0.0022295785716806432,0,781,0.0,0.0,,,,,,,,,,,,,,,,,,,,,,,,,,,,,,,,,,,,,,,,,,,,,,,,,,,,,,,,,,,,,,,,,,,,,,,,,,nan,,,,,,,,,,,,,,,
1018,2617.429443359375,0.026142854243516922,2.614285424351692,10165.531841278076,10000,ppo,ppo,crawler,flat,thdot_dth_neighbours_plus_thdot_direct,,,,,,,,,,,,,,,0.0013016139574550014,0,781,0.0,0.0,,,,,,,,,,,,,,,,,,,,,,,,,,,,,,,,,,,,,,,,,,,,,,,,,,,,,,,,,,,,,,,,,,,,,,,,,,nan,,,,,,,,,,,,,,,
1019,2666.614501953125,0.02663721889257431,2.663721889257431,10175.525221824646,10000,ppo,ppo,crawler,flat,thdot_dth_neighbours_plus_thdot_direct,,,,,,,,,,,,,,,0.0018406592194848334,0,781,0.0,0.0,,,,,,,,,,,,,,,,,,,,,,,,,,,,,,,,,,,,,,,,,,,,,,,,,,,,,,,,,,,,,,,,,,,,,,,,,,nan,,,,,,,,,,,,,,,
1020,2685.937255859375,0.026830675080418587,2.6830675080418587,10185.62006855011,10000,ppo,ppo,crawler,flat,thdot_dth_neighbours_plus_thdot_direct,,,,,,,,,,,,,,,0.001994223221081472,0,781,0.0,0.0,,,,,,,,,,,,,,,,,,,,,,,,,,,,,,,,,,,,,,,,,,,,,,,,,,,,,,,,,,,,,,,,,,,,,,,,,,nan,,,,,,,,,,,,,,,
1021,2707.473876953125,0.027043987065553665,2.7043987065553665,10195.158396482468,10000,ppo,ppo,crawler,flat,thdot_dth_neighbours_plus_thdot_direct,,,,,,,,,,,,,,,0.0027388097970589683,0,781,0.0,0.0,,,,,,,,,,,,,,,,,,,,,,,,,,,,,,,,,,,,,,,,,,,,,,,,,,,,,,,,,,,,,,,,,,,,,,,,,,nan,,,,,,,,,,,,,,,
1022,2741.338623046875,0.027382707223296165,2.7382707223296165,10205.176142454147,10000,ppo,ppo,crawler,flat,thdot_dth_neighbours_plus_thdot_direct,,,,,,,,,,,,,,,0.0017392249282099904,0,781,0.0,0.0,,,,,,,,,,,,,,,,,,,,,,,,,,,,,,,,,,,,,,,,,,,,,,,,,,,,,,,,,,,,,,,,,,,,,,,,,,nan,,,,,,,,,,,,,,,
1023,2745.309326171875,0.027426250278949738,2.7426250278949738,10215.67862534523,10000,ppo,ppo,crawler,flat,thdot_dth_neighbours_plus_thdot_direct,,,,,,,,,,,,,,,0.00186710773331203,0,781,0.0,0.0,,,,,,,,,,,,,,,,,,,,,,,,,,,,,,,,,,,,,,,,,,,,,,,,,,,,,,,,,,,,,,,,,,,,,,,,,,nan,,,,,,,,,,,,,,,
1024,2791.56201171875,0.02788708731532097,2.788708731532097,10225.415623664856,10000,ppo,ppo,crawler,flat,thdot_dth_neighbours_plus_thdot_direct,,,,,,,,,,,,,,,0.0016353666479702574,0,781,0.0,0.0,,,,,,,,,,,,,,,,,,,,,,,,,,,,,,,,,,,,,,,,,,,,,,,,,,,,,,,,,,,,,,,,,,,,,,,,,,nan,,,,,,,,,,,,,,,
1025,2646.467529296875,0.026435835286974907,2.6435835286974907,10235.41062426567,10000,ppo,ppo,crawler,flat,thdot_dth_neighbours_plus_thdot_direct,,,,,,,,,,,,,,,0.0019517944091278665,0,781,0.0,0.0,,,,,,,,,,,,,,,,,,,,,,,,,,,,,,,,,,,,,,,,,,,,,,,,,,,,,,,,,,,,,,,,,,,,,,,,,,nan,,,,,,,,,,,,,,,
1026,2767.557373046875,0.02764877863228321,2.764877863228321,10245.324815511703,10000,ppo,ppo,crawler,flat,thdot_dth_neighbours_plus_thdot_direct,,,,,,,,,,,,,,,0.0025259998475369873,0,781,0.0,0.0,,,,,,,,,,,,,,,,,,,,,,,,,,,,,,,,,,,,,,,,,,,,,,,,,,,,,,,,,,,,,,,,,,,,,,,,,,nan,,,,,,,,,,,,,,,
1027,2670.1083984375,0.026669109240174294,2.6669109240174294,10255.17706155777,10000,ppo,ppo,crawler,flat,thdot_dth_neighbours_plus_thdot_direct,,,,,,,,,,,,,,,0.0020060538396891375,0,781,0.0,0.0,,,,,,,,,,,,,,,,,,,,,,,,,,,,,,,,,,,,,,,,,,,,,,,,,,,,,,,,,,,,,,,,,,,,,,,,,,nan,,,,,,,,,,,,,,,
1028,2826.186767578125,0.028230877593159676,2.8230877593159676,10265.111188173294,10000,ppo,ppo,crawler,flat,thdot_dth_neighbours_plus_thdot_direct,,,,,,,,,,,,,,,0.0017989389973346928,0,781,0.0,0.0,,,,,,,,,,,,,,,,,,,,,,,,,,,,,,,,,,,,,,,,,,,,,,,,,,,,,,,,,,,,,,,,,,,,,,,,,,nan,,,,,,,,,,,,,,,
1029,2669.8173828125,0.026670658960938454,2.6670658960938454,10274.849661827087,10000,ppo,ppo,crawler,flat,thdot_dth_neighbours_plus_thdot_direct,,,,,,,,,,,,,,,0.001958058657538737,0,781,0.0,0.0,,,,,,,,,,,,,,,,,,,,,,,,,,,,,,,,,,,,,,,,,,,,,,,,,,,,,,,,,,,,,,,,,,,,,,,,,,nan,,,,,,,,,,,,,,,
1030,2654.022216796875,0.026517143473029137,2.6517143473029137,10284.85398697853,10000,ppo,ppo,crawler,flat,thdot_dth_neighbours_plus_thdot_direct,,,,,,,,,,,,,,,0.0032214276041686598,0,781,0.0,0.0,,,,,,,,,,,,,,,,,,,,,,,,,,,,,,,,,,,,,,,,,,,,,,,,,,,,,,,,,,,,,,,,,,,,,,,,,,nan,,,,,,,,,,,,,,,
1031,2741.52978515625,0.027387095615267754,2.7387095615267754,10295.21573472023,10000,ppo,ppo,crawler,flat,thdot_dth_neighbours_plus_thdot_direct,,,,,,,,,,,,,,,0.0015922626162032214,0,781,0.0,0.0,,,,,,,,,,,,,,,,,,,,,,,,,,,,,,,,,,,,,,,,,,,,,,,,,,,,,,,,,,,,,,,,,,,,,,,,,,nan,,,,,,,,,,,,,,,
1032,2650.58740234375,0.02647777646780014,2.647777646780014,10304.825180530548,10000,ppo,ppo,crawler,flat,thdot_dth_neighbours_plus_thdot_direct,,,,,,,,,,,,,,,0.0019028786293566297,0,781,0.0,0.0,,,,,,,,,,,,,,,,,,,,,,,,,,,,,,,,,,,,,,,,,,,,,,,,,,,,,,,,,,,,,,,,,,,,,,,,,,nan,,,,,,,,,,,,,,,
1033,2806.724609375,0.028037792071700096,2.8037792071700096,10315.059256792068,10000,ppo,ppo,crawler,flat,thdot_dth_neighbours_plus_thdot_direct,,,,,,,,,,,,,,,0.0017278284755418022,0,781,0.0,0.0,,,,,,,,,,,,,,,,,,,,,,,,,,,,,,,,,,,,,,,,,,,,,,,,,,,,,,,,,,,,,,,,,,,,,,,,,,nan,,,,,,,,,,,,,,,
1034,2738.976318359375,0.027363240718841553,2.7363240718841553,10325.09383225441,10000,ppo,ppo,crawler,flat,thdot_dth_neighbours_plus_thdot_direct,,,,,,,,,,,,,,,0.0014148468647037994,0,781,0.0,0.0,,,,,,,,,,,,,,,,,,,,,,,,,,,,,,,,,,,,,,,,,,,,,,,,,,,,,,,,,,,,,,,,,,,,,,,,,,nan,,,,,,,,,,,,,,,
1035,2830.935546875,0.02828005887567997,2.828005887567997,10335.018663406372,10000,ppo,ppo,crawler,flat,thdot_dth_neighbours_plus_thdot_direct,,,,,,,,,,,,,,,0.0026722444381509576,0,781,0.0,0.0,,,,,,,,,,,,,,,,,,,,,,,,,,,,,,,,,,,,,,,,,,,,,,,,,,,,,,,,,,,,,,,,,,,,,,,,,,nan,,,,,,,,,,,,,,,
1036,2761.891357421875,0.027585512027144432,2.758551202714443,10344.98906302452,10000,ppo,ppo,crawler,flat,thdot_dth_neighbours_plus_thdot_direct,,,,,,,,,,,,,,,0.0018682917508254062,0,781,0.0,0.0,,,,,,,,,,,,,,,,,,,,,,,,,,,,,,,,,,,,,,,,,,,,,,,,,,,,,,,,,,,,,,,,,,,,,,,,,,nan,,,,,,,,,,,,,,,
1037,2776.808349609375,0.0277393888682127,2.77393888682127,10354.485985040665,10000,ppo,ppo,crawler,flat,thdot_dth_neighbours_plus_thdot_direct,,,,,,,,,,,,,,,0.0018034759494700975,0,781,0.0,0.0,,,,,,,,,,,,,,,,,,,,,,,,,,,,,,,,,,,,,,,,,,,,,,,,,,,,,,,,,,,,,,,,,,,,,,,,,,nan,,,,,,,,,,,,,,,
1038,2687.3447265625,0.02683834172785282,2.683834172785282,10364.52924990654,10000,ppo,ppo,crawler,flat,thdot_dth_neighbours_plus_thdot_direct,,,,,,,,,,,,,,,0.0014243550185474958,0,781,0.0,0.0,,,,,,,,,,,,,,,,,,,,,,,,,,,,,,,,,,,,,,,,,,,,,,,,,,,,,,,,,,,,,,,,,,,,,,,,,,nan,,,,,,,,,,,,,,,
1039,2728.641357421875,0.027252746745944023,2.7252746745944023,10374.321372032166,10000,ppo,ppo,crawler,flat,thdot_dth_neighbours_plus_thdot_direct,,,,,,,,,,,,,,,0.0016289854687942475,0,781,0.0,0.0,,,,,,,,,,,,,,,,,,,,,,,,,,,,,,,,,,,,,,,,,,,,,,,,,,,,,,,,,,,,,,,,,,,,,,,,,,nan,,,,,,,,,,,,,,,
1040,2644.687255859375,0.026415996253490448,2.641599625349045,10384.330503702164,10000,ppo,ppo,crawler,flat,thdot_dth_neighbours_plus_thdot_direct,,,,,,,,,,,,,,,0.0029755282581086988,0,781,0.0,0.0,,,,,,,,,,,,,,,,,,,,,,,,,,,,,,,,,,,,,,,,,,,,,,,,,,,,,,,,,,,,,,,,,,,,,,,,,,nan,,,,,,,,,,,,,,,
1041,2770.20361328125,0.027673909440636635,2.7673909440636635,10394.489050626755,10000,ppo,ppo,crawler,flat,thdot_dth_neighbours_plus_thdot_direct,,,,,,,,,,,,,,,0.0020950176163260902,0,781,0.0,0.0,,,,,,,,,,,,,,,,,,,,,,,,,,,,,,,,,,,,,,,,,,,,,,,,,,,,,,,,,,,,,,,,,,,,,,,,,,nan,,,,,,,,,,,,,,,
1042,2786.1240234375,0.02783362753689289,2.783362753689289,10404.36179113388,10000,ppo,ppo,crawler,flat,thdot_dth_neighbours_plus_thdot_direct,,,,,,,,,,,,,,,0.0019928700595247483,0,781,0.0,0.0,,,,,,,,,,,,,,,,,,,,,,,,,,,,,,,,,,,,,,,,,,,,,,,,,,,,,,,,,,,,,,,,,,,,,,,,,,nan,,,,,,,,,,,,,,,
1043,2902.516357421875,0.028993211686611176,2.8993211686611176,10414.408451080322,10000,ppo,ppo,crawler,flat,thdot_dth_neighbours_plus_thdot_direct,,,,,,,,,,,,,,,0.0017127040064724838,0,781,0.0,0.0,,,,,,,,,,,,,,,,,,,,,,,,,,,,,,,,,,,,,,,,,,,,,,,,,,,,,,,,,,,,,,,,,,,,,,,,,,nan,,,,,,,,,,,,,,,
1044,2893.346435546875,0.028902990743517876,2.8902990743517876,10424.114449977875,10000,ppo,ppo,crawler,flat,thdot_dth_neighbours_plus_thdot_direct,,,,,,,,,,,,,,,0.0018940445352747513,0,781,0.0,0.0,,,,,,,,,,,,,,,,,,,,,,,,,,,,,,,,,,,,,,,,,,,,,,,,,,,,,,,,,,,,,,,,,,,,,,,,,,nan,,,,,,,,,,,,,,,
1045,2749.280029296875,0.027464358136057854,2.7464358136057854,10433.923913955688,10000,ppo,ppo,crawler,flat,thdot_dth_neighbours_plus_thdot_direct,,,,,,,,,,,,,,,0.0017660178534604318,0,781,0.0,0.0,,,,,,,,,,,,,,,,,,,,,,,,,,,,,,,,,,,,,,,,,,,,,,,,,,,,,,,,,,,,,,,,,,,,,,,,,,nan,,,,,,,,,,,,,,,
1046,2730.485595703125,0.027275823056697845,2.7275823056697845,10443.945233821869,10000,ppo,ppo,crawler,flat,thdot_dth_neighbours_plus_thdot_direct,,,,,,,,,,,,,,,0.0026596875523687284,0,781,0.0,0.0,,,,,,,,,,,,,,,,,,,,,,,,,,,,,,,,,,,,,,,,,,,,,,,,,,,,,,,,,,,,,,,,,,,,,,,,,,nan,,,,,,,,,,,,,,,
1047,2767.807861328125,0.027654757723212242,2.765475772321224,10453.588084697723,10000,ppo,ppo,crawler,flat,thdot_dth_neighbours_plus_thdot_direct,,,,,,,,,,,,,,,0.0018055742543782987,0,781,0.0,0.0,,,,,,,,,,,,,,,,,,,,,,,,,,,,,,,,,,,,,,,,,,,,,,,,,,,,,,,,,,,,,,,,,,,,,,,,,,nan,,,,,,,,,,,,,,,
1048,2820.248046875,0.028171325102448463,2.8171325102448463,10463.292181015015,10000,ppo,ppo,crawler,flat,thdot_dth_neighbours_plus_thdot_direct,,,,,,,,,,,,,,,0.002526347662942487,0,781,0.0,0.0,,,,,,,,,,,,,,,,,,,,,,,,,,,,,,,,,,,,,,,,,,,,,,,,,,,,,,,,,,,,,,,,,,,,,,,,,,nan,,,,,,,,,,,,,,,
1049,2741.66015625,0.027388866990804672,2.7388866990804672,10473.29715681076,10000,ppo,ppo,crawler,flat,thdot_dth_neighbours_plus_thdot_direct,,,,,,,,,,,,,,,0.002186457457187881,0,781,0.0,0.0,,,,,,,,,,,,,,,,,,,,,,,,,,,,,,,,,,,,,,,,,,,,,,,,,,,,,,,,,,,,,,,,,,,,,,,,,,nan,,,,,,,,,,,,,,,
1050,2693.260986328125,0.026899822056293488,2.6899822056293488,10482.97297334671,10000,ppo,ppo,crawler,flat,thdot_dth_neighbours_plus_thdot_direct,,,,,,,,,,,,,,,0.0023008666828273944,0,781,0.0,0.0,,,,,,,,,,,,,,,,,,,,,,,,,,,,,,,,,,,,,,,,,,,,,,,,,,,,,,,,,,,,,,,,,,,,,,,,,,nan,,,,,,,,,,,,,,,
1051,2748.386474609375,0.027458040043711662,2.7458040043711662,10493.009754419327,10000,ppo,ppo,crawler,flat,thdot_dth_neighbours_plus_thdot_direct,,,,,,,,,,,,,,,0.0018991824507584903,0,781,0.0,0.0,,,,,,,,,,,,,,,,,,,,,,,,,,,,,,,,,,,,,,,,,,,,,,,,,,,,,,,,,,,,,,,,,,,,,,,,,,nan,,,,,,,,,,,,,,,
1052,2833.70556640625,0.028308818116784096,2.8308818116784096,10502.901059627533,10000,ppo,ppo,crawler,flat,thdot_dth_neighbours_plus_thdot_direct,,,,,,,,,,,,,,,0.0022672572393883797,0,781,0.0,0.0,,,,,,,,,,,,,,,,,,,,,,,,,,,,,,,,,,,,,,,,,,,,,,,,,,,,,,,,,,,,,,,,,,,,,,,,,,nan,,,,,,,,,,,,,,,
1053,2811.396240234375,0.028083855286240578,2.8083855286240578,10512.950543165207,10000,ppo,ppo,crawler,flat,thdot_dth_neighbours_plus_thdot_direct,,,,,,,,,,,,,,,0.002496208637329429,0,781,0.0,0.0,,,,,,,,,,,,,,,,,,,,,,,,,,,,,,,,,,,,,,,,,,,,,,,,,,,,,,,,,,,,,,,,,,,,,,,,,,nan,,,,,,,,,,,,,,,
1054,2727.205810546875,0.027243752032518387,2.7243752032518387,10522.625869750977,10000,ppo,ppo,crawler,flat,thdot_dth_neighbours_plus_thdot_direct,,,,,,,,,,,,,,,0.0015973243673896723,0,781,0.0,0.0,,,,,,,,,,,,,,,,,,,,,,,,,,,,,,,,,,,,,,,,,,,,,,,,,,,,,,,,,,,,,,,,,,,,,,,,,,nan,,,,,,,,,,,,,,,
1055,2928.756591796875,0.029255909845232964,2.9255909845232964,10532.478723049164,10000,ppo,ppo,crawler,flat,thdot_dth_neighbours_plus_thdot_direct,,,,,,,,,,,,,,,0.0026114268921369485,0,781,0.0,0.0,,,,,,,,,,,,,,,,,,,,,,,,,,,,,,,,,,,,,,,,,,,,,,,,,,,,,,,,,,,,,,,,,,,,,,,,,,nan,,,,,,,,,,,,,,,
1056,2740.353515625,0.027371667325496674,2.7371667325496674,10542.718269109726,10000,ppo,ppo,crawler,flat,thdot_dth_neighbours_plus_thdot_direct,,,,,,,,,,,,,,,0.0021118295535544206,0,781,0.0,0.0,,,,,,,,,,,,,,,,,,,,,,,,,,,,,,,,,,,,,,,,,,,,,,,,,,,,,,,,,,,,,,,,,,,,,,,,,,nan,,,,,,,,,,,,,,,
1057,2807.554443359375,0.028043489903211594,2.8043489903211594,10552.514733314514,10000,ppo,ppo,crawler,flat,thdot_dth_neighbours_plus_thdot_direct,,,,,,,,,,,,,,,0.0017212701493206906,0,781,0.0,0.0,,,,,,,,,,,,,,,,,,,,,,,,,,,,,,,,,,,,,,,,,,,,,,,,,,,,,,,,,,,,,,,,,,,,,,,,,,nan,,,,,,,,,,,,,,,
1058,2779.69580078125,0.027766143903136253,2.7766143903136253,10562.504986286163,10000,ppo,ppo,crawler,flat,thdot_dth_neighbours_plus_thdot_direct,,,,,,,,,,,,,,,0.0025901494904592075,0,781,0.0,0.0,,,,,,,,,,,,,,,,,,,,,,,,,,,,,,,,,,,,,,,,,,,,,,,,,,,,,,,,,,,,,,,,,,,,,,,,,,nan,,,,,,,,,,,,,,,
1059,2764.202392578125,0.027613582089543343,2.7613582089543343,10572.453325271606,10000,ppo,ppo,crawler,flat,thdot_dth_neighbours_plus_thdot_direct,,,,,,,,,,,,,,,0.00212010115542928,0,781,0.0,0.0,,,,,,,,,,,,,,,,,,,,,,,,,,,,,,,,,,,,,,,,,,,,,,,,,,,,,,,,,,,,,,,,,,,,,,,,,,nan,,,,,,,,,,,,,,,
1060,2749.635498046875,0.02746669575572014,2.746669575572014,10582.554299592972,10000,ppo,ppo,crawler,flat,thdot_dth_neighbours_plus_thdot_direct,,,,,,,,,,,,,,,0.0015738089110161847,0,781,0.0,0.0,,,,,,,,,,,,,,,,,,,,,,,,,,,,,,,,,,,,,,,,,,,,,,,,,,,,,,,,,,,,,,,,,,,,,,,,,,nan,,,,,,,,,,,,,,,
1061,2730.46484375,0.027277734130620956,2.7277734130620956,10592.739959716797,10000,ppo,ppo,crawler,flat,thdot_dth_neighbours_plus_thdot_direct,,,,,,,,,,,,,,,0.0022376880942450834,0,781,0.0,0.0,,,,,,,,,,,,,,,,,,,,,,,,,,,,,,,,,,,,,,,,,,,,,,,,,,,,,,,,,,,,,,,,,,,,,,,,,,nan,,,,,,,,,,,,,,,
1062,2674.595458984375,0.02671441063284874,2.671441063284874,10602.596375703812,10000,ppo,ppo,crawler,flat,thdot_dth_neighbours_plus_thdot_direct,,,,,,,,,,,,,,,0.0017672682555434204,0,781,0.0,0.0,,,,,,,,,,,,,,,,,,,,,,,,,,,,,,,,,,,,,,,,,,,,,,,,,,,,,,,,,,,,,,,,,,,,,,,,,,nan,,,,,,,,,,,,,,,
1063,2849.071533203125,0.028462212532758713,2.8462212532758713,10612.515093326569,10000,ppo,ppo,crawler,flat,thdot_dth_neighbours_plus_thdot_direct,,,,,,,,,,,,,,,0.002207765303675199,0,781,0.0,0.0,,,,,,,,,,,,,,,,,,,,,,,,,,,,,,,,,,,,,,,,,,,,,,,,,,,,,,,,,,,,,,,,,,,,,,,,,,nan,,,,,,,,,,,,,,,
1064,2712.69580078125,0.027099736034870148,2.7099736034870148,10622.666905879974,10000,ppo,ppo,crawler,flat,thdot_dth_neighbours_plus_thdot_direct,,,,,,,,,,,,,,,0.0024306942864179976,0,781,0.0,0.0,,,,,,,,,,,,,,,,,,,,,,,,,,,,,,,,,,,,,,,,,,,,,,,,,,,,,,,,,,,,,,,,,,,,,,,,,,nan,,,,,,,,,,,,,,,
1065,2811.810302734375,0.0280916765332222,2.80916765332222,10632.6939432621,10000,ppo,ppo,crawler,flat,thdot_dth_neighbours_plus_thdot_direct,,,,,,,,,,,,,,,0.002662500568954427,0,781,0.0,0.0,,,,,,,,,,,,,,,,,,,,,,,,,,,,,,,,,,,,,,,,,,,,,,,,,,,,,,,,,,,,,,,,,,,,,,,,,,nan,,,,,,,,,,,,,,,
1066,2732.10546875,0.027292480692267418,2.729248069226742,10642.689766407013,10000,ppo,ppo,crawler,flat,thdot_dth_neighbours_plus_thdot_direct,,,,,,,,,,,,,,,0.0021837532554603452,0,781,0.0,0.0,,,,,,,,,,,,,,,,,,,,,,,,,,,,,,,,,,,,,,,,,,,,,,,,,,,,,,,,,,,,,,,,,,,,,,,,,,nan,,,,,,,,,,,,,,,
1067,2773.295166015625,0.027701232582330704,2.7701232582330704,10652.59108710289,10000,ppo,ppo,crawler,flat,thdot_dth_neighbours_plus_thdot_direct,,,,,,,,,,,,,,,0.001944923059396369,0,781,0.0,0.0,,,,,,,,,,,,,,,,,,,,,,,,,,,,,,,,,,,,,,,,,,,,,,,,,,,,,,,,,,,,,,,,,,,,,,,,,,nan,,,,,,,,,,,,,,,
1068,2669.921875,0.026671135798096657,2.6671135798096657,10662.811889886856,10000,ppo,ppo,crawler,flat,thdot_dth_neighbours_plus_thdot_direct,,,,,,,,,,,,,,,0.0025567977510844325,0,781,0.0,0.0,,,,,,,,,,,,,,,,,,,,,,,,,,,,,,,,,,,,,,,,,,,,,,,,,,,,,,,,,,,,,,,,,,,,,,,,,,nan,,,,,,,,,,,,,,,
1069,2765.25634765625,0.0276226494461298,2.76226494461298,10672.639936208725,10000,ppo,ppo,crawler,flat,thdot_dth_neighbours_plus_thdot_direct,,,,,,,,,,,,,,,0.0021616011830126332,0,781,0.0,0.0,,,,,,,,,,,,,,,,,,,,,,,,,,,,,,,,,,,,,,,,,,,,,,,,,,,,,,,,,,,,,,,,,,,,,,,,,,nan,,,,,,,,,,,,,,,
1070,2781.482666015625,0.027782632037997246,2.7782632037997246,10682.534935235977,10000,ppo,ppo,crawler,flat,thdot_dth_neighbours_plus_thdot_direct,,,,,,,,,,,,,,,0.0020857170555786753,0,781,0.0,0.0,,,,,,,,,,,,,,,,,,,,,,,,,,,,,,,,,,,,,,,,,,,,,,,,,,,,,,,,,,,,,,,,,,,,,,,,,,nan,,,,,,,,,,,,,,,
1071,2857.709716796875,0.028547096997499466,2.8547096997499466,10693.246884822845,10000,ppo,ppo,crawler,flat,thdot_dth_neighbours_plus_thdot_direct,,,,,,,,,,,,,,,0.0023642284943862753,0,781,0.0,0.0,,,,,,,,,,,,,,,,,,,,,,,,,,,,,,,,,,,,,,,,,,,,,,,,,,,,,,,,,,,,,,,,,,,,,,,,,,nan,,,,,,,,,,,,,,,
1072,2796.778076171875,0.027939947322010994,2.7939947322010994,10703.057373285294,10000,ppo,ppo,crawler,flat,thdot_dth_neighbours_plus_thdot_direct,,,,,,,,,,,,,,,0.001965544581111126,0,781,0.0,0.0,,,,,,,,,,,,,,,,,,,,,,,,,,,,,,,,,,,,,,,,,,,,,,,,,,,,,,,,,,,,,,,,,,,,,,,,,,nan,,,,,,,,,,,,,,,
1073,2699.33984375,0.026965435594320297,2.6965435594320297,10712.78906083107,10000,ppo,ppo,crawler,flat,thdot_dth_neighbours_plus_thdot_direct,,,,,,,,,,,,,,,0.002755981820386792,0,781,0.0,0.0,,,,,,,,,,,,,,,,,,,,,,,,,,,,,,,,,,,,,,,,,,,,,,,,,,,,,,,,,,,,,,,,,,,,,,,,,,nan,,,,,,,,,,,,,,,
1074,2787.942138671875,0.027846617624163628,2.7846617624163628,10722.759410381317,10000,ppo,ppo,crawler,flat,thdot_dth_neighbours_plus_thdot_direct,,,,,,,,,,,,,,,0.0019168094525240395,0,781,0.0,0.0,,,,,,,,,,,,,,,,,,,,,,,,,,,,,,,,,,,,,,,,,,,,,,,,,,,,,,,,,,,,,,,,,,,,,,,,,,nan,,,,,,,,,,,,,,,
1075,2683.194580078125,0.026800524443387985,2.6800524443387985,10732.704729795456,10000,ppo,ppo,crawler,flat,thdot_dth_neighbours_plus_thdot_direct,,,,,,,,,,,,,,,0.0017184654616695587,0,781,0.0,0.0,,,,,,,,,,,,,,,,,,,,,,,,,,,,,,,,,,,,,,,,,,,,,,,,,,,,,,,,,,,,,,,,,,,,,,,,,,nan,,,,,,,,,,,,,,,
1076,2687.619873046875,0.026846392080187798,2.6846392080187798,10742.794659137726,10000,ppo,ppo,crawler,flat,thdot_dth_neighbours_plus_thdot_direct,,,,,,,,,,,,,,,0.0027586279380333364,0,781,0.0,0.0,,,,,,,,,,,,,,,,,,,,,,,,,,,,,,,,,,,,,,,,,,,,,,,,,,,,,,,,,,,,,,,,,,,,,,,,,,nan,,,,,,,,,,,,,,,
1077,2573.601318359375,0.025707591325044632,2.570759132504463,10752.861355543137,10000,ppo,ppo,crawler,flat,thdot_dth_neighbours_plus_thdot_direct,,,,,,,,,,,,,,,0.0021790265431131076,0,781,0.0,0.0,,,,,,,,,,,,,,,,,,,,,,,,,,,,,,,,,,,,,,,,,,,,,,,,,,,,,,,,,,,,,,,,,,,,,,,,,,nan,,,,,,,,,,,,,,,
1078,2722.15673828125,0.02719142474234104,2.719142474234104,10762.782707214355,10000,ppo,ppo,crawler,flat,thdot_dth_neighbours_plus_thdot_direct,,,,,,,,,,,,,,,0.0028156196324181622,0,781,0.0,0.0,,,,,,,,,,,,,,,,,,,,,,,,,,,,,,,,,,,,,,,,,,,,,,,,,,,,,,,,,,,,,,,,,,,,,,,,,,nan,,,,,,,,,,,,,,,
1079,2741.636474609375,0.027385631576180458,2.738563157618046,10772.846994638443,10000,ppo,ppo,crawler,flat,thdot_dth_neighbours_plus_thdot_direct,,,,,,,,,,,,,,,0.002774822553246139,0,781,0.0,0.0,,,,,,,,,,,,,,,,,,,,,,,,,,,,,,,,,,,,,,,,,,,,,,,,,,,,,,,,,,,,,,,,,,,,,,,,,,nan,,,,,,,,,,,,,,,
1080,2715.2060546875,0.027122216299176216,2.7122216299176216,10782.54383111,10000,ppo,ppo,crawler,flat,thdot_dth_neighbours_plus_thdot_direct,,,,,,,,,,,,,,,0.0024554226841615573,0,781,0.0,0.0,,,,,,,,,,,,,,,,,,,,,,,,,,,,,,,,,,,,,,,,,,,,,,,,,,,,,,,,,,,,,,,,,,,,,,,,,,nan,,,,,,,,,,,,,,,
1081,2697.056640625,0.026943419128656387,2.6943419128656387,10792.611247062683,10000,ppo,ppo,crawler,flat,thdot_dth_neighbours_plus_thdot_direct,,,,,,,,,,,,,,,0.0026894484734566126,0,781,0.0,0.0,,,,,,,,,,,,,,,,,,,,,,,,,,,,,,,,,,,,,,,,,,,,,,,,,,,,,,,,,,,,,,,,,,,,,,,,,,nan,,,,,,,,,,,,,,,
1082,2741.2119140625,0.027381835505366325,2.7381835505366325,10802.552667856216,10000,ppo,ppo,crawler,flat,thdot_dth_neighbours_plus_thdot_direct,,,,,,,,,,,,,,,0.002077886345356795,0,781,0.0,0.0,,,,,,,,,,,,,,,,,,,,,,,,,,,,,,,,,,,,,,,,,,,,,,,,,,,,,,,,,,,,,,,,,,,,,,,,,,nan,,,,,,,,,,,,,,,
1083,2705.222900390625,0.027021514251828194,2.7021514251828194,10812.82120013237,10000,ppo,ppo,crawler,flat,thdot_dth_neighbours_plus_thdot_direct,,,,,,,,,,,,,,,0.00348290757063671,0,781,0.0,0.0,,,,,,,,,,,,,,,,,,,,,,,,,,,,,,,,,,,,,,,,,,,,,,,,,,,,,,,,,,,,,,,,,,,,,,,,,,nan,,,,,,,,,,,,,,,
1084,2724.063232421875,0.02721421979367733,2.721421979367733,10823.10182762146,10000,ppo,ppo,crawler,flat,thdot_dth_neighbours_plus_thdot_direct,,,,,,,,,,,,,,,0.0018331362188359075,0,781,0.0,0.0,,,,,,,,,,,,,,,,,,,,,,,,,,,,,,,,,,,,,,,,,,,,,,,,,,,,,,,,,,,,,,,,,,,,,,,,,,nan,,,,,,,,,,,,,,,
1085,2823.885986328125,0.028207488358020782,2.8207488358020782,10833.095164060593,10000,ppo,ppo,crawler,flat,thdot_dth_neighbours_plus_thdot_direct,,,,,,,,,,,,,,,0.0016947167609161647,0,781,0.0,0.0,,,,,,,,,,,,,,,,,,,,,,,,,,,,,,,,,,,,,,,,,,,,,,,,,,,,,,,,,,,,,,,,,,,,,,,,,,nan,,,,,,,,,,,,,,,
1086,2726.80712890625,0.027237804606556892,2.7237804606556892,10843.042692184448,10000,ppo,ppo,crawler,flat,thdot_dth_neighbours_plus_thdot_direct,,,,,,,,,,,,,,,0.0029061951420698584,0,781,0.0,0.0,,,,,,,,,,,,,,,,,,,,,,,,,,,,,,,,,,,,,,,,,,,,,,,,,,,,,,,,,,,,,,,,,,,,,,,,,,nan,,,,,,,,,,,,,,,
1087,2836.517333984375,0.028334487229585648,2.8334487229585648,10853.246015548706,10000,ppo,ppo,crawler,flat,thdot_dth_neighbours_plus_thdot_direct,,,,,,,,,,,,,,,0.0018170875840856431,0,781,0.0,0.0,,,,,,,,,,,,,,,,,,,,,,,,,,,,,,,,,,,,,,,,,,,,,,,,,,,,,,,,,,,,,,,,,,,,,,,,,,nan,,,,,,,,,,,,,,,
1088,2689.40234375,0.02686435543000698,2.686435543000698,10862.89971780777,10000,ppo,ppo,crawler,flat,thdot_dth_neighbours_plus_thdot_direct,,,,,,,,,,,,,,,0.002731085211406575,0,781,0.0,0.0,,,,,,,,,,,,,,,,,,,,,,,,,,,,,,,,,,,,,,,,,,,,,,,,,,,,,,,,,,,,,,,,,,,,,,,,,,nan,,,,,,,,,,,,,,,
1089,2711.181396484375,0.027077386155724525,2.7077386155724525,10873.181071519852,10000,ppo,ppo,crawler,flat,thdot_dth_neighbours_plus_thdot_direct,,,,,,,,,,,,,,,0.002609699794308063,0,781,0.0,0.0,,,,,,,,,,,,,,,,,,,,,,,,,,,,,,,,,,,,,,,,,,,,,,,,,,,,,,,,,,,,,,,,,,,,,,,,,,nan,,,,,,,,,,,,,,,
1090,2728.642822265625,0.027258925139904022,2.725892513990402,10883.137900829315,10000,ppo,ppo,crawler,flat,thdot_dth_neighbours_plus_thdot_direct,,,,,,,,,,,,,,,0.002059086480267477,0,781,0.0,0.0,,,,,,,,,,,,,,,,,,,,,,,,,,,,,,,,,,,,,,,,,,,,,,,,,,,,,,,,,,,,,,,,,,,,,,,,,,nan,,,,,,,,,,,,,,,
1091,2692.524658203125,0.026901427656412125,2.6901427656412125,10893.265331983566,10000,ppo,ppo,crawler,flat,thdot_dth_neighbours_plus_thdot_direct,,,,,,,,,,,,,,,0.002077893438344105,0,781,0.0,0.0,,,,,,,,,,,,,,,,,,,,,,,,,,,,,,,,,,,,,,,,,,,,,,,,,,,,,,,,,,,,,,,,,,,,,,,,,,nan,,,,,,,,,,,,,,,
1092,2856.622314453125,0.028536412864923477,2.8536412864923477,10903.504155397415,10000,ppo,ppo,crawler,flat,thdot_dth_neighbours_plus_thdot_direct,,,,,,,,,,,,,,,0.0017653787189523184,0,781,0.0,0.0,,,,,,,,,,,,,,,,,,,,,,,,,,,,,,,,,,,,,,,,,,,,,,,,,,,,,,,,,,,,,,,,,,,,,,,,,,nan,,,,,,,,,,,,,,,
1093,2729.724365234375,0.027269775047898293,2.7269775047898293,10913.409741401672,10000,ppo,ppo,crawler,flat,thdot_dth_neighbours_plus_thdot_direct,,,,,,,,,,,,,,,0.0019241491779099125,0,781,0.0,0.0,,,,,,,,,,,,,,,,,,,,,,,,,,,,,,,,,,,,,,,,,,,,,,,,,,,,,,,,,,,,,,,,,,,,,,,,,,nan,,,,,,,,,,,,,,,
1094,2740.584716796875,0.027373656630516052,2.7373656630516052,10923.375441789627,10000,ppo,ppo,crawler,flat,thdot_dth_neighbours_plus_thdot_direct,,,,,,,,,,,,,,,0.0016799132797731045,0,781,0.0,0.0,,,,,,,,,,,,,,,,,,,,,,,,,,,,,,,,,,,,,,,,,,,,,,,,,,,,,,,,,,,,,,,,,,,,,,,,,,nan,,,,,,,,,,,,,,,
1095,2771.02685546875,0.027680974453687668,2.768097445368767,10933.309648990631,10000,ppo,ppo,crawler,flat,thdot_dth_neighbours_plus_thdot_direct,,,,,,,,,,,,,,,0.0016484305585666807,0,781,0.0,0.0,,,,,,,,,,,,,,,,,,,,,,,,,,,,,,,,,,,,,,,,,,,,,,,,,,,,,,,,,,,,,,,,,,,,,,,,,,nan,,,,,,,,,,,,,,,
1096,2717.78369140625,0.027149248868227005,2.7149248868227005,10943.174944162369,10000,ppo,ppo,crawler,flat,thdot_dth_neighbours_plus_thdot_direct,,,,,,,,,,,,,,,0.0019487655807652806,0,781,0.0,0.0,,,,,,,,,,,,,,,,,,,,,,,,,,,,,,,,,,,,,,,,,,,,,,,,,,,,,,,,,,,,,,,,,,,,,,,,,,nan,,,,,,,,,,,,,,,
1097,2735.568359375,0.02732427977025509,2.732427977025509,10953.28499531746,10000,ppo,ppo,crawler,flat,thdot_dth_neighbours_plus_thdot_direct,,,,,,,,,,,,,,,0.0024073178423421548,0,781,0.0,0.0,,,,,,,,,,,,,,,,,,,,,,,,,,,,,,,,,,,,,,,,,,,,,,,,,,,,,,,,,,,,,,,,,,,,,,,,,,nan,,,,,,,,,,,,,,,
1098,2690.904052734375,0.02688026614487171,2.688026614487171,10963.161234140396,10000,ppo,ppo,crawler,flat,thdot_dth_neighbours_plus_thdot_direct,,,,,,,,,,,,,,,0.0024432738917424465,0,781,0.0,0.0,,,,,,,,,,,,,,,,,,,,,,,,,,,,,,,,,,,,,,,,,,,,,,,,,,,,,,,,,,,,,,,,,,,,,,,,,,nan,,,,,,,,,,,,,,,
1099,2775.272216796875,0.02772371843457222,2.772371843457222,10973.092353343964,10000,ppo,ppo,crawler,flat,thdot_dth_neighbours_plus_thdot_direct,,,,,,,,,,,,,,,0.002258258723329295,0,781,0.0,0.0,,,,,,,,,,,,,,,,,,,,,,,,,,,,,,,,,,,,,,,,,,,,,,,,,,,,,,,,,,,,,,,,,,,,,,,,,,nan,,,,,,,,,,,,,,,
1100,2693.977783203125,0.026910176500678062,2.6910176500678062,10983.213477373123,10000,ppo,ppo,crawler,flat,thdot_dth_neighbours_plus_thdot_direct,,,,,,,,,,,,,,,0.002019438101875883,0,781,0.0,0.0,,,,,,,,,,,,,,,,,,,,,,,,,,,,,,,,,,,,,,,,,,,,,,,,,,,,,,,,,,,,,,,,,,,,,,,,,,nan,,,,,,,,,,,,,,,
1101,2787.01708984375,0.02783847041428089,2.783847041428089,10992.722819805145,10000,ppo,ppo,crawler,flat,thdot_dth_neighbours_plus_thdot_direct,,,,,,,,,,,,,,,0.0018504956488654938,0,781,0.0,0.0,,,,,,,,,,,,,,,,,,,,,,,,,,,,,,,,,,,,,,,,,,,,,,,,,,,,,,,,,,,,,,,,,,,,,,,,,,nan,,,,,,,,,,,,,,,
1102,2731.927001953125,0.02729167975485325,2.729167975485325,11002.614345550537,10000,ppo,ppo,crawler,flat,thdot_dth_neighbours_plus_thdot_direct,,,,,,,,,,,,,,,0.0022638191866933125,0,781,0.0,0.0,,,,,,,,,,,,,,,,,,,,,,,,,,,,,,,,,,,,,,,,,,,,,,,,,,,,,,,,,,,,,,,,,,,,,,,,,,nan,,,,,,,,,,,,,,,
1103,2791.93310546875,0.02788802981376648,2.788802981376648,11012.298439502716,10000,ppo,ppo,crawler,flat,thdot_dth_neighbours_plus_thdot_direct,,,,,,,,,,,,,,,0.0018947980911556844,0,781,0.0,0.0,,,,,,,,,,,,,,,,,,,,,,,,,,,,,,,,,,,,,,,,,,,,,,,,,,,,,,,,,,,,,,,,,,,,,,,,,,nan,,,,,,,,,,,,,,,
1104,2724.586669921875,0.02721702866256237,2.721702866256237,11022.636606693268,10000,ppo,ppo,crawler,flat,thdot_dth_neighbours_plus_thdot_direct,,,,,,,,,,,,,,,0.0014619929607008867,0,781,0.0,0.0,,,,,,,,,,,,,,,,,,,,,,,,,,,,,,,,,,,,,,,,,,,,,,,,,,,,,,,,,,,,,,,,,,,,,,,,,,nan,,,,,,,,,,,,,,,
1105,2810.03759765625,0.028071627020835876,2.8071627020835876,11032.804422855377,10000,ppo,ppo,crawler,flat,thdot_dth_neighbours_plus_thdot_direct,,,,,,,,,,,,,,,0.0021942485708061816,0,781,0.0,0.0,,,,,,,,,,,,,,,,,,,,,,,,,,,,,,,,,,,,,,,,,,,,,,,,,,,,,,,,,,,,,,,,,,,,,,,,,,nan,,,,,,,,,,,,,,,
1106,2715.09814453125,0.02712067775428295,2.712067775428295,11042.537978887558,10000,ppo,ppo,crawler,flat,thdot_dth_neighbours_plus_thdot_direct,,,,,,,,,,,,,,,0.0015843007617643028,0,781,0.0,0.0,,,,,,,,,,,,,,,,,,,,,,,,,,,,,,,,,,,,,,,,,,,,,,,,,,,,,,,,,,,,,,,,,,,,,,,,,,nan,,,,,,,,,,,,,,,
1107,2776.108154296875,0.027730101719498634,2.7730101719498634,11052.499701023102,10000,ppo,ppo,crawler,flat,thdot_dth_neighbours_plus_thdot_direct,,,,,,,,,,,,,,,0.0024741255358860605,0,781,0.0,0.0,,,,,,,,,,,,,,,,,,,,,,,,,,,,,,,,,,,,,,,,,,,,,,,,,,,,,,,,,,,,,,,,,,,,,,,,,,nan,,,,,,,,,,,,,,,
1108,2800.794677734375,0.02798154577612877,2.798154577612877,11062.691703796387,10000,ppo,ppo,crawler,flat,thdot_dth_neighbours_plus_thdot_direct,,,,,,,,,,,,,,,0.0023640555556650104,0,781,0.0,0.0,,,,,,,,,,,,,,,,,,,,,,,,,,,,,,,,,,,,,,,,,,,,,,,,,,,,,,,,,,,,,,,,,,,,,,,,,,nan,,,,,,,,,,,,,,,
1109,2645.635986328125,0.026425471529364586,2.6425471529364586,11072.90845322609,10000,ppo,ppo,crawler,flat,thdot_dth_neighbours_plus_thdot_direct,,,,,,,,,,,,,,,0.0019784500856395272,0,781,0.0,0.0,,,,,,,,,,,,,,,,,,,,,,,,,,,,,,,,,,,,,,,,,,,,,,,,,,,,,,,,,,,,,,,,,,,,,,,,,,nan,,,,,,,,,,,,,,,
1110,2607.218505859375,0.026045702397823334,2.6045702397823334,11083.242555379868,10000,ppo,ppo,crawler,flat,thdot_dth_neighbours_plus_thdot_direct,,,,,,,,,,,,,,,0.0018006594604027858,0,781,0.0,0.0,,,,,,,,,,,,,,,,,,,,,,,,,,,,,,,,,,,,,,,,,,,,,,,,,,,,,,,,,,,,,,,,,,,,,,,,,,nan,,,,,,,,,,,,,,,
1111,2616.791748046875,0.02613729238510132,2.613729238510132,11093.342951536179,10000,ppo,ppo,crawler,flat,thdot_dth_neighbours_plus_thdot_direct,,,,,,,,,,,,,,,0.0022048762085571405,0,781,0.0,0.0,,,,,,,,,,,,,,,,,,,,,,,,,,,,,,,,,,,,,,,,,,,,,,,,,,,,,,,,,,,,,,,,,,,,,,,,,,nan,,,,,,,,,,,,,,,
1112,2531.73193359375,0.02529059164226055,2.529059164226055,11103.302121400833,10000,ppo,ppo,crawler,flat,thdot_dth_neighbours_plus_thdot_direct,,,,,,,,,,,,,,,0.002686701606519559,0,781,0.0,0.0,,,,,,,,,,,,,,,,,,,,,,,,,,,,,,,,,,,,,,,,,,,,,,,,,,,,,,,,,,,,,,,,,,,,,,,,,,nan,,,,,,,,,,,,,,,
1113,2801.4150390625,0.027987206354737282,2.798720635473728,11113.35113787651,10000,ppo,ppo,crawler,flat,thdot_dth_neighbours_plus_thdot_direct,,,,,,,,,,,,,,,0.001870003407637393,0,781,0.0,0.0,,,,,,,,,,,,,,,,,,,,,,,,,,,,,,,,,,,,,,,,,,,,,,,,,,,,,,,,,,,,,,,,,,,,,,,,,,nan,,,,,,,,,,,,,,,
1114,2722.129638671875,0.027197400107979774,2.7197400107979774,11123.08444595337,10000,ppo,ppo,crawler,flat,thdot_dth_neighbours_plus_thdot_direct,,,,,,,,,,,,,,,0.0016365829869778835,0,781,0.0,0.0,,,,,,,,,,,,,,,,,,,,,,,,,,,,,,,,,,,,,,,,,,,,,,,,,,,,,,,,,,,,,,,,,,,,,,,,,,nan,,,,,,,,,,,,,,,
1115,2616.010498046875,0.026131505146622658,2.6131505146622658,11133.5688996315,10000,ppo,ppo,crawler,flat,thdot_dth_neighbours_plus_thdot_direct,,,,,,,,,,,,,,,0.0011944996718647862,0,781,0.0,0.0,,,,,,,,,,,,,,,,,,,,,,,,,,,,,,,,,,,,,,,,,,,,,,,,,,,,,,,,,,,,,,,,,,,,,,,,,,nan,,,,,,,,,,,,,,,
1116,2636.9287109375,0.02634672448039055,2.634672448039055,11143.429116010666,10000,ppo,ppo,crawler,flat,thdot_dth_neighbours_plus_thdot_direct,,,,,,,,,,,,,,,0.002640309573930598,0,781,0.0,0.0,,,,,,,,,,,,,,,,,,,,,,,,,,,,,,,,,,,,,,,,,,,,,,,,,,,,,,,,,,,,,,,,,,,,,,,,,,nan,,,,,,,,,,,,,,,
1117,2786.866455078125,0.02784416824579239,2.784416824579239,11153.29009962082,10000,ppo,ppo,crawler,flat,thdot_dth_neighbours_plus_thdot_direct,,,,,,,,,,,,,,,0.002170733207126624,0,781,0.0,0.0,,,,,,,,,,,,,,,,,,,,,,,,,,,,,,,,,,,,,,,,,,,,,,,,,,,,,,,,,,,,,,,,,,,,,,,,,,nan,,,,,,,,,,,,,,,
1118,2710.339111328125,0.02707444317638874,2.707444317638874,11163.584730625153,10000,ppo,ppo,crawler,flat,thdot_dth_neighbours_plus_thdot_direct,,,,,,,,,,,,,,,0.002105548970579695,0,781,0.0,0.0,,,,,,,,,,,,,,,,,,,,,,,,,,,,,,,,,,,,,,,,,,,,,,,,,,,,,,,,,,,,,,,,,,,,,,,,,,nan,,,,,,,,,,,,,,,
1119,2756.077392578125,0.027533605694770813,2.7533605694770813,11173.443514585495,10000,ppo,ppo,crawler,flat,thdot_dth_neighbours_plus_thdot_direct,,,,,,,,,,,,,,,0.001751345862013853,0,781,0.0,0.0,,,,,,,,,,,,,,,,,,,,,,,,,,,,,,,,,,,,,,,,,,,,,,,,,,,,,,,,,,,,,,,,,,,,,,,,,,nan,,,,,,,,,,,,,,,
1120,2839.012451171875,0.02836764231324196,2.836764231324196,11183.611562728882,10000,ppo,ppo,crawler,flat,thdot_dth_neighbours_plus_thdot_direct,,,,,,,,,,,,,,,0.001773534814647565,0,781,0.0,0.0,,,,,,,,,,,,,,,,,,,,,,,,,,,,,,,,,,,,,,,,,,,,,,,,,,,,,,,,,,,,,,,,,,,,,,,,,,nan,,,,,,,,,,,,,,,
1121,2814.932861328125,0.028123607859015465,2.8123607859015465,11193.720186710358,10000,ppo,ppo,crawler,flat,thdot_dth_neighbours_plus_thdot_direct,,,,,,,,,,,,,,,0.0014046891817490524,0,781,0.0,0.0,,,,,,,,,,,,,,,,,,,,,,,,,,,,,,,,,,,,,,,,,,,,,,,,,,,,,,,,,,,,,,,,,,,,,,,,,,nan,,,,,,,,,,,,,,,
1122,2726.161865234375,0.027234358713030815,2.7234358713030815,11203.567272424698,10000,ppo,ppo,crawler,flat,thdot_dth_neighbours_plus_thdot_direct,,,,,,,,,,,,,,,0.0017148984616319706,0,781,0.0,0.0,,,,,,,,,,,,,,,,,,,,,,,,,,,,,,,,,,,,,,,,,,,,,,,,,,,,,,,,,,,,,,,,,,,,,,,,,,nan,,,,,,,,,,,,,,,
1123,2765.091552734375,0.027619140222668648,2.7619140222668648,11213.701391458511,10000,ppo,ppo,crawler,flat,thdot_dth_neighbours_plus_thdot_direct,,,,,,,,,,,,,,,0.0017827151916694867,0,781,0.0,0.0,,,,,,,,,,,,,,,,,,,,,,,,,,,,,,,,,,,,,,,,,,,,,,,,,,,,,,,,,,,,,,,,,,,,,,,,,,nan,,,,,,,,,,,,,,,
1124,2778.740966796875,0.027759654447436333,2.7759654447436333,11223.38536119461,10000,ppo,ppo,crawler,flat,thdot_dth_neighbours_plus_thdot_direct,,,,,,,,,,,,,,,0.0021406762161824723,0,781,0.0,0.0,,,,,,,,,,,,,,,,,,,,,,,,,,,,,,,,,,,,,,,,,,,,,,,,,,,,,,,,,,,,,,,,,,,,,,,,,,nan,,,,,,,,,,,,,,,
1125,2787.36328125,0.027847277000546455,2.7847277000546455,11233.326089382172,10000,ppo,ppo,crawler,flat,thdot_dth_neighbours_plus_thdot_direct,,,,,,,,,,,,,,,0.0021056028262778914,0,781,0.0,0.0,,,,,,,,,,,,,,,,,,,,,,,,,,,,,,,,,,,,,,,,,,,,,,,,,,,,,,,,,,,,,,,,,,,,,,,,,,nan,,,,,,,,,,,,,,,
1126,2732.523193359375,0.027297109365463257,2.7297109365463257,11243.201397418976,10000,ppo,ppo,crawler,flat,thdot_dth_neighbours_plus_thdot_direct,,,,,,,,,,,,,,,0.0017535719719567885,0,781,0.0,0.0,,,,,,,,,,,,,,,,,,,,,,,,,,,,,,,,,,,,,,,,,,,,,,,,,,,,,,,,,,,,,,,,,,,,,,,,,,nan,,,,,,,,,,,,,,,
1127,2751.939453125,0.027492070570588112,2.749207057058811,11252.832179069519,10000,ppo,ppo,crawler,flat,thdot_dth_neighbours_plus_thdot_direct,,,,,,,,,,,,,,,0.0017236041825254129,0,781,0.0,0.0,,,,,,,,,,,,,,,,,,,,,,,,,,,,,,,,,,,,,,,,,,,,,,,,,,,,,,,,,,,,,,,,,,,,,,,,,,nan,,,,,,,,,,,,,,,
1128,2888.345458984375,0.028856001794338226,2.8856001794338226,11263.101065158844,10000,ppo,ppo,crawler,flat,thdot_dth_neighbours_plus_thdot_direct,,,,,,,,,,,,,,,0.0014441647554418982,0,781,0.0,0.0,,,,,,,,,,,,,,,,,,,,,,,,,,,,,,,,,,,,,,,,,,,,,,,,,,,,,,,,,,,,,,,,,,,,,,,,,,nan,,,,,,,,,,,,,,,
1129,2751.15771484375,0.027481786906719208,2.7481786906719208,11272.551113128662,10000,ppo,ppo,crawler,flat,thdot_dth_neighbours_plus_thdot_direct,,,,,,,,,,,,,,,0.0016080184767444325,0,781,0.0,0.0,,,,,,,,,,,,,,,,,,,,,,,,,,,,,,,,,,,,,,,,,,,,,,,,,,,,,,,,,,,,,,,,,,,,,,,,,,nan,,,,,,,,,,,,,,,
1130,2845.00732421875,0.028420204296708107,2.8420204296708107,11282.746124982834,10000,ppo,ppo,crawler,flat,thdot_dth_neighbours_plus_thdot_direct,,,,,,,,,,,,,,,0.0016501650736360789,0,781,0.0,0.0,,,,,,,,,,,,,,,,,,,,,,,,,,,,,,,,,,,,,,,,,,,,,,,,,,,,,,,,,,,,,,,,,,,,,,,,,,nan,,,,,,,,,,,,,,,
1131,2752.051513671875,0.027496282011270523,2.7496282011270523,11292.618261575699,10000,ppo,ppo,crawler,flat,thdot_dth_neighbours_plus_thdot_direct,,,,,,,,,,,,,,,0.0014232781748068403,0,781,0.0,0.0,,,,,,,,,,,,,,,,,,,,,,,,,,,,,,,,,,,,,,,,,,,,,,,,,,,,,,,,,,,,,,,,,,,,,,,,,,nan,,,,,,,,,,,,,,,
1132,2779.90380859375,0.027770256623625755,2.7770256623625755,11302.274853229523,10000,ppo,ppo,crawler,flat,thdot_dth_neighbours_plus_thdot_direct,,,,,,,,,,,,,,,0.0016625636408713926,0,781,0.0,0.0,,,,,,,,,,,,,,,,,,,,,,,,,,,,,,,,,,,,,,,,,,,,,,,,,,,,,,,,,,,,,,,,,,,,,,,,,,nan,,,,,,,,,,,,,,,
1133,2792.088623046875,0.027893219143152237,2.7893219143152237,11312.453414440155,10000,ppo,ppo,crawler,flat,thdot_dth_neighbours_plus_thdot_direct,,,,,,,,,,,,,,,0.001582648523825593,0,781,0.0,0.0,,,,,,,,,,,,,,,,,,,,,,,,,,,,,,,,,,,,,,,,,,,,,,,,,,,,,,,,,,,,,,,,,,,,,,,,,,nan,,,,,,,,,,,,,,,
1134,2754.912841796875,0.027521807700395584,2.7521807700395584,11322.264600515366,10000,ppo,ppo,crawler,flat,thdot_dth_neighbours_plus_thdot_direct,,,,,,,,,,,,,,,0.0016977315839296712,0,781,0.0,0.0,,,,,,,,,,,,,,,,,,,,,,,,,,,,,,,,,,,,,,,,,,,,,,,,,,,,,,,,,,,,,,,,,,,,,,,,,,nan,,,,,,,,,,,,,,,
1135,2757.8515625,0.027555767446756363,2.7555767446756363,11332.324840784073,10000,ppo,ppo,crawler,flat,thdot_dth_neighbours_plus_thdot_direct,,,,,,,,,,,,,,,0.003174821096623737,0,781,0.0,0.0,,,,,,,,,,,,,,,,,,,,,,,,,,,,,,,,,,,,,,,,,,,,,,,,,,,,,,,,,,,,,,,,,,,,,,,,,,nan,,,,,,,,,,,,,,,
1136,2733.648193359375,0.027309130877256393,2.7309130877256393,11342.246708154678,10000,ppo,ppo,crawler,flat,thdot_dth_neighbours_plus_thdot_direct,,,,,,,,,,,,,,,0.0019088578350473563,0,781,0.0,0.0,,,,,,,,,,,,,,,,,,,,,,,,,,,,,,,,,,,,,,,,,,,,,,,,,,,,,,,,,,,,,,,,,,,,,,,,,,nan,,,,,,,,,,,,,,,
1137,2864.783203125,0.028617573902010918,2.8617573902010918,11352.194668769836,10000,ppo,ppo,crawler,flat,thdot_dth_neighbours_plus_thdot_direct,,,,,,,,,,,,,,,0.0014479784346015697,0,781,0.0,0.0,,,,,,,,,,,,,,,,,,,,,,,,,,,,,,,,,,,,,,,,,,,,,,,,,,,,,,,,,,,,,,,,,,,,,,,,,,nan,,,,,,,,,,,,,,,
1138,2711.1806640625,0.02708445116877556,2.708445116877556,11362.20543718338,10000,ppo,ppo,crawler,flat,thdot_dth_neighbours_plus_thdot_direct,,,,,,,,,,,,,,,0.0014494457450574616,0,781,0.0,0.0,,,,,,,,,,,,,,,,,,,,,,,,,,,,,,,,,,,,,,,,,,,,,,,,,,,,,,,,,,,,,,,,,,,,,,,,,,nan,,,,,,,,,,,,,,,
1139,2748.28564453125,0.027457360178232193,2.7457360178232193,11372.044576883316,10000,ppo,ppo,crawler,flat,thdot_dth_neighbours_plus_thdot_direct,,,,,,,,,,,,,,,0.002200762288142442,0,781,0.0,0.0,,,,,,,,,,,,,,,,,,,,,,,,,,,,,,,,,,,,,,,,,,,,,,,,,,,,,,,,,,,,,,,,,,,,,,,,,,nan,,,,,,,,,,,,,,,
1140,2727.97705078125,0.02725321613252163,2.725321613252163,11381.810754299164,10000,ppo,ppo,crawler,flat,thdot_dth_neighbours_plus_thdot_direct,,,,,,,,,,,,,,,0.0016841823408917423,0,781,0.0,0.0,,,,,,,,,,,,,,,,,,,,,,,,,,,,,,,,,,,,,,,,,,,,,,,,,,,,,,,,,,,,,,,,,,,,,,,,,,nan,,,,,,,,,,,,,,,
1141,2819.43115234375,0.028161687776446342,2.8161687776446342,11391.925794839859,10000,ppo,ppo,crawler,flat,thdot_dth_neighbours_plus_thdot_direct,,,,,,,,,,,,,,,0.001777399867669362,0,781,0.0,0.0,,,,,,,,,,,,,,,,,,,,,,,,,,,,,,,,,,,,,,,,,,,,,,,,,,,,,,,,,,,,,,,,,,,,,,,,,,nan,,,,,,,,,,,,,,,
1142,2677.095703125,0.026744278147816658,2.674427814781666,11401.578399658203,10000,ppo,ppo,crawler,flat,thdot_dth_neighbours_plus_thdot_direct,,,,,,,,,,,,,,,0.0017133956513919653,0,781,0.0,0.0,,,,,,,,,,,,,,,,,,,,,,,,,,,,,,,,,,,,,,,,,,,,,,,,,,,,,,,,,,,,,,,,,,,,,,,,,,nan,,,,,,,,,,,,,,,
1143,2692.021484375,0.026893071830272675,2.6893071830272675,11411.58451628685,10000,ppo,ppo,crawler,flat,thdot_dth_neighbours_plus_thdot_direct,,,,,,,,,,,,,,,0.0017813188030642764,0,781,0.0,0.0,,,,,,,,,,,,,,,,,,,,,,,,,,,,,,,,,,,,,,,,,,,,,,,,,,,,,,,,,,,,,,,,,,,,,,,,,,nan,,,,,,,,,,,,,,,
1144,2695.2509765625,0.02692616544663906,2.692616544663906,11421.732931375504,10000,ppo,ppo,crawler,flat,thdot_dth_neighbours_plus_thdot_direct,,,,,,,,,,,,,,,0.0016248044205588715,0,781,0.0,0.0,,,,,,,,,,,,,,,,,,,,,,,,,,,,,,,,,,,,,,,,,,,,,,,,,,,,,,,,,,,,,,,,,,,,,,,,,,nan,,,,,,,,,,,,,,,
1145,2842.056396484375,0.028393907472491264,2.8393907472491264,11431.60727262497,10000,ppo,ppo,crawler,flat,thdot_dth_neighbours_plus_thdot_direct,,,,,,,,,,,,,,,0.0019093690503087506,0,781,0.0,0.0,,,,,,,,,,,,,,,,,,,,,,,,,,,,,,,,,,,,,,,,,,,,,,,,,,,,,,,,,,,,,,,,,,,,,,,,,,nan,,,,,,,,,,,,,,,
1146,2883.971435546875,0.0288073867559433,2.88073867559433,11441.660157203674,10000,ppo,ppo,crawler,flat,thdot_dth_neighbours_plus_thdot_direct,,,,,,,,,,,,,,,0.0011212910716827717,0,781,0.0,0.0,,,,,,,,,,,,,,,,,,,,,,,,,,,,,,,,,,,,,,,,,,,,,,,,,,,,,,,,,,,,,,,,,,,,,,,,,,nan,,,,,,,,,,,,,,,
1147,2772.389404296875,0.027697283774614334,2.7697283774614334,11451.394327640533,10000,ppo,ppo,crawler,flat,thdot_dth_neighbours_plus_thdot_direct,,,,,,,,,,,,,,,0.0022058794182652068,0,781,0.0,0.0,,,,,,,,,,,,,,,,,,,,,,,,,,,,,,,,,,,,,,,,,,,,,,,,,,,,,,,,,,,,,,,,,,,,,,,,,,nan,,,,,,,,,,,,,,,
1148,2787.849609375,0.027848778292536736,2.7848778292536736,11461.656566858292,10000,ppo,ppo,crawler,flat,thdot_dth_neighbours_plus_thdot_direct,,,,,,,,,,,,,,,0.0014347842964079613,0,781,0.0,0.0,,,,,,,,,,,,,,,,,,,,,,,,,,,,,,,,,,,,,,,,,,,,,,,,,,,,,,,,,,,,,,,,,,,,,,,,,,nan,,,,,,,,,,,,,,,
1149,2813.993896484375,0.02810966782271862,2.810966782271862,11471.481334209442,10000,ppo,ppo,crawler,flat,thdot_dth_neighbours_plus_thdot_direct,,,,,,,,,,,,,,,0.002579158655491364,0,781,0.0,0.0,,,,,,,,,,,,,,,,,,,,,,,,,,,,,,,,,,,,,,,,,,,,,,,,,,,,,,,,,,,,,,,,,,,,,,,,,,nan,,,,,,,,,,,,,,,
1150,2725.166748046875,0.027221661061048508,2.7221661061048508,11481.37409043312,10000,ppo,ppo,crawler,flat,thdot_dth_neighbours_plus_thdot_direct,,,,,,,,,,,,,,,0.002652245157641894,0,781,0.0,0.0,,,,,,,,,,,,,,,,,,,,,,,,,,,,,,,,,,,,,,,,,,,,,,,,,,,,,,,,,,,,,,,,,,,,,,,,,,nan,,,,,,,,,,,,,,,
1151,2920.772705078125,0.029175713658332825,2.9175713658332825,11491.525601387024,10000,ppo,ppo,crawler,flat,thdot_dth_neighbours_plus_thdot_direct,,,,,,,,,,,,,,,0.0018222648375393362,0,781,0.0,0.0,,,,,,,,,,,,,,,,,,,,,,,,,,,,,,,,,,,,,,,,,,,,,,,,,,,,,,,,,,,,,,,,,,,,,,,,,,nan,,,,,,,,,,,,,,,
1152,2777.01611328125,0.027739202603697777,2.7739202603697777,11501.265777349472,10000,ppo,ppo,crawler,flat,thdot_dth_neighbours_plus_thdot_direct,,,,,,,,,,,,,,,0.0019270055031463556,0,781,0.0,0.0,,,,,,,,,,,,,,,,,,,,,,,,,,,,,,,,,,,,,,,,,,,,,,,,,,,,,,,,,,,,,,,,,,,,,,,,,,nan,,,,,,,,,,,,,,,
1153,2702.971435546875,0.02699877880513668,2.699877880513668,11511.247404575348,10000,ppo,ppo,crawler,flat,thdot_dth_neighbours_plus_thdot_direct,,,,,,,,,,,,,,,0.0017828146369800464,0,781,0.0,0.0,,,,,,,,,,,,,,,,,,,,,,,,,,,,,,,,,,,,,,,,,,,,,,,,,,,,,,,,,,,,,,,,,,,,,,,,,,nan,,,,,,,,,,,,,,,
1154,2770.98291015625,0.027678869664669037,2.7678869664669037,11521.297399044037,10000,ppo,ppo,crawler,flat,thdot_dth_neighbours_plus_thdot_direct,,,,,,,,,,,,,,,0.0016227422716897256,0,781,0.0,0.0,,,,,,,,,,,,,,,,,,,,,,,,,,,,,,,,,,,,,,,,,,,,,,,,,,,,,,,,,,,,,,,,,,,,,,,,,,nan,,,,,,,,,,,,,,,
1155,2808.807373046875,0.02805822156369686,2.805822156369686,11531.16479253769,10000,ppo,ppo,crawler,flat,thdot_dth_neighbours_plus_thdot_direct,,,,,,,,,,,,,,,0.0019150460853574849,0,781,0.0,0.0,,,,,,,,,,,,,,,,,,,,,,,,,,,,,,,,,,,,,,,,,,,,,,,,,,,,,,,,,,,,,,,,,,,,,,,,,,nan,,,,,,,,,,,,,,,
1156,2841.012451171875,0.028379058465361595,2.8379058465361595,11541.076071023941,10000,ppo,ppo,crawler,flat,thdot_dth_neighbours_plus_thdot_direct,,,,,,,,,,,,,,,0.0017654487069805522,0,781,0.0,0.0,,,,,,,,,,,,,,,,,,,,,,,,,,,,,,,,,,,,,,,,,,,,,,,,,,,,,,,,,,,,,,,,,,,,,,,,,,nan,,,,,,,,,,,,,,,
1157,2765.567626953125,0.027630580589175224,2.7630580589175224,11550.8525390625,10000,ppo,ppo,crawler,flat,thdot_dth_neighbours_plus_thdot_direct,,,,,,,,,,,,,,,0.0018311297114006158,0,781,0.0,0.0,,,,,,,,,,,,,,,,,,,,,,,,,,,,,,,,,,,,,,,,,,,,,,,,,,,,,,,,,,,,,,,,,,,,,,,,,,nan,,,,,,,,,,,,,,,
1158,2825.362548828125,0.028225859627127647,2.8225859627127647,11560.942269086838,10000,ppo,ppo,crawler,flat,thdot_dth_neighbours_plus_thdot_direct,,,,,,,,,,,,,,,0.0016103732846734224,0,781,0.0,0.0,,,,,,,,,,,,,,,,,,,,,,,,,,,,,,,,,,,,,,,,,,,,,,,,,,,,,,,,,,,,,,,,,,,,,,,,,,nan,,,,,,,,,,,,,,,
1159,2782.069091796875,0.027788430452346802,2.77884304523468,11570.965400218964,10000,ppo,ppo,crawler,flat,thdot_dth_neighbours_plus_thdot_direct,,,,,,,,,,,,,,,0.0025317220730350816,0,781,0.0,0.0,,,,,,,,,,,,,,,,,,,,,,,,,,,,,,,,,,,,,,,,,,,,,,,,,,,,,,,,,,,,,,,,,,,,,,,,,,nan,,,,,,,,,,,,,,,
1160,2925.239013671875,0.029219407588243484,2.9219407588243484,11580.968413591385,10000,ppo,ppo,crawler,flat,thdot_dth_neighbours_plus_thdot_direct,,,,,,,,,,,,,,,0.0014424156300180157,0,781,0.0,0.0,,,,,,,,,,,,,,,,,,,,,,,,,,,,,,,,,,,,,,,,,,,,,,,,,,,,,,,,,,,,,,,,,,,,,,,,,,nan,,,,,,,,,,,,,,,
1161,2908.741455078125,0.029058964923024178,2.9058964923024178,11591.189363718033,10000,ppo,ppo,crawler,flat,thdot_dth_neighbours_plus_thdot_direct,,,,,,,,,,,,,,,0.0017313403236556032,0,781,0.0,0.0,,,,,,,,,,,,,,,,,,,,,,,,,,,,,,,,,,,,,,,,,,,,,,,,,,,,,,,,,,,,,,,,,,,,,,,,,,nan,,,,,,,,,,,,,,,
1162,2803.586669921875,0.028006933629512787,2.8006933629512787,11601.197555541992,10000,ppo,ppo,crawler,flat,thdot_dth_neighbours_plus_thdot_direct,,,,,,,,,,,,,,,0.0014862752402293577,0,781,0.0,0.0,,,,,,,,,,,,,,,,,,,,,,,,,,,,,,,,,,,,,,,,,,,,,,,,,,,,,,,,,,,,,,,,,,,,,,,,,,nan,,,,,,,,,,,,,,,
1163,2781.170654296875,0.0277804434299469,2.77804434299469,11611.312213420868,10000,ppo,ppo,crawler,flat,thdot_dth_neighbours_plus_thdot_direct,,,,,,,,,,,,,,,0.002677604136683182,0,781,0.0,0.0,,,,,,,,,,,,,,,,,,,,,,,,,,,,,,,,,,,,,,,,,,,,,,,,,,,,,,,,,,,,,,,,,,,,,,,,,,nan,,,,,,,,,,,,,,,
1164,2903.615966796875,0.02900785394012928,2.900785394012928,11621.228691101074,10000,ppo,ppo,crawler,flat,thdot_dth_neighbours_plus_thdot_direct,,,,,,,,,,,,,,,0.0017554462905610586,0,781,0.0,0.0,,,,,,,,,,,,,,,,,,,,,,,,,,,,,,,,,,,,,,,,,,,,,,,,,,,,,,,,,,,,,,,,,,,,,,,,,,nan,,,,,,,,,,,,,,,
1165,2835.5107421875,0.028323711827397346,2.8323711827397346,11630.970603704453,10000,ppo,ppo,crawler,flat,thdot_dth_neighbours_plus_thdot_direct,,,,,,,,,,,,,,,0.001549988814141855,0,781,0.0,0.0,,,,,,,,,,,,,,,,,,,,,,,,,,,,,,,,,,,,,,,,,,,,,,,,,,,,,,,,,,,,,,,,,,,,,,,,,,nan,,,,,,,,,,,,,,,
1166,2942.072998046875,0.02939411625266075,2.939411625266075,11641.160566091537,10000,ppo,ppo,crawler,flat,thdot_dth_neighbours_plus_thdot_direct,,,,,,,,,,,,,,,0.0023000256006268528,0,781,0.0,0.0,,,,,,,,,,,,,,,,,,,,,,,,,,,,,,,,,,,,,,,,,,,,,,,,,,,,,,,,,,,,,,,,,,,,,,,,,,nan,,,,,,,,,,,,,,,
1167,2751.332763671875,0.02748219482600689,2.748219482600689,11651.029330730438,10000,ppo,ppo,crawler,flat,thdot_dth_neighbours_plus_thdot_direct,,,,,,,,,,,,,,,0.00174535785723031,0,781,0.0,0.0,,,,,,,,,,,,,,,,,,,,,,,,,,,,,,,,,,,,,,,,,,,,,,,,,,,,,,,,,,,,,,,,,,,,,,,,,,nan,,,,,,,,,,,,,,,
1168,2791.27587890625,0.02788660116493702,2.788660116493702,11660.857727050781,10000,ppo,ppo,crawler,flat,thdot_dth_neighbours_plus_thdot_direct,,,,,,,,,,,,,,,0.002490165239465969,0,781,0.0,0.0,,,,,,,,,,,,,,,,,,,,,,,,,,,,,,,,,,,,,,,,,,,,,,,,,,,,,,,,,,,,,,,,,,,,,,,,,,nan,,,,,,,,,,,,,,,
1169,2719.038818359375,0.027162496000528336,2.7162496000528336,11670.686524629593,10000,ppo,ppo,crawler,flat,thdot_dth_neighbours_plus_thdot_direct,,,,,,,,,,,,,,,0.002041220146576528,0,781,0.0,0.0,,,,,,,,,,,,,,,,,,,,,,,,,,,,,,,,,,,,,,,,,,,,,,,,,,,,,,,,,,,,,,,,,,,,,,,,,,nan,,,,,,,,,,,,,,,
1170,2746.844970703125,0.027438635006546974,2.7438635006546974,11681.048395633698,10000,ppo,ppo,crawler,flat,thdot_dth_neighbours_plus_thdot_direct,,,,,,,,,,,,,,,0.0013801811993294107,0,781,0.0,0.0,,,,,,,,,,,,,,,,,,,,,,,,,,,,,,,,,,,,,,,,,,,,,,,,,,,,,,,,,,,,,,,,,,,,,,,,,,nan,,,,,,,,,,,,,,,
1171,2802.95703125,0.027995826676487923,2.7995826676487923,11690.927082538605,10000,ppo,ppo,crawler,flat,thdot_dth_neighbours_plus_thdot_direct,,,,,,,,,,,,,,,0.0012987112755015661,0,781,0.0,0.0,,,,,,,,,,,,,,,,,,,,,,,,,,,,,,,,,,,,,,,,,,,,,,,,,,,,,,,,,,,,,,,,,,,,,,,,,,nan,,,,,,,,,,,,,,,
1172,2833.8232421875,0.028310304507613182,2.831030450761318,11700.885806560516,10000,ppo,ppo,crawler,flat,thdot_dth_neighbours_plus_thdot_direct,,,,,,,,,,,,,,,0.001625040026978026,0,781,0.0,0.0,,,,,,,,,,,,,,,,,,,,,,,,,,,,,,,,,,,,,,,,,,,,,,,,,,,,,,,,,,,,,,,,,,,,,,,,,,nan,,,,,,,,,,,,,,,
1173,2810.387451171875,0.02807053178548813,2.807053178548813,11710.96569275856,10000,ppo,ppo,crawler,flat,thdot_dth_neighbours_plus_thdot_direct,,,,,,,,,,,,,,,0.0016136351606378186,0,781,0.0,0.0,,,,,,,,,,,,,,,,,,,,,,,,,,,,,,,,,,,,,,,,,,,,,,,,,,,,,,,,,,,,,,,,,,,,,,,,,,nan,,,,,,,,,,,,,,,
1174,2879.696044921875,0.028765996918082237,2.8765996918082237,11721.057806015015,10000,ppo,ppo,crawler,flat,thdot_dth_neighbours_plus_thdot_direct,,,,,,,,,,,,,,,0.0009387179173873648,0,781,0.0,0.0,,,,,,,,,,,,,,,,,,,,,,,,,,,,,,,,,,,,,,,,,,,,,,,,,,,,,,,,,,,,,,,,,,,,,,,,,,nan,,,,,,,,,,,,,,,
1175,2767.272216796875,0.02764160744845867,2.764160744845867,11731.005653381348,10000,ppo,ppo,crawler,flat,thdot_dth_neighbours_plus_thdot_direct,,,,,,,,,,,,,,,0.002093229088951747,0,781,0.0,0.0,,,,,,,,,,,,,,,,,,,,,,,,,,,,,,,,,,,,,,,,,,,,,,,,,,,,,,,,,,,,,,,,,,,,,,,,,,nan,,,,,,,,,,,,,,,
1176,2761.876708984375,0.02758757211267948,2.758757211267948,11740.978486299515,10000,ppo,ppo,crawler,flat,thdot_dth_neighbours_plus_thdot_direct,,,,,,,,,,,,,,,0.0016727769138604241,0,781,0.0,0.0,,,,,,,,,,,,,,,,,,,,,,,,,,,,,,,,,,,,,,,,,,,,,,,,,,,,,,,,,,,,,,,,,,,,,,,,,,nan,,,,,,,,,,,,,,,
1177,2709.393798828125,0.027067342773079872,2.706734277307987,11750.889517307281,10000,ppo,ppo,crawler,flat,thdot_dth_neighbours_plus_thdot_direct,,,,,,,,,,,,,,,0.0012129704312774522,0,781,0.0,0.0,,,,,,,,,,,,,,,,,,,,,,,,,,,,,,,,,,,,,,,,,,,,,,,,,,,,,,,,,,,,,,,,,,,,,,,,,,nan,,,,,,,,,,,,,,,
1178,2790.426513671875,0.027874236926436424,2.7874236926436424,11760.696853160858,10000,ppo,ppo,crawler,flat,thdot_dth_neighbours_plus_thdot_direct,,,,,,,,,,,,,,,0.0029150344076911638,0,781,0.0,0.0,,,,,,,,,,,,,,,,,,,,,,,,,,,,,,,,,,,,,,,,,,,,,,,,,,,,,,,,,,,,,,,,,,,,,,,,,,nan,,,,,,,,,,,,,,,
1179,2791.123779296875,0.027882598340511322,2.788259834051132,11770.595137357712,10000,ppo,ppo,crawler,flat,thdot_dth_neighbours_plus_thdot_direct,,,,,,,,,,,,,,,0.001916879935800815,0,781,0.0,0.0,,,,,,,,,,,,,,,,,,,,,,,,,,,,,,,,,,,,,,,,,,,,,,,,,,,,,,,,,,,,,,,,,,,,,,,,,,nan,,,,,,,,,,,,,,,
1180,2881.920654296875,0.028787413612008095,2.8787413612008095,11780.433846950531,10000,ppo,ppo,crawler,flat,thdot_dth_neighbours_plus_thdot_direct,,,,,,,,,,,,,,,0.0012863931609440914,0,781,0.0,0.0,,,,,,,,,,,,,,,,,,,,,,,,,,,,,,,,,,,,,,,,,,,,,,,,,,,,,,,,,,,,,,,,,,,,,,,,,,nan,,,,,,,,,,,,,,,
1181,2727.17578125,0.02724260464310646,2.724260464310646,11790.619025945663,10000,ppo,ppo,crawler,flat,thdot_dth_neighbours_plus_thdot_direct,,,,,,,,,,,,,,,0.0017020634757933578,0,781,0.0,0.0,,,,,,,,,,,,,,,,,,,,,,,,,,,,,,,,,,,,,,,,,,,,,,,,,,,,,,,,,,,,,,,,,,,,,,,,,,nan,,,,,,,,,,,,,,,
1182,2873.69287109375,0.028703857213258743,2.8703857213258743,11800.54275727272,10000,ppo,ppo,crawler,flat,thdot_dth_neighbours_plus_thdot_direct,,,,,,,,,,,,,,,0.002966747792330671,0,781,0.0,0.0,,,,,,,,,,,,,,,,,,,,,,,,,,,,,,,,,,,,,,,,,,,,,,,,,,,,,,,,,,,,,,,,,,,,,,,,,,nan,,,,,,,,,,,,,,,
1183,2745.2265625,0.027419371530413628,2.7419371530413628,11810.229455709457,10000,ppo,ppo,crawler,flat,thdot_dth_neighbours_plus_thdot_direct,,,,,,,,,,,,,,,0.0013932344969196549,0,781,0.0,0.0,,,,,,,,,,,,,,,,,,,,,,,,,,,,,,,,,,,,,,,,,,,,,,,,,,,,,,,,,,,,,,,,,,,,,,,,,,nan,,,,,,,,,,,,,,,
1184,2811.92578125,0.028092803433537483,2.8092803433537483,11820.34670162201,10000,ppo,ppo,crawler,flat,thdot_dth_neighbours_plus_thdot_direct,,,,,,,,,,,,,,,0.0018333667349242101,0,781,0.0,0.0,,,,,,,,,,,,,,,,,,,,,,,,,,,,,,,,,,,,,,,,,,,,,,,,,,,,,,,,,,,,,,,,,,,,,,,,,,nan,,,,,,,,,,,,,,,
1185,2918.45361328125,0.029152238741517067,2.9152238741517067,11830.062143802643,10000,ppo,ppo,crawler,flat,thdot_dth_neighbours_plus_thdot_direct,,,,,,,,,,,,,,,0.0017652004685792951,0,781,0.0,0.0,,,,,,,,,,,,,,,,,,,,,,,,,,,,,,,,,,,,,,,,,,,,,,,,,,,,,,,,,,,,,,,,,,,,,,,,,,nan,,,,,,,,,,,,,,,
1186,2813.071044921875,0.028103306889533997,2.8103306889533997,11840.31710100174,10000,ppo,ppo,crawler,flat,thdot_dth_neighbours_plus_thdot_direct,,,,,,,,,,,,,,,0.0016156224162075423,0,781,0.0,0.0,,,,,,,,,,,,,,,,,,,,,,,,,,,,,,,,,,,,,,,,,,,,,,,,,,,,,,,,,,,,,,,,,,,,,,,,,,nan,,,,,,,,,,,,,,,
1187,2853.325927734375,0.02850443124771118,2.850443124771118,11850.285526514053,10000,ppo,ppo,crawler,flat,thdot_dth_neighbours_plus_thdot_direct,,,,,,,,,,,,,,,0.0021723075098469217,0,781,0.0,0.0,,,,,,,,,,,,,,,,,,,,,,,,,,,,,,,,,,,,,,,,,,,,,,,,,,,,,,,,,,,,,,,,,,,,,,,,,,nan,,,,,,,,,,,,,,,
1188,2824.852294921875,0.02821756899356842,2.821756899356842,11860.443420648575,10000,ppo,ppo,crawler,flat,thdot_dth_neighbours_plus_thdot_direct,,,,,,,,,,,,,,,0.002435698335294557,0,781,0.0,0.0,,,,,,,,,,,,,,,,,,,,,,,,,,,,,,,,,,,,,,,,,,,,,,,,,,,,,,,,,,,,,,,,,,,,,,,,,,nan,,,,,,,,,,,,,,,
1189,2952.649658203125,0.02949410304427147,2.949410304427147,11870.666344165802,10000,ppo,ppo,crawler,flat,thdot_dth_neighbours_plus_thdot_direct,,,,,,,,,,,,,,,0.0013528870940869141,0,781,0.0,0.0,,,,,,,,,,,,,,,,,,,,,,,,,,,,,,,,,,,,,,,,,,,,,,,,,,,,,,,,,,,,,,,,,,,,,,,,,,nan,,,,,,,,,,,,,,,
1190,2916.483642578125,0.029131432995200157,2.9131432995200157,11880.618681907654,10000,ppo,ppo,crawler,flat,thdot_dth_neighbours_plus_thdot_direct,,,,,,,,,,,,,,,0.0016319398756701065,0,781,0.0,0.0,,,,,,,,,,,,,,,,,,,,,,,,,,,,,,,,,,,,,,,,,,,,,,,,,,,,,,,,,,,,,,,,,,,,,,,,,,nan,,,,,,,,,,,,,,,
1191,2874.867431640625,0.028717227280139923,2.8717227280139923,11890.607141017914,10000,ppo,ppo,crawler,flat,thdot_dth_neighbours_plus_thdot_direct,,,,,,,,,,,,,,,0.0026908535589000248,0,781,0.0,0.0,,,,,,,,,,,,,,,,,,,,,,,,,,,,,,,,,,,,,,,,,,,,,,,,,,,,,,,,,,,,,,,,,,,,,,,,,,nan,,,,,,,,,,,,,,,
1192,2805.786865234375,0.02802659198641777,2.802659198641777,11901.336949110031,10000,ppo,ppo,crawler,flat,thdot_dth_neighbours_plus_thdot_direct,,,,,,,,,,,,,,,0.0025510912884513294,0,781,0.0,0.0,,,,,,,,,,,,,,,,,,,,,,,,,,,,,,,,,,,,,,,,,,,,,,,,,,,,,,,,,,,,,,,,,,,,,,,,,,nan,,,,,,,,,,,,,,,
1193,2840.172119140625,0.028369279578328133,2.8369279578328133,11911.083544015884,10000,ppo,ppo,crawler,flat,thdot_dth_neighbours_plus_thdot_direct,,,,,,,,,,,,,,,0.0027507764498621795,0,781,0.0,0.0,,,,,,,,,,,,,,,,,,,,,,,,,,,,,,,,,,,,,,,,,,,,,,,,,,,,,,,,,,,,,,,,,,,,,,,,,,nan,,,,,,,,,,,,,,,
1194,2845.718505859375,0.028425512835383415,2.8425512835383415,11921.149597167969,10000,ppo,ppo,crawler,flat,thdot_dth_neighbours_plus_thdot_direct,,,,,,,,,,,,,,,0.0022816333726661305,0,781,0.0,0.0,,,,,,,,,,,,,,,,,,,,,,,,,,,,,,,,,,,,,,,,,,,,,,,,,,,,,,,,,,,,,,,,,,,,,,,,,,nan,,,,,,,,,,,,,,,
1195,2739.51220703125,0.027363402768969536,2.7363402768969536,11931.200657844543,10000,ppo,ppo,crawler,flat,thdot_dth_neighbours_plus_thdot_direct,,,,,,,,,,,,,,,0.001888540978832682,0,781,0.0,0.0,,,,,,,,,,,,,,,,,,,,,,,,,,,,,,,,,,,,,,,,,,,,,,,,,,,,,,,,,,,,,,,,,,,,,,,,,,nan,,,,,,,,,,,,,,,
1196,2817.843505859375,0.028150402009487152,2.815040200948715,11941.28260087967,10000,ppo,ppo,crawler,flat,thdot_dth_neighbours_plus_thdot_direct,,,,,,,,,,,,,,,0.0025229184812371537,0,781,0.0,0.0,,,,,,,,,,,,,,,,,,,,,,,,,,,,,,,,,,,,,,,,,,,,,,,,,,,,,,,,,,,,,,,,,,,,,,,,,,nan,,,,,,,,,,,,,,,
1197,2920.362060546875,0.0291758943349123,2.91758943349123,11951.301425457,10000,ppo,ppo,crawler,flat,thdot_dth_neighbours_plus_thdot_direct,,,,,,,,,,,,,,,0.0017996609361904544,0,781,0.0,0.0,,,,,,,,,,,,,,,,,,,,,,,,,,,,,,,,,,,,,,,,,,,,,,,,,,,,,,,,,,,,,,,,,,,,,,,,,,nan,,,,,,,,,,,,,,,
1198,2837.696044921875,0.02834709919989109,2.834709919989109,11961.155504703522,10000,ppo,ppo,crawler,flat,thdot_dth_neighbours_plus_thdot_direct,,,,,,,,,,,,,,,0.0014257377141384797,0,781,0.0,0.0,,,,,,,,,,,,,,,,,,,,,,,,,,,,,,,,,,,,,,,,,,,,,,,,,,,,,,,,,,,,,,,,,,,,,,,,,,nan,,,,,,,,,,,,,,,
1199,2813.572265625,0.028102803975343704,2.8102803975343704,11971.389894247055,10000,ppo,ppo,crawler,flat,thdot_dth_neighbours_plus_thdot_direct,,,,,,,,,,,,,,,0.0022214799943882685,0,781,0.0,0.0,,,,,,,,,,,,,,,,,,,,,,,,,,,,,,,,,,,,,,,,,,,,,,,,,,,,,,,,,,,,,,,,,,,,,,,,,,nan,,,,,,,,,,,,,,,
1200,2810.036865234375,0.02806990221142769,2.806990221142769,11981.604553461075,10000,ppo,ppo,crawler,flat,thdot_dth_neighbours_plus_thdot_direct,,,,,,,,,,,,,,,0.0021210968737957235,0,781,0.0,0.0,,,,,,,,,,,,,,,,,,,,,,,,,,,,,,,,,,,,,,,,,,,,,,,,,,,,,,,,,,,,,,,,,,,,,,,,,,nan,,,,,,,,,,,,,,,
1201,2809.857421875,0.02806929312646389,2.806929312646389,11991.366289377213,10000,ppo,ppo,crawler,flat,thdot_dth_neighbours_plus_thdot_direct,,,,,,,,,,,,,,,0.0018373041940472079,0,781,0.0,0.0,,,,,,,,,,,,,,,,,,,,,,,,,,,,,,,,,,,,,,,,,,,,,,,,,,,,,,,,,,,,,,,,,,,,,,,,,,nan,,,,,,,,,,,,,,,
1202,2909.5146484375,0.02906027063727379,2.906027063727379,12001.795672416687,10000,ppo,ppo,crawler,flat,thdot_dth_neighbours_plus_thdot_direct,,,,,,,,,,,,,,,0.0026480290031664975,0,781,0.0,0.0,,,,,,,,,,,,,,,,,,,,,,,,,,,,,,,,,,,,,,,,,,,,,,,,,,,,,,,,,,,,,,,,,,,,,,,,,,nan,,,,,,,,,,,,,,,
1203,2803.09423828125,0.027998540550470352,2.799854055047035,12011.73856639862,10000,ppo,ppo,crawler,flat,thdot_dth_neighbours_plus_thdot_direct,,,,,,,,,,,,,,,0.0017016456865853267,0,781,0.0,0.0,,,,,,,,,,,,,,,,,,,,,,,,,,,,,,,,,,,,,,,,,,,,,,,,,,,,,,,,,,,,,,,,,,,,,,,,,,nan,,,,,,,,,,,,,,,
1204,2965.97412109375,0.029628906399011612,2.962890639901161,12021.719889879227,10000,ppo,ppo,crawler,flat,thdot_dth_neighbours_plus_thdot_direct,,,,,,,,,,,,,,,0.0016241477005329104,0,781,0.0,0.0,,,,,,,,,,,,,,,,,,,,,,,,,,,,,,,,,,,,,,,,,,,,,,,,,,,,,,,,,,,,,,,,,,,,,,,,,,nan,,,,,,,,,,,,,,,
1205,2878.561279296875,0.028753822669386864,2.8753822669386864,12031.985911369324,10000,ppo,ppo,crawler,flat,thdot_dth_neighbours_plus_thdot_direct,,,,,,,,,,,,,,,0.002718218060187066,0,781,0.0,0.0,,,,,,,,,,,,,,,,,,,,,,,,,,,,,,,,,,,,,,,,,,,,,,,,,,,,,,,,,,,,,,,,,,,,,,,,,,nan,,,,,,,,,,,,,,,
1206,2792.067626953125,0.02788800559937954,2.788800559937954,12041.685318946838,10000,ppo,ppo,crawler,flat,thdot_dth_neighbours_plus_thdot_direct,,,,,,,,,,,,,,,0.0022276316946123927,0,781,0.0,0.0,,,,,,,,,,,,,,,,,,,,,,,,,,,,,,,,,,,,,,,,,,,,,,,,,,,,,,,,,,,,,,,,,,,,,,,,,,nan,,,,,,,,,,,,,,,
1207,2770.84814453125,0.027677470818161964,2.7677470818161964,12052.12340092659,10000,ppo,ppo,crawler,flat,thdot_dth_neighbours_plus_thdot_direct,,,,,,,,,,,,,,,0.001581034276021644,0,781,0.0,0.0,,,,,,,,,,,,,,,,,,,,,,,,,,,,,,,,,,,,,,,,,,,,,,,,,,,,,,,,,,,,,,,,,,,,,,,,,,nan,,,,,,,,,,,,,,,
1208,2793.158935546875,0.02790421061217785,2.790421061217785,12061.799862384796,10000,ppo,ppo,crawler,flat,thdot_dth_neighbours_plus_thdot_direct,,,,,,,,,,,,,,,0.0023367345587444626,0,781,0.0,0.0,,,,,,,,,,,,,,,,,,,,,,,,,,,,,,,,,,,,,,,,,,,,,,,,,,,,,,,,,,,,,,,,,,,,,,,,,,nan,,,,,,,,,,,,,,,
1209,2866.93408203125,0.028639066964387894,2.8639066964387894,12071.55671620369,10000,ppo,ppo,crawler,flat,thdot_dth_neighbours_plus_thdot_direct,,,,,,,,,,,,,,,0.001421996469531996,0,781,0.0,0.0,,,,,,,,,,,,,,,,,,,,,,,,,,,,,,,,,,,,,,,,,,,,,,,,,,,,,,,,,,,,,,,,,,,,,,,,,,nan,,,,,,,,,,,,,,,
1210,2797.393310546875,0.027940090745687485,2.7940090745687485,12082.063113451004,10000,ppo,ppo,crawler,flat,thdot_dth_neighbours_plus_thdot_direct,,,,,,,,,,,,,,,0.0012074498765424404,0,781,0.0,0.0,,,,,,,,,,,,,,,,,,,,,,,,,,,,,,,,,,,,,,,,,,,,,,,,,,,,,,,,,,,,,,,,,,,,,,,,,,nan,,,,,,,,,,,,,,,
1211,2852.05126953125,0.028493620455265045,2.8493620455265045,12091.730605363846,10000,ppo,ppo,crawler,flat,thdot_dth_neighbours_plus_thdot_direct,,,,,,,,,,,,,,,0.0012481782626009275,0,781,0.0,0.0,,,,,,,,,,,,,,,,,,,,,,,,,,,,,,,,,,,,,,,,,,,,,,,,,,,,,,,,,,,,,,,,,,,,,,,,,,nan,,,,,,,,,,,,,,,
1212,2692.094482421875,0.026891609653830528,2.689160965383053,12101.714669466019,10000,ppo,ppo,crawler,flat,thdot_dth_neighbours_plus_thdot_direct,,,,,,,,,,,,,,,0.0017574903632427128,0,781,0.0,0.0,,,,,,,,,,,,,,,,,,,,,,,,,,,,,,,,,,,,,,,,,,,,,,,,,,,,,,,,,,,,,,,,,,,,,,,,,,nan,,,,,,,,,,,,,,,
1213,2866.984375,0.028640715405344963,2.8640715405344963,12111.619813680649,10000,ppo,ppo,crawler,flat,thdot_dth_neighbours_plus_thdot_direct,,,,,,,,,,,,,,,0.0018958437803437565,0,781,0.0,0.0,,,,,,,,,,,,,,,,,,,,,,,,,,,,,,,,,,,,,,,,,,,,,,,,,,,,,,,,,,,,,,,,,,,,,,,,,,nan,,,,,,,,,,,,,,,
1214,2738.139892578125,0.027351854369044304,2.7351854369044304,12121.07836651802,10000,ppo,ppo,crawler,flat,thdot_dth_neighbours_plus_thdot_direct,,,,,,,,,,,,,,,0.0018719785457308109,0,781,0.0,0.0,,,,,,,,,,,,,,,,,,,,,,,,,,,,,,,,,,,,,,,,,,,,,,,,,,,,,,,,,,,,,,,,,,,,,,,,,,nan,,,,,,,,,,,,,,,
1215,2808.45751953125,0.02805294655263424,2.805294655263424,12131.214628696442,10000,ppo,ppo,crawler,flat,thdot_dth_neighbours_plus_thdot_direct,,,,,,,,,,,,,,,0.001859047666150006,0,781,0.0,0.0,,,,,,,,,,,,,,,,,,,,,,,,,,,,,,,,,,,,,,,,,,,,,,,,,,,,,,,,,,,,,,,,,,,,,,,,,,nan,,,,,,,,,,,,,,,
1216,2817.242919921875,0.028140490874648094,2.8140490874648094,12140.71127462387,10000,ppo,ppo,crawler,flat,thdot_dth_neighbours_plus_thdot_direct,,,,,,,,,,,,,,,0.000987509338003779,0,781,0.0,0.0,,,,,,,,,,,,,,,,,,,,,,,,,,,,,,,,,,,,,,,,,,,,,,,,,,,,,,,,,,,,,,,,,,,,,,,,,,nan,,,,,,,,,,,,,,,
1217,2872.024169921875,0.028687141835689545,2.8687141835689545,12150.825106143951,10000,ppo,ppo,crawler,flat,thdot_dth_neighbours_plus_thdot_direct,,,,,,,,,,,,,,,0.0010663456848737398,0,781,0.0,0.0,,,,,,,,,,,,,,,,,,,,,,,,,,,,,,,,,,,,,,,,,,,,,,,,,,,,,,,,,,,,,,,,,,,,,,,,,,nan,,,,,,,,,,,,,,,
1218,2749.5625,0.027468664571642876,2.7468664571642876,12160.708896875381,10000,ppo,ppo,crawler,flat,thdot_dth_neighbours_plus_thdot_direct,,,,,,,,,,,,,,,0.002058324088252998,0,781,0.0,0.0,,,,,,,,,,,,,,,,,,,,,,,,,,,,,,,,,,,,,,,,,,,,,,,,,,,,,,,,,,,,,,,,,,,,,,,,,,nan,,,,,,,,,,,,,,,
1219,2834.613037109375,0.028314203023910522,2.8314203023910522,12170.316870212555,10000,ppo,ppo,crawler,flat,thdot_dth_neighbours_plus_thdot_direct,,,,,,,,,,,,,,,0.002650840609079478,0,781,0.0,0.0,,,,,,,,,,,,,,,,,,,,,,,,,,,,,,,,,,,,,,,,,,,,,,,,,,,,,,,,,,,,,,,,,,,,,,,,,,nan,,,,,,,,,,,,,,,
1220,2746.998046875,0.02744288183748722,2.744288183748722,12180.306467294693,10000,ppo,ppo,crawler,flat,thdot_dth_neighbours_plus_thdot_direct,,,,,,,,,,,,,,,0.0017913348972424163,0,781,0.0,0.0,,,,,,,,,,,,,,,,,,,,,,,,,,,,,,,,,,,,,,,,,,,,,,,,,,,,,,,,,,,,,,,,,,,,,,,,,,nan,,,,,,,,,,,,,,,
1221,2853.883544921875,0.028504503890872,2.8504503890872,12190.198857784271,10000,ppo,ppo,crawler,flat,thdot_dth_neighbours_plus_thdot_direct,,,,,,,,,,,,,,,0.0018506359200074303,0,781,0.0,0.0,,,,,,,,,,,,,,,,,,,,,,,,,,,,,,,,,,,,,,,,,,,,,,,,,,,,,,,,,,,,,,,,,,,,,,,,,,nan,,,,,,,,,,,,,,,
1222,2780.546630859375,0.027773309499025345,2.7773309499025345,12200.350692272186,10000,ppo,ppo,crawler,flat,thdot_dth_neighbours_plus_thdot_direct,,,,,,,,,,,,,,,0.002403699522809768,0,781,0.0,0.0,,,,,,,,,,,,,,,,,,,,,,,,,,,,,,,,,,,,,,,,,,,,,,,,,,,,,,,,,,,,,,,,,,,,,,,,,,nan,,,,,,,,,,,,,,,
1223,2863.369140625,0.028604719787836075,2.8604719787836075,12210.730525255203,10000,ppo,ppo,crawler,flat,thdot_dth_neighbours_plus_thdot_direct,,,,,,,,,,,,,,,0.0024853214120793103,0,781,0.0,0.0,,,,,,,,,,,,,,,,,,,,,,,,,,,,,,,,,,,,,,,,,,,,,,,,,,,,,,,,,,,,,,,,,,,,,,,,,,nan,,,,,,,,,,,,,,,
1224,2739.929443359375,0.027363143861293793,2.7363143861293793,12220.390459299088,10000,ppo,ppo,crawler,flat,thdot_dth_neighbours_plus_thdot_direct,,,,,,,,,,,,,,,0.0013538699928739987,0,781,0.0,0.0,,,,,,,,,,,,,,,,,,,,,,,,,,,,,,,,,,,,,,,,,,,,,,,,,,,,,,,,,,,,,,,,,,,,,,,,,,nan,,,,,,,,,,,,,,,
1225,2788.3359375,0.02784993126988411,2.784993126988411,12230.881115913391,10000,ppo,ppo,crawler,flat,thdot_dth_neighbours_plus_thdot_direct,,,,,,,,,,,,,,,0.001314254886098534,0,781,0.0,0.0,,,,,,,,,,,,,,,,,,,,,,,,,,,,,,,,,,,,,,,,,,,,,,,,,,,,,,,,,,,,,,,,,,,,,,,,,,nan,,,,,,,,,,,,,,,
1226,2781.832763671875,0.027789538726210594,2.7789538726210594,12240.797006368637,10000,ppo,ppo,crawler,flat,thdot_dth_neighbours_plus_thdot_direct,,,,,,,,,,,,,,,0.002104103785226443,0,781,0.0,0.0,,,,,,,,,,,,,,,,,,,,,,,,,,,,,,,,,,,,,,,,,,,,,,,,,,,,,,,,,,,,,,,,,,,,,,,,,,nan,,,,,,,,,,,,,,,
1227,2825.894287109375,0.028228221461176872,2.8228221461176872,12250.662862062454,10000,ppo,ppo,crawler,flat,thdot_dth_neighbours_plus_thdot_direct,,,,,,,,,,,,,,,0.0021736102480458736,0,781,0.0,0.0,,,,,,,,,,,,,,,,,,,,,,,,,,,,,,,,,,,,,,,,,,,,,,,,,,,,,,,,,,,,,,,,,,,,,,,,,,nan,,,,,,,,,,,,,,,
1228,2799.29736328125,0.02796303667128086,2.796303667128086,12260.766615629196,10000,ppo,ppo,crawler,flat,thdot_dth_neighbours_plus_thdot_direct,,,,,,,,,,,,,,,0.001917850581079906,0,781,0.0,0.0,,,,,,,,,,,,,,,,,,,,,,,,,,,,,,,,,,,,,,,,,,,,,,,,,,,,,,,,,,,,,,,,,,,,,,,,,,nan,,,,,,,,,,,,,,,
1229,2718.590576171875,0.027152245864272118,2.7152245864272118,12270.756218910217,10000,ppo,ppo,crawler,flat,thdot_dth_neighbours_plus_thdot_direct,,,,,,,,,,,,,,,0.0017381313150875329,0,781,0.0,0.0,,,,,,,,,,,,,,,,,,,,,,,,,,,,,,,,,,,,,,,,,,,,,,,,,,,,,,,,,,,,,,,,,,,,,,,,,,nan,,,,,,,,,,,,,,,
1230,2702.944091796875,0.02700313739478588,2.700313739478588,12280.92132282257,10000,ppo,ppo,crawler,flat,thdot_dth_neighbours_plus_thdot_direct,,,,,,,,,,,,,,,0.0017105890796727753,0,781,0.0,0.0,,,,,,,,,,,,,,,,,,,,,,,,,,,,,,,,,,,,,,,,,,,,,,,,,,,,,,,,,,,,,,,,,,,,,,,,,,nan,,,,,,,,,,,,,,,
1231,2757.492919921875,0.027547258883714676,2.7547258883714676,12291.209671974182,10000,ppo,ppo,crawler,flat,thdot_dth_neighbours_plus_thdot_direct,,,,,,,,,,,,,,,0.002095969734088895,0,781,0.0,0.0,,,,,,,,,,,,,,,,,,,,,,,,,,,,,,,,,,,,,,,,,,,,,,,,,,,,,,,,,,,,,,,,,,,,,,,,,,nan,,,,,,,,,,,,,,,
1232,2716.051513671875,0.02713083103299141,2.713083103299141,12301.454841375351,10000,ppo,ppo,crawler,flat,thdot_dth_neighbours_plus_thdot_direct,,,,,,,,,,,,,,,0.0022894388312427426,0,781,0.0,0.0,,,,,,,,,,,,,,,,,,,,,,,,,,,,,,,,,,,,,,,,,,,,,,,,,,,,,,,,,,,,,,,,,,,,,,,,,,nan,,,,,,,,,,,,,,,
1233,2752.662841796875,0.02750355191528797,2.750355191528797,12311.487918615341,10000,ppo,ppo,crawler,flat,thdot_dth_neighbours_plus_thdot_direct,,,,,,,,,,,,,,,0.0019083529094053057,0,781,0.0,0.0,,,,,,,,,,,,,,,,,,,,,,,,,,,,,,,,,,,,,,,,,,,,,,,,,,,,,,,,,,,,,,,,,,,,,,,,,,nan,,,,,,,,,,,,,,,
1234,2755.140380859375,0.02751898765563965,2.751898765563965,12321.423856258392,10000,ppo,ppo,crawler,flat,thdot_dth_neighbours_plus_thdot_direct,,,,,,,,,,,,,,,0.0014329574054483668,0,781,0.0,0.0,,,,,,,,,,,,,,,,,,,,,,,,,,,,,,,,,,,,,,,,,,,,,,,,,,,,,,,,,,,,,,,,,,,,,,,,,,nan,,,,,,,,,,,,,,,
1235,2813.662841796875,0.028106089681386948,2.8106089681386948,12331.425900220871,10000,ppo,ppo,crawler,flat,thdot_dth_neighbours_plus_thdot_direct,,,,,,,,,,,,,,,0.002369271438610772,0,781,0.0,0.0,,,,,,,,,,,,,,,,,,,,,,,,,,,,,,,,,,,,,,,,,,,,,,,,,,,,,,,,,,,,,,,,,,,,,,,,,,nan,,,,,,,,,,,,,,,
1236,2844.834228515625,0.02841542288661003,2.841542288661003,12341.69781589508,10000,ppo,ppo,crawler,flat,thdot_dth_neighbours_plus_thdot_direct,,,,,,,,,,,,,,,0.001754555480673612,0,781,0.0,0.0,,,,,,,,,,,,,,,,,,,,,,,,,,,,,,,,,,,,,,,,,,,,,,,,,,,,,,,,,,,,,,,,,,,,,,,,,,nan,,,,,,,,,,,,,,,
1237,2740.285888671875,0.02737238071858883,2.737238071858883,12351.318394184113,10000,ppo,ppo,crawler,flat,thdot_dth_neighbours_plus_thdot_direct,,,,,,,,,,,,,,,0.0022753247686924136,0,781,0.0,0.0,,,,,,,,,,,,,,,,,,,,,,,,,,,,,,,,,,,,,,,,,,,,,,,,,,,,,,,,,,,,,,,,,,,,,,,,,,nan,,,,,,,,,,,,,,,
1238,2819.491943359375,0.028165431693196297,2.8165431693196297,12361.498148202896,10000,ppo,ppo,crawler,flat,thdot_dth_neighbours_plus_thdot_direct,,,,,,,,,,,,,,,0.000964548388887527,0,781,0.0,0.0,,,,,,,,,,,,,,,,,,,,,,,,,,,,,,,,,,,,,,,,,,,,,,,,,,,,,,,,,,,,,,,,,,,,,,,,,,nan,,,,,,,,,,,,,,,
1239,2740.764404296875,0.02737387642264366,2.737387642264366,12371.87557721138,10000,ppo,ppo,crawler,flat,thdot_dth_neighbours_plus_thdot_direct,,,,,,,,,,,,,,,0.0027062257634098224,0,781,0.0,0.0,,,,,,,,,,,,,,,,,,,,,,,,,,,,,,,,,,,,,,,,,,,,,,,,,,,,,,,,,,,,,,,,,,,,,,,,,,nan,,,,,,,,,,,,,,,
1240,2804.799560546875,0.02801528573036194,2.801528573036194,12382.163128376007,10000,ppo,ppo,crawler,flat,thdot_dth_neighbours_plus_thdot_direct,,,,,,,,,,,,,,,0.003155851750264105,0,781,0.0,0.0,,,,,,,,,,,,,,,,,,,,,,,,,,,,,,,,,,,,,,,,,,,,,,,,,,,,,,,,,,,,,,,,,,,,,,,,,,nan,,,,,,,,,,,,,,,
1241,2821.046630859375,0.02818208560347557,2.818208560347557,12392.172085285187,10000,ppo,ppo,crawler,flat,thdot_dth_neighbours_plus_thdot_direct,,,,,,,,,,,,,,,0.0019467546560681583,0,781,0.0,0.0,,,,,,,,,,,,,,,,,,,,,,,,,,,,,,,,,,,,,,,,,,,,,,,,,,,,,,,,,,,,,,,,,,,,,,,,,,nan,,,,,,,,,,,,,,,
1242,2905.670654296875,0.029024632647633553,2.9024632647633553,12401.820890426636,10000,ppo,ppo,crawler,flat,thdot_dth_neighbours_plus_thdot_direct,,,,,,,,,,,,,,,0.002060471734272152,0,781,0.0,0.0,,,,,,,,,,,,,,,,,,,,,,,,,,,,,,,,,,,,,,,,,,,,,,,,,,,,,,,,,,,,,,,,,,,,,,,,,,nan,,,,,,,,,,,,,,,
1243,2794.447021484375,0.02791934832930565,2.791934832930565,12411.988919496536,10000,ppo,ppo,crawler,flat,thdot_dth_neighbours_plus_thdot_direct,,,,,,,,,,,,,,,0.0022489600169271623,0,781,0.0,0.0,,,,,,,,,,,,,,,,,,,,,,,,,,,,,,,,,,,,,,,,,,,,,,,,,,,,,,,,,,,,,,,,,,,,,,,,,,nan,,,,,,,,,,,,,,,
1244,2835.864013671875,0.028332287445664406,2.8332287445664406,12421.941596746445,10000,ppo,ppo,crawler,flat,thdot_dth_neighbours_plus_thdot_direct,,,,,,,,,,,,,,,0.0009538277051337906,0,781,0.0,0.0,,,,,,,,,,,,,,,,,,,,,,,,,,,,,,,,,,,,,,,,,,,,,,,,,,,,,,,,,,,,,,,,,,,,,,,,,,nan,,,,,,,,,,,,,,,
1245,2712.447265625,0.0270945243537426,2.70945243537426,12431.907151937485,10000,ppo,ppo,crawler,flat,thdot_dth_neighbours_plus_thdot_direct,,,,,,,,,,,,,,,0.0020410989109013395,0,781,0.0,0.0,,,,,,,,,,,,,,,,,,,,,,,,,,,,,,,,,,,,,,,,,,,,,,,,,,,,,,,,,,,,,,,,,,,,,,,,,,nan,,,,,,,,,,,,,,,
1246,2816.920166015625,0.028138689696788788,2.813868969678879,12441.809705495834,10000,ppo,ppo,crawler,flat,thdot_dth_neighbours_plus_thdot_direct,,,,,,,,,,,,,,,0.002870906565028274,0,781,0.0,0.0,,,,,,,,,,,,,,,,,,,,,,,,,,,,,,,,,,,,,,,,,,,,,,,,,,,,,,,,,,,,,,,,,,,,,,,,,,nan,,,,,,,,,,,,,,,
1247,2799.290283203125,0.027964776381850243,2.7964776381850243,12452.121775865555,10000,ppo,ppo,crawler,flat,thdot_dth_neighbours_plus_thdot_direct,,,,,,,,,,,,,,,0.0022560376743892825,0,781,0.0,0.0,,,,,,,,,,,,,,,,,,,,,,,,,,,,,,,,,,,,,,,,,,,,,,,,,,,,,,,,,,,,,,,,,,,,,,,,,,nan,,,,,,,,,,,,,,,
1248,2860.828125,0.02857598476111889,2.857598476111889,12462.0827293396,10000,ppo,ppo,crawler,flat,thdot_dth_neighbours_plus_thdot_direct,,,,,,,,,,,,,,,0.0017279381072378558,0,781,0.0,0.0,,,,,,,,,,,,,,,,,,,,,,,,,,,,,,,,,,,,,,,,,,,,,,,,,,,,,,,,,,,,,,,,,,,,,,,,,,nan,,,,,,,,,,,,,,,
1249,2843.98046875,0.028411833569407463,2.8411833569407463,12472.334038496017,10000,ppo,ppo,crawler,flat,thdot_dth_neighbours_plus_thdot_direct,,,,,,,,,,,,,,,0.0023635530293973535,0,781,0.0,0.0,,,,,,,,,,,,,,,,,,,,,,,,,,,,,,,,,,,,,,,,,,,,,,,,,,,,,,,,,,,,,,,,,,,,,,,,,,nan,,,,,,,,,,,,,,,
1250,2861.225341796875,0.028583966195583344,2.8583966195583344,12482.469628334045,10000,ppo,ppo,crawler,flat,thdot_dth_neighbours_plus_thdot_direct,,,,,,,,,,,,,,,0.002513422212157101,0,781,0.0,0.0,,,,,,,,,,,,,,,,,,,,,,,,,,,,,,,,,,,,,,,,,,,,,,,,,,,,,,,,,,,,,,,,,,,,,,,,,,nan,,,,,,,,,,,,,,,
1251,2811.836669921875,0.028085438534617424,2.8085438534617424,12492.760360717773,10000,ppo,ppo,crawler,flat,thdot_dth_neighbours_plus_thdot_direct,,,,,,,,,,,,,,,0.003336084450173718,0,781,0.0,0.0,,,,,,,,,,,,,,,,,,,,,,,,,,,,,,,,,,,,,,,,,,,,,,,,,,,,,,,,,,,,,,,,,,,,,,,,,,nan,,,,,,,,,,,,,,,
1252,2689.963134765625,0.026874806731939316,2.6874806731939316,12502.493512630463,10000,ppo,ppo,crawler,flat,thdot_dth_neighbours_plus_thdot_direct,,,,,,,,,,,,,,,0.002892539987476204,0,781,0.0,0.0,,,,,,,,,,,,,,,,,,,,,,,,,,,,,,,,,,,,,,,,,,,,,,,,,,,,,,,,,,,,,,,,,,,,,,,,,,nan,,,,,,,,,,,,,,,
1253,2776.153564453125,0.02773209474980831,2.773209474980831,12512.44759631157,10000,ppo,ppo,crawler,flat,thdot_dth_neighbours_plus_thdot_direct,,,,,,,,,,,,,,,0.004793589308927752,0,781,0.0,0.0,,,,,,,,,,,,,,,,,,,,,,,,,,,,,,,,,,,,,,,,,,,,,,,,,,,,,,,,,,,,,,,,,,,,,,,,,,nan,,,,,,,,,,,,,,,
1254,2802.417236328125,0.027996471151709557,2.7996471151709557,12522.479144573212,10000,ppo,ppo,crawler,flat,thdot_dth_neighbours_plus_thdot_direct,,,,,,,,,,,,,,,0.006079541559814407,0,781,0.0,0.0,,,,,,,,,,,,,,,,,,,,,,,,,,,,,,,,,,,,,,,,,,,,,,,,,,,,,,,,,,,,,,,,,,,,,,,,,,nan,,,,,,,,,,,,,,,
1255,2688.735595703125,0.026858031749725342,2.685803174972534,12532.243323087692,10000,ppo,ppo,crawler,flat,thdot_dth_neighbours_plus_thdot_direct,,,,,,,,,,,,,,,0.019503349002441613,0,781,0.0,0.0,,,,,,,,,,,,,,,,,,,,,,,,,,,,,,,,,,,,,,,,,,,,,,,,,,,,,,,,,,,,,,,,,,,,,,,,,,nan,,,,,,,,,,,,,,,
1256,2777.791015625,0.027748415246605873,2.7748415246605873,12542.004463911057,10000,ppo,ppo,crawler,flat,thdot_dth_neighbours_plus_thdot_direct,,,,,,,,,,,,,,,0.027061522642235058,0,781,0.0,0.0,,,,,,,,,,,,,,,,,,,,,,,,,,,,,,,,,,,,,,,,,,,,,,,,,,,,,,,,,,,,,,,,,,,,,,,,,,nan,,,,,,,,,,,,,,,
1257,2664.8779296875,0.02662254497408867,2.662254497408867,12552.09448814392,10000,ppo,ppo,crawler,flat,thdot_dth_neighbours_plus_thdot_direct,,,,,,,,,,,,,,,0.046982074149839695,0,781,0.0,0.0,,,,,,,,,,,,,,,,,,,,,,,,,,,,,,,,,,,,,,,,,,,,,,,,,,,,,,,,,,,,,,,,,,,,,,,,,,nan,,,,,,,,,,,,,,,
1258,2676.49853515625,0.026741119101643562,2.6741119101643562,12562.41624212265,10000,ppo,ppo,crawler,flat,thdot_dth_neighbours_plus_thdot_direct,,,,,,,,,,,,,,,0.06274828742858393,0,781,0.0,0.0,,,,,,,,,,,,,,,,,,,,,,,,,,,,,,,,,,,,,,,,,,,,,,,,,,,,,,,,,,,,,,,,,,,,,,,,,,nan,,,,,,,,,,,,,,,
1259,2599.15087890625,0.02596154436469078,2.596154436469078,12572.288615465164,10000,ppo,ppo,crawler,flat,thdot_dth_neighbours_plus_thdot_direct,,,,,,,,,,,,,,,0.08578226644844546,0,781,0.0,0.0,,,,,,,,,,,,,,,,,,,,,,,,,,,,,,,,,,,,,,,,,,,,,,,,,,,,,,,,,,,,,,,,,,,,,,,,,,nan,,,,,,,,,,,,,,,
1260,2589.81298828125,0.025865742936730385,2.5865742936730385,12582.298506736755,10000,ppo,ppo,crawler,flat,thdot_dth_neighbours_plus_thdot_direct,,,,,,,,,,,,,,,0.09382160954646213,0,781,0.0,0.0,,,,,,,,,,,,,,,,,,,,,,,,,,,,,,,,,,,,,,,,,,,,,,,,,,,,,,,,,,,,,,,,,,,,,,,,,,nan,,,,,,,,,,,,,,,
1261,2685.070068359375,0.026822909712791443,2.6822909712791443,12591.856030464172,10000,ppo,ppo,crawler,flat,thdot_dth_neighbours_plus_thdot_direct,,,,,,,,,,,,,,,0.09176103858788735,0,781,0.0,0.0,,,,,,,,,,,,,,,,,,,,,,,,,,,,,,,,,,,,,,,,,,,,,,,,,,,,,,,,,,,,,,,,,,,,,,,,,,nan,,,,,,,,,,,,,,,
1262,2635.928955078125,0.026333995163440704,2.6333995163440704,12601.769094467163,10000,ppo,ppo,crawler,flat,thdot_dth_neighbours_plus_thdot_direct,,,,,,,,,,,,,,,0.09673034283859824,0,781,0.0,0.0,,,,,,,,,,,,,,,,,,,,,,,,,,,,,,,,,,,,,,,,,,,,,,,,,,,,,,,,,,,,,,,,,,,,,,,,,,nan,,,,,,,,,,,,,,,
1263,2671.901611328125,0.026689549908041954,2.6689549908041954,12611.51134133339,10000,ppo,ppo,crawler,flat,thdot_dth_neighbours_plus_thdot_direct,,,,,,,,,,,,,,,0.10318166596660379,0,781,0.0,0.0,,,,,,,,,,,,,,,,,,,,,,,,,,,,,,,,,,,,,,,,,,,,,,,,,,,,,,,,,,,,,,,,,,,,,,,,,,nan,,,,,,,,,,,,,,,
1264,2665.919677734375,0.026627816259860992,2.6627816259860992,12621.5066883564,10000,ppo,ppo,crawler,flat,thdot_dth_neighbours_plus_thdot_direct,,,,,,,,,,,,,,,0.10079441341443338,0,781,0.0,0.0,,,,,,,,,,,,,,,,,,,,,,,,,,,,,,,,,,,,,,,,,,,,,,,,,,,,,,,,,,,,,,,,,,,,,,,,,,nan,,,,,,,,,,,,,,,
1265,2594.21923828125,0.025914769619703293,2.5914769619703293,12631.575254440308,10000,ppo,ppo,crawler,flat,thdot_dth_neighbours_plus_thdot_direct,,,,,,,,,,,,,,,0.10601947241186965,0,781,0.0,0.0,,,,,,,,,,,,,,,,,,,,,,,,,,,,,,,,,,,,,,,,,,,,,,,,,,,,,,,,,,,,,,,,,,,,,,,,,,nan,,,,,,,,,,,,,,,
1266,2622.885009765625,0.026200054213404655,2.6200054213404655,12641.197592258453,10000,ppo,ppo,crawler,flat,thdot_dth_neighbours_plus_thdot_direct,,,,,,,,,,,,,,,0.10517901428185547,0,781,0.0,0.0,,,,,,,,,,,,,,,,,,,,,,,,,,,,,,,,,,,,,,,,,,,,,,,,,,,,,,,,,,,,,,,,,,,,,,,,,,nan,,,,,,,,,,,,,,,
1267,2678.68408203125,0.026760011911392212,2.676001191139221,12651.263605117798,10000,ppo,ppo,crawler,flat,thdot_dth_neighbours_plus_thdot_direct,,,,,,,,,,,,,,,0.1041807927398082,0,781,0.0,0.0,,,,,,,,,,,,,,,,,,,,,,,,,,,,,,,,,,,,,,,,,,,,,,,,,,,,,,,,,,,,,,,,,,,,,,,,,,nan,,,,,,,,,,,,,,,
1268,2735.081787109375,0.02731994166970253,2.731994166970253,12660.983939409256,10000,ppo,ppo,crawler,flat,thdot_dth_neighbours_plus_thdot_direct,,,,,,,,,,,,,,,0.1031729163015838,0,781,0.0,0.0,,,,,,,,,,,,,,,,,,,,,,,,,,,,,,,,,,,,,,,,,,,,,,,,,,,,,,,,,,,,,,,,,,,,,,,,,,nan,,,,,,,,,,,,,,,
1269,2652.595458984375,0.026498785242438316,2.6498785242438316,12671.10946559906,10000,ppo,ppo,crawler,flat,thdot_dth_neighbours_plus_thdot_direct,,,,,,,,,,,,,,,0.10938276447343198,0,781,0.0,0.0,,,,,,,,,,,,,,,,,,,,,,,,,,,,,,,,,,,,,,,,,,,,,,,,,,,,,,,,,,,,,,,,,,,,,,,,,,nan,,,,,,,,,,,,,,,
1270,2687.356201171875,0.026844017207622528,2.684401720762253,12681.016020774841,10000,ppo,ppo,crawler,flat,thdot_dth_neighbours_plus_thdot_direct,,,,,,,,,,,,,,,0.10879346934379008,0,781,0.0,0.0,,,,,,,,,,,,,,,,,,,,,,,,,,,,,,,,,,,,,,,,,,,,,,,,,,,,,,,,,,,,,,,,,,,,,,,,,,nan,,,,,,,,,,,,,,,
1271,2653.998779296875,0.026508217677474022,2.650821767747402,12690.851745128632,10000,ppo,ppo,crawler,flat,thdot_dth_neighbours_plus_thdot_direct,,,,,,,,,,,,,,,0.11157524406989769,0,781,0.0,0.0,,,,,,,,,,,,,,,,,,,,,,,,,,,,,,,,,,,,,,,,,,,,,,,,,,,,,,,,,,,,,,,,,,,,,,,,,,nan,,,,,,,,,,,,,,,
1272,2514.371826171875,0.025119872763752937,2.5119872763752937,12700.803216457367,10000,ppo,ppo,crawler,flat,thdot_dth_neighbours_plus_thdot_direct,,,,,,,,,,,,,,,0.1156261068482284,0,781,0.0,0.0,,,,,,,,,,,,,,,,,,,,,,,,,,,,,,,,,,,,,,,,,,,,,,,,,,,,,,,,,,,,,,,,,,,,,,,,,,nan,,,,,,,,,,,,,,,
1273,2630.987548828125,0.026278529316186905,2.6278529316186905,12710.82378745079,10000,ppo,ppo,crawler,flat,thdot_dth_neighbours_plus_thdot_direct,,,,,,,,,,,,,,,0.1134401929674067,0,781,0.0,0.0,,,,,,,,,,,,,,,,,,,,,,,,,,,,,,,,,,,,,,,,,,,,,,,,,,,,,,,,,,,,,,,,,,,,,,,,,,nan,,,,,,,,,,,,,,,
1274,2476.970458984375,0.02474375255405903,2.474375255405903,12720.627150774002,10000,ppo,ppo,crawler,flat,thdot_dth_neighbours_plus_thdot_direct,,,,,,,,,,,,,,,0.12151723158048754,0,781,0.0,0.0,,,,,,,,,,,,,,,,,,,,,,,,,,,,,,,,,,,,,,,,,,,,,,,,,,,,,,,,,,,,,,,,,,,,,,,,,,nan,,,,,,,,,,,,,,,
1275,2445.509765625,0.0244296807795763,2.44296807795763,12731.025063753128,10000,ppo,ppo,crawler,flat,thdot_dth_neighbours_plus_thdot_direct,,,,,,,,,,,,,,,0.12360584297765949,0,781,0.0,0.0,,,,,,,,,,,,,,,,,,,,,,,,,,,,,,,,,,,,,,,,,,,,,,,,,,,,,,,,,,,,,,,,,,,,,,,,,,nan,,,,,,,,,,,,,,,
1276,2318.555419921875,0.02316604182124138,2.316604182124138,12740.961641788483,10000,ppo,ppo,crawler,flat,thdot_dth_neighbours_plus_thdot_direct,,,,,,,,,,,,,,,0.12608803114281877,0,781,0.0,0.0,,,,,,,,,,,,,,,,,,,,,,,,,,,,,,,,,,,,,,,,,,,,,,,,,,,,,,,,,,,,,,,,,,,,,,,,,,nan,,,,,,,,,,,,,,,
1277,2424.665771484375,0.024223506450653076,2.4223506450653076,12751.006975650787,10000,ppo,ppo,crawler,flat,thdot_dth_neighbours_plus_thdot_direct,,,,,,,,,,,,,,,0.12600261386631878,0,781,0.0,0.0,,,,,,,,,,,,,,,,,,,,,,,,,,,,,,,,,,,,,,,,,,,,,,,,,,,,,,,,,,,,,,,,,,,,,,,,,,nan,,,,,,,,,,,,,,,
1278,2279.884765625,0.022778276354074478,2.277827635407448,12761.38236951828,10000,ppo,ppo,crawler,flat,thdot_dth_neighbours_plus_thdot_direct,,,,,,,,,,,,,,,0.140197299254148,0,781,0.0,0.0,,,,,,,,,,,,,,,,,,,,,,,,,,,,,,,,,,,,,,,,,,,,,,,,,,,,,,,,,,,,,,,,,,,,,,,,,,nan,,,,,,,,,,,,,,,
1279,2164.305419921875,0.021617494523525238,2.161749452352524,12771.224141597748,10000,ppo,ppo,crawler,flat,thdot_dth_neighbours_plus_thdot_direct,,,,,,,,,,,,,,,0.1443345432662175,0,781,0.0,0.0,,,,,,,,,,,,,,,,,,,,,,,,,,,,,,,,,,,,,,,,,,,,,,,,,,,,,,,,,,,,,,,,,,,,,,,,,,nan,,,,,,,,,,,,,,,
1280,2051.87646484375,0.020495882257819176,2.0495882257819176,12781.593533754349,10000,ppo,ppo,crawler,flat,thdot_dth_neighbours_plus_thdot_direct,,,,,,,,,,,,,,,0.1585947167715751,0,781,0.0,0.0,,,,,,,,,,,,,,,,,,,,,,,,,,,,,,,,,,,,,,,,,,,,,,,,,,,,,,,,,,,,,,,,,,,,,,,,,,nan,,,,,,,,,,,,,,,
1281,2051.103515625,0.02049126848578453,2.049126848578453,12791.367329120636,10000,ppo,ppo,crawler,flat,thdot_dth_neighbours_plus_thdot_direct,,,,,,,,,,,,,,,0.17075080566082737,0,781,0.0,0.0,,,,,,,,,,,,,,,,,,,,,,,,,,,,,,,,,,,,,,,,,,,,,,,,,,,,,,,,,,,,,,,,,,,,,,,,,,nan,,,,,,,,,,,,,,,
1282,1888.7113037109375,0.018870888277888298,1.8870888277888298,12801.225343942642,10000,ppo,ppo,crawler,flat,thdot_dth_neighbours_plus_thdot_direct,,,,,,,,,,,,,,,0.20364161440756992,0,781,0.0,0.0,,,,,,,,,,,,,,,,,,,,,,,,,,,,,,,,,,,,,,,,,,,,,,,,,,,,,,,,,,,,,,,,,,,,,,,,,,nan,,,,,,,,,,,,,,,
1283,1843.4478759765625,0.018412472680211067,1.8412472680211067,12811.506573438644,10000,ppo,ppo,crawler,flat,thdot_dth_neighbours_plus_thdot_direct,,,,,,,,,,,,,,,0.23285606881395773,0,781,0.0,0.0,,,,,,,,,,,,,,,,,,,,,,,,,,,,,,,,,,,,,,,,,,,,,,,,,,,,,,,,,,,,,,,,,,,,,,,,,,nan,,,,,,,,,,,,,,,
1284,1738.267578125,0.01736283302307129,1.736283302307129,12820.971880674362,10000,ppo,ppo,crawler,flat,thdot_dth_neighbours_plus_thdot_direct,,,,,,,,,,,,,,,0.24430610520931145,0,781,0.0,0.0,,,,,,,,,,,,,,,,,,,,,,,,,,,,,,,,,,,,,,,,,,,,,,,,,,,,,,,,,,,,,,,,,,,,,,,,,,nan,,,,,,,,,,,,,,,
1285,1697.6463623046875,0.016955124214291573,1.6955124214291573,12831.143713474274,10000,ppo,ppo,crawler,flat,thdot_dth_neighbours_plus_thdot_direct,,,,,,,,,,,,,,,0.2329419242519721,0,781,0.0,0.0,,,,,,,,,,,,,,,,,,,,,,,,,,,,,,,,,,,,,,,,,,,,,,,,,,,,,,,,,,,,,,,,,,,,,,,,,,nan,,,,,,,,,,,,,,,
1286,1877.1099853515625,0.01875455304980278,1.875455304980278,12841.002345561981,10000,ppo,ppo,crawler,flat,thdot_dth_neighbours_plus_thdot_direct,,,,,,,,,,,,,,,0.21646302024664377,0,781,0.0,0.0,,,,,,,,,,,,,,,,,,,,,,,,,,,,,,,,,,,,,,,,,,,,,,,,,,,,,,,,,,,,,,,,,,,,,,,,,,nan,,,,,,,,,,,,,,,
1287,1752.8609619140625,0.01751028001308441,1.7510280013084412,12850.982829332352,10000,ppo,ppo,crawler,flat,thdot_dth_neighbours_plus_thdot_direct,,,,,,,,,,,,,,,0.22479049178776742,0,781,0.0,0.0,,,,,,,,,,,,,,,,,,,,,,,,,,,,,,,,,,,,,,,,,,,,,,,,,,,,,,,,,,,,,,,,,,,,,,,,,,nan,,,,,,,,,,,,,,,
1288,1689.3553466796875,0.016876790672540665,1.6876790672540665,12861.046414613724,10000,ppo,ppo,crawler,flat,thdot_dth_neighbours_plus_thdot_direct,,,,,,,,,,,,,,,0.2237492109465615,0,781,0.0,0.0,,,,,,,,,,,,,,,,,,,,,,,,,,,,,,,,,,,,,,,,,,,,,,,,,,,,,,,,,,,,,,,,,,,,,,,,,,nan,,,,,,,,,,,,,,,
1289,1601.2135009765625,0.01600121706724167,1.6001217067241669,12870.50112080574,10000,ppo,ppo,crawler,flat,thdot_dth_neighbours_plus_thdot_direct,,,,,,,,,,,,,,,0.22908648183270747,0,781,0.0,0.0,,,,,,,,,,,,,,,,,,,,,,,,,,,,,,,,,,,,,,,,,,,,,,,,,,,,,,,,,,,,,,,,,,,,,,,,,,nan,,,,,,,,,,,,,,,
1290,1497.1265869140625,0.014956843107938766,1.4956843107938766,12880.811112642288,10000,ppo,ppo,crawler,flat,thdot_dth_neighbours_plus_thdot_direct,,,,,,,,,,,,,,,0.23288746660124143,0,781,0.0,0.0,,,,,,,,,,,,,,,,,,,,,,,,,,,,,,,,,,,,,,,,,,,,,,,,,,,,,,,,,,,,,,,,,,,,,,,,,,nan,,,,,,,,,,,,,,,
1291,1492.8004150390625,0.014916188083589077,1.4916188083589077,12890.826918363571,10000,ppo,ppo,crawler,flat,thdot_dth_neighbours_plus_thdot_direct,,,,,,,,,,,,,,,0.22826193067956274,0,781,0.0,0.0,,,,,,,,,,,,,,,,,,,,,,,,,,,,,,,,,,,,,,,,,,,,,,,,,,,,,,,,,,,,,,,,,,,,,,,,,,nan,,,,,,,,,,,,,,,
1292,1324.9866943359375,0.013235763646662235,1.3235763646662235,12900.644005060196,10000,ppo,ppo,crawler,flat,thdot_dth_neighbours_plus_thdot_direct,,,,,,,,,,,,,,,0.24138836127529387,0,781,0.0,0.0,,,,,,,,,,,,,,,,,,,,,,,,,,,,,,,,,,,,,,,,,,,,,,,,,,,,,,,,,,,,,,,,,,,,,,,,,,nan,,,,,,,,,,,,,,,
1293,1382.546630859375,0.013814104720950127,1.3814104720950127,12910.868719816208,10000,ppo,ppo,crawler,flat,thdot_dth_neighbours_plus_thdot_direct,,,,,,,,,,,,,,,0.22976976759884107,0,781,0.0,0.0,,,,,,,,,,,,,,,,,,,,,,,,,,,,,,,,,,,,,,,,,,,,,,,,,,,,,,,,,,,,,,,,,,,,,,,,,,nan,,,,,,,,,,,,,,,
1294,1171.5230712890625,0.011700103059411049,1.1700103059411049,12920.258159637451,10000,ppo,ppo,crawler,flat,thdot_dth_neighbours_plus_thdot_direct,,,,,,,,,,,,,,,0.24424456778588638,0,781,0.0,0.0,,,,,,,,,,,,,,,,,,,,,,,,,,,,,,,,,,,,,,,,,,,,,,,,,,,,,,,,,,,,,,,,,,,,,,,,,,nan,,,,,,,,,,,,,,,
1295,1169.6630859375,0.011689507402479649,1.1689507402479649,12930.287356376648,10000,ppo,ppo,crawler,flat,thdot_dth_neighbours_plus_thdot_direct,,,,,,,,,,,,,,,0.23861177211662243,0,781,0.0,0.0,,,,,,,,,,,,,,,,,,,,,,,,,,,,,,,,,,,,,,,,,,,,,,,,,,,,,,,,,,,,,,,,,,,,,,,,,,nan,,,,,,,,,,,,,,,
1296,1019.83447265625,0.010186769999563694,1.0186769999563694,12939.956262350082,10000,ppo,ppo,crawler,flat,thdot_dth_neighbours_plus_thdot_direct,,,,,,,,,,,,,,,0.25229764129600063,0,781,0.0,0.0,,,,,,,,,,,,,,,,,,,,,,,,,,,,,,,,,,,,,,,,,,,,,,,,,,,,,,,,,,,,,,,,,,,,,,,,,,nan,,,,,,,,,,,,,,,
1297,932.8212890625,0.009317608550190926,0.9317608550190926,12949.389189720154,10000,ppo,ppo,crawler,flat,thdot_dth_neighbours_plus_thdot_direct,,,,,,,,,,,,,,,0.2642552441775339,0,781,0.0,0.0,,,,,,,,,,,,,,,,,,,,,,,,,,,,,,,,,,,,,,,,,,,,,,,,,,,,,,,,,,,,,,,,,,,,,,,,,,nan,,,,,,,,,,,,,,,
1298,790.3801879882812,0.007895920425653458,0.7895920425653458,12959.742823123932,10000,ppo,ppo,crawler,flat,thdot_dth_neighbours_plus_thdot_direct,,,,,,,,,,,,,,,0.2869028712359805,0,781,0.0,0.0,,,,,,,,,,,,,,,,,,,,,,,,,,,,,,,,,,,,,,,,,,,,,,,,,,,,,,,,,,,,,,,,,,,,,,,,,,nan,,,,,,,,,,,,,,,
1299,133.16502380371094,0.001329826656728983,0.1329826656728983,12969.400537729263,10000,ppo,ppo,crawler,flat,thdot_dth_neighbours_plus_thdot_direct,,,,,,,,,,,,,,,0.323978362888025,0,781,0.0,0.0,,,,,,,,,,,,,,,,,,,,,,,,,,,,,,,,,,,,,,,,,,,,,,,,,,,,,,,,,,,,,,,,,,,,,,,,,,nan,,,,,,,,,,,,,,,
1300,318.4701843261719,0.003182923886924982,0.3182923886924982,12979.351802825928,10000,ppo,ppo,crawler,flat,thdot_dth_neighbours_plus_thdot_direct,,,,,,,,,,,,,,,0.32849717455066973,0,781,0.0,0.0,,,,,,,,,,,,,,,,,,,,,,,,,,,,,,,,,,,,,,,,,,,,,,,,,,,,,,,,,,,,,,,,,,,,,,,,,,nan,,,,,,,,,,,,,,,
1301,663.609619140625,0.006632667500525713,0.6632667500525713,12989.468596458435,10000,ppo,ppo,crawler,flat,thdot_dth_neighbours_plus_thdot_direct,,,,,,,,,,,,,,,0.2719089601910989,0,781,0.0,0.0,,,,,,,,,,,,,,,,,,,,,,,,,,,,,,,,,,,,,,,,,,,,,,,,,,,,,,,,,,,,,,,,,,,,,,,,,,nan,,,,,,,,,,,,,,,
1302,528.5018310546875,0.00527908792719245,0.527908792719245,12999.17709493637,10000,ppo,ppo,crawler,flat,thdot_dth_neighbours_plus_thdot_direct,,,,,,,,,,,,,,,0.33556458397572864,0,781,0.0,0.0,,,,,,,,,,,,,,,,,,,,,,,,,,,,,,,,,,,,,,,,,,,,,,,,,,,,,,,,,,,,,,,,,,,,,,,,,,nan,,,,,,,,,,,,,,,
1303,553.3088989257812,0.0055278027430176735,0.5527802743017673,13009.5026512146,10000,ppo,ppo,crawler,flat,thdot_dth_neighbours_plus_thdot_direct,,,,,,,,,,,,,,,0.28997214475401917,0,781,0.0,0.0,,,,,,,,,,,,,,,,,,,,,,,,,,,,,,,,,,,,,,,,,,,,,,,,,,,,,,,,,,,,,,,,,,,,,,,,,,nan,,,,,,,,,,,,,,,
1304,143.3872833251953,0.0014303138013929129,0.1430313801392913,13019.304690361023,10000,ppo,ppo,crawler,flat,thdot_dth_neighbours_plus_thdot_direct,,,,,,,,,,,,,,,0.35081399386928697,0,781,0.0,0.0,,,,,,,,,,,,,,,,,,,,,,,,,,,,,,,,,,,,,,,,,,,,,,,,,,,,,,,,,,,,,,,,,,,,,,,,,,nan,,,,,,,,,,,,,,,
1305,502.07080078125,0.005016298498958349,0.5016298498958349,13029.292054653168,10000,ppo,ppo,crawler,flat,thdot_dth_neighbours_plus_thdot_direct,,,,,,,,,,,,,,,0.33820666538912125,0,781,0.0,0.0,,,,,,,,,,,,,,,,,,,,,,,,,,,,,,,,,,,,,,,,,,,,,,,,,,,,,,,,,,,,,,,,,,,,,,,,,,nan,,,,,,,,,,,,,,,
1306,223.9861297607422,0.0022402091417461634,0.22402091417461634,13039.4270632267,10000,ppo,ppo,crawler,flat,thdot_dth_neighbours_plus_thdot_direct,,,,,,,,,,,,,,,0.31876239405977835,0,781,0.0,0.0,,,,,,,,,,,,,,,,,,,,,,,,,,,,,,,,,,,,,,,,,,,,,,,,,,,,,,,,,,,,,,,,,,,,,,,,,,nan,,,,,,,,,,,,,,,
1307,478.2001037597656,0.004777761176228523,0.4777761176228523,13049.30677819252,10000,ppo,ppo,crawler,flat,thdot_dth_neighbours_plus_thdot_direct,,,,,,,,,,,,,,,0.3080816509204338,0,781,0.0,0.0,,,,,,,,,,,,,,,,,,,,,,,,,,,,,,,,,,,,,,,,,,,,,,,,,,,,,,,,,,,,,,,,,,,,,,,,,,nan,,,,,,,,,,,,,,,
1308,458.83013916015625,0.004584004636853933,0.45840046368539333,13059.922526359558,10000,ppo,ppo,crawler,flat,thdot_dth_neighbours_plus_thdot_direct,,,,,,,,,,,,,,,0.3032649660574666,0,781,0.0,0.0,,,,,,,,,,,,,,,,,,,,,,,,,,,,,,,,,,,,,,,,,,,,,,,,,,,,,,,,,,,,,,,,,,,,,,,,,,nan,,,,,,,,,,,,,,,
1309,449.7041015625,0.004493019077926874,0.4493019077926874,13070.120199918747,10000,ppo,ppo,crawler,flat,thdot_dth_neighbours_plus_thdot_direct,,,,,,,,,,,,,,,0.3121274170559973,0,781,0.0,0.0,,,,,,,,,,,,,,,,,,,,,,,,,,,,,,,,,,,,,,,,,,,,,,,,,,,,,,,,,,,,,,,,,,,,,,,,,,nan,,,,,,,,,,,,,,,
1310,430.8995056152344,0.004305171314626932,0.4305171314626932,13080.042158126831,10000,ppo,ppo,crawler,flat,thdot_dth_neighbours_plus_thdot_direct,,,,,,,,,,,,,,,0.335562392545658,0,781,0.0,0.0,,,,,,,,,,,,,,,,,,,,,,,,,,,,,,,,,,,,,,,,,,,,,,,,,,,,,,,,,,,,,,,,,,,,,,,,,,nan,,,,,,,,,,,,,,,
1311,343.75299072265625,0.003435250837355852,0.3435250837355852,13090.24014544487,10000,ppo,ppo,crawler,flat,thdot_dth_neighbours_plus_thdot_direct,,,,,,,,,,,,,,,0.3482653592378523,0,781,0.0,0.0,,,,,,,,,,,,,,,,,,,,,,,,,,,,,,,,,,,,,,,,,,,,,,,,,,,,,,,,,,,,,,,,,,,,,,,,,,nan,,,,,,,,,,,,,,,
1312,283.6339416503906,0.0028340648859739304,0.28340648859739304,13100.090153694153,10000,ppo,ppo,crawler,flat,thdot_dth_neighbours_plus_thdot_direct,,,,,,,,,,,,,,,0.3812192159614483,0,781,0.0,0.0,,,,,,,,,,,,,,,,,,,,,,,,,,,,,,,,,,,,,,,,,,,,,,,,,,,,,,,,,,,,,,,,,,,,,,,,,,nan,,,,,,,,,,,,,,,
1313,305.3623962402344,0.0030512853991240263,0.30512853991240263,13110.277722358704,10000,ppo,ppo,crawler,flat,thdot_dth_neighbours_plus_thdot_direct,,,,,,,,,,,,,,,0.37296742217808143,0,781,0.0,0.0,,,,,,,,,,,,,,,,,,,,,,,,,,,,,,,,,,,,,,,,,,,,,,,,,,,,,,,,,,,,,,,,,,,,,,,,,,nan,,,,,,,,,,,,,,,
1314,228.90745544433594,0.002288050716742873,0.22880507167428732,13120.361025094986,10000,ppo,ppo,crawler,flat,thdot_dth_neighbours_plus_thdot_direct,,,,,,,,,,,,,,,0.3514522407760824,0,781,0.0,0.0,,,,,,,,,,,,,,,,,,,,,,,,,,,,,,,,,,,,,,,,,,,,,,,,,,,,,,,,,,,,,,,,,,,,,,,,,,nan,,,,,,,,,,,,,,,
1315,176.4020233154297,0.0017634471878409386,0.17634471878409386,13129.918944120407,10000,ppo,ppo,crawler,flat,thdot_dth_neighbours_plus_thdot_direct,,,,,,,,,,,,,,,0.36047476023824704,0,781,0.0,0.0,,,,,,,,,,,,,,,,,,,,,,,,,,,,,,,,,,,,,,,,,,,,,,,,,,,,,,,,,,,,,,,,,,,,,,,,,,nan,,,,,,,,,,,,,,,
1316,101.30354309082031,0.0010130350710824132,0.10130350710824132,13139.933153629303,10000,ppo,ppo,crawler,flat,thdot_dth_neighbours_plus_thdot_direct,,,,,,,,,,,,,,,0.5074180004390135,0,781,0.0,0.0,,,,,,,,,,,,,,,,,,,,,,,,,,,,,,,,,,,,,,,,,,,,,,,,,,,,,,,,,,,,,,,,,,,,,,,,,,nan,,,,,,,,,,,,,,,
1317,62.679237365722656,0.0006267945864237845,0.06267945864237845,13149.893878936768,10000,ppo,ppo,crawler,flat,thdot_dth_neighbours_plus_thdot_direct,,,,,,,,,,,,,,,0.5125729162591096,0,781,0.0,0.0,,,,,,,,,,,,,,,,,,,,,,,,,,,,,,,,,,,,,,,,,,,,,,,,,,,,,,,,,,,,,,,,,,,,,,,,,,nan,,,,,,,,,,,,,,,
1318,42.89739990234375,0.0004289739590603858,0.04289739590603858,13159.503005981445,10000,ppo,ppo,crawler,flat,thdot_dth_neighbours_plus_thdot_direct,,,,,,,,,,,,,,,0.5364700539133672,0,781,0.0,0.0,,,,,,,,,,,,,,,,,,,,,,,,,,,,,,,,,,,,,,,,,,,,,,,,,,,,,,,,,,,,,,,,,,,,,,,,,,nan,,,,,,,,,,,,,,,
1319,40.54071044921875,0.0004054070741403848,0.04054070741403848,13169.694340229034,10000,ppo,ppo,crawler,flat,thdot_dth_neighbours_plus_thdot_direct,,,,,,,,,,,,,,,0.7301730249347037,0,781,0.0,0.0,,,,,,,,,,,,,,,,,,,,,,,,,,,,,,,,,,,,,,,,,,,,,,,,,,,,,,,,,,,,,,,,,,,,,,,,,,nan,,,,,,,,,,,,,,,
1320,35.155147552490234,0.00035155139630660415,0.035155139630660415,13179.836241483688,10000,ppo,ppo,crawler,flat,thdot_dth_neighbours_plus_thdot_direct,,,,,,,,,,,,,,,0.7862432586365227,0,781,0.0,0.0,,,,,,,,,,,,,,,,,,,,,,,,,,,,,,,,,,,,,,,,,,,,,,,,,,,,,,,,,,,,,,,,,,,,,,,,,,nan,,,,,,,,,,,,,,,
1321,28.764142990112305,0.00028764145099557936,0.028764145099557936,13189.843703269958,10000,ppo,ppo,crawler,flat,thdot_dth_neighbours_plus_thdot_direct,,,,,,,,,,,,,,,1.5796169514289733,0,781,0.0,0.0,,,,,,,,,,,,,,,,,,,,,,,,,,,,,,,,,,,,,,,,,,,,,,,,,,,,,,,,,,,,,,,,,,,,,,,,,,nan,,,,,,,,,,,,,,,
1322,29.614948272705078,0.00029614949016831815,0.029614949016831815,13200.12378025055,10000,ppo,ppo,crawler,flat,thdot_dth_neighbours_plus_thdot_direct,,,,,,,,,,,,,,,5.7501473702806,0,781,0.0,0.0,,,,,,,,,,,,,,,,,,,,,,,,,,,,,,,,,,,,,,,,,,,,,,,,,,,,,,,,,,,,,,,,,,,,,,,,,,nan,,,,,,,,,,,,,,,
1323,31.83966636657715,0.0003183965745847672,0.03183965745847672,13209.979283809662,10000,ppo,ppo,crawler,flat,thdot_dth_neighbours_plus_thdot_direct,,,,,,,,,,,,,,,1.3701162655730064,0,781,0.0,0.0,,,,,,,,,,,,,,,,,,,,,,,,,,,,,,,,,,,,,,,,,,,,,,,,,,,,,,,,,,,,,,,,,,,,,,,,,,nan,,,,,,,,,,,,,,,
1324,31.534591674804688,0.0003153458528686315,0.03153458528686315,13220.341686487198,10000,ppo,ppo,crawler,flat,thdot_dth_neighbours_plus_thdot_direct,,,,,,,,,,,,,,,0.016421614873023863,0,781,0.0,0.0,,,,,,,,,,,,,,,,,,,,,,,,,,,,,,,,,,,,,,,,,,,,,,,,,,,,,,,,,,,,,,,,,,,,,,,,,,nan,,,,,,,,,,,,,,,
1325,31.334674835205078,0.00031334671075455844,0.031334671075455844,13230.086668729782,10000,ppo,ppo,crawler,flat,thdot_dth_neighbours_plus_thdot_direct,,,,,,,,,,,,,,,0.0013704115409218013,0,781,0.0,0.0,,,,,,,,,,,,,,,,,,,,,,,,,,,,,,,,,,,,,,,,,,,,,,,,,,,,,,,,,,,,,,,,,,,,,,,,,,nan,,,,,,,,,,,,,,,
1326,31.445133209228516,0.0003144513175357133,0.03144513175357133,13240.060542821884,10000,ppo,ppo,crawler,flat,thdot_dth_neighbours_plus_thdot_direct,,,,,,,,,,,,,,,0.0037263314982443315,0,781,0.0,0.0,,,,,,,,,,,,,,,,,,,,,,,,,,,,,,,,,,,,,,,,,,,,,,,,,,,,,,,,,,,,,,,,,,,,,,,,,,nan,,,,,,,,,,,,,,,
1327,31.94854736328125,0.00031948552350513637,0.03194855235051364,13249.941042900085,10000,ppo,ppo,crawler,flat,thdot_dth_neighbours_plus_thdot_direct,,,,,,,,,,,,,,,0.002201636971741266,0,781,0.0,0.0,,,,,,,,,,,,,,,,,,,,,,,,,,,,,,,,,,,,,,,,,,,,,,,,,,,,,,,,,,,,,,,,,,,,,,,,,,nan,,,,,,,,,,,,,,,
1328,31.623538970947266,0.0003162353241350502,0.03162353241350502,13260.080795764923,10000,ppo,ppo,crawler,flat,thdot_dth_neighbours_plus_thdot_direct,,,,,,,,,,,,,,,0.008580849749821973,0,781,0.0,0.0,,,,,,,,,,,,,,,,,,,,,,,,,,,,,,,,,,,,,,,,,,,,,,,,,,,,,,,,,,,,,,,,,,,,,,,,,,nan,,,,,,,,,,,,,,,
1329,28.646665573120117,0.00028646658756770194,0.028646658756770194,13270.181700229645,10000,ppo,ppo,crawler,flat,thdot_dth_neighbours_plus_thdot_direct,,,,,,,,,,,,,,,0.007593710088915169,0,781,0.0,0.0,,,,,,,,,,,,,,,,,,,,,,,,,,,,,,,,,,,,,,,,,,,,,,,,,,,,,,,,,,,,,,,,,,,,,,,,,,nan,,,,,,,,,,,,,,,
1330,32.67195510864258,0.0003267195716034621,0.03267195716034621,13280.475015640259,10000,ppo,ppo,crawler,flat,thdot_dth_neighbours_plus_thdot_direct,,,,,,,,,,,,,,,0.00969682734890569,0,781,0.0,0.0,,,,,,,,,,,,,,,,,,,,,,,,,,,,,,,,,,,,,,,,,,,,,,,,,,,,,,,,,,,,,,,,,,,,,,,,,,nan,,,,,,,,,,,,,,,
1331,34.34945297241211,0.00034349446650594473,0.03434944665059447,13290.377529621124,10000,ppo,ppo,crawler,flat,thdot_dth_neighbours_plus_thdot_direct,,,,,,,,,,,,,,,0.008093687368821587,0,781,0.0,0.0,,,,,,,,,,,,,,,,,,,,,,,,,,,,,,,,,,,,,,,,,,,,,,,,,,,,,,,,,,,,,,,,,,,,,,,,,,nan,,,,,,,,,,,,,,,
1332,-33.2908821105957,-0.00033423962304368615,-0.033423962304368615,13300.420372247696,10000,ppo,ppo,crawler,flat,thdot_dth_neighbours_plus_thdot_direct,,,,,,,,,,,,,,,0.014464280654815777,0,781,0.0,0.0,,,,,,,,,,,,,,,,,,,,,,,,,,,,,,,,,,,,,,,,,,,,,,,,,,,,,,,,,,,,,,,,,,,,,,,,,,nan,,,,,,,,,,,,,,,
1333,10.65914535522461,0.00010610034223645926,0.010610034223645926,13310.2268846035,10000,ppo,ppo,crawler,flat,thdot_dth_neighbours_plus_thdot_direct,,,,,,,,,,,,,,,-1.0537575076545247e-06,0,781,0.0,0.0,,,,,,,,,,,,,,,,,,,,,,,,,,,,,,,,,,,,,,,,,,,,,,,,,,,,,,,,,,,,,,,,,,,,,,,,,,nan,,,,,,,,,,,,,,,
1334,-6.4115118980407715,-6.411518552340567e-05,-0.006411518552340567,13320.331990718842,10000,ppo,ppo,crawler,flat,thdot_dth_neighbours_plus_thdot_direct,,,,,,,,,,,,,,,-1.9118895756603052e-06,0,781,0.0,0.0,,,,,,,,,,,,,,,,,,,,,,,,,,,,,,,,,,,,,,,,,,,,,,,,,,,,,,,,,,,,,,,,,,,,,,,,,,nan,,,,,,,,,,,,,,,
1335,-0.9470581412315369,-9.470636541664135e-06,-0.0009470636541664135,13330.497181415558,10000,ppo,ppo,crawler,flat,thdot_dth_neighbours_plus_thdot_direct,,,,,,,,,,,,,,,-3.9999171728971825e-07,0,781,0.0,0.0,,,,,,,,,,,,,,,,,,,,,,,,,,,,,,,,,,,,,,,,,,,,,,,,,,,,,,,,,,,,,,,,,,,,,,,,,,nan,,,,,,,,,,,,,,,
1336,-0.252859503030777,-2.6317075025872327e-06,-0.0002631707502587233,13340.55253481865,10000,ppo,ppo,crawler,flat,thdot_dth_neighbours_plus_thdot_direct,,,,,,,,,,,,,,,0.003100335818003486,0,781,0.0,0.0,,,,,,,,,,,,,,,,,,,,,,,,,,,,,,,,,,,,,,,,,,,,,,,,,,,,,,,,,,,,,,,,,,,,,,,,,,nan,,,,,,,,,,,,,,,
1337,2.3364174365997314,2.469694118190091e-05,0.002469694118190091,13350.510515213013,10000,ppo,ppo,crawler,flat,thdot_dth_neighbours_plus_thdot_direct,,,,,,,,,,,,,,,-1.1806654124955972e-06,0,781,0.0,0.0,,,,,,,,,,,,,,,,,,,,,,,,,,,,,,,,,,,,,,,,,,,,,,,,,,,,,,,,,,,,,,,,,,,,,,,,,,nan,,,,,,,,,,,,,,,
1338,-0.13423900306224823,-1.3423511973087443e-06,-0.00013423511973087443,13360.64306807518,10000,ppo,ppo,crawler,flat,thdot_dth_neighbours_plus_thdot_direct,,,,,,,,,,,,,,,-6.0663852487689556e-05,0,781,0.0,0.0,,,,,,,,,,,,,,,,,,,,,,,,,,,,,,,,,,,,,,,,,,,,,,,,,,,,,,,,,,,,,,,,,,,,,,,,,,nan,,,,,,,,,,,,,,,
1339,5.677285671234131,5.741805216530338e-05,0.005741805216530338,13370.948072910309,10000,ppo,ppo,crawler,flat,thdot_dth_neighbours_plus_thdot_direct,,,,,,,,,,,,,,,-2.4663508606170722e-06,0,781,0.0,0.0,,,,,,,,,,,,,,,,,,,,,,,,,,,,,,,,,,,,,,,,,,,,,,,,,,,,,,,,,,,,,,,,,,,,,,,,,,nan,,,,,,,,,,,,,,,
1340,-2.029775381088257,-2.029777351708617e-05,-0.002029777351708617,13380.882057905197,10000,ppo,ppo,crawler,flat,thdot_dth_neighbours_plus_thdot_direct,,,,,,,,,,,,,,,-0.00015690086454763608,0,781,0.0,0.0,,,,,,,,,,,,,,,,,,,,,,,,,,,,,,,,,,,,,,,,,,,,,,,,,,,,,,,,,,,,,,,,,,,,,,,,,,nan,,,,,,,,,,,,,,,
1341,-10.23968505859375,-0.00010258376278216019,-0.01025837627821602,13390.969398021698,10000,ppo,ppo,crawler,flat,thdot_dth_neighbours_plus_thdot_direct,,,,,,,,,,,,,,,0.0,0,781,0.0,0.0,,,,,,,,,,,,,,,,,,,,,,,,,,,,,,,,,,,,,,,,,,,,,,,,,,,,,,,,,,,,,,,,,,,,,,,,,,nan,,,,,,,,,,,,,,,
1342,1.512579321861267,1.5125792742765043e-05,0.0015125792742765043,13401.221001148224,10000,ppo,ppo,crawler,flat,thdot_dth_neighbours_plus_thdot_direct,,,,,,,,,,,,,,,-1.1562634493187356e-05,0,781,0.0,0.0,,,,,,,,,,,,,,,,,,,,,,,,,,,,,,,,,,,,,,,,,,,,,,,,,,,,,,,,,,,,,,,,,,,,,,,,,,nan,,,,,,,,,,,,,,,
1343,-22.14879035949707,-0.00022170471493154764,-0.022170471493154764,13411.49631357193,10000,ppo,ppo,crawler,flat,thdot_dth_neighbours_plus_thdot_direct,,,,,,,,,,,,,,,-5.52791820674486e-07,0,781,0.0,0.0,,,,,,,,,,,,,,,,,,,,,,,,,,,,,,,,,,,,,,,,,,,,,,,,,,,,,,,,,,,,,,,,,,,,,,,,,,nan,,,,,,,,,,,,,,,
1344,8.437250137329102,8.392029849346727e-05,0.008392029849346727,13421.647424221039,10000,ppo,ppo,crawler,flat,thdot_dth_neighbours_plus_thdot_direct,,,,,,,,,,,,,,,-6.108029617924391e-06,0,781,0.0,0.0,,,,,,,,,,,,,,,,,,,,,,,,,,,,,,,,,,,,,,,,,,,,,,,,,,,,,,,,,,,,,,,,,,,,,,,,,,nan,,,,,,,,,,,,,,,
1345,22.95174789428711,0.00022951549908611923,0.022951549908611923,13431.676150560379,10000,ppo,ppo,crawler,flat,thdot_dth_neighbours_plus_thdot_direct,,,,,,,,,,,,,,,-2.7718985985091645e-06,0,781,0.0,0.0,,,,,,,,,,,,,,,,,,,,,,,,,,,,,,,,,,,,,,,,,,,,,,,,,,,,,,,,,,,,,,,,,,,,,,,,,,nan,,,,,,,,,,,,,,,
1346,-0.8758133053779602,-8.889562195690814e-06,-0.0008889562195690814,13442.148231506348,10000,ppo,ppo,crawler,flat,thdot_dth_neighbours_plus_thdot_direct,,,,,,,,,,,,,,,-1.5609276393922128e-06,0,781,0.0,0.0,,,,,,,,,,,,,,,,,,,,,,,,,,,,,,,,,,,,,,,,,,,,,,,,,,,,,,,,,,,,,,,,,,,,,,,,,,nan,,,,,,,,,,,,,,,
1347,-7.282689094543457,-7.233642099890858e-05,-0.007233642099890858,13452.197165250778,10000,ppo,ppo,crawler,flat,thdot_dth_neighbours_plus_thdot_direct,,,,,,,,,,,,,,,-1.6468017816390943e-05,0,781,0.0,0.0,,,,,,,,,,,,,,,,,,,,,,,,,,,,,,,,,,,,,,,,,,,,,,,,,,,,,,,,,,,,,,,,,,,,,,,,,,nan,,,,,,,,,,,,,,,
1348,18.230436325073242,0.0001820208999561146,0.01820208999561146,13462.121250867844,10000,ppo,ppo,crawler,flat,thdot_dth_neighbours_plus_thdot_direct,,,,,,,,,,,,,,,0.0,0,781,0.0,0.0,,,,,,,,,,,,,,,,,,,,,,,,,,,,,,,,,,,,,,,,,,,,,,,,,,,,,,,,,,,,,,,,,,,,,,,,,,nan,,,,,,,,,,,,,,,
1349,-14.156282424926758,-0.0001410697295796126,-0.014106972957961261,13472.685137987137,10000,ppo,ppo,crawler,flat,thdot_dth_neighbours_plus_thdot_direct,,,,,,,,,,,,,,,-7.060405329613924e-06,0,781,0.0,0.0,,,,,,,,,,,,,,,,,,,,,,,,,,,,,,,,,,,,,,,,,,,,,,,,,,,,,,,,,,,,,,,,,,,,,,,,,,nan,,,,,,,,,,,,,,,
1350,-6.270602703094482,-6.27060144324787e-05,-0.00627060144324787,13482.613714456558,10000,ppo,ppo,crawler,flat,thdot_dth_neighbours_plus_thdot_direct,,,,,,,,,,,,,,,-1.3048628228269375e-06,0,781,0.0,0.0,,,,,,,,,,,,,,,,,,,,,,,,,,,,,,,,,,,,,,,,,,,,,,,,,,,,,,,,,,,,,,,,,,,,,,,,,,nan,,,,,,,,,,,,,,,
1351,3.0320160388946533,3.0497598345391452e-05,0.0030497598345391452,13492.621094465256,10000,ppo,ppo,crawler,flat,thdot_dth_neighbours_plus_thdot_direct,,,,,,,,,,,,,,,-9.044763964819084e-07,0,781,0.0,0.0,,,,,,,,,,,,,,,,,,,,,,,,,,,,,,,,,,,,,,,,,,,,,,,,,,,,,,,,,,,,,,,,,,,,,,,,,,nan,,,,,,,,,,,,,,,
1352,-14.164735794067383,-0.0001429620460839942,-0.014296204608399421,13502.652040243149,10000,ppo,ppo,crawler,flat,thdot_dth_neighbours_plus_thdot_direct,,,,,,,,,,,,,,,-2.5809428889528586e-06,0,781,0.0,0.0,,,,,,,,,,,,,,,,,,,,,,,,,,,,,,,,,,,,,,,,,,,,,,,,,,,,,,,,,,,,,,,,,,,,,,,,,,nan,,,,,,,,,,,,,,,
1353,-10.058250427246094,-0.00010014626604970545,-0.010014626604970545,13512.683771371841,10000,ppo,ppo,crawler,flat,thdot_dth_neighbours_plus_thdot_direct,,,,,,,,,,,,,,,-0.00038232356274116514,0,781,0.0,0.0,,,,,,,,,,,,,,,,,,,,,,,,,,,,,,,,,,,,,,,,,,,,,,,,,,,,,,,,,,,,,,,,,,,,,,,,,,nan,,,,,,,,,,,,,,,
1354,6.832154273986816,6.787267921026796e-05,0.006787267921026796,13522.525366306305,10000,ppo,ppo,crawler,flat,thdot_dth_neighbours_plus_thdot_direct,,,,,,,,,,,,,,,0.0,0,781,0.0,0.0,,,,,,,,,,,,,,,,,,,,,,,,,,,,,,,,,,,,,,,,,,,,,,,,,,,,,,,,,,,,,,,,,,,,,,,,,,nan,,,,,,,,,,,,,,,
1355,-12.955733299255371,-0.00012948679795954376,-0.012948679795954376,13532.327467441559,10000,ppo,ppo,crawler,flat,thdot_dth_neighbours_plus_thdot_direct,,,,,,,,,,,,,,,-1.7670826287642025e-06,0,781,0.0,0.0,,,,,,,,,,,,,,,,,,,,,,,,,,,,,,,,,,,,,,,,,,,,,,,,,,,,,,,,,,,,,,,,,,,,,,,,,,nan,,,,,,,,,,,,,,,
1356,-6.229382038116455,-6.229382415767759e-05,-0.006229382415767759,13542.403631687164,10000,ppo,ppo,crawler,flat,thdot_dth_neighbours_plus_thdot_direct,,,,,,,,,,,,,,,-1.8472237114182813e-05,0,781,0.0,0.0,,,,,,,,,,,,,,,,,,,,,,,,,,,,,,,,,,,,,,,,,,,,,,,,,,,,,,,,,,,,,,,,,,,,,,,,,,nan,,,,,,,,,,,,,,,
1357,10.043190956115723,0.0001005885424092412,0.01005885424092412,13552.695899486542,10000,ppo,ppo,crawler,flat,thdot_dth_neighbours_plus_thdot_direct,,,,,,,,,,,,,,,-8.274876976459647e-05,0,781,0.0,0.0,,,,,,,,,,,,,,,,,,,,,,,,,,,,,,,,,,,,,,,,,,,,,,,,,,,,,,,,,,,,,,,,,,,,,,,,,,nan,,,,,,,,,,,,,,,
1358,-2.9820199012756348,-3.0493776648654602e-05,-0.0030493776648654602,13562.10212111473,10000,ppo,ppo,crawler,flat,thdot_dth_neighbours_plus_thdot_direct,,,,,,,,,,,,,,,-9.554286610225404e-05,0,781,0.0,0.0,,,,,,,,,,,,,,,,,,,,,,,,,,,,,,,,,,,,,,,,,,,,,,,,,,,,,,,,,,,,,,,,,,,,,,,,,,nan,,,,,,,,,,,,,,,
1359,-11.237521171569824,-0.00011255958816036582,-0.011255958816036582,13572.357157230377,10000,ppo,ppo,crawler,flat,thdot_dth_neighbours_plus_thdot_direct,,,,,,,,,,,,,,,0.0,0,781,0.0,0.0,,,,,,,,,,,,,,,,,,,,,,,,,,,,,,,,,,,,,,,,,,,,,,,,,,,,,,,,,,,,,,,,,,,,,,,,,,nan,,,,,,,,,,,,,,,
1360,6.0672526359558105,6.021235458320007e-05,0.006021235458320007,13582.313328027725,10000,ppo,ppo,crawler,flat,thdot_dth_neighbours_plus_thdot_direct,,,,,,,,,,,,,,,-2.497954534965349e-05,0,781,0.0,0.0,,,,,,,,,,,,,,,,,,,,,,,,,,,,,,,,,,,,,,,,,,,,,,,,,,,,,,,,,,,,,,,,,,,,,,,,,,nan,,,,,,,,,,,,,,,
1361,1.2806503772735596,1.1287873348919675e-05,0.0011287873348919675,13592.358370542526,10000,ppo,ppo,crawler,flat,thdot_dth_neighbours_plus_thdot_direct,,,,,,,,,,,,,,,0.0,0,781,0.0,0.0,,,,,,,,,,,,,,,,,,,,,,,,,,,,,,,,,,,,,,,,,,,,,,,,,,,,,,,,,,,,,,,,,,,,,,,,,,nan,,,,,,,,,,,,,,,
1362,-0.9442001581192017,-9.442045666219201e-06,-0.0009442045666219201,13602.51615357399,10000,ppo,ppo,crawler,flat,thdot_dth_neighbours_plus_thdot_direct,,,,,,,,,,,,,,,-0.0019445416986198186,0,781,0.0,0.0,,,,,,,,,,,,,,,,,,,,,,,,,,,,,,,,,,,,,,,,,,,,,,,,,,,,,,,,,,,,,,,,,,,,,,,,,,nan,,,,,,,,,,,,,,,
1363,2.238335609436035,2.238342676719185e-05,0.002238342676719185,13612.0375289917,10000,ppo,ppo,crawler,flat,thdot_dth_neighbours_plus_thdot_direct,,,,,,,,,,,,,,,0.0,0,781,0.0,0.0,,,,,,,,,,,,,,,,,,,,,,,,,,,,,,,,,,,,,,,,,,,,,,,,,,,,,,,,,,,,,,,,,,,,,,,,,,nan,,,,,,,,,,,,,,,
1364,1.0173789262771606,1.0173829650739208e-05,0.0010173829650739208,13622.250311613083,10000,ppo,ppo,crawler,flat,thdot_dth_neighbours_plus_thdot_direct,,,,,,,,,,,,,,,-6.593934709871624e-05,0,781,0.0,0.0,,,,,,,,,,,,,,,,,,,,,,,,,,,,,,,,,,,,,,,,,,,,,,,,,,,,,,,,,,,,,,,,,,,,,,,,,,nan,,,,,,,,,,,,,,,
1365,16.2734432220459,0.00016268412582576275,0.016268412582576275,13632.18224287033,10000,ppo,ppo,crawler,flat,thdot_dth_neighbours_plus_thdot_direct,,,,,,,,,,,,,,,-4.648027056768518e-08,0,781,0.0,0.0,,,,,,,,,,,,,,,,,,,,,,,,,,,,,,,,,,,,,,,,,,,,,,,,,,,,,,,,,,,,,,,,,,,,,,,,,,nan,,,,,,,,,,,,,,,
1366,-16.195852279663086,-0.00016221372061409056,-0.016221372061409056,13641.750505685806,10000,ppo,ppo,crawler,flat,thdot_dth_neighbours_plus_thdot_direct,,,,,,,,,,,,,,,-7.978682233337861e-06,0,781,0.0,0.0,,,,,,,,,,,,,,,,,,,,,,,,,,,,,,,,,,,,,,,,,,,,,,,,,,,,,,,,,,,,,,,,,,,,,,,,,,nan,,,,,,,,,,,,,,,
1367,12.329741477966309,0.00012340616376604885,0.012340616376604885,13652.051268100739,10000,ppo,ppo,crawler,flat,thdot_dth_neighbours_plus_thdot_direct,,,,,,,,,,,,,,,-0.0003091570695864559,0,781,0.0,0.0,,,,,,,,,,,,,,,,,,,,,,,,,,,,,,,,,,,,,,,,,,,,,,,,,,,,,,,,,,,,,,,,,,,,,,,,,,nan,,,,,,,,,,,,,,,
1368,10.84766674041748,0.00010948408453259617,0.010948408453259617,13661.630051136017,10000,ppo,ppo,crawler,flat,thdot_dth_neighbours_plus_thdot_direct,,,,,,,,,,,,,,,-1.4146086348461585e-07,0,781,0.0,0.0,,,,,,,,,,,,,,,,,,,,,,,,,,,,,,,,,,,,,,,,,,,,,,,,,,,,,,,,,,,,,,,,,,,,,,,,,,nan,,,,,,,,,,,,,,,
1369,5.072871685028076,4.9481091991765425e-05,0.0049481091991765425,13671.55072760582,10000,ppo,ppo,crawler,flat,thdot_dth_neighbours_plus_thdot_direct,,,,,,,,,,,,,,,-7.171691818670793e-06,0,781,0.0,0.0,,,,,,,,,,,,,,,,,,,,,,,,,,,,,,,,,,,,,,,,,,,,,,,,,,,,,,,,,,,,,,,,,,,,,,,,,,nan,,,,,,,,,,,,,,,
1370,1.110411524772644,1.1104144505225122e-05,0.0011104144505225122,13681.476135492325,10000,ppo,ppo,crawler,flat,thdot_dth_neighbours_plus_thdot_direct,,,,,,,,,,,,,,,-0.0001836679720828994,0,781,0.0,0.0,,,,,,,,,,,,,,,,,,,,,,,,,,,,,,,,,,,,,,,,,,,,,,,,,,,,,,,,,,,,,,,,,,,,,,,,,,nan,,,,,,,,,,,,,,,
1371,5.903298854827881,5.857734504388645e-05,0.005857734504388645,13691.121136903763,10000,ppo,ppo,crawler,flat,thdot_dth_neighbours_plus_thdot_direct,,,,,,,,,,,,,,,-3.8663190091923165e-05,0,781,0.0,0.0,,,,,,,,,,,,,,,,,,,,,,,,,,,,,,,,,,,,,,,,,,,,,,,,,,,,,,,,,,,,,,,,,,,,,,,,,,nan,,,,,,,,,,,,,,,
1372,1.7680027484893799,1.7679980373941362e-05,0.0017679980373941362,13701.662055253983,10000,ppo,ppo,crawler,flat,thdot_dth_neighbours_plus_thdot_direct,,,,,,,,,,,,,,,0.0,0,781,0.0,0.0,,,,,,,,,,,,,,,,,,,,,,,,,,,,,,,,,,,,,,,,,,,,,,,,,,,,,,,,,,,,,,,,,,,,,,,,,,nan,,,,,,,,,,,,,,,
1373,-2.216719627380371,-2.146362567145843e-05,-0.002146362567145843,13711.43252325058,10000,ppo,ppo,crawler,flat,thdot_dth_neighbours_plus_thdot_direct,,,,,,,,,,,,,,,-1.4743086775805367e-06,0,781,0.0,0.0,,,,,,,,,,,,,,,,,,,,,,,,,,,,,,,,,,,,,,,,,,,,,,,,,,,,,,,,,,,,,,,,,,,,,,,,,,nan,,,,,,,,,,,,,,,
1374,-5.194056987762451,-5.194059485802427e-05,-0.005194059485802427,13721.27456355095,10000,ppo,ppo,crawler,flat,thdot_dth_neighbours_plus_thdot_direct,,,,,,,,,,,,,,,-2.9409855184420733e-06,0,781,0.0,0.0,,,,,,,,,,,,,,,,,,,,,,,,,,,,,,,,,,,,,,,,,,,,,,,,,,,,,,,,,,,,,,,,,,,,,,,,,,nan,,,,,,,,,,,,,,,
1375,3.542448043823242,3.542446575011127e-05,0.0035424465750111267,13731.45541214943,10000,ppo,ppo,crawler,flat,thdot_dth_neighbours_plus_thdot_direct,,,,,,,,,,,,,,,-3.907147069937441e-05,0,781,0.0,0.0,,,,,,,,,,,,,,,,,,,,,,,,,,,,,,,,,,,,,,,,,,,,,,,,,,,,,,,,,,,,,,,,,,,,,,,,,,nan,,,,,,,,,,,,,,,
1376,-15.448039054870605,-0.00015440139395650476,-0.015440139395650476,13741.058589220047,10000,ppo,ppo,crawler,flat,thdot_dth_neighbours_plus_thdot_direct,,,,,,,,,,,,,,,-1.1479313915807673e-05,0,781,0.0,0.0,,,,,,,,,,,,,,,,,,,,,,,,,,,,,,,,,,,,,,,,,,,,,,,,,,,,,,,,,,,,,,,,,,,,,,,,,,nan,,,,,,,,,,,,,,,
1377,10.157684326171875,0.00010110998118761927,0.010110998118761927,13751.036347866058,10000,ppo,ppo,crawler,flat,thdot_dth_neighbours_plus_thdot_direct,,,,,,,,,,,,,,,-0.008989700459649788,0,781,0.0,0.0,,,,,,,,,,,,,,,,,,,,,,,,,,,,,,,,,,,,,,,,,,,,,,,,,,,,,,,,,,,,,,,,,,,,,,,,,,nan,,,,,,,,,,,,,,,
1378,1.6728744506835938,1.67178877745755e-05,0.0016717887774575502,13760.634287595749,10000,ppo,ppo,crawler,flat,thdot_dth_neighbours_plus_thdot_direct,,,,,,,,,,,,,,,-1.1811942749307342e-05,0,781,0.0,0.0,,,,,,,,,,,,,,,,,,,,,,,,,,,,,,,,,,,,,,,,,,,,,,,,,,,,,,,,,,,,,,,,,,,,,,,,,,nan,,,,,,,,,,,,,,,
1379,-11.945444107055664,-0.00011963638826273382,-0.011963638826273382,13770.778287887573,10000,ppo,ppo,crawler,flat,thdot_dth_neighbours_plus_thdot_direct,,,,,,,,,,,,,,,-3.65956825956645e-06,0,781,0.0,0.0,,,,,,,,,,,,,,,,,,,,,,,,,,,,,,,,,,,,,,,,,,,,,,,,,,,,,,,,,,,,,,,,,,,,,,,,,,nan,,,,,,,,,,,,,,,
1380,-2.101022243499756,-2.0583625882864e-05,-0.0020583625882864,13781.191046953201,10000,ppo,ppo,crawler,flat,thdot_dth_neighbours_plus_thdot_direct,,,,,,,,,,,,,,,-8.599291270582075e-05,0,781,0.0,0.0,,,,,,,,,,,,,,,,,,,,,,,,,,,,,,,,,,,,,,,,,,,,,,,,,,,,,,,,,,,,,,,,,,,,,,,,,,nan,,,,,,,,,,,,,,,
1381,2.623344898223877,2.6233419703203253e-05,0.0026233419703203253,13791.046546459198,10000,ppo,ppo,crawler,flat,thdot_dth_neighbours_plus_thdot_direct,,,,,,,,,,,,,,,-2.2494874503487356e-06,0,781,0.0,0.0,,,,,,,,,,,,,,,,,,,,,,,,,,,,,,,,,,,,,,,,,,,,,,,,,,,,,,,,,,,,,,,,,,,,,,,,,,nan,,,,,,,,,,,,,,,
1382,-6.0738396644592285,-6.00193852733355e-05,-0.00600193852733355,13801.31261253357,10000,ppo,ppo,crawler,flat,thdot_dth_neighbours_plus_thdot_direct,,,,,,,,,,,,,,,0.0,0,781,0.0,0.0,,,,,,,,,,,,,,,,,,,,,,,,,,,,,,,,,,,,,,,,,,,,,,,,,,,,,,,,,,,,,,,,,,,,,,,,,,nan,,,,,,,,,,,,,,,
1383,-1.1723963022232056,-1.1723935131158214e-05,-0.0011723935131158214,13811.617085695267,10000,ppo,ppo,crawler,flat,thdot_dth_neighbours_plus_thdot_direct,,,,,,,,,,,,,,,-2.56906345810994e-06,0,781,0.0,0.0,,,,,,,,,,,,,,,,,,,,,,,,,,,,,,,,,,,,,,,,,,,,,,,,,,,,,,,,,,,,,,,,,,,,,,,,,,nan,,,,,,,,,,,,,,,
1384,5.381556034088135,5.40341243322473e-05,0.00540341243322473,13821.492936611176,10000,ppo,ppo,crawler,flat,thdot_dth_neighbours_plus_thdot_direct,,,,,,,,,,,,,,,-9.195045562086582e-06,0,781,0.0,0.0,,,,,,,,,,,,,,,,,,,,,,,,,,,,,,,,,,,,,,,,,,,,,,,,,,,,,,,,,,,,,,,,,,,,,,,,,,nan,,,,,,,,,,,,,,,
1385,-7.081563472747803,-7.081554940668866e-05,-0.007081554940668866,13831.671454668045,10000,ppo,ppo,crawler,flat,thdot_dth_neighbours_plus_thdot_direct,,,,,,,,,,,,,,,-2.611658646797859e-06,0,781,0.0,0.0,,,,,,,,,,,,,,,,,,,,,,,,,,,,,,,,,,,,,,,,,,,,,,,,,,,,,,,,,,,,,,,,,,,,,,,,,,nan,,,,,,,,,,,,,,,
1386,-11.110880851745605,-0.00011108014587080106,-0.011108014587080106,13841.616664409637,10000,ppo,ppo,crawler,flat,thdot_dth_neighbours_plus_thdot_direct,,,,,,,,,,,,,,,-2.064175961035925e-05,0,781,0.0,0.0,,,,,,,,,,,,,,,,,,,,,,,,,,,,,,,,,,,,,,,,,,,,,,,,,,,,,,,,,,,,,,,,,,,,,,,,,,nan,,,,,,,,,,,,,,,
1387,12.392151832580566,0.00012449925998225808,0.012449925998225808,13851.42147731781,10000,ppo,ppo,crawler,flat,thdot_dth_neighbours_plus_thdot_direct,,,,,,,,,,,,,,,-3.504859839259586e-05,0,781,0.0,0.0,,,,,,,,,,,,,,,,,,,,,,,,,,,,,,,,,,,,,,,,,,,,,,,,,,,,,,,,,,,,,,,,,,,,,,,,,,nan,,,,,,,,,,,,,,,
1388,13.55225658416748,0.0001362870680168271,0.01362870680168271,13861.576787233353,10000,ppo,ppo,crawler,flat,thdot_dth_neighbours_plus_thdot_direct,,,,,,,,,,,,,,,-0.0012168241748240478,0,781,0.0,0.0,,,,,,,,,,,,,,,,,,,,,,,,,,,,,,,,,,,,,,,,,,,,,,,,,,,,,,,,,,,,,,,,,,,,,,,,,,nan,,,,,,,,,,,,,,,
1389,5.21557092666626,5.215572673478164e-05,0.005215572673478164,13871.175994873047,10000,ppo,ppo,crawler,flat,thdot_dth_neighbours_plus_thdot_direct,,,,,,,,,,,,,,,0.0,0,781,0.0,0.0,,,,,,,,,,,,,,,,,,,,,,,,,,,,,,,,,,,,,,,,,,,,,,,,,,,,,,,,,,,,,,,,,,,,,,,,,,nan,,,,,,,,,,,,,,,
1390,2.40643572807312,2.4064340323093347e-05,0.0024064340323093347,13881.3685297966,10000,ppo,ppo,crawler,flat,thdot_dth_neighbours_plus_thdot_direct,,,,,,,,,,,,,,,-1.0358668129209062e-05,0,781,0.0,0.0,,,,,,,,,,,,,,,,,,,,,,,,,,,,,,,,,,,,,,,,,,,,,,,,,,,,,,,,,,,,,,,,,,,,,,,,,,nan,,,,,,,,,,,,,,,
1391,2.307145833969116,2.3150712877395563e-05,0.0023150712877395563,13891.31514430046,10000,ppo,ppo,crawler,flat,thdot_dth_neighbours_plus_thdot_direct,,,,,,,,,,,,,,,-1.5865002547732998e-06,0,781,0.0,0.0,,,,,,,,,,,,,,,,,,,,,,,,,,,,,,,,,,,,,,,,,,,,,,,,,,,,,,,,,,,,,,,,,,,,,,,,,,nan,,,,,,,,,,,,,,,
1392,20.14055824279785,0.00020127107563894242,0.020127107563894242,13900.700813055038,10000,ppo,ppo,crawler,flat,thdot_dth_neighbours_plus_thdot_direct,,,,,,,,,,,,,,,-3.189154722931748e-05,0,781,0.0,0.0,,,,,,,,,,,,,,,,,,,,,,,,,,,,,,,,,,,,,,,,,,,,,,,,,,,,,,,,,,,,,,,,,,,,,,,,,,nan,,,,,,,,,,,,,,,
1393,-3.8640859127044678,-3.8640861021121964e-05,-0.0038640861021121964,13910.501345396042,10000,ppo,ppo,crawler,flat,thdot_dth_neighbours_plus_thdot_direct,,,,,,,,,,,,,,,0.0,0,781,0.0,0.0,,,,,,,,,,,,,,,,,,,,,,,,,,,,,,,,,,,,,,,,,,,,,,,,,,,,,,,,,,,,,,,,,,,,,,,,,,nan,,,,,,,,,,,,,,,
1394,-15.436575889587402,-0.00015415165398735553,-0.015415165398735553,13920.320091247559,10000,ppo,ppo,crawler,flat,thdot_dth_neighbours_plus_thdot_direct,,,,,,,,,,,,,,,-0.00018330592967369491,0,781,0.0,0.0,,,,,,,,,,,,,,,,,,,,,,,,,,,,,,,,,,,,,,,,,,,,,,,,,,,,,,,,,,,,,,,,,,,,,,,,,,nan,,,,,,,,,,,,,,,
1395,13.628987312316895,0.0001364776398986578,0.01364776398986578,13930.448447942734,10000,ppo,ppo,crawler,flat,thdot_dth_neighbours_plus_thdot_direct,,,,,,,,,,,,,,,-6.17127691451627e-05,0,781,0.0,0.0,,,,,,,,,,,,,,,,,,,,,,,,,,,,,,,,,,,,,,,,,,,,,,,,,,,,,,,,,,,,,,,,,,,,,,,,,,nan,,,,,,,,,,,,,,,
1396,-4.168694972991943,-4.18596864619758e-05,-0.00418596864619758,13940.416219949722,10000,ppo,ppo,crawler,flat,thdot_dth_neighbours_plus_thdot_direct,,,,,,,,,,,,,,,-2.3060441303344758e-06,0,781,0.0,0.0,,,,,,,,,,,,,,,,,,,,,,,,,,,,,,,,,,,,,,,,,,,,,,,,,,,,,,,,,,,,,,,,,,,,,,,,,,nan,,,,,,,,,,,,,,,
1397,6.261585235595703,6.261581438593566e-05,0.006261581438593566,13950.438205003738,10000,ppo,ppo,crawler,flat,thdot_dth_neighbours_plus_thdot_direct,,,,,,,,,,,,,,,-0.00013147855222835737,0,781,0.0,0.0,,,,,,,,,,,,,,,,,,,,,,,,,,,,,,,,,,,,,,,,,,,,,,,,,,,,,,,,,,,,,,,,,,,,,,,,,,nan,,,,,,,,,,,,,,,
1398,-6.325265407562256,-6.325261347228661e-05,-0.006325261347228661,13960.517330646515,10000,ppo,ppo,crawler,flat,thdot_dth_neighbours_plus_thdot_direct,,,,,,,,,,,,,,,0.0,0,781,0.0,0.0,,,,,,,,,,,,,,,,,,,,,,,,,,,,,,,,,,,,,,,,,,,,,,,,,,,,,,,,,,,,,,,,,,,,,,,,,,nan,,,,,,,,,,,,,,,
1399,-6.503074645996094,-6.519146700156853e-05,-0.006519146700156853,13969.957778215408,10000,ppo,ppo,crawler,flat,thdot_dth_neighbours_plus_thdot_direct,,,,,,,,,,,,,,,-3.910305100122274e-05,0,781,0.0,0.0,,,,,,,,,,,,,,,,,,,,,,,,,,,,,,,,,,,,,,,,,,,,,,,,,,,,,,,,,,,,,,,,,,,,,,,,,,nan,,,,,,,,,,,,,,,
1400,0.4711898863315582,4.711919245892204e-06,0.00047119192458922043,13979.65158367157,10000,ppo,ppo,crawler,flat,thdot_dth_neighbours_plus_thdot_direct,,,,,,,,,,,,,,,-4.9057157850906576e-05,0,781,0.0,0.0,,,,,,,,,,,,,,,,,,,,,,,,,,,,,,,,,,,,,,,,,,,,,,,,,,,,,,,,,,,,,,,,,,,,,,,,,,nan,,,,,,,,,,,,,,,
1401,1.7809427976608276,1.8662518414203078e-05,0.0018662518414203078,13989.758666992188,10000,ppo,ppo,crawler,flat,thdot_dth_neighbours_plus_thdot_direct,,,,,,,,,,,,,,,-3.440322404519849e-05,0,781,0.0,0.0,,,,,,,,,,,,,,,,,,,,,,,,,,,,,,,,,,,,,,,,,,,,,,,,,,,,,,,,,,,,,,,,,,,,,,,,,,nan,,,,,,,,,,,,,,,
1402,12.999653816223145,0.00013017065066378564,0.013017065066378564,13999.481576681137,10000,ppo,ppo,crawler,flat,thdot_dth_neighbours_plus_thdot_direct,,,,,,,,,,,,,,,-1.5537942570089226e-09,0,781,0.0,0.0,,,,,,,,,,,,,,,,,,,,,,,,,,,,,,,,,,,,,,,,,,,,,,,,,,,,,,,,,,,,,,,,,,,,,,,,,,nan,,,,,,,,,,,,,,,
1403,16.832841873168945,0.00016858013987075537,0.016858013987075537,14009.615550756454,10000,ppo,ppo,crawler,flat,thdot_dth_neighbours_plus_thdot_direct,,,,,,,,,,,,,,,-9.655078369814058e-06,0,781,0.0,0.0,,,,,,,,,,,,,,,,,,,,,,,,,,,,,,,,,,,,,,,,,,,,,,,,,,,,,,,,,,,,,,,,,,,,,,,,,,nan,,,,,,,,,,,,,,,
1404,1.0328654050827026,1.0328652024327312e-05,0.0010328652024327312,14019.310429096222,10000,ppo,ppo,crawler,flat,thdot_dth_neighbours_plus_thdot_direct,,,,,,,,,,,,,,,-5.541272728528622e-06,0,781,0.0,0.0,,,,,,,,,,,,,,,,,,,,,,,,,,,,,,,,,,,,,,,,,,,,,,,,,,,,,,,,,,,,,,,,,,,,,,,,,,nan,,,,,,,,,,,,,,,
1405,2.980226993560791,2.928713547589723e-05,0.002928713547589723,14029.496861934662,10000,ppo,ppo,crawler,flat,thdot_dth_neighbours_plus_thdot_direct,,,,,,,,,,,,,,,0.0,0,781,0.0,0.0,,,,,,,,,,,,,,,,,,,,,,,,,,,,,,,,,,,,,,,,,,,,,,,,,,,,,,,,,,,,,,,,,,,,,,,,,,nan,,,,,,,,,,,,,,,
1406,-17.191104888916016,-0.00017216629930771887,-0.017216629930771887,14039.633700847626,10000,ppo,ppo,crawler,flat,thdot_dth_neighbours_plus_thdot_direct,,,,,,,,,,,,,,,-5.138041058056791e-06,0,781,0.0,0.0,,,,,,,,,,,,,,,,,,,,,,,,,,,,,,,,,,,,,,,,,,,,,,,,,,,,,,,,,,,,,,,,,,,,,,,,,,nan,,,,,,,,,,,,,,,
1407,-2.659391164779663,-2.6593905204208568e-05,-0.0026593905204208568,14049.375307321548,10000,ppo,ppo,crawler,flat,thdot_dth_neighbours_plus_thdot_direct,,,,,,,,,,,,,,,-0.01390221991985273,0,781,0.0,0.0,,,,,,,,,,,,,,,,,,,,,,,,,,,,,,,,,,,,,,,,,,,,,,,,,,,,,,,,,,,,,,,,,,,,,,,,,,nan,,,,,,,,,,,,,,,
1408,5.647120475769043,5.647120997309685e-05,0.005647120997309685,14059.41217827797,10000,ppo,ppo,crawler,flat,thdot_dth_neighbours_plus_thdot_direct,,,,,,,,,,,,,,,-0.0001386945432817585,0,781,0.0,0.0,,,,,,,,,,,,,,,,,,,,,,,,,,,,,,,,,,,,,,,,,,,,,,,,,,,,,,,,,,,,,,,,,,,,,,,,,,nan,,,,,,,,,,,,,,,
1409,-25.693374633789062,-0.0002577437262516469,-0.025774372625164688,14069.250146627426,10000,ppo,ppo,crawler,flat,thdot_dth_neighbours_plus_thdot_direct,,,,,,,,,,,,,,,-3.0560980618915854e-05,0,781,0.0,0.0,,,,,,,,,,,,,,,,,,,,,,,,,,,,,,,,,,,,,,,,,,,,,,,,,,,,,,,,,,,,,,,,,,,,,,,,,,nan,,,,,,,,,,,,,,,
1410,-12.678497314453125,-0.00012669427087530494,-0.012669427087530494,14079.17762851715,10000,ppo,ppo,crawler,flat,thdot_dth_neighbours_plus_thdot_direct,,,,,,,,,,,,,,,-0.0006814172822939144,0,781,0.0,0.0,,,,,,,,,,,,,,,,,,,,,,,,,,,,,,,,,,,,,,,,,,,,,,,,,,,,,,,,,,,,,,,,,,,,,,,,,,nan,,,,,,,,,,,,,,,
1411,8.71902847290039,8.719027391634881e-05,0.008719027391634881,14089.221752643585,10000,ppo,ppo,crawler,flat,thdot_dth_neighbours_plus_thdot_direct,,,,,,,,,,,,,,,0.0,0,781,0.0,0.0,,,,,,,,,,,,,,,,,,,,,,,,,,,,,,,,,,,,,,,,,,,,,,,,,,,,,,,,,,,,,,,,,,,,,,,,,,nan,,,,,,,,,,,,,,,
1412,9.192084312438965,9.1920854174532e-05,0.0091920854174532,14099.50661945343,10000,ppo,ppo,crawler,flat,thdot_dth_neighbours_plus_thdot_direct,,,,,,,,,,,,,,,-3.1763603064146906e-05,0,781,0.0,0.0,,,,,,,,,,,,,,,,,,,,,,,,,,,,,,,,,,,,,,,,,,,,,,,,,,,,,,,,,,,,,,,,,,,,,,,,,,nan,,,,,,,,,,,,,,,
1413,-2.7124080657958984,-2.712403511395678e-05,-0.002712403511395678,14109.750486373901,10000,ppo,ppo,crawler,flat,thdot_dth_neighbours_plus_thdot_direct,,,,,,,,,,,,,,,0.0,0,781,0.0,0.0,,,,,,,,,,,,,,,,,,,,,,,,,,,,,,,,,,,,,,,,,,,,,,,,,,,,,,,,,,,,,,,,,,,,,,,,,,nan,,,,,,,,,,,,,,,
1414,-17.191577911376953,-0.00017211500380653888,-0.017211500380653888,14119.625905752182,10000,ppo,ppo,crawler,flat,thdot_dth_neighbours_plus_thdot_direct,,,,,,,,,,,,,,,-5.143290330750078e-06,0,781,0.0,0.0,,,,,,,,,,,,,,,,,,,,,,,,,,,,,,,,,,,,,,,,,,,,,,,,,,,,,,,,,,,,,,,,,,,,,,,,,,nan,,,,,,,,,,,,,,,
1415,3.139474630355835,3.098494198638946e-05,0.003098494198638946,14129.899989843369,10000,ppo,ppo,crawler,flat,thdot_dth_neighbours_plus_thdot_direct,,,,,,,,,,,,,,,-1.519549847908423e-05,0,781,0.0,0.0,,,,,,,,,,,,,,,,,,,,,,,,,,,,,,,,,,,,,,,,,,,,,,,,,,,,,,,,,,,,,,,,,,,,,,,,,,nan,,,,,,,,,,,,,,,
1416,-2.2369773387908936,-2.2369804355548695e-05,-0.0022369804355548695,14139.67982006073,10000,ppo,ppo,crawler,flat,thdot_dth_neighbours_plus_thdot_direct,,,,,,,,,,,,,,,0.0,0,781,0.0,0.0,,,,,,,,,,,,,,,,,,,,,,,,,,,,,,,,,,,,,,,,,,,,,,,,,,,,,,,,,,,,,,,,,,,,,,,,,,nan,,,,,,,,,,,,,,,
1417,-5.132079601287842,-5.1320752390893176e-05,-0.005132075239089318,14149.711314201355,10000,ppo,ppo,crawler,flat,thdot_dth_neighbours_plus_thdot_direct,,,,,,,,,,,,,,,-2.1882741574899182e-07,0,781,0.0,0.0,,,,,,,,,,,,,,,,,,,,,,,,,,,,,,,,,,,,,,,,,,,,,,,,,,,,,,,,,,,,,,,,,,,,,,,,,,nan,,,,,,,,,,,,,,,
1418,0.5522689819335938,5.522654191736365e-06,0.0005522654191736365,14159.580588817596,10000,ppo,ppo,crawler,flat,thdot_dth_neighbours_plus_thdot_direct,,,,,,,,,,,,,,,-0.00011644986304293521,0,781,0.0,0.0,,,,,,,,,,,,,,,,,,,,,,,,,,,,,,,,,,,,,,,,,,,,,,,,,,,,,,,,,,,,,,,,,,,,,,,,,,nan,,,,,,,,,,,,,,,
1419,14.565095901489258,0.0001457807666156441,0.01457807666156441,14169.478701353073,10000,ppo,ppo,crawler,flat,thdot_dth_neighbours_plus_thdot_direct,,,,,,,,,,,,,,,-1.667651840307954e-05,0,781,0.0,0.0,,,,,,,,,,,,,,,,,,,,,,,,,,,,,,,,,,,,,,,,,,,,,,,,,,,,,,,,,,,,,,,,,,,,,,,,,,nan,,,,,,,,,,,,,,,
1420,-22.387195587158203,-0.0002261936169816181,-0.02261936169816181,14179.778725147247,10000,ppo,ppo,crawler,flat,thdot_dth_neighbours_plus_thdot_direct,,,,,,,,,,,,,,,-5.175714904535443e-06,0,781,0.0,0.0,,,,,,,,,,,,,,,,,,,,,,,,,,,,,,,,,,,,,,,,,,,,,,,,,,,,,,,,,,,,,,,,,,,,,,,,,,nan,,,,,,,,,,,,,,,
1421,16.0424861907959,0.00016067414253484458,0.016067414253484458,14189.78561091423,10000,ppo,ppo,crawler,flat,thdot_dth_neighbours_plus_thdot_direct,,,,,,,,,,,,,,,-0.0010085147370258764,0,781,0.0,0.0,,,,,,,,,,,,,,,,,,,,,,,,,,,,,,,,,,,,,,,,,,,,,,,,,,,,,,,,,,,,,,,,,,,,,,,,,,nan,,,,,,,,,,,,,,,
1422,13.028131484985352,0.00013029464753344655,0.013029464753344655,14199.740895986557,10000,ppo,ppo,crawler,flat,thdot_dth_neighbours_plus_thdot_direct,,,,,,,,,,,,,,,0.0,0,781,0.0,0.0,,,,,,,,,,,,,,,,,,,,,,,,,,,,,,,,,,,,,,,,,,,,,,,,,,,,,,,,,,,,,,,,,,,,,,,,,,nan,,,,,,,,,,,,,,,
1423,-4.1365790367126465,-4.136573988944292e-05,-0.004136573988944292,14210.052278757095,10000,ppo,ppo,crawler,flat,thdot_dth_neighbours_plus_thdot_direct,,,,,,,,,,,,,,,-0.0025799308155833836,0,781,0.0,0.0,,,,,,,,,,,,,,,,,,,,,,,,,,,,,,,,,,,,,,,,,,,,,,,,,,,,,,,,,,,,,,,,,,,,,,,,,,nan,,,,,,,,,,,,,,,
1424,-8.602893829345703,-8.602894376963377e-05,-0.008602894376963377,14219.987427711487,10000,ppo,ppo,crawler,flat,thdot_dth_neighbours_plus_thdot_direct,,,,,,,,,,,,,,,-1.9227458633930828e-08,0,781,0.0,0.0,,,,,,,,,,,,,,,,,,,,,,,,,,,,,,,,,,,,,,,,,,,,,,,,,,,,,,,,,,,,,,,,,,,,,,,,,,nan,,,,,,,,,,,,,,,
1425,-9.625624656677246,-9.738340304465964e-05,-0.009738340304465964,14229.93792438507,10000,ppo,ppo,crawler,flat,thdot_dth_neighbours_plus_thdot_direct,,,,,,,,,,,,,,,-0.00010539713183301054,0,781,0.0,0.0,,,,,,,,,,,,,,,,,,,,,,,,,,,,,,,,,,,,,,,,,,,,,,,,,,,,,,,,,,,,,,,,,,,,,,,,,,nan,,,,,,,,,,,,,,,
1426,3.70953631401062,3.7095371226314455e-05,0.0037095371226314455,14239.926819086075,10000,ppo,ppo,crawler,flat,thdot_dth_neighbours_plus_thdot_direct,,,,,,,,,,,,,,,-7.0916827429424636e-06,0,781,0.0,0.0,,,,,,,,,,,,,,,,,,,,,,,,,,,,,,,,,,,,,,,,,,,,,,,,,,,,,,,,,,,,,,,,,,,,,,,,,,nan,,,,,,,,,,,,,,,
1427,-0.27955397963523865,-2.012310460486333e-06,-0.0002012310460486333,14250.226105928421,10000,ppo,ppo,crawler,flat,thdot_dth_neighbours_plus_thdot_direct,,,,,,,,,,,,,,,-1.700707113849674e-08,0,781,0.0,0.0,,,,,,,,,,,,,,,,,,,,,,,,,,,,,,,,,,,,,,,,,,,,,,,,,,,,,,,,,,,,,,,,,,,,,,,,,,nan,,,,,,,,,,,,,,,
1428,-20.693532943725586,-0.00020786866662092507,-0.020786866662092507,14260.425616979599,10000,ppo,ppo,crawler,flat,thdot_dth_neighbours_plus_thdot_direct,,,,,,,,,,,,,,,-8.210994150589737e-06,0,781,0.0,0.0,,,,,,,,,,,,,,,,,,,,,,,,,,,,,,,,,,,,,,,,,,,,,,,,,,,,,,,,,,,,,,,,,,,,,,,,,,nan,,,,,,,,,,,,,,,
1429,-20.884674072265625,-0.0002089543268084526,-0.02089543268084526,14270.29016327858,10000,ppo,ppo,crawler,flat,thdot_dth_neighbours_plus_thdot_direct,,,,,,,,,,,,,,,-0.009379334639276113,0,781,0.0,0.0,,,,,,,,,,,,,,,,,,,,,,,,,,,,,,,,,,,,,,,,,,,,,,,,,,,,,,,,,,,,,,,,,,,,,,,,,,nan,,,,,,,,,,,,,,,
1430,15.115961074829102,0.00015066980267874897,0.015066980267874897,14280.416732549667,10000,ppo,ppo,crawler,flat,thdot_dth_neighbours_plus_thdot_direct,,,,,,,,,,,,,,,0.0,0,781,0.0,0.0,,,,,,,,,,,,,,,,,,,,,,,,,,,,,,,,,,,,,,,,,,,,,,,,,,,,,,,,,,,,,,,,,,,,,,,,,,nan,,,,,,,,,,,,,,,
1431,-9.998808860778809,-9.998806490330026e-05,-0.009998806490330026,14290.400881052017,10000,ppo,ppo,crawler,flat,thdot_dth_neighbours_plus_thdot_direct,,,,,,,,,,,,,,,-4.9299798982167824e-05,0,781,0.0,0.0,,,,,,,,,,,,,,,,,,,,,,,,,,,,,,,,,,,,,,,,,,,,,,,,,,,,,,,,,,,,,,,,,,,,,,,,,,nan,,,,,,,,,,,,,,,
1432,-8.227463722229004,-8.32164369057864e-05,-0.00832164369057864,14300.177040100098,10000,ppo,ppo,crawler,flat,thdot_dth_neighbours_plus_thdot_direct,,,,,,,,,,,,,,,-4.968343352691465e-05,0,781,0.0,0.0,,,,,,,,,,,,,,,,,,,,,,,,,,,,,,,,,,,,,,,,,,,,,,,,,,,,,,,,,,,,,,,,,,,,,,,,,,nan,,,,,,,,,,,,,,,
1433,-28.010095596313477,-0.00028053909773007035,-0.028053909773007035,14310.191119670868,10000,ppo,ppo,crawler,flat,thdot_dth_neighbours_plus_thdot_direct,,,,,,,,,,,,,,,-1.6536636375816164e-05,0,781,0.0,0.0,,,,,,,,,,,,,,,,,,,,,,,,,,,,,,,,,,,,,,,,,,,,,,,,,,,,,,,,,,,,,,,,,,,,,,,,,,nan,,,,,,,,,,,,,,,
1434,-1.1971174478530884,-1.197111214423785e-05,-0.001197111214423785,14320.303510189056,10000,ppo,ppo,crawler,flat,thdot_dth_neighbours_plus_thdot_direct,,,,,,,,,,,,,,,0.0,0,781,0.0,0.0,,,,,,,,,,,,,,,,,,,,,,,,,,,,,,,,,,,,,,,,,,,,,,,,,,,,,,,,,,,,,,,,,,,,,,,,,,nan,,,,,,,,,,,,,,,
1435,-0.7330024838447571,-7.3300552685395814e-06,-0.0007330055268539581,14330.056291103363,10000,ppo,ppo,crawler,flat,thdot_dth_neighbours_plus_thdot_direct,,,,,,,,,,,,,,,-0.0007114483069785883,0,781,0.0,0.0,,,,,,,,,,,,,,,,,,,,,,,,,,,,,,,,,,,,,,,,,,,,,,,,,,,,,,,,,,,,,,,,,,,,,,,,,,nan,,,,,,,,,,,,,,,
1436,17.32610511779785,0.0001733901590341702,0.01733901590341702,14340.184628009796,10000,ppo,ppo,crawler,flat,thdot_dth_neighbours_plus_thdot_direct,,,,,,,,,,,,,,,0.0,0,781,0.0,0.0,,,,,,,,,,,,,,,,,,,,,,,,,,,,,,,,,,,,,,,,,,,,,,,,,,,,,,,,,,,,,,,,,,,,,,,,,,nan,,,,,,,,,,,,,,,
1437,-0.17062492668628693,-1.7062790220734314e-06,-0.00017062790220734314,14350.343599796295,10000,ppo,ppo,crawler,flat,thdot_dth_neighbours_plus_thdot_direct,,,,,,,,,,,,,,,-9.380839049587176e-06,0,781,0.0,0.0,,,,,,,,,,,,,,,,,,,,,,,,,,,,,,,,,,,,,,,,,,,,,,,,,,,,,,,,,,,,,,,,,,,,,,,,,,nan,,,,,,,,,,,,,,,
1438,-30.685388565063477,-0.0003070180828217417,-0.03070180828217417,14360.51617026329,10000,ppo,ppo,crawler,flat,thdot_dth_neighbours_plus_thdot_direct,,,,,,,,,,,,,,,-4.210360419773109e-05,0,781,0.0,0.0,,,,,,,,,,,,,,,,,,,,,,,,,,,,,,,,,,,,,,,,,,,,,,,,,,,,,,,,,,,,,,,,,,,,,,,,,,nan,,,,,,,,,,,,,,,
1439,4.077004909515381,4.0770031773718074e-05,0.004077003177371807,14370.661643981934,10000,ppo,ppo,crawler,flat,thdot_dth_neighbours_plus_thdot_direct,,,,,,,,,,,,,,,-1.1481225452410885e-05,0,781,0.0,0.0,,,,,,,,,,,,,,,,,,,,,,,,,,,,,,,,,,,,,,,,,,,,,,,,,,,,,,,,,,,,,,,,,,,,,,,,,,nan,,,,,,,,,,,,,,,
1440,10.70872974395752,0.00010841808398254216,0.010841808398254216,14380.601907253265,10000,ppo,ppo,crawler,flat,thdot_dth_neighbours_plus_thdot_direct,,,,,,,,,,,,,,,-2.531742584079542e-08,0,781,0.0,0.0,,,,,,,,,,,,,,,,,,,,,,,,,,,,,,,,,,,,,,,,,,,,,,,,,,,,,,,,,,,,,,,,,,,,,,,,,,nan,,,,,,,,,,,,,,,
1441,4.279795169830322,4.305253241909668e-05,0.004305253241909668,14391.050971984863,10000,ppo,ppo,crawler,flat,thdot_dth_neighbours_plus_thdot_direct,,,,,,,,,,,,,,,-4.7790460174047076e-05,0,781,0.0,0.0,,,,,,,,,,,,,,,,,,,,,,,,,,,,,,,,,,,,,,,,,,,,,,,,,,,,,,,,,,,,,,,,,,,,,,,,,,nan,,,,,,,,,,,,,,,
1442,-5.791964054107666,-5.7926659792428836e-05,-0.005792665979242884,14401.086083173752,10000,ppo,ppo,crawler,flat,thdot_dth_neighbours_plus_thdot_direct,,,,,,,,,,,,,,,-1.8169750458299733e-05,0,781,0.0,0.0,,,,,,,,,,,,,,,,,,,,,,,,,,,,,,,,,,,,,,,,,,,,,,,,,,,,,,,,,,,,,,,,,,,,,,,,,,nan,,,,,,,,,,,,,,,
1443,4.206334114074707,4.186029764241539e-05,0.004186029764241539,14411.009643793106,10000,ppo,ppo,crawler,flat,thdot_dth_neighbours_plus_thdot_direct,,,,,,,,,,,,,,,-0.016778692145201064,0,781,0.0,0.0,,,,,,,,,,,,,,,,,,,,,,,,,,,,,,,,,,,,,,,,,,,,,,,,,,,,,,,,,,,,,,,,,,,,,,,,,,nan,,,,,,,,,,,,,,,
1444,4.831254005432129,4.8312573198927566e-05,0.004831257319892757,14421.899802684784,10000,ppo,ppo,crawler,flat,thdot_dth_neighbours_plus_thdot_direct,,,,,,,,,,,,,,,-8.745438558801952e-06,0,781,0.0,0.0,,,,,,,,,,,,,,,,,,,,,,,,,,,,,,,,,,,,,,,,,,,,,,,,,,,,,,,,,,,,,,,,,,,,,,,,,,nan,,,,,,,,,,,,,,,
1445,-10.525343894958496,-0.00010548239515628666,-0.010548239515628666,14432.041253328323,10000,ppo,ppo,crawler,flat,thdot_dth_neighbours_plus_thdot_direct,,,,,,,,,,,,,,,-1.7168994864184177e-05,0,781,0.0,0.0,,,,,,,,,,,,,,,,,,,,,,,,,,,,,,,,,,,,,,,,,,,,,,,,,,,,,,,,,,,,,,,,,,,,,,,,,,nan,,,,,,,,,,,,,,,
1446,7.183050632476807,7.183053821790963e-05,0.007183053821790963,14442.562786102295,10000,ppo,ppo,crawler,flat,thdot_dth_neighbours_plus_thdot_direct,,,,,,,,,,,,,,,-4.414860135309217e-06,0,781,0.0,0.0,,,,,,,,,,,,,,,,,,,,,,,,,,,,,,,,,,,,,,,,,,,,,,,,,,,,,,,,,,,,,,,,,,,,,,,,,,nan,,,,,,,,,,,,,,,
1447,1.2936657667160034,1.293665172852343e-05,0.001293665172852343,14452.659692525864,10000,ppo,ppo,crawler,flat,thdot_dth_neighbours_plus_thdot_direct,,,,,,,,,,,,,,,-0.0008278247410200164,0,781,0.0,0.0,,,,,,,,,,,,,,,,,,,,,,,,,,,,,,,,,,,,,,,,,,,,,,,,,,,,,,,,,,,,,,,,,,,,,,,,,,nan,,,,,,,,,,,,,,,
1448,8.891890525817871,8.891891047824174e-05,0.008891891047824174,14462.549917697906,10000,ppo,ppo,crawler,flat,thdot_dth_neighbours_plus_thdot_direct,,,,,,,,,,,,,,,0.0,0,781,0.0,0.0,,,,,,,,,,,,,,,,,,,,,,,,,,,,,,,,,,,,,,,,,,,,,,,,,,,,,,,,,,,,,,,,,,,,,,,,,,nan,,,,,,,,,,,,,,,
1449,-7.81072998046875,-7.810728129697964e-05,-0.007810728129697964,14472.942881822586,10000,ppo,ppo,crawler,flat,thdot_dth_neighbours_plus_thdot_direct,,,,,,,,,,,,,,,-2.812109315212191e-05,0,781,0.0,0.0,,,,,,,,,,,,,,,,,,,,,,,,,,,,,,,,,,,,,,,,,,,,,,,,,,,,,,,,,,,,,,,,,,,,,,,,,,nan,,,,,,,,,,,,,,,
1450,13.812433242797852,0.00013877228775527328,0.013877228775527328,14482.483666658401,10000,ppo,ppo,crawler,flat,thdot_dth_neighbours_plus_thdot_direct,,,,,,,,,,,,,,,-2.6152873466628463e-06,0,781,0.0,0.0,,,,,,,,,,,,,,,,,,,,,,,,,,,,,,,,,,,,,,,,,,,,,,,,,,,,,,,,,,,,,,,,,,,,,,,,,,nan,,,,,,,,,,,,,,,
1451,-9.988055229187012,-0.00010010458208853379,-0.010010458208853379,14492.313722372055,10000,ppo,ppo,crawler,flat,thdot_dth_neighbours_plus_thdot_direct,,,,,,,,,,,,,,,-7.318716768113355e-07,0,781,0.0,0.0,,,,,,,,,,,,,,,,,,,,,,,,,,,,,,,,,,,,,,,,,,,,,,,,,,,,,,,,,,,,,,,,,,,,,,,,,,nan,,,,,,,,,,,,,,,
1452,-4.1111345291137695,-4.111140515306033e-05,-0.004111140515306033,14502.155233860016,10000,ppo,ppo,crawler,flat,thdot_dth_neighbours_plus_thdot_direct,,,,,,,,,,,,,,,-0.0001487602180444782,0,781,0.0,0.0,,,,,,,,,,,,,,,,,,,,,,,,,,,,,,,,,,,,,,,,,,,,,,,,,,,,,,,,,,,,,,,,,,,,,,,,,,nan,,,,,,,,,,,,,,,
1453,3.966325521469116,3.9663282223045826e-05,0.003966328222304583,14511.764430999756,10000,ppo,ppo,crawler,flat,thdot_dth_neighbours_plus_thdot_direct,,,,,,,,,,,,,,,0.0,0,781,0.0,0.0,,,,,,,,,,,,,,,,,,,,,,,,,,,,,,,,,,,,,,,,,,,,,,,,,,,,,,,,,,,,,,,,,,,,,,,,,,nan,,,,,,,,,,,,,,,
1454,7.084660530090332,7.086185360094532e-05,0.007086185360094532,14521.83656668663,10000,ppo,ppo,crawler,flat,thdot_dth_neighbours_plus_thdot_direct,,,,,,,,,,,,,,,-3.506368438733525e-05,0,781,0.0,0.0,,,,,,,,,,,,,,,,,,,,,,,,,,,,,,,,,,,,,,,,,,,,,,,,,,,,,,,,,,,,,,,,,,,,,,,,,,nan,,,,,,,,,,,,,,,
1455,8.403969764709473,8.428052387898788e-05,0.008428052387898788,14531.243100881577,10000,ppo,ppo,crawler,flat,thdot_dth_neighbours_plus_thdot_direct,,,,,,,,,,,,,,,-6.090634992577507e-07,0,781,0.0,0.0,,,,,,,,,,,,,,,,,,,,,,,,,,,,,,,,,,,,,,,,,,,,,,,,,,,,,,,,,,,,,,,,,,,,,,,,,,nan,,,,,,,,,,,,,,,
1456,-8.24422550201416,-8.24422313598916e-05,-0.00824422313598916,14541.021896362305,10000,ppo,ppo,crawler,flat,thdot_dth_neighbours_plus_thdot_direct,,,,,,,,,,,,,,,-1.3450909496574792e-06,0,781,0.0,0.0,,,,,,,,,,,,,,,,,,,,,,,,,,,,,,,,,,,,,,,,,,,,,,,,,,,,,,,,,,,,,,,,,,,,,,,,,,nan,,,,,,,,,,,,,,,
1457,13.247871398925781,0.00013219380343798548,0.013219380343798548,14550.973420381546,10000,ppo,ppo,crawler,flat,thdot_dth_neighbours_plus_thdot_direct,,,,,,,,,,,,,,,-9.481348788959574e-05,0,781,0.0,0.0,,,,,,,,,,,,,,,,,,,,,,,,,,,,,,,,,,,,,,,,,,,,,,,,,,,,,,,,,,,,,,,,,,,,,,,,,,nan,,,,,,,,,,,,,,,
1458,0.9217231869697571,9.21721675695153e-06,0.000921721675695153,14560.235577106476,10000,ppo,ppo,crawler,flat,thdot_dth_neighbours_plus_thdot_direct,,,,,,,,,,,,,,,0.002014339863347717,0,781,0.0,0.0,,,,,,,,,,,,,,,,,,,,,,,,,,,,,,,,,,,,,,,,,,,,,,,,,,,,,,,,,,,,,,,,,,,,,,,,,,nan,,,,,,,,,,,,,,,
1459,4.79617166519165,4.7961708332877606e-05,0.004796170833287761,14570.328552246094,10000,ppo,ppo,crawler,flat,thdot_dth_neighbours_plus_thdot_direct,,,,,,,,,,,,,,,-0.00018244291084524,0,781,0.0,0.0,,,,,,,,,,,,,,,,,,,,,,,,,,,,,,,,,,,,,,,,,,,,,,,,,,,,,,,,,,,,,,,,,,,,,,,,,,nan,,,,,,,,,,,,,,,
1460,-6.7658514976501465,-6.765848229406402e-05,-0.0067658482294064015,14580.136979103088,10000,ppo,ppo,crawler,flat,thdot_dth_neighbours_plus_thdot_direct,,,,,,,,,,,,,,,0.0,0,781,0.0,0.0,,,,,,,,,,,,,,,,,,,,,,,,,,,,,,,,,,,,,,,,,,,,,,,,,,,,,,,,,,,,,,,,,,,,,,,,,,nan,,,,,,,,,,,,,,,
1461,-2.7673332691192627,-2.7673348085954785e-05,-0.0027673348085954785,14589.635016202927,10000,ppo,ppo,crawler,flat,thdot_dth_neighbours_plus_thdot_direct,,,,,,,,,,,,,,,-9.065864204635388e-05,0,781,0.0,0.0,,,,,,,,,,,,,,,,,,,,,,,,,,,,,,,,,,,,,,,,,,,,,,,,,,,,,,,,,,,,,,,,,,,,,,,,,,nan,,,,,,,,,,,,,,,
1462,-5.198253154754639,-5.222055915510282e-05,-0.005222055915510282,14599.763328313828,10000,ppo,ppo,crawler,flat,thdot_dth_neighbours_plus_thdot_direct,,,,,,,,,,,,,,,0.0,0,781,0.0,0.0,,,,,,,,,,,,,,,,,,,,,,,,,,,,,,,,,,,,,,,,,,,,,,,,,,,,,,,,,,,,,,,,,,,,,,,,,,nan,,,,,,,,,,,,,,,
1463,-5.879393577575684,-5.879394302610308e-05,-0.005879394302610308,14609.487215042114,10000,ppo,ppo,crawler,flat,thdot_dth_neighbours_plus_thdot_direct,,,,,,,,,,,,,,,-5.648583746139585e-05,0,781,0.0,0.0,,,,,,,,,,,,,,,,,,,,,,,,,,,,,,,,,,,,,,,,,,,,,,,,,,,,,,,,,,,,,,,,,,,,,,,,,,nan,,,,,,,,,,,,,,,
1464,-1.9165823459625244,-1.9165805497323163e-05,-0.0019165805497323163,14619.411537408829,10000,ppo,ppo,crawler,flat,thdot_dth_neighbours_plus_thdot_direct,,,,,,,,,,,,,,,-1.3779400443603378e-07,0,781,0.0,0.0,,,,,,,,,,,,,,,,,,,,,,,,,,,,,,,,,,,,,,,,,,,,,,,,,,,,,,,,,,,,,,,,,,,,,,,,,,nan,,,,,,,,,,,,,,,
1465,-1.9174998998641968,-1.9174984117853455e-05,-0.0019174984117853455,14628.93407702446,10000,ppo,ppo,crawler,flat,thdot_dth_neighbours_plus_thdot_direct,,,,,,,,,,,,,,,-0.034624310589554064,0,781,0.0,0.0,,,,,,,,,,,,,,,,,,,,,,,,,,,,,,,,,,,,,,,,,,,,,,,,,,,,,,,,,,,,,,,,,,,,,,,,,,nan,,,,,,,,,,,,,,,
1466,-7.58010196685791,-7.580095552839339e-05,-0.007580095552839339,14638.655962467194,10000,ppo,ppo,crawler,flat,thdot_dth_neighbours_plus_thdot_direct,,,,,,,,,,,,,,,0.0,0,781,0.0,0.0,,,,,,,,,,,,,,,,,,,,,,,,,,,,,,,,,,,,,,,,,,,,,,,,,,,,,,,,,,,,,,,,,,,,,,,,,,nan,,,,,,,,,,,,,,,
1467,1.1103624105453491,1.1103668839496095e-05,0.0011103668839496095,14649.13599395752,10000,ppo,ppo,crawler,flat,thdot_dth_neighbours_plus_thdot_direct,,,,,,,,,,,,,,,-3.89247045168956e-06,0,781,0.0,0.0,,,,,,,,,,,,,,,,,,,,,,,,,,,,,,,,,,,,,,,,,,,,,,,,,,,,,,,,,,,,,,,,,,,,,,,,,,nan,,,,,,,,,,,,,,,
1468,-7.129218578338623,-7.148195436457172e-05,-0.007148195436457172,14658.592678070068,10000,ppo,ppo,crawler,flat,thdot_dth_neighbours_plus_thdot_direct,,,,,,,,,,,,,,,-2.3035648566278393e-05,0,781,0.0,0.0,,,,,,,,,,,,,,,,,,,,,,,,,,,,,,,,,,,,,,,,,,,,,,,,,,,,,,,,,,,,,,,,,,,,,,,,,,nan,,,,,,,,,,,,,,,
1469,5.243490695953369,5.243490886641666e-05,0.005243490886641666,14668.460307836533,10000,ppo,ppo,crawler,flat,thdot_dth_neighbours_plus_thdot_direct,,,,,,,,,,,,,,,-1.6371550207788292e-05,0,781,0.0,0.0,,,,,,,,,,,,,,,,,,,,,,,,,,,,,,,,,,,,,,,,,,,,,,,,,,,,,,,,,,,,,,,,,,,,,,,,,,nan,,,,,,,,,,,,,,,
1470,-5.471130847930908,-5.471128679346293e-05,-0.005471128679346293,14678.21701169014,10000,ppo,ppo,crawler,flat,thdot_dth_neighbours_plus_thdot_direct,,,,,,,,,,,,,,,-1.0592331120055097e-05,0,781,0.0,0.0,,,,,,,,,,,,,,,,,,,,,,,,,,,,,,,,,,,,,,,,,,,,,,,,,,,,,,,,,,,,,,,,,,,,,,,,,,nan,,,,,,,,,,,,,,,
1471,12.895471572875977,0.00012919031723868102,0.012919031723868102,14688.091540575027,10000,ppo,ppo,crawler,flat,thdot_dth_neighbours_plus_thdot_direct,,,,,,,,,,,,,,,0.0,0,781,0.0,0.0,,,,,,,,,,,,,,,,,,,,,,,,,,,,,,,,,,,,,,,,,,,,,,,,,,,,,,,,,,,,,,,,,,,,,,,,,,nan,,,,,,,,,,,,,,,
1472,5.44746732711792,5.447469811770134e-05,0.005447469811770134,14698.129497528076,10000,ppo,ppo,crawler,flat,thdot_dth_neighbours_plus_thdot_direct,,,,,,,,,,,,,,,-6.4882322210966396e-06,0,781,0.0,0.0,,,,,,,,,,,,,,,,,,,,,,,,,,,,,,,,,,,,,,,,,,,,,,,,,,,,,,,,,,,,,,,,,,,,,,,,,,nan,,,,,,,,,,,,,,,
1473,8.867374420166016,8.880027598934248e-05,0.008880027598934248,14707.625042915344,10000,ppo,ppo,crawler,flat,thdot_dth_neighbours_plus_thdot_direct,,,,,,,,,,,,,,,-9.24361445171885e-05,0,781,0.0,0.0,,,,,,,,,,,,,,,,,,,,,,,,,,,,,,,,,,,,,,,,,,,,,,,,,,,,,,,,,,,,,,,,,,,,,,,,,,nan,,,,,,,,,,,,,,,
1474,-14.663660049438477,-0.0001466611574869603,-0.01466611574869603,14717.61444067955,10000,ppo,ppo,crawler,flat,thdot_dth_neighbours_plus_thdot_direct,,,,,,,,,,,,,,,0.0,0,781,0.0,0.0,,,,,,,,,,,,,,,,,,,,,,,,,,,,,,,,,,,,,,,,,,,,,,,,,,,,,,,,,,,,,,,,,,,,,,,,,,nan,,,,,,,,,,,,,,,
1475,4.213681697845459,4.169921521679498e-05,0.004169921521679498,14727.344000577927,10000,ppo,ppo,crawler,flat,thdot_dth_neighbours_plus_thdot_direct,,,,,,,,,,,,,,,-2.949044022532645e-05,0,781,0.0,0.0,,,,,,,,,,,,,,,,,,,,,,,,,,,,,,,,,,,,,,,,,,,,,,,,,,,,,,,,,,,,,,,,,,,,,,,,,,nan,,,,,,,,,,,,,,,
1476,-9.335140228271484,-9.424009476788342e-05,-0.009424009476788342,14736.872069835663,10000,ppo,ppo,crawler,flat,thdot_dth_neighbours_plus_thdot_direct,,,,,,,,,,,,,,,-4.444113919432734e-08,0,781,0.0,0.0,,,,,,,,,,,,,,,,,,,,,,,,,,,,,,,,,,,,,,,,,,,,,,,,,,,,,,,,,,,,,,,,,,,,,,,,,,nan,,,,,,,,,,,,,,,
1477,-7.9757256507873535,-7.997953071026132e-05,-0.007997953071026132,14746.823457479477,10000,ppo,ppo,crawler,flat,thdot_dth_neighbours_plus_thdot_direct,,,,,,,,,,,,,,,-1.9559431606462455e-06,0,781,0.0,0.0,,,,,,,,,,,,,,,,,,,,,,,,,,,,,,,,,,,,,,,,,,,,,,,,,,,,,,,,,,,,,,,,,,,,,,,,,,nan,,,,,,,,,,,,,,,
1478,-2.044699192047119,-2.0446988855837844e-05,-0.0020446988855837844,14756.701961517334,10000,ppo,ppo,crawler,flat,thdot_dth_neighbours_plus_thdot_direct,,,,,,,,,,,,,,,-1.4232913993308547e-05,0,781,0.0,0.0,,,,,,,,,,,,,,,,,,,,,,,,,,,,,,,,,,,,,,,,,,,,,,,,,,,,,,,,,,,,,,,,,,,,,,,,,,nan,,,,,,,,,,,,,,,
1479,7.569179058074951,7.525861292378977e-05,0.007525861292378977,14766.39588189125,10000,ppo,ppo,crawler,flat,thdot_dth_neighbours_plus_thdot_direct,,,,,,,,,,,,,,,-0.006959373236332141,0,781,0.0,0.0,,,,,,,,,,,,,,,,,,,,,,,,,,,,,,,,,,,,,,,,,,,,,,,,,,,,,,,,,,,,,,,,,,,,,,,,,,nan,,,,,,,,,,,,,,,
1480,-0.30173149704933167,-3.0172511742421193e-06,-0.00030172511742421193,14776.375400066376,10000,ppo,ppo,crawler,flat,thdot_dth_neighbours_plus_thdot_direct,,,,,,,,,,,,,,,-6.768485190163196e-09,0,781,0.0,0.0,,,,,,,,,,,,,,,,,,,,,,,,,,,,,,,,,,,,,,,,,,,,,,,,,,,,,,,,,,,,,,,,,,,,,,,,,,nan,,,,,,,,,,,,,,,
1481,4.2009429931640625,4.200945841148496e-05,0.004200945841148496,14786.450180053711,10000,ppo,ppo,crawler,flat,thdot_dth_neighbours_plus_thdot_direct,,,,,,,,,,,,,,,-0.008793660515869243,0,781,0.0,0.0,,,,,,,,,,,,,,,,,,,,,,,,,,,,,,,,,,,,,,,,,,,,,,,,,,,,,,,,,,,,,,,,,,,,,,,,,,nan,,,,,,,,,,,,,,,
1482,-21.092397689819336,-0.00021135945280548185,-0.021135945280548185,14796.512209415436,10000,ppo,ppo,crawler,flat,thdot_dth_neighbours_plus_thdot_direct,,,,,,,,,,,,,,,0.0,0,781,0.0,0.0,,,,,,,,,,,,,,,,,,,,,,,,,,,,,,,,,,,,,,,,,,,,,,,,,,,,,,,,,,,,,,,,,,,,,,,,,,nan,,,,,,,,,,,,,,,
1483,-19.79453468322754,-0.00019816754502244294,-0.019816754502244294,14806.20218873024,10000,ppo,ppo,crawler,flat,thdot_dth_neighbours_plus_thdot_direct,,,,,,,,,,,,,,,-1.4190008761253919e-05,0,781,0.0,0.0,,,,,,,,,,,,,,,,,,,,,,,,,,,,,,,,,,,,,,,,,,,,,,,,,,,,,,,,,,,,,,,,,,,,,,,,,,nan,,,,,,,,,,,,,,,
1484,-4.949132442474365,-4.9491336540086195e-05,-0.0049491336540086195,14815.921112298965,10000,ppo,ppo,crawler,flat,thdot_dth_neighbours_plus_thdot_direct,,,,,,,,,,,,,,,-0.0005394574743665745,0,781,0.0,0.0,,,,,,,,,,,,,,,,,,,,,,,,,,,,,,,,,,,,,,,,,,,,,,,,,,,,,,,,,,,,,,,,,,,,,,,,,,nan,,,,,,,,,,,,,,,
1485,0.8222872614860535,8.222930773627013e-06,0.0008222930773627013,14825.828215122223,10000,ppo,ppo,crawler,flat,thdot_dth_neighbours_plus_thdot_direct,,,,,,,,,,,,,,,-2.9300219080054347e-06,0,781,0.0,0.0,,,,,,,,,,,,,,,,,,,,,,,,,,,,,,,,,,,,,,,,,,,,,,,,,,,,,,,,,,,,,,,,,,,,,,,,,,nan,,,,,,,,,,,,,,,
1486,-3.7934772968292236,-3.793480937019922e-05,-0.003793480937019922,14835.473654270172,10000,ppo,ppo,crawler,flat,thdot_dth_neighbours_plus_thdot_direct,,,,,,,,,,,,,,,-4.388430369266627e-05,0,781,0.0,0.0,,,,,,,,,,,,,,,,,,,,,,,,,,,,,,,,,,,,,,,,,,,,,,,,,,,,,,,,,,,,,,,,,,,,,,,,,,nan,,,,,,,,,,,,,,,
1487,-18.551122665405273,-0.0001857268944149837,-0.01857268944149837,14845.368113994598,10000,ppo,ppo,crawler,flat,thdot_dth_neighbours_plus_thdot_direct,,,,,,,,,,,,,,,-1.5376958514297817e-07,0,781,0.0,0.0,,,,,,,,,,,,,,,,,,,,,,,,,,,,,,,,,,,,,,,,,,,,,,,,,,,,,,,,,,,,,,,,,,,,,,,,,,nan,,,,,,,,,,,,,,,
1488,-4.294305324554443,-4.29430183430668e-05,-0.00429430183430668,14855.126941680908,10000,ppo,ppo,crawler,flat,thdot_dth_neighbours_plus_thdot_direct,,,,,,,,,,,,,,,-6.292236637367024e-05,0,781,0.0,0.0,,,,,,,,,,,,,,,,,,,,,,,,,,,,,,,,,,,,,,,,,,,,,,,,,,,,,,,,,,,,,,,,,,,,,,,,,,nan,,,,,,,,,,,,,,,
1489,12.370055198669434,0.0001235280797118321,0.01235280797118321,14865.063941717148,10000,ppo,ppo,crawler,flat,thdot_dth_neighbours_plus_thdot_direct,,,,,,,,,,,,,,,-8.813196390142209e-05,0,781,0.0,0.0,,,,,,,,,,,,,,,,,,,,,,,,,,,,,,,,,,,,,,,,,,,,,,,,,,,,,,,,,,,,,,,,,,,,,,,,,,nan,,,,,,,,,,,,,,,
1490,-18.972074508666992,-0.00018958908913191408,-0.018958908913191408,14874.755337238312,10000,ppo,ppo,crawler,flat,thdot_dth_neighbours_plus_thdot_direct,,,,,,,,,,,,,,,-5.025665839792977e-06,0,781,0.0,0.0,,,,,,,,,,,,,,,,,,,,,,,,,,,,,,,,,,,,,,,,,,,,,,,,,,,,,,,,,,,,,,,,,,,,,,,,,,nan,,,,,,,,,,,,,,,
1491,27.01153564453125,0.0002704231592360884,0.02704231592360884,14884.061047315598,10000,ppo,ppo,crawler,flat,thdot_dth_neighbours_plus_thdot_direct,,,,,,,,,,,,,,,-0.00587782048156411,0,781,0.0,0.0,,,,,,,,,,,,,,,,,,,,,,,,,,,,,,,,,,,,,,,,,,,,,,,,,,,,,,,,,,,,,,,,,,,,,,,,,,nan,,,,,,,,,,,,,,,
1492,9.441245079040527,9.432955994270742e-05,0.009432955994270742,14893.880047559738,10000,ppo,ppo,crawler,flat,thdot_dth_neighbours_plus_thdot_direct,,,,,,,,,,,,,,,-9.931117014794892e-05,0,781,0.0,0.0,,,,,,,,,,,,,,,,,,,,,,,,,,,,,,,,,,,,,,,,,,,,,,,,,,,,,,,,,,,,,,,,,,,,,,,,,,nan,,,,,,,,,,,,,,,
1493,21.391006469726562,0.0002142629527952522,0.02142629527952522,14903.703629255295,10000,ppo,ppo,crawler,flat,thdot_dth_neighbours_plus_thdot_direct,,,,,,,,,,,,,,,0.0,0,781,0.0,0.0,,,,,,,,,,,,,,,,,,,,,,,,,,,,,,,,,,,,,,,,,,,,,,,,,,,,,,,,,,,,,,,,,,,,,,,,,,nan,,,,,,,,,,,,,,,
1494,-14.891276359558105,-0.0001489128771936521,-0.01489128771936521,14913.31669831276,10000,ppo,ppo,crawler,flat,thdot_dth_neighbours_plus_thdot_direct,,,,,,,,,,,,,,,-3.340390776778916e-05,0,781,0.0,0.0,,,,,,,,,,,,,,,,,,,,,,,,,,,,,,,,,,,,,,,,,,,,,,,,,,,,,,,,,,,,,,,,,,,,,,,,,,nan,,,,,,,,,,,,,,,
1495,0.6458191275596619,7.946977348183282e-06,0.0007946977348183282,14922.949601650238,10000,ppo,ppo,crawler,flat,thdot_dth_neighbours_plus_thdot_direct,,,,,,,,,,,,,,,-2.158197565970134e-06,0,781,0.0,0.0,,,,,,,,,,,,,,,,,,,,,,,,,,,,,,,,,,,,,,,,,,,,,,,,,,,,,,,,,,,,,,,,,,,,,,,,,,nan,,,,,,,,,,,,,,,
1496,-11.68383502960205,-0.00011642062600003555,-0.011642062600003555,14932.71287560463,10000,ppo,ppo,crawler,flat,thdot_dth_neighbours_plus_thdot_direct,,,,,,,,,,,,,,,-1.446752142394856e-05,0,781,0.0,0.0,,,,,,,,,,,,,,,,,,,,,,,,,,,,,,,,,,,,,,,,,,,,,,,,,,,,,,,,,,,,,,,,,,,,,,,,,,nan,,,,,,,,,,,,,,,
1497,5.137743949890137,5.137741391081363e-05,0.005137741391081363,14942.315492630005,10000,ppo,ppo,crawler,flat,thdot_dth_neighbours_plus_thdot_direct,,,,,,,,,,,,,,,-0.0006301306586393015,0,781,0.0,0.0,,,,,,,,,,,,,,,,,,,,,,,,,,,,,,,,,,,,,,,,,,,,,,,,,,,,,,,,,,,,,,,,,,,,,,,,,,nan,,,,,,,,,,,,,,,
1498,-5.359103679656982,-5.35910548933316e-05,-0.00535910548933316,14951.954737901688,10000,ppo,ppo,crawler,flat,thdot_dth_neighbours_plus_thdot_direct,,,,,,,,,,,,,,,-4.506361087672078e-09,0,781,0.0,0.0,,,,,,,,,,,,,,,,,,,,,,,,,,,,,,,,,,,,,,,,,,,,,,,,,,,,,,,,,,,,,,,,,,,,,,,,,,nan,,,,,,,,,,,,,,,
1499,15.564373970031738,0.00015553530829492956,0.015553530829492956,14961.775009393692,10000,ppo,ppo,crawler,flat,thdot_dth_neighbours_plus_thdot_direct,,,,,,,,,,,,,,,-0.0002985132569578332,0,781,0.0,0.0,,,,,,,,,,,,,,,,,,,,,,,,,,,,,,,,,,,,,,,,,,,,,,,,,,,,,,,,,,,,,,,,,,,,,,,,,,nan,,,,,,,,,,,,,,,
1500,13.659013748168945,0.00013806336210109293,0.013806336210109293,14971.849951505661,10000,ppo,ppo,crawler,flat,thdot_dth_neighbours_plus_thdot_direct,,,,,,,,,,,,,,,0.0,0,781,0.0,0.0,,,,,,,,,,,,,,,,,,,,,,,,,,,,,,,,,,,,,,,,,,,,,,,,,,,,,,,,,,,,,,,,,,,,,,,,,,nan,,,,,,,,,,,,,,,
