episode,reward_mean,speed_mean,speed_x100,elapsed_sec,frames_per_batch,algorithm,algorithm_family,robot,terrain,channel,actor_update_norm_mean,actor_update_clip_scale_mean,ddpg_loss_actor_mean,ddpg_loss_value_mean,ddpg_actor_grad_norm_mean,ddpg_critic_grad_norm_mean,ddpg_actor_parameter_displacement,ddpg_replay_size,ddpg_replay_transition_bytes,ddpg_exploration_sigma,ddpg_pred_q_mean,ddpg_target_q_mean,ddpg_td_error_mean,ddpg_optimizer_updates,ppo_approx_kl,ppo_early_stop,ppo_updates_completed,policy_anchor_loss,policy_anchor_coeff_effective,closure_score,circularity_score,body_omega,slip_penalty,action_smoothness_penalty,curriculum_progress,rolling_reward,tail_lift_score,tail_forward_score,head_contact_score,curl_prefix_progress,curl_order_penalty,total_signed_curvature,closure_ratio,support_margin,cumulative_rotation,rolling_gate,tail_roll_stage,tail_stage_success,tail_stage_success_rate,tail_roll_reward,fast_roll_phase,fast_roll_phase_steps,fast_roll_phase_progress,fast_roll_flip_event,fast_roll_flip_count,fast_roll_cycle_count,fast_roll_cycle_rotation,fast_roll_cycle_forward,fast_roll_support_migration,fast_roll_direction_fraction,fast_roll_motion_gate,fast_roll_reward,fast_forward_phase,fast_forward_phase_steps,fast_forward_launch_progress,fast_forward_launch_ready_steps,fast_forward_roll_progress,fast_forward_progress_delta,fast_forward_launch_event,fast_forward_event_pulse,fast_forward_event_bonus,fast_forward_event_count,fast_forward_event_rotation,fast_forward_event_forward,fast_forward_support_index,fast_forward_support_migration_nodes,fast_forward_ground_contact_strength,fast_forward_event_direction_fraction,fast_forward_episode_direction_fraction,fast_forward_event_steps,fast_forward_progress_age,fast_forward_stall_penalty,fast_forward_reverse_rotation_penalty,fast_forward_backward_penalty,effort_penalty,scratch_wr_v2_z0_lift_ratio,scratch_wr_v2_z0_forward_ratio,scratch_wr_v2_z0_curl_ratio,scratch_wr_v2_z0_sync_score,scratch_wr_v2_z0_candidate_mask,scratch_wr_v2_z0_active,scratch_wr_v2_z0_penalty_scale,scratch_wr_v2_z0_dense_reward,scratch_wr_v2_progress_delta,fast_forward_reward,wave_amplitude,wave_center,wave_width,wave_hold,wave_kp,wave_kd,scratch_wr_stage_id,scratch_wr_learning_rate,scratch_wr_alpha,scratch_wr_wave_torque_rms,scratch_wr_residual_torque_rms,scratch_wr_applied_residual_torque_rms,scratch_wr_total_torque_rms,scratch_wr_torque_clip_fraction,scratch_wr_residual_saturation_fraction,scratch_wr_v2_wave_ema_beta,scratch_wr_v2_wave_filter_delta_rms,scratch_wr_v2_applied_wave_amplitude,scratch_wr_v2_applied_wave_center,scratch_wr_v2_applied_wave_width,scratch_wr_v2_applied_wave_hold,scratch_wr_v2_applied_wave_kp,scratch_wr_v2_applied_wave_kd
1,0.9246444702148438,8.512564818374813e-06,0.0008512564818374813,7.688211441040039,10000,ppo,ppo,crawler,flat,action_dth_tot_plus_friction_thdot_formula,,,,,,,,,,,,,,,0.006913185841075971,0,781,0.0,0.0,,,,,,,,,,,,,,,,,,,,,,,,,,,,,,,,,,,,,,,,,,,,,,,,,,,,,,,,,,,,,,,,,,,,,,,,,,nan,,,,,,,,,,,,,,,
2,27.824331283569336,0.0002776975743472576,0.02776975743472576,15.164145469665527,10000,ppo,ppo,crawler,flat,action_dth_tot_plus_friction_thdot_formula,,,,,,,,,,,,,,,0.005458608892312209,0,781,0.0,0.0,,,,,,,,,,,,,,,,,,,,,,,,,,,,,,,,,,,,,,,,,,,,,,,,,,,,,,,,,,,,,,,,,,,,,,,,,,nan,,,,,,,,,,,,,,,
3,17.904476165771484,0.00017916853539645672,0.017916853539645672,22.52543067932129,10000,ppo,ppo,crawler,flat,action_dth_tot_plus_friction_thdot_formula,,,,,,,,,,,,,,,0.005631095272007132,0,781,0.0,0.0,,,,,,,,,,,,,,,,,,,,,,,,,,,,,,,,,,,,,,,,,,,,,,,,,,,,,,,,,,,,,,,,,,,,,,,,,,nan,,,,,,,,,,,,,,,
4,31.094690322875977,0.0003104661009274423,0.03104661009274423,29.731070518493652,10000,ppo,ppo,crawler,flat,action_dth_tot_plus_friction_thdot_formula,,,,,,,,,,,,,,,0.004160638233657483,0,781,0.0,0.0,,,,,,,,,,,,,,,,,,,,,,,,,,,,,,,,,,,,,,,,,,,,,,,,,,,,,,,,,,,,,,,,,,,,,,,,,,nan,,,,,,,,,,,,,,,
5,14.32181453704834,0.00014248385559767485,0.014248385559767485,37.06831765174866,10000,ppo,ppo,crawler,flat,action_dth_tot_plus_friction_thdot_formula,,,,,,,,,,,,,,,0.003277211521886928,0,781,0.0,0.0,,,,,,,,,,,,,,,,,,,,,,,,,,,,,,,,,,,,,,,,,,,,,,,,,,,,,,,,,,,,,,,,,,,,,,,,,,nan,,,,,,,,,,,,,,,
6,17.719846725463867,0.0001774636039044708,0.01774636039044708,44.34987235069275,10000,ppo,ppo,crawler,flat,action_dth_tot_plus_friction_thdot_formula,,,,,,,,,,,,,,,0.0031804842705970746,0,781,0.0,0.0,,,,,,,,,,,,,,,,,,,,,,,,,,,,,,,,,,,,,,,,,,,,,,,,,,,,,,,,,,,,,,,,,,,,,,,,,,nan,,,,,,,,,,,,,,,
7,0.5675323605537415,4.471094143809751e-06,0.00044710941438097507,51.55061459541321,10000,ppo,ppo,crawler,flat,action_dth_tot_plus_friction_thdot_formula,,,,,,,,,,,,,,,0.0034606449391571246,0,781,0.0,0.0,,,,,,,,,,,,,,,,,,,,,,,,,,,,,,,,,,,,,,,,,,,,,,,,,,,,,,,,,,,,,,,,,,,,,,,,,,nan,,,,,,,,,,,,,,,
8,-0.8224319815635681,-9.597512871550862e-06,-0.0009597512871550862,58.657824993133545,10000,ppo,ppo,crawler,flat,action_dth_tot_plus_friction_thdot_formula,,,,,,,,,,,,,,,0.003043557696101684,0,781,0.0,0.0,,,,,,,,,,,,,,,,,,,,,,,,,,,,,,,,,,,,,,,,,,,,,,,,,,,,,,,,,,,,,,,,,,,,,,,,,,nan,,,,,,,,,,,,,,,
9,54.584503173828125,0.0005449285381473601,0.05449285381473601,66.00783061981201,10000,ppo,ppo,crawler,flat,action_dth_tot_plus_friction_thdot_formula,,,,,,,,,,,,,,,0.003019552222493602,0,781,0.0,0.0,,,,,,,,,,,,,,,,,,,,,,,,,,,,,,,,,,,,,,,,,,,,,,,,,,,,,,,,,,,,,,,,,,,,,,,,,,nan,,,,,,,,,,,,,,,
10,36.07193374633789,0.0003605708770919591,0.03605708770919591,73.65006351470947,10000,ppo,ppo,crawler,flat,action_dth_tot_plus_friction_thdot_formula,,,,,,,,,,,,,,,0.0030518650831821616,0,781,0.0,0.0,,,,,,,,,,,,,,,,,,,,,,,,,,,,,,,,,,,,,,,,,,,,,,,,,,,,,,,,,,,,,,,,,,,,,,,,,,nan,,,,,,,,,,,,,,,
11,36.22968673706055,0.00036212539998814464,0.036212539998814464,80.87460064888,10000,ppo,ppo,crawler,flat,action_dth_tot_plus_friction_thdot_formula,,,,,,,,,,,,,,,0.0036541494770719646,0,781,0.0,0.0,,,,,,,,,,,,,,,,,,,,,,,,,,,,,,,,,,,,,,,,,,,,,,,,,,,,,,,,,,,,,,,,,,,,,,,,,,nan,,,,,,,,,,,,,,,
12,44.42012405395508,0.00044177897507324815,0.044177897507324815,88.39022326469421,10000,ppo,ppo,crawler,flat,action_dth_tot_plus_friction_thdot_formula,,,,,,,,,,,,,,,0.003397461149135602,0,781,0.0,0.0,,,,,,,,,,,,,,,,,,,,,,,,,,,,,,,,,,,,,,,,,,,,,,,,,,,,,,,,,,,,,,,,,,,,,,,,,,nan,,,,,,,,,,,,,,,
13,61.35470199584961,0.0006118394085206091,0.061183940852060914,95.51690649986267,10000,ppo,ppo,crawler,flat,action_dth_tot_plus_friction_thdot_formula,,,,,,,,,,,,,,,0.0030268524001589793,0,781,0.0,0.0,,,,,,,,,,,,,,,,,,,,,,,,,,,,,,,,,,,,,,,,,,,,,,,,,,,,,,,,,,,,,,,,,,,,,,,,,,nan,,,,,,,,,,,,,,,
14,61.18780517578125,0.0006108147208578885,0.061081472085788846,103.04397988319397,10000,ppo,ppo,crawler,flat,action_dth_tot_plus_friction_thdot_formula,,,,,,,,,,,,,,,0.0030227565524381765,0,781,0.0,0.0,,,,,,,,,,,,,,,,,,,,,,,,,,,,,,,,,,,,,,,,,,,,,,,,,,,,,,,,,,,,,,,,,,,,,,,,,,nan,,,,,,,,,,,,,,,
15,65.47814178466797,0.0006540189497172832,0.06540189497172832,110.09773302078247,10000,ppo,ppo,crawler,flat,action_dth_tot_plus_friction_thdot_formula,,,,,,,,,,,,,,,0.002712711062229855,0,781,0.0,0.0,,,,,,,,,,,,,,,,,,,,,,,,,,,,,,,,,,,,,,,,,,,,,,,,,,,,,,,,,,,,,,,,,,,,,,,,,,nan,,,,,,,,,,,,,,,
16,44.56638717651367,0.0004440097836777568,0.04440097836777568,117.38670659065247,10000,ppo,ppo,crawler,flat,action_dth_tot_plus_friction_thdot_formula,,,,,,,,,,,,,,,0.002939672841930168,0,781,0.0,0.0,,,,,,,,,,,,,,,,,,,,,,,,,,,,,,,,,,,,,,,,,,,,,,,,,,,,,,,,,,,,,,,,,,,,,,,,,,nan,,,,,,,,,,,,,,,
17,56.50018310546875,0.0005646860226988792,0.056468602269887924,124.43928456306458,10000,ppo,ppo,crawler,flat,action_dth_tot_plus_friction_thdot_formula,,,,,,,,,,,,,,,0.002272731704588517,0,781,0.0,0.0,,,,,,,,,,,,,,,,,,,,,,,,,,,,,,,,,,,,,,,,,,,,,,,,,,,,,,,,,,,,,,,,,,,,,,,,,,nan,,,,,,,,,,,,,,,
18,79.9549789428711,0.0007996307103894651,0.07996307103894651,131.84645104408264,10000,ppo,ppo,crawler,flat,action_dth_tot_plus_friction_thdot_formula,,,,,,,,,,,,,,,0.0031763755563746724,0,781,0.0,0.0,,,,,,,,,,,,,,,,,,,,,,,,,,,,,,,,,,,,,,,,,,,,,,,,,,,,,,,,,,,,,,,,,,,,,,,,,,nan,,,,,,,,,,,,,,,
19,49.222755432128906,0.0004912630538456142,0.04912630538456142,138.93205285072327,10000,ppo,ppo,crawler,flat,action_dth_tot_plus_friction_thdot_formula,,,,,,,,,,,,,,,0.0027780070858882326,0,781,0.0,0.0,,,,,,,,,,,,,,,,,,,,,,,,,,,,,,,,,,,,,,,,,,,,,,,,,,,,,,,,,,,,,,,,,,,,,,,,,,nan,,,,,,,,,,,,,,,
20,86.86100769042969,0.000869601615704596,0.0869601615704596,146.40226030349731,10000,ppo,ppo,crawler,flat,action_dth_tot_plus_friction_thdot_formula,,,,,,,,,,,,,,,0.0030521240774613644,0,781,0.0,0.0,,,,,,,,,,,,,,,,,,,,,,,,,,,,,,,,,,,,,,,,,,,,,,,,,,,,,,,,,,,,,,,,,,,,,,,,,,nan,,,,,,,,,,,,,,,
21,100.7500228881836,0.0010060115018859506,0.10060115018859506,153.4549241065979,10000,ppo,ppo,crawler,flat,action_dth_tot_plus_friction_thdot_formula,,,,,,,,,,,,,,,0.0026764332632225355,0,781,0.0,0.0,,,,,,,,,,,,,,,,,,,,,,,,,,,,,,,,,,,,,,,,,,,,,,,,,,,,,,,,,,,,,,,,,,,,,,,,,,nan,,,,,,,,,,,,,,,
22,138.94955444335938,0.0013894765870645642,0.13894765870645642,160.78904628753662,10000,ppo,ppo,crawler,flat,action_dth_tot_plus_friction_thdot_formula,,,,,,,,,,,,,,,0.002933415654473121,0,781,0.0,0.0,,,,,,,,,,,,,,,,,,,,,,,,,,,,,,,,,,,,,,,,,,,,,,,,,,,,,,,,,,,,,,,,,,,,,,,,,,nan,,,,,,,,,,,,,,,
23,171.50413513183594,0.0017130085034295917,0.17130085034295917,168.00180864334106,10000,ppo,ppo,crawler,flat,action_dth_tot_plus_friction_thdot_formula,,,,,,,,,,,,,,,0.002326083443188389,0,781,0.0,0.0,,,,,,,,,,,,,,,,,,,,,,,,,,,,,,,,,,,,,,,,,,,,,,,,,,,,,,,,,,,,,,,,,,,,,,,,,,nan,,,,,,,,,,,,,,,
24,146.15830993652344,0.001460860832594335,0.1460860832594335,175.45059990882874,10000,ppo,ppo,crawler,flat,action_dth_tot_plus_friction_thdot_formula,,,,,,,,,,,,,,,0.0029164360223216377,0,781,0.0,0.0,,,,,,,,,,,,,,,,,,,,,,,,,,,,,,,,,,,,,,,,,,,,,,,,,,,,,,,,,,,,,,,,,,,,,,,,,,nan,,,,,,,,,,,,,,,
25,196.85362243652344,0.0019672608468681574,0.19672608468681574,182.48870754241943,10000,ppo,ppo,crawler,flat,action_dth_tot_plus_friction_thdot_formula,,,,,,,,,,,,,,,0.0024822838312293974,0,781,0.0,0.0,,,,,,,,,,,,,,,,,,,,,,,,,,,,,,,,,,,,,,,,,,,,,,,,,,,,,,,,,,,,,,,,,,,,,,,,,,nan,,,,,,,,,,,,,,,
26,206.48233032226562,0.0020623409654945135,0.20623409654945135,189.77457118034363,10000,ppo,ppo,crawler,flat,action_dth_tot_plus_friction_thdot_formula,,,,,,,,,,,,,,,0.0031449088418949275,0,781,0.0,0.0,,,,,,,,,,,,,,,,,,,,,,,,,,,,,,,,,,,,,,,,,,,,,,,,,,,,,,,,,,,,,,,,,,,,,,,,,,nan,,,,,,,,,,,,,,,
27,212.00376892089844,0.002117563970386982,0.2117563970386982,197.1448540687561,10000,ppo,ppo,crawler,flat,action_dth_tot_plus_friction_thdot_formula,,,,,,,,,,,,,,,0.002269082506981448,0,781,0.0,0.0,,,,,,,,,,,,,,,,,,,,,,,,,,,,,,,,,,,,,,,,,,,,,,,,,,,,,,,,,,,,,,,,,,,,,,,,,,nan,,,,,,,,,,,,,,,
28,225.7489776611328,0.0022539470810443163,0.22539470810443163,204.33380842208862,10000,ppo,ppo,crawler,flat,action_dth_tot_plus_friction_thdot_formula,,,,,,,,,,,,,,,0.0024769756796611197,0,781,0.0,0.0,,,,,,,,,,,,,,,,,,,,,,,,,,,,,,,,,,,,,,,,,,,,,,,,,,,,,,,,,,,,,,,,,,,,,,,,,,nan,,,,,,,,,,,,,,,
29,259.57177734375,0.0025937652681022882,0.2593765268102288,211.43778014183044,10000,ppo,ppo,crawler,flat,action_dth_tot_plus_friction_thdot_formula,,,,,,,,,,,,,,,0.0030315636861985894,0,781,0.0,0.0,,,,,,,,,,,,,,,,,,,,,,,,,,,,,,,,,,,,,,,,,,,,,,,,,,,,,,,,,,,,,,,,,,,,,,,,,,nan,,,,,,,,,,,,,,,
30,278.9554138183594,0.0027874542865902185,0.27874542865902185,218.56188678741455,10000,ppo,ppo,crawler,flat,action_dth_tot_plus_friction_thdot_formula,,,,,,,,,,,,,,,0.0030074138473063497,0,781,0.0,0.0,,,,,,,,,,,,,,,,,,,,,,,,,,,,,,,,,,,,,,,,,,,,,,,,,,,,,,,,,,,,,,,,,,,,,,,,,,nan,,,,,,,,,,,,,,,
31,305.25103759765625,0.0030504523310810328,0.3050452331081033,225.9190912246704,10000,ppo,ppo,crawler,flat,action_dth_tot_plus_friction_thdot_formula,,,,,,,,,,,,,,,0.0031106028131658876,0,781,0.0,0.0,,,,,,,,,,,,,,,,,,,,,,,,,,,,,,,,,,,,,,,,,,,,,,,,,,,,,,,,,,,,,,,,,,,,,,,,,,nan,,,,,,,,,,,,,,,
32,339.9084167480469,0.003394836327061057,0.3394836327061057,233.0777289867401,10000,ppo,ppo,crawler,flat,action_dth_tot_plus_friction_thdot_formula,,,,,,,,,,,,,,,0.003355243378697457,0,781,0.0,0.0,,,,,,,,,,,,,,,,,,,,,,,,,,,,,,,,,,,,,,,,,,,,,,,,,,,,,,,,,,,,,,,,,,,,,,,,,,nan,,,,,,,,,,,,,,,
33,458.1900329589844,0.004577274899929762,0.4577274899929762,240.45638394355774,10000,ppo,ppo,crawler,flat,action_dth_tot_plus_friction_thdot_formula,,,,,,,,,,,,,,,0.004390668126494504,0,781,0.0,0.0,,,,,,,,,,,,,,,,,,,,,,,,,,,,,,,,,,,,,,,,,,,,,,,,,,,,,,,,,,,,,,,,,,,,,,,,,,nan,,,,,,,,,,,,,,,
34,452.0269470214844,0.004514324013143778,0.4514324013143778,247.63274574279785,10000,ppo,ppo,crawler,flat,action_dth_tot_plus_friction_thdot_formula,,,,,,,,,,,,,,,0.003686188277609589,0,781,0.0,0.0,,,,,,,,,,,,,,,,,,,,,,,,,,,,,,,,,,,,,,,,,,,,,,,,,,,,,,,,,,,,,,,,,,,,,,,,,,nan,,,,,,,,,,,,,,,
35,564.4840698242188,0.005637861788272858,0.5637861788272858,255.12888836860657,10000,ppo,ppo,crawler,flat,action_dth_tot_plus_friction_thdot_formula,,,,,,,,,,,,,,,0.0031626229660368494,0,781,0.0,0.0,,,,,,,,,,,,,,,,,,,,,,,,,,,,,,,,,,,,,,,,,,,,,,,,,,,,,,,,,,,,,,,,,,,,,,,,,,nan,,,,,,,,,,,,,,,
36,535.0685424804688,0.005345350597053766,0.5345350597053766,262.2536954879761,10000,ppo,ppo,crawler,flat,action_dth_tot_plus_friction_thdot_formula,,,,,,,,,,,,,,,0.0036302392770328753,0,781,0.0,0.0,,,,,,,,,,,,,,,,,,,,,,,,,,,,,,,,,,,,,,,,,,,,,,,,,,,,,,,,,,,,,,,,,,,,,,,,,,nan,,,,,,,,,,,,,,,
37,740.6101684570312,0.007396743632853031,0.7396743632853031,269.69524455070496,10000,ppo,ppo,crawler,flat,action_dth_tot_plus_friction_thdot_formula,,,,,,,,,,,,,,,0.00603952449203854,0,781,0.0,0.0,,,,,,,,,,,,,,,,,,,,,,,,,,,,,,,,,,,,,,,,,,,,,,,,,,,,,,,,,,,,,,,,,,,,,,,,,,nan,,,,,,,,,,,,,,,
38,865.6842041015625,0.008650916628539562,0.8650916628539562,276.83181500434875,10000,ppo,ppo,crawler,flat,action_dth_tot_plus_friction_thdot_formula,,,,,,,,,,,,,,,0.005800356558242648,0,781,0.0,0.0,,,,,,,,,,,,,,,,,,,,,,,,,,,,,,,,,,,,,,,,,,,,,,,,,,,,,,,,,,,,,,,,,,,,,,,,,,nan,,,,,,,,,,,,,,,
39,896.0514526367188,0.00895447563380003,0.895447563380003,284.18409419059753,10000,ppo,ppo,crawler,flat,action_dth_tot_plus_friction_thdot_formula,,,,,,,,,,,,,,,0.006622851068582076,0,781,0.0,0.0,,,,,,,,,,,,,,,,,,,,,,,,,,,,,,,,,,,,,,,,,,,,,,,,,,,,,,,,,,,,,,,,,,,,,,,,,,nan,,,,,,,,,,,,,,,
40,955.0772705078125,0.009536796249449253,0.9536796249449253,291.2464232444763,10000,ppo,ppo,crawler,flat,action_dth_tot_plus_friction_thdot_formula,,,,,,,,,,,,,,,0.005492634105969521,0,781,0.0,0.0,,,,,,,,,,,,,,,,,,,,,,,,,,,,,,,,,,,,,,,,,,,,,,,,,,,,,,,,,,,,,,,,,,,,,,,,,,nan,,,,,,,,,,,,,,,
41,1064.7923583984375,0.010638639330863953,1.0638639330863953,298.7848250865936,10000,ppo,ppo,crawler,flat,action_dth_tot_plus_friction_thdot_formula,,,,,,,,,,,,,,,0.004996150596694551,0,781,0.0,0.0,,,,,,,,,,,,,,,,,,,,,,,,,,,,,,,,,,,,,,,,,,,,,,,,,,,,,,,,,,,,,,,,,,,,,,,,,,nan,,,,,,,,,,,,,,,
42,1058.875244140625,0.010575990192592144,1.0575990192592144,306.0342552661896,10000,ppo,ppo,crawler,flat,action_dth_tot_plus_friction_thdot_formula,,,,,,,,,,,,,,,0.0055499856584441875,0,781,0.0,0.0,,,,,,,,,,,,,,,,,,,,,,,,,,,,,,,,,,,,,,,,,,,,,,,,,,,,,,,,,,,,,,,,,,,,,,,,,,nan,,,,,,,,,,,,,,,
43,1273.1473388671875,0.012717814184725285,1.2717814184725285,313.2532069683075,10000,ppo,ppo,crawler,flat,action_dth_tot_plus_friction_thdot_formula,,,,,,,,,,,,,,,0.006723011483881914,0,781,0.0,0.0,,,,,,,,,,,,,,,,,,,,,,,,,,,,,,,,,,,,,,,,,,,,,,,,,,,,,,,,,,,,,,,,,,,,,,,,,,nan,,,,,,,,,,,,,,,
44,1282.7933349609375,0.012816277332603931,1.2816277332603931,320.78035378456116,10000,ppo,ppo,crawler,flat,action_dth_tot_plus_friction_thdot_formula,,,,,,,,,,,,,,,0.004513096585552293,0,781,0.0,0.0,,,,,,,,,,,,,,,,,,,,,,,,,,,,,,,,,,,,,,,,,,,,,,,,,,,,,,,,,,,,,,,,,,,,,,,,,,nan,,,,,,,,,,,,,,,
45,1530.2113037109375,0.015286981128156185,1.5286981128156185,328.2238838672638,10000,ppo,ppo,crawler,flat,action_dth_tot_plus_friction_thdot_formula,,,,,,,,,,,,,,,0.005417704512529127,0,781,0.0,0.0,,,,,,,,,,,,,,,,,,,,,,,,,,,,,,,,,,,,,,,,,,,,,,,,,,,,,,,,,,,,,,,,,,,,,,,,,,nan,,,,,,,,,,,,,,,
46,1534.74169921875,0.01533066388219595,1.533066388219595,335.4832365512848,10000,ppo,ppo,crawler,flat,action_dth_tot_plus_friction_thdot_formula,,,,,,,,,,,,,,,0.006345767775480725,0,781,0.0,0.0,,,,,,,,,,,,,,,,,,,,,,,,,,,,,,,,,,,,,,,,,,,,,,,,,,,,,,,,,,,,,,,,,,,,,,,,,,nan,,,,,,,,,,,,,,,
47,1663.5849609375,0.01661953143775463,1.661953143775463,342.677583694458,10000,ppo,ppo,crawler,flat,action_dth_tot_plus_friction_thdot_formula,,,,,,,,,,,,,,,0.005523555138571398,0,781,0.0,0.0,,,,,,,,,,,,,,,,,,,,,,,,,,,,,,,,,,,,,,,,,,,,,,,,,,,,,,,,,,,,,,,,,,,,,,,,,,nan,,,,,,,,,,,,,,,
48,1769.5806884765625,0.017676467075943947,1.7676467075943947,350.1003921031952,10000,ppo,ppo,crawler,flat,action_dth_tot_plus_friction_thdot_formula,,,,,,,,,,,,,,,0.006309721420269231,0,781,0.0,0.0,,,,,,,,,,,,,,,,,,,,,,,,,,,,,,,,,,,,,,,,,,,,,,,,,,,,,,,,,,,,,,,,,,,,,,,,,,nan,,,,,,,,,,,,,,,
49,1651.573486328125,0.01650051772594452,1.650051772594452,357.49583888053894,10000,ppo,ppo,crawler,flat,action_dth_tot_plus_friction_thdot_formula,,,,,,,,,,,,,,,0.004348846060641541,0,781,0.0,0.0,,,,,,,,,,,,,,,,,,,,,,,,,,,,,,,,,,,,,,,,,,,,,,,,,,,,,,,,,,,,,,,,,,,,,,,,,,nan,,,,,,,,,,,,,,,
50,1756.915283203125,0.017548907548189163,1.7548907548189163,364.55038380622864,10000,ppo,ppo,crawler,flat,action_dth_tot_plus_friction_thdot_formula,,,,,,,,,,,,,,,0.004777863474292073,0,781,0.0,0.0,,,,,,,,,,,,,,,,,,,,,,,,,,,,,,,,,,,,,,,,,,,,,,,,,,,,,,,,,,,,,,,,,,,,,,,,,,nan,,,,,,,,,,,,,,,
51,1922.2301025390625,0.019202793017029762,1.9202793017029762,371.85619854927063,10000,ppo,ppo,crawler,flat,action_dth_tot_plus_friction_thdot_formula,,,,,,,,,,,,,,,0.006177776244016741,0,781,0.0,0.0,,,,,,,,,,,,,,,,,,,,,,,,,,,,,,,,,,,,,,,,,,,,,,,,,,,,,,,,,,,,,,,,,,,,,,,,,,nan,,,,,,,,,,,,,,,
52,1922.3726806640625,0.019204625859856606,1.9204625859856606,379.17206931114197,10000,ppo,ppo,crawler,flat,action_dth_tot_plus_friction_thdot_formula,,,,,,,,,,,,,,,0.005160171887539232,0,781,0.0,0.0,,,,,,,,,,,,,,,,,,,,,,,,,,,,,,,,,,,,,,,,,,,,,,,,,,,,,,,,,,,,,,,,,,,,,,,,,,nan,,,,,,,,,,,,,,,
53,1966.114501953125,0.019640522077679634,1.9640522077679634,386.569358587265,10000,ppo,ppo,crawler,flat,action_dth_tot_plus_friction_thdot_formula,,,,,,,,,,,,,,,0.00511649633302692,0,781,0.0,0.0,,,,,,,,,,,,,,,,,,,,,,,,,,,,,,,,,,,,,,,,,,,,,,,,,,,,,,,,,,,,,,,,,,,,,,,,,,nan,,,,,,,,,,,,,,,
54,1905.194580078125,0.019029812887310982,1.9029812887310982,393.68596959114075,10000,ppo,ppo,crawler,flat,action_dth_tot_plus_friction_thdot_formula,,,,,,,,,,,,,,,0.003968716707785951,0,781,0.0,0.0,,,,,,,,,,,,,,,,,,,,,,,,,,,,,,,,,,,,,,,,,,,,,,,,,,,,,,,,,,,,,,,,,,,,,,,,,,nan,,,,,,,,,,,,,,,
55,1936.916015625,0.019350260496139526,1.9350260496139526,401.2880563735962,10000,ppo,ppo,crawler,flat,action_dth_tot_plus_friction_thdot_formula,,,,,,,,,,,,,,,0.004534020129418019,0,781,0.0,0.0,,,,,,,,,,,,,,,,,,,,,,,,,,,,,,,,,,,,,,,,,,,,,,,,,,,,,,,,,,,,,,,,,,,,,,,,,,nan,,,,,,,,,,,,,,,
56,2121.11328125,0.021187935024499893,2.1187935024499893,408.566743850708,10000,ppo,ppo,crawler,flat,action_dth_tot_plus_friction_thdot_formula,,,,,,,,,,,,,,,0.004901966421378099,0,781,0.0,0.0,,,,,,,,,,,,,,,,,,,,,,,,,,,,,,,,,,,,,,,,,,,,,,,,,,,,,,,,,,,,,,,,,,,,,,,,,,nan,,,,,,,,,,,,,,,
57,1974.9813232421875,0.01972859539091587,1.972859539091587,415.7475218772888,10000,ppo,ppo,crawler,flat,action_dth_tot_plus_friction_thdot_formula,,,,,,,,,,,,,,,0.004897688541681507,0,781,0.0,0.0,,,,,,,,,,,,,,,,,,,,,,,,,,,,,,,,,,,,,,,,,,,,,,,,,,,,,,,,,,,,,,,,,,,,,,,,,,nan,,,,,,,,,,,,,,,
58,2216.20947265625,0.022140419110655785,2.2140419110655785,422.95747566223145,10000,ppo,ppo,crawler,flat,action_dth_tot_plus_friction_thdot_formula,,,,,,,,,,,,,,,0.004364979058564027,0,781,0.0,0.0,,,,,,,,,,,,,,,,,,,,,,,,,,,,,,,,,,,,,,,,,,,,,,,,,,,,,,,,,,,,,,,,,,,,,,,,,,nan,,,,,,,,,,,,,,,
59,2139.588134765625,0.02137867733836174,2.137867733836174,430.4044167995453,10000,ppo,ppo,crawler,flat,action_dth_tot_plus_friction_thdot_formula,,,,,,,,,,,,,,,0.004907116359046084,0,781,0.0,0.0,,,,,,,,,,,,,,,,,,,,,,,,,,,,,,,,,,,,,,,,,,,,,,,,,,,,,,,,,,,,,,,,,,,,,,,,,,nan,,,,,,,,,,,,,,,
60,2172.694091796875,0.02170288935303688,2.170288935303688,437.6409430503845,10000,ppo,ppo,crawler,flat,action_dth_tot_plus_friction_thdot_formula,,,,,,,,,,,,,,,0.004421138037650496,0,781,0.0,0.0,,,,,,,,,,,,,,,,,,,,,,,,,,,,,,,,,,,,,,,,,,,,,,,,,,,,,,,,,,,,,,,,,,,,,,,,,,nan,,,,,,,,,,,,,,,
61,2184.521240234375,0.02181808091700077,2.181808091700077,444.853554725647,10000,ppo,ppo,crawler,flat,action_dth_tot_plus_friction_thdot_formula,,,,,,,,,,,,,,,0.004360822066043118,0,781,0.0,0.0,,,,,,,,,,,,,,,,,,,,,,,,,,,,,,,,,,,,,,,,,,,,,,,,,,,,,,,,,,,,,,,,,,,,,,,,,,nan,,,,,,,,,,,,,,,
62,2174.301513671875,0.021721016615629196,2.1721016615629196,452.02212381362915,10000,ppo,ppo,crawler,flat,action_dth_tot_plus_friction_thdot_formula,,,,,,,,,,,,,,,0.00515227597179255,0,781,0.0,0.0,,,,,,,,,,,,,,,,,,,,,,,,,,,,,,,,,,,,,,,,,,,,,,,,,,,,,,,,,,,,,,,,,,,,,,,,,,nan,,,,,,,,,,,,,,,
63,2154.433349609375,0.02151896245777607,2.151896245777607,459.41183948516846,10000,ppo,ppo,crawler,flat,action_dth_tot_plus_friction_thdot_formula,,,,,,,,,,,,,,,0.005086574192405124,0,781,0.0,0.0,,,,,,,,,,,,,,,,,,,,,,,,,,,,,,,,,,,,,,,,,,,,,,,,,,,,,,,,,,,,,,,,,,,,,,,,,,nan,,,,,,,,,,,,,,,
64,2221.97705078125,0.022198641672730446,2.2198641672730446,466.60405945777893,10000,ppo,ppo,crawler,flat,action_dth_tot_plus_friction_thdot_formula,,,,,,,,,,,,,,,0.0047042138015054805,0,781,0.0,0.0,,,,,,,,,,,,,,,,,,,,,,,,,,,,,,,,,,,,,,,,,,,,,,,,,,,,,,,,,,,,,,,,,,,,,,,,,,nan,,,,,,,,,,,,,,,
65,2247.9423828125,0.022451139986515045,2.2451139986515045,473.9193878173828,10000,ppo,ppo,crawler,flat,action_dth_tot_plus_friction_thdot_formula,,,,,,,,,,,,,,,0.0043274095424980985,0,781,0.0,0.0,,,,,,,,,,,,,,,,,,,,,,,,,,,,,,,,,,,,,,,,,,,,,,,,,,,,,,,,,,,,,,,,,,,,,,,,,,nan,,,,,,,,,,,,,,,
66,2110.78955078125,0.021088041365146637,2.1088041365146637,481.292268037796,10000,ppo,ppo,crawler,flat,action_dth_tot_plus_friction_thdot_formula,,,,,,,,,,,,,,,0.0049008282295591584,0,781,0.0,0.0,,,,,,,,,,,,,,,,,,,,,,,,,,,,,,,,,,,,,,,,,,,,,,,,,,,,,,,,,,,,,,,,,,,,,,,,,,nan,,,,,,,,,,,,,,,
67,2224.170654296875,0.022220924496650696,2.2220924496650696,488.613538980484,10000,ppo,ppo,crawler,flat,action_dth_tot_plus_friction_thdot_formula,,,,,,,,,,,,,,,0.0038739813030139922,0,781,0.0,0.0,,,,,,,,,,,,,,,,,,,,,,,,,,,,,,,,,,,,,,,,,,,,,,,,,,,,,,,,,,,,,,,,,,,,,,,,,,nan,,,,,,,,,,,,,,,
68,2285.34765625,0.022834043949842453,2.2834043949842453,495.8157079219818,10000,ppo,ppo,crawler,flat,action_dth_tot_plus_friction_thdot_formula,,,,,,,,,,,,,,,0.004893812949550976,0,781,0.0,0.0,,,,,,,,,,,,,,,,,,,,,,,,,,,,,,,,,,,,,,,,,,,,,,,,,,,,,,,,,,,,,,,,,,,,,,,,,,nan,,,,,,,,,,,,,,,
69,2281.335205078125,0.02279091440141201,2.279091440141201,502.9988031387329,10000,ppo,ppo,crawler,flat,action_dth_tot_plus_friction_thdot_formula,,,,,,,,,,,,,,,0.004697540833559019,0,781,0.0,0.0,,,,,,,,,,,,,,,,,,,,,,,,,,,,,,,,,,,,,,,,,,,,,,,,,,,,,,,,,,,,,,,,,,,,,,,,,,nan,,,,,,,,,,,,,,,
70,2293.94580078125,0.022913340479135513,2.2913340479135513,510.37075209617615,10000,ppo,ppo,crawler,flat,action_dth_tot_plus_friction_thdot_formula,,,,,,,,,,,,,,,0.00422435961588448,0,781,0.0,0.0,,,,,,,,,,,,,,,,,,,,,,,,,,,,,,,,,,,,,,,,,,,,,,,,,,,,,,,,,,,,,,,,,,,,,,,,,,nan,,,,,,,,,,,,,,,
71,2467.006591796875,0.02464473433792591,2.464473433792591,517.9086060523987,10000,ppo,ppo,crawler,flat,action_dth_tot_plus_friction_thdot_formula,,,,,,,,,,,,,,,0.004337921841512762,0,781,0.0,0.0,,,,,,,,,,,,,,,,,,,,,,,,,,,,,,,,,,,,,,,,,,,,,,,,,,,,,,,,,,,,,,,,,,,,,,,,,,nan,,,,,,,,,,,,,,,
72,2360.088134765625,0.023579319939017296,2.3579319939017296,525.1222968101501,10000,ppo,ppo,crawler,flat,action_dth_tot_plus_friction_thdot_formula,,,,,,,,,,,,,,,0.00490205335619659,0,781,0.0,0.0,,,,,,,,,,,,,,,,,,,,,,,,,,,,,,,,,,,,,,,,,,,,,,,,,,,,,,,,,,,,,,,,,,,,,,,,,,nan,,,,,,,,,,,,,,,
73,2453.925537109375,0.02451373264193535,2.451373264193535,532.1929864883423,10000,ppo,ppo,crawler,flat,action_dth_tot_plus_friction_thdot_formula,,,,,,,,,,,,,,,0.005046722773146826,0,781,0.0,0.0,,,,,,,,,,,,,,,,,,,,,,,,,,,,,,,,,,,,,,,,,,,,,,,,,,,,,,,,,,,,,,,,,,,,,,,,,,nan,,,,,,,,,,,,,,,
74,2414.099609375,0.024117961525917053,2.4117961525917053,539.6005039215088,10000,ppo,ppo,crawler,flat,action_dth_tot_plus_friction_thdot_formula,,,,,,,,,,,,,,,0.0045816356675963486,0,781,0.0,0.0,,,,,,,,,,,,,,,,,,,,,,,,,,,,,,,,,,,,,,,,,,,,,,,,,,,,,,,,,,,,,,,,,,,,,,,,,,nan,,,,,,,,,,,,,,,
75,2447.16845703125,0.024448534473776817,2.4448534473776817,546.8316578865051,10000,ppo,ppo,crawler,flat,action_dth_tot_plus_friction_thdot_formula,,,,,,,,,,,,,,,0.004651214277014618,0,781,0.0,0.0,,,,,,,,,,,,,,,,,,,,,,,,,,,,,,,,,,,,,,,,,,,,,,,,,,,,,,,,,,,,,,,,,,,,,,,,,,nan,,,,,,,,,,,,,,,
76,2455.2734375,0.024523982778191566,2.4523982778191566,554.033709526062,10000,ppo,ppo,crawler,flat,action_dth_tot_plus_friction_thdot_formula,,,,,,,,,,,,,,,0.004774955628906638,0,781,0.0,0.0,,,,,,,,,,,,,,,,,,,,,,,,,,,,,,,,,,,,,,,,,,,,,,,,,,,,,,,,,,,,,,,,,,,,,,,,,,nan,,,,,,,,,,,,,,,
77,2393.34375,0.023908378556370735,2.3908378556370735,561.4260838031769,10000,ppo,ppo,crawler,flat,action_dth_tot_plus_friction_thdot_formula,,,,,,,,,,,,,,,0.004917989840360464,0,781,0.0,0.0,,,,,,,,,,,,,,,,,,,,,,,,,,,,,,,,,,,,,,,,,,,,,,,,,,,,,,,,,,,,,,,,,,,,,,,,,,nan,,,,,,,,,,,,,,,
78,2482.134521484375,0.024796780198812485,2.4796780198812485,568.8743765354156,10000,ppo,ppo,crawler,flat,action_dth_tot_plus_friction_thdot_formula,,,,,,,,,,,,,,,0.0049725914159423,0,781,0.0,0.0,,,,,,,,,,,,,,,,,,,,,,,,,,,,,,,,,,,,,,,,,,,,,,,,,,,,,,,,,,,,,,,,,,,,,,,,,,nan,,,,,,,,,,,,,,,
79,2597.5419921875,0.025950109586119652,2.595010958611965,576.0658705234528,10000,ppo,ppo,crawler,flat,action_dth_tot_plus_friction_thdot_formula,,,,,,,,,,,,,,,0.004904046898860384,0,781,0.0,0.0,,,,,,,,,,,,,,,,,,,,,,,,,,,,,,,,,,,,,,,,,,,,,,,,,,,,,,,,,,,,,,,,,,,,,,,,,,nan,,,,,,,,,,,,,,,
80,2657.56201171875,0.026548320427536964,2.6548320427536964,583.5033786296844,10000,ppo,ppo,crawler,flat,action_dth_tot_plus_friction_thdot_formula,,,,,,,,,,,,,,,0.004350047932610407,0,781,0.0,0.0,,,,,,,,,,,,,,,,,,,,,,,,,,,,,,,,,,,,,,,,,,,,,,,,,,,,,,,,,,,,,,,,,,,,,,,,,,nan,,,,,,,,,,,,,,,
81,2579.13720703125,0.025766322389245033,2.5766322389245033,590.7278010845184,10000,ppo,ppo,crawler,flat,action_dth_tot_plus_friction_thdot_formula,,,,,,,,,,,,,,,0.004680567082878031,0,781,0.0,0.0,,,,,,,,,,,,,,,,,,,,,,,,,,,,,,,,,,,,,,,,,,,,,,,,,,,,,,,,,,,,,,,,,,,,,,,,,,nan,,,,,,,,,,,,,,,
82,2575.081787109375,0.025727758184075356,2.5727758184075356,598.1237359046936,10000,ppo,ppo,crawler,flat,action_dth_tot_plus_friction_thdot_formula,,,,,,,,,,,,,,,0.0046137197489615304,0,781,0.0,0.0,,,,,,,,,,,,,,,,,,,,,,,,,,,,,,,,,,,,,,,,,,,,,,,,,,,,,,,,,,,,,,,,,,,,,,,,,,nan,,,,,,,,,,,,,,,
83,2571.212646484375,0.025684185326099396,2.5684185326099396,605.2455396652222,10000,ppo,ppo,crawler,flat,action_dth_tot_plus_friction_thdot_formula,,,,,,,,,,,,,,,0.004702160855613305,0,781,0.0,0.0,,,,,,,,,,,,,,,,,,,,,,,,,,,,,,,,,,,,,,,,,,,,,,,,,,,,,,,,,,,,,,,,,,,,,,,,,,nan,,,,,,,,,,,,,,,
84,2616.94140625,0.026147766038775444,2.6147766038775444,612.5655097961426,10000,ppo,ppo,crawler,flat,action_dth_tot_plus_friction_thdot_formula,,,,,,,,,,,,,,,0.004566560630654086,0,781,0.0,0.0,,,,,,,,,,,,,,,,,,,,,,,,,,,,,,,,,,,,,,,,,,,,,,,,,,,,,,,,,,,,,,,,,,,,,,,,,,nan,,,,,,,,,,,,,,,
85,2546.986328125,0.02544388175010681,2.544388175010681,619.7100200653076,10000,ppo,ppo,crawler,flat,action_dth_tot_plus_friction_thdot_formula,,,,,,,,,,,,,,,0.003943896608460854,0,781,0.0,0.0,,,,,,,,,,,,,,,,,,,,,,,,,,,,,,,,,,,,,,,,,,,,,,,,,,,,,,,,,,,,,,,,,,,,,,,,,,nan,,,,,,,,,,,,,,,
86,2533.949951171875,0.02530524879693985,2.530524879693985,627.0504968166351,10000,ppo,ppo,crawler,flat,action_dth_tot_plus_friction_thdot_formula,,,,,,,,,,,,,,,0.005240556402531394,0,781,0.0,0.0,,,,,,,,,,,,,,,,,,,,,,,,,,,,,,,,,,,,,,,,,,,,,,,,,,,,,,,,,,,,,,,,,,,,,,,,,,nan,,,,,,,,,,,,,,,
87,2527.866455078125,0.025252148509025574,2.5252148509025574,634.2355010509491,10000,ppo,ppo,crawler,flat,action_dth_tot_plus_friction_thdot_formula,,,,,,,,,,,,,,,0.005166193503785399,0,781,0.0,0.0,,,,,,,,,,,,,,,,,,,,,,,,,,,,,,,,,,,,,,,,,,,,,,,,,,,,,,,,,,,,,,,,,,,,,,,,,,nan,,,,,,,,,,,,,,,
88,2547.050048828125,0.025446495041251183,2.5446495041251183,641.6436939239502,10000,ppo,ppo,crawler,flat,action_dth_tot_plus_friction_thdot_formula,,,,,,,,,,,,,,,0.004636823860879226,0,781,0.0,0.0,,,,,,,,,,,,,,,,,,,,,,,,,,,,,,,,,,,,,,,,,,,,,,,,,,,,,,,,,,,,,,,,,,,,,,,,,,nan,,,,,,,,,,,,,,,
89,2504.28564453125,0.02501070499420166,2.501070499420166,648.8137173652649,10000,ppo,ppo,crawler,flat,action_dth_tot_plus_friction_thdot_formula,,,,,,,,,,,,,,,0.004632340301021698,0,781,0.0,0.0,,,,,,,,,,,,,,,,,,,,,,,,,,,,,,,,,,,,,,,,,,,,,,,,,,,,,,,,,,,,,,,,,,,,,,,,,,nan,,,,,,,,,,,,,,,
90,2494.15869140625,0.024914057925343513,2.4914057925343513,656.1776354312897,10000,ppo,ppo,crawler,flat,action_dth_tot_plus_friction_thdot_formula,,,,,,,,,,,,,,,0.004748879120350969,0,781,0.0,0.0,,,,,,,,,,,,,,,,,,,,,,,,,,,,,,,,,,,,,,,,,,,,,,,,,,,,,,,,,,,,,,,,,,,,,,,,,,nan,,,,,,,,,,,,,,,
91,2475.395751953125,0.024725506082177162,2.472550608217716,663.5137367248535,10000,ppo,ppo,crawler,flat,action_dth_tot_plus_friction_thdot_formula,,,,,,,,,,,,,,,0.004972162812961046,0,781,0.0,0.0,,,,,,,,,,,,,,,,,,,,,,,,,,,,,,,,,,,,,,,,,,,,,,,,,,,,,,,,,,,,,,,,,,,,,,,,,,nan,,,,,,,,,,,,,,,
92,2531.647216796875,0.025289207696914673,2.5289207696914673,670.802442073822,10000,ppo,ppo,crawler,flat,action_dth_tot_plus_friction_thdot_formula,,,,,,,,,,,,,,,0.004783959542049355,0,781,0.0,0.0,,,,,,,,,,,,,,,,,,,,,,,,,,,,,,,,,,,,,,,,,,,,,,,,,,,,,,,,,,,,,,,,,,,,,,,,,,nan,,,,,,,,,,,,,,,
93,2504.272216796875,0.02501404657959938,2.501404657959938,677.9458582401276,10000,ppo,ppo,crawler,flat,action_dth_tot_plus_friction_thdot_formula,,,,,,,,,,,,,,,0.004745162205657923,0,781,0.0,0.0,,,,,,,,,,,,,,,,,,,,,,,,,,,,,,,,,,,,,,,,,,,,,,,,,,,,,,,,,,,,,,,,,,,,,,,,,,nan,,,,,,,,,,,,,,,
94,2588.066650390625,0.025852099061012268,2.585209906101227,685.3896901607513,10000,ppo,ppo,crawler,flat,action_dth_tot_plus_friction_thdot_formula,,,,,,,,,,,,,,,0.0045404477462604185,0,781,0.0,0.0,,,,,,,,,,,,,,,,,,,,,,,,,,,,,,,,,,,,,,,,,,,,,,,,,,,,,,,,,,,,,,,,,,,,,,,,,,nan,,,,,,,,,,,,,,,
95,2487.9609375,0.024853089824318886,2.4853089824318886,692.5997450351715,10000,ppo,ppo,crawler,flat,action_dth_tot_plus_friction_thdot_formula,,,,,,,,,,,,,,,0.004532561927791458,0,781,0.0,0.0,,,,,,,,,,,,,,,,,,,,,,,,,,,,,,,,,,,,,,,,,,,,,,,,,,,,,,,,,,,,,,,,,,,,,,,,,,nan,,,,,,,,,,,,,,,
96,2458.033203125,0.024559423327445984,2.4559423327445984,699.8931684494019,10000,ppo,ppo,crawler,flat,action_dth_tot_plus_friction_thdot_formula,,,,,,,,,,,,,,,0.0064255780851642545,0,781,0.0,0.0,,,,,,,,,,,,,,,,,,,,,,,,,,,,,,,,,,,,,,,,,,,,,,,,,,,,,,,,,,,,,,,,,,,,,,,,,,nan,,,,,,,,,,,,,,,
97,2385.755615234375,0.02383120357990265,2.383120357990265,707.2698240280151,10000,ppo,ppo,crawler,flat,action_dth_tot_plus_friction_thdot_formula,,,,,,,,,,,,,,,0.00491032105332888,0,781,0.0,0.0,,,,,,,,,,,,,,,,,,,,,,,,,,,,,,,,,,,,,,,,,,,,,,,,,,,,,,,,,,,,,,,,,,,,,,,,,,nan,,,,,,,,,,,,,,,
98,2553.19384765625,0.02550693415105343,2.550693415105343,714.6791739463806,10000,ppo,ppo,crawler,flat,action_dth_tot_plus_friction_thdot_formula,,,,,,,,,,,,,,,0.004607772657973573,0,781,0.0,0.0,,,,,,,,,,,,,,,,,,,,,,,,,,,,,,,,,,,,,,,,,,,,,,,,,,,,,,,,,,,,,,,,,,,,,,,,,,nan,,,,,,,,,,,,,,,
99,2514.825439453125,0.025123948231339455,2.5123948231339455,721.9834642410278,10000,ppo,ppo,crawler,flat,action_dth_tot_plus_friction_thdot_formula,,,,,,,,,,,,,,,0.004206953070376297,0,781,0.0,0.0,,,,,,,,,,,,,,,,,,,,,,,,,,,,,,,,,,,,,,,,,,,,,,,,,,,,,,,,,,,,,,,,,,,,,,,,,,nan,,,,,,,,,,,,,,,
100,2411.719482421875,0.024087930098176003,2.4087930098176003,729.1293234825134,10000,ppo,ppo,crawler,flat,action_dth_tot_plus_friction_thdot_formula,,,,,,,,,,,,,,,0.004881431788831255,0,781,0.0,0.0,,,,,,,,,,,,,,,,,,,,,,,,,,,,,,,,,,,,,,,,,,,,,,,,,,,,,,,,,,,,,,,,,,,,,,,,,,nan,,,,,,,,,,,,,,,
101,2550.830810546875,0.025480816140770912,2.548081614077091,736.5349946022034,10000,ppo,ppo,crawler,flat,action_dth_tot_plus_friction_thdot_formula,,,,,,,,,,,,,,,0.0047564985819796525,0,781,0.0,0.0,,,,,,,,,,,,,,,,,,,,,,,,,,,,,,,,,,,,,,,,,,,,,,,,,,,,,,,,,,,,,,,,,,,,,,,,,,nan,,,,,,,,,,,,,,,
102,2497.688232421875,0.024949437007308006,2.4949437007308006,743.8263475894928,10000,ppo,ppo,crawler,flat,action_dth_tot_plus_friction_thdot_formula,,,,,,,,,,,,,,,0.004546922828841754,0,781,0.0,0.0,,,,,,,,,,,,,,,,,,,,,,,,,,,,,,,,,,,,,,,,,,,,,,,,,,,,,,,,,,,,,,,,,,,,,,,,,,nan,,,,,,,,,,,,,,,
103,2340.868408203125,0.023382503539323807,2.3382503539323807,751.2974071502686,10000,ppo,ppo,crawler,flat,action_dth_tot_plus_friction_thdot_formula,,,,,,,,,,,,,,,0.004718649178661678,0,781,0.0,0.0,,,,,,,,,,,,,,,,,,,,,,,,,,,,,,,,,,,,,,,,,,,,,,,,,,,,,,,,,,,,,,,,,,,,,,,,,,nan,,,,,,,,,,,,,,,
104,2455.326904296875,0.024524934589862823,2.4524934589862823,758.4965970516205,10000,ppo,ppo,crawler,flat,action_dth_tot_plus_friction_thdot_formula,,,,,,,,,,,,,,,0.004474406736351671,0,781,0.0,0.0,,,,,,,,,,,,,,,,,,,,,,,,,,,,,,,,,,,,,,,,,,,,,,,,,,,,,,,,,,,,,,,,,,,,,,,,,,nan,,,,,,,,,,,,,,,
105,2462.210205078125,0.02459956333041191,2.459956333041191,766.1413698196411,10000,ppo,ppo,crawler,flat,action_dth_tot_plus_friction_thdot_formula,,,,,,,,,,,,,,,0.004409401288690408,0,781,0.0,0.0,,,,,,,,,,,,,,,,,,,,,,,,,,,,,,,,,,,,,,,,,,,,,,,,,,,,,,,,,,,,,,,,,,,,,,,,,,nan,,,,,,,,,,,,,,,
106,2436.713623046875,0.02433871477842331,2.433871477842331,773.4866034984589,10000,ppo,ppo,crawler,flat,action_dth_tot_plus_friction_thdot_formula,,,,,,,,,,,,,,,0.00521547875804445,0,781,0.0,0.0,,,,,,,,,,,,,,,,,,,,,,,,,,,,,,,,,,,,,,,,,,,,,,,,,,,,,,,,,,,,,,,,,,,,,,,,,,nan,,,,,,,,,,,,,,,
107,2419.811279296875,0.02417929284274578,2.417929284274578,780.7191772460938,10000,ppo,ppo,crawler,flat,action_dth_tot_plus_friction_thdot_formula,,,,,,,,,,,,,,,0.004638359733996138,0,781,0.0,0.0,,,,,,,,,,,,,,,,,,,,,,,,,,,,,,,,,,,,,,,,,,,,,,,,,,,,,,,,,,,,,,,,,,,,,,,,,,nan,,,,,,,,,,,,,,,
108,2465.393798828125,0.024626506492495537,2.4626506492495537,788.0742816925049,10000,ppo,ppo,crawler,flat,action_dth_tot_plus_friction_thdot_formula,,,,,,,,,,,,,,,0.004689189703533159,0,781,0.0,0.0,,,,,,,,,,,,,,,,,,,,,,,,,,,,,,,,,,,,,,,,,,,,,,,,,,,,,,,,,,,,,,,,,,,,,,,,,,nan,,,,,,,,,,,,,,,
109,2384.165283203125,0.023813454434275627,2.3813454434275627,795.5934777259827,10000,ppo,ppo,crawler,flat,action_dth_tot_plus_friction_thdot_formula,,,,,,,,,,,,,,,0.005078236336558079,0,781,0.0,0.0,,,,,,,,,,,,,,,,,,,,,,,,,,,,,,,,,,,,,,,,,,,,,,,,,,,,,,,,,,,,,,,,,,,,,,,,,,nan,,,,,,,,,,,,,,,
110,2354.84423828125,0.023520682007074356,2.3520682007074356,802.8074090480804,10000,ppo,ppo,crawler,flat,action_dth_tot_plus_friction_thdot_formula,,,,,,,,,,,,,,,0.004422888753976835,0,781,0.0,0.0,,,,,,,,,,,,,,,,,,,,,,,,,,,,,,,,,,,,,,,,,,,,,,,,,,,,,,,,,,,,,,,,,,,,,,,,,,nan,,,,,,,,,,,,,,,
111,2429.951171875,0.024274831637740135,2.4274831637740135,810.1500928401947,10000,ppo,ppo,crawler,flat,action_dth_tot_plus_friction_thdot_formula,,,,,,,,,,,,,,,0.004321877250332199,0,781,0.0,0.0,,,,,,,,,,,,,,,,,,,,,,,,,,,,,,,,,,,,,,,,,,,,,,,,,,,,,,,,,,,,,,,,,,,,,,,,,,nan,,,,,,,,,,,,,,,
112,2311.695556640625,0.02309267595410347,2.309267595410347,817.4383237361908,10000,ppo,ppo,crawler,flat,action_dth_tot_plus_friction_thdot_formula,,,,,,,,,,,,,,,0.004668482813239456,0,781,0.0,0.0,,,,,,,,,,,,,,,,,,,,,,,,,,,,,,,,,,,,,,,,,,,,,,,,,,,,,,,,,,,,,,,,,,,,,,,,,,nan,,,,,,,,,,,,,,,
113,2283.425048828125,0.02280985377728939,2.280985377728939,824.8954513072968,10000,ppo,ppo,crawler,flat,action_dth_tot_plus_friction_thdot_formula,,,,,,,,,,,,,,,0.0040199276744495365,0,781,0.0,0.0,,,,,,,,,,,,,,,,,,,,,,,,,,,,,,,,,,,,,,,,,,,,,,,,,,,,,,,,,,,,,,,,,,,,,,,,,,nan,,,,,,,,,,,,,,,
114,2486.546630859375,0.024838833138346672,2.483883313834667,832.0164363384247,10000,ppo,ppo,crawler,flat,action_dth_tot_plus_friction_thdot_formula,,,,,,,,,,,,,,,0.003468389883571842,0,781,0.0,0.0,,,,,,,,,,,,,,,,,,,,,,,,,,,,,,,,,,,,,,,,,,,,,,,,,,,,,,,,,,,,,,,,,,,,,,,,,,nan,,,,,,,,,,,,,,,
115,2431.1708984375,0.024286704137921333,2.4286704137921333,839.3136126995087,10000,ppo,ppo,crawler,flat,action_dth_tot_plus_friction_thdot_formula,,,,,,,,,,,,,,,0.004508971928169583,0,781,0.0,0.0,,,,,,,,,,,,,,,,,,,,,,,,,,,,,,,,,,,,,,,,,,,,,,,,,,,,,,,,,,,,,,,,,,,,,,,,,,nan,,,,,,,,,,,,,,,
116,2624.663330078125,0.026216832920908928,2.621683292090893,846.6563303470612,10000,ppo,ppo,crawler,flat,action_dth_tot_plus_friction_thdot_formula,,,,,,,,,,,,,,,0.004269773322998256,0,781,0.0,0.0,,,,,,,,,,,,,,,,,,,,,,,,,,,,,,,,,,,,,,,,,,,,,,,,,,,,,,,,,,,,,,,,,,,,,,,,,,nan,,,,,,,,,,,,,,,
117,2493.613037109375,0.024907773360610008,2.490777336061001,853.991534948349,10000,ppo,ppo,crawler,flat,action_dth_tot_plus_friction_thdot_formula,,,,,,,,,,,,,,,0.004295724614242523,0,781,0.0,0.0,,,,,,,,,,,,,,,,,,,,,,,,,,,,,,,,,,,,,,,,,,,,,,,,,,,,,,,,,,,,,,,,,,,,,,,,,,nan,,,,,,,,,,,,,,,
118,2425.431640625,0.02422950603067875,2.422950603067875,861.1112277507782,10000,ppo,ppo,crawler,flat,action_dth_tot_plus_friction_thdot_formula,,,,,,,,,,,,,,,0.004607197065034549,0,781,0.0,0.0,,,,,,,,,,,,,,,,,,,,,,,,,,,,,,,,,,,,,,,,,,,,,,,,,,,,,,,,,,,,,,,,,,,,,,,,,,nan,,,,,,,,,,,,,,,
119,2382.229248046875,0.023795010522007942,2.379501052200794,868.4233343601227,10000,ppo,ppo,crawler,flat,action_dth_tot_plus_friction_thdot_formula,,,,,,,,,,,,,,,0.004471740503178339,0,781,0.0,0.0,,,,,,,,,,,,,,,,,,,,,,,,,,,,,,,,,,,,,,,,,,,,,,,,,,,,,,,,,,,,,,,,,,,,,,,,,,nan,,,,,,,,,,,,,,,
120,2343.09326171875,0.023403527215123177,2.3403527215123177,875.8145322799683,10000,ppo,ppo,crawler,flat,action_dth_tot_plus_friction_thdot_formula,,,,,,,,,,,,,,,0.005096841915945848,0,781,0.0,0.0,,,,,,,,,,,,,,,,,,,,,,,,,,,,,,,,,,,,,,,,,,,,,,,,,,,,,,,,,,,,,,,,,,,,,,,,,,nan,,,,,,,,,,,,,,,
121,2499.05224609375,0.024963734671473503,2.4963734671473503,883.1827573776245,10000,ppo,ppo,crawler,flat,action_dth_tot_plus_friction_thdot_formula,,,,,,,,,,,,,,,0.004471693250817806,0,781,0.0,0.0,,,,,,,,,,,,,,,,,,,,,,,,,,,,,,,,,,,,,,,,,,,,,,,,,,,,,,,,,,,,,,,,,,,,,,,,,,nan,,,,,,,,,,,,,,,
122,2439.005126953125,0.024363426491618156,2.4363426491618156,890.4161989688873,10000,ppo,ppo,crawler,flat,action_dth_tot_plus_friction_thdot_formula,,,,,,,,,,,,,,,0.00460849985805705,0,781,0.0,0.0,,,,,,,,,,,,,,,,,,,,,,,,,,,,,,,,,,,,,,,,,,,,,,,,,,,,,,,,,,,,,,,,,,,,,,,,,,nan,,,,,,,,,,,,,,,
123,2381.719482421875,0.023792250081896782,2.379225008189678,897.9248557090759,10000,ppo,ppo,crawler,flat,action_dth_tot_plus_friction_thdot_formula,,,,,,,,,,,,,,,0.005278861863357068,0,781,0.0,0.0,,,,,,,,,,,,,,,,,,,,,,,,,,,,,,,,,,,,,,,,,,,,,,,,,,,,,,,,,,,,,,,,,,,,,,,,,,nan,,,,,,,,,,,,,,,
124,2438.306396484375,0.024356555193662643,2.4356555193662643,905.2954587936401,10000,ppo,ppo,crawler,flat,action_dth_tot_plus_friction_thdot_formula,,,,,,,,,,,,,,,0.004588343465151313,0,781,0.0,0.0,,,,,,,,,,,,,,,,,,,,,,,,,,,,,,,,,,,,,,,,,,,,,,,,,,,,,,,,,,,,,,,,,,,,,,,,,,nan,,,,,,,,,,,,,,,
125,2417.721923828125,0.024156300351023674,2.4156300351023674,912.5702893733978,10000,ppo,ppo,crawler,flat,action_dth_tot_plus_friction_thdot_formula,,,,,,,,,,,,,,,0.003678868405445492,0,781,0.0,0.0,,,,,,,,,,,,,,,,,,,,,,,,,,,,,,,,,,,,,,,,,,,,,,,,,,,,,,,,,,,,,,,,,,,,,,,,,,nan,,,,,,,,,,,,,,,
126,2425.287841796875,0.024224011227488518,2.4224011227488518,919.8974168300629,10000,ppo,ppo,crawler,flat,action_dth_tot_plus_friction_thdot_formula,,,,,,,,,,,,,,,0.00417860082234256,0,781,0.0,0.0,,,,,,,,,,,,,,,,,,,,,,,,,,,,,,,,,,,,,,,,,,,,,,,,,,,,,,,,,,,,,,,,,,,,,,,,,,nan,,,,,,,,,,,,,,,
127,2396.79296875,0.023940883576869965,2.3940883576869965,927.404057264328,10000,ppo,ppo,crawler,flat,action_dth_tot_plus_friction_thdot_formula,,,,,,,,,,,,,,,0.003903115106242436,0,781,0.0,0.0,,,,,,,,,,,,,,,,,,,,,,,,,,,,,,,,,,,,,,,,,,,,,,,,,,,,,,,,,,,,,,,,,,,,,,,,,,nan,,,,,,,,,,,,,,,
128,2442.137939453125,0.024393020197749138,2.439302019774914,934.6718475818634,10000,ppo,ppo,crawler,flat,action_dth_tot_plus_friction_thdot_formula,,,,,,,,,,,,,,,0.004149623551588117,0,781,0.0,0.0,,,,,,,,,,,,,,,,,,,,,,,,,,,,,,,,,,,,,,,,,,,,,,,,,,,,,,,,,,,,,,,,,,,,,,,,,,nan,,,,,,,,,,,,,,,
129,2543.299560546875,0.0254047941416502,2.54047941416502,941.9510397911072,10000,ppo,ppo,crawler,flat,action_dth_tot_plus_friction_thdot_formula,,,,,,,,,,,,,,,0.0037995738780532014,0,781,0.0,0.0,,,,,,,,,,,,,,,,,,,,,,,,,,,,,,,,,,,,,,,,,,,,,,,,,,,,,,,,,,,,,,,,,,,,,,,,,,nan,,,,,,,,,,,,,,,
130,2539.491943359375,0.025367410853505135,2.5367410853505135,949.1155669689178,10000,ppo,ppo,crawler,flat,action_dth_tot_plus_friction_thdot_formula,,,,,,,,,,,,,,,0.004003516267049013,0,781,0.0,0.0,,,,,,,,,,,,,,,,,,,,,,,,,,,,,,,,,,,,,,,,,,,,,,,,,,,,,,,,,,,,,,,,,,,,,,,,,,nan,,,,,,,,,,,,,,,
131,2612.181396484375,0.02609105221927166,2.609105221927166,956.5694153308868,10000,ppo,ppo,crawler,flat,action_dth_tot_plus_friction_thdot_formula,,,,,,,,,,,,,,,0.0036687881293171174,0,781,0.0,0.0,,,,,,,,,,,,,,,,,,,,,,,,,,,,,,,,,,,,,,,,,,,,,,,,,,,,,,,,,,,,,,,,,,,,,,,,,,nan,,,,,,,,,,,,,,,
132,2551.92333984375,0.02549293078482151,2.549293078482151,963.7649338245392,10000,ppo,ppo,crawler,flat,action_dth_tot_plus_friction_thdot_formula,,,,,,,,,,,,,,,0.004155671129494467,0,781,0.0,0.0,,,,,,,,,,,,,,,,,,,,,,,,,,,,,,,,,,,,,,,,,,,,,,,,,,,,,,,,,,,,,,,,,,,,,,,,,,nan,,,,,,,,,,,,,,,
133,2588.469482421875,0.025858065113425255,2.5858065113425255,971.1059305667877,10000,ppo,ppo,crawler,flat,action_dth_tot_plus_friction_thdot_formula,,,,,,,,,,,,,,,0.00366109911214218,0,781,0.0,0.0,,,,,,,,,,,,,,,,,,,,,,,,,,,,,,,,,,,,,,,,,,,,,,,,,,,,,,,,,,,,,,,,,,,,,,,,,,nan,,,,,,,,,,,,,,,
134,2348.67138671875,0.02345658279955387,2.345658279955387,978.6288845539093,10000,ppo,ppo,crawler,flat,action_dth_tot_plus_friction_thdot_formula,,,,,,,,,,,,,,,0.003977939073422985,0,781,0.0,0.0,,,,,,,,,,,,,,,,,,,,,,,,,,,,,,,,,,,,,,,,,,,,,,,,,,,,,,,,,,,,,,,,,,,,,,,,,,nan,,,,,,,,,,,,,,,
135,2481.447509765625,0.02478945627808571,2.478945627808571,986.0319509506226,10000,ppo,ppo,crawler,flat,action_dth_tot_plus_friction_thdot_formula,,,,,,,,,,,,,,,0.004970087060919771,0,781,0.0,0.0,,,,,,,,,,,,,,,,,,,,,,,,,,,,,,,,,,,,,,,,,,,,,,,,,,,,,,,,,,,,,,,,,,,,,,,,,,nan,,,,,,,,,,,,,,,
136,2360.6923828125,0.023583928123116493,2.3583928123116493,993.0955035686493,10000,ppo,ppo,crawler,flat,action_dth_tot_plus_friction_thdot_formula,,,,,,,,,,,,,,,0.0044678601217721485,0,781,0.0,0.0,,,,,,,,,,,,,,,,,,,,,,,,,,,,,,,,,,,,,,,,,,,,,,,,,,,,,,,,,,,,,,,,,,,,,,,,,,nan,,,,,,,,,,,,,,,
137,2471.498291015625,0.02468905597925186,2.468905597925186,1000.3335471153259,10000,ppo,ppo,crawler,flat,action_dth_tot_plus_friction_thdot_formula,,,,,,,,,,,,,,,0.0039184207816130665,0,781,0.0,0.0,,,,,,,,,,,,,,,,,,,,,,,,,,,,,,,,,,,,,,,,,,,,,,,,,,,,,,,,,,,,,,,,,,,,,,,,,,nan,,,,,,,,,,,,,,,
138,2421.79296875,0.024193424731492996,2.4193424731492996,1007.8187038898468,10000,ppo,ppo,crawler,flat,action_dth_tot_plus_friction_thdot_formula,,,,,,,,,,,,,,,0.003702847595164426,0,781,0.0,0.0,,,,,,,,,,,,,,,,,,,,,,,,,,,,,,,,,,,,,,,,,,,,,,,,,,,,,,,,,,,,,,,,,,,,,,,,,,nan,,,,,,,,,,,,,,,
139,2471.099365234375,0.02468193881213665,2.468193881213665,1014.8993926048279,10000,ppo,ppo,crawler,flat,action_dth_tot_plus_friction_thdot_formula,,,,,,,,,,,,,,,0.0038099157789104384,0,781,0.0,0.0,,,,,,,,,,,,,,,,,,,,,,,,,,,,,,,,,,,,,,,,,,,,,,,,,,,,,,,,,,,,,,,,,,,,,,,,,,nan,,,,,,,,,,,,,,,
140,2421.369140625,0.02418898604810238,2.418898604810238,1022.0925002098083,10000,ppo,ppo,crawler,flat,action_dth_tot_plus_friction_thdot_formula,,,,,,,,,,,,,,,0.0041722659575073205,0,781,0.0,0.0,,,,,,,,,,,,,,,,,,,,,,,,,,,,,,,,,,,,,,,,,,,,,,,,,,,,,,,,,,,,,,,,,,,,,,,,,,nan,,,,,,,,,,,,,,,
141,2483.575439453125,0.02480905130505562,2.480905130505562,1029.2284634113312,10000,ppo,ppo,crawler,flat,action_dth_tot_plus_friction_thdot_formula,,,,,,,,,,,,,,,0.0043923466908104515,0,781,0.0,0.0,,,,,,,,,,,,,,,,,,,,,,,,,,,,,,,,,,,,,,,,,,,,,,,,,,,,,,,,,,,,,,,,,,,,,,,,,,nan,,,,,,,,,,,,,,,
142,2403.754638671875,0.024014778435230255,2.4014778435230255,1036.905859708786,10000,ppo,ppo,crawler,flat,action_dth_tot_plus_friction_thdot_formula,,,,,,,,,,,,,,,0.003145853943624039,0,781,0.0,0.0,,,,,,,,,,,,,,,,,,,,,,,,,,,,,,,,,,,,,,,,,,,,,,,,,,,,,,,,,,,,,,,,,,,,,,,,,,nan,,,,,,,,,,,,,,,
143,2377.451904296875,0.02375083789229393,2.375083789229393,1043.9213526248932,10000,ppo,ppo,crawler,flat,action_dth_tot_plus_friction_thdot_formula,,,,,,,,,,,,,,,0.003476141011339425,0,781,0.0,0.0,,,,,,,,,,,,,,,,,,,,,,,,,,,,,,,,,,,,,,,,,,,,,,,,,,,,,,,,,,,,,,,,,,,,,,,,,,nan,,,,,,,,,,,,,,,
144,2405.886474609375,0.024028323590755463,2.4028323590755463,1051.2205159664154,10000,ppo,ppo,crawler,flat,action_dth_tot_plus_friction_thdot_formula,,,,,,,,,,,,,,,0.003588738737293375,0,781,0.0,0.0,,,,,,,,,,,,,,,,,,,,,,,,,,,,,,,,,,,,,,,,,,,,,,,,,,,,,,,,,,,,,,,,,,,,,,,,,,nan,,,,,,,,,,,,,,,
145,2463.03173828125,0.024607354775071144,2.4607354775071144,1058.491705417633,10000,ppo,ppo,crawler,flat,action_dth_tot_plus_friction_thdot_formula,,,,,,,,,,,,,,,0.0034759830451011778,0,781,0.0,0.0,,,,,,,,,,,,,,,,,,,,,,,,,,,,,,,,,,,,,,,,,,,,,,,,,,,,,,,,,,,,,,,,,,,,,,,,,,nan,,,,,,,,,,,,,,,
146,2379.481201171875,0.023763280361890793,2.3763280361890793,1065.8862881660461,10000,ppo,ppo,crawler,flat,action_dth_tot_plus_friction_thdot_formula,,,,,,,,,,,,,,,0.0032922757853439052,0,781,0.0,0.0,,,,,,,,,,,,,,,,,,,,,,,,,,,,,,,,,,,,,,,,,,,,,,,,,,,,,,,,,,,,,,,,,,,,,,,,,,nan,,,,,,,,,,,,,,,
147,2371.966064453125,0.023693209514021873,2.3693209514021873,1072.907235622406,10000,ppo,ppo,crawler,flat,action_dth_tot_plus_friction_thdot_formula,,,,,,,,,,,,,,,0.0037946024334321107,0,781,0.0,0.0,,,,,,,,,,,,,,,,,,,,,,,,,,,,,,,,,,,,,,,,,,,,,,,,,,,,,,,,,,,,,,,,,,,,,,,,,,nan,,,,,,,,,,,,,,,
148,2525.614990234375,0.025226736441254616,2.5226736441254616,1080.2892429828644,10000,ppo,ppo,crawler,flat,action_dth_tot_plus_friction_thdot_formula,,,,,,,,,,,,,,,0.004177296342527632,0,781,0.0,0.0,,,,,,,,,,,,,,,,,,,,,,,,,,,,,,,,,,,,,,,,,,,,,,,,,,,,,,,,,,,,,,,,,,,,,,,,,,nan,,,,,,,,,,,,,,,
149,2378.61962890625,0.023762725293636322,2.376272529363632,1087.696610212326,10000,ppo,ppo,crawler,flat,action_dth_tot_plus_friction_thdot_formula,,,,,,,,,,,,,,,0.004096930301462022,0,781,0.0,0.0,,,,,,,,,,,,,,,,,,,,,,,,,,,,,,,,,,,,,,,,,,,,,,,,,,,,,,,,,,,,,,,,,,,,,,,,,,nan,,,,,,,,,,,,,,,
150,2397.480224609375,0.023949038237333298,2.3949038237333298,1094.9016511440277,10000,ppo,ppo,crawler,flat,action_dth_tot_plus_friction_thdot_formula,,,,,,,,,,,,,,,0.0033610635834314386,0,781,0.0,0.0,,,,,,,,,,,,,,,,,,,,,,,,,,,,,,,,,,,,,,,,,,,,,,,,,,,,,,,,,,,,,,,,,,,,,,,,,,nan,,,,,,,,,,,,,,,
151,2414.33642578125,0.02411392517387867,2.411392517387867,1102.0989563465118,10000,ppo,ppo,crawler,flat,action_dth_tot_plus_friction_thdot_formula,,,,,,,,,,,,,,,0.0038886516806702328,0,781,0.0,0.0,,,,,,,,,,,,,,,,,,,,,,,,,,,,,,,,,,,,,,,,,,,,,,,,,,,,,,,,,,,,,,,,,,,,,,,,,,nan,,,,,,,,,,,,,,,
152,2282.440185546875,0.022799409925937653,2.2799409925937653,1109.481645822525,10000,ppo,ppo,crawler,flat,action_dth_tot_plus_friction_thdot_formula,,,,,,,,,,,,,,,0.0038982755946882055,0,781,0.0,0.0,,,,,,,,,,,,,,,,,,,,,,,,,,,,,,,,,,,,,,,,,,,,,,,,,,,,,,,,,,,,,,,,,,,,,,,,,,nan,,,,,,,,,,,,,,,
153,2454.1640625,0.02451488748192787,2.451488748192787,1116.80868268013,10000,ppo,ppo,crawler,flat,action_dth_tot_plus_friction_thdot_formula,,,,,,,,,,,,,,,0.0034636961992382262,0,781,0.0,0.0,,,,,,,,,,,,,,,,,,,,,,,,,,,,,,,,,,,,,,,,,,,,,,,,,,,,,,,,,,,,,,,,,,,,,,,,,,nan,,,,,,,,,,,,,,,
154,2335.790771484375,0.023330001160502434,2.3330001160502434,1123.9809198379517,10000,ppo,ppo,crawler,flat,action_dth_tot_plus_friction_thdot_formula,,,,,,,,,,,,,,,0.0034753268609725527,0,781,0.0,0.0,,,,,,,,,,,,,,,,,,,,,,,,,,,,,,,,,,,,,,,,,,,,,,,,,,,,,,,,,,,,,,,,,,,,,,,,,,nan,,,,,,,,,,,,,,,
155,2259.766845703125,0.02257153019309044,2.257153019309044,1131.192331790924,10000,ppo,ppo,crawler,flat,action_dth_tot_plus_friction_thdot_formula,,,,,,,,,,,,,,,0.0033471352923375277,0,781,0.0,0.0,,,,,,,,,,,,,,,,,,,,,,,,,,,,,,,,,,,,,,,,,,,,,,,,,,,,,,,,,,,,,,,,,,,,,,,,,,nan,,,,,,,,,,,,,,,
156,2305.673828125,0.02302839793264866,2.302839793264866,1138.4957129955292,10000,ppo,ppo,crawler,flat,action_dth_tot_plus_friction_thdot_formula,,,,,,,,,,,,,,,0.004070020661177769,0,781,0.0,0.0,,,,,,,,,,,,,,,,,,,,,,,,,,,,,,,,,,,,,,,,,,,,,,,,,,,,,,,,,,,,,,,,,,,,,,,,,,nan,,,,,,,,,,,,,,,
157,2359.044189453125,0.02356574870646,2.356574870646,1145.7274787425995,10000,ppo,ppo,crawler,flat,action_dth_tot_plus_friction_thdot_formula,,,,,,,,,,,,,,,0.00364962036338475,0,781,0.0,0.0,,,,,,,,,,,,,,,,,,,,,,,,,,,,,,,,,,,,,,,,,,,,,,,,,,,,,,,,,,,,,,,,,,,,,,,,,,nan,,,,,,,,,,,,,,,
158,2437.972412109375,0.02435309998691082,2.435309998691082,1152.9418559074402,10000,ppo,ppo,crawler,flat,action_dth_tot_plus_friction_thdot_formula,,,,,,,,,,,,,,,0.0033600673621470315,0,781,0.0,0.0,,,,,,,,,,,,,,,,,,,,,,,,,,,,,,,,,,,,,,,,,,,,,,,,,,,,,,,,,,,,,,,,,,,,,,,,,,nan,,,,,,,,,,,,,,,
159,2417.894775390625,0.024153754115104675,2.4153754115104675,1160.275981426239,10000,ppo,ppo,crawler,flat,action_dth_tot_plus_friction_thdot_formula,,,,,,,,,,,,,,,0.0035555093453346815,0,781,0.0,0.0,,,,,,,,,,,,,,,,,,,,,,,,,,,,,,,,,,,,,,,,,,,,,,,,,,,,,,,,,,,,,,,,,,,,,,,,,,nan,,,,,,,,,,,,,,,
160,2438.758544921875,0.024361955001950264,2.4361955001950264,1167.5332131385803,10000,ppo,ppo,crawler,flat,action_dth_tot_plus_friction_thdot_formula,,,,,,,,,,,,,,,0.004562704014929045,0,781,0.0,0.0,,,,,,,,,,,,,,,,,,,,,,,,,,,,,,,,,,,,,,,,,,,,,,,,,,,,,,,,,,,,,,,,,,,,,,,,,,nan,,,,,,,,,,,,,,,
161,2527.89453125,0.02525526098906994,2.525526098906994,1174.845190525055,10000,ppo,ppo,crawler,flat,action_dth_tot_plus_friction_thdot_formula,,,,,,,,,,,,,,,0.004218499657553984,0,781,0.0,0.0,,,,,,,,,,,,,,,,,,,,,,,,,,,,,,,,,,,,,,,,,,,,,,,,,,,,,,,,,,,,,,,,,,,,,,,,,,nan,,,,,,,,,,,,,,,
162,2492.262451171875,0.024901583790779114,2.4901583790779114,1182.130262851715,10000,ppo,ppo,crawler,flat,action_dth_tot_plus_friction_thdot_formula,,,,,,,,,,,,,,,0.002981060698383074,0,781,0.0,0.0,,,,,,,,,,,,,,,,,,,,,,,,,,,,,,,,,,,,,,,,,,,,,,,,,,,,,,,,,,,,,,,,,,,,,,,,,,nan,,,,,,,,,,,,,,,
163,2213.376220703125,0.022104186937212944,2.2104186937212944,1189.4016959667206,10000,ppo,ppo,crawler,flat,action_dth_tot_plus_friction_thdot_formula,,,,,,,,,,,,,,,0.003976813931113214,0,781,0.0,0.0,,,,,,,,,,,,,,,,,,,,,,,,,,,,,,,,,,,,,,,,,,,,,,,,,,,,,,,,,,,,,,,,,,,,,,,,,,nan,,,,,,,,,,,,,,,
164,2463.8427734375,0.024615803733468056,2.4615803733468056,1196.9565370082855,10000,ppo,ppo,crawler,flat,action_dth_tot_plus_friction_thdot_formula,,,,,,,,,,,,,,,0.0039931478494347195,0,781,0.0,0.0,,,,,,,,,,,,,,,,,,,,,,,,,,,,,,,,,,,,,,,,,,,,,,,,,,,,,,,,,,,,,,,,,,,,,,,,,,nan,,,,,,,,,,,,,,,
165,2464.768798828125,0.024621060118079185,2.4621060118079185,1203.9316942691803,10000,ppo,ppo,crawler,flat,action_dth_tot_plus_friction_thdot_formula,,,,,,,,,,,,,,,0.003510707447839848,0,781,0.0,0.0,,,,,,,,,,,,,,,,,,,,,,,,,,,,,,,,,,,,,,,,,,,,,,,,,,,,,,,,,,,,,,,,,,,,,,,,,,nan,,,,,,,,,,,,,,,
166,2351.058349609375,0.023485470563173294,2.3485470563173294,1211.209395647049,10000,ppo,ppo,crawler,flat,action_dth_tot_plus_friction_thdot_formula,,,,,,,,,,,,,,,0.003605830940676116,0,781,0.0,0.0,,,,,,,,,,,,,,,,,,,,,,,,,,,,,,,,,,,,,,,,,,,,,,,,,,,,,,,,,,,,,,,,,,,,,,,,,,nan,,,,,,,,,,,,,,,
167,2430.443115234375,0.02428242191672325,2.428242191672325,1218.4040486812592,10000,ppo,ppo,crawler,flat,action_dth_tot_plus_friction_thdot_formula,,,,,,,,,,,,,,,0.0036274665739240005,0,781,0.0,0.0,,,,,,,,,,,,,,,,,,,,,,,,,,,,,,,,,,,,,,,,,,,,,,,,,,,,,,,,,,,,,,,,,,,,,,,,,,nan,,,,,,,,,,,,,,,
168,2257.901123046875,0.02255869098007679,2.255869098007679,1225.7553024291992,10000,ppo,ppo,crawler,flat,action_dth_tot_plus_friction_thdot_formula,,,,,,,,,,,,,,,0.003698692809690205,0,781,0.0,0.0,,,,,,,,,,,,,,,,,,,,,,,,,,,,,,,,,,,,,,,,,,,,,,,,,,,,,,,,,,,,,,,,,,,,,,,,,,nan,,,,,,,,,,,,,,,
169,2387.195068359375,0.02384713850915432,2.384713850915432,1232.948590040207,10000,ppo,ppo,crawler,flat,action_dth_tot_plus_friction_thdot_formula,,,,,,,,,,,,,,,0.0034612707566620757,0,781,0.0,0.0,,,,,,,,,,,,,,,,,,,,,,,,,,,,,,,,,,,,,,,,,,,,,,,,,,,,,,,,,,,,,,,,,,,,,,,,,,nan,,,,,,,,,,,,,,,
170,2298.484130859375,0.022964095696806908,2.2964095696806908,1240.140911579132,10000,ppo,ppo,crawler,flat,action_dth_tot_plus_friction_thdot_formula,,,,,,,,,,,,,,,0.0032823650441332224,0,781,0.0,0.0,,,,,,,,,,,,,,,,,,,,,,,,,,,,,,,,,,,,,,,,,,,,,,,,,,,,,,,,,,,,,,,,,,,,,,,,,,nan,,,,,,,,,,,,,,,
171,2204.394287109375,0.02202177606523037,2.202177606523037,1247.3584954738617,10000,ppo,ppo,crawler,flat,action_dth_tot_plus_friction_thdot_formula,,,,,,,,,,,,,,,0.003710717934718303,0,781,0.0,0.0,,,,,,,,,,,,,,,,,,,,,,,,,,,,,,,,,,,,,,,,,,,,,,,,,,,,,,,,,,,,,,,,,,,,,,,,,,nan,,,,,,,,,,,,,,,
172,2217.313232421875,0.022155163809657097,2.2155163809657097,1254.458016872406,10000,ppo,ppo,crawler,flat,action_dth_tot_plus_friction_thdot_formula,,,,,,,,,,,,,,,0.003670971879934434,0,781,0.0,0.0,,,,,,,,,,,,,,,,,,,,,,,,,,,,,,,,,,,,,,,,,,,,,,,,,,,,,,,,,,,,,,,,,,,,,,,,,,nan,,,,,,,,,,,,,,,
173,2248.196044921875,0.022454170510172844,2.2454170510172844,1262.0547506809235,10000,ppo,ppo,crawler,flat,action_dth_tot_plus_friction_thdot_formula,,,,,,,,,,,,,,,0.00426920471672999,0,781,0.0,0.0,,,,,,,,,,,,,,,,,,,,,,,,,,,,,,,,,,,,,,,,,,,,,,,,,,,,,,,,,,,,,,,,,,,,,,,,,,nan,,,,,,,,,,,,,,,
174,2300.457763671875,0.022979244589805603,2.2979244589805603,1269.129819393158,10000,ppo,ppo,crawler,flat,action_dth_tot_plus_friction_thdot_formula,,,,,,,,,,,,,,,0.00303952795044649,0,781,0.0,0.0,,,,,,,,,,,,,,,,,,,,,,,,,,,,,,,,,,,,,,,,,,,,,,,,,,,,,,,,,,,,,,,,,,,,,,,,,,nan,,,,,,,,,,,,,,,
175,2072.753173828125,0.02070174552500248,2.070174552500248,1276.4393372535706,10000,ppo,ppo,crawler,flat,action_dth_tot_plus_friction_thdot_formula,,,,,,,,,,,,,,,0.003255170886516607,0,781,0.0,0.0,,,,,,,,,,,,,,,,,,,,,,,,,,,,,,,,,,,,,,,,,,,,,,,,,,,,,,,,,,,,,,,,,,,,,,,,,,nan,,,,,,,,,,,,,,,
176,2189.835205078125,0.02187737450003624,2.187737450003624,1283.6710016727448,10000,ppo,ppo,crawler,flat,action_dth_tot_plus_friction_thdot_formula,,,,,,,,,,,,,,,0.003781837139787837,0,781,0.0,0.0,,,,,,,,,,,,,,,,,,,,,,,,,,,,,,,,,,,,,,,,,,,,,,,,,,,,,,,,,,,,,,,,,,,,,,,,,,nan,,,,,,,,,,,,,,,
177,2148.294921875,0.021458609029650688,2.145860902965069,1291.2678804397583,10000,ppo,ppo,crawler,flat,action_dth_tot_plus_friction_thdot_formula,,,,,,,,,,,,,,,0.00380292928747227,0,781,0.0,0.0,,,,,,,,,,,,,,,,,,,,,,,,,,,,,,,,,,,,,,,,,,,,,,,,,,,,,,,,,,,,,,,,,,,,,,,,,,nan,,,,,,,,,,,,,,,
178,2179.996826171875,0.02177729830145836,2.177729830145836,1298.5543675422668,10000,ppo,ppo,crawler,flat,action_dth_tot_plus_friction_thdot_formula,,,,,,,,,,,,,,,0.0034399532581302103,0,781,0.0,0.0,,,,,,,,,,,,,,,,,,,,,,,,,,,,,,,,,,,,,,,,,,,,,,,,,,,,,,,,,,,,,,,,,,,,,,,,,,nan,,,,,,,,,,,,,,,
179,2371.024169921875,0.023682311177253723,2.3682311177253723,1305.9909598827362,10000,ppo,ppo,crawler,flat,action_dth_tot_plus_friction_thdot_formula,,,,,,,,,,,,,,,0.0032660128474509805,0,781,0.0,0.0,,,,,,,,,,,,,,,,,,,,,,,,,,,,,,,,,,,,,,,,,,,,,,,,,,,,,,,,,,,,,,,,,,,,,,,,,,nan,,,,,,,,,,,,,,,
180,2377.75048828125,0.02375958487391472,2.375958487391472,1313.0450201034546,10000,ppo,ppo,crawler,flat,action_dth_tot_plus_friction_thdot_formula,,,,,,,,,,,,,,,0.0029882579109817503,0,781,0.0,0.0,,,,,,,,,,,,,,,,,,,,,,,,,,,,,,,,,,,,,,,,,,,,,,,,,,,,,,,,,,,,,,,,,,,,,,,,,,nan,,,,,,,,,,,,,,,
181,2304.577880859375,0.023020552471280098,2.30205524712801,1320.5484421253204,10000,ppo,ppo,crawler,flat,action_dth_tot_plus_friction_thdot_formula,,,,,,,,,,,,,,,0.0034854475559864106,0,781,0.0,0.0,,,,,,,,,,,,,,,,,,,,,,,,,,,,,,,,,,,,,,,,,,,,,,,,,,,,,,,,,,,,,,,,,,,,,,,,,,nan,,,,,,,,,,,,,,,
182,2448.134521484375,0.024458127096295357,2.4458127096295357,1327.6994495391846,10000,ppo,ppo,crawler,flat,action_dth_tot_plus_friction_thdot_formula,,,,,,,,,,,,,,,0.0031962136540647774,0,781,0.0,0.0,,,,,,,,,,,,,,,,,,,,,,,,,,,,,,,,,,,,,,,,,,,,,,,,,,,,,,,,,,,,,,,,,,,,,,,,,,nan,,,,,,,,,,,,,,,
183,2394.5849609375,0.02392427995800972,2.392427995800972,1335.1328961849213,10000,ppo,ppo,crawler,flat,action_dth_tot_plus_friction_thdot_formula,,,,,,,,,,,,,,,0.003069353180082763,0,781,0.0,0.0,,,,,,,,,,,,,,,,,,,,,,,,,,,,,,,,,,,,,,,,,,,,,,,,,,,,,,,,,,,,,,,,,,,,,,,,,,nan,,,,,,,,,,,,,,,
184,2358.39208984375,0.023559341207146645,2.3559341207146645,1342.5844514369965,10000,ppo,ppo,crawler,flat,action_dth_tot_plus_friction_thdot_formula,,,,,,,,,,,,,,,0.003640436547243116,0,781,0.0,0.0,,,,,,,,,,,,,,,,,,,,,,,,,,,,,,,,,,,,,,,,,,,,,,,,,,,,,,,,,,,,,,,,,,,,,,,,,,nan,,,,,,,,,,,,,,,
185,2447.51904296875,0.024443872272968292,2.4443872272968292,1349.974242925644,10000,ppo,ppo,crawler,flat,action_dth_tot_plus_friction_thdot_formula,,,,,,,,,,,,,,,0.0036987373297935693,0,781,0.0,0.0,,,,,,,,,,,,,,,,,,,,,,,,,,,,,,,,,,,,,,,,,,,,,,,,,,,,,,,,,,,,,,,,,,,,,,,,,,nan,,,,,,,,,,,,,,,
186,2514.60546875,0.025114979594945908,2.5114979594945908,1357.2272102832794,10000,ppo,ppo,crawler,flat,action_dth_tot_plus_friction_thdot_formula,,,,,,,,,,,,,,,0.0032443180846848745,0,781,0.0,0.0,,,,,,,,,,,,,,,,,,,,,,,,,,,,,,,,,,,,,,,,,,,,,,,,,,,,,,,,,,,,,,,,,,,,,,,,,,nan,,,,,,,,,,,,,,,
187,2351.783203125,0.0234873965382576,2.34873965382576,1364.6783730983734,10000,ppo,ppo,crawler,flat,action_dth_tot_plus_friction_thdot_formula,,,,,,,,,,,,,,,0.0033487972172371273,0,781,0.0,0.0,,,,,,,,,,,,,,,,,,,,,,,,,,,,,,,,,,,,,,,,,,,,,,,,,,,,,,,,,,,,,,,,,,,,,,,,,,nan,,,,,,,,,,,,,,,
188,2379.700927734375,0.023775041103363037,2.3775041103363037,1372.0425050258636,10000,ppo,ppo,crawler,flat,action_dth_tot_plus_friction_thdot_formula,,,,,,,,,,,,,,,0.0032009837730318457,0,781,0.0,0.0,,,,,,,,,,,,,,,,,,,,,,,,,,,,,,,,,,,,,,,,,,,,,,,,,,,,,,,,,,,,,,,,,,,,,,,,,,nan,,,,,,,,,,,,,,,
189,2246.778564453125,0.0224436204880476,2.24436204880476,1379.592051267624,10000,ppo,ppo,crawler,flat,action_dth_tot_plus_friction_thdot_formula,,,,,,,,,,,,,,,0.00342495225809059,0,781,0.0,0.0,,,,,,,,,,,,,,,,,,,,,,,,,,,,,,,,,,,,,,,,,,,,,,,,,,,,,,,,,,,,,,,,,,,,,,,,,,nan,,,,,,,,,,,,,,,
190,2387.989013671875,0.02385042980313301,2.385042980313301,1386.7874450683594,10000,ppo,ppo,crawler,flat,action_dth_tot_plus_friction_thdot_formula,,,,,,,,,,,,,,,0.003009966298551436,0,781,0.0,0.0,,,,,,,,,,,,,,,,,,,,,,,,,,,,,,,,,,,,,,,,,,,,,,,,,,,,,,,,,,,,,,,,,,,,,,,,,,nan,,,,,,,,,,,,,,,
191,2372.138427734375,0.023698436096310616,2.3698436096310616,1394.1583681106567,10000,ppo,ppo,crawler,flat,action_dth_tot_plus_friction_thdot_formula,,,,,,,,,,,,,,,0.003102916317739108,0,781,0.0,0.0,,,,,,,,,,,,,,,,,,,,,,,,,,,,,,,,,,,,,,,,,,,,,,,,,,,,,,,,,,,,,,,,,,,,,,,,,,nan,,,,,,,,,,,,,,,
192,2566.352294921875,0.025635475292801857,2.5635475292801857,1401.6163747310638,10000,ppo,ppo,crawler,flat,action_dth_tot_plus_friction_thdot_formula,,,,,,,,,,,,,,,0.002921385716655257,0,781,0.0,0.0,,,,,,,,,,,,,,,,,,,,,,,,,,,,,,,,,,,,,,,,,,,,,,,,,,,,,,,,,,,,,,,,,,,,,,,,,,nan,,,,,,,,,,,,,,,
193,2522.09765625,0.02519538812339306,2.519538812339306,1409.2150254249573,10000,ppo,ppo,crawler,flat,action_dth_tot_plus_friction_thdot_formula,,,,,,,,,,,,,,,0.002886564706527615,0,781,0.0,0.0,,,,,,,,,,,,,,,,,,,,,,,,,,,,,,,,,,,,,,,,,,,,,,,,,,,,,,,,,,,,,,,,,,,,,,,,,,nan,,,,,,,,,,,,,,,
194,2405.455810546875,0.02402605302631855,2.402605302631855,1416.44926571846,10000,ppo,ppo,crawler,flat,action_dth_tot_plus_friction_thdot_formula,,,,,,,,,,,,,,,0.003186588827058525,0,781,0.0,0.0,,,,,,,,,,,,,,,,,,,,,,,,,,,,,,,,,,,,,,,,,,,,,,,,,,,,,,,,,,,,,,,,,,,,,,,,,,nan,,,,,,,,,,,,,,,
195,2518.6240234375,0.025154147297143936,2.5154147297143936,1424.068597793579,10000,ppo,ppo,crawler,flat,action_dth_tot_plus_friction_thdot_formula,,,,,,,,,,,,,,,0.0032481470219963846,0,781,0.0,0.0,,,,,,,,,,,,,,,,,,,,,,,,,,,,,,,,,,,,,,,,,,,,,,,,,,,,,,,,,,,,,,,,,,,,,,,,,,nan,,,,,,,,,,,,,,,
196,2437.045166015625,0.024342622607946396,2.4342622607946396,1431.2698481082916,10000,ppo,ppo,crawler,flat,action_dth_tot_plus_friction_thdot_formula,,,,,,,,,,,,,,,0.0034056153474778064,0,781,0.0,0.0,,,,,,,,,,,,,,,,,,,,,,,,,,,,,,,,,,,,,,,,,,,,,,,,,,,,,,,,,,,,,,,,,,,,,,,,,,nan,,,,,,,,,,,,,,,
197,2465.216552734375,0.024623796343803406,2.4623796343803406,1438.461098909378,10000,ppo,ppo,crawler,flat,action_dth_tot_plus_friction_thdot_formula,,,,,,,,,,,,,,,0.003922917604022785,0,781,0.0,0.0,,,,,,,,,,,,,,,,,,,,,,,,,,,,,,,,,,,,,,,,,,,,,,,,,,,,,,,,,,,,,,,,,,,,,,,,,,nan,,,,,,,,,,,,,,,
198,2572.578857421875,0.025697380304336548,2.569738030433655,1445.6272795200348,10000,ppo,ppo,crawler,flat,action_dth_tot_plus_friction_thdot_formula,,,,,,,,,,,,,,,0.0031358427812301203,0,781,0.0,0.0,,,,,,,,,,,,,,,,,,,,,,,,,,,,,,,,,,,,,,,,,,,,,,,,,,,,,,,,,,,,,,,,,,,,,,,,,,nan,,,,,,,,,,,,,,,
199,2591.029052734375,0.025883959606289864,2.5883959606289864,1453.0321991443634,10000,ppo,ppo,crawler,flat,action_dth_tot_plus_friction_thdot_formula,,,,,,,,,,,,,,,0.003761086822256372,0,781,0.0,0.0,,,,,,,,,,,,,,,,,,,,,,,,,,,,,,,,,,,,,,,,,,,,,,,,,,,,,,,,,,,,,,,,,,,,,,,,,,nan,,,,,,,,,,,,,,,
200,2479.188232421875,0.024763550609350204,2.4763550609350204,1460.326422214508,10000,ppo,ppo,crawler,flat,action_dth_tot_plus_friction_thdot_formula,,,,,,,,,,,,,,,0.0032679780575917217,0,781,0.0,0.0,,,,,,,,,,,,,,,,,,,,,,,,,,,,,,,,,,,,,,,,,,,,,,,,,,,,,,,,,,,,,,,,,,,,,,,,,,nan,,,,,,,,,,,,,,,
201,2566.323974609375,0.0256382767111063,2.56382767111063,1467.4459204673767,10000,ppo,ppo,crawler,flat,action_dth_tot_plus_friction_thdot_formula,,,,,,,,,,,,,,,0.003530786285186115,0,781,0.0,0.0,,,,,,,,,,,,,,,,,,,,,,,,,,,,,,,,,,,,,,,,,,,,,,,,,,,,,,,,,,,,,,,,,,,,,,,,,,nan,,,,,,,,,,,,,,,
202,2533.013427734375,0.02529630996286869,2.529630996286869,1474.9361400604248,10000,ppo,ppo,crawler,flat,action_dth_tot_plus_friction_thdot_formula,,,,,,,,,,,,,,,0.0033129618276434114,0,781,0.0,0.0,,,,,,,,,,,,,,,,,,,,,,,,,,,,,,,,,,,,,,,,,,,,,,,,,,,,,,,,,,,,,,,,,,,,,,,,,,nan,,,,,,,,,,,,,,,
203,2474.34814453125,0.02471764385700226,2.471764385700226,1482.3131384849548,10000,ppo,ppo,crawler,flat,action_dth_tot_plus_friction_thdot_formula,,,,,,,,,,,,,,,0.003599551991491296,0,781,0.0,0.0,,,,,,,,,,,,,,,,,,,,,,,,,,,,,,,,,,,,,,,,,,,,,,,,,,,,,,,,,,,,,,,,,,,,,,,,,,nan,,,,,,,,,,,,,,,
204,2313.134033203125,0.023105263710021973,2.3105263710021973,1489.647269487381,10000,ppo,ppo,crawler,flat,action_dth_tot_plus_friction_thdot_formula,,,,,,,,,,,,,,,0.004075310210814811,0,781,0.0,0.0,,,,,,,,,,,,,,,,,,,,,,,,,,,,,,,,,,,,,,,,,,,,,,,,,,,,,,,,,,,,,,,,,,,,,,,,,,nan,,,,,,,,,,,,,,,
205,2458.0166015625,0.024555303156375885,2.4555303156375885,1496.8561382293701,10000,ppo,ppo,crawler,flat,action_dth_tot_plus_friction_thdot_formula,,,,,,,,,,,,,,,0.0027412839996909886,0,781,0.0,0.0,,,,,,,,,,,,,,,,,,,,,,,,,,,,,,,,,,,,,,,,,,,,,,,,,,,,,,,,,,,,,,,,,,,,,,,,,,nan,,,,,,,,,,,,,,,
206,2514.58740234375,0.025117158889770508,2.511715888977051,1503.9793603420258,10000,ppo,ppo,crawler,flat,action_dth_tot_plus_friction_thdot_formula,,,,,,,,,,,,,,,0.0032717733996176185,0,781,0.0,0.0,,,,,,,,,,,,,,,,,,,,,,,,,,,,,,,,,,,,,,,,,,,,,,,,,,,,,,,,,,,,,,,,,,,,,,,,,,nan,,,,,,,,,,,,,,,
207,2370.366943359375,0.023676712065935135,2.3676712065935135,1511.0261206626892,10000,ppo,ppo,crawler,flat,action_dth_tot_plus_friction_thdot_formula,,,,,,,,,,,,,,,0.0030780314587392915,0,781,0.0,0.0,,,,,,,,,,,,,,,,,,,,,,,,,,,,,,,,,,,,,,,,,,,,,,,,,,,,,,,,,,,,,,,,,,,,,,,,,,nan,,,,,,,,,,,,,,,
208,2553.606201171875,0.025506343692541122,2.5506343692541122,1518.3759007453918,10000,ppo,ppo,crawler,flat,action_dth_tot_plus_friction_thdot_formula,,,,,,,,,,,,,,,0.0027939583101919785,0,781,0.0,0.0,,,,,,,,,,,,,,,,,,,,,,,,,,,,,,,,,,,,,,,,,,,,,,,,,,,,,,,,,,,,,,,,,,,,,,,,,,nan,,,,,,,,,,,,,,,
209,2239.523193359375,0.022374864667654037,2.2374864667654037,1525.5686280727386,10000,ppo,ppo,crawler,flat,action_dth_tot_plus_friction_thdot_formula,,,,,,,,,,,,,,,0.0029300258445127767,0,781,0.0,0.0,,,,,,,,,,,,,,,,,,,,,,,,,,,,,,,,,,,,,,,,,,,,,,,,,,,,,,,,,,,,,,,,,,,,,,,,,,nan,,,,,,,,,,,,,,,
210,2455.815185546875,0.024529332295060158,2.4529332295060158,1532.8170030117035,10000,ppo,ppo,crawler,flat,action_dth_tot_plus_friction_thdot_formula,,,,,,,,,,,,,,,0.003734187287485368,0,781,0.0,0.0,,,,,,,,,,,,,,,,,,,,,,,,,,,,,,,,,,,,,,,,,,,,,,,,,,,,,,,,,,,,,,,,,,,,,,,,,,nan,,,,,,,,,,,,,,,
211,2526.283203125,0.025235164910554886,2.5235164910554886,1540.018946647644,10000,ppo,ppo,crawler,flat,action_dth_tot_plus_friction_thdot_formula,,,,,,,,,,,,,,,0.0030754427423327446,0,781,0.0,0.0,,,,,,,,,,,,,,,,,,,,,,,,,,,,,,,,,,,,,,,,,,,,,,,,,,,,,,,,,,,,,,,,,,,,,,,,,,nan,,,,,,,,,,,,,,,
212,2476.162109375,0.02473360486328602,2.473360486328602,1547.2652716636658,10000,ppo,ppo,crawler,flat,action_dth_tot_plus_friction_thdot_formula,,,,,,,,,,,,,,,0.003679691995962114,0,781,0.0,0.0,,,,,,,,,,,,,,,,,,,,,,,,,,,,,,,,,,,,,,,,,,,,,,,,,,,,,,,,,,,,,,,,,,,,,,,,,,nan,,,,,,,,,,,,,,,
213,2378.416748046875,0.023760484531521797,2.3760484531521797,1554.6590785980225,10000,ppo,ppo,crawler,flat,action_dth_tot_plus_friction_thdot_formula,,,,,,,,,,,,,,,0.003190768586227816,0,781,0.0,0.0,,,,,,,,,,,,,,,,,,,,,,,,,,,,,,,,,,,,,,,,,,,,,,,,,,,,,,,,,,,,,,,,,,,,,,,,,,nan,,,,,,,,,,,,,,,
214,2403.997314453125,0.02400982566177845,2.400982566177845,1562.0841944217682,10000,ppo,ppo,crawler,flat,action_dth_tot_plus_friction_thdot_formula,,,,,,,,,,,,,,,0.0038419359050367373,0,781,0.0,0.0,,,,,,,,,,,,,,,,,,,,,,,,,,,,,,,,,,,,,,,,,,,,,,,,,,,,,,,,,,,,,,,,,,,,,,,,,,nan,,,,,,,,,,,,,,,
215,2516.743408203125,0.02514304779469967,2.514304779469967,1569.2044351100922,10000,ppo,ppo,crawler,flat,action_dth_tot_plus_friction_thdot_formula,,,,,,,,,,,,,,,0.0028861723424361187,0,781,0.0,0.0,,,,,,,,,,,,,,,,,,,,,,,,,,,,,,,,,,,,,,,,,,,,,,,,,,,,,,,,,,,,,,,,,,,,,,,,,,nan,,,,,,,,,,,,,,,
216,2538.377685546875,0.025358812883496284,2.5358812883496284,1576.3898553848267,10000,ppo,ppo,crawler,flat,action_dth_tot_plus_friction_thdot_formula,,,,,,,,,,,,,,,0.0034959227445987904,0,781,0.0,0.0,,,,,,,,,,,,,,,,,,,,,,,,,,,,,,,,,,,,,,,,,,,,,,,,,,,,,,,,,,,,,,,,,,,,,,,,,,nan,,,,,,,,,,,,,,,
217,2644.16650390625,0.026415647938847542,2.641564793884754,1583.6906478404999,10000,ppo,ppo,crawler,flat,action_dth_tot_plus_friction_thdot_formula,,,,,,,,,,,,,,,0.0035544357312635713,0,781,0.0,0.0,,,,,,,,,,,,,,,,,,,,,,,,,,,,,,,,,,,,,,,,,,,,,,,,,,,,,,,,,,,,,,,,,,,,,,,,,,nan,,,,,,,,,,,,,,,
218,2352.251708984375,0.023498302325606346,2.3498302325606346,1590.9691009521484,10000,ppo,ppo,crawler,flat,action_dth_tot_plus_friction_thdot_formula,,,,,,,,,,,,,,,0.0028575075273497433,0,781,0.0,0.0,,,,,,,,,,,,,,,,,,,,,,,,,,,,,,,,,,,,,,,,,,,,,,,,,,,,,,,,,,,,,,,,,,,,,,,,,,nan,,,,,,,,,,,,,,,
219,2365.92041015625,0.02363557741045952,2.363557741045952,1597.9742119312286,10000,ppo,ppo,crawler,flat,action_dth_tot_plus_friction_thdot_formula,,,,,,,,,,,,,,,0.0034132392415714245,0,781,0.0,0.0,,,,,,,,,,,,,,,,,,,,,,,,,,,,,,,,,,,,,,,,,,,,,,,,,,,,,,,,,,,,,,,,,,,,,,,,,,nan,,,,,,,,,,,,,,,
220,2396.68115234375,0.023940928280353546,2.3940928280353546,1605.3073151111603,10000,ppo,ppo,crawler,flat,action_dth_tot_plus_friction_thdot_formula,,,,,,,,,,,,,,,0.003614449035592446,0,781,0.0,0.0,,,,,,,,,,,,,,,,,,,,,,,,,,,,,,,,,,,,,,,,,,,,,,,,,,,,,,,,,,,,,,,,,,,,,,,,,,nan,,,,,,,,,,,,,,,
221,2420.989501953125,0.024186354130506516,2.4186354130506516,1612.378065109253,10000,ppo,ppo,crawler,flat,action_dth_tot_plus_friction_thdot_formula,,,,,,,,,,,,,,,0.0034124746003975823,0,781,0.0,0.0,,,,,,,,,,,,,,,,,,,,,,,,,,,,,,,,,,,,,,,,,,,,,,,,,,,,,,,,,,,,,,,,,,,,,,,,,,nan,,,,,,,,,,,,,,,
222,2384.40966796875,0.02381809800863266,2.381809800863266,1619.794774055481,10000,ppo,ppo,crawler,flat,action_dth_tot_plus_friction_thdot_formula,,,,,,,,,,,,,,,0.0038673326075130718,0,781,0.0,0.0,,,,,,,,,,,,,,,,,,,,,,,,,,,,,,,,,,,,,,,,,,,,,,,,,,,,,,,,,,,,,,,,,,,,,,,,,,nan,,,,,,,,,,,,,,,
223,2320.485107421875,0.023180527612566948,2.318052761256695,1626.7734129428864,10000,ppo,ppo,crawler,flat,action_dth_tot_plus_friction_thdot_formula,,,,,,,,,,,,,,,0.0034708829888273223,0,781,0.0,0.0,,,,,,,,,,,,,,,,,,,,,,,,,,,,,,,,,,,,,,,,,,,,,,,,,,,,,,,,,,,,,,,,,,,,,,,,,,nan,,,,,,,,,,,,,,,
224,2403.958251953125,0.024014022201299667,2.4014022201299667,1634.2436153888702,10000,ppo,ppo,crawler,flat,action_dth_tot_plus_friction_thdot_formula,,,,,,,,,,,,,,,0.002496035030173083,0,781,0.0,0.0,,,,,,,,,,,,,,,,,,,,,,,,,,,,,,,,,,,,,,,,,,,,,,,,,,,,,,,,,,,,,,,,,,,,,,,,,,nan,,,,,,,,,,,,,,,
225,2410.982177734375,0.02408255636692047,2.408255636692047,1641.3811888694763,10000,ppo,ppo,crawler,flat,action_dth_tot_plus_friction_thdot_formula,,,,,,,,,,,,,,,0.0030929457118869467,0,781,0.0,0.0,,,,,,,,,,,,,,,,,,,,,,,,,,,,,,,,,,,,,,,,,,,,,,,,,,,,,,,,,,,,,,,,,,,,,,,,,,nan,,,,,,,,,,,,,,,
226,2502.093994140625,0.024999147281050682,2.499914728105068,1648.648602962494,10000,ppo,ppo,crawler,flat,action_dth_tot_plus_friction_thdot_formula,,,,,,,,,,,,,,,0.002434122963512147,0,781,0.0,0.0,,,,,,,,,,,,,,,,,,,,,,,,,,,,,,,,,,,,,,,,,,,,,,,,,,,,,,,,,,,,,,,,,,,,,,,,,,nan,,,,,,,,,,,,,,,
227,2371.09228515625,0.023683752864599228,2.368375286459923,1655.6802332401276,10000,ppo,ppo,crawler,flat,action_dth_tot_plus_friction_thdot_formula,,,,,,,,,,,,,,,0.003446415250434656,0,781,0.0,0.0,,,,,,,,,,,,,,,,,,,,,,,,,,,,,,,,,,,,,,,,,,,,,,,,,,,,,,,,,,,,,,,,,,,,,,,,,,nan,,,,,,,,,,,,,,,
228,2485.064208984375,0.02482718788087368,2.482718788087368,1663.2595570087433,10000,ppo,ppo,crawler,flat,action_dth_tot_plus_friction_thdot_formula,,,,,,,,,,,,,,,0.003299548579882246,0,781,0.0,0.0,,,,,,,,,,,,,,,,,,,,,,,,,,,,,,,,,,,,,,,,,,,,,,,,,,,,,,,,,,,,,,,,,,,,,,,,,,nan,,,,,,,,,,,,,,,
229,2472.05322265625,0.024693939834833145,2.4693939834833145,1670.456038236618,10000,ppo,ppo,crawler,flat,action_dth_tot_plus_friction_thdot_formula,,,,,,,,,,,,,,,0.003427317714243805,0,781,0.0,0.0,,,,,,,,,,,,,,,,,,,,,,,,,,,,,,,,,,,,,,,,,,,,,,,,,,,,,,,,,,,,,,,,,,,,,,,,,,nan,,,,,,,,,,,,,,,
230,2542.417236328125,0.025396013632416725,2.5396013632416725,1677.7250487804413,10000,ppo,ppo,crawler,flat,action_dth_tot_plus_friction_thdot_formula,,,,,,,,,,,,,,,0.0034182397187353564,0,781,0.0,0.0,,,,,,,,,,,,,,,,,,,,,,,,,,,,,,,,,,,,,,,,,,,,,,,,,,,,,,,,,,,,,,,,,,,,,,,,,,nan,,,,,,,,,,,,,,,
231,2529.647705078125,0.025270521640777588,2.527052164077759,1684.8783972263336,10000,ppo,ppo,crawler,flat,action_dth_tot_plus_friction_thdot_formula,,,,,,,,,,,,,,,0.0035361571798429594,0,781,0.0,0.0,,,,,,,,,,,,,,,,,,,,,,,,,,,,,,,,,,,,,,,,,,,,,,,,,,,,,,,,,,,,,,,,,,,,,,,,,,nan,,,,,,,,,,,,,,,
232,2457.583984375,0.024549299851059914,2.4549299851059914,1692.4360194206238,10000,ppo,ppo,crawler,flat,action_dth_tot_plus_friction_thdot_formula,,,,,,,,,,,,,,,0.003385380156230594,0,781,0.0,0.0,,,,,,,,,,,,,,,,,,,,,,,,,,,,,,,,,,,,,,,,,,,,,,,,,,,,,,,,,,,,,,,,,,,,,,,,,,nan,,,,,,,,,,,,,,,
233,2532.071044921875,0.02529698796570301,2.529698796570301,1699.6996731758118,10000,ppo,ppo,crawler,flat,action_dth_tot_plus_friction_thdot_formula,,,,,,,,,,,,,,,0.003068409002819498,0,781,0.0,0.0,,,,,,,,,,,,,,,,,,,,,,,,,,,,,,,,,,,,,,,,,,,,,,,,,,,,,,,,,,,,,,,,,,,,,,,,,,nan,,,,,,,,,,,,,,,
234,2542.422119140625,0.025396142154932022,2.539614215493202,1706.7473313808441,10000,ppo,ppo,crawler,flat,action_dth_tot_plus_friction_thdot_formula,,,,,,,,,,,,,,,0.0027272568233582466,0,781,0.0,0.0,,,,,,,,,,,,,,,,,,,,,,,,,,,,,,,,,,,,,,,,,,,,,,,,,,,,,,,,,,,,,,,,,,,,,,,,,,nan,,,,,,,,,,,,,,,
235,2608.419921875,0.026061194017529488,2.6061194017529488,1714.2589910030365,10000,ppo,ppo,crawler,flat,action_dth_tot_plus_friction_thdot_formula,,,,,,,,,,,,,,,0.002983657057209551,0,781,0.0,0.0,,,,,,,,,,,,,,,,,,,,,,,,,,,,,,,,,,,,,,,,,,,,,,,,,,,,,,,,,,,,,,,,,,,,,,,,,,nan,,,,,,,,,,,,,,,
236,2411.291015625,0.024085283279418945,2.4085283279418945,1721.557017326355,10000,ppo,ppo,crawler,flat,action_dth_tot_plus_friction_thdot_formula,,,,,,,,,,,,,,,0.0037955591961456444,0,781,0.0,0.0,,,,,,,,,,,,,,,,,,,,,,,,,,,,,,,,,,,,,,,,,,,,,,,,,,,,,,,,,,,,,,,,,,,,,,,,,,nan,,,,,,,,,,,,,,,
237,2512.925537109375,0.025102782994508743,2.5102782994508743,1728.7987172603607,10000,ppo,ppo,crawler,flat,action_dth_tot_plus_friction_thdot_formula,,,,,,,,,,,,,,,0.0028066426047458457,0,781,0.0,0.0,,,,,,,,,,,,,,,,,,,,,,,,,,,,,,,,,,,,,,,,,,,,,,,,,,,,,,,,,,,,,,,,,,,,,,,,,,nan,,,,,,,,,,,,,,,
238,2656.794189453125,0.026538381353020668,2.653838135302067,1735.843002796173,10000,ppo,ppo,crawler,flat,action_dth_tot_plus_friction_thdot_formula,,,,,,,,,,,,,,,0.002930719001126558,0,781,0.0,0.0,,,,,,,,,,,,,,,,,,,,,,,,,,,,,,,,,,,,,,,,,,,,,,,,,,,,,,,,,,,,,,,,,,,,,,,,,,nan,,,,,,,,,,,,,,,
239,2611.568359375,0.026087578386068344,2.6087578386068344,1743.712134361267,10000,ppo,ppo,crawler,flat,action_dth_tot_plus_friction_thdot_formula,,,,,,,,,,,,,,,0.002930725222303223,0,781,0.0,0.0,,,,,,,,,,,,,,,,,,,,,,,,,,,,,,,,,,,,,,,,,,,,,,,,,,,,,,,,,,,,,,,,,,,,,,,,,,nan,,,,,,,,,,,,,,,
240,2636.606201171875,0.026337096467614174,2.6337096467614174,1751.025805234909,10000,ppo,ppo,crawler,flat,action_dth_tot_plus_friction_thdot_formula,,,,,,,,,,,,,,,0.0028861153763274708,0,781,0.0,0.0,,,,,,,,,,,,,,,,,,,,,,,,,,,,,,,,,,,,,,,,,,,,,,,,,,,,,,,,,,,,,,,,,,,,,,,,,,nan,,,,,,,,,,,,,,,
241,2413.61328125,0.024112407118082047,2.4112407118082047,1758.3501660823822,10000,ppo,ppo,crawler,flat,action_dth_tot_plus_friction_thdot_formula,,,,,,,,,,,,,,,0.003377150187351432,0,781,0.0,0.0,,,,,,,,,,,,,,,,,,,,,,,,,,,,,,,,,,,,,,,,,,,,,,,,,,,,,,,,,,,,,,,,,,,,,,,,,,nan,,,,,,,,,,,,,,,
242,2694.564453125,0.026915356516838074,2.6915356516838074,1765.7049405574799,10000,ppo,ppo,crawler,flat,action_dth_tot_plus_friction_thdot_formula,,,,,,,,,,,,,,,0.003124195580694481,0,781,0.0,0.0,,,,,,,,,,,,,,,,,,,,,,,,,,,,,,,,,,,,,,,,,,,,,,,,,,,,,,,,,,,,,,,,,,,,,,,,,,nan,,,,,,,,,,,,,,,
243,2602.045654296875,0.025987328961491585,2.5987328961491585,1773.1748850345612,10000,ppo,ppo,crawler,flat,action_dth_tot_plus_friction_thdot_formula,,,,,,,,,,,,,,,0.0028061050105653343,0,781,0.0,0.0,,,,,,,,,,,,,,,,,,,,,,,,,,,,,,,,,,,,,,,,,,,,,,,,,,,,,,,,,,,,,,,,,,,,,,,,,,nan,,,,,,,,,,,,,,,
244,2564.1826171875,0.025616899132728577,2.5616899132728577,1780.3414356708527,10000,ppo,ppo,crawler,flat,action_dth_tot_plus_friction_thdot_formula,,,,,,,,,,,,,,,0.0034435776462310402,0,781,0.0,0.0,,,,,,,,,,,,,,,,,,,,,,,,,,,,,,,,,,,,,,,,,,,,,,,,,,,,,,,,,,,,,,,,,,,,,,,,,,nan,,,,,,,,,,,,,,,
245,2545.083984375,0.02543024532496929,2.543024532496929,1787.6013107299805,10000,ppo,ppo,crawler,flat,action_dth_tot_plus_friction_thdot_formula,,,,,,,,,,,,,,,0.0035009014861575936,0,781,0.0,0.0,,,,,,,,,,,,,,,,,,,,,,,,,,,,,,,,,,,,,,,,,,,,,,,,,,,,,,,,,,,,,,,,,,,,,,,,,,nan,,,,,,,,,,,,,,,
246,2556.66552734375,0.025538958609104156,2.5538958609104156,1794.9497323036194,10000,ppo,ppo,crawler,flat,action_dth_tot_plus_friction_thdot_formula,,,,,,,,,,,,,,,0.003462014123942004,0,781,0.0,0.0,,,,,,,,,,,,,,,,,,,,,,,,,,,,,,,,,,,,,,,,,,,,,,,,,,,,,,,,,,,,,,,,,,,,,,,,,,nan,,,,,,,,,,,,,,,
247,2525.347412109375,0.02522801235318184,2.522801235318184,1802.4309585094452,10000,ppo,ppo,crawler,flat,action_dth_tot_plus_friction_thdot_formula,,,,,,,,,,,,,,,0.003137067591041987,0,781,0.0,0.0,,,,,,,,,,,,,,,,,,,,,,,,,,,,,,,,,,,,,,,,,,,,,,,,,,,,,,,,,,,,,,,,,,,,,,,,,,nan,,,,,,,,,,,,,,,
248,2522.488525390625,0.025198424234986305,2.5198424234986305,1809.6625773906708,10000,ppo,ppo,crawler,flat,action_dth_tot_plus_friction_thdot_formula,,,,,,,,,,,,,,,0.002942471517878674,0,781,0.0,0.0,,,,,,,,,,,,,,,,,,,,,,,,,,,,,,,,,,,,,,,,,,,,,,,,,,,,,,,,,,,,,,,,,,,,,,,,,,nan,,,,,,,,,,,,,,,
249,2639.303466796875,0.026367122307419777,2.6367122307419777,1817.007915019989,10000,ppo,ppo,crawler,flat,action_dth_tot_plus_friction_thdot_formula,,,,,,,,,,,,,,,0.003095024759480527,0,781,0.0,0.0,,,,,,,,,,,,,,,,,,,,,,,,,,,,,,,,,,,,,,,,,,,,,,,,,,,,,,,,,,,,,,,,,,,,,,,,,,nan,,,,,,,,,,,,,,,
250,2811.358642578125,0.02808411419391632,2.808411419391632,1824.5557565689087,10000,ppo,ppo,crawler,flat,action_dth_tot_plus_friction_thdot_formula,,,,,,,,,,,,,,,0.002904931020716661,0,781,0.0,0.0,,,,,,,,,,,,,,,,,,,,,,,,,,,,,,,,,,,,,,,,,,,,,,,,,,,,,,,,,,,,,,,,,,,,,,,,,,nan,,,,,,,,,,,,,,,
251,2553.91015625,0.025515256449580193,2.5515256449580193,1831.8915448188782,10000,ppo,ppo,crawler,flat,action_dth_tot_plus_friction_thdot_formula,,,,,,,,,,,,,,,0.004085849785633807,0,781,0.0,0.0,,,,,,,,,,,,,,,,,,,,,,,,,,,,,,,,,,,,,,,,,,,,,,,,,,,,,,,,,,,,,,,,,,,,,,,,,,nan,,,,,,,,,,,,,,,
252,2359.9375,0.02357734926044941,2.357734926044941,1838.960988998413,10000,ppo,ppo,crawler,flat,action_dth_tot_plus_friction_thdot_formula,,,,,,,,,,,,,,,0.003629853206709929,0,781,0.0,0.0,,,,,,,,,,,,,,,,,,,,,,,,,,,,,,,,,,,,,,,,,,,,,,,,,,,,,,,,,,,,,,,,,,,,,,,,,,nan,,,,,,,,,,,,,,,
253,2492.631591796875,0.024895530194044113,2.4895530194044113,1846.3348903656006,10000,ppo,ppo,crawler,flat,action_dth_tot_plus_friction_thdot_formula,,,,,,,,,,,,,,,0.003800933540444857,0,781,0.0,0.0,,,,,,,,,,,,,,,,,,,,,,,,,,,,,,,,,,,,,,,,,,,,,,,,,,,,,,,,,,,,,,,,,,,,,,,,,,nan,,,,,,,,,,,,,,,
254,2486.1796875,0.02483443170785904,2.483443170785904,1853.6152024269104,10000,ppo,ppo,crawler,flat,action_dth_tot_plus_friction_thdot_formula,,,,,,,,,,,,,,,0.0035834385425856435,0,781,0.0,0.0,,,,,,,,,,,,,,,,,,,,,,,,,,,,,,,,,,,,,,,,,,,,,,,,,,,,,,,,,,,,,,,,,,,,,,,,,,nan,,,,,,,,,,,,,,,
255,2445.07421875,0.024427425116300583,2.4427425116300583,1861.029274225235,10000,ppo,ppo,crawler,flat,action_dth_tot_plus_friction_thdot_formula,,,,,,,,,,,,,,,0.003061933417759225,0,781,0.0,0.0,,,,,,,,,,,,,,,,,,,,,,,,,,,,,,,,,,,,,,,,,,,,,,,,,,,,,,,,,,,,,,,,,,,,,,,,,,nan,,,,,,,,,,,,,,,
256,2570.624267578125,0.025674229487776756,2.5674229487776756,1868.0994939804077,10000,ppo,ppo,crawler,flat,action_dth_tot_plus_friction_thdot_formula,,,,,,,,,,,,,,,0.00308836818723844,0,781,0.0,0.0,,,,,,,,,,,,,,,,,,,,,,,,,,,,,,,,,,,,,,,,,,,,,,,,,,,,,,,,,,,,,,,,,,,,,,,,,,nan,,,,,,,,,,,,,,,
257,2651.735107421875,0.026493987068533897,2.6493987068533897,1875.482276916504,10000,ppo,ppo,crawler,flat,action_dth_tot_plus_friction_thdot_formula,,,,,,,,,,,,,,,0.0038473705054071785,0,781,0.0,0.0,,,,,,,,,,,,,,,,,,,,,,,,,,,,,,,,,,,,,,,,,,,,,,,,,,,,,,,,,,,,,,,,,,,,,,,,,,nan,,,,,,,,,,,,,,,
258,2536.7421875,0.025344988331198692,2.5344988331198692,1882.8928225040436,10000,ppo,ppo,crawler,flat,action_dth_tot_plus_friction_thdot_formula,,,,,,,,,,,,,,,0.003554574896576403,0,781,0.0,0.0,,,,,,,,,,,,,,,,,,,,,,,,,,,,,,,,,,,,,,,,,,,,,,,,,,,,,,,,,,,,,,,,,,,,,,,,,,nan,,,,,,,,,,,,,,,
259,2666.11572265625,0.026633581146597862,2.6633581146597862,1890.3852713108063,10000,ppo,ppo,crawler,flat,action_dth_tot_plus_friction_thdot_formula,,,,,,,,,,,,,,,0.0033463009929155666,0,781,0.0,0.0,,,,,,,,,,,,,,,,,,,,,,,,,,,,,,,,,,,,,,,,,,,,,,,,,,,,,,,,,,,,,,,,,,,,,,,,,,nan,,,,,,,,,,,,,,,
260,2628.325439453125,0.026253996416926384,2.6253996416926384,1897.771052122116,10000,ppo,ppo,crawler,flat,action_dth_tot_plus_friction_thdot_formula,,,,,,,,,,,,,,,0.003018091873183224,0,781,0.0,0.0,,,,,,,,,,,,,,,,,,,,,,,,,,,,,,,,,,,,,,,,,,,,,,,,,,,,,,,,,,,,,,,,,,,,,,,,,,nan,,,,,,,,,,,,,,,
261,2494.583740234375,0.02491959184408188,2.491959184408188,1905.2672264575958,10000,ppo,ppo,crawler,flat,action_dth_tot_plus_friction_thdot_formula,,,,,,,,,,,,,,,0.003241768088036726,0,781,0.0,0.0,,,,,,,,,,,,,,,,,,,,,,,,,,,,,,,,,,,,,,,,,,,,,,,,,,,,,,,,,,,,,,,,,,,,,,,,,,nan,,,,,,,,,,,,,,,
262,2646.955810546875,0.026440627872943878,2.644062787294388,1912.5542182922363,10000,ppo,ppo,crawler,flat,action_dth_tot_plus_friction_thdot_formula,,,,,,,,,,,,,,,0.004135680626633621,0,781,0.0,0.0,,,,,,,,,,,,,,,,,,,,,,,,,,,,,,,,,,,,,,,,,,,,,,,,,,,,,,,,,,,,,,,,,,,,,,,,,,nan,,,,,,,,,,,,,,,
263,2583.546142578125,0.025809381157159805,2.5809381157159805,1919.8975179195404,10000,ppo,ppo,crawler,flat,action_dth_tot_plus_friction_thdot_formula,,,,,,,,,,,,,,,0.003726974338322589,0,781,0.0,0.0,,,,,,,,,,,,,,,,,,,,,,,,,,,,,,,,,,,,,,,,,,,,,,,,,,,,,,,,,,,,,,,,,,,,,,,,,,nan,,,,,,,,,,,,,,,
264,2620.44580078125,0.026176176965236664,2.6176176965236664,1927.2715990543365,10000,ppo,ppo,crawler,flat,action_dth_tot_plus_friction_thdot_formula,,,,,,,,,,,,,,,0.0030522141605988265,0,781,0.0,0.0,,,,,,,,,,,,,,,,,,,,,,,,,,,,,,,,,,,,,,,,,,,,,,,,,,,,,,,,,,,,,,,,,,,,,,,,,,nan,,,,,,,,,,,,,,,
265,2518.891845703125,0.0251608993858099,2.51608993858099,1934.810664176941,10000,ppo,ppo,crawler,flat,action_dth_tot_plus_friction_thdot_formula,,,,,,,,,,,,,,,0.00466869601731817,0,781,0.0,0.0,,,,,,,,,,,,,,,,,,,,,,,,,,,,,,,,,,,,,,,,,,,,,,,,,,,,,,,,,,,,,,,,,,,,,,,,,,nan,,,,,,,,,,,,,,,
266,2408.322265625,0.024053001776337624,2.4053001776337624,1942.0218386650085,10000,ppo,ppo,crawler,flat,action_dth_tot_plus_friction_thdot_formula,,,,,,,,,,,,,,,0.0036843232841054442,0,781,0.0,0.0,,,,,,,,,,,,,,,,,,,,,,,,,,,,,,,,,,,,,,,,,,,,,,,,,,,,,,,,,,,,,,,,,,,,,,,,,,nan,,,,,,,,,,,,,,,
267,2699.881591796875,0.026968663558363914,2.6968663558363914,1949.4848766326904,10000,ppo,ppo,crawler,flat,action_dth_tot_plus_friction_thdot_formula,,,,,,,,,,,,,,,0.002919532046069018,0,781,0.0,0.0,,,,,,,,,,,,,,,,,,,,,,,,,,,,,,,,,,,,,,,,,,,,,,,,,,,,,,,,,,,,,,,,,,,,,,,,,,nan,,,,,,,,,,,,,,,
268,2454.26416015625,0.024515023455023766,2.4515023455023766,1956.84468126297,10000,ppo,ppo,crawler,flat,action_dth_tot_plus_friction_thdot_formula,,,,,,,,,,,,,,,0.0031722958645218134,0,781,0.0,0.0,,,,,,,,,,,,,,,,,,,,,,,,,,,,,,,,,,,,,,,,,,,,,,,,,,,,,,,,,,,,,,,,,,,,,,,,,,nan,,,,,,,,,,,,,,,
269,2583.723876953125,0.025813067331910133,2.5813067331910133,1964.3407492637634,10000,ppo,ppo,crawler,flat,action_dth_tot_plus_friction_thdot_formula,,,,,,,,,,,,,,,0.0026860515186882122,0,781,0.0,0.0,,,,,,,,,,,,,,,,,,,,,,,,,,,,,,,,,,,,,,,,,,,,,,,,,,,,,,,,,,,,,,,,,,,,,,,,,,nan,,,,,,,,,,,,,,,
270,2584.725830078125,0.025819076225161552,2.5819076225161552,1971.373877286911,10000,ppo,ppo,crawler,flat,action_dth_tot_plus_friction_thdot_formula,,,,,,,,,,,,,,,0.0031034897233445376,0,781,0.0,0.0,,,,,,,,,,,,,,,,,,,,,,,,,,,,,,,,,,,,,,,,,,,,,,,,,,,,,,,,,,,,,,,,,,,,,,,,,,nan,,,,,,,,,,,,,,,
271,2421.96337890625,0.02419351600110531,2.419351600110531,1978.695953130722,10000,ppo,ppo,crawler,flat,action_dth_tot_plus_friction_thdot_formula,,,,,,,,,,,,,,,0.003352521223166037,0,781,0.0,0.0,,,,,,,,,,,,,,,,,,,,,,,,,,,,,,,,,,,,,,,,,,,,,,,,,,,,,,,,,,,,,,,,,,,,,,,,,,nan,,,,,,,,,,,,,,,
272,2585.367431640625,0.025824276730418205,2.5824276730418205,1985.8781712055206,10000,ppo,ppo,crawler,flat,action_dth_tot_plus_friction_thdot_formula,,,,,,,,,,,,,,,0.0026347396334304705,0,781,0.0,0.0,,,,,,,,,,,,,,,,,,,,,,,,,,,,,,,,,,,,,,,,,,,,,,,,,,,,,,,,,,,,,,,,,,,,,,,,,,nan,,,,,,,,,,,,,,,
273,2526.25146484375,0.025240007787942886,2.5240007787942886,1993.23086643219,10000,ppo,ppo,crawler,flat,action_dth_tot_plus_friction_thdot_formula,,,,,,,,,,,,,,,0.0030745536057790084,0,781,0.0,0.0,,,,,,,,,,,,,,,,,,,,,,,,,,,,,,,,,,,,,,,,,,,,,,,,,,,,,,,,,,,,,,,,,,,,,,,,,,nan,,,,,,,,,,,,,,,
274,2543.25830078125,0.025404321029782295,2.5404321029782295,2000.253006696701,10000,ppo,ppo,crawler,flat,action_dth_tot_plus_friction_thdot_formula,,,,,,,,,,,,,,,0.0028823658571833157,0,781,0.0,0.0,,,,,,,,,,,,,,,,,,,,,,,,,,,,,,,,,,,,,,,,,,,,,,,,,,,,,,,,,,,,,,,,,,,,,,,,,,nan,,,,,,,,,,,,,,,
275,2534.73681640625,0.0253184512257576,2.53184512257576,2007.5237369537354,10000,ppo,ppo,crawler,flat,action_dth_tot_plus_friction_thdot_formula,,,,,,,,,,,,,,,0.002980483063927729,0,781,0.0,0.0,,,,,,,,,,,,,,,,,,,,,,,,,,,,,,,,,,,,,,,,,,,,,,,,,,,,,,,,,,,,,,,,,,,,,,,,,,nan,,,,,,,,,,,,,,,
276,2517.310791015625,0.025142652913928032,2.514265291392803,2014.8031902313232,10000,ppo,ppo,crawler,flat,action_dth_tot_plus_friction_thdot_formula,,,,,,,,,,,,,,,0.0035037142569682156,0,781,0.0,0.0,,,,,,,,,,,,,,,,,,,,,,,,,,,,,,,,,,,,,,,,,,,,,,,,,,,,,,,,,,,,,,,,,,,,,,,,,,nan,,,,,,,,,,,,,,,
277,2601.148681640625,0.025984298437833786,2.5984298437833786,2021.8842804431915,10000,ppo,ppo,crawler,flat,action_dth_tot_plus_friction_thdot_formula,,,,,,,,,,,,,,,0.003168070510382467,0,781,0.0,0.0,,,,,,,,,,,,,,,,,,,,,,,,,,,,,,,,,,,,,,,,,,,,,,,,,,,,,,,,,,,,,,,,,,,,,,,,,,nan,,,,,,,,,,,,,,,
278,2478.15625,0.024750089272856712,2.4750089272856712,2029.3031799793243,10000,ppo,ppo,crawler,flat,action_dth_tot_plus_friction_thdot_formula,,,,,,,,,,,,,,,0.00320049023143017,0,781,0.0,0.0,,,,,,,,,,,,,,,,,,,,,,,,,,,,,,,,,,,,,,,,,,,,,,,,,,,,,,,,,,,,,,,,,,,,,,,,,,nan,,,,,,,,,,,,,,,
279,2703.42529296875,0.027007652446627617,2.7007652446627617,2036.532588481903,10000,ppo,ppo,crawler,flat,action_dth_tot_plus_friction_thdot_formula,,,,,,,,,,,,,,,0.0032178497123552864,0,781,0.0,0.0,,,,,,,,,,,,,,,,,,,,,,,,,,,,,,,,,,,,,,,,,,,,,,,,,,,,,,,,,,,,,,,,,,,,,,,,,,nan,,,,,,,,,,,,,,,
280,2540.334228515625,0.025375088676810265,2.5375088676810265,2043.9946262836456,10000,ppo,ppo,crawler,flat,action_dth_tot_plus_friction_thdot_formula,,,,,,,,,,,,,,,0.002830189353467124,0,781,0.0,0.0,,,,,,,,,,,,,,,,,,,,,,,,,,,,,,,,,,,,,,,,,,,,,,,,,,,,,,,,,,,,,,,,,,,,,,,,,,nan,,,,,,,,,,,,,,,
281,2613.24658203125,0.026103902608156204,2.6103902608156204,2051.0685358047485,10000,ppo,ppo,crawler,flat,action_dth_tot_plus_friction_thdot_formula,,,,,,,,,,,,,,,0.003131214743623183,0,781,0.0,0.0,,,,,,,,,,,,,,,,,,,,,,,,,,,,,,,,,,,,,,,,,,,,,,,,,,,,,,,,,,,,,,,,,,,,,,,,,,nan,,,,,,,,,,,,,,,
282,2487.998779296875,0.024853579699993134,2.4853579699993134,2058.6174788475037,10000,ppo,ppo,crawler,flat,action_dth_tot_plus_friction_thdot_formula,,,,,,,,,,,,,,,0.003583975269911732,0,781,0.0,0.0,,,,,,,,,,,,,,,,,,,,,,,,,,,,,,,,,,,,,,,,,,,,,,,,,,,,,,,,,,,,,,,,,,,,,,,,,,nan,,,,,,,,,,,,,,,
283,2515.669677734375,0.025130264461040497,2.5130264461040497,2066.0254034996033,10000,ppo,ppo,crawler,flat,action_dth_tot_plus_friction_thdot_formula,,,,,,,,,,,,,,,0.0029054912483237956,0,781,0.0,0.0,,,,,,,,,,,,,,,,,,,,,,,,,,,,,,,,,,,,,,,,,,,,,,,,,,,,,,,,,,,,,,,,,,,,,,,,,,nan,,,,,,,,,,,,,,,
284,2505.33984375,0.02502395585179329,2.502395585179329,2073.567144393921,10000,ppo,ppo,crawler,flat,action_dth_tot_plus_friction_thdot_formula,,,,,,,,,,,,,,,0.003917609269670527,0,781,0.0,0.0,,,,,,,,,,,,,,,,,,,,,,,,,,,,,,,,,,,,,,,,,,,,,,,,,,,,,,,,,,,,,,,,,,,,,,,,,,nan,,,,,,,,,,,,,,,
285,2443.655029296875,0.024408379569649696,2.4408379569649696,2080.7728431224823,10000,ppo,ppo,crawler,flat,action_dth_tot_plus_friction_thdot_formula,,,,,,,,,,,,,,,0.003377174744425728,0,781,0.0,0.0,,,,,,,,,,,,,,,,,,,,,,,,,,,,,,,,,,,,,,,,,,,,,,,,,,,,,,,,,,,,,,,,,,,,,,,,,,nan,,,,,,,,,,,,,,,
286,2601.904052734375,0.025991832837462425,2.5991832837462425,2088.2908515930176,10000,ppo,ppo,crawler,flat,action_dth_tot_plus_friction_thdot_formula,,,,,,,,,,,,,,,0.002906838873430798,0,781,0.0,0.0,,,,,,,,,,,,,,,,,,,,,,,,,,,,,,,,,,,,,,,,,,,,,,,,,,,,,,,,,,,,,,,,,,,,,,,,,,nan,,,,,,,,,,,,,,,
287,2580.673583984375,0.025778137147426605,2.5778137147426605,2095.5226962566376,10000,ppo,ppo,crawler,flat,action_dth_tot_plus_friction_thdot_formula,,,,,,,,,,,,,,,0.0029252254292034996,0,781,0.0,0.0,,,,,,,,,,,,,,,,,,,,,,,,,,,,,,,,,,,,,,,,,,,,,,,,,,,,,,,,,,,,,,,,,,,,,,,,,,nan,,,,,,,,,,,,,,,
288,2488.945556640625,0.02486571855843067,2.486571855843067,2103.059141397476,10000,ppo,ppo,crawler,flat,action_dth_tot_plus_friction_thdot_formula,,,,,,,,,,,,,,,0.003402420777415203,0,781,0.0,0.0,,,,,,,,,,,,,,,,,,,,,,,,,,,,,,,,,,,,,,,,,,,,,,,,,,,,,,,,,,,,,,,,,,,,,,,,,,nan,,,,,,,,,,,,,,,
289,2552.8046875,0.025502096861600876,2.5502096861600876,2110.327181816101,10000,ppo,ppo,crawler,flat,action_dth_tot_plus_friction_thdot_formula,,,,,,,,,,,,,,,0.0037932682393515835,0,781,0.0,0.0,,,,,,,,,,,,,,,,,,,,,,,,,,,,,,,,,,,,,,,,,,,,,,,,,,,,,,,,,,,,,,,,,,,,,,,,,,nan,,,,,,,,,,,,,,,
290,2536.468505859375,0.02534058690071106,2.534058690071106,2117.764874458313,10000,ppo,ppo,crawler,flat,action_dth_tot_plus_friction_thdot_formula,,,,,,,,,,,,,,,0.0025807426449849908,0,781,0.0,0.0,,,,,,,,,,,,,,,,,,,,,,,,,,,,,,,,,,,,,,,,,,,,,,,,,,,,,,,,,,,,,,,,,,,,,,,,,,nan,,,,,,,,,,,,,,,
291,2611.677734375,0.026086406782269478,2.608640678226948,2125.2302873134613,10000,ppo,ppo,crawler,flat,action_dth_tot_plus_friction_thdot_formula,,,,,,,,,,,,,,,0.0033323527049561237,0,781,0.0,0.0,,,,,,,,,,,,,,,,,,,,,,,,,,,,,,,,,,,,,,,,,,,,,,,,,,,,,,,,,,,,,,,,,,,,,,,,,,nan,,,,,,,,,,,,,,,
292,2559.495849609375,0.02556527778506279,2.556527778506279,2132.514229774475,10000,ppo,ppo,crawler,flat,action_dth_tot_plus_friction_thdot_formula,,,,,,,,,,,,,,,0.0033707969192810186,0,781,0.0,0.0,,,,,,,,,,,,,,,,,,,,,,,,,,,,,,,,,,,,,,,,,,,,,,,,,,,,,,,,,,,,,,,,,,,,,,,,,,nan,,,,,,,,,,,,,,,
293,2671.359619140625,0.026686809957027435,2.6686809957027435,2139.8871319293976,10000,ppo,ppo,crawler,flat,action_dth_tot_plus_friction_thdot_formula,,,,,,,,,,,,,,,0.002530240006713559,0,781,0.0,0.0,,,,,,,,,,,,,,,,,,,,,,,,,,,,,,,,,,,,,,,,,,,,,,,,,,,,,,,,,,,,,,,,,,,,,,,,,,nan,,,,,,,,,,,,,,,
294,2593.942626953125,0.025911547243595123,2.5911547243595123,2147.1169843673706,10000,ppo,ppo,crawler,flat,action_dth_tot_plus_friction_thdot_formula,,,,,,,,,,,,,,,0.0030512035049324576,0,781,0.0,0.0,,,,,,,,,,,,,,,,,,,,,,,,,,,,,,,,,,,,,,,,,,,,,,,,,,,,,,,,,,,,,,,,,,,,,,,,,,nan,,,,,,,,,,,,,,,
295,2650.998046875,0.026484081521630287,2.6484081521630287,2154.252065896988,10000,ppo,ppo,crawler,flat,action_dth_tot_plus_friction_thdot_formula,,,,,,,,,,,,,,,0.003742143484904215,0,781,0.0,0.0,,,,,,,,,,,,,,,,,,,,,,,,,,,,,,,,,,,,,,,,,,,,,,,,,,,,,,,,,,,,,,,,,,,,,,,,,,nan,,,,,,,,,,,,,,,
296,2462.989990234375,0.024598531424999237,2.4598531424999237,2161.4821524620056,10000,ppo,ppo,crawler,flat,action_dth_tot_plus_friction_thdot_formula,,,,,,,,,,,,,,,0.0030406568147299906,0,781,0.0,0.0,,,,,,,,,,,,,,,,,,,,,,,,,,,,,,,,,,,,,,,,,,,,,,,,,,,,,,,,,,,,,,,,,,,,,,,,,,nan,,,,,,,,,,,,,,,
297,2589.438232421875,0.02586730197072029,2.586730197072029,2168.628059864044,10000,ppo,ppo,crawler,flat,action_dth_tot_plus_friction_thdot_formula,,,,,,,,,,,,,,,0.003312493501697332,0,781,0.0,0.0,,,,,,,,,,,,,,,,,,,,,,,,,,,,,,,,,,,,,,,,,,,,,,,,,,,,,,,,,,,,,,,,,,,,,,,,,,nan,,,,,,,,,,,,,,,
298,2640.46875,0.02637559361755848,2.637559361755848,2175.9802203178406,10000,ppo,ppo,crawler,flat,action_dth_tot_plus_friction_thdot_formula,,,,,,,,,,,,,,,0.0027563854597065307,0,781,0.0,0.0,,,,,,,,,,,,,,,,,,,,,,,,,,,,,,,,,,,,,,,,,,,,,,,,,,,,,,,,,,,,,,,,,,,,,,,,,,nan,,,,,,,,,,,,,,,
299,2716.185302734375,0.027135850861668587,2.7135850861668587,2183.0755200386047,10000,ppo,ppo,crawler,flat,action_dth_tot_plus_friction_thdot_formula,,,,,,,,,,,,,,,0.0035917213166945837,0,781,0.0,0.0,,,,,,,,,,,,,,,,,,,,,,,,,,,,,,,,,,,,,,,,,,,,,,,,,,,,,,,,,,,,,,,,,,,,,,,,,,nan,,,,,,,,,,,,,,,
300,2664.148193359375,0.02661372534930706,2.661372534930706,2190.4807271957397,10000,ppo,ppo,crawler,flat,action_dth_tot_plus_friction_thdot_formula,,,,,,,,,,,,,,,0.0038751019251001607,0,781,0.0,0.0,,,,,,,,,,,,,,,,,,,,,,,,,,,,,,,,,,,,,,,,,,,,,,,,,,,,,,,,,,,,,,,,,,,,,,,,,,nan,,,,,,,,,,,,,,,
301,2520.076904296875,0.02517147734761238,2.517147734761238,2197.7444138526917,10000,ppo,ppo,crawler,flat,action_dth_tot_plus_friction_thdot_formula,,,,,,,,,,,,,,,0.003800784499729088,0,781,0.0,0.0,,,,,,,,,,,,,,,,,,,,,,,,,,,,,,,,,,,,,,,,,,,,,,,,,,,,,,,,,,,,,,,,,,,,,,,,,,nan,,,,,,,,,,,,,,,
302,2521.99609375,0.02519511990249157,2.519511990249157,2205.0628101825714,10000,ppo,ppo,crawler,flat,action_dth_tot_plus_friction_thdot_formula,,,,,,,,,,,,,,,0.0031032214604455872,0,781,0.0,0.0,,,,,,,,,,,,,,,,,,,,,,,,,,,,,,,,,,,,,,,,,,,,,,,,,,,,,,,,,,,,,,,,,,,,,,,,,,nan,,,,,,,,,,,,,,,
303,2658.327880859375,0.026555614545941353,2.6555614545941353,2212.187067747116,10000,ppo,ppo,crawler,flat,action_dth_tot_plus_friction_thdot_formula,,,,,,,,,,,,,,,0.0030976576437260215,0,781,0.0,0.0,,,,,,,,,,,,,,,,,,,,,,,,,,,,,,,,,,,,,,,,,,,,,,,,,,,,,,,,,,,,,,,,,,,,,,,,,,nan,,,,,,,,,,,,,,,
304,2456.84423828125,0.024543795734643936,2.4543795734643936,2219.5169870853424,10000,ppo,ppo,crawler,flat,action_dth_tot_plus_friction_thdot_formula,,,,,,,,,,,,,,,0.003554037425258029,0,781,0.0,0.0,,,,,,,,,,,,,,,,,,,,,,,,,,,,,,,,,,,,,,,,,,,,,,,,,,,,,,,,,,,,,,,,,,,,,,,,,,nan,,,,,,,,,,,,,,,
305,2446.70654296875,0.024442171677947044,2.4442171677947044,2226.834851503372,10000,ppo,ppo,crawler,flat,action_dth_tot_plus_friction_thdot_formula,,,,,,,,,,,,,,,0.003295968723064229,0,781,0.0,0.0,,,,,,,,,,,,,,,,,,,,,,,,,,,,,,,,,,,,,,,,,,,,,,,,,,,,,,,,,,,,,,,,,,,,,,,,,,nan,,,,,,,,,,,,,,,
306,2729.411376953125,0.027268316596746445,2.7268316596746445,2234.22962141037,10000,ppo,ppo,crawler,flat,action_dth_tot_plus_friction_thdot_formula,,,,,,,,,,,,,,,0.0029109247613438283,0,781,0.0,0.0,,,,,,,,,,,,,,,,,,,,,,,,,,,,,,,,,,,,,,,,,,,,,,,,,,,,,,,,,,,,,,,,,,,,,,,,,,nan,,,,,,,,,,,,,,,
307,2703.2294921875,0.027000274509191513,2.7000274509191513,2241.5195717811584,10000,ppo,ppo,crawler,flat,action_dth_tot_plus_friction_thdot_formula,,,,,,,,,,,,,,,0.0036530084177617953,0,781,0.0,0.0,,,,,,,,,,,,,,,,,,,,,,,,,,,,,,,,,,,,,,,,,,,,,,,,,,,,,,,,,,,,,,,,,,,,,,,,,,nan,,,,,,,,,,,,,,,
308,2611.29541015625,0.02608940377831459,2.608940377831459,2248.8327231407166,10000,ppo,ppo,crawler,flat,action_dth_tot_plus_friction_thdot_formula,,,,,,,,,,,,,,,0.003134035864177431,0,781,0.0,0.0,,,,,,,,,,,,,,,,,,,,,,,,,,,,,,,,,,,,,,,,,,,,,,,,,,,,,,,,,,,,,,,,,,,,,,,,,,nan,,,,,,,,,,,,,,,
309,2586.427490234375,0.02583424001932144,2.583424001932144,2256.1430490016937,10000,ppo,ppo,crawler,flat,action_dth_tot_plus_friction_thdot_formula,,,,,,,,,,,,,,,0.0033541943987643063,0,781,0.0,0.0,,,,,,,,,,,,,,,,,,,,,,,,,,,,,,,,,,,,,,,,,,,,,,,,,,,,,,,,,,,,,,,,,,,,,,,,,,nan,,,,,,,,,,,,,,,
310,2661.976318359375,0.02659032866358757,2.659032866358757,2263.523442029953,10000,ppo,ppo,crawler,flat,action_dth_tot_plus_friction_thdot_formula,,,,,,,,,,,,,,,0.0030510344033674473,0,781,0.0,0.0,,,,,,,,,,,,,,,,,,,,,,,,,,,,,,,,,,,,,,,,,,,,,,,,,,,,,,,,,,,,,,,,,,,,,,,,,,nan,,,,,,,,,,,,,,,
311,2585.930419921875,0.025827016681432724,2.5827016681432724,2270.747230052948,10000,ppo,ppo,crawler,flat,action_dth_tot_plus_friction_thdot_formula,,,,,,,,,,,,,,,0.0030982867732170668,0,781,0.0,0.0,,,,,,,,,,,,,,,,,,,,,,,,,,,,,,,,,,,,,,,,,,,,,,,,,,,,,,,,,,,,,,,,,,,,,,,,,,nan,,,,,,,,,,,,,,,
312,2656.234130859375,0.026534713804721832,2.6534713804721832,2277.91246342659,10000,ppo,ppo,crawler,flat,action_dth_tot_plus_friction_thdot_formula,,,,,,,,,,,,,,,0.0027384737024823665,0,781,0.0,0.0,,,,,,,,,,,,,,,,,,,,,,,,,,,,,,,,,,,,,,,,,,,,,,,,,,,,,,,,,,,,,,,,,,,,,,,,,,nan,,,,,,,,,,,,,,,
313,2623.611083984375,0.02620527893304825,2.620527893304825,2285.03986787796,10000,ppo,ppo,crawler,flat,action_dth_tot_plus_friction_thdot_formula,,,,,,,,,,,,,,,0.003177010929103161,0,781,0.0,0.0,,,,,,,,,,,,,,,,,,,,,,,,,,,,,,,,,,,,,,,,,,,,,,,,,,,,,,,,,,,,,,,,,,,,,,,,,,nan,,,,,,,,,,,,,,,
314,2538.77685546875,0.02535373345017433,2.535373345017433,2292.1928486824036,10000,ppo,ppo,crawler,flat,action_dth_tot_plus_friction_thdot_formula,,,,,,,,,,,,,,,0.0034383189887635377,0,781,0.0,0.0,,,,,,,,,,,,,,,,,,,,,,,,,,,,,,,,,,,,,,,,,,,,,,,,,,,,,,,,,,,,,,,,,,,,,,,,,,nan,,,,,,,,,,,,,,,
315,2651.33447265625,0.026486610993742943,2.6486610993742943,2299.6586949825287,10000,ppo,ppo,crawler,flat,action_dth_tot_plus_friction_thdot_formula,,,,,,,,,,,,,,,0.0035764490191320317,0,781,0.0,0.0,,,,,,,,,,,,,,,,,,,,,,,,,,,,,,,,,,,,,,,,,,,,,,,,,,,,,,,,,,,,,,,,,,,,,,,,,,nan,,,,,,,,,,,,,,,
316,2547.931640625,0.02545793540775776,2.545793540775776,2306.743462562561,10000,ppo,ppo,crawler,flat,action_dth_tot_plus_friction_thdot_formula,,,,,,,,,,,,,,,0.0037142680921393866,0,781,0.0,0.0,,,,,,,,,,,,,,,,,,,,,,,,,,,,,,,,,,,,,,,,,,,,,,,,,,,,,,,,,,,,,,,,,,,,,,,,,,nan,,,,,,,,,,,,,,,
317,2614.941650390625,0.026122067123651505,2.6122067123651505,2313.924836874008,10000,ppo,ppo,crawler,flat,action_dth_tot_plus_friction_thdot_formula,,,,,,,,,,,,,,,0.0032127515324400367,0,781,0.0,0.0,,,,,,,,,,,,,,,,,,,,,,,,,,,,,,,,,,,,,,,,,,,,,,,,,,,,,,,,,,,,,,,,,,,,,,,,,,nan,,,,,,,,,,,,,,,
318,2655.0,0.026519503444433212,2.6519503444433212,2321.300548553467,10000,ppo,ppo,crawler,flat,action_dth_tot_plus_friction_thdot_formula,,,,,,,,,,,,,,,0.0023542000841624824,0,781,0.0,0.0,,,,,,,,,,,,,,,,,,,,,,,,,,,,,,,,,,,,,,,,,,,,,,,,,,,,,,,,,,,,,,,,,,,,,,,,,,nan,,,,,,,,,,,,,,,
319,2625.985595703125,0.026227861642837524,2.6227861642837524,2328.6278219223022,10000,ppo,ppo,crawler,flat,action_dth_tot_plus_friction_thdot_formula,,,,,,,,,,,,,,,0.003113819692488378,0,781,0.0,0.0,,,,,,,,,,,,,,,,,,,,,,,,,,,,,,,,,,,,,,,,,,,,,,,,,,,,,,,,,,,,,,,,,,,,,,,,,,nan,,,,,,,,,,,,,,,
320,2663.513427734375,0.026607103645801544,2.6607103645801544,2335.7098309993744,10000,ppo,ppo,crawler,flat,action_dth_tot_plus_friction_thdot_formula,,,,,,,,,,,,,,,0.0032134358013178746,0,781,0.0,0.0,,,,,,,,,,,,,,,,,,,,,,,,,,,,,,,,,,,,,,,,,,,,,,,,,,,,,,,,,,,,,,,,,,,,,,,,,,nan,,,,,,,,,,,,,,,
321,2460.159912109375,0.024574391543865204,2.4574391543865204,2343.793496131897,10000,ppo,ppo,crawler,flat,action_dth_tot_plus_friction_thdot_formula,,,,,,,,,,,,,,,0.003189929280350779,0,781,0.0,0.0,,,,,,,,,,,,,,,,,,,,,,,,,,,,,,,,,,,,,,,,,,,,,,,,,,,,,,,,,,,,,,,,,,,,,,,,,,nan,,,,,,,,,,,,,,,
322,2550.476806640625,0.02547634206712246,2.547634206712246,2351.2520871162415,10000,ppo,ppo,crawler,flat,action_dth_tot_plus_friction_thdot_formula,,,,,,,,,,,,,,,0.0031542481265624655,0,781,0.0,0.0,,,,,,,,,,,,,,,,,,,,,,,,,,,,,,,,,,,,,,,,,,,,,,,,,,,,,,,,,,,,,,,,,,,,,,,,,,nan,,,,,,,,,,,,,,,
323,2543.158935546875,0.025406746193766594,2.5406746193766594,2358.695863723755,10000,ppo,ppo,crawler,flat,action_dth_tot_plus_friction_thdot_formula,,,,,,,,,,,,,,,0.003602557465992749,0,781,0.0,0.0,,,,,,,,,,,,,,,,,,,,,,,,,,,,,,,,,,,,,,,,,,,,,,,,,,,,,,,,,,,,,,,,,,,,,,,,,,nan,,,,,,,,,,,,,,,
324,2688.22705078125,0.026849742978811264,2.6849742978811264,2365.861536502838,10000,ppo,ppo,crawler,flat,action_dth_tot_plus_friction_thdot_formula,,,,,,,,,,,,,,,0.0027685805764818437,0,781,0.0,0.0,,,,,,,,,,,,,,,,,,,,,,,,,,,,,,,,,,,,,,,,,,,,,,,,,,,,,,,,,,,,,,,,,,,,,,,,,,nan,,,,,,,,,,,,,,,
325,2649.18212890625,0.026462676003575325,2.6462676003575325,2373.201989889145,10000,ppo,ppo,crawler,flat,action_dth_tot_plus_friction_thdot_formula,,,,,,,,,,,,,,,0.002841788849284486,0,781,0.0,0.0,,,,,,,,,,,,,,,,,,,,,,,,,,,,,,,,,,,,,,,,,,,,,,,,,,,,,,,,,,,,,,,,,,,,,,,,,,nan,,,,,,,,,,,,,,,
326,2578.279296875,0.025759484618902206,2.5759484618902206,2380.4910049438477,10000,ppo,ppo,crawler,flat,action_dth_tot_plus_friction_thdot_formula,,,,,,,,,,,,,,,0.0027518926823193327,0,781,0.0,0.0,,,,,,,,,,,,,,,,,,,,,,,,,,,,,,,,,,,,,,,,,,,,,,,,,,,,,,,,,,,,,,,,,,,,,,,,,,nan,,,,,,,,,,,,,,,
327,2674.14208984375,0.02671426348388195,2.671426348388195,2387.7235958576202,10000,ppo,ppo,crawler,flat,action_dth_tot_plus_friction_thdot_formula,,,,,,,,,,,,,,,0.0033007684086909144,0,781,0.0,0.0,,,,,,,,,,,,,,,,,,,,,,,,,,,,,,,,,,,,,,,,,,,,,,,,,,,,,,,,,,,,,,,,,,,,,,,,,,nan,,,,,,,,,,,,,,,
328,2509.557373046875,0.02506989613175392,2.506989613175392,2394.8492057323456,10000,ppo,ppo,crawler,flat,action_dth_tot_plus_friction_thdot_formula,,,,,,,,,,,,,,,0.002833068672813256,0,781,0.0,0.0,,,,,,,,,,,,,,,,,,,,,,,,,,,,,,,,,,,,,,,,,,,,,,,,,,,,,,,,,,,,,,,,,,,,,,,,,,nan,,,,,,,,,,,,,,,
329,2492.796142578125,0.02489977702498436,2.489977702498436,2402.182346343994,10000,ppo,ppo,crawler,flat,action_dth_tot_plus_friction_thdot_formula,,,,,,,,,,,,,,,0.003299486800983832,0,781,0.0,0.0,,,,,,,,,,,,,,,,,,,,,,,,,,,,,,,,,,,,,,,,,,,,,,,,,,,,,,,,,,,,,,,,,,,,,,,,,,nan,,,,,,,,,,,,,,,
330,2627.0478515625,0.026240959763526917,2.6240959763526917,2409.2773582935333,10000,ppo,ppo,crawler,flat,action_dth_tot_plus_friction_thdot_formula,,,,,,,,,,,,,,,0.0035006250620750463,0,781,0.0,0.0,,,,,,,,,,,,,,,,,,,,,,,,,,,,,,,,,,,,,,,,,,,,,,,,,,,,,,,,,,,,,,,,,,,,,,,,,,nan,,,,,,,,,,,,,,,
331,2504.600341796875,0.025019284337759018,2.501928433775902,2416.504884004593,10000,ppo,ppo,crawler,flat,action_dth_tot_plus_friction_thdot_formula,,,,,,,,,,,,,,,0.0033482946205431676,0,781,0.0,0.0,,,,,,,,,,,,,,,,,,,,,,,,,,,,,,,,,,,,,,,,,,,,,,,,,,,,,,,,,,,,,,,,,,,,,,,,,,nan,,,,,,,,,,,,,,,
332,2577.321044921875,0.025743724778294563,2.5743724778294563,2423.586114883423,10000,ppo,ppo,crawler,flat,action_dth_tot_plus_friction_thdot_formula,,,,,,,,,,,,,,,0.0028316402548021384,0,781,0.0,0.0,,,,,,,,,,,,,,,,,,,,,,,,,,,,,,,,,,,,,,,,,,,,,,,,,,,,,,,,,,,,,,,,,,,,,,,,,,nan,,,,,,,,,,,,,,,
333,2579.707275390625,0.025767607614398003,2.5767607614398003,2431.0982835292816,10000,ppo,ppo,crawler,flat,action_dth_tot_plus_friction_thdot_formula,,,,,,,,,,,,,,,0.003724966692225769,0,781,0.0,0.0,,,,,,,,,,,,,,,,,,,,,,,,,,,,,,,,,,,,,,,,,,,,,,,,,,,,,,,,,,,,,,,,,,,,,,,,,,nan,,,,,,,,,,,,,,,
334,2589.447998046875,0.0258655808866024,2.58655808866024,2438.145220518112,10000,ppo,ppo,crawler,flat,action_dth_tot_plus_friction_thdot_formula,,,,,,,,,,,,,,,0.0025981460766814333,0,781,0.0,0.0,,,,,,,,,,,,,,,,,,,,,,,,,,,,,,,,,,,,,,,,,,,,,,,,,,,,,,,,,,,,,,,,,,,,,,,,,,nan,,,,,,,,,,,,,,,
335,2742.02099609375,0.02738676778972149,2.738676778972149,2445.441132068634,10000,ppo,ppo,crawler,flat,action_dth_tot_plus_friction_thdot_formula,,,,,,,,,,,,,,,0.0026056109243785073,0,781,0.0,0.0,,,,,,,,,,,,,,,,,,,,,,,,,,,,,,,,,,,,,,,,,,,,,,,,,,,,,,,,,,,,,,,,,,,,,,,,,,nan,,,,,,,,,,,,,,,
336,2580.208740234375,0.02577587217092514,2.577587217092514,2452.8135068416595,10000,ppo,ppo,crawler,flat,action_dth_tot_plus_friction_thdot_formula,,,,,,,,,,,,,,,0.0028162468643993183,0,781,0.0,0.0,,,,,,,,,,,,,,,,,,,,,,,,,,,,,,,,,,,,,,,,,,,,,,,,,,,,,,,,,,,,,,,,,,,,,,,,,,nan,,,,,,,,,,,,,,,
337,2553.4033203125,0.02550653927028179,2.550653927028179,2460.1399369239807,10000,ppo,ppo,crawler,flat,action_dth_tot_plus_friction_thdot_formula,,,,,,,,,,,,,,,0.0033708549674857343,0,781,0.0,0.0,,,,,,,,,,,,,,,,,,,,,,,,,,,,,,,,,,,,,,,,,,,,,,,,,,,,,,,,,,,,,,,,,,,,,,,,,,nan,,,,,,,,,,,,,,,
338,2500.827880859375,0.024983542039990425,2.4983542039990425,2467.1169605255127,10000,ppo,ppo,crawler,flat,action_dth_tot_plus_friction_thdot_formula,,,,,,,,,,,,,,,0.003734040108073214,0,781,0.0,0.0,,,,,,,,,,,,,,,,,,,,,,,,,,,,,,,,,,,,,,,,,,,,,,,,,,,,,,,,,,,,,,,,,,,,,,,,,,nan,,,,,,,,,,,,,,,
339,2567.47119140625,0.02564692683517933,2.564692683517933,2474.283761739731,10000,ppo,ppo,crawler,flat,action_dth_tot_plus_friction_thdot_formula,,,,,,,,,,,,,,,0.002628917366423657,0,781,0.0,0.0,,,,,,,,,,,,,,,,,,,,,,,,,,,,,,,,,,,,,,,,,,,,,,,,,,,,,,,,,,,,,,,,,,,,,,,,,,nan,,,,,,,,,,,,,,,
340,2508.361328125,0.025051472708582878,2.505147270858288,2481.6024680137634,10000,ppo,ppo,crawler,flat,action_dth_tot_plus_friction_thdot_formula,,,,,,,,,,,,,,,0.003307552539295411,0,781,0.0,0.0,,,,,,,,,,,,,,,,,,,,,,,,,,,,,,,,,,,,,,,,,,,,,,,,,,,,,,,,,,,,,,,,,,,,,,,,,,nan,,,,,,,,,,,,,,,
341,2627.094970703125,0.026245592162013054,2.6245592162013054,2489.002186536789,10000,ppo,ppo,crawler,flat,action_dth_tot_plus_friction_thdot_formula,,,,,,,,,,,,,,,0.002932004578096766,0,781,0.0,0.0,,,,,,,,,,,,,,,,,,,,,,,,,,,,,,,,,,,,,,,,,,,,,,,,,,,,,,,,,,,,,,,,,,,,,,,,,,nan,,,,,,,,,,,,,,,
342,2649.816162109375,0.026471037417650223,2.6471037417650223,2496.1683418750763,10000,ppo,ppo,crawler,flat,action_dth_tot_plus_friction_thdot_formula,,,,,,,,,,,,,,,0.003036852249845555,0,781,0.0,0.0,,,,,,,,,,,,,,,,,,,,,,,,,,,,,,,,,,,,,,,,,,,,,,,,,,,,,,,,,,,,,,,,,,,,,,,,,,nan,,,,,,,,,,,,,,,
343,2775.644775390625,0.027728868648409843,2.7728868648409843,2503.313776731491,10000,ppo,ppo,crawler,flat,action_dth_tot_plus_friction_thdot_formula,,,,,,,,,,,,,,,0.0029559933262440123,0,781,0.0,0.0,,,,,,,,,,,,,,,,,,,,,,,,,,,,,,,,,,,,,,,,,,,,,,,,,,,,,,,,,,,,,,,,,,,,,,,,,,nan,,,,,,,,,,,,,,,
344,2566.098388671875,0.025633184239268303,2.5633184239268303,2510.6969826221466,10000,ppo,ppo,crawler,flat,action_dth_tot_plus_friction_thdot_formula,,,,,,,,,,,,,,,0.0031858939535423358,0,781,0.0,0.0,,,,,,,,,,,,,,,,,,,,,,,,,,,,,,,,,,,,,,,,,,,,,,,,,,,,,,,,,,,,,,,,,,,,,,,,,,nan,,,,,,,,,,,,,,,
345,2525.854736328125,0.025230402126908302,2.5230402126908302,2517.804936647415,10000,ppo,ppo,crawler,flat,action_dth_tot_plus_friction_thdot_formula,,,,,,,,,,,,,,,0.0029660711332421662,0,781,0.0,0.0,,,,,,,,,,,,,,,,,,,,,,,,,,,,,,,,,,,,,,,,,,,,,,,,,,,,,,,,,,,,,,,,,,,,,,,,,,nan,,,,,,,,,,,,,,,
346,2594.828125,0.025925621390342712,2.5925621390342712,2525.2354300022125,10000,ppo,ppo,crawler,flat,action_dth_tot_plus_friction_thdot_formula,,,,,,,,,,,,,,,0.003218727238083058,0,781,0.0,0.0,,,,,,,,,,,,,,,,,,,,,,,,,,,,,,,,,,,,,,,,,,,,,,,,,,,,,,,,,,,,,,,,,,,,,,,,,,nan,,,,,,,,,,,,,,,
347,2550.8115234375,0.02548476867377758,2.548476867377758,2532.8180763721466,10000,ppo,ppo,crawler,flat,action_dth_tot_plus_friction_thdot_formula,,,,,,,,,,,,,,,0.0035515658281431695,0,781,0.0,0.0,,,,,,,,,,,,,,,,,,,,,,,,,,,,,,,,,,,,,,,,,,,,,,,,,,,,,,,,,,,,,,,,,,,,,,,,,,nan,,,,,,,,,,,,,,,
348,2652.657470703125,0.026497863233089447,2.6497863233089447,2540.279034614563,10000,ppo,ppo,crawler,flat,action_dth_tot_plus_friction_thdot_formula,,,,,,,,,,,,,,,0.003126676239795618,0,781,0.0,0.0,,,,,,,,,,,,,,,,,,,,,,,,,,,,,,,,,,,,,,,,,,,,,,,,,,,,,,,,,,,,,,,,,,,,,,,,,,nan,,,,,,,,,,,,,,,
349,2725.983642578125,0.027232708409428596,2.7232708409428596,2547.275407075882,10000,ppo,ppo,crawler,flat,action_dth_tot_plus_friction_thdot_formula,,,,,,,,,,,,,,,0.0026343916017021363,0,781,0.0,0.0,,,,,,,,,,,,,,,,,,,,,,,,,,,,,,,,,,,,,,,,,,,,,,,,,,,,,,,,,,,,,,,,,,,,,,,,,,nan,,,,,,,,,,,,,,,
350,2723.54296875,0.027203679084777832,2.720367908477783,2554.5870885849,10000,ppo,ppo,crawler,flat,action_dth_tot_plus_friction_thdot_formula,,,,,,,,,,,,,,,0.0026532818097695734,0,781,0.0,0.0,,,,,,,,,,,,,,,,,,,,,,,,,,,,,,,,,,,,,,,,,,,,,,,,,,,,,,,,,,,,,,,,,,,,,,,,,,nan,,,,,,,,,,,,,,,
351,2638.75634765625,0.026362407952547073,2.6362407952547073,2561.9597012996674,10000,ppo,ppo,crawler,flat,action_dth_tot_plus_friction_thdot_formula,,,,,,,,,,,,,,,0.0029179017561760333,0,781,0.0,0.0,,,,,,,,,,,,,,,,,,,,,,,,,,,,,,,,,,,,,,,,,,,,,,,,,,,,,,,,,,,,,,,,,,,,,,,,,,nan,,,,,,,,,,,,,,,
352,2559.400390625,0.025566743686795235,2.5566743686795235,2569.615417957306,10000,ppo,ppo,crawler,flat,action_dth_tot_plus_friction_thdot_formula,,,,,,,,,,,,,,,0.0033562017262095847,0,781,0.0,0.0,,,,,,,,,,,,,,,,,,,,,,,,,,,,,,,,,,,,,,,,,,,,,,,,,,,,,,,,,,,,,,,,,,,,,,,,,,nan,,,,,,,,,,,,,,,
353,2642.634521484375,0.026402758434414864,2.6402758434414864,2576.820732831955,10000,ppo,ppo,crawler,flat,action_dth_tot_plus_friction_thdot_formula,,,,,,,,,,,,,,,0.0029971198470313243,0,781,0.0,0.0,,,,,,,,,,,,,,,,,,,,,,,,,,,,,,,,,,,,,,,,,,,,,,,,,,,,,,,,,,,,,,,,,,,,,,,,,,nan,,,,,,,,,,,,,,,
354,2627.68115234375,0.0262528657913208,2.62528657913208,2584.1118092536926,10000,ppo,ppo,crawler,flat,action_dth_tot_plus_friction_thdot_formula,,,,,,,,,,,,,,,0.004053863349967492,0,781,0.0,0.0,,,,,,,,,,,,,,,,,,,,,,,,,,,,,,,,,,,,,,,,,,,,,,,,,,,,,,,,,,,,,,,,,,,,,,,,,,nan,,,,,,,,,,,,,,,
355,2657.388671875,0.026546388864517212,2.654638886451721,2591.587810754776,10000,ppo,ppo,crawler,flat,action_dth_tot_plus_friction_thdot_formula,,,,,,,,,,,,,,,0.0028959309073193678,0,781,0.0,0.0,,,,,,,,,,,,,,,,,,,,,,,,,,,,,,,,,,,,,,,,,,,,,,,,,,,,,,,,,,,,,,,,,,,,,,,,,,nan,,,,,,,,,,,,,,,
356,2464.841796875,0.024623176082968712,2.462317608296871,2598.995389699936,10000,ppo,ppo,crawler,flat,action_dth_tot_plus_friction_thdot_formula,,,,,,,,,,,,,,,0.003725725139687124,0,781,0.0,0.0,,,,,,,,,,,,,,,,,,,,,,,,,,,,,,,,,,,,,,,,,,,,,,,,,,,,,,,,,,,,,,,,,,,,,,,,,,nan,,,,,,,,,,,,,,,
357,2634.781005859375,0.0263220202177763,2.63220202177763,2606.1675403118134,10000,ppo,ppo,crawler,flat,action_dth_tot_plus_friction_thdot_formula,,,,,,,,,,,,,,,0.0028717143859618276,0,781,0.0,0.0,,,,,,,,,,,,,,,,,,,,,,,,,,,,,,,,,,,,,,,,,,,,,,,,,,,,,,,,,,,,,,,,,,,,,,,,,,nan,,,,,,,,,,,,,,,
358,2585.240234375,0.02582738548517227,2.582738548517227,2613.6316742897034,10000,ppo,ppo,crawler,flat,action_dth_tot_plus_friction_thdot_formula,,,,,,,,,,,,,,,0.0031694221193604077,0,781,0.0,0.0,,,,,,,,,,,,,,,,,,,,,,,,,,,,,,,,,,,,,,,,,,,,,,,,,,,,,,,,,,,,,,,,,,,,,,,,,,nan,,,,,,,,,,,,,,,
359,2705.866943359375,0.027029845863580704,2.7029845863580704,2621.2122271060944,10000,ppo,ppo,crawler,flat,action_dth_tot_plus_friction_thdot_formula,,,,,,,,,,,,,,,0.0026933309971205843,0,781,0.0,0.0,,,,,,,,,,,,,,,,,,,,,,,,,,,,,,,,,,,,,,,,,,,,,,,,,,,,,,,,,,,,,,,,,,,,,,,,,,nan,,,,,,,,,,,,,,,
360,2666.26904296875,0.026636110618710518,2.663611061871052,2628.511631965637,10000,ppo,ppo,crawler,flat,action_dth_tot_plus_friction_thdot_formula,,,,,,,,,,,,,,,0.002950537639868919,0,781,0.0,0.0,,,,,,,,,,,,,,,,,,,,,,,,,,,,,,,,,,,,,,,,,,,,,,,,,,,,,,,,,,,,,,,,,,,,,,,,,,nan,,,,,,,,,,,,,,,
361,2703.193115234375,0.027003692463040352,2.700369246304035,2635.9150586128235,10000,ppo,ppo,crawler,flat,action_dth_tot_plus_friction_thdot_formula,,,,,,,,,,,,,,,0.003240657051284076,0,781,0.0,0.0,,,,,,,,,,,,,,,,,,,,,,,,,,,,,,,,,,,,,,,,,,,,,,,,,,,,,,,,,,,,,,,,,,,,,,,,,,nan,,,,,,,,,,,,,,,
362,2576.4189453125,0.025735914707183838,2.573591470718384,2643.401857614517,10000,ppo,ppo,crawler,flat,action_dth_tot_plus_friction_thdot_formula,,,,,,,,,,,,,,,0.00275354084259772,0,781,0.0,0.0,,,,,,,,,,,,,,,,,,,,,,,,,,,,,,,,,,,,,,,,,,,,,,,,,,,,,,,,,,,,,,,,,,,,,,,,,,nan,,,,,,,,,,,,,,,
363,2553.693359375,0.025512179359793663,2.5512179359793663,2650.5295667648315,10000,ppo,ppo,crawler,flat,action_dth_tot_plus_friction_thdot_formula,,,,,,,,,,,,,,,0.0030545836978469153,0,781,0.0,0.0,,,,,,,,,,,,,,,,,,,,,,,,,,,,,,,,,,,,,,,,,,,,,,,,,,,,,,,,,,,,,,,,,,,,,,,,,,nan,,,,,,,,,,,,,,,
364,2599.600341796875,0.025967760011553764,2.5967760011553764,2657.72438955307,10000,ppo,ppo,crawler,flat,action_dth_tot_plus_friction_thdot_formula,,,,,,,,,,,,,,,0.0024236559100352497,0,781,0.0,0.0,,,,,,,,,,,,,,,,,,,,,,,,,,,,,,,,,,,,,,,,,,,,,,,,,,,,,,,,,,,,,,,,,,,,,,,,,,nan,,,,,,,,,,,,,,,
365,2600.75537109375,0.025981750339269638,2.598175033926964,2664.903087377548,10000,ppo,ppo,crawler,flat,action_dth_tot_plus_friction_thdot_formula,,,,,,,,,,,,,,,0.003046807738437786,0,781,0.0,0.0,,,,,,,,,,,,,,,,,,,,,,,,,,,,,,,,,,,,,,,,,,,,,,,,,,,,,,,,,,,,,,,,,,,,,,,,,,nan,,,,,,,,,,,,,,,
366,2642.850830078125,0.026397686451673508,2.6397686451673508,2672.6842885017395,10000,ppo,ppo,crawler,flat,action_dth_tot_plus_friction_thdot_formula,,,,,,,,,,,,,,,0.0029690293949955976,0,781,0.0,0.0,,,,,,,,,,,,,,,,,,,,,,,,,,,,,,,,,,,,,,,,,,,,,,,,,,,,,,,,,,,,,,,,,,,,,,,,,,nan,,,,,,,,,,,,,,,
367,2682.263427734375,0.02679373137652874,2.679373137652874,2679.8067820072174,10000,ppo,ppo,crawler,flat,action_dth_tot_plus_friction_thdot_formula,,,,,,,,,,,,,,,0.003057135401783146,0,781,0.0,0.0,,,,,,,,,,,,,,,,,,,,,,,,,,,,,,,,,,,,,,,,,,,,,,,,,,,,,,,,,,,,,,,,,,,,,,,,,,nan,,,,,,,,,,,,,,,
368,2647.5361328125,0.02645277976989746,2.645277976989746,2687.1205670833588,10000,ppo,ppo,crawler,flat,action_dth_tot_plus_friction_thdot_formula,,,,,,,,,,,,,,,0.0032182921231104235,0,781,0.0,0.0,,,,,,,,,,,,,,,,,,,,,,,,,,,,,,,,,,,,,,,,,,,,,,,,,,,,,,,,,,,,,,,,,,,,,,,,,,nan,,,,,,,,,,,,,,,
369,2720.328369140625,0.027172544971108437,2.7172544971108437,2694.4715983867645,10000,ppo,ppo,crawler,flat,action_dth_tot_plus_friction_thdot_formula,,,,,,,,,,,,,,,0.002564583042509515,0,781,0.0,0.0,,,,,,,,,,,,,,,,,,,,,,,,,,,,,,,,,,,,,,,,,,,,,,,,,,,,,,,,,,,,,,,,,,,,,,,,,,nan,,,,,,,,,,,,,,,
370,2553.742919921875,0.025509443134069443,2.5509443134069443,2701.972130060196,10000,ppo,ppo,crawler,flat,action_dth_tot_plus_friction_thdot_formula,,,,,,,,,,,,,,,0.003045950091818691,0,781,0.0,0.0,,,,,,,,,,,,,,,,,,,,,,,,,,,,,,,,,,,,,,,,,,,,,,,,,,,,,,,,,,,,,,,,,,,,,,,,,,nan,,,,,,,,,,,,,,,
371,2710.345458984375,0.027071569114923477,2.7071569114923477,2709.088919401169,10000,ppo,ppo,crawler,flat,action_dth_tot_plus_friction_thdot_formula,,,,,,,,,,,,,,,0.003616547032313662,0,781,0.0,0.0,,,,,,,,,,,,,,,,,,,,,,,,,,,,,,,,,,,,,,,,,,,,,,,,,,,,,,,,,,,,,,,,,,,,,,,,,,nan,,,,,,,,,,,,,,,
372,2685.516357421875,0.026831530034542084,2.6831530034542084,2716.5365731716156,10000,ppo,ppo,crawler,flat,action_dth_tot_plus_friction_thdot_formula,,,,,,,,,,,,,,,0.0029507779678977935,0,781,0.0,0.0,,,,,,,,,,,,,,,,,,,,,,,,,,,,,,,,,,,,,,,,,,,,,,,,,,,,,,,,,,,,,,,,,,,,,,,,,,nan,,,,,,,,,,,,,,,
373,2644.437255859375,0.02642117254436016,2.642117254436016,2723.828505039215,10000,ppo,ppo,crawler,flat,action_dth_tot_plus_friction_thdot_formula,,,,,,,,,,,,,,,0.0033182009912087617,0,781,0.0,0.0,,,,,,,,,,,,,,,,,,,,,,,,,,,,,,,,,,,,,,,,,,,,,,,,,,,,,,,,,,,,,,,,,,,,,,,,,,nan,,,,,,,,,,,,,,,
374,2656.643798828125,0.026535753160715103,2.6535753160715103,2731.1681637763977,10000,ppo,ppo,crawler,flat,action_dth_tot_plus_friction_thdot_formula,,,,,,,,,,,,,,,0.003569058961683357,0,781,0.0,0.0,,,,,,,,,,,,,,,,,,,,,,,,,,,,,,,,,,,,,,,,,,,,,,,,,,,,,,,,,,,,,,,,,,,,,,,,,,nan,,,,,,,,,,,,,,,
375,2597.593505859375,0.025950578972697258,2.595057897269726,2738.2499430179596,10000,ppo,ppo,crawler,flat,action_dth_tot_plus_friction_thdot_formula,,,,,,,,,,,,,,,0.0032945698635517317,0,781,0.0,0.0,,,,,,,,,,,,,,,,,,,,,,,,,,,,,,,,,,,,,,,,,,,,,,,,,,,,,,,,,,,,,,,,,,,,,,,,,,nan,,,,,,,,,,,,,,,
376,2721.567626953125,0.027187524363398552,2.718752436339855,2745.680643796921,10000,ppo,ppo,crawler,flat,action_dth_tot_plus_friction_thdot_formula,,,,,,,,,,,,,,,0.002479011339070478,0,781,0.0,0.0,,,,,,,,,,,,,,,,,,,,,,,,,,,,,,,,,,,,,,,,,,,,,,,,,,,,,,,,,,,,,,,,,,,,,,,,,,nan,,,,,,,,,,,,,,,
377,2709.05712890625,0.02706006169319153,2.706006169319153,2752.960697412491,10000,ppo,ppo,crawler,flat,action_dth_tot_plus_friction_thdot_formula,,,,,,,,,,,,,,,0.002541074421408523,0,781,0.0,0.0,,,,,,,,,,,,,,,,,,,,,,,,,,,,,,,,,,,,,,,,,,,,,,,,,,,,,,,,,,,,,,,,,,,,,,,,,,nan,,,,,,,,,,,,,,,
378,2744.689453125,0.027422282844781876,2.7422282844781876,2760.214391231537,10000,ppo,ppo,crawler,flat,action_dth_tot_plus_friction_thdot_formula,,,,,,,,,,,,,,,0.003416428311531779,0,781,0.0,0.0,,,,,,,,,,,,,,,,,,,,,,,,,,,,,,,,,,,,,,,,,,,,,,,,,,,,,,,,,,,,,,,,,,,,,,,,,,nan,,,,,,,,,,,,,,,
379,2704.194091796875,0.027007589116692543,2.7007589116692543,2767.5836868286133,10000,ppo,ppo,crawler,flat,action_dth_tot_plus_friction_thdot_formula,,,,,,,,,,,,,,,0.002591007843647312,0,781,0.0,0.0,,,,,,,,,,,,,,,,,,,,,,,,,,,,,,,,,,,,,,,,,,,,,,,,,,,,,,,,,,,,,,,,,,,,,,,,,,nan,,,,,,,,,,,,,,,
380,2587.791748046875,0.025844896212220192,2.584489621222019,2774.778660058975,10000,ppo,ppo,crawler,flat,action_dth_tot_plus_friction_thdot_formula,,,,,,,,,,,,,,,0.003513308850348964,0,781,0.0,0.0,,,,,,,,,,,,,,,,,,,,,,,,,,,,,,,,,,,,,,,,,,,,,,,,,,,,,,,,,,,,,,,,,,,,,,,,,,nan,,,,,,,,,,,,,,,
381,2650.184326171875,0.026471957564353943,2.6471957564353943,2782.1254591941833,10000,ppo,ppo,crawler,flat,action_dth_tot_plus_friction_thdot_formula,,,,,,,,,,,,,,,0.003522863272692598,0,781,0.0,0.0,,,,,,,,,,,,,,,,,,,,,,,,,,,,,,,,,,,,,,,,,,,,,,,,,,,,,,,,,,,,,,,,,,,,,,,,,,nan,,,,,,,,,,,,,,,
382,2872.668701171875,0.028695976361632347,2.8695976361632347,2789.292539834976,10000,ppo,ppo,crawler,flat,action_dth_tot_plus_friction_thdot_formula,,,,,,,,,,,,,,,0.0032689561553507513,0,781,0.0,0.0,,,,,,,,,,,,,,,,,,,,,,,,,,,,,,,,,,,,,,,,,,,,,,,,,,,,,,,,,,,,,,,,,,,,,,,,,,nan,,,,,,,,,,,,,,,
383,2713.356201171875,0.027102148160338402,2.71021481603384,2796.533798933029,10000,ppo,ppo,crawler,flat,action_dth_tot_plus_friction_thdot_formula,,,,,,,,,,,,,,,0.0039007279817098407,0,781,0.0,0.0,,,,,,,,,,,,,,,,,,,,,,,,,,,,,,,,,,,,,,,,,,,,,,,,,,,,,,,,,,,,,,,,,,,,,,,,,,nan,,,,,,,,,,,,,,,
384,2789.984130859375,0.027872998267412186,2.7872998267412186,2803.7505342960358,10000,ppo,ppo,crawler,flat,action_dth_tot_plus_friction_thdot_formula,,,,,,,,,,,,,,,0.0030339391061469136,0,781,0.0,0.0,,,,,,,,,,,,,,,,,,,,,,,,,,,,,,,,,,,,,,,,,,,,,,,,,,,,,,,,,,,,,,,,,,,,,,,,,,nan,,,,,,,,,,,,,,,
385,2788.12548828125,0.027851220220327377,2.7851220220327377,2810.9794297218323,10000,ppo,ppo,crawler,flat,action_dth_tot_plus_friction_thdot_formula,,,,,,,,,,,,,,,0.003870374629419791,0,781,0.0,0.0,,,,,,,,,,,,,,,,,,,,,,,,,,,,,,,,,,,,,,,,,,,,,,,,,,,,,,,,,,,,,,,,,,,,,,,,,,nan,,,,,,,,,,,,,,,
386,2742.560302734375,0.02740023471415043,2.740023471415043,2818.2696528434753,10000,ppo,ppo,crawler,flat,action_dth_tot_plus_friction_thdot_formula,,,,,,,,,,,,,,,0.0028221458398615383,0,781,0.0,0.0,,,,,,,,,,,,,,,,,,,,,,,,,,,,,,,,,,,,,,,,,,,,,,,,,,,,,,,,,,,,,,,,,,,,,,,,,,nan,,,,,,,,,,,,,,,
387,2702.009521484375,0.02698799967765808,2.698799967765808,2825.7572395801544,10000,ppo,ppo,crawler,flat,action_dth_tot_plus_friction_thdot_formula,,,,,,,,,,,,,,,0.0033170468488138137,0,781,0.0,0.0,,,,,,,,,,,,,,,,,,,,,,,,,,,,,,,,,,,,,,,,,,,,,,,,,,,,,,,,,,,,,,,,,,,,,,,,,,nan,,,,,,,,,,,,,,,
388,2763.100341796875,0.02760576643049717,2.760576643049717,2832.965045928955,10000,ppo,ppo,crawler,flat,action_dth_tot_plus_friction_thdot_formula,,,,,,,,,,,,,,,0.0028499175724960987,0,781,0.0,0.0,,,,,,,,,,,,,,,,,,,,,,,,,,,,,,,,,,,,,,,,,,,,,,,,,,,,,,,,,,,,,,,,,,,,,,,,,,nan,,,,,,,,,,,,,,,
389,2657.281982421875,0.026549695059657097,2.6549695059657097,2840.3825600147247,10000,ppo,ppo,crawler,flat,action_dth_tot_plus_friction_thdot_formula,,,,,,,,,,,,,,,0.003897094874720002,0,781,0.0,0.0,,,,,,,,,,,,,,,,,,,,,,,,,,,,,,,,,,,,,,,,,,,,,,,,,,,,,,,,,,,,,,,,,,,,,,,,,,nan,,,,,,,,,,,,,,,
390,2727.892578125,0.027247589081525803,2.7247589081525803,2847.492074251175,10000,ppo,ppo,crawler,flat,action_dth_tot_plus_friction_thdot_formula,,,,,,,,,,,,,,,0.003378580335531236,0,781,0.0,0.0,,,,,,,,,,,,,,,,,,,,,,,,,,,,,,,,,,,,,,,,,,,,,,,,,,,,,,,,,,,,,,,,,,,,,,,,,,nan,,,,,,,,,,,,,,,
391,2617.613037109375,0.026150548830628395,2.6150548830628395,2854.908205986023,10000,ppo,ppo,crawler,flat,action_dth_tot_plus_friction_thdot_formula,,,,,,,,,,,,,,,0.003966610176748419,0,781,0.0,0.0,,,,,,,,,,,,,,,,,,,,,,,,,,,,,,,,,,,,,,,,,,,,,,,,,,,,,,,,,,,,,,,,,,,,,,,,,,nan,,,,,,,,,,,,,,,
392,2691.6630859375,0.026881230995059013,2.6881230995059013,2862.145091533661,10000,ppo,ppo,crawler,flat,action_dth_tot_plus_friction_thdot_formula,,,,,,,,,,,,,,,0.003829627297259688,0,781,0.0,0.0,,,,,,,,,,,,,,,,,,,,,,,,,,,,,,,,,,,,,,,,,,,,,,,,,,,,,,,,,,,,,,,,,,,,,,,,,,nan,,,,,,,,,,,,,,,
393,2564.598388671875,0.02561863325536251,2.561863325536251,2869.2639288902283,10000,ppo,ppo,crawler,flat,action_dth_tot_plus_friction_thdot_formula,,,,,,,,,,,,,,,0.003618293425286482,0,781,0.0,0.0,,,,,,,,,,,,,,,,,,,,,,,,,,,,,,,,,,,,,,,,,,,,,,,,,,,,,,,,,,,,,,,,,,,,,,,,,,nan,,,,,,,,,,,,,,,
394,2699.47705078125,0.026968233287334442,2.696823328733444,2876.481376171112,10000,ppo,ppo,crawler,flat,action_dth_tot_plus_friction_thdot_formula,,,,,,,,,,,,,,,0.0039480242028336965,0,781,0.0,0.0,,,,,,,,,,,,,,,,,,,,,,,,,,,,,,,,,,,,,,,,,,,,,,,,,,,,,,,,,,,,,,,,,,,,,,,,,,nan,,,,,,,,,,,,,,,
395,2786.5703125,0.027839604765176773,2.7839604765176773,2883.9605412483215,10000,ppo,ppo,crawler,flat,action_dth_tot_plus_friction_thdot_formula,,,,,,,,,,,,,,,0.0033944105731622074,0,781,0.0,0.0,,,,,,,,,,,,,,,,,,,,,,,,,,,,,,,,,,,,,,,,,,,,,,,,,,,,,,,,,,,,,,,,,,,,,,,,,,nan,,,,,,,,,,,,,,,
396,2710.225341796875,0.027077611535787582,2.7077611535787582,2891.2662410736084,10000,ppo,ppo,crawler,flat,action_dth_tot_plus_friction_thdot_formula,,,,,,,,,,,,,,,0.003724246120027287,0,781,0.0,0.0,,,,,,,,,,,,,,,,,,,,,,,,,,,,,,,,,,,,,,,,,,,,,,,,,,,,,,,,,,,,,,,,,,,,,,,,,,nan,,,,,,,,,,,,,,,
397,2688.4677734375,0.026858968660235405,2.6858968660235405,2898.776599884033,10000,ppo,ppo,crawler,flat,action_dth_tot_plus_friction_thdot_formula,,,,,,,,,,,,,,,0.003343006099713489,0,781,0.0,0.0,,,,,,,,,,,,,,,,,,,,,,,,,,,,,,,,,,,,,,,,,,,,,,,,,,,,,,,,,,,,,,,,,,,,,,,,,,nan,,,,,,,,,,,,,,,
398,2669.180419921875,0.02666885033249855,2.666885033249855,2906.042957544327,10000,ppo,ppo,crawler,flat,action_dth_tot_plus_friction_thdot_formula,,,,,,,,,,,,,,,0.00322633503518716,0,781,0.0,0.0,,,,,,,,,,,,,,,,,,,,,,,,,,,,,,,,,,,,,,,,,,,,,,,,,,,,,,,,,,,,,,,,,,,,,,,,,,nan,,,,,,,,,,,,,,,
399,2723.071044921875,0.027203844860196114,2.7203844860196114,2913.3438913822174,10000,ppo,ppo,crawler,flat,action_dth_tot_plus_friction_thdot_formula,,,,,,,,,,,,,,,0.003298981858096318,0,781,0.0,0.0,,,,,,,,,,,,,,,,,,,,,,,,,,,,,,,,,,,,,,,,,,,,,,,,,,,,,,,,,,,,,,,,,,,,,,,,,,nan,,,,,,,,,,,,,,,
400,2637.208740234375,0.0263433288782835,2.63433288782835,2920.4833302497864,10000,ppo,ppo,crawler,flat,action_dth_tot_plus_friction_thdot_formula,,,,,,,,,,,,,,,0.0032864844135250823,0,781,0.0,0.0,,,,,,,,,,,,,,,,,,,,,,,,,,,,,,,,,,,,,,,,,,,,,,,,,,,,,,,,,,,,,,,,,,,,,,,,,,nan,,,,,,,,,,,,,,,
401,2738.397216796875,0.027356242761015892,2.735624276101589,2927.840781211853,10000,ppo,ppo,crawler,flat,action_dth_tot_plus_friction_thdot_formula,,,,,,,,,,,,,,,0.0031899725820806004,0,781,0.0,0.0,,,,,,,,,,,,,,,,,,,,,,,,,,,,,,,,,,,,,,,,,,,,,,,,,,,,,,,,,,,,,,,,,,,,,,,,,,nan,,,,,,,,,,,,,,,
402,2746.070068359375,0.027432821691036224,2.7432821691036224,2935.063905954361,10000,ppo,ppo,crawler,flat,action_dth_tot_plus_friction_thdot_formula,,,,,,,,,,,,,,,0.003328581864927107,0,781,0.0,0.0,,,,,,,,,,,,,,,,,,,,,,,,,,,,,,,,,,,,,,,,,,,,,,,,,,,,,,,,,,,,,,,,,,,,,,,,,,nan,,,,,,,,,,,,,,,
403,2779.867919921875,0.02777218632400036,2.777218632400036,2942.310727119446,10000,ppo,ppo,crawler,flat,action_dth_tot_plus_friction_thdot_formula,,,,,,,,,,,,,,,0.0045774043469854345,0,781,0.0,0.0,,,,,,,,,,,,,,,,,,,,,,,,,,,,,,,,,,,,,,,,,,,,,,,,,,,,,,,,,,,,,,,,,,,,,,,,,,nan,,,,,,,,,,,,,,,
404,2715.941162109375,0.02713095396757126,2.713095396757126,2949.507436275482,10000,ppo,ppo,crawler,flat,action_dth_tot_plus_friction_thdot_formula,,,,,,,,,,,,,,,0.0034583647830144083,0,781,0.0,0.0,,,,,,,,,,,,,,,,,,,,,,,,,,,,,,,,,,,,,,,,,,,,,,,,,,,,,,,,,,,,,,,,,,,,,,,,,,nan,,,,,,,,,,,,,,,
405,2723.29736328125,0.027202581986784935,2.7202581986784935,2956.942715406418,10000,ppo,ppo,crawler,flat,action_dth_tot_plus_friction_thdot_formula,,,,,,,,,,,,,,,0.003709762662858732,0,781,0.0,0.0,,,,,,,,,,,,,,,,,,,,,,,,,,,,,,,,,,,,,,,,,,,,,,,,,,,,,,,,,,,,,,,,,,,,,,,,,,nan,,,,,,,,,,,,,,,
406,2736.1953125,0.027337437495589256,2.7337437495589256,2964.149720430374,10000,ppo,ppo,crawler,flat,action_dth_tot_plus_friction_thdot_formula,,,,,,,,,,,,,,,0.0029481264846649845,0,781,0.0,0.0,,,,,,,,,,,,,,,,,,,,,,,,,,,,,,,,,,,,,,,,,,,,,,,,,,,,,,,,,,,,,,,,,,,,,,,,,,nan,,,,,,,,,,,,,,,
407,2576.447265625,0.025739967823028564,2.5739967823028564,2971.424432992935,10000,ppo,ppo,crawler,flat,action_dth_tot_plus_friction_thdot_formula,,,,,,,,,,,,,,,0.0032430565771041616,0,781,0.0,0.0,,,,,,,,,,,,,,,,,,,,,,,,,,,,,,,,,,,,,,,,,,,,,,,,,,,,,,,,,,,,,,,,,,,,,,,,,,nan,,,,,,,,,,,,,,,
408,2679.946533203125,0.02677272818982601,2.677272818982601,2978.549701690674,10000,ppo,ppo,crawler,flat,action_dth_tot_plus_friction_thdot_formula,,,,,,,,,,,,,,,0.002670157332116113,0,781,0.0,0.0,,,,,,,,,,,,,,,,,,,,,,,,,,,,,,,,,,,,,,,,,,,,,,,,,,,,,,,,,,,,,,,,,,,,,,,,,,nan,,,,,,,,,,,,,,,
409,2613.429443359375,0.026106970384716988,2.6106970384716988,2985.8507022857666,10000,ppo,ppo,crawler,flat,action_dth_tot_plus_friction_thdot_formula,,,,,,,,,,,,,,,0.0026643390259878394,0,781,0.0,0.0,,,,,,,,,,,,,,,,,,,,,,,,,,,,,,,,,,,,,,,,,,,,,,,,,,,,,,,,,,,,,,,,,,,,,,,,,,nan,,,,,,,,,,,,,,,
410,2714.722412109375,0.02712293341755867,2.712293341755867,2992.97767829895,10000,ppo,ppo,crawler,flat,action_dth_tot_plus_friction_thdot_formula,,,,,,,,,,,,,,,0.0032186833130989924,0,781,0.0,0.0,,,,,,,,,,,,,,,,,,,,,,,,,,,,,,,,,,,,,,,,,,,,,,,,,,,,,,,,,,,,,,,,,,,,,,,,,,nan,,,,,,,,,,,,,,,
411,2686.990966796875,0.026839349418878555,2.6839349418878555,3000.2975759506226,10000,ppo,ppo,crawler,flat,action_dth_tot_plus_friction_thdot_formula,,,,,,,,,,,,,,,0.003445779728795916,0,781,0.0,0.0,,,,,,,,,,,,,,,,,,,,,,,,,,,,,,,,,,,,,,,,,,,,,,,,,,,,,,,,,,,,,,,,,,,,,,,,,,nan,,,,,,,,,,,,,,,
412,2636.420166015625,0.02633723057806492,2.633723057806492,3007.417568922043,10000,ppo,ppo,crawler,flat,action_dth_tot_plus_friction_thdot_formula,,,,,,,,,,,,,,,0.003625847564951461,0,781,0.0,0.0,,,,,,,,,,,,,,,,,,,,,,,,,,,,,,,,,,,,,,,,,,,,,,,,,,,,,,,,,,,,,,,,,,,,,,,,,,nan,,,,,,,,,,,,,,,
413,2645.791748046875,0.02642812393605709,2.642812393605709,3014.747590780258,10000,ppo,ppo,crawler,flat,action_dth_tot_plus_friction_thdot_formula,,,,,,,,,,,,,,,0.00331437744160878,0,781,0.0,0.0,,,,,,,,,,,,,,,,,,,,,,,,,,,,,,,,,,,,,,,,,,,,,,,,,,,,,,,,,,,,,,,,,,,,,,,,,,nan,,,,,,,,,,,,,,,
414,2635.63134765625,0.02633107826113701,2.633107826113701,3021.8567378520966,10000,ppo,ppo,crawler,flat,action_dth_tot_plus_friction_thdot_formula,,,,,,,,,,,,,,,0.0030662908900225662,0,781,0.0,0.0,,,,,,,,,,,,,,,,,,,,,,,,,,,,,,,,,,,,,,,,,,,,,,,,,,,,,,,,,,,,,,,,,,,,,,,,,,nan,,,,,,,,,,,,,,,
415,2673.67578125,0.026713192462921143,2.6713192462921143,3029.0755531787872,10000,ppo,ppo,crawler,flat,action_dth_tot_plus_friction_thdot_formula,,,,,,,,,,,,,,,0.0031727136893596776,0,781,0.0,0.0,,,,,,,,,,,,,,,,,,,,,,,,,,,,,,,,,,,,,,,,,,,,,,,,,,,,,,,,,,,,,,,,,,,,,,,,,,nan,,,,,,,,,,,,,,,
416,2513.622802734375,0.025107063353061676,2.5107063353061676,3036.3519327640533,10000,ppo,ppo,crawler,flat,action_dth_tot_plus_friction_thdot_formula,,,,,,,,,,,,,,,0.0034111298083863728,0,781,0.0,0.0,,,,,,,,,,,,,,,,,,,,,,,,,,,,,,,,,,,,,,,,,,,,,,,,,,,,,,,,,,,,,,,,,,,,,,,,,,nan,,,,,,,,,,,,,,,
417,2748.495849609375,0.027454908937215805,2.7454908937215805,3043.636596918106,10000,ppo,ppo,crawler,flat,action_dth_tot_plus_friction_thdot_formula,,,,,,,,,,,,,,,0.003422313696250472,0,781,0.0,0.0,,,,,,,,,,,,,,,,,,,,,,,,,,,,,,,,,,,,,,,,,,,,,,,,,,,,,,,,,,,,,,,,,,,,,,,,,,nan,,,,,,,,,,,,,,,
418,2703.583740234375,0.027008555829524994,2.7008555829524994,3050.9434337615967,10000,ppo,ppo,crawler,flat,action_dth_tot_plus_friction_thdot_formula,,,,,,,,,,,,,,,0.0033804059498013257,0,781,0.0,0.0,,,,,,,,,,,,,,,,,,,,,,,,,,,,,,,,,,,,,,,,,,,,,,,,,,,,,,,,,,,,,,,,,,,,,,,,,,nan,,,,,,,,,,,,,,,
419,2613.194580078125,0.026101943105459213,2.6101943105459213,3058.07474732399,10000,ppo,ppo,crawler,flat,action_dth_tot_plus_friction_thdot_formula,,,,,,,,,,,,,,,0.0030711544945921927,0,781,0.0,0.0,,,,,,,,,,,,,,,,,,,,,,,,,,,,,,,,,,,,,,,,,,,,,,,,,,,,,,,,,,,,,,,,,,,,,,,,,,nan,,,,,,,,,,,,,,,
420,2682.485107421875,0.026796063408255577,2.6796063408255577,3065.290657520294,10000,ppo,ppo,crawler,flat,action_dth_tot_plus_friction_thdot_formula,,,,,,,,,,,,,,,0.003114757530892652,0,781,0.0,0.0,,,,,,,,,,,,,,,,,,,,,,,,,,,,,,,,,,,,,,,,,,,,,,,,,,,,,,,,,,,,,,,,,,,,,,,,,,nan,,,,,,,,,,,,,,,
421,2775.00439453125,0.027720507234334946,2.7720507234334946,3072.4769740104675,10000,ppo,ppo,crawler,flat,action_dth_tot_plus_friction_thdot_formula,,,,,,,,,,,,,,,0.003132485625693019,0,781,0.0,0.0,,,,,,,,,,,,,,,,,,,,,,,,,,,,,,,,,,,,,,,,,,,,,,,,,,,,,,,,,,,,,,,,,,,,,,,,,,nan,,,,,,,,,,,,,,,
422,2578.851318359375,0.025763830170035362,2.5763830170035362,3079.8999140262604,10000,ppo,ppo,crawler,flat,action_dth_tot_plus_friction_thdot_formula,,,,,,,,,,,,,,,0.0028345371010637557,0,781,0.0,0.0,,,,,,,,,,,,,,,,,,,,,,,,,,,,,,,,,,,,,,,,,,,,,,,,,,,,,,,,,,,,,,,,,,,,,,,,,,nan,,,,,,,,,,,,,,,
423,2576.40087890625,0.025734269991517067,2.5734269991517067,3087.255164384842,10000,ppo,ppo,crawler,flat,action_dth_tot_plus_friction_thdot_formula,,,,,,,,,,,,,,,0.002997825371841429,0,781,0.0,0.0,,,,,,,,,,,,,,,,,,,,,,,,,,,,,,,,,,,,,,,,,,,,,,,,,,,,,,,,,,,,,,,,,,,,,,,,,,nan,,,,,,,,,,,,,,,
424,2787.0458984375,0.027838561683893204,2.7838561683893204,3094.6138875484467,10000,ppo,ppo,crawler,flat,action_dth_tot_plus_friction_thdot_formula,,,,,,,,,,,,,,,0.0033595867371308845,0,781,0.0,0.0,,,,,,,,,,,,,,,,,,,,,,,,,,,,,,,,,,,,,,,,,,,,,,,,,,,,,,,,,,,,,,,,,,,,,,,,,,nan,,,,,,,,,,,,,,,
425,2606.846923828125,0.026043040677905083,2.6043040677905083,3101.7655186653137,10000,ppo,ppo,crawler,flat,action_dth_tot_plus_friction_thdot_formula,,,,,,,,,,,,,,,0.003648413217548405,0,781,0.0,0.0,,,,,,,,,,,,,,,,,,,,,,,,,,,,,,,,,,,,,,,,,,,,,,,,,,,,,,,,,,,,,,,,,,,,,,,,,,nan,,,,,,,,,,,,,,,
426,2519.856689453125,0.025168493390083313,2.5168493390083313,3109.3201904296875,10000,ppo,ppo,crawler,flat,action_dth_tot_plus_friction_thdot_formula,,,,,,,,,,,,,,,0.003586146529992296,0,781,0.0,0.0,,,,,,,,,,,,,,,,,,,,,,,,,,,,,,,,,,,,,,,,,,,,,,,,,,,,,,,,,,,,,,,,,,,,,,,,,,nan,,,,,,,,,,,,,,,
427,2595.09228515625,0.025925353169441223,2.5925353169441223,3116.5106451511383,10000,ppo,ppo,crawler,flat,action_dth_tot_plus_friction_thdot_formula,,,,,,,,,,,,,,,0.0030712830428574855,0,781,0.0,0.0,,,,,,,,,,,,,,,,,,,,,,,,,,,,,,,,,,,,,,,,,,,,,,,,,,,,,,,,,,,,,,,,,,,,,,,,,,nan,,,,,,,,,,,,,,,
428,2671.64697265625,0.026691580191254616,2.6691580191254616,3123.76455450058,10000,ppo,ppo,crawler,flat,action_dth_tot_plus_friction_thdot_formula,,,,,,,,,,,,,,,0.003711865578313619,0,781,0.0,0.0,,,,,,,,,,,,,,,,,,,,,,,,,,,,,,,,,,,,,,,,,,,,,,,,,,,,,,,,,,,,,,,,,,,,,,,,,,nan,,,,,,,,,,,,,,,
429,2592.637939453125,0.02589649334549904,2.589649334549904,3130.81418466568,10000,ppo,ppo,crawler,flat,action_dth_tot_plus_friction_thdot_formula,,,,,,,,,,,,,,,0.0034832298238708062,0,781,0.0,0.0,,,,,,,,,,,,,,,,,,,,,,,,,,,,,,,,,,,,,,,,,,,,,,,,,,,,,,,,,,,,,,,,,,,,,,,,,,nan,,,,,,,,,,,,,,,
430,2631.251708984375,0.026287639513611794,2.6287639513611794,3138.3587589263916,10000,ppo,ppo,crawler,flat,action_dth_tot_plus_friction_thdot_formula,,,,,,,,,,,,,,,0.0030835779495498525,0,781,0.0,0.0,,,,,,,,,,,,,,,,,,,,,,,,,,,,,,,,,,,,,,,,,,,,,,,,,,,,,,,,,,,,,,,,,,,,,,,,,,nan,,,,,,,,,,,,,,,
431,2565.2109375,0.025625204667448997,2.5625204667448997,3145.562824487686,10000,ppo,ppo,crawler,flat,action_dth_tot_plus_friction_thdot_formula,,,,,,,,,,,,,,,0.0030184435466913775,0,781,0.0,0.0,,,,,,,,,,,,,,,,,,,,,,,,,,,,,,,,,,,,,,,,,,,,,,,,,,,,,,,,,,,,,,,,,,,,,,,,,,nan,,,,,,,,,,,,,,,
432,2508.703125,0.025060122832655907,2.5060122832655907,3152.7956891059875,10000,ppo,ppo,crawler,flat,action_dth_tot_plus_friction_thdot_formula,,,,,,,,,,,,,,,0.003507476174642264,0,781,0.0,0.0,,,,,,,,,,,,,,,,,,,,,,,,,,,,,,,,,,,,,,,,,,,,,,,,,,,,,,,,,,,,,,,,,,,,,,,,,,nan,,,,,,,,,,,,,,,
433,2546.61572265625,0.025438958778977394,2.5438958778977394,3160.099235057831,10000,ppo,ppo,crawler,flat,action_dth_tot_plus_friction_thdot_formula,,,,,,,,,,,,,,,0.0034123935266657255,0,781,0.0,0.0,,,,,,,,,,,,,,,,,,,,,,,,,,,,,,,,,,,,,,,,,,,,,,,,,,,,,,,,,,,,,,,,,,,,,,,,,,nan,,,,,,,,,,,,,,,
434,2526.81298828125,0.025239141657948494,2.5239141657948494,3167.333119869232,10000,ppo,ppo,crawler,flat,action_dth_tot_plus_friction_thdot_formula,,,,,,,,,,,,,,,0.003510117102948002,0,781,0.0,0.0,,,,,,,,,,,,,,,,,,,,,,,,,,,,,,,,,,,,,,,,,,,,,,,,,,,,,,,,,,,,,,,,,,,,,,,,,,nan,,,,,,,,,,,,,,,
435,2452.20361328125,0.024494756013154984,2.4494756013154984,3174.583110809326,10000,ppo,ppo,crawler,flat,action_dth_tot_plus_friction_thdot_formula,,,,,,,,,,,,,,,0.0048121578046228025,0,781,0.0,0.0,,,,,,,,,,,,,,,,,,,,,,,,,,,,,,,,,,,,,,,,,,,,,,,,,,,,,,,,,,,,,,,,,,,,,,,,,,nan,,,,,,,,,,,,,,,
436,2499.85546875,0.02496970444917679,2.496970444917679,3181.7764823436737,10000,ppo,ppo,crawler,flat,action_dth_tot_plus_friction_thdot_formula,,,,,,,,,,,,,,,0.0038006863714507024,0,781,0.0,0.0,,,,,,,,,,,,,,,,,,,,,,,,,,,,,,,,,,,,,,,,,,,,,,,,,,,,,,,,,,,,,,,,,,,,,,,,,,nan,,,,,,,,,,,,,,,
437,2565.53955078125,0.02562883496284485,2.562883496284485,3188.9916203022003,10000,ppo,ppo,crawler,flat,action_dth_tot_plus_friction_thdot_formula,,,,,,,,,,,,,,,0.0027822082962202224,0,781,0.0,0.0,,,,,,,,,,,,,,,,,,,,,,,,,,,,,,,,,,,,,,,,,,,,,,,,,,,,,,,,,,,,,,,,,,,,,,,,,,nan,,,,,,,,,,,,,,,
438,2560.73828125,0.02557828091084957,2.557828091084957,3195.7473618984222,10000,ppo,ppo,crawler,flat,action_dth_tot_plus_friction_thdot_formula,,,,,,,,,,,,,,,0.0036557654766115467,0,781,0.0,0.0,,,,,,,,,,,,,,,,,,,,,,,,,,,,,,,,,,,,,,,,,,,,,,,,,,,,,,,,,,,,,,,,,,,,,,,,,,nan,,,,,,,,,,,,,,,
439,2649.26025390625,0.026464512571692467,2.6464512571692467,3202.3628306388855,10000,ppo,ppo,crawler,flat,action_dth_tot_plus_friction_thdot_formula,,,,,,,,,,,,,,,0.0032353640142181307,0,781,0.0,0.0,,,,,,,,,,,,,,,,,,,,,,,,,,,,,,,,,,,,,,,,,,,,,,,,,,,,,,,,,,,,,,,,,,,,,,,,,,nan,,,,,,,,,,,,,,,
440,2612.527099609375,0.026098601520061493,2.6098601520061493,3208.9868483543396,10000,ppo,ppo,crawler,flat,action_dth_tot_plus_friction_thdot_formula,,,,,,,,,,,,,,,0.003070234994768617,0,781,0.0,0.0,,,,,,,,,,,,,,,,,,,,,,,,,,,,,,,,,,,,,,,,,,,,,,,,,,,,,,,,,,,,,,,,,,,,,,,,,,nan,,,,,,,,,,,,,,,
441,2636.558349609375,0.02633923850953579,2.633923850953579,3216.2319543361664,10000,ppo,ppo,crawler,flat,action_dth_tot_plus_friction_thdot_formula,,,,,,,,,,,,,,,0.0028564464484586495,0,781,0.0,0.0,,,,,,,,,,,,,,,,,,,,,,,,,,,,,,,,,,,,,,,,,,,,,,,,,,,,,,,,,,,,,,,,,,,,,,,,,,nan,,,,,,,,,,,,,,,
442,2687.766357421875,0.026848632842302322,2.6848632842302322,3223.1639506816864,10000,ppo,ppo,crawler,flat,action_dth_tot_plus_friction_thdot_formula,,,,,,,,,,,,,,,0.0030008788148216097,0,781,0.0,0.0,,,,,,,,,,,,,,,,,,,,,,,,,,,,,,,,,,,,,,,,,,,,,,,,,,,,,,,,,,,,,,,,,,,,,,,,,,nan,,,,,,,,,,,,,,,
443,2685.547607421875,0.02682894468307495,2.682894468307495,3230.2519097328186,10000,ppo,ppo,crawler,flat,action_dth_tot_plus_friction_thdot_formula,,,,,,,,,,,,,,,0.003690315185154391,0,781,0.0,0.0,,,,,,,,,,,,,,,,,,,,,,,,,,,,,,,,,,,,,,,,,,,,,,,,,,,,,,,,,,,,,,,,,,,,,,,,,,nan,,,,,,,,,,,,,,,
444,2533.457275390625,0.025309571996331215,2.5309571996331215,3237.325607776642,10000,ppo,ppo,crawler,flat,action_dth_tot_plus_friction_thdot_formula,,,,,,,,,,,,,,,0.0030446843647787994,0,781,0.0,0.0,,,,,,,,,,,,,,,,,,,,,,,,,,,,,,,,,,,,,,,,,,,,,,,,,,,,,,,,,,,,,,,,,,,,,,,,,,nan,,,,,,,,,,,,,,,
445,2678.113037109375,0.02674969658255577,2.674969658255577,3244.6852362155914,10000,ppo,ppo,crawler,flat,action_dth_tot_plus_friction_thdot_formula,,,,,,,,,,,,,,,0.0037391598573551965,0,781,0.0,0.0,,,,,,,,,,,,,,,,,,,,,,,,,,,,,,,,,,,,,,,,,,,,,,,,,,,,,,,,,,,,,,,,,,,,,,,,,,nan,,,,,,,,,,,,,,,
446,2557.3203125,0.025548547506332397,2.5548547506332397,3251.812267065048,10000,ppo,ppo,crawler,flat,action_dth_tot_plus_friction_thdot_formula,,,,,,,,,,,,,,,0.0032949316993274662,0,781,0.0,0.0,,,,,,,,,,,,,,,,,,,,,,,,,,,,,,,,,,,,,,,,,,,,,,,,,,,,,,,,,,,,,,,,,,,,,,,,,,nan,,,,,,,,,,,,,,,
447,2591.189453125,0.025884103029966354,2.5884103029966354,3259.0899724960327,10000,ppo,ppo,crawler,flat,action_dth_tot_plus_friction_thdot_formula,,,,,,,,,,,,,,,0.003305276452546412,0,781,0.0,0.0,,,,,,,,,,,,,,,,,,,,,,,,,,,,,,,,,,,,,,,,,,,,,,,,,,,,,,,,,,,,,,,,,,,,,,,,,,nan,,,,,,,,,,,,,,,
448,2488.504638671875,0.02486010454595089,2.486010454595089,3266.4088263511658,10000,ppo,ppo,crawler,flat,action_dth_tot_plus_friction_thdot_formula,,,,,,,,,,,,,,,0.003281194784104044,0,781,0.0,0.0,,,,,,,,,,,,,,,,,,,,,,,,,,,,,,,,,,,,,,,,,,,,,,,,,,,,,,,,,,,,,,,,,,,,,,,,,,nan,,,,,,,,,,,,,,,
449,2547.984130859375,0.025449121370911598,2.54491213709116,3273.7619903087616,10000,ppo,ppo,crawler,flat,action_dth_tot_plus_friction_thdot_formula,,,,,,,,,,,,,,,0.004387703156885757,0,781,0.0,0.0,,,,,,,,,,,,,,,,,,,,,,,,,,,,,,,,,,,,,,,,,,,,,,,,,,,,,,,,,,,,,,,,,,,,,,,,,,nan,,,,,,,,,,,,,,,
450,2573.508056640625,0.02570810168981552,2.570810168981552,3281.0952010154724,10000,ppo,ppo,crawler,flat,action_dth_tot_plus_friction_thdot_formula,,,,,,,,,,,,,,,0.0032591530996542925,0,781,0.0,0.0,,,,,,,,,,,,,,,,,,,,,,,,,,,,,,,,,,,,,,,,,,,,,,,,,,,,,,,,,,,,,,,,,,,,,,,,,,nan,,,,,,,,,,,,,,,
451,2629.33837890625,0.02626711316406727,2.626711316406727,3288.4246249198914,10000,ppo,ppo,crawler,flat,action_dth_tot_plus_friction_thdot_formula,,,,,,,,,,,,,,,0.0027981496248117,0,781,0.0,0.0,,,,,,,,,,,,,,,,,,,,,,,,,,,,,,,,,,,,,,,,,,,,,,,,,,,,,,,,,,,,,,,,,,,,,,,,,,nan,,,,,,,,,,,,,,,
452,2478.749755859375,0.024759512394666672,2.475951239466667,3295.8627977371216,10000,ppo,ppo,crawler,flat,action_dth_tot_plus_friction_thdot_formula,,,,,,,,,,,,,,,0.003955556548723149,0,781,0.0,0.0,,,,,,,,,,,,,,,,,,,,,,,,,,,,,,,,,,,,,,,,,,,,,,,,,,,,,,,,,,,,,,,,,,,,,,,,,,nan,,,,,,,,,,,,,,,
453,2601.9765625,0.0259939506649971,2.59939506649971,3303.1350226402283,10000,ppo,ppo,crawler,flat,action_dth_tot_plus_friction_thdot_formula,,,,,,,,,,,,,,,0.002896270810098181,0,781,0.0,0.0,,,,,,,,,,,,,,,,,,,,,,,,,,,,,,,,,,,,,,,,,,,,,,,,,,,,,,,,,,,,,,,,,,,,,,,,,,nan,,,,,,,,,,,,,,,
454,2612.443115234375,0.026102319359779358,2.610231935977936,3310.3827607631683,10000,ppo,ppo,crawler,flat,action_dth_tot_plus_friction_thdot_formula,,,,,,,,,,,,,,,0.002682158856881632,0,781,0.0,0.0,,,,,,,,,,,,,,,,,,,,,,,,,,,,,,,,,,,,,,,,,,,,,,,,,,,,,,,,,,,,,,,,,,,,,,,,,,nan,,,,,,,,,,,,,,,
455,2530.682861328125,0.0252783615142107,2.52783615142107,3317.8687274456024,10000,ppo,ppo,crawler,flat,action_dth_tot_plus_friction_thdot_formula,,,,,,,,,,,,,,,0.003293996248741559,0,781,0.0,0.0,,,,,,,,,,,,,,,,,,,,,,,,,,,,,,,,,,,,,,,,,,,,,,,,,,,,,,,,,,,,,,,,,,,,,,,,,,nan,,,,,,,,,,,,,,,
456,2580.760498046875,0.025781547650694847,2.5781547650694847,3325.334928035736,10000,ppo,ppo,crawler,flat,action_dth_tot_plus_friction_thdot_formula,,,,,,,,,,,,,,,0.002894438828386977,0,781,0.0,0.0,,,,,,,,,,,,,,,,,,,,,,,,,,,,,,,,,,,,,,,,,,,,,,,,,,,,,,,,,,,,,,,,,,,,,,,,,,nan,,,,,,,,,,,,,,,
457,2545.701171875,0.02543087862432003,2.543087862432003,3332.800041913986,10000,ppo,ppo,crawler,flat,action_dth_tot_plus_friction_thdot_formula,,,,,,,,,,,,,,,0.0030641418466733224,0,781,0.0,0.0,,,,,,,,,,,,,,,,,,,,,,,,,,,,,,,,,,,,,,,,,,,,,,,,,,,,,,,,,,,,,,,,,,,,,,,,,,nan,,,,,,,,,,,,,,,
458,2687.500732421875,0.02684778906404972,2.684778906404972,3340.0607249736786,10000,ppo,ppo,crawler,flat,action_dth_tot_plus_friction_thdot_formula,,,,,,,,,,,,,,,0.00270750525020088,0,781,0.0,0.0,,,,,,,,,,,,,,,,,,,,,,,,,,,,,,,,,,,,,,,,,,,,,,,,,,,,,,,,,,,,,,,,,,,,,,,,,,nan,,,,,,,,,,,,,,,
459,2515.03564453125,0.025122612714767456,2.5122612714767456,3347.4857370853424,10000,ppo,ppo,crawler,flat,action_dth_tot_plus_friction_thdot_formula,,,,,,,,,,,,,,,0.0028123021933024153,0,781,0.0,0.0,,,,,,,,,,,,,,,,,,,,,,,,,,,,,,,,,,,,,,,,,,,,,,,,,,,,,,,,,,,,,,,,,,,,,,,,,,nan,,,,,,,,,,,,,,,
460,2634.6591796875,0.026320043951272964,2.6320043951272964,3354.7111134529114,10000,ppo,ppo,crawler,flat,action_dth_tot_plus_friction_thdot_formula,,,,,,,,,,,,,,,0.002946224200620379,0,781,0.0,0.0,,,,,,,,,,,,,,,,,,,,,,,,,,,,,,,,,,,,,,,,,,,,,,,,,,,,,,,,,,,,,,,,,,,,,,,,,,nan,,,,,,,,,,,,,,,
461,2521.677734375,0.025187762454152107,2.5187762454152107,3362.0102396011353,10000,ppo,ppo,crawler,flat,action_dth_tot_plus_friction_thdot_formula,,,,,,,,,,,,,,,0.0033290609045856885,0,781,0.0,0.0,,,,,,,,,,,,,,,,,,,,,,,,,,,,,,,,,,,,,,,,,,,,,,,,,,,,,,,,,,,,,,,,,,,,,,,,,,nan,,,,,,,,,,,,,,,
462,2592.701904296875,0.02590116485953331,2.590116485953331,3369.1449897289276,10000,ppo,ppo,crawler,flat,action_dth_tot_plus_friction_thdot_formula,,,,,,,,,,,,,,,0.0031637553917944657,0,781,0.0,0.0,,,,,,,,,,,,,,,,,,,,,,,,,,,,,,,,,,,,,,,,,,,,,,,,,,,,,,,,,,,,,,,,,,,,,,,,,,nan,,,,,,,,,,,,,,,
463,2634.14794921875,0.026309533044695854,2.6309533044695854,3376.677552461624,10000,ppo,ppo,crawler,flat,action_dth_tot_plus_friction_thdot_formula,,,,,,,,,,,,,,,0.0033726096746515334,0,781,0.0,0.0,,,,,,,,,,,,,,,,,,,,,,,,,,,,,,,,,,,,,,,,,,,,,,,,,,,,,,,,,,,,,,,,,,,,,,,,,,nan,,,,,,,,,,,,,,,
464,2541.96875,0.025397121906280518,2.5397121906280518,3383.826623439789,10000,ppo,ppo,crawler,flat,action_dth_tot_plus_friction_thdot_formula,,,,,,,,,,,,,,,0.004037068468670894,0,781,0.0,0.0,,,,,,,,,,,,,,,,,,,,,,,,,,,,,,,,,,,,,,,,,,,,,,,,,,,,,,,,,,,,,,,,,,,,,,,,,,nan,,,,,,,,,,,,,,,
465,2597.66259765625,0.025947069749236107,2.5947069749236107,3391.02490401268,10000,ppo,ppo,crawler,flat,action_dth_tot_plus_friction_thdot_formula,,,,,,,,,,,,,,,0.0043150668132560695,0,781,0.0,0.0,,,,,,,,,,,,,,,,,,,,,,,,,,,,,,,,,,,,,,,,,,,,,,,,,,,,,,,,,,,,,,,,,,,,,,,,,,nan,,,,,,,,,,,,,,,
466,2708.496826171875,0.027056310325860977,2.7056310325860977,3398.153069972992,10000,ppo,ppo,crawler,flat,action_dth_tot_plus_friction_thdot_formula,,,,,,,,,,,,,,,0.0025146794229657624,0,781,0.0,0.0,,,,,,,,,,,,,,,,,,,,,,,,,,,,,,,,,,,,,,,,,,,,,,,,,,,,,,,,,,,,,,,,,,,,,,,,,,nan,,,,,,,,,,,,,,,
467,2682.81689453125,0.026801692321896553,2.6801692321896553,3405.518988132477,10000,ppo,ppo,crawler,flat,action_dth_tot_plus_friction_thdot_formula,,,,,,,,,,,,,,,0.0028904458641229023,0,781,0.0,0.0,,,,,,,,,,,,,,,,,,,,,,,,,,,,,,,,,,,,,,,,,,,,,,,,,,,,,,,,,,,,,,,,,,,,,,,,,,nan,,,,,,,,,,,,,,,
468,2636.259033203125,0.026335161179304123,2.6335161179304123,3412.795404434204,10000,ppo,ppo,crawler,flat,action_dth_tot_plus_friction_thdot_formula,,,,,,,,,,,,,,,0.0028004141805187304,0,781,0.0,0.0,,,,,,,,,,,,,,,,,,,,,,,,,,,,,,,,,,,,,,,,,,,,,,,,,,,,,,,,,,,,,,,,,,,,,,,,,,nan,,,,,,,,,,,,,,,
469,2664.786865234375,0.02661694958806038,2.661694958806038,3419.964535713196,10000,ppo,ppo,crawler,flat,action_dth_tot_plus_friction_thdot_formula,,,,,,,,,,,,,,,0.0036281220121598336,0,781,0.0,0.0,,,,,,,,,,,,,,,,,,,,,,,,,,,,,,,,,,,,,,,,,,,,,,,,,,,,,,,,,,,,,,,,,,,,,,,,,,nan,,,,,,,,,,,,,,,
470,2679.456787109375,0.02676568552851677,2.676568552851677,3427.353618621826,10000,ppo,ppo,crawler,flat,action_dth_tot_plus_friction_thdot_formula,,,,,,,,,,,,,,,0.002870963464616875,0,781,0.0,0.0,,,,,,,,,,,,,,,,,,,,,,,,,,,,,,,,,,,,,,,,,,,,,,,,,,,,,,,,,,,,,,,,,,,,,,,,,,nan,,,,,,,,,,,,,,,
471,2692.058349609375,0.026891954243183136,2.6891954243183136,3434.657828092575,10000,ppo,ppo,crawler,flat,action_dth_tot_plus_friction_thdot_formula,,,,,,,,,,,,,,,0.0025605774297430828,0,781,0.0,0.0,,,,,,,,,,,,,,,,,,,,,,,,,,,,,,,,,,,,,,,,,,,,,,,,,,,,,,,,,,,,,,,,,,,,,,,,,,nan,,,,,,,,,,,,,,,
472,2727.151123046875,0.02724270522594452,2.724270522594452,3442.216395378113,10000,ppo,ppo,crawler,flat,action_dth_tot_plus_friction_thdot_formula,,,,,,,,,,,,,,,0.0030163859431429144,0,781,0.0,0.0,,,,,,,,,,,,,,,,,,,,,,,,,,,,,,,,,,,,,,,,,,,,,,,,,,,,,,,,,,,,,,,,,,,,,,,,,,nan,,,,,,,,,,,,,,,
473,2635.90625,0.026331523433327675,2.6331523433327675,3449.4957377910614,10000,ppo,ppo,crawler,flat,action_dth_tot_plus_friction_thdot_formula,,,,,,,,,,,,,,,0.004284380680315611,0,781,0.0,0.0,,,,,,,,,,,,,,,,,,,,,,,,,,,,,,,,,,,,,,,,,,,,,,,,,,,,,,,,,,,,,,,,,,,,,,,,,,nan,,,,,,,,,,,,,,,
474,2475.21728515625,0.02472885698080063,2.472885698080063,3456.822892189026,10000,ppo,ppo,crawler,flat,action_dth_tot_plus_friction_thdot_formula,,,,,,,,,,,,,,,0.003625891478420694,0,781,0.0,0.0,,,,,,,,,,,,,,,,,,,,,,,,,,,,,,,,,,,,,,,,,,,,,,,,,,,,,,,,,,,,,,,,,,,,,,,,,,nan,,,,,,,,,,,,,,,
475,2531.687255859375,0.025293966755270958,2.529396675527096,3464.0990726947784,10000,ppo,ppo,crawler,flat,action_dth_tot_plus_friction_thdot_formula,,,,,,,,,,,,,,,0.003890453968611492,0,781,0.0,0.0,,,,,,,,,,,,,,,,,,,,,,,,,,,,,,,,,,,,,,,,,,,,,,,,,,,,,,,,,,,,,,,,,,,,,,,,,,nan,,,,,,,,,,,,,,,
476,2632.789794921875,0.02629680745303631,2.629680745303631,3471.4926059246063,10000,ppo,ppo,crawler,flat,action_dth_tot_plus_friction_thdot_formula,,,,,,,,,,,,,,,0.004541646230893708,0,781,0.0,0.0,,,,,,,,,,,,,,,,,,,,,,,,,,,,,,,,,,,,,,,,,,,,,,,,,,,,,,,,,,,,,,,,,,,,,,,,,,nan,,,,,,,,,,,,,,,
477,2531.076171875,0.025288304314017296,2.5288304314017296,3478.7865340709686,10000,ppo,ppo,crawler,flat,action_dth_tot_plus_friction_thdot_formula,,,,,,,,,,,,,,,0.0033647487127915544,0,781,0.0,0.0,,,,,,,,,,,,,,,,,,,,,,,,,,,,,,,,,,,,,,,,,,,,,,,,,,,,,,,,,,,,,,,,,,,,,,,,,,nan,,,,,,,,,,,,,,,
478,2479.493896484375,0.024761507287621498,2.47615072876215,3486.196667909622,10000,ppo,ppo,crawler,flat,action_dth_tot_plus_friction_thdot_formula,,,,,,,,,,,,,,,0.0034678279561668555,0,781,0.0,0.0,,,,,,,,,,,,,,,,,,,,,,,,,,,,,,,,,,,,,,,,,,,,,,,,,,,,,,,,,,,,,,,,,,,,,,,,,,nan,,,,,,,,,,,,,,,
479,2625.135498046875,0.026226786896586418,2.622678689658642,3493.5236690044403,10000,ppo,ppo,crawler,flat,action_dth_tot_plus_friction_thdot_formula,,,,,,,,,,,,,,,0.0024560198329658,0,781,0.0,0.0,,,,,,,,,,,,,,,,,,,,,,,,,,,,,,,,,,,,,,,,,,,,,,,,,,,,,,,,,,,,,,,,,,,,,,,,,,nan,,,,,,,,,,,,,,,
480,2531.256103515625,0.025281764566898346,2.5281764566898346,3500.7768290042877,10000,ppo,ppo,crawler,flat,action_dth_tot_plus_friction_thdot_formula,,,,,,,,,,,,,,,0.0036558387620316724,0,781,0.0,0.0,,,,,,,,,,,,,,,,,,,,,,,,,,,,,,,,,,,,,,,,,,,,,,,,,,,,,,,,,,,,,,,,,,,,,,,,,,nan,,,,,,,,,,,,,,,
481,2531.501220703125,0.02528843656182289,2.528843656182289,3507.822662830353,10000,ppo,ppo,crawler,flat,action_dth_tot_plus_friction_thdot_formula,,,,,,,,,,,,,,,0.0031888614595070525,0,781,0.0,0.0,,,,,,,,,,,,,,,,,,,,,,,,,,,,,,,,,,,,,,,,,,,,,,,,,,,,,,,,,,,,,,,,,,,,,,,,,,nan,,,,,,,,,,,,,,,
482,2527.251953125,0.02524389512836933,2.524389512836933,3515.310850381851,10000,ppo,ppo,crawler,flat,action_dth_tot_plus_friction_thdot_formula,,,,,,,,,,,,,,,0.003332822053188222,0,781,0.0,0.0,,,,,,,,,,,,,,,,,,,,,,,,,,,,,,,,,,,,,,,,,,,,,,,,,,,,,,,,,,,,,,,,,,,,,,,,,,nan,,,,,,,,,,,,,,,
483,2546.3515625,0.0254356749355793,2.54356749355793,3522.4647119045258,10000,ppo,ppo,crawler,flat,action_dth_tot_plus_friction_thdot_formula,,,,,,,,,,,,,,,0.003459400417071215,0,781,0.0,0.0,,,,,,,,,,,,,,,,,,,,,,,,,,,,,,,,,,,,,,,,,,,,,,,,,,,,,,,,,,,,,,,,,,,,,,,,,,nan,,,,,,,,,,,,,,,
484,2645.764404296875,0.026427971199154854,2.6427971199154854,3529.691022157669,10000,ppo,ppo,crawler,flat,action_dth_tot_plus_friction_thdot_formula,,,,,,,,,,,,,,,0.002551588843624011,0,781,0.0,0.0,,,,,,,,,,,,,,,,,,,,,,,,,,,,,,,,,,,,,,,,,,,,,,,,,,,,,,,,,,,,,,,,,,,,,,,,,,nan,,,,,,,,,,,,,,,
485,2553.303466796875,0.025503352284431458,2.5503352284431458,3536.870698451996,10000,ppo,ppo,crawler,flat,action_dth_tot_plus_friction_thdot_formula,,,,,,,,,,,,,,,0.003120750342358605,0,781,0.0,0.0,,,,,,,,,,,,,,,,,,,,,,,,,,,,,,,,,,,,,,,,,,,,,,,,,,,,,,,,,,,,,,,,,,,,,,,,,,nan,,,,,,,,,,,,,,,
486,2513.098876953125,0.025106411427259445,2.5106411427259445,3544.2432980537415,10000,ppo,ppo,crawler,flat,action_dth_tot_plus_friction_thdot_formula,,,,,,,,,,,,,,,0.0032788631365030514,0,781,0.0,0.0,,,,,,,,,,,,,,,,,,,,,,,,,,,,,,,,,,,,,,,,,,,,,,,,,,,,,,,,,,,,,,,,,,,,,,,,,,nan,,,,,,,,,,,,,,,
487,2638.982666015625,0.02635960653424263,2.635960653424263,3551.5010590553284,10000,ppo,ppo,crawler,flat,action_dth_tot_plus_friction_thdot_formula,,,,,,,,,,,,,,,0.003717822520184258,0,781,0.0,0.0,,,,,,,,,,,,,,,,,,,,,,,,,,,,,,,,,,,,,,,,,,,,,,,,,,,,,,,,,,,,,,,,,,,,,,,,,,nan,,,,,,,,,,,,,,,
488,2630.863525390625,0.026278197765350342,2.627819776535034,3558.831220149994,10000,ppo,ppo,crawler,flat,action_dth_tot_plus_friction_thdot_formula,,,,,,,,,,,,,,,0.0030535080372659958,0,781,0.0,0.0,,,,,,,,,,,,,,,,,,,,,,,,,,,,,,,,,,,,,,,,,,,,,,,,,,,,,,,,,,,,,,,,,,,,,,,,,,nan,,,,,,,,,,,,,,,
489,2641.661376953125,0.026388581842184067,2.6388581842184067,3566.1784796714783,10000,ppo,ppo,crawler,flat,action_dth_tot_plus_friction_thdot_formula,,,,,,,,,,,,,,,0.0026421756510445122,0,781,0.0,0.0,,,,,,,,,,,,,,,,,,,,,,,,,,,,,,,,,,,,,,,,,,,,,,,,,,,,,,,,,,,,,,,,,,,,,,,,,,nan,,,,,,,,,,,,,,,
490,2546.78125,0.025436358526349068,2.5436358526349068,3573.386273622513,10000,ppo,ppo,crawler,flat,action_dth_tot_plus_friction_thdot_formula,,,,,,,,,,,,,,,0.003893654234789338,0,781,0.0,0.0,,,,,,,,,,,,,,,,,,,,,,,,,,,,,,,,,,,,,,,,,,,,,,,,,,,,,,,,,,,,,,,,,,,,,,,,,,nan,,,,,,,,,,,,,,,
491,2652.071044921875,0.02649420127272606,2.649420127272606,3580.3865180015564,10000,ppo,ppo,crawler,flat,action_dth_tot_plus_friction_thdot_formula,,,,,,,,,,,,,,,0.002738352641019083,0,781,0.0,0.0,,,,,,,,,,,,,,,,,,,,,,,,,,,,,,,,,,,,,,,,,,,,,,,,,,,,,,,,,,,,,,,,,,,,,,,,,,nan,,,,,,,,,,,,,,,
492,2625.717529296875,0.02623208798468113,2.623208798468113,3587.6244974136353,10000,ppo,ppo,crawler,flat,action_dth_tot_plus_friction_thdot_formula,,,,,,,,,,,,,,,0.0030147223287678195,0,781,0.0,0.0,,,,,,,,,,,,,,,,,,,,,,,,,,,,,,,,,,,,,,,,,,,,,,,,,,,,,,,,,,,,,,,,,,,,,,,,,,nan,,,,,,,,,,,,,,,
493,2665.744384765625,0.026630358770489693,2.6630358770489693,3594.8841984272003,10000,ppo,ppo,crawler,flat,action_dth_tot_plus_friction_thdot_formula,,,,,,,,,,,,,,,0.0033090585076489226,0,781,0.0,0.0,,,,,,,,,,,,,,,,,,,,,,,,,,,,,,,,,,,,,,,,,,,,,,,,,,,,,,,,,,,,,,,,,,,,,,,,,,nan,,,,,,,,,,,,,,,
494,2688.752197265625,0.026859648525714874,2.6859648525714874,3602.079169988632,10000,ppo,ppo,crawler,flat,action_dth_tot_plus_friction_thdot_formula,,,,,,,,,,,,,,,0.0026425647046777723,0,781,0.0,0.0,,,,,,,,,,,,,,,,,,,,,,,,,,,,,,,,,,,,,,,,,,,,,,,,,,,,,,,,,,,,,,,,,,,,,,,,,,nan,,,,,,,,,,,,,,,
495,2634.564453125,0.026319317519664764,2.6319317519664764,3609.0700676441193,10000,ppo,ppo,crawler,flat,action_dth_tot_plus_friction_thdot_formula,,,,,,,,,,,,,,,0.0036698279501145847,0,781,0.0,0.0,,,,,,,,,,,,,,,,,,,,,,,,,,,,,,,,,,,,,,,,,,,,,,,,,,,,,,,,,,,,,,,,,,,,,,,,,,nan,,,,,,,,,,,,,,,
496,2606.005126953125,0.026035180315375328,2.603518031537533,3616.493695497513,10000,ppo,ppo,crawler,flat,action_dth_tot_plus_friction_thdot_formula,,,,,,,,,,,,,,,0.0033515960358726587,0,781,0.0,0.0,,,,,,,,,,,,,,,,,,,,,,,,,,,,,,,,,,,,,,,,,,,,,,,,,,,,,,,,,,,,,,,,,,,,,,,,,,nan,,,,,,,,,,,,,,,
497,2700.49658203125,0.026978224515914917,2.6978224515914917,3623.745070695877,10000,ppo,ppo,crawler,flat,action_dth_tot_plus_friction_thdot_formula,,,,,,,,,,,,,,,0.002979154578707015,0,781,0.0,0.0,,,,,,,,,,,,,,,,,,,,,,,,,,,,,,,,,,,,,,,,,,,,,,,,,,,,,,,,,,,,,,,,,,,,,,,,,,nan,,,,,,,,,,,,,,,
498,2600.895263671875,0.02597665973007679,2.597665973007679,3630.9590435028076,10000,ppo,ppo,crawler,flat,action_dth_tot_plus_friction_thdot_formula,,,,,,,,,,,,,,,0.003918518544398022,0,781,0.0,0.0,,,,,,,,,,,,,,,,,,,,,,,,,,,,,,,,,,,,,,,,,,,,,,,,,,,,,,,,,,,,,,,,,,,,,,,,,,nan,,,,,,,,,,,,,,,
499,2702.551513671875,0.02699567750096321,2.699567750096321,3638.0854732990265,10000,ppo,ppo,crawler,flat,action_dth_tot_plus_friction_thdot_formula,,,,,,,,,,,,,,,0.0038485312911147604,0,781,0.0,0.0,,,,,,,,,,,,,,,,,,,,,,,,,,,,,,,,,,,,,,,,,,,,,,,,,,,,,,,,,,,,,,,,,,,,,,,,,,nan,,,,,,,,,,,,,,,
500,2674.48046875,0.026716576889157295,2.6716576889157295,3645.263215780258,10000,ppo,ppo,crawler,flat,action_dth_tot_plus_friction_thdot_formula,,,,,,,,,,,,,,,0.0035034493083285143,0,781,0.0,0.0,,,,,,,,,,,,,,,,,,,,,,,,,,,,,,,,,,,,,,,,,,,,,,,,,,,,,,,,,,,,,,,,,,,,,,,,,,nan,,,,,,,,,,,,,,,
501,2674.40869140625,0.026721501722931862,2.672150172293186,3652.5982944965363,10000,ppo,ppo,crawler,flat,action_dth_tot_plus_friction_thdot_formula,,,,,,,,,,,,,,,0.0026920569752654235,0,781,0.0,0.0,,,,,,,,,,,,,,,,,,,,,,,,,,,,,,,,,,,,,,,,,,,,,,,,,,,,,,,,,,,,,,,,,,,,,,,,,,nan,,,,,,,,,,,,,,,
502,2724.888671875,0.027218664065003395,2.7218664065003395,3659.6670870780945,10000,ppo,ppo,crawler,flat,action_dth_tot_plus_friction_thdot_formula,,,,,,,,,,,,,,,0.002813952879353561,0,781,0.0,0.0,,,,,,,,,,,,,,,,,,,,,,,,,,,,,,,,,,,,,,,,,,,,,,,,,,,,,,,,,,,,,,,,,,,,,,,,,,nan,,,,,,,,,,,,,,,
503,2766.76953125,0.02764025144279003,2.764025144279003,3666.868518590927,10000,ppo,ppo,crawler,flat,action_dth_tot_plus_friction_thdot_formula,,,,,,,,,,,,,,,0.00300061429196983,0,781,0.0,0.0,,,,,,,,,,,,,,,,,,,,,,,,,,,,,,,,,,,,,,,,,,,,,,,,,,,,,,,,,,,,,,,,,,,,,,,,,,nan,,,,,,,,,,,,,,,
504,2701.525146484375,0.0269864983856678,2.69864983856678,3674.1583347320557,10000,ppo,ppo,crawler,flat,action_dth_tot_plus_friction_thdot_formula,,,,,,,,,,,,,,,0.00310211935372446,0,781,0.0,0.0,,,,,,,,,,,,,,,,,,,,,,,,,,,,,,,,,,,,,,,,,,,,,,,,,,,,,,,,,,,,,,,,,,,,,,,,,,nan,,,,,,,,,,,,,,,
505,2651.553466796875,0.026484472677111626,2.6484472677111626,3681.6283571720123,10000,ppo,ppo,crawler,flat,action_dth_tot_plus_friction_thdot_formula,,,,,,,,,,,,,,,0.003643051018601846,0,781,0.0,0.0,,,,,,,,,,,,,,,,,,,,,,,,,,,,,,,,,,,,,,,,,,,,,,,,,,,,,,,,,,,,,,,,,,,,,,,,,,nan,,,,,,,,,,,,,,,
506,2642.868408203125,0.02639823593199253,2.639823593199253,3688.819894552231,10000,ppo,ppo,crawler,flat,action_dth_tot_plus_friction_thdot_formula,,,,,,,,,,,,,,,0.003086925958025075,0,781,0.0,0.0,,,,,,,,,,,,,,,,,,,,,,,,,,,,,,,,,,,,,,,,,,,,,,,,,,,,,,,,,,,,,,,,,,,,,,,,,,nan,,,,,,,,,,,,,,,
507,2633.53662109375,0.026308609172701836,2.6308609172701836,3696.147288799286,10000,ppo,ppo,crawler,flat,action_dth_tot_plus_friction_thdot_formula,,,,,,,,,,,,,,,0.0027483468063288366,0,781,0.0,0.0,,,,,,,,,,,,,,,,,,,,,,,,,,,,,,,,,,,,,,,,,,,,,,,,,,,,,,,,,,,,,,,,,,,,,,,,,,nan,,,,,,,,,,,,,,,
508,2594.459716796875,0.02592218481004238,2.592218481004238,3703.4137613773346,10000,ppo,ppo,crawler,flat,action_dth_tot_plus_friction_thdot_formula,,,,,,,,,,,,,,,0.003199813260831578,0,781,0.0,0.0,,,,,,,,,,,,,,,,,,,,,,,,,,,,,,,,,,,,,,,,,,,,,,,,,,,,,,,,,,,,,,,,,,,,,,,,,,nan,,,,,,,,,,,,,,,
509,2601.3701171875,0.02598567120730877,2.598567120730877,3710.622983932495,10000,ppo,ppo,crawler,flat,action_dth_tot_plus_friction_thdot_formula,,,,,,,,,,,,,,,0.0028926869582297774,0,781,0.0,0.0,,,,,,,,,,,,,,,,,,,,,,,,,,,,,,,,,,,,,,,,,,,,,,,,,,,,,,,,,,,,,,,,,,,,,,,,,,nan,,,,,,,,,,,,,,,
510,2701.755615234375,0.026991436257958412,2.699143625795841,3717.6737151145935,10000,ppo,ppo,crawler,flat,action_dth_tot_plus_friction_thdot_formula,,,,,,,,,,,,,,,0.0038315664677449623,0,781,0.0,0.0,,,,,,,,,,,,,,,,,,,,,,,,,,,,,,,,,,,,,,,,,,,,,,,,,,,,,,,,,,,,,,,,,,,,,,,,,,nan,,,,,,,,,,,,,,,
511,2678.435546875,0.02675604447722435,2.675604447722435,3724.863403081894,10000,ppo,ppo,crawler,flat,action_dth_tot_plus_friction_thdot_formula,,,,,,,,,,,,,,,0.0031797956678570366,0,781,0.0,0.0,,,,,,,,,,,,,,,,,,,,,,,,,,,,,,,,,,,,,,,,,,,,,,,,,,,,,,,,,,,,,,,,,,,,,,,,,,nan,,,,,,,,,,,,,,,
512,2728.334228515625,0.027257539331912994,2.7257539331912994,3732.156476020813,10000,ppo,ppo,crawler,flat,action_dth_tot_plus_friction_thdot_formula,,,,,,,,,,,,,,,0.0035595952238569755,0,781,0.0,0.0,,,,,,,,,,,,,,,,,,,,,,,,,,,,,,,,,,,,,,,,,,,,,,,,,,,,,,,,,,,,,,,,,,,,,,,,,,nan,,,,,,,,,,,,,,,
513,2715.47119140625,0.027127409353852272,2.712740935385227,3739.4128081798553,10000,ppo,ppo,crawler,flat,action_dth_tot_plus_friction_thdot_formula,,,,,,,,,,,,,,,0.0035962389093640687,0,781,0.0,0.0,,,,,,,,,,,,,,,,,,,,,,,,,,,,,,,,,,,,,,,,,,,,,,,,,,,,,,,,,,,,,,,,,,,,,,,,,,nan,,,,,,,,,,,,,,,
514,2651.262451171875,0.026480520144104958,2.6480520144104958,3746.4647147655487,10000,ppo,ppo,crawler,flat,action_dth_tot_plus_friction_thdot_formula,,,,,,,,,,,,,,,0.003526549167770394,0,781,0.0,0.0,,,,,,,,,,,,,,,,,,,,,,,,,,,,,,,,,,,,,,,,,,,,,,,,,,,,,,,,,,,,,,,,,,,,,,,,,,nan,,,,,,,,,,,,,,,
515,2721.424560546875,0.02718556486070156,2.718556486070156,3753.6163952350616,10000,ppo,ppo,crawler,flat,action_dth_tot_plus_friction_thdot_formula,,,,,,,,,,,,,,,0.0041694497558730685,0,781,0.0,0.0,,,,,,,,,,,,,,,,,,,,,,,,,,,,,,,,,,,,,,,,,,,,,,,,,,,,,,,,,,,,,,,,,,,,,,,,,,nan,,,,,,,,,,,,,,,
516,2581.424560546875,0.025786470621824265,2.5786470621824265,3760.9402828216553,10000,ppo,ppo,crawler,flat,action_dth_tot_plus_friction_thdot_formula,,,,,,,,,,,,,,,0.003826719848334756,0,781,0.0,0.0,,,,,,,,,,,,,,,,,,,,,,,,,,,,,,,,,,,,,,,,,,,,,,,,,,,,,,,,,,,,,,,,,,,,,,,,,,nan,,,,,,,,,,,,,,,
517,2816.022705078125,0.02812948264181614,2.812948264181614,3768.248842716217,10000,ppo,ppo,crawler,flat,action_dth_tot_plus_friction_thdot_formula,,,,,,,,,,,,,,,0.003753692465452728,0,781,0.0,0.0,,,,,,,,,,,,,,,,,,,,,,,,,,,,,,,,,,,,,,,,,,,,,,,,,,,,,,,,,,,,,,,,,,,,,,,,,,nan,,,,,,,,,,,,,,,
518,2677.5849609375,0.026750029996037483,2.6750029996037483,3775.4369819164276,10000,ppo,ppo,crawler,flat,action_dth_tot_plus_friction_thdot_formula,,,,,,,,,,,,,,,0.0030050537785292794,0,781,0.0,0.0,,,,,,,,,,,,,,,,,,,,,,,,,,,,,,,,,,,,,,,,,,,,,,,,,,,,,,,,,,,,,,,,,,,,,,,,,,nan,,,,,,,,,,,,,,,
519,2656.021484375,0.026531288400292397,2.6531288400292397,3782.8617906570435,10000,ppo,ppo,crawler,flat,action_dth_tot_plus_friction_thdot_formula,,,,,,,,,,,,,,,0.003143309618682671,0,781,0.0,0.0,,,,,,,,,,,,,,,,,,,,,,,,,,,,,,,,,,,,,,,,,,,,,,,,,,,,,,,,,,,,,,,,,,,,,,,,,,nan,,,,,,,,,,,,,,,
520,2584.625,0.025821281597018242,2.582128159701824,3790.0619399547577,10000,ppo,ppo,crawler,flat,action_dth_tot_plus_friction_thdot_formula,,,,,,,,,,,,,,,0.0036439029859494008,0,781,0.0,0.0,,,,,,,,,,,,,,,,,,,,,,,,,,,,,,,,,,,,,,,,,,,,,,,,,,,,,,,,,,,,,,,,,,,,,,,,,,nan,,,,,,,,,,,,,,,
521,2767.71435546875,0.02765074372291565,2.765074372291565,3797.35333776474,10000,ppo,ppo,crawler,flat,action_dth_tot_plus_friction_thdot_formula,,,,,,,,,,,,,,,0.0033482343962588364,0,781,0.0,0.0,,,,,,,,,,,,,,,,,,,,,,,,,,,,,,,,,,,,,,,,,,,,,,,,,,,,,,,,,,,,,,,,,,,,,,,,,,nan,,,,,,,,,,,,,,,
522,2777.569091796875,0.02774747833609581,2.774747833609581,3804.537188768387,10000,ppo,ppo,crawler,flat,action_dth_tot_plus_friction_thdot_formula,,,,,,,,,,,,,,,0.002711698916790203,0,781,0.0,0.0,,,,,,,,,,,,,,,,,,,,,,,,,,,,,,,,,,,,,,,,,,,,,,,,,,,,,,,,,,,,,,,,,,,,,,,,,,nan,,,,,,,,,,,,,,,
523,2629.688232421875,0.026270123198628426,2.6270123198628426,3812.2217452526093,10000,ppo,ppo,crawler,flat,action_dth_tot_plus_friction_thdot_formula,,,,,,,,,,,,,,,0.003696333324219483,0,781,0.0,0.0,,,,,,,,,,,,,,,,,,,,,,,,,,,,,,,,,,,,,,,,,,,,,,,,,,,,,,,,,,,,,,,,,,,,,,,,,,nan,,,,,,,,,,,,,,,
524,2719.954833984375,0.027170244604349136,2.7170244604349136,3819.410125017166,10000,ppo,ppo,crawler,flat,action_dth_tot_plus_friction_thdot_formula,,,,,,,,,,,,,,,0.003033371243870933,0,781,0.0,0.0,,,,,,,,,,,,,,,,,,,,,,,,,,,,,,,,,,,,,,,,,,,,,,,,,,,,,,,,,,,,,,,,,,,,,,,,,,nan,,,,,,,,,,,,,,,
525,2676.78076171875,0.02674003876745701,2.674003876745701,3826.7095544338226,10000,ppo,ppo,crawler,flat,action_dth_tot_plus_friction_thdot_formula,,,,,,,,,,,,,,,0.0030609358802438378,0,781,0.0,0.0,,,,,,,,,,,,,,,,,,,,,,,,,,,,,,,,,,,,,,,,,,,,,,,,,,,,,,,,,,,,,,,,,,,,,,,,,,nan,,,,,,,,,,,,,,,
526,2699.3115234375,0.026964178308844566,2.6964178308844566,3833.9862344264984,10000,ppo,ppo,crawler,flat,action_dth_tot_plus_friction_thdot_formula,,,,,,,,,,,,,,,0.003415243644771141,0,781,0.0,0.0,,,,,,,,,,,,,,,,,,,,,,,,,,,,,,,,,,,,,,,,,,,,,,,,,,,,,,,,,,,,,,,,,,,,,,,,,,nan,,,,,,,,,,,,,,,
527,2670.962158203125,0.026680346578359604,2.6680346578359604,3841.412854194641,10000,ppo,ppo,crawler,flat,action_dth_tot_plus_friction_thdot_formula,,,,,,,,,,,,,,,0.0038709078283629306,0,781,0.0,0.0,,,,,,,,,,,,,,,,,,,,,,,,,,,,,,,,,,,,,,,,,,,,,,,,,,,,,,,,,,,,,,,,,,,,,,,,,,nan,,,,,,,,,,,,,,,
528,2597.641845703125,0.025947246700525284,2.5947246700525284,3848.4963006973267,10000,ppo,ppo,crawler,flat,action_dth_tot_plus_friction_thdot_formula,,,,,,,,,,,,,,,0.002916695021184414,0,781,0.0,0.0,,,,,,,,,,,,,,,,,,,,,,,,,,,,,,,,,,,,,,,,,,,,,,,,,,,,,,,,,,,,,,,,,,,,,,,,,,nan,,,,,,,,,,,,,,,
529,2652.673828125,0.026494566351175308,2.649456635117531,3855.6565096378326,10000,ppo,ppo,crawler,flat,action_dth_tot_plus_friction_thdot_formula,,,,,,,,,,,,,,,0.0032822833541529097,0,781,0.0,0.0,,,,,,,,,,,,,,,,,,,,,,,,,,,,,,,,,,,,,,,,,,,,,,,,,,,,,,,,,,,,,,,,,,,,,,,,,,nan,,,,,,,,,,,,,,,
530,2503.494140625,0.025010518729686737,2.5010518729686737,3862.903417110443,10000,ppo,ppo,crawler,flat,action_dth_tot_plus_friction_thdot_formula,,,,,,,,,,,,,,,0.0037472365476133207,0,781,0.0,0.0,,,,,,,,,,,,,,,,,,,,,,,,,,,,,,,,,,,,,,,,,,,,,,,,,,,,,,,,,,,,,,,,,,,,,,,,,,nan,,,,,,,,,,,,,,,
531,2551.578857421875,0.0254878718405962,2.54878718405962,3870.231894493103,10000,ppo,ppo,crawler,flat,action_dth_tot_plus_friction_thdot_formula,,,,,,,,,,,,,,,0.0040189086346813716,0,781,0.0,0.0,,,,,,,,,,,,,,,,,,,,,,,,,,,,,,,,,,,,,,,,,,,,,,,,,,,,,,,,,,,,,,,,,,,,,,,,,,nan,,,,,,,,,,,,,,,
532,2540.870849609375,0.025380464270710945,2.5380464270710945,3877.4766931533813,10000,ppo,ppo,crawler,flat,action_dth_tot_plus_friction_thdot_formula,,,,,,,,,,,,,,,0.0032932320054442827,0,781,0.0,0.0,,,,,,,,,,,,,,,,,,,,,,,,,,,,,,,,,,,,,,,,,,,,,,,,,,,,,,,,,,,,,,,,,,,,,,,,,,nan,,,,,,,,,,,,,,,
533,2558.9453125,0.025562213733792305,2.5562213733792305,3884.6654584407806,10000,ppo,ppo,crawler,flat,action_dth_tot_plus_friction_thdot_formula,,,,,,,,,,,,,,,0.003415402334245165,0,781,0.0,0.0,,,,,,,,,,,,,,,,,,,,,,,,,,,,,,,,,,,,,,,,,,,,,,,,,,,,,,,,,,,,,,,,,,,,,,,,,,nan,,,,,,,,,,,,,,,
534,2558.423583984375,0.02555716224014759,2.555716224014759,3892.1093130111694,10000,ppo,ppo,crawler,flat,action_dth_tot_plus_friction_thdot_formula,,,,,,,,,,,,,,,0.0032225466798692847,0,781,0.0,0.0,,,,,,,,,,,,,,,,,,,,,,,,,,,,,,,,,,,,,,,,,,,,,,,,,,,,,,,,,,,,,,,,,,,,,,,,,,nan,,,,,,,,,,,,,,,
535,2580.802734375,0.02578105963766575,2.578105963766575,3899.2290649414062,10000,ppo,ppo,crawler,flat,action_dth_tot_plus_friction_thdot_formula,,,,,,,,,,,,,,,0.004012716062497836,0,781,0.0,0.0,,,,,,,,,,,,,,,,,,,,,,,,,,,,,,,,,,,,,,,,,,,,,,,,,,,,,,,,,,,,,,,,,,,,,,,,,,nan,,,,,,,,,,,,,,,
536,2638.982421875,0.02636215090751648,2.636215090751648,3906.4477620124817,10000,ppo,ppo,crawler,flat,action_dth_tot_plus_friction_thdot_formula,,,,,,,,,,,,,,,0.0024945807735502444,0,781,0.0,0.0,,,,,,,,,,,,,,,,,,,,,,,,,,,,,,,,,,,,,,,,,,,,,,,,,,,,,,,,,,,,,,,,,,,,,,,,,,nan,,,,,,,,,,,,,,,
537,2596.07177734375,0.025936322286725044,2.5936322286725044,3913.6648004055023,10000,ppo,ppo,crawler,flat,action_dth_tot_plus_friction_thdot_formula,,,,,,,,,,,,,,,0.0032510248570098983,0,781,0.0,0.0,,,,,,,,,,,,,,,,,,,,,,,,,,,,,,,,,,,,,,,,,,,,,,,,,,,,,,,,,,,,,,,,,,,,,,,,,,nan,,,,,,,,,,,,,,,
538,2532.565185546875,0.02530079148709774,2.530079148709774,3921.081731557846,10000,ppo,ppo,crawler,flat,action_dth_tot_plus_friction_thdot_formula,,,,,,,,,,,,,,,0.003361790859274311,0,781,0.0,0.0,,,,,,,,,,,,,,,,,,,,,,,,,,,,,,,,,,,,,,,,,,,,,,,,,,,,,,,,,,,,,,,,,,,,,,,,,,nan,,,,,,,,,,,,,,,
539,2595.952880859375,0.025934632867574692,2.593463286757469,3928.108901500702,10000,ppo,ppo,crawler,flat,action_dth_tot_plus_friction_thdot_formula,,,,,,,,,,,,,,,0.0033476453061482693,0,781,0.0,0.0,,,,,,,,,,,,,,,,,,,,,,,,,,,,,,,,,,,,,,,,,,,,,,,,,,,,,,,,,,,,,,,,,,,,,,,,,,nan,,,,,,,,,,,,,,,
540,2487.968017578125,0.024851245805621147,2.4851245805621147,3935.5083491802216,10000,ppo,ppo,crawler,flat,action_dth_tot_plus_friction_thdot_formula,,,,,,,,,,,,,,,0.0039008386233310537,0,781,0.0,0.0,,,,,,,,,,,,,,,,,,,,,,,,,,,,,,,,,,,,,,,,,,,,,,,,,,,,,,,,,,,,,,,,,,,,,,,,,,nan,,,,,,,,,,,,,,,
541,2474.46923828125,0.02471962757408619,2.471962757408619,3942.77582859993,10000,ppo,ppo,crawler,flat,action_dth_tot_plus_friction_thdot_formula,,,,,,,,,,,,,,,0.002949113151061238,0,781,0.0,0.0,,,,,,,,,,,,,,,,,,,,,,,,,,,,,,,,,,,,,,,,,,,,,,,,,,,,,,,,,,,,,,,,,,,,,,,,,,nan,,,,,,,,,,,,,,,
542,2594.442626953125,0.025917695835232735,2.5917695835232735,3950.2646868228912,10000,ppo,ppo,crawler,flat,action_dth_tot_plus_friction_thdot_formula,,,,,,,,,,,,,,,0.004257006833376601,0,781,0.0,0.0,,,,,,,,,,,,,,,,,,,,,,,,,,,,,,,,,,,,,,,,,,,,,,,,,,,,,,,,,,,,,,,,,,,,,,,,,,nan,,,,,,,,,,,,,,,
543,2628.321044921875,0.026255827397108078,2.625582739710808,3957.434231042862,10000,ppo,ppo,crawler,flat,action_dth_tot_plus_friction_thdot_formula,,,,,,,,,,,,,,,0.003585498347740129,0,781,0.0,0.0,,,,,,,,,,,,,,,,,,,,,,,,,,,,,,,,,,,,,,,,,,,,,,,,,,,,,,,,,,,,,,,,,,,,,,,,,,nan,,,,,,,,,,,,,,,
544,2525.348388671875,0.025228319689631462,2.522831968963146,3964.662923812866,10000,ppo,ppo,crawler,flat,action_dth_tot_plus_friction_thdot_formula,,,,,,,,,,,,,,,0.003736056448054344,0,781,0.0,0.0,,,,,,,,,,,,,,,,,,,,,,,,,,,,,,,,,,,,,,,,,,,,,,,,,,,,,,,,,,,,,,,,,,,,,,,,,,nan,,,,,,,,,,,,,,,
545,2600.03515625,0.02597263641655445,2.597263641655445,3971.837567806244,10000,ppo,ppo,crawler,flat,action_dth_tot_plus_friction_thdot_formula,,,,,,,,,,,,,,,0.0032082412632408216,0,781,0.0,0.0,,,,,,,,,,,,,,,,,,,,,,,,,,,,,,,,,,,,,,,,,,,,,,,,,,,,,,,,,,,,,,,,,,,,,,,,,,nan,,,,,,,,,,,,,,,
546,2491.035400390625,0.024886924773454666,2.4886924773454666,3979.2539489269257,10000,ppo,ppo,crawler,flat,action_dth_tot_plus_friction_thdot_formula,,,,,,,,,,,,,,,0.003419759191527054,0,781,0.0,0.0,,,,,,,,,,,,,,,,,,,,,,,,,,,,,,,,,,,,,,,,,,,,,,,,,,,,,,,,,,,,,,,,,,,,,,,,,,nan,,,,,,,,,,,,,,,
547,2458.640380859375,0.024562455713748932,2.456245571374893,3986.3132548332214,10000,ppo,ppo,crawler,flat,action_dth_tot_plus_friction_thdot_formula,,,,,,,,,,,,,,,0.0034161808699081446,0,781,0.0,0.0,,,,,,,,,,,,,,,,,,,,,,,,,,,,,,,,,,,,,,,,,,,,,,,,,,,,,,,,,,,,,,,,,,,,,,,,,,nan,,,,,,,,,,,,,,,
548,2403.6416015625,0.024009499698877335,2.4009499698877335,3993.6209864616394,10000,ppo,ppo,crawler,flat,action_dth_tot_plus_friction_thdot_formula,,,,,,,,,,,,,,,0.0046608757762260445,0,781,0.0,0.0,,,,,,,,,,,,,,,,,,,,,,,,,,,,,,,,,,,,,,,,,,,,,,,,,,,,,,,,,,,,,,,,,,,,,,,,,,nan,,,,,,,,,,,,,,,
549,2506.340576171875,0.025039268657565117,2.5039268657565117,4000.8569679260254,10000,ppo,ppo,crawler,flat,action_dth_tot_plus_friction_thdot_formula,,,,,,,,,,,,,,,0.0022222864468851473,0,781,0.0,0.0,,,,,,,,,,,,,,,,,,,,,,,,,,,,,,,,,,,,,,,,,,,,,,,,,,,,,,,,,,,,,,,,,,,,,,,,,,nan,,,,,,,,,,,,,,,
550,2441.393798828125,0.024385474622249603,2.4385474622249603,4008.0523669719696,10000,ppo,ppo,crawler,flat,action_dth_tot_plus_friction_thdot_formula,,,,,,,,,,,,,,,0.003212499672661162,0,781,0.0,0.0,,,,,,,,,,,,,,,,,,,,,,,,,,,,,,,,,,,,,,,,,,,,,,,,,,,,,,,,,,,,,,,,,,,,,,,,,,nan,,,,,,,,,,,,,,,
551,2522.259033203125,0.025196107104420662,2.519610710442066,4015.2279086112976,10000,ppo,ppo,crawler,flat,action_dth_tot_plus_friction_thdot_formula,,,,,,,,,,,,,,,0.0031012771404082986,0,781,0.0,0.0,,,,,,,,,,,,,,,,,,,,,,,,,,,,,,,,,,,,,,,,,,,,,,,,,,,,,,,,,,,,,,,,,,,,,,,,,,nan,,,,,,,,,,,,,,,
552,2449.490966796875,0.02447027526795864,2.447027526795864,4022.3604576587677,10000,ppo,ppo,crawler,flat,action_dth_tot_plus_friction_thdot_formula,,,,,,,,,,,,,,,0.003853141002550187,0,781,0.0,0.0,,,,,,,,,,,,,,,,,,,,,,,,,,,,,,,,,,,,,,,,,,,,,,,,,,,,,,,,,,,,,,,,,,,,,,,,,,nan,,,,,,,,,,,,,,,
553,2456.498046875,0.02453777566552162,2.453777566552162,4029.5704896450043,10000,ppo,ppo,crawler,flat,action_dth_tot_plus_friction_thdot_formula,,,,,,,,,,,,,,,0.0037381510834508334,0,781,0.0,0.0,,,,,,,,,,,,,,,,,,,,,,,,,,,,,,,,,,,,,,,,,,,,,,,,,,,,,,,,,,,,,,,,,,,,,,,,,,nan,,,,,,,,,,,,,,,
554,2452.370361328125,0.024495773017406464,2.4495773017406464,4036.8763840198517,10000,ppo,ppo,crawler,flat,action_dth_tot_plus_friction_thdot_formula,,,,,,,,,,,,,,,0.003048950208793126,0,781,0.0,0.0,,,,,,,,,,,,,,,,,,,,,,,,,,,,,,,,,,,,,,,,,,,,,,,,,,,,,,,,,,,,,,,,,,,,,,,,,,nan,,,,,,,,,,,,,,,
555,2420.08203125,0.024176236242055893,2.4176236242055893,4044.0241112709045,10000,ppo,ppo,crawler,flat,action_dth_tot_plus_friction_thdot_formula,,,,,,,,,,,,,,,0.0035318803384935273,0,781,0.0,0.0,,,,,,,,,,,,,,,,,,,,,,,,,,,,,,,,,,,,,,,,,,,,,,,,,,,,,,,,,,,,,,,,,,,,,,,,,,nan,,,,,,,,,,,,,,,
556,2347.8232421875,0.023449471220374107,2.3449471220374107,4051.0653631687164,10000,ppo,ppo,crawler,flat,action_dth_tot_plus_friction_thdot_formula,,,,,,,,,,,,,,,0.003866994050814366,0,781,0.0,0.0,,,,,,,,,,,,,,,,,,,,,,,,,,,,,,,,,,,,,,,,,,,,,,,,,,,,,,,,,,,,,,,,,,,,,,,,,,nan,,,,,,,,,,,,,,,
557,2402.670654296875,0.02400306984782219,2.400306984782219,4058.397386789322,10000,ppo,ppo,crawler,flat,action_dth_tot_plus_friction_thdot_formula,,,,,,,,,,,,,,,0.0030357195924497695,0,781,0.0,0.0,,,,,,,,,,,,,,,,,,,,,,,,,,,,,,,,,,,,,,,,,,,,,,,,,,,,,,,,,,,,,,,,,,,,,,,,,,nan,,,,,,,,,,,,,,,
558,2291.210693359375,0.02289089933037758,2.289089933037758,4065.5012469291687,10000,ppo,ppo,crawler,flat,action_dth_tot_plus_friction_thdot_formula,,,,,,,,,,,,,,,0.004268900164559235,0,781,0.0,0.0,,,,,,,,,,,,,,,,,,,,,,,,,,,,,,,,,,,,,,,,,,,,,,,,,,,,,,,,,,,,,,,,,,,,,,,,,,nan,,,,,,,,,,,,,,,
559,2357.3896484375,0.023546531796455383,2.3546531796455383,4072.6943004131317,10000,ppo,ppo,crawler,flat,action_dth_tot_plus_friction_thdot_formula,,,,,,,,,,,,,,,0.003517814492858963,0,781,0.0,0.0,,,,,,,,,,,,,,,,,,,,,,,,,,,,,,,,,,,,,,,,,,,,,,,,,,,,,,,,,,,,,,,,,,,,,,,,,,nan,,,,,,,,,,,,,,,
560,2399.732177734375,0.02396976202726364,2.396976202726364,4079.913907766342,10000,ppo,ppo,crawler,flat,action_dth_tot_plus_friction_thdot_formula,,,,,,,,,,,,,,,0.003445591908958878,0,781,0.0,0.0,,,,,,,,,,,,,,,,,,,,,,,,,,,,,,,,,,,,,,,,,,,,,,,,,,,,,,,,,,,,,,,,,,,,,,,,,,nan,,,,,,,,,,,,,,,
561,2376.65283203125,0.023740189149975777,2.3740189149975777,4087.052444934845,10000,ppo,ppo,crawler,flat,action_dth_tot_plus_friction_thdot_formula,,,,,,,,,,,,,,,0.0026068930182425324,0,781,0.0,0.0,,,,,,,,,,,,,,,,,,,,,,,,,,,,,,,,,,,,,,,,,,,,,,,,,,,,,,,,,,,,,,,,,,,,,,,,,,nan,,,,,,,,,,,,,,,
562,2372.590576171875,0.02370237372815609,2.370237372815609,4094.247194290161,10000,ppo,ppo,crawler,flat,action_dth_tot_plus_friction_thdot_formula,,,,,,,,,,,,,,,0.0038937176113054465,0,781,0.0,0.0,,,,,,,,,,,,,,,,,,,,,,,,,,,,,,,,,,,,,,,,,,,,,,,,,,,,,,,,,,,,,,,,,,,,,,,,,,nan,,,,,,,,,,,,,,,
563,2321.3681640625,0.023186596110463142,2.3186596110463142,4101.372389793396,10000,ppo,ppo,crawler,flat,action_dth_tot_plus_friction_thdot_formula,,,,,,,,,,,,,,,0.0032594340009940966,0,781,0.0,0.0,,,,,,,,,,,,,,,,,,,,,,,,,,,,,,,,,,,,,,,,,,,,,,,,,,,,,,,,,,,,,,,,,,,,,,,,,,nan,,,,,,,,,,,,,,,
564,2382.522216796875,0.023802973330020905,2.3802973330020905,4108.599578380585,10000,ppo,ppo,crawler,flat,action_dth_tot_plus_friction_thdot_formula,,,,,,,,,,,,,,,0.003082005497613426,0,781,0.0,0.0,,,,,,,,,,,,,,,,,,,,,,,,,,,,,,,,,,,,,,,,,,,,,,,,,,,,,,,,,,,,,,,,,,,,,,,,,,nan,,,,,,,,,,,,,,,
565,2316.474609375,0.023139527067542076,2.3139527067542076,4115.721667289734,10000,ppo,ppo,crawler,flat,action_dth_tot_plus_friction_thdot_formula,,,,,,,,,,,,,,,0.003623037538434547,0,781,0.0,0.0,,,,,,,,,,,,,,,,,,,,,,,,,,,,,,,,,,,,,,,,,,,,,,,,,,,,,,,,,,,,,,,,,,,,,,,,,,nan,,,,,,,,,,,,,,,
566,2352.297607421875,0.023497818037867546,2.3497818037867546,4122.759486198425,10000,ppo,ppo,crawler,flat,action_dth_tot_plus_friction_thdot_formula,,,,,,,,,,,,,,,0.0035433809166889227,0,781,0.0,0.0,,,,,,,,,,,,,,,,,,,,,,,,,,,,,,,,,,,,,,,,,,,,,,,,,,,,,,,,,,,,,,,,,,,,,,,,,,nan,,,,,,,,,,,,,,,
567,2351.614990234375,0.02348969131708145,2.348969131708145,4129.998311758041,10000,ppo,ppo,crawler,flat,action_dth_tot_plus_friction_thdot_formula,,,,,,,,,,,,,,,0.0033514225015445955,0,781,0.0,0.0,,,,,,,,,,,,,,,,,,,,,,,,,,,,,,,,,,,,,,,,,,,,,,,,,,,,,,,,,,,,,,,,,,,,,,,,,,nan,,,,,,,,,,,,,,,
568,2391.42236328125,0.023885078728199005,2.3885078728199005,4137.256454706192,10000,ppo,ppo,crawler,flat,action_dth_tot_plus_friction_thdot_formula,,,,,,,,,,,,,,,0.003209270815938597,0,781,0.0,0.0,,,,,,,,,,,,,,,,,,,,,,,,,,,,,,,,,,,,,,,,,,,,,,,,,,,,,,,,,,,,,,,,,,,,,,,,,,nan,,,,,,,,,,,,,,,
569,2350.63525390625,0.02348107099533081,2.348107099533081,4144.457152605057,10000,ppo,ppo,crawler,flat,action_dth_tot_plus_friction_thdot_formula,,,,,,,,,,,,,,,0.003011990516615266,0,781,0.0,0.0,,,,,,,,,,,,,,,,,,,,,,,,,,,,,,,,,,,,,,,,,,,,,,,,,,,,,,,,,,,,,,,,,,,,,,,,,,nan,,,,,,,,,,,,,,,
570,2418.802490234375,0.02416604571044445,2.416604571044445,4151.546419143677,10000,ppo,ppo,crawler,flat,action_dth_tot_plus_friction_thdot_formula,,,,,,,,,,,,,,,0.003483943383164093,0,781,0.0,0.0,,,,,,,,,,,,,,,,,,,,,,,,,,,,,,,,,,,,,,,,,,,,,,,,,,,,,,,,,,,,,,,,,,,,,,,,,,nan,,,,,,,,,,,,,,,
571,2356.863037109375,0.023544827476143837,2.3544827476143837,4158.804662704468,10000,ppo,ppo,crawler,flat,action_dth_tot_plus_friction_thdot_formula,,,,,,,,,,,,,,,0.0025506108322821165,0,781,0.0,0.0,,,,,,,,,,,,,,,,,,,,,,,,,,,,,,,,,,,,,,,,,,,,,,,,,,,,,,,,,,,,,,,,,,,,,,,,,,nan,,,,,,,,,,,,,,,
572,2401.689453125,0.0239883866161108,2.39883866161108,4166.044807434082,10000,ppo,ppo,crawler,flat,action_dth_tot_plus_friction_thdot_formula,,,,,,,,,,,,,,,0.0025488856092716057,0,781,0.0,0.0,,,,,,,,,,,,,,,,,,,,,,,,,,,,,,,,,,,,,,,,,,,,,,,,,,,,,,,,,,,,,,,,,,,,,,,,,,nan,,,,,,,,,,,,,,,
573,2384.513427734375,0.023818612098693848,2.3818612098693848,4173.330527067184,10000,ppo,ppo,crawler,flat,action_dth_tot_plus_friction_thdot_formula,,,,,,,,,,,,,,,0.002853287002322158,0,781,0.0,0.0,,,,,,,,,,,,,,,,,,,,,,,,,,,,,,,,,,,,,,,,,,,,,,,,,,,,,,,,,,,,,,,,,,,,,,,,,,nan,,,,,,,,,,,,,,,
574,2379.717529296875,0.0237725917249918,2.37725917249918,4180.342049837112,10000,ppo,ppo,crawler,flat,action_dth_tot_plus_friction_thdot_formula,,,,,,,,,,,,,,,0.0038542819688473463,0,781,0.0,0.0,,,,,,,,,,,,,,,,,,,,,,,,,,,,,,,,,,,,,,,,,,,,,,,,,,,,,,,,,,,,,,,,,,,,,,,,,,nan,,,,,,,,,,,,,,,
575,2352.022216796875,0.02349388599395752,2.349388599395752,4187.905127763748,10000,ppo,ppo,crawler,flat,action_dth_tot_plus_friction_thdot_formula,,,,,,,,,,,,,,,0.0036001904595109055,0,781,0.0,0.0,,,,,,,,,,,,,,,,,,,,,,,,,,,,,,,,,,,,,,,,,,,,,,,,,,,,,,,,,,,,,,,,,,,,,,,,,,nan,,,,,,,,,,,,,,,
576,2499.024169921875,0.024962492287158966,2.4962492287158966,4195.007206439972,10000,ppo,ppo,crawler,flat,action_dth_tot_plus_friction_thdot_formula,,,,,,,,,,,,,,,0.0025549716186183823,0,781,0.0,0.0,,,,,,,,,,,,,,,,,,,,,,,,,,,,,,,,,,,,,,,,,,,,,,,,,,,,,,,,,,,,,,,,,,,,,,,,,,nan,,,,,,,,,,,,,,,
577,2451.316162109375,0.024485204368829727,2.4485204368829727,4202.3910546302795,10000,ppo,ppo,crawler,flat,action_dth_tot_plus_friction_thdot_formula,,,,,,,,,,,,,,,0.003418063645778169,0,781,0.0,0.0,,,,,,,,,,,,,,,,,,,,,,,,,,,,,,,,,,,,,,,,,,,,,,,,,,,,,,,,,,,,,,,,,,,,,,,,,,nan,,,,,,,,,,,,,,,
578,2513.489990234375,0.025108903646469116,2.5108903646469116,4209.4444189071655,10000,ppo,ppo,crawler,flat,action_dth_tot_plus_friction_thdot_formula,,,,,,,,,,,,,,,0.003282561133035534,0,781,0.0,0.0,,,,,,,,,,,,,,,,,,,,,,,,,,,,,,,,,,,,,,,,,,,,,,,,,,,,,,,,,,,,,,,,,,,,,,,,,,nan,,,,,,,,,,,,,,,
579,2376.112060546875,0.023734984919428825,2.3734984919428825,4216.7939829826355,10000,ppo,ppo,crawler,flat,action_dth_tot_plus_friction_thdot_formula,,,,,,,,,,,,,,,0.00356172127156547,0,781,0.0,0.0,,,,,,,,,,,,,,,,,,,,,,,,,,,,,,,,,,,,,,,,,,,,,,,,,,,,,,,,,,,,,,,,,,,,,,,,,,nan,,,,,,,,,,,,,,,
580,2438.812255859375,0.024360960349440575,2.4360960349440575,4223.891635894775,10000,ppo,ppo,crawler,flat,action_dth_tot_plus_friction_thdot_formula,,,,,,,,,,,,,,,0.003601628181357032,0,781,0.0,0.0,,,,,,,,,,,,,,,,,,,,,,,,,,,,,,,,,,,,,,,,,,,,,,,,,,,,,,,,,,,,,,,,,,,,,,,,,,nan,,,,,,,,,,,,,,,
581,2433.49072265625,0.0243118517100811,2.43118517100811,4230.9424204826355,10000,ppo,ppo,crawler,flat,action_dth_tot_plus_friction_thdot_formula,,,,,,,,,,,,,,,0.0029170623682791105,0,781,0.0,0.0,,,,,,,,,,,,,,,,,,,,,,,,,,,,,,,,,,,,,,,,,,,,,,,,,,,,,,,,,,,,,,,,,,,,,,,,,,nan,,,,,,,,,,,,,,,
582,2374.33154296875,0.023715142160654068,2.371514216065407,4238.0775825977325,10000,ppo,ppo,crawler,flat,action_dth_tot_plus_friction_thdot_formula,,,,,,,,,,,,,,,0.003091863468884122,0,781,0.0,0.0,,,,,,,,,,,,,,,,,,,,,,,,,,,,,,,,,,,,,,,,,,,,,,,,,,,,,,,,,,,,,,,,,,,,,,,,,,nan,,,,,,,,,,,,,,,
583,2525.590576171875,0.025231875479221344,2.5231875479221344,4245.443712472916,10000,ppo,ppo,crawler,flat,action_dth_tot_plus_friction_thdot_formula,,,,,,,,,,,,,,,0.003388503204654633,0,781,0.0,0.0,,,,,,,,,,,,,,,,,,,,,,,,,,,,,,,,,,,,,,,,,,,,,,,,,,,,,,,,,,,,,,,,,,,,,,,,,,nan,,,,,,,,,,,,,,,
584,2537.69189453125,0.025349920615553856,2.5349920615553856,4252.737528324127,10000,ppo,ppo,crawler,flat,action_dth_tot_plus_friction_thdot_formula,,,,,,,,,,,,,,,0.0026972388868636323,0,781,0.0,0.0,,,,,,,,,,,,,,,,,,,,,,,,,,,,,,,,,,,,,,,,,,,,,,,,,,,,,,,,,,,,,,,,,,,,,,,,,,nan,,,,,,,,,,,,,,,
585,2526.734619140625,0.0252384040504694,2.52384040504694,4259.716618776321,10000,ppo,ppo,crawler,flat,action_dth_tot_plus_friction_thdot_formula,,,,,,,,,,,,,,,0.002710549221393472,0,781,0.0,0.0,,,,,,,,,,,,,,,,,,,,,,,,,,,,,,,,,,,,,,,,,,,,,,,,,,,,,,,,,,,,,,,,,,,,,,,,,,nan,,,,,,,,,,,,,,,
586,2481.887939453125,0.02479998581111431,2.479998581111431,4266.909038543701,10000,ppo,ppo,crawler,flat,action_dth_tot_plus_friction_thdot_formula,,,,,,,,,,,,,,,0.002708819327721248,0,781,0.0,0.0,,,,,,,,,,,,,,,,,,,,,,,,,,,,,,,,,,,,,,,,,,,,,,,,,,,,,,,,,,,,,,,,,,,,,,,,,,nan,,,,,,,,,,,,,,,
587,2498.378173828125,0.024953652173280716,2.4953652173280716,4274.264633655548,10000,ppo,ppo,crawler,flat,action_dth_tot_plus_friction_thdot_formula,,,,,,,,,,,,,,,0.0024567824720867723,0,781,0.0,0.0,,,,,,,,,,,,,,,,,,,,,,,,,,,,,,,,,,,,,,,,,,,,,,,,,,,,,,,,,,,,,,,,,,,,,,,,,,nan,,,,,,,,,,,,,,,
588,2615.422607421875,0.026125647127628326,2.6125647127628326,4281.477446556091,10000,ppo,ppo,crawler,flat,action_dth_tot_plus_friction_thdot_formula,,,,,,,,,,,,,,,0.002708808961913178,0,781,0.0,0.0,,,,,,,,,,,,,,,,,,,,,,,,,,,,,,,,,,,,,,,,,,,,,,,,,,,,,,,,,,,,,,,,,,,,,,,,,,nan,,,,,,,,,,,,,,,
589,2494.583740234375,0.02491697110235691,2.491697110235691,4288.7730548381805,10000,ppo,ppo,crawler,flat,action_dth_tot_plus_friction_thdot_formula,,,,,,,,,,,,,,,0.004174541216380906,0,781,0.0,0.0,,,,,,,,,,,,,,,,,,,,,,,,,,,,,,,,,,,,,,,,,,,,,,,,,,,,,,,,,,,,,,,,,,,,,,,,,,nan,,,,,,,,,,,,,,,
590,2537.787841796875,0.025349121540784836,2.5349121540784836,4296.280985355377,10000,ppo,ppo,crawler,flat,action_dth_tot_plus_friction_thdot_formula,,,,,,,,,,,,,,,0.003275520308770504,0,781,0.0,0.0,,,,,,,,,,,,,,,,,,,,,,,,,,,,,,,,,,,,,,,,,,,,,,,,,,,,,,,,,,,,,,,,,,,,,,,,,,nan,,,,,,,,,,,,,,,
591,2562.164306640625,0.025594137609004974,2.5594137609004974,4303.386132717133,10000,ppo,ppo,crawler,flat,action_dth_tot_plus_friction_thdot_formula,,,,,,,,,,,,,,,0.003423274974939419,0,781,0.0,0.0,,,,,,,,,,,,,,,,,,,,,,,,,,,,,,,,,,,,,,,,,,,,,,,,,,,,,,,,,,,,,,,,,,,,,,,,,,nan,,,,,,,,,,,,,,,
592,2564.34326171875,0.025616787374019623,2.5616787374019623,4310.604297161102,10000,ppo,ppo,crawler,flat,action_dth_tot_plus_friction_thdot_formula,,,,,,,,,,,,,,,0.00334291505328023,0,781,0.0,0.0,,,,,,,,,,,,,,,,,,,,,,,,,,,,,,,,,,,,,,,,,,,,,,,,,,,,,,,,,,,,,,,,,,,,,,,,,,nan,,,,,,,,,,,,,,,
593,2584.185546875,0.025811174884438515,2.5811174884438515,4317.844994306564,10000,ppo,ppo,crawler,flat,action_dth_tot_plus_friction_thdot_formula,,,,,,,,,,,,,,,0.0036239712084697204,0,781,0.0,0.0,,,,,,,,,,,,,,,,,,,,,,,,,,,,,,,,,,,,,,,,,,,,,,,,,,,,,,,,,,,,,,,,,,,,,,,,,,nan,,,,,,,,,,,,,,,
594,2576.571533203125,0.02573874406516552,2.573874406516552,4325.263514041901,10000,ppo,ppo,crawler,flat,action_dth_tot_plus_friction_thdot_formula,,,,,,,,,,,,,,,0.0034969784650312457,0,781,0.0,0.0,,,,,,,,,,,,,,,,,,,,,,,,,,,,,,,,,,,,,,,,,,,,,,,,,,,,,,,,,,,,,,,,,,,,,,,,,,nan,,,,,,,,,,,,,,,
595,2557.607177734375,0.025546593591570854,2.5546593591570854,4332.3985550403595,10000,ppo,ppo,crawler,flat,action_dth_tot_plus_friction_thdot_formula,,,,,,,,,,,,,,,0.002374695672038895,0,781,0.0,0.0,,,,,,,,,,,,,,,,,,,,,,,,,,,,,,,,,,,,,,,,,,,,,,,,,,,,,,,,,,,,,,,,,,,,,,,,,,nan,,,,,,,,,,,,,,,
596,2571.102783203125,0.025683147832751274,2.5683147832751274,4339.675980329514,10000,ppo,ppo,crawler,flat,action_dth_tot_plus_friction_thdot_formula,,,,,,,,,,,,,,,0.003046539528007713,0,781,0.0,0.0,,,,,,,,,,,,,,,,,,,,,,,,,,,,,,,,,,,,,,,,,,,,,,,,,,,,,,,,,,,,,,,,,,,,,,,,,,nan,,,,,,,,,,,,,,,
597,2593.85791015625,0.0259065181016922,2.59065181016922,4346.8341290950775,10000,ppo,ppo,crawler,flat,action_dth_tot_plus_friction_thdot_formula,,,,,,,,,,,,,,,0.002853119195337263,0,781,0.0,0.0,,,,,,,,,,,,,,,,,,,,,,,,,,,,,,,,,,,,,,,,,,,,,,,,,,,,,,,,,,,,,,,,,,,,,,,,,,nan,,,,,,,,,,,,,,,
598,2536.372314453125,0.025338279083371162,2.5338279083371162,4354.255310535431,10000,ppo,ppo,crawler,flat,action_dth_tot_plus_friction_thdot_formula,,,,,,,,,,,,,,,0.0031398516675626093,0,781,0.0,0.0,,,,,,,,,,,,,,,,,,,,,,,,,,,,,,,,,,,,,,,,,,,,,,,,,,,,,,,,,,,,,,,,,,,,,,,,,,nan,,,,,,,,,,,,,,,
599,2452.794189453125,0.02450137957930565,2.450137957930565,4361.403412818909,10000,ppo,ppo,crawler,flat,action_dth_tot_plus_friction_thdot_formula,,,,,,,,,,,,,,,0.004335292950454412,0,781,0.0,0.0,,,,,,,,,,,,,,,,,,,,,,,,,,,,,,,,,,,,,,,,,,,,,,,,,,,,,,,,,,,,,,,,,,,,,,,,,,nan,,,,,,,,,,,,,,,
600,2517.509765625,0.02514808066189289,2.514808066189289,4368.680033445358,10000,ppo,ppo,crawler,flat,action_dth_tot_plus_friction_thdot_formula,,,,,,,,,,,,,,,0.002742753008639299,0,781,0.0,0.0,,,,,,,,,,,,,,,,,,,,,,,,,,,,,,,,,,,,,,,,,,,,,,,,,,,,,,,,,,,,,,,,,,,,,,,,,,nan,,,,,,,,,,,,,,,
601,2474.164794921875,0.024717913940548897,2.4717913940548897,4375.818768501282,10000,ppo,ppo,crawler,flat,action_dth_tot_plus_friction_thdot_formula,,,,,,,,,,,,,,,0.002837522580898301,0,781,0.0,0.0,,,,,,,,,,,,,,,,,,,,,,,,,,,,,,,,,,,,,,,,,,,,,,,,,,,,,,,,,,,,,,,,,,,,,,,,,,nan,,,,,,,,,,,,,,,
602,2573.438232421875,0.025707388296723366,2.5707388296723366,4383.1031267642975,10000,ppo,ppo,crawler,flat,action_dth_tot_plus_friction_thdot_formula,,,,,,,,,,,,,,,0.003131064100929735,0,781,0.0,0.0,,,,,,,,,,,,,,,,,,,,,,,,,,,,,,,,,,,,,,,,,,,,,,,,,,,,,,,,,,,,,,,,,,,,,,,,,,nan,,,,,,,,,,,,,,,
603,2623.186767578125,0.026203691959381104,2.6203691959381104,4390.278692007065,10000,ppo,ppo,crawler,flat,action_dth_tot_plus_friction_thdot_formula,,,,,,,,,,,,,,,0.0035034875503518214,0,781,0.0,0.0,,,,,,,,,,,,,,,,,,,,,,,,,,,,,,,,,,,,,,,,,,,,,,,,,,,,,,,,,,,,,,,,,,,,,,,,,,nan,,,,,,,,,,,,,,,
604,2466.60009765625,0.02463729865849018,2.463729865849018,4397.498337268829,10000,ppo,ppo,crawler,flat,action_dth_tot_plus_friction_thdot_formula,,,,,,,,,,,,,,,0.003844156450497776,0,781,0.0,0.0,,,,,,,,,,,,,,,,,,,,,,,,,,,,,,,,,,,,,,,,,,,,,,,,,,,,,,,,,,,,,,,,,,,,,,,,,,nan,,,,,,,,,,,,,,,
605,2417.282470703125,0.024149177595973015,2.4149177595973015,4404.68194437027,10000,ppo,ppo,crawler,flat,action_dth_tot_plus_friction_thdot_formula,,,,,,,,,,,,,,,0.0036167110931026904,0,781,0.0,0.0,,,,,,,,,,,,,,,,,,,,,,,,,,,,,,,,,,,,,,,,,,,,,,,,,,,,,,,,,,,,,,,,,,,,,,,,,,nan,,,,,,,,,,,,,,,
606,2472.17431640625,0.02469641901552677,2.469641901552677,4411.863165616989,10000,ppo,ppo,crawler,flat,action_dth_tot_plus_friction_thdot_formula,,,,,,,,,,,,,,,0.0031294793242105092,0,781,0.0,0.0,,,,,,,,,,,,,,,,,,,,,,,,,,,,,,,,,,,,,,,,,,,,,,,,,,,,,,,,,,,,,,,,,,,,,,,,,,nan,,,,,,,,,,,,,,,
607,2514.084716796875,0.025114156305789948,2.5114156305789948,4419.088321447372,10000,ppo,ppo,crawler,flat,action_dth_tot_plus_friction_thdot_formula,,,,,,,,,,,,,,,0.002939236530831093,0,781,0.0,0.0,,,,,,,,,,,,,,,,,,,,,,,,,,,,,,,,,,,,,,,,,,,,,,,,,,,,,,,,,,,,,,,,,,,,,,,,,,nan,,,,,,,,,,,,,,,
608,2431.479736328125,0.024286195635795593,2.4286195635795593,4426.2747848033905,10000,ppo,ppo,crawler,flat,action_dth_tot_plus_friction_thdot_formula,,,,,,,,,,,,,,,0.004462159526253849,0,781,0.0,0.0,,,,,,,,,,,,,,,,,,,,,,,,,,,,,,,,,,,,,,,,,,,,,,,,,,,,,,,,,,,,,,,,,,,,,,,,,,nan,,,,,,,,,,,,,,,
609,2476.450439453125,0.024738868698477745,2.4738868698477745,4433.625048398972,10000,ppo,ppo,crawler,flat,action_dth_tot_plus_friction_thdot_formula,,,,,,,,,,,,,,,0.003482379882872789,0,781,0.0,0.0,,,,,,,,,,,,,,,,,,,,,,,,,,,,,,,,,,,,,,,,,,,,,,,,,,,,,,,,,,,,,,,,,,,,,,,,,,nan,,,,,,,,,,,,,,,
610,2496.881591796875,0.024941954761743546,2.4941954761743546,4440.745932340622,10000,ppo,ppo,crawler,flat,action_dth_tot_plus_friction_thdot_formula,,,,,,,,,,,,,,,0.0033156011644428864,0,781,0.0,0.0,,,,,,,,,,,,,,,,,,,,,,,,,,,,,,,,,,,,,,,,,,,,,,,,,,,,,,,,,,,,,,,,,,,,,,,,,,nan,,,,,,,,,,,,,,,
611,2482.070068359375,0.024794140830636024,2.4794140830636024,4447.94237446785,10000,ppo,ppo,crawler,flat,action_dth_tot_plus_friction_thdot_formula,,,,,,,,,,,,,,,0.003136172282352099,0,781,0.0,0.0,,,,,,,,,,,,,,,,,,,,,,,,,,,,,,,,,,,,,,,,,,,,,,,,,,,,,,,,,,,,,,,,,,,,,,,,,,nan,,,,,,,,,,,,,,,
612,2482.077392578125,0.024794988334178925,2.4794988334178925,4455.166392803192,10000,ppo,ppo,crawler,flat,action_dth_tot_plus_friction_thdot_formula,,,,,,,,,,,,,,,0.0031697104546606954,0,781,0.0,0.0,,,,,,,,,,,,,,,,,,,,,,,,,,,,,,,,,,,,,,,,,,,,,,,,,,,,,,,,,,,,,,,,,,,,,,,,,,nan,,,,,,,,,,,,,,,
613,2487.244873046875,0.02484622783958912,2.484622783958912,4462.517258405685,10000,ppo,ppo,crawler,flat,action_dth_tot_plus_friction_thdot_formula,,,,,,,,,,,,,,,0.003381433186490058,0,781,0.0,0.0,,,,,,,,,,,,,,,,,,,,,,,,,,,,,,,,,,,,,,,,,,,,,,,,,,,,,,,,,,,,,,,,,,,,,,,,,,nan,,,,,,,,,,,,,,,
614,2582.349609375,0.025796648114919662,2.5796648114919662,4469.744455099106,10000,ppo,ppo,crawler,flat,action_dth_tot_plus_friction_thdot_formula,,,,,,,,,,,,,,,0.0024793137307383153,0,781,0.0,0.0,,,,,,,,,,,,,,,,,,,,,,,,,,,,,,,,,,,,,,,,,,,,,,,,,,,,,,,,,,,,,,,,,,,,,,,,,,nan,,,,,,,,,,,,,,,
615,2577.003662109375,0.02574104256927967,2.574104256927967,4476.977635145187,10000,ppo,ppo,crawler,flat,action_dth_tot_plus_friction_thdot_formula,,,,,,,,,,,,,,,0.0032617061931214195,0,781,0.0,0.0,,,,,,,,,,,,,,,,,,,,,,,,,,,,,,,,,,,,,,,,,,,,,,,,,,,,,,,,,,,,,,,,,,,,,,,,,,nan,,,,,,,,,,,,,,,
616,2529.042724609375,0.025261279195547104,2.5261279195547104,4484.098904848099,10000,ppo,ppo,crawler,flat,action_dth_tot_plus_friction_thdot_formula,,,,,,,,,,,,,,,0.003085213123408424,0,781,0.0,0.0,,,,,,,,,,,,,,,,,,,,,,,,,,,,,,,,,,,,,,,,,,,,,,,,,,,,,,,,,,,,,,,,,,,,,,,,,,nan,,,,,,,,,,,,,,,
617,2459.076171875,0.024564692750573158,2.456469275057316,4491.541894197464,10000,ppo,ppo,crawler,flat,action_dth_tot_plus_friction_thdot_formula,,,,,,,,,,,,,,,0.003134088231731807,0,781,0.0,0.0,,,,,,,,,,,,,,,,,,,,,,,,,,,,,,,,,,,,,,,,,,,,,,,,,,,,,,,,,,,,,,,,,,,,,,,,,,nan,,,,,,,,,,,,,,,
618,2494.60009765625,0.024917956441640854,2.4917956441640854,4498.603148460388,10000,ppo,ppo,crawler,flat,action_dth_tot_plus_friction_thdot_formula,,,,,,,,,,,,,,,0.003561371937580466,0,781,0.0,0.0,,,,,,,,,,,,,,,,,,,,,,,,,,,,,,,,,,,,,,,,,,,,,,,,,,,,,,,,,,,,,,,,,,,,,,,,,,nan,,,,,,,,,,,,,,,
619,2463.7470703125,0.02461811527609825,2.461811527609825,4505.844182729721,10000,ppo,ppo,crawler,flat,action_dth_tot_plus_friction_thdot_formula,,,,,,,,,,,,,,,0.004482198751908065,0,781,0.0,0.0,,,,,,,,,,,,,,,,,,,,,,,,,,,,,,,,,,,,,,,,,,,,,,,,,,,,,,,,,,,,,,,,,,,,,,,,,,nan,,,,,,,,,,,,,,,
620,2536.066162109375,0.02533184364438057,2.533184364438057,4513.160368442535,10000,ppo,ppo,crawler,flat,action_dth_tot_plus_friction_thdot_formula,,,,,,,,,,,,,,,0.003064411237243224,0,781,0.0,0.0,,,,,,,,,,,,,,,,,,,,,,,,,,,,,,,,,,,,,,,,,,,,,,,,,,,,,,,,,,,,,,,,,,,,,,,,,,nan,,,,,,,,,,,,,,,
621,2520.77978515625,0.025180013850331306,2.5180013850331306,4520.469206094742,10000,ppo,ppo,crawler,flat,action_dth_tot_plus_friction_thdot_formula,,,,,,,,,,,,,,,0.0032465826194118066,0,781,0.0,0.0,,,,,,,,,,,,,,,,,,,,,,,,,,,,,,,,,,,,,,,,,,,,,,,,,,,,,,,,,,,,,,,,,,,,,,,,,,nan,,,,,,,,,,,,,,,
622,2455.18505859375,0.02452756278216839,2.452756278216839,4527.537251234055,10000,ppo,ppo,crawler,flat,action_dth_tot_plus_friction_thdot_formula,,,,,,,,,,,,,,,0.00418065924631347,0,781,0.0,0.0,,,,,,,,,,,,,,,,,,,,,,,,,,,,,,,,,,,,,,,,,,,,,,,,,,,,,,,,,,,,,,,,,,,,,,,,,,nan,,,,,,,,,,,,,,,
623,2476.293212890625,0.024734819307923317,2.4734819307923317,4534.876041889191,10000,ppo,ppo,crawler,flat,action_dth_tot_plus_friction_thdot_formula,,,,,,,,,,,,,,,0.003276310099715727,0,781,0.0,0.0,,,,,,,,,,,,,,,,,,,,,,,,,,,,,,,,,,,,,,,,,,,,,,,,,,,,,,,,,,,,,,,,,,,,,,,,,,nan,,,,,,,,,,,,,,,
624,2376.354248046875,0.023736482486128807,2.3736482486128807,4542.153912305832,10000,ppo,ppo,crawler,flat,action_dth_tot_plus_friction_thdot_formula,,,,,,,,,,,,,,,0.00280329752588232,0,781,0.0,0.0,,,,,,,,,,,,,,,,,,,,,,,,,,,,,,,,,,,,,,,,,,,,,,,,,,,,,,,,,,,,,,,,,,,,,,,,,,nan,,,,,,,,,,,,,,,
625,2496.806640625,0.02494657225906849,2.494657225906849,4549.520300388336,10000,ppo,ppo,crawler,flat,action_dth_tot_plus_friction_thdot_formula,,,,,,,,,,,,,,,0.003310711594412065,0,781,0.0,0.0,,,,,,,,,,,,,,,,,,,,,,,,,,,,,,,,,,,,,,,,,,,,,,,,,,,,,,,,,,,,,,,,,,,,,,,,,,nan,,,,,,,,,,,,,,,
626,2500.451171875,0.024979902431368828,2.497990243136883,4556.647128105164,10000,ppo,ppo,crawler,flat,action_dth_tot_plus_friction_thdot_formula,,,,,,,,,,,,,,,0.0035052767688099644,0,781,0.0,0.0,,,,,,,,,,,,,,,,,,,,,,,,,,,,,,,,,,,,,,,,,,,,,,,,,,,,,,,,,,,,,,,,,,,,,,,,,,nan,,,,,,,,,,,,,,,
627,2334.876708984375,0.02332458831369877,2.332458831369877,4563.917887926102,10000,ppo,ppo,crawler,flat,action_dth_tot_plus_friction_thdot_formula,,,,,,,,,,,,,,,0.003783994949985923,0,781,0.0,0.0,,,,,,,,,,,,,,,,,,,,,,,,,,,,,,,,,,,,,,,,,,,,,,,,,,,,,,,,,,,,,,,,,,,,,,,,,,nan,,,,,,,,,,,,,,,
628,2454.571044921875,0.024521447718143463,2.4521447718143463,4571.214380741119,10000,ppo,ppo,crawler,flat,action_dth_tot_plus_friction_thdot_formula,,,,,,,,,,,,,,,0.002580029848949905,0,781,0.0,0.0,,,,,,,,,,,,,,,,,,,,,,,,,,,,,,,,,,,,,,,,,,,,,,,,,,,,,,,,,,,,,,,,,,,,,,,,,,nan,,,,,,,,,,,,,,,
629,2459.913818359375,0.024576084688305855,2.4576084688305855,4578.466345310211,10000,ppo,ppo,crawler,flat,action_dth_tot_plus_friction_thdot_formula,,,,,,,,,,,,,,,0.0031405951032980263,0,781,0.0,0.0,,,,,,,,,,,,,,,,,,,,,,,,,,,,,,,,,,,,,,,,,,,,,,,,,,,,,,,,,,,,,,,,,,,,,,,,,,nan,,,,,,,,,,,,,,,
630,2520.39697265625,0.025179313495755196,2.5179313495755196,4585.667486906052,10000,ppo,ppo,crawler,flat,action_dth_tot_plus_friction_thdot_formula,,,,,,,,,,,,,,,0.0028209106059594105,0,781,0.0,0.0,,,,,,,,,,,,,,,,,,,,,,,,,,,,,,,,,,,,,,,,,,,,,,,,,,,,,,,,,,,,,,,,,,,,,,,,,,nan,,,,,,,,,,,,,,,
631,2465.81103515625,0.024631019681692123,2.4631019681692123,4593.043060541153,10000,ppo,ppo,crawler,flat,action_dth_tot_plus_friction_thdot_formula,,,,,,,,,,,,,,,0.003015083914757414,0,781,0.0,0.0,,,,,,,,,,,,,,,,,,,,,,,,,,,,,,,,,,,,,,,,,,,,,,,,,,,,,,,,,,,,,,,,,,,,,,,,,,nan,,,,,,,,,,,,,,,
632,2469.88623046875,0.024672899395227432,2.4672899395227432,4600.165048599243,10000,ppo,ppo,crawler,flat,action_dth_tot_plus_friction_thdot_formula,,,,,,,,,,,,,,,0.003214630139493783,0,781,0.0,0.0,,,,,,,,,,,,,,,,,,,,,,,,,,,,,,,,,,,,,,,,,,,,,,,,,,,,,,,,,,,,,,,,,,,,,,,,,,nan,,,,,,,,,,,,,,,
633,2632.05908203125,0.026292266324162483,2.6292266324162483,4607.349241256714,10000,ppo,ppo,crawler,flat,action_dth_tot_plus_friction_thdot_formula,,,,,,,,,,,,,,,0.0028431278719550663,0,781,0.0,0.0,,,,,,,,,,,,,,,,,,,,,,,,,,,,,,,,,,,,,,,,,,,,,,,,,,,,,,,,,,,,,,,,,,,,,,,,,,nan,,,,,,,,,,,,,,,
634,2447.48046875,0.024447327479720116,2.4447327479720116,4614.613179445267,10000,ppo,ppo,crawler,flat,action_dth_tot_plus_friction_thdot_formula,,,,,,,,,,,,,,,0.002782206438680355,0,781,0.0,0.0,,,,,,,,,,,,,,,,,,,,,,,,,,,,,,,,,,,,,,,,,,,,,,,,,,,,,,,,,,,,,,,,,,,,,,,,,,nan,,,,,,,,,,,,,,,
635,2507.148193359375,0.025049054995179176,2.5049054995179176,4621.844587564468,10000,ppo,ppo,crawler,flat,action_dth_tot_plus_friction_thdot_formula,,,,,,,,,,,,,,,0.003006487707710299,0,781,0.0,0.0,,,,,,,,,,,,,,,,,,,,,,,,,,,,,,,,,,,,,,,,,,,,,,,,,,,,,,,,,,,,,,,,,,,,,,,,,,nan,,,,,,,,,,,,,,,
636,2482.591064453125,0.024798987433314323,2.4798987433314323,4629.166619539261,10000,ppo,ppo,crawler,flat,action_dth_tot_plus_friction_thdot_formula,,,,,,,,,,,,,,,0.0032363501889795115,0,781,0.0,0.0,,,,,,,,,,,,,,,,,,,,,,,,,,,,,,,,,,,,,,,,,,,,,,,,,,,,,,,,,,,,,,,,,,,,,,,,,,nan,,,,,,,,,,,,,,,
637,2427.165771484375,0.024244144558906555,2.4244144558906555,4636.391988039017,10000,ppo,ppo,crawler,flat,action_dth_tot_plus_friction_thdot_formula,,,,,,,,,,,,,,,0.003994156200196964,0,781,0.0,0.0,,,,,,,,,,,,,,,,,,,,,,,,,,,,,,,,,,,,,,,,,,,,,,,,,,,,,,,,,,,,,,,,,,,,,,,,,,nan,,,,,,,,,,,,,,,
638,2471.90478515625,0.024692779406905174,2.4692779406905174,4643.647657632828,10000,ppo,ppo,crawler,flat,action_dth_tot_plus_friction_thdot_formula,,,,,,,,,,,,,,,0.003743607598297577,0,781,0.0,0.0,,,,,,,,,,,,,,,,,,,,,,,,,,,,,,,,,,,,,,,,,,,,,,,,,,,,,,,,,,,,,,,,,,,,,,,,,,nan,,,,,,,,,,,,,,,
639,2472.523681640625,0.024695616215467453,2.4695616215467453,4651.021993398666,10000,ppo,ppo,crawler,flat,action_dth_tot_plus_friction_thdot_formula,,,,,,,,,,,,,,,0.003237523198594004,0,781,0.0,0.0,,,,,,,,,,,,,,,,,,,,,,,,,,,,,,,,,,,,,,,,,,,,,,,,,,,,,,,,,,,,,,,,,,,,,,,,,,nan,,,,,,,,,,,,,,,
640,2539.08984375,0.025363828986883163,2.5363828986883163,4658.2495470047,10000,ppo,ppo,crawler,flat,action_dth_tot_plus_friction_thdot_formula,,,,,,,,,,,,,,,0.0028045705269047904,0,781,0.0,0.0,,,,,,,,,,,,,,,,,,,,,,,,,,,,,,,,,,,,,,,,,,,,,,,,,,,,,,,,,,,,,,,,,,,,,,,,,,nan,,,,,,,,,,,,,,,
641,2612.734375,0.026100939139723778,2.6100939139723778,4665.416810035706,10000,ppo,ppo,crawler,flat,action_dth_tot_plus_friction_thdot_formula,,,,,,,,,,,,,,,0.003457938544337415,0,781,0.0,0.0,,,,,,,,,,,,,,,,,,,,,,,,,,,,,,,,,,,,,,,,,,,,,,,,,,,,,,,,,,,,,,,,,,,,,,,,,,nan,,,,,,,,,,,,,,,
642,2499.85595703125,0.02497432567179203,2.497432567179203,4672.664432287216,10000,ppo,ppo,crawler,flat,action_dth_tot_plus_friction_thdot_formula,,,,,,,,,,,,,,,0.002834818854277522,0,781,0.0,0.0,,,,,,,,,,,,,,,,,,,,,,,,,,,,,,,,,,,,,,,,,,,,,,,,,,,,,,,,,,,,,,,,,,,,,,,,,,nan,,,,,,,,,,,,,,,
643,2495.489013671875,0.024925047531723976,2.4925047531723976,4679.987426519394,10000,ppo,ppo,crawler,flat,action_dth_tot_plus_friction_thdot_formula,,,,,,,,,,,,,,,0.0026578926497330428,0,781,0.0,0.0,,,,,,,,,,,,,,,,,,,,,,,,,,,,,,,,,,,,,,,,,,,,,,,,,,,,,,,,,,,,,,,,,,,,,,,,,,nan,,,,,,,,,,,,,,,
644,2578.522216796875,0.025758806616067886,2.5758806616067886,4687.219621419907,10000,ppo,ppo,crawler,flat,action_dth_tot_plus_friction_thdot_formula,,,,,,,,,,,,,,,0.003296316072920745,0,781,0.0,0.0,,,,,,,,,,,,,,,,,,,,,,,,,,,,,,,,,,,,,,,,,,,,,,,,,,,,,,,,,,,,,,,,,,,,,,,,,,nan,,,,,,,,,,,,,,,
645,2427.757080078125,0.024253778159618378,2.4253778159618378,4694.402297973633,10000,ppo,ppo,crawler,flat,action_dth_tot_plus_friction_thdot_formula,,,,,,,,,,,,,,,0.0038622578024081933,0,781,0.0,0.0,,,,,,,,,,,,,,,,,,,,,,,,,,,,,,,,,,,,,,,,,,,,,,,,,,,,,,,,,,,,,,,,,,,,,,,,,,nan,,,,,,,,,,,,,,,
646,2637.845703125,0.026355065405368805,2.6355065405368805,4701.774591445923,10000,ppo,ppo,crawler,flat,action_dth_tot_plus_friction_thdot_formula,,,,,,,,,,,,,,,0.0022287699336167566,0,781,0.0,0.0,,,,,,,,,,,,,,,,,,,,,,,,,,,,,,,,,,,,,,,,,,,,,,,,,,,,,,,,,,,,,,,,,,,,,,,,,,nan,,,,,,,,,,,,,,,
647,2492.593994140625,0.02490111254155636,2.490111254155636,4708.968579053879,10000,ppo,ppo,crawler,flat,action_dth_tot_plus_friction_thdot_formula,,,,,,,,,,,,,,,0.0026231920608962085,0,781,0.0,0.0,,,,,,,,,,,,,,,,,,,,,,,,,,,,,,,,,,,,,,,,,,,,,,,,,,,,,,,,,,,,,,,,,,,,,,,,,,nan,,,,,,,,,,,,,,,
648,2468.17724609375,0.02465885318815708,2.465885318815708,4716.285045862198,10000,ppo,ppo,crawler,flat,action_dth_tot_plus_friction_thdot_formula,,,,,,,,,,,,,,,0.0034989003113216973,0,781,0.0,0.0,,,,,,,,,,,,,,,,,,,,,,,,,,,,,,,,,,,,,,,,,,,,,,,,,,,,,,,,,,,,,,,,,,,,,,,,,,nan,,,,,,,,,,,,,,,
649,2435.973388671875,0.024332137778401375,2.4332137778401375,4723.497813940048,10000,ppo,ppo,crawler,flat,action_dth_tot_plus_friction_thdot_formula,,,,,,,,,,,,,,,0.0030563246678929445,0,781,0.0,0.0,,,,,,,,,,,,,,,,,,,,,,,,,,,,,,,,,,,,,,,,,,,,,,,,,,,,,,,,,,,,,,,,,,,,,,,,,,nan,,,,,,,,,,,,,,,
650,2477.665771484375,0.024755077436566353,2.4755077436566353,4730.9314823150635,10000,ppo,ppo,crawler,flat,action_dth_tot_plus_friction_thdot_formula,,,,,,,,,,,,,,,0.0031547195066965604,0,781,0.0,0.0,,,,,,,,,,,,,,,,,,,,,,,,,,,,,,,,,,,,,,,,,,,,,,,,,,,,,,,,,,,,,,,,,,,,,,,,,,nan,,,,,,,,,,,,,,,
651,2577.19384765625,0.025745265185832977,2.5745265185832977,4738.056939840317,10000,ppo,ppo,crawler,flat,action_dth_tot_plus_friction_thdot_formula,,,,,,,,,,,,,,,0.0027227267383260322,0,781,0.0,0.0,,,,,,,,,,,,,,,,,,,,,,,,,,,,,,,,,,,,,,,,,,,,,,,,,,,,,,,,,,,,,,,,,,,,,,,,,,nan,,,,,,,,,,,,,,,
652,2577.478271484375,0.02574341371655464,2.574341371655464,4745.387015342712,10000,ppo,ppo,crawler,flat,action_dth_tot_plus_friction_thdot_formula,,,,,,,,,,,,,,,0.0028252921023354813,0,781,0.0,0.0,,,,,,,,,,,,,,,,,,,,,,,,,,,,,,,,,,,,,,,,,,,,,,,,,,,,,,,,,,,,,,,,,,,,,,,,,,nan,,,,,,,,,,,,,,,
653,2574.415771484375,0.025719592347741127,2.5719592347741127,4752.495924711227,10000,ppo,ppo,crawler,flat,action_dth_tot_plus_friction_thdot_formula,,,,,,,,,,,,,,,0.003787916167606403,0,781,0.0,0.0,,,,,,,,,,,,,,,,,,,,,,,,,,,,,,,,,,,,,,,,,,,,,,,,,,,,,,,,,,,,,,,,,,,,,,,,,,nan,,,,,,,,,,,,,,,
654,2573.118408203125,0.02570626139640808,2.570626139640808,4759.864782810211,10000,ppo,ppo,crawler,flat,action_dth_tot_plus_friction_thdot_formula,,,,,,,,,,,,,,,0.003360648848294971,0,781,0.0,0.0,,,,,,,,,,,,,,,,,,,,,,,,,,,,,,,,,,,,,,,,,,,,,,,,,,,,,,,,,,,,,,,,,,,,,,,,,,nan,,,,,,,,,,,,,,,
655,2593.621826171875,0.025913061574101448,2.591306157410145,4766.956079483032,10000,ppo,ppo,crawler,flat,action_dth_tot_plus_friction_thdot_formula,,,,,,,,,,,,,,,0.003276091979027436,0,781,0.0,0.0,,,,,,,,,,,,,,,,,,,,,,,,,,,,,,,,,,,,,,,,,,,,,,,,,,,,,,,,,,,,,,,,,,,,,,,,,,nan,,,,,,,,,,,,,,,
656,2488.137939453125,0.02485414408147335,2.485414408147335,4774.307302236557,10000,ppo,ppo,crawler,flat,action_dth_tot_plus_friction_thdot_formula,,,,,,,,,,,,,,,0.0037704674242271252,0,781,0.0,0.0,,,,,,,,,,,,,,,,,,,,,,,,,,,,,,,,,,,,,,,,,,,,,,,,,,,,,,,,,,,,,,,,,,,,,,,,,,nan,,,,,,,,,,,,,,,
657,2522.548828125,0.02519596554338932,2.519596554338932,4781.357828140259,10000,ppo,ppo,crawler,flat,action_dth_tot_plus_friction_thdot_formula,,,,,,,,,,,,,,,0.0037296169863255974,0,781,0.0,0.0,,,,,,,,,,,,,,,,,,,,,,,,,,,,,,,,,,,,,,,,,,,,,,,,,,,,,,,,,,,,,,,,,,,,,,,,,,nan,,,,,,,,,,,,,,,
658,2494.012451171875,0.024914100766181946,2.4914100766181946,4788.80183672905,10000,ppo,ppo,crawler,flat,action_dth_tot_plus_friction_thdot_formula,,,,,,,,,,,,,,,0.003651871280164831,0,781,0.0,0.0,,,,,,,,,,,,,,,,,,,,,,,,,,,,,,,,,,,,,,,,,,,,,,,,,,,,,,,,,,,,,,,,,,,,,,,,,,nan,,,,,,,,,,,,,,,
659,2535.995361328125,0.025335978716611862,2.533597871661186,4795.8578062057495,10000,ppo,ppo,crawler,flat,action_dth_tot_plus_friction_thdot_formula,,,,,,,,,,,,,,,0.003939122436384798,0,781,0.0,0.0,,,,,,,,,,,,,,,,,,,,,,,,,,,,,,,,,,,,,,,,,,,,,,,,,,,,,,,,,,,,,,,,,,,,,,,,,,nan,,,,,,,,,,,,,,,
660,2629.59033203125,0.02626778744161129,2.626778744161129,4802.983725070953,10000,ppo,ppo,crawler,flat,action_dth_tot_plus_friction_thdot_formula,,,,,,,,,,,,,,,0.0029974167997484954,0,781,0.0,0.0,,,,,,,,,,,,,,,,,,,,,,,,,,,,,,,,,,,,,,,,,,,,,,,,,,,,,,,,,,,,,,,,,,,,,,,,,,nan,,,,,,,,,,,,,,,
661,2528.123046875,0.025254767388105392,2.5254767388105392,4810.306452989578,10000,ppo,ppo,crawler,flat,action_dth_tot_plus_friction_thdot_formula,,,,,,,,,,,,,,,0.0030647445292788632,0,781,0.0,0.0,,,,,,,,,,,,,,,,,,,,,,,,,,,,,,,,,,,,,,,,,,,,,,,,,,,,,,,,,,,,,,,,,,,,,,,,,,nan,,,,,,,,,,,,,,,
662,2619.296875,0.02616196870803833,2.616196870803833,4817.38818025589,10000,ppo,ppo,crawler,flat,action_dth_tot_plus_friction_thdot_formula,,,,,,,,,,,,,,,0.0035313199431946675,0,781,0.0,0.0,,,,,,,,,,,,,,,,,,,,,,,,,,,,,,,,,,,,,,,,,,,,,,,,,,,,,,,,,,,,,,,,,,,,,,,,,,nan,,,,,,,,,,,,,,,
663,2519.473876953125,0.02517113834619522,2.517113834619522,4824.558077335358,10000,ppo,ppo,crawler,flat,action_dth_tot_plus_friction_thdot_formula,,,,,,,,,,,,,,,0.003436824094585206,0,781,0.0,0.0,,,,,,,,,,,,,,,,,,,,,,,,,,,,,,,,,,,,,,,,,,,,,,,,,,,,,,,,,,,,,,,,,,,,,,,,,,nan,,,,,,,,,,,,,,,
664,2515.896240234375,0.025135207921266556,2.5135207921266556,4831.704915046692,10000,ppo,ppo,crawler,flat,action_dth_tot_plus_friction_thdot_formula,,,,,,,,,,,,,,,0.002742564251740903,0,781,0.0,0.0,,,,,,,,,,,,,,,,,,,,,,,,,,,,,,,,,,,,,,,,,,,,,,,,,,,,,,,,,,,,,,,,,,,,,,,,,,nan,,,,,,,,,,,,,,,
665,2478.329833984375,0.024756334722042084,2.4756334722042084,4839.106163740158,10000,ppo,ppo,crawler,flat,action_dth_tot_plus_friction_thdot_formula,,,,,,,,,,,,,,,0.004320835716358807,0,781,0.0,0.0,,,,,,,,,,,,,,,,,,,,,,,,,,,,,,,,,,,,,,,,,,,,,,,,,,,,,,,,,,,,,,,,,,,,,,,,,,nan,,,,,,,,,,,,,,,
666,2488.204833984375,0.024853775277733803,2.4853775277733803,4846.152069807053,10000,ppo,ppo,crawler,flat,action_dth_tot_plus_friction_thdot_formula,,,,,,,,,,,,,,,0.0032130915577083387,0,781,0.0,0.0,,,,,,,,,,,,,,,,,,,,,,,,,,,,,,,,,,,,,,,,,,,,,,,,,,,,,,,,,,,,,,,,,,,,,,,,,,nan,,,,,,,,,,,,,,,
667,2553.648681640625,0.025512289255857468,2.5512289255857468,4853.423624753952,10000,ppo,ppo,crawler,flat,action_dth_tot_plus_friction_thdot_formula,,,,,,,,,,,,,,,0.0033347401036460562,0,781,0.0,0.0,,,,,,,,,,,,,,,,,,,,,,,,,,,,,,,,,,,,,,,,,,,,,,,,,,,,,,,,,,,,,,,,,,,,,,,,,,nan,,,,,,,,,,,,,,,
668,2532.712158203125,0.02529919706285,2.529919706285,4860.450047254562,10000,ppo,ppo,crawler,flat,action_dth_tot_plus_friction_thdot_formula,,,,,,,,,,,,,,,0.0029301742995372485,0,781,0.0,0.0,,,,,,,,,,,,,,,,,,,,,,,,,,,,,,,,,,,,,,,,,,,,,,,,,,,,,,,,,,,,,,,,,,,,,,,,,,nan,,,,,,,,,,,,,,,
669,2407.600830078125,0.024052299559116364,2.4052299559116364,4867.838754892349,10000,ppo,ppo,crawler,flat,action_dth_tot_plus_friction_thdot_formula,,,,,,,,,,,,,,,0.0031977503484984914,0,781,0.0,0.0,,,,,,,,,,,,,,,,,,,,,,,,,,,,,,,,,,,,,,,,,,,,,,,,,,,,,,,,,,,,,,,,,,,,,,,,,,nan,,,,,,,,,,,,,,,
670,2560.779052734375,0.025580771267414093,2.5580771267414093,4875.046061515808,10000,ppo,ppo,crawler,flat,action_dth_tot_plus_friction_thdot_formula,,,,,,,,,,,,,,,0.0035713193931055784,0,781,0.0,0.0,,,,,,,,,,,,,,,,,,,,,,,,,,,,,,,,,,,,,,,,,,,,,,,,,,,,,,,,,,,,,,,,,,,,,,,,,,nan,,,,,,,,,,,,,,,
671,2450.810546875,0.024481622502207756,2.4481622502207756,4882.1931619644165,10000,ppo,ppo,crawler,flat,action_dth_tot_plus_friction_thdot_formula,,,,,,,,,,,,,,,0.0041080065956696984,0,781,0.0,0.0,,,,,,,,,,,,,,,,,,,,,,,,,,,,,,,,,,,,,,,,,,,,,,,,,,,,,,,,,,,,,,,,,,,,,,,,,,nan,,,,,,,,,,,,,,,
672,2445.010009765625,0.024417266249656677,2.4417266249656677,4889.399865627289,10000,ppo,ppo,crawler,flat,action_dth_tot_plus_friction_thdot_formula,,,,,,,,,,,,,,,0.0029566342149868314,0,781,0.0,0.0,,,,,,,,,,,,,,,,,,,,,,,,,,,,,,,,,,,,,,,,,,,,,,,,,,,,,,,,,,,,,,,,,,,,,,,,,,nan,,,,,,,,,,,,,,,
673,2494.484130859375,0.024917511269450188,2.4917511269450188,4896.7574343681335,10000,ppo,ppo,crawler,flat,action_dth_tot_plus_friction_thdot_formula,,,,,,,,,,,,,,,0.0028613051213637096,0,781,0.0,0.0,,,,,,,,,,,,,,,,,,,,,,,,,,,,,,,,,,,,,,,,,,,,,,,,,,,,,,,,,,,,,,,,,,,,,,,,,,nan,,,,,,,,,,,,,,,
674,2484.681884765625,0.02481852099299431,2.481852099299431,4903.937662124634,10000,ppo,ppo,crawler,flat,action_dth_tot_plus_friction_thdot_formula,,,,,,,,,,,,,,,0.0024692689297570536,0,781,0.0,0.0,,,,,,,,,,,,,,,,,,,,,,,,,,,,,,,,,,,,,,,,,,,,,,,,,,,,,,,,,,,,,,,,,,,,,,,,,,nan,,,,,,,,,,,,,,,
675,2392.627685546875,0.02390202321112156,2.390202321112156,4911.446527004242,10000,ppo,ppo,crawler,flat,action_dth_tot_plus_friction_thdot_formula,,,,,,,,,,,,,,,0.004152748468209764,0,781,0.0,0.0,,,,,,,,,,,,,,,,,,,,,,,,,,,,,,,,,,,,,,,,,,,,,,,,,,,,,,,,,,,,,,,,,,,,,,,,,,nan,,,,,,,,,,,,,,,
676,2485.785888671875,0.024832844734191895,2.4832844734191895,4918.733591794968,10000,ppo,ppo,crawler,flat,action_dth_tot_plus_friction_thdot_formula,,,,,,,,,,,,,,,0.0031719576805086494,0,781,0.0,0.0,,,,,,,,,,,,,,,,,,,,,,,,,,,,,,,,,,,,,,,,,,,,,,,,,,,,,,,,,,,,,,,,,,,,,,,,,,nan,,,,,,,,,,,,,,,
677,2567.591064453125,0.025649596005678177,2.5649596005678177,4926.012458086014,10000,ppo,ppo,crawler,flat,action_dth_tot_plus_friction_thdot_formula,,,,,,,,,,,,,,,0.002718515330101286,0,781,0.0,0.0,,,,,,,,,,,,,,,,,,,,,,,,,,,,,,,,,,,,,,,,,,,,,,,,,,,,,,,,,,,,,,,,,,,,,,,,,,nan,,,,,,,,,,,,,,,
678,2403.362060546875,0.02400943450629711,2.400943450629711,4933.221178770065,10000,ppo,ppo,crawler,flat,action_dth_tot_plus_friction_thdot_formula,,,,,,,,,,,,,,,0.004398503779760405,0,781,0.0,0.0,,,,,,,,,,,,,,,,,,,,,,,,,,,,,,,,,,,,,,,,,,,,,,,,,,,,,,,,,,,,,,,,,,,,,,,,,,nan,,,,,,,,,,,,,,,
679,2446.134521484375,0.024432959035038948,2.443295903503895,4940.544916152954,10000,ppo,ppo,crawler,flat,action_dth_tot_plus_friction_thdot_formula,,,,,,,,,,,,,,,0.0038489797269217743,0,781,0.0,0.0,,,,,,,,,,,,,,,,,,,,,,,,,,,,,,,,,,,,,,,,,,,,,,,,,,,,,,,,,,,,,,,,,,,,,,,,,,nan,,,,,,,,,,,,,,,
680,2482.878173828125,0.024800825864076614,2.4800825864076614,4947.920962333679,10000,ppo,ppo,crawler,flat,action_dth_tot_plus_friction_thdot_formula,,,,,,,,,,,,,,,0.003669435035397994,0,781,0.0,0.0,,,,,,,,,,,,,,,,,,,,,,,,,,,,,,,,,,,,,,,,,,,,,,,,,,,,,,,,,,,,,,,,,,,,,,,,,,nan,,,,,,,,,,,,,,,
681,2451.636962890625,0.024490492418408394,2.4490492418408394,4955.208708763123,10000,ppo,ppo,crawler,flat,action_dth_tot_plus_friction_thdot_formula,,,,,,,,,,,,,,,0.003571927374173385,0,781,0.0,0.0,,,,,,,,,,,,,,,,,,,,,,,,,,,,,,,,,,,,,,,,,,,,,,,,,,,,,,,,,,,,,,,,,,,,,,,,,,nan,,,,,,,,,,,,,,,
682,2520.421142578125,0.025175044313073158,2.517504431307316,4962.293083906174,10000,ppo,ppo,crawler,flat,action_dth_tot_plus_friction_thdot_formula,,,,,,,,,,,,,,,0.0029744689323967406,0,781,0.0,0.0,,,,,,,,,,,,,,,,,,,,,,,,,,,,,,,,,,,,,,,,,,,,,,,,,,,,,,,,,,,,,,,,,,,,,,,,,,nan,,,,,,,,,,,,,,,
683,2477.46630859375,0.024748623371124268,2.4748623371124268,4969.732041120529,10000,ppo,ppo,crawler,flat,action_dth_tot_plus_friction_thdot_formula,,,,,,,,,,,,,,,0.0031888645880011348,0,781,0.0,0.0,,,,,,,,,,,,,,,,,,,,,,,,,,,,,,,,,,,,,,,,,,,,,,,,,,,,,,,,,,,,,,,,,,,,,,,,,,nan,,,,,,,,,,,,,,,
684,2525.4228515625,0.02522752247750759,2.522752247750759,4976.9860463142395,10000,ppo,ppo,crawler,flat,action_dth_tot_plus_friction_thdot_formula,,,,,,,,,,,,,,,0.0031687799021264803,0,781,0.0,0.0,,,,,,,,,,,,,,,,,,,,,,,,,,,,,,,,,,,,,,,,,,,,,,,,,,,,,,,,,,,,,,,,,,,,,,,,,,nan,,,,,,,,,,,,,,,
685,2575.4580078125,0.025728581473231316,2.5728581473231316,4984.270190000534,10000,ppo,ppo,crawler,flat,action_dth_tot_plus_friction_thdot_formula,,,,,,,,,,,,,,,0.00324757514145403,0,781,0.0,0.0,,,,,,,,,,,,,,,,,,,,,,,,,,,,,,,,,,,,,,,,,,,,,,,,,,,,,,,,,,,,,,,,,,,,,,,,,,nan,,,,,,,,,,,,,,,
686,2480.03125,0.024777740240097046,2.4777740240097046,4991.304377555847,10000,ppo,ppo,crawler,flat,action_dth_tot_plus_friction_thdot_formula,,,,,,,,,,,,,,,0.0029738393134321832,0,781,0.0,0.0,,,,,,,,,,,,,,,,,,,,,,,,,,,,,,,,,,,,,,,,,,,,,,,,,,,,,,,,,,,,,,,,,,,,,,,,,,nan,,,,,,,,,,,,,,,
687,2534.611083984375,0.025321731343865395,2.5321731343865395,4998.635875225067,10000,ppo,ppo,crawler,flat,action_dth_tot_plus_friction_thdot_formula,,,,,,,,,,,,,,,0.0032136993126531707,0,781,0.0,0.0,,,,,,,,,,,,,,,,,,,,,,,,,,,,,,,,,,,,,,,,,,,,,,,,,,,,,,,,,,,,,,,,,,,,,,,,,,nan,,,,,,,,,,,,,,,
688,2450.070068359375,0.024473926052451134,2.4473926052451134,5005.937272310257,10000,ppo,ppo,crawler,flat,action_dth_tot_plus_friction_thdot_formula,,,,,,,,,,,,,,,0.002260772483787057,0,781,0.0,0.0,,,,,,,,,,,,,,,,,,,,,,,,,,,,,,,,,,,,,,,,,,,,,,,,,,,,,,,,,,,,,,,,,,,,,,,,,,nan,,,,,,,,,,,,,,,
689,2509.203369140625,0.025062719359993935,2.5062719359993935,5013.184197664261,10000,ppo,ppo,crawler,flat,action_dth_tot_plus_friction_thdot_formula,,,,,,,,,,,,,,,0.0023665107191834247,0,781,0.0,0.0,,,,,,,,,,,,,,,,,,,,,,,,,,,,,,,,,,,,,,,,,,,,,,,,,,,,,,,,,,,,,,,,,,,,,,,,,,nan,,,,,,,,,,,,,,,
690,2520.36328125,0.025178978219628334,2.5178978219628334,5020.377782821655,10000,ppo,ppo,crawler,flat,action_dth_tot_plus_friction_thdot_formula,,,,,,,,,,,,,,,0.0028185763639065817,0,781,0.0,0.0,,,,,,,,,,,,,,,,,,,,,,,,,,,,,,,,,,,,,,,,,,,,,,,,,,,,,,,,,,,,,,,,,,,,,,,,,,nan,,,,,,,,,,,,,,,
691,2579.48876953125,0.025767697021365166,2.5767697021365166,5027.649938106537,10000,ppo,ppo,crawler,flat,action_dth_tot_plus_friction_thdot_formula,,,,,,,,,,,,,,,0.003359128067209701,0,781,0.0,0.0,,,,,,,,,,,,,,,,,,,,,,,,,,,,,,,,,,,,,,,,,,,,,,,,,,,,,,,,,,,,,,,,,,,,,,,,,,nan,,,,,,,,,,,,,,,
692,2480.15576171875,0.024774137884378433,2.4774137884378433,5034.892723798752,10000,ppo,ppo,crawler,flat,action_dth_tot_plus_friction_thdot_formula,,,,,,,,,,,,,,,0.0034274792710972638,0,781,0.0,0.0,,,,,,,,,,,,,,,,,,,,,,,,,,,,,,,,,,,,,,,,,,,,,,,,,,,,,,,,,,,,,,,,,,,,,,,,,,nan,,,,,,,,,,,,,,,
693,2487.272216796875,0.024850381538271904,2.4850381538271904,5042.030827045441,10000,ppo,ppo,crawler,flat,action_dth_tot_plus_friction_thdot_formula,,,,,,,,,,,,,,,0.003575544276329296,0,781,0.0,0.0,,,,,,,,,,,,,,,,,,,,,,,,,,,,,,,,,,,,,,,,,,,,,,,,,,,,,,,,,,,,,,,,,,,,,,,,,,nan,,,,,,,,,,,,,,,
694,2452.83203125,0.024500854313373566,2.4500854313373566,5049.361698389053,10000,ppo,ppo,crawler,flat,action_dth_tot_plus_friction_thdot_formula,,,,,,,,,,,,,,,0.002762229755406343,0,781,0.0,0.0,,,,,,,,,,,,,,,,,,,,,,,,,,,,,,,,,,,,,,,,,,,,,,,,,,,,,,,,,,,,,,,,,,,,,,,,,,nan,,,,,,,,,,,,,,,
695,2560.79833984375,0.025582697242498398,2.55826972424984,5056.617050647736,10000,ppo,ppo,crawler,flat,action_dth_tot_plus_friction_thdot_formula,,,,,,,,,,,,,,,0.0038908895687721837,0,781,0.0,0.0,,,,,,,,,,,,,,,,,,,,,,,,,,,,,,,,,,,,,,,,,,,,,,,,,,,,,,,,,,,,,,,,,,,,,,,,,,nan,,,,,,,,,,,,,,,
696,2552.566162109375,0.025498036295175552,2.5498036295175552,5063.852096796036,10000,ppo,ppo,crawler,flat,action_dth_tot_plus_friction_thdot_formula,,,,,,,,,,,,,,,0.0031433564189090493,0,781,0.0,0.0,,,,,,,,,,,,,,,,,,,,,,,,,,,,,,,,,,,,,,,,,,,,,,,,,,,,,,,,,,,,,,,,,,,,,,,,,,nan,,,,,,,,,,,,,,,
697,2578.7861328125,0.025760216638445854,2.5760216638445854,5070.884344816208,10000,ppo,ppo,crawler,flat,action_dth_tot_plus_friction_thdot_formula,,,,,,,,,,,,,,,0.0032360314624607636,0,781,0.0,0.0,,,,,,,,,,,,,,,,,,,,,,,,,,,,,,,,,,,,,,,,,,,,,,,,,,,,,,,,,,,,,,,,,,,,,,,,,,nan,,,,,,,,,,,,,,,
698,2684.18359375,0.026813417673110962,2.681341767311096,5078.015695810318,10000,ppo,ppo,crawler,flat,action_dth_tot_plus_friction_thdot_formula,,,,,,,,,,,,,,,0.002835971733581134,0,781,0.0,0.0,,,,,,,,,,,,,,,,,,,,,,,,,,,,,,,,,,,,,,,,,,,,,,,,,,,,,,,,,,,,,,,,,,,,,,,,,,nan,,,,,,,,,,,,,,,
699,2570.151123046875,0.025673937052488327,2.5673937052488327,5085.182703256607,10000,ppo,ppo,crawler,flat,action_dth_tot_plus_friction_thdot_formula,,,,,,,,,,,,,,,0.0033648713195154494,0,781,0.0,0.0,,,,,,,,,,,,,,,,,,,,,,,,,,,,,,,,,,,,,,,,,,,,,,,,,,,,,,,,,,,,,,,,,,,,,,,,,,nan,,,,,,,,,,,,,,,
700,2510.027099609375,0.025075430050492287,2.5075430050492287,5092.548060178757,10000,ppo,ppo,crawler,flat,action_dth_tot_plus_friction_thdot_formula,,,,,,,,,,,,,,,0.003203863005774518,0,781,0.0,0.0,,,,,,,,,,,,,,,,,,,,,,,,,,,,,,,,,,,,,,,,,,,,,,,,,,,,,,,,,,,,,,,,,,,,,,,,,,nan,,,,,,,,,,,,,,,
701,2624.777099609375,0.026220543310046196,2.6220543310046196,5099.66704082489,10000,ppo,ppo,crawler,flat,action_dth_tot_plus_friction_thdot_formula,,,,,,,,,,,,,,,0.0032650995168569,0,781,0.0,0.0,,,,,,,,,,,,,,,,,,,,,,,,,,,,,,,,,,,,,,,,,,,,,,,,,,,,,,,,,,,,,,,,,,,,,,,,,,nan,,,,,,,,,,,,,,,
702,2501.8125,0.024991579353809357,2.4991579353809357,5106.992431163788,10000,ppo,ppo,crawler,flat,action_dth_tot_plus_friction_thdot_formula,,,,,,,,,,,,,,,0.0034227385171498297,0,781,0.0,0.0,,,,,,,,,,,,,,,,,,,,,,,,,,,,,,,,,,,,,,,,,,,,,,,,,,,,,,,,,,,,,,,,,,,,,,,,,,nan,,,,,,,,,,,,,,,
703,2562.8359375,0.025599516928195953,2.5599516928195953,5114.090435504913,10000,ppo,ppo,crawler,flat,action_dth_tot_plus_friction_thdot_formula,,,,,,,,,,,,,,,0.0029448355357585983,0,781,0.0,0.0,,,,,,,,,,,,,,,,,,,,,,,,,,,,,,,,,,,,,,,,,,,,,,,,,,,,,,,,,,,,,,,,,,,,,,,,,,nan,,,,,,,,,,,,,,,
704,2597.615966796875,0.02594906836748123,2.594906836748123,5121.220942974091,10000,ppo,ppo,crawler,flat,action_dth_tot_plus_friction_thdot_formula,,,,,,,,,,,,,,,0.002269971711916143,0,781,0.0,0.0,,,,,,,,,,,,,,,,,,,,,,,,,,,,,,,,,,,,,,,,,,,,,,,,,,,,,,,,,,,,,,,,,,,,,,,,,,nan,,,,,,,,,,,,,,,
705,2543.94921875,0.02541481703519821,2.541481703519821,5128.358847141266,10000,ppo,ppo,crawler,flat,action_dth_tot_plus_friction_thdot_formula,,,,,,,,,,,,,,,0.0037103183543674466,0,781,0.0,0.0,,,,,,,,,,,,,,,,,,,,,,,,,,,,,,,,,,,,,,,,,,,,,,,,,,,,,,,,,,,,,,,,,,,,,,,,,,nan,,,,,,,,,,,,,,,
706,2603.90234375,0.026013197377324104,2.6013197377324104,5135.709796190262,10000,ppo,ppo,crawler,flat,action_dth_tot_plus_friction_thdot_formula,,,,,,,,,,,,,,,0.0034092522908071303,0,781,0.0,0.0,,,,,,,,,,,,,,,,,,,,,,,,,,,,,,,,,,,,,,,,,,,,,,,,,,,,,,,,,,,,,,,,,,,,,,,,,,nan,,,,,,,,,,,,,,,
707,2601.952392578125,0.025992324575781822,2.599232457578182,5142.729419231415,10000,ppo,ppo,crawler,flat,action_dth_tot_plus_friction_thdot_formula,,,,,,,,,,,,,,,0.0031601568515470346,0,781,0.0,0.0,,,,,,,,,,,,,,,,,,,,,,,,,,,,,,,,,,,,,,,,,,,,,,,,,,,,,,,,,,,,,,,,,,,,,,,,,,nan,,,,,,,,,,,,,,,
708,2562.062255859375,0.025594325736165047,2.5594325736165047,5149.945807695389,10000,ppo,ppo,crawler,flat,action_dth_tot_plus_friction_thdot_formula,,,,,,,,,,,,,,,0.0031715577162555377,0,781,0.0,0.0,,,,,,,,,,,,,,,,,,,,,,,,,,,,,,,,,,,,,,,,,,,,,,,,,,,,,,,,,,,,,,,,,,,,,,,,,,nan,,,,,,,,,,,,,,,
709,2664.212646484375,0.026612428948283195,2.6612428948283195,5157.018857717514,10000,ppo,ppo,crawler,flat,action_dth_tot_plus_friction_thdot_formula,,,,,,,,,,,,,,,0.00318553060492639,0,781,0.0,0.0,,,,,,,,,,,,,,,,,,,,,,,,,,,,,,,,,,,,,,,,,,,,,,,,,,,,,,,,,,,,,,,,,,,,,,,,,,nan,,,,,,,,,,,,,,,
710,2596.141357421875,0.025935625657439232,2.593562565743923,5164.327845573425,10000,ppo,ppo,crawler,flat,action_dth_tot_plus_friction_thdot_formula,,,,,,,,,,,,,,,0.0031101408888700344,0,781,0.0,0.0,,,,,,,,,,,,,,,,,,,,,,,,,,,,,,,,,,,,,,,,,,,,,,,,,,,,,,,,,,,,,,,,,,,,,,,,,,nan,,,,,,,,,,,,,,,
711,2676.3115234375,0.026734959334135056,2.6734959334135056,5171.445792913437,10000,ppo,ppo,crawler,flat,action_dth_tot_plus_friction_thdot_formula,,,,,,,,,,,,,,,0.002180498052673431,0,781,0.0,0.0,,,,,,,,,,,,,,,,,,,,,,,,,,,,,,,,,,,,,,,,,,,,,,,,,,,,,,,,,,,,,,,,,,,,,,,,,,nan,,,,,,,,,,,,,,,
712,2538.899169921875,0.025363493710756302,2.53634937107563,5178.483957529068,10000,ppo,ppo,crawler,flat,action_dth_tot_plus_friction_thdot_formula,,,,,,,,,,,,,,,0.0035301654568453593,0,781,0.0,0.0,,,,,,,,,,,,,,,,,,,,,,,,,,,,,,,,,,,,,,,,,,,,,,,,,,,,,,,,,,,,,,,,,,,,,,,,,,nan,,,,,,,,,,,,,,,
713,2603.875244140625,0.026012780144810677,2.6012780144810677,5185.708013057709,10000,ppo,ppo,crawler,flat,action_dth_tot_plus_friction_thdot_formula,,,,,,,,,,,,,,,0.002889346976598448,0,781,0.0,0.0,,,,,,,,,,,,,,,,,,,,,,,,,,,,,,,,,,,,,,,,,,,,,,,,,,,,,,,,,,,,,,,,,,,,,,,,,,nan,,,,,,,,,,,,,,,
714,2525.10009765625,0.025225399062037468,2.522539906203747,5192.985736608505,10000,ppo,ppo,crawler,flat,action_dth_tot_plus_friction_thdot_formula,,,,,,,,,,,,,,,0.0034053788703962296,0,781,0.0,0.0,,,,,,,,,,,,,,,,,,,,,,,,,,,,,,,,,,,,,,,,,,,,,,,,,,,,,,,,,,,,,,,,,,,,,,,,,,nan,,,,,,,,,,,,,,,
715,2486.19775390625,0.02483828365802765,2.483828365802765,5200.167169809341,10000,ppo,ppo,crawler,flat,action_dth_tot_plus_friction_thdot_formula,,,,,,,,,,,,,,,0.0038423717692932626,0,781,0.0,0.0,,,,,,,,,,,,,,,,,,,,,,,,,,,,,,,,,,,,,,,,,,,,,,,,,,,,,,,,,,,,,,,,,,,,,,,,,,nan,,,,,,,,,,,,,,,
716,2550.20751953125,0.02547379955649376,2.547379955649376,5207.234530210495,10000,ppo,ppo,crawler,flat,action_dth_tot_plus_friction_thdot_formula,,,,,,,,,,,,,,,0.00344741123333596,0,781,0.0,0.0,,,,,,,,,,,,,,,,,,,,,,,,,,,,,,,,,,,,,,,,,,,,,,,,,,,,,,,,,,,,,,,,,,,,,,,,,,nan,,,,,,,,,,,,,,,
717,2510.681396484375,0.02508108876645565,2.508108876645565,5214.613851547241,10000,ppo,ppo,crawler,flat,action_dth_tot_plus_friction_thdot_formula,,,,,,,,,,,,,,,0.003941212256718367,0,781,0.0,0.0,,,,,,,,,,,,,,,,,,,,,,,,,,,,,,,,,,,,,,,,,,,,,,,,,,,,,,,,,,,,,,,,,,,,,,,,,,nan,,,,,,,,,,,,,,,
718,2571.311279296875,0.025690438225865364,2.5690438225865364,5221.753196954727,10000,ppo,ppo,crawler,flat,action_dth_tot_plus_friction_thdot_formula,,,,,,,,,,,,,,,0.003233963394240642,0,781,0.0,0.0,,,,,,,,,,,,,,,,,,,,,,,,,,,,,,,,,,,,,,,,,,,,,,,,,,,,,,,,,,,,,,,,,,,,,,,,,,nan,,,,,,,,,,,,,,,
719,2546.585205078125,0.02544335089623928,2.544335089623928,5229.041090250015,10000,ppo,ppo,crawler,flat,action_dth_tot_plus_friction_thdot_formula,,,,,,,,,,,,,,,0.0025059641271435494,0,781,0.0,0.0,,,,,,,,,,,,,,,,,,,,,,,,,,,,,,,,,,,,,,,,,,,,,,,,,,,,,,,,,,,,,,,,,,,,,,,,,,nan,,,,,,,,,,,,,,,
720,2596.58984375,0.025941045954823494,2.5941045954823494,5236.1860563755035,10000,ppo,ppo,crawler,flat,action_dth_tot_plus_friction_thdot_formula,,,,,,,,,,,,,,,0.0028115165755334555,0,781,0.0,0.0,,,,,,,,,,,,,,,,,,,,,,,,,,,,,,,,,,,,,,,,,,,,,,,,,,,,,,,,,,,,,,,,,,,,,,,,,,nan,,,,,,,,,,,,,,,
721,2485.597900390625,0.02483154460787773,2.483154460787773,5243.465966939926,10000,ppo,ppo,crawler,flat,action_dth_tot_plus_friction_thdot_formula,,,,,,,,,,,,,,,0.0031700071031478126,0,781,0.0,0.0,,,,,,,,,,,,,,,,,,,,,,,,,,,,,,,,,,,,,,,,,,,,,,,,,,,,,,,,,,,,,,,,,,,,,,,,,,nan,,,,,,,,,,,,,,,
722,2506.189453125,0.025032635778188705,2.5032635778188705,5250.612919330597,10000,ppo,ppo,crawler,flat,action_dth_tot_plus_friction_thdot_formula,,,,,,,,,,,,,,,0.002722294452946297,0,781,0.0,0.0,,,,,,,,,,,,,,,,,,,,,,,,,,,,,,,,,,,,,,,,,,,,,,,,,,,,,,,,,,,,,,,,,,,,,,,,,,nan,,,,,,,,,,,,,,,
723,2547.77978515625,0.02545030228793621,2.545030228793621,5257.875766992569,10000,ppo,ppo,crawler,flat,action_dth_tot_plus_friction_thdot_formula,,,,,,,,,,,,,,,0.0034265710274502875,0,781,0.0,0.0,,,,,,,,,,,,,,,,,,,,,,,,,,,,,,,,,,,,,,,,,,,,,,,,,,,,,,,,,,,,,,,,,,,,,,,,,,nan,,,,,,,,,,,,,,,
724,2512.764892578125,0.025096481665968895,2.5096481665968895,5265.037787437439,10000,ppo,ppo,crawler,flat,action_dth_tot_plus_friction_thdot_formula,,,,,,,,,,,,,,,0.0035890356960101826,0,781,0.0,0.0,,,,,,,,,,,,,,,,,,,,,,,,,,,,,,,,,,,,,,,,,,,,,,,,,,,,,,,,,,,,,,,,,,,,,,,,,,nan,,,,,,,,,,,,,,,
725,2555.129150390625,0.02552223764359951,2.552223764359951,5272.688752412796,10000,ppo,ppo,crawler,flat,action_dth_tot_plus_friction_thdot_formula,,,,,,,,,,,,,,,0.0033849319442734002,0,781,0.0,0.0,,,,,,,,,,,,,,,,,,,,,,,,,,,,,,,,,,,,,,,,,,,,,,,,,,,,,,,,,,,,,,,,,,,,,,,,,,nan,,,,,,,,,,,,,,,
726,2547.601318359375,0.025450892746448517,2.5450892746448517,5279.769577741623,10000,ppo,ppo,crawler,flat,action_dth_tot_plus_friction_thdot_formula,,,,,,,,,,,,,,,0.0028434396549184638,0,781,0.0,0.0,,,,,,,,,,,,,,,,,,,,,,,,,,,,,,,,,,,,,,,,,,,,,,,,,,,,,,,,,,,,,,,,,,,,,,,,,,nan,,,,,,,,,,,,,,,
727,2457.583984375,0.02455146610736847,2.455146610736847,5287.126489400864,10000,ppo,ppo,crawler,flat,action_dth_tot_plus_friction_thdot_formula,,,,,,,,,,,,,,,0.003912688193532129,0,781,0.0,0.0,,,,,,,,,,,,,,,,,,,,,,,,,,,,,,,,,,,,,,,,,,,,,,,,,,,,,,,,,,,,,,,,,,,,,,,,,,nan,,,,,,,,,,,,,,,
728,2598.762939453125,0.025963151827454567,2.5963151827454567,5294.262484073639,10000,ppo,ppo,crawler,flat,action_dth_tot_plus_friction_thdot_formula,,,,,,,,,,,,,,,0.002478013629615176,0,781,0.0,0.0,,,,,,,,,,,,,,,,,,,,,,,,,,,,,,,,,,,,,,,,,,,,,,,,,,,,,,,,,,,,,,,,,,,,,,,,,,nan,,,,,,,,,,,,,,,
729,2620.424560546875,0.026177672669291496,2.6177672669291496,5301.580926179886,10000,ppo,ppo,crawler,flat,action_dth_tot_plus_friction_thdot_formula,,,,,,,,,,,,,,,0.002298199891475853,0,781,0.0,0.0,,,,,,,,,,,,,,,,,,,,,,,,,,,,,,,,,,,,,,,,,,,,,,,,,,,,,,,,,,,,,,,,,,,,,,,,,,nan,,,,,,,,,,,,,,,
730,2585.321044921875,0.025830812752246857,2.5830812752246857,5308.771148920059,10000,ppo,ppo,crawler,flat,action_dth_tot_plus_friction_thdot_formula,,,,,,,,,,,,,,,0.003071818204203718,0,781,0.0,0.0,,,,,,,,,,,,,,,,,,,,,,,,,,,,,,,,,,,,,,,,,,,,,,,,,,,,,,,,,,,,,,,,,,,,,,,,,,nan,,,,,,,,,,,,,,,
731,2461.462890625,0.02458391711115837,2.458391711115837,5316.068248748779,10000,ppo,ppo,crawler,flat,action_dth_tot_plus_friction_thdot_formula,,,,,,,,,,,,,,,0.003083269008551277,0,781,0.0,0.0,,,,,,,,,,,,,,,,,,,,,,,,,,,,,,,,,,,,,,,,,,,,,,,,,,,,,,,,,,,,,,,,,,,,,,,,,,nan,,,,,,,,,,,,,,,
732,2672.710693359375,0.026700329035520554,2.6700329035520554,5323.459882736206,10000,ppo,ppo,crawler,flat,action_dth_tot_plus_friction_thdot_formula,,,,,,,,,,,,,,,0.0034470745142031745,0,781,0.0,0.0,,,,,,,,,,,,,,,,,,,,,,,,,,,,,,,,,,,,,,,,,,,,,,,,,,,,,,,,,,,,,,,,,,,,,,,,,,nan,,,,,,,,,,,,,,,
733,2589.684326171875,0.025873590260744095,2.5873590260744095,5330.774194955826,10000,ppo,ppo,crawler,flat,action_dth_tot_plus_friction_thdot_formula,,,,,,,,,,,,,,,0.003271300958479348,0,781,0.0,0.0,,,,,,,,,,,,,,,,,,,,,,,,,,,,,,,,,,,,,,,,,,,,,,,,,,,,,,,,,,,,,,,,,,,,,,,,,,nan,,,,,,,,,,,,,,,
734,2564.233642578125,0.02561160735785961,2.561160735785961,5337.897315502167,10000,ppo,ppo,crawler,flat,action_dth_tot_plus_friction_thdot_formula,,,,,,,,,,,,,,,0.00345484937657304,0,781,0.0,0.0,,,,,,,,,,,,,,,,,,,,,,,,,,,,,,,,,,,,,,,,,,,,,,,,,,,,,,,,,,,,,,,,,,,,,,,,,,nan,,,,,,,,,,,,,,,
735,2706.131103515625,0.02703581564128399,2.703581564128399,5345.2619161605835,10000,ppo,ppo,crawler,flat,action_dth_tot_plus_friction_thdot_formula,,,,,,,,,,,,,,,0.003664409514928294,0,781,0.0,0.0,,,,,,,,,,,,,,,,,,,,,,,,,,,,,,,,,,,,,,,,,,,,,,,,,,,,,,,,,,,,,,,,,,,,,,,,,,nan,,,,,,,,,,,,,,,
736,2583.76611328125,0.025811046361923218,2.5811046361923218,5352.57493185997,10000,ppo,ppo,crawler,flat,action_dth_tot_plus_friction_thdot_formula,,,,,,,,,,,,,,,0.0026552131047061552,0,781,0.0,0.0,,,,,,,,,,,,,,,,,,,,,,,,,,,,,,,,,,,,,,,,,,,,,,,,,,,,,,,,,,,,,,,,,,,,,,,,,,nan,,,,,,,,,,,,,,,
737,2540.925048828125,0.02537820301949978,2.537820301949978,5359.9062287807465,10000,ppo,ppo,crawler,flat,action_dth_tot_plus_friction_thdot_formula,,,,,,,,,,,,,,,0.0030935412349129303,0,781,0.0,0.0,,,,,,,,,,,,,,,,,,,,,,,,,,,,,,,,,,,,,,,,,,,,,,,,,,,,,,,,,,,,,,,,,,,,,,,,,,nan,,,,,,,,,,,,,,,
738,2644.013427734375,0.026409074664115906,2.6409074664115906,5367.206382274628,10000,ppo,ppo,crawler,flat,action_dth_tot_plus_friction_thdot_formula,,,,,,,,,,,,,,,0.0032781330995600333,0,781,0.0,0.0,,,,,,,,,,,,,,,,,,,,,,,,,,,,,,,,,,,,,,,,,,,,,,,,,,,,,,,,,,,,,,,,,,,,,,,,,,nan,,,,,,,,,,,,,,,
739,2667.392333984375,0.026648443192243576,2.6648443192243576,5374.540827035904,10000,ppo,ppo,crawler,flat,action_dth_tot_plus_friction_thdot_formula,,,,,,,,,,,,,,,0.0029480379765254665,0,781,0.0,0.0,,,,,,,,,,,,,,,,,,,,,,,,,,,,,,,,,,,,,,,,,,,,,,,,,,,,,,,,,,,,,,,,,,,,,,,,,,nan,,,,,,,,,,,,,,,
740,2663.46142578125,0.02660859376192093,2.660859376192093,5381.846303224564,10000,ppo,ppo,crawler,flat,action_dth_tot_plus_friction_thdot_formula,,,,,,,,,,,,,,,0.0022549387186058534,0,781,0.0,0.0,,,,,,,,,,,,,,,,,,,,,,,,,,,,,,,,,,,,,,,,,,,,,,,,,,,,,,,,,,,,,,,,,,,,,,,,,,nan,,,,,,,,,,,,,,,
741,2640.877685546875,0.026380717754364014,2.6380717754364014,5389.117428779602,10000,ppo,ppo,crawler,flat,action_dth_tot_plus_friction_thdot_formula,,,,,,,,,,,,,,,0.002884601603712882,0,781,0.0,0.0,,,,,,,,,,,,,,,,,,,,,,,,,,,,,,,,,,,,,,,,,,,,,,,,,,,,,,,,,,,,,,,,,,,,,,,,,,nan,,,,,,,,,,,,,,,
742,2552.532958984375,0.025495879352092743,2.5495879352092743,5396.366817951202,10000,ppo,ppo,crawler,flat,action_dth_tot_plus_friction_thdot_formula,,,,,,,,,,,,,,,0.0031742722193800537,0,781,0.0,0.0,,,,,,,,,,,,,,,,,,,,,,,,,,,,,,,,,,,,,,,,,,,,,,,,,,,,,,,,,,,,,,,,,,,,,,,,,,nan,,,,,,,,,,,,,,,
743,2546.439208984375,0.025438200682401657,2.5438200682401657,5403.592756271362,10000,ppo,ppo,crawler,flat,action_dth_tot_plus_friction_thdot_formula,,,,,,,,,,,,,,,0.0026607707092671435,0,781,0.0,0.0,,,,,,,,,,,,,,,,,,,,,,,,,,,,,,,,,,,,,,,,,,,,,,,,,,,,,,,,,,,,,,,,,,,,,,,,,,nan,,,,,,,,,,,,,,,
744,2565.323486328125,0.025626860558986664,2.5626860558986664,5411.088784456253,10000,ppo,ppo,crawler,flat,action_dth_tot_plus_friction_thdot_formula,,,,,,,,,,,,,,,0.0027223936472596092,0,781,0.0,0.0,,,,,,,,,,,,,,,,,,,,,,,,,,,,,,,,,,,,,,,,,,,,,,,,,,,,,,,,,,,,,,,,,,,,,,,,,,nan,,,,,,,,,,,,,,,
745,2644.99462890625,0.02641807124018669,2.641807124018669,5418.177095413208,10000,ppo,ppo,crawler,flat,action_dth_tot_plus_friction_thdot_formula,,,,,,,,,,,,,,,0.0026632791922636995,0,781,0.0,0.0,,,,,,,,,,,,,,,,,,,,,,,,,,,,,,,,,,,,,,,,,,,,,,,,,,,,,,,,,,,,,,,,,,,,,,,,,,nan,,,,,,,,,,,,,,,
746,2716.125244140625,0.02713223174214363,2.713223174214363,5425.536834001541,10000,ppo,ppo,crawler,flat,action_dth_tot_plus_friction_thdot_formula,,,,,,,,,,,,,,,0.003482604305751481,0,781,0.0,0.0,,,,,,,,,,,,,,,,,,,,,,,,,,,,,,,,,,,,,,,,,,,,,,,,,,,,,,,,,,,,,,,,,,,,,,,,,,nan,,,,,,,,,,,,,,,
747,2642.25048828125,0.02639356069266796,2.639356069266796,5432.757855892181,10000,ppo,ppo,crawler,flat,action_dth_tot_plus_friction_thdot_formula,,,,,,,,,,,,,,,0.003278179938653627,0,781,0.0,0.0,,,,,,,,,,,,,,,,,,,,,,,,,,,,,,,,,,,,,,,,,,,,,,,,,,,,,,,,,,,,,,,,,,,,,,,,,,nan,,,,,,,,,,,,,,,
748,2558.716064453125,0.02556018903851509,2.556018903851509,5440.037801265717,10000,ppo,ppo,crawler,flat,action_dth_tot_plus_friction_thdot_formula,,,,,,,,,,,,,,,0.004277637056951505,0,781,0.0,0.0,,,,,,,,,,,,,,,,,,,,,,,,,,,,,,,,,,,,,,,,,,,,,,,,,,,,,,,,,,,,,,,,,,,,,,,,,,nan,,,,,,,,,,,,,,,
749,2706.765625,0.027039818465709686,2.7039818465709686,5447.272109270096,10000,ppo,ppo,crawler,flat,action_dth_tot_plus_friction_thdot_formula,,,,,,,,,,,,,,,0.00299655138095334,0,781,0.0,0.0,,,,,,,,,,,,,,,,,,,,,,,,,,,,,,,,,,,,,,,,,,,,,,,,,,,,,,,,,,,,,,,,,,,,,,,,,,nan,,,,,,,,,,,,,,,
750,2677.714599609375,0.02675214782357216,2.675214782357216,5454.524907588959,10000,ppo,ppo,crawler,flat,action_dth_tot_plus_friction_thdot_formula,,,,,,,,,,,,,,,0.0031233284268862116,0,781,0.0,0.0,,,,,,,,,,,,,,,,,,,,,,,,,,,,,,,,,,,,,,,,,,,,,,,,,,,,,,,,,,,,,,,,,,,,,,,,,,nan,,,,,,,,,,,,,,,
751,2684.775146484375,0.026819735765457153,2.6819735765457153,5461.758723258972,10000,ppo,ppo,crawler,flat,action_dth_tot_plus_friction_thdot_formula,,,,,,,,,,,,,,,0.00312008802563181,0,781,0.0,0.0,,,,,,,,,,,,,,,,,,,,,,,,,,,,,,,,,,,,,,,,,,,,,,,,,,,,,,,,,,,,,,,,,,,,,,,,,,nan,,,,,,,,,,,,,,,
752,2715.995361328125,0.02713804319500923,2.713804319500923,5469.090994358063,10000,ppo,ppo,crawler,flat,action_dth_tot_plus_friction_thdot_formula,,,,,,,,,,,,,,,0.002983767736915418,0,781,0.0,0.0,,,,,,,,,,,,,,,,,,,,,,,,,,,,,,,,,,,,,,,,,,,,,,,,,,,,,,,,,,,,,,,,,,,,,,,,,,nan,,,,,,,,,,,,,,,
753,2688.52587890625,0.026864508166909218,2.686450816690922,5476.21077299118,10000,ppo,ppo,crawler,flat,action_dth_tot_plus_friction_thdot_formula,,,,,,,,,,,,,,,0.0033025953428439375,0,781,0.0,0.0,,,,,,,,,,,,,,,,,,,,,,,,,,,,,,,,,,,,,,,,,,,,,,,,,,,,,,,,,,,,,,,,,,,,,,,,,,nan,,,,,,,,,,,,,,,
754,2665.453125,0.026626620441675186,2.6626620441675186,5483.503537416458,10000,ppo,ppo,crawler,flat,action_dth_tot_plus_friction_thdot_formula,,,,,,,,,,,,,,,0.003258231640855988,0,781,0.0,0.0,,,,,,,,,,,,,,,,,,,,,,,,,,,,,,,,,,,,,,,,,,,,,,,,,,,,,,,,,,,,,,,,,,,,,,,,,,nan,,,,,,,,,,,,,,,
755,2721.150146484375,0.027182266116142273,2.7182266116142273,5490.9043090343475,10000,ppo,ppo,crawler,flat,action_dth_tot_plus_friction_thdot_formula,,,,,,,,,,,,,,,0.0032145133078493007,0,781,0.0,0.0,,,,,,,,,,,,,,,,,,,,,,,,,,,,,,,,,,,,,,,,,,,,,,,,,,,,,,,,,,,,,,,,,,,,,,,,,,nan,,,,,,,,,,,,,,,
756,2759.689453125,0.027568217366933823,2.7568217366933823,5498.069975614548,10000,ppo,ppo,crawler,flat,action_dth_tot_plus_friction_thdot_formula,,,,,,,,,,,,,,,0.0025549855697873224,0,781,0.0,0.0,,,,,,,,,,,,,,,,,,,,,,,,,,,,,,,,,,,,,,,,,,,,,,,,,,,,,,,,,,,,,,,,,,,,,,,,,,nan,,,,,,,,,,,,,,,
757,2732.43212890625,0.02729703299701214,2.729703299701214,5505.202466726303,10000,ppo,ppo,crawler,flat,action_dth_tot_plus_friction_thdot_formula,,,,,,,,,,,,,,,0.002251826004799224,0,781,0.0,0.0,,,,,,,,,,,,,,,,,,,,,,,,,,,,,,,,,,,,,,,,,,,,,,,,,,,,,,,,,,,,,,,,,,,,,,,,,,nan,,,,,,,,,,,,,,,
758,2666.870849609375,0.026645537465810776,2.6645537465810776,5512.499794483185,10000,ppo,ppo,crawler,flat,action_dth_tot_plus_friction_thdot_formula,,,,,,,,,,,,,,,0.0026904313343087574,0,781,0.0,0.0,,,,,,,,,,,,,,,,,,,,,,,,,,,,,,,,,,,,,,,,,,,,,,,,,,,,,,,,,,,,,,,,,,,,,,,,,,nan,,,,,,,,,,,,,,,
759,2651.212646484375,0.026483306661248207,2.6483306661248207,5519.6888082027435,10000,ppo,ppo,crawler,flat,action_dth_tot_plus_friction_thdot_formula,,,,,,,,,,,,,,,0.003612199103945351,0,781,0.0,0.0,,,,,,,,,,,,,,,,,,,,,,,,,,,,,,,,,,,,,,,,,,,,,,,,,,,,,,,,,,,,,,,,,,,,,,,,,,nan,,,,,,,,,,,,,,,
760,2743.580810546875,0.027406176552176476,2.7406176552176476,5526.87645149231,10000,ppo,ppo,crawler,flat,action_dth_tot_plus_friction_thdot_formula,,,,,,,,,,,,,,,0.0026949050004290544,0,781,0.0,0.0,,,,,,,,,,,,,,,,,,,,,,,,,,,,,,,,,,,,,,,,,,,,,,,,,,,,,,,,,,,,,,,,,,,,,,,,,,nan,,,,,,,,,,,,,,,
761,2733.587646484375,0.0273057222366333,2.73057222366333,5533.955921173096,10000,ppo,ppo,crawler,flat,action_dth_tot_plus_friction_thdot_formula,,,,,,,,,,,,,,,0.003609784569864957,0,781,0.0,0.0,,,,,,,,,,,,,,,,,,,,,,,,,,,,,,,,,,,,,,,,,,,,,,,,,,,,,,,,,,,,,,,,,,,,,,,,,,nan,,,,,,,,,,,,,,,
762,2624.357177734375,0.026218688115477562,2.621868811547756,5541.407693862915,10000,ppo,ppo,crawler,flat,action_dth_tot_plus_friction_thdot_formula,,,,,,,,,,,,,,,0.003820915862520806,0,781,0.0,0.0,,,,,,,,,,,,,,,,,,,,,,,,,,,,,,,,,,,,,,,,,,,,,,,,,,,,,,,,,,,,,,,,,,,,,,,,,,nan,,,,,,,,,,,,,,,
763,2695.207763671875,0.026923613622784615,2.6923613622784615,5548.582554578781,10000,ppo,ppo,crawler,flat,action_dth_tot_plus_friction_thdot_formula,,,,,,,,,,,,,,,0.003401815697041587,0,781,0.0,0.0,,,,,,,,,,,,,,,,,,,,,,,,,,,,,,,,,,,,,,,,,,,,,,,,,,,,,,,,,,,,,,,,,,,,,,,,,,nan,,,,,,,,,,,,,,,
764,2732.68115234375,0.02729482389986515,2.729482389986515,5555.8145043849945,10000,ppo,ppo,crawler,flat,action_dth_tot_plus_friction_thdot_formula,,,,,,,,,,,,,,,0.0029387554758906285,0,781,0.0,0.0,,,,,,,,,,,,,,,,,,,,,,,,,,,,,,,,,,,,,,,,,,,,,,,,,,,,,,,,,,,,,,,,,,,,,,,,,,nan,,,,,,,,,,,,,,,
765,2705.73046875,0.027027275413274765,2.7027275413274765,5562.851891517639,10000,ppo,ppo,crawler,flat,action_dth_tot_plus_friction_thdot_formula,,,,,,,,,,,,,,,0.0037628717763884835,0,781,0.0,0.0,,,,,,,,,,,,,,,,,,,,,,,,,,,,,,,,,,,,,,,,,,,,,,,,,,,,,,,,,,,,,,,,,,,,,,,,,,nan,,,,,,,,,,,,,,,
766,2648.609619140625,0.026457110419869423,2.6457110419869423,5570.413221120834,10000,ppo,ppo,crawler,flat,action_dth_tot_plus_friction_thdot_formula,,,,,,,,,,,,,,,0.0027456221151867435,0,781,0.0,0.0,,,,,,,,,,,,,,,,,,,,,,,,,,,,,,,,,,,,,,,,,,,,,,,,,,,,,,,,,,,,,,,,,,,,,,,,,,nan,,,,,,,,,,,,,,,
767,2661.666748046875,0.02658965438604355,2.658965438604355,5577.452310800552,10000,ppo,ppo,crawler,flat,action_dth_tot_plus_friction_thdot_formula,,,,,,,,,,,,,,,0.003875011138738134,0,781,0.0,0.0,,,,,,,,,,,,,,,,,,,,,,,,,,,,,,,,,,,,,,,,,,,,,,,,,,,,,,,,,,,,,,,,,,,,,,,,,,nan,,,,,,,,,,,,,,,
768,2656.050048828125,0.026529785245656967,2.6529785245656967,5584.673337459564,10000,ppo,ppo,crawler,flat,action_dth_tot_plus_friction_thdot_formula,,,,,,,,,,,,,,,0.0033021482740225993,0,781,0.0,0.0,,,,,,,,,,,,,,,,,,,,,,,,,,,,,,,,,,,,,,,,,,,,,,,,,,,,,,,,,,,,,,,,,,,,,,,,,,nan,,,,,,,,,,,,,,,
769,2563.477294921875,0.0256077591329813,2.56077591329813,5591.839269161224,10000,ppo,ppo,crawler,flat,action_dth_tot_plus_friction_thdot_formula,,,,,,,,,,,,,,,0.003039357822794448,0,781,0.0,0.0,,,,,,,,,,,,,,,,,,,,,,,,,,,,,,,,,,,,,,,,,,,,,,,,,,,,,,,,,,,,,,,,,,,,,,,,,,nan,,,,,,,,,,,,,,,
770,2701.554443359375,0.026988530531525612,2.698853053152561,5599.091331481934,10000,ppo,ppo,crawler,flat,action_dth_tot_plus_friction_thdot_formula,,,,,,,,,,,,,,,0.0025894269120620705,0,781,0.0,0.0,,,,,,,,,,,,,,,,,,,,,,,,,,,,,,,,,,,,,,,,,,,,,,,,,,,,,,,,,,,,,,,,,,,,,,,,,,nan,,,,,,,,,,,,,,,
771,2650.060302734375,0.026475830003619194,2.6475830003619194,5606.34651017189,10000,ppo,ppo,crawler,flat,action_dth_tot_plus_friction_thdot_formula,,,,,,,,,,,,,,,0.0024079730834173354,0,781,0.0,0.0,,,,,,,,,,,,,,,,,,,,,,,,,,,,,,,,,,,,,,,,,,,,,,,,,,,,,,,,,,,,,,,,,,,,,,,,,,nan,,,,,,,,,,,,,,,
772,2689.645263671875,0.026866618543863297,2.6866618543863297,5613.39027261734,10000,ppo,ppo,crawler,flat,action_dth_tot_plus_friction_thdot_formula,,,,,,,,,,,,,,,0.0031009366964323925,0,781,0.0,0.0,,,,,,,,,,,,,,,,,,,,,,,,,,,,,,,,,,,,,,,,,,,,,,,,,,,,,,,,,,,,,,,,,,,,,,,,,,nan,,,,,,,,,,,,,,,
773,2661.602783203125,0.026589250192046165,2.6589250192046165,5620.816936016083,10000,ppo,ppo,crawler,flat,action_dth_tot_plus_friction_thdot_formula,,,,,,,,,,,,,,,0.0033775089812738087,0,781,0.0,0.0,,,,,,,,,,,,,,,,,,,,,,,,,,,,,,,,,,,,,,,,,,,,,,,,,,,,,,,,,,,,,,,,,,,,,,,,,,nan,,,,,,,,,,,,,,,
774,2837.2978515625,0.028345495462417603,2.8345495462417603,5627.906728029251,10000,ppo,ppo,crawler,flat,action_dth_tot_plus_friction_thdot_formula,,,,,,,,,,,,,,,0.002847890990463392,0,781,0.0,0.0,,,,,,,,,,,,,,,,,,,,,,,,,,,,,,,,,,,,,,,,,,,,,,,,,,,,,,,,,,,,,,,,,,,,,,,,,,nan,,,,,,,,,,,,,,,
775,2703.732177734375,0.027008580043911934,2.7008580043911934,5635.260233640671,10000,ppo,ppo,crawler,flat,action_dth_tot_plus_friction_thdot_formula,,,,,,,,,,,,,,,0.003163700359693112,0,781,0.0,0.0,,,,,,,,,,,,,,,,,,,,,,,,,,,,,,,,,,,,,,,,,,,,,,,,,,,,,,,,,,,,,,,,,,,,,,,,,,nan,,,,,,,,,,,,,,,
776,2700.669677734375,0.02697981894016266,2.697981894016266,5642.227175712585,10000,ppo,ppo,crawler,flat,action_dth_tot_plus_friction_thdot_formula,,,,,,,,,,,,,,,0.0026778103298911284,0,781,0.0,0.0,,,,,,,,,,,,,,,,,,,,,,,,,,,,,,,,,,,,,,,,,,,,,,,,,,,,,,,,,,,,,,,,,,,,,,,,,,nan,,,,,,,,,,,,,,,
777,2705.549072265625,0.027024252340197563,2.7024252340197563,5649.647856473923,10000,ppo,ppo,crawler,flat,action_dth_tot_plus_friction_thdot_formula,,,,,,,,,,,,,,,0.002771915147819159,0,781,0.0,0.0,,,,,,,,,,,,,,,,,,,,,,,,,,,,,,,,,,,,,,,,,,,,,,,,,,,,,,,,,,,,,,,,,,,,,,,,,,nan,,,,,,,,,,,,,,,
778,2860.68603515625,0.02857706882059574,2.857706882059574,5656.688013792038,10000,ppo,ppo,crawler,flat,action_dth_tot_plus_friction_thdot_formula,,,,,,,,,,,,,,,0.002776315901391196,0,781,0.0,0.0,,,,,,,,,,,,,,,,,,,,,,,,,,,,,,,,,,,,,,,,,,,,,,,,,,,,,,,,,,,,,,,,,,,,,,,,,,nan,,,,,,,,,,,,,,,
779,2712.45556640625,0.02709474414587021,2.709474414587021,5664.221326828003,10000,ppo,ppo,crawler,flat,action_dth_tot_plus_friction_thdot_formula,,,,,,,,,,,,,,,0.0032042842842793513,0,781,0.0,0.0,,,,,,,,,,,,,,,,,,,,,,,,,,,,,,,,,,,,,,,,,,,,,,,,,,,,,,,,,,,,,,,,,,,,,,,,,,nan,,,,,,,,,,,,,,,
780,2786.11376953125,0.02783181704580784,2.783181704580784,5671.393121242523,10000,ppo,ppo,crawler,flat,action_dth_tot_plus_friction_thdot_formula,,,,,,,,,,,,,,,0.0028140760985248996,0,781,0.0,0.0,,,,,,,,,,,,,,,,,,,,,,,,,,,,,,,,,,,,,,,,,,,,,,,,,,,,,,,,,,,,,,,,,,,,,,,,,,nan,,,,,,,,,,,,,,,
781,2689.312255859375,0.02686161734163761,2.686161734163761,5678.898199796677,10000,ppo,ppo,crawler,flat,action_dth_tot_plus_friction_thdot_formula,,,,,,,,,,,,,,,0.0031690166227709713,0,781,0.0,0.0,,,,,,,,,,,,,,,,,,,,,,,,,,,,,,,,,,,,,,,,,,,,,,,,,,,,,,,,,,,,,,,,,,,,,,,,,,nan,,,,,,,,,,,,,,,
782,2778.68603515625,0.02775736339390278,2.775736339390278,5686.144065380096,10000,ppo,ppo,crawler,flat,action_dth_tot_plus_friction_thdot_formula,,,,,,,,,,,,,,,0.0040683363745866695,0,781,0.0,0.0,,,,,,,,,,,,,,,,,,,,,,,,,,,,,,,,,,,,,,,,,,,,,,,,,,,,,,,,,,,,,,,,,,,,,,,,,,nan,,,,,,,,,,,,,,,
783,2697.379638671875,0.02694404311478138,2.694404311478138,5693.469323158264,10000,ppo,ppo,crawler,flat,action_dth_tot_plus_friction_thdot_formula,,,,,,,,,,,,,,,0.0028427627593339702,0,781,0.0,0.0,,,,,,,,,,,,,,,,,,,,,,,,,,,,,,,,,,,,,,,,,,,,,,,,,,,,,,,,,,,,,,,,,,,,,,,,,,nan,,,,,,,,,,,,,,,
784,2780.047607421875,0.027770472690463066,2.7770472690463066,5700.659013748169,10000,ppo,ppo,crawler,flat,action_dth_tot_plus_friction_thdot_formula,,,,,,,,,,,,,,,0.0037051245007707493,0,781,0.0,0.0,,,,,,,,,,,,,,,,,,,,,,,,,,,,,,,,,,,,,,,,,,,,,,,,,,,,,,,,,,,,,,,,,,,,,,,,,,nan,,,,,,,,,,,,,,,
785,2760.466064453125,0.02757791429758072,2.757791429758072,5708.051909446716,10000,ppo,ppo,crawler,flat,action_dth_tot_plus_friction_thdot_formula,,,,,,,,,,,,,,,0.002776513544423148,0,781,0.0,0.0,,,,,,,,,,,,,,,,,,,,,,,,,,,,,,,,,,,,,,,,,,,,,,,,,,,,,,,,,,,,,,,,,,,,,,,,,,nan,,,,,,,,,,,,,,,
786,2814.06494140625,0.028111711144447327,2.8111711144447327,5715.236731767654,10000,ppo,ppo,crawler,flat,action_dth_tot_plus_friction_thdot_formula,,,,,,,,,,,,,,,0.0035363457113636774,0,781,0.0,0.0,,,,,,,,,,,,,,,,,,,,,,,,,,,,,,,,,,,,,,,,,,,,,,,,,,,,,,,,,,,,,,,,,,,,,,,,,,nan,,,,,,,,,,,,,,,
787,2776.0556640625,0.02773432806134224,2.773432806134224,5722.514081954956,10000,ppo,ppo,crawler,flat,action_dth_tot_plus_friction_thdot_formula,,,,,,,,,,,,,,,0.00304077746065318,0,781,0.0,0.0,,,,,,,,,,,,,,,,,,,,,,,,,,,,,,,,,,,,,,,,,,,,,,,,,,,,,,,,,,,,,,,,,,,,,,,,,,nan,,,,,,,,,,,,,,,
788,2788.366943359375,0.02785809338092804,2.785809338092804,5729.972816944122,10000,ppo,ppo,crawler,flat,action_dth_tot_plus_friction_thdot_formula,,,,,,,,,,,,,,,0.0031007098938590667,0,781,0.0,0.0,,,,,,,,,,,,,,,,,,,,,,,,,,,,,,,,,,,,,,,,,,,,,,,,,,,,,,,,,,,,,,,,,,,,,,,,,,nan,,,,,,,,,,,,,,,
789,2626.968017578125,0.0262463316321373,2.62463316321373,5737.207555055618,10000,ppo,ppo,crawler,flat,action_dth_tot_plus_friction_thdot_formula,,,,,,,,,,,,,,,0.002690217027377466,0,781,0.0,0.0,,,,,,,,,,,,,,,,,,,,,,,,,,,,,,,,,,,,,,,,,,,,,,,,,,,,,,,,,,,,,,,,,,,,,,,,,,nan,,,,,,,,,,,,,,,
790,2620.41064453125,0.026173705235123634,2.6173705235123634,5744.383181810379,10000,ppo,ppo,crawler,flat,action_dth_tot_plus_friction_thdot_formula,,,,,,,,,,,,,,,0.0028323729959419106,0,781,0.0,0.0,,,,,,,,,,,,,,,,,,,,,,,,,,,,,,,,,,,,,,,,,,,,,,,,,,,,,,,,,,,,,,,,,,,,,,,,,,nan,,,,,,,,,,,,,,,
791,2791.0009765625,0.027876321226358414,2.7876321226358414,5751.689676761627,10000,ppo,ppo,crawler,flat,action_dth_tot_plus_friction_thdot_formula,,,,,,,,,,,,,,,0.0022573561585229845,0,781,0.0,0.0,,,,,,,,,,,,,,,,,,,,,,,,,,,,,,,,,,,,,,,,,,,,,,,,,,,,,,,,,,,,,,,,,,,,,,,,,,nan,,,,,,,,,,,,,,,
792,2734.879638671875,0.0273198913782835,2.73198913782835,5758.892415761948,10000,ppo,ppo,crawler,flat,action_dth_tot_plus_friction_thdot_formula,,,,,,,,,,,,,,,0.0032544475354799205,0,781,0.0,0.0,,,,,,,,,,,,,,,,,,,,,,,,,,,,,,,,,,,,,,,,,,,,,,,,,,,,,,,,,,,,,,,,,,,,,,,,,,nan,,,,,,,,,,,,,,,
793,2668.751220703125,0.026655780151486397,2.6655780151486397,5766.219491481781,10000,ppo,ppo,crawler,flat,action_dth_tot_plus_friction_thdot_formula,,,,,,,,,,,,,,,0.003115710289351387,0,781,0.0,0.0,,,,,,,,,,,,,,,,,,,,,,,,,,,,,,,,,,,,,,,,,,,,,,,,,,,,,,,,,,,,,,,,,,,,,,,,,,nan,,,,,,,,,,,,,,,
794,2650.519287109375,0.026478618383407593,2.6478618383407593,5773.340978145599,10000,ppo,ppo,crawler,flat,action_dth_tot_plus_friction_thdot_formula,,,,,,,,,,,,,,,0.0033113147867259198,0,781,0.0,0.0,,,,,,,,,,,,,,,,,,,,,,,,,,,,,,,,,,,,,,,,,,,,,,,,,,,,,,,,,,,,,,,,,,,,,,,,,,nan,,,,,,,,,,,,,,,
795,2722.370849609375,0.027201976627111435,2.7201976627111435,5780.665592432022,10000,ppo,ppo,crawler,flat,action_dth_tot_plus_friction_thdot_formula,,,,,,,,,,,,,,,0.002467697905287118,0,781,0.0,0.0,,,,,,,,,,,,,,,,,,,,,,,,,,,,,,,,,,,,,,,,,,,,,,,,,,,,,,,,,,,,,,,,,,,,,,,,,,nan,,,,,,,,,,,,,,,
796,2708.608154296875,0.027056291699409485,2.7056291699409485,5788.119884252548,10000,ppo,ppo,crawler,flat,action_dth_tot_plus_friction_thdot_formula,,,,,,,,,,,,,,,0.0033345200601299194,0,781,0.0,0.0,,,,,,,,,,,,,,,,,,,,,,,,,,,,,,,,,,,,,,,,,,,,,,,,,,,,,,,,,,,,,,,,,,,,,,,,,,nan,,,,,,,,,,,,,,,
797,2771.65234375,0.027683880180120468,2.768388018012047,5795.497190237045,10000,ppo,ppo,crawler,flat,action_dth_tot_plus_friction_thdot_formula,,,,,,,,,,,,,,,0.0029149629193475583,0,781,0.0,0.0,,,,,,,,,,,,,,,,,,,,,,,,,,,,,,,,,,,,,,,,,,,,,,,,,,,,,,,,,,,,,,,,,,,,,,,,,,nan,,,,,,,,,,,,,,,
798,2658.925537109375,0.026560725644230843,2.6560725644230843,5802.569947004318,10000,ppo,ppo,crawler,flat,action_dth_tot_plus_friction_thdot_formula,,,,,,,,,,,,,,,0.003074781217036361,0,781,0.0,0.0,,,,,,,,,,,,,,,,,,,,,,,,,,,,,,,,,,,,,,,,,,,,,,,,,,,,,,,,,,,,,,,,,,,,,,,,,,nan,,,,,,,,,,,,,,,
799,2694.255615234375,0.026914894580841064,2.6914894580841064,5809.827798604965,10000,ppo,ppo,crawler,flat,action_dth_tot_plus_friction_thdot_formula,,,,,,,,,,,,,,,0.0027905869287696266,0,781,0.0,0.0,,,,,,,,,,,,,,,,,,,,,,,,,,,,,,,,,,,,,,,,,,,,,,,,,,,,,,,,,,,,,,,,,,,,,,,,,,nan,,,,,,,,,,,,,,,
800,2761.09619140625,0.027577919885516167,2.7577919885516167,5817.181924104691,10000,ppo,ppo,crawler,flat,action_dth_tot_plus_friction_thdot_formula,,,,,,,,,,,,,,,0.0031626408959714463,0,781,0.0,0.0,,,,,,,,,,,,,,,,,,,,,,,,,,,,,,,,,,,,,,,,,,,,,,,,,,,,,,,,,,,,,,,,,,,,,,,,,,nan,,,,,,,,,,,,,,,
801,2741.749267578125,0.027387896552681923,2.7387896552681923,5824.376628160477,10000,ppo,ppo,crawler,flat,action_dth_tot_plus_friction_thdot_formula,,,,,,,,,,,,,,,0.00320633326329335,0,781,0.0,0.0,,,,,,,,,,,,,,,,,,,,,,,,,,,,,,,,,,,,,,,,,,,,,,,,,,,,,,,,,,,,,,,,,,,,,,,,,,nan,,,,,,,,,,,,,,,
802,2782.120361328125,0.02779128961265087,2.779128961265087,5831.683422803879,10000,ppo,ppo,crawler,flat,action_dth_tot_plus_friction_thdot_formula,,,,,,,,,,,,,,,0.0034653241527383065,0,781,0.0,0.0,,,,,,,,,,,,,,,,,,,,,,,,,,,,,,,,,,,,,,,,,,,,,,,,,,,,,,,,,,,,,,,,,,,,,,,,,,nan,,,,,,,,,,,,,,,
803,2706.755615234375,0.02704048343002796,2.704048343002796,5839.0607097148895,10000,ppo,ppo,crawler,flat,action_dth_tot_plus_friction_thdot_formula,,,,,,,,,,,,,,,0.003129003713065138,0,781,0.0,0.0,,,,,,,,,,,,,,,,,,,,,,,,,,,,,,,,,,,,,,,,,,,,,,,,,,,,,,,,,,,,,,,,,,,,,,,,,,nan,,,,,,,,,,,,,,,
804,2648.403076171875,0.026458539068698883,2.6458539068698883,5846.40321803093,10000,ppo,ppo,crawler,flat,action_dth_tot_plus_friction_thdot_formula,,,,,,,,,,,,,,,0.002953097211640023,0,781,0.0,0.0,,,,,,,,,,,,,,,,,,,,,,,,,,,,,,,,,,,,,,,,,,,,,,,,,,,,,,,,,,,,,,,,,,,,,,,,,,nan,,,,,,,,,,,,,,,
805,2718.306640625,0.02715258114039898,2.715258114039898,5853.530821084976,10000,ppo,ppo,crawler,flat,action_dth_tot_plus_friction_thdot_formula,,,,,,,,,,,,,,,0.004198165654665975,0,781,0.0,0.0,,,,,,,,,,,,,,,,,,,,,,,,,,,,,,,,,,,,,,,,,,,,,,,,,,,,,,,,,,,,,,,,,,,,,,,,,,nan,,,,,,,,,,,,,,,
806,2817.6591796875,0.02814546972513199,2.814546972513199,5860.994374036789,10000,ppo,ppo,crawler,flat,action_dth_tot_plus_friction_thdot_formula,,,,,,,,,,,,,,,0.003174435510277741,0,781,0.0,0.0,,,,,,,,,,,,,,,,,,,,,,,,,,,,,,,,,,,,,,,,,,,,,,,,,,,,,,,,,,,,,,,,,,,,,,,,,,nan,,,,,,,,,,,,,,,
807,2683.55517578125,0.026809051632881165,2.6809051632881165,5868.216779232025,10000,ppo,ppo,crawler,flat,action_dth_tot_plus_friction_thdot_formula,,,,,,,,,,,,,,,0.0026099504105118907,0,781,0.0,0.0,,,,,,,,,,,,,,,,,,,,,,,,,,,,,,,,,,,,,,,,,,,,,,,,,,,,,,,,,,,,,,,,,,,,,,,,,,nan,,,,,,,,,,,,,,,
808,2621.227294921875,0.026181170716881752,2.618117071688175,5875.416739940643,10000,ppo,ppo,crawler,flat,action_dth_tot_plus_friction_thdot_formula,,,,,,,,,,,,,,,0.003148287931174247,0,781,0.0,0.0,,,,,,,,,,,,,,,,,,,,,,,,,,,,,,,,,,,,,,,,,,,,,,,,,,,,,,,,,,,,,,,,,,,,,,,,,,nan,,,,,,,,,,,,,,,
809,2809.74072265625,0.02807190828025341,2.807190828025341,5882.48068022728,10000,ppo,ppo,crawler,flat,action_dth_tot_plus_friction_thdot_formula,,,,,,,,,,,,,,,0.0033032049633778403,0,781,0.0,0.0,,,,,,,,,,,,,,,,,,,,,,,,,,,,,,,,,,,,,,,,,,,,,,,,,,,,,,,,,,,,,,,,,,,,,,,,,,nan,,,,,,,,,,,,,,,
810,2719.116943359375,0.027163030579686165,2.7163030579686165,5889.743423938751,10000,ppo,ppo,crawler,flat,action_dth_tot_plus_friction_thdot_formula,,,,,,,,,,,,,,,0.0033222725700241813,0,781,0.0,0.0,,,,,,,,,,,,,,,,,,,,,,,,,,,,,,,,,,,,,,,,,,,,,,,,,,,,,,,,,,,,,,,,,,,,,,,,,,nan,,,,,,,,,,,,,,,
811,2659.205810546875,0.026567598804831505,2.6567598804831505,5896.895721673965,10000,ppo,ppo,crawler,flat,action_dth_tot_plus_friction_thdot_formula,,,,,,,,,,,,,,,0.0030817604432864503,0,781,0.0,0.0,,,,,,,,,,,,,,,,,,,,,,,,,,,,,,,,,,,,,,,,,,,,,,,,,,,,,,,,,,,,,,,,,,,,,,,,,,nan,,,,,,,,,,,,,,,
812,2694.7734375,0.026917748153209686,2.6917748153209686,5904.001882076263,10000,ppo,ppo,crawler,flat,action_dth_tot_plus_friction_thdot_formula,,,,,,,,,,,,,,,0.003323457018301134,0,781,0.0,0.0,,,,,,,,,,,,,,,,,,,,,,,,,,,,,,,,,,,,,,,,,,,,,,,,,,,,,,,,,,,,,,,,,,,,,,,,,,nan,,,,,,,,,,,,,,,
813,2691.95263671875,0.026897083967924118,2.689708396792412,5911.0305082798,10000,ppo,ppo,crawler,flat,action_dth_tot_plus_friction_thdot_formula,,,,,,,,,,,,,,,0.0028942718971627984,0,781,0.0,0.0,,,,,,,,,,,,,,,,,,,,,,,,,,,,,,,,,,,,,,,,,,,,,,,,,,,,,,,,,,,,,,,,,,,,,,,,,,nan,,,,,,,,,,,,,,,
814,2698.719482421875,0.026959355920553207,2.6959355920553207,5918.211132764816,10000,ppo,ppo,crawler,flat,action_dth_tot_plus_friction_thdot_formula,,,,,,,,,,,,,,,0.0032063882507887046,0,781,0.0,0.0,,,,,,,,,,,,,,,,,,,,,,,,,,,,,,,,,,,,,,,,,,,,,,,,,,,,,,,,,,,,,,,,,,,,,,,,,,nan,,,,,,,,,,,,,,,
815,2738.2158203125,0.027355194091796875,2.7355194091796875,5925.611382722855,10000,ppo,ppo,crawler,flat,action_dth_tot_plus_friction_thdot_formula,,,,,,,,,,,,,,,0.002377298298958455,0,781,0.0,0.0,,,,,,,,,,,,,,,,,,,,,,,,,,,,,,,,,,,,,,,,,,,,,,,,,,,,,,,,,,,,,,,,,,,,,,,,,,nan,,,,,,,,,,,,,,,
816,2774.79296875,0.0277150496840477,2.77150496840477,5932.779679059982,10000,ppo,ppo,crawler,flat,action_dth_tot_plus_friction_thdot_formula,,,,,,,,,,,,,,,0.0027345596282312436,0,781,0.0,0.0,,,,,,,,,,,,,,,,,,,,,,,,,,,,,,,,,,,,,,,,,,,,,,,,,,,,,,,,,,,,,,,,,,,,,,,,,,nan,,,,,,,,,,,,,,,
817,2818.93994140625,0.028157580643892288,2.815758064389229,5939.9663717746735,10000,ppo,ppo,crawler,flat,action_dth_tot_plus_friction_thdot_formula,,,,,,,,,,,,,,,0.003473169702610833,0,781,0.0,0.0,,,,,,,,,,,,,,,,,,,,,,,,,,,,,,,,,,,,,,,,,,,,,,,,,,,,,,,,,,,,,,,,,,,,,,,,,,nan,,,,,,,,,,,,,,,
818,2562.33544921875,0.025594526901841164,2.5594526901841164,5947.619797468185,10000,ppo,ppo,crawler,flat,action_dth_tot_plus_friction_thdot_formula,,,,,,,,,,,,,,,0.005149983988687868,0,781,0.0,0.0,,,,,,,,,,,,,,,,,,,,,,,,,,,,,,,,,,,,,,,,,,,,,,,,,,,,,,,,,,,,,,,,,,,,,,,,,,nan,,,,,,,,,,,,,,,
819,2676.774658203125,0.026737865060567856,2.6737865060567856,5955.593592405319,10000,ppo,ppo,crawler,flat,action_dth_tot_plus_friction_thdot_formula,,,,,,,,,,,,,,,0.003227601055650305,0,781,0.0,0.0,,,,,,,,,,,,,,,,,,,,,,,,,,,,,,,,,,,,,,,,,,,,,,,,,,,,,,,,,,,,,,,,,,,,,,,,,,nan,,,,,,,,,,,,,,,
820,2742.362060546875,0.0273992121219635,2.73992121219635,5962.86222243309,10000,ppo,ppo,crawler,flat,action_dth_tot_plus_friction_thdot_formula,,,,,,,,,,,,,,,0.0029610655964089844,0,781,0.0,0.0,,,,,,,,,,,,,,,,,,,,,,,,,,,,,,,,,,,,,,,,,,,,,,,,,,,,,,,,,,,,,,,,,,,,,,,,,,nan,,,,,,,,,,,,,,,
821,2751.035400390625,0.02747924067080021,2.747924067080021,5970.05878162384,10000,ppo,ppo,crawler,flat,action_dth_tot_plus_friction_thdot_formula,,,,,,,,,,,,,,,0.002134714913050669,0,781,0.0,0.0,,,,,,,,,,,,,,,,,,,,,,,,,,,,,,,,,,,,,,,,,,,,,,,,,,,,,,,,,,,,,,,,,,,,,,,,,,nan,,,,,,,,,,,,,,,
822,2690.207763671875,0.026871483772993088,2.6871483772993088,5977.608485221863,10000,ppo,ppo,crawler,flat,action_dth_tot_plus_friction_thdot_formula,,,,,,,,,,,,,,,0.0026851062511678825,0,781,0.0,0.0,,,,,,,,,,,,,,,,,,,,,,,,,,,,,,,,,,,,,,,,,,,,,,,,,,,,,,,,,,,,,,,,,,,,,,,,,,nan,,,,,,,,,,,,,,,
823,2721.573974609375,0.027186540886759758,2.718654088675976,5984.764515638351,10000,ppo,ppo,crawler,flat,action_dth_tot_plus_friction_thdot_formula,,,,,,,,,,,,,,,0.002840812309903287,0,781,0.0,0.0,,,,,,,,,,,,,,,,,,,,,,,,,,,,,,,,,,,,,,,,,,,,,,,,,,,,,,,,,,,,,,,,,,,,,,,,,,nan,,,,,,,,,,,,,,,
824,2703.294189453125,0.027008311823010445,2.7008311823010445,5992.03738451004,10000,ppo,ppo,crawler,flat,action_dth_tot_plus_friction_thdot_formula,,,,,,,,,,,,,,,0.003703748688510787,0,781,0.0,0.0,,,,,,,,,,,,,,,,,,,,,,,,,,,,,,,,,,,,,,,,,,,,,,,,,,,,,,,,,,,,,,,,,,,,,,,,,,nan,,,,,,,,,,,,,,,
825,2790.134765625,0.02786935679614544,2.786935679614544,5999.151592969894,10000,ppo,ppo,crawler,flat,action_dth_tot_plus_friction_thdot_formula,,,,,,,,,,,,,,,0.003288718394409846,0,781,0.0,0.0,,,,,,,,,,,,,,,,,,,,,,,,,,,,,,,,,,,,,,,,,,,,,,,,,,,,,,,,,,,,,,,,,,,,,,,,,,nan,,,,,,,,,,,,,,,
826,2690.822021484375,0.026882564648985863,2.6882564648985863,6006.507625341415,10000,ppo,ppo,crawler,flat,action_dth_tot_plus_friction_thdot_formula,,,,,,,,,,,,,,,0.0033074336443346818,0,781,0.0,0.0,,,,,,,,,,,,,,,,,,,,,,,,,,,,,,,,,,,,,,,,,,,,,,,,,,,,,,,,,,,,,,,,,,,,,,,,,,nan,,,,,,,,,,,,,,,
827,2733.126708984375,0.02730206772685051,2.730206772685051,6013.6605219841,10000,ppo,ppo,crawler,flat,action_dth_tot_plus_friction_thdot_formula,,,,,,,,,,,,,,,0.0024917078451965977,0,781,0.0,0.0,,,,,,,,,,,,,,,,,,,,,,,,,,,,,,,,,,,,,,,,,,,,,,,,,,,,,,,,,,,,,,,,,,,,,,,,,,nan,,,,,,,,,,,,,,,
828,2730.6640625,0.027277542278170586,2.7277542278170586,6020.930597066879,10000,ppo,ppo,crawler,flat,action_dth_tot_plus_friction_thdot_formula,,,,,,,,,,,,,,,0.0028727859530759507,0,781,0.0,0.0,,,,,,,,,,,,,,,,,,,,,,,,,,,,,,,,,,,,,,,,,,,,,,,,,,,,,,,,,,,,,,,,,,,,,,,,,,nan,,,,,,,,,,,,,,,
829,2659.426513671875,0.02656630426645279,2.656630426645279,6028.05858707428,10000,ppo,ppo,crawler,flat,action_dth_tot_plus_friction_thdot_formula,,,,,,,,,,,,,,,0.0029073439844944796,0,781,0.0,0.0,,,,,,,,,,,,,,,,,,,,,,,,,,,,,,,,,,,,,,,,,,,,,,,,,,,,,,,,,,,,,,,,,,,,,,,,,,nan,,,,,,,,,,,,,,,
830,2777.694091796875,0.027744127437472343,2.7744127437472343,6035.31927895546,10000,ppo,ppo,crawler,flat,action_dth_tot_plus_friction_thdot_formula,,,,,,,,,,,,,,,0.003091159579254658,0,781,0.0,0.0,,,,,,,,,,,,,,,,,,,,,,,,,,,,,,,,,,,,,,,,,,,,,,,,,,,,,,,,,,,,,,,,,,,,,,,,,,nan,,,,,,,,,,,,,,,
831,2729.189208984375,0.027265364304184914,2.7265364304184914,6042.55709028244,10000,ppo,ppo,crawler,flat,action_dth_tot_plus_friction_thdot_formula,,,,,,,,,,,,,,,0.002866784770066448,0,781,0.0,0.0,,,,,,,,,,,,,,,,,,,,,,,,,,,,,,,,,,,,,,,,,,,,,,,,,,,,,,,,,,,,,,,,,,,,,,,,,,nan,,,,,,,,,,,,,,,
832,2789.986572265625,0.02787327766418457,2.787327766418457,6049.818248033524,10000,ppo,ppo,crawler,flat,action_dth_tot_plus_friction_thdot_formula,,,,,,,,,,,,,,,0.0026876767652339413,0,781,0.0,0.0,,,,,,,,,,,,,,,,,,,,,,,,,,,,,,,,,,,,,,,,,,,,,,,,,,,,,,,,,,,,,,,,,,,,,,,,,,nan,,,,,,,,,,,,,,,
833,2500.286376953125,0.024974782019853592,2.497478201985359,6057.3938245773315,10000,ppo,ppo,crawler,flat,action_dth_tot_plus_friction_thdot_formula,,,,,,,,,,,,,,,0.0031965152170746404,0,781,0.0,0.0,,,,,,,,,,,,,,,,,,,,,,,,,,,,,,,,,,,,,,,,,,,,,,,,,,,,,,,,,,,,,,,,,,,,,,,,,,nan,,,,,,,,,,,,,,,
834,2666.057373046875,0.026633409783244133,2.6633409783244133,6064.498433589935,10000,ppo,ppo,crawler,flat,action_dth_tot_plus_friction_thdot_formula,,,,,,,,,,,,,,,0.0028683496174440096,0,781,0.0,0.0,,,,,,,,,,,,,,,,,,,,,,,,,,,,,,,,,,,,,,,,,,,,,,,,,,,,,,,,,,,,,,,,,,,,,,,,,,nan,,,,,,,,,,,,,,,
835,2546.360595703125,0.025433862581849098,2.54338625818491,6071.775889635086,10000,ppo,ppo,crawler,flat,action_dth_tot_plus_friction_thdot_formula,,,,,,,,,,,,,,,0.0027615876592085764,0,781,0.0,0.0,,,,,,,,,,,,,,,,,,,,,,,,,,,,,,,,,,,,,,,,,,,,,,,,,,,,,,,,,,,,,,,,,,,,,,,,,,nan,,,,,,,,,,,,,,,
836,2710.776611328125,0.027079332619905472,2.707933261990547,6078.959015369415,10000,ppo,ppo,crawler,flat,action_dth_tot_plus_friction_thdot_formula,,,,,,,,,,,,,,,0.003330564935689866,0,781,0.0,0.0,,,,,,,,,,,,,,,,,,,,,,,,,,,,,,,,,,,,,,,,,,,,,,,,,,,,,,,,,,,,,,,,,,,,,,,,,,nan,,,,,,,,,,,,,,,
837,2684.538818359375,0.02681684121489525,2.681684121489525,6086.604192733765,10000,ppo,ppo,crawler,flat,action_dth_tot_plus_friction_thdot_formula,,,,,,,,,,,,,,,0.0029066835634294712,0,781,0.0,0.0,,,,,,,,,,,,,,,,,,,,,,,,,,,,,,,,,,,,,,,,,,,,,,,,,,,,,,,,,,,,,,,,,,,,,,,,,,nan,,,,,,,,,,,,,,,
838,2449.02001953125,0.024459442123770714,2.4459442123770714,6093.731977462769,10000,ppo,ppo,crawler,flat,action_dth_tot_plus_friction_thdot_formula,,,,,,,,,,,,,,,0.002706692936580101,0,781,0.0,0.0,,,,,,,,,,,,,,,,,,,,,,,,,,,,,,,,,,,,,,,,,,,,,,,,,,,,,,,,,,,,,,,,,,,,,,,,,,nan,,,,,,,,,,,,,,,
839,2743.572265625,0.027404271066188812,2.7404271066188812,6101.099364519119,10000,ppo,ppo,crawler,flat,action_dth_tot_plus_friction_thdot_formula,,,,,,,,,,,,,,,0.0034702107296581647,0,781,0.0,0.0,,,,,,,,,,,,,,,,,,,,,,,,,,,,,,,,,,,,,,,,,,,,,,,,,,,,,,,,,,,,,,,,,,,,,,,,,,nan,,,,,,,,,,,,,,,
840,2654.603759765625,0.02651895023882389,2.651895023882389,6108.243559598923,10000,ppo,ppo,crawler,flat,action_dth_tot_plus_friction_thdot_formula,,,,,,,,,,,,,,,0.002815211810928527,0,781,0.0,0.0,,,,,,,,,,,,,,,,,,,,,,,,,,,,,,,,,,,,,,,,,,,,,,,,,,,,,,,,,,,,,,,,,,,,,,,,,,nan,,,,,,,,,,,,,,,
841,2641.221923828125,0.02638418599963188,2.638418599963188,6115.699495315552,10000,ppo,ppo,crawler,flat,action_dth_tot_plus_friction_thdot_formula,,,,,,,,,,,,,,,0.0035314295039122873,0,781,0.0,0.0,,,,,,,,,,,,,,,,,,,,,,,,,,,,,,,,,,,,,,,,,,,,,,,,,,,,,,,,,,,,,,,,,,,,,,,,,,nan,,,,,,,,,,,,,,,
842,2720.82470703125,0.027183879166841507,2.7183879166841507,6122.8775997161865,10000,ppo,ppo,crawler,flat,action_dth_tot_plus_friction_thdot_formula,,,,,,,,,,,,,,,0.003084033546091633,0,781,0.0,0.0,,,,,,,,,,,,,,,,,,,,,,,,,,,,,,,,,,,,,,,,,,,,,,,,,,,,,,,,,,,,,,,,,,,,,,,,,,nan,,,,,,,,,,,,,,,
843,2688.296875,0.02685530297458172,2.685530297458172,6130.111748933792,10000,ppo,ppo,crawler,flat,action_dth_tot_plus_friction_thdot_formula,,,,,,,,,,,,,,,0.0026503968679434985,0,781,0.0,0.0,,,,,,,,,,,,,,,,,,,,,,,,,,,,,,,,,,,,,,,,,,,,,,,,,,,,,,,,,,,,,,,,,,,,,,,,,,nan,,,,,,,,,,,,,,,
844,2626.677734375,0.02623714879155159,2.623714879155159,6137.434446811676,10000,ppo,ppo,crawler,flat,action_dth_tot_plus_friction_thdot_formula,,,,,,,,,,,,,,,0.0026991306207883297,0,781,0.0,0.0,,,,,,,,,,,,,,,,,,,,,,,,,,,,,,,,,,,,,,,,,,,,,,,,,,,,,,,,,,,,,,,,,,,,,,,,,,nan,,,,,,,,,,,,,,,
845,2588.095703125,0.02585097961127758,2.585097961127758,6144.706005811691,10000,ppo,ppo,crawler,flat,action_dth_tot_plus_friction_thdot_formula,,,,,,,,,,,,,,,0.003135651130755116,0,781,0.0,0.0,,,,,,,,,,,,,,,,,,,,,,,,,,,,,,,,,,,,,,,,,,,,,,,,,,,,,,,,,,,,,,,,,,,,,,,,,,nan,,,,,,,,,,,,,,,
846,2659.010498046875,0.02655988745391369,2.655988745391369,6151.8422701358795,10000,ppo,ppo,crawler,flat,action_dth_tot_plus_friction_thdot_formula,,,,,,,,,,,,,,,0.00402176511597971,0,781,0.0,0.0,,,,,,,,,,,,,,,,,,,,,,,,,,,,,,,,,,,,,,,,,,,,,,,,,,,,,,,,,,,,,,,,,,,,,,,,,,nan,,,,,,,,,,,,,,,
847,2577.708251953125,0.025745579972863197,2.5745579972863197,6159.054268360138,10000,ppo,ppo,crawler,flat,action_dth_tot_plus_friction_thdot_formula,,,,,,,,,,,,,,,0.002455397976190329,0,781,0.0,0.0,,,,,,,,,,,,,,,,,,,,,,,,,,,,,,,,,,,,,,,,,,,,,,,,,,,,,,,,,,,,,,,,,,,,,,,,,,nan,,,,,,,,,,,,,,,
848,2646.656005859375,0.026435701176524162,2.6435701176524162,6166.417867422104,10000,ppo,ppo,crawler,flat,action_dth_tot_plus_friction_thdot_formula,,,,,,,,,,,,,,,0.0035270169478985413,0,781,0.0,0.0,,,,,,,,,,,,,,,,,,,,,,,,,,,,,,,,,,,,,,,,,,,,,,,,,,,,,,,,,,,,,,,,,,,,,,,,,,nan,,,,,,,,,,,,,,,
849,2690.978271484375,0.026885202154517174,2.6885202154517174,6173.646160364151,10000,ppo,ppo,crawler,flat,action_dth_tot_plus_friction_thdot_formula,,,,,,,,,,,,,,,0.003554646882050278,0,781,0.0,0.0,,,,,,,,,,,,,,,,,,,,,,,,,,,,,,,,,,,,,,,,,,,,,,,,,,,,,,,,,,,,,,,,,,,,,,,,,,nan,,,,,,,,,,,,,,,
850,2597.165771484375,0.02594415284693241,2.594415284693241,6180.796313524246,10000,ppo,ppo,crawler,flat,action_dth_tot_plus_friction_thdot_formula,,,,,,,,,,,,,,,0.00283460779437973,0,781,0.0,0.0,,,,,,,,,,,,,,,,,,,,,,,,,,,,,,,,,,,,,,,,,,,,,,,,,,,,,,,,,,,,,,,,,,,,,,,,,,nan,,,,,,,,,,,,,,,
851,2740.2060546875,0.02737153321504593,2.737153321504593,6188.113508939743,10000,ppo,ppo,crawler,flat,action_dth_tot_plus_friction_thdot_formula,,,,,,,,,,,,,,,0.0026608711792673037,0,781,0.0,0.0,,,,,,,,,,,,,,,,,,,,,,,,,,,,,,,,,,,,,,,,,,,,,,,,,,,,,,,,,,,,,,,,,,,,,,,,,,nan,,,,,,,,,,,,,,,
852,2784.0439453125,0.027810964733362198,2.78109647333622,6195.400904417038,10000,ppo,ppo,crawler,flat,action_dth_tot_plus_friction_thdot_formula,,,,,,,,,,,,,,,0.004013150716206434,0,781,0.0,0.0,,,,,,,,,,,,,,,,,,,,,,,,,,,,,,,,,,,,,,,,,,,,,,,,,,,,,,,,,,,,,,,,,,,,,,,,,,nan,,,,,,,,,,,,,,,
853,2657.025146484375,0.026541292667388916,2.6541292667388916,6202.627118349075,10000,ppo,ppo,crawler,flat,action_dth_tot_plus_friction_thdot_formula,,,,,,,,,,,,,,,0.003112074366258517,0,781,0.0,0.0,,,,,,,,,,,,,,,,,,,,,,,,,,,,,,,,,,,,,,,,,,,,,,,,,,,,,,,,,,,,,,,,,,,,,,,,,,nan,,,,,,,,,,,,,,,
854,2665.593994140625,0.026628166437149048,2.662816643714905,6209.910942554474,10000,ppo,ppo,crawler,flat,action_dth_tot_plus_friction_thdot_formula,,,,,,,,,,,,,,,0.0027369738378467826,0,781,0.0,0.0,,,,,,,,,,,,,,,,,,,,,,,,,,,,,,,,,,,,,,,,,,,,,,,,,,,,,,,,,,,,,,,,,,,,,,,,,,nan,,,,,,,,,,,,,,,
855,2711.269775390625,0.027083782479166985,2.7083782479166985,6217.163428544998,10000,ppo,ppo,crawler,flat,action_dth_tot_plus_friction_thdot_formula,,,,,,,,,,,,,,,0.0029655561630230125,0,781,0.0,0.0,,,,,,,,,,,,,,,,,,,,,,,,,,,,,,,,,,,,,,,,,,,,,,,,,,,,,,,,,,,,,,,,,,,,,,,,,,nan,,,,,,,,,,,,,,,
856,2751.555908203125,0.027485381811857224,2.7485381811857224,6224.499367952347,10000,ppo,ppo,crawler,flat,action_dth_tot_plus_friction_thdot_formula,,,,,,,,,,,,,,,0.0024419341231284902,0,781,0.0,0.0,,,,,,,,,,,,,,,,,,,,,,,,,,,,,,,,,,,,,,,,,,,,,,,,,,,,,,,,,,,,,,,,,,,,,,,,,,nan,,,,,,,,,,,,,,,
857,2652.25830078125,0.026494383811950684,2.6494383811950684,6231.698031902313,10000,ppo,ppo,crawler,flat,action_dth_tot_plus_friction_thdot_formula,,,,,,,,,,,,,,,0.003176600172881409,0,781,0.0,0.0,,,,,,,,,,,,,,,,,,,,,,,,,,,,,,,,,,,,,,,,,,,,,,,,,,,,,,,,,,,,,,,,,,,,,,,,,,nan,,,,,,,,,,,,,,,
858,2728.022705078125,0.02724744752049446,2.724744752049446,6238.758721113205,10000,ppo,ppo,crawler,flat,action_dth_tot_plus_friction_thdot_formula,,,,,,,,,,,,,,,0.0030861048466256473,0,781,0.0,0.0,,,,,,,,,,,,,,,,,,,,,,,,,,,,,,,,,,,,,,,,,,,,,,,,,,,,,,,,,,,,,,,,,,,,,,,,,,nan,,,,,,,,,,,,,,,
859,2718.318603515625,0.027152761816978455,2.7152761816978455,6246.2775349617,10000,ppo,ppo,crawler,flat,action_dth_tot_plus_friction_thdot_formula,,,,,,,,,,,,,,,0.003027120242598878,0,781,0.0,0.0,,,,,,,,,,,,,,,,,,,,,,,,,,,,,,,,,,,,,,,,,,,,,,,,,,,,,,,,,,,,,,,,,,,,,,,,,,nan,,,,,,,,,,,,,,,
860,2793.07421875,0.027903633192181587,2.7903633192181587,6253.404549121857,10000,ppo,ppo,crawler,flat,action_dth_tot_plus_friction_thdot_formula,,,,,,,,,,,,,,,0.0033292001459187684,0,781,0.0,0.0,,,,,,,,,,,,,,,,,,,,,,,,,,,,,,,,,,,,,,,,,,,,,,,,,,,,,,,,,,,,,,,,,,,,,,,,,,nan,,,,,,,,,,,,,,,
861,2690.568359375,0.026878807693719864,2.6878807693719864,6260.463695764542,10000,ppo,ppo,crawler,flat,action_dth_tot_plus_friction_thdot_formula,,,,,,,,,,,,,,,0.0023916749818868833,0,781,0.0,0.0,,,,,,,,,,,,,,,,,,,,,,,,,,,,,,,,,,,,,,,,,,,,,,,,,,,,,,,,,,,,,,,,,,,,,,,,,,nan,,,,,,,,,,,,,,,
862,2609.767822265625,0.026061754673719406,2.6061754673719406,6267.646890163422,10000,ppo,ppo,crawler,flat,action_dth_tot_plus_friction_thdot_formula,,,,,,,,,,,,,,,0.0026194875577012157,0,781,0.0,0.0,,,,,,,,,,,,,,,,,,,,,,,,,,,,,,,,,,,,,,,,,,,,,,,,,,,,,,,,,,,,,,,,,,,,,,,,,,nan,,,,,,,,,,,,,,,
863,2531.290283203125,0.025286531075835228,2.528653107583523,6274.79652094841,10000,ppo,ppo,crawler,flat,action_dth_tot_plus_friction_thdot_formula,,,,,,,,,,,,,,,0.0036150523139135233,0,781,0.0,0.0,,,,,,,,,,,,,,,,,,,,,,,,,,,,,,,,,,,,,,,,,,,,,,,,,,,,,,,,,,,,,,,,,,,,,,,,,,nan,,,,,,,,,,,,,,,
864,2584.46533203125,0.025815686210989952,2.581568621098995,6282.003032922745,10000,ppo,ppo,crawler,flat,action_dth_tot_plus_friction_thdot_formula,,,,,,,,,,,,,,,0.0030621854448199116,0,781,0.0,0.0,,,,,,,,,,,,,,,,,,,,,,,,,,,,,,,,,,,,,,,,,,,,,,,,,,,,,,,,,,,,,,,,,,,,,,,,,,nan,,,,,,,,,,,,,,,
865,2682.853515625,0.026797814294695854,2.6797814294695854,6289.0990154743195,10000,ppo,ppo,crawler,flat,action_dth_tot_plus_friction_thdot_formula,,,,,,,,,,,,,,,0.004097429699380435,0,781,0.0,0.0,,,,,,,,,,,,,,,,,,,,,,,,,,,,,,,,,,,,,,,,,,,,,,,,,,,,,,,,,,,,,,,,,,,,,,,,,,nan,,,,,,,,,,,,,,,
866,2671.979736328125,0.026694411411881447,2.6694411411881447,6296.246920824051,10000,ppo,ppo,crawler,flat,action_dth_tot_plus_friction_thdot_formula,,,,,,,,,,,,,,,0.002953279226883905,0,781,0.0,0.0,,,,,,,,,,,,,,,,,,,,,,,,,,,,,,,,,,,,,,,,,,,,,,,,,,,,,,,,,,,,,,,,,,,,,,,,,,nan,,,,,,,,,,,,,,,
867,2794.1328125,0.027910443022847176,2.7910443022847176,6303.403599023819,10000,ppo,ppo,crawler,flat,action_dth_tot_plus_friction_thdot_formula,,,,,,,,,,,,,,,0.002676333180329406,0,781,0.0,0.0,,,,,,,,,,,,,,,,,,,,,,,,,,,,,,,,,,,,,,,,,,,,,,,,,,,,,,,,,,,,,,,,,,,,,,,,,,nan,,,,,,,,,,,,,,,
868,2758.40283203125,0.027554688975214958,2.755468897521496,6310.575185775757,10000,ppo,ppo,crawler,flat,action_dth_tot_plus_friction_thdot_formula,,,,,,,,,,,,,,,0.003090887347427966,0,781,0.0,0.0,,,,,,,,,,,,,,,,,,,,,,,,,,,,,,,,,,,,,,,,,,,,,,,,,,,,,,,,,,,,,,,,,,,,,,,,,,nan,,,,,,,,,,,,,,,
869,2609.251220703125,0.026063159108161926,2.6063159108161926,6317.674379825592,10000,ppo,ppo,crawler,flat,action_dth_tot_plus_friction_thdot_formula,,,,,,,,,,,,,,,0.0026072630764652407,0,781,0.0,0.0,,,,,,,,,,,,,,,,,,,,,,,,,,,,,,,,,,,,,,,,,,,,,,,,,,,,,,,,,,,,,,,,,,,,,,,,,,nan,,,,,,,,,,,,,,,
870,2722.396484375,0.02719363383948803,2.719363383948803,6324.847503662109,10000,ppo,ppo,crawler,flat,action_dth_tot_plus_friction_thdot_formula,,,,,,,,,,,,,,,0.002876998941702041,0,781,0.0,0.0,,,,,,,,,,,,,,,,,,,,,,,,,,,,,,,,,,,,,,,,,,,,,,,,,,,,,,,,,,,,,,,,,,,,,,,,,,nan,,,,,,,,,,,,,,,
871,2612.927490234375,0.026099247857928276,2.6099247857928276,6332.006513595581,10000,ppo,ppo,crawler,flat,action_dth_tot_plus_friction_thdot_formula,,,,,,,,,,,,,,,0.003396834557043942,0,781,0.0,0.0,,,,,,,,,,,,,,,,,,,,,,,,,,,,,,,,,,,,,,,,,,,,,,,,,,,,,,,,,,,,,,,,,,,,,,,,,,nan,,,,,,,,,,,,,,,
872,2749.918212890625,0.02746882475912571,2.746882475912571,6339.265414953232,10000,ppo,ppo,crawler,flat,action_dth_tot_plus_friction_thdot_formula,,,,,,,,,,,,,,,0.0038644293741345115,0,781,0.0,0.0,,,,,,,,,,,,,,,,,,,,,,,,,,,,,,,,,,,,,,,,,,,,,,,,,,,,,,,,,,,,,,,,,,,,,,,,,,nan,,,,,,,,,,,,,,,
873,2754.86572265625,0.02752048335969448,2.752048335969448,6346.394360780716,10000,ppo,ppo,crawler,flat,action_dth_tot_plus_friction_thdot_formula,,,,,,,,,,,,,,,0.002556673904344864,0,781,0.0,0.0,,,,,,,,,,,,,,,,,,,,,,,,,,,,,,,,,,,,,,,,,,,,,,,,,,,,,,,,,,,,,,,,,,,,,,,,,,nan,,,,,,,,,,,,,,,
874,2828.170654296875,0.02825302630662918,2.825302630662918,6353.750593185425,10000,ppo,ppo,crawler,flat,action_dth_tot_plus_friction_thdot_formula,,,,,,,,,,,,,,,0.0024168321580871122,0,781,0.0,0.0,,,,,,,,,,,,,,,,,,,,,,,,,,,,,,,,,,,,,,,,,,,,,,,,,,,,,,,,,,,,,,,,,,,,,,,,,,nan,,,,,,,,,,,,,,,
875,2809.843505859375,0.02806928940117359,2.806928940117359,6360.792035579681,10000,ppo,ppo,crawler,flat,action_dth_tot_plus_friction_thdot_formula,,,,,,,,,,,,,,,0.002964949497589949,0,781,0.0,0.0,,,,,,,,,,,,,,,,,,,,,,,,,,,,,,,,,,,,,,,,,,,,,,,,,,,,,,,,,,,,,,,,,,,,,,,,,,nan,,,,,,,,,,,,,,,
876,2698.231201171875,0.026952223852276802,2.69522238522768,6367.897421598434,10000,ppo,ppo,crawler,flat,action_dth_tot_plus_friction_thdot_formula,,,,,,,,,,,,,,,0.0030979287382301717,0,781,0.0,0.0,,,,,,,,,,,,,,,,,,,,,,,,,,,,,,,,,,,,,,,,,,,,,,,,,,,,,,,,,,,,,,,,,,,,,,,,,,nan,,,,,,,,,,,,,,,
877,2716.561279296875,0.02713308297097683,2.713308297097683,6374.9897429943085,10000,ppo,ppo,crawler,flat,action_dth_tot_plus_friction_thdot_formula,,,,,,,,,,,,,,,0.003039873795027555,0,781,0.0,0.0,,,,,,,,,,,,,,,,,,,,,,,,,,,,,,,,,,,,,,,,,,,,,,,,,,,,,,,,,,,,,,,,,,,,,,,,,,nan,,,,,,,,,,,,,,,
878,2620.307861328125,0.02617482841014862,2.617482841014862,6382.352472305298,10000,ppo,ppo,crawler,flat,action_dth_tot_plus_friction_thdot_formula,,,,,,,,,,,,,,,0.0032554499492470756,0,781,0.0,0.0,,,,,,,,,,,,,,,,,,,,,,,,,,,,,,,,,,,,,,,,,,,,,,,,,,,,,,,,,,,,,,,,,,,,,,,,,,nan,,,,,,,,,,,,,,,
879,2570.671630859375,0.025681134313344955,2.5681134313344955,6389.376245975494,10000,ppo,ppo,crawler,flat,action_dth_tot_plus_friction_thdot_formula,,,,,,,,,,,,,,,0.0036660496555548996,0,781,0.0,0.0,,,,,,,,,,,,,,,,,,,,,,,,,,,,,,,,,,,,,,,,,,,,,,,,,,,,,,,,,,,,,,,,,,,,,,,,,,nan,,,,,,,,,,,,,,,
880,2603.507568359375,0.026007220149040222,2.600722014904022,6396.468601465225,10000,ppo,ppo,crawler,flat,action_dth_tot_plus_friction_thdot_formula,,,,,,,,,,,,,,,0.003186503895261789,0,781,0.0,0.0,,,,,,,,,,,,,,,,,,,,,,,,,,,,,,,,,,,,,,,,,,,,,,,,,,,,,,,,,,,,,,,,,,,,,,,,,,nan,,,,,,,,,,,,,,,
881,2648.671630859375,0.026460982859134674,2.6460982859134674,6403.559811592102,10000,ppo,ppo,crawler,flat,action_dth_tot_plus_friction_thdot_formula,,,,,,,,,,,,,,,0.002473423275170924,0,781,0.0,0.0,,,,,,,,,,,,,,,,,,,,,,,,,,,,,,,,,,,,,,,,,,,,,,,,,,,,,,,,,,,,,,,,,,,,,,,,,,nan,,,,,,,,,,,,,,,
882,2742.67236328125,0.02739986591041088,2.739986591041088,6410.73677611351,10000,ppo,ppo,crawler,flat,action_dth_tot_plus_friction_thdot_formula,,,,,,,,,,,,,,,0.0029828101674556286,0,781,0.0,0.0,,,,,,,,,,,,,,,,,,,,,,,,,,,,,,,,,,,,,,,,,,,,,,,,,,,,,,,,,,,,,,,,,,,,,,,,,,nan,,,,,,,,,,,,,,,
883,2792.505859375,0.02789200283586979,2.789200283586979,6417.90167760849,10000,ppo,ppo,crawler,flat,action_dth_tot_plus_friction_thdot_formula,,,,,,,,,,,,,,,0.0024498509424312276,0,781,0.0,0.0,,,,,,,,,,,,,,,,,,,,,,,,,,,,,,,,,,,,,,,,,,,,,,,,,,,,,,,,,,,,,,,,,,,,,,,,,,nan,,,,,,,,,,,,,,,
884,2738.358154296875,0.027354668825864792,2.735466882586479,6424.903745889664,10000,ppo,ppo,crawler,flat,action_dth_tot_plus_friction_thdot_formula,,,,,,,,,,,,,,,0.003135411568853835,0,781,0.0,0.0,,,,,,,,,,,,,,,,,,,,,,,,,,,,,,,,,,,,,,,,,,,,,,,,,,,,,,,,,,,,,,,,,,,,,,,,,,nan,,,,,,,,,,,,,,,
885,2678.353515625,0.026756225153803825,2.6756225153803825,6432.031128883362,10000,ppo,ppo,crawler,flat,action_dth_tot_plus_friction_thdot_formula,,,,,,,,,,,,,,,0.002326652990915263,0,781,0.0,0.0,,,,,,,,,,,,,,,,,,,,,,,,,,,,,,,,,,,,,,,,,,,,,,,,,,,,,,,,,,,,,,,,,,,,,,,,,,nan,,,,,,,,,,,,,,,
886,2583.48828125,0.025809936225414276,2.5809936225414276,6439.189672231674,10000,ppo,ppo,crawler,flat,action_dth_tot_plus_friction_thdot_formula,,,,,,,,,,,,,,,0.0034977055984106815,0,781,0.0,0.0,,,,,,,,,,,,,,,,,,,,,,,,,,,,,,,,,,,,,,,,,,,,,,,,,,,,,,,,,,,,,,,,,,,,,,,,,,nan,,,,,,,,,,,,,,,
887,2722.102294921875,0.02719178795814514,2.719178795814514,6446.480060100555,10000,ppo,ppo,crawler,flat,action_dth_tot_plus_friction_thdot_formula,,,,,,,,,,,,,,,0.003148507608377128,0,781,0.0,0.0,,,,,,,,,,,,,,,,,,,,,,,,,,,,,,,,,,,,,,,,,,,,,,,,,,,,,,,,,,,,,,,,,,,,,,,,,,nan,,,,,,,,,,,,,,,
888,2580.327392578125,0.025779344141483307,2.5779344141483307,6453.5722777843475,10000,ppo,ppo,crawler,flat,action_dth_tot_plus_friction_thdot_formula,,,,,,,,,,,,,,,0.003503196048733651,0,781,0.0,0.0,,,,,,,,,,,,,,,,,,,,,,,,,,,,,,,,,,,,,,,,,,,,,,,,,,,,,,,,,,,,,,,,,,,,,,,,,,nan,,,,,,,,,,,,,,,
889,2679.363525390625,0.026761772111058235,2.6761772111058235,6460.953635454178,10000,ppo,ppo,crawler,flat,action_dth_tot_plus_friction_thdot_formula,,,,,,,,,,,,,,,0.0029415795734201687,0,781,0.0,0.0,,,,,,,,,,,,,,,,,,,,,,,,,,,,,,,,,,,,,,,,,,,,,,,,,,,,,,,,,,,,,,,,,,,,,,,,,,nan,,,,,,,,,,,,,,,
890,2561.511962890625,0.025583630427718163,2.5583630427718163,6468.20343542099,10000,ppo,ppo,crawler,flat,action_dth_tot_plus_friction_thdot_formula,,,,,,,,,,,,,,,0.002689130116321466,0,781,0.0,0.0,,,,,,,,,,,,,,,,,,,,,,,,,,,,,,,,,,,,,,,,,,,,,,,,,,,,,,,,,,,,,,,,,,,,,,,,,,nan,,,,,,,,,,,,,,,
891,2671.150390625,0.02668433077633381,2.668433077633381,6475.44525885582,10000,ppo,ppo,crawler,flat,action_dth_tot_plus_friction_thdot_formula,,,,,,,,,,,,,,,0.0029302719483290957,0,781,0.0,0.0,,,,,,,,,,,,,,,,,,,,,,,,,,,,,,,,,,,,,,,,,,,,,,,,,,,,,,,,,,,,,,,,,,,,,,,,,,nan,,,,,,,,,,,,,,,
892,2674.95703125,0.02671974152326584,2.671974152326584,6482.57412147522,10000,ppo,ppo,crawler,flat,action_dth_tot_plus_friction_thdot_formula,,,,,,,,,,,,,,,0.0031596769386990097,0,781,0.0,0.0,,,,,,,,,,,,,,,,,,,,,,,,,,,,,,,,,,,,,,,,,,,,,,,,,,,,,,,,,,,,,,,,,,,,,,,,,,nan,,,,,,,,,,,,,,,
893,2860.373779296875,0.02857888489961624,2.857888489961624,6489.971925735474,10000,ppo,ppo,crawler,flat,action_dth_tot_plus_friction_thdot_formula,,,,,,,,,,,,,,,0.002445143420809985,0,781,0.0,0.0,,,,,,,,,,,,,,,,,,,,,,,,,,,,,,,,,,,,,,,,,,,,,,,,,,,,,,,,,,,,,,,,,,,,,,,,,,nan,,,,,,,,,,,,,,,
894,2599.672607421875,0.02596641145646572,2.596641145646572,6497.180536746979,10000,ppo,ppo,crawler,flat,action_dth_tot_plus_friction_thdot_formula,,,,,,,,,,,,,,,0.0031143098842801595,0,781,0.0,0.0,,,,,,,,,,,,,,,,,,,,,,,,,,,,,,,,,,,,,,,,,,,,,,,,,,,,,,,,,,,,,,,,,,,,,,,,,,nan,,,,,,,,,,,,,,,
895,2688.556396484375,0.026853786781430244,2.6853786781430244,6504.458908081055,10000,ppo,ppo,crawler,flat,action_dth_tot_plus_friction_thdot_formula,,,,,,,,,,,,,,,0.002713997565454621,0,781,0.0,0.0,,,,,,,,,,,,,,,,,,,,,,,,,,,,,,,,,,,,,,,,,,,,,,,,,,,,,,,,,,,,,,,,,,,,,,,,,,nan,,,,,,,,,,,,,,,
896,2774.029052734375,0.027709320187568665,2.7709320187568665,6511.548462629318,10000,ppo,ppo,crawler,flat,action_dth_tot_plus_friction_thdot_formula,,,,,,,,,,,,,,,0.002856068791043211,0,781,0.0,0.0,,,,,,,,,,,,,,,,,,,,,,,,,,,,,,,,,,,,,,,,,,,,,,,,,,,,,,,,,,,,,,,,,,,,,,,,,,nan,,,,,,,,,,,,,,,
897,2834.259521484375,0.02831503562629223,2.831503562629223,6518.948964595795,10000,ppo,ppo,crawler,flat,action_dth_tot_plus_friction_thdot_formula,,,,,,,,,,,,,,,0.0029669358494462594,0,781,0.0,0.0,,,,,,,,,,,,,,,,,,,,,,,,,,,,,,,,,,,,,,,,,,,,,,,,,,,,,,,,,,,,,,,,,,,,,,,,,,nan,,,,,,,,,,,,,,,
898,2760.62890625,0.02757931500673294,2.757931500673294,6526.159709692001,10000,ppo,ppo,crawler,flat,action_dth_tot_plus_friction_thdot_formula,,,,,,,,,,,,,,,0.00344964849866811,0,781,0.0,0.0,,,,,,,,,,,,,,,,,,,,,,,,,,,,,,,,,,,,,,,,,,,,,,,,,,,,,,,,,,,,,,,,,,,,,,,,,,nan,,,,,,,,,,,,,,,
899,2706.056396484375,0.02703562192618847,2.703562192618847,6533.424226284027,10000,ppo,ppo,crawler,flat,action_dth_tot_plus_friction_thdot_formula,,,,,,,,,,,,,,,0.002779773961659938,0,781,0.0,0.0,,,,,,,,,,,,,,,,,,,,,,,,,,,,,,,,,,,,,,,,,,,,,,,,,,,,,,,,,,,,,,,,,,,,,,,,,,nan,,,,,,,,,,,,,,,
900,2750.415283203125,0.02747194841504097,2.747194841504097,6540.618001937866,10000,ppo,ppo,crawler,flat,action_dth_tot_plus_friction_thdot_formula,,,,,,,,,,,,,,,0.003571936740464246,0,781,0.0,0.0,,,,,,,,,,,,,,,,,,,,,,,,,,,,,,,,,,,,,,,,,,,,,,,,,,,,,,,,,,,,,,,,,,,,,,,,,,nan,,,,,,,,,,,,,,,
901,2741.020263671875,0.02738627791404724,2.738627791404724,6548.01149559021,10000,ppo,ppo,crawler,flat,action_dth_tot_plus_friction_thdot_formula,,,,,,,,,,,,,,,0.0025973242842300143,0,781,0.0,0.0,,,,,,,,,,,,,,,,,,,,,,,,,,,,,,,,,,,,,,,,,,,,,,,,,,,,,,,,,,,,,,,,,,,,,,,,,,nan,,,,,,,,,,,,,,,
902,2781.7890625,0.027791723608970642,2.779172360897064,6555.11767077446,10000,ppo,ppo,crawler,flat,action_dth_tot_plus_friction_thdot_formula,,,,,,,,,,,,,,,0.0030699365991573167,0,781,0.0,0.0,,,,,,,,,,,,,,,,,,,,,,,,,,,,,,,,,,,,,,,,,,,,,,,,,,,,,,,,,,,,,,,,,,,,,,,,,,nan,,,,,,,,,,,,,,,
903,2667.640869140625,0.02665078639984131,2.665078639984131,6562.3508040905,10000,ppo,ppo,crawler,flat,action_dth_tot_plus_friction_thdot_formula,,,,,,,,,,,,,,,0.0023698894568318298,0,781,0.0,0.0,,,,,,,,,,,,,,,,,,,,,,,,,,,,,,,,,,,,,,,,,,,,,,,,,,,,,,,,,,,,,,,,,,,,,,,,,,nan,,,,,,,,,,,,,,,
904,2774.01025390625,0.027711046859622,2.7711046859622,6569.672414779663,10000,ppo,ppo,crawler,flat,action_dth_tot_plus_friction_thdot_formula,,,,,,,,,,,,,,,0.0031232898041654244,0,781,0.0,0.0,,,,,,,,,,,,,,,,,,,,,,,,,,,,,,,,,,,,,,,,,,,,,,,,,,,,,,,,,,,,,,,,,,,,,,,,,,nan,,,,,,,,,,,,,,,
905,2687.88427734375,0.02685040794312954,2.685040794312954,6576.885462522507,10000,ppo,ppo,crawler,flat,action_dth_tot_plus_friction_thdot_formula,,,,,,,,,,,,,,,0.002661815796031947,0,781,0.0,0.0,,,,,,,,,,,,,,,,,,,,,,,,,,,,,,,,,,,,,,,,,,,,,,,,,,,,,,,,,,,,,,,,,,,,,,,,,,nan,,,,,,,,,,,,,,,
906,2756.654541015625,0.02754233404994011,2.754233404994011,6584.084054470062,10000,ppo,ppo,crawler,flat,action_dth_tot_plus_friction_thdot_formula,,,,,,,,,,,,,,,0.0023301674725181363,0,781,0.0,0.0,,,,,,,,,,,,,,,,,,,,,,,,,,,,,,,,,,,,,,,,,,,,,,,,,,,,,,,,,,,,,,,,,,,,,,,,,,nan,,,,,,,,,,,,,,,
907,2718.478271484375,0.027153847739100456,2.7153847739100456,6591.135099887848,10000,ppo,ppo,crawler,flat,action_dth_tot_plus_friction_thdot_formula,,,,,,,,,,,,,,,0.003975497252582399,0,781,0.0,0.0,,,,,,,,,,,,,,,,,,,,,,,,,,,,,,,,,,,,,,,,,,,,,,,,,,,,,,,,,,,,,,,,,,,,,,,,,,nan,,,,,,,,,,,,,,,
908,2630.30078125,0.026271069422364235,2.6271069422364235,6598.640057325363,10000,ppo,ppo,crawler,flat,action_dth_tot_plus_friction_thdot_formula,,,,,,,,,,,,,,,0.0033369748817000146,0,781,0.0,0.0,,,,,,,,,,,,,,,,,,,,,,,,,,,,,,,,,,,,,,,,,,,,,,,,,,,,,,,,,,,,,,,,,,,,,,,,,,nan,,,,,,,,,,,,,,,
909,2715.111083984375,0.0271243155002594,2.71243155002594,6605.840318202972,10000,ppo,ppo,crawler,flat,action_dth_tot_plus_friction_thdot_formula,,,,,,,,,,,,,,,0.003641645182181977,0,781,0.0,0.0,,,,,,,,,,,,,,,,,,,,,,,,,,,,,,,,,,,,,,,,,,,,,,,,,,,,,,,,,,,,,,,,,,,,,,,,,,nan,,,,,,,,,,,,,,,
910,2656.849365234375,0.026543209329247475,2.6543209329247475,6612.94658780098,10000,ppo,ppo,crawler,flat,action_dth_tot_plus_friction_thdot_formula,,,,,,,,,,,,,,,0.003446338927670216,0,781,0.0,0.0,,,,,,,,,,,,,,,,,,,,,,,,,,,,,,,,,,,,,,,,,,,,,,,,,,,,,,,,,,,,,,,,,,,,,,,,,,nan,,,,,,,,,,,,,,,
911,2683.547119140625,0.02681024745106697,2.681024745106697,6620.138133049011,10000,ppo,ppo,crawler,flat,action_dth_tot_plus_friction_thdot_formula,,,,,,,,,,,,,,,0.0038042571043482984,0,781,0.0,0.0,,,,,,,,,,,,,,,,,,,,,,,,,,,,,,,,,,,,,,,,,,,,,,,,,,,,,,,,,,,,,,,,,,,,,,,,,,nan,,,,,,,,,,,,,,,
912,2792.896728515625,0.02790110930800438,2.790110930800438,6627.450898647308,10000,ppo,ppo,crawler,flat,action_dth_tot_plus_friction_thdot_formula,,,,,,,,,,,,,,,0.0029205506626950642,0,781,0.0,0.0,,,,,,,,,,,,,,,,,,,,,,,,,,,,,,,,,,,,,,,,,,,,,,,,,,,,,,,,,,,,,,,,,,,,,,,,,,nan,,,,,,,,,,,,,,,
913,2612.998779296875,0.02610568143427372,2.610568143427372,6634.715204000473,10000,ppo,ppo,crawler,flat,action_dth_tot_plus_friction_thdot_formula,,,,,,,,,,,,,,,0.003554377186989469,0,781,0.0,0.0,,,,,,,,,,,,,,,,,,,,,,,,,,,,,,,,,,,,,,,,,,,,,,,,,,,,,,,,,,,,,,,,,,,,,,,,,,nan,,,,,,,,,,,,,,,
914,2580.133544921875,0.025776540860533714,2.5776540860533714,6642.115129470825,10000,ppo,ppo,crawler,flat,action_dth_tot_plus_friction_thdot_formula,,,,,,,,,,,,,,,0.0031808048159375347,0,781,0.0,0.0,,,,,,,,,,,,,,,,,,,,,,,,,,,,,,,,,,,,,,,,,,,,,,,,,,,,,,,,,,,,,,,,,,,,,,,,,,nan,,,,,,,,,,,,,,,
915,2609.813232421875,0.026071438565850258,2.607143856585026,6649.604336738586,10000,ppo,ppo,crawler,flat,action_dth_tot_plus_friction_thdot_formula,,,,,,,,,,,,,,,0.0020117002298084188,0,781,0.0,0.0,,,,,,,,,,,,,,,,,,,,,,,,,,,,,,,,,,,,,,,,,,,,,,,,,,,,,,,,,,,,,,,,,,,,,,,,,,nan,,,,,,,,,,,,,,,
916,2560.216064453125,0.025569787248969078,2.556978724896908,6657.120854854584,10000,ppo,ppo,crawler,flat,action_dth_tot_plus_friction_thdot_formula,,,,,,,,,,,,,,,0.004071742095696834,0,781,0.0,0.0,,,,,,,,,,,,,,,,,,,,,,,,,,,,,,,,,,,,,,,,,,,,,,,,,,,,,,,,,,,,,,,,,,,,,,,,,,nan,,,,,,,,,,,,,,,
917,2602.73779296875,0.025993837043642998,2.5993837043642998,6664.447731733322,10000,ppo,ppo,crawler,flat,action_dth_tot_plus_friction_thdot_formula,,,,,,,,,,,,,,,0.0027704296697920283,0,781,0.0,0.0,,,,,,,,,,,,,,,,,,,,,,,,,,,,,,,,,,,,,,,,,,,,,,,,,,,,,,,,,,,,,,,,,,,,,,,,,,nan,,,,,,,,,,,,,,,
918,2712.91650390625,0.027100056409835815,2.7100056409835815,6671.982247829437,10000,ppo,ppo,crawler,flat,action_dth_tot_plus_friction_thdot_formula,,,,,,,,,,,,,,,0.003979103224032717,0,781,0.0,0.0,,,,,,,,,,,,,,,,,,,,,,,,,,,,,,,,,,,,,,,,,,,,,,,,,,,,,,,,,,,,,,,,,,,,,,,,,,nan,,,,,,,,,,,,,,,
919,2631.991455078125,0.02629452385008335,2.629452385008335,6679.408029079437,10000,ppo,ppo,crawler,flat,action_dth_tot_plus_friction_thdot_formula,,,,,,,,,,,,,,,0.0038243824470816264,0,781,0.0,0.0,,,,,,,,,,,,,,,,,,,,,,,,,,,,,,,,,,,,,,,,,,,,,,,,,,,,,,,,,,,,,,,,,,,,,,,,,,nan,,,,,,,,,,,,,,,
920,2508.39501953125,0.02505587972700596,2.505587972700596,6687.270213127136,10000,ppo,ppo,crawler,flat,action_dth_tot_plus_friction_thdot_formula,,,,,,,,,,,,,,,0.002984567697357599,0,781,0.0,0.0,,,,,,,,,,,,,,,,,,,,,,,,,,,,,,,,,,,,,,,,,,,,,,,,,,,,,,,,,,,,,,,,,,,,,,,,,,nan,,,,,,,,,,,,,,,
921,2632.76123046875,0.026299547404050827,2.6299547404050827,6694.536151647568,10000,ppo,ppo,crawler,flat,action_dth_tot_plus_friction_thdot_formula,,,,,,,,,,,,,,,0.0034810455917546504,0,781,0.0,0.0,,,,,,,,,,,,,,,,,,,,,,,,,,,,,,,,,,,,,,,,,,,,,,,,,,,,,,,,,,,,,,,,,,,,,,,,,,nan,,,,,,,,,,,,,,,
922,2726.509033203125,0.02723401039838791,2.723401039838791,6701.787664175034,10000,ppo,ppo,crawler,flat,action_dth_tot_plus_friction_thdot_formula,,,,,,,,,,,,,,,0.0024715388378858203,0,781,0.0,0.0,,,,,,,,,,,,,,,,,,,,,,,,,,,,,,,,,,,,,,,,,,,,,,,,,,,,,,,,,,,,,,,,,,,,,,,,,,nan,,,,,,,,,,,,,,,
923,2796.892578125,0.027939394116401672,2.7939394116401672,6709.041094303131,10000,ppo,ppo,crawler,flat,action_dth_tot_plus_friction_thdot_formula,,,,,,,,,,,,,,,0.002789856419345858,0,781,0.0,0.0,,,,,,,,,,,,,,,,,,,,,,,,,,,,,,,,,,,,,,,,,,,,,,,,,,,,,,,,,,,,,,,,,,,,,,,,,,nan,,,,,,,,,,,,,,,
924,2727.51708984375,0.02724563516676426,2.724563516676426,6716.344253540039,10000,ppo,ppo,crawler,flat,action_dth_tot_plus_friction_thdot_formula,,,,,,,,,,,,,,,0.00312814906205375,0,781,0.0,0.0,,,,,,,,,,,,,,,,,,,,,,,,,,,,,,,,,,,,,,,,,,,,,,,,,,,,,,,,,,,,,,,,,,,,,,,,,,nan,,,,,,,,,,,,,,,
925,2688.358154296875,0.02685469202697277,2.685469202697277,6723.530151844025,10000,ppo,ppo,crawler,flat,action_dth_tot_plus_friction_thdot_formula,,,,,,,,,,,,,,,0.0033709196022860158,0,781,0.0,0.0,,,,,,,,,,,,,,,,,,,,,,,,,,,,,,,,,,,,,,,,,,,,,,,,,,,,,,,,,,,,,,,,,,,,,,,,,,nan,,,,,,,,,,,,,,,
926,2696.062255859375,0.026929263025522232,2.692926302552223,6730.720589637756,10000,ppo,ppo,crawler,flat,action_dth_tot_plus_friction_thdot_formula,,,,,,,,,,,,,,,0.0036782236318443824,0,781,0.0,0.0,,,,,,,,,,,,,,,,,,,,,,,,,,,,,,,,,,,,,,,,,,,,,,,,,,,,,,,,,,,,,,,,,,,,,,,,,,nan,,,,,,,,,,,,,,,
927,2700.896728515625,0.02698175609111786,2.698175609111786,6738.252479553223,10000,ppo,ppo,crawler,flat,action_dth_tot_plus_friction_thdot_formula,,,,,,,,,,,,,,,0.0034451680449830314,0,781,0.0,0.0,,,,,,,,,,,,,,,,,,,,,,,,,,,,,,,,,,,,,,,,,,,,,,,,,,,,,,,,,,,,,,,,,,,,,,,,,,nan,,,,,,,,,,,,,,,
928,2527.91015625,0.025250185281038284,2.5250185281038284,6745.488394021988,10000,ppo,ppo,crawler,flat,action_dth_tot_plus_friction_thdot_formula,,,,,,,,,,,,,,,0.003405502657446278,0,781,0.0,0.0,,,,,,,,,,,,,,,,,,,,,,,,,,,,,,,,,,,,,,,,,,,,,,,,,,,,,,,,,,,,,,,,,,,,,,,,,,nan,,,,,,,,,,,,,,,
929,2693.9296875,0.026909971609711647,2.6909971609711647,6752.588452100754,10000,ppo,ppo,crawler,flat,action_dth_tot_plus_friction_thdot_formula,,,,,,,,,,,,,,,0.002330877831694342,0,781,0.0,0.0,,,,,,,,,,,,,,,,,,,,,,,,,,,,,,,,,,,,,,,,,,,,,,,,,,,,,,,,,,,,,,,,,,,,,,,,,,nan,,,,,,,,,,,,,,,
930,2665.0302734375,0.02662467584013939,2.662467584013939,6759.940116405487,10000,ppo,ppo,crawler,flat,action_dth_tot_plus_friction_thdot_formula,,,,,,,,,,,,,,,0.003139901629001589,0,781,0.0,0.0,,,,,,,,,,,,,,,,,,,,,,,,,,,,,,,,,,,,,,,,,,,,,,,,,,,,,,,,,,,,,,,,,,,,,,,,,,nan,,,,,,,,,,,,,,,
931,2590.110107421875,0.025871774181723595,2.5871774181723595,6767.148196220398,10000,ppo,ppo,crawler,flat,action_dth_tot_plus_friction_thdot_formula,,,,,,,,,,,,,,,0.0030008920334758317,0,781,0.0,0.0,,,,,,,,,,,,,,,,,,,,,,,,,,,,,,,,,,,,,,,,,,,,,,,,,,,,,,,,,,,,,,,,,,,,,,,,,,nan,,,,,,,,,,,,,,,
932,2582.038818359375,0.02579137124121189,2.579137124121189,6774.342767953873,10000,ppo,ppo,crawler,flat,action_dth_tot_plus_friction_thdot_formula,,,,,,,,,,,,,,,0.003043787159495504,0,781,0.0,0.0,,,,,,,,,,,,,,,,,,,,,,,,,,,,,,,,,,,,,,,,,,,,,,,,,,,,,,,,,,,,,,,,,,,,,,,,,,nan,,,,,,,,,,,,,,,
933,2514.496826171875,0.025116827338933945,2.5116827338933945,6781.474417924881,10000,ppo,ppo,crawler,flat,action_dth_tot_plus_friction_thdot_formula,,,,,,,,,,,,,,,0.00314329580714504,0,781,0.0,0.0,,,,,,,,,,,,,,,,,,,,,,,,,,,,,,,,,,,,,,,,,,,,,,,,,,,,,,,,,,,,,,,,,,,,,,,,,,nan,,,,,,,,,,,,,,,
934,2622.060302734375,0.026191897690296173,2.6191897690296173,6789.095878124237,10000,ppo,ppo,crawler,flat,action_dth_tot_plus_friction_thdot_formula,,,,,,,,,,,,,,,0.002225074142714898,0,781,0.0,0.0,,,,,,,,,,,,,,,,,,,,,,,,,,,,,,,,,,,,,,,,,,,,,,,,,,,,,,,,,,,,,,,,,,,,,,,,,,nan,,,,,,,,,,,,,,,
935,2604.450927734375,0.026016399264335632,2.6016399264335632,6796.211770772934,10000,ppo,ppo,crawler,flat,action_dth_tot_plus_friction_thdot_formula,,,,,,,,,,,,,,,0.0030735795094799156,0,781,0.0,0.0,,,,,,,,,,,,,,,,,,,,,,,,,,,,,,,,,,,,,,,,,,,,,,,,,,,,,,,,,,,,,,,,,,,,,,,,,,nan,,,,,,,,,,,,,,,
936,2730.964111328125,0.02728143334388733,2.728143334388733,6803.5980489254,10000,ppo,ppo,crawler,flat,action_dth_tot_plus_friction_thdot_formula,,,,,,,,,,,,,,,0.0020646462970468123,0,781,0.0,0.0,,,,,,,,,,,,,,,,,,,,,,,,,,,,,,,,,,,,,,,,,,,,,,,,,,,,,,,,,,,,,,,,,,,,,,,,,,nan,,,,,,,,,,,,,,,
937,2630.636474609375,0.02627730369567871,2.627730369567871,6810.7127096652985,10000,ppo,ppo,crawler,flat,action_dth_tot_plus_friction_thdot_formula,,,,,,,,,,,,,,,0.0036679749428050142,0,781,0.0,0.0,,,,,,,,,,,,,,,,,,,,,,,,,,,,,,,,,,,,,,,,,,,,,,,,,,,,,,,,,,,,,,,,,,,,,,,,,,nan,,,,,,,,,,,,,,,
938,2595.358154296875,0.0259217768907547,2.59217768907547,6818.220023393631,10000,ppo,ppo,crawler,flat,action_dth_tot_plus_friction_thdot_formula,,,,,,,,,,,,,,,0.002279163050186843,0,781,0.0,0.0,,,,,,,,,,,,,,,,,,,,,,,,,,,,,,,,,,,,,,,,,,,,,,,,,,,,,,,,,,,,,,,,,,,,,,,,,,nan,,,,,,,,,,,,,,,
939,2570.056396484375,0.02567422389984131,2.567422389984131,6825.532974243164,10000,ppo,ppo,crawler,flat,action_dth_tot_plus_friction_thdot_formula,,,,,,,,,,,,,,,0.0026299052214933854,0,781,0.0,0.0,,,,,,,,,,,,,,,,,,,,,,,,,,,,,,,,,,,,,,,,,,,,,,,,,,,,,,,,,,,,,,,,,,,,,,,,,,nan,,,,,,,,,,,,,,,
940,2609.135986328125,0.0260603167116642,2.60603167116642,6832.745400190353,10000,ppo,ppo,crawler,flat,action_dth_tot_plus_friction_thdot_formula,,,,,,,,,,,,,,,0.0028230544179230787,0,781,0.0,0.0,,,,,,,,,,,,,,,,,,,,,,,,,,,,,,,,,,,,,,,,,,,,,,,,,,,,,,,,,,,,,,,,,,,,,,,,,,nan,,,,,,,,,,,,,,,
941,2748.722412109375,0.027458898723125458,2.7458898723125458,6839.837630748749,10000,ppo,ppo,crawler,flat,action_dth_tot_plus_friction_thdot_formula,,,,,,,,,,,,,,,0.0022449444037896107,0,781,0.0,0.0,,,,,,,,,,,,,,,,,,,,,,,,,,,,,,,,,,,,,,,,,,,,,,,,,,,,,,,,,,,,,,,,,,,,,,,,,,nan,,,,,,,,,,,,,,,
942,2628.34228515625,0.026255210861563683,2.6255210861563683,6847.095399141312,10000,ppo,ppo,crawler,flat,action_dth_tot_plus_friction_thdot_formula,,,,,,,,,,,,,,,0.002634304238785304,0,781,0.0,0.0,,,,,,,,,,,,,,,,,,,,,,,,,,,,,,,,,,,,,,,,,,,,,,,,,,,,,,,,,,,,,,,,,,,,,,,,,,nan,,,,,,,,,,,,,,,
943,2562.898681640625,0.02560550719499588,2.560550719499588,6854.342255353928,10000,ppo,ppo,crawler,flat,action_dth_tot_plus_friction_thdot_formula,,,,,,,,,,,,,,,0.002122862572880419,0,781,0.0,0.0,,,,,,,,,,,,,,,,,,,,,,,,,,,,,,,,,,,,,,,,,,,,,,,,,,,,,,,,,,,,,,,,,,,,,,,,,,nan,,,,,,,,,,,,,,,
944,2493.436279296875,0.02490808069705963,2.490808069705963,6861.535358667374,10000,ppo,ppo,crawler,flat,action_dth_tot_plus_friction_thdot_formula,,,,,,,,,,,,,,,0.002187759162899567,0,781,0.0,0.0,,,,,,,,,,,,,,,,,,,,,,,,,,,,,,,,,,,,,,,,,,,,,,,,,,,,,,,,,,,,,,,,,,,,,,,,,,nan,,,,,,,,,,,,,,,
945,2617.787841796875,0.026149144396185875,2.6149144396185875,6868.882839202881,10000,ppo,ppo,crawler,flat,action_dth_tot_plus_friction_thdot_formula,,,,,,,,,,,,,,,0.0022579886521336178,0,781,0.0,0.0,,,,,,,,,,,,,,,,,,,,,,,,,,,,,,,,,,,,,,,,,,,,,,,,,,,,,,,,,,,,,,,,,,,,,,,,,,nan,,,,,,,,,,,,,,,
946,2483.609130859375,0.024810325354337692,2.4810325354337692,6875.9494433403015,10000,ppo,ppo,crawler,flat,action_dth_tot_plus_friction_thdot_formula,,,,,,,,,,,,,,,0.003672654513159657,0,781,0.0,0.0,,,,,,,,,,,,,,,,,,,,,,,,,,,,,,,,,,,,,,,,,,,,,,,,,,,,,,,,,,,,,,,,,,,,,,,,,,nan,,,,,,,,,,,,,,,
947,2559.72216796875,0.025567863136529922,2.5567863136529922,6883.325673818588,10000,ppo,ppo,crawler,flat,action_dth_tot_plus_friction_thdot_formula,,,,,,,,,,,,,,,0.002893646896130223,0,781,0.0,0.0,,,,,,,,,,,,,,,,,,,,,,,,,,,,,,,,,,,,,,,,,,,,,,,,,,,,,,,,,,,,,,,,,,,,,,,,,,nan,,,,,,,,,,,,,,,
948,2669.73681640625,0.026666058227419853,2.6666058227419853,6890.422280788422,10000,ppo,ppo,crawler,flat,action_dth_tot_plus_friction_thdot_formula,,,,,,,,,,,,,,,0.0024411032284820445,0,781,0.0,0.0,,,,,,,,,,,,,,,,,,,,,,,,,,,,,,,,,,,,,,,,,,,,,,,,,,,,,,,,,,,,,,,,,,,,,,,,,,nan,,,,,,,,,,,,,,,
949,2638.908935546875,0.02636120468378067,2.636120468378067,6897.859705924988,10000,ppo,ppo,crawler,flat,action_dth_tot_plus_friction_thdot_formula,,,,,,,,,,,,,,,0.0023905580371311806,0,781,0.0,0.0,,,,,,,,,,,,,,,,,,,,,,,,,,,,,,,,,,,,,,,,,,,,,,,,,,,,,,,,,,,,,,,,,,,,,,,,,,nan,,,,,,,,,,,,,,,
950,2753.162841796875,0.027501024305820465,2.7501024305820465,6904.997073173523,10000,ppo,ppo,crawler,flat,action_dth_tot_plus_friction_thdot_formula,,,,,,,,,,,,,,,0.002669193935294358,0,781,0.0,0.0,,,,,,,,,,,,,,,,,,,,,,,,,,,,,,,,,,,,,,,,,,,,,,,,,,,,,,,,,,,,,,,,,,,,,,,,,,nan,,,,,,,,,,,,,,,
951,2620.052001953125,0.026173684746026993,2.6173684746026993,6912.281720399857,10000,ppo,ppo,crawler,flat,action_dth_tot_plus_friction_thdot_formula,,,,,,,,,,,,,,,0.002880608097021975,0,781,0.0,0.0,,,,,,,,,,,,,,,,,,,,,,,,,,,,,,,,,,,,,,,,,,,,,,,,,,,,,,,,,,,,,,,,,,,,,,,,,,nan,,,,,,,,,,,,,,,
952,2528.977783203125,0.025260750204324722,2.5260750204324722,6919.573256492615,10000,ppo,ppo,crawler,flat,action_dth_tot_plus_friction_thdot_formula,,,,,,,,,,,,,,,0.003071213944066225,0,781,0.0,0.0,,,,,,,,,,,,,,,,,,,,,,,,,,,,,,,,,,,,,,,,,,,,,,,,,,,,,,,,,,,,,,,,,,,,,,,,,,nan,,,,,,,,,,,,,,,
953,2621.947021484375,0.026192808523774147,2.6192808523774147,6927.03723025322,10000,ppo,ppo,crawler,flat,action_dth_tot_plus_friction_thdot_formula,,,,,,,,,,,,,,,0.003382784228073731,0,781,0.0,0.0,,,,,,,,,,,,,,,,,,,,,,,,,,,,,,,,,,,,,,,,,,,,,,,,,,,,,,,,,,,,,,,,,,,,,,,,,,nan,,,,,,,,,,,,,,,
954,2593.391357421875,0.025908922776579857,2.5908922776579857,6934.187248706818,10000,ppo,ppo,crawler,flat,action_dth_tot_plus_friction_thdot_formula,,,,,,,,,,,,,,,0.0029502786751779897,0,781,0.0,0.0,,,,,,,,,,,,,,,,,,,,,,,,,,,,,,,,,,,,,,,,,,,,,,,,,,,,,,,,,,,,,,,,,,,,,,,,,,nan,,,,,,,,,,,,,,,
955,2495.12158203125,0.024924270808696747,2.4924270808696747,6941.365813970566,10000,ppo,ppo,crawler,flat,action_dth_tot_plus_friction_thdot_formula,,,,,,,,,,,,,,,0.0024973574522572655,0,781,0.0,0.0,,,,,,,,,,,,,,,,,,,,,,,,,,,,,,,,,,,,,,,,,,,,,,,,,,,,,,,,,,,,,,,,,,,,,,,,,,nan,,,,,,,,,,,,,,,
956,2404.77001953125,0.024018965661525726,2.4018965661525726,6948.527667760849,10000,ppo,ppo,crawler,flat,action_dth_tot_plus_friction_thdot_formula,,,,,,,,,,,,,,,0.003979477916509402,0,781,0.0,0.0,,,,,,,,,,,,,,,,,,,,,,,,,,,,,,,,,,,,,,,,,,,,,,,,,,,,,,,,,,,,,,,,,,,,,,,,,,nan,,,,,,,,,,,,,,,
957,2467.823486328125,0.02465204894542694,2.465204894542694,6956.13981962204,10000,ppo,ppo,crawler,flat,action_dth_tot_plus_friction_thdot_formula,,,,,,,,,,,,,,,0.0036148456741460075,0,781,0.0,0.0,,,,,,,,,,,,,,,,,,,,,,,,,,,,,,,,,,,,,,,,,,,,,,,,,,,,,,,,,,,,,,,,,,,,,,,,,,nan,,,,,,,,,,,,,,,
958,2464.486083984375,0.024622520431876183,2.4622520431876183,6963.291520118713,10000,ppo,ppo,crawler,flat,action_dth_tot_plus_friction_thdot_formula,,,,,,,,,,,,,,,0.0028779603182484256,0,781,0.0,0.0,,,,,,,,,,,,,,,,,,,,,,,,,,,,,,,,,,,,,,,,,,,,,,,,,,,,,,,,,,,,,,,,,,,,,,,,,,nan,,,,,,,,,,,,,,,
959,2402.14990234375,0.023999232798814774,2.3999232798814774,6970.4734625816345,10000,ppo,ppo,crawler,flat,action_dth_tot_plus_friction_thdot_formula,,,,,,,,,,,,,,,0.002676367521992254,0,781,0.0,0.0,,,,,,,,,,,,,,,,,,,,,,,,,,,,,,,,,,,,,,,,,,,,,,,,,,,,,,,,,,,,,,,,,,,,,,,,,,nan,,,,,,,,,,,,,,,
960,2394.590087890625,0.023921405896544456,2.3921405896544456,6977.906591176987,10000,ppo,ppo,crawler,flat,action_dth_tot_plus_friction_thdot_formula,,,,,,,,,,,,,,,0.0021723349067852347,0,781,0.0,0.0,,,,,,,,,,,,,,,,,,,,,,,,,,,,,,,,,,,,,,,,,,,,,,,,,,,,,,,,,,,,,,,,,,,,,,,,,,nan,,,,,,,,,,,,,,,
961,2443.1171875,0.024402547627687454,2.4402547627687454,6985.31018781662,10000,ppo,ppo,crawler,flat,action_dth_tot_plus_friction_thdot_formula,,,,,,,,,,,,,,,0.0030398331419698938,0,781,0.0,0.0,,,,,,,,,,,,,,,,,,,,,,,,,,,,,,,,,,,,,,,,,,,,,,,,,,,,,,,,,,,,,,,,,,,,,,,,,,nan,,,,,,,,,,,,,,,
962,2363.96484375,0.0236135832965374,2.36135832965374,6992.446079492569,10000,ppo,ppo,crawler,flat,action_dth_tot_plus_friction_thdot_formula,,,,,,,,,,,,,,,0.002933507708770911,0,781,0.0,0.0,,,,,,,,,,,,,,,,,,,,,,,,,,,,,,,,,,,,,,,,,,,,,,,,,,,,,,,,,,,,,,,,,,,,,,,,,,nan,,,,,,,,,,,,,,,
963,2411.870849609375,0.024100979790091515,2.4100979790091515,6999.646165847778,10000,ppo,ppo,crawler,flat,action_dth_tot_plus_friction_thdot_formula,,,,,,,,,,,,,,,0.0033790941364173605,0,781,0.0,0.0,,,,,,,,,,,,,,,,,,,,,,,,,,,,,,,,,,,,,,,,,,,,,,,,,,,,,,,,,,,,,,,,,,,,,,,,,,nan,,,,,,,,,,,,,,,
964,2472.879638671875,0.02470373548567295,2.470373548567295,7006.926756620407,10000,ppo,ppo,crawler,flat,action_dth_tot_plus_friction_thdot_formula,,,,,,,,,,,,,,,0.003136283383187784,0,781,0.0,0.0,,,,,,,,,,,,,,,,,,,,,,,,,,,,,,,,,,,,,,,,,,,,,,,,,,,,,,,,,,,,,,,,,,,,,,,,,,nan,,,,,,,,,,,,,,,
965,2398.035888671875,0.023953933268785477,2.3953933268785477,7014.172803401947,10000,ppo,ppo,crawler,flat,action_dth_tot_plus_friction_thdot_formula,,,,,,,,,,,,,,,0.003808693022949552,0,781,0.0,0.0,,,,,,,,,,,,,,,,,,,,,,,,,,,,,,,,,,,,,,,,,,,,,,,,,,,,,,,,,,,,,,,,,,,,,,,,,,nan,,,,,,,,,,,,,,,
966,2493.802734375,0.024908611550927162,2.490861155092716,7021.240001916885,10000,ppo,ppo,crawler,flat,action_dth_tot_plus_friction_thdot_formula,,,,,,,,,,,,,,,0.0032069460708643795,0,781,0.0,0.0,,,,,,,,,,,,,,,,,,,,,,,,,,,,,,,,,,,,,,,,,,,,,,,,,,,,,,,,,,,,,,,,,,,,,,,,,,nan,,,,,,,,,,,,,,,
967,2381.987548828125,0.023795872926712036,2.3795872926712036,7028.549650669098,10000,ppo,ppo,crawler,flat,action_dth_tot_plus_friction_thdot_formula,,,,,,,,,,,,,,,0.0036832185334447895,0,781,0.0,0.0,,,,,,,,,,,,,,,,,,,,,,,,,,,,,,,,,,,,,,,,,,,,,,,,,,,,,,,,,,,,,,,,,,,,,,,,,,nan,,,,,,,,,,,,,,,
968,2391.005859375,0.02388359233736992,2.388359233736992,7035.774196386337,10000,ppo,ppo,crawler,flat,action_dth_tot_plus_friction_thdot_formula,,,,,,,,,,,,,,,0.0027205049994216204,0,781,0.0,0.0,,,,,,,,,,,,,,,,,,,,,,,,,,,,,,,,,,,,,,,,,,,,,,,,,,,,,,,,,,,,,,,,,,,,,,,,,,nan,,,,,,,,,,,,,,,
969,2431.07275390625,0.02428230457007885,2.428230457007885,7043.073239564896,10000,ppo,ppo,crawler,flat,action_dth_tot_plus_friction_thdot_formula,,,,,,,,,,,,,,,0.003463729386511241,0,781,0.0,0.0,,,,,,,,,,,,,,,,,,,,,,,,,,,,,,,,,,,,,,,,,,,,,,,,,,,,,,,,,,,,,,,,,,,,,,,,,,nan,,,,,,,,,,,,,,,
970,2452.854736328125,0.024500472471117973,2.4500472471117973,7050.1708953380585,10000,ppo,ppo,crawler,flat,action_dth_tot_plus_friction_thdot_formula,,,,,,,,,,,,,,,0.003459626044162815,0,781,0.0,0.0,,,,,,,,,,,,,,,,,,,,,,,,,,,,,,,,,,,,,,,,,,,,,,,,,,,,,,,,,,,,,,,,,,,,,,,,,,nan,,,,,,,,,,,,,,,
971,2429.337646484375,0.024267153814435005,2.4267153814435005,7057.357772350311,10000,ppo,ppo,crawler,flat,action_dth_tot_plus_friction_thdot_formula,,,,,,,,,,,,,,,0.0028460854780711187,0,781,0.0,0.0,,,,,,,,,,,,,,,,,,,,,,,,,,,,,,,,,,,,,,,,,,,,,,,,,,,,,,,,,,,,,,,,,,,,,,,,,,nan,,,,,,,,,,,,,,,
972,2372.49609375,0.02369719371199608,2.369719371199608,7064.72284412384,10000,ppo,ppo,crawler,flat,action_dth_tot_plus_friction_thdot_formula,,,,,,,,,,,,,,,0.0028662021069461897,0,781,0.0,0.0,,,,,,,,,,,,,,,,,,,,,,,,,,,,,,,,,,,,,,,,,,,,,,,,,,,,,,,,,,,,,,,,,,,,,,,,,,nan,,,,,,,,,,,,,,,
973,2362.790771484375,0.02360505983233452,2.360505983233452,7071.841200351715,10000,ppo,ppo,crawler,flat,action_dth_tot_plus_friction_thdot_formula,,,,,,,,,,,,,,,0.003097884696681725,0,781,0.0,0.0,,,,,,,,,,,,,,,,,,,,,,,,,,,,,,,,,,,,,,,,,,,,,,,,,,,,,,,,,,,,,,,,,,,,,,,,,,nan,,,,,,,,,,,,,,,
974,2472.44873046875,0.024697598069906235,2.4697598069906235,7079.153311014175,10000,ppo,ppo,crawler,flat,action_dth_tot_plus_friction_thdot_formula,,,,,,,,,,,,,,,0.002950017739401262,0,781,0.0,0.0,,,,,,,,,,,,,,,,,,,,,,,,,,,,,,,,,,,,,,,,,,,,,,,,,,,,,,,,,,,,,,,,,,,,,,,,,,nan,,,,,,,,,,,,,,,
975,2429.989990234375,0.024273138493299484,2.4273138493299484,7086.467801332474,10000,ppo,ppo,crawler,flat,action_dth_tot_plus_friction_thdot_formula,,,,,,,,,,,,,,,0.0032132063660217348,0,781,0.0,0.0,,,,,,,,,,,,,,,,,,,,,,,,,,,,,,,,,,,,,,,,,,,,,,,,,,,,,,,,,,,,,,,,,,,,,,,,,,nan,,,,,,,,,,,,,,,
976,2330.422119140625,0.023282837122678757,2.3282837122678757,7093.8132066726685,10000,ppo,ppo,crawler,flat,action_dth_tot_plus_friction_thdot_formula,,,,,,,,,,,,,,,0.0031215921436003008,0,781,0.0,0.0,,,,,,,,,,,,,,,,,,,,,,,,,,,,,,,,,,,,,,,,,,,,,,,,,,,,,,,,,,,,,,,,,,,,,,,,,,nan,,,,,,,,,,,,,,,
977,2424.56689453125,0.024218007922172546,2.4218007922172546,7100.897102355957,10000,ppo,ppo,crawler,flat,action_dth_tot_plus_friction_thdot_formula,,,,,,,,,,,,,,,0.0030736162473084514,0,781,0.0,0.0,,,,,,,,,,,,,,,,,,,,,,,,,,,,,,,,,,,,,,,,,,,,,,,,,,,,,,,,,,,,,,,,,,,,,,,,,,nan,,,,,,,,,,,,,,,
978,2415.059814453125,0.02412446215748787,2.412446215748787,7108.192430973053,10000,ppo,ppo,crawler,flat,action_dth_tot_plus_friction_thdot_formula,,,,,,,,,,,,,,,0.003377436107667294,0,781,0.0,0.0,,,,,,,,,,,,,,,,,,,,,,,,,,,,,,,,,,,,,,,,,,,,,,,,,,,,,,,,,,,,,,,,,,,,,,,,,,nan,,,,,,,,,,,,,,,
979,2346.45703125,0.023439256474375725,2.3439256474375725,7115.510206222534,10000,ppo,ppo,crawler,flat,action_dth_tot_plus_friction_thdot_formula,,,,,,,,,,,,,,,0.003056958365455632,0,781,0.0,0.0,,,,,,,,,,,,,,,,,,,,,,,,,,,,,,,,,,,,,,,,,,,,,,,,,,,,,,,,,,,,,,,,,,,,,,,,,,nan,,,,,,,,,,,,,,,
980,2443.81103515625,0.024412116035819054,2.4412116035819054,7122.767238140106,10000,ppo,ppo,crawler,flat,action_dth_tot_plus_friction_thdot_formula,,,,,,,,,,,,,,,0.0026815504427219975,0,781,0.0,0.0,,,,,,,,,,,,,,,,,,,,,,,,,,,,,,,,,,,,,,,,,,,,,,,,,,,,,,,,,,,,,,,,,,,,,,,,,,nan,,,,,,,,,,,,,,,
981,2420.5078125,0.024177653715014458,2.4177653715014458,7129.836929798126,10000,ppo,ppo,crawler,flat,action_dth_tot_plus_friction_thdot_formula,,,,,,,,,,,,,,,0.002704897584256784,0,781,0.0,0.0,,,,,,,,,,,,,,,,,,,,,,,,,,,,,,,,,,,,,,,,,,,,,,,,,,,,,,,,,,,,,,,,,,,,,,,,,,nan,,,,,,,,,,,,,,,
982,2345.165771484375,0.02342359535396099,2.342359535396099,7137.099553823471,10000,ppo,ppo,crawler,flat,action_dth_tot_plus_friction_thdot_formula,,,,,,,,,,,,,,,0.0034438370715152407,0,781,0.0,0.0,,,,,,,,,,,,,,,,,,,,,,,,,,,,,,,,,,,,,,,,,,,,,,,,,,,,,,,,,,,,,,,,,,,,,,,,,,nan,,,,,,,,,,,,,,,
983,2225.934326171875,0.02223643660545349,2.223643660545349,7144.380894422531,10000,ppo,ppo,crawler,flat,action_dth_tot_plus_friction_thdot_formula,,,,,,,,,,,,,,,0.0035588870871923603,0,781,0.0,0.0,,,,,,,,,,,,,,,,,,,,,,,,,,,,,,,,,,,,,,,,,,,,,,,,,,,,,,,,,,,,,,,,,,,,,,,,,,nan,,,,,,,,,,,,,,,
984,2222.93603515625,0.02220895141363144,2.220895141363144,7151.682925224304,10000,ppo,ppo,crawler,flat,action_dth_tot_plus_friction_thdot_formula,,,,,,,,,,,,,,,0.0029791599075773803,0,781,0.0,0.0,,,,,,,,,,,,,,,,,,,,,,,,,,,,,,,,,,,,,,,,,,,,,,,,,,,,,,,,,,,,,,,,,,,,,,,,,,nan,,,,,,,,,,,,,,,
985,2240.89697265625,0.02238636277616024,2.238636277616024,7158.817401409149,10000,ppo,ppo,crawler,flat,action_dth_tot_plus_friction_thdot_formula,,,,,,,,,,,,,,,0.0033838969439795186,0,781,0.0,0.0,,,,,,,,,,,,,,,,,,,,,,,,,,,,,,,,,,,,,,,,,,,,,,,,,,,,,,,,,,,,,,,,,,,,,,,,,,nan,,,,,,,,,,,,,,,
986,2369.58154296875,0.02367015741765499,2.367015741765499,7166.243398666382,10000,ppo,ppo,crawler,flat,action_dth_tot_plus_friction_thdot_formula,,,,,,,,,,,,,,,0.0027102589624827767,0,781,0.0,0.0,,,,,,,,,,,,,,,,,,,,,,,,,,,,,,,,,,,,,,,,,,,,,,,,,,,,,,,,,,,,,,,,,,,,,,,,,,nan,,,,,,,,,,,,,,,
987,2216.93994140625,0.022150347009301186,2.2150347009301186,7173.38032579422,10000,ppo,ppo,crawler,flat,action_dth_tot_plus_friction_thdot_formula,,,,,,,,,,,,,,,0.0032101579585259304,0,781,0.0,0.0,,,,,,,,,,,,,,,,,,,,,,,,,,,,,,,,,,,,,,,,,,,,,,,,,,,,,,,,,,,,,,,,,,,,,,,,,,nan,,,,,,,,,,,,,,,
988,2303.759765625,0.02301577664911747,2.301577664911747,7180.6680862903595,10000,ppo,ppo,crawler,flat,action_dth_tot_plus_friction_thdot_formula,,,,,,,,,,,,,,,0.0030215816368395405,0,781,0.0,0.0,,,,,,,,,,,,,,,,,,,,,,,,,,,,,,,,,,,,,,,,,,,,,,,,,,,,,,,,,,,,,,,,,,,,,,,,,,nan,,,,,,,,,,,,,,,
989,2285.265380859375,0.0228286013007164,2.28286013007164,7187.790647745132,10000,ppo,ppo,crawler,flat,action_dth_tot_plus_friction_thdot_formula,,,,,,,,,,,,,,,0.002619186707343918,0,781,0.0,0.0,,,,,,,,,,,,,,,,,,,,,,,,,,,,,,,,,,,,,,,,,,,,,,,,,,,,,,,,,,,,,,,,,,,,,,,,,,nan,,,,,,,,,,,,,,,
990,2450.540771484375,0.02448171377182007,2.448171377182007,7195.132941484451,10000,ppo,ppo,crawler,flat,action_dth_tot_plus_friction_thdot_formula,,,,,,,,,,,,,,,0.0025707945625164166,0,781,0.0,0.0,,,,,,,,,,,,,,,,,,,,,,,,,,,,,,,,,,,,,,,,,,,,,,,,,,,,,,,,,,,,,,,,,,,,,,,,,,nan,,,,,,,,,,,,,,,
991,2537.688232421875,0.0253482423722744,2.53482423722744,7202.317446231842,10000,ppo,ppo,crawler,flat,action_dth_tot_plus_friction_thdot_formula,,,,,,,,,,,,,,,0.0027910917725326987,0,781,0.0,0.0,,,,,,,,,,,,,,,,,,,,,,,,,,,,,,,,,,,,,,,,,,,,,,,,,,,,,,,,,,,,,,,,,,,,,,,,,,nan,,,,,,,,,,,,,,,
992,2465.720703125,0.02463282085955143,2.463282085955143,7209.590539932251,10000,ppo,ppo,crawler,flat,action_dth_tot_plus_friction_thdot_formula,,,,,,,,,,,,,,,0.002863448208973656,0,781,0.0,0.0,,,,,,,,,,,,,,,,,,,,,,,,,,,,,,,,,,,,,,,,,,,,,,,,,,,,,,,,,,,,,,,,,,,,,,,,,,nan,,,,,,,,,,,,,,,
993,2498.308837890625,0.024958031252026558,2.495803125202656,7216.844859361649,10000,ppo,ppo,crawler,flat,action_dth_tot_plus_friction_thdot_formula,,,,,,,,,,,,,,,0.002316261382392523,0,781,0.0,0.0,,,,,,,,,,,,,,,,,,,,,,,,,,,,,,,,,,,,,,,,,,,,,,,,,,,,,,,,,,,,,,,,,,,,,,,,,,nan,,,,,,,,,,,,,,,
994,2511.085205078125,0.0250858124345541,2.50858124345541,7224.180456399918,10000,ppo,ppo,crawler,flat,action_dth_tot_plus_friction_thdot_formula,,,,,,,,,,,,,,,0.0021304243451646778,0,781,0.0,0.0,,,,,,,,,,,,,,,,,,,,,,,,,,,,,,,,,,,,,,,,,,,,,,,,,,,,,,,,,,,,,,,,,,,,,,,,,,nan,,,,,,,,,,,,,,,
995,2408.60693359375,0.024060189723968506,2.4060189723968506,7231.276405572891,10000,ppo,ppo,crawler,flat,action_dth_tot_plus_friction_thdot_formula,,,,,,,,,,,,,,,0.0034016680120202507,0,781,0.0,0.0,,,,,,,,,,,,,,,,,,,,,,,,,,,,,,,,,,,,,,,,,,,,,,,,,,,,,,,,,,,,,,,,,,,,,,,,,,nan,,,,,,,,,,,,,,,
996,2465.372802734375,0.02462555095553398,2.462555095553398,7238.44317150116,10000,ppo,ppo,crawler,flat,action_dth_tot_plus_friction_thdot_formula,,,,,,,,,,,,,,,0.0020760232770130416,0,781,0.0,0.0,,,,,,,,,,,,,,,,,,,,,,,,,,,,,,,,,,,,,,,,,,,,,,,,,,,,,,,,,,,,,,,,,,,,,,,,,,nan,,,,,,,,,,,,,,,
997,2541.171630859375,0.025386057794094086,2.5386057794094086,7245.670821428299,10000,ppo,ppo,crawler,flat,action_dth_tot_plus_friction_thdot_formula,,,,,,,,,,,,,,,0.0020532824405231696,0,781,0.0,0.0,,,,,,,,,,,,,,,,,,,,,,,,,,,,,,,,,,,,,,,,,,,,,,,,,,,,,,,,,,,,,,,,,,,,,,,,,,nan,,,,,,,,,,,,,,,
998,2416.6416015625,0.024144891649484634,2.4144891649484634,7252.9630427360535,10000,ppo,ppo,crawler,flat,action_dth_tot_plus_friction_thdot_formula,,,,,,,,,,,,,,,0.003310766753027509,0,781,0.0,0.0,,,,,,,,,,,,,,,,,,,,,,,,,,,,,,,,,,,,,,,,,,,,,,,,,,,,,,,,,,,,,,,,,,,,,,,,,,nan,,,,,,,,,,,,,,,
999,2419.114501953125,0.024167537689208984,2.4167537689208984,7260.192722797394,10000,ppo,ppo,crawler,flat,action_dth_tot_plus_friction_thdot_formula,,,,,,,,,,,,,,,0.002442213912672159,0,781,0.0,0.0,,,,,,,,,,,,,,,,,,,,,,,,,,,,,,,,,,,,,,,,,,,,,,,,,,,,,,,,,,,,,,,,,,,,,,,,,,nan,,,,,,,,,,,,,,,
1000,2406.991943359375,0.024044377729296684,2.4044377729296684,7267.367387056351,10000,ppo,ppo,crawler,flat,action_dth_tot_plus_friction_thdot_formula,,,,,,,,,,,,,,,0.003020221240368043,0,781,0.0,0.0,,,,,,,,,,,,,,,,,,,,,,,,,,,,,,,,,,,,,,,,,,,,,,,,,,,,,,,,,,,,,,,,,,,,,,,,,,nan,,,,,,,,,,,,,,,
1001,2417.0234375,0.024147195741534233,2.4147195741534233,7274.840723276138,10000,ppo,ppo,crawler,flat,action_dth_tot_plus_friction_thdot_formula,,,,,,,,,,,,,,,0.0027897181461902665,0,781,0.0,0.0,,,,,,,,,,,,,,,,,,,,,,,,,,,,,,,,,,,,,,,,,,,,,,,,,,,,,,,,,,,,,,,,,,,,,,,,,,nan,,,,,,,,,,,,,,,
1002,2595.09619140625,0.025925438851118088,2.5925438851118088,7282.025561571121,10000,ppo,ppo,crawler,flat,action_dth_tot_plus_friction_thdot_formula,,,,,,,,,,,,,,,0.003391358324594285,0,781,0.0,0.0,,,,,,,,,,,,,,,,,,,,,,,,,,,,,,,,,,,,,,,,,,,,,,,,,,,,,,,,,,,,,,,,,,,,,,,,,,nan,,,,,,,,,,,,,,,
1003,2516.641357421875,0.025141902267932892,2.514190226793289,7289.237073421478,10000,ppo,ppo,crawler,flat,action_dth_tot_plus_friction_thdot_formula,,,,,,,,,,,,,,,0.00298980587213801,0,781,0.0,0.0,,,,,,,,,,,,,,,,,,,,,,,,,,,,,,,,,,,,,,,,,,,,,,,,,,,,,,,,,,,,,,,,,,,,,,,,,,nan,,,,,,,,,,,,,,,
1004,2458.171630859375,0.024554818868637085,2.4554818868637085,7296.383887529373,10000,ppo,ppo,crawler,flat,action_dth_tot_plus_friction_thdot_formula,,,,,,,,,,,,,,,0.002762588122497383,0,781,0.0,0.0,,,,,,,,,,,,,,,,,,,,,,,,,,,,,,,,,,,,,,,,,,,,,,,,,,,,,,,,,,,,,,,,,,,,,,,,,,nan,,,,,,,,,,,,,,,
1005,2480.940185546875,0.02478828839957714,2.478828839957714,7303.853395223618,10000,ppo,ppo,crawler,flat,action_dth_tot_plus_friction_thdot_formula,,,,,,,,,,,,,,,0.003109780861034682,0,781,0.0,0.0,,,,,,,,,,,,,,,,,,,,,,,,,,,,,,,,,,,,,,,,,,,,,,,,,,,,,,,,,,,,,,,,,,,,,,,,,,nan,,,,,,,,,,,,,,,
1006,2504.837646484375,0.02501816861331463,2.501816861331463,7310.942983627319,10000,ppo,ppo,crawler,flat,action_dth_tot_plus_friction_thdot_formula,,,,,,,,,,,,,,,0.0025674996779597795,0,781,0.0,0.0,,,,,,,,,,,,,,,,,,,,,,,,,,,,,,,,,,,,,,,,,,,,,,,,,,,,,,,,,,,,,,,,,,,,,,,,,,nan,,,,,,,,,,,,,,,
1007,2539.638427734375,0.025371382012963295,2.5371382012963295,7318.1200070381165,10000,ppo,ppo,crawler,flat,action_dth_tot_plus_friction_thdot_formula,,,,,,,,,,,,,,,0.0027615337903288202,0,781,0.0,0.0,,,,,,,,,,,,,,,,,,,,,,,,,,,,,,,,,,,,,,,,,,,,,,,,,,,,,,,,,,,,,,,,,,,,,,,,,,nan,,,,,,,,,,,,,,,
1008,2461.4970703125,0.02459064871072769,2.459064871072769,7325.157086133957,10000,ppo,ppo,crawler,flat,action_dth_tot_plus_friction_thdot_formula,,,,,,,,,,,,,,,0.002061608708424854,0,781,0.0,0.0,,,,,,,,,,,,,,,,,,,,,,,,,,,,,,,,,,,,,,,,,,,,,,,,,,,,,,,,,,,,,,,,,,,,,,,,,,nan,,,,,,,,,,,,,,,
1009,2454.714599609375,0.024522561579942703,2.4522561579942703,7332.5335512161255,10000,ppo,ppo,crawler,flat,action_dth_tot_plus_friction_thdot_formula,,,,,,,,,,,,,,,0.0024296450323205224,0,781,0.0,0.0,,,,,,,,,,,,,,,,,,,,,,,,,,,,,,,,,,,,,,,,,,,,,,,,,,,,,,,,,,,,,,,,,,,,,,,,,,nan,,,,,,,,,,,,,,,
1010,2379.41162109375,0.023769045248627663,2.3769045248627663,7339.567223310471,10000,ppo,ppo,crawler,flat,action_dth_tot_plus_friction_thdot_formula,,,,,,,,,,,,,,,0.002261627683560298,0,781,0.0,0.0,,,,,,,,,,,,,,,,,,,,,,,,,,,,,,,,,,,,,,,,,,,,,,,,,,,,,,,,,,,,,,,,,,,,,,,,,,nan,,,,,,,,,,,,,,,
1011,2385.370361328125,0.023826777935028076,2.3826777935028076,7346.848162412643,10000,ppo,ppo,crawler,flat,action_dth_tot_plus_friction_thdot_formula,,,,,,,,,,,,,,,0.003689397586880445,0,781,0.0,0.0,,,,,,,,,,,,,,,,,,,,,,,,,,,,,,,,,,,,,,,,,,,,,,,,,,,,,,,,,,,,,,,,,,,,,,,,,,nan,,,,,,,,,,,,,,,
1012,2430.893310546875,0.02428337000310421,2.428337000310421,7353.89932847023,10000,ppo,ppo,crawler,flat,action_dth_tot_plus_friction_thdot_formula,,,,,,,,,,,,,,,0.0028914581024265047,0,781,0.0,0.0,,,,,,,,,,,,,,,,,,,,,,,,,,,,,,,,,,,,,,,,,,,,,,,,,,,,,,,,,,,,,,,,,,,,,,,,,,nan,,,,,,,,,,,,,,,
1013,2441.7265625,0.024395395070314407,2.4395395070314407,7361.324214458466,10000,ppo,ppo,crawler,flat,action_dth_tot_plus_friction_thdot_formula,,,,,,,,,,,,,,,0.002916948291101635,0,781,0.0,0.0,,,,,,,,,,,,,,,,,,,,,,,,,,,,,,,,,,,,,,,,,,,,,,,,,,,,,,,,,,,,,,,,,,,,,,,,,,nan,,,,,,,,,,,,,,,
1014,2406.349365234375,0.02403917722404003,2.403917722404003,7368.527709245682,10000,ppo,ppo,crawler,flat,action_dth_tot_plus_friction_thdot_formula,,,,,,,,,,,,,,,0.0030681206370738456,0,781,0.0,0.0,,,,,,,,,,,,,,,,,,,,,,,,,,,,,,,,,,,,,,,,,,,,,,,,,,,,,,,,,,,,,,,,,,,,,,,,,,nan,,,,,,,,,,,,,,,
1015,2447.966552734375,0.024453185498714447,2.4453185498714447,7375.759927272797,10000,ppo,ppo,crawler,flat,action_dth_tot_plus_friction_thdot_formula,,,,,,,,,,,,,,,0.002481251903420562,0,781,0.0,0.0,,,,,,,,,,,,,,,,,,,,,,,,,,,,,,,,,,,,,,,,,,,,,,,,,,,,,,,,,,,,,,,,,,,,,,,,,,nan,,,,,,,,,,,,,,,
1016,2349.611083984375,0.023470278829336166,2.3470278829336166,7383.020427942276,10000,ppo,ppo,crawler,flat,action_dth_tot_plus_friction_thdot_formula,,,,,,,,,,,,,,,0.0027004975399462132,0,781,0.0,0.0,,,,,,,,,,,,,,,,,,,,,,,,,,,,,,,,,,,,,,,,,,,,,,,,,,,,,,,,,,,,,,,,,,,,,,,,,,nan,,,,,,,,,,,,,,,
1017,2416.592529296875,0.024137306958436966,2.4137306958436966,7390.268723487854,10000,ppo,ppo,crawler,flat,action_dth_tot_plus_friction_thdot_formula,,,,,,,,,,,,,,,0.002426029372424908,0,781,0.0,0.0,,,,,,,,,,,,,,,,,,,,,,,,,,,,,,,,,,,,,,,,,,,,,,,,,,,,,,,,,,,,,,,,,,,,,,,,,,nan,,,,,,,,,,,,,,,
1018,2401.70361328125,0.023990081623196602,2.39900816231966,7397.529328584671,10000,ppo,ppo,crawler,flat,action_dth_tot_plus_friction_thdot_formula,,,,,,,,,,,,,,,0.0024384383099373052,0,781,0.0,0.0,,,,,,,,,,,,,,,,,,,,,,,,,,,,,,,,,,,,,,,,,,,,,,,,,,,,,,,,,,,,,,,,,,,,,,,,,,nan,,,,,,,,,,,,,,,
1019,2433.485107421875,0.02430957928299904,2.430957928299904,7404.8008732795715,10000,ppo,ppo,crawler,flat,action_dth_tot_plus_friction_thdot_formula,,,,,,,,,,,,,,,0.0029363279397764557,0,781,0.0,0.0,,,,,,,,,,,,,,,,,,,,,,,,,,,,,,,,,,,,,,,,,,,,,,,,,,,,,,,,,,,,,,,,,,,,,,,,,,nan,,,,,,,,,,,,,,,
1020,2439.066162109375,0.02436467818915844,2.436467818915844,7412.079448699951,10000,ppo,ppo,crawler,flat,action_dth_tot_plus_friction_thdot_formula,,,,,,,,,,,,,,,0.0025937760275387338,0,781,0.0,0.0,,,,,,,,,,,,,,,,,,,,,,,,,,,,,,,,,,,,,,,,,,,,,,,,,,,,,,,,,,,,,,,,,,,,,,,,,,nan,,,,,,,,,,,,,,,
1021,2452.438232421875,0.024494381621479988,2.449438162147999,7419.311467409134,10000,ppo,ppo,crawler,flat,action_dth_tot_plus_friction_thdot_formula,,,,,,,,,,,,,,,0.003144721506537915,0,781,0.0,0.0,,,,,,,,,,,,,,,,,,,,,,,,,,,,,,,,,,,,,,,,,,,,,,,,,,,,,,,,,,,,,,,,,,,,,,,,,,nan,,,,,,,,,,,,,,,
1022,2405.77392578125,0.024034269154071808,2.403426915407181,7426.50008559227,10000,ppo,ppo,crawler,flat,action_dth_tot_plus_friction_thdot_formula,,,,,,,,,,,,,,,0.0022730222093725458,0,781,0.0,0.0,,,,,,,,,,,,,,,,,,,,,,,,,,,,,,,,,,,,,,,,,,,,,,,,,,,,,,,,,,,,,,,,,,,,,,,,,,nan,,,,,,,,,,,,,,,
1023,2485.587646484375,0.024826988577842712,2.4826988577842712,7433.61575293541,10000,ppo,ppo,crawler,flat,action_dth_tot_plus_friction_thdot_formula,,,,,,,,,,,,,,,0.003188066140734549,0,781,0.0,0.0,,,,,,,,,,,,,,,,,,,,,,,,,,,,,,,,,,,,,,,,,,,,,,,,,,,,,,,,,,,,,,,,,,,,,,,,,,nan,,,,,,,,,,,,,,,
1024,2517.500732421875,0.025148747488856316,2.5148747488856316,7441.2003309726715,10000,ppo,ppo,crawler,flat,action_dth_tot_plus_friction_thdot_formula,,,,,,,,,,,,,,,0.0029803361501392674,0,781,0.0,0.0,,,,,,,,,,,,,,,,,,,,,,,,,,,,,,,,,,,,,,,,,,,,,,,,,,,,,,,,,,,,,,,,,,,,,,,,,,nan,,,,,,,,,,,,,,,
1025,2452.837158203125,0.02450520545244217,2.450520545244217,7448.267467737198,10000,ppo,ppo,crawler,flat,action_dth_tot_plus_friction_thdot_formula,,,,,,,,,,,,,,,0.002755065741371924,0,781,0.0,0.0,,,,,,,,,,,,,,,,,,,,,,,,,,,,,,,,,,,,,,,,,,,,,,,,,,,,,,,,,,,,,,,,,,,,,,,,,,nan,,,,,,,,,,,,,,,
1026,2465.962158203125,0.024631477892398834,2.4631477892398834,7455.530948638916,10000,ppo,ppo,crawler,flat,action_dth_tot_plus_friction_thdot_formula,,,,,,,,,,,,,,,0.0035861280524137904,0,781,0.0,0.0,,,,,,,,,,,,,,,,,,,,,,,,,,,,,,,,,,,,,,,,,,,,,,,,,,,,,,,,,,,,,,,,,,,,,,,,,,nan,,,,,,,,,,,,,,,
1027,2574.26416015625,0.025717776268720627,2.5717776268720627,7462.662860155106,10000,ppo,ppo,crawler,flat,action_dth_tot_plus_friction_thdot_formula,,,,,,,,,,,,,,,0.0025096152437401867,0,781,0.0,0.0,,,,,,,,,,,,,,,,,,,,,,,,,,,,,,,,,,,,,,,,,,,,,,,,,,,,,,,,,,,,,,,,,,,,,,,,,,nan,,,,,,,,,,,,,,,
1028,2529.82861328125,0.02527141384780407,2.527141384780407,7470.135879993439,10000,ppo,ppo,crawler,flat,action_dth_tot_plus_friction_thdot_formula,,,,,,,,,,,,,,,0.002292912770685753,0,781,0.0,0.0,,,,,,,,,,,,,,,,,,,,,,,,,,,,,,,,,,,,,,,,,,,,,,,,,,,,,,,,,,,,,,,,,,,,,,,,,,nan,,,,,,,,,,,,,,,
1029,2495.595703125,0.02492794580757618,2.492794580757618,7477.220016479492,10000,ppo,ppo,crawler,flat,action_dth_tot_plus_friction_thdot_formula,,,,,,,,,,,,,,,0.002848170726271179,0,781,0.0,0.0,,,,,,,,,,,,,,,,,,,,,,,,,,,,,,,,,,,,,,,,,,,,,,,,,,,,,,,,,,,,,,,,,,,,,,,,,,nan,,,,,,,,,,,,,,,
1030,2493.32666015625,0.024907924234867096,2.4907924234867096,7484.475954771042,10000,ppo,ppo,crawler,flat,action_dth_tot_plus_friction_thdot_formula,,,,,,,,,,,,,,,0.0021117418467006964,0,781,0.0,0.0,,,,,,,,,,,,,,,,,,,,,,,,,,,,,,,,,,,,,,,,,,,,,,,,,,,,,,,,,,,,,,,,,,,,,,,,,,nan,,,,,,,,,,,,,,,
1031,2400.947998046875,0.023979365825653076,2.3979365825653076,7491.704063177109,10000,ppo,ppo,crawler,flat,action_dth_tot_plus_friction_thdot_formula,,,,,,,,,,,,,,,0.0034179979421853635,0,781,0.0,0.0,,,,,,,,,,,,,,,,,,,,,,,,,,,,,,,,,,,,,,,,,,,,,,,,,,,,,,,,,,,,,,,,,,,,,,,,,,nan,,,,,,,,,,,,,,,
1032,2472.87646484375,0.02470494993031025,2.470494993031025,7498.935180902481,10000,ppo,ppo,crawler,flat,action_dth_tot_plus_friction_thdot_formula,,,,,,,,,,,,,,,0.0025265007994552686,0,781,0.0,0.0,,,,,,,,,,,,,,,,,,,,,,,,,,,,,,,,,,,,,,,,,,,,,,,,,,,,,,,,,,,,,,,,,,,,,,,,,,nan,,,,,,,,,,,,,,,
1033,2539.252685546875,0.025366252288222313,2.5366252288222313,7506.081987857819,10000,ppo,ppo,crawler,flat,action_dth_tot_plus_friction_thdot_formula,,,,,,,,,,,,,,,0.0027281960815897215,0,781,0.0,0.0,,,,,,,,,,,,,,,,,,,,,,,,,,,,,,,,,,,,,,,,,,,,,,,,,,,,,,,,,,,,,,,,,,,,,,,,,,nan,,,,,,,,,,,,,,,
1034,2491.971435546875,0.02489432878792286,2.489432878792286,7513.221458435059,10000,ppo,ppo,crawler,flat,action_dth_tot_plus_friction_thdot_formula,,,,,,,,,,,,,,,0.0035865417156274886,0,781,0.0,0.0,,,,,,,,,,,,,,,,,,,,,,,,,,,,,,,,,,,,,,,,,,,,,,,,,,,,,,,,,,,,,,,,,,,,,,,,,,nan,,,,,,,,,,,,,,,
1035,2488.855224609375,0.02486472949385643,2.486472949385643,7520.511692762375,10000,ppo,ppo,crawler,flat,action_dth_tot_plus_friction_thdot_formula,,,,,,,,,,,,,,,0.0020458305253609707,0,781,0.0,0.0,,,,,,,,,,,,,,,,,,,,,,,,,,,,,,,,,,,,,,,,,,,,,,,,,,,,,,,,,,,,,,,,,,,,,,,,,,nan,,,,,,,,,,,,,,,
1036,2509.6640625,0.025064677000045776,2.5064677000045776,7527.626577138901,10000,ppo,ppo,crawler,flat,action_dth_tot_plus_friction_thdot_formula,,,,,,,,,,,,,,,0.0023055872181579518,0,781,0.0,0.0,,,,,,,,,,,,,,,,,,,,,,,,,,,,,,,,,,,,,,,,,,,,,,,,,,,,,,,,,,,,,,,,,,,,,,,,,,nan,,,,,,,,,,,,,,,
1037,2524.578857421875,0.025221513584256172,2.522151358425617,7534.777376413345,10000,ppo,ppo,crawler,flat,action_dth_tot_plus_friction_thdot_formula,,,,,,,,,,,,,,,0.002942053279177633,0,781,0.0,0.0,,,,,,,,,,,,,,,,,,,,,,,,,,,,,,,,,,,,,,,,,,,,,,,,,,,,,,,,,,,,,,,,,,,,,,,,,,nan,,,,,,,,,,,,,,,
1038,2629.169189453125,0.026263488456606865,2.6263488456606865,7541.92963552475,10000,ppo,ppo,crawler,flat,action_dth_tot_plus_friction_thdot_formula,,,,,,,,,,,,,,,0.00243238421236302,0,781,0.0,0.0,,,,,,,,,,,,,,,,,,,,,,,,,,,,,,,,,,,,,,,,,,,,,,,,,,,,,,,,,,,,,,,,,,,,,,,,,,nan,,,,,,,,,,,,,,,
1039,2622.616943359375,0.0261981263756752,2.61981263756752,7549.2253839969635,10000,ppo,ppo,crawler,flat,action_dth_tot_plus_friction_thdot_formula,,,,,,,,,,,,,,,0.002434546491210188,0,781,0.0,0.0,,,,,,,,,,,,,,,,,,,,,,,,,,,,,,,,,,,,,,,,,,,,,,,,,,,,,,,,,,,,,,,,,,,,,,,,,,nan,,,,,,,,,,,,,,,
1040,2533.244873046875,0.02530747838318348,2.530747838318348,7556.428569078445,10000,ppo,ppo,crawler,flat,action_dth_tot_plus_friction_thdot_formula,,,,,,,,,,,,,,,0.0026321143661530285,0,781,0.0,0.0,,,,,,,,,,,,,,,,,,,,,,,,,,,,,,,,,,,,,,,,,,,,,,,,,,,,,,,,,,,,,,,,,,,,,,,,,,nan,,,,,,,,,,,,,,,
1041,2489.06298828125,0.024862254038453102,2.48622540384531,7563.5753717422485,10000,ppo,ppo,crawler,flat,action_dth_tot_plus_friction_thdot_formula,,,,,,,,,,,,,,,0.0020280457302247067,0,781,0.0,0.0,,,,,,,,,,,,,,,,,,,,,,,,,,,,,,,,,,,,,,,,,,,,,,,,,,,,,,,,,,,,,,,,,,,,,,,,,,nan,,,,,,,,,,,,,,,
1042,2600.391357421875,0.02597702480852604,2.597702480852604,7570.780680894852,10000,ppo,ppo,crawler,flat,action_dth_tot_plus_friction_thdot_formula,,,,,,,,,,,,,,,0.0024037425539387143,0,781,0.0,0.0,,,,,,,,,,,,,,,,,,,,,,,,,,,,,,,,,,,,,,,,,,,,,,,,,,,,,,,,,,,,,,,,,,,,,,,,,,nan,,,,,,,,,,,,,,,
1043,2597.229736328125,0.025944072753190994,2.5944072753190994,7578.092082977295,10000,ppo,ppo,crawler,flat,action_dth_tot_plus_friction_thdot_formula,,,,,,,,,,,,,,,0.0034203441548933335,0,781,0.0,0.0,,,,,,,,,,,,,,,,,,,,,,,,,,,,,,,,,,,,,,,,,,,,,,,,,,,,,,,,,,,,,,,,,,,,,,,,,,nan,,,,,,,,,,,,,,,
1044,2755.547607421875,0.02752990648150444,2.752990648150444,7585.322321891785,10000,ppo,ppo,crawler,flat,action_dth_tot_plus_friction_thdot_formula,,,,,,,,,,,,,,,0.002554540957426163,0,781,0.0,0.0,,,,,,,,,,,,,,,,,,,,,,,,,,,,,,,,,,,,,,,,,,,,,,,,,,,,,,,,,,,,,,,,,,,,,,,,,,nan,,,,,,,,,,,,,,,
1045,2681.978271484375,0.026792241260409355,2.6792241260409355,7592.420426130295,10000,ppo,ppo,crawler,flat,action_dth_tot_plus_friction_thdot_formula,,,,,,,,,,,,,,,0.0027195481711592543,0,781,0.0,0.0,,,,,,,,,,,,,,,,,,,,,,,,,,,,,,,,,,,,,,,,,,,,,,,,,,,,,,,,,,,,,,,,,,,,,,,,,,nan,,,,,,,,,,,,,,,
1046,2677.821533203125,0.026749804615974426,2.6749804615974426,7599.830211400986,10000,ppo,ppo,crawler,flat,action_dth_tot_plus_friction_thdot_formula,,,,,,,,,,,,,,,0.002710149388983321,0,781,0.0,0.0,,,,,,,,,,,,,,,,,,,,,,,,,,,,,,,,,,,,,,,,,,,,,,,,,,,,,,,,,,,,,,,,,,,,,,,,,,nan,,,,,,,,,,,,,,,
1047,2675.27490234375,0.026724087074398994,2.6724087074398994,7606.9429886341095,10000,ppo,ppo,crawler,flat,action_dth_tot_plus_friction_thdot_formula,,,,,,,,,,,,,,,0.002549655497184133,0,781,0.0,0.0,,,,,,,,,,,,,,,,,,,,,,,,,,,,,,,,,,,,,,,,,,,,,,,,,,,,,,,,,,,,,,,,,,,,,,,,,,nan,,,,,,,,,,,,,,,
1048,2507.783203125,0.02504977583885193,2.504977583885193,7614.129586696625,10000,ppo,ppo,crawler,flat,action_dth_tot_plus_friction_thdot_formula,,,,,,,,,,,,,,,0.002325115824410711,0,781,0.0,0.0,,,,,,,,,,,,,,,,,,,,,,,,,,,,,,,,,,,,,,,,,,,,,,,,,,,,,,,,,,,,,,,,,,,,,,,,,,nan,,,,,,,,,,,,,,,
1049,2692.309326171875,0.02689552865922451,2.689552865922451,7621.421374797821,10000,ppo,ppo,crawler,flat,action_dth_tot_plus_friction_thdot_formula,,,,,,,,,,,,,,,0.0025008316316880957,0,781,0.0,0.0,,,,,,,,,,,,,,,,,,,,,,,,,,,,,,,,,,,,,,,,,,,,,,,,,,,,,,,,,,,,,,,,,,,,,,,,,,nan,,,,,,,,,,,,,,,
1050,2623.603515625,0.026208996772766113,2.6208996772766113,7628.629176616669,10000,ppo,ppo,crawler,flat,action_dth_tot_plus_friction_thdot_formula,,,,,,,,,,,,,,,0.0034464720033139597,0,781,0.0,0.0,,,,,,,,,,,,,,,,,,,,,,,,,,,,,,,,,,,,,,,,,,,,,,,,,,,,,,,,,,,,,,,,,,,,,,,,,,nan,,,,,,,,,,,,,,,
1051,2717.733154296875,0.027148336172103882,2.714833617210388,7635.928785562515,10000,ppo,ppo,crawler,flat,action_dth_tot_plus_friction_thdot_formula,,,,,,,,,,,,,,,0.0031258650389398603,0,781,0.0,0.0,,,,,,,,,,,,,,,,,,,,,,,,,,,,,,,,,,,,,,,,,,,,,,,,,,,,,,,,,,,,,,,,,,,,,,,,,,nan,,,,,,,,,,,,,,,
1052,2655.022705078125,0.026519402861595154,2.6519402861595154,7643.172275066376,10000,ppo,ppo,crawler,flat,action_dth_tot_plus_friction_thdot_formula,,,,,,,,,,,,,,,0.002187524099049317,0,781,0.0,0.0,,,,,,,,,,,,,,,,,,,,,,,,,,,,,,,,,,,,,,,,,,,,,,,,,,,,,,,,,,,,,,,,,,,,,,,,,,nan,,,,,,,,,,,,,,,
1053,2645.397705078125,0.026425082236528397,2.6425082236528397,7650.424148321152,10000,ppo,ppo,crawler,flat,action_dth_tot_plus_friction_thdot_formula,,,,,,,,,,,,,,,0.0026724408857304385,0,781,0.0,0.0,,,,,,,,,,,,,,,,,,,,,,,,,,,,,,,,,,,,,,,,,,,,,,,,,,,,,,,,,,,,,,,,,,,,,,,,,,nan,,,,,,,,,,,,,,,
1054,2552.68505859375,0.025502990931272507,2.5502990931272507,7657.749662637711,10000,ppo,ppo,crawler,flat,action_dth_tot_plus_friction_thdot_formula,,,,,,,,,,,,,,,0.002760072116067492,0,781,0.0,0.0,,,,,,,,,,,,,,,,,,,,,,,,,,,,,,,,,,,,,,,,,,,,,,,,,,,,,,,,,,,,,,,,,,,,,,,,,,nan,,,,,,,,,,,,,,,
1055,2538.766357421875,0.025363190099596977,2.5363190099596977,7665.173914909363,10000,ppo,ppo,crawler,flat,action_dth_tot_plus_friction_thdot_formula,,,,,,,,,,,,,,,0.003270975105099561,0,781,0.0,0.0,,,,,,,,,,,,,,,,,,,,,,,,,,,,,,,,,,,,,,,,,,,,,,,,,,,,,,,,,,,,,,,,,,,,,,,,,,nan,,,,,,,,,,,,,,,
1056,2620.781982421875,0.02618243731558323,2.618243731558323,7672.302230834961,10000,ppo,ppo,crawler,flat,action_dth_tot_plus_friction_thdot_formula,,,,,,,,,,,,,,,0.002078271263063481,0,781,0.0,0.0,,,,,,,,,,,,,,,,,,,,,,,,,,,,,,,,,,,,,,,,,,,,,,,,,,,,,,,,,,,,,,,,,,,,,,,,,,nan,,,,,,,,,,,,,,,
1057,2676.336669921875,0.026731587946414948,2.6731587946414948,7680.036173343658,10000,ppo,ppo,crawler,flat,action_dth_tot_plus_friction_thdot_formula,,,,,,,,,,,,,,,0.0031768281922258897,0,781,0.0,0.0,,,,,,,,,,,,,,,,,,,,,,,,,,,,,,,,,,,,,,,,,,,,,,,,,,,,,,,,,,,,,,,,,,,,,,,,,,nan,,,,,,,,,,,,,,,
1058,2498.791015625,0.02496122382581234,2.496122382581234,7687.222925901413,10000,ppo,ppo,crawler,flat,action_dth_tot_plus_friction_thdot_formula,,,,,,,,,,,,,,,0.0026555517063089782,0,781,0.0,0.0,,,,,,,,,,,,,,,,,,,,,,,,,,,,,,,,,,,,,,,,,,,,,,,,,,,,,,,,,,,,,,,,,,,,,,,,,,nan,,,,,,,,,,,,,,,
1059,2531.32421875,0.025285784155130386,2.5285784155130386,7694.845685720444,10000,ppo,ppo,crawler,flat,action_dth_tot_plus_friction_thdot_formula,,,,,,,,,,,,,,,0.0034860972142984037,0,781,0.0,0.0,,,,,,,,,,,,,,,,,,,,,,,,,,,,,,,,,,,,,,,,,,,,,,,,,,,,,,,,,,,,,,,,,,,,,,,,,,nan,,,,,,,,,,,,,,,
1060,2725.255859375,0.02722274139523506,2.722274139523506,7702.064340829849,10000,ppo,ppo,crawler,flat,action_dth_tot_plus_friction_thdot_formula,,,,,,,,,,,,,,,0.0021790271825705646,0,781,0.0,0.0,,,,,,,,,,,,,,,,,,,,,,,,,,,,,,,,,,,,,,,,,,,,,,,,,,,,,,,,,,,,,,,,,,,,,,,,,,nan,,,,,,,,,,,,,,,
1061,2538.90673828125,0.025362344458699226,2.5362344458699226,7709.531491518021,10000,ppo,ppo,crawler,flat,action_dth_tot_plus_friction_thdot_formula,,,,,,,,,,,,,,,0.0022870613297160773,0,781,0.0,0.0,,,,,,,,,,,,,,,,,,,,,,,,,,,,,,,,,,,,,,,,,,,,,,,,,,,,,,,,,,,,,,,,,,,,,,,,,,nan,,,,,,,,,,,,,,,
1062,2609.089599609375,0.02606443129479885,2.606443129479885,7716.720514297485,10000,ppo,ppo,crawler,flat,action_dth_tot_plus_friction_thdot_formula,,,,,,,,,,,,,,,0.0023231410477551895,0,781,0.0,0.0,,,,,,,,,,,,,,,,,,,,,,,,,,,,,,,,,,,,,,,,,,,,,,,,,,,,,,,,,,,,,,,,,,,,,,,,,,nan,,,,,,,,,,,,,,,
1063,2510.30322265625,0.025078661739826202,2.5078661739826202,7724.133648633957,10000,ppo,ppo,crawler,flat,action_dth_tot_plus_friction_thdot_formula,,,,,,,,,,,,,,,0.002472079509470335,0,781,0.0,0.0,,,,,,,,,,,,,,,,,,,,,,,,,,,,,,,,,,,,,,,,,,,,,,,,,,,,,,,,,,,,,,,,,,,,,,,,,,nan,,,,,,,,,,,,,,,
1064,2463.94189453125,0.024610046297311783,2.4610046297311783,7731.294009923935,10000,ppo,ppo,crawler,flat,action_dth_tot_plus_friction_thdot_formula,,,,,,,,,,,,,,,0.0033705655137934365,0,781,0.0,0.0,,,,,,,,,,,,,,,,,,,,,,,,,,,,,,,,,,,,,,,,,,,,,,,,,,,,,,,,,,,,,,,,,,,,,,,,,,nan,,,,,,,,,,,,,,,
1065,2581.924072265625,0.025787364691495895,2.5787364691495895,7738.891062259674,10000,ppo,ppo,crawler,flat,action_dth_tot_plus_friction_thdot_formula,,,,,,,,,,,,,,,0.003517145389946185,0,781,0.0,0.0,,,,,,,,,,,,,,,,,,,,,,,,,,,,,,,,,,,,,,,,,,,,,,,,,,,,,,,,,,,,,,,,,,,,,,,,,,nan,,,,,,,,,,,,,,,
1066,2583.876220703125,0.02581651322543621,2.581651322543621,7746.020623207092,10000,ppo,ppo,crawler,flat,action_dth_tot_plus_friction_thdot_formula,,,,,,,,,,,,,,,0.003380863165537136,0,781,0.0,0.0,,,,,,,,,,,,,,,,,,,,,,,,,,,,,,,,,,,,,,,,,,,,,,,,,,,,,,,,,,,,,,,,,,,,,,,,,,nan,,,,,,,,,,,,,,,
1067,2620.081298828125,0.026177046820521355,2.6177046820521355,7753.317196846008,10000,ppo,ppo,crawler,flat,action_dth_tot_plus_friction_thdot_formula,,,,,,,,,,,,,,,0.0029163902752738203,0,781,0.0,0.0,,,,,,,,,,,,,,,,,,,,,,,,,,,,,,,,,,,,,,,,,,,,,,,,,,,,,,,,,,,,,,,,,,,,,,,,,,nan,,,,,,,,,,,,,,,
1068,2672.542236328125,0.026698417961597443,2.6698417961597443,7760.52928352356,10000,ppo,ppo,crawler,flat,action_dth_tot_plus_friction_thdot_formula,,,,,,,,,,,,,,,0.002458884649735335,0,781,0.0,0.0,,,,,,,,,,,,,,,,,,,,,,,,,,,,,,,,,,,,,,,,,,,,,,,,,,,,,,,,,,,,,,,,,,,,,,,,,,nan,,,,,,,,,,,,,,,
1069,2702.89892578125,0.027000371366739273,2.7000371366739273,7767.861612319946,10000,ppo,ppo,crawler,flat,action_dth_tot_plus_friction_thdot_formula,,,,,,,,,,,,,,,0.002598818198231582,0,781,0.0,0.0,,,,,,,,,,,,,,,,,,,,,,,,,,,,,,,,,,,,,,,,,,,,,,,,,,,,,,,,,,,,,,,,,,,,,,,,,,nan,,,,,,,,,,,,,,,
1070,2580.410888671875,0.02577822469174862,2.577822469174862,7775.1451959609985,10000,ppo,ppo,crawler,flat,action_dth_tot_plus_friction_thdot_formula,,,,,,,,,,,,,,,0.0026662855242288383,0,781,0.0,0.0,,,,,,,,,,,,,,,,,,,,,,,,,,,,,,,,,,,,,,,,,,,,,,,,,,,,,,,,,,,,,,,,,,,,,,,,,,nan,,,,,,,,,,,,,,,
1071,2669.220458984375,0.026660585775971413,2.6660585775971413,7782.3047704696655,10000,ppo,ppo,crawler,flat,action_dth_tot_plus_friction_thdot_formula,,,,,,,,,,,,,,,0.002066578213374396,0,781,0.0,0.0,,,,,,,,,,,,,,,,,,,,,,,,,,,,,,,,,,,,,,,,,,,,,,,,,,,,,,,,,,,,,,,,,,,,,,,,,,nan,,,,,,,,,,,,,,,
1072,2596.363037109375,0.02593407593667507,2.593407593667507,7789.549022674561,10000,ppo,ppo,crawler,flat,action_dth_tot_plus_friction_thdot_formula,,,,,,,,,,,,,,,0.0033785180812454145,0,781,0.0,0.0,,,,,,,,,,,,,,,,,,,,,,,,,,,,,,,,,,,,,,,,,,,,,,,,,,,,,,,,,,,,,,,,,,,,,,,,,,nan,,,,,,,,,,,,,,,
1073,2455.995361328125,0.024531250819563866,2.4531250819563866,7796.808264732361,10000,ppo,ppo,crawler,flat,action_dth_tot_plus_friction_thdot_formula,,,,,,,,,,,,,,,0.002625552143312206,0,781,0.0,0.0,,,,,,,,,,,,,,,,,,,,,,,,,,,,,,,,,,,,,,,,,,,,,,,,,,,,,,,,,,,,,,,,,,,,,,,,,,nan,,,,,,,,,,,,,,,
1074,2570.12890625,0.025672895833849907,2.5672895833849907,7803.910813808441,10000,ppo,ppo,crawler,flat,action_dth_tot_plus_friction_thdot_formula,,,,,,,,,,,,,,,0.002626808631395153,0,781,0.0,0.0,,,,,,,,,,,,,,,,,,,,,,,,,,,,,,,,,,,,,,,,,,,,,,,,,,,,,,,,,,,,,,,,,,,,,,,,,,nan,,,,,,,,,,,,,,,
1075,2515.179443359375,0.02512301318347454,2.512301318347454,7811.103118658066,10000,ppo,ppo,crawler,flat,action_dth_tot_plus_friction_thdot_formula,,,,,,,,,,,,,,,0.0023104143339398864,0,781,0.0,0.0,,,,,,,,,,,,,,,,,,,,,,,,,,,,,,,,,,,,,,,,,,,,,,,,,,,,,,,,,,,,,,,,,,,,,,,,,,nan,,,,,,,,,,,,,,,
1076,2642.8203125,0.026403216645121574,2.6403216645121574,7818.254604578018,10000,ppo,ppo,crawler,flat,action_dth_tot_plus_friction_thdot_formula,,,,,,,,,,,,,,,0.002330136119047294,0,781,0.0,0.0,,,,,,,,,,,,,,,,,,,,,,,,,,,,,,,,,,,,,,,,,,,,,,,,,,,,,,,,,,,,,,,,,,,,,,,,,,nan,,,,,,,,,,,,,,,
1077,2603.825927734375,0.02600867860019207,2.600867860019207,7825.462740898132,10000,ppo,ppo,crawler,flat,action_dth_tot_plus_friction_thdot_formula,,,,,,,,,,,,,,,0.0025658263848282437,0,781,0.0,0.0,,,,,,,,,,,,,,,,,,,,,,,,,,,,,,,,,,,,,,,,,,,,,,,,,,,,,,,,,,,,,,,,,,,,,,,,,,nan,,,,,,,,,,,,,,,
1078,2673.83837890625,0.02670939825475216,2.670939825475216,7832.446446418762,10000,ppo,ppo,crawler,flat,action_dth_tot_plus_friction_thdot_formula,,,,,,,,,,,,,,,0.003180889225132327,0,781,0.0,0.0,,,,,,,,,,,,,,,,,,,,,,,,,,,,,,,,,,,,,,,,,,,,,,,,,,,,,,,,,,,,,,,,,,,,,,,,,,nan,,,,,,,,,,,,,,,
1079,2713.24755859375,0.027105137705802917,2.7105137705802917,7839.651085138321,10000,ppo,ppo,crawler,flat,action_dth_tot_plus_friction_thdot_formula,,,,,,,,,,,,,,,0.0019678727664928716,0,781,0.0,0.0,,,,,,,,,,,,,,,,,,,,,,,,,,,,,,,,,,,,,,,,,,,,,,,,,,,,,,,,,,,,,,,,,,,,,,,,,,nan,,,,,,,,,,,,,,,
1080,2528.576171875,0.025255614891648293,2.5255614891648293,7846.882527589798,10000,ppo,ppo,crawler,flat,action_dth_tot_plus_friction_thdot_formula,,,,,,,,,,,,,,,0.0032467313886533054,0,781,0.0,0.0,,,,,,,,,,,,,,,,,,,,,,,,,,,,,,,,,,,,,,,,,,,,,,,,,,,,,,,,,,,,,,,,,,,,,,,,,,nan,,,,,,,,,,,,,,,
1081,2661.466552734375,0.0265838373452425,2.65838373452425,7854.038951635361,10000,ppo,ppo,crawler,flat,action_dth_tot_plus_friction_thdot_formula,,,,,,,,,,,,,,,0.002825821325680475,0,781,0.0,0.0,,,,,,,,,,,,,,,,,,,,,,,,,,,,,,,,,,,,,,,,,,,,,,,,,,,,,,,,,,,,,,,,,,,,,,,,,,nan,,,,,,,,,,,,,,,
1082,2711.75732421875,0.02708524651825428,2.708524651825428,7861.186649560928,10000,ppo,ppo,crawler,flat,action_dth_tot_plus_friction_thdot_formula,,,,,,,,,,,,,,,0.002516657744288962,0,781,0.0,0.0,,,,,,,,,,,,,,,,,,,,,,,,,,,,,,,,,,,,,,,,,,,,,,,,,,,,,,,,,,,,,,,,,,,,,,,,,,nan,,,,,,,,,,,,,,,
1083,2636.651123046875,0.026340996846556664,2.6340996846556664,7868.26185798645,10000,ppo,ppo,crawler,flat,action_dth_tot_plus_friction_thdot_formula,,,,,,,,,,,,,,,0.002338339332301854,0,781,0.0,0.0,,,,,,,,,,,,,,,,,,,,,,,,,,,,,,,,,,,,,,,,,,,,,,,,,,,,,,,,,,,,,,,,,,,,,,,,,,nan,,,,,,,,,,,,,,,
1084,2694.097412109375,0.026910945773124695,2.6910945773124695,7875.643004179001,10000,ppo,ppo,crawler,flat,action_dth_tot_plus_friction_thdot_formula,,,,,,,,,,,,,,,0.0026839890426889933,0,781,0.0,0.0,,,,,,,,,,,,,,,,,,,,,,,,,,,,,,,,,,,,,,,,,,,,,,,,,,,,,,,,,,,,,,,,,,,,,,,,,,nan,,,,,,,,,,,,,,,
1085,2510.37939453125,0.025075500831007957,2.5075500831007957,7882.769968509674,10000,ppo,ppo,crawler,flat,action_dth_tot_plus_friction_thdot_formula,,,,,,,,,,,,,,,0.002473417823773805,0,781,0.0,0.0,,,,,,,,,,,,,,,,,,,,,,,,,,,,,,,,,,,,,,,,,,,,,,,,,,,,,,,,,,,,,,,,,,,,,,,,,,nan,,,,,,,,,,,,,,,
1086,2601.322998046875,0.025987884029746056,2.5987884029746056,7890.133861541748,10000,ppo,ppo,crawler,flat,action_dth_tot_plus_friction_thdot_formula,,,,,,,,,,,,,,,0.0019312980532629484,0,781,0.0,0.0,,,,,,,,,,,,,,,,,,,,,,,,,,,,,,,,,,,,,,,,,,,,,,,,,,,,,,,,,,,,,,,,,,,,,,,,,,nan,,,,,,,,,,,,,,,
1087,2588.341552734375,0.025853002443909645,2.5853002443909645,7897.408571004868,10000,ppo,ppo,crawler,flat,action_dth_tot_plus_friction_thdot_formula,,,,,,,,,,,,,,,0.002502566724027377,0,781,0.0,0.0,,,,,,,,,,,,,,,,,,,,,,,,,,,,,,,,,,,,,,,,,,,,,,,,,,,,,,,,,,,,,,,,,,,,,,,,,,nan,,,,,,,,,,,,,,,
1088,2665.01123046875,0.026623696088790894,2.6623696088790894,7904.683055400848,10000,ppo,ppo,crawler,flat,action_dth_tot_plus_friction_thdot_formula,,,,,,,,,,,,,,,0.001814984247683477,0,781,0.0,0.0,,,,,,,,,,,,,,,,,,,,,,,,,,,,,,,,,,,,,,,,,,,,,,,,,,,,,,,,,,,,,,,,,,,,,,,,,,nan,,,,,,,,,,,,,,,
1089,2696.175537109375,0.026930658146739006,2.6930658146739006,7911.682957172394,10000,ppo,ppo,crawler,flat,action_dth_tot_plus_friction_thdot_formula,,,,,,,,,,,,,,,0.0034929337944398977,0,781,0.0,0.0,,,,,,,,,,,,,,,,,,,,,,,,,,,,,,,,,,,,,,,,,,,,,,,,,,,,,,,,,,,,,,,,,,,,,,,,,,nan,,,,,,,,,,,,,,,
1090,2554.056396484375,0.025515394285321236,2.5515394285321236,7918.957845926285,10000,ppo,ppo,crawler,flat,action_dth_tot_plus_friction_thdot_formula,,,,,,,,,,,,,,,0.0033398591323008,0,781,0.0,0.0,,,,,,,,,,,,,,,,,,,,,,,,,,,,,,,,,,,,,,,,,,,,,,,,,,,,,,,,,,,,,,,,,,,,,,,,,,nan,,,,,,,,,,,,,,,
1091,2731.603271484375,0.027287045493721962,2.728704549372196,7926.211943626404,10000,ppo,ppo,crawler,flat,action_dth_tot_plus_friction_thdot_formula,,,,,,,,,,,,,,,0.0025625976945303987,0,781,0.0,0.0,,,,,,,,,,,,,,,,,,,,,,,,,,,,,,,,,,,,,,,,,,,,,,,,,,,,,,,,,,,,,,,,,,,,,,,,,,nan,,,,,,,,,,,,,,,
1092,2638.018798828125,0.0263510849326849,2.63510849326849,7933.511675834656,10000,ppo,ppo,crawler,flat,action_dth_tot_plus_friction_thdot_formula,,,,,,,,,,,,,,,0.002057888026704902,0,781,0.0,0.0,,,,,,,,,,,,,,,,,,,,,,,,,,,,,,,,,,,,,,,,,,,,,,,,,,,,,,,,,,,,,,,,,,,,,,,,,,nan,,,,,,,,,,,,,,,
1093,2659.819580078125,0.026570184156298637,2.6570184156298637,7940.630825996399,10000,ppo,ppo,crawler,flat,action_dth_tot_plus_friction_thdot_formula,,,,,,,,,,,,,,,0.002282726681600748,0,781,0.0,0.0,,,,,,,,,,,,,,,,,,,,,,,,,,,,,,,,,,,,,,,,,,,,,,,,,,,,,,,,,,,,,,,,,,,,,,,,,,nan,,,,,,,,,,,,,,,
1094,2696.90478515625,0.02693471685051918,2.693471685051918,7947.933577299118,10000,ppo,ppo,crawler,flat,action_dth_tot_plus_friction_thdot_formula,,,,,,,,,,,,,,,0.0031978978343393232,0,781,0.0,0.0,,,,,,,,,,,,,,,,,,,,,,,,,,,,,,,,,,,,,,,,,,,,,,,,,,,,,,,,,,,,,,,,,,,,,,,,,,nan,,,,,,,,,,,,,,,
1095,2693.267333984375,0.026906883344054222,2.690688334405422,7955.3702211380005,10000,ppo,ppo,crawler,flat,action_dth_tot_plus_friction_thdot_formula,,,,,,,,,,,,,,,0.0023227984052289767,0,781,0.0,0.0,,,,,,,,,,,,,,,,,,,,,,,,,,,,,,,,,,,,,,,,,,,,,,,,,,,,,,,,,,,,,,,,,,,,,,,,,,nan,,,,,,,,,,,,,,,
1096,2853.972412109375,0.028513658791780472,2.851365879178047,7962.66286945343,10000,ppo,ppo,crawler,flat,action_dth_tot_plus_friction_thdot_formula,,,,,,,,,,,,,,,0.003369149894536462,0,781,0.0,0.0,,,,,,,,,,,,,,,,,,,,,,,,,,,,,,,,,,,,,,,,,,,,,,,,,,,,,,,,,,,,,,,,,,,,,,,,,,nan,,,,,,,,,,,,,,,
1097,2713.697021484375,0.02711302414536476,2.711302414536476,7969.970435380936,10000,ppo,ppo,crawler,flat,action_dth_tot_plus_friction_thdot_formula,,,,,,,,,,,,,,,0.002350526287260068,0,781,0.0,0.0,,,,,,,,,,,,,,,,,,,,,,,,,,,,,,,,,,,,,,,,,,,,,,,,,,,,,,,,,,,,,,,,,,,,,,,,,,nan,,,,,,,,,,,,,,,
1098,2650.527099609375,0.026477159932255745,2.6477159932255745,7977.220702648163,10000,ppo,ppo,crawler,flat,action_dth_tot_plus_friction_thdot_formula,,,,,,,,,,,,,,,0.0028190280669073667,0,781,0.0,0.0,,,,,,,,,,,,,,,,,,,,,,,,,,,,,,,,,,,,,,,,,,,,,,,,,,,,,,,,,,,,,,,,,,,,,,,,,,nan,,,,,,,,,,,,,,,
1099,2689.73974609375,0.026868920773267746,2.6868920773267746,7984.6126980781555,10000,ppo,ppo,crawler,flat,action_dth_tot_plus_friction_thdot_formula,,,,,,,,,,,,,,,0.0028399158526741437,0,781,0.0,0.0,,,,,,,,,,,,,,,,,,,,,,,,,,,,,,,,,,,,,,,,,,,,,,,,,,,,,,,,,,,,,,,,,,,,,,,,,,nan,,,,,,,,,,,,,,,
1100,2706.906005859375,0.02703905664384365,2.703905664384365,7991.821107387543,10000,ppo,ppo,crawler,flat,action_dth_tot_plus_friction_thdot_formula,,,,,,,,,,,,,,,0.003093054296936847,0,781,0.0,0.0,,,,,,,,,,,,,,,,,,,,,,,,,,,,,,,,,,,,,,,,,,,,,,,,,,,,,,,,,,,,,,,,,,,,,,,,,,nan,,,,,,,,,,,,,,,
1101,2734.63671875,0.027319490909576416,2.7319490909576416,7999.07023191452,10000,ppo,ppo,crawler,flat,action_dth_tot_plus_friction_thdot_formula,,,,,,,,,,,,,,,0.0025099890436869826,0,781,0.0,0.0,,,,,,,,,,,,,,,,,,,,,,,,,,,,,,,,,,,,,,,,,,,,,,,,,,,,,,,,,,,,,,,,,,,,,,,,,,nan,,,,,,,,,,,,,,,
1102,2759.5,0.02756577730178833,2.756577730178833,8006.506003856659,10000,ppo,ppo,crawler,flat,action_dth_tot_plus_friction_thdot_formula,,,,,,,,,,,,,,,0.0032230913283189497,0,781,0.0,0.0,,,,,,,,,,,,,,,,,,,,,,,,,,,,,,,,,,,,,,,,,,,,,,,,,,,,,,,,,,,,,,,,,,,,,,,,,,nan,,,,,,,,,,,,,,,
1103,2711.087890625,0.027078241109848022,2.7078241109848022,8013.6825177669525,10000,ppo,ppo,crawler,flat,action_dth_tot_plus_friction_thdot_formula,,,,,,,,,,,,,,,0.002124334316098199,0,781,0.0,0.0,,,,,,,,,,,,,,,,,,,,,,,,,,,,,,,,,,,,,,,,,,,,,,,,,,,,,,,,,,,,,,,,,,,,,,,,,,nan,,,,,,,,,,,,,,,
1104,2700.99755859375,0.02698369324207306,2.698369324207306,8020.9055778980255,10000,ppo,ppo,crawler,flat,action_dth_tot_plus_friction_thdot_formula,,,,,,,,,,,,,,,0.0025079059340035906,0,781,0.0,0.0,,,,,,,,,,,,,,,,,,,,,,,,,,,,,,,,,,,,,,,,,,,,,,,,,,,,,,,,,,,,,,,,,,,,,,,,,,nan,,,,,,,,,,,,,,,
1105,2655.589111328125,0.026532629504799843,2.6532629504799843,8028.062426805496,10000,ppo,ppo,crawler,flat,action_dth_tot_plus_friction_thdot_formula,,,,,,,,,,,,,,,0.003336445526437531,0,781,0.0,0.0,,,,,,,,,,,,,,,,,,,,,,,,,,,,,,,,,,,,,,,,,,,,,,,,,,,,,,,,,,,,,,,,,,,,,,,,,,nan,,,,,,,,,,,,,,,
1106,2603.6630859375,0.026015447452664375,2.6015447452664375,8035.43065571785,10000,ppo,ppo,crawler,flat,action_dth_tot_plus_friction_thdot_formula,,,,,,,,,,,,,,,0.0027042628013932537,0,781,0.0,0.0,,,,,,,,,,,,,,,,,,,,,,,,,,,,,,,,,,,,,,,,,,,,,,,,,,,,,,,,,,,,,,,,,,,,,,,,,,nan,,,,,,,,,,,,,,,
1107,2622.25,0.026195751503109932,2.619575150310993,8042.575099468231,10000,ppo,ppo,crawler,flat,action_dth_tot_plus_friction_thdot_formula,,,,,,,,,,,,,,,0.002697530625299783,0,781,0.0,0.0,,,,,,,,,,,,,,,,,,,,,,,,,,,,,,,,,,,,,,,,,,,,,,,,,,,,,,,,,,,,,,,,,,,,,,,,,,nan,,,,,,,,,,,,,,,
1108,2746.15283203125,0.027434950694441795,2.7434950694441795,8049.6921854019165,10000,ppo,ppo,crawler,flat,action_dth_tot_plus_friction_thdot_formula,,,,,,,,,,,,,,,0.0018855473900493472,0,781,0.0,0.0,,,,,,,,,,,,,,,,,,,,,,,,,,,,,,,,,,,,,,,,,,,,,,,,,,,,,,,,,,,,,,,,,,,,,,,,,,nan,,,,,,,,,,,,,,,
1109,2742.76953125,0.02739778906106949,2.739778906106949,8056.949714183807,10000,ppo,ppo,crawler,flat,action_dth_tot_plus_friction_thdot_formula,,,,,,,,,,,,,,,0.003424182401517783,0,781,0.0,0.0,,,,,,,,,,,,,,,,,,,,,,,,,,,,,,,,,,,,,,,,,,,,,,,,,,,,,,,,,,,,,,,,,,,,,,,,,,nan,,,,,,,,,,,,,,,
1110,2667.350341796875,0.026642655953764915,2.6642655953764915,8064.206708192825,10000,ppo,ppo,crawler,flat,action_dth_tot_plus_friction_thdot_formula,,,,,,,,,,,,,,,0.0031776772734498017,0,781,0.0,0.0,,,,,,,,,,,,,,,,,,,,,,,,,,,,,,,,,,,,,,,,,,,,,,,,,,,,,,,,,,,,,,,,,,,,,,,,,,nan,,,,,,,,,,,,,,,
1111,2593.902099609375,0.025908268988132477,2.5908268988132477,8071.423212051392,10000,ppo,ppo,crawler,flat,action_dth_tot_plus_friction_thdot_formula,,,,,,,,,,,,,,,0.0024053218801179128,0,781,0.0,0.0,,,,,,,,,,,,,,,,,,,,,,,,,,,,,,,,,,,,,,,,,,,,,,,,,,,,,,,,,,,,,,,,,,,,,,,,,,nan,,,,,,,,,,,,,,,
1112,2713.664306640625,0.02710600197315216,2.710600197315216,8078.702999353409,10000,ppo,ppo,crawler,flat,action_dth_tot_plus_friction_thdot_formula,,,,,,,,,,,,,,,0.0026829623258818732,0,781,0.0,0.0,,,,,,,,,,,,,,,,,,,,,,,,,,,,,,,,,,,,,,,,,,,,,,,,,,,,,,,,,,,,,,,,,,,,,,,,,,nan,,,,,,,,,,,,,,,
1113,2686.268310546875,0.026835042983293533,2.6835042983293533,8086.0549330711365,10000,ppo,ppo,crawler,flat,action_dth_tot_plus_friction_thdot_formula,,,,,,,,,,,,,,,0.0024588555595438056,0,781,0.0,0.0,,,,,,,,,,,,,,,,,,,,,,,,,,,,,,,,,,,,,,,,,,,,,,,,,,,,,,,,,,,,,,,,,,,,,,,,,,nan,,,,,,,,,,,,,,,
1114,2802.971435546875,0.028002765029668808,2.800276502966881,8093.330008268356,10000,ppo,ppo,crawler,flat,action_dth_tot_plus_friction_thdot_formula,,,,,,,,,,,,,,,0.002519035703611707,0,781,0.0,0.0,,,,,,,,,,,,,,,,,,,,,,,,,,,,,,,,,,,,,,,,,,,,,,,,,,,,,,,,,,,,,,,,,,,,,,,,,,nan,,,,,,,,,,,,,,,
1115,2815.07861328125,0.028119578957557678,2.811957895755768,8100.7098841667175,10000,ppo,ppo,crawler,flat,action_dth_tot_plus_friction_thdot_formula,,,,,,,,,,,,,,,0.001897564975657499,0,781,0.0,0.0,,,,,,,,,,,,,,,,,,,,,,,,,,,,,,,,,,,,,,,,,,,,,,,,,,,,,,,,,,,,,,,,,,,,,,,,,,nan,,,,,,,,,,,,,,,
1116,2643.850341796875,0.026413848623633385,2.6413848623633385,8107.85157585144,10000,ppo,ppo,crawler,flat,action_dth_tot_plus_friction_thdot_formula,,,,,,,,,,,,,,,0.0035897250314139988,0,781,0.0,0.0,,,,,,,,,,,,,,,,,,,,,,,,,,,,,,,,,,,,,,,,,,,,,,,,,,,,,,,,,,,,,,,,,,,,,,,,,,nan,,,,,,,,,,,,,,,
1117,2719.2958984375,0.027161194011569023,2.7161194011569023,8115.258539676666,10000,ppo,ppo,crawler,flat,action_dth_tot_plus_friction_thdot_formula,,,,,,,,,,,,,,,0.002428893432569381,0,781,0.0,0.0,,,,,,,,,,,,,,,,,,,,,,,,,,,,,,,,,,,,,,,,,,,,,,,,,,,,,,,,,,,,,,,,,,,,,,,,,,nan,,,,,,,,,,,,,,,
1118,2836.27197265625,0.028333202004432678,2.833320200443268,8122.4030838012695,10000,ppo,ppo,crawler,flat,action_dth_tot_plus_friction_thdot_formula,,,,,,,,,,,,,,,0.003467983459572638,0,781,0.0,0.0,,,,,,,,,,,,,,,,,,,,,,,,,,,,,,,,,,,,,,,,,,,,,,,,,,,,,,,,,,,,,,,,,,,,,,,,,,nan,,,,,,,,,,,,,,,
1119,2739.241455078125,0.027362121269106865,2.7362121269106865,8129.658591270447,10000,ppo,ppo,crawler,flat,action_dth_tot_plus_friction_thdot_formula,,,,,,,,,,,,,,,0.0027239144836086185,0,781,0.0,0.0,,,,,,,,,,,,,,,,,,,,,,,,,,,,,,,,,,,,,,,,,,,,,,,,,,,,,,,,,,,,,,,,,,,,,,,,,,nan,,,,,,,,,,,,,,,
1120,2770.096923828125,0.027669990435242653,2.7669990435242653,8136.971051931381,10000,ppo,ppo,crawler,flat,action_dth_tot_plus_friction_thdot_formula,,,,,,,,,,,,,,,0.0026913921402561,0,781,0.0,0.0,,,,,,,,,,,,,,,,,,,,,,,,,,,,,,,,,,,,,,,,,,,,,,,,,,,,,,,,,,,,,,,,,,,,,,,,,,nan,,,,,,,,,,,,,,,
1121,2737.3486328125,0.02734537608921528,2.734537608921528,8144.446028709412,10000,ppo,ppo,crawler,flat,action_dth_tot_plus_friction_thdot_formula,,,,,,,,,,,,,,,0.0030084253054707836,0,781,0.0,0.0,,,,,,,,,,,,,,,,,,,,,,,,,,,,,,,,,,,,,,,,,,,,,,,,,,,,,,,,,,,,,,,,,,,,,,,,,,nan,,,,,,,,,,,,,,,
1122,2692.585205078125,0.026897050440311432,2.689705044031143,8151.5359563827515,10000,ppo,ppo,crawler,flat,action_dth_tot_plus_friction_thdot_formula,,,,,,,,,,,,,,,0.003600677040489939,0,781,0.0,0.0,,,,,,,,,,,,,,,,,,,,,,,,,,,,,,,,,,,,,,,,,,,,,,,,,,,,,,,,,,,,,,,,,,,,,,,,,,nan,,,,,,,,,,,,,,,
1123,2763.779052734375,0.027610573917627335,2.7610573917627335,8158.760793924332,10000,ppo,ppo,crawler,flat,action_dth_tot_plus_friction_thdot_formula,,,,,,,,,,,,,,,0.0026206249294330923,0,781,0.0,0.0,,,,,,,,,,,,,,,,,,,,,,,,,,,,,,,,,,,,,,,,,,,,,,,,,,,,,,,,,,,,,,,,,,,,,,,,,,nan,,,,,,,,,,,,,,,
1124,2705.34375,0.027020959183573723,2.7020959183573723,8165.86149930954,10000,ppo,ppo,crawler,flat,action_dth_tot_plus_friction_thdot_formula,,,,,,,,,,,,,,,0.002628858965768201,0,781,0.0,0.0,,,,,,,,,,,,,,,,,,,,,,,,,,,,,,,,,,,,,,,,,,,,,,,,,,,,,,,,,,,,,,,,,,,,,,,,,,nan,,,,,,,,,,,,,,,
1125,2819.119140625,0.028158992528915405,2.8158992528915405,8173.275174856186,10000,ppo,ppo,crawler,flat,action_dth_tot_plus_friction_thdot_formula,,,,,,,,,,,,,,,0.0029313732050022375,0,781,0.0,0.0,,,,,,,,,,,,,,,,,,,,,,,,,,,,,,,,,,,,,,,,,,,,,,,,,,,,,,,,,,,,,,,,,,,,,,,,,,nan,,,,,,,,,,,,,,,
1126,2774.471435546875,0.027715684846043587,2.7715684846043587,8180.571712970734,10000,ppo,ppo,crawler,flat,action_dth_tot_plus_friction_thdot_formula,,,,,,,,,,,,,,,0.0031214765374096786,0,781,0.0,0.0,,,,,,,,,,,,,,,,,,,,,,,,,,,,,,,,,,,,,,,,,,,,,,,,,,,,,,,,,,,,,,,,,,,,,,,,,,nan,,,,,,,,,,,,,,,
1127,2598.409423828125,0.025956396013498306,2.5956396013498306,8187.87030673027,10000,ppo,ppo,crawler,flat,action_dth_tot_plus_friction_thdot_formula,,,,,,,,,,,,,,,0.0026862537954151678,0,781,0.0,0.0,,,,,,,,,,,,,,,,,,,,,,,,,,,,,,,,,,,,,,,,,,,,,,,,,,,,,,,,,,,,,,,,,,,,,,,,,,nan,,,,,,,,,,,,,,,
1128,2717.014404296875,0.027139537036418915,2.7139537036418915,8195.383247613907,10000,ppo,ppo,crawler,flat,action_dth_tot_plus_friction_thdot_formula,,,,,,,,,,,,,,,0.0029732515667559205,0,781,0.0,0.0,,,,,,,,,,,,,,,,,,,,,,,,,,,,,,,,,,,,,,,,,,,,,,,,,,,,,,,,,,,,,,,,,,,,,,,,,,nan,,,,,,,,,,,,,,,
1129,2775.01611328125,0.02772228978574276,2.772228978574276,8202.63837313652,10000,ppo,ppo,crawler,flat,action_dth_tot_plus_friction_thdot_formula,,,,,,,,,,,,,,,0.0028618619122221067,0,781,0.0,0.0,,,,,,,,,,,,,,,,,,,,,,,,,,,,,,,,,,,,,,,,,,,,,,,,,,,,,,,,,,,,,,,,,,,,,,,,,,nan,,,,,,,,,,,,,,,
1130,2696.734619140625,0.026938073337078094,2.6938073337078094,8209.798760652542,10000,ppo,ppo,crawler,flat,action_dth_tot_plus_friction_thdot_formula,,,,,,,,,,,,,,,0.0028484991019953605,0,781,0.0,0.0,,,,,,,,,,,,,,,,,,,,,,,,,,,,,,,,,,,,,,,,,,,,,,,,,,,,,,,,,,,,,,,,,,,,,,,,,,nan,,,,,,,,,,,,,,,
1131,2745.739013671875,0.02742837183177471,2.742837183177471,8217.00337266922,10000,ppo,ppo,crawler,flat,action_dth_tot_plus_friction_thdot_formula,,,,,,,,,,,,,,,0.0030267669988254136,0,781,0.0,0.0,,,,,,,,,,,,,,,,,,,,,,,,,,,,,,,,,,,,,,,,,,,,,,,,,,,,,,,,,,,,,,,,,,,,,,,,,,nan,,,,,,,,,,,,,,,
1132,2795.952880859375,0.027932146564126015,2.7932146564126015,8224.261758327484,10000,ppo,ppo,crawler,flat,action_dth_tot_plus_friction_thdot_formula,,,,,,,,,,,,,,,0.0027480558097981414,0,781,0.0,0.0,,,,,,,,,,,,,,,,,,,,,,,,,,,,,,,,,,,,,,,,,,,,,,,,,,,,,,,,,,,,,,,,,,,,,,,,,,nan,,,,,,,,,,,,,,,
1133,2672.12060546875,0.026689674705266953,2.6689674705266953,8231.618335485458,10000,ppo,ppo,crawler,flat,action_dth_tot_plus_friction_thdot_formula,,,,,,,,,,,,,,,0.0027438310318102965,0,781,0.0,0.0,,,,,,,,,,,,,,,,,,,,,,,,,,,,,,,,,,,,,,,,,,,,,,,,,,,,,,,,,,,,,,,,,,,,,,,,,,nan,,,,,,,,,,,,,,,
1134,2744.855712890625,0.027417467907071114,2.7417467907071114,8238.8586769104,10000,ppo,ppo,crawler,flat,action_dth_tot_plus_friction_thdot_formula,,,,,,,,,,,,,,,0.0029394586891634687,0,781,0.0,0.0,,,,,,,,,,,,,,,,,,,,,,,,,,,,,,,,,,,,,,,,,,,,,,,,,,,,,,,,,,,,,,,,,,,,,,,,,,nan,,,,,,,,,,,,,,,
1135,2730.919921875,0.02727978490293026,2.727978490293026,8246.195422172546,10000,ppo,ppo,crawler,flat,action_dth_tot_plus_friction_thdot_formula,,,,,,,,,,,,,,,0.0032992834342606653,0,781,0.0,0.0,,,,,,,,,,,,,,,,,,,,,,,,,,,,,,,,,,,,,,,,,,,,,,,,,,,,,,,,,,,,,,,,,,,,,,,,,,nan,,,,,,,,,,,,,,,
1136,2729.087158203125,0.027264336124062538,2.726433612406254,8253.505441188812,10000,ppo,ppo,crawler,flat,action_dth_tot_plus_friction_thdot_formula,,,,,,,,,,,,,,,0.0024683604474661208,0,781,0.0,0.0,,,,,,,,,,,,,,,,,,,,,,,,,,,,,,,,,,,,,,,,,,,,,,,,,,,,,,,,,,,,,,,,,,,,,,,,,,nan,,,,,,,,,,,,,,,
1137,2760.107177734375,0.027571620419621468,2.7571620419621468,8260.70860695839,10000,ppo,ppo,crawler,flat,action_dth_tot_plus_friction_thdot_formula,,,,,,,,,,,,,,,0.0024748147306093296,0,781,0.0,0.0,,,,,,,,,,,,,,,,,,,,,,,,,,,,,,,,,,,,,,,,,,,,,,,,,,,,,,,,,,,,,,,,,,,,,,,,,,nan,,,,,,,,,,,,,,,
1138,2629.85009765625,0.026270931586623192,2.627093158662319,8267.891765117645,10000,ppo,ppo,crawler,flat,action_dth_tot_plus_friction_thdot_formula,,,,,,,,,,,,,,,0.0039902257120189655,0,781,0.0,0.0,,,,,,,,,,,,,,,,,,,,,,,,,,,,,,,,,,,,,,,,,,,,,,,,,,,,,,,,,,,,,,,,,,,,,,,,,,nan,,,,,,,,,,,,,,,
1139,2740.482177734375,0.027378791943192482,2.737879194319248,8275.328554868698,10000,ppo,ppo,crawler,flat,action_dth_tot_plus_friction_thdot_formula,,,,,,,,,,,,,,,0.0029211253601602767,0,781,0.0,0.0,,,,,,,,,,,,,,,,,,,,,,,,,,,,,,,,,,,,,,,,,,,,,,,,,,,,,,,,,,,,,,,,,,,,,,,,,,nan,,,,,,,,,,,,,,,
1140,2697.76708984375,0.026946617290377617,2.6946617290377617,8282.685820102692,10000,ppo,ppo,crawler,flat,action_dth_tot_plus_friction_thdot_formula,,,,,,,,,,,,,,,0.0024478096512257196,0,781,0.0,0.0,,,,,,,,,,,,,,,,,,,,,,,,,,,,,,,,,,,,,,,,,,,,,,,,,,,,,,,,,,,,,,,,,,,,,,,,,,nan,,,,,,,,,,,,,,,
1141,2670.48876953125,0.026677284389734268,2.667728438973427,8289.943360567093,10000,ppo,ppo,crawler,flat,action_dth_tot_plus_friction_thdot_formula,,,,,,,,,,,,,,,0.004355565234477645,0,781,0.0,0.0,,,,,,,,,,,,,,,,,,,,,,,,,,,,,,,,,,,,,,,,,,,,,,,,,,,,,,,,,,,,,,,,,,,,,,,,,,nan,,,,,,,,,,,,,,,
1142,2704.638916015625,0.027017327025532722,2.7017327025532722,8297.408733606339,10000,ppo,ppo,crawler,flat,action_dth_tot_plus_friction_thdot_formula,,,,,,,,,,,,,,,0.0022368565933342435,0,781,0.0,0.0,,,,,,,,,,,,,,,,,,,,,,,,,,,,,,,,,,,,,,,,,,,,,,,,,,,,,,,,,,,,,,,,,,,,,,,,,,nan,,,,,,,,,,,,,,,
1143,2656.6767578125,0.026541786268353462,2.654178626835346,8304.802359104156,10000,ppo,ppo,crawler,flat,action_dth_tot_plus_friction_thdot_formula,,,,,,,,,,,,,,,0.002451714499450793,0,781,0.0,0.0,,,,,,,,,,,,,,,,,,,,,,,,,,,,,,,,,,,,,,,,,,,,,,,,,,,,,,,,,,,,,,,,,,,,,,,,,,nan,,,,,,,,,,,,,,,
1144,2626.927001953125,0.026243168860673904,2.6243168860673904,8312.0504591465,10000,ppo,ppo,crawler,flat,action_dth_tot_plus_friction_thdot_formula,,,,,,,,,,,,,,,0.003163143783964565,0,781,0.0,0.0,,,,,,,,,,,,,,,,,,,,,,,,,,,,,,,,,,,,,,,,,,,,,,,,,,,,,,,,,,,,,,,,,,,,,,,,,,nan,,,,,,,,,,,,,,,
1145,2671.581787109375,0.02668561041355133,2.668561041355133,8319.206541776657,10000,ppo,ppo,crawler,flat,action_dth_tot_plus_friction_thdot_formula,,,,,,,,,,,,,,,0.002956152026450307,0,781,0.0,0.0,,,,,,,,,,,,,,,,,,,,,,,,,,,,,,,,,,,,,,,,,,,,,,,,,,,,,,,,,,,,,,,,,,,,,,,,,,nan,,,,,,,,,,,,,,,
1146,2591.99658203125,0.025891728699207306,2.5891728699207306,8326.57463502884,10000,ppo,ppo,crawler,flat,action_dth_tot_plus_friction_thdot_formula,,,,,,,,,,,,,,,0.002892346490068998,0,781,0.0,0.0,,,,,,,,,,,,,,,,,,,,,,,,,,,,,,,,,,,,,,,,,,,,,,,,,,,,,,,,,,,,,,,,,,,,,,,,,,nan,,,,,,,,,,,,,,,
1147,2732.428955078125,0.027292266488075256,2.7292266488075256,8333.946426868439,10000,ppo,ppo,crawler,flat,action_dth_tot_plus_friction_thdot_formula,,,,,,,,,,,,,,,0.002717611047519173,0,781,0.0,0.0,,,,,,,,,,,,,,,,,,,,,,,,,,,,,,,,,,,,,,,,,,,,,,,,,,,,,,,,,,,,,,,,,,,,,,,,,,nan,,,,,,,,,,,,,,,
1148,2675.109130859375,0.02671847492456436,2.671847492456436,8341.339994192123,10000,ppo,ppo,crawler,flat,action_dth_tot_plus_friction_thdot_formula,,,,,,,,,,,,,,,0.0028254309601389543,0,781,0.0,0.0,,,,,,,,,,,,,,,,,,,,,,,,,,,,,,,,,,,,,,,,,,,,,,,,,,,,,,,,,,,,,,,,,,,,,,,,,,nan,,,,,,,,,,,,,,,
1149,2784.202392578125,0.02780940756201744,2.780940756201744,8348.3988468647,10000,ppo,ppo,crawler,flat,action_dth_tot_plus_friction_thdot_formula,,,,,,,,,,,,,,,0.0023648024560295154,0,781,0.0,0.0,,,,,,,,,,,,,,,,,,,,,,,,,,,,,,,,,,,,,,,,,,,,,,,,,,,,,,,,,,,,,,,,,,,,,,,,,,nan,,,,,,,,,,,,,,,
1150,2678.045654296875,0.026754070073366165,2.6754070073366165,8355.797122240067,10000,ppo,ppo,crawler,flat,action_dth_tot_plus_friction_thdot_formula,,,,,,,,,,,,,,,0.002942419866442492,0,781,0.0,0.0,,,,,,,,,,,,,,,,,,,,,,,,,,,,,,,,,,,,,,,,,,,,,,,,,,,,,,,,,,,,,,,,,,,,,,,,,,nan,,,,,,,,,,,,,,,
1151,2735.8349609375,0.027331920340657234,2.7331920340657234,8362.999615907669,10000,ppo,ppo,crawler,flat,action_dth_tot_plus_friction_thdot_formula,,,,,,,,,,,,,,,0.0022421075152570117,0,781,0.0,0.0,,,,,,,,,,,,,,,,,,,,,,,,,,,,,,,,,,,,,,,,,,,,,,,,,,,,,,,,,,,,,,,,,,,,,,,,,,nan,,,,,,,,,,,,,,,
1152,2670.485595703125,0.026674548164010048,2.667454816401005,8370.3586332798,10000,ppo,ppo,crawler,flat,action_dth_tot_plus_friction_thdot_formula,,,,,,,,,,,,,,,0.0025719104973952883,0,781,0.0,0.0,,,,,,,,,,,,,,,,,,,,,,,,,,,,,,,,,,,,,,,,,,,,,,,,,,,,,,,,,,,,,,,,,,,,,,,,,,nan,,,,,,,,,,,,,,,
1153,2664.245361328125,0.026614053174853325,2.6614053174853325,8377.37239074707,10000,ppo,ppo,crawler,flat,action_dth_tot_plus_friction_thdot_formula,,,,,,,,,,,,,,,0.003306900614163947,0,781,0.0,0.0,,,,,,,,,,,,,,,,,,,,,,,,,,,,,,,,,,,,,,,,,,,,,,,,,,,,,,,,,,,,,,,,,,,,,,,,,,nan,,,,,,,,,,,,,,,
1154,2629.72509765625,0.026269417256116867,2.6269417256116867,8384.612617492676,10000,ppo,ppo,crawler,flat,action_dth_tot_plus_friction_thdot_formula,,,,,,,,,,,,,,,0.0027388292951324522,0,781,0.0,0.0,,,,,,,,,,,,,,,,,,,,,,,,,,,,,,,,,,,,,,,,,,,,,,,,,,,,,,,,,,,,,,,,,,,,,,,,,,nan,,,,,,,,,,,,,,,
1155,2680.866943359375,0.02677525021135807,2.677525021135807,8391.75680732727,10000,ppo,ppo,crawler,flat,action_dth_tot_plus_friction_thdot_formula,,,,,,,,,,,,,,,0.0018152940809883526,0,781,0.0,0.0,,,,,,,,,,,,,,,,,,,,,,,,,,,,,,,,,,,,,,,,,,,,,,,,,,,,,,,,,,,,,,,,,,,,,,,,,,nan,,,,,,,,,,,,,,,
1156,2740.091796875,0.027369530871510506,2.7369530871510506,8398.940745592117,10000,ppo,ppo,crawler,flat,action_dth_tot_plus_friction_thdot_formula,,,,,,,,,,,,,,,0.0024855444618818562,0,781,0.0,0.0,,,,,,,,,,,,,,,,,,,,,,,,,,,,,,,,,,,,,,,,,,,,,,,,,,,,,,,,,,,,,,,,,,,,,,,,,,nan,,,,,,,,,,,,,,,
1157,2874.919677734375,0.028721392154693604,2.8721392154693604,8405.929942131042,10000,ppo,ppo,crawler,flat,action_dth_tot_plus_friction_thdot_formula,,,,,,,,,,,,,,,0.002626580712740237,0,781,0.0,0.0,,,,,,,,,,,,,,,,,,,,,,,,,,,,,,,,,,,,,,,,,,,,,,,,,,,,,,,,,,,,,,,,,,,,,,,,,,nan,,,,,,,,,,,,,,,
1158,2794.354736328125,0.027913469821214676,2.7913469821214676,8413.205957651138,10000,ppo,ppo,crawler,flat,action_dth_tot_plus_friction_thdot_formula,,,,,,,,,,,,,,,0.0020402561215920522,0,781,0.0,0.0,,,,,,,,,,,,,,,,,,,,,,,,,,,,,,,,,,,,,,,,,,,,,,,,,,,,,,,,,,,,,,,,,,,,,,,,,,nan,,,,,,,,,,,,,,,
1159,2708.193115234375,0.027051368728280067,2.7051368728280067,8420.301679134369,10000,ppo,ppo,crawler,flat,action_dth_tot_plus_friction_thdot_formula,,,,,,,,,,,,,,,0.0023257034322754903,0,781,0.0,0.0,,,,,,,,,,,,,,,,,,,,,,,,,,,,,,,,,,,,,,,,,,,,,,,,,,,,,,,,,,,,,,,,,,,,,,,,,,nan,,,,,,,,,,,,,,,
1160,2696.91357421875,0.02694234624505043,2.694234624505043,8427.426931381226,10000,ppo,ppo,crawler,flat,action_dth_tot_plus_friction_thdot_formula,,,,,,,,,,,,,,,0.0028567964244421056,0,781,0.0,0.0,,,,,,,,,,,,,,,,,,,,,,,,,,,,,,,,,,,,,,,,,,,,,,,,,,,,,,,,,,,,,,,,,,,,,,,,,,nan,,,,,,,,,,,,,,,
1161,2626.847412109375,0.026241838932037354,2.6241838932037354,8434.647523880005,10000,ppo,ppo,crawler,flat,action_dth_tot_plus_friction_thdot_formula,,,,,,,,,,,,,,,0.0036086037324007513,0,781,0.0,0.0,,,,,,,,,,,,,,,,,,,,,,,,,,,,,,,,,,,,,,,,,,,,,,,,,,,,,,,,,,,,,,,,,,,,,,,,,,nan,,,,,,,,,,,,,,,
1162,2702.603271484375,0.026993321254849434,2.6993321254849434,8442.017394781113,10000,ppo,ppo,crawler,flat,action_dth_tot_plus_friction_thdot_formula,,,,,,,,,,,,,,,0.002667092403966967,0,781,0.0,0.0,,,,,,,,,,,,,,,,,,,,,,,,,,,,,,,,,,,,,,,,,,,,,,,,,,,,,,,,,,,,,,,,,,,,,,,,,,nan,,,,,,,,,,,,,,,
1163,2690.694580078125,0.02687704935669899,2.687704935669899,8449.197547674179,10000,ppo,ppo,crawler,flat,action_dth_tot_plus_friction_thdot_formula,,,,,,,,,,,,,,,0.0033252116458319966,0,781,0.0,0.0,,,,,,,,,,,,,,,,,,,,,,,,,,,,,,,,,,,,,,,,,,,,,,,,,,,,,,,,,,,,,,,,,,,,,,,,,,nan,,,,,,,,,,,,,,,
1164,2779.531982421875,0.027766991406679153,2.7766991406679153,8456.574503183365,10000,ppo,ppo,crawler,flat,action_dth_tot_plus_friction_thdot_formula,,,,,,,,,,,,,,,0.002822886861395091,0,781,0.0,0.0,,,,,,,,,,,,,,,,,,,,,,,,,,,,,,,,,,,,,,,,,,,,,,,,,,,,,,,,,,,,,,,,,,,,,,,,,,nan,,,,,,,,,,,,,,,
1165,2619.61376953125,0.026169823482632637,2.6169823482632637,8463.76478934288,10000,ppo,ppo,crawler,flat,action_dth_tot_plus_friction_thdot_formula,,,,,,,,,,,,,,,0.0025933898833196338,0,781,0.0,0.0,,,,,,,,,,,,,,,,,,,,,,,,,,,,,,,,,,,,,,,,,,,,,,,,,,,,,,,,,,,,,,,,,,,,,,,,,,nan,,,,,,,,,,,,,,,
1166,2703.013427734375,0.02700253203511238,2.700253203511238,8471.094758987427,10000,ppo,ppo,crawler,flat,action_dth_tot_plus_friction_thdot_formula,,,,,,,,,,,,,,,0.003407063705786447,0,781,0.0,0.0,,,,,,,,,,,,,,,,,,,,,,,,,,,,,,,,,,,,,,,,,,,,,,,,,,,,,,,,,,,,,,,,,,,,,,,,,,nan,,,,,,,,,,,,,,,
1167,2658.306396484375,0.026557408273220062,2.6557408273220062,8478.304379224777,10000,ppo,ppo,crawler,flat,action_dth_tot_plus_friction_thdot_formula,,,,,,,,,,,,,,,0.0034516980411635687,0,781,0.0,0.0,,,,,,,,,,,,,,,,,,,,,,,,,,,,,,,,,,,,,,,,,,,,,,,,,,,,,,,,,,,,,,,,,,,,,,,,,,nan,,,,,,,,,,,,,,,
1168,2743.528076171875,0.02740292251110077,2.740292251110077,8485.527477741241,10000,ppo,ppo,crawler,flat,action_dth_tot_plus_friction_thdot_formula,,,,,,,,,,,,,,,0.0026712959145077132,0,781,0.0,0.0,,,,,,,,,,,,,,,,,,,,,,,,,,,,,,,,,,,,,,,,,,,,,,,,,,,,,,,,,,,,,,,,,,,,,,,,,,nan,,,,,,,,,,,,,,,
1169,2768.262451171875,0.027650542557239532,2.7650542557239532,8492.817109823227,10000,ppo,ppo,crawler,flat,action_dth_tot_plus_friction_thdot_formula,,,,,,,,,,,,,,,0.0032985651494518383,0,781,0.0,0.0,,,,,,,,,,,,,,,,,,,,,,,,,,,,,,,,,,,,,,,,,,,,,,,,,,,,,,,,,,,,,,,,,,,,,,,,,,nan,,,,,,,,,,,,,,,
1170,2723.574951171875,0.027208447456359863,2.7208447456359863,8500.063812971115,10000,ppo,ppo,crawler,flat,action_dth_tot_plus_friction_thdot_formula,,,,,,,,,,,,,,,0.0036487428458925053,0,781,0.0,0.0,,,,,,,,,,,,,,,,,,,,,,,,,,,,,,,,,,,,,,,,,,,,,,,,,,,,,,,,,,,,,,,,,,,,,,,,,,nan,,,,,,,,,,,,,,,
1171,2620.52099609375,0.026174120604991913,2.6174120604991913,8507.356771945953,10000,ppo,ppo,crawler,flat,action_dth_tot_plus_friction_thdot_formula,,,,,,,,,,,,,,,0.0027339933710259228,0,781,0.0,0.0,,,,,,,,,,,,,,,,,,,,,,,,,,,,,,,,,,,,,,,,,,,,,,,,,,,,,,,,,,,,,,,,,,,,,,,,,,nan,,,,,,,,,,,,,,,
1172,2867.460205078125,0.02864503487944603,2.864503487944603,8514.433313131332,10000,ppo,ppo,crawler,flat,action_dth_tot_plus_friction_thdot_formula,,,,,,,,,,,,,,,0.0028723323073479015,0,781,0.0,0.0,,,,,,,,,,,,,,,,,,,,,,,,,,,,,,,,,,,,,,,,,,,,,,,,,,,,,,,,,,,,,,,,,,,,,,,,,,nan,,,,,,,,,,,,,,,
1173,2750.544677734375,0.02747843787074089,2.747843787074089,8521.842975854874,10000,ppo,ppo,crawler,flat,action_dth_tot_plus_friction_thdot_formula,,,,,,,,,,,,,,,0.0026295790204700206,0,781,0.0,0.0,,,,,,,,,,,,,,,,,,,,,,,,,,,,,,,,,,,,,,,,,,,,,,,,,,,,,,,,,,,,,,,,,,,,,,,,,,nan,,,,,,,,,,,,,,,
1174,2809.119873046875,0.02806098200380802,2.806098200380802,8528.95115494728,10000,ppo,ppo,crawler,flat,action_dth_tot_plus_friction_thdot_formula,,,,,,,,,,,,,,,0.002580313487726689,0,781,0.0,0.0,,,,,,,,,,,,,,,,,,,,,,,,,,,,,,,,,,,,,,,,,,,,,,,,,,,,,,,,,,,,,,,,,,,,,,,,,,nan,,,,,,,,,,,,,,,
1175,2723.58251953125,0.02720968797802925,2.720968797802925,8536.163611412048,10000,ppo,ppo,crawler,flat,action_dth_tot_plus_friction_thdot_formula,,,,,,,,,,,,,,,0.0024289920110441504,0,781,0.0,0.0,,,,,,,,,,,,,,,,,,,,,,,,,,,,,,,,,,,,,,,,,,,,,,,,,,,,,,,,,,,,,,,,,,,,,,,,,,nan,,,,,,,,,,,,,,,
1176,2775.216552734375,0.027724163606762886,2.7724163606762886,8543.262825250626,10000,ppo,ppo,crawler,flat,action_dth_tot_plus_friction_thdot_formula,,,,,,,,,,,,,,,0.0024766060319104887,0,781,0.0,0.0,,,,,,,,,,,,,,,,,,,,,,,,,,,,,,,,,,,,,,,,,,,,,,,,,,,,,,,,,,,,,,,,,,,,,,,,,,nan,,,,,,,,,,,,,,,
1177,2768.55322265625,0.027656981721520424,2.7656981721520424,8550.708411455154,10000,ppo,ppo,crawler,flat,action_dth_tot_plus_friction_thdot_formula,,,,,,,,,,,,,,,0.0029336565231028516,0,781,0.0,0.0,,,,,,,,,,,,,,,,,,,,,,,,,,,,,,,,,,,,,,,,,,,,,,,,,,,,,,,,,,,,,,,,,,,,,,,,,,nan,,,,,,,,,,,,,,,
1178,2871.590576171875,0.028682958334684372,2.868295833468437,8557.760575532913,10000,ppo,ppo,crawler,flat,action_dth_tot_plus_friction_thdot_formula,,,,,,,,,,,,,,,0.003135843936253456,0,781,0.0,0.0,,,,,,,,,,,,,,,,,,,,,,,,,,,,,,,,,,,,,,,,,,,,,,,,,,,,,,,,,,,,,,,,,,,,,,,,,,nan,,,,,,,,,,,,,,,
1179,2766.521240234375,0.027633007615804672,2.7633007615804672,8564.939394712448,10000,ppo,ppo,crawler,flat,action_dth_tot_plus_friction_thdot_formula,,,,,,,,,,,,,,,0.0026338077097741836,0,781,0.0,0.0,,,,,,,,,,,,,,,,,,,,,,,,,,,,,,,,,,,,,,,,,,,,,,,,,,,,,,,,,,,,,,,,,,,,,,,,,,nan,,,,,,,,,,,,,,,
1180,2826.323486328125,0.02823045663535595,2.823045663535595,8571.951611995697,10000,ppo,ppo,crawler,flat,action_dth_tot_plus_friction_thdot_formula,,,,,,,,,,,,,,,0.0026849621420048857,0,781,0.0,0.0,,,,,,,,,,,,,,,,,,,,,,,,,,,,,,,,,,,,,,,,,,,,,,,,,,,,,,,,,,,,,,,,,,,,,,,,,,nan,,,,,,,,,,,,,,,
1181,2730.63818359375,0.02727583795785904,2.727583795785904,8579.22152686119,10000,ppo,ppo,crawler,flat,action_dth_tot_plus_friction_thdot_formula,,,,,,,,,,,,,,,0.0024313210721307156,0,781,0.0,0.0,,,,,,,,,,,,,,,,,,,,,,,,,,,,,,,,,,,,,,,,,,,,,,,,,,,,,,,,,,,,,,,,,,,,,,,,,,nan,,,,,,,,,,,,,,,
1182,2764.768798828125,0.02761528640985489,2.761528640985489,8586.32709980011,10000,ppo,ppo,crawler,flat,action_dth_tot_plus_friction_thdot_formula,,,,,,,,,,,,,,,0.002572311842645651,0,781,0.0,0.0,,,,,,,,,,,,,,,,,,,,,,,,,,,,,,,,,,,,,,,,,,,,,,,,,,,,,,,,,,,,,,,,,,,,,,,,,,nan,,,,,,,,,,,,,,,
1183,2793.9375,0.02791185863316059,2.791185863316059,8593.564480304718,10000,ppo,ppo,crawler,flat,action_dth_tot_plus_friction_thdot_formula,,,,,,,,,,,,,,,0.0027267753639080767,0,781,0.0,0.0,,,,,,,,,,,,,,,,,,,,,,,,,,,,,,,,,,,,,,,,,,,,,,,,,,,,,,,,,,,,,,,,,,,,,,,,,,nan,,,,,,,,,,,,,,,
1184,2747.02587890625,0.0274424497038126,2.74424497038126,8600.643588066101,10000,ppo,ppo,crawler,flat,action_dth_tot_plus_friction_thdot_formula,,,,,,,,,,,,,,,0.0031133078156225743,0,781,0.0,0.0,,,,,,,,,,,,,,,,,,,,,,,,,,,,,,,,,,,,,,,,,,,,,,,,,,,,,,,,,,,,,,,,,,,,,,,,,,nan,,,,,,,,,,,,,,,
1185,2741.865966796875,0.027389604598283768,2.7389604598283768,8607.982320308685,10000,ppo,ppo,crawler,flat,action_dth_tot_plus_friction_thdot_formula,,,,,,,,,,,,,,,0.003110203884465074,0,781,0.0,0.0,,,,,,,,,,,,,,,,,,,,,,,,,,,,,,,,,,,,,,,,,,,,,,,,,,,,,,,,,,,,,,,,,,,,,,,,,,nan,,,,,,,,,,,,,,,
1186,2783.759521484375,0.027812214568257332,2.781221456825733,8615.274828195572,10000,ppo,ppo,crawler,flat,action_dth_tot_plus_friction_thdot_formula,,,,,,,,,,,,,,,0.003319555621283551,0,781,0.0,0.0,,,,,,,,,,,,,,,,,,,,,,,,,,,,,,,,,,,,,,,,,,,,,,,,,,,,,,,,,,,,,,,,,,,,,,,,,,nan,,,,,,,,,,,,,,,
1187,2784.330810546875,0.027816619724035263,2.7816619724035263,8622.591480731964,10000,ppo,ppo,crawler,flat,action_dth_tot_plus_friction_thdot_formula,,,,,,,,,,,,,,,0.0027352447443622046,0,781,0.0,0.0,,,,,,,,,,,,,,,,,,,,,,,,,,,,,,,,,,,,,,,,,,,,,,,,,,,,,,,,,,,,,,,,,,,,,,,,,,nan,,,,,,,,,,,,,,,
1188,2686.989501953125,0.026839016005396843,2.6839016005396843,8629.959688901901,10000,ppo,ppo,crawler,flat,action_dth_tot_plus_friction_thdot_formula,,,,,,,,,,,,,,,0.0036895823152646393,0,781,0.0,0.0,,,,,,,,,,,,,,,,,,,,,,,,,,,,,,,,,,,,,,,,,,,,,,,,,,,,,,,,,,,,,,,,,,,,,,,,,,nan,,,,,,,,,,,,,,,
1189,2766.679443359375,0.02763543650507927,2.763543650507927,8637.155482769012,10000,ppo,ppo,crawler,flat,action_dth_tot_plus_friction_thdot_formula,,,,,,,,,,,,,,,0.00180811157271805,0,781,0.0,0.0,,,,,,,,,,,,,,,,,,,,,,,,,,,,,,,,,,,,,,,,,,,,,,,,,,,,,,,,,,,,,,,,,,,,,,,,,,nan,,,,,,,,,,,,,,,
1190,2794.129638671875,0.02791225165128708,2.791225165128708,8644.214310884476,10000,ppo,ppo,crawler,flat,action_dth_tot_plus_friction_thdot_formula,,,,,,,,,,,,,,,0.0025309764253328556,0,781,0.0,0.0,,,,,,,,,,,,,,,,,,,,,,,,,,,,,,,,,,,,,,,,,,,,,,,,,,,,,,,,,,,,,,,,,,,,,,,,,,nan,,,,,,,,,,,,,,,
1191,2763.50244140625,0.02760804444551468,2.760804444551468,8651.426281690598,10000,ppo,ppo,crawler,flat,action_dth_tot_plus_friction_thdot_formula,,,,,,,,,,,,,,,0.0027018726966805905,0,781,0.0,0.0,,,,,,,,,,,,,,,,,,,,,,,,,,,,,,,,,,,,,,,,,,,,,,,,,,,,,,,,,,,,,,,,,,,,,,,,,,nan,,,,,,,,,,,,,,,
1192,2804.333740234375,0.028010521084070206,2.8010521084070206,8658.820588588715,10000,ppo,ppo,crawler,flat,action_dth_tot_plus_friction_thdot_formula,,,,,,,,,,,,,,,0.0036035186876665097,0,781,0.0,0.0,,,,,,,,,,,,,,,,,,,,,,,,,,,,,,,,,,,,,,,,,,,,,,,,,,,,,,,,,,,,,,,,,,,,,,,,,,nan,,,,,,,,,,,,,,,
1193,2773.23193359375,0.02770678885281086,2.770678885281086,8665.93049287796,10000,ppo,ppo,crawler,flat,action_dth_tot_plus_friction_thdot_formula,,,,,,,,,,,,,,,0.0028168185525433674,0,781,0.0,0.0,,,,,,,,,,,,,,,,,,,,,,,,,,,,,,,,,,,,,,,,,,,,,,,,,,,,,,,,,,,,,,,,,,,,,,,,,,nan,,,,,,,,,,,,,,,
1194,2885.837890625,0.028829146176576614,2.8829146176576614,8673.276792764664,10000,ppo,ppo,crawler,flat,action_dth_tot_plus_friction_thdot_formula,,,,,,,,,,,,,,,0.002477297090663528,0,781,0.0,0.0,,,,,,,,,,,,,,,,,,,,,,,,,,,,,,,,,,,,,,,,,,,,,,,,,,,,,,,,,,,,,,,,,,,,,,,,,,nan,,,,,,,,,,,,,,,
1195,2767.327880859375,0.027645528316497803,2.7645528316497803,8680.331889867783,10000,ppo,ppo,crawler,flat,action_dth_tot_plus_friction_thdot_formula,,,,,,,,,,,,,,,0.0030647229921089416,0,781,0.0,0.0,,,,,,,,,,,,,,,,,,,,,,,,,,,,,,,,,,,,,,,,,,,,,,,,,,,,,,,,,,,,,,,,,,,,,,,,,,nan,,,,,,,,,,,,,,,
1196,2677.431396484375,0.026743974536657333,2.6743974536657333,8687.718121528625,10000,ppo,ppo,crawler,flat,action_dth_tot_plus_friction_thdot_formula,,,,,,,,,,,,,,,0.0026803164004372665,0,781,0.0,0.0,,,,,,,,,,,,,,,,,,,,,,,,,,,,,,,,,,,,,,,,,,,,,,,,,,,,,,,,,,,,,,,,,,,,,,,,,,nan,,,,,,,,,,,,,,,
1197,2682.542724609375,0.02679472044110298,2.679472044110298,8694.835443019867,10000,ppo,ppo,crawler,flat,action_dth_tot_plus_friction_thdot_formula,,,,,,,,,,,,,,,0.0023227669267719027,0,781,0.0,0.0,,,,,,,,,,,,,,,,,,,,,,,,,,,,,,,,,,,,,,,,,,,,,,,,,,,,,,,,,,,,,,,,,,,,,,,,,,nan,,,,,,,,,,,,,,,
1198,2578.93701171875,0.02576153166592121,2.576153166592121,8702.092521190643,10000,ppo,ppo,crawler,flat,action_dth_tot_plus_friction_thdot_formula,,,,,,,,,,,,,,,0.002751825265327013,0,781,0.0,0.0,,,,,,,,,,,,,,,,,,,,,,,,,,,,,,,,,,,,,,,,,,,,,,,,,,,,,,,,,,,,,,,,,,,,,,,,,,nan,,,,,,,,,,,,,,,
1199,2780.446044921875,0.027774980291724205,2.7774980291724205,8709.400598049164,10000,ppo,ppo,crawler,flat,action_dth_tot_plus_friction_thdot_formula,,,,,,,,,,,,,,,0.002272199759196917,0,781,0.0,0.0,,,,,,,,,,,,,,,,,,,,,,,,,,,,,,,,,,,,,,,,,,,,,,,,,,,,,,,,,,,,,,,,,,,,,,,,,,nan,,,,,,,,,,,,,,,
1200,2648.236083984375,0.02645176090300083,2.645176090300083,8716.809466362,10000,ppo,ppo,crawler,flat,action_dth_tot_plus_friction_thdot_formula,,,,,,,,,,,,,,,0.0031715219679945023,0,781,0.0,0.0,,,,,,,,,,,,,,,,,,,,,,,,,,,,,,,,,,,,,,,,,,,,,,,,,,,,,,,,,,,,,,,,,,,,,,,,,,nan,,,,,,,,,,,,,,,
1201,2622.258056640625,0.026197239756584167,2.6197239756584167,8723.945546388626,10000,ppo,ppo,crawler,flat,action_dth_tot_plus_friction_thdot_formula,,,,,,,,,,,,,,,0.002434348578529943,0,781,0.0,0.0,,,,,,,,,,,,,,,,,,,,,,,,,,,,,,,,,,,,,,,,,,,,,,,,,,,,,,,,,,,,,,,,,,,,,,,,,,nan,,,,,,,,,,,,,,,
1202,2689.850830078125,0.02687142789363861,2.687142789363861,8731.216793060303,10000,ppo,ppo,crawler,flat,action_dth_tot_plus_friction_thdot_formula,,,,,,,,,,,,,,,0.0027994521956240326,0,781,0.0,0.0,,,,,,,,,,,,,,,,,,,,,,,,,,,,,,,,,,,,,,,,,,,,,,,,,,,,,,,,,,,,,,,,,,,,,,,,,,nan,,,,,,,,,,,,,,,
1203,2886.783447265625,0.028837008401751518,2.883700840175152,8738.492305994034,10000,ppo,ppo,crawler,flat,action_dth_tot_plus_friction_thdot_formula,,,,,,,,,,,,,,,0.0027218837278034113,0,781,0.0,0.0,,,,,,,,,,,,,,,,,,,,,,,,,,,,,,,,,,,,,,,,,,,,,,,,,,,,,,,,,,,,,,,,,,,,,,,,,,nan,,,,,,,,,,,,,,,
1204,2814.322998046875,0.0281121414154768,2.81121414154768,8745.74248456955,10000,ppo,ppo,crawler,flat,action_dth_tot_plus_friction_thdot_formula,,,,,,,,,,,,,,,0.002126027488077558,0,781,0.0,0.0,,,,,,,,,,,,,,,,,,,,,,,,,,,,,,,,,,,,,,,,,,,,,,,,,,,,,,,,,,,,,,,,,,,,,,,,,,nan,,,,,,,,,,,,,,,
1205,2735.59814453125,0.02732398547232151,2.732398547232151,8752.948831319809,10000,ppo,ppo,crawler,flat,action_dth_tot_plus_friction_thdot_formula,,,,,,,,,,,,,,,0.0029950398140811694,0,781,0.0,0.0,,,,,,,,,,,,,,,,,,,,,,,,,,,,,,,,,,,,,,,,,,,,,,,,,,,,,,,,,,,,,,,,,,,,,,,,,,nan,,,,,,,,,,,,,,,
1206,2686.282470703125,0.026832811534404755,2.6832811534404755,8760.139571666718,10000,ppo,ppo,crawler,flat,action_dth_tot_plus_friction_thdot_formula,,,,,,,,,,,,,,,0.002744246623180711,0,781,0.0,0.0,,,,,,,,,,,,,,,,,,,,,,,,,,,,,,,,,,,,,,,,,,,,,,,,,,,,,,,,,,,,,,,,,,,,,,,,,,nan,,,,,,,,,,,,,,,
1207,2718.831298828125,0.02715802565217018,2.715802565217018,8767.427243232727,10000,ppo,ppo,crawler,flat,action_dth_tot_plus_friction_thdot_formula,,,,,,,,,,,,,,,0.00289100205792423,0,781,0.0,0.0,,,,,,,,,,,,,,,,,,,,,,,,,,,,,,,,,,,,,,,,,,,,,,,,,,,,,,,,,,,,,,,,,,,,,,,,,,nan,,,,,,,,,,,,,,,
1208,2690.50390625,0.02687625028192997,2.687625028192997,8774.751664161682,10000,ppo,ppo,crawler,flat,action_dth_tot_plus_friction_thdot_formula,,,,,,,,,,,,,,,0.0023707162532415815,0,781,0.0,0.0,,,,,,,,,,,,,,,,,,,,,,,,,,,,,,,,,,,,,,,,,,,,,,,,,,,,,,,,,,,,,,,,,,,,,,,,,,nan,,,,,,,,,,,,,,,
1209,2810.202392578125,0.028077395632863045,2.8077395632863045,8781.830247402191,10000,ppo,ppo,crawler,flat,action_dth_tot_plus_friction_thdot_formula,,,,,,,,,,,,,,,0.003803943000046987,0,781,0.0,0.0,,,,,,,,,,,,,,,,,,,,,,,,,,,,,,,,,,,,,,,,,,,,,,,,,,,,,,,,,,,,,,,,,,,,,,,,,,nan,,,,,,,,,,,,,,,
1210,2869.78466796875,0.028669176623225212,2.866917662322521,8789.043436527252,10000,ppo,ppo,crawler,flat,action_dth_tot_plus_friction_thdot_formula,,,,,,,,,,,,,,,0.0030578998863329174,0,781,0.0,0.0,,,,,,,,,,,,,,,,,,,,,,,,,,,,,,,,,,,,,,,,,,,,,,,,,,,,,,,,,,,,,,,,,,,,,,,,,,nan,,,,,,,,,,,,,,,
1211,2810.5927734375,0.028075413778424263,2.8075413778424263,8796.359651088715,10000,ppo,ppo,crawler,flat,action_dth_tot_plus_friction_thdot_formula,,,,,,,,,,,,,,,0.0025783780765172367,0,781,0.0,0.0,,,,,,,,,,,,,,,,,,,,,,,,,,,,,,,,,,,,,,,,,,,,,,,,,,,,,,,,,,,,,,,,,,,,,,,,,,nan,,,,,,,,,,,,,,,
1212,2848.254638671875,0.028458334505558014,2.8458334505558014,8803.581879138947,10000,ppo,ppo,crawler,flat,action_dth_tot_plus_friction_thdot_formula,,,,,,,,,,,,,,,0.003224780658816277,0,781,0.0,0.0,,,,,,,,,,,,,,,,,,,,,,,,,,,,,,,,,,,,,,,,,,,,,,,,,,,,,,,,,,,,,,,,,,,,,,,,,,nan,,,,,,,,,,,,,,,
1213,2924.075927734375,0.029212359338998795,2.9212359338998795,8810.72530078888,10000,ppo,ppo,crawler,flat,action_dth_tot_plus_friction_thdot_formula,,,,,,,,,,,,,,,0.002428384904060143,0,781,0.0,0.0,,,,,,,,,,,,,,,,,,,,,,,,,,,,,,,,,,,,,,,,,,,,,,,,,,,,,,,,,,,,,,,,,,,,,,,,,,nan,,,,,,,,,,,,,,,
1214,2843.373779296875,0.028400450944900513,2.8400450944900513,8818.10454416275,10000,ppo,ppo,crawler,flat,action_dth_tot_plus_friction_thdot_formula,,,,,,,,,,,,,,,0.002184108470786582,0,781,0.0,0.0,,,,,,,,,,,,,,,,,,,,,,,,,,,,,,,,,,,,,,,,,,,,,,,,,,,,,,,,,,,,,,,,,,,,,,,,,,nan,,,,,,,,,,,,,,,
1215,2710.64697265625,0.027076300233602524,2.7076300233602524,8825.206454515457,10000,ppo,ppo,crawler,flat,action_dth_tot_plus_friction_thdot_formula,,,,,,,,,,,,,,,0.0030147537155161526,0,781,0.0,0.0,,,,,,,,,,,,,,,,,,,,,,,,,,,,,,,,,,,,,,,,,,,,,,,,,,,,,,,,,,,,,,,,,,,,,,,,,,nan,,,,,,,,,,,,,,,
1216,2724.214111328125,0.027216576039791107,2.7216576039791107,8832.472019910812,10000,ppo,ppo,crawler,flat,action_dth_tot_plus_friction_thdot_formula,,,,,,,,,,,,,,,0.002387672197222757,0,781,0.0,0.0,,,,,,,,,,,,,,,,,,,,,,,,,,,,,,,,,,,,,,,,,,,,,,,,,,,,,,,,,,,,,,,,,,,,,,,,,,nan,,,,,,,,,,,,,,,
1217,2720.50341796875,0.027178477495908737,2.7178477495908737,8839.600159168243,10000,ppo,ppo,crawler,flat,action_dth_tot_plus_friction_thdot_formula,,,,,,,,,,,,,,,0.0026870149362292115,0,781,0.0,0.0,,,,,,,,,,,,,,,,,,,,,,,,,,,,,,,,,,,,,,,,,,,,,,,,,,,,,,,,,,,,,,,,,,,,,,,,,,nan,,,,,,,,,,,,,,,
1218,2769.35498046875,0.027661316096782684,2.7661316096782684,8847.07462978363,10000,ppo,ppo,crawler,flat,action_dth_tot_plus_friction_thdot_formula,,,,,,,,,,,,,,,0.0027968616688921547,0,781,0.0,0.0,,,,,,,,,,,,,,,,,,,,,,,,,,,,,,,,,,,,,,,,,,,,,,,,,,,,,,,,,,,,,,,,,,,,,,,,,,nan,,,,,,,,,,,,,,,
1219,2739.32275390625,0.027363676577806473,2.7363676577806473,8854.319053411484,10000,ppo,ppo,crawler,flat,action_dth_tot_plus_friction_thdot_formula,,,,,,,,,,,,,,,0.0028840452128178805,0,781,0.0,0.0,,,,,,,,,,,,,,,,,,,,,,,,,,,,,,,,,,,,,,,,,,,,,,,,,,,,,,,,,,,,,,,,,,,,,,,,,,nan,,,,,,,,,,,,,,,
1220,2768.484130859375,0.02766268327832222,2.766268327832222,8861.430761575699,10000,ppo,ppo,crawler,flat,action_dth_tot_plus_friction_thdot_formula,,,,,,,,,,,,,,,0.0030613307358244514,0,781,0.0,0.0,,,,,,,,,,,,,,,,,,,,,,,,,,,,,,,,,,,,,,,,,,,,,,,,,,,,,,,,,,,,,,,,,,,,,,,,,,nan,,,,,,,,,,,,,,,
1221,2758.91796875,0.027555624023079872,2.755562402307987,8868.67434835434,10000,ppo,ppo,crawler,flat,action_dth_tot_plus_friction_thdot_formula,,,,,,,,,,,,,,,0.00299991508157299,0,781,0.0,0.0,,,,,,,,,,,,,,,,,,,,,,,,,,,,,,,,,,,,,,,,,,,,,,,,,,,,,,,,,,,,,,,,,,,,,,,,,,nan,,,,,,,,,,,,,,,
1222,2682.643798828125,0.026796190068125725,2.6796190068125725,8876.116039037704,10000,ppo,ppo,crawler,flat,action_dth_tot_plus_friction_thdot_formula,,,,,,,,,,,,,,,0.0028529575346639947,0,781,0.0,0.0,,,,,,,,,,,,,,,,,,,,,,,,,,,,,,,,,,,,,,,,,,,,,,,,,,,,,,,,,,,,,,,,,,,,,,,,,,nan,,,,,,,,,,,,,,,
1223,2710.3779296875,0.027072453871369362,2.707245387136936,8883.338787555695,10000,ppo,ppo,crawler,flat,action_dth_tot_plus_friction_thdot_formula,,,,,,,,,,,,,,,0.0026909891490928266,0,781,0.0,0.0,,,,,,,,,,,,,,,,,,,,,,,,,,,,,,,,,,,,,,,,,,,,,,,,,,,,,,,,,,,,,,,,,,,,,,,,,,nan,,,,,,,,,,,,,,,
1224,2922.9375,0.029205044731497765,2.9205044731497765,8890.496925592422,10000,ppo,ppo,crawler,flat,action_dth_tot_plus_friction_thdot_formula,,,,,,,,,,,,,,,0.0024461231809529797,0,781,0.0,0.0,,,,,,,,,,,,,,,,,,,,,,,,,,,,,,,,,,,,,,,,,,,,,,,,,,,,,,,,,,,,,,,,,,,,,,,,,,nan,,,,,,,,,,,,,,,
1225,2731.113037109375,0.027282731607556343,2.7282731607556343,8897.83552980423,10000,ppo,ppo,crawler,flat,action_dth_tot_plus_friction_thdot_formula,,,,,,,,,,,,,,,0.0027960617017423047,0,781,0.0,0.0,,,,,,,,,,,,,,,,,,,,,,,,,,,,,,,,,,,,,,,,,,,,,,,,,,,,,,,,,,,,,,,,,,,,,,,,,,nan,,,,,,,,,,,,,,,
1226,2772.063720703125,0.02768597938120365,2.768597938120365,8905.105581521988,10000,ppo,ppo,crawler,flat,action_dth_tot_plus_friction_thdot_formula,,,,,,,,,,,,,,,0.0024306004953486594,0,781,0.0,0.0,,,,,,,,,,,,,,,,,,,,,,,,,,,,,,,,,,,,,,,,,,,,,,,,,,,,,,,,,,,,,,,,,,,,,,,,,,nan,,,,,,,,,,,,,,,
1227,2743.80517578125,0.027406975626945496,2.7406975626945496,8912.564386367798,10000,ppo,ppo,crawler,flat,action_dth_tot_plus_friction_thdot_formula,,,,,,,,,,,,,,,0.00262191592523096,0,781,0.0,0.0,,,,,,,,,,,,,,,,,,,,,,,,,,,,,,,,,,,,,,,,,,,,,,,,,,,,,,,,,,,,,,,,,,,,,,,,,,nan,,,,,,,,,,,,,,,
1228,2699.96435546875,0.026973143219947815,2.6973143219947815,8919.784247398376,10000,ppo,ppo,crawler,flat,action_dth_tot_plus_friction_thdot_formula,,,,,,,,,,,,,,,0.0028092849432644596,0,781,0.0,0.0,,,,,,,,,,,,,,,,,,,,,,,,,,,,,,,,,,,,,,,,,,,,,,,,,,,,,,,,,,,,,,,,,,,,,,,,,,nan,,,,,,,,,,,,,,,
1229,2745.5966796875,0.02742481604218483,2.742481604218483,8927.253491401672,10000,ppo,ppo,crawler,flat,action_dth_tot_plus_friction_thdot_formula,,,,,,,,,,,,,,,0.0024120211252831184,0,781,0.0,0.0,,,,,,,,,,,,,,,,,,,,,,,,,,,,,,,,,,,,,,,,,,,,,,,,,,,,,,,,,,,,,,,,,,,,,,,,,,nan,,,,,,,,,,,,,,,
1230,2591.589111328125,0.025889262557029724,2.5889262557029724,8934.430387496948,10000,ppo,ppo,crawler,flat,action_dth_tot_plus_friction_thdot_formula,,,,,,,,,,,,,,,0.0026902175403278198,0,781,0.0,0.0,,,,,,,,,,,,,,,,,,,,,,,,,,,,,,,,,,,,,,,,,,,,,,,,,,,,,,,,,,,,,,,,,,,,,,,,,,nan,,,,,,,,,,,,,,,
1231,2752.345703125,0.027497677132487297,2.7497677132487297,8941.68424987793,10000,ppo,ppo,crawler,flat,action_dth_tot_plus_friction_thdot_formula,,,,,,,,,,,,,,,0.002349033954815054,0,781,0.0,0.0,,,,,,,,,,,,,,,,,,,,,,,,,,,,,,,,,,,,,,,,,,,,,,,,,,,,,,,,,,,,,,,,,,,,,,,,,,nan,,,,,,,,,,,,,,,
1232,2810.462890625,0.028073830530047417,2.8073830530047417,8948.873011350632,10000,ppo,ppo,crawler,flat,action_dth_tot_plus_friction_thdot_formula,,,,,,,,,,,,,,,0.002734939360440495,0,781,0.0,0.0,,,,,,,,,,,,,,,,,,,,,,,,,,,,,,,,,,,,,,,,,,,,,,,,,,,,,,,,,,,,,,,,,,,,,,,,,,nan,,,,,,,,,,,,,,,
1233,2632.127197265625,0.026292333379387856,2.6292333379387856,8956.305986642838,10000,ppo,ppo,crawler,flat,action_dth_tot_plus_friction_thdot_formula,,,,,,,,,,,,,,,0.0028050575580429427,0,781,0.0,0.0,,,,,,,,,,,,,,,,,,,,,,,,,,,,,,,,,,,,,,,,,,,,,,,,,,,,,,,,,,,,,,,,,,,,,,,,,,nan,,,,,,,,,,,,,,,
1234,2894.90625,0.028916485607624054,2.8916485607624054,8963.374499559402,10000,ppo,ppo,crawler,flat,action_dth_tot_plus_friction_thdot_formula,,,,,,,,,,,,,,,0.0024316440960293977,0,781,0.0,0.0,,,,,,,,,,,,,,,,,,,,,,,,,,,,,,,,,,,,,,,,,,,,,,,,,,,,,,,,,,,,,,,,,,,,,,,,,,nan,,,,,,,,,,,,,,,
1235,2783.439208984375,0.027801811695098877,2.7801811695098877,8970.56505393982,10000,ppo,ppo,crawler,flat,action_dth_tot_plus_friction_thdot_formula,,,,,,,,,,,,,,,0.0029931305918100837,0,781,0.0,0.0,,,,,,,,,,,,,,,,,,,,,,,,,,,,,,,,,,,,,,,,,,,,,,,,,,,,,,,,,,,,,,,,,,,,,,,,,,nan,,,,,,,,,,,,,,,
1236,2813.76611328125,0.028104348108172417,2.8104348108172417,8977.603055715561,10000,ppo,ppo,crawler,flat,action_dth_tot_plus_friction_thdot_formula,,,,,,,,,,,,,,,0.0030439066582955013,0,781,0.0,0.0,,,,,,,,,,,,,,,,,,,,,,,,,,,,,,,,,,,,,,,,,,,,,,,,,,,,,,,,,,,,,,,,,,,,,,,,,,nan,,,,,,,,,,,,,,,
1237,2812.143798828125,0.028090575709939003,2.8090575709939003,8984.969885587692,10000,ppo,ppo,crawler,flat,action_dth_tot_plus_friction_thdot_formula,,,,,,,,,,,,,,,0.0030239351714526574,0,781,0.0,0.0,,,,,,,,,,,,,,,,,,,,,,,,,,,,,,,,,,,,,,,,,,,,,,,,,,,,,,,,,,,,,,,,,,,,,,,,,,nan,,,,,,,,,,,,,,,
1238,2660.44384765625,0.026574531570076942,2.6574531570076942,8992.081924438477,10000,ppo,ppo,crawler,flat,action_dth_tot_plus_friction_thdot_formula,,,,,,,,,,,,,,,0.0025002506863646013,0,781,0.0,0.0,,,,,,,,,,,,,,,,,,,,,,,,,,,,,,,,,,,,,,,,,,,,,,,,,,,,,,,,,,,,,,,,,,,,,,,,,,nan,,,,,,,,,,,,,,,
1239,2799.986083984375,0.02797217294573784,2.797217294573784,8999.256199598312,10000,ppo,ppo,crawler,flat,action_dth_tot_plus_friction_thdot_formula,,,,,,,,,,,,,,,0.0030511061539611134,0,781,0.0,0.0,,,,,,,,,,,,,,,,,,,,,,,,,,,,,,,,,,,,,,,,,,,,,,,,,,,,,,,,,,,,,,,,,,,,,,,,,,nan,,,,,,,,,,,,,,,
1240,2869.387451171875,0.02866487018764019,2.866487018764019,9006.329455137253,10000,ppo,ppo,crawler,flat,action_dth_tot_plus_friction_thdot_formula,,,,,,,,,,,,,,,0.0028103557812176982,0,781,0.0,0.0,,,,,,,,,,,,,,,,,,,,,,,,,,,,,,,,,,,,,,,,,,,,,,,,,,,,,,,,,,,,,,,,,,,,,,,,,,nan,,,,,,,,,,,,,,,
1241,2622.123291015625,0.026187796145677567,2.6187796145677567,9013.649062156677,10000,ppo,ppo,crawler,flat,action_dth_tot_plus_friction_thdot_formula,,,,,,,,,,,,,,,0.0020635381744782202,0,781,0.0,0.0,,,,,,,,,,,,,,,,,,,,,,,,,,,,,,,,,,,,,,,,,,,,,,,,,,,,,,,,,,,,,,,,,,,,,,,,,,nan,,,,,,,,,,,,,,,
1242,2576.34228515625,0.025732919573783875,2.5732919573783875,9020.720764160156,10000,ppo,ppo,crawler,flat,action_dth_tot_plus_friction_thdot_formula,,,,,,,,,,,,,,,0.0028798900215296856,0,781,0.0,0.0,,,,,,,,,,,,,,,,,,,,,,,,,,,,,,,,,,,,,,,,,,,,,,,,,,,,,,,,,,,,,,,,,,,,,,,,,,nan,,,,,,,,,,,,,,,
1243,2790.96484375,0.02788172848522663,2.788172848522663,9027.846565961838,10000,ppo,ppo,crawler,flat,action_dth_tot_plus_friction_thdot_formula,,,,,,,,,,,,,,,0.0037112216419786593,0,781,0.0,0.0,,,,,,,,,,,,,,,,,,,,,,,,,,,,,,,,,,,,,,,,,,,,,,,,,,,,,,,,,,,,,,,,,,,,,,,,,,nan,,,,,,,,,,,,,,,
1244,2760.745361328125,0.027575070038437843,2.7575070038437843,9035.145100831985,10000,ppo,ppo,crawler,flat,action_dth_tot_plus_friction_thdot_formula,,,,,,,,,,,,,,,0.0025815496083453925,0,781,0.0,0.0,,,,,,,,,,,,,,,,,,,,,,,,,,,,,,,,,,,,,,,,,,,,,,,,,,,,,,,,,,,,,,,,,,,,,,,,,,nan,,,,,,,,,,,,,,,
1245,2887.26025390625,0.028839867562055588,2.8839867562055588,9042.26589512825,10000,ppo,ppo,crawler,flat,action_dth_tot_plus_friction_thdot_formula,,,,,,,,,,,,,,,0.0030246046389272455,0,781,0.0,0.0,,,,,,,,,,,,,,,,,,,,,,,,,,,,,,,,,,,,,,,,,,,,,,,,,,,,,,,,,,,,,,,,,,,,,,,,,,nan,,,,,,,,,,,,,,,
1246,2862.095703125,0.028594402596354485,2.8594402596354485,9049.508896827698,10000,ppo,ppo,crawler,flat,action_dth_tot_plus_friction_thdot_formula,,,,,,,,,,,,,,,0.0024863180749728877,0,781,0.0,0.0,,,,,,,,,,,,,,,,,,,,,,,,,,,,,,,,,,,,,,,,,,,,,,,,,,,,,,,,,,,,,,,,,,,,,,,,,,nan,,,,,,,,,,,,,,,
1247,2820.323974609375,0.028175607323646545,2.8175607323646545,9056.611350536346,10000,ppo,ppo,crawler,flat,action_dth_tot_plus_friction_thdot_formula,,,,,,,,,,,,,,,0.003515685496645504,0,781,0.0,0.0,,,,,,,,,,,,,,,,,,,,,,,,,,,,,,,,,,,,,,,,,,,,,,,,,,,,,,,,,,,,,,,,,,,,,,,,,,nan,,,,,,,,,,,,,,,
1248,2692.640380859375,0.02690386213362217,2.690386213362217,9063.877556562424,10000,ppo,ppo,crawler,flat,action_dth_tot_plus_friction_thdot_formula,,,,,,,,,,,,,,,0.0026993710227878874,0,781,0.0,0.0,,,,,,,,,,,,,,,,,,,,,,,,,,,,,,,,,,,,,,,,,,,,,,,,,,,,,,,,,,,,,,,,,,,,,,,,,,nan,,,,,,,,,,,,,,,
1249,2739.405517578125,0.027365667745471,2.7365667745471,9070.950711250305,10000,ppo,ppo,crawler,flat,action_dth_tot_plus_friction_thdot_formula,,,,,,,,,,,,,,,0.003304208537907114,0,781,0.0,0.0,,,,,,,,,,,,,,,,,,,,,,,,,,,,,,,,,,,,,,,,,,,,,,,,,,,,,,,,,,,,,,,,,,,,,,,,,,nan,,,,,,,,,,,,,,,
1250,2735.102294921875,0.027325982227921486,2.7325982227921486,9078.189445495605,10000,ppo,ppo,crawler,flat,action_dth_tot_plus_friction_thdot_formula,,,,,,,,,,,,,,,0.003038303648740549,0,781,0.0,0.0,,,,,,,,,,,,,,,,,,,,,,,,,,,,,,,,,,,,,,,,,,,,,,,,,,,,,,,,,,,,,,,,,,,,,,,,,,nan,,,,,,,,,,,,,,,
1251,2851.38720703125,0.02848130464553833,2.848130464553833,9085.45034646988,10000,ppo,ppo,crawler,flat,action_dth_tot_plus_friction_thdot_formula,,,,,,,,,,,,,,,0.002771608353274661,0,781,0.0,0.0,,,,,,,,,,,,,,,,,,,,,,,,,,,,,,,,,,,,,,,,,,,,,,,,,,,,,,,,,,,,,,,,,,,,,,,,,,nan,,,,,,,,,,,,,,,
1252,2747.512939453125,0.027447503060102463,2.7447503060102463,9092.986735343933,10000,ppo,ppo,crawler,flat,action_dth_tot_plus_friction_thdot_formula,,,,,,,,,,,,,,,0.0034795840319708734,0,781,0.0,0.0,,,,,,,,,,,,,,,,,,,,,,,,,,,,,,,,,,,,,,,,,,,,,,,,,,,,,,,,,,,,,,,,,,,,,,,,,,nan,,,,,,,,,,,,,,,
1253,2684.656982421875,0.026813967153429985,2.6813967153429985,9100.020353794098,10000,ppo,ppo,crawler,flat,action_dth_tot_plus_friction_thdot_formula,,,,,,,,,,,,,,,0.0025270994051768613,0,781,0.0,0.0,,,,,,,,,,,,,,,,,,,,,,,,,,,,,,,,,,,,,,,,,,,,,,,,,,,,,,,,,,,,,,,,,,,,,,,,,,nan,,,,,,,,,,,,,,,
1254,2679.183349609375,0.026760784909129143,2.6760784909129143,9107.192879676819,10000,ppo,ppo,crawler,flat,action_dth_tot_plus_friction_thdot_formula,,,,,,,,,,,,,,,0.0024426507767812775,0,781,0.0,0.0,,,,,,,,,,,,,,,,,,,,,,,,,,,,,,,,,,,,,,,,,,,,,,,,,,,,,,,,,,,,,,,,,,,,,,,,,,nan,,,,,,,,,,,,,,,
1255,2962.760498046875,0.029596446081995964,2.9596446081995964,9114.325623989105,10000,ppo,ppo,crawler,flat,action_dth_tot_plus_friction_thdot_formula,,,,,,,,,,,,,,,0.00207457912944361,0,781,0.0,0.0,,,,,,,,,,,,,,,,,,,,,,,,,,,,,,,,,,,,,,,,,,,,,,,,,,,,,,,,,,,,,,,,,,,,,,,,,,nan,,,,,,,,,,,,,,,
1256,2666.30419921875,0.02663268893957138,2.663268893957138,9121.580404996872,10000,ppo,ppo,crawler,flat,action_dth_tot_plus_friction_thdot_formula,,,,,,,,,,,,,,,0.00305815041620462,0,781,0.0,0.0,,,,,,,,,,,,,,,,,,,,,,,,,,,,,,,,,,,,,,,,,,,,,,,,,,,,,,,,,,,,,,,,,,,,,,,,,,nan,,,,,,,,,,,,,,,
1257,2827.801513671875,0.028252653777599335,2.8252653777599335,9128.72956776619,10000,ppo,ppo,crawler,flat,action_dth_tot_plus_friction_thdot_formula,,,,,,,,,,,,,,,0.0033562285400791127,0,781,0.0,0.0,,,,,,,,,,,,,,,,,,,,,,,,,,,,,,,,,,,,,,,,,,,,,,,,,,,,,,,,,,,,,,,,,,,,,,,,,,nan,,,,,,,,,,,,,,,
1258,2883.470458984375,0.028808489441871643,2.8808489441871643,9136.00690793991,10000,ppo,ppo,crawler,flat,action_dth_tot_plus_friction_thdot_formula,,,,,,,,,,,,,,,0.002978371934447719,0,781,0.0,0.0,,,,,,,,,,,,,,,,,,,,,,,,,,,,,,,,,,,,,,,,,,,,,,,,,,,,,,,,,,,,,,,,,,,,,,,,,,nan,,,,,,,,,,,,,,,
1259,2740.797607421875,0.027381878346204758,2.7381878346204758,9143.200739622116,10000,ppo,ppo,crawler,flat,action_dth_tot_plus_friction_thdot_formula,,,,,,,,,,,,,,,0.00299289621337181,0,781,0.0,0.0,,,,,,,,,,,,,,,,,,,,,,,,,,,,,,,,,,,,,,,,,,,,,,,,,,,,,,,,,,,,,,,,,,,,,,,,,,nan,,,,,,,,,,,,,,,
1260,2620.997314453125,0.026181576773524284,2.6181576773524284,9150.388392686844,10000,ppo,ppo,crawler,flat,action_dth_tot_plus_friction_thdot_formula,,,,,,,,,,,,,,,0.0031742799801903416,0,781,0.0,0.0,,,,,,,,,,,,,,,,,,,,,,,,,,,,,,,,,,,,,,,,,,,,,,,,,,,,,,,,,,,,,,,,,,,,,,,,,,nan,,,,,,,,,,,,,,,
1261,2785.408935546875,0.027833811938762665,2.7833811938762665,9157.423367738724,10000,ppo,ppo,crawler,flat,action_dth_tot_plus_friction_thdot_formula,,,,,,,,,,,,,,,0.003196150503522584,0,781,0.0,0.0,,,,,,,,,,,,,,,,,,,,,,,,,,,,,,,,,,,,,,,,,,,,,,,,,,,,,,,,,,,,,,,,,,,,,,,,,,nan,,,,,,,,,,,,,,,
1262,2772.407470703125,0.02769586071372032,2.769586071372032,9164.755551099777,10000,ppo,ppo,crawler,flat,action_dth_tot_plus_friction_thdot_formula,,,,,,,,,,,,,,,0.002625498913188862,0,781,0.0,0.0,,,,,,,,,,,,,,,,,,,,,,,,,,,,,,,,,,,,,,,,,,,,,,,,,,,,,,,,,,,,,,,,,,,,,,,,,,nan,,,,,,,,,,,,,,,
1263,2681.171630859375,0.026783689856529236,2.6783689856529236,9171.928677082062,10000,ppo,ppo,crawler,flat,action_dth_tot_plus_friction_thdot_formula,,,,,,,,,,,,,,,0.002603723185168813,0,781,0.0,0.0,,,,,,,,,,,,,,,,,,,,,,,,,,,,,,,,,,,,,,,,,,,,,,,,,,,,,,,,,,,,,,,,,,,,,,,,,,nan,,,,,,,,,,,,,,,
1264,2813.90283203125,0.02811138890683651,2.811138890683651,9179.163457393646,10000,ppo,ppo,crawler,flat,action_dth_tot_plus_friction_thdot_formula,,,,,,,,,,,,,,,0.003089349339893517,0,781,0.0,0.0,,,,,,,,,,,,,,,,,,,,,,,,,,,,,,,,,,,,,,,,,,,,,,,,,,,,,,,,,,,,,,,,,,,,,,,,,,nan,,,,,,,,,,,,,,,
1265,2634.15576171875,0.026308074593544006,2.6308074593544006,9186.24836564064,10000,ppo,ppo,crawler,flat,action_dth_tot_plus_friction_thdot_formula,,,,,,,,,,,,,,,0.0028394027648504976,0,781,0.0,0.0,,,,,,,,,,,,,,,,,,,,,,,,,,,,,,,,,,,,,,,,,,,,,,,,,,,,,,,,,,,,,,,,,,,,,,,,,,nan,,,,,,,,,,,,,,,
1266,2753.172607421875,0.027501028031110764,2.7501028031110764,9193.527601480484,10000,ppo,ppo,crawler,flat,action_dth_tot_plus_friction_thdot_formula,,,,,,,,,,,,,,,0.0035750268037769606,0,781,0.0,0.0,,,,,,,,,,,,,,,,,,,,,,,,,,,,,,,,,,,,,,,,,,,,,,,,,,,,,,,,,,,,,,,,,,,,,,,,,,nan,,,,,,,,,,,,,,,
1267,2784.1748046875,0.027815531939268112,2.781553193926811,9200.791055679321,10000,ppo,ppo,crawler,flat,action_dth_tot_plus_friction_thdot_formula,,,,,,,,,,,,,,,0.00377133480184795,0,781,0.0,0.0,,,,,,,,,,,,,,,,,,,,,,,,,,,,,,,,,,,,,,,,,,,,,,,,,,,,,,,,,,,,,,,,,,,,,,,,,,nan,,,,,,,,,,,,,,,
1268,2682.902099609375,0.02679506503045559,2.679506503045559,9208.17260146141,10000,ppo,ppo,crawler,flat,action_dth_tot_plus_friction_thdot_formula,,,,,,,,,,,,,,,0.002954086609920797,0,781,0.0,0.0,,,,,,,,,,,,,,,,,,,,,,,,,,,,,,,,,,,,,,,,,,,,,,,,,,,,,,,,,,,,,,,,,,,,,,,,,,nan,,,,,,,,,,,,,,,
1269,2772.0673828125,0.027694569900631905,2.7694569900631905,9215.35234618187,10000,ppo,ppo,crawler,flat,action_dth_tot_plus_friction_thdot_formula,,,,,,,,,,,,,,,0.003091617454205271,0,781,0.0,0.0,,,,,,,,,,,,,,,,,,,,,,,,,,,,,,,,,,,,,,,,,,,,,,,,,,,,,,,,,,,,,,,,,,,,,,,,,,nan,,,,,,,,,,,,,,,
1270,2703.276123046875,0.027005212381482124,2.7005212381482124,9222.586195468903,10000,ppo,ppo,crawler,flat,action_dth_tot_plus_friction_thdot_formula,,,,,,,,,,,,,,,0.003094629571982093,0,781,0.0,0.0,,,,,,,,,,,,,,,,,,,,,,,,,,,,,,,,,,,,,,,,,,,,,,,,,,,,,,,,,,,,,,,,,,,,,,,,,,nan,,,,,,,,,,,,,,,
1271,2832.02685546875,0.028289442881941795,2.8289442881941795,9229.85562133789,10000,ppo,ppo,crawler,flat,action_dth_tot_plus_friction_thdot_formula,,,,,,,,,,,,,,,0.0021040762495383664,0,781,0.0,0.0,,,,,,,,,,,,,,,,,,,,,,,,,,,,,,,,,,,,,,,,,,,,,,,,,,,,,,,,,,,,,,,,,,,,,,,,,,nan,,,,,,,,,,,,,,,
1272,2829.88623046875,0.02826799266040325,2.826799266040325,9236.992500066757,10000,ppo,ppo,crawler,flat,action_dth_tot_plus_friction_thdot_formula,,,,,,,,,,,,,,,0.002799398393485583,0,781,0.0,0.0,,,,,,,,,,,,,,,,,,,,,,,,,,,,,,,,,,,,,,,,,,,,,,,,,,,,,,,,,,,,,,,,,,,,,,,,,,nan,,,,,,,,,,,,,,,
1273,2728.767333984375,0.027263222262263298,2.72632222622633,9244.228504419327,10000,ppo,ppo,crawler,flat,action_dth_tot_plus_friction_thdot_formula,,,,,,,,,,,,,,,0.0026026601112306372,0,781,0.0,0.0,,,,,,,,,,,,,,,,,,,,,,,,,,,,,,,,,,,,,,,,,,,,,,,,,,,,,,,,,,,,,,,,,,,,,,,,,,nan,,,,,,,,,,,,,,,
1274,2806.981201171875,0.02803763933479786,2.803763933479786,9251.540888786316,10000,ppo,ppo,crawler,flat,action_dth_tot_plus_friction_thdot_formula,,,,,,,,,,,,,,,0.003259359533794489,0,781,0.0,0.0,,,,,,,,,,,,,,,,,,,,,,,,,,,,,,,,,,,,,,,,,,,,,,,,,,,,,,,,,,,,,,,,,,,,,,,,,,nan,,,,,,,,,,,,,,,
1275,2686.845947265625,0.026834268122911453,2.6834268122911453,9259.006462574005,10000,ppo,ppo,crawler,flat,action_dth_tot_plus_friction_thdot_formula,,,,,,,,,,,,,,,0.0029570993208046167,0,781,0.0,0.0,,,,,,,,,,,,,,,,,,,,,,,,,,,,,,,,,,,,,,,,,,,,,,,,,,,,,,,,,,,,,,,,,,,,,,,,,,nan,,,,,,,,,,,,,,,
1276,2846.077880859375,0.028437884524464607,2.8437884524464607,9266.107099294662,10000,ppo,ppo,crawler,flat,action_dth_tot_plus_friction_thdot_formula,,,,,,,,,,,,,,,0.002539927677609737,0,781,0.0,0.0,,,,,,,,,,,,,,,,,,,,,,,,,,,,,,,,,,,,,,,,,,,,,,,,,,,,,,,,,,,,,,,,,,,,,,,,,,nan,,,,,,,,,,,,,,,
1277,2738.749755859375,0.027357304468750954,2.7357304468750954,9273.519798994064,10000,ppo,ppo,crawler,flat,action_dth_tot_plus_friction_thdot_formula,,,,,,,,,,,,,,,0.0024176404676394163,0,781,0.0,0.0,,,,,,,,,,,,,,,,,,,,,,,,,,,,,,,,,,,,,,,,,,,,,,,,,,,,,,,,,,,,,,,,,,,,,,,,,,nan,,,,,,,,,,,,,,,
1278,2600.261962890625,0.02597113512456417,2.597113512456417,9280.692521572113,10000,ppo,ppo,crawler,flat,action_dth_tot_plus_friction_thdot_formula,,,,,,,,,,,,,,,0.0029768186090940374,0,781,0.0,0.0,,,,,,,,,,,,,,,,,,,,,,,,,,,,,,,,,,,,,,,,,,,,,,,,,,,,,,,,,,,,,,,,,,,,,,,,,,nan,,,,,,,,,,,,,,,
1279,2759.071044921875,0.02755807153880596,2.755807153880596,9287.995907783508,10000,ppo,ppo,crawler,flat,action_dth_tot_plus_friction_thdot_formula,,,,,,,,,,,,,,,0.0029672968798545372,0,781,0.0,0.0,,,,,,,,,,,,,,,,,,,,,,,,,,,,,,,,,,,,,,,,,,,,,,,,,,,,,,,,,,,,,,,,,,,,,,,,,,nan,,,,,,,,,,,,,,,
1280,2757.64599609375,0.027546949684619904,2.7546949684619904,9295.094967365265,10000,ppo,ppo,crawler,flat,action_dth_tot_plus_friction_thdot_formula,,,,,,,,,,,,,,,0.0028618903445403678,0,781,0.0,0.0,,,,,,,,,,,,,,,,,,,,,,,,,,,,,,,,,,,,,,,,,,,,,,,,,,,,,,,,,,,,,,,,,,,,,,,,,,nan,,,,,,,,,,,,,,,
1281,2825.192626953125,0.02822047658264637,2.822047658264637,9302.346404790878,10000,ppo,ppo,crawler,flat,action_dth_tot_plus_friction_thdot_formula,,,,,,,,,,,,,,,0.0029688014949358302,0,781,0.0,0.0,,,,,,,,,,,,,,,,,,,,,,,,,,,,,,,,,,,,,,,,,,,,,,,,,,,,,,,,,,,,,,,,,,,,,,,,,,nan,,,,,,,,,,,,,,,
1282,2811.2763671875,0.02808464504778385,2.808464504778385,9309.60689163208,10000,ppo,ppo,crawler,flat,action_dth_tot_plus_friction_thdot_formula,,,,,,,,,,,,,,,0.0025768744130678493,0,781,0.0,0.0,,,,,,,,,,,,,,,,,,,,,,,,,,,,,,,,,,,,,,,,,,,,,,,,,,,,,,,,,,,,,,,,,,,,,,,,,,nan,,,,,,,,,,,,,,,
1283,2866.24267578125,0.028633559122681618,2.8633559122681618,9316.8299908638,10000,ppo,ppo,crawler,flat,action_dth_tot_plus_friction_thdot_formula,,,,,,,,,,,,,,,0.002638823153350023,0,781,0.0,0.0,,,,,,,,,,,,,,,,,,,,,,,,,,,,,,,,,,,,,,,,,,,,,,,,,,,,,,,,,,,,,,,,,,,,,,,,,,nan,,,,,,,,,,,,,,,
1284,2789.194091796875,0.02786571905016899,2.786571905016899,9323.910416841507,10000,ppo,ppo,crawler,flat,action_dth_tot_plus_friction_thdot_formula,,,,,,,,,,,,,,,0.0027784481158324432,0,781,0.0,0.0,,,,,,,,,,,,,,,,,,,,,,,,,,,,,,,,,,,,,,,,,,,,,,,,,,,,,,,,,,,,,,,,,,,,,,,,,,nan,,,,,,,,,,,,,,,
1285,2667.487060546875,0.026642022654414177,2.6642022654414177,9331.351910591125,10000,ppo,ppo,crawler,flat,action_dth_tot_plus_friction_thdot_formula,,,,,,,,,,,,,,,0.0019736205311966094,0,781,0.0,0.0,,,,,,,,,,,,,,,,,,,,,,,,,,,,,,,,,,,,,,,,,,,,,,,,,,,,,,,,,,,,,,,,,,,,,,,,,,nan,,,,,,,,,,,,,,,
1286,2792.989990234375,0.027900706976652145,2.7900706976652145,9338.542256355286,10000,ppo,ppo,crawler,flat,action_dth_tot_plus_friction_thdot_formula,,,,,,,,,,,,,,,0.0028143174177981916,0,781,0.0,0.0,,,,,,,,,,,,,,,,,,,,,,,,,,,,,,,,,,,,,,,,,,,,,,,,,,,,,,,,,,,,,,,,,,,,,,,,,,nan,,,,,,,,,,,,,,,
1287,2812.531494140625,0.02809537574648857,2.809537574648857,9345.772180080414,10000,ppo,ppo,crawler,flat,action_dth_tot_plus_friction_thdot_formula,,,,,,,,,,,,,,,0.0023978882191315765,0,781,0.0,0.0,,,,,,,,,,,,,,,,,,,,,,,,,,,,,,,,,,,,,,,,,,,,,,,,,,,,,,,,,,,,,,,,,,,,,,,,,,nan,,,,,,,,,,,,,,,
1288,2690.959716796875,0.026879454031586647,2.6879454031586647,9352.951211929321,10000,ppo,ppo,crawler,flat,action_dth_tot_plus_friction_thdot_formula,,,,,,,,,,,,,,,0.002589168626559891,0,781,0.0,0.0,,,,,,,,,,,,,,,,,,,,,,,,,,,,,,,,,,,,,,,,,,,,,,,,,,,,,,,,,,,,,,,,,,,,,,,,,,nan,,,,,,,,,,,,,,,
1289,2790.1845703125,0.02787352167069912,2.787352167069912,9360.354380130768,10000,ppo,ppo,crawler,flat,action_dth_tot_plus_friction_thdot_formula,,,,,,,,,,,,,,,0.0024570691156756757,0,781,0.0,0.0,,,,,,,,,,,,,,,,,,,,,,,,,,,,,,,,,,,,,,,,,,,,,,,,,,,,,,,,,,,,,,,,,,,,,,,,,,nan,,,,,,,,,,,,,,,
1290,2683.263671875,0.02680807188153267,2.680807188153267,9367.494660615921,10000,ppo,ppo,crawler,flat,action_dth_tot_plus_friction_thdot_formula,,,,,,,,,,,,,,,0.002945553759266783,0,781,0.0,0.0,,,,,,,,,,,,,,,,,,,,,,,,,,,,,,,,,,,,,,,,,,,,,,,,,,,,,,,,,,,,,,,,,,,,,,,,,,nan,,,,,,,,,,,,,,,
1291,2688.894775390625,0.02685769833624363,2.685769833624363,9374.780708312988,10000,ppo,ppo,crawler,flat,action_dth_tot_plus_friction_thdot_formula,,,,,,,,,,,,,,,0.0036322980821111794,0,781,0.0,0.0,,,,,,,,,,,,,,,,,,,,,,,,,,,,,,,,,,,,,,,,,,,,,,,,,,,,,,,,,,,,,,,,,,,,,,,,,,nan,,,,,,,,,,,,,,,
1292,2792.9609375,0.027896055951714516,2.7896055951714516,9381.887239456177,10000,ppo,ppo,crawler,flat,action_dth_tot_plus_friction_thdot_formula,,,,,,,,,,,,,,,0.0026580063698016746,0,781,0.0,0.0,,,,,,,,,,,,,,,,,,,,,,,,,,,,,,,,,,,,,,,,,,,,,,,,,,,,,,,,,,,,,,,,,,,,,,,,,,nan,,,,,,,,,,,,,,,
1293,2755.7646484375,0.027524804696440697,2.7524804696440697,9389.535185575485,10000,ppo,ppo,crawler,flat,action_dth_tot_plus_friction_thdot_formula,,,,,,,,,,,,,,,0.0032355809429163774,0,781,0.0,0.0,,,,,,,,,,,,,,,,,,,,,,,,,,,,,,,,,,,,,,,,,,,,,,,,,,,,,,,,,,,,,,,,,,,,,,,,,,nan,,,,,,,,,,,,,,,
1294,2699.060302734375,0.02695944719016552,2.695944719016552,9396.685591459274,10000,ppo,ppo,crawler,flat,action_dth_tot_plus_friction_thdot_formula,,,,,,,,,,,,,,,0.003545192449810353,0,781,0.0,0.0,,,,,,,,,,,,,,,,,,,,,,,,,,,,,,,,,,,,,,,,,,,,,,,,,,,,,,,,,,,,,,,,,,,,,,,,,,nan,,,,,,,,,,,,,,,
1295,2727.595458984375,0.027244187891483307,2.7244187891483307,9404.013360500336,10000,ppo,ppo,crawler,flat,action_dth_tot_plus_friction_thdot_formula,,,,,,,,,,,,,,,0.003874712427493743,0,781,0.0,0.0,,,,,,,,,,,,,,,,,,,,,,,,,,,,,,,,,,,,,,,,,,,,,,,,,,,,,,,,,,,,,,,,,,,,,,,,,,nan,,,,,,,,,,,,,,,
1296,2646.192138671875,0.026427358388900757,2.6427358388900757,9411.170583724976,10000,ppo,ppo,crawler,flat,action_dth_tot_plus_friction_thdot_formula,,,,,,,,,,,,,,,0.003828453959677447,0,781,0.0,0.0,,,,,,,,,,,,,,,,,,,,,,,,,,,,,,,,,,,,,,,,,,,,,,,,,,,,,,,,,,,,,,,,,,,,,,,,,,nan,,,,,,,,,,,,,,,
1297,2701.300537109375,0.026983873918652534,2.6983873918652534,9418.497211933136,10000,ppo,ppo,crawler,flat,action_dth_tot_plus_friction_thdot_formula,,,,,,,,,,,,,,,0.0027022512702890833,0,781,0.0,0.0,,,,,,,,,,,,,,,,,,,,,,,,,,,,,,,,,,,,,,,,,,,,,,,,,,,,,,,,,,,,,,,,,,,,,,,,,,nan,,,,,,,,,,,,,,,
1298,2696.651123046875,0.02693520486354828,2.693520486354828,9425.744871377945,10000,ppo,ppo,crawler,flat,action_dth_tot_plus_friction_thdot_formula,,,,,,,,,,,,,,,0.002972349455669849,0,781,0.0,0.0,,,,,,,,,,,,,,,,,,,,,,,,,,,,,,,,,,,,,,,,,,,,,,,,,,,,,,,,,,,,,,,,,,,,,,,,,,nan,,,,,,,,,,,,,,,
1299,2671.94775390625,0.026690175756812096,2.6690175756812096,9432.959386587143,10000,ppo,ppo,crawler,flat,action_dth_tot_plus_friction_thdot_formula,,,,,,,,,,,,,,,0.0024518516148627164,0,781,0.0,0.0,,,,,,,,,,,,,,,,,,,,,,,,,,,,,,,,,,,,,,,,,,,,,,,,,,,,,,,,,,,,,,,,,,,,,,,,,,nan,,,,,,,,,,,,,,,
1300,2672.116943359375,0.02668697200715542,2.668697200715542,9440.488044023514,10000,ppo,ppo,crawler,flat,action_dth_tot_plus_friction_thdot_formula,,,,,,,,,,,,,,,0.003453944064401002,0,781,0.0,0.0,,,,,,,,,,,,,,,,,,,,,,,,,,,,,,,,,,,,,,,,,,,,,,,,,,,,,,,,,,,,,,,,,,,,,,,,,,nan,,,,,,,,,,,,,,,
1301,2673.469482421875,0.02670496702194214,2.670496702194214,9447.694264650345,10000,ppo,ppo,crawler,flat,action_dth_tot_plus_friction_thdot_formula,,,,,,,,,,,,,,,0.003477576129417509,0,781,0.0,0.0,,,,,,,,,,,,,,,,,,,,,,,,,,,,,,,,,,,,,,,,,,,,,,,,,,,,,,,,,,,,,,,,,,,,,,,,,,nan,,,,,,,,,,,,,,,
1302,2730.033203125,0.02727389521896839,2.727389521896839,9454.972461223602,10000,ppo,ppo,crawler,flat,action_dth_tot_plus_friction_thdot_formula,,,,,,,,,,,,,,,0.0029686044769095692,0,781,0.0,0.0,,,,,,,,,,,,,,,,,,,,,,,,,,,,,,,,,,,,,,,,,,,,,,,,,,,,,,,,,,,,,,,,,,,,,,,,,,nan,,,,,,,,,,,,,,,
1303,2603.726318359375,0.026006154716014862,2.600615471601486,9462.032976150513,10000,ppo,ppo,crawler,flat,action_dth_tot_plus_friction_thdot_formula,,,,,,,,,,,,,,,0.0028536563120435364,0,781,0.0,0.0,,,,,,,,,,,,,,,,,,,,,,,,,,,,,,,,,,,,,,,,,,,,,,,,,,,,,,,,,,,,,,,,,,,,,,,,,,nan,,,,,,,,,,,,,,,
1304,2743.705078125,0.027405736967921257,2.7405736967921257,9469.418508052826,10000,ppo,ppo,crawler,flat,action_dth_tot_plus_friction_thdot_formula,,,,,,,,,,,,,,,0.002060901579028532,0,781,0.0,0.0,,,,,,,,,,,,,,,,,,,,,,,,,,,,,,,,,,,,,,,,,,,,,,,,,,,,,,,,,,,,,,,,,,,,,,,,,,nan,,,,,,,,,,,,,,,
1305,2714.330810546875,0.027113286778330803,2.7113286778330803,9476.4274559021,10000,ppo,ppo,crawler,flat,action_dth_tot_plus_friction_thdot_formula,,,,,,,,,,,,,,,0.0027977933450727206,0,781,0.0,0.0,,,,,,,,,,,,,,,,,,,,,,,,,,,,,,,,,,,,,,,,,,,,,,,,,,,,,,,,,,,,,,,,,,,,,,,,,,nan,,,,,,,,,,,,,,,
1306,2721.678466796875,0.0271886195987463,2.71886195987463,9483.650062084198,10000,ppo,ppo,crawler,flat,action_dth_tot_plus_friction_thdot_formula,,,,,,,,,,,,,,,0.0031079469604457033,0,781,0.0,0.0,,,,,,,,,,,,,,,,,,,,,,,,,,,,,,,,,,,,,,,,,,,,,,,,,,,,,,,,,,,,,,,,,,,,,,,,,,nan,,,,,,,,,,,,,,,
1307,2562.50830078125,0.025598403066396713,2.5598403066396713,9490.834984779358,10000,ppo,ppo,crawler,flat,action_dth_tot_plus_friction_thdot_formula,,,,,,,,,,,,,,,0.0038949754062286373,0,781,0.0,0.0,,,,,,,,,,,,,,,,,,,,,,,,,,,,,,,,,,,,,,,,,,,,,,,,,,,,,,,,,,,,,,,,,,,,,,,,,,nan,,,,,,,,,,,,,,,
1308,2564.113037109375,0.025614282116293907,2.5614282116293907,9498.258399248123,10000,ppo,ppo,crawler,flat,action_dth_tot_plus_friction_thdot_formula,,,,,,,,,,,,,,,0.002780028999122468,0,781,0.0,0.0,,,,,,,,,,,,,,,,,,,,,,,,,,,,,,,,,,,,,,,,,,,,,,,,,,,,,,,,,,,,,,,,,,,,,,,,,,nan,,,,,,,,,,,,,,,
1309,2704.3369140625,0.027014540508389473,2.7014540508389473,9505.35611796379,10000,ppo,ppo,crawler,flat,action_dth_tot_plus_friction_thdot_formula,,,,,,,,,,,,,,,0.0026169332097136628,0,781,0.0,0.0,,,,,,,,,,,,,,,,,,,,,,,,,,,,,,,,,,,,,,,,,,,,,,,,,,,,,,,,,,,,,,,,,,,,,,,,,,nan,,,,,,,,,,,,,,,
1310,2651.857177734375,0.026488665491342545,2.6488665491342545,9512.807048797607,10000,ppo,ppo,crawler,flat,action_dth_tot_plus_friction_thdot_formula,,,,,,,,,,,,,,,0.002699819902530794,0,781,0.0,0.0,,,,,,,,,,,,,,,,,,,,,,,,,,,,,,,,,,,,,,,,,,,,,,,,,,,,,,,,,,,,,,,,,,,,,,,,,,nan,,,,,,,,,,,,,,,
1311,2654.568359375,0.026517614722251892,2.651761472225189,9519.979430913925,10000,ppo,ppo,crawler,flat,action_dth_tot_plus_friction_thdot_formula,,,,,,,,,,,,,,,0.0025366352482835398,0,781,0.0,0.0,,,,,,,,,,,,,,,,,,,,,,,,,,,,,,,,,,,,,,,,,,,,,,,,,,,,,,,,,,,,,,,,,,,,,,,,,,nan,,,,,,,,,,,,,,,
1312,2612.73388671875,0.02609684132039547,2.609684132039547,9527.465450525284,10000,ppo,ppo,crawler,flat,action_dth_tot_plus_friction_thdot_formula,,,,,,,,,,,,,,,0.0032361200410308062,0,781,0.0,0.0,,,,,,,,,,,,,,,,,,,,,,,,,,,,,,,,,,,,,,,,,,,,,,,,,,,,,,,,,,,,,,,,,,,,,,,,,,nan,,,,,,,,,,,,,,,
1313,2684.65478515625,0.02681780606508255,2.681780606508255,9534.595077753067,10000,ppo,ppo,crawler,flat,action_dth_tot_plus_friction_thdot_formula,,,,,,,,,,,,,,,0.003588132402213009,0,781,0.0,0.0,,,,,,,,,,,,,,,,,,,,,,,,,,,,,,,,,,,,,,,,,,,,,,,,,,,,,,,,,,,,,,,,,,,,,,,,,,nan,,,,,,,,,,,,,,,
1314,2583.698486328125,0.025809865444898605,2.5809865444898605,9541.810350179672,10000,ppo,ppo,crawler,flat,action_dth_tot_plus_friction_thdot_formula,,,,,,,,,,,,,,,0.00302925977715656,0,781,0.0,0.0,,,,,,,,,,,,,,,,,,,,,,,,,,,,,,,,,,,,,,,,,,,,,,,,,,,,,,,,,,,,,,,,,,,,,,,,,,nan,,,,,,,,,,,,,,,
1315,2656.57666015625,0.026536740362644196,2.6536740362644196,9549.182690620422,10000,ppo,ppo,crawler,flat,action_dth_tot_plus_friction_thdot_formula,,,,,,,,,,,,,,,0.0026485821656347937,0,781,0.0,0.0,,,,,,,,,,,,,,,,,,,,,,,,,,,,,,,,,,,,,,,,,,,,,,,,,,,,,,,,,,,,,,,,,,,,,,,,,,nan,,,,,,,,,,,,,,,
1316,2714.751953125,0.027122728526592255,2.7122728526592255,9556.874314069748,10000,ppo,ppo,crawler,flat,action_dth_tot_plus_friction_thdot_formula,,,,,,,,,,,,,,,0.00304859461506236,0,781,0.0,0.0,,,,,,,,,,,,,,,,,,,,,,,,,,,,,,,,,,,,,,,,,,,,,,,,,,,,,,,,,,,,,,,,,,,,,,,,,,nan,,,,,,,,,,,,,,,
1317,2610.60107421875,0.02607261948287487,2.607261948287487,9564.694967985153,10000,ppo,ppo,crawler,flat,action_dth_tot_plus_friction_thdot_formula,,,,,,,,,,,,,,,0.002910907629249193,0,781,0.0,0.0,,,,,,,,,,,,,,,,,,,,,,,,,,,,,,,,,,,,,,,,,,,,,,,,,,,,,,,,,,,,,,,,,,,,,,,,,,nan,,,,,,,,,,,,,,,
1318,2642.699462890625,0.026399187743663788,2.639918774366379,9572.015438556671,10000,ppo,ppo,crawler,flat,action_dth_tot_plus_friction_thdot_formula,,,,,,,,,,,,,,,0.002751779159940612,0,781,0.0,0.0,,,,,,,,,,,,,,,,,,,,,,,,,,,,,,,,,,,,,,,,,,,,,,,,,,,,,,,,,,,,,,,,,,,,,,,,,,nan,,,,,,,,,,,,,,,
1319,2642.122314453125,0.026394084095954895,2.6394084095954895,9579.334106445312,10000,ppo,ppo,crawler,flat,action_dth_tot_plus_friction_thdot_formula,,,,,,,,,,,,,,,0.0020988010246874274,0,781,0.0,0.0,,,,,,,,,,,,,,,,,,,,,,,,,,,,,,,,,,,,,,,,,,,,,,,,,,,,,,,,,,,,,,,,,,,,,,,,,,nan,,,,,,,,,,,,,,,
1320,2646.904541015625,0.026439324021339417,2.6439324021339417,9586.718123435974,10000,ppo,ppo,crawler,flat,action_dth_tot_plus_friction_thdot_formula,,,,,,,,,,,,,,,0.0032868924447563065,0,781,0.0,0.0,,,,,,,,,,,,,,,,,,,,,,,,,,,,,,,,,,,,,,,,,,,,,,,,,,,,,,,,,,,,,,,,,,,,,,,,,,nan,,,,,,,,,,,,,,,
1321,2684.462646484375,0.0268157497048378,2.68157497048378,9593.955338716507,10000,ppo,ppo,crawler,flat,action_dth_tot_plus_friction_thdot_formula,,,,,,,,,,,,,,,0.002553150365972789,0,781,0.0,0.0,,,,,,,,,,,,,,,,,,,,,,,,,,,,,,,,,,,,,,,,,,,,,,,,,,,,,,,,,,,,,,,,,,,,,,,,,,nan,,,,,,,,,,,,,,,
1322,2723.124755859375,0.02720225229859352,2.720225229859352,9601.154783725739,10000,ppo,ppo,crawler,flat,action_dth_tot_plus_friction_thdot_formula,,,,,,,,,,,,,,,0.0028596251211966844,0,781,0.0,0.0,,,,,,,,,,,,,,,,,,,,,,,,,,,,,,,,,,,,,,,,,,,,,,,,,,,,,,,,,,,,,,,,,,,,,,,,,,nan,,,,,,,,,,,,,,,
1323,2616.08984375,0.026129653677344322,2.612965367734432,9608.381550073624,10000,ppo,ppo,crawler,flat,action_dth_tot_plus_friction_thdot_formula,,,,,,,,,,,,,,,0.002452611434899471,0,781,0.0,0.0,,,,,,,,,,,,,,,,,,,,,,,,,,,,,,,,,,,,,,,,,,,,,,,,,,,,,,,,,,,,,,,,,,,,,,,,,,nan,,,,,,,,,,,,,,,
1324,2784.24658203125,0.02781740389764309,2.781740389764309,9615.751687526703,10000,ppo,ppo,crawler,flat,action_dth_tot_plus_friction_thdot_formula,,,,,,,,,,,,,,,0.002321476748489826,0,781,0.0,0.0,,,,,,,,,,,,,,,,,,,,,,,,,,,,,,,,,,,,,,,,,,,,,,,,,,,,,,,,,,,,,,,,,,,,,,,,,,nan,,,,,,,,,,,,,,,
1325,2584.714599609375,0.02582451142370701,2.582451142370701,9622.882356643677,10000,ppo,ppo,crawler,flat,action_dth_tot_plus_friction_thdot_formula,,,,,,,,,,,,,,,0.002759106918609261,0,781,0.0,0.0,,,,,,,,,,,,,,,,,,,,,,,,,,,,,,,,,,,,,,,,,,,,,,,,,,,,,,,,,,,,,,,,,,,,,,,,,,nan,,,,,,,,,,,,,,,
1326,2822.656982421875,0.02819865010678768,2.819865010678768,9630.264548778534,10000,ppo,ppo,crawler,flat,action_dth_tot_plus_friction_thdot_formula,,,,,,,,,,,,,,,0.0022554264423108295,0,781,0.0,0.0,,,,,,,,,,,,,,,,,,,,,,,,,,,,,,,,,,,,,,,,,,,,,,,,,,,,,,,,,,,,,,,,,,,,,,,,,,nan,,,,,,,,,,,,,,,
1327,2606.06640625,0.026032982394099236,2.6032982394099236,9637.469811916351,10000,ppo,ppo,crawler,flat,action_dth_tot_plus_friction_thdot_formula,,,,,,,,,,,,,,,0.003640563246464922,0,781,0.0,0.0,,,,,,,,,,,,,,,,,,,,,,,,,,,,,,,,,,,,,,,,,,,,,,,,,,,,,,,,,,,,,,,,,,,,,,,,,,nan,,,,,,,,,,,,,,,
1328,2730.89892578125,0.027281463146209717,2.7281463146209717,9644.800217628479,10000,ppo,ppo,crawler,flat,action_dth_tot_plus_friction_thdot_formula,,,,,,,,,,,,,,,0.0030572208158985478,0,781,0.0,0.0,,,,,,,,,,,,,,,,,,,,,,,,,,,,,,,,,,,,,,,,,,,,,,,,,,,,,,,,,,,,,,,,,,,,,,,,,,nan,,,,,,,,,,,,,,,
1329,2689.319091796875,0.02686414122581482,2.686414122581482,9651.944940328598,10000,ppo,ppo,crawler,flat,action_dth_tot_plus_friction_thdot_formula,,,,,,,,,,,,,,,0.002367049254039982,0,781,0.0,0.0,,,,,,,,,,,,,,,,,,,,,,,,,,,,,,,,,,,,,,,,,,,,,,,,,,,,,,,,,,,,,,,,,,,,,,,,,,nan,,,,,,,,,,,,,,,
1330,2760.473388671875,0.027575725689530373,2.7575725689530373,9659.292047023773,10000,ppo,ppo,crawler,flat,action_dth_tot_plus_friction_thdot_formula,,,,,,,,,,,,,,,0.00244353543209042,0,781,0.0,0.0,,,,,,,,,,,,,,,,,,,,,,,,,,,,,,,,,,,,,,,,,,,,,,,,,,,,,,,,,,,,,,,,,,,,,,,,,,nan,,,,,,,,,,,,,,,
1331,2692.020263671875,0.026888635009527206,2.6888635009527206,9666.388267040253,10000,ppo,ppo,crawler,flat,action_dth_tot_plus_friction_thdot_formula,,,,,,,,,,,,,,,0.0030033713745572766,0,781,0.0,0.0,,,,,,,,,,,,,,,,,,,,,,,,,,,,,,,,,,,,,,,,,,,,,,,,,,,,,,,,,,,,,,,,,,,,,,,,,,nan,,,,,,,,,,,,,,,
1332,2648.205078125,0.026452647522091866,2.6452647522091866,9673.586337089539,10000,ppo,ppo,crawler,flat,action_dth_tot_plus_friction_thdot_formula,,,,,,,,,,,,,,,0.002344622357401737,0,781,0.0,0.0,,,,,,,,,,,,,,,,,,,,,,,,,,,,,,,,,,,,,,,,,,,,,,,,,,,,,,,,,,,,,,,,,,,,,,,,,,nan,,,,,,,,,,,,,,,
1333,2545.870849609375,0.02543570101261139,2.543570101261139,9680.930652856827,10000,ppo,ppo,crawler,flat,action_dth_tot_plus_friction_thdot_formula,,,,,,,,,,,,,,,0.0021725725972468676,0,781,0.0,0.0,,,,,,,,,,,,,,,,,,,,,,,,,,,,,,,,,,,,,,,,,,,,,,,,,,,,,,,,,,,,,,,,,,,,,,,,,,nan,,,,,,,,,,,,,,,
1334,2772.489013671875,0.02769673615694046,2.769673615694046,9688.351885795593,10000,ppo,ppo,crawler,flat,action_dth_tot_plus_friction_thdot_formula,,,,,,,,,,,,,,,0.002587326079338405,0,781,0.0,0.0,,,,,,,,,,,,,,,,,,,,,,,,,,,,,,,,,,,,,,,,,,,,,,,,,,,,,,,,,,,,,,,,,,,,,,,,,,nan,,,,,,,,,,,,,,,
1335,2680.221435546875,0.02677232027053833,2.677232027053833,9695.582427501678,10000,ppo,ppo,crawler,flat,action_dth_tot_plus_friction_thdot_formula,,,,,,,,,,,,,,,0.002919908218443806,0,781,0.0,0.0,,,,,,,,,,,,,,,,,,,,,,,,,,,,,,,,,,,,,,,,,,,,,,,,,,,,,,,,,,,,,,,,,,,,,,,,,,nan,,,,,,,,,,,,,,,
1336,2700.267333984375,0.026976238936185837,2.6976238936185837,9702.54014468193,10000,ppo,ppo,crawler,flat,action_dth_tot_plus_friction_thdot_formula,,,,,,,,,,,,,,,0.002883265011677955,0,781,0.0,0.0,,,,,,,,,,,,,,,,,,,,,,,,,,,,,,,,,,,,,,,,,,,,,,,,,,,,,,,,,,,,,,,,,,,,,,,,,,nan,,,,,,,,,,,,,,,
1337,2816.291015625,0.028134148567914963,2.8134148567914963,9709.901272058487,10000,ppo,ppo,crawler,flat,action_dth_tot_plus_friction_thdot_formula,,,,,,,,,,,,,,,0.0028631749334336685,0,781,0.0,0.0,,,,,,,,,,,,,,,,,,,,,,,,,,,,,,,,,,,,,,,,,,,,,,,,,,,,,,,,,,,,,,,,,,,,,,,,,,nan,,,,,,,,,,,,,,,
1338,2674.130126953125,0.026712719351053238,2.671271935105324,9717.112888336182,10000,ppo,ppo,crawler,flat,action_dth_tot_plus_friction_thdot_formula,,,,,,,,,,,,,,,0.003315434189991508,0,781,0.0,0.0,,,,,,,,,,,,,,,,,,,,,,,,,,,,,,,,,,,,,,,,,,,,,,,,,,,,,,,,,,,,,,,,,,,,,,,,,,nan,,,,,,,,,,,,,,,
1339,2802.68310546875,0.02799510397017002,2.799510397017002,9724.378269433975,10000,ppo,ppo,crawler,flat,action_dth_tot_plus_friction_thdot_formula,,,,,,,,,,,,,,,0.0024737795930318226,0,781,0.0,0.0,,,,,,,,,,,,,,,,,,,,,,,,,,,,,,,,,,,,,,,,,,,,,,,,,,,,,,,,,,,,,,,,,,,,,,,,,,nan,,,,,,,,,,,,,,,
1340,2596.128662109375,0.02593339793384075,2.593339793384075,9731.455274105072,10000,ppo,ppo,crawler,flat,action_dth_tot_plus_friction_thdot_formula,,,,,,,,,,,,,,,0.003057379628197444,0,781,0.0,0.0,,,,,,,,,,,,,,,,,,,,,,,,,,,,,,,,,,,,,,,,,,,,,,,,,,,,,,,,,,,,,,,,,,,,,,,,,,nan,,,,,,,,,,,,,,,
1341,2642.721435546875,0.02639397233724594,2.639397233724594,9738.905299425125,10000,ppo,ppo,crawler,flat,action_dth_tot_plus_friction_thdot_formula,,,,,,,,,,,,,,,0.0023482112610765118,0,781,0.0,0.0,,,,,,,,,,,,,,,,,,,,,,,,,,,,,,,,,,,,,,,,,,,,,,,,,,,,,,,,,,,,,,,,,,,,,,,,,,nan,,,,,,,,,,,,,,,
1342,2644.690185546875,0.026417437940835953,2.6417437940835953,9746.022361516953,10000,ppo,ppo,crawler,flat,action_dth_tot_plus_friction_thdot_formula,,,,,,,,,,,,,,,0.0027408685025260586,0,781,0.0,0.0,,,,,,,,,,,,,,,,,,,,,,,,,,,,,,,,,,,,,,,,,,,,,,,,,,,,,,,,,,,,,,,,,,,,,,,,,,nan,,,,,,,,,,,,,,,
1343,2614.0078125,0.02611144632101059,2.611144632101059,9753.33933520317,10000,ppo,ppo,crawler,flat,action_dth_tot_plus_friction_thdot_formula,,,,,,,,,,,,,,,0.0034076428054948186,0,781,0.0,0.0,,,,,,,,,,,,,,,,,,,,,,,,,,,,,,,,,,,,,,,,,,,,,,,,,,,,,,,,,,,,,,,,,,,,,,,,,,nan,,,,,,,,,,,,,,,
1344,2644.145263671875,0.026420406997203827,2.6420406997203827,9760.351806640625,10000,ppo,ppo,crawler,flat,action_dth_tot_plus_friction_thdot_formula,,,,,,,,,,,,,,,0.003091518453221885,0,781,0.0,0.0,,,,,,,,,,,,,,,,,,,,,,,,,,,,,,,,,,,,,,,,,,,,,,,,,,,,,,,,,,,,,,,,,,,,,,,,,,nan,,,,,,,,,,,,,,,
1345,2756.715576171875,0.027538975700736046,2.7538975700736046,9767.694620370865,10000,ppo,ppo,crawler,flat,action_dth_tot_plus_friction_thdot_formula,,,,,,,,,,,,,,,0.002406439465903182,0,781,0.0,0.0,,,,,,,,,,,,,,,,,,,,,,,,,,,,,,,,,,,,,,,,,,,,,,,,,,,,,,,,,,,,,,,,,,,,,,,,,,nan,,,,,,,,,,,,,,,
1346,2723.8203125,0.027206942439079285,2.7206942439079285,9774.765840053558,10000,ppo,ppo,crawler,flat,action_dth_tot_plus_friction_thdot_formula,,,,,,,,,,,,,,,0.0022111999227742278,0,781,0.0,0.0,,,,,,,,,,,,,,,,,,,,,,,,,,,,,,,,,,,,,,,,,,,,,,,,,,,,,,,,,,,,,,,,,,,,,,,,,,nan,,,,,,,,,,,,,,,
1347,2776.416015625,0.02772815153002739,2.772815153002739,9781.960790872574,10000,ppo,ppo,crawler,flat,action_dth_tot_plus_friction_thdot_formula,,,,,,,,,,,,,,,0.00281367642158361,0,781,0.0,0.0,,,,,,,,,,,,,,,,,,,,,,,,,,,,,,,,,,,,,,,,,,,,,,,,,,,,,,,,,,,,,,,,,,,,,,,,,,nan,,,,,,,,,,,,,,,
1348,2812.610107421875,0.02810138463973999,2.810138463973999,9789.10993385315,10000,ppo,ppo,crawler,flat,action_dth_tot_plus_friction_thdot_formula,,,,,,,,,,,,,,,0.0021251742675138467,0,781,0.0,0.0,,,,,,,,,,,,,,,,,,,,,,,,,,,,,,,,,,,,,,,,,,,,,,,,,,,,,,,,,,,,,,,,,,,,,,,,,,nan,,,,,,,,,,,,,,,
1349,2716.876220703125,0.027134381234645844,2.7134381234645844,9796.47148680687,10000,ppo,ppo,crawler,flat,action_dth_tot_plus_friction_thdot_formula,,,,,,,,,,,,,,,0.002198318022415972,0,781,0.0,0.0,,,,,,,,,,,,,,,,,,,,,,,,,,,,,,,,,,,,,,,,,,,,,,,,,,,,,,,,,,,,,,,,,,,,,,,,,,nan,,,,,,,,,,,,,,,
1350,2657.84423828125,0.02654912695288658,2.654912695288658,9803.66726565361,10000,ppo,ppo,crawler,flat,action_dth_tot_plus_friction_thdot_formula,,,,,,,,,,,,,,,0.0021157717676869047,0,781,0.0,0.0,,,,,,,,,,,,,,,,,,,,,,,,,,,,,,,,,,,,,,,,,,,,,,,,,,,,,,,,,,,,,,,,,,,,,,,,,,nan,,,,,,,,,,,,,,,
1351,2769.344970703125,0.027670327574014664,2.7670327574014664,9810.986395597458,10000,ppo,ppo,crawler,flat,action_dth_tot_plus_friction_thdot_formula,,,,,,,,,,,,,,,0.0024183922356039896,0,781,0.0,0.0,,,,,,,,,,,,,,,,,,,,,,,,,,,,,,,,,,,,,,,,,,,,,,,,,,,,,,,,,,,,,,,,,,,,,,,,,,nan,,,,,,,,,,,,,,,
1352,2726.208251953125,0.027231933549046516,2.7231933549046516,9818.217826366425,10000,ppo,ppo,crawler,flat,action_dth_tot_plus_friction_thdot_formula,,,,,,,,,,,,,,,0.002349234883710456,0,781,0.0,0.0,,,,,,,,,,,,,,,,,,,,,,,,,,,,,,,,,,,,,,,,,,,,,,,,,,,,,,,,,,,,,,,,,,,,,,,,,,nan,,,,,,,,,,,,,,,
1353,2821.667724609375,0.0281901266425848,2.81901266425848,9825.814316272736,10000,ppo,ppo,crawler,flat,action_dth_tot_plus_friction_thdot_formula,,,,,,,,,,,,,,,0.0024471543517641044,0,781,0.0,0.0,,,,,,,,,,,,,,,,,,,,,,,,,,,,,,,,,,,,,,,,,,,,,,,,,,,,,,,,,,,,,,,,,,,,,,,,,,nan,,,,,,,,,,,,,,,
1354,2670.33251953125,0.026677239686250687,2.6677239686250687,9832.965171813965,10000,ppo,ppo,crawler,flat,action_dth_tot_plus_friction_thdot_formula,,,,,,,,,,,,,,,0.0021722224070651816,0,781,0.0,0.0,,,,,,,,,,,,,,,,,,,,,,,,,,,,,,,,,,,,,,,,,,,,,,,,,,,,,,,,,,,,,,,,,,,,,,,,,,nan,,,,,,,,,,,,,,,
1355,2663.083251953125,0.026605598628520966,2.6605598628520966,9840.25940656662,10000,ppo,ppo,crawler,flat,action_dth_tot_plus_friction_thdot_formula,,,,,,,,,,,,,,,0.002046058737960848,0,781,0.0,0.0,,,,,,,,,,,,,,,,,,,,,,,,,,,,,,,,,,,,,,,,,,,,,,,,,,,,,,,,,,,,,,,,,,,,,,,,,,nan,,,,,,,,,,,,,,,
1356,2791.636474609375,0.027888908982276917,2.7888908982276917,9847.489474534988,10000,ppo,ppo,crawler,flat,action_dth_tot_plus_friction_thdot_formula,,,,,,,,,,,,,,,0.0029978120059538727,0,781,0.0,0.0,,,,,,,,,,,,,,,,,,,,,,,,,,,,,,,,,,,,,,,,,,,,,,,,,,,,,,,,,,,,,,,,,,,,,,,,,,nan,,,,,,,,,,,,,,,
1357,2883.460693359375,0.028807198628783226,2.8807198628783226,9854.783035993576,10000,ppo,ppo,crawler,flat,action_dth_tot_plus_friction_thdot_formula,,,,,,,,,,,,,,,0.0025184116430688533,0,781,0.0,0.0,,,,,,,,,,,,,,,,,,,,,,,,,,,,,,,,,,,,,,,,,,,,,,,,,,,,,,,,,,,,,,,,,,,,,,,,,,nan,,,,,,,,,,,,,,,
1358,2704.2353515625,0.02701481245458126,2.701481245458126,9861.901031017303,10000,ppo,ppo,crawler,flat,action_dth_tot_plus_friction_thdot_formula,,,,,,,,,,,,,,,0.0034107910205339407,0,781,0.0,0.0,,,,,,,,,,,,,,,,,,,,,,,,,,,,,,,,,,,,,,,,,,,,,,,,,,,,,,,,,,,,,,,,,,,,,,,,,,nan,,,,,,,,,,,,,,,
1359,2635.878173828125,0.026330290362238884,2.6330290362238884,9869.172494411469,10000,ppo,ppo,crawler,flat,action_dth_tot_plus_friction_thdot_formula,,,,,,,,,,,,,,,0.0022314476350408226,0,781,0.0,0.0,,,,,,,,,,,,,,,,,,,,,,,,,,,,,,,,,,,,,,,,,,,,,,,,,,,,,,,,,,,,,,,,,,,,,,,,,,nan,,,,,,,,,,,,,,,
1360,2777.340576171875,0.027744930237531662,2.774493023753166,9876.478927612305,10000,ppo,ppo,crawler,flat,action_dth_tot_plus_friction_thdot_formula,,,,,,,,,,,,,,,0.0039018311540187168,0,781,0.0,0.0,,,,,,,,,,,,,,,,,,,,,,,,,,,,,,,,,,,,,,,,,,,,,,,,,,,,,,,,,,,,,,,,,,,,,,,,,,nan,,,,,,,,,,,,,,,
1361,2732.205810546875,0.027292242273688316,2.7292242273688316,9883.58261680603,10000,ppo,ppo,crawler,flat,action_dth_tot_plus_friction_thdot_formula,,,,,,,,,,,,,,,0.0025685520709039724,0,781,0.0,0.0,,,,,,,,,,,,,,,,,,,,,,,,,,,,,,,,,,,,,,,,,,,,,,,,,,,,,,,,,,,,,,,,,,,,,,,,,,nan,,,,,,,,,,,,,,,
1362,2799.458251953125,0.027968255802989006,2.7968255802989006,9890.852140903473,10000,ppo,ppo,crawler,flat,action_dth_tot_plus_friction_thdot_formula,,,,,,,,,,,,,,,0.0029934953270502693,0,781,0.0,0.0,,,,,,,,,,,,,,,,,,,,,,,,,,,,,,,,,,,,,,,,,,,,,,,,,,,,,,,,,,,,,,,,,,,,,,,,,,nan,,,,,,,,,,,,,,,
1363,2669.12744140625,0.02666650339961052,2.666650339961052,9897.867434978485,10000,ppo,ppo,crawler,flat,action_dth_tot_plus_friction_thdot_formula,,,,,,,,,,,,,,,0.002622777277948967,0,781,0.0,0.0,,,,,,,,,,,,,,,,,,,,,,,,,,,,,,,,,,,,,,,,,,,,,,,,,,,,,,,,,,,,,,,,,,,,,,,,,,nan,,,,,,,,,,,,,,,
1364,2712.0625,0.02708752639591694,2.708752639591694,9905.129529714584,10000,ppo,ppo,crawler,flat,action_dth_tot_plus_friction_thdot_formula,,,,,,,,,,,,,,,0.00318960140930416,0,781,0.0,0.0,,,,,,,,,,,,,,,,,,,,,,,,,,,,,,,,,,,,,,,,,,,,,,,,,,,,,,,,,,,,,,,,,,,,,,,,,,nan,,,,,,,,,,,,,,,
1365,2628.53271484375,0.02625894732773304,2.625894732773304,9912.346289634705,10000,ppo,ppo,crawler,flat,action_dth_tot_plus_friction_thdot_formula,,,,,,,,,,,,,,,0.002146292361132705,0,781,0.0,0.0,,,,,,,,,,,,,,,,,,,,,,,,,,,,,,,,,,,,,,,,,,,,,,,,,,,,,,,,,,,,,,,,,,,,,,,,,,nan,,,,,,,,,,,,,,,
1366,2544.667724609375,0.025417817756533623,2.5417817756533623,9919.543049812317,10000,ppo,ppo,crawler,flat,action_dth_tot_plus_friction_thdot_formula,,,,,,,,,,,,,,,0.003954114611330651,0,781,0.0,0.0,,,,,,,,,,,,,,,,,,,,,,,,,,,,,,,,,,,,,,,,,,,,,,,,,,,,,,,,,,,,,,,,,,,,,,,,,,nan,,,,,,,,,,,,,,,
1367,2774.096435546875,0.02770806849002838,2.770806849002838,9926.622283220291,10000,ppo,ppo,crawler,flat,action_dth_tot_plus_friction_thdot_formula,,,,,,,,,,,,,,,0.0026465088088648506,0,781,0.0,0.0,,,,,,,,,,,,,,,,,,,,,,,,,,,,,,,,,,,,,,,,,,,,,,,,,,,,,,,,,,,,,,,,,,,,,,,,,,nan,,,,,,,,,,,,,,,
1368,2868.609130859375,0.028657063841819763,2.8657063841819763,9933.938190937042,10000,ppo,ppo,crawler,flat,action_dth_tot_plus_friction_thdot_formula,,,,,,,,,,,,,,,0.003450072128881692,0,781,0.0,0.0,,,,,,,,,,,,,,,,,,,,,,,,,,,,,,,,,,,,,,,,,,,,,,,,,,,,,,,,,,,,,,,,,,,,,,,,,,nan,,,,,,,,,,,,,,,
1369,2563.544677734375,0.025608312338590622,2.560831233859062,9940.994904994965,10000,ppo,ppo,crawler,flat,action_dth_tot_plus_friction_thdot_formula,,,,,,,,,,,,,,,0.00282773710570415,0,781,0.0,0.0,,,,,,,,,,,,,,,,,,,,,,,,,,,,,,,,,,,,,,,,,,,,,,,,,,,,,,,,,,,,,,,,,,,,,,,,,,nan,,,,,,,,,,,,,,,
1370,2698.0,0.026948632672429085,2.6948632672429085,9948.359795570374,10000,ppo,ppo,crawler,flat,action_dth_tot_plus_friction_thdot_formula,,,,,,,,,,,,,,,0.002665026099714731,0,781,0.0,0.0,,,,,,,,,,,,,,,,,,,,,,,,,,,,,,,,,,,,,,,,,,,,,,,,,,,,,,,,,,,,,,,,,,,,,,,,,,nan,,,,,,,,,,,,,,,
1371,2654.130615234375,0.02651502937078476,2.651502937078476,9955.507841825485,10000,ppo,ppo,crawler,flat,action_dth_tot_plus_friction_thdot_formula,,,,,,,,,,,,,,,0.002147455088337812,0,781,0.0,0.0,,,,,,,,,,,,,,,,,,,,,,,,,,,,,,,,,,,,,,,,,,,,,,,,,,,,,,,,,,,,,,,,,,,,,,,,,,nan,,,,,,,,,,,,,,,
1372,2721.646728515625,0.02718450501561165,2.718450501561165,9962.63708782196,10000,ppo,ppo,crawler,flat,action_dth_tot_plus_friction_thdot_formula,,,,,,,,,,,,,,,0.002962139589500658,0,781,0.0,0.0,,,,,,,,,,,,,,,,,,,,,,,,,,,,,,,,,,,,,,,,,,,,,,,,,,,,,,,,,,,,,,,,,,,,,,,,,,nan,,,,,,,,,,,,,,,
1373,2746.157470703125,0.027429040521383286,2.7429040521383286,9969.963187932968,10000,ppo,ppo,crawler,flat,action_dth_tot_plus_friction_thdot_formula,,,,,,,,,,,,,,,0.00247794511286326,0,781,0.0,0.0,,,,,,,,,,,,,,,,,,,,,,,,,,,,,,,,,,,,,,,,,,,,,,,,,,,,,,,,,,,,,,,,,,,,,,,,,,nan,,,,,,,,,,,,,,,
1374,2624.864990234375,0.026220565661787987,2.6220565661787987,9977.374548196793,10000,ppo,ppo,crawler,flat,action_dth_tot_plus_friction_thdot_formula,,,,,,,,,,,,,,,0.002245279231732389,0,781,0.0,0.0,,,,,,,,,,,,,,,,,,,,,,,,,,,,,,,,,,,,,,,,,,,,,,,,,,,,,,,,,,,,,,,,,,,,,,,,,,nan,,,,,,,,,,,,,,,
1375,2776.718017578125,0.027739567682147026,2.7739567682147026,9984.526187896729,10000,ppo,ppo,crawler,flat,action_dth_tot_plus_friction_thdot_formula,,,,,,,,,,,,,,,0.002501599860197844,0,781,0.0,0.0,,,,,,,,,,,,,,,,,,,,,,,,,,,,,,,,,,,,,,,,,,,,,,,,,,,,,,,,,,,,,,,,,,,,,,,,,,nan,,,,,,,,,,,,,,,
1376,2636.02392578125,0.026332585141062737,2.6332585141062737,9991.717956066132,10000,ppo,ppo,crawler,flat,action_dth_tot_plus_friction_thdot_formula,,,,,,,,,,,,,,,0.0021283547507635367,0,781,0.0,0.0,,,,,,,,,,,,,,,,,,,,,,,,,,,,,,,,,,,,,,,,,,,,,,,,,,,,,,,,,,,,,,,,,,,,,,,,,,nan,,,,,,,,,,,,,,,
1377,2740.648193359375,0.027372553944587708,2.7372553944587708,9998.786035060883,10000,ppo,ppo,crawler,flat,action_dth_tot_plus_friction_thdot_formula,,,,,,,,,,,,,,,0.00313873635414927,0,781,0.0,0.0,,,,,,,,,,,,,,,,,,,,,,,,,,,,,,,,,,,,,,,,,,,,,,,,,,,,,,,,,,,,,,,,,,,,,,,,,,nan,,,,,,,,,,,,,,,
1378,2678.74267578125,0.02676214464008808,2.676214464008808,10006.165342330933,10000,ppo,ppo,crawler,flat,action_dth_tot_plus_friction_thdot_formula,,,,,,,,,,,,,,,0.0034866106160409585,0,781,0.0,0.0,,,,,,,,,,,,,,,,,,,,,,,,,,,,,,,,,,,,,,,,,,,,,,,,,,,,,,,,,,,,,,,,,,,,,,,,,,nan,,,,,,,,,,,,,,,
1379,2810.3271484375,0.02806910313665867,2.806910313665867,10013.319843053818,10000,ppo,ppo,crawler,flat,action_dth_tot_plus_friction_thdot_formula,,,,,,,,,,,,,,,0.002440037836895173,0,781,0.0,0.0,,,,,,,,,,,,,,,,,,,,,,,,,,,,,,,,,,,,,,,,,,,,,,,,,,,,,,,,,,,,,,,,,,,,,,,,,,nan,,,,,,,,,,,,,,,
1380,2736.869140625,0.027341647073626518,2.734164707362652,10020.447187900543,10000,ppo,ppo,crawler,flat,action_dth_tot_plus_friction_thdot_formula,,,,,,,,,,,,,,,0.002468130370283323,0,781,0.0,0.0,,,,,,,,,,,,,,,,,,,,,,,,,,,,,,,,,,,,,,,,,,,,,,,,,,,,,,,,,,,,,,,,,,,,,,,,,,nan,,,,,,,,,,,,,,,
1381,2742.050537109375,0.027389919385313988,2.7389919385313988,10027.517128705978,10000,ppo,ppo,crawler,flat,action_dth_tot_plus_friction_thdot_formula,,,,,,,,,,,,,,,0.0032169799172905573,0,781,0.0,0.0,,,,,,,,,,,,,,,,,,,,,,,,,,,,,,,,,,,,,,,,,,,,,,,,,,,,,,,,,,,,,,,,,,,,,,,,,,nan,,,,,,,,,,,,,,,
1382,2688.29736328125,0.026853246614336967,2.6853246614336967,10034.653275489807,10000,ppo,ppo,crawler,flat,action_dth_tot_plus_friction_thdot_formula,,,,,,,,,,,,,,,0.003650340448569199,0,781,0.0,0.0,,,,,,,,,,,,,,,,,,,,,,,,,,,,,,,,,,,,,,,,,,,,,,,,,,,,,,,,,,,,,,,,,,,,,,,,,,nan,,,,,,,,,,,,,,,
1383,2753.710205078125,0.027504947036504745,2.7504947036504745,10041.965425252914,10000,ppo,ppo,crawler,flat,action_dth_tot_plus_friction_thdot_formula,,,,,,,,,,,,,,,0.0022707555437309693,0,781,0.0,0.0,,,,,,,,,,,,,,,,,,,,,,,,,,,,,,,,,,,,,,,,,,,,,,,,,,,,,,,,,,,,,,,,,,,,,,,,,,nan,,,,,,,,,,,,,,,
1384,2716.772216796875,0.02713838964700699,2.713838964700699,10049.042454719543,10000,ppo,ppo,crawler,flat,action_dth_tot_plus_friction_thdot_formula,,,,,,,,,,,,,,,0.0026732063523574796,0,781,0.0,0.0,,,,,,,,,,,,,,,,,,,,,,,,,,,,,,,,,,,,,,,,,,,,,,,,,,,,,,,,,,,,,,,,,,,,,,,,,,nan,,,,,,,,,,,,,,,
1385,2729.191650390625,0.027261676266789436,2.7261676266789436,10056.18000793457,10000,ppo,ppo,crawler,flat,action_dth_tot_plus_friction_thdot_formula,,,,,,,,,,,,,,,0.0021764073959058662,0,781,0.0,0.0,,,,,,,,,,,,,,,,,,,,,,,,,,,,,,,,,,,,,,,,,,,,,,,,,,,,,,,,,,,,,,,,,,,,,,,,,,nan,,,,,,,,,,,,,,,
1386,2685.99267578125,0.026831340044736862,2.683134004473686,10063.3608751297,10000,ppo,ppo,crawler,flat,action_dth_tot_plus_friction_thdot_formula,,,,,,,,,,,,,,,0.0029650227452608043,0,781,0.0,0.0,,,,,,,,,,,,,,,,,,,,,,,,,,,,,,,,,,,,,,,,,,,,,,,,,,,,,,,,,,,,,,,,,,,,,,,,,,nan,,,,,,,,,,,,,,,
1387,2680.0595703125,0.026769084855914116,2.6769084855914116,10070.730742931366,10000,ppo,ppo,crawler,flat,action_dth_tot_plus_friction_thdot_formula,,,,,,,,,,,,,,,0.003124100481785736,0,781,0.0,0.0,,,,,,,,,,,,,,,,,,,,,,,,,,,,,,,,,,,,,,,,,,,,,,,,,,,,,,,,,,,,,,,,,,,,,,,,,,nan,,,,,,,,,,,,,,,
1388,2659.359130859375,0.026566460728645325,2.6566460728645325,10077.75224661827,10000,ppo,ppo,crawler,flat,action_dth_tot_plus_friction_thdot_formula,,,,,,,,,,,,,,,0.0030535476251085563,0,781,0.0,0.0,,,,,,,,,,,,,,,,,,,,,,,,,,,,,,,,,,,,,,,,,,,,,,,,,,,,,,,,,,,,,,,,,,,,,,,,,,nan,,,,,,,,,,,,,,,
1389,2708.616943359375,0.027062194421887398,2.7062194421887398,10084.974425077438,10000,ppo,ppo,crawler,flat,action_dth_tot_plus_friction_thdot_formula,,,,,,,,,,,,,,,0.002475724048005052,0,781,0.0,0.0,,,,,,,,,,,,,,,,,,,,,,,,,,,,,,,,,,,,,,,,,,,,,,,,,,,,,,,,,,,,,,,,,,,,,,,,,,nan,,,,,,,,,,,,,,,
1390,2704.2431640625,0.027014056220650673,2.7014056220650673,10092.121989011765,10000,ppo,ppo,crawler,flat,action_dth_tot_plus_friction_thdot_formula,,,,,,,,,,,,,,,0.002484372520240062,0,781,0.0,0.0,,,,,,,,,,,,,,,,,,,,,,,,,,,,,,,,,,,,,,,,,,,,,,,,,,,,,,,,,,,,,,,,,,,,,,,,,,nan,,,,,,,,,,,,,,,
1391,2691.860595703125,0.026888763532042503,2.6888763532042503,10099.418262958527,10000,ppo,ppo,crawler,flat,action_dth_tot_plus_friction_thdot_formula,,,,,,,,,,,,,,,0.002561519818033763,0,781,0.0,0.0,,,,,,,,,,,,,,,,,,,,,,,,,,,,,,,,,,,,,,,,,,,,,,,,,,,,,,,,,,,,,,,,,,,,,,,,,,nan,,,,,,,,,,,,,,,
1392,2763.8857421875,0.02761128731071949,2.761128731071949,10106.492217063904,10000,ppo,ppo,crawler,flat,action_dth_tot_plus_friction_thdot_formula,,,,,,,,,,,,,,,0.0030370140365857355,0,781,0.0,0.0,,,,,,,,,,,,,,,,,,,,,,,,,,,,,,,,,,,,,,,,,,,,,,,,,,,,,,,,,,,,,,,,,,,,,,,,,,nan,,,,,,,,,,,,,,,
1393,2829.181396484375,0.028261998668313026,2.8261998668313026,10113.735531568527,10000,ppo,ppo,crawler,flat,action_dth_tot_plus_friction_thdot_formula,,,,,,,,,,,,,,,0.0026361583897151725,0,781,0.0,0.0,,,,,,,,,,,,,,,,,,,,,,,,,,,,,,,,,,,,,,,,,,,,,,,,,,,,,,,,,,,,,,,,,,,,,,,,,,nan,,,,,,,,,,,,,,,
1394,2712.695068359375,0.027097931131720543,2.7097931131720543,10120.954765319824,10000,ppo,ppo,crawler,flat,action_dth_tot_plus_friction_thdot_formula,,,,,,,,,,,,,,,0.002909898302297522,0,781,0.0,0.0,,,,,,,,,,,,,,,,,,,,,,,,,,,,,,,,,,,,,,,,,,,,,,,,,,,,,,,,,,,,,,,,,,,,,,,,,,nan,,,,,,,,,,,,,,,
1395,2688.8134765625,0.026862572878599167,2.6862572878599167,10128.188776254654,10000,ppo,ppo,crawler,flat,action_dth_tot_plus_friction_thdot_formula,,,,,,,,,,,,,,,0.0019028176611009748,0,781,0.0,0.0,,,,,,,,,,,,,,,,,,,,,,,,,,,,,,,,,,,,,,,,,,,,,,,,,,,,,,,,,,,,,,,,,,,,,,,,,,nan,,,,,,,,,,,,,,,
1396,2717.508544921875,0.027147624641656876,2.7147624641656876,10135.325959920883,10000,ppo,ppo,crawler,flat,action_dth_tot_plus_friction_thdot_formula,,,,,,,,,,,,,,,0.0021281167885295153,0,781,0.0,0.0,,,,,,,,,,,,,,,,,,,,,,,,,,,,,,,,,,,,,,,,,,,,,,,,,,,,,,,,,,,,,,,,,,,,,,,,,,nan,,,,,,,,,,,,,,,
1397,2669.296875,0.026664787903428078,2.6664787903428078,10142.518451690674,10000,ppo,ppo,crawler,flat,action_dth_tot_plus_friction_thdot_formula,,,,,,,,,,,,,,,0.0022884814236963005,0,781,0.0,0.0,,,,,,,,,,,,,,,,,,,,,,,,,,,,,,,,,,,,,,,,,,,,,,,,,,,,,,,,,,,,,,,,,,,,,,,,,,nan,,,,,,,,,,,,,,,
1398,2852.245849609375,0.028492778539657593,2.8492778539657593,10149.69806265831,10000,ppo,ppo,crawler,flat,action_dth_tot_plus_friction_thdot_formula,,,,,,,,,,,,,,,0.002133158740850473,0,781,0.0,0.0,,,,,,,,,,,,,,,,,,,,,,,,,,,,,,,,,,,,,,,,,,,,,,,,,,,,,,,,,,,,,,,,,,,,,,,,,,nan,,,,,,,,,,,,,,,
1399,2697.431640625,0.026943208649754524,2.6943208649754524,10156.830390453339,10000,ppo,ppo,crawler,flat,action_dth_tot_plus_friction_thdot_formula,,,,,,,,,,,,,,,0.003014923184661424,0,781,0.0,0.0,,,,,,,,,,,,,,,,,,,,,,,,,,,,,,,,,,,,,,,,,,,,,,,,,,,,,,,,,,,,,,,,,,,,,,,,,,nan,,,,,,,,,,,,,,,
1400,2693.369140625,0.026905205100774765,2.6905205100774765,10164.071090698242,10000,ppo,ppo,crawler,flat,action_dth_tot_plus_friction_thdot_formula,,,,,,,,,,,,,,,0.0026817483517502898,0,781,0.0,0.0,,,,,,,,,,,,,,,,,,,,,,,,,,,,,,,,,,,,,,,,,,,,,,,,,,,,,,,,,,,,,,,,,,,,,,,,,,nan,,,,,,,,,,,,,,,
1401,2807.005859375,0.02803993411362171,2.803993411362171,10171.46131014824,10000,ppo,ppo,crawler,flat,action_dth_tot_plus_friction_thdot_formula,,,,,,,,,,,,,,,0.0026492143080989556,0,781,0.0,0.0,,,,,,,,,,,,,,,,,,,,,,,,,,,,,,,,,,,,,,,,,,,,,,,,,,,,,,,,,,,,,,,,,,,,,,,,,,nan,,,,,,,,,,,,,,,
1402,2831.572509765625,0.028288615867495537,2.8288615867495537,10178.546157836914,10000,ppo,ppo,crawler,flat,action_dth_tot_plus_friction_thdot_formula,,,,,,,,,,,,,,,0.002695686489888604,0,781,0.0,0.0,,,,,,,,,,,,,,,,,,,,,,,,,,,,,,,,,,,,,,,,,,,,,,,,,,,,,,,,,,,,,,,,,,,,,,,,,,nan,,,,,,,,,,,,,,,
1403,2689.112548828125,0.02686237171292305,2.686237171292305,10185.721227169037,10000,ppo,ppo,crawler,flat,action_dth_tot_plus_friction_thdot_formula,,,,,,,,,,,,,,,0.0019012647047436171,0,781,0.0,0.0,,,,,,,,,,,,,,,,,,,,,,,,,,,,,,,,,,,,,,,,,,,,,,,,,,,,,,,,,,,,,,,,,,,,,,,,,,nan,,,,,,,,,,,,,,,
1404,2668.237060546875,0.02665511704981327,2.665511704981327,10192.916453123093,10000,ppo,ppo,crawler,flat,action_dth_tot_plus_friction_thdot_formula,,,,,,,,,,,,,,,0.0030023580191659333,0,781,0.0,0.0,,,,,,,,,,,,,,,,,,,,,,,,,,,,,,,,,,,,,,,,,,,,,,,,,,,,,,,,,,,,,,,,,,,,,,,,,,nan,,,,,,,,,,,,,,,
1405,2690.6416015625,0.026878854259848595,2.6878854259848595,10200.156971216202,10000,ppo,ppo,crawler,flat,action_dth_tot_plus_friction_thdot_formula,,,,,,,,,,,,,,,0.0018868964309962145,0,781,0.0,0.0,,,,,,,,,,,,,,,,,,,,,,,,,,,,,,,,,,,,,,,,,,,,,,,,,,,,,,,,,,,,,,,,,,,,,,,,,,nan,,,,,,,,,,,,,,,
1406,2719.698974609375,0.027168193832039833,2.7168193832039833,10207.383905887604,10000,ppo,ppo,crawler,flat,action_dth_tot_plus_friction_thdot_formula,,,,,,,,,,,,,,,0.0023867558608476726,0,781,0.0,0.0,,,,,,,,,,,,,,,,,,,,,,,,,,,,,,,,,,,,,,,,,,,,,,,,,,,,,,,,,,,,,,,,,,,,,,,,,,nan,,,,,,,,,,,,,,,
1407,2684.7939453125,0.026822853833436966,2.6822853833436966,10214.517469406128,10000,ppo,ppo,crawler,flat,action_dth_tot_plus_friction_thdot_formula,,,,,,,,,,,,,,,0.0020597884452349664,0,781,0.0,0.0,,,,,,,,,,,,,,,,,,,,,,,,,,,,,,,,,,,,,,,,,,,,,,,,,,,,,,,,,,,,,,,,,,,,,,,,,,nan,,,,,,,,,,,,,,,
1408,2721.668701171875,0.027189403772354126,2.7189403772354126,10221.720439195633,10000,ppo,ppo,crawler,flat,action_dth_tot_plus_friction_thdot_formula,,,,,,,,,,,,,,,0.003314236274280343,0,781,0.0,0.0,,,,,,,,,,,,,,,,,,,,,,,,,,,,,,,,,,,,,,,,,,,,,,,,,,,,,,,,,,,,,,,,,,,,,,,,,,nan,,,,,,,,,,,,,,,
1409,2778.24560546875,0.027754180133342743,2.7754180133342743,10229.039027690887,10000,ppo,ppo,crawler,flat,action_dth_tot_plus_friction_thdot_formula,,,,,,,,,,,,,,,0.0024657586555022902,0,781,0.0,0.0,,,,,,,,,,,,,,,,,,,,,,,,,,,,,,,,,,,,,,,,,,,,,,,,,,,,,,,,,,,,,,,,,,,,,,,,,,nan,,,,,,,,,,,,,,,
1410,2789.486083984375,0.02786600962281227,2.786600962281227,10236.252014875412,10000,ppo,ppo,crawler,flat,action_dth_tot_plus_friction_thdot_formula,,,,,,,,,,,,,,,0.0026430860809816665,0,781,0.0,0.0,,,,,,,,,,,,,,,,,,,,,,,,,,,,,,,,,,,,,,,,,,,,,,,,,,,,,,,,,,,,,,,,,,,,,,,,,,nan,,,,,,,,,,,,,,,
1411,2734.008544921875,0.027307970449328423,2.7307970449328423,10243.376218557358,10000,ppo,ppo,crawler,flat,action_dth_tot_plus_friction_thdot_formula,,,,,,,,,,,,,,,0.0027376722326283385,0,781,0.0,0.0,,,,,,,,,,,,,,,,,,,,,,,,,,,,,,,,,,,,,,,,,,,,,,,,,,,,,,,,,,,,,,,,,,,,,,,,,,nan,,,,,,,,,,,,,,,
1412,2760.105224609375,0.027569295838475227,2.7569295838475227,10250.876366853714,10000,ppo,ppo,crawler,flat,action_dth_tot_plus_friction_thdot_formula,,,,,,,,,,,,,,,0.00281255674512971,0,781,0.0,0.0,,,,,,,,,,,,,,,,,,,,,,,,,,,,,,,,,,,,,,,,,,,,,,,,,,,,,,,,,,,,,,,,,,,,,,,,,,nan,,,,,,,,,,,,,,,
1413,2772.930419921875,0.02769802138209343,2.769802138209343,10257.994098424911,10000,ppo,ppo,crawler,flat,action_dth_tot_plus_friction_thdot_formula,,,,,,,,,,,,,,,0.003201512372526358,0,781,0.0,0.0,,,,,,,,,,,,,,,,,,,,,,,,,,,,,,,,,,,,,,,,,,,,,,,,,,,,,,,,,,,,,,,,,,,,,,,,,,nan,,,,,,,,,,,,,,,
1414,2742.998291015625,0.027397729456424713,2.7397729456424713,10265.22183227539,10000,ppo,ppo,crawler,flat,action_dth_tot_plus_friction_thdot_formula,,,,,,,,,,,,,,,0.002857585825969879,0,781,0.0,0.0,,,,,,,,,,,,,,,,,,,,,,,,,,,,,,,,,,,,,,,,,,,,,,,,,,,,,,,,,,,,,,,,,,,,,,,,,,nan,,,,,,,,,,,,,,,
1415,2597.395751953125,0.025946544483304024,2.5946544483304024,10272.40568614006,10000,ppo,ppo,crawler,flat,action_dth_tot_plus_friction_thdot_formula,,,,,,,,,,,,,,,0.003936478597807809,0,781,0.0,0.0,,,,,,,,,,,,,,,,,,,,,,,,,,,,,,,,,,,,,,,,,,,,,,,,,,,,,,,,,,,,,,,,,,,,,,,,,,nan,,,,,,,,,,,,,,,
1416,2606.211181640625,0.026035157963633537,2.6035157963633537,10279.780717372894,10000,ppo,ppo,crawler,flat,action_dth_tot_plus_friction_thdot_formula,,,,,,,,,,,,,,,0.0028014517133303045,0,781,0.0,0.0,,,,,,,,,,,,,,,,,,,,,,,,,,,,,,,,,,,,,,,,,,,,,,,,,,,,,,,,,,,,,,,,,,,,,,,,,,nan,,,,,,,,,,,,,,,
1417,2673.420654296875,0.0267092976719141,2.67092976719141,10287.048350811005,10000,ppo,ppo,crawler,flat,action_dth_tot_plus_friction_thdot_formula,,,,,,,,,,,,,,,0.002896703050536534,0,781,0.0,0.0,,,,,,,,,,,,,,,,,,,,,,,,,,,,,,,,,,,,,,,,,,,,,,,,,,,,,,,,,,,,,,,,,,,,,,,,,,nan,,,,,,,,,,,,,,,
1418,2691.234130859375,0.0268864743411541,2.68864743411541,10294.366041898727,10000,ppo,ppo,crawler,flat,action_dth_tot_plus_friction_thdot_formula,,,,,,,,,,,,,,,0.0023223502427222095,0,781,0.0,0.0,,,,,,,,,,,,,,,,,,,,,,,,,,,,,,,,,,,,,,,,,,,,,,,,,,,,,,,,,,,,,,,,,,,,,,,,,,nan,,,,,,,,,,,,,,,
1419,2566.433837890625,0.025635069236159325,2.5635069236159325,10301.494370937347,10000,ppo,ppo,crawler,flat,action_dth_tot_plus_friction_thdot_formula,,,,,,,,,,,,,,,0.0023415597244305954,0,781,0.0,0.0,,,,,,,,,,,,,,,,,,,,,,,,,,,,,,,,,,,,,,,,,,,,,,,,,,,,,,,,,,,,,,,,,,,,,,,,,,nan,,,,,,,,,,,,,,,
1420,2724.372802734375,0.027215490117669106,2.7215490117669106,10308.986870765686,10000,ppo,ppo,crawler,flat,action_dth_tot_plus_friction_thdot_formula,,,,,,,,,,,,,,,0.002780676275056759,0,781,0.0,0.0,,,,,,,,,,,,,,,,,,,,,,,,,,,,,,,,,,,,,,,,,,,,,,,,,,,,,,,,,,,,,,,,,,,,,,,,,,nan,,,,,,,,,,,,,,,
1421,2687.06298828125,0.02684207633137703,2.684207633137703,10316.078603982925,10000,ppo,ppo,crawler,flat,action_dth_tot_plus_friction_thdot_formula,,,,,,,,,,,,,,,0.002622646558485751,0,781,0.0,0.0,,,,,,,,,,,,,,,,,,,,,,,,,,,,,,,,,,,,,,,,,,,,,,,,,,,,,,,,,,,,,,,,,,,,,,,,,,nan,,,,,,,,,,,,,,,
1422,2733.783203125,0.027310112491250038,2.731011249125004,10323.370401859283,10000,ppo,ppo,crawler,flat,action_dth_tot_plus_friction_thdot_formula,,,,,,,,,,,,,,,0.0030192366957565516,0,781,0.0,0.0,,,,,,,,,,,,,,,,,,,,,,,,,,,,,,,,,,,,,,,,,,,,,,,,,,,,,,,,,,,,,,,,,,,,,,,,,,nan,,,,,,,,,,,,,,,
1423,2759.02197265625,0.027564464136958122,2.7564464136958122,10330.486405611038,10000,ppo,ppo,crawler,flat,action_dth_tot_plus_friction_thdot_formula,,,,,,,,,,,,,,,0.002526145337194815,0,781,0.0,0.0,,,,,,,,,,,,,,,,,,,,,,,,,,,,,,,,,,,,,,,,,,,,,,,,,,,,,,,,,,,,,,,,,,,,,,,,,,nan,,,,,,,,,,,,,,,
1424,2548.825927734375,0.025461088865995407,2.5461088865995407,10338.023707866669,10000,ppo,ppo,crawler,flat,action_dth_tot_plus_friction_thdot_formula,,,,,,,,,,,,,,,0.0030040690024659422,0,781,0.0,0.0,,,,,,,,,,,,,,,,,,,,,,,,,,,,,,,,,,,,,,,,,,,,,,,,,,,,,,,,,,,,,,,,,,,,,,,,,,nan,,,,,,,,,,,,,,,
1425,2672.570068359375,0.026694560423493385,2.6694560423493385,10345.193730831146,10000,ppo,ppo,crawler,flat,action_dth_tot_plus_friction_thdot_formula,,,,,,,,,,,,,,,0.0023121589952534265,0,781,0.0,0.0,,,,,,,,,,,,,,,,,,,,,,,,,,,,,,,,,,,,,,,,,,,,,,,,,,,,,,,,,,,,,,,,,,,,,,,,,,nan,,,,,,,,,,,,,,,
1426,2639.62939453125,0.026368655264377594,2.6368655264377594,10352.545639753342,10000,ppo,ppo,crawler,flat,action_dth_tot_plus_friction_thdot_formula,,,,,,,,,,,,,,,0.002452511416027315,0,781,0.0,0.0,,,,,,,,,,,,,,,,,,,,,,,,,,,,,,,,,,,,,,,,,,,,,,,,,,,,,,,,,,,,,,,,,,,,,,,,,,nan,,,,,,,,,,,,,,,
1427,2670.968505859375,0.026684261858463287,2.6684261858463287,10359.866403341293,10000,ppo,ppo,crawler,flat,action_dth_tot_plus_friction_thdot_formula,,,,,,,,,,,,,,,0.0027657305121868395,0,781,0.0,0.0,,,,,,,,,,,,,,,,,,,,,,,,,,,,,,,,,,,,,,,,,,,,,,,,,,,,,,,,,,,,,,,,,,,,,,,,,,nan,,,,,,,,,,,,,,,
1428,2642.055419921875,0.026396170258522034,2.6396170258522034,10367.150387525558,10000,ppo,ppo,crawler,flat,action_dth_tot_plus_friction_thdot_formula,,,,,,,,,,,,,,,0.002685654785407459,0,781,0.0,0.0,,,,,,,,,,,,,,,,,,,,,,,,,,,,,,,,,,,,,,,,,,,,,,,,,,,,,,,,,,,,,,,,,,,,,,,,,,nan,,,,,,,,,,,,,,,
1429,2625.310302734375,0.026225082576274872,2.622508257627487,10374.260855197906,10000,ppo,ppo,crawler,flat,action_dth_tot_plus_friction_thdot_formula,,,,,,,,,,,,,,,0.002888218995230511,0,781,0.0,0.0,,,,,,,,,,,,,,,,,,,,,,,,,,,,,,,,,,,,,,,,,,,,,,,,,,,,,,,,,,,,,,,,,,,,,,,,,,nan,,,,,,,,,,,,,,,
1430,2655.633544921875,0.026528695598244667,2.6528695598244667,10381.386410951614,10000,ppo,ppo,crawler,flat,action_dth_tot_plus_friction_thdot_formula,,,,,,,,,,,,,,,0.00211279203837425,0,781,0.0,0.0,,,,,,,,,,,,,,,,,,,,,,,,,,,,,,,,,,,,,,,,,,,,,,,,,,,,,,,,,,,,,,,,,,,,,,,,,,nan,,,,,,,,,,,,,,,
1431,2743.166259765625,0.02740202285349369,2.740202285349369,10388.73747587204,10000,ppo,ppo,crawler,flat,action_dth_tot_plus_friction_thdot_formula,,,,,,,,,,,,,,,0.0026398058344965394,0,781,0.0,0.0,,,,,,,,,,,,,,,,,,,,,,,,,,,,,,,,,,,,,,,,,,,,,,,,,,,,,,,,,,,,,,,,,,,,,,,,,,nan,,,,,,,,,,,,,,,
1432,2685.2861328125,0.026821879670023918,2.682187967002392,10396.020639896393,10000,ppo,ppo,crawler,flat,action_dth_tot_plus_friction_thdot_formula,,,,,,,,,,,,,,,0.00245773240274132,0,781,0.0,0.0,,,,,,,,,,,,,,,,,,,,,,,,,,,,,,,,,,,,,,,,,,,,,,,,,,,,,,,,,,,,,,,,,,,,,,,,,,nan,,,,,,,,,,,,,,,
1433,2643.519287109375,0.026403790339827538,2.6403790339827538,10403.234851121902,10000,ppo,ppo,crawler,flat,action_dth_tot_plus_friction_thdot_formula,,,,,,,,,,,,,,,0.002632068846532455,0,781,0.0,0.0,,,,,,,,,,,,,,,,,,,,,,,,,,,,,,,,,,,,,,,,,,,,,,,,,,,,,,,,,,,,,,,,,,,,,,,,,,nan,,,,,,,,,,,,,,,
1434,2634.56103515625,0.02631344459950924,2.631344459950924,10410.492207050323,10000,ppo,ppo,crawler,flat,action_dth_tot_plus_friction_thdot_formula,,,,,,,,,,,,,,,0.002733843400552702,0,781,0.0,0.0,,,,,,,,,,,,,,,,,,,,,,,,,,,,,,,,,,,,,,,,,,,,,,,,,,,,,,,,,,,,,,,,,,,,,,,,,,nan,,,,,,,,,,,,,,,
1435,2524.726318359375,0.025217697024345398,2.52176970243454,10417.95123744011,10000,ppo,ppo,crawler,flat,action_dth_tot_plus_friction_thdot_formula,,,,,,,,,,,,,,,0.0033599624680665237,0,781,0.0,0.0,,,,,,,,,,,,,,,,,,,,,,,,,,,,,,,,,,,,,,,,,,,,,,,,,,,,,,,,,,,,,,,,,,,,,,,,,,nan,,,,,,,,,,,,,,,
1436,2582.024169921875,0.025793487206101418,2.5793487206101418,10425.144275903702,10000,ppo,ppo,crawler,flat,action_dth_tot_plus_friction_thdot_formula,,,,,,,,,,,,,,,0.0027353481709910614,0,781,0.0,0.0,,,,,,,,,,,,,,,,,,,,,,,,,,,,,,,,,,,,,,,,,,,,,,,,,,,,,,,,,,,,,,,,,,,,,,,,,,nan,,,,,,,,,,,,,,,
1437,2644.627685546875,0.02641623467206955,2.641623467206955,10432.538070201874,10000,ppo,ppo,crawler,flat,action_dth_tot_plus_friction_thdot_formula,,,,,,,,,,,,,,,0.00203719416594642,0,781,0.0,0.0,,,,,,,,,,,,,,,,,,,,,,,,,,,,,,,,,,,,,,,,,,,,,,,,,,,,,,,,,,,,,,,,,,,,,,,,,,nan,,,,,,,,,,,,,,,
1438,2637.687255859375,0.026347273960709572,2.634727396070957,10439.611103534698,10000,ppo,ppo,crawler,flat,action_dth_tot_plus_friction_thdot_formula,,,,,,,,,,,,,,,0.0034371818433409597,0,781,0.0,0.0,,,,,,,,,,,,,,,,,,,,,,,,,,,,,,,,,,,,,,,,,,,,,,,,,,,,,,,,,,,,,,,,,,,,,,,,,,nan,,,,,,,,,,,,,,,
1439,2626.801513671875,0.026239586994051933,2.6239586994051933,10447.01968383789,10000,ppo,ppo,crawler,flat,action_dth_tot_plus_friction_thdot_formula,,,,,,,,,,,,,,,0.0034867264527890704,0,781,0.0,0.0,,,,,,,,,,,,,,,,,,,,,,,,,,,,,,,,,,,,,,,,,,,,,,,,,,,,,,,,,,,,,,,,,,,,,,,,,,nan,,,,,,,,,,,,,,,
1440,2771.232177734375,0.027683330699801445,2.7683330699801445,10454.21734046936,10000,ppo,ppo,crawler,flat,action_dth_tot_plus_friction_thdot_formula,,,,,,,,,,,,,,,0.0022847899478379034,0,781,0.0,0.0,,,,,,,,,,,,,,,,,,,,,,,,,,,,,,,,,,,,,,,,,,,,,,,,,,,,,,,,,,,,,,,,,,,,,,,,,,nan,,,,,,,,,,,,,,,
1441,2622.17236328125,0.026195837184786797,2.6195837184786797,10461.59611582756,10000,ppo,ppo,crawler,flat,action_dth_tot_plus_friction_thdot_formula,,,,,,,,,,,,,,,0.0023886178190198042,0,781,0.0,0.0,,,,,,,,,,,,,,,,,,,,,,,,,,,,,,,,,,,,,,,,,,,,,,,,,,,,,,,,,,,,,,,,,,,,,,,,,,nan,,,,,,,,,,,,,,,
1442,2583.26025390625,0.025808259844779968,2.580825984477997,10468.858726739883,10000,ppo,ppo,crawler,flat,action_dth_tot_plus_friction_thdot_formula,,,,,,,,,,,,,,,0.0027029051038641697,0,781,0.0,0.0,,,,,,,,,,,,,,,,,,,,,,,,,,,,,,,,,,,,,,,,,,,,,,,,,,,,,,,,,,,,,,,,,,,,,,,,,,nan,,,,,,,,,,,,,,,
1443,2660.929443359375,0.026584718376398087,2.6584718376398087,10476.210983991623,10000,ppo,ppo,crawler,flat,action_dth_tot_plus_friction_thdot_formula,,,,,,,,,,,,,,,0.002601479961227974,0,781,0.0,0.0,,,,,,,,,,,,,,,,,,,,,,,,,,,,,,,,,,,,,,,,,,,,,,,,,,,,,,,,,,,,,,,,,,,,,,,,,,nan,,,,,,,,,,,,,,,
1444,2478.74267578125,0.024763133376836777,2.4763133376836777,10483.45392036438,10000,ppo,ppo,crawler,flat,action_dth_tot_plus_friction_thdot_formula,,,,,,,,,,,,,,,0.0027411530638681834,0,781,0.0,0.0,,,,,,,,,,,,,,,,,,,,,,,,,,,,,,,,,,,,,,,,,,,,,,,,,,,,,,,,,,,,,,,,,,,,,,,,,,nan,,,,,,,,,,,,,,,
1445,2610.10986328125,0.026075422763824463,2.6075422763824463,10490.786952495575,10000,ppo,ppo,crawler,flat,action_dth_tot_plus_friction_thdot_formula,,,,,,,,,,,,,,,0.0026202993844942845,0,781,0.0,0.0,,,,,,,,,,,,,,,,,,,,,,,,,,,,,,,,,,,,,,,,,,,,,,,,,,,,,,,,,,,,,,,,,,,,,,,,,,nan,,,,,,,,,,,,,,,
1446,2796.328857421875,0.027934284880757332,2.793428488075733,10498.068499326706,10000,ppo,ppo,crawler,flat,action_dth_tot_plus_friction_thdot_formula,,,,,,,,,,,,,,,0.0024420363981251113,0,781,0.0,0.0,,,,,,,,,,,,,,,,,,,,,,,,,,,,,,,,,,,,,,,,,,,,,,,,,,,,,,,,,,,,,,,,,,,,,,,,,,nan,,,,,,,,,,,,,,,
1447,2554.16259765625,0.025517024099826813,2.5517024099826813,10505.284037590027,10000,ppo,ppo,crawler,flat,action_dth_tot_plus_friction_thdot_formula,,,,,,,,,,,,,,,0.002056594029597809,0,781,0.0,0.0,,,,,,,,,,,,,,,,,,,,,,,,,,,,,,,,,,,,,,,,,,,,,,,,,,,,,,,,,,,,,,,,,,,,,,,,,,nan,,,,,,,,,,,,,,,
1448,2699.687255859375,0.026968132704496384,2.6968132704496384,10512.397766828537,10000,ppo,ppo,crawler,flat,action_dth_tot_plus_friction_thdot_formula,,,,,,,,,,,,,,,0.0016756069636426714,0,781,0.0,0.0,,,,,,,,,,,,,,,,,,,,,,,,,,,,,,,,,,,,,,,,,,,,,,,,,,,,,,,,,,,,,,,,,,,,,,,,,,nan,,,,,,,,,,,,,,,
1449,2765.833740234375,0.027631191536784172,2.763119153678417,10519.701564311981,10000,ppo,ppo,crawler,flat,action_dth_tot_plus_friction_thdot_formula,,,,,,,,,,,,,,,0.0017879245990276738,0,781,0.0,0.0,,,,,,,,,,,,,,,,,,,,,,,,,,,,,,,,,,,,,,,,,,,,,,,,,,,,,,,,,,,,,,,,,,,,,,,,,,nan,,,,,,,,,,,,,,,
1450,2673.39404296875,0.02670745737850666,2.670745737850666,10526.968398571014,10000,ppo,ppo,crawler,flat,action_dth_tot_plus_friction_thdot_formula,,,,,,,,,,,,,,,0.0031796848860455415,0,781,0.0,0.0,,,,,,,,,,,,,,,,,,,,,,,,,,,,,,,,,,,,,,,,,,,,,,,,,,,,,,,,,,,,,,,,,,,,,,,,,,nan,,,,,,,,,,,,,,,
1451,2591.6484375,0.02588890865445137,2.588890865445137,10534.196660280228,10000,ppo,ppo,crawler,flat,action_dth_tot_plus_friction_thdot_formula,,,,,,,,,,,,,,,0.0033952357938659833,0,781,0.0,0.0,,,,,,,,,,,,,,,,,,,,,,,,,,,,,,,,,,,,,,,,,,,,,,,,,,,,,,,,,,,,,,,,,,,,,,,,,,nan,,,,,,,,,,,,,,,
1452,2705.974853515625,0.027033263817429543,2.7033263817429543,10541.272446155548,10000,ppo,ppo,crawler,flat,action_dth_tot_plus_friction_thdot_formula,,,,,,,,,,,,,,,0.003051213610482971,0,781,0.0,0.0,,,,,,,,,,,,,,,,,,,,,,,,,,,,,,,,,,,,,,,,,,,,,,,,,,,,,,,,,,,,,,,,,,,,,,,,,,nan,,,,,,,,,,,,,,,
1453,2701.382568359375,0.026986287906765938,2.698628790676594,10548.660744905472,10000,ppo,ppo,crawler,flat,action_dth_tot_plus_friction_thdot_formula,,,,,,,,,,,,,,,0.0029071941128475816,0,781,0.0,0.0,,,,,,,,,,,,,,,,,,,,,,,,,,,,,,,,,,,,,,,,,,,,,,,,,,,,,,,,,,,,,,,,,,,,,,,,,,nan,,,,,,,,,,,,,,,
1454,2747.411865234375,0.027445495128631592,2.744549512863159,10555.94528579712,10000,ppo,ppo,crawler,flat,action_dth_tot_plus_friction_thdot_formula,,,,,,,,,,,,,,,0.0025931677290118595,0,781,0.0,0.0,,,,,,,,,,,,,,,,,,,,,,,,,,,,,,,,,,,,,,,,,,,,,,,,,,,,,,,,,,,,,,,,,,,,,,,,,,nan,,,,,,,,,,,,,,,
1455,2698.224609375,0.026956230401992798,2.69562304019928,10563.266523122787,10000,ppo,ppo,crawler,flat,action_dth_tot_plus_friction_thdot_formula,,,,,,,,,,,,,,,0.002788426016982664,0,781,0.0,0.0,,,,,,,,,,,,,,,,,,,,,,,,,,,,,,,,,,,,,,,,,,,,,,,,,,,,,,,,,,,,,,,,,,,,,,,,,,nan,,,,,,,,,,,,,,,
1456,2621.953125,0.02618536353111267,2.618536353111267,10570.407985210419,10000,ppo,ppo,crawler,flat,action_dth_tot_plus_friction_thdot_formula,,,,,,,,,,,,,,,0.0036421433324739577,0,781,0.0,0.0,,,,,,,,,,,,,,,,,,,,,,,,,,,,,,,,,,,,,,,,,,,,,,,,,,,,,,,,,,,,,,,,,,,,,,,,,,nan,,,,,,,,,,,,,,,
1457,2579.7216796875,0.025765566155314445,2.5765566155314445,10577.902263641357,10000,ppo,ppo,crawler,flat,action_dth_tot_plus_friction_thdot_formula,,,,,,,,,,,,,,,0.0025058592047790366,0,781,0.0,0.0,,,,,,,,,,,,,,,,,,,,,,,,,,,,,,,,,,,,,,,,,,,,,,,,,,,,,,,,,,,,,,,,,,,,,,,,,,nan,,,,,,,,,,,,,,,
1458,2543.273193359375,0.02540808729827404,2.540808729827404,10585.137893915176,10000,ppo,ppo,crawler,flat,action_dth_tot_plus_friction_thdot_formula,,,,,,,,,,,,,,,0.0032761233254924903,0,781,0.0,0.0,,,,,,,,,,,,,,,,,,,,,,,,,,,,,,,,,,,,,,,,,,,,,,,,,,,,,,,,,,,,,,,,,,,,,,,,,,nan,,,,,,,,,,,,,,,
1459,2852.24072265625,0.02849632501602173,2.849632501602173,10592.361602306366,10000,ppo,ppo,crawler,flat,action_dth_tot_plus_friction_thdot_formula,,,,,,,,,,,,,,,0.0025872071726019906,0,781,0.0,0.0,,,,,,,,,,,,,,,,,,,,,,,,,,,,,,,,,,,,,,,,,,,,,,,,,,,,,,,,,,,,,,,,,,,,,,,,,,nan,,,,,,,,,,,,,,,
1460,2760.238037109375,0.027574429288506508,2.757442928850651,10599.532197475433,10000,ppo,ppo,crawler,flat,action_dth_tot_plus_friction_thdot_formula,,,,,,,,,,,,,,,0.0031821794066564436,0,781,0.0,0.0,,,,,,,,,,,,,,,,,,,,,,,,,,,,,,,,,,,,,,,,,,,,,,,,,,,,,,,,,,,,,,,,,,,,,,,,,,nan,,,,,,,,,,,,,,,
1461,2833.63134765625,0.028306273743510246,2.8306273743510246,10606.977137327194,10000,ppo,ppo,crawler,flat,action_dth_tot_plus_friction_thdot_formula,,,,,,,,,,,,,,,0.0025372916046874634,0,781,0.0,0.0,,,,,,,,,,,,,,,,,,,,,,,,,,,,,,,,,,,,,,,,,,,,,,,,,,,,,,,,,,,,,,,,,,,,,,,,,,nan,,,,,,,,,,,,,,,
1462,2748.241455078125,0.02745271474123001,2.745271474123001,10614.16443514824,10000,ppo,ppo,crawler,flat,action_dth_tot_plus_friction_thdot_formula,,,,,,,,,,,,,,,0.002279804675878895,0,781,0.0,0.0,,,,,,,,,,,,,,,,,,,,,,,,,,,,,,,,,,,,,,,,,,,,,,,,,,,,,,,,,,,,,,,,,,,,,,,,,,nan,,,,,,,,,,,,,,,
1463,2707.92578125,0.027050990611314774,2.7050990611314774,10621.294025182724,10000,ppo,ppo,crawler,flat,action_dth_tot_plus_friction_thdot_formula,,,,,,,,,,,,,,,0.0020675821828363148,0,781,0.0,0.0,,,,,,,,,,,,,,,,,,,,,,,,,,,,,,,,,,,,,,,,,,,,,,,,,,,,,,,,,,,,,,,,,,,,,,,,,,nan,,,,,,,,,,,,,,,
1464,2671.18896484375,0.026681048795580864,2.6681048795580864,10628.530863761902,10000,ppo,ppo,crawler,flat,action_dth_tot_plus_friction_thdot_formula,,,,,,,,,,,,,,,0.0025093302991665736,0,781,0.0,0.0,,,,,,,,,,,,,,,,,,,,,,,,,,,,,,,,,,,,,,,,,,,,,,,,,,,,,,,,,,,,,,,,,,,,,,,,,,nan,,,,,,,,,,,,,,,
1465,2560.951904296875,0.025580862537026405,2.5580862537026405,10635.86821937561,10000,ppo,ppo,crawler,flat,action_dth_tot_plus_friction_thdot_formula,,,,,,,,,,,,,,,0.003092725378599509,0,781,0.0,0.0,,,,,,,,,,,,,,,,,,,,,,,,,,,,,,,,,,,,,,,,,,,,,,,,,,,,,,,,,,,,,,,,,,,,,,,,,,nan,,,,,,,,,,,,,,,
1466,2527.714111328125,0.025249172002077103,2.5249172002077103,10643.180240631104,10000,ppo,ppo,crawler,flat,action_dth_tot_plus_friction_thdot_formula,,,,,,,,,,,,,,,0.0032845040161038003,0,781,0.0,0.0,,,,,,,,,,,,,,,,,,,,,,,,,,,,,,,,,,,,,,,,,,,,,,,,,,,,,,,,,,,,,,,,,,,,,,,,,,nan,,,,,,,,,,,,,,,
1467,2739.866943359375,0.027367254719138145,2.7367254719138145,10650.371408700943,10000,ppo,ppo,crawler,flat,action_dth_tot_plus_friction_thdot_formula,,,,,,,,,,,,,,,0.0023739978083183993,0,781,0.0,0.0,,,,,,,,,,,,,,,,,,,,,,,,,,,,,,,,,,,,,,,,,,,,,,,,,,,,,,,,,,,,,,,,,,,,,,,,,,nan,,,,,,,,,,,,,,,
1468,2807.302734375,0.02803838439285755,2.803838439285755,10657.609571695328,10000,ppo,ppo,crawler,flat,action_dth_tot_plus_friction_thdot_formula,,,,,,,,,,,,,,,0.0029676622253062774,0,781,0.0,0.0,,,,,,,,,,,,,,,,,,,,,,,,,,,,,,,,,,,,,,,,,,,,,,,,,,,,,,,,,,,,,,,,,,,,,,,,,,nan,,,,,,,,,,,,,,,
1469,2740.747314453125,0.027375338599085808,2.737533859908581,10664.887132644653,10000,ppo,ppo,crawler,flat,action_dth_tot_plus_friction_thdot_formula,,,,,,,,,,,,,,,0.0021919178930421275,0,781,0.0,0.0,,,,,,,,,,,,,,,,,,,,,,,,,,,,,,,,,,,,,,,,,,,,,,,,,,,,,,,,,,,,,,,,,,,,,,,,,,nan,,,,,,,,,,,,,,,
1470,2711.591064453125,0.027087196707725525,2.7087196707725525,10672.158722400665,10000,ppo,ppo,crawler,flat,action_dth_tot_plus_friction_thdot_formula,,,,,,,,,,,,,,,0.0029453825652816963,0,781,0.0,0.0,,,,,,,,,,,,,,,,,,,,,,,,,,,,,,,,,,,,,,,,,,,,,,,,,,,,,,,,,,,,,,,,,,,,,,,,,,nan,,,,,,,,,,,,,,,
1471,2653.40380859375,0.026504961773753166,2.6504961773753166,10679.27497291565,10000,ppo,ppo,crawler,flat,action_dth_tot_plus_friction_thdot_formula,,,,,,,,,,,,,,,0.0017106229430508756,0,781,0.0,0.0,,,,,,,,,,,,,,,,,,,,,,,,,,,,,,,,,,,,,,,,,,,,,,,,,,,,,,,,,,,,,,,,,,,,,,,,,,nan,,,,,,,,,,,,,,,
1472,2705.257568359375,0.027020934969186783,2.7020934969186783,10686.683871984482,10000,ppo,ppo,crawler,flat,action_dth_tot_plus_friction_thdot_formula,,,,,,,,,,,,,,,0.002345009822435391,0,781,0.0,0.0,,,,,,,,,,,,,,,,,,,,,,,,,,,,,,,,,,,,,,,,,,,,,,,,,,,,,,,,,,,,,,,,,,,,,,,,,,nan,,,,,,,,,,,,,,,
1473,2685.79931640625,0.026823703199625015,2.6823703199625015,10693.780323505402,10000,ppo,ppo,crawler,flat,action_dth_tot_plus_friction_thdot_formula,,,,,,,,,,,,,,,0.0022256241430273272,0,781,0.0,0.0,,,,,,,,,,,,,,,,,,,,,,,,,,,,,,,,,,,,,,,,,,,,,,,,,,,,,,,,,,,,,,,,,,,,,,,,,,nan,,,,,,,,,,,,,,,
1474,2674.59423828125,0.026722801849246025,2.6722801849246025,10700.95687007904,10000,ppo,ppo,crawler,flat,action_dth_tot_plus_friction_thdot_formula,,,,,,,,,,,,,,,0.0031352685740582463,0,781,0.0,0.0,,,,,,,,,,,,,,,,,,,,,,,,,,,,,,,,,,,,,,,,,,,,,,,,,,,,,,,,,,,,,,,,,,,,,,,,,,nan,,,,,,,,,,,,,,,
1475,2706.361572265625,0.027032354846596718,2.703235484659672,10708.067859649658,10000,ppo,ppo,crawler,flat,action_dth_tot_plus_friction_thdot_formula,,,,,,,,,,,,,,,0.002792302320461491,0,781,0.0,0.0,,,,,,,,,,,,,,,,,,,,,,,,,,,,,,,,,,,,,,,,,,,,,,,,,,,,,,,,,,,,,,,,,,,,,,,,,,nan,,,,,,,,,,,,,,,
1476,2638.132080078125,0.0263509638607502,2.63509638607502,10715.382806777954,10000,ppo,ppo,crawler,flat,action_dth_tot_plus_friction_thdot_formula,,,,,,,,,,,,,,,0.0029422136762378578,0,781,0.0,0.0,,,,,,,,,,,,,,,,,,,,,,,,,,,,,,,,,,,,,,,,,,,,,,,,,,,,,,,,,,,,,,,,,,,,,,,,,,nan,,,,,,,,,,,,,,,
1477,2629.071044921875,0.02626059576869011,2.626059576869011,10722.597959756851,10000,ppo,ppo,crawler,flat,action_dth_tot_plus_friction_thdot_formula,,,,,,,,,,,,,,,0.0028745533303577075,0,781,0.0,0.0,,,,,,,,,,,,,,,,,,,,,,,,,,,,,,,,,,,,,,,,,,,,,,,,,,,,,,,,,,,,,,,,,,,,,,,,,,nan,,,,,,,,,,,,,,,
1478,2702.860107421875,0.026998989284038544,2.6998989284038544,10729.825764894485,10000,ppo,ppo,crawler,flat,action_dth_tot_plus_friction_thdot_formula,,,,,,,,,,,,,,,0.003834212374929804,0,781,0.0,0.0,,,,,,,,,,,,,,,,,,,,,,,,,,,,,,,,,,,,,,,,,,,,,,,,,,,,,,,,,,,,,,,,,,,,,,,,,,nan,,,,,,,,,,,,,,,
1479,2591.4326171875,0.025890139862895012,2.589013986289501,10736.934745550156,10000,ppo,ppo,crawler,flat,action_dth_tot_plus_friction_thdot_formula,,,,,,,,,,,,,,,0.0026111768247236507,0,781,0.0,0.0,,,,,,,,,,,,,,,,,,,,,,,,,,,,,,,,,,,,,,,,,,,,,,,,,,,,,,,,,,,,,,,,,,,,,,,,,,nan,,,,,,,,,,,,,,,
1480,2643.652587890625,0.02640449069440365,2.640449069440365,10744.46249961853,10000,ppo,ppo,crawler,flat,action_dth_tot_plus_friction_thdot_formula,,,,,,,,,,,,,,,0.002064648570499422,0,781,0.0,0.0,,,,,,,,,,,,,,,,,,,,,,,,,,,,,,,,,,,,,,,,,,,,,,,,,,,,,,,,,,,,,,,,,,,,,,,,,,nan,,,,,,,,,,,,,,,
1481,2667.5859375,0.0266476608812809,2.66476608812809,10751.6724421978,10000,ppo,ppo,crawler,flat,action_dth_tot_plus_friction_thdot_formula,,,,,,,,,,,,,,,0.0016930508190690255,0,781,0.0,0.0,,,,,,,,,,,,,,,,,,,,,,,,,,,,,,,,,,,,,,,,,,,,,,,,,,,,,,,,,,,,,,,,,,,,,,,,,,nan,,,,,,,,,,,,,,,
1482,2768.13623046875,0.02765616960823536,2.765616960823536,10759.028501987457,10000,ppo,ppo,crawler,flat,action_dth_tot_plus_friction_thdot_formula,,,,,,,,,,,,,,,0.00265162098231915,0,781,0.0,0.0,,,,,,,,,,,,,,,,,,,,,,,,,,,,,,,,,,,,,,,,,,,,,,,,,,,,,,,,,,,,,,,,,,,,,,,,,,nan,,,,,,,,,,,,,,,
1483,2641.8125,0.026387304067611694,2.6387304067611694,10766.354763031006,10000,ppo,ppo,crawler,flat,action_dth_tot_plus_friction_thdot_formula,,,,,,,,,,,,,,,0.003462183753400564,0,781,0.0,0.0,,,,,,,,,,,,,,,,,,,,,,,,,,,,,,,,,,,,,,,,,,,,,,,,,,,,,,,,,,,,,,,,,,,,,,,,,,nan,,,,,,,,,,,,,,,
1484,2680.969970703125,0.02677547186613083,2.677547186613083,10773.607847690582,10000,ppo,ppo,crawler,flat,action_dth_tot_plus_friction_thdot_formula,,,,,,,,,,,,,,,0.0018694003651612624,0,781,0.0,0.0,,,,,,,,,,,,,,,,,,,,,,,,,,,,,,,,,,,,,,,,,,,,,,,,,,,,,,,,,,,,,,,,,,,,,,,,,,nan,,,,,,,,,,,,,,,
1485,2631.4453125,0.026286717504262924,2.6286717504262924,10780.748056650162,10000,ppo,ppo,crawler,flat,action_dth_tot_plus_friction_thdot_formula,,,,,,,,,,,,,,,0.002371146420861157,0,781,0.0,0.0,,,,,,,,,,,,,,,,,,,,,,,,,,,,,,,,,,,,,,,,,,,,,,,,,,,,,,,,,,,,,,,,,,,,,,,,,,nan,,,,,,,,,,,,,,,
1486,2598.904296875,0.02596142515540123,2.596142515540123,10788.011974096298,10000,ppo,ppo,crawler,flat,action_dth_tot_plus_friction_thdot_formula,,,,,,,,,,,,,,,0.003047970123141861,0,781,0.0,0.0,,,,,,,,,,,,,,,,,,,,,,,,,,,,,,,,,,,,,,,,,,,,,,,,,,,,,,,,,,,,,,,,,,,,,,,,,,nan,,,,,,,,,,,,,,,
1487,2575.775634765625,0.02572581358253956,2.572581358253956,10795.27427482605,10000,ppo,ppo,crawler,flat,action_dth_tot_plus_friction_thdot_formula,,,,,,,,,,,,,,,0.0022920240371511287,0,781,0.0,0.0,,,,,,,,,,,,,,,,,,,,,,,,,,,,,,,,,,,,,,,,,,,,,,,,,,,,,,,,,,,,,,,,,,,,,,,,,,nan,,,,,,,,,,,,,,,
1488,2700.013671875,0.026971416547894478,2.697141654789448,10802.566365480423,10000,ppo,ppo,crawler,flat,action_dth_tot_plus_friction_thdot_formula,,,,,,,,,,,,,,,0.0026472779105267776,0,781,0.0,0.0,,,,,,,,,,,,,,,,,,,,,,,,,,,,,,,,,,,,,,,,,,,,,,,,,,,,,,,,,,,,,,,,,,,,,,,,,,nan,,,,,,,,,,,,,,,
1489,2654.039306640625,0.02651522494852543,2.651522494852543,10809.687196016312,10000,ppo,ppo,crawler,flat,action_dth_tot_plus_friction_thdot_formula,,,,,,,,,,,,,,,0.0021204738859453916,0,781,0.0,0.0,,,,,,,,,,,,,,,,,,,,,,,,,,,,,,,,,,,,,,,,,,,,,,,,,,,,,,,,,,,,,,,,,,,,,,,,,,nan,,,,,,,,,,,,,,,
1490,2722.791015625,0.027202263474464417,2.7202263474464417,10816.949923992157,10000,ppo,ppo,crawler,flat,action_dth_tot_plus_friction_thdot_formula,,,,,,,,,,,,,,,0.003426833371241266,0,781,0.0,0.0,,,,,,,,,,,,,,,,,,,,,,,,,,,,,,,,,,,,,,,,,,,,,,,,,,,,,,,,,,,,,,,,,,,,,,,,,,nan,,,,,,,,,,,,,,,
1491,2708.422607421875,0.027057494968175888,2.705749496817589,10824.327706098557,10000,ppo,ppo,crawler,flat,action_dth_tot_plus_friction_thdot_formula,,,,,,,,,,,,,,,0.0028908027983440515,0,781,0.0,0.0,,,,,,,,,,,,,,,,,,,,,,,,,,,,,,,,,,,,,,,,,,,,,,,,,,,,,,,,,,,,,,,,,,,,,,,,,,nan,,,,,,,,,,,,,,,
1492,2657.705078125,0.026547769084572792,2.654776908457279,10831.469487667084,10000,ppo,ppo,crawler,flat,action_dth_tot_plus_friction_thdot_formula,,,,,,,,,,,,,,,0.00267429725000475,0,781,0.0,0.0,,,,,,,,,,,,,,,,,,,,,,,,,,,,,,,,,,,,,,,,,,,,,,,,,,,,,,,,,,,,,,,,,,,,,,,,,,nan,,,,,,,,,,,,,,,
1493,2789.342041015625,0.027859434485435486,2.7859434485435486,10838.816177368164,10000,ppo,ppo,crawler,flat,action_dth_tot_plus_friction_thdot_formula,,,,,,,,,,,,,,,0.0027200650962540063,0,781,0.0,0.0,,,,,,,,,,,,,,,,,,,,,,,,,,,,,,,,,,,,,,,,,,,,,,,,,,,,,,,,,,,,,,,,,,,,,,,,,,nan,,,,,,,,,,,,,,,
1494,2654.349609375,0.02651483751833439,2.651483751833439,10846.096306800842,10000,ppo,ppo,crawler,flat,action_dth_tot_plus_friction_thdot_formula,,,,,,,,,,,,,,,0.003512811472743187,0,781,0.0,0.0,,,,,,,,,,,,,,,,,,,,,,,,,,,,,,,,,,,,,,,,,,,,,,,,,,,,,,,,,,,,,,,,,,,,,,,,,,nan,,,,,,,,,,,,,,,
1495,2638.522216796875,0.02635996975004673,2.635996975004673,10853.484381914139,10000,ppo,ppo,crawler,flat,action_dth_tot_plus_friction_thdot_formula,,,,,,,,,,,,,,,0.0031513678977682126,0,781,0.0,0.0,,,,,,,,,,,,,,,,,,,,,,,,,,,,,,,,,,,,,,,,,,,,,,,,,,,,,,,,,,,,,,,,,,,,,,,,,,nan,,,,,,,,,,,,,,,
1496,2702.127685546875,0.026992077007889748,2.6992077007889748,10860.537501811981,10000,ppo,ppo,crawler,flat,action_dth_tot_plus_friction_thdot_formula,,,,,,,,,,,,,,,0.002567621056509482,0,781,0.0,0.0,,,,,,,,,,,,,,,,,,,,,,,,,,,,,,,,,,,,,,,,,,,,,,,,,,,,,,,,,,,,,,,,,,,,,,,,,,nan,,,,,,,,,,,,,,,
1497,2618.86181640625,0.026158442720770836,2.6158442720770836,10867.848909378052,10000,ppo,ppo,crawler,flat,action_dth_tot_plus_friction_thdot_formula,,,,,,,,,,,,,,,0.003130728168643787,0,781,0.0,0.0,,,,,,,,,,,,,,,,,,,,,,,,,,,,,,,,,,,,,,,,,,,,,,,,,,,,,,,,,,,,,,,,,,,,,,,,,,nan,,,,,,,,,,,,,,,
1498,2746.905517578125,0.027441948652267456,2.7441948652267456,10875.243412017822,10000,ppo,ppo,crawler,flat,action_dth_tot_plus_friction_thdot_formula,,,,,,,,,,,,,,,0.002037213755805503,0,781,0.0,0.0,,,,,,,,,,,,,,,,,,,,,,,,,,,,,,,,,,,,,,,,,,,,,,,,,,,,,,,,,,,,,,,,,,,,,,,,,,nan,,,,,,,,,,,,,,,
1499,2782.760986328125,0.027797125279903412,2.779712527990341,10882.595999717712,10000,ppo,ppo,crawler,flat,action_dth_tot_plus_friction_thdot_formula,,,,,,,,,,,,,,,0.002619876268199942,0,781,0.0,0.0,,,,,,,,,,,,,,,,,,,,,,,,,,,,,,,,,,,,,,,,,,,,,,,,,,,,,,,,,,,,,,,,,,,,,,,,,,nan,,,,,,,,,,,,,,,
1500,2784.552001953125,0.0278108399361372,2.78108399361372,10889.93115067482,10000,ppo,ppo,crawler,flat,action_dth_tot_plus_friction_thdot_formula,,,,,,,,,,,,,,,0.0027780258122094633,0,781,0.0,0.0,,,,,,,,,,,,,,,,,,,,,,,,,,,,,,,,,,,,,,,,,,,,,,,,,,,,,,,,,,,,,,,,,,,,,,,,,,nan,,,,,,,,,,,,,,,
