episode,reward_mean,speed_mean,speed_x100,elapsed_sec,frames_per_batch,algorithm,algorithm_family,robot,terrain,channel,actor_update_norm_mean,actor_update_clip_scale_mean,ddpg_loss_actor_mean,ddpg_loss_value_mean,ddpg_actor_grad_norm_mean,ddpg_critic_grad_norm_mean,ddpg_actor_parameter_displacement,ddpg_replay_size,ddpg_replay_transition_bytes,ddpg_exploration_sigma,ddpg_pred_q_mean,ddpg_target_q_mean,ddpg_td_error_mean,ddpg_optimizer_updates,ppo_approx_kl,ppo_early_stop,ppo_updates_completed,policy_anchor_loss,policy_anchor_coeff_effective,closure_score,circularity_score,body_omega,slip_penalty,action_smoothness_penalty,curriculum_progress,rolling_reward,tail_lift_score,tail_forward_score,head_contact_score,curl_prefix_progress,curl_order_penalty,total_signed_curvature,closure_ratio,support_margin,cumulative_rotation,rolling_gate,tail_roll_stage,tail_stage_success,tail_stage_success_rate,tail_roll_reward,fast_roll_phase,fast_roll_phase_steps,fast_roll_phase_progress,fast_roll_flip_event,fast_roll_flip_count,fast_roll_cycle_count,fast_roll_cycle_rotation,fast_roll_cycle_forward,fast_roll_support_migration,fast_roll_direction_fraction,fast_roll_motion_gate,fast_roll_reward,fast_forward_phase,fast_forward_phase_steps,fast_forward_launch_progress,fast_forward_launch_ready_steps,fast_forward_roll_progress,fast_forward_progress_delta,fast_forward_launch_event,fast_forward_event_pulse,fast_forward_event_bonus,fast_forward_event_count,fast_forward_event_rotation,fast_forward_event_forward,fast_forward_support_index,fast_forward_support_migration_nodes,fast_forward_ground_contact_strength,fast_forward_event_direction_fraction,fast_forward_episode_direction_fraction,fast_forward_event_steps,fast_forward_progress_age,fast_forward_stall_penalty,fast_forward_reverse_rotation_penalty,fast_forward_backward_penalty,effort_penalty,scratch_wr_v2_z0_lift_ratio,scratch_wr_v2_z0_forward_ratio,scratch_wr_v2_z0_curl_ratio,scratch_wr_v2_z0_sync_score,scratch_wr_v2_z0_candidate_mask,scratch_wr_v2_z0_active,scratch_wr_v2_z0_penalty_scale,scratch_wr_v2_z0_dense_reward,scratch_wr_v2_progress_delta,fast_forward_reward,wave_amplitude,wave_center,wave_width,wave_hold,wave_kp,wave_kd,scratch_wr_stage_id,scratch_wr_learning_rate,scratch_wr_alpha,scratch_wr_wave_torque_rms,scratch_wr_residual_torque_rms,scratch_wr_applied_residual_torque_rms,scratch_wr_total_torque_rms,scratch_wr_torque_clip_fraction,scratch_wr_residual_saturation_fraction,scratch_wr_v2_wave_ema_beta,scratch_wr_v2_wave_filter_delta_rms,scratch_wr_v2_applied_wave_amplitude,scratch_wr_v2_applied_wave_center,scratch_wr_v2_applied_wave_width,scratch_wr_v2_applied_wave_hold,scratch_wr_v2_applied_wave_kp,scratch_wr_v2_applied_wave_kd
1,-1.0540542602539062,-1.0603021110000554e-05,-0.0010603021110000554,11.519508361816406,10000,ppo,ppo,crawler,flat,obs_dth_tot_direct,,,,,,,,,,,,,,,0.0038536172059082,0,781,0.0,0.0,,,,,,,,,,,,,,,,,,,,,,,,,,,,,,,,,,,,,,,,,,,,,,,,,,,,,,,,,,,,,,,,,,,,,,,,,,nan,,,,,,,,,,,,,,,
2,-4.797389030456543,-4.785728015122004e-05,-0.004785728015122004,22.182021141052246,10000,ppo,ppo,crawler,flat,obs_dth_tot_direct,,,,,,,,,,,,,,,0.002817789483791582,0,781,0.0,0.0,,,,,,,,,,,,,,,,,,,,,,,,,,,,,,,,,,,,,,,,,,,,,,,,,,,,,,,,,,,,,,,,,,,,,,,,,,nan,,,,,,,,,,,,,,,
3,2.121638774871826,2.082300306938123e-05,0.002082300306938123,33.084659576416016,10000,ppo,ppo,crawler,flat,obs_dth_tot_direct,,,,,,,,,,,,,,,0.0023138427086742104,0,781,0.0,0.0,,,,,,,,,,,,,,,,,,,,,,,,,,,,,,,,,,,,,,,,,,,,,,,,,,,,,,,,,,,,,,,,,,,,,,,,,,nan,,,,,,,,,,,,,,,
4,12.900744438171387,0.00012966044596396387,0.012966044596396387,44.58850812911987,10000,ppo,ppo,crawler,flat,obs_dth_tot_direct,,,,,,,,,,,,,,,0.0024534785044147,0,781,0.0,0.0,,,,,,,,,,,,,,,,,,,,,,,,,,,,,,,,,,,,,,,,,,,,,,,,,,,,,,,,,,,,,,,,,,,,,,,,,,nan,,,,,,,,,,,,,,,
5,26.7600040435791,0.0002679911849554628,0.02679911849554628,55.917407274246216,10000,ppo,ppo,crawler,flat,obs_dth_tot_direct,,,,,,,,,,,,,,,0.0026503760776352544,0,781,0.0,0.0,,,,,,,,,,,,,,,,,,,,,,,,,,,,,,,,,,,,,,,,,,,,,,,,,,,,,,,,,,,,,,,,,,,,,,,,,,nan,,,,,,,,,,,,,,,
6,20.475095748901367,0.00020381853391882032,0.020381853391882032,67.27618432044983,10000,ppo,ppo,crawler,flat,obs_dth_tot_direct,,,,,,,,,,,,,,,0.001835113697000821,0,781,0.0,0.0,,,,,,,,,,,,,,,,,,,,,,,,,,,,,,,,,,,,,,,,,,,,,,,,,,,,,,,,,,,,,,,,,,,,,,,,,,nan,,,,,,,,,,,,,,,
7,11.732460975646973,0.00011670088133541867,0.011670088133541867,78.12157559394836,10000,ppo,ppo,crawler,flat,obs_dth_tot_direct,,,,,,,,,,,,,,,0.0016843916147126889,0,781,0.0,0.0,,,,,,,,,,,,,,,,,,,,,,,,,,,,,,,,,,,,,,,,,,,,,,,,,,,,,,,,,,,,,,,,,,,,,,,,,,nan,,,,,,,,,,,,,,,
8,18.25396156311035,0.00018233319860883057,0.018233319860883057,88.41175127029419,10000,ppo,ppo,crawler,flat,obs_dth_tot_direct,,,,,,,,,,,,,,,0.0017096239086073584,0,781,0.0,0.0,,,,,,,,,,,,,,,,,,,,,,,,,,,,,,,,,,,,,,,,,,,,,,,,,,,,,,,,,,,,,,,,,,,,,,,,,,nan,,,,,,,,,,,,,,,
9,35.93073654174805,0.0003587638202589005,0.03587638202589005,98.73059916496277,10000,ppo,ppo,crawler,flat,obs_dth_tot_direct,,,,,,,,,,,,,,,0.0015110639773581115,0,781,0.0,0.0,,,,,,,,,,,,,,,,,,,,,,,,,,,,,,,,,,,,,,,,,,,,,,,,,,,,,,,,,,,,,,,,,,,,,,,,,,nan,,,,,,,,,,,,,,,
10,37.96358871459961,0.00037941313348710537,0.03794131334871054,109.15196180343628,10000,ppo,ppo,crawler,flat,obs_dth_tot_direct,,,,,,,,,,,,,,,0.0014489022663123094,0,781,0.0,0.0,,,,,,,,,,,,,,,,,,,,,,,,,,,,,,,,,,,,,,,,,,,,,,,,,,,,,,,,,,,,,,,,,,,,,,,,,,nan,,,,,,,,,,,,,,,
11,48.22262191772461,0.0004815941792912781,0.04815941792912781,119.52019691467285,10000,ppo,ppo,crawler,flat,obs_dth_tot_direct,,,,,,,,,,,,,,,0.0018976080865168732,0,781,0.0,0.0,,,,,,,,,,,,,,,,,,,,,,,,,,,,,,,,,,,,,,,,,,,,,,,,,,,,,,,,,,,,,,,,,,,,,,,,,,nan,,,,,,,,,,,,,,,
12,92.64607238769531,0.000925294472835958,0.0925294472835958,130.1249086856842,10000,ppo,ppo,crawler,flat,obs_dth_tot_direct,,,,,,,,,,,,,,,0.0026494012518771585,0,781,0.0,0.0,,,,,,,,,,,,,,,,,,,,,,,,,,,,,,,,,,,,,,,,,,,,,,,,,,,,,,,,,,,,,,,,,,,,,,,,,,nan,,,,,,,,,,,,,,,
13,99.48882293701172,0.0009933925466611981,0.09933925466611981,140.58923983573914,10000,ppo,ppo,crawler,flat,obs_dth_tot_direct,,,,,,,,,,,,,,,0.0012706638732388443,0,781,0.0,0.0,,,,,,,,,,,,,,,,,,,,,,,,,,,,,,,,,,,,,,,,,,,,,,,,,,,,,,,,,,,,,,,,,,,,,,,,,,nan,,,,,,,,,,,,,,,
14,99.59386444091797,0.0009946428472176194,0.09946428472176194,150.70640397071838,10000,ppo,ppo,crawler,flat,obs_dth_tot_direct,,,,,,,,,,,,,,,0.0020958426006456718,0,781,0.0,0.0,,,,,,,,,,,,,,,,,,,,,,,,,,,,,,,,,,,,,,,,,,,,,,,,,,,,,,,,,,,,,,,,,,,,,,,,,,nan,,,,,,,,,,,,,,,
15,108.33113861083984,0.0010827663354575634,0.10827663354575634,161.2107753753662,10000,ppo,ppo,crawler,flat,obs_dth_tot_direct,,,,,,,,,,,,,,,0.0014143542317055266,0,781,0.0,0.0,,,,,,,,,,,,,,,,,,,,,,,,,,,,,,,,,,,,,,,,,,,,,,,,,,,,,,,,,,,,,,,,,,,,,,,,,,nan,,,,,,,,,,,,,,,
16,193.86175537109375,0.0019372974056750536,0.19372974056750536,171.26181864738464,10000,ppo,ppo,crawler,flat,obs_dth_tot_direct,,,,,,,,,,,,,,,0.003951603370662314,0,781,0.0,0.0,,,,,,,,,,,,,,,,,,,,,,,,,,,,,,,,,,,,,,,,,,,,,,,,,,,,,,,,,,,,,,,,,,,,,,,,,,nan,,,,,,,,,,,,,,,
17,220.18557739257812,0.00219874270260334,0.21987427026033401,182.10012245178223,10000,ppo,ppo,crawler,flat,obs_dth_tot_direct,,,,,,,,,,,,,,,0.003278379760653218,0,781,0.0,0.0,,,,,,,,,,,,,,,,,,,,,,,,,,,,,,,,,,,,,,,,,,,,,,,,,,,,,,,,,,,,,,,,,,,,,,,,,,nan,,,,,,,,,,,,,,,
18,262.8573303222656,0.0026266230270266533,0.26266230270266533,192.4079885482788,10000,ppo,ppo,crawler,flat,obs_dth_tot_direct,,,,,,,,,,,,,,,0.0036801892006963553,0,781,0.0,0.0,,,,,,,,,,,,,,,,,,,,,,,,,,,,,,,,,,,,,,,,,,,,,,,,,,,,,,,,,,,,,,,,,,,,,,,,,,nan,,,,,,,,,,,,,,,
19,363.7951965332031,0.0036347571294754744,0.36347571294754744,203.53087949752808,10000,ppo,ppo,crawler,flat,obs_dth_tot_direct,,,,,,,,,,,,,,,0.006850456908112988,0,781,0.0,0.0,,,,,,,,,,,,,,,,,,,,,,,,,,,,,,,,,,,,,,,,,,,,,,,,,,,,,,,,,,,,,,,,,,,,,,,,,,nan,,,,,,,,,,,,,,,
20,593.6210327148438,0.005928508937358856,0.5928508937358856,215.1695475578308,10000,ppo,ppo,crawler,flat,obs_dth_tot_direct,,,,,,,,,,,,,,,0.01864626621045667,0,781,0.0,0.0,,,,,,,,,,,,,,,,,,,,,,,,,,,,,,,,,,,,,,,,,,,,,,,,,,,,,,,,,,,,,,,,,,,,,,,,,,nan,,,,,,,,,,,,,,,
21,699.7317504882812,0.006990823894739151,0.6990823894739151,226.36953902244568,10000,ppo,ppo,crawler,flat,obs_dth_tot_direct,,,,,,,,,,,,,,,0.010225253909761886,0,781,0.0,0.0,,,,,,,,,,,,,,,,,,,,,,,,,,,,,,,,,,,,,,,,,,,,,,,,,,,,,,,,,,,,,,,,,,,,,,,,,,nan,,,,,,,,,,,,,,,
22,848.9449462890625,0.008478476665914059,0.8478476665914059,236.29163265228271,10000,ppo,ppo,crawler,flat,obs_dth_tot_direct,,,,,,,,,,,,,,,0.0063720399410020865,0,781,0.0,0.0,,,,,,,,,,,,,,,,,,,,,,,,,,,,,,,,,,,,,,,,,,,,,,,,,,,,,,,,,,,,,,,,,,,,,,,,,,nan,,,,,,,,,,,,,,,
23,994.1970825195312,0.009931780397891998,0.9931780397891998,246.88512444496155,10000,ppo,ppo,crawler,flat,obs_dth_tot_direct,,,,,,,,,,,,,,,0.005871364204901677,0,781,0.0,0.0,,,,,,,,,,,,,,,,,,,,,,,,,,,,,,,,,,,,,,,,,,,,,,,,,,,,,,,,,,,,,,,,,,,,,,,,,,nan,,,,,,,,,,,,,,,
24,1152.8245849609375,0.011517981067299843,1.1517981067299843,257.07356452941895,10000,ppo,ppo,crawler,flat,obs_dth_tot_direct,,,,,,,,,,,,,,,0.005488399466739373,0,781,0.0,0.0,,,,,,,,,,,,,,,,,,,,,,,,,,,,,,,,,,,,,,,,,,,,,,,,,,,,,,,,,,,,,,,,,,,,,,,,,,nan,,,,,,,,,,,,,,,
25,1142.85546875,0.011419402435421944,1.1419402435421944,267.4691388607025,10000,ppo,ppo,crawler,flat,obs_dth_tot_direct,,,,,,,,,,,,,,,0.013116434211692165,0,781,0.0,0.0,,,,,,,,,,,,,,,,,,,,,,,,,,,,,,,,,,,,,,,,,,,,,,,,,,,,,,,,,,,,,,,,,,,,,,,,,,nan,,,,,,,,,,,,,,,
26,1478.8870849609375,0.014773852191865444,1.4773852191865444,278.0495581626892,10000,ppo,ppo,crawler,flat,obs_dth_tot_direct,,,,,,,,,,,,,,,0.010032683063942996,0,781,0.0,0.0,,,,,,,,,,,,,,,,,,,,,,,,,,,,,,,,,,,,,,,,,,,,,,,,,,,,,,,,,,,,,,,,,,,,,,,,,,nan,,,,,,,,,,,,,,,
27,1437.4671630859375,0.014359409920871258,1.4359409920871258,288.4760081768036,10000,ppo,ppo,crawler,flat,obs_dth_tot_direct,,,,,,,,,,,,,,,0.006893173055636855,0,781,0.0,0.0,,,,,,,,,,,,,,,,,,,,,,,,,,,,,,,,,,,,,,,,,,,,,,,,,,,,,,,,,,,,,,,,,,,,,,,,,,nan,,,,,,,,,,,,,,,
28,1564.4625244140625,0.015627682209014893,1.5627682209014893,298.4232699871063,10000,ppo,ppo,crawler,flat,obs_dth_tot_direct,,,,,,,,,,,,,,,0.005593531439554098,0,781,0.0,0.0,,,,,,,,,,,,,,,,,,,,,,,,,,,,,,,,,,,,,,,,,,,,,,,,,,,,,,,,,,,,,,,,,,,,,,,,,,nan,,,,,,,,,,,,,,,
29,1664.072265625,0.01662333868443966,1.662333868443966,308.8268971443176,10000,ppo,ppo,crawler,flat,obs_dth_tot_direct,,,,,,,,,,,,,,,0.004615460342791176,0,781,0.0,0.0,,,,,,,,,,,,,,,,,,,,,,,,,,,,,,,,,,,,,,,,,,,,,,,,,,,,,,,,,,,,,,,,,,,,,,,,,,nan,,,,,,,,,,,,,,,
30,1554.0225830078125,0.015525277704000473,1.5525277704000473,318.9465615749359,10000,ppo,ppo,crawler,flat,obs_dth_tot_direct,,,,,,,,,,,,,,,0.003424198666739363,0,781,0.0,0.0,,,,,,,,,,,,,,,,,,,,,,,,,,,,,,,,,,,,,,,,,,,,,,,,,,,,,,,,,,,,,,,,,,,,,,,,,,nan,,,,,,,,,,,,,,,
31,1616.4150390625,0.016146237030625343,1.6146237030625343,328.9960904121399,10000,ppo,ppo,crawler,flat,obs_dth_tot_direct,,,,,,,,,,,,,,,0.0032384703321040012,0,781,0.0,0.0,,,,,,,,,,,,,,,,,,,,,,,,,,,,,,,,,,,,,,,,,,,,,,,,,,,,,,,,,,,,,,,,,,,,,,,,,,nan,,,,,,,,,,,,,,,
32,1587.9847412109375,0.015863141044974327,1.5863141044974327,339.4020895957947,10000,ppo,ppo,crawler,flat,obs_dth_tot_direct,,,,,,,,,,,,,,,0.0038760605157466565,0,781,0.0,0.0,,,,,,,,,,,,,,,,,,,,,,,,,,,,,,,,,,,,,,,,,,,,,,,,,,,,,,,,,,,,,,,,,,,,,,,,,,nan,,,,,,,,,,,,,,,
33,1531.2532958984375,0.015295634046196938,1.5295634046196938,349.66087007522583,10000,ppo,ppo,crawler,flat,obs_dth_tot_direct,,,,,,,,,,,,,,,0.0025265669880498074,0,781,0.0,0.0,,,,,,,,,,,,,,,,,,,,,,,,,,,,,,,,,,,,,,,,,,,,,,,,,,,,,,,,,,,,,,,,,,,,,,,,,,nan,,,,,,,,,,,,,,,
34,1568.865478515625,0.01567211002111435,1.567211002111435,359.9815056324005,10000,ppo,ppo,crawler,flat,obs_dth_tot_direct,,,,,,,,,,,,,,,0.0027813194370472317,0,781,0.0,0.0,,,,,,,,,,,,,,,,,,,,,,,,,,,,,,,,,,,,,,,,,,,,,,,,,,,,,,,,,,,,,,,,,,,,,,,,,,nan,,,,,,,,,,,,,,,
35,1560.7713623046875,0.01559222862124443,1.559222862124443,370.30468010902405,10000,ppo,ppo,crawler,flat,obs_dth_tot_direct,,,,,,,,,,,,,,,0.0020905045457486906,0,781,0.0,0.0,,,,,,,,,,,,,,,,,,,,,,,,,,,,,,,,,,,,,,,,,,,,,,,,,,,,,,,,,,,,,,,,,,,,,,,,,,nan,,,,,,,,,,,,,,,
36,1611.602783203125,0.016099534928798676,1.6099534928798676,380.08444237709045,10000,ppo,ppo,crawler,flat,obs_dth_tot_direct,,,,,,,,,,,,,,,0.003092982151298742,0,781,0.0,0.0,,,,,,,,,,,,,,,,,,,,,,,,,,,,,,,,,,,,,,,,,,,,,,,,,,,,,,,,,,,,,,,,,,,,,,,,,,nan,,,,,,,,,,,,,,,
37,1607.4603271484375,0.01605839841067791,1.605839841067791,390.18437576293945,10000,ppo,ppo,crawler,flat,obs_dth_tot_direct,,,,,,,,,,,,,,,0.0028564895683454283,0,781,0.0,0.0,,,,,,,,,,,,,,,,,,,,,,,,,,,,,,,,,,,,,,,,,,,,,,,,,,,,,,,,,,,,,,,,,,,,,,,,,,nan,,,,,,,,,,,,,,,
38,1598.6468505859375,0.01596834696829319,1.596834696829319,400.1500654220581,10000,ppo,ppo,crawler,flat,obs_dth_tot_direct,,,,,,,,,,,,,,,0.002411797865211453,0,781,0.0,0.0,,,,,,,,,,,,,,,,,,,,,,,,,,,,,,,,,,,,,,,,,,,,,,,,,,,,,,,,,,,,,,,,,,,,,,,,,,nan,,,,,,,,,,,,,,,
39,1608.3333740234375,0.016065120697021484,1.6065120697021484,409.95028018951416,10000,ppo,ppo,crawler,flat,obs_dth_tot_direct,,,,,,,,,,,,,,,0.0024088182888281928,0,781,0.0,0.0,,,,,,,,,,,,,,,,,,,,,,,,,,,,,,,,,,,,,,,,,,,,,,,,,,,,,,,,,,,,,,,,,,,,,,,,,,nan,,,,,,,,,,,,,,,
40,1637.7900390625,0.01636265218257904,1.636265218257904,419.6740999221802,10000,ppo,ppo,crawler,flat,obs_dth_tot_direct,,,,,,,,,,,,,,,0.002169984494949811,0,781,0.0,0.0,,,,,,,,,,,,,,,,,,,,,,,,,,,,,,,,,,,,,,,,,,,,,,,,,,,,,,,,,,,,,,,,,,,,,,,,,,nan,,,,,,,,,,,,,,,
41,1675.0921630859375,0.016732001677155495,1.6732001677155495,429.79228377342224,10000,ppo,ppo,crawler,flat,obs_dth_tot_direct,,,,,,,,,,,,,,,0.002867475166830784,0,781,0.0,0.0,,,,,,,,,,,,,,,,,,,,,,,,,,,,,,,,,,,,,,,,,,,,,,,,,,,,,,,,,,,,,,,,,,,,,,,,,,nan,,,,,,,,,,,,,,,
42,1658.3251953125,0.016565930098295212,1.6565930098295212,439.73253440856934,10000,ppo,ppo,crawler,flat,obs_dth_tot_direct,,,,,,,,,,,,,,,0.00274637096510802,0,781,0.0,0.0,,,,,,,,,,,,,,,,,,,,,,,,,,,,,,,,,,,,,,,,,,,,,,,,,,,,,,,,,,,,,,,,,,,,,,,,,,nan,,,,,,,,,,,,,,,
43,1687.207275390625,0.016854863613843918,1.6854863613843918,449.71605491638184,10000,ppo,ppo,crawler,flat,obs_dth_tot_direct,,,,,,,,,,,,,,,0.002463112429951216,0,781,0.0,0.0,,,,,,,,,,,,,,,,,,,,,,,,,,,,,,,,,,,,,,,,,,,,,,,,,,,,,,,,,,,,,,,,,,,,,,,,,,nan,,,,,,,,,,,,,,,
44,1620.6722412109375,0.016191644594073296,1.6191644594073296,460.2473957538605,10000,ppo,ppo,crawler,flat,obs_dth_tot_direct,,,,,,,,,,,,,,,0.0027006522037661108,0,781,0.0,0.0,,,,,,,,,,,,,,,,,,,,,,,,,,,,,,,,,,,,,,,,,,,,,,,,,,,,,,,,,,,,,,,,,,,,,,,,,,nan,,,,,,,,,,,,,,,
45,1634.9771728515625,0.016334224492311478,1.6334224492311478,469.9282946586609,10000,ppo,ppo,crawler,flat,obs_dth_tot_direct,,,,,,,,,,,,,,,0.0025116792213629034,0,781,0.0,0.0,,,,,,,,,,,,,,,,,,,,,,,,,,,,,,,,,,,,,,,,,,,,,,,,,,,,,,,,,,,,,,,,,,,,,,,,,,nan,,,,,,,,,,,,,,,
46,1682.95703125,0.016812631860375404,1.6812631860375404,479.93972539901733,10000,ppo,ppo,crawler,flat,obs_dth_tot_direct,,,,,,,,,,,,,,,0.002905576486712244,0,781,0.0,0.0,,,,,,,,,,,,,,,,,,,,,,,,,,,,,,,,,,,,,,,,,,,,,,,,,,,,,,,,,,,,,,,,,,,,,,,,,,nan,,,,,,,,,,,,,,,
47,1665.72265625,0.016640555113554,1.6640555113554,490.0960693359375,10000,ppo,ppo,crawler,flat,obs_dth_tot_direct,,,,,,,,,,,,,,,0.0027896796455257646,0,781,0.0,0.0,,,,,,,,,,,,,,,,,,,,,,,,,,,,,,,,,,,,,,,,,,,,,,,,,,,,,,,,,,,,,,,,,,,,,,,,,,nan,,,,,,,,,,,,,,,
48,1708.033203125,0.017062876373529434,1.7062876373529434,500.1072676181793,10000,ppo,ppo,crawler,flat,obs_dth_tot_direct,,,,,,,,,,,,,,,0.0021599788547931806,0,781,0.0,0.0,,,,,,,,,,,,,,,,,,,,,,,,,,,,,,,,,,,,,,,,,,,,,,,,,,,,,,,,,,,,,,,,,,,,,,,,,,nan,,,,,,,,,,,,,,,
49,1707.210205078125,0.017053993418812752,1.7053993418812752,509.71109104156494,10000,ppo,ppo,crawler,flat,obs_dth_tot_direct,,,,,,,,,,,,,,,0.002584541908104565,0,781,0.0,0.0,,,,,,,,,,,,,,,,,,,,,,,,,,,,,,,,,,,,,,,,,,,,,,,,,,,,,,,,,,,,,,,,,,,,,,,,,,nan,,,,,,,,,,,,,,,
50,1750.0689697265625,0.01748165301978588,1.748165301978588,521.0312087535858,10000,ppo,ppo,crawler,flat,obs_dth_tot_direct,,,,,,,,,,,,,,,0.0027293292410312405,0,781,0.0,0.0,,,,,,,,,,,,,,,,,,,,,,,,,,,,,,,,,,,,,,,,,,,,,,,,,,,,,,,,,,,,,,,,,,,,,,,,,,nan,,,,,,,,,,,,,,,
51,1756.5946044921875,0.01754695363342762,1.754695363342762,530.9013986587524,10000,ppo,ppo,crawler,flat,obs_dth_tot_direct,,,,,,,,,,,,,,,0.0028100770189069544,0,781,0.0,0.0,,,,,,,,,,,,,,,,,,,,,,,,,,,,,,,,,,,,,,,,,,,,,,,,,,,,,,,,,,,,,,,,,,,,,,,,,,nan,,,,,,,,,,,,,,,
52,1711.042236328125,0.017091624438762665,1.7091624438762665,541.1207263469696,10000,ppo,ppo,crawler,flat,obs_dth_tot_direct,,,,,,,,,,,,,,,0.0026540886362355926,0,781,0.0,0.0,,,,,,,,,,,,,,,,,,,,,,,,,,,,,,,,,,,,,,,,,,,,,,,,,,,,,,,,,,,,,,,,,,,,,,,,,,nan,,,,,,,,,,,,,,,
53,1745.861328125,0.01744017004966736,1.7440170049667358,552.62939620018,10000,ppo,ppo,crawler,flat,obs_dth_tot_direct,,,,,,,,,,,,,,,0.0020483837398970104,0,781,0.0,0.0,,,,,,,,,,,,,,,,,,,,,,,,,,,,,,,,,,,,,,,,,,,,,,,,,,,,,,,,,,,,,,,,,,,,,,,,,,nan,,,,,,,,,,,,,,,
54,1830.9635009765625,0.0182902030646801,1.82902030646801,562.9049139022827,10000,ppo,ppo,crawler,flat,obs_dth_tot_direct,,,,,,,,,,,,,,,0.0025215745794974717,0,781,0.0,0.0,,,,,,,,,,,,,,,,,,,,,,,,,,,,,,,,,,,,,,,,,,,,,,,,,,,,,,,,,,,,,,,,,,,,,,,,,,nan,,,,,,,,,,,,,,,
55,1787.5374755859375,0.017855145037174225,1.7855145037174225,572.9161152839661,10000,ppo,ppo,crawler,flat,obs_dth_tot_direct,,,,,,,,,,,,,,,0.0023906522217248143,0,781,0.0,0.0,,,,,,,,,,,,,,,,,,,,,,,,,,,,,,,,,,,,,,,,,,,,,,,,,,,,,,,,,,,,,,,,,,,,,,,,,,nan,,,,,,,,,,,,,,,
56,1833.919189453125,0.018318088725209236,1.8318088725209236,582.9961576461792,10000,ppo,ppo,crawler,flat,obs_dth_tot_direct,,,,,,,,,,,,,,,0.0027235837175678718,0,781,0.0,0.0,,,,,,,,,,,,,,,,,,,,,,,,,,,,,,,,,,,,,,,,,,,,,,,,,,,,,,,,,,,,,,,,,,,,,,,,,,nan,,,,,,,,,,,,,,,
57,1872.2197265625,0.018702872097492218,1.8702872097492218,593.3025634288788,10000,ppo,ppo,crawler,flat,obs_dth_tot_direct,,,,,,,,,,,,,,,0.0027276741440409842,0,781,0.0,0.0,,,,,,,,,,,,,,,,,,,,,,,,,,,,,,,,,,,,,,,,,,,,,,,,,,,,,,,,,,,,,,,,,,,,,,,,,,nan,,,,,,,,,,,,,,,
58,1842.2708740234375,0.01840418577194214,1.8404185771942139,603.6636497974396,10000,ppo,ppo,crawler,flat,obs_dth_tot_direct,,,,,,,,,,,,,,,0.002854723922523817,0,781,0.0,0.0,,,,,,,,,,,,,,,,,,,,,,,,,,,,,,,,,,,,,,,,,,,,,,,,,,,,,,,,,,,,,,,,,,,,,,,,,,nan,,,,,,,,,,,,,,,
59,1902.153564453125,0.01900029368698597,1.900029368698597,614.061684846878,10000,ppo,ppo,crawler,flat,obs_dth_tot_direct,,,,,,,,,,,,,,,0.002413721329019308,0,781,0.0,0.0,,,,,,,,,,,,,,,,,,,,,,,,,,,,,,,,,,,,,,,,,,,,,,,,,,,,,,,,,,,,,,,,,,,,,,,,,,nan,,,,,,,,,,,,,,,
60,1828.1888427734375,0.018261833116412163,1.8261833116412163,624.037070274353,10000,ppo,ppo,crawler,flat,obs_dth_tot_direct,,,,,,,,,,,,,,,0.0023862491578716,0,781,0.0,0.0,,,,,,,,,,,,,,,,,,,,,,,,,,,,,,,,,,,,,,,,,,,,,,,,,,,,,,,,,,,,,,,,,,,,,,,,,,nan,,,,,,,,,,,,,,,
61,1924.1845703125,0.019220614805817604,1.9220614805817604,634.0160310268402,10000,ppo,ppo,crawler,flat,obs_dth_tot_direct,,,,,,,,,,,,,,,0.002685616486711336,0,781,0.0,0.0,,,,,,,,,,,,,,,,,,,,,,,,,,,,,,,,,,,,,,,,,,,,,,,,,,,,,,,,,,,,,,,,,,,,,,,,,,nan,,,,,,,,,,,,,,,
62,1901.6434326171875,0.018998082727193832,1.8998082727193832,644.1087236404419,10000,ppo,ppo,crawler,flat,obs_dth_tot_direct,,,,,,,,,,,,,,,0.0021727635081581326,0,781,0.0,0.0,,,,,,,,,,,,,,,,,,,,,,,,,,,,,,,,,,,,,,,,,,,,,,,,,,,,,,,,,,,,,,,,,,,,,,,,,,nan,,,,,,,,,,,,,,,
63,1897.2822265625,0.018952297046780586,1.8952297046780586,653.6847023963928,10000,ppo,ppo,crawler,flat,obs_dth_tot_direct,,,,,,,,,,,,,,,0.0026999066285909924,0,781,0.0,0.0,,,,,,,,,,,,,,,,,,,,,,,,,,,,,,,,,,,,,,,,,,,,,,,,,,,,,,,,,,,,,,,,,,,,,,,,,,nan,,,,,,,,,,,,,,,
64,1826.227783203125,0.018242863938212395,1.8242863938212395,663.5591671466827,10000,ppo,ppo,crawler,flat,obs_dth_tot_direct,,,,,,,,,,,,,,,0.0035330196901927494,0,781,0.0,0.0,,,,,,,,,,,,,,,,,,,,,,,,,,,,,,,,,,,,,,,,,,,,,,,,,,,,,,,,,,,,,,,,,,,,,,,,,,nan,,,,,,,,,,,,,,,
65,1881.703125,0.01879732683300972,1.879732683300972,673.5260977745056,10000,ppo,ppo,crawler,flat,obs_dth_tot_direct,,,,,,,,,,,,,,,0.002855417284001571,0,781,0.0,0.0,,,,,,,,,,,,,,,,,,,,,,,,,,,,,,,,,,,,,,,,,,,,,,,,,,,,,,,,,,,,,,,,,,,,,,,,,,nan,,,,,,,,,,,,,,,
66,1825.309814453125,0.018232567235827446,1.8232567235827446,683.8832604885101,10000,ppo,ppo,crawler,flat,obs_dth_tot_direct,,,,,,,,,,,,,,,0.0025932065929053713,0,781,0.0,0.0,,,,,,,,,,,,,,,,,,,,,,,,,,,,,,,,,,,,,,,,,,,,,,,,,,,,,,,,,,,,,,,,,,,,,,,,,,nan,,,,,,,,,,,,,,,
67,1866.5819091796875,0.018646206706762314,1.8646206706762314,694.0402374267578,10000,ppo,ppo,crawler,flat,obs_dth_tot_direct,,,,,,,,,,,,,,,0.002878085864037347,0,781,0.0,0.0,,,,,,,,,,,,,,,,,,,,,,,,,,,,,,,,,,,,,,,,,,,,,,,,,,,,,,,,,,,,,,,,,,,,,,,,,,nan,,,,,,,,,,,,,,,
68,1871.8133544921875,0.018697064369916916,1.8697064369916916,704.1438109874725,10000,ppo,ppo,crawler,flat,obs_dth_tot_direct,,,,,,,,,,,,,,,0.0025039831471355954,0,781,0.0,0.0,,,,,,,,,,,,,,,,,,,,,,,,,,,,,,,,,,,,,,,,,,,,,,,,,,,,,,,,,,,,,,,,,,,,,,,,,,nan,,,,,,,,,,,,,,,
69,1815.6722412109375,0.018135936930775642,1.8135936930775642,714.0691659450531,10000,ppo,ppo,crawler,flat,obs_dth_tot_direct,,,,,,,,,,,,,,,0.004021257830334285,0,781,0.0,0.0,,,,,,,,,,,,,,,,,,,,,,,,,,,,,,,,,,,,,,,,,,,,,,,,,,,,,,,,,,,,,,,,,,,,,,,,,,nan,,,,,,,,,,,,,,,
70,1798.0103759765625,0.017960848286747932,1.7960848286747932,724.4014012813568,10000,ppo,ppo,crawler,flat,obs_dth_tot_direct,,,,,,,,,,,,,,,0.0028589505494418985,0,781,0.0,0.0,,,,,,,,,,,,,,,,,,,,,,,,,,,,,,,,,,,,,,,,,,,,,,,,,,,,,,,,,,,,,,,,,,,,,,,,,,nan,,,,,,,,,,,,,,,
71,1853.751953125,0.0185182336717844,1.85182336717844,734.6359329223633,10000,ppo,ppo,crawler,flat,obs_dth_tot_direct,,,,,,,,,,,,,,,0.0021823735968456866,0,781,0.0,0.0,,,,,,,,,,,,,,,,,,,,,,,,,,,,,,,,,,,,,,,,,,,,,,,,,,,,,,,,,,,,,,,,,,,,,,,,,,nan,,,,,,,,,,,,,,,
72,1792.9461669921875,0.017910581082105637,1.7910581082105637,744.288097858429,10000,ppo,ppo,crawler,flat,obs_dth_tot_direct,,,,,,,,,,,,,,,0.0025047437926153594,0,781,0.0,0.0,,,,,,,,,,,,,,,,,,,,,,,,,,,,,,,,,,,,,,,,,,,,,,,,,,,,,,,,,,,,,,,,,,,,,,,,,,nan,,,,,,,,,,,,,,,
73,1832.005859375,0.018300266936421394,1.8300266936421394,753.0480167865753,10000,ppo,ppo,crawler,flat,obs_dth_tot_direct,,,,,,,,,,,,,,,0.00255465950482101,0,781,0.0,0.0,,,,,,,,,,,,,,,,,,,,,,,,,,,,,,,,,,,,,,,,,,,,,,,,,,,,,,,,,,,,,,,,,,,,,,,,,,nan,,,,,,,,,,,,,,,
74,1769.4320068359375,0.01767938770353794,1.767938770353794,762.258312702179,10000,ppo,ppo,crawler,flat,obs_dth_tot_direct,,,,,,,,,,,,,,,0.0028230428897943172,0,781,0.0,0.0,,,,,,,,,,,,,,,,,,,,,,,,,,,,,,,,,,,,,,,,,,,,,,,,,,,,,,,,,,,,,,,,,,,,,,,,,,nan,,,,,,,,,,,,,,,
75,1796.8486328125,0.01794951781630516,1.794951781630516,771.2322449684143,10000,ppo,ppo,crawler,flat,obs_dth_tot_direct,,,,,,,,,,,,,,,0.0021422234151866845,0,781,0.0,0.0,,,,,,,,,,,,,,,,,,,,,,,,,,,,,,,,,,,,,,,,,,,,,,,,,,,,,,,,,,,,,,,,,,,,,,,,,,nan,,,,,,,,,,,,,,,
76,1892.0555419921875,0.018902180716395378,1.8902180716395378,780.2979474067688,10000,ppo,ppo,crawler,flat,obs_dth_tot_direct,,,,,,,,,,,,,,,0.002281843220708595,0,781,0.0,0.0,,,,,,,,,,,,,,,,,,,,,,,,,,,,,,,,,,,,,,,,,,,,,,,,,,,,,,,,,,,,,,,,,,,,,,,,,,nan,,,,,,,,,,,,,,,
77,1882.8980712890625,0.018809746950864792,1.8809746950864792,789.6412525177002,10000,ppo,ppo,crawler,flat,obs_dth_tot_direct,,,,,,,,,,,,,,,0.0025375009551406895,0,781,0.0,0.0,,,,,,,,,,,,,,,,,,,,,,,,,,,,,,,,,,,,,,,,,,,,,,,,,,,,,,,,,,,,,,,,,,,,,,,,,,nan,,,,,,,,,,,,,,,
78,1843.6207275390625,0.018416643142700195,1.8416643142700195,799.6420423984528,10000,ppo,ppo,crawler,flat,obs_dth_tot_direct,,,,,,,,,,,,,,,0.0029649417406761645,0,781,0.0,0.0,,,,,,,,,,,,,,,,,,,,,,,,,,,,,,,,,,,,,,,,,,,,,,,,,,,,,,,,,,,,,,,,,,,,,,,,,,nan,,,,,,,,,,,,,,,
79,1845.4765625,0.018434302881360054,1.8434302881360054,809.6831791400909,10000,ppo,ppo,crawler,flat,obs_dth_tot_direct,,,,,,,,,,,,,,,0.0023784243929729156,0,781,0.0,0.0,,,,,,,,,,,,,,,,,,,,,,,,,,,,,,,,,,,,,,,,,,,,,,,,,,,,,,,,,,,,,,,,,,,,,,,,,,nan,,,,,,,,,,,,,,,
80,1801.841064453125,0.01799958571791649,1.7999585717916489,820.4139533042908,10000,ppo,ppo,crawler,flat,obs_dth_tot_direct,,,,,,,,,,,,,,,0.002422368501955471,0,781,0.0,0.0,,,,,,,,,,,,,,,,,,,,,,,,,,,,,,,,,,,,,,,,,,,,,,,,,,,,,,,,,,,,,,,,,,,,,,,,,,nan,,,,,,,,,,,,,,,
81,1876.8441162109375,0.018746841698884964,1.8746841698884964,831.5999338626862,10000,ppo,ppo,crawler,flat,obs_dth_tot_direct,,,,,,,,,,,,,,,0.0021130275065550865,0,781,0.0,0.0,,,,,,,,,,,,,,,,,,,,,,,,,,,,,,,,,,,,,,,,,,,,,,,,,,,,,,,,,,,,,,,,,,,,,,,,,,nan,,,,,,,,,,,,,,,
82,1890.0220947265625,0.01888047344982624,1.888047344982624,841.6870682239532,10000,ppo,ppo,crawler,flat,obs_dth_tot_direct,,,,,,,,,,,,,,,0.002379376060559134,0,781,0.0,0.0,,,,,,,,,,,,,,,,,,,,,,,,,,,,,,,,,,,,,,,,,,,,,,,,,,,,,,,,,,,,,,,,,,,,,,,,,,nan,,,,,,,,,,,,,,,
83,1872.8021240234375,0.018710045143961906,1.8710045143961906,851.7035772800446,10000,ppo,ppo,crawler,flat,obs_dth_tot_direct,,,,,,,,,,,,,,,0.003370916292129974,0,781,0.0,0.0,,,,,,,,,,,,,,,,,,,,,,,,,,,,,,,,,,,,,,,,,,,,,,,,,,,,,,,,,,,,,,,,,,,,,,,,,,nan,,,,,,,,,,,,,,,
84,1897.8101806640625,0.01896090991795063,1.896090991795063,861.6690926551819,10000,ppo,ppo,crawler,flat,obs_dth_tot_direct,,,,,,,,,,,,,,,0.002081818581266277,0,781,0.0,0.0,,,,,,,,,,,,,,,,,,,,,,,,,,,,,,,,,,,,,,,,,,,,,,,,,,,,,,,,,,,,,,,,,,,,,,,,,,nan,,,,,,,,,,,,,,,
85,1781.6922607421875,0.017800189554691315,1.7800189554691315,872.0152037143707,10000,ppo,ppo,crawler,flat,obs_dth_tot_direct,,,,,,,,,,,,,,,0.00296031526024847,0,781,0.0,0.0,,,,,,,,,,,,,,,,,,,,,,,,,,,,,,,,,,,,,,,,,,,,,,,,,,,,,,,,,,,,,,,,,,,,,,,,,,nan,,,,,,,,,,,,,,,
86,1802.3284912109375,0.018004583194851875,1.8004583194851875,882.0825443267822,10000,ppo,ppo,crawler,flat,obs_dth_tot_direct,,,,,,,,,,,,,,,0.0033094069177713047,0,781,0.0,0.0,,,,,,,,,,,,,,,,,,,,,,,,,,,,,,,,,,,,,,,,,,,,,,,,,,,,,,,,,,,,,,,,,,,,,,,,,,nan,,,,,,,,,,,,,,,
87,1808.9281005859375,0.018069488927721977,1.8069488927721977,892.1466722488403,10000,ppo,ppo,crawler,flat,obs_dth_tot_direct,,,,,,,,,,,,,,,0.0017357256720025897,0,781,0.0,0.0,,,,,,,,,,,,,,,,,,,,,,,,,,,,,,,,,,,,,,,,,,,,,,,,,,,,,,,,,,,,,,,,,,,,,,,,,,nan,,,,,,,,,,,,,,,
88,1752.8192138671875,0.01750849559903145,1.7508495599031448,902.3937120437622,10000,ppo,ppo,crawler,flat,obs_dth_tot_direct,,,,,,,,,,,,,,,0.002299664056769804,0,781,0.0,0.0,,,,,,,,,,,,,,,,,,,,,,,,,,,,,,,,,,,,,,,,,,,,,,,,,,,,,,,,,,,,,,,,,,,,,,,,,,nan,,,,,,,,,,,,,,,
89,1796.4476318359375,0.017945172265172005,1.7945172265172005,912.6940207481384,10000,ppo,ppo,crawler,flat,obs_dth_tot_direct,,,,,,,,,,,,,,,0.00289830536400916,0,781,0.0,0.0,,,,,,,,,,,,,,,,,,,,,,,,,,,,,,,,,,,,,,,,,,,,,,,,,,,,,,,,,,,,,,,,,,,,,,,,,,nan,,,,,,,,,,,,,,,
90,1832.2601318359375,0.018301667645573616,1.8301667645573616,922.2540030479431,10000,ppo,ppo,crawler,flat,obs_dth_tot_direct,,,,,,,,,,,,,,,0.0019606994128212596,0,781,0.0,0.0,,,,,,,,,,,,,,,,,,,,,,,,,,,,,,,,,,,,,,,,,,,,,,,,,,,,,,,,,,,,,,,,,,,,,,,,,,nan,,,,,,,,,,,,,,,
91,1844.6627197265625,0.018427347764372826,1.8427347764372826,932.2153251171112,10000,ppo,ppo,crawler,flat,obs_dth_tot_direct,,,,,,,,,,,,,,,0.002716071560571063,0,781,0.0,0.0,,,,,,,,,,,,,,,,,,,,,,,,,,,,,,,,,,,,,,,,,,,,,,,,,,,,,,,,,,,,,,,,,,,,,,,,,,nan,,,,,,,,,,,,,,,
92,1874.482421875,0.018722902983427048,1.8722902983427048,942.8489553928375,10000,ppo,ppo,crawler,flat,obs_dth_tot_direct,,,,,,,,,,,,,,,0.0018981460293005317,0,781,0.0,0.0,,,,,,,,,,,,,,,,,,,,,,,,,,,,,,,,,,,,,,,,,,,,,,,,,,,,,,,,,,,,,,,,,,,,,,,,,,nan,,,,,,,,,,,,,,,
93,1890.6728515625,0.018888110294938087,1.8888110294938087,953.7403945922852,10000,ppo,ppo,crawler,flat,obs_dth_tot_direct,,,,,,,,,,,,,,,0.0024229156505907144,0,781,0.0,0.0,,,,,,,,,,,,,,,,,,,,,,,,,,,,,,,,,,,,,,,,,,,,,,,,,,,,,,,,,,,,,,,,,,,,,,,,,,nan,,,,,,,,,,,,,,,
94,1913.6685791015625,0.01911567710340023,1.911567710340023,963.6274318695068,10000,ppo,ppo,crawler,flat,obs_dth_tot_direct,,,,,,,,,,,,,,,0.003281599818535087,0,781,0.0,0.0,,,,,,,,,,,,,,,,,,,,,,,,,,,,,,,,,,,,,,,,,,,,,,,,,,,,,,,,,,,,,,,,,,,,,,,,,,nan,,,,,,,,,,,,,,,
95,1839.431884765625,0.018376123160123825,1.8376123160123825,974.9659922122955,10000,ppo,ppo,crawler,flat,obs_dth_tot_direct,,,,,,,,,,,,,,,0.002458278876308706,0,781,0.0,0.0,,,,,,,,,,,,,,,,,,,,,,,,,,,,,,,,,,,,,,,,,,,,,,,,,,,,,,,,,,,,,,,,,,,,,,,,,,nan,,,,,,,,,,,,,,,
96,1911.4619140625,0.01909557357430458,1.909557357430458,985.6660885810852,10000,ppo,ppo,crawler,flat,obs_dth_tot_direct,,,,,,,,,,,,,,,0.0017587678067999906,0,781,0.0,0.0,,,,,,,,,,,,,,,,,,,,,,,,,,,,,,,,,,,,,,,,,,,,,,,,,,,,,,,,,,,,,,,,,,,,,,,,,,nan,,,,,,,,,,,,,,,
97,1861.359375,0.018594473600387573,1.8594473600387573,995.6079530715942,10000,ppo,ppo,crawler,flat,obs_dth_tot_direct,,,,,,,,,,,,,,,0.0029151977633912218,0,781,0.0,0.0,,,,,,,,,,,,,,,,,,,,,,,,,,,,,,,,,,,,,,,,,,,,,,,,,,,,,,,,,,,,,,,,,,,,,,,,,,nan,,,,,,,,,,,,,,,
98,1824.6051025390625,0.018227556720376015,1.8227556720376015,1005.4090147018433,10000,ppo,ppo,crawler,flat,obs_dth_tot_direct,,,,,,,,,,,,,,,0.0019770207262029913,0,781,0.0,0.0,,,,,,,,,,,,,,,,,,,,,,,,,,,,,,,,,,,,,,,,,,,,,,,,,,,,,,,,,,,,,,,,,,,,,,,,,,nan,,,,,,,,,,,,,,,
99,1773.9859619140625,0.017721960321068764,1.7721960321068764,1015.3502242565155,10000,ppo,ppo,crawler,flat,obs_dth_tot_direct,,,,,,,,,,,,,,,0.002298219811072765,0,781,0.0,0.0,,,,,,,,,,,,,,,,,,,,,,,,,,,,,,,,,,,,,,,,,,,,,,,,,,,,,,,,,,,,,,,,,,,,,,,,,,nan,,,,,,,,,,,,,,,
100,1913.0086669921875,0.019110217690467834,1.9110217690467834,1025.0879435539246,10000,ppo,ppo,crawler,flat,obs_dth_tot_direct,,,,,,,,,,,,,,,0.0014951774754922058,0,781,0.0,0.0,,,,,,,,,,,,,,,,,,,,,,,,,,,,,,,,,,,,,,,,,,,,,,,,,,,,,,,,,,,,,,,,,,,,,,,,,,nan,,,,,,,,,,,,,,,
101,1890.853515625,0.018889162689447403,1.8889162689447403,1034.9999985694885,10000,ppo,ppo,crawler,flat,obs_dth_tot_direct,,,,,,,,,,,,,,,0.0017872936271169646,0,781,0.0,0.0,,,,,,,,,,,,,,,,,,,,,,,,,,,,,,,,,,,,,,,,,,,,,,,,,,,,,,,,,,,,,,,,,,,,,,,,,,nan,,,,,,,,,,,,,,,
102,1892.3621826171875,0.018906425684690475,1.8906425684690475,1044.9441096782684,10000,ppo,ppo,crawler,flat,obs_dth_tot_direct,,,,,,,,,,,,,,,0.002543016159142309,0,781,0.0,0.0,,,,,,,,,,,,,,,,,,,,,,,,,,,,,,,,,,,,,,,,,,,,,,,,,,,,,,,,,,,,,,,,,,,,,,,,,,nan,,,,,,,,,,,,,,,
103,1817.6317138671875,0.01815623603761196,1.8156236037611961,1055.3294775485992,10000,ppo,ppo,crawler,flat,obs_dth_tot_direct,,,,,,,,,,,,,,,0.0024600476797451156,0,781,0.0,0.0,,,,,,,,,,,,,,,,,,,,,,,,,,,,,,,,,,,,,,,,,,,,,,,,,,,,,,,,,,,,,,,,,,,,,,,,,,nan,,,,,,,,,,,,,,,
104,1806.8426513671875,0.018051156774163246,1.8051156774163246,1065.0478303432465,10000,ppo,ppo,crawler,flat,obs_dth_tot_direct,,,,,,,,,,,,,,,0.0024184194556618865,0,781,0.0,0.0,,,,,,,,,,,,,,,,,,,,,,,,,,,,,,,,,,,,,,,,,,,,,,,,,,,,,,,,,,,,,,,,,,,,,,,,,,nan,,,,,,,,,,,,,,,
105,1803.9368896484375,0.01802028715610504,1.8020287156105042,1074.8313982486725,10000,ppo,ppo,crawler,flat,obs_dth_tot_direct,,,,,,,,,,,,,,,0.0037079318806114998,0,781,0.0,0.0,,,,,,,,,,,,,,,,,,,,,,,,,,,,,,,,,,,,,,,,,,,,,,,,,,,,,,,,,,,,,,,,,,,,,,,,,,nan,,,,,,,,,,,,,,,
106,1755.9453125,0.017539547756314278,1.7539547756314278,1084.564344882965,10000,ppo,ppo,crawler,flat,obs_dth_tot_direct,,,,,,,,,,,,,,,0.0023472683561252985,0,781,0.0,0.0,,,,,,,,,,,,,,,,,,,,,,,,,,,,,,,,,,,,,,,,,,,,,,,,,,,,,,,,,,,,,,,,,,,,,,,,,,nan,,,,,,,,,,,,,,,
107,1837.5618896484375,0.018355844542384148,1.8355844542384148,1094.5886633396149,10000,ppo,ppo,crawler,flat,obs_dth_tot_direct,,,,,,,,,,,,,,,0.0033934813781775148,0,781,0.0,0.0,,,,,,,,,,,,,,,,,,,,,,,,,,,,,,,,,,,,,,,,,,,,,,,,,,,,,,,,,,,,,,,,,,,,,,,,,,nan,,,,,,,,,,,,,,,
108,1837.6942138671875,0.018355388194322586,1.8355388194322586,1104.3783740997314,10000,ppo,ppo,crawler,flat,obs_dth_tot_direct,,,,,,,,,,,,,,,0.0023238548697529933,0,781,0.0,0.0,,,,,,,,,,,,,,,,,,,,,,,,,,,,,,,,,,,,,,,,,,,,,,,,,,,,,,,,,,,,,,,,,,,,,,,,,,nan,,,,,,,,,,,,,,,
109,1849.9129638671875,0.018477709963917732,1.8477709963917732,1113.9045238494873,10000,ppo,ppo,crawler,flat,obs_dth_tot_direct,,,,,,,,,,,,,,,0.002281777032562326,0,781,0.0,0.0,,,,,,,,,,,,,,,,,,,,,,,,,,,,,,,,,,,,,,,,,,,,,,,,,,,,,,,,,,,,,,,,,,,,,,,,,,nan,,,,,,,,,,,,,,,
110,1902.009033203125,0.018998071551322937,1.8998071551322937,1124.1982333660126,10000,ppo,ppo,crawler,flat,obs_dth_tot_direct,,,,,,,,,,,,,,,0.0010572569580163359,0,781,0.0,0.0,,,,,,,,,,,,,,,,,,,,,,,,,,,,,,,,,,,,,,,,,,,,,,,,,,,,,,,,,,,,,,,,,,,,,,,,,,nan,,,,,,,,,,,,,,,
111,1943.0843505859375,0.019409645348787308,1.9409645348787308,1134.2502200603485,10000,ppo,ppo,crawler,flat,obs_dth_tot_direct,,,,,,,,,,,,,,,0.0013502176243569582,0,781,0.0,0.0,,,,,,,,,,,,,,,,,,,,,,,,,,,,,,,,,,,,,,,,,,,,,,,,,,,,,,,,,,,,,,,,,,,,,,,,,,nan,,,,,,,,,,,,,,,
112,1820.94921875,0.01818857155740261,1.818857155740261,1144.1335167884827,10000,ppo,ppo,crawler,flat,obs_dth_tot_direct,,,,,,,,,,,,,,,0.0027905893945891,0,781,0.0,0.0,,,,,,,,,,,,,,,,,,,,,,,,,,,,,,,,,,,,,,,,,,,,,,,,,,,,,,,,,,,,,,,,,,,,,,,,,,nan,,,,,,,,,,,,,,,
113,1905.0972900390625,0.01903163455426693,1.903163455426693,1154.5088250637054,10000,ppo,ppo,crawler,flat,obs_dth_tot_direct,,,,,,,,,,,,,,,0.0014912989570551936,0,781,0.0,0.0,,,,,,,,,,,,,,,,,,,,,,,,,,,,,,,,,,,,,,,,,,,,,,,,,,,,,,,,,,,,,,,,,,,,,,,,,,nan,,,,,,,,,,,,,,,
114,1980.2606201171875,0.01977931149303913,1.9779311493039131,1164.754045009613,10000,ppo,ppo,crawler,flat,obs_dth_tot_direct,,,,,,,,,,,,,,,0.0015098036700434377,0,781,0.0,0.0,,,,,,,,,,,,,,,,,,,,,,,,,,,,,,,,,,,,,,,,,,,,,,,,,,,,,,,,,,,,,,,,,,,,,,,,,,nan,,,,,,,,,,,,,,,
115,1991.7274169921875,0.019895464181900024,1.9895464181900024,1174.8317699432373,10000,ppo,ppo,crawler,flat,obs_dth_tot_direct,,,,,,,,,,,,,,,0.001950037542222351,0,781,0.0,0.0,,,,,,,,,,,,,,,,,,,,,,,,,,,,,,,,,,,,,,,,,,,,,,,,,,,,,,,,,,,,,,,,,,,,,,,,,,nan,,,,,,,,,,,,,,,
116,1890.7613525390625,0.018885644152760506,1.8885644152760506,1184.4287040233612,10000,ppo,ppo,crawler,flat,obs_dth_tot_direct,,,,,,,,,,,,,,,0.002404778642275315,0,781,0.0,0.0,,,,,,,,,,,,,,,,,,,,,,,,,,,,,,,,,,,,,,,,,,,,,,,,,,,,,,,,,,,,,,,,,,,,,,,,,,nan,,,,,,,,,,,,,,,
117,1984.1136474609375,0.019820384681224823,1.9820384681224823,1194.634128332138,10000,ppo,ppo,crawler,flat,obs_dth_tot_direct,,,,,,,,,,,,,,,0.001822010673019225,0,781,0.0,0.0,,,,,,,,,,,,,,,,,,,,,,,,,,,,,,,,,,,,,,,,,,,,,,,,,,,,,,,,,,,,,,,,,,,,,,,,,,nan,,,,,,,,,,,,,,,
118,1965.0859375,0.019633116200566292,1.9633116200566292,1205.152247428894,10000,ppo,ppo,crawler,flat,obs_dth_tot_direct,,,,,,,,,,,,,,,0.00206970228685195,0,781,0.0,0.0,,,,,,,,,,,,,,,,,,,,,,,,,,,,,,,,,,,,,,,,,,,,,,,,,,,,,,,,,,,,,,,,,,,,,,,,,,nan,,,,,,,,,,,,,,,
119,1944.637939453125,0.0194256529211998,1.9425652921199799,1215.3299767971039,10000,ppo,ppo,crawler,flat,obs_dth_tot_direct,,,,,,,,,,,,,,,0.0017283967955748509,0,781,0.0,0.0,,,,,,,,,,,,,,,,,,,,,,,,,,,,,,,,,,,,,,,,,,,,,,,,,,,,,,,,,,,,,,,,,,,,,,,,,,nan,,,,,,,,,,,,,,,
120,1902.3599853515625,0.019003577530384064,1.9003577530384064,1225.433613061905,10000,ppo,ppo,crawler,flat,obs_dth_tot_direct,,,,,,,,,,,,,,,0.002027529507792999,0,781,0.0,0.0,,,,,,,,,,,,,,,,,,,,,,,,,,,,,,,,,,,,,,,,,,,,,,,,,,,,,,,,,,,,,,,,,,,,,,,,,,nan,,,,,,,,,,,,,,,
121,1852.384765625,0.01850542053580284,1.8505420535802841,1235.9737465381622,10000,ppo,ppo,crawler,flat,obs_dth_tot_direct,,,,,,,,,,,,,,,0.001815226417577119,0,781,0.0,0.0,,,,,,,,,,,,,,,,,,,,,,,,,,,,,,,,,,,,,,,,,,,,,,,,,,,,,,,,,,,,,,,,,,,,,,,,,,nan,,,,,,,,,,,,,,,
122,1883.0982666015625,0.01881224848330021,1.881224848330021,1245.9917879104614,10000,ppo,ppo,crawler,flat,obs_dth_tot_direct,,,,,,,,,,,,,,,0.002317312655310876,0,781,0.0,0.0,,,,,,,,,,,,,,,,,,,,,,,,,,,,,,,,,,,,,,,,,,,,,,,,,,,,,,,,,,,,,,,,,,,,,,,,,,nan,,,,,,,,,,,,,,,
123,1786.4691162109375,0.017845233902335167,1.7845233902335167,1255.7358632087708,10000,ppo,ppo,crawler,flat,obs_dth_tot_direct,,,,,,,,,,,,,,,0.002911885521472319,0,781,0.0,0.0,,,,,,,,,,,,,,,,,,,,,,,,,,,,,,,,,,,,,,,,,,,,,,,,,,,,,,,,,,,,,,,,,,,,,,,,,,nan,,,,,,,,,,,,,,,
124,1700.1278076171875,0.01698204129934311,1.698204129934311,1266.079265832901,10000,ppo,ppo,crawler,flat,obs_dth_tot_direct,,,,,,,,,,,,,,,0.0037660736189058072,0,781,0.0,0.0,,,,,,,,,,,,,,,,,,,,,,,,,,,,,,,,,,,,,,,,,,,,,,,,,,,,,,,,,,,,,,,,,,,,,,,,,,nan,,,,,,,,,,,,,,,
125,1632.10693359375,0.01630338653922081,1.630338653922081,1276.347853899002,10000,ppo,ppo,crawler,flat,obs_dth_tot_direct,,,,,,,,,,,,,,,0.005262264418863043,0,781,0.0,0.0,,,,,,,,,,,,,,,,,,,,,,,,,,,,,,,,,,,,,,,,,,,,,,,,,,,,,,,,,,,,,,,,,,,,,,,,,,nan,,,,,,,,,,,,,,,
126,1778.813720703125,0.01776946894824505,1.7769468948245049,1286.470043182373,10000,ppo,ppo,crawler,flat,obs_dth_tot_direct,,,,,,,,,,,,,,,0.0016250144015371316,0,781,0.0,0.0,,,,,,,,,,,,,,,,,,,,,,,,,,,,,,,,,,,,,,,,,,,,,,,,,,,,,,,,,,,,,,,,,,,,,,,,,,nan,,,,,,,,,,,,,,,
127,1776.0291748046875,0.017741210758686066,1.7741210758686066,1297.1408059597015,10000,ppo,ppo,crawler,flat,obs_dth_tot_direct,,,,,,,,,,,,,,,0.0018645463495237575,0,781,0.0,0.0,,,,,,,,,,,,,,,,,,,,,,,,,,,,,,,,,,,,,,,,,,,,,,,,,,,,,,,,,,,,,,,,,,,,,,,,,,nan,,,,,,,,,,,,,,,
128,1841.6484375,0.018396224826574326,1.8396224826574326,1307.8979885578156,10000,ppo,ppo,crawler,flat,obs_dth_tot_direct,,,,,,,,,,,,,,,0.0036773300993143835,0,781,0.0,0.0,,,,,,,,,,,,,,,,,,,,,,,,,,,,,,,,,,,,,,,,,,,,,,,,,,,,,,,,,,,,,,,,,,,,,,,,,,nan,,,,,,,,,,,,,,,
129,1771.1580810546875,0.017691226676106453,1.7691226676106453,1318.3027045726776,10000,ppo,ppo,crawler,flat,obs_dth_tot_direct,,,,,,,,,,,,,,,0.001567873167604749,0,781,0.0,0.0,,,,,,,,,,,,,,,,,,,,,,,,,,,,,,,,,,,,,,,,,,,,,,,,,,,,,,,,,,,,,,,,,,,,,,,,,,nan,,,,,,,,,,,,,,,
130,1824.7171630859375,0.018229689449071884,1.8229689449071884,1328.2117803096771,10000,ppo,ppo,crawler,flat,obs_dth_tot_direct,,,,,,,,,,,,,,,0.0014677676481579032,0,781,0.0,0.0,,,,,,,,,,,,,,,,,,,,,,,,,,,,,,,,,,,,,,,,,,,,,,,,,,,,,,,,,,,,,,,,,,,,,,,,,,nan,,,,,,,,,,,,,,,
131,1727.6649169921875,0.017258239910006523,1.7258239910006523,1338.5989775657654,10000,ppo,ppo,crawler,flat,obs_dth_tot_direct,,,,,,,,,,,,,,,0.0031788747666762224,0,781,0.0,0.0,,,,,,,,,,,,,,,,,,,,,,,,,,,,,,,,,,,,,,,,,,,,,,,,,,,,,,,,,,,,,,,,,,,,,,,,,,nan,,,,,,,,,,,,,,,
132,1701.3271484375,0.01699329912662506,1.699329912662506,1349.8081994056702,10000,ppo,ppo,crawler,flat,obs_dth_tot_direct,,,,,,,,,,,,,,,0.002311763184151391,0,781,0.0,0.0,,,,,,,,,,,,,,,,,,,,,,,,,,,,,,,,,,,,,,,,,,,,,,,,,,,,,,,,,,,,,,,,,,,,,,,,,,nan,,,,,,,,,,,,,,,
133,1714.9847412109375,0.017131390050053596,1.7131390050053596,1359.8740720748901,10000,ppo,ppo,crawler,flat,obs_dth_tot_direct,,,,,,,,,,,,,,,0.002122920048762594,0,781,0.0,0.0,,,,,,,,,,,,,,,,,,,,,,,,,,,,,,,,,,,,,,,,,,,,,,,,,,,,,,,,,,,,,,,,,,,,,,,,,,nan,,,,,,,,,,,,,,,
134,1805.1336669921875,0.018031008541584015,1.8031008541584015,1370.2898161411285,10000,ppo,ppo,crawler,flat,obs_dth_tot_direct,,,,,,,,,,,,,,,0.001254923365767064,0,781,0.0,0.0,,,,,,,,,,,,,,,,,,,,,,,,,,,,,,,,,,,,,,,,,,,,,,,,,,,,,,,,,,,,,,,,,,,,,,,,,,nan,,,,,,,,,,,,,,,
135,1849.63671875,0.018478555604815483,1.8478555604815483,1380.24667263031,10000,ppo,ppo,crawler,flat,obs_dth_tot_direct,,,,,,,,,,,,,,,0.002281606565430033,0,781,0.0,0.0,,,,,,,,,,,,,,,,,,,,,,,,,,,,,,,,,,,,,,,,,,,,,,,,,,,,,,,,,,,,,,,,,,,,,,,,,,nan,,,,,,,,,,,,,,,
136,1822.814453125,0.018208622932434082,1.8208622932434082,1390.586438179016,10000,ppo,ppo,crawler,flat,obs_dth_tot_direct,,,,,,,,,,,,,,,0.0016147382371842392,0,781,0.0,0.0,,,,,,,,,,,,,,,,,,,,,,,,,,,,,,,,,,,,,,,,,,,,,,,,,,,,,,,,,,,,,,,,,,,,,,,,,,nan,,,,,,,,,,,,,,,
137,1881.797119140625,0.018797114491462708,1.8797114491462708,1400.6089181900024,10000,ppo,ppo,crawler,flat,obs_dth_tot_direct,,,,,,,,,,,,,,,0.0023654115817528837,0,781,0.0,0.0,,,,,,,,,,,,,,,,,,,,,,,,,,,,,,,,,,,,,,,,,,,,,,,,,,,,,,,,,,,,,,,,,,,,,,,,,,nan,,,,,,,,,,,,,,,
138,1837.5830078125,0.01835682801902294,1.8356828019022942,1410.283481836319,10000,ppo,ppo,crawler,flat,obs_dth_tot_direct,,,,,,,,,,,,,,,0.0017829730054309714,0,781,0.0,0.0,,,,,,,,,,,,,,,,,,,,,,,,,,,,,,,,,,,,,,,,,,,,,,,,,,,,,,,,,,,,,,,,,,,,,,,,,,nan,,,,,,,,,,,,,,,
139,1836.9671630859375,0.01835050992667675,1.835050992667675,1420.2401866912842,10000,ppo,ppo,crawler,flat,obs_dth_tot_direct,,,,,,,,,,,,,,,0.0014249697858798912,0,781,0.0,0.0,,,,,,,,,,,,,,,,,,,,,,,,,,,,,,,,,,,,,,,,,,,,,,,,,,,,,,,,,,,,,,,,,,,,,,,,,,nan,,,,,,,,,,,,,,,
140,1825.5679931640625,0.01823948696255684,1.823948696255684,1430.502342224121,10000,ppo,ppo,crawler,flat,obs_dth_tot_direct,,,,,,,,,,,,,,,0.0014445593292586366,0,781,0.0,0.0,,,,,,,,,,,,,,,,,,,,,,,,,,,,,,,,,,,,,,,,,,,,,,,,,,,,,,,,,,,,,,,,,,,,,,,,,,nan,,,,,,,,,,,,,,,
141,1825.096923828125,0.01823250949382782,1.823250949382782,1440.4457876682281,10000,ppo,ppo,crawler,flat,obs_dth_tot_direct,,,,,,,,,,,,,,,0.0018740906458619812,0,781,0.0,0.0,,,,,,,,,,,,,,,,,,,,,,,,,,,,,,,,,,,,,,,,,,,,,,,,,,,,,,,,,,,,,,,,,,,,,,,,,,nan,,,,,,,,,,,,,,,
142,1736.645751953125,0.017349984496831894,1.7349984496831894,1450.2361958026886,10000,ppo,ppo,crawler,flat,obs_dth_tot_direct,,,,,,,,,,,,,,,0.001695158121587768,0,781,0.0,0.0,,,,,,,,,,,,,,,,,,,,,,,,,,,,,,,,,,,,,,,,,,,,,,,,,,,,,,,,,,,,,,,,,,,,,,,,,,nan,,,,,,,,,,,,,,,
143,1884.1507568359375,0.0188234131783247,1.88234131783247,1460.481300830841,10000,ppo,ppo,crawler,flat,obs_dth_tot_direct,,,,,,,,,,,,,,,0.0011044966002419256,0,781,0.0,0.0,,,,,,,,,,,,,,,,,,,,,,,,,,,,,,,,,,,,,,,,,,,,,,,,,,,,,,,,,,,,,,,,,,,,,,,,,,nan,,,,,,,,,,,,,,,
144,1790.9334716796875,0.017890574410557747,1.7890574410557747,1470.1805038452148,10000,ppo,ppo,crawler,flat,obs_dth_tot_direct,,,,,,,,,,,,,,,0.0020508840033505557,0,781,0.0,0.0,,,,,,,,,,,,,,,,,,,,,,,,,,,,,,,,,,,,,,,,,,,,,,,,,,,,,,,,,,,,,,,,,,,,,,,,,,nan,,,,,,,,,,,,,,,
145,1704.7586669921875,0.01703089103102684,1.703089103102684,1480.0955300331116,10000,ppo,ppo,crawler,flat,obs_dth_tot_direct,,,,,,,,,,,,,,,0.001758134379742469,0,781,0.0,0.0,,,,,,,,,,,,,,,,,,,,,,,,,,,,,,,,,,,,,,,,,,,,,,,,,,,,,,,,,,,,,,,,,,,,,,,,,,nan,,,,,,,,,,,,,,,
146,1847.0633544921875,0.018452782183885574,1.8452782183885574,1489.994440317154,10000,ppo,ppo,crawler,flat,obs_dth_tot_direct,,,,,,,,,,,,,,,0.0015439420977039957,0,781,0.0,0.0,,,,,,,,,,,,,,,,,,,,,,,,,,,,,,,,,,,,,,,,,,,,,,,,,,,,,,,,,,,,,,,,,,,,,,,,,,nan,,,,,,,,,,,,,,,
147,1832.9774169921875,0.01831163465976715,1.831163465976715,1500.6391761302948,10000,ppo,ppo,crawler,flat,obs_dth_tot_direct,,,,,,,,,,,,,,,0.0019717384922455406,0,781,0.0,0.0,,,,,,,,,,,,,,,,,,,,,,,,,,,,,,,,,,,,,,,,,,,,,,,,,,,,,,,,,,,,,,,,,,,,,,,,,,nan,,,,,,,,,,,,,,,
148,1882.7366943359375,0.01881086640059948,1.881086640059948,1511.3538732528687,10000,ppo,ppo,crawler,flat,obs_dth_tot_direct,,,,,,,,,,,,,,,0.001434768886969656,0,781,0.0,0.0,,,,,,,,,,,,,,,,,,,,,,,,,,,,,,,,,,,,,,,,,,,,,,,,,,,,,,,,,,,,,,,,,,,,,,,,,,nan,,,,,,,,,,,,,,,
149,1858.4398193359375,0.01856602542102337,1.8566025421023369,1521.4402689933777,10000,ppo,ppo,crawler,flat,obs_dth_tot_direct,,,,,,,,,,,,,,,0.0014305162834024883,0,781,0.0,0.0,,,,,,,,,,,,,,,,,,,,,,,,,,,,,,,,,,,,,,,,,,,,,,,,,,,,,,,,,,,,,,,,,,,,,,,,,,nan,,,,,,,,,,,,,,,
150,1923.6644287109375,0.019216228276491165,1.9216228276491165,1531.6825051307678,10000,ppo,ppo,crawler,flat,obs_dth_tot_direct,,,,,,,,,,,,,,,0.0022851462547925803,0,781,0.0,0.0,,,,,,,,,,,,,,,,,,,,,,,,,,,,,,,,,,,,,,,,,,,,,,,,,,,,,,,,,,,,,,,,,,,,,,,,,,nan,,,,,,,,,,,,,,,
151,1944.4742431640625,0.019423654302954674,1.9423654302954674,1541.7770528793335,10000,ppo,ppo,crawler,flat,obs_dth_tot_direct,,,,,,,,,,,,,,,0.001964584150333332,0,781,0.0,0.0,,,,,,,,,,,,,,,,,,,,,,,,,,,,,,,,,,,,,,,,,,,,,,,,,,,,,,,,,,,,,,,,,,,,,,,,,,nan,,,,,,,,,,,,,,,
152,1918.91015625,0.019165676087141037,1.9165676087141037,1551.7395794391632,10000,ppo,ppo,crawler,flat,obs_dth_tot_direct,,,,,,,,,,,,,,,0.001855607250394356,0,781,0.0,0.0,,,,,,,,,,,,,,,,,,,,,,,,,,,,,,,,,,,,,,,,,,,,,,,,,,,,,,,,,,,,,,,,,,,,,,,,,,nan,,,,,,,,,,,,,,,
153,2077.391357421875,0.02075166627764702,2.075166627764702,1563.113157749176,10000,ppo,ppo,crawler,flat,obs_dth_tot_direct,,,,,,,,,,,,,,,0.0013483766263960115,0,781,0.0,0.0,,,,,,,,,,,,,,,,,,,,,,,,,,,,,,,,,,,,,,,,,,,,,,,,,,,,,,,,,,,,,,,,,,,,,,,,,,nan,,,,,,,,,,,,,,,
154,2040.8599853515625,0.020388908684253693,2.0388908684253693,1573.3638336658478,10000,ppo,ppo,crawler,flat,obs_dth_tot_direct,,,,,,,,,,,,,,,0.0015601286630425142,0,781,0.0,0.0,,,,,,,,,,,,,,,,,,,,,,,,,,,,,,,,,,,,,,,,,,,,,,,,,,,,,,,,,,,,,,,,,,,,,,,,,,nan,,,,,,,,,,,,,,,
155,2107.51123046875,0.02105017565190792,2.105017565190792,1583.4931950569153,10000,ppo,ppo,crawler,flat,obs_dth_tot_direct,,,,,,,,,,,,,,,0.002291926086189884,0,781,0.0,0.0,,,,,,,,,,,,,,,,,,,,,,,,,,,,,,,,,,,,,,,,,,,,,,,,,,,,,,,,,,,,,,,,,,,,,,,,,,nan,,,,,,,,,,,,,,,
156,2064.251708984375,0.02061775140464306,2.061775140464306,1593.111867904663,10000,ppo,ppo,crawler,flat,obs_dth_tot_direct,,,,,,,,,,,,,,,0.0019689191430873254,0,781,0.0,0.0,,,,,,,,,,,,,,,,,,,,,,,,,,,,,,,,,,,,,,,,,,,,,,,,,,,,,,,,,,,,,,,,,,,,,,,,,,nan,,,,,,,,,,,,,,,
157,2156.877685546875,0.021543696522712708,2.1543696522712708,1603.0017187595367,10000,ppo,ppo,crawler,flat,obs_dth_tot_direct,,,,,,,,,,,,,,,0.0026354158377417105,0,781,0.0,0.0,,,,,,,,,,,,,,,,,,,,,,,,,,,,,,,,,,,,,,,,,,,,,,,,,,,,,,,,,,,,,,,,,,,,,,,,,,nan,,,,,,,,,,,,,,,
158,2118.69970703125,0.02116101235151291,2.116101235151291,1613.0495405197144,10000,ppo,ppo,crawler,flat,obs_dth_tot_direct,,,,,,,,,,,,,,,0.0015817603260960887,0,781,0.0,0.0,,,,,,,,,,,,,,,,,,,,,,,,,,,,,,,,,,,,,,,,,,,,,,,,,,,,,,,,,,,,,,,,,,,,,,,,,,nan,,,,,,,,,,,,,,,
159,2100.292236328125,0.020981477573513985,2.0981477573513985,1623.0485496520996,10000,ppo,ppo,crawler,flat,obs_dth_tot_direct,,,,,,,,,,,,,,,0.0017468904524671782,0,781,0.0,0.0,,,,,,,,,,,,,,,,,,,,,,,,,,,,,,,,,,,,,,,,,,,,,,,,,,,,,,,,,,,,,,,,,,,,,,,,,,nan,,,,,,,,,,,,,,,
160,2215.939697265625,0.022134928032755852,2.213492803275585,1633.1117069721222,10000,ppo,ppo,crawler,flat,obs_dth_tot_direct,,,,,,,,,,,,,,,0.0021078283621753704,0,781,0.0,0.0,,,,,,,,,,,,,,,,,,,,,,,,,,,,,,,,,,,,,,,,,,,,,,,,,,,,,,,,,,,,,,,,,,,,,,,,,,nan,,,,,,,,,,,,,,,
161,2162.147705078125,0.021598802879452705,2.1598802879452705,1643.6891114711761,10000,ppo,ppo,crawler,flat,obs_dth_tot_direct,,,,,,,,,,,,,,,0.0013785903373069038,0,781,0.0,0.0,,,,,,,,,,,,,,,,,,,,,,,,,,,,,,,,,,,,,,,,,,,,,,,,,,,,,,,,,,,,,,,,,,,,,,,,,,nan,,,,,,,,,,,,,,,
162,2091.070068359375,0.020888328552246094,2.0888328552246094,1653.8002064228058,10000,ppo,ppo,crawler,flat,obs_dth_tot_direct,,,,,,,,,,,,,,,0.0012668784336247333,0,781,0.0,0.0,,,,,,,,,,,,,,,,,,,,,,,,,,,,,,,,,,,,,,,,,,,,,,,,,,,,,,,,,,,,,,,,,,,,,,,,,,nan,,,,,,,,,,,,,,,
163,2161.5078125,0.021591033786535263,2.1591033786535263,1664.0639877319336,10000,ppo,ppo,crawler,flat,obs_dth_tot_direct,,,,,,,,,,,,,,,0.001975630358559843,0,781,0.0,0.0,,,,,,,,,,,,,,,,,,,,,,,,,,,,,,,,,,,,,,,,,,,,,,,,,,,,,,,,,,,,,,,,,,,,,,,,,,nan,,,,,,,,,,,,,,,
164,2187.729736328125,0.0218521635979414,2.18521635979414,1673.9837124347687,10000,ppo,ppo,crawler,flat,obs_dth_tot_direct,,,,,,,,,,,,,,,0.0015512515253430232,0,781,0.0,0.0,,,,,,,,,,,,,,,,,,,,,,,,,,,,,,,,,,,,,,,,,,,,,,,,,,,,,,,,,,,,,,,,,,,,,,,,,,nan,,,,,,,,,,,,,,,
165,2156.79833984375,0.021548260003328323,2.1548260003328323,1685.6060452461243,10000,ppo,ppo,crawler,flat,obs_dth_tot_direct,,,,,,,,,,,,,,,0.0017918998837022637,0,781,0.0,0.0,,,,,,,,,,,,,,,,,,,,,,,,,,,,,,,,,,,,,,,,,,,,,,,,,,,,,,,,,,,,,,,,,,,,,,,,,,nan,,,,,,,,,,,,,,,
166,2248.45361328125,0.022457418963313103,2.2457418963313103,1696.6464085578918,10000,ppo,ppo,crawler,flat,obs_dth_tot_direct,,,,,,,,,,,,,,,0.001509873074527687,0,781,0.0,0.0,,,,,,,,,,,,,,,,,,,,,,,,,,,,,,,,,,,,,,,,,,,,,,,,,,,,,,,,,,,,,,,,,,,,,,,,,,nan,,,,,,,,,,,,,,,
167,2327.388427734375,0.023249588906764984,2.3249588906764984,1706.7197921276093,10000,ppo,ppo,crawler,flat,obs_dth_tot_direct,,,,,,,,,,,,,,,0.002222300718963063,0,781,0.0,0.0,,,,,,,,,,,,,,,,,,,,,,,,,,,,,,,,,,,,,,,,,,,,,,,,,,,,,,,,,,,,,,,,,,,,,,,,,,nan,,,,,,,,,,,,,,,
168,2241.046142578125,0.02238142117857933,2.238142117857933,1717.544427394867,10000,ppo,ppo,crawler,flat,obs_dth_tot_direct,,,,,,,,,,,,,,,0.0016597398003824063,0,781,0.0,0.0,,,,,,,,,,,,,,,,,,,,,,,,,,,,,,,,,,,,,,,,,,,,,,,,,,,,,,,,,,,,,,,,,,,,,,,,,,nan,,,,,,,,,,,,,,,
169,2328.728515625,0.023264970630407333,2.3264970630407333,1727.5640215873718,10000,ppo,ppo,crawler,flat,obs_dth_tot_direct,,,,,,,,,,,,,,,0.0021760817578605953,0,781,0.0,0.0,,,,,,,,,,,,,,,,,,,,,,,,,,,,,,,,,,,,,,,,,,,,,,,,,,,,,,,,,,,,,,,,,,,,,,,,,,nan,,,,,,,,,,,,,,,
170,2348.051513671875,0.02345697209239006,2.345697209239006,1737.7226822376251,10000,ppo,ppo,crawler,flat,obs_dth_tot_direct,,,,,,,,,,,,,,,0.0016733058788166338,0,781,0.0,0.0,,,,,,,,,,,,,,,,,,,,,,,,,,,,,,,,,,,,,,,,,,,,,,,,,,,,,,,,,,,,,,,,,,,,,,,,,,nan,,,,,,,,,,,,,,,
171,2391.91455078125,0.02389506995677948,2.389506995677948,1748.1264505386353,10000,ppo,ppo,crawler,flat,obs_dth_tot_direct,,,,,,,,,,,,,,,0.0009593924503548669,0,781,0.0,0.0,,,,,,,,,,,,,,,,,,,,,,,,,,,,,,,,,,,,,,,,,,,,,,,,,,,,,,,,,,,,,,,,,,,,,,,,,,nan,,,,,,,,,,,,,,,
172,2318.2265625,0.023155776783823967,2.3155776783823967,1758.2394676208496,10000,ppo,ppo,crawler,flat,obs_dth_tot_direct,,,,,,,,,,,,,,,0.001895997744556044,0,781,0.0,0.0,,,,,,,,,,,,,,,,,,,,,,,,,,,,,,,,,,,,,,,,,,,,,,,,,,,,,,,,,,,,,,,,,,,,,,,,,,nan,,,,,,,,,,,,,,,
173,2367.664794921875,0.023653212934732437,2.3653212934732437,1768.462736606598,10000,ppo,ppo,crawler,flat,obs_dth_tot_direct,,,,,,,,,,,,,,,0.0013975692449228999,0,781,0.0,0.0,,,,,,,,,,,,,,,,,,,,,,,,,,,,,,,,,,,,,,,,,,,,,,,,,,,,,,,,,,,,,,,,,,,,,,,,,,nan,,,,,,,,,,,,,,,
174,2350.249755859375,0.023478608578443527,2.3478608578443527,1779.1196341514587,10000,ppo,ppo,crawler,flat,obs_dth_tot_direct,,,,,,,,,,,,,,,0.002522325785010954,0,781,0.0,0.0,,,,,,,,,,,,,,,,,,,,,,,,,,,,,,,,,,,,,,,,,,,,,,,,,,,,,,,,,,,,,,,,,,,,,,,,,,nan,,,,,,,,,,,,,,,
175,2438.806396484375,0.02436337061226368,2.436337061226368,1788.8339111804962,10000,ppo,ppo,crawler,flat,obs_dth_tot_direct,,,,,,,,,,,,,,,0.0014641521563155992,0,781,0.0,0.0,,,,,,,,,,,,,,,,,,,,,,,,,,,,,,,,,,,,,,,,,,,,,,,,,,,,,,,,,,,,,,,,,,,,,,,,,,nan,,,,,,,,,,,,,,,
176,2519.341064453125,0.02516472339630127,2.516472339630127,1798.9698252677917,10000,ppo,ppo,crawler,flat,obs_dth_tot_direct,,,,,,,,,,,,,,,0.0014200996196271096,0,781,0.0,0.0,,,,,,,,,,,,,,,,,,,,,,,,,,,,,,,,,,,,,,,,,,,,,,,,,,,,,,,,,,,,,,,,,,,,,,,,,,nan,,,,,,,,,,,,,,,
177,2432.008544921875,0.024296000599861145,2.4296000599861145,1809.0439856052399,10000,ppo,ppo,crawler,flat,obs_dth_tot_direct,,,,,,,,,,,,,,,0.0019981705283787544,0,781,0.0,0.0,,,,,,,,,,,,,,,,,,,,,,,,,,,,,,,,,,,,,,,,,,,,,,,,,,,,,,,,,,,,,,,,,,,,,,,,,,nan,,,,,,,,,,,,,,,
178,2446.126708984375,0.02443869225680828,2.443869225680828,1818.7726707458496,10000,ppo,ppo,crawler,flat,obs_dth_tot_direct,,,,,,,,,,,,,,,0.0019071076032778516,0,781,0.0,0.0,,,,,,,,,,,,,,,,,,,,,,,,,,,,,,,,,,,,,,,,,,,,,,,,,,,,,,,,,,,,,,,,,,,,,,,,,,nan,,,,,,,,,,,,,,,
179,2378.626220703125,0.023759514093399048,2.375951409339905,1828.512943983078,10000,ppo,ppo,crawler,flat,obs_dth_tot_direct,,,,,,,,,,,,,,,0.0007648499209482794,0,781,0.0,0.0,,,,,,,,,,,,,,,,,,,,,,,,,,,,,,,,,,,,,,,,,,,,,,,,,,,,,,,,,,,,,,,,,,,,,,,,,,nan,,,,,,,,,,,,,,,
180,2368.65283203125,0.023661181330680847,2.3661181330680847,1838.7127938270569,10000,ppo,ppo,crawler,flat,obs_dth_tot_direct,,,,,,,,,,,,,,,0.001509728100774397,0,781,0.0,0.0,,,,,,,,,,,,,,,,,,,,,,,,,,,,,,,,,,,,,,,,,,,,,,,,,,,,,,,,,,,,,,,,,,,,,,,,,,nan,,,,,,,,,,,,,,,
181,2302.388671875,0.022999554872512817,2.2999554872512817,1848.8296043872833,10000,ppo,ppo,crawler,flat,obs_dth_tot_direct,,,,,,,,,,,,,,,0.0015839455325339907,0,781,0.0,0.0,,,,,,,,,,,,,,,,,,,,,,,,,,,,,,,,,,,,,,,,,,,,,,,,,,,,,,,,,,,,,,,,,,,,,,,,,,nan,,,,,,,,,,,,,,,
182,2403.966796875,0.024016093462705612,2.401609346270561,1859.023722410202,10000,ppo,ppo,crawler,flat,obs_dth_tot_direct,,,,,,,,,,,,,,,0.0013743240355521037,0,781,0.0,0.0,,,,,,,,,,,,,,,,,,,,,,,,,,,,,,,,,,,,,,,,,,,,,,,,,,,,,,,,,,,,,,,,,,,,,,,,,,nan,,,,,,,,,,,,,,,
183,2274.76416015625,0.022722072899341583,2.2722072899341583,1869.19961476326,10000,ppo,ppo,crawler,flat,obs_dth_tot_direct,,,,,,,,,,,,,,,0.0020753625530729055,0,781,0.0,0.0,,,,,,,,,,,,,,,,,,,,,,,,,,,,,,,,,,,,,,,,,,,,,,,,,,,,,,,,,,,,,,,,,,,,,,,,,,nan,,,,,,,,,,,,,,,
184,2276.843505859375,0.02274136245250702,2.274136245250702,1879.0587213039398,10000,ppo,ppo,crawler,flat,obs_dth_tot_direct,,,,,,,,,,,,,,,0.0019397374369846648,0,781,0.0,0.0,,,,,,,,,,,,,,,,,,,,,,,,,,,,,,,,,,,,,,,,,,,,,,,,,,,,,,,,,,,,,,,,,,,,,,,,,,nan,,,,,,,,,,,,,,,
185,2250.46142578125,0.022479664534330368,2.247966453433037,1888.7177772521973,10000,ppo,ppo,crawler,flat,obs_dth_tot_direct,,,,,,,,,,,,,,,0.0016352544138232394,0,781,0.0,0.0,,,,,,,,,,,,,,,,,,,,,,,,,,,,,,,,,,,,,,,,,,,,,,,,,,,,,,,,,,,,,,,,,,,,,,,,,,nan,,,,,,,,,,,,,,,
186,2242.942138671875,0.022405624389648438,2.2405624389648438,1898.731607913971,10000,ppo,ppo,crawler,flat,obs_dth_tot_direct,,,,,,,,,,,,,,,0.00233542318485023,0,781,0.0,0.0,,,,,,,,,,,,,,,,,,,,,,,,,,,,,,,,,,,,,,,,,,,,,,,,,,,,,,,,,,,,,,,,,,,,,,,,,,nan,,,,,,,,,,,,,,,
187,2288.724365234375,0.02286546491086483,2.286546491086483,1908.8086941242218,10000,ppo,ppo,crawler,flat,obs_dth_tot_direct,,,,,,,,,,,,,,,0.0014554701859608309,0,781,0.0,0.0,,,,,,,,,,,,,,,,,,,,,,,,,,,,,,,,,,,,,,,,,,,,,,,,,,,,,,,,,,,,,,,,,,,,,,,,,,nan,,,,,,,,,,,,,,,
188,2169.6787109375,0.021671099588274956,2.1671099588274956,1919.790307044983,10000,ppo,ppo,crawler,flat,obs_dth_tot_direct,,,,,,,,,,,,,,,0.0015966467630925678,0,781,0.0,0.0,,,,,,,,,,,,,,,,,,,,,,,,,,,,,,,,,,,,,,,,,,,,,,,,,,,,,,,,,,,,,,,,,,,,,,,,,,nan,,,,,,,,,,,,,,,
189,2190.047607421875,0.021880727261304855,2.1880727261304855,1930.522822380066,10000,ppo,ppo,crawler,flat,obs_dth_tot_direct,,,,,,,,,,,,,,,0.0023725141074706995,0,781,0.0,0.0,,,,,,,,,,,,,,,,,,,,,,,,,,,,,,,,,,,,,,,,,,,,,,,,,,,,,,,,,,,,,,,,,,,,,,,,,,nan,,,,,,,,,,,,,,,
190,2177.321533203125,0.021747706457972527,2.1747706457972527,1940.6526682376862,10000,ppo,ppo,crawler,flat,obs_dth_tot_direct,,,,,,,,,,,,,,,0.003288943178853968,0,781,0.0,0.0,,,,,,,,,,,,,,,,,,,,,,,,,,,,,,,,,,,,,,,,,,,,,,,,,,,,,,,,,,,,,,,,,,,,,,,,,,nan,,,,,,,,,,,,,,,
191,2218.13134765625,0.02215413749217987,2.215413749217987,1950.629076719284,10000,ppo,ppo,crawler,flat,obs_dth_tot_direct,,,,,,,,,,,,,,,0.002368582897063657,0,781,0.0,0.0,,,,,,,,,,,,,,,,,,,,,,,,,,,,,,,,,,,,,,,,,,,,,,,,,,,,,,,,,,,,,,,,,,,,,,,,,,nan,,,,,,,,,,,,,,,
192,2244.748779296875,0.022423017770051956,2.2423017770051956,1960.608323097229,10000,ppo,ppo,crawler,flat,obs_dth_tot_direct,,,,,,,,,,,,,,,0.00223229416041169,0,781,0.0,0.0,,,,,,,,,,,,,,,,,,,,,,,,,,,,,,,,,,,,,,,,,,,,,,,,,,,,,,,,,,,,,,,,,,,,,,,,,,nan,,,,,,,,,,,,,,,
193,2177.308837890625,0.021747896447777748,2.174789644777775,1970.4733114242554,10000,ppo,ppo,crawler,flat,obs_dth_tot_direct,,,,,,,,,,,,,,,0.0027418446677037562,0,781,0.0,0.0,,,,,,,,,,,,,,,,,,,,,,,,,,,,,,,,,,,,,,,,,,,,,,,,,,,,,,,,,,,,,,,,,,,,,,,,,,nan,,,,,,,,,,,,,,,
194,2035.511962890625,0.020334698259830475,2.0334698259830475,1981.8156697750092,10000,ppo,ppo,crawler,flat,obs_dth_tot_direct,,,,,,,,,,,,,,,0.0018005783681018365,0,781,0.0,0.0,,,,,,,,,,,,,,,,,,,,,,,,,,,,,,,,,,,,,,,,,,,,,,,,,,,,,,,,,,,,,,,,,,,,,,,,,,nan,,,,,,,,,,,,,,,
195,2160.381103515625,0.021579496562480927,2.1579496562480927,1993.1256878376007,10000,ppo,ppo,crawler,flat,obs_dth_tot_direct,,,,,,,,,,,,,,,0.002319967422763989,0,781,0.0,0.0,,,,,,,,,,,,,,,,,,,,,,,,,,,,,,,,,,,,,,,,,,,,,,,,,,,,,,,,,,,,,,,,,,,,,,,,,,nan,,,,,,,,,,,,,,,
196,2133.3173828125,0.02131257951259613,2.131257951259613,2005.6537251472473,10000,ppo,ppo,crawler,flat,obs_dth_tot_direct,,,,,,,,,,,,,,,0.0016367251008916073,0,781,0.0,0.0,,,,,,,,,,,,,,,,,,,,,,,,,,,,,,,,,,,,,,,,,,,,,,,,,,,,,,,,,,,,,,,,,,,,,,,,,,nan,,,,,,,,,,,,,,,
197,2138.572998046875,0.021362321451306343,2.1362321451306343,2018.5881171226501,10000,ppo,ppo,crawler,flat,obs_dth_tot_direct,,,,,,,,,,,,,,,0.0012179354869917235,0,781,0.0,0.0,,,,,,,,,,,,,,,,,,,,,,,,,,,,,,,,,,,,,,,,,,,,,,,,,,,,,,,,,,,,,,,,,,,,,,,,,,nan,,,,,,,,,,,,,,,
198,2124.662841796875,0.021226651966571808,2.122665196657181,2031.4968338012695,10000,ppo,ppo,crawler,flat,obs_dth_tot_direct,,,,,,,,,,,,,,,0.001727843079421086,0,781,0.0,0.0,,,,,,,,,,,,,,,,,,,,,,,,,,,,,,,,,,,,,,,,,,,,,,,,,,,,,,,,,,,,,,,,,,,,,,,,,,nan,,,,,,,,,,,,,,,
199,2005.780517578125,0.020035604014992714,2.0035604014992714,2044.584499835968,10000,ppo,ppo,crawler,flat,obs_dth_tot_direct,,,,,,,,,,,,,,,0.0026502029257409795,0,781,0.0,0.0,,,,,,,,,,,,,,,,,,,,,,,,,,,,,,,,,,,,,,,,,,,,,,,,,,,,,,,,,,,,,,,,,,,,,,,,,,nan,,,,,,,,,,,,,,,
200,2108.769287109375,0.021062800660729408,2.106280066072941,2057.3922729492188,10000,ppo,ppo,crawler,flat,obs_dth_tot_direct,,,,,,,,,,,,,,,0.0020449856610715456,0,781,0.0,0.0,,,,,,,,,,,,,,,,,,,,,,,,,,,,,,,,,,,,,,,,,,,,,,,,,,,,,,,,,,,,,,,,,,,,,,,,,,nan,,,,,,,,,,,,,,,
201,2085.260986328125,0.020830821245908737,2.0830821245908737,2070.2779276371,10000,ppo,ppo,crawler,flat,obs_dth_tot_direct,,,,,,,,,,,,,,,0.001497768191638874,0,781,0.0,0.0,,,,,,,,,,,,,,,,,,,,,,,,,,,,,,,,,,,,,,,,,,,,,,,,,,,,,,,,,,,,,,,,,,,,,,,,,,nan,,,,,,,,,,,,,,,
202,2136.728271484375,0.02134537324309349,2.134537324309349,2083.909508228302,10000,ppo,ppo,crawler,flat,obs_dth_tot_direct,,,,,,,,,,,,,,,0.0018634190519908104,0,781,0.0,0.0,,,,,,,,,,,,,,,,,,,,,,,,,,,,,,,,,,,,,,,,,,,,,,,,,,,,,,,,,,,,,,,,,,,,,,,,,,nan,,,,,,,,,,,,,,,
203,2045.4599609375,0.020432546734809875,2.0432546734809875,2097.3556547164917,10000,ppo,ppo,crawler,flat,obs_dth_tot_direct,,,,,,,,,,,,,,,0.0028690551328034047,0,781,0.0,0.0,,,,,,,,,,,,,,,,,,,,,,,,,,,,,,,,,,,,,,,,,,,,,,,,,,,,,,,,,,,,,,,,,,,,,,,,,,nan,,,,,,,,,,,,,,,
204,1941.259033203125,0.019389990717172623,1.9389990717172623,2111.3653666973114,10000,ppo,ppo,crawler,flat,obs_dth_tot_direct,,,,,,,,,,,,,,,0.0017652306710179229,0,781,0.0,0.0,,,,,,,,,,,,,,,,,,,,,,,,,,,,,,,,,,,,,,,,,,,,,,,,,,,,,,,,,,,,,,,,,,,,,,,,,,nan,,,,,,,,,,,,,,,
205,1962.87109375,0.019611723721027374,1.9611723721027374,2124.6206319332123,10000,ppo,ppo,crawler,flat,obs_dth_tot_direct,,,,,,,,,,,,,,,0.0015066025582522664,0,781,0.0,0.0,,,,,,,,,,,,,,,,,,,,,,,,,,,,,,,,,,,,,,,,,,,,,,,,,,,,,,,,,,,,,,,,,,,,,,,,,,nan,,,,,,,,,,,,,,,
206,2004.4078369140625,0.020023342221975327,2.0023342221975327,2137.8267991542816,10000,ppo,ppo,crawler,flat,obs_dth_tot_direct,,,,,,,,,,,,,,,0.002377378576561621,0,781,0.0,0.0,,,,,,,,,,,,,,,,,,,,,,,,,,,,,,,,,,,,,,,,,,,,,,,,,,,,,,,,,,,,,,,,,,,,,,,,,,nan,,,,,,,,,,,,,,,
207,2042.3138427734375,0.020399145781993866,2.0399145781993866,2150.6168208122253,10000,ppo,ppo,crawler,flat,obs_dth_tot_direct,,,,,,,,,,,,,,,0.0012729830840214982,0,781,0.0,0.0,,,,,,,,,,,,,,,,,,,,,,,,,,,,,,,,,,,,,,,,,,,,,,,,,,,,,,,,,,,,,,,,,,,,,,,,,,nan,,,,,,,,,,,,,,,
208,1923.150390625,0.01920885220170021,1.920885220170021,2162.893112182617,10000,ppo,ppo,crawler,flat,obs_dth_tot_direct,,,,,,,,,,,,,,,0.0017321512349718013,0,781,0.0,0.0,,,,,,,,,,,,,,,,,,,,,,,,,,,,,,,,,,,,,,,,,,,,,,,,,,,,,,,,,,,,,,,,,,,,,,,,,,nan,,,,,,,,,,,,,,,
209,1952.4847412109375,0.01950281858444214,1.9502818584442139,2175.090367078781,10000,ppo,ppo,crawler,flat,obs_dth_tot_direct,,,,,,,,,,,,,,,0.0022174306377947626,0,781,0.0,0.0,,,,,,,,,,,,,,,,,,,,,,,,,,,,,,,,,,,,,,,,,,,,,,,,,,,,,,,,,,,,,,,,,,,,,,,,,,nan,,,,,,,,,,,,,,,
210,2116.297607421875,0.02114073745906353,2.114073745906353,2186.5360457897186,10000,ppo,ppo,crawler,flat,obs_dth_tot_direct,,,,,,,,,,,,,,,0.0017199410642407666,0,781,0.0,0.0,,,,,,,,,,,,,,,,,,,,,,,,,,,,,,,,,,,,,,,,,,,,,,,,,,,,,,,,,,,,,,,,,,,,,,,,,,nan,,,,,,,,,,,,,,,
211,2024.2401123046875,0.020219219848513603,2.0219219848513603,2198.88405585289,10000,ppo,ppo,crawler,flat,obs_dth_tot_direct,,,,,,,,,,,,,,,0.0017765846334741897,0,781,0.0,0.0,,,,,,,,,,,,,,,,,,,,,,,,,,,,,,,,,,,,,,,,,,,,,,,,,,,,,,,,,,,,,,,,,,,,,,,,,,nan,,,,,,,,,,,,,,,
212,1988.6336669921875,0.019864816218614578,1.9864816218614578,2210.2541241645813,10000,ppo,ppo,crawler,flat,obs_dth_tot_direct,,,,,,,,,,,,,,,0.0015932402102531381,0,781,0.0,0.0,,,,,,,,,,,,,,,,,,,,,,,,,,,,,,,,,,,,,,,,,,,,,,,,,,,,,,,,,,,,,,,,,,,,,,,,,,nan,,,,,,,,,,,,,,,
213,2064.820068359375,0.020628413185477257,2.0628413185477257,2222.8065576553345,10000,ppo,ppo,crawler,flat,obs_dth_tot_direct,,,,,,,,,,,,,,,0.0010703503734637103,0,781,0.0,0.0,,,,,,,,,,,,,,,,,,,,,,,,,,,,,,,,,,,,,,,,,,,,,,,,,,,,,,,,,,,,,,,,,,,,,,,,,,nan,,,,,,,,,,,,,,,
214,2135.56689453125,0.021333925426006317,2.1333925426006317,2235.321687936783,10000,ppo,ppo,crawler,flat,obs_dth_tot_direct,,,,,,,,,,,,,,,0.0009893968722251875,0,781,0.0,0.0,,,,,,,,,,,,,,,,,,,,,,,,,,,,,,,,,,,,,,,,,,,,,,,,,,,,,,,,,,,,,,,,,,,,,,,,,,nan,,,,,,,,,,,,,,,
215,2074.860595703125,0.02072756364941597,2.072756364941597,2248.4126772880554,10000,ppo,ppo,crawler,flat,obs_dth_tot_direct,,,,,,,,,,,,,,,0.0012581883862198683,0,781,0.0,0.0,,,,,,,,,,,,,,,,,,,,,,,,,,,,,,,,,,,,,,,,,,,,,,,,,,,,,,,,,,,,,,,,,,,,,,,,,,nan,,,,,,,,,,,,,,,
216,2133.811279296875,0.021316098049283028,2.1316098049283028,2260.9687464237213,10000,ppo,ppo,crawler,flat,obs_dth_tot_direct,,,,,,,,,,,,,,,0.002299809975116897,0,781,0.0,0.0,,,,,,,,,,,,,,,,,,,,,,,,,,,,,,,,,,,,,,,,,,,,,,,,,,,,,,,,,,,,,,,,,,,,,,,,,,nan,,,,,,,,,,,,,,,
217,2143.368896484375,0.0214096587151289,2.14096587151289,2273.6864104270935,10000,ppo,ppo,crawler,flat,obs_dth_tot_direct,,,,,,,,,,,,,,,0.0011847514161601699,0,781,0.0,0.0,,,,,,,,,,,,,,,,,,,,,,,,,,,,,,,,,,,,,,,,,,,,,,,,,,,,,,,,,,,,,,,,,,,,,,,,,,nan,,,,,,,,,,,,,,,
218,2217.374755859375,0.0221494659781456,2.21494659781456,2287.2843067646027,10000,ppo,ppo,crawler,flat,obs_dth_tot_direct,,,,,,,,,,,,,,,0.0014998205146961802,0,781,0.0,0.0,,,,,,,,,,,,,,,,,,,,,,,,,,,,,,,,,,,,,,,,,,,,,,,,,,,,,,,,,,,,,,,,,,,,,,,,,,nan,,,,,,,,,,,,,,,
219,2155.486328125,0.02153054252266884,2.153054252266884,2301.090926170349,10000,ppo,ppo,crawler,flat,obs_dth_tot_direct,,,,,,,,,,,,,,,0.0006601824327789054,0,781,0.0,0.0,,,,,,,,,,,,,,,,,,,,,,,,,,,,,,,,,,,,,,,,,,,,,,,,,,,,,,,,,,,,,,,,,,,,,,,,,,nan,,,,,,,,,,,,,,,
220,2221.678955078125,0.022192034870386124,2.2192034870386124,2314.6438081264496,10000,ppo,ppo,crawler,flat,obs_dth_tot_direct,,,,,,,,,,,,,,,0.0013214766665119284,0,781,0.0,0.0,,,,,,,,,,,,,,,,,,,,,,,,,,,,,,,,,,,,,,,,,,,,,,,,,,,,,,,,,,,,,,,,,,,,,,,,,,nan,,,,,,,,,,,,,,,
221,2207.876708984375,0.022058608010411263,2.2058608010411263,2328.13027882576,10000,ppo,ppo,crawler,flat,obs_dth_tot_direct,,,,,,,,,,,,,,,0.0008433779716546834,0,781,0.0,0.0,,,,,,,,,,,,,,,,,,,,,,,,,,,,,,,,,,,,,,,,,,,,,,,,,,,,,,,,,,,,,,,,,,,,,,,,,,nan,,,,,,,,,,,,,,,
222,2211.830078125,0.022096622735261917,2.2096622735261917,2341.0799214839935,10000,ppo,ppo,crawler,flat,obs_dth_tot_direct,,,,,,,,,,,,,,,0.0009942441842476339,0,781,0.0,0.0,,,,,,,,,,,,,,,,,,,,,,,,,,,,,,,,,,,,,,,,,,,,,,,,,,,,,,,,,,,,,,,,,,,,,,,,,,nan,,,,,,,,,,,,,,,
223,2173.704345703125,0.021714596077799797,2.1714596077799797,2354.319567680359,10000,ppo,ppo,crawler,flat,obs_dth_tot_direct,,,,,,,,,,,,,,,0.0016984930061822506,0,781,0.0,0.0,,,,,,,,,,,,,,,,,,,,,,,,,,,,,,,,,,,,,,,,,,,,,,,,,,,,,,,,,,,,,,,,,,,,,,,,,,nan,,,,,,,,,,,,,,,
224,2242.748046875,0.022403599694371223,2.2403599694371223,2367.493376970291,10000,ppo,ppo,crawler,flat,obs_dth_tot_direct,,,,,,,,,,,,,,,0.00095098159208495,0,781,0.0,0.0,,,,,,,,,,,,,,,,,,,,,,,,,,,,,,,,,,,,,,,,,,,,,,,,,,,,,,,,,,,,,,,,,,,,,,,,,,nan,,,,,,,,,,,,,,,
225,2294.724365234375,0.022921748459339142,2.292174845933914,2380.3027613162994,10000,ppo,ppo,crawler,flat,obs_dth_tot_direct,,,,,,,,,,,,,,,0.0013248507915411371,0,781,0.0,0.0,,,,,,,,,,,,,,,,,,,,,,,,,,,,,,,,,,,,,,,,,,,,,,,,,,,,,,,,,,,,,,,,,,,,,,,,,,nan,,,,,,,,,,,,,,,
226,2188.974365234375,0.021867631003260612,2.1867631003260612,2392.9878005981445,10000,ppo,ppo,crawler,flat,obs_dth_tot_direct,,,,,,,,,,,,,,,0.002147434146911084,0,781,0.0,0.0,,,,,,,,,,,,,,,,,,,,,,,,,,,,,,,,,,,,,,,,,,,,,,,,,,,,,,,,,,,,,,,,,,,,,,,,,,nan,,,,,,,,,,,,,,,
227,2249.562255859375,0.02246963232755661,2.246963232755661,2405.951507329941,10000,ppo,ppo,crawler,flat,obs_dth_tot_direct,,,,,,,,,,,,,,,0.0011409822839621637,0,781,0.0,0.0,,,,,,,,,,,,,,,,,,,,,,,,,,,,,,,,,,,,,,,,,,,,,,,,,,,,,,,,,,,,,,,,,,,,,,,,,,nan,,,,,,,,,,,,,,,
228,2226.041259765625,0.022234981879591942,2.223498187959194,2418.445337295532,10000,ppo,ppo,crawler,flat,obs_dth_tot_direct,,,,,,,,,,,,,,,0.0022835766299667206,0,781,0.0,0.0,,,,,,,,,,,,,,,,,,,,,,,,,,,,,,,,,,,,,,,,,,,,,,,,,,,,,,,,,,,,,,,,,,,,,,,,,,nan,,,,,,,,,,,,,,,
229,2084.151611328125,0.020817453041672707,2.0817453041672707,2431.193967103958,10000,ppo,ppo,crawler,flat,obs_dth_tot_direct,,,,,,,,,,,,,,,0.0018793280503417937,0,781,0.0,0.0,,,,,,,,,,,,,,,,,,,,,,,,,,,,,,,,,,,,,,,,,,,,,,,,,,,,,,,,,,,,,,,,,,,,,,,,,,nan,,,,,,,,,,,,,,,
230,2260.108642578125,0.02257845178246498,2.257845178246498,2443.6768131256104,10000,ppo,ppo,crawler,flat,obs_dth_tot_direct,,,,,,,,,,,,,,,0.0013310424332601347,0,781,0.0,0.0,,,,,,,,,,,,,,,,,,,,,,,,,,,,,,,,,,,,,,,,,,,,,,,,,,,,,,,,,,,,,,,,,,,,,,,,,,nan,,,,,,,,,,,,,,,
231,2299.24267578125,0.022969398647546768,2.296939864754677,2456.3639607429504,10000,ppo,ppo,crawler,flat,obs_dth_tot_direct,,,,,,,,,,,,,,,0.001434314216034957,0,781,0.0,0.0,,,,,,,,,,,,,,,,,,,,,,,,,,,,,,,,,,,,,,,,,,,,,,,,,,,,,,,,,,,,,,,,,,,,,,,,,,nan,,,,,,,,,,,,,,,
232,2329.247802734375,0.023267652839422226,2.3267652839422226,2469.2605917453766,10000,ppo,ppo,crawler,flat,obs_dth_tot_direct,,,,,,,,,,,,,,,0.0012206159007164784,0,781,0.0,0.0,,,,,,,,,,,,,,,,,,,,,,,,,,,,,,,,,,,,,,,,,,,,,,,,,,,,,,,,,,,,,,,,,,,,,,,,,,nan,,,,,,,,,,,,,,,
233,2374.29296875,0.023716723546385765,2.3716723546385765,2481.436293363571,10000,ppo,ppo,crawler,flat,obs_dth_tot_direct,,,,,,,,,,,,,,,0.00210155577315396,0,781,0.0,0.0,,,,,,,,,,,,,,,,,,,,,,,,,,,,,,,,,,,,,,,,,,,,,,,,,,,,,,,,,,,,,,,,,,,,,,,,,,nan,,,,,,,,,,,,,,,
234,2250.615966796875,0.022485509514808655,2.2485509514808655,2493.2805049419403,10000,ppo,ppo,crawler,flat,obs_dth_tot_direct,,,,,,,,,,,,,,,0.0007754549799316014,0,781,0.0,0.0,,,,,,,,,,,,,,,,,,,,,,,,,,,,,,,,,,,,,,,,,,,,,,,,,,,,,,,,,,,,,,,,,,,,,,,,,,nan,,,,,,,,,,,,,,,
235,2324.491943359375,0.023221414536237717,2.3221414536237717,2504.5911042690277,10000,ppo,ppo,crawler,flat,obs_dth_tot_direct,,,,,,,,,,,,,,,0.0015242524184774903,0,781,0.0,0.0,,,,,,,,,,,,,,,,,,,,,,,,,,,,,,,,,,,,,,,,,,,,,,,,,,,,,,,,,,,,,,,,,,,,,,,,,,nan,,,,,,,,,,,,,,,
236,2300.79248046875,0.022987907752394676,2.2987907752394676,2515.6305527687073,10000,ppo,ppo,crawler,flat,obs_dth_tot_direct,,,,,,,,,,,,,,,0.0012975054044999268,0,781,0.0,0.0,,,,,,,,,,,,,,,,,,,,,,,,,,,,,,,,,,,,,,,,,,,,,,,,,,,,,,,,,,,,,,,,,,,,,,,,,,nan,,,,,,,,,,,,,,,
237,2358.43359375,0.023560691624879837,2.3560691624879837,2527.563666343689,10000,ppo,ppo,crawler,flat,obs_dth_tot_direct,,,,,,,,,,,,,,,0.0010049893421643357,0,781,0.0,0.0,,,,,,,,,,,,,,,,,,,,,,,,,,,,,,,,,,,,,,,,,,,,,,,,,,,,,,,,,,,,,,,,,,,,,,,,,,nan,,,,,,,,,,,,,,,
238,2334.973388671875,0.023323576897382736,2.3323576897382736,2539.7313284873962,10000,ppo,ppo,crawler,flat,obs_dth_tot_direct,,,,,,,,,,,,,,,0.0014399656377116514,0,781,0.0,0.0,,,,,,,,,,,,,,,,,,,,,,,,,,,,,,,,,,,,,,,,,,,,,,,,,,,,,,,,,,,,,,,,,,,,,,,,,,nan,,,,,,,,,,,,,,,
239,2322.938720703125,0.023202184587717056,2.3202184587717056,2552.2816536426544,10000,ppo,ppo,crawler,flat,obs_dth_tot_direct,,,,,,,,,,,,,,,0.0007880500490836091,0,781,0.0,0.0,,,,,,,,,,,,,,,,,,,,,,,,,,,,,,,,,,,,,,,,,,,,,,,,,,,,,,,,,,,,,,,,,,,,,,,,,,nan,,,,,,,,,,,,,,,
240,2329.611328125,0.02327023632824421,2.327023632824421,2564.471875667572,10000,ppo,ppo,crawler,flat,obs_dth_tot_direct,,,,,,,,,,,,,,,0.001856317188077994,0,781,0.0,0.0,,,,,,,,,,,,,,,,,,,,,,,,,,,,,,,,,,,,,,,,,,,,,,,,,,,,,,,,,,,,,,,,,,,,,,,,,,nan,,,,,,,,,,,,,,,
241,2097.745361328125,0.020957985892891884,2.0957985892891884,2576.6635041236877,10000,ppo,ppo,crawler,flat,obs_dth_tot_direct,,,,,,,,,,,,,,,0.0013300884949282465,0,781,0.0,0.0,,,,,,,,,,,,,,,,,,,,,,,,,,,,,,,,,,,,,,,,,,,,,,,,,,,,,,,,,,,,,,,,,,,,,,,,,,nan,,,,,,,,,,,,,,,
242,2257.148193359375,0.022548668086528778,2.254866808652878,2588.786968231201,10000,ppo,ppo,crawler,flat,obs_dth_tot_direct,,,,,,,,,,,,,,,0.0013960557246703825,0,781,0.0,0.0,,,,,,,,,,,,,,,,,,,,,,,,,,,,,,,,,,,,,,,,,,,,,,,,,,,,,,,,,,,,,,,,,,,,,,,,,,nan,,,,,,,,,,,,,,,
243,2256.13720703125,0.02253931388258934,2.253931388258934,2600.930403470993,10000,ppo,ppo,crawler,flat,obs_dth_tot_direct,,,,,,,,,,,,,,,0.0013661245776909088,0,781,0.0,0.0,,,,,,,,,,,,,,,,,,,,,,,,,,,,,,,,,,,,,,,,,,,,,,,,,,,,,,,,,,,,,,,,,,,,,,,,,,nan,,,,,,,,,,,,,,,
244,2160.385498046875,0.021581850945949554,2.1581850945949554,2612.880324602127,10000,ppo,ppo,crawler,flat,obs_dth_tot_direct,,,,,,,,,,,,,,,0.0020483845363463826,0,781,0.0,0.0,,,,,,,,,,,,,,,,,,,,,,,,,,,,,,,,,,,,,,,,,,,,,,,,,,,,,,,,,,,,,,,,,,,,,,,,,,nan,,,,,,,,,,,,,,,
245,2375.302490234375,0.02373214066028595,2.373214066028595,2625.1412127017975,10000,ppo,ppo,crawler,flat,obs_dth_tot_direct,,,,,,,,,,,,,,,0.001097226028982889,0,781,0.0,0.0,,,,,,,,,,,,,,,,,,,,,,,,,,,,,,,,,,,,,,,,,,,,,,,,,,,,,,,,,,,,,,,,,,,,,,,,,,nan,,,,,,,,,,,,,,,
246,2262.972900390625,0.02260281704366207,2.260281704366207,2637.6738786697388,10000,ppo,ppo,crawler,flat,obs_dth_tot_direct,,,,,,,,,,,,,,,0.0024207671647280605,0,781,0.0,0.0,,,,,,,,,,,,,,,,,,,,,,,,,,,,,,,,,,,,,,,,,,,,,,,,,,,,,,,,,,,,,,,,,,,,,,,,,,nan,,,,,,,,,,,,,,,
247,2223.38330078125,0.022208524867892265,2.2208524867892265,2648.9469544887543,10000,ppo,ppo,crawler,flat,obs_dth_tot_direct,,,,,,,,,,,,,,,0.0020389142810723795,0,781,0.0,0.0,,,,,,,,,,,,,,,,,,,,,,,,,,,,,,,,,,,,,,,,,,,,,,,,,,,,,,,,,,,,,,,,,,,,,,,,,,nan,,,,,,,,,,,,,,,
248,2254.766357421875,0.02252339757978916,2.252339757978916,2659.6888539791107,10000,ppo,ppo,crawler,flat,obs_dth_tot_direct,,,,,,,,,,,,,,,0.0018266263132309538,0,781,0.0,0.0,,,,,,,,,,,,,,,,,,,,,,,,,,,,,,,,,,,,,,,,,,,,,,,,,,,,,,,,,,,,,,,,,,,,,,,,,,nan,,,,,,,,,,,,,,,
249,2210.959716796875,0.022087618708610535,2.2087618708610535,2670.822695016861,10000,ppo,ppo,crawler,flat,obs_dth_tot_direct,,,,,,,,,,,,,,,0.0008012469116572427,0,781,0.0,0.0,,,,,,,,,,,,,,,,,,,,,,,,,,,,,,,,,,,,,,,,,,,,,,,,,,,,,,,,,,,,,,,,,,,,,,,,,,nan,,,,,,,,,,,,,,,
250,2266.41259765625,0.02263781987130642,2.263781987130642,2681.96826004982,10000,ppo,ppo,crawler,flat,obs_dth_tot_direct,,,,,,,,,,,,,,,0.0012712584890039779,0,781,0.0,0.0,,,,,,,,,,,,,,,,,,,,,,,,,,,,,,,,,,,,,,,,,,,,,,,,,,,,,,,,,,,,,,,,,,,,,,,,,,nan,,,,,,,,,,,,,,,
251,2189.25244140625,0.021868200972676277,2.1868200972676277,2692.5812039375305,10000,ppo,ppo,crawler,flat,obs_dth_tot_direct,,,,,,,,,,,,,,,0.00160881806620157,0,781,0.0,0.0,,,,,,,,,,,,,,,,,,,,,,,,,,,,,,,,,,,,,,,,,,,,,,,,,,,,,,,,,,,,,,,,,,,,,,,,,,nan,,,,,,,,,,,,,,,
252,2204.433349609375,0.022023769095540047,2.2023769095540047,2703.376096725464,10000,ppo,ppo,crawler,flat,obs_dth_tot_direct,,,,,,,,,,,,,,,0.0015490469525074157,0,781,0.0,0.0,,,,,,,,,,,,,,,,,,,,,,,,,,,,,,,,,,,,,,,,,,,,,,,,,,,,,,,,,,,,,,,,,,,,,,,,,,nan,,,,,,,,,,,,,,,
253,2164.87841796875,0.021624650806188583,2.1624650806188583,2714.358941555023,10000,ppo,ppo,crawler,flat,obs_dth_tot_direct,,,,,,,,,,,,,,,0.0016269892655527633,0,781,0.0,0.0,,,,,,,,,,,,,,,,,,,,,,,,,,,,,,,,,,,,,,,,,,,,,,,,,,,,,,,,,,,,,,,,,,,,,,,,,,nan,,,,,,,,,,,,,,,
254,2242.474609375,0.02239900827407837,2.239900827407837,2725.372150182724,10000,ppo,ppo,crawler,flat,obs_dth_tot_direct,,,,,,,,,,,,,,,0.002088651949209753,0,781,0.0,0.0,,,,,,,,,,,,,,,,,,,,,,,,,,,,,,,,,,,,,,,,,,,,,,,,,,,,,,,,,,,,,,,,,,,,,,,,,,nan,,,,,,,,,,,,,,,
255,2205.099365234375,0.02202356792986393,2.202356792986393,2736.3535993099213,10000,ppo,ppo,crawler,flat,obs_dth_tot_direct,,,,,,,,,,,,,,,0.0014041403813676424,0,781,0.0,0.0,,,,,,,,,,,,,,,,,,,,,,,,,,,,,,,,,,,,,,,,,,,,,,,,,,,,,,,,,,,,,,,,,,,,,,,,,,nan,,,,,,,,,,,,,,,
256,2231.624755859375,0.02229001186788082,2.229001186788082,2747.546239376068,10000,ppo,ppo,crawler,flat,obs_dth_tot_direct,,,,,,,,,,,,,,,0.0013561099377926863,0,781,0.0,0.0,,,,,,,,,,,,,,,,,,,,,,,,,,,,,,,,,,,,,,,,,,,,,,,,,,,,,,,,,,,,,,,,,,,,,,,,,,nan,,,,,,,,,,,,,,,
257,2217.030029296875,0.022143399342894554,2.2143399342894554,2758.5631906986237,10000,ppo,ppo,crawler,flat,obs_dth_tot_direct,,,,,,,,,,,,,,,0.001663329220887735,0,781,0.0,0.0,,,,,,,,,,,,,,,,,,,,,,,,,,,,,,,,,,,,,,,,,,,,,,,,,,,,,,,,,,,,,,,,,,,,,,,,,,nan,,,,,,,,,,,,,,,
258,2231.23876953125,0.022287776693701744,2.2287776693701744,2769.2807557582855,10000,ppo,ppo,crawler,flat,obs_dth_tot_direct,,,,,,,,,,,,,,,0.001919514928617123,0,781,0.0,0.0,,,,,,,,,,,,,,,,,,,,,,,,,,,,,,,,,,,,,,,,,,,,,,,,,,,,,,,,,,,,,,,,,,,,,,,,,,nan,,,,,,,,,,,,,,,
259,2117.389404296875,0.0211494080722332,2.11494080722332,2780.0821459293365,10000,ppo,ppo,crawler,flat,obs_dth_tot_direct,,,,,,,,,,,,,,,0.002053748983918815,0,781,0.0,0.0,,,,,,,,,,,,,,,,,,,,,,,,,,,,,,,,,,,,,,,,,,,,,,,,,,,,,,,,,,,,,,,,,,,,,,,,,,nan,,,,,,,,,,,,,,,
260,2367.625732421875,0.02365480177104473,2.365480177104473,2790.898447036743,10000,ppo,ppo,crawler,flat,obs_dth_tot_direct,,,,,,,,,,,,,,,0.0012034470177294588,0,781,0.0,0.0,,,,,,,,,,,,,,,,,,,,,,,,,,,,,,,,,,,,,,,,,,,,,,,,,,,,,,,,,,,,,,,,,,,,,,,,,,nan,,,,,,,,,,,,,,,
261,2266.130615234375,0.02263813093304634,2.263813093304634,2801.5401589870453,10000,ppo,ppo,crawler,flat,obs_dth_tot_direct,,,,,,,,,,,,,,,0.0015045594752113322,0,781,0.0,0.0,,,,,,,,,,,,,,,,,,,,,,,,,,,,,,,,,,,,,,,,,,,,,,,,,,,,,,,,,,,,,,,,,,,,,,,,,,nan,,,,,,,,,,,,,,,
262,2284.33251953125,0.02281968854367733,2.281968854367733,2811.9502856731415,10000,ppo,ppo,crawler,flat,obs_dth_tot_direct,,,,,,,,,,,,,,,0.002592456074940971,0,781,0.0,0.0,,,,,,,,,,,,,,,,,,,,,,,,,,,,,,,,,,,,,,,,,,,,,,,,,,,,,,,,,,,,,,,,,,,,,,,,,,nan,,,,,,,,,,,,,,,
263,2323.670166015625,0.023212740197777748,2.321274019777775,2822.9367306232452,10000,ppo,ppo,crawler,flat,obs_dth_tot_direct,,,,,,,,,,,,,,,0.0014828046943419467,0,781,0.0,0.0,,,,,,,,,,,,,,,,,,,,,,,,,,,,,,,,,,,,,,,,,,,,,,,,,,,,,,,,,,,,,,,,,,,,,,,,,,nan,,,,,,,,,,,,,,,
264,2348.182373046875,0.023456312716007233,2.3456312716007233,2833.836651802063,10000,ppo,ppo,crawler,flat,obs_dth_tot_direct,,,,,,,,,,,,,,,0.0010919036599366916,0,781,0.0,0.0,,,,,,,,,,,,,,,,,,,,,,,,,,,,,,,,,,,,,,,,,,,,,,,,,,,,,,,,,,,,,,,,,,,,,,,,,,nan,,,,,,,,,,,,,,,
265,2377.4921875,0.023744845762848854,2.3744845762848854,2844.690063238144,10000,ppo,ppo,crawler,flat,obs_dth_tot_direct,,,,,,,,,,,,,,,0.002181753830362993,0,781,0.0,0.0,,,,,,,,,,,,,,,,,,,,,,,,,,,,,,,,,,,,,,,,,,,,,,,,,,,,,,,,,,,,,,,,,,,,,,,,,,nan,,,,,,,,,,,,,,,
266,2331.0068359375,0.023283973336219788,2.3283973336219788,2855.662090778351,10000,ppo,ppo,crawler,flat,obs_dth_tot_direct,,,,,,,,,,,,,,,0.001891129392704725,0,781,0.0,0.0,,,,,,,,,,,,,,,,,,,,,,,,,,,,,,,,,,,,,,,,,,,,,,,,,,,,,,,,,,,,,,,,,,,,,,,,,,nan,,,,,,,,,,,,,,,
267,2284.974365234375,0.022827178239822388,2.2827178239822388,2866.654371023178,10000,ppo,ppo,crawler,flat,obs_dth_tot_direct,,,,,,,,,,,,,,,0.0024171528226386296,0,781,0.0,0.0,,,,,,,,,,,,,,,,,,,,,,,,,,,,,,,,,,,,,,,,,,,,,,,,,,,,,,,,,,,,,,,,,,,,,,,,,,nan,,,,,,,,,,,,,,,
268,2471.796142578125,0.02469375543296337,2.469375543296337,2877.5873277187347,10000,ppo,ppo,crawler,flat,obs_dth_tot_direct,,,,,,,,,,,,,,,0.001615049726786103,0,781,0.0,0.0,,,,,,,,,,,,,,,,,,,,,,,,,,,,,,,,,,,,,,,,,,,,,,,,,,,,,,,,,,,,,,,,,,,,,,,,,,nan,,,,,,,,,,,,,,,
269,2491.694580078125,0.02489129640161991,2.489129640161991,2888.561578273773,10000,ppo,ppo,crawler,flat,obs_dth_tot_direct,,,,,,,,,,,,,,,0.001953477375380703,0,781,0.0,0.0,,,,,,,,,,,,,,,,,,,,,,,,,,,,,,,,,,,,,,,,,,,,,,,,,,,,,,,,,,,,,,,,,,,,,,,,,,nan,,,,,,,,,,,,,,,
270,2427.327880859375,0.024248717352747917,2.4248717352747917,2899.2801394462585,10000,ppo,ppo,crawler,flat,obs_dth_tot_direct,,,,,,,,,,,,,,,0.0009834179722684998,0,781,0.0,0.0,,,,,,,,,,,,,,,,,,,,,,,,,,,,,,,,,,,,,,,,,,,,,,,,,,,,,,,,,,,,,,,,,,,,,,,,,,nan,,,,,,,,,,,,,,,
271,2379.98046875,0.02377059869468212,2.377059869468212,2909.9558215141296,10000,ppo,ppo,crawler,flat,obs_dth_tot_direct,,,,,,,,,,,,,,,0.0011120674246923067,0,781,0.0,0.0,,,,,,,,,,,,,,,,,,,,,,,,,,,,,,,,,,,,,,,,,,,,,,,,,,,,,,,,,,,,,,,,,,,,,,,,,,nan,,,,,,,,,,,,,,,
272,2389.309326171875,0.02386797033250332,2.386797033250332,2921.3307507038116,10000,ppo,ppo,crawler,flat,obs_dth_tot_direct,,,,,,,,,,,,,,,0.0016803716571055622,0,781,0.0,0.0,,,,,,,,,,,,,,,,,,,,,,,,,,,,,,,,,,,,,,,,,,,,,,,,,,,,,,,,,,,,,,,,,,,,,,,,,,nan,,,,,,,,,,,,,,,
273,2355.203857421875,0.02352738194167614,2.352738194167614,2932.538863182068,10000,ppo,ppo,crawler,flat,obs_dth_tot_direct,,,,,,,,,,,,,,,0.0015455364643205168,0,781,0.0,0.0,,,,,,,,,,,,,,,,,,,,,,,,,,,,,,,,,,,,,,,,,,,,,,,,,,,,,,,,,,,,,,,,,,,,,,,,,,nan,,,,,,,,,,,,,,,
274,2324.234130859375,0.02321815676987171,2.321815676987171,2944.1640198230743,10000,ppo,ppo,crawler,flat,obs_dth_tot_direct,,,,,,,,,,,,,,,0.0013781654875453732,0,781,0.0,0.0,,,,,,,,,,,,,,,,,,,,,,,,,,,,,,,,,,,,,,,,,,,,,,,,,,,,,,,,,,,,,,,,,,,,,,,,,,nan,,,,,,,,,,,,,,,
275,2432.85791015625,0.02430056780576706,2.430056780576706,2956.194257736206,10000,ppo,ppo,crawler,flat,obs_dth_tot_direct,,,,,,,,,,,,,,,0.0015893954693603726,0,781,0.0,0.0,,,,,,,,,,,,,,,,,,,,,,,,,,,,,,,,,,,,,,,,,,,,,,,,,,,,,,,,,,,,,,,,,,,,,,,,,,nan,,,,,,,,,,,,,,,
276,2450.043701171875,0.024471478536725044,2.4471478536725044,2967.9496772289276,10000,ppo,ppo,crawler,flat,obs_dth_tot_direct,,,,,,,,,,,,,,,0.0017712264417144193,0,781,0.0,0.0,,,,,,,,,,,,,,,,,,,,,,,,,,,,,,,,,,,,,,,,,,,,,,,,,,,,,,,,,,,,,,,,,,,,,,,,,,nan,,,,,,,,,,,,,,,
277,2545.60400390625,0.02543126791715622,2.543126791715622,2979.4167652130127,10000,ppo,ppo,crawler,flat,obs_dth_tot_direct,,,,,,,,,,,,,,,0.0012664355767403191,0,781,0.0,0.0,,,,,,,,,,,,,,,,,,,,,,,,,,,,,,,,,,,,,,,,,,,,,,,,,,,,,,,,,,,,,,,,,,,,,,,,,,nan,,,,,,,,,,,,,,,
278,2591.831787109375,0.02589116059243679,2.589116059243679,2990.358672618866,10000,ppo,ppo,crawler,flat,obs_dth_tot_direct,,,,,,,,,,,,,,,0.0013446055120824331,0,781,0.0,0.0,,,,,,,,,,,,,,,,,,,,,,,,,,,,,,,,,,,,,,,,,,,,,,,,,,,,,,,,,,,,,,,,,,,,,,,,,,nan,,,,,,,,,,,,,,,
279,2443.890625,0.02441592700779438,2.441592700779438,3001.829716205597,10000,ppo,ppo,crawler,flat,obs_dth_tot_direct,,,,,,,,,,,,,,,0.0016401925718524707,0,781,0.0,0.0,,,,,,,,,,,,,,,,,,,,,,,,,,,,,,,,,,,,,,,,,,,,,,,,,,,,,,,,,,,,,,,,,,,,,,,,,,nan,,,,,,,,,,,,,,,
280,2440.23193359375,0.02437608875334263,2.437608875334263,3012.7627210617065,10000,ppo,ppo,crawler,flat,obs_dth_tot_direct,,,,,,,,,,,,,,,0.001286156191199366,0,781,0.0,0.0,,,,,,,,,,,,,,,,,,,,,,,,,,,,,,,,,,,,,,,,,,,,,,,,,,,,,,,,,,,,,,,,,,,,,,,,,,nan,,,,,,,,,,,,,,,
281,2460.257080078125,0.024578042328357697,2.4578042328357697,3023.6454389095306,10000,ppo,ppo,crawler,flat,obs_dth_tot_direct,,,,,,,,,,,,,,,0.001366330893137898,0,781,0.0,0.0,,,,,,,,,,,,,,,,,,,,,,,,,,,,,,,,,,,,,,,,,,,,,,,,,,,,,,,,,,,,,,,,,,,,,,,,,,nan,,,,,,,,,,,,,,,
282,2560.301513671875,0.02557501383125782,2.557501383125782,3034.8270831108093,10000,ppo,ppo,crawler,flat,obs_dth_tot_direct,,,,,,,,,,,,,,,0.0014317242015244394,0,781,0.0,0.0,,,,,,,,,,,,,,,,,,,,,,,,,,,,,,,,,,,,,,,,,,,,,,,,,,,,,,,,,,,,,,,,,,,,,,,,,,nan,,,,,,,,,,,,,,,
283,2493.458984375,0.024911126121878624,2.4911126121878624,3046.1961810588837,10000,ppo,ppo,crawler,flat,obs_dth_tot_direct,,,,,,,,,,,,,,,0.002012546227374823,0,781,0.0,0.0,,,,,,,,,,,,,,,,,,,,,,,,,,,,,,,,,,,,,,,,,,,,,,,,,,,,,,,,,,,,,,,,,,,,,,,,,,nan,,,,,,,,,,,,,,,
284,2503.162841796875,0.025005951523780823,2.5005951523780823,3057.437438726425,10000,ppo,ppo,crawler,flat,obs_dth_tot_direct,,,,,,,,,,,,,,,0.0010052511793923848,0,781,0.0,0.0,,,,,,,,,,,,,,,,,,,,,,,,,,,,,,,,,,,,,,,,,,,,,,,,,,,,,,,,,,,,,,,,,,,,,,,,,,nan,,,,,,,,,,,,,,,
285,2421.02197265625,0.024188390001654625,2.4188390001654625,3068.1231977939606,10000,ppo,ppo,crawler,flat,obs_dth_tot_direct,,,,,,,,,,,,,,,0.0013892563159482515,0,781,0.0,0.0,,,,,,,,,,,,,,,,,,,,,,,,,,,,,,,,,,,,,,,,,,,,,,,,,,,,,,,,,,,,,,,,,,,,,,,,,,nan,,,,,,,,,,,,,,,
286,2574.927734375,0.025729531422257423,2.5729531422257423,3079.034982919693,10000,ppo,ppo,crawler,flat,obs_dth_tot_direct,,,,,,,,,,,,,,,0.0017687835486509024,0,781,0.0,0.0,,,,,,,,,,,,,,,,,,,,,,,,,,,,,,,,,,,,,,,,,,,,,,,,,,,,,,,,,,,,,,,,,,,,,,,,,,nan,,,,,,,,,,,,,,,
287,2502.45751953125,0.02500031143426895,2.500031143426895,3090.436680793762,10000,ppo,ppo,crawler,flat,obs_dth_tot_direct,,,,,,,,,,,,,,,0.0009964431670209327,0,781,0.0,0.0,,,,,,,,,,,,,,,,,,,,,,,,,,,,,,,,,,,,,,,,,,,,,,,,,,,,,,,,,,,,,,,,,,,,,,,,,,nan,,,,,,,,,,,,,,,
288,2455.107421875,0.024530140683054924,2.4530140683054924,3102.0932474136353,10000,ppo,ppo,crawler,flat,obs_dth_tot_direct,,,,,,,,,,,,,,,0.0019993400650964617,0,781,0.0,0.0,,,,,,,,,,,,,,,,,,,,,,,,,,,,,,,,,,,,,,,,,,,,,,,,,,,,,,,,,,,,,,,,,,,,,,,,,,nan,,,,,,,,,,,,,,,
289,2546.786865234375,0.025440966710448265,2.5440966710448265,3112.8100159168243,10000,ppo,ppo,crawler,flat,obs_dth_tot_direct,,,,,,,,,,,,,,,0.0028139204763657183,0,781,0.0,0.0,,,,,,,,,,,,,,,,,,,,,,,,,,,,,,,,,,,,,,,,,,,,,,,,,,,,,,,,,,,,,,,,,,,,,,,,,,nan,,,,,,,,,,,,,,,
290,2556.1171875,0.025532325729727745,2.5532325729727745,3123.9914634227753,10000,ppo,ppo,crawler,flat,obs_dth_tot_direct,,,,,,,,,,,,,,,0.0016896515901067214,0,781,0.0,0.0,,,,,,,,,,,,,,,,,,,,,,,,,,,,,,,,,,,,,,,,,,,,,,,,,,,,,,,,,,,,,,,,,,,,,,,,,,nan,,,,,,,,,,,,,,,
291,2597.35888671875,0.025945689529180527,2.5945689529180527,3135.3208112716675,10000,ppo,ppo,crawler,flat,obs_dth_tot_direct,,,,,,,,,,,,,,,0.0015864060157254176,0,781,0.0,0.0,,,,,,,,,,,,,,,,,,,,,,,,,,,,,,,,,,,,,,,,,,,,,,,,,,,,,,,,,,,,,,,,,,,,,,,,,,nan,,,,,,,,,,,,,,,
292,2583.022216796875,0.025803932920098305,2.5803932920098305,3146.5966005325317,10000,ppo,ppo,crawler,flat,obs_dth_tot_direct,,,,,,,,,,,,,,,0.0010593669219136719,0,781,0.0,0.0,,,,,,,,,,,,,,,,,,,,,,,,,,,,,,,,,,,,,,,,,,,,,,,,,,,,,,,,,,,,,,,,,,,,,,,,,,nan,,,,,,,,,,,,,,,
293,2415.6494140625,0.02412882074713707,2.412882074713707,3157.685277700424,10000,ppo,ppo,crawler,flat,obs_dth_tot_direct,,,,,,,,,,,,,,,0.0016340299142917204,0,781,0.0,0.0,,,,,,,,,,,,,,,,,,,,,,,,,,,,,,,,,,,,,,,,,,,,,,,,,,,,,,,,,,,,,,,,,,,,,,,,,,nan,,,,,,,,,,,,,,,
294,2586.75390625,0.025842446833848953,2.5842446833848953,3168.7568576335907,10000,ppo,ppo,crawler,flat,obs_dth_tot_direct,,,,,,,,,,,,,,,0.0017003373229287394,0,781,0.0,0.0,,,,,,,,,,,,,,,,,,,,,,,,,,,,,,,,,,,,,,,,,,,,,,,,,,,,,,,,,,,,,,,,,,,,,,,,,,nan,,,,,,,,,,,,,,,
295,2632.7607421875,0.02629852294921875,2.629852294921875,3180.2853758335114,10000,ppo,ppo,crawler,flat,obs_dth_tot_direct,,,,,,,,,,,,,,,0.002074459709469204,0,781,0.0,0.0,,,,,,,,,,,,,,,,,,,,,,,,,,,,,,,,,,,,,,,,,,,,,,,,,,,,,,,,,,,,,,,,,,,,,,,,,,nan,,,,,,,,,,,,,,,
296,2642.935302734375,0.026403432711958885,2.6403432711958885,3191.403216600418,10000,ppo,ppo,crawler,flat,obs_dth_tot_direct,,,,,,,,,,,,,,,0.0018358682586507207,0,781,0.0,0.0,,,,,,,,,,,,,,,,,,,,,,,,,,,,,,,,,,,,,,,,,,,,,,,,,,,,,,,,,,,,,,,,,,,,,,,,,,nan,,,,,,,,,,,,,,,
297,2584.249267578125,0.025813719257712364,2.5813719257712364,3211.915001630783,10000,ppo,ppo,crawler,flat,obs_dth_tot_direct,,,,,,,,,,,,,,,0.0018198566244564355,0,781,0.0,0.0,,,,,,,,,,,,,,,,,,,,,,,,,,,,,,,,,,,,,,,,,,,,,,,,,,,,,,,,,,,,,,,,,,,,,,,,,,nan,,,,,,,,,,,,,,,
298,2508.561767578125,0.025056999176740646,2.5056999176740646,3226.7374584674835,10000,ppo,ppo,crawler,flat,obs_dth_tot_direct,,,,,,,,,,,,,,,0.0016348085808229524,0,781,0.0,0.0,,,,,,,,,,,,,,,,,,,,,,,,,,,,,,,,,,,,,,,,,,,,,,,,,,,,,,,,,,,,,,,,,,,,,,,,,,nan,,,,,,,,,,,,,,,
299,2570.870361328125,0.025678817182779312,2.567881718277931,3240.1557700634003,10000,ppo,ppo,crawler,flat,obs_dth_tot_direct,,,,,,,,,,,,,,,0.001101539039057066,0,781,0.0,0.0,,,,,,,,,,,,,,,,,,,,,,,,,,,,,,,,,,,,,,,,,,,,,,,,,,,,,,,,,,,,,,,,,,,,,,,,,,nan,,,,,,,,,,,,,,,
300,2644.732421875,0.026418529450893402,2.64185294508934,3252.7123708724976,10000,ppo,ppo,crawler,flat,obs_dth_tot_direct,,,,,,,,,,,,,,,0.0026478069777338895,0,781,0.0,0.0,,,,,,,,,,,,,,,,,,,,,,,,,,,,,,,,,,,,,,,,,,,,,,,,,,,,,,,,,,,,,,,,,,,,,,,,,,nan,,,,,,,,,,,,,,,
301,2659.337890625,0.026568077504634857,2.6568077504634857,3264.1324803829193,10000,ppo,ppo,crawler,flat,obs_dth_tot_direct,,,,,,,,,,,,,,,0.0015708908765271797,0,781,0.0,0.0,,,,,,,,,,,,,,,,,,,,,,,,,,,,,,,,,,,,,,,,,,,,,,,,,,,,,,,,,,,,,,,,,,,,,,,,,,nan,,,,,,,,,,,,,,,
302,2631.599609375,0.02628934197127819,2.628934197127819,3274.9526064395905,10000,ppo,ppo,crawler,flat,obs_dth_tot_direct,,,,,,,,,,,,,,,0.002234222577937029,0,781,0.0,0.0,,,,,,,,,,,,,,,,,,,,,,,,,,,,,,,,,,,,,,,,,,,,,,,,,,,,,,,,,,,,,,,,,,,,,,,,,,nan,,,,,,,,,,,,,,,
303,2589.997802734375,0.025872210040688515,2.5872210040688515,3286.3267912864685,10000,ppo,ppo,crawler,flat,obs_dth_tot_direct,,,,,,,,,,,,,,,0.0009655072058575874,0,781,0.0,0.0,,,,,,,,,,,,,,,,,,,,,,,,,,,,,,,,,,,,,,,,,,,,,,,,,,,,,,,,,,,,,,,,,,,,,,,,,,nan,,,,,,,,,,,,,,,
304,2784.142333984375,0.027810081839561462,2.7810081839561462,3297.6899931430817,10000,ppo,ppo,crawler,flat,obs_dth_tot_direct,,,,,,,,,,,,,,,0.0021183800934993927,0,781,0.0,0.0,,,,,,,,,,,,,,,,,,,,,,,,,,,,,,,,,,,,,,,,,,,,,,,,,,,,,,,,,,,,,,,,,,,,,,,,,,nan,,,,,,,,,,,,,,,
305,2621.919677734375,0.0261912290006876,2.61912290006876,3308.9523153305054,10000,ppo,ppo,crawler,flat,obs_dth_tot_direct,,,,,,,,,,,,,,,0.001977399687942133,0,781,0.0,0.0,,,,,,,,,,,,,,,,,,,,,,,,,,,,,,,,,,,,,,,,,,,,,,,,,,,,,,,,,,,,,,,,,,,,,,,,,,nan,,,,,,,,,,,,,,,
306,2676.415771484375,0.02673581801354885,2.673581801354885,3320.103982448578,10000,ppo,ppo,crawler,flat,obs_dth_tot_direct,,,,,,,,,,,,,,,0.0013475245168024959,0,781,0.0,0.0,,,,,,,,,,,,,,,,,,,,,,,,,,,,,,,,,,,,,,,,,,,,,,,,,,,,,,,,,,,,,,,,,,,,,,,,,,nan,,,,,,,,,,,,,,,
307,2602.61181640625,0.02600228786468506,2.600228786468506,3331.8107187747955,10000,ppo,ppo,crawler,flat,obs_dth_tot_direct,,,,,,,,,,,,,,,0.0021619477369064035,0,781,0.0,0.0,,,,,,,,,,,,,,,,,,,,,,,,,,,,,,,,,,,,,,,,,,,,,,,,,,,,,,,,,,,,,,,,,,,,,,,,,,nan,,,,,,,,,,,,,,,
308,2588.525634765625,0.025855781510472298,2.5855781510472298,3343.1916484832764,10000,ppo,ppo,crawler,flat,obs_dth_tot_direct,,,,,,,,,,,,,,,0.0010392914574320006,0,781,0.0,0.0,,,,,,,,,,,,,,,,,,,,,,,,,,,,,,,,,,,,,,,,,,,,,,,,,,,,,,,,,,,,,,,,,,,,,,,,,,nan,,,,,,,,,,,,,,,
309,2730.913330078125,0.027280377224087715,2.7280377224087715,3354.57603430748,10000,ppo,ppo,crawler,flat,obs_dth_tot_direct,,,,,,,,,,,,,,,0.0016812579699335716,0,781,0.0,0.0,,,,,,,,,,,,,,,,,,,,,,,,,,,,,,,,,,,,,,,,,,,,,,,,,,,,,,,,,,,,,,,,,,,,,,,,,,nan,,,,,,,,,,,,,,,
310,2462.543701171875,0.024595141410827637,2.4595141410827637,3365.6331927776337,10000,ppo,ppo,crawler,flat,obs_dth_tot_direct,,,,,,,,,,,,,,,0.0016858781713983528,0,781,0.0,0.0,,,,,,,,,,,,,,,,,,,,,,,,,,,,,,,,,,,,,,,,,,,,,,,,,,,,,,,,,,,,,,,,,,,,,,,,,,nan,,,,,,,,,,,,,,,
311,2610.262451171875,0.026073595508933067,2.6073595508933067,3377.342577934265,10000,ppo,ppo,crawler,flat,obs_dth_tot_direct,,,,,,,,,,,,,,,0.0011511187259632125,0,781,0.0,0.0,,,,,,,,,,,,,,,,,,,,,,,,,,,,,,,,,,,,,,,,,,,,,,,,,,,,,,,,,,,,,,,,,,,,,,,,,,nan,,,,,,,,,,,,,,,
312,2624.42236328125,0.026219896972179413,2.6219896972179413,3389.372211933136,10000,ppo,ppo,crawler,flat,obs_dth_tot_direct,,,,,,,,,,,,,,,0.0023147457120316463,0,781,0.0,0.0,,,,,,,,,,,,,,,,,,,,,,,,,,,,,,,,,,,,,,,,,,,,,,,,,,,,,,,,,,,,,,,,,,,,,,,,,,nan,,,,,,,,,,,,,,,
313,2565.066162109375,0.025623241439461708,2.562324143946171,3400.535173892975,10000,ppo,ppo,crawler,flat,obs_dth_tot_direct,,,,,,,,,,,,,,,0.0023618183878518577,0,781,0.0,0.0,,,,,,,,,,,,,,,,,,,,,,,,,,,,,,,,,,,,,,,,,,,,,,,,,,,,,,,,,,,,,,,,,,,,,,,,,,nan,,,,,,,,,,,,,,,
314,2680.460693359375,0.026776839047670364,2.6776839047670364,3411.6960215568542,10000,ppo,ppo,crawler,flat,obs_dth_tot_direct,,,,,,,,,,,,,,,0.0018720616052947108,0,781,0.0,0.0,,,,,,,,,,,,,,,,,,,,,,,,,,,,,,,,,,,,,,,,,,,,,,,,,,,,,,,,,,,,,,,,,,,,,,,,,,nan,,,,,,,,,,,,,,,
315,2719.198974609375,0.027166057378053665,2.7166057378053665,3423.5062959194183,10000,ppo,ppo,crawler,flat,obs_dth_tot_direct,,,,,,,,,,,,,,,0.0011628941157152007,0,781,0.0,0.0,,,,,,,,,,,,,,,,,,,,,,,,,,,,,,,,,,,,,,,,,,,,,,,,,,,,,,,,,,,,,,,,,,,,,,,,,,nan,,,,,,,,,,,,,,,
316,2574.54541015625,0.025719407945871353,2.5719407945871353,3434.820592880249,10000,ppo,ppo,crawler,flat,obs_dth_tot_direct,,,,,,,,,,,,,,,0.001892317028349821,0,781,0.0,0.0,,,,,,,,,,,,,,,,,,,,,,,,,,,,,,,,,,,,,,,,,,,,,,,,,,,,,,,,,,,,,,,,,,,,,,,,,,nan,,,,,,,,,,,,,,,
317,2610.73486328125,0.026078304275870323,2.6078304275870323,3447.601794242859,10000,ppo,ppo,crawler,flat,obs_dth_tot_direct,,,,,,,,,,,,,,,0.0013125178251923242,0,781,0.0,0.0,,,,,,,,,,,,,,,,,,,,,,,,,,,,,,,,,,,,,,,,,,,,,,,,,,,,,,,,,,,,,,,,,,,,,,,,,,nan,,,,,,,,,,,,,,,
318,2580.78564453125,0.025779083371162415,2.5779083371162415,3460.4831249713898,10000,ppo,ppo,crawler,flat,obs_dth_tot_direct,,,,,,,,,,,,,,,0.0013931453546604116,0,781,0.0,0.0,,,,,,,,,,,,,,,,,,,,,,,,,,,,,,,,,,,,,,,,,,,,,,,,,,,,,,,,,,,,,,,,,,,,,,,,,,nan,,,,,,,,,,,,,,,
319,2624.168701171875,0.026213815435767174,2.6213815435767174,3472.8465247154236,10000,ppo,ppo,crawler,flat,obs_dth_tot_direct,,,,,,,,,,,,,,,0.0014923311714174535,0,781,0.0,0.0,,,,,,,,,,,,,,,,,,,,,,,,,,,,,,,,,,,,,,,,,,,,,,,,,,,,,,,,,,,,,,,,,,,,,,,,,,nan,,,,,,,,,,,,,,,
320,2704.778564453125,0.027016572654247284,2.7016572654247284,3484.4628863334656,10000,ppo,ppo,crawler,flat,obs_dth_tot_direct,,,,,,,,,,,,,,,0.002199783348199543,0,781,0.0,0.0,,,,,,,,,,,,,,,,,,,,,,,,,,,,,,,,,,,,,,,,,,,,,,,,,,,,,,,,,,,,,,,,,,,,,,,,,,nan,,,,,,,,,,,,,,,
321,2595.607177734375,0.025927690789103508,2.592769078910351,3495.588884830475,10000,ppo,ppo,crawler,flat,obs_dth_tot_direct,,,,,,,,,,,,,,,0.0017101082312551503,0,781,0.0,0.0,,,,,,,,,,,,,,,,,,,,,,,,,,,,,,,,,,,,,,,,,,,,,,,,,,,,,,,,,,,,,,,,,,,,,,,,,,nan,,,,,,,,,,,,,,,
322,2717.42236328125,0.02714618854224682,2.714618854224682,3506.828786611557,10000,ppo,ppo,crawler,flat,obs_dth_tot_direct,,,,,,,,,,,,,,,0.0016195196762871609,0,781,0.0,0.0,,,,,,,,,,,,,,,,,,,,,,,,,,,,,,,,,,,,,,,,,,,,,,,,,,,,,,,,,,,,,,,,,,,,,,,,,,nan,,,,,,,,,,,,,,,
323,2544.5966796875,0.0254207756370306,2.54207756370306,3519.21528673172,10000,ppo,ppo,crawler,flat,obs_dth_tot_direct,,,,,,,,,,,,,,,0.000998101385491623,0,781,0.0,0.0,,,,,,,,,,,,,,,,,,,,,,,,,,,,,,,,,,,,,,,,,,,,,,,,,,,,,,,,,,,,,,,,,,,,,,,,,,nan,,,,,,,,,,,,,,,
324,2733.218505859375,0.02730126865208149,2.730126865208149,3530.1395440101624,10000,ppo,ppo,crawler,flat,obs_dth_tot_direct,,,,,,,,,,,,,,,0.0017103897084251925,0,781,0.0,0.0,,,,,,,,,,,,,,,,,,,,,,,,,,,,,,,,,,,,,,,,,,,,,,,,,,,,,,,,,,,,,,,,,,,,,,,,,,nan,,,,,,,,,,,,,,,
325,2636.04931640625,0.02633405476808548,2.633405476808548,3541.405005455017,10000,ppo,ppo,crawler,flat,obs_dth_tot_direct,,,,,,,,,,,,,,,0.0011067472006666187,0,781,0.0,0.0,,,,,,,,,,,,,,,,,,,,,,,,,,,,,,,,,,,,,,,,,,,,,,,,,,,,,,,,,,,,,,,,,,,,,,,,,,nan,,,,,,,,,,,,,,,
326,2528.08251953125,0.025252681225538254,2.5252681225538254,3552.241187810898,10000,ppo,ppo,crawler,flat,obs_dth_tot_direct,,,,,,,,,,,,,,,0.0015329462404619389,0,781,0.0,0.0,,,,,,,,,,,,,,,,,,,,,,,,,,,,,,,,,,,,,,,,,,,,,,,,,,,,,,,,,,,,,,,,,,,,,,,,,,nan,,,,,,,,,,,,,,,
327,2781.454833984375,0.02778451144695282,2.778451144695282,3563.132805585861,10000,ppo,ppo,crawler,flat,obs_dth_tot_direct,,,,,,,,,,,,,,,0.0012447545831830757,0,781,0.0,0.0,,,,,,,,,,,,,,,,,,,,,,,,,,,,,,,,,,,,,,,,,,,,,,,,,,,,,,,,,,,,,,,,,,,,,,,,,,nan,,,,,,,,,,,,,,,
328,2701.398193359375,0.02698337659239769,2.698337659239769,3574.3467218875885,10000,ppo,ppo,crawler,flat,obs_dth_tot_direct,,,,,,,,,,,,,,,0.002516448171921576,0,781,0.0,0.0,,,,,,,,,,,,,,,,,,,,,,,,,,,,,,,,,,,,,,,,,,,,,,,,,,,,,,,,,,,,,,,,,,,,,,,,,,nan,,,,,,,,,,,,,,,
329,2613.11181640625,0.026106325909495354,2.6106325909495354,3585.894891023636,10000,ppo,ppo,crawler,flat,obs_dth_tot_direct,,,,,,,,,,,,,,,0.0015200141502304358,0,781,0.0,0.0,,,,,,,,,,,,,,,,,,,,,,,,,,,,,,,,,,,,,,,,,,,,,,,,,,,,,,,,,,,,,,,,,,,,,,,,,,nan,,,,,,,,,,,,,,,
330,2534.28662109375,0.025313585996627808,2.5313585996627808,3597.168711900711,10000,ppo,ppo,crawler,flat,obs_dth_tot_direct,,,,,,,,,,,,,,,0.0008674301377951019,0,781,0.0,0.0,,,,,,,,,,,,,,,,,,,,,,,,,,,,,,,,,,,,,,,,,,,,,,,,,,,,,,,,,,,,,,,,,,,,,,,,,,nan,,,,,,,,,,,,,,,
331,2593.943359375,0.02590925246477127,2.590925246477127,3608.4184601306915,10000,ppo,ppo,crawler,flat,obs_dth_tot_direct,,,,,,,,,,,,,,,0.001763276857437738,0,781,0.0,0.0,,,,,,,,,,,,,,,,,,,,,,,,,,,,,,,,,,,,,,,,,,,,,,,,,,,,,,,,,,,,,,,,,,,,,,,,,,nan,,,,,,,,,,,,,,,
332,2640.7265625,0.02637733332812786,2.637733332812786,3619.016280412674,10000,ppo,ppo,crawler,flat,obs_dth_tot_direct,,,,,,,,,,,,,,,0.0013370089135082794,0,781,0.0,0.0,,,,,,,,,,,,,,,,,,,,,,,,,,,,,,,,,,,,,,,,,,,,,,,,,,,,,,,,,,,,,,,,,,,,,,,,,,nan,,,,,,,,,,,,,,,
333,2587.454345703125,0.025845712050795555,2.5845712050795555,3630.1424894332886,10000,ppo,ppo,crawler,flat,obs_dth_tot_direct,,,,,,,,,,,,,,,0.001273698831121176,0,781,0.0,0.0,,,,,,,,,,,,,,,,,,,,,,,,,,,,,,,,,,,,,,,,,,,,,,,,,,,,,,,,,,,,,,,,,,,,,,,,,,nan,,,,,,,,,,,,,,,
334,2651.418701171875,0.02648812159895897,2.648812159895897,3641.3786215782166,10000,ppo,ppo,crawler,flat,obs_dth_tot_direct,,,,,,,,,,,,,,,0.000935981698535885,0,781,0.0,0.0,,,,,,,,,,,,,,,,,,,,,,,,,,,,,,,,,,,,,,,,,,,,,,,,,,,,,,,,,,,,,,,,,,,,,,,,,,nan,,,,,,,,,,,,,,,
335,2763.638916015625,0.02761070430278778,2.761070430278778,3652.260006427765,10000,ppo,ppo,crawler,flat,obs_dth_tot_direct,,,,,,,,,,,,,,,0.0013818187987041616,0,781,0.0,0.0,,,,,,,,,,,,,,,,,,,,,,,,,,,,,,,,,,,,,,,,,,,,,,,,,,,,,,,,,,,,,,,,,,,,,,,,,,nan,,,,,,,,,,,,,,,
336,2717.904296875,0.0271539855748415,2.71539855748415,3663.4550054073334,10000,ppo,ppo,crawler,flat,obs_dth_tot_direct,,,,,,,,,,,,,,,0.0013824899674190851,0,781,0.0,0.0,,,,,,,,,,,,,,,,,,,,,,,,,,,,,,,,,,,,,,,,,,,,,,,,,,,,,,,,,,,,,,,,,,,,,,,,,,nan,,,,,,,,,,,,,,,
337,2695.157470703125,0.02692241780459881,2.692241780459881,3674.9788246154785,10000,ppo,ppo,crawler,flat,obs_dth_tot_direct,,,,,,,,,,,,,,,0.0016024018283708323,0,781,0.0,0.0,,,,,,,,,,,,,,,,,,,,,,,,,,,,,,,,,,,,,,,,,,,,,,,,,,,,,,,,,,,,,,,,,,,,,,,,,,nan,,,,,,,,,,,,,,,
338,2647.864990234375,0.026453956961631775,2.6453956961631775,3686.400154352188,10000,ppo,ppo,crawler,flat,obs_dth_tot_direct,,,,,,,,,,,,,,,0.001963149969213764,0,781,0.0,0.0,,,,,,,,,,,,,,,,,,,,,,,,,,,,,,,,,,,,,,,,,,,,,,,,,,,,,,,,,,,,,,,,,,,,,,,,,,nan,,,,,,,,,,,,,,,
339,2733.35205078125,0.027304667979478836,2.7304667979478836,3697.1578216552734,10000,ppo,ppo,crawler,flat,obs_dth_tot_direct,,,,,,,,,,,,,,,0.0025607780208339857,0,781,0.0,0.0,,,,,,,,,,,,,,,,,,,,,,,,,,,,,,,,,,,,,,,,,,,,,,,,,,,,,,,,,,,,,,,,,,,,,,,,,,nan,,,,,,,,,,,,,,,
340,2708.057373046875,0.02705148607492447,2.705148607492447,3709.6010308265686,10000,ppo,ppo,crawler,flat,obs_dth_tot_direct,,,,,,,,,,,,,,,0.002290201644862967,0,781,0.0,0.0,,,,,,,,,,,,,,,,,,,,,,,,,,,,,,,,,,,,,,,,,,,,,,,,,,,,,,,,,,,,,,,,,,,,,,,,,,nan,,,,,,,,,,,,,,,
341,2627.513427734375,0.02624681405723095,2.624681405723095,3721.0571036338806,10000,ppo,ppo,crawler,flat,obs_dth_tot_direct,,,,,,,,,,,,,,,0.0017484066976610221,0,781,0.0,0.0,,,,,,,,,,,,,,,,,,,,,,,,,,,,,,,,,,,,,,,,,,,,,,,,,,,,,,,,,,,,,,,,,,,,,,,,,,nan,,,,,,,,,,,,,,,
342,2713.078857421875,0.0270993709564209,2.70993709564209,3732.2154631614685,10000,ppo,ppo,crawler,flat,obs_dth_tot_direct,,,,,,,,,,,,,,,0.0013000645501212327,0,781,0.0,0.0,,,,,,,,,,,,,,,,,,,,,,,,,,,,,,,,,,,,,,,,,,,,,,,,,,,,,,,,,,,,,,,,,,,,,,,,,,nan,,,,,,,,,,,,,,,
343,2752.09228515625,0.027490392327308655,2.7490392327308655,3743.4291293621063,10000,ppo,ppo,crawler,flat,obs_dth_tot_direct,,,,,,,,,,,,,,,0.0014156123987407304,0,781,0.0,0.0,,,,,,,,,,,,,,,,,,,,,,,,,,,,,,,,,,,,,,,,,,,,,,,,,,,,,,,,,,,,,,,,,,,,,,,,,,nan,,,,,,,,,,,,,,,
344,2714.084228515625,0.027112746611237526,2.7112746611237526,3755.0586054325104,10000,ppo,ppo,crawler,flat,obs_dth_tot_direct,,,,,,,,,,,,,,,0.0010481186507699926,0,781,0.0,0.0,,,,,,,,,,,,,,,,,,,,,,,,,,,,,,,,,,,,,,,,,,,,,,,,,,,,,,,,,,,,,,,,,,,,,,,,,,nan,,,,,,,,,,,,,,,
345,2615.49462890625,0.02612406574189663,2.612406574189663,3766.628148317337,10000,ppo,ppo,crawler,flat,obs_dth_tot_direct,,,,,,,,,,,,,,,0.002057290648239273,0,781,0.0,0.0,,,,,,,,,,,,,,,,,,,,,,,,,,,,,,,,,,,,,,,,,,,,,,,,,,,,,,,,,,,,,,,,,,,,,,,,,,nan,,,,,,,,,,,,,,,
346,2687.057861328125,0.02684355154633522,2.684355154633522,3777.788985490799,10000,ppo,ppo,crawler,flat,obs_dth_tot_direct,,,,,,,,,,,,,,,0.0017956942413171807,0,781,0.0,0.0,,,,,,,,,,,,,,,,,,,,,,,,,,,,,,,,,,,,,,,,,,,,,,,,,,,,,,,,,,,,,,,,,,,,,,,,,,nan,,,,,,,,,,,,,,,
347,2778.892822265625,0.027756860479712486,2.7756860479712486,3789.078679561615,10000,ppo,ppo,crawler,flat,obs_dth_tot_direct,,,,,,,,,,,,,,,0.0010289926248811978,0,781,0.0,0.0,,,,,,,,,,,,,,,,,,,,,,,,,,,,,,,,,,,,,,,,,,,,,,,,,,,,,,,,,,,,,,,,,,,,,,,,,,nan,,,,,,,,,,,,,,,
348,2704.60205078125,0.027016442269086838,2.7016442269086838,3799.971583366394,10000,ppo,ppo,crawler,flat,obs_dth_tot_direct,,,,,,,,,,,,,,,0.002934552306391763,0,781,0.0,0.0,,,,,,,,,,,,,,,,,,,,,,,,,,,,,,,,,,,,,,,,,,,,,,,,,,,,,,,,,,,,,,,,,,,,,,,,,,nan,,,,,,,,,,,,,,,
349,2734.92333984375,0.027319740504026413,2.7319740504026413,3811.2563107013702,10000,ppo,ppo,crawler,flat,obs_dth_tot_direct,,,,,,,,,,,,,,,0.002257750643893856,0,781,0.0,0.0,,,,,,,,,,,,,,,,,,,,,,,,,,,,,,,,,,,,,,,,,,,,,,,,,,,,,,,,,,,,,,,,,,,,,,,,,,nan,,,,,,,,,,,,,,,
350,2699.69384765625,0.026965850964188576,2.6965850964188576,3822.1349818706512,10000,ppo,ppo,crawler,flat,obs_dth_tot_direct,,,,,,,,,,,,,,,0.0014857786557364405,0,781,0.0,0.0,,,,,,,,,,,,,,,,,,,,,,,,,,,,,,,,,,,,,,,,,,,,,,,,,,,,,,,,,,,,,,,,,,,,,,,,,,nan,,,,,,,,,,,,,,,
351,2632.313720703125,0.02629704214632511,2.629704214632511,3833.264015197754,10000,ppo,ppo,crawler,flat,obs_dth_tot_direct,,,,,,,,,,,,,,,0.0015973742005574378,0,781,0.0,0.0,,,,,,,,,,,,,,,,,,,,,,,,,,,,,,,,,,,,,,,,,,,,,,,,,,,,,,,,,,,,,,,,,,,,,,,,,,nan,,,,,,,,,,,,,,,
352,2643.555908203125,0.02640439011156559,2.640439011156559,3844.843053340912,10000,ppo,ppo,crawler,flat,obs_dth_tot_direct,,,,,,,,,,,,,,,0.001991634465943668,0,781,0.0,0.0,,,,,,,,,,,,,,,,,,,,,,,,,,,,,,,,,,,,,,,,,,,,,,,,,,,,,,,,,,,,,,,,,,,,,,,,,,nan,,,,,,,,,,,,,,,
353,2669.755126953125,0.026670275256037712,2.667027525603771,3855.592958688736,10000,ppo,ppo,crawler,flat,obs_dth_tot_direct,,,,,,,,,,,,,,,0.0014484386329189915,0,781,0.0,0.0,,,,,,,,,,,,,,,,,,,,,,,,,,,,,,,,,,,,,,,,,,,,,,,,,,,,,,,,,,,,,,,,,,,,,,,,,,nan,,,,,,,,,,,,,,,
354,2669.6337890625,0.026666851714253426,2.6666851714253426,3867.0250737667084,10000,ppo,ppo,crawler,flat,obs_dth_tot_direct,,,,,,,,,,,,,,,0.0010115038902128667,0,781,0.0,0.0,,,,,,,,,,,,,,,,,,,,,,,,,,,,,,,,,,,,,,,,,,,,,,,,,,,,,,,,,,,,,,,,,,,,,,,,,,nan,,,,,,,,,,,,,,,
355,2622.44140625,0.026196129620075226,2.6196129620075226,3877.6619992256165,10000,ppo,ppo,crawler,flat,obs_dth_tot_direct,,,,,,,,,,,,,,,0.0018526615521355144,0,781,0.0,0.0,,,,,,,,,,,,,,,,,,,,,,,,,,,,,,,,,,,,,,,,,,,,,,,,,,,,,,,,,,,,,,,,,,,,,,,,,,nan,,,,,,,,,,,,,,,
356,2715.308837890625,0.027125468477606773,2.7125468477606773,3888.8555011749268,10000,ppo,ppo,crawler,flat,obs_dth_tot_direct,,,,,,,,,,,,,,,0.0015433866155386024,0,781,0.0,0.0,,,,,,,,,,,,,,,,,,,,,,,,,,,,,,,,,,,,,,,,,,,,,,,,,,,,,,,,,,,,,,,,,,,,,,,,,,nan,,,,,,,,,,,,,,,
357,2722.307861328125,0.027196016162633896,2.7196016162633896,3900.7192888259888,10000,ppo,ppo,crawler,flat,obs_dth_tot_direct,,,,,,,,,,,,,,,0.0013248085489817262,0,781,0.0,0.0,,,,,,,,,,,,,,,,,,,,,,,,,,,,,,,,,,,,,,,,,,,,,,,,,,,,,,,,,,,,,,,,,,,,,,,,,,nan,,,,,,,,,,,,,,,
358,2671.554443359375,0.026688847690820694,2.6688847690820694,3912.3549242019653,10000,ppo,ppo,crawler,flat,obs_dth_tot_direct,,,,,,,,,,,,,,,0.0018272938996920349,0,781,0.0,0.0,,,,,,,,,,,,,,,,,,,,,,,,,,,,,,,,,,,,,,,,,,,,,,,,,,,,,,,,,,,,,,,,,,,,,,,,,,nan,,,,,,,,,,,,,,,
359,2729.2783203125,0.027262169867753983,2.7262169867753983,3923.6030921936035,10000,ppo,ppo,crawler,flat,obs_dth_tot_direct,,,,,,,,,,,,,,,0.0021733742242839387,0,781,0.0,0.0,,,,,,,,,,,,,,,,,,,,,,,,,,,,,,,,,,,,,,,,,,,,,,,,,,,,,,,,,,,,,,,,,,,,,,,,,,nan,,,,,,,,,,,,,,,
360,2679.916259765625,0.026771020144224167,2.6771020144224167,3935.0616834163666,10000,ppo,ppo,crawler,flat,obs_dth_tot_direct,,,,,,,,,,,,,,,0.0017010123112766418,0,781,0.0,0.0,,,,,,,,,,,,,,,,,,,,,,,,,,,,,,,,,,,,,,,,,,,,,,,,,,,,,,,,,,,,,,,,,,,,,,,,,,nan,,,,,,,,,,,,,,,
361,2632.359375,0.026291796937584877,2.6291796937584877,3945.8733038902283,10000,ppo,ppo,crawler,flat,obs_dth_tot_direct,,,,,,,,,,,,,,,0.001866433008307096,0,781,0.0,0.0,,,,,,,,,,,,,,,,,,,,,,,,,,,,,,,,,,,,,,,,,,,,,,,,,,,,,,,,,,,,,,,,,,,,,,,,,,nan,,,,,,,,,,,,,,,
362,2658.5,0.026555629447102547,2.6555629447102547,3956.732085943222,10000,ppo,ppo,crawler,flat,obs_dth_tot_direct,,,,,,,,,,,,,,,0.002189003709527859,0,781,0.0,0.0,,,,,,,,,,,,,,,,,,,,,,,,,,,,,,,,,,,,,,,,,,,,,,,,,,,,,,,,,,,,,,,,,,,,,,,,,,nan,,,,,,,,,,,,,,,
363,2603.78564453125,0.026009593158960342,2.6009593158960342,3968.083214521408,10000,ppo,ppo,crawler,flat,obs_dth_tot_direct,,,,,,,,,,,,,,,0.0027478751989078233,0,781,0.0,0.0,,,,,,,,,,,,,,,,,,,,,,,,,,,,,,,,,,,,,,,,,,,,,,,,,,,,,,,,,,,,,,,,,,,,,,,,,,nan,,,,,,,,,,,,,,,
364,2754.40185546875,0.027513299137353897,2.7513299137353897,3978.7366151809692,10000,ppo,ppo,crawler,flat,obs_dth_tot_direct,,,,,,,,,,,,,,,0.0015907078054292546,0,781,0.0,0.0,,,,,,,,,,,,,,,,,,,,,,,,,,,,,,,,,,,,,,,,,,,,,,,,,,,,,,,,,,,,,,,,,,,,,,,,,,nan,,,,,,,,,,,,,,,
365,2745.723876953125,0.0274319089949131,2.74319089949131,3989.7588901519775,10000,ppo,ppo,crawler,flat,obs_dth_tot_direct,,,,,,,,,,,,,,,0.0014887944637623951,0,781,0.0,0.0,,,,,,,,,,,,,,,,,,,,,,,,,,,,,,,,,,,,,,,,,,,,,,,,,,,,,,,,,,,,,,,,,,,,,,,,,,nan,,,,,,,,,,,,,,,
366,2738.27392578125,0.027353575453162193,2.7353575453162193,4000.6490190029144,10000,ppo,ppo,crawler,flat,obs_dth_tot_direct,,,,,,,,,,,,,,,0.002594878826141943,0,781,0.0,0.0,,,,,,,,,,,,,,,,,,,,,,,,,,,,,,,,,,,,,,,,,,,,,,,,,,,,,,,,,,,,,,,,,,,,,,,,,,nan,,,,,,,,,,,,,,,
367,2673.153564453125,0.02670149691402912,2.670149691402912,4011.717376232147,10000,ppo,ppo,crawler,flat,obs_dth_tot_direct,,,,,,,,,,,,,,,0.0017172008210484548,0,781,0.0,0.0,,,,,,,,,,,,,,,,,,,,,,,,,,,,,,,,,,,,,,,,,,,,,,,,,,,,,,,,,,,,,,,,,,,,,,,,,,nan,,,,,,,,,,,,,,,
368,2655.157958984375,0.026523683220148087,2.6523683220148087,4022.5479946136475,10000,ppo,ppo,crawler,flat,obs_dth_tot_direct,,,,,,,,,,,,,,,0.0018890312745222966,0,781,0.0,0.0,,,,,,,,,,,,,,,,,,,,,,,,,,,,,,,,,,,,,,,,,,,,,,,,,,,,,,,,,,,,,,,,,,,,,,,,,,nan,,,,,,,,,,,,,,,
369,2577.844482421875,0.02575088106095791,2.575088106095791,4033.2297513484955,10000,ppo,ppo,crawler,flat,obs_dth_tot_direct,,,,,,,,,,,,,,,0.00298361519469978,0,781,0.0,0.0,,,,,,,,,,,,,,,,,,,,,,,,,,,,,,,,,,,,,,,,,,,,,,,,,,,,,,,,,,,,,,,,,,,,,,,,,,nan,,,,,,,,,,,,,,,
370,2668.801513671875,0.026664437726140022,2.6664437726140022,4044.1609015464783,10000,ppo,ppo,crawler,flat,obs_dth_tot_direct,,,,,,,,,,,,,,,0.0015771145358939394,0,781,0.0,0.0,,,,,,,,,,,,,,,,,,,,,,,,,,,,,,,,,,,,,,,,,,,,,,,,,,,,,,,,,,,,,,,,,,,,,,,,,,nan,,,,,,,,,,,,,,,
371,2664.26611328125,0.026614956557750702,2.66149565577507,4055.3833796977997,10000,ppo,ppo,crawler,flat,obs_dth_tot_direct,,,,,,,,,,,,,,,0.000999455308392941,0,781,0.0,0.0,,,,,,,,,,,,,,,,,,,,,,,,,,,,,,,,,,,,,,,,,,,,,,,,,,,,,,,,,,,,,,,,,,,,,,,,,,nan,,,,,,,,,,,,,,,
372,2601.46728515625,0.025990581139922142,2.599058113992214,4065.940001487732,10000,ppo,ppo,crawler,flat,obs_dth_tot_direct,,,,,,,,,,,,,,,0.0016256461425091658,0,781,0.0,0.0,,,,,,,,,,,,,,,,,,,,,,,,,,,,,,,,,,,,,,,,,,,,,,,,,,,,,,,,,,,,,,,,,,,,,,,,,,nan,,,,,,,,,,,,,,,
373,2669.302490234375,0.026662999764084816,2.6662999764084816,4077.204821586609,10000,ppo,ppo,crawler,flat,obs_dth_tot_direct,,,,,,,,,,,,,,,0.001993297501863247,0,781,0.0,0.0,,,,,,,,,,,,,,,,,,,,,,,,,,,,,,,,,,,,,,,,,,,,,,,,,,,,,,,,,,,,,,,,,,,,,,,,,,nan,,,,,,,,,,,,,,,
374,2669.41455078125,0.02666752226650715,2.666752226650715,4087.9035637378693,10000,ppo,ppo,crawler,flat,obs_dth_tot_direct,,,,,,,,,,,,,,,0.0010474215946660898,0,781,0.0,0.0,,,,,,,,,,,,,,,,,,,,,,,,,,,,,,,,,,,,,,,,,,,,,,,,,,,,,,,,,,,,,,,,,,,,,,,,,,nan,,,,,,,,,,,,,,,
375,2566.656005859375,0.02563604712486267,2.563604712486267,4098.938608407974,10000,ppo,ppo,crawler,flat,obs_dth_tot_direct,,,,,,,,,,,,,,,0.0017883705005310492,0,781,0.0,0.0,,,,,,,,,,,,,,,,,,,,,,,,,,,,,,,,,,,,,,,,,,,,,,,,,,,,,,,,,,,,,,,,,,,,,,,,,,nan,,,,,,,,,,,,,,,
376,2734.741455078125,0.027317216619849205,2.7317216619849205,4109.848530292511,10000,ppo,ppo,crawler,flat,obs_dth_tot_direct,,,,,,,,,,,,,,,0.0015541749908711243,0,781,0.0,0.0,,,,,,,,,,,,,,,,,,,,,,,,,,,,,,,,,,,,,,,,,,,,,,,,,,,,,,,,,,,,,,,,,,,,,,,,,,nan,,,,,,,,,,,,,,,
377,2511.452392578125,0.025085564702749252,2.5085564702749252,4120.899302959442,10000,ppo,ppo,crawler,flat,obs_dth_tot_direct,,,,,,,,,,,,,,,0.0017163316699246069,0,781,0.0,0.0,,,,,,,,,,,,,,,,,,,,,,,,,,,,,,,,,,,,,,,,,,,,,,,,,,,,,,,,,,,,,,,,,,,,,,,,,,nan,,,,,,,,,,,,,,,
378,2679.52587890625,0.026768621057271957,2.6768621057271957,4131.802069425583,10000,ppo,ppo,crawler,flat,obs_dth_tot_direct,,,,,,,,,,,,,,,0.0010797242160771182,0,781,0.0,0.0,,,,,,,,,,,,,,,,,,,,,,,,,,,,,,,,,,,,,,,,,,,,,,,,,,,,,,,,,,,,,,,,,,,,,,,,,,nan,,,,,,,,,,,,,,,
379,2695.773193359375,0.026927849277853966,2.6927849277853966,4143.345276594162,10000,ppo,ppo,crawler,flat,obs_dth_tot_direct,,,,,,,,,,,,,,,0.0010142769704249855,0,781,0.0,0.0,,,,,,,,,,,,,,,,,,,,,,,,,,,,,,,,,,,,,,,,,,,,,,,,,,,,,,,,,,,,,,,,,,,,,,,,,,nan,,,,,,,,,,,,,,,
380,2555.255859375,0.02552378550171852,2.552378550171852,4154.069169521332,10000,ppo,ppo,crawler,flat,obs_dth_tot_direct,,,,,,,,,,,,,,,0.002782491947606493,0,781,0.0,0.0,,,,,,,,,,,,,,,,,,,,,,,,,,,,,,,,,,,,,,,,,,,,,,,,,,,,,,,,,,,,,,,,,,,,,,,,,,nan,,,,,,,,,,,,,,,
381,2572.408935546875,0.02569495141506195,2.569495141506195,4165.563910007477,10000,ppo,ppo,crawler,flat,obs_dth_tot_direct,,,,,,,,,,,,,,,0.0024270235416064337,0,781,0.0,0.0,,,,,,,,,,,,,,,,,,,,,,,,,,,,,,,,,,,,,,,,,,,,,,,,,,,,,,,,,,,,,,,,,,,,,,,,,,nan,,,,,,,,,,,,,,,
382,2611.77734375,0.02609405480325222,2.609405480325222,4176.426981210709,10000,ppo,ppo,crawler,flat,obs_dth_tot_direct,,,,,,,,,,,,,,,0.0025072839982636587,0,781,0.0,0.0,,,,,,,,,,,,,,,,,,,,,,,,,,,,,,,,,,,,,,,,,,,,,,,,,,,,,,,,,,,,,,,,,,,,,,,,,,nan,,,,,,,,,,,,,,,
383,2477.033935546875,0.024742549285292625,2.4742549285292625,4187.6190440654755,10000,ppo,ppo,crawler,flat,obs_dth_tot_direct,,,,,,,,,,,,,,,0.0023446054372653654,0,781,0.0,0.0,,,,,,,,,,,,,,,,,,,,,,,,,,,,,,,,,,,,,,,,,,,,,,,,,,,,,,,,,,,,,,,,,,,,,,,,,,nan,,,,,,,,,,,,,,,
384,2555.904296875,0.02553197182714939,2.553197182714939,4199.12121796608,10000,ppo,ppo,crawler,flat,obs_dth_tot_direct,,,,,,,,,,,,,,,0.0035407313894211256,0,781,0.0,0.0,,,,,,,,,,,,,,,,,,,,,,,,,,,,,,,,,,,,,,,,,,,,,,,,,,,,,,,,,,,,,,,,,,,,,,,,,,nan,,,,,,,,,,,,,,,
385,2701.744873046875,0.026987627148628235,2.6987627148628235,4210.349098920822,10000,ppo,ppo,crawler,flat,obs_dth_tot_direct,,,,,,,,,,,,,,,0.0013417673458859126,0,781,0.0,0.0,,,,,,,,,,,,,,,,,,,,,,,,,,,,,,,,,,,,,,,,,,,,,,,,,,,,,,,,,,,,,,,,,,,,,,,,,,nan,,,,,,,,,,,,,,,
386,2499.524169921875,0.0249677412211895,2.49677412211895,4221.004710197449,10000,ppo,ppo,crawler,flat,obs_dth_tot_direct,,,,,,,,,,,,,,,0.0012992285601582357,0,781,0.0,0.0,,,,,,,,,,,,,,,,,,,,,,,,,,,,,,,,,,,,,,,,,,,,,,,,,,,,,,,,,,,,,,,,,,,,,,,,,,nan,,,,,,,,,,,,,,,
387,2707.638427734375,0.027045998722314835,2.7045998722314835,4232.016339540482,10000,ppo,ppo,crawler,flat,obs_dth_tot_direct,,,,,,,,,,,,,,,0.00159533151202708,0,781,0.0,0.0,,,,,,,,,,,,,,,,,,,,,,,,,,,,,,,,,,,,,,,,,,,,,,,,,,,,,,,,,,,,,,,,,,,,,,,,,,nan,,,,,,,,,,,,,,,
388,2580.46923828125,0.025778966024518013,2.5778966024518013,4242.725702524185,10000,ppo,ppo,crawler,flat,obs_dth_tot_direct,,,,,,,,,,,,,,,0.0021757692211531727,0,781,0.0,0.0,,,,,,,,,,,,,,,,,,,,,,,,,,,,,,,,,,,,,,,,,,,,,,,,,,,,,,,,,,,,,,,,,,,,,,,,,,nan,,,,,,,,,,,,,,,
389,2692.132568359375,0.02689375914633274,2.689375914633274,4253.755471467972,10000,ppo,ppo,crawler,flat,obs_dth_tot_direct,,,,,,,,,,,,,,,0.0030454342421117556,0,781,0.0,0.0,,,,,,,,,,,,,,,,,,,,,,,,,,,,,,,,,,,,,,,,,,,,,,,,,,,,,,,,,,,,,,,,,,,,,,,,,,nan,,,,,,,,,,,,,,,
390,2612.9970703125,0.026110338047146797,2.6110338047146797,4264.305007219315,10000,ppo,ppo,crawler,flat,obs_dth_tot_direct,,,,,,,,,,,,,,,0.002430009144884069,0,781,0.0,0.0,,,,,,,,,,,,,,,,,,,,,,,,,,,,,,,,,,,,,,,,,,,,,,,,,,,,,,,,,,,,,,,,,,,,,,,,,,nan,,,,,,,,,,,,,,,
391,2754.767333984375,0.02751983515918255,2.751983515918255,4275.407728433609,10000,ppo,ppo,crawler,flat,obs_dth_tot_direct,,,,,,,,,,,,,,,0.0020051174331912917,0,781,0.0,0.0,,,,,,,,,,,,,,,,,,,,,,,,,,,,,,,,,,,,,,,,,,,,,,,,,,,,,,,,,,,,,,,,,,,,,,,,,,nan,,,,,,,,,,,,,,,
392,2664.80078125,0.02661866322159767,2.661866322159767,4286.276913642883,10000,ppo,ppo,crawler,flat,obs_dth_tot_direct,,,,,,,,,,,,,,,0.0018583130962391045,0,781,0.0,0.0,,,,,,,,,,,,,,,,,,,,,,,,,,,,,,,,,,,,,,,,,,,,,,,,,,,,,,,,,,,,,,,,,,,,,,,,,,nan,,,,,,,,,,,,,,,
393,2658.966552734375,0.026560619473457336,2.6560619473457336,4296.930490732193,10000,ppo,ppo,crawler,flat,obs_dth_tot_direct,,,,,,,,,,,,,,,0.0015986850054255386,0,781,0.0,0.0,,,,,,,,,,,,,,,,,,,,,,,,,,,,,,,,,,,,,,,,,,,,,,,,,,,,,,,,,,,,,,,,,,,,,,,,,,nan,,,,,,,,,,,,,,,
394,2704.579345703125,0.027021771296858788,2.7021771296858788,4307.955952644348,10000,ppo,ppo,crawler,flat,obs_dth_tot_direct,,,,,,,,,,,,,,,0.002866840826341517,0,781,0.0,0.0,,,,,,,,,,,,,,,,,,,,,,,,,,,,,,,,,,,,,,,,,,,,,,,,,,,,,,,,,,,,,,,,,,,,,,,,,,nan,,,,,,,,,,,,,,,
395,2668.310302734375,0.026655904948711395,2.6655904948711395,4318.844473600388,10000,ppo,ppo,crawler,flat,obs_dth_tot_direct,,,,,,,,,,,,,,,0.002067368995801018,0,781,0.0,0.0,,,,,,,,,,,,,,,,,,,,,,,,,,,,,,,,,,,,,,,,,,,,,,,,,,,,,,,,,,,,,,,,,,,,,,,,,,nan,,,,,,,,,,,,,,,
396,2624.712646484375,0.026220787316560745,2.6220787316560745,4328.98179101944,10000,ppo,ppo,crawler,flat,obs_dth_tot_direct,,,,,,,,,,,,,,,0.0020691448451907023,0,781,0.0,0.0,,,,,,,,,,,,,,,,,,,,,,,,,,,,,,,,,,,,,,,,,,,,,,,,,,,,,,,,,,,,,,,,,,,,,,,,,,nan,,,,,,,,,,,,,,,
397,2610.676025390625,0.026081383228302002,2.6081383228302,4339.056007385254,10000,ppo,ppo,crawler,flat,obs_dth_tot_direct,,,,,,,,,,,,,,,0.003413757021364113,0,781,0.0,0.0,,,,,,,,,,,,,,,,,,,,,,,,,,,,,,,,,,,,,,,,,,,,,,,,,,,,,,,,,,,,,,,,,,,,,,,,,,nan,,,,,,,,,,,,,,,
398,2641.35400390625,0.0263885036110878,2.63885036110878,4349.121614217758,10000,ppo,ppo,crawler,flat,obs_dth_tot_direct,,,,,,,,,,,,,,,0.0024823749074908224,0,781,0.0,0.0,,,,,,,,,,,,,,,,,,,,,,,,,,,,,,,,,,,,,,,,,,,,,,,,,,,,,,,,,,,,,,,,,,,,,,,,,,nan,,,,,,,,,,,,,,,
399,2583.059326171875,0.02580217830836773,2.580217830836773,4359.062426567078,10000,ppo,ppo,crawler,flat,obs_dth_tot_direct,,,,,,,,,,,,,,,0.0028801777433495952,0,781,0.0,0.0,,,,,,,,,,,,,,,,,,,,,,,,,,,,,,,,,,,,,,,,,,,,,,,,,,,,,,,,,,,,,,,,,,,,,,,,,,nan,,,,,,,,,,,,,,,
400,2492.110107421875,0.02489379048347473,2.489379048347473,4369.303383350372,10000,ppo,ppo,crawler,flat,obs_dth_tot_direct,,,,,,,,,,,,,,,0.007029957124751944,0,781,0.0,0.0,,,,,,,,,,,,,,,,,,,,,,,,,,,,,,,,,,,,,,,,,,,,,,,,,,,,,,,,,,,,,,,,,,,,,,,,,,nan,,,,,,,,,,,,,,,
401,2568.625732421875,0.025656456127762794,2.5656456127762794,4379.305701255798,10000,ppo,ppo,crawler,flat,obs_dth_tot_direct,,,,,,,,,,,,,,,0.02863392018279462,0,781,0.0,0.0,,,,,,,,,,,,,,,,,,,,,,,,,,,,,,,,,,,,,,,,,,,,,,,,,,,,,,,,,,,,,,,,,,,,,,,,,,nan,,,,,,,,,,,,,,,
402,2410.304443359375,0.024075312539935112,2.407531253993511,4389.171312332153,10000,ppo,ppo,crawler,flat,obs_dth_tot_direct,,,,,,,,,,,,,,,0.057679640410204,0,781,0.0,0.0,,,,,,,,,,,,,,,,,,,,,,,,,,,,,,,,,,,,,,,,,,,,,,,,,,,,,,,,,,,,,,,,,,,,,,,,,,nan,,,,,,,,,,,,,,,
403,2469.487060546875,0.024667594581842422,2.4667594581842422,4398.9289565086365,10000,ppo,ppo,crawler,flat,obs_dth_tot_direct,,,,,,,,,,,,,,,0.0678889561809339,0,781,0.0,0.0,,,,,,,,,,,,,,,,,,,,,,,,,,,,,,,,,,,,,,,,,,,,,,,,,,,,,,,,,,,,,,,,,,,,,,,,,,nan,,,,,,,,,,,,,,,
404,2438.33447265625,0.024359432980418205,2.4359432980418205,4408.841140985489,10000,ppo,ppo,crawler,flat,obs_dth_tot_direct,,,,,,,,,,,,,,,0.08874508987887583,0,781,0.0,0.0,,,,,,,,,,,,,,,,,,,,,,,,,,,,,,,,,,,,,,,,,,,,,,,,,,,,,,,,,,,,,,,,,,,,,,,,,,nan,,,,,,,,,,,,,,,
405,2370.356689453125,0.023680442944169044,2.3680442944169044,4418.699666023254,10000,ppo,ppo,crawler,flat,obs_dth_tot_direct,,,,,,,,,,,,,,,0.09742693750877676,0,781,0.0,0.0,,,,,,,,,,,,,,,,,,,,,,,,,,,,,,,,,,,,,,,,,,,,,,,,,,,,,,,,,,,,,,,,,,,,,,,,,,nan,,,,,,,,,,,,,,,
406,2364.735595703125,0.02362257055938244,2.362257055938244,4428.304852724075,10000,ppo,ppo,crawler,flat,obs_dth_tot_direct,,,,,,,,,,,,,,,0.10050274131389975,0,781,0.0,0.0,,,,,,,,,,,,,,,,,,,,,,,,,,,,,,,,,,,,,,,,,,,,,,,,,,,,,,,,,,,,,,,,,,,,,,,,,,nan,,,,,,,,,,,,,,,
407,2375.866943359375,0.023733455687761307,2.3733455687761307,4438.756964445114,10000,ppo,ppo,crawler,flat,obs_dth_tot_direct,,,,,,,,,,,,,,,0.09886631198380091,0,781,0.0,0.0,,,,,,,,,,,,,,,,,,,,,,,,,,,,,,,,,,,,,,,,,,,,,,,,,,,,,,,,,,,,,,,,,,,,,,,,,,nan,,,,,,,,,,,,,,,
408,2360.02783203125,0.023573750630021095,2.3573750630021095,4448.89061665535,10000,ppo,ppo,crawler,flat,obs_dth_tot_direct,,,,,,,,,,,,,,,0.10474092393323098,0,781,0.0,0.0,,,,,,,,,,,,,,,,,,,,,,,,,,,,,,,,,,,,,,,,,,,,,,,,,,,,,,,,,,,,,,,,,,,,,,,,,,nan,,,,,,,,,,,,,,,
409,2367.096435546875,0.023648245260119438,2.364824526011944,4458.45734667778,10000,ppo,ppo,crawler,flat,obs_dth_tot_direct,,,,,,,,,,,,,,,0.11992504238753772,0,781,0.0,0.0,,,,,,,,,,,,,,,,,,,,,,,,,,,,,,,,,,,,,,,,,,,,,,,,,,,,,,,,,,,,,,,,,,,,,,,,,,nan,,,,,,,,,,,,,,,
410,2474.86962890625,0.024719363078475,2.4719363078475,4468.530827522278,10000,ppo,ppo,crawler,flat,obs_dth_tot_direct,,,,,,,,,,,,,,,0.12668858135428557,0,781,0.0,0.0,,,,,,,,,,,,,,,,,,,,,,,,,,,,,,,,,,,,,,,,,,,,,,,,,,,,,,,,,,,,,,,,,,,,,,,,,,nan,,,,,,,,,,,,,,,
411,2443.968017578125,0.024414455518126488,2.4414455518126488,4478.471482038498,10000,ppo,ppo,crawler,flat,obs_dth_tot_direct,,,,,,,,,,,,,,,0.15166656506098503,0,781,0.0,0.0,,,,,,,,,,,,,,,,,,,,,,,,,,,,,,,,,,,,,,,,,,,,,,,,,,,,,,,,,,,,,,,,,,,,,,,,,,nan,,,,,,,,,,,,,,,
412,2385.653564453125,0.023831136524677277,2.3831136524677277,4488.111469268799,10000,ppo,ppo,crawler,flat,obs_dth_tot_direct,,,,,,,,,,,,,,,0.18029374177881896,0,781,0.0,0.0,,,,,,,,,,,,,,,,,,,,,,,,,,,,,,,,,,,,,,,,,,,,,,,,,,,,,,,,,,,,,,,,,,,,,,,,,,nan,,,,,,,,,,,,,,,
413,2415.188232421875,0.024131273850798607,2.4131273850798607,4498.226968288422,10000,ppo,ppo,crawler,flat,obs_dth_tot_direct,,,,,,,,,,,,,,,0.20002845141310907,0,781,0.0,0.0,,,,,,,,,,,,,,,,,,,,,,,,,,,,,,,,,,,,,,,,,,,,,,,,,,,,,,,,,,,,,,,,,,,,,,,,,,nan,,,,,,,,,,,,,,,
414,2370.653076171875,0.023684130981564522,2.368413098156452,4507.758338928223,10000,ppo,ppo,crawler,flat,obs_dth_tot_direct,,,,,,,,,,,,,,,0.2104260454319171,0,781,0.0,0.0,,,,,,,,,,,,,,,,,,,,,,,,,,,,,,,,,,,,,,,,,,,,,,,,,,,,,,,,,,,,,,,,,,,,,,,,,,nan,,,,,,,,,,,,,,,
415,2341.480224609375,0.023386690765619278,2.338669076561928,4517.832632064819,10000,ppo,ppo,crawler,flat,obs_dth_tot_direct,,,,,,,,,,,,,,,0.21394867558651448,0,781,0.0,0.0,,,,,,,,,,,,,,,,,,,,,,,,,,,,,,,,,,,,,,,,,,,,,,,,,,,,,,,,,,,,,,,,,,,,,,,,,,nan,,,,,,,,,,,,,,,
416,2378.54443359375,0.02376055158674717,2.376055158674717,4527.763734817505,10000,ppo,ppo,crawler,flat,obs_dth_tot_direct,,,,,,,,,,,,,,,0.20918801694173217,0,781,0.0,0.0,,,,,,,,,,,,,,,,,,,,,,,,,,,,,,,,,,,,,,,,,,,,,,,,,,,,,,,,,,,,,,,,,,,,,,,,,,nan,,,,,,,,,,,,,,,
417,2525.149169921875,0.02522364631295204,2.522364631295204,4537.162941932678,10000,ppo,ppo,crawler,flat,obs_dth_tot_direct,,,,,,,,,,,,,,,0.1932881772218176,0,781,0.0,0.0,,,,,,,,,,,,,,,,,,,,,,,,,,,,,,,,,,,,,,,,,,,,,,,,,,,,,,,,,,,,,,,,,,,,,,,,,,nan,,,,,,,,,,,,,,,
418,2413.4296875,0.024108709767460823,2.4108709767460823,4547.661688327789,10000,ppo,ppo,crawler,flat,obs_dth_tot_direct,,,,,,,,,,,,,,,0.20770203056684022,0,781,0.0,0.0,,,,,,,,,,,,,,,,,,,,,,,,,,,,,,,,,,,,,,,,,,,,,,,,,,,,,,,,,,,,,,,,,,,,,,,,,,nan,,,,,,,,,,,,,,,
419,2528.589599609375,0.025261403992772102,2.5261403992772102,4557.600585460663,10000,ppo,ppo,crawler,flat,obs_dth_tot_direct,,,,,,,,,,,,,,,0.19489231974121174,0,781,0.0,0.0,,,,,,,,,,,,,,,,,,,,,,,,,,,,,,,,,,,,,,,,,,,,,,,,,,,,,,,,,,,,,,,,,,,,,,,,,,nan,,,,,,,,,,,,,,,
420,2495.63623046875,0.0249344389885664,2.49344389885664,4567.443557739258,10000,ppo,ppo,crawler,flat,obs_dth_tot_direct,,,,,,,,,,,,,,,0.20085466021164194,0,781,0.0,0.0,,,,,,,,,,,,,,,,,,,,,,,,,,,,,,,,,,,,,,,,,,,,,,,,,,,,,,,,,,,,,,,,,,,,,,,,,,nan,,,,,,,,,,,,,,,
421,2585.676513671875,0.025834374129772186,2.5834374129772186,4577.435386657715,10000,ppo,ppo,crawler,flat,obs_dth_tot_direct,,,,,,,,,,,,,,,0.18445193515224664,0,781,0.0,0.0,,,,,,,,,,,,,,,,,,,,,,,,,,,,,,,,,,,,,,,,,,,,,,,,,,,,,,,,,,,,,,,,,,,,,,,,,,nan,,,,,,,,,,,,,,,
422,2504.290771484375,0.02501772716641426,2.501772716641426,4587.456963300705,10000,ppo,ppo,crawler,flat,obs_dth_tot_direct,,,,,,,,,,,,,,,0.20430134314910353,0,781,0.0,0.0,,,,,,,,,,,,,,,,,,,,,,,,,,,,,,,,,,,,,,,,,,,,,,,,,,,,,,,,,,,,,,,,,,,,,,,,,,nan,,,,,,,,,,,,,,,
423,2621.23583984375,0.026183800771832466,2.6183800771832466,4597.499963521957,10000,ppo,ppo,crawler,flat,obs_dth_tot_direct,,,,,,,,,,,,,,,0.17971637519523645,0,781,0.0,0.0,,,,,,,,,,,,,,,,,,,,,,,,,,,,,,,,,,,,,,,,,,,,,,,,,,,,,,,,,,,,,,,,,,,,,,,,,,nan,,,,,,,,,,,,,,,
424,2636.540771484375,0.026339132338762283,2.6339132338762283,4607.257679462433,10000,ppo,ppo,crawler,flat,obs_dth_tot_direct,,,,,,,,,,,,,,,0.17212393830760492,0,781,0.0,0.0,,,,,,,,,,,,,,,,,,,,,,,,,,,,,,,,,,,,,,,,,,,,,,,,,,,,,,,,,,,,,,,,,,,,,,,,,,nan,,,,,,,,,,,,,,,
425,2699.121826171875,0.02696208655834198,2.696208655834198,4616.913632631302,10000,ppo,ppo,crawler,flat,obs_dth_tot_direct,,,,,,,,,,,,,,,0.14638327784858948,0,781,0.0,0.0,,,,,,,,,,,,,,,,,,,,,,,,,,,,,,,,,,,,,,,,,,,,,,,,,,,,,,,,,,,,,,,,,,,,,,,,,,nan,,,,,,,,,,,,,,,
426,2688.100830078125,0.02685348503291607,2.685348503291607,4626.994793176651,10000,ppo,ppo,crawler,flat,obs_dth_tot_direct,,,,,,,,,,,,,,,0.1754221666089504,0,781,0.0,0.0,,,,,,,,,,,,,,,,,,,,,,,,,,,,,,,,,,,,,,,,,,,,,,,,,,,,,,,,,,,,,,,,,,,,,,,,,,nan,,,,,,,,,,,,,,,
427,2574.923828125,0.025720512494444847,2.5720512494444847,4636.51971745491,10000,ppo,ppo,crawler,flat,obs_dth_tot_direct,,,,,,,,,,,,,,,0.2061234871399368,0,781,0.0,0.0,,,,,,,,,,,,,,,,,,,,,,,,,,,,,,,,,,,,,,,,,,,,,,,,,,,,,,,,,,,,,,,,,,,,,,,,,,nan,,,,,,,,,,,,,,,
428,2724.696044921875,0.02722064219415188,2.722064219415188,4646.935315847397,10000,ppo,ppo,crawler,flat,obs_dth_tot_direct,,,,,,,,,,,,,,,0.17030005625804032,0,781,0.0,0.0,,,,,,,,,,,,,,,,,,,,,,,,,,,,,,,,,,,,,,,,,,,,,,,,,,,,,,,,,,,,,,,,,,,,,,,,,,nan,,,,,,,,,,,,,,,
429,2606.871826171875,0.02604260854423046,2.604260854423046,4656.982545137405,10000,ppo,ppo,crawler,flat,obs_dth_tot_direct,,,,,,,,,,,,,,,0.20628807856283948,0,781,0.0,0.0,,,,,,,,,,,,,,,,,,,,,,,,,,,,,,,,,,,,,,,,,,,,,,,,,,,,,,,,,,,,,,,,,,,,,,,,,,nan,,,,,,,,,,,,,,,
430,2689.49072265625,0.02686809003353119,2.686809003353119,4666.65190243721,10000,ppo,ppo,crawler,flat,obs_dth_tot_direct,,,,,,,,,,,,,,,0.18266784524130392,0,781,0.0,0.0,,,,,,,,,,,,,,,,,,,,,,,,,,,,,,,,,,,,,,,,,,,,,,,,,,,,,,,,,,,,,,,,,,,,,,,,,,nan,,,,,,,,,,,,,,,
431,2475.22607421875,0.024725960567593575,2.4725960567593575,4676.87668967247,10000,ppo,ppo,crawler,flat,obs_dth_tot_direct,,,,,,,,,,,,,,,0.21668247230210558,0,781,0.0,0.0,,,,,,,,,,,,,,,,,,,,,,,,,,,,,,,,,,,,,,,,,,,,,,,,,,,,,,,,,,,,,,,,,,,,,,,,,,nan,,,,,,,,,,,,,,,
432,2608.749755859375,0.026059765368700027,2.6059765368700027,4686.64328789711,10000,ppo,ppo,crawler,flat,obs_dth_tot_direct,,,,,,,,,,,,,,,0.20446699226419524,0,781,0.0,0.0,,,,,,,,,,,,,,,,,,,,,,,,,,,,,,,,,,,,,,,,,,,,,,,,,,,,,,,,,,,,,,,,,,,,,,,,,,nan,,,,,,,,,,,,,,,
433,2536.432861328125,0.02533712424337864,2.533712424337864,4696.3886568546295,10000,ppo,ppo,crawler,flat,obs_dth_tot_direct,,,,,,,,,,,,,,,0.21415440764733698,0,781,0.0,0.0,,,,,,,,,,,,,,,,,,,,,,,,,,,,,,,,,,,,,,,,,,,,,,,,,,,,,,,,,,,,,,,,,,,,,,,,,,nan,,,,,,,,,,,,,,,
434,2522.77587890625,0.025197528302669525,2.5197528302669525,4706.173162698746,10000,ppo,ppo,crawler,flat,obs_dth_tot_direct,,,,,,,,,,,,,,,0.21266641684635076,0,781,0.0,0.0,,,,,,,,,,,,,,,,,,,,,,,,,,,,,,,,,,,,,,,,,,,,,,,,,,,,,,,,,,,,,,,,,,,,,,,,,,nan,,,,,,,,,,,,,,,
435,2533.658203125,0.02530819922685623,2.530819922685623,4716.091143846512,10000,ppo,ppo,crawler,flat,obs_dth_tot_direct,,,,,,,,,,,,,,,0.21154627897886968,0,781,0.0,0.0,,,,,,,,,,,,,,,,,,,,,,,,,,,,,,,,,,,,,,,,,,,,,,,,,,,,,,,,,,,,,,,,,,,,,,,,,,nan,,,,,,,,,,,,,,,
436,2572.3369140625,0.02569572627544403,2.569572627544403,4726.072647333145,10000,ppo,ppo,crawler,flat,obs_dth_tot_direct,,,,,,,,,,,,,,,0.20518528540465486,0,781,0.0,0.0,,,,,,,,,,,,,,,,,,,,,,,,,,,,,,,,,,,,,,,,,,,,,,,,,,,,,,,,,,,,,,,,,,,,,,,,,,nan,,,,,,,,,,,,,,,
437,2598.534912109375,0.025959612801671028,2.595961280167103,4736.369507789612,10000,ppo,ppo,crawler,flat,obs_dth_tot_direct,,,,,,,,,,,,,,,0.19992019747718978,0,781,0.0,0.0,,,,,,,,,,,,,,,,,,,,,,,,,,,,,,,,,,,,,,,,,,,,,,,,,,,,,,,,,,,,,,,,,,,,,,,,,,nan,,,,,,,,,,,,,,,
438,2450.455810546875,0.024477684870362282,2.447768487036228,4746.340688228607,10000,ppo,ppo,crawler,flat,obs_dth_tot_direct,,,,,,,,,,,,,,,0.21886764232222375,0,781,0.0,0.0,,,,,,,,,,,,,,,,,,,,,,,,,,,,,,,,,,,,,,,,,,,,,,,,,,,,,,,,,,,,,,,,,,,,,,,,,,nan,,,,,,,,,,,,,,,
439,2531.046142578125,0.025281723588705063,2.5281723588705063,4756.699811935425,10000,ppo,ppo,crawler,flat,obs_dth_tot_direct,,,,,,,,,,,,,,,0.2083671876954072,0,781,0.0,0.0,,,,,,,,,,,,,,,,,,,,,,,,,,,,,,,,,,,,,,,,,,,,,,,,,,,,,,,,,,,,,,,,,,,,,,,,,,nan,,,,,,,,,,,,,,,
440,2507.38232421875,0.025046873837709427,2.5046873837709427,4766.948935985565,10000,ppo,ppo,crawler,flat,obs_dth_tot_direct,,,,,,,,,,,,,,,0.21471056419128978,0,781,0.0,0.0,,,,,,,,,,,,,,,,,,,,,,,,,,,,,,,,,,,,,,,,,,,,,,,,,,,,,,,,,,,,,,,,,,,,,,,,,,nan,,,,,,,,,,,,,,,
441,2608.97509765625,0.026068968698382378,2.6068968698382378,4777.152576684952,10000,ppo,ppo,crawler,flat,obs_dth_tot_direct,,,,,,,,,,,,,,,0.18639606255756974,0,781,0.0,0.0,,,,,,,,,,,,,,,,,,,,,,,,,,,,,,,,,,,,,,,,,,,,,,,,,,,,,,,,,,,,,,,,,,,,,,,,,,nan,,,,,,,,,,,,,,,
442,2529.98828125,0.025275764986872673,2.5275764986872673,4787.805788993835,10000,ppo,ppo,crawler,flat,obs_dth_tot_direct,,,,,,,,,,,,,,,0.20981518253507594,0,781,0.0,0.0,,,,,,,,,,,,,,,,,,,,,,,,,,,,,,,,,,,,,,,,,,,,,,,,,,,,,,,,,,,,,,,,,,,,,,,,,,nan,,,,,,,,,,,,,,,
443,2360.719482421875,0.023581411689519882,2.358141168951988,4798.16802573204,10000,ppo,ppo,crawler,flat,obs_dth_tot_direct,,,,,,,,,,,,,,,0.22267826821764858,0,781,0.0,0.0,,,,,,,,,,,,,,,,,,,,,,,,,,,,,,,,,,,,,,,,,,,,,,,,,,,,,,,,,,,,,,,,,,,,,,,,,,nan,,,,,,,,,,,,,,,
444,2491.082763671875,0.024883203208446503,2.4883203208446503,4808.05762887001,10000,ppo,ppo,crawler,flat,obs_dth_tot_direct,,,,,,,,,,,,,,,0.2110332139578877,0,781,0.0,0.0,,,,,,,,,,,,,,,,,,,,,,,,,,,,,,,,,,,,,,,,,,,,,,,,,,,,,,,,,,,,,,,,,,,,,,,,,,nan,,,,,,,,,,,,,,,
445,2525.7958984375,0.025227898731827736,2.5227898731827736,4818.047273874283,10000,ppo,ppo,crawler,flat,obs_dth_tot_direct,,,,,,,,,,,,,,,0.20735867910012687,0,781,0.0,0.0,,,,,,,,,,,,,,,,,,,,,,,,,,,,,,,,,,,,,,,,,,,,,,,,,,,,,,,,,,,,,,,,,,,,,,,,,,nan,,,,,,,,,,,,,,,
446,2500.18408203125,0.02497558295726776,2.497558295726776,4828.191878080368,10000,ppo,ppo,crawler,flat,obs_dth_tot_direct,,,,,,,,,,,,,,,0.21185874711162156,0,781,0.0,0.0,,,,,,,,,,,,,,,,,,,,,,,,,,,,,,,,,,,,,,,,,,,,,,,,,,,,,,,,,,,,,,,,,,,,,,,,,,nan,,,,,,,,,,,,,,,
447,2470.686767578125,0.02468050830066204,2.468050830066204,4838.214633226395,10000,ppo,ppo,crawler,flat,obs_dth_tot_direct,,,,,,,,,,,,,,,0.21672305385638327,0,781,0.0,0.0,,,,,,,,,,,,,,,,,,,,,,,,,,,,,,,,,,,,,,,,,,,,,,,,,,,,,,,,,,,,,,,,,,,,,,,,,,nan,,,,,,,,,,,,,,,
448,2486.234130859375,0.024839650839567184,2.4839650839567184,4847.616793394089,10000,ppo,ppo,crawler,flat,obs_dth_tot_direct,,,,,,,,,,,,,,,0.21049552214725922,0,781,0.0,0.0,,,,,,,,,,,,,,,,,,,,,,,,,,,,,,,,,,,,,,,,,,,,,,,,,,,,,,,,,,,,,,,,,,,,,,,,,,nan,,,,,,,,,,,,,,,
449,2521.4716796875,0.025184569880366325,2.5184569880366325,4858.172290086746,10000,ppo,ppo,crawler,flat,obs_dth_tot_direct,,,,,,,,,,,,,,,0.20643877056804932,0,781,0.0,0.0,,,,,,,,,,,,,,,,,,,,,,,,,,,,,,,,,,,,,,,,,,,,,,,,,,,,,,,,,,,,,,,,,,,,,,,,,,nan,,,,,,,,,,,,,,,
450,2542.478271484375,0.025402739644050598,2.54027396440506,4867.818359613419,10000,ppo,ppo,crawler,flat,obs_dth_tot_direct,,,,,,,,,,,,,,,0.20175856801500774,0,781,0.0,0.0,,,,,,,,,,,,,,,,,,,,,,,,,,,,,,,,,,,,,,,,,,,,,,,,,,,,,,,,,,,,,,,,,,,,,,,,,,nan,,,,,,,,,,,,,,,
451,2518.433837890625,0.025155993178486824,2.5155993178486824,4877.765115261078,10000,ppo,ppo,crawler,flat,obs_dth_tot_direct,,,,,,,,,,,,,,,0.20915217538669628,0,781,0.0,0.0,,,,,,,,,,,,,,,,,,,,,,,,,,,,,,,,,,,,,,,,,,,,,,,,,,,,,,,,,,,,,,,,,,,,,,,,,,nan,,,,,,,,,,,,,,,
452,2536.138427734375,0.025339117273688316,2.5339117273688316,4887.510888576508,10000,ppo,ppo,crawler,flat,obs_dth_tot_direct,,,,,,,,,,,,,,,0.19853291796749736,0,781,0.0,0.0,,,,,,,,,,,,,,,,,,,,,,,,,,,,,,,,,,,,,,,,,,,,,,,,,,,,,,,,,,,,,,,,,,,,,,,,,,nan,,,,,,,,,,,,,,,
453,2505.04345703125,0.02502184920012951,2.502184920012951,4897.401940345764,10000,ppo,ppo,crawler,flat,obs_dth_tot_direct,,,,,,,,,,,,,,,0.2107255578706589,0,781,0.0,0.0,,,,,,,,,,,,,,,,,,,,,,,,,,,,,,,,,,,,,,,,,,,,,,,,,,,,,,,,,,,,,,,,,,,,,,,,,,nan,,,,,,,,,,,,,,,
454,2498.03173828125,0.024951210245490074,2.4951210245490074,4907.218136787415,10000,ppo,ppo,crawler,flat,obs_dth_tot_direct,,,,,,,,,,,,,,,0.21008101732994933,0,781,0.0,0.0,,,,,,,,,,,,,,,,,,,,,,,,,,,,,,,,,,,,,,,,,,,,,,,,,,,,,,,,,,,,,,,,,,,,,,,,,,nan,,,,,,,,,,,,,,,
455,2529.60009765625,0.025264378637075424,2.5264378637075424,4917.8080105781555,10000,ppo,ppo,crawler,flat,obs_dth_tot_direct,,,,,,,,,,,,,,,0.2014480302779613,0,781,0.0,0.0,,,,,,,,,,,,,,,,,,,,,,,,,,,,,,,,,,,,,,,,,,,,,,,,,,,,,,,,,,,,,,,,,,,,,,,,,,nan,,,,,,,,,,,,,,,
456,2603.73486328125,0.026006270200014114,2.6006270200014114,4928.027587652206,10000,ppo,ppo,crawler,flat,obs_dth_tot_direct,,,,,,,,,,,,,,,0.1690317418498159,0,781,0.0,0.0,,,,,,,,,,,,,,,,,,,,,,,,,,,,,,,,,,,,,,,,,,,,,,,,,,,,,,,,,,,,,,,,,,,,,,,,,,nan,,,,,,,,,,,,,,,
457,2508.666748046875,0.025058766826987267,2.5058766826987267,4937.59849524498,10000,ppo,ppo,crawler,flat,obs_dth_tot_direct,,,,,,,,,,,,,,,0.20289062841965647,0,781,0.0,0.0,,,,,,,,,,,,,,,,,,,,,,,,,,,,,,,,,,,,,,,,,,,,,,,,,,,,,,,,,,,,,,,,,,,,,,,,,,nan,,,,,,,,,,,,,,,
458,2516.727294921875,0.025141650810837746,2.5141650810837746,4949.036504030228,10000,ppo,ppo,crawler,flat,obs_dth_tot_direct,,,,,,,,,,,,,,,0.21036247783970569,0,781,0.0,0.0,,,,,,,,,,,,,,,,,,,,,,,,,,,,,,,,,,,,,,,,,,,,,,,,,,,,,,,,,,,,,,,,,,,,,,,,,,nan,,,,,,,,,,,,,,,
459,2553.564208984375,0.025503987446427345,2.5503987446427345,4960.093214511871,10000,ppo,ppo,crawler,flat,obs_dth_tot_direct,,,,,,,,,,,,,,,0.19370927978677607,0,781,0.0,0.0,,,,,,,,,,,,,,,,,,,,,,,,,,,,,,,,,,,,,,,,,,,,,,,,,,,,,,,,,,,,,,,,,,,,,,,,,,nan,,,,,,,,,,,,,,,
460,2500.932373046875,0.02497999183833599,2.497999183833599,4970.210686683655,10000,ppo,ppo,crawler,flat,obs_dth_tot_direct,,,,,,,,,,,,,,,0.2059486833210303,0,781,0.0,0.0,,,,,,,,,,,,,,,,,,,,,,,,,,,,,,,,,,,,,,,,,,,,,,,,,,,,,,,,,,,,,,,,,,,,,,,,,,nan,,,,,,,,,,,,,,,
461,2383.453125,0.023808032274246216,2.3808032274246216,4979.785089015961,10000,ppo,ppo,crawler,flat,obs_dth_tot_direct,,,,,,,,,,,,,,,0.22524514015254848,0,781,0.0,0.0,,,,,,,,,,,,,,,,,,,,,,,,,,,,,,,,,,,,,,,,,,,,,,,,,,,,,,,,,,,,,,,,,,,,,,,,,,nan,,,,,,,,,,,,,,,
462,2499.744873046875,0.0249706469476223,2.49706469476223,4989.688337802887,10000,ppo,ppo,crawler,flat,obs_dth_tot_direct,,,,,,,,,,,,,,,0.20262507223714019,0,781,0.0,0.0,,,,,,,,,,,,,,,,,,,,,,,,,,,,,,,,,,,,,,,,,,,,,,,,,,,,,,,,,,,,,,,,,,,,,,,,,,nan,,,,,,,,,,,,,,,
463,2551.124755859375,0.025485210120677948,2.548521012067795,4998.830914735794,10000,ppo,ppo,crawler,flat,obs_dth_tot_direct,,,,,,,,,,,,,,,0.19268844259389387,0,781,0.0,0.0,,,,,,,,,,,,,,,,,,,,,,,,,,,,,,,,,,,,,,,,,,,,,,,,,,,,,,,,,,,,,,,,,,,,,,,,,,nan,,,,,,,,,,,,,,,
464,2521.726318359375,0.025193825364112854,2.5193825364112854,5008.726637363434,10000,ppo,ppo,crawler,flat,obs_dth_tot_direct,,,,,,,,,,,,,,,0.20016304825131181,0,781,0.0,0.0,,,,,,,,,,,,,,,,,,,,,,,,,,,,,,,,,,,,,,,,,,,,,,,,,,,,,,,,,,,,,,,,,,,,,,,,,,nan,,,,,,,,,,,,,,,
465,2523.62890625,0.02521328628063202,2.521328628063202,5018.535658836365,10000,ppo,ppo,crawler,flat,obs_dth_tot_direct,,,,,,,,,,,,,,,0.2019893238060838,0,781,0.0,0.0,,,,,,,,,,,,,,,,,,,,,,,,,,,,,,,,,,,,,,,,,,,,,,,,,,,,,,,,,,,,,,,,,,,,,,,,,,nan,,,,,,,,,,,,,,,
466,2446.07763671875,0.02442990243434906,2.442990243434906,5028.273007154465,10000,ppo,ppo,crawler,flat,obs_dth_tot_direct,,,,,,,,,,,,,,,0.21563605892262921,0,781,0.0,0.0,,,,,,,,,,,,,,,,,,,,,,,,,,,,,,,,,,,,,,,,,,,,,,,,,,,,,,,,,,,,,,,,,,,,,,,,,,nan,,,,,,,,,,,,,,,
467,2496.248779296875,0.024936499074101448,2.493649907410145,5038.057093858719,10000,ppo,ppo,crawler,flat,obs_dth_tot_direct,,,,,,,,,,,,,,,0.2063740284389361,0,781,0.0,0.0,,,,,,,,,,,,,,,,,,,,,,,,,,,,,,,,,,,,,,,,,,,,,,,,,,,,,,,,,,,,,,,,,,,,,,,,,,nan,,,,,,,,,,,,,,,
468,2497.791015625,0.024950983002781868,2.495098300278187,5047.753342151642,10000,ppo,ppo,crawler,flat,obs_dth_tot_direct,,,,,,,,,,,,,,,0.20964067676118742,0,781,0.0,0.0,,,,,,,,,,,,,,,,,,,,,,,,,,,,,,,,,,,,,,,,,,,,,,,,,,,,,,,,,,,,,,,,,,,,,,,,,,nan,,,,,,,,,,,,,,,
469,2577.366943359375,0.025745611637830734,2.5745611637830734,5057.537909984589,10000,ppo,ppo,crawler,flat,obs_dth_tot_direct,,,,,,,,,,,,,,,0.18045865851699266,0,781,0.0,0.0,,,,,,,,,,,,,,,,,,,,,,,,,,,,,,,,,,,,,,,,,,,,,,,,,,,,,,,,,,,,,,,,,,,,,,,,,,nan,,,,,,,,,,,,,,,
470,2582.560791015625,0.025797154754400253,2.5797154754400253,5067.7726883888245,10000,ppo,ppo,crawler,flat,obs_dth_tot_direct,,,,,,,,,,,,,,,0.1838676531775379,0,781,0.0,0.0,,,,,,,,,,,,,,,,,,,,,,,,,,,,,,,,,,,,,,,,,,,,,,,,,,,,,,,,,,,,,,,,,,,,,,,,,,nan,,,,,,,,,,,,,,,
471,2473.844482421875,0.02470938302576542,2.470938302576542,5077.64645242691,10000,ppo,ppo,crawler,flat,obs_dth_tot_direct,,,,,,,,,,,,,,,0.20950419389360755,0,781,0.0,0.0,,,,,,,,,,,,,,,,,,,,,,,,,,,,,,,,,,,,,,,,,,,,,,,,,,,,,,,,,,,,,,,,,,,,,,,,,,nan,,,,,,,,,,,,,,,
472,2472.48193359375,0.024694880470633507,2.4694880470633507,5087.902991533279,10000,ppo,ppo,crawler,flat,obs_dth_tot_direct,,,,,,,,,,,,,,,0.20965093521876935,0,781,0.0,0.0,,,,,,,,,,,,,,,,,,,,,,,,,,,,,,,,,,,,,,,,,,,,,,,,,,,,,,,,,,,,,,,,,,,,,,,,,,nan,,,,,,,,,,,,,,,
473,2536.5029296875,0.025336889550089836,2.5336889550089836,5097.3801810741425,10000,ppo,ppo,crawler,flat,obs_dth_tot_direct,,,,,,,,,,,,,,,0.20204617475340872,0,781,0.0,0.0,,,,,,,,,,,,,,,,,,,,,,,,,,,,,,,,,,,,,,,,,,,,,,,,,,,,,,,,,,,,,,,,,,,,,,,,,,nan,,,,,,,,,,,,,,,
474,2497.418701171875,0.024944400414824486,2.4944400414824486,5106.383416414261,10000,ppo,ppo,crawler,flat,obs_dth_tot_direct,,,,,,,,,,,,,,,0.21340962187097595,0,781,0.0,0.0,,,,,,,,,,,,,,,,,,,,,,,,,,,,,,,,,,,,,,,,,,,,,,,,,,,,,,,,,,,,,,,,,,,,,,,,,,nan,,,,,,,,,,,,,,,
475,2441.758544921875,0.024392595514655113,2.4392595514655113,5116.190649271011,10000,ppo,ppo,crawler,flat,obs_dth_tot_direct,,,,,,,,,,,,,,,0.21687684587109096,0,781,0.0,0.0,,,,,,,,,,,,,,,,,,,,,,,,,,,,,,,,,,,,,,,,,,,,,,,,,,,,,,,,,,,,,,,,,,,,,,,,,,nan,,,,,,,,,,,,,,,
476,2601.78369140625,0.025986503809690475,2.5986503809690475,5126.474394798279,10000,ppo,ppo,crawler,flat,obs_dth_tot_direct,,,,,,,,,,,,,,,0.15780592230967694,0,781,0.0,0.0,,,,,,,,,,,,,,,,,,,,,,,,,,,,,,,,,,,,,,,,,,,,,,,,,,,,,,,,,,,,,,,,,,,,,,,,,,nan,,,,,,,,,,,,,,,
477,2327.197021484375,0.0232501570135355,2.32501570135355,5137.386735916138,10000,ppo,ppo,crawler,flat,obs_dth_tot_direct,,,,,,,,,,,,,,,0.2327201485842589,0,781,0.0,0.0,,,,,,,,,,,,,,,,,,,,,,,,,,,,,,,,,,,,,,,,,,,,,,,,,,,,,,,,,,,,,,,,,,,,,,,,,,nan,,,,,,,,,,,,,,,
478,2425.507568359375,0.024229448288679123,2.4229448288679123,5147.65190577507,10000,ppo,ppo,crawler,flat,obs_dth_tot_direct,,,,,,,,,,,,,,,0.2177933707979778,0,781,0.0,0.0,,,,,,,,,,,,,,,,,,,,,,,,,,,,,,,,,,,,,,,,,,,,,,,,,,,,,,,,,,,,,,,,,,,,,,,,,,nan,,,,,,,,,,,,,,,
479,2459.048828125,0.02456219494342804,2.456219494342804,5157.591809272766,10000,ppo,ppo,crawler,flat,obs_dth_tot_direct,,,,,,,,,,,,,,,0.2147452051103802,0,781,0.0,0.0,,,,,,,,,,,,,,,,,,,,,,,,,,,,,,,,,,,,,,,,,,,,,,,,,,,,,,,,,,,,,,,,,,,,,,,,,,nan,,,,,,,,,,,,,,,
480,2553.8642578125,0.02551043964922428,2.551043964922428,5168.1179740428925,10000,ppo,ppo,crawler,flat,obs_dth_tot_direct,,,,,,,,,,,,,,,0.16644992199454556,0,781,0.0,0.0,,,,,,,,,,,,,,,,,,,,,,,,,,,,,,,,,,,,,,,,,,,,,,,,,,,,,,,,,,,,,,,,,,,,,,,,,,nan,,,,,,,,,,,,,,,
481,2519.920654296875,0.02517053484916687,2.517053484916687,5177.962760210037,10000,ppo,ppo,crawler,flat,obs_dth_tot_direct,,,,,,,,,,,,,,,0.20037138560870615,0,781,0.0,0.0,,,,,,,,,,,,,,,,,,,,,,,,,,,,,,,,,,,,,,,,,,,,,,,,,,,,,,,,,,,,,,,,,,,,,,,,,,nan,,,,,,,,,,,,,,,
482,2564.609375,0.025618160143494606,2.5618160143494606,5188.463006019592,10000,ppo,ppo,crawler,flat,obs_dth_tot_direct,,,,,,,,,,,,,,,0.16898690008456377,0,781,0.0,0.0,,,,,,,,,,,,,,,,,,,,,,,,,,,,,,,,,,,,,,,,,,,,,,,,,,,,,,,,,,,,,,,,,,,,,,,,,,nan,,,,,,,,,,,,,,,
483,2548.265869140625,0.02545800991356373,2.545800991356373,5198.403342723846,10000,ppo,ppo,crawler,flat,obs_dth_tot_direct,,,,,,,,,,,,,,,0.1833727930887494,0,781,0.0,0.0,,,,,,,,,,,,,,,,,,,,,,,,,,,,,,,,,,,,,,,,,,,,,,,,,,,,,,,,,,,,,,,,,,,,,,,,,,nan,,,,,,,,,,,,,,,
484,2598.86328125,0.02596193738281727,2.596193738281727,5208.716994524002,10000,ppo,ppo,crawler,flat,obs_dth_tot_direct,,,,,,,,,,,,,,,0.15515909143376239,0,781,0.0,0.0,,,,,,,,,,,,,,,,,,,,,,,,,,,,,,,,,,,,,,,,,,,,,,,,,,,,,,,,,,,,,,,,,,,,,,,,,,nan,,,,,,,,,,,,,,,
485,2430.894287109375,0.02427969127893448,2.427969127893448,5218.444828987122,10000,ppo,ppo,crawler,flat,obs_dth_tot_direct,,,,,,,,,,,,,,,0.22456270562969982,0,781,0.0,0.0,,,,,,,,,,,,,,,,,,,,,,,,,,,,,,,,,,,,,,,,,,,,,,,,,,,,,,,,,,,,,,,,,,,,,,,,,,nan,,,,,,,,,,,,,,,
486,2568.7822265625,0.025659460574388504,2.5659460574388504,5228.302708864212,10000,ppo,ppo,crawler,flat,obs_dth_tot_direct,,,,,,,,,,,,,,,0.17919107386857275,0,781,0.0,0.0,,,,,,,,,,,,,,,,,,,,,,,,,,,,,,,,,,,,,,,,,,,,,,,,,,,,,,,,,,,,,,,,,,,,,,,,,,nan,,,,,,,,,,,,,,,
487,2485.92529296875,0.0248271357268095,2.48271357268095,5237.979275226593,10000,ppo,ppo,crawler,flat,obs_dth_tot_direct,,,,,,,,,,,,,,,0.21052759245850255,0,781,0.0,0.0,,,,,,,,,,,,,,,,,,,,,,,,,,,,,,,,,,,,,,,,,,,,,,,,,,,,,,,,,,,,,,,,,,,,,,,,,,nan,,,,,,,,,,,,,,,
488,2444.725830078125,0.02441824972629547,2.441824972629547,5247.827860832214,10000,ppo,ppo,crawler,flat,obs_dth_tot_direct,,,,,,,,,,,,,,,0.22789819012242507,0,781,0.0,0.0,,,,,,,,,,,,,,,,,,,,,,,,,,,,,,,,,,,,,,,,,,,,,,,,,,,,,,,,,,,,,,,,,,,,,,,,,,nan,,,,,,,,,,,,,,,
489,2560.0048828125,0.025567561388015747,2.5567561388015747,5257.847245454788,10000,ppo,ppo,crawler,flat,obs_dth_tot_direct,,,,,,,,,,,,,,,0.18209658451908997,0,781,0.0,0.0,,,,,,,,,,,,,,,,,,,,,,,,,,,,,,,,,,,,,,,,,,,,,,,,,,,,,,,,,,,,,,,,,,,,,,,,,,nan,,,,,,,,,,,,,,,
490,2449.34765625,0.02446986921131611,2.446986921131611,5267.475736141205,10000,ppo,ppo,crawler,flat,obs_dth_tot_direct,,,,,,,,,,,,,,,0.22668700348536655,0,781,0.0,0.0,,,,,,,,,,,,,,,,,,,,,,,,,,,,,,,,,,,,,,,,,,,,,,,,,,,,,,,,,,,,,,,,,,,,,,,,,,nan,,,,,,,,,,,,,,,
491,2526.197998046875,0.025233754888176918,2.523375488817692,5277.762085914612,10000,ppo,ppo,crawler,flat,obs_dth_tot_direct,,,,,,,,,,,,,,,0.20551221031089975,0,781,0.0,0.0,,,,,,,,,,,,,,,,,,,,,,,,,,,,,,,,,,,,,,,,,,,,,,,,,,,,,,,,,,,,,,,,,,,,,,,,,,nan,,,,,,,,,,,,,,,
492,2468.597412109375,0.024654589593410492,2.465458959341049,5287.282295465469,10000,ppo,ppo,crawler,flat,obs_dth_tot_direct,,,,,,,,,,,,,,,0.21865240758357668,0,781,0.0,0.0,,,,,,,,,,,,,,,,,,,,,,,,,,,,,,,,,,,,,,,,,,,,,,,,,,,,,,,,,,,,,,,,,,,,,,,,,,nan,,,,,,,,,,,,,,,
493,2448.648681640625,0.024456383660435677,2.4456383660435677,5297.363293170929,10000,ppo,ppo,crawler,flat,obs_dth_tot_direct,,,,,,,,,,,,,,,0.22984258933808172,0,781,0.0,0.0,,,,,,,,,,,,,,,,,,,,,,,,,,,,,,,,,,,,,,,,,,,,,,,,,,,,,,,,,,,,,,,,,,,,,,,,,,nan,,,,,,,,,,,,,,,
494,2634.76025390625,0.026318896561861038,2.631889656186104,5307.200975656509,10000,ppo,ppo,crawler,flat,obs_dth_tot_direct,,,,,,,,,,,,,,,0.14416356822291704,0,781,0.0,0.0,,,,,,,,,,,,,,,,,,,,,,,,,,,,,,,,,,,,,,,,,,,,,,,,,,,,,,,,,,,,,,,,,,,,,,,,,,nan,,,,,,,,,,,,,,,
495,2408.727783203125,0.024057455360889435,2.4057455360889435,5317.210407972336,10000,ppo,ppo,crawler,flat,obs_dth_tot_direct,,,,,,,,,,,,,,,0.2346820436409411,0,781,0.0,0.0,,,,,,,,,,,,,,,,,,,,,,,,,,,,,,,,,,,,,,,,,,,,,,,,,,,,,,,,,,,,,,,,,,,,,,,,,,nan,,,,,,,,,,,,,,,
496,2558.604736328125,0.025562483817338943,2.5562483817338943,5327.2078177928925,10000,ppo,ppo,crawler,flat,obs_dth_tot_direct,,,,,,,,,,,,,,,0.18454771437717984,0,781,0.0,0.0,,,,,,,,,,,,,,,,,,,,,,,,,,,,,,,,,,,,,,,,,,,,,,,,,,,,,,,,,,,,,,,,,,,,,,,,,,nan,,,,,,,,,,,,,,,
497,2585.38916015625,0.02582583576440811,2.582583576440811,5337.104833364487,10000,ppo,ppo,crawler,flat,obs_dth_tot_direct,,,,,,,,,,,,,,,0.1749571936248853,0,781,0.0,0.0,,,,,,,,,,,,,,,,,,,,,,,,,,,,,,,,,,,,,,,,,,,,,,,,,,,,,,,,,,,,,,,,,,,,,,,,,,nan,,,,,,,,,,,,,,,
498,2662.052490234375,0.0265898946672678,2.65898946672678,5346.503135681152,10000,ppo,ppo,crawler,flat,obs_dth_tot_direct,,,,,,,,,,,,,,,0.10753942345146125,0,781,0.0,0.0,,,,,,,,,,,,,,,,,,,,,,,,,,,,,,,,,,,,,,,,,,,,,,,,,,,,,,,,,,,,,,,,,,,,,,,,,,nan,,,,,,,,,,,,,,,
499,2633.03662109375,0.026304228231310844,2.6304228231310844,5356.4828770160675,10000,ppo,ppo,crawler,flat,obs_dth_tot_direct,,,,,,,,,,,,,,,0.15550495019483962,0,781,0.0,0.0,,,,,,,,,,,,,,,,,,,,,,,,,,,,,,,,,,,,,,,,,,,,,,,,,,,,,,,,,,,,,,,,,,,,,,,,,,nan,,,,,,,,,,,,,,,
500,2638.185302734375,0.026355236768722534,2.6355236768722534,5366.138216018677,10000,ppo,ppo,crawler,flat,obs_dth_tot_direct,,,,,,,,,,,,,,,0.15406030520640812,0,781,0.0,0.0,,,,,,,,,,,,,,,,,,,,,,,,,,,,,,,,,,,,,,,,,,,,,,,,,,,,,,,,,,,,,,,,,,,,,,,,,,nan,,,,,,,,,,,,,,,
501,2487.180419921875,0.024843420833349228,2.484342083334923,5375.714510440826,10000,ppo,ppo,crawler,flat,obs_dth_tot_direct,,,,,,,,,,,,,,,0.227121402895821,0,781,0.0,0.0,,,,,,,,,,,,,,,,,,,,,,,,,,,,,,,,,,,,,,,,,,,,,,,,,,,,,,,,,,,,,,,,,,,,,,,,,,nan,,,,,,,,,,,,,,,
502,2450.421630859375,0.024475667625665665,2.4475667625665665,5385.066605329514,10000,ppo,ppo,crawler,flat,obs_dth_tot_direct,,,,,,,,,,,,,,,0.23827085483518295,0,781,0.0,0.0,,,,,,,,,,,,,,,,,,,,,,,,,,,,,,,,,,,,,,,,,,,,,,,,,,,,,,,,,,,,,,,,,,,,,,,,,,nan,,,,,,,,,,,,,,,
503,2660.991455078125,0.026581596583127975,2.6581596583127975,5394.80291390419,10000,ppo,ppo,crawler,flat,obs_dth_tot_direct,,,,,,,,,,,,,,,0.14636079407170077,0,781,0.0,0.0,,,,,,,,,,,,,,,,,,,,,,,,,,,,,,,,,,,,,,,,,,,,,,,,,,,,,,,,,,,,,,,,,,,,,,,,,,nan,,,,,,,,,,,,,,,
504,2517.174560546875,0.025145525112748146,2.5145525112748146,5404.622512102127,10000,ppo,ppo,crawler,flat,obs_dth_tot_direct,,,,,,,,,,,,,,,0.2227418401958373,0,781,0.0,0.0,,,,,,,,,,,,,,,,,,,,,,,,,,,,,,,,,,,,,,,,,,,,,,,,,,,,,,,,,,,,,,,,,,,,,,,,,,nan,,,,,,,,,,,,,,,
505,2603.576904296875,0.02600717730820179,2.600717730820179,5414.445458650589,10000,ppo,ppo,crawler,flat,obs_dth_tot_direct,,,,,,,,,,,,,,,0.20022199404763985,0,781,0.0,0.0,,,,,,,,,,,,,,,,,,,,,,,,,,,,,,,,,,,,,,,,,,,,,,,,,,,,,,,,,,,,,,,,,,,,,,,,,,nan,,,,,,,,,,,,,,,
506,2579.924560546875,0.02577328495681286,2.577328495681286,5424.105675697327,10000,ppo,ppo,crawler,flat,obs_dth_tot_direct,,,,,,,,,,,,,,,0.20763943587701408,0,781,0.0,0.0,,,,,,,,,,,,,,,,,,,,,,,,,,,,,,,,,,,,,,,,,,,,,,,,,,,,,,,,,,,,,,,,,,,,,,,,,,nan,,,,,,,,,,,,,,,
507,2368.502685546875,0.02365792542695999,2.365792542695999,5433.64630484581,10000,ppo,ppo,crawler,flat,obs_dth_tot_direct,,,,,,,,,,,,,,,0.24623578453139716,0,781,0.0,0.0,,,,,,,,,,,,,,,,,,,,,,,,,,,,,,,,,,,,,,,,,,,,,,,,,,,,,,,,,,,,,,,,,,,,,,,,,,nan,,,,,,,,,,,,,,,
508,2591.426513671875,0.02588936686515808,2.588936686515808,5443.249913692474,10000,ppo,ppo,crawler,flat,obs_dth_tot_direct,,,,,,,,,,,,,,,0.19407228594282153,0,781,0.0,0.0,,,,,,,,,,,,,,,,,,,,,,,,,,,,,,,,,,,,,,,,,,,,,,,,,,,,,,,,,,,,,,,,,,,,,,,,,,nan,,,,,,,,,,,,,,,
509,2422.59716796875,0.02420046366751194,2.420046366751194,5453.042553186417,10000,ppo,ppo,crawler,flat,obs_dth_tot_direct,,,,,,,,,,,,,,,0.23146978605867433,0,781,0.0,0.0,,,,,,,,,,,,,,,,,,,,,,,,,,,,,,,,,,,,,,,,,,,,,,,,,,,,,,,,,,,,,,,,,,,,,,,,,,nan,,,,,,,,,,,,,,,
510,2465.793701171875,0.024634722620248795,2.4634722620248795,5462.648699522018,10000,ppo,ppo,crawler,flat,obs_dth_tot_direct,,,,,,,,,,,,,,,0.16380805392551656,0,781,0.0,0.0,,,,,,,,,,,,,,,,,,,,,,,,,,,,,,,,,,,,,,,,,,,,,,,,,,,,,,,,,,,,,,,,,,,,,,,,,,nan,,,,,,,,,,,,,,,
511,2493.894287109375,0.024910859763622284,2.4910859763622284,5472.690834760666,10000,ppo,ppo,crawler,flat,obs_dth_tot_direct,,,,,,,,,,,,,,,0.14383055095197667,0,781,0.0,0.0,,,,,,,,,,,,,,,,,,,,,,,,,,,,,,,,,,,,,,,,,,,,,,,,,,,,,,,,,,,,,,,,,,,,,,,,,,nan,,,,,,,,,,,,,,,
512,2553.098876953125,0.025499703362584114,2.5499703362584114,5483.688010931015,10000,ppo,ppo,crawler,flat,obs_dth_tot_direct,,,,,,,,,,,,,,,0.12391790763380851,0,781,0.0,0.0,,,,,,,,,,,,,,,,,,,,,,,,,,,,,,,,,,,,,,,,,,,,,,,,,,,,,,,,,,,,,,,,,,,,,,,,,,nan,,,,,,,,,,,,,,,
513,2579.853271484375,0.02577296644449234,2.577296644449234,5493.889711380005,10000,ppo,ppo,crawler,flat,obs_dth_tot_direct,,,,,,,,,,,,,,,0.1109594209354446,0,781,0.0,0.0,,,,,,,,,,,,,,,,,,,,,,,,,,,,,,,,,,,,,,,,,,,,,,,,,,,,,,,,,,,,,,,,,,,,,,,,,,nan,,,,,,,,,,,,,,,
514,2514.3984375,0.02511393278837204,2.511393278837204,5504.567419528961,10000,ppo,ppo,crawler,flat,obs_dth_tot_direct,,,,,,,,,,,,,,,0.11948895924905001,0,781,0.0,0.0,,,,,,,,,,,,,,,,,,,,,,,,,,,,,,,,,,,,,,,,,,,,,,,,,,,,,,,,,,,,,,,,,,,,,,,,,,nan,,,,,,,,,,,,,,,
515,2625.0634765625,0.026224812492728233,2.6224812492728233,5514.171387434006,10000,ppo,ppo,crawler,flat,obs_dth_tot_direct,,,,,,,,,,,,,,,0.08809471090387797,0,781,0.0,0.0,,,,,,,,,,,,,,,,,,,,,,,,,,,,,,,,,,,,,,,,,,,,,,,,,,,,,,,,,,,,,,,,,,,,,,,,,,nan,,,,,,,,,,,,,,,
516,2535.730712890625,0.025328878313302994,2.5328878313302994,5523.899223327637,10000,ppo,ppo,crawler,flat,obs_dth_tot_direct,,,,,,,,,,,,,,,0.08103949331260003,0,781,0.0,0.0,,,,,,,,,,,,,,,,,,,,,,,,,,,,,,,,,,,,,,,,,,,,,,,,,,,,,,,,,,,,,,,,,,,,,,,,,,nan,,,,,,,,,,,,,,,
517,2487.402099609375,0.02484768256545067,2.484768256545067,5533.449518442154,10000,ppo,ppo,crawler,flat,obs_dth_tot_direct,,,,,,,,,,,,,,,0.037768879668674135,0,781,0.0,0.0,,,,,,,,,,,,,,,,,,,,,,,,,,,,,,,,,,,,,,,,,,,,,,,,,,,,,,,,,,,,,,,,,,,,,,,,,,nan,,,,,,,,,,,,,,,
518,2550.4345703125,0.025480279698967934,2.5480279698967934,5543.991343975067,10000,ppo,ppo,crawler,flat,obs_dth_tot_direct,,,,,,,,,,,,,,,0.01450213579225912,0,781,0.0,0.0,,,,,,,,,,,,,,,,,,,,,,,,,,,,,,,,,,,,,,,,,,,,,,,,,,,,,,,,,,,,,,,,,,,,,,,,,,nan,,,,,,,,,,,,,,,
519,2484.703857421875,0.02481929026544094,2.481929026544094,5553.645051240921,10000,ppo,ppo,crawler,flat,obs_dth_tot_direct,,,,,,,,,,,,,,,0.01743108568552532,0,781,0.0,0.0,,,,,,,,,,,,,,,,,,,,,,,,,,,,,,,,,,,,,,,,,,,,,,,,,,,,,,,,,,,,,,,,,,,,,,,,,,nan,,,,,,,,,,,,,,,
520,2596.736328125,0.02594197914004326,2.594197914004326,5563.488295555115,10000,ppo,ppo,crawler,flat,obs_dth_tot_direct,,,,,,,,,,,,,,,0.010519135431584779,0,781,0.0,0.0,,,,,,,,,,,,,,,,,,,,,,,,,,,,,,,,,,,,,,,,,,,,,,,,,,,,,,,,,,,,,,,,,,,,,,,,,,nan,,,,,,,,,,,,,,,
521,2549.481689453125,0.025470299646258354,2.5470299646258354,5573.931711435318,10000,ppo,ppo,crawler,flat,obs_dth_tot_direct,,,,,,,,,,,,,,,0.014625145876015478,0,781,0.0,0.0,,,,,,,,,,,,,,,,,,,,,,,,,,,,,,,,,,,,,,,,,,,,,,,,,,,,,,,,,,,,,,,,,,,,,,,,,,nan,,,,,,,,,,,,,,,
522,2626.05322265625,0.026233157142996788,2.623315714299679,5584.08890748024,10000,ppo,ppo,crawler,flat,obs_dth_tot_direct,,,,,,,,,,,,,,,0.008701952166321926,0,781,0.0,0.0,,,,,,,,,,,,,,,,,,,,,,,,,,,,,,,,,,,,,,,,,,,,,,,,,,,,,,,,,,,,,,,,,,,,,,,,,,nan,,,,,,,,,,,,,,,
523,2560.501220703125,0.025576476007699966,2.5576476007699966,5593.9384071826935,10000,ppo,ppo,crawler,flat,obs_dth_tot_direct,,,,,,,,,,,,,,,0.011806712287079267,0,781,0.0,0.0,,,,,,,,,,,,,,,,,,,,,,,,,,,,,,,,,,,,,,,,,,,,,,,,,,,,,,,,,,,,,,,,,,,,,,,,,,nan,,,,,,,,,,,,,,,
524,2441.933349609375,0.02439446747303009,2.439446747303009,5604.68142580986,10000,ppo,ppo,crawler,flat,obs_dth_tot_direct,,,,,,,,,,,,,,,0.012822029488054628,0,781,0.0,0.0,,,,,,,,,,,,,,,,,,,,,,,,,,,,,,,,,,,,,,,,,,,,,,,,,,,,,,,,,,,,,,,,,,,,,,,,,,nan,,,,,,,,,,,,,,,
525,2407.332763671875,0.0240465234965086,2.40465234965086,5615.336021184921,10000,ppo,ppo,crawler,flat,obs_dth_tot_direct,,,,,,,,,,,,,,,0.013599149789668622,0,781,0.0,0.0,,,,,,,,,,,,,,,,,,,,,,,,,,,,,,,,,,,,,,,,,,,,,,,,,,,,,,,,,,,,,,,,,,,,,,,,,,nan,,,,,,,,,,,,,,,
526,2473.796630859375,0.024712488055229187,2.4712488055229187,5627.092049360275,10000,ppo,ppo,crawler,flat,obs_dth_tot_direct,,,,,,,,,,,,,,,0.012750404790739491,0,781,0.0,0.0,,,,,,,,,,,,,,,,,,,,,,,,,,,,,,,,,,,,,,,,,,,,,,,,,,,,,,,,,,,,,,,,,,,,,,,,,,nan,,,,,,,,,,,,,,,
527,2531.84033203125,0.02529381588101387,2.529381588101387,5637.028956651688,10000,ppo,ppo,crawler,flat,obs_dth_tot_direct,,,,,,,,,,,,,,,0.013117012940950886,0,781,0.0,0.0,,,,,,,,,,,,,,,,,,,,,,,,,,,,,,,,,,,,,,,,,,,,,,,,,,,,,,,,,,,,,,,,,,,,,,,,,,nan,,,,,,,,,,,,,,,
528,2548.805908203125,0.025461943820118904,2.5461943820118904,5647.154213428497,10000,ppo,ppo,crawler,flat,obs_dth_tot_direct,,,,,,,,,,,,,,,0.01129081525510295,0,781,0.0,0.0,,,,,,,,,,,,,,,,,,,,,,,,,,,,,,,,,,,,,,,,,,,,,,,,,,,,,,,,,,,,,,,,,,,,,,,,,,nan,,,,,,,,,,,,,,,
529,2539.318115234375,0.025373678654432297,2.5373678654432297,5657.3143429756165,10000,ppo,ppo,crawler,flat,obs_dth_tot_direct,,,,,,,,,,,,,,,0.007021111725242174,0,781,0.0,0.0,,,,,,,,,,,,,,,,,,,,,,,,,,,,,,,,,,,,,,,,,,,,,,,,,,,,,,,,,,,,,,,,,,,,,,,,,,nan,,,,,,,,,,,,,,,
530,2651.572265625,0.026482952758669853,2.6482952758669853,5666.809367895126,10000,ppo,ppo,crawler,flat,obs_dth_tot_direct,,,,,,,,,,,,,,,0.007397372073718008,0,781,0.0,0.0,,,,,,,,,,,,,,,,,,,,,,,,,,,,,,,,,,,,,,,,,,,,,,,,,,,,,,,,,,,,,,,,,,,,,,,,,,nan,,,,,,,,,,,,,,,
531,2532.440185546875,0.025292091071605682,2.5292091071605682,5676.830187559128,10000,ppo,ppo,crawler,flat,obs_dth_tot_direct,,,,,,,,,,,,,,,0.009611647966964452,0,781,0.0,0.0,,,,,,,,,,,,,,,,,,,,,,,,,,,,,,,,,,,,,,,,,,,,,,,,,,,,,,,,,,,,,,,,,,,,,,,,,,nan,,,,,,,,,,,,,,,
532,2604.282958984375,0.02602190524339676,2.602190524339676,5686.344906330109,10000,ppo,ppo,crawler,flat,obs_dth_tot_direct,,,,,,,,,,,,,,,0.008223402573474863,0,781,0.0,0.0,,,,,,,,,,,,,,,,,,,,,,,,,,,,,,,,,,,,,,,,,,,,,,,,,,,,,,,,,,,,,,,,,,,,,,,,,,nan,,,,,,,,,,,,,,,
533,2550.879638671875,0.025487365201115608,2.548736520111561,5696.102429628372,10000,ppo,ppo,crawler,flat,obs_dth_tot_direct,,,,,,,,,,,,,,,0.008326619625686002,0,781,0.0,0.0,,,,,,,,,,,,,,,,,,,,,,,,,,,,,,,,,,,,,,,,,,,,,,,,,,,,,,,,,,,,,,,,,,,,,,,,,,nan,,,,,,,,,,,,,,,
534,2449.642578125,0.024471526965498924,2.4471526965498924,5705.155930042267,10000,ppo,ppo,crawler,flat,obs_dth_tot_direct,,,,,,,,,,,,,,,0.010870439325973258,0,781,0.0,0.0,,,,,,,,,,,,,,,,,,,,,,,,,,,,,,,,,,,,,,,,,,,,,,,,,,,,,,,,,,,,,,,,,,,,,,,,,,nan,,,,,,,,,,,,,,,
535,2592.521484375,0.025898149237036705,2.5898149237036705,5715.239326477051,10000,ppo,ppo,crawler,flat,obs_dth_tot_direct,,,,,,,,,,,,,,,0.006605858819538125,0,781,0.0,0.0,,,,,,,,,,,,,,,,,,,,,,,,,,,,,,,,,,,,,,,,,,,,,,,,,,,,,,,,,,,,,,,,,,,,,,,,,,nan,,,,,,,,,,,,,,,
536,2492.301513671875,0.02489868737757206,2.489868737757206,5725.02593588829,10000,ppo,ppo,crawler,flat,obs_dth_tot_direct,,,,,,,,,,,,,,,0.008565833948742435,0,781,0.0,0.0,,,,,,,,,,,,,,,,,,,,,,,,,,,,,,,,,,,,,,,,,,,,,,,,,,,,,,,,,,,,,,,,,,,,,,,,,,nan,,,,,,,,,,,,,,,
537,2500.098388671875,0.024972165003418922,2.4972165003418922,5734.602717399597,10000,ppo,ppo,crawler,flat,obs_dth_tot_direct,,,,,,,,,,,,,,,0.008316258144472212,0,781,0.0,0.0,,,,,,,,,,,,,,,,,,,,,,,,,,,,,,,,,,,,,,,,,,,,,,,,,,,,,,,,,,,,,,,,,,,,,,,,,,nan,,,,,,,,,,,,,,,
538,2629.2578125,0.026261501014232635,2.6261501014232635,5744.314072847366,10000,ppo,ppo,crawler,flat,obs_dth_tot_direct,,,,,,,,,,,,,,,0.004929420813205163,0,781,0.0,0.0,,,,,,,,,,,,,,,,,,,,,,,,,,,,,,,,,,,,,,,,,,,,,,,,,,,,,,,,,,,,,,,,,,,,,,,,,,nan,,,,,,,,,,,,,,,
539,2515.673828125,0.025129228830337524,2.5129228830337524,5753.8430025577545,10000,ppo,ppo,crawler,flat,obs_dth_tot_direct,,,,,,,,,,,,,,,0.005662745311552189,0,781,0.0,0.0,,,,,,,,,,,,,,,,,,,,,,,,,,,,,,,,,,,,,,,,,,,,,,,,,,,,,,,,,,,,,,,,,,,,,,,,,,nan,,,,,,,,,,,,,,,
540,2655.172607421875,0.026523936539888382,2.652393653988838,5763.521219968796,10000,ppo,ppo,crawler,flat,obs_dth_tot_direct,,,,,,,,,,,,,,,0.0031567717893493316,0,781,0.0,0.0,,,,,,,,,,,,,,,,,,,,,,,,,,,,,,,,,,,,,,,,,,,,,,,,,,,,,,,,,,,,,,,,,,,,,,,,,,nan,,,,,,,,,,,,,,,
541,2572.54296875,0.025698311626911163,2.5698311626911163,5773.585217475891,10000,ppo,ppo,crawler,flat,obs_dth_tot_direct,,,,,,,,,,,,,,,0.00483886705978002,0,781,0.0,0.0,,,,,,,,,,,,,,,,,,,,,,,,,,,,,,,,,,,,,,,,,,,,,,,,,,,,,,,,,,,,,,,,,,,,,,,,,,nan,,,,,,,,,,,,,,,
542,2582.72998046875,0.025803010910749435,2.5803010910749435,5784.195133686066,10000,ppo,ppo,crawler,flat,obs_dth_tot_direct,,,,,,,,,,,,,,,0.004848937427116172,0,781,0.0,0.0,,,,,,,,,,,,,,,,,,,,,,,,,,,,,,,,,,,,,,,,,,,,,,,,,,,,,,,,,,,,,,,,,,,,,,,,,,nan,,,,,,,,,,,,,,,
543,2492.651123046875,0.024896329268813133,2.4896329268813133,5794.556053638458,10000,ppo,ppo,crawler,flat,obs_dth_tot_direct,,,,,,,,,,,,,,,0.006205984675900823,0,781,0.0,0.0,,,,,,,,,,,,,,,,,,,,,,,,,,,,,,,,,,,,,,,,,,,,,,,,,,,,,,,,,,,,,,,,,,,,,,,,,,nan,,,,,,,,,,,,,,,
544,2627.612548828125,0.02625017613172531,2.625017613172531,5804.564086437225,10000,ppo,ppo,crawler,flat,obs_dth_tot_direct,,,,,,,,,,,,,,,0.006013458849217238,0,781,0.0,0.0,,,,,,,,,,,,,,,,,,,,,,,,,,,,,,,,,,,,,,,,,,,,,,,,,,,,,,,,,,,,,,,,,,,,,,,,,,nan,,,,,,,,,,,,,,,
545,2534.981689453125,0.02532333694398403,2.532333694398403,5814.588748931885,10000,ppo,ppo,crawler,flat,obs_dth_tot_direct,,,,,,,,,,,,,,,0.005662505490511296,0,781,0.0,0.0,,,,,,,,,,,,,,,,,,,,,,,,,,,,,,,,,,,,,,,,,,,,,,,,,,,,,,,,,,,,,,,,,,,,,,,,,,nan,,,,,,,,,,,,,,,
546,2573.1630859375,0.025700286030769348,2.570028603076935,5824.554097414017,10000,ppo,ppo,crawler,flat,obs_dth_tot_direct,,,,,,,,,,,,,,,0.004630345984870507,0,781,0.0,0.0,,,,,,,,,,,,,,,,,,,,,,,,,,,,,,,,,,,,,,,,,,,,,,,,,,,,,,,,,,,,,,,,,,,,,,,,,,nan,,,,,,,,,,,,,,,
547,2645.990966796875,0.026431111618876457,2.6431111618876457,5834.389016151428,10000,ppo,ppo,crawler,flat,obs_dth_tot_direct,,,,,,,,,,,,,,,0.0052290105752767066,0,781,0.0,0.0,,,,,,,,,,,,,,,,,,,,,,,,,,,,,,,,,,,,,,,,,,,,,,,,,,,,,,,,,,,,,,,,,,,,,,,,,,nan,,,,,,,,,,,,,,,
548,2559.52978515625,0.02557154931128025,2.557154931128025,5845.07809138298,10000,ppo,ppo,crawler,flat,obs_dth_tot_direct,,,,,,,,,,,,,,,0.0034747608935199,0,781,0.0,0.0,,,,,,,,,,,,,,,,,,,,,,,,,,,,,,,,,,,,,,,,,,,,,,,,,,,,,,,,,,,,,,,,,,,,,,,,,,nan,,,,,,,,,,,,,,,
549,2530.773193359375,0.025278307497501373,2.5278307497501373,5855.0165429115295,10000,ppo,ppo,crawler,flat,obs_dth_tot_direct,,,,,,,,,,,,,,,0.004780658591943289,0,781,0.0,0.0,,,,,,,,,,,,,,,,,,,,,,,,,,,,,,,,,,,,,,,,,,,,,,,,,,,,,,,,,,,,,,,,,,,,,,,,,,nan,,,,,,,,,,,,,,,
550,2565.378662109375,0.02562662959098816,2.562662959098816,5865.991893768311,10000,ppo,ppo,crawler,flat,obs_dth_tot_direct,,,,,,,,,,,,,,,0.004869147612583297,0,781,0.0,0.0,,,,,,,,,,,,,,,,,,,,,,,,,,,,,,,,,,,,,,,,,,,,,,,,,,,,,,,,,,,,,,,,,,,,,,,,,,nan,,,,,,,,,,,,,,,
551,2531.927490234375,0.025291139259934425,2.5291139259934425,5877.298533439636,10000,ppo,ppo,crawler,flat,obs_dth_tot_direct,,,,,,,,,,,,,,,0.00386488393393152,0,781,0.0,0.0,,,,,,,,,,,,,,,,,,,,,,,,,,,,,,,,,,,,,,,,,,,,,,,,,,,,,,,,,,,,,,,,,,,,,,,,,,nan,,,,,,,,,,,,,,,
552,2471.058349609375,0.024687210097908974,2.4687210097908974,5888.261791706085,10000,ppo,ppo,crawler,flat,obs_dth_tot_direct,,,,,,,,,,,,,,,0.004724200506642518,0,781,0.0,0.0,,,,,,,,,,,,,,,,,,,,,,,,,,,,,,,,,,,,,,,,,,,,,,,,,,,,,,,,,,,,,,,,,,,,,,,,,,nan,,,,,,,,,,,,,,,
553,2543.870849609375,0.025411220267415047,2.5411220267415047,5898.957015752792,10000,ppo,ppo,crawler,flat,obs_dth_tot_direct,,,,,,,,,,,,,,,0.004692079141360699,0,781,0.0,0.0,,,,,,,,,,,,,,,,,,,,,,,,,,,,,,,,,,,,,,,,,,,,,,,,,,,,,,,,,,,,,,,,,,,,,,,,,,nan,,,,,,,,,,,,,,,
554,2554.884033203125,0.025522898882627487,2.5522898882627487,5909.381465673447,10000,ppo,ppo,crawler,flat,obs_dth_tot_direct,,,,,,,,,,,,,,,0.003208511304883161,0,781,0.0,0.0,,,,,,,,,,,,,,,,,,,,,,,,,,,,,,,,,,,,,,,,,,,,,,,,,,,,,,,,,,,,,,,,,,,,,,,,,,nan,,,,,,,,,,,,,,,
555,2632.402099609375,0.02629711478948593,2.629711478948593,5919.8746383190155,10000,ppo,ppo,crawler,flat,obs_dth_tot_direct,,,,,,,,,,,,,,,0.00251787955184135,0,781,0.0,0.0,,,,,,,,,,,,,,,,,,,,,,,,,,,,,,,,,,,,,,,,,,,,,,,,,,,,,,,,,,,,,,,,,,,,,,,,,,nan,,,,,,,,,,,,,,,
556,2652.081298828125,0.026497740298509598,2.6497740298509598,5929.876680850983,10000,ppo,ppo,crawler,flat,obs_dth_tot_direct,,,,,,,,,,,,,,,0.0023702628377170057,0,781,0.0,0.0,,,,,,,,,,,,,,,,,,,,,,,,,,,,,,,,,,,,,,,,,,,,,,,,,,,,,,,,,,,,,,,,,,,,,,,,,,nan,,,,,,,,,,,,,,,
557,2488.3408203125,0.024860376492142677,2.4860376492142677,5940.437695980072,10000,ppo,ppo,crawler,flat,obs_dth_tot_direct,,,,,,,,,,,,,,,0.0037382504911984468,0,781,0.0,0.0,,,,,,,,,,,,,,,,,,,,,,,,,,,,,,,,,,,,,,,,,,,,,,,,,,,,,,,,,,,,,,,,,,,,,,,,,,nan,,,,,,,,,,,,,,,
558,2610.65283203125,0.026079952716827393,2.6079952716827393,5950.937917232513,10000,ppo,ppo,crawler,flat,obs_dth_tot_direct,,,,,,,,,,,,,,,0.005575269414618191,0,781,0.0,0.0,,,,,,,,,,,,,,,,,,,,,,,,,,,,,,,,,,,,,,,,,,,,,,,,,,,,,,,,,,,,,,,,,,,,,,,,,,nan,,,,,,,,,,,,,,,
559,2616.03173828125,0.026135308668017387,2.6135308668017387,5961.339202404022,10000,ppo,ppo,crawler,flat,obs_dth_tot_direct,,,,,,,,,,,,,,,0.0033014295812663873,0,781,0.0,0.0,,,,,,,,,,,,,,,,,,,,,,,,,,,,,,,,,,,,,,,,,,,,,,,,,,,,,,,,,,,,,,,,,,,,,,,,,,nan,,,,,,,,,,,,,,,
560,2481.112060546875,0.024784130975604057,2.4784130975604057,5972.437781572342,10000,ppo,ppo,crawler,flat,obs_dth_tot_direct,,,,,,,,,,,,,,,0.0046195610329179656,0,781,0.0,0.0,,,,,,,,,,,,,,,,,,,,,,,,,,,,,,,,,,,,,,,,,,,,,,,,,,,,,,,,,,,,,,,,,,,,,,,,,,nan,,,,,,,,,,,,,,,
561,2514.927001953125,0.025122515857219696,2.5122515857219696,5983.855032920837,10000,ppo,ppo,crawler,flat,obs_dth_tot_direct,,,,,,,,,,,,,,,0.004024964241010711,0,781,0.0,0.0,,,,,,,,,,,,,,,,,,,,,,,,,,,,,,,,,,,,,,,,,,,,,,,,,,,,,,,,,,,,,,,,,,,,,,,,,,nan,,,,,,,,,,,,,,,
562,2609.270263671875,0.026069030165672302,2.6069030165672302,5995.505779266357,10000,ppo,ppo,crawler,flat,obs_dth_tot_direct,,,,,,,,,,,,,,,0.0037340145488545386,0,781,0.0,0.0,,,,,,,,,,,,,,,,,,,,,,,,,,,,,,,,,,,,,,,,,,,,,,,,,,,,,,,,,,,,,,,,,,,,,,,,,,nan,,,,,,,,,,,,,,,
563,2554.72509765625,0.025519002228975296,2.5519002228975296,6008.025592803955,10000,ppo,ppo,crawler,flat,obs_dth_tot_direct,,,,,,,,,,,,,,,0.0033690024305141866,0,781,0.0,0.0,,,,,,,,,,,,,,,,,,,,,,,,,,,,,,,,,,,,,,,,,,,,,,,,,,,,,,,,,,,,,,,,,,,,,,,,,,nan,,,,,,,,,,,,,,,
564,2419.346435546875,0.024165812879800797,2.4165812879800797,6019.47699713707,10000,ppo,ppo,crawler,flat,obs_dth_tot_direct,,,,,,,,,,,,,,,0.005792898835487474,0,781,0.0,0.0,,,,,,,,,,,,,,,,,,,,,,,,,,,,,,,,,,,,,,,,,,,,,,,,,,,,,,,,,,,,,,,,,,,,,,,,,,nan,,,,,,,,,,,,,,,
565,2521.144287109375,0.025184523314237595,2.5184523314237595,6030.840805768967,10000,ppo,ppo,crawler,flat,obs_dth_tot_direct,,,,,,,,,,,,,,,0.004510378966678266,0,781,0.0,0.0,,,,,,,,,,,,,,,,,,,,,,,,,,,,,,,,,,,,,,,,,,,,,,,,,,,,,,,,,,,,,,,,,,,,,,,,,,nan,,,,,,,,,,,,,,,
566,2561.969482421875,0.025590691715478897,2.5590691715478897,6040.784061431885,10000,ppo,ppo,crawler,flat,obs_dth_tot_direct,,,,,,,,,,,,,,,0.004242106169416666,0,781,0.0,0.0,,,,,,,,,,,,,,,,,,,,,,,,,,,,,,,,,,,,,,,,,,,,,,,,,,,,,,,,,,,,,,,,,,,,,,,,,,nan,,,,,,,,,,,,,,,
567,2466.602783203125,0.024641918018460274,2.4641918018460274,6051.4088435173035,10000,ppo,ppo,crawler,flat,obs_dth_tot_direct,,,,,,,,,,,,,,,0.004095915097865651,0,781,0.0,0.0,,,,,,,,,,,,,,,,,,,,,,,,,,,,,,,,,,,,,,,,,,,,,,,,,,,,,,,,,,,,,,,,,,,,,,,,,,nan,,,,,,,,,,,,,,,
568,2590.427734375,0.025873815640807152,2.587381564080715,6063.001875638962,10000,ppo,ppo,crawler,flat,obs_dth_tot_direct,,,,,,,,,,,,,,,0.0035458685828633095,0,781,0.0,0.0,,,,,,,,,,,,,,,,,,,,,,,,,,,,,,,,,,,,,,,,,,,,,,,,,,,,,,,,,,,,,,,,,,,,,,,,,,nan,,,,,,,,,,,,,,,
569,2421.513671875,0.024188097566366196,2.4188097566366196,6073.196018695831,10000,ppo,ppo,crawler,flat,obs_dth_tot_direct,,,,,,,,,,,,,,,0.004840583332822325,0,781,0.0,0.0,,,,,,,,,,,,,,,,,,,,,,,,,,,,,,,,,,,,,,,,,,,,,,,,,,,,,,,,,,,,,,,,,,,,,,,,,,nan,,,,,,,,,,,,,,,
570,2587.897216796875,0.025853686034679413,2.5853686034679413,6083.54038977623,10000,ppo,ppo,crawler,flat,obs_dth_tot_direct,,,,,,,,,,,,,,,0.0028668198061034635,0,781,0.0,0.0,,,,,,,,,,,,,,,,,,,,,,,,,,,,,,,,,,,,,,,,,,,,,,,,,,,,,,,,,,,,,,,,,,,,,,,,,,nan,,,,,,,,,,,,,,,
571,2593.230224609375,0.025909539312124252,2.5909539312124252,6094.345901012421,10000,ppo,ppo,crawler,flat,obs_dth_tot_direct,,,,,,,,,,,,,,,0.0015069540173096338,0,781,0.0,0.0,,,,,,,,,,,,,,,,,,,,,,,,,,,,,,,,,,,,,,,,,,,,,,,,,,,,,,,,,,,,,,,,,,,,,,,,,,nan,,,,,,,,,,,,,,,
572,2529.91015625,0.025272272527217865,2.5272272527217865,6105.081428766251,10000,ppo,ppo,crawler,flat,obs_dth_tot_direct,,,,,,,,,,,,,,,0.0023052435773163204,0,781,0.0,0.0,,,,,,,,,,,,,,,,,,,,,,,,,,,,,,,,,,,,,,,,,,,,,,,,,,,,,,,,,,,,,,,,,,,,,,,,,,nan,,,,,,,,,,,,,,,
573,2546.648193359375,0.025438612326979637,2.5438612326979637,6115.259991884232,10000,ppo,ppo,crawler,flat,obs_dth_tot_direct,,,,,,,,,,,,,,,0.0025488126179455005,0,781,0.0,0.0,,,,,,,,,,,,,,,,,,,,,,,,,,,,,,,,,,,,,,,,,,,,,,,,,,,,,,,,,,,,,,,,,,,,,,,,,,nan,,,,,,,,,,,,,,,
574,2597.3466796875,0.025941448286175728,2.594144828617573,6125.51918721199,10000,ppo,ppo,crawler,flat,obs_dth_tot_direct,,,,,,,,,,,,,,,0.0031178751037346983,0,781,0.0,0.0,,,,,,,,,,,,,,,,,,,,,,,,,,,,,,,,,,,,,,,,,,,,,,,,,,,,,,,,,,,,,,,,,,,,,,,,,,nan,,,,,,,,,,,,,,,
575,2472.025146484375,0.024694500491023064,2.4694500491023064,6138.407310009003,10000,ppo,ppo,crawler,flat,obs_dth_tot_direct,,,,,,,,,,,,,,,0.004755050597977574,0,781,0.0,0.0,,,,,,,,,,,,,,,,,,,,,,,,,,,,,,,,,,,,,,,,,,,,,,,,,,,,,,,,,,,,,,,,,,,,,,,,,,nan,,,,,,,,,,,,,,,
576,2427.357177734375,0.024250533431768417,2.4250533431768417,6150.35205578804,10000,ppo,ppo,crawler,flat,obs_dth_tot_direct,,,,,,,,,,,,,,,0.0044575975350761325,0,781,0.0,0.0,,,,,,,,,,,,,,,,,,,,,,,,,,,,,,,,,,,,,,,,,,,,,,,,,,,,,,,,,,,,,,,,,,,,,,,,,,nan,,,,,,,,,,,,,,,
577,2683.435302734375,0.0268033929169178,2.68033929169178,6163.146036863327,10000,ppo,ppo,crawler,flat,obs_dth_tot_direct,,,,,,,,,,,,,,,0.0022483143689144393,0,781,0.0,0.0,,,,,,,,,,,,,,,,,,,,,,,,,,,,,,,,,,,,,,,,,,,,,,,,,,,,,,,,,,,,,,,,,,,,,,,,,,nan,,,,,,,,,,,,,,,
578,2596.106689453125,0.025935683399438858,2.593568339943886,6173.893876314163,10000,ppo,ppo,crawler,flat,obs_dth_tot_direct,,,,,,,,,,,,,,,0.0018584021698761681,0,781,0.0,0.0,,,,,,,,,,,,,,,,,,,,,,,,,,,,,,,,,,,,,,,,,,,,,,,,,,,,,,,,,,,,,,,,,,,,,,,,,,nan,,,,,,,,,,,,,,,
579,2482.43212890625,0.024794505909085274,2.4794505909085274,6184.890043973923,10000,ppo,ppo,crawler,flat,obs_dth_tot_direct,,,,,,,,,,,,,,,0.003591513284321823,0,781,0.0,0.0,,,,,,,,,,,,,,,,,,,,,,,,,,,,,,,,,,,,,,,,,,,,,,,,,,,,,,,,,,,,,,,,,,,,,,,,,,nan,,,,,,,,,,,,,,,
580,2517.982421875,0.025151005014777184,2.5151005014777184,6196.6839010715485,10000,ppo,ppo,crawler,flat,obs_dth_tot_direct,,,,,,,,,,,,,,,0.0032684583197788736,0,781,0.0,0.0,,,,,,,,,,,,,,,,,,,,,,,,,,,,,,,,,,,,,,,,,,,,,,,,,,,,,,,,,,,,,,,,,,,,,,,,,,nan,,,,,,,,,,,,,,,
581,2505.487548828125,0.02502472698688507,2.502472698688507,6216.670934915543,10000,ppo,ppo,crawler,flat,obs_dth_tot_direct,,,,,,,,,,,,,,,0.003567007586503671,0,781,0.0,0.0,,,,,,,,,,,,,,,,,,,,,,,,,,,,,,,,,,,,,,,,,,,,,,,,,,,,,,,,,,,,,,,,,,,,,,,,,,nan,,,,,,,,,,,,,,,
582,2589.086669921875,0.025866450741887093,2.5866450741887093,6230.429634809494,10000,ppo,ppo,crawler,flat,obs_dth_tot_direct,,,,,,,,,,,,,,,0.00395263288361715,0,781,0.0,0.0,,,,,,,,,,,,,,,,,,,,,,,,,,,,,,,,,,,,,,,,,,,,,,,,,,,,,,,,,,,,,,,,,,,,,,,,,,nan,,,,,,,,,,,,,,,
583,2505.42236328125,0.02502542920410633,2.502542920410633,6242.328992605209,10000,ppo,ppo,crawler,flat,obs_dth_tot_direct,,,,,,,,,,,,,,,0.003051404863491323,0,781,0.0,0.0,,,,,,,,,,,,,,,,,,,,,,,,,,,,,,,,,,,,,,,,,,,,,,,,,,,,,,,,,,,,,,,,,,,,,,,,,,nan,,,,,,,,,,,,,,,
584,2442.1005859375,0.024394817650318146,2.4394817650318146,6254.430058956146,10000,ppo,ppo,crawler,flat,obs_dth_tot_direct,,,,,,,,,,,,,,,0.004034794829252192,0,781,0.0,0.0,,,,,,,,,,,,,,,,,,,,,,,,,,,,,,,,,,,,,,,,,,,,,,,,,,,,,,,,,,,,,,,,,,,,,,,,,,nan,,,,,,,,,,,,,,,
585,2538.59814453125,0.025357326492667198,2.53573264926672,6266.842168569565,10000,ppo,ppo,crawler,flat,obs_dth_tot_direct,,,,,,,,,,,,,,,0.002530933328559586,0,781,0.0,0.0,,,,,,,,,,,,,,,,,,,,,,,,,,,,,,,,,,,,,,,,,,,,,,,,,,,,,,,,,,,,,,,,,,,,,,,,,,nan,,,,,,,,,,,,,,,
586,2651.441162109375,0.02648831158876419,2.648831158876419,6278.813165664673,10000,ppo,ppo,crawler,flat,obs_dth_tot_direct,,,,,,,,,,,,,,,0.0016957822080887765,0,781,0.0,0.0,,,,,,,,,,,,,,,,,,,,,,,,,,,,,,,,,,,,,,,,,,,,,,,,,,,,,,,,,,,,,,,,,,,,,,,,,,nan,,,,,,,,,,,,,,,
587,2526.812255859375,0.025238703936338425,2.5238703936338425,6291.110065937042,10000,ppo,ppo,crawler,flat,obs_dth_tot_direct,,,,,,,,,,,,,,,0.0027947099977856348,0,781,0.0,0.0,,,,,,,,,,,,,,,,,,,,,,,,,,,,,,,,,,,,,,,,,,,,,,,,,,,,,,,,,,,,,,,,,,,,,,,,,,nan,,,,,,,,,,,,,,,
588,2624.228515625,0.02621433697640896,2.621433697640896,6304.974000930786,10000,ppo,ppo,crawler,flat,obs_dth_tot_direct,,,,,,,,,,,,,,,0.003032534043121279,0,781,0.0,0.0,,,,,,,,,,,,,,,,,,,,,,,,,,,,,,,,,,,,,,,,,,,,,,,,,,,,,,,,,,,,,,,,,,,,,,,,,,nan,,,,,,,,,,,,,,,
589,2471.5234375,0.024688197299838066,2.4688197299838066,6316.92969417572,10000,ppo,ppo,crawler,flat,obs_dth_tot_direct,,,,,,,,,,,,,,,0.0025122271355436953,0,781,0.0,0.0,,,,,,,,,,,,,,,,,,,,,,,,,,,,,,,,,,,,,,,,,,,,,,,,,,,,,,,,,,,,,,,,,,,,,,,,,,nan,,,,,,,,,,,,,,,
590,2537.611572265625,0.025345895439386368,2.534589543938637,6327.600381374359,10000,ppo,ppo,crawler,flat,obs_dth_tot_direct,,,,,,,,,,,,,,,0.0033198571977273842,0,781,0.0,0.0,,,,,,,,,,,,,,,,,,,,,,,,,,,,,,,,,,,,,,,,,,,,,,,,,,,,,,,,,,,,,,,,,,,,,,,,,,nan,,,,,,,,,,,,,,,
591,2517.73974609375,0.025154240429401398,2.5154240429401398,6337.173664331436,10000,ppo,ppo,crawler,flat,obs_dth_tot_direct,,,,,,,,,,,,,,,0.003247516615272001,0,781,0.0,0.0,,,,,,,,,,,,,,,,,,,,,,,,,,,,,,,,,,,,,,,,,,,,,,,,,,,,,,,,,,,,,,,,,,,,,,,,,,nan,,,,,,,,,,,,,,,
592,2569.284912109375,0.025665326043963432,2.5665326043963432,6349.254286289215,10000,ppo,ppo,crawler,flat,obs_dth_tot_direct,,,,,,,,,,,,,,,0.0030746026339390103,0,781,0.0,0.0,,,,,,,,,,,,,,,,,,,,,,,,,,,,,,,,,,,,,,,,,,,,,,,,,,,,,,,,,,,,,,,,,,,,,,,,,,nan,,,,,,,,,,,,,,,
593,2523.686279296875,0.02521320804953575,2.521320804953575,6360.00777888298,10000,ppo,ppo,crawler,flat,obs_dth_tot_direct,,,,,,,,,,,,,,,0.0038648566124801025,0,781,0.0,0.0,,,,,,,,,,,,,,,,,,,,,,,,,,,,,,,,,,,,,,,,,,,,,,,,,,,,,,,,,,,,,,,,,,,,,,,,,,nan,,,,,,,,,,,,,,,
594,2688.1171875,0.026851942762732506,2.6851942762732506,6373.224744558334,10000,ppo,ppo,crawler,flat,obs_dth_tot_direct,,,,,,,,,,,,,,,0.0017097245460290732,0,781,0.0,0.0,,,,,,,,,,,,,,,,,,,,,,,,,,,,,,,,,,,,,,,,,,,,,,,,,,,,,,,,,,,,,,,,,,,,,,,,,,nan,,,,,,,,,,,,,,,
595,2602.613037109375,0.02599862962961197,2.599862962961197,6385.252070903778,10000,ppo,ppo,crawler,flat,obs_dth_tot_direct,,,,,,,,,,,,,,,0.001973379601329122,0,781,0.0,0.0,,,,,,,,,,,,,,,,,,,,,,,,,,,,,,,,,,,,,,,,,,,,,,,,,,,,,,,,,,,,,,,,,,,,,,,,,,nan,,,,,,,,,,,,,,,
596,2577.7294921875,0.025750353932380676,2.5750353932380676,6396.6112015247345,10000,ppo,ppo,crawler,flat,obs_dth_tot_direct,,,,,,,,,,,,,,,0.0029498149591566125,0,781,0.0,0.0,,,,,,,,,,,,,,,,,,,,,,,,,,,,,,,,,,,,,,,,,,,,,,,,,,,,,,,,,,,,,,,,,,,,,,,,,,nan,,,,,,,,,,,,,,,
597,2479.144287109375,0.024762313812971115,2.4762313812971115,6408.239739179611,10000,ppo,ppo,crawler,flat,obs_dth_tot_direct,,,,,,,,,,,,,,,0.002925162762619624,0,781,0.0,0.0,,,,,,,,,,,,,,,,,,,,,,,,,,,,,,,,,,,,,,,,,,,,,,,,,,,,,,,,,,,,,,,,,,,,,,,,,,nan,,,,,,,,,,,,,,,
598,2596.529541015625,0.025935418903827667,2.5935418903827667,6419.409007072449,10000,ppo,ppo,crawler,flat,obs_dth_tot_direct,,,,,,,,,,,,,,,0.0016764763623027957,0,781,0.0,0.0,,,,,,,,,,,,,,,,,,,,,,,,,,,,,,,,,,,,,,,,,,,,,,,,,,,,,,,,,,,,,,,,,,,,,,,,,,nan,,,,,,,,,,,,,,,
599,2511.259765625,0.025087133049964905,2.5087133049964905,6430.897200584412,10000,ppo,ppo,crawler,flat,obs_dth_tot_direct,,,,,,,,,,,,,,,0.0024434007559689065,0,781,0.0,0.0,,,,,,,,,,,,,,,,,,,,,,,,,,,,,,,,,,,,,,,,,,,,,,,,,,,,,,,,,,,,,,,,,,,,,,,,,,nan,,,,,,,,,,,,,,,
600,2510.1669921875,0.02507534623146057,2.507534623146057,6441.89302611351,10000,ppo,ppo,crawler,flat,obs_dth_tot_direct,,,,,,,,,,,,,,,0.0018787856621090286,0,781,0.0,0.0,,,,,,,,,,,,,,,,,,,,,,,,,,,,,,,,,,,,,,,,,,,,,,,,,,,,,,,,,,,,,,,,,,,,,,,,,,nan,,,,,,,,,,,,,,,
601,2387.155029296875,0.023843303322792053,2.3843303322792053,6453.474081516266,10000,ppo,ppo,crawler,flat,obs_dth_tot_direct,,,,,,,,,,,,,,,0.0034119618880170755,0,781,0.0,0.0,,,,,,,,,,,,,,,,,,,,,,,,,,,,,,,,,,,,,,,,,,,,,,,,,,,,,,,,,,,,,,,,,,,,,,,,,,nan,,,,,,,,,,,,,,,
602,2578.495849609375,0.02575555071234703,2.575555071234703,6465.595937728882,10000,ppo,ppo,crawler,flat,obs_dth_tot_direct,,,,,,,,,,,,,,,0.0023784862818485705,0,781,0.0,0.0,,,,,,,,,,,,,,,,,,,,,,,,,,,,,,,,,,,,,,,,,,,,,,,,,,,,,,,,,,,,,,,,,,,,,,,,,,nan,,,,,,,,,,,,,,,
603,2562.056640625,0.025593871250748634,2.5593871250748634,6478.642111301422,10000,ppo,ppo,crawler,flat,obs_dth_tot_direct,,,,,,,,,,,,,,,0.001623088309612744,0,781,0.0,0.0,,,,,,,,,,,,,,,,,,,,,,,,,,,,,,,,,,,,,,,,,,,,,,,,,,,,,,,,,,,,,,,,,,,,,,,,,,nan,,,,,,,,,,,,,,,
604,2602.544921875,0.025997020304203033,2.5997020304203033,6491.47881937027,10000,ppo,ppo,crawler,flat,obs_dth_tot_direct,,,,,,,,,,,,,,,0.002205184536573755,0,781,0.0,0.0,,,,,,,,,,,,,,,,,,,,,,,,,,,,,,,,,,,,,,,,,,,,,,,,,,,,,,,,,,,,,,,,,,,,,,,,,,nan,,,,,,,,,,,,,,,
605,2474.385986328125,0.0247192345559597,2.47192345559597,6504.844546794891,10000,ppo,ppo,crawler,flat,obs_dth_tot_direct,,,,,,,,,,,,,,,0.0028006867270841574,0,781,0.0,0.0,,,,,,,,,,,,,,,,,,,,,,,,,,,,,,,,,,,,,,,,,,,,,,,,,,,,,,,,,,,,,,,,,,,,,,,,,,nan,,,,,,,,,,,,,,,
606,2660.900146484375,0.026578502729535103,2.6578502729535103,6517.17592716217,10000,ppo,ppo,crawler,flat,obs_dth_tot_direct,,,,,,,,,,,,,,,0.001356222318812909,0,781,0.0,0.0,,,,,,,,,,,,,,,,,,,,,,,,,,,,,,,,,,,,,,,,,,,,,,,,,,,,,,,,,,,,,,,,,,,,,,,,,,nan,,,,,,,,,,,,,,,
607,2485.975341796875,0.02483372762799263,2.483372762799263,6529.399413347244,10000,ppo,ppo,crawler,flat,obs_dth_tot_direct,,,,,,,,,,,,,,,0.002605371691162323,0,781,0.0,0.0,,,,,,,,,,,,,,,,,,,,,,,,,,,,,,,,,,,,,,,,,,,,,,,,,,,,,,,,,,,,,,,,,,,,,,,,,,nan,,,,,,,,,,,,,,,
608,2467.795654296875,0.024653883650898933,2.4653883650898933,6541.10920715332,10000,ppo,ppo,crawler,flat,obs_dth_tot_direct,,,,,,,,,,,,,,,0.0027703245178016473,0,781,0.0,0.0,,,,,,,,,,,,,,,,,,,,,,,,,,,,,,,,,,,,,,,,,,,,,,,,,,,,,,,,,,,,,,,,,,,,,,,,,,nan,,,,,,,,,,,,,,,
609,2581.8427734375,0.025786522775888443,2.5786522775888443,6554.133884906769,10000,ppo,ppo,crawler,flat,obs_dth_tot_direct,,,,,,,,,,,,,,,0.001991311611188292,0,781,0.0,0.0,,,,,,,,,,,,,,,,,,,,,,,,,,,,,,,,,,,,,,,,,,,,,,,,,,,,,,,,,,,,,,,,,,,,,,,,,,nan,,,,,,,,,,,,,,,
610,2625.80859375,0.026236485689878464,2.6236485689878464,6564.80037856102,10000,ppo,ppo,crawler,flat,obs_dth_tot_direct,,,,,,,,,,,,,,,0.0014585538932883088,0,781,0.0,0.0,,,,,,,,,,,,,,,,,,,,,,,,,,,,,,,,,,,,,,,,,,,,,,,,,,,,,,,,,,,,,,,,,,,,,,,,,,nan,,,,,,,,,,,,,,,
611,2656.447998046875,0.026538729667663574,2.6538729667663574,6576.0191304683685,10000,ppo,ppo,crawler,flat,obs_dth_tot_direct,,,,,,,,,,,,,,,0.0013144702118781644,0,781,0.0,0.0,,,,,,,,,,,,,,,,,,,,,,,,,,,,,,,,,,,,,,,,,,,,,,,,,,,,,,,,,,,,,,,,,,,,,,,,,,nan,,,,,,,,,,,,,,,
612,2548.325927734375,0.025454837828874588,2.545483782887459,6586.821484804153,10000,ppo,ppo,crawler,flat,obs_dth_tot_direct,,,,,,,,,,,,,,,0.002954859998453976,0,781,0.0,0.0,,,,,,,,,,,,,,,,,,,,,,,,,,,,,,,,,,,,,,,,,,,,,,,,,,,,,,,,,,,,,,,,,,,,,,,,,,nan,,,,,,,,,,,,,,,
613,2606.459716796875,0.026040153577923775,2.6040153577923775,6598.262447595596,10000,ppo,ppo,crawler,flat,obs_dth_tot_direct,,,,,,,,,,,,,,,0.0021886220039282127,0,781,0.0,0.0,,,,,,,,,,,,,,,,,,,,,,,,,,,,,,,,,,,,,,,,,,,,,,,,,,,,,,,,,,,,,,,,,,,,,,,,,,nan,,,,,,,,,,,,,,,
614,2499.337890625,0.02496514283120632,2.496514283120632,6609.866436481476,10000,ppo,ppo,crawler,flat,obs_dth_tot_direct,,,,,,,,,,,,,,,0.002529406730919151,0,781,0.0,0.0,,,,,,,,,,,,,,,,,,,,,,,,,,,,,,,,,,,,,,,,,,,,,,,,,,,,,,,,,,,,,,,,,,,,,,,,,,nan,,,,,,,,,,,,,,,
615,2421.999755859375,0.02419251576066017,2.419251576066017,6620.822629928589,10000,ppo,ppo,crawler,flat,obs_dth_tot_direct,,,,,,,,,,,,,,,0.0038775655189411304,0,781,0.0,0.0,,,,,,,,,,,,,,,,,,,,,,,,,,,,,,,,,,,,,,,,,,,,,,,,,,,,,,,,,,,,,,,,,,,,,,,,,,nan,,,,,,,,,,,,,,,
616,2634.630859375,0.026317937299609184,2.6317937299609184,6632.071324586868,10000,ppo,ppo,crawler,flat,obs_dth_tot_direct,,,,,,,,,,,,,,,0.0022672962425993614,0,781,0.0,0.0,,,,,,,,,,,,,,,,,,,,,,,,,,,,,,,,,,,,,,,,,,,,,,,,,,,,,,,,,,,,,,,,,,,,,,,,,,nan,,,,,,,,,,,,,,,
617,2524.76611328125,0.025217540562152863,2.5217540562152863,6644.147279500961,10000,ppo,ppo,crawler,flat,obs_dth_tot_direct,,,,,,,,,,,,,,,0.002077439089152764,0,781,0.0,0.0,,,,,,,,,,,,,,,,,,,,,,,,,,,,,,,,,,,,,,,,,,,,,,,,,,,,,,,,,,,,,,,,,,,,,,,,,,nan,,,,,,,,,,,,,,,
618,2574.69140625,0.02571975067257881,2.571975067257881,6656.178763866425,10000,ppo,ppo,crawler,flat,obs_dth_tot_direct,,,,,,,,,,,,,,,0.0016036359524611765,0,781,0.0,0.0,,,,,,,,,,,,,,,,,,,,,,,,,,,,,,,,,,,,,,,,,,,,,,,,,,,,,,,,,,,,,,,,,,,,,,,,,,nan,,,,,,,,,,,,,,,
619,2601.6005859375,0.02598857693374157,2.598857693374157,6667.222372293472,10000,ppo,ppo,crawler,flat,obs_dth_tot_direct,,,,,,,,,,,,,,,0.0014130326706251885,0,781,0.0,0.0,,,,,,,,,,,,,,,,,,,,,,,,,,,,,,,,,,,,,,,,,,,,,,,,,,,,,,,,,,,,,,,,,,,,,,,,,,nan,,,,,,,,,,,,,,,
620,2553.860107421875,0.02551034837961197,2.551034837961197,6678.471418619156,10000,ppo,ppo,crawler,flat,obs_dth_tot_direct,,,,,,,,,,,,,,,0.0019698035796697605,0,781,0.0,0.0,,,,,,,,,,,,,,,,,,,,,,,,,,,,,,,,,,,,,,,,,,,,,,,,,,,,,,,,,,,,,,,,,,,,,,,,,,nan,,,,,,,,,,,,,,,
621,2482.73876953125,0.0247992854565382,2.47992854565382,6690.829337596893,10000,ppo,ppo,crawler,flat,obs_dth_tot_direct,,,,,,,,,,,,,,,0.003416232835514773,0,781,0.0,0.0,,,,,,,,,,,,,,,,,,,,,,,,,,,,,,,,,,,,,,,,,,,,,,,,,,,,,,,,,,,,,,,,,,,,,,,,,,nan,,,,,,,,,,,,,,,
622,2526.182373046875,0.025233034044504166,2.5233034044504166,6701.906609535217,10000,ppo,ppo,crawler,flat,obs_dth_tot_direct,,,,,,,,,,,,,,,0.002457751997659104,0,781,0.0,0.0,,,,,,,,,,,,,,,,,,,,,,,,,,,,,,,,,,,,,,,,,,,,,,,,,,,,,,,,,,,,,,,,,,,,,,,,,,nan,,,,,,,,,,,,,,,
623,2609.459716796875,0.026064369827508926,2.6064369827508926,6713.491996765137,10000,ppo,ppo,crawler,flat,obs_dth_tot_direct,,,,,,,,,,,,,,,0.0013551710820507551,0,781,0.0,0.0,,,,,,,,,,,,,,,,,,,,,,,,,,,,,,,,,,,,,,,,,,,,,,,,,,,,,,,,,,,,,,,,,,,,,,,,,,nan,,,,,,,,,,,,,,,
624,2525.80322265625,0.025226283818483353,2.5226283818483353,6725.115117788315,10000,ppo,ppo,crawler,flat,obs_dth_tot_direct,,,,,,,,,,,,,,,0.002333089888143778,0,781,0.0,0.0,,,,,,,,,,,,,,,,,,,,,,,,,,,,,,,,,,,,,,,,,,,,,,,,,,,,,,,,,,,,,,,,,,,,,,,,,,nan,,,,,,,,,,,,,,,
625,2512.05322265625,0.025092411786317825,2.5092411786317825,6735.74284362793,10000,ppo,ppo,crawler,flat,obs_dth_tot_direct,,,,,,,,,,,,,,,0.0012662594242442682,0,781,0.0,0.0,,,,,,,,,,,,,,,,,,,,,,,,,,,,,,,,,,,,,,,,,,,,,,,,,,,,,,,,,,,,,,,,,,,,,,,,,,nan,,,,,,,,,,,,,,,
626,2582.756591796875,0.025798646733164787,2.5798646733164787,6746.609232664108,10000,ppo,ppo,crawler,flat,obs_dth_tot_direct,,,,,,,,,,,,,,,0.0020928624974550004,0,781,0.0,0.0,,,,,,,,,,,,,,,,,,,,,,,,,,,,,,,,,,,,,,,,,,,,,,,,,,,,,,,,,,,,,,,,,,,,,,,,,,nan,,,,,,,,,,,,,,,
627,2542.8896484375,0.025406863540410995,2.5406863540410995,6758.466433048248,10000,ppo,ppo,crawler,flat,obs_dth_tot_direct,,,,,,,,,,,,,,,0.0023556265726194523,0,781,0.0,0.0,,,,,,,,,,,,,,,,,,,,,,,,,,,,,,,,,,,,,,,,,,,,,,,,,,,,,,,,,,,,,,,,,,,,,,,,,,nan,,,,,,,,,,,,,,,
628,2472.77587890625,0.024697195738554,2.4697195738554,6769.6378083229065,10000,ppo,ppo,crawler,flat,obs_dth_tot_direct,,,,,,,,,,,,,,,0.002487543828632969,0,781,0.0,0.0,,,,,,,,,,,,,,,,,,,,,,,,,,,,,,,,,,,,,,,,,,,,,,,,,,,,,,,,,,,,,,,,,,,,,,,,,,nan,,,,,,,,,,,,,,,
629,2652.96728515625,0.026505354791879654,2.6505354791879654,6781.495473623276,10000,ppo,ppo,crawler,flat,obs_dth_tot_direct,,,,,,,,,,,,,,,0.0010910323908971831,0,781,0.0,0.0,,,,,,,,,,,,,,,,,,,,,,,,,,,,,,,,,,,,,,,,,,,,,,,,,,,,,,,,,,,,,,,,,,,,,,,,,,nan,,,,,,,,,,,,,,,
630,2538.607177734375,0.025360826402902603,2.5360826402902603,6792.545387506485,10000,ppo,ppo,crawler,flat,obs_dth_tot_direct,,,,,,,,,,,,,,,0.0022121618417101805,0,781,0.0,0.0,,,,,,,,,,,,,,,,,,,,,,,,,,,,,,,,,,,,,,,,,,,,,,,,,,,,,,,,,,,,,,,,,,,,,,,,,,nan,,,,,,,,,,,,,,,
631,2515.020751953125,0.02512621134519577,2.512621134519577,6803.758908033371,10000,ppo,ppo,crawler,flat,obs_dth_tot_direct,,,,,,,,,,,,,,,0.0024803375900039155,0,781,0.0,0.0,,,,,,,,,,,,,,,,,,,,,,,,,,,,,,,,,,,,,,,,,,,,,,,,,,,,,,,,,,,,,,,,,,,,,,,,,,nan,,,,,,,,,,,,,,,
632,2546.192138671875,0.025434236973524094,2.5434236973524094,6814.852135896683,10000,ppo,ppo,crawler,flat,obs_dth_tot_direct,,,,,,,,,,,,,,,0.0024564382246715657,0,781,0.0,0.0,,,,,,,,,,,,,,,,,,,,,,,,,,,,,,,,,,,,,,,,,,,,,,,,,,,,,,,,,,,,,,,,,,,,,,,,,,nan,,,,,,,,,,,,,,,
633,2460.591064453125,0.024573849514126778,2.4573849514126778,6825.966522693634,10000,ppo,ppo,crawler,flat,obs_dth_tot_direct,,,,,,,,,,,,,,,0.0023966635949265007,0,781,0.0,0.0,,,,,,,,,,,,,,,,,,,,,,,,,,,,,,,,,,,,,,,,,,,,,,,,,,,,,,,,,,,,,,,,,,,,,,,,,,nan,,,,,,,,,,,,,,,
634,2530.579345703125,0.025278504937887192,2.527850493788719,6838.247452020645,10000,ppo,ppo,crawler,flat,obs_dth_tot_direct,,,,,,,,,,,,,,,0.0030835856336691248,0,781,0.0,0.0,,,,,,,,,,,,,,,,,,,,,,,,,,,,,,,,,,,,,,,,,,,,,,,,,,,,,,,,,,,,,,,,,,,,,,,,,,nan,,,,,,,,,,,,,,,
635,2444.482177734375,0.02441251091659069,2.441251091659069,6850.265307188034,10000,ppo,ppo,crawler,flat,obs_dth_tot_direct,,,,,,,,,,,,,,,0.0041137004038468055,0,781,0.0,0.0,,,,,,,,,,,,,,,,,,,,,,,,,,,,,,,,,,,,,,,,,,,,,,,,,,,,,,,,,,,,,,,,,,,,,,,,,,nan,,,,,,,,,,,,,,,
636,2398.5390625,0.023958764970302582,2.395876497030258,6863.245100259781,10000,ppo,ppo,crawler,flat,obs_dth_tot_direct,,,,,,,,,,,,,,,0.003069411579424634,0,781,0.0,0.0,,,,,,,,,,,,,,,,,,,,,,,,,,,,,,,,,,,,,,,,,,,,,,,,,,,,,,,,,,,,,,,,,,,,,,,,,,nan,,,,,,,,,,,,,,,
637,2397.575439453125,0.023946939036250114,2.3946939036250114,6875.974972486496,10000,ppo,ppo,crawler,flat,obs_dth_tot_direct,,,,,,,,,,,,,,,0.002878273629917535,0,781,0.0,0.0,,,,,,,,,,,,,,,,,,,,,,,,,,,,,,,,,,,,,,,,,,,,,,,,,,,,,,,,,,,,,,,,,,,,,,,,,,nan,,,,,,,,,,,,,,,
638,2594.2421875,0.025916345417499542,2.5916345417499542,6888.161191701889,10000,ppo,ppo,crawler,flat,obs_dth_tot_direct,,,,,,,,,,,,,,,0.0006820840537327457,0,781,0.0,0.0,,,,,,,,,,,,,,,,,,,,,,,,,,,,,,,,,,,,,,,,,,,,,,,,,,,,,,,,,,,,,,,,,,,,,,,,,,nan,,,,,,,,,,,,,,,
639,2560.761474609375,0.025581136345863342,2.5581136345863342,6900.217509031296,10000,ppo,ppo,crawler,flat,obs_dth_tot_direct,,,,,,,,,,,,,,,0.0017218524229131603,0,781,0.0,0.0,,,,,,,,,,,,,,,,,,,,,,,,,,,,,,,,,,,,,,,,,,,,,,,,,,,,,,,,,,,,,,,,,,,,,,,,,,nan,,,,,,,,,,,,,,,
640,2537.120849609375,0.02534596249461174,2.534596249461174,6912.533740520477,10000,ppo,ppo,crawler,flat,obs_dth_tot_direct,,,,,,,,,,,,,,,0.0045761903698354,0,781,0.0,0.0,,,,,,,,,,,,,,,,,,,,,,,,,,,,,,,,,,,,,,,,,,,,,,,,,,,,,,,,,,,,,,,,,,,,,,,,,,nan,,,,,,,,,,,,,,,
641,2484.42919921875,0.024820104241371155,2.4820104241371155,6923.977138757706,10000,ppo,ppo,crawler,flat,obs_dth_tot_direct,,,,,,,,,,,,,,,0.0019973591150960106,0,781,0.0,0.0,,,,,,,,,,,,,,,,,,,,,,,,,,,,,,,,,,,,,,,,,,,,,,,,,,,,,,,,,,,,,,,,,,,,,,,,,,nan,,,,,,,,,,,,,,,
642,2522.77392578125,0.025202805176377296,2.5202805176377296,6935.4007086753845,10000,ppo,ppo,crawler,flat,obs_dth_tot_direct,,,,,,,,,,,,,,,0.002438055564400921,0,781,0.0,0.0,,,,,,,,,,,,,,,,,,,,,,,,,,,,,,,,,,,,,,,,,,,,,,,,,,,,,,,,,,,,,,,,,,,,,,,,,,nan,,,,,,,,,,,,,,,
643,2550.206298828125,0.025472944602370262,2.547294460237026,6946.870130062103,10000,ppo,ppo,crawler,flat,obs_dth_tot_direct,,,,,,,,,,,,,,,0.00212988892446456,0,781,0.0,0.0,,,,,,,,,,,,,,,,,,,,,,,,,,,,,,,,,,,,,,,,,,,,,,,,,,,,,,,,,,,,,,,,,,,,,,,,,,nan,,,,,,,,,,,,,,,
644,2500.621337890625,0.02498217485845089,2.498217485845089,6959.8674330711365,10000,ppo,ppo,crawler,flat,obs_dth_tot_direct,,,,,,,,,,,,,,,0.004659271204882165,0,781,0.0,0.0,,,,,,,,,,,,,,,,,,,,,,,,,,,,,,,,,,,,,,,,,,,,,,,,,,,,,,,,,,,,,,,,,,,,,,,,,,nan,,,,,,,,,,,,,,,
645,2534.56591796875,0.02532479539513588,2.532479539513588,6974.444184780121,10000,ppo,ppo,crawler,flat,obs_dth_tot_direct,,,,,,,,,,,,,,,0.002144181385733442,0,781,0.0,0.0,,,,,,,,,,,,,,,,,,,,,,,,,,,,,,,,,,,,,,,,,,,,,,,,,,,,,,,,,,,,,,,,,,,,,,,,,,nan,,,,,,,,,,,,,,,
646,2477.385009765625,0.024748465046286583,2.4748465046286583,6987.626366853714,10000,ppo,ppo,crawler,flat,obs_dth_tot_direct,,,,,,,,,,,,,,,0.0032836579784474283,0,781,0.0,0.0,,,,,,,,,,,,,,,,,,,,,,,,,,,,,,,,,,,,,,,,,,,,,,,,,,,,,,,,,,,,,,,,,,,,,,,,,,nan,,,,,,,,,,,,,,,
647,2536.154052734375,0.0253334678709507,2.53334678709507,7002.674791097641,10000,ppo,ppo,crawler,flat,obs_dth_tot_direct,,,,,,,,,,,,,,,0.004052905158296874,0,781,0.0,0.0,,,,,,,,,,,,,,,,,,,,,,,,,,,,,,,,,,,,,,,,,,,,,,,,,,,,,,,,,,,,,,,,,,,,,,,,,,nan,,,,,,,,,,,,,,,
648,2611.734375,0.02609146013855934,2.609146013855934,7017.295767068863,10000,ppo,ppo,crawler,flat,obs_dth_tot_direct,,,,,,,,,,,,,,,0.0029673125566505136,0,781,0.0,0.0,,,,,,,,,,,,,,,,,,,,,,,,,,,,,,,,,,,,,,,,,,,,,,,,,,,,,,,,,,,,,,,,,,,,,,,,,,nan,,,,,,,,,,,,,,,
649,2458.095458984375,0.02455538511276245,2.455538511276245,7031.540543079376,10000,ppo,ppo,crawler,flat,obs_dth_tot_direct,,,,,,,,,,,,,,,0.0029597233427101485,0,781,0.0,0.0,,,,,,,,,,,,,,,,,,,,,,,,,,,,,,,,,,,,,,,,,,,,,,,,,,,,,,,,,,,,,,,,,,,,,,,,,,nan,,,,,,,,,,,,,,,
650,2621.552734375,0.02618803083896637,2.618803083896637,7045.123839855194,10000,ppo,ppo,crawler,flat,obs_dth_tot_direct,,,,,,,,,,,,,,,0.0016307342756451937,0,781,0.0,0.0,,,,,,,,,,,,,,,,,,,,,,,,,,,,,,,,,,,,,,,,,,,,,,,,,,,,,,,,,,,,,,,,,,,,,,,,,,nan,,,,,,,,,,,,,,,
651,2546.641845703125,0.02543550916016102,2.543550916016102,7060.4437074661255,10000,ppo,ppo,crawler,flat,obs_dth_tot_direct,,,,,,,,,,,,,,,0.0023995291535735424,0,781,0.0,0.0,,,,,,,,,,,,,,,,,,,,,,,,,,,,,,,,,,,,,,,,,,,,,,,,,,,,,,,,,,,,,,,,,,,,,,,,,,nan,,,,,,,,,,,,,,,
652,2578.768310546875,0.02576129138469696,2.576129138469696,7075.300752401352,10000,ppo,ppo,crawler,flat,obs_dth_tot_direct,,,,,,,,,,,,,,,0.0031723243285897073,0,781,0.0,0.0,,,,,,,,,,,,,,,,,,,,,,,,,,,,,,,,,,,,,,,,,,,,,,,,,,,,,,,,,,,,,,,,,,,,,,,,,,nan,,,,,,,,,,,,,,,
653,2592.758056640625,0.025902163237333298,2.5902163237333298,7090.5476334095,10000,ppo,ppo,crawler,flat,obs_dth_tot_direct,,,,,,,,,,,,,,,0.0010524159237350697,0,781,0.0,0.0,,,,,,,,,,,,,,,,,,,,,,,,,,,,,,,,,,,,,,,,,,,,,,,,,,,,,,,,,,,,,,,,,,,,,,,,,,nan,,,,,,,,,,,,,,,
654,2635.4130859375,0.02632393129169941,2.632393129169941,7105.380941867828,10000,ppo,ppo,crawler,flat,obs_dth_tot_direct,,,,,,,,,,,,,,,0.001516964304769649,0,781,0.0,0.0,,,,,,,,,,,,,,,,,,,,,,,,,,,,,,,,,,,,,,,,,,,,,,,,,,,,,,,,,,,,,,,,,,,,,,,,,,nan,,,,,,,,,,,,,,,
655,2479.395751953125,0.024766601622104645,2.4766601622104645,7120.661486625671,10000,ppo,ppo,crawler,flat,obs_dth_tot_direct,,,,,,,,,,,,,,,0.0076731067945056495,0,781,0.0,0.0,,,,,,,,,,,,,,,,,,,,,,,,,,,,,,,,,,,,,,,,,,,,,,,,,,,,,,,,,,,,,,,,,,,,,,,,,,nan,,,,,,,,,,,,,,,
656,2524.42919921875,0.02521568164229393,2.521568164229393,7135.035127878189,10000,ppo,ppo,crawler,flat,obs_dth_tot_direct,,,,,,,,,,,,,,,0.0013652460942753333,0,781,0.0,0.0,,,,,,,,,,,,,,,,,,,,,,,,,,,,,,,,,,,,,,,,,,,,,,,,,,,,,,,,,,,,,,,,,,,,,,,,,,nan,,,,,,,,,,,,,,,
657,2484.172607421875,0.024816226214170456,2.4816226214170456,7149.9070637226105,10000,ppo,ppo,crawler,flat,obs_dth_tot_direct,,,,,,,,,,,,,,,0.011552254139695323,0,781,0.0,0.0,,,,,,,,,,,,,,,,,,,,,,,,,,,,,,,,,,,,,,,,,,,,,,,,,,,,,,,,,,,,,,,,,,,,,,,,,,nan,,,,,,,,,,,,,,,
658,2529.43017578125,0.025269990786910057,2.5269990786910057,7163.150892972946,10000,ppo,ppo,crawler,flat,obs_dth_tot_direct,,,,,,,,,,,,,,,0.0030514272736829958,0,781,0.0,0.0,,,,,,,,,,,,,,,,,,,,,,,,,,,,,,,,,,,,,,,,,,,,,,,,,,,,,,,,,,,,,,,,,,,,,,,,,,nan,,,,,,,,,,,,,,,
659,2496.1640625,0.024933399632573128,2.4933399632573128,7175.420016050339,10000,ppo,ppo,crawler,flat,obs_dth_tot_direct,,,,,,,,,,,,,,,0.0031276487271485087,0,781,0.0,0.0,,,,,,,,,,,,,,,,,,,,,,,,,,,,,,,,,,,,,,,,,,,,,,,,,,,,,,,,,,,,,,,,,,,,,,,,,,nan,,,,,,,,,,,,,,,
660,2639.838623046875,0.026369769126176834,2.6369769126176834,7187.394822597504,10000,ppo,ppo,crawler,flat,obs_dth_tot_direct,,,,,,,,,,,,,,,0.0040036646317482,0,781,0.0,0.0,,,,,,,,,,,,,,,,,,,,,,,,,,,,,,,,,,,,,,,,,,,,,,,,,,,,,,,,,,,,,,,,,,,,,,,,,,nan,,,,,,,,,,,,,,,
661,2625.999755859375,0.02623208612203598,2.623208612203598,7197.970468044281,10000,ppo,ppo,crawler,flat,obs_dth_tot_direct,,,,,,,,,,,,,,,0.002157667611619647,0,781,0.0,0.0,,,,,,,,,,,,,,,,,,,,,,,,,,,,,,,,,,,,,,,,,,,,,,,,,,,,,,,,,,,,,,,,,,,,,,,,,,nan,,,,,,,,,,,,,,,
662,2606.165283203125,0.026034172624349594,2.6034172624349594,7208.046169996262,10000,ppo,ppo,crawler,flat,obs_dth_tot_direct,,,,,,,,,,,,,,,0.0021544888866922214,0,781,0.0,0.0,,,,,,,,,,,,,,,,,,,,,,,,,,,,,,,,,,,,,,,,,,,,,,,,,,,,,,,,,,,,,,,,,,,,,,,,,,nan,,,,,,,,,,,,,,,
663,2474.13134765625,0.02471325546503067,2.471325546503067,7217.96932888031,10000,ppo,ppo,crawler,flat,obs_dth_tot_direct,,,,,,,,,,,,,,,0.006273384245479075,0,781,0.0,0.0,,,,,,,,,,,,,,,,,,,,,,,,,,,,,,,,,,,,,,,,,,,,,,,,,,,,,,,,,,,,,,,,,,,,,,,,,,nan,,,,,,,,,,,,,,,
664,2471.036376953125,0.02468136139214039,2.468136139214039,7228.336811304092,10000,ppo,ppo,crawler,flat,obs_dth_tot_direct,,,,,,,,,,,,,,,0.002122076230962694,0,781,0.0,0.0,,,,,,,,,,,,,,,,,,,,,,,,,,,,,,,,,,,,,,,,,,,,,,,,,,,,,,,,,,,,,,,,,,,,,,,,,,nan,,,,,,,,,,,,,,,
665,2432.490234375,0.024299293756484985,2.4299293756484985,7238.344525814056,10000,ppo,ppo,crawler,flat,obs_dth_tot_direct,,,,,,,,,,,,,,,0.011788588240311157,0,781,0.0,0.0,,,,,,,,,,,,,,,,,,,,,,,,,,,,,,,,,,,,,,,,,,,,,,,,,,,,,,,,,,,,,,,,,,,,,,,,,,nan,,,,,,,,,,,,,,,
666,2575.89501953125,0.02572985179722309,2.572985179722309,7248.229599952698,10000,ppo,ppo,crawler,flat,obs_dth_tot_direct,,,,,,,,,,,,,,,0.0029700228527762777,0,781,0.0,0.0,,,,,,,,,,,,,,,,,,,,,,,,,,,,,,,,,,,,,,,,,,,,,,,,,,,,,,,,,,,,,,,,,,,,,,,,,,nan,,,,,,,,,,,,,,,
667,2590.353759765625,0.025869209319353104,2.5869209319353104,7258.233757019043,10000,ppo,ppo,crawler,flat,obs_dth_tot_direct,,,,,,,,,,,,,,,0.008264413592767085,0,781,0.0,0.0,,,,,,,,,,,,,,,,,,,,,,,,,,,,,,,,,,,,,,,,,,,,,,,,,,,,,,,,,,,,,,,,,,,,,,,,,,nan,,,,,,,,,,,,,,,
668,2611.990966796875,0.02609107829630375,2.609107829630375,7268.801455497742,10000,ppo,ppo,crawler,flat,obs_dth_tot_direct,,,,,,,,,,,,,,,0.003749105402051737,0,781,0.0,0.0,,,,,,,,,,,,,,,,,,,,,,,,,,,,,,,,,,,,,,,,,,,,,,,,,,,,,,,,,,,,,,,,,,,,,,,,,,nan,,,,,,,,,,,,,,,
669,2421.126708984375,0.024184932932257652,2.4184932932257652,7279.39387178421,10000,ppo,ppo,crawler,flat,obs_dth_tot_direct,,,,,,,,,,,,,,,0.004692389459359873,0,781,0.0,0.0,,,,,,,,,,,,,,,,,,,,,,,,,,,,,,,,,,,,,,,,,,,,,,,,,,,,,,,,,,,,,,,,,,,,,,,,,,nan,,,,,,,,,,,,,,,
670,2529.021484375,0.025265468284487724,2.5265468284487724,7292.74902677536,10000,ppo,ppo,crawler,flat,obs_dth_tot_direct,,,,,,,,,,,,,,,0.0016961329997713629,0,781,0.0,0.0,,,,,,,,,,,,,,,,,,,,,,,,,,,,,,,,,,,,,,,,,,,,,,,,,,,,,,,,,,,,,,,,,,,,,,,,,,nan,,,,,,,,,,,,,,,
671,2462.76220703125,0.02460196428000927,2.460196428000927,7304.782186508179,10000,ppo,ppo,crawler,flat,obs_dth_tot_direct,,,,,,,,,,,,,,,0.0019961032024635203,0,781,0.0,0.0,,,,,,,,,,,,,,,,,,,,,,,,,,,,,,,,,,,,,,,,,,,,,,,,,,,,,,,,,,,,,,,,,,,,,,,,,,nan,,,,,,,,,,,,,,,
672,2524.021484375,0.025214748457074165,2.5214748457074165,7315.639491319656,10000,ppo,ppo,crawler,flat,obs_dth_tot_direct,,,,,,,,,,,,,,,0.00605193849665452,0,781,0.0,0.0,,,,,,,,,,,,,,,,,,,,,,,,,,,,,,,,,,,,,,,,,,,,,,,,,,,,,,,,,,,,,,,,,,,,,,,,,,nan,,,,,,,,,,,,,,,
673,2602.67333984375,0.02599865011870861,2.599865011870861,7326.495867490768,10000,ppo,ppo,crawler,flat,obs_dth_tot_direct,,,,,,,,,,,,,,,0.006233793009247985,0,781,0.0,0.0,,,,,,,,,,,,,,,,,,,,,,,,,,,,,,,,,,,,,,,,,,,,,,,,,,,,,,,,,,,,,,,,,,,,,,,,,,nan,,,,,,,,,,,,,,,
674,2548.084716796875,0.02545168623328209,2.545168623328209,7336.74947309494,10000,ppo,ppo,crawler,flat,obs_dth_tot_direct,,,,,,,,,,,,,,,0.003268563757087408,0,781,0.0,0.0,,,,,,,,,,,,,,,,,,,,,,,,,,,,,,,,,,,,,,,,,,,,,,,,,,,,,,,,,,,,,,,,,,,,,,,,,,nan,,,,,,,,,,,,,,,
675,2531.302490234375,0.02528645657002926,2.528645657002926,7347.149264097214,10000,ppo,ppo,crawler,flat,obs_dth_tot_direct,,,,,,,,,,,,,,,0.008139851939417353,0,781,0.0,0.0,,,,,,,,,,,,,,,,,,,,,,,,,,,,,,,,,,,,,,,,,,,,,,,,,,,,,,,,,,,,,,,,,,,,,,,,,,nan,,,,,,,,,,,,,,,
676,2486.19140625,0.024833612143993378,2.4833612143993378,7357.905047893524,10000,ppo,ppo,crawler,flat,obs_dth_tot_direct,,,,,,,,,,,,,,,0.0032587945078936063,0,781,0.0,0.0,,,,,,,,,,,,,,,,,,,,,,,,,,,,,,,,,,,,,,,,,,,,,,,,,,,,,,,,,,,,,,,,,,,,,,,,,,nan,,,,,,,,,,,,,,,
677,2422.315185546875,0.024200744926929474,2.4200744926929474,7368.712386369705,10000,ppo,ppo,crawler,flat,obs_dth_tot_direct,,,,,,,,,,,,,,,0.006773556489402398,0,781,0.0,0.0,,,,,,,,,,,,,,,,,,,,,,,,,,,,,,,,,,,,,,,,,,,,,,,,,,,,,,,,,,,,,,,,,,,,,,,,,,nan,,,,,,,,,,,,,,,
678,2726.785888671875,0.027239639312028885,2.7239639312028885,7379.483379602432,10000,ppo,ppo,crawler,flat,obs_dth_tot_direct,,,,,,,,,,,,,,,0.0027432423757511267,0,781,0.0,0.0,,,,,,,,,,,,,,,,,,,,,,,,,,,,,,,,,,,,,,,,,,,,,,,,,,,,,,,,,,,,,,,,,,,,,,,,,,nan,,,,,,,,,,,,,,,
679,2557.21533203125,0.02554507926106453,2.554507926106453,7390.623736619949,10000,ppo,ppo,crawler,flat,obs_dth_tot_direct,,,,,,,,,,,,,,,0.0023970724124362736,0,781,0.0,0.0,,,,,,,,,,,,,,,,,,,,,,,,,,,,,,,,,,,,,,,,,,,,,,,,,,,,,,,,,,,,,,,,,,,,,,,,,,nan,,,,,,,,,,,,,,,
680,2531.8505859375,0.025289621204137802,2.52896212041378,7401.305777549744,10000,ppo,ppo,crawler,flat,obs_dth_tot_direct,,,,,,,,,,,,,,,0.0024817317922234566,0,781,0.0,0.0,,,,,,,,,,,,,,,,,,,,,,,,,,,,,,,,,,,,,,,,,,,,,,,,,,,,,,,,,,,,,,,,,,,,,,,,,,nan,,,,,,,,,,,,,,,
681,2605.027099609375,0.02602137066423893,2.602137066423893,7412.0735602378845,10000,ppo,ppo,crawler,flat,obs_dth_tot_direct,,,,,,,,,,,,,,,0.004673676938925292,0,781,0.0,0.0,,,,,,,,,,,,,,,,,,,,,,,,,,,,,,,,,,,,,,,,,,,,,,,,,,,,,,,,,,,,,,,,,,,,,,,,,,nan,,,,,,,,,,,,,,,
682,2529.563232421875,0.02526814676821232,2.526814676821232,7422.993490457535,10000,ppo,ppo,crawler,flat,obs_dth_tot_direct,,,,,,,,,,,,,,,0.005409363669179477,0,781,0.0,0.0,,,,,,,,,,,,,,,,,,,,,,,,,,,,,,,,,,,,,,,,,,,,,,,,,,,,,,,,,,,,,,,,,,,,,,,,,,nan,,,,,,,,,,,,,,,
683,2565.472412109375,0.025626519694924355,2.5626519694924355,7433.390993356705,10000,ppo,ppo,crawler,flat,obs_dth_tot_direct,,,,,,,,,,,,,,,0.005520503988738289,0,781,0.0,0.0,,,,,,,,,,,,,,,,,,,,,,,,,,,,,,,,,,,,,,,,,,,,,,,,,,,,,,,,,,,,,,,,,,,,,,,,,,nan,,,,,,,,,,,,,,,
684,2618.512939453125,0.026156963780522346,2.6156963780522346,7444.505152225494,10000,ppo,ppo,crawler,flat,obs_dth_tot_direct,,,,,,,,,,,,,,,0.001986707070741472,0,781,0.0,0.0,,,,,,,,,,,,,,,,,,,,,,,,,,,,,,,,,,,,,,,,,,,,,,,,,,,,,,,,,,,,,,,,,,,,,,,,,,nan,,,,,,,,,,,,,,,
685,2527.781982421875,0.025249283760786057,2.5249283760786057,7455.4232811927795,10000,ppo,ppo,crawler,flat,obs_dth_tot_direct,,,,,,,,,,,,,,,0.009167381039970118,0,781,0.0,0.0,,,,,,,,,,,,,,,,,,,,,,,,,,,,,,,,,,,,,,,,,,,,,,,,,,,,,,,,,,,,,,,,,,,,,,,,,,nan,,,,,,,,,,,,,,,
686,2531.7802734375,0.025289282202720642,2.528928220272064,7466.409974098206,10000,ppo,ppo,crawler,flat,obs_dth_tot_direct,,,,,,,,,,,,,,,0.04873621507992216,0,781,0.0,0.0,,,,,,,,,,,,,,,,,,,,,,,,,,,,,,,,,,,,,,,,,,,,,,,,,,,,,,,,,,,,,,,,,,,,,,,,,,nan,,,,,,,,,,,,,,,
687,2521.447265625,0.025185145437717438,2.5185145437717438,7478.686547756195,10000,ppo,ppo,crawler,flat,obs_dth_tot_direct,,,,,,,,,,,,,,,0.09449964612085913,0,781,0.0,0.0,,,,,,,,,,,,,,,,,,,,,,,,,,,,,,,,,,,,,,,,,,,,,,,,,,,,,,,,,,,,,,,,,,,,,,,,,,nan,,,,,,,,,,,,,,,
688,2483.897216796875,0.02481084316968918,2.481084316968918,7489.569864749908,10000,ppo,ppo,crawler,flat,obs_dth_tot_direct,,,,,,,,,,,,,,,0.10605568010751795,0,781,0.0,0.0,,,,,,,,,,,,,,,,,,,,,,,,,,,,,,,,,,,,,,,,,,,,,,,,,,,,,,,,,,,,,,,,,,,,,,,,,,nan,,,,,,,,,,,,,,,
689,2501.31884765625,0.024990133941173553,2.4990133941173553,7499.627479314804,10000,ppo,ppo,crawler,flat,obs_dth_tot_direct,,,,,,,,,,,,,,,0.11775942781547183,0,781,0.0,0.0,,,,,,,,,,,,,,,,,,,,,,,,,,,,,,,,,,,,,,,,,,,,,,,,,,,,,,,,,,,,,,,,,,,,,,,,,,nan,,,,,,,,,,,,,,,
690,2613.800537109375,0.026110868901014328,2.611086890101433,7510.771245241165,10000,ppo,ppo,crawler,flat,obs_dth_tot_direct,,,,,,,,,,,,,,,0.03962640357970692,0,781,0.0,0.0,,,,,,,,,,,,,,,,,,,,,,,,,,,,,,,,,,,,,,,,,,,,,,,,,,,,,,,,,,,,,,,,,,,,,,,,,,nan,,,,,,,,,,,,,,,
691,2592.747314453125,0.025898363441228867,2.5898363441228867,7522.279041528702,10000,ppo,ppo,crawler,flat,obs_dth_tot_direct,,,,,,,,,,,,,,,0.10408225588048627,0,781,0.0,0.0,,,,,,,,,,,,,,,,,,,,,,,,,,,,,,,,,,,,,,,,,,,,,,,,,,,,,,,,,,,,,,,,,,,,,,,,,,nan,,,,,,,,,,,,,,,
692,2549.927978515625,0.025468813255429268,2.546881325542927,7533.17351269722,10000,ppo,ppo,crawler,flat,obs_dth_tot_direct,,,,,,,,,,,,,,,0.0810795888384569,0,781,0.0,0.0,,,,,,,,,,,,,,,,,,,,,,,,,,,,,,,,,,,,,,,,,,,,,,,,,,,,,,,,,,,,,,,,,,,,,,,,,,nan,,,,,,,,,,,,,,,
693,2527.1123046875,0.02524680458009243,2.524680458009243,7545.361001968384,10000,ppo,ppo,crawler,flat,obs_dth_tot_direct,,,,,,,,,,,,,,,0.03784249223720714,0,781,0.0,0.0,,,,,,,,,,,,,,,,,,,,,,,,,,,,,,,,,,,,,,,,,,,,,,,,,,,,,,,,,,,,,,,,,,,,,,,,,,nan,,,,,,,,,,,,,,,
694,2471.389404296875,0.024686375632882118,2.468637563288212,7556.036052703857,10000,ppo,ppo,crawler,flat,obs_dth_tot_direct,,,,,,,,,,,,,,,0.022248422988122074,0,781,0.0,0.0,,,,,,,,,,,,,,,,,,,,,,,,,,,,,,,,,,,,,,,,,,,,,,,,,,,,,,,,,,,,,,,,,,,,,,,,,,nan,,,,,,,,,,,,,,,
695,2548.159423828125,0.025454288348555565,2.5454288348555565,7570.143503665924,10000,ppo,ppo,crawler,flat,obs_dth_tot_direct,,,,,,,,,,,,,,,0.019787315093592005,0,781,0.0,0.0,,,,,,,,,,,,,,,,,,,,,,,,,,,,,,,,,,,,,,,,,,,,,,,,,,,,,,,,,,,,,,,,,,,,,,,,,,nan,,,,,,,,,,,,,,,
696,2507.958984375,0.025049302726984024,2.5049302726984024,7580.100120782852,10000,ppo,ppo,crawler,flat,obs_dth_tot_direct,,,,,,,,,,,,,,,0.007206972708727207,0,781,0.0,0.0,,,,,,,,,,,,,,,,,,,,,,,,,,,,,,,,,,,,,,,,,,,,,,,,,,,,,,,,,,,,,,,,,,,,,,,,,,nan,,,,,,,,,,,,,,,
697,2611.71484375,0.02608904428780079,2.608904428780079,7590.405283689499,10000,ppo,ppo,crawler,flat,obs_dth_tot_direct,,,,,,,,,,,,,,,0.024936137695471986,0,781,0.0,0.0,,,,,,,,,,,,,,,,,,,,,,,,,,,,,,,,,,,,,,,,,,,,,,,,,,,,,,,,,,,,,,,,,,,,,,,,,,nan,,,,,,,,,,,,,,,
698,2664.696044921875,0.026620129123330116,2.6620129123330116,7601.554887771606,10000,ppo,ppo,crawler,flat,obs_dth_tot_direct,,,,,,,,,,,,,,,0.0012271005037777223,0,781,0.0,0.0,,,,,,,,,,,,,,,,,,,,,,,,,,,,,,,,,,,,,,,,,,,,,,,,,,,,,,,,,,,,,,,,,,,,,,,,,,nan,,,,,,,,,,,,,,,
699,2522.833984375,0.025201452895998955,2.5201452895998955,7611.940854549408,10000,ppo,ppo,crawler,flat,obs_dth_tot_direct,,,,,,,,,,,,,,,0.016881497277819794,0,781,0.0,0.0,,,,,,,,,,,,,,,,,,,,,,,,,,,,,,,,,,,,,,,,,,,,,,,,,,,,,,,,,,,,,,,,,,,,,,,,,,nan,,,,,,,,,,,,,,,
700,2439.631591796875,0.024368898943066597,2.4368898943066597,7622.619382143021,10000,ppo,ppo,crawler,flat,obs_dth_tot_direct,,,,,,,,,,,,,,,0.0032614099761610078,0,781,0.0,0.0,,,,,,,,,,,,,,,,,,,,,,,,,,,,,,,,,,,,,,,,,,,,,,,,,,,,,,,,,,,,,,,,,,,,,,,,,,nan,,,,,,,,,,,,,,,
701,2609.248046875,0.026066062971949577,2.6066062971949577,7633.904276847839,10000,ppo,ppo,crawler,flat,obs_dth_tot_direct,,,,,,,,,,,,,,,0.0038145816567326774,0,781,0.0,0.0,,,,,,,,,,,,,,,,,,,,,,,,,,,,,,,,,,,,,,,,,,,,,,,,,,,,,,,,,,,,,,,,,,,,,,,,,,nan,,,,,,,,,,,,,,,
702,2560.075439453125,0.025567449629306793,2.5567449629306793,7647.587553501129,10000,ppo,ppo,crawler,flat,obs_dth_tot_direct,,,,,,,,,,,,,,,0.010121587553007436,0,781,0.0,0.0,,,,,,,,,,,,,,,,,,,,,,,,,,,,,,,,,,,,,,,,,,,,,,,,,,,,,,,,,,,,,,,,,,,,,,,,,,nan,,,,,,,,,,,,,,,
703,2639.17626953125,0.026361625641584396,2.6361625641584396,7660.366116523743,10000,ppo,ppo,crawler,flat,obs_dth_tot_direct,,,,,,,,,,,,,,,0.0018426514123327208,0,781,0.0,0.0,,,,,,,,,,,,,,,,,,,,,,,,,,,,,,,,,,,,,,,,,,,,,,,,,,,,,,,,,,,,,,,,,,,,,,,,,,nan,,,,,,,,,,,,,,,
704,2572.875732421875,0.025705358013510704,2.5705358013510704,7672.862275838852,10000,ppo,ppo,crawler,flat,obs_dth_tot_direct,,,,,,,,,,,,,,,0.030910607790355316,0,781,0.0,0.0,,,,,,,,,,,,,,,,,,,,,,,,,,,,,,,,,,,,,,,,,,,,,,,,,,,,,,,,,,,,,,,,,,,,,,,,,,nan,,,,,,,,,,,,,,,
705,2562.700927734375,0.025598546490073204,2.5598546490073204,7684.752210617065,10000,ppo,ppo,crawler,flat,obs_dth_tot_direct,,,,,,,,,,,,,,,0.06738522881261882,0,781,0.0,0.0,,,,,,,,,,,,,,,,,,,,,,,,,,,,,,,,,,,,,,,,,,,,,,,,,,,,,,,,,,,,,,,,,,,,,,,,,,nan,,,,,,,,,,,,,,,
706,2551.102294921875,0.025484751909971237,2.5484751909971237,7696.627787351608,10000,ppo,ppo,crawler,flat,obs_dth_tot_direct,,,,,,,,,,,,,,,0.1063406852308885,0,781,0.0,0.0,,,,,,,,,,,,,,,,,,,,,,,,,,,,,,,,,,,,,,,,,,,,,,,,,,,,,,,,,,,,,,,,,,,,,,,,,,nan,,,,,,,,,,,,,,,
707,2589.772216796875,0.025868089869618416,2.5868089869618416,7709.186398744583,10000,ppo,ppo,crawler,flat,obs_dth_tot_direct,,,,,,,,,,,,,,,0.10195220106399246,0,781,0.0,0.0,,,,,,,,,,,,,,,,,,,,,,,,,,,,,,,,,,,,,,,,,,,,,,,,,,,,,,,,,,,,,,,,,,,,,,,,,,nan,,,,,,,,,,,,,,,
708,2540.986328125,0.025383375585079193,2.5383375585079193,7721.740425825119,10000,ppo,ppo,crawler,flat,obs_dth_tot_direct,,,,,,,,,,,,,,,0.1204082584673379,0,781,0.0,0.0,,,,,,,,,,,,,,,,,,,,,,,,,,,,,,,,,,,,,,,,,,,,,,,,,,,,,,,,,,,,,,,,,,,,,,,,,,nan,,,,,,,,,,,,,,,
709,2633.84912109375,0.026312721893191338,2.6312721893191338,7733.706317424774,10000,ppo,ppo,crawler,flat,obs_dth_tot_direct,,,,,,,,,,,,,,,0.12636651956311112,0,781,0.0,0.0,,,,,,,,,,,,,,,,,,,,,,,,,,,,,,,,,,,,,,,,,,,,,,,,,,,,,,,,,,,,,,,,,,,,,,,,,,nan,,,,,,,,,,,,,,,
710,2633.923095703125,0.0263132955878973,2.63132955878973,7745.4932272434235,10000,ppo,ppo,crawler,flat,obs_dth_tot_direct,,,,,,,,,,,,,,,0.14637441560983772,0,781,0.0,0.0,,,,,,,,,,,,,,,,,,,,,,,,,,,,,,,,,,,,,,,,,,,,,,,,,,,,,,,,,,,,,,,,,,,,,,,,,,nan,,,,,,,,,,,,,,,
711,2536.17041015625,0.02533496916294098,2.533496916294098,7757.123433351517,10000,ppo,ppo,crawler,flat,obs_dth_tot_direct,,,,,,,,,,,,,,,0.18333333414182296,0,781,0.0,0.0,,,,,,,,,,,,,,,,,,,,,,,,,,,,,,,,,,,,,,,,,,,,,,,,,,,,,,,,,,,,,,,,,,,,,,,,,,nan,,,,,,,,,,,,,,,
712,2759.567626953125,0.027564257383346558,2.7564257383346558,7769.313631534576,10000,ppo,ppo,crawler,flat,obs_dth_tot_direct,,,,,,,,,,,,,,,0.215611657853573,0,781,0.0,0.0,,,,,,,,,,,,,,,,,,,,,,,,,,,,,,,,,,,,,,,,,,,,,,,,,,,,,,,,,,,,,,,,,,,,,,,,,,nan,,,,,,,,,,,,,,,
713,2670.781494140625,0.02667173370718956,2.667173370718956,7781.263736486435,10000,ppo,ppo,crawler,flat,obs_dth_tot_direct,,,,,,,,,,,,,,,0.23503451196018982,0,781,0.0,0.0,,,,,,,,,,,,,,,,,,,,,,,,,,,,,,,,,,,,,,,,,,,,,,,,,,,,,,,,,,,,,,,,,,,,,,,,,,nan,,,,,,,,,,,,,,,
714,2647.070068359375,0.0264412984251976,2.64412984251976,7792.545340538025,10000,ppo,ppo,crawler,flat,obs_dth_tot_direct,,,,,,,,,,,,,,,0.2434517732092803,0,781,0.0,0.0,,,,,,,,,,,,,,,,,,,,,,,,,,,,,,,,,,,,,,,,,,,,,,,,,,,,,,,,,,,,,,,,,,,,,,,,,,nan,,,,,,,,,,,,,,,
715,2723.468017578125,0.02721129171550274,2.721129171550274,7805.444920539856,10000,ppo,ppo,crawler,flat,obs_dth_tot_direct,,,,,,,,,,,,,,,0.28955215794077827,0,781,0.0,0.0,,,,,,,,,,,,,,,,,,,,,,,,,,,,,,,,,,,,,,,,,,,,,,,,,,,,,,,,,,,,,,,,,,,,,,,,,,nan,,,,,,,,,,,,,,,
716,2650.710205078125,0.02647833153605461,2.647833153605461,7817.7896337509155,10000,ppo,ppo,crawler,flat,obs_dth_tot_direct,,,,,,,,,,,,,,,0.27257998573156156,0,781,0.0,0.0,,,,,,,,,,,,,,,,,,,,,,,,,,,,,,,,,,,,,,,,,,,,,,,,,,,,,,,,,,,,,,,,,,,,,,,,,,nan,,,,,,,,,,,,,,,
717,2687.876220703125,0.026852380484342575,2.6852380484342575,7830.057178497314,10000,ppo,ppo,crawler,flat,obs_dth_tot_direct,,,,,,,,,,,,,,,0.26306738457086504,0,781,0.0,0.0,,,,,,,,,,,,,,,,,,,,,,,,,,,,,,,,,,,,,,,,,,,,,,,,,,,,,,,,,,,,,,,,,,,,,,,,,,nan,,,,,,,,,,,,,,,
718,2610.464599609375,0.026079021394252777,2.6079021394252777,7843.045664310455,10000,ppo,ppo,crawler,flat,obs_dth_tot_direct,,,,,,,,,,,,,,,0.28793240127099995,0,781,0.0,0.0,,,,,,,,,,,,,,,,,,,,,,,,,,,,,,,,,,,,,,,,,,,,,,,,,,,,,,,,,,,,,,,,,,,,,,,,,,nan,,,,,,,,,,,,,,,
719,2678.46923828125,0.026753181591629982,2.675318159162998,7854.103147983551,10000,ppo,ppo,crawler,flat,obs_dth_tot_direct,,,,,,,,,,,,,,,0.2823560775027201,0,781,0.0,0.0,,,,,,,,,,,,,,,,,,,,,,,,,,,,,,,,,,,,,,,,,,,,,,,,,,,,,,,,,,,,,,,,,,,,,,,,,,nan,,,,,,,,,,,,,,,
720,2589.631103515625,0.025867022573947906,2.5867022573947906,7863.74319601059,10000,ppo,ppo,crawler,flat,obs_dth_tot_direct,,,,,,,,,,,,,,,0.29457361814947547,0,781,0.0,0.0,,,,,,,,,,,,,,,,,,,,,,,,,,,,,,,,,,,,,,,,,,,,,,,,,,,,,,,,,,,,,,,,,,,,,,,,,,nan,,,,,,,,,,,,,,,
721,2500.967529296875,0.024986501783132553,2.4986501783132553,7877.475873708725,10000,ppo,ppo,crawler,flat,obs_dth_tot_direct,,,,,,,,,,,,,,,0.27210374180213803,0,781,0.0,0.0,,,,,,,,,,,,,,,,,,,,,,,,,,,,,,,,,,,,,,,,,,,,,,,,,,,,,,,,,,,,,,,,,,,,,,,,,,nan,,,,,,,,,,,,,,,
722,2553.59619140625,0.025505613535642624,2.5505613535642624,7889.753465175629,10000,ppo,ppo,crawler,flat,obs_dth_tot_direct,,,,,,,,,,,,,,,0.28063729288153083,0,781,0.0,0.0,,,,,,,,,,,,,,,,,,,,,,,,,,,,,,,,,,,,,,,,,,,,,,,,,,,,,,,,,,,,,,,,,,,,,,,,,,nan,,,,,,,,,,,,,,,
723,2516.306396484375,0.025134403258562088,2.513440325856209,7903.970770597458,10000,ppo,ppo,crawler,flat,obs_dth_tot_direct,,,,,,,,,,,,,,,0.3013096665453748,0,781,0.0,0.0,,,,,,,,,,,,,,,,,,,,,,,,,,,,,,,,,,,,,,,,,,,,,,,,,,,,,,,,,,,,,,,,,,,,,,,,,,nan,,,,,,,,,,,,,,,
724,2630.00146484375,0.026272308081388474,2.6272308081388474,7920.664419412613,10000,ppo,ppo,crawler,flat,obs_dth_tot_direct,,,,,,,,,,,,,,,0.3075888641352262,0,781,0.0,0.0,,,,,,,,,,,,,,,,,,,,,,,,,,,,,,,,,,,,,,,,,,,,,,,,,,,,,,,,,,,,,,,,,,,,,,,,,,nan,,,,,,,,,,,,,,,
725,2421.0302734375,0.02418486587703228,2.418486587703228,7939.804310798645,10000,ppo,ppo,crawler,flat,obs_dth_tot_direct,,,,,,,,,,,,,,,0.3275056737071519,0,781,0.0,0.0,,,,,,,,,,,,,,,,,,,,,,,,,,,,,,,,,,,,,,,,,,,,,,,,,,,,,,,,,,,,,,,,,,,,,,,,,,nan,,,,,,,,,,,,,,,
726,2567.543701171875,0.02564636804163456,2.564636804163456,7954.916287183762,10000,ppo,ppo,crawler,flat,obs_dth_tot_direct,,,,,,,,,,,,,,,0.35199053063464,0,781,0.0,0.0,,,,,,,,,,,,,,,,,,,,,,,,,,,,,,,,,,,,,,,,,,,,,,,,,,,,,,,,,,,,,,,,,,,,,,,,,,nan,,,,,,,,,,,,,,,
727,2555.833984375,0.025528185069561005,2.5528185069561005,7966.72872877121,10000,ppo,ppo,crawler,flat,obs_dth_tot_direct,,,,,,,,,,,,,,,0.2857124950809726,0,781,0.0,0.0,,,,,,,,,,,,,,,,,,,,,,,,,,,,,,,,,,,,,,,,,,,,,,,,,,,,,,,,,,,,,,,,,,,,,,,,,,nan,,,,,,,,,,,,,,,
728,2559.47412109375,0.025568578392267227,2.5568578392267227,7978.339766025543,10000,ppo,ppo,crawler,flat,obs_dth_tot_direct,,,,,,,,,,,,,,,0.2847354669590369,0,781,0.0,0.0,,,,,,,,,,,,,,,,,,,,,,,,,,,,,,,,,,,,,,,,,,,,,,,,,,,,,,,,,,,,,,,,,,,,,,,,,,nan,,,,,,,,,,,,,,,
729,2636.217529296875,0.026335792616009712,2.633579261600971,7990.085583686829,10000,ppo,ppo,crawler,flat,obs_dth_tot_direct,,,,,,,,,,,,,,,0.26767764343726885,0,781,0.0,0.0,,,,,,,,,,,,,,,,,,,,,,,,,,,,,,,,,,,,,,,,,,,,,,,,,,,,,,,,,,,,,,,,,,,,,,,,,,nan,,,,,,,,,,,,,,,
730,2439.244873046875,0.024363121017813683,2.4363121017813683,8002.367816448212,10000,ppo,ppo,crawler,flat,obs_dth_tot_direct,,,,,,,,,,,,,,,0.25339997854748136,0,781,0.0,0.0,,,,,,,,,,,,,,,,,,,,,,,,,,,,,,,,,,,,,,,,,,,,,,,,,,,,,,,,,,,,,,,,,,,,,,,,,,nan,,,,,,,,,,,,,,,
731,2479.48486328125,0.02477014623582363,2.477014623582363,8013.6782903671265,10000,ppo,ppo,crawler,flat,obs_dth_tot_direct,,,,,,,,,,,,,,,0.12994179166865236,0,781,0.0,0.0,,,,,,,,,,,,,,,,,,,,,,,,,,,,,,,,,,,,,,,,,,,,,,,,,,,,,,,,,,,,,,,,,,,,,,,,,,nan,,,,,,,,,,,,,,,
732,2617.095458984375,0.02614189125597477,2.614189125597477,8025.050280332565,10000,ppo,ppo,crawler,flat,obs_dth_tot_direct,,,,,,,,,,,,,,,0.052687103829094535,0,781,0.0,0.0,,,,,,,,,,,,,,,,,,,,,,,,,,,,,,,,,,,,,,,,,,,,,,,,,,,,,,,,,,,,,,,,,,,,,,,,,,nan,,,,,,,,,,,,,,,
733,2576.981201171875,0.025740057229995728,2.5740057229995728,8037.04748749733,10000,ppo,ppo,crawler,flat,obs_dth_tot_direct,,,,,,,,,,,,,,,0.03058632872289565,0,781,0.0,0.0,,,,,,,,,,,,,,,,,,,,,,,,,,,,,,,,,,,,,,,,,,,,,,,,,,,,,,,,,,,,,,,,,,,,,,,,,,nan,,,,,,,,,,,,,,,
734,2591.090576171875,0.02587916888296604,2.587916888296604,8049.285588264465,10000,ppo,ppo,crawler,flat,obs_dth_tot_direct,,,,,,,,,,,,,,,0.004634718709441514,0,781,0.0,0.0,,,,,,,,,,,,,,,,,,,,,,,,,,,,,,,,,,,,,,,,,,,,,,,,,,,,,,,,,,,,,,,,,,,,,,,,,,nan,,,,,,,,,,,,,,,
735,2565.726806640625,0.025628283619880676,2.5628283619880676,8062.438483715057,10000,ppo,ppo,crawler,flat,obs_dth_tot_direct,,,,,,,,,,,,,,,0.006829887830083486,0,781,0.0,0.0,,,,,,,,,,,,,,,,,,,,,,,,,,,,,,,,,,,,,,,,,,,,,,,,,,,,,,,,,,,,,,,,,,,,,,,,,,nan,,,,,,,,,,,,,,,
736,2507.512451171875,0.025049136951565742,2.5049136951565742,8075.103303909302,10000,ppo,ppo,crawler,flat,obs_dth_tot_direct,,,,,,,,,,,,,,,0.0382145594233613,0,781,0.0,0.0,,,,,,,,,,,,,,,,,,,,,,,,,,,,,,,,,,,,,,,,,,,,,,,,,,,,,,,,,,,,,,,,,,,,,,,,,,nan,,,,,,,,,,,,,,,
737,2549.0703125,0.02546188235282898,2.546188235282898,8086.294733285904,10000,ppo,ppo,crawler,flat,obs_dth_tot_direct,,,,,,,,,,,,,,,0.00461327236453505,0,781,0.0,0.0,,,,,,,,,,,,,,,,,,,,,,,,,,,,,,,,,,,,,,,,,,,,,,,,,,,,,,,,,,,,,,,,,,,,,,,,,,nan,,,,,,,,,,,,,,,
738,2517.908447265625,0.025153616443276405,2.5153616443276405,8096.710249423981,10000,ppo,ppo,crawler,flat,obs_dth_tot_direct,,,,,,,,,,,,,,,0.0034321110031392222,0,781,0.0,0.0,,,,,,,,,,,,,,,,,,,,,,,,,,,,,,,,,,,,,,,,,,,,,,,,,,,,,,,,,,,,,,,,,,,,,,,,,,nan,,,,,,,,,,,,,,,
739,2596.015869140625,0.025931408628821373,2.5931408628821373,8107.6071491241455,10000,ppo,ppo,crawler,flat,obs_dth_tot_direct,,,,,,,,,,,,,,,0.003546280576780417,0,781,0.0,0.0,,,,,,,,,,,,,,,,,,,,,,,,,,,,,,,,,,,,,,,,,,,,,,,,,,,,,,,,,,,,,,,,,,,,,,,,,,nan,,,,,,,,,,,,,,,
740,2559.369873046875,0.025567196309566498,2.55671963095665,8118.674220323563,10000,ppo,ppo,crawler,flat,obs_dth_tot_direct,,,,,,,,,,,,,,,0.0045936507134574315,0,781,0.0,0.0,,,,,,,,,,,,,,,,,,,,,,,,,,,,,,,,,,,,,,,,,,,,,,,,,,,,,,,,,,,,,,,,,,,,,,,,,,nan,,,,,,,,,,,,,,,
741,2622.62548828125,0.026201434433460236,2.6201434433460236,8129.2268896102905,10000,ppo,ppo,crawler,flat,obs_dth_tot_direct,,,,,,,,,,,,,,,0.0034709087727994897,0,781,0.0,0.0,,,,,,,,,,,,,,,,,,,,,,,,,,,,,,,,,,,,,,,,,,,,,,,,,,,,,,,,,,,,,,,,,,,,,,,,,,nan,,,,,,,,,,,,,,,
742,2583.230224609375,0.025802727788686752,2.5802727788686752,8141.313703536987,10000,ppo,ppo,crawler,flat,obs_dth_tot_direct,,,,,,,,,,,,,,,0.005609727713917996,0,781,0.0,0.0,,,,,,,,,,,,,,,,,,,,,,,,,,,,,,,,,,,,,,,,,,,,,,,,,,,,,,,,,,,,,,,,,,,,,,,,,,nan,,,,,,,,,,,,,,,
743,2548.803466796875,0.025458311662077904,2.5458311662077904,8151.946127414703,10000,ppo,ppo,crawler,flat,obs_dth_tot_direct,,,,,,,,,,,,,,,0.006915054425530711,0,781,0.0,0.0,,,,,,,,,,,,,,,,,,,,,,,,,,,,,,,,,,,,,,,,,,,,,,,,,,,,,,,,,,,,,,,,,,,,,,,,,,nan,,,,,,,,,,,,,,,
744,2495.949951171875,0.024930516257882118,2.493051625788212,8161.693122148514,10000,ppo,ppo,crawler,flat,obs_dth_tot_direct,,,,,,,,,,,,,,,0.003933736475438156,0,781,0.0,0.0,,,,,,,,,,,,,,,,,,,,,,,,,,,,,,,,,,,,,,,,,,,,,,,,,,,,,,,,,,,,,,,,,,,,,,,,,,nan,,,,,,,,,,,,,,,
745,2610.6240234375,0.02608056552708149,2.608056552708149,8172.064994812012,10000,ppo,ppo,crawler,flat,obs_dth_tot_direct,,,,,,,,,,,,,,,0.0024204396355022805,0,781,0.0,0.0,,,,,,,,,,,,,,,,,,,,,,,,,,,,,,,,,,,,,,,,,,,,,,,,,,,,,,,,,,,,,,,,,,,,,,,,,,nan,,,,,,,,,,,,,,,
746,2626.908203125,0.026244020089507103,2.6244020089507103,8182.6330025196075,10000,ppo,ppo,crawler,flat,obs_dth_tot_direct,,,,,,,,,,,,,,,0.0021101274613267215,0,781,0.0,0.0,,,,,,,,,,,,,,,,,,,,,,,,,,,,,,,,,,,,,,,,,,,,,,,,,,,,,,,,,,,,,,,,,,,,,,,,,,nan,,,,,,,,,,,,,,,
747,2439.380126953125,0.024367962032556534,2.4367962032556534,8192.997125864029,10000,ppo,ppo,crawler,flat,obs_dth_tot_direct,,,,,,,,,,,,,,,0.009092494276859476,0,781,0.0,0.0,,,,,,,,,,,,,,,,,,,,,,,,,,,,,,,,,,,,,,,,,,,,,,,,,,,,,,,,,,,,,,,,,,,,,,,,,,nan,,,,,,,,,,,,,,,
748,2561.276611328125,0.025589032098650932,2.5589032098650932,8203.617716789246,10000,ppo,ppo,crawler,flat,obs_dth_tot_direct,,,,,,,,,,,,,,,0.0039054867713354787,0,781,0.0,0.0,,,,,,,,,,,,,,,,,,,,,,,,,,,,,,,,,,,,,,,,,,,,,,,,,,,,,,,,,,,,,,,,,,,,,,,,,,nan,,,,,,,,,,,,,,,
749,2623.578125,0.026205474510788918,2.6205474510788918,8213.503419399261,10000,ppo,ppo,crawler,flat,obs_dth_tot_direct,,,,,,,,,,,,,,,0.002154281994464814,0,781,0.0,0.0,,,,,,,,,,,,,,,,,,,,,,,,,,,,,,,,,,,,,,,,,,,,,,,,,,,,,,,,,,,,,,,,,,,,,,,,,,nan,,,,,,,,,,,,,,,
750,2491.69189453125,0.024886632338166237,2.4886632338166237,8223.567831754684,10000,ppo,ppo,crawler,flat,obs_dth_tot_direct,,,,,,,,,,,,,,,0.0037116683740284332,0,781,0.0,0.0,,,,,,,,,,,,,,,,,,,,,,,,,,,,,,,,,,,,,,,,,,,,,,,,,,,,,,,,,,,,,,,,,,,,,,,,,,nan,,,,,,,,,,,,,,,
751,2528.198974609375,0.02525271289050579,2.525271289050579,8233.643352746964,10000,ppo,ppo,crawler,flat,obs_dth_tot_direct,,,,,,,,,,,,,,,0.0032471714580593163,0,781,0.0,0.0,,,,,,,,,,,,,,,,,,,,,,,,,,,,,,,,,,,,,,,,,,,,,,,,,,,,,,,,,,,,,,,,,,,,,,,,,,nan,,,,,,,,,,,,,,,
752,2619.823974609375,0.02616717480123043,2.616717480123043,8243.937442541122,10000,ppo,ppo,crawler,flat,obs_dth_tot_direct,,,,,,,,,,,,,,,0.0017899988382194213,0,781,0.0,0.0,,,,,,,,,,,,,,,,,,,,,,,,,,,,,,,,,,,,,,,,,,,,,,,,,,,,,,,,,,,,,,,,,,,,,,,,,,nan,,,,,,,,,,,,,,,
753,2543.58251953125,0.025408485904335976,2.5408485904335976,8254.347664117813,10000,ppo,ppo,crawler,flat,obs_dth_tot_direct,,,,,,,,,,,,,,,0.0025794900663923853,0,781,0.0,0.0,,,,,,,,,,,,,,,,,,,,,,,,,,,,,,,,,,,,,,,,,,,,,,,,,,,,,,,,,,,,,,,,,,,,,,,,,,nan,,,,,,,,,,,,,,,
754,2552.861328125,0.025502361357212067,2.5502361357212067,8264.173614263535,10000,ppo,ppo,crawler,flat,obs_dth_tot_direct,,,,,,,,,,,,,,,0.002234307260018661,0,781,0.0,0.0,,,,,,,,,,,,,,,,,,,,,,,,,,,,,,,,,,,,,,,,,,,,,,,,,,,,,,,,,,,,,,,,,,,,,,,,,,nan,,,,,,,,,,,,,,,
755,2534.661865234375,0.025316424667835236,2.5316424667835236,8274.196347236633,10000,ppo,ppo,crawler,flat,obs_dth_tot_direct,,,,,,,,,,,,,,,0.0035471840562589113,0,781,0.0,0.0,,,,,,,,,,,,,,,,,,,,,,,,,,,,,,,,,,,,,,,,,,,,,,,,,,,,,,,,,,,,,,,,,,,,,,,,,,nan,,,,,,,,,,,,,,,
756,2562.9443359375,0.025602275505661964,2.5602275505661964,8284.058886766434,10000,ppo,ppo,crawler,flat,obs_dth_tot_direct,,,,,,,,,,,,,,,0.0015006047331823588,0,781,0.0,0.0,,,,,,,,,,,,,,,,,,,,,,,,,,,,,,,,,,,,,,,,,,,,,,,,,,,,,,,,,,,,,,,,,,,,,,,,,,nan,,,,,,,,,,,,,,,
757,2518.525146484375,0.0251607745885849,2.51607745885849,8293.481746912003,10000,ppo,ppo,crawler,flat,obs_dth_tot_direct,,,,,,,,,,,,,,,0.004979979388181641,0,781,0.0,0.0,,,,,,,,,,,,,,,,,,,,,,,,,,,,,,,,,,,,,,,,,,,,,,,,,,,,,,,,,,,,,,,,,,,,,,,,,,nan,,,,,,,,,,,,,,,
758,2514.5693359375,0.025117360055446625,2.5117360055446625,8303.55981206894,10000,ppo,ppo,crawler,flat,obs_dth_tot_direct,,,,,,,,,,,,,,,0.0029699396397824557,0,781,0.0,0.0,,,,,,,,,,,,,,,,,,,,,,,,,,,,,,,,,,,,,,,,,,,,,,,,,,,,,,,,,,,,,,,,,,,,,,,,,,nan,,,,,,,,,,,,,,,
759,2564.634521484375,0.025617998093366623,2.5617998093366623,8313.609686613083,10000,ppo,ppo,crawler,flat,obs_dth_tot_direct,,,,,,,,,,,,,,,0.0036631669045094147,0,781,0.0,0.0,,,,,,,,,,,,,,,,,,,,,,,,,,,,,,,,,,,,,,,,,,,,,,,,,,,,,,,,,,,,,,,,,,,,,,,,,,nan,,,,,,,,,,,,,,,
760,2544.005615234375,0.025415150448679924,2.5415150448679924,8323.046652555466,10000,ppo,ppo,crawler,flat,obs_dth_tot_direct,,,,,,,,,,,,,,,0.0043468162184953805,0,781,0.0,0.0,,,,,,,,,,,,,,,,,,,,,,,,,,,,,,,,,,,,,,,,,,,,,,,,,,,,,,,,,,,,,,,,,,,,,,,,,,nan,,,,,,,,,,,,,,,
761,2543.915771484375,0.02541719377040863,2.541719377040863,8333.14938735962,10000,ppo,ppo,crawler,flat,obs_dth_tot_direct,,,,,,,,,,,,,,,0.0024467224341789026,0,781,0.0,0.0,,,,,,,,,,,,,,,,,,,,,,,,,,,,,,,,,,,,,,,,,,,,,,,,,,,,,,,,,,,,,,,,,,,,,,,,,,nan,,,,,,,,,,,,,,,
762,2534.26025390625,0.0253160260617733,2.53160260617733,8342.705502033234,10000,ppo,ppo,crawler,flat,obs_dth_tot_direct,,,,,,,,,,,,,,,0.005783433592981878,0,781,0.0,0.0,,,,,,,,,,,,,,,,,,,,,,,,,,,,,,,,,,,,,,,,,,,,,,,,,,,,,,,,,,,,,,,,,,,,,,,,,,nan,,,,,,,,,,,,,,,
763,2589.744384765625,0.02586655132472515,2.586655132472515,8353.087813615799,10000,ppo,ppo,crawler,flat,obs_dth_tot_direct,,,,,,,,,,,,,,,0.0016809156274812196,0,781,0.0,0.0,,,,,,,,,,,,,,,,,,,,,,,,,,,,,,,,,,,,,,,,,,,,,,,,,,,,,,,,,,,,,,,,,,,,,,,,,,nan,,,,,,,,,,,,,,,
764,2606.275390625,0.026029769331216812,2.602976933121681,8363.543211221695,10000,ppo,ppo,crawler,flat,obs_dth_tot_direct,,,,,,,,,,,,,,,0.0012911302363790664,0,781,0.0,0.0,,,,,,,,,,,,,,,,,,,,,,,,,,,,,,,,,,,,,,,,,,,,,,,,,,,,,,,,,,,,,,,,,,,,,,,,,,nan,,,,,,,,,,,,,,,
765,2448.932373046875,0.024458836764097214,2.4458836764097214,8373.616282224655,10000,ppo,ppo,crawler,flat,obs_dth_tot_direct,,,,,,,,,,,,,,,0.002730212959525904,0,781,0.0,0.0,,,,,,,,,,,,,,,,,,,,,,,,,,,,,,,,,,,,,,,,,,,,,,,,,,,,,,,,,,,,,,,,,,,,,,,,,,nan,,,,,,,,,,,,,,,
766,2585.145263671875,0.025824273005127907,2.5824273005127907,8383.659535646439,10000,ppo,ppo,crawler,flat,obs_dth_tot_direct,,,,,,,,,,,,,,,0.002240922648393565,0,781,0.0,0.0,,,,,,,,,,,,,,,,,,,,,,,,,,,,,,,,,,,,,,,,,,,,,,,,,,,,,,,,,,,,,,,,,,,,,,,,,,nan,,,,,,,,,,,,,,,
767,2491.353271484375,0.024883542209863663,2.4883542209863663,8394.128011465073,10000,ppo,ppo,crawler,flat,obs_dth_tot_direct,,,,,,,,,,,,,,,0.0034849039645908487,0,781,0.0,0.0,,,,,,,,,,,,,,,,,,,,,,,,,,,,,,,,,,,,,,,,,,,,,,,,,,,,,,,,,,,,,,,,,,,,,,,,,,nan,,,,,,,,,,,,,,,
768,2537.003662109375,0.02534455433487892,2.534455433487892,8403.774234294891,10000,ppo,ppo,crawler,flat,obs_dth_tot_direct,,,,,,,,,,,,,,,0.0019527133369014007,0,781,0.0,0.0,,,,,,,,,,,,,,,,,,,,,,,,,,,,,,,,,,,,,,,,,,,,,,,,,,,,,,,,,,,,,,,,,,,,,,,,,,nan,,,,,,,,,,,,,,,
769,2584.66748046875,0.025817302986979485,2.5817302986979485,8413.87117266655,10000,ppo,ppo,crawler,flat,obs_dth_tot_direct,,,,,,,,,,,,,,,0.0033855906051156385,0,781,0.0,0.0,,,,,,,,,,,,,,,,,,,,,,,,,,,,,,,,,,,,,,,,,,,,,,,,,,,,,,,,,,,,,,,,,,,,,,,,,,nan,,,,,,,,,,,,,,,
770,2574.910888671875,0.025724345818161964,2.5724345818161964,8423.952323675156,10000,ppo,ppo,crawler,flat,obs_dth_tot_direct,,,,,,,,,,,,,,,0.005339073627134374,0,781,0.0,0.0,,,,,,,,,,,,,,,,,,,,,,,,,,,,,,,,,,,,,,,,,,,,,,,,,,,,,,,,,,,,,,,,,,,,,,,,,,nan,,,,,,,,,,,,,,,
771,2484.1806640625,0.024815475568175316,2.4815475568175316,8433.895387649536,10000,ppo,ppo,crawler,flat,obs_dth_tot_direct,,,,,,,,,,,,,,,0.03295588090939199,0,781,0.0,0.0,,,,,,,,,,,,,,,,,,,,,,,,,,,,,,,,,,,,,,,,,,,,,,,,,,,,,,,,,,,,,,,,,,,,,,,,,,nan,,,,,,,,,,,,,,,
772,2593.98291015625,0.025906767696142197,2.5906767696142197,8443.661089897156,10000,ppo,ppo,crawler,flat,obs_dth_tot_direct,,,,,,,,,,,,,,,0.002245135294229821,0,781,0.0,0.0,,,,,,,,,,,,,,,,,,,,,,,,,,,,,,,,,,,,,,,,,,,,,,,,,,,,,,,,,,,,,,,,,,,,,,,,,,nan,,,,,,,,,,,,,,,
773,2448.9873046875,0.024462133646011353,2.4462133646011353,8453.539992332458,10000,ppo,ppo,crawler,flat,obs_dth_tot_direct,,,,,,,,,,,,,,,0.006149528795708968,0,781,0.0,0.0,,,,,,,,,,,,,,,,,,,,,,,,,,,,,,,,,,,,,,,,,,,,,,,,,,,,,,,,,,,,,,,,,,,,,,,,,,nan,,,,,,,,,,,,,,,
774,2663.339599609375,0.026606982573866844,2.6606982573866844,8463.52802658081,10000,ppo,ppo,crawler,flat,obs_dth_tot_direct,,,,,,,,,,,,,,,0.00853355483428999,0,781,0.0,0.0,,,,,,,,,,,,,,,,,,,,,,,,,,,,,,,,,,,,,,,,,,,,,,,,,,,,,,,,,,,,,,,,,,,,,,,,,,nan,,,,,,,,,,,,,,,
775,2402.50634765625,0.023998863995075226,2.3998863995075226,8473.437128782272,10000,ppo,ppo,crawler,flat,obs_dth_tot_direct,,,,,,,,,,,,,,,0.0032232677017517593,0,781,0.0,0.0,,,,,,,,,,,,,,,,,,,,,,,,,,,,,,,,,,,,,,,,,,,,,,,,,,,,,,,,,,,,,,,,,,,,,,,,,,nan,,,,,,,,,,,,,,,
776,2601.423583984375,0.02598508447408676,2.598508447408676,8483.504482984543,10000,ppo,ppo,crawler,flat,obs_dth_tot_direct,,,,,,,,,,,,,,,0.001530545595150531,0,781,0.0,0.0,,,,,,,,,,,,,,,,,,,,,,,,,,,,,,,,,,,,,,,,,,,,,,,,,,,,,,,,,,,,,,,,,,,,,,,,,,nan,,,,,,,,,,,,,,,
777,2449.13720703125,0.024462809786200523,2.4462809786200523,8493.512991666794,10000,ppo,ppo,crawler,flat,obs_dth_tot_direct,,,,,,,,,,,,,,,0.002411560895512144,0,781,0.0,0.0,,,,,,,,,,,,,,,,,,,,,,,,,,,,,,,,,,,,,,,,,,,,,,,,,,,,,,,,,,,,,,,,,,,,,,,,,,nan,,,,,,,,,,,,,,,
778,2506.70947265625,0.025038937106728554,2.5038937106728554,8504.119297027588,10000,ppo,ppo,crawler,flat,obs_dth_tot_direct,,,,,,,,,,,,,,,0.0023084238042771574,0,781,0.0,0.0,,,,,,,,,,,,,,,,,,,,,,,,,,,,,,,,,,,,,,,,,,,,,,,,,,,,,,,,,,,,,,,,,,,,,,,,,,nan,,,,,,,,,,,,,,,
779,2542.9443359375,0.025400282815098763,2.5400282815098763,8514.550413131714,10000,ppo,ppo,crawler,flat,obs_dth_tot_direct,,,,,,,,,,,,,,,0.0031969966171898883,0,781,0.0,0.0,,,,,,,,,,,,,,,,,,,,,,,,,,,,,,,,,,,,,,,,,,,,,,,,,,,,,,,,,,,,,,,,,,,,,,,,,,nan,,,,,,,,,,,,,,,
780,2544.708740234375,0.025419389829039574,2.5419389829039574,8525.15991139412,10000,ppo,ppo,crawler,flat,obs_dth_tot_direct,,,,,,,,,,,,,,,0.002633733641783359,0,781,0.0,0.0,,,,,,,,,,,,,,,,,,,,,,,,,,,,,,,,,,,,,,,,,,,,,,,,,,,,,,,,,,,,,,,,,,,,,,,,,,nan,,,,,,,,,,,,,,,
781,2528.265869140625,0.025254081934690475,2.5254081934690475,8536.217968702316,10000,ppo,ppo,crawler,flat,obs_dth_tot_direct,,,,,,,,,,,,,,,0.004419687975659146,0,781,0.0,0.0,,,,,,,,,,,,,,,,,,,,,,,,,,,,,,,,,,,,,,,,,,,,,,,,,,,,,,,,,,,,,,,,,,,,,,,,,,nan,,,,,,,,,,,,,,,
782,2532.8095703125,0.02530595101416111,2.530595101416111,8547.017394304276,10000,ppo,ppo,crawler,flat,obs_dth_tot_direct,,,,,,,,,,,,,,,0.004880204030076563,0,781,0.0,0.0,,,,,,,,,,,,,,,,,,,,,,,,,,,,,,,,,,,,,,,,,,,,,,,,,,,,,,,,,,,,,,,,,,,,,,,,,,nan,,,,,,,,,,,,,,,
783,2594.414794921875,0.025912480428814888,2.591248042881489,8557.604294538498,10000,ppo,ppo,crawler,flat,obs_dth_tot_direct,,,,,,,,,,,,,,,0.0037692531790870817,0,781,0.0,0.0,,,,,,,,,,,,,,,,,,,,,,,,,,,,,,,,,,,,,,,,,,,,,,,,,,,,,,,,,,,,,,,,,,,,,,,,,,nan,,,,,,,,,,,,,,,
784,2647.67822265625,0.02644987404346466,2.644987404346466,8567.259046792984,10000,ppo,ppo,crawler,flat,obs_dth_tot_direct,,,,,,,,,,,,,,,0.0009773887637765815,0,781,0.0,0.0,,,,,,,,,,,,,,,,,,,,,,,,,,,,,,,,,,,,,,,,,,,,,,,,,,,,,,,,,,,,,,,,,,,,,,,,,,nan,,,,,,,,,,,,,,,
785,2527.3125,0.02524743042886257,2.524743042886257,8576.972181558609,10000,ppo,ppo,crawler,flat,obs_dth_tot_direct,,,,,,,,,,,,,,,0.006874941439788476,0,781,0.0,0.0,,,,,,,,,,,,,,,,,,,,,,,,,,,,,,,,,,,,,,,,,,,,,,,,,,,,,,,,,,,,,,,,,,,,,,,,,,nan,,,,,,,,,,,,,,,
786,2628.931396484375,0.026258330792188644,2.6258330792188644,8587.018950462341,10000,ppo,ppo,crawler,flat,obs_dth_tot_direct,,,,,,,,,,,,,,,0.003236495886220407,0,781,0.0,0.0,,,,,,,,,,,,,,,,,,,,,,,,,,,,,,,,,,,,,,,,,,,,,,,,,,,,,,,,,,,,,,,,,,,,,,,,,,nan,,,,,,,,,,,,,,,
787,2576.885986328125,0.025744421407580376,2.5744421407580376,8596.868070363998,10000,ppo,ppo,crawler,flat,obs_dth_tot_direct,,,,,,,,,,,,,,,0.0028832493333401463,0,781,0.0,0.0,,,,,,,,,,,,,,,,,,,,,,,,,,,,,,,,,,,,,,,,,,,,,,,,,,,,,,,,,,,,,,,,,,,,,,,,,,nan,,,,,,,,,,,,,,,
788,2504.8046875,0.025022180750966072,2.502218075096607,8607.22921037674,10000,ppo,ppo,crawler,flat,obs_dth_tot_direct,,,,,,,,,,,,,,,0.006875098109471572,0,781,0.0,0.0,,,,,,,,,,,,,,,,,,,,,,,,,,,,,,,,,,,,,,,,,,,,,,,,,,,,,,,,,,,,,,,,,,,,,,,,,,nan,,,,,,,,,,,,,,,
789,2522.078125,0.025193074718117714,2.5193074718117714,8617.21041059494,10000,ppo,ppo,crawler,flat,obs_dth_tot_direct,,,,,,,,,,,,,,,0.003261055378758979,0,781,0.0,0.0,,,,,,,,,,,,,,,,,,,,,,,,,,,,,,,,,,,,,,,,,,,,,,,,,,,,,,,,,,,,,,,,,,,,,,,,,,nan,,,,,,,,,,,,,,,
790,2698.688232421875,0.026959648355841637,2.6959648355841637,8627.482109069824,10000,ppo,ppo,crawler,flat,obs_dth_tot_direct,,,,,,,,,,,,,,,0.0038731889609931926,0,781,0.0,0.0,,,,,,,,,,,,,,,,,,,,,,,,,,,,,,,,,,,,,,,,,,,,,,,,,,,,,,,,,,,,,,,,,,,,,,,,,,nan,,,,,,,,,,,,,,,
791,2592.89404296875,0.02589636854827404,2.589636854827404,8637.39139699936,10000,ppo,ppo,crawler,flat,obs_dth_tot_direct,,,,,,,,,,,,,,,0.002072532396748769,0,781,0.0,0.0,,,,,,,,,,,,,,,,,,,,,,,,,,,,,,,,,,,,,,,,,,,,,,,,,,,,,,,,,,,,,,,,,,,,,,,,,,nan,,,,,,,,,,,,,,,
792,2553.60009765625,0.025509526953101158,2.550952695310116,8647.938166856766,10000,ppo,ppo,crawler,flat,obs_dth_tot_direct,,,,,,,,,,,,,,,0.002772552420830273,0,781,0.0,0.0,,,,,,,,,,,,,,,,,,,,,,,,,,,,,,,,,,,,,,,,,,,,,,,,,,,,,,,,,,,,,,,,,,,,,,,,,,nan,,,,,,,,,,,,,,,
793,2594.442138671875,0.025916732847690582,2.5916732847690582,8658.424596309662,10000,ppo,ppo,crawler,flat,obs_dth_tot_direct,,,,,,,,,,,,,,,0.002944265353150854,0,781,0.0,0.0,,,,,,,,,,,,,,,,,,,,,,,,,,,,,,,,,,,,,,,,,,,,,,,,,,,,,,,,,,,,,,,,,,,,,,,,,,nan,,,,,,,,,,,,,,,
794,2547.45068359375,0.025444405153393745,2.5444405153393745,8667.91886639595,10000,ppo,ppo,crawler,flat,obs_dth_tot_direct,,,,,,,,,,,,,,,0.005500682007303615,0,781,0.0,0.0,,,,,,,,,,,,,,,,,,,,,,,,,,,,,,,,,,,,,,,,,,,,,,,,,,,,,,,,,,,,,,,,,,,,,,,,,,nan,,,,,,,,,,,,,,,
795,2501.819091796875,0.024991197511553764,2.4991197511553764,8678.61387872696,10000,ppo,ppo,crawler,flat,obs_dth_tot_direct,,,,,,,,,,,,,,,0.0032385619842025056,0,781,0.0,0.0,,,,,,,,,,,,,,,,,,,,,,,,,,,,,,,,,,,,,,,,,,,,,,,,,,,,,,,,,,,,,,,,,,,,,,,,,,nan,,,,,,,,,,,,,,,
796,2565.31640625,0.0256232600659132,2.56232600659132,8688.850230693817,10000,ppo,ppo,crawler,flat,obs_dth_tot_direct,,,,,,,,,,,,,,,0.0015432324258554113,0,781,0.0,0.0,,,,,,,,,,,,,,,,,,,,,,,,,,,,,,,,,,,,,,,,,,,,,,,,,,,,,,,,,,,,,,,,,,,,,,,,,,nan,,,,,,,,,,,,,,,
797,2648.404296875,0.026454132050275803,2.6454132050275803,8698.829945325851,10000,ppo,ppo,crawler,flat,obs_dth_tot_direct,,,,,,,,,,,,,,,0.003252254236505111,0,781,0.0,0.0,,,,,,,,,,,,,,,,,,,,,,,,,,,,,,,,,,,,,,,,,,,,,,,,,,,,,,,,,,,,,,,,,,,,,,,,,,nan,,,,,,,,,,,,,,,
798,2603.713623046875,0.026006951928138733,2.6006951928138733,8708.934237480164,10000,ppo,ppo,crawler,flat,obs_dth_tot_direct,,,,,,,,,,,,,,,0.0020097199779062886,0,781,0.0,0.0,,,,,,,,,,,,,,,,,,,,,,,,,,,,,,,,,,,,,,,,,,,,,,,,,,,,,,,,,,,,,,,,,,,,,,,,,,nan,,,,,,,,,,,,,,,
799,2467.20556640625,0.02463892102241516,2.463892102241516,8719.020114898682,10000,ppo,ppo,crawler,flat,obs_dth_tot_direct,,,,,,,,,,,,,,,0.003429703132065923,0,781,0.0,0.0,,,,,,,,,,,,,,,,,,,,,,,,,,,,,,,,,,,,,,,,,,,,,,,,,,,,,,,,,,,,,,,,,,,,,,,,,,nan,,,,,,,,,,,,,,,
800,2564.81640625,0.025618882849812508,2.5618882849812508,8729.912817955017,10000,ppo,ppo,crawler,flat,obs_dth_tot_direct,,,,,,,,,,,,,,,0.0022661696182114935,0,781,0.0,0.0,,,,,,,,,,,,,,,,,,,,,,,,,,,,,,,,,,,,,,,,,,,,,,,,,,,,,,,,,,,,,,,,,,,,,,,,,,nan,,,,,,,,,,,,,,,
801,2567.32470703125,0.025640053674578667,2.5640053674578667,8740.038077354431,10000,ppo,ppo,crawler,flat,obs_dth_tot_direct,,,,,,,,,,,,,,,0.0014221681085147325,0,781,0.0,0.0,,,,,,,,,,,,,,,,,,,,,,,,,,,,,,,,,,,,,,,,,,,,,,,,,,,,,,,,,,,,,,,,,,,,,,,,,,nan,,,,,,,,,,,,,,,
802,2560.511962890625,0.025576531887054443,2.5576531887054443,8749.850649118423,10000,ppo,ppo,crawler,flat,obs_dth_tot_direct,,,,,,,,,,,,,,,0.003766521020408895,0,781,0.0,0.0,,,,,,,,,,,,,,,,,,,,,,,,,,,,,,,,,,,,,,,,,,,,,,,,,,,,,,,,,,,,,,,,,,,,,,,,,,nan,,,,,,,,,,,,,,,
803,2432.46875,0.02429860085248947,2.429860085248947,8760.230361700058,10000,ppo,ppo,crawler,flat,obs_dth_tot_direct,,,,,,,,,,,,,,,0.0021822524847036912,0,781,0.0,0.0,,,,,,,,,,,,,,,,,,,,,,,,,,,,,,,,,,,,,,,,,,,,,,,,,,,,,,,,,,,,,,,,,,,,,,,,,,nan,,,,,,,,,,,,,,,
804,2531.737548828125,0.025291258469223976,2.5291258469223976,8771.005365610123,10000,ppo,ppo,crawler,flat,obs_dth_tot_direct,,,,,,,,,,,,,,,0.0029126811804092326,0,781,0.0,0.0,,,,,,,,,,,,,,,,,,,,,,,,,,,,,,,,,,,,,,,,,,,,,,,,,,,,,,,,,,,,,,,,,,,,,,,,,,nan,,,,,,,,,,,,,,,
805,2465.193359375,0.02462133951485157,2.462133951485157,8780.818454742432,10000,ppo,ppo,crawler,flat,obs_dth_tot_direct,,,,,,,,,,,,,,,0.0022191840328533137,0,781,0.0,0.0,,,,,,,,,,,,,,,,,,,,,,,,,,,,,,,,,,,,,,,,,,,,,,,,,,,,,,,,,,,,,,,,,,,,,,,,,,nan,,,,,,,,,,,,,,,
806,2525.354248046875,0.02523091621696949,2.523091621696949,8790.946470737457,10000,ppo,ppo,crawler,flat,obs_dth_tot_direct,,,,,,,,,,,,,,,0.0024944357145906346,0,781,0.0,0.0,,,,,,,,,,,,,,,,,,,,,,,,,,,,,,,,,,,,,,,,,,,,,,,,,,,,,,,,,,,,,,,,,,,,,,,,,,nan,,,,,,,,,,,,,,,
807,2565.515380859375,0.025627080351114273,2.5627080351114273,8802.860982656479,10000,ppo,ppo,crawler,flat,obs_dth_tot_direct,,,,,,,,,,,,,,,0.0029237855771507607,0,781,0.0,0.0,,,,,,,,,,,,,,,,,,,,,,,,,,,,,,,,,,,,,,,,,,,,,,,,,,,,,,,,,,,,,,,,,,,,,,,,,,nan,,,,,,,,,,,,,,,
808,2530.7109375,0.025280673056840897,2.5280673056840897,8814.022057533264,10000,ppo,ppo,crawler,flat,obs_dth_tot_direct,,,,,,,,,,,,,,,0.008219482532742855,0,781,0.0,0.0,,,,,,,,,,,,,,,,,,,,,,,,,,,,,,,,,,,,,,,,,,,,,,,,,,,,,,,,,,,,,,,,,,,,,,,,,,nan,,,,,,,,,,,,,,,
809,2523.908935546875,0.025215402245521545,2.5215402245521545,8824.381732463837,10000,ppo,ppo,crawler,flat,obs_dth_tot_direct,,,,,,,,,,,,,,,0.00434368457365319,0,781,0.0,0.0,,,,,,,,,,,,,,,,,,,,,,,,,,,,,,,,,,,,,,,,,,,,,,,,,,,,,,,,,,,,,,,,,,,,,,,,,,nan,,,,,,,,,,,,,,,
810,2562.621826171875,0.02559593692421913,2.559593692421913,8834.9635887146,10000,ppo,ppo,crawler,flat,obs_dth_tot_direct,,,,,,,,,,,,,,,0.0030549596536664737,0,781,0.0,0.0,,,,,,,,,,,,,,,,,,,,,,,,,,,,,,,,,,,,,,,,,,,,,,,,,,,,,,,,,,,,,,,,,,,,,,,,,,nan,,,,,,,,,,,,,,,
811,2488.112548828125,0.024852657690644264,2.4852657690644264,8845.99631690979,10000,ppo,ppo,crawler,flat,obs_dth_tot_direct,,,,,,,,,,,,,,,0.0015373163212052123,0,781,0.0,0.0,,,,,,,,,,,,,,,,,,,,,,,,,,,,,,,,,,,,,,,,,,,,,,,,,,,,,,,,,,,,,,,,,,,,,,,,,,nan,,,,,,,,,,,,,,,
812,2506.909912109375,0.02504059672355652,2.504059672355652,8856.478399038315,10000,ppo,ppo,crawler,flat,obs_dth_tot_direct,,,,,,,,,,,,,,,0.003778031451632028,0,781,0.0,0.0,,,,,,,,,,,,,,,,,,,,,,,,,,,,,,,,,,,,,,,,,,,,,,,,,,,,,,,,,,,,,,,,,,,,,,,,,,nan,,,,,,,,,,,,,,,
813,2567.872314453125,0.02564903534948826,2.564903534948826,8866.401322603226,10000,ppo,ppo,crawler,flat,obs_dth_tot_direct,,,,,,,,,,,,,,,0.00206824573945709,0,781,0.0,0.0,,,,,,,,,,,,,,,,,,,,,,,,,,,,,,,,,,,,,,,,,,,,,,,,,,,,,,,,,,,,,,,,,,,,,,,,,,nan,,,,,,,,,,,,,,,
814,2538.605224609375,0.025360073894262314,2.5360073894262314,8876.657174825668,10000,ppo,ppo,crawler,flat,obs_dth_tot_direct,,,,,,,,,,,,,,,0.0015060686508455061,0,781,0.0,0.0,,,,,,,,,,,,,,,,,,,,,,,,,,,,,,,,,,,,,,,,,,,,,,,,,,,,,,,,,,,,,,,,,,,,,,,,,,nan,,,,,,,,,,,,,,,
815,2660.205078125,0.02657529152929783,2.657529152929783,8886.989817857742,10000,ppo,ppo,crawler,flat,obs_dth_tot_direct,,,,,,,,,,,,,,,0.000788382140268326,0,781,0.0,0.0,,,,,,,,,,,,,,,,,,,,,,,,,,,,,,,,,,,,,,,,,,,,,,,,,,,,,,,,,,,,,,,,,,,,,,,,,,nan,,,,,,,,,,,,,,,
816,2640.860107421875,0.026380252093076706,2.6380252093076706,8896.681771993637,10000,ppo,ppo,crawler,flat,obs_dth_tot_direct,,,,,,,,,,,,,,,0.0013268595134069375,0,781,0.0,0.0,,,,,,,,,,,,,,,,,,,,,,,,,,,,,,,,,,,,,,,,,,,,,,,,,,,,,,,,,,,,,,,,,,,,,,,,,,nan,,,,,,,,,,,,,,,
817,2554.830810546875,0.02551588974893093,2.551588974893093,8906.451797246933,10000,ppo,ppo,crawler,flat,obs_dth_tot_direct,,,,,,,,,,,,,,,0.001502384834446382,0,781,0.0,0.0,,,,,,,,,,,,,,,,,,,,,,,,,,,,,,,,,,,,,,,,,,,,,,,,,,,,,,,,,,,,,,,,,,,,,,,,,,nan,,,,,,,,,,,,,,,
818,2487.47705078125,0.024843379855155945,2.4843379855155945,8916.889412164688,10000,ppo,ppo,crawler,flat,obs_dth_tot_direct,,,,,,,,,,,,,,,0.0038891470076484374,0,781,0.0,0.0,,,,,,,,,,,,,,,,,,,,,,,,,,,,,,,,,,,,,,,,,,,,,,,,,,,,,,,,,,,,,,,,,,,,,,,,,,nan,,,,,,,,,,,,,,,
819,2436.984375,0.024343185126781464,2.4343185126781464,8927.61130976677,10000,ppo,ppo,crawler,flat,obs_dth_tot_direct,,,,,,,,,,,,,,,0.010003814864162491,0,781,0.0,0.0,,,,,,,,,,,,,,,,,,,,,,,,,,,,,,,,,,,,,,,,,,,,,,,,,,,,,,,,,,,,,,,,,,,,,,,,,,nan,,,,,,,,,,,,,,,
820,2649.080078125,0.0264577753841877,2.64577753841877,8939.545285701752,10000,ppo,ppo,crawler,flat,obs_dth_tot_direct,,,,,,,,,,,,,,,0.001854095870470801,0,781,0.0,0.0,,,,,,,,,,,,,,,,,,,,,,,,,,,,,,,,,,,,,,,,,,,,,,,,,,,,,,,,,,,,,,,,,,,,,,,,,,nan,,,,,,,,,,,,,,,
821,2566.443115234375,0.02563435025513172,2.563435025513172,8949.811806201935,10000,ppo,ppo,crawler,flat,obs_dth_tot_direct,,,,,,,,,,,,,,,0.0018341043117762754,0,781,0.0,0.0,,,,,,,,,,,,,,,,,,,,,,,,,,,,,,,,,,,,,,,,,,,,,,,,,,,,,,,,,,,,,,,,,,,,,,,,,,nan,,,,,,,,,,,,,,,
822,2579.353515625,0.02576347067952156,2.576347067952156,8960.13585615158,10000,ppo,ppo,crawler,flat,obs_dth_tot_direct,,,,,,,,,,,,,,,0.004694687377633667,0,781,0.0,0.0,,,,,,,,,,,,,,,,,,,,,,,,,,,,,,,,,,,,,,,,,,,,,,,,,,,,,,,,,,,,,,,,,,,,,,,,,,nan,,,,,,,,,,,,,,,
823,2711.611328125,0.02709129825234413,2.709129825234413,8970.105839967728,10000,ppo,ppo,crawler,flat,obs_dth_tot_direct,,,,,,,,,,,,,,,0.0015839595721148267,0,781,0.0,0.0,,,,,,,,,,,,,,,,,,,,,,,,,,,,,,,,,,,,,,,,,,,,,,,,,,,,,,,,,,,,,,,,,,,,,,,,,,nan,,,,,,,,,,,,,,,
824,2554.674560546875,0.025520555675029755,2.5520555675029755,8980.299147129059,10000,ppo,ppo,crawler,flat,obs_dth_tot_direct,,,,,,,,,,,,,,,0.0025319579771874,0,781,0.0,0.0,,,,,,,,,,,,,,,,,,,,,,,,,,,,,,,,,,,,,,,,,,,,,,,,,,,,,,,,,,,,,,,,,,,,,,,,,,nan,,,,,,,,,,,,,,,
825,2527.233642578125,0.025241509079933167,2.5241509079933167,8990.65904211998,10000,ppo,ppo,crawler,flat,obs_dth_tot_direct,,,,,,,,,,,,,,,0.021152034481100007,0,781,0.0,0.0,,,,,,,,,,,,,,,,,,,,,,,,,,,,,,,,,,,,,,,,,,,,,,,,,,,,,,,,,,,,,,,,,,,,,,,,,,nan,,,,,,,,,,,,,,,
826,2601.087646484375,0.025984881445765495,2.5984881445765495,9001.002722263336,10000,ppo,ppo,crawler,flat,obs_dth_tot_direct,,,,,,,,,,,,,,,0.06359286548860613,0,781,0.0,0.0,,,,,,,,,,,,,,,,,,,,,,,,,,,,,,,,,,,,,,,,,,,,,,,,,,,,,,,,,,,,,,,,,,,,,,,,,,nan,,,,,,,,,,,,,,,
827,2606.54541015625,0.02603486180305481,2.603486180305481,9011.45688533783,10000,ppo,ppo,crawler,flat,obs_dth_tot_direct,,,,,,,,,,,,,,,0.13497620747094607,0,781,0.0,0.0,,,,,,,,,,,,,,,,,,,,,,,,,,,,,,,,,,,,,,,,,,,,,,,,,,,,,,,,,,,,,,,,,,,,,,,,,,nan,,,,,,,,,,,,,,,
828,2701.700927734375,0.026988815516233444,2.6988815516233444,9021.239823102951,10000,ppo,ppo,crawler,flat,obs_dth_tot_direct,,,,,,,,,,,,,,,0.14480022427064895,0,781,0.0,0.0,,,,,,,,,,,,,,,,,,,,,,,,,,,,,,,,,,,,,,,,,,,,,,,,,,,,,,,,,,,,,,,,,,,,,,,,,,nan,,,,,,,,,,,,,,,
829,2479.603759765625,0.02476857602596283,2.476857602596283,9030.985730171204,10000,ppo,ppo,crawler,flat,obs_dth_tot_direct,,,,,,,,,,,,,,,0.1686412294078666,0,781,0.0,0.0,,,,,,,,,,,,,,,,,,,,,,,,,,,,,,,,,,,,,,,,,,,,,,,,,,,,,,,,,,,,,,,,,,,,,,,,,,nan,,,,,,,,,,,,,,,
830,2615.80859375,0.02612750418484211,2.612750418484211,9041.149975299835,10000,ppo,ppo,crawler,flat,obs_dth_tot_direct,,,,,,,,,,,,,,,0.3054812218869885,0,781,0.0,0.0,,,,,,,,,,,,,,,,,,,,,,,,,,,,,,,,,,,,,,,,,,,,,,,,,,,,,,,,,,,,,,,,,,,,,,,,,,nan,,,,,,,,,,,,,,,
831,2776.92529296875,0.027740010991692543,2.7740010991692543,9051.61592245102,10000,ppo,ppo,crawler,flat,obs_dth_tot_direct,,,,,,,,,,,,,,,0.2616591542457182,0,781,0.0,0.0,,,,,,,,,,,,,,,,,,,,,,,,,,,,,,,,,,,,,,,,,,,,,,,,,,,,,,,,,,,,,,,,,,,,,,,,,,nan,,,,,,,,,,,,,,,
832,2502.963623046875,0.025003112852573395,2.5003112852573395,9061.229573488235,10000,ppo,ppo,crawler,flat,obs_dth_tot_direct,,,,,,,,,,,,,,,0.2729711055644715,0,781,0.0,0.0,,,,,,,,,,,,,,,,,,,,,,,,,,,,,,,,,,,,,,,,,,,,,,,,,,,,,,,,,,,,,,,,,,,,,,,,,,nan,,,,,,,,,,,,,,,
833,2577.754150390625,0.02575034461915493,2.575034461915493,9071.347515821457,10000,ppo,ppo,crawler,flat,obs_dth_tot_direct,,,,,,,,,,,,,,,0.27066932269513655,0,781,0.0,0.0,,,,,,,,,,,,,,,,,,,,,,,,,,,,,,,,,,,,,,,,,,,,,,,,,,,,,,,,,,,,,,,,,,,,,,,,,,nan,,,,,,,,,,,,,,,
834,2521.93994140625,0.025191817432641983,2.5191817432641983,9081.179352283478,10000,ppo,ppo,crawler,flat,obs_dth_tot_direct,,,,,,,,,,,,,,,0.3401997737498106,0,781,0.0,0.0,,,,,,,,,,,,,,,,,,,,,,,,,,,,,,,,,,,,,,,,,,,,,,,,,,,,,,,,,,,,,,,,,,,,,,,,,,nan,,,,,,,,,,,,,,,
835,2385.279296875,0.023828132078051567,2.3828132078051567,9090.949551582336,10000,ppo,ppo,crawler,flat,obs_dth_tot_direct,,,,,,,,,,,,,,,0.30775194141832535,0,781,0.0,0.0,,,,,,,,,,,,,,,,,,,,,,,,,,,,,,,,,,,,,,,,,,,,,,,,,,,,,,,,,,,,,,,,,,,,,,,,,,nan,,,,,,,,,,,,,,,
836,914.9679565429688,0.009140742011368275,0.9140742011368275,9101.349246740341,10000,ppo,ppo,crawler,flat,obs_dth_tot_direct,,,,,,,,,,,,,,,5.164147786000363,0,781,0.0,0.0,,,,,,,,,,,,,,,,,,,,,,,,,,,,,,,,,,,,,,,,,,,,,,,,,,,,,,,,,,,,,,,,,,,,,,,,,,nan,,,,,,,,,,,,,,,
837,1691.1746826171875,0.016897384077310562,1.6897384077310562,9111.68075466156,10000,ppo,ppo,crawler,flat,obs_dth_tot_direct,,,,,,,,,,,,,,,4.662485152491464,0,781,0.0,0.0,,,,,,,,,,,,,,,,,,,,,,,,,,,,,,,,,,,,,,,,,,,,,,,,,,,,,,,,,,,,,,,,,,,,,,,,,,nan,,,,,,,,,,,,,,,
838,-0.4974767863750458,-4.975609954271931e-06,-0.0004975609954271931,9121.3460252285,10000,ppo,ppo,crawler,flat,obs_dth_tot_direct,,,,,,,,,,,,,,,2.7626891471983663,0,781,0.0,0.0,,,,,,,,,,,,,,,,,,,,,,,,,,,,,,,,,,,,,,,,,,,,,,,,,,,,,,,,,,,,,,,,,,,,,,,,,,nan,,,,,,,,,,,,,,,
839,-1.488287329673767,-1.4882881259836722e-05,-0.0014882881259836722,9131.859141349792,10000,ppo,ppo,crawler,flat,obs_dth_tot_direct,,,,,,,,,,,,,,,-3.086958705386798e-08,0,781,0.0,0.0,,,,,,,,,,,,,,,,,,,,,,,,,,,,,,,,,,,,,,,,,,,,,,,,,,,,,,,,,,,,,,,,,,,,,,,,,,nan,,,,,,,,,,,,,,,
840,-0.37635478377342224,-3.7635277294612024e-06,-0.00037635277294612024,9141.85914683342,10000,ppo,ppo,crawler,flat,obs_dth_tot_direct,,,,,,,,,,,,,,,-1.1705925805010045e-07,0,781,0.0,0.0,,,,,,,,,,,,,,,,,,,,,,,,,,,,,,,,,,,,,,,,,,,,,,,,,,,,,,,,,,,,,,,,,,,,,,,,,,nan,,,,,,,,,,,,,,,
841,-0.6699511408805847,-6.699483037664322e-06,-0.0006699483037664322,9151.370572090149,10000,ppo,ppo,crawler,flat,obs_dth_tot_direct,,,,,,,,,,,,,,,-6.979543157637348e-05,0,781,0.0,0.0,,,,,,,,,,,,,,,,,,,,,,,,,,,,,,,,,,,,,,,,,,,,,,,,,,,,,,,,,,,,,,,,,,,,,,,,,,nan,,,,,,,,,,,,,,,
842,-1.778668999671936,-1.778672231012024e-05,-0.001778672231012024,9161.557997226715,10000,ppo,ppo,crawler,flat,obs_dth_tot_direct,,,,,,,,,,,,,,,-7.251556604986155e-08,0,781,0.0,0.0,,,,,,,,,,,,,,,,,,,,,,,,,,,,,,,,,,,,,,,,,,,,,,,,,,,,,,,,,,,,,,,,,,,,,,,,,,nan,,,,,,,,,,,,,,,
843,-0.3507297933101654,-3.5072578157269163e-06,-0.00035072578157269163,9171.720142364502,10000,ppo,ppo,crawler,flat,obs_dth_tot_direct,,,,,,,,,,,,,,,9.591430044052086e-08,0,781,0.0,0.0,,,,,,,,,,,,,,,,,,,,,,,,,,,,,,,,,,,,,,,,,,,,,,,,,,,,,,,,,,,,,,,,,,,,,,,,,,nan,,,,,,,,,,,,,,,
844,-1.4409323930740356,-1.4409288269234821e-05,-0.0014409288269234821,9181.82279086113,10000,ppo,ppo,crawler,flat,obs_dth_tot_direct,,,,,,,,,,,,,,,-0.0015816669016790299,0,781,0.0,0.0,,,,,,,,,,,,,,,,,,,,,,,,,,,,,,,,,,,,,,,,,,,,,,,,,,,,,,,,,,,,,,,,,,,,,,,,,,nan,,,,,,,,,,,,,,,
845,1.8768272399902344,1.876828355307225e-05,0.0018768283553072251,9192.542983531952,10000,ppo,ppo,crawler,flat,obs_dth_tot_direct,,,,,,,,,,,,,,,0.0,0,781,0.0,0.0,,,,,,,,,,,,,,,,,,,,,,,,,,,,,,,,,,,,,,,,,,,,,,,,,,,,,,,,,,,,,,,,,,,,,,,,,,nan,,,,,,,,,,,,,,,
846,-1.502829909324646,-1.502832856203895e-05,-0.001502832856203895,9202.921198129654,10000,ppo,ppo,crawler,flat,obs_dth_tot_direct,,,,,,,,,,,,,,,-6.729026209376991e-07,0,781,0.0,0.0,,,,,,,,,,,,,,,,,,,,,,,,,,,,,,,,,,,,,,,,,,,,,,,,,,,,,,,,,,,,,,,,,,,,,,,,,,nan,,,,,,,,,,,,,,,
847,-1.2139538526535034,-1.2139538739575073e-05,-0.0012139538739575073,9212.938742876053,10000,ppo,ppo,crawler,flat,obs_dth_tot_direct,,,,,,,,,,,,,,,-9.454438574946033e-07,0,781,0.0,0.0,,,,,,,,,,,,,,,,,,,,,,,,,,,,,,,,,,,,,,,,,,,,,,,,,,,,,,,,,,,,,,,,,,,,,,,,,,nan,,,,,,,,,,,,,,,
848,-0.9315816164016724,-9.315814168076031e-06,-0.0009315814168076031,9223.088056087494,10000,ppo,ppo,crawler,flat,obs_dth_tot_direct,,,,,,,,,,,,,,,-1.5697722226648417e-06,0,781,0.0,0.0,,,,,,,,,,,,,,,,,,,,,,,,,,,,,,,,,,,,,,,,,,,,,,,,,,,,,,,,,,,,,,,,,,,,,,,,,,nan,,,,,,,,,,,,,,,
849,0.16777560114860535,1.6777869404904777e-06,0.00016777869404904777,9233.105417966843,10000,ppo,ppo,crawler,flat,obs_dth_tot_direct,,,,,,,,,,,,,,,-1.1865466966671767e-06,0,781,0.0,0.0,,,,,,,,,,,,,,,,,,,,,,,,,,,,,,,,,,,,,,,,,,,,,,,,,,,,,,,,,,,,,,,,,,,,,,,,,,nan,,,,,,,,,,,,,,,
850,-0.7406827807426453,-7.406810709653655e-06,-0.0007406810709653655,9244.052769899368,10000,ppo,ppo,crawler,flat,obs_dth_tot_direct,,,,,,,,,,,,,,,-2.2179786969696514e-07,0,781,0.0,0.0,,,,,,,,,,,,,,,,,,,,,,,,,,,,,,,,,,,,,,,,,,,,,,,,,,,,,,,,,,,,,,,,,,,,,,,,,,nan,,,,,,,,,,,,,,,
851,0.7205832600593567,7.205861038528383e-06,0.0007205861038528383,9254.3676841259,10000,ppo,ppo,crawler,flat,obs_dth_tot_direct,,,,,,,,,,,,,,,-7.33378964563338e-07,0,781,0.0,0.0,,,,,,,,,,,,,,,,,,,,,,,,,,,,,,,,,,,,,,,,,,,,,,,,,,,,,,,,,,,,,,,,,,,,,,,,,,nan,,,,,,,,,,,,,,,
852,-1.3391749858856201,-1.3391747415880673e-05,-0.0013391747415880673,9264.306629896164,10000,ppo,ppo,crawler,flat,obs_dth_tot_direct,,,,,,,,,,,,,,,-3.878423102228651e-06,0,781,0.0,0.0,,,,,,,,,,,,,,,,,,,,,,,,,,,,,,,,,,,,,,,,,,,,,,,,,,,,,,,,,,,,,,,,,,,,,,,,,,nan,,,,,,,,,,,,,,,
853,-1.5869797468185425,-1.5869803974055685e-05,-0.0015869803974055685,9275.422990083694,10000,ppo,ppo,crawler,flat,obs_dth_tot_direct,,,,,,,,,,,,,,,-5.136607703723004e-07,0,781,0.0,0.0,,,,,,,,,,,,,,,,,,,,,,,,,,,,,,,,,,,,,,,,,,,,,,,,,,,,,,,,,,,,,,,,,,,,,,,,,,nan,,,,,,,,,,,,,,,
854,-1.5041650533676147,-1.5041654478409328e-05,-0.0015041654478409328,9285.336153030396,10000,ppo,ppo,crawler,flat,obs_dth_tot_direct,,,,,,,,,,,,,,,-7.040178577359599e-07,0,781,0.0,0.0,,,,,,,,,,,,,,,,,,,,,,,,,,,,,,,,,,,,,,,,,,,,,,,,,,,,,,,,,,,,,,,,,,,,,,,,,,nan,,,,,,,,,,,,,,,
855,0.08403036743402481,8.402818707509141e-07,8.402818707509141e-05,9295.332855939865,10000,ppo,ppo,crawler,flat,obs_dth_tot_direct,,,,,,,,,,,,,,,9.380028166935783e-07,0,781,0.0,0.0,,,,,,,,,,,,,,,,,,,,,,,,,,,,,,,,,,,,,,,,,,,,,,,,,,,,,,,,,,,,,,,,,,,,,,,,,,nan,,,,,,,,,,,,,,,
856,-1.274726152420044,-1.2747233995469287e-05,-0.0012747233995469287,9305.316383838654,10000,ppo,ppo,crawler,flat,obs_dth_tot_direct,,,,,,,,,,,,,,,6.3740504039845e-07,0,781,0.0,0.0,,,,,,,,,,,,,,,,,,,,,,,,,,,,,,,,,,,,,,,,,,,,,,,,,,,,,,,,,,,,,,,,,,,,,,,,,,nan,,,,,,,,,,,,,,,
857,-1.183247447013855,-1.1832490599772427e-05,-0.0011832490599772427,9315.43500328064,10000,ppo,ppo,crawler,flat,obs_dth_tot_direct,,,,,,,,,,,,,,,3.040607222063746e-07,0,781,0.0,0.0,,,,,,,,,,,,,,,,,,,,,,,,,,,,,,,,,,,,,,,,,,,,,,,,,,,,,,,,,,,,,,,,,,,,,,,,,,nan,,,,,,,,,,,,,,,
858,0.3540218770503998,3.5402256344241323e-06,0.00035402256344241323,9326.286609649658,10000,ppo,ppo,crawler,flat,obs_dth_tot_direct,,,,,,,,,,,,,,,2.157795702067899e-06,0,781,0.0,0.0,,,,,,,,,,,,,,,,,,,,,,,,,,,,,,,,,,,,,,,,,,,,,,,,,,,,,,,,,,,,,,,,,,,,,,,,,,nan,,,,,,,,,,,,,,,
859,0.22660255432128906,2.266049705212936e-06,0.00022660497052129358,9336.106360912323,10000,ppo,ppo,crawler,flat,obs_dth_tot_direct,,,,,,,,,,,,,,,2.076918504912783e-06,0,781,0.0,0.0,,,,,,,,,,,,,,,,,,,,,,,,,,,,,,,,,,,,,,,,,,,,,,,,,,,,,,,,,,,,,,,,,,,,,,,,,,nan,,,,,,,,,,,,,,,
860,0.2029997855424881,2.0300196865719045e-06,0.00020300196865719045,9346.385291337967,10000,ppo,ppo,crawler,flat,obs_dth_tot_direct,,,,,,,,,,,,,,,-2.296058348977459e-06,0,781,0.0,0.0,,,,,,,,,,,,,,,,,,,,,,,,,,,,,,,,,,,,,,,,,,,,,,,,,,,,,,,,,,,,,,,,,,,,,,,,,,nan,,,,,,,,,,,,,,,
861,0.13339076936244965,1.3339271163204103e-06,0.00013339271163204103,9356.82596707344,10000,ppo,ppo,crawler,flat,obs_dth_tot_direct,,,,,,,,,,,,,,,-1.3306608158861325e-06,0,781,0.0,0.0,,,,,,,,,,,,,,,,,,,,,,,,,,,,,,,,,,,,,,,,,,,,,,,,,,,,,,,,,,,,,,,,,,,,,,,,,,nan,,,,,,,,,,,,,,,
862,0.49654293060302734,4.965424068359425e-06,0.0004965424068359425,9366.915181875229,10000,ppo,ppo,crawler,flat,obs_dth_tot_direct,,,,,,,,,,,,,,,3.0682845549149945e-07,0,781,0.0,0.0,,,,,,,,,,,,,,,,,,,,,,,,,,,,,,,,,,,,,,,,,,,,,,,,,,,,,,,,,,,,,,,,,,,,,,,,,,nan,,,,,,,,,,,,,,,
863,-1.8714849948883057,-1.871486529125832e-05,-0.001871486529125832,9376.726980924606,10000,ppo,ppo,crawler,flat,obs_dth_tot_direct,,,,,,,,,,,,,,,-1.6503608409940205e-07,0,781,0.0,0.0,,,,,,,,,,,,,,,,,,,,,,,,,,,,,,,,,,,,,,,,,,,,,,,,,,,,,,,,,,,,,,,,,,,,,,,,,,nan,,,,,,,,,,,,,,,
864,-0.1677744835615158,-1.6777452174210339e-06,-0.0001677745217421034,9386.840480804443,10000,ppo,ppo,crawler,flat,obs_dth_tot_direct,,,,,,,,,,,,,,,-3.732540543344964e-07,0,781,0.0,0.0,,,,,,,,,,,,,,,,,,,,,,,,,,,,,,,,,,,,,,,,,,,,,,,,,,,,,,,,,,,,,,,,,,,,,,,,,,nan,,,,,,,,,,,,,,,
865,0.11568999290466309,1.1569372873054817e-06,0.00011569372873054817,9398.347206830978,10000,ppo,ppo,crawler,flat,obs_dth_tot_direct,,,,,,,,,,,,,,,-1.4244191224535357e-06,0,781,0.0,0.0,,,,,,,,,,,,,,,,,,,,,,,,,,,,,,,,,,,,,,,,,,,,,,,,,,,,,,,,,,,,,,,,,,,,,,,,,,nan,,,,,,,,,,,,,,,
866,1.1901593208312988,1.1901607649633661e-05,0.001190160764963366,9409.812468767166,10000,ppo,ppo,crawler,flat,obs_dth_tot_direct,,,,,,,,,,,,,,,-1.447585324319163e-06,0,781,0.0,0.0,,,,,,,,,,,,,,,,,,,,,,,,,,,,,,,,,,,,,,,,,,,,,,,,,,,,,,,,,,,,,,,,,,,,,,,,,,nan,,,,,,,,,,,,,,,
867,0.7866795659065247,7.86682176112663e-06,0.000786682176112663,9420.962522983551,10000,ppo,ppo,crawler,flat,obs_dth_tot_direct,,,,,,,,,,,,,,,6.825068104587657e-07,0,781,0.0,0.0,,,,,,,,,,,,,,,,,,,,,,,,,,,,,,,,,,,,,,,,,,,,,,,,,,,,,,,,,,,,,,,,,,,,,,,,,,nan,,,,,,,,,,,,,,,
868,-0.41617855429649353,-4.161750894127181e-06,-0.0004161750894127181,9433.514340162277,10000,ppo,ppo,crawler,flat,obs_dth_tot_direct,,,,,,,,,,,,,,,7.57852595456889e-06,0,781,0.0,0.0,,,,,,,,,,,,,,,,,,,,,,,,,,,,,,,,,,,,,,,,,,,,,,,,,,,,,,,,,,,,,,,,,,,,,,,,,,nan,,,,,,,,,,,,,,,
869,-0.27247124910354614,-2.7246790068602422e-06,-0.0002724679006860242,9444.84901189804,10000,ppo,ppo,crawler,flat,obs_dth_tot_direct,,,,,,,,,,,,,,,-1.3355463838607798e-06,0,781,0.0,0.0,,,,,,,,,,,,,,,,,,,,,,,,,,,,,,,,,,,,,,,,,,,,,,,,,,,,,,,,,,,,,,,,,,,,,,,,,,nan,,,,,,,,,,,,,,,
870,-1.3746508359909058,-1.3746544027526397e-05,-0.0013746544027526397,9458.999650239944,10000,ppo,ppo,crawler,flat,obs_dth_tot_direct,,,,,,,,,,,,,,,-5.383290131021859e-06,0,781,0.0,0.0,,,,,,,,,,,,,,,,,,,,,,,,,,,,,,,,,,,,,,,,,,,,,,,,,,,,,,,,,,,,,,,,,,,,,,,,,,nan,,,,,,,,,,,,,,,
871,0.9337774515151978,9.337781193607952e-06,0.0009337781193607952,9477.89699435234,10000,ppo,ppo,crawler,flat,obs_dth_tot_direct,,,,,,,,,,,,,,,-2.669270666704898e-07,0,781,0.0,0.0,,,,,,,,,,,,,,,,,,,,,,,,,,,,,,,,,,,,,,,,,,,,,,,,,,,,,,,,,,,,,,,,,,,,,,,,,,nan,,,,,,,,,,,,,,,
872,-0.21137571334838867,-2.113759364874568e-06,-0.00021137593648745678,9491.210221767426,10000,ppo,ppo,crawler,flat,obs_dth_tot_direct,,,,,,,,,,,,,,,-1.3327595709838574e-06,0,781,0.0,0.0,,,,,,,,,,,,,,,,,,,,,,,,,,,,,,,,,,,,,,,,,,,,,,,,,,,,,,,,,,,,,,,,,,,,,,,,,,nan,,,,,,,,,,,,,,,
873,0.0035014867316931486,3.503710033214702e-08,3.503710033214702e-06,9501.580201387405,10000,ppo,ppo,crawler,flat,obs_dth_tot_direct,,,,,,,,,,,,,,,-2.701002412813116e-07,0,781,0.0,0.0,,,,,,,,,,,,,,,,,,,,,,,,,,,,,,,,,,,,,,,,,,,,,,,,,,,,,,,,,,,,,,,,,,,,,,,,,,nan,,,,,,,,,,,,,,,
874,-0.15657484531402588,-1.565735942676838e-06,-0.0001565735942676838,9512.600715398788,10000,ppo,ppo,crawler,flat,obs_dth_tot_direct,,,,,,,,,,,,,,,2.8756069121989644e-06,0,781,0.0,0.0,,,,,,,,,,,,,,,,,,,,,,,,,,,,,,,,,,,,,,,,,,,,,,,,,,,,,,,,,,,,,,,,,,,,,,,,,,nan,,,,,,,,,,,,,,,
875,0.5109625458717346,5.109657195134787e-06,0.0005109657195134787,9523.443865776062,10000,ppo,ppo,crawler,flat,obs_dth_tot_direct,,,,,,,,,,,,,,,9.266960120994821e-06,0,781,0.0,0.0,,,,,,,,,,,,,,,,,,,,,,,,,,,,,,,,,,,,,,,,,,,,,,,,,,,,,,,,,,,,,,,,,,,,,,,,,,nan,,,,,,,,,,,,,,,
876,1.2877517938613892,1.2877547305834014e-05,0.0012877547305834014,9534.388574123383,10000,ppo,ppo,crawler,flat,obs_dth_tot_direct,,,,,,,,,,,,,,,-2.702886522503119e-06,0,781,0.0,0.0,,,,,,,,,,,,,,,,,,,,,,,,,,,,,,,,,,,,,,,,,,,,,,,,,,,,,,,,,,,,,,,,,,,,,,,,,,nan,,,,,,,,,,,,,,,
877,-0.6605739593505859,-6.605724138353253e-06,-0.0006605724138353253,9545.564006567001,10000,ppo,ppo,crawler,flat,obs_dth_tot_direct,,,,,,,,,,,,,,,-1.8770287764972975e-06,0,781,0.0,0.0,,,,,,,,,,,,,,,,,,,,,,,,,,,,,,,,,,,,,,,,,,,,,,,,,,,,,,,,,,,,,,,,,,,,,,,,,,nan,,,,,,,,,,,,,,,
878,-0.5625002980232239,-5.625033281830838e-06,-0.0005625033281830838,9555.397688388824,10000,ppo,ppo,crawler,flat,obs_dth_tot_direct,,,,,,,,,,,,,,,-4.2329266877241535e-06,0,781,0.0,0.0,,,,,,,,,,,,,,,,,,,,,,,,,,,,,,,,,,,,,,,,,,,,,,,,,,,,,,,,,,,,,,,,,,,,,,,,,,nan,,,,,,,,,,,,,,,
879,-1.6650596857070923,-1.6650581528665498e-05,-0.0016650581528665498,9565.557903051376,10000,ppo,ppo,crawler,flat,obs_dth_tot_direct,,,,,,,,,,,,,,,-1.5994660298741887e-07,0,781,0.0,0.0,,,,,,,,,,,,,,,,,,,,,,,,,,,,,,,,,,,,,,,,,,,,,,,,,,,,,,,,,,,,,,,,,,,,,,,,,,nan,,,,,,,,,,,,,,,
880,1.619508981704712,1.6195092030102387e-05,0.0016195092030102387,9575.123143196106,10000,ppo,ppo,crawler,flat,obs_dth_tot_direct,,,,,,,,,,,,,,,-4.956170811619557e-06,0,781,0.0,0.0,,,,,,,,,,,,,,,,,,,,,,,,,,,,,,,,,,,,,,,,,,,,,,,,,,,,,,,,,,,,,,,,,,,,,,,,,,nan,,,,,,,,,,,,,,,
881,0.025987958535552025,2.5988370566665253e-07,2.5988370566665253e-05,9584.59565114975,10000,ppo,ppo,crawler,flat,obs_dth_tot_direct,,,,,,,,,,,,,,,-3.3964547263064856e-06,0,781,0.0,0.0,,,,,,,,,,,,,,,,,,,,,,,,,,,,,,,,,,,,,,,,,,,,,,,,,,,,,,,,,,,,,,,,,,,,,,,,,,nan,,,,,,,,,,,,,,,
882,-0.4975416362285614,-4.975375304638874e-06,-0.0004975375304638874,9594.863443136215,10000,ppo,ppo,crawler,flat,obs_dth_tot_direct,,,,,,,,,,,,,,,-1.3005973415857088e-06,0,781,0.0,0.0,,,,,,,,,,,,,,,,,,,,,,,,,,,,,,,,,,,,,,,,,,,,,,,,,,,,,,,,,,,,,,,,,,,,,,,,,,nan,,,,,,,,,,,,,,,
883,-0.9921092987060547,-9.9210756161483e-06,-0.00099210756161483,9605.428147554398,10000,ppo,ppo,crawler,flat,obs_dth_tot_direct,,,,,,,,,,,,,,,2.7848691435080026e-07,0,781,0.0,0.0,,,,,,,,,,,,,,,,,,,,,,,,,,,,,,,,,,,,,,,,,,,,,,,,,,,,,,,,,,,,,,,,,,,,,,,,,,nan,,,,,,,,,,,,,,,
884,0.46343451738357544,4.6343398025783245e-06,0.00046343398025783245,9615.403305768967,10000,ppo,ppo,crawler,flat,obs_dth_tot_direct,,,,,,,,,,,,,,,-1.3867071167912893e-06,0,781,0.0,0.0,,,,,,,,,,,,,,,,,,,,,,,,,,,,,,,,,,,,,,,,,,,,,,,,,,,,,,,,,,,,,,,,,,,,,,,,,,nan,,,,,,,,,,,,,,,
885,0.5284817218780518,5.284870894683991e-06,0.0005284870894683991,9625.846715688705,10000,ppo,ppo,crawler,flat,obs_dth_tot_direct,,,,,,,,,,,,,,,7.3794399539578736e-06,0,781,0.0,0.0,,,,,,,,,,,,,,,,,,,,,,,,,,,,,,,,,,,,,,,,,,,,,,,,,,,,,,,,,,,,,,,,,,,,,,,,,,nan,,,,,,,,,,,,,,,
886,-0.6899793744087219,-6.899813342897687e-06,-0.0006899813342897687,9636.02352976799,10000,ppo,ppo,crawler,flat,obs_dth_tot_direct,,,,,,,,,,,,,,,-8.543432188171432e-06,0,781,0.0,0.0,,,,,,,,,,,,,,,,,,,,,,,,,,,,,,,,,,,,,,,,,,,,,,,,,,,,,,,,,,,,,,,,,,,,,,,,,,nan,,,,,,,,,,,,,,,
887,-0.8549043536186218,-8.54907284519868e-06,-0.000854907284519868,9645.966383934021,10000,ppo,ppo,crawler,flat,obs_dth_tot_direct,,,,,,,,,,,,,,,-9.864272976654287e-06,0,781,0.0,0.0,,,,,,,,,,,,,,,,,,,,,,,,,,,,,,,,,,,,,,,,,,,,,,,,,,,,,,,,,,,,,,,,,,,,,,,,,,nan,,,,,,,,,,,,,,,
888,-0.45745649933815,-4.57455371360993e-06,-0.000457455371360993,9655.491503238678,10000,ppo,ppo,crawler,flat,obs_dth_tot_direct,,,,,,,,,,,,,,,-8.72041090426158e-07,0,781,0.0,0.0,,,,,,,,,,,,,,,,,,,,,,,,,,,,,,,,,,,,,,,,,,,,,,,,,,,,,,,,,,,,,,,,,,,,,,,,,,nan,,,,,,,,,,,,,,,
889,0.2915162742137909,2.9151615308364853e-06,0.00029151615308364853,9665.277638435364,10000,ppo,ppo,crawler,flat,obs_dth_tot_direct,,,,,,,,,,,,,,,-3.4229300448744917e-06,0,781,0.0,0.0,,,,,,,,,,,,,,,,,,,,,,,,,,,,,,,,,,,,,,,,,,,,,,,,,,,,,,,,,,,,,,,,,,,,,,,,,,nan,,,,,,,,,,,,,,,
890,-0.22186414897441864,-2.218583858848433e-06,-0.0002218583858848433,9675.54440665245,10000,ppo,ppo,crawler,flat,obs_dth_tot_direct,,,,,,,,,,,,,,,-1.6646490703013734e-05,0,781,0.0,0.0,,,,,,,,,,,,,,,,,,,,,,,,,,,,,,,,,,,,,,,,,,,,,,,,,,,,,,,,,,,,,,,,,,,,,,,,,,nan,,,,,,,,,,,,,,,
891,0.2096559852361679,2.0965985640941653e-06,0.00020965985640941653,9685.582411050797,10000,ppo,ppo,crawler,flat,obs_dth_tot_direct,,,,,,,,,,,,,,,-9.246029808792964e-06,0,781,0.0,0.0,,,,,,,,,,,,,,,,,,,,,,,,,,,,,,,,,,,,,,,,,,,,,,,,,,,,,,,,,,,,,,,,,,,,,,,,,,nan,,,,,,,,,,,,,,,
892,0.0015321016544476151,1.5336972580826114e-08,1.5336972580826114e-06,9696.744508743286,10000,ppo,ppo,crawler,flat,obs_dth_tot_direct,,,,,,,,,,,,,,,0.0,0,781,0.0,0.0,,,,,,,,,,,,,,,,,,,,,,,,,,,,,,,,,,,,,,,,,,,,,,,,,,,,,,,,,,,,,,,,,,,,,,,,,,nan,,,,,,,,,,,,,,,
893,-0.3891793191432953,-3.8917733036214486e-06,-0.00038917733036214486,9707.062730550766,10000,ppo,ppo,crawler,flat,obs_dth_tot_direct,,,,,,,,,,,,,,,-4.411663468950994e-05,0,781,0.0,0.0,,,,,,,,,,,,,,,,,,,,,,,,,,,,,,,,,,,,,,,,,,,,,,,,,,,,,,,,,,,,,,,,,,,,,,,,,,nan,,,,,,,,,,,,,,,
894,0.2078409641981125,2.078393890769803e-06,0.0002078393890769803,9718.133370876312,10000,ppo,ppo,crawler,flat,obs_dth_tot_direct,,,,,,,,,,,,,,,-2.2401720781485036e-05,0,781,0.0,0.0,,,,,,,,,,,,,,,,,,,,,,,,,,,,,,,,,,,,,,,,,,,,,,,,,,,,,,,,,,,,,,,,,,,,,,,,,,nan,,,,,,,,,,,,,,,
895,0.17398786544799805,1.7398980389771168e-06,0.00017398980389771168,9729.728387832642,10000,ppo,ppo,crawler,flat,obs_dth_tot_direct,,,,,,,,,,,,,,,0.0,0,781,0.0,0.0,,,,,,,,,,,,,,,,,,,,,,,,,,,,,,,,,,,,,,,,,,,,,,,,,,,,,,,,,,,,,,,,,,,,,,,,,,nan,,,,,,,,,,,,,,,
896,-1.203212022781372,-1.2032093763991725e-05,-0.0012032093763991725,9740.804226875305,10000,ppo,ppo,crawler,flat,obs_dth_tot_direct,,,,,,,,,,,,,,,-4.1521639681198225e-06,0,781,0.0,0.0,,,,,,,,,,,,,,,,,,,,,,,,,,,,,,,,,,,,,,,,,,,,,,,,,,,,,,,,,,,,,,,,,,,,,,,,,,nan,,,,,,,,,,,,,,,
897,-1.387658715248108,-1.3876589946448803e-05,-0.0013876589946448803,9751.941623210907,10000,ppo,ppo,crawler,flat,obs_dth_tot_direct,,,,,,,,,,,,,,,7.4733759392238915e-06,0,781,0.0,0.0,,,,,,,,,,,,,,,,,,,,,,,,,,,,,,,,,,,,,,,,,,,,,,,,,,,,,,,,,,,,,,,,,,,,,,,,,,nan,,,,,,,,,,,,,,,
898,-0.06050288677215576,-6.050018441783322e-07,-6.0500184417833225e-05,9763.42371726036,10000,ppo,ppo,crawler,flat,obs_dth_tot_direct,,,,,,,,,,,,,,,-0.010644949148629677,0,781,0.0,0.0,,,,,,,,,,,,,,,,,,,,,,,,,,,,,,,,,,,,,,,,,,,,,,,,,,,,,,,,,,,,,,,,,,,,,,,,,,nan,,,,,,,,,,,,,,,
899,0.362097829580307,3.6209894460625947e-06,0.00036209894460625947,9774.828758239746,10000,ppo,ppo,crawler,flat,obs_dth_tot_direct,,,,,,,,,,,,,,,-3.506340057840726e-07,0,781,0.0,0.0,,,,,,,,,,,,,,,,,,,,,,,,,,,,,,,,,,,,,,,,,,,,,,,,,,,,,,,,,,,,,,,,,,,,,,,,,,nan,,,,,,,,,,,,,,,
900,1.2027193307876587,1.202722796733724e-05,0.001202722796733724,9785.515265464783,10000,ppo,ppo,crawler,flat,obs_dth_tot_direct,,,,,,,,,,,,,,,-1.0836867093276733e-05,0,781,0.0,0.0,,,,,,,,,,,,,,,,,,,,,,,,,,,,,,,,,,,,,,,,,,,,,,,,,,,,,,,,,,,,,,,,,,,,,,,,,,nan,,,,,,,,,,,,,,,
901,-0.36713242530822754,-3.6712958717544097e-06,-0.000367129587175441,9795.644160032272,10000,ppo,ppo,crawler,flat,obs_dth_tot_direct,,,,,,,,,,,,,,,-1.474664988957355e-05,0,781,0.0,0.0,,,,,,,,,,,,,,,,,,,,,,,,,,,,,,,,,,,,,,,,,,,,,,,,,,,,,,,,,,,,,,,,,,,,,,,,,,nan,,,,,,,,,,,,,,,
902,1.2580223083496094,1.2580227121361531e-05,0.0012580227121361531,9805.655668735504,10000,ppo,ppo,crawler,flat,obs_dth_tot_direct,,,,,,,,,,,,,,,3.3486499743257075e-05,0,781,0.0,0.0,,,,,,,,,,,,,,,,,,,,,,,,,,,,,,,,,,,,,,,,,,,,,,,,,,,,,,,,,,,,,,,,,,,,,,,,,,nan,,,,,,,,,,,,,,,
903,0.23101380467414856,2.31014587370737e-06,0.000231014587370737,9816.023919343948,10000,ppo,ppo,crawler,flat,obs_dth_tot_direct,,,,,,,,,,,,,,,-1.610989149340289e-05,0,781,0.0,0.0,,,,,,,,,,,,,,,,,,,,,,,,,,,,,,,,,,,,,,,,,,,,,,,,,,,,,,,,,,,,,,,,,,,,,,,,,,nan,,,,,,,,,,,,,,,
904,-0.6934378743171692,-6.934360953891883e-06,-0.0006934360953891883,9826.55395245552,10000,ppo,ppo,crawler,flat,obs_dth_tot_direct,,,,,,,,,,,,,,,-8.92802428993159e-06,0,781,0.0,0.0,,,,,,,,,,,,,,,,,,,,,,,,,,,,,,,,,,,,,,,,,,,,,,,,,,,,,,,,,,,,,,,,,,,,,,,,,,nan,,,,,,,,,,,,,,,
905,-0.3173622786998749,-3.1735921766085085e-06,-0.00031735921766085085,9836.585245132446,10000,ppo,ppo,crawler,flat,obs_dth_tot_direct,,,,,,,,,,,,,,,-1.6857245066483408e-05,0,781,0.0,0.0,,,,,,,,,,,,,,,,,,,,,,,,,,,,,,,,,,,,,,,,,,,,,,,,,,,,,,,,,,,,,,,,,,,,,,,,,,nan,,,,,,,,,,,,,,,
906,0.05236408859491348,5.236425977273029e-07,5.236425977273029e-05,9847.368237257004,10000,ppo,ppo,crawler,flat,obs_dth_tot_direct,,,,,,,,,,,,,,,-3.5056892052655333e-05,0,781,0.0,0.0,,,,,,,,,,,,,,,,,,,,,,,,,,,,,,,,,,,,,,,,,,,,,,,,,,,,,,,,,,,,,,,,,,,,,,,,,,nan,,,,,,,,,,,,,,,
907,-1.0338990688323975,-1.0338981155655347e-05,-0.0010338981155655347,9857.59967160225,10000,ppo,ppo,crawler,flat,obs_dth_tot_direct,,,,,,,,,,,,,,,-3.2767145471139386e-05,0,781,0.0,0.0,,,,,,,,,,,,,,,,,,,,,,,,,,,,,,,,,,,,,,,,,,,,,,,,,,,,,,,,,,,,,,,,,,,,,,,,,,nan,,,,,,,,,,,,,,,
908,0.6114559173583984,6.114602911111433e-06,0.0006114602911111433,9867.830911159515,10000,ppo,ppo,crawler,flat,obs_dth_tot_direct,,,,,,,,,,,,,,,-0.04367887243156282,0,781,0.0,0.0,,,,,,,,,,,,,,,,,,,,,,,,,,,,,,,,,,,,,,,,,,,,,,,,,,,,,,,,,,,,,,,,,,,,,,,,,,nan,,,,,,,,,,,,,,,
909,-1.1957101821899414,-1.1957108654314652e-05,-0.0011957108654314652,9878.260019302368,10000,ppo,ppo,crawler,flat,obs_dth_tot_direct,,,,,,,,,,,,,,,0.0,0,781,0.0,0.0,,,,,,,,,,,,,,,,,,,,,,,,,,,,,,,,,,,,,,,,,,,,,,,,,,,,,,,,,,,,,,,,,,,,,,,,,,nan,,,,,,,,,,,,,,,
910,0.164502814412117,1.645041947995196e-06,0.0001645041947995196,9888.754781484604,10000,ppo,ppo,crawler,flat,obs_dth_tot_direct,,,,,,,,,,,,,,,-0.00024939915725768146,0,781,0.0,0.0,,,,,,,,,,,,,,,,,,,,,,,,,,,,,,,,,,,,,,,,,,,,,,,,,,,,,,,,,,,,,,,,,,,,,,,,,,nan,,,,,,,,,,,,,,,
911,2.484128713607788,2.484133256075438e-05,0.002484133256075438,9899.300452709198,10000,ppo,ppo,crawler,flat,obs_dth_tot_direct,,,,,,,,,,,,,,,-0.00011717809886503464,0,781,0.0,0.0,,,,,,,,,,,,,,,,,,,,,,,,,,,,,,,,,,,,,,,,,,,,,,,,,,,,,,,,,,,,,,,,,,,,,,,,,,nan,,,,,,,,,,,,,,,
912,1.0592159032821655,1.0592181752144825e-05,0.0010592181752144825,9909.760947704315,10000,ppo,ppo,crawler,flat,obs_dth_tot_direct,,,,,,,,,,,,,,,0.0,0,781,0.0,0.0,,,,,,,,,,,,,,,,,,,,,,,,,,,,,,,,,,,,,,,,,,,,,,,,,,,,,,,,,,,,,,,,,,,,,,,,,,nan,,,,,,,,,,,,,,,
913,-0.5530059933662415,-5.530052476387937e-06,-0.0005530052476387937,9920.051171302795,10000,ppo,ppo,crawler,flat,obs_dth_tot_direct,,,,,,,,,,,,,,,-1.6597472846736982e-05,0,781,0.0,0.0,,,,,,,,,,,,,,,,,,,,,,,,,,,,,,,,,,,,,,,,,,,,,,,,,,,,,,,,,,,,,,,,,,,,,,,,,,nan,,,,,,,,,,,,,,,
914,0.20279407501220703,2.0279396721889498e-06,0.00020279396721889498,9929.724157810211,10000,ppo,ppo,crawler,flat,obs_dth_tot_direct,,,,,,,,,,,,,,,-3.2320970409429336e-05,0,781,0.0,0.0,,,,,,,,,,,,,,,,,,,,,,,,,,,,,,,,,,,,,,,,,,,,,,,,,,,,,,,,,,,,,,,,,,,,,,,,,,nan,,,,,,,,,,,,,,,
915,0.13520494103431702,1.3520754009732627e-06,0.00013520754009732627,9939.818488359451,10000,ppo,ppo,crawler,flat,obs_dth_tot_direct,,,,,,,,,,,,,,,-3.416789039759569e-05,0,781,0.0,0.0,,,,,,,,,,,,,,,,,,,,,,,,,,,,,,,,,,,,,,,,,,,,,,,,,,,,,,,,,,,,,,,,,,,,,,,,,,nan,,,,,,,,,,,,,,,
916,-0.5700007677078247,-5.699943812942365e-06,-0.0005699943812942365,9949.647763967514,10000,ppo,ppo,crawler,flat,obs_dth_tot_direct,,,,,,,,,,,,,,,-0.012202345950960656,0,781,0.0,0.0,,,,,,,,,,,,,,,,,,,,,,,,,,,,,,,,,,,,,,,,,,,,,,,,,,,,,,,,,,,,,,,,,,,,,,,,,,nan,,,,,,,,,,,,,,,
917,-0.9111360907554626,-9.111334293265827e-06,-0.0009111334293265827,9959.24443268776,10000,ppo,ppo,crawler,flat,obs_dth_tot_direct,,,,,,,,,,,,,,,-0.00011790239832885135,0,781,0.0,0.0,,,,,,,,,,,,,,,,,,,,,,,,,,,,,,,,,,,,,,,,,,,,,,,,,,,,,,,,,,,,,,,,,,,,,,,,,,nan,,,,,,,,,,,,,,,
918,0.06141844019293785,6.14186831171537e-07,6.14186831171537e-05,9970.179273605347,10000,ppo,ppo,crawler,flat,obs_dth_tot_direct,,,,,,,,,,,,,,,-8.043461144161286e-05,0,781,0.0,0.0,,,,,,,,,,,,,,,,,,,,,,,,,,,,,,,,,,,,,,,,,,,,,,,,,,,,,,,,,,,,,,,,,,,,,,,,,,nan,,,,,,,,,,,,,,,
919,0.33715662360191345,3.371636466908967e-06,0.0003371636466908967,9981.011024475098,10000,ppo,ppo,crawler,flat,obs_dth_tot_direct,,,,,,,,,,,,,,,0.0,0,781,0.0,0.0,,,,,,,,,,,,,,,,,,,,,,,,,,,,,,,,,,,,,,,,,,,,,,,,,,,,,,,,,,,,,,,,,,,,,,,,,,nan,,,,,,,,,,,,,,,
920,0.2113727629184723,2.1137452677066904e-06,0.00021137452677066904,9990.946200847626,10000,ppo,ppo,crawler,flat,obs_dth_tot_direct,,,,,,,,,,,,,,,-0.00019805875658111292,0,781,0.0,0.0,,,,,,,,,,,,,,,,,,,,,,,,,,,,,,,,,,,,,,,,,,,,,,,,,,,,,,,,,,,,,,,,,,,,,,,,,,nan,,,,,,,,,,,,,,,
921,1.0815973281860352,1.0815991117851809e-05,0.0010815991117851809,10001.511680603027,10000,ppo,ppo,crawler,flat,obs_dth_tot_direct,,,,,,,,,,,,,,,-2.0992436545224867e-05,0,781,0.0,0.0,,,,,,,,,,,,,,,,,,,,,,,,,,,,,,,,,,,,,,,,,,,,,,,,,,,,,,,,,,,,,,,,,,,,,,,,,,nan,,,,,,,,,,,,,,,
922,0.8701078295707703,8.701113983988762e-06,0.0008701113983988762,10011.972594499588,10000,ppo,ppo,crawler,flat,obs_dth_tot_direct,,,,,,,,,,,,,,,0.0,0,781,0.0,0.0,,,,,,,,,,,,,,,,,,,,,,,,,,,,,,,,,,,,,,,,,,,,,,,,,,,,,,,,,,,,,,,,,,,,,,,,,,nan,,,,,,,,,,,,,,,
923,0.7971817851066589,7.97182565293042e-06,0.000797182565293042,10023.260672330856,10000,ppo,ppo,crawler,flat,obs_dth_tot_direct,,,,,,,,,,,,,,,-0.00019600262886888698,0,781,0.0,0.0,,,,,,,,,,,,,,,,,,,,,,,,,,,,,,,,,,,,,,,,,,,,,,,,,,,,,,,,,,,,,,,,,,,,,,,,,,nan,,,,,,,,,,,,,,,
924,0.9489752650260925,9.489783224125858e-06,0.0009489783224125858,10033.689961910248,10000,ppo,ppo,crawler,flat,obs_dth_tot_direct,,,,,,,,,,,,,,,-1.4546899680673085e-05,0,781,0.0,0.0,,,,,,,,,,,,,,,,,,,,,,,,,,,,,,,,,,,,,,,,,,,,,,,,,,,,,,,,,,,,,,,,,,,,,,,,,,nan,,,,,,,,,,,,,,,
925,-0.23673982918262482,-2.367391061852686e-06,-0.0002367391061852686,10044.584978818893,10000,ppo,ppo,crawler,flat,obs_dth_tot_direct,,,,,,,,,,,,,,,-4.523818914166791e-06,0,781,0.0,0.0,,,,,,,,,,,,,,,,,,,,,,,,,,,,,,,,,,,,,,,,,,,,,,,,,,,,,,,,,,,,,,,,,,,,,,,,,,nan,,,,,,,,,,,,,,,
926,1.6497513055801392,1.6497533579240553e-05,0.0016497533579240553,10054.747927904129,10000,ppo,ppo,crawler,flat,obs_dth_tot_direct,,,,,,,,,,,,,,,1.7863007860971322e-05,0,781,0.0,0.0,,,,,,,,,,,,,,,,,,,,,,,,,,,,,,,,,,,,,,,,,,,,,,,,,,,,,,,,,,,,,,,,,,,,,,,,,,nan,,,,,,,,,,,,,,,
927,-0.44055065512657166,-4.40550275015994e-06,-0.000440550275015994,10064.626742839813,10000,ppo,ppo,crawler,flat,obs_dth_tot_direct,,,,,,,,,,,,,,,-2.7252642602377146e-05,0,781,0.0,0.0,,,,,,,,,,,,,,,,,,,,,,,,,,,,,,,,,,,,,,,,,,,,,,,,,,,,,,,,,,,,,,,,,,,,,,,,,,nan,,,,,,,,,,,,,,,
928,-0.6287660598754883,-6.287692485784646e-06,-0.0006287692485784646,10076.003648042679,10000,ppo,ppo,crawler,flat,obs_dth_tot_direct,,,,,,,,,,,,,,,7.608273423130167e-07,0,781,0.0,0.0,,,,,,,,,,,,,,,,,,,,,,,,,,,,,,,,,,,,,,,,,,,,,,,,,,,,,,,,,,,,,,,,,,,,,,,,,,nan,,,,,,,,,,,,,,,
929,0.9806639552116394,9.806705747905653e-06,0.0009806705747905653,10086.946585655212,10000,ppo,ppo,crawler,flat,obs_dth_tot_direct,,,,,,,,,,,,,,,-1.1684954948675617e-05,0,781,0.0,0.0,,,,,,,,,,,,,,,,,,,,,,,,,,,,,,,,,,,,,,,,,,,,,,,,,,,,,,,,,,,,,,,,,,,,,,,,,,nan,,,,,,,,,,,,,,,
930,0.07396846264600754,7.397101740025391e-07,7.397101740025391e-05,10096.222850322723,10000,ppo,ppo,crawler,flat,obs_dth_tot_direct,,,,,,,,,,,,,,,-1.9507521999553894e-05,0,781,0.0,0.0,,,,,,,,,,,,,,,,,,,,,,,,,,,,,,,,,,,,,,,,,,,,,,,,,,,,,,,,,,,,,,,,,,,,,,,,,,nan,,,,,,,,,,,,,,,
931,-0.17206361889839172,-1.7205954918608768e-06,-0.00017205954918608768,10106.649983406067,10000,ppo,ppo,crawler,flat,obs_dth_tot_direct,,,,,,,,,,,,,,,-1.1659052017861536e-05,0,781,0.0,0.0,,,,,,,,,,,,,,,,,,,,,,,,,,,,,,,,,,,,,,,,,,,,,,,,,,,,,,,,,,,,,,,,,,,,,,,,,,nan,,,,,,,,,,,,,,,
932,-1.0463923215866089,-1.0463906619406771e-05,-0.001046390661940677,10116.967583179474,10000,ppo,ppo,crawler,flat,obs_dth_tot_direct,,,,,,,,,,,,,,,-0.0023552375856343366,0,781,0.0,0.0,,,,,,,,,,,,,,,,,,,,,,,,,,,,,,,,,,,,,,,,,,,,,,,,,,,,,,,,,,,,,,,,,,,,,,,,,,nan,,,,,,,,,,,,,,,
933,-0.8559592366218567,-8.559575690014753e-06,-0.0008559575690014753,10127.425615549088,10000,ppo,ppo,crawler,flat,obs_dth_tot_direct,,,,,,,,,,,,,,,-1.989065332006706e-05,0,781,0.0,0.0,,,,,,,,,,,,,,,,,,,,,,,,,,,,,,,,,,,,,,,,,,,,,,,,,,,,,,,,,,,,,,,,,,,,,,,,,,nan,,,,,,,,,,,,,,,
934,0.24345560371875763,2.4345754354726523e-06,0.00024345754354726523,10137.623326539993,10000,ppo,ppo,crawler,flat,obs_dth_tot_direct,,,,,,,,,,,,,,,2.872910369640734e-05,0,781,0.0,0.0,,,,,,,,,,,,,,,,,,,,,,,,,,,,,,,,,,,,,,,,,,,,,,,,,,,,,,,,,,,,,,,,,,,,,,,,,,nan,,,,,,,,,,,,,,,
935,0.6735859513282776,6.735835995641537e-06,0.0006735835995641537,10148.100273132324,10000,ppo,ppo,crawler,flat,obs_dth_tot_direct,,,,,,,,,,,,,,,-7.34769568686754e-05,0,781,0.0,0.0,,,,,,,,,,,,,,,,,,,,,,,,,,,,,,,,,,,,,,,,,,,,,,,,,,,,,,,,,,,,,,,,,,,,,,,,,,nan,,,,,,,,,,,,,,,
936,-0.28744006156921387,-2.8743747861881275e-06,-0.00028743747861881275,10158.148508787155,10000,ppo,ppo,crawler,flat,obs_dth_tot_direct,,,,,,,,,,,,,,,1.572972466446526e-05,0,781,0.0,0.0,,,,,,,,,,,,,,,,,,,,,,,,,,,,,,,,,,,,,,,,,,,,,,,,,,,,,,,,,,,,,,,,,,,,,,,,,,nan,,,,,,,,,,,,,,,
937,0.5579859614372253,5.579897788265953e-06,0.0005579897788265953,10168.308452367783,10000,ppo,ppo,crawler,flat,obs_dth_tot_direct,,,,,,,,,,,,,,,-0.013521846715317951,0,781,0.0,0.0,,,,,,,,,,,,,,,,,,,,,,,,,,,,,,,,,,,,,,,,,,,,,,,,,,,,,,,,,,,,,,,,,,,,,,,,,,nan,,,,,,,,,,,,,,,
938,-0.427385151386261,-4.2738488446047995e-06,-0.00042738488446047995,10178.18231678009,10000,ppo,ppo,crawler,flat,obs_dth_tot_direct,,,,,,,,,,,,,,,0.0,0,781,0.0,0.0,,,,,,,,,,,,,,,,,,,,,,,,,,,,,,,,,,,,,,,,,,,,,,,,,,,,,,,,,,,,,,,,,,,,,,,,,,nan,,,,,,,,,,,,,,,
939,-0.4530685544013977,-4.5307338041311596e-06,-0.00045307338041311596,10188.829273462296,10000,ppo,ppo,crawler,flat,obs_dth_tot_direct,,,,,,,,,,,,,,,-9.991097408281246e-06,0,781,0.0,0.0,,,,,,,,,,,,,,,,,,,,,,,,,,,,,,,,,,,,,,,,,,,,,,,,,,,,,,,,,,,,,,,,,,,,,,,,,,nan,,,,,,,,,,,,,,,
940,-0.03465685993432999,-3.465422935278184e-07,-3.465422935278184e-05,10198.833455324173,10000,ppo,ppo,crawler,flat,obs_dth_tot_direct,,,,,,,,,,,,,,,-1.4066101122223004e-05,0,781,0.0,0.0,,,,,,,,,,,,,,,,,,,,,,,,,,,,,,,,,,,,,,,,,,,,,,,,,,,,,,,,,,,,,,,,,,,,,,,,,,nan,,,,,,,,,,,,,,,
941,-0.11720996350049973,-1.1720678685378516e-06,-0.00011720678685378516,10209.563899993896,10000,ppo,ppo,crawler,flat,obs_dth_tot_direct,,,,,,,,,,,,,,,2.4296438724527593e-05,0,781,0.0,0.0,,,,,,,,,,,,,,,,,,,,,,,,,,,,,,,,,,,,,,,,,,,,,,,,,,,,,,,,,,,,,,,,,,,,,,,,,,nan,,,,,,,,,,,,,,,
942,-0.14740703999996185,-1.4740925280420925e-06,-0.00014740925280420925,10219.9193379879,10000,ppo,ppo,crawler,flat,obs_dth_tot_direct,,,,,,,,,,,,,,,-2.4351630021225322e-05,0,781,0.0,0.0,,,,,,,,,,,,,,,,,,,,,,,,,,,,,,,,,,,,,,,,,,,,,,,,,,,,,,,,,,,,,,,,,,,,,,,,,,nan,,,,,,,,,,,,,,,
943,0.030179714784026146,3.0176741461218626e-07,3.0176741461218626e-05,10230.640437364578,10000,ppo,ppo,crawler,flat,obs_dth_tot_direct,,,,,,,,,,,,,,,-7.661543643428787e-06,0,781,0.0,0.0,,,,,,,,,,,,,,,,,,,,,,,,,,,,,,,,,,,,,,,,,,,,,,,,,,,,,,,,,,,,,,,,,,,,,,,,,,nan,,,,,,,,,,,,,,,
944,-0.21852636337280273,-2.1852833924640436e-06,-0.00021852833924640436,10241.73559808731,10000,ppo,ppo,crawler,flat,obs_dth_tot_direct,,,,,,,,,,,,,,,-5.070242921078862e-06,0,781,0.0,0.0,,,,,,,,,,,,,,,,,,,,,,,,,,,,,,,,,,,,,,,,,,,,,,,,,,,,,,,,,,,,,,,,,,,,,,,,,,nan,,,,,,,,,,,,,,,
945,-0.7912883162498474,-7.912876753835008e-06,-0.0007912876753835008,10252.559556007385,10000,ppo,ppo,crawler,flat,obs_dth_tot_direct,,,,,,,,,,,,,,,-7.644942013615988e-07,0,781,0.0,0.0,,,,,,,,,,,,,,,,,,,,,,,,,,,,,,,,,,,,,,,,,,,,,,,,,,,,,,,,,,,,,,,,,,,,,,,,,,nan,,,,,,,,,,,,,,,
946,0.22992615401744843,2.2992492176854284e-06,0.00022992492176854284,10262.867109060287,10000,ppo,ppo,crawler,flat,obs_dth_tot_direct,,,,,,,,,,,,,,,4.643536197849181e-06,0,781,0.0,0.0,,,,,,,,,,,,,,,,,,,,,,,,,,,,,,,,,,,,,,,,,,,,,,,,,,,,,,,,,,,,,,,,,,,,,,,,,,nan,,,,,,,,,,,,,,,
947,-0.20661388337612152,-2.0661157122958684e-06,-0.00020661157122958684,10272.966494321823,10000,ppo,ppo,crawler,flat,obs_dth_tot_direct,,,,,,,,,,,,,,,-0.004087015216104047,0,781,0.0,0.0,,,,,,,,,,,,,,,,,,,,,,,,,,,,,,,,,,,,,,,,,,,,,,,,,,,,,,,,,,,,,,,,,,,,,,,,,,nan,,,,,,,,,,,,,,,
948,0.45422083139419556,4.542242095340043e-06,0.00045422420953400433,10283.308188915253,10000,ppo,ppo,crawler,flat,obs_dth_tot_direct,,,,,,,,,,,,,,,0.0,0,781,0.0,0.0,,,,,,,,,,,,,,,,,,,,,,,,,,,,,,,,,,,,,,,,,,,,,,,,,,,,,,,,,,,,,,,,,,,,,,,,,,nan,,,,,,,,,,,,,,,
949,0.8006807565689087,8.006846655916888e-06,0.0008006846655916888,10293.449290037155,10000,ppo,ppo,crawler,flat,obs_dth_tot_direct,,,,,,,,,,,,,,,-0.00048100751575449823,0,781,0.0,0.0,,,,,,,,,,,,,,,,,,,,,,,,,,,,,,,,,,,,,,,,,,,,,,,,,,,,,,,,,,,,,,,,,,,,,,,,,,nan,,,,,,,,,,,,,,,
950,0.03183703497052193,3.1835659797252447e-07,3.183565979725245e-05,10304.09331870079,10000,ppo,ppo,crawler,flat,obs_dth_tot_direct,,,,,,,,,,,,,,,-2.605387423468918e-06,0,781,0.0,0.0,,,,,,,,,,,,,,,,,,,,,,,,,,,,,,,,,,,,,,,,,,,,,,,,,,,,,,,,,,,,,,,,,,,,,,,,,,nan,,,,,,,,,,,,,,,
951,-0.44073888659477234,-4.407344931678381e-06,-0.0004407344931678381,10314.34229683876,10000,ppo,ppo,crawler,flat,obs_dth_tot_direct,,,,,,,,,,,,,,,-2.5043861461128378e-05,0,781,0.0,0.0,,,,,,,,,,,,,,,,,,,,,,,,,,,,,,,,,,,,,,,,,,,,,,,,,,,,,,,,,,,,,,,,,,,,,,,,,,nan,,,,,,,,,,,,,,,
952,-0.8154104351997375,-8.154087481671013e-06,-0.0008154087481671013,10324.656788825989,10000,ppo,ppo,crawler,flat,obs_dth_tot_direct,,,,,,,,,,,,,,,-0.009724830169941414,0,781,0.0,0.0,,,,,,,,,,,,,,,,,,,,,,,,,,,,,,,,,,,,,,,,,,,,,,,,,,,,,,,,,,,,,,,,,,,,,,,,,,nan,,,,,,,,,,,,,,,
953,-1.7318851947784424,-1.731887095957063e-05,-0.0017318870959570631,10335.19758105278,10000,ppo,ppo,crawler,flat,obs_dth_tot_direct,,,,,,,,,,,,,,,0.0,0,781,0.0,0.0,,,,,,,,,,,,,,,,,,,,,,,,,,,,,,,,,,,,,,,,,,,,,,,,,,,,,,,,,,,,,,,,,,,,,,,,,,nan,,,,,,,,,,,,,,,
954,0.6272615790367126,6.272660812101094e-06,0.0006272660812101094,10345.714314222336,10000,ppo,ppo,crawler,flat,obs_dth_tot_direct,,,,,,,,,,,,,,,-0.015056966434300862,0,781,0.0,0.0,,,,,,,,,,,,,,,,,,,,,,,,,,,,,,,,,,,,,,,,,,,,,,,,,,,,,,,,,,,,,,,,,,,,,,,,,,nan,,,,,,,,,,,,,,,
955,-0.3262690603733063,-3.2627031032461673e-06,-0.00032627031032461673,10356.167200565338,10000,ppo,ppo,crawler,flat,obs_dth_tot_direct,,,,,,,,,,,,,,,-1.451761369973841e-06,0,781,0.0,0.0,,,,,,,,,,,,,,,,,,,,,,,,,,,,,,,,,,,,,,,,,,,,,,,,,,,,,,,,,,,,,,,,,,,,,,,,,,nan,,,,,,,,,,,,,,,
956,-0.7589733004570007,-7.589722827106016e-06,-0.0007589722827106016,10365.953025102615,10000,ppo,ppo,crawler,flat,obs_dth_tot_direct,,,,,,,,,,,,,,,-2.084578603277133e-05,0,781,0.0,0.0,,,,,,,,,,,,,,,,,,,,,,,,,,,,,,,,,,,,,,,,,,,,,,,,,,,,,,,,,,,,,,,,,,,,,,,,,,nan,,,,,,,,,,,,,,,
957,0.49272581934928894,4.927296231471701e-06,0.0004927296231471701,10376.113866329193,10000,ppo,ppo,crawler,flat,obs_dth_tot_direct,,,,,,,,,,,,,,,-0.02825097023138583,0,781,0.0,0.0,,,,,,,,,,,,,,,,,,,,,,,,,,,,,,,,,,,,,,,,,,,,,,,,,,,,,,,,,,,,,,,,,,,,,,,,,,nan,,,,,,,,,,,,,,,
958,-0.9284043312072754,-9.284031875722576e-06,-0.0009284031875722576,10386.12253856659,10000,ppo,ppo,crawler,flat,obs_dth_tot_direct,,,,,,,,,,,,,,,-5.390068156007921e-07,0,781,0.0,0.0,,,,,,,,,,,,,,,,,,,,,,,,,,,,,,,,,,,,,,,,,,,,,,,,,,,,,,,,,,,,,,,,,,,,,,,,,,nan,,,,,,,,,,,,,,,
959,-0.4811934530735016,-4.811918188352138e-06,-0.0004811918188352138,10395.7192299366,10000,ppo,ppo,crawler,flat,obs_dth_tot_direct,,,,,,,,,,,,,,,-3.640556758062177e-05,0,781,0.0,0.0,,,,,,,,,,,,,,,,,,,,,,,,,,,,,,,,,,,,,,,,,,,,,,,,,,,,,,,,,,,,,,,,,,,,,,,,,,nan,,,,,,,,,,,,,,,
960,-0.4343302249908447,-4.34328740084311e-06,-0.000434328740084311,10405.531178474426,10000,ppo,ppo,crawler,flat,obs_dth_tot_direct,,,,,,,,,,,,,,,-6.366197244000649e-05,0,781,0.0,0.0,,,,,,,,,,,,,,,,,,,,,,,,,,,,,,,,,,,,,,,,,,,,,,,,,,,,,,,,,,,,,,,,,,,,,,,,,,nan,,,,,,,,,,,,,,,
961,-0.643327534198761,-6.433241651393473e-06,-0.0006433241651393473,10415.252646446228,10000,ppo,ppo,crawler,flat,obs_dth_tot_direct,,,,,,,,,,,,,,,-4.989202951156223e-05,0,781,0.0,0.0,,,,,,,,,,,,,,,,,,,,,,,,,,,,,,,,,,,,,,,,,,,,,,,,,,,,,,,,,,,,,,,,,,,,,,,,,,nan,,,,,,,,,,,,,,,
962,0.7258252501487732,7.258271125465399e-06,0.0007258271125465399,10424.500768899918,10000,ppo,ppo,crawler,flat,obs_dth_tot_direct,,,,,,,,,,,,,,,0.0,0,781,0.0,0.0,,,,,,,,,,,,,,,,,,,,,,,,,,,,,,,,,,,,,,,,,,,,,,,,,,,,,,,,,,,,,,,,,,,,,,,,,,nan,,,,,,,,,,,,,,,
963,-0.5917971730232239,-5.917930593568599e-06,-0.0005917930593568599,10434.318299531937,10000,ppo,ppo,crawler,flat,obs_dth_tot_direct,,,,,,,,,,,,,,,-2.078503780496258e-05,0,781,0.0,0.0,,,,,,,,,,,,,,,,,,,,,,,,,,,,,,,,,,,,,,,,,,,,,,,,,,,,,,,,,,,,,,,,,,,,,,,,,,nan,,,,,,,,,,,,,,,
964,-0.5995258688926697,-5.995313586026896e-06,-0.0005995313586026896,10443.946302890778,10000,ppo,ppo,crawler,flat,obs_dth_tot_direct,,,,,,,,,,,,,,,-0.009334064622990378,0,781,0.0,0.0,,,,,,,,,,,,,,,,,,,,,,,,,,,,,,,,,,,,,,,,,,,,,,,,,,,,,,,,,,,,,,,,,,,,,,,,,,nan,,,,,,,,,,,,,,,
965,-0.40630218386650085,-4.0630252442497294e-06,-0.00040630252442497294,10454.16028046608,10000,ppo,ppo,crawler,flat,obs_dth_tot_direct,,,,,,,,,,,,,,,-8.667531815594809e-06,0,781,0.0,0.0,,,,,,,,,,,,,,,,,,,,,,,,,,,,,,,,,,,,,,,,,,,,,,,,,,,,,,,,,,,,,,,,,,,,,,,,,,nan,,,,,,,,,,,,,,,
966,-0.3819607198238373,-3.819594439846696e-06,-0.00038195944398466963,10463.74215054512,10000,ppo,ppo,crawler,flat,obs_dth_tot_direct,,,,,,,,,,,,,,,-0.00013196292344037151,0,781,0.0,0.0,,,,,,,,,,,,,,,,,,,,,,,,,,,,,,,,,,,,,,,,,,,,,,,,,,,,,,,,,,,,,,,,,,,,,,,,,,nan,,,,,,,,,,,,,,,
967,0.23254182934761047,2.325436071259901e-06,0.0002325436071259901,10473.552250146866,10000,ppo,ppo,crawler,flat,obs_dth_tot_direct,,,,,,,,,,,,,,,0.0,0,781,0.0,0.0,,,,,,,,,,,,,,,,,,,,,,,,,,,,,,,,,,,,,,,,,,,,,,,,,,,,,,,,,,,,,,,,,,,,,,,,,,nan,,,,,,,,,,,,,,,
968,0.2938307821750641,2.9383031687757466e-06,0.00029383031687757466,10483.774277448654,10000,ppo,ppo,crawler,flat,obs_dth_tot_direct,,,,,,,,,,,,,,,-1.1968740027173687e-05,0,781,0.0,0.0,,,,,,,,,,,,,,,,,,,,,,,,,,,,,,,,,,,,,,,,,,,,,,,,,,,,,,,,,,,,,,,,,,,,,,,,,,nan,,,,,,,,,,,,,,,
969,-0.8874808549880981,-8.874839295458514e-06,-0.0008874839295458514,10493.737030744553,10000,ppo,ppo,crawler,flat,obs_dth_tot_direct,,,,,,,,,,,,,,,-1.2340882695285978e-06,0,781,0.0,0.0,,,,,,,,,,,,,,,,,,,,,,,,,,,,,,,,,,,,,,,,,,,,,,,,,,,,,,,,,,,,,,,,,,,,,,,,,,nan,,,,,,,,,,,,,,,
970,0.27959108352661133,2.795935188260046e-06,0.0002795935188260046,10504.098551273346,10000,ppo,ppo,crawler,flat,obs_dth_tot_direct,,,,,,,,,,,,,,,-1.0699137482463016e-05,0,781,0.0,0.0,,,,,,,,,,,,,,,,,,,,,,,,,,,,,,,,,,,,,,,,,,,,,,,,,,,,,,,,,,,,,,,,,,,,,,,,,,nan,,,,,,,,,,,,,,,
971,0.1060071736574173,1.0600905397950555e-06,0.00010600905397950555,10514.328951358795,10000,ppo,ppo,crawler,flat,obs_dth_tot_direct,,,,,,,,,,,,,,,-4.312922646233123e-06,0,781,0.0,0.0,,,,,,,,,,,,,,,,,,,,,,,,,,,,,,,,,,,,,,,,,,,,,,,,,,,,,,,,,,,,,,,,,,,,,,,,,,nan,,,,,,,,,,,,,,,
972,-1.4123436212539673,-1.4123436812951695e-05,-0.0014123436812951695,10524.420362472534,10000,ppo,ppo,crawler,flat,obs_dth_tot_direct,,,,,,,,,,,,,,,-2.1594284381359702e-05,0,781,0.0,0.0,,,,,,,,,,,,,,,,,,,,,,,,,,,,,,,,,,,,,,,,,,,,,,,,,,,,,,,,,,,,,,,,,,,,,,,,,,nan,,,,,,,,,,,,,,,
973,-0.5147995352745056,-5.1479978537827265e-06,-0.0005147997853782726,10534.458740472794,10000,ppo,ppo,crawler,flat,obs_dth_tot_direct,,,,,,,,,,,,,,,1.2419611053414901e-05,0,781,0.0,0.0,,,,,,,,,,,,,,,,,,,,,,,,,,,,,,,,,,,,,,,,,,,,,,,,,,,,,,,,,,,,,,,,,,,,,,,,,,nan,,,,,,,,,,,,,,,
974,0.8560261130332947,8.560239621147048e-06,0.0008560239621147048,10545.386961698532,10000,ppo,ppo,crawler,flat,obs_dth_tot_direct,,,,,,,,,,,,,,,6.120858258459235e-06,0,781,0.0,0.0,,,,,,,,,,,,,,,,,,,,,,,,,,,,,,,,,,,,,,,,,,,,,,,,,,,,,,,,,,,,,,,,,,,,,,,,,,nan,,,,,,,,,,,,,,,
975,0.08754471689462662,8.754203122407489e-07,8.754203122407489e-05,10555.424921274185,10000,ppo,ppo,crawler,flat,obs_dth_tot_direct,,,,,,,,,,,,,,,-6.0124141515903985e-05,0,781,0.0,0.0,,,,,,,,,,,,,,,,,,,,,,,,,,,,,,,,,,,,,,,,,,,,,,,,,,,,,,,,,,,,,,,,,,,,,,,,,,nan,,,,,,,,,,,,,,,
976,-0.5851847529411316,-5.851838977832813e-06,-0.0005851838977832813,10565.688773155212,10000,ppo,ppo,crawler,flat,obs_dth_tot_direct,,,,,,,,,,,,,,,-0.00041112325198366457,0,781,0.0,0.0,,,,,,,,,,,,,,,,,,,,,,,,,,,,,,,,,,,,,,,,,,,,,,,,,,,,,,,,,,,,,,,,,,,,,,,,,,nan,,,,,,,,,,,,,,,
977,0.23497958481311798,2.3498027985624503e-06,0.00023498027985624503,10575.690004825592,10000,ppo,ppo,crawler,flat,obs_dth_tot_direct,,,,,,,,,,,,,,,0.0,0,781,0.0,0.0,,,,,,,,,,,,,,,,,,,,,,,,,,,,,,,,,,,,,,,,,,,,,,,,,,,,,,,,,,,,,,,,,,,,,,,,,,nan,,,,,,,,,,,,,,,
978,0.5509585738182068,5.509611128218239e-06,0.0005509611128218239,10585.587452888489,10000,ppo,ppo,crawler,flat,obs_dth_tot_direct,,,,,,,,,,,,,,,-0.00014004535453153175,0,781,0.0,0.0,,,,,,,,,,,,,,,,,,,,,,,,,,,,,,,,,,,,,,,,,,,,,,,,,,,,,,,,,,,,,,,,,,,,,,,,,,nan,,,,,,,,,,,,,,,
979,0.17683830857276917,1.7684182012089877e-06,0.00017684182012089877,10595.656159877777,10000,ppo,ppo,crawler,flat,obs_dth_tot_direct,,,,,,,,,,,,,,,0.0,0,781,0.0,0.0,,,,,,,,,,,,,,,,,,,,,,,,,,,,,,,,,,,,,,,,,,,,,,,,,,,,,,,,,,,,,,,,,,,,,,,,,,nan,,,,,,,,,,,,,,,
980,1.4681122303009033,1.4681127140647732e-05,0.0014681127140647732,10605.8011469841,10000,ppo,ppo,crawler,flat,obs_dth_tot_direct,,,,,,,,,,,,,,,-4.249950215010576e-05,0,781,0.0,0.0,,,,,,,,,,,,,,,,,,,,,,,,,,,,,,,,,,,,,,,,,,,,,,,,,,,,,,,,,,,,,,,,,,,,,,,,,,nan,,,,,,,,,,,,,,,
981,-0.21170572936534882,-2.117024678227608e-06,-0.0002117024678227608,10616.128509044647,10000,ppo,ppo,crawler,flat,obs_dth_tot_direct,,,,,,,,,,,,,,,0.0,0,781,0.0,0.0,,,,,,,,,,,,,,,,,,,,,,,,,,,,,,,,,,,,,,,,,,,,,,,,,,,,,,,,,,,,,,,,,,,,,,,,,,nan,,,,,,,,,,,,,,,
982,-0.4652066230773926,-4.652038114727475e-06,-0.0004652038114727475,10626.684821605682,10000,ppo,ppo,crawler,flat,obs_dth_tot_direct,,,,,,,,,,,,,,,-3.899192668869614e-05,0,781,0.0,0.0,,,,,,,,,,,,,,,,,,,,,,,,,,,,,,,,,,,,,,,,,,,,,,,,,,,,,,,,,,,,,,,,,,,,,,,,,,nan,,,,,,,,,,,,,,,
983,-1.1790578365325928,-1.1790623830165714e-05,-0.0011790623830165714,10637.039842367172,10000,ppo,ppo,crawler,flat,obs_dth_tot_direct,,,,,,,,,,,,,,,0.0,0,781,0.0,0.0,,,,,,,,,,,,,,,,,,,,,,,,,,,,,,,,,,,,,,,,,,,,,,,,,,,,,,,,,,,,,,,,,,,,,,,,,,nan,,,,,,,,,,,,,,,
984,-0.07031708210706711,-7.031615609776054e-07,-7.031615609776054e-05,10647.43867135048,10000,ppo,ppo,crawler,flat,obs_dth_tot_direct,,,,,,,,,,,,,,,-9.662508678344697e-06,0,781,0.0,0.0,,,,,,,,,,,,,,,,,,,,,,,,,,,,,,,,,,,,,,,,,,,,,,,,,,,,,,,,,,,,,,,,,,,,,,,,,,nan,,,,,,,,,,,,,,,
985,-0.5678040981292725,-5.678028173861094e-06,-0.0005678028173861094,10658.122344493866,10000,ppo,ppo,crawler,flat,obs_dth_tot_direct,,,,,,,,,,,,,,,-0.0016522070192630557,0,781,0.0,0.0,,,,,,,,,,,,,,,,,,,,,,,,,,,,,,,,,,,,,,,,,,,,,,,,,,,,,,,,,,,,,,,,,,,,,,,,,,nan,,,,,,,,,,,,,,,
986,-0.47771844267845154,-4.777219601237448e-06,-0.0004777219601237448,10668.464233636856,10000,ppo,ppo,crawler,flat,obs_dth_tot_direct,,,,,,,,,,,,,,,-5.54217185429208e-06,0,781,0.0,0.0,,,,,,,,,,,,,,,,,,,,,,,,,,,,,,,,,,,,,,,,,,,,,,,,,,,,,,,,,,,,,,,,,,,,,,,,,,nan,,,,,,,,,,,,,,,
987,0.35901302099227905,3.5901518913306063e-06,0.00035901518913306063,10679.737100839615,10000,ppo,ppo,crawler,flat,obs_dth_tot_direct,,,,,,,,,,,,,,,0.0,0,781,0.0,0.0,,,,,,,,,,,,,,,,,,,,,,,,,,,,,,,,,,,,,,,,,,,,,,,,,,,,,,,,,,,,,,,,,,,,,,,,,,nan,,,,,,,,,,,,,,,
988,1.1626038551330566,1.1626070772763342e-05,0.0011626070772763342,10691.086542367935,10000,ppo,ppo,crawler,flat,obs_dth_tot_direct,,,,,,,,,,,,,,,-0.00010621946581690625,0,781,0.0,0.0,,,,,,,,,,,,,,,,,,,,,,,,,,,,,,,,,,,,,,,,,,,,,,,,,,,,,,,,,,,,,,,,,,,,,,,,,,nan,,,,,,,,,,,,,,,
989,-1.2220901250839233,-1.222087212227052e-05,-0.001222087212227052,10701.957751274109,10000,ppo,ppo,crawler,flat,obs_dth_tot_direct,,,,,,,,,,,,,,,0.0,0,781,0.0,0.0,,,,,,,,,,,,,,,,,,,,,,,,,,,,,,,,,,,,,,,,,,,,,,,,,,,,,,,,,,,,,,,,,,,,,,,,,,nan,,,,,,,,,,,,,,,
990,0.06734166294336319,6.734337603120366e-07,6.734337603120366e-05,10712.798265695572,10000,ppo,ppo,crawler,flat,obs_dth_tot_direct,,,,,,,,,,,,,,,-4.095268744627126e-05,0,781,0.0,0.0,,,,,,,,,,,,,,,,,,,,,,,,,,,,,,,,,,,,,,,,,,,,,,,,,,,,,,,,,,,,,,,,,,,,,,,,,,nan,,,,,,,,,,,,,,,
991,-0.17701521515846252,-1.7700996295388904e-06,-0.00017700996295388904,10723.816308736801,10000,ppo,ppo,crawler,flat,obs_dth_tot_direct,,,,,,,,,,,,,,,-2.0250314357720326e-05,0,781,0.0,0.0,,,,,,,,,,,,,,,,,,,,,,,,,,,,,,,,,,,,,,,,,,,,,,,,,,,,,,,,,,,,,,,,,,,,,,,,,,nan,,,,,,,,,,,,,,,
992,-0.16437001526355743,-1.6436659961982514e-06,-0.00016436659961982514,10734.039177656174,10000,ppo,ppo,crawler,flat,obs_dth_tot_direct,,,,,,,,,,,,,,,-1.9188724677632928e-05,0,781,0.0,0.0,,,,,,,,,,,,,,,,,,,,,,,,,,,,,,,,,,,,,,,,,,,,,,,,,,,,,,,,,,,,,,,,,,,,,,,,,,nan,,,,,,,,,,,,,,,
993,0.45893073081970215,4.5893398237240035e-06,0.00045893398237240035,10743.909772396088,10000,ppo,ppo,crawler,flat,obs_dth_tot_direct,,,,,,,,,,,,,,,0.0,0,781,0.0,0.0,,,,,,,,,,,,,,,,,,,,,,,,,,,,,,,,,,,,,,,,,,,,,,,,,,,,,,,,,,,,,,,,,,,,,,,,,,nan,,,,,,,,,,,,,,,
994,1.6034530401229858,1.6034549844334833e-05,0.0016034549844334833,10753.808742523193,10000,ppo,ppo,crawler,flat,obs_dth_tot_direct,,,,,,,,,,,,,,,-6.800446249115329e-05,0,781,0.0,0.0,,,,,,,,,,,,,,,,,,,,,,,,,,,,,,,,,,,,,,,,,,,,,,,,,,,,,,,,,,,,,,,,,,,,,,,,,,nan,,,,,,,,,,,,,,,
995,1.4030784368515015,1.4030804777576122e-05,0.0014030804777576122,10763.425835609436,10000,ppo,ppo,crawler,flat,obs_dth_tot_direct,,,,,,,,,,,,,,,0.0,0,781,0.0,0.0,,,,,,,,,,,,,,,,,,,,,,,,,,,,,,,,,,,,,,,,,,,,,,,,,,,,,,,,,,,,,,,,,,,,,,,,,,nan,,,,,,,,,,,,,,,
996,-1.126621127128601,-1.1266221008554567e-05,-0.0011266221008554567,10773.33019208908,10000,ppo,ppo,crawler,flat,obs_dth_tot_direct,,,,,,,,,,,,,,,-1.9254372783110175e-06,0,781,0.0,0.0,,,,,,,,,,,,,,,,,,,,,,,,,,,,,,,,,,,,,,,,,,,,,,,,,,,,,,,,,,,,,,,,,,,,,,,,,,nan,,,,,,,,,,,,,,,
997,-0.1743665486574173,-1.7436466350773117e-06,-0.00017436466350773117,10783.116409301758,10000,ppo,ppo,crawler,flat,obs_dth_tot_direct,,,,,,,,,,,,,,,-0.00473781647315671,0,781,0.0,0.0,,,,,,,,,,,,,,,,,,,,,,,,,,,,,,,,,,,,,,,,,,,,,,,,,,,,,,,,,,,,,,,,,,,,,,,,,,nan,,,,,,,,,,,,,,,
998,-0.6300687193870544,-6.300685981841525e-06,-0.0006300685981841525,10793.034124612808,10000,ppo,ppo,crawler,flat,obs_dth_tot_direct,,,,,,,,,,,,,,,0.0,0,781,0.0,0.0,,,,,,,,,,,,,,,,,,,,,,,,,,,,,,,,,,,,,,,,,,,,,,,,,,,,,,,,,,,,,,,,,,,,,,,,,,nan,,,,,,,,,,,,,,,
999,-0.9295117259025574,-9.29511497815838e-06,-0.0009295114978158381,10802.697593927383,10000,ppo,ppo,crawler,flat,obs_dth_tot_direct,,,,,,,,,,,,,,,-5.1927386703167625e-06,0,781,0.0,0.0,,,,,,,,,,,,,,,,,,,,,,,,,,,,,,,,,,,,,,,,,,,,,,,,,,,,,,,,,,,,,,,,,,,,,,,,,,nan,,,,,,,,,,,,,,,
1000,-0.48373088240623474,-4.83730718769948e-06,-0.000483730718769948,10812.174120426178,10000,ppo,ppo,crawler,flat,obs_dth_tot_direct,,,,,,,,,,,,,,,-2.9306958945856814e-05,0,781,0.0,0.0,,,,,,,,,,,,,,,,,,,,,,,,,,,,,,,,,,,,,,,,,,,,,,,,,,,,,,,,,,,,,,,,,,,,,,,,,,nan,,,,,,,,,,,,,,,
1001,-0.5198656916618347,-5.19864715897711e-06,-0.000519864715897711,10822.072351932526,10000,ppo,ppo,crawler,flat,obs_dth_tot_direct,,,,,,,,,,,,,,,-0.009023074907335367,0,781,0.0,0.0,,,,,,,,,,,,,,,,,,,,,,,,,,,,,,,,,,,,,,,,,,,,,,,,,,,,,,,,,,,,,,,,,,,,,,,,,,nan,,,,,,,,,,,,,,,
1002,0.2381402999162674,2.381387503191945e-06,0.00023813875031919451,10832.014233350754,10000,ppo,ppo,crawler,flat,obs_dth_tot_direct,,,,,,,,,,,,,,,0.0,0,781,0.0,0.0,,,,,,,,,,,,,,,,,,,,,,,,,,,,,,,,,,,,,,,,,,,,,,,,,,,,,,,,,,,,,,,,,,,,,,,,,,nan,,,,,,,,,,,,,,,
1003,-0.3927837610244751,-3.927787474822253e-06,-0.0003927787474822253,10842.134016036987,10000,ppo,ppo,crawler,flat,obs_dth_tot_direct,,,,,,,,,,,,,,,-0.0062048840676356826,0,781,0.0,0.0,,,,,,,,,,,,,,,,,,,,,,,,,,,,,,,,,,,,,,,,,,,,,,,,,,,,,,,,,,,,,,,,,,,,,,,,,,nan,,,,,,,,,,,,,,,
1004,-2.0463836193084717,-2.0463890905375592e-05,-0.0020463890905375592,10852.10637640953,10000,ppo,ppo,crawler,flat,obs_dth_tot_direct,,,,,,,,,,,,,,,-2.0898592380494375e-07,0,781,0.0,0.0,,,,,,,,,,,,,,,,,,,,,,,,,,,,,,,,,,,,,,,,,,,,,,,,,,,,,,,,,,,,,,,,,,,,,,,,,,nan,,,,,,,,,,,,,,,
1005,-1.0792971849441528,-1.0792974535434041e-05,-0.0010792974535434041,10862.468142271042,10000,ppo,ppo,crawler,flat,obs_dth_tot_direct,,,,,,,,,,,,,,,-0.00019084188071164218,0,781,0.0,0.0,,,,,,,,,,,,,,,,,,,,,,,,,,,,,,,,,,,,,,,,,,,,,,,,,,,,,,,,,,,,,,,,,,,,,,,,,,nan,,,,,,,,,,,,,,,
1006,0.4436928927898407,4.4369285205903e-06,0.00044369285205903,10872.252287626266,10000,ppo,ppo,crawler,flat,obs_dth_tot_direct,,,,,,,,,,,,,,,-0.0006568518427895828,0,781,0.0,0.0,,,,,,,,,,,,,,,,,,,,,,,,,,,,,,,,,,,,,,,,,,,,,,,,,,,,,,,,,,,,,,,,,,,,,,,,,,nan,,,,,,,,,,,,,,,
1007,-0.3587817847728729,-3.587817218431155e-06,-0.0003587817218431155,10882.123764276505,10000,ppo,ppo,crawler,flat,obs_dth_tot_direct,,,,,,,,,,,,,,,0.0,0,781,0.0,0.0,,,,,,,,,,,,,,,,,,,,,,,,,,,,,,,,,,,,,,,,,,,,,,,,,,,,,,,,,,,,,,,,,,,,,,,,,,nan,,,,,,,,,,,,,,,
1008,0.5002147555351257,5.002158559364034e-06,0.0005002158559364034,10892.059170246124,10000,ppo,ppo,crawler,flat,obs_dth_tot_direct,,,,,,,,,,,,,,,-1.2337683286236435e-05,0,781,0.0,0.0,,,,,,,,,,,,,,,,,,,,,,,,,,,,,,,,,,,,,,,,,,,,,,,,,,,,,,,,,,,,,,,,,,,,,,,,,,nan,,,,,,,,,,,,,,,
1009,-0.6643619537353516,-6.643635060754605e-06,-0.0006643635060754605,10902.293238401413,10000,ppo,ppo,crawler,flat,obs_dth_tot_direct,,,,,,,,,,,,,,,-1.6243549996316814e-05,0,781,0.0,0.0,,,,,,,,,,,,,,,,,,,,,,,,,,,,,,,,,,,,,,,,,,,,,,,,,,,,,,,,,,,,,,,,,,,,,,,,,,nan,,,,,,,,,,,,,,,
1010,1.2218353748321533,1.2218405572639313e-05,0.0012218405572639313,10912.208481550217,10000,ppo,ppo,crawler,flat,obs_dth_tot_direct,,,,,,,,,,,,,,,-0.0027856379031906053,0,781,0.0,0.0,,,,,,,,,,,,,,,,,,,,,,,,,,,,,,,,,,,,,,,,,,,,,,,,,,,,,,,,,,,,,,,,,,,,,,,,,,nan,,,,,,,,,,,,,,,
1011,-1.3488205671310425,-1.3488202966982499e-05,-0.0013488202966982499,10921.935059547424,10000,ppo,ppo,crawler,flat,obs_dth_tot_direct,,,,,,,,,,,,,,,0.0,0,781,0.0,0.0,,,,,,,,,,,,,,,,,,,,,,,,,,,,,,,,,,,,,,,,,,,,,,,,,,,,,,,,,,,,,,,,,,,,,,,,,,nan,,,,,,,,,,,,,,,
1012,-1.0816538333892822,-1.0816524081747048e-05,-0.0010816524081747048,10931.938524484634,10000,ppo,ppo,crawler,flat,obs_dth_tot_direct,,,,,,,,,,,,,,,-1.4375244170694437e-06,0,781,0.0,0.0,,,,,,,,,,,,,,,,,,,,,,,,,,,,,,,,,,,,,,,,,,,,,,,,,,,,,,,,,,,,,,,,,,,,,,,,,,nan,,,,,,,,,,,,,,,
1013,0.5277501940727234,5.277513082546648e-06,0.0005277513082546648,10941.558407783508,10000,ppo,ppo,crawler,flat,obs_dth_tot_direct,,,,,,,,,,,,,,,-0.00023522540788606248,0,781,0.0,0.0,,,,,,,,,,,,,,,,,,,,,,,,,,,,,,,,,,,,,,,,,,,,,,,,,,,,,,,,,,,,,,,,,,,,,,,,,,nan,,,,,,,,,,,,,,,
1014,-0.1640409678220749,-1.640392952140246e-06,-0.0001640392952140246,10951.555866241455,10000,ppo,ppo,crawler,flat,obs_dth_tot_direct,,,,,,,,,,,,,,,-2.569681159894384e-06,0,781,0.0,0.0,,,,,,,,,,,,,,,,,,,,,,,,,,,,,,,,,,,,,,,,,,,,,,,,,,,,,,,,,,,,,,,,,,,,,,,,,,nan,,,,,,,,,,,,,,,
1015,-1.709590196609497,-1.709589378151577e-05,-0.001709589378151577,10961.785266637802,10000,ppo,ppo,crawler,flat,obs_dth_tot_direct,,,,,,,,,,,,,,,-2.8892971155509144e-05,0,781,0.0,0.0,,,,,,,,,,,,,,,,,,,,,,,,,,,,,,,,,,,,,,,,,,,,,,,,,,,,,,,,,,,,,,,,,,,,,,,,,,nan,,,,,,,,,,,,,,,
1016,-0.32051965594291687,-3.2051889320428018e-06,-0.0003205188932042802,10971.504140853882,10000,ppo,ppo,crawler,flat,obs_dth_tot_direct,,,,,,,,,,,,,,,-7.466947070767724e-05,0,781,0.0,0.0,,,,,,,,,,,,,,,,,,,,,,,,,,,,,,,,,,,,,,,,,,,,,,,,,,,,,,,,,,,,,,,,,,,,,,,,,,nan,,,,,,,,,,,,,,,
1017,1.2185636758804321,1.2185643754492048e-05,0.0012185643754492048,10981.296941280365,10000,ppo,ppo,crawler,flat,obs_dth_tot_direct,,,,,,,,,,,,,,,-0.0009076961097945477,0,781,0.0,0.0,,,,,,,,,,,,,,,,,,,,,,,,,,,,,,,,,,,,,,,,,,,,,,,,,,,,,,,,,,,,,,,,,,,,,,,,,,nan,,,,,,,,,,,,,,,
1018,2.230005979537964,2.2300106138573028e-05,0.002230010613857303,10991.315747261047,10000,ppo,ppo,crawler,flat,obs_dth_tot_direct,,,,,,,,,,,,,,,-1.354934826550502e-06,0,781,0.0,0.0,,,,,,,,,,,,,,,,,,,,,,,,,,,,,,,,,,,,,,,,,,,,,,,,,,,,,,,,,,,,,,,,,,,,,,,,,,nan,,,,,,,,,,,,,,,
1019,0.2683335840702057,2.683362708921777e-06,0.0002683362708921777,11001.236413002014,10000,ppo,ppo,crawler,flat,obs_dth_tot_direct,,,,,,,,,,,,,,,-0.00043444494894501797,0,781,0.0,0.0,,,,,,,,,,,,,,,,,,,,,,,,,,,,,,,,,,,,,,,,,,,,,,,,,,,,,,,,,,,,,,,,,,,,,,,,,,nan,,,,,,,,,,,,,,,
1020,-0.4515288472175598,-4.5152855818741955e-06,-0.00045152855818741955,11011.262028932571,10000,ppo,ppo,crawler,flat,obs_dth_tot_direct,,,,,,,,,,,,,,,-2.742691320890654e-11,0,781,0.0,0.0,,,,,,,,,,,,,,,,,,,,,,,,,,,,,,,,,,,,,,,,,,,,,,,,,,,,,,,,,,,,,,,,,,,,,,,,,,nan,,,,,,,,,,,,,,,
1021,0.3720223009586334,3.720256700034952e-06,0.0003720256700034952,11021.376478672028,10000,ppo,ppo,crawler,flat,obs_dth_tot_direct,,,,,,,,,,,,,,,-4.147501512121758e-05,0,781,0.0,0.0,,,,,,,,,,,,,,,,,,,,,,,,,,,,,,,,,,,,,,,,,,,,,,,,,,,,,,,,,,,,,,,,,,,,,,,,,,nan,,,,,,,,,,,,,,,
1022,-0.04568415880203247,-4.5682330096497026e-07,-4.5682330096497026e-05,11031.046809911728,10000,ppo,ppo,crawler,flat,obs_dth_tot_direct,,,,,,,,,,,,,,,-5.943933919205708e-05,0,781,0.0,0.0,,,,,,,,,,,,,,,,,,,,,,,,,,,,,,,,,,,,,,,,,,,,,,,,,,,,,,,,,,,,,,,,,,,,,,,,,,nan,,,,,,,,,,,,,,,
1023,-0.5889796018600464,-5.889760814170586e-06,-0.0005889760814170586,11041.050978899002,10000,ppo,ppo,crawler,flat,obs_dth_tot_direct,,,,,,,,,,,,,,,-1.8901988224778682e-05,0,781,0.0,0.0,,,,,,,,,,,,,,,,,,,,,,,,,,,,,,,,,,,,,,,,,,,,,,,,,,,,,,,,,,,,,,,,,,,,,,,,,,nan,,,,,,,,,,,,,,,
1024,-0.0012440442806109786,-1.2433109652931762e-08,-1.2433109652931762e-06,11050.848803758621,10000,ppo,ppo,crawler,flat,obs_dth_tot_direct,,,,,,,,,,,,,,,-0.0001969517550875985,0,781,0.0,0.0,,,,,,,,,,,,,,,,,,,,,,,,,,,,,,,,,,,,,,,,,,,,,,,,,,,,,,,,,,,,,,,,,,,,,,,,,,nan,,,,,,,,,,,,,,,
1025,-0.8563408255577087,-8.56340102473041e-06,-0.000856340102473041,11061.155470609665,10000,ppo,ppo,crawler,flat,obs_dth_tot_direct,,,,,,,,,,,,,,,-5.066420324862232e-05,0,781,0.0,0.0,,,,,,,,,,,,,,,,,,,,,,,,,,,,,,,,,,,,,,,,,,,,,,,,,,,,,,,,,,,,,,,,,,,,,,,,,,nan,,,,,,,,,,,,,,,
1026,0.11656179279088974,1.1656017022687593e-06,0.00011656017022687593,11070.747266054153,10000,ppo,ppo,crawler,flat,obs_dth_tot_direct,,,,,,,,,,,,,,,-0.00010427748891745579,0,781,0.0,0.0,,,,,,,,,,,,,,,,,,,,,,,,,,,,,,,,,,,,,,,,,,,,,,,,,,,,,,,,,,,,,,,,,,,,,,,,,,nan,,,,,,,,,,,,,,,
1027,-0.5402472615242004,-5.4024753808334935e-06,-0.0005402475380833494,11081.4200527668,10000,ppo,ppo,crawler,flat,obs_dth_tot_direct,,,,,,,,,,,,,,,0.0,0,781,0.0,0.0,,,,,,,,,,,,,,,,,,,,,,,,,,,,,,,,,,,,,,,,,,,,,,,,,,,,,,,,,,,,,,,,,,,,,,,,,,nan,,,,,,,,,,,,,,,
1028,0.7299238443374634,7.299252956727287e-06,0.0007299252956727287,11091.628814458847,10000,ppo,ppo,crawler,flat,obs_dth_tot_direct,,,,,,,,,,,,,,,-0.05132751400068536,0,781,0.0,0.0,,,,,,,,,,,,,,,,,,,,,,,,,,,,,,,,,,,,,,,,,,,,,,,,,,,,,,,,,,,,,,,,,,,,,,,,,,nan,,,,,,,,,,,,,,,
1029,1.2416890859603882,1.2416940990078729e-05,0.0012416940990078729,11101.733312129974,10000,ppo,ppo,crawler,flat,obs_dth_tot_direct,,,,,,,,,,,,,,,0.0,0,781,0.0,0.0,,,,,,,,,,,,,,,,,,,,,,,,,,,,,,,,,,,,,,,,,,,,,,,,,,,,,,,,,,,,,,,,,,,,,,,,,,nan,,,,,,,,,,,,,,,
1030,0.4231376349925995,4.231406819599215e-06,0.0004231406819599215,11111.836661577225,10000,ppo,ppo,crawler,flat,obs_dth_tot_direct,,,,,,,,,,,,,,,0.0,0,781,0.0,0.0,,,,,,,,,,,,,,,,,,,,,,,,,,,,,,,,,,,,,,,,,,,,,,,,,,,,,,,,,,,,,,,,,,,,,,,,,,nan,,,,,,,,,,,,,,,
1031,0.48131313920021057,4.813174200535286e-06,0.0004813174200535286,11122.280519723892,10000,ppo,ppo,crawler,flat,obs_dth_tot_direct,,,,,,,,,,,,,,,-6.392148350784018e-05,0,781,0.0,0.0,,,,,,,,,,,,,,,,,,,,,,,,,,,,,,,,,,,,,,,,,,,,,,,,,,,,,,,,,,,,,,,,,,,,,,,,,,nan,,,,,,,,,,,,,,,
1032,-1.4411734342575073,-1.4411732081498485e-05,-0.0014411732081498485,11132.75889635086,10000,ppo,ppo,crawler,flat,obs_dth_tot_direct,,,,,,,,,,,,,,,-0.00018038948885762586,0,781,0.0,0.0,,,,,,,,,,,,,,,,,,,,,,,,,,,,,,,,,,,,,,,,,,,,,,,,,,,,,,,,,,,,,,,,,,,,,,,,,,nan,,,,,,,,,,,,,,,
1033,0.32120567560195923,3.212098590665846e-06,0.0003212098590665846,11142.578536510468,10000,ppo,ppo,crawler,flat,obs_dth_tot_direct,,,,,,,,,,,,,,,0.0,0,781,0.0,0.0,,,,,,,,,,,,,,,,,,,,,,,,,,,,,,,,,,,,,,,,,,,,,,,,,,,,,,,,,,,,,,,,,,,,,,,,,,nan,,,,,,,,,,,,,,,
1034,-1.2257689237594604,-1.225769938173471e-05,-0.001225769938173471,11152.759326696396,10000,ppo,ppo,crawler,flat,obs_dth_tot_direct,,,,,,,,,,,,,,,-2.1043903744098625e-05,0,781,0.0,0.0,,,,,,,,,,,,,,,,,,,,,,,,,,,,,,,,,,,,,,,,,,,,,,,,,,,,,,,,,,,,,,,,,,,,,,,,,,nan,,,,,,,,,,,,,,,
1035,1.5603654384613037,1.5603671272401698e-05,0.0015603671272401698,11163.215804338455,10000,ppo,ppo,crawler,flat,obs_dth_tot_direct,,,,,,,,,,,,,,,8.265250785784288e-05,0,781,0.0,0.0,,,,,,,,,,,,,,,,,,,,,,,,,,,,,,,,,,,,,,,,,,,,,,,,,,,,,,,,,,,,,,,,,,,,,,,,,,nan,,,,,,,,,,,,,,,
1036,-0.5022459030151367,-5.022442110202974e-06,-0.0005022442110202974,11173.588160276413,10000,ppo,ppo,crawler,flat,obs_dth_tot_direct,,,,,,,,,,,,,,,-5.427118338329691e-06,0,781,0.0,0.0,,,,,,,,,,,,,,,,,,,,,,,,,,,,,,,,,,,,,,,,,,,,,,,,,,,,,,,,,,,,,,,,,,,,,,,,,,nan,,,,,,,,,,,,,,,
1037,-1.7965542078018188,-1.7965536244446412e-05,-0.0017965536244446412,11183.471924304962,10000,ppo,ppo,crawler,flat,obs_dth_tot_direct,,,,,,,,,,,,,,,-6.114711052476978e-07,0,781,0.0,0.0,,,,,,,,,,,,,,,,,,,,,,,,,,,,,,,,,,,,,,,,,,,,,,,,,,,,,,,,,,,,,,,,,,,,,,,,,,nan,,,,,,,,,,,,,,,
1038,0.6090381741523743,6.090412625781028e-06,0.0006090412625781028,11193.83849453926,10000,ppo,ppo,crawler,flat,obs_dth_tot_direct,,,,,,,,,,,,,,,-8.418369399104625e-05,0,781,0.0,0.0,,,,,,,,,,,,,,,,,,,,,,,,,,,,,,,,,,,,,,,,,,,,,,,,,,,,,,,,,,,,,,,,,,,,,,,,,,nan,,,,,,,,,,,,,,,
1039,0.6868801116943359,6.868848231533775e-06,0.0006868848231533775,11203.566258430481,10000,ppo,ppo,crawler,flat,obs_dth_tot_direct,,,,,,,,,,,,,,,0.0,0,781,0.0,0.0,,,,,,,,,,,,,,,,,,,,,,,,,,,,,,,,,,,,,,,,,,,,,,,,,,,,,,,,,,,,,,,,,,,,,,,,,,nan,,,,,,,,,,,,,,,
1040,-1.0932117700576782,-1.0932115401374176e-05,-0.0010932115401374176,11213.067284822464,10000,ppo,ppo,crawler,flat,obs_dth_tot_direct,,,,,,,,,,,,,,,-3.578317698649347e-05,0,781,0.0,0.0,,,,,,,,,,,,,,,,,,,,,,,,,,,,,,,,,,,,,,,,,,,,,,,,,,,,,,,,,,,,,,,,,,,,,,,,,,nan,,,,,,,,,,,,,,,
1041,-1.2280491590499878,-1.2280453120183665e-05,-0.0012280453120183665,11223.043904542923,10000,ppo,ppo,crawler,flat,obs_dth_tot_direct,,,,,,,,,,,,,,,-0.007871877486732874,0,781,0.0,0.0,,,,,,,,,,,,,,,,,,,,,,,,,,,,,,,,,,,,,,,,,,,,,,,,,,,,,,,,,,,,,,,,,,,,,,,,,,nan,,,,,,,,,,,,,,,
1042,1.3654745817184448,1.3654786016559228e-05,0.0013654786016559228,11233.515646457672,10000,ppo,ppo,crawler,flat,obs_dth_tot_direct,,,,,,,,,,,,,,,0.0,0,781,0.0,0.0,,,,,,,,,,,,,,,,,,,,,,,,,,,,,,,,,,,,,,,,,,,,,,,,,,,,,,,,,,,,,,,,,,,,,,,,,,nan,,,,,,,,,,,,,,,
1043,-1.0695486068725586,-1.0695502169255633e-05,-0.0010695502169255633,11243.697238206863,10000,ppo,ppo,crawler,flat,obs_dth_tot_direct,,,,,,,,,,,,,,,-6.159102107742838e-05,0,781,0.0,0.0,,,,,,,,,,,,,,,,,,,,,,,,,,,,,,,,,,,,,,,,,,,,,,,,,,,,,,,,,,,,,,,,,,,,,,,,,,nan,,,,,,,,,,,,,,,
1044,0.1631893664598465,1.6319505675710388e-06,0.00016319505675710388,11254.338714122772,10000,ppo,ppo,crawler,flat,obs_dth_tot_direct,,,,,,,,,,,,,,,-0.023703829387725164,0,781,0.0,0.0,,,,,,,,,,,,,,,,,,,,,,,,,,,,,,,,,,,,,,,,,,,,,,,,,,,,,,,,,,,,,,,,,,,,,,,,,,nan,,,,,,,,,,,,,,,
1045,0.28194770216941833,2.819464498315938e-06,0.0002819464498315938,11265.05574631691,10000,ppo,ppo,crawler,flat,obs_dth_tot_direct,,,,,,,,,,,,,,,-0.003870113482090636,0,781,0.0,0.0,,,,,,,,,,,,,,,,,,,,,,,,,,,,,,,,,,,,,,,,,,,,,,,,,,,,,,,,,,,,,,,,,,,,,,,,,,nan,,,,,,,,,,,,,,,
1046,-0.5039086937904358,-5.03907131133019e-06,-0.000503907131133019,11275.291856527328,10000,ppo,ppo,crawler,flat,obs_dth_tot_direct,,,,,,,,,,,,,,,0.0,0,781,0.0,0.0,,,,,,,,,,,,,,,,,,,,,,,,,,,,,,,,,,,,,,,,,,,,,,,,,,,,,,,,,,,,,,,,,,,,,,,,,,nan,,,,,,,,,,,,,,,
1047,-1.380525827407837,-1.380525191052584e-05,-0.001380525191052584,11284.91601228714,10000,ppo,ppo,crawler,flat,obs_dth_tot_direct,,,,,,,,,,,,,,,-3.2504886942086847e-06,0,781,0.0,0.0,,,,,,,,,,,,,,,,,,,,,,,,,,,,,,,,,,,,,,,,,,,,,,,,,,,,,,,,,,,,,,,,,,,,,,,,,,nan,,,,,,,,,,,,,,,
1048,-0.5615379810333252,-5.6153780860768165e-06,-0.0005615378086076817,11296.875811576843,10000,ppo,ppo,crawler,flat,obs_dth_tot_direct,,,,,,,,,,,,,,,-0.0006244608383535118,0,781,0.0,0.0,,,,,,,,,,,,,,,,,,,,,,,,,,,,,,,,,,,,,,,,,,,,,,,,,,,,,,,,,,,,,,,,,,,,,,,,,,nan,,,,,,,,,,,,,,,
1049,-0.7160196304321289,-7.160200766520575e-06,-0.0007160200766520575,11308.931957244873,10000,ppo,ppo,crawler,flat,obs_dth_tot_direct,,,,,,,,,,,,,,,-3.099504729468142e-06,0,781,0.0,0.0,,,,,,,,,,,,,,,,,,,,,,,,,,,,,,,,,,,,,,,,,,,,,,,,,,,,,,,,,,,,,,,,,,,,,,,,,,nan,,,,,,,,,,,,,,,
1050,-0.5066890120506287,-5.066887752036564e-06,-0.0005066887752036564,11320.54920721054,10000,ppo,ppo,crawler,flat,obs_dth_tot_direct,,,,,,,,,,,,,,,-7.556613281884358e-05,0,781,0.0,0.0,,,,,,,,,,,,,,,,,,,,,,,,,,,,,,,,,,,,,,,,,,,,,,,,,,,,,,,,,,,,,,,,,,,,,,,,,,nan,,,,,,,,,,,,,,,
1051,1.2426329851150513,1.2426366083673202e-05,0.0012426366083673202,11330.008521556854,10000,ppo,ppo,crawler,flat,obs_dth_tot_direct,,,,,,,,,,,,,,,-3.020416840281285e-05,0,781,0.0,0.0,,,,,,,,,,,,,,,,,,,,,,,,,,,,,,,,,,,,,,,,,,,,,,,,,,,,,,,,,,,,,,,,,,,,,,,,,,nan,,,,,,,,,,,,,,,
1052,0.3376098573207855,3.3761180020519532e-06,0.0003376118002051953,11341.0283472538,10000,ppo,ppo,crawler,flat,obs_dth_tot_direct,,,,,,,,,,,,,,,0.0,0,781,0.0,0.0,,,,,,,,,,,,,,,,,,,,,,,,,,,,,,,,,,,,,,,,,,,,,,,,,,,,,,,,,,,,,,,,,,,,,,,,,,nan,,,,,,,,,,,,,,,
1053,-0.07306601852178574,-7.306786073968397e-07,-7.306786073968397e-05,11350.838443994522,10000,ppo,ppo,crawler,flat,obs_dth_tot_direct,,,,,,,,,,,,,,,-0.000303481794922361,0,781,0.0,0.0,,,,,,,,,,,,,,,,,,,,,,,,,,,,,,,,,,,,,,,,,,,,,,,,,,,,,,,,,,,,,,,,,,,,,,,,,,nan,,,,,,,,,,,,,,,
1054,1.1864322423934937,1.1864335647260305e-05,0.0011864335647260305,11360.123407125473,10000,ppo,ppo,crawler,flat,obs_dth_tot_direct,,,,,,,,,,,,,,,-5.492624539342947e-06,0,781,0.0,0.0,,,,,,,,,,,,,,,,,,,,,,,,,,,,,,,,,,,,,,,,,,,,,,,,,,,,,,,,,,,,,,,,,,,,,,,,,,nan,,,,,,,,,,,,,,,
1055,-0.6499808430671692,-6.49983121547848e-06,-0.000649983121547848,11370.450767993927,10000,ppo,ppo,crawler,flat,obs_dth_tot_direct,,,,,,,,,,,,,,,0.0,0,781,0.0,0.0,,,,,,,,,,,,,,,,,,,,,,,,,,,,,,,,,,,,,,,,,,,,,,,,,,,,,,,,,,,,,,,,,,,,,,,,,,nan,,,,,,,,,,,,,,,
1056,0.0885283350944519,8.852935025061015e-07,8.852935025061015e-05,11380.656521081924,10000,ppo,ppo,crawler,flat,obs_dth_tot_direct,,,,,,,,,,,,,,,-8.69304099133317e-05,0,781,0.0,0.0,,,,,,,,,,,,,,,,,,,,,,,,,,,,,,,,,,,,,,,,,,,,,,,,,,,,,,,,,,,,,,,,,,,,,,,,,,nan,,,,,,,,,,,,,,,
1057,-0.8166765570640564,-8.166771294781938e-06,-0.0008166771294781938,11390.101984262466,10000,ppo,ppo,crawler,flat,obs_dth_tot_direct,,,,,,,,,,,,,,,0.0,0,781,0.0,0.0,,,,,,,,,,,,,,,,,,,,,,,,,,,,,,,,,,,,,,,,,,,,,,,,,,,,,,,,,,,,,,,,,,,,,,,,,,nan,,,,,,,,,,,,,,,
1058,-1.113840103149414,-1.1138415175082628e-05,-0.0011138415175082628,11400.13104391098,10000,ppo,ppo,crawler,flat,obs_dth_tot_direct,,,,,,,,,,,,,,,-1.0755282758750622e-05,0,781,0.0,0.0,,,,,,,,,,,,,,,,,,,,,,,,,,,,,,,,,,,,,,,,,,,,,,,,,,,,,,,,,,,,,,,,,,,,,,,,,,nan,,,,,,,,,,,,,,,
1059,0.4176351726055145,4.176388756604865e-06,0.0004176388756604865,11409.730104207993,10000,ppo,ppo,crawler,flat,obs_dth_tot_direct,,,,,,,,,,,,,,,-0.0009101616903166459,0,781,0.0,0.0,,,,,,,,,,,,,,,,,,,,,,,,,,,,,,,,,,,,,,,,,,,,,,,,,,,,,,,,,,,,,,,,,,,,,,,,,,nan,,,,,,,,,,,,,,,
1060,0.7938938140869141,7.938960152387153e-06,0.0007938960152387153,11419.708338737488,10000,ppo,ppo,crawler,flat,obs_dth_tot_direct,,,,,,,,,,,,,,,-6.6561600558278506e-06,0,781,0.0,0.0,,,,,,,,,,,,,,,,,,,,,,,,,,,,,,,,,,,,,,,,,,,,,,,,,,,,,,,,,,,,,,,,,,,,,,,,,,nan,,,,,,,,,,,,,,,
1061,2.5793416500091553,2.579343163233716e-05,0.002579343163233716,11429.869293928146,10000,ppo,ppo,crawler,flat,obs_dth_tot_direct,,,,,,,,,,,,,,,-5.166445084860627e-05,0,781,0.0,0.0,,,,,,,,,,,,,,,,,,,,,,,,,,,,,,,,,,,,,,,,,,,,,,,,,,,,,,,,,,,,,,,,,,,,,,,,,,nan,,,,,,,,,,,,,,,
1062,1.2896842956542969,1.2896885891677812e-05,0.0012896885891677812,11439.539339065552,10000,ppo,ppo,crawler,flat,obs_dth_tot_direct,,,,,,,,,,,,,,,-3.457132240378139e-05,0,781,0.0,0.0,,,,,,,,,,,,,,,,,,,,,,,,,,,,,,,,,,,,,,,,,,,,,,,,,,,,,,,,,,,,,,,,,,,,,,,,,,nan,,,,,,,,,,,,,,,
1063,0.2500077188014984,2.5001202175189974e-06,0.00025001202175189974,11448.97215127945,10000,ppo,ppo,crawler,flat,obs_dth_tot_direct,,,,,,,,,,,,,,,-0.014887411376311135,0,781,0.0,0.0,,,,,,,,,,,,,,,,,,,,,,,,,,,,,,,,,,,,,,,,,,,,,,,,,,,,,,,,,,,,,,,,,,,,,,,,,,nan,,,,,,,,,,,,,,,
1064,0.3677533268928528,3.6775588796444936e-06,0.00036775588796444936,11458.79423069954,10000,ppo,ppo,crawler,flat,obs_dth_tot_direct,,,,,,,,,,,,,,,-1.9548007700873705e-06,0,781,0.0,0.0,,,,,,,,,,,,,,,,,,,,,,,,,,,,,,,,,,,,,,,,,,,,,,,,,,,,,,,,,,,,,,,,,,,,,,,,,,nan,,,,,,,,,,,,,,,
1065,0.29596057534217834,2.9596142212540144e-06,0.00029596142212540144,11468.439109802246,10000,ppo,ppo,crawler,flat,obs_dth_tot_direct,,,,,,,,,,,,,,,-0.000159866878913093,0,781,0.0,0.0,,,,,,,,,,,,,,,,,,,,,,,,,,,,,,,,,,,,,,,,,,,,,,,,,,,,,,,,,,,,,,,,,,,,,,,,,,nan,,,,,,,,,,,,,,,
1066,-0.669898509979248,-6.698985998809803e-06,-0.0006698985998809803,11479.368054389954,10000,ppo,ppo,crawler,flat,obs_dth_tot_direct,,,,,,,,,,,,,,,-4.360556039630069e-06,0,781,0.0,0.0,,,,,,,,,,,,,,,,,,,,,,,,,,,,,,,,,,,,,,,,,,,,,,,,,,,,,,,,,,,,,,,,,,,,,,,,,,nan,,,,,,,,,,,,,,,
1067,1.7154253721237183,1.7154274246422574e-05,0.0017154274246422574,11489.633487462997,10000,ppo,ppo,crawler,flat,obs_dth_tot_direct,,,,,,,,,,,,,,,-0.0033048673684347453,0,781,0.0,0.0,,,,,,,,,,,,,,,,,,,,,,,,,,,,,,,,,,,,,,,,,,,,,,,,,,,,,,,,,,,,,,,,,,,,,,,,,,nan,,,,,,,,,,,,,,,
1068,-0.8011879324913025,-8.011855243239552e-06,-0.0008011855243239552,11500.36862206459,10000,ppo,ppo,crawler,flat,obs_dth_tot_direct,,,,,,,,,,,,,,,0.0,0,781,0.0,0.0,,,,,,,,,,,,,,,,,,,,,,,,,,,,,,,,,,,,,,,,,,,,,,,,,,,,,,,,,,,,,,,,,,,,,,,,,,nan,,,,,,,,,,,,,,,
1069,0.6798893213272095,6.79895583743928e-06,0.000679895583743928,11510.449518442154,10000,ppo,ppo,crawler,flat,obs_dth_tot_direct,,,,,,,,,,,,,,,-7.604298070931709e-05,0,781,0.0,0.0,,,,,,,,,,,,,,,,,,,,,,,,,,,,,,,,,,,,,,,,,,,,,,,,,,,,,,,,,,,,,,,,,,,,,,,,,,nan,,,,,,,,,,,,,,,
1070,-0.12568099796772003,-1.2567934390972368e-06,-0.00012567934390972368,11519.74463391304,10000,ppo,ppo,crawler,flat,obs_dth_tot_direct,,,,,,,,,,,,,,,0.0,0,781,0.0,0.0,,,,,,,,,,,,,,,,,,,,,,,,,,,,,,,,,,,,,,,,,,,,,,,,,,,,,,,,,,,,,,,,,,,,,,,,,,nan,,,,,,,,,,,,,,,
1071,-1.0888926982879639,-1.0888925316976383e-05,-0.0010888925316976383,11529.744458198547,10000,ppo,ppo,crawler,flat,obs_dth_tot_direct,,,,,,,,,,,,,,,-5.370602202476521e-06,0,781,0.0,0.0,,,,,,,,,,,,,,,,,,,,,,,,,,,,,,,,,,,,,,,,,,,,,,,,,,,,,,,,,,,,,,,,,,,,,,,,,,nan,,,,,,,,,,,,,,,
1072,0.2555766999721527,2.555768787715351e-06,0.0002555768787715351,11540.152547836304,10000,ppo,ppo,crawler,flat,obs_dth_tot_direct,,,,,,,,,,,,,,,-8.28468442325708e-05,0,781,0.0,0.0,,,,,,,,,,,,,,,,,,,,,,,,,,,,,,,,,,,,,,,,,,,,,,,,,,,,,,,,,,,,,,,,,,,,,,,,,,nan,,,,,,,,,,,,,,,
1073,-0.6604752540588379,-6.604748705285601e-06,-0.0006604748705285601,11550.050607442856,10000,ppo,ppo,crawler,flat,obs_dth_tot_direct,,,,,,,,,,,,,,,1.3392251676542354e-05,0,781,0.0,0.0,,,,,,,,,,,,,,,,,,,,,,,,,,,,,,,,,,,,,,,,,,,,,,,,,,,,,,,,,,,,,,,,,,,,,,,,,,nan,,,,,,,,,,,,,,,
1074,-1.9144172668457031,-1.914419226523023e-05,-0.001914419226523023,11560.126234769821,10000,ppo,ppo,crawler,flat,obs_dth_tot_direct,,,,,,,,,,,,,,,-0.002890183367359806,0,781,0.0,0.0,,,,,,,,,,,,,,,,,,,,,,,,,,,,,,,,,,,,,,,,,,,,,,,,,,,,,,,,,,,,,,,,,,,,,,,,,,nan,,,,,,,,,,,,,,,
1075,0.7084888219833374,7.084919161570724e-06,0.0007084919161570724,11570.228040933609,10000,ppo,ppo,crawler,flat,obs_dth_tot_direct,,,,,,,,,,,,,,,0.0,0,781,0.0,0.0,,,,,,,,,,,,,,,,,,,,,,,,,,,,,,,,,,,,,,,,,,,,,,,,,,,,,,,,,,,,,,,,,,,,,,,,,,nan,,,,,,,,,,,,,,,
1076,0.06470570713281631,6.470891094068065e-07,6.470891094068065e-05,11579.921932458878,10000,ppo,ppo,crawler,flat,obs_dth_tot_direct,,,,,,,,,,,,,,,-0.0005010202546125795,0,781,0.0,0.0,,,,,,,,,,,,,,,,,,,,,,,,,,,,,,,,,,,,,,,,,,,,,,,,,,,,,,,,,,,,,,,,,,,,,,,,,,nan,,,,,,,,,,,,,,,
1077,-0.8303001523017883,-8.30298631626647e-06,-0.000830298631626647,11590.839122772217,10000,ppo,ppo,crawler,flat,obs_dth_tot_direct,,,,,,,,,,,,,,,-5.8693492906728564e-05,0,781,0.0,0.0,,,,,,,,,,,,,,,,,,,,,,,,,,,,,,,,,,,,,,,,,,,,,,,,,,,,,,,,,,,,,,,,,,,,,,,,,,nan,,,,,,,,,,,,,,,
1078,-0.03917646408081055,-3.916973128070822e-07,-3.916973128070822e-05,11601.021610021591,10000,ppo,ppo,crawler,flat,obs_dth_tot_direct,,,,,,,,,,,,,,,-1.4987046783849615e-05,0,781,0.0,0.0,,,,,,,,,,,,,,,,,,,,,,,,,,,,,,,,,,,,,,,,,,,,,,,,,,,,,,,,,,,,,,,,,,,,,,,,,,nan,,,,,,,,,,,,,,,
1079,-0.2723846435546875,-2.7237997528573032e-06,-0.0002723799752857303,11610.750231742859,10000,ppo,ppo,crawler,flat,obs_dth_tot_direct,,,,,,,,,,,,,,,-0.00031647478825342333,0,781,0.0,0.0,,,,,,,,,,,,,,,,,,,,,,,,,,,,,,,,,,,,,,,,,,,,,,,,,,,,,,,,,,,,,,,,,,,,,,,,,,nan,,,,,,,,,,,,,,,
1080,1.0925592184066772,1.0925601600320078e-05,0.0010925601600320078,11620.440105438232,10000,ppo,ppo,crawler,flat,obs_dth_tot_direct,,,,,,,,,,,,,,,0.0,0,781,0.0,0.0,,,,,,,,,,,,,,,,,,,,,,,,,,,,,,,,,,,,,,,,,,,,,,,,,,,,,,,,,,,,,,,,,,,,,,,,,,nan,,,,,,,,,,,,,,,
1081,0.0627482458949089,6.27488248028385e-07,6.27488248028385e-05,11630.076522111893,10000,ppo,ppo,crawler,flat,obs_dth_tot_direct,,,,,,,,,,,,,,,-7.98064504634403e-06,0,781,0.0,0.0,,,,,,,,,,,,,,,,,,,,,,,,,,,,,,,,,,,,,,,,,,,,,,,,,,,,,,,,,,,,,,,,,,,,,,,,,,nan,,,,,,,,,,,,,,,
1082,0.0723174586892128,7.232164875858871e-07,7.232164875858871e-05,11640.032641410828,10000,ppo,ppo,crawler,flat,obs_dth_tot_direct,,,,,,,,,,,,,,,-4.172158068601667e-05,0,781,0.0,0.0,,,,,,,,,,,,,,,,,,,,,,,,,,,,,,,,,,,,,,,,,,,,,,,,,,,,,,,,,,,,,,,,,,,,,,,,,,nan,,,,,,,,,,,,,,,
1083,-0.34027111530303955,-3.402688662390574e-06,-0.0003402688662390574,11649.363438129425,10000,ppo,ppo,crawler,flat,obs_dth_tot_direct,,,,,,,,,,,,,,,-8.20623856233421e-05,0,781,0.0,0.0,,,,,,,,,,,,,,,,,,,,,,,,,,,,,,,,,,,,,,,,,,,,,,,,,,,,,,,,,,,,,,,,,,,,,,,,,,nan,,,,,,,,,,,,,,,
1084,-0.49870792031288147,-4.987100965081481e-06,-0.0004987100965081481,11659.184666156769,10000,ppo,ppo,crawler,flat,obs_dth_tot_direct,,,,,,,,,,,,,,,-0.0007428122092892204,0,781,0.0,0.0,,,,,,,,,,,,,,,,,,,,,,,,,,,,,,,,,,,,,,,,,,,,,,,,,,,,,,,,,,,,,,,,,,,,,,,,,,nan,,,,,,,,,,,,,,,
1085,0.572593629360199,5.7259530876763165e-06,0.0005725953087676316,11668.58174085617,10000,ppo,ppo,crawler,flat,obs_dth_tot_direct,,,,,,,,,,,,,,,0.0,0,781,0.0,0.0,,,,,,,,,,,,,,,,,,,,,,,,,,,,,,,,,,,,,,,,,,,,,,,,,,,,,,,,,,,,,,,,,,,,,,,,,,nan,,,,,,,,,,,,,,,
1086,0.35668203234672546,3.566835403034929e-06,0.0003566835403034929,11678.293442487717,10000,ppo,ppo,crawler,flat,obs_dth_tot_direct,,,,,,,,,,,,,,,-0.0015637977549593977,0,781,0.0,0.0,,,,,,,,,,,,,,,,,,,,,,,,,,,,,,,,,,,,,,,,,,,,,,,,,,,,,,,,,,,,,,,,,,,,,,,,,,nan,,,,,,,,,,,,,,,
1087,0.23356294631958008,2.335639919692767e-06,0.00023356399196927669,11687.840430021286,10000,ppo,ppo,crawler,flat,obs_dth_tot_direct,,,,,,,,,,,,,,,0.0,0,781,0.0,0.0,,,,,,,,,,,,,,,,,,,,,,,,,,,,,,,,,,,,,,,,,,,,,,,,,,,,,,,,,,,,,,,,,,,,,,,,,,nan,,,,,,,,,,,,,,,
1088,-0.18380780518054962,-1.8380416122454335e-06,-0.00018380416122454335,11697.345015764236,10000,ppo,ppo,crawler,flat,obs_dth_tot_direct,,,,,,,,,,,,,,,-5.706441177296119e-06,0,781,0.0,0.0,,,,,,,,,,,,,,,,,,,,,,,,,,,,,,,,,,,,,,,,,,,,,,,,,,,,,,,,,,,,,,,,,,,,,,,,,,nan,,,,,,,,,,,,,,,
1089,0.8989259600639343,8.989291018224321e-06,0.0008989291018224321,11707.200567245483,10000,ppo,ppo,crawler,flat,obs_dth_tot_direct,,,,,,,,,,,,,,,-5.349140046653308e-06,0,781,0.0,0.0,,,,,,,,,,,,,,,,,,,,,,,,,,,,,,,,,,,,,,,,,,,,,,,,,,,,,,,,,,,,,,,,,,,,,,,,,,nan,,,,,,,,,,,,,,,
1090,-0.6060641407966614,-6.0606453189393505e-06,-0.0006060645318939351,11716.283311605453,10000,ppo,ppo,crawler,flat,obs_dth_tot_direct,,,,,,,,,,,,,,,-1.655932201046339e-05,0,781,0.0,0.0,,,,,,,,,,,,,,,,,,,,,,,,,,,,,,,,,,,,,,,,,,,,,,,,,,,,,,,,,,,,,,,,,,,,,,,,,,nan,,,,,,,,,,,,,,,
1091,-1.0080677270889282,-1.0080693755298853e-05,-0.0010080693755298853,11725.970442533493,10000,ppo,ppo,crawler,flat,obs_dth_tot_direct,,,,,,,,,,,,,,,1.5824458415163312e-06,0,781,0.0,0.0,,,,,,,,,,,,,,,,,,,,,,,,,,,,,,,,,,,,,,,,,,,,,,,,,,,,,,,,,,,,,,,,,,,,,,,,,,nan,,,,,,,,,,,,,,,
1092,-2.4714343547821045,-2.4714339815545827e-05,-0.0024714339815545827,11735.57561326027,10000,ppo,ppo,crawler,flat,obs_dth_tot_direct,,,,,,,,,,,,,,,-4.5382573952595495e-06,0,781,0.0,0.0,,,,,,,,,,,,,,,,,,,,,,,,,,,,,,,,,,,,,,,,,,,,,,,,,,,,,,,,,,,,,,,,,,,,,,,,,,nan,,,,,,,,,,,,,,,
1093,0.4545661509037018,4.545686806523008e-06,0.00045456868065230083,11745.193141460419,10000,ppo,ppo,crawler,flat,obs_dth_tot_direct,,,,,,,,,,,,,,,-4.099551993738216e-06,0,781,0.0,0.0,,,,,,,,,,,,,,,,,,,,,,,,,,,,,,,,,,,,,,,,,,,,,,,,,,,,,,,,,,,,,,,,,,,,,,,,,,nan,,,,,,,,,,,,,,,
1094,1.9049748182296753,1.9049741240451112e-05,0.0019049741240451112,11754.813994407654,10000,ppo,ppo,crawler,flat,obs_dth_tot_direct,,,,,,,,,,,,,,,-1.3214902100886638e-05,0,781,0.0,0.0,,,,,,,,,,,,,,,,,,,,,,,,,,,,,,,,,,,,,,,,,,,,,,,,,,,,,,,,,,,,,,,,,,,,,,,,,,nan,,,,,,,,,,,,,,,
1095,-1.9213802814483643,-1.9213792256778106e-05,-0.0019213792256778106,11764.162937402725,10000,ppo,ppo,crawler,flat,obs_dth_tot_direct,,,,,,,,,,,,,,,-9.804453686471175e-07,0,781,0.0,0.0,,,,,,,,,,,,,,,,,,,,,,,,,,,,,,,,,,,,,,,,,,,,,,,,,,,,,,,,,,,,,,,,,,,,,,,,,,nan,,,,,,,,,,,,,,,
1096,0.29904046654701233,2.99041448670323e-06,0.000299041448670323,11773.926994562149,10000,ppo,ppo,crawler,flat,obs_dth_tot_direct,,,,,,,,,,,,,,,-1.709760380157588e-05,0,781,0.0,0.0,,,,,,,,,,,,,,,,,,,,,,,,,,,,,,,,,,,,,,,,,,,,,,,,,,,,,,,,,,,,,,,,,,,,,,,,,,nan,,,,,,,,,,,,,,,
1097,0.21764464676380157,2.1764831217296887e-06,0.00021764831217296887,11783.445545196533,10000,ppo,ppo,crawler,flat,obs_dth_tot_direct,,,,,,,,,,,,,,,-1.1527437416218918e-05,0,781,0.0,0.0,,,,,,,,,,,,,,,,,,,,,,,,,,,,,,,,,,,,,,,,,,,,,,,,,,,,,,,,,,,,,,,,,,,,,,,,,,nan,,,,,,,,,,,,,,,
1098,-1.2239463329315186,-1.2239472198416479e-05,-0.001223947219841648,11792.937732458115,10000,ppo,ppo,crawler,flat,obs_dth_tot_direct,,,,,,,,,,,,,,,6.63671675931171e-08,0,781,0.0,0.0,,,,,,,,,,,,,,,,,,,,,,,,,,,,,,,,,,,,,,,,,,,,,,,,,,,,,,,,,,,,,,,,,,,,,,,,,,nan,,,,,,,,,,,,,,,
1099,-0.1516619175672531,-1.5165699096542085e-06,-0.00015165699096542085,11802.673717975616,10000,ppo,ppo,crawler,flat,obs_dth_tot_direct,,,,,,,,,,,,,,,-1.9542701189405025e-05,0,781,0.0,0.0,,,,,,,,,,,,,,,,,,,,,,,,,,,,,,,,,,,,,,,,,,,,,,,,,,,,,,,,,,,,,,,,,,,,,,,,,,nan,,,,,,,,,,,,,,,
1100,-0.47515368461608887,-4.751509095513029e-06,-0.0004751509095513029,11812.230941295624,10000,ppo,ppo,crawler,flat,obs_dth_tot_direct,,,,,,,,,,,,,,,-0.001601170756819535,0,781,0.0,0.0,,,,,,,,,,,,,,,,,,,,,,,,,,,,,,,,,,,,,,,,,,,,,,,,,,,,,,,,,,,,,,,,,,,,,,,,,,nan,,,,,,,,,,,,,,,
1101,-0.9897837042808533,-9.897860763885546e-06,-0.0009897860763885546,11822.132062673569,10000,ppo,ppo,crawler,flat,obs_dth_tot_direct,,,,,,,,,,,,,,,0.0,0,781,0.0,0.0,,,,,,,,,,,,,,,,,,,,,,,,,,,,,,,,,,,,,,,,,,,,,,,,,,,,,,,,,,,,,,,,,,,,,,,,,,nan,,,,,,,,,,,,,,,
1102,-0.16275396943092346,-1.6274996141873999e-06,-0.00016274996141873999,11831.740863323212,10000,ppo,ppo,crawler,flat,obs_dth_tot_direct,,,,,,,,,,,,,,,-7.761680496028993e-06,0,781,0.0,0.0,,,,,,,,,,,,,,,,,,,,,,,,,,,,,,,,,,,,,,,,,,,,,,,,,,,,,,,,,,,,,,,,,,,,,,,,,,nan,,,,,,,,,,,,,,,
1103,-0.6361267566680908,-6.361261057463707e-06,-0.0006361261057463707,11841.263891935349,10000,ppo,ppo,crawler,flat,obs_dth_tot_direct,,,,,,,,,,,,,,,7.404026392937927e-07,0,781,0.0,0.0,,,,,,,,,,,,,,,,,,,,,,,,,,,,,,,,,,,,,,,,,,,,,,,,,,,,,,,,,,,,,,,,,,,,,,,,,,nan,,,,,,,,,,,,,,,
1104,0.34132298827171326,3.4132658583985176e-06,0.00034132658583985176,11851.233032941818,10000,ppo,ppo,crawler,flat,obs_dth_tot_direct,,,,,,,,,,,,,,,-1.4536258038348028e-05,0,781,0.0,0.0,,,,,,,,,,,,,,,,,,,,,,,,,,,,,,,,,,,,,,,,,,,,,,,,,,,,,,,,,,,,,,,,,,,,,,,,,,nan,,,,,,,,,,,,,,,
1105,0.36654597520828247,3.665444864964229e-06,0.0003665444864964229,11860.690202713013,10000,ppo,ppo,crawler,flat,obs_dth_tot_direct,,,,,,,,,,,,,,,-7.745805083178986e-06,0,781,0.0,0.0,,,,,,,,,,,,,,,,,,,,,,,,,,,,,,,,,,,,,,,,,,,,,,,,,,,,,,,,,,,,,,,,,,,,,,,,,,nan,,,,,,,,,,,,,,,
1106,-0.9741944670677185,-9.741947906150017e-06,-0.0009741947906150017,11870.52062535286,10000,ppo,ppo,crawler,flat,obs_dth_tot_direct,,,,,,,,,,,,,,,-1.5474264432465068e-06,0,781,0.0,0.0,,,,,,,,,,,,,,,,,,,,,,,,,,,,,,,,,,,,,,,,,,,,,,,,,,,,,,,,,,,,,,,,,,,,,,,,,,nan,,,,,,,,,,,,,,,
1107,-1.6215866804122925,-1.6215881259995513e-05,-0.0016215881259995513,11880.028594732285,10000,ppo,ppo,crawler,flat,obs_dth_tot_direct,,,,,,,,,,,,,,,-2.703816652603247e-08,0,781,0.0,0.0,,,,,,,,,,,,,,,,,,,,,,,,,,,,,,,,,,,,,,,,,,,,,,,,,,,,,,,,,,,,,,,,,,,,,,,,,,nan,,,,,,,,,,,,,,,
1108,-0.3637178838253021,-3.6372116483107675e-06,-0.00036372116483107675,11889.966474056244,10000,ppo,ppo,crawler,flat,obs_dth_tot_direct,,,,,,,,,,,,,,,-1.3509733070560972e-05,0,781,0.0,0.0,,,,,,,,,,,,,,,,,,,,,,,,,,,,,,,,,,,,,,,,,,,,,,,,,,,,,,,,,,,,,,,,,,,,,,,,,,nan,,,,,,,,,,,,,,,
1109,0.7927348613739014,7.92737500887597e-06,0.000792737500887597,11899.899194717407,10000,ppo,ppo,crawler,flat,obs_dth_tot_direct,,,,,,,,,,,,,,,0.0,0,781,0.0,0.0,,,,,,,,,,,,,,,,,,,,,,,,,,,,,,,,,,,,,,,,,,,,,,,,,,,,,,,,,,,,,,,,,,,,,,,,,,nan,,,,,,,,,,,,,,,
1110,-1.683297038078308,-1.683297159615904e-05,-0.001683297159615904,11909.755862951279,10000,ppo,ppo,crawler,flat,obs_dth_tot_direct,,,,,,,,,,,,,,,-9.187767771042874e-05,0,781,0.0,0.0,,,,,,,,,,,,,,,,,,,,,,,,,,,,,,,,,,,,,,,,,,,,,,,,,,,,,,,,,,,,,,,,,,,,,,,,,,nan,,,,,,,,,,,,,,,
1111,0.11622295528650284,1.1622353213169845e-06,0.00011622353213169845,11919.682755470276,10000,ppo,ppo,crawler,flat,obs_dth_tot_direct,,,,,,,,,,,,,,,0.0,0,781,0.0,0.0,,,,,,,,,,,,,,,,,,,,,,,,,,,,,,,,,,,,,,,,,,,,,,,,,,,,,,,,,,,,,,,,,,,,,,,,,,nan,,,,,,,,,,,,,,,
1112,0.49927225708961487,4.992766662326176e-06,0.0004992766662326176,11929.471863269806,10000,ppo,ppo,crawler,flat,obs_dth_tot_direct,,,,,,,,,,,,,,,-4.045803591170171e-06,0,781,0.0,0.0,,,,,,,,,,,,,,,,,,,,,,,,,,,,,,,,,,,,,,,,,,,,,,,,,,,,,,,,,,,,,,,,,,,,,,,,,,nan,,,,,,,,,,,,,,,
1113,0.40000078082084656,4.0000331864575855e-06,0.00040000331864575855,11939.062730073929,10000,ppo,ppo,crawler,flat,obs_dth_tot_direct,,,,,,,,,,,,,,,-0.0007303691219905733,0,781,0.0,0.0,,,,,,,,,,,,,,,,,,,,,,,,,,,,,,,,,,,,,,,,,,,,,,,,,,,,,,,,,,,,,,,,,,,,,,,,,,nan,,,,,,,,,,,,,,,
1114,-0.9520158767700195,-9.520190360490233e-06,-0.0009520190360490233,11948.819900989532,10000,ppo,ppo,crawler,flat,obs_dth_tot_direct,,,,,,,,,,,,,,,-2.6399687066120925e-05,0,781,0.0,0.0,,,,,,,,,,,,,,,,,,,,,,,,,,,,,,,,,,,,,,,,,,,,,,,,,,,,,,,,,,,,,,,,,,,,,,,,,,nan,,,,,,,,,,,,,,,
1115,-0.795191764831543,-7.951906809466891e-06,-0.0007951906809466891,11958.68530869484,10000,ppo,ppo,crawler,flat,obs_dth_tot_direct,,,,,,,,,,,,,,,0.0,0,781,0.0,0.0,,,,,,,,,,,,,,,,,,,,,,,,,,,,,,,,,,,,,,,,,,,,,,,,,,,,,,,,,,,,,,,,,,,,,,,,,,nan,,,,,,,,,,,,,,,
1116,-0.19262610375881195,-1.9262706700828858e-06,-0.00019262706700828858,11968.328850507736,10000,ppo,ppo,crawler,flat,obs_dth_tot_direct,,,,,,,,,,,,,,,-5.468332641561266e-06,0,781,0.0,0.0,,,,,,,,,,,,,,,,,,,,,,,,,,,,,,,,,,,,,,,,,,,,,,,,,,,,,,,,,,,,,,,,,,,,,,,,,,nan,,,,,,,,,,,,,,,
1117,-1.3097809553146362,-1.3097798728267662e-05,-0.0013097798728267662,11978.350122451782,10000,ppo,ppo,crawler,flat,obs_dth_tot_direct,,,,,,,,,,,,,,,-2.693865691501261e-05,0,781,0.0,0.0,,,,,,,,,,,,,,,,,,,,,,,,,,,,,,,,,,,,,,,,,,,,,,,,,,,,,,,,,,,,,,,,,,,,,,,,,,nan,,,,,,,,,,,,,,,
1118,-0.649456799030304,-6.494554781966144e-06,-0.0006494554781966144,11988.096562623978,10000,ppo,ppo,crawler,flat,obs_dth_tot_direct,,,,,,,,,,,,,,,-0.001205652935499571,0,781,0.0,0.0,,,,,,,,,,,,,,,,,,,,,,,,,,,,,,,,,,,,,,,,,,,,,,,,,,,,,,,,,,,,,,,,,,,,,,,,,,nan,,,,,,,,,,,,,,,
1119,-0.9380202293395996,-9.380206392961554e-06,-0.0009380206392961554,11997.43944478035,10000,ppo,ppo,crawler,flat,obs_dth_tot_direct,,,,,,,,,,,,,,,0.0,0,781,0.0,0.0,,,,,,,,,,,,,,,,,,,,,,,,,,,,,,,,,,,,,,,,,,,,,,,,,,,,,,,,,,,,,,,,,,,,,,,,,,nan,,,,,,,,,,,,,,,
1120,-0.41593918204307556,-4.1593611967982724e-06,-0.00041593611967982724,12006.908540725708,10000,ppo,ppo,crawler,flat,obs_dth_tot_direct,,,,,,,,,,,,,,,-0.04103722625797216,0,781,0.0,0.0,,,,,,,,,,,,,,,,,,,,,,,,,,,,,,,,,,,,,,,,,,,,,,,,,,,,,,,,,,,,,,,,,,,,,,,,,,nan,,,,,,,,,,,,,,,
1121,-0.3110537528991699,-3.1105143989407225e-06,-0.00031105143989407225,12016.453584909439,10000,ppo,ppo,crawler,flat,obs_dth_tot_direct,,,,,,,,,,,,,,,0.0,0,781,0.0,0.0,,,,,,,,,,,,,,,,,,,,,,,,,,,,,,,,,,,,,,,,,,,,,,,,,,,,,,,,,,,,,,,,,,,,,,,,,,nan,,,,,,,,,,,,,,,
1122,-0.013028407469391823,-1.302587833151847e-07,-1.302587833151847e-05,12026.37250494957,10000,ppo,ppo,crawler,flat,obs_dth_tot_direct,,,,,,,,,,,,,,,-2.2834047636973568e-05,0,781,0.0,0.0,,,,,,,,,,,,,,,,,,,,,,,,,,,,,,,,,,,,,,,,,,,,,,,,,,,,,,,,,,,,,,,,,,,,,,,,,,nan,,,,,,,,,,,,,,,
1123,0.37732458114624023,3.773263642870006e-06,0.0003773263642870006,12035.9219186306,10000,ppo,ppo,crawler,flat,obs_dth_tot_direct,,,,,,,,,,,,,,,0.0,0,781,0.0,0.0,,,,,,,,,,,,,,,,,,,,,,,,,,,,,,,,,,,,,,,,,,,,,,,,,,,,,,,,,,,,,,,,,,,,,,,,,,nan,,,,,,,,,,,,,,,
1124,-0.9836601614952087,-9.83656536845956e-06,-0.000983656536845956,12045.722458839417,10000,ppo,ppo,crawler,flat,obs_dth_tot_direct,,,,,,,,,,,,,,,-0.00044721345060651647,0,781,0.0,0.0,,,,,,,,,,,,,,,,,,,,,,,,,,,,,,,,,,,,,,,,,,,,,,,,,,,,,,,,,,,,,,,,,,,,,,,,,,nan,,,,,,,,,,,,,,,
1125,0.5975178480148315,5.975229214527644e-06,0.0005975229214527644,12055.23705482483,10000,ppo,ppo,crawler,flat,obs_dth_tot_direct,,,,,,,,,,,,,,,-1.6859693216605926e-06,0,781,0.0,0.0,,,,,,,,,,,,,,,,,,,,,,,,,,,,,,,,,,,,,,,,,,,,,,,,,,,,,,,,,,,,,,,,,,,,,,,,,,nan,,,,,,,,,,,,,,,
1126,-0.7408833503723145,-7.40883933758596e-06,-0.000740883933758596,12065.421625852585,10000,ppo,ppo,crawler,flat,obs_dth_tot_direct,,,,,,,,,,,,,,,-0.010110793895208576,0,781,0.0,0.0,,,,,,,,,,,,,,,,,,,,,,,,,,,,,,,,,,,,,,,,,,,,,,,,,,,,,,,,,,,,,,,,,,,,,,,,,,nan,,,,,,,,,,,,,,,
1127,-0.6767644882202148,-6.767631930415519e-06,-0.0006767631930415519,12075.80154299736,10000,ppo,ppo,crawler,flat,obs_dth_tot_direct,,,,,,,,,,,,,,,0.0,0,781,0.0,0.0,,,,,,,,,,,,,,,,,,,,,,,,,,,,,,,,,,,,,,,,,,,,,,,,,,,,,,,,,,,,,,,,,,,,,,,,,,nan,,,,,,,,,,,,,,,
1128,-1.631611704826355,-1.631612394703552e-05,-0.0016316123947035521,12085.696901082993,10000,ppo,ppo,crawler,flat,obs_dth_tot_direct,,,,,,,,,,,,,,,-2.2901365206733097e-06,0,781,0.0,0.0,,,,,,,,,,,,,,,,,,,,,,,,,,,,,,,,,,,,,,,,,,,,,,,,,,,,,,,,,,,,,,,,,,,,,,,,,,nan,,,,,,,,,,,,,,,
1129,-1.017746925354004,-1.0177476724493317e-05,-0.0010177476724493317,12095.451563596725,10000,ppo,ppo,crawler,flat,obs_dth_tot_direct,,,,,,,,,,,,,,,-0.00015217989144152778,0,781,0.0,0.0,,,,,,,,,,,,,,,,,,,,,,,,,,,,,,,,,,,,,,,,,,,,,,,,,,,,,,,,,,,,,,,,,,,,,,,,,,nan,,,,,,,,,,,,,,,
1130,-0.1420523226261139,-1.4204864555722452e-06,-0.00014204864555722452,12105.143660783768,10000,ppo,ppo,crawler,flat,obs_dth_tot_direct,,,,,,,,,,,,,,,-4.241524428777902e-07,0,781,0.0,0.0,,,,,,,,,,,,,,,,,,,,,,,,,,,,,,,,,,,,,,,,,,,,,,,,,,,,,,,,,,,,,,,,,,,,,,,,,,nan,,,,,,,,,,,,,,,
1131,-0.22598905861377716,-2.2599053863814333e-06,-0.00022599053863814333,12114.649962425232,10000,ppo,ppo,crawler,flat,obs_dth_tot_direct,,,,,,,,,,,,,,,-0.0005779892382678241,0,781,0.0,0.0,,,,,,,,,,,,,,,,,,,,,,,,,,,,,,,,,,,,,,,,,,,,,,,,,,,,,,,,,,,,,,,,,,,,,,,,,,nan,,,,,,,,,,,,,,,
1132,0.7878653407096863,7.878685210016556e-06,0.0007878685210016556,12124.123754501343,10000,ppo,ppo,crawler,flat,obs_dth_tot_direct,,,,,,,,,,,,,,,0.0,0,781,0.0,0.0,,,,,,,,,,,,,,,,,,,,,,,,,,,,,,,,,,,,,,,,,,,,,,,,,,,,,,,,,,,,,,,,,,,,,,,,,,nan,,,,,,,,,,,,,,,
1133,0.6521700024604797,6.521747764054453e-06,0.0006521747764054453,12133.985999584198,10000,ppo,ppo,crawler,flat,obs_dth_tot_direct,,,,,,,,,,,,,,,-0.00025258615741770947,0,781,0.0,0.0,,,,,,,,,,,,,,,,,,,,,,,,,,,,,,,,,,,,,,,,,,,,,,,,,,,,,,,,,,,,,,,,,,,,,,,,,,nan,,,,,,,,,,,,,,,
1134,-1.0991098880767822,-1.0991082490363624e-05,-0.0010991082490363624,12143.738590717316,10000,ppo,ppo,crawler,flat,obs_dth_tot_direct,,,,,,,,,,,,,,,-2.1741969961668252e-06,0,781,0.0,0.0,,,,,,,,,,,,,,,,,,,,,,,,,,,,,,,,,,,,,,,,,,,,,,,,,,,,,,,,,,,,,,,,,,,,,,,,,,nan,,,,,,,,,,,,,,,
1135,1.0683202743530273,1.0683233995223418e-05,0.0010683233995223418,12153.149681329727,10000,ppo,ppo,crawler,flat,obs_dth_tot_direct,,,,,,,,,,,,,,,-2.054700320264594e-05,0,781,0.0,0.0,,,,,,,,,,,,,,,,,,,,,,,,,,,,,,,,,,,,,,,,,,,,,,,,,,,,,,,,,,,,,,,,,,,,,,,,,,nan,,,,,,,,,,,,,,,
1136,0.933403491973877,9.334078640677035e-06,0.0009334078640677035,12162.846167087555,10000,ppo,ppo,crawler,flat,obs_dth_tot_direct,,,,,,,,,,,,,,,-7.62014593762106e-05,0,781,0.0,0.0,,,,,,,,,,,,,,,,,,,,,,,,,,,,,,,,,,,,,,,,,,,,,,,,,,,,,,,,,,,,,,,,,,,,,,,,,,nan,,,,,,,,,,,,,,,
1137,0.38586780428886414,3.858710897475248e-06,0.0003858710897475248,12172.644478797913,10000,ppo,ppo,crawler,flat,obs_dth_tot_direct,,,,,,,,,,,,,,,-0.009815922210877822,0,781,0.0,0.0,,,,,,,,,,,,,,,,,,,,,,,,,,,,,,,,,,,,,,,,,,,,,,,,,,,,,,,,,,,,,,,,,,,,,,,,,,nan,,,,,,,,,,,,,,,
1138,-0.4351775348186493,-4.351752977527212e-06,-0.00043517529775272124,12182.428694963455,10000,ppo,ppo,crawler,flat,obs_dth_tot_direct,,,,,,,,,,,,,,,-2.043901271307209e-07,0,781,0.0,0.0,,,,,,,,,,,,,,,,,,,,,,,,,,,,,,,,,,,,,,,,,,,,,,,,,,,,,,,,,,,,,,,,,,,,,,,,,,nan,,,,,,,,,,,,,,,
1139,-1.3557204008102417,-1.35572008730378e-05,-0.00135572008730378,12192.285971403122,10000,ppo,ppo,crawler,flat,obs_dth_tot_direct,,,,,,,,,,,,,,,-2.8869471060787058e-05,0,781,0.0,0.0,,,,,,,,,,,,,,,,,,,,,,,,,,,,,,,,,,,,,,,,,,,,,,,,,,,,,,,,,,,,,,,,,,,,,,,,,,nan,,,,,,,,,,,,,,,
1140,-0.7129660248756409,-7.129645837267162e-06,-0.0007129645837267162,12201.943742513657,10000,ppo,ppo,crawler,flat,obs_dth_tot_direct,,,,,,,,,,,,,,,-9.401385146509211e-05,0,781,0.0,0.0,,,,,,,,,,,,,,,,,,,,,,,,,,,,,,,,,,,,,,,,,,,,,,,,,,,,,,,,,,,,,,,,,,,,,,,,,,nan,,,,,,,,,,,,,,,
1141,-0.04948921129107475,-4.948657874592755e-07,-4.9486578745927545e-05,12211.733909606934,10000,ppo,ppo,crawler,flat,obs_dth_tot_direct,,,,,,,,,,,,,,,-0.01183995154952194,0,781,0.0,0.0,,,,,,,,,,,,,,,,,,,,,,,,,,,,,,,,,,,,,,,,,,,,,,,,,,,,,,,,,,,,,,,,,,,,,,,,,,nan,,,,,,,,,,,,,,,
1142,1.1187076568603516,1.1187108611920848e-05,0.0011187108611920848,12221.725789308548,10000,ppo,ppo,crawler,flat,obs_dth_tot_direct,,,,,,,,,,,,,,,0.0,0,781,0.0,0.0,,,,,,,,,,,,,,,,,,,,,,,,,,,,,,,,,,,,,,,,,,,,,,,,,,,,,,,,,,,,,,,,,,,,,,,,,,nan,,,,,,,,,,,,,,,
1143,-0.2312716245651245,-2.3127122403820977e-06,-0.00023127122403820977,12231.587521791458,10000,ppo,ppo,crawler,flat,obs_dth_tot_direct,,,,,,,,,,,,,,,-1.312937067580742e-05,0,781,0.0,0.0,,,,,,,,,,,,,,,,,,,,,,,,,,,,,,,,,,,,,,,,,,,,,,,,,,,,,,,,,,,,,,,,,,,,,,,,,,nan,,,,,,,,,,,,,,,
1144,-0.21258464455604553,-2.12584654946113e-06,-0.000212584654946113,12241.729593515396,10000,ppo,ppo,crawler,flat,obs_dth_tot_direct,,,,,,,,,,,,,,,-4.053160443272389e-05,0,781,0.0,0.0,,,,,,,,,,,,,,,,,,,,,,,,,,,,,,,,,,,,,,,,,,,,,,,,,,,,,,,,,,,,,,,,,,,,,,,,,,nan,,,,,,,,,,,,,,,
1145,0.15049386024475098,1.5049413377710152e-06,0.00015049413377710152,12251.480008840561,10000,ppo,ppo,crawler,flat,obs_dth_tot_direct,,,,,,,,,,,,,,,0.00010321608049349046,0,781,0.0,0.0,,,,,,,,,,,,,,,,,,,,,,,,,,,,,,,,,,,,,,,,,,,,,,,,,,,,,,,,,,,,,,,,,,,,,,,,,,nan,,,,,,,,,,,,,,,
1146,0.5752172470092773,5.752177457907237e-06,0.0005752177457907237,12260.87575674057,10000,ppo,ppo,crawler,flat,obs_dth_tot_direct,,,,,,,,,,,,,,,-3.909465121093389e-05,0,781,0.0,0.0,,,,,,,,,,,,,,,,,,,,,,,,,,,,,,,,,,,,,,,,,,,,,,,,,,,,,,,,,,,,,,,,,,,,,,,,,,nan,,,,,,,,,,,,,,,
1147,-1.6132980585098267,-1.613299173186533e-05,-0.0016132991731865332,12270.723799943924,10000,ppo,ppo,crawler,flat,obs_dth_tot_direct,,,,,,,,,,,,,,,7.278442134777807e-06,0,781,0.0,0.0,,,,,,,,,,,,,,,,,,,,,,,,,,,,,,,,,,,,,,,,,,,,,,,,,,,,,,,,,,,,,,,,,,,,,,,,,,nan,,,,,,,,,,,,,,,
1148,-0.9466811418533325,-9.466793017054442e-06,-0.0009466793017054442,12280.829137802124,10000,ppo,ppo,crawler,flat,obs_dth_tot_direct,,,,,,,,,,,,,,,-0.001238881241859303,0,781,0.0,0.0,,,,,,,,,,,,,,,,,,,,,,,,,,,,,,,,,,,,,,,,,,,,,,,,,,,,,,,,,,,,,,,,,,,,,,,,,,nan,,,,,,,,,,,,,,,
1149,-1.5669758319854736,-1.5669758795411326e-05,-0.0015669758795411326,12290.419890165329,10000,ppo,ppo,crawler,flat,obs_dth_tot_direct,,,,,,,,,,,,,,,0.0,0,781,0.0,0.0,,,,,,,,,,,,,,,,,,,,,,,,,,,,,,,,,,,,,,,,,,,,,,,,,,,,,,,,,,,,,,,,,,,,,,,,,,nan,,,,,,,,,,,,,,,
1150,-0.18031027913093567,-1.8030855244433042e-06,-0.00018030855244433042,12300.175212860107,10000,ppo,ppo,crawler,flat,obs_dth_tot_direct,,,,,,,,,,,,,,,-0.0006643411597277535,0,781,0.0,0.0,,,,,,,,,,,,,,,,,,,,,,,,,,,,,,,,,,,,,,,,,,,,,,,,,,,,,,,,,,,,,,,,,,,,,,,,,,nan,,,,,,,,,,,,,,,
1151,-0.07382559776306152,-7.382689091173233e-07,-7.382689091173233e-05,12310.050750017166,10000,ppo,ppo,crawler,flat,obs_dth_tot_direct,,,,,,,,,,,,,,,-0.0002682435084205889,0,781,0.0,0.0,,,,,,,,,,,,,,,,,,,,,,,,,,,,,,,,,,,,,,,,,,,,,,,,,,,,,,,,,,,,,,,,,,,,,,,,,,nan,,,,,,,,,,,,,,,
1152,-0.43193092942237854,-4.3192935663682874e-06,-0.00043192935663682874,12319.88930273056,10000,ppo,ppo,crawler,flat,obs_dth_tot_direct,,,,,,,,,,,,,,,0.0,0,781,0.0,0.0,,,,,,,,,,,,,,,,,,,,,,,,,,,,,,,,,,,,,,,,,,,,,,,,,,,,,,,,,,,,,,,,,,,,,,,,,,nan,,,,,,,,,,,,,,,
1153,-0.2330368608236313,-2.33033711083408e-06,-0.00023303371108340798,12329.762031078339,10000,ppo,ppo,crawler,flat,obs_dth_tot_direct,,,,,,,,,,,,,,,-0.001602257736666407,0,781,0.0,0.0,,,,,,,,,,,,,,,,,,,,,,,,,,,,,,,,,,,,,,,,,,,,,,,,,,,,,,,,,,,,,,,,,,,,,,,,,,nan,,,,,,,,,,,,,,,
1154,0.6847533583641052,6.847536496934481e-06,0.0006847536496934481,12339.438122034073,10000,ppo,ppo,crawler,flat,obs_dth_tot_direct,,,,,,,,,,,,,,,0.0,0,781,0.0,0.0,,,,,,,,,,,,,,,,,,,,,,,,,,,,,,,,,,,,,,,,,,,,,,,,,,,,,,,,,,,,,,,,,,,,,,,,,,nan,,,,,,,,,,,,,,,
1155,-1.3778986930847168,-1.3778979337075725e-05,-0.0013778979337075725,12349.168554544449,10000,ppo,ppo,crawler,flat,obs_dth_tot_direct,,,,,,,,,,,,,,,-1.662371682525444e-05,0,781,0.0,0.0,,,,,,,,,,,,,,,,,,,,,,,,,,,,,,,,,,,,,,,,,,,,,,,,,,,,,,,,,,,,,,,,,,,,,,,,,,nan,,,,,,,,,,,,,,,
1156,0.22188487648963928,2.2188512502907543e-06,0.00022188512502907543,12358.8121612072,10000,ppo,ppo,crawler,flat,obs_dth_tot_direct,,,,,,,,,,,,,,,-0.00028878674340385483,0,781,0.0,0.0,,,,,,,,,,,,,,,,,,,,,,,,,,,,,,,,,,,,,,,,,,,,,,,,,,,,,,,,,,,,,,,,,,,,,,,,,,nan,,,,,,,,,,,,,,,
1157,1.2097023725509644,1.2097074431949295e-05,0.0012097074431949295,12368.689126729965,10000,ppo,ppo,crawler,flat,obs_dth_tot_direct,,,,,,,,,,,,,,,-1.344617418038555e-05,0,781,0.0,0.0,,,,,,,,,,,,,,,,,,,,,,,,,,,,,,,,,,,,,,,,,,,,,,,,,,,,,,,,,,,,,,,,,,,,,,,,,,nan,,,,,,,,,,,,,,,
1158,0.9565984010696411,9.566027074470185e-06,0.0009566027074470185,12378.475433588028,10000,ppo,ppo,crawler,flat,obs_dth_tot_direct,,,,,,,,,,,,,,,-9.367513624180905e-05,0,781,0.0,0.0,,,,,,,,,,,,,,,,,,,,,,,,,,,,,,,,,,,,,,,,,,,,,,,,,,,,,,,,,,,,,,,,,,,,,,,,,,nan,,,,,,,,,,,,,,,
1159,-0.21731090545654297,-2.173121174564585e-06,-0.0002173121174564585,12388.302466392517,10000,ppo,ppo,crawler,flat,obs_dth_tot_direct,,,,,,,,,,,,,,,-0.00011558373304854281,0,781,0.0,0.0,,,,,,,,,,,,,,,,,,,,,,,,,,,,,,,,,,,,,,,,,,,,,,,,,,,,,,,,,,,,,,,,,,,,,,,,,,nan,,,,,,,,,,,,,,,
1160,-0.7501603960990906,-7.501595973735675e-06,-0.0007501595973735675,12397.883160829544,10000,ppo,ppo,crawler,flat,obs_dth_tot_direct,,,,,,,,,,,,,,,-2.2379844837014715e-05,0,781,0.0,0.0,,,,,,,,,,,,,,,,,,,,,,,,,,,,,,,,,,,,,,,,,,,,,,,,,,,,,,,,,,,,,,,,,,,,,,,,,,nan,,,,,,,,,,,,,,,
1161,-0.5970601439476013,-5.9705776038754266e-06,-0.0005970577603875427,12407.072834253311,10000,ppo,ppo,crawler,flat,obs_dth_tot_direct,,,,,,,,,,,,,,,-0.00022604545428108773,0,781,0.0,0.0,,,,,,,,,,,,,,,,,,,,,,,,,,,,,,,,,,,,,,,,,,,,,,,,,,,,,,,,,,,,,,,,,,,,,,,,,,nan,,,,,,,,,,,,,,,
1162,0.38357171416282654,3.835710231214762e-06,0.0003835710231214762,12416.744183778763,10000,ppo,ppo,crawler,flat,obs_dth_tot_direct,,,,,,,,,,,,,,,0.0,0,781,0.0,0.0,,,,,,,,,,,,,,,,,,,,,,,,,,,,,,,,,,,,,,,,,,,,,,,,,,,,,,,,,,,,,,,,,,,,,,,,,,nan,,,,,,,,,,,,,,,
1163,0.3665369153022766,3.6654209907283075e-06,0.00036654209907283075,12426.404553413391,10000,ppo,ppo,crawler,flat,obs_dth_tot_direct,,,,,,,,,,,,,,,-1.1253977974306759e-05,0,781,0.0,0.0,,,,,,,,,,,,,,,,,,,,,,,,,,,,,,,,,,,,,,,,,,,,,,,,,,,,,,,,,,,,,,,,,,,,,,,,,,nan,,,,,,,,,,,,,,,
1164,0.9213036894798279,9.213034900312778e-06,0.0009213034900312778,12436.096415519714,10000,ppo,ppo,crawler,flat,obs_dth_tot_direct,,,,,,,,,,,,,,,0.0,0,781,0.0,0.0,,,,,,,,,,,,,,,,,,,,,,,,,,,,,,,,,,,,,,,,,,,,,,,,,,,,,,,,,,,,,,,,,,,,,,,,,,nan,,,,,,,,,,,,,,,
1165,-0.7186199426651001,-7.186208677012473e-06,-0.0007186208677012473,12446.028757572174,10000,ppo,ppo,crawler,flat,obs_dth_tot_direct,,,,,,,,,,,,,,,-0.00013901946038274852,0,781,0.0,0.0,,,,,,,,,,,,,,,,,,,,,,,,,,,,,,,,,,,,,,,,,,,,,,,,,,,,,,,,,,,,,,,,,,,,,,,,,,nan,,,,,,,,,,,,,,,
1166,1.6052922010421753,1.605295983608812e-05,0.001605295983608812,12455.676975488663,10000,ppo,ppo,crawler,flat,obs_dth_tot_direct,,,,,,,,,,,,,,,0.0,0,781,0.0,0.0,,,,,,,,,,,,,,,,,,,,,,,,,,,,,,,,,,,,,,,,,,,,,,,,,,,,,,,,,,,,,,,,,,,,,,,,,,nan,,,,,,,,,,,,,,,
1167,0.31497082114219666,3.149746589770075e-06,0.0003149746589770075,12465.323327302933,10000,ppo,ppo,crawler,flat,obs_dth_tot_direct,,,,,,,,,,,,,,,-0.00020895954030691126,0,781,0.0,0.0,,,,,,,,,,,,,,,,,,,,,,,,,,,,,,,,,,,,,,,,,,,,,,,,,,,,,,,,,,,,,,,,,,,,,,,,,,nan,,,,,,,,,,,,,,,
1168,0.5941532254219055,5.941551989963045e-06,0.0005941551989963045,12474.900545597076,10000,ppo,ppo,crawler,flat,obs_dth_tot_direct,,,,,,,,,,,,,,,0.0,0,781,0.0,0.0,,,,,,,,,,,,,,,,,,,,,,,,,,,,,,,,,,,,,,,,,,,,,,,,,,,,,,,,,,,,,,,,,,,,,,,,,,nan,,,,,,,,,,,,,,,
1169,-0.9412527084350586,-9.41252801567316e-06,-0.0009412528015673161,12484.493020534515,10000,ppo,ppo,crawler,flat,obs_dth_tot_direct,,,,,,,,,,,,,,,-1.740155362365493e-05,0,781,0.0,0.0,,,,,,,,,,,,,,,,,,,,,,,,,,,,,,,,,,,,,,,,,,,,,,,,,,,,,,,,,,,,,,,,,,,,,,,,,,nan,,,,,,,,,,,,,,,
1170,0.4792047142982483,4.792028448719066e-06,0.00047920284487190656,12494.794808387756,10000,ppo,ppo,crawler,flat,obs_dth_tot_direct,,,,,,,,,,,,,,,0.0,0,781,0.0,0.0,,,,,,,,,,,,,,,,,,,,,,,,,,,,,,,,,,,,,,,,,,,,,,,,,,,,,,,,,,,,,,,,,,,,,,,,,,nan,,,,,,,,,,,,,,,
1171,0.8637228012084961,8.637280188850127e-06,0.0008637280188850127,12504.449183940887,10000,ppo,ppo,crawler,flat,obs_dth_tot_direct,,,,,,,,,,,,,,,-3.421883529264399e-05,0,781,0.0,0.0,,,,,,,,,,,,,,,,,,,,,,,,,,,,,,,,,,,,,,,,,,,,,,,,,,,,,,,,,,,,,,,,,,,,,,,,,,nan,,,,,,,,,,,,,,,
1172,-0.42142200469970703,-4.214197360852268e-06,-0.00042141973608522676,12514.018406629562,10000,ppo,ppo,crawler,flat,obs_dth_tot_direct,,,,,,,,,,,,,,,-5.06034526358646e-05,0,781,0.0,0.0,,,,,,,,,,,,,,,,,,,,,,,,,,,,,,,,,,,,,,,,,,,,,,,,,,,,,,,,,,,,,,,,,,,,,,,,,,nan,,,,,,,,,,,,,,,
1173,-0.7062177062034607,-7.062178610794945e-06,-0.0007062178610794945,12523.721540212631,10000,ppo,ppo,crawler,flat,obs_dth_tot_direct,,,,,,,,,,,,,,,-0.015623042919218693,0,781,0.0,0.0,,,,,,,,,,,,,,,,,,,,,,,,,,,,,,,,,,,,,,,,,,,,,,,,,,,,,,,,,,,,,,,,,,,,,,,,,,nan,,,,,,,,,,,,,,,
1174,-1.0757015943527222,-1.0757026757346466e-05,-0.0010757026757346466,12533.111503601074,10000,ppo,ppo,crawler,flat,obs_dth_tot_direct,,,,,,,,,,,,,,,-0.0009365892001975055,0,781,0.0,0.0,,,,,,,,,,,,,,,,,,,,,,,,,,,,,,,,,,,,,,,,,,,,,,,,,,,,,,,,,,,,,,,,,,,,,,,,,,nan,,,,,,,,,,,,,,,
1175,0.5588311553001404,5.588316525972914e-06,0.0005588316525972914,12542.975844621658,10000,ppo,ppo,crawler,flat,obs_dth_tot_direct,,,,,,,,,,,,,,,0.0,0,781,0.0,0.0,,,,,,,,,,,,,,,,,,,,,,,,,,,,,,,,,,,,,,,,,,,,,,,,,,,,,,,,,,,,,,,,,,,,,,,,,,nan,,,,,,,,,,,,,,,
1176,0.18268613517284393,1.8268520989295212e-06,0.00018268520989295212,12552.23946928978,10000,ppo,ppo,crawler,flat,obs_dth_tot_direct,,,,,,,,,,,,,,,-5.0156520352855076e-05,0,781,0.0,0.0,,,,,,,,,,,,,,,,,,,,,,,,,,,,,,,,,,,,,,,,,,,,,,,,,,,,,,,,,,,,,,,,,,,,,,,,,,nan,,,,,,,,,,,,,,,
1177,-0.6989451050758362,-6.989449957472971e-06,-0.0006989449957472971,12561.750075340271,10000,ppo,ppo,crawler,flat,obs_dth_tot_direct,,,,,,,,,,,,,,,0.0,0,781,0.0,0.0,,,,,,,,,,,,,,,,,,,,,,,,,,,,,,,,,,,,,,,,,,,,,,,,,,,,,,,,,,,,,,,,,,,,,,,,,,nan,,,,,,,,,,,,,,,
1178,-1.1246522665023804,-1.124652408179827e-05,-0.001124652408179827,12571.375800848007,10000,ppo,ppo,crawler,flat,obs_dth_tot_direct,,,,,,,,,,,,,,,-0.0005832068448010999,0,781,0.0,0.0,,,,,,,,,,,,,,,,,,,,,,,,,,,,,,,,,,,,,,,,,,,,,,,,,,,,,,,,,,,,,,,,,,,,,,,,,,nan,,,,,,,,,,,,,,,
1179,-1.0072506666183472,-1.007248920359416e-05,-0.001007248920359416,12580.794318199158,10000,ppo,ppo,crawler,flat,obs_dth_tot_direct,,,,,,,,,,,,,,,0.0,0,781,0.0,0.0,,,,,,,,,,,,,,,,,,,,,,,,,,,,,,,,,,,,,,,,,,,,,,,,,,,,,,,,,,,,,,,,,,,,,,,,,,nan,,,,,,,,,,,,,,,
1180,-0.19675588607788086,-1.9675717339850962e-06,-0.00019675717339850962,12590.916654348373,10000,ppo,ppo,crawler,flat,obs_dth_tot_direct,,,,,,,,,,,,,,,-0.00010651862427649516,0,781,0.0,0.0,,,,,,,,,,,,,,,,,,,,,,,,,,,,,,,,,,,,,,,,,,,,,,,,,,,,,,,,,,,,,,,,,,,,,,,,,,nan,,,,,,,,,,,,,,,
1181,1.5978163480758667,1.5978161172824912e-05,0.0015978161172824912,12600.484287023544,10000,ppo,ppo,crawler,flat,obs_dth_tot_direct,,,,,,,,,,,,,,,-0.012852323152096261,0,781,0.0,0.0,,,,,,,,,,,,,,,,,,,,,,,,,,,,,,,,,,,,,,,,,,,,,,,,,,,,,,,,,,,,,,,,,,,,,,,,,,nan,,,,,,,,,,,,,,,
1182,0.2884642779827118,2.8846591249021003e-06,0.00028846591249021003,12610.157271385193,10000,ppo,ppo,crawler,flat,obs_dth_tot_direct,,,,,,,,,,,,,,,-1.8609756849486758e-06,0,781,0.0,0.0,,,,,,,,,,,,,,,,,,,,,,,,,,,,,,,,,,,,,,,,,,,,,,,,,,,,,,,,,,,,,,,,,,,,,,,,,,nan,,,,,,,,,,,,,,,
1183,-0.5829585790634155,-5.829561814607587e-06,-0.0005829561814607587,12619.881819963455,10000,ppo,ppo,crawler,flat,obs_dth_tot_direct,,,,,,,,,,,,,,,-0.0008051874457110822,0,781,0.0,0.0,,,,,,,,,,,,,,,,,,,,,,,,,,,,,,,,,,,,,,,,,,,,,,,,,,,,,,,,,,,,,,,,,,,,,,,,,,nan,,,,,,,,,,,,,,,
1184,-1.3913198709487915,-1.3913196198700462e-05,-0.0013913196198700462,12629.335291147232,10000,ppo,ppo,crawler,flat,obs_dth_tot_direct,,,,,,,,,,,,,,,-4.2545462501796963e-07,0,781,0.0,0.0,,,,,,,,,,,,,,,,,,,,,,,,,,,,,,,,,,,,,,,,,,,,,,,,,,,,,,,,,,,,,,,,,,,,,,,,,,nan,,,,,,,,,,,,,,,
1185,0.3373613953590393,3.3736325804056833e-06,0.0003373632580405683,12639.193634986877,10000,ppo,ppo,crawler,flat,obs_dth_tot_direct,,,,,,,,,,,,,,,-0.031206527841724598,0,781,0.0,0.0,,,,,,,,,,,,,,,,,,,,,,,,,,,,,,,,,,,,,,,,,,,,,,,,,,,,,,,,,,,,,,,,,,,,,,,,,,nan,,,,,,,,,,,,,,,
1186,-0.7664219737052917,-7.664184522582218e-06,-0.0007664184522582218,12648.604583024979,10000,ppo,ppo,crawler,flat,obs_dth_tot_direct,,,,,,,,,,,,,,,0.0,0,781,0.0,0.0,,,,,,,,,,,,,,,,,,,,,,,,,,,,,,,,,,,,,,,,,,,,,,,,,,,,,,,,,,,,,,,,,,,,,,,,,,nan,,,,,,,,,,,,,,,
1187,-1.0216478109359741,-1.0216468581347726e-05,-0.0010216468581347726,12658.46443605423,10000,ppo,ppo,crawler,flat,obs_dth_tot_direct,,,,,,,,,,,,,,,0.0,0,781,0.0,0.0,,,,,,,,,,,,,,,,,,,,,,,,,,,,,,,,,,,,,,,,,,,,,,,,,,,,,,,,,,,,,,,,,,,,,,,,,,nan,,,,,,,,,,,,,,,
1188,-0.7220640182495117,-7.2206657932838425e-06,-0.0007220665793283843,12668.357515335083,10000,ppo,ppo,crawler,flat,obs_dth_tot_direct,,,,,,,,,,,,,,,-3.4937350062722585e-05,0,781,0.0,0.0,,,,,,,,,,,,,,,,,,,,,,,,,,,,,,,,,,,,,,,,,,,,,,,,,,,,,,,,,,,,,,,,,,,,,,,,,,nan,,,,,,,,,,,,,,,
1189,0.7409985065460205,7.4100134952459484e-06,0.0007410013495245948,12677.83793091774,10000,ppo,ppo,crawler,flat,obs_dth_tot_direct,,,,,,,,,,,,,,,0.0,0,781,0.0,0.0,,,,,,,,,,,,,,,,,,,,,,,,,,,,,,,,,,,,,,,,,,,,,,,,,,,,,,,,,,,,,,,,,,,,,,,,,,nan,,,,,,,,,,,,,,,
1190,-0.0840546116232872,-8.40550626435288e-07,-8.40550626435288e-05,12687.81679725647,10000,ppo,ppo,crawler,flat,obs_dth_tot_direct,,,,,,,,,,,,,,,-0.0010285858868617711,0,781,0.0,0.0,,,,,,,,,,,,,,,,,,,,,,,,,,,,,,,,,,,,,,,,,,,,,,,,,,,,,,,,,,,,,,,,,,,,,,,,,,nan,,,,,,,,,,,,,,,
1191,-0.846021294593811,-8.460177923552692e-06,-0.0008460177923552692,12697.371580839157,10000,ppo,ppo,crawler,flat,obs_dth_tot_direct,,,,,,,,,,,,,,,-8.391118972119846e-05,0,781,0.0,0.0,,,,,,,,,,,,,,,,,,,,,,,,,,,,,,,,,,,,,,,,,,,,,,,,,,,,,,,,,,,,,,,,,,,,,,,,,,nan,,,,,,,,,,,,,,,
1192,-0.9753549695014954,-9.753547601576429e-06,-0.0009753547601576429,12707.835898399353,10000,ppo,ppo,crawler,flat,obs_dth_tot_direct,,,,,,,,,,,,,,,-2.158384784464647e-06,0,781,0.0,0.0,,,,,,,,,,,,,,,,,,,,,,,,,,,,,,,,,,,,,,,,,,,,,,,,,,,,,,,,,,,,,,,,,,,,,,,,,,nan,,,,,,,,,,,,,,,
1193,-1.1675771474838257,-1.1675746463879477e-05,-0.0011675746463879477,12717.47288274765,10000,ppo,ppo,crawler,flat,obs_dth_tot_direct,,,,,,,,,,,,,,,5.488480690499427e-06,0,781,0.0,0.0,,,,,,,,,,,,,,,,,,,,,,,,,,,,,,,,,,,,,,,,,,,,,,,,,,,,,,,,,,,,,,,,,,,,,,,,,,nan,,,,,,,,,,,,,,,
1194,-0.5352916121482849,-5.352884272724623e-06,-0.0005352884272724623,12726.90349316597,10000,ppo,ppo,crawler,flat,obs_dth_tot_direct,,,,,,,,,,,,,,,0.0,0,781,0.0,0.0,,,,,,,,,,,,,,,,,,,,,,,,,,,,,,,,,,,,,,,,,,,,,,,,,,,,,,,,,,,,,,,,,,,,,,,,,,nan,,,,,,,,,,,,,,,
1195,0.6101911664009094,6.101914550526999e-06,0.0006101914550526999,12736.487883806229,10000,ppo,ppo,crawler,flat,obs_dth_tot_direct,,,,,,,,,,,,,,,-3.0230413573804798e-05,0,781,0.0,0.0,,,,,,,,,,,,,,,,,,,,,,,,,,,,,,,,,,,,,,,,,,,,,,,,,,,,,,,,,,,,,,,,,,,,,,,,,,nan,,,,,,,,,,,,,,,
1196,0.7076800465583801,7.076827841956401e-06,0.0007076827841956401,12746.185616254807,10000,ppo,ppo,crawler,flat,obs_dth_tot_direct,,,,,,,,,,,,,,,0.0,0,781,0.0,0.0,,,,,,,,,,,,,,,,,,,,,,,,,,,,,,,,,,,,,,,,,,,,,,,,,,,,,,,,,,,,,,,,,,,,,,,,,,nan,,,,,,,,,,,,,,,
1197,2.1837289333343506,2.1837306121597067e-05,0.0021837306121597067,12755.411963224411,10000,ppo,ppo,crawler,flat,obs_dth_tot_direct,,,,,,,,,,,,,,,-0.00019381689945195305,0,781,0.0,0.0,,,,,,,,,,,,,,,,,,,,,,,,,,,,,,,,,,,,,,,,,,,,,,,,,,,,,,,,,,,,,,,,,,,,,,,,,,nan,,,,,,,,,,,,,,,
1198,-1.3301504850387573,-1.3301479157235008e-05,-0.0013301479157235008,12765.041289567947,10000,ppo,ppo,crawler,flat,obs_dth_tot_direct,,,,,,,,,,,,,,,-2.0071253581175274e-07,0,781,0.0,0.0,,,,,,,,,,,,,,,,,,,,,,,,,,,,,,,,,,,,,,,,,,,,,,,,,,,,,,,,,,,,,,,,,,,,,,,,,,nan,,,,,,,,,,,,,,,
1199,0.5688104033470154,5.688135388481896e-06,0.0005688135388481896,12774.609169960022,10000,ppo,ppo,crawler,flat,obs_dth_tot_direct,,,,,,,,,,,,,,,-8.433320405732043e-05,0,781,0.0,0.0,,,,,,,,,,,,,,,,,,,,,,,,,,,,,,,,,,,,,,,,,,,,,,,,,,,,,,,,,,,,,,,,,,,,,,,,,,nan,,,,,,,,,,,,,,,
1200,-0.694310188293457,-6.943110747670289e-06,-0.0006943110747670289,12784.059045314789,10000,ppo,ppo,crawler,flat,obs_dth_tot_direct,,,,,,,,,,,,,,,-0.0001473816269090478,0,781,0.0,0.0,,,,,,,,,,,,,,,,,,,,,,,,,,,,,,,,,,,,,,,,,,,,,,,,,,,,,,,,,,,,,,,,,,,,,,,,,,nan,,,,,,,,,,,,,,,
1201,-0.47030600905418396,-4.703036665887339e-06,-0.0004703036665887339,12793.419365882874,10000,ppo,ppo,crawler,flat,obs_dth_tot_direct,,,,,,,,,,,,,,,-4.6575416914555844e-05,0,781,0.0,0.0,,,,,,,,,,,,,,,,,,,,,,,,,,,,,,,,,,,,,,,,,,,,,,,,,,,,,,,,,,,,,,,,,,,,,,,,,,nan,,,,,,,,,,,,,,,
1202,-1.4232456684112549,-1.4232462490326725e-05,-0.0014232462490326725,12803.453458547592,10000,ppo,ppo,crawler,flat,obs_dth_tot_direct,,,,,,,,,,,,,,,-1.9734009871409585e-06,0,781,0.0,0.0,,,,,,,,,,,,,,,,,,,,,,,,,,,,,,,,,,,,,,,,,,,,,,,,,,,,,,,,,,,,,,,,,,,,,,,,,,nan,,,,,,,,,,,,,,,
1203,1.7051115036010742,1.705114118522033e-05,0.001705114118522033,12813.26610660553,10000,ppo,ppo,crawler,flat,obs_dth_tot_direct,,,,,,,,,,,,,,,-0.0011315923649221468,0,781,0.0,0.0,,,,,,,,,,,,,,,,,,,,,,,,,,,,,,,,,,,,,,,,,,,,,,,,,,,,,,,,,,,,,,,,,,,,,,,,,,nan,,,,,,,,,,,,,,,
1204,-0.43953433632850647,-4.395368705445435e-06,-0.0004395368705445435,12823.00915145874,10000,ppo,ppo,crawler,flat,obs_dth_tot_direct,,,,,,,,,,,,,,,0.0,0,781,0.0,0.0,,,,,,,,,,,,,,,,,,,,,,,,,,,,,,,,,,,,,,,,,,,,,,,,,,,,,,,,,,,,,,,,,,,,,,,,,,nan,,,,,,,,,,,,,,,
1205,0.11801546066999435,1.1801774917330476e-06,0.00011801774917330476,12833.611454725266,10000,ppo,ppo,crawler,flat,obs_dth_tot_direct,,,,,,,,,,,,,,,-2.4419615376697764e-05,0,781,0.0,0.0,,,,,,,,,,,,,,,,,,,,,,,,,,,,,,,,,,,,,,,,,,,,,,,,,,,,,,,,,,,,,,,,,,,,,,,,,,nan,,,,,,,,,,,,,,,
1206,-0.3382665812969208,-3.382664090167964e-06,-0.0003382664090167964,12844.117913007736,10000,ppo,ppo,crawler,flat,obs_dth_tot_direct,,,,,,,,,,,,,,,-1.060524084885508e-05,0,781,0.0,0.0,,,,,,,,,,,,,,,,,,,,,,,,,,,,,,,,,,,,,,,,,,,,,,,,,,,,,,,,,,,,,,,,,,,,,,,,,,nan,,,,,,,,,,,,,,,
1207,1.1057922840118408,1.1057952178816777e-05,0.0011057952178816777,12855.230493068695,10000,ppo,ppo,crawler,flat,obs_dth_tot_direct,,,,,,,,,,,,,,,2.078437240419864e-05,0,781,0.0,0.0,,,,,,,,,,,,,,,,,,,,,,,,,,,,,,,,,,,,,,,,,,,,,,,,,,,,,,,,,,,,,,,,,,,,,,,,,,nan,,,,,,,,,,,,,,,
1208,-0.19020138680934906,-1.9019959154320532e-06,-0.00019019959154320532,12865.577157974243,10000,ppo,ppo,crawler,flat,obs_dth_tot_direct,,,,,,,,,,,,,,,6.174048702214653e-05,0,781,0.0,0.0,,,,,,,,,,,,,,,,,,,,,,,,,,,,,,,,,,,,,,,,,,,,,,,,,,,,,,,,,,,,,,,,,,,,,,,,,,nan,,,,,,,,,,,,,,,
1209,-1.0057308673858643,-1.0057308827526867e-05,-0.0010057308827526867,12875.963757038116,10000,ppo,ppo,crawler,flat,obs_dth_tot_direct,,,,,,,,,,,,,,,-3.500592092316831e-05,0,781,0.0,0.0,,,,,,,,,,,,,,,,,,,,,,,,,,,,,,,,,,,,,,,,,,,,,,,,,,,,,,,,,,,,,,,,,,,,,,,,,,nan,,,,,,,,,,,,,,,
1210,-2.09747052192688,-2.0974759536329657e-05,-0.0020974759536329657,12885.961515665054,10000,ppo,ppo,crawler,flat,obs_dth_tot_direct,,,,,,,,,,,,,,,1.3084915226919246e-05,0,781,0.0,0.0,,,,,,,,,,,,,,,,,,,,,,,,,,,,,,,,,,,,,,,,,,,,,,,,,,,,,,,,,,,,,,,,,,,,,,,,,,nan,,,,,,,,,,,,,,,
1211,0.07224354892969131,7.224722367027425e-07,7.224722367027425e-05,12895.667840480804,10000,ppo,ppo,crawler,flat,obs_dth_tot_direct,,,,,,,,,,,,,,,0.00013592826720045716,0,781,0.0,0.0,,,,,,,,,,,,,,,,,,,,,,,,,,,,,,,,,,,,,,,,,,,,,,,,,,,,,,,,,,,,,,,,,,,,,,,,,,nan,,,,,,,,,,,,,,,
1212,0.7357657551765442,7.357680715358583e-06,0.0007357680715358583,12905.338973760605,10000,ppo,ppo,crawler,flat,obs_dth_tot_direct,,,,,,,,,,,,,,,-0.000570100131140552,0,781,0.0,0.0,,,,,,,,,,,,,,,,,,,,,,,,,,,,,,,,,,,,,,,,,,,,,,,,,,,,,,,,,,,,,,,,,,,,,,,,,,nan,,,,,,,,,,,,,,,
1213,1.4158533811569214,1.4158530575514305e-05,0.0014158530575514305,12914.436987400055,10000,ppo,ppo,crawler,flat,obs_dth_tot_direct,,,,,,,,,,,,,,,0.0,0,781,0.0,0.0,,,,,,,,,,,,,,,,,,,,,,,,,,,,,,,,,,,,,,,,,,,,,,,,,,,,,,,,,,,,,,,,,,,,,,,,,,nan,,,,,,,,,,,,,,,
1214,0.11121084541082382,1.1121317129436648e-06,0.00011121317129436648,12923.727103233337,10000,ppo,ppo,crawler,flat,obs_dth_tot_direct,,,,,,,,,,,,,,,-2.4726781302469184e-05,0,781,0.0,0.0,,,,,,,,,,,,,,,,,,,,,,,,,,,,,,,,,,,,,,,,,,,,,,,,,,,,,,,,,,,,,,,,,,,,,,,,,,nan,,,,,,,,,,,,,,,
1215,0.4305133819580078,4.305176389607368e-06,0.0004305176389607368,12933.321932077408,10000,ppo,ppo,crawler,flat,obs_dth_tot_direct,,,,,,,,,,,,,,,-0.0008982043145713366,0,781,0.0,0.0,,,,,,,,,,,,,,,,,,,,,,,,,,,,,,,,,,,,,,,,,,,,,,,,,,,,,,,,,,,,,,,,,,,,,,,,,,nan,,,,,,,,,,,,,,,
1216,0.6836599707603455,6.836643478891347e-06,0.0006836643478891347,12942.539640426636,10000,ppo,ppo,crawler,flat,obs_dth_tot_direct,,,,,,,,,,,,,,,0.0,0,781,0.0,0.0,,,,,,,,,,,,,,,,,,,,,,,,,,,,,,,,,,,,,,,,,,,,,,,,,,,,,,,,,,,,,,,,,,,,,,,,,,nan,,,,,,,,,,,,,,,
1217,0.3120972812175751,3.120986320936936e-06,0.0003120986320936936,12952.053587913513,10000,ppo,ppo,crawler,flat,obs_dth_tot_direct,,,,,,,,,,,,,,,-2.1438722507062246e-05,0,781,0.0,0.0,,,,,,,,,,,,,,,,,,,,,,,,,,,,,,,,,,,,,,,,,,,,,,,,,,,,,,,,,,,,,,,,,,,,,,,,,,nan,,,,,,,,,,,,,,,
1218,0.10922367870807648,1.0922575484073604e-06,0.00010922575484073604,12961.499081134796,10000,ppo,ppo,crawler,flat,obs_dth_tot_direct,,,,,,,,,,,,,,,1.7116458015695273e-05,0,781,0.0,0.0,,,,,,,,,,,,,,,,,,,,,,,,,,,,,,,,,,,,,,,,,,,,,,,,,,,,,,,,,,,,,,,,,,,,,,,,,,nan,,,,,,,,,,,,,,,
1219,2.298096179962158,2.2981026631896384e-05,0.0022981026631896384,12970.925171375275,10000,ppo,ppo,crawler,flat,obs_dth_tot_direct,,,,,,,,,,,,,,,5.441359345647345e-05,0,781,0.0,0.0,,,,,,,,,,,,,,,,,,,,,,,,,,,,,,,,,,,,,,,,,,,,,,,,,,,,,,,,,,,,,,,,,,,,,,,,,,nan,,,,,,,,,,,,,,,
1220,-0.8652836084365845,-8.652776159578934e-06,-0.0008652776159578934,12980.699717521667,10000,ppo,ppo,crawler,flat,obs_dth_tot_direct,,,,,,,,,,,,,,,0.0,0,781,0.0,0.0,,,,,,,,,,,,,,,,,,,,,,,,,,,,,,,,,,,,,,,,,,,,,,,,,,,,,,,,,,,,,,,,,,,,,,,,,,nan,,,,,,,,,,,,,,,
1221,-0.6534075736999512,-6.534088242915459e-06,-0.0006534088242915459,12990.509919166565,10000,ppo,ppo,crawler,flat,obs_dth_tot_direct,,,,,,,,,,,,,,,-4.026211831580356e-05,0,781,0.0,0.0,,,,,,,,,,,,,,,,,,,,,,,,,,,,,,,,,,,,,,,,,,,,,,,,,,,,,,,,,,,,,,,,,,,,,,,,,,nan,,,,,,,,,,,,,,,
1222,0.05140256881713867,5.140416305948747e-07,5.140416305948747e-05,13000.247296094894,10000,ppo,ppo,crawler,flat,obs_dth_tot_direct,,,,,,,,,,,,,,,-8.089142337575001e-06,0,781,0.0,0.0,,,,,,,,,,,,,,,,,,,,,,,,,,,,,,,,,,,,,,,,,,,,,,,,,,,,,,,,,,,,,,,,,,,,,,,,,,nan,,,,,,,,,,,,,,,
1223,0.9518856406211853,9.518887054582592e-06,0.0009518887054582592,13010.312030792236,10000,ppo,ppo,crawler,flat,obs_dth_tot_direct,,,,,,,,,,,,,,,-0.00021827609663430922,0,781,0.0,0.0,,,,,,,,,,,,,,,,,,,,,,,,,,,,,,,,,,,,,,,,,,,,,,,,,,,,,,,,,,,,,,,,,,,,,,,,,,nan,,,,,,,,,,,,,,,
1224,-0.6199439167976379,-6.199413292051759e-06,-0.0006199413292051759,13019.674569129944,10000,ppo,ppo,crawler,flat,obs_dth_tot_direct,,,,,,,,,,,,,,,0.0,0,781,0.0,0.0,,,,,,,,,,,,,,,,,,,,,,,,,,,,,,,,,,,,,,,,,,,,,,,,,,,,,,,,,,,,,,,,,,,,,,,,,,nan,,,,,,,,,,,,,,,
1225,-1.2256391048431396,-1.2256406989763491e-05,-0.001225640698976349,13028.705047369003,10000,ppo,ppo,crawler,flat,obs_dth_tot_direct,,,,,,,,,,,,,,,-2.4455764048307104e-05,0,781,0.0,0.0,,,,,,,,,,,,,,,,,,,,,,,,,,,,,,,,,,,,,,,,,,,,,,,,,,,,,,,,,,,,,,,,,,,,,,,,,,nan,,,,,,,,,,,,,,,
1226,0.6331004500389099,6.330984888336388e-06,0.0006330984888336388,13038.083070755005,10000,ppo,ppo,crawler,flat,obs_dth_tot_direct,,,,,,,,,,,,,,,-0.02296883213988454,0,781,0.0,0.0,,,,,,,,,,,,,,,,,,,,,,,,,,,,,,,,,,,,,,,,,,,,,,,,,,,,,,,,,,,,,,,,,,,,,,,,,,nan,,,,,,,,,,,,,,,
1227,0.6951519846916199,6.951564955670619e-06,0.0006951564955670619,13047.507021427155,10000,ppo,ppo,crawler,flat,obs_dth_tot_direct,,,,,,,,,,,,,,,-3.0054393607202472e-05,0,781,0.0,0.0,,,,,,,,,,,,,,,,,,,,,,,,,,,,,,,,,,,,,,,,,,,,,,,,,,,,,,,,,,,,,,,,,,,,,,,,,,nan,,,,,,,,,,,,,,,
1228,-0.11774776130914688,-1.1774537824749132e-06,-0.00011774537824749132,13056.48669052124,10000,ppo,ppo,crawler,flat,obs_dth_tot_direct,,,,,,,,,,,,,,,0.0,0,781,0.0,0.0,,,,,,,,,,,,,,,,,,,,,,,,,,,,,,,,,,,,,,,,,,,,,,,,,,,,,,,,,,,,,,,,,,,,,,,,,,nan,,,,,,,,,,,,,,,
1229,-1.5450440645217896,-1.54504414240364e-05,-0.0015450441424036399,13066.007105112076,10000,ppo,ppo,crawler,flat,obs_dth_tot_direct,,,,,,,,,,,,,,,-6.965605992819069e-06,0,781,0.0,0.0,,,,,,,,,,,,,,,,,,,,,,,,,,,,,,,,,,,,,,,,,,,,,,,,,,,,,,,,,,,,,,,,,,,,,,,,,,nan,,,,,,,,,,,,,,,
1230,0.7712300419807434,7.712291335337795e-06,0.0007712291335337795,13074.83646273613,10000,ppo,ppo,crawler,flat,obs_dth_tot_direct,,,,,,,,,,,,,,,-8.553945877983995e-05,0,781,0.0,0.0,,,,,,,,,,,,,,,,,,,,,,,,,,,,,,,,,,,,,,,,,,,,,,,,,,,,,,,,,,,,,,,,,,,,,,,,,,nan,,,,,,,,,,,,,,,
1231,2.144801378250122,2.144807695003692e-05,0.002144807695003692,13084.229562044144,10000,ppo,ppo,crawler,flat,obs_dth_tot_direct,,,,,,,,,,,,,,,-0.001087797469389118,0,781,0.0,0.0,,,,,,,,,,,,,,,,,,,,,,,,,,,,,,,,,,,,,,,,,,,,,,,,,,,,,,,,,,,,,,,,,,,,,,,,,,nan,,,,,,,,,,,,,,,
1232,1.148300051689148,1.1483047273941338e-05,0.0011483047273941338,13093.458848237991,10000,ppo,ppo,crawler,flat,obs_dth_tot_direct,,,,,,,,,,,,,,,-0.0010862579538216206,0,781,0.0,0.0,,,,,,,,,,,,,,,,,,,,,,,,,,,,,,,,,,,,,,,,,,,,,,,,,,,,,,,,,,,,,,,,,,,,,,,,,,nan,,,,,,,,,,,,,,,
1233,0.4981124997138977,4.981117399438517e-06,0.0004981117399438517,13102.590000629425,10000,ppo,ppo,crawler,flat,obs_dth_tot_direct,,,,,,,,,,,,,,,0.0,0,781,0.0,0.0,,,,,,,,,,,,,,,,,,,,,,,,,,,,,,,,,,,,,,,,,,,,,,,,,,,,,,,,,,,,,,,,,,,,,,,,,,nan,,,,,,,,,,,,,,,
1234,0.6620298624038696,6.620316071348498e-06,0.0006620316071348498,13111.90554523468,10000,ppo,ppo,crawler,flat,obs_dth_tot_direct,,,,,,,,,,,,,,,-6.92211859471972e-05,0,781,0.0,0.0,,,,,,,,,,,,,,,,,,,,,,,,,,,,,,,,,,,,,,,,,,,,,,,,,,,,,,,,,,,,,,,,,,,,,,,,,,nan,,,,,,,,,,,,,,,
1235,-0.6293027997016907,-6.293008482316509e-06,-0.0006293008482316509,13121.01723909378,10000,ppo,ppo,crawler,flat,obs_dth_tot_direct,,,,,,,,,,,,,,,0.0,0,781,0.0,0.0,,,,,,,,,,,,,,,,,,,,,,,,,,,,,,,,,,,,,,,,,,,,,,,,,,,,,,,,,,,,,,,,,,,,,,,,,,nan,,,,,,,,,,,,,,,
1236,-1.9178428649902344,-1.9178440197720192e-05,-0.0019178440197720192,13130.109775543213,10000,ppo,ppo,crawler,flat,obs_dth_tot_direct,,,,,,,,,,,,,,,-1.056704589102546e-05,0,781,0.0,0.0,,,,,,,,,,,,,,,,,,,,,,,,,,,,,,,,,,,,,,,,,,,,,,,,,,,,,,,,,,,,,,,,,,,,,,,,,,nan,,,,,,,,,,,,,,,
1237,0.7958144545555115,7.958135938679334e-06,0.0007958135938679334,13139.377090215683,10000,ppo,ppo,crawler,flat,obs_dth_tot_direct,,,,,,,,,,,,,,,-0.012601805812704273,0,781,0.0,0.0,,,,,,,,,,,,,,,,,,,,,,,,,,,,,,,,,,,,,,,,,,,,,,,,,,,,,,,,,,,,,,,,,,,,,,,,,,nan,,,,,,,,,,,,,,,
1238,-0.05722822621464729,-5.722799301111081e-07,-5.722799301111081e-05,13148.565961837769,10000,ppo,ppo,crawler,flat,obs_dth_tot_direct,,,,,,,,,,,,,,,-2.1091036298210885e-05,0,781,0.0,0.0,,,,,,,,,,,,,,,,,,,,,,,,,,,,,,,,,,,,,,,,,,,,,,,,,,,,,,,,,,,,,,,,,,,,,,,,,,nan,,,,,,,,,,,,,,,
1239,-1.0460799932479858,-1.046079705702141e-05,-0.001046079705702141,13157.387918710709,10000,ppo,ppo,crawler,flat,obs_dth_tot_direct,,,,,,,,,,,,,,,-2.0503239388960426e-06,0,781,0.0,0.0,,,,,,,,,,,,,,,,,,,,,,,,,,,,,,,,,,,,,,,,,,,,,,,,,,,,,,,,,,,,,,,,,,,,,,,,,,nan,,,,,,,,,,,,,,,
1240,0.5540833473205566,5.540861820918508e-06,0.0005540861820918508,13166.635795593262,10000,ppo,ppo,crawler,flat,obs_dth_tot_direct,,,,,,,,,,,,,,,-0.001559135787875872,0,781,0.0,0.0,,,,,,,,,,,,,,,,,,,,,,,,,,,,,,,,,,,,,,,,,,,,,,,,,,,,,,,,,,,,,,,,,,,,,,,,,,nan,,,,,,,,,,,,,,,
1241,-1.642603874206543,-1.6426014553871937e-05,-0.0016426014553871937,13175.68066906929,10000,ppo,ppo,crawler,flat,obs_dth_tot_direct,,,,,,,,,,,,,,,0.0,0,781,0.0,0.0,,,,,,,,,,,,,,,,,,,,,,,,,,,,,,,,,,,,,,,,,,,,,,,,,,,,,,,,,,,,,,,,,,,,,,,,,,nan,,,,,,,,,,,,,,,
1242,-0.4125363826751709,-4.125323357584421e-06,-0.00041253233575844206,13184.951845645905,10000,ppo,ppo,crawler,flat,obs_dth_tot_direct,,,,,,,,,,,,,,,-2.476060107140474e-05,0,781,0.0,0.0,,,,,,,,,,,,,,,,,,,,,,,,,,,,,,,,,,,,,,,,,,,,,,,,,,,,,,,,,,,,,,,,,,,,,,,,,,nan,,,,,,,,,,,,,,,
1243,-0.5858481526374817,-5.8584732869348954e-06,-0.0005858473286934895,13194.517394065857,10000,ppo,ppo,crawler,flat,obs_dth_tot_direct,,,,,,,,,,,,,,,-9.864106745710752e-05,0,781,0.0,0.0,,,,,,,,,,,,,,,,,,,,,,,,,,,,,,,,,,,,,,,,,,,,,,,,,,,,,,,,,,,,,,,,,,,,,,,,,,nan,,,,,,,,,,,,,,,
1244,-0.0449589267373085,-4.49613850150854e-07,-4.49613850150854e-05,13203.525455713272,10000,ppo,ppo,crawler,flat,obs_dth_tot_direct,,,,,,,,,,,,,,,-0.02250647745554296,0,781,0.0,0.0,,,,,,,,,,,,,,,,,,,,,,,,,,,,,,,,,,,,,,,,,,,,,,,,,,,,,,,,,,,,,,,,,,,,,,,,,,nan,,,,,,,,,,,,,,,
1245,-0.9528452157974243,-9.5284331109724e-06,-0.0009528433110972401,13212.663465738297,10000,ppo,ppo,crawler,flat,obs_dth_tot_direct,,,,,,,,,,,,,,,0.0,0,781,0.0,0.0,,,,,,,,,,,,,,,,,,,,,,,,,,,,,,,,,,,,,,,,,,,,,,,,,,,,,,,,,,,,,,,,,,,,,,,,,,nan,,,,,,,,,,,,,,,
1246,-0.3550753593444824,-3.5507298434822587e-06,-0.0003550729843482259,13221.39948105812,10000,ppo,ppo,crawler,flat,obs_dth_tot_direct,,,,,,,,,,,,,,,-0.0002173584302775228,0,781,0.0,0.0,,,,,,,,,,,,,,,,,,,,,,,,,,,,,,,,,,,,,,,,,,,,,,,,,,,,,,,,,,,,,,,,,,,,,,,,,,nan,,,,,,,,,,,,,,,
1247,0.4738531708717346,4.73855652671773e-06,0.000473855652671773,13230.148472309113,10000,ppo,ppo,crawler,flat,obs_dth_tot_direct,,,,,,,,,,,,,,,0.0,0,781,0.0,0.0,,,,,,,,,,,,,,,,,,,,,,,,,,,,,,,,,,,,,,,,,,,,,,,,,,,,,,,,,,,,,,,,,,,,,,,,,,nan,,,,,,,,,,,,,,,
1248,-0.21646824479103088,-2.1646387722285e-06,-0.00021646387722285,13239.494785547256,10000,ppo,ppo,crawler,flat,obs_dth_tot_direct,,,,,,,,,,,,,,,-6.443806584070648e-06,0,781,0.0,0.0,,,,,,,,,,,,,,,,,,,,,,,,,,,,,,,,,,,,,,,,,,,,,,,,,,,,,,,,,,,,,,,,,,,,,,,,,,nan,,,,,,,,,,,,,,,
1249,1.2103713750839233,1.2103744666092098e-05,0.0012103744666092098,13248.417047262192,10000,ppo,ppo,crawler,flat,obs_dth_tot_direct,,,,,,,,,,,,,,,-0.00029669474648185334,0,781,0.0,0.0,,,,,,,,,,,,,,,,,,,,,,,,,,,,,,,,,,,,,,,,,,,,,,,,,,,,,,,,,,,,,,,,,,,,,,,,,,nan,,,,,,,,,,,,,,,
1250,0.9739261865615845,9.739285815157928e-06,0.0009739285815157928,13257.453949928284,10000,ppo,ppo,crawler,flat,obs_dth_tot_direct,,,,,,,,,,,,,,,-6.444265686748275e-06,0,781,0.0,0.0,,,,,,,,,,,,,,,,,,,,,,,,,,,,,,,,,,,,,,,,,,,,,,,,,,,,,,,,,,,,,,,,,,,,,,,,,,nan,,,,,,,,,,,,,,,
1251,-0.7505540251731873,-7.505518169637071e-06,-0.0007505518169637071,13266.548434972763,10000,ppo,ppo,crawler,flat,obs_dth_tot_direct,,,,,,,,,,,,,,,-0.00010394766716889932,0,781,0.0,0.0,,,,,,,,,,,,,,,,,,,,,,,,,,,,,,,,,,,,,,,,,,,,,,,,,,,,,,,,,,,,,,,,,,,,,,,,,,nan,,,,,,,,,,,,,,,
1252,-0.5067131519317627,-5.067116035206709e-06,-0.0005067116035206709,13275.396122217178,10000,ppo,ppo,crawler,flat,obs_dth_tot_direct,,,,,,,,,,,,,,,-0.0037187105724433016,0,781,0.0,0.0,,,,,,,,,,,,,,,,,,,,,,,,,,,,,,,,,,,,,,,,,,,,,,,,,,,,,,,,,,,,,,,,,,,,,,,,,,nan,,,,,,,,,,,,,,,
1253,0.3629237711429596,3.629275397543097e-06,0.0003629275397543097,13284.663485050201,10000,ppo,ppo,crawler,flat,obs_dth_tot_direct,,,,,,,,,,,,,,,0.0,0,781,0.0,0.0,,,,,,,,,,,,,,,,,,,,,,,,,,,,,,,,,,,,,,,,,,,,,,,,,,,,,,,,,,,,,,,,,,,,,,,,,,nan,,,,,,,,,,,,,,,
1254,1.6792480945587158,1.6792513633845374e-05,0.0016792513633845374,13293.639720201492,10000,ppo,ppo,crawler,flat,obs_dth_tot_direct,,,,,,,,,,,,,,,-0.000872206585612935,0,781,0.0,0.0,,,,,,,,,,,,,,,,,,,,,,,,,,,,,,,,,,,,,,,,,,,,,,,,,,,,,,,,,,,,,,,,,,,,,,,,,,nan,,,,,,,,,,,,,,,
1255,-0.37111324071884155,-3.7111124129296513e-06,-0.00037111124129296513,13302.667095422745,10000,ppo,ppo,crawler,flat,obs_dth_tot_direct,,,,,,,,,,,,,,,0.0,0,781,0.0,0.0,,,,,,,,,,,,,,,,,,,,,,,,,,,,,,,,,,,,,,,,,,,,,,,,,,,,,,,,,,,,,,,,,,,,,,,,,,nan,,,,,,,,,,,,,,,
1256,-1.2882124185562134,-1.2882086593890563e-05,-0.0012882086593890563,13311.900430679321,10000,ppo,ppo,crawler,flat,obs_dth_tot_direct,,,,,,,,,,,,,,,-5.471269706223594e-06,0,781,0.0,0.0,,,,,,,,,,,,,,,,,,,,,,,,,,,,,,,,,,,,,,,,,,,,,,,,,,,,,,,,,,,,,,,,,,,,,,,,,,nan,,,,,,,,,,,,,,,
1257,-1.104859709739685,-1.1048613487218972e-05,-0.0011048613487218972,13320.889968633652,10000,ppo,ppo,crawler,flat,obs_dth_tot_direct,,,,,,,,,,,,,,,-0.020708251513168692,0,781,0.0,0.0,,,,,,,,,,,,,,,,,,,,,,,,,,,,,,,,,,,,,,,,,,,,,,,,,,,,,,,,,,,,,,,,,,,,,,,,,,nan,,,,,,,,,,,,,,,
1258,0.2930043339729309,2.930055416072719e-06,0.0002930055416072719,13330.13558769226,10000,ppo,ppo,crawler,flat,obs_dth_tot_direct,,,,,,,,,,,,,,,-5.362014001218671e-06,0,781,0.0,0.0,,,,,,,,,,,,,,,,,,,,,,,,,,,,,,,,,,,,,,,,,,,,,,,,,,,,,,,,,,,,,,,,,,,,,,,,,,nan,,,,,,,,,,,,,,,
1259,0.4076291024684906,4.076339791936334e-06,0.0004076339791936334,13339.279383420944,10000,ppo,ppo,crawler,flat,obs_dth_tot_direct,,,,,,,,,,,,,,,0.0,0,781,0.0,0.0,,,,,,,,,,,,,,,,,,,,,,,,,,,,,,,,,,,,,,,,,,,,,,,,,,,,,,,,,,,,,,,,,,,,,,,,,,nan,,,,,,,,,,,,,,,
1260,-0.3769783675670624,-3.7697877814935055e-06,-0.00037697877814935055,13348.361057758331,10000,ppo,ppo,crawler,flat,obs_dth_tot_direct,,,,,,,,,,,,,,,-0.00018495868023356158,0,781,0.0,0.0,,,,,,,,,,,,,,,,,,,,,,,,,,,,,,,,,,,,,,,,,,,,,,,,,,,,,,,,,,,,,,,,,,,,,,,,,,nan,,,,,,,,,,,,,,,
1261,0.9863737225532532,9.863745617622044e-06,0.0009863745617622044,13357.69098496437,10000,ppo,ppo,crawler,flat,obs_dth_tot_direct,,,,,,,,,,,,,,,-5.9429196004067734e-06,0,781,0.0,0.0,,,,,,,,,,,,,,,,,,,,,,,,,,,,,,,,,,,,,,,,,,,,,,,,,,,,,,,,,,,,,,,,,,,,,,,,,,nan,,,,,,,,,,,,,,,
1262,1.1521525382995605,1.1521531632752158e-05,0.0011521531632752158,13366.86400103569,10000,ppo,ppo,crawler,flat,obs_dth_tot_direct,,,,,,,,,,,,,,,0.0,0,781,0.0,0.0,,,,,,,,,,,,,,,,,,,,,,,,,,,,,,,,,,,,,,,,,,,,,,,,,,,,,,,,,,,,,,,,,,,,,,,,,,nan,,,,,,,,,,,,,,,
1263,0.6484015583992004,6.484086043201387e-06,0.0006484086043201387,13375.842985153198,10000,ppo,ppo,crawler,flat,obs_dth_tot_direct,,,,,,,,,,,,,,,-6.0499518174825955e-05,0,781,0.0,0.0,,,,,,,,,,,,,,,,,,,,,,,,,,,,,,,,,,,,,,,,,,,,,,,,,,,,,,,,,,,,,,,,,,,,,,,,,,nan,,,,,,,,,,,,,,,
1264,-0.12475216388702393,-1.2475148878365871e-06,-0.00012475148878365871,13385.189504861832,10000,ppo,ppo,crawler,flat,obs_dth_tot_direct,,,,,,,,,,,,,,,0.00015063396513118635,0,781,0.0,0.0,,,,,,,,,,,,,,,,,,,,,,,,,,,,,,,,,,,,,,,,,,,,,,,,,,,,,,,,,,,,,,,,,,,,,,,,,,nan,,,,,,,,,,,,,,,
1265,0.5659803748130798,5.659794169332599e-06,0.0005659794169332599,13394.273336410522,10000,ppo,ppo,crawler,flat,obs_dth_tot_direct,,,,,,,,,,,,,,,-0.04765839861627196,0,781,0.0,0.0,,,,,,,,,,,,,,,,,,,,,,,,,,,,,,,,,,,,,,,,,,,,,,,,,,,,,,,,,,,,,,,,,,,,,,,,,,nan,,,,,,,,,,,,,,,
1266,0.6761252284049988,6.761230906704441e-06,0.0006761230906704441,13403.656613826752,10000,ppo,ppo,crawler,flat,obs_dth_tot_direct,,,,,,,,,,,,,,,0.0,0,781,0.0,0.0,,,,,,,,,,,,,,,,,,,,,,,,,,,,,,,,,,,,,,,,,,,,,,,,,,,,,,,,,,,,,,,,,,,,,,,,,,nan,,,,,,,,,,,,,,,
1267,0.368612676858902,3.686148602355388e-06,0.0003686148602355388,13413.033510923386,10000,ppo,ppo,crawler,flat,obs_dth_tot_direct,,,,,,,,,,,,,,,-0.00030039192896417404,0,781,0.0,0.0,,,,,,,,,,,,,,,,,,,,,,,,,,,,,,,,,,,,,,,,,,,,,,,,,,,,,,,,,,,,,,,,,,,,,,,,,,nan,,,,,,,,,,,,,,,
1268,-0.6095120310783386,-6.095094704505755e-06,-0.0006095094704505755,13421.932692289352,10000,ppo,ppo,crawler,flat,obs_dth_tot_direct,,,,,,,,,,,,,,,0.0,0,781,0.0,0.0,,,,,,,,,,,,,,,,,,,,,,,,,,,,,,,,,,,,,,,,,,,,,,,,,,,,,,,,,,,,,,,,,,,,,,,,,,nan,,,,,,,,,,,,,,,
1269,-0.5707728266716003,-5.707693162548821e-06,-0.0005707693162548821,13431.175962209702,10000,ppo,ppo,crawler,flat,obs_dth_tot_direct,,,,,,,,,,,,,,,-8.92369596528488e-05,0,781,0.0,0.0,,,,,,,,,,,,,,,,,,,,,,,,,,,,,,,,,,,,,,,,,,,,,,,,,,,,,,,,,,,,,,,,,,,,,,,,,,nan,,,,,,,,,,,,,,,
1270,0.6573378443717957,6.573353402927751e-06,0.0006573353402927751,13440.649535179138,10000,ppo,ppo,crawler,flat,obs_dth_tot_direct,,,,,,,,,,,,,,,-0.0003880904212345998,0,781,0.0,0.0,,,,,,,,,,,,,,,,,,,,,,,,,,,,,,,,,,,,,,,,,,,,,,,,,,,,,,,,,,,,,,,,,,,,,,,,,,nan,,,,,,,,,,,,,,,
1271,0.7805101871490479,7.805123459547758e-06,0.0007805123459547758,13449.985862970352,10000,ppo,ppo,crawler,flat,obs_dth_tot_direct,,,,,,,,,,,,,,,-0.0004426739530377901,0,781,0.0,0.0,,,,,,,,,,,,,,,,,,,,,,,,,,,,,,,,,,,,,,,,,,,,,,,,,,,,,,,,,,,,,,,,,,,,,,,,,,nan,,,,,,,,,,,,,,,
1272,-1.400804877281189,-1.400801102136029e-05,-0.001400801102136029,13459.392894506454,10000,ppo,ppo,crawler,flat,obs_dth_tot_direct,,,,,,,,,,,,,,,0.0,0,781,0.0,0.0,,,,,,,,,,,,,,,,,,,,,,,,,,,,,,,,,,,,,,,,,,,,,,,,,,,,,,,,,,,,,,,,,,,,,,,,,,nan,,,,,,,,,,,,,,,
1273,1.2682112455368042,1.2682104170380626e-05,0.0012682104170380626,13468.679532289505,10000,ppo,ppo,crawler,flat,obs_dth_tot_direct,,,,,,,,,,,,,,,-0.003203959934050921,0,781,0.0,0.0,,,,,,,,,,,,,,,,,,,,,,,,,,,,,,,,,,,,,,,,,,,,,,,,,,,,,,,,,,,,,,,,,,,,,,,,,,nan,,,,,,,,,,,,,,,
1274,1.6595829725265503,1.6595873603364453e-05,0.0016595873603364453,13477.931585073471,10000,ppo,ppo,crawler,flat,obs_dth_tot_direct,,,,,,,,,,,,,,,0.0,0,781,0.0,0.0,,,,,,,,,,,,,,,,,,,,,,,,,,,,,,,,,,,,,,,,,,,,,,,,,,,,,,,,,,,,,,,,,,,,,,,,,,nan,,,,,,,,,,,,,,,
1275,0.1365613490343094,1.3656243709192495e-06,0.00013656243709192495,13487.499517917633,10000,ppo,ppo,crawler,flat,obs_dth_tot_direct,,,,,,,,,,,,,,,-3.229268491458954e-05,0,781,0.0,0.0,,,,,,,,,,,,,,,,,,,,,,,,,,,,,,,,,,,,,,,,,,,,,,,,,,,,,,,,,,,,,,,,,,,,,,,,,,nan,,,,,,,,,,,,,,,
1276,-1.506682276725769,-1.5066800187923945e-05,-0.0015066800187923945,13496.827285051346,10000,ppo,ppo,crawler,flat,obs_dth_tot_direct,,,,,,,,,,,,,,,3.6445999620589646e-05,0,781,0.0,0.0,,,,,,,,,,,,,,,,,,,,,,,,,,,,,,,,,,,,,,,,,,,,,,,,,,,,,,,,,,,,,,,,,,,,,,,,,,nan,,,,,,,,,,,,,,,
1277,-0.18231070041656494,-1.823105662879243e-06,-0.0001823105662879243,13506.175637722015,10000,ppo,ppo,crawler,flat,obs_dth_tot_direct,,,,,,,,,,,,,,,-3.348444510971538e-05,0,781,0.0,0.0,,,,,,,,,,,,,,,,,,,,,,,,,,,,,,,,,,,,,,,,,,,,,,,,,,,,,,,,,,,,,,,,,,,,,,,,,,nan,,,,,,,,,,,,,,,
1278,1.0104389190673828,1.0104393368237652e-05,0.0010104393368237652,13515.769268512726,10000,ppo,ppo,crawler,flat,obs_dth_tot_direct,,,,,,,,,,,,,,,-0.003917787529327805,0,781,0.0,0.0,,,,,,,,,,,,,,,,,,,,,,,,,,,,,,,,,,,,,,,,,,,,,,,,,,,,,,,,,,,,,,,,,,,,,,,,,,nan,,,,,,,,,,,,,,,
1279,-0.26988816261291504,-2.698831849556882e-06,-0.0002698831849556882,13525.058215379715,10000,ppo,ppo,crawler,flat,obs_dth_tot_direct,,,,,,,,,,,,,,,0.0,0,781,0.0,0.0,,,,,,,,,,,,,,,,,,,,,,,,,,,,,,,,,,,,,,,,,,,,,,,,,,,,,,,,,,,,,,,,,,,,,,,,,,nan,,,,,,,,,,,,,,,
1280,-0.1138971820473671,-1.1389751080059796e-06,-0.00011389751080059796,13534.630202293396,10000,ppo,ppo,crawler,flat,obs_dth_tot_direct,,,,,,,,,,,,,,,-3.5635317304909764e-05,0,781,0.0,0.0,,,,,,,,,,,,,,,,,,,,,,,,,,,,,,,,,,,,,,,,,,,,,,,,,,,,,,,,,,,,,,,,,,,,,,,,,,nan,,,,,,,,,,,,,,,
1281,-0.24786527454853058,-2.478625219737296e-06,-0.0002478625219737296,13543.609145641327,10000,ppo,ppo,crawler,flat,obs_dth_tot_direct,,,,,,,,,,,,,,,-0.018254456676724016,0,781,0.0,0.0,,,,,,,,,,,,,,,,,,,,,,,,,,,,,,,,,,,,,,,,,,,,,,,,,,,,,,,,,,,,,,,,,,,,,,,,,,nan,,,,,,,,,,,,,,,
1282,-1.4243738651275635,-1.4243722034734674e-05,-0.0014243722034734674,13552.653733491898,10000,ppo,ppo,crawler,flat,obs_dth_tot_direct,,,,,,,,,,,,,,,-1.4844363634015472e-06,0,781,0.0,0.0,,,,,,,,,,,,,,,,,,,,,,,,,,,,,,,,,,,,,,,,,,,,,,,,,,,,,,,,,,,,,,,,,,,,,,,,,,nan,,,,,,,,,,,,,,,
1283,0.5829353332519531,5.829328529216582e-06,0.0005829328529216582,13562.329026937485,10000,ppo,ppo,crawler,flat,obs_dth_tot_direct,,,,,,,,,,,,,,,-0.0004278537405895668,0,781,0.0,0.0,,,,,,,,,,,,,,,,,,,,,,,,,,,,,,,,,,,,,,,,,,,,,,,,,,,,,,,,,,,,,,,,,,,,,,,,,,nan,,,,,,,,,,,,,,,
1284,0.7513832449913025,7.513846412621206e-06,0.0007513846412621206,13571.366119861603,10000,ppo,ppo,crawler,flat,obs_dth_tot_direct,,,,,,,,,,,,,,,-3.0252362259218847e-06,0,781,0.0,0.0,,,,,,,,,,,,,,,,,,,,,,,,,,,,,,,,,,,,,,,,,,,,,,,,,,,,,,,,,,,,,,,,,,,,,,,,,,nan,,,,,,,,,,,,,,,
1285,-0.2080332338809967,-2.080297690554289e-06,-0.00020802976905542891,13580.652025222778,10000,ppo,ppo,crawler,flat,obs_dth_tot_direct,,,,,,,,,,,,,,,-8.811173714916776e-06,0,781,0.0,0.0,,,,,,,,,,,,,,,,,,,,,,,,,,,,,,,,,,,,,,,,,,,,,,,,,,,,,,,,,,,,,,,,,,,,,,,,,,nan,,,,,,,,,,,,,,,
1286,0.007503986358642578,7.503115995177723e-08,7.503115995177723e-06,13590.081945180893,10000,ppo,ppo,crawler,flat,obs_dth_tot_direct,,,,,,,,,,,,,,,-4.399166574818529e-05,0,781,0.0,0.0,,,,,,,,,,,,,,,,,,,,,,,,,,,,,,,,,,,,,,,,,,,,,,,,,,,,,,,,,,,,,,,,,,,,,,,,,,nan,,,,,,,,,,,,,,,
1287,0.3394765555858612,3.3947817428270355e-06,0.00033947817428270355,13599.390923023224,10000,ppo,ppo,crawler,flat,obs_dth_tot_direct,,,,,,,,,,,,,,,3.1565585520676554e-05,0,781,0.0,0.0,,,,,,,,,,,,,,,,,,,,,,,,,,,,,,,,,,,,,,,,,,,,,,,,,,,,,,,,,,,,,,,,,,,,,,,,,,nan,,,,,,,,,,,,,,,
1288,-1.0441635847091675,-1.0441613994771615e-05,-0.0010441613994771615,13608.72006893158,10000,ppo,ppo,crawler,flat,obs_dth_tot_direct,,,,,,,,,,,,,,,9.841930774659415e-06,0,781,0.0,0.0,,,,,,,,,,,,,,,,,,,,,,,,,,,,,,,,,,,,,,,,,,,,,,,,,,,,,,,,,,,,,,,,,,,,,,,,,,nan,,,,,,,,,,,,,,,
1289,0.5471307039260864,5.471283657243475e-06,0.0005471283657243475,13618.000304937363,10000,ppo,ppo,crawler,flat,obs_dth_tot_direct,,,,,,,,,,,,,,,-0.0001943502181642492,0,781,0.0,0.0,,,,,,,,,,,,,,,,,,,,,,,,,,,,,,,,,,,,,,,,,,,,,,,,,,,,,,,,,,,,,,,,,,,,,,,,,,nan,,,,,,,,,,,,,,,
1290,0.5760367512702942,5.760444764746353e-06,0.0005760444764746353,13627.137700557709,10000,ppo,ppo,crawler,flat,obs_dth_tot_direct,,,,,,,,,,,,,,,-2.0255715074673504e-05,0,781,0.0,0.0,,,,,,,,,,,,,,,,,,,,,,,,,,,,,,,,,,,,,,,,,,,,,,,,,,,,,,,,,,,,,,,,,,,,,,,,,,nan,,,,,,,,,,,,,,,
1291,1.0158942937850952,1.015896941680694e-05,0.001015896941680694,13636.38797903061,10000,ppo,ppo,crawler,flat,obs_dth_tot_direct,,,,,,,,,,,,,,,-2.6234950293117847e-05,0,781,0.0,0.0,,,,,,,,,,,,,,,,,,,,,,,,,,,,,,,,,,,,,,,,,,,,,,,,,,,,,,,,,,,,,,,,,,,,,,,,,,nan,,,,,,,,,,,,,,,
1292,0.5093626976013184,5.093646450404776e-06,0.0005093646450404776,13645.607781171799,10000,ppo,ppo,crawler,flat,obs_dth_tot_direct,,,,,,,,,,,,,,,-4.205822935101317e-06,0,781,0.0,0.0,,,,,,,,,,,,,,,,,,,,,,,,,,,,,,,,,,,,,,,,,,,,,,,,,,,,,,,,,,,,,,,,,,,,,,,,,,nan,,,,,,,,,,,,,,,
1293,0.1840793639421463,1.8408018149784766e-06,0.00018408018149784766,13654.814394235611,10000,ppo,ppo,crawler,flat,obs_dth_tot_direct,,,,,,,,,,,,,,,0.0003081584592539431,0,781,0.0,0.0,,,,,,,,,,,,,,,,,,,,,,,,,,,,,,,,,,,,,,,,,,,,,,,,,,,,,,,,,,,,,,,,,,,,,,,,,,nan,,,,,,,,,,,,,,,
1294,-0.747289776802063,-7.472909601347055e-06,-0.0007472909601347055,13664.39291548729,10000,ppo,ppo,crawler,flat,obs_dth_tot_direct,,,,,,,,,,,,,,,1.7065335441948358e-06,0,781,0.0,0.0,,,,,,,,,,,,,,,,,,,,,,,,,,,,,,,,,,,,,,,,,,,,,,,,,,,,,,,,,,,,,,,,,,,,,,,,,,nan,,,,,,,,,,,,,,,
1295,-0.5918952822685242,-5.91890602663625e-06,-0.000591890602663625,13673.627219438553,10000,ppo,ppo,crawler,flat,obs_dth_tot_direct,,,,,,,,,,,,,,,-9.40576295884715e-06,0,781,0.0,0.0,,,,,,,,,,,,,,,,,,,,,,,,,,,,,,,,,,,,,,,,,,,,,,,,,,,,,,,,,,,,,,,,,,,,,,,,,,nan,,,,,,,,,,,,,,,
1296,-0.559130847454071,-5.591291937889764e-06,-0.0005591291937889764,13683.141649007797,10000,ppo,ppo,crawler,flat,obs_dth_tot_direct,,,,,,,,,,,,,,,-1.6953923743070315e-05,0,781,0.0,0.0,,,,,,,,,,,,,,,,,,,,,,,,,,,,,,,,,,,,,,,,,,,,,,,,,,,,,,,,,,,,,,,,,,,,,,,,,,nan,,,,,,,,,,,,,,,
1297,-2.4168765544891357,-2.4168788513634354e-05,-0.0024168788513634354,13692.679973125458,10000,ppo,ppo,crawler,flat,obs_dth_tot_direct,,,,,,,,,,,,,,,-6.20151985622704e-05,0,781,0.0,0.0,,,,,,,,,,,,,,,,,,,,,,,,,,,,,,,,,,,,,,,,,,,,,,,,,,,,,,,,,,,,,,,,,,,,,,,,,,nan,,,,,,,,,,,,,,,
1298,-0.2761673629283905,-2.7616692932497244e-06,-0.00027616692932497244,13701.866287946701,10000,ppo,ppo,crawler,flat,obs_dth_tot_direct,,,,,,,,,,,,,,,0.0,0,781,0.0,0.0,,,,,,,,,,,,,,,,,,,,,,,,,,,,,,,,,,,,,,,,,,,,,,,,,,,,,,,,,,,,,,,,,,,,,,,,,,nan,,,,,,,,,,,,,,,
1299,-0.9697046279907227,-9.697029781818856e-06,-0.0009697029781818856,13711.318439245224,10000,ppo,ppo,crawler,flat,obs_dth_tot_direct,,,,,,,,,,,,,,,-7.819585029927777e-05,0,781,0.0,0.0,,,,,,,,,,,,,,,,,,,,,,,,,,,,,,,,,,,,,,,,,,,,,,,,,,,,,,,,,,,,,,,,,,,,,,,,,,nan,,,,,,,,,,,,,,,
1300,-0.8226186037063599,-8.22617130324943e-06,-0.000822617130324943,13720.744863033295,10000,ppo,ppo,crawler,flat,obs_dth_tot_direct,,,,,,,,,,,,,,,-0.00034440618494904757,0,781,0.0,0.0,,,,,,,,,,,,,,,,,,,,,,,,,,,,,,,,,,,,,,,,,,,,,,,,,,,,,,,,,,,,,,,,,,,,,,,,,,nan,,,,,,,,,,,,,,,
1301,1.0718345642089844,1.07183650470688e-05,0.00107183650470688,13730.195085763931,10000,ppo,ppo,crawler,flat,obs_dth_tot_direct,,,,,,,,,,,,,,,-1.9095325305886215e-05,0,781,0.0,0.0,,,,,,,,,,,,,,,,,,,,,,,,,,,,,,,,,,,,,,,,,,,,,,,,,,,,,,,,,,,,,,,,,,,,,,,,,,nan,,,,,,,,,,,,,,,
1302,-1.3871561288833618,-1.3871580449631438e-05,-0.0013871580449631438,13739.770236730576,10000,ppo,ppo,crawler,flat,obs_dth_tot_direct,,,,,,,,,,,,,,,0.0,0,781,0.0,0.0,,,,,,,,,,,,,,,,,,,,,,,,,,,,,,,,,,,,,,,,,,,,,,,,,,,,,,,,,,,,,,,,,,,,,,,,,,nan,,,,,,,,,,,,,,,
1303,0.7396570444107056,7.396614364552079e-06,0.0007396614364552079,13749.21011710167,10000,ppo,ppo,crawler,flat,obs_dth_tot_direct,,,,,,,,,,,,,,,-0.00022739223735204273,0,781,0.0,0.0,,,,,,,,,,,,,,,,,,,,,,,,,,,,,,,,,,,,,,,,,,,,,,,,,,,,,,,,,,,,,,,,,,,,,,,,,,nan,,,,,,,,,,,,,,,
1304,1.6362510919570923,1.6362557289539836e-05,0.0016362557289539836,13758.512929677963,10000,ppo,ppo,crawler,flat,obs_dth_tot_direct,,,,,,,,,,,,,,,-2.4761661181223986e-06,0,781,0.0,0.0,,,,,,,,,,,,,,,,,,,,,,,,,,,,,,,,,,,,,,,,,,,,,,,,,,,,,,,,,,,,,,,,,,,,,,,,,,nan,,,,,,,,,,,,,,,
1305,-0.9460323452949524,-9.460340152145363e-06,-0.0009460340152145363,13768.133071660995,10000,ppo,ppo,crawler,flat,obs_dth_tot_direct,,,,,,,,,,,,,,,0.0,0,781,0.0,0.0,,,,,,,,,,,,,,,,,,,,,,,,,,,,,,,,,,,,,,,,,,,,,,,,,,,,,,,,,,,,,,,,,,,,,,,,,,nan,,,,,,,,,,,,,,,
1306,-0.3890780508518219,-3.89076876672334e-06,-0.00038907687667233404,13777.494849205017,10000,ppo,ppo,crawler,flat,obs_dth_tot_direct,,,,,,,,,,,,,,,-0.0004685483527072871,0,781,0.0,0.0,,,,,,,,,,,,,,,,,,,,,,,,,,,,,,,,,,,,,,,,,,,,,,,,,,,,,,,,,,,,,,,,,,,,,,,,,,nan,,,,,,,,,,,,,,,
1307,-0.9733177423477173,-9.733165825309698e-06,-0.0009733165825309698,13786.834156274796,10000,ppo,ppo,crawler,flat,obs_dth_tot_direct,,,,,,,,,,,,,,,-1.1354671712492554e-05,0,781,0.0,0.0,,,,,,,,,,,,,,,,,,,,,,,,,,,,,,,,,,,,,,,,,,,,,,,,,,,,,,,,,,,,,,,,,,,,,,,,,,nan,,,,,,,,,,,,,,,
1308,-0.4145110249519348,-4.145080310991034e-06,-0.0004145080310991034,13796.602246522903,10000,ppo,ppo,crawler,flat,obs_dth_tot_direct,,,,,,,,,,,,,,,-3.6512006660887586e-05,0,781,0.0,0.0,,,,,,,,,,,,,,,,,,,,,,,,,,,,,,,,,,,,,,,,,,,,,,,,,,,,,,,,,,,,,,,,,,,,,,,,,,nan,,,,,,,,,,,,,,,
1309,0.12770871818065643,1.277093588214484e-06,0.0001277093588214484,13805.814568519592,10000,ppo,ppo,crawler,flat,obs_dth_tot_direct,,,,,,,,,,,,,,,-5.302088819301083e-05,0,781,0.0,0.0,,,,,,,,,,,,,,,,,,,,,,,,,,,,,,,,,,,,,,,,,,,,,,,,,,,,,,,,,,,,,,,,,,,,,,,,,,nan,,,,,,,,,,,,,,,
1310,-0.21996016800403595,-2.199617028963985e-06,-0.0002199617028963985,13815.304335355759,10000,ppo,ppo,crawler,flat,obs_dth_tot_direct,,,,,,,,,,,,,,,6.657691670059394e-05,0,781,0.0,0.0,,,,,,,,,,,,,,,,,,,,,,,,,,,,,,,,,,,,,,,,,,,,,,,,,,,,,,,,,,,,,,,,,,,,,,,,,,nan,,,,,,,,,,,,,,,
1311,-0.16853414475917816,-1.685306756371574e-06,-0.0001685306756371574,13824.89589214325,10000,ppo,ppo,crawler,flat,obs_dth_tot_direct,,,,,,,,,,,,,,,0.0,0,781,0.0,0.0,,,,,,,,,,,,,,,,,,,,,,,,,,,,,,,,,,,,,,,,,,,,,,,,,,,,,,,,,,,,,,,,,,,,,,,,,,nan,,,,,,,,,,,,,,,
1312,-1.2253462076187134,-1.2253423847141676e-05,-0.0012253423847141676,13834.256049633026,10000,ppo,ppo,crawler,flat,obs_dth_tot_direct,,,,,,,,,,,,,,,-2.5339474694066408e-06,0,781,0.0,0.0,,,,,,,,,,,,,,,,,,,,,,,,,,,,,,,,,,,,,,,,,,,,,,,,,,,,,,,,,,,,,,,,,,,,,,,,,,nan,,,,,,,,,,,,,,,
1313,-0.6538248658180237,-6.538200068462174e-06,-0.0006538200068462174,13843.905412912369,10000,ppo,ppo,crawler,flat,obs_dth_tot_direct,,,,,,,,,,,,,,,-0.000493190128465926,0,781,0.0,0.0,,,,,,,,,,,,,,,,,,,,,,,,,,,,,,,,,,,,,,,,,,,,,,,,,,,,,,,,,,,,,,,,,,,,,,,,,,nan,,,,,,,,,,,,,,,
1314,-1.26447331905365,-1.2644728485611267e-05,-0.0012644728485611267,13853.473624944687,10000,ppo,ppo,crawler,flat,obs_dth_tot_direct,,,,,,,,,,,,,,,0.0,0,781,0.0,0.0,,,,,,,,,,,,,,,,,,,,,,,,,,,,,,,,,,,,,,,,,,,,,,,,,,,,,,,,,,,,,,,,,,,,,,,,,,nan,,,,,,,,,,,,,,,
1315,1.0252403020858765,1.0252433639834635e-05,0.0010252433639834635,13862.876655578613,10000,ppo,ppo,crawler,flat,obs_dth_tot_direct,,,,,,,,,,,,,,,-8.818233402376748e-05,0,781,0.0,0.0,,,,,,,,,,,,,,,,,,,,,,,,,,,,,,,,,,,,,,,,,,,,,,,,,,,,,,,,,,,,,,,,,,,,,,,,,,nan,,,,,,,,,,,,,,,
1316,-0.8357760310173035,-8.35776882013306e-06,-0.000835776882013306,13872.471076011658,10000,ppo,ppo,crawler,flat,obs_dth_tot_direct,,,,,,,,,,,,,,,-9.715693517470024e-05,0,781,0.0,0.0,,,,,,,,,,,,,,,,,,,,,,,,,,,,,,,,,,,,,,,,,,,,,,,,,,,,,,,,,,,,,,,,,,,,,,,,,,nan,,,,,,,,,,,,,,,
1317,0.4718495011329651,4.718469881481724e-06,0.0004718469881481724,13881.97317123413,10000,ppo,ppo,crawler,flat,obs_dth_tot_direct,,,,,,,,,,,,,,,0.0,0,781,0.0,0.0,,,,,,,,,,,,,,,,,,,,,,,,,,,,,,,,,,,,,,,,,,,,,,,,,,,,,,,,,,,,,,,,,,,,,,,,,,nan,,,,,,,,,,,,,,,
1318,0.45800143480300903,4.5799761210219e-06,0.00045799761210219003,13891.666221141815,10000,ppo,ppo,crawler,flat,obs_dth_tot_direct,,,,,,,,,,,,,,,-2.41327584839203e-05,0,781,0.0,0.0,,,,,,,,,,,,,,,,,,,,,,,,,,,,,,,,,,,,,,,,,,,,,,,,,,,,,,,,,,,,,,,,,,,,,,,,,,nan,,,,,,,,,,,,,,,
1319,0.4586440622806549,4.5864758249081206e-06,0.00045864758249081206,13901.29937338829,10000,ppo,ppo,crawler,flat,obs_dth_tot_direct,,,,,,,,,,,,,,,-0.016779240808675062,0,781,0.0,0.0,,,,,,,,,,,,,,,,,,,,,,,,,,,,,,,,,,,,,,,,,,,,,,,,,,,,,,,,,,,,,,,,,,,,,,,,,,nan,,,,,,,,,,,,,,,
1320,-1.0585845708847046,-1.058582893165294e-05,-0.001058582893165294,13911.07184267044,10000,ppo,ppo,crawler,flat,obs_dth_tot_direct,,,,,,,,,,,,,,,0.0,0,781,0.0,0.0,,,,,,,,,,,,,,,,,,,,,,,,,,,,,,,,,,,,,,,,,,,,,,,,,,,,,,,,,,,,,,,,,,,,,,,,,,nan,,,,,,,,,,,,,,,
1321,0.7940053939819336,7.940082468849141e-06,0.0007940082468849141,13920.642976045609,10000,ppo,ppo,crawler,flat,obs_dth_tot_direct,,,,,,,,,,,,,,,-2.7988265803925664e-05,0,781,0.0,0.0,,,,,,,,,,,,,,,,,,,,,,,,,,,,,,,,,,,,,,,,,,,,,,,,,,,,,,,,,,,,,,,,,,,,,,,,,,nan,,,,,,,,,,,,,,,
1322,-0.5888917446136475,-5.888915893592639e-06,-0.0005888915893592639,13930.451445817947,10000,ppo,ppo,crawler,flat,obs_dth_tot_direct,,,,,,,,,,,,,,,-1.5219381358116751e-05,0,781,0.0,0.0,,,,,,,,,,,,,,,,,,,,,,,,,,,,,,,,,,,,,,,,,,,,,,,,,,,,,,,,,,,,,,,,,,,,,,,,,,nan,,,,,,,,,,,,,,,
1323,-0.3040997087955475,-3.0410278668568935e-06,-0.00030410278668568935,13939.856461286545,10000,ppo,ppo,crawler,flat,obs_dth_tot_direct,,,,,,,,,,,,,,,-7.997867836117287e-05,0,781,0.0,0.0,,,,,,,,,,,,,,,,,,,,,,,,,,,,,,,,,,,,,,,,,,,,,,,,,,,,,,,,,,,,,,,,,,,,,,,,,,nan,,,,,,,,,,,,,,,
1324,1.2518177032470703,1.2518240509962197e-05,0.0012518240509962197,13949.840384483337,10000,ppo,ppo,crawler,flat,obs_dth_tot_direct,,,,,,,,,,,,,,,0.0,0,781,0.0,0.0,,,,,,,,,,,,,,,,,,,,,,,,,,,,,,,,,,,,,,,,,,,,,,,,,,,,,,,,,,,,,,,,,,,,,,,,,,nan,,,,,,,,,,,,,,,
1325,0.20967555046081543,2.096802063533687e-06,0.0002096802063533687,13959.735540151596,10000,ppo,ppo,crawler,flat,obs_dth_tot_direct,,,,,,,,,,,,,,,-3.2828429119992956e-06,0,781,0.0,0.0,,,,,,,,,,,,,,,,,,,,,,,,,,,,,,,,,,,,,,,,,,,,,,,,,,,,,,,,,,,,,,,,,,,,,,,,,,nan,,,,,,,,,,,,,,,
1326,-0.829741895198822,-8.297396561829373e-06,-0.0008297396561829373,13969.21822142601,10000,ppo,ppo,crawler,flat,obs_dth_tot_direct,,,,,,,,,,,,,,,7.834913931720235e-06,0,781,0.0,0.0,,,,,,,,,,,,,,,,,,,,,,,,,,,,,,,,,,,,,,,,,,,,,,,,,,,,,,,,,,,,,,,,,,,,,,,,,,nan,,,,,,,,,,,,,,,
1327,1.0412447452545166,1.0412495612399653e-05,0.0010412495612399653,13979.156466007233,10000,ppo,ppo,crawler,flat,obs_dth_tot_direct,,,,,,,,,,,,,,,-1.2465408036101338e-05,0,781,0.0,0.0,,,,,,,,,,,,,,,,,,,,,,,,,,,,,,,,,,,,,,,,,,,,,,,,,,,,,,,,,,,,,,,,,,,,,,,,,,nan,,,,,,,,,,,,,,,
1328,-0.6561989188194275,-6.562022008438362e-06,-0.0006562022008438362,13989.546375274658,10000,ppo,ppo,crawler,flat,obs_dth_tot_direct,,,,,,,,,,,,,,,-7.74815068049559e-07,0,781,0.0,0.0,,,,,,,,,,,,,,,,,,,,,,,,,,,,,,,,,,,,,,,,,,,,,,,,,,,,,,,,,,,,,,,,,,,,,,,,,,nan,,,,,,,,,,,,,,,
1329,0.07152023166418076,7.152210628191824e-07,7.152210628191824e-05,13999.222384691238,10000,ppo,ppo,crawler,flat,obs_dth_tot_direct,,,,,,,,,,,,,,,-2.8818793280023923e-06,0,781,0.0,0.0,,,,,,,,,,,,,,,,,,,,,,,,,,,,,,,,,,,,,,,,,,,,,,,,,,,,,,,,,,,,,,,,,,,,,,,,,,nan,,,,,,,,,,,,,,,
1330,-0.01408917922526598,-1.4085554767007125e-07,-1.4085554767007125e-05,14009.08329987526,10000,ppo,ppo,crawler,flat,obs_dth_tot_direct,,,,,,,,,,,,,,,1.100845940210755e-05,0,781,0.0,0.0,,,,,,,,,,,,,,,,,,,,,,,,,,,,,,,,,,,,,,,,,,,,,,,,,,,,,,,,,,,,,,,,,,,,,,,,,,nan,,,,,,,,,,,,,,,
1331,-1.2083179950714111,-1.2083138244634029e-05,-0.0012083138244634029,14018.674058675766,10000,ppo,ppo,crawler,flat,obs_dth_tot_direct,,,,,,,,,,,,,,,2.1713115656497993e-05,0,781,0.0,0.0,,,,,,,,,,,,,,,,,,,,,,,,,,,,,,,,,,,,,,,,,,,,,,,,,,,,,,,,,,,,,,,,,,,,,,,,,,nan,,,,,,,,,,,,,,,
1332,-0.42400112748146057,-4.239990630594548e-06,-0.0004239990630594548,14027.992200136185,10000,ppo,ppo,crawler,flat,obs_dth_tot_direct,,,,,,,,,,,,,,,-4.096869641626385e-05,0,781,0.0,0.0,,,,,,,,,,,,,,,,,,,,,,,,,,,,,,,,,,,,,,,,,,,,,,,,,,,,,,,,,,,,,,,,,,,,,,,,,,nan,,,,,,,,,,,,,,,
1333,-0.32905951142311096,-3.2905734315136215e-06,-0.00032905734315136215,14037.897508382797,10000,ppo,ppo,crawler,flat,obs_dth_tot_direct,,,,,,,,,,,,,,,0.0,0,781,0.0,0.0,,,,,,,,,,,,,,,,,,,,,,,,,,,,,,,,,,,,,,,,,,,,,,,,,,,,,,,,,,,,,,,,,,,,,,,,,,nan,,,,,,,,,,,,,,,
1334,0.32220467925071716,3.222050509066321e-06,0.0003222050509066321,14047.391179323196,10000,ppo,ppo,crawler,flat,obs_dth_tot_direct,,,,,,,,,,,,,,,-1.2885907929624395e-05,0,781,0.0,0.0,,,,,,,,,,,,,,,,,,,,,,,,,,,,,,,,,,,,,,,,,,,,,,,,,,,,,,,,,,,,,,,,,,,,,,,,,,nan,,,,,,,,,,,,,,,
1335,-0.44542813301086426,-4.4542562136484776e-06,-0.00044542562136484776,14056.903424024582,10000,ppo,ppo,crawler,flat,obs_dth_tot_direct,,,,,,,,,,,,,,,-5.717819768854354e-06,0,781,0.0,0.0,,,,,,,,,,,,,,,,,,,,,,,,,,,,,,,,,,,,,,,,,,,,,,,,,,,,,,,,,,,,,,,,,,,,,,,,,,nan,,,,,,,,,,,,,,,
1336,2.1412529945373535,2.1412564819911495e-05,0.0021412564819911495,14066.450778245926,10000,ppo,ppo,crawler,flat,obs_dth_tot_direct,,,,,,,,,,,,,,,-6.157157181853979e-06,0,781,0.0,0.0,,,,,,,,,,,,,,,,,,,,,,,,,,,,,,,,,,,,,,,,,,,,,,,,,,,,,,,,,,,,,,,,,,,,,,,,,,nan,,,,,,,,,,,,,,,
1337,-0.8156663179397583,-8.156663170666434e-06,-0.0008156663170666434,14075.863271713257,10000,ppo,ppo,crawler,flat,obs_dth_tot_direct,,,,,,,,,,,,,,,-1.6166337273261305e-05,0,781,0.0,0.0,,,,,,,,,,,,,,,,,,,,,,,,,,,,,,,,,,,,,,,,,,,,,,,,,,,,,,,,,,,,,,,,,,,,,,,,,,nan,,,,,,,,,,,,,,,
1338,1.0583213567733765,1.0583252333162818e-05,0.0010583252333162818,14085.412038087845,10000,ppo,ppo,crawler,flat,obs_dth_tot_direct,,,,,,,,,,,,,,,2.4294425827592957e-06,0,781,0.0,0.0,,,,,,,,,,,,,,,,,,,,,,,,,,,,,,,,,,,,,,,,,,,,,,,,,,,,,,,,,,,,,,,,,,,,,,,,,,nan,,,,,,,,,,,,,,,
1339,0.10568828880786896,1.0569201549515128e-06,0.00010569201549515128,14094.934137582779,10000,ppo,ppo,crawler,flat,obs_dth_tot_direct,,,,,,,,,,,,,,,3.357597110404248e-05,0,781,0.0,0.0,,,,,,,,,,,,,,,,,,,,,,,,,,,,,,,,,,,,,,,,,,,,,,,,,,,,,,,,,,,,,,,,,,,,,,,,,,nan,,,,,,,,,,,,,,,
1340,0.675078809261322,6.750844022462843e-06,0.0006750844022462843,14104.566572904587,10000,ppo,ppo,crawler,flat,obs_dth_tot_direct,,,,,,,,,,,,,,,-1.4223188171389772e-05,0,781,0.0,0.0,,,,,,,,,,,,,,,,,,,,,,,,,,,,,,,,,,,,,,,,,,,,,,,,,,,,,,,,,,,,,,,,,,,,,,,,,,nan,,,,,,,,,,,,,,,
1341,-0.4393993318080902,-4.394007191876881e-06,-0.0004394007191876881,14114.086999893188,10000,ppo,ppo,crawler,flat,obs_dth_tot_direct,,,,,,,,,,,,,,,-1.4238412493169689e-05,0,781,0.0,0.0,,,,,,,,,,,,,,,,,,,,,,,,,,,,,,,,,,,,,,,,,,,,,,,,,,,,,,,,,,,,,,,,,,,,,,,,,,nan,,,,,,,,,,,,,,,
1342,-0.7053080201148987,-7.053091849229531e-06,-0.0007053091849229531,14123.639293432236,10000,ppo,ppo,crawler,flat,obs_dth_tot_direct,,,,,,,,,,,,,,,-9.567960953666672e-06,0,781,0.0,0.0,,,,,,,,,,,,,,,,,,,,,,,,,,,,,,,,,,,,,,,,,,,,,,,,,,,,,,,,,,,,,,,,,,,,,,,,,,nan,,,,,,,,,,,,,,,
1343,-0.5606479048728943,-5.606444119621301e-06,-0.0005606444119621301,14132.901068925858,10000,ppo,ppo,crawler,flat,obs_dth_tot_direct,,,,,,,,,,,,,,,-0.0004326948399981066,0,781,0.0,0.0,,,,,,,,,,,,,,,,,,,,,,,,,,,,,,,,,,,,,,,,,,,,,,,,,,,,,,,,,,,,,,,,,,,,,,,,,,nan,,,,,,,,,,,,,,,
1344,-1.1018340587615967,-1.1018361874448601e-05,-0.0011018361874448601,14142.287290096283,10000,ppo,ppo,crawler,flat,obs_dth_tot_direct,,,,,,,,,,,,,,,-8.078156070123103e-07,0,781,0.0,0.0,,,,,,,,,,,,,,,,,,,,,,,,,,,,,,,,,,,,,,,,,,,,,,,,,,,,,,,,,,,,,,,,,,,,,,,,,,nan,,,,,,,,,,,,,,,
1345,-0.9459667205810547,-9.459670764044859e-06,-0.0009459670764044859,14151.307584524155,10000,ppo,ppo,crawler,flat,obs_dth_tot_direct,,,,,,,,,,,,,,,-4.1162454440865415e-05,0,781,0.0,0.0,,,,,,,,,,,,,,,,,,,,,,,,,,,,,,,,,,,,,,,,,,,,,,,,,,,,,,,,,,,,,,,,,,,,,,,,,,nan,,,,,,,,,,,,,,,
1346,0.5513879060745239,5.513880296348361e-06,0.0005513880296348361,14160.903186559677,10000,ppo,ppo,crawler,flat,obs_dth_tot_direct,,,,,,,,,,,,,,,-8.04652568434631e-06,0,781,0.0,0.0,,,,,,,,,,,,,,,,,,,,,,,,,,,,,,,,,,,,,,,,,,,,,,,,,,,,,,,,,,,,,,,,,,,,,,,,,,nan,,,,,,,,,,,,,,,
1347,-0.7769317030906677,-7.769321200612467e-06,-0.0007769321200612467,14170.53007721901,10000,ppo,ppo,crawler,flat,obs_dth_tot_direct,,,,,,,,,,,,,,,-7.848412742916967e-06,0,781,0.0,0.0,,,,,,,,,,,,,,,,,,,,,,,,,,,,,,,,,,,,,,,,,,,,,,,,,,,,,,,,,,,,,,,,,,,,,,,,,,nan,,,,,,,,,,,,,,,
1348,-1.783210039138794,-1.7832098819781095e-05,-0.0017832098819781095,14179.631859064102,10000,ppo,ppo,crawler,flat,obs_dth_tot_direct,,,,,,,,,,,,,,,-7.312850986110111e-06,0,781,0.0,0.0,,,,,,,,,,,,,,,,,,,,,,,,,,,,,,,,,,,,,,,,,,,,,,,,,,,,,,,,,,,,,,,,,,,,,,,,,,nan,,,,,,,,,,,,,,,
1349,-0.5105042457580566,-5.105030595586868e-06,-0.0005105030595586868,14189.324924468994,10000,ppo,ppo,crawler,flat,obs_dth_tot_direct,,,,,,,,,,,,,,,-0.00010037975488337908,0,781,0.0,0.0,,,,,,,,,,,,,,,,,,,,,,,,,,,,,,,,,,,,,,,,,,,,,,,,,,,,,,,,,,,,,,,,,,,,,,,,,,nan,,,,,,,,,,,,,,,
1350,-1.629830241203308,-1.6298303307848983e-05,-0.0016298303307848983,14198.702654123306,10000,ppo,ppo,crawler,flat,obs_dth_tot_direct,,,,,,,,,,,,,,,-0.002351100961993736,0,781,0.0,0.0,,,,,,,,,,,,,,,,,,,,,,,,,,,,,,,,,,,,,,,,,,,,,,,,,,,,,,,,,,,,,,,,,,,,,,,,,,nan,,,,,,,,,,,,,,,
1351,0.3040509521961212,3.0405431061808486e-06,0.00030405431061808486,14208.055094718933,10000,ppo,ppo,crawler,flat,obs_dth_tot_direct,,,,,,,,,,,,,,,0.0,0,781,0.0,0.0,,,,,,,,,,,,,,,,,,,,,,,,,,,,,,,,,,,,,,,,,,,,,,,,,,,,,,,,,,,,,,,,,,,,,,,,,,nan,,,,,,,,,,,,,,,
1352,0.5142247080802917,5.142266672919504e-06,0.0005142266672919504,14217.0852060318,10000,ppo,ppo,crawler,flat,obs_dth_tot_direct,,,,,,,,,,,,,,,-0.0026592785533083537,0,781,0.0,0.0,,,,,,,,,,,,,,,,,,,,,,,,,,,,,,,,,,,,,,,,,,,,,,,,,,,,,,,,,,,,,,,,,,,,,,,,,,nan,,,,,,,,,,,,,,,
1353,-0.10837531089782715,-1.0837567288035643e-06,-0.00010837567288035643,14226.455681800842,10000,ppo,ppo,crawler,flat,obs_dth_tot_direct,,,,,,,,,,,,,,,0.0,0,781,0.0,0.0,,,,,,,,,,,,,,,,,,,,,,,,,,,,,,,,,,,,,,,,,,,,,,,,,,,,,,,,,,,,,,,,,,,,,,,,,,nan,,,,,,,,,,,,,,,
1354,0.2758563160896301,2.75857632914267e-06,0.000275857632914267,14235.90119600296,10000,ppo,ppo,crawler,flat,obs_dth_tot_direct,,,,,,,,,,,,,,,-5.643446327553211e-05,0,781,0.0,0.0,,,,,,,,,,,,,,,,,,,,,,,,,,,,,,,,,,,,,,,,,,,,,,,,,,,,,,,,,,,,,,,,,,,,,,,,,,nan,,,,,,,,,,,,,,,
1355,-0.6283257603645325,-6.283227776293643e-06,-0.0006283227776293643,14244.930762767792,10000,ppo,ppo,crawler,flat,obs_dth_tot_direct,,,,,,,,,,,,,,,-1.7721530302843882e-06,0,781,0.0,0.0,,,,,,,,,,,,,,,,,,,,,,,,,,,,,,,,,,,,,,,,,,,,,,,,,,,,,,,,,,,,,,,,,,,,,,,,,,nan,,,,,,,,,,,,,,,
1356,0.35836800932884216,3.583704938137089e-06,0.0003583704938137089,14253.712210416794,10000,ppo,ppo,crawler,flat,obs_dth_tot_direct,,,,,,,,,,,,,,,-3.741098217255938e-05,0,781,0.0,0.0,,,,,,,,,,,,,,,,,,,,,,,,,,,,,,,,,,,,,,,,,,,,,,,,,,,,,,,,,,,,,,,,,,,,,,,,,,nan,,,,,,,,,,,,,,,
1357,-0.3904322385787964,-3.904331151716178e-06,-0.00039043311517161783,14263.108580827713,10000,ppo,ppo,crawler,flat,obs_dth_tot_direct,,,,,,,,,,,,,,,-6.540832866970616e-05,0,781,0.0,0.0,,,,,,,,,,,,,,,,,,,,,,,,,,,,,,,,,,,,,,,,,,,,,,,,,,,,,,,,,,,,,,,,,,,,,,,,,,nan,,,,,,,,,,,,,,,
1358,0.40043339133262634,4.004351922048954e-06,0.00040043519220489543,14272.227810382843,10000,ppo,ppo,crawler,flat,obs_dth_tot_direct,,,,,,,,,,,,,,,-0.0001447141163346862,0,781,0.0,0.0,,,,,,,,,,,,,,,,,,,,,,,,,,,,,,,,,,,,,,,,,,,,,,,,,,,,,,,,,,,,,,,,,,,,,,,,,,nan,,,,,,,,,,,,,,,
1359,0.6892213821411133,6.892250439705094e-06,0.0006892250439705094,14281.091681480408,10000,ppo,ppo,crawler,flat,obs_dth_tot_direct,,,,,,,,,,,,,,,0.0,0,781,0.0,0.0,,,,,,,,,,,,,,,,,,,,,,,,,,,,,,,,,,,,,,,,,,,,,,,,,,,,,,,,,,,,,,,,,,,,,,,,,,nan,,,,,,,,,,,,,,,
1360,-0.2844247817993164,-2.844240043486934e-06,-0.0002844240043486934,14290.037779331207,10000,ppo,ppo,crawler,flat,obs_dth_tot_direct,,,,,,,,,,,,,,,-1.368853985004022e-05,0,781,0.0,0.0,,,,,,,,,,,,,,,,,,,,,,,,,,,,,,,,,,,,,,,,,,,,,,,,,,,,,,,,,,,,,,,,,,,,,,,,,,nan,,,,,,,,,,,,,,,
1361,-0.09351205825805664,-9.350985124001454e-07,-9.350985124001454e-05,14299.122401714325,10000,ppo,ppo,crawler,flat,obs_dth_tot_direct,,,,,,,,,,,,,,,8.26713227203042e-06,0,781,0.0,0.0,,,,,,,,,,,,,,,,,,,,,,,,,,,,,,,,,,,,,,,,,,,,,,,,,,,,,,,,,,,,,,,,,,,,,,,,,,nan,,,,,,,,,,,,,,,
1362,1.8505932092666626,1.8505957996239886e-05,0.0018505957996239886,14307.955178499222,10000,ppo,ppo,crawler,flat,obs_dth_tot_direct,,,,,,,,,,,,,,,-0.00025010374869564585,0,781,0.0,0.0,,,,,,,,,,,,,,,,,,,,,,,,,,,,,,,,,,,,,,,,,,,,,,,,,,,,,,,,,,,,,,,,,,,,,,,,,,nan,,,,,,,,,,,,,,,
1363,0.07615108788013458,7.61510023039591e-07,7.61510023039591e-05,14317.095112800598,10000,ppo,ppo,crawler,flat,obs_dth_tot_direct,,,,,,,,,,,,,,,-6.214282672170182e-07,0,781,0.0,0.0,,,,,,,,,,,,,,,,,,,,,,,,,,,,,,,,,,,,,,,,,,,,,,,,,,,,,,,,,,,,,,,,,,,,,,,,,,nan,,,,,,,,,,,,,,,
1364,1.3752154111862183,1.3752181075687986e-05,0.0013752181075687986,14325.810930013657,10000,ppo,ppo,crawler,flat,obs_dth_tot_direct,,,,,,,,,,,,,,,-0.005886775397346206,0,781,0.0,0.0,,,,,,,,,,,,,,,,,,,,,,,,,,,,,,,,,,,,,,,,,,,,,,,,,,,,,,,,,,,,,,,,,,,,,,,,,,nan,,,,,,,,,,,,,,,
1365,0.1446480005979538,1.4465201729763066e-06,0.00014465201729763066,14334.739093065262,10000,ppo,ppo,crawler,flat,obs_dth_tot_direct,,,,,,,,,,,,,,,-1.5350521354913406e-06,0,781,0.0,0.0,,,,,,,,,,,,,,,,,,,,,,,,,,,,,,,,,,,,,,,,,,,,,,,,,,,,,,,,,,,,,,,,,,,,,,,,,,nan,,,,,,,,,,,,,,,
1366,0.4346563518047333,4.3465415728860535e-06,0.00043465415728860535,14343.883295536041,10000,ppo,ppo,crawler,flat,obs_dth_tot_direct,,,,,,,,,,,,,,,-6.150679779686177e-05,0,781,0.0,0.0,,,,,,,,,,,,,,,,,,,,,,,,,,,,,,,,,,,,,,,,,,,,,,,,,,,,,,,,,,,,,,,,,,,,,,,,,,nan,,,,,,,,,,,,,,,
1367,-0.20960211753845215,-2.0959896573913284e-06,-0.00020959896573913284,14352.869188070297,10000,ppo,ppo,crawler,flat,obs_dth_tot_direct,,,,,,,,,,,,,,,-1.8261857187702163e-05,0,781,0.0,0.0,,,,,,,,,,,,,,,,,,,,,,,,,,,,,,,,,,,,,,,,,,,,,,,,,,,,,,,,,,,,,,,,,,,,,,,,,,nan,,,,,,,,,,,,,,,
1368,-0.5923263430595398,-5.923227490711724e-06,-0.0005923227490711724,14362.083085298538,10000,ppo,ppo,crawler,flat,obs_dth_tot_direct,,,,,,,,,,,,,,,-2.0117974731589402e-06,0,781,0.0,0.0,,,,,,,,,,,,,,,,,,,,,,,,,,,,,,,,,,,,,,,,,,,,,,,,,,,,,,,,,,,,,,,,,,,,,,,,,,nan,,,,,,,,,,,,,,,
1369,-0.4233972132205963,-4.233935214870144e-06,-0.00042339352148701437,14371.277649402618,10000,ppo,ppo,crawler,flat,obs_dth_tot_direct,,,,,,,,,,,,,,,-0.00019138412509547612,0,781,0.0,0.0,,,,,,,,,,,,,,,,,,,,,,,,,,,,,,,,,,,,,,,,,,,,,,,,,,,,,,,,,,,,,,,,,,,,,,,,,,nan,,,,,,,,,,,,,,,
1370,0.5105269551277161,5.105256150272908e-06,0.0005105256150272908,14380.472845554352,10000,ppo,ppo,crawler,flat,obs_dth_tot_direct,,,,,,,,,,,,,,,0.0,0,781,0.0,0.0,,,,,,,,,,,,,,,,,,,,,,,,,,,,,,,,,,,,,,,,,,,,,,,,,,,,,,,,,,,,,,,,,,,,,,,,,,nan,,,,,,,,,,,,,,,
1371,1.0876142978668213,1.0876196938625071e-05,0.0010876196938625071,14389.708711147308,10000,ppo,ppo,crawler,flat,obs_dth_tot_direct,,,,,,,,,,,,,,,-1.1041408664667348e-05,0,781,0.0,0.0,,,,,,,,,,,,,,,,,,,,,,,,,,,,,,,,,,,,,,,,,,,,,,,,,,,,,,,,,,,,,,,,,,,,,,,,,,nan,,,,,,,,,,,,,,,
1372,-1.5605427026748657,-1.560539567435626e-05,-0.001560539567435626,14398.668679952621,10000,ppo,ppo,crawler,flat,obs_dth_tot_direct,,,,,,,,,,,,,,,-2.616502239670552e-05,0,781,0.0,0.0,,,,,,,,,,,,,,,,,,,,,,,,,,,,,,,,,,,,,,,,,,,,,,,,,,,,,,,,,,,,,,,,,,,,,,,,,,nan,,,,,,,,,,,,,,,
1373,0.3597959876060486,3.5979805943497922e-06,0.0003597980594349792,14407.770892858505,10000,ppo,ppo,crawler,flat,obs_dth_tot_direct,,,,,,,,,,,,,,,-2.0091706903582194e-05,0,781,0.0,0.0,,,,,,,,,,,,,,,,,,,,,,,,,,,,,,,,,,,,,,,,,,,,,,,,,,,,,,,,,,,,,,,,,,,,,,,,,,nan,,,,,,,,,,,,,,,
1374,0.056227028369903564,5.623099355034356e-07,5.6230993550343555e-05,14416.953413009644,10000,ppo,ppo,crawler,flat,obs_dth_tot_direct,,,,,,,,,,,,,,,1.0314478602131564e-05,0,781,0.0,0.0,,,,,,,,,,,,,,,,,,,,,,,,,,,,,,,,,,,,,,,,,,,,,,,,,,,,,,,,,,,,,,,,,,,,,,,,,,nan,,,,,,,,,,,,,,,
1375,0.3624080717563629,3.624111741373781e-06,0.0003624111741373781,14426.455107212067,10000,ppo,ppo,crawler,flat,obs_dth_tot_direct,,,,,,,,,,,,,,,4.2820957497659014e-05,0,781,0.0,0.0,,,,,,,,,,,,,,,,,,,,,,,,,,,,,,,,,,,,,,,,,,,,,,,,,,,,,,,,,,,,,,,,,,,,,,,,,,nan,,,,,,,,,,,,,,,
1376,0.00711636571213603,7.11954157850414e-08,7.1195415785041405e-06,14435.953429698944,10000,ppo,ppo,crawler,flat,obs_dth_tot_direct,,,,,,,,,,,,,,,-0.007772689164114136,0,781,0.0,0.0,,,,,,,,,,,,,,,,,,,,,,,,,,,,,,,,,,,,,,,,,,,,,,,,,,,,,,,,,,,,,,,,,,,,,,,,,,nan,,,,,,,,,,,,,,,
1377,0.22395096719264984,2.239505192846991e-06,0.0002239505192846991,14445.011536836624,10000,ppo,ppo,crawler,flat,obs_dth_tot_direct,,,,,,,,,,,,,,,-2.687598999575372e-08,0,781,0.0,0.0,,,,,,,,,,,,,,,,,,,,,,,,,,,,,,,,,,,,,,,,,,,,,,,,,,,,,,,,,,,,,,,,,,,,,,,,,,nan,,,,,,,,,,,,,,,
1378,2.3653130531311035,2.3653188691241667e-05,0.0023653188691241667,14454.091992616653,10000,ppo,ppo,crawler,flat,obs_dth_tot_direct,,,,,,,,,,,,,,,-0.04805718876884132,0,781,0.0,0.0,,,,,,,,,,,,,,,,,,,,,,,,,,,,,,,,,,,,,,,,,,,,,,,,,,,,,,,,,,,,,,,,,,,,,,,,,,nan,,,,,,,,,,,,,,,
1379,-0.3144757151603699,-3.144716856695595e-06,-0.0003144716856695595,14463.543057441711,10000,ppo,ppo,crawler,flat,obs_dth_tot_direct,,,,,,,,,,,,,,,0.0,0,781,0.0,0.0,,,,,,,,,,,,,,,,,,,,,,,,,,,,,,,,,,,,,,,,,,,,,,,,,,,,,,,,,,,,,,,,,,,,,,,,,,nan,,,,,,,,,,,,,,,
1380,-0.8029688000679016,-8.029674063436687e-06,-0.0008029674063436687,14472.789164543152,10000,ppo,ppo,crawler,flat,obs_dth_tot_direct,,,,,,,,,,,,,,,-9.839394381424834e-06,0,781,0.0,0.0,,,,,,,,,,,,,,,,,,,,,,,,,,,,,,,,,,,,,,,,,,,,,,,,,,,,,,,,,,,,,,,,,,,,,,,,,,nan,,,,,,,,,,,,,,,
1381,0.9495262503623962,9.495275662629865e-06,0.0009495275662629865,14482.319276094437,10000,ppo,ppo,crawler,flat,obs_dth_tot_direct,,,,,,,,,,,,,,,-6.80747791342485e-06,0,781,0.0,0.0,,,,,,,,,,,,,,,,,,,,,,,,,,,,,,,,,,,,,,,,,,,,,,,,,,,,,,,,,,,,,,,,,,,,,,,,,,nan,,,,,,,,,,,,,,,
1382,1.2028948068618774,1.2028979654132854e-05,0.0012028979654132854,14491.539481163025,10000,ppo,ppo,crawler,flat,obs_dth_tot_direct,,,,,,,,,,,,,,,2.4920117191102226e-06,0,781,0.0,0.0,,,,,,,,,,,,,,,,,,,,,,,,,,,,,,,,,,,,,,,,,,,,,,,,,,,,,,,,,,,,,,,,,,,,,,,,,,nan,,,,,,,,,,,,,,,
1383,-1.2749643325805664,-1.2749637789966073e-05,-0.0012749637789966073,14500.761105537415,10000,ppo,ppo,crawler,flat,obs_dth_tot_direct,,,,,,,,,,,,,,,1.5153930010929914e-05,0,781,0.0,0.0,,,,,,,,,,,,,,,,,,,,,,,,,,,,,,,,,,,,,,,,,,,,,,,,,,,,,,,,,,,,,,,,,,,,,,,,,,nan,,,,,,,,,,,,,,,
1384,-0.5620118379592896,-5.620080173684983e-06,-0.0005620080173684983,14509.955538988113,10000,ppo,ppo,crawler,flat,obs_dth_tot_direct,,,,,,,,,,,,,,,-7.370219741221732e-07,0,781,0.0,0.0,,,,,,,,,,,,,,,,,,,,,,,,,,,,,,,,,,,,,,,,,,,,,,,,,,,,,,,,,,,,,,,,,,,,,,,,,,nan,,,,,,,,,,,,,,,
1385,-0.3995579779148102,-3.995581209892407e-06,-0.0003995581209892407,14519.4993891716,10000,ppo,ppo,crawler,flat,obs_dth_tot_direct,,,,,,,,,,,,,,,-0.002004639182368558,0,781,0.0,0.0,,,,,,,,,,,,,,,,,,,,,,,,,,,,,,,,,,,,,,,,,,,,,,,,,,,,,,,,,,,,,,,,,,,,,,,,,,nan,,,,,,,,,,,,,,,
1386,0.5175445675849915,5.175459591555409e-06,0.0005175459591555409,14529.168607711792,10000,ppo,ppo,crawler,flat,obs_dth_tot_direct,,,,,,,,,,,,,,,0.0,0,781,0.0,0.0,,,,,,,,,,,,,,,,,,,,,,,,,,,,,,,,,,,,,,,,,,,,,,,,,,,,,,,,,,,,,,,,,,,,,,,,,,nan,,,,,,,,,,,,,,,
1387,-0.3756173551082611,-3.756163550860947e-06,-0.0003756163550860947,14538.531371116638,10000,ppo,ppo,crawler,flat,obs_dth_tot_direct,,,,,,,,,,,,,,,-0.003968219444508665,0,781,0.0,0.0,,,,,,,,,,,,,,,,,,,,,,,,,,,,,,,,,,,,,,,,,,,,,,,,,,,,,,,,,,,,,,,,,,,,,,,,,,nan,,,,,,,,,,,,,,,
1388,-1.6752769947052002,-1.6752763258409686e-05,-0.0016752763258409686,14547.922912836075,10000,ppo,ppo,crawler,flat,obs_dth_tot_direct,,,,,,,,,,,,,,,-0.001278649839106351,0,781,0.0,0.0,,,,,,,,,,,,,,,,,,,,,,,,,,,,,,,,,,,,,,,,,,,,,,,,,,,,,,,,,,,,,,,,,,,,,,,,,,nan,,,,,,,,,,,,,,,
1389,-0.4262501895427704,-4.2624856178008486e-06,-0.00042624856178008486,14557.358495473862,10000,ppo,ppo,crawler,flat,obs_dth_tot_direct,,,,,,,,,,,,,,,0.0,0,781,0.0,0.0,,,,,,,,,,,,,,,,,,,,,,,,,,,,,,,,,,,,,,,,,,,,,,,,,,,,,,,,,,,,,,,,,,,,,,,,,,nan,,,,,,,,,,,,,,,
1390,-0.19789408147335052,-1.97895178644103e-06,-0.000197895178644103,14566.57827949524,10000,ppo,ppo,crawler,flat,obs_dth_tot_direct,,,,,,,,,,,,,,,-4.6331678706766245e-05,0,781,0.0,0.0,,,,,,,,,,,,,,,,,,,,,,,,,,,,,,,,,,,,,,,,,,,,,,,,,,,,,,,,,,,,,,,,,,,,,,,,,,nan,,,,,,,,,,,,,,,
1391,-0.06472845375537872,-6.472827749348653e-07,-6.472827749348653e-05,14575.848384857178,10000,ppo,ppo,crawler,flat,obs_dth_tot_direct,,,,,,,,,,,,,,,-0.0004620909662237546,0,781,0.0,0.0,,,,,,,,,,,,,,,,,,,,,,,,,,,,,,,,,,,,,,,,,,,,,,,,,,,,,,,,,,,,,,,,,,,,,,,,,,nan,,,,,,,,,,,,,,,
1392,-0.2900564968585968,-2.9005495889578015e-06,-0.00029005495889578015,14584.973358869553,10000,ppo,ppo,crawler,flat,obs_dth_tot_direct,,,,,,,,,,,,,,,0.0,0,781,0.0,0.0,,,,,,,,,,,,,,,,,,,,,,,,,,,,,,,,,,,,,,,,,,,,,,,,,,,,,,,,,,,,,,,,,,,,,,,,,,nan,,,,,,,,,,,,,,,
1393,-0.9056830406188965,-9.056865565071348e-06,-0.0009056865565071348,14594.352419376373,10000,ppo,ppo,crawler,flat,obs_dth_tot_direct,,,,,,,,,,,,,,,-7.221662104320588e-05,0,781,0.0,0.0,,,,,,,,,,,,,,,,,,,,,,,,,,,,,,,,,,,,,,,,,,,,,,,,,,,,,,,,,,,,,,,,,,,,,,,,,,nan,,,,,,,,,,,,,,,
1394,0.736481249332428,7.364862995018484e-06,0.0007364862995018484,14603.787199497223,10000,ppo,ppo,crawler,flat,obs_dth_tot_direct,,,,,,,,,,,,,,,0.0,0,781,0.0,0.0,,,,,,,,,,,,,,,,,,,,,,,,,,,,,,,,,,,,,,,,,,,,,,,,,,,,,,,,,,,,,,,,,,,,,,,,,,nan,,,,,,,,,,,,,,,
1395,-0.21144886314868927,-2.1144578568055294e-06,-0.00021144578568055294,14612.836838245392,10000,ppo,ppo,crawler,flat,obs_dth_tot_direct,,,,,,,,,,,,,,,-6.935840637140482e-06,0,781,0.0,0.0,,,,,,,,,,,,,,,,,,,,,,,,,,,,,,,,,,,,,,,,,,,,,,,,,,,,,,,,,,,,,,,,,,,,,,,,,,nan,,,,,,,,,,,,,,,
1396,0.3885650038719177,3.885656042257324e-06,0.0003885656042257324,14622.207682847977,10000,ppo,ppo,crawler,flat,obs_dth_tot_direct,,,,,,,,,,,,,,,-0.0007592615434153438,0,781,0.0,0.0,,,,,,,,,,,,,,,,,,,,,,,,,,,,,,,,,,,,,,,,,,,,,,,,,,,,,,,,,,,,,,,,,,,,,,,,,,nan,,,,,,,,,,,,,,,
1397,1.984649658203125,1.9846504073939286e-05,0.0019846504073939286,14631.47327542305,10000,ppo,ppo,crawler,flat,obs_dth_tot_direct,,,,,,,,,,,,,,,0.0,0,781,0.0,0.0,,,,,,,,,,,,,,,,,,,,,,,,,,,,,,,,,,,,,,,,,,,,,,,,,,,,,,,,,,,,,,,,,,,,,,,,,,nan,,,,,,,,,,,,,,,
1398,-0.25982218980789185,-2.598196488179383e-06,-0.0002598196488179383,14640.726876497269,10000,ppo,ppo,crawler,flat,obs_dth_tot_direct,,,,,,,,,,,,,,,-1.2549252109780964e-05,0,781,0.0,0.0,,,,,,,,,,,,,,,,,,,,,,,,,,,,,,,,,,,,,,,,,,,,,,,,,,,,,,,,,,,,,,,,,,,,,,,,,,nan,,,,,,,,,,,,,,,
1399,-0.47784939408302307,-4.778488346346421e-06,-0.0004778488346346421,14650.116990804672,10000,ppo,ppo,crawler,flat,obs_dth_tot_direct,,,,,,,,,,,,,,,-5.882762839943743e-06,0,781,0.0,0.0,,,,,,,,,,,,,,,,,,,,,,,,,,,,,,,,,,,,,,,,,,,,,,,,,,,,,,,,,,,,,,,,,,,,,,,,,,nan,,,,,,,,,,,,,,,
1400,0.12763257324695587,1.2763359791279072e-06,0.00012763359791279072,14659.329064130783,10000,ppo,ppo,crawler,flat,obs_dth_tot_direct,,,,,,,,,,,,,,,-8.066525150963347e-05,0,781,0.0,0.0,,,,,,,,,,,,,,,,,,,,,,,,,,,,,,,,,,,,,,,,,,,,,,,,,,,,,,,,,,,,,,,,,,,,,,,,,,nan,,,,,,,,,,,,,,,
1401,0.6965489387512207,6.965525244595483e-06,0.0006965525244595483,14668.947580099106,10000,ppo,ppo,crawler,flat,obs_dth_tot_direct,,,,,,,,,,,,,,,-0.03153542647431587,0,781,0.0,0.0,,,,,,,,,,,,,,,,,,,,,,,,,,,,,,,,,,,,,,,,,,,,,,,,,,,,,,,,,,,,,,,,,,,,,,,,,,nan,,,,,,,,,,,,,,,
1402,-1.6430186033248901,-1.643018731556367e-05,-0.0016430187315563671,14678.488293886185,10000,ppo,ppo,crawler,flat,obs_dth_tot_direct,,,,,,,,,,,,,,,0.0,0,781,0.0,0.0,,,,,,,,,,,,,,,,,,,,,,,,,,,,,,,,,,,,,,,,,,,,,,,,,,,,,,,,,,,,,,,,,,,,,,,,,,nan,,,,,,,,,,,,,,,
1403,0.24750156700611115,2.475037945259828e-06,0.0002475037945259828,14688.081923246384,10000,ppo,ppo,crawler,flat,obs_dth_tot_direct,,,,,,,,,,,,,,,-6.021298802005802e-05,0,781,0.0,0.0,,,,,,,,,,,,,,,,,,,,,,,,,,,,,,,,,,,,,,,,,,,,,,,,,,,,,,,,,,,,,,,,,,,,,,,,,,nan,,,,,,,,,,,,,,,
1404,-0.7420840859413147,-7.4208437581546605e-06,-0.000742084375815466,14697.790661334991,10000,ppo,ppo,crawler,flat,obs_dth_tot_direct,,,,,,,,,,,,,,,-3.337482093009387e-06,0,781,0.0,0.0,,,,,,,,,,,,,,,,,,,,,,,,,,,,,,,,,,,,,,,,,,,,,,,,,,,,,,,,,,,,,,,,,,,,,,,,,,nan,,,,,,,,,,,,,,,
1405,1.1287097930908203,1.128714757214766e-05,0.001128714757214766,14707.671517133713,10000,ppo,ppo,crawler,flat,obs_dth_tot_direct,,,,,,,,,,,,,,,-4.2609498381767325e-05,0,781,0.0,0.0,,,,,,,,,,,,,,,,,,,,,,,,,,,,,,,,,,,,,,,,,,,,,,,,,,,,,,,,,,,,,,,,,,,,,,,,,,nan,,,,,,,,,,,,,,,
1406,0.24462662637233734,2.446294502078672e-06,0.0002446294502078672,14716.91756772995,10000,ppo,ppo,crawler,flat,obs_dth_tot_direct,,,,,,,,,,,,,,,-0.005221519942387042,0,781,0.0,0.0,,,,,,,,,,,,,,,,,,,,,,,,,,,,,,,,,,,,,,,,,,,,,,,,,,,,,,,,,,,,,,,,,,,,,,,,,,nan,,,,,,,,,,,,,,,
1407,-0.1868986189365387,-1.8690218439587625e-06,-0.00018690218439587625,14726.433363437653,10000,ppo,ppo,crawler,flat,obs_dth_tot_direct,,,,,,,,,,,,,,,0.0,0,781,0.0,0.0,,,,,,,,,,,,,,,,,,,,,,,,,,,,,,,,,,,,,,,,,,,,,,,,,,,,,,,,,,,,,,,,,,,,,,,,,,nan,,,,,,,,,,,,,,,
1408,0.28293508291244507,2.8293834475334734e-06,0.00028293834475334734,14736.129085302353,10000,ppo,ppo,crawler,flat,obs_dth_tot_direct,,,,,,,,,,,,,,,-0.020307740202548028,0,781,0.0,0.0,,,,,,,,,,,,,,,,,,,,,,,,,,,,,,,,,,,,,,,,,,,,,,,,,,,,,,,,,,,,,,,,,,,,,,,,,,nan,,,,,,,,,,,,,,,
1409,0.4819364547729492,4.819378773390781e-06,0.0004819378773390781,14746.057163000107,10000,ppo,ppo,crawler,flat,obs_dth_tot_direct,,,,,,,,,,,,,,,0.0,0,781,0.0,0.0,,,,,,,,,,,,,,,,,,,,,,,,,,,,,,,,,,,,,,,,,,,,,,,,,,,,,,,,,,,,,,,,,,,,,,,,,,nan,,,,,,,,,,,,,,,
1410,-0.13165317475795746,-1.3165299606043845e-06,-0.00013165299606043845,14755.488073825836,10000,ppo,ppo,crawler,flat,obs_dth_tot_direct,,,,,,,,,,,,,,,-0.007290201149546993,0,781,0.0,0.0,,,,,,,,,,,,,,,,,,,,,,,,,,,,,,,,,,,,,,,,,,,,,,,,,,,,,,,,,,,,,,,,,,,,,,,,,,nan,,,,,,,,,,,,,,,
1411,-2.037022113800049,-2.037020203715656e-05,-0.002037020203715656,14764.967782974243,10000,ppo,ppo,crawler,flat,obs_dth_tot_direct,,,,,,,,,,,,,,,0.0,0,781,0.0,0.0,,,,,,,,,,,,,,,,,,,,,,,,,,,,,,,,,,,,,,,,,,,,,,,,,,,,,,,,,,,,,,,,,,,,,,,,,,nan,,,,,,,,,,,,,,,
1412,-1.837384819984436,-1.837382478697691e-05,-0.0018373824786976911,14774.996259689331,10000,ppo,ppo,crawler,flat,obs_dth_tot_direct,,,,,,,,,,,,,,,-2.9702662524890046e-05,0,781,0.0,0.0,,,,,,,,,,,,,,,,,,,,,,,,,,,,,,,,,,,,,,,,,,,,,,,,,,,,,,,,,,,,,,,,,,,,,,,,,,nan,,,,,,,,,,,,,,,
1413,1.5229244232177734,1.5229269592964556e-05,0.0015229269592964556,14784.769326210022,10000,ppo,ppo,crawler,flat,obs_dth_tot_direct,,,,,,,,,,,,,,,-4.2052121496689e-05,0,781,0.0,0.0,,,,,,,,,,,,,,,,,,,,,,,,,,,,,,,,,,,,,,,,,,,,,,,,,,,,,,,,,,,,,,,,,,,,,,,,,,nan,,,,,,,,,,,,,,,
1414,-1.0970264673233032,-1.09702432382619e-05,-0.00109702432382619,14794.297291994095,10000,ppo,ppo,crawler,flat,obs_dth_tot_direct,,,,,,,,,,,,,,,0.0,0,781,0.0,0.0,,,,,,,,,,,,,,,,,,,,,,,,,,,,,,,,,,,,,,,,,,,,,,,,,,,,,,,,,,,,,,,,,,,,,,,,,,nan,,,,,,,,,,,,,,,
1415,-1.3390344381332397,-1.3390336789598223e-05,-0.0013390336789598223,14803.770714044571,10000,ppo,ppo,crawler,flat,obs_dth_tot_direct,,,,,,,,,,,,,,,-2.7053127310950685e-05,0,781,0.0,0.0,,,,,,,,,,,,,,,,,,,,,,,,,,,,,,,,,,,,,,,,,,,,,,,,,,,,,,,,,,,,,,,,,,,,,,,,,,nan,,,,,,,,,,,,,,,
1416,-0.029358113184571266,-2.935610154963797e-07,-2.935610154963797e-05,14813.286681890488,10000,ppo,ppo,crawler,flat,obs_dth_tot_direct,,,,,,,,,,,,,,,-0.014608608118750909,0,781,0.0,0.0,,,,,,,,,,,,,,,,,,,,,,,,,,,,,,,,,,,,,,,,,,,,,,,,,,,,,,,,,,,,,,,,,,,,,,,,,,nan,,,,,,,,,,,,,,,
1417,0.05426817014813423,5.42680879789259e-07,5.4268087978925905e-05,14822.710817813873,10000,ppo,ppo,crawler,flat,obs_dth_tot_direct,,,,,,,,,,,,,,,-4.132712324282272e-06,0,781,0.0,0.0,,,,,,,,,,,,,,,,,,,,,,,,,,,,,,,,,,,,,,,,,,,,,,,,,,,,,,,,,,,,,,,,,,,,,,,,,,nan,,,,,,,,,,,,,,,
1418,-0.8996151089668274,-8.996115866466425e-06,-0.0008996115866466425,14832.341866254807,10000,ppo,ppo,crawler,flat,obs_dth_tot_direct,,,,,,,,,,,,,,,-0.00592034263118968,0,781,0.0,0.0,,,,,,,,,,,,,,,,,,,,,,,,,,,,,,,,,,,,,,,,,,,,,,,,,,,,,,,,,,,,,,,,,,,,,,,,,,nan,,,,,,,,,,,,,,,
1419,-1.1007225513458252,-1.1007202374457847e-05,-0.0011007202374457847,14842.301057577133,10000,ppo,ppo,crawler,flat,obs_dth_tot_direct,,,,,,,,,,,,,,,0.0,0,781,0.0,0.0,,,,,,,,,,,,,,,,,,,,,,,,,,,,,,,,,,,,,,,,,,,,,,,,,,,,,,,,,,,,,,,,,,,,,,,,,,nan,,,,,,,,,,,,,,,
1420,-0.7733538746833801,-7.733518032182474e-06,-0.0007733518032182474,14851.84455871582,10000,ppo,ppo,crawler,flat,obs_dth_tot_direct,,,,,,,,,,,,,,,-0.005282514869317737,0,781,0.0,0.0,,,,,,,,,,,,,,,,,,,,,,,,,,,,,,,,,,,,,,,,,,,,,,,,,,,,,,,,,,,,,,,,,,,,,,,,,,nan,,,,,,,,,,,,,,,
1421,0.04319171980023384,4.318909532230464e-07,4.318909532230464e-05,14861.358113765717,10000,ppo,ppo,crawler,flat,obs_dth_tot_direct,,,,,,,,,,,,,,,0.0,0,781,0.0,0.0,,,,,,,,,,,,,,,,,,,,,,,,,,,,,,,,,,,,,,,,,,,,,,,,,,,,,,,,,,,,,,,,,,,,,,,,,,nan,,,,,,,,,,,,,,,
1422,0.6532213091850281,6.532276984216878e-06,0.0006532276984216878,14870.858409166336,10000,ppo,ppo,crawler,flat,obs_dth_tot_direct,,,,,,,,,,,,,,,-2.7269625824025896e-06,0,781,0.0,0.0,,,,,,,,,,,,,,,,,,,,,,,,,,,,,,,,,,,,,,,,,,,,,,,,,,,,,,,,,,,,,,,,,,,,,,,,,,nan,,,,,,,,,,,,,,,
1423,-0.10058019310235977,-1.0057659665108076e-06,-0.00010057659665108076,14880.787395000458,10000,ppo,ppo,crawler,flat,obs_dth_tot_direct,,,,,,,,,,,,,,,-0.0022498342648587365,0,781,0.0,0.0,,,,,,,,,,,,,,,,,,,,,,,,,,,,,,,,,,,,,,,,,,,,,,,,,,,,,,,,,,,,,,,,,,,,,,,,,,nan,,,,,,,,,,,,,,,
1424,1.901911973953247,1.901917130453512e-05,0.001901917130453512,14890.010546922684,10000,ppo,ppo,crawler,flat,obs_dth_tot_direct,,,,,,,,,,,,,,,0.0,0,781,0.0,0.0,,,,,,,,,,,,,,,,,,,,,,,,,,,,,,,,,,,,,,,,,,,,,,,,,,,,,,,,,,,,,,,,,,,,,,,,,,nan,,,,,,,,,,,,,,,
1425,-1.059421420097351,-1.0594196282909252e-05,-0.0010594196282909252,14899.480779886246,10000,ppo,ppo,crawler,flat,obs_dth_tot_direct,,,,,,,,,,,,,,,-3.44757634607381e-05,0,781,0.0,0.0,,,,,,,,,,,,,,,,,,,,,,,,,,,,,,,,,,,,,,,,,,,,,,,,,,,,,,,,,,,,,,,,,,,,,,,,,,nan,,,,,,,,,,,,,,,
1426,-0.8069707155227661,-8.069671821431257e-06,-0.0008069671821431257,14908.695175409317,10000,ppo,ppo,crawler,flat,obs_dth_tot_direct,,,,,,,,,,,,,,,-3.962748935601165e-05,0,781,0.0,0.0,,,,,,,,,,,,,,,,,,,,,,,,,,,,,,,,,,,,,,,,,,,,,,,,,,,,,,,,,,,,,,,,,,,,,,,,,,nan,,,,,,,,,,,,,,,
1427,0.1695873737335205,1.695863829809241e-06,0.0001695863829809241,14918.066917181015,10000,ppo,ppo,crawler,flat,obs_dth_tot_direct,,,,,,,,,,,,,,,6.663157019129788e-05,0,781,0.0,0.0,,,,,,,,,,,,,,,,,,,,,,,,,,,,,,,,,,,,,,,,,,,,,,,,,,,,,,,,,,,,,,,,,,,,,,,,,,nan,,,,,,,,,,,,,,,
1428,1.7280601263046265,1.7280628526350483e-05,0.0017280628526350483,14927.335220336914,10000,ppo,ppo,crawler,flat,obs_dth_tot_direct,,,,,,,,,,,,,,,-4.8495237638031475e-05,0,781,0.0,0.0,,,,,,,,,,,,,,,,,,,,,,,,,,,,,,,,,,,,,,,,,,,,,,,,,,,,,,,,,,,,,,,,,,,,,,,,,,nan,,,,,,,,,,,,,,,
1429,-0.7185604572296143,-7.1856111389934085e-06,-0.0007185611138993409,14936.796728372574,10000,ppo,ppo,crawler,flat,obs_dth_tot_direct,,,,,,,,,,,,,,,-0.000309181225542146,0,781,0.0,0.0,,,,,,,,,,,,,,,,,,,,,,,,,,,,,,,,,,,,,,,,,,,,,,,,,,,,,,,,,,,,,,,,,,,,,,,,,,nan,,,,,,,,,,,,,,,
1430,0.6431291103363037,6.431315796362469e-06,0.0006431315796362469,14946.363164186478,10000,ppo,ppo,crawler,flat,obs_dth_tot_direct,,,,,,,,,,,,,,,-4.722198969881299e-10,0,781,0.0,0.0,,,,,,,,,,,,,,,,,,,,,,,,,,,,,,,,,,,,,,,,,,,,,,,,,,,,,,,,,,,,,,,,,,,,,,,,,,nan,,,,,,,,,,,,,,,
1431,0.26188403367996216,2.618892040118226e-06,0.0002618892040118226,14955.75188922882,10000,ppo,ppo,crawler,flat,obs_dth_tot_direct,,,,,,,,,,,,,,,-7.003913043250501e-06,0,781,0.0,0.0,,,,,,,,,,,,,,,,,,,,,,,,,,,,,,,,,,,,,,,,,,,,,,,,,,,,,,,,,,,,,,,,,,,,,,,,,,nan,,,,,,,,,,,,,,,
1432,0.1956532895565033,1.9565468392102048e-06,0.00019565468392102048,14965.035400390625,10000,ppo,ppo,crawler,flat,obs_dth_tot_direct,,,,,,,,,,,,,,,-8.130744195014964e-06,0,781,0.0,0.0,,,,,,,,,,,,,,,,,,,,,,,,,,,,,,,,,,,,,,,,,,,,,,,,,,,,,,,,,,,,,,,,,,,,,,,,,,nan,,,,,,,,,,,,,,,
1433,-0.6036297678947449,-6.036299510014942e-06,-0.0006036299510014942,14974.322006225586,10000,ppo,ppo,crawler,flat,obs_dth_tot_direct,,,,,,,,,,,,,,,-1.7645000867669622e-05,0,781,0.0,0.0,,,,,,,,,,,,,,,,,,,,,,,,,,,,,,,,,,,,,,,,,,,,,,,,,,,,,,,,,,,,,,,,,,,,,,,,,,nan,,,,,,,,,,,,,,,
1434,0.6268259286880493,6.268255219765706e-06,0.0006268255219765706,14983.838932991028,10000,ppo,ppo,crawler,flat,obs_dth_tot_direct,,,,,,,,,,,,,,,-3.7165327658268614e-06,0,781,0.0,0.0,,,,,,,,,,,,,,,,,,,,,,,,,,,,,,,,,,,,,,,,,,,,,,,,,,,,,,,,,,,,,,,,,,,,,,,,,,nan,,,,,,,,,,,,,,,
1435,0.6718295812606812,6.7183268583903555e-06,0.0006718326858390355,14993.001732587814,10000,ppo,ppo,crawler,flat,obs_dth_tot_direct,,,,,,,,,,,,,,,4.077447094166324e-06,0,781,0.0,0.0,,,,,,,,,,,,,,,,,,,,,,,,,,,,,,,,,,,,,,,,,,,,,,,,,,,,,,,,,,,,,,,,,,,,,,,,,,nan,,,,,,,,,,,,,,,
1436,-0.5349674820899963,-5.349667389964452e-06,-0.0005349667389964452,15002.200716018677,10000,ppo,ppo,crawler,flat,obs_dth_tot_direct,,,,,,,,,,,,,,,1.1606234937868105e-06,0,781,0.0,0.0,,,,,,,,,,,,,,,,,,,,,,,,,,,,,,,,,,,,,,,,,,,,,,,,,,,,,,,,,,,,,,,,,,,,,,,,,,nan,,,,,,,,,,,,,,,
1437,0.9384541511535645,9.384609256812837e-06,0.0009384609256812837,15011.550482034683,10000,ppo,ppo,crawler,flat,obs_dth_tot_direct,,,,,,,,,,,,,,,-5.7689205203181496e-05,0,781,0.0,0.0,,,,,,,,,,,,,,,,,,,,,,,,,,,,,,,,,,,,,,,,,,,,,,,,,,,,,,,,,,,,,,,,,,,,,,,,,,nan,,,,,,,,,,,,,,,
1438,0.13326621055603027,1.3326776979738497e-06,0.00013326776979738497,15020.954013109207,10000,ppo,ppo,crawler,flat,obs_dth_tot_direct,,,,,,,,,,,,,,,-0.00039864965284030964,0,781,0.0,0.0,,,,,,,,,,,,,,,,,,,,,,,,,,,,,,,,,,,,,,,,,,,,,,,,,,,,,,,,,,,,,,,,,,,,,,,,,,nan,,,,,,,,,,,,,,,
1439,-0.40011999011039734,-4.001181423518574e-06,-0.0004001181423518574,15030.082636594772,10000,ppo,ppo,crawler,flat,obs_dth_tot_direct,,,,,,,,,,,,,,,-6.493805846850484e-06,0,781,0.0,0.0,,,,,,,,,,,,,,,,,,,,,,,,,,,,,,,,,,,,,,,,,,,,,,,,,,,,,,,,,,,,,,,,,,,,,,,,,,nan,,,,,,,,,,,,,,,
1440,1.2990955114364624,1.2990990398975555e-05,0.0012990990398975555,15039.39584684372,10000,ppo,ppo,crawler,flat,obs_dth_tot_direct,,,,,,,,,,,,,,,-0.0003490435691710166,0,781,0.0,0.0,,,,,,,,,,,,,,,,,,,,,,,,,,,,,,,,,,,,,,,,,,,,,,,,,,,,,,,,,,,,,,,,,,,,,,,,,,nan,,,,,,,,,,,,,,,
1441,0.2429029494524002,2.4290675355587155e-06,0.00024290675355587155,15048.834628105164,10000,ppo,ppo,crawler,flat,obs_dth_tot_direct,,,,,,,,,,,,,,,0.0,0,781,0.0,0.0,,,,,,,,,,,,,,,,,,,,,,,,,,,,,,,,,,,,,,,,,,,,,,,,,,,,,,,,,,,,,,,,,,,,,,,,,,nan,,,,,,,,,,,,,,,
1442,0.21955470740795135,2.1955545435048407e-06,0.00021955545435048407,15057.833723783493,10000,ppo,ppo,crawler,flat,obs_dth_tot_direct,,,,,,,,,,,,,,,-2.64611209667599e-05,0,781,0.0,0.0,,,,,,,,,,,,,,,,,,,,,,,,,,,,,,,,,,,,,,,,,,,,,,,,,,,,,,,,,,,,,,,,,,,,,,,,,,nan,,,,,,,,,,,,,,,
1443,-0.3123796880245209,-3.123751412204001e-06,-0.0003123751412204001,15066.878469944,10000,ppo,ppo,crawler,flat,obs_dth_tot_direct,,,,,,,,,,,,,,,0.0,0,781,0.0,0.0,,,,,,,,,,,,,,,,,,,,,,,,,,,,,,,,,,,,,,,,,,,,,,,,,,,,,,,,,,,,,,,,,,,,,,,,,,nan,,,,,,,,,,,,,,,
1444,-0.559888482093811,-5.598843927145936e-06,-0.0005598843927145936,15075.970687150955,10000,ppo,ppo,crawler,flat,obs_dth_tot_direct,,,,,,,,,,,,,,,-0.00012928972953260326,0,781,0.0,0.0,,,,,,,,,,,,,,,,,,,,,,,,,,,,,,,,,,,,,,,,,,,,,,,,,,,,,,,,,,,,,,,,,,,,,,,,,,nan,,,,,,,,,,,,,,,
1445,-0.583587646484375,-5.83583232582896e-06,-0.000583583232582896,15085.22268986702,10000,ppo,ppo,crawler,flat,obs_dth_tot_direct,,,,,,,,,,,,,,,0.0,0,781,0.0,0.0,,,,,,,,,,,,,,,,,,,,,,,,,,,,,,,,,,,,,,,,,,,,,,,,,,,,,,,,,,,,,,,,,,,,,,,,,,nan,,,,,,,,,,,,,,,
1446,-0.7101967930793762,-7.1019439928932115e-06,-0.0007101943992893212,15094.221681118011,10000,ppo,ppo,crawler,flat,obs_dth_tot_direct,,,,,,,,,,,,,,,-2.9933527970588774e-05,0,781,0.0,0.0,,,,,,,,,,,,,,,,,,,,,,,,,,,,,,,,,,,,,,,,,,,,,,,,,,,,,,,,,,,,,,,,,,,,,,,,,,nan,,,,,,,,,,,,,,,
1447,1.0915005207061768,1.0915005987044424e-05,0.0010915005987044424,15103.043339014053,10000,ppo,ppo,crawler,flat,obs_dth_tot_direct,,,,,,,,,,,,,,,0.0,0,781,0.0,0.0,,,,,,,,,,,,,,,,,,,,,,,,,,,,,,,,,,,,,,,,,,,,,,,,,,,,,,,,,,,,,,,,,,,,,,,,,,nan,,,,,,,,,,,,,,,
1448,-0.44334298372268677,-4.433408321347088e-06,-0.00044334083213470876,15112.200299024582,10000,ppo,ppo,crawler,flat,obs_dth_tot_direct,,,,,,,,,,,,,,,-0.005958293645705899,0,781,0.0,0.0,,,,,,,,,,,,,,,,,,,,,,,,,,,,,,,,,,,,,,,,,,,,,,,,,,,,,,,,,,,,,,,,,,,,,,,,,,nan,,,,,,,,,,,,,,,
1449,-0.6453471183776855,-6.453476544265868e-06,-0.0006453476544265868,15121.004849910736,10000,ppo,ppo,crawler,flat,obs_dth_tot_direct,,,,,,,,,,,,,,,0.0,0,781,0.0,0.0,,,,,,,,,,,,,,,,,,,,,,,,,,,,,,,,,,,,,,,,,,,,,,,,,,,,,,,,,,,,,,,,,,,,,,,,,,nan,,,,,,,,,,,,,,,
1450,0.27990612387657166,2.7990606668026885e-06,0.00027990606668026885,15129.878745794296,10000,ppo,ppo,crawler,flat,obs_dth_tot_direct,,,,,,,,,,,,,,,-0.004054377970456238,0,781,0.0,0.0,,,,,,,,,,,,,,,,,,,,,,,,,,,,,,,,,,,,,,,,,,,,,,,,,,,,,,,,,,,,,,,,,,,,,,,,,,nan,,,,,,,,,,,,,,,
1451,-0.6933570504188538,-6.933595614100341e-06,-0.0006933595614100341,15139.0053088665,10000,ppo,ppo,crawler,flat,obs_dth_tot_direct,,,,,,,,,,,,,,,-1.3438209643284582e-06,0,781,0.0,0.0,,,,,,,,,,,,,,,,,,,,,,,,,,,,,,,,,,,,,,,,,,,,,,,,,,,,,,,,,,,,,,,,,,,,,,,,,,nan,,,,,,,,,,,,,,,
1452,-0.07255621254444122,-7.255578111653449e-07,-7.255578111653449e-05,15147.989001750946,10000,ppo,ppo,crawler,flat,obs_dth_tot_direct,,,,,,,,,,,,,,,-0.018748853669266922,0,781,0.0,0.0,,,,,,,,,,,,,,,,,,,,,,,,,,,,,,,,,,,,,,,,,,,,,,,,,,,,,,,,,,,,,,,,,,,,,,,,,,nan,,,,,,,,,,,,,,,
1453,-0.3316991925239563,-3.316998800073634e-06,-0.0003316998800073634,15156.651759147644,10000,ppo,ppo,crawler,flat,obs_dth_tot_direct,,,,,,,,,,,,,,,0.0,0,781,0.0,0.0,,,,,,,,,,,,,,,,,,,,,,,,,,,,,,,,,,,,,,,,,,,,,,,,,,,,,,,,,,,,,,,,,,,,,,,,,,nan,,,,,,,,,,,,,,,
1454,-0.7628399133682251,-7.628410912730033e-06,-0.0007628410912730033,15165.431380748749,10000,ppo,ppo,crawler,flat,obs_dth_tot_direct,,,,,,,,,,,,,,,-0.024295456940010094,0,781,0.0,0.0,,,,,,,,,,,,,,,,,,,,,,,,,,,,,,,,,,,,,,,,,,,,,,,,,,,,,,,,,,,,,,,,,,,,,,,,,,nan,,,,,,,,,,,,,,,
1455,0.8252936601638794,8.252961379184853e-06,0.0008252961379184853,15174.48417043686,10000,ppo,ppo,crawler,flat,obs_dth_tot_direct,,,,,,,,,,,,,,,0.0,0,781,0.0,0.0,,,,,,,,,,,,,,,,,,,,,,,,,,,,,,,,,,,,,,,,,,,,,,,,,,,,,,,,,,,,,,,,,,,,,,,,,,nan,,,,,,,,,,,,,,,
1456,0.1646271049976349,1.6462738585687475e-06,0.00016462738585687475,15183.654052734375,10000,ppo,ppo,crawler,flat,obs_dth_tot_direct,,,,,,,,,,,,,,,-2.384948974687525e-12,0,781,0.0,0.0,,,,,,,,,,,,,,,,,,,,,,,,,,,,,,,,,,,,,,,,,,,,,,,,,,,,,,,,,,,,,,,,,,,,,,,,,,nan,,,,,,,,,,,,,,,
1457,-0.10639514774084091,-1.06391200915823e-06,-0.00010639120091582299,15192.700408935547,10000,ppo,ppo,crawler,flat,obs_dth_tot_direct,,,,,,,,,,,,,,,-0.0001128151268720932,0,781,0.0,0.0,,,,,,,,,,,,,,,,,,,,,,,,,,,,,,,,,,,,,,,,,,,,,,,,,,,,,,,,,,,,,,,,,,,,,,,,,,nan,,,,,,,,,,,,,,,
1458,0.654076337814331,6.540797585330438e-06,0.0006540797585330438,15201.645912408829,10000,ppo,ppo,crawler,flat,obs_dth_tot_direct,,,,,,,,,,,,,,,-0.018917310472563502,0,781,0.0,0.0,,,,,,,,,,,,,,,,,,,,,,,,,,,,,,,,,,,,,,,,,,,,,,,,,,,,,,,,,,,,,,,,,,,,,,,,,,nan,,,,,,,,,,,,,,,
1459,0.007728624623268843,7.728235829063124e-08,7.728235829063124e-06,15210.749036312103,10000,ppo,ppo,crawler,flat,obs_dth_tot_direct,,,,,,,,,,,,,,,-2.468453670128054e-05,0,781,0.0,0.0,,,,,,,,,,,,,,,,,,,,,,,,,,,,,,,,,,,,,,,,,,,,,,,,,,,,,,,,,,,,,,,,,,,,,,,,,,nan,,,,,,,,,,,,,,,
1460,0.7970831990242004,7.97087159298826e-06,0.000797087159298826,15220.060921669006,10000,ppo,ppo,crawler,flat,obs_dth_tot_direct,,,,,,,,,,,,,,,-0.0001822956819826601,0,781,0.0,0.0,,,,,,,,,,,,,,,,,,,,,,,,,,,,,,,,,,,,,,,,,,,,,,,,,,,,,,,,,,,,,,,,,,,,,,,,,,nan,,,,,,,,,,,,,,,
1461,-0.11127543449401855,-1.112736413233506e-06,-0.0001112736413233506,15229.179371356964,10000,ppo,ppo,crawler,flat,obs_dth_tot_direct,,,,,,,,,,,,,,,0.0,0,781,0.0,0.0,,,,,,,,,,,,,,,,,,,,,,,,,,,,,,,,,,,,,,,,,,,,,,,,,,,,,,,,,,,,,,,,,,,,,,,,,,nan,,,,,,,,,,,,,,,
1462,0.04671340063214302,4.671708495607163e-07,4.671708495607163e-05,15238.414455652237,10000,ppo,ppo,crawler,flat,obs_dth_tot_direct,,,,,,,,,,,,,,,-4.3101487120806636e-05,0,781,0.0,0.0,,,,,,,,,,,,,,,,,,,,,,,,,,,,,,,,,,,,,,,,,,,,,,,,,,,,,,,,,,,,,,,,,,,,,,,,,,nan,,,,,,,,,,,,,,,
1463,-0.3271389901638031,-3.2713746804802213e-06,-0.00032713746804802213,15247.534703731537,10000,ppo,ppo,crawler,flat,obs_dth_tot_direct,,,,,,,,,,,,,,,-1.3737687686036093e-06,0,781,0.0,0.0,,,,,,,,,,,,,,,,,,,,,,,,,,,,,,,,,,,,,,,,,,,,,,,,,,,,,,,,,,,,,,,,,,,,,,,,,,nan,,,,,,,,,,,,,,,
1464,0.991637647151947,9.916400813381188e-06,0.0009916400813381188,15256.630596399307,10000,ppo,ppo,crawler,flat,obs_dth_tot_direct,,,,,,,,,,,,,,,-0.00012034317538161283,0,781,0.0,0.0,,,,,,,,,,,,,,,,,,,,,,,,,,,,,,,,,,,,,,,,,,,,,,,,,,,,,,,,,,,,,,,,,,,,,,,,,,nan,,,,,,,,,,,,,,,
1465,-0.716224730014801,-7.162231213442283e-06,-0.0007162231213442283,15266.036458969116,10000,ppo,ppo,crawler,flat,obs_dth_tot_direct,,,,,,,,,,,,,,,-2.8617936454799204e-05,0,781,0.0,0.0,,,,,,,,,,,,,,,,,,,,,,,,,,,,,,,,,,,,,,,,,,,,,,,,,,,,,,,,,,,,,,,,,,,,,,,,,,nan,,,,,,,,,,,,,,,
1466,-0.7520380020141602,-7.520370218117023e-06,-0.0007520370218117023,15275.144048690796,10000,ppo,ppo,crawler,flat,obs_dth_tot_direct,,,,,,,,,,,,,,,-2.5304186989036932e-05,0,781,0.0,0.0,,,,,,,,,,,,,,,,,,,,,,,,,,,,,,,,,,,,,,,,,,,,,,,,,,,,,,,,,,,,,,,,,,,,,,,,,,nan,,,,,,,,,,,,,,,
1467,0.20990072190761566,2.0990137272747234e-06,0.00020990137272747234,15284.547667741776,10000,ppo,ppo,crawler,flat,obs_dth_tot_direct,,,,,,,,,,,,,,,-4.380135397485215e-05,0,781,0.0,0.0,,,,,,,,,,,,,,,,,,,,,,,,,,,,,,,,,,,,,,,,,,,,,,,,,,,,,,,,,,,,,,,,,,,,,,,,,,nan,,,,,,,,,,,,,,,
1468,0.07296190410852432,7.296387707356189e-07,7.296387707356189e-05,15293.888278961182,10000,ppo,ppo,crawler,flat,obs_dth_tot_direct,,,,,,,,,,,,,,,-2.7401271430005185e-05,0,781,0.0,0.0,,,,,,,,,,,,,,,,,,,,,,,,,,,,,,,,,,,,,,,,,,,,,,,,,,,,,,,,,,,,,,,,,,,,,,,,,,nan,,,,,,,,,,,,,,,
1469,-0.2915351688861847,-2.915317281804164e-06,-0.0002915317281804164,15303.210530996323,10000,ppo,ppo,crawler,flat,obs_dth_tot_direct,,,,,,,,,,,,,,,3.718729900069792e-05,0,781,0.0,0.0,,,,,,,,,,,,,,,,,,,,,,,,,,,,,,,,,,,,,,,,,,,,,,,,,,,,,,,,,,,,,,,,,,,,,,,,,,nan,,,,,,,,,,,,,,,
1470,1.181714653968811,1.18171383292065e-05,0.00118171383292065,15312.255762577057,10000,ppo,ppo,crawler,flat,obs_dth_tot_direct,,,,,,,,,,,,,,,-4.941876619939768e-05,0,781,0.0,0.0,,,,,,,,,,,,,,,,,,,,,,,,,,,,,,,,,,,,,,,,,,,,,,,,,,,,,,,,,,,,,,,,,,,,,,,,,,nan,,,,,,,,,,,,,,,
1471,-1.0245920419692993,-1.0245908924844116e-05,-0.0010245908924844116,15321.879402637482,10000,ppo,ppo,crawler,flat,obs_dth_tot_direct,,,,,,,,,,,,,,,-0.00013579814676934718,0,781,0.0,0.0,,,,,,,,,,,,,,,,,,,,,,,,,,,,,,,,,,,,,,,,,,,,,,,,,,,,,,,,,,,,,,,,,,,,,,,,,,nan,,,,,,,,,,,,,,,
1472,-0.8455557823181152,-8.455567694909405e-06,-0.0008455567694909405,15331.080825328827,10000,ppo,ppo,crawler,flat,obs_dth_tot_direct,,,,,,,,,,,,,,,-1.018354013352327e-05,0,781,0.0,0.0,,,,,,,,,,,,,,,,,,,,,,,,,,,,,,,,,,,,,,,,,,,,,,,,,,,,,,,,,,,,,,,,,,,,,,,,,,nan,,,,,,,,,,,,,,,
1473,2.146808385848999,2.14681240322534e-05,0.00214681240322534,15340.203489542007,10000,ppo,ppo,crawler,flat,obs_dth_tot_direct,,,,,,,,,,,,,,,-0.004155335286047868,0,781,0.0,0.0,,,,,,,,,,,,,,,,,,,,,,,,,,,,,,,,,,,,,,,,,,,,,,,,,,,,,,,,,,,,,,,,,,,,,,,,,,nan,,,,,,,,,,,,,,,
1474,-0.4098369777202606,-4.098377303307643e-06,-0.0004098377303307643,15349.676784992218,10000,ppo,ppo,crawler,flat,obs_dth_tot_direct,,,,,,,,,,,,,,,0.0,0,781,0.0,0.0,,,,,,,,,,,,,,,,,,,,,,,,,,,,,,,,,,,,,,,,,,,,,,,,,,,,,,,,,,,,,,,,,,,,,,,,,,nan,,,,,,,,,,,,,,,
1475,1.1116573810577393,1.1116592759208288e-05,0.0011116592759208288,15358.940968990326,10000,ppo,ppo,crawler,flat,obs_dth_tot_direct,,,,,,,,,,,,,,,-4.981425036312523e-06,0,781,0.0,0.0,,,,,,,,,,,,,,,,,,,,,,,,,,,,,,,,,,,,,,,,,,,,,,,,,,,,,,,,,,,,,,,,,,,,,,,,,,nan,,,,,,,,,,,,,,,
1476,-0.7458909153938293,-7.4588938332453836e-06,-0.0007458893833245384,15368.271575927734,10000,ppo,ppo,crawler,flat,obs_dth_tot_direct,,,,,,,,,,,,,,,-0.009046922062217197,0,781,0.0,0.0,,,,,,,,,,,,,,,,,,,,,,,,,,,,,,,,,,,,,,,,,,,,,,,,,,,,,,,,,,,,,,,,,,,,,,,,,,nan,,,,,,,,,,,,,,,
1477,-1.3626554012298584,-1.3626542568090372e-05,-0.0013626542568090372,15377.36312842369,10000,ppo,ppo,crawler,flat,obs_dth_tot_direct,,,,,,,,,,,,,,,0.0,0,781,0.0,0.0,,,,,,,,,,,,,,,,,,,,,,,,,,,,,,,,,,,,,,,,,,,,,,,,,,,,,,,,,,,,,,,,,,,,,,,,,,nan,,,,,,,,,,,,,,,
1478,0.07774891704320908,7.774984851494082e-07,7.774984851494082e-05,15387.005336046219,10000,ppo,ppo,crawler,flat,obs_dth_tot_direct,,,,,,,,,,,,,,,-0.003608748867688045,0,781,0.0,0.0,,,,,,,,,,,,,,,,,,,,,,,,,,,,,,,,,,,,,,,,,,,,,,,,,,,,,,,,,,,,,,,,,,,,,,,,,,nan,,,,,,,,,,,,,,,
1479,0.11627715080976486,1.1627691947069252e-06,0.00011627691947069252,15396.48795747757,10000,ppo,ppo,crawler,flat,obs_dth_tot_direct,,,,,,,,,,,,,,,0.0,0,781,0.0,0.0,,,,,,,,,,,,,,,,,,,,,,,,,,,,,,,,,,,,,,,,,,,,,,,,,,,,,,,,,,,,,,,,,,,,,,,,,,nan,,,,,,,,,,,,,,,
1480,-0.8247951865196228,-8.247943696915172e-06,-0.0008247943696915172,15405.848862409592,10000,ppo,ppo,crawler,flat,obs_dth_tot_direct,,,,,,,,,,,,,,,-0.004040320371677109,0,781,0.0,0.0,,,,,,,,,,,,,,,,,,,,,,,,,,,,,,,,,,,,,,,,,,,,,,,,,,,,,,,,,,,,,,,,,,,,,,,,,,nan,,,,,,,,,,,,,,,
1481,-0.443890780210495,-4.438866199052427e-06,-0.0004438866199052427,15415.484488010406,10000,ppo,ppo,crawler,flat,obs_dth_tot_direct,,,,,,,,,,,,,,,0.0,0,781,0.0,0.0,,,,,,,,,,,,,,,,,,,,,,,,,,,,,,,,,,,,,,,,,,,,,,,,,,,,,,,,,,,,,,,,,,,,,,,,,,nan,,,,,,,,,,,,,,,
1482,-0.9159311652183533,-9.159289220406208e-06,-0.0009159289220406208,15424.856526374817,10000,ppo,ppo,crawler,flat,obs_dth_tot_direct,,,,,,,,,,,,,,,-0.0002851058322359139,0,781,0.0,0.0,,,,,,,,,,,,,,,,,,,,,,,,,,,,,,,,,,,,,,,,,,,,,,,,,,,,,,,,,,,,,,,,,,,,,,,,,,nan,,,,,,,,,,,,,,,
1483,-0.06532292813062668,-6.532183647323109e-07,-6.532183647323109e-05,15434.479338884354,10000,ppo,ppo,crawler,flat,obs_dth_tot_direct,,,,,,,,,,,,,,,0.0,0,781,0.0,0.0,,,,,,,,,,,,,,,,,,,,,,,,,,,,,,,,,,,,,,,,,,,,,,,,,,,,,,,,,,,,,,,,,,,,,,,,,,nan,,,,,,,,,,,,,,,
1484,1.0422319173812866,1.0422363629913889e-05,0.0010422363629913889,15444.245157241821,10000,ppo,ppo,crawler,flat,obs_dth_tot_direct,,,,,,,,,,,,,,,-2.457559580954028e-05,0,781,0.0,0.0,,,,,,,,,,,,,,,,,,,,,,,,,,,,,,,,,,,,,,,,,,,,,,,,,,,,,,,,,,,,,,,,,,,,,,,,,,nan,,,,,,,,,,,,,,,
1485,-0.1997920125722885,-1.9978922409791267e-06,-0.00019978922409791267,15454.113926649094,10000,ppo,ppo,crawler,flat,obs_dth_tot_direct,,,,,,,,,,,,,,,0.0,0,781,0.0,0.0,,,,,,,,,,,,,,,,,,,,,,,,,,,,,,,,,,,,,,,,,,,,,,,,,,,,,,,,,,,,,,,,,,,,,,,,,,nan,,,,,,,,,,,,,,,
1486,-1.8537079095840454,-1.8537100913817994e-05,-0.0018537100913817994,15463.483216047287,10000,ppo,ppo,crawler,flat,obs_dth_tot_direct,,,,,,,,,,,,,,,-0.00040278953312873535,0,781,0.0,0.0,,,,,,,,,,,,,,,,,,,,,,,,,,,,,,,,,,,,,,,,,,,,,,,,,,,,,,,,,,,,,,,,,,,,,,,,,,nan,,,,,,,,,,,,,,,
1487,0.38622990250587463,3.862345693050884e-06,0.00038623456930508837,15473.231647014618,10000,ppo,ppo,crawler,flat,obs_dth_tot_direct,,,,,,,,,,,,,,,0.0,0,781,0.0,0.0,,,,,,,,,,,,,,,,,,,,,,,,,,,,,,,,,,,,,,,,,,,,,,,,,,,,,,,,,,,,,,,,,,,,,,,,,,nan,,,,,,,,,,,,,,,
1488,-0.35771113634109497,-3.5771138300333405e-06,-0.00035771138300333405,15482.630351543427,10000,ppo,ppo,crawler,flat,obs_dth_tot_direct,,,,,,,,,,,,,,,-0.00029176099180564685,0,781,0.0,0.0,,,,,,,,,,,,,,,,,,,,,,,,,,,,,,,,,,,,,,,,,,,,,,,,,,,,,,,,,,,,,,,,,,,,,,,,,,nan,,,,,,,,,,,,,,,
1489,-0.832022488117218,-8.320245797222015e-06,-0.0008320245797222015,15492.087810516357,10000,ppo,ppo,crawler,flat,obs_dth_tot_direct,,,,,,,,,,,,,,,0.0,0,781,0.0,0.0,,,,,,,,,,,,,,,,,,,,,,,,,,,,,,,,,,,,,,,,,,,,,,,,,,,,,,,,,,,,,,,,,,,,,,,,,,nan,,,,,,,,,,,,,,,
1490,0.08407354354858398,8.407517952946364e-07,8.407517952946364e-05,15501.757586717606,10000,ppo,ppo,crawler,flat,obs_dth_tot_direct,,,,,,,,,,,,,,,-0.0004190210379402555,0,781,0.0,0.0,,,,,,,,,,,,,,,,,,,,,,,,,,,,,,,,,,,,,,,,,,,,,,,,,,,,,,,,,,,,,,,,,,,,,,,,,,nan,,,,,,,,,,,,,,,
1491,0.07178652286529541,7.178561531873129e-07,7.178561531873129e-05,15511.63541507721,10000,ppo,ppo,crawler,flat,obs_dth_tot_direct,,,,,,,,,,,,,,,0.0,0,781,0.0,0.0,,,,,,,,,,,,,,,,,,,,,,,,,,,,,,,,,,,,,,,,,,,,,,,,,,,,,,,,,,,,,,,,,,,,,,,,,,nan,,,,,,,,,,,,,,,
1492,0.13720998167991638,1.3720580227527535e-06,0.00013720580227527535,15521.308475017548,10000,ppo,ppo,crawler,flat,obs_dth_tot_direct,,,,,,,,,,,,,,,-1.896862012170799e-06,0,781,0.0,0.0,,,,,,,,,,,,,,,,,,,,,,,,,,,,,,,,,,,,,,,,,,,,,,,,,,,,,,,,,,,,,,,,,,,,,,,,,,nan,,,,,,,,,,,,,,,
1493,0.3848767876625061,3.848753749480238e-06,0.0003848753749480238,15530.873543024063,10000,ppo,ppo,crawler,flat,obs_dth_tot_direct,,,,,,,,,,,,,,,-0.0002558516975248974,0,781,0.0,0.0,,,,,,,,,,,,,,,,,,,,,,,,,,,,,,,,,,,,,,,,,,,,,,,,,,,,,,,,,,,,,,,,,,,,,,,,,,nan,,,,,,,,,,,,,,,
1494,-0.33170565962791443,-3.317057917229249e-06,-0.0003317057917229249,15540.60169672966,10000,ppo,ppo,crawler,flat,obs_dth_tot_direct,,,,,,,,,,,,,,,-4.7532226246389324e-05,0,781,0.0,0.0,,,,,,,,,,,,,,,,,,,,,,,,,,,,,,,,,,,,,,,,,,,,,,,,,,,,,,,,,,,,,,,,,,,,,,,,,,nan,,,,,,,,,,,,,,,
1495,1.2666174173355103,1.2666216207435355e-05,0.0012666216207435355,15550.13496017456,10000,ppo,ppo,crawler,flat,obs_dth_tot_direct,,,,,,,,,,,,,,,0.0,0,781,0.0,0.0,,,,,,,,,,,,,,,,,,,,,,,,,,,,,,,,,,,,,,,,,,,,,,,,,,,,,,,,,,,,,,,,,,,,,,,,,,nan,,,,,,,,,,,,,,,
1496,1.2487404346466064,1.2487432286434341e-05,0.0012487432286434341,15560.173359394073,10000,ppo,ppo,crawler,flat,obs_dth_tot_direct,,,,,,,,,,,,,,,-0.005943888038749808,0,781,0.0,0.0,,,,,,,,,,,,,,,,,,,,,,,,,,,,,,,,,,,,,,,,,,,,,,,,,,,,,,,,,,,,,,,,,,,,,,,,,,nan,,,,,,,,,,,,,,,
1497,1.205710768699646,1.205712487717392e-05,0.001205712487717392,15570.196964263916,10000,ppo,ppo,crawler,flat,obs_dth_tot_direct,,,,,,,,,,,,,,,-3.3044422023885535e-07,0,781,0.0,0.0,,,,,,,,,,,,,,,,,,,,,,,,,,,,,,,,,,,,,,,,,,,,,,,,,,,,,,,,,,,,,,,,,,,,,,,,,,nan,,,,,,,,,,,,,,,
1498,-0.6080779433250427,-6.080737421143567e-06,-0.0006080737421143567,15580.008859872818,10000,ppo,ppo,crawler,flat,obs_dth_tot_direct,,,,,,,,,,,,,,,-0.0008254359057709746,0,781,0.0,0.0,,,,,,,,,,,,,,,,,,,,,,,,,,,,,,,,,,,,,,,,,,,,,,,,,,,,,,,,,,,,,,,,,,,,,,,,,,nan,,,,,,,,,,,,,,,
1499,0.9539003372192383,9.539008715364616e-06,0.0009539008715364616,15589.766968250275,10000,ppo,ppo,crawler,flat,obs_dth_tot_direct,,,,,,,,,,,,,,,0.0,0,781,0.0,0.0,,,,,,,,,,,,,,,,,,,,,,,,,,,,,,,,,,,,,,,,,,,,,,,,,,,,,,,,,,,,,,,,,,,,,,,,,,nan,,,,,,,,,,,,,,,
1500,-1.7146800756454468,-1.714679274300579e-05,-0.001714679274300579,15599.027262210846,10000,ppo,ppo,crawler,flat,obs_dth_tot_direct,,,,,,,,,,,,,,,-3.299090973126598e-05,0,781,0.0,0.0,,,,,,,,,,,,,,,,,,,,,,,,,,,,,,,,,,,,,,,,,,,,,,,,,,,,,,,,,,,,,,,,,,,,,,,,,,nan,,,,,,,,,,,,,,,
