episode,reward_mean,speed_mean,speed_x100,elapsed_sec,frames_per_batch,algorithm,algorithm_family,robot,terrain,channel,actor_update_norm_mean,actor_update_clip_scale_mean,ddpg_loss_actor_mean,ddpg_loss_value_mean,ddpg_actor_grad_norm_mean,ddpg_critic_grad_norm_mean,ddpg_actor_parameter_displacement,ddpg_replay_size,ddpg_replay_transition_bytes,ddpg_exploration_sigma,ddpg_pred_q_mean,ddpg_target_q_mean,ddpg_td_error_mean,ddpg_optimizer_updates,ppo_approx_kl,ppo_early_stop,ppo_updates_completed,policy_anchor_loss,policy_anchor_coeff_effective,closure_score,circularity_score,body_omega,slip_penalty,action_smoothness_penalty,curriculum_progress,rolling_reward,tail_lift_score,tail_forward_score,head_contact_score,curl_prefix_progress,curl_order_penalty,total_signed_curvature,closure_ratio,support_margin,cumulative_rotation,rolling_gate,tail_roll_stage,tail_stage_success,tail_stage_success_rate,tail_roll_reward,fast_roll_phase,fast_roll_phase_steps,fast_roll_phase_progress,fast_roll_flip_event,fast_roll_flip_count,fast_roll_cycle_count,fast_roll_cycle_rotation,fast_roll_cycle_forward,fast_roll_support_migration,fast_roll_direction_fraction,fast_roll_motion_gate,fast_roll_reward,fast_forward_phase,fast_forward_phase_steps,fast_forward_launch_progress,fast_forward_launch_ready_steps,fast_forward_roll_progress,fast_forward_progress_delta,fast_forward_launch_event,fast_forward_event_pulse,fast_forward_event_bonus,fast_forward_event_count,fast_forward_event_rotation,fast_forward_event_forward,fast_forward_support_index,fast_forward_support_migration_nodes,fast_forward_ground_contact_strength,fast_forward_event_direction_fraction,fast_forward_episode_direction_fraction,fast_forward_event_steps,fast_forward_progress_age,fast_forward_stall_penalty,fast_forward_reverse_rotation_penalty,fast_forward_backward_penalty,effort_penalty,scratch_wr_v2_z0_lift_ratio,scratch_wr_v2_z0_forward_ratio,scratch_wr_v2_z0_curl_ratio,scratch_wr_v2_z0_sync_score,scratch_wr_v2_z0_candidate_mask,scratch_wr_v2_z0_active,scratch_wr_v2_z0_penalty_scale,scratch_wr_v2_z0_dense_reward,scratch_wr_v2_progress_delta,fast_forward_reward,wave_amplitude,wave_center,wave_width,wave_hold,wave_kp,wave_kd,scratch_wr_stage_id,scratch_wr_learning_rate,scratch_wr_alpha,scratch_wr_wave_torque_rms,scratch_wr_residual_torque_rms,scratch_wr_applied_residual_torque_rms,scratch_wr_total_torque_rms,scratch_wr_torque_clip_fraction,scratch_wr_residual_saturation_fraction,scratch_wr_v2_wave_ema_beta,scratch_wr_v2_wave_filter_delta_rms,scratch_wr_v2_applied_wave_amplitude,scratch_wr_v2_applied_wave_center,scratch_wr_v2_applied_wave_width,scratch_wr_v2_applied_wave_hold,scratch_wr_v2_applied_wave_kp,scratch_wr_v2_applied_wave_kd
1,-2.0128190517425537,-2.0267607396817766e-05,-0.0020267607396817766,11.590202569961548,10000,ppo,ppo,crawler,flat,dth_dth_neighbours_direct,,,,,,,,,,,,,,,0.0033919931241524585,0,781,0.0,0.0,,,,,,,,,,,,,,,,,,,,,,,,,,,,,,,,,,,,,,,,,,,,,,,,,,,,,,,,,,,,,,,,,,,,,,,,,,nan,,,,,,,,,,,,,,,
2,1.6470197439193726,1.69818722497439e-05,0.0016981872249743901,22.580482244491577,10000,ppo,ppo,crawler,flat,dth_dth_neighbours_direct,,,,,,,,,,,,,,,0.0026299893868271446,0,781,0.0,0.0,,,,,,,,,,,,,,,,,,,,,,,,,,,,,,,,,,,,,,,,,,,,,,,,,,,,,,,,,,,,,,,,,,,,,,,,,,nan,,,,,,,,,,,,,,,
3,15.010449409484863,0.00014953860954847187,0.014953860954847187,33.55873703956604,10000,ppo,ppo,crawler,flat,dth_dth_neighbours_direct,,,,,,,,,,,,,,,0.0021693177621694764,0,781,0.0,0.0,,,,,,,,,,,,,,,,,,,,,,,,,,,,,,,,,,,,,,,,,,,,,,,,,,,,,,,,,,,,,,,,,,,,,,,,,,nan,,,,,,,,,,,,,,,
4,13.284960746765137,0.00013276275421958417,0.013276275421958417,44.80188274383545,10000,ppo,ppo,crawler,flat,dth_dth_neighbours_direct,,,,,,,,,,,,,,,0.0018862802836395293,0,781,0.0,0.0,,,,,,,,,,,,,,,,,,,,,,,,,,,,,,,,,,,,,,,,,,,,,,,,,,,,,,,,,,,,,,,,,,,,,,,,,,nan,,,,,,,,,,,,,,,
5,22.300647735595703,0.00022317642287816852,0.022317642287816852,55.98562812805176,10000,ppo,ppo,crawler,flat,dth_dth_neighbours_direct,,,,,,,,,,,,,,,0.0011711924756601664,0,781,0.0,0.0,,,,,,,,,,,,,,,,,,,,,,,,,,,,,,,,,,,,,,,,,,,,,,,,,,,,,,,,,,,,,,,,,,,,,,,,,,nan,,,,,,,,,,,,,,,
6,3.2134368419647217,3.1092960853129625e-05,0.0031092960853129625,67.00850415229797,10000,ppo,ppo,crawler,flat,dth_dth_neighbours_direct,,,,,,,,,,,,,,,0.0016338588240903428,0,781,0.0,0.0,,,,,,,,,,,,,,,,,,,,,,,,,,,,,,,,,,,,,,,,,,,,,,,,,,,,,,,,,,,,,,,,,,,,,,,,,,nan,,,,,,,,,,,,,,,
7,6.595892429351807,6.607721297768876e-05,0.006607721297768876,76.7790789604187,10000,ppo,ppo,crawler,flat,dth_dth_neighbours_direct,,,,,,,,,,,,,,,0.0013831926532991222,0,781,0.0,0.0,,,,,,,,,,,,,,,,,,,,,,,,,,,,,,,,,,,,,,,,,,,,,,,,,,,,,,,,,,,,,,,,,,,,,,,,,,nan,,,,,,,,,,,,,,,
8,8.77796459197998,8.723143400857225e-05,0.008723143400857225,86.04117155075073,10000,ppo,ppo,crawler,flat,dth_dth_neighbours_direct,,,,,,,,,,,,,,,0.0016685197160849956,0,781,0.0,0.0,,,,,,,,,,,,,,,,,,,,,,,,,,,,,,,,,,,,,,,,,,,,,,,,,,,,,,,,,,,,,,,,,,,,,,,,,,nan,,,,,,,,,,,,,,,
9,8.490239143371582,8.486818114761263e-05,0.008486818114761263,96.0556914806366,10000,ppo,ppo,crawler,flat,dth_dth_neighbours_direct,,,,,,,,,,,,,,,0.0013693318766077906,0,781,0.0,0.0,,,,,,,,,,,,,,,,,,,,,,,,,,,,,,,,,,,,,,,,,,,,,,,,,,,,,,,,,,,,,,,,,,,,,,,,,,nan,,,,,,,,,,,,,,,
10,24.340885162353516,0.0002435790520394221,0.02435790520394221,106.05575227737427,10000,ppo,ppo,crawler,flat,dth_dth_neighbours_direct,,,,,,,,,,,,,,,0.0016151075683672473,0,781,0.0,0.0,,,,,,,,,,,,,,,,,,,,,,,,,,,,,,,,,,,,,,,,,,,,,,,,,,,,,,,,,,,,,,,,,,,,,,,,,,nan,,,,,,,,,,,,,,,
11,31.788949966430664,0.0003172205470036715,0.03172205470036715,116.46792936325073,10000,ppo,ppo,crawler,flat,dth_dth_neighbours_direct,,,,,,,,,,,,,,,0.0015343959245320395,0,781,0.0,0.0,,,,,,,,,,,,,,,,,,,,,,,,,,,,,,,,,,,,,,,,,,,,,,,,,,,,,,,,,,,,,,,,,,,,,,,,,,nan,,,,,,,,,,,,,,,
12,54.91496658325195,0.0005485466099344194,0.05485466099344194,127.2391848564148,10000,ppo,ppo,crawler,flat,dth_dth_neighbours_direct,,,,,,,,,,,,,,,0.001801997700720434,0,781,0.0,0.0,,,,,,,,,,,,,,,,,,,,,,,,,,,,,,,,,,,,,,,,,,,,,,,,,,,,,,,,,,,,,,,,,,,,,,,,,,nan,,,,,,,,,,,,,,,
13,63.6912841796875,0.0006352562922984362,0.06352562922984362,138.47188878059387,10000,ppo,ppo,crawler,flat,dth_dth_neighbours_direct,,,,,,,,,,,,,,,0.0019850255965828184,0,781,0.0,0.0,,,,,,,,,,,,,,,,,,,,,,,,,,,,,,,,,,,,,,,,,,,,,,,,,,,,,,,,,,,,,,,,,,,,,,,,,,nan,,,,,,,,,,,,,,,
14,76.83052825927734,0.0007674944936297834,0.07674944936297834,149.54917812347412,10000,ppo,ppo,crawler,flat,dth_dth_neighbours_direct,,,,,,,,,,,,,,,0.0018623249686386307,0,781,0.0,0.0,,,,,,,,,,,,,,,,,,,,,,,,,,,,,,,,,,,,,,,,,,,,,,,,,,,,,,,,,,,,,,,,,,,,,,,,,,nan,,,,,,,,,,,,,,,
15,94.2372055053711,0.0009418322588317096,0.09418322588317096,161.17852926254272,10000,ppo,ppo,crawler,flat,dth_dth_neighbours_direct,,,,,,,,,,,,,,,0.0013137510254188822,0,781,0.0,0.0,,,,,,,,,,,,,,,,,,,,,,,,,,,,,,,,,,,,,,,,,,,,,,,,,,,,,,,,,,,,,,,,,,,,,,,,,,nan,,,,,,,,,,,,,,,
16,176.09811401367188,0.0017590138595551252,0.17590138595551252,172.24692940711975,10000,ppo,ppo,crawler,flat,dth_dth_neighbours_direct,,,,,,,,,,,,,,,0.0031942802354289535,0,781,0.0,0.0,,,,,,,,,,,,,,,,,,,,,,,,,,,,,,,,,,,,,,,,,,,,,,,,,,,,,,,,,,,,,,,,,,,,,,,,,,nan,,,,,,,,,,,,,,,
17,242.6256561279297,0.0024238398764282465,0.24238398764282465,183.34499096870422,10000,ppo,ppo,crawler,flat,dth_dth_neighbours_direct,,,,,,,,,,,,,,,0.004814781591992824,0,781,0.0,0.0,,,,,,,,,,,,,,,,,,,,,,,,,,,,,,,,,,,,,,,,,,,,,,,,,,,,,,,,,,,,,,,,,,,,,,,,,,nan,,,,,,,,,,,,,,,
18,227.0743865966797,0.0022689050529152155,0.22689050529152155,194.34667325019836,10000,ppo,ppo,crawler,flat,dth_dth_neighbours_direct,,,,,,,,,,,,,,,0.0024433831334225572,0,781,0.0,0.0,,,,,,,,,,,,,,,,,,,,,,,,,,,,,,,,,,,,,,,,,,,,,,,,,,,,,,,,,,,,,,,,,,,,,,,,,,nan,,,,,,,,,,,,,,,
19,339.5481262207031,0.003392670303583145,0.3392670303583145,205.59256649017334,10000,ppo,ppo,crawler,flat,dth_dth_neighbours_direct,,,,,,,,,,,,,,,0.006245291079240988,0,781,0.0,0.0,,,,,,,,,,,,,,,,,,,,,,,,,,,,,,,,,,,,,,,,,,,,,,,,,,,,,,,,,,,,,,,,,,,,,,,,,,nan,,,,,,,,,,,,,,,
20,511.8558044433594,0.005114234052598476,0.5114234052598476,217.00438332557678,10000,ppo,ppo,crawler,flat,dth_dth_neighbours_direct,,,,,,,,,,,,,,,0.01824278856403346,0,781,0.0,0.0,,,,,,,,,,,,,,,,,,,,,,,,,,,,,,,,,,,,,,,,,,,,,,,,,,,,,,,,,,,,,,,,,,,,,,,,,,nan,,,,,,,,,,,,,,,
21,587.3341674804688,0.005865138024091721,0.5865138024091721,228.47455286979675,10000,ppo,ppo,crawler,flat,dth_dth_neighbours_direct,,,,,,,,,,,,,,,0.012502239959046774,0,781,0.0,0.0,,,,,,,,,,,,,,,,,,,,,,,,,,,,,,,,,,,,,,,,,,,,,,,,,,,,,,,,,,,,,,,,,,,,,,,,,,nan,,,,,,,,,,,,,,,
22,593.7032470703125,0.005931053776293993,0.5931053776293993,238.44369888305664,10000,ppo,ppo,crawler,flat,dth_dth_neighbours_direct,,,,,,,,,,,,,,,0.006212766354610081,0,781,0.0,0.0,,,,,,,,,,,,,,,,,,,,,,,,,,,,,,,,,,,,,,,,,,,,,,,,,,,,,,,,,,,,,,,,,,,,,,,,,,nan,,,,,,,,,,,,,,,
23,665.1176147460938,0.006644091568887234,0.6644091568887234,248.82873630523682,10000,ppo,ppo,crawler,flat,dth_dth_neighbours_direct,,,,,,,,,,,,,,,0.009819335136723197,0,781,0.0,0.0,,,,,,,,,,,,,,,,,,,,,,,,,,,,,,,,,,,,,,,,,,,,,,,,,,,,,,,,,,,,,,,,,,,,,,,,,,nan,,,,,,,,,,,,,,,
24,893.9849853515625,0.008928879164159298,0.8928879164159298,258.6975040435791,10000,ppo,ppo,crawler,flat,dth_dth_neighbours_direct,,,,,,,,,,,,,,,0.006698525942461186,0,781,0.0,0.0,,,,,,,,,,,,,,,,,,,,,,,,,,,,,,,,,,,,,,,,,,,,,,,,,,,,,,,,,,,,,,,,,,,,,,,,,,nan,,,,,,,,,,,,,,,
25,1082.0491943359375,0.010809016413986683,1.0809016413986683,268.8992784023285,10000,ppo,ppo,crawler,flat,dth_dth_neighbours_direct,,,,,,,,,,,,,,,0.015670720736844754,0,781,0.0,0.0,,,,,,,,,,,,,,,,,,,,,,,,,,,,,,,,,,,,,,,,,,,,,,,,,,,,,,,,,,,,,,,,,,,,,,,,,,nan,,,,,,,,,,,,,,,
26,1269.5086669921875,0.01268274150788784,1.268274150788784,279.11473202705383,10000,ppo,ppo,crawler,flat,dth_dth_neighbours_direct,,,,,,,,,,,,,,,0.011586332549666735,0,781,0.0,0.0,,,,,,,,,,,,,,,,,,,,,,,,,,,,,,,,,,,,,,,,,,,,,,,,,,,,,,,,,,,,,,,,,,,,,,,,,,nan,,,,,,,,,,,,,,,
27,1378.7947998046875,0.013771328143775463,1.3771328143775463,289.25137877464294,10000,ppo,ppo,crawler,flat,dth_dth_neighbours_direct,,,,,,,,,,,,,,,0.009151192293957857,0,781,0.0,0.0,,,,,,,,,,,,,,,,,,,,,,,,,,,,,,,,,,,,,,,,,,,,,,,,,,,,,,,,,,,,,,,,,,,,,,,,,,nan,,,,,,,,,,,,,,,
28,1501.205322265625,0.01499762199819088,1.499762199819088,299.04309463500977,10000,ppo,ppo,crawler,flat,dth_dth_neighbours_direct,,,,,,,,,,,,,,,0.005220369944787988,0,781,0.0,0.0,,,,,,,,,,,,,,,,,,,,,,,,,,,,,,,,,,,,,,,,,,,,,,,,,,,,,,,,,,,,,,,,,,,,,,,,,,nan,,,,,,,,,,,,,,,
29,1565.8798828125,0.01564052700996399,1.564052700996399,309.01635813713074,10000,ppo,ppo,crawler,flat,dth_dth_neighbours_direct,,,,,,,,,,,,,,,0.005931233174977515,0,781,0.0,0.0,,,,,,,,,,,,,,,,,,,,,,,,,,,,,,,,,,,,,,,,,,,,,,,,,,,,,,,,,,,,,,,,,,,,,,,,,,nan,,,,,,,,,,,,,,,
30,1581.5958251953125,0.015799250453710556,1.5799250453710556,319.20663261413574,10000,ppo,ppo,crawler,flat,dth_dth_neighbours_direct,,,,,,,,,,,,,,,0.004524100893457825,0,781,0.0,0.0,,,,,,,,,,,,,,,,,,,,,,,,,,,,,,,,,,,,,,,,,,,,,,,,,,,,,,,,,,,,,,,,,,,,,,,,,,nan,,,,,,,,,,,,,,,
31,1574.4129638671875,0.01572902873158455,1.572902873158455,329.0850112438202,10000,ppo,ppo,crawler,flat,dth_dth_neighbours_direct,,,,,,,,,,,,,,,0.004503216074356792,0,781,0.0,0.0,,,,,,,,,,,,,,,,,,,,,,,,,,,,,,,,,,,,,,,,,,,,,,,,,,,,,,,,,,,,,,,,,,,,,,,,,,nan,,,,,,,,,,,,,,,
32,1610.359375,0.016085339710116386,1.6085339710116386,339.8134572505951,10000,ppo,ppo,crawler,flat,dth_dth_neighbours_direct,,,,,,,,,,,,,,,0.004769366214123307,0,781,0.0,0.0,,,,,,,,,,,,,,,,,,,,,,,,,,,,,,,,,,,,,,,,,,,,,,,,,,,,,,,,,,,,,,,,,,,,,,,,,,nan,,,,,,,,,,,,,,,
33,1580.6019287109375,0.015790725126862526,1.5790725126862526,350.2816631793976,10000,ppo,ppo,crawler,flat,dth_dth_neighbours_direct,,,,,,,,,,,,,,,0.005052857008972388,0,781,0.0,0.0,,,,,,,,,,,,,,,,,,,,,,,,,,,,,,,,,,,,,,,,,,,,,,,,,,,,,,,,,,,,,,,,,,,,,,,,,,nan,,,,,,,,,,,,,,,
34,1505.3128662109375,0.015038806013762951,1.503880601376295,360.84011459350586,10000,ppo,ppo,crawler,flat,dth_dth_neighbours_direct,,,,,,,,,,,,,,,0.003366287018153494,0,781,0.0,0.0,,,,,,,,,,,,,,,,,,,,,,,,,,,,,,,,,,,,,,,,,,,,,,,,,,,,,,,,,,,,,,,,,,,,,,,,,,nan,,,,,,,,,,,,,,,
35,1583.9100341796875,0.015822138637304306,1.5822138637304306,371.2139973640442,10000,ppo,ppo,crawler,flat,dth_dth_neighbours_direct,,,,,,,,,,,,,,,0.0028618723741841317,0,781,0.0,0.0,,,,,,,,,,,,,,,,,,,,,,,,,,,,,,,,,,,,,,,,,,,,,,,,,,,,,,,,,,,,,,,,,,,,,,,,,,nan,,,,,,,,,,,,,,,
36,1596.059814453125,0.01594306156039238,1.594306156039238,381.13083577156067,10000,ppo,ppo,crawler,flat,dth_dth_neighbours_direct,,,,,,,,,,,,,,,0.002939888683479469,0,781,0.0,0.0,,,,,,,,,,,,,,,,,,,,,,,,,,,,,,,,,,,,,,,,,,,,,,,,,,,,,,,,,,,,,,,,,,,,,,,,,,nan,,,,,,,,,,,,,,,
37,1637.1527099609375,0.01635485328733921,1.635485328733921,391.4366364479065,10000,ppo,ppo,crawler,flat,dth_dth_neighbours_direct,,,,,,,,,,,,,,,0.0028594467464411626,0,781,0.0,0.0,,,,,,,,,,,,,,,,,,,,,,,,,,,,,,,,,,,,,,,,,,,,,,,,,,,,,,,,,,,,,,,,,,,,,,,,,,nan,,,,,,,,,,,,,,,
38,1677.8011474609375,0.01675926148891449,1.675926148891449,401.792849779129,10000,ppo,ppo,crawler,flat,dth_dth_neighbours_direct,,,,,,,,,,,,,,,0.0033165725605593466,0,781,0.0,0.0,,,,,,,,,,,,,,,,,,,,,,,,,,,,,,,,,,,,,,,,,,,,,,,,,,,,,,,,,,,,,,,,,,,,,,,,,,nan,,,,,,,,,,,,,,,
39,1605.1279296875,0.0160349290817976,1.60349290817976,412.44717025756836,10000,ppo,ppo,crawler,flat,dth_dth_neighbours_direct,,,,,,,,,,,,,,,0.002205063713518612,0,781,0.0,0.0,,,,,,,,,,,,,,,,,,,,,,,,,,,,,,,,,,,,,,,,,,,,,,,,,,,,,,,,,,,,,,,,,,,,,,,,,,nan,,,,,,,,,,,,,,,
40,1561.2366943359375,0.015595566481351852,1.5595566481351852,423.2286899089813,10000,ppo,ppo,crawler,flat,dth_dth_neighbours_direct,,,,,,,,,,,,,,,0.002677527844558,0,781,0.0,0.0,,,,,,,,,,,,,,,,,,,,,,,,,,,,,,,,,,,,,,,,,,,,,,,,,,,,,,,,,,,,,,,,,,,,,,,,,,nan,,,,,,,,,,,,,,,
41,1639.8209228515625,0.016379503533244133,1.6379503533244133,434.49073791503906,10000,ppo,ppo,crawler,flat,dth_dth_neighbours_direct,,,,,,,,,,,,,,,0.0024768917196013917,0,781,0.0,0.0,,,,,,,,,,,,,,,,,,,,,,,,,,,,,,,,,,,,,,,,,,,,,,,,,,,,,,,,,,,,,,,,,,,,,,,,,,nan,,,,,,,,,,,,,,,
42,1537.0775146484375,0.015354455448687077,1.5354455448687077,445.3900270462036,10000,ppo,ppo,crawler,flat,dth_dth_neighbours_direct,,,,,,,,,,,,,,,0.0027293145435130137,0,781,0.0,0.0,,,,,,,,,,,,,,,,,,,,,,,,,,,,,,,,,,,,,,,,,,,,,,,,,,,,,,,,,,,,,,,,,,,,,,,,,,nan,,,,,,,,,,,,,,,
43,1584.1793212890625,0.015825988724827766,1.5825988724827766,456.2931447029114,10000,ppo,ppo,crawler,flat,dth_dth_neighbours_direct,,,,,,,,,,,,,,,0.0031310115482282644,0,781,0.0,0.0,,,,,,,,,,,,,,,,,,,,,,,,,,,,,,,,,,,,,,,,,,,,,,,,,,,,,,,,,,,,,,,,,,,,,,,,,,nan,,,,,,,,,,,,,,,
44,1607.654296875,0.016056759282946587,1.6056759282946587,466.7708191871643,10000,ppo,ppo,crawler,flat,dth_dth_neighbours_direct,,,,,,,,,,,,,,,0.0031033829226268773,0,781,0.0,0.0,,,,,,,,,,,,,,,,,,,,,,,,,,,,,,,,,,,,,,,,,,,,,,,,,,,,,,,,,,,,,,,,,,,,,,,,,,nan,,,,,,,,,,,,,,,
45,1652.8336181640625,0.01651136390864849,1.651136390864849,477.3810613155365,10000,ppo,ppo,crawler,flat,dth_dth_neighbours_direct,,,,,,,,,,,,,,,0.0024307953211968997,0,781,0.0,0.0,,,,,,,,,,,,,,,,,,,,,,,,,,,,,,,,,,,,,,,,,,,,,,,,,,,,,,,,,,,,,,,,,,,,,,,,,,nan,,,,,,,,,,,,,,,
46,1555.9873046875,0.015544251538813114,1.5544251538813114,487.233540058136,10000,ppo,ppo,crawler,flat,dth_dth_neighbours_direct,,,,,,,,,,,,,,,0.0028920917606282182,0,781,0.0,0.0,,,,,,,,,,,,,,,,,,,,,,,,,,,,,,,,,,,,,,,,,,,,,,,,,,,,,,,,,,,,,,,,,,,,,,,,,,nan,,,,,,,,,,,,,,,
47,1636.4056396484375,0.016344351693987846,1.6344351693987846,497.2147936820984,10000,ppo,ppo,crawler,flat,dth_dth_neighbours_direct,,,,,,,,,,,,,,,0.0033212643561969326,0,781,0.0,0.0,,,,,,,,,,,,,,,,,,,,,,,,,,,,,,,,,,,,,,,,,,,,,,,,,,,,,,,,,,,,,,,,,,,,,,,,,,nan,,,,,,,,,,,,,,,
48,1598.8985595703125,0.015971699729561806,1.5971699729561806,507.28137135505676,10000,ppo,ppo,crawler,flat,dth_dth_neighbours_direct,,,,,,,,,,,,,,,0.002995042864507767,0,781,0.0,0.0,,,,,,,,,,,,,,,,,,,,,,,,,,,,,,,,,,,,,,,,,,,,,,,,,,,,,,,,,,,,,,,,,,,,,,,,,,nan,,,,,,,,,,,,,,,
49,1643.9056396484375,0.016420302912592888,1.6420302912592888,517.4425258636475,10000,ppo,ppo,crawler,flat,dth_dth_neighbours_direct,,,,,,,,,,,,,,,0.002739413169614934,0,781,0.0,0.0,,,,,,,,,,,,,,,,,,,,,,,,,,,,,,,,,,,,,,,,,,,,,,,,,,,,,,,,,,,,,,,,,,,,,,,,,,nan,,,,,,,,,,,,,,,
50,1657.3076171875,0.016554800793528557,1.6554800793528557,527.5577669143677,10000,ppo,ppo,crawler,flat,dth_dth_neighbours_direct,,,,,,,,,,,,,,,0.003142291487730653,0,781,0.0,0.0,,,,,,,,,,,,,,,,,,,,,,,,,,,,,,,,,,,,,,,,,,,,,,,,,,,,,,,,,,,,,,,,,,,,,,,,,,nan,,,,,,,,,,,,,,,
51,1715.619384765625,0.017139729112386703,1.7139729112386703,537.3937997817993,10000,ppo,ppo,crawler,flat,dth_dth_neighbours_direct,,,,,,,,,,,,,,,0.0029778488937552737,0,781,0.0,0.0,,,,,,,,,,,,,,,,,,,,,,,,,,,,,,,,,,,,,,,,,,,,,,,,,,,,,,,,,,,,,,,,,,,,,,,,,,nan,,,,,,,,,,,,,,,
52,1729.779296875,0.017283054068684578,1.7283054068684578,547.8396599292755,10000,ppo,ppo,crawler,flat,dth_dth_neighbours_direct,,,,,,,,,,,,,,,0.0029864042979853185,0,781,0.0,0.0,,,,,,,,,,,,,,,,,,,,,,,,,,,,,,,,,,,,,,,,,,,,,,,,,,,,,,,,,,,,,,,,,,,,,,,,,,nan,,,,,,,,,,,,,,,
53,1737.8255615234375,0.01735863648355007,1.7358636483550072,559.1512475013733,10000,ppo,ppo,crawler,flat,dth_dth_neighbours_direct,,,,,,,,,,,,,,,0.002262921773005558,0,781,0.0,0.0,,,,,,,,,,,,,,,,,,,,,,,,,,,,,,,,,,,,,,,,,,,,,,,,,,,,,,,,,,,,,,,,,,,,,,,,,,nan,,,,,,,,,,,,,,,
54,1713.5516357421875,0.017116988077759743,1.7116988077759743,577.1933879852295,10000,ppo,ppo,crawler,flat,dth_dth_neighbours_direct,,,,,,,,,,,,,,,0.0028655656405053424,0,781,0.0,0.0,,,,,,,,,,,,,,,,,,,,,,,,,,,,,,,,,,,,,,,,,,,,,,,,,,,,,,,,,,,,,,,,,,,,,,,,,,nan,,,,,,,,,,,,,,,
55,1766.7528076171875,0.01764911226928234,1.764911226928234,596.0129115581512,10000,ppo,ppo,crawler,flat,dth_dth_neighbours_direct,,,,,,,,,,,,,,,0.002786542920727992,0,781,0.0,0.0,,,,,,,,,,,,,,,,,,,,,,,,,,,,,,,,,,,,,,,,,,,,,,,,,,,,,,,,,,,,,,,,,,,,,,,,,,nan,,,,,,,,,,,,,,,
56,1695.786376953125,0.01693645678460598,1.693645678460598,606.9883081912994,10000,ppo,ppo,crawler,flat,dth_dth_neighbours_direct,,,,,,,,,,,,,,,0.0028637993830307852,0,781,0.0,0.0,,,,,,,,,,,,,,,,,,,,,,,,,,,,,,,,,,,,,,,,,,,,,,,,,,,,,,,,,,,,,,,,,,,,,,,,,,nan,,,,,,,,,,,,,,,
57,1774.7760009765625,0.017729736864566803,1.7729736864566803,618.0771377086639,10000,ppo,ppo,crawler,flat,dth_dth_neighbours_direct,,,,,,,,,,,,,,,0.0032244191562168516,0,781,0.0,0.0,,,,,,,,,,,,,,,,,,,,,,,,,,,,,,,,,,,,,,,,,,,,,,,,,,,,,,,,,,,,,,,,,,,,,,,,,,nan,,,,,,,,,,,,,,,
58,1758.4091796875,0.017564617097377777,1.7564617097377777,629.2368285655975,10000,ppo,ppo,crawler,flat,dth_dth_neighbours_direct,,,,,,,,,,,,,,,0.003028733575562151,0,781,0.0,0.0,,,,,,,,,,,,,,,,,,,,,,,,,,,,,,,,,,,,,,,,,,,,,,,,,,,,,,,,,,,,,,,,,,,,,,,,,,nan,,,,,,,,,,,,,,,
59,1716.141845703125,0.017142020165920258,1.7142020165920258,640.7479956150055,10000,ppo,ppo,crawler,flat,dth_dth_neighbours_direct,,,,,,,,,,,,,,,0.002987777308230464,0,781,0.0,0.0,,,,,,,,,,,,,,,,,,,,,,,,,,,,,,,,,,,,,,,,,,,,,,,,,,,,,,,,,,,,,,,,,,,,,,,,,,nan,,,,,,,,,,,,,,,
60,1736.093017578125,0.017342040315270424,1.7342040315270424,651.9668896198273,10000,ppo,ppo,crawler,flat,dth_dth_neighbours_direct,,,,,,,,,,,,,,,0.003235335068318343,0,781,0.0,0.0,,,,,,,,,,,,,,,,,,,,,,,,,,,,,,,,,,,,,,,,,,,,,,,,,,,,,,,,,,,,,,,,,,,,,,,,,,nan,,,,,,,,,,,,,,,
61,1883.1275634765625,0.018811210989952087,1.8811210989952087,663.2997860908508,10000,ppo,ppo,crawler,flat,dth_dth_neighbours_direct,,,,,,,,,,,,,,,0.0031828023778894283,0,781,0.0,0.0,,,,,,,,,,,,,,,,,,,,,,,,,,,,,,,,,,,,,,,,,,,,,,,,,,,,,,,,,,,,,,,,,,,,,,,,,,nan,,,,,,,,,,,,,,,
62,1736.1578369140625,0.017342256382107735,1.7342256382107735,674.147716999054,10000,ppo,ppo,crawler,flat,dth_dth_neighbours_direct,,,,,,,,,,,,,,,0.0027632383078982385,0,781,0.0,0.0,,,,,,,,,,,,,,,,,,,,,,,,,,,,,,,,,,,,,,,,,,,,,,,,,,,,,,,,,,,,,,,,,,,,,,,,,,nan,,,,,,,,,,,,,,,
63,1758.7235107421875,0.017570337280631065,1.7570337280631065,685.1630132198334,10000,ppo,ppo,crawler,flat,dth_dth_neighbours_direct,,,,,,,,,,,,,,,0.002809737697610551,0,781,0.0,0.0,,,,,,,,,,,,,,,,,,,,,,,,,,,,,,,,,,,,,,,,,,,,,,,,,,,,,,,,,,,,,,,,,,,,,,,,,,nan,,,,,,,,,,,,,,,
64,1763.087158203125,0.017612285912036896,1.7612285912036896,696.4759440422058,10000,ppo,ppo,crawler,flat,dth_dth_neighbours_direct,,,,,,,,,,,,,,,0.003282951909272138,0,781,0.0,0.0,,,,,,,,,,,,,,,,,,,,,,,,,,,,,,,,,,,,,,,,,,,,,,,,,,,,,,,,,,,,,,,,,,,,,,,,,,nan,,,,,,,,,,,,,,,
65,1719.076171875,0.017172809690237045,1.7172809690237045,706.9863781929016,10000,ppo,ppo,crawler,flat,dth_dth_neighbours_direct,,,,,,,,,,,,,,,0.002854246961321192,0,781,0.0,0.0,,,,,,,,,,,,,,,,,,,,,,,,,,,,,,,,,,,,,,,,,,,,,,,,,,,,,,,,,,,,,,,,,,,,,,,,,,nan,,,,,,,,,,,,,,,
66,1733.5458984375,0.017317961901426315,1.7317961901426315,717.4343326091766,10000,ppo,ppo,crawler,flat,dth_dth_neighbours_direct,,,,,,,,,,,,,,,0.003077675408864435,0,781,0.0,0.0,,,,,,,,,,,,,,,,,,,,,,,,,,,,,,,,,,,,,,,,,,,,,,,,,,,,,,,,,,,,,,,,,,,,,,,,,,nan,,,,,,,,,,,,,,,
67,1659.8792724609375,0.01658356375992298,1.6583563759922981,727.5217664241791,10000,ppo,ppo,crawler,flat,dth_dth_neighbours_direct,,,,,,,,,,,,,,,0.0027183330716630625,0,781,0.0,0.0,,,,,,,,,,,,,,,,,,,,,,,,,,,,,,,,,,,,,,,,,,,,,,,,,,,,,,,,,,,,,,,,,,,,,,,,,,nan,,,,,,,,,,,,,,,
68,1714.513671875,0.01712697185575962,1.712697185575962,737.8019142150879,10000,ppo,ppo,crawler,flat,dth_dth_neighbours_direct,,,,,,,,,,,,,,,0.0034163645161406657,0,781,0.0,0.0,,,,,,,,,,,,,,,,,,,,,,,,,,,,,,,,,,,,,,,,,,,,,,,,,,,,,,,,,,,,,,,,,,,,,,,,,,nan,,,,,,,,,,,,,,,
69,1768.4410400390625,0.01766814850270748,1.7668148502707481,747.7627623081207,10000,ppo,ppo,crawler,flat,dth_dth_neighbours_direct,,,,,,,,,,,,,,,0.0030728692996465825,0,781,0.0,0.0,,,,,,,,,,,,,,,,,,,,,,,,,,,,,,,,,,,,,,,,,,,,,,,,,,,,,,,,,,,,,,,,,,,,,,,,,,nan,,,,,,,,,,,,,,,
70,1838.814453125,0.018365507945418358,1.8365507945418358,757.8626043796539,10000,ppo,ppo,crawler,flat,dth_dth_neighbours_direct,,,,,,,,,,,,,,,0.002723561084768054,0,781,0.0,0.0,,,,,,,,,,,,,,,,,,,,,,,,,,,,,,,,,,,,,,,,,,,,,,,,,,,,,,,,,,,,,,,,,,,,,,,,,,nan,,,,,,,,,,,,,,,
71,1734.6279296875,0.01732701063156128,1.732701063156128,767.7547821998596,10000,ppo,ppo,crawler,flat,dth_dth_neighbours_direct,,,,,,,,,,,,,,,0.0027976762219427556,0,781,0.0,0.0,,,,,,,,,,,,,,,,,,,,,,,,,,,,,,,,,,,,,,,,,,,,,,,,,,,,,,,,,,,,,,,,,,,,,,,,,,nan,,,,,,,,,,,,,,,
72,1702.5125732421875,0.017005806788802147,1.7005806788802147,777.5144021511078,10000,ppo,ppo,crawler,flat,dth_dth_neighbours_direct,,,,,,,,,,,,,,,0.0034030363844799955,0,781,0.0,0.0,,,,,,,,,,,,,,,,,,,,,,,,,,,,,,,,,,,,,,,,,,,,,,,,,,,,,,,,,,,,,,,,,,,,,,,,,,nan,,,,,,,,,,,,,,,
73,1744.4320068359375,0.01742631569504738,1.7426315695047379,787.4603052139282,10000,ppo,ppo,crawler,flat,dth_dth_neighbours_direct,,,,,,,,,,,,,,,0.0023480573997476917,0,781,0.0,0.0,,,,,,,,,,,,,,,,,,,,,,,,,,,,,,,,,,,,,,,,,,,,,,,,,,,,,,,,,,,,,,,,,,,,,,,,,,nan,,,,,,,,,,,,,,,
74,1773.319580078125,0.017715193331241608,1.7715193331241608,797.3498260974884,10000,ppo,ppo,crawler,flat,dth_dth_neighbours_direct,,,,,,,,,,,,,,,0.0029636012053769526,0,781,0.0,0.0,,,,,,,,,,,,,,,,,,,,,,,,,,,,,,,,,,,,,,,,,,,,,,,,,,,,,,,,,,,,,,,,,,,,,,,,,,nan,,,,,,,,,,,,,,,
75,1709.655517578125,0.017078811302781105,1.7078811302781105,808.8131544589996,10000,ppo,ppo,crawler,flat,dth_dth_neighbours_direct,,,,,,,,,,,,,,,0.002863644955006414,0,781,0.0,0.0,,,,,,,,,,,,,,,,,,,,,,,,,,,,,,,,,,,,,,,,,,,,,,,,,,,,,,,,,,,,,,,,,,,,,,,,,,nan,,,,,,,,,,,,,,,
76,1775.0836181640625,0.017730312421917915,1.7730312421917915,820.05939245224,10000,ppo,ppo,crawler,flat,dth_dth_neighbours_direct,,,,,,,,,,,,,,,0.0029130077152346207,0,781,0.0,0.0,,,,,,,,,,,,,,,,,,,,,,,,,,,,,,,,,,,,,,,,,,,,,,,,,,,,,,,,,,,,,,,,,,,,,,,,,,nan,,,,,,,,,,,,,,,
77,1853.0015869140625,0.01851062849164009,1.851062849164009,830.8627607822418,10000,ppo,ppo,crawler,flat,dth_dth_neighbours_direct,,,,,,,,,,,,,,,0.0024324339578884234,0,781,0.0,0.0,,,,,,,,,,,,,,,,,,,,,,,,,,,,,,,,,,,,,,,,,,,,,,,,,,,,,,,,,,,,,,,,,,,,,,,,,,nan,,,,,,,,,,,,,,,
78,1859.353515625,0.018575185909867287,1.8575185909867287,841.4653668403625,10000,ppo,ppo,crawler,flat,dth_dth_neighbours_direct,,,,,,,,,,,,,,,0.0023541299146898373,0,781,0.0,0.0,,,,,,,,,,,,,,,,,,,,,,,,,,,,,,,,,,,,,,,,,,,,,,,,,,,,,,,,,,,,,,,,,,,,,,,,,,nan,,,,,,,,,,,,,,,
79,1926.77734375,0.019246451556682587,1.9246451556682587,852.4868669509888,10000,ppo,ppo,crawler,flat,dth_dth_neighbours_direct,,,,,,,,,,,,,,,0.0021480886621818534,0,781,0.0,0.0,,,,,,,,,,,,,,,,,,,,,,,,,,,,,,,,,,,,,,,,,,,,,,,,,,,,,,,,,,,,,,,,,,,,,,,,,,nan,,,,,,,,,,,,,,,
80,1859.185791015625,0.018572112545371056,1.8572112545371056,863.2806391716003,10000,ppo,ppo,crawler,flat,dth_dth_neighbours_direct,,,,,,,,,,,,,,,0.002609786410428031,0,781,0.0,0.0,,,,,,,,,,,,,,,,,,,,,,,,,,,,,,,,,,,,,,,,,,,,,,,,,,,,,,,,,,,,,,,,,,,,,,,,,,nan,,,,,,,,,,,,,,,
81,1837.505859375,0.018353939056396484,1.8353939056396484,874.1387476921082,10000,ppo,ppo,crawler,flat,dth_dth_neighbours_direct,,,,,,,,,,,,,,,0.0024468765338915535,0,781,0.0,0.0,,,,,,,,,,,,,,,,,,,,,,,,,,,,,,,,,,,,,,,,,,,,,,,,,,,,,,,,,,,,,,,,,,,,,,,,,,nan,,,,,,,,,,,,,,,
82,1785.4683837890625,0.017834780737757683,1.7834780737757683,885.2576649188995,10000,ppo,ppo,crawler,flat,dth_dth_neighbours_direct,,,,,,,,,,,,,,,0.0034658595857535767,0,781,0.0,0.0,,,,,,,,,,,,,,,,,,,,,,,,,,,,,,,,,,,,,,,,,,,,,,,,,,,,,,,,,,,,,,,,,,,,,,,,,,nan,,,,,,,,,,,,,,,
83,1877.6839599609375,0.018757009878754616,1.8757009878754616,895.9492745399475,10000,ppo,ppo,crawler,flat,dth_dth_neighbours_direct,,,,,,,,,,,,,,,0.0026169221021177546,0,781,0.0,0.0,,,,,,,,,,,,,,,,,,,,,,,,,,,,,,,,,,,,,,,,,,,,,,,,,,,,,,,,,,,,,,,,,,,,,,,,,,nan,,,,,,,,,,,,,,,
84,1864.404541015625,0.018623877316713333,1.8623877316713333,906.6199553012848,10000,ppo,ppo,crawler,flat,dth_dth_neighbours_direct,,,,,,,,,,,,,,,0.0031231528856521173,0,781,0.0,0.0,,,,,,,,,,,,,,,,,,,,,,,,,,,,,,,,,,,,,,,,,,,,,,,,,,,,,,,,,,,,,,,,,,,,,,,,,,nan,,,,,,,,,,,,,,,
85,1799.1805419921875,0.017971307039260864,1.7971307039260864,917.3637056350708,10000,ppo,ppo,crawler,flat,dth_dth_neighbours_direct,,,,,,,,,,,,,,,0.0029582955291828647,0,781,0.0,0.0,,,,,,,,,,,,,,,,,,,,,,,,,,,,,,,,,,,,,,,,,,,,,,,,,,,,,,,,,,,,,,,,,,,,,,,,,,nan,,,,,,,,,,,,,,,
86,1927.4879150390625,0.0192547794431448,1.9254779443144798,927.8808608055115,10000,ppo,ppo,crawler,flat,dth_dth_neighbours_direct,,,,,,,,,,,,,,,0.002438110215628369,0,781,0.0,0.0,,,,,,,,,,,,,,,,,,,,,,,,,,,,,,,,,,,,,,,,,,,,,,,,,,,,,,,,,,,,,,,,,,,,,,,,,,nan,,,,,,,,,,,,,,,
87,1971.897705078125,0.01969599723815918,1.969599723815918,937.6227519512177,10000,ppo,ppo,crawler,flat,dth_dth_neighbours_direct,,,,,,,,,,,,,,,0.0026601304339068828,0,781,0.0,0.0,,,,,,,,,,,,,,,,,,,,,,,,,,,,,,,,,,,,,,,,,,,,,,,,,,,,,,,,,,,,,,,,,,,,,,,,,,nan,,,,,,,,,,,,,,,
88,1873.8687744140625,0.01871812343597412,1.871812343597412,947.6637790203094,10000,ppo,ppo,crawler,flat,dth_dth_neighbours_direct,,,,,,,,,,,,,,,0.0029333057185417736,0,781,0.0,0.0,,,,,,,,,,,,,,,,,,,,,,,,,,,,,,,,,,,,,,,,,,,,,,,,,,,,,,,,,,,,,,,,,,,,,,,,,,nan,,,,,,,,,,,,,,,
89,1867.7484130859375,0.01865525171160698,1.865525171160698,957.492303609848,10000,ppo,ppo,crawler,flat,dth_dth_neighbours_direct,,,,,,,,,,,,,,,0.003431862555100892,0,781,0.0,0.0,,,,,,,,,,,,,,,,,,,,,,,,,,,,,,,,,,,,,,,,,,,,,,,,,,,,,,,,,,,,,,,,,,,,,,,,,,nan,,,,,,,,,,,,,,,
90,1892.7646484375,0.01890583150088787,1.890583150088787,967.289500951767,10000,ppo,ppo,crawler,flat,dth_dth_neighbours_direct,,,,,,,,,,,,,,,0.002182794710096437,0,781,0.0,0.0,,,,,,,,,,,,,,,,,,,,,,,,,,,,,,,,,,,,,,,,,,,,,,,,,,,,,,,,,,,,,,,,,,,,,,,,,,nan,,,,,,,,,,,,,,,
91,1912.4730224609375,0.01910492591559887,1.910492591559887,977.302419424057,10000,ppo,ppo,crawler,flat,dth_dth_neighbours_direct,,,,,,,,,,,,,,,0.0030429979602659253,0,781,0.0,0.0,,,,,,,,,,,,,,,,,,,,,,,,,,,,,,,,,,,,,,,,,,,,,,,,,,,,,,,,,,,,,,,,,,,,,,,,,,nan,,,,,,,,,,,,,,,
92,1898.715087890625,0.01896780915558338,1.8967809155583382,986.8484387397766,10000,ppo,ppo,crawler,flat,dth_dth_neighbours_direct,,,,,,,,,,,,,,,0.0020481324773421695,0,781,0.0,0.0,,,,,,,,,,,,,,,,,,,,,,,,,,,,,,,,,,,,,,,,,,,,,,,,,,,,,,,,,,,,,,,,,,,,,,,,,,nan,,,,,,,,,,,,,,,
93,1845.005859375,0.018430640920996666,1.8430640920996666,996.930730342865,10000,ppo,ppo,crawler,flat,dth_dth_neighbours_direct,,,,,,,,,,,,,,,0.00281783396353248,0,781,0.0,0.0,,,,,,,,,,,,,,,,,,,,,,,,,,,,,,,,,,,,,,,,,,,,,,,,,,,,,,,,,,,,,,,,,,,,,,,,,,nan,,,,,,,,,,,,,,,
94,1921.298828125,0.019192995503544807,1.9192995503544807,1007.0874373912811,10000,ppo,ppo,crawler,flat,dth_dth_neighbours_direct,,,,,,,,,,,,,,,0.0027820235304780385,0,781,0.0,0.0,,,,,,,,,,,,,,,,,,,,,,,,,,,,,,,,,,,,,,,,,,,,,,,,,,,,,,,,,,,,,,,,,,,,,,,,,,nan,,,,,,,,,,,,,,,
95,1965.927001953125,0.0196381825953722,1.96381825953722,1016.8949773311615,10000,ppo,ppo,crawler,flat,dth_dth_neighbours_direct,,,,,,,,,,,,,,,0.002939014355558214,0,781,0.0,0.0,,,,,,,,,,,,,,,,,,,,,,,,,,,,,,,,,,,,,,,,,,,,,,,,,,,,,,,,,,,,,,,,,,,,,,,,,,nan,,,,,,,,,,,,,,,
96,1951.6842041015625,0.019495800137519836,1.9495800137519836,1026.96680021286,10000,ppo,ppo,crawler,flat,dth_dth_neighbours_direct,,,,,,,,,,,,,,,0.002151727708482732,0,781,0.0,0.0,,,,,,,,,,,,,,,,,,,,,,,,,,,,,,,,,,,,,,,,,,,,,,,,,,,,,,,,,,,,,,,,,,,,,,,,,,nan,,,,,,,,,,,,,,,
97,1953.1363525390625,0.01951194368302822,1.9511943683028221,1036.691300868988,10000,ppo,ppo,crawler,flat,dth_dth_neighbours_direct,,,,,,,,,,,,,,,0.002515320538786758,0,781,0.0,0.0,,,,,,,,,,,,,,,,,,,,,,,,,,,,,,,,,,,,,,,,,,,,,,,,,,,,,,,,,,,,,,,,,,,,,,,,,,nan,,,,,,,,,,,,,,,
98,1965.0848388671875,0.01962907426059246,1.962907426059246,1046.5530796051025,10000,ppo,ppo,crawler,flat,dth_dth_neighbours_direct,,,,,,,,,,,,,,,0.002624360729075589,0,781,0.0,0.0,,,,,,,,,,,,,,,,,,,,,,,,,,,,,,,,,,,,,,,,,,,,,,,,,,,,,,,,,,,,,,,,,,,,,,,,,,nan,,,,,,,,,,,,,,,
99,1931.4334716796875,0.019291408360004425,1.9291408360004425,1056.600899219513,10000,ppo,ppo,crawler,flat,dth_dth_neighbours_direct,,,,,,,,,,,,,,,0.0026740085786170565,0,781,0.0,0.0,,,,,,,,,,,,,,,,,,,,,,,,,,,,,,,,,,,,,,,,,,,,,,,,,,,,,,,,,,,,,,,,,,,,,,,,,,nan,,,,,,,,,,,,,,,
100,2065.75244140625,0.020635930821299553,2.0635930821299553,1066.2743020057678,10000,ppo,ppo,crawler,flat,dth_dth_neighbours_direct,,,,,,,,,,,,,,,0.0020345602102014603,0,781,0.0,0.0,,,,,,,,,,,,,,,,,,,,,,,,,,,,,,,,,,,,,,,,,,,,,,,,,,,,,,,,,,,,,,,,,,,,,,,,,,nan,,,,,,,,,,,,,,,
101,2029.3211669921875,0.02027173899114132,2.027173899114132,1076.710256576538,10000,ppo,ppo,crawler,flat,dth_dth_neighbours_direct,,,,,,,,,,,,,,,0.0021524228763043756,0,781,0.0,0.0,,,,,,,,,,,,,,,,,,,,,,,,,,,,,,,,,,,,,,,,,,,,,,,,,,,,,,,,,,,,,,,,,,,,,,,,,,nan,,,,,,,,,,,,,,,
102,2067.944091796875,0.020657742395997047,2.0657742395997047,1086.8016276359558,10000,ppo,ppo,crawler,flat,dth_dth_neighbours_direct,,,,,,,,,,,,,,,0.002408865880047594,0,781,0.0,0.0,,,,,,,,,,,,,,,,,,,,,,,,,,,,,,,,,,,,,,,,,,,,,,,,,,,,,,,,,,,,,,,,,,,,,,,,,,nan,,,,,,,,,,,,,,,
103,2044.9383544921875,0.020430753007531166,2.0430753007531166,1096.699743270874,10000,ppo,ppo,crawler,flat,dth_dth_neighbours_direct,,,,,,,,,,,,,,,0.002111839672845175,0,781,0.0,0.0,,,,,,,,,,,,,,,,,,,,,,,,,,,,,,,,,,,,,,,,,,,,,,,,,,,,,,,,,,,,,,,,,,,,,,,,,,nan,,,,,,,,,,,,,,,
104,2043.8148193359375,0.02041727863252163,2.041727863252163,1106.626335144043,10000,ppo,ppo,crawler,flat,dth_dth_neighbours_direct,,,,,,,,,,,,,,,0.002110517641216071,0,781,0.0,0.0,,,,,,,,,,,,,,,,,,,,,,,,,,,,,,,,,,,,,,,,,,,,,,,,,,,,,,,,,,,,,,,,,,,,,,,,,,nan,,,,,,,,,,,,,,,
105,2064.101318359375,0.0206180140376091,2.06180140376091,1116.5328135490417,10000,ppo,ppo,crawler,flat,dth_dth_neighbours_direct,,,,,,,,,,,,,,,0.0022166888380535533,0,781,0.0,0.0,,,,,,,,,,,,,,,,,,,,,,,,,,,,,,,,,,,,,,,,,,,,,,,,,,,,,,,,,,,,,,,,,,,,,,,,,,nan,,,,,,,,,,,,,,,
106,2053.614990234375,0.02051670104265213,2.051670104265213,1126.8323497772217,10000,ppo,ppo,crawler,flat,dth_dth_neighbours_direct,,,,,,,,,,,,,,,0.002299097876632223,0,781,0.0,0.0,,,,,,,,,,,,,,,,,,,,,,,,,,,,,,,,,,,,,,,,,,,,,,,,,,,,,,,,,,,,,,,,,,,,,,,,,,nan,,,,,,,,,,,,,,,
107,2058.677490234375,0.020565586164593697,2.0565586164593697,1137.2177324295044,10000,ppo,ppo,crawler,flat,dth_dth_neighbours_direct,,,,,,,,,,,,,,,0.0025748177574955538,0,781,0.0,0.0,,,,,,,,,,,,,,,,,,,,,,,,,,,,,,,,,,,,,,,,,,,,,,,,,,,,,,,,,,,,,,,,,,,,,,,,,,nan,,,,,,,,,,,,,,,
108,2126.745849609375,0.02124377153813839,2.124377153813839,1147.146185874939,10000,ppo,ppo,crawler,flat,dth_dth_neighbours_direct,,,,,,,,,,,,,,,0.0018399362322715385,0,781,0.0,0.0,,,,,,,,,,,,,,,,,,,,,,,,,,,,,,,,,,,,,,,,,,,,,,,,,,,,,,,,,,,,,,,,,,,,,,,,,,nan,,,,,,,,,,,,,,,
109,2133.837890625,0.02131560631096363,2.131560631096363,1157.58252286911,10000,ppo,ppo,crawler,flat,dth_dth_neighbours_direct,,,,,,,,,,,,,,,0.0022350427834819174,0,781,0.0,0.0,,,,,,,,,,,,,,,,,,,,,,,,,,,,,,,,,,,,,,,,,,,,,,,,,,,,,,,,,,,,,,,,,,,,,,,,,,nan,,,,,,,,,,,,,,,
110,2040.0081787109375,0.020377453416585922,2.0377453416585922,1168.4827728271484,10000,ppo,ppo,crawler,flat,dth_dth_neighbours_direct,,,,,,,,,,,,,,,0.002281606684090997,0,781,0.0,0.0,,,,,,,,,,,,,,,,,,,,,,,,,,,,,,,,,,,,,,,,,,,,,,,,,,,,,,,,,,,,,,,,,,,,,,,,,,nan,,,,,,,,,,,,,,,
111,2089.88916015625,0.02087397128343582,2.087397128343582,1179.3728384971619,10000,ppo,ppo,crawler,flat,dth_dth_neighbours_direct,,,,,,,,,,,,,,,0.0018455769820661916,0,781,0.0,0.0,,,,,,,,,,,,,,,,,,,,,,,,,,,,,,,,,,,,,,,,,,,,,,,,,,,,,,,,,,,,,,,,,,,,,,,,,,nan,,,,,,,,,,,,,,,
112,2122.447265625,0.021205395460128784,2.1205395460128784,1190.9034717082977,10000,ppo,ppo,crawler,flat,dth_dth_neighbours_direct,,,,,,,,,,,,,,,0.00212640108030873,0,781,0.0,0.0,,,,,,,,,,,,,,,,,,,,,,,,,,,,,,,,,,,,,,,,,,,,,,,,,,,,,,,,,,,,,,,,,,,,,,,,,,nan,,,,,,,,,,,,,,,
113,1964.616455078125,0.019627666100859642,1.9627666100859642,1202.289894104004,10000,ppo,ppo,crawler,flat,dth_dth_neighbours_direct,,,,,,,,,,,,,,,0.00278697767379248,0,781,0.0,0.0,,,,,,,,,,,,,,,,,,,,,,,,,,,,,,,,,,,,,,,,,,,,,,,,,,,,,,,,,,,,,,,,,,,,,,,,,,nan,,,,,,,,,,,,,,,
114,2090.736083984375,0.020885612815618515,2.0885612815618515,1213.2650487422943,10000,ppo,ppo,crawler,flat,dth_dth_neighbours_direct,,,,,,,,,,,,,,,0.0017891862048480796,0,781,0.0,0.0,,,,,,,,,,,,,,,,,,,,,,,,,,,,,,,,,,,,,,,,,,,,,,,,,,,,,,,,,,,,,,,,,,,,,,,,,,nan,,,,,,,,,,,,,,,
115,2137.347412109375,0.021355275064706802,2.1355275064706802,1224.1407687664032,10000,ppo,ppo,crawler,flat,dth_dth_neighbours_direct,,,,,,,,,,,,,,,0.002235356530264326,0,781,0.0,0.0,,,,,,,,,,,,,,,,,,,,,,,,,,,,,,,,,,,,,,,,,,,,,,,,,,,,,,,,,,,,,,,,,,,,,,,,,,nan,,,,,,,,,,,,,,,
116,2159.340087890625,0.021569620817899704,2.1569620817899704,1235.4157428741455,10000,ppo,ppo,crawler,flat,dth_dth_neighbours_direct,,,,,,,,,,,,,,,0.0029248484695844792,0,781,0.0,0.0,,,,,,,,,,,,,,,,,,,,,,,,,,,,,,,,,,,,,,,,,,,,,,,,,,,,,,,,,,,,,,,,,,,,,,,,,,nan,,,,,,,,,,,,,,,
117,2129.361328125,0.02127392590045929,2.127392590045929,1246.1126511096954,10000,ppo,ppo,crawler,flat,dth_dth_neighbours_direct,,,,,,,,,,,,,,,0.0028803897123106325,0,781,0.0,0.0,,,,,,,,,,,,,,,,,,,,,,,,,,,,,,,,,,,,,,,,,,,,,,,,,,,,,,,,,,,,,,,,,,,,,,,,,,nan,,,,,,,,,,,,,,,
118,2055.691162109375,0.020532937720417976,2.0532937720417976,1256.792619228363,10000,ppo,ppo,crawler,flat,dth_dth_neighbours_direct,,,,,,,,,,,,,,,0.0023029247187072504,0,781,0.0,0.0,,,,,,,,,,,,,,,,,,,,,,,,,,,,,,,,,,,,,,,,,,,,,,,,,,,,,,,,,,,,,,,,,,,,,,,,,,nan,,,,,,,,,,,,,,,
119,1989.3424072265625,0.01987806335091591,1.9878063350915909,1267.318928718567,10000,ppo,ppo,crawler,flat,dth_dth_neighbours_direct,,,,,,,,,,,,,,,0.0023499820852168375,0,781,0.0,0.0,,,,,,,,,,,,,,,,,,,,,,,,,,,,,,,,,,,,,,,,,,,,,,,,,,,,,,,,,,,,,,,,,,,,,,,,,,nan,,,,,,,,,,,,,,,
120,2048.855712890625,0.020468605682253838,2.0468605682253838,1277.4425904750824,10000,ppo,ppo,crawler,flat,dth_dth_neighbours_direct,,,,,,,,,,,,,,,0.002048496891556345,0,781,0.0,0.0,,,,,,,,,,,,,,,,,,,,,,,,,,,,,,,,,,,,,,,,,,,,,,,,,,,,,,,,,,,,,,,,,,,,,,,,,,nan,,,,,,,,,,,,,,,
121,2051.274169921875,0.02049066498875618,2.049066498875618,1287.5436782836914,10000,ppo,ppo,crawler,flat,dth_dth_neighbours_direct,,,,,,,,,,,,,,,0.0023635166314374388,0,781,0.0,0.0,,,,,,,,,,,,,,,,,,,,,,,,,,,,,,,,,,,,,,,,,,,,,,,,,,,,,,,,,,,,,,,,,,,,,,,,,,nan,,,,,,,,,,,,,,,
122,2058.322021484375,0.020558461546897888,2.055846154689789,1297.6978454589844,10000,ppo,ppo,crawler,flat,dth_dth_neighbours_direct,,,,,,,,,,,,,,,0.0023287164581851007,0,781,0.0,0.0,,,,,,,,,,,,,,,,,,,,,,,,,,,,,,,,,,,,,,,,,,,,,,,,,,,,,,,,,,,,,,,,,,,,,,,,,,nan,,,,,,,,,,,,,,,
123,2032.0672607421875,0.020298229530453682,2.029822953045368,1307.8231160640717,10000,ppo,ppo,crawler,flat,dth_dth_neighbours_direct,,,,,,,,,,,,,,,0.002246248204207338,0,781,0.0,0.0,,,,,,,,,,,,,,,,,,,,,,,,,,,,,,,,,,,,,,,,,,,,,,,,,,,,,,,,,,,,,,,,,,,,,,,,,,nan,,,,,,,,,,,,,,,
124,2015.92578125,0.020136944949626923,2.0136944949626923,1318.1290502548218,10000,ppo,ppo,crawler,flat,dth_dth_neighbours_direct,,,,,,,,,,,,,,,0.0021840285246697805,0,781,0.0,0.0,,,,,,,,,,,,,,,,,,,,,,,,,,,,,,,,,,,,,,,,,,,,,,,,,,,,,,,,,,,,,,,,,,,,,,,,,,nan,,,,,,,,,,,,,,,
125,2145.349365234375,0.021430885419249535,2.1430885419249535,1328.148800611496,10000,ppo,ppo,crawler,flat,dth_dth_neighbours_direct,,,,,,,,,,,,,,,0.002212230817780211,0,781,0.0,0.0,,,,,,,,,,,,,,,,,,,,,,,,,,,,,,,,,,,,,,,,,,,,,,,,,,,,,,,,,,,,,,,,,,,,,,,,,,nan,,,,,,,,,,,,,,,
126,2076.426513671875,0.02074030227959156,2.074030227959156,1338.4609415531158,10000,ppo,ppo,crawler,flat,dth_dth_neighbours_direct,,,,,,,,,,,,,,,0.0025269046323739388,0,781,0.0,0.0,,,,,,,,,,,,,,,,,,,,,,,,,,,,,,,,,,,,,,,,,,,,,,,,,,,,,,,,,,,,,,,,,,,,,,,,,,nan,,,,,,,,,,,,,,,
127,2161.445068359375,0.021595001220703125,2.1595001220703125,1348.8766913414001,10000,ppo,ppo,crawler,flat,dth_dth_neighbours_direct,,,,,,,,,,,,,,,0.002747910270470447,0,781,0.0,0.0,,,,,,,,,,,,,,,,,,,,,,,,,,,,,,,,,,,,,,,,,,,,,,,,,,,,,,,,,,,,,,,,,,,,,,,,,,nan,,,,,,,,,,,,,,,
128,2131.982421875,0.02129662036895752,2.129662036895752,1359.2928278446198,10000,ppo,ppo,crawler,flat,dth_dth_neighbours_direct,,,,,,,,,,,,,,,0.0017937857656643863,0,781,0.0,0.0,,,,,,,,,,,,,,,,,,,,,,,,,,,,,,,,,,,,,,,,,,,,,,,,,,,,,,,,,,,,,,,,,,,,,,,,,,nan,,,,,,,,,,,,,,,
129,2130.950927734375,0.021285686641931534,2.1285686641931534,1369.2171261310577,10000,ppo,ppo,crawler,flat,dth_dth_neighbours_direct,,,,,,,,,,,,,,,0.0031126649936002895,0,781,0.0,0.0,,,,,,,,,,,,,,,,,,,,,,,,,,,,,,,,,,,,,,,,,,,,,,,,,,,,,,,,,,,,,,,,,,,,,,,,,,nan,,,,,,,,,,,,,,,
130,2240.054443359375,0.022380273789167404,2.2380273789167404,1379.3282413482666,10000,ppo,ppo,crawler,flat,dth_dth_neighbours_direct,,,,,,,,,,,,,,,0.0018106940158917329,0,781,0.0,0.0,,,,,,,,,,,,,,,,,,,,,,,,,,,,,,,,,,,,,,,,,,,,,,,,,,,,,,,,,,,,,,,,,,,,,,,,,,nan,,,,,,,,,,,,,,,
131,2224.546142578125,0.022221853956580162,2.222185395658016,1389.4347157478333,10000,ppo,ppo,crawler,flat,dth_dth_neighbours_direct,,,,,,,,,,,,,,,0.0023853255112870294,0,781,0.0,0.0,,,,,,,,,,,,,,,,,,,,,,,,,,,,,,,,,,,,,,,,,,,,,,,,,,,,,,,,,,,,,,,,,,,,,,,,,,nan,,,,,,,,,,,,,,,
132,2131.27978515625,0.021291492506861687,2.1291492506861687,1399.4364335536957,10000,ppo,ppo,crawler,flat,dth_dth_neighbours_direct,,,,,,,,,,,,,,,0.0019320601057003018,0,781,0.0,0.0,,,,,,,,,,,,,,,,,,,,,,,,,,,,,,,,,,,,,,,,,,,,,,,,,,,,,,,,,,,,,,,,,,,,,,,,,,nan,,,,,,,,,,,,,,,
133,2201.494140625,0.021990668028593063,2.1990668028593063,1409.6816656589508,10000,ppo,ppo,crawler,flat,dth_dth_neighbours_direct,,,,,,,,,,,,,,,0.0023655016725197373,0,781,0.0,0.0,,,,,,,,,,,,,,,,,,,,,,,,,,,,,,,,,,,,,,,,,,,,,,,,,,,,,,,,,,,,,,,,,,,,,,,,,,nan,,,,,,,,,,,,,,,
134,2149.384521484375,0.021471181884407997,2.1471181884407997,1419.748565196991,10000,ppo,ppo,crawler,flat,dth_dth_neighbours_direct,,,,,,,,,,,,,,,0.0017530682642809877,0,781,0.0,0.0,,,,,,,,,,,,,,,,,,,,,,,,,,,,,,,,,,,,,,,,,,,,,,,,,,,,,,,,,,,,,,,,,,,,,,,,,,nan,,,,,,,,,,,,,,,
135,2166.634765625,0.021643664687871933,2.1643664687871933,1430.2915477752686,10000,ppo,ppo,crawler,flat,dth_dth_neighbours_direct,,,,,,,,,,,,,,,0.0028840851143545963,0,781,0.0,0.0,,,,,,,,,,,,,,,,,,,,,,,,,,,,,,,,,,,,,,,,,,,,,,,,,,,,,,,,,,,,,,,,,,,,,,,,,,nan,,,,,,,,,,,,,,,
136,2262.132568359375,0.02259853109717369,2.259853109717369,1441.137552022934,10000,ppo,ppo,crawler,flat,dth_dth_neighbours_direct,,,,,,,,,,,,,,,0.002669979176444226,0,781,0.0,0.0,,,,,,,,,,,,,,,,,,,,,,,,,,,,,,,,,,,,,,,,,,,,,,,,,,,,,,,,,,,,,,,,,,,,,,,,,,nan,,,,,,,,,,,,,,,
137,2269.964111328125,0.02267773449420929,2.267773449420929,1451.902744293213,10000,ppo,ppo,crawler,flat,dth_dth_neighbours_direct,,,,,,,,,,,,,,,0.0021718877261274906,0,781,0.0,0.0,,,,,,,,,,,,,,,,,,,,,,,,,,,,,,,,,,,,,,,,,,,,,,,,,,,,,,,,,,,,,,,,,,,,,,,,,,nan,,,,,,,,,,,,,,,
138,2222.621826171875,0.022206543013453484,2.2206543013453484,1462.9334149360657,10000,ppo,ppo,crawler,flat,dth_dth_neighbours_direct,,,,,,,,,,,,,,,0.0028864772395213846,0,781,0.0,0.0,,,,,,,,,,,,,,,,,,,,,,,,,,,,,,,,,,,,,,,,,,,,,,,,,,,,,,,,,,,,,,,,,,,,,,,,,,nan,,,,,,,,,,,,,,,
139,2275.85888671875,0.02273346111178398,2.273346111178398,1473.7000443935394,10000,ppo,ppo,crawler,flat,dth_dth_neighbours_direct,,,,,,,,,,,,,,,0.001992525168264661,0,781,0.0,0.0,,,,,,,,,,,,,,,,,,,,,,,,,,,,,,,,,,,,,,,,,,,,,,,,,,,,,,,,,,,,,,,,,,,,,,,,,,nan,,,,,,,,,,,,,,,
140,2155.247802734375,0.0215322133153677,2.15322133153677,1484.5314860343933,10000,ppo,ppo,crawler,flat,dth_dth_neighbours_direct,,,,,,,,,,,,,,,0.002343919513397283,0,781,0.0,0.0,,,,,,,,,,,,,,,,,,,,,,,,,,,,,,,,,,,,,,,,,,,,,,,,,,,,,,,,,,,,,,,,,,,,,,,,,,nan,,,,,,,,,,,,,,,
141,2196.497802734375,0.021940233185887337,2.1940233185887337,1495.4636225700378,10000,ppo,ppo,crawler,flat,dth_dth_neighbours_direct,,,,,,,,,,,,,,,0.0027903315220138185,0,781,0.0,0.0,,,,,,,,,,,,,,,,,,,,,,,,,,,,,,,,,,,,,,,,,,,,,,,,,,,,,,,,,,,,,,,,,,,,,,,,,,nan,,,,,,,,,,,,,,,
142,2231.743896484375,0.022297058254480362,2.229705825448036,1506.7227849960327,10000,ppo,ppo,crawler,flat,dth_dth_neighbours_direct,,,,,,,,,,,,,,,0.002332419400251653,0,781,0.0,0.0,,,,,,,,,,,,,,,,,,,,,,,,,,,,,,,,,,,,,,,,,,,,,,,,,,,,,,,,,,,,,,,,,,,,,,,,,,nan,,,,,,,,,,,,,,,
143,2266.576904296875,0.022642264142632484,2.2642264142632484,1517.3065400123596,10000,ppo,ppo,crawler,flat,dth_dth_neighbours_direct,,,,,,,,,,,,,,,0.00174260088254521,0,781,0.0,0.0,,,,,,,,,,,,,,,,,,,,,,,,,,,,,,,,,,,,,,,,,,,,,,,,,,,,,,,,,,,,,,,,,,,,,,,,,,nan,,,,,,,,,,,,,,,
144,2221.5859375,0.022191911935806274,2.2191911935806274,1528.046135187149,10000,ppo,ppo,crawler,flat,dth_dth_neighbours_direct,,,,,,,,,,,,,,,0.002279273568086499,0,781,0.0,0.0,,,,,,,,,,,,,,,,,,,,,,,,,,,,,,,,,,,,,,,,,,,,,,,,,,,,,,,,,,,,,,,,,,,,,,,,,,nan,,,,,,,,,,,,,,,
145,2125.787109375,0.02123381569981575,2.123381569981575,1538.845469713211,10000,ppo,ppo,crawler,flat,dth_dth_neighbours_direct,,,,,,,,,,,,,,,0.002537638473360727,0,781,0.0,0.0,,,,,,,,,,,,,,,,,,,,,,,,,,,,,,,,,,,,,,,,,,,,,,,,,,,,,,,,,,,,,,,,,,,,,,,,,,nan,,,,,,,,,,,,,,,
146,2200.18017578125,0.021979760378599167,2.1979760378599167,1549.4899952411652,10000,ppo,ppo,crawler,flat,dth_dth_neighbours_direct,,,,,,,,,,,,,,,0.0020457033850237536,0,781,0.0,0.0,,,,,,,,,,,,,,,,,,,,,,,,,,,,,,,,,,,,,,,,,,,,,,,,,,,,,,,,,,,,,,,,,,,,,,,,,,nan,,,,,,,,,,,,,,,
147,2216.175537109375,0.022139888256788254,2.2139888256788254,1560.3063197135925,10000,ppo,ppo,crawler,flat,dth_dth_neighbours_direct,,,,,,,,,,,,,,,0.002140238366804119,0,781,0.0,0.0,,,,,,,,,,,,,,,,,,,,,,,,,,,,,,,,,,,,,,,,,,,,,,,,,,,,,,,,,,,,,,,,,,,,,,,,,,nan,,,,,,,,,,,,,,,
148,2110.168212890625,0.02108086459338665,2.108086459338665,1571.09587931633,10000,ppo,ppo,crawler,flat,dth_dth_neighbours_direct,,,,,,,,,,,,,,,0.002335219229915004,0,781,0.0,0.0,,,,,,,,,,,,,,,,,,,,,,,,,,,,,,,,,,,,,,,,,,,,,,,,,,,,,,,,,,,,,,,,,,,,,,,,,,nan,,,,,,,,,,,,,,,
149,2186.040771484375,0.021839290857315063,2.1839290857315063,1581.8791348934174,10000,ppo,ppo,crawler,flat,dth_dth_neighbours_direct,,,,,,,,,,,,,,,0.0031627761402125447,0,781,0.0,0.0,,,,,,,,,,,,,,,,,,,,,,,,,,,,,,,,,,,,,,,,,,,,,,,,,,,,,,,,,,,,,,,,,,,,,,,,,,nan,,,,,,,,,,,,,,,
150,2153.270263671875,0.02151007205247879,2.151007205247879,1592.870123386383,10000,ppo,ppo,crawler,flat,dth_dth_neighbours_direct,,,,,,,,,,,,,,,0.003403703170088705,0,781,0.0,0.0,,,,,,,,,,,,,,,,,,,,,,,,,,,,,,,,,,,,,,,,,,,,,,,,,,,,,,,,,,,,,,,,,,,,,,,,,,nan,,,,,,,,,,,,,,,
151,2199.329833984375,0.02196747623383999,2.196747623383999,1603.8804993629456,10000,ppo,ppo,crawler,flat,dth_dth_neighbours_direct,,,,,,,,,,,,,,,0.002442757609920211,0,781,0.0,0.0,,,,,,,,,,,,,,,,,,,,,,,,,,,,,,,,,,,,,,,,,,,,,,,,,,,,,,,,,,,,,,,,,,,,,,,,,,nan,,,,,,,,,,,,,,,
152,2213.42431640625,0.022108886390924454,2.2108886390924454,1614.7497584819794,10000,ppo,ppo,crawler,flat,dth_dth_neighbours_direct,,,,,,,,,,,,,,,0.0023360401026880882,0,781,0.0,0.0,,,,,,,,,,,,,,,,,,,,,,,,,,,,,,,,,,,,,,,,,,,,,,,,,,,,,,,,,,,,,,,,,,,,,,,,,,nan,,,,,,,,,,,,,,,
153,2223.045654296875,0.02220570482313633,2.220570482313633,1625.7989811897278,10000,ppo,ppo,crawler,flat,dth_dth_neighbours_direct,,,,,,,,,,,,,,,0.0033590593549781443,0,781,0.0,0.0,,,,,,,,,,,,,,,,,,,,,,,,,,,,,,,,,,,,,,,,,,,,,,,,,,,,,,,,,,,,,,,,,,,,,,,,,,nan,,,,,,,,,,,,,,,
154,2219.980224609375,0.022176094353199005,2.2176094353199005,1636.6925806999207,10000,ppo,ppo,crawler,flat,dth_dth_neighbours_direct,,,,,,,,,,,,,,,0.0021883019027742366,0,781,0.0,0.0,,,,,,,,,,,,,,,,,,,,,,,,,,,,,,,,,,,,,,,,,,,,,,,,,,,,,,,,,,,,,,,,,,,,,,,,,,nan,,,,,,,,,,,,,,,
155,2248.212158203125,0.02246003970503807,2.246003970503807,1647.5045366287231,10000,ppo,ppo,crawler,flat,dth_dth_neighbours_direct,,,,,,,,,,,,,,,0.0026763593341433438,0,781,0.0,0.0,,,,,,,,,,,,,,,,,,,,,,,,,,,,,,,,,,,,,,,,,,,,,,,,,,,,,,,,,,,,,,,,,,,,,,,,,,nan,,,,,,,,,,,,,,,
156,2181.484375,0.021791253238916397,2.1791253238916397,1658.131230354309,10000,ppo,ppo,crawler,flat,dth_dth_neighbours_direct,,,,,,,,,,,,,,,0.00187916440883288,0,781,0.0,0.0,,,,,,,,,,,,,,,,,,,,,,,,,,,,,,,,,,,,,,,,,,,,,,,,,,,,,,,,,,,,,,,,,,,,,,,,,,nan,,,,,,,,,,,,,,,
157,2226.056396484375,0.02223823592066765,2.223823592066765,1669.3399496078491,10000,ppo,ppo,crawler,flat,dth_dth_neighbours_direct,,,,,,,,,,,,,,,0.002524010462964116,0,781,0.0,0.0,,,,,,,,,,,,,,,,,,,,,,,,,,,,,,,,,,,,,,,,,,,,,,,,,,,,,,,,,,,,,,,,,,,,,,,,,,nan,,,,,,,,,,,,,,,
158,2262.048828125,0.022599276155233383,2.2599276155233383,1680.342087984085,10000,ppo,ppo,crawler,flat,dth_dth_neighbours_direct,,,,,,,,,,,,,,,0.0022144089504807065,0,781,0.0,0.0,,,,,,,,,,,,,,,,,,,,,,,,,,,,,,,,,,,,,,,,,,,,,,,,,,,,,,,,,,,,,,,,,,,,,,,,,,nan,,,,,,,,,,,,,,,
159,2193.103271484375,0.02190842665731907,2.190842665731907,1691.5810012817383,10000,ppo,ppo,crawler,flat,dth_dth_neighbours_direct,,,,,,,,,,,,,,,0.0019220932604834368,0,781,0.0,0.0,,,,,,,,,,,,,,,,,,,,,,,,,,,,,,,,,,,,,,,,,,,,,,,,,,,,,,,,,,,,,,,,,,,,,,,,,,nan,,,,,,,,,,,,,,,
160,2254.155029296875,0.022515930235385895,2.2515930235385895,1703.1048271656036,10000,ppo,ppo,crawler,flat,dth_dth_neighbours_direct,,,,,,,,,,,,,,,0.0019252927795087287,0,781,0.0,0.0,,,,,,,,,,,,,,,,,,,,,,,,,,,,,,,,,,,,,,,,,,,,,,,,,,,,,,,,,,,,,,,,,,,,,,,,,,nan,,,,,,,,,,,,,,,
161,2265.1396484375,0.022626983001828194,2.2626983001828194,1714.4761636257172,10000,ppo,ppo,crawler,flat,dth_dth_neighbours_direct,,,,,,,,,,,,,,,0.0022323325278564526,0,781,0.0,0.0,,,,,,,,,,,,,,,,,,,,,,,,,,,,,,,,,,,,,,,,,,,,,,,,,,,,,,,,,,,,,,,,,,,,,,,,,,nan,,,,,,,,,,,,,,,
162,2281.62451171875,0.022796422243118286,2.2796422243118286,1725.3878626823425,10000,ppo,ppo,crawler,flat,dth_dth_neighbours_direct,,,,,,,,,,,,,,,0.0026473172619955517,0,781,0.0,0.0,,,,,,,,,,,,,,,,,,,,,,,,,,,,,,,,,,,,,,,,,,,,,,,,,,,,,,,,,,,,,,,,,,,,,,,,,,nan,,,,,,,,,,,,,,,
163,2272.07080078125,0.022697290405631065,2.2697290405631065,1736.1763110160828,10000,ppo,ppo,crawler,flat,dth_dth_neighbours_direct,,,,,,,,,,,,,,,0.0022464915858667117,0,781,0.0,0.0,,,,,,,,,,,,,,,,,,,,,,,,,,,,,,,,,,,,,,,,,,,,,,,,,,,,,,,,,,,,,,,,,,,,,,,,,,nan,,,,,,,,,,,,,,,
164,2282.451904296875,0.02279992774128914,2.279992774128914,1747.4392116069794,10000,ppo,ppo,crawler,flat,dth_dth_neighbours_direct,,,,,,,,,,,,,,,0.0017674667495522125,0,781,0.0,0.0,,,,,,,,,,,,,,,,,,,,,,,,,,,,,,,,,,,,,,,,,,,,,,,,,,,,,,,,,,,,,,,,,,,,,,,,,,nan,,,,,,,,,,,,,,,
165,2297.352294921875,0.022951126098632812,2.2951126098632812,1758.8637733459473,10000,ppo,ppo,crawler,flat,dth_dth_neighbours_direct,,,,,,,,,,,,,,,0.0026005717393357964,0,781,0.0,0.0,,,,,,,,,,,,,,,,,,,,,,,,,,,,,,,,,,,,,,,,,,,,,,,,,,,,,,,,,,,,,,,,,,,,,,,,,,nan,,,,,,,,,,,,,,,
166,2218.899169921875,0.022164512425661087,2.2164512425661087,1769.7820711135864,10000,ppo,ppo,crawler,flat,dth_dth_neighbours_direct,,,,,,,,,,,,,,,0.0023657544978524245,0,781,0.0,0.0,,,,,,,,,,,,,,,,,,,,,,,,,,,,,,,,,,,,,,,,,,,,,,,,,,,,,,,,,,,,,,,,,,,,,,,,,,nan,,,,,,,,,,,,,,,
167,2364.189697265625,0.023617297410964966,2.3617297410964966,1780.7280325889587,10000,ppo,ppo,crawler,flat,dth_dth_neighbours_direct,,,,,,,,,,,,,,,0.00235279001315537,0,781,0.0,0.0,,,,,,,,,,,,,,,,,,,,,,,,,,,,,,,,,,,,,,,,,,,,,,,,,,,,,,,,,,,,,,,,,,,,,,,,,,nan,,,,,,,,,,,,,,,
168,2286.891357421875,0.022849053144454956,2.2849053144454956,1791.914617061615,10000,ppo,ppo,crawler,flat,dth_dth_neighbours_direct,,,,,,,,,,,,,,,0.0024672570803724613,0,781,0.0,0.0,,,,,,,,,,,,,,,,,,,,,,,,,,,,,,,,,,,,,,,,,,,,,,,,,,,,,,,,,,,,,,,,,,,,,,,,,,nan,,,,,,,,,,,,,,,
169,2276.51025390625,0.022741539403796196,2.2741539403796196,1803.0039901733398,10000,ppo,ppo,crawler,flat,dth_dth_neighbours_direct,,,,,,,,,,,,,,,0.0019294145776654313,0,781,0.0,0.0,,,,,,,,,,,,,,,,,,,,,,,,,,,,,,,,,,,,,,,,,,,,,,,,,,,,,,,,,,,,,,,,,,,,,,,,,,nan,,,,,,,,,,,,,,,
170,2209.297607421875,0.022070834413170815,2.2070834413170815,1813.9398810863495,10000,ppo,ppo,crawler,flat,dth_dth_neighbours_direct,,,,,,,,,,,,,,,0.0015985740021049204,0,781,0.0,0.0,,,,,,,,,,,,,,,,,,,,,,,,,,,,,,,,,,,,,,,,,,,,,,,,,,,,,,,,,,,,,,,,,,,,,,,,,,nan,,,,,,,,,,,,,,,
171,2299.005615234375,0.022966932505369186,2.2966932505369186,1824.9096512794495,10000,ppo,ppo,crawler,flat,dth_dth_neighbours_direct,,,,,,,,,,,,,,,0.0027119637168148605,0,781,0.0,0.0,,,,,,,,,,,,,,,,,,,,,,,,,,,,,,,,,,,,,,,,,,,,,,,,,,,,,,,,,,,,,,,,,,,,,,,,,,nan,,,,,,,,,,,,,,,
172,2349.194091796875,0.023462506011128426,2.3462506011128426,1835.9769732952118,10000,ppo,ppo,crawler,flat,dth_dth_neighbours_direct,,,,,,,,,,,,,,,0.0022104038369029164,0,781,0.0,0.0,,,,,,,,,,,,,,,,,,,,,,,,,,,,,,,,,,,,,,,,,,,,,,,,,,,,,,,,,,,,,,,,,,,,,,,,,,nan,,,,,,,,,,,,,,,
173,2291.197265625,0.02288663014769554,2.288663014769554,1847.0007350444794,10000,ppo,ppo,crawler,flat,dth_dth_neighbours_direct,,,,,,,,,,,,,,,0.0015429474803897716,0,781,0.0,0.0,,,,,,,,,,,,,,,,,,,,,,,,,,,,,,,,,,,,,,,,,,,,,,,,,,,,,,,,,,,,,,,,,,,,,,,,,,nan,,,,,,,,,,,,,,,
174,2381.739013671875,0.0237930528819561,2.37930528819561,1857.83060836792,10000,ppo,ppo,crawler,flat,dth_dth_neighbours_direct,,,,,,,,,,,,,,,0.0032671898163480293,0,781,0.0,0.0,,,,,,,,,,,,,,,,,,,,,,,,,,,,,,,,,,,,,,,,,,,,,,,,,,,,,,,,,,,,,,,,,,,,,,,,,,nan,,,,,,,,,,,,,,,
175,2298.095458984375,0.022961344569921494,2.2961344569921494,1868.408056974411,10000,ppo,ppo,crawler,flat,dth_dth_neighbours_direct,,,,,,,,,,,,,,,0.0023827716341425402,0,781,0.0,0.0,,,,,,,,,,,,,,,,,,,,,,,,,,,,,,,,,,,,,,,,,,,,,,,,,,,,,,,,,,,,,,,,,,,,,,,,,,nan,,,,,,,,,,,,,,,
176,2298.88232421875,0.022967776283621788,2.296777628362179,1879.454170703888,10000,ppo,ppo,crawler,flat,dth_dth_neighbours_direct,,,,,,,,,,,,,,,0.0026703927524955647,0,781,0.0,0.0,,,,,,,,,,,,,,,,,,,,,,,,,,,,,,,,,,,,,,,,,,,,,,,,,,,,,,,,,,,,,,,,,,,,,,,,,,nan,,,,,,,,,,,,,,,
177,2315.174072265625,0.023128952831029892,2.312895283102989,1890.1743731498718,10000,ppo,ppo,crawler,flat,dth_dth_neighbours_direct,,,,,,,,,,,,,,,0.0016089435375277962,0,781,0.0,0.0,,,,,,,,,,,,,,,,,,,,,,,,,,,,,,,,,,,,,,,,,,,,,,,,,,,,,,,,,,,,,,,,,,,,,,,,,,nan,,,,,,,,,,,,,,,
178,2194.87744140625,0.02192625403404236,2.192625403404236,1900.8913497924805,10000,ppo,ppo,crawler,flat,dth_dth_neighbours_direct,,,,,,,,,,,,,,,0.007406609730168047,0,781,0.0,0.0,,,,,,,,,,,,,,,,,,,,,,,,,,,,,,,,,,,,,,,,,,,,,,,,,,,,,,,,,,,,,,,,,,,,,,,,,,nan,,,,,,,,,,,,,,,
179,2173.22998046875,0.02171146124601364,2.171146124601364,1912.0889229774475,10000,ppo,ppo,crawler,flat,dth_dth_neighbours_direct,,,,,,,,,,,,,,,0.0018605949699809063,0,781,0.0,0.0,,,,,,,,,,,,,,,,,,,,,,,,,,,,,,,,,,,,,,,,,,,,,,,,,,,,,,,,,,,,,,,,,,,,,,,,,,nan,,,,,,,,,,,,,,,
180,2160.394287109375,0.02158038504421711,2.158038504421711,1922.8394191265106,10000,ppo,ppo,crawler,flat,dth_dth_neighbours_direct,,,,,,,,,,,,,,,0.003388892617846899,0,781,0.0,0.0,,,,,,,,,,,,,,,,,,,,,,,,,,,,,,,,,,,,,,,,,,,,,,,,,,,,,,,,,,,,,,,,,,,,,,,,,,nan,,,,,,,,,,,,,,,
181,2107.26220703125,0.02104782871901989,2.104782871901989,1933.662837266922,10000,ppo,ppo,crawler,flat,dth_dth_neighbours_direct,,,,,,,,,,,,,,,0.0018417362247251385,0,781,0.0,0.0,,,,,,,,,,,,,,,,,,,,,,,,,,,,,,,,,,,,,,,,,,,,,,,,,,,,,,,,,,,,,,,,,,,,,,,,,,nan,,,,,,,,,,,,,,,
182,2127.760009765625,0.02125401608645916,2.125401608645916,1944.2406821250916,10000,ppo,ppo,crawler,flat,dth_dth_neighbours_direct,,,,,,,,,,,,,,,0.0023190667498423252,0,781,0.0,0.0,,,,,,,,,,,,,,,,,,,,,,,,,,,,,,,,,,,,,,,,,,,,,,,,,,,,,,,,,,,,,,,,,,,,,,,,,,nan,,,,,,,,,,,,,,,
183,2188.465576171875,0.021863169968128204,2.1863169968128204,1954.7692251205444,10000,ppo,ppo,crawler,flat,dth_dth_neighbours_direct,,,,,,,,,,,,,,,0.0024571369654758247,0,781,0.0,0.0,,,,,,,,,,,,,,,,,,,,,,,,,,,,,,,,,,,,,,,,,,,,,,,,,,,,,,,,,,,,,,,,,,,,,,,,,,nan,,,,,,,,,,,,,,,
184,2241.62548828125,0.022392256185412407,2.2392256185412407,1964.3973531723022,10000,ppo,ppo,crawler,flat,dth_dth_neighbours_direct,,,,,,,,,,,,,,,0.002008530082981044,0,781,0.0,0.0,,,,,,,,,,,,,,,,,,,,,,,,,,,,,,,,,,,,,,,,,,,,,,,,,,,,,,,,,,,,,,,,,,,,,,,,,,nan,,,,,,,,,,,,,,,
185,2156.844482421875,0.02154267579317093,2.154267579317093,1974.5372216701508,10000,ppo,ppo,crawler,flat,dth_dth_neighbours_direct,,,,,,,,,,,,,,,0.002882125471088707,0,781,0.0,0.0,,,,,,,,,,,,,,,,,,,,,,,,,,,,,,,,,,,,,,,,,,,,,,,,,,,,,,,,,,,,,,,,,,,,,,,,,,nan,,,,,,,,,,,,,,,
186,2157.819580078125,0.02155296504497528,2.155296504497528,1984.860062122345,10000,ppo,ppo,crawler,flat,dth_dth_neighbours_direct,,,,,,,,,,,,,,,0.00303971066882141,0,781,0.0,0.0,,,,,,,,,,,,,,,,,,,,,,,,,,,,,,,,,,,,,,,,,,,,,,,,,,,,,,,,,,,,,,,,,,,,,,,,,,nan,,,,,,,,,,,,,,,
187,2115.622314453125,0.021135499700903893,2.1135499700903893,1994.7296159267426,10000,ppo,ppo,crawler,flat,dth_dth_neighbours_direct,,,,,,,,,,,,,,,0.002651692715475788,0,781,0.0,0.0,,,,,,,,,,,,,,,,,,,,,,,,,,,,,,,,,,,,,,,,,,,,,,,,,,,,,,,,,,,,,,,,,,,,,,,,,,nan,,,,,,,,,,,,,,,
188,2113.015625,0.021107908338308334,2.1107908338308334,2004.6631367206573,10000,ppo,ppo,crawler,flat,dth_dth_neighbours_direct,,,,,,,,,,,,,,,0.002718047518904898,0,781,0.0,0.0,,,,,,,,,,,,,,,,,,,,,,,,,,,,,,,,,,,,,,,,,,,,,,,,,,,,,,,,,,,,,,,,,,,,,,,,,,nan,,,,,,,,,,,,,,,
189,2190.974365234375,0.021881425753235817,2.1881425753235817,2014.5705847740173,10000,ppo,ppo,crawler,flat,dth_dth_neighbours_direct,,,,,,,,,,,,,,,0.0034485781639091184,0,781,0.0,0.0,,,,,,,,,,,,,,,,,,,,,,,,,,,,,,,,,,,,,,,,,,,,,,,,,,,,,,,,,,,,,,,,,,,,,,,,,,nan,,,,,,,,,,,,,,,
190,2193.384765625,0.021914441138505936,2.1914441138505936,2025.0109066963196,10000,ppo,ppo,crawler,flat,dth_dth_neighbours_direct,,,,,,,,,,,,,,,0.0020038609124912125,0,781,0.0,0.0,,,,,,,,,,,,,,,,,,,,,,,,,,,,,,,,,,,,,,,,,,,,,,,,,,,,,,,,,,,,,,,,,,,,,,,,,,nan,,,,,,,,,,,,,,,
191,2357.52978515625,0.023549918085336685,2.3549918085336685,2035.1667020320892,10000,ppo,ppo,crawler,flat,dth_dth_neighbours_direct,,,,,,,,,,,,,,,0.0016640132359635653,0,781,0.0,0.0,,,,,,,,,,,,,,,,,,,,,,,,,,,,,,,,,,,,,,,,,,,,,,,,,,,,,,,,,,,,,,,,,,,,,,,,,,nan,,,,,,,,,,,,,,,
192,2225.317626953125,0.02222803607583046,2.222803607583046,2045.3376488685608,10000,ppo,ppo,crawler,flat,dth_dth_neighbours_direct,,,,,,,,,,,,,,,0.0017345484725115143,0,781,0.0,0.0,,,,,,,,,,,,,,,,,,,,,,,,,,,,,,,,,,,,,,,,,,,,,,,,,,,,,,,,,,,,,,,,,,,,,,,,,,nan,,,,,,,,,,,,,,,
193,2294.564453125,0.02291908673942089,2.291908673942089,2055.372369289398,10000,ppo,ppo,crawler,flat,dth_dth_neighbours_direct,,,,,,,,,,,,,,,0.001717152252774711,0,781,0.0,0.0,,,,,,,,,,,,,,,,,,,,,,,,,,,,,,,,,,,,,,,,,,,,,,,,,,,,,,,,,,,,,,,,,,,,,,,,,,nan,,,,,,,,,,,,,,,
194,2248.15185546875,0.022456645965576172,2.245664596557617,2065.258714199066,10000,ppo,ppo,crawler,flat,dth_dth_neighbours_direct,,,,,,,,,,,,,,,0.0023547502956305266,0,781,0.0,0.0,,,,,,,,,,,,,,,,,,,,,,,,,,,,,,,,,,,,,,,,,,,,,,,,,,,,,,,,,,,,,,,,,,,,,,,,,,nan,,,,,,,,,,,,,,,
195,2333.370361328125,0.023307926952838898,2.3307926952838898,2075.0548815727234,10000,ppo,ppo,crawler,flat,dth_dth_neighbours_direct,,,,,,,,,,,,,,,0.0016900915979885015,0,781,0.0,0.0,,,,,,,,,,,,,,,,,,,,,,,,,,,,,,,,,,,,,,,,,,,,,,,,,,,,,,,,,,,,,,,,,,,,,,,,,,nan,,,,,,,,,,,,,,,
196,2338.392333984375,0.023360371589660645,2.3360371589660645,2084.960571527481,10000,ppo,ppo,crawler,flat,dth_dth_neighbours_direct,,,,,,,,,,,,,,,0.001121503316549682,0,781,0.0,0.0,,,,,,,,,,,,,,,,,,,,,,,,,,,,,,,,,,,,,,,,,,,,,,,,,,,,,,,,,,,,,,,,,,,,,,,,,,nan,,,,,,,,,,,,,,,
197,2284.46728515625,0.022819753736257553,2.2819753736257553,2094.4994678497314,10000,ppo,ppo,crawler,flat,dth_dth_neighbours_direct,,,,,,,,,,,,,,,0.0019391226641808901,0,781,0.0,0.0,,,,,,,,,,,,,,,,,,,,,,,,,,,,,,,,,,,,,,,,,,,,,,,,,,,,,,,,,,,,,,,,,,,,,,,,,,nan,,,,,,,,,,,,,,,
198,2368.374755859375,0.023659082129597664,2.3659082129597664,2104.740458726883,10000,ppo,ppo,crawler,flat,dth_dth_neighbours_direct,,,,,,,,,,,,,,,0.0018337982139938049,0,781,0.0,0.0,,,,,,,,,,,,,,,,,,,,,,,,,,,,,,,,,,,,,,,,,,,,,,,,,,,,,,,,,,,,,,,,,,,,,,,,,,nan,,,,,,,,,,,,,,,
199,2296.75439453125,0.022943247109651566,2.2943247109651566,2114.447739124298,10000,ppo,ppo,crawler,flat,dth_dth_neighbours_direct,,,,,,,,,,,,,,,0.0014915289783067238,0,781,0.0,0.0,,,,,,,,,,,,,,,,,,,,,,,,,,,,,,,,,,,,,,,,,,,,,,,,,,,,,,,,,,,,,,,,,,,,,,,,,,nan,,,,,,,,,,,,,,,
200,2344.933349609375,0.02342984639108181,2.342984639108181,2124.163920402527,10000,ppo,ppo,crawler,flat,dth_dth_neighbours_direct,,,,,,,,,,,,,,,0.002316685752949931,0,781,0.0,0.0,,,,,,,,,,,,,,,,,,,,,,,,,,,,,,,,,,,,,,,,,,,,,,,,,,,,,,,,,,,,,,,,,,,,,,,,,,nan,,,,,,,,,,,,,,,
201,2398.462158203125,0.02395729348063469,2.395729348063469,2134.1447207927704,10000,ppo,ppo,crawler,flat,dth_dth_neighbours_direct,,,,,,,,,,,,,,,0.0025208652478983626,0,781,0.0,0.0,,,,,,,,,,,,,,,,,,,,,,,,,,,,,,,,,,,,,,,,,,,,,,,,,,,,,,,,,,,,,,,,,,,,,,,,,,nan,,,,,,,,,,,,,,,
202,2362.661865234375,0.023602407425642014,2.3602407425642014,2143.709893465042,10000,ppo,ppo,crawler,flat,dth_dth_neighbours_direct,,,,,,,,,,,,,,,0.0016661727858031735,0,781,0.0,0.0,,,,,,,,,,,,,,,,,,,,,,,,,,,,,,,,,,,,,,,,,,,,,,,,,,,,,,,,,,,,,,,,,,,,,,,,,,nan,,,,,,,,,,,,,,,
203,2407.19970703125,0.024045486003160477,2.4045486003160477,2153.733201980591,10000,ppo,ppo,crawler,flat,dth_dth_neighbours_direct,,,,,,,,,,,,,,,0.0017966657669254234,0,781,0.0,0.0,,,,,,,,,,,,,,,,,,,,,,,,,,,,,,,,,,,,,,,,,,,,,,,,,,,,,,,,,,,,,,,,,,,,,,,,,,nan,,,,,,,,,,,,,,,
204,2443.786376953125,0.024412401020526886,2.4412401020526886,2163.639609336853,10000,ppo,ppo,crawler,flat,dth_dth_neighbours_direct,,,,,,,,,,,,,,,0.0025504661668230753,0,781,0.0,0.0,,,,,,,,,,,,,,,,,,,,,,,,,,,,,,,,,,,,,,,,,,,,,,,,,,,,,,,,,,,,,,,,,,,,,,,,,,nan,,,,,,,,,,,,,,,
205,2375.767333984375,0.02372991293668747,2.372991293668747,2173.6653316020966,10000,ppo,ppo,crawler,flat,dth_dth_neighbours_direct,,,,,,,,,,,,,,,0.0019841025939239536,0,781,0.0,0.0,,,,,,,,,,,,,,,,,,,,,,,,,,,,,,,,,,,,,,,,,,,,,,,,,,,,,,,,,,,,,,,,,,,,,,,,,,nan,,,,,,,,,,,,,,,
206,2300.158935546875,0.022976834326982498,2.29768343269825,2183.7466328144073,10000,ppo,ppo,crawler,flat,dth_dth_neighbours_direct,,,,,,,,,,,,,,,0.0020974051871253765,0,781,0.0,0.0,,,,,,,,,,,,,,,,,,,,,,,,,,,,,,,,,,,,,,,,,,,,,,,,,,,,,,,,,,,,,,,,,,,,,,,,,,nan,,,,,,,,,,,,,,,
207,2304.697021484375,0.023025594651699066,2.3025594651699066,2193.5412616729736,10000,ppo,ppo,crawler,flat,dth_dth_neighbours_direct,,,,,,,,,,,,,,,0.002481363667503803,0,781,0.0,0.0,,,,,,,,,,,,,,,,,,,,,,,,,,,,,,,,,,,,,,,,,,,,,,,,,,,,,,,,,,,,,,,,,,,,,,,,,,nan,,,,,,,,,,,,,,,
208,2343.31494140625,0.023407695814967155,2.3407695814967155,2203.484039068222,10000,ppo,ppo,crawler,flat,dth_dth_neighbours_direct,,,,,,,,,,,,,,,0.0018135640339752928,0,781,0.0,0.0,,,,,,,,,,,,,,,,,,,,,,,,,,,,,,,,,,,,,,,,,,,,,,,,,,,,,,,,,,,,,,,,,,,,,,,,,,nan,,,,,,,,,,,,,,,
209,2367.95166015625,0.023656122386455536,2.3656122386455536,2213.3955187797546,10000,ppo,ppo,crawler,flat,dth_dth_neighbours_direct,,,,,,,,,,,,,,,0.002099868781811865,0,781,0.0,0.0,,,,,,,,,,,,,,,,,,,,,,,,,,,,,,,,,,,,,,,,,,,,,,,,,,,,,,,,,,,,,,,,,,,,,,,,,,nan,,,,,,,,,,,,,,,
210,2293.166748046875,0.02290687896311283,2.290687896311283,2223.0241689682007,10000,ppo,ppo,crawler,flat,dth_dth_neighbours_direct,,,,,,,,,,,,,,,0.002268118316961822,0,781,0.0,0.0,,,,,,,,,,,,,,,,,,,,,,,,,,,,,,,,,,,,,,,,,,,,,,,,,,,,,,,,,,,,,,,,,,,,,,,,,,nan,,,,,,,,,,,,,,,
211,2342.997802734375,0.023405317217111588,2.3405317217111588,2232.9523887634277,10000,ppo,ppo,crawler,flat,dth_dth_neighbours_direct,,,,,,,,,,,,,,,0.002030672529342764,0,781,0.0,0.0,,,,,,,,,,,,,,,,,,,,,,,,,,,,,,,,,,,,,,,,,,,,,,,,,,,,,,,,,,,,,,,,,,,,,,,,,,nan,,,,,,,,,,,,,,,
212,2267.541748046875,0.022650854662060738,2.2650854662060738,2242.615438222885,10000,ppo,ppo,crawler,flat,dth_dth_neighbours_direct,,,,,,,,,,,,,,,0.001384098982722352,0,781,0.0,0.0,,,,,,,,,,,,,,,,,,,,,,,,,,,,,,,,,,,,,,,,,,,,,,,,,,,,,,,,,,,,,,,,,,,,,,,,,,nan,,,,,,,,,,,,,,,
213,2287.029296875,0.02284875512123108,2.284875512123108,2252.5411627292633,10000,ppo,ppo,crawler,flat,dth_dth_neighbours_direct,,,,,,,,,,,,,,,0.0015820799832876062,0,781,0.0,0.0,,,,,,,,,,,,,,,,,,,,,,,,,,,,,,,,,,,,,,,,,,,,,,,,,,,,,,,,,,,,,,,,,,,,,,,,,,nan,,,,,,,,,,,,,,,
214,2311.543212890625,0.023093055933713913,2.3093055933713913,2262.454195022583,10000,ppo,ppo,crawler,flat,dth_dth_neighbours_direct,,,,,,,,,,,,,,,0.0021414986579059722,0,781,0.0,0.0,,,,,,,,,,,,,,,,,,,,,,,,,,,,,,,,,,,,,,,,,,,,,,,,,,,,,,,,,,,,,,,,,,,,,,,,,,nan,,,,,,,,,,,,,,,
215,2294.37353515625,0.022921400144696236,2.2921400144696236,2272.313045978546,10000,ppo,ppo,crawler,flat,dth_dth_neighbours_direct,,,,,,,,,,,,,,,0.0019777280547046416,0,781,0.0,0.0,,,,,,,,,,,,,,,,,,,,,,,,,,,,,,,,,,,,,,,,,,,,,,,,,,,,,,,,,,,,,,,,,,,,,,,,,,nan,,,,,,,,,,,,,,,
216,2394.599609375,0.023921065032482147,2.3921065032482147,2282.607255935669,10000,ppo,ppo,crawler,flat,dth_dth_neighbours_direct,,,,,,,,,,,,,,,0.001990385088510395,0,781,0.0,0.0,,,,,,,,,,,,,,,,,,,,,,,,,,,,,,,,,,,,,,,,,,,,,,,,,,,,,,,,,,,,,,,,,,,,,,,,,,nan,,,,,,,,,,,,,,,
217,2345.353271484375,0.02342839539051056,2.342839539051056,2292.0789139270782,10000,ppo,ppo,crawler,flat,dth_dth_neighbours_direct,,,,,,,,,,,,,,,0.0027386213544439778,0,781,0.0,0.0,,,,,,,,,,,,,,,,,,,,,,,,,,,,,,,,,,,,,,,,,,,,,,,,,,,,,,,,,,,,,,,,,,,,,,,,,,nan,,,,,,,,,,,,,,,
218,2271.197998046875,0.02269052155315876,2.269052155315876,2302.0632247924805,10000,ppo,ppo,crawler,flat,dth_dth_neighbours_direct,,,,,,,,,,,,,,,0.0016267844510226234,0,781,0.0,0.0,,,,,,,,,,,,,,,,,,,,,,,,,,,,,,,,,,,,,,,,,,,,,,,,,,,,,,,,,,,,,,,,,,,,,,,,,,nan,,,,,,,,,,,,,,,
219,2321.62158203125,0.02318991720676422,2.318991720676422,2312.0587949752808,10000,ppo,ppo,crawler,flat,dth_dth_neighbours_direct,,,,,,,,,,,,,,,0.0017602743577181208,0,781,0.0,0.0,,,,,,,,,,,,,,,,,,,,,,,,,,,,,,,,,,,,,,,,,,,,,,,,,,,,,,,,,,,,,,,,,,,,,,,,,,nan,,,,,,,,,,,,,,,
220,2400.511474609375,0.02398083172738552,2.398083172738552,2322.108818054199,10000,ppo,ppo,crawler,flat,dth_dth_neighbours_direct,,,,,,,,,,,,,,,0.0021633921086654058,0,781,0.0,0.0,,,,,,,,,,,,,,,,,,,,,,,,,,,,,,,,,,,,,,,,,,,,,,,,,,,,,,,,,,,,,,,,,,,,,,,,,,nan,,,,,,,,,,,,,,,
221,2336.287841796875,0.023337744176387787,2.3337744176387787,2332.2021832466125,10000,ppo,ppo,crawler,flat,dth_dth_neighbours_direct,,,,,,,,,,,,,,,0.0024413472529241785,0,781,0.0,0.0,,,,,,,,,,,,,,,,,,,,,,,,,,,,,,,,,,,,,,,,,,,,,,,,,,,,,,,,,,,,,,,,,,,,,,,,,,nan,,,,,,,,,,,,,,,
222,2332.780029296875,0.023303581401705742,2.330358140170574,2342.004253387451,10000,ppo,ppo,crawler,flat,dth_dth_neighbours_direct,,,,,,,,,,,,,,,0.0016727484052601873,0,781,0.0,0.0,,,,,,,,,,,,,,,,,,,,,,,,,,,,,,,,,,,,,,,,,,,,,,,,,,,,,,,,,,,,,,,,,,,,,,,,,,nan,,,,,,,,,,,,,,,
223,2251.70849609375,0.022493353113532066,2.2493353113532066,2351.9954862594604,10000,ppo,ppo,crawler,flat,dth_dth_neighbours_direct,,,,,,,,,,,,,,,0.002542832465206442,0,781,0.0,0.0,,,,,,,,,,,,,,,,,,,,,,,,,,,,,,,,,,,,,,,,,,,,,,,,,,,,,,,,,,,,,,,,,,,,,,,,,,nan,,,,,,,,,,,,,,,
224,2321.630126953125,0.023188583552837372,2.318858355283737,2362.084327697754,10000,ppo,ppo,crawler,flat,dth_dth_neighbours_direct,,,,,,,,,,,,,,,0.0020508555063652274,0,781,0.0,0.0,,,,,,,,,,,,,,,,,,,,,,,,,,,,,,,,,,,,,,,,,,,,,,,,,,,,,,,,,,,,,,,,,,,,,,,,,,nan,,,,,,,,,,,,,,,
225,2353.71484375,0.023518886417150497,2.3518886417150497,2371.74290394783,10000,ppo,ppo,crawler,flat,dth_dth_neighbours_direct,,,,,,,,,,,,,,,0.0024390207959817983,0,781,0.0,0.0,,,,,,,,,,,,,,,,,,,,,,,,,,,,,,,,,,,,,,,,,,,,,,,,,,,,,,,,,,,,,,,,,,,,,,,,,,nan,,,,,,,,,,,,,,,
226,2287.890380859375,0.022852035239338875,2.2852035239338875,2381.8182220458984,10000,ppo,ppo,crawler,flat,dth_dth_neighbours_direct,,,,,,,,,,,,,,,0.002379271030667398,0,781,0.0,0.0,,,,,,,,,,,,,,,,,,,,,,,,,,,,,,,,,,,,,,,,,,,,,,,,,,,,,,,,,,,,,,,,,,,,,,,,,,nan,,,,,,,,,,,,,,,
227,2120.331787109375,0.021183008328080177,2.1183008328080177,2391.7564685344696,10000,ppo,ppo,crawler,flat,dth_dth_neighbours_direct,,,,,,,,,,,,,,,0.0032972658658654693,0,781,0.0,0.0,,,,,,,,,,,,,,,,,,,,,,,,,,,,,,,,,,,,,,,,,,,,,,,,,,,,,,,,,,,,,,,,,,,,,,,,,,nan,,,,,,,,,,,,,,,
228,2137.843994140625,0.02135557495057583,2.135557495057583,2401.5309653282166,10000,ppo,ppo,crawler,flat,dth_dth_neighbours_direct,,,,,,,,,,,,,,,0.0028297723362535675,0,781,0.0,0.0,,,,,,,,,,,,,,,,,,,,,,,,,,,,,,,,,,,,,,,,,,,,,,,,,,,,,,,,,,,,,,,,,,,,,,,,,,nan,,,,,,,,,,,,,,,
229,2159.409912109375,0.021570198237895966,2.1570198237895966,2411.3351998329163,10000,ppo,ppo,crawler,flat,dth_dth_neighbours_direct,,,,,,,,,,,,,,,0.0027803204881736575,0,781,0.0,0.0,,,,,,,,,,,,,,,,,,,,,,,,,,,,,,,,,,,,,,,,,,,,,,,,,,,,,,,,,,,,,,,,,,,,,,,,,,nan,,,,,,,,,,,,,,,
230,2238.694091796875,0.022364629432559013,2.2364629432559013,2420.913119316101,10000,ppo,ppo,crawler,flat,dth_dth_neighbours_direct,,,,,,,,,,,,,,,0.0014897190994584452,0,781,0.0,0.0,,,,,,,,,,,,,,,,,,,,,,,,,,,,,,,,,,,,,,,,,,,,,,,,,,,,,,,,,,,,,,,,,,,,,,,,,,nan,,,,,,,,,,,,,,,
231,2270.748779296875,0.02268083579838276,2.268083579838276,2431.329329252243,10000,ppo,ppo,crawler,flat,dth_dth_neighbours_direct,,,,,,,,,,,,,,,0.0022637967693604393,0,781,0.0,0.0,,,,,,,,,,,,,,,,,,,,,,,,,,,,,,,,,,,,,,,,,,,,,,,,,,,,,,,,,,,,,,,,,,,,,,,,,,nan,,,,,,,,,,,,,,,
232,2108.808837890625,0.021066876128315926,2.1066876128315926,2440.95716714859,10000,ppo,ppo,crawler,flat,dth_dth_neighbours_direct,,,,,,,,,,,,,,,0.001792360136881955,0,781,0.0,0.0,,,,,,,,,,,,,,,,,,,,,,,,,,,,,,,,,,,,,,,,,,,,,,,,,,,,,,,,,,,,,,,,,,,,,,,,,,nan,,,,,,,,,,,,,,,
233,2192.94091796875,0.021907521411776543,2.1907521411776543,2450.8488891124725,10000,ppo,ppo,crawler,flat,dth_dth_neighbours_direct,,,,,,,,,,,,,,,0.0017411378397819938,0,781,0.0,0.0,,,,,,,,,,,,,,,,,,,,,,,,,,,,,,,,,,,,,,,,,,,,,,,,,,,,,,,,,,,,,,,,,,,,,,,,,,nan,,,,,,,,,,,,,,,
234,2185.196044921875,0.021830560639500618,2.183056063950062,2461.5360860824585,10000,ppo,ppo,crawler,flat,dth_dth_neighbours_direct,,,,,,,,,,,,,,,0.0021303670007254485,0,781,0.0,0.0,,,,,,,,,,,,,,,,,,,,,,,,,,,,,,,,,,,,,,,,,,,,,,,,,,,,,,,,,,,,,,,,,,,,,,,,,,nan,,,,,,,,,,,,,,,
235,2210.91064453125,0.02208549529314041,2.208549529314041,2471.5060913562775,10000,ppo,ppo,crawler,flat,dth_dth_neighbours_direct,,,,,,,,,,,,,,,0.002585519436082632,0,781,0.0,0.0,,,,,,,,,,,,,,,,,,,,,,,,,,,,,,,,,,,,,,,,,,,,,,,,,,,,,,,,,,,,,,,,,,,,,,,,,,nan,,,,,,,,,,,,,,,
236,2201.681396484375,0.021991973742842674,2.1991973742842674,2481.245839357376,10000,ppo,ppo,crawler,flat,dth_dth_neighbours_direct,,,,,,,,,,,,,,,0.0019086619215389438,0,781,0.0,0.0,,,,,,,,,,,,,,,,,,,,,,,,,,,,,,,,,,,,,,,,,,,,,,,,,,,,,,,,,,,,,,,,,,,,,,,,,,nan,,,,,,,,,,,,,,,
237,2224.281494140625,0.02221870981156826,2.221870981156826,2491.162000656128,10000,ppo,ppo,crawler,flat,dth_dth_neighbours_direct,,,,,,,,,,,,,,,0.002702441779534998,0,781,0.0,0.0,,,,,,,,,,,,,,,,,,,,,,,,,,,,,,,,,,,,,,,,,,,,,,,,,,,,,,,,,,,,,,,,,,,,,,,,,,nan,,,,,,,,,,,,,,,
238,2225.762451171875,0.02223862335085869,2.223862335085869,2501.1487998962402,10000,ppo,ppo,crawler,flat,dth_dth_neighbours_direct,,,,,,,,,,,,,,,0.0025036857410987825,0,781,0.0,0.0,,,,,,,,,,,,,,,,,,,,,,,,,,,,,,,,,,,,,,,,,,,,,,,,,,,,,,,,,,,,,,,,,,,,,,,,,,nan,,,,,,,,,,,,,,,
239,2267.60009765625,0.022650590166449547,2.2650590166449547,2511.4659843444824,10000,ppo,ppo,crawler,flat,dth_dth_neighbours_direct,,,,,,,,,,,,,,,0.0013971326376301643,0,781,0.0,0.0,,,,,,,,,,,,,,,,,,,,,,,,,,,,,,,,,,,,,,,,,,,,,,,,,,,,,,,,,,,,,,,,,,,,,,,,,,nan,,,,,,,,,,,,,,,
240,2323.016357421875,0.023205118253827095,2.3205118253827095,2521.4302167892456,10000,ppo,ppo,crawler,flat,dth_dth_neighbours_direct,,,,,,,,,,,,,,,0.0010807259426820145,0,781,0.0,0.0,,,,,,,,,,,,,,,,,,,,,,,,,,,,,,,,,,,,,,,,,,,,,,,,,,,,,,,,,,,,,,,,,,,,,,,,,,nan,,,,,,,,,,,,,,,
241,2343.198974609375,0.023406948894262314,2.3406948894262314,2531.4220349788666,10000,ppo,ppo,crawler,flat,dth_dth_neighbours_direct,,,,,,,,,,,,,,,0.001690716850542361,0,781,0.0,0.0,,,,,,,,,,,,,,,,,,,,,,,,,,,,,,,,,,,,,,,,,,,,,,,,,,,,,,,,,,,,,,,,,,,,,,,,,,nan,,,,,,,,,,,,,,,
242,2404.0771484375,0.02401941455900669,2.401941455900669,2541.9174592494965,10000,ppo,ppo,crawler,flat,dth_dth_neighbours_direct,,,,,,,,,,,,,,,0.0016961278467315937,0,781,0.0,0.0,,,,,,,,,,,,,,,,,,,,,,,,,,,,,,,,,,,,,,,,,,,,,,,,,,,,,,,,,,,,,,,,,,,,,,,,,,nan,,,,,,,,,,,,,,,
243,2298.374267578125,0.022961819544434547,2.2961819544434547,2551.74250459671,10000,ppo,ppo,crawler,flat,dth_dth_neighbours_direct,,,,,,,,,,,,,,,0.0014302011054805287,0,781,0.0,0.0,,,,,,,,,,,,,,,,,,,,,,,,,,,,,,,,,,,,,,,,,,,,,,,,,,,,,,,,,,,,,,,,,,,,,,,,,,nan,,,,,,,,,,,,,,,
244,2274.796142578125,0.022724824026226997,2.2724824026226997,2561.324554204941,10000,ppo,ppo,crawler,flat,dth_dth_neighbours_direct,,,,,,,,,,,,,,,0.0022563720844533076,0,781,0.0,0.0,,,,,,,,,,,,,,,,,,,,,,,,,,,,,,,,,,,,,,,,,,,,,,,,,,,,,,,,,,,,,,,,,,,,,,,,,,nan,,,,,,,,,,,,,,,
245,2252.917724609375,0.022505424916744232,2.250542491674423,2571.4092094898224,10000,ppo,ppo,crawler,flat,dth_dth_neighbours_direct,,,,,,,,,,,,,,,0.0015753733245296195,0,781,0.0,0.0,,,,,,,,,,,,,,,,,,,,,,,,,,,,,,,,,,,,,,,,,,,,,,,,,,,,,,,,,,,,,,,,,,,,,,,,,,nan,,,,,,,,,,,,,,,
246,2349.88916015625,0.0234715323895216,2.34715323895216,2581.3422095775604,10000,ppo,ppo,crawler,flat,dth_dth_neighbours_direct,,,,,,,,,,,,,,,0.001628997087155568,0,781,0.0,0.0,,,,,,,,,,,,,,,,,,,,,,,,,,,,,,,,,,,,,,,,,,,,,,,,,,,,,,,,,,,,,,,,,,,,,,,,,,nan,,,,,,,,,,,,,,,
247,2282.570068359375,0.022800328209996223,2.2800328209996223,2591.3925716876984,10000,ppo,ppo,crawler,flat,dth_dth_neighbours_direct,,,,,,,,,,,,,,,0.001222714349064116,0,781,0.0,0.0,,,,,,,,,,,,,,,,,,,,,,,,,,,,,,,,,,,,,,,,,,,,,,,,,,,,,,,,,,,,,,,,,,,,,,,,,,nan,,,,,,,,,,,,,,,
248,2388.857177734375,0.023864122107625008,2.3864122107625008,2601.2106189727783,10000,ppo,ppo,crawler,flat,dth_dth_neighbours_direct,,,,,,,,,,,,,,,0.002463066082777694,0,781,0.0,0.0,,,,,,,,,,,,,,,,,,,,,,,,,,,,,,,,,,,,,,,,,,,,,,,,,,,,,,,,,,,,,,,,,,,,,,,,,,nan,,,,,,,,,,,,,,,
249,2220.120361328125,0.022178374230861664,2.2178374230861664,2611.077093601227,10000,ppo,ppo,crawler,flat,dth_dth_neighbours_direct,,,,,,,,,,,,,,,0.0015975843546837357,0,781,0.0,0.0,,,,,,,,,,,,,,,,,,,,,,,,,,,,,,,,,,,,,,,,,,,,,,,,,,,,,,,,,,,,,,,,,,,,,,,,,,nan,,,,,,,,,,,,,,,
250,2300.35009765625,0.022981157526373863,2.2981157526373863,2621.5391130447388,10000,ppo,ppo,crawler,flat,dth_dth_neighbours_direct,,,,,,,,,,,,,,,0.0016762593902185368,0,781,0.0,0.0,,,,,,,,,,,,,,,,,,,,,,,,,,,,,,,,,,,,,,,,,,,,,,,,,,,,,,,,,,,,,,,,,,,,,,,,,,nan,,,,,,,,,,,,,,,
251,2238.1220703125,0.022357793524861336,2.2357793524861336,2631.063133955002,10000,ppo,ppo,crawler,flat,dth_dth_neighbours_direct,,,,,,,,,,,,,,,0.0022846282207857147,0,781,0.0,0.0,,,,,,,,,,,,,,,,,,,,,,,,,,,,,,,,,,,,,,,,,,,,,,,,,,,,,,,,,,,,,,,,,,,,,,,,,,nan,,,,,,,,,,,,,,,
252,2223.58984375,0.022215338423848152,2.221533842384815,2641.2407331466675,10000,ppo,ppo,crawler,flat,dth_dth_neighbours_direct,,,,,,,,,,,,,,,0.0016681240344678285,0,781,0.0,0.0,,,,,,,,,,,,,,,,,,,,,,,,,,,,,,,,,,,,,,,,,,,,,,,,,,,,,,,,,,,,,,,,,,,,,,,,,,nan,,,,,,,,,,,,,,,
253,2212.689208984375,0.022105161100625992,2.210516110062599,2651.3541266918182,10000,ppo,ppo,crawler,flat,dth_dth_neighbours_direct,,,,,,,,,,,,,,,0.002204156285662181,0,781,0.0,0.0,,,,,,,,,,,,,,,,,,,,,,,,,,,,,,,,,,,,,,,,,,,,,,,,,,,,,,,,,,,,,,,,,,,,,,,,,,nan,,,,,,,,,,,,,,,
254,2294.064208984375,0.022916467860341072,2.291646786034107,2660.7994861602783,10000,ppo,ppo,crawler,flat,dth_dth_neighbours_direct,,,,,,,,,,,,,,,0.0023374591006113253,0,781,0.0,0.0,,,,,,,,,,,,,,,,,,,,,,,,,,,,,,,,,,,,,,,,,,,,,,,,,,,,,,,,,,,,,,,,,,,,,,,,,,nan,,,,,,,,,,,,,,,
255,2212.296142578125,0.02209954336285591,2.209954336285591,2670.7453696727753,10000,ppo,ppo,crawler,flat,dth_dth_neighbours_direct,,,,,,,,,,,,,,,0.0019931628677985853,0,781,0.0,0.0,,,,,,,,,,,,,,,,,,,,,,,,,,,,,,,,,,,,,,,,,,,,,,,,,,,,,,,,,,,,,,,,,,,,,,,,,,nan,,,,,,,,,,,,,,,
256,2318.96728515625,0.02316712960600853,2.316712960600853,2680.3863110542297,10000,ppo,ppo,crawler,flat,dth_dth_neighbours_direct,,,,,,,,,,,,,,,0.0013201689807712464,0,781,0.0,0.0,,,,,,,,,,,,,,,,,,,,,,,,,,,,,,,,,,,,,,,,,,,,,,,,,,,,,,,,,,,,,,,,,,,,,,,,,,nan,,,,,,,,,,,,,,,
257,2357.64501953125,0.02355368807911873,2.355368807911873,2690.600784301758,10000,ppo,ppo,crawler,flat,dth_dth_neighbours_direct,,,,,,,,,,,,,,,0.0019218053427173115,0,781,0.0,0.0,,,,,,,,,,,,,,,,,,,,,,,,,,,,,,,,,,,,,,,,,,,,,,,,,,,,,,,,,,,,,,,,,,,,,,,,,,nan,,,,,,,,,,,,,,,
258,2237.83251953125,0.0223542470484972,2.23542470484972,2700.8675508499146,10000,ppo,ppo,crawler,flat,dth_dth_neighbours_direct,,,,,,,,,,,,,,,0.001699593642466756,0,781,0.0,0.0,,,,,,,,,,,,,,,,,,,,,,,,,,,,,,,,,,,,,,,,,,,,,,,,,,,,,,,,,,,,,,,,,,,,,,,,,,nan,,,,,,,,,,,,,,,
259,2266.471435546875,0.022638484835624695,2.2638484835624695,2710.5985713005066,10000,ppo,ppo,crawler,flat,dth_dth_neighbours_direct,,,,,,,,,,,,,,,0.0012336268534009725,0,781,0.0,0.0,,,,,,,,,,,,,,,,,,,,,,,,,,,,,,,,,,,,,,,,,,,,,,,,,,,,,,,,,,,,,,,,,,,,,,,,,,nan,,,,,,,,,,,,,,,
260,2155.04296875,0.021528445184230804,2.1528445184230804,2720.2729420661926,10000,ppo,ppo,crawler,flat,dth_dth_neighbours_direct,,,,,,,,,,,,,,,0.003267041371450857,0,781,0.0,0.0,,,,,,,,,,,,,,,,,,,,,,,,,,,,,,,,,,,,,,,,,,,,,,,,,,,,,,,,,,,,,,,,,,,,,,,,,,nan,,,,,,,,,,,,,,,
261,2215.14599609375,0.02212841808795929,2.212841808795929,2730.0984179973602,10000,ppo,ppo,crawler,flat,dth_dth_neighbours_direct,,,,,,,,,,,,,,,0.0020158952312442505,0,781,0.0,0.0,,,,,,,,,,,,,,,,,,,,,,,,,,,,,,,,,,,,,,,,,,,,,,,,,,,,,,,,,,,,,,,,,,,,,,,,,,nan,,,,,,,,,,,,,,,
262,2090.947998046875,0.020886346697807312,2.088634669780731,2740.126554250717,10000,ppo,ppo,crawler,flat,dth_dth_neighbours_direct,,,,,,,,,,,,,,,0.0022415586318097532,0,781,0.0,0.0,,,,,,,,,,,,,,,,,,,,,,,,,,,,,,,,,,,,,,,,,,,,,,,,,,,,,,,,,,,,,,,,,,,,,,,,,,nan,,,,,,,,,,,,,,,
263,2107.981689453125,0.021054092794656754,2.1054092794656754,2750.9151685237885,10000,ppo,ppo,crawler,flat,dth_dth_neighbours_direct,,,,,,,,,,,,,,,0.0013654537569449026,0,781,0.0,0.0,,,,,,,,,,,,,,,,,,,,,,,,,,,,,,,,,,,,,,,,,,,,,,,,,,,,,,,,,,,,,,,,,,,,,,,,,,nan,,,,,,,,,,,,,,,
264,2107.957763671875,0.021056657657027245,2.1056657657027245,2762.2946944236755,10000,ppo,ppo,crawler,flat,dth_dth_neighbours_direct,,,,,,,,,,,,,,,0.0014104945886697264,0,781,0.0,0.0,,,,,,,,,,,,,,,,,,,,,,,,,,,,,,,,,,,,,,,,,,,,,,,,,,,,,,,,,,,,,,,,,,,,,,,,,,nan,,,,,,,,,,,,,,,
265,2101.361328125,0.020990943536162376,2.0990943536162376,2773.721739053726,10000,ppo,ppo,crawler,flat,dth_dth_neighbours_direct,,,,,,,,,,,,,,,0.002123896271542399,0,781,0.0,0.0,,,,,,,,,,,,,,,,,,,,,,,,,,,,,,,,,,,,,,,,,,,,,,,,,,,,,,,,,,,,,,,,,,,,,,,,,,nan,,,,,,,,,,,,,,,
266,2206.316650390625,0.022037364542484283,2.2037364542484283,2783.8773577213287,10000,ppo,ppo,crawler,flat,dth_dth_neighbours_direct,,,,,,,,,,,,,,,0.0016956514544919975,0,781,0.0,0.0,,,,,,,,,,,,,,,,,,,,,,,,,,,,,,,,,,,,,,,,,,,,,,,,,,,,,,,,,,,,,,,,,,,,,,,,,,nan,,,,,,,,,,,,,,,
267,2192.470458984375,0.021903427317738533,2.1903427317738533,2793.7660965919495,10000,ppo,ppo,crawler,flat,dth_dth_neighbours_direct,,,,,,,,,,,,,,,0.0024821645216532083,0,781,0.0,0.0,,,,,,,,,,,,,,,,,,,,,,,,,,,,,,,,,,,,,,,,,,,,,,,,,,,,,,,,,,,,,,,,,,,,,,,,,,nan,,,,,,,,,,,,,,,
268,2208.23095703125,0.022058874368667603,2.2058874368667603,2803.56196641922,10000,ppo,ppo,crawler,flat,dth_dth_neighbours_direct,,,,,,,,,,,,,,,0.0013483509500159898,0,781,0.0,0.0,,,,,,,,,,,,,,,,,,,,,,,,,,,,,,,,,,,,,,,,,,,,,,,,,,,,,,,,,,,,,,,,,,,,,,,,,,nan,,,,,,,,,,,,,,,
269,2321.415283203125,0.023189101368188858,2.318910136818886,2813.7605752944946,10000,ppo,ppo,crawler,flat,dth_dth_neighbours_direct,,,,,,,,,,,,,,,0.0011304273109227405,0,781,0.0,0.0,,,,,,,,,,,,,,,,,,,,,,,,,,,,,,,,,,,,,,,,,,,,,,,,,,,,,,,,,,,,,,,,,,,,,,,,,,nan,,,,,,,,,,,,,,,
270,2214.444091796875,0.022123919799923897,2.2123919799923897,2822.7468819618225,10000,ppo,ppo,crawler,flat,dth_dth_neighbours_direct,,,,,,,,,,,,,,,0.001380293782111746,0,781,0.0,0.0,,,,,,,,,,,,,,,,,,,,,,,,,,,,,,,,,,,,,,,,,,,,,,,,,,,,,,,,,,,,,,,,,,,,,,,,,,nan,,,,,,,,,,,,,,,
271,2257.014892578125,0.022544896230101585,2.2544896230101585,2833.4426419734955,10000,ppo,ppo,crawler,flat,dth_dth_neighbours_direct,,,,,,,,,,,,,,,0.0012124370050329103,0,781,0.0,0.0,,,,,,,,,,,,,,,,,,,,,,,,,,,,,,,,,,,,,,,,,,,,,,,,,,,,,,,,,,,,,,,,,,,,,,,,,,nan,,,,,,,,,,,,,,,
272,2253.685302734375,0.022516286000609398,2.25162860006094,2844.092017889023,10000,ppo,ppo,crawler,flat,dth_dth_neighbours_direct,,,,,,,,,,,,,,,0.0012257502474343866,0,781,0.0,0.0,,,,,,,,,,,,,,,,,,,,,,,,,,,,,,,,,,,,,,,,,,,,,,,,,,,,,,,,,,,,,,,,,,,,,,,,,,nan,,,,,,,,,,,,,,,
273,2116.62158203125,0.0211433507502079,2.11433507502079,2854.9091663360596,10000,ppo,ppo,crawler,flat,dth_dth_neighbours_direct,,,,,,,,,,,,,,,0.002640946161156323,0,781,0.0,0.0,,,,,,,,,,,,,,,,,,,,,,,,,,,,,,,,,,,,,,,,,,,,,,,,,,,,,,,,,,,,,,,,,,,,,,,,,,nan,,,,,,,,,,,,,,,
274,2356.2578125,0.023539429530501366,2.3539429530501366,2866.0339539051056,10000,ppo,ppo,crawler,flat,dth_dth_neighbours_direct,,,,,,,,,,,,,,,0.0012393848839646552,0,781,0.0,0.0,,,,,,,,,,,,,,,,,,,,,,,,,,,,,,,,,,,,,,,,,,,,,,,,,,,,,,,,,,,,,,,,,,,,,,,,,,nan,,,,,,,,,,,,,,,
275,2286.264404296875,0.022842416539788246,2.2842416539788246,2876.2434639930725,10000,ppo,ppo,crawler,flat,dth_dth_neighbours_direct,,,,,,,,,,,,,,,0.001645216231031001,0,781,0.0,0.0,,,,,,,,,,,,,,,,,,,,,,,,,,,,,,,,,,,,,,,,,,,,,,,,,,,,,,,,,,,,,,,,,,,,,,,,,,nan,,,,,,,,,,,,,,,
276,2280.5703125,0.022779768332839012,2.277976833283901,2886.783854484558,10000,ppo,ppo,crawler,flat,dth_dth_neighbours_direct,,,,,,,,,,,,,,,0.0017211711653594701,0,781,0.0,0.0,,,,,,,,,,,,,,,,,,,,,,,,,,,,,,,,,,,,,,,,,,,,,,,,,,,,,,,,,,,,,,,,,,,,,,,,,,nan,,,,,,,,,,,,,,,
277,2285.547607421875,0.022832268849015236,2.2832268849015236,2896.8950390815735,10000,ppo,ppo,crawler,flat,dth_dth_neighbours_direct,,,,,,,,,,,,,,,0.0013693579607783506,0,781,0.0,0.0,,,,,,,,,,,,,,,,,,,,,,,,,,,,,,,,,,,,,,,,,,,,,,,,,,,,,,,,,,,,,,,,,,,,,,,,,,nan,,,,,,,,,,,,,,,
278,2338.96337890625,0.023365674540400505,2.3365674540400505,2906.7065682411194,10000,ppo,ppo,crawler,flat,dth_dth_neighbours_direct,,,,,,,,,,,,,,,0.0012691823679183418,0,781,0.0,0.0,,,,,,,,,,,,,,,,,,,,,,,,,,,,,,,,,,,,,,,,,,,,,,,,,,,,,,,,,,,,,,,,,,,,,,,,,,nan,,,,,,,,,,,,,,,
279,2271.79345703125,0.02269536443054676,2.269536443054676,2917.25563955307,10000,ppo,ppo,crawler,flat,dth_dth_neighbours_direct,,,,,,,,,,,,,,,0.0019933380217288443,0,781,0.0,0.0,,,,,,,,,,,,,,,,,,,,,,,,,,,,,,,,,,,,,,,,,,,,,,,,,,,,,,,,,,,,,,,,,,,,,,,,,,nan,,,,,,,,,,,,,,,
280,2358.192138671875,0.023556990548968315,2.3556990548968315,2927.0307037830353,10000,ppo,ppo,crawler,flat,dth_dth_neighbours_direct,,,,,,,,,,,,,,,0.0013850426578598221,0,781,0.0,0.0,,,,,,,,,,,,,,,,,,,,,,,,,,,,,,,,,,,,,,,,,,,,,,,,,,,,,,,,,,,,,,,,,,,,,,,,,,nan,,,,,,,,,,,,,,,
281,2351.559326171875,0.023489903658628464,2.3489903658628464,2936.8746387958527,10000,ppo,ppo,crawler,flat,dth_dth_neighbours_direct,,,,,,,,,,,,,,,0.0019360958717424277,0,781,0.0,0.0,,,,,,,,,,,,,,,,,,,,,,,,,,,,,,,,,,,,,,,,,,,,,,,,,,,,,,,,,,,,,,,,,,,,,,,,,,nan,,,,,,,,,,,,,,,
282,2422.89306640625,0.024209704250097275,2.4209704250097275,2946.6205072402954,10000,ppo,ppo,crawler,flat,dth_dth_neighbours_direct,,,,,,,,,,,,,,,0.0013474680084151066,0,781,0.0,0.0,,,,,,,,,,,,,,,,,,,,,,,,,,,,,,,,,,,,,,,,,,,,,,,,,,,,,,,,,,,,,,,,,,,,,,,,,,nan,,,,,,,,,,,,,,,
283,2385.866455078125,0.023833386600017548,2.3833386600017548,2956.612892150879,10000,ppo,ppo,crawler,flat,dth_dth_neighbours_direct,,,,,,,,,,,,,,,0.001932811538256534,0,781,0.0,0.0,,,,,,,,,,,,,,,,,,,,,,,,,,,,,,,,,,,,,,,,,,,,,,,,,,,,,,,,,,,,,,,,,,,,,,,,,,nan,,,,,,,,,,,,,,,
284,2303.45068359375,0.023006532341241837,2.3006532341241837,2967.0630645751953,10000,ppo,ppo,crawler,flat,dth_dth_neighbours_direct,,,,,,,,,,,,,,,0.0016809167374112024,0,781,0.0,0.0,,,,,,,,,,,,,,,,,,,,,,,,,,,,,,,,,,,,,,,,,,,,,,,,,,,,,,,,,,,,,,,,,,,,,,,,,,nan,,,,,,,,,,,,,,,
285,2382.193359375,0.023796508088707924,2.3796508088707924,2976.9238805770874,10000,ppo,ppo,crawler,flat,dth_dth_neighbours_direct,,,,,,,,,,,,,,,0.0014491507851689513,0,781,0.0,0.0,,,,,,,,,,,,,,,,,,,,,,,,,,,,,,,,,,,,,,,,,,,,,,,,,,,,,,,,,,,,,,,,,,,,,,,,,,nan,,,,,,,,,,,,,,,
286,2282.38671875,0.022799024358391762,2.279902435839176,2987.5198431015015,10000,ppo,ppo,crawler,flat,dth_dth_neighbours_direct,,,,,,,,,,,,,,,0.0011688237090458034,0,781,0.0,0.0,,,,,,,,,,,,,,,,,,,,,,,,,,,,,,,,,,,,,,,,,,,,,,,,,,,,,,,,,,,,,,,,,,,,,,,,,,nan,,,,,,,,,,,,,,,
287,2465.075927734375,0.02462165430188179,2.462165430188179,2997.3165287971497,10000,ppo,ppo,crawler,flat,dth_dth_neighbours_direct,,,,,,,,,,,,,,,0.0012429169835760847,0,781,0.0,0.0,,,,,,,,,,,,,,,,,,,,,,,,,,,,,,,,,,,,,,,,,,,,,,,,,,,,,,,,,,,,,,,,,,,,,,,,,,nan,,,,,,,,,,,,,,,
288,2401.013427734375,0.02398676797747612,2.398676797747612,3007.004432439804,10000,ppo,ppo,crawler,flat,dth_dth_neighbours_direct,,,,,,,,,,,,,,,0.0014281098827457232,0,781,0.0,0.0,,,,,,,,,,,,,,,,,,,,,,,,,,,,,,,,,,,,,,,,,,,,,,,,,,,,,,,,,,,,,,,,,,,,,,,,,,nan,,,,,,,,,,,,,,,
289,2400.674560546875,0.02398359403014183,2.398359403014183,3017.5919353961945,10000,ppo,ppo,crawler,flat,dth_dth_neighbours_direct,,,,,,,,,,,,,,,0.0017385027649174146,0,781,0.0,0.0,,,,,,,,,,,,,,,,,,,,,,,,,,,,,,,,,,,,,,,,,,,,,,,,,,,,,,,,,,,,,,,,,,,,,,,,,,nan,,,,,,,,,,,,,,,
290,2301.545166015625,0.022985665127635002,2.2985665127635,3027.8472442626953,10000,ppo,ppo,crawler,flat,dth_dth_neighbours_direct,,,,,,,,,,,,,,,0.00226811018681546,0,781,0.0,0.0,,,,,,,,,,,,,,,,,,,,,,,,,,,,,,,,,,,,,,,,,,,,,,,,,,,,,,,,,,,,,,,,,,,,,,,,,,nan,,,,,,,,,,,,,,,
291,2385.595458984375,0.0238252654671669,2.38252654671669,3038.4454922676086,10000,ppo,ppo,crawler,flat,dth_dth_neighbours_direct,,,,,,,,,,,,,,,0.0024627170249927155,0,781,0.0,0.0,,,,,,,,,,,,,,,,,,,,,,,,,,,,,,,,,,,,,,,,,,,,,,,,,,,,,,,,,,,,,,,,,,,,,,,,,,nan,,,,,,,,,,,,,,,
292,2340.989013671875,0.023383045569062233,2.3383045569062233,3048.5717067718506,10000,ppo,ppo,crawler,flat,dth_dth_neighbours_direct,,,,,,,,,,,,,,,0.002242341359515043,0,781,0.0,0.0,,,,,,,,,,,,,,,,,,,,,,,,,,,,,,,,,,,,,,,,,,,,,,,,,,,,,,,,,,,,,,,,,,,,,,,,,,nan,,,,,,,,,,,,,,,
293,2490.369140625,0.0248799379914999,2.48799379914999,3058.2341208457947,10000,ppo,ppo,crawler,flat,dth_dth_neighbours_direct,,,,,,,,,,,,,,,0.001842695978625839,0,781,0.0,0.0,,,,,,,,,,,,,,,,,,,,,,,,,,,,,,,,,,,,,,,,,,,,,,,,,,,,,,,,,,,,,,,,,,,,,,,,,,nan,,,,,,,,,,,,,,,
294,2373.944091796875,0.023715917021036148,2.371591702103615,3069.1417787075043,10000,ppo,ppo,crawler,flat,dth_dth_neighbours_direct,,,,,,,,,,,,,,,0.002111764377378801,0,781,0.0,0.0,,,,,,,,,,,,,,,,,,,,,,,,,,,,,,,,,,,,,,,,,,,,,,,,,,,,,,,,,,,,,,,,,,,,,,,,,,nan,,,,,,,,,,,,,,,
295,2469.709716796875,0.024666491895914078,2.4666491895914078,3079.2924971580505,10000,ppo,ppo,crawler,flat,dth_dth_neighbours_direct,,,,,,,,,,,,,,,0.0013666638935066796,0,781,0.0,0.0,,,,,,,,,,,,,,,,,,,,,,,,,,,,,,,,,,,,,,,,,,,,,,,,,,,,,,,,,,,,,,,,,,,,,,,,,,nan,,,,,,,,,,,,,,,
296,2399.274169921875,0.02396787889301777,2.396787889301777,3089.368920326233,10000,ppo,ppo,crawler,flat,dth_dth_neighbours_direct,,,,,,,,,,,,,,,0.0014191459627285166,0,781,0.0,0.0,,,,,,,,,,,,,,,,,,,,,,,,,,,,,,,,,,,,,,,,,,,,,,,,,,,,,,,,,,,,,,,,,,,,,,,,,,nan,,,,,,,,,,,,,,,
297,2382.616943359375,0.023802490904927254,2.3802490904927254,3100.0865228176117,10000,ppo,ppo,crawler,flat,dth_dth_neighbours_direct,,,,,,,,,,,,,,,0.0021675776065136505,0,781,0.0,0.0,,,,,,,,,,,,,,,,,,,,,,,,,,,,,,,,,,,,,,,,,,,,,,,,,,,,,,,,,,,,,,,,,,,,,,,,,,nan,,,,,,,,,,,,,,,
298,2415.546875,0.024132518097758293,2.4132518097758293,3109.585480928421,10000,ppo,ppo,crawler,flat,dth_dth_neighbours_direct,,,,,,,,,,,,,,,0.0012380414656168765,0,781,0.0,0.0,,,,,,,,,,,,,,,,,,,,,,,,,,,,,,,,,,,,,,,,,,,,,,,,,,,,,,,,,,,,,,,,,,,,,,,,,,nan,,,,,,,,,,,,,,,
299,2318.267333984375,0.023163214325904846,2.3163214325904846,3120.0527567863464,10000,ppo,ppo,crawler,flat,dth_dth_neighbours_direct,,,,,,,,,,,,,,,0.0020631684293962262,0,781,0.0,0.0,,,,,,,,,,,,,,,,,,,,,,,,,,,,,,,,,,,,,,,,,,,,,,,,,,,,,,,,,,,,,,,,,,,,,,,,,,nan,,,,,,,,,,,,,,,
300,2386.969970703125,0.023847777396440506,2.3847777396440506,3130.0919132232666,10000,ppo,ppo,crawler,flat,dth_dth_neighbours_direct,,,,,,,,,,,,,,,0.0014912555114886686,0,781,0.0,0.0,,,,,,,,,,,,,,,,,,,,,,,,,,,,,,,,,,,,,,,,,,,,,,,,,,,,,,,,,,,,,,,,,,,,,,,,,,nan,,,,,,,,,,,,,,,
301,2266.02587890625,0.022637275978922844,2.2637275978922844,3140.312678337097,10000,ppo,ppo,crawler,flat,dth_dth_neighbours_direct,,,,,,,,,,,,,,,0.0023130333570022654,0,781,0.0,0.0,,,,,,,,,,,,,,,,,,,,,,,,,,,,,,,,,,,,,,,,,,,,,,,,,,,,,,,,,,,,,,,,,,,,,,,,,,nan,,,,,,,,,,,,,,,
302,2254.2216796875,0.022515926510095596,2.2515926510095596,3151.2583220005035,10000,ppo,ppo,crawler,flat,dth_dth_neighbours_direct,,,,,,,,,,,,,,,0.002767477971956186,0,781,0.0,0.0,,,,,,,,,,,,,,,,,,,,,,,,,,,,,,,,,,,,,,,,,,,,,,,,,,,,,,,,,,,,,,,,,,,,,,,,,,nan,,,,,,,,,,,,,,,
303,2315.843505859375,0.023134076967835426,2.3134076967835426,3161.277407884598,10000,ppo,ppo,crawler,flat,dth_dth_neighbours_direct,,,,,,,,,,,,,,,0.0016525480991967272,0,781,0.0,0.0,,,,,,,,,,,,,,,,,,,,,,,,,,,,,,,,,,,,,,,,,,,,,,,,,,,,,,,,,,,,,,,,,,,,,,,,,,nan,,,,,,,,,,,,,,,
304,2449.329833984375,0.024470284581184387,2.4470284581184387,3171.5377922058105,10000,ppo,ppo,crawler,flat,dth_dth_neighbours_direct,,,,,,,,,,,,,,,0.002660252585662167,0,781,0.0,0.0,,,,,,,,,,,,,,,,,,,,,,,,,,,,,,,,,,,,,,,,,,,,,,,,,,,,,,,,,,,,,,,,,,,,,,,,,,nan,,,,,,,,,,,,,,,
305,2348.361328125,0.023461030796170235,2.3461030796170235,3181.9507377147675,10000,ppo,ppo,crawler,flat,dth_dth_neighbours_direct,,,,,,,,,,,,,,,0.0016997805845986103,0,781,0.0,0.0,,,,,,,,,,,,,,,,,,,,,,,,,,,,,,,,,,,,,,,,,,,,,,,,,,,,,,,,,,,,,,,,,,,,,,,,,,nan,,,,,,,,,,,,,,,
306,2264.333740234375,0.02262200228869915,2.262200228869915,3192.031872987747,10000,ppo,ppo,crawler,flat,dth_dth_neighbours_direct,,,,,,,,,,,,,,,0.0017244107223093278,0,781,0.0,0.0,,,,,,,,,,,,,,,,,,,,,,,,,,,,,,,,,,,,,,,,,,,,,,,,,,,,,,,,,,,,,,,,,,,,,,,,,,nan,,,,,,,,,,,,,,,
307,2319.091552734375,0.023167086765170097,2.3167086765170097,3202.1361634731293,10000,ppo,ppo,crawler,flat,dth_dth_neighbours_direct,,,,,,,,,,,,,,,0.0017626262309671063,0,781,0.0,0.0,,,,,,,,,,,,,,,,,,,,,,,,,,,,,,,,,,,,,,,,,,,,,,,,,,,,,,,,,,,,,,,,,,,,,,,,,,nan,,,,,,,,,,,,,,,
308,2264.335205078125,0.022620879113674164,2.2620879113674164,3212.039829969406,10000,ppo,ppo,crawler,flat,dth_dth_neighbours_direct,,,,,,,,,,,,,,,0.0009588645718334572,0,781,0.0,0.0,,,,,,,,,,,,,,,,,,,,,,,,,,,,,,,,,,,,,,,,,,,,,,,,,,,,,,,,,,,,,,,,,,,,,,,,,,nan,,,,,,,,,,,,,,,
309,2239.384765625,0.02236928418278694,2.236928418278694,3222.2917783260345,10000,ppo,ppo,crawler,flat,dth_dth_neighbours_direct,,,,,,,,,,,,,,,0.002105678870631854,0,781,0.0,0.0,,,,,,,,,,,,,,,,,,,,,,,,,,,,,,,,,,,,,,,,,,,,,,,,,,,,,,,,,,,,,,,,,,,,,,,,,,nan,,,,,,,,,,,,,,,
310,2285.673095703125,0.022834960371255875,2.2834960371255875,3232.128989458084,10000,ppo,ppo,crawler,flat,dth_dth_neighbours_direct,,,,,,,,,,,,,,,0.001857087632710453,0,781,0.0,0.0,,,,,,,,,,,,,,,,,,,,,,,,,,,,,,,,,,,,,,,,,,,,,,,,,,,,,,,,,,,,,,,,,,,,,,,,,,nan,,,,,,,,,,,,,,,
311,2259.900146484375,0.022577380761504173,2.2577380761504173,3242.040283679962,10000,ppo,ppo,crawler,flat,dth_dth_neighbours_direct,,,,,,,,,,,,,,,0.0021855565517983236,0,781,0.0,0.0,,,,,,,,,,,,,,,,,,,,,,,,,,,,,,,,,,,,,,,,,,,,,,,,,,,,,,,,,,,,,,,,,,,,,,,,,,nan,,,,,,,,,,,,,,,
312,2234.287109375,0.022318899631500244,2.2318899631500244,3252.770215034485,10000,ppo,ppo,crawler,flat,dth_dth_neighbours_direct,,,,,,,,,,,,,,,0.0016127688525705355,0,781,0.0,0.0,,,,,,,,,,,,,,,,,,,,,,,,,,,,,,,,,,,,,,,,,,,,,,,,,,,,,,,,,,,,,,,,,,,,,,,,,,nan,,,,,,,,,,,,,,,
313,2217.27294921875,0.022148149088025093,2.2148149088025093,3262.6103951931,10000,ppo,ppo,crawler,flat,dth_dth_neighbours_direct,,,,,,,,,,,,,,,0.002870231688018943,0,781,0.0,0.0,,,,,,,,,,,,,,,,,,,,,,,,,,,,,,,,,,,,,,,,,,,,,,,,,,,,,,,,,,,,,,,,,,,,,,,,,,nan,,,,,,,,,,,,,,,
314,2130.607177734375,0.021286489441990852,2.1286489441990852,3273.0838935375214,10000,ppo,ppo,crawler,flat,dth_dth_neighbours_direct,,,,,,,,,,,,,,,0.001407770339917072,0,781,0.0,0.0,,,,,,,,,,,,,,,,,,,,,,,,,,,,,,,,,,,,,,,,,,,,,,,,,,,,,,,,,,,,,,,,,,,,,,,,,,nan,,,,,,,,,,,,,,,
315,2184.142333984375,0.02181737869977951,2.181737869977951,3282.8832774162292,10000,ppo,ppo,crawler,flat,dth_dth_neighbours_direct,,,,,,,,,,,,,,,0.0019892970525081425,0,781,0.0,0.0,,,,,,,,,,,,,,,,,,,,,,,,,,,,,,,,,,,,,,,,,,,,,,,,,,,,,,,,,,,,,,,,,,,,,,,,,,nan,,,,,,,,,,,,,,,
316,2188.927490234375,0.021868791431188583,2.1868791431188583,3292.99515581131,10000,ppo,ppo,crawler,flat,dth_dth_neighbours_direct,,,,,,,,,,,,,,,0.0017576398165686288,0,781,0.0,0.0,,,,,,,,,,,,,,,,,,,,,,,,,,,,,,,,,,,,,,,,,,,,,,,,,,,,,,,,,,,,,,,,,,,,,,,,,,nan,,,,,,,,,,,,,,,
317,2107.17822265625,0.021050307899713516,2.1050307899713516,3303.514171361923,10000,ppo,ppo,crawler,flat,dth_dth_neighbours_direct,,,,,,,,,,,,,,,0.0020291969217017566,0,781,0.0,0.0,,,,,,,,,,,,,,,,,,,,,,,,,,,,,,,,,,,,,,,,,,,,,,,,,,,,,,,,,,,,,,,,,,,,,,,,,,nan,,,,,,,,,,,,,,,
318,2105.04931640625,0.02102687396109104,2.102687396109104,3313.022817134857,10000,ppo,ppo,crawler,flat,dth_dth_neighbours_direct,,,,,,,,,,,,,,,0.0013470018458346402,0,781,0.0,0.0,,,,,,,,,,,,,,,,,,,,,,,,,,,,,,,,,,,,,,,,,,,,,,,,,,,,,,,,,,,,,,,,,,,,,,,,,,nan,,,,,,,,,,,,,,,
319,2095.380615234375,0.02092963270843029,2.092963270843029,3323.146178007126,10000,ppo,ppo,crawler,flat,dth_dth_neighbours_direct,,,,,,,,,,,,,,,0.00174723468241275,0,781,0.0,0.0,,,,,,,,,,,,,,,,,,,,,,,,,,,,,,,,,,,,,,,,,,,,,,,,,,,,,,,,,,,,,,,,,,,,,,,,,,nan,,,,,,,,,,,,,,,
320,2132.004150390625,0.021296849474310875,2.1296849474310875,3333.034354686737,10000,ppo,ppo,crawler,flat,dth_dth_neighbours_direct,,,,,,,,,,,,,,,0.002073732837814045,0,781,0.0,0.0,,,,,,,,,,,,,,,,,,,,,,,,,,,,,,,,,,,,,,,,,,,,,,,,,,,,,,,,,,,,,,,,,,,,,,,,,,nan,,,,,,,,,,,,,,,
321,2099.305419921875,0.020969199016690254,2.0969199016690254,3342.4126336574554,10000,ppo,ppo,crawler,flat,dth_dth_neighbours_direct,,,,,,,,,,,,,,,0.0013126698350641771,0,781,0.0,0.0,,,,,,,,,,,,,,,,,,,,,,,,,,,,,,,,,,,,,,,,,,,,,,,,,,,,,,,,,,,,,,,,,,,,,,,,,,nan,,,,,,,,,,,,,,,
322,2175.819580078125,0.021733302623033524,2.1733302623033524,3352.78822517395,10000,ppo,ppo,crawler,flat,dth_dth_neighbours_direct,,,,,,,,,,,,,,,0.001319368098858398,0,781,0.0,0.0,,,,,,,,,,,,,,,,,,,,,,,,,,,,,,,,,,,,,,,,,,,,,,,,,,,,,,,,,,,,,,,,,,,,,,,,,,nan,,,,,,,,,,,,,,,
323,2142.266357421875,0.021400397643446922,2.1400397643446922,3362.8079986572266,10000,ppo,ppo,crawler,flat,dth_dth_neighbours_direct,,,,,,,,,,,,,,,0.0015910933588558515,0,781,0.0,0.0,,,,,,,,,,,,,,,,,,,,,,,,,,,,,,,,,,,,,,,,,,,,,,,,,,,,,,,,,,,,,,,,,,,,,,,,,,nan,,,,,,,,,,,,,,,
324,2172.861328125,0.021704165264964104,2.1704165264964104,3373.3190705776215,10000,ppo,ppo,crawler,flat,dth_dth_neighbours_direct,,,,,,,,,,,,,,,0.0017652567991281545,0,781,0.0,0.0,,,,,,,,,,,,,,,,,,,,,,,,,,,,,,,,,,,,,,,,,,,,,,,,,,,,,,,,,,,,,,,,,,,,,,,,,,nan,,,,,,,,,,,,,,,
325,2124.484619140625,0.02122221700847149,2.122221700847149,3383.063048839569,10000,ppo,ppo,crawler,flat,dth_dth_neighbours_direct,,,,,,,,,,,,,,,0.0014418733005434412,0,781,0.0,0.0,,,,,,,,,,,,,,,,,,,,,,,,,,,,,,,,,,,,,,,,,,,,,,,,,,,,,,,,,,,,,,,,,,,,,,,,,,nan,,,,,,,,,,,,,,,
326,2120.317138671875,0.021180758252739906,2.1180758252739906,3393.001916408539,10000,ppo,ppo,crawler,flat,dth_dth_neighbours_direct,,,,,,,,,,,,,,,0.0010680853441868065,0,781,0.0,0.0,,,,,,,,,,,,,,,,,,,,,,,,,,,,,,,,,,,,,,,,,,,,,,,,,,,,,,,,,,,,,,,,,,,,,,,,,,nan,,,,,,,,,,,,,,,
327,2101.707763671875,0.020994454622268677,2.0994454622268677,3403.5016674995422,10000,ppo,ppo,crawler,flat,dth_dth_neighbours_direct,,,,,,,,,,,,,,,0.0017444745061266716,0,781,0.0,0.0,,,,,,,,,,,,,,,,,,,,,,,,,,,,,,,,,,,,,,,,,,,,,,,,,,,,,,,,,,,,,,,,,,,,,,,,,,nan,,,,,,,,,,,,,,,
328,2078.375,0.020760051906108856,2.0760051906108856,3413.219725370407,10000,ppo,ppo,crawler,flat,dth_dth_neighbours_direct,,,,,,,,,,,,,,,0.0018038424054706383,0,781,0.0,0.0,,,,,,,,,,,,,,,,,,,,,,,,,,,,,,,,,,,,,,,,,,,,,,,,,,,,,,,,,,,,,,,,,,,,,,,,,,nan,,,,,,,,,,,,,,,
329,2052.17578125,0.02050151489675045,2.050151489675045,3423.0480210781097,10000,ppo,ppo,crawler,flat,dth_dth_neighbours_direct,,,,,,,,,,,,,,,0.002545538068094412,0,781,0.0,0.0,,,,,,,,,,,,,,,,,,,,,,,,,,,,,,,,,,,,,,,,,,,,,,,,,,,,,,,,,,,,,,,,,,,,,,,,,,nan,,,,,,,,,,,,,,,
330,2155.784423828125,0.021534111350774765,2.1534111350774765,3433.083904504776,10000,ppo,ppo,crawler,flat,dth_dth_neighbours_direct,,,,,,,,,,,,,,,0.0009183348434181331,0,781,0.0,0.0,,,,,,,,,,,,,,,,,,,,,,,,,,,,,,,,,,,,,,,,,,,,,,,,,,,,,,,,,,,,,,,,,,,,,,,,,,nan,,,,,,,,,,,,,,,
331,2095.58349609375,0.02093401364982128,2.093401364982128,3442.805344104767,10000,ppo,ppo,crawler,flat,dth_dth_neighbours_direct,,,,,,,,,,,,,,,0.0013662146951789,0,781,0.0,0.0,,,,,,,,,,,,,,,,,,,,,,,,,,,,,,,,,,,,,,,,,,,,,,,,,,,,,,,,,,,,,,,,,,,,,,,,,,nan,,,,,,,,,,,,,,,
332,2220.331787109375,0.02217959612607956,2.217959612607956,3453.1350860595703,10000,ppo,ppo,crawler,flat,dth_dth_neighbours_direct,,,,,,,,,,,,,,,0.002259163744681523,0,781,0.0,0.0,,,,,,,,,,,,,,,,,,,,,,,,,,,,,,,,,,,,,,,,,,,,,,,,,,,,,,,,,,,,,,,,,,,,,,,,,,nan,,,,,,,,,,,,,,,
333,2137.687255859375,0.021354375407099724,2.1354375407099724,3462.9225771427155,10000,ppo,ppo,crawler,flat,dth_dth_neighbours_direct,,,,,,,,,,,,,,,0.0015122725879956468,0,781,0.0,0.0,,,,,,,,,,,,,,,,,,,,,,,,,,,,,,,,,,,,,,,,,,,,,,,,,,,,,,,,,,,,,,,,,,,,,,,,,,nan,,,,,,,,,,,,,,,
334,2191.16845703125,0.02189020626246929,2.189020626246929,3472.9185774326324,10000,ppo,ppo,crawler,flat,dth_dth_neighbours_direct,,,,,,,,,,,,,,,0.0021545067238324484,0,781,0.0,0.0,,,,,,,,,,,,,,,,,,,,,,,,,,,,,,,,,,,,,,,,,,,,,,,,,,,,,,,,,,,,,,,,,,,,,,,,,,nan,,,,,,,,,,,,,,,
335,2115.080322265625,0.02112525887787342,2.112525887787342,3483.0085124969482,10000,ppo,ppo,crawler,flat,dth_dth_neighbours_direct,,,,,,,,,,,,,,,0.0016290936950396813,0,781,0.0,0.0,,,,,,,,,,,,,,,,,,,,,,,,,,,,,,,,,,,,,,,,,,,,,,,,,,,,,,,,,,,,,,,,,,,,,,,,,,nan,,,,,,,,,,,,,,,
336,2238.705810546875,0.022363942116498947,2.2363942116498947,3492.5940573215485,10000,ppo,ppo,crawler,flat,dth_dth_neighbours_direct,,,,,,,,,,,,,,,0.0013164397653810166,0,781,0.0,0.0,,,,,,,,,,,,,,,,,,,,,,,,,,,,,,,,,,,,,,,,,,,,,,,,,,,,,,,,,,,,,,,,,,,,,,,,,,nan,,,,,,,,,,,,,,,
337,2200.906005859375,0.021987255662679672,2.1987255662679672,3502.886283159256,10000,ppo,ppo,crawler,flat,dth_dth_neighbours_direct,,,,,,,,,,,,,,,0.002715539788100783,0,781,0.0,0.0,,,,,,,,,,,,,,,,,,,,,,,,,,,,,,,,,,,,,,,,,,,,,,,,,,,,,,,,,,,,,,,,,,,,,,,,,,nan,,,,,,,,,,,,,,,
338,2297.830810546875,0.02296081744134426,2.296081744134426,3513.1188242435455,10000,ppo,ppo,crawler,flat,dth_dth_neighbours_direct,,,,,,,,,,,,,,,0.002072265550500194,0,781,0.0,0.0,,,,,,,,,,,,,,,,,,,,,,,,,,,,,,,,,,,,,,,,,,,,,,,,,,,,,,,,,,,,,,,,,,,,,,,,,,nan,,,,,,,,,,,,,,,
339,2388.335205078125,0.023856591433286667,2.3856591433286667,3522.401453971863,10000,ppo,ppo,crawler,flat,dth_dth_neighbours_direct,,,,,,,,,,,,,,,0.0014317471284325427,0,781,0.0,0.0,,,,,,,,,,,,,,,,,,,,,,,,,,,,,,,,,,,,,,,,,,,,,,,,,,,,,,,,,,,,,,,,,,,,,,,,,,nan,,,,,,,,,,,,,,,
340,2321.310546875,0.023187756538391113,2.3187756538391113,3532.806541442871,10000,ppo,ppo,crawler,flat,dth_dth_neighbours_direct,,,,,,,,,,,,,,,0.0015270690822145297,0,781,0.0,0.0,,,,,,,,,,,,,,,,,,,,,,,,,,,,,,,,,,,,,,,,,,,,,,,,,,,,,,,,,,,,,,,,,,,,,,,,,,nan,,,,,,,,,,,,,,,
341,2340.340576171875,0.023376308381557465,2.3376308381557465,3542.7457633018494,10000,ppo,ppo,crawler,flat,dth_dth_neighbours_direct,,,,,,,,,,,,,,,0.0022253569601818663,0,781,0.0,0.0,,,,,,,,,,,,,,,,,,,,,,,,,,,,,,,,,,,,,,,,,,,,,,,,,,,,,,,,,,,,,,,,,,,,,,,,,,nan,,,,,,,,,,,,,,,
342,2434.389404296875,0.024319546297192574,2.4319546297192574,3552.8553886413574,10000,ppo,ppo,crawler,flat,dth_dth_neighbours_direct,,,,,,,,,,,,,,,0.0015826873691966658,0,781,0.0,0.0,,,,,,,,,,,,,,,,,,,,,,,,,,,,,,,,,,,,,,,,,,,,,,,,,,,,,,,,,,,,,,,,,,,,,,,,,,nan,,,,,,,,,,,,,,,
343,2322.7861328125,0.023202987387776375,2.3202987387776375,3562.833977460861,10000,ppo,ppo,crawler,flat,dth_dth_neighbours_direct,,,,,,,,,,,,,,,0.0012387321570033456,0,781,0.0,0.0,,,,,,,,,,,,,,,,,,,,,,,,,,,,,,,,,,,,,,,,,,,,,,,,,,,,,,,,,,,,,,,,,,,,,,,,,,nan,,,,,,,,,,,,,,,
344,2438.269287109375,0.024356726557016373,2.4356726557016373,3572.465968132019,10000,ppo,ppo,crawler,flat,dth_dth_neighbours_direct,,,,,,,,,,,,,,,0.001132311366413963,0,781,0.0,0.0,,,,,,,,,,,,,,,,,,,,,,,,,,,,,,,,,,,,,,,,,,,,,,,,,,,,,,,,,,,,,,,,,,,,,,,,,,nan,,,,,,,,,,,,,,,
345,2472.228515625,0.024699224159121513,2.4699224159121513,3582.9694950580597,10000,ppo,ppo,crawler,flat,dth_dth_neighbours_direct,,,,,,,,,,,,,,,0.0015140560115641912,0,781,0.0,0.0,,,,,,,,,,,,,,,,,,,,,,,,,,,,,,,,,,,,,,,,,,,,,,,,,,,,,,,,,,,,,,,,,,,,,,,,,,nan,,,,,,,,,,,,,,,
346,2512.187744140625,0.025098342448472977,2.5098342448472977,3593.0968527793884,10000,ppo,ppo,crawler,flat,dth_dth_neighbours_direct,,,,,,,,,,,,,,,0.001596003128561954,0,781,0.0,0.0,,,,,,,,,,,,,,,,,,,,,,,,,,,,,,,,,,,,,,,,,,,,,,,,,,,,,,,,,,,,,,,,,,,,,,,,,,nan,,,,,,,,,,,,,,,
347,2279.305419921875,0.022769348695874214,2.2769348695874214,3602.8990802764893,10000,ppo,ppo,crawler,flat,dth_dth_neighbours_direct,,,,,,,,,,,,,,,0.0012126502845413863,0,781,0.0,0.0,,,,,,,,,,,,,,,,,,,,,,,,,,,,,,,,,,,,,,,,,,,,,,,,,,,,,,,,,,,,,,,,,,,,,,,,,,nan,,,,,,,,,,,,,,,
348,2571.612548828125,0.025689471513032913,2.5689471513032913,3612.6789739131927,10000,ppo,ppo,crawler,flat,dth_dth_neighbours_direct,,,,,,,,,,,,,,,0.0017083323908573522,0,781,0.0,0.0,,,,,,,,,,,,,,,,,,,,,,,,,,,,,,,,,,,,,,,,,,,,,,,,,,,,,,,,,,,,,,,,,,,,,,,,,,nan,,,,,,,,,,,,,,,
349,2438.218505859375,0.02435838244855404,2.435838244855404,3623.0646317005157,10000,ppo,ppo,crawler,flat,dth_dth_neighbours_direct,,,,,,,,,,,,,,,0.0019523074373504962,0,781,0.0,0.0,,,,,,,,,,,,,,,,,,,,,,,,,,,,,,,,,,,,,,,,,,,,,,,,,,,,,,,,,,,,,,,,,,,,,,,,,,nan,,,,,,,,,,,,,,,
350,2512.264892578125,0.025095008313655853,2.5095008313655853,3633.228369951248,10000,ppo,ppo,crawler,flat,dth_dth_neighbours_direct,,,,,,,,,,,,,,,0.0017173027756164673,0,781,0.0,0.0,,,,,,,,,,,,,,,,,,,,,,,,,,,,,,,,,,,,,,,,,,,,,,,,,,,,,,,,,,,,,,,,,,,,,,,,,,nan,,,,,,,,,,,,,,,
351,2500.368896484375,0.02497832290828228,2.497832290828228,3643.3603649139404,10000,ppo,ppo,crawler,flat,dth_dth_neighbours_direct,,,,,,,,,,,,,,,0.00135814846744614,0,781,0.0,0.0,,,,,,,,,,,,,,,,,,,,,,,,,,,,,,,,,,,,,,,,,,,,,,,,,,,,,,,,,,,,,,,,,,,,,,,,,,nan,,,,,,,,,,,,,,,
352,2457.94140625,0.02455218881368637,2.455218881368637,3653.403282403946,10000,ppo,ppo,crawler,flat,dth_dth_neighbours_direct,,,,,,,,,,,,,,,0.001102749328726701,0,781,0.0,0.0,,,,,,,,,,,,,,,,,,,,,,,,,,,,,,,,,,,,,,,,,,,,,,,,,,,,,,,,,,,,,,,,,,,,,,,,,,nan,,,,,,,,,,,,,,,
353,2541.132080078125,0.02538205124437809,2.538205124437809,3663.5078568458557,10000,ppo,ppo,crawler,flat,dth_dth_neighbours_direct,,,,,,,,,,,,,,,0.0011181356589025802,0,781,0.0,0.0,,,,,,,,,,,,,,,,,,,,,,,,,,,,,,,,,,,,,,,,,,,,,,,,,,,,,,,,,,,,,,,,,,,,,,,,,,nan,,,,,,,,,,,,,,,
354,2631.218017578125,0.026285797357559204,2.6285797357559204,3673.1615669727325,10000,ppo,ppo,crawler,flat,dth_dth_neighbours_direct,,,,,,,,,,,,,,,0.0013176110000895232,0,781,0.0,0.0,,,,,,,,,,,,,,,,,,,,,,,,,,,,,,,,,,,,,,,,,,,,,,,,,,,,,,,,,,,,,,,,,,,,,,,,,,nan,,,,,,,,,,,,,,,
355,2471.691162109375,0.024687623605132103,2.4687623605132103,3682.944880247116,10000,ppo,ppo,crawler,flat,dth_dth_neighbours_direct,,,,,,,,,,,,,,,0.0012390199892753314,0,781,0.0,0.0,,,,,,,,,,,,,,,,,,,,,,,,,,,,,,,,,,,,,,,,,,,,,,,,,,,,,,,,,,,,,,,,,,,,,,,,,,nan,,,,,,,,,,,,,,,
356,2559.1103515625,0.02556547150015831,2.556547150015831,3693.0373175144196,10000,ppo,ppo,crawler,flat,dth_dth_neighbours_direct,,,,,,,,,,,,,,,0.001508588034347133,0,781,0.0,0.0,,,,,,,,,,,,,,,,,,,,,,,,,,,,,,,,,,,,,,,,,,,,,,,,,,,,,,,,,,,,,,,,,,,,,,,,,,nan,,,,,,,,,,,,,,,
357,2505.557861328125,0.025028804317116737,2.5028804317116737,3702.753270626068,10000,ppo,ppo,crawler,flat,dth_dth_neighbours_direct,,,,,,,,,,,,,,,0.001236725900161429,0,781,0.0,0.0,,,,,,,,,,,,,,,,,,,,,,,,,,,,,,,,,,,,,,,,,,,,,,,,,,,,,,,,,,,,,,,,,,,,,,,,,,nan,,,,,,,,,,,,,,,
358,2432.289794921875,0.0242970772087574,2.42970772087574,3712.9330673217773,10000,ppo,ppo,crawler,flat,dth_dth_neighbours_direct,,,,,,,,,,,,,,,0.0013655696504217272,0,781,0.0,0.0,,,,,,,,,,,,,,,,,,,,,,,,,,,,,,,,,,,,,,,,,,,,,,,,,,,,,,,,,,,,,,,,,,,,,,,,,,nan,,,,,,,,,,,,,,,
359,2455.311279296875,0.02452826499938965,2.452826499938965,3723.812012910843,10000,ppo,ppo,crawler,flat,dth_dth_neighbours_direct,,,,,,,,,,,,,,,0.0017448414197172983,0,781,0.0,0.0,,,,,,,,,,,,,,,,,,,,,,,,,,,,,,,,,,,,,,,,,,,,,,,,,,,,,,,,,,,,,,,,,,,,,,,,,,nan,,,,,,,,,,,,,,,
360,2517.014404296875,0.025143016129732132,2.514301612973213,3734.4536061286926,10000,ppo,ppo,crawler,flat,dth_dth_neighbours_direct,,,,,,,,,,,,,,,0.0027609730470521637,0,781,0.0,0.0,,,,,,,,,,,,,,,,,,,,,,,,,,,,,,,,,,,,,,,,,,,,,,,,,,,,,,,,,,,,,,,,,,,,,,,,,,nan,,,,,,,,,,,,,,,
361,2346.302001953125,0.02343842014670372,2.343842014670372,3745.190459728241,10000,ppo,ppo,crawler,flat,dth_dth_neighbours_direct,,,,,,,,,,,,,,,0.0021642339355688847,0,781,0.0,0.0,,,,,,,,,,,,,,,,,,,,,,,,,,,,,,,,,,,,,,,,,,,,,,,,,,,,,,,,,,,,,,,,,,,,,,,,,,nan,,,,,,,,,,,,,,,
362,2484.659912109375,0.024815451353788376,2.4815451353788376,3755.934421300888,10000,ppo,ppo,crawler,flat,dth_dth_neighbours_direct,,,,,,,,,,,,,,,0.0012517646454136581,0,781,0.0,0.0,,,,,,,,,,,,,,,,,,,,,,,,,,,,,,,,,,,,,,,,,,,,,,,,,,,,,,,,,,,,,,,,,,,,,,,,,,nan,,,,,,,,,,,,,,,
363,2461.036376953125,0.02458251640200615,2.458251640200615,3766.3849668502808,10000,ppo,ppo,crawler,flat,dth_dth_neighbours_direct,,,,,,,,,,,,,,,0.0020744193182205394,0,781,0.0,0.0,,,,,,,,,,,,,,,,,,,,,,,,,,,,,,,,,,,,,,,,,,,,,,,,,,,,,,,,,,,,,,,,,,,,,,,,,,nan,,,,,,,,,,,,,,,
364,2478.568359375,0.024759706109762192,2.475970610976219,3777.32976937294,10000,ppo,ppo,crawler,flat,dth_dth_neighbours_direct,,,,,,,,,,,,,,,0.001558985407862777,0,781,0.0,0.0,,,,,,,,,,,,,,,,,,,,,,,,,,,,,,,,,,,,,,,,,,,,,,,,,,,,,,,,,,,,,,,,,,,,,,,,,,nan,,,,,,,,,,,,,,,
365,2503.19091796875,0.02500854805111885,2.500854805111885,3788.25439119339,10000,ppo,ppo,crawler,flat,dth_dth_neighbours_direct,,,,,,,,,,,,,,,0.0015495611727340645,0,781,0.0,0.0,,,,,,,,,,,,,,,,,,,,,,,,,,,,,,,,,,,,,,,,,,,,,,,,,,,,,,,,,,,,,,,,,,,,,,,,,,nan,,,,,,,,,,,,,,,
366,2544.055419921875,0.025411194190382957,2.5411194190382957,3798.928452730179,10000,ppo,ppo,crawler,flat,dth_dth_neighbours_direct,,,,,,,,,,,,,,,0.0012021426071400624,0,781,0.0,0.0,,,,,,,,,,,,,,,,,,,,,,,,,,,,,,,,,,,,,,,,,,,,,,,,,,,,,,,,,,,,,,,,,,,,,,,,,,nan,,,,,,,,,,,,,,,
367,2534.33251953125,0.0253169983625412,2.53169983625412,3809.5813188552856,10000,ppo,ppo,crawler,flat,dth_dth_neighbours_direct,,,,,,,,,,,,,,,0.001688232226862986,0,781,0.0,0.0,,,,,,,,,,,,,,,,,,,,,,,,,,,,,,,,,,,,,,,,,,,,,,,,,,,,,,,,,,,,,,,,,,,,,,,,,,nan,,,,,,,,,,,,,,,
368,2625.340576171875,0.0262267105281353,2.62267105281353,3819.750591993332,10000,ppo,ppo,crawler,flat,dth_dth_neighbours_direct,,,,,,,,,,,,,,,0.0016452091866379,0,781,0.0,0.0,,,,,,,,,,,,,,,,,,,,,,,,,,,,,,,,,,,,,,,,,,,,,,,,,,,,,,,,,,,,,,,,,,,,,,,,,,nan,,,,,,,,,,,,,,,
369,2572.899169921875,0.025700706988573074,2.5700706988573074,3829.463727235794,10000,ppo,ppo,crawler,flat,dth_dth_neighbours_direct,,,,,,,,,,,,,,,0.0026531605199753743,0,781,0.0,0.0,,,,,,,,,,,,,,,,,,,,,,,,,,,,,,,,,,,,,,,,,,,,,,,,,,,,,,,,,,,,,,,,,,,,,,,,,,nan,,,,,,,,,,,,,,,
370,2492.737060546875,0.02490074932575226,2.490074932575226,3839.4636101722717,10000,ppo,ppo,crawler,flat,dth_dth_neighbours_direct,,,,,,,,,,,,,,,0.0020730412439264345,0,781,0.0,0.0,,,,,,,,,,,,,,,,,,,,,,,,,,,,,,,,,,,,,,,,,,,,,,,,,,,,,,,,,,,,,,,,,,,,,,,,,,nan,,,,,,,,,,,,,,,
371,2568.479248046875,0.025657042860984802,2.5657042860984802,3849.237084388733,10000,ppo,ppo,crawler,flat,dth_dth_neighbours_direct,,,,,,,,,,,,,,,0.0015459861538025105,0,781,0.0,0.0,,,,,,,,,,,,,,,,,,,,,,,,,,,,,,,,,,,,,,,,,,,,,,,,,,,,,,,,,,,,,,,,,,,,,,,,,,nan,,,,,,,,,,,,,,,
372,2635.486328125,0.02632858231663704,2.632858231663704,3859.042449951172,10000,ppo,ppo,crawler,flat,dth_dth_neighbours_direct,,,,,,,,,,,,,,,0.001380740664445184,0,781,0.0,0.0,,,,,,,,,,,,,,,,,,,,,,,,,,,,,,,,,,,,,,,,,,,,,,,,,,,,,,,,,,,,,,,,,,,,,,,,,,nan,,,,,,,,,,,,,,,
373,2602.73681640625,0.02600065805017948,2.600065805017948,3869.213715314865,10000,ppo,ppo,crawler,flat,dth_dth_neighbours_direct,,,,,,,,,,,,,,,0.002002529603281225,0,781,0.0,0.0,,,,,,,,,,,,,,,,,,,,,,,,,,,,,,,,,,,,,,,,,,,,,,,,,,,,,,,,,,,,,,,,,,,,,,,,,,nan,,,,,,,,,,,,,,,
374,2646.66552734375,0.026443583890795708,2.6443583890795708,3878.9367332458496,10000,ppo,ppo,crawler,flat,dth_dth_neighbours_direct,,,,,,,,,,,,,,,0.001312409491568799,0,781,0.0,0.0,,,,,,,,,,,,,,,,,,,,,,,,,,,,,,,,,,,,,,,,,,,,,,,,,,,,,,,,,,,,,,,,,,,,,,,,,,nan,,,,,,,,,,,,,,,
375,2609.138427734375,0.026060668751597404,2.6060668751597404,3888.830314874649,10000,ppo,ppo,crawler,flat,dth_dth_neighbours_direct,,,,,,,,,,,,,,,0.0016033303609377667,0,781,0.0,0.0,,,,,,,,,,,,,,,,,,,,,,,,,,,,,,,,,,,,,,,,,,,,,,,,,,,,,,,,,,,,,,,,,,,,,,,,,,nan,,,,,,,,,,,,,,,
376,2623.5546875,0.026204312220215797,2.6204312220215797,3898.4039208889008,10000,ppo,ppo,crawler,flat,dth_dth_neighbours_direct,,,,,,,,,,,,,,,0.002752985335909668,0,781,0.0,0.0,,,,,,,,,,,,,,,,,,,,,,,,,,,,,,,,,,,,,,,,,,,,,,,,,,,,,,,,,,,,,,,,,,,,,,,,,,nan,,,,,,,,,,,,,,,
377,2586.016357421875,0.025834063068032265,2.5834063068032265,3908.1872305870056,10000,ppo,ppo,crawler,flat,dth_dth_neighbours_direct,,,,,,,,,,,,,,,0.002779313330398292,0,781,0.0,0.0,,,,,,,,,,,,,,,,,,,,,,,,,,,,,,,,,,,,,,,,,,,,,,,,,,,,,,,,,,,,,,,,,,,,,,,,,,nan,,,,,,,,,,,,,,,
378,2668.171142578125,0.026660766452550888,2.666076645255089,3918.1355741024017,10000,ppo,ppo,crawler,flat,dth_dth_neighbours_direct,,,,,,,,,,,,,,,0.0016748794042566741,0,781,0.0,0.0,,,,,,,,,,,,,,,,,,,,,,,,,,,,,,,,,,,,,,,,,,,,,,,,,,,,,,,,,,,,,,,,,,,,,,,,,,nan,,,,,,,,,,,,,,,
379,2543.703857421875,0.02541554532945156,2.541554532945156,3927.9574658870697,10000,ppo,ppo,crawler,flat,dth_dth_neighbours_direct,,,,,,,,,,,,,,,0.0015301897558346518,0,781,0.0,0.0,,,,,,,,,,,,,,,,,,,,,,,,,,,,,,,,,,,,,,,,,,,,,,,,,,,,,,,,,,,,,,,,,,,,,,,,,,nan,,,,,,,,,,,,,,,
380,2640.12109375,0.02637241780757904,2.637241780757904,3937.6479680538177,10000,ppo,ppo,crawler,flat,dth_dth_neighbours_direct,,,,,,,,,,,,,,,0.002552696954512845,0,781,0.0,0.0,,,,,,,,,,,,,,,,,,,,,,,,,,,,,,,,,,,,,,,,,,,,,,,,,,,,,,,,,,,,,,,,,,,,,,,,,,nan,,,,,,,,,,,,,,,
381,2712.494873046875,0.02709829993546009,2.709829993546009,3947.3421564102173,10000,ppo,ppo,crawler,flat,dth_dth_neighbours_direct,,,,,,,,,,,,,,,0.0014162190984254113,0,781,0.0,0.0,,,,,,,,,,,,,,,,,,,,,,,,,,,,,,,,,,,,,,,,,,,,,,,,,,,,,,,,,,,,,,,,,,,,,,,,,,nan,,,,,,,,,,,,,,,
382,2599.143798828125,0.025962673127651215,2.5962673127651215,3957.43373131752,10000,ppo,ppo,crawler,flat,dth_dth_neighbours_direct,,,,,,,,,,,,,,,0.0019087482794233725,0,781,0.0,0.0,,,,,,,,,,,,,,,,,,,,,,,,,,,,,,,,,,,,,,,,,,,,,,,,,,,,,,,,,,,,,,,,,,,,,,,,,,nan,,,,,,,,,,,,,,,
383,2555.372802734375,0.025526268407702446,2.5526268407702446,3967.2064247131348,10000,ppo,ppo,crawler,flat,dth_dth_neighbours_direct,,,,,,,,,,,,,,,0.002050771132592983,0,781,0.0,0.0,,,,,,,,,,,,,,,,,,,,,,,,,,,,,,,,,,,,,,,,,,,,,,,,,,,,,,,,,,,,,,,,,,,,,,,,,,nan,,,,,,,,,,,,,,,
384,2621.7744140625,0.02619141712784767,2.619141712784767,3976.832192659378,10000,ppo,ppo,crawler,flat,dth_dth_neighbours_direct,,,,,,,,,,,,,,,0.001878646308166006,0,781,0.0,0.0,,,,,,,,,,,,,,,,,,,,,,,,,,,,,,,,,,,,,,,,,,,,,,,,,,,,,,,,,,,,,,,,,,,,,,,,,,nan,,,,,,,,,,,,,,,
385,2535.48828125,0.025326663628220558,2.532666362822056,3986.6577339172363,10000,ppo,ppo,crawler,flat,dth_dth_neighbours_direct,,,,,,,,,,,,,,,0.0013784120940467319,0,781,0.0,0.0,,,,,,,,,,,,,,,,,,,,,,,,,,,,,,,,,,,,,,,,,,,,,,,,,,,,,,,,,,,,,,,,,,,,,,,,,,nan,,,,,,,,,,,,,,,
386,2501.7626953125,0.02498934045433998,2.498934045433998,3996.5637996196747,10000,ppo,ppo,crawler,flat,dth_dth_neighbours_direct,,,,,,,,,,,,,,,0.0022528316303959705,0,781,0.0,0.0,,,,,,,,,,,,,,,,,,,,,,,,,,,,,,,,,,,,,,,,,,,,,,,,,,,,,,,,,,,,,,,,,,,,,,,,,,nan,,,,,,,,,,,,,,,
387,2551.62548828125,0.025487592443823814,2.5487592443823814,4006.4646651744843,10000,ppo,ppo,crawler,flat,dth_dth_neighbours_direct,,,,,,,,,,,,,,,0.002301923143099436,0,781,0.0,0.0,,,,,,,,,,,,,,,,,,,,,,,,,,,,,,,,,,,,,,,,,,,,,,,,,,,,,,,,,,,,,,,,,,,,,,,,,,nan,,,,,,,,,,,,,,,
388,2529.213623046875,0.025264613330364227,2.5264613330364227,4016.1541752815247,10000,ppo,ppo,crawler,flat,dth_dth_neighbours_direct,,,,,,,,,,,,,,,0.0017696859403551009,0,781,0.0,0.0,,,,,,,,,,,,,,,,,,,,,,,,,,,,,,,,,,,,,,,,,,,,,,,,,,,,,,,,,,,,,,,,,,,,,,,,,,nan,,,,,,,,,,,,,,,
389,2517.489990234375,0.025151748210191727,2.5151748210191727,4026.1947934627533,10000,ppo,ppo,crawler,flat,dth_dth_neighbours_direct,,,,,,,,,,,,,,,0.0013268585765965348,0,781,0.0,0.0,,,,,,,,,,,,,,,,,,,,,,,,,,,,,,,,,,,,,,,,,,,,,,,,,,,,,,,,,,,,,,,,,,,,,,,,,,nan,,,,,,,,,,,,,,,
390,2507.15673828125,0.025041844695806503,2.5041844695806503,4036.129531145096,10000,ppo,ppo,crawler,flat,dth_dth_neighbours_direct,,,,,,,,,,,,,,,0.0022094485489845338,0,781,0.0,0.0,,,,,,,,,,,,,,,,,,,,,,,,,,,,,,,,,,,,,,,,,,,,,,,,,,,,,,,,,,,,,,,,,,,,,,,,,,nan,,,,,,,,,,,,,,,
391,2544.106689453125,0.025412829592823982,2.5412829592823982,4045.920301914215,10000,ppo,ppo,crawler,flat,dth_dth_neighbours_direct,,,,,,,,,,,,,,,0.0022793061444702054,0,781,0.0,0.0,,,,,,,,,,,,,,,,,,,,,,,,,,,,,,,,,,,,,,,,,,,,,,,,,,,,,,,,,,,,,,,,,,,,,,,,,,nan,,,,,,,,,,,,,,,
392,2364.483154296875,0.02361711487174034,2.361711487174034,4055.824573993683,10000,ppo,ppo,crawler,flat,dth_dth_neighbours_direct,,,,,,,,,,,,,,,0.002295676591249268,0,781,0.0,0.0,,,,,,,,,,,,,,,,,,,,,,,,,,,,,,,,,,,,,,,,,,,,,,,,,,,,,,,,,,,,,,,,,,,,,,,,,,nan,,,,,,,,,,,,,,,
393,2340.787109375,0.023383451625704765,2.3383451625704765,4065.800609588623,10000,ppo,ppo,crawler,flat,dth_dth_neighbours_direct,,,,,,,,,,,,,,,0.001003651752373545,0,781,0.0,0.0,,,,,,,,,,,,,,,,,,,,,,,,,,,,,,,,,,,,,,,,,,,,,,,,,,,,,,,,,,,,,,,,,,,,,,,,,,nan,,,,,,,,,,,,,,,
394,2373.39599609375,0.023709682747721672,2.370968274772167,4075.524266242981,10000,ppo,ppo,crawler,flat,dth_dth_neighbours_direct,,,,,,,,,,,,,,,0.0021033982826692632,0,781,0.0,0.0,,,,,,,,,,,,,,,,,,,,,,,,,,,,,,,,,,,,,,,,,,,,,,,,,,,,,,,,,,,,,,,,,,,,,,,,,,nan,,,,,,,,,,,,,,,
395,2371.148193359375,0.023683739826083183,2.3683739826083183,4085.506199359894,10000,ppo,ppo,crawler,flat,dth_dth_neighbours_direct,,,,,,,,,,,,,,,0.002390212259041049,0,781,0.0,0.0,,,,,,,,,,,,,,,,,,,,,,,,,,,,,,,,,,,,,,,,,,,,,,,,,,,,,,,,,,,,,,,,,,,,,,,,,,nan,,,,,,,,,,,,,,,
396,2432.68017578125,0.024303508922457695,2.4303508922457695,4095.1812150478363,10000,ppo,ppo,crawler,flat,dth_dth_neighbours_direct,,,,,,,,,,,,,,,0.001968320644242787,0,781,0.0,0.0,,,,,,,,,,,,,,,,,,,,,,,,,,,,,,,,,,,,,,,,,,,,,,,,,,,,,,,,,,,,,,,,,,,,,,,,,,nan,,,,,,,,,,,,,,,
397,2337.96533203125,0.023356463760137558,2.335646376013756,4105.213527202606,10000,ppo,ppo,crawler,flat,dth_dth_neighbours_direct,,,,,,,,,,,,,,,0.0025063402482099102,0,781,0.0,0.0,,,,,,,,,,,,,,,,,,,,,,,,,,,,,,,,,,,,,,,,,,,,,,,,,,,,,,,,,,,,,,,,,,,,,,,,,,nan,,,,,,,,,,,,,,,
398,2365.474609375,0.023629408329725266,2.3629408329725266,4115.129710435867,10000,ppo,ppo,crawler,flat,dth_dth_neighbours_direct,,,,,,,,,,,,,,,0.0016264250806020074,0,781,0.0,0.0,,,,,,,,,,,,,,,,,,,,,,,,,,,,,,,,,,,,,,,,,,,,,,,,,,,,,,,,,,,,,,,,,,,,,,,,,,nan,,,,,,,,,,,,,,,
399,2394.483154296875,0.023917820304632187,2.3917820304632187,4124.869845151901,10000,ppo,ppo,crawler,flat,dth_dth_neighbours_direct,,,,,,,,,,,,,,,0.0017391609368416921,0,781,0.0,0.0,,,,,,,,,,,,,,,,,,,,,,,,,,,,,,,,,,,,,,,,,,,,,,,,,,,,,,,,,,,,,,,,,,,,,,,,,,nan,,,,,,,,,,,,,,,
400,2434.45166015625,0.024322262033820152,2.4322262033820152,4134.639679193497,10000,ppo,ppo,crawler,flat,dth_dth_neighbours_direct,,,,,,,,,,,,,,,0.001633351941987775,0,781,0.0,0.0,,,,,,,,,,,,,,,,,,,,,,,,,,,,,,,,,,,,,,,,,,,,,,,,,,,,,,,,,,,,,,,,,,,,,,,,,,nan,,,,,,,,,,,,,,,
401,2531.060546875,0.025281066074967384,2.5281066074967384,4144.923816680908,10000,ppo,ppo,crawler,flat,dth_dth_neighbours_direct,,,,,,,,,,,,,,,0.002051077418019582,0,781,0.0,0.0,,,,,,,,,,,,,,,,,,,,,,,,,,,,,,,,,,,,,,,,,,,,,,,,,,,,,,,,,,,,,,,,,,,,,,,,,,nan,,,,,,,,,,,,,,,
402,2480.793701171875,0.024779774248600006,2.4779774248600006,4155.099911928177,10000,ppo,ppo,crawler,flat,dth_dth_neighbours_direct,,,,,,,,,,,,,,,0.0026585314009589384,0,781,0.0,0.0,,,,,,,,,,,,,,,,,,,,,,,,,,,,,,,,,,,,,,,,,,,,,,,,,,,,,,,,,,,,,,,,,,,,,,,,,,nan,,,,,,,,,,,,,,,
403,2569.55224609375,0.025670988485217094,2.5670988485217094,4165.086193561554,10000,ppo,ppo,crawler,flat,dth_dth_neighbours_direct,,,,,,,,,,,,,,,0.0020649231798896663,0,781,0.0,0.0,,,,,,,,,,,,,,,,,,,,,,,,,,,,,,,,,,,,,,,,,,,,,,,,,,,,,,,,,,,,,,,,,,,,,,,,,,nan,,,,,,,,,,,,,,,
404,2463.70654296875,0.024609601125121117,2.4609601125121117,4175.091134309769,10000,ppo,ppo,crawler,flat,dth_dth_neighbours_direct,,,,,,,,,,,,,,,0.0019763684856061283,0,781,0.0,0.0,,,,,,,,,,,,,,,,,,,,,,,,,,,,,,,,,,,,,,,,,,,,,,,,,,,,,,,,,,,,,,,,,,,,,,,,,,nan,,,,,,,,,,,,,,,
405,2466.710205078125,0.024640804156661034,2.4640804156661034,4185.187158346176,10000,ppo,ppo,crawler,flat,dth_dth_neighbours_direct,,,,,,,,,,,,,,,0.002011344415387191,0,781,0.0,0.0,,,,,,,,,,,,,,,,,,,,,,,,,,,,,,,,,,,,,,,,,,,,,,,,,,,,,,,,,,,,,,,,,,,,,,,,,,nan,,,,,,,,,,,,,,,
406,2563.39208984375,0.025602035224437714,2.5602035224437714,4195.088105678558,10000,ppo,ppo,crawler,flat,dth_dth_neighbours_direct,,,,,,,,,,,,,,,0.001175902832250342,0,781,0.0,0.0,,,,,,,,,,,,,,,,,,,,,,,,,,,,,,,,,,,,,,,,,,,,,,,,,,,,,,,,,,,,,,,,,,,,,,,,,,nan,,,,,,,,,,,,,,,
407,2535.941162109375,0.025332923978567123,2.5332923978567123,4205.186229467392,10000,ppo,ppo,crawler,flat,dth_dth_neighbours_direct,,,,,,,,,,,,,,,0.002095667571287656,0,781,0.0,0.0,,,,,,,,,,,,,,,,,,,,,,,,,,,,,,,,,,,,,,,,,,,,,,,,,,,,,,,,,,,,,,,,,,,,,,,,,,nan,,,,,,,,,,,,,,,
408,2455.633056640625,0.024526994675397873,2.4526994675397873,4215.625576496124,10000,ppo,ppo,crawler,flat,dth_dth_neighbours_direct,,,,,,,,,,,,,,,0.0011350043163644787,0,781,0.0,0.0,,,,,,,,,,,,,,,,,,,,,,,,,,,,,,,,,,,,,,,,,,,,,,,,,,,,,,,,,,,,,,,,,,,,,,,,,,nan,,,,,,,,,,,,,,,
409,2444.119873046875,0.024418987333774567,2.4418987333774567,4225.47602558136,10000,ppo,ppo,crawler,flat,dth_dth_neighbours_direct,,,,,,,,,,,,,,,0.0020093001079665267,0,781,0.0,0.0,,,,,,,,,,,,,,,,,,,,,,,,,,,,,,,,,,,,,,,,,,,,,,,,,,,,,,,,,,,,,,,,,,,,,,,,,,nan,,,,,,,,,,,,,,,
410,2432.117919921875,0.024293402209877968,2.429340220987797,4235.781871557236,10000,ppo,ppo,crawler,flat,dth_dth_neighbours_direct,,,,,,,,,,,,,,,0.0015347457616166728,0,781,0.0,0.0,,,,,,,,,,,,,,,,,,,,,,,,,,,,,,,,,,,,,,,,,,,,,,,,,,,,,,,,,,,,,,,,,,,,,,,,,,nan,,,,,,,,,,,,,,,
411,2427.0771484375,0.02424730733036995,2.424730733036995,4245.821502685547,10000,ppo,ppo,crawler,flat,dth_dth_neighbours_direct,,,,,,,,,,,,,,,0.0012425119595716333,0,781,0.0,0.0,,,,,,,,,,,,,,,,,,,,,,,,,,,,,,,,,,,,,,,,,,,,,,,,,,,,,,,,,,,,,,,,,,,,,,,,,,nan,,,,,,,,,,,,,,,
412,2371.6865234375,0.023689083755016327,2.3689083755016327,4255.709105730057,10000,ppo,ppo,crawler,flat,dth_dth_neighbours_direct,,,,,,,,,,,,,,,0.0021494958346488574,0,781,0.0,0.0,,,,,,,,,,,,,,,,,,,,,,,,,,,,,,,,,,,,,,,,,,,,,,,,,,,,,,,,,,,,,,,,,,,,,,,,,,nan,,,,,,,,,,,,,,,
413,2490.555908203125,0.024880411103367805,2.4880411103367805,4265.7896502017975,10000,ppo,ppo,crawler,flat,dth_dth_neighbours_direct,,,,,,,,,,,,,,,0.001262659705462889,0,781,0.0,0.0,,,,,,,,,,,,,,,,,,,,,,,,,,,,,,,,,,,,,,,,,,,,,,,,,,,,,,,,,,,,,,,,,,,,,,,,,,nan,,,,,,,,,,,,,,,
414,2299.329833984375,0.02296922169625759,2.296922169625759,4275.60436797142,10000,ppo,ppo,crawler,flat,dth_dth_neighbours_direct,,,,,,,,,,,,,,,0.0024347024572588067,0,781,0.0,0.0,,,,,,,,,,,,,,,,,,,,,,,,,,,,,,,,,,,,,,,,,,,,,,,,,,,,,,,,,,,,,,,,,,,,,,,,,,nan,,,,,,,,,,,,,,,
415,2528.860595703125,0.02526298351585865,2.526298351585865,4285.721565246582,10000,ppo,ppo,crawler,flat,dth_dth_neighbours_direct,,,,,,,,,,,,,,,0.0016715804717030262,0,781,0.0,0.0,,,,,,,,,,,,,,,,,,,,,,,,,,,,,,,,,,,,,,,,,,,,,,,,,,,,,,,,,,,,,,,,,,,,,,,,,,nan,,,,,,,,,,,,,,,
416,2366.083251953125,0.02363540418446064,2.363540418446064,4295.813928604126,10000,ppo,ppo,crawler,flat,dth_dth_neighbours_direct,,,,,,,,,,,,,,,0.0012529636601176695,0,781,0.0,0.0,,,,,,,,,,,,,,,,,,,,,,,,,,,,,,,,,,,,,,,,,,,,,,,,,,,,,,,,,,,,,,,,,,,,,,,,,,nan,,,,,,,,,,,,,,,
417,2283.298828125,0.02280999720096588,2.280999720096588,4305.249990940094,10000,ppo,ppo,crawler,flat,dth_dth_neighbours_direct,,,,,,,,,,,,,,,0.0029946950040893395,0,781,0.0,0.0,,,,,,,,,,,,,,,,,,,,,,,,,,,,,,,,,,,,,,,,,,,,,,,,,,,,,,,,,,,,,,,,,,,,,,,,,,nan,,,,,,,,,,,,,,,
418,2241.030029296875,0.022386180236935616,2.2386180236935616,4315.6583688259125,10000,ppo,ppo,crawler,flat,dth_dth_neighbours_direct,,,,,,,,,,,,,,,0.0010149056808805396,0,781,0.0,0.0,,,,,,,,,,,,,,,,,,,,,,,,,,,,,,,,,,,,,,,,,,,,,,,,,,,,,,,,,,,,,,,,,,,,,,,,,,nan,,,,,,,,,,,,,,,
419,2262.008056640625,0.022595571354031563,2.2595571354031563,4325.343051671982,10000,ppo,ppo,crawler,flat,dth_dth_neighbours_direct,,,,,,,,,,,,,,,0.0021851027280796287,0,781,0.0,0.0,,,,,,,,,,,,,,,,,,,,,,,,,,,,,,,,,,,,,,,,,,,,,,,,,,,,,,,,,,,,,,,,,,,,,,,,,,nan,,,,,,,,,,,,,,,
420,2323.20166015625,0.023212281987071037,2.3212281987071037,4335.398062467575,10000,ppo,ppo,crawler,flat,dth_dth_neighbours_direct,,,,,,,,,,,,,,,0.002554659024517884,0,781,0.0,0.0,,,,,,,,,,,,,,,,,,,,,,,,,,,,,,,,,,,,,,,,,,,,,,,,,,,,,,,,,,,,,,,,,,,,,,,,,,nan,,,,,,,,,,,,,,,
421,2290.614501953125,0.022885847836732864,2.2885847836732864,4345.385274171829,10000,ppo,ppo,crawler,flat,dth_dth_neighbours_direct,,,,,,,,,,,,,,,0.0010127959556813107,0,781,0.0,0.0,,,,,,,,,,,,,,,,,,,,,,,,,,,,,,,,,,,,,,,,,,,,,,,,,,,,,,,,,,,,,,,,,,,,,,,,,,nan,,,,,,,,,,,,,,,
422,2392.319580078125,0.02389911562204361,2.389911562204361,4354.974311590195,10000,ppo,ppo,crawler,flat,dth_dth_neighbours_direct,,,,,,,,,,,,,,,0.0014872850900877876,0,781,0.0,0.0,,,,,,,,,,,,,,,,,,,,,,,,,,,,,,,,,,,,,,,,,,,,,,,,,,,,,,,,,,,,,,,,,,,,,,,,,,nan,,,,,,,,,,,,,,,
423,2478.734375,0.024760374799370766,2.4760374799370766,4365.306907892227,10000,ppo,ppo,crawler,flat,dth_dth_neighbours_direct,,,,,,,,,,,,,,,0.0021100110909614152,0,781,0.0,0.0,,,,,,,,,,,,,,,,,,,,,,,,,,,,,,,,,,,,,,,,,,,,,,,,,,,,,,,,,,,,,,,,,,,,,,,,,,nan,,,,,,,,,,,,,,,
424,2388.9599609375,0.023865485563874245,2.3865485563874245,4374.779517412186,10000,ppo,ppo,crawler,flat,dth_dth_neighbours_direct,,,,,,,,,,,,,,,0.0016178704466159367,0,781,0.0,0.0,,,,,,,,,,,,,,,,,,,,,,,,,,,,,,,,,,,,,,,,,,,,,,,,,,,,,,,,,,,,,,,,,,,,,,,,,,nan,,,,,,,,,,,,,,,
425,2485.39794921875,0.0248291976749897,2.48291976749897,4384.81244468689,10000,ppo,ppo,crawler,flat,dth_dth_neighbours_direct,,,,,,,,,,,,,,,0.0025526520723463068,0,781,0.0,0.0,,,,,,,,,,,,,,,,,,,,,,,,,,,,,,,,,,,,,,,,,,,,,,,,,,,,,,,,,,,,,,,,,,,,,,,,,,nan,,,,,,,,,,,,,,,
426,2360.141357421875,0.02357606776058674,2.357606776058674,4395.0026886463165,10000,ppo,ppo,crawler,flat,dth_dth_neighbours_direct,,,,,,,,,,,,,,,0.0016482286709369302,0,781,0.0,0.0,,,,,,,,,,,,,,,,,,,,,,,,,,,,,,,,,,,,,,,,,,,,,,,,,,,,,,,,,,,,,,,,,,,,,,,,,,nan,,,,,,,,,,,,,,,
427,2382.308837890625,0.02379724569618702,2.379724569618702,4404.495370149612,10000,ppo,ppo,crawler,flat,dth_dth_neighbours_direct,,,,,,,,,,,,,,,0.0021961509372037274,0,781,0.0,0.0,,,,,,,,,,,,,,,,,,,,,,,,,,,,,,,,,,,,,,,,,,,,,,,,,,,,,,,,,,,,,,,,,,,,,,,,,,nan,,,,,,,,,,,,,,,
428,2376.67919921875,0.023740651085972786,2.3740651085972786,4414.488023281097,10000,ppo,ppo,crawler,flat,dth_dth_neighbours_direct,,,,,,,,,,,,,,,0.0017841520484405864,0,781,0.0,0.0,,,,,,,,,,,,,,,,,,,,,,,,,,,,,,,,,,,,,,,,,,,,,,,,,,,,,,,,,,,,,,,,,,,,,,,,,,nan,,,,,,,,,,,,,,,
429,2376.133056640625,0.02373313531279564,2.373313531279564,4424.198609113693,10000,ppo,ppo,crawler,flat,dth_dth_neighbours_direct,,,,,,,,,,,,,,,0.001967979143613083,0,781,0.0,0.0,,,,,,,,,,,,,,,,,,,,,,,,,,,,,,,,,,,,,,,,,,,,,,,,,,,,,,,,,,,,,,,,,,,,,,,,,,nan,,,,,,,,,,,,,,,
430,2472.169189453125,0.02469397522509098,2.469397522509098,4433.959064483643,10000,ppo,ppo,crawler,flat,dth_dth_neighbours_direct,,,,,,,,,,,,,,,0.0014057004981869038,0,781,0.0,0.0,,,,,,,,,,,,,,,,,,,,,,,,,,,,,,,,,,,,,,,,,,,,,,,,,,,,,,,,,,,,,,,,,,,,,,,,,,nan,,,,,,,,,,,,,,,
431,2363.267822265625,0.023607240989804268,2.360724098980427,4444.120307683945,10000,ppo,ppo,crawler,flat,dth_dth_neighbours_direct,,,,,,,,,,,,,,,0.0017599917713847907,0,781,0.0,0.0,,,,,,,,,,,,,,,,,,,,,,,,,,,,,,,,,,,,,,,,,,,,,,,,,,,,,,,,,,,,,,,,,,,,,,,,,,nan,,,,,,,,,,,,,,,
432,2314.43603515625,0.023116974160075188,2.3116974160075188,4453.624603509903,10000,ppo,ppo,crawler,flat,dth_dth_neighbours_direct,,,,,,,,,,,,,,,0.0026988118069056865,0,781,0.0,0.0,,,,,,,,,,,,,,,,,,,,,,,,,,,,,,,,,,,,,,,,,,,,,,,,,,,,,,,,,,,,,,,,,,,,,,,,,,nan,,,,,,,,,,,,,,,
433,2356.493408203125,0.02354159578680992,2.354159578680992,4463.784636497498,10000,ppo,ppo,crawler,flat,dth_dth_neighbours_direct,,,,,,,,,,,,,,,0.002154923227502034,0,781,0.0,0.0,,,,,,,,,,,,,,,,,,,,,,,,,,,,,,,,,,,,,,,,,,,,,,,,,,,,,,,,,,,,,,,,,,,,,,,,,,nan,,,,,,,,,,,,,,,
434,2371.4306640625,0.023685628548264503,2.3685628548264503,4473.549782991409,10000,ppo,ppo,crawler,flat,dth_dth_neighbours_direct,,,,,,,,,,,,,,,0.001920949221367849,0,781,0.0,0.0,,,,,,,,,,,,,,,,,,,,,,,,,,,,,,,,,,,,,,,,,,,,,,,,,,,,,,,,,,,,,,,,,,,,,,,,,,nan,,,,,,,,,,,,,,,
435,2485.28564453125,0.024824056774377823,2.4824056774377823,4483.503040790558,10000,ppo,ppo,crawler,flat,dth_dth_neighbours_direct,,,,,,,,,,,,,,,0.001935609527341482,0,781,0.0,0.0,,,,,,,,,,,,,,,,,,,,,,,,,,,,,,,,,,,,,,,,,,,,,,,,,,,,,,,,,,,,,,,,,,,,,,,,,,nan,,,,,,,,,,,,,,,
436,2193.37890625,0.021912064403295517,2.1912064403295517,4493.518031597137,10000,ppo,ppo,crawler,flat,dth_dth_neighbours_direct,,,,,,,,,,,,,,,0.023485668566192507,0,781,0.0,0.0,,,,,,,,,,,,,,,,,,,,,,,,,,,,,,,,,,,,,,,,,,,,,,,,,,,,,,,,,,,,,,,,,,,,,,,,,,nan,,,,,,,,,,,,,,,
437,2183.712646484375,0.021814938634634018,2.181493863463402,4502.985227108002,10000,ppo,ppo,crawler,flat,dth_dth_neighbours_direct,,,,,,,,,,,,,,,0.026848810828998232,0,781,0.0,0.0,,,,,,,,,,,,,,,,,,,,,,,,,,,,,,,,,,,,,,,,,,,,,,,,,,,,,,,,,,,,,,,,,,,,,,,,,,nan,,,,,,,,,,,,,,,
438,2173.237060546875,0.02170933410525322,2.170933410525322,4513.292415380478,10000,ppo,ppo,crawler,flat,dth_dth_neighbours_direct,,,,,,,,,,,,,,,0.04715035652514698,0,781,0.0,0.0,,,,,,,,,,,,,,,,,,,,,,,,,,,,,,,,,,,,,,,,,,,,,,,,,,,,,,,,,,,,,,,,,,,,,,,,,,nan,,,,,,,,,,,,,,,
439,2159.4462890625,0.02156943269073963,2.156943269073963,4523.160071372986,10000,ppo,ppo,crawler,flat,dth_dth_neighbours_direct,,,,,,,,,,,,,,,0.07023156551779763,0,781,0.0,0.0,,,,,,,,,,,,,,,,,,,,,,,,,,,,,,,,,,,,,,,,,,,,,,,,,,,,,,,,,,,,,,,,,,,,,,,,,,nan,,,,,,,,,,,,,,,
440,2033.8179931640625,0.020318487659096718,2.031848765909672,4532.730340480804,10000,ppo,ppo,crawler,flat,dth_dth_neighbours_direct,,,,,,,,,,,,,,,0.10708741000039615,0,781,0.0,0.0,,,,,,,,,,,,,,,,,,,,,,,,,,,,,,,,,,,,,,,,,,,,,,,,,,,,,,,,,,,,,,,,,,,,,,,,,,nan,,,,,,,,,,,,,,,
441,1851.6357421875,0.018498824909329414,1.8498824909329414,4542.9819440841675,10000,ppo,ppo,crawler,flat,dth_dth_neighbours_direct,,,,,,,,,,,,,,,0.12587589135239677,0,781,0.0,0.0,,,,,,,,,,,,,,,,,,,,,,,,,,,,,,,,,,,,,,,,,,,,,,,,,,,,,,,,,,,,,,,,,,,,,,,,,,nan,,,,,,,,,,,,,,,
442,1783.932861328125,0.017818909138441086,1.7818909138441086,4552.625721216202,10000,ppo,ppo,crawler,flat,dth_dth_neighbours_direct,,,,,,,,,,,,,,,0.1406388125751444,0,781,0.0,0.0,,,,,,,,,,,,,,,,,,,,,,,,,,,,,,,,,,,,,,,,,,,,,,,,,,,,,,,,,,,,,,,,,,,,,,,,,,nan,,,,,,,,,,,,,,,
443,1822.794189453125,0.018209079280495644,1.8209079280495644,4562.679755926132,10000,ppo,ppo,crawler,flat,dth_dth_neighbours_direct,,,,,,,,,,,,,,,0.16902853351133107,0,781,0.0,0.0,,,,,,,,,,,,,,,,,,,,,,,,,,,,,,,,,,,,,,,,,,,,,,,,,,,,,,,,,,,,,,,,,,,,,,,,,,nan,,,,,,,,,,,,,,,
444,1972.2880859375,0.019705958664417267,1.9705958664417267,4572.5887660980225,10000,ppo,ppo,crawler,flat,dth_dth_neighbours_direct,,,,,,,,,,,,,,,0.1840208231321078,0,781,0.0,0.0,,,,,,,,,,,,,,,,,,,,,,,,,,,,,,,,,,,,,,,,,,,,,,,,,,,,,,,,,,,,,,,,,,,,,,,,,,nan,,,,,,,,,,,,,,,
445,1969.4195556640625,0.01967184990644455,1.967184990644455,4582.549833774567,10000,ppo,ppo,crawler,flat,dth_dth_neighbours_direct,,,,,,,,,,,,,,,0.19579519712287563,0,781,0.0,0.0,,,,,,,,,,,,,,,,,,,,,,,,,,,,,,,,,,,,,,,,,,,,,,,,,,,,,,,,,,,,,,,,,,,,,,,,,,nan,,,,,,,,,,,,,,,
446,2129.974365234375,0.02128186821937561,2.128186821937561,4592.455043792725,10000,ppo,ppo,crawler,flat,dth_dth_neighbours_direct,,,,,,,,,,,,,,,0.19205126358734892,0,781,0.0,0.0,,,,,,,,,,,,,,,,,,,,,,,,,,,,,,,,,,,,,,,,,,,,,,,,,,,,,,,,,,,,,,,,,,,,,,,,,,nan,,,,,,,,,,,,,,,
447,2235.4296875,0.022329067811369896,2.2329067811369896,4602.493899345398,10000,ppo,ppo,crawler,flat,dth_dth_neighbours_direct,,,,,,,,,,,,,,,0.18673184353887773,0,781,0.0,0.0,,,,,,,,,,,,,,,,,,,,,,,,,,,,,,,,,,,,,,,,,,,,,,,,,,,,,,,,,,,,,,,,,,,,,,,,,,nan,,,,,,,,,,,,,,,
448,2378.347900390625,0.02376464568078518,2.376464568078518,4612.588728189468,10000,ppo,ppo,crawler,flat,dth_dth_neighbours_direct,,,,,,,,,,,,,,,-0.11106189775875439,0,781,0.0,0.0,,,,,,,,,,,,,,,,,,,,,,,,,,,,,,,,,,,,,,,,,,,,,,,,,,,,,,,,,,,,,,,,,,,,,,,,,,nan,,,,,,,,,,,,,,,
449,2241.477783203125,0.022389639168977737,2.2389639168977737,4622.8340718746185,10000,ppo,ppo,crawler,flat,dth_dth_neighbours_direct,,,,,,,,,,,,,,,0.1937017756160869,0,781,0.0,0.0,,,,,,,,,,,,,,,,,,,,,,,,,,,,,,,,,,,,,,,,,,,,,,,,,,,,,,,,,,,,,,,,,,,,,,,,,,nan,,,,,,,,,,,,,,,
450,2243.93994140625,0.022413287311792374,2.2413287311792374,4632.429765224457,10000,ppo,ppo,crawler,flat,dth_dth_neighbours_direct,,,,,,,,,,,,,,,0.19947200214679822,0,781,0.0,0.0,,,,,,,,,,,,,,,,,,,,,,,,,,,,,,,,,,,,,,,,,,,,,,,,,,,,,,,,,,,,,,,,,,,,,,,,,,nan,,,,,,,,,,,,,,,
451,2381.358154296875,0.023787684738636017,2.3787684738636017,4642.449218273163,10000,ppo,ppo,crawler,flat,dth_dth_neighbours_direct,,,,,,,,,,,,,,,0.00670134169404229,0,781,0.0,0.0,,,,,,,,,,,,,,,,,,,,,,,,,,,,,,,,,,,,,,,,,,,,,,,,,,,,,,,,,,,,,,,,,,,,,,,,,,nan,,,,,,,,,,,,,,,
452,2446.738037109375,0.0244391318410635,2.44391318410635,4652.513244628906,10000,ppo,ppo,crawler,flat,dth_dth_neighbours_direct,,,,,,,,,,,,,,,-0.1284930399610118,0,781,0.0,0.0,,,,,,,,,,,,,,,,,,,,,,,,,,,,,,,,,,,,,,,,,,,,,,,,,,,,,,,,,,,,,,,,,,,,,,,,,,nan,,,,,,,,,,,,,,,
453,2374.380126953125,0.023720260709524155,2.3720260709524155,4662.4274826049805,10000,ppo,ppo,crawler,flat,dth_dth_neighbours_direct,,,,,,,,,,,,,,,0.16658194911260474,0,781,0.0,0.0,,,,,,,,,,,,,,,,,,,,,,,,,,,,,,,,,,,,,,,,,,,,,,,,,,,,,,,,,,,,,,,,,,,,,,,,,,nan,,,,,,,,,,,,,,,
454,2435.285888671875,0.02432965114712715,2.432965114712715,4672.688901424408,10000,ppo,ppo,crawler,flat,dth_dth_neighbours_direct,,,,,,,,,,,,,,,0.015496361447177628,0,781,0.0,0.0,,,,,,,,,,,,,,,,,,,,,,,,,,,,,,,,,,,,,,,,,,,,,,,,,,,,,,,,,,,,,,,,,,,,,,,,,,nan,,,,,,,,,,,,,,,
455,2335.756591796875,0.02333746664226055,2.333746664226055,4682.58721780777,10000,ppo,ppo,crawler,flat,dth_dth_neighbours_direct,,,,,,,,,,,,,,,0.20183288887828335,0,781,0.0,0.0,,,,,,,,,,,,,,,,,,,,,,,,,,,,,,,,,,,,,,,,,,,,,,,,,,,,,,,,,,,,,,,,,,,,,,,,,,nan,,,,,,,,,,,,,,,
456,2529.15673828125,0.02526475302875042,2.526475302875042,4692.555509328842,10000,ppo,ppo,crawler,flat,dth_dth_neighbours_direct,,,,,,,,,,,,,,,-0.14312091144210207,0,781,0.0,0.0,,,,,,,,,,,,,,,,,,,,,,,,,,,,,,,,,,,,,,,,,,,,,,,,,,,,,,,,,,,,,,,,,,,,,,,,,,nan,,,,,,,,,,,,,,,
457,2427.226318359375,0.024245409294962883,2.4245409294962883,4702.4561557769775,10000,ppo,ppo,crawler,flat,dth_dth_neighbours_direct,,,,,,,,,,,,,,,0.18812519926497873,0,781,0.0,0.0,,,,,,,,,,,,,,,,,,,,,,,,,,,,,,,,,,,,,,,,,,,,,,,,,,,,,,,,,,,,,,,,,,,,,,,,,,nan,,,,,,,,,,,,,,,
458,2473.883544921875,0.024710174649953842,2.471017464995384,4712.506203889847,10000,ppo,ppo,crawler,flat,dth_dth_neighbours_direct,,,,,,,,,,,,,,,0.13673278099635022,0,781,0.0,0.0,,,,,,,,,,,,,,,,,,,,,,,,,,,,,,,,,,,,,,,,,,,,,,,,,,,,,,,,,,,,,,,,,,,,,,,,,,nan,,,,,,,,,,,,,,,
459,2579.766845703125,0.025772280991077423,2.5772280991077423,4722.238394975662,10000,ppo,ppo,crawler,flat,dth_dth_neighbours_direct,,,,,,,,,,,,,,,-0.1397561992320504,0,781,0.0,0.0,,,,,,,,,,,,,,,,,,,,,,,,,,,,,,,,,,,,,,,,,,,,,,,,,,,,,,,,,,,,,,,,,,,,,,,,,,nan,,,,,,,,,,,,,,,
460,2530.69775390625,0.02528153918683529,2.528153918683529,4732.232951879501,10000,ppo,ppo,crawler,flat,dth_dth_neighbours_direct,,,,,,,,,,,,,,,0.15904837877119363,0,781,0.0,0.0,,,,,,,,,,,,,,,,,,,,,,,,,,,,,,,,,,,,,,,,,,,,,,,,,,,,,,,,,,,,,,,,,,,,,,,,,,nan,,,,,,,,,,,,,,,
461,2524.214599609375,0.025214381515979767,2.5214381515979767,4742.044541597366,10000,ppo,ppo,crawler,flat,dth_dth_neighbours_direct,,,,,,,,,,,,,,,0.17008375895807934,0,781,0.0,0.0,,,,,,,,,,,,,,,,,,,,,,,,,,,,,,,,,,,,,,,,,,,,,,,,,,,,,,,,,,,,,,,,,,,,,,,,,,nan,,,,,,,,,,,,,,,
462,2559.29638671875,0.025565803050994873,2.5565803050994873,4752.0477974414825,10000,ppo,ppo,crawler,flat,dth_dth_neighbours_direct,,,,,,,,,,,,,,,0.1353160091499928,0,781,0.0,0.0,,,,,,,,,,,,,,,,,,,,,,,,,,,,,,,,,,,,,,,,,,,,,,,,,,,,,,,,,,,,,,,,,,,,,,,,,,nan,,,,,,,,,,,,,,,
463,2481.065673828125,0.024788692593574524,2.4788692593574524,4761.989784955978,10000,ppo,ppo,crawler,flat,dth_dth_neighbours_direct,,,,,,,,,,,,,,,0.1921900248838584,0,781,0.0,0.0,,,,,,,,,,,,,,,,,,,,,,,,,,,,,,,,,,,,,,,,,,,,,,,,,,,,,,,,,,,,,,,,,,,,,,,,,,nan,,,,,,,,,,,,,,,
464,2600.515380859375,0.025976406410336494,2.5976406410336494,4772.172045469284,10000,ppo,ppo,crawler,flat,dth_dth_neighbours_direct,,,,,,,,,,,,,,,0.09335657293458437,0,781,0.0,0.0,,,,,,,,,,,,,,,,,,,,,,,,,,,,,,,,,,,,,,,,,,,,,,,,,,,,,,,,,,,,,,,,,,,,,,,,,,nan,,,,,,,,,,,,,,,
465,2694.121826171875,0.026912737637758255,2.6912737637758255,4781.808076143265,10000,ppo,ppo,crawler,flat,dth_dth_neighbours_direct,,,,,,,,,,,,,,,-0.11878929163506954,0,781,0.0,0.0,,,,,,,,,,,,,,,,,,,,,,,,,,,,,,,,,,,,,,,,,,,,,,,,,,,,,,,,,,,,,,,,,,,,,,,,,,nan,,,,,,,,,,,,,,,
466,2669.314453125,0.026662511751055717,2.6662511751055717,4791.570059299469,10000,ppo,ppo,crawler,flat,dth_dth_neighbours_direct,,,,,,,,,,,,,,,0.08516605788220341,0,781,0.0,0.0,,,,,,,,,,,,,,,,,,,,,,,,,,,,,,,,,,,,,,,,,,,,,,,,,,,,,,,,,,,,,,,,,,,,,,,,,,nan,,,,,,,,,,,,,,,
467,2667.510986328125,0.0266476608812809,2.66476608812809,4801.609677314758,10000,ppo,ppo,crawler,flat,dth_dth_neighbours_direct,,,,,,,,,,,,,,,0.1222793557848276,0,781,0.0,0.0,,,,,,,,,,,,,,,,,,,,,,,,,,,,,,,,,,,,,,,,,,,,,,,,,,,,,,,,,,,,,,,,,,,,,,,,,,nan,,,,,,,,,,,,,,,
468,2664.080810546875,0.026611821725964546,2.6611821725964546,4811.616300582886,10000,ppo,ppo,crawler,flat,dth_dth_neighbours_direct,,,,,,,,,,,,,,,0.16362116114162184,0,781,0.0,0.0,,,,,,,,,,,,,,,,,,,,,,,,,,,,,,,,,,,,,,,,,,,,,,,,,,,,,,,,,,,,,,,,,,,,,,,,,,nan,,,,,,,,,,,,,,,
469,2708.788330078125,0.027060937136411667,2.7060937136411667,4821.398789167404,10000,ppo,ppo,crawler,flat,dth_dth_neighbours_direct,,,,,,,,,,,,,,,0.10565142071684858,0,781,0.0,0.0,,,,,,,,,,,,,,,,,,,,,,,,,,,,,,,,,,,,,,,,,,,,,,,,,,,,,,,,,,,,,,,,,,,,,,,,,,nan,,,,,,,,,,,,,,,
470,2795.1171875,0.027918681502342224,2.7918681502342224,4831.099424123764,10000,ppo,ppo,crawler,flat,dth_dth_neighbours_direct,,,,,,,,,,,,,,,-0.11197154381101958,0,781,0.0,0.0,,,,,,,,,,,,,,,,,,,,,,,,,,,,,,,,,,,,,,,,,,,,,,,,,,,,,,,,,,,,,,,,,,,,,,,,,,nan,,,,,,,,,,,,,,,
471,2756.879638671875,0.02753550373017788,2.753550373017788,4841.124796867371,10000,ppo,ppo,crawler,flat,dth_dth_neighbours_direct,,,,,,,,,,,,,,,0.14114377258498495,0,781,0.0,0.0,,,,,,,,,,,,,,,,,,,,,,,,,,,,,,,,,,,,,,,,,,,,,,,,,,,,,,,,,,,,,,,,,,,,,,,,,,nan,,,,,,,,,,,,,,,
472,2743.868408203125,0.02740827016532421,2.740827016532421,4850.871248722076,10000,ppo,ppo,crawler,flat,dth_dth_neighbours_direct,,,,,,,,,,,,,,,0.17529688341012875,0,781,0.0,0.0,,,,,,,,,,,,,,,,,,,,,,,,,,,,,,,,,,,,,,,,,,,,,,,,,,,,,,,,,,,,,,,,,,,,,,,,,,nan,,,,,,,,,,,,,,,
473,2799.145751953125,0.02796126902103424,2.796126902103424,4860.7151618003845,10000,ppo,ppo,crawler,flat,dth_dth_neighbours_direct,,,,,,,,,,,,,,,0.12481500177641808,0,781,0.0,0.0,,,,,,,,,,,,,,,,,,,,,,,,,,,,,,,,,,,,,,,,,,,,,,,,,,,,,,,,,,,,,,,,,,,,,,,,,,nan,,,,,,,,,,,,,,,
474,2868.783935546875,0.02866113744676113,2.866113744676113,4870.744092941284,10000,ppo,ppo,crawler,flat,dth_dth_neighbours_direct,,,,,,,,,,,,,,,-0.0552204049301704,0,781,0.0,0.0,,,,,,,,,,,,,,,,,,,,,,,,,,,,,,,,,,,,,,,,,,,,,,,,,,,,,,,,,,,,,,,,,,,,,,,,,,nan,,,,,,,,,,,,,,,
475,2836.059326171875,0.02832787111401558,2.832787111401558,4880.664912700653,10000,ppo,ppo,crawler,flat,dth_dth_neighbours_direct,,,,,,,,,,,,,,,0.0882881841449086,0,781,0.0,0.0,,,,,,,,,,,,,,,,,,,,,,,,,,,,,,,,,,,,,,,,,,,,,,,,,,,,,,,,,,,,,,,,,,,,,,,,,,nan,,,,,,,,,,,,,,,
476,2912.723388671875,0.029101036489009857,2.9101036489009857,4890.547404050827,10000,ppo,ppo,crawler,flat,dth_dth_neighbours_direct,,,,,,,,,,,,,,,-0.04411788661639661,0,781,0.0,0.0,,,,,,,,,,,,,,,,,,,,,,,,,,,,,,,,,,,,,,,,,,,,,,,,,,,,,,,,,,,,,,,,,,,,,,,,,,nan,,,,,,,,,,,,,,,
477,2883.268310546875,0.028806913644075394,2.8806913644075394,4900.429296016693,10000,ppo,ppo,crawler,flat,dth_dth_neighbours_direct,,,,,,,,,,,,,,,0.14381953268886913,0,781,0.0,0.0,,,,,,,,,,,,,,,,,,,,,,,,,,,,,,,,,,,,,,,,,,,,,,,,,,,,,,,,,,,,,,,,,,,,,,,,,,nan,,,,,,,,,,,,,,,
478,2679.463623046875,0.02676510624587536,2.676510624587536,4910.3447942733765,10000,ppo,ppo,crawler,flat,dth_dth_neighbours_direct,,,,,,,,,,,,,,,0.20909958131250234,0,781,0.0,0.0,,,,,,,,,,,,,,,,,,,,,,,,,,,,,,,,,,,,,,,,,,,,,,,,,,,,,,,,,,,,,,,,,,,,,,,,,,nan,,,,,,,,,,,,,,,
479,2819.848388671875,0.028169967234134674,2.8169967234134674,4920.267766237259,10000,ppo,ppo,crawler,flat,dth_dth_neighbours_direct,,,,,,,,,,,,,,,0.1850956763554795,0,781,0.0,0.0,,,,,,,,,,,,,,,,,,,,,,,,,,,,,,,,,,,,,,,,,,,,,,,,,,,,,,,,,,,,,,,,,,,,,,,,,,nan,,,,,,,,,,,,,,,
480,2825.550048828125,0.028228044509887695,2.8228044509887695,4929.949355363846,10000,ppo,ppo,crawler,flat,dth_dth_neighbours_direct,,,,,,,,,,,,,,,0.18873273209065303,0,781,0.0,0.0,,,,,,,,,,,,,,,,,,,,,,,,,,,,,,,,,,,,,,,,,,,,,,,,,,,,,,,,,,,,,,,,,,,,,,,,,,nan,,,,,,,,,,,,,,,
481,2825.37353515625,0.028222760185599327,2.8222760185599327,4939.724869728088,10000,ppo,ppo,crawler,flat,dth_dth_neighbours_direct,,,,,,,,,,,,,,,0.19408044529980836,0,781,0.0,0.0,,,,,,,,,,,,,,,,,,,,,,,,,,,,,,,,,,,,,,,,,,,,,,,,,,,,,,,,,,,,,,,,,,,,,,,,,,nan,,,,,,,,,,,,,,,
482,2866.2158203125,0.02863267809152603,2.863267809152603,4949.665194988251,10000,ppo,ppo,crawler,flat,dth_dth_neighbours_direct,,,,,,,,,,,,,,,0.17003819375092022,0,781,0.0,0.0,,,,,,,,,,,,,,,,,,,,,,,,,,,,,,,,,,,,,,,,,,,,,,,,,,,,,,,,,,,,,,,,,,,,,,,,,,nan,,,,,,,,,,,,,,,
483,2877.111328125,0.02874007821083069,2.874007821083069,4959.408748626709,10000,ppo,ppo,crawler,flat,dth_dth_neighbours_direct,,,,,,,,,,,,,,,0.17087864146327,0,781,0.0,0.0,,,,,,,,,,,,,,,,,,,,,,,,,,,,,,,,,,,,,,,,,,,,,,,,,,,,,,,,,,,,,,,,,,,,,,,,,,nan,,,,,,,,,,,,,,,
484,2820.55126953125,0.028175896033644676,2.8175896033644676,4969.039924860001,10000,ppo,ppo,crawler,flat,dth_dth_neighbours_direct,,,,,,,,,,,,,,,0.19295700339310673,0,781,0.0,0.0,,,,,,,,,,,,,,,,,,,,,,,,,,,,,,,,,,,,,,,,,,,,,,,,,,,,,,,,,,,,,,,,,,,,,,,,,,nan,,,,,,,,,,,,,,,
485,2837.911865234375,0.02835078351199627,2.835078351199627,4978.554939746857,10000,ppo,ppo,crawler,flat,dth_dth_neighbours_direct,,,,,,,,,,,,,,,0.18833876019169335,0,781,0.0,0.0,,,,,,,,,,,,,,,,,,,,,,,,,,,,,,,,,,,,,,,,,,,,,,,,,,,,,,,,,,,,,,,,,,,,,,,,,,nan,,,,,,,,,,,,,,,
486,2772.214599609375,0.027696939185261726,2.7696939185261726,4988.7487025260925,10000,ppo,ppo,crawler,flat,dth_dth_neighbours_direct,,,,,,,,,,,,,,,0.20414039108839016,0,781,0.0,0.0,,,,,,,,,,,,,,,,,,,,,,,,,,,,,,,,,,,,,,,,,,,,,,,,,,,,,,,,,,,,,,,,,,,,,,,,,,nan,,,,,,,,,,,,,,,
487,2929.032958984375,0.029263639822602272,2.926363982260227,4998.425050020218,10000,ppo,ppo,crawler,flat,dth_dth_neighbours_direct,,,,,,,,,,,,,,,0.1297227521151216,0,781,0.0,0.0,,,,,,,,,,,,,,,,,,,,,,,,,,,,,,,,,,,,,,,,,,,,,,,,,,,,,,,,,,,,,,,,,,,,,,,,,,nan,,,,,,,,,,,,,,,
488,2928.599609375,0.02925710380077362,2.925710380077362,5008.433367013931,10000,ppo,ppo,crawler,flat,dth_dth_neighbours_direct,,,,,,,,,,,,,,,0.14264376678163598,0,781,0.0,0.0,,,,,,,,,,,,,,,,,,,,,,,,,,,,,,,,,,,,,,,,,,,,,,,,,,,,,,,,,,,,,,,,,,,,,,,,,,nan,,,,,,,,,,,,,,,
489,2865.85009765625,0.02862575650215149,2.862575650215149,5018.611539363861,10000,ppo,ppo,crawler,flat,dth_dth_neighbours_direct,,,,,,,,,,,,,,,0.19188345724900577,0,781,0.0,0.0,,,,,,,,,,,,,,,,,,,,,,,,,,,,,,,,,,,,,,,,,,,,,,,,,,,,,,,,,,,,,,,,,,,,,,,,,,nan,,,,,,,,,,,,,,,
490,2820.907470703125,0.028176555410027504,2.8176555410027504,5028.377053976059,10000,ppo,ppo,crawler,flat,dth_dth_neighbours_direct,,,,,,,,,,,,,,,0.197964728790031,0,781,0.0,0.0,,,,,,,,,,,,,,,,,,,,,,,,,,,,,,,,,,,,,,,,,,,,,,,,,,,,,,,,,,,,,,,,,,,,,,,,,,nan,,,,,,,,,,,,,,,
491,2913.27197265625,0.029103020206093788,2.910302020609379,5038.323983192444,10000,ppo,ppo,crawler,flat,dth_dth_neighbours_direct,,,,,,,,,,,,,,,0.16852985526820843,0,781,0.0,0.0,,,,,,,,,,,,,,,,,,,,,,,,,,,,,,,,,,,,,,,,,,,,,,,,,,,,,,,,,,,,,,,,,,,,,,,,,,nan,,,,,,,,,,,,,,,
492,2862.298583984375,0.02858741767704487,2.858741767704487,5048.129158258438,10000,ppo,ppo,crawler,flat,dth_dth_neighbours_direct,,,,,,,,,,,,,,,0.19671172704804027,0,781,0.0,0.0,,,,,,,,,,,,,,,,,,,,,,,,,,,,,,,,,,,,,,,,,,,,,,,,,,,,,,,,,,,,,,,,,,,,,,,,,,nan,,,,,,,,,,,,,,,
493,2844.858154296875,0.028418682515621185,2.8418682515621185,5057.850812196732,10000,ppo,ppo,crawler,flat,dth_dth_neighbours_direct,,,,,,,,,,,,,,,0.2003651449102646,0,781,0.0,0.0,,,,,,,,,,,,,,,,,,,,,,,,,,,,,,,,,,,,,,,,,,,,,,,,,,,,,,,,,,,,,,,,,,,,,,,,,,nan,,,,,,,,,,,,,,,
494,2953.59375,0.02950914017856121,2.950914017856121,5068.065243959427,10000,ppo,ppo,crawler,flat,dth_dth_neighbours_direct,,,,,,,,,,,,,,,0.1677343801965087,0,781,0.0,0.0,,,,,,,,,,,,,,,,,,,,,,,,,,,,,,,,,,,,,,,,,,,,,,,,,,,,,,,,,,,,,,,,,,,,,,,,,,nan,,,,,,,,,,,,,,,
495,2846.05908203125,0.028431566432118416,2.8431566432118416,5078.021816968918,10000,ppo,ppo,crawler,flat,dth_dth_neighbours_direct,,,,,,,,,,,,,,,0.20359634095109777,0,781,0.0,0.0,,,,,,,,,,,,,,,,,,,,,,,,,,,,,,,,,,,,,,,,,,,,,,,,,,,,,,,,,,,,,,,,,,,,,,,,,,nan,,,,,,,,,,,,,,,
496,2968.5986328125,0.029658861458301544,2.9658861458301544,5088.1115164756775,10000,ppo,ppo,crawler,flat,dth_dth_neighbours_direct,,,,,,,,,,,,,,,0.15545363415533614,0,781,0.0,0.0,,,,,,,,,,,,,,,,,,,,,,,,,,,,,,,,,,,,,,,,,,,,,,,,,,,,,,,,,,,,,,,,,,,,,,,,,,nan,,,,,,,,,,,,,,,
497,2770.058349609375,0.027673594653606415,2.7673594653606415,5098.42444896698,10000,ppo,ppo,crawler,flat,dth_dth_neighbours_direct,,,,,,,,,,,,,,,0.21150456130262446,0,781,0.0,0.0,,,,,,,,,,,,,,,,,,,,,,,,,,,,,,,,,,,,,,,,,,,,,,,,,,,,,,,,,,,,,,,,,,,,,,,,,,nan,,,,,,,,,,,,,,,
498,2843.794189453125,0.028408456593751907,2.8408456593751907,5108.16891169548,10000,ppo,ppo,crawler,flat,dth_dth_neighbours_direct,,,,,,,,,,,,,,,0.20702993933764258,0,781,0.0,0.0,,,,,,,,,,,,,,,,,,,,,,,,,,,,,,,,,,,,,,,,,,,,,,,,,,,,,,,,,,,,,,,,,,,,,,,,,,nan,,,,,,,,,,,,,,,
499,2944.656982421875,0.02941785752773285,2.941785752773285,5118.263906002045,10000,ppo,ppo,crawler,flat,dth_dth_neighbours_direct,,,,,,,,,,,,,,,0.17754405660144243,0,781,0.0,0.0,,,,,,,,,,,,,,,,,,,,,,,,,,,,,,,,,,,,,,,,,,,,,,,,,,,,,,,,,,,,,,,,,,,,,,,,,,nan,,,,,,,,,,,,,,,
500,2877.831298828125,0.0287514328956604,2.87514328956604,5128.24155497551,10000,ppo,ppo,crawler,flat,dth_dth_neighbours_direct,,,,,,,,,,,,,,,0.19653455402385792,0,781,0.0,0.0,,,,,,,,,,,,,,,,,,,,,,,,,,,,,,,,,,,,,,,,,,,,,,,,,,,,,,,,,,,,,,,,,,,,,,,,,,nan,,,,,,,,,,,,,,,
501,2865.4794921875,0.02862187661230564,2.862187661230564,5137.908142089844,10000,ppo,ppo,crawler,flat,dth_dth_neighbours_direct,,,,,,,,,,,,,,,0.20569755630851955,0,781,0.0,0.0,,,,,,,,,,,,,,,,,,,,,,,,,,,,,,,,,,,,,,,,,,,,,,,,,,,,,,,,,,,,,,,,,,,,,,,,,,nan,,,,,,,,,,,,,,,
502,2731.712646484375,0.027289990335702896,2.7289990335702896,5147.939269781113,10000,ppo,ppo,crawler,flat,dth_dth_neighbours_direct,,,,,,,,,,,,,,,0.2166437608904223,0,781,0.0,0.0,,,,,,,,,,,,,,,,,,,,,,,,,,,,,,,,,,,,,,,,,,,,,,,,,,,,,,,,,,,,,,,,,,,,,,,,,,nan,,,,,,,,,,,,,,,
503,2854.602783203125,0.028517358005046844,2.8517358005046844,5157.592568397522,10000,ppo,ppo,crawler,flat,dth_dth_neighbours_direct,,,,,,,,,,,,,,,0.20373763123433097,0,781,0.0,0.0,,,,,,,,,,,,,,,,,,,,,,,,,,,,,,,,,,,,,,,,,,,,,,,,,,,,,,,,,,,,,,,,,,,,,,,,,,nan,,,,,,,,,,,,,,,
504,2806.7197265625,0.028036482632160187,2.8036482632160187,5167.735746145248,10000,ppo,ppo,crawler,flat,dth_dth_neighbours_direct,,,,,,,,,,,,,,,0.20848024809675525,0,781,0.0,0.0,,,,,,,,,,,,,,,,,,,,,,,,,,,,,,,,,,,,,,,,,,,,,,,,,,,,,,,,,,,,,,,,,,,,,,,,,,nan,,,,,,,,,,,,,,,
505,2689.6494140625,0.02686910331249237,2.686910331249237,5177.486534357071,10000,ppo,ppo,crawler,flat,dth_dth_neighbours_direct,,,,,,,,,,,,,,,0.21644784338703818,0,781,0.0,0.0,,,,,,,,,,,,,,,,,,,,,,,,,,,,,,,,,,,,,,,,,,,,,,,,,,,,,,,,,,,,,,,,,,,,,,,,,,nan,,,,,,,,,,,,,,,
506,2784.753662109375,0.027814965695142746,2.7814965695142746,5187.463769435883,10000,ppo,ppo,crawler,flat,dth_dth_neighbours_direct,,,,,,,,,,,,,,,0.2061799684105423,0,781,0.0,0.0,,,,,,,,,,,,,,,,,,,,,,,,,,,,,,,,,,,,,,,,,,,,,,,,,,,,,,,,,,,,,,,,,,,,,,,,,,nan,,,,,,,,,,,,,,,
507,2824.439208984375,0.02821831963956356,2.821831963956356,5197.637578487396,10000,ppo,ppo,crawler,flat,dth_dth_neighbours_direct,,,,,,,,,,,,,,,0.19810298789947867,0,781,0.0,0.0,,,,,,,,,,,,,,,,,,,,,,,,,,,,,,,,,,,,,,,,,,,,,,,,,,,,,,,,,,,,,,,,,,,,,,,,,,nan,,,,,,,,,,,,,,,
508,2649.487548828125,0.026468370109796524,2.6468370109796524,5207.44481921196,10000,ppo,ppo,crawler,flat,dth_dth_neighbours_direct,,,,,,,,,,,,,,,0.22037950854909477,0,781,0.0,0.0,,,,,,,,,,,,,,,,,,,,,,,,,,,,,,,,,,,,,,,,,,,,,,,,,,,,,,,,,,,,,,,,,,,,,,,,,,nan,,,,,,,,,,,,,,,
509,2766.5244140625,0.027639802545309067,2.7639802545309067,5217.419005393982,10000,ppo,ppo,crawler,flat,dth_dth_neighbours_direct,,,,,,,,,,,,,,,0.2029833655498921,0,781,0.0,0.0,,,,,,,,,,,,,,,,,,,,,,,,,,,,,,,,,,,,,,,,,,,,,,,,,,,,,,,,,,,,,,,,,,,,,,,,,,nan,,,,,,,,,,,,,,,
510,2771.394287109375,0.027683410793542862,2.768341079354286,5227.309399843216,10000,ppo,ppo,crawler,flat,dth_dth_neighbours_direct,,,,,,,,,,,,,,,0.20526774733696493,0,781,0.0,0.0,,,,,,,,,,,,,,,,,,,,,,,,,,,,,,,,,,,,,,,,,,,,,,,,,,,,,,,,,,,,,,,,,,,,,,,,,,nan,,,,,,,,,,,,,,,
511,2773.196044921875,0.027703193947672844,2.7703193947672844,5236.826746463776,10000,ppo,ppo,crawler,flat,dth_dth_neighbours_direct,,,,,,,,,,,,,,,0.21090916886290254,0,781,0.0,0.0,,,,,,,,,,,,,,,,,,,,,,,,,,,,,,,,,,,,,,,,,,,,,,,,,,,,,,,,,,,,,,,,,,,,,,,,,,nan,,,,,,,,,,,,,,,
512,2684.792724609375,0.02681688219308853,2.681688219308853,5247.005425930023,10000,ppo,ppo,crawler,flat,dth_dth_neighbours_direct,,,,,,,,,,,,,,,0.2175884746260596,0,781,0.0,0.0,,,,,,,,,,,,,,,,,,,,,,,,,,,,,,,,,,,,,,,,,,,,,,,,,,,,,,,,,,,,,,,,,,,,,,,,,,nan,,,,,,,,,,,,,,,
513,2691.765625,0.026886943727731705,2.6886943727731705,5256.932855606079,10000,ppo,ppo,crawler,flat,dth_dth_neighbours_direct,,,,,,,,,,,,,,,0.21389015209104484,0,781,0.0,0.0,,,,,,,,,,,,,,,,,,,,,,,,,,,,,,,,,,,,,,,,,,,,,,,,,,,,,,,,,,,,,,,,,,,,,,,,,,nan,,,,,,,,,,,,,,,
514,2725.1435546875,0.027226904407143593,2.7226904407143593,5266.724336385727,10000,ppo,ppo,crawler,flat,dth_dth_neighbours_direct,,,,,,,,,,,,,,,0.20899789403249552,0,781,0.0,0.0,,,,,,,,,,,,,,,,,,,,,,,,,,,,,,,,,,,,,,,,,,,,,,,,,,,,,,,,,,,,,,,,,,,,,,,,,,nan,,,,,,,,,,,,,,,
515,2706.18017578125,0.027036095038056374,2.7036095038056374,5277.054966688156,10000,ppo,ppo,crawler,flat,dth_dth_neighbours_direct,,,,,,,,,,,,,,,0.2128551075450684,0,781,0.0,0.0,,,,,,,,,,,,,,,,,,,,,,,,,,,,,,,,,,,,,,,,,,,,,,,,,,,,,,,,,,,,,,,,,,,,,,,,,,nan,,,,,,,,,,,,,,,
516,2682.416015625,0.026803556829690933,2.6803556829690933,5286.610855579376,10000,ppo,ppo,crawler,flat,dth_dth_neighbours_direct,,,,,,,,,,,,,,,0.20903392919048686,0,781,0.0,0.0,,,,,,,,,,,,,,,,,,,,,,,,,,,,,,,,,,,,,,,,,,,,,,,,,,,,,,,,,,,,,,,,,,,,,,,,,,nan,,,,,,,,,,,,,,,
517,2854.03564453125,0.028502557426691055,2.8502557426691055,5296.655606508255,10000,ppo,ppo,crawler,flat,dth_dth_neighbours_direct,,,,,,,,,,,,,,,0.18289862538843615,0,781,0.0,0.0,,,,,,,,,,,,,,,,,,,,,,,,,,,,,,,,,,,,,,,,,,,,,,,,,,,,,,,,,,,,,,,,,,,,,,,,,,nan,,,,,,,,,,,,,,,
518,2715.217041015625,0.027124550193548203,2.7124550193548203,5306.416954278946,10000,ppo,ppo,crawler,flat,dth_dth_neighbours_direct,,,,,,,,,,,,,,,0.2101545398422268,0,781,0.0,0.0,,,,,,,,,,,,,,,,,,,,,,,,,,,,,,,,,,,,,,,,,,,,,,,,,,,,,,,,,,,,,,,,,,,,,,,,,,nan,,,,,,,,,,,,,,,
519,2748.70751953125,0.027455614879727364,2.7455614879727364,5316.264802455902,10000,ppo,ppo,crawler,flat,dth_dth_neighbours_direct,,,,,,,,,,,,,,,0.2107031022934255,0,781,0.0,0.0,,,,,,,,,,,,,,,,,,,,,,,,,,,,,,,,,,,,,,,,,,,,,,,,,,,,,,,,,,,,,,,,,,,,,,,,,,nan,,,,,,,,,,,,,,,
520,2692.182373046875,0.02689044363796711,2.689044363796711,5326.293694734573,10000,ppo,ppo,crawler,flat,dth_dth_neighbours_direct,,,,,,,,,,,,,,,0.21642093856206357,0,781,0.0,0.0,,,,,,,,,,,,,,,,,,,,,,,,,,,,,,,,,,,,,,,,,,,,,,,,,,,,,,,,,,,,,,,,,,,,,,,,,,nan,,,,,,,,,,,,,,,
521,2711.40283203125,0.02708560787141323,2.708560787141323,5335.982182502747,10000,ppo,ppo,crawler,flat,dth_dth_neighbours_direct,,,,,,,,,,,,,,,0.20822573887844428,0,781,0.0,0.0,,,,,,,,,,,,,,,,,,,,,,,,,,,,,,,,,,,,,,,,,,,,,,,,,,,,,,,,,,,,,,,,,,,,,,,,,,nan,,,,,,,,,,,,,,,
522,2671.780029296875,0.02668970823287964,2.668970823287964,5346.137270689011,10000,ppo,ppo,crawler,flat,dth_dth_neighbours_direct,,,,,,,,,,,,,,,0.21428635918421113,0,781,0.0,0.0,,,,,,,,,,,,,,,,,,,,,,,,,,,,,,,,,,,,,,,,,,,,,,,,,,,,,,,,,,,,,,,,,,,,,,,,,,nan,,,,,,,,,,,,,,,
523,2763.816650390625,0.027607915922999382,2.760791592299938,5356.130769729614,10000,ppo,ppo,crawler,flat,dth_dth_neighbours_direct,,,,,,,,,,,,,,,0.18906322997391012,0,781,0.0,0.0,,,,,,,,,,,,,,,,,,,,,,,,,,,,,,,,,,,,,,,,,,,,,,,,,,,,,,,,,,,,,,,,,,,,,,,,,,nan,,,,,,,,,,,,,,,
524,2535.661376953125,0.02532987669110298,2.532987669110298,5365.778537273407,10000,ppo,ppo,crawler,flat,dth_dth_neighbours_direct,,,,,,,,,,,,,,,0.2248013866787408,0,781,0.0,0.0,,,,,,,,,,,,,,,,,,,,,,,,,,,,,,,,,,,,,,,,,,,,,,,,,,,,,,,,,,,,,,,,,,,,,,,,,,nan,,,,,,,,,,,,,,,
525,2450.38427734375,0.02448253706097603,2.448253706097603,5376.104962825775,10000,ppo,ppo,crawler,flat,dth_dth_neighbours_direct,,,,,,,,,,,,,,,0.23295537563968355,0,781,0.0,0.0,,,,,,,,,,,,,,,,,,,,,,,,,,,,,,,,,,,,,,,,,,,,,,,,,,,,,,,,,,,,,,,,,,,,,,,,,,nan,,,,,,,,,,,,,,,
526,2629.33740234375,0.026262786239385605,2.6262786239385605,5385.852177143097,10000,ppo,ppo,crawler,flat,dth_dth_neighbours_direct,,,,,,,,,,,,,,,0.2110560124443153,0,781,0.0,0.0,,,,,,,,,,,,,,,,,,,,,,,,,,,,,,,,,,,,,,,,,,,,,,,,,,,,,,,,,,,,,,,,,,,,,,,,,,nan,,,,,,,,,,,,,,,
527,2635.61328125,0.02633189968764782,2.633189968764782,5395.818471670151,10000,ppo,ppo,crawler,flat,dth_dth_neighbours_direct,,,,,,,,,,,,,,,0.21396566241410825,0,781,0.0,0.0,,,,,,,,,,,,,,,,,,,,,,,,,,,,,,,,,,,,,,,,,,,,,,,,,,,,,,,,,,,,,,,,,,,,,,,,,,nan,,,,,,,,,,,,,,,
528,2737.15478515625,0.027341710403561592,2.734171040356159,5405.873181581497,10000,ppo,ppo,crawler,flat,dth_dth_neighbours_direct,,,,,,,,,,,,,,,0.18812255545555215,0,781,0.0,0.0,,,,,,,,,,,,,,,,,,,,,,,,,,,,,,,,,,,,,,,,,,,,,,,,,,,,,,,,,,,,,,,,,,,,,,,,,,nan,,,,,,,,,,,,,,,
529,2630.790283203125,0.026278259232640266,2.6278259232640266,5415.349529027939,10000,ppo,ppo,crawler,flat,dth_dth_neighbours_direct,,,,,,,,,,,,,,,0.21043096839037181,0,781,0.0,0.0,,,,,,,,,,,,,,,,,,,,,,,,,,,,,,,,,,,,,,,,,,,,,,,,,,,,,,,,,,,,,,,,,,,,,,,,,,nan,,,,,,,,,,,,,,,
530,2616.307373046875,0.026136036962270737,2.6136036962270737,5425.796131849289,10000,ppo,ppo,crawler,flat,dth_dth_neighbours_direct,,,,,,,,,,,,,,,0.20821281374034922,0,781,0.0,0.0,,,,,,,,,,,,,,,,,,,,,,,,,,,,,,,,,,,,,,,,,,,,,,,,,,,,,,,,,,,,,,,,,,,,,,,,,,nan,,,,,,,,,,,,,,,
531,2601.979736328125,0.025992214679718018,2.5992214679718018,5435.279117822647,10000,ppo,ppo,crawler,flat,dth_dth_neighbours_direct,,,,,,,,,,,,,,,0.21585926417791015,0,781,0.0,0.0,,,,,,,,,,,,,,,,,,,,,,,,,,,,,,,,,,,,,,,,,,,,,,,,,,,,,,,,,,,,,,,,,,,,,,,,,,nan,,,,,,,,,,,,,,,
532,2707.05859375,0.027045708149671555,2.7045708149671555,5445.093524694443,10000,ppo,ppo,crawler,flat,dth_dth_neighbours_direct,,,,,,,,,,,,,,,0.1915724102832457,0,781,0.0,0.0,,,,,,,,,,,,,,,,,,,,,,,,,,,,,,,,,,,,,,,,,,,,,,,,,,,,,,,,,,,,,,,,,,,,,,,,,,nan,,,,,,,,,,,,,,,
533,2693.145263671875,0.026902958750724792,2.6902958750724792,5455.155177354813,10000,ppo,ppo,crawler,flat,dth_dth_neighbours_direct,,,,,,,,,,,,,,,0.20029939830315266,0,781,0.0,0.0,,,,,,,,,,,,,,,,,,,,,,,,,,,,,,,,,,,,,,,,,,,,,,,,,,,,,,,,,,,,,,,,,,,,,,,,,,nan,,,,,,,,,,,,,,,
534,2491.554443359375,0.024893218651413918,2.4893218651413918,5464.965411901474,10000,ppo,ppo,crawler,flat,dth_dth_neighbours_direct,,,,,,,,,,,,,,,0.22990862637022164,0,781,0.0,0.0,,,,,,,,,,,,,,,,,,,,,,,,,,,,,,,,,,,,,,,,,,,,,,,,,,,,,,,,,,,,,,,,,,,,,,,,,,nan,,,,,,,,,,,,,,,
535,2554.866943359375,0.025527385994791985,2.5527385994791985,5475.0865650177,10000,ppo,ppo,crawler,flat,dth_dth_neighbours_direct,,,,,,,,,,,,,,,0.22358634839081545,0,781,0.0,0.0,,,,,,,,,,,,,,,,,,,,,,,,,,,,,,,,,,,,,,,,,,,,,,,,,,,,,,,,,,,,,,,,,,,,,,,,,,nan,,,,,,,,,,,,,,,
536,2689.85986328125,0.026866870000958443,2.6866870000958443,5484.979340791702,10000,ppo,ppo,crawler,flat,dth_dth_neighbours_direct,,,,,,,,,,,,,,,0.1949897613016028,0,781,0.0,0.0,,,,,,,,,,,,,,,,,,,,,,,,,,,,,,,,,,,,,,,,,,,,,,,,,,,,,,,,,,,,,,,,,,,,,,,,,,nan,,,,,,,,,,,,,,,
537,2446.080078125,0.024434370920062065,2.4434370920062065,5495.095817565918,10000,ppo,ppo,crawler,flat,dth_dth_neighbours_direct,,,,,,,,,,,,,,,0.2346858739051786,0,781,0.0,0.0,,,,,,,,,,,,,,,,,,,,,,,,,,,,,,,,,,,,,,,,,,,,,,,,,,,,,,,,,,,,,,,,,,,,,,,,,,nan,,,,,,,,,,,,,,,
538,2625.29736328125,0.026226915419101715,2.6226915419101715,5505.09525847435,10000,ppo,ppo,crawler,flat,dth_dth_neighbours_direct,,,,,,,,,,,,,,,0.2019568419865918,0,781,0.0,0.0,,,,,,,,,,,,,,,,,,,,,,,,,,,,,,,,,,,,,,,,,,,,,,,,,,,,,,,,,,,,,,,,,,,,,,,,,,nan,,,,,,,,,,,,,,,
539,2656.268798828125,0.026536991819739342,2.653699181973934,5514.796652317047,10000,ppo,ppo,crawler,flat,dth_dth_neighbours_direct,,,,,,,,,,,,,,,0.19264740671866926,0,781,0.0,0.0,,,,,,,,,,,,,,,,,,,,,,,,,,,,,,,,,,,,,,,,,,,,,,,,,,,,,,,,,,,,,,,,,,,,,,,,,,nan,,,,,,,,,,,,,,,
540,2714.571044921875,0.02711685188114643,2.711685188114643,5524.715371608734,10000,ppo,ppo,crawler,flat,dth_dth_neighbours_direct,,,,,,,,,,,,,,,0.177505973921611,0,781,0.0,0.0,,,,,,,,,,,,,,,,,,,,,,,,,,,,,,,,,,,,,,,,,,,,,,,,,,,,,,,,,,,,,,,,,,,,,,,,,,nan,,,,,,,,,,,,,,,
541,2552.543212890625,0.025496644899249077,2.5496644899249077,5534.471754312515,10000,ppo,ppo,crawler,flat,dth_dth_neighbours_direct,,,,,,,,,,,,,,,0.21885910765121086,0,781,0.0,0.0,,,,,,,,,,,,,,,,,,,,,,,,,,,,,,,,,,,,,,,,,,,,,,,,,,,,,,,,,,,,,,,,,,,,,,,,,,nan,,,,,,,,,,,,,,,
542,2605.417724609375,0.026031309738755226,2.6031309738755226,5544.282411575317,10000,ppo,ppo,crawler,flat,dth_dth_neighbours_direct,,,,,,,,,,,,,,,0.20445147343821163,0,781,0.0,0.0,,,,,,,,,,,,,,,,,,,,,,,,,,,,,,,,,,,,,,,,,,,,,,,,,,,,,,,,,,,,,,,,,,,,,,,,,,nan,,,,,,,,,,,,,,,
543,2646.630126953125,0.026435919106006622,2.6435919106006622,5554.404036521912,10000,ppo,ppo,crawler,flat,dth_dth_neighbours_direct,,,,,,,,,,,,,,,0.20262482636566073,0,781,0.0,0.0,,,,,,,,,,,,,,,,,,,,,,,,,,,,,,,,,,,,,,,,,,,,,,,,,,,,,,,,,,,,,,,,,,,,,,,,,,nan,,,,,,,,,,,,,,,
544,2686.29736328125,0.02682998590171337,2.682998590171337,5564.148905277252,10000,ppo,ppo,crawler,flat,dth_dth_neighbours_direct,,,,,,,,,,,,,,,0.18736082015789615,0,781,0.0,0.0,,,,,,,,,,,,,,,,,,,,,,,,,,,,,,,,,,,,,,,,,,,,,,,,,,,,,,,,,,,,,,,,,,,,,,,,,,nan,,,,,,,,,,,,,,,
545,2593.49072265625,0.025910094380378723,2.5910094380378723,5574.441853046417,10000,ppo,ppo,crawler,flat,dth_dth_neighbours_direct,,,,,,,,,,,,,,,0.20658728460732162,0,781,0.0,0.0,,,,,,,,,,,,,,,,,,,,,,,,,,,,,,,,,,,,,,,,,,,,,,,,,,,,,,,,,,,,,,,,,,,,,,,,,,nan,,,,,,,,,,,,,,,
546,2618.6318359375,0.026159929111599922,2.615992911159992,5584.40957736969,10000,ppo,ppo,crawler,flat,dth_dth_neighbours_direct,,,,,,,,,,,,,,,0.20323906810185066,0,781,0.0,0.0,,,,,,,,,,,,,,,,,,,,,,,,,,,,,,,,,,,,,,,,,,,,,,,,,,,,,,,,,,,,,,,,,,,,,,,,,,nan,,,,,,,,,,,,,,,
547,2574.86572265625,0.025719914585351944,2.5719914585351944,5594.299885511398,10000,ppo,ppo,crawler,flat,dth_dth_neighbours_direct,,,,,,,,,,,,,,,0.2194474224769123,0,781,0.0,0.0,,,,,,,,,,,,,,,,,,,,,,,,,,,,,,,,,,,,,,,,,,,,,,,,,,,,,,,,,,,,,,,,,,,,,,,,,,nan,,,,,,,,,,,,,,,
548,2707.70556640625,0.02705315127968788,2.705315127968788,5604.602650880814,10000,ppo,ppo,crawler,flat,dth_dth_neighbours_direct,,,,,,,,,,,,,,,0.16351695464358,0,781,0.0,0.0,,,,,,,,,,,,,,,,,,,,,,,,,,,,,,,,,,,,,,,,,,,,,,,,,,,,,,,,,,,,,,,,,,,,,,,,,,nan,,,,,,,,,,,,,,,
549,2509.3515625,0.025062406435608864,2.5062406435608864,5614.646812438965,10000,ppo,ppo,crawler,flat,dth_dth_neighbours_direct,,,,,,,,,,,,,,,0.2269806577757352,0,781,0.0,0.0,,,,,,,,,,,,,,,,,,,,,,,,,,,,,,,,,,,,,,,,,,,,,,,,,,,,,,,,,,,,,,,,,,,,,,,,,,nan,,,,,,,,,,,,,,,
550,2533.927490234375,0.025315267965197563,2.5315267965197563,5624.516282320023,10000,ppo,ppo,crawler,flat,dth_dth_neighbours_direct,,,,,,,,,,,,,,,0.23205709717970838,0,781,0.0,0.0,,,,,,,,,,,,,,,,,,,,,,,,,,,,,,,,,,,,,,,,,,,,,,,,,,,,,,,,,,,,,,,,,,,,,,,,,,nan,,,,,,,,,,,,,,,
551,2525.245361328125,0.025227060541510582,2.522706054151058,5634.44669008255,10000,ppo,ppo,crawler,flat,dth_dth_neighbours_direct,,,,,,,,,,,,,,,0.22470255365521846,0,781,0.0,0.0,,,,,,,,,,,,,,,,,,,,,,,,,,,,,,,,,,,,,,,,,,,,,,,,,,,,,,,,,,,,,,,,,,,,,,,,,,nan,,,,,,,,,,,,,,,
552,2583.088623046875,0.025802889838814735,2.5802889838814735,5644.409600973129,10000,ppo,ppo,crawler,flat,dth_dth_neighbours_direct,,,,,,,,,,,,,,,0.21867471039653685,0,781,0.0,0.0,,,,,,,,,,,,,,,,,,,,,,,,,,,,,,,,,,,,,,,,,,,,,,,,,,,,,,,,,,,,,,,,,,,,,,,,,,nan,,,,,,,,,,,,,,,
553,2453.338134765625,0.024510478600859642,2.451047860085964,5654.470787286758,10000,ppo,ppo,crawler,flat,dth_dth_neighbours_direct,,,,,,,,,,,,,,,0.24284775829089927,0,781,0.0,0.0,,,,,,,,,,,,,,,,,,,,,,,,,,,,,,,,,,,,,,,,,,,,,,,,,,,,,,,,,,,,,,,,,,,,,,,,,,nan,,,,,,,,,,,,,,,
554,2545.054443359375,0.02541932836174965,2.541932836174965,5664.445255041122,10000,ppo,ppo,crawler,flat,dth_dth_neighbours_direct,,,,,,,,,,,,,,,0.21185724987347626,0,781,0.0,0.0,,,,,,,,,,,,,,,,,,,,,,,,,,,,,,,,,,,,,,,,,,,,,,,,,,,,,,,,,,,,,,,,,,,,,,,,,,nan,,,,,,,,,,,,,,,
555,2456.902587890625,0.02454368770122528,2.454368770122528,5674.533210277557,10000,ppo,ppo,crawler,flat,dth_dth_neighbours_direct,,,,,,,,,,,,,,,0.2324024814441101,0,781,0.0,0.0,,,,,,,,,,,,,,,,,,,,,,,,,,,,,,,,,,,,,,,,,,,,,,,,,,,,,,,,,,,,,,,,,,,,,,,,,,nan,,,,,,,,,,,,,,,
556,2339.33447265625,0.023364027962088585,2.3364027962088585,5684.648818969727,10000,ppo,ppo,crawler,flat,dth_dth_neighbours_direct,,,,,,,,,,,,,,,0.24011306462693327,0,781,0.0,0.0,,,,,,,,,,,,,,,,,,,,,,,,,,,,,,,,,,,,,,,,,,,,,,,,,,,,,,,,,,,,,,,,,,,,,,,,,,nan,,,,,,,,,,,,,,,
557,2417.192138671875,0.02414407953619957,2.414407953619957,5694.514971256256,10000,ppo,ppo,crawler,flat,dth_dth_neighbours_direct,,,,,,,,,,,,,,,0.2409864227257771,0,781,0.0,0.0,,,,,,,,,,,,,,,,,,,,,,,,,,,,,,,,,,,,,,,,,,,,,,,,,,,,,,,,,,,,,,,,,,,,,,,,,,nan,,,,,,,,,,,,,,,
558,2487.925048828125,0.024863842874765396,2.4863842874765396,5704.69828915596,10000,ppo,ppo,crawler,flat,dth_dth_neighbours_direct,,,,,,,,,,,,,,,0.21188694516053713,0,781,0.0,0.0,,,,,,,,,,,,,,,,,,,,,,,,,,,,,,,,,,,,,,,,,,,,,,,,,,,,,,,,,,,,,,,,,,,,,,,,,,nan,,,,,,,,,,,,,,,
559,2589.91552734375,0.02587188594043255,2.587188594043255,5714.4120054244995,10000,ppo,ppo,crawler,flat,dth_dth_neighbours_direct,,,,,,,,,,,,,,,0.18548548773592027,0,781,0.0,0.0,,,,,,,,,,,,,,,,,,,,,,,,,,,,,,,,,,,,,,,,,,,,,,,,,,,,,,,,,,,,,,,,,,,,,,,,,,nan,,,,,,,,,,,,,,,
560,2428.3388671875,0.02425926737487316,2.425926737487316,5724.598616838455,10000,ppo,ppo,crawler,flat,dth_dth_neighbours_direct,,,,,,,,,,,,,,,0.20227673490605602,0,781,0.0,0.0,,,,,,,,,,,,,,,,,,,,,,,,,,,,,,,,,,,,,,,,,,,,,,,,,,,,,,,,,,,,,,,,,,,,,,,,,,nan,,,,,,,,,,,,,,,
561,2637.662109375,0.026347201317548752,2.634720131754875,5734.59077000618,10000,ppo,ppo,crawler,flat,dth_dth_neighbours_direct,,,,,,,,,,,,,,,0.11416654676621095,0,781,0.0,0.0,,,,,,,,,,,,,,,,,,,,,,,,,,,,,,,,,,,,,,,,,,,,,,,,,,,,,,,,,,,,,,,,,,,,,,,,,,nan,,,,,,,,,,,,,,,
562,2513.074951171875,0.02510470524430275,2.510470524430275,5744.318212747574,10000,ppo,ppo,crawler,flat,dth_dth_neighbours_direct,,,,,,,,,,,,,,,0.12073716639858437,0,781,0.0,0.0,,,,,,,,,,,,,,,,,,,,,,,,,,,,,,,,,,,,,,,,,,,,,,,,,,,,,,,,,,,,,,,,,,,,,,,,,,nan,,,,,,,,,,,,,,,
563,2730.419677734375,0.027276495471596718,2.727649547159672,5754.51926612854,10000,ppo,ppo,crawler,flat,dth_dth_neighbours_direct,,,,,,,,,,,,,,,0.04174965238933501,0,781,0.0,0.0,,,,,,,,,,,,,,,,,,,,,,,,,,,,,,,,,,,,,,,,,,,,,,,,,,,,,,,,,,,,,,,,,,,,,,,,,,nan,,,,,,,,,,,,,,,
564,2589.1435546875,0.02586408704519272,2.586408704519272,5764.391147136688,10000,ppo,ppo,crawler,flat,dth_dth_neighbours_direct,,,,,,,,,,,,,,,0.0742317954831886,0,781,0.0,0.0,,,,,,,,,,,,,,,,,,,,,,,,,,,,,,,,,,,,,,,,,,,,,,,,,,,,,,,,,,,,,,,,,,,,,,,,,,nan,,,,,,,,,,,,,,,
565,2538.18603515625,0.025355955585837364,2.5355955585837364,5774.596395969391,10000,ppo,ppo,crawler,flat,dth_dth_neighbours_direct,,,,,,,,,,,,,,,0.07607668366993595,0,781,0.0,0.0,,,,,,,,,,,,,,,,,,,,,,,,,,,,,,,,,,,,,,,,,,,,,,,,,,,,,,,,,,,,,,,,,,,,,,,,,,nan,,,,,,,,,,,,,,,
566,2638.71337890625,0.026361973956227303,2.6361973956227303,5784.657240390778,10000,ppo,ppo,crawler,flat,dth_dth_neighbours_direct,,,,,,,,,,,,,,,0.05132885788201871,0,781,0.0,0.0,,,,,,,,,,,,,,,,,,,,,,,,,,,,,,,,,,,,,,,,,,,,,,,,,,,,,,,,,,,,,,,,,,,,,,,,,,nan,,,,,,,,,,,,,,,
567,2603.53759765625,0.026006843894720078,2.6006843894720078,5794.711485862732,10000,ppo,ppo,crawler,flat,dth_dth_neighbours_direct,,,,,,,,,,,,,,,0.04536958813829623,0,781,0.0,0.0,,,,,,,,,,,,,,,,,,,,,,,,,,,,,,,,,,,,,,,,,,,,,,,,,,,,,,,,,,,,,,,,,,,,,,,,,,nan,,,,,,,,,,,,,,,
568,2460.5224609375,0.02457873523235321,2.457873523235321,5804.885141134262,10000,ppo,ppo,crawler,flat,dth_dth_neighbours_direct,,,,,,,,,,,,,,,0.05587408031012405,0,781,0.0,0.0,,,,,,,,,,,,,,,,,,,,,,,,,,,,,,,,,,,,,,,,,,,,,,,,,,,,,,,,,,,,,,,,,,,,,,,,,,nan,,,,,,,,,,,,,,,
569,2517.291748046875,0.025150520727038383,2.5150520727038383,5814.331378221512,10000,ppo,ppo,crawler,flat,dth_dth_neighbours_direct,,,,,,,,,,,,,,,0.04671508359741183,0,781,0.0,0.0,,,,,,,,,,,,,,,,,,,,,,,,,,,,,,,,,,,,,,,,,,,,,,,,,,,,,,,,,,,,,,,,,,,,,,,,,,nan,,,,,,,,,,,,,,,
570,2493.546630859375,0.024911222979426384,2.4911222979426384,5824.420632123947,10000,ppo,ppo,crawler,flat,dth_dth_neighbours_direct,,,,,,,,,,,,,,,0.04085666929494182,0,781,0.0,0.0,,,,,,,,,,,,,,,,,,,,,,,,,,,,,,,,,,,,,,,,,,,,,,,,,,,,,,,,,,,,,,,,,,,,,,,,,,nan,,,,,,,,,,,,,,,
571,2576.38525390625,0.02573767676949501,2.573767676949501,5834.478294849396,10000,ppo,ppo,crawler,flat,dth_dth_neighbours_direct,,,,,,,,,,,,,,,0.029907795988501313,0,781,0.0,0.0,,,,,,,,,,,,,,,,,,,,,,,,,,,,,,,,,,,,,,,,,,,,,,,,,,,,,,,,,,,,,,,,,,,,,,,,,,nan,,,,,,,,,,,,,,,
572,2587.73681640625,0.025853484869003296,2.5853484869003296,5844.271999597549,10000,ppo,ppo,crawler,flat,dth_dth_neighbours_direct,,,,,,,,,,,,,,,0.030383345461364807,0,781,0.0,0.0,,,,,,,,,,,,,,,,,,,,,,,,,,,,,,,,,,,,,,,,,,,,,,,,,,,,,,,,,,,,,,,,,,,,,,,,,,nan,,,,,,,,,,,,,,,
573,2539.748779296875,0.02537139318883419,2.537139318883419,5854.295604944229,10000,ppo,ppo,crawler,flat,dth_dth_neighbours_direct,,,,,,,,,,,,,,,0.03604564972081885,0,781,0.0,0.0,,,,,,,,,,,,,,,,,,,,,,,,,,,,,,,,,,,,,,,,,,,,,,,,,,,,,,,,,,,,,,,,,,,,,,,,,,nan,,,,,,,,,,,,,,,
574,2548.541748046875,0.025456981733441353,2.5456981733441353,5864.3398315906525,10000,ppo,ppo,crawler,flat,dth_dth_neighbours_direct,,,,,,,,,,,,,,,0.02985403129988065,0,781,0.0,0.0,,,,,,,,,,,,,,,,,,,,,,,,,,,,,,,,,,,,,,,,,,,,,,,,,,,,,,,,,,,,,,,,,,,,,,,,,,nan,,,,,,,,,,,,,,,
575,2694.178955078125,0.026917140930891037,2.6917140930891037,5874.084353923798,10000,ppo,ppo,crawler,flat,dth_dth_neighbours_direct,,,,,,,,,,,,,,,0.01578206268116955,0,781,0.0,0.0,,,,,,,,,,,,,,,,,,,,,,,,,,,,,,,,,,,,,,,,,,,,,,,,,,,,,,,,,,,,,,,,,,,,,,,,,,nan,,,,,,,,,,,,,,,
576,2711.52880859375,0.027084004133939743,2.7084004133939743,5884.100903511047,10000,ppo,ppo,crawler,flat,dth_dth_neighbours_direct,,,,,,,,,,,,,,,0.015795783723556053,0,781,0.0,0.0,,,,,,,,,,,,,,,,,,,,,,,,,,,,,,,,,,,,,,,,,,,,,,,,,,,,,,,,,,,,,,,,,,,,,,,,,,nan,,,,,,,,,,,,,,,
577,2573.927490234375,0.025714775547385216,2.5714775547385216,5893.576457738876,10000,ppo,ppo,crawler,flat,dth_dth_neighbours_direct,,,,,,,,,,,,,,,0.03440616324282503,0,781,0.0,0.0,,,,,,,,,,,,,,,,,,,,,,,,,,,,,,,,,,,,,,,,,,,,,,,,,,,,,,,,,,,,,,,,,,,,,,,,,,nan,,,,,,,,,,,,,,,
578,2528.64111328125,0.025262948125600815,2.5262948125600815,5904.609253883362,10000,ppo,ppo,crawler,flat,dth_dth_neighbours_direct,,,,,,,,,,,,,,,0.03316266316415655,0,781,0.0,0.0,,,,,,,,,,,,,,,,,,,,,,,,,,,,,,,,,,,,,,,,,,,,,,,,,,,,,,,,,,,,,,,,,,,,,,,,,,nan,,,,,,,,,,,,,,,
579,2584.311767578125,0.025814032182097435,2.5814032182097435,5914.265031337738,10000,ppo,ppo,crawler,flat,dth_dth_neighbours_direct,,,,,,,,,,,,,,,0.02642563788533162,0,781,0.0,0.0,,,,,,,,,,,,,,,,,,,,,,,,,,,,,,,,,,,,,,,,,,,,,,,,,,,,,,,,,,,,,,,,,,,,,,,,,,nan,,,,,,,,,,,,,,,
580,2408.148681640625,0.02405744045972824,2.405744045972824,5923.546368598938,10000,ppo,ppo,crawler,flat,dth_dth_neighbours_direct,,,,,,,,,,,,,,,0.03634316690696765,0,781,0.0,0.0,,,,,,,,,,,,,,,,,,,,,,,,,,,,,,,,,,,,,,,,,,,,,,,,,,,,,,,,,,,,,,,,,,,,,,,,,,nan,,,,,,,,,,,,,,,
581,2580.223388671875,0.025771785527467728,2.5771785527467728,5933.439827680588,10000,ppo,ppo,crawler,flat,dth_dth_neighbours_direct,,,,,,,,,,,,,,,0.026758760347455654,0,781,0.0,0.0,,,,,,,,,,,,,,,,,,,,,,,,,,,,,,,,,,,,,,,,,,,,,,,,,,,,,,,,,,,,,,,,,,,,,,,,,,nan,,,,,,,,,,,,,,,
582,2466.229736328125,0.024637283757328987,2.4637283757328987,5943.5172727108,10000,ppo,ppo,crawler,flat,dth_dth_neighbours_direct,,,,,,,,,,,,,,,0.02991017804692716,0,781,0.0,0.0,,,,,,,,,,,,,,,,,,,,,,,,,,,,,,,,,,,,,,,,,,,,,,,,,,,,,,,,,,,,,,,,,,,,,,,,,,nan,,,,,,,,,,,,,,,
583,2489.39697265625,0.024869322776794434,2.4869322776794434,5953.516012907028,10000,ppo,ppo,crawler,flat,dth_dth_neighbours_direct,,,,,,,,,,,,,,,0.03129039185978691,0,781,0.0,0.0,,,,,,,,,,,,,,,,,,,,,,,,,,,,,,,,,,,,,,,,,,,,,,,,,,,,,,,,,,,,,,,,,,,,,,,,,,nan,,,,,,,,,,,,,,,
584,2445.59228515625,0.024425432085990906,2.4425432085990906,5963.966156959534,10000,ppo,ppo,crawler,flat,dth_dth_neighbours_direct,,,,,,,,,,,,,,,0.03294847845356248,0,781,0.0,0.0,,,,,,,,,,,,,,,,,,,,,,,,,,,,,,,,,,,,,,,,,,,,,,,,,,,,,,,,,,,,,,,,,,,,,,,,,,nan,,,,,,,,,,,,,,,
585,2641.5546875,0.026393260806798935,2.6393260806798935,5974.10896897316,10000,ppo,ppo,crawler,flat,dth_dth_neighbours_direct,,,,,,,,,,,,,,,0.015018581888930519,0,781,0.0,0.0,,,,,,,,,,,,,,,,,,,,,,,,,,,,,,,,,,,,,,,,,,,,,,,,,,,,,,,,,,,,,,,,,,,,,,,,,,nan,,,,,,,,,,,,,,,
586,2653.463623046875,0.026509050279855728,2.650905027985573,5984.6191256046295,10000,ppo,ppo,crawler,flat,dth_dth_neighbours_direct,,,,,,,,,,,,,,,0.011325460833004853,0,781,0.0,0.0,,,,,,,,,,,,,,,,,,,,,,,,,,,,,,,,,,,,,,,,,,,,,,,,,,,,,,,,,,,,,,,,,,,,,,,,,,nan,,,,,,,,,,,,,,,
587,2536.19140625,0.025334198027849197,2.5334198027849197,5994.612208843231,10000,ppo,ppo,crawler,flat,dth_dth_neighbours_direct,,,,,,,,,,,,,,,0.01356300828404839,0,781,0.0,0.0,,,,,,,,,,,,,,,,,,,,,,,,,,,,,,,,,,,,,,,,,,,,,,,,,,,,,,,,,,,,,,,,,,,,,,,,,,nan,,,,,,,,,,,,,,,
588,2726.341796875,0.027235563844442368,2.7235563844442368,6004.486934423447,10000,ppo,ppo,crawler,flat,dth_dth_neighbours_direct,,,,,,,,,,,,,,,0.005130440480491354,0,781,0.0,0.0,,,,,,,,,,,,,,,,,,,,,,,,,,,,,,,,,,,,,,,,,,,,,,,,,,,,,,,,,,,,,,,,,,,,,,,,,,nan,,,,,,,,,,,,,,,
589,2606.068603515625,0.026038702577352524,2.6038702577352524,6014.379823207855,10000,ppo,ppo,crawler,flat,dth_dth_neighbours_direct,,,,,,,,,,,,,,,0.011876550953397276,0,781,0.0,0.0,,,,,,,,,,,,,,,,,,,,,,,,,,,,,,,,,,,,,,,,,,,,,,,,,,,,,,,,,,,,,,,,,,,,,,,,,,nan,,,,,,,,,,,,,,,
590,2638.45361328125,0.026361068710684776,2.6361068710684776,6024.702922821045,10000,ppo,ppo,crawler,flat,dth_dth_neighbours_direct,,,,,,,,,,,,,,,0.008260187637005728,0,781,0.0,0.0,,,,,,,,,,,,,,,,,,,,,,,,,,,,,,,,,,,,,,,,,,,,,,,,,,,,,,,,,,,,,,,,,,,,,,,,,,nan,,,,,,,,,,,,,,,
591,2424.456787109375,0.024213140830397606,2.4213140830397606,6034.974775314331,10000,ppo,ppo,crawler,flat,dth_dth_neighbours_direct,,,,,,,,,,,,,,,0.014686856989679985,0,781,0.0,0.0,,,,,,,,,,,,,,,,,,,,,,,,,,,,,,,,,,,,,,,,,,,,,,,,,,,,,,,,,,,,,,,,,,,,,,,,,,nan,,,,,,,,,,,,,,,
592,2496.03076171875,0.024930641055107117,2.4930641055107117,6045.166427612305,10000,ppo,ppo,crawler,flat,dth_dth_neighbours_direct,,,,,,,,,,,,,,,0.0157074692623902,0,781,0.0,0.0,,,,,,,,,,,,,,,,,,,,,,,,,,,,,,,,,,,,,,,,,,,,,,,,,,,,,,,,,,,,,,,,,,,,,,,,,,nan,,,,,,,,,,,,,,,
593,2572.764404296875,0.025702815502882004,2.5702815502882004,6055.368145465851,10000,ppo,ppo,crawler,flat,dth_dth_neighbours_direct,,,,,,,,,,,,,,,0.011543271250231833,0,781,0.0,0.0,,,,,,,,,,,,,,,,,,,,,,,,,,,,,,,,,,,,,,,,,,,,,,,,,,,,,,,,,,,,,,,,,,,,,,,,,,nan,,,,,,,,,,,,,,,
594,2671.003173828125,0.026682546362280846,2.6682546362280846,6065.272632598877,10000,ppo,ppo,crawler,flat,dth_dth_neighbours_direct,,,,,,,,,,,,,,,0.006626923245460716,0,781,0.0,0.0,,,,,,,,,,,,,,,,,,,,,,,,,,,,,,,,,,,,,,,,,,,,,,,,,,,,,,,,,,,,,,,,,,,,,,,,,,nan,,,,,,,,,,,,,,,
595,2614.755126953125,0.026122774928808212,2.6122774928808212,6076.265391588211,10000,ppo,ppo,crawler,flat,dth_dth_neighbours_direct,,,,,,,,,,,,,,,0.008927901287231638,0,781,0.0,0.0,,,,,,,,,,,,,,,,,,,,,,,,,,,,,,,,,,,,,,,,,,,,,,,,,,,,,,,,,,,,,,,,,,,,,,,,,,nan,,,,,,,,,,,,,,,
596,2503.354736328125,0.02500804327428341,2.500804327428341,6087.619233369827,10000,ppo,ppo,crawler,flat,dth_dth_neighbours_direct,,,,,,,,,,,,,,,0.012396718018126904,0,781,0.0,0.0,,,,,,,,,,,,,,,,,,,,,,,,,,,,,,,,,,,,,,,,,,,,,,,,,,,,,,,,,,,,,,,,,,,,,,,,,,nan,,,,,,,,,,,,,,,
597,2581.4296875,0.025789793580770493,2.5789793580770493,6098.545348405838,10000,ppo,ppo,crawler,flat,dth_dth_neighbours_direct,,,,,,,,,,,,,,,0.010572789925985752,0,781,0.0,0.0,,,,,,,,,,,,,,,,,,,,,,,,,,,,,,,,,,,,,,,,,,,,,,,,,,,,,,,,,,,,,,,,,,,,,,,,,,nan,,,,,,,,,,,,,,,
598,2589.777099609375,0.025864366441965103,2.5864366441965103,6109.686737298965,10000,ppo,ppo,crawler,flat,dth_dth_neighbours_direct,,,,,,,,,,,,,,,0.0069557268914594295,0,781,0.0,0.0,,,,,,,,,,,,,,,,,,,,,,,,,,,,,,,,,,,,,,,,,,,,,,,,,,,,,,,,,,,,,,,,,,,,,,,,,,nan,,,,,,,,,,,,,,,
599,2430.59130859375,0.024279683828353882,2.427968382835388,6120.805769443512,10000,ppo,ppo,crawler,flat,dth_dth_neighbours_direct,,,,,,,,,,,,,,,0.011725009979077087,0,781,0.0,0.0,,,,,,,,,,,,,,,,,,,,,,,,,,,,,,,,,,,,,,,,,,,,,,,,,,,,,,,,,,,,,,,,,,,,,,,,,,nan,,,,,,,,,,,,,,,
600,2544.595458984375,0.02542286552488804,2.542286552488804,6132.078957796097,10000,ppo,ppo,crawler,flat,dth_dth_neighbours_direct,,,,,,,,,,,,,,,0.008214569737566528,0,781,0.0,0.0,,,,,,,,,,,,,,,,,,,,,,,,,,,,,,,,,,,,,,,,,,,,,,,,,,,,,,,,,,,,,,,,,,,,,,,,,,nan,,,,,,,,,,,,,,,
601,2533.752685546875,0.025307200849056244,2.5307200849056244,6142.858936786652,10000,ppo,ppo,crawler,flat,dth_dth_neighbours_direct,,,,,,,,,,,,,,,0.008390033840599113,0,781,0.0,0.0,,,,,,,,,,,,,,,,,,,,,,,,,,,,,,,,,,,,,,,,,,,,,,,,,,,,,,,,,,,,,,,,,,,,,,,,,,nan,,,,,,,,,,,,,,,
602,2422.104736328125,0.024191908538341522,2.419190853834152,6154.0413546562195,10000,ppo,ppo,crawler,flat,dth_dth_neighbours_direct,,,,,,,,,,,,,,,0.0116522829879644,0,781,0.0,0.0,,,,,,,,,,,,,,,,,,,,,,,,,,,,,,,,,,,,,,,,,,,,,,,,,,,,,,,,,,,,,,,,,,,,,,,,,,nan,,,,,,,,,,,,,,,
603,2458.6953125,0.02455843798816204,2.455843798816204,6165.261782407761,10000,ppo,ppo,crawler,flat,dth_dth_neighbours_direct,,,,,,,,,,,,,,,0.009083287132298688,0,781,0.0,0.0,,,,,,,,,,,,,,,,,,,,,,,,,,,,,,,,,,,,,,,,,,,,,,,,,,,,,,,,,,,,,,,,,,,,,,,,,,nan,,,,,,,,,,,,,,,
604,2490.196533203125,0.024874215945601463,2.4874215945601463,6176.906844615936,10000,ppo,ppo,crawler,flat,dth_dth_neighbours_direct,,,,,,,,,,,,,,,0.013268847674080415,0,781,0.0,0.0,,,,,,,,,,,,,,,,,,,,,,,,,,,,,,,,,,,,,,,,,,,,,,,,,,,,,,,,,,,,,,,,,,,,,,,,,,nan,,,,,,,,,,,,,,,
605,2444.858642578125,0.02442813292145729,2.442813292145729,6187.757855892181,10000,ppo,ppo,crawler,flat,dth_dth_neighbours_direct,,,,,,,,,,,,,,,0.009848701356182462,0,781,0.0,0.0,,,,,,,,,,,,,,,,,,,,,,,,,,,,,,,,,,,,,,,,,,,,,,,,,,,,,,,,,,,,,,,,,,,,,,,,,,nan,,,,,,,,,,,,,,,
606,2584.943115234375,0.025818511843681335,2.5818511843681335,6198.860633611679,10000,ppo,ppo,crawler,flat,dth_dth_neighbours_direct,,,,,,,,,,,,,,,0.005740959320871593,0,781,0.0,0.0,,,,,,,,,,,,,,,,,,,,,,,,,,,,,,,,,,,,,,,,,,,,,,,,,,,,,,,,,,,,,,,,,,,,,,,,,,nan,,,,,,,,,,,,,,,
607,2579.741943359375,0.025772536173462868,2.5772536173462868,6209.974980592728,10000,ppo,ppo,crawler,flat,dth_dth_neighbours_direct,,,,,,,,,,,,,,,0.007500642746876688,0,781,0.0,0.0,,,,,,,,,,,,,,,,,,,,,,,,,,,,,,,,,,,,,,,,,,,,,,,,,,,,,,,,,,,,,,,,,,,,,,,,,,nan,,,,,,,,,,,,,,,
608,2532.923583984375,0.025304626673460007,2.5304626673460007,6221.59481883049,10000,ppo,ppo,crawler,flat,dth_dth_neighbours_direct,,,,,,,,,,,,,,,0.0064258045074686455,0,781,0.0,0.0,,,,,,,,,,,,,,,,,,,,,,,,,,,,,,,,,,,,,,,,,,,,,,,,,,,,,,,,,,,,,,,,,,,,,,,,,,nan,,,,,,,,,,,,,,,
609,2495.665771484375,0.024928618222475052,2.492861822247505,6232.845896244049,10000,ppo,ppo,crawler,flat,dth_dth_neighbours_direct,,,,,,,,,,,,,,,0.007666371978310929,0,781,0.0,0.0,,,,,,,,,,,,,,,,,,,,,,,,,,,,,,,,,,,,,,,,,,,,,,,,,,,,,,,,,,,,,,,,,,,,,,,,,,nan,,,,,,,,,,,,,,,
610,2461.93017578125,0.02458975464105606,2.458975464105606,6243.981411933899,10000,ppo,ppo,crawler,flat,dth_dth_neighbours_direct,,,,,,,,,,,,,,,0.009657624561483403,0,781,0.0,0.0,,,,,,,,,,,,,,,,,,,,,,,,,,,,,,,,,,,,,,,,,,,,,,,,,,,,,,,,,,,,,,,,,,,,,,,,,,nan,,,,,,,,,,,,,,,
611,2392.595703125,0.023902062326669693,2.3902062326669693,6255.051377296448,10000,ppo,ppo,crawler,flat,dth_dth_neighbours_direct,,,,,,,,,,,,,,,0.011130557614583774,0,781,0.0,0.0,,,,,,,,,,,,,,,,,,,,,,,,,,,,,,,,,,,,,,,,,,,,,,,,,,,,,,,,,,,,,,,,,,,,,,,,,,nan,,,,,,,,,,,,,,,
612,2470.584716796875,0.024683238938450813,2.4683238938450813,6265.96203827858,10000,ppo,ppo,crawler,flat,dth_dth_neighbours_direct,,,,,,,,,,,,,,,0.00864674375300378,0,781,0.0,0.0,,,,,,,,,,,,,,,,,,,,,,,,,,,,,,,,,,,,,,,,,,,,,,,,,,,,,,,,,,,,,,,,,,,,,,,,,,nan,,,,,,,,,,,,,,,
613,2402.91845703125,0.024004820734262466,2.4004820734262466,6276.960680484772,10000,ppo,ppo,crawler,flat,dth_dth_neighbours_direct,,,,,,,,,,,,,,,0.0072989905443550515,0,781,0.0,0.0,,,,,,,,,,,,,,,,,,,,,,,,,,,,,,,,,,,,,,,,,,,,,,,,,,,,,,,,,,,,,,,,,,,,,,,,,,nan,,,,,,,,,,,,,,,
614,2444.124267578125,0.02442099153995514,2.442099153995514,6288.173266887665,10000,ppo,ppo,crawler,flat,dth_dth_neighbours_direct,,,,,,,,,,,,,,,0.01114186330601691,0,781,0.0,0.0,,,,,,,,,,,,,,,,,,,,,,,,,,,,,,,,,,,,,,,,,,,,,,,,,,,,,,,,,,,,,,,,,,,,,,,,,,nan,,,,,,,,,,,,,,,
615,2499.063720703125,0.024963153526186943,2.4963153526186943,6299.177609443665,10000,ppo,ppo,crawler,flat,dth_dth_neighbours_direct,,,,,,,,,,,,,,,0.008037763736835322,0,781,0.0,0.0,,,,,,,,,,,,,,,,,,,,,,,,,,,,,,,,,,,,,,,,,,,,,,,,,,,,,,,,,,,,,,,,,,,,,,,,,,nan,,,,,,,,,,,,,,,
616,2521.111328125,0.025188583880662918,2.518858388066292,6309.791304588318,10000,ppo,ppo,crawler,flat,dth_dth_neighbours_direct,,,,,,,,,,,,,,,0.00791264819330275,0,781,0.0,0.0,,,,,,,,,,,,,,,,,,,,,,,,,,,,,,,,,,,,,,,,,,,,,,,,,,,,,,,,,,,,,,,,,,,,,,,,,,nan,,,,,,,,,,,,,,,
617,2468.833251953125,0.024660635739564896,2.4660635739564896,6319.696622848511,10000,ppo,ppo,crawler,flat,dth_dth_neighbours_direct,,,,,,,,,,,,,,,0.0086979486710548,0,781,0.0,0.0,,,,,,,,,,,,,,,,,,,,,,,,,,,,,,,,,,,,,,,,,,,,,,,,,,,,,,,,,,,,,,,,,,,,,,,,,,nan,,,,,,,,,,,,,,,
618,2517.66455078125,0.02514798566699028,2.514798566699028,6329.912726163864,10000,ppo,ppo,crawler,flat,dth_dth_neighbours_direct,,,,,,,,,,,,,,,0.008363768049794823,0,781,0.0,0.0,,,,,,,,,,,,,,,,,,,,,,,,,,,,,,,,,,,,,,,,,,,,,,,,,,,,,,,,,,,,,,,,,,,,,,,,,,nan,,,,,,,,,,,,,,,
619,2506.185302734375,0.025028333067893982,2.502833306789398,6340.023978471756,10000,ppo,ppo,crawler,flat,dth_dth_neighbours_direct,,,,,,,,,,,,,,,0.004803469513615095,0,781,0.0,0.0,,,,,,,,,,,,,,,,,,,,,,,,,,,,,,,,,,,,,,,,,,,,,,,,,,,,,,,,,,,,,,,,,,,,,,,,,,nan,,,,,,,,,,,,,,,
620,2286.180419921875,0.02284424938261509,2.284424938261509,6350.187186956406,10000,ppo,ppo,crawler,flat,dth_dth_neighbours_direct,,,,,,,,,,,,,,,0.009587390642521053,0,781,0.0,0.0,,,,,,,,,,,,,,,,,,,,,,,,,,,,,,,,,,,,,,,,,,,,,,,,,,,,,,,,,,,,,,,,,,,,,,,,,,nan,,,,,,,,,,,,,,,
621,2519.441162109375,0.025166520848870277,2.5166520848870277,6360.016639471054,10000,ppo,ppo,crawler,flat,dth_dth_neighbours_direct,,,,,,,,,,,,,,,0.005418365589026558,0,781,0.0,0.0,,,,,,,,,,,,,,,,,,,,,,,,,,,,,,,,,,,,,,,,,,,,,,,,,,,,,,,,,,,,,,,,,,,,,,,,,,nan,,,,,,,,,,,,,,,
622,2572.273193359375,0.025699425488710403,2.5699425488710403,6370.10803604126,10000,ppo,ppo,crawler,flat,dth_dth_neighbours_direct,,,,,,,,,,,,,,,0.006193622461849259,0,781,0.0,0.0,,,,,,,,,,,,,,,,,,,,,,,,,,,,,,,,,,,,,,,,,,,,,,,,,,,,,,,,,,,,,,,,,,,,,,,,,,nan,,,,,,,,,,,,,,,
623,2433.635498046875,0.02430822141468525,2.430822141468525,6380.101296186447,10000,ppo,ppo,crawler,flat,dth_dth_neighbours_direct,,,,,,,,,,,,,,,0.008483504234346895,0,781,0.0,0.0,,,,,,,,,,,,,,,,,,,,,,,,,,,,,,,,,,,,,,,,,,,,,,,,,,,,,,,,,,,,,,,,,,,,,,,,,,nan,,,,,,,,,,,,,,,
624,2476.412841796875,0.024741148576140404,2.4741148576140404,6389.887760400772,10000,ppo,ppo,crawler,flat,dth_dth_neighbours_direct,,,,,,,,,,,,,,,0.009948000953943116,0,781,0.0,0.0,,,,,,,,,,,,,,,,,,,,,,,,,,,,,,,,,,,,,,,,,,,,,,,,,,,,,,,,,,,,,,,,,,,,,,,,,,nan,,,,,,,,,,,,,,,
625,2331.23095703125,0.023290127515792847,2.3290127515792847,6400.316042900085,10000,ppo,ppo,crawler,flat,dth_dth_neighbours_direct,,,,,,,,,,,,,,,0.007815271412814215,0,781,0.0,0.0,,,,,,,,,,,,,,,,,,,,,,,,,,,,,,,,,,,,,,,,,,,,,,,,,,,,,,,,,,,,,,,,,,,,,,,,,,nan,,,,,,,,,,,,,,,
626,2426.626220703125,0.024239253252744675,2.4239253252744675,6410.3564574718475,10000,ppo,ppo,crawler,flat,dth_dth_neighbours_direct,,,,,,,,,,,,,,,0.009570142757103578,0,781,0.0,0.0,,,,,,,,,,,,,,,,,,,,,,,,,,,,,,,,,,,,,,,,,,,,,,,,,,,,,,,,,,,,,,,,,,,,,,,,,,nan,,,,,,,,,,,,,,,
627,2604.812255859375,0.026019057258963585,2.6019057258963585,6420.18670129776,10000,ppo,ppo,crawler,flat,dth_dth_neighbours_direct,,,,,,,,,,,,,,,0.005907264156070288,0,781,0.0,0.0,,,,,,,,,,,,,,,,,,,,,,,,,,,,,,,,,,,,,,,,,,,,,,,,,,,,,,,,,,,,,,,,,,,,,,,,,,nan,,,,,,,,,,,,,,,
628,2341.940185546875,0.023396901786327362,2.339690178632736,6430.548846483231,10000,ppo,ppo,crawler,flat,dth_dth_neighbours_direct,,,,,,,,,,,,,,,0.009972723833580856,0,781,0.0,0.0,,,,,,,,,,,,,,,,,,,,,,,,,,,,,,,,,,,,,,,,,,,,,,,,,,,,,,,,,,,,,,,,,,,,,,,,,,nan,,,,,,,,,,,,,,,
629,2504.725341796875,0.025024017319083214,2.5024017319083214,6440.93683886528,10000,ppo,ppo,crawler,flat,dth_dth_neighbours_direct,,,,,,,,,,,,,,,0.005210046478164148,0,781,0.0,0.0,,,,,,,,,,,,,,,,,,,,,,,,,,,,,,,,,,,,,,,,,,,,,,,,,,,,,,,,,,,,,,,,,,,,,,,,,,nan,,,,,,,,,,,,,,,
630,2613.241455078125,0.026106752455234528,2.6106752455234528,6450.773388147354,10000,ppo,ppo,crawler,flat,dth_dth_neighbours_direct,,,,,,,,,,,,,,,0.004449157158769047,0,781,0.0,0.0,,,,,,,,,,,,,,,,,,,,,,,,,,,,,,,,,,,,,,,,,,,,,,,,,,,,,,,,,,,,,,,,,,,,,,,,,,nan,,,,,,,,,,,,,,,
631,2493.43505859375,0.02490379847586155,2.490379847586155,6460.759363412857,10000,ppo,ppo,crawler,flat,dth_dth_neighbours_direct,,,,,,,,,,,,,,,0.00735368425584465,0,781,0.0,0.0,,,,,,,,,,,,,,,,,,,,,,,,,,,,,,,,,,,,,,,,,,,,,,,,,,,,,,,,,,,,,,,,,,,,,,,,,,nan,,,,,,,,,,,,,,,
632,2487.223388671875,0.024841634556651115,2.4841634556651115,6470.495652675629,10000,ppo,ppo,crawler,flat,dth_dth_neighbours_direct,,,,,,,,,,,,,,,0.006026620649534848,0,781,0.0,0.0,,,,,,,,,,,,,,,,,,,,,,,,,,,,,,,,,,,,,,,,,,,,,,,,,,,,,,,,,,,,,,,,,,,,,,,,,,nan,,,,,,,,,,,,,,,
633,2385.6279296875,0.023832829669117928,2.3832829669117928,6480.546910762787,10000,ppo,ppo,crawler,flat,dth_dth_neighbours_direct,,,,,,,,,,,,,,,0.008851086818495356,0,781,0.0,0.0,,,,,,,,,,,,,,,,,,,,,,,,,,,,,,,,,,,,,,,,,,,,,,,,,,,,,,,,,,,,,,,,,,,,,,,,,,nan,,,,,,,,,,,,,,,
634,2424.533447265625,0.024224963039159775,2.4224963039159775,6490.660540103912,10000,ppo,ppo,crawler,flat,dth_dth_neighbours_direct,,,,,,,,,,,,,,,0.006019459861646992,0,781,0.0,0.0,,,,,,,,,,,,,,,,,,,,,,,,,,,,,,,,,,,,,,,,,,,,,,,,,,,,,,,,,,,,,,,,,,,,,,,,,,nan,,,,,,,,,,,,,,,
635,2415.14501953125,0.02412068285048008,2.412068285048008,6501.733914375305,10000,ppo,ppo,crawler,flat,dth_dth_neighbours_direct,,,,,,,,,,,,,,,0.007255345805768441,0,781,0.0,0.0,,,,,,,,,,,,,,,,,,,,,,,,,,,,,,,,,,,,,,,,,,,,,,,,,,,,,,,,,,,,,,,,,,,,,,,,,,nan,,,,,,,,,,,,,,,
636,2382.83642578125,0.023810438811779022,2.381043881177902,6512.0859496593475,10000,ppo,ppo,crawler,flat,dth_dth_neighbours_direct,,,,,,,,,,,,,,,0.010680235565078675,0,781,0.0,0.0,,,,,,,,,,,,,,,,,,,,,,,,,,,,,,,,,,,,,,,,,,,,,,,,,,,,,,,,,,,,,,,,,,,,,,,,,,nan,,,,,,,,,,,,,,,
637,2397.690185546875,0.023952269926667213,2.3952269926667213,6522.412568807602,10000,ppo,ppo,crawler,flat,dth_dth_neighbours_direct,,,,,,,,,,,,,,,0.00735334929797805,0,781,0.0,0.0,,,,,,,,,,,,,,,,,,,,,,,,,,,,,,,,,,,,,,,,,,,,,,,,,,,,,,,,,,,,,,,,,,,,,,,,,,nan,,,,,,,,,,,,,,,
638,2379.806396484375,0.023779507726430893,2.3779507726430893,6532.255204200745,10000,ppo,ppo,crawler,flat,dth_dth_neighbours_direct,,,,,,,,,,,,,,,0.008290098952195069,0,781,0.0,0.0,,,,,,,,,,,,,,,,,,,,,,,,,,,,,,,,,,,,,,,,,,,,,,,,,,,,,,,,,,,,,,,,,,,,,,,,,,nan,,,,,,,,,,,,,,,
639,2515.94970703125,0.02513047680258751,2.513047680258751,6542.19680929184,10000,ppo,ppo,crawler,flat,dth_dth_neighbours_direct,,,,,,,,,,,,,,,0.007137094603900776,0,781,0.0,0.0,,,,,,,,,,,,,,,,,,,,,,,,,,,,,,,,,,,,,,,,,,,,,,,,,,,,,,,,,,,,,,,,,,,,,,,,,,nan,,,,,,,,,,,,,,,
640,2430.217529296875,0.024277446791529655,2.4277446791529655,6552.173551082611,10000,ppo,ppo,crawler,flat,dth_dth_neighbours_direct,,,,,,,,,,,,,,,0.005967265611041037,0,781,0.0,0.0,,,,,,,,,,,,,,,,,,,,,,,,,,,,,,,,,,,,,,,,,,,,,,,,,,,,,,,,,,,,,,,,,,,,,,,,,,nan,,,,,,,,,,,,,,,
641,2599.999267578125,0.025971630588173866,2.5971630588173866,6562.09506893158,10000,ppo,ppo,crawler,flat,dth_dth_neighbours_direct,,,,,,,,,,,,,,,0.004337966029064804,0,781,0.0,0.0,,,,,,,,,,,,,,,,,,,,,,,,,,,,,,,,,,,,,,,,,,,,,,,,,,,,,,,,,,,,,,,,,,,,,,,,,,nan,,,,,,,,,,,,,,,
642,2484.127685546875,0.024822216480970383,2.4822216480970383,6572.850341796875,10000,ppo,ppo,crawler,flat,dth_dth_neighbours_direct,,,,,,,,,,,,,,,0.006080897502603308,0,781,0.0,0.0,,,,,,,,,,,,,,,,,,,,,,,,,,,,,,,,,,,,,,,,,,,,,,,,,,,,,,,,,,,,,,,,,,,,,,,,,,nan,,,,,,,,,,,,,,,
643,2508.5390625,0.02505546249449253,2.505546249449253,6584.143565654755,10000,ppo,ppo,crawler,flat,dth_dth_neighbours_direct,,,,,,,,,,,,,,,0.005597340126245231,0,781,0.0,0.0,,,,,,,,,,,,,,,,,,,,,,,,,,,,,,,,,,,,,,,,,,,,,,,,,,,,,,,,,,,,,,,,,,,,,,,,,,nan,,,,,,,,,,,,,,,
644,2327.75390625,0.023253027349710464,2.3253027349710464,6594.9273200035095,10000,ppo,ppo,crawler,flat,dth_dth_neighbours_direct,,,,,,,,,,,,,,,0.008772077911603138,0,781,0.0,0.0,,,,,,,,,,,,,,,,,,,,,,,,,,,,,,,,,,,,,,,,,,,,,,,,,,,,,,,,,,,,,,,,,,,,,,,,,,nan,,,,,,,,,,,,,,,
645,2406.579345703125,0.02403852343559265,2.403852343559265,6605.7168555259705,10000,ppo,ppo,crawler,flat,dth_dth_neighbours_direct,,,,,,,,,,,,,,,0.008799043558673603,0,781,0.0,0.0,,,,,,,,,,,,,,,,,,,,,,,,,,,,,,,,,,,,,,,,,,,,,,,,,,,,,,,,,,,,,,,,,,,,,,,,,,nan,,,,,,,,,,,,,,,
646,2527.29443359375,0.025242894887924194,2.5242894887924194,6616.784739971161,10000,ppo,ppo,crawler,flat,dth_dth_neighbours_direct,,,,,,,,,,,,,,,0.00571350004152015,0,781,0.0,0.0,,,,,,,,,,,,,,,,,,,,,,,,,,,,,,,,,,,,,,,,,,,,,,,,,,,,,,,,,,,,,,,,,,,,,,,,,,nan,,,,,,,,,,,,,,,
647,2308.992431640625,0.02306380681693554,2.306380681693554,6627.6426684856415,10000,ppo,ppo,crawler,flat,dth_dth_neighbours_direct,,,,,,,,,,,,,,,0.010450723582748879,0,781,0.0,0.0,,,,,,,,,,,,,,,,,,,,,,,,,,,,,,,,,,,,,,,,,,,,,,,,,,,,,,,,,,,,,,,,,,,,,,,,,,nan,,,,,,,,,,,,,,,
648,2548.1806640625,0.025456413626670837,2.5456413626670837,6638.505980014801,10000,ppo,ppo,crawler,flat,dth_dth_neighbours_direct,,,,,,,,,,,,,,,0.006034550755257896,0,781,0.0,0.0,,,,,,,,,,,,,,,,,,,,,,,,,,,,,,,,,,,,,,,,,,,,,,,,,,,,,,,,,,,,,,,,,,,,,,,,,,nan,,,,,,,,,,,,,,,
649,2507.966064453125,0.025056518614292145,2.5056518614292145,6649.30930519104,10000,ppo,ppo,crawler,flat,dth_dth_neighbours_direct,,,,,,,,,,,,,,,0.004537787727695826,0,781,0.0,0.0,,,,,,,,,,,,,,,,,,,,,,,,,,,,,,,,,,,,,,,,,,,,,,,,,,,,,,,,,,,,,,,,,,,,,,,,,,nan,,,,,,,,,,,,,,,
650,2425.147216796875,0.02422325313091278,2.422325313091278,6660.292714834213,10000,ppo,ppo,crawler,flat,dth_dth_neighbours_direct,,,,,,,,,,,,,,,0.006793259765405256,0,781,0.0,0.0,,,,,,,,,,,,,,,,,,,,,,,,,,,,,,,,,,,,,,,,,,,,,,,,,,,,,,,,,,,,,,,,,,,,,,,,,,nan,,,,,,,,,,,,,,,
651,2322.887939453125,0.023201296105980873,2.3201296105980873,6671.322295665741,10000,ppo,ppo,crawler,flat,dth_dth_neighbours_direct,,,,,,,,,,,,,,,0.012606548316971349,0,781,0.0,0.0,,,,,,,,,,,,,,,,,,,,,,,,,,,,,,,,,,,,,,,,,,,,,,,,,,,,,,,,,,,,,,,,,,,,,,,,,,nan,,,,,,,,,,,,,,,
652,2343.55322265625,0.023410700261592865,2.3410700261592865,6684.910897493362,10000,ppo,ppo,crawler,flat,dth_dth_neighbours_direct,,,,,,,,,,,,,,,0.007328890083011054,0,781,0.0,0.0,,,,,,,,,,,,,,,,,,,,,,,,,,,,,,,,,,,,,,,,,,,,,,,,,,,,,,,,,,,,,,,,,,,,,,,,,,nan,,,,,,,,,,,,,,,
653,2479.6630859375,0.024774881079792976,2.4774881079792976,6696.7479701042175,10000,ppo,ppo,crawler,flat,dth_dth_neighbours_direct,,,,,,,,,,,,,,,0.004125181173699432,0,781,0.0,0.0,,,,,,,,,,,,,,,,,,,,,,,,,,,,,,,,,,,,,,,,,,,,,,,,,,,,,,,,,,,,,,,,,,,,,,,,,,nan,,,,,,,,,,,,,,,
654,2449.411865234375,0.02446410059928894,2.446410059928894,6707.916548013687,10000,ppo,ppo,crawler,flat,dth_dth_neighbours_direct,,,,,,,,,,,,,,,0.005845577178587823,0,781,0.0,0.0,,,,,,,,,,,,,,,,,,,,,,,,,,,,,,,,,,,,,,,,,,,,,,,,,,,,,,,,,,,,,,,,,,,,,,,,,,nan,,,,,,,,,,,,,,,
655,2622.19970703125,0.026191985234618187,2.6191985234618187,6718.763583898544,10000,ppo,ppo,crawler,flat,dth_dth_neighbours_direct,,,,,,,,,,,,,,,0.0033415924109981804,0,781,0.0,0.0,,,,,,,,,,,,,,,,,,,,,,,,,,,,,,,,,,,,,,,,,,,,,,,,,,,,,,,,,,,,,,,,,,,,,,,,,,nan,,,,,,,,,,,,,,,
656,2453.86376953125,0.024515191093087196,2.4515191093087196,6729.60444021225,10000,ppo,ppo,crawler,flat,dth_dth_neighbours_direct,,,,,,,,,,,,,,,0.004228688037866922,0,781,0.0,0.0,,,,,,,,,,,,,,,,,,,,,,,,,,,,,,,,,,,,,,,,,,,,,,,,,,,,,,,,,,,,,,,,,,,,,,,,,,nan,,,,,,,,,,,,,,,
657,2400.989013671875,0.023988494649529457,2.3988494649529457,6740.34894156456,10000,ppo,ppo,crawler,flat,dth_dth_neighbours_direct,,,,,,,,,,,,,,,0.004701081177697633,0,781,0.0,0.0,,,,,,,,,,,,,,,,,,,,,,,,,,,,,,,,,,,,,,,,,,,,,,,,,,,,,,,,,,,,,,,,,,,,,,,,,,nan,,,,,,,,,,,,,,,
658,2501.053955078125,0.02498716674745083,2.498716674745083,6751.379071235657,10000,ppo,ppo,crawler,flat,dth_dth_neighbours_direct,,,,,,,,,,,,,,,0.0049921005032136775,0,781,0.0,0.0,,,,,,,,,,,,,,,,,,,,,,,,,,,,,,,,,,,,,,,,,,,,,,,,,,,,,,,,,,,,,,,,,,,,,,,,,,nan,,,,,,,,,,,,,,,
659,2365.50927734375,0.02362918294966221,2.362918294966221,6762.358315944672,10000,ppo,ppo,crawler,flat,dth_dth_neighbours_direct,,,,,,,,,,,,,,,0.00546857012516584,0,781,0.0,0.0,,,,,,,,,,,,,,,,,,,,,,,,,,,,,,,,,,,,,,,,,,,,,,,,,,,,,,,,,,,,,,,,,,,,,,,,,,nan,,,,,,,,,,,,,,,
660,2433.305908203125,0.024302689358592033,2.4302689358592033,6773.20701789856,10000,ppo,ppo,crawler,flat,dth_dth_neighbours_direct,,,,,,,,,,,,,,,0.006552736280562306,0,781,0.0,0.0,,,,,,,,,,,,,,,,,,,,,,,,,,,,,,,,,,,,,,,,,,,,,,,,,,,,,,,,,,,,,,,,,,,,,,,,,,nan,,,,,,,,,,,,,,,
661,2505.4599609375,0.025033291429281235,2.5033291429281235,6784.580264806747,10000,ppo,ppo,crawler,flat,dth_dth_neighbours_direct,,,,,,,,,,,,,,,0.004337880590950853,0,781,0.0,0.0,,,,,,,,,,,,,,,,,,,,,,,,,,,,,,,,,,,,,,,,,,,,,,,,,,,,,,,,,,,,,,,,,,,,,,,,,,nan,,,,,,,,,,,,,,,
662,2283.156005859375,0.022807100787758827,2.2807100787758827,6795.546167373657,10000,ppo,ppo,crawler,flat,dth_dth_neighbours_direct,,,,,,,,,,,,,,,0.0077524947950510055,0,781,0.0,0.0,,,,,,,,,,,,,,,,,,,,,,,,,,,,,,,,,,,,,,,,,,,,,,,,,,,,,,,,,,,,,,,,,,,,,,,,,,nan,,,,,,,,,,,,,,,
663,2431.001953125,0.024286456406116486,2.4286456406116486,6806.7007830142975,10000,ppo,ppo,crawler,flat,dth_dth_neighbours_direct,,,,,,,,,,,,,,,0.007867721531813828,0,781,0.0,0.0,,,,,,,,,,,,,,,,,,,,,,,,,,,,,,,,,,,,,,,,,,,,,,,,,,,,,,,,,,,,,,,,,,,,,,,,,,nan,,,,,,,,,,,,,,,
664,2363.15234375,0.023605631664395332,2.3605631664395332,6817.6355357170105,10000,ppo,ppo,crawler,flat,dth_dth_neighbours_direct,,,,,,,,,,,,,,,0.009121319271528542,0,781,0.0,0.0,,,,,,,,,,,,,,,,,,,,,,,,,,,,,,,,,,,,,,,,,,,,,,,,,,,,,,,,,,,,,,,,,,,,,,,,,,nan,,,,,,,,,,,,,,,
665,2428.485595703125,0.0242582019418478,2.42582019418478,6828.79280257225,10000,ppo,ppo,crawler,flat,dth_dth_neighbours_direct,,,,,,,,,,,,,,,0.007219591722066458,0,781,0.0,0.0,,,,,,,,,,,,,,,,,,,,,,,,,,,,,,,,,,,,,,,,,,,,,,,,,,,,,,,,,,,,,,,,,,,,,,,,,,nan,,,,,,,,,,,,,,,
666,2383.86181640625,0.023814739659428596,2.3814739659428596,6839.587550163269,10000,ppo,ppo,crawler,flat,dth_dth_neighbours_direct,,,,,,,,,,,,,,,0.006262348429249584,0,781,0.0,0.0,,,,,,,,,,,,,,,,,,,,,,,,,,,,,,,,,,,,,,,,,,,,,,,,,,,,,,,,,,,,,,,,,,,,,,,,,,nan,,,,,,,,,,,,,,,
667,2506.02587890625,0.025029052048921585,2.5029052048921585,6850.54363322258,10000,ppo,ppo,crawler,flat,dth_dth_neighbours_direct,,,,,,,,,,,,,,,0.0037305693379269434,0,781,0.0,0.0,,,,,,,,,,,,,,,,,,,,,,,,,,,,,,,,,,,,,,,,,,,,,,,,,,,,,,,,,,,,,,,,,,,,,,,,,,nan,,,,,,,,,,,,,,,
668,2478.326904296875,0.02476179227232933,2.476179227232933,6861.414377212524,10000,ppo,ppo,crawler,flat,dth_dth_neighbours_direct,,,,,,,,,,,,,,,0.0063580668574920824,0,781,0.0,0.0,,,,,,,,,,,,,,,,,,,,,,,,,,,,,,,,,,,,,,,,,,,,,,,,,,,,,,,,,,,,,,,,,,,,,,,,,,nan,,,,,,,,,,,,,,,
669,2462.4609375,0.024598250165581703,2.4598250165581703,6872.555453777313,10000,ppo,ppo,crawler,flat,dth_dth_neighbours_direct,,,,,,,,,,,,,,,0.005227018537729989,0,781,0.0,0.0,,,,,,,,,,,,,,,,,,,,,,,,,,,,,,,,,,,,,,,,,,,,,,,,,,,,,,,,,,,,,,,,,,,,,,,,,,nan,,,,,,,,,,,,,,,
670,2365.879638671875,0.0236311387270689,2.36311387270689,6883.368926763535,10000,ppo,ppo,crawler,flat,dth_dth_neighbours_direct,,,,,,,,,,,,,,,0.0070835878960491625,0,781,0.0,0.0,,,,,,,,,,,,,,,,,,,,,,,,,,,,,,,,,,,,,,,,,,,,,,,,,,,,,,,,,,,,,,,,,,,,,,,,,,nan,,,,,,,,,,,,,,,
671,2375.569580078125,0.02373429201543331,2.373429201543331,6894.703842878342,10000,ppo,ppo,crawler,flat,dth_dth_neighbours_direct,,,,,,,,,,,,,,,0.008733001865365181,0,781,0.0,0.0,,,,,,,,,,,,,,,,,,,,,,,,,,,,,,,,,,,,,,,,,,,,,,,,,,,,,,,,,,,,,,,,,,,,,,,,,,nan,,,,,,,,,,,,,,,
672,2323.09619140625,0.023202788084745407,2.3202788084745407,6905.903931379318,10000,ppo,ppo,crawler,flat,dth_dth_neighbours_direct,,,,,,,,,,,,,,,0.007734670953362436,0,781,0.0,0.0,,,,,,,,,,,,,,,,,,,,,,,,,,,,,,,,,,,,,,,,,,,,,,,,,,,,,,,,,,,,,,,,,,,,,,,,,,nan,,,,,,,,,,,,,,,
673,2457.823974609375,0.024551454931497574,2.4551454931497574,6917.051164150238,10000,ppo,ppo,crawler,flat,dth_dth_neighbours_direct,,,,,,,,,,,,,,,0.0026438265643924743,0,781,0.0,0.0,,,,,,,,,,,,,,,,,,,,,,,,,,,,,,,,,,,,,,,,,,,,,,,,,,,,,,,,,,,,,,,,,,,,,,,,,,nan,,,,,,,,,,,,,,,
674,2519.48828125,0.025164416059851646,2.5164416059851646,6928.303041219711,10000,ppo,ppo,crawler,flat,dth_dth_neighbours_direct,,,,,,,,,,,,,,,0.00601486166451231,0,781,0.0,0.0,,,,,,,,,,,,,,,,,,,,,,,,,,,,,,,,,,,,,,,,,,,,,,,,,,,,,,,,,,,,,,,,,,,,,,,,,,nan,,,,,,,,,,,,,,,
675,2390.692626953125,0.023878218606114388,2.3878218606114388,6939.665940523148,10000,ppo,ppo,crawler,flat,dth_dth_neighbours_direct,,,,,,,,,,,,,,,0.004482486443570248,0,781,0.0,0.0,,,,,,,,,,,,,,,,,,,,,,,,,,,,,,,,,,,,,,,,,,,,,,,,,,,,,,,,,,,,,,,,,,,,,,,,,,nan,,,,,,,,,,,,,,,
676,2485.045166015625,0.02482571266591549,2.482571266591549,6950.78293967247,10000,ppo,ppo,crawler,flat,dth_dth_neighbours_direct,,,,,,,,,,,,,,,0.003940947992577654,0,781,0.0,0.0,,,,,,,,,,,,,,,,,,,,,,,,,,,,,,,,,,,,,,,,,,,,,,,,,,,,,,,,,,,,,,,,,,,,,,,,,,nan,,,,,,,,,,,,,,,
677,2424.460205078125,0.024218950420618057,2.4218950420618057,6961.780526638031,10000,ppo,ppo,crawler,flat,dth_dth_neighbours_direct,,,,,,,,,,,,,,,0.006808460761107881,0,781,0.0,0.0,,,,,,,,,,,,,,,,,,,,,,,,,,,,,,,,,,,,,,,,,,,,,,,,,,,,,,,,,,,,,,,,,,,,,,,,,,nan,,,,,,,,,,,,,,,
678,2460.4541015625,0.02458050474524498,2.458050474524498,6973.091459989548,10000,ppo,ppo,crawler,flat,dth_dth_neighbours_direct,,,,,,,,,,,,,,,0.006264803865121048,0,781,0.0,0.0,,,,,,,,,,,,,,,,,,,,,,,,,,,,,,,,,,,,,,,,,,,,,,,,,,,,,,,,,,,,,,,,,,,,,,,,,,nan,,,,,,,,,,,,,,,
679,2426.37109375,0.024240585044026375,2.4240585044026375,6984.193900823593,10000,ppo,ppo,crawler,flat,dth_dth_neighbours_direct,,,,,,,,,,,,,,,0.00534171583429447,0,781,0.0,0.0,,,,,,,,,,,,,,,,,,,,,,,,,,,,,,,,,,,,,,,,,,,,,,,,,,,,,,,,,,,,,,,,,,,,,,,,,,nan,,,,,,,,,,,,,,,
680,2275.3984375,0.0227280855178833,2.27280855178833,6994.97182559967,10000,ppo,ppo,crawler,flat,dth_dth_neighbours_direct,,,,,,,,,,,,,,,0.008602018403352946,0,781,0.0,0.0,,,,,,,,,,,,,,,,,,,,,,,,,,,,,,,,,,,,,,,,,,,,,,,,,,,,,,,,,,,,,,,,,,,,,,,,,,nan,,,,,,,,,,,,,,,
681,2305.95166015625,0.023033754900097847,2.3033754900097847,7006.158794879913,10000,ppo,ppo,crawler,flat,dth_dth_neighbours_direct,,,,,,,,,,,,,,,0.05302387988679266,0,781,0.0,0.0,,,,,,,,,,,,,,,,,,,,,,,,,,,,,,,,,,,,,,,,,,,,,,,,,,,,,,,,,,,,,,,,,,,,,,,,,,nan,,,,,,,,,,,,,,,
682,1867.030517578125,0.01865249313414097,1.8652493134140968,7017.1690084934235,10000,ppo,ppo,crawler,flat,dth_dth_neighbours_direct,,,,,,,,,,,,,,,0.20665964203983278,0,781,0.0,0.0,,,,,,,,,,,,,,,,,,,,,,,,,,,,,,,,,,,,,,,,,,,,,,,,,,,,,,,,,,,,,,,,,,,,,,,,,,nan,,,,,,,,,,,,,,,
683,1045.369384765625,0.010445539839565754,1.0445539839565754,7028.251310825348,10000,ppo,ppo,crawler,flat,dth_dth_neighbours_direct,,,,,,,,,,,,,,,0.4119376153959608,0,781,0.0,0.0,,,,,,,,,,,,,,,,,,,,,,,,,,,,,,,,,,,,,,,,,,,,,,,,,,,,,,,,,,,,,,,,,,,,,,,,,,nan,,,,,,,,,,,,,,,
684,264.13751220703125,0.0026389602571725845,0.26389602571725845,7039.180776596069,10000,ppo,ppo,crawler,flat,dth_dth_neighbours_direct,,,,,,,,,,,,,,,0.8444315331620235,0,781,0.0,0.0,,,,,,,,,,,,,,,,,,,,,,,,,,,,,,,,,,,,,,,,,,,,,,,,,,,,,,,,,,,,,,,,,,,,,,,,,,nan,,,,,,,,,,,,,,,
685,342.75250244140625,0.0034238258376717567,0.3423825837671757,7050.353648662567,10000,ppo,ppo,crawler,flat,dth_dth_neighbours_direct,,,,,,,,,,,,,,,0.7419349525396092,0,781,0.0,0.0,,,,,,,,,,,,,,,,,,,,,,,,,,,,,,,,,,,,,,,,,,,,,,,,,,,,,,,,,,,,,,,,,,,,,,,,,,nan,,,,,,,,,,,,,,,
686,77.11297607421875,0.0007711299695074558,0.07711299695074558,7061.548021316528,10000,ppo,ppo,crawler,flat,dth_dth_neighbours_direct,,,,,,,,,,,,,,,0.1126300060607552,0,781,0.0,0.0,,,,,,,,,,,,,,,,,,,,,,,,,,,,,,,,,,,,,,,,,,,,,,,,,,,,,,,,,,,,,,,,,,,,,,,,,,nan,,,,,,,,,,,,,,,
687,78.33385467529297,0.000783338793553412,0.0783338793553412,7072.651636362076,10000,ppo,ppo,crawler,flat,dth_dth_neighbours_direct,,,,,,,,,,,,,,,0.10939457065159891,0,781,0.0,0.0,,,,,,,,,,,,,,,,,,,,,,,,,,,,,,,,,,,,,,,,,,,,,,,,,,,,,,,,,,,,,,,,,,,,,,,,,,nan,,,,,,,,,,,,,,,
688,99.59256744384766,0.0009959257440641522,0.09959257440641522,7083.450299739838,10000,ppo,ppo,crawler,flat,dth_dth_neighbours_direct,,,,,,,,,,,,,,,0.12910110307928943,0,781,0.0,0.0,,,,,,,,,,,,,,,,,,,,,,,,,,,,,,,,,,,,,,,,,,,,,,,,,,,,,,,,,,,,,,,,,,,,,,,,,,nan,,,,,,,,,,,,,,,
689,7.568112850189209,7.568121509393677e-05,0.007568121509393677,7094.48779630661,10000,ppo,ppo,crawler,flat,dth_dth_neighbours_direct,,,,,,,,,,,,,,,0.0,0,781,0.0,0.0,,,,,,,,,,,,,,,,,,,,,,,,,,,,,,,,,,,,,,,,,,,,,,,,,,,,,,,,,,,,,,,,,,,,,,,,,,nan,,,,,,,,,,,,,,,
690,2.196401834487915,2.1964053303236142e-05,0.002196405330323614,7105.259491682053,10000,ppo,ppo,crawler,flat,dth_dth_neighbours_direct,,,,,,,,,,,,,,,-1.2319208279004017e-05,0,781,0.0,0.0,,,,,,,,,,,,,,,,,,,,,,,,,,,,,,,,,,,,,,,,,,,,,,,,,,,,,,,,,,,,,,,,,,,,,,,,,,nan,,,,,,,,,,,,,,,
691,0.47387582063674927,4.738748430099804e-06,0.0004738748430099804,7116.077956438065,10000,ppo,ppo,crawler,flat,dth_dth_neighbours_direct,,,,,,,,,,,,,,,-1.2257457180151407e-06,0,781,0.0,0.0,,,,,,,,,,,,,,,,,,,,,,,,,,,,,,,,,,,,,,,,,,,,,,,,,,,,,,,,,,,,,,,,,,,,,,,,,,nan,,,,,,,,,,,,,,,
692,-7.825911998748779,-7.825912325643003e-05,-0.007825912325643003,7127.285084962845,10000,ppo,ppo,crawler,flat,dth_dth_neighbours_direct,,,,,,,,,,,,,,,2.1977304801745542e-09,0,781,0.0,0.0,,,,,,,,,,,,,,,,,,,,,,,,,,,,,,,,,,,,,,,,,,,,,,,,,,,,,,,,,,,,,,,,,,,,,,,,,,nan,,,,,,,,,,,,,,,
693,16.808361053466797,0.00016843178309500217,0.016843178309500217,7138.204422235489,10000,ppo,ppo,crawler,flat,dth_dth_neighbours_direct,,,,,,,,,,,,,,,-7.491875988420543e-07,0,781,0.0,0.0,,,,,,,,,,,,,,,,,,,,,,,,,,,,,,,,,,,,,,,,,,,,,,,,,,,,,,,,,,,,,,,,,,,,,,,,,,nan,,,,,,,,,,,,,,,
694,-11.451390266418457,-0.000114295537059661,-0.0114295537059661,7149.2935519218445,10000,ppo,ppo,crawler,flat,dth_dth_neighbours_direct,,,,,,,,,,,,,,,-0.0004590773029627324,0,781,0.0,0.0,,,,,,,,,,,,,,,,,,,,,,,,,,,,,,,,,,,,,,,,,,,,,,,,,,,,,,,,,,,,,,,,,,,,,,,,,,nan,,,,,,,,,,,,,,,
695,-8.453035354614258,-8.453036571154371e-05,-0.008453036571154371,7159.556100606918,10000,ppo,ppo,crawler,flat,dth_dth_neighbours_direct,,,,,,,,,,,,,,,0.0,0,781,0.0,0.0,,,,,,,,,,,,,,,,,,,,,,,,,,,,,,,,,,,,,,,,,,,,,,,,,,,,,,,,,,,,,,,,,,,,,,,,,,nan,,,,,,,,,,,,,,,
696,3.52170729637146,3.5217017284594476e-05,0.0035217017284594476,7169.583384513855,10000,ppo,ppo,crawler,flat,dth_dth_neighbours_direct,,,,,,,,,,,,,,,-4.358983165781263e-07,0,781,0.0,0.0,,,,,,,,,,,,,,,,,,,,,,,,,,,,,,,,,,,,,,,,,,,,,,,,,,,,,,,,,,,,,,,,,,,,,,,,,,nan,,,,,,,,,,,,,,,
697,11.63056755065918,0.00011663789337035269,0.011663789337035269,7179.153118610382,10000,ppo,ppo,crawler,flat,dth_dth_neighbours_direct,,,,,,,,,,,,,,,-1.4922267992273642e-06,0,781,0.0,0.0,,,,,,,,,,,,,,,,,,,,,,,,,,,,,,,,,,,,,,,,,,,,,,,,,,,,,,,,,,,,,,,,,,,,,,,,,,nan,,,,,,,,,,,,,,,
698,8.266189575195312,8.266122313216329e-05,0.008266122313216329,7188.9168910980225,10000,ppo,ppo,crawler,flat,dth_dth_neighbours_direct,,,,,,,,,,,,,,,4.178025162326847e-07,0,781,0.0,0.0,,,,,,,,,,,,,,,,,,,,,,,,,,,,,,,,,,,,,,,,,,,,,,,,,,,,,,,,,,,,,,,,,,,,,,,,,,nan,,,,,,,,,,,,,,,
699,-27.0020694732666,-0.00027104796026833355,-0.027104796026833355,7198.578625917435,10000,ppo,ppo,crawler,flat,dth_dth_neighbours_direct,,,,,,,,,,,,,,,2.735882291567921e-07,0,781,0.0,0.0,,,,,,,,,,,,,,,,,,,,,,,,,,,,,,,,,,,,,,,,,,,,,,,,,,,,,,,,,,,,,,,,,,,,,,,,,,nan,,,,,,,,,,,,,,,
700,11.1362886428833,0.00011089621693827212,0.011089621693827212,7208.207539319992,10000,ppo,ppo,crawler,flat,dth_dth_neighbours_direct,,,,,,,,,,,,,,,-8.271968948551085e-07,0,781,0.0,0.0,,,,,,,,,,,,,,,,,,,,,,,,,,,,,,,,,,,,,,,,,,,,,,,,,,,,,,,,,,,,,,,,,,,,,,,,,,nan,,,,,,,,,,,,,,,
701,-1.5130751132965088,-1.5130794054130092e-05,-0.0015130794054130092,7218.339976787567,10000,ppo,ppo,crawler,flat,dth_dth_neighbours_direct,,,,,,,,,,,,,,,-1.5223320101348448e-06,0,781,0.0,0.0,,,,,,,,,,,,,,,,,,,,,,,,,,,,,,,,,,,,,,,,,,,,,,,,,,,,,,,,,,,,,,,,,,,,,,,,,,nan,,,,,,,,,,,,,,,
702,9.260215759277344,9.249564027413726e-05,0.009249564027413726,7227.706927776337,10000,ppo,ppo,crawler,flat,dth_dth_neighbours_direct,,,,,,,,,,,,,,,1.1760954925177497e-05,0,781,0.0,0.0,,,,,,,,,,,,,,,,,,,,,,,,,,,,,,,,,,,,,,,,,,,,,,,,,,,,,,,,,,,,,,,,,,,,,,,,,,nan,,,,,,,,,,,,,,,
703,-0.40772420167922974,-4.0771756175672635e-06,-0.00040771756175672635,7237.634511470795,10000,ppo,ppo,crawler,flat,dth_dth_neighbours_direct,,,,,,,,,,,,,,,-1.554302251140531e-06,0,781,0.0,0.0,,,,,,,,,,,,,,,,,,,,,,,,,,,,,,,,,,,,,,,,,,,,,,,,,,,,,,,,,,,,,,,,,,,,,,,,,,nan,,,,,,,,,,,,,,,
704,5.65248441696167,5.652475374517962e-05,0.005652475374517962,7247.863238573074,10000,ppo,ppo,crawler,flat,dth_dth_neighbours_direct,,,,,,,,,,,,,,,-1.8131181063481086e-06,0,781,0.0,0.0,,,,,,,,,,,,,,,,,,,,,,,,,,,,,,,,,,,,,,,,,,,,,,,,,,,,,,,,,,,,,,,,,,,,,,,,,,nan,,,,,,,,,,,,,,,
705,7.981861114501953,7.98186010797508e-05,0.00798186010797508,7257.742527246475,10000,ppo,ppo,crawler,flat,dth_dth_neighbours_direct,,,,,,,,,,,,,,,-2.771730459606449e-06,0,781,0.0,0.0,,,,,,,,,,,,,,,,,,,,,,,,,,,,,,,,,,,,,,,,,,,,,,,,,,,,,,,,,,,,,,,,,,,,,,,,,,nan,,,,,,,,,,,,,,,
706,-10.943900108337402,-0.00010962233500322327,-0.010962233500322327,7267.925078392029,10000,ppo,ppo,crawler,flat,dth_dth_neighbours_direct,,,,,,,,,,,,,,,-1.40631616726117e-06,0,781,0.0,0.0,,,,,,,,,,,,,,,,,,,,,,,,,,,,,,,,,,,,,,,,,,,,,,,,,,,,,,,,,,,,,,,,,,,,,,,,,,nan,,,,,,,,,,,,,,,
707,-5.706666469573975,-5.7066667068284005e-05,-0.0057066667068284005,7277.6845507621765,10000,ppo,ppo,crawler,flat,dth_dth_neighbours_direct,,,,,,,,,,,,,,,-2.4788324910760992e-06,0,781,0.0,0.0,,,,,,,,,,,,,,,,,,,,,,,,,,,,,,,,,,,,,,,,,,,,,,,,,,,,,,,,,,,,,,,,,,,,,,,,,,nan,,,,,,,,,,,,,,,
708,8.90893268585205,8.934159995988011e-05,0.008934159995988011,7287.3987538814545,10000,ppo,ppo,crawler,flat,dth_dth_neighbours_direct,,,,,,,,,,,,,,,-2.1684468841888537e-06,0,781,0.0,0.0,,,,,,,,,,,,,,,,,,,,,,,,,,,,,,,,,,,,,,,,,,,,,,,,,,,,,,,,,,,,,,,,,,,,,,,,,,nan,,,,,,,,,,,,,,,
709,-1.757584571838379,-1.7575895981281064e-05,-0.0017575895981281064,7297.137637615204,10000,ppo,ppo,crawler,flat,dth_dth_neighbours_direct,,,,,,,,,,,,,,,-3.35650206108252e-06,0,781,0.0,0.0,,,,,,,,,,,,,,,,,,,,,,,,,,,,,,,,,,,,,,,,,,,,,,,,,,,,,,,,,,,,,,,,,,,,,,,,,,nan,,,,,,,,,,,,,,,
710,15.307293891906738,0.00015457146218977869,0.015457146218977869,7306.8482093811035,10000,ppo,ppo,crawler,flat,dth_dth_neighbours_direct,,,,,,,,,,,,,,,-2.3398710541169563e-06,0,781,0.0,0.0,,,,,,,,,,,,,,,,,,,,,,,,,,,,,,,,,,,,,,,,,,,,,,,,,,,,,,,,,,,,,,,,,,,,,,,,,,nan,,,,,,,,,,,,,,,
711,-14.84116268157959,-0.0001488583948230371,-0.014885839482303709,7317.011396884918,10000,ppo,ppo,crawler,flat,dth_dth_neighbours_direct,,,,,,,,,,,,,,,-2.659489990959705e-06,0,781,0.0,0.0,,,,,,,,,,,,,,,,,,,,,,,,,,,,,,,,,,,,,,,,,,,,,,,,,,,,,,,,,,,,,,,,,,,,,,,,,,nan,,,,,,,,,,,,,,,
712,-4.302313804626465,-4.302312299842015e-05,-0.004302312299842015,7327.666264295578,10000,ppo,ppo,crawler,flat,dth_dth_neighbours_direct,,,,,,,,,,,,,,,-3.6585725433695177e-06,0,781,0.0,0.0,,,,,,,,,,,,,,,,,,,,,,,,,,,,,,,,,,,,,,,,,,,,,,,,,,,,,,,,,,,,,,,,,,,,,,,,,,nan,,,,,,,,,,,,,,,
713,-10.679068565368652,-0.00010657723032636568,-0.010657723032636568,7338.570562362671,10000,ppo,ppo,crawler,flat,dth_dth_neighbours_direct,,,,,,,,,,,,,,,1.2246054739103427e-05,0,781,0.0,0.0,,,,,,,,,,,,,,,,,,,,,,,,,,,,,,,,,,,,,,,,,,,,,,,,,,,,,,,,,,,,,,,,,,,,,,,,,,nan,,,,,,,,,,,,,,,
714,-7.539705753326416,-7.611486944369972e-05,-0.007611486944369972,7349.064991950989,10000,ppo,ppo,crawler,flat,dth_dth_neighbours_direct,,,,,,,,,,,,,,,-1.994355148832563e-06,0,781,0.0,0.0,,,,,,,,,,,,,,,,,,,,,,,,,,,,,,,,,,,,,,,,,,,,,,,,,,,,,,,,,,,,,,,,,,,,,,,,,,nan,,,,,,,,,,,,,,,
715,-0.7956468462944031,-7.956491572258528e-06,-0.0007956491572258528,7358.760349750519,10000,ppo,ppo,crawler,flat,dth_dth_neighbours_direct,,,,,,,,,,,,,,,-1.7700793171508975e-06,0,781,0.0,0.0,,,,,,,,,,,,,,,,,,,,,,,,,,,,,,,,,,,,,,,,,,,,,,,,,,,,,,,,,,,,,,,,,,,,,,,,,,nan,,,,,,,,,,,,,,,
716,8.766982078552246,8.766983228269964e-05,0.008766983228269964,7368.505135059357,10000,ppo,ppo,crawler,flat,dth_dth_neighbours_direct,,,,,,,,,,,,,,,-2.2035485631983046e-06,0,781,0.0,0.0,,,,,,,,,,,,,,,,,,,,,,,,,,,,,,,,,,,,,,,,,,,,,,,,,,,,,,,,,,,,,,,,,,,,,,,,,,nan,,,,,,,,,,,,,,,
717,-11.542540550231934,-0.0001154253477579914,-0.01154253477579914,7378.187974214554,10000,ppo,ppo,crawler,flat,dth_dth_neighbours_direct,,,,,,,,,,,,,,,5.760195542236601e-06,0,781,0.0,0.0,,,,,,,,,,,,,,,,,,,,,,,,,,,,,,,,,,,,,,,,,,,,,,,,,,,,,,,,,,,,,,,,,,,,,,,,,,nan,,,,,,,,,,,,,,,
718,25.725141525268555,0.000258277403190732,0.0258277403190732,7387.948267221451,10000,ppo,ppo,crawler,flat,dth_dth_neighbours_direct,,,,,,,,,,,,,,,-0.0006444096975457806,0,781,0.0,0.0,,,,,,,,,,,,,,,,,,,,,,,,,,,,,,,,,,,,,,,,,,,,,,,,,,,,,,,,,,,,,,,,,,,,,,,,,,nan,,,,,,,,,,,,,,,
719,11.090225219726562,0.00011090229236287996,0.011090229236287996,7397.563899755478,10000,ppo,ppo,crawler,flat,dth_dth_neighbours_direct,,,,,,,,,,,,,,,-3.572593940357545e-07,0,781,0.0,0.0,,,,,,,,,,,,,,,,,,,,,,,,,,,,,,,,,,,,,,,,,,,,,,,,,,,,,,,,,,,,,,,,,,,,,,,,,,nan,,,,,,,,,,,,,,,
720,-1.4520244598388672,-1.4520251170324627e-05,-0.0014520251170324627,7407.240034103394,10000,ppo,ppo,crawler,flat,dth_dth_neighbours_direct,,,,,,,,,,,,,,,3.1963205406210943e-07,0,781,0.0,0.0,,,,,,,,,,,,,,,,,,,,,,,,,,,,,,,,,,,,,,,,,,,,,,,,,,,,,,,,,,,,,,,,,,,,,,,,,,nan,,,,,,,,,,,,,,,
721,13.765563011169434,0.00013768872304353863,0.013768872304353863,7416.9471933841705,10000,ppo,ppo,crawler,flat,dth_dth_neighbours_direct,,,,,,,,,,,,,,,-7.123922483182289e-06,0,781,0.0,0.0,,,,,,,,,,,,,,,,,,,,,,,,,,,,,,,,,,,,,,,,,,,,,,,,,,,,,,,,,,,,,,,,,,,,,,,,,,nan,,,,,,,,,,,,,,,
722,-13.674237251281738,-0.00013674235378857702,-0.013674235378857702,7426.946448087692,10000,ppo,ppo,crawler,flat,dth_dth_neighbours_direct,,,,,,,,,,,,,,,-2.8360584958262084e-06,0,781,0.0,0.0,,,,,,,,,,,,,,,,,,,,,,,,,,,,,,,,,,,,,,,,,,,,,,,,,,,,,,,,,,,,,,,,,,,,,,,,,,nan,,,,,,,,,,,,,,,
723,-9.3618745803833,-9.402361320098862e-05,-0.009402361320098862,7436.629113674164,10000,ppo,ppo,crawler,flat,dth_dth_neighbours_direct,,,,,,,,,,,,,,,-3.880881984621554e-06,0,781,0.0,0.0,,,,,,,,,,,,,,,,,,,,,,,,,,,,,,,,,,,,,,,,,,,,,,,,,,,,,,,,,,,,,,,,,,,,,,,,,,nan,,,,,,,,,,,,,,,
724,5.837276458740234,5.837276330566965e-05,0.005837276330566965,7446.724438428879,10000,ppo,ppo,crawler,flat,dth_dth_neighbours_direct,,,,,,,,,,,,,,,-1.1821798550945238e-06,0,781,0.0,0.0,,,,,,,,,,,,,,,,,,,,,,,,,,,,,,,,,,,,,,,,,,,,,,,,,,,,,,,,,,,,,,,,,,,,,,,,,,nan,,,,,,,,,,,,,,,
725,-6.007201671600342,-6.007198680890724e-05,-0.006007198680890724,7456.637286901474,10000,ppo,ppo,crawler,flat,dth_dth_neighbours_direct,,,,,,,,,,,,,,,-9.516076388722345e-06,0,781,0.0,0.0,,,,,,,,,,,,,,,,,,,,,,,,,,,,,,,,,,,,,,,,,,,,,,,,,,,,,,,,,,,,,,,,,,,,,,,,,,nan,,,,,,,,,,,,,,,
726,-6.854777812957764,-6.931190000614151e-05,-0.006931190000614151,7466.633094549179,10000,ppo,ppo,crawler,flat,dth_dth_neighbours_direct,,,,,,,,,,,,,,,-0.030592116558263688,0,781,0.0,0.0,,,,,,,,,,,,,,,,,,,,,,,,,,,,,,,,,,,,,,,,,,,,,,,,,,,,,,,,,,,,,,,,,,,,,,,,,,nan,,,,,,,,,,,,,,,
727,2.9055612087249756,2.905568362621125e-05,0.002905568362621125,7476.423218250275,10000,ppo,ppo,crawler,flat,dth_dth_neighbours_direct,,,,,,,,,,,,,,,-5.386407259331775e-09,0,781,0.0,0.0,,,,,,,,,,,,,,,,,,,,,,,,,,,,,,,,,,,,,,,,,,,,,,,,,,,,,,,,,,,,,,,,,,,,,,,,,,nan,,,,,,,,,,,,,,,
728,24.94156265258789,0.0002494602813385427,0.02494602813385427,7486.298382997513,10000,ppo,ppo,crawler,flat,dth_dth_neighbours_direct,,,,,,,,,,,,,,,-0.0006327001311161606,0,781,0.0,0.0,,,,,,,,,,,,,,,,,,,,,,,,,,,,,,,,,,,,,,,,,,,,,,,,,,,,,,,,,,,,,,,,,,,,,,,,,,nan,,,,,,,,,,,,,,,
729,-6.471482276916504,-6.47224806016311e-05,-0.0064722480601631105,7496.655060768127,10000,ppo,ppo,crawler,flat,dth_dth_neighbours_direct,,,,,,,,,,,,,,,0.0,0,781,0.0,0.0,,,,,,,,,,,,,,,,,,,,,,,,,,,,,,,,,,,,,,,,,,,,,,,,,,,,,,,,,,,,,,,,,,,,,,,,,,nan,,,,,,,,,,,,,,,
730,-15.801919937133789,-0.0001580258394824341,-0.01580258394824341,7507.256505489349,10000,ppo,ppo,crawler,flat,dth_dth_neighbours_direct,,,,,,,,,,,,,,,-3.086265877709651e-06,0,781,0.0,0.0,,,,,,,,,,,,,,,,,,,,,,,,,,,,,,,,,,,,,,,,,,,,,,,,,,,,,,,,,,,,,,,,,,,,,,,,,,nan,,,,,,,,,,,,,,,
731,-13.255009651184082,-0.0001332051760982722,-0.01332051760982722,7518.165482521057,10000,ppo,ppo,crawler,flat,dth_dth_neighbours_direct,,,,,,,,,,,,,,,-6.6994910012744605e-06,0,781,0.0,0.0,,,,,,,,,,,,,,,,,,,,,,,,,,,,,,,,,,,,,,,,,,,,,,,,,,,,,,,,,,,,,,,,,,,,,,,,,,nan,,,,,,,,,,,,,,,
732,4.294157981872559,4.2151448724325746e-05,0.004215144872432575,7529.392701864243,10000,ppo,ppo,crawler,flat,dth_dth_neighbours_direct,,,,,,,,,,,,,,,-7.816708423721958e-06,0,781,0.0,0.0,,,,,,,,,,,,,,,,,,,,,,,,,,,,,,,,,,,,,,,,,,,,,,,,,,,,,,,,,,,,,,,,,,,,,,,,,,nan,,,,,,,,,,,,,,,
733,19.088367462158203,0.0001921500952448696,0.01921500952448696,7540.943398237228,10000,ppo,ppo,crawler,flat,dth_dth_neighbours_direct,,,,,,,,,,,,,,,1.0722836720424487e-05,0,781,0.0,0.0,,,,,,,,,,,,,,,,,,,,,,,,,,,,,,,,,,,,,,,,,,,,,,,,,,,,,,,,,,,,,,,,,,,,,,,,,,nan,,,,,,,,,,,,,,,
734,-0.8099144101142883,-8.099140359263401e-06,-0.0008099140359263401,7551.978731632233,10000,ppo,ppo,crawler,flat,dth_dth_neighbours_direct,,,,,,,,,,,,,,,0.00011129648080059874,0,781,0.0,0.0,,,,,,,,,,,,,,,,,,,,,,,,,,,,,,,,,,,,,,,,,,,,,,,,,,,,,,,,,,,,,,,,,,,,,,,,,,nan,,,,,,,,,,,,,,,
735,-10.433648109436035,-0.00010456164454808459,-0.010456164454808459,7562.929147481918,10000,ppo,ppo,crawler,flat,dth_dth_neighbours_direct,,,,,,,,,,,,,,,-5.956167991961163e-06,0,781,0.0,0.0,,,,,,,,,,,,,,,,,,,,,,,,,,,,,,,,,,,,,,,,,,,,,,,,,,,,,,,,,,,,,,,,,,,,,,,,,,nan,,,,,,,,,,,,,,,
736,-0.9920154809951782,-9.920177035382949e-06,-0.0009920177035382949,7573.010307312012,10000,ppo,ppo,crawler,flat,dth_dth_neighbours_direct,,,,,,,,,,,,,,,-2.584743782133818e-05,0,781,0.0,0.0,,,,,,,,,,,,,,,,,,,,,,,,,,,,,,,,,,,,,,,,,,,,,,,,,,,,,,,,,,,,,,,,,,,,,,,,,,nan,,,,,,,,,,,,,,,
737,-12.890350341796875,-0.0001303272438235581,-0.01303272438235581,7582.786554574966,10000,ppo,ppo,crawler,flat,dth_dth_neighbours_direct,,,,,,,,,,,,,,,-4.9539983615985145e-05,0,781,0.0,0.0,,,,,,,,,,,,,,,,,,,,,,,,,,,,,,,,,,,,,,,,,,,,,,,,,,,,,,,,,,,,,,,,,,,,,,,,,,nan,,,,,,,,,,,,,,,
738,-18.049846649169922,-0.00018069373618345708,-0.018069373618345708,7593.034793376923,10000,ppo,ppo,crawler,flat,dth_dth_neighbours_direct,,,,,,,,,,,,,,,-1.795416061078388e-05,0,781,0.0,0.0,,,,,,,,,,,,,,,,,,,,,,,,,,,,,,,,,,,,,,,,,,,,,,,,,,,,,,,,,,,,,,,,,,,,,,,,,,nan,,,,,,,,,,,,,,,
739,39.727783203125,0.00039843315607868135,0.039843315607868135,7603.688123703003,10000,ppo,ppo,crawler,flat,dth_dth_neighbours_direct,,,,,,,,,,,,,,,-6.681529950546089e-07,0,781,0.0,0.0,,,,,,,,,,,,,,,,,,,,,,,,,,,,,,,,,,,,,,,,,,,,,,,,,,,,,,,,,,,,,,,,,,,,,,,,,,nan,,,,,,,,,,,,,,,
740,-5.749899387359619,-5.7549015764379874e-05,-0.005754901576437987,7613.641128063202,10000,ppo,ppo,crawler,flat,dth_dth_neighbours_direct,,,,,,,,,,,,,,,-5.276341864149946e-06,0,781,0.0,0.0,,,,,,,,,,,,,,,,,,,,,,,,,,,,,,,,,,,,,,,,,,,,,,,,,,,,,,,,,,,,,,,,,,,,,,,,,,nan,,,,,,,,,,,,,,,
741,-2.4537110328674316,-2.3287662770599127e-05,-0.0023287662770599127,7623.442502498627,10000,ppo,ppo,crawler,flat,dth_dth_neighbours_direct,,,,,,,,,,,,,,,-0.017975098606098857,0,781,0.0,0.0,,,,,,,,,,,,,,,,,,,,,,,,,,,,,,,,,,,,,,,,,,,,,,,,,,,,,,,,,,,,,,,,,,,,,,,,,,nan,,,,,,,,,,,,,,,
742,-13.174034118652344,-0.00013125306577421725,-0.013125306577421725,7633.492614030838,10000,ppo,ppo,crawler,flat,dth_dth_neighbours_direct,,,,,,,,,,,,,,,-1.6950848351367456e-05,0,781,0.0,0.0,,,,,,,,,,,,,,,,,,,,,,,,,,,,,,,,,,,,,,,,,,,,,,,,,,,,,,,,,,,,,,,,,,,,,,,,,,nan,,,,,,,,,,,,,,,
743,1.3631107807159424,1.3631124602397904e-05,0.0013631124602397904,7643.235525846481,10000,ppo,ppo,crawler,flat,dth_dth_neighbours_direct,,,,,,,,,,,,,,,-6.3698910529726445e-06,0,781,0.0,0.0,,,,,,,,,,,,,,,,,,,,,,,,,,,,,,,,,,,,,,,,,,,,,,,,,,,,,,,,,,,,,,,,,,,,,,,,,,nan,,,,,,,,,,,,,,,
744,-10.701837539672852,-0.00010771523375296965,-0.010771523375296965,7654.238602638245,10000,ppo,ppo,crawler,flat,dth_dth_neighbours_direct,,,,,,,,,,,,,,,-0.00018899903540879907,0,781,0.0,0.0,,,,,,,,,,,,,,,,,,,,,,,,,,,,,,,,,,,,,,,,,,,,,,,,,,,,,,,,,,,,,,,,,,,,,,,,,,nan,,,,,,,,,,,,,,,
745,-1.8974411487579346,-1.977286046894733e-05,-0.001977286046894733,7664.327535867691,10000,ppo,ppo,crawler,flat,dth_dth_neighbours_direct,,,,,,,,,,,,,,,-4.611097314369969e-05,0,781,0.0,0.0,,,,,,,,,,,,,,,,,,,,,,,,,,,,,,,,,,,,,,,,,,,,,,,,,,,,,,,,,,,,,,,,,,,,,,,,,,nan,,,,,,,,,,,,,,,
746,-16.93288230895996,-0.00016958086052909493,-0.016958086052909493,7674.002020359039,10000,ppo,ppo,crawler,flat,dth_dth_neighbours_direct,,,,,,,,,,,,,,,-0.0024598409003183416,0,781,0.0,0.0,,,,,,,,,,,,,,,,,,,,,,,,,,,,,,,,,,,,,,,,,,,,,,,,,,,,,,,,,,,,,,,,,,,,,,,,,,nan,,,,,,,,,,,,,,,
747,-4.765052318572998,-4.7650497435824946e-05,-0.0047650497435824946,7684.3810296058655,10000,ppo,ppo,crawler,flat,dth_dth_neighbours_direct,,,,,,,,,,,,,,,0.0,0,781,0.0,0.0,,,,,,,,,,,,,,,,,,,,,,,,,,,,,,,,,,,,,,,,,,,,,,,,,,,,,,,,,,,,,,,,,,,,,,,,,,nan,,,,,,,,,,,,,,,
748,6.056832790374756,6.199596100486815e-05,0.006199596100486815,7695.489200115204,10000,ppo,ppo,crawler,flat,dth_dth_neighbours_direct,,,,,,,,,,,,,,,-8.676196692962195e-05,0,781,0.0,0.0,,,,,,,,,,,,,,,,,,,,,,,,,,,,,,,,,,,,,,,,,,,,,,,,,,,,,,,,,,,,,,,,,,,,,,,,,,nan,,,,,,,,,,,,,,,
749,-8.311327934265137,-8.272277773357928e-05,-0.008272277773357928,7706.238188505173,10000,ppo,ppo,crawler,flat,dth_dth_neighbours_direct,,,,,,,,,,,,,,,0.0,0,781,0.0,0.0,,,,,,,,,,,,,,,,,,,,,,,,,,,,,,,,,,,,,,,,,,,,,,,,,,,,,,,,,,,,,,,,,,,,,,,,,,nan,,,,,,,,,,,,,,,
750,2.3106915950775146,2.310685522388667e-05,0.002310685522388667,7716.543115377426,10000,ppo,ppo,crawler,flat,dth_dth_neighbours_direct,,,,,,,,,,,,,,,-1.1826868952465425e-05,0,781,0.0,0.0,,,,,,,,,,,,,,,,,,,,,,,,,,,,,,,,,,,,,,,,,,,,,,,,,,,,,,,,,,,,,,,,,,,,,,,,,,nan,,,,,,,,,,,,,,,
751,-3.503430128097534,-3.5034376196563244e-05,-0.0035034376196563244,7726.968539714813,10000,ppo,ppo,crawler,flat,dth_dth_neighbours_direct,,,,,,,,,,,,,,,0.0001015765771327037,0,781,0.0,0.0,,,,,,,,,,,,,,,,,,,,,,,,,,,,,,,,,,,,,,,,,,,,,,,,,,,,,,,,,,,,,,,,,,,,,,,,,,nan,,,,,,,,,,,,,,,
752,3.449739933013916,3.449741052463651e-05,0.0034497410524636507,7737.293551683426,10000,ppo,ppo,crawler,flat,dth_dth_neighbours_direct,,,,,,,,,,,,,,,0.0,0,781,0.0,0.0,,,,,,,,,,,,,,,,,,,,,,,,,,,,,,,,,,,,,,,,,,,,,,,,,,,,,,,,,,,,,,,,,,,,,,,,,,nan,,,,,,,,,,,,,,,
753,36.21977233886719,0.0003619675990194082,0.03619675990194082,7747.238618373871,10000,ppo,ppo,crawler,flat,dth_dth_neighbours_direct,,,,,,,,,,,,,,,-0.016885288938565154,0,781,0.0,0.0,,,,,,,,,,,,,,,,,,,,,,,,,,,,,,,,,,,,,,,,,,,,,,,,,,,,,,,,,,,,,,,,,,,,,,,,,,nan,,,,,,,,,,,,,,,
754,2.4534459114074707,2.453450724715367e-05,0.002453450724715367,7757.54439997673,10000,ppo,ppo,crawler,flat,dth_dth_neighbours_direct,,,,,,,,,,,,,,,-1.1268256663818213e-05,0,781,0.0,0.0,,,,,,,,,,,,,,,,,,,,,,,,,,,,,,,,,,,,,,,,,,,,,,,,,,,,,,,,,,,,,,,,,,,,,,,,,,nan,,,,,,,,,,,,,,,
755,-11.965022087097168,-0.00011985025048488751,-0.011985025048488751,7767.681650400162,10000,ppo,ppo,crawler,flat,dth_dth_neighbours_direct,,,,,,,,,,,,,,,-2.2075879512767328e-05,0,781,0.0,0.0,,,,,,,,,,,,,,,,,,,,,,,,,,,,,,,,,,,,,,,,,,,,,,,,,,,,,,,,,,,,,,,,,,,,,,,,,,nan,,,,,,,,,,,,,,,
756,0.37579345703125,3.7579013678623596e-06,0.00037579013678623596,7777.639135837555,10000,ppo,ppo,crawler,flat,dth_dth_neighbours_direct,,,,,,,,,,,,,,,-0.0025187158842646207,0,781,0.0,0.0,,,,,,,,,,,,,,,,,,,,,,,,,,,,,,,,,,,,,,,,,,,,,,,,,,,,,,,,,,,,,,,,,,,,,,,,,,nan,,,,,,,,,,,,,,,
757,0.548052966594696,5.480539584823418e-06,0.0005480539584823418,7788.2197551727295,10000,ppo,ppo,crawler,flat,dth_dth_neighbours_direct,,,,,,,,,,,,,,,0.0,0,781,0.0,0.0,,,,,,,,,,,,,,,,,,,,,,,,,,,,,,,,,,,,,,,,,,,,,,,,,,,,,,,,,,,,,,,,,,,,,,,,,,nan,,,,,,,,,,,,,,,
758,-20.4228458404541,-0.000204432726604864,-0.0204432726604864,7798.245851993561,10000,ppo,ppo,crawler,flat,dth_dth_neighbours_direct,,,,,,,,,,,,,,,-0.010046808230338877,0,781,0.0,0.0,,,,,,,,,,,,,,,,,,,,,,,,,,,,,,,,,,,,,,,,,,,,,,,,,,,,,,,,,,,,,,,,,,,,,,,,,,nan,,,,,,,,,,,,,,,
759,-5.503718852996826,-5.689142199116759e-05,-0.005689142199116759,7809.617320775986,10000,ppo,ppo,crawler,flat,dth_dth_neighbours_direct,,,,,,,,,,,,,,,0.0,0,781,0.0,0.0,,,,,,,,,,,,,,,,,,,,,,,,,,,,,,,,,,,,,,,,,,,,,,,,,,,,,,,,,,,,,,,,,,,,,,,,,,nan,,,,,,,,,,,,,,,
760,-22.673187255859375,-0.00022698692919220775,-0.022698692919220775,7820.553186893463,10000,ppo,ppo,crawler,flat,dth_dth_neighbours_direct,,,,,,,,,,,,,,,-5.063866759995034e-07,0,781,0.0,0.0,,,,,,,,,,,,,,,,,,,,,,,,,,,,,,,,,,,,,,,,,,,,,,,,,,,,,,,,,,,,,,,,,,,,,,,,,,nan,,,,,,,,,,,,,,,
761,12.677118301391602,0.00012792971392627805,0.012792971392627805,7832.167623758316,10000,ppo,ppo,crawler,flat,dth_dth_neighbours_direct,,,,,,,,,,,,,,,-0.0013204601112748384,0,781,0.0,0.0,,,,,,,,,,,,,,,,,,,,,,,,,,,,,,,,,,,,,,,,,,,,,,,,,,,,,,,,,,,,,,,,,,,,,,,,,,nan,,,,,,,,,,,,,,,
762,1.7634155750274658,1.7634181858738884e-05,0.0017634181858738884,7844.068128108978,10000,ppo,ppo,crawler,flat,dth_dth_neighbours_direct,,,,,,,,,,,,,,,-1.8889853604395472e-05,0,781,0.0,0.0,,,,,,,,,,,,,,,,,,,,,,,,,,,,,,,,,,,,,,,,,,,,,,,,,,,,,,,,,,,,,,,,,,,,,,,,,,nan,,,,,,,,,,,,,,,
763,-0.8846511840820312,-9.152335223916452e-06,-0.0009152335223916452,7854.791793823242,10000,ppo,ppo,crawler,flat,dth_dth_neighbours_direct,,,,,,,,,,,,,,,-0.0006522504367153715,0,781,0.0,0.0,,,,,,,,,,,,,,,,,,,,,,,,,,,,,,,,,,,,,,,,,,,,,,,,,,,,,,,,,,,,,,,,,,,,,,,,,,nan,,,,,,,,,,,,,,,
764,9.801321029663086,9.767866868060082e-05,0.009767866868060082,7865.538110494614,10000,ppo,ppo,crawler,flat,dth_dth_neighbours_direct,,,,,,,,,,,,,,,0.0,0,781,0.0,0.0,,,,,,,,,,,,,,,,,,,,,,,,,,,,,,,,,,,,,,,,,,,,,,,,,,,,,,,,,,,,,,,,,,,,,,,,,,nan,,,,,,,,,,,,,,,
765,20.588106155395508,0.00020563416182994843,0.020563416182994843,7875.804559230804,10000,ppo,ppo,crawler,flat,dth_dth_neighbours_direct,,,,,,,,,,,,,,,-0.00021001133500155963,0,781,0.0,0.0,,,,,,,,,,,,,,,,,,,,,,,,,,,,,,,,,,,,,,,,,,,,,,,,,,,,,,,,,,,,,,,,,,,,,,,,,,nan,,,,,,,,,,,,,,,
766,6.221831798553467,6.221835064934567e-05,0.006221835064934567,7887.868067264557,10000,ppo,ppo,crawler,flat,dth_dth_neighbours_direct,,,,,,,,,,,,,,,0.0,0,781,0.0,0.0,,,,,,,,,,,,,,,,,,,,,,,,,,,,,,,,,,,,,,,,,,,,,,,,,,,,,,,,,,,,,,,,,,,,,,,,,,nan,,,,,,,,,,,,,,,
767,-12.742353439331055,-0.00012722906831186265,-0.012722906831186265,7899.7880980968475,10000,ppo,ppo,crawler,flat,dth_dth_neighbours_direct,,,,,,,,,,,,,,,-5.4787226717694925e-06,0,781,0.0,0.0,,,,,,,,,,,,,,,,,,,,,,,,,,,,,,,,,,,,,,,,,,,,,,,,,,,,,,,,,,,,,,,,,,,,,,,,,,nan,,,,,,,,,,,,,,,
768,-10.237174034118652,-0.00010261349234497175,-0.010261349234497175,7910.87513756752,10000,ppo,ppo,crawler,flat,dth_dth_neighbours_direct,,,,,,,,,,,,,,,-2.3568642925513997e-05,0,781,0.0,0.0,,,,,,,,,,,,,,,,,,,,,,,,,,,,,,,,,,,,,,,,,,,,,,,,,,,,,,,,,,,,,,,,,,,,,,,,,,nan,,,,,,,,,,,,,,,
769,2.373899221420288,2.3739030439173803e-05,0.0023739030439173803,7921.66694355011,10000,ppo,ppo,crawler,flat,dth_dth_neighbours_direct,,,,,,,,,,,,,,,-0.0005972766628662999,0,781,0.0,0.0,,,,,,,,,,,,,,,,,,,,,,,,,,,,,,,,,,,,,,,,,,,,,,,,,,,,,,,,,,,,,,,,,,,,,,,,,,nan,,,,,,,,,,,,,,,
770,20.359479904174805,0.00020398192282300442,0.020398192282300442,7933.347416400909,10000,ppo,ppo,crawler,flat,dth_dth_neighbours_direct,,,,,,,,,,,,,,,-2.7119493286069313e-07,0,781,0.0,0.0,,,,,,,,,,,,,,,,,,,,,,,,,,,,,,,,,,,,,,,,,,,,,,,,,,,,,,,,,,,,,,,,,,,,,,,,,,nan,,,,,,,,,,,,,,,
771,7.551173686981201,7.515904871979728e-05,0.007515904871979728,7944.517754077911,10000,ppo,ppo,crawler,flat,dth_dth_neighbours_direct,,,,,,,,,,,,,,,2.2659579079679277e-06,0,781,0.0,0.0,,,,,,,,,,,,,,,,,,,,,,,,,,,,,,,,,,,,,,,,,,,,,,,,,,,,,,,,,,,,,,,,,,,,,,,,,,nan,,,,,,,,,,,,,,,
772,-2.513326644897461,-2.513325489417184e-05,-0.002513325489417184,7956.175260543823,10000,ppo,ppo,crawler,flat,dth_dth_neighbours_direct,,,,,,,,,,,,,,,-0.0016208212326606318,0,781,0.0,0.0,,,,,,,,,,,,,,,,,,,,,,,,,,,,,,,,,,,,,,,,,,,,,,,,,,,,,,,,,,,,,,,,,,,,,,,,,,nan,,,,,,,,,,,,,,,
773,6.7080583572387695,6.70805893605575e-05,0.00670805893605575,7968.451046228409,10000,ppo,ppo,crawler,flat,dth_dth_neighbours_direct,,,,,,,,,,,,,,,0.0,0,781,0.0,0.0,,,,,,,,,,,,,,,,,,,,,,,,,,,,,,,,,,,,,,,,,,,,,,,,,,,,,,,,,,,,,,,,,,,,,,,,,,nan,,,,,,,,,,,,,,,
774,-4.353254795074463,-4.318165883887559e-05,-0.004318165883887559,7979.311495542526,10000,ppo,ppo,crawler,flat,dth_dth_neighbours_direct,,,,,,,,,,,,,,,-9.79230356391963e-06,0,781,0.0,0.0,,,,,,,,,,,,,,,,,,,,,,,,,,,,,,,,,,,,,,,,,,,,,,,,,,,,,,,,,,,,,,,,,,,,,,,,,,nan,,,,,,,,,,,,,,,
775,22.8920841217041,0.00022961939976084977,0.022961939976084977,7988.994518041611,10000,ppo,ppo,crawler,flat,dth_dth_neighbours_direct,,,,,,,,,,,,,,,-0.020950600436904138,0,781,0.0,0.0,,,,,,,,,,,,,,,,,,,,,,,,,,,,,,,,,,,,,,,,,,,,,,,,,,,,,,,,,,,,,,,,,,,,,,,,,,nan,,,,,,,,,,,,,,,
776,-15.606185913085938,-0.00015626769163645804,-0.015626769163645804,7999.18544793129,10000,ppo,ppo,crawler,flat,dth_dth_neighbours_direct,,,,,,,,,,,,,,,-9.49242007984242e-06,0,781,0.0,0.0,,,,,,,,,,,,,,,,,,,,,,,,,,,,,,,,,,,,,,,,,,,,,,,,,,,,,,,,,,,,,,,,,,,,,,,,,,nan,,,,,,,,,,,,,,,
777,5.0913238525390625,5.0913284212583676e-05,0.005091328421258368,8009.907364368439,10000,ppo,ppo,crawler,flat,dth_dth_neighbours_direct,,,,,,,,,,,,,,,-1.0775132689066946e-05,0,781,0.0,0.0,,,,,,,,,,,,,,,,,,,,,,,,,,,,,,,,,,,,,,,,,,,,,,,,,,,,,,,,,,,,,,,,,,,,,,,,,,nan,,,,,,,,,,,,,,,
778,5.009613037109375,5.009612868889235e-05,0.005009612868889235,8020.50014090538,10000,ppo,ppo,crawler,flat,dth_dth_neighbours_direct,,,,,,,,,,,,,,,-0.0002671876938944437,0,781,0.0,0.0,,,,,,,,,,,,,,,,,,,,,,,,,,,,,,,,,,,,,,,,,,,,,,,,,,,,,,,,,,,,,,,,,,,,,,,,,,nan,,,,,,,,,,,,,,,
779,12.75528621673584,0.00012778484961017966,0.012778484961017966,8032.244354724884,10000,ppo,ppo,crawler,flat,dth_dth_neighbours_direct,,,,,,,,,,,,,,,0.0,0,781,0.0,0.0,,,,,,,,,,,,,,,,,,,,,,,,,,,,,,,,,,,,,,,,,,,,,,,,,,,,,,,,,,,,,,,,,,,,,,,,,,nan,,,,,,,,,,,,,,,
780,27.725507736206055,0.0002771005092654377,0.027710050926543772,8043.241024017334,10000,ppo,ppo,crawler,flat,dth_dth_neighbours_direct,,,,,,,,,,,,,,,-3.253462487085223e-05,0,781,0.0,0.0,,,,,,,,,,,,,,,,,,,,,,,,,,,,,,,,,,,,,,,,,,,,,,,,,,,,,,,,,,,,,,,,,,,,,,,,,,nan,,,,,,,,,,,,,,,
781,15.632369041442871,0.00015703384997323155,0.015703384997323155,8053.760038137436,10000,ppo,ppo,crawler,flat,dth_dth_neighbours_direct,,,,,,,,,,,,,,,-9.778290796218852e-11,0,781,0.0,0.0,,,,,,,,,,,,,,,,,,,,,,,,,,,,,,,,,,,,,,,,,,,,,,,,,,,,,,,,,,,,,,,,,,,,,,,,,,nan,,,,,,,,,,,,,,,
782,-6.0314621925354,-6.031464727129787e-05,-0.006031464727129787,8064.712283849716,10000,ppo,ppo,crawler,flat,dth_dth_neighbours_direct,,,,,,,,,,,,,,,-4.65037575451879e-05,0,781,0.0,0.0,,,,,,,,,,,,,,,,,,,,,,,,,,,,,,,,,,,,,,,,,,,,,,,,,,,,,,,,,,,,,,,,,,,,,,,,,,nan,,,,,,,,,,,,,,,
783,12.270432472229004,0.00012341504043433815,0.012341504043433815,8075.700709581375,10000,ppo,ppo,crawler,flat,dth_dth_neighbours_direct,,,,,,,,,,,,,,,-6.913910554328435e-05,0,781,0.0,0.0,,,,,,,,,,,,,,,,,,,,,,,,,,,,,,,,,,,,,,,,,,,,,,,,,,,,,,,,,,,,,,,,,,,,,,,,,,nan,,,,,,,,,,,,,,,
784,10.015421867370605,0.00010015426960308105,0.010015426960308105,8086.550177812576,10000,ppo,ppo,crawler,flat,dth_dth_neighbours_direct,,,,,,,,,,,,,,,0.0,0,781,0.0,0.0,,,,,,,,,,,,,,,,,,,,,,,,,,,,,,,,,,,,,,,,,,,,,,,,,,,,,,,,,,,,,,,,,,,,,,,,,,nan,,,,,,,,,,,,,,,
785,3.5598766803741455,3.559881224646233e-05,0.003559881224646233,8096.626873254776,10000,ppo,ppo,crawler,flat,dth_dth_neighbours_direct,,,,,,,,,,,,,,,-5.4753170838810874e-05,0,781,0.0,0.0,,,,,,,,,,,,,,,,,,,,,,,,,,,,,,,,,,,,,,,,,,,,,,,,,,,,,,,,,,,,,,,,,,,,,,,,,,nan,,,,,,,,,,,,,,,
786,-0.6662454605102539,-6.662451141892234e-06,-0.0006662451141892234,8106.891818761826,10000,ppo,ppo,crawler,flat,dth_dth_neighbours_direct,,,,,,,,,,,,,,,-8.324244645127262e-06,0,781,0.0,0.0,,,,,,,,,,,,,,,,,,,,,,,,,,,,,,,,,,,,,,,,,,,,,,,,,,,,,,,,,,,,,,,,,,,,,,,,,,nan,,,,,,,,,,,,,,,
787,-1.616040825843811,-1.6160402083187364e-05,-0.0016160402083187364,8116.970654010773,10000,ppo,ppo,crawler,flat,dth_dth_neighbours_direct,,,,,,,,,,,,,,,-8.531024252635721e-05,0,781,0.0,0.0,,,,,,,,,,,,,,,,,,,,,,,,,,,,,,,,,,,,,,,,,,,,,,,,,,,,,,,,,,,,,,,,,,,,,,,,,,nan,,,,,,,,,,,,,,,
788,21.488815307617188,0.00021565693896263838,0.021565693896263838,8126.746435880661,10000,ppo,ppo,crawler,flat,dth_dth_neighbours_direct,,,,,,,,,,,,,,,-0.02768705270602517,0,781,0.0,0.0,,,,,,,,,,,,,,,,,,,,,,,,,,,,,,,,,,,,,,,,,,,,,,,,,,,,,,,,,,,,,,,,,,,,,,,,,,nan,,,,,,,,,,,,,,,
789,3.844985246658325,3.844982711598277e-05,0.003844982711598277,8136.721109628677,10000,ppo,ppo,crawler,flat,dth_dth_neighbours_direct,,,,,,,,,,,,,,,-5.743219475434776e-06,0,781,0.0,0.0,,,,,,,,,,,,,,,,,,,,,,,,,,,,,,,,,,,,,,,,,,,,,,,,,,,,,,,,,,,,,,,,,,,,,,,,,,nan,,,,,,,,,,,,,,,
790,-20.635454177856445,-0.0002065876906272024,-0.02065876906272024,8147.989748716354,10000,ppo,ppo,crawler,flat,dth_dth_neighbours_direct,,,,,,,,,,,,,,,2.2295544045606436e-05,0,781,0.0,0.0,,,,,,,,,,,,,,,,,,,,,,,,,,,,,,,,,,,,,,,,,,,,,,,,,,,,,,,,,,,,,,,,,,,,,,,,,,nan,,,,,,,,,,,,,,,
791,2.01459002494812,2.0145904272794724e-05,0.0020145904272794724,8159.539829015732,10000,ppo,ppo,crawler,flat,dth_dth_neighbours_direct,,,,,,,,,,,,,,,-0.0065988924738291585,0,781,0.0,0.0,,,,,,,,,,,,,,,,,,,,,,,,,,,,,,,,,,,,,,,,,,,,,,,,,,,,,,,,,,,,,,,,,,,,,,,,,,nan,,,,,,,,,,,,,,,
792,-1.751878023147583,-1.751876152411569e-05,-0.001751876152411569,8170.801959037781,10000,ppo,ppo,crawler,flat,dth_dth_neighbours_direct,,,,,,,,,,,,,,,-2.545825707775072e-07,0,781,0.0,0.0,,,,,,,,,,,,,,,,,,,,,,,,,,,,,,,,,,,,,,,,,,,,,,,,,,,,,,,,,,,,,,,,,,,,,,,,,,nan,,,,,,,,,,,,,,,
793,16.50048828125,0.00016490271082147956,0.016490271082147956,8188.870980501175,10000,ppo,ppo,crawler,flat,dth_dth_neighbours_direct,,,,,,,,,,,,,,,0.0001061425225930849,0,781,0.0,0.0,,,,,,,,,,,,,,,,,,,,,,,,,,,,,,,,,,,,,,,,,,,,,,,,,,,,,,,,,,,,,,,,,,,,,,,,,,nan,,,,,,,,,,,,,,,
794,33.31264877319336,0.00033291825093328953,0.03329182509332895,8208.73382139206,10000,ppo,ppo,crawler,flat,dth_dth_neighbours_direct,,,,,,,,,,,,,,,-6.347132319639342e-05,0,781,0.0,0.0,,,,,,,,,,,,,,,,,,,,,,,,,,,,,,,,,,,,,,,,,,,,,,,,,,,,,,,,,,,,,,,,,,,,,,,,,,nan,,,,,,,,,,,,,,,
795,-6.37975549697876,-6.379753176588565e-05,-0.006379753176588565,8220.635914087296,10000,ppo,ppo,crawler,flat,dth_dth_neighbours_direct,,,,,,,,,,,,,,,0.0,0,781,0.0,0.0,,,,,,,,,,,,,,,,,,,,,,,,,,,,,,,,,,,,,,,,,,,,,,,,,,,,,,,,,,,,,,,,,,,,,,,,,,nan,,,,,,,,,,,,,,,
796,-6.264981746673584,-6.26498440396972e-05,-0.00626498440396972,8232.119933605194,10000,ppo,ppo,crawler,flat,dth_dth_neighbours_direct,,,,,,,,,,,,,,,-0.02069671293207839,0,781,0.0,0.0,,,,,,,,,,,,,,,,,,,,,,,,,,,,,,,,,,,,,,,,,,,,,,,,,,,,,,,,,,,,,,,,,,,,,,,,,,nan,,,,,,,,,,,,,,,
797,12.423705101013184,0.00012490594235714525,0.012490594235714525,8242.670916318893,10000,ppo,ppo,crawler,flat,dth_dth_neighbours_direct,,,,,,,,,,,,,,,0.0,0,781,0.0,0.0,,,,,,,,,,,,,,,,,,,,,,,,,,,,,,,,,,,,,,,,,,,,,,,,,,,,,,,,,,,,,,,,,,,,,,,,,,nan,,,,,,,,,,,,,,,
798,15.837099075317383,0.00015851760690566152,0.015851760690566152,8253.574293613434,10000,ppo,ppo,crawler,flat,dth_dth_neighbours_direct,,,,,,,,,,,,,,,-3.5356236538264266e-06,0,781,0.0,0.0,,,,,,,,,,,,,,,,,,,,,,,,,,,,,,,,,,,,,,,,,,,,,,,,,,,,,,,,,,,,,,,,,,,,,,,,,,nan,,,,,,,,,,,,,,,
799,-11.250899314880371,-0.00011275868018856272,-0.011275868018856272,8264.116294145584,10000,ppo,ppo,crawler,flat,dth_dth_neighbours_direct,,,,,,,,,,,,,,,-7.254174563475669e-05,0,781,0.0,0.0,,,,,,,,,,,,,,,,,,,,,,,,,,,,,,,,,,,,,,,,,,,,,,,,,,,,,,,,,,,,,,,,,,,,,,,,,,nan,,,,,,,,,,,,,,,
800,40.697872161865234,0.00040774664375931025,0.040774664375931025,8275.570875406265,10000,ppo,ppo,crawler,flat,dth_dth_neighbours_direct,,,,,,,,,,,,,,,-0.03874000503053166,0,781,0.0,0.0,,,,,,,,,,,,,,,,,,,,,,,,,,,,,,,,,,,,,,,,,,,,,,,,,,,,,,,,,,,,,,,,,,,,,,,,,,nan,,,,,,,,,,,,,,,
801,-3.8756585121154785,-3.883668250637129e-05,-0.003883668250637129,8287.048511981964,10000,ppo,ppo,crawler,flat,dth_dth_neighbours_direct,,,,,,,,,,,,,,,0.0,0,781,0.0,0.0,,,,,,,,,,,,,,,,,,,,,,,,,,,,,,,,,,,,,,,,,,,,,,,,,,,,,,,,,,,,,,,,,,,,,,,,,,nan,,,,,,,,,,,,,,,
802,6.0727057456970215,6.072703399695456e-05,0.006072703399695456,8298.68356871605,10000,ppo,ppo,crawler,flat,dth_dth_neighbours_direct,,,,,,,,,,,,,,,-7.828475761963066e-06,0,781,0.0,0.0,,,,,,,,,,,,,,,,,,,,,,,,,,,,,,,,,,,,,,,,,,,,,,,,,,,,,,,,,,,,,,,,,,,,,,,,,,nan,,,,,,,,,,,,,,,
803,12.453276634216309,0.0001240395795321092,0.01240395795321092,8309.319686889648,10000,ppo,ppo,crawler,flat,dth_dth_neighbours_direct,,,,,,,,,,,,,,,-0.0004411791934227516,0,781,0.0,0.0,,,,,,,,,,,,,,,,,,,,,,,,,,,,,,,,,,,,,,,,,,,,,,,,,,,,,,,,,,,,,,,,,,,,,,,,,,nan,,,,,,,,,,,,,,,
804,15.285789489746094,0.00015311292372643948,0.015311292372643948,8319.146539211273,10000,ppo,ppo,crawler,flat,dth_dth_neighbours_direct,,,,,,,,,,,,,,,-4.413448245516202e-05,0,781,0.0,0.0,,,,,,,,,,,,,,,,,,,,,,,,,,,,,,,,,,,,,,,,,,,,,,,,,,,,,,,,,,,,,,,,,,,,,,,,,,nan,,,,,,,,,,,,,,,
805,-13.277315139770508,-0.0001342305913567543,-0.01342305913567543,8329.239708900452,10000,ppo,ppo,crawler,flat,dth_dth_neighbours_direct,,,,,,,,,,,,,,,-1.1532122648479692e-06,0,781,0.0,0.0,,,,,,,,,,,,,,,,,,,,,,,,,,,,,,,,,,,,,,,,,,,,,,,,,,,,,,,,,,,,,,,,,,,,,,,,,,nan,,,,,,,,,,,,,,,
806,14.117255210876465,0.00014225176710169762,0.014225176710169762,8339.747776508331,10000,ppo,ppo,crawler,flat,dth_dth_neighbours_direct,,,,,,,,,,,,,,,3.014271900000554e-05,0,781,0.0,0.0,,,,,,,,,,,,,,,,,,,,,,,,,,,,,,,,,,,,,,,,,,,,,,,,,,,,,,,,,,,,,,,,,,,,,,,,,,nan,,,,,,,,,,,,,,,
807,5.291555881500244,5.2915613196091726e-05,0.005291561319609173,8349.918992757797,10000,ppo,ppo,crawler,flat,dth_dth_neighbours_direct,,,,,,,,,,,,,,,-0.0013024072555131094,0,781,0.0,0.0,,,,,,,,,,,,,,,,,,,,,,,,,,,,,,,,,,,,,,,,,,,,,,,,,,,,,,,,,,,,,,,,,,,,,,,,,,nan,,,,,,,,,,,,,,,
808,0.33850327134132385,3.3850467389129335e-06,0.00033850467389129335,8360.184390306473,10000,ppo,ppo,crawler,flat,dth_dth_neighbours_direct,,,,,,,,,,,,,,,0.0,0,781,0.0,0.0,,,,,,,,,,,,,,,,,,,,,,,,,,,,,,,,,,,,,,,,,,,,,,,,,,,,,,,,,,,,,,,,,,,,,,,,,,nan,,,,,,,,,,,,,,,
809,-15.677535057067871,-0.0001562845427542925,-0.01562845427542925,8370.664492845535,10000,ppo,ppo,crawler,flat,dth_dth_neighbours_direct,,,,,,,,,,,,,,,-8.184657159062263e-06,0,781,0.0,0.0,,,,,,,,,,,,,,,,,,,,,,,,,,,,,,,,,,,,,,,,,,,,,,,,,,,,,,,,,,,,,,,,,,,,,,,,,,nan,,,,,,,,,,,,,,,
810,1.8271960020065308,1.8272019588039257e-05,0.0018272019588039257,8380.838710546494,10000,ppo,ppo,crawler,flat,dth_dth_neighbours_direct,,,,,,,,,,,,,,,-0.008315820932607722,0,781,0.0,0.0,,,,,,,,,,,,,,,,,,,,,,,,,,,,,,,,,,,,,,,,,,,,,,,,,,,,,,,,,,,,,,,,,,,,,,,,,,nan,,,,,,,,,,,,,,,
811,9.238155364990234,9.303219121647999e-05,0.009303219121647999,8391.501528024673,10000,ppo,ppo,crawler,flat,dth_dth_neighbours_direct,,,,,,,,,,,,,,,0.0,0,781,0.0,0.0,,,,,,,,,,,,,,,,,,,,,,,,,,,,,,,,,,,,,,,,,,,,,,,,,,,,,,,,,,,,,,,,,,,,,,,,,,nan,,,,,,,,,,,,,,,
812,-6.441196441650391,-6.441200821427628e-05,-0.006441200821427628,8401.997347831726,10000,ppo,ppo,crawler,flat,dth_dth_neighbours_direct,,,,,,,,,,,,,,,-1.789494948258931e-05,0,781,0.0,0.0,,,,,,,,,,,,,,,,,,,,,,,,,,,,,,,,,,,,,,,,,,,,,,,,,,,,,,,,,,,,,,,,,,,,,,,,,,nan,,,,,,,,,,,,,,,
813,-2.7380661964416504,-2.738066905294545e-05,-0.002738066905294545,8411.96383523941,10000,ppo,ppo,crawler,flat,dth_dth_neighbours_direct,,,,,,,,,,,,,,,1.4993917821845691e-05,0,781,0.0,0.0,,,,,,,,,,,,,,,,,,,,,,,,,,,,,,,,,,,,,,,,,,,,,,,,,,,,,,,,,,,,,,,,,,,,,,,,,,nan,,,,,,,,,,,,,,,
814,5.400610446929932,5.478978710016236e-05,0.005478978710016236,8422.044867992401,10000,ppo,ppo,crawler,flat,dth_dth_neighbours_direct,,,,,,,,,,,,,,,-0.005099980499256741,0,781,0.0,0.0,,,,,,,,,,,,,,,,,,,,,,,,,,,,,,,,,,,,,,,,,,,,,,,,,,,,,,,,,,,,,,,,,,,,,,,,,,nan,,,,,,,,,,,,,,,
815,-16.62201499938965,-0.00016756198601797223,-0.016756198601797223,8432.550773382187,10000,ppo,ppo,crawler,flat,dth_dth_neighbours_direct,,,,,,,,,,,,,,,-2.3176576393667164e-07,0,781,0.0,0.0,,,,,,,,,,,,,,,,,,,,,,,,,,,,,,,,,,,,,,,,,,,,,,,,,,,,,,,,,,,,,,,,,,,,,,,,,,nan,,,,,,,,,,,,,,,
816,7.6822686195373535,7.704322342760861e-05,0.007704322342760861,8442.131181955338,10000,ppo,ppo,crawler,flat,dth_dth_neighbours_direct,,,,,,,,,,,,,,,-0.0015173582252825727,0,781,0.0,0.0,,,,,,,,,,,,,,,,,,,,,,,,,,,,,,,,,,,,,,,,,,,,,,,,,,,,,,,,,,,,,,,,,,,,,,,,,,nan,,,,,,,,,,,,,,,
817,2.8954217433929443,2.8954236768186092e-05,0.0028954236768186092,8453.110308170319,10000,ppo,ppo,crawler,flat,dth_dth_neighbours_direct,,,,,,,,,,,,,,,-3.540230182771036e-07,0,781,0.0,0.0,,,,,,,,,,,,,,,,,,,,,,,,,,,,,,,,,,,,,,,,,,,,,,,,,,,,,,,,,,,,,,,,,,,,,,,,,,nan,,,,,,,,,,,,,,,
818,13.344980239868164,0.00013297742407303303,0.013297742407303303,8464.614185094833,10000,ppo,ppo,crawler,flat,dth_dth_neighbours_direct,,,,,,,,,,,,,,,-1.5968473558999817e-06,0,781,0.0,0.0,,,,,,,,,,,,,,,,,,,,,,,,,,,,,,,,,,,,,,,,,,,,,,,,,,,,,,,,,,,,,,,,,,,,,,,,,,nan,,,,,,,,,,,,,,,
819,5.073792934417725,5.073796273791231e-05,0.005073796273791231,8475.484857082367,10000,ppo,ppo,crawler,flat,dth_dth_neighbours_direct,,,,,,,,,,,,,,,-5.045900939368713e-06,0,781,0.0,0.0,,,,,,,,,,,,,,,,,,,,,,,,,,,,,,,,,,,,,,,,,,,,,,,,,,,,,,,,,,,,,,,,,,,,,,,,,,nan,,,,,,,,,,,,,,,
820,-12.785381317138672,-0.0001274607639061287,-0.01274607639061287,8486.32640838623,10000,ppo,ppo,crawler,flat,dth_dth_neighbours_direct,,,,,,,,,,,,,,,-3.3193290538885528e-06,0,781,0.0,0.0,,,,,,,,,,,,,,,,,,,,,,,,,,,,,,,,,,,,,,,,,,,,,,,,,,,,,,,,,,,,,,,,,,,,,,,,,,nan,,,,,,,,,,,,,,,
821,-1.5002586841583252,-1.5002573491074145e-05,-0.0015002573491074145,8497.385503053665,10000,ppo,ppo,crawler,flat,dth_dth_neighbours_direct,,,,,,,,,,,,,,,-2.4069217480862186e-05,0,781,0.0,0.0,,,,,,,,,,,,,,,,,,,,,,,,,,,,,,,,,,,,,,,,,,,,,,,,,,,,,,,,,,,,,,,,,,,,,,,,,,nan,,,,,,,,,,,,,,,
822,-3.7112693786621094,-3.7112735299160704e-05,-0.0037112735299160704,8508.661934137344,10000,ppo,ppo,crawler,flat,dth_dth_neighbours_direct,,,,,,,,,,,,,,,4.662769618855548e-06,0,781,0.0,0.0,,,,,,,,,,,,,,,,,,,,,,,,,,,,,,,,,,,,,,,,,,,,,,,,,,,,,,,,,,,,,,,,,,,,,,,,,,nan,,,,,,,,,,,,,,,
823,-17.65859603881836,-0.00017659289005678147,-0.017659289005678147,8519.734843730927,10000,ppo,ppo,crawler,flat,dth_dth_neighbours_direct,,,,,,,,,,,,,,,-1.2205152864187536e-05,0,781,0.0,0.0,,,,,,,,,,,,,,,,,,,,,,,,,,,,,,,,,,,,,,,,,,,,,,,,,,,,,,,,,,,,,,,,,,,,,,,,,,nan,,,,,,,,,,,,,,,
824,15.966326713562012,0.00015940004959702492,0.015940004959702492,8530.72856259346,10000,ppo,ppo,crawler,flat,dth_dth_neighbours_direct,,,,,,,,,,,,,,,-0.0001875336798296695,0,781,0.0,0.0,,,,,,,,,,,,,,,,,,,,,,,,,,,,,,,,,,,,,,,,,,,,,,,,,,,,,,,,,,,,,,,,,,,,,,,,,,nan,,,,,,,,,,,,,,,
825,13.681723594665527,0.00013699400005862117,0.013699400005862117,8541.968035936356,10000,ppo,ppo,crawler,flat,dth_dth_neighbours_direct,,,,,,,,,,,,,,,-1.8244859656359565e-10,0,781,0.0,0.0,,,,,,,,,,,,,,,,,,,,,,,,,,,,,,,,,,,,,,,,,,,,,,,,,,,,,,,,,,,,,,,,,,,,,,,,,,nan,,,,,,,,,,,,,,,
826,4.248088359832764,4.248094410286285e-05,0.004248094410286285,8552.963937282562,10000,ppo,ppo,crawler,flat,dth_dth_neighbours_direct,,,,,,,,,,,,,,,-1.3439330569302684e-05,0,781,0.0,0.0,,,,,,,,,,,,,,,,,,,,,,,,,,,,,,,,,,,,,,,,,,,,,,,,,,,,,,,,,,,,,,,,,,,,,,,,,,nan,,,,,,,,,,,,,,,
827,-33.504512786865234,-0.0003349439939484,-0.03349439939484,8563.571081161499,10000,ppo,ppo,crawler,flat,dth_dth_neighbours_direct,,,,,,,,,,,,,,,-1.7094180207322717e-05,0,781,0.0,0.0,,,,,,,,,,,,,,,,,,,,,,,,,,,,,,,,,,,,,,,,,,,,,,,,,,,,,,,,,,,,,,,,,,,,,,,,,,nan,,,,,,,,,,,,,,,
828,-14.055012702941895,-0.0001400883193127811,-0.01400883193127811,8574.40367603302,10000,ppo,ppo,crawler,flat,dth_dth_neighbours_direct,,,,,,,,,,,,,,,-2.359151458618125e-05,0,781,0.0,0.0,,,,,,,,,,,,,,,,,,,,,,,,,,,,,,,,,,,,,,,,,,,,,,,,,,,,,,,,,,,,,,,,,,,,,,,,,,nan,,,,,,,,,,,,,,,
829,4.924072265625,4.924071618006565e-05,0.004924071618006565,8585.435145378113,10000,ppo,ppo,crawler,flat,dth_dth_neighbours_direct,,,,,,,,,,,,,,,-0.007208734433549467,0,781,0.0,0.0,,,,,,,,,,,,,,,,,,,,,,,,,,,,,,,,,,,,,,,,,,,,,,,,,,,,,,,,,,,,,,,,,,,,,,,,,,nan,,,,,,,,,,,,,,,
830,5.753724575042725,5.801987572340295e-05,0.005801987572340295,8596.268426179886,10000,ppo,ppo,crawler,flat,dth_dth_neighbours_direct,,,,,,,,,,,,,,,-1.3766760214037535e-06,0,781,0.0,0.0,,,,,,,,,,,,,,,,,,,,,,,,,,,,,,,,,,,,,,,,,,,,,,,,,,,,,,,,,,,,,,,,,,,,,,,,,,nan,,,,,,,,,,,,,,,
831,-8.19395923614502,-8.193962275981903e-05,-0.008193962275981903,8607.019989490509,10000,ppo,ppo,crawler,flat,dth_dth_neighbours_direct,,,,,,,,,,,,,,,-2.9845728459034626e-05,0,781,0.0,0.0,,,,,,,,,,,,,,,,,,,,,,,,,,,,,,,,,,,,,,,,,,,,,,,,,,,,,,,,,,,,,,,,,,,,,,,,,,nan,,,,,,,,,,,,,,,
832,-3.9574203491210938,-3.957421722589061e-05,-0.003957421722589061,8618.10214138031,10000,ppo,ppo,crawler,flat,dth_dth_neighbours_direct,,,,,,,,,,,,,,,-8.305481059068906e-06,0,781,0.0,0.0,,,,,,,,,,,,,,,,,,,,,,,,,,,,,,,,,,,,,,,,,,,,,,,,,,,,,,,,,,,,,,,,,,,,,,,,,,nan,,,,,,,,,,,,,,,
833,0.7968540191650391,7.968533282110002e-06,0.0007968533282110002,8629.562909126282,10000,ppo,ppo,crawler,flat,dth_dth_neighbours_direct,,,,,,,,,,,,,,,-0.00017255571135409205,0,781,0.0,0.0,,,,,,,,,,,,,,,,,,,,,,,,,,,,,,,,,,,,,,,,,,,,,,,,,,,,,,,,,,,,,,,,,,,,,,,,,,nan,,,,,,,,,,,,,,,
834,4.754470348358154,4.754471956402995e-05,0.004754471956402995,8640.726266622543,10000,ppo,ppo,crawler,flat,dth_dth_neighbours_direct,,,,,,,,,,,,,,,-0.0002877590545809681,0,781,0.0,0.0,,,,,,,,,,,,,,,,,,,,,,,,,,,,,,,,,,,,,,,,,,,,,,,,,,,,,,,,,,,,,,,,,,,,,,,,,,nan,,,,,,,,,,,,,,,
835,-6.53366231918335,-6.511731044156477e-05,-0.006511731044156477,8651.69320011139,10000,ppo,ppo,crawler,flat,dth_dth_neighbours_direct,,,,,,,,,,,,,,,0.0,0,781,0.0,0.0,,,,,,,,,,,,,,,,,,,,,,,,,,,,,,,,,,,,,,,,,,,,,,,,,,,,,,,,,,,,,,,,,,,,,,,,,,nan,,,,,,,,,,,,,,,
836,-30.17447853088379,-0.00030228064861148596,-0.030228064861148596,8662.955284357071,10000,ppo,ppo,crawler,flat,dth_dth_neighbours_direct,,,,,,,,,,,,,,,-4.823434091484348e-06,0,781,0.0,0.0,,,,,,,,,,,,,,,,,,,,,,,,,,,,,,,,,,,,,,,,,,,,,,,,,,,,,,,,,,,,,,,,,,,,,,,,,,nan,,,,,,,,,,,,,,,
837,-18.917179107666016,-0.00018876178364735097,-0.018876178364735097,8673.96678185463,10000,ppo,ppo,crawler,flat,dth_dth_neighbours_direct,,,,,,,,,,,,,,,-1.489632451732699e-05,0,781,0.0,0.0,,,,,,,,,,,,,,,,,,,,,,,,,,,,,,,,,,,,,,,,,,,,,,,,,,,,,,,,,,,,,,,,,,,,,,,,,,nan,,,,,,,,,,,,,,,
838,15.485885620117188,0.00015617434110026807,0.015617434110026807,8684.888017892838,10000,ppo,ppo,crawler,flat,dth_dth_neighbours_direct,,,,,,,,,,,,,,,-0.008676965883128088,0,781,0.0,0.0,,,,,,,,,,,,,,,,,,,,,,,,,,,,,,,,,,,,,,,,,,,,,,,,,,,,,,,,,,,,,,,,,,,,,,,,,,nan,,,,,,,,,,,,,,,
839,21.404266357421875,0.00021389548783190548,0.02138954878319055,8695.924039363861,10000,ppo,ppo,crawler,flat,dth_dth_neighbours_direct,,,,,,,,,,,,,,,-0.001577363221902548,0,781,0.0,0.0,,,,,,,,,,,,,,,,,,,,,,,,,,,,,,,,,,,,,,,,,,,,,,,,,,,,,,,,,,,,,,,,,,,,,,,,,,nan,,,,,,,,,,,,,,,
840,-6.703675746917725,-6.729065353283659e-05,-0.006729065353283659,8707.166537046432,10000,ppo,ppo,crawler,flat,dth_dth_neighbours_direct,,,,,,,,,,,,,,,0.0,0,781,0.0,0.0,,,,,,,,,,,,,,,,,,,,,,,,,,,,,,,,,,,,,,,,,,,,,,,,,,,,,,,,,,,,,,,,,,,,,,,,,,nan,,,,,,,,,,,,,,,
841,18.02072525024414,0.00018028097110800445,0.018028097110800445,8718.10277557373,10000,ppo,ppo,crawler,flat,dth_dth_neighbours_direct,,,,,,,,,,,,,,,-6.58134349100721e-05,0,781,0.0,0.0,,,,,,,,,,,,,,,,,,,,,,,,,,,,,,,,,,,,,,,,,,,,,,,,,,,,,,,,,,,,,,,,,,,,,,,,,,nan,,,,,,,,,,,,,,,
842,-6.196685314178467,-6.20506179984659e-05,-0.0062050617998465896,8729.292530536652,10000,ppo,ppo,crawler,flat,dth_dth_neighbours_direct,,,,,,,,,,,,,,,0.0,0,781,0.0,0.0,,,,,,,,,,,,,,,,,,,,,,,,,,,,,,,,,,,,,,,,,,,,,,,,,,,,,,,,,,,,,,,,,,,,,,,,,,nan,,,,,,,,,,,,,,,
843,-11.904594421386719,-0.00011859250662382692,-0.011859250662382692,8740.53977894783,10000,ppo,ppo,crawler,flat,dth_dth_neighbours_direct,,,,,,,,,,,,,,,-6.0584654890849864e-05,0,781,0.0,0.0,,,,,,,,,,,,,,,,,,,,,,,,,,,,,,,,,,,,,,,,,,,,,,,,,,,,,,,,,,,,,,,,,,,,,,,,,,nan,,,,,,,,,,,,,,,
844,-13.273022651672363,-0.00013386712817009538,-0.013386712817009538,8751.883783578873,10000,ppo,ppo,crawler,flat,dth_dth_neighbours_direct,,,,,,,,,,,,,,,0.0,0,781,0.0,0.0,,,,,,,,,,,,,,,,,,,,,,,,,,,,,,,,,,,,,,,,,,,,,,,,,,,,,,,,,,,,,,,,,,,,,,,,,,nan,,,,,,,,,,,,,,,
845,-6.844193458557129,-6.844190647825599e-05,-0.006844190647825599,8762.824635267258,10000,ppo,ppo,crawler,flat,dth_dth_neighbours_direct,,,,,,,,,,,,,,,-0.002301806115358114,0,781,0.0,0.0,,,,,,,,,,,,,,,,,,,,,,,,,,,,,,,,,,,,,,,,,,,,,,,,,,,,,,,,,,,,,,,,,,,,,,,,,,nan,,,,,,,,,,,,,,,
846,5.96970796585083,5.9697034885175526e-05,0.005969703488517553,8774.24953341484,10000,ppo,ppo,crawler,flat,dth_dth_neighbours_direct,,,,,,,,,,,,,,,0.0,0,781,0.0,0.0,,,,,,,,,,,,,,,,,,,,,,,,,,,,,,,,,,,,,,,,,,,,,,,,,,,,,,,,,,,,,,,,,,,,,,,,,,nan,,,,,,,,,,,,,,,
847,-6.285923480987549,-6.288502481766045e-05,-0.006288502481766045,8785.504166126251,10000,ppo,ppo,crawler,flat,dth_dth_neighbours_direct,,,,,,,,,,,,,,,-3.14773626806794e-05,0,781,0.0,0.0,,,,,,,,,,,,,,,,,,,,,,,,,,,,,,,,,,,,,,,,,,,,,,,,,,,,,,,,,,,,,,,,,,,,,,,,,,nan,,,,,,,,,,,,,,,
848,-16.95979118347168,-0.00016971687728073448,-0.016971687728073448,8796.820472955704,10000,ppo,ppo,crawler,flat,dth_dth_neighbours_direct,,,,,,,,,,,,,,,-0.0025432086674909127,0,781,0.0,0.0,,,,,,,,,,,,,,,,,,,,,,,,,,,,,,,,,,,,,,,,,,,,,,,,,,,,,,,,,,,,,,,,,,,,,,,,,,nan,,,,,,,,,,,,,,,
849,11.681304931640625,0.0001163209744845517,0.01163209744845517,8807.94009423256,10000,ppo,ppo,crawler,flat,dth_dth_neighbours_direct,,,,,,,,,,,,,,,0.0,0,781,0.0,0.0,,,,,,,,,,,,,,,,,,,,,,,,,,,,,,,,,,,,,,,,,,,,,,,,,,,,,,,,,,,,,,,,,,,,,,,,,,nan,,,,,,,,,,,,,,,
850,-3.0323798656463623,-3.0607723601860926e-05,-0.0030607723601860926,8819.521357297897,10000,ppo,ppo,crawler,flat,dth_dth_neighbours_direct,,,,,,,,,,,,,,,-0.00010389511004834413,0,781,0.0,0.0,,,,,,,,,,,,,,,,,,,,,,,,,,,,,,,,,,,,,,,,,,,,,,,,,,,,,,,,,,,,,,,,,,,,,,,,,,nan,,,,,,,,,,,,,,,
851,-12.551741600036621,-0.00012576997687574476,-0.012576997687574476,8830.914656162262,10000,ppo,ppo,crawler,flat,dth_dth_neighbours_direct,,,,,,,,,,,,,,,0.0,0,781,0.0,0.0,,,,,,,,,,,,,,,,,,,,,,,,,,,,,,,,,,,,,,,,,,,,,,,,,,,,,,,,,,,,,,,,,,,,,,,,,,nan,,,,,,,,,,,,,,,
852,-27.821985244750977,-0.0002780719078145921,-0.027807190781459212,8841.822487831116,10000,ppo,ppo,crawler,flat,dth_dth_neighbours_direct,,,,,,,,,,,,,,,-3.524847500379199e-05,0,781,0.0,0.0,,,,,,,,,,,,,,,,,,,,,,,,,,,,,,,,,,,,,,,,,,,,,,,,,,,,,,,,,,,,,,,,,,,,,,,,,,nan,,,,,,,,,,,,,,,
853,-14.052482604980469,-0.00014010810991749167,-0.014010810991749167,8853.024799108505,10000,ppo,ppo,crawler,flat,dth_dth_neighbours_direct,,,,,,,,,,,,,,,-0.018020313787637767,0,781,0.0,0.0,,,,,,,,,,,,,,,,,,,,,,,,,,,,,,,,,,,,,,,,,,,,,,,,,,,,,,,,,,,,,,,,,,,,,,,,,,nan,,,,,,,,,,,,,,,
854,-2.4725306034088135,-2.47253046836704e-05,-0.00247253046836704,8864.209606170654,10000,ppo,ppo,crawler,flat,dth_dth_neighbours_direct,,,,,,,,,,,,,,,0.0,0,781,0.0,0.0,,,,,,,,,,,,,,,,,,,,,,,,,,,,,,,,,,,,,,,,,,,,,,,,,,,,,,,,,,,,,,,,,,,,,,,,,,nan,,,,,,,,,,,,,,,
855,0.036248017102479935,3.624930968726403e-07,3.624930968726403e-05,8875.864910125732,10000,ppo,ppo,crawler,flat,dth_dth_neighbours_direct,,,,,,,,,,,,,,,-9.76691769004326e-05,0,781,0.0,0.0,,,,,,,,,,,,,,,,,,,,,,,,,,,,,,,,,,,,,,,,,,,,,,,,,,,,,,,,,,,,,,,,,,,,,,,,,,nan,,,,,,,,,,,,,,,
856,-23.525775909423828,-0.0002365557593293488,-0.02365557593293488,8887.11494922638,10000,ppo,ppo,crawler,flat,dth_dth_neighbours_direct,,,,,,,,,,,,,,,-0.0018459434493441282,0,781,0.0,0.0,,,,,,,,,,,,,,,,,,,,,,,,,,,,,,,,,,,,,,,,,,,,,,,,,,,,,,,,,,,,,,,,,,,,,,,,,,nan,,,,,,,,,,,,,,,
857,3.8642051219940186,3.8642072468064725e-05,0.0038642072468064725,8898.362688302994,10000,ppo,ppo,crawler,flat,dth_dth_neighbours_direct,,,,,,,,,,,,,,,0.0,0,781,0.0,0.0,,,,,,,,,,,,,,,,,,,,,,,,,,,,,,,,,,,,,,,,,,,,,,,,,,,,,,,,,,,,,,,,,,,,,,,,,,nan,,,,,,,,,,,,,,,
858,-6.405097961425781,-6.407870387192816e-05,-0.0064078703871928155,8909.530817270279,10000,ppo,ppo,crawler,flat,dth_dth_neighbours_direct,,,,,,,,,,,,,,,-3.36901266867159e-05,0,781,0.0,0.0,,,,,,,,,,,,,,,,,,,,,,,,,,,,,,,,,,,,,,,,,,,,,,,,,,,,,,,,,,,,,,,,,,,,,,,,,,nan,,,,,,,,,,,,,,,
859,16.82475471496582,0.00016849445819389075,0.016849445819389075,8920.454724550247,10000,ppo,ppo,crawler,flat,dth_dth_neighbours_direct,,,,,,,,,,,,,,,-0.028675188693228666,0,781,0.0,0.0,,,,,,,,,,,,,,,,,,,,,,,,,,,,,,,,,,,,,,,,,,,,,,,,,,,,,,,,,,,,,,,,,,,,,,,,,,nan,,,,,,,,,,,,,,,
860,16.46977424621582,0.00016494933515787125,0.016494933515787125,8931.568297863007,10000,ppo,ppo,crawler,flat,dth_dth_neighbours_direct,,,,,,,,,,,,,,,0.0,0,781,0.0,0.0,,,,,,,,,,,,,,,,,,,,,,,,,,,,,,,,,,,,,,,,,,,,,,,,,,,,,,,,,,,,,,,,,,,,,,,,,,nan,,,,,,,,,,,,,,,
861,-20.360965728759766,-0.00020367751130834222,-0.020367751130834222,8942.624579191208,10000,ppo,ppo,crawler,flat,dth_dth_neighbours_direct,,,,,,,,,,,,,,,0.0,0,781,0.0,0.0,,,,,,,,,,,,,,,,,,,,,,,,,,,,,,,,,,,,,,,,,,,,,,,,,,,,,,,,,,,,,,,,,,,,,,,,,,nan,,,,,,,,,,,,,,,
862,4.691043853759766,4.716138573712669e-05,0.004716138573712669,8953.895478010178,10000,ppo,ppo,crawler,flat,dth_dth_neighbours_direct,,,,,,,,,,,,,,,-0.021581519727813372,0,781,0.0,0.0,,,,,,,,,,,,,,,,,,,,,,,,,,,,,,,,,,,,,,,,,,,,,,,,,,,,,,,,,,,,,,,,,,,,,,,,,,nan,,,,,,,,,,,,,,,
863,2.592116594314575,2.5921159249264747e-05,0.0025921159249264747,8964.988285064697,10000,ppo,ppo,crawler,flat,dth_dth_neighbours_direct,,,,,,,,,,,,,,,0.0,0,781,0.0,0.0,,,,,,,,,,,,,,,,,,,,,,,,,,,,,,,,,,,,,,,,,,,,,,,,,,,,,,,,,,,,,,,,,,,,,,,,,,nan,,,,,,,,,,,,,,,
864,-15.126715660095215,-0.0001515684270998463,-0.01515684270998463,8975.894117832184,10000,ppo,ppo,crawler,flat,dth_dth_neighbours_direct,,,,,,,,,,,,,,,-1.649195197182642e-05,0,781,0.0,0.0,,,,,,,,,,,,,,,,,,,,,,,,,,,,,,,,,,,,,,,,,,,,,,,,,,,,,,,,,,,,,,,,,,,,,,,,,,nan,,,,,,,,,,,,,,,
865,14.9861421585083,0.00014986132737249136,0.014986132737249136,8987.174699306488,10000,ppo,ppo,crawler,flat,dth_dth_neighbours_direct,,,,,,,,,,,,,,,-0.00369103294385838,0,781,0.0,0.0,,,,,,,,,,,,,,,,,,,,,,,,,,,,,,,,,,,,,,,,,,,,,,,,,,,,,,,,,,,,,,,,,,,,,,,,,,nan,,,,,,,,,,,,,,,
866,0.8726440668106079,8.72641885507619e-06,0.000872641885507619,8998.70451951027,10000,ppo,ppo,crawler,flat,dth_dth_neighbours_direct,,,,,,,,,,,,,,,-5.038812871015942e-07,0,781,0.0,0.0,,,,,,,,,,,,,,,,,,,,,,,,,,,,,,,,,,,,,,,,,,,,,,,,,,,,,,,,,,,,,,,,,,,,,,,,,,nan,,,,,,,,,,,,,,,
867,-2.280888557434082,-2.28088756557554e-05,-0.00228088756557554,9009.591264724731,10000,ppo,ppo,crawler,flat,dth_dth_neighbours_direct,,,,,,,,,,,,,,,-0.0024277994280416286,0,781,0.0,0.0,,,,,,,,,,,,,,,,,,,,,,,,,,,,,,,,,,,,,,,,,,,,,,,,,,,,,,,,,,,,,,,,,,,,,,,,,,nan,,,,,,,,,,,,,,,
868,5.749221324920654,5.7492135965730995e-05,0.0057492135965730995,9020.612399816513,10000,ppo,ppo,crawler,flat,dth_dth_neighbours_direct,,,,,,,,,,,,,,,-2.6171511842865645e-05,0,781,0.0,0.0,,,,,,,,,,,,,,,,,,,,,,,,,,,,,,,,,,,,,,,,,,,,,,,,,,,,,,,,,,,,,,,,,,,,,,,,,,nan,,,,,,,,,,,,,,,
869,9.887604713439941,9.88760803011246e-05,0.00988760803011246,9031.850043296814,10000,ppo,ppo,crawler,flat,dth_dth_neighbours_direct,,,,,,,,,,,,,,,0.0,0,781,0.0,0.0,,,,,,,,,,,,,,,,,,,,,,,,,,,,,,,,,,,,,,,,,,,,,,,,,,,,,,,,,,,,,,,,,,,,,,,,,,nan,,,,,,,,,,,,,,,
870,22.167028427124023,0.0002209347439929843,0.02209347439929843,9043.349641084671,10000,ppo,ppo,crawler,flat,dth_dth_neighbours_direct,,,,,,,,,,,,,,,-2.1840307370267054e-05,0,781,0.0,0.0,,,,,,,,,,,,,,,,,,,,,,,,,,,,,,,,,,,,,,,,,,,,,,,,,,,,,,,,,,,,,,,,,,,,,,,,,,nan,,,,,,,,,,,,,,,
871,-8.203797340393066,-8.203798643080518e-05,-0.008203798643080518,9054.42847108841,10000,ppo,ppo,crawler,flat,dth_dth_neighbours_direct,,,,,,,,,,,,,,,-0.0001819087478610068,0,781,0.0,0.0,,,,,,,,,,,,,,,,,,,,,,,,,,,,,,,,,,,,,,,,,,,,,,,,,,,,,,,,,,,,,,,,,,,,,,,,,,nan,,,,,,,,,,,,,,,
872,4.265151023864746,4.265151437721215e-05,0.004265151437721215,9065.842413902283,10000,ppo,ppo,crawler,flat,dth_dth_neighbours_direct,,,,,,,,,,,,,,,0.0,0,781,0.0,0.0,,,,,,,,,,,,,,,,,,,,,,,,,,,,,,,,,,,,,,,,,,,,,,,,,,,,,,,,,,,,,,,,,,,,,,,,,,nan,,,,,,,,,,,,,,,
873,-11.939645767211914,-0.00011964351870119572,-0.011964351870119572,9077.281598329544,10000,ppo,ppo,crawler,flat,dth_dth_neighbours_direct,,,,,,,,,,,,,,,-0.00014828594589889736,0,781,0.0,0.0,,,,,,,,,,,,,,,,,,,,,,,,,,,,,,,,,,,,,,,,,,,,,,,,,,,,,,,,,,,,,,,,,,,,,,,,,,nan,,,,,,,,,,,,,,,
874,2.091373920440674,2.0913765183649957e-05,0.0020913765183649957,9089.512989997864,10000,ppo,ppo,crawler,flat,dth_dth_neighbours_direct,,,,,,,,,,,,,,,0.0,0,781,0.0,0.0,,,,,,,,,,,,,,,,,,,,,,,,,,,,,,,,,,,,,,,,,,,,,,,,,,,,,,,,,,,,,,,,,,,,,,,,,,nan,,,,,,,,,,,,,,,
875,-24.155200958251953,-0.00024265816318802536,-0.024265816318802536,9100.784897089005,10000,ppo,ppo,crawler,flat,dth_dth_neighbours_direct,,,,,,,,,,,,,,,-3.7960660442347412e-06,0,781,0.0,0.0,,,,,,,,,,,,,,,,,,,,,,,,,,,,,,,,,,,,,,,,,,,,,,,,,,,,,,,,,,,,,,,,,,,,,,,,,,nan,,,,,,,,,,,,,,,
876,-3.511293888092041,-3.5112931072944775e-05,-0.0035112931072944775,9110.983109235764,10000,ppo,ppo,crawler,flat,dth_dth_neighbours_direct,,,,,,,,,,,,,,,-0.0028532972659500704,0,781,0.0,0.0,,,,,,,,,,,,,,,,,,,,,,,,,,,,,,,,,,,,,,,,,,,,,,,,,,,,,,,,,,,,,,,,,,,,,,,,,,nan,,,,,,,,,,,,,,,
877,-6.439666748046875,-6.43967287032865e-05,-0.00643967287032865,9121.475428581238,10000,ppo,ppo,crawler,flat,dth_dth_neighbours_direct,,,,,,,,,,,,,,,0.0,0,781,0.0,0.0,,,,,,,,,,,,,,,,,,,,,,,,,,,,,,,,,,,,,,,,,,,,,,,,,,,,,,,,,,,,,,,,,,,,,,,,,,nan,,,,,,,,,,,,,,,
878,-6.716519355773926,-6.664317334070802e-05,-0.006664317334070802,9132.924354314804,10000,ppo,ppo,crawler,flat,dth_dth_neighbours_direct,,,,,,,,,,,,,,,-4.589798527551522e-06,0,781,0.0,0.0,,,,,,,,,,,,,,,,,,,,,,,,,,,,,,,,,,,,,,,,,,,,,,,,,,,,,,,,,,,,,,,,,,,,,,,,,,nan,,,,,,,,,,,,,,,
879,-31.467798233032227,-0.00031489948742091656,-0.031489948742091656,9143.952709674835,10000,ppo,ppo,crawler,flat,dth_dth_neighbours_direct,,,,,,,,,,,,,,,-3.809167880674636e-05,0,781,0.0,0.0,,,,,,,,,,,,,,,,,,,,,,,,,,,,,,,,,,,,,,,,,,,,,,,,,,,,,,,,,,,,,,,,,,,,,,,,,,nan,,,,,,,,,,,,,,,
880,1.5682111978530884,1.5682173398090526e-05,0.0015682173398090526,9154.390587806702,10000,ppo,ppo,crawler,flat,dth_dth_neighbours_direct,,,,,,,,,,,,,,,-0.013351152988482223,0,781,0.0,0.0,,,,,,,,,,,,,,,,,,,,,,,,,,,,,,,,,,,,,,,,,,,,,,,,,,,,,,,,,,,,,,,,,,,,,,,,,,nan,,,,,,,,,,,,,,,
881,15.852724075317383,0.00015865755267441273,0.015865755267441273,9165.39996099472,10000,ppo,ppo,crawler,flat,dth_dth_neighbours_direct,,,,,,,,,,,,,,,-5.766556320399542e-05,0,781,0.0,0.0,,,,,,,,,,,,,,,,,,,,,,,,,,,,,,,,,,,,,,,,,,,,,,,,,,,,,,,,,,,,,,,,,,,,,,,,,,nan,,,,,,,,,,,,,,,
882,27.81990623474121,0.00027801081887446344,0.027801081887446344,9175.642480611801,10000,ppo,ppo,crawler,flat,dth_dth_neighbours_direct,,,,,,,,,,,,,,,0.0,0,781,0.0,0.0,,,,,,,,,,,,,,,,,,,,,,,,,,,,,,,,,,,,,,,,,,,,,,,,,,,,,,,,,,,,,,,,,,,,,,,,,,nan,,,,,,,,,,,,,,,
883,6.501777648925781,6.435886461986229e-05,0.006435886461986229,9186.254498958588,10000,ppo,ppo,crawler,flat,dth_dth_neighbours_direct,,,,,,,,,,,,,,,-2.6001190711838334e-06,0,781,0.0,0.0,,,,,,,,,,,,,,,,,,,,,,,,,,,,,,,,,,,,,,,,,,,,,,,,,,,,,,,,,,,,,,,,,,,,,,,,,,nan,,,,,,,,,,,,,,,
884,17.59566307067871,0.00017611426301300526,0.017611426301300526,9197.950887918472,10000,ppo,ppo,crawler,flat,dth_dth_neighbours_direct,,,,,,,,,,,,,,,-0.0008584693117155461,0,781,0.0,0.0,,,,,,,,,,,,,,,,,,,,,,,,,,,,,,,,,,,,,,,,,,,,,,,,,,,,,,,,,,,,,,,,,,,,,,,,,,nan,,,,,,,,,,,,,,,
885,-21.808156967163086,-0.0002182752068620175,-0.02182752068620175,9212.31519317627,10000,ppo,ppo,crawler,flat,dth_dth_neighbours_direct,,,,,,,,,,,,,,,0.0,0,781,0.0,0.0,,,,,,,,,,,,,,,,,,,,,,,,,,,,,,,,,,,,,,,,,,,,,,,,,,,,,,,,,,,,,,,,,,,,,,,,,,nan,,,,,,,,,,,,,,,
886,-0.6733682751655579,-6.7336832216824405e-06,-0.000673368322168244,9225.664102315903,10000,ppo,ppo,crawler,flat,dth_dth_neighbours_direct,,,,,,,,,,,,,,,-1.443306487363676e-05,0,781,0.0,0.0,,,,,,,,,,,,,,,,,,,,,,,,,,,,,,,,,,,,,,,,,,,,,,,,,,,,,,,,,,,,,,,,,,,,,,,,,,nan,,,,,,,,,,,,,,,
887,-8.540595054626465,-8.540585986338556e-05,-0.008540585986338556,9236.545065164566,10000,ppo,ppo,crawler,flat,dth_dth_neighbours_direct,,,,,,,,,,,,,,,-0.000566515096113868,0,781,0.0,0.0,,,,,,,,,,,,,,,,,,,,,,,,,,,,,,,,,,,,,,,,,,,,,,,,,,,,,,,,,,,,,,,,,,,,,,,,,,nan,,,,,,,,,,,,,,,
888,-13.182499885559082,-0.00013202101399656385,-0.013202101399656385,9247.318529844284,10000,ppo,ppo,crawler,flat,dth_dth_neighbours_direct,,,,,,,,,,,,,,,0.0,0,781,0.0,0.0,,,,,,,,,,,,,,,,,,,,,,,,,,,,,,,,,,,,,,,,,,,,,,,,,,,,,,,,,,,,,,,,,,,,,,,,,,nan,,,,,,,,,,,,,,,
889,4.2322096824646,4.2322109948145226e-05,0.0042322109948145226,9257.545404434204,10000,ppo,ppo,crawler,flat,dth_dth_neighbours_direct,,,,,,,,,,,,,,,-0.004793623593491568,0,781,0.0,0.0,,,,,,,,,,,,,,,,,,,,,,,,,,,,,,,,,,,,,,,,,,,,,,,,,,,,,,,,,,,,,,,,,,,,,,,,,,nan,,,,,,,,,,,,,,,
890,-7.195961952209473,-7.175788778113201e-05,-0.007175788778113201,9267.827469348907,10000,ppo,ppo,crawler,flat,dth_dth_neighbours_direct,,,,,,,,,,,,,,,-2.9965365846926364e-05,0,781,0.0,0.0,,,,,,,,,,,,,,,,,,,,,,,,,,,,,,,,,,,,,,,,,,,,,,,,,,,,,,,,,,,,,,,,,,,,,,,,,,nan,,,,,,,,,,,,,,,
891,7.317747592926025,7.335123518714681e-05,0.007335123518714681,9279.117767810822,10000,ppo,ppo,crawler,flat,dth_dth_neighbours_direct,,,,,,,,,,,,,,,0.0,0,781,0.0,0.0,,,,,,,,,,,,,,,,,,,,,,,,,,,,,,,,,,,,,,,,,,,,,,,,,,,,,,,,,,,,,,,,,,,,,,,,,,nan,,,,,,,,,,,,,,,
892,-2.0436599254608154,-2.023497836489696e-05,-0.002023497836489696,9291.738075256348,10000,ppo,ppo,crawler,flat,dth_dth_neighbours_direct,,,,,,,,,,,,,,,-0.002113236521016544,0,781,0.0,0.0,,,,,,,,,,,,,,,,,,,,,,,,,,,,,,,,,,,,,,,,,,,,,,,,,,,,,,,,,,,,,,,,,,,,,,,,,,nan,,,,,,,,,,,,,,,
893,-1.6275672912597656,-1.7272755940211937e-05,-0.0017272755940211937,9304.150550603867,10000,ppo,ppo,crawler,flat,dth_dth_neighbours_direct,,,,,,,,,,,,,,,0.0,0,781,0.0,0.0,,,,,,,,,,,,,,,,,,,,,,,,,,,,,,,,,,,,,,,,,,,,,,,,,,,,,,,,,,,,,,,,,,,,,,,,,,nan,,,,,,,,,,,,,,,
894,9.793004035949707,9.879277786239982e-05,0.009879277786239982,9315.346971988678,10000,ppo,ppo,crawler,flat,dth_dth_neighbours_direct,,,,,,,,,,,,,,,-0.00020783172178627128,0,781,0.0,0.0,,,,,,,,,,,,,,,,,,,,,,,,,,,,,,,,,,,,,,,,,,,,,,,,,,,,,,,,,,,,,,,,,,,,,,,,,,nan,,,,,,,,,,,,,,,
895,0.7250052690505981,7.250117960211355e-06,0.0007250117960211355,9324.953079938889,10000,ppo,ppo,crawler,flat,dth_dth_neighbours_direct,,,,,,,,,,,,,,,0.0,0,781,0.0,0.0,,,,,,,,,,,,,,,,,,,,,,,,,,,,,,,,,,,,,,,,,,,,,,,,,,,,,,,,,,,,,,,,,,,,,,,,,,nan,,,,,,,,,,,,,,,
896,30.950586318969727,0.0003104194765910506,0.031041947659105062,9334.95717048645,10000,ppo,ppo,crawler,flat,dth_dth_neighbours_direct,,,,,,,,,,,,,,,-0.004058785122436461,0,781,0.0,0.0,,,,,,,,,,,,,,,,,,,,,,,,,,,,,,,,,,,,,,,,,,,,,,,,,,,,,,,,,,,,,,,,,,,,,,,,,,nan,,,,,,,,,,,,,,,
897,26.31702995300293,0.0002633354743011296,0.026333547430112958,9344.933597564697,10000,ppo,ppo,crawler,flat,dth_dth_neighbours_direct,,,,,,,,,,,,,,,0.0,0,781,0.0,0.0,,,,,,,,,,,,,,,,,,,,,,,,,,,,,,,,,,,,,,,,,,,,,,,,,,,,,,,,,,,,,,,,,,,,,,,,,,nan,,,,,,,,,,,,,,,
898,-4.423779010772705,-4.42377568106167e-05,-0.00442377568106167,9354.715466022491,10000,ppo,ppo,crawler,flat,dth_dth_neighbours_direct,,,,,,,,,,,,,,,-1.8676451947563895e-05,0,781,0.0,0.0,,,,,,,,,,,,,,,,,,,,,,,,,,,,,,,,,,,,,,,,,,,,,,,,,,,,,,,,,,,,,,,,,,,,,,,,,,nan,,,,,,,,,,,,,,,
899,-5.032666206359863,-5.032668559579179e-05,-0.005032668559579179,9365.267795801163,10000,ppo,ppo,crawler,flat,dth_dth_neighbours_direct,,,,,,,,,,,,,,,0.0,0,781,0.0,0.0,,,,,,,,,,,,,,,,,,,,,,,,,,,,,,,,,,,,,,,,,,,,,,,,,,,,,,,,,,,,,,,,,,,,,,,,,,nan,,,,,,,,,,,,,,,
900,1.8957443237304688,1.895742207125295e-05,0.001895742207125295,9375.417128801346,10000,ppo,ppo,crawler,flat,dth_dth_neighbours_direct,,,,,,,,,,,,,,,-5.64541748788079e-05,0,781,0.0,0.0,,,,,,,,,,,,,,,,,,,,,,,,,,,,,,,,,,,,,,,,,,,,,,,,,,,,,,,,,,,,,,,,,,,,,,,,,,nan,,,,,,,,,,,,,,,
901,4.944580078125,4.9445778131484985e-05,0.0049445778131484985,9385.796510696411,10000,ppo,ppo,crawler,flat,dth_dth_neighbours_direct,,,,,,,,,,,,,,,-0.0005569555039461535,0,781,0.0,0.0,,,,,,,,,,,,,,,,,,,,,,,,,,,,,,,,,,,,,,,,,,,,,,,,,,,,,,,,,,,,,,,,,,,,,,,,,,nan,,,,,,,,,,,,,,,
902,-14.212889671325684,-0.0001428511895937845,-0.014285118959378451,9395.916205406189,10000,ppo,ppo,crawler,flat,dth_dth_neighbours_direct,,,,,,,,,,,,,,,0.0,0,781,0.0,0.0,,,,,,,,,,,,,,,,,,,,,,,,,,,,,,,,,,,,,,,,,,,,,,,,,,,,,,,,,,,,,,,,,,,,,,,,,,nan,,,,,,,,,,,,,,,
903,15.10406494140625,0.00015074243128765374,0.015074243128765374,9405.927393436432,10000,ppo,ppo,crawler,flat,dth_dth_neighbours_direct,,,,,,,,,,,,,,,-2.449567139950055e-05,0,781,0.0,0.0,,,,,,,,,,,,,,,,,,,,,,,,,,,,,,,,,,,,,,,,,,,,,,,,,,,,,,,,,,,,,,,,,,,,,,,,,,nan,,,,,,,,,,,,,,,
904,-12.6351957321167,-0.00012754142517223954,-0.012754142517223954,9416.072609901428,10000,ppo,ppo,crawler,flat,dth_dth_neighbours_direct,,,,,,,,,,,,,,,0.0,0,781,0.0,0.0,,,,,,,,,,,,,,,,,,,,,,,,,,,,,,,,,,,,,,,,,,,,,,,,,,,,,,,,,,,,,,,,,,,,,,,,,,nan,,,,,,,,,,,,,,,
905,-13.7935791015625,-0.0001389202370774001,-0.013892023707740009,9425.434092521667,10000,ppo,ppo,crawler,flat,dth_dth_neighbours_direct,,,,,,,,,,,,,,,-9.629230292826394e-06,0,781,0.0,0.0,,,,,,,,,,,,,,,,,,,,,,,,,,,,,,,,,,,,,,,,,,,,,,,,,,,,,,,,,,,,,,,,,,,,,,,,,,nan,,,,,,,,,,,,,,,
906,-31.919279098510742,-0.0003182378422934562,-0.03182378422934562,9436.32738852501,10000,ppo,ppo,crawler,flat,dth_dth_neighbours_direct,,,,,,,,,,,,,,,-4.381281246220104e-06,0,781,0.0,0.0,,,,,,,,,,,,,,,,,,,,,,,,,,,,,,,,,,,,,,,,,,,,,,,,,,,,,,,,,,,,,,,,,,,,,,,,,,nan,,,,,,,,,,,,,,,
907,-17.988340377807617,-0.00017950790061149746,-0.017950790061149746,9445.647870540619,10000,ppo,ppo,crawler,flat,dth_dth_neighbours_direct,,,,,,,,,,,,,,,-3.700238317442001e-05,0,781,0.0,0.0,,,,,,,,,,,,,,,,,,,,,,,,,,,,,,,,,,,,,,,,,,,,,,,,,,,,,,,,,,,,,,,,,,,,,,,,,,nan,,,,,,,,,,,,,,,
908,-13.577974319458008,-0.0001353085390292108,-0.01353085390292108,9455.648436784744,10000,ppo,ppo,crawler,flat,dth_dth_neighbours_direct,,,,,,,,,,,,,,,-0.0008522254043996869,0,781,0.0,0.0,,,,,,,,,,,,,,,,,,,,,,,,,,,,,,,,,,,,,,,,,,,,,,,,,,,,,,,,,,,,,,,,,,,,,,,,,,nan,,,,,,,,,,,,,,,
909,-11.350062370300293,-0.00011272818665020168,-0.011272818665020168,9466.617292404175,10000,ppo,ppo,crawler,flat,dth_dth_neighbours_direct,,,,,,,,,,,,,,,0.0,0,781,0.0,0.0,,,,,,,,,,,,,,,,,,,,,,,,,,,,,,,,,,,,,,,,,,,,,,,,,,,,,,,,,,,,,,,,,,,,,,,,,,nan,,,,,,,,,,,,,,,
910,-8.241311073303223,-8.478447125526145e-05,-0.008478447125526145,9476.442636489868,10000,ppo,ppo,crawler,flat,dth_dth_neighbours_direct,,,,,,,,,,,,,,,-7.740378131787084e-06,0,781,0.0,0.0,,,,,,,,,,,,,,,,,,,,,,,,,,,,,,,,,,,,,,,,,,,,,,,,,,,,,,,,,,,,,,,,,,,,,,,,,,nan,,,,,,,,,,,,,,,
911,-14.714106559753418,-0.0001483000087318942,-0.01483000087318942,9486.885634422302,10000,ppo,ppo,crawler,flat,dth_dth_neighbours_direct,,,,,,,,,,,,,,,-1.294116838984239e-05,0,781,0.0,0.0,,,,,,,,,,,,,,,,,,,,,,,,,,,,,,,,,,,,,,,,,,,,,,,,,,,,,,,,,,,,,,,,,,,,,,,,,,nan,,,,,,,,,,,,,,,
912,5.418312072753906,5.44375398021657e-05,0.00544375398021657,9497.536067724228,10000,ppo,ppo,crawler,flat,dth_dth_neighbours_direct,,,,,,,,,,,,,,,-0.005888157830634434,0,781,0.0,0.0,,,,,,,,,,,,,,,,,,,,,,,,,,,,,,,,,,,,,,,,,,,,,,,,,,,,,,,,,,,,,,,,,,,,,,,,,,nan,,,,,,,,,,,,,,,
913,0.32336312532424927,3.0350090582942357e-06,0.00030350090582942357,9508.100588798523,10000,ppo,ppo,crawler,flat,dth_dth_neighbours_direct,,,,,,,,,,,,,,,0.0,0,781,0.0,0.0,,,,,,,,,,,,,,,,,,,,,,,,,,,,,,,,,,,,,,,,,,,,,,,,,,,,,,,,,,,,,,,,,,,,,,,,,,nan,,,,,,,,,,,,,,,
914,-11.242708206176758,-0.00011260202882112935,-0.011260202882112935,9519.676867485046,10000,ppo,ppo,crawler,flat,dth_dth_neighbours_direct,,,,,,,,,,,,,,,-5.9824966361672255e-06,0,781,0.0,0.0,,,,,,,,,,,,,,,,,,,,,,,,,,,,,,,,,,,,,,,,,,,,,,,,,,,,,,,,,,,,,,,,,,,,,,,,,,nan,,,,,,,,,,,,,,,
915,1.691775918006897,1.6917836546781473e-05,0.0016917836546781473,9531.083510160446,10000,ppo,ppo,crawler,flat,dth_dth_neighbours_direct,,,,,,,,,,,,,,,-0.004238186071408619,0,781,0.0,0.0,,,,,,,,,,,,,,,,,,,,,,,,,,,,,,,,,,,,,,,,,,,,,,,,,,,,,,,,,,,,,,,,,,,,,,,,,,nan,,,,,,,,,,,,,,,
916,3.0682108402252197,3.068208752665669e-05,0.0030682087526656687,9542.699188709259,10000,ppo,ppo,crawler,flat,dth_dth_neighbours_direct,,,,,,,,,,,,,,,0.0,0,781,0.0,0.0,,,,,,,,,,,,,,,,,,,,,,,,,,,,,,,,,,,,,,,,,,,,,,,,,,,,,,,,,,,,,,,,,,,,,,,,,,nan,,,,,,,,,,,,,,,
917,1.0358936786651611,1.0358908184571192e-05,0.0010358908184571192,9554.142765045166,10000,ppo,ppo,crawler,flat,dth_dth_neighbours_direct,,,,,,,,,,,,,,,-7.960042664626191e-06,0,781,0.0,0.0,,,,,,,,,,,,,,,,,,,,,,,,,,,,,,,,,,,,,,,,,,,,,,,,,,,,,,,,,,,,,,,,,,,,,,,,,,nan,,,,,,,,,,,,,,,
918,12.586967468261719,0.00012580577458720654,0.012580577458720654,9565.481798171997,10000,ppo,ppo,crawler,flat,dth_dth_neighbours_direct,,,,,,,,,,,,,,,-0.020169013102327816,0,781,0.0,0.0,,,,,,,,,,,,,,,,,,,,,,,,,,,,,,,,,,,,,,,,,,,,,,,,,,,,,,,,,,,,,,,,,,,,,,,,,,nan,,,,,,,,,,,,,,,
919,9.013725280761719,9.013718226924539e-05,0.009013718226924539,9576.61817741394,10000,ppo,ppo,crawler,flat,dth_dth_neighbours_direct,,,,,,,,,,,,,,,-3.2087020032231848e-06,0,781,0.0,0.0,,,,,,,,,,,,,,,,,,,,,,,,,,,,,,,,,,,,,,,,,,,,,,,,,,,,,,,,,,,,,,,,,,,,,,,,,,nan,,,,,,,,,,,,,,,
920,-14.641451835632324,-0.0001468879490857944,-0.014688794908579439,9588.07046365738,10000,ppo,ppo,crawler,flat,dth_dth_neighbours_direct,,,,,,,,,,,,,,,-2.055341871538785e-05,0,781,0.0,0.0,,,,,,,,,,,,,,,,,,,,,,,,,,,,,,,,,,,,,,,,,,,,,,,,,,,,,,,,,,,,,,,,,,,,,,,,,,nan,,,,,,,,,,,,,,,
921,-10.97000789642334,-0.00010970012954203412,-0.010970012954203412,9599.486199140549,10000,ppo,ppo,crawler,flat,dth_dth_neighbours_direct,,,,,,,,,,,,,,,9.187551217675973e-05,0,781,0.0,0.0,,,,,,,,,,,,,,,,,,,,,,,,,,,,,,,,,,,,,,,,,,,,,,,,,,,,,,,,,,,,,,,,,,,,,,,,,,nan,,,,,,,,,,,,,,,
922,-1.761433482170105,-1.761428029567469e-05,-0.001761428029567469,9610.630285024643,10000,ppo,ppo,crawler,flat,dth_dth_neighbours_direct,,,,,,,,,,,,,,,-9.702240735788505e-06,0,781,0.0,0.0,,,,,,,,,,,,,,,,,,,,,,,,,,,,,,,,,,,,,,,,,,,,,,,,,,,,,,,,,,,,,,,,,,,,,,,,,,nan,,,,,,,,,,,,,,,
923,10.807780265808105,0.0001080777874449268,0.01080777874449268,9621.819217920303,10000,ppo,ppo,crawler,flat,dth_dth_neighbours_direct,,,,,,,,,,,,,,,-0.004416988362413897,0,781,0.0,0.0,,,,,,,,,,,,,,,,,,,,,,,,,,,,,,,,,,,,,,,,,,,,,,,,,,,,,,,,,,,,,,,,,,,,,,,,,,nan,,,,,,,,,,,,,,,
924,-16.484487533569336,-0.00016509959823451936,-0.016509959823451936,9632.968200445175,10000,ppo,ppo,crawler,flat,dth_dth_neighbours_direct,,,,,,,,,,,,,,,-1.5747023891853157e-05,0,781,0.0,0.0,,,,,,,,,,,,,,,,,,,,,,,,,,,,,,,,,,,,,,,,,,,,,,,,,,,,,,,,,,,,,,,,,,,,,,,,,,nan,,,,,,,,,,,,,,,
925,4.46329402923584,4.463294317247346e-05,0.004463294317247346,9644.237922906876,10000,ppo,ppo,crawler,flat,dth_dth_neighbours_direct,,,,,,,,,,,,,,,-0.0014336194494851268,0,781,0.0,0.0,,,,,,,,,,,,,,,,,,,,,,,,,,,,,,,,,,,,,,,,,,,,,,,,,,,,,,,,,,,,,,,,,,,,,,,,,,nan,,,,,,,,,,,,,,,
926,-0.28734761476516724,-2.8734909847116796e-06,-0.00028734909847116796,9655.494936466217,10000,ppo,ppo,crawler,flat,dth_dth_neighbours_direct,,,,,,,,,,,,,,,0.0,0,781,0.0,0.0,,,,,,,,,,,,,,,,,,,,,,,,,,,,,,,,,,,,,,,,,,,,,,,,,,,,,,,,,,,,,,,,,,,,,,,,,,nan,,,,,,,,,,,,,,,
927,19.759016036987305,0.00019836597493849695,0.019836597493849695,9666.556498527527,10000,ppo,ppo,crawler,flat,dth_dth_neighbours_direct,,,,,,,,,,,,,,,-0.00022649552038704997,0,781,0.0,0.0,,,,,,,,,,,,,,,,,,,,,,,,,,,,,,,,,,,,,,,,,,,,,,,,,,,,,,,,,,,,,,,,,,,,,,,,,,nan,,,,,,,,,,,,,,,
928,1.3854817152023315,1.3854813005309552e-05,0.0013854813005309552,9677.608227491379,10000,ppo,ppo,crawler,flat,dth_dth_neighbours_direct,,,,,,,,,,,,,,,-0.002034851193676074,0,781,0.0,0.0,,,,,,,,,,,,,,,,,,,,,,,,,,,,,,,,,,,,,,,,,,,,,,,,,,,,,,,,,,,,,,,,,,,,,,,,,,nan,,,,,,,,,,,,,,,
929,-30.302276611328125,-0.00030439006513915956,-0.030439006513915956,9688.954756975174,10000,ppo,ppo,crawler,flat,dth_dth_neighbours_direct,,,,,,,,,,,,,,,0.0,0,781,0.0,0.0,,,,,,,,,,,,,,,,,,,,,,,,,,,,,,,,,,,,,,,,,,,,,,,,,,,,,,,,,,,,,,,,,,,,,,,,,,nan,,,,,,,,,,,,,,,
930,-1.2219581604003906,-1.2219591553730424e-05,-0.0012219591553730424,9700.106837272644,10000,ppo,ppo,crawler,flat,dth_dth_neighbours_direct,,,,,,,,,,,,,,,-0.0018560114506245729,0,781,0.0,0.0,,,,,,,,,,,,,,,,,,,,,,,,,,,,,,,,,,,,,,,,,,,,,,,,,,,,,,,,,,,,,,,,,,,,,,,,,,nan,,,,,,,,,,,,,,,
931,-16.36977195739746,-0.00016378086002077907,-0.016378086002077907,9711.448995351791,10000,ppo,ppo,crawler,flat,dth_dth_neighbours_direct,,,,,,,,,,,,,,,0.0,0,781,0.0,0.0,,,,,,,,,,,,,,,,,,,,,,,,,,,,,,,,,,,,,,,,,,,,,,,,,,,,,,,,,,,,,,,,,,,,,,,,,,nan,,,,,,,,,,,,,,,
932,4.88601016998291,4.8860096285352483e-05,0.004886009628535248,9722.899123191833,10000,ppo,ppo,crawler,flat,dth_dth_neighbours_direct,,,,,,,,,,,,,,,-1.3094255879578609e-05,0,781,0.0,0.0,,,,,,,,,,,,,,,,,,,,,,,,,,,,,,,,,,,,,,,,,,,,,,,,,,,,,,,,,,,,,,,,,,,,,,,,,,nan,,,,,,,,,,,,,,,
933,32.886348724365234,0.00032903565443120897,0.0329035654431209,9734.035244941711,10000,ppo,ppo,crawler,flat,dth_dth_neighbours_direct,,,,,,,,,,,,,,,-0.0005764365673217823,0,781,0.0,0.0,,,,,,,,,,,,,,,,,,,,,,,,,,,,,,,,,,,,,,,,,,,,,,,,,,,,,,,,,,,,,,,,,,,,,,,,,,nan,,,,,,,,,,,,,,,
934,-21.822736740112305,-0.0002178033028030768,-0.02178033028030768,9745.341520547867,10000,ppo,ppo,crawler,flat,dth_dth_neighbours_direct,,,,,,,,,,,,,,,0.0,0,781,0.0,0.0,,,,,,,,,,,,,,,,,,,,,,,,,,,,,,,,,,,,,,,,,,,,,,,,,,,,,,,,,,,,,,,,,,,,,,,,,,nan,,,,,,,,,,,,,,,
935,36.90427780151367,0.0003694363113027066,0.03694363113027066,9756.811290025711,10000,ppo,ppo,crawler,flat,dth_dth_neighbours_direct,,,,,,,,,,,,,,,-5.282836676445264e-05,0,781,0.0,0.0,,,,,,,,,,,,,,,,,,,,,,,,,,,,,,,,,,,,,,,,,,,,,,,,,,,,,,,,,,,,,,,,,,,,,,,,,,nan,,,,,,,,,,,,,,,
936,9.319609642028809,9.31960457819514e-05,0.00931960457819514,9768.200470209122,10000,ppo,ppo,crawler,flat,dth_dth_neighbours_direct,,,,,,,,,,,,,,,-8.194392520776937e-06,0,781,0.0,0.0,,,,,,,,,,,,,,,,,,,,,,,,,,,,,,,,,,,,,,,,,,,,,,,,,,,,,,,,,,,,,,,,,,,,,,,,,,nan,,,,,,,,,,,,,,,
937,-0.9966140985488892,-9.48150955082383e-06,-0.000948150955082383,9778.080431699753,10000,ppo,ppo,crawler,flat,dth_dth_neighbours_direct,,,,,,,,,,,,,,,-1.1670740652786479e-05,0,781,0.0,0.0,,,,,,,,,,,,,,,,,,,,,,,,,,,,,,,,,,,,,,,,,,,,,,,,,,,,,,,,,,,,,,,,,,,,,,,,,,nan,,,,,,,,,,,,,,,
938,12.500151634216309,0.0001251667708856985,0.01251667708856985,9787.379057884216,10000,ppo,ppo,crawler,flat,dth_dth_neighbours_direct,,,,,,,,,,,,,,,-0.0010678323985061939,0,781,0.0,0.0,,,,,,,,,,,,,,,,,,,,,,,,,,,,,,,,,,,,,,,,,,,,,,,,,,,,,,,,,,,,,,,,,,,,,,,,,,nan,,,,,,,,,,,,,,,
939,-23.770490646362305,-0.00023764578509144485,-0.023764578509144485,9797.015765666962,10000,ppo,ppo,crawler,flat,dth_dth_neighbours_direct,,,,,,,,,,,,,,,0.0,0,781,0.0,0.0,,,,,,,,,,,,,,,,,,,,,,,,,,,,,,,,,,,,,,,,,,,,,,,,,,,,,,,,,,,,,,,,,,,,,,,,,,nan,,,,,,,,,,,,,,,
940,-12.772200584411621,-0.00012772199988830835,-0.012772199988830835,9807.50656414032,10000,ppo,ppo,crawler,flat,dth_dth_neighbours_direct,,,,,,,,,,,,,,,-2.940267648800692e-06,0,781,0.0,0.0,,,,,,,,,,,,,,,,,,,,,,,,,,,,,,,,,,,,,,,,,,,,,,,,,,,,,,,,,,,,,,,,,,,,,,,,,,nan,,,,,,,,,,,,,,,
941,-7.4099860191345215,-7.427310629282147e-05,-0.007427310629282147,9817.609837293625,10000,ppo,ppo,crawler,flat,dth_dth_neighbours_direct,,,,,,,,,,,,,,,-1.2008362376964657e-05,0,781,0.0,0.0,,,,,,,,,,,,,,,,,,,,,,,,,,,,,,,,,,,,,,,,,,,,,,,,,,,,,,,,,,,,,,,,,,,,,,,,,,nan,,,,,,,,,,,,,,,
942,-22.775184631347656,-0.00022809047368355095,-0.022809047368355095,9827.871144771576,10000,ppo,ppo,crawler,flat,dth_dth_neighbours_direct,,,,,,,,,,,,,,,5.1038182327445125e-06,0,781,0.0,0.0,,,,,,,,,,,,,,,,,,,,,,,,,,,,,,,,,,,,,,,,,,,,,,,,,,,,,,,,,,,,,,,,,,,,,,,,,,nan,,,,,,,,,,,,,,,
943,9.167620658874512,9.167617099592462e-05,0.009167617099592462,9838.528967380524,10000,ppo,ppo,crawler,flat,dth_dth_neighbours_direct,,,,,,,,,,,,,,,-0.013243956783507376,0,781,0.0,0.0,,,,,,,,,,,,,,,,,,,,,,,,,,,,,,,,,,,,,,,,,,,,,,,,,,,,,,,,,,,,,,,,,,,,,,,,,,nan,,,,,,,,,,,,,,,
944,-10.140281677246094,-0.00010187829320784658,-0.010187829320784658,9848.519706964493,10000,ppo,ppo,crawler,flat,dth_dth_neighbours_direct,,,,,,,,,,,,,,,-6.280166887595925e-07,0,781,0.0,0.0,,,,,,,,,,,,,,,,,,,,,,,,,,,,,,,,,,,,,,,,,,,,,,,,,,,,,,,,,,,,,,,,,,,,,,,,,,nan,,,,,,,,,,,,,,,
945,-12.253233909606934,-0.00012275062908884138,-0.012275062908884138,9858.46128821373,10000,ppo,ppo,crawler,flat,dth_dth_neighbours_direct,,,,,,,,,,,,,,,-6.888808250885156e-06,0,781,0.0,0.0,,,,,,,,,,,,,,,,,,,,,,,,,,,,,,,,,,,,,,,,,,,,,,,,,,,,,,,,,,,,,,,,,,,,,,,,,,nan,,,,,,,,,,,,,,,
946,-8.640604972839355,-8.640603482490405e-05,-0.008640603482490405,9869.337586402893,10000,ppo,ppo,crawler,flat,dth_dth_neighbours_direct,,,,,,,,,,,,,,,-3.628492135931374e-05,0,781,0.0,0.0,,,,,,,,,,,,,,,,,,,,,,,,,,,,,,,,,,,,,,,,,,,,,,,,,,,,,,,,,,,,,,,,,,,,,,,,,,nan,,,,,,,,,,,,,,,
947,2.440364122390747,2.440365460643079e-05,0.002440365460643079,9881.221755504608,10000,ppo,ppo,crawler,flat,dth_dth_neighbours_direct,,,,,,,,,,,,,,,0.0,0,781,0.0,0.0,,,,,,,,,,,,,,,,,,,,,,,,,,,,,,,,,,,,,,,,,,,,,,,,,,,,,,,,,,,,,,,,,,,,,,,,,,nan,,,,,,,,,,,,,,,
948,-9.596746444702148,-9.646085527492687e-05,-0.009646085527492687,9892.602658510208,10000,ppo,ppo,crawler,flat,dth_dth_neighbours_direct,,,,,,,,,,,,,,,-3.494244789115598e-06,0,781,0.0,0.0,,,,,,,,,,,,,,,,,,,,,,,,,,,,,,,,,,,,,,,,,,,,,,,,,,,,,,,,,,,,,,,,,,,,,,,,,,nan,,,,,,,,,,,,,,,
949,-10.875348091125488,-0.00010900909546762705,-0.010900909546762705,9903.760337352753,10000,ppo,ppo,crawler,flat,dth_dth_neighbours_direct,,,,,,,,,,,,,,,-5.735443349302807e-06,0,781,0.0,0.0,,,,,,,,,,,,,,,,,,,,,,,,,,,,,,,,,,,,,,,,,,,,,,,,,,,,,,,,,,,,,,,,,,,,,,,,,,nan,,,,,,,,,,,,,,,
950,-23.148115158081055,-0.0002315030578756705,-0.02315030578756705,9914.811070680618,10000,ppo,ppo,crawler,flat,dth_dth_neighbours_direct,,,,,,,,,,,,,,,-0.017030851221458556,0,781,0.0,0.0,,,,,,,,,,,,,,,,,,,,,,,,,,,,,,,,,,,,,,,,,,,,,,,,,,,,,,,,,,,,,,,,,,,,,,,,,,nan,,,,,,,,,,,,,,,
951,11.532841682434082,0.0001155466670752503,0.01155466670752503,9926.435283184052,10000,ppo,ppo,crawler,flat,dth_dth_neighbours_direct,,,,,,,,,,,,,,,-0.0006094813101213049,0,781,0.0,0.0,,,,,,,,,,,,,,,,,,,,,,,,,,,,,,,,,,,,,,,,,,,,,,,,,,,,,,,,,,,,,,,,,,,,,,,,,,nan,,,,,,,,,,,,,,,
952,7.121482849121094,7.121484668459743e-05,0.007121484668459743,9937.444097042084,10000,ppo,ppo,crawler,flat,dth_dth_neighbours_direct,,,,,,,,,,,,,,,0.0,0,781,0.0,0.0,,,,,,,,,,,,,,,,,,,,,,,,,,,,,,,,,,,,,,,,,,,,,,,,,,,,,,,,,,,,,,,,,,,,,,,,,,nan,,,,,,,,,,,,,,,
953,13.412195205688477,0.00013407536607701331,0.013407536607701331,9948.799929618835,10000,ppo,ppo,crawler,flat,dth_dth_neighbours_direct,,,,,,,,,,,,,,,-4.295320530325442e-06,0,781,0.0,0.0,,,,,,,,,,,,,,,,,,,,,,,,,,,,,,,,,,,,,,,,,,,,,,,,,,,,,,,,,,,,,,,,,,,,,,,,,,nan,,,,,,,,,,,,,,,
954,6.397332191467285,6.392146315192804e-05,0.006392146315192804,9960.1944231987,10000,ppo,ppo,crawler,flat,dth_dth_neighbours_direct,,,,,,,,,,,,,,,-3.5589597833065e-05,0,781,0.0,0.0,,,,,,,,,,,,,,,,,,,,,,,,,,,,,,,,,,,,,,,,,,,,,,,,,,,,,,,,,,,,,,,,,,,,,,,,,,nan,,,,,,,,,,,,,,,
955,-10.180445671081543,-0.00010236532398266718,-0.010236532398266718,9971.280099153519,10000,ppo,ppo,crawler,flat,dth_dth_neighbours_direct,,,,,,,,,,,,,,,-0.010604457196358606,0,781,0.0,0.0,,,,,,,,,,,,,,,,,,,,,,,,,,,,,,,,,,,,,,,,,,,,,,,,,,,,,,,,,,,,,,,,,,,,,,,,,,nan,,,,,,,,,,,,,,,
956,20.489652633666992,0.00020618533017113805,0.020618533017113805,9982.314125299454,10000,ppo,ppo,crawler,flat,dth_dth_neighbours_direct,,,,,,,,,,,,,,,0.0,0,781,0.0,0.0,,,,,,,,,,,,,,,,,,,,,,,,,,,,,,,,,,,,,,,,,,,,,,,,,,,,,,,,,,,,,,,,,,,,,,,,,,nan,,,,,,,,,,,,,,,
957,-4.081588268280029,-4.081592123839073e-05,-0.004081592123839073,9993.659811735153,10000,ppo,ppo,crawler,flat,dth_dth_neighbours_direct,,,,,,,,,,,,,,,-1.9588159509337057e-05,0,781,0.0,0.0,,,,,,,,,,,,,,,,,,,,,,,,,,,,,,,,,,,,,,,,,,,,,,,,,,,,,,,,,,,,,,,,,,,,,,,,,,nan,,,,,,,,,,,,,,,
958,6.49476957321167,6.482236494775862e-05,0.0064822364947758615,10004.649329900742,10000,ppo,ppo,crawler,flat,dth_dth_neighbours_direct,,,,,,,,,,,,,,,-3.142973763460386e-05,0,781,0.0,0.0,,,,,,,,,,,,,,,,,,,,,,,,,,,,,,,,,,,,,,,,,,,,,,,,,,,,,,,,,,,,,,,,,,,,,,,,,,nan,,,,,,,,,,,,,,,
959,1.9052765369415283,1.9119292119285092e-05,0.0019119292119285092,10015.637545347214,10000,ppo,ppo,crawler,flat,dth_dth_neighbours_direct,,,,,,,,,,,,,,,-3.5978049974740695e-05,0,781,0.0,0.0,,,,,,,,,,,,,,,,,,,,,,,,,,,,,,,,,,,,,,,,,,,,,,,,,,,,,,,,,,,,,,,,,,,,,,,,,,nan,,,,,,,,,,,,,,,
960,-1.6428844928741455,-1.6428853996330872e-05,-0.0016428853996330872,10026.59918165207,10000,ppo,ppo,crawler,flat,dth_dth_neighbours_direct,,,,,,,,,,,,,,,0.0,0,781,0.0,0.0,,,,,,,,,,,,,,,,,,,,,,,,,,,,,,,,,,,,,,,,,,,,,,,,,,,,,,,,,,,,,,,,,,,,,,,,,,nan,,,,,,,,,,,,,,,
961,-6.235175609588623,-6.23517989879474e-05,-0.0062351798987947404,10037.917502880096,10000,ppo,ppo,crawler,flat,dth_dth_neighbours_direct,,,,,,,,,,,,,,,-2.4680359463151378e-05,0,781,0.0,0.0,,,,,,,,,,,,,,,,,,,,,,,,,,,,,,,,,,,,,,,,,,,,,,,,,,,,,,,,,,,,,,,,,,,,,,,,,,nan,,,,,,,,,,,,,,,
962,-15.13367748260498,-0.00015088706277310848,-0.015088706277310848,10048.236780881882,10000,ppo,ppo,crawler,flat,dth_dth_neighbours_direct,,,,,,,,,,,,,,,-2.1420526538859868e-05,0,781,0.0,0.0,,,,,,,,,,,,,,,,,,,,,,,,,,,,,,,,,,,,,,,,,,,,,,,,,,,,,,,,,,,,,,,,,,,,,,,,,,nan,,,,,,,,,,,,,,,
963,10.39487075805664,0.00010352148819947615,0.010352148819947615,10058.020303487778,10000,ppo,ppo,crawler,flat,dth_dth_neighbours_direct,,,,,,,,,,,,,,,-0.0029768081675265725,0,781,0.0,0.0,,,,,,,,,,,,,,,,,,,,,,,,,,,,,,,,,,,,,,,,,,,,,,,,,,,,,,,,,,,,,,,,,,,,,,,,,,nan,,,,,,,,,,,,,,,
964,-1.4970260858535767,-1.4608642231905833e-05,-0.0014608642231905833,10067.553198575974,10000,ppo,ppo,crawler,flat,dth_dth_neighbours_direct,,,,,,,,,,,,,,,0.0,0,781,0.0,0.0,,,,,,,,,,,,,,,,,,,,,,,,,,,,,,,,,,,,,,,,,,,,,,,,,,,,,,,,,,,,,,,,,,,,,,,,,,nan,,,,,,,,,,,,,,,
965,-7.6824870109558105,-7.663886208320037e-05,-0.0076638862083200365,10077.627150535583,10000,ppo,ppo,crawler,flat,dth_dth_neighbours_direct,,,,,,,,,,,,,,,-3.4937606444737365e-05,0,781,0.0,0.0,,,,,,,,,,,,,,,,,,,,,,,,,,,,,,,,,,,,,,,,,,,,,,,,,,,,,,,,,,,,,,,,,,,,,,,,,,nan,,,,,,,,,,,,,,,
966,16.649682998657227,0.0001671613717917353,0.01671613717917353,10087.491923093796,10000,ppo,ppo,crawler,flat,dth_dth_neighbours_direct,,,,,,,,,,,,,,,-0.007646933859798499,0,781,0.0,0.0,,,,,,,,,,,,,,,,,,,,,,,,,,,,,,,,,,,,,,,,,,,,,,,,,,,,,,,,,,,,,,,,,,,,,,,,,,nan,,,,,,,,,,,,,,,
967,3.6962220668792725,3.7209378206171095e-05,0.0037209378206171095,10096.85402393341,10000,ppo,ppo,crawler,flat,dth_dth_neighbours_direct,,,,,,,,,,,,,,,-6.924231778758741e-05,0,781,0.0,0.0,,,,,,,,,,,,,,,,,,,,,,,,,,,,,,,,,,,,,,,,,,,,,,,,,,,,,,,,,,,,,,,,,,,,,,,,,,nan,,,,,,,,,,,,,,,
968,23.729293823242188,0.00023806499666534364,0.023806499666534364,10107.076494932175,10000,ppo,ppo,crawler,flat,dth_dth_neighbours_direct,,,,,,,,,,,,,,,0.0,0,781,0.0,0.0,,,,,,,,,,,,,,,,,,,,,,,,,,,,,,,,,,,,,,,,,,,,,,,,,,,,,,,,,,,,,,,,,,,,,,,,,,nan,,,,,,,,,,,,,,,
969,-10.710285186767578,-0.00010749838111223653,-0.010749838111223653,10115.902235031128,10000,ppo,ppo,crawler,flat,dth_dth_neighbours_direct,,,,,,,,,,,,,,,-1.0061253067320655e-06,0,781,0.0,0.0,,,,,,,,,,,,,,,,,,,,,,,,,,,,,,,,,,,,,,,,,,,,,,,,,,,,,,,,,,,,,,,,,,,,,,,,,,nan,,,,,,,,,,,,,,,
970,-19.65516471862793,-0.0001968094875337556,-0.01968094875337556,10125.447608947754,10000,ppo,ppo,crawler,flat,dth_dth_neighbours_direct,,,,,,,,,,,,,,,-0.0003639734594602133,0,781,0.0,0.0,,,,,,,,,,,,,,,,,,,,,,,,,,,,,,,,,,,,,,,,,,,,,,,,,,,,,,,,,,,,,,,,,,,,,,,,,,nan,,,,,,,,,,,,,,,
971,32.264652252197266,0.00032321547041647136,0.032321547041647136,10135.51697897911,10000,ppo,ppo,crawler,flat,dth_dth_neighbours_direct,,,,,,,,,,,,,,,-1.4739291129512153e-05,0,781,0.0,0.0,,,,,,,,,,,,,,,,,,,,,,,,,,,,,,,,,,,,,,,,,,,,,,,,,,,,,,,,,,,,,,,,,,,,,,,,,,nan,,,,,,,,,,,,,,,
972,18.69426918029785,0.00018627848476171494,0.018627848476171494,10145.169218301773,10000,ppo,ppo,crawler,flat,dth_dth_neighbours_direct,,,,,,,,,,,,,,,0.0,0,781,0.0,0.0,,,,,,,,,,,,,,,,,,,,,,,,,,,,,,,,,,,,,,,,,,,,,,,,,,,,,,,,,,,,,,,,,,,,,,,,,,nan,,,,,,,,,,,,,,,
973,3.0697171688079834,3.069717058679089e-05,0.003069717058679089,10155.129518032074,10000,ppo,ppo,crawler,flat,dth_dth_neighbours_direct,,,,,,,,,,,,,,,-1.9312837422275666e-05,0,781,0.0,0.0,,,,,,,,,,,,,,,,,,,,,,,,,,,,,,,,,,,,,,,,,,,,,,,,,,,,,,,,,,,,,,,,,,,,,,,,,,nan,,,,,,,,,,,,,,,
974,5.462857246398926,5.4707143135601655e-05,0.0054707143135601655,10163.352168560028,10000,ppo,ppo,crawler,flat,dth_dth_neighbours_direct,,,,,,,,,,,,,,,-0.0002128210708155522,0,781,0.0,0.0,,,,,,,,,,,,,,,,,,,,,,,,,,,,,,,,,,,,,,,,,,,,,,,,,,,,,,,,,,,,,,,,,,,,,,,,,,nan,,,,,,,,,,,,,,,
975,-7.47804594039917,-7.478043698938563e-05,-0.0074780436989385635,10172.953907489777,10000,ppo,ppo,crawler,flat,dth_dth_neighbours_direct,,,,,,,,,,,,,,,0.0,0,781,0.0,0.0,,,,,,,,,,,,,,,,,,,,,,,,,,,,,,,,,,,,,,,,,,,,,,,,,,,,,,,,,,,,,,,,,,,,,,,,,,nan,,,,,,,,,,,,,,,
976,18.907560348510742,0.0001890204439405352,0.01890204439405352,10183.267570495605,10000,ppo,ppo,crawler,flat,dth_dth_neighbours_direct,,,,,,,,,,,,,,,-0.004771521886173879,0,781,0.0,0.0,,,,,,,,,,,,,,,,,,,,,,,,,,,,,,,,,,,,,,,,,,,,,,,,,,,,,,,,,,,,,,,,,,,,,,,,,,nan,,,,,,,,,,,,,,,
977,-4.025508403778076,-4.0255061321659014e-05,-0.004025506132165901,10193.63710141182,10000,ppo,ppo,crawler,flat,dth_dth_neighbours_direct,,,,,,,,,,,,,,,-3.7289559650360087e-06,0,781,0.0,0.0,,,,,,,,,,,,,,,,,,,,,,,,,,,,,,,,,,,,,,,,,,,,,,,,,,,,,,,,,,,,,,,,,,,,,,,,,,nan,,,,,,,,,,,,,,,
978,-5.820760250091553,-5.820761725772172e-05,-0.005820761725772172,10203.581158161163,10000,ppo,ppo,crawler,flat,dth_dth_neighbours_direct,,,,,,,,,,,,,,,-0.0010531197245997137,0,781,0.0,0.0,,,,,,,,,,,,,,,,,,,,,,,,,,,,,,,,,,,,,,,,,,,,,,,,,,,,,,,,,,,,,,,,,,,,,,,,,,nan,,,,,,,,,,,,,,,
979,-12.171618461608887,-0.0001219038967974484,-0.01219038967974484,10214.050641775131,10000,ppo,ppo,crawler,flat,dth_dth_neighbours_direct,,,,,,,,,,,,,,,0.0,0,781,0.0,0.0,,,,,,,,,,,,,,,,,,,,,,,,,,,,,,,,,,,,,,,,,,,,,,,,,,,,,,,,,,,,,,,,,,,,,,,,,,nan,,,,,,,,,,,,,,,
980,-16.638446807861328,-0.0001681917638052255,-0.01681917638052255,10224.712663650513,10000,ppo,ppo,crawler,flat,dth_dth_neighbours_direct,,,,,,,,,,,,,,,-0.0068917728593231925,0,781,0.0,0.0,,,,,,,,,,,,,,,,,,,,,,,,,,,,,,,,,,,,,,,,,,,,,,,,,,,,,,,,,,,,,,,,,,,,,,,,,,nan,,,,,,,,,,,,,,,
981,-3.3739030361175537,-3.4930526453536004e-05,-0.0034930526453536004,10234.26079249382,10000,ppo,ppo,crawler,flat,dth_dth_neighbours_direct,,,,,,,,,,,,,,,0.0,0,781,0.0,0.0,,,,,,,,,,,,,,,,,,,,,,,,,,,,,,,,,,,,,,,,,,,,,,,,,,,,,,,,,,,,,,,,,,,,,,,,,,nan,,,,,,,,,,,,,,,
982,17.230579376220703,0.00017254742851946503,0.017254742851946503,10244.938151836395,10000,ppo,ppo,crawler,flat,dth_dth_neighbours_direct,,,,,,,,,,,,,,,-9.929378386992347e-05,0,781,0.0,0.0,,,,,,,,,,,,,,,,,,,,,,,,,,,,,,,,,,,,,,,,,,,,,,,,,,,,,,,,,,,,,,,,,,,,,,,,,,nan,,,,,,,,,,,,,,,
983,-18.93659782409668,-0.00018940743757411838,-0.018940743757411838,10255.605025291443,10000,ppo,ppo,crawler,flat,dth_dth_neighbours_direct,,,,,,,,,,,,,,,0.0,0,781,0.0,0.0,,,,,,,,,,,,,,,,,,,,,,,,,,,,,,,,,,,,,,,,,,,,,,,,,,,,,,,,,,,,,,,,,,,,,,,,,,nan,,,,,,,,,,,,,,,
984,14.077374458312988,0.00014093238860368729,0.014093238860368729,10266.995324373245,10000,ppo,ppo,crawler,flat,dth_dth_neighbours_direct,,,,,,,,,,,,,,,-4.712307036266437e-05,0,781,0.0,0.0,,,,,,,,,,,,,,,,,,,,,,,,,,,,,,,,,,,,,,,,,,,,,,,,,,,,,,,,,,,,,,,,,,,,,,,,,,nan,,,,,,,,,,,,,,,
985,-19.0059871673584,-0.00018959789304062724,-0.018959789304062724,10278.19093990326,10000,ppo,ppo,crawler,flat,dth_dth_neighbours_direct,,,,,,,,,,,,,,,-7.691460443367268e-10,0,781,0.0,0.0,,,,,,,,,,,,,,,,,,,,,,,,,,,,,,,,,,,,,,,,,,,,,,,,,,,,,,,,,,,,,,,,,,,,,,,,,,nan,,,,,,,,,,,,,,,
986,-14.696189880371094,-0.00014713907148689032,-0.014713907148689032,10289.55643248558,10000,ppo,ppo,crawler,flat,dth_dth_neighbours_direct,,,,,,,,,,,,,,,-3.16614127704795e-05,0,781,0.0,0.0,,,,,,,,,,,,,,,,,,,,,,,,,,,,,,,,,,,,,,,,,,,,,,,,,,,,,,,,,,,,,,,,,,,,,,,,,,nan,,,,,,,,,,,,,,,
987,7.313098430633545,7.313096284633502e-05,0.007313096284633502,10300.754891633987,10000,ppo,ppo,crawler,flat,dth_dth_neighbours_direct,,,,,,,,,,,,,,,-4.977291681244492e-05,0,781,0.0,0.0,,,,,,,,,,,,,,,,,,,,,,,,,,,,,,,,,,,,,,,,,,,,,,,,,,,,,,,,,,,,,,,,,,,,,,,,,,nan,,,,,,,,,,,,,,,
988,-10.704577445983887,-0.00010772208770504221,-0.010772208770504221,10311.47235918045,10000,ppo,ppo,crawler,flat,dth_dth_neighbours_direct,,,,,,,,,,,,,,,0.0,0,781,0.0,0.0,,,,,,,,,,,,,,,,,,,,,,,,,,,,,,,,,,,,,,,,,,,,,,,,,,,,,,,,,,,,,,,,,,,,,,,,,,nan,,,,,,,,,,,,,,,
989,34.86703109741211,0.00034911278635263443,0.03491127863526344,10322.339062929153,10000,ppo,ppo,crawler,flat,dth_dth_neighbours_direct,,,,,,,,,,,,,,,-6.119433489941758e-05,0,781,0.0,0.0,,,,,,,,,,,,,,,,,,,,,,,,,,,,,,,,,,,,,,,,,,,,,,,,,,,,,,,,,,,,,,,,,,,,,,,,,,nan,,,,,,,,,,,,,,,
990,-7.3554368019104,-7.306562474695966e-05,-0.007306562474695966,10332.576308250427,10000,ppo,ppo,crawler,flat,dth_dth_neighbours_direct,,,,,,,,,,,,,,,0.0,0,781,0.0,0.0,,,,,,,,,,,,,,,,,,,,,,,,,,,,,,,,,,,,,,,,,,,,,,,,,,,,,,,,,,,,,,,,,,,,,,,,,,nan,,,,,,,,,,,,,,,
991,13.865817070007324,0.0001386720105074346,0.01386720105074346,10342.867523431778,10000,ppo,ppo,crawler,flat,dth_dth_neighbours_direct,,,,,,,,,,,,,,,-3.5431708248568253e-06,0,781,0.0,0.0,,,,,,,,,,,,,,,,,,,,,,,,,,,,,,,,,,,,,,,,,,,,,,,,,,,,,,,,,,,,,,,,,,,,,,,,,,nan,,,,,,,,,,,,,,,
992,1.1551780700683594,1.1551729585335124e-05,0.0011551729585335124,10353.654080629349,10000,ppo,ppo,crawler,flat,dth_dth_neighbours_direct,,,,,,,,,,,,,,,-5.502244231032349e-06,0,781,0.0,0.0,,,,,,,,,,,,,,,,,,,,,,,,,,,,,,,,,,,,,,,,,,,,,,,,,,,,,,,,,,,,,,,,,,,,,,,,,,nan,,,,,,,,,,,,,,,
993,-20.262737274169922,-0.00020287393999751657,-0.020287393999751657,10364.113894224167,10000,ppo,ppo,crawler,flat,dth_dth_neighbours_direct,,,,,,,,,,,,,,,-4.909252545172671e-05,0,781,0.0,0.0,,,,,,,,,,,,,,,,,,,,,,,,,,,,,,,,,,,,,,,,,,,,,,,,,,,,,,,,,,,,,,,,,,,,,,,,,,nan,,,,,,,,,,,,,,,
994,0.9289951324462891,9.289963600167539e-06,0.0009289963600167539,10375.102861642838,10000,ppo,ppo,crawler,flat,dth_dth_neighbours_direct,,,,,,,,,,,,,,,0.0,0,781,0.0,0.0,,,,,,,,,,,,,,,,,,,,,,,,,,,,,,,,,,,,,,,,,,,,,,,,,,,,,,,,,,,,,,,,,,,,,,,,,,nan,,,,,,,,,,,,,,,
995,-26.669696807861328,-0.00026609539054334164,-0.026609539054334164,10386.11579322815,10000,ppo,ppo,crawler,flat,dth_dth_neighbours_direct,,,,,,,,,,,,,,,-8.044816868405947e-06,0,781,0.0,0.0,,,,,,,,,,,,,,,,,,,,,,,,,,,,,,,,,,,,,,,,,,,,,,,,,,,,,,,,,,,,,,,,,,,,,,,,,,nan,,,,,,,,,,,,,,,
996,-8.068458557128906,-8.048685413086787e-05,-0.008048685413086787,10396.325029850006,10000,ppo,ppo,crawler,flat,dth_dth_neighbours_direct,,,,,,,,,,,,,,,-0.00013583085872948398,0,781,0.0,0.0,,,,,,,,,,,,,,,,,,,,,,,,,,,,,,,,,,,,,,,,,,,,,,,,,,,,,,,,,,,,,,,,,,,,,,,,,,nan,,,,,,,,,,,,,,,
997,4.979861736297607,4.9494061386212707e-05,0.004949406138621271,10406.821979522705,10000,ppo,ppo,crawler,flat,dth_dth_neighbours_direct,,,,,,,,,,,,,,,-0.016181623061138673,0,781,0.0,0.0,,,,,,,,,,,,,,,,,,,,,,,,,,,,,,,,,,,,,,,,,,,,,,,,,,,,,,,,,,,,,,,,,,,,,,,,,,nan,,,,,,,,,,,,,,,
998,15.62720775604248,0.00015643841470591724,0.015643841470591724,10418.03184056282,10000,ppo,ppo,crawler,flat,dth_dth_neighbours_direct,,,,,,,,,,,,,,,-4.102826528680462e-06,0,781,0.0,0.0,,,,,,,,,,,,,,,,,,,,,,,,,,,,,,,,,,,,,,,,,,,,,,,,,,,,,,,,,,,,,,,,,,,,,,,,,,nan,,,,,,,,,,,,,,,
999,3.4225525856018066,3.4247659641550854e-05,0.0034247659641550854,10429.203435897827,10000,ppo,ppo,crawler,flat,dth_dth_neighbours_direct,,,,,,,,,,,,,,,-1.2215433186742927e-05,0,781,0.0,0.0,,,,,,,,,,,,,,,,,,,,,,,,,,,,,,,,,,,,,,,,,,,,,,,,,,,,,,,,,,,,,,,,,,,,,,,,,,nan,,,,,,,,,,,,,,,
1000,16.626556396484375,0.00016760411381255835,0.016760411381255835,10440.177451610565,10000,ppo,ppo,crawler,flat,dth_dth_neighbours_direct,,,,,,,,,,,,,,,-0.00030575537274230306,0,781,0.0,0.0,,,,,,,,,,,,,,,,,,,,,,,,,,,,,,,,,,,,,,,,,,,,,,,,,,,,,,,,,,,,,,,,,,,,,,,,,,nan,,,,,,,,,,,,,,,
1001,-3.4072487354278564,-3.407248732401058e-05,-0.003407248732401058,10451.479732751846,10000,ppo,ppo,crawler,flat,dth_dth_neighbours_direct,,,,,,,,,,,,,,,0.0,0,781,0.0,0.0,,,,,,,,,,,,,,,,,,,,,,,,,,,,,,,,,,,,,,,,,,,,,,,,,,,,,,,,,,,,,,,,,,,,,,,,,,nan,,,,,,,,,,,,,,,
1002,1.1404422521591187,1.1170069228683133e-05,0.0011170069228683133,10463.016732931137,10000,ppo,ppo,crawler,flat,dth_dth_neighbours_direct,,,,,,,,,,,,,,,-2.5514878151358776e-05,0,781,0.0,0.0,,,,,,,,,,,,,,,,,,,,,,,,,,,,,,,,,,,,,,,,,,,,,,,,,,,,,,,,,,,,,,,,,,,,,,,,,,nan,,,,,,,,,,,,,,,
1003,-6.580497741699219,-6.580495391972363e-05,-0.006580495391972363,10474.554626464844,10000,ppo,ppo,crawler,flat,dth_dth_neighbours_direct,,,,,,,,,,,,,,,-4.079729132592754e-05,0,781,0.0,0.0,,,,,,,,,,,,,,,,,,,,,,,,,,,,,,,,,,,,,,,,,,,,,,,,,,,,,,,,,,,,,,,,,,,,,,,,,,nan,,,,,,,,,,,,,,,
1004,31.70271110534668,0.0003175185702275485,0.03175185702275485,10485.717386722565,10000,ppo,ppo,crawler,flat,dth_dth_neighbours_direct,,,,,,,,,,,,,,,-0.007008827346282869,0,781,0.0,0.0,,,,,,,,,,,,,,,,,,,,,,,,,,,,,,,,,,,,,,,,,,,,,,,,,,,,,,,,,,,,,,,,,,,,,,,,,,nan,,,,,,,,,,,,,,,
1005,-0.7216159105300903,-7.216186531877611e-06,-0.0007216186531877611,10497.345466136932,10000,ppo,ppo,crawler,flat,dth_dth_neighbours_direct,,,,,,,,,,,,,,,-6.301190212807795e-07,0,781,0.0,0.0,,,,,,,,,,,,,,,,,,,,,,,,,,,,,,,,,,,,,,,,,,,,,,,,,,,,,,,,,,,,,,,,,,,,,,,,,,nan,,,,,,,,,,,,,,,
1006,0.5366131663322449,5.366113782656612e-06,0.0005366113782656612,10508.770730495453,10000,ppo,ppo,crawler,flat,dth_dth_neighbours_direct,,,,,,,,,,,,,,,-6.909905509515242e-06,0,781,0.0,0.0,,,,,,,,,,,,,,,,,,,,,,,,,,,,,,,,,,,,,,,,,,,,,,,,,,,,,,,,,,,,,,,,,,,,,,,,,,nan,,,,,,,,,,,,,,,
1007,-0.16133765876293182,-1.613420636203955e-06,-0.0001613420636203955,10519.94244980812,10000,ppo,ppo,crawler,flat,dth_dth_neighbours_direct,,,,,,,,,,,,,,,-0.00010860095661558049,0,781,0.0,0.0,,,,,,,,,,,,,,,,,,,,,,,,,,,,,,,,,,,,,,,,,,,,,,,,,,,,,,,,,,,,,,,,,,,,,,,,,,nan,,,,,,,,,,,,,,,
1008,-2.4483048915863037,-2.4483051674906164e-05,-0.0024483051674906164,10531.150443792343,10000,ppo,ppo,crawler,flat,dth_dth_neighbours_direct,,,,,,,,,,,,,,,-0.003988769806911942,0,781,0.0,0.0,,,,,,,,,,,,,,,,,,,,,,,,,,,,,,,,,,,,,,,,,,,,,,,,,,,,,,,,,,,,,,,,,,,,,,,,,,nan,,,,,,,,,,,,,,,
1009,-14.96801471710205,-0.00014985163579694927,-0.014985163579694927,10542.554096698761,10000,ppo,ppo,crawler,flat,dth_dth_neighbours_direct,,,,,,,,,,,,,,,0.0,0,781,0.0,0.0,,,,,,,,,,,,,,,,,,,,,,,,,,,,,,,,,,,,,,,,,,,,,,,,,,,,,,,,,,,,,,,,,,,,,,,,,,nan,,,,,,,,,,,,,,,
1010,-10.110934257507324,-0.00010090562864206731,-0.010090562864206731,10554.043692111969,10000,ppo,ppo,crawler,flat,dth_dth_neighbours_direct,,,,,,,,,,,,,,,-1.0321267359388013e-05,0,781,0.0,0.0,,,,,,,,,,,,,,,,,,,,,,,,,,,,,,,,,,,,,,,,,,,,,,,,,,,,,,,,,,,,,,,,,,,,,,,,,,nan,,,,,,,,,,,,,,,
1011,-1.064300537109375,-1.0642991583154071e-05,-0.0010642991583154071,10565.340309381485,10000,ppo,ppo,crawler,flat,dth_dth_neighbours_direct,,,,,,,,,,,,,,,-5.93934336941923e-05,0,781,0.0,0.0,,,,,,,,,,,,,,,,,,,,,,,,,,,,,,,,,,,,,,,,,,,,,,,,,,,,,,,,,,,,,,,,,,,,,,,,,,nan,,,,,,,,,,,,,,,
1012,0.2104051560163498,2.1040268620708957e-06,0.00021040268620708957,10576.689103364944,10000,ppo,ppo,crawler,flat,dth_dth_neighbours_direct,,,,,,,,,,,,,,,-0.007345832613619967,0,781,0.0,0.0,,,,,,,,,,,,,,,,,,,,,,,,,,,,,,,,,,,,,,,,,,,,,,,,,,,,,,,,,,,,,,,,,,,,,,,,,,nan,,,,,,,,,,,,,,,
1013,-0.5313404202461243,-5.313419478625292e-06,-0.0005313419478625292,10588.12774348259,10000,ppo,ppo,crawler,flat,dth_dth_neighbours_direct,,,,,,,,,,,,,,,-5.881236472599943e-07,0,781,0.0,0.0,,,,,,,,,,,,,,,,,,,,,,,,,,,,,,,,,,,,,,,,,,,,,,,,,,,,,,,,,,,,,,,,,,,,,,,,,,nan,,,,,,,,,,,,,,,
1014,3.608393907546997,3.608398765209131e-05,0.003608398765209131,10599.638809919357,10000,ppo,ppo,crawler,flat,dth_dth_neighbours_direct,,,,,,,,,,,,,,,-0.05242887537487605,0,781,0.0,0.0,,,,,,,,,,,,,,,,,,,,,,,,,,,,,,,,,,,,,,,,,,,,,,,,,,,,,,,,,,,,,,,,,,,,,,,,,,nan,,,,,,,,,,,,,,,
1015,-6.611891269683838,-6.611883145524189e-05,-0.006611883145524189,10610.557521104813,10000,ppo,ppo,crawler,flat,dth_dth_neighbours_direct,,,,,,,,,,,,,,,0.0,0,781,0.0,0.0,,,,,,,,,,,,,,,,,,,,,,,,,,,,,,,,,,,,,,,,,,,,,,,,,,,,,,,,,,,,,,,,,,,,,,,,,,nan,,,,,,,,,,,,,,,
1016,-5.81155252456665,-5.811561277369037e-05,-0.005811561277369037,10621.836425304413,10000,ppo,ppo,crawler,flat,dth_dth_neighbours_direct,,,,,,,,,,,,,,,-0.00022578895778875804,0,781,0.0,0.0,,,,,,,,,,,,,,,,,,,,,,,,,,,,,,,,,,,,,,,,,,,,,,,,,,,,,,,,,,,,,,,,,,,,,,,,,,nan,,,,,,,,,,,,,,,
1017,3.5827908515930176,3.5989498428534716e-05,0.0035989498428534716,10633.454645395279,10000,ppo,ppo,crawler,flat,dth_dth_neighbours_direct,,,,,,,,,,,,,,,-0.00012791775543810312,0,781,0.0,0.0,,,,,,,,,,,,,,,,,,,,,,,,,,,,,,,,,,,,,,,,,,,,,,,,,,,,,,,,,,,,,,,,,,,,,,,,,,nan,,,,,,,,,,,,,,,
1018,-1.8681659698486328,-1.868161780294031e-05,-0.001868161780294031,10644.885536670685,10000,ppo,ppo,crawler,flat,dth_dth_neighbours_direct,,,,,,,,,,,,,,,0.0,0,781,0.0,0.0,,,,,,,,,,,,,,,,,,,,,,,,,,,,,,,,,,,,,,,,,,,,,,,,,,,,,,,,,,,,,,,,,,,,,,,,,,nan,,,,,,,,,,,,,,,
1019,-19.72682762145996,-0.0001967982534551993,-0.01967982534551993,10656.243233442307,10000,ppo,ppo,crawler,flat,dth_dth_neighbours_direct,,,,,,,,,,,,,,,-4.369222944204084e-06,0,781,0.0,0.0,,,,,,,,,,,,,,,,,,,,,,,,,,,,,,,,,,,,,,,,,,,,,,,,,,,,,,,,,,,,,,,,,,,,,,,,,,nan,,,,,,,,,,,,,,,
1020,-1.5792992115020752,-1.579300078446977e-05,-0.0015793000784469768,10667.45009636879,10000,ppo,ppo,crawler,flat,dth_dth_neighbours_direct,,,,,,,,,,,,,,,-0.0023102437464398704,0,781,0.0,0.0,,,,,,,,,,,,,,,,,,,,,,,,,,,,,,,,,,,,,,,,,,,,,,,,,,,,,,,,,,,,,,,,,,,,,,,,,,nan,,,,,,,,,,,,,,,
1021,14.064421653747559,0.00014087875024415553,0.014087875024415553,10678.693910598755,10000,ppo,ppo,crawler,flat,dth_dth_neighbours_direct,,,,,,,,,,,,,,,0.0,0,781,0.0,0.0,,,,,,,,,,,,,,,,,,,,,,,,,,,,,,,,,,,,,,,,,,,,,,,,,,,,,,,,,,,,,,,,,,,,,,,,,,nan,,,,,,,,,,,,,,,
1022,18.054275512695312,0.00018079308210872114,0.018079308210872114,10690.440015077591,10000,ppo,ppo,crawler,flat,dth_dth_neighbours_direct,,,,,,,,,,,,,,,-8.227300881461816e-05,0,781,0.0,0.0,,,,,,,,,,,,,,,,,,,,,,,,,,,,,,,,,,,,,,,,,,,,,,,,,,,,,,,,,,,,,,,,,,,,,,,,,,nan,,,,,,,,,,,,,,,
1023,2.6490638256073,2.6490619347896427e-05,0.0026490619347896427,10701.636266469955,10000,ppo,ppo,crawler,flat,dth_dth_neighbours_direct,,,,,,,,,,,,,,,0.0,0,781,0.0,0.0,,,,,,,,,,,,,,,,,,,,,,,,,,,,,,,,,,,,,,,,,,,,,,,,,,,,,,,,,,,,,,,,,,,,,,,,,,nan,,,,,,,,,,,,,,,
1024,-13.339093208312988,-0.0001334966073045507,-0.01334966073045507,10712.907135725021,10000,ppo,ppo,crawler,flat,dth_dth_neighbours_direct,,,,,,,,,,,,,,,-6.447311266588951e-06,0,781,0.0,0.0,,,,,,,,,,,,,,,,,,,,,,,,,,,,,,,,,,,,,,,,,,,,,,,,,,,,,,,,,,,,,,,,,,,,,,,,,,nan,,,,,,,,,,,,,,,
1025,10.175545692443848,0.00010290130012435839,0.010290130012435839,10724.21654510498,10000,ppo,ppo,crawler,flat,dth_dth_neighbours_direct,,,,,,,,,,,,,,,-0.0010830722415340389,0,781,0.0,0.0,,,,,,,,,,,,,,,,,,,,,,,,,,,,,,,,,,,,,,,,,,,,,,,,,,,,,,,,,,,,,,,,,,,,,,,,,,nan,,,,,,,,,,,,,,,
1026,12.811673164367676,0.00012810387124773115,0.012810387124773115,10735.544422388077,10000,ppo,ppo,crawler,flat,dth_dth_neighbours_direct,,,,,,,,,,,,,,,0.0,0,781,0.0,0.0,,,,,,,,,,,,,,,,,,,,,,,,,,,,,,,,,,,,,,,,,,,,,,,,,,,,,,,,,,,,,,,,,,,,,,,,,,nan,,,,,,,,,,,,,,,
1027,17.933313369750977,0.00017814707825891674,0.017814707825891674,10746.71546459198,10000,ppo,ppo,crawler,flat,dth_dth_neighbours_direct,,,,,,,,,,,,,,,-7.050040102875035e-05,0,781,0.0,0.0,,,,,,,,,,,,,,,,,,,,,,,,,,,,,,,,,,,,,,,,,,,,,,,,,,,,,,,,,,,,,,,,,,,,,,,,,,nan,,,,,,,,,,,,,,,
1028,-12.268811225891113,-0.00012294291809666902,-0.012294291809666902,10758.494387626648,10000,ppo,ppo,crawler,flat,dth_dth_neighbours_direct,,,,,,,,,,,,,,,-1.8003329911320526e-05,0,781,0.0,0.0,,,,,,,,,,,,,,,,,,,,,,,,,,,,,,,,,,,,,,,,,,,,,,,,,,,,,,,,,,,,,,,,,,,,,,,,,,nan,,,,,,,,,,,,,,,
1029,-16.248836517333984,-0.00016271199274342507,-0.016271199274342507,10769.821084737778,10000,ppo,ppo,crawler,flat,dth_dth_neighbours_direct,,,,,,,,,,,,,,,-0.0001591792408849152,0,781,0.0,0.0,,,,,,,,,,,,,,,,,,,,,,,,,,,,,,,,,,,,,,,,,,,,,,,,,,,,,,,,,,,,,,,,,,,,,,,,,,nan,,,,,,,,,,,,,,,
1030,-3.0387868881225586,-3.0387931474251673e-05,-0.0030387931474251673,10781.15509057045,10000,ppo,ppo,crawler,flat,dth_dth_neighbours_direct,,,,,,,,,,,,,,,0.0,0,781,0.0,0.0,,,,,,,,,,,,,,,,,,,,,,,,,,,,,,,,,,,,,,,,,,,,,,,,,,,,,,,,,,,,,,,,,,,,,,,,,,nan,,,,,,,,,,,,,,,
1031,3.4312825202941895,3.4283897548448294e-05,0.0034283897548448294,10792.370652914047,10000,ppo,ppo,crawler,flat,dth_dth_neighbours_direct,,,,,,,,,,,,,,,-3.51703834270393e-05,0,781,0.0,0.0,,,,,,,,,,,,,,,,,,,,,,,,,,,,,,,,,,,,,,,,,,,,,,,,,,,,,,,,,,,,,,,,,,,,,,,,,,nan,,,,,,,,,,,,,,,
1032,11.949458122253418,0.00011972321954090148,0.011972321954090148,10803.748806715012,10000,ppo,ppo,crawler,flat,dth_dth_neighbours_direct,,,,,,,,,,,,,,,-1.1270827638812927e-06,0,781,0.0,0.0,,,,,,,,,,,,,,,,,,,,,,,,,,,,,,,,,,,,,,,,,,,,,,,,,,,,,,,,,,,,,,,,,,,,,,,,,,nan,,,,,,,,,,,,,,,
1033,-6.600085735321045,-6.636318721575662e-05,-0.0066363187215756625,10814.94032216072,10000,ppo,ppo,crawler,flat,dth_dth_neighbours_direct,,,,,,,,,,,,,,,-2.6503948687972852e-05,0,781,0.0,0.0,,,,,,,,,,,,,,,,,,,,,,,,,,,,,,,,,,,,,,,,,,,,,,,,,,,,,,,,,,,,,,,,,,,,,,,,,,nan,,,,,,,,,,,,,,,
1034,0.660321831703186,6.603207111766096e-06,0.0006603207111766096,10826.468026638031,10000,ppo,ppo,crawler,flat,dth_dth_neighbours_direct,,,,,,,,,,,,,,,-0.00041492403068707327,0,781,0.0,0.0,,,,,,,,,,,,,,,,,,,,,,,,,,,,,,,,,,,,,,,,,,,,,,,,,,,,,,,,,,,,,,,,,,,,,,,,,,nan,,,,,,,,,,,,,,,
1035,-5.065216541290283,-5.065221193945035e-05,-0.005065221193945035,10837.735374689102,10000,ppo,ppo,crawler,flat,dth_dth_neighbours_direct,,,,,,,,,,,,,,,0.0,0,781,0.0,0.0,,,,,,,,,,,,,,,,,,,,,,,,,,,,,,,,,,,,,,,,,,,,,,,,,,,,,,,,,,,,,,,,,,,,,,,,,,nan,,,,,,,,,,,,,,,
1036,31.625568389892578,0.0003174573357682675,0.03174573357682675,10848.909667015076,10000,ppo,ppo,crawler,flat,dth_dth_neighbours_direct,,,,,,,,,,,,,,,-0.014339875246227627,0,781,0.0,0.0,,,,,,,,,,,,,,,,,,,,,,,,,,,,,,,,,,,,,,,,,,,,,,,,,,,,,,,,,,,,,,,,,,,,,,,,,,nan,,,,,,,,,,,,,,,
1037,10.979516983032227,0.00011053941125283018,0.011053941125283018,10860.31902718544,10000,ppo,ppo,crawler,flat,dth_dth_neighbours_direct,,,,,,,,,,,,,,,0.0,0,781,0.0,0.0,,,,,,,,,,,,,,,,,,,,,,,,,,,,,,,,,,,,,,,,,,,,,,,,,,,,,,,,,,,,,,,,,,,,,,,,,,nan,,,,,,,,,,,,,,,
1038,-6.498478889465332,-6.498479342553765e-05,-0.006498479342553765,10871.695489168167,10000,ppo,ppo,crawler,flat,dth_dth_neighbours_direct,,,,,,,,,,,,,,,-8.707641529708758e-05,0,781,0.0,0.0,,,,,,,,,,,,,,,,,,,,,,,,,,,,,,,,,,,,,,,,,,,,,,,,,,,,,,,,,,,,,,,,,,,,,,,,,,nan,,,,,,,,,,,,,,,
1039,28.252668380737305,0.0002822804090101272,0.02822804090101272,10882.963587999344,10000,ppo,ppo,crawler,flat,dth_dth_neighbours_direct,,,,,,,,,,,,,,,0.0,0,781,0.0,0.0,,,,,,,,,,,,,,,,,,,,,,,,,,,,,,,,,,,,,,,,,,,,,,,,,,,,,,,,,,,,,,,,,,,,,,,,,,nan,,,,,,,,,,,,,,,
1040,2.0981132984161377,2.0981195120839402e-05,0.00209811951208394,10894.491297006607,10000,ppo,ppo,crawler,flat,dth_dth_neighbours_direct,,,,,,,,,,,,,,,-1.6531214194322212e-06,0,781,0.0,0.0,,,,,,,,,,,,,,,,,,,,,,,,,,,,,,,,,,,,,,,,,,,,,,,,,,,,,,,,,,,,,,,,,,,,,,,,,,nan,,,,,,,,,,,,,,,
1041,18.282512664794922,0.0001823469647206366,0.01823469647206366,10905.433434724808,10000,ppo,ppo,crawler,flat,dth_dth_neighbours_direct,,,,,,,,,,,,,,,0.0006304384148399442,0,781,0.0,0.0,,,,,,,,,,,,,,,,,,,,,,,,,,,,,,,,,,,,,,,,,,,,,,,,,,,,,,,,,,,,,,,,,,,,,,,,,,nan,,,,,,,,,,,,,,,
1042,1.8179420232772827,1.7698839656077325e-05,0.0017698839656077325,10917.011688947678,10000,ppo,ppo,crawler,flat,dth_dth_neighbours_direct,,,,,,,,,,,,,,,-4.8021985058137305e-06,0,781,0.0,0.0,,,,,,,,,,,,,,,,,,,,,,,,,,,,,,,,,,,,,,,,,,,,,,,,,,,,,,,,,,,,,,,,,,,,,,,,,,nan,,,,,,,,,,,,,,,
1043,0.7791023254394531,8.276288099295925e-06,0.0008276288099295925,10928.436250448227,10000,ppo,ppo,crawler,flat,dth_dth_neighbours_direct,,,,,,,,,,,,,,,-0.00019337057056103413,0,781,0.0,0.0,,,,,,,,,,,,,,,,,,,,,,,,,,,,,,,,,,,,,,,,,,,,,,,,,,,,,,,,,,,,,,,,,,,,,,,,,,nan,,,,,,,,,,,,,,,
1044,-2.9745829105377197,-2.974584640469402e-05,-0.002974584640469402,10939.441635370255,10000,ppo,ppo,crawler,flat,dth_dth_neighbours_direct,,,,,,,,,,,,,,,0.0,0,781,0.0,0.0,,,,,,,,,,,,,,,,,,,,,,,,,,,,,,,,,,,,,,,,,,,,,,,,,,,,,,,,,,,,,,,,,,,,,,,,,,nan,,,,,,,,,,,,,,,
1045,-1.853676199913025,-1.8536820789449848e-05,-0.0018536820789449848,10950.486917257309,10000,ppo,ppo,crawler,flat,dth_dth_neighbours_direct,,,,,,,,,,,,,,,-0.001324604753113892,0,781,0.0,0.0,,,,,,,,,,,,,,,,,,,,,,,,,,,,,,,,,,,,,,,,,,,,,,,,,,,,,,,,,,,,,,,,,,,,,,,,,,nan,,,,,,,,,,,,,,,
1046,-11.093923568725586,-0.00011113717482658103,-0.011113717482658103,10961.810315132141,10000,ppo,ppo,crawler,flat,dth_dth_neighbours_direct,,,,,,,,,,,,,,,0.0,0,781,0.0,0.0,,,,,,,,,,,,,,,,,,,,,,,,,,,,,,,,,,,,,,,,,,,,,,,,,,,,,,,,,,,,,,,,,,,,,,,,,,nan,,,,,,,,,,,,,,,
1047,-7.766278266906738,-7.692619692534208e-05,-0.007692619692534208,10973.18078827858,10000,ppo,ppo,crawler,flat,dth_dth_neighbours_direct,,,,,,,,,,,,,,,-0.0005486819013075548,0,781,0.0,0.0,,,,,,,,,,,,,,,,,,,,,,,,,,,,,,,,,,,,,,,,,,,,,,,,,,,,,,,,,,,,,,,,,,,,,,,,,,nan,,,,,,,,,,,,,,,
1048,-9.123701095581055,-9.13860640139319e-05,-0.00913860640139319,10984.104546785355,10000,ppo,ppo,crawler,flat,dth_dth_neighbours_direct,,,,,,,,,,,,,,,0.0,0,781,0.0,0.0,,,,,,,,,,,,,,,,,,,,,,,,,,,,,,,,,,,,,,,,,,,,,,,,,,,,,,,,,,,,,,,,,,,,,,,,,,nan,,,,,,,,,,,,,,,
1049,-15.300925254821777,-0.00015366810839623213,-0.015366810839623213,10995.28025484085,10000,ppo,ppo,crawler,flat,dth_dth_neighbours_direct,,,,,,,,,,,,,,,-3.37419659376297e-05,0,781,0.0,0.0,,,,,,,,,,,,,,,,,,,,,,,,,,,,,,,,,,,,,,,,,,,,,,,,,,,,,,,,,,,,,,,,,,,,,,,,,,nan,,,,,,,,,,,,,,,
1050,-2.7156150341033936,-2.7156131181982346e-05,-0.0027156131181982346,11006.624499082565,10000,ppo,ppo,crawler,flat,dth_dth_neighbours_direct,,,,,,,,,,,,,,,-0.017949096853731538,0,781,0.0,0.0,,,,,,,,,,,,,,,,,,,,,,,,,,,,,,,,,,,,,,,,,,,,,,,,,,,,,,,,,,,,,,,,,,,,,,,,,,nan,,,,,,,,,,,,,,,
1051,-6.883296489715576,-6.883299647597596e-05,-0.006883299647597596,11017.540141820908,10000,ppo,ppo,crawler,flat,dth_dth_neighbours_direct,,,,,,,,,,,,,,,0.0,0,781,0.0,0.0,,,,,,,,,,,,,,,,,,,,,,,,,,,,,,,,,,,,,,,,,,,,,,,,,,,,,,,,,,,,,,,,,,,,,,,,,,nan,,,,,,,,,,,,,,,
1052,-14.784281730651855,-0.00014808560081291944,-0.014808560081291944,11028.683493852615,10000,ppo,ppo,crawler,flat,dth_dth_neighbours_direct,,,,,,,,,,,,,,,-0.0017052881775016058,0,781,0.0,0.0,,,,,,,,,,,,,,,,,,,,,,,,,,,,,,,,,,,,,,,,,,,,,,,,,,,,,,,,,,,,,,,,,,,,,,,,,,nan,,,,,,,,,,,,,,,
1053,28.85323143005371,0.00028892458067275584,0.028892458067275584,11039.851579904556,10000,ppo,ppo,crawler,flat,dth_dth_neighbours_direct,,,,,,,,,,,,,,,-0.00031594587096446,0,781,0.0,0.0,,,,,,,,,,,,,,,,,,,,,,,,,,,,,,,,,,,,,,,,,,,,,,,,,,,,,,,,,,,,,,,,,,,,,,,,,,nan,,,,,,,,,,,,,,,
1054,-0.9142738580703735,-9.142691851593554e-06,-0.0009142691851593554,11051.128537654877,10000,ppo,ppo,crawler,flat,dth_dth_neighbours_direct,,,,,,,,,,,,,,,0.0,0,781,0.0,0.0,,,,,,,,,,,,,,,,,,,,,,,,,,,,,,,,,,,,,,,,,,,,,,,,,,,,,,,,,,,,,,,,,,,,,,,,,,nan,,,,,,,,,,,,,,,
1055,-8.369704246520996,-8.326076931552961e-05,-0.008326076931552961,11062.107374668121,10000,ppo,ppo,crawler,flat,dth_dth_neighbours_direct,,,,,,,,,,,,,,,-1.4783952876486638e-06,0,781,0.0,0.0,,,,,,,,,,,,,,,,,,,,,,,,,,,,,,,,,,,,,,,,,,,,,,,,,,,,,,,,,,,,,,,,,,,,,,,,,,nan,,,,,,,,,,,,,,,
1056,-1.471938133239746,-1.471940049668774e-05,-0.001471940049668774,11073.157345056534,10000,ppo,ppo,crawler,flat,dth_dth_neighbours_direct,,,,,,,,,,,,,,,-3.5472013886240473e-05,0,781,0.0,0.0,,,,,,,,,,,,,,,,,,,,,,,,,,,,,,,,,,,,,,,,,,,,,,,,,,,,,,,,,,,,,,,,,,,,,,,,,,nan,,,,,,,,,,,,,,,
1057,11.974992752075195,0.00012021925067529082,0.012021925067529082,11084.491206169128,10000,ppo,ppo,crawler,flat,dth_dth_neighbours_direct,,,,,,,,,,,,,,,-4.231459944104721e-07,0,781,0.0,0.0,,,,,,,,,,,,,,,,,,,,,,,,,,,,,,,,,,,,,,,,,,,,,,,,,,,,,,,,,,,,,,,,,,,,,,,,,,nan,,,,,,,,,,,,,,,
1058,2.1841723918914795,2.1841759007656947e-05,0.0021841759007656947,11095.534463644028,10000,ppo,ppo,crawler,flat,dth_dth_neighbours_direct,,,,,,,,,,,,,,,-6.010555322359527e-05,0,781,0.0,0.0,,,,,,,,,,,,,,,,,,,,,,,,,,,,,,,,,,,,,,,,,,,,,,,,,,,,,,,,,,,,,,,,,,,,,,,,,,nan,,,,,,,,,,,,,,,
1059,2.4030239582061768,2.40302542806603e-05,0.00240302542806603,11106.481837272644,10000,ppo,ppo,crawler,flat,dth_dth_neighbours_direct,,,,,,,,,,,,,,,-0.023125114304546588,0,781,0.0,0.0,,,,,,,,,,,,,,,,,,,,,,,,,,,,,,,,,,,,,,,,,,,,,,,,,,,,,,,,,,,,,,,,,,,,,,,,,,nan,,,,,,,,,,,,,,,
1060,-22.511301040649414,-0.00022529422130901366,-0.022529422130901366,11117.557455778122,10000,ppo,ppo,crawler,flat,dth_dth_neighbours_direct,,,,,,,,,,,,,,,-3.3169504250286485e-05,0,781,0.0,0.0,,,,,,,,,,,,,,,,,,,,,,,,,,,,,,,,,,,,,,,,,,,,,,,,,,,,,,,,,,,,,,,,,,,,,,,,,,nan,,,,,,,,,,,,,,,
1061,-5.80050802230835,-5.8005116443382576e-05,-0.005800511644338258,11128.526042222977,10000,ppo,ppo,crawler,flat,dth_dth_neighbours_direct,,,,,,,,,,,,,,,-0.010443063474304392,0,781,0.0,0.0,,,,,,,,,,,,,,,,,,,,,,,,,,,,,,,,,,,,,,,,,,,,,,,,,,,,,,,,,,,,,,,,,,,,,,,,,,nan,,,,,,,,,,,,,,,
1062,-11.488143920898438,-0.00011573909432627261,-0.01157390943262726,11139.697943210602,10000,ppo,ppo,crawler,flat,dth_dth_neighbours_direct,,,,,,,,,,,,,,,-2.265701525953149e-11,0,781,0.0,0.0,,,,,,,,,,,,,,,,,,,,,,,,,,,,,,,,,,,,,,,,,,,,,,,,,,,,,,,,,,,,,,,,,,,,,,,,,,nan,,,,,,,,,,,,,,,
1063,-7.0048699378967285,-7.00486998539418e-05,-0.00700486998539418,11150.718961000443,10000,ppo,ppo,crawler,flat,dth_dth_neighbours_direct,,,,,,,,,,,,,,,-0.00038441944695656187,0,781,0.0,0.0,,,,,,,,,,,,,,,,,,,,,,,,,,,,,,,,,,,,,,,,,,,,,,,,,,,,,,,,,,,,,,,,,,,,,,,,,,nan,,,,,,,,,,,,,,,
1064,15.476539611816406,0.0001560462696943432,0.015604626969434321,11161.962032079697,10000,ppo,ppo,crawler,flat,dth_dth_neighbours_direct,,,,,,,,,,,,,,,-0.0003662944560281446,0,781,0.0,0.0,,,,,,,,,,,,,,,,,,,,,,,,,,,,,,,,,,,,,,,,,,,,,,,,,,,,,,,,,,,,,,,,,,,,,,,,,,nan,,,,,,,,,,,,,,,
1065,-2.6574621200561523,-2.6574583898764104e-05,-0.0026574583898764104,11173.21173453331,10000,ppo,ppo,crawler,flat,dth_dth_neighbours_direct,,,,,,,,,,,,,,,0.0,0,781,0.0,0.0,,,,,,,,,,,,,,,,,,,,,,,,,,,,,,,,,,,,,,,,,,,,,,,,,,,,,,,,,,,,,,,,,,,,,,,,,,nan,,,,,,,,,,,,,,,
1066,27.679489135742188,0.0002767868572846055,0.02767868572846055,11184.232896089554,10000,ppo,ppo,crawler,flat,dth_dth_neighbours_direct,,,,,,,,,,,,,,,-0.006987243215821769,0,781,0.0,0.0,,,,,,,,,,,,,,,,,,,,,,,,,,,,,,,,,,,,,,,,,,,,,,,,,,,,,,,,,,,,,,,,,,,,,,,,,,nan,,,,,,,,,,,,,,,
1067,-0.733254611492157,-7.332535460591316e-06,-0.0007332535460591316,11195.099328041077,10000,ppo,ppo,crawler,flat,dth_dth_neighbours_direct,,,,,,,,,,,,,,,0.0,0,781,0.0,0.0,,,,,,,,,,,,,,,,,,,,,,,,,,,,,,,,,,,,,,,,,,,,,,,,,,,,,,,,,,,,,,,,,,,,,,,,,,nan,,,,,,,,,,,,,,,
1068,-0.3275066316127777,-3.250077725169831e-06,-0.0003250077725169831,11206.279202461243,10000,ppo,ppo,crawler,flat,dth_dth_neighbours_direct,,,,,,,,,,,,,,,-1.7240998858678967e-06,0,781,0.0,0.0,,,,,,,,,,,,,,,,,,,,,,,,,,,,,,,,,,,,,,,,,,,,,,,,,,,,,,,,,,,,,,,,,,,,,,,,,,nan,,,,,,,,,,,,,,,
1069,9.47078800201416,9.487668285146356e-05,0.009487668285146356,11217.502196788788,10000,ppo,ppo,crawler,flat,dth_dth_neighbours_direct,,,,,,,,,,,,,,,-3.6591644877050356e-05,0,781,0.0,0.0,,,,,,,,,,,,,,,,,,,,,,,,,,,,,,,,,,,,,,,,,,,,,,,,,,,,,,,,,,,,,,,,,,,,,,,,,,nan,,,,,,,,,,,,,,,
1070,14.176648139953613,0.00014133620425127447,0.014133620425127447,11228.640681266785,10000,ppo,ppo,crawler,flat,dth_dth_neighbours_direct,,,,,,,,,,,,,,,-0.00031954013932109946,0,781,0.0,0.0,,,,,,,,,,,,,,,,,,,,,,,,,,,,,,,,,,,,,,,,,,,,,,,,,,,,,,,,,,,,,,,,,,,,,,,,,,nan,,,,,,,,,,,,,,,
1071,-21.288724899291992,-0.00021310934971552342,-0.021310934971552342,11239.876068592072,10000,ppo,ppo,crawler,flat,dth_dth_neighbours_direct,,,,,,,,,,,,,,,0.0,0,781,0.0,0.0,,,,,,,,,,,,,,,,,,,,,,,,,,,,,,,,,,,,,,,,,,,,,,,,,,,,,,,,,,,,,,,,,,,,,,,,,,nan,,,,,,,,,,,,,,,
1072,1.1591780185699463,1.1591768270591274e-05,0.0011591768270591274,11251.03013253212,10000,ppo,ppo,crawler,flat,dth_dth_neighbours_direct,,,,,,,,,,,,,,,-2.7528170987524847e-05,0,781,0.0,0.0,,,,,,,,,,,,,,,,,,,,,,,,,,,,,,,,,,,,,,,,,,,,,,,,,,,,,,,,,,,,,,,,,,,,,,,,,,nan,,,,,,,,,,,,,,,
1073,-12.646003723144531,-0.00012723608233500272,-0.012723608233500272,11262.331950426102,10000,ppo,ppo,crawler,flat,dth_dth_neighbours_direct,,,,,,,,,,,,,,,0.0,0,781,0.0,0.0,,,,,,,,,,,,,,,,,,,,,,,,,,,,,,,,,,,,,,,,,,,,,,,,,,,,,,,,,,,,,,,,,,,,,,,,,,nan,,,,,,,,,,,,,,,
1074,-21.43429183959961,-0.0002141507575288415,-0.02141507575288415,11273.496986150742,10000,ppo,ppo,crawler,flat,dth_dth_neighbours_direct,,,,,,,,,,,,,,,-8.227803270963334e-06,0,781,0.0,0.0,,,,,,,,,,,,,,,,,,,,,,,,,,,,,,,,,,,,,,,,,,,,,,,,,,,,,,,,,,,,,,,,,,,,,,,,,,nan,,,,,,,,,,,,,,,
1075,6.206022262573242,6.206024409038946e-05,0.006206024409038946,11284.831143379211,10000,ppo,ppo,crawler,flat,dth_dth_neighbours_direct,,,,,,,,,,,,,,,-0.00186707071182479,0,781,0.0,0.0,,,,,,,,,,,,,,,,,,,,,,,,,,,,,,,,,,,,,,,,,,,,,,,,,,,,,,,,,,,,,,,,,,,,,,,,,,nan,,,,,,,,,,,,,,,
1076,-5.810094356536865,-5.8483561588218436e-05,-0.0058483561588218436,11296.142879724503,10000,ppo,ppo,crawler,flat,dth_dth_neighbours_direct,,,,,,,,,,,,,,,0.0,0,781,0.0,0.0,,,,,,,,,,,,,,,,,,,,,,,,,,,,,,,,,,,,,,,,,,,,,,,,,,,,,,,,,,,,,,,,,,,,,,,,,,nan,,,,,,,,,,,,,,,
1077,2.6910362243652344,2.6910358428722247e-05,0.0026910358428722247,11307.597615480423,10000,ppo,ppo,crawler,flat,dth_dth_neighbours_direct,,,,,,,,,,,,,,,-3.817433636831108e-05,0,781,0.0,0.0,,,,,,,,,,,,,,,,,,,,,,,,,,,,,,,,,,,,,,,,,,,,,,,,,,,,,,,,,,,,,,,,,,,,,,,,,,nan,,,,,,,,,,,,,,,
1078,2.902435302734375,2.902437154261861e-05,0.002902437154261861,11318.8188726902,10000,ppo,ppo,crawler,flat,dth_dth_neighbours_direct,,,,,,,,,,,,,,,-3.970876245469656e-05,0,781,0.0,0.0,,,,,,,,,,,,,,,,,,,,,,,,,,,,,,,,,,,,,,,,,,,,,,,,,,,,,,,,,,,,,,,,,,,,,,,,,,nan,,,,,,,,,,,,,,,
1079,12.709620475769043,0.00012712097668554634,0.012712097668554634,11330.030741930008,10000,ppo,ppo,crawler,flat,dth_dth_neighbours_direct,,,,,,,,,,,,,,,-0.000798399353855398,0,781,0.0,0.0,,,,,,,,,,,,,,,,,,,,,,,,,,,,,,,,,,,,,,,,,,,,,,,,,,,,,,,,,,,,,,,,,,,,,,,,,,nan,,,,,,,,,,,,,,,
1080,-22.54292106628418,-0.0002264415961690247,-0.02264415961690247,11341.36840748787,10000,ppo,ppo,crawler,flat,dth_dth_neighbours_direct,,,,,,,,,,,,,,,-2.166575891718211e-06,0,781,0.0,0.0,,,,,,,,,,,,,,,,,,,,,,,,,,,,,,,,,,,,,,,,,,,,,,,,,,,,,,,,,,,,,,,,,,,,,,,,,,nan,,,,,,,,,,,,,,,
1081,-1.3296871185302734,-1.3296871657075826e-05,-0.0013296871657075826,11352.656270980835,10000,ppo,ppo,crawler,flat,dth_dth_neighbours_direct,,,,,,,,,,,,,,,-6.404066298552878e-05,0,781,0.0,0.0,,,,,,,,,,,,,,,,,,,,,,,,,,,,,,,,,,,,,,,,,,,,,,,,,,,,,,,,,,,,,,,,,,,,,,,,,,nan,,,,,,,,,,,,,,,
1082,5.305090427398682,5.305086961016059e-05,0.005305086961016059,11363.830892562866,10000,ppo,ppo,crawler,flat,dth_dth_neighbours_direct,,,,,,,,,,,,,,,-0.0014396893545012162,0,781,0.0,0.0,,,,,,,,,,,,,,,,,,,,,,,,,,,,,,,,,,,,,,,,,,,,,,,,,,,,,,,,,,,,,,,,,,,,,,,,,,nan,,,,,,,,,,,,,,,
1083,-10.29415225982666,-0.00010254835797240958,-0.010254835797240958,11375.127291679382,10000,ppo,ppo,crawler,flat,dth_dth_neighbours_direct,,,,,,,,,,,,,,,0.0,0,781,0.0,0.0,,,,,,,,,,,,,,,,,,,,,,,,,,,,,,,,,,,,,,,,,,,,,,,,,,,,,,,,,,,,,,,,,,,,,,,,,,nan,,,,,,,,,,,,,,,
1084,-11.953680038452148,-0.00012008383055217564,-0.012008383055217564,11386.340242385864,10000,ppo,ppo,crawler,flat,dth_dth_neighbours_direct,,,,,,,,,,,,,,,-7.108104309107674e-06,0,781,0.0,0.0,,,,,,,,,,,,,,,,,,,,,,,,,,,,,,,,,,,,,,,,,,,,,,,,,,,,,,,,,,,,,,,,,,,,,,,,,,nan,,,,,,,,,,,,,,,
1085,0.1309124082326889,1.3091415667076944e-06,0.00013091415667076944,11397.647823095322,10000,ppo,ppo,crawler,flat,dth_dth_neighbours_direct,,,,,,,,,,,,,,,-0.00025600010335979635,0,781,0.0,0.0,,,,,,,,,,,,,,,,,,,,,,,,,,,,,,,,,,,,,,,,,,,,,,,,,,,,,,,,,,,,,,,,,,,,,,,,,,nan,,,,,,,,,,,,,,,
1086,-14.445772171020508,-0.00014397296763490885,-0.014397296763490885,11408.482015371323,10000,ppo,ppo,crawler,flat,dth_dth_neighbours_direct,,,,,,,,,,,,,,,0.0,0,781,0.0,0.0,,,,,,,,,,,,,,,,,,,,,,,,,,,,,,,,,,,,,,,,,,,,,,,,,,,,,,,,,,,,,,,,,,,,,,,,,,nan,,,,,,,,,,,,,,,
1087,11.607532501220703,0.0001162365879281424,0.01162365879281424,11419.568758487701,10000,ppo,ppo,crawler,flat,dth_dth_neighbours_direct,,,,,,,,,,,,,,,-3.6756511629772553e-06,0,781,0.0,0.0,,,,,,,,,,,,,,,,,,,,,,,,,,,,,,,,,,,,,,,,,,,,,,,,,,,,,,,,,,,,,,,,,,,,,,,,,,nan,,,,,,,,,,,,,,,
1088,-18.503978729248047,-0.0001852682325989008,-0.01852682325989008,11430.835700511932,10000,ppo,ppo,crawler,flat,dth_dth_neighbours_direct,,,,,,,,,,,,,,,-4.511522117253302e-06,0,781,0.0,0.0,,,,,,,,,,,,,,,,,,,,,,,,,,,,,,,,,,,,,,,,,,,,,,,,,,,,,,,,,,,,,,,,,,,,,,,,,,nan,,,,,,,,,,,,,,,
1089,-0.3815235197544098,-3.815185209532501e-06,-0.0003815185209532501,11441.884747505188,10000,ppo,ppo,crawler,flat,dth_dth_neighbours_direct,,,,,,,,,,,,,,,-1.1273795707811925e-05,0,781,0.0,0.0,,,,,,,,,,,,,,,,,,,,,,,,,,,,,,,,,,,,,,,,,,,,,,,,,,,,,,,,,,,,,,,,,,,,,,,,,,nan,,,,,,,,,,,,,,,
1090,-19.580385208129883,-0.00019581781816668808,-0.01958178181666881,11452.953260183334,10000,ppo,ppo,crawler,flat,dth_dth_neighbours_direct,,,,,,,,,,,,,,,-3.194897799310244e-05,0,781,0.0,0.0,,,,,,,,,,,,,,,,,,,,,,,,,,,,,,,,,,,,,,,,,,,,,,,,,,,,,,,,,,,,,,,,,,,,,,,,,,nan,,,,,,,,,,,,,,,
1091,21.869314193725586,0.0002201359166065231,0.02201359166065231,11464.229531049728,10000,ppo,ppo,crawler,flat,dth_dth_neighbours_direct,,,,,,,,,,,,,,,-0.020436972136419655,0,781,0.0,0.0,,,,,,,,,,,,,,,,,,,,,,,,,,,,,,,,,,,,,,,,,,,,,,,,,,,,,,,,,,,,,,,,,,,,,,,,,,nan,,,,,,,,,,,,,,,
1092,0.667973518371582,6.67973199597327e-06,0.000667973199597327,11475.44664144516,10000,ppo,ppo,crawler,flat,dth_dth_neighbours_direct,,,,,,,,,,,,,,,-4.558760801594938e-06,0,781,0.0,0.0,,,,,,,,,,,,,,,,,,,,,,,,,,,,,,,,,,,,,,,,,,,,,,,,,,,,,,,,,,,,,,,,,,,,,,,,,,nan,,,,,,,,,,,,,,,
1093,-1.9782606363296509,-1.978267937374767e-05,-0.001978267937374767,11486.757073402405,10000,ppo,ppo,crawler,flat,dth_dth_neighbours_direct,,,,,,,,,,,,,,,-0.00010377379842627217,0,781,0.0,0.0,,,,,,,,,,,,,,,,,,,,,,,,,,,,,,,,,,,,,,,,,,,,,,,,,,,,,,,,,,,,,,,,,,,,,,,,,,nan,,,,,,,,,,,,,,,
1094,-5.178961277008057,-5.1789593271678314e-05,-0.005178959327167831,11497.798420906067,10000,ppo,ppo,crawler,flat,dth_dth_neighbours_direct,,,,,,,,,,,,,,,0.0,0,781,0.0,0.0,,,,,,,,,,,,,,,,,,,,,,,,,,,,,,,,,,,,,,,,,,,,,,,,,,,,,,,,,,,,,,,,,,,,,,,,,,nan,,,,,,,,,,,,,,,
1095,-12.017277717590332,-0.00012035421968903393,-0.012035421968903393,11509.018350362778,10000,ppo,ppo,crawler,flat,dth_dth_neighbours_direct,,,,,,,,,,,,,,,-2.574707320611089e-05,0,781,0.0,0.0,,,,,,,,,,,,,,,,,,,,,,,,,,,,,,,,,,,,,,,,,,,,,,,,,,,,,,,,,,,,,,,,,,,,,,,,,,nan,,,,,,,,,,,,,,,
1096,0.7081030011177063,7.081051535351435e-06,0.0007081051535351435,11520.060939073563,10000,ppo,ppo,crawler,flat,dth_dth_neighbours_direct,,,,,,,,,,,,,,,-0.0007420465548101827,0,781,0.0,0.0,,,,,,,,,,,,,,,,,,,,,,,,,,,,,,,,,,,,,,,,,,,,,,,,,,,,,,,,,,,,,,,,,,,,,,,,,,nan,,,,,,,,,,,,,,,
1097,-3.6021461486816406,-3.55897172994446e-05,-0.00355897172994446,11530.889980077744,10000,ppo,ppo,crawler,flat,dth_dth_neighbours_direct,,,,,,,,,,,,,,,-1.3737306094200144e-07,0,781,0.0,0.0,,,,,,,,,,,,,,,,,,,,,,,,,,,,,,,,,,,,,,,,,,,,,,,,,,,,,,,,,,,,,,,,,,,,,,,,,,nan,,,,,,,,,,,,,,,
1098,-12.597552299499512,-0.00012569839600473642,-0.012569839600473642,11542.35877418518,10000,ppo,ppo,crawler,flat,dth_dth_neighbours_direct,,,,,,,,,,,,,,,-3.0483437580427347e-05,0,781,0.0,0.0,,,,,,,,,,,,,,,,,,,,,,,,,,,,,,,,,,,,,,,,,,,,,,,,,,,,,,,,,,,,,,,,,,,,,,,,,,nan,,,,,,,,,,,,,,,
1099,-1.669273018836975,-1.6692825738573447e-05,-0.0016692825738573447,11553.448478221893,10000,ppo,ppo,crawler,flat,dth_dth_neighbours_direct,,,,,,,,,,,,,,,-0.006314935652770474,0,781,0.0,0.0,,,,,,,,,,,,,,,,,,,,,,,,,,,,,,,,,,,,,,,,,,,,,,,,,,,,,,,,,,,,,,,,,,,,,,,,,,nan,,,,,,,,,,,,,,,
1100,5.606165885925293,5.606167178484611e-05,0.005606167178484611,11564.564588069916,10000,ppo,ppo,crawler,flat,dth_dth_neighbours_direct,,,,,,,,,,,,,,,-6.510910700896943e-10,0,781,0.0,0.0,,,,,,,,,,,,,,,,,,,,,,,,,,,,,,,,,,,,,,,,,,,,,,,,,,,,,,,,,,,,,,,,,,,,,,,,,,nan,,,,,,,,,,,,,,,
1101,8.597049713134766,8.588357013650239e-05,0.008588357013650239,11575.71484208107,10000,ppo,ppo,crawler,flat,dth_dth_neighbours_direct,,,,,,,,,,,,,,,-2.0248228719841962e-05,0,781,0.0,0.0,,,,,,,,,,,,,,,,,,,,,,,,,,,,,,,,,,,,,,,,,,,,,,,,,,,,,,,,,,,,,,,,,,,,,,,,,,nan,,,,,,,,,,,,,,,
1102,9.14749813079834,9.22296749195084e-05,0.00922296749195084,11587.022757530212,10000,ppo,ppo,crawler,flat,dth_dth_neighbours_direct,,,,,,,,,,,,,,,-8.762302533001967e-06,0,781,0.0,0.0,,,,,,,,,,,,,,,,,,,,,,,,,,,,,,,,,,,,,,,,,,,,,,,,,,,,,,,,,,,,,,,,,,,,,,,,,,nan,,,,,,,,,,,,,,,
1103,-8.332442283630371,-8.299492037622258e-05,-0.008299492037622258,11598.175212860107,10000,ppo,ppo,crawler,flat,dth_dth_neighbours_direct,,,,,,,,,,,,,,,-8.320175087444303e-05,0,781,0.0,0.0,,,,,,,,,,,,,,,,,,,,,,,,,,,,,,,,,,,,,,,,,,,,,,,,,,,,,,,,,,,,,,,,,,,,,,,,,,nan,,,,,,,,,,,,,,,
1104,6.956906318664551,6.97998984833248e-05,0.00697998984833248,11609.161375284195,10000,ppo,ppo,crawler,flat,dth_dth_neighbours_direct,,,,,,,,,,,,,,,0.0,0,781,0.0,0.0,,,,,,,,,,,,,,,,,,,,,,,,,,,,,,,,,,,,,,,,,,,,,,,,,,,,,,,,,,,,,,,,,,,,,,,,,,nan,,,,,,,,,,,,,,,
1105,-1.9847639799118042,-1.984766095119994e-05,-0.001984766095119994,11620.06438779831,10000,ppo,ppo,crawler,flat,dth_dth_neighbours_direct,,,,,,,,,,,,,,,-6.604036995986054e-06,0,781,0.0,0.0,,,,,,,,,,,,,,,,,,,,,,,,,,,,,,,,,,,,,,,,,,,,,,,,,,,,,,,,,,,,,,,,,,,,,,,,,,nan,,,,,,,,,,,,,,,
1106,14.684295654296875,0.0001468429109081626,0.01468429109081626,11631.2740752697,10000,ppo,ppo,crawler,flat,dth_dth_neighbours_direct,,,,,,,,,,,,,,,-0.00463154894704054,0,781,0.0,0.0,,,,,,,,,,,,,,,,,,,,,,,,,,,,,,,,,,,,,,,,,,,,,,,,,,,,,,,,,,,,,,,,,,,,,,,,,,nan,,,,,,,,,,,,,,,
1107,-8.157931327819824,-8.17812979221344e-05,-0.00817812979221344,11642.237000226974,10000,ppo,ppo,crawler,flat,dth_dth_neighbours_direct,,,,,,,,,,,,,,,-1.3951951501922022e-10,0,781,0.0,0.0,,,,,,,,,,,,,,,,,,,,,,,,,,,,,,,,,,,,,,,,,,,,,,,,,,,,,,,,,,,,,,,,,,,,,,,,,,nan,,,,,,,,,,,,,,,
1108,-22.005069732666016,-0.00021996769646648318,-0.021996769646648318,11653.739634752274,10000,ppo,ppo,crawler,flat,dth_dth_neighbours_direct,,,,,,,,,,,,,,,-0.00010719249399424209,0,781,0.0,0.0,,,,,,,,,,,,,,,,,,,,,,,,,,,,,,,,,,,,,,,,,,,,,,,,,,,,,,,,,,,,,,,,,,,,,,,,,,nan,,,,,,,,,,,,,,,
1109,4.887336730957031,4.887341856374405e-05,0.004887341856374405,11665.159198760986,10000,ppo,ppo,crawler,flat,dth_dth_neighbours_direct,,,,,,,,,,,,,,,0.0,0,781,0.0,0.0,,,,,,,,,,,,,,,,,,,,,,,,,,,,,,,,,,,,,,,,,,,,,,,,,,,,,,,,,,,,,,,,,,,,,,,,,,nan,,,,,,,,,,,,,,,
1110,-4.367273807525635,-4.382038241601549e-05,-0.004382038241601549,11676.804945707321,10000,ppo,ppo,crawler,flat,dth_dth_neighbours_direct,,,,,,,,,,,,,,,-1.2700565197480015e-05,0,781,0.0,0.0,,,,,,,,,,,,,,,,,,,,,,,,,,,,,,,,,,,,,,,,,,,,,,,,,,,,,,,,,,,,,,,,,,,,,,,,,,nan,,,,,,,,,,,,,,,
1111,-6.244328022003174,-6.24433159828186e-05,-0.00624433159828186,11687.964539051056,10000,ppo,ppo,crawler,flat,dth_dth_neighbours_direct,,,,,,,,,,,,,,,-1.914069657518067e-05,0,781,0.0,0.0,,,,,,,,,,,,,,,,,,,,,,,,,,,,,,,,,,,,,,,,,,,,,,,,,,,,,,,,,,,,,,,,,,,,,,,,,,nan,,,,,,,,,,,,,,,
1112,-1.4413073062896729,-1.441305812477367e-05,-0.001441305812477367,11698.912586212158,10000,ppo,ppo,crawler,flat,dth_dth_neighbours_direct,,,,,,,,,,,,,,,0.0,0,781,0.0,0.0,,,,,,,,,,,,,,,,,,,,,,,,,,,,,,,,,,,,,,,,,,,,,,,,,,,,,,,,,,,,,,,,,,,,,,,,,,nan,,,,,,,,,,,,,,,
1113,-25.6166934967041,-0.0002564436581451446,-0.025644365814514458,11710.293624639511,10000,ppo,ppo,crawler,flat,dth_dth_neighbours_direct,,,,,,,,,,,,,,,-4.849963667641529e-05,0,781,0.0,0.0,,,,,,,,,,,,,,,,,,,,,,,,,,,,,,,,,,,,,,,,,,,,,,,,,,,,,,,,,,,,,,,,,,,,,,,,,,nan,,,,,,,,,,,,,,,
1114,16.347171783447266,0.00016372678510379046,0.016372678510379046,11721.640241384506,10000,ppo,ppo,crawler,flat,dth_dth_neighbours_direct,,,,,,,,,,,,,,,-0.000258750186830034,0,781,0.0,0.0,,,,,,,,,,,,,,,,,,,,,,,,,,,,,,,,,,,,,,,,,,,,,,,,,,,,,,,,,,,,,,,,,,,,,,,,,,nan,,,,,,,,,,,,,,,
1115,-7.258510112762451,-7.290342909982428e-05,-0.007290342909982428,11732.274616479874,10000,ppo,ppo,crawler,flat,dth_dth_neighbours_direct,,,,,,,,,,,,,,,0.0,0,781,0.0,0.0,,,,,,,,,,,,,,,,,,,,,,,,,,,,,,,,,,,,,,,,,,,,,,,,,,,,,,,,,,,,,,,,,,,,,,,,,,nan,,,,,,,,,,,,,,,
1116,0.8596435785293579,8.596423867857084e-06,0.0008596423867857084,11744.028774261475,10000,ppo,ppo,crawler,flat,dth_dth_neighbours_direct,,,,,,,,,,,,,,,-6.207036958690185e-05,0,781,0.0,0.0,,,,,,,,,,,,,,,,,,,,,,,,,,,,,,,,,,,,,,,,,,,,,,,,,,,,,,,,,,,,,,,,,,,,,,,,,,nan,,,,,,,,,,,,,,,
1117,1.3307386636734009,1.3307398148754146e-05,0.0013307398148754146,11755.533766269684,10000,ppo,ppo,crawler,flat,dth_dth_neighbours_direct,,,,,,,,,,,,,,,-0.0008024978075801334,0,781,0.0,0.0,,,,,,,,,,,,,,,,,,,,,,,,,,,,,,,,,,,,,,,,,,,,,,,,,,,,,,,,,,,,,,,,,,,,,,,,,,nan,,,,,,,,,,,,,,,
1118,-1.9873600006103516,-1.9873636119882576e-05,-0.0019873636119882576,11767.126893281937,10000,ppo,ppo,crawler,flat,dth_dth_neighbours_direct,,,,,,,,,,,,,,,0.0,0,781,0.0,0.0,,,,,,,,,,,,,,,,,,,,,,,,,,,,,,,,,,,,,,,,,,,,,,,,,,,,,,,,,,,,,,,,,,,,,,,,,,nan,,,,,,,,,,,,,,,
1119,-12.05826473236084,-0.0001215935408254154,-0.01215935408254154,11779.150653600693,10000,ppo,ppo,crawler,flat,dth_dth_neighbours_direct,,,,,,,,,,,,,,,-7.076688568738603e-06,0,781,0.0,0.0,,,,,,,,,,,,,,,,,,,,,,,,,,,,,,,,,,,,,,,,,,,,,,,,,,,,,,,,,,,,,,,,,,,,,,,,,,nan,,,,,,,,,,,,,,,
1120,6.697622776031494,6.682569801341742e-05,0.006682569801341742,11790.429666519165,10000,ppo,ppo,crawler,flat,dth_dth_neighbours_direct,,,,,,,,,,,,,,,-0.048623178225778586,0,781,0.0,0.0,,,,,,,,,,,,,,,,,,,,,,,,,,,,,,,,,,,,,,,,,,,,,,,,,,,,,,,,,,,,,,,,,,,,,,,,,,nan,,,,,,,,,,,,,,,
1121,-9.517069816589355,-9.51706970226951e-05,-0.00951706970226951,11801.566090345383,10000,ppo,ppo,crawler,flat,dth_dth_neighbours_direct,,,,,,,,,,,,,,,0.0,0,781,0.0,0.0,,,,,,,,,,,,,,,,,,,,,,,,,,,,,,,,,,,,,,,,,,,,,,,,,,,,,,,,,,,,,,,,,,,,,,,,,,nan,,,,,,,,,,,,,,,
1122,3.288501739501953,3.2885000109672546e-05,0.0032885000109672546,11813.16515827179,10000,ppo,ppo,crawler,flat,dth_dth_neighbours_direct,,,,,,,,,,,,,,,-2.758241903690309e-05,0,781,0.0,0.0,,,,,,,,,,,,,,,,,,,,,,,,,,,,,,,,,,,,,,,,,,,,,,,,,,,,,,,,,,,,,,,,,,,,,,,,,,nan,,,,,,,,,,,,,,,
1123,-9.3716459274292,-9.395983215654269e-05,-0.009395983215654269,11824.608595848083,10000,ppo,ppo,crawler,flat,dth_dth_neighbours_direct,,,,,,,,,,,,,,,-1.966063691620332e-06,0,781,0.0,0.0,,,,,,,,,,,,,,,,,,,,,,,,,,,,,,,,,,,,,,,,,,,,,,,,,,,,,,,,,,,,,,,,,,,,,,,,,,nan,,,,,,,,,,,,,,,
1124,-19.87339210510254,-0.00019881641492247581,-0.01988164149224758,11836.021438121796,10000,ppo,ppo,crawler,flat,dth_dth_neighbours_direct,,,,,,,,,,,,,,,-0.002545079772054157,0,781,0.0,0.0,,,,,,,,,,,,,,,,,,,,,,,,,,,,,,,,,,,,,,,,,,,,,,,,,,,,,,,,,,,,,,,,,,,,,,,,,,nan,,,,,,,,,,,,,,,
1125,-0.21099071204662323,-2.1098203433211893e-06,-0.00021098203433211893,11846.999041557312,10000,ppo,ppo,crawler,flat,dth_dth_neighbours_direct,,,,,,,,,,,,,,,0.0,0,781,0.0,0.0,,,,,,,,,,,,,,,,,,,,,,,,,,,,,,,,,,,,,,,,,,,,,,,,,,,,,,,,,,,,,,,,,,,,,,,,,,nan,,,,,,,,,,,,,,,
1126,-1.245421290397644,-1.275265822187066e-05,-0.001275265822187066,11858.584688901901,10000,ppo,ppo,crawler,flat,dth_dth_neighbours_direct,,,,,,,,,,,,,,,-0.0034560608259007505,0,781,0.0,0.0,,,,,,,,,,,,,,,,,,,,,,,,,,,,,,,,,,,,,,,,,,,,,,,,,,,,,,,,,,,,,,,,,,,,,,,,,,nan,,,,,,,,,,,,,,,
1127,-18.284748077392578,-0.00018295487097930163,-0.018295487097930163,11871.788531780243,10000,ppo,ppo,crawler,flat,dth_dth_neighbours_direct,,,,,,,,,,,,,,,-3.5774234620312877e-10,0,781,0.0,0.0,,,,,,,,,,,,,,,,,,,,,,,,,,,,,,,,,,,,,,,,,,,,,,,,,,,,,,,,,,,,,,,,,,,,,,,,,,nan,,,,,,,,,,,,,,,
1128,-26.5439510345459,-0.0002655611024238169,-0.026556110242381692,11884.1383664608,10000,ppo,ppo,crawler,flat,dth_dth_neighbours_direct,,,,,,,,,,,,,,,-2.232601415370704e-05,0,781,0.0,0.0,,,,,,,,,,,,,,,,,,,,,,,,,,,,,,,,,,,,,,,,,,,,,,,,,,,,,,,,,,,,,,,,,,,,,,,,,,nan,,,,,,,,,,,,,,,
1129,-8.486421585083008,-8.48642157507129e-05,-0.00848642157507129,11895.621322393417,10000,ppo,ppo,crawler,flat,dth_dth_neighbours_direct,,,,,,,,,,,,,,,-6.46748292652196e-05,0,781,0.0,0.0,,,,,,,,,,,,,,,,,,,,,,,,,,,,,,,,,,,,,,,,,,,,,,,,,,,,,,,,,,,,,,,,,,,,,,,,,,nan,,,,,,,,,,,,,,,
1130,-29.10843849182129,-0.0002913567004725337,-0.02913567004725337,11907.22828912735,10000,ppo,ppo,crawler,flat,dth_dth_neighbours_direct,,,,,,,,,,,,,,,-2.852275910359186e-05,0,781,0.0,0.0,,,,,,,,,,,,,,,,,,,,,,,,,,,,,,,,,,,,,,,,,,,,,,,,,,,,,,,,,,,,,,,,,,,,,,,,,,nan,,,,,,,,,,,,,,,
1131,9.33267879486084,9.355460497317836e-05,0.009355460497317836,11918.966381311417,10000,ppo,ppo,crawler,flat,dth_dth_neighbours_direct,,,,,,,,,,,,,,,-0.00022647298500418815,0,781,0.0,0.0,,,,,,,,,,,,,,,,,,,,,,,,,,,,,,,,,,,,,,,,,,,,,,,,,,,,,,,,,,,,,,,,,,,,,,,,,,nan,,,,,,,,,,,,,,,
1132,37.653053283691406,0.0003761614207178354,0.03761614207178354,11930.47974729538,10000,ppo,ppo,crawler,flat,dth_dth_neighbours_direct,,,,,,,,,,,,,,,0.0,0,781,0.0,0.0,,,,,,,,,,,,,,,,,,,,,,,,,,,,,,,,,,,,,,,,,,,,,,,,,,,,,,,,,,,,,,,,,,,,,,,,,,nan,,,,,,,,,,,,,,,
1133,17.537158966064453,0.0001754147669998929,0.01754147669998929,11942.226487874985,10000,ppo,ppo,crawler,flat,dth_dth_neighbours_direct,,,,,,,,,,,,,,,-0.00037728024887519673,0,781,0.0,0.0,,,,,,,,,,,,,,,,,,,,,,,,,,,,,,,,,,,,,,,,,,,,,,,,,,,,,,,,,,,,,,,,,,,,,,,,,,nan,,,,,,,,,,,,,,,
1134,9.45108699798584,9.403895819559693e-05,0.009403895819559693,11953.64402461052,10000,ppo,ppo,crawler,flat,dth_dth_neighbours_direct,,,,,,,,,,,,,,,0.0,0,781,0.0,0.0,,,,,,,,,,,,,,,,,,,,,,,,,,,,,,,,,,,,,,,,,,,,,,,,,,,,,,,,,,,,,,,,,,,,,,,,,,nan,,,,,,,,,,,,,,,
1135,12.907669067382812,0.00012929771037306637,0.012929771037306637,11965.346666812897,10000,ppo,ppo,crawler,flat,dth_dth_neighbours_direct,,,,,,,,,,,,,,,-1.2510316625294704e-05,0,781,0.0,0.0,,,,,,,,,,,,,,,,,,,,,,,,,,,,,,,,,,,,,,,,,,,,,,,,,,,,,,,,,,,,,,,,,,,,,,,,,,nan,,,,,,,,,,,,,,,
1136,-7.9791579246521,-7.979153451742604e-05,-0.007979153451742604,11976.86969614029,10000,ppo,ppo,crawler,flat,dth_dth_neighbours_direct,,,,,,,,,,,,,,,3.7508533740471022e-06,0,781,0.0,0.0,,,,,,,,,,,,,,,,,,,,,,,,,,,,,,,,,,,,,,,,,,,,,,,,,,,,,,,,,,,,,,,,,,,,,,,,,,nan,,,,,,,,,,,,,,,
1137,12.011306762695312,0.00012147308007115498,0.012147308007115498,11988.323163986206,10000,ppo,ppo,crawler,flat,dth_dth_neighbours_direct,,,,,,,,,,,,,,,-0.0008118212838369814,0,781,0.0,0.0,,,,,,,,,,,,,,,,,,,,,,,,,,,,,,,,,,,,,,,,,,,,,,,,,,,,,,,,,,,,,,,,,,,,,,,,,,nan,,,,,,,,,,,,,,,
1138,3.1720974445343018,3.172098149661906e-05,0.003172098149661906,11999.7129342556,10000,ppo,ppo,crawler,flat,dth_dth_neighbours_direct,,,,,,,,,,,,,,,0.0,0,781,0.0,0.0,,,,,,,,,,,,,,,,,,,,,,,,,,,,,,,,,,,,,,,,,,,,,,,,,,,,,,,,,,,,,,,,,,,,,,,,,,nan,,,,,,,,,,,,,,,
1139,9.28666877746582,9.286658314522356e-05,0.009286658314522356,12012.04316687584,10000,ppo,ppo,crawler,flat,dth_dth_neighbours_direct,,,,,,,,,,,,,,,-1.042475625777214e-05,0,781,0.0,0.0,,,,,,,,,,,,,,,,,,,,,,,,,,,,,,,,,,,,,,,,,,,,,,,,,,,,,,,,,,,,,,,,,,,,,,,,,,nan,,,,,,,,,,,,,,,
1140,-4.22276496887207,-4.222767165629193e-05,-0.004222767165629193,12023.775775909424,10000,ppo,ppo,crawler,flat,dth_dth_neighbours_direct,,,,,,,,,,,,,,,-2.8777127028961645e-05,0,781,0.0,0.0,,,,,,,,,,,,,,,,,,,,,,,,,,,,,,,,,,,,,,,,,,,,,,,,,,,,,,,,,,,,,,,,,,,,,,,,,,nan,,,,,,,,,,,,,,,
1141,-8.07077693939209,-8.045407594181597e-05,-0.008045407594181597,12035.638585329056,10000,ppo,ppo,crawler,flat,dth_dth_neighbours_direct,,,,,,,,,,,,,,,-2.4537249407450766e-06,0,781,0.0,0.0,,,,,,,,,,,,,,,,,,,,,,,,,,,,,,,,,,,,,,,,,,,,,,,,,,,,,,,,,,,,,,,,,,,,,,,,,,nan,,,,,,,,,,,,,,,
1142,2.514134645462036,2.529770426917821e-05,0.002529770426917821,12048.085005521774,10000,ppo,ppo,crawler,flat,dth_dth_neighbours_direct,,,,,,,,,,,,,,,-0.018593491799175434,0,781,0.0,0.0,,,,,,,,,,,,,,,,,,,,,,,,,,,,,,,,,,,,,,,,,,,,,,,,,,,,,,,,,,,,,,,,,,,,,,,,,,nan,,,,,,,,,,,,,,,
1143,-1.734994888305664,-1.73499938682653e-05,-0.00173499938682653,12060.323655128479,10000,ppo,ppo,crawler,flat,dth_dth_neighbours_direct,,,,,,,,,,,,,,,-1.5167760330034126e-05,0,781,0.0,0.0,,,,,,,,,,,,,,,,,,,,,,,,,,,,,,,,,,,,,,,,,,,,,,,,,,,,,,,,,,,,,,,,,,,,,,,,,,nan,,,,,,,,,,,,,,,
1144,-9.604080200195312,-9.739692904986441e-05,-0.009739692904986441,12072.050899028778,10000,ppo,ppo,crawler,flat,dth_dth_neighbours_direct,,,,,,,,,,,,,,,-1.970289105718786e-05,0,781,0.0,0.0,,,,,,,,,,,,,,,,,,,,,,,,,,,,,,,,,,,,,,,,,,,,,,,,,,,,,,,,,,,,,,,,,,,,,,,,,,nan,,,,,,,,,,,,,,,
1145,-2.257836103439331,-2.1683834347641096e-05,-0.0021683834347641096,12083.93303346634,10000,ppo,ppo,crawler,flat,dth_dth_neighbours_direct,,,,,,,,,,,,,,,-0.007485008258348695,0,781,0.0,0.0,,,,,,,,,,,,,,,,,,,,,,,,,,,,,,,,,,,,,,,,,,,,,,,,,,,,,,,,,,,,,,,,,,,,,,,,,,nan,,,,,,,,,,,,,,,
1146,-12.569357872009277,-0.0001249850756721571,-0.012498507567215711,12095.460361242294,10000,ppo,ppo,crawler,flat,dth_dth_neighbours_direct,,,,,,,,,,,,,,,-1.7517497918059366e-06,0,781,0.0,0.0,,,,,,,,,,,,,,,,,,,,,,,,,,,,,,,,,,,,,,,,,,,,,,,,,,,,,,,,,,,,,,,,,,,,,,,,,,nan,,,,,,,,,,,,,,,
1147,14.943368911743164,0.0001493668823968619,0.014936688239686191,12107.956484079361,10000,ppo,ppo,crawler,flat,dth_dth_neighbours_direct,,,,,,,,,,,,,,,-0.0012085260000561629,0,781,0.0,0.0,,,,,,,,,,,,,,,,,,,,,,,,,,,,,,,,,,,,,,,,,,,,,,,,,,,,,,,,,,,,,,,,,,,,,,,,,,nan,,,,,,,,,,,,,,,
1148,1.4811115264892578,1.4811143046244979e-05,0.0014811143046244979,12119.53290772438,10000,ppo,ppo,crawler,flat,dth_dth_neighbours_direct,,,,,,,,,,,,,,,0.0,0,781,0.0,0.0,,,,,,,,,,,,,,,,,,,,,,,,,,,,,,,,,,,,,,,,,,,,,,,,,,,,,,,,,,,,,,,,,,,,,,,,,,nan,,,,,,,,,,,,,,,
1149,-9.527873039245605,-9.549762035021558e-05,-0.009549762035021558,12131.388886928558,10000,ppo,ppo,crawler,flat,dth_dth_neighbours_direct,,,,,,,,,,,,,,,-4.4734406829948767e-05,0,781,0.0,0.0,,,,,,,,,,,,,,,,,,,,,,,,,,,,,,,,,,,,,,,,,,,,,,,,,,,,,,,,,,,,,,,,,,,,,,,,,,nan,,,,,,,,,,,,,,,
1150,28.400426864624023,0.00028489602846093476,0.028489602846093476,12143.213805675507,10000,ppo,ppo,crawler,flat,dth_dth_neighbours_direct,,,,,,,,,,,,,,,-0.0001815675499058411,0,781,0.0,0.0,,,,,,,,,,,,,,,,,,,,,,,,,,,,,,,,,,,,,,,,,,,,,,,,,,,,,,,,,,,,,,,,,,,,,,,,,,nan,,,,,,,,,,,,,,,
1151,3.2388579845428467,3.2388568797614425e-05,0.0032388568797614425,12155.212413072586,10000,ppo,ppo,crawler,flat,dth_dth_neighbours_direct,,,,,,,,,,,,,,,-0.00010873302912742625,0,781,0.0,0.0,,,,,,,,,,,,,,,,,,,,,,,,,,,,,,,,,,,,,,,,,,,,,,,,,,,,,,,,,,,,,,,,,,,,,,,,,,nan,,,,,,,,,,,,,,,
1152,14.280386924743652,0.0001424570509698242,0.01424570509698242,12166.939637184143,10000,ppo,ppo,crawler,flat,dth_dth_neighbours_direct,,,,,,,,,,,,,,,0.0,0,781,0.0,0.0,,,,,,,,,,,,,,,,,,,,,,,,,,,,,,,,,,,,,,,,,,,,,,,,,,,,,,,,,,,,,,,,,,,,,,,,,,nan,,,,,,,,,,,,,,,
1153,-1.6012115478515625,-1.733027420414146e-05,-0.001733027420414146,12178.70336341858,10000,ppo,ppo,crawler,flat,dth_dth_neighbours_direct,,,,,,,,,,,,,,,-2.1929903940873627e-06,0,781,0.0,0.0,,,,,,,,,,,,,,,,,,,,,,,,,,,,,,,,,,,,,,,,,,,,,,,,,,,,,,,,,,,,,,,,,,,,,,,,,,nan,,,,,,,,,,,,,,,
1154,-1.068476915359497,-1.0684765584301203e-05,-0.0010684765584301203,12190.224574804306,10000,ppo,ppo,crawler,flat,dth_dth_neighbours_direct,,,,,,,,,,,,,,,-0.00602724589407444,0,781,0.0,0.0,,,,,,,,,,,,,,,,,,,,,,,,,,,,,,,,,,,,,,,,,,,,,,,,,,,,,,,,,,,,,,,,,,,,,,,,,,nan,,,,,,,,,,,,,,,
1155,10.93375015258789,0.00010933737212326378,0.010933737212326378,12200.938200235367,10000,ppo,ppo,crawler,flat,dth_dth_neighbours_direct,,,,,,,,,,,,,,,0.0,0,781,0.0,0.0,,,,,,,,,,,,,,,,,,,,,,,,,,,,,,,,,,,,,,,,,,,,,,,,,,,,,,,,,,,,,,,,,,,,,,,,,,nan,,,,,,,,,,,,,,,
1156,-1.5431931018829346,-1.5431905922014266e-05,-0.0015431905922014266,12210.858241558075,10000,ppo,ppo,crawler,flat,dth_dth_neighbours_direct,,,,,,,,,,,,,,,-1.6281981064094928e-05,0,781,0.0,0.0,,,,,,,,,,,,,,,,,,,,,,,,,,,,,,,,,,,,,,,,,,,,,,,,,,,,,,,,,,,,,,,,,,,,,,,,,,nan,,,,,,,,,,,,,,,
1157,21.918676376342773,0.00021942381863482296,0.021942381863482296,12220.89625620842,10000,ppo,ppo,crawler,flat,dth_dth_neighbours_direct,,,,,,,,,,,,,,,-4.2085703963201575e-05,0,781,0.0,0.0,,,,,,,,,,,,,,,,,,,,,,,,,,,,,,,,,,,,,,,,,,,,,,,,,,,,,,,,,,,,,,,,,,,,,,,,,,nan,,,,,,,,,,,,,,,
1158,-25.520809173583984,-0.0002552193182054907,-0.02552193182054907,12230.941408634186,10000,ppo,ppo,crawler,flat,dth_dth_neighbours_direct,,,,,,,,,,,,,,,0.0,0,781,0.0,0.0,,,,,,,,,,,,,,,,,,,,,,,,,,,,,,,,,,,,,,,,,,,,,,,,,,,,,,,,,,,,,,,,,,,,,,,,,,nan,,,,,,,,,,,,,,,
1159,46.06193923950195,0.0004616730147972703,0.04616730147972703,12240.867284536362,10000,ppo,ppo,crawler,flat,dth_dth_neighbours_direct,,,,,,,,,,,,,,,-0.0001285901107132511,0,781,0.0,0.0,,,,,,,,,,,,,,,,,,,,,,,,,,,,,,,,,,,,,,,,,,,,,,,,,,,,,,,,,,,,,,,,,,,,,,,,,,nan,,,,,,,,,,,,,,,
1160,5.453952789306641,5.4863769037183374e-05,0.005486376903718337,12251.434400558472,10000,ppo,ppo,crawler,flat,dth_dth_neighbours_direct,,,,,,,,,,,,,,,0.0,0,781,0.0,0.0,,,,,,,,,,,,,,,,,,,,,,,,,,,,,,,,,,,,,,,,,,,,,,,,,,,,,,,,,,,,,,,,,,,,,,,,,,nan,,,,,,,,,,,,,,,
1161,-0.41863080859184265,-4.186309979559155e-06,-0.0004186309979559155,12262.183623313904,10000,ppo,ppo,crawler,flat,dth_dth_neighbours_direct,,,,,,,,,,,,,,,-0.0005531926053873097,0,781,0.0,0.0,,,,,,,,,,,,,,,,,,,,,,,,,,,,,,,,,,,,,,,,,,,,,,,,,,,,,,,,,,,,,,,,,,,,,,,,,,nan,,,,,,,,,,,,,,,
1162,13.837472915649414,0.0001392401463817805,0.01392401463817805,12271.936610460281,10000,ppo,ppo,crawler,flat,dth_dth_neighbours_direct,,,,,,,,,,,,,,,0.0,0,781,0.0,0.0,,,,,,,,,,,,,,,,,,,,,,,,,,,,,,,,,,,,,,,,,,,,,,,,,,,,,,,,,,,,,,,,,,,,,,,,,,nan,,,,,,,,,,,,,,,
1163,-13.751192092895508,-0.00013726283214055002,-0.013726283214055002,12282.145790338516,10000,ppo,ppo,crawler,flat,dth_dth_neighbours_direct,,,,,,,,,,,,,,,-8.554910947586603e-06,0,781,0.0,0.0,,,,,,,,,,,,,,,,,,,,,,,,,,,,,,,,,,,,,,,,,,,,,,,,,,,,,,,,,,,,,,,,,,,,,,,,,,nan,,,,,,,,,,,,,,,
1164,12.05266284942627,0.00012033389793941751,0.012033389793941751,12292.14586520195,10000,ppo,ppo,crawler,flat,dth_dth_neighbours_direct,,,,,,,,,,,,,,,-7.427492502137121e-05,0,781,0.0,0.0,,,,,,,,,,,,,,,,,,,,,,,,,,,,,,,,,,,,,,,,,,,,,,,,,,,,,,,,,,,,,,,,,,,,,,,,,,nan,,,,,,,,,,,,,,,
1165,10.803967475891113,0.00010791495878947899,0.010791495878947899,12302.291177988052,10000,ppo,ppo,crawler,flat,dth_dth_neighbours_direct,,,,,,,,,,,,,,,0.0,0,781,0.0,0.0,,,,,,,,,,,,,,,,,,,,,,,,,,,,,,,,,,,,,,,,,,,,,,,,,,,,,,,,,,,,,,,,,,,,,,,,,,nan,,,,,,,,,,,,,,,
1166,6.194592475891113,6.255794141907245e-05,0.006255794141907245,12312.494854211807,10000,ppo,ppo,crawler,flat,dth_dth_neighbours_direct,,,,,,,,,,,,,,,-2.5601344476436072e-05,0,781,0.0,0.0,,,,,,,,,,,,,,,,,,,,,,,,,,,,,,,,,,,,,,,,,,,,,,,,,,,,,,,,,,,,,,,,,,,,,,,,,,nan,,,,,,,,,,,,,,,
1167,-9.743989944458008,-9.763320122146979e-05,-0.009763320122146979,12322.517343044281,10000,ppo,ppo,crawler,flat,dth_dth_neighbours_direct,,,,,,,,,,,,,,,0.0,0,781,0.0,0.0,,,,,,,,,,,,,,,,,,,,,,,,,,,,,,,,,,,,,,,,,,,,,,,,,,,,,,,,,,,,,,,,,,,,,,,,,,nan,,,,,,,,,,,,,,,
1168,3.9085540771484375,3.9085552998585626e-05,0.003908555299858563,12332.244055271149,10000,ppo,ppo,crawler,flat,dth_dth_neighbours_direct,,,,,,,,,,,,,,,-3.658879128560214e-05,0,781,0.0,0.0,,,,,,,,,,,,,,,,,,,,,,,,,,,,,,,,,,,,,,,,,,,,,,,,,,,,,,,,,,,,,,,,,,,,,,,,,,nan,,,,,,,,,,,,,,,
1169,-28.50819206237793,-0.0002861639950424433,-0.028616399504244328,12342.614590883255,10000,ppo,ppo,crawler,flat,dth_dth_neighbours_direct,,,,,,,,,,,,,,,-5.3307187007728215e-08,0,781,0.0,0.0,,,,,,,,,,,,,,,,,,,,,,,,,,,,,,,,,,,,,,,,,,,,,,,,,,,,,,,,,,,,,,,,,,,,,,,,,,nan,,,,,,,,,,,,,,,
1170,10.074625015258789,0.00010098860366269946,0.010098860366269946,12352.738523244858,10000,ppo,ppo,crawler,flat,dth_dth_neighbours_direct,,,,,,,,,,,,,,,-0.0015870263339729834,0,781,0.0,0.0,,,,,,,,,,,,,,,,,,,,,,,,,,,,,,,,,,,,,,,,,,,,,,,,,,,,,,,,,,,,,,,,,,,,,,,,,,nan,,,,,,,,,,,,,,,
1171,17.980039596557617,0.00017934656352736056,0.017934656352736056,12362.592607736588,10000,ppo,ppo,crawler,flat,dth_dth_neighbours_direct,,,,,,,,,,,,,,,0.0,0,781,0.0,0.0,,,,,,,,,,,,,,,,,,,,,,,,,,,,,,,,,,,,,,,,,,,,,,,,,,,,,,,,,,,,,,,,,,,,,,,,,,nan,,,,,,,,,,,,,,,
1172,7.2262701988220215,7.218382233986631e-05,0.007218382233986631,12372.882320404053,10000,ppo,ppo,crawler,flat,dth_dth_neighbours_direct,,,,,,,,,,,,,,,-0.0004969739287175839,0,781,0.0,0.0,,,,,,,,,,,,,,,,,,,,,,,,,,,,,,,,,,,,,,,,,,,,,,,,,,,,,,,,,,,,,,,,,,,,,,,,,,nan,,,,,,,,,,,,,,,
1173,-7.6533355712890625,-7.653333886992186e-05,-0.007653333886992186,12382.856085062027,10000,ppo,ppo,crawler,flat,dth_dth_neighbours_direct,,,,,,,,,,,,,,,0.0,0,781,0.0,0.0,,,,,,,,,,,,,,,,,,,,,,,,,,,,,,,,,,,,,,,,,,,,,,,,,,,,,,,,,,,,,,,,,,,,,,,,,,nan,,,,,,,,,,,,,,,
1174,-13.825942993164062,-0.00013851500989403576,-0.013851500989403576,12392.832713365555,10000,ppo,ppo,crawler,flat,dth_dth_neighbours_direct,,,,,,,,,,,,,,,-2.9591277060450725e-05,0,781,0.0,0.0,,,,,,,,,,,,,,,,,,,,,,,,,,,,,,,,,,,,,,,,,,,,,,,,,,,,,,,,,,,,,,,,,,,,,,,,,,nan,,,,,,,,,,,,,,,
1175,56.968994140625,0.0005697404849343002,0.05697404849343002,12402.783084630966,10000,ppo,ppo,crawler,flat,dth_dth_neighbours_direct,,,,,,,,,,,,,,,-0.00870993047017752,0,781,0.0,0.0,,,,,,,,,,,,,,,,,,,,,,,,,,,,,,,,,,,,,,,,,,,,,,,,,,,,,,,,,,,,,,,,,,,,,,,,,,nan,,,,,,,,,,,,,,,
1176,3.6395115852355957,3.639513306552544e-05,0.0036395133065525442,12413.097100019455,10000,ppo,ppo,crawler,flat,dth_dth_neighbours_direct,,,,,,,,,,,,,,,-6.370735205662236e-05,0,781,0.0,0.0,,,,,,,,,,,,,,,,,,,,,,,,,,,,,,,,,,,,,,,,,,,,,,,,,,,,,,,,,,,,,,,,,,,,,,,,,,nan,,,,,,,,,,,,,,,
1177,10.073273658752441,0.0001007327446131967,0.01007327446131967,12423.270160198212,10000,ppo,ppo,crawler,flat,dth_dth_neighbours_direct,,,,,,,,,,,,,,,-0.0004949328536108117,0,781,0.0,0.0,,,,,,,,,,,,,,,,,,,,,,,,,,,,,,,,,,,,,,,,,,,,,,,,,,,,,,,,,,,,,,,,,,,,,,,,,,nan,,,,,,,,,,,,,,,
1178,10.675732612609863,0.00010685517190722749,0.010685517190722749,12433.358866930008,10000,ppo,ppo,crawler,flat,dth_dth_neighbours_direct,,,,,,,,,,,,,,,0.0,0,781,0.0,0.0,,,,,,,,,,,,,,,,,,,,,,,,,,,,,,,,,,,,,,,,,,,,,,,,,,,,,,,,,,,,,,,,,,,,,,,,,,nan,,,,,,,,,,,,,,,
1179,-10.602195739746094,-0.00010574601765256375,-0.010574601765256375,12443.779154777527,10000,ppo,ppo,crawler,flat,dth_dth_neighbours_direct,,,,,,,,,,,,,,,-2.513464335137537e-06,0,781,0.0,0.0,,,,,,,,,,,,,,,,,,,,,,,,,,,,,,,,,,,,,,,,,,,,,,,,,,,,,,,,,,,,,,,,,,,,,,,,,,nan,,,,,,,,,,,,,,,
1180,-21.829511642456055,-0.00021800650574732572,-0.021800650574732572,12454.165164709091,10000,ppo,ppo,crawler,flat,dth_dth_neighbours_direct,,,,,,,,,,,,,,,-0.0005453368124197906,0,781,0.0,0.0,,,,,,,,,,,,,,,,,,,,,,,,,,,,,,,,,,,,,,,,,,,,,,,,,,,,,,,,,,,,,,,,,,,,,,,,,,nan,,,,,,,,,,,,,,,
1181,-12.84228229522705,-0.0001279556890949607,-0.012795568909496069,12464.540363073349,10000,ppo,ppo,crawler,flat,dth_dth_neighbours_direct,,,,,,,,,,,,,,,0.0,0,781,0.0,0.0,,,,,,,,,,,,,,,,,,,,,,,,,,,,,,,,,,,,,,,,,,,,,,,,,,,,,,,,,,,,,,,,,,,,,,,,,,nan,,,,,,,,,,,,,,,
1182,-17.918771743774414,-0.00017942932026926428,-0.017942932026926428,12474.589753627777,10000,ppo,ppo,crawler,flat,dth_dth_neighbours_direct,,,,,,,,,,,,,,,-3.3406307026457696e-05,0,781,0.0,0.0,,,,,,,,,,,,,,,,,,,,,,,,,,,,,,,,,,,,,,,,,,,,,,,,,,,,,,,,,,,,,,,,,,,,,,,,,,nan,,,,,,,,,,,,,,,
1183,8.522421836853027,8.522422285750508e-05,0.008522422285750508,12484.553175449371,10000,ppo,ppo,crawler,flat,dth_dth_neighbours_direct,,,,,,,,,,,,,,,-0.00012951155363673895,0,781,0.0,0.0,,,,,,,,,,,,,,,,,,,,,,,,,,,,,,,,,,,,,,,,,,,,,,,,,,,,,,,,,,,,,,,,,,,,,,,,,,nan,,,,,,,,,,,,,,,
1184,-23.944480895996094,-0.00023953072377480567,-0.023953072377480567,12494.931581258774,10000,ppo,ppo,crawler,flat,dth_dth_neighbours_direct,,,,,,,,,,,,,,,-6.1679717329797e-06,0,781,0.0,0.0,,,,,,,,,,,,,,,,,,,,,,,,,,,,,,,,,,,,,,,,,,,,,,,,,,,,,,,,,,,,,,,,,,,,,,,,,,nan,,,,,,,,,,,,,,,
1185,-29.774015426635742,-0.00029825494857504964,-0.029825494857504964,12505.462811231613,10000,ppo,ppo,crawler,flat,dth_dth_neighbours_direct,,,,,,,,,,,,,,,-2.40893321405147e-05,0,781,0.0,0.0,,,,,,,,,,,,,,,,,,,,,,,,,,,,,,,,,,,,,,,,,,,,,,,,,,,,,,,,,,,,,,,,,,,,,,,,,,nan,,,,,,,,,,,,,,,
1186,-2.9840335845947266,-2.9840342904208228e-05,-0.002984034290420823,12515.543809175491,10000,ppo,ppo,crawler,flat,dth_dth_neighbours_direct,,,,,,,,,,,,,,,-0.0007909795438701457,0,781,0.0,0.0,,,,,,,,,,,,,,,,,,,,,,,,,,,,,,,,,,,,,,,,,,,,,,,,,,,,,,,,,,,,,,,,,,,,,,,,,,nan,,,,,,,,,,,,,,,
1187,15.537103652954102,0.00015600313781760633,0.015600313781760633,12525.565097808838,10000,ppo,ppo,crawler,flat,dth_dth_neighbours_direct,,,,,,,,,,,,,,,-5.2743146575214615e-09,0,781,0.0,0.0,,,,,,,,,,,,,,,,,,,,,,,,,,,,,,,,,,,,,,,,,,,,,,,,,,,,,,,,,,,,,,,,,,,,,,,,,,nan,,,,,,,,,,,,,,,
1188,-10.047149658203125,-0.00010072324221255258,-0.010072324221255258,12535.742762565613,10000,ppo,ppo,crawler,flat,dth_dth_neighbours_direct,,,,,,,,,,,,,,,-3.8456877695918846e-05,0,781,0.0,0.0,,,,,,,,,,,,,,,,,,,,,,,,,,,,,,,,,,,,,,,,,,,,,,,,,,,,,,,,,,,,,,,,,,,,,,,,,,nan,,,,,,,,,,,,,,,
1189,2.872046709060669,2.872048571589403e-05,0.002872048571589403,12545.740283489227,10000,ppo,ppo,crawler,flat,dth_dth_neighbours_direct,,,,,,,,,,,,,,,-0.02824800798881718,0,781,0.0,0.0,,,,,,,,,,,,,,,,,,,,,,,,,,,,,,,,,,,,,,,,,,,,,,,,,,,,,,,,,,,,,,,,,,,,,,,,,,nan,,,,,,,,,,,,,,,
1190,2.25242280960083,2.3371696443064138e-05,0.002337169644306414,12555.882197618484,10000,ppo,ppo,crawler,flat,dth_dth_neighbours_direct,,,,,,,,,,,,,,,0.0,0,781,0.0,0.0,,,,,,,,,,,,,,,,,,,,,,,,,,,,,,,,,,,,,,,,,,,,,,,,,,,,,,,,,,,,,,,,,,,,,,,,,,nan,,,,,,,,,,,,,,,
1191,-5.001790523529053,-5.0017890316667035e-05,-0.0050017890316667035,12566.256580114365,10000,ppo,ppo,crawler,flat,dth_dth_neighbours_direct,,,,,,,,,,,,,,,-0.012636890576463122,0,781,0.0,0.0,,,,,,,,,,,,,,,,,,,,,,,,,,,,,,,,,,,,,,,,,,,,,,,,,,,,,,,,,,,,,,,,,,,,,,,,,,nan,,,,,,,,,,,,,,,
1192,-10.1559476852417,-0.00010153769108001143,-0.010153769108001143,12576.282002210617,10000,ppo,ppo,crawler,flat,dth_dth_neighbours_direct,,,,,,,,,,,,,,,0.0,0,781,0.0,0.0,,,,,,,,,,,,,,,,,,,,,,,,,,,,,,,,,,,,,,,,,,,,,,,,,,,,,,,,,,,,,,,,,,,,,,,,,,nan,,,,,,,,,,,,,,,
1193,-9.568561553955078,-9.703739488031715e-05,-0.009703739488031715,12586.391689777374,10000,ppo,ppo,crawler,flat,dth_dth_neighbours_direct,,,,,,,,,,,,,,,-0.0002511712136975324,0,781,0.0,0.0,,,,,,,,,,,,,,,,,,,,,,,,,,,,,,,,,,,,,,,,,,,,,,,,,,,,,,,,,,,,,,,,,,,,,,,,,,nan,,,,,,,,,,,,,,,
1194,-22.554203033447266,-0.00022516689205076545,-0.022516689205076545,12596.899553775787,10000,ppo,ppo,crawler,flat,dth_dth_neighbours_direct,,,,,,,,,,,,,,,0.0,0,781,0.0,0.0,,,,,,,,,,,,,,,,,,,,,,,,,,,,,,,,,,,,,,,,,,,,,,,,,,,,,,,,,,,,,,,,,,,,,,,,,,nan,,,,,,,,,,,,,,,
1195,20.686025619506836,0.0002064664295176044,0.02064664295176044,12606.906646728516,10000,ppo,ppo,crawler,flat,dth_dth_neighbours_direct,,,,,,,,,,,,,,,-0.00011160205477292955,0,781,0.0,0.0,,,,,,,,,,,,,,,,,,,,,,,,,,,,,,,,,,,,,,,,,,,,,,,,,,,,,,,,,,,,,,,,,,,,,,,,,,nan,,,,,,,,,,,,,,,
1196,-5.694270133972168,-5.802199666504748e-05,-0.005802199666504748,12617.175938129425,10000,ppo,ppo,crawler,flat,dth_dth_neighbours_direct,,,,,,,,,,,,,,,0.0,0,781,0.0,0.0,,,,,,,,,,,,,,,,,,,,,,,,,,,,,,,,,,,,,,,,,,,,,,,,,,,,,,,,,,,,,,,,,,,,,,,,,,nan,,,,,,,,,,,,,,,
1197,23.40201759338379,0.00023442809469997883,0.023442809469997883,12627.910871267319,10000,ppo,ppo,crawler,flat,dth_dth_neighbours_direct,,,,,,,,,,,,,,,-0.01117563787633112,0,781,0.0,0.0,,,,,,,,,,,,,,,,,,,,,,,,,,,,,,,,,,,,,,,,,,,,,,,,,,,,,,,,,,,,,,,,,,,,,,,,,,nan,,,,,,,,,,,,,,,
1198,34.250732421875,0.00034232629695907235,0.034232629695907235,12638.539722442627,10000,ppo,ppo,crawler,flat,dth_dth_neighbours_direct,,,,,,,,,,,,,,,0.0,0,781,0.0,0.0,,,,,,,,,,,,,,,,,,,,,,,,,,,,,,,,,,,,,,,,,,,,,,,,,,,,,,,,,,,,,,,,,,,,,,,,,,nan,,,,,,,,,,,,,,,
1199,11.157551765441895,0.00011115667439298704,0.011115667439298704,12648.419353246689,10000,ppo,ppo,crawler,flat,dth_dth_neighbours_direct,,,,,,,,,,,,,,,-0.005481429593625661,0,781,0.0,0.0,,,,,,,,,,,,,,,,,,,,,,,,,,,,,,,,,,,,,,,,,,,,,,,,,,,,,,,,,,,,,,,,,,,,,,,,,,nan,,,,,,,,,,,,,,,
1200,32.828182220458984,0.00032753273262642324,0.032753273262642324,12658.636975765228,10000,ppo,ppo,crawler,flat,dth_dth_neighbours_direct,,,,,,,,,,,,,,,0.0,0,781,0.0,0.0,,,,,,,,,,,,,,,,,,,,,,,,,,,,,,,,,,,,,,,,,,,,,,,,,,,,,,,,,,,,,,,,,,,,,,,,,,nan,,,,,,,,,,,,,,,
1201,28.968658447265625,0.0002894568024203181,0.028945680242031813,12668.602902173996,10000,ppo,ppo,crawler,flat,dth_dth_neighbours_direct,,,,,,,,,,,,,,,-4.632889666378727e-05,0,781,0.0,0.0,,,,,,,,,,,,,,,,,,,,,,,,,,,,,,,,,,,,,,,,,,,,,,,,,,,,,,,,,,,,,,,,,,,,,,,,,,nan,,,,,,,,,,,,,,,
1202,-32.88010025024414,-0.000329141563270241,-0.0329141563270241,12678.983296632767,10000,ppo,ppo,crawler,flat,dth_dth_neighbours_direct,,,,,,,,,,,,,,,0.0,0,781,0.0,0.0,,,,,,,,,,,,,,,,,,,,,,,,,,,,,,,,,,,,,,,,,,,,,,,,,,,,,,,,,,,,,,,,,,,,,,,,,,nan,,,,,,,,,,,,,,,
1203,-4.104259490966797,-4.1042640077648684e-05,-0.0041042640077648684,12689.860873222351,10000,ppo,ppo,crawler,flat,dth_dth_neighbours_direct,,,,,,,,,,,,,,,-5.68226137211625e-06,0,781,0.0,0.0,,,,,,,,,,,,,,,,,,,,,,,,,,,,,,,,,,,,,,,,,,,,,,,,,,,,,,,,,,,,,,,,,,,,,,,,,,nan,,,,,,,,,,,,,,,
1204,14.6671781539917,0.00014685264613945037,0.014685264613945037,12700.075033903122,10000,ppo,ppo,crawler,flat,dth_dth_neighbours_direct,,,,,,,,,,,,,,,-0.00017935416700554565,0,781,0.0,0.0,,,,,,,,,,,,,,,,,,,,,,,,,,,,,,,,,,,,,,,,,,,,,,,,,,,,,,,,,,,,,,,,,,,,,,,,,,nan,,,,,,,,,,,,,,,
1205,24.688568115234375,0.0002471887564752251,0.02471887564752251,12710.04621386528,10000,ppo,ppo,crawler,flat,dth_dth_neighbours_direct,,,,,,,,,,,,,,,-0.0011382715254258866,0,781,0.0,0.0,,,,,,,,,,,,,,,,,,,,,,,,,,,,,,,,,,,,,,,,,,,,,,,,,,,,,,,,,,,,,,,,,,,,,,,,,,nan,,,,,,,,,,,,,,,
1206,-6.965208530426025,-6.965202919673175e-05,-0.006965202919673175,12720.67431974411,10000,ppo,ppo,crawler,flat,dth_dth_neighbours_direct,,,,,,,,,,,,,,,0.0,0,781,0.0,0.0,,,,,,,,,,,,,,,,,,,,,,,,,,,,,,,,,,,,,,,,,,,,,,,,,,,,,,,,,,,,,,,,,,,,,,,,,,nan,,,,,,,,,,,,,,,
1207,6.504871368408203,6.504871271317825e-05,0.006504871271317825,12730.984605550766,10000,ppo,ppo,crawler,flat,dth_dth_neighbours_direct,,,,,,,,,,,,,,,-8.408302171740122e-06,0,781,0.0,0.0,,,,,,,,,,,,,,,,,,,,,,,,,,,,,,,,,,,,,,,,,,,,,,,,,,,,,,,,,,,,,,,,,,,,,,,,,,nan,,,,,,,,,,,,,,,
1208,4.553072452545166,4.6022338210605085e-05,0.0046022338210605085,12741.587852716446,10000,ppo,ppo,crawler,flat,dth_dth_neighbours_direct,,,,,,,,,,,,,,,-0.002288525648624964,0,781,0.0,0.0,,,,,,,,,,,,,,,,,,,,,,,,,,,,,,,,,,,,,,,,,,,,,,,,,,,,,,,,,,,,,,,,,,,,,,,,,,nan,,,,,,,,,,,,,,,
1209,18.226640701293945,0.000181824536412023,0.0181824536412023,12752.32651424408,10000,ppo,ppo,crawler,flat,dth_dth_neighbours_direct,,,,,,,,,,,,,,,0.0,0,781,0.0,0.0,,,,,,,,,,,,,,,,,,,,,,,,,,,,,,,,,,,,,,,,,,,,,,,,,,,,,,,,,,,,,,,,,,,,,,,,,,nan,,,,,,,,,,,,,,,
1210,2.456798553466797,2.4568027583882213e-05,0.0024568027583882213,12763.339942932129,10000,ppo,ppo,crawler,flat,dth_dth_neighbours_direct,,,,,,,,,,,,,,,-2.4740522185986844e-05,0,781,0.0,0.0,,,,,,,,,,,,,,,,,,,,,,,,,,,,,,,,,,,,,,,,,,,,,,,,,,,,,,,,,,,,,,,,,,,,,,,,,,nan,,,,,,,,,,,,,,,
1211,-3.5998871326446533,-3.623031807364896e-05,-0.003623031807364896,12774.085830450058,10000,ppo,ppo,crawler,flat,dth_dth_neighbours_direct,,,,,,,,,,,,,,,-6.878719081990087e-05,0,781,0.0,0.0,,,,,,,,,,,,,,,,,,,,,,,,,,,,,,,,,,,,,,,,,,,,,,,,,,,,,,,,,,,,,,,,,,,,,,,,,,nan,,,,,,,,,,,,,,,
1212,-10.16175365447998,-0.00010161752288695425,-0.010161752288695425,12784.900232315063,10000,ppo,ppo,crawler,flat,dth_dth_neighbours_direct,,,,,,,,,,,,,,,-7.67343499901658e-06,0,781,0.0,0.0,,,,,,,,,,,,,,,,,,,,,,,,,,,,,,,,,,,,,,,,,,,,,,,,,,,,,,,,,,,,,,,,,,,,,,,,,,nan,,,,,,,,,,,,,,,
1213,-7.4313201904296875,-7.396400178549811e-05,-0.007396400178549811,12795.017921924591,10000,ppo,ppo,crawler,flat,dth_dth_neighbours_direct,,,,,,,,,,,,,,,-0.0005836397035002097,0,781,0.0,0.0,,,,,,,,,,,,,,,,,,,,,,,,,,,,,,,,,,,,,,,,,,,,,,,,,,,,,,,,,,,,,,,,,,,,,,,,,,nan,,,,,,,,,,,,,,,
1214,-0.502062976360321,-5.0205803745484445e-06,-0.0005020580374548445,12806.031730413437,10000,ppo,ppo,crawler,flat,dth_dth_neighbours_direct,,,,,,,,,,,,,,,0.0,0,781,0.0,0.0,,,,,,,,,,,,,,,,,,,,,,,,,,,,,,,,,,,,,,,,,,,,,,,,,,,,,,,,,,,,,,,,,,,,,,,,,,nan,,,,,,,,,,,,,,,
1215,-3.307535171508789,-3.3075339160859585e-05,-0.0033075339160859585,12816.836419820786,10000,ppo,ppo,crawler,flat,dth_dth_neighbours_direct,,,,,,,,,,,,,,,-1.0975567378323148e-05,0,781,0.0,0.0,,,,,,,,,,,,,,,,,,,,,,,,,,,,,,,,,,,,,,,,,,,,,,,,,,,,,,,,,,,,,,,,,,,,,,,,,,nan,,,,,,,,,,,,,,,
1216,-17.056421279907227,-0.00017154270608443767,-0.017154270608443767,12826.896060466766,10000,ppo,ppo,crawler,flat,dth_dth_neighbours_direct,,,,,,,,,,,,,,,-2.979115009422339e-05,0,781,0.0,0.0,,,,,,,,,,,,,,,,,,,,,,,,,,,,,,,,,,,,,,,,,,,,,,,,,,,,,,,,,,,,,,,,,,,,,,,,,,nan,,,,,,,,,,,,,,,
1217,-14.851004600524902,-0.00014876747445669025,-0.014876747445669025,12837.212756872177,10000,ppo,ppo,crawler,flat,dth_dth_neighbours_direct,,,,,,,,,,,,,,,-5.403502573582335e-06,0,781,0.0,0.0,,,,,,,,,,,,,,,,,,,,,,,,,,,,,,,,,,,,,,,,,,,,,,,,,,,,,,,,,,,,,,,,,,,,,,,,,,nan,,,,,,,,,,,,,,,
1218,-4.2141032218933105,-4.2141018639085814e-05,-0.0042141018639085814,12847.300347805023,10000,ppo,ppo,crawler,flat,dth_dth_neighbours_direct,,,,,,,,,,,,,,,-4.712329693281696e-05,0,781,0.0,0.0,,,,,,,,,,,,,,,,,,,,,,,,,,,,,,,,,,,,,,,,,,,,,,,,,,,,,,,,,,,,,,,,,,,,,,,,,,nan,,,,,,,,,,,,,,,
1219,6.027237892150879,6.02723412157502e-05,0.00602723412157502,12857.486972808838,10000,ppo,ppo,crawler,flat,dth_dth_neighbours_direct,,,,,,,,,,,,,,,-0.0003262958328374369,0,781,0.0,0.0,,,,,,,,,,,,,,,,,,,,,,,,,,,,,,,,,,,,,,,,,,,,,,,,,,,,,,,,,,,,,,,,,,,,,,,,,,nan,,,,,,,,,,,,,,,
1220,8.28237533569336,8.282380440505221e-05,0.008282380440505221,12867.677129268646,10000,ppo,ppo,crawler,flat,dth_dth_neighbours_direct,,,,,,,,,,,,,,,-4.6969185107496116e-08,0,781,0.0,0.0,,,,,,,,,,,,,,,,,,,,,,,,,,,,,,,,,,,,,,,,,,,,,,,,,,,,,,,,,,,,,,,,,,,,,,,,,,nan,,,,,,,,,,,,,,,
1221,-0.6313175559043884,-6.313221547316061e-06,-0.0006313221547316061,12877.478186130524,10000,ppo,ppo,crawler,flat,dth_dth_neighbours_direct,,,,,,,,,,,,,,,-0.0002993667133333741,0,781,0.0,0.0,,,,,,,,,,,,,,,,,,,,,,,,,,,,,,,,,,,,,,,,,,,,,,,,,,,,,,,,,,,,,,,,,,,,,,,,,,nan,,,,,,,,,,,,,,,
1222,1.6339447498321533,1.6339497960871086e-05,0.0016339497960871086,12887.70000576973,10000,ppo,ppo,crawler,flat,dth_dth_neighbours_direct,,,,,,,,,,,,,,,0.0,0,781,0.0,0.0,,,,,,,,,,,,,,,,,,,,,,,,,,,,,,,,,,,,,,,,,,,,,,,,,,,,,,,,,,,,,,,,,,,,,,,,,,nan,,,,,,,,,,,,,,,
1223,-4.4248247146606445,-4.424826329341158e-05,-0.004424826329341158,12897.371149778366,10000,ppo,ppo,crawler,flat,dth_dth_neighbours_direct,,,,,,,,,,,,,,,-3.9514108881755007e-05,0,781,0.0,0.0,,,,,,,,,,,,,,,,,,,,,,,,,,,,,,,,,,,,,,,,,,,,,,,,,,,,,,,,,,,,,,,,,,,,,,,,,,nan,,,,,,,,,,,,,,,
1224,3.88181471824646,3.8818136090412736e-05,0.0038818136090412736,12907.497161388397,10000,ppo,ppo,crawler,flat,dth_dth_neighbours_direct,,,,,,,,,,,,,,,0.0,0,781,0.0,0.0,,,,,,,,,,,,,,,,,,,,,,,,,,,,,,,,,,,,,,,,,,,,,,,,,,,,,,,,,,,,,,,,,,,,,,,,,,nan,,,,,,,,,,,,,,,
1225,10.239405632019043,0.00010249156912323087,0.010249156912323087,12917.725370407104,10000,ppo,ppo,crawler,flat,dth_dth_neighbours_direct,,,,,,,,,,,,,,,-0.001674923107323741,0,781,0.0,0.0,,,,,,,,,,,,,,,,,,,,,,,,,,,,,,,,,,,,,,,,,,,,,,,,,,,,,,,,,,,,,,,,,,,,,,,,,,nan,,,,,,,,,,,,,,,
1226,4.610902786254883,4.610902760759927e-05,0.004610902760759927,12927.360020160675,10000,ppo,ppo,crawler,flat,dth_dth_neighbours_direct,,,,,,,,,,,,,,,0.0,0,781,0.0,0.0,,,,,,,,,,,,,,,,,,,,,,,,,,,,,,,,,,,,,,,,,,,,,,,,,,,,,,,,,,,,,,,,,,,,,,,,,,nan,,,,,,,,,,,,,,,
1227,13.762682914733887,0.00013739211135543883,0.013739211135543883,12937.55842423439,10000,ppo,ppo,crawler,flat,dth_dth_neighbours_direct,,,,,,,,,,,,,,,-0.00011379979240795104,0,781,0.0,0.0,,,,,,,,,,,,,,,,,,,,,,,,,,,,,,,,,,,,,,,,,,,,,,,,,,,,,,,,,,,,,,,,,,,,,,,,,,nan,,,,,,,,,,,,,,,
1228,-3.3153140544891357,-3.315312278573401e-05,-0.0033153122785734013,12947.270024776459,10000,ppo,ppo,crawler,flat,dth_dth_neighbours_direct,,,,,,,,,,,,,,,0.0,0,781,0.0,0.0,,,,,,,,,,,,,,,,,,,,,,,,,,,,,,,,,,,,,,,,,,,,,,,,,,,,,,,,,,,,,,,,,,,,,,,,,,nan,,,,,,,,,,,,,,,
1229,-7.3586273193359375,-7.383733463939279e-05,-0.007383733463939279,12957.27158999443,10000,ppo,ppo,crawler,flat,dth_dth_neighbours_direct,,,,,,,,,,,,,,,-5.40234229590615e-06,0,781,0.0,0.0,,,,,,,,,,,,,,,,,,,,,,,,,,,,,,,,,,,,,,,,,,,,,,,,,,,,,,,,,,,,,,,,,,,,,,,,,,nan,,,,,,,,,,,,,,,
1230,-1.7344344854354858,-1.7344409570796415e-05,-0.0017344409570796415,12967.539021968842,10000,ppo,ppo,crawler,flat,dth_dth_neighbours_direct,,,,,,,,,,,,,,,-0.02140467916227753,0,781,0.0,0.0,,,,,,,,,,,,,,,,,,,,,,,,,,,,,,,,,,,,,,,,,,,,,,,,,,,,,,,,,,,,,,,,,,,,,,,,,,nan,,,,,,,,,,,,,,,
1231,15.7121000289917,0.00015686235565226525,0.015686235565226525,12977.401340007782,10000,ppo,ppo,crawler,flat,dth_dth_neighbours_direct,,,,,,,,,,,,,,,-0.00016865447979234397,0,781,0.0,0.0,,,,,,,,,,,,,,,,,,,,,,,,,,,,,,,,,,,,,,,,,,,,,,,,,,,,,,,,,,,,,,,,,,,,,,,,,,nan,,,,,,,,,,,,,,,
1232,-7.000898838043213,-7.018756150500849e-05,-0.007018756150500849,12987.784563302994,10000,ppo,ppo,crawler,flat,dth_dth_neighbours_direct,,,,,,,,,,,,,,,-2.3606035348013634e-05,0,781,0.0,0.0,,,,,,,,,,,,,,,,,,,,,,,,,,,,,,,,,,,,,,,,,,,,,,,,,,,,,,,,,,,,,,,,,,,,,,,,,,nan,,,,,,,,,,,,,,,
1233,-13.469067573547363,-0.00013460162153933197,-0.013460162153933197,12997.76001906395,10000,ppo,ppo,crawler,flat,dth_dth_neighbours_direct,,,,,,,,,,,,,,,-0.002546654157960613,0,781,0.0,0.0,,,,,,,,,,,,,,,,,,,,,,,,,,,,,,,,,,,,,,,,,,,,,,,,,,,,,,,,,,,,,,,,,,,,,,,,,,nan,,,,,,,,,,,,,,,
1234,-5.994898796081543,-5.99489503656514e-05,-0.00599489503656514,13007.604870557785,10000,ppo,ppo,crawler,flat,dth_dth_neighbours_direct,,,,,,,,,,,,,,,0.0,0,781,0.0,0.0,,,,,,,,,,,,,,,,,,,,,,,,,,,,,,,,,,,,,,,,,,,,,,,,,,,,,,,,,,,,,,,,,,,,,,,,,,nan,,,,,,,,,,,,,,,
1235,5.582692623138428,5.5826985772000626e-05,0.005582698577200063,13018.88408088684,10000,ppo,ppo,crawler,flat,dth_dth_neighbours_direct,,,,,,,,,,,,,,,-0.0010302784624920916,0,781,0.0,0.0,,,,,,,,,,,,,,,,,,,,,,,,,,,,,,,,,,,,,,,,,,,,,,,,,,,,,,,,,,,,,,,,,,,,,,,,,,nan,,,,,,,,,,,,,,,
1236,-17.788759231567383,-0.00017747127276379615,-0.017747127276379615,13029.870380878448,10000,ppo,ppo,crawler,flat,dth_dth_neighbours_direct,,,,,,,,,,,,,,,0.0,0,781,0.0,0.0,,,,,,,,,,,,,,,,,,,,,,,,,,,,,,,,,,,,,,,,,,,,,,,,,,,,,,,,,,,,,,,,,,,,,,,,,,nan,,,,,,,,,,,,,,,
1237,13.647232055664062,0.00013655000657308847,0.013655000657308847,13040.452101230621,10000,ppo,ppo,crawler,flat,dth_dth_neighbours_direct,,,,,,,,,,,,,,,-3.5774234620312874e-12,0,781,0.0,0.0,,,,,,,,,,,,,,,,,,,,,,,,,,,,,,,,,,,,,,,,,,,,,,,,,,,,,,,,,,,,,,,,,,,,,,,,,,nan,,,,,,,,,,,,,,,
1238,-9.902844429016113,-9.890783985611051e-05,-0.009890783985611051,13051.346542835236,10000,ppo,ppo,crawler,flat,dth_dth_neighbours_direct,,,,,,,,,,,,,,,-8.104572599698884e-05,0,781,0.0,0.0,,,,,,,,,,,,,,,,,,,,,,,,,,,,,,,,,,,,,,,,,,,,,,,,,,,,,,,,,,,,,,,,,,,,,,,,,,nan,,,,,,,,,,,,,,,
1239,8.963882446289062,8.977660036180168e-05,0.008977660036180168,13062.166677236557,10000,ppo,ppo,crawler,flat,dth_dth_neighbours_direct,,,,,,,,,,,,,,,-0.007971387777463193,0,781,0.0,0.0,,,,,,,,,,,,,,,,,,,,,,,,,,,,,,,,,,,,,,,,,,,,,,,,,,,,,,,,,,,,,,,,,,,,,,,,,,nan,,,,,,,,,,,,,,,
1240,7.296472072601318,7.333054236369208e-05,0.0073330542363692075,13073.359134197235,10000,ppo,ppo,crawler,flat,dth_dth_neighbours_direct,,,,,,,,,,,,,,,0.0,0,781,0.0,0.0,,,,,,,,,,,,,,,,,,,,,,,,,,,,,,,,,,,,,,,,,,,,,,,,,,,,,,,,,,,,,,,,,,,,,,,,,,nan,,,,,,,,,,,,,,,
1241,4.824131965637207,4.7759964218130335e-05,0.0047759964218130335,13084.382496595383,10000,ppo,ppo,crawler,flat,dth_dth_neighbours_direct,,,,,,,,,,,,,,,-0.00021149421995565314,0,781,0.0,0.0,,,,,,,,,,,,,,,,,,,,,,,,,,,,,,,,,,,,,,,,,,,,,,,,,,,,,,,,,,,,,,,,,,,,,,,,,,nan,,,,,,,,,,,,,,,
1242,-19.001876831054688,-0.0001895899185910821,-0.01895899185910821,13095.803856611252,10000,ppo,ppo,crawler,flat,dth_dth_neighbours_direct,,,,,,,,,,,,,,,0.0,0,781,0.0,0.0,,,,,,,,,,,,,,,,,,,,,,,,,,,,,,,,,,,,,,,,,,,,,,,,,,,,,,,,,,,,,,,,,,,,,,,,,,nan,,,,,,,,,,,,,,,
1243,0.14337463676929474,1.4337396123664803e-06,0.00014337396123664803,13106.79816532135,10000,ppo,ppo,crawler,flat,dth_dth_neighbours_direct,,,,,,,,,,,,,,,-8.868396988140941e-07,0,781,0.0,0.0,,,,,,,,,,,,,,,,,,,,,,,,,,,,,,,,,,,,,,,,,,,,,,,,,,,,,,,,,,,,,,,,,,,,,,,,,,nan,,,,,,,,,,,,,,,
1244,-5.053441524505615,-5.056123700342141e-05,-0.005056123700342141,13117.706666946411,10000,ppo,ppo,crawler,flat,dth_dth_neighbours_direct,,,,,,,,,,,,,,,-0.007159674586668592,0,781,0.0,0.0,,,,,,,,,,,,,,,,,,,,,,,,,,,,,,,,,,,,,,,,,,,,,,,,,,,,,,,,,,,,,,,,,,,,,,,,,,nan,,,,,,,,,,,,,,,
1245,-6.35200309753418,-6.304991256911308e-05,-0.006304991256911308,13128.560017824173,10000,ppo,ppo,crawler,flat,dth_dth_neighbours_direct,,,,,,,,,,,,,,,-7.199242749226383e-07,0,781,0.0,0.0,,,,,,,,,,,,,,,,,,,,,,,,,,,,,,,,,,,,,,,,,,,,,,,,,,,,,,,,,,,,,,,,,,,,,,,,,,nan,,,,,,,,,,,,,,,
1246,4.890389919281006,4.905922105535865e-05,0.004905922105535865,13139.8605697155,10000,ppo,ppo,crawler,flat,dth_dth_neighbours_direct,,,,,,,,,,,,,,,-4.143089237271137e-06,0,781,0.0,0.0,,,,,,,,,,,,,,,,,,,,,,,,,,,,,,,,,,,,,,,,,,,,,,,,,,,,,,,,,,,,,,,,,,,,,,,,,,nan,,,,,,,,,,,,,,,
1247,-12.934069633483887,-0.0001293406676268205,-0.01293406676268205,13151.338633537292,10000,ppo,ppo,crawler,flat,dth_dth_neighbours_direct,,,,,,,,,,,,,,,-0.00010096397198421854,0,781,0.0,0.0,,,,,,,,,,,,,,,,,,,,,,,,,,,,,,,,,,,,,,,,,,,,,,,,,,,,,,,,,,,,,,,,,,,,,,,,,,nan,,,,,,,,,,,,,,,
1248,5.920719623565674,5.945662269368768e-05,0.005945662269368768,13162.377856492996,10000,ppo,ppo,crawler,flat,dth_dth_neighbours_direct,,,,,,,,,,,,,,,-0.0002613930871159258,0,781,0.0,0.0,,,,,,,,,,,,,,,,,,,,,,,,,,,,,,,,,,,,,,,,,,,,,,,,,,,,,,,,,,,,,,,,,,,,,,,,,,nan,,,,,,,,,,,,,,,
1249,2.8186745643615723,2.818672510329634e-05,0.002818672510329634,13173.566872358322,10000,ppo,ppo,crawler,flat,dth_dth_neighbours_direct,,,,,,,,,,,,,,,0.0,0,781,0.0,0.0,,,,,,,,,,,,,,,,,,,,,,,,,,,,,,,,,,,,,,,,,,,,,,,,,,,,,,,,,,,,,,,,,,,,,,,,,,nan,,,,,,,,,,,,,,,
1250,-6.592635631561279,-6.686100095976144e-05,-0.006686100095976144,13185.061151981354,10000,ppo,ppo,crawler,flat,dth_dth_neighbours_direct,,,,,,,,,,,,,,,-1.5440309913912443e-05,0,781,0.0,0.0,,,,,,,,,,,,,,,,,,,,,,,,,,,,,,,,,,,,,,,,,,,,,,,,,,,,,,,,,,,,,,,,,,,,,,,,,,nan,,,,,,,,,,,,,,,
1251,5.89358377456665,5.893584238947369e-05,0.005893584238947369,13196.80376958847,10000,ppo,ppo,crawler,flat,dth_dth_neighbours_direct,,,,,,,,,,,,,,,-0.00014689203027383008,0,781,0.0,0.0,,,,,,,,,,,,,,,,,,,,,,,,,,,,,,,,,,,,,,,,,,,,,,,,,,,,,,,,,,,,,,,,,,,,,,,,,,nan,,,,,,,,,,,,,,,
1252,0.6855167746543884,6.855127139715478e-06,0.0006855127139715478,13208.54952096939,10000,ppo,ppo,crawler,flat,dth_dth_neighbours_direct,,,,,,,,,,,,,,,-0.00047295193084147155,0,781,0.0,0.0,,,,,,,,,,,,,,,,,,,,,,,,,,,,,,,,,,,,,,,,,,,,,,,,,,,,,,,,,,,,,,,,,,,,,,,,,,nan,,,,,,,,,,,,,,,
1253,3.330703020095825,3.3307031117146835e-05,0.0033307031117146835,13219.595192432404,10000,ppo,ppo,crawler,flat,dth_dth_neighbours_direct,,,,,,,,,,,,,,,0.0,0,781,0.0,0.0,,,,,,,,,,,,,,,,,,,,,,,,,,,,,,,,,,,,,,,,,,,,,,,,,,,,,,,,,,,,,,,,,,,,,,,,,,nan,,,,,,,,,,,,,,,
1254,-7.674875736236572,-7.674875087104738e-05,-0.007674875087104738,13231.086762666702,10000,ppo,ppo,crawler,flat,dth_dth_neighbours_direct,,,,,,,,,,,,,,,-8.082628326440438e-05,0,781,0.0,0.0,,,,,,,,,,,,,,,,,,,,,,,,,,,,,,,,,,,,,,,,,,,,,,,,,,,,,,,,,,,,,,,,,,,,,,,,,,nan,,,,,,,,,,,,,,,
1255,-15.265162467956543,-0.00015234763850457966,-0.015234763850457966,13242.469233512878,10000,ppo,ppo,crawler,flat,dth_dth_neighbours_direct,,,,,,,,,,,,,,,0.0,0,781,0.0,0.0,,,,,,,,,,,,,,,,,,,,,,,,,,,,,,,,,,,,,,,,,,,,,,,,,,,,,,,,,,,,,,,,,,,,,,,,,,nan,,,,,,,,,,,,,,,
1256,-2.954801321029663,-2.9548004022217356e-05,-0.0029548004022217356,13253.678875684738,10000,ppo,ppo,crawler,flat,dth_dth_neighbours_direct,,,,,,,,,,,,,,,-0.0030335073374812794,0,781,0.0,0.0,,,,,,,,,,,,,,,,,,,,,,,,,,,,,,,,,,,,,,,,,,,,,,,,,,,,,,,,,,,,,,,,,,,,,,,,,,nan,,,,,,,,,,,,,,,
1257,3.0319466590881348,3.031942105735652e-05,0.003031942105735652,13265.160939216614,10000,ppo,ppo,crawler,flat,dth_dth_neighbours_direct,,,,,,,,,,,,,,,0.0,0,781,0.0,0.0,,,,,,,,,,,,,,,,,,,,,,,,,,,,,,,,,,,,,,,,,,,,,,,,,,,,,,,,,,,,,,,,,,,,,,,,,,nan,,,,,,,,,,,,,,,
1258,3.158114433288574,3.158111940138042e-05,0.003158111940138042,13276.4636759758,10000,ppo,ppo,crawler,flat,dth_dth_neighbours_direct,,,,,,,,,,,,,,,-1.6821746293469673e-05,0,781,0.0,0.0,,,,,,,,,,,,,,,,,,,,,,,,,,,,,,,,,,,,,,,,,,,,,,,,,,,,,,,,,,,,,,,,,,,,,,,,,,nan,,,,,,,,,,,,,,,
1259,-1.1604498624801636,-1.160447845904855e-05,-0.001160447845904855,13287.875458955765,10000,ppo,ppo,crawler,flat,dth_dth_neighbours_direct,,,,,,,,,,,,,,,-0.001766804538943856,0,781,0.0,0.0,,,,,,,,,,,,,,,,,,,,,,,,,,,,,,,,,,,,,,,,,,,,,,,,,,,,,,,,,,,,,,,,,,,,,,,,,,nan,,,,,,,,,,,,,,,
1260,-4.4400177001953125,-4.429467298905365e-05,-0.004429467298905365,13299.11658000946,10000,ppo,ppo,crawler,flat,dth_dth_neighbours_direct,,,,,,,,,,,,,,,0.0,0,781,0.0,0.0,,,,,,,,,,,,,,,,,,,,,,,,,,,,,,,,,,,,,,,,,,,,,,,,,,,,,,,,,,,,,,,,,,,,,,,,,,nan,,,,,,,,,,,,,,,
1261,-3.29746413230896,-3.2974618079606444e-05,-0.0032974618079606444,13310.438289880753,10000,ppo,ppo,crawler,flat,dth_dth_neighbours_direct,,,,,,,,,,,,,,,-1.4451356239798127e-05,0,781,0.0,0.0,,,,,,,,,,,,,,,,,,,,,,,,,,,,,,,,,,,,,,,,,,,,,,,,,,,,,,,,,,,,,,,,,,,,,,,,,,nan,,,,,,,,,,,,,,,
1262,-8.311095237731934,-8.335975144291297e-05,-0.008335975144291297,13321.526157855988,10000,ppo,ppo,crawler,flat,dth_dth_neighbours_direct,,,,,,,,,,,,,,,1.304050032216364e-05,0,781,0.0,0.0,,,,,,,,,,,,,,,,,,,,,,,,,,,,,,,,,,,,,,,,,,,,,,,,,,,,,,,,,,,,,,,,,,,,,,,,,,nan,,,,,,,,,,,,,,,
1263,-8.251251220703125,-8.226138743339106e-05,-0.008226138743339106,13332.969079256058,10000,ppo,ppo,crawler,flat,dth_dth_neighbours_direct,,,,,,,,,,,,,,,-0.00037550581225626907,0,781,0.0,0.0,,,,,,,,,,,,,,,,,,,,,,,,,,,,,,,,,,,,,,,,,,,,,,,,,,,,,,,,,,,,,,,,,,,,,,,,,,nan,,,,,,,,,,,,,,,
1264,0.6058672070503235,6.058665348973591e-06,0.0006058665348973591,13344.614401102066,10000,ppo,ppo,crawler,flat,dth_dth_neighbours_direct,,,,,,,,,,,,,,,0.0,0,781,0.0,0.0,,,,,,,,,,,,,,,,,,,,,,,,,,,,,,,,,,,,,,,,,,,,,,,,,,,,,,,,,,,,,,,,,,,,,,,,,,nan,,,,,,,,,,,,,,,
1265,-14.443438529968262,-0.00014399387873709202,-0.014399387873709202,13356.373557806015,10000,ppo,ppo,crawler,flat,dth_dth_neighbours_direct,,,,,,,,,,,,,,,-4.012589480026736e-05,0,781,0.0,0.0,,,,,,,,,,,,,,,,,,,,,,,,,,,,,,,,,,,,,,,,,,,,,,,,,,,,,,,,,,,,,,,,,,,,,,,,,,nan,,,,,,,,,,,,,,,
1266,-2.750274419784546,-2.750274506979622e-05,-0.002750274506979622,13367.702791690826,10000,ppo,ppo,crawler,flat,dth_dth_neighbours_direct,,,,,,,,,,,,,,,0.0,0,781,0.0,0.0,,,,,,,,,,,,,,,,,,,,,,,,,,,,,,,,,,,,,,,,,,,,,,,,,,,,,,,,,,,,,,,,,,,,,,,,,,nan,,,,,,,,,,,,,,,
1267,-0.007821655832231045,-7.820343483899705e-08,-7.820343483899705e-06,13378.765502214432,10000,ppo,ppo,crawler,flat,dth_dth_neighbours_direct,,,,,,,,,,,,,,,-9.229767318724365e-05,0,781,0.0,0.0,,,,,,,,,,,,,,,,,,,,,,,,,,,,,,,,,,,,,,,,,,,,,,,,,,,,,,,,,,,,,,,,,,,,,,,,,,nan,,,,,,,,,,,,,,,
1268,8.784537315368652,8.784533565631136e-05,0.008784533565631136,13390.107922554016,10000,ppo,ppo,crawler,flat,dth_dth_neighbours_direct,,,,,,,,,,,,,,,-0.006062705799574736,0,781,0.0,0.0,,,,,,,,,,,,,,,,,,,,,,,,,,,,,,,,,,,,,,,,,,,,,,,,,,,,,,,,,,,,,,,,,,,,,,,,,,nan,,,,,,,,,,,,,,,
1269,-28.144819259643555,-0.00028143066447228193,-0.028143066447228193,13401.244412660599,10000,ppo,ppo,crawler,flat,dth_dth_neighbours_direct,,,,,,,,,,,,,,,-1.899051395329562e-07,0,781,0.0,0.0,,,,,,,,,,,,,,,,,,,,,,,,,,,,,,,,,,,,,,,,,,,,,,,,,,,,,,,,,,,,,,,,,,,,,,,,,,nan,,,,,,,,,,,,,,,
1270,2.148577928543091,2.1485777324414812e-05,0.002148577732441481,13412.403597354889,10000,ppo,ppo,crawler,flat,dth_dth_neighbours_direct,,,,,,,,,,,,,,,8.317114840167432e-06,0,781,0.0,0.0,,,,,,,,,,,,,,,,,,,,,,,,,,,,,,,,,,,,,,,,,,,,,,,,,,,,,,,,,,,,,,,,,,,,,,,,,,nan,,,,,,,,,,,,,,,
1271,-19.771324157714844,-0.00019772515224758536,-0.019772515224758536,13423.596107244492,10000,ppo,ppo,crawler,flat,dth_dth_neighbours_direct,,,,,,,,,,,,,,,-0.0003750636606034793,0,781,0.0,0.0,,,,,,,,,,,,,,,,,,,,,,,,,,,,,,,,,,,,,,,,,,,,,,,,,,,,,,,,,,,,,,,,,,,,,,,,,,nan,,,,,,,,,,,,,,,
1272,-3.0291755199432373,-3.0076163966441527e-05,-0.0030076163966441527,13435.06803035736,10000,ppo,ppo,crawler,flat,dth_dth_neighbours_direct,,,,,,,,,,,,,,,0.0,0,781,0.0,0.0,,,,,,,,,,,,,,,,,,,,,,,,,,,,,,,,,,,,,,,,,,,,,,,,,,,,,,,,,,,,,,,,,,,,,,,,,,nan,,,,,,,,,,,,,,,
1273,-5.526401042938232,-5.550528658204712e-05,-0.005550528658204712,13446.222190380096,10000,ppo,ppo,crawler,flat,dth_dth_neighbours_direct,,,,,,,,,,,,,,,-1.1095529119275444e-05,0,781,0.0,0.0,,,,,,,,,,,,,,,,,,,,,,,,,,,,,,,,,,,,,,,,,,,,,,,,,,,,,,,,,,,,,,,,,,,,,,,,,,nan,,,,,,,,,,,,,,,
1274,4.704029560089111,4.657687895814888e-05,0.004657687895814888,13457.135740995407,10000,ppo,ppo,crawler,flat,dth_dth_neighbours_direct,,,,,,,,,,,,,,,-0.002295924818069315,0,781,0.0,0.0,,,,,,,,,,,,,,,,,,,,,,,,,,,,,,,,,,,,,,,,,,,,,,,,,,,,,,,,,,,,,,,,,,,,,,,,,,nan,,,,,,,,,,,,,,,
1275,14.752197265625,0.00014764658408239484,0.014764658408239484,13468.05684375763,10000,ppo,ppo,crawler,flat,dth_dth_neighbours_direct,,,,,,,,,,,,,,,-6.994936095309776e-08,0,781,0.0,0.0,,,,,,,,,,,,,,,,,,,,,,,,,,,,,,,,,,,,,,,,,,,,,,,,,,,,,,,,,,,,,,,,,,,,,,,,,,nan,,,,,,,,,,,,,,,
1276,8.166864395141602,8.166868792613968e-05,0.008166868792613968,13479.401891708374,10000,ppo,ppo,crawler,flat,dth_dth_neighbours_direct,,,,,,,,,,,,,,,-0.01471853371537869,0,781,0.0,0.0,,,,,,,,,,,,,,,,,,,,,,,,,,,,,,,,,,,,,,,,,,,,,,,,,,,,,,,,,,,,,,,,,,,,,,,,,,nan,,,,,,,,,,,,,,,
1277,-6.317445755004883,-6.438101263483986e-05,-0.006438101263483986,13490.591084003448,10000,ppo,ppo,crawler,flat,dth_dth_neighbours_direct,,,,,,,,,,,,,,,-6.537414638852646e-06,0,781,0.0,0.0,,,,,,,,,,,,,,,,,,,,,,,,,,,,,,,,,,,,,,,,,,,,,,,,,,,,,,,,,,,,,,,,,,,,,,,,,,nan,,,,,,,,,,,,,,,
1278,22.669784545898438,0.00022807202185504138,0.02280720218550414,13501.844493627548,10000,ppo,ppo,crawler,flat,dth_dth_neighbours_direct,,,,,,,,,,,,,,,-5.543094710297835e-05,0,781,0.0,0.0,,,,,,,,,,,,,,,,,,,,,,,,,,,,,,,,,,,,,,,,,,,,,,,,,,,,,,,,,,,,,,,,,,,,,,,,,,nan,,,,,,,,,,,,,,,
1279,14.990716934204102,0.0001488616835558787,0.01488616835558787,13513.023012638092,10000,ppo,ppo,crawler,flat,dth_dth_neighbours_direct,,,,,,,,,,,,,,,-0.003810011503905554,0,781,0.0,0.0,,,,,,,,,,,,,,,,,,,,,,,,,,,,,,,,,,,,,,,,,,,,,,,,,,,,,,,,,,,,,,,,,,,,,,,,,,nan,,,,,,,,,,,,,,,
1280,15.554347038269043,0.0001554012851556763,0.01554012851556763,13524.285440921783,10000,ppo,ppo,crawler,flat,dth_dth_neighbours_direct,,,,,,,,,,,,,,,0.0,0,781,0.0,0.0,,,,,,,,,,,,,,,,,,,,,,,,,,,,,,,,,,,,,,,,,,,,,,,,,,,,,,,,,,,,,,,,,,,,,,,,,,nan,,,,,,,,,,,,,,,
1281,28.26283073425293,0.0002824945840984583,0.02824945840984583,13535.290682315826,10000,ppo,ppo,crawler,flat,dth_dth_neighbours_direct,,,,,,,,,,,,,,,-0.0004769927415419632,0,781,0.0,0.0,,,,,,,,,,,,,,,,,,,,,,,,,,,,,,,,,,,,,,,,,,,,,,,,,,,,,,,,,,,,,,,,,,,,,,,,,,nan,,,,,,,,,,,,,,,
1282,16.84769058227539,0.0001682241854723543,0.01682241854723543,13546.283824682236,10000,ppo,ppo,crawler,flat,dth_dth_neighbours_direct,,,,,,,,,,,,,,,-0.0004319769345824911,0,781,0.0,0.0,,,,,,,,,,,,,,,,,,,,,,,,,,,,,,,,,,,,,,,,,,,,,,,,,,,,,,,,,,,,,,,,,,,,,,,,,,nan,,,,,,,,,,,,,,,
1283,8.341666221618652,8.319027256220579e-05,0.00831902725622058,13558.085275411606,10000,ppo,ppo,crawler,flat,dth_dth_neighbours_direct,,,,,,,,,,,,,,,0.0,0,781,0.0,0.0,,,,,,,,,,,,,,,,,,,,,,,,,,,,,,,,,,,,,,,,,,,,,,,,,,,,,,,,,,,,,,,,,,,,,,,,,,nan,,,,,,,,,,,,,,,
1284,5.133292198181152,5.1332914154045284e-05,0.005133291415404528,13569.166446447372,10000,ppo,ppo,crawler,flat,dth_dth_neighbours_direct,,,,,,,,,,,,,,,-3.723501586730899e-08,0,781,0.0,0.0,,,,,,,,,,,,,,,,,,,,,,,,,,,,,,,,,,,,,,,,,,,,,,,,,,,,,,,,,,,,,,,,,,,,,,,,,,nan,,,,,,,,,,,,,,,
1285,-2.1048357486724854,-2.1048348571639508e-05,-0.002104834857163951,13580.430541276932,10000,ppo,ppo,crawler,flat,dth_dth_neighbours_direct,,,,,,,,,,,,,,,-0.0013382267481176404,0,781,0.0,0.0,,,,,,,,,,,,,,,,,,,,,,,,,,,,,,,,,,,,,,,,,,,,,,,,,,,,,,,,,,,,,,,,,,,,,,,,,,nan,,,,,,,,,,,,,,,
1286,16.716388702392578,0.00016737676924094558,0.016737676924094558,13591.481612205505,10000,ppo,ppo,crawler,flat,dth_dth_neighbours_direct,,,,,,,,,,,,,,,-0.027795451514365653,0,781,0.0,0.0,,,,,,,,,,,,,,,,,,,,,,,,,,,,,,,,,,,,,,,,,,,,,,,,,,,,,,,,,,,,,,,,,,,,,,,,,,nan,,,,,,,,,,,,,,,
1287,-0.24406877160072327,-2.44070952248876e-06,-0.00024407095224887598,13602.891078233719,10000,ppo,ppo,crawler,flat,dth_dth_neighbours_direct,,,,,,,,,,,,,,,0.0,0,781,0.0,0.0,,,,,,,,,,,,,,,,,,,,,,,,,,,,,,,,,,,,,,,,,,,,,,,,,,,,,,,,,,,,,,,,,,,,,,,,,,nan,,,,,,,,,,,,,,,
1288,18.839202880859375,0.0001879976043710485,0.01879976043710485,13614.610176086426,10000,ppo,ppo,crawler,flat,dth_dth_neighbours_direct,,,,,,,,,,,,,,,0.0,0,781,0.0,0.0,,,,,,,,,,,,,,,,,,,,,,,,,,,,,,,,,,,,,,,,,,,,,,,,,,,,,,,,,,,,,,,,,,,,,,,,,,nan,,,,,,,,,,,,,,,
1289,-22.03706932067871,-0.0002211035171058029,-0.02211035171058029,13625.943794488907,10000,ppo,ppo,crawler,flat,dth_dth_neighbours_direct,,,,,,,,,,,,,,,-2.897576942906337e-05,0,781,0.0,0.0,,,,,,,,,,,,,,,,,,,,,,,,,,,,,,,,,,,,,,,,,,,,,,,,,,,,,,,,,,,,,,,,,,,,,,,,,,nan,,,,,,,,,,,,,,,
1290,20.677600860595703,0.0002071126364171505,0.02071126364171505,13637.054554462433,10000,ppo,ppo,crawler,flat,dth_dth_neighbours_direct,,,,,,,,,,,,,,,-0.00014687727936442163,0,781,0.0,0.0,,,,,,,,,,,,,,,,,,,,,,,,,,,,,,,,,,,,,,,,,,,,,,,,,,,,,,,,,,,,,,,,,,,,,,,,,,nan,,,,,,,,,,,,,,,
1291,-27.111494064331055,-0.0002715718001127243,-0.02715718001127243,13647.991330862045,10000,ppo,ppo,crawler,flat,dth_dth_neighbours_direct,,,,,,,,,,,,,,,-1.3757194183700063e-05,0,781,0.0,0.0,,,,,,,,,,,,,,,,,,,,,,,,,,,,,,,,,,,,,,,,,,,,,,,,,,,,,,,,,,,,,,,,,,,,,,,,,,nan,,,,,,,,,,,,,,,
1292,5.221831798553467,5.221831816015765e-05,0.005221831816015765,13659.200030565262,10000,ppo,ppo,crawler,flat,dth_dth_neighbours_direct,,,,,,,,,,,,,,,-0.007544512943950185,0,781,0.0,0.0,,,,,,,,,,,,,,,,,,,,,,,,,,,,,,,,,,,,,,,,,,,,,,,,,,,,,,,,,,,,,,,,,,,,,,,,,,nan,,,,,,,,,,,,,,,
1293,6.691680908203125,6.691686576232314e-05,0.006691686576232314,13670.362280845642,10000,ppo,ppo,crawler,flat,dth_dth_neighbours_direct,,,,,,,,,,,,,,,0.0,0,781,0.0,0.0,,,,,,,,,,,,,,,,,,,,,,,,,,,,,,,,,,,,,,,,,,,,,,,,,,,,,,,,,,,,,,,,,,,,,,,,,,nan,,,,,,,,,,,,,,,
1294,6.254985332489014,6.254984327824786e-05,0.006254984327824786,13681.728868961334,10000,ppo,ppo,crawler,flat,dth_dth_neighbours_direct,,,,,,,,,,,,,,,-0.007471649176542494,0,781,0.0,0.0,,,,,,,,,,,,,,,,,,,,,,,,,,,,,,,,,,,,,,,,,,,,,,,,,,,,,,,,,,,,,,,,,,,,,,,,,,nan,,,,,,,,,,,,,,,
1295,-4.904076099395752,-4.904075831291266e-05,-0.004904075831291266,13692.821519136429,10000,ppo,ppo,crawler,flat,dth_dth_neighbours_direct,,,,,,,,,,,,,,,-0.004040441571206579,0,781,0.0,0.0,,,,,,,,,,,,,,,,,,,,,,,,,,,,,,,,,,,,,,,,,,,,,,,,,,,,,,,,,,,,,,,,,,,,,,,,,,nan,,,,,,,,,,,,,,,
1296,-3.757009983062744,-3.757006925297901e-05,-0.003757006925297901,13703.995155334473,10000,ppo,ppo,crawler,flat,dth_dth_neighbours_direct,,,,,,,,,,,,,,,0.0,0,781,0.0,0.0,,,,,,,,,,,,,,,,,,,,,,,,,,,,,,,,,,,,,,,,,,,,,,,,,,,,,,,,,,,,,,,,,,,,,,,,,,nan,,,,,,,,,,,,,,,
1297,26.58500099182129,0.00026627423358149827,0.026627423358149827,13715.11783027649,10000,ppo,ppo,crawler,flat,dth_dth_neighbours_direct,,,,,,,,,,,,,,,-0.00023712406576481123,0,781,0.0,0.0,,,,,,,,,,,,,,,,,,,,,,,,,,,,,,,,,,,,,,,,,,,,,,,,,,,,,,,,,,,,,,,,,,,,,,,,,,nan,,,,,,,,,,,,,,,
1298,50.6641845703125,0.0005074255168437958,0.05074255168437958,13726.931745529175,10000,ppo,ppo,crawler,flat,dth_dth_neighbours_direct,,,,,,,,,,,,,,,0.0,0,781,0.0,0.0,,,,,,,,,,,,,,,,,,,,,,,,,,,,,,,,,,,,,,,,,,,,,,,,,,,,,,,,,,,,,,,,,,,,,,,,,,nan,,,,,,,,,,,,,,,
1299,8.564864158630371,8.518085087416694e-05,0.008518085087416694,13737.723680257797,10000,ppo,ppo,crawler,flat,dth_dth_neighbours_direct,,,,,,,,,,,,,,,-7.113031971431725e-05,0,781,0.0,0.0,,,,,,,,,,,,,,,,,,,,,,,,,,,,,,,,,,,,,,,,,,,,,,,,,,,,,,,,,,,,,,,,,,,,,,,,,,nan,,,,,,,,,,,,,,,
1300,-6.014516353607178,-6.01451683905907e-05,-0.00601451683905907,13748.727896928787,10000,ppo,ppo,crawler,flat,dth_dth_neighbours_direct,,,,,,,,,,,,,,,0.0,0,781,0.0,0.0,,,,,,,,,,,,,,,,,,,,,,,,,,,,,,,,,,,,,,,,,,,,,,,,,,,,,,,,,,,,,,,,,,,,,,,,,,nan,,,,,,,,,,,,,,,
1301,3.0238521099090576,3.0224739020923153e-05,0.0030224739020923153,13759.989094495773,10000,ppo,ppo,crawler,flat,dth_dth_neighbours_direct,,,,,,,,,,,,,,,-3.15715264285725e-05,0,781,0.0,0.0,,,,,,,,,,,,,,,,,,,,,,,,,,,,,,,,,,,,,,,,,,,,,,,,,,,,,,,,,,,,,,,,,,,,,,,,,,nan,,,,,,,,,,,,,,,
1302,-28.771692276000977,-0.0002877117367461324,-0.028771173674613237,13771.304654836655,10000,ppo,ppo,crawler,flat,dth_dth_neighbours_direct,,,,,,,,,,,,,,,0.0,0,781,0.0,0.0,,,,,,,,,,,,,,,,,,,,,,,,,,,,,,,,,,,,,,,,,,,,,,,,,,,,,,,,,,,,,,,,,,,,,,,,,,nan,,,,,,,,,,,,,,,
1303,11.340286254882812,0.00011363556404830888,0.011363556404830888,13782.535673618317,10000,ppo,ppo,crawler,flat,dth_dth_neighbours_direct,,,,,,,,,,,,,,,-2.7600264417606188e-05,0,781,0.0,0.0,,,,,,,,,,,,,,,,,,,,,,,,,,,,,,,,,,,,,,,,,,,,,,,,,,,,,,,,,,,,,,,,,,,,,,,,,,nan,,,,,,,,,,,,,,,
1304,-9.99404239654541,-0.00010012686107074842,-0.010012686107074842,13793.773985624313,10000,ppo,ppo,crawler,flat,dth_dth_neighbours_direct,,,,,,,,,,,,,,,-1.0576465247000988e-05,0,781,0.0,0.0,,,,,,,,,,,,,,,,,,,,,,,,,,,,,,,,,,,,,,,,,,,,,,,,,,,,,,,,,,,,,,,,,,,,,,,,,,nan,,,,,,,,,,,,,,,
1305,-1.6018543243408203,-1.6018600945244543e-05,-0.0016018600945244543,13805.123034238815,10000,ppo,ppo,crawler,flat,dth_dth_neighbours_direct,,,,,,,,,,,,,,,-0.00011960676872432613,0,781,0.0,0.0,,,,,,,,,,,,,,,,,,,,,,,,,,,,,,,,,,,,,,,,,,,,,,,,,,,,,,,,,,,,,,,,,,,,,,,,,,nan,,,,,,,,,,,,,,,
1306,-9.592902183532715,-9.615749149816111e-05,-0.00961574914981611,13815.964123249054,10000,ppo,ppo,crawler,flat,dth_dth_neighbours_direct,,,,,,,,,,,,,,,-0.006212158350419448,0,781,0.0,0.0,,,,,,,,,,,,,,,,,,,,,,,,,,,,,,,,,,,,,,,,,,,,,,,,,,,,,,,,,,,,,,,,,,,,,,,,,,nan,,,,,,,,,,,,,,,
1307,-12.719452857971191,-0.00012744549894705415,-0.012744549894705415,13827.263311624527,10000,ppo,ppo,crawler,flat,dth_dth_neighbours_direct,,,,,,,,,,,,,,,0.0,0,781,0.0,0.0,,,,,,,,,,,,,,,,,,,,,,,,,,,,,,,,,,,,,,,,,,,,,,,,,,,,,,,,,,,,,,,,,,,,,,,,,,nan,,,,,,,,,,,,,,,
1308,-15.480056762695312,-0.00015503319445997477,-0.015503319445997477,13838.145363807678,10000,ppo,ppo,crawler,flat,dth_dth_neighbours_direct,,,,,,,,,,,,,,,-1.0411919269915885e-05,0,781,0.0,0.0,,,,,,,,,,,,,,,,,,,,,,,,,,,,,,,,,,,,,,,,,,,,,,,,,,,,,,,,,,,,,,,,,,,,,,,,,,nan,,,,,,,,,,,,,,,
1309,9.477608680725098,9.502707689534873e-05,0.009502707689534873,13849.255112409592,10000,ppo,ppo,crawler,flat,dth_dth_neighbours_direct,,,,,,,,,,,,,,,-7.840677399412466e-05,0,781,0.0,0.0,,,,,,,,,,,,,,,,,,,,,,,,,,,,,,,,,,,,,,,,,,,,,,,,,,,,,,,,,,,,,,,,,,,,,,,,,,nan,,,,,,,,,,,,,,,
1310,7.917820930480957,7.917822222225368e-05,0.007917822222225368,13860.251851081848,10000,ppo,ppo,crawler,flat,dth_dth_neighbours_direct,,,,,,,,,,,,,,,0.0,0,781,0.0,0.0,,,,,,,,,,,,,,,,,,,,,,,,,,,,,,,,,,,,,,,,,,,,,,,,,,,,,,,,,,,,,,,,,,,,,,,,,,nan,,,,,,,,,,,,,,,
1311,8.723526000976562,8.723526843823493e-05,0.008723526843823493,13871.422640800476,10000,ppo,ppo,crawler,flat,dth_dth_neighbours_direct,,,,,,,,,,,,,,,-9.805520354900104e-05,0,781,0.0,0.0,,,,,,,,,,,,,,,,,,,,,,,,,,,,,,,,,,,,,,,,,,,,,,,,,,,,,,,,,,,,,,,,,,,,,,,,,,nan,,,,,,,,,,,,,,,
1312,-11.957051277160645,-0.00012034575775032863,-0.012034575775032863,13882.380188941956,10000,ppo,ppo,crawler,flat,dth_dth_neighbours_direct,,,,,,,,,,,,,,,-4.258382798347827e-05,0,781,0.0,0.0,,,,,,,,,,,,,,,,,,,,,,,,,,,,,,,,,,,,,,,,,,,,,,,,,,,,,,,,,,,,,,,,,,,,,,,,,,nan,,,,,,,,,,,,,,,
1313,-9.366655349731445,-9.366659651277587e-05,-0.009366659651277587,13893.944761037827,10000,ppo,ppo,crawler,flat,dth_dth_neighbours_direct,,,,,,,,,,,,,,,-8.245840282316549e-05,0,781,0.0,0.0,,,,,,,,,,,,,,,,,,,,,,,,,,,,,,,,,,,,,,,,,,,,,,,,,,,,,,,,,,,,,,,,,,,,,,,,,,nan,,,,,,,,,,,,,,,
1314,12.125663757324219,0.00012177897588117048,0.012177897588117048,13905.118373155594,10000,ppo,ppo,crawler,flat,dth_dth_neighbours_direct,,,,,,,,,,,,,,,-0.00019066153921749773,0,781,0.0,0.0,,,,,,,,,,,,,,,,,,,,,,,,,,,,,,,,,,,,,,,,,,,,,,,,,,,,,,,,,,,,,,,,,,,,,,,,,,nan,,,,,,,,,,,,,,,
1315,-6.958353519439697,-6.975023279665038e-05,-0.006975023279665038,13916.07915019989,10000,ppo,ppo,crawler,flat,dth_dth_neighbours_direct,,,,,,,,,,,,,,,0.0,0,781,0.0,0.0,,,,,,,,,,,,,,,,,,,,,,,,,,,,,,,,,,,,,,,,,,,,,,,,,,,,,,,,,,,,,,,,,,,,,,,,,,nan,,,,,,,,,,,,,,,
1316,5.514935493469238,5.514926670002751e-05,0.005514926670002751,13927.385730981827,10000,ppo,ppo,crawler,flat,dth_dth_neighbours_direct,,,,,,,,,,,,,,,-7.15307609944887e-06,0,781,0.0,0.0,,,,,,,,,,,,,,,,,,,,,,,,,,,,,,,,,,,,,,,,,,,,,,,,,,,,,,,,,,,,,,,,,,,,,,,,,,nan,,,,,,,,,,,,,,,
1317,-2.566502094268799,-2.56650509982137e-05,-0.00256650509982137,13938.398366689682,10000,ppo,ppo,crawler,flat,dth_dth_neighbours_direct,,,,,,,,,,,,,,,-1.4113273027993348e-05,0,781,0.0,0.0,,,,,,,,,,,,,,,,,,,,,,,,,,,,,,,,,,,,,,,,,,,,,,,,,,,,,,,,,,,,,,,,,,,,,,,,,,nan,,,,,,,,,,,,,,,
1318,-0.9759292602539062,-9.75923740043072e-06,-0.000975923740043072,13949.274692296982,10000,ppo,ppo,crawler,flat,dth_dth_neighbours_direct,,,,,,,,,,,,,,,-5.3266523627709795e-06,0,781,0.0,0.0,,,,,,,,,,,,,,,,,,,,,,,,,,,,,,,,,,,,,,,,,,,,,,,,,,,,,,,,,,,,,,,,,,,,,,,,,,nan,,,,,,,,,,,,,,,
1319,-8.846545219421387,-8.8719287305139e-05,-0.0088719287305139,13960.204676628113,10000,ppo,ppo,crawler,flat,dth_dth_neighbours_direct,,,,,,,,,,,,,,,0.00023037460292767013,0,781,0.0,0.0,,,,,,,,,,,,,,,,,,,,,,,,,,,,,,,,,,,,,,,,,,,,,,,,,,,,,,,,,,,,,,,,,,,,,,,,,,nan,,,,,,,,,,,,,,,
1320,3.8818039894104004,3.881795782945119e-05,0.003881795782945119,13971.347447633743,10000,ppo,ppo,crawler,flat,dth_dth_neighbours_direct,,,,,,,,,,,,,,,-1.8703938484497167e-06,0,781,0.0,0.0,,,,,,,,,,,,,,,,,,,,,,,,,,,,,,,,,,,,,,,,,,,,,,,,,,,,,,,,,,,,,,,,,,,,,,,,,,nan,,,,,,,,,,,,,,,
1321,1.6523698568344116,1.6523712474736385e-05,0.0016523712474736385,13982.034150123596,10000,ppo,ppo,crawler,flat,dth_dth_neighbours_direct,,,,,,,,,,,,,,,0.0,0,781,0.0,0.0,,,,,,,,,,,,,,,,,,,,,,,,,,,,,,,,,,,,,,,,,,,,,,,,,,,,,,,,,,,,,,,,,,,,,,,,,,nan,,,,,,,,,,,,,,,
1322,-5.255468845367432,-5.2554678404703736e-05,-0.005255467840470374,13993.109115123749,10000,ppo,ppo,crawler,flat,dth_dth_neighbours_direct,,,,,,,,,,,,,,,-2.1238355788851823e-05,0,781,0.0,0.0,,,,,,,,,,,,,,,,,,,,,,,,,,,,,,,,,,,,,,,,,,,,,,,,,,,,,,,,,,,,,,,,,,,,,,,,,,nan,,,,,,,,,,,,,,,
1323,3.2594916820526123,3.277897121733986e-05,0.003277897121733986,14004.683005094528,10000,ppo,ppo,crawler,flat,dth_dth_neighbours_direct,,,,,,,,,,,,,,,-3.1701172254836514e-05,0,781,0.0,0.0,,,,,,,,,,,,,,,,,,,,,,,,,,,,,,,,,,,,,,,,,,,,,,,,,,,,,,,,,,,,,,,,,,,,,,,,,,nan,,,,,,,,,,,,,,,
1324,4.002911567687988,4.002915738965385e-05,0.004002915738965385,14015.798030853271,10000,ppo,ppo,crawler,flat,dth_dth_neighbours_direct,,,,,,,,,,,,,,,0.0,0,781,0.0,0.0,,,,,,,,,,,,,,,,,,,,,,,,,,,,,,,,,,,,,,,,,,,,,,,,,,,,,,,,,,,,,,,,,,,,,,,,,,nan,,,,,,,,,,,,,,,
1325,0.9241287112236023,9.241290172212757e-06,0.0009241290172212757,14026.958791255951,10000,ppo,ppo,crawler,flat,dth_dth_neighbours_direct,,,,,,,,,,,,,,,-0.00021599955074536815,0,781,0.0,0.0,,,,,,,,,,,,,,,,,,,,,,,,,,,,,,,,,,,,,,,,,,,,,,,,,,,,,,,,,,,,,,,,,,,,,,,,,,nan,,,,,,,,,,,,,,,
1326,-2.7307374477386475,-2.7307405616738833e-05,-0.0027307405616738833,14038.164395570755,10000,ppo,ppo,crawler,flat,dth_dth_neighbours_direct,,,,,,,,,,,,,,,-5.324826565083407e-05,0,781,0.0,0.0,,,,,,,,,,,,,,,,,,,,,,,,,,,,,,,,,,,,,,,,,,,,,,,,,,,,,,,,,,,,,,,,,,,,,,,,,,nan,,,,,,,,,,,,,,,
1327,2.051964044570923,2.0519668396445923e-05,0.0020519668396445923,14049.198858976364,10000,ppo,ppo,crawler,flat,dth_dth_neighbours_direct,,,,,,,,,,,,,,,-0.00013496006735232057,0,781,0.0,0.0,,,,,,,,,,,,,,,,,,,,,,,,,,,,,,,,,,,,,,,,,,,,,,,,,,,,,,,,,,,,,,,,,,,,,,,,,,nan,,,,,,,,,,,,,,,
1328,22.870084762573242,0.00022977856860961765,0.022977856860961765,14060.372565984726,10000,ppo,ppo,crawler,flat,dth_dth_neighbours_direct,,,,,,,,,,,,,,,-4.9394737838477695e-05,0,781,0.0,0.0,,,,,,,,,,,,,,,,,,,,,,,,,,,,,,,,,,,,,,,,,,,,,,,,,,,,,,,,,,,,,,,,,,,,,,,,,,nan,,,,,,,,,,,,,,,
1329,10.849757194519043,0.00010818193550221622,0.010818193550221622,14071.085962295532,10000,ppo,ppo,crawler,flat,dth_dth_neighbours_direct,,,,,,,,,,,,,,,0.0,0,781,0.0,0.0,,,,,,,,,,,,,,,,,,,,,,,,,,,,,,,,,,,,,,,,,,,,,,,,,,,,,,,,,,,,,,,,,,,,,,,,,,nan,,,,,,,,,,,,,,,
1330,4.632005214691162,4.632003765436821e-05,0.004632003765436821,14081.969241380692,10000,ppo,ppo,crawler,flat,dth_dth_neighbours_direct,,,,,,,,,,,,,,,-9.93388844475093e-06,0,781,0.0,0.0,,,,,,,,,,,,,,,,,,,,,,,,,,,,,,,,,,,,,,,,,,,,,,,,,,,,,,,,,,,,,,,,,,,,,,,,,,nan,,,,,,,,,,,,,,,
1331,0.8133673667907715,8.13367387308972e-06,0.000813367387308972,14092.926226854324,10000,ppo,ppo,crawler,flat,dth_dth_neighbours_direct,,,,,,,,,,,,,,,-6.033780193969932e-05,0,781,0.0,0.0,,,,,,,,,,,,,,,,,,,,,,,,,,,,,,,,,,,,,,,,,,,,,,,,,,,,,,,,,,,,,,,,,,,,,,,,,,nan,,,,,,,,,,,,,,,
1332,-4.887731075286865,-4.884145164396614e-05,-0.004884145164396614,14103.794216394424,10000,ppo,ppo,crawler,flat,dth_dth_neighbours_direct,,,,,,,,,,,,,,,-4.498572798300339e-05,0,781,0.0,0.0,,,,,,,,,,,,,,,,,,,,,,,,,,,,,,,,,,,,,,,,,,,,,,,,,,,,,,,,,,,,,,,,,,,,,,,,,,nan,,,,,,,,,,,,,,,
1333,10.65914535522461,0.00010610034223645926,0.010610034223645926,14114.80289363861,10000,ppo,ppo,crawler,flat,dth_dth_neighbours_direct,,,,,,,,,,,,,,,0.0,0,781,0.0,0.0,,,,,,,,,,,,,,,,,,,,,,,,,,,,,,,,,,,,,,,,,,,,,,,,,,,,,,,,,,,,,,,,,,,,,,,,,,nan,,,,,,,,,,,,,,,
1334,-6.4115118980407715,-6.411518552340567e-05,-0.006411518552340567,14125.761647224426,10000,ppo,ppo,crawler,flat,dth_dth_neighbours_direct,,,,,,,,,,,,,,,-1.664963525823686e-05,0,781,0.0,0.0,,,,,,,,,,,,,,,,,,,,,,,,,,,,,,,,,,,,,,,,,,,,,,,,,,,,,,,,,,,,,,,,,,,,,,,,,,nan,,,,,,,,,,,,,,,
1335,-0.9470581412315369,-9.470636541664135e-06,-0.0009470636541664135,14137.01475429535,10000,ppo,ppo,crawler,flat,dth_dth_neighbours_direct,,,,,,,,,,,,,,,0.00011070719806813706,0,781,0.0,0.0,,,,,,,,,,,,,,,,,,,,,,,,,,,,,,,,,,,,,,,,,,,,,,,,,,,,,,,,,,,,,,,,,,,,,,,,,,nan,,,,,,,,,,,,,,,
1336,-0.252859503030777,-2.6317075025872327e-06,-0.0002631707502587233,14148.133866786957,10000,ppo,ppo,crawler,flat,dth_dth_neighbours_direct,,,,,,,,,,,,,,,-5.9322562550460484e-05,0,781,0.0,0.0,,,,,,,,,,,,,,,,,,,,,,,,,,,,,,,,,,,,,,,,,,,,,,,,,,,,,,,,,,,,,,,,,,,,,,,,,,nan,,,,,,,,,,,,,,,
1337,2.3364174365997314,2.469694118190091e-05,0.002469694118190091,14159.293313741684,10000,ppo,ppo,crawler,flat,dth_dth_neighbours_direct,,,,,,,,,,,,,,,-5.334197148852403e-06,0,781,0.0,0.0,,,,,,,,,,,,,,,,,,,,,,,,,,,,,,,,,,,,,,,,,,,,,,,,,,,,,,,,,,,,,,,,,,,,,,,,,,nan,,,,,,,,,,,,,,,
1338,-0.13423900306224823,-1.3423511973087443e-06,-0.00013423511973087443,14170.550377845764,10000,ppo,ppo,crawler,flat,dth_dth_neighbours_direct,,,,,,,,,,,,,,,-1.9513735984107444e-05,0,781,0.0,0.0,,,,,,,,,,,,,,,,,,,,,,,,,,,,,,,,,,,,,,,,,,,,,,,,,,,,,,,,,,,,,,,,,,,,,,,,,,nan,,,,,,,,,,,,,,,
1339,5.677285671234131,5.741805216530338e-05,0.005741805216530338,14181.642998695374,10000,ppo,ppo,crawler,flat,dth_dth_neighbours_direct,,,,,,,,,,,,,,,-1.6762895292570284e-05,0,781,0.0,0.0,,,,,,,,,,,,,,,,,,,,,,,,,,,,,,,,,,,,,,,,,,,,,,,,,,,,,,,,,,,,,,,,,,,,,,,,,,nan,,,,,,,,,,,,,,,
1340,-2.029775381088257,-2.029777351708617e-05,-0.002029777351708617,14192.771754026413,10000,ppo,ppo,crawler,flat,dth_dth_neighbours_direct,,,,,,,,,,,,,,,-7.343149377884542e-05,0,781,0.0,0.0,,,,,,,,,,,,,,,,,,,,,,,,,,,,,,,,,,,,,,,,,,,,,,,,,,,,,,,,,,,,,,,,,,,,,,,,,,nan,,,,,,,,,,,,,,,
1341,-10.23968505859375,-0.00010258376278216019,-0.01025837627821602,14203.815338850021,10000,ppo,ppo,crawler,flat,dth_dth_neighbours_direct,,,,,,,,,,,,,,,-5.143357109321369e-07,0,781,0.0,0.0,,,,,,,,,,,,,,,,,,,,,,,,,,,,,,,,,,,,,,,,,,,,,,,,,,,,,,,,,,,,,,,,,,,,,,,,,,nan,,,,,,,,,,,,,,,
1342,1.512579321861267,1.5125792742765043e-05,0.0015125792742765043,14215.07594871521,10000,ppo,ppo,crawler,flat,dth_dth_neighbours_direct,,,,,,,,,,,,,,,-4.8014343681622405e-05,0,781,0.0,0.0,,,,,,,,,,,,,,,,,,,,,,,,,,,,,,,,,,,,,,,,,,,,,,,,,,,,,,,,,,,,,,,,,,,,,,,,,,nan,,,,,,,,,,,,,,,
1343,-22.14879035949707,-0.00022170471493154764,-0.022170471493154764,14226.143419981003,10000,ppo,ppo,crawler,flat,dth_dth_neighbours_direct,,,,,,,,,,,,,,,-0.012060841100669625,0,781,0.0,0.0,,,,,,,,,,,,,,,,,,,,,,,,,,,,,,,,,,,,,,,,,,,,,,,,,,,,,,,,,,,,,,,,,,,,,,,,,,nan,,,,,,,,,,,,,,,
1344,8.437250137329102,8.392029849346727e-05,0.008392029849346727,14237.19583272934,10000,ppo,ppo,crawler,flat,dth_dth_neighbours_direct,,,,,,,,,,,,,,,-0.015601750918772554,0,781,0.0,0.0,,,,,,,,,,,,,,,,,,,,,,,,,,,,,,,,,,,,,,,,,,,,,,,,,,,,,,,,,,,,,,,,,,,,,,,,,,nan,,,,,,,,,,,,,,,
1345,22.95174789428711,0.00022951549908611923,0.022951549908611923,14248.05517911911,10000,ppo,ppo,crawler,flat,dth_dth_neighbours_direct,,,,,,,,,,,,,,,0.0,0,781,0.0,0.0,,,,,,,,,,,,,,,,,,,,,,,,,,,,,,,,,,,,,,,,,,,,,,,,,,,,,,,,,,,,,,,,,,,,,,,,,,nan,,,,,,,,,,,,,,,
1346,-0.8758133053779602,-8.889562195690814e-06,-0.0008889562195690814,14259.113046884537,10000,ppo,ppo,crawler,flat,dth_dth_neighbours_direct,,,,,,,,,,,,,,,-3.118989166354095e-05,0,781,0.0,0.0,,,,,,,,,,,,,,,,,,,,,,,,,,,,,,,,,,,,,,,,,,,,,,,,,,,,,,,,,,,,,,,,,,,,,,,,,,nan,,,,,,,,,,,,,,,
1347,-7.282689094543457,-7.233642099890858e-05,-0.007233642099890858,14270.265317201614,10000,ppo,ppo,crawler,flat,dth_dth_neighbours_direct,,,,,,,,,,,,,,,0.0,0,781,0.0,0.0,,,,,,,,,,,,,,,,,,,,,,,,,,,,,,,,,,,,,,,,,,,,,,,,,,,,,,,,,,,,,,,,,,,,,,,,,,nan,,,,,,,,,,,,,,,
1348,18.230436325073242,0.0001820208999561146,0.01820208999561146,14281.40219783783,10000,ppo,ppo,crawler,flat,dth_dth_neighbours_direct,,,,,,,,,,,,,,,-0.0001023902835636835,0,781,0.0,0.0,,,,,,,,,,,,,,,,,,,,,,,,,,,,,,,,,,,,,,,,,,,,,,,,,,,,,,,,,,,,,,,,,,,,,,,,,,nan,,,,,,,,,,,,,,,
1349,-14.156282424926758,-0.0001410697295796126,-0.014106972957961261,14292.370494365692,10000,ppo,ppo,crawler,flat,dth_dth_neighbours_direct,,,,,,,,,,,,,,,0.0,0,781,0.0,0.0,,,,,,,,,,,,,,,,,,,,,,,,,,,,,,,,,,,,,,,,,,,,,,,,,,,,,,,,,,,,,,,,,,,,,,,,,,nan,,,,,,,,,,,,,,,
1350,-6.270602703094482,-6.27060144324787e-05,-0.00627060144324787,14303.555610656738,10000,ppo,ppo,crawler,flat,dth_dth_neighbours_direct,,,,,,,,,,,,,,,-3.2481899611394326e-05,0,781,0.0,0.0,,,,,,,,,,,,,,,,,,,,,,,,,,,,,,,,,,,,,,,,,,,,,,,,,,,,,,,,,,,,,,,,,,,,,,,,,,nan,,,,,,,,,,,,,,,
1351,3.0320160388946533,3.0497598345391452e-05,0.0030497598345391452,14314.393635034561,10000,ppo,ppo,crawler,flat,dth_dth_neighbours_direct,,,,,,,,,,,,,,,0.0,0,781,0.0,0.0,,,,,,,,,,,,,,,,,,,,,,,,,,,,,,,,,,,,,,,,,,,,,,,,,,,,,,,,,,,,,,,,,,,,,,,,,,nan,,,,,,,,,,,,,,,
1352,-14.164735794067383,-0.0001429620460839942,-0.014296204608399421,14325.2529733181,10000,ppo,ppo,crawler,flat,dth_dth_neighbours_direct,,,,,,,,,,,,,,,-9.55487950854051e-06,0,781,0.0,0.0,,,,,,,,,,,,,,,,,,,,,,,,,,,,,,,,,,,,,,,,,,,,,,,,,,,,,,,,,,,,,,,,,,,,,,,,,,nan,,,,,,,,,,,,,,,
1353,-10.058250427246094,-0.00010014626604970545,-0.010014626604970545,14336.6618309021,10000,ppo,ppo,crawler,flat,dth_dth_neighbours_direct,,,,,,,,,,,,,,,-6.628204637926153e-05,0,781,0.0,0.0,,,,,,,,,,,,,,,,,,,,,,,,,,,,,,,,,,,,,,,,,,,,,,,,,,,,,,,,,,,,,,,,,,,,,,,,,,nan,,,,,,,,,,,,,,,
1354,6.832154273986816,6.787267921026796e-05,0.006787267921026796,14347.503822565079,10000,ppo,ppo,crawler,flat,dth_dth_neighbours_direct,,,,,,,,,,,,,,,-1.3045273797536477e-05,0,781,0.0,0.0,,,,,,,,,,,,,,,,,,,,,,,,,,,,,,,,,,,,,,,,,,,,,,,,,,,,,,,,,,,,,,,,,,,,,,,,,,nan,,,,,,,,,,,,,,,
1355,-12.955733299255371,-0.00012948679795954376,-0.012948679795954376,14358.296479940414,10000,ppo,ppo,crawler,flat,dth_dth_neighbours_direct,,,,,,,,,,,,,,,-4.998554097591075e-05,0,781,0.0,0.0,,,,,,,,,,,,,,,,,,,,,,,,,,,,,,,,,,,,,,,,,,,,,,,,,,,,,,,,,,,,,,,,,,,,,,,,,,nan,,,,,,,,,,,,,,,
1356,-6.229382038116455,-6.229382415767759e-05,-0.006229382415767759,14369.318227767944,10000,ppo,ppo,crawler,flat,dth_dth_neighbours_direct,,,,,,,,,,,,,,,-0.0018575546926748432,0,781,0.0,0.0,,,,,,,,,,,,,,,,,,,,,,,,,,,,,,,,,,,,,,,,,,,,,,,,,,,,,,,,,,,,,,,,,,,,,,,,,,nan,,,,,,,,,,,,,,,
1357,10.043190956115723,0.0001005885424092412,0.01005885424092412,14380.609565258026,10000,ppo,ppo,crawler,flat,dth_dth_neighbours_direct,,,,,,,,,,,,,,,0.0,0,781,0.0,0.0,,,,,,,,,,,,,,,,,,,,,,,,,,,,,,,,,,,,,,,,,,,,,,,,,,,,,,,,,,,,,,,,,,,,,,,,,,nan,,,,,,,,,,,,,,,
1358,-2.9820199012756348,-3.0493776648654602e-05,-0.0030493776648654602,14391.231098413467,10000,ppo,ppo,crawler,flat,dth_dth_neighbours_direct,,,,,,,,,,,,,,,-2.852199949734342e-05,0,781,0.0,0.0,,,,,,,,,,,,,,,,,,,,,,,,,,,,,,,,,,,,,,,,,,,,,,,,,,,,,,,,,,,,,,,,,,,,,,,,,,nan,,,,,,,,,,,,,,,
1359,-11.237521171569824,-0.00011255958816036582,-0.011255958816036582,14402.25186085701,10000,ppo,ppo,crawler,flat,dth_dth_neighbours_direct,,,,,,,,,,,,,,,-0.00011510836024901016,0,781,0.0,0.0,,,,,,,,,,,,,,,,,,,,,,,,,,,,,,,,,,,,,,,,,,,,,,,,,,,,,,,,,,,,,,,,,,,,,,,,,,nan,,,,,,,,,,,,,,,
1360,6.0672526359558105,6.021235458320007e-05,0.006021235458320007,14413.263323783875,10000,ppo,ppo,crawler,flat,dth_dth_neighbours_direct,,,,,,,,,,,,,,,-2.420723209307838e-10,0,781,0.0,0.0,,,,,,,,,,,,,,,,,,,,,,,,,,,,,,,,,,,,,,,,,,,,,,,,,,,,,,,,,,,,,,,,,,,,,,,,,,nan,,,,,,,,,,,,,,,
1361,1.2806503772735596,1.1287873348919675e-05,0.0011287873348919675,14424.349370002747,10000,ppo,ppo,crawler,flat,dth_dth_neighbours_direct,,,,,,,,,,,,,,,-1.0592499258957812e-05,0,781,0.0,0.0,,,,,,,,,,,,,,,,,,,,,,,,,,,,,,,,,,,,,,,,,,,,,,,,,,,,,,,,,,,,,,,,,,,,,,,,,,nan,,,,,,,,,,,,,,,
1362,-0.9442001581192017,-9.442045666219201e-06,-0.0009442045666219201,14435.051617622375,10000,ppo,ppo,crawler,flat,dth_dth_neighbours_direct,,,,,,,,,,,,,,,-0.00030583155874482494,0,781,0.0,0.0,,,,,,,,,,,,,,,,,,,,,,,,,,,,,,,,,,,,,,,,,,,,,,,,,,,,,,,,,,,,,,,,,,,,,,,,,,nan,,,,,,,,,,,,,,,
1363,2.238335609436035,2.238342676719185e-05,0.002238342676719185,14445.873072385788,10000,ppo,ppo,crawler,flat,dth_dth_neighbours_direct,,,,,,,,,,,,,,,-3.076250284490451e-07,0,781,0.0,0.0,,,,,,,,,,,,,,,,,,,,,,,,,,,,,,,,,,,,,,,,,,,,,,,,,,,,,,,,,,,,,,,,,,,,,,,,,,nan,,,,,,,,,,,,,,,
1364,1.0173789262771606,1.0173829650739208e-05,0.0010173829650739208,14456.925651073456,10000,ppo,ppo,crawler,flat,dth_dth_neighbours_direct,,,,,,,,,,,,,,,-0.019265917573415135,0,781,0.0,0.0,,,,,,,,,,,,,,,,,,,,,,,,,,,,,,,,,,,,,,,,,,,,,,,,,,,,,,,,,,,,,,,,,,,,,,,,,,nan,,,,,,,,,,,,,,,
1365,16.2734432220459,0.00016268412582576275,0.016268412582576275,14467.755692243576,10000,ppo,ppo,crawler,flat,dth_dth_neighbours_direct,,,,,,,,,,,,,,,0.0,0,781,0.0,0.0,,,,,,,,,,,,,,,,,,,,,,,,,,,,,,,,,,,,,,,,,,,,,,,,,,,,,,,,,,,,,,,,,,,,,,,,,,nan,,,,,,,,,,,,,,,
1366,-16.195852279663086,-0.00016221372061409056,-0.016221372061409056,14478.80094051361,10000,ppo,ppo,crawler,flat,dth_dth_neighbours_direct,,,,,,,,,,,,,,,-4.228159293971202e-05,0,781,0.0,0.0,,,,,,,,,,,,,,,,,,,,,,,,,,,,,,,,,,,,,,,,,,,,,,,,,,,,,,,,,,,,,,,,,,,,,,,,,,nan,,,,,,,,,,,,,,,
1367,12.329741477966309,0.00012340616376604885,0.012340616376604885,14489.908773183823,10000,ppo,ppo,crawler,flat,dth_dth_neighbours_direct,,,,,,,,,,,,,,,-0.0378885703058806,0,781,0.0,0.0,,,,,,,,,,,,,,,,,,,,,,,,,,,,,,,,,,,,,,,,,,,,,,,,,,,,,,,,,,,,,,,,,,,,,,,,,,nan,,,,,,,,,,,,,,,
1368,10.84766674041748,0.00010948408453259617,0.010948408453259617,14500.998380422592,10000,ppo,ppo,crawler,flat,dth_dth_neighbours_direct,,,,,,,,,,,,,,,0.0,0,781,0.0,0.0,,,,,,,,,,,,,,,,,,,,,,,,,,,,,,,,,,,,,,,,,,,,,,,,,,,,,,,,,,,,,,,,,,,,,,,,,,nan,,,,,,,,,,,,,,,
1369,5.072871685028076,4.9481091991765425e-05,0.0049481091991765425,14511.921392917633,10000,ppo,ppo,crawler,flat,dth_dth_neighbours_direct,,,,,,,,,,,,,,,-2.73370495240148e-05,0,781,0.0,0.0,,,,,,,,,,,,,,,,,,,,,,,,,,,,,,,,,,,,,,,,,,,,,,,,,,,,,,,,,,,,,,,,,,,,,,,,,,nan,,,,,,,,,,,,,,,
1370,1.110411524772644,1.1104144505225122e-05,0.0011104144505225122,14522.842485189438,10000,ppo,ppo,crawler,flat,dth_dth_neighbours_direct,,,,,,,,,,,,,,,-0.01692809606335876,0,781,0.0,0.0,,,,,,,,,,,,,,,,,,,,,,,,,,,,,,,,,,,,,,,,,,,,,,,,,,,,,,,,,,,,,,,,,,,,,,,,,,nan,,,,,,,,,,,,,,,
1371,5.903298854827881,5.857734504388645e-05,0.005857734504388645,14533.905863761902,10000,ppo,ppo,crawler,flat,dth_dth_neighbours_direct,,,,,,,,,,,,,,,-0.0002463963896360501,0,781,0.0,0.0,,,,,,,,,,,,,,,,,,,,,,,,,,,,,,,,,,,,,,,,,,,,,,,,,,,,,,,,,,,,,,,,,,,,,,,,,,nan,,,,,,,,,,,,,,,
1372,1.7680027484893799,1.7679980373941362e-05,0.0017679980373941362,14545.122967720032,10000,ppo,ppo,crawler,flat,dth_dth_neighbours_direct,,,,,,,,,,,,,,,0.0,0,781,0.0,0.0,,,,,,,,,,,,,,,,,,,,,,,,,,,,,,,,,,,,,,,,,,,,,,,,,,,,,,,,,,,,,,,,,,,,,,,,,,nan,,,,,,,,,,,,,,,
1373,-2.216719627380371,-2.146362567145843e-05,-0.002146362567145843,14555.850152015686,10000,ppo,ppo,crawler,flat,dth_dth_neighbours_direct,,,,,,,,,,,,,,,-0.000235381762755894,0,781,0.0,0.0,,,,,,,,,,,,,,,,,,,,,,,,,,,,,,,,,,,,,,,,,,,,,,,,,,,,,,,,,,,,,,,,,,,,,,,,,,nan,,,,,,,,,,,,,,,
1374,-5.194056987762451,-5.194059485802427e-05,-0.005194059485802427,14567.02607011795,10000,ppo,ppo,crawler,flat,dth_dth_neighbours_direct,,,,,,,,,,,,,,,0.0,0,781,0.0,0.0,,,,,,,,,,,,,,,,,,,,,,,,,,,,,,,,,,,,,,,,,,,,,,,,,,,,,,,,,,,,,,,,,,,,,,,,,,nan,,,,,,,,,,,,,,,
1375,3.542448043823242,3.542446575011127e-05,0.0035424465750111267,14578.006571769714,10000,ppo,ppo,crawler,flat,dth_dth_neighbours_direct,,,,,,,,,,,,,,,-3.869827746123877e-06,0,781,0.0,0.0,,,,,,,,,,,,,,,,,,,,,,,,,,,,,,,,,,,,,,,,,,,,,,,,,,,,,,,,,,,,,,,,,,,,,,,,,,nan,,,,,,,,,,,,,,,
1376,-15.448039054870605,-0.00015440139395650476,-0.015440139395650476,14589.348003387451,10000,ppo,ppo,crawler,flat,dth_dth_neighbours_direct,,,,,,,,,,,,,,,0.000180470219380419,0,781,0.0,0.0,,,,,,,,,,,,,,,,,,,,,,,,,,,,,,,,,,,,,,,,,,,,,,,,,,,,,,,,,,,,,,,,,,,,,,,,,,nan,,,,,,,,,,,,,,,
1377,10.157684326171875,0.00010110998118761927,0.010110998118761927,14600.490297794342,10000,ppo,ppo,crawler,flat,dth_dth_neighbours_direct,,,,,,,,,,,,,,,-0.011408129825033772,0,781,0.0,0.0,,,,,,,,,,,,,,,,,,,,,,,,,,,,,,,,,,,,,,,,,,,,,,,,,,,,,,,,,,,,,,,,,,,,,,,,,,nan,,,,,,,,,,,,,,,
1378,1.6728744506835938,1.67178877745755e-05,0.0016717887774575502,14611.799379110336,10000,ppo,ppo,crawler,flat,dth_dth_neighbours_direct,,,,,,,,,,,,,,,-1.574585526685556e-05,0,781,0.0,0.0,,,,,,,,,,,,,,,,,,,,,,,,,,,,,,,,,,,,,,,,,,,,,,,,,,,,,,,,,,,,,,,,,,,,,,,,,,nan,,,,,,,,,,,,,,,
1379,-11.945444107055664,-0.00011963638826273382,-0.011963638826273382,14622.74713420868,10000,ppo,ppo,crawler,flat,dth_dth_neighbours_direct,,,,,,,,,,,,,,,0.0,0,781,0.0,0.0,,,,,,,,,,,,,,,,,,,,,,,,,,,,,,,,,,,,,,,,,,,,,,,,,,,,,,,,,,,,,,,,,,,,,,,,,,nan,,,,,,,,,,,,,,,
1380,-2.101022243499756,-2.0583625882864e-05,-0.0020583625882864,14633.645884752274,10000,ppo,ppo,crawler,flat,dth_dth_neighbours_direct,,,,,,,,,,,,,,,-4.093115731940227e-05,0,781,0.0,0.0,,,,,,,,,,,,,,,,,,,,,,,,,,,,,,,,,,,,,,,,,,,,,,,,,,,,,,,,,,,,,,,,,,,,,,,,,,nan,,,,,,,,,,,,,,,
1381,2.623344898223877,2.6233419703203253e-05,0.0026233419703203253,14644.762609243393,10000,ppo,ppo,crawler,flat,dth_dth_neighbours_direct,,,,,,,,,,,,,,,-0.00026541898950037667,0,781,0.0,0.0,,,,,,,,,,,,,,,,,,,,,,,,,,,,,,,,,,,,,,,,,,,,,,,,,,,,,,,,,,,,,,,,,,,,,,,,,,nan,,,,,,,,,,,,,,,
1382,-6.0738396644592285,-6.00193852733355e-05,-0.00600193852733355,14655.901551246643,10000,ppo,ppo,crawler,flat,dth_dth_neighbours_direct,,,,,,,,,,,,,,,0.0,0,781,0.0,0.0,,,,,,,,,,,,,,,,,,,,,,,,,,,,,,,,,,,,,,,,,,,,,,,,,,,,,,,,,,,,,,,,,,,,,,,,,,nan,,,,,,,,,,,,,,,
1383,-1.1723963022232056,-1.1723935131158214e-05,-0.0011723935131158214,14667.343078374863,10000,ppo,ppo,crawler,flat,dth_dth_neighbours_direct,,,,,,,,,,,,,,,-3.390334231752745e-05,0,781,0.0,0.0,,,,,,,,,,,,,,,,,,,,,,,,,,,,,,,,,,,,,,,,,,,,,,,,,,,,,,,,,,,,,,,,,,,,,,,,,,nan,,,,,,,,,,,,,,,
1384,5.381556034088135,5.40341243322473e-05,0.00540341243322473,14678.381118297577,10000,ppo,ppo,crawler,flat,dth_dth_neighbours_direct,,,,,,,,,,,,,,,0.0,0,781,0.0,0.0,,,,,,,,,,,,,,,,,,,,,,,,,,,,,,,,,,,,,,,,,,,,,,,,,,,,,,,,,,,,,,,,,,,,,,,,,,nan,,,,,,,,,,,,,,,
1385,-7.081563472747803,-7.081554940668866e-05,-0.007081554940668866,14689.511147022247,10000,ppo,ppo,crawler,flat,dth_dth_neighbours_direct,,,,,,,,,,,,,,,-0.0011330099177765023,0,781,0.0,0.0,,,,,,,,,,,,,,,,,,,,,,,,,,,,,,,,,,,,,,,,,,,,,,,,,,,,,,,,,,,,,,,,,,,,,,,,,,nan,,,,,,,,,,,,,,,
1386,-11.110880851745605,-0.00011108014587080106,-0.011108014587080106,14700.591585159302,10000,ppo,ppo,crawler,flat,dth_dth_neighbours_direct,,,,,,,,,,,,,,,0.0,0,781,0.0,0.0,,,,,,,,,,,,,,,,,,,,,,,,,,,,,,,,,,,,,,,,,,,,,,,,,,,,,,,,,,,,,,,,,,,,,,,,,,nan,,,,,,,,,,,,,,,
1387,12.392151832580566,0.00012449925998225808,0.012449925998225808,14711.594278812408,10000,ppo,ppo,crawler,flat,dth_dth_neighbours_direct,,,,,,,,,,,,,,,-0.00989178784439643,0,781,0.0,0.0,,,,,,,,,,,,,,,,,,,,,,,,,,,,,,,,,,,,,,,,,,,,,,,,,,,,,,,,,,,,,,,,,,,,,,,,,,nan,,,,,,,,,,,,,,,
1388,13.55225658416748,0.0001362870680168271,0.01362870680168271,14722.711753845215,10000,ppo,ppo,crawler,flat,dth_dth_neighbours_direct,,,,,,,,,,,,,,,0.0,0,781,0.0,0.0,,,,,,,,,,,,,,,,,,,,,,,,,,,,,,,,,,,,,,,,,,,,,,,,,,,,,,,,,,,,,,,,,,,,,,,,,,nan,,,,,,,,,,,,,,,
1389,5.21557092666626,5.215572673478164e-05,0.005215572673478164,14733.57731461525,10000,ppo,ppo,crawler,flat,dth_dth_neighbours_direct,,,,,,,,,,,,,,,-4.959915181509816e-05,0,781,0.0,0.0,,,,,,,,,,,,,,,,,,,,,,,,,,,,,,,,,,,,,,,,,,,,,,,,,,,,,,,,,,,,,,,,,,,,,,,,,,nan,,,,,,,,,,,,,,,
1390,2.40643572807312,2.4064340323093347e-05,0.0024064340323093347,14744.782269954681,10000,ppo,ppo,crawler,flat,dth_dth_neighbours_direct,,,,,,,,,,,,,,,-6.409812713859939e-07,0,781,0.0,0.0,,,,,,,,,,,,,,,,,,,,,,,,,,,,,,,,,,,,,,,,,,,,,,,,,,,,,,,,,,,,,,,,,,,,,,,,,,nan,,,,,,,,,,,,,,,
1391,2.307145833969116,2.3150712877395563e-05,0.0023150712877395563,14755.760452747345,10000,ppo,ppo,crawler,flat,dth_dth_neighbours_direct,,,,,,,,,,,,,,,-0.00018974478391121962,0,781,0.0,0.0,,,,,,,,,,,,,,,,,,,,,,,,,,,,,,,,,,,,,,,,,,,,,,,,,,,,,,,,,,,,,,,,,,,,,,,,,,nan,,,,,,,,,,,,,,,
1392,20.14055824279785,0.00020127107563894242,0.020127107563894242,14766.877341747284,10000,ppo,ppo,crawler,flat,dth_dth_neighbours_direct,,,,,,,,,,,,,,,-2.098755097725022e-09,0,781,0.0,0.0,,,,,,,,,,,,,,,,,,,,,,,,,,,,,,,,,,,,,,,,,,,,,,,,,,,,,,,,,,,,,,,,,,,,,,,,,,nan,,,,,,,,,,,,,,,
1393,-3.8640859127044678,-3.8640861021121964e-05,-0.0038640861021121964,14777.722489595413,10000,ppo,ppo,crawler,flat,dth_dth_neighbours_direct,,,,,,,,,,,,,,,-0.00036819926230535006,0,781,0.0,0.0,,,,,,,,,,,,,,,,,,,,,,,,,,,,,,,,,,,,,,,,,,,,,,,,,,,,,,,,,,,,,,,,,,,,,,,,,,nan,,,,,,,,,,,,,,,
1394,-15.436575889587402,-0.00015415165398735553,-0.015415165398735553,14788.951295852661,10000,ppo,ppo,crawler,flat,dth_dth_neighbours_direct,,,,,,,,,,,,,,,0.0,0,781,0.0,0.0,,,,,,,,,,,,,,,,,,,,,,,,,,,,,,,,,,,,,,,,,,,,,,,,,,,,,,,,,,,,,,,,,,,,,,,,,,nan,,,,,,,,,,,,,,,
1395,13.628987312316895,0.0001364776398986578,0.01364776398986578,14800.290449142456,10000,ppo,ppo,crawler,flat,dth_dth_neighbours_direct,,,,,,,,,,,,,,,-0.01678142401243103,0,781,0.0,0.0,,,,,,,,,,,,,,,,,,,,,,,,,,,,,,,,,,,,,,,,,,,,,,,,,,,,,,,,,,,,,,,,,,,,,,,,,,nan,,,,,,,,,,,,,,,
1396,-4.168694972991943,-4.18596864619758e-05,-0.00418596864619758,14811.130686759949,10000,ppo,ppo,crawler,flat,dth_dth_neighbours_direct,,,,,,,,,,,,,,,-1.2035251484179773e-06,0,781,0.0,0.0,,,,,,,,,,,,,,,,,,,,,,,,,,,,,,,,,,,,,,,,,,,,,,,,,,,,,,,,,,,,,,,,,,,,,,,,,,nan,,,,,,,,,,,,,,,
1397,6.261585235595703,6.261581438593566e-05,0.006261581438593566,14822.159759044647,10000,ppo,ppo,crawler,flat,dth_dth_neighbours_direct,,,,,,,,,,,,,,,-1.8918602971810842e-05,0,781,0.0,0.0,,,,,,,,,,,,,,,,,,,,,,,,,,,,,,,,,,,,,,,,,,,,,,,,,,,,,,,,,,,,,,,,,,,,,,,,,,nan,,,,,,,,,,,,,,,
1398,-6.325265407562256,-6.325261347228661e-05,-0.006325261347228661,14833.397954702377,10000,ppo,ppo,crawler,flat,dth_dth_neighbours_direct,,,,,,,,,,,,,,,-2.5709102433484892e-05,0,781,0.0,0.0,,,,,,,,,,,,,,,,,,,,,,,,,,,,,,,,,,,,,,,,,,,,,,,,,,,,,,,,,,,,,,,,,,,,,,,,,,nan,,,,,,,,,,,,,,,
1399,-6.503074645996094,-6.519146700156853e-05,-0.006519146700156853,14844.654021501541,10000,ppo,ppo,crawler,flat,dth_dth_neighbours_direct,,,,,,,,,,,,,,,-0.0024966080178162047,0,781,0.0,0.0,,,,,,,,,,,,,,,,,,,,,,,,,,,,,,,,,,,,,,,,,,,,,,,,,,,,,,,,,,,,,,,,,,,,,,,,,,nan,,,,,,,,,,,,,,,
1400,0.4711898863315582,4.711919245892204e-06,0.00047119192458922043,14856.392779111862,10000,ppo,ppo,crawler,flat,dth_dth_neighbours_direct,,,,,,,,,,,,,,,0.0,0,781,0.0,0.0,,,,,,,,,,,,,,,,,,,,,,,,,,,,,,,,,,,,,,,,,,,,,,,,,,,,,,,,,,,,,,,,,,,,,,,,,,nan,,,,,,,,,,,,,,,
1401,1.7809427976608276,1.8662518414203078e-05,0.0018662518414203078,14867.865846395493,10000,ppo,ppo,crawler,flat,dth_dth_neighbours_direct,,,,,,,,,,,,,,,-2.539447280989719e-05,0,781,0.0,0.0,,,,,,,,,,,,,,,,,,,,,,,,,,,,,,,,,,,,,,,,,,,,,,,,,,,,,,,,,,,,,,,,,,,,,,,,,,nan,,,,,,,,,,,,,,,
1402,12.999653816223145,0.00013017065066378564,0.013017065066378564,14878.93617939949,10000,ppo,ppo,crawler,flat,dth_dth_neighbours_direct,,,,,,,,,,,,,,,-0.0010761624695816664,0,781,0.0,0.0,,,,,,,,,,,,,,,,,,,,,,,,,,,,,,,,,,,,,,,,,,,,,,,,,,,,,,,,,,,,,,,,,,,,,,,,,,nan,,,,,,,,,,,,,,,
1403,16.832841873168945,0.00016858013987075537,0.016858013987075537,14890.171770572662,10000,ppo,ppo,crawler,flat,dth_dth_neighbours_direct,,,,,,,,,,,,,,,0.0,0,781,0.0,0.0,,,,,,,,,,,,,,,,,,,,,,,,,,,,,,,,,,,,,,,,,,,,,,,,,,,,,,,,,,,,,,,,,,,,,,,,,,nan,,,,,,,,,,,,,,,
1404,1.0328654050827026,1.0328652024327312e-05,0.0010328652024327312,14901.425238132477,10000,ppo,ppo,crawler,flat,dth_dth_neighbours_direct,,,,,,,,,,,,,,,-0.005510018860608835,0,781,0.0,0.0,,,,,,,,,,,,,,,,,,,,,,,,,,,,,,,,,,,,,,,,,,,,,,,,,,,,,,,,,,,,,,,,,,,,,,,,,,nan,,,,,,,,,,,,,,,
1405,2.980226993560791,2.928713547589723e-05,0.002928713547589723,14912.821891784668,10000,ppo,ppo,crawler,flat,dth_dth_neighbours_direct,,,,,,,,,,,,,,,0.0,0,781,0.0,0.0,,,,,,,,,,,,,,,,,,,,,,,,,,,,,,,,,,,,,,,,,,,,,,,,,,,,,,,,,,,,,,,,,,,,,,,,,,nan,,,,,,,,,,,,,,,
1406,-17.191104888916016,-0.00017216629930771887,-0.017216629930771887,14923.723800420761,10000,ppo,ppo,crawler,flat,dth_dth_neighbours_direct,,,,,,,,,,,,,,,-1.5325746504964354e-05,0,781,0.0,0.0,,,,,,,,,,,,,,,,,,,,,,,,,,,,,,,,,,,,,,,,,,,,,,,,,,,,,,,,,,,,,,,,,,,,,,,,,,nan,,,,,,,,,,,,,,,
1407,-2.659391164779663,-2.6593905204208568e-05,-0.0026593905204208568,14934.765538692474,10000,ppo,ppo,crawler,flat,dth_dth_neighbours_direct,,,,,,,,,,,,,,,-7.022237798697511e-05,0,781,0.0,0.0,,,,,,,,,,,,,,,,,,,,,,,,,,,,,,,,,,,,,,,,,,,,,,,,,,,,,,,,,,,,,,,,,,,,,,,,,,nan,,,,,,,,,,,,,,,
1408,5.647120475769043,5.647120997309685e-05,0.005647120997309685,14945.807229042053,10000,ppo,ppo,crawler,flat,dth_dth_neighbours_direct,,,,,,,,,,,,,,,-6.492014511675597e-05,0,781,0.0,0.0,,,,,,,,,,,,,,,,,,,,,,,,,,,,,,,,,,,,,,,,,,,,,,,,,,,,,,,,,,,,,,,,,,,,,,,,,,nan,,,,,,,,,,,,,,,
1409,-25.693374633789062,-0.0002577437262516469,-0.025774372625164688,14957.072498083115,10000,ppo,ppo,crawler,flat,dth_dth_neighbours_direct,,,,,,,,,,,,,,,0.0,0,781,0.0,0.0,,,,,,,,,,,,,,,,,,,,,,,,,,,,,,,,,,,,,,,,,,,,,,,,,,,,,,,,,,,,,,,,,,,,,,,,,,nan,,,,,,,,,,,,,,,
1410,-12.678497314453125,-0.00012669427087530494,-0.012669427087530494,14968.077225208282,10000,ppo,ppo,crawler,flat,dth_dth_neighbours_direct,,,,,,,,,,,,,,,-8.698612828375283e-05,0,781,0.0,0.0,,,,,,,,,,,,,,,,,,,,,,,,,,,,,,,,,,,,,,,,,,,,,,,,,,,,,,,,,,,,,,,,,,,,,,,,,,nan,,,,,,,,,,,,,,,
1411,8.71902847290039,8.719027391634881e-05,0.008719027391634881,14978.844752073288,10000,ppo,ppo,crawler,flat,dth_dth_neighbours_direct,,,,,,,,,,,,,,,0.0,0,781,0.0,0.0,,,,,,,,,,,,,,,,,,,,,,,,,,,,,,,,,,,,,,,,,,,,,,,,,,,,,,,,,,,,,,,,,,,,,,,,,,nan,,,,,,,,,,,,,,,
1412,9.192084312438965,9.1920854174532e-05,0.0091920854174532,14989.994812726974,10000,ppo,ppo,crawler,flat,dth_dth_neighbours_direct,,,,,,,,,,,,,,,0.0,0,781,0.0,0.0,,,,,,,,,,,,,,,,,,,,,,,,,,,,,,,,,,,,,,,,,,,,,,,,,,,,,,,,,,,,,,,,,,,,,,,,,,nan,,,,,,,,,,,,,,,
1413,-2.7124080657958984,-2.712403511395678e-05,-0.002712403511395678,15000.834414482117,10000,ppo,ppo,crawler,flat,dth_dth_neighbours_direct,,,,,,,,,,,,,,,-6.377150360661798e-05,0,781,0.0,0.0,,,,,,,,,,,,,,,,,,,,,,,,,,,,,,,,,,,,,,,,,,,,,,,,,,,,,,,,,,,,,,,,,,,,,,,,,,nan,,,,,,,,,,,,,,,
1414,-17.191577911376953,-0.00017211500380653888,-0.017211500380653888,15011.86253452301,10000,ppo,ppo,crawler,flat,dth_dth_neighbours_direct,,,,,,,,,,,,,,,-0.00015932532735693622,0,781,0.0,0.0,,,,,,,,,,,,,,,,,,,,,,,,,,,,,,,,,,,,,,,,,,,,,,,,,,,,,,,,,,,,,,,,,,,,,,,,,,nan,,,,,,,,,,,,,,,
1415,3.139474630355835,3.098494198638946e-05,0.003098494198638946,15022.900022268295,10000,ppo,ppo,crawler,flat,dth_dth_neighbours_direct,,,,,,,,,,,,,,,-1.7789165070817047e-05,0,781,0.0,0.0,,,,,,,,,,,,,,,,,,,,,,,,,,,,,,,,,,,,,,,,,,,,,,,,,,,,,,,,,,,,,,,,,,,,,,,,,,nan,,,,,,,,,,,,,,,
1416,-2.2369773387908936,-2.2369804355548695e-05,-0.0022369804355548695,15034.48942232132,10000,ppo,ppo,crawler,flat,dth_dth_neighbours_direct,,,,,,,,,,,,,,,-2.792001094921908e-05,0,781,0.0,0.0,,,,,,,,,,,,,,,,,,,,,,,,,,,,,,,,,,,,,,,,,,,,,,,,,,,,,,,,,,,,,,,,,,,,,,,,,,nan,,,,,,,,,,,,,,,
1417,-5.132079601287842,-5.1320752390893176e-05,-0.005132075239089318,15045.333195209503,10000,ppo,ppo,crawler,flat,dth_dth_neighbours_direct,,,,,,,,,,,,,,,-0.0006383983990733205,0,781,0.0,0.0,,,,,,,,,,,,,,,,,,,,,,,,,,,,,,,,,,,,,,,,,,,,,,,,,,,,,,,,,,,,,,,,,,,,,,,,,,nan,,,,,,,,,,,,,,,
1418,0.5522689819335938,5.522654191736365e-06,0.0005522654191736365,15055.977518558502,10000,ppo,ppo,crawler,flat,dth_dth_neighbours_direct,,,,,,,,,,,,,,,0.0,0,781,0.0,0.0,,,,,,,,,,,,,,,,,,,,,,,,,,,,,,,,,,,,,,,,,,,,,,,,,,,,,,,,,,,,,,,,,,,,,,,,,,nan,,,,,,,,,,,,,,,
1419,14.565095901489258,0.0001457807666156441,0.01457807666156441,15067.354959249496,10000,ppo,ppo,crawler,flat,dth_dth_neighbours_direct,,,,,,,,,,,,,,,-0.0039227678417854215,0,781,0.0,0.0,,,,,,,,,,,,,,,,,,,,,,,,,,,,,,,,,,,,,,,,,,,,,,,,,,,,,,,,,,,,,,,,,,,,,,,,,,nan,,,,,,,,,,,,,,,
1420,-22.387195587158203,-0.0002261936169816181,-0.02261936169816181,15078.687251091003,10000,ppo,ppo,crawler,flat,dth_dth_neighbours_direct,,,,,,,,,,,,,,,0.0,0,781,0.0,0.0,,,,,,,,,,,,,,,,,,,,,,,,,,,,,,,,,,,,,,,,,,,,,,,,,,,,,,,,,,,,,,,,,,,,,,,,,,nan,,,,,,,,,,,,,,,
1421,16.0424861907959,0.00016067414253484458,0.016067414253484458,15089.518522262573,10000,ppo,ppo,crawler,flat,dth_dth_neighbours_direct,,,,,,,,,,,,,,,-3.6386998367904854e-05,0,781,0.0,0.0,,,,,,,,,,,,,,,,,,,,,,,,,,,,,,,,,,,,,,,,,,,,,,,,,,,,,,,,,,,,,,,,,,,,,,,,,,nan,,,,,,,,,,,,,,,
1422,13.028131484985352,0.00013029464753344655,0.013029464753344655,15100.800354242325,10000,ppo,ppo,crawler,flat,dth_dth_neighbours_direct,,,,,,,,,,,,,,,0.0,0,781,0.0,0.0,,,,,,,,,,,,,,,,,,,,,,,,,,,,,,,,,,,,,,,,,,,,,,,,,,,,,,,,,,,,,,,,,,,,,,,,,,nan,,,,,,,,,,,,,,,
1423,-4.1365790367126465,-4.136573988944292e-05,-0.004136573988944292,15112.103105545044,10000,ppo,ppo,crawler,flat,dth_dth_neighbours_direct,,,,,,,,,,,,,,,-2.909682347664607e-05,0,781,0.0,0.0,,,,,,,,,,,,,,,,,,,,,,,,,,,,,,,,,,,,,,,,,,,,,,,,,,,,,,,,,,,,,,,,,,,,,,,,,,nan,,,,,,,,,,,,,,,
1424,-8.602893829345703,-8.602894376963377e-05,-0.008602894376963377,15123.493193387985,10000,ppo,ppo,crawler,flat,dth_dth_neighbours_direct,,,,,,,,,,,,,,,-0.0005026797390758763,0,781,0.0,0.0,,,,,,,,,,,,,,,,,,,,,,,,,,,,,,,,,,,,,,,,,,,,,,,,,,,,,,,,,,,,,,,,,,,,,,,,,,nan,,,,,,,,,,,,,,,
1425,-9.625624656677246,-9.738340304465964e-05,-0.009738340304465964,15134.521547079086,10000,ppo,ppo,crawler,flat,dth_dth_neighbours_direct,,,,,,,,,,,,,,,0.0,0,781,0.0,0.0,,,,,,,,,,,,,,,,,,,,,,,,,,,,,,,,,,,,,,,,,,,,,,,,,,,,,,,,,,,,,,,,,,,,,,,,,,nan,,,,,,,,,,,,,,,
1426,3.70953631401062,3.7095371226314455e-05,0.0037095371226314455,15145.621868133545,10000,ppo,ppo,crawler,flat,dth_dth_neighbours_direct,,,,,,,,,,,,,,,-0.0020211070105815056,0,781,0.0,0.0,,,,,,,,,,,,,,,,,,,,,,,,,,,,,,,,,,,,,,,,,,,,,,,,,,,,,,,,,,,,,,,,,,,,,,,,,,nan,,,,,,,,,,,,,,,
1427,-0.27955397963523865,-2.012310460486333e-06,-0.0002012310460486333,15156.636221408844,10000,ppo,ppo,crawler,flat,dth_dth_neighbours_direct,,,,,,,,,,,,,,,0.0,0,781,0.0,0.0,,,,,,,,,,,,,,,,,,,,,,,,,,,,,,,,,,,,,,,,,,,,,,,,,,,,,,,,,,,,,,,,,,,,,,,,,,nan,,,,,,,,,,,,,,,
1428,-20.693532943725586,-0.00020786866662092507,-0.020786866662092507,15167.562062978745,10000,ppo,ppo,crawler,flat,dth_dth_neighbours_direct,,,,,,,,,,,,,,,-5.682000220203522e-06,0,781,0.0,0.0,,,,,,,,,,,,,,,,,,,,,,,,,,,,,,,,,,,,,,,,,,,,,,,,,,,,,,,,,,,,,,,,,,,,,,,,,,nan,,,,,,,,,,,,,,,
1429,-20.884674072265625,-0.0002089543268084526,-0.02089543268084526,15178.67577123642,10000,ppo,ppo,crawler,flat,dth_dth_neighbours_direct,,,,,,,,,,,,,,,-1.4897137784927358e-05,0,781,0.0,0.0,,,,,,,,,,,,,,,,,,,,,,,,,,,,,,,,,,,,,,,,,,,,,,,,,,,,,,,,,,,,,,,,,,,,,,,,,,nan,,,,,,,,,,,,,,,
1430,15.115961074829102,0.00015066980267874897,0.015066980267874897,15189.881669282913,10000,ppo,ppo,crawler,flat,dth_dth_neighbours_direct,,,,,,,,,,,,,,,-0.0007419494563825763,0,781,0.0,0.0,,,,,,,,,,,,,,,,,,,,,,,,,,,,,,,,,,,,,,,,,,,,,,,,,,,,,,,,,,,,,,,,,,,,,,,,,,nan,,,,,,,,,,,,,,,
1431,-9.998808860778809,-9.998806490330026e-05,-0.009998806490330026,15201.302220106125,10000,ppo,ppo,crawler,flat,dth_dth_neighbours_direct,,,,,,,,,,,,,,,0.0,0,781,0.0,0.0,,,,,,,,,,,,,,,,,,,,,,,,,,,,,,,,,,,,,,,,,,,,,,,,,,,,,,,,,,,,,,,,,,,,,,,,,,nan,,,,,,,,,,,,,,,
1432,-8.227463722229004,-8.32164369057864e-05,-0.00832164369057864,15212.365721940994,10000,ppo,ppo,crawler,flat,dth_dth_neighbours_direct,,,,,,,,,,,,,,,-2.91812137036409e-05,0,781,0.0,0.0,,,,,,,,,,,,,,,,,,,,,,,,,,,,,,,,,,,,,,,,,,,,,,,,,,,,,,,,,,,,,,,,,,,,,,,,,,nan,,,,,,,,,,,,,,,
1433,-28.010095596313477,-0.00028053909773007035,-0.028053909773007035,15223.347384929657,10000,ppo,ppo,crawler,flat,dth_dth_neighbours_direct,,,,,,,,,,,,,,,-4.573923114701514e-06,0,781,0.0,0.0,,,,,,,,,,,,,,,,,,,,,,,,,,,,,,,,,,,,,,,,,,,,,,,,,,,,,,,,,,,,,,,,,,,,,,,,,,nan,,,,,,,,,,,,,,,
1434,-1.1971174478530884,-1.197111214423785e-05,-0.001197111214423785,15234.603264331818,10000,ppo,ppo,crawler,flat,dth_dth_neighbours_direct,,,,,,,,,,,,,,,-0.0002291007468264631,0,781,0.0,0.0,,,,,,,,,,,,,,,,,,,,,,,,,,,,,,,,,,,,,,,,,,,,,,,,,,,,,,,,,,,,,,,,,,,,,,,,,,nan,,,,,,,,,,,,,,,
1435,-0.7330024838447571,-7.3300552685395814e-06,-0.0007330055268539581,15245.650801420212,10000,ppo,ppo,crawler,flat,dth_dth_neighbours_direct,,,,,,,,,,,,,,,-0.002335400584126404,0,781,0.0,0.0,,,,,,,,,,,,,,,,,,,,,,,,,,,,,,,,,,,,,,,,,,,,,,,,,,,,,,,,,,,,,,,,,,,,,,,,,,nan,,,,,,,,,,,,,,,
1436,17.32610511779785,0.0001733901590341702,0.01733901590341702,15256.742311477661,10000,ppo,ppo,crawler,flat,dth_dth_neighbours_direct,,,,,,,,,,,,,,,0.0,0,781,0.0,0.0,,,,,,,,,,,,,,,,,,,,,,,,,,,,,,,,,,,,,,,,,,,,,,,,,,,,,,,,,,,,,,,,,,,,,,,,,,nan,,,,,,,,,,,,,,,
1437,-0.17062492668628693,-1.7062790220734314e-06,-0.00017062790220734314,15267.59894824028,10000,ppo,ppo,crawler,flat,dth_dth_neighbours_direct,,,,,,,,,,,,,,,-2.8069932419191403e-05,0,781,0.0,0.0,,,,,,,,,,,,,,,,,,,,,,,,,,,,,,,,,,,,,,,,,,,,,,,,,,,,,,,,,,,,,,,,,,,,,,,,,,nan,,,,,,,,,,,,,,,
1438,-30.685388565063477,-0.0003070180828217417,-0.03070180828217417,15278.864912748337,10000,ppo,ppo,crawler,flat,dth_dth_neighbours_direct,,,,,,,,,,,,,,,-1.1269611314835835e-06,0,781,0.0,0.0,,,,,,,,,,,,,,,,,,,,,,,,,,,,,,,,,,,,,,,,,,,,,,,,,,,,,,,,,,,,,,,,,,,,,,,,,,nan,,,,,,,,,,,,,,,
1439,4.077004909515381,4.0770031773718074e-05,0.004077003177371807,15290.122101306915,10000,ppo,ppo,crawler,flat,dth_dth_neighbours_direct,,,,,,,,,,,,,,,-0.0008245299065845724,0,781,0.0,0.0,,,,,,,,,,,,,,,,,,,,,,,,,,,,,,,,,,,,,,,,,,,,,,,,,,,,,,,,,,,,,,,,,,,,,,,,,,nan,,,,,,,,,,,,,,,
1440,10.70872974395752,0.00010841808398254216,0.010841808398254216,15300.978323459625,10000,ppo,ppo,crawler,flat,dth_dth_neighbours_direct,,,,,,,,,,,,,,,0.0,0,781,0.0,0.0,,,,,,,,,,,,,,,,,,,,,,,,,,,,,,,,,,,,,,,,,,,,,,,,,,,,,,,,,,,,,,,,,,,,,,,,,,nan,,,,,,,,,,,,,,,
1441,4.279795169830322,4.305253241909668e-05,0.004305253241909668,15311.855643749237,10000,ppo,ppo,crawler,flat,dth_dth_neighbours_direct,,,,,,,,,,,,,,,-0.000967651524517814,0,781,0.0,0.0,,,,,,,,,,,,,,,,,,,,,,,,,,,,,,,,,,,,,,,,,,,,,,,,,,,,,,,,,,,,,,,,,,,,,,,,,,nan,,,,,,,,,,,,,,,
1442,-5.791964054107666,-5.7926659792428836e-05,-0.005792665979242884,15322.964838027954,10000,ppo,ppo,crawler,flat,dth_dth_neighbours_direct,,,,,,,,,,,,,,,0.0,0,781,0.0,0.0,,,,,,,,,,,,,,,,,,,,,,,,,,,,,,,,,,,,,,,,,,,,,,,,,,,,,,,,,,,,,,,,,,,,,,,,,,nan,,,,,,,,,,,,,,,
1443,4.206334114074707,4.186029764241539e-05,0.004186029764241539,15334.046069383621,10000,ppo,ppo,crawler,flat,dth_dth_neighbours_direct,,,,,,,,,,,,,,,-2.392187056330804e-05,0,781,0.0,0.0,,,,,,,,,,,,,,,,,,,,,,,,,,,,,,,,,,,,,,,,,,,,,,,,,,,,,,,,,,,,,,,,,,,,,,,,,,nan,,,,,,,,,,,,,,,
1444,4.831254005432129,4.8312573198927566e-05,0.004831257319892757,15344.97862148285,10000,ppo,ppo,crawler,flat,dth_dth_neighbours_direct,,,,,,,,,,,,,,,-1.3552949538456798e-07,0,781,0.0,0.0,,,,,,,,,,,,,,,,,,,,,,,,,,,,,,,,,,,,,,,,,,,,,,,,,,,,,,,,,,,,,,,,,,,,,,,,,,nan,,,,,,,,,,,,,,,
1445,-10.525343894958496,-0.00010548239515628666,-0.010548239515628666,15356.202630281448,10000,ppo,ppo,crawler,flat,dth_dth_neighbours_direct,,,,,,,,,,,,,,,-1.134600361544405e-05,0,781,0.0,0.0,,,,,,,,,,,,,,,,,,,,,,,,,,,,,,,,,,,,,,,,,,,,,,,,,,,,,,,,,,,,,,,,,,,,,,,,,,nan,,,,,,,,,,,,,,,
1446,7.183050632476807,7.183053821790963e-05,0.007183053821790963,15367.664407014847,10000,ppo,ppo,crawler,flat,dth_dth_neighbours_direct,,,,,,,,,,,,,,,-0.010691360789905666,0,781,0.0,0.0,,,,,,,,,,,,,,,,,,,,,,,,,,,,,,,,,,,,,,,,,,,,,,,,,,,,,,,,,,,,,,,,,,,,,,,,,,nan,,,,,,,,,,,,,,,
1447,1.2936657667160034,1.293665172852343e-05,0.001293665172852343,15378.86028623581,10000,ppo,ppo,crawler,flat,dth_dth_neighbours_direct,,,,,,,,,,,,,,,-5.623888553486285e-07,0,781,0.0,0.0,,,,,,,,,,,,,,,,,,,,,,,,,,,,,,,,,,,,,,,,,,,,,,,,,,,,,,,,,,,,,,,,,,,,,,,,,,nan,,,,,,,,,,,,,,,
1448,8.891890525817871,8.891891047824174e-05,0.008891891047824174,15389.723076581955,10000,ppo,ppo,crawler,flat,dth_dth_neighbours_direct,,,,,,,,,,,,,,,-0.0001590529196775219,0,781,0.0,0.0,,,,,,,,,,,,,,,,,,,,,,,,,,,,,,,,,,,,,,,,,,,,,,,,,,,,,,,,,,,,,,,,,,,,,,,,,,nan,,,,,,,,,,,,,,,
1449,-7.81072998046875,-7.810728129697964e-05,-0.007810728129697964,15400.991096258163,10000,ppo,ppo,crawler,flat,dth_dth_neighbours_direct,,,,,,,,,,,,,,,0.0,0,781,0.0,0.0,,,,,,,,,,,,,,,,,,,,,,,,,,,,,,,,,,,,,,,,,,,,,,,,,,,,,,,,,,,,,,,,,,,,,,,,,,nan,,,,,,,,,,,,,,,
1450,13.812433242797852,0.00013877228775527328,0.013877228775527328,15412.422384262085,10000,ppo,ppo,crawler,flat,dth_dth_neighbours_direct,,,,,,,,,,,,,,,-0.00028907523517915444,0,781,0.0,0.0,,,,,,,,,,,,,,,,,,,,,,,,,,,,,,,,,,,,,,,,,,,,,,,,,,,,,,,,,,,,,,,,,,,,,,,,,,nan,,,,,,,,,,,,,,,
1451,-9.988055229187012,-0.00010010458208853379,-0.010010458208853379,15423.886910676956,10000,ppo,ppo,crawler,flat,dth_dth_neighbours_direct,,,,,,,,,,,,,,,-2.265701525953149e-11,0,781,0.0,0.0,,,,,,,,,,,,,,,,,,,,,,,,,,,,,,,,,,,,,,,,,,,,,,,,,,,,,,,,,,,,,,,,,,,,,,,,,,nan,,,,,,,,,,,,,,,
1452,-4.1111345291137695,-4.111140515306033e-05,-0.004111140515306033,15434.885327100754,10000,ppo,ppo,crawler,flat,dth_dth_neighbours_direct,,,,,,,,,,,,,,,-1.8384856161173724e-05,0,781,0.0,0.0,,,,,,,,,,,,,,,,,,,,,,,,,,,,,,,,,,,,,,,,,,,,,,,,,,,,,,,,,,,,,,,,,,,,,,,,,,nan,,,,,,,,,,,,,,,
1453,3.966325521469116,3.9663282223045826e-05,0.003966328222304583,15446.18189239502,10000,ppo,ppo,crawler,flat,dth_dth_neighbours_direct,,,,,,,,,,,,,,,-5.7243589412006006e-05,0,781,0.0,0.0,,,,,,,,,,,,,,,,,,,,,,,,,,,,,,,,,,,,,,,,,,,,,,,,,,,,,,,,,,,,,,,,,,,,,,,,,,nan,,,,,,,,,,,,,,,
1454,7.084660530090332,7.086185360094532e-05,0.007086185360094532,15457.433755874634,10000,ppo,ppo,crawler,flat,dth_dth_neighbours_direct,,,,,,,,,,,,,,,-0.00013776009642398618,0,781,0.0,0.0,,,,,,,,,,,,,,,,,,,,,,,,,,,,,,,,,,,,,,,,,,,,,,,,,,,,,,,,,,,,,,,,,,,,,,,,,,nan,,,,,,,,,,,,,,,
1455,8.403969764709473,8.428052387898788e-05,0.008428052387898788,15468.61504149437,10000,ppo,ppo,crawler,flat,dth_dth_neighbours_direct,,,,,,,,,,,,,,,0.0,0,781,0.0,0.0,,,,,,,,,,,,,,,,,,,,,,,,,,,,,,,,,,,,,,,,,,,,,,,,,,,,,,,,,,,,,,,,,,,,,,,,,,nan,,,,,,,,,,,,,,,
1456,-8.24422550201416,-8.24422313598916e-05,-0.00824422313598916,15479.425826311111,10000,ppo,ppo,crawler,flat,dth_dth_neighbours_direct,,,,,,,,,,,,,,,-1.6289571164206872e-06,0,781,0.0,0.0,,,,,,,,,,,,,,,,,,,,,,,,,,,,,,,,,,,,,,,,,,,,,,,,,,,,,,,,,,,,,,,,,,,,,,,,,,nan,,,,,,,,,,,,,,,
1457,13.247871398925781,0.00013219380343798548,0.013219380343798548,15490.335726499557,10000,ppo,ppo,crawler,flat,dth_dth_neighbours_direct,,,,,,,,,,,,,,,-3.6002889218312067e-05,0,781,0.0,0.0,,,,,,,,,,,,,,,,,,,,,,,,,,,,,,,,,,,,,,,,,,,,,,,,,,,,,,,,,,,,,,,,,,,,,,,,,,nan,,,,,,,,,,,,,,,
1458,0.9217231869697571,9.21721675695153e-06,0.000921721675695153,15501.165999412537,10000,ppo,ppo,crawler,flat,dth_dth_neighbours_direct,,,,,,,,,,,,,,,-2.9646268021434582e-05,0,781,0.0,0.0,,,,,,,,,,,,,,,,,,,,,,,,,,,,,,,,,,,,,,,,,,,,,,,,,,,,,,,,,,,,,,,,,,,,,,,,,,nan,,,,,,,,,,,,,,,
1459,4.79617166519165,4.7961708332877606e-05,0.004796170833287761,15511.978846788406,10000,ppo,ppo,crawler,flat,dth_dth_neighbours_direct,,,,,,,,,,,,,,,-0.004685352788939977,0,781,0.0,0.0,,,,,,,,,,,,,,,,,,,,,,,,,,,,,,,,,,,,,,,,,,,,,,,,,,,,,,,,,,,,,,,,,,,,,,,,,,nan,,,,,,,,,,,,,,,
1460,-6.7658514976501465,-6.765848229406402e-05,-0.0067658482294064015,15522.770227193832,10000,ppo,ppo,crawler,flat,dth_dth_neighbours_direct,,,,,,,,,,,,,,,0.0,0,781,0.0,0.0,,,,,,,,,,,,,,,,,,,,,,,,,,,,,,,,,,,,,,,,,,,,,,,,,,,,,,,,,,,,,,,,,,,,,,,,,,nan,,,,,,,,,,,,,,,
1461,-2.7673332691192627,-2.7673348085954785e-05,-0.0027673348085954785,15533.640658140182,10000,ppo,ppo,crawler,flat,dth_dth_neighbours_direct,,,,,,,,,,,,,,,-5.632528269641988e-05,0,781,0.0,0.0,,,,,,,,,,,,,,,,,,,,,,,,,,,,,,,,,,,,,,,,,,,,,,,,,,,,,,,,,,,,,,,,,,,,,,,,,,nan,,,,,,,,,,,,,,,
1462,-5.198253154754639,-5.222055915510282e-05,-0.005222055915510282,15544.580338478088,10000,ppo,ppo,crawler,flat,dth_dth_neighbours_direct,,,,,,,,,,,,,,,-4.7179418359614824e-07,0,781,0.0,0.0,,,,,,,,,,,,,,,,,,,,,,,,,,,,,,,,,,,,,,,,,,,,,,,,,,,,,,,,,,,,,,,,,,,,,,,,,,nan,,,,,,,,,,,,,,,
1463,-5.879393577575684,-5.879394302610308e-05,-0.005879394302610308,15555.438579320908,10000,ppo,ppo,crawler,flat,dth_dth_neighbours_direct,,,,,,,,,,,,,,,-0.00043298665042990455,0,781,0.0,0.0,,,,,,,,,,,,,,,,,,,,,,,,,,,,,,,,,,,,,,,,,,,,,,,,,,,,,,,,,,,,,,,,,,,,,,,,,,nan,,,,,,,,,,,,,,,
1464,-1.9165823459625244,-1.9165805497323163e-05,-0.0019165805497323163,15566.604454040527,10000,ppo,ppo,crawler,flat,dth_dth_neighbours_direct,,,,,,,,,,,,,,,0.0,0,781,0.0,0.0,,,,,,,,,,,,,,,,,,,,,,,,,,,,,,,,,,,,,,,,,,,,,,,,,,,,,,,,,,,,,,,,,,,,,,,,,,nan,,,,,,,,,,,,,,,
1465,-1.9174998998641968,-1.9174984117853455e-05,-0.0019174984117853455,15577.876909971237,10000,ppo,ppo,crawler,flat,dth_dth_neighbours_direct,,,,,,,,,,,,,,,-0.0008474094733576769,0,781,0.0,0.0,,,,,,,,,,,,,,,,,,,,,,,,,,,,,,,,,,,,,,,,,,,,,,,,,,,,,,,,,,,,,,,,,,,,,,,,,,nan,,,,,,,,,,,,,,,
1466,-7.58010196685791,-7.580095552839339e-05,-0.007580095552839339,15588.848665952682,10000,ppo,ppo,crawler,flat,dth_dth_neighbours_direct,,,,,,,,,,,,,,,0.0,0,781,0.0,0.0,,,,,,,,,,,,,,,,,,,,,,,,,,,,,,,,,,,,,,,,,,,,,,,,,,,,,,,,,,,,,,,,,,,,,,,,,,nan,,,,,,,,,,,,,,,
1467,1.1103624105453491,1.1103668839496095e-05,0.0011103668839496095,15599.508101701736,10000,ppo,ppo,crawler,flat,dth_dth_neighbours_direct,,,,,,,,,,,,,,,-0.00020507095970699943,0,781,0.0,0.0,,,,,,,,,,,,,,,,,,,,,,,,,,,,,,,,,,,,,,,,,,,,,,,,,,,,,,,,,,,,,,,,,,,,,,,,,,nan,,,,,,,,,,,,,,,
1468,-7.129218578338623,-7.148195436457172e-05,-0.007148195436457172,15610.588443756104,10000,ppo,ppo,crawler,flat,dth_dth_neighbours_direct,,,,,,,,,,,,,,,0.0,0,781,0.0,0.0,,,,,,,,,,,,,,,,,,,,,,,,,,,,,,,,,,,,,,,,,,,,,,,,,,,,,,,,,,,,,,,,,,,,,,,,,,nan,,,,,,,,,,,,,,,
1469,5.243490695953369,5.243490886641666e-05,0.005243490886641666,15621.500609874725,10000,ppo,ppo,crawler,flat,dth_dth_neighbours_direct,,,,,,,,,,,,,,,-0.04137794310334359,0,781,0.0,0.0,,,,,,,,,,,,,,,,,,,,,,,,,,,,,,,,,,,,,,,,,,,,,,,,,,,,,,,,,,,,,,,,,,,,,,,,,,nan,,,,,,,,,,,,,,,
1470,-5.471130847930908,-5.471128679346293e-05,-0.005471128679346293,15632.530663967133,10000,ppo,ppo,crawler,flat,dth_dth_neighbours_direct,,,,,,,,,,,,,,,0.0,0,781,0.0,0.0,,,,,,,,,,,,,,,,,,,,,,,,,,,,,,,,,,,,,,,,,,,,,,,,,,,,,,,,,,,,,,,,,,,,,,,,,,nan,,,,,,,,,,,,,,,
1471,12.895471572875977,0.00012919031723868102,0.012919031723868102,15643.515241622925,10000,ppo,ppo,crawler,flat,dth_dth_neighbours_direct,,,,,,,,,,,,,,,0.0,0,781,0.0,0.0,,,,,,,,,,,,,,,,,,,,,,,,,,,,,,,,,,,,,,,,,,,,,,,,,,,,,,,,,,,,,,,,,,,,,,,,,,nan,,,,,,,,,,,,,,,
1472,5.44746732711792,5.447469811770134e-05,0.005447469811770134,15654.605615139008,10000,ppo,ppo,crawler,flat,dth_dth_neighbours_direct,,,,,,,,,,,,,,,-0.0009495262485879942,0,781,0.0,0.0,,,,,,,,,,,,,,,,,,,,,,,,,,,,,,,,,,,,,,,,,,,,,,,,,,,,,,,,,,,,,,,,,,,,,,,,,,nan,,,,,,,,,,,,,,,
1473,8.867374420166016,8.880027598934248e-05,0.008880027598934248,15665.469694852829,10000,ppo,ppo,crawler,flat,dth_dth_neighbours_direct,,,,,,,,,,,,,,,0.0,0,781,0.0,0.0,,,,,,,,,,,,,,,,,,,,,,,,,,,,,,,,,,,,,,,,,,,,,,,,,,,,,,,,,,,,,,,,,,,,,,,,,,nan,,,,,,,,,,,,,,,
1474,-14.663660049438477,-0.0001466611574869603,-0.01466611574869603,15676.445291996002,10000,ppo,ppo,crawler,flat,dth_dth_neighbours_direct,,,,,,,,,,,,,,,-1.4226961160667728e-05,0,781,0.0,0.0,,,,,,,,,,,,,,,,,,,,,,,,,,,,,,,,,,,,,,,,,,,,,,,,,,,,,,,,,,,,,,,,,,,,,,,,,,nan,,,,,,,,,,,,,,,
1475,4.213681697845459,4.169921521679498e-05,0.004169921521679498,15687.18036365509,10000,ppo,ppo,crawler,flat,dth_dth_neighbours_direct,,,,,,,,,,,,,,,-0.010474585713377454,0,781,0.0,0.0,,,,,,,,,,,,,,,,,,,,,,,,,,,,,,,,,,,,,,,,,,,,,,,,,,,,,,,,,,,,,,,,,,,,,,,,,,nan,,,,,,,,,,,,,,,
1476,-9.335140228271484,-9.424009476788342e-05,-0.009424009476788342,15698.461024284363,10000,ppo,ppo,crawler,flat,dth_dth_neighbours_direct,,,,,,,,,,,,,,,-7.549412882434879e-07,0,781,0.0,0.0,,,,,,,,,,,,,,,,,,,,,,,,,,,,,,,,,,,,,,,,,,,,,,,,,,,,,,,,,,,,,,,,,,,,,,,,,,nan,,,,,,,,,,,,,,,
1477,-7.9757256507873535,-7.997953071026132e-05,-0.007997953071026132,15709.531505346298,10000,ppo,ppo,crawler,flat,dth_dth_neighbours_direct,,,,,,,,,,,,,,,-0.004450752596620103,0,781,0.0,0.0,,,,,,,,,,,,,,,,,,,,,,,,,,,,,,,,,,,,,,,,,,,,,,,,,,,,,,,,,,,,,,,,,,,,,,,,,,nan,,,,,,,,,,,,,,,
1478,-2.044699192047119,-2.0446988855837844e-05,-0.0020446988855837844,15720.43887424469,10000,ppo,ppo,crawler,flat,dth_dth_neighbours_direct,,,,,,,,,,,,,,,0.0,0,781,0.0,0.0,,,,,,,,,,,,,,,,,,,,,,,,,,,,,,,,,,,,,,,,,,,,,,,,,,,,,,,,,,,,,,,,,,,,,,,,,,nan,,,,,,,,,,,,,,,
1479,7.569179058074951,7.525861292378977e-05,0.007525861292378977,15732.110524177551,10000,ppo,ppo,crawler,flat,dth_dth_neighbours_direct,,,,,,,,,,,,,,,-0.0009821567054785474,0,781,0.0,0.0,,,,,,,,,,,,,,,,,,,,,,,,,,,,,,,,,,,,,,,,,,,,,,,,,,,,,,,,,,,,,,,,,,,,,,,,,,nan,,,,,,,,,,,,,,,
1480,-0.30173149704933167,-3.0172511742421193e-06,-0.00030172511742421193,15743.472830295563,10000,ppo,ppo,crawler,flat,dth_dth_neighbours_direct,,,,,,,,,,,,,,,0.0,0,781,0.0,0.0,,,,,,,,,,,,,,,,,,,,,,,,,,,,,,,,,,,,,,,,,,,,,,,,,,,,,,,,,,,,,,,,,,,,,,,,,,nan,,,,,,,,,,,,,,,
1481,4.2009429931640625,4.200945841148496e-05,0.004200945841148496,15754.834950447083,10000,ppo,ppo,crawler,flat,dth_dth_neighbours_direct,,,,,,,,,,,,,,,-1.0619378826377029e-06,0,781,0.0,0.0,,,,,,,,,,,,,,,,,,,,,,,,,,,,,,,,,,,,,,,,,,,,,,,,,,,,,,,,,,,,,,,,,,,,,,,,,,nan,,,,,,,,,,,,,,,
1482,-21.092397689819336,-0.00021135945280548185,-0.021135945280548185,15765.92531633377,10000,ppo,ppo,crawler,flat,dth_dth_neighbours_direct,,,,,,,,,,,,,,,-5.7953133196516315e-05,0,781,0.0,0.0,,,,,,,,,,,,,,,,,,,,,,,,,,,,,,,,,,,,,,,,,,,,,,,,,,,,,,,,,,,,,,,,,,,,,,,,,,nan,,,,,,,,,,,,,,,
1483,-19.79453468322754,-0.00019816754502244294,-0.019816754502244294,15777.015424728394,10000,ppo,ppo,crawler,flat,dth_dth_neighbours_direct,,,,,,,,,,,,,,,-3.703747531363356e-05,0,781,0.0,0.0,,,,,,,,,,,,,,,,,,,,,,,,,,,,,,,,,,,,,,,,,,,,,,,,,,,,,,,,,,,,,,,,,,,,,,,,,,nan,,,,,,,,,,,,,,,
1484,-4.949132442474365,-4.9491336540086195e-05,-0.0049491336540086195,15788.188775062561,10000,ppo,ppo,crawler,flat,dth_dth_neighbours_direct,,,,,,,,,,,,,,,-0.00011274874300985727,0,781,0.0,0.0,,,,,,,,,,,,,,,,,,,,,,,,,,,,,,,,,,,,,,,,,,,,,,,,,,,,,,,,,,,,,,,,,,,,,,,,,,nan,,,,,,,,,,,,,,,
1485,0.8222872614860535,8.222930773627013e-06,0.0008222930773627013,15799.369710922241,10000,ppo,ppo,crawler,flat,dth_dth_neighbours_direct,,,,,,,,,,,,,,,-0.016434966359960057,0,781,0.0,0.0,,,,,,,,,,,,,,,,,,,,,,,,,,,,,,,,,,,,,,,,,,,,,,,,,,,,,,,,,,,,,,,,,,,,,,,,,,nan,,,,,,,,,,,,,,,
1486,-3.7934772968292236,-3.793480937019922e-05,-0.003793480937019922,15810.139003753662,10000,ppo,ppo,crawler,flat,dth_dth_neighbours_direct,,,,,,,,,,,,,,,0.0,0,781,0.0,0.0,,,,,,,,,,,,,,,,,,,,,,,,,,,,,,,,,,,,,,,,,,,,,,,,,,,,,,,,,,,,,,,,,,,,,,,,,,nan,,,,,,,,,,,,,,,
1487,-18.551122665405273,-0.0001857268944149837,-0.01857268944149837,15820.949471712112,10000,ppo,ppo,crawler,flat,dth_dth_neighbours_direct,,,,,,,,,,,,,,,0.0,0,781,0.0,0.0,,,,,,,,,,,,,,,,,,,,,,,,,,,,,,,,,,,,,,,,,,,,,,,,,,,,,,,,,,,,,,,,,,,,,,,,,,nan,,,,,,,,,,,,,,,
1488,-4.294305324554443,-4.29430183430668e-05,-0.00429430183430668,15831.834627389908,10000,ppo,ppo,crawler,flat,dth_dth_neighbours_direct,,,,,,,,,,,,,,,-0.0005949265281842705,0,781,0.0,0.0,,,,,,,,,,,,,,,,,,,,,,,,,,,,,,,,,,,,,,,,,,,,,,,,,,,,,,,,,,,,,,,,,,,,,,,,,,nan,,,,,,,,,,,,,,,
1489,12.370055198669434,0.0001235280797118321,0.01235280797118321,15843.139567375183,10000,ppo,ppo,crawler,flat,dth_dth_neighbours_direct,,,,,,,,,,,,,,,0.0,0,781,0.0,0.0,,,,,,,,,,,,,,,,,,,,,,,,,,,,,,,,,,,,,,,,,,,,,,,,,,,,,,,,,,,,,,,,,,,,,,,,,,nan,,,,,,,,,,,,,,,
1490,-18.972074508666992,-0.00018958908913191408,-0.018958908913191408,15854.152087450027,10000,ppo,ppo,crawler,flat,dth_dth_neighbours_direct,,,,,,,,,,,,,,,-1.1249826970616314e-05,0,781,0.0,0.0,,,,,,,,,,,,,,,,,,,,,,,,,,,,,,,,,,,,,,,,,,,,,,,,,,,,,,,,,,,,,,,,,,,,,,,,,,nan,,,,,,,,,,,,,,,
1491,27.01153564453125,0.0002704231592360884,0.02704231592360884,15865.33103442192,10000,ppo,ppo,crawler,flat,dth_dth_neighbours_direct,,,,,,,,,,,,,,,-0.0016228420726678283,0,781,0.0,0.0,,,,,,,,,,,,,,,,,,,,,,,,,,,,,,,,,,,,,,,,,,,,,,,,,,,,,,,,,,,,,,,,,,,,,,,,,,nan,,,,,,,,,,,,,,,
1492,9.441245079040527,9.432955994270742e-05,0.009432955994270742,15876.488392829895,10000,ppo,ppo,crawler,flat,dth_dth_neighbours_direct,,,,,,,,,,,,,,,0.0,0,781,0.0,0.0,,,,,,,,,,,,,,,,,,,,,,,,,,,,,,,,,,,,,,,,,,,,,,,,,,,,,,,,,,,,,,,,,,,,,,,,,,nan,,,,,,,,,,,,,,,
1493,21.391006469726562,0.0002142629527952522,0.02142629527952522,15887.792706727982,10000,ppo,ppo,crawler,flat,dth_dth_neighbours_direct,,,,,,,,,,,,,,,-1.990002259211412e-05,0,781,0.0,0.0,,,,,,,,,,,,,,,,,,,,,,,,,,,,,,,,,,,,,,,,,,,,,,,,,,,,,,,,,,,,,,,,,,,,,,,,,,nan,,,,,,,,,,,,,,,
1494,-14.891276359558105,-0.0001489128771936521,-0.01489128771936521,15898.556011676788,10000,ppo,ppo,crawler,flat,dth_dth_neighbours_direct,,,,,,,,,,,,,,,-0.00010031318380264864,0,781,0.0,0.0,,,,,,,,,,,,,,,,,,,,,,,,,,,,,,,,,,,,,,,,,,,,,,,,,,,,,,,,,,,,,,,,,,,,,,,,,,nan,,,,,,,,,,,,,,,
1495,0.6458191275596619,7.946977348183282e-06,0.0007946977348183282,15908.995389461517,10000,ppo,ppo,crawler,flat,dth_dth_neighbours_direct,,,,,,,,,,,,,,,0.0,0,781,0.0,0.0,,,,,,,,,,,,,,,,,,,,,,,,,,,,,,,,,,,,,,,,,,,,,,,,,,,,,,,,,,,,,,,,,,,,,,,,,,nan,,,,,,,,,,,,,,,
1496,-11.68383502960205,-0.00011642062600003555,-0.011642062600003555,15919.636917829514,10000,ppo,ppo,crawler,flat,dth_dth_neighbours_direct,,,,,,,,,,,,,,,-2.1177693419206156e-05,0,781,0.0,0.0,,,,,,,,,,,,,,,,,,,,,,,,,,,,,,,,,,,,,,,,,,,,,,,,,,,,,,,,,,,,,,,,,,,,,,,,,,nan,,,,,,,,,,,,,,,
1497,5.137743949890137,5.137741391081363e-05,0.005137741391081363,15930.495861768723,10000,ppo,ppo,crawler,flat,dth_dth_neighbours_direct,,,,,,,,,,,,,,,-1.7579510168824702e-05,0,781,0.0,0.0,,,,,,,,,,,,,,,,,,,,,,,,,,,,,,,,,,,,,,,,,,,,,,,,,,,,,,,,,,,,,,,,,,,,,,,,,,nan,,,,,,,,,,,,,,,
1498,-5.359103679656982,-5.35910548933316e-05,-0.00535910548933316,15941.007402896881,10000,ppo,ppo,crawler,flat,dth_dth_neighbours_direct,,,,,,,,,,,,,,,-3.9701614762619424e-05,0,781,0.0,0.0,,,,,,,,,,,,,,,,,,,,,,,,,,,,,,,,,,,,,,,,,,,,,,,,,,,,,,,,,,,,,,,,,,,,,,,,,,nan,,,,,,,,,,,,,,,
1499,15.564373970031738,0.00015553530829492956,0.015553530829492956,15951.825586795807,10000,ppo,ppo,crawler,flat,dth_dth_neighbours_direct,,,,,,,,,,,,,,,-0.0005344721165494028,0,781,0.0,0.0,,,,,,,,,,,,,,,,,,,,,,,,,,,,,,,,,,,,,,,,,,,,,,,,,,,,,,,,,,,,,,,,,,,,,,,,,,nan,,,,,,,,,,,,,,,
1500,13.659013748168945,0.00013806336210109293,0.013806336210109293,15962.796015501022,10000,ppo,ppo,crawler,flat,dth_dth_neighbours_direct,,,,,,,,,,,,,,,0.0,0,781,0.0,0.0,,,,,,,,,,,,,,,,,,,,,,,,,,,,,,,,,,,,,,,,,,,,,,,,,,,,,,,,,,,,,,,,,,,,,,,,,,nan,,,,,,,,,,,,,,,
