episode,reward_mean,speed_mean,speed_x100,elapsed_sec,frames_per_batch,algorithm,algorithm_family,robot,terrain,channel,actor_update_norm_mean,actor_update_clip_scale_mean,ddpg_loss_actor_mean,ddpg_loss_value_mean,ddpg_actor_grad_norm_mean,ddpg_critic_grad_norm_mean,ddpg_actor_parameter_displacement,ddpg_replay_size,ddpg_replay_transition_bytes,ddpg_exploration_sigma,ddpg_pred_q_mean,ddpg_target_q_mean,ddpg_td_error_mean,ddpg_optimizer_updates,ppo_approx_kl,ppo_early_stop,ppo_updates_completed,policy_anchor_loss,policy_anchor_coeff_effective,closure_score,circularity_score,body_omega,slip_penalty,action_smoothness_penalty,curriculum_progress,rolling_reward,tail_lift_score,tail_forward_score,head_contact_score,curl_prefix_progress,curl_order_penalty,total_signed_curvature,closure_ratio,support_margin,cumulative_rotation,rolling_gate,tail_roll_stage,tail_stage_success,tail_stage_success_rate,tail_roll_reward,fast_roll_phase,fast_roll_phase_steps,fast_roll_phase_progress,fast_roll_flip_event,fast_roll_flip_count,fast_roll_cycle_count,fast_roll_cycle_rotation,fast_roll_cycle_forward,fast_roll_support_migration,fast_roll_direction_fraction,fast_roll_motion_gate,fast_roll_reward,fast_forward_phase,fast_forward_phase_steps,fast_forward_launch_progress,fast_forward_launch_ready_steps,fast_forward_roll_progress,fast_forward_progress_delta,fast_forward_launch_event,fast_forward_event_pulse,fast_forward_event_bonus,fast_forward_event_count,fast_forward_event_rotation,fast_forward_event_forward,fast_forward_support_index,fast_forward_support_migration_nodes,fast_forward_ground_contact_strength,fast_forward_event_direction_fraction,fast_forward_episode_direction_fraction,fast_forward_event_steps,fast_forward_progress_age,fast_forward_stall_penalty,fast_forward_reverse_rotation_penalty,fast_forward_backward_penalty,effort_penalty,scratch_wr_v2_z0_lift_ratio,scratch_wr_v2_z0_forward_ratio,scratch_wr_v2_z0_curl_ratio,scratch_wr_v2_z0_sync_score,scratch_wr_v2_z0_candidate_mask,scratch_wr_v2_z0_active,scratch_wr_v2_z0_penalty_scale,scratch_wr_v2_z0_dense_reward,scratch_wr_v2_progress_delta,fast_forward_reward,wave_amplitude,wave_center,wave_width,wave_hold,wave_kp,wave_kd,scratch_wr_stage_id,scratch_wr_learning_rate,scratch_wr_alpha,scratch_wr_wave_torque_rms,scratch_wr_residual_torque_rms,scratch_wr_applied_residual_torque_rms,scratch_wr_total_torque_rms,scratch_wr_torque_clip_fraction,scratch_wr_residual_saturation_fraction,scratch_wr_v2_wave_ema_beta,scratch_wr_v2_wave_filter_delta_rms,scratch_wr_v2_applied_wave_amplitude,scratch_wr_v2_applied_wave_center,scratch_wr_v2_applied_wave_width,scratch_wr_v2_applied_wave_hold,scratch_wr_v2_applied_wave_kp,scratch_wr_v2_applied_wave_kd
1,1.400583267211914,1.4175286196405068e-05,0.0014175286196405068,8.341077089309692,10000,ppo,ppo,crawler,flat,action_dth_tot_plus_friction_thdot_formula,,,,,,,,,,,,,,,0.011474323660199662,0,781,0.0,0.0,,,,,,,,,,,,,,,,,,,,,,,,,,,,,,,,,,,,,,,,,,,,,,,,,,,,,,,,,,,,,,,,,,,,,,,,,,nan,,,,,,,,,,,,,,,
2,-11.699296951293945,-0.00011531956261023879,-0.011531956261023879,16.15798306465149,10000,ppo,ppo,crawler,flat,action_dth_tot_plus_friction_thdot_formula,,,,,,,,,,,,,,,0.0073526847996378125,0,781,0.0,0.0,,,,,,,,,,,,,,,,,,,,,,,,,,,,,,,,,,,,,,,,,,,,,,,,,,,,,,,,,,,,,,,,,,,,,,,,,,nan,,,,,,,,,,,,,,,
3,-33.77532196044922,-0.0003371356287971139,-0.03371356287971139,24.19595694541931,10000,ppo,ppo,crawler,flat,action_dth_tot_plus_friction_thdot_formula,,,,,,,,,,,,,,,0.005517686889077586,0,781,0.0,0.0,,,,,,,,,,,,,,,,,,,,,,,,,,,,,,,,,,,,,,,,,,,,,,,,,,,,,,,,,,,,,,,,,,,,,,,,,,nan,,,,,,,,,,,,,,,
4,-9.936115264892578,-0.00010001779446611181,-0.010001779446611181,32.14414095878601,10000,ppo,ppo,crawler,flat,action_dth_tot_plus_friction_thdot_formula,,,,,,,,,,,,,,,0.003955282335301978,0,781,0.0,0.0,,,,,,,,,,,,,,,,,,,,,,,,,,,,,,,,,,,,,,,,,,,,,,,,,,,,,,,,,,,,,,,,,,,,,,,,,,nan,,,,,,,,,,,,,,,
5,-2.556936740875244,-2.6070105377584696e-05,-0.0026070105377584696,40.02174377441406,10000,ppo,ppo,crawler,flat,action_dth_tot_plus_friction_thdot_formula,,,,,,,,,,,,,,,0.002987946911921269,0,781,0.0,0.0,,,,,,,,,,,,,,,,,,,,,,,,,,,,,,,,,,,,,,,,,,,,,,,,,,,,,,,,,,,,,,,,,,,,,,,,,,nan,,,,,,,,,,,,,,,
6,5.779055118560791,5.681070979335345e-05,0.005681070979335345,47.96613788604736,10000,ppo,ppo,crawler,flat,action_dth_tot_plus_friction_thdot_formula,,,,,,,,,,,,,,,0.003122273783519072,0,781,0.0,0.0,,,,,,,,,,,,,,,,,,,,,,,,,,,,,,,,,,,,,,,,,,,,,,,,,,,,,,,,,,,,,,,,,,,,,,,,,,nan,,,,,,,,,,,,,,,
7,41.322357177734375,0.00041083688847720623,0.04108368884772062,55.790733098983765,10000,ppo,ppo,crawler,flat,action_dth_tot_plus_friction_thdot_formula,,,,,,,,,,,,,,,0.003650888762909027,0,781,0.0,0.0,,,,,,,,,,,,,,,,,,,,,,,,,,,,,,,,,,,,,,,,,,,,,,,,,,,,,,,,,,,,,,,,,,,,,,,,,,nan,,,,,,,,,,,,,,,
8,78.7700424194336,0.0007865381194278598,0.07865381194278598,63.67048263549805,10000,ppo,ppo,crawler,flat,action_dth_tot_plus_friction_thdot_formula,,,,,,,,,,,,,,,0.0034594692234081073,0,781,0.0,0.0,,,,,,,,,,,,,,,,,,,,,,,,,,,,,,,,,,,,,,,,,,,,,,,,,,,,,,,,,,,,,,,,,,,,,,,,,,nan,,,,,,,,,,,,,,,
9,82.44139862060547,0.0008247307850979269,0.08247307850979269,71.50617337226868,10000,ppo,ppo,crawler,flat,action_dth_tot_plus_friction_thdot_formula,,,,,,,,,,,,,,,0.003859666560415212,0,781,0.0,0.0,,,,,,,,,,,,,,,,,,,,,,,,,,,,,,,,,,,,,,,,,,,,,,,,,,,,,,,,,,,,,,,,,,,,,,,,,,nan,,,,,,,,,,,,,,,
10,64.7811050415039,0.0006473083049058914,0.06473083049058914,79.47889542579651,10000,ppo,ppo,crawler,flat,action_dth_tot_plus_friction_thdot_formula,,,,,,,,,,,,,,,0.002228203130034532,0,781,0.0,0.0,,,,,,,,,,,,,,,,,,,,,,,,,,,,,,,,,,,,,,,,,,,,,,,,,,,,,,,,,,,,,,,,,,,,,,,,,,nan,,,,,,,,,,,,,,,
11,142.84056091308594,0.001428237184882164,0.1428237184882164,87.37204647064209,10000,ppo,ppo,crawler,flat,action_dth_tot_plus_friction_thdot_formula,,,,,,,,,,,,,,,0.003171262406432827,0,781,0.0,0.0,,,,,,,,,,,,,,,,,,,,,,,,,,,,,,,,,,,,,,,,,,,,,,,,,,,,,,,,,,,,,,,,,,,,,,,,,,nan,,,,,,,,,,,,,,,
12,121.04570770263672,0.001207664841786027,0.1207664841786027,95.3641402721405,10000,ppo,ppo,crawler,flat,action_dth_tot_plus_friction_thdot_formula,,,,,,,,,,,,,,,0.0025023269831058637,0,781,0.0,0.0,,,,,,,,,,,,,,,,,,,,,,,,,,,,,,,,,,,,,,,,,,,,,,,,,,,,,,,,,,,,,,,,,,,,,,,,,,nan,,,,,,,,,,,,,,,
13,108.7644271850586,0.0010873430874198675,0.10873430874198675,102.94959735870361,10000,ppo,ppo,crawler,flat,action_dth_tot_plus_friction_thdot_formula,,,,,,,,,,,,,,,0.002538112149139802,0,781,0.0,0.0,,,,,,,,,,,,,,,,,,,,,,,,,,,,,,,,,,,,,,,,,,,,,,,,,,,,,,,,,,,,,,,,,,,,,,,,,,nan,,,,,,,,,,,,,,,
14,99.31550598144531,0.000991741195321083,0.0991741195321083,110.75867819786072,10000,ppo,ppo,crawler,flat,action_dth_tot_plus_friction_thdot_formula,,,,,,,,,,,,,,,0.003501763053819127,0,781,0.0,0.0,,,,,,,,,,,,,,,,,,,,,,,,,,,,,,,,,,,,,,,,,,,,,,,,,,,,,,,,,,,,,,,,,,,,,,,,,,nan,,,,,,,,,,,,,,,
15,79.62908172607422,0.0007972422172315419,0.07972422172315419,118.70292043685913,10000,ppo,ppo,crawler,flat,action_dth_tot_plus_friction_thdot_formula,,,,,,,,,,,,,,,0.002941697183936815,0,781,0.0,0.0,,,,,,,,,,,,,,,,,,,,,,,,,,,,,,,,,,,,,,,,,,,,,,,,,,,,,,,,,,,,,,,,,,,,,,,,,,nan,,,,,,,,,,,,,,,
16,175.8328094482422,0.0017565784510225058,0.17565784510225058,126.47614932060242,10000,ppo,ppo,crawler,flat,action_dth_tot_plus_friction_thdot_formula,,,,,,,,,,,,,,,0.0032922595992169214,0,781,0.0,0.0,,,,,,,,,,,,,,,,,,,,,,,,,,,,,,,,,,,,,,,,,,,,,,,,,,,,,,,,,,,,,,,,,,,,,,,,,,nan,,,,,,,,,,,,,,,
17,159.1604461669922,0.0015893981326371431,0.1589398132637143,134.34366512298584,10000,ppo,ppo,crawler,flat,action_dth_tot_plus_friction_thdot_formula,,,,,,,,,,,,,,,0.002685300011316579,0,781,0.0,0.0,,,,,,,,,,,,,,,,,,,,,,,,,,,,,,,,,,,,,,,,,,,,,,,,,,,,,,,,,,,,,,,,,,,,,,,,,,nan,,,,,,,,,,,,,,,
18,192.83273315429688,0.0019277924438938498,0.19277924438938498,142.11596035957336,10000,ppo,ppo,crawler,flat,action_dth_tot_plus_friction_thdot_formula,,,,,,,,,,,,,,,0.002664692866110342,0,781,0.0,0.0,,,,,,,,,,,,,,,,,,,,,,,,,,,,,,,,,,,,,,,,,,,,,,,,,,,,,,,,,,,,,,,,,,,,,,,,,,nan,,,,,,,,,,,,,,,
19,161.8806915283203,0.0016169557347893715,0.16169557347893715,150.1829776763916,10000,ppo,ppo,crawler,flat,action_dth_tot_plus_friction_thdot_formula,,,,,,,,,,,,,,,0.0028126495464009717,0,781,0.0,0.0,,,,,,,,,,,,,,,,,,,,,,,,,,,,,,,,,,,,,,,,,,,,,,,,,,,,,,,,,,,,,,,,,,,,,,,,,,nan,,,,,,,,,,,,,,,
20,210.3872528076172,0.0021029699128121138,0.21029699128121138,158.07513308525085,10000,ppo,ppo,crawler,flat,action_dth_tot_plus_friction_thdot_formula,,,,,,,,,,,,,,,0.0027563275461396377,0,781,0.0,0.0,,,,,,,,,,,,,,,,,,,,,,,,,,,,,,,,,,,,,,,,,,,,,,,,,,,,,,,,,,,,,,,,,,,,,,,,,,nan,,,,,,,,,,,,,,,
21,173.0444793701172,0.0017280385363847017,0.17280385363847017,166.10713624954224,10000,ppo,ppo,crawler,flat,action_dth_tot_plus_friction_thdot_formula,,,,,,,,,,,,,,,0.002939214846763221,0,781,0.0,0.0,,,,,,,,,,,,,,,,,,,,,,,,,,,,,,,,,,,,,,,,,,,,,,,,,,,,,,,,,,,,,,,,,,,,,,,,,,nan,,,,,,,,,,,,,,,
22,206.08897399902344,0.002059001475572586,0.2059001475572586,174.22617959976196,10000,ppo,ppo,crawler,flat,action_dth_tot_plus_friction_thdot_formula,,,,,,,,,,,,,,,0.0026594475648042755,0,781,0.0,0.0,,,,,,,,,,,,,,,,,,,,,,,,,,,,,,,,,,,,,,,,,,,,,,,,,,,,,,,,,,,,,,,,,,,,,,,,,,nan,,,,,,,,,,,,,,,
23,239.22866821289062,0.002390548586845398,0.2390548586845398,182.01074695587158,10000,ppo,ppo,crawler,flat,action_dth_tot_plus_friction_thdot_formula,,,,,,,,,,,,,,,0.0026557905301058168,0,781,0.0,0.0,,,,,,,,,,,,,,,,,,,,,,,,,,,,,,,,,,,,,,,,,,,,,,,,,,,,,,,,,,,,,,,,,,,,,,,,,,nan,,,,,,,,,,,,,,,
24,265.5389404296875,0.0026550432667136192,0.2655043266713619,189.8556318283081,10000,ppo,ppo,crawler,flat,action_dth_tot_plus_friction_thdot_formula,,,,,,,,,,,,,,,0.002294177106890479,0,781,0.0,0.0,,,,,,,,,,,,,,,,,,,,,,,,,,,,,,,,,,,,,,,,,,,,,,,,,,,,,,,,,,,,,,,,,,,,,,,,,,nan,,,,,,,,,,,,,,,
25,297.3504333496094,0.002970183966681361,0.2970183966681361,197.80086731910706,10000,ppo,ppo,crawler,flat,action_dth_tot_plus_friction_thdot_formula,,,,,,,,,,,,,,,0.0031588359803131874,0,781,0.0,0.0,,,,,,,,,,,,,,,,,,,,,,,,,,,,,,,,,,,,,,,,,,,,,,,,,,,,,,,,,,,,,,,,,,,,,,,,,,nan,,,,,,,,,,,,,,,
26,287.17822265625,0.0028694963548332453,0.2869496354833245,205.70669317245483,10000,ppo,ppo,crawler,flat,action_dth_tot_plus_friction_thdot_formula,,,,,,,,,,,,,,,0.002999282263311177,0,781,0.0,0.0,,,,,,,,,,,,,,,,,,,,,,,,,,,,,,,,,,,,,,,,,,,,,,,,,,,,,,,,,,,,,,,,,,,,,,,,,,nan,,,,,,,,,,,,,,,
27,289.150146484375,0.0028886934742331505,0.28886934742331505,213.63052582740784,10000,ppo,ppo,crawler,flat,action_dth_tot_plus_friction_thdot_formula,,,,,,,,,,,,,,,0.0032609600845662336,0,781,0.0,0.0,,,,,,,,,,,,,,,,,,,,,,,,,,,,,,,,,,,,,,,,,,,,,,,,,,,,,,,,,,,,,,,,,,,,,,,,,,nan,,,,,,,,,,,,,,,
28,321.54022216796875,0.003212493844330311,0.3212493844330311,221.46814632415771,10000,ppo,ppo,crawler,flat,action_dth_tot_plus_friction_thdot_formula,,,,,,,,,,,,,,,0.0027945775755713292,0,781,0.0,0.0,,,,,,,,,,,,,,,,,,,,,,,,,,,,,,,,,,,,,,,,,,,,,,,,,,,,,,,,,,,,,,,,,,,,,,,,,,nan,,,,,,,,,,,,,,,
29,321.7750244140625,0.0032169295009225607,0.32169295009225607,229.77025032043457,10000,ppo,ppo,crawler,flat,action_dth_tot_plus_friction_thdot_formula,,,,,,,,,,,,,,,0.0029347274133013786,0,781,0.0,0.0,,,,,,,,,,,,,,,,,,,,,,,,,,,,,,,,,,,,,,,,,,,,,,,,,,,,,,,,,,,,,,,,,,,,,,,,,,nan,,,,,,,,,,,,,,,
30,348.2801208496094,0.003479844657704234,0.3479844657704234,237.50203776359558,10000,ppo,ppo,crawler,flat,action_dth_tot_plus_friction_thdot_formula,,,,,,,,,,,,,,,0.0025495599212855932,0,781,0.0,0.0,,,,,,,,,,,,,,,,,,,,,,,,,,,,,,,,,,,,,,,,,,,,,,,,,,,,,,,,,,,,,,,,,,,,,,,,,,nan,,,,,,,,,,,,,,,
31,334.14385986328125,0.003338294103741646,0.3338294103741646,245.2849724292755,10000,ppo,ppo,crawler,flat,action_dth_tot_plus_friction_thdot_formula,,,,,,,,,,,,,,,0.0024901453044746075,0,781,0.0,0.0,,,,,,,,,,,,,,,,,,,,,,,,,,,,,,,,,,,,,,,,,,,,,,,,,,,,,,,,,,,,,,,,,,,,,,,,,,nan,,,,,,,,,,,,,,,
32,438.3382873535156,0.004377869889140129,0.4377869889140129,253.3595893383026,10000,ppo,ppo,crawler,flat,action_dth_tot_plus_friction_thdot_formula,,,,,,,,,,,,,,,0.002994494114390714,0,781,0.0,0.0,,,,,,,,,,,,,,,,,,,,,,,,,,,,,,,,,,,,,,,,,,,,,,,,,,,,,,,,,,,,,,,,,,,,,,,,,,nan,,,,,,,,,,,,,,,
33,429.10870361328125,0.004285526927560568,0.4285526927560568,261.2977874279022,10000,ppo,ppo,crawler,flat,action_dth_tot_plus_friction_thdot_formula,,,,,,,,,,,,,,,0.004103729474908588,0,781,0.0,0.0,,,,,,,,,,,,,,,,,,,,,,,,,,,,,,,,,,,,,,,,,,,,,,,,,,,,,,,,,,,,,,,,,,,,,,,,,,nan,,,,,,,,,,,,,,,
34,450.46685791015625,0.00450128223747015,0.450128223747015,269.1592118740082,10000,ppo,ppo,crawler,flat,action_dth_tot_plus_friction_thdot_formula,,,,,,,,,,,,,,,0.003167064707006582,0,781,0.0,0.0,,,,,,,,,,,,,,,,,,,,,,,,,,,,,,,,,,,,,,,,,,,,,,,,,,,,,,,,,,,,,,,,,,,,,,,,,,nan,,,,,,,,,,,,,,,
35,448.0503845214844,0.004474779590964317,0.44747795909643173,277.2339012622833,10000,ppo,ppo,crawler,flat,action_dth_tot_plus_friction_thdot_formula,,,,,,,,,,,,,,,0.002646590930930841,0,781,0.0,0.0,,,,,,,,,,,,,,,,,,,,,,,,,,,,,,,,,,,,,,,,,,,,,,,,,,,,,,,,,,,,,,,,,,,,,,,,,,nan,,,,,,,,,,,,,,,
36,463.5788269042969,0.0046320511028170586,0.46320511028170586,285.35552430152893,10000,ppo,ppo,crawler,flat,action_dth_tot_plus_friction_thdot_formula,,,,,,,,,,,,,,,0.0027177257628940884,0,781,0.0,0.0,,,,,,,,,,,,,,,,,,,,,,,,,,,,,,,,,,,,,,,,,,,,,,,,,,,,,,,,,,,,,,,,,,,,,,,,,,nan,,,,,,,,,,,,,,,
37,457.2160339355469,0.00456802174448967,0.456802174448967,293.3128342628479,10000,ppo,ppo,crawler,flat,action_dth_tot_plus_friction_thdot_formula,,,,,,,,,,,,,,,0.0031270623659040114,0,781,0.0,0.0,,,,,,,,,,,,,,,,,,,,,,,,,,,,,,,,,,,,,,,,,,,,,,,,,,,,,,,,,,,,,,,,,,,,,,,,,,nan,,,,,,,,,,,,,,,
38,449.45806884765625,0.004489686340093613,0.44896863400936127,301.7102289199829,10000,ppo,ppo,crawler,flat,action_dth_tot_plus_friction_thdot_formula,,,,,,,,,,,,,,,0.003096798412271068,0,781,0.0,0.0,,,,,,,,,,,,,,,,,,,,,,,,,,,,,,,,,,,,,,,,,,,,,,,,,,,,,,,,,,,,,,,,,,,,,,,,,,nan,,,,,,,,,,,,,,,
39,466.5031433105469,0.004661631304770708,0.4661631304770708,309.8271200656891,10000,ppo,ppo,crawler,flat,action_dth_tot_plus_friction_thdot_formula,,,,,,,,,,,,,,,0.0029310075134347776,0,781,0.0,0.0,,,,,,,,,,,,,,,,,,,,,,,,,,,,,,,,,,,,,,,,,,,,,,,,,,,,,,,,,,,,,,,,,,,,,,,,,,nan,,,,,,,,,,,,,,,
40,495.2052917480469,0.004945463966578245,0.4945463966578245,317.76140880584717,10000,ppo,ppo,crawler,flat,action_dth_tot_plus_friction_thdot_formula,,,,,,,,,,,,,,,0.0034064553377979342,0,781,0.0,0.0,,,,,,,,,,,,,,,,,,,,,,,,,,,,,,,,,,,,,,,,,,,,,,,,,,,,,,,,,,,,,,,,,,,,,,,,,,nan,,,,,,,,,,,,,,,
41,468.75732421875,0.00468571437522769,0.468571437522769,326.0435516834259,10000,ppo,ppo,crawler,flat,action_dth_tot_plus_friction_thdot_formula,,,,,,,,,,,,,,,0.0030330455392896033,0,781,0.0,0.0,,,,,,,,,,,,,,,,,,,,,,,,,,,,,,,,,,,,,,,,,,,,,,,,,,,,,,,,,,,,,,,,,,,,,,,,,,nan,,,,,,,,,,,,,,,
42,473.5551452636719,0.004730489104986191,0.4730489104986191,333.9766776561737,10000,ppo,ppo,crawler,flat,action_dth_tot_plus_friction_thdot_formula,,,,,,,,,,,,,,,0.002522603843734384,0,781,0.0,0.0,,,,,,,,,,,,,,,,,,,,,,,,,,,,,,,,,,,,,,,,,,,,,,,,,,,,,,,,,,,,,,,,,,,,,,,,,,nan,,,,,,,,,,,,,,,
43,465.1514587402344,0.004645620938390493,0.46456209383904934,341.9322464466095,10000,ppo,ppo,crawler,flat,action_dth_tot_plus_friction_thdot_formula,,,,,,,,,,,,,,,0.0034858683601845172,0,781,0.0,0.0,,,,,,,,,,,,,,,,,,,,,,,,,,,,,,,,,,,,,,,,,,,,,,,,,,,,,,,,,,,,,,,,,,,,,,,,,,nan,,,,,,,,,,,,,,,
44,591.1383666992188,0.005904472898691893,0.5904472898691893,349.8669867515564,10000,ppo,ppo,crawler,flat,action_dth_tot_plus_friction_thdot_formula,,,,,,,,,,,,,,,0.0033344910663797634,0,781,0.0,0.0,,,,,,,,,,,,,,,,,,,,,,,,,,,,,,,,,,,,,,,,,,,,,,,,,,,,,,,,,,,,,,,,,,,,,,,,,,nan,,,,,,,,,,,,,,,
45,588.5817260742188,0.005878101568669081,0.5878101568669081,358.03122997283936,10000,ppo,ppo,crawler,flat,action_dth_tot_plus_friction_thdot_formula,,,,,,,,,,,,,,,0.0038194136586229264,0,781,0.0,0.0,,,,,,,,,,,,,,,,,,,,,,,,,,,,,,,,,,,,,,,,,,,,,,,,,,,,,,,,,,,,,,,,,,,,,,,,,,nan,,,,,,,,,,,,,,,
46,528.467529296875,0.005281860940158367,0.5281860940158367,366.04497957229614,10000,ppo,ppo,crawler,flat,action_dth_tot_plus_friction_thdot_formula,,,,,,,,,,,,,,,0.003117495787848102,0,781,0.0,0.0,,,,,,,,,,,,,,,,,,,,,,,,,,,,,,,,,,,,,,,,,,,,,,,,,,,,,,,,,,,,,,,,,,,,,,,,,,nan,,,,,,,,,,,,,,,
47,530.7117919921875,0.005302258301526308,0.5302258301526308,374.0237536430359,10000,ppo,ppo,crawler,flat,action_dth_tot_plus_friction_thdot_formula,,,,,,,,,,,,,,,0.003498612446527124,0,781,0.0,0.0,,,,,,,,,,,,,,,,,,,,,,,,,,,,,,,,,,,,,,,,,,,,,,,,,,,,,,,,,,,,,,,,,,,,,,,,,,nan,,,,,,,,,,,,,,,
48,636.335693359375,0.006356031633913517,0.6356031633913517,381.930002450943,10000,ppo,ppo,crawler,flat,action_dth_tot_plus_friction_thdot_formula,,,,,,,,,,,,,,,0.0025572808361096514,0,781,0.0,0.0,,,,,,,,,,,,,,,,,,,,,,,,,,,,,,,,,,,,,,,,,,,,,,,,,,,,,,,,,,,,,,,,,,,,,,,,,,nan,,,,,,,,,,,,,,,
49,672.6400756835938,0.006717944052070379,0.6717944052070379,389.8608555793762,10000,ppo,ppo,crawler,flat,action_dth_tot_plus_friction_thdot_formula,,,,,,,,,,,,,,,0.00281179621027903,0,781,0.0,0.0,,,,,,,,,,,,,,,,,,,,,,,,,,,,,,,,,,,,,,,,,,,,,,,,,,,,,,,,,,,,,,,,,,,,,,,,,,nan,,,,,,,,,,,,,,,
50,574.3109130859375,0.0057362462393939495,0.573624623939395,397.7993838787079,10000,ppo,ppo,crawler,flat,action_dth_tot_plus_friction_thdot_formula,,,,,,,,,,,,,,,0.002374785550741512,0,781,0.0,0.0,,,,,,,,,,,,,,,,,,,,,,,,,,,,,,,,,,,,,,,,,,,,,,,,,,,,,,,,,,,,,,,,,,,,,,,,,,nan,,,,,,,,,,,,,,,
51,666.814453125,0.006661819294095039,0.6661819294095039,405.80299854278564,10000,ppo,ppo,crawler,flat,action_dth_tot_plus_friction_thdot_formula,,,,,,,,,,,,,,,0.0030019533708357704,0,781,0.0,0.0,,,,,,,,,,,,,,,,,,,,,,,,,,,,,,,,,,,,,,,,,,,,,,,,,,,,,,,,,,,,,,,,,,,,,,,,,,nan,,,,,,,,,,,,,,,
52,614.8359375,0.0061391605995595455,0.6139160599559546,413.70300674438477,10000,ppo,ppo,crawler,flat,action_dth_tot_plus_friction_thdot_formula,,,,,,,,,,,,,,,0.0031064049199252732,0,781,0.0,0.0,,,,,,,,,,,,,,,,,,,,,,,,,,,,,,,,,,,,,,,,,,,,,,,,,,,,,,,,,,,,,,,,,,,,,,,,,,nan,,,,,,,,,,,,,,,
53,559.7360229492188,0.005589860957115889,0.5589860957115889,421.52596616744995,10000,ppo,ppo,crawler,flat,action_dth_tot_plus_friction_thdot_formula,,,,,,,,,,,,,,,0.0026842371160259873,0,781,0.0,0.0,,,,,,,,,,,,,,,,,,,,,,,,,,,,,,,,,,,,,,,,,,,,,,,,,,,,,,,,,,,,,,,,,,,,,,,,,,nan,,,,,,,,,,,,,,,
54,595.0064697265625,0.005943227559328079,0.5943227559328079,429.72161841392517,10000,ppo,ppo,crawler,flat,action_dth_tot_plus_friction_thdot_formula,,,,,,,,,,,,,,,0.0031124894821669947,0,781,0.0,0.0,,,,,,,,,,,,,,,,,,,,,,,,,,,,,,,,,,,,,,,,,,,,,,,,,,,,,,,,,,,,,,,,,,,,,,,,,,nan,,,,,,,,,,,,,,,
55,567.9287109375,0.005673677660524845,0.5673677660524845,437.7340226173401,10000,ppo,ppo,crawler,flat,action_dth_tot_plus_friction_thdot_formula,,,,,,,,,,,,,,,0.002639733605832398,0,781,0.0,0.0,,,,,,,,,,,,,,,,,,,,,,,,,,,,,,,,,,,,,,,,,,,,,,,,,,,,,,,,,,,,,,,,,,,,,,,,,,nan,,,,,,,,,,,,,,,
56,652.7843627929688,0.006521429400891066,0.6521429400891066,445.6461465358734,10000,ppo,ppo,crawler,flat,action_dth_tot_plus_friction_thdot_formula,,,,,,,,,,,,,,,0.0026374373225156555,0,781,0.0,0.0,,,,,,,,,,,,,,,,,,,,,,,,,,,,,,,,,,,,,,,,,,,,,,,,,,,,,,,,,,,,,,,,,,,,,,,,,,nan,,,,,,,,,,,,,,,
57,631.8643188476562,0.00631259148940444,0.631259148940444,453.63254833221436,10000,ppo,ppo,crawler,flat,action_dth_tot_plus_friction_thdot_formula,,,,,,,,,,,,,,,0.0025777903059914843,0,781,0.0,0.0,,,,,,,,,,,,,,,,,,,,,,,,,,,,,,,,,,,,,,,,,,,,,,,,,,,,,,,,,,,,,,,,,,,,,,,,,,nan,,,,,,,,,,,,,,,
58,713.0629272460938,0.007127027492970228,0.7127027492970228,461.7193305492401,10000,ppo,ppo,crawler,flat,action_dth_tot_plus_friction_thdot_formula,,,,,,,,,,,,,,,0.002649715336987083,0,781,0.0,0.0,,,,,,,,,,,,,,,,,,,,,,,,,,,,,,,,,,,,,,,,,,,,,,,,,,,,,,,,,,,,,,,,,,,,,,,,,,nan,,,,,,,,,,,,,,,
59,704.1561889648438,0.007032574154436588,0.7032574154436588,469.63969588279724,10000,ppo,ppo,crawler,flat,action_dth_tot_plus_friction_thdot_formula,,,,,,,,,,,,,,,0.0026375346663321526,0,781,0.0,0.0,,,,,,,,,,,,,,,,,,,,,,,,,,,,,,,,,,,,,,,,,,,,,,,,,,,,,,,,,,,,,,,,,,,,,,,,,,nan,,,,,,,,,,,,,,,
60,752.9461059570312,0.007522288244217634,0.7522288244217634,477.6972758769989,10000,ppo,ppo,crawler,flat,action_dth_tot_plus_friction_thdot_formula,,,,,,,,,,,,,,,0.0030774142869724923,0,781,0.0,0.0,,,,,,,,,,,,,,,,,,,,,,,,,,,,,,,,,,,,,,,,,,,,,,,,,,,,,,,,,,,,,,,,,,,,,,,,,,nan,,,,,,,,,,,,,,,
61,701.8318481445312,0.007007947191596031,0.7007947191596031,485.6594486236572,10000,ppo,ppo,crawler,flat,action_dth_tot_plus_friction_thdot_formula,,,,,,,,,,,,,,,0.0030038828852216185,0,781,0.0,0.0,,,,,,,,,,,,,,,,,,,,,,,,,,,,,,,,,,,,,,,,,,,,,,,,,,,,,,,,,,,,,,,,,,,,,,,,,,nan,,,,,,,,,,,,,,,
62,795.8380126953125,0.007949485443532467,0.7949485443532467,493.6540024280548,10000,ppo,ppo,crawler,flat,action_dth_tot_plus_friction_thdot_formula,,,,,,,,,,,,,,,0.003248774518430884,0,781,0.0,0.0,,,,,,,,,,,,,,,,,,,,,,,,,,,,,,,,,,,,,,,,,,,,,,,,,,,,,,,,,,,,,,,,,,,,,,,,,,nan,,,,,,,,,,,,,,,
63,603.0726928710938,0.006023954134434462,0.6023954134434462,501.69417095184326,10000,ppo,ppo,crawler,flat,action_dth_tot_plus_friction_thdot_formula,,,,,,,,,,,,,,,0.003360030958062293,0,781,0.0,0.0,,,,,,,,,,,,,,,,,,,,,,,,,,,,,,,,,,,,,,,,,,,,,,,,,,,,,,,,,,,,,,,,,,,,,,,,,,nan,,,,,,,,,,,,,,,
64,668.5458984375,0.006680652499198914,0.6680652499198914,509.604736328125,10000,ppo,ppo,crawler,flat,action_dth_tot_plus_friction_thdot_formula,,,,,,,,,,,,,,,0.003183250639691386,0,781,0.0,0.0,,,,,,,,,,,,,,,,,,,,,,,,,,,,,,,,,,,,,,,,,,,,,,,,,,,,,,,,,,,,,,,,,,,,,,,,,,nan,,,,,,,,,,,,,,,
65,680.606689453125,0.006797767244279385,0.6797767244279385,517.3176920413971,10000,ppo,ppo,crawler,flat,action_dth_tot_plus_friction_thdot_formula,,,,,,,,,,,,,,,0.002961682892304925,0,781,0.0,0.0,,,,,,,,,,,,,,,,,,,,,,,,,,,,,,,,,,,,,,,,,,,,,,,,,,,,,,,,,,,,,,,,,,,,,,,,,,nan,,,,,,,,,,,,,,,
66,753.1807250976562,0.007520091254264116,0.7520091254264116,525.2494058609009,10000,ppo,ppo,crawler,flat,action_dth_tot_plus_friction_thdot_formula,,,,,,,,,,,,,,,0.0036455789864079362,0,781,0.0,0.0,,,,,,,,,,,,,,,,,,,,,,,,,,,,,,,,,,,,,,,,,,,,,,,,,,,,,,,,,,,,,,,,,,,,,,,,,,nan,,,,,,,,,,,,,,,
67,706.7776489257812,0.007060191128402948,0.7060191128402948,533.4632427692413,10000,ppo,ppo,crawler,flat,action_dth_tot_plus_friction_thdot_formula,,,,,,,,,,,,,,,0.003461958955190527,0,781,0.0,0.0,,,,,,,,,,,,,,,,,,,,,,,,,,,,,,,,,,,,,,,,,,,,,,,,,,,,,,,,,,,,,,,,,,,,,,,,,,nan,,,,,,,,,,,,,,,
68,764.6115112304688,0.007638558745384216,0.7638558745384216,541.4200923442841,10000,ppo,ppo,crawler,flat,action_dth_tot_plus_friction_thdot_formula,,,,,,,,,,,,,,,0.0036721423290453485,0,781,0.0,0.0,,,,,,,,,,,,,,,,,,,,,,,,,,,,,,,,,,,,,,,,,,,,,,,,,,,,,,,,,,,,,,,,,,,,,,,,,,nan,,,,,,,,,,,,,,,
69,752.1891479492188,0.007515480741858482,0.7515480741858482,549.3232944011688,10000,ppo,ppo,crawler,flat,action_dth_tot_plus_friction_thdot_formula,,,,,,,,,,,,,,,0.0032894495767991387,0,781,0.0,0.0,,,,,,,,,,,,,,,,,,,,,,,,,,,,,,,,,,,,,,,,,,,,,,,,,,,,,,,,,,,,,,,,,,,,,,,,,,nan,,,,,,,,,,,,,,,
70,723.6848754882812,0.0072302320040762424,0.7230232004076242,557.135326385498,10000,ppo,ppo,crawler,flat,action_dth_tot_plus_friction_thdot_formula,,,,,,,,,,,,,,,0.003102897337346282,0,781,0.0,0.0,,,,,,,,,,,,,,,,,,,,,,,,,,,,,,,,,,,,,,,,,,,,,,,,,,,,,,,,,,,,,,,,,,,,,,,,,,nan,,,,,,,,,,,,,,,
71,794.7433471679688,0.007944896817207336,0.7944896817207336,565.3399138450623,10000,ppo,ppo,crawler,flat,action_dth_tot_plus_friction_thdot_formula,,,,,,,,,,,,,,,0.0032903064157403577,0,781,0.0,0.0,,,,,,,,,,,,,,,,,,,,,,,,,,,,,,,,,,,,,,,,,,,,,,,,,,,,,,,,,,,,,,,,,,,,,,,,,,nan,,,,,,,,,,,,,,,
72,889.1425170898438,0.00888566579669714,0.888566579669714,573.4487800598145,10000,ppo,ppo,crawler,flat,action_dth_tot_plus_friction_thdot_formula,,,,,,,,,,,,,,,0.0026701358345959684,0,781,0.0,0.0,,,,,,,,,,,,,,,,,,,,,,,,,,,,,,,,,,,,,,,,,,,,,,,,,,,,,,,,,,,,,,,,,,,,,,,,,,nan,,,,,,,,,,,,,,,
73,806.7267456054688,0.008061911910772324,0.8061911910772324,581.4224944114685,10000,ppo,ppo,crawler,flat,action_dth_tot_plus_friction_thdot_formula,,,,,,,,,,,,,,,0.002884989835582161,0,781,0.0,0.0,,,,,,,,,,,,,,,,,,,,,,,,,,,,,,,,,,,,,,,,,,,,,,,,,,,,,,,,,,,,,,,,,,,,,,,,,,nan,,,,,,,,,,,,,,,
74,727.3115234375,0.007263586390763521,0.7263586390763521,589.5952696800232,10000,ppo,ppo,crawler,flat,action_dth_tot_plus_friction_thdot_formula,,,,,,,,,,,,,,,0.0033169470576670202,0,781,0.0,0.0,,,,,,,,,,,,,,,,,,,,,,,,,,,,,,,,,,,,,,,,,,,,,,,,,,,,,,,,,,,,,,,,,,,,,,,,,,nan,,,,,,,,,,,,,,,
75,877.0191650390625,0.008757621981203556,0.8757621981203556,597.8485238552094,10000,ppo,ppo,crawler,flat,action_dth_tot_plus_friction_thdot_formula,,,,,,,,,,,,,,,0.002710869822146731,0,781,0.0,0.0,,,,,,,,,,,,,,,,,,,,,,,,,,,,,,,,,,,,,,,,,,,,,,,,,,,,,,,,,,,,,,,,,,,,,,,,,,nan,,,,,,,,,,,,,,,
76,804.4090576171875,0.008030655793845654,0.8030655793845654,605.9824478626251,10000,ppo,ppo,crawler,flat,action_dth_tot_plus_friction_thdot_formula,,,,,,,,,,,,,,,0.0032088927157797402,0,781,0.0,0.0,,,,,,,,,,,,,,,,,,,,,,,,,,,,,,,,,,,,,,,,,,,,,,,,,,,,,,,,,,,,,,,,,,,,,,,,,,nan,,,,,,,,,,,,,,,
77,836.8259887695312,0.008356554433703423,0.8356554433703423,614.0593152046204,10000,ppo,ppo,crawler,flat,action_dth_tot_plus_friction_thdot_formula,,,,,,,,,,,,,,,0.002428603563374254,0,781,0.0,0.0,,,,,,,,,,,,,,,,,,,,,,,,,,,,,,,,,,,,,,,,,,,,,,,,,,,,,,,,,,,,,,,,,,,,,,,,,,nan,,,,,,,,,,,,,,,
78,858.6599731445312,0.00857623852789402,0.857623852789402,622.1638267040253,10000,ppo,ppo,crawler,flat,action_dth_tot_plus_friction_thdot_formula,,,,,,,,,,,,,,,0.002804960128740931,0,781,0.0,0.0,,,,,,,,,,,,,,,,,,,,,,,,,,,,,,,,,,,,,,,,,,,,,,,,,,,,,,,,,,,,,,,,,,,,,,,,,,nan,,,,,,,,,,,,,,,
79,871.1993408203125,0.00869997963309288,0.869997963309288,630.243643283844,10000,ppo,ppo,crawler,flat,action_dth_tot_plus_friction_thdot_formula,,,,,,,,,,,,,,,0.003455577196556927,0,781,0.0,0.0,,,,,,,,,,,,,,,,,,,,,,,,,,,,,,,,,,,,,,,,,,,,,,,,,,,,,,,,,,,,,,,,,,,,,,,,,,nan,,,,,,,,,,,,,,,
80,934.5927734375,0.009336201474070549,0.9336201474070549,638.3969447612762,10000,ppo,ppo,crawler,flat,action_dth_tot_plus_friction_thdot_formula,,,,,,,,,,,,,,,0.0036980441622984587,0,781,0.0,0.0,,,,,,,,,,,,,,,,,,,,,,,,,,,,,,,,,,,,,,,,,,,,,,,,,,,,,,,,,,,,,,,,,,,,,,,,,,nan,,,,,,,,,,,,,,,
81,823.2258911132812,0.008224484510719776,0.8224484510719776,646.665073633194,10000,ppo,ppo,crawler,flat,action_dth_tot_plus_friction_thdot_formula,,,,,,,,,,,,,,,0.0029533330850313906,0,781,0.0,0.0,,,,,,,,,,,,,,,,,,,,,,,,,,,,,,,,,,,,,,,,,,,,,,,,,,,,,,,,,,,,,,,,,,,,,,,,,,nan,,,,,,,,,,,,,,,
82,790.1344604492188,0.007891247048974037,0.7891247048974037,654.899790763855,10000,ppo,ppo,crawler,flat,action_dth_tot_plus_friction_thdot_formula,,,,,,,,,,,,,,,0.002903046330515171,0,781,0.0,0.0,,,,,,,,,,,,,,,,,,,,,,,,,,,,,,,,,,,,,,,,,,,,,,,,,,,,,,,,,,,,,,,,,,,,,,,,,,nan,,,,,,,,,,,,,,,
83,794.0552978515625,0.007935648784041405,0.7935648784041405,663.030942440033,10000,ppo,ppo,crawler,flat,action_dth_tot_plus_friction_thdot_formula,,,,,,,,,,,,,,,0.0033299483246841946,0,781,0.0,0.0,,,,,,,,,,,,,,,,,,,,,,,,,,,,,,,,,,,,,,,,,,,,,,,,,,,,,,,,,,,,,,,,,,,,,,,,,,nan,,,,,,,,,,,,,,,
84,899.2885131835938,0.00898333452641964,0.898333452641964,671.4304785728455,10000,ppo,ppo,crawler,flat,action_dth_tot_plus_friction_thdot_formula,,,,,,,,,,,,,,,0.003292537364348824,0,781,0.0,0.0,,,,,,,,,,,,,,,,,,,,,,,,,,,,,,,,,,,,,,,,,,,,,,,,,,,,,,,,,,,,,,,,,,,,,,,,,,nan,,,,,,,,,,,,,,,
85,891.7877807617188,0.008907838724553585,0.8907838724553585,679.6453018188477,10000,ppo,ppo,crawler,flat,action_dth_tot_plus_friction_thdot_formula,,,,,,,,,,,,,,,0.003490090538801568,0,781,0.0,0.0,,,,,,,,,,,,,,,,,,,,,,,,,,,,,,,,,,,,,,,,,,,,,,,,,,,,,,,,,,,,,,,,,,,,,,,,,,nan,,,,,,,,,,,,,,,
86,852.4544067382812,0.008515109308063984,0.8515109308063984,687.5391085147858,10000,ppo,ppo,crawler,flat,action_dth_tot_plus_friction_thdot_formula,,,,,,,,,,,,,,,0.0034157301998883846,0,781,0.0,0.0,,,,,,,,,,,,,,,,,,,,,,,,,,,,,,,,,,,,,,,,,,,,,,,,,,,,,,,,,,,,,,,,,,,,,,,,,,nan,,,,,,,,,,,,,,,
87,909.2346801757812,0.009082418866455555,0.9082418866455555,695.9166069030762,10000,ppo,ppo,crawler,flat,action_dth_tot_plus_friction_thdot_formula,,,,,,,,,,,,,,,0.002892778897863692,0,781,0.0,0.0,,,,,,,,,,,,,,,,,,,,,,,,,,,,,,,,,,,,,,,,,,,,,,,,,,,,,,,,,,,,,,,,,,,,,,,,,,nan,,,,,,,,,,,,,,,
88,907.52001953125,0.009065462276339531,0.9065462276339531,704.1792690753937,10000,ppo,ppo,crawler,flat,action_dth_tot_plus_friction_thdot_formula,,,,,,,,,,,,,,,0.0030840574679869403,0,781,0.0,0.0,,,,,,,,,,,,,,,,,,,,,,,,,,,,,,,,,,,,,,,,,,,,,,,,,,,,,,,,,,,,,,,,,,,,,,,,,,nan,,,,,,,,,,,,,,,
89,922.4453125,0.009217938408255577,0.9217938408255577,712.2876801490784,10000,ppo,ppo,crawler,flat,action_dth_tot_plus_friction_thdot_formula,,,,,,,,,,,,,,,0.0035259352329755906,0,781,0.0,0.0,,,,,,,,,,,,,,,,,,,,,,,,,,,,,,,,,,,,,,,,,,,,,,,,,,,,,,,,,,,,,,,,,,,,,,,,,,nan,,,,,,,,,,,,,,,
90,912.3140869140625,0.009115493856370449,0.9115493856370449,720.7274565696716,10000,ppo,ppo,crawler,flat,action_dth_tot_plus_friction_thdot_formula,,,,,,,,,,,,,,,0.003208138170318497,0,781,0.0,0.0,,,,,,,,,,,,,,,,,,,,,,,,,,,,,,,,,,,,,,,,,,,,,,,,,,,,,,,,,,,,,,,,,,,,,,,,,,nan,,,,,,,,,,,,,,,
91,890.9459228515625,0.008899125270545483,0.8899125270545483,728.8676183223724,10000,ppo,ppo,crawler,flat,action_dth_tot_plus_friction_thdot_formula,,,,,,,,,,,,,,,0.0030349604713521233,0,781,0.0,0.0,,,,,,,,,,,,,,,,,,,,,,,,,,,,,,,,,,,,,,,,,,,,,,,,,,,,,,,,,,,,,,,,,,,,,,,,,,nan,,,,,,,,,,,,,,,
92,888.8095092773438,0.008876881562173367,0.8876881562173367,736.9279179573059,10000,ppo,ppo,crawler,flat,action_dth_tot_plus_friction_thdot_formula,,,,,,,,,,,,,,,0.0031013504891786317,0,781,0.0,0.0,,,,,,,,,,,,,,,,,,,,,,,,,,,,,,,,,,,,,,,,,,,,,,,,,,,,,,,,,,,,,,,,,,,,,,,,,,nan,,,,,,,,,,,,,,,
93,938.6021728515625,0.00938029121607542,0.938029121607542,745.1890695095062,10000,ppo,ppo,crawler,flat,action_dth_tot_plus_friction_thdot_formula,,,,,,,,,,,,,,,0.002861738179206059,0,781,0.0,0.0,,,,,,,,,,,,,,,,,,,,,,,,,,,,,,,,,,,,,,,,,,,,,,,,,,,,,,,,,,,,,,,,,,,,,,,,,,nan,,,,,,,,,,,,,,,
94,1023.8912963867188,0.010228908620774746,1.0228908620774746,753.5573570728302,10000,ppo,ppo,crawler,flat,action_dth_tot_plus_friction_thdot_formula,,,,,,,,,,,,,,,0.0027421191645885736,0,781,0.0,0.0,,,,,,,,,,,,,,,,,,,,,,,,,,,,,,,,,,,,,,,,,,,,,,,,,,,,,,,,,,,,,,,,,,,,,,,,,,nan,,,,,,,,,,,,,,,
95,1067.2435302734375,0.010660519823431969,1.0660519823431969,762.1832478046417,10000,ppo,ppo,crawler,flat,action_dth_tot_plus_friction_thdot_formula,,,,,,,,,,,,,,,0.0034315585951090084,0,781,0.0,0.0,,,,,,,,,,,,,,,,,,,,,,,,,,,,,,,,,,,,,,,,,,,,,,,,,,,,,,,,,,,,,,,,,,,,,,,,,,nan,,,,,,,,,,,,,,,
96,893.1980590820312,0.008922242559492588,0.8922242559492588,770.443128824234,10000,ppo,ppo,crawler,flat,action_dth_tot_plus_friction_thdot_formula,,,,,,,,,,,,,,,0.003531854145977737,0,781,0.0,0.0,,,,,,,,,,,,,,,,,,,,,,,,,,,,,,,,,,,,,,,,,,,,,,,,,,,,,,,,,,,,,,,,,,,,,,,,,,nan,,,,,,,,,,,,,,,
97,966.8222045898438,0.009658400900661945,0.9658400900661945,778.9394173622131,10000,ppo,ppo,crawler,flat,action_dth_tot_plus_friction_thdot_formula,,,,,,,,,,,,,,,0.0029700830429819237,0,781,0.0,0.0,,,,,,,,,,,,,,,,,,,,,,,,,,,,,,,,,,,,,,,,,,,,,,,,,,,,,,,,,,,,,,,,,,,,,,,,,,nan,,,,,,,,,,,,,,,
98,1062.48095703125,0.010612246580421925,1.0612246580421925,787.209766626358,10000,ppo,ppo,crawler,flat,action_dth_tot_plus_friction_thdot_formula,,,,,,,,,,,,,,,0.0030613639898387723,0,781,0.0,0.0,,,,,,,,,,,,,,,,,,,,,,,,,,,,,,,,,,,,,,,,,,,,,,,,,,,,,,,,,,,,,,,,,,,,,,,,,,nan,,,,,,,,,,,,,,,
99,1105.14599609375,0.011040804907679558,1.1040804907679558,795.4629826545715,10000,ppo,ppo,crawler,flat,action_dth_tot_plus_friction_thdot_formula,,,,,,,,,,,,,,,0.0037100972459343275,0,781,0.0,0.0,,,,,,,,,,,,,,,,,,,,,,,,,,,,,,,,,,,,,,,,,,,,,,,,,,,,,,,,,,,,,,,,,,,,,,,,,,nan,,,,,,,,,,,,,,,
100,1023.8523559570312,0.010227423161268234,1.0227423161268234,804.0550947189331,10000,ppo,ppo,crawler,flat,action_dth_tot_plus_friction_thdot_formula,,,,,,,,,,,,,,,0.0027951195369660614,0,781,0.0,0.0,,,,,,,,,,,,,,,,,,,,,,,,,,,,,,,,,,,,,,,,,,,,,,,,,,,,,,,,,,,,,,,,,,,,,,,,,,nan,,,,,,,,,,,,,,,
101,1049.8538818359375,0.010488198138773441,1.0488198138773441,812.3961029052734,10000,ppo,ppo,crawler,flat,action_dth_tot_plus_friction_thdot_formula,,,,,,,,,,,,,,,0.0031743029191140227,0,781,0.0,0.0,,,,,,,,,,,,,,,,,,,,,,,,,,,,,,,,,,,,,,,,,,,,,,,,,,,,,,,,,,,,,,,,,,,,,,,,,,nan,,,,,,,,,,,,,,,
102,1102.5784912109375,0.011014798656105995,1.1014798656105995,820.8977818489075,10000,ppo,ppo,crawler,flat,action_dth_tot_plus_friction_thdot_formula,,,,,,,,,,,,,,,0.003407428817699512,0,781,0.0,0.0,,,,,,,,,,,,,,,,,,,,,,,,,,,,,,,,,,,,,,,,,,,,,,,,,,,,,,,,,,,,,,,,,,,,,,,,,,nan,,,,,,,,,,,,,,,
103,1078.465087890625,0.010772786103188992,1.0772786103188992,829.4015712738037,10000,ppo,ppo,crawler,flat,action_dth_tot_plus_friction_thdot_formula,,,,,,,,,,,,,,,0.003676570319293649,0,781,0.0,0.0,,,,,,,,,,,,,,,,,,,,,,,,,,,,,,,,,,,,,,,,,,,,,,,,,,,,,,,,,,,,,,,,,,,,,,,,,,nan,,,,,,,,,,,,,,,
104,1080.2547607421875,0.010787008330225945,1.0787008330225945,837.6572003364563,10000,ppo,ppo,crawler,flat,action_dth_tot_plus_friction_thdot_formula,,,,,,,,,,,,,,,0.0028209860546027864,0,781,0.0,0.0,,,,,,,,,,,,,,,,,,,,,,,,,,,,,,,,,,,,,,,,,,,,,,,,,,,,,,,,,,,,,,,,,,,,,,,,,,nan,,,,,,,,,,,,,,,
105,1016.4242553710938,0.010154803283512592,1.0154803283512592,845.6793582439423,10000,ppo,ppo,crawler,flat,action_dth_tot_plus_friction_thdot_formula,,,,,,,,,,,,,,,0.003096911055497973,0,781,0.0,0.0,,,,,,,,,,,,,,,,,,,,,,,,,,,,,,,,,,,,,,,,,,,,,,,,,,,,,,,,,,,,,,,,,,,,,,,,,,nan,,,,,,,,,,,,,,,
106,1060.0301513671875,0.010586913675069809,1.058691367506981,854.3482611179352,10000,ppo,ppo,crawler,flat,action_dth_tot_plus_friction_thdot_formula,,,,,,,,,,,,,,,0.00296939944259783,0,781,0.0,0.0,,,,,,,,,,,,,,,,,,,,,,,,,,,,,,,,,,,,,,,,,,,,,,,,,,,,,,,,,,,,,,,,,,,,,,,,,,nan,,,,,,,,,,,,,,,
107,1047.6561279296875,0.010465679690241814,1.0465679690241814,862.4718697071075,10000,ppo,ppo,crawler,flat,action_dth_tot_plus_friction_thdot_formula,,,,,,,,,,,,,,,0.0032319917725744953,0,781,0.0,0.0,,,,,,,,,,,,,,,,,,,,,,,,,,,,,,,,,,,,,,,,,,,,,,,,,,,,,,,,,,,,,,,,,,,,,,,,,,nan,,,,,,,,,,,,,,,
108,1033.0250244140625,0.010321886278688908,1.0321886278688908,870.7830691337585,10000,ppo,ppo,crawler,flat,action_dth_tot_plus_friction_thdot_formula,,,,,,,,,,,,,,,0.0037014894049570545,0,781,0.0,0.0,,,,,,,,,,,,,,,,,,,,,,,,,,,,,,,,,,,,,,,,,,,,,,,,,,,,,,,,,,,,,,,,,,,,,,,,,,nan,,,,,,,,,,,,,,,
109,1032.9981689453125,0.010316509753465652,1.0316509753465652,878.938383102417,10000,ppo,ppo,crawler,flat,action_dth_tot_plus_friction_thdot_formula,,,,,,,,,,,,,,,0.002999709077282581,0,781,0.0,0.0,,,,,,,,,,,,,,,,,,,,,,,,,,,,,,,,,,,,,,,,,,,,,,,,,,,,,,,,,,,,,,,,,,,,,,,,,,nan,,,,,,,,,,,,,,,
110,1121.130859375,0.011201032437384129,1.1201032437384129,887.5308871269226,10000,ppo,ppo,crawler,flat,action_dth_tot_plus_friction_thdot_formula,,,,,,,,,,,,,,,0.003926946072239684,0,781,0.0,0.0,,,,,,,,,,,,,,,,,,,,,,,,,,,,,,,,,,,,,,,,,,,,,,,,,,,,,,,,,,,,,,,,,,,,,,,,,,nan,,,,,,,,,,,,,,,
111,1114.509765625,0.011132489889860153,1.1132489889860153,895.570384979248,10000,ppo,ppo,crawler,flat,action_dth_tot_plus_friction_thdot_formula,,,,,,,,,,,,,,,0.003558396736354294,0,781,0.0,0.0,,,,,,,,,,,,,,,,,,,,,,,,,,,,,,,,,,,,,,,,,,,,,,,,,,,,,,,,,,,,,,,,,,,,,,,,,,nan,,,,,,,,,,,,,,,
112,1132.093017578125,0.011309543624520302,1.1309543624520302,904.0964033603668,10000,ppo,ppo,crawler,flat,action_dth_tot_plus_friction_thdot_formula,,,,,,,,,,,,,,,0.0034119815683178963,0,781,0.0,0.0,,,,,,,,,,,,,,,,,,,,,,,,,,,,,,,,,,,,,,,,,,,,,,,,,,,,,,,,,,,,,,,,,,,,,,,,,,nan,,,,,,,,,,,,,,,
113,1154.3878173828125,0.011533793061971664,1.1533793061971664,912.5423669815063,10000,ppo,ppo,crawler,flat,action_dth_tot_plus_friction_thdot_formula,,,,,,,,,,,,,,,0.003092084241635673,0,781,0.0,0.0,,,,,,,,,,,,,,,,,,,,,,,,,,,,,,,,,,,,,,,,,,,,,,,,,,,,,,,,,,,,,,,,,,,,,,,,,,nan,,,,,,,,,,,,,,,
114,1166.1220703125,0.011650745756924152,1.1650745756924152,920.5853576660156,10000,ppo,ppo,crawler,flat,action_dth_tot_plus_friction_thdot_formula,,,,,,,,,,,,,,,0.00347944660733541,0,781,0.0,0.0,,,,,,,,,,,,,,,,,,,,,,,,,,,,,,,,,,,,,,,,,,,,,,,,,,,,,,,,,,,,,,,,,,,,,,,,,,nan,,,,,,,,,,,,,,,
115,1095.6566162109375,0.010944291017949581,1.0944291017949581,929.0021049976349,10000,ppo,ppo,crawler,flat,action_dth_tot_plus_friction_thdot_formula,,,,,,,,,,,,,,,0.003139528392797107,0,781,0.0,0.0,,,,,,,,,,,,,,,,,,,,,,,,,,,,,,,,,,,,,,,,,,,,,,,,,,,,,,,,,,,,,,,,,,,,,,,,,,nan,,,,,,,,,,,,,,,
116,1179.0599365234375,0.01178131066262722,1.178131066262722,937.4603190422058,10000,ppo,ppo,crawler,flat,action_dth_tot_plus_friction_thdot_formula,,,,,,,,,,,,,,,0.003790910035194698,0,781,0.0,0.0,,,,,,,,,,,,,,,,,,,,,,,,,,,,,,,,,,,,,,,,,,,,,,,,,,,,,,,,,,,,,,,,,,,,,,,,,,nan,,,,,,,,,,,,,,,
117,1239.6009521484375,0.012385482899844646,1.2385482899844646,945.9489245414734,10000,ppo,ppo,crawler,flat,action_dth_tot_plus_friction_thdot_formula,,,,,,,,,,,,,,,0.0033110364991783972,0,781,0.0,0.0,,,,,,,,,,,,,,,,,,,,,,,,,,,,,,,,,,,,,,,,,,,,,,,,,,,,,,,,,,,,,,,,,,,,,,,,,,nan,,,,,,,,,,,,,,,
118,1158.824951171875,0.011578502133488655,1.1578502133488655,954.4997062683105,10000,ppo,ppo,crawler,flat,action_dth_tot_plus_friction_thdot_formula,,,,,,,,,,,,,,,0.0033021915938631274,0,781,0.0,0.0,,,,,,,,,,,,,,,,,,,,,,,,,,,,,,,,,,,,,,,,,,,,,,,,,,,,,,,,,,,,,,,,,,,,,,,,,,nan,,,,,,,,,,,,,,,
119,1184.0233154296875,0.011828245595097542,1.1828245595097542,963.0274033546448,10000,ppo,ppo,crawler,flat,action_dth_tot_plus_friction_thdot_formula,,,,,,,,,,,,,,,0.003439060598745985,0,781,0.0,0.0,,,,,,,,,,,,,,,,,,,,,,,,,,,,,,,,,,,,,,,,,,,,,,,,,,,,,,,,,,,,,,,,,,,,,,,,,,nan,,,,,,,,,,,,,,,
120,1221.4285888671875,0.012203322723507881,1.2203322723507881,971.0397865772247,10000,ppo,ppo,crawler,flat,action_dth_tot_plus_friction_thdot_formula,,,,,,,,,,,,,,,0.0035700438558761978,0,781,0.0,0.0,,,,,,,,,,,,,,,,,,,,,,,,,,,,,,,,,,,,,,,,,,,,,,,,,,,,,,,,,,,,,,,,,,,,,,,,,,nan,,,,,,,,,,,,,,,
121,1210.369140625,0.012088822200894356,1.2088822200894356,979.3812553882599,10000,ppo,ppo,crawler,flat,action_dth_tot_plus_friction_thdot_formula,,,,,,,,,,,,,,,0.0030278182358891795,0,781,0.0,0.0,,,,,,,,,,,,,,,,,,,,,,,,,,,,,,,,,,,,,,,,,,,,,,,,,,,,,,,,,,,,,,,,,,,,,,,,,,nan,,,,,,,,,,,,,,,
122,1129.517578125,0.01128529291599989,1.128529291599989,987.3133466243744,10000,ppo,ppo,crawler,flat,action_dth_tot_plus_friction_thdot_formula,,,,,,,,,,,,,,,0.0035175568749561724,0,781,0.0,0.0,,,,,,,,,,,,,,,,,,,,,,,,,,,,,,,,,,,,,,,,,,,,,,,,,,,,,,,,,,,,,,,,,,,,,,,,,,nan,,,,,,,,,,,,,,,
123,1160.4439697265625,0.011593022383749485,1.1593022383749485,995.6997220516205,10000,ppo,ppo,crawler,flat,action_dth_tot_plus_friction_thdot_formula,,,,,,,,,,,,,,,0.0033053894346596604,0,781,0.0,0.0,,,,,,,,,,,,,,,,,,,,,,,,,,,,,,,,,,,,,,,,,,,,,,,,,,,,,,,,,,,,,,,,,,,,,,,,,,nan,,,,,,,,,,,,,,,
124,1184.5911865234375,0.011832448653876781,1.1832448653876781,1004.0027997493744,10000,ppo,ppo,crawler,flat,action_dth_tot_plus_friction_thdot_formula,,,,,,,,,,,,,,,0.0031011474801232817,0,781,0.0,0.0,,,,,,,,,,,,,,,,,,,,,,,,,,,,,,,,,,,,,,,,,,,,,,,,,,,,,,,,,,,,,,,,,,,,,,,,,,nan,,,,,,,,,,,,,,,
125,1229.166259765625,0.012276800349354744,1.2276800349354744,1011.9511017799377,10000,ppo,ppo,crawler,flat,action_dth_tot_plus_friction_thdot_formula,,,,,,,,,,,,,,,0.0034599501523189247,0,781,0.0,0.0,,,,,,,,,,,,,,,,,,,,,,,,,,,,,,,,,,,,,,,,,,,,,,,,,,,,,,,,,,,,,,,,,,,,,,,,,,nan,,,,,,,,,,,,,,,
126,1220.7557373046875,0.012195729650557041,1.2195729650557041,1020.1925251483917,10000,ppo,ppo,crawler,flat,action_dth_tot_plus_friction_thdot_formula,,,,,,,,,,,,,,,0.0034835188127216427,0,781,0.0,0.0,,,,,,,,,,,,,,,,,,,,,,,,,,,,,,,,,,,,,,,,,,,,,,,,,,,,,,,,,,,,,,,,,,,,,,,,,,nan,,,,,,,,,,,,,,,
127,1167.8367919921875,0.011664089746773243,1.1664089746773243,1028.335738658905,10000,ppo,ppo,crawler,flat,action_dth_tot_plus_friction_thdot_formula,,,,,,,,,,,,,,,0.003714399206758836,0,781,0.0,0.0,,,,,,,,,,,,,,,,,,,,,,,,,,,,,,,,,,,,,,,,,,,,,,,,,,,,,,,,,,,,,,,,,,,,,,,,,,nan,,,,,,,,,,,,,,,
128,1072.1669921875,0.01070976722985506,1.070976722985506,1036.285626411438,10000,ppo,ppo,crawler,flat,action_dth_tot_plus_friction_thdot_formula,,,,,,,,,,,,,,,0.003474092276708167,0,781,0.0,0.0,,,,,,,,,,,,,,,,,,,,,,,,,,,,,,,,,,,,,,,,,,,,,,,,,,,,,,,,,,,,,,,,,,,,,,,,,,nan,,,,,,,,,,,,,,,
129,1280.6776123046875,0.01278984360396862,1.278984360396862,1044.5898818969727,10000,ppo,ppo,crawler,flat,action_dth_tot_plus_friction_thdot_formula,,,,,,,,,,,,,,,0.002871190271587451,0,781,0.0,0.0,,,,,,,,,,,,,,,,,,,,,,,,,,,,,,,,,,,,,,,,,,,,,,,,,,,,,,,,,,,,,,,,,,,,,,,,,,nan,,,,,,,,,,,,,,,
130,1318.943603515625,0.013177819550037384,1.3177819550037384,1052.8730943202972,10000,ppo,ppo,crawler,flat,action_dth_tot_plus_friction_thdot_formula,,,,,,,,,,,,,,,0.0032702503615507925,0,781,0.0,0.0,,,,,,,,,,,,,,,,,,,,,,,,,,,,,,,,,,,,,,,,,,,,,,,,,,,,,,,,,,,,,,,,,,,,,,,,,,nan,,,,,,,,,,,,,,,
131,1205.764404296875,0.012041649781167507,1.2041649781167507,1060.8195943832397,10000,ppo,ppo,crawler,flat,action_dth_tot_plus_friction_thdot_formula,,,,,,,,,,,,,,,0.0033302115883574453,0,781,0.0,0.0,,,,,,,,,,,,,,,,,,,,,,,,,,,,,,,,,,,,,,,,,,,,,,,,,,,,,,,,,,,,,,,,,,,,,,,,,,nan,,,,,,,,,,,,,,,
132,1292.167236328125,0.012907478027045727,1.2907478027045727,1068.8877680301666,10000,ppo,ppo,crawler,flat,action_dth_tot_plus_friction_thdot_formula,,,,,,,,,,,,,,,0.0035661567028545714,0,781,0.0,0.0,,,,,,,,,,,,,,,,,,,,,,,,,,,,,,,,,,,,,,,,,,,,,,,,,,,,,,,,,,,,,,,,,,,,,,,,,,nan,,,,,,,,,,,,,,,
133,1312.0389404296875,0.013107453472912312,1.3107453472912312,1076.8502316474915,10000,ppo,ppo,crawler,flat,action_dth_tot_plus_friction_thdot_formula,,,,,,,,,,,,,,,0.0037794057817929325,0,781,0.0,0.0,,,,,,,,,,,,,,,,,,,,,,,,,,,,,,,,,,,,,,,,,,,,,,,,,,,,,,,,,,,,,,,,,,,,,,,,,,nan,,,,,,,,,,,,,,,
134,1256.9217529296875,0.012553291395306587,1.2553291395306587,1084.995234966278,10000,ppo,ppo,crawler,flat,action_dth_tot_plus_friction_thdot_formula,,,,,,,,,,,,,,,0.0036784381612466957,0,781,0.0,0.0,,,,,,,,,,,,,,,,,,,,,,,,,,,,,,,,,,,,,,,,,,,,,,,,,,,,,,,,,,,,,,,,,,,,,,,,,,nan,,,,,,,,,,,,,,,
135,1283.941650390625,0.012826700694859028,1.2826700694859028,1093.1109817028046,10000,ppo,ppo,crawler,flat,action_dth_tot_plus_friction_thdot_formula,,,,,,,,,,,,,,,0.004201778619681042,0,781,0.0,0.0,,,,,,,,,,,,,,,,,,,,,,,,,,,,,,,,,,,,,,,,,,,,,,,,,,,,,,,,,,,,,,,,,,,,,,,,,,nan,,,,,,,,,,,,,,,
136,1390.3719482421875,0.013885735534131527,1.3885735534131527,1101.4067330360413,10000,ppo,ppo,crawler,flat,action_dth_tot_plus_friction_thdot_formula,,,,,,,,,,,,,,,0.003138309636731035,0,781,0.0,0.0,,,,,,,,,,,,,,,,,,,,,,,,,,,,,,,,,,,,,,,,,,,,,,,,,,,,,,,,,,,,,,,,,,,,,,,,,,nan,,,,,,,,,,,,,,,
137,1356.3177490234375,0.013548804447054863,1.3548804447054863,1109.4389922618866,10000,ppo,ppo,crawler,flat,action_dth_tot_plus_friction_thdot_formula,,,,,,,,,,,,,,,0.003723140262414924,0,781,0.0,0.0,,,,,,,,,,,,,,,,,,,,,,,,,,,,,,,,,,,,,,,,,,,,,,,,,,,,,,,,,,,,,,,,,,,,,,,,,,nan,,,,,,,,,,,,,,,
138,1314.1165771484375,0.013127748854458332,1.3127748854458332,1117.5791821479797,10000,ppo,ppo,crawler,flat,action_dth_tot_plus_friction_thdot_formula,,,,,,,,,,,,,,,0.0028770006586789783,0,781,0.0,0.0,,,,,,,,,,,,,,,,,,,,,,,,,,,,,,,,,,,,,,,,,,,,,,,,,,,,,,,,,,,,,,,,,,,,,,,,,,nan,,,,,,,,,,,,,,,
139,1281.377197265625,0.012797502800822258,1.2797502800822258,1125.820059299469,10000,ppo,ppo,crawler,flat,action_dth_tot_plus_friction_thdot_formula,,,,,,,,,,,,,,,0.003293449377556714,0,781,0.0,0.0,,,,,,,,,,,,,,,,,,,,,,,,,,,,,,,,,,,,,,,,,,,,,,,,,,,,,,,,,,,,,,,,,,,,,,,,,,nan,,,,,,,,,,,,,,,
140,1222.659912109375,0.012212003581225872,1.2212003581225872,1134.0244619846344,10000,ppo,ppo,crawler,flat,action_dth_tot_plus_friction_thdot_formula,,,,,,,,,,,,,,,0.003750780463809262,0,781,0.0,0.0,,,,,,,,,,,,,,,,,,,,,,,,,,,,,,,,,,,,,,,,,,,,,,,,,,,,,,,,,,,,,,,,,,,,,,,,,,nan,,,,,,,,,,,,,,,
141,1327.8704833984375,0.013268832117319107,1.3268832117319107,1142.3136355876923,10000,ppo,ppo,crawler,flat,action_dth_tot_plus_friction_thdot_formula,,,,,,,,,,,,,,,0.003535441095559475,0,781,0.0,0.0,,,,,,,,,,,,,,,,,,,,,,,,,,,,,,,,,,,,,,,,,,,,,,,,,,,,,,,,,,,,,,,,,,,,,,,,,,nan,,,,,,,,,,,,,,,
142,1251.3570556640625,0.012494590133428574,1.2494590133428574,1150.617097377777,10000,ppo,ppo,crawler,flat,action_dth_tot_plus_friction_thdot_formula,,,,,,,,,,,,,,,0.0038680024723425177,0,781,0.0,0.0,,,,,,,,,,,,,,,,,,,,,,,,,,,,,,,,,,,,,,,,,,,,,,,,,,,,,,,,,,,,,,,,,,,,,,,,,,nan,,,,,,,,,,,,,,,
143,1300.8475341796875,0.012996145524084568,1.2996145524084568,1158.8578877449036,10000,ppo,ppo,crawler,flat,action_dth_tot_plus_friction_thdot_formula,,,,,,,,,,,,,,,0.003378784839092502,0,781,0.0,0.0,,,,,,,,,,,,,,,,,,,,,,,,,,,,,,,,,,,,,,,,,,,,,,,,,,,,,,,,,,,,,,,,,,,,,,,,,,nan,,,,,,,,,,,,,,,
144,1284.5296630859375,0.012829957529902458,1.2829957529902458,1167.2503867149353,10000,ppo,ppo,crawler,flat,action_dth_tot_plus_friction_thdot_formula,,,,,,,,,,,,,,,0.0033432375908356454,0,781,0.0,0.0,,,,,,,,,,,,,,,,,,,,,,,,,,,,,,,,,,,,,,,,,,,,,,,,,,,,,,,,,,,,,,,,,,,,,,,,,,nan,,,,,,,,,,,,,,,
145,1170.7611083984375,0.011695359833538532,1.1695359833538532,1175.3493101596832,10000,ppo,ppo,crawler,flat,action_dth_tot_plus_friction_thdot_formula,,,,,,,,,,,,,,,0.0029964526158563136,0,781,0.0,0.0,,,,,,,,,,,,,,,,,,,,,,,,,,,,,,,,,,,,,,,,,,,,,,,,,,,,,,,,,,,,,,,,,,,,,,,,,,nan,,,,,,,,,,,,,,,
146,1289.688720703125,0.01288464292883873,1.288464292883873,1183.3203327655792,10000,ppo,ppo,crawler,flat,action_dth_tot_plus_friction_thdot_formula,,,,,,,,,,,,,,,0.003244214454515528,0,781,0.0,0.0,,,,,,,,,,,,,,,,,,,,,,,,,,,,,,,,,,,,,,,,,,,,,,,,,,,,,,,,,,,,,,,,,,,,,,,,,,nan,,,,,,,,,,,,,,,
147,1267.7183837890625,0.012662991881370544,1.2662991881370544,1191.5489795207977,10000,ppo,ppo,crawler,flat,action_dth_tot_plus_friction_thdot_formula,,,,,,,,,,,,,,,0.0037270396403123467,0,781,0.0,0.0,,,,,,,,,,,,,,,,,,,,,,,,,,,,,,,,,,,,,,,,,,,,,,,,,,,,,,,,,,,,,,,,,,,,,,,,,,nan,,,,,,,,,,,,,,,
148,1275.2742919921875,0.012740940786898136,1.2740940786898136,1199.655249118805,10000,ppo,ppo,crawler,flat,action_dth_tot_plus_friction_thdot_formula,,,,,,,,,,,,,,,0.0032772674831122316,0,781,0.0,0.0,,,,,,,,,,,,,,,,,,,,,,,,,,,,,,,,,,,,,,,,,,,,,,,,,,,,,,,,,,,,,,,,,,,,,,,,,,nan,,,,,,,,,,,,,,,
149,1292.6199951171875,0.012914665974676609,1.291466597467661,1208.178654909134,10000,ppo,ppo,crawler,flat,action_dth_tot_plus_friction_thdot_formula,,,,,,,,,,,,,,,0.0032939177521333937,0,781,0.0,0.0,,,,,,,,,,,,,,,,,,,,,,,,,,,,,,,,,,,,,,,,,,,,,,,,,,,,,,,,,,,,,,,,,,,,,,,,,,nan,,,,,,,,,,,,,,,
150,1305.6630859375,0.013043344020843506,1.3043344020843506,1216.5779049396515,10000,ppo,ppo,crawler,flat,action_dth_tot_plus_friction_thdot_formula,,,,,,,,,,,,,,,0.0031750079399173324,0,781,0.0,0.0,,,,,,,,,,,,,,,,,,,,,,,,,,,,,,,,,,,,,,,,,,,,,,,,,,,,,,,,,,,,,,,,,,,,,,,,,,nan,,,,,,,,,,,,,,,
151,1362.4066162109375,0.01361112017184496,1.361112017184496,1224.8128678798676,10000,ppo,ppo,crawler,flat,action_dth_tot_plus_friction_thdot_formula,,,,,,,,,,,,,,,0.00407610194418918,0,781,0.0,0.0,,,,,,,,,,,,,,,,,,,,,,,,,,,,,,,,,,,,,,,,,,,,,,,,,,,,,,,,,,,,,,,,,,,,,,,,,,nan,,,,,,,,,,,,,,,
152,1386.4822998046875,0.013853402808308601,1.3853402808308601,1233.2696740627289,10000,ppo,ppo,crawler,flat,action_dth_tot_plus_friction_thdot_formula,,,,,,,,,,,,,,,0.0035830287468648263,0,781,0.0,0.0,,,,,,,,,,,,,,,,,,,,,,,,,,,,,,,,,,,,,,,,,,,,,,,,,,,,,,,,,,,,,,,,,,,,,,,,,,nan,,,,,,,,,,,,,,,
153,1315.2757568359375,0.01314180251210928,1.314180251210928,1241.5423588752747,10000,ppo,ppo,crawler,flat,action_dth_tot_plus_friction_thdot_formula,,,,,,,,,,,,,,,0.003597095090767402,0,781,0.0,0.0,,,,,,,,,,,,,,,,,,,,,,,,,,,,,,,,,,,,,,,,,,,,,,,,,,,,,,,,,,,,,,,,,,,,,,,,,,nan,,,,,,,,,,,,,,,
154,1418.0418701171875,0.014164336957037449,1.4164336957037449,1249.623710155487,10000,ppo,ppo,crawler,flat,action_dth_tot_plus_friction_thdot_formula,,,,,,,,,,,,,,,0.0031387916140505154,0,781,0.0,0.0,,,,,,,,,,,,,,,,,,,,,,,,,,,,,,,,,,,,,,,,,,,,,,,,,,,,,,,,,,,,,,,,,,,,,,,,,,nan,,,,,,,,,,,,,,,
155,1348.258544921875,0.01346534676849842,1.346534676849842,1258.1168999671936,10000,ppo,ppo,crawler,flat,action_dth_tot_plus_friction_thdot_formula,,,,,,,,,,,,,,,0.003653456348257745,0,781,0.0,0.0,,,,,,,,,,,,,,,,,,,,,,,,,,,,,,,,,,,,,,,,,,,,,,,,,,,,,,,,,,,,,,,,,,,,,,,,,,nan,,,,,,,,,,,,,,,
156,1408.5775146484375,0.014072115533053875,1.4072115533053875,1266.3058772087097,10000,ppo,ppo,crawler,flat,action_dth_tot_plus_friction_thdot_formula,,,,,,,,,,,,,,,0.003700147403187086,0,781,0.0,0.0,,,,,,,,,,,,,,,,,,,,,,,,,,,,,,,,,,,,,,,,,,,,,,,,,,,,,,,,,,,,,,,,,,,,,,,,,,nan,,,,,,,,,,,,,,,
157,1293.7164306640625,0.012925753369927406,1.2925753369927406,1274.3454689979553,10000,ppo,ppo,crawler,flat,action_dth_tot_plus_friction_thdot_formula,,,,,,,,,,,,,,,0.0036683571569635872,0,781,0.0,0.0,,,,,,,,,,,,,,,,,,,,,,,,,,,,,,,,,,,,,,,,,,,,,,,,,,,,,,,,,,,,,,,,,,,,,,,,,,nan,,,,,,,,,,,,,,,
158,1374.5692138671875,0.01373292040079832,1.373292040079832,1282.7436046600342,10000,ppo,ppo,crawler,flat,action_dth_tot_plus_friction_thdot_formula,,,,,,,,,,,,,,,0.003288747892464915,0,781,0.0,0.0,,,,,,,,,,,,,,,,,,,,,,,,,,,,,,,,,,,,,,,,,,,,,,,,,,,,,,,,,,,,,,,,,,,,,,,,,,nan,,,,,,,,,,,,,,,
159,1348.1044921875,0.013468408025801182,1.3468408025801182,1291.3241653442383,10000,ppo,ppo,crawler,flat,action_dth_tot_plus_friction_thdot_formula,,,,,,,,,,,,,,,0.00387064007275008,0,781,0.0,0.0,,,,,,,,,,,,,,,,,,,,,,,,,,,,,,,,,,,,,,,,,,,,,,,,,,,,,,,,,,,,,,,,,,,,,,,,,,nan,,,,,,,,,,,,,,,
160,1304.7349853515625,0.013034199364483356,1.3034199364483356,1299.4103162288666,10000,ppo,ppo,crawler,flat,action_dth_tot_plus_friction_thdot_formula,,,,,,,,,,,,,,,0.004016015495077639,0,781,0.0,0.0,,,,,,,,,,,,,,,,,,,,,,,,,,,,,,,,,,,,,,,,,,,,,,,,,,,,,,,,,,,,,,,,,,,,,,,,,,nan,,,,,,,,,,,,,,,
161,1269.513427734375,0.012685554102063179,1.268555410206318,1307.5439810752869,10000,ppo,ppo,crawler,flat,action_dth_tot_plus_friction_thdot_formula,,,,,,,,,,,,,,,0.003934973182725194,0,781,0.0,0.0,,,,,,,,,,,,,,,,,,,,,,,,,,,,,,,,,,,,,,,,,,,,,,,,,,,,,,,,,,,,,,,,,,,,,,,,,,nan,,,,,,,,,,,,,,,
162,1322.3695068359375,0.013212429359555244,1.3212429359555244,1316.2331385612488,10000,ppo,ppo,crawler,flat,action_dth_tot_plus_friction_thdot_formula,,,,,,,,,,,,,,,0.003959418858364809,0,781,0.0,0.0,,,,,,,,,,,,,,,,,,,,,,,,,,,,,,,,,,,,,,,,,,,,,,,,,,,,,,,,,,,,,,,,,,,,,,,,,,nan,,,,,,,,,,,,,,,
163,1366.4759521484375,0.01364549808204174,1.364549808204174,1324.397768497467,10000,ppo,ppo,crawler,flat,action_dth_tot_plus_friction_thdot_formula,,,,,,,,,,,,,,,0.003457560483306627,0,781,0.0,0.0,,,,,,,,,,,,,,,,,,,,,,,,,,,,,,,,,,,,,,,,,,,,,,,,,,,,,,,,,,,,,,,,,,,,,,,,,,nan,,,,,,,,,,,,,,,
164,1386.7144775390625,0.013859385624527931,1.3859385624527931,1332.6635658740997,10000,ppo,ppo,crawler,flat,action_dth_tot_plus_friction_thdot_formula,,,,,,,,,,,,,,,0.003787455447672517,0,781,0.0,0.0,,,,,,,,,,,,,,,,,,,,,,,,,,,,,,,,,,,,,,,,,,,,,,,,,,,,,,,,,,,,,,,,,,,,,,,,,,nan,,,,,,,,,,,,,,,
165,1309.648681640625,0.013078371994197369,1.3078371994197369,1341.015722990036,10000,ppo,ppo,crawler,flat,action_dth_tot_plus_friction_thdot_formula,,,,,,,,,,,,,,,0.003941244177359887,0,781,0.0,0.0,,,,,,,,,,,,,,,,,,,,,,,,,,,,,,,,,,,,,,,,,,,,,,,,,,,,,,,,,,,,,,,,,,,,,,,,,,nan,,,,,,,,,,,,,,,
166,1283.26025390625,0.012819608673453331,1.281960867345333,1348.9973623752594,10000,ppo,ppo,crawler,flat,action_dth_tot_plus_friction_thdot_formula,,,,,,,,,,,,,,,0.004155622710521236,0,781,0.0,0.0,,,,,,,,,,,,,,,,,,,,,,,,,,,,,,,,,,,,,,,,,,,,,,,,,,,,,,,,,,,,,,,,,,,,,,,,,,nan,,,,,,,,,,,,,,,
167,1286.3602294921875,0.012844298966228962,1.2844298966228962,1357.3197610378265,10000,ppo,ppo,crawler,flat,action_dth_tot_plus_friction_thdot_formula,,,,,,,,,,,,,,,0.0040005985665699725,0,781,0.0,0.0,,,,,,,,,,,,,,,,,,,,,,,,,,,,,,,,,,,,,,,,,,,,,,,,,,,,,,,,,,,,,,,,,,,,,,,,,,nan,,,,,,,,,,,,,,,
168,1253.5845947265625,0.012522411532700062,1.2522411532700062,1365.6352865695953,10000,ppo,ppo,crawler,flat,action_dth_tot_plus_friction_thdot_formula,,,,,,,,,,,,,,,0.003276500024121176,0,781,0.0,0.0,,,,,,,,,,,,,,,,,,,,,,,,,,,,,,,,,,,,,,,,,,,,,,,,,,,,,,,,,,,,,,,,,,,,,,,,,,nan,,,,,,,,,,,,,,,
169,1349.27392578125,0.013482030481100082,1.3482030481100082,1374.0427329540253,10000,ppo,ppo,crawler,flat,action_dth_tot_plus_friction_thdot_formula,,,,,,,,,,,,,,,0.0034419437056519425,0,781,0.0,0.0,,,,,,,,,,,,,,,,,,,,,,,,,,,,,,,,,,,,,,,,,,,,,,,,,,,,,,,,,,,,,,,,,,,,,,,,,,nan,,,,,,,,,,,,,,,
170,1352.3687744140625,0.013506719842553139,1.3506719842553139,1382.5244891643524,10000,ppo,ppo,crawler,flat,action_dth_tot_plus_friction_thdot_formula,,,,,,,,,,,,,,,0.003596930824201995,0,781,0.0,0.0,,,,,,,,,,,,,,,,,,,,,,,,,,,,,,,,,,,,,,,,,,,,,,,,,,,,,,,,,,,,,,,,,,,,,,,,,,nan,,,,,,,,,,,,,,,
171,1386.4476318359375,0.013846876099705696,1.3846876099705696,1390.7033891677856,10000,ppo,ppo,crawler,flat,action_dth_tot_plus_friction_thdot_formula,,,,,,,,,,,,,,,0.003679941119235629,0,781,0.0,0.0,,,,,,,,,,,,,,,,,,,,,,,,,,,,,,,,,,,,,,,,,,,,,,,,,,,,,,,,,,,,,,,,,,,,,,,,,,nan,,,,,,,,,,,,,,,
172,1484.1590576171875,0.014825400896370411,1.482540089637041,1398.912794828415,10000,ppo,ppo,crawler,flat,action_dth_tot_plus_friction_thdot_formula,,,,,,,,,,,,,,,0.0034063618962796673,0,781,0.0,0.0,,,,,,,,,,,,,,,,,,,,,,,,,,,,,,,,,,,,,,,,,,,,,,,,,,,,,,,,,,,,,,,,,,,,,,,,,,nan,,,,,,,,,,,,,,,
173,1439.359375,0.014376441948115826,1.4376441948115826,1407.3193926811218,10000,ppo,ppo,crawler,flat,action_dth_tot_plus_friction_thdot_formula,,,,,,,,,,,,,,,0.0032685804201669218,0,781,0.0,0.0,,,,,,,,,,,,,,,,,,,,,,,,,,,,,,,,,,,,,,,,,,,,,,,,,,,,,,,,,,,,,,,,,,,,,,,,,,nan,,,,,,,,,,,,,,,
174,1488.8563232421875,0.014868366532027721,1.4868366532027721,1415.525458574295,10000,ppo,ppo,crawler,flat,action_dth_tot_plus_friction_thdot_formula,,,,,,,,,,,,,,,0.003179134417984995,0,781,0.0,0.0,,,,,,,,,,,,,,,,,,,,,,,,,,,,,,,,,,,,,,,,,,,,,,,,,,,,,,,,,,,,,,,,,,,,,,,,,,nan,,,,,,,,,,,,,,,
175,1548.855712890625,0.01547300349920988,1.547300349920988,1423.9574692249298,10000,ppo,ppo,crawler,flat,action_dth_tot_plus_friction_thdot_formula,,,,,,,,,,,,,,,0.0032738790367837283,0,781,0.0,0.0,,,,,,,,,,,,,,,,,,,,,,,,,,,,,,,,,,,,,,,,,,,,,,,,,,,,,,,,,,,,,,,,,,,,,,,,,,nan,,,,,,,,,,,,,,,
176,1438.7193603515625,0.014373055659234524,1.4373055659234524,1432.202086687088,10000,ppo,ppo,crawler,flat,action_dth_tot_plus_friction_thdot_formula,,,,,,,,,,,,,,,0.0034824300122270825,0,781,0.0,0.0,,,,,,,,,,,,,,,,,,,,,,,,,,,,,,,,,,,,,,,,,,,,,,,,,,,,,,,,,,,,,,,,,,,,,,,,,,nan,,,,,,,,,,,,,,,
177,1443.2552490234375,0.014416379854083061,1.4416379854083061,1440.276478767395,10000,ppo,ppo,crawler,flat,action_dth_tot_plus_friction_thdot_formula,,,,,,,,,,,,,,,0.003918714777403421,0,781,0.0,0.0,,,,,,,,,,,,,,,,,,,,,,,,,,,,,,,,,,,,,,,,,,,,,,,,,,,,,,,,,,,,,,,,,,,,,,,,,,nan,,,,,,,,,,,,,,,
178,1361.3651123046875,0.013597548939287663,1.3597548939287663,1448.4756450653076,10000,ppo,ppo,crawler,flat,action_dth_tot_plus_friction_thdot_formula,,,,,,,,,,,,,,,0.004451362728762826,0,781,0.0,0.0,,,,,,,,,,,,,,,,,,,,,,,,,,,,,,,,,,,,,,,,,,,,,,,,,,,,,,,,,,,,,,,,,,,,,,,,,,nan,,,,,,,,,,,,,,,
179,1381.52099609375,0.013800867833197117,1.3800867833197117,1456.6038200855255,10000,ppo,ppo,crawler,flat,action_dth_tot_plus_friction_thdot_formula,,,,,,,,,,,,,,,0.0034450750299607176,0,781,0.0,0.0,,,,,,,,,,,,,,,,,,,,,,,,,,,,,,,,,,,,,,,,,,,,,,,,,,,,,,,,,,,,,,,,,,,,,,,,,,nan,,,,,,,,,,,,,,,
180,1366.3753662109375,0.01364580076187849,1.364580076187849,1464.8021898269653,10000,ppo,ppo,crawler,flat,action_dth_tot_plus_friction_thdot_formula,,,,,,,,,,,,,,,0.003971283167364224,0,781,0.0,0.0,,,,,,,,,,,,,,,,,,,,,,,,,,,,,,,,,,,,,,,,,,,,,,,,,,,,,,,,,,,,,,,,,,,,,,,,,,nan,,,,,,,,,,,,,,,
181,1392.8641357421875,0.013913800939917564,1.3913800939917564,1473.1485147476196,10000,ppo,ppo,crawler,flat,action_dth_tot_plus_friction_thdot_formula,,,,,,,,,,,,,,,0.0036064398569420394,0,781,0.0,0.0,,,,,,,,,,,,,,,,,,,,,,,,,,,,,,,,,,,,,,,,,,,,,,,,,,,,,,,,,,,,,,,,,,,,,,,,,,nan,,,,,,,,,,,,,,,
182,1341.771728515625,0.013401959091424942,1.3401959091424942,1481.565644979477,10000,ppo,ppo,crawler,flat,action_dth_tot_plus_friction_thdot_formula,,,,,,,,,,,,,,,0.00405311808844184,0,781,0.0,0.0,,,,,,,,,,,,,,,,,,,,,,,,,,,,,,,,,,,,,,,,,,,,,,,,,,,,,,,,,,,,,,,,,,,,,,,,,,nan,,,,,,,,,,,,,,,
183,1449.6968994140625,0.014485763385891914,1.4485763385891914,1489.684487581253,10000,ppo,ppo,crawler,flat,action_dth_tot_plus_friction_thdot_formula,,,,,,,,,,,,,,,0.0034712631892691343,0,781,0.0,0.0,,,,,,,,,,,,,,,,,,,,,,,,,,,,,,,,,,,,,,,,,,,,,,,,,,,,,,,,,,,,,,,,,,,,,,,,,,nan,,,,,,,,,,,,,,,
184,1443.425048828125,0.014421884901821613,1.4421884901821613,1498.2521274089813,10000,ppo,ppo,crawler,flat,action_dth_tot_plus_friction_thdot_formula,,,,,,,,,,,,,,,0.0037981231700853777,0,781,0.0,0.0,,,,,,,,,,,,,,,,,,,,,,,,,,,,,,,,,,,,,,,,,,,,,,,,,,,,,,,,,,,,,,,,,,,,,,,,,,nan,,,,,,,,,,,,,,,
185,1322.1962890625,0.013207902200520039,1.3207902200520039,1506.617202758789,10000,ppo,ppo,crawler,flat,action_dth_tot_plus_friction_thdot_formula,,,,,,,,,,,,,,,0.003534036394375318,0,781,0.0,0.0,,,,,,,,,,,,,,,,,,,,,,,,,,,,,,,,,,,,,,,,,,,,,,,,,,,,,,,,,,,,,,,,,,,,,,,,,,nan,,,,,,,,,,,,,,,
186,1376.6090087890625,0.01375200878828764,1.375200878828764,1514.4672183990479,10000,ppo,ppo,crawler,flat,action_dth_tot_plus_friction_thdot_formula,,,,,,,,,,,,,,,0.00422150757796967,0,781,0.0,0.0,,,,,,,,,,,,,,,,,,,,,,,,,,,,,,,,,,,,,,,,,,,,,,,,,,,,,,,,,,,,,,,,,,,,,,,,,,nan,,,,,,,,,,,,,,,
187,1486.4114990234375,0.014850112609565258,1.4850112609565258,1522.632973909378,10000,ppo,ppo,crawler,flat,action_dth_tot_plus_friction_thdot_formula,,,,,,,,,,,,,,,0.004015648820724877,0,781,0.0,0.0,,,,,,,,,,,,,,,,,,,,,,,,,,,,,,,,,,,,,,,,,,,,,,,,,,,,,,,,,,,,,,,,,,,,,,,,,,nan,,,,,,,,,,,,,,,
188,1393.6986083984375,0.013919045217335224,1.3919045217335224,1530.7958717346191,10000,ppo,ppo,crawler,flat,action_dth_tot_plus_friction_thdot_formula,,,,,,,,,,,,,,,0.003908156182430029,0,781,0.0,0.0,,,,,,,,,,,,,,,,,,,,,,,,,,,,,,,,,,,,,,,,,,,,,,,,,,,,,,,,,,,,,,,,,,,,,,,,,,nan,,,,,,,,,,,,,,,
189,1390.99169921875,0.013895558193325996,1.3895558193325996,1539.0711088180542,10000,ppo,ppo,crawler,flat,action_dth_tot_plus_friction_thdot_formula,,,,,,,,,,,,,,,0.003582866133963415,0,781,0.0,0.0,,,,,,,,,,,,,,,,,,,,,,,,,,,,,,,,,,,,,,,,,,,,,,,,,,,,,,,,,,,,,,,,,,,,,,,,,,nan,,,,,,,,,,,,,,,
190,1346.9000244140625,0.013455224223434925,1.3455224223434925,1547.1111319065094,10000,ppo,ppo,crawler,flat,action_dth_tot_plus_friction_thdot_formula,,,,,,,,,,,,,,,0.00441135740479712,0,781,0.0,0.0,,,,,,,,,,,,,,,,,,,,,,,,,,,,,,,,,,,,,,,,,,,,,,,,,,,,,,,,,,,,,,,,,,,,,,,,,,nan,,,,,,,,,,,,,,,
191,1434.2237548828125,0.014327242970466614,1.4327242970466614,1555.3201162815094,10000,ppo,ppo,crawler,flat,action_dth_tot_plus_friction_thdot_formula,,,,,,,,,,,,,,,0.0035991797179118438,0,781,0.0,0.0,,,,,,,,,,,,,,,,,,,,,,,,,,,,,,,,,,,,,,,,,,,,,,,,,,,,,,,,,,,,,,,,,,,,,,,,,,nan,,,,,,,,,,,,,,,
192,1436.7322998046875,0.014350475743412971,1.4350475743412971,1563.4324488639832,10000,ppo,ppo,crawler,flat,action_dth_tot_plus_friction_thdot_formula,,,,,,,,,,,,,,,0.003730886861462523,0,781,0.0,0.0,,,,,,,,,,,,,,,,,,,,,,,,,,,,,,,,,,,,,,,,,,,,,,,,,,,,,,,,,,,,,,,,,,,,,,,,,,nan,,,,,,,,,,,,,,,
193,1324.6199951171875,0.013233747333288193,1.3233747333288193,1571.7013807296753,10000,ppo,ppo,crawler,flat,action_dth_tot_plus_friction_thdot_formula,,,,,,,,,,,,,,,0.004209340132117658,0,781,0.0,0.0,,,,,,,,,,,,,,,,,,,,,,,,,,,,,,,,,,,,,,,,,,,,,,,,,,,,,,,,,,,,,,,,,,,,,,,,,,nan,,,,,,,,,,,,,,,
194,1502.9052734375,0.015016741119325161,1.501674111932516,1579.7277314662933,10000,ppo,ppo,crawler,flat,action_dth_tot_plus_friction_thdot_formula,,,,,,,,,,,,,,,0.004279541522628185,0,781,0.0,0.0,,,,,,,,,,,,,,,,,,,,,,,,,,,,,,,,,,,,,,,,,,,,,,,,,,,,,,,,,,,,,,,,,,,,,,,,,,nan,,,,,,,,,,,,,,,
195,1468.8638916015625,0.014673884026706219,1.4673884026706219,1588.0273878574371,10000,ppo,ppo,crawler,flat,action_dth_tot_plus_friction_thdot_formula,,,,,,,,,,,,,,,0.0037838172122598213,0,781,0.0,0.0,,,,,,,,,,,,,,,,,,,,,,,,,,,,,,,,,,,,,,,,,,,,,,,,,,,,,,,,,,,,,,,,,,,,,,,,,,nan,,,,,,,,,,,,,,,
196,1433.2545166015625,0.014319919981062412,1.4319919981062412,1596.1283249855042,10000,ppo,ppo,crawler,flat,action_dth_tot_plus_friction_thdot_formula,,,,,,,,,,,,,,,0.003669356475365092,0,781,0.0,0.0,,,,,,,,,,,,,,,,,,,,,,,,,,,,,,,,,,,,,,,,,,,,,,,,,,,,,,,,,,,,,,,,,,,,,,,,,,nan,,,,,,,,,,,,,,,
197,1419.5198974609375,0.014179796911776066,1.4179796911776066,1604.4357089996338,10000,ppo,ppo,crawler,flat,action_dth_tot_plus_friction_thdot_formula,,,,,,,,,,,,,,,0.003778268198694953,0,781,0.0,0.0,,,,,,,,,,,,,,,,,,,,,,,,,,,,,,,,,,,,,,,,,,,,,,,,,,,,,,,,,,,,,,,,,,,,,,,,,,nan,,,,,,,,,,,,,,,
198,1398.392578125,0.013969591818749905,1.3969591818749905,1612.9651663303375,10000,ppo,ppo,crawler,flat,action_dth_tot_plus_friction_thdot_formula,,,,,,,,,,,,,,,0.003736583744509625,0,781,0.0,0.0,,,,,,,,,,,,,,,,,,,,,,,,,,,,,,,,,,,,,,,,,,,,,,,,,,,,,,,,,,,,,,,,,,,,,,,,,,nan,,,,,,,,,,,,,,,
199,1476.2100830078125,0.014746422879397869,1.474642287939787,1621.0370032787323,10000,ppo,ppo,crawler,flat,action_dth_tot_plus_friction_thdot_formula,,,,,,,,,,,,,,,0.0034664665403905254,0,781,0.0,0.0,,,,,,,,,,,,,,,,,,,,,,,,,,,,,,,,,,,,,,,,,,,,,,,,,,,,,,,,,,,,,,,,,,,,,,,,,,nan,,,,,,,,,,,,,,,
200,1355.1439208984375,0.013537103310227394,1.3537103310227394,1629.329986333847,10000,ppo,ppo,crawler,flat,action_dth_tot_plus_friction_thdot_formula,,,,,,,,,,,,,,,0.003517020788510591,0,781,0.0,0.0,,,,,,,,,,,,,,,,,,,,,,,,,,,,,,,,,,,,,,,,,,,,,,,,,,,,,,,,,,,,,,,,,,,,,,,,,,nan,,,,,,,,,,,,,,,
201,1498.4332275390625,0.014973743818700314,1.4973743818700314,1637.9757244586945,10000,ppo,ppo,crawler,flat,action_dth_tot_plus_friction_thdot_formula,,,,,,,,,,,,,,,0.0038391005061283617,0,781,0.0,0.0,,,,,,,,,,,,,,,,,,,,,,,,,,,,,,,,,,,,,,,,,,,,,,,,,,,,,,,,,,,,,,,,,,,,,,,,,,nan,,,,,,,,,,,,,,,
202,1375.2078857421875,0.01373653206974268,1.373653206974268,1645.8767251968384,10000,ppo,ppo,crawler,flat,action_dth_tot_plus_friction_thdot_formula,,,,,,,,,,,,,,,0.0036345679494349595,0,781,0.0,0.0,,,,,,,,,,,,,,,,,,,,,,,,,,,,,,,,,,,,,,,,,,,,,,,,,,,,,,,,,,,,,,,,,,,,,,,,,,nan,,,,,,,,,,,,,,,
203,1382.2672119140625,0.013807055540382862,1.3807055540382862,1654.3397028446198,10000,ppo,ppo,crawler,flat,action_dth_tot_plus_friction_thdot_formula,,,,,,,,,,,,,,,0.0036684258234083163,0,781,0.0,0.0,,,,,,,,,,,,,,,,,,,,,,,,,,,,,,,,,,,,,,,,,,,,,,,,,,,,,,,,,,,,,,,,,,,,,,,,,,nan,,,,,,,,,,,,,,,
204,1358.4976806640625,0.013570348732173443,1.3570348732173443,1662.5044646263123,10000,ppo,ppo,crawler,flat,action_dth_tot_plus_friction_thdot_formula,,,,,,,,,,,,,,,0.003998895550713721,0,781,0.0,0.0,,,,,,,,,,,,,,,,,,,,,,,,,,,,,,,,,,,,,,,,,,,,,,,,,,,,,,,,,,,,,,,,,,,,,,,,,,nan,,,,,,,,,,,,,,,
205,1280.0830078125,0.012784283608198166,1.2784283608198166,1670.6192982196808,10000,ppo,ppo,crawler,flat,action_dth_tot_plus_friction_thdot_formula,,,,,,,,,,,,,,,0.005750131112789895,0,781,0.0,0.0,,,,,,,,,,,,,,,,,,,,,,,,,,,,,,,,,,,,,,,,,,,,,,,,,,,,,,,,,,,,,,,,,,,,,,,,,,nan,,,,,,,,,,,,,,,
206,1248.2764892578125,0.012471014633774757,1.2471014633774757,1678.7945375442505,10000,ppo,ppo,crawler,flat,action_dth_tot_plus_friction_thdot_formula,,,,,,,,,,,,,,,0.0036346820602625746,0,781,0.0,0.0,,,,,,,,,,,,,,,,,,,,,,,,,,,,,,,,,,,,,,,,,,,,,,,,,,,,,,,,,,,,,,,,,,,,,,,,,,nan,,,,,,,,,,,,,,,
207,1354.456787109375,0.0135291563346982,1.35291563346982,1687.4410424232483,10000,ppo,ppo,crawler,flat,action_dth_tot_plus_friction_thdot_formula,,,,,,,,,,,,,,,0.003646263035944998,0,781,0.0,0.0,,,,,,,,,,,,,,,,,,,,,,,,,,,,,,,,,,,,,,,,,,,,,,,,,,,,,,,,,,,,,,,,,,,,,,,,,,nan,,,,,,,,,,,,,,,
208,1345.515380859375,0.01344128418713808,1.344128418713808,1695.4616277217865,10000,ppo,ppo,crawler,flat,action_dth_tot_plus_friction_thdot_formula,,,,,,,,,,,,,,,0.004382136743813848,0,781,0.0,0.0,,,,,,,,,,,,,,,,,,,,,,,,,,,,,,,,,,,,,,,,,,,,,,,,,,,,,,,,,,,,,,,,,,,,,,,,,,nan,,,,,,,,,,,,,,,
209,1392.75634765625,0.01391245424747467,1.391245424747467,1703.7478713989258,10000,ppo,ppo,crawler,flat,action_dth_tot_plus_friction_thdot_formula,,,,,,,,,,,,,,,0.0037926139728337283,0,781,0.0,0.0,,,,,,,,,,,,,,,,,,,,,,,,,,,,,,,,,,,,,,,,,,,,,,,,,,,,,,,,,,,,,,,,,,,,,,,,,,nan,,,,,,,,,,,,,,,
210,1423.5494384765625,0.014223598875105381,1.422359887510538,1711.9802148342133,10000,ppo,ppo,crawler,flat,action_dth_tot_plus_friction_thdot_formula,,,,,,,,,,,,,,,0.003829172332095884,0,781,0.0,0.0,,,,,,,,,,,,,,,,,,,,,,,,,,,,,,,,,,,,,,,,,,,,,,,,,,,,,,,,,,,,,,,,,,,,,,,,,,nan,,,,,,,,,,,,,,,
211,1371.0391845703125,0.013695940375328064,1.3695940375328064,1720.2821354866028,10000,ppo,ppo,crawler,flat,action_dth_tot_plus_friction_thdot_formula,,,,,,,,,,,,,,,0.004041793506326292,0,781,0.0,0.0,,,,,,,,,,,,,,,,,,,,,,,,,,,,,,,,,,,,,,,,,,,,,,,,,,,,,,,,,,,,,,,,,,,,,,,,,,nan,,,,,,,,,,,,,,,
212,1416.117919921875,0.014144830405712128,1.4144830405712128,1728.3617782592773,10000,ppo,ppo,crawler,flat,action_dth_tot_plus_friction_thdot_formula,,,,,,,,,,,,,,,0.0037990263416539166,0,781,0.0,0.0,,,,,,,,,,,,,,,,,,,,,,,,,,,,,,,,,,,,,,,,,,,,,,,,,,,,,,,,,,,,,,,,,,,,,,,,,,nan,,,,,,,,,,,,,,,
213,1407.363525390625,0.01405895035713911,1.405895035713911,1736.7529032230377,10000,ppo,ppo,crawler,flat,action_dth_tot_plus_friction_thdot_formula,,,,,,,,,,,,,,,0.003537317908908003,0,781,0.0,0.0,,,,,,,,,,,,,,,,,,,,,,,,,,,,,,,,,,,,,,,,,,,,,,,,,,,,,,,,,,,,,,,,,,,,,,,,,,nan,,,,,,,,,,,,,,,
214,1431.595458984375,0.014302087016403675,1.4302087016403675,1745.0519762039185,10000,ppo,ppo,crawler,flat,action_dth_tot_plus_friction_thdot_formula,,,,,,,,,,,,,,,0.003694277845623291,0,781,0.0,0.0,,,,,,,,,,,,,,,,,,,,,,,,,,,,,,,,,,,,,,,,,,,,,,,,,,,,,,,,,,,,,,,,,,,,,,,,,,nan,,,,,,,,,,,,,,,
215,1348.6103515625,0.013467672280967236,1.3467672280967236,1753.374481678009,10000,ppo,ppo,crawler,flat,action_dth_tot_plus_friction_thdot_formula,,,,,,,,,,,,,,,0.003926847308745045,0,781,0.0,0.0,,,,,,,,,,,,,,,,,,,,,,,,,,,,,,,,,,,,,,,,,,,,,,,,,,,,,,,,,,,,,,,,,,,,,,,,,,nan,,,,,,,,,,,,,,,
216,1494.923828125,0.014934899285435677,1.4934899285435677,1761.583416223526,10000,ppo,ppo,crawler,flat,action_dth_tot_plus_friction_thdot_formula,,,,,,,,,,,,,,,0.0041220948866925655,0,781,0.0,0.0,,,,,,,,,,,,,,,,,,,,,,,,,,,,,,,,,,,,,,,,,,,,,,,,,,,,,,,,,,,,,,,,,,,,,,,,,,nan,,,,,,,,,,,,,,,
217,1417.1636962890625,0.014156236313283443,1.4156236313283443,1769.7040219306946,10000,ppo,ppo,crawler,flat,action_dth_tot_plus_friction_thdot_formula,,,,,,,,,,,,,,,0.00378655062836509,0,781,0.0,0.0,,,,,,,,,,,,,,,,,,,,,,,,,,,,,,,,,,,,,,,,,,,,,,,,,,,,,,,,,,,,,,,,,,,,,,,,,,nan,,,,,,,,,,,,,,,
218,1355.5118408203125,0.013544348068535328,1.3544348068535328,1777.8696961402893,10000,ppo,ppo,crawler,flat,action_dth_tot_plus_friction_thdot_formula,,,,,,,,,,,,,,,0.0032858803769765556,0,781,0.0,0.0,,,,,,,,,,,,,,,,,,,,,,,,,,,,,,,,,,,,,,,,,,,,,,,,,,,,,,,,,,,,,,,,,,,,,,,,,,nan,,,,,,,,,,,,,,,
219,1413.7410888671875,0.014123360626399517,1.4123360626399517,1786.1056180000305,10000,ppo,ppo,crawler,flat,action_dth_tot_plus_friction_thdot_formula,,,,,,,,,,,,,,,0.0037462023178070174,0,781,0.0,0.0,,,,,,,,,,,,,,,,,,,,,,,,,,,,,,,,,,,,,,,,,,,,,,,,,,,,,,,,,,,,,,,,,,,,,,,,,,nan,,,,,,,,,,,,,,,
220,1465.255859375,0.014638993889093399,1.46389938890934,1794.217943429947,10000,ppo,ppo,crawler,flat,action_dth_tot_plus_friction_thdot_formula,,,,,,,,,,,,,,,0.00314563052492066,0,781,0.0,0.0,,,,,,,,,,,,,,,,,,,,,,,,,,,,,,,,,,,,,,,,,,,,,,,,,,,,,,,,,,,,,,,,,,,,,,,,,,nan,,,,,,,,,,,,,,,
221,1305.4052734375,0.01304094772785902,1.304094772785902,1802.3806567192078,10000,ppo,ppo,crawler,flat,action_dth_tot_plus_friction_thdot_formula,,,,,,,,,,,,,,,0.003861650867438631,0,781,0.0,0.0,,,,,,,,,,,,,,,,,,,,,,,,,,,,,,,,,,,,,,,,,,,,,,,,,,,,,,,,,,,,,,,,,,,,,,,,,,nan,,,,,,,,,,,,,,,
222,1397.2034912109375,0.013959318399429321,1.3959318399429321,1810.435606956482,10000,ppo,ppo,crawler,flat,action_dth_tot_plus_friction_thdot_formula,,,,,,,,,,,,,,,0.003991971449689789,0,781,0.0,0.0,,,,,,,,,,,,,,,,,,,,,,,,,,,,,,,,,,,,,,,,,,,,,,,,,,,,,,,,,,,,,,,,,,,,,,,,,,nan,,,,,,,,,,,,,,,
223,1468.022705078125,0.014668639749288559,1.466863974928856,1818.7901582717896,10000,ppo,ppo,crawler,flat,action_dth_tot_plus_friction_thdot_formula,,,,,,,,,,,,,,,0.0037965137055668403,0,781,0.0,0.0,,,,,,,,,,,,,,,,,,,,,,,,,,,,,,,,,,,,,,,,,,,,,,,,,,,,,,,,,,,,,,,,,,,,,,,,,,nan,,,,,,,,,,,,,,,
224,1464.0374755859375,0.014624206349253654,1.4624206349253654,1827.091434955597,10000,ppo,ppo,crawler,flat,action_dth_tot_plus_friction_thdot_formula,,,,,,,,,,,,,,,0.0034734349475804447,0,781,0.0,0.0,,,,,,,,,,,,,,,,,,,,,,,,,,,,,,,,,,,,,,,,,,,,,,,,,,,,,,,,,,,,,,,,,,,,,,,,,,nan,,,,,,,,,,,,,,,
225,1480.1424560546875,0.014786530286073685,1.4786530286073685,1835.180456161499,10000,ppo,ppo,crawler,flat,action_dth_tot_plus_friction_thdot_formula,,,,,,,,,,,,,,,0.004389667714929277,0,781,0.0,0.0,,,,,,,,,,,,,,,,,,,,,,,,,,,,,,,,,,,,,,,,,,,,,,,,,,,,,,,,,,,,,,,,,,,,,,,,,,nan,,,,,,,,,,,,,,,
226,1486.1195068359375,0.014845307916402817,1.4845307916402817,1843.3172781467438,10000,ppo,ppo,crawler,flat,action_dth_tot_plus_friction_thdot_formula,,,,,,,,,,,,,,,0.003974936832576959,0,781,0.0,0.0,,,,,,,,,,,,,,,,,,,,,,,,,,,,,,,,,,,,,,,,,,,,,,,,,,,,,,,,,,,,,,,,,,,,,,,,,,nan,,,,,,,,,,,,,,,
227,1536.6131591796875,0.015343623235821724,1.5343623235821724,1851.4288971424103,10000,ppo,ppo,crawler,flat,action_dth_tot_plus_friction_thdot_formula,,,,,,,,,,,,,,,0.003206319483579882,0,781,0.0,0.0,,,,,,,,,,,,,,,,,,,,,,,,,,,,,,,,,,,,,,,,,,,,,,,,,,,,,,,,,,,,,,,,,,,,,,,,,,nan,,,,,,,,,,,,,,,
228,1546.0848388671875,0.015445551835000515,1.5445551835000515,1859.8090105056763,10000,ppo,ppo,crawler,flat,action_dth_tot_plus_friction_thdot_formula,,,,,,,,,,,,,,,0.004028329399938155,0,781,0.0,0.0,,,,,,,,,,,,,,,,,,,,,,,,,,,,,,,,,,,,,,,,,,,,,,,,,,,,,,,,,,,,,,,,,,,,,,,,,,nan,,,,,,,,,,,,,,,
229,1454.3316650390625,0.014530942775309086,1.4530942775309086,1868.1016538143158,10000,ppo,ppo,crawler,flat,action_dth_tot_plus_friction_thdot_formula,,,,,,,,,,,,,,,0.003179509881955408,0,781,0.0,0.0,,,,,,,,,,,,,,,,,,,,,,,,,,,,,,,,,,,,,,,,,,,,,,,,,,,,,,,,,,,,,,,,,,,,,,,,,,nan,,,,,,,,,,,,,,,
230,1422.4188232421875,0.014207848347723484,1.4207848347723484,1876.2891755104065,10000,ppo,ppo,crawler,flat,action_dth_tot_plus_friction_thdot_formula,,,,,,,,,,,,,,,0.0032818985536289683,0,781,0.0,0.0,,,,,,,,,,,,,,,,,,,,,,,,,,,,,,,,,,,,,,,,,,,,,,,,,,,,,,,,,,,,,,,,,,,,,,,,,,nan,,,,,,,,,,,,,,,
231,1403.433837890625,0.014019548892974854,1.4019548892974854,1884.4682915210724,10000,ppo,ppo,crawler,flat,action_dth_tot_plus_friction_thdot_formula,,,,,,,,,,,,,,,0.0035527618847866083,0,781,0.0,0.0,,,,,,,,,,,,,,,,,,,,,,,,,,,,,,,,,,,,,,,,,,,,,,,,,,,,,,,,,,,,,,,,,,,,,,,,,,nan,,,,,,,,,,,,,,,
232,1492.611572265625,0.0149088678881526,1.49088678881526,1892.8831610679626,10000,ppo,ppo,crawler,flat,action_dth_tot_plus_friction_thdot_formula,,,,,,,,,,,,,,,0.003922004458299514,0,781,0.0,0.0,,,,,,,,,,,,,,,,,,,,,,,,,,,,,,,,,,,,,,,,,,,,,,,,,,,,,,,,,,,,,,,,,,,,,,,,,,nan,,,,,,,,,,,,,,,
233,1466.41064453125,0.01464949268847704,1.464949268847704,1901.0106480121613,10000,ppo,ppo,crawler,flat,action_dth_tot_plus_friction_thdot_formula,,,,,,,,,,,,,,,0.0035230229031035223,0,781,0.0,0.0,,,,,,,,,,,,,,,,,,,,,,,,,,,,,,,,,,,,,,,,,,,,,,,,,,,,,,,,,,,,,,,,,,,,,,,,,,nan,,,,,,,,,,,,,,,
234,1511.6572265625,0.015102150849997997,1.5102150849997997,1909.1926009654999,10000,ppo,ppo,crawler,flat,action_dth_tot_plus_friction_thdot_formula,,,,,,,,,,,,,,,0.003695843545061139,0,781,0.0,0.0,,,,,,,,,,,,,,,,,,,,,,,,,,,,,,,,,,,,,,,,,,,,,,,,,,,,,,,,,,,,,,,,,,,,,,,,,,nan,,,,,,,,,,,,,,,
235,1528.2613525390625,0.015265312045812607,1.5265312045812607,1917.6802442073822,10000,ppo,ppo,crawler,flat,action_dth_tot_plus_friction_thdot_formula,,,,,,,,,,,,,,,0.003942392301075244,0,781,0.0,0.0,,,,,,,,,,,,,,,,,,,,,,,,,,,,,,,,,,,,,,,,,,,,,,,,,,,,,,,,,,,,,,,,,,,,,,,,,,nan,,,,,,,,,,,,,,,
236,1571.8922119140625,0.015698157250881195,1.5698157250881195,1926.029112815857,10000,ppo,ppo,crawler,flat,action_dth_tot_plus_friction_thdot_formula,,,,,,,,,,,,,,,0.003450578625787052,0,781,0.0,0.0,,,,,,,,,,,,,,,,,,,,,,,,,,,,,,,,,,,,,,,,,,,,,,,,,,,,,,,,,,,,,,,,,,,,,,,,,,nan,,,,,,,,,,,,,,,
237,1478.613525390625,0.014772060327231884,1.4772060327231884,1934.114117860794,10000,ppo,ppo,crawler,flat,action_dth_tot_plus_friction_thdot_formula,,,,,,,,,,,,,,,0.0036875913986905207,0,781,0.0,0.0,,,,,,,,,,,,,,,,,,,,,,,,,,,,,,,,,,,,,,,,,,,,,,,,,,,,,,,,,,,,,,,,,,,,,,,,,,nan,,,,,,,,,,,,,,,
238,1541.9998779296875,0.0154066551476717,1.54066551476717,1942.468227148056,10000,ppo,ppo,crawler,flat,action_dth_tot_plus_friction_thdot_formula,,,,,,,,,,,,,,,0.0037482081712420347,0,781,0.0,0.0,,,,,,,,,,,,,,,,,,,,,,,,,,,,,,,,,,,,,,,,,,,,,,,,,,,,,,,,,,,,,,,,,,,,,,,,,,nan,,,,,,,,,,,,,,,
239,1670.6448974609375,0.016688847914338112,1.6688847914338112,1950.4208250045776,10000,ppo,ppo,crawler,flat,action_dth_tot_plus_friction_thdot_formula,,,,,,,,,,,,,,,0.0035212384704926747,0,781,0.0,0.0,,,,,,,,,,,,,,,,,,,,,,,,,,,,,,,,,,,,,,,,,,,,,,,,,,,,,,,,,,,,,,,,,,,,,,,,,,nan,,,,,,,,,,,,,,,
240,1606.2327880859375,0.016043255105614662,1.6043255105614662,1958.9502432346344,10000,ppo,ppo,crawler,flat,action_dth_tot_plus_friction_thdot_formula,,,,,,,,,,,,,,,0.003169410519117654,0,781,0.0,0.0,,,,,,,,,,,,,,,,,,,,,,,,,,,,,,,,,,,,,,,,,,,,,,,,,,,,,,,,,,,,,,,,,,,,,,,,,,nan,,,,,,,,,,,,,,,
241,1501.2415771484375,0.014995300211012363,1.4995300211012363,1967.2761318683624,10000,ppo,ppo,crawler,flat,action_dth_tot_plus_friction_thdot_formula,,,,,,,,,,,,,,,0.003823316390280315,0,781,0.0,0.0,,,,,,,,,,,,,,,,,,,,,,,,,,,,,,,,,,,,,,,,,,,,,,,,,,,,,,,,,,,,,,,,,,,,,,,,,,nan,,,,,,,,,,,,,,,
242,1517.69091796875,0.015160735696554184,1.5160735696554184,1975.4005823135376,10000,ppo,ppo,crawler,flat,action_dth_tot_plus_friction_thdot_formula,,,,,,,,,,,,,,,0.003649965103622645,0,781,0.0,0.0,,,,,,,,,,,,,,,,,,,,,,,,,,,,,,,,,,,,,,,,,,,,,,,,,,,,,,,,,,,,,,,,,,,,,,,,,,nan,,,,,,,,,,,,,,,
243,1528.00927734375,0.015264910645782948,1.5264910645782948,1983.8438158035278,10000,ppo,ppo,crawler,flat,action_dth_tot_plus_friction_thdot_formula,,,,,,,,,,,,,,,0.0036744113542958165,0,781,0.0,0.0,,,,,,,,,,,,,,,,,,,,,,,,,,,,,,,,,,,,,,,,,,,,,,,,,,,,,,,,,,,,,,,,,,,,,,,,,,nan,,,,,,,,,,,,,,,
244,1546.9530029296875,0.015457842499017715,1.5457842499017715,1992.2801456451416,10000,ppo,ppo,crawler,flat,action_dth_tot_plus_friction_thdot_formula,,,,,,,,,,,,,,,0.0037027201223620615,0,781,0.0,0.0,,,,,,,,,,,,,,,,,,,,,,,,,,,,,,,,,,,,,,,,,,,,,,,,,,,,,,,,,,,,,,,,,,,,,,,,,,nan,,,,,,,,,,,,,,,
245,1564.3778076171875,0.01562684215605259,1.562684215605259,2000.326226234436,10000,ppo,ppo,crawler,flat,action_dth_tot_plus_friction_thdot_formula,,,,,,,,,,,,,,,0.004158613676744574,0,781,0.0,0.0,,,,,,,,,,,,,,,,,,,,,,,,,,,,,,,,,,,,,,,,,,,,,,,,,,,,,,,,,,,,,,,,,,,,,,,,,,nan,,,,,,,,,,,,,,,
246,1473.5947265625,0.014719854108989239,1.4719854108989239,2008.6512656211853,10000,ppo,ppo,crawler,flat,action_dth_tot_plus_friction_thdot_formula,,,,,,,,,,,,,,,0.003287208352265367,0,781,0.0,0.0,,,,,,,,,,,,,,,,,,,,,,,,,,,,,,,,,,,,,,,,,,,,,,,,,,,,,,,,,,,,,,,,,,,,,,,,,,nan,,,,,,,,,,,,,,,
247,1479.3455810546875,0.01477742288261652,1.477742288261652,2017.058209180832,10000,ppo,ppo,crawler,flat,action_dth_tot_plus_friction_thdot_formula,,,,,,,,,,,,,,,0.004432595527419945,0,781,0.0,0.0,,,,,,,,,,,,,,,,,,,,,,,,,,,,,,,,,,,,,,,,,,,,,,,,,,,,,,,,,,,,,,,,,,,,,,,,,,nan,,,,,,,,,,,,,,,
248,1636.8739013671875,0.016351625323295593,1.6351625323295593,2025.017677307129,10000,ppo,ppo,crawler,flat,action_dth_tot_plus_friction_thdot_formula,,,,,,,,,,,,,,,0.003617672118428074,0,781,0.0,0.0,,,,,,,,,,,,,,,,,,,,,,,,,,,,,,,,,,,,,,,,,,,,,,,,,,,,,,,,,,,,,,,,,,,,,,,,,,nan,,,,,,,,,,,,,,,
249,1545.0093994140625,0.015435549430549145,1.5435549430549145,2033.5300092697144,10000,ppo,ppo,crawler,flat,action_dth_tot_plus_friction_thdot_formula,,,,,,,,,,,,,,,0.003999479911023293,0,781,0.0,0.0,,,,,,,,,,,,,,,,,,,,,,,,,,,,,,,,,,,,,,,,,,,,,,,,,,,,,,,,,,,,,,,,,,,,,,,,,,nan,,,,,,,,,,,,,,,
250,1677.2728271484375,0.01675388030707836,1.6753880307078362,2041.9727492332458,10000,ppo,ppo,crawler,flat,action_dth_tot_plus_friction_thdot_formula,,,,,,,,,,,,,,,0.003997864420446728,0,781,0.0,0.0,,,,,,,,,,,,,,,,,,,,,,,,,,,,,,,,,,,,,,,,,,,,,,,,,,,,,,,,,,,,,,,,,,,,,,,,,,nan,,,,,,,,,,,,,,,
251,1564.1746826171875,0.015629328787326813,1.5629328787326813,2050.188453912735,10000,ppo,ppo,crawler,flat,action_dth_tot_plus_friction_thdot_formula,,,,,,,,,,,,,,,0.0040619071264391725,0,781,0.0,0.0,,,,,,,,,,,,,,,,,,,,,,,,,,,,,,,,,,,,,,,,,,,,,,,,,,,,,,,,,,,,,,,,,,,,,,,,,,nan,,,,,,,,,,,,,,,
252,1637.607666015625,0.016357559710741043,1.6357559710741043,2058.317056417465,10000,ppo,ppo,crawler,flat,action_dth_tot_plus_friction_thdot_formula,,,,,,,,,,,,,,,0.0033970586433467098,0,781,0.0,0.0,,,,,,,,,,,,,,,,,,,,,,,,,,,,,,,,,,,,,,,,,,,,,,,,,,,,,,,,,,,,,,,,,,,,,,,,,,nan,,,,,,,,,,,,,,,
253,1558.528076171875,0.015569950453937054,1.5569950453937054,2066.5657572746277,10000,ppo,ppo,crawler,flat,action_dth_tot_plus_friction_thdot_formula,,,,,,,,,,,,,,,0.0039020171747471367,0,781,0.0,0.0,,,,,,,,,,,,,,,,,,,,,,,,,,,,,,,,,,,,,,,,,,,,,,,,,,,,,,,,,,,,,,,,,,,,,,,,,,nan,,,,,,,,,,,,,,,
254,1569.4635009765625,0.01567966677248478,1.567966677248478,2074.816900730133,10000,ppo,ppo,crawler,flat,action_dth_tot_plus_friction_thdot_formula,,,,,,,,,,,,,,,0.00421766916175299,0,781,0.0,0.0,,,,,,,,,,,,,,,,,,,,,,,,,,,,,,,,,,,,,,,,,,,,,,,,,,,,,,,,,,,,,,,,,,,,,,,,,,nan,,,,,,,,,,,,,,,
255,1522.871337890625,0.015208644792437553,1.5208644792437553,2083.1544020175934,10000,ppo,ppo,crawler,flat,action_dth_tot_plus_friction_thdot_formula,,,,,,,,,,,,,,,0.004133035489079267,0,781,0.0,0.0,,,,,,,,,,,,,,,,,,,,,,,,,,,,,,,,,,,,,,,,,,,,,,,,,,,,,,,,,,,,,,,,,,,,,,,,,,nan,,,,,,,,,,,,,,,
256,1677.833251953125,0.01676095835864544,1.676095835864544,2091.3614070415497,10000,ppo,ppo,crawler,flat,action_dth_tot_plus_friction_thdot_formula,,,,,,,,,,,,,,,0.003424571009985411,0,781,0.0,0.0,,,,,,,,,,,,,,,,,,,,,,,,,,,,,,,,,,,,,,,,,,,,,,,,,,,,,,,,,,,,,,,,,,,,,,,,,,nan,,,,,,,,,,,,,,,
257,1529.7796630859375,0.015281719155609608,1.5281719155609608,2099.700815677643,10000,ppo,ppo,crawler,flat,action_dth_tot_plus_friction_thdot_formula,,,,,,,,,,,,,,,0.0035755732359821347,0,781,0.0,0.0,,,,,,,,,,,,,,,,,,,,,,,,,,,,,,,,,,,,,,,,,,,,,,,,,,,,,,,,,,,,,,,,,,,,,,,,,,nan,,,,,,,,,,,,,,,
258,1631.2855224609375,0.016298549249768257,1.6298549249768257,2107.978290081024,10000,ppo,ppo,crawler,flat,action_dth_tot_plus_friction_thdot_formula,,,,,,,,,,,,,,,0.0033107162205050444,0,781,0.0,0.0,,,,,,,,,,,,,,,,,,,,,,,,,,,,,,,,,,,,,,,,,,,,,,,,,,,,,,,,,,,,,,,,,,,,,,,,,,nan,,,,,,,,,,,,,,,
259,1578.6282958984375,0.01576824113726616,1.576824113726616,2116.2544243335724,10000,ppo,ppo,crawler,flat,action_dth_tot_plus_friction_thdot_formula,,,,,,,,,,,,,,,0.004353681095273898,0,781,0.0,0.0,,,,,,,,,,,,,,,,,,,,,,,,,,,,,,,,,,,,,,,,,,,,,,,,,,,,,,,,,,,,,,,,,,,,,,,,,,nan,,,,,,,,,,,,,,,
260,1600.1400146484375,0.015984520316123962,1.5984520316123962,2124.453895330429,10000,ppo,ppo,crawler,flat,action_dth_tot_plus_friction_thdot_formula,,,,,,,,,,,,,,,0.0030610292081043803,0,781,0.0,0.0,,,,,,,,,,,,,,,,,,,,,,,,,,,,,,,,,,,,,,,,,,,,,,,,,,,,,,,,,,,,,,,,,,,,,,,,,,nan,,,,,,,,,,,,,,,
261,1503.1053466796875,0.015014166943728924,1.5014166943728924,2132.9185223579407,10000,ppo,ppo,crawler,flat,action_dth_tot_plus_friction_thdot_formula,,,,,,,,,,,,,,,0.0037240605323906944,0,781,0.0,0.0,,,,,,,,,,,,,,,,,,,,,,,,,,,,,,,,,,,,,,,,,,,,,,,,,,,,,,,,,,,,,,,,,,,,,,,,,,nan,,,,,,,,,,,,,,,
262,1623.1781005859375,0.016214760020375252,1.6214760020375252,2141.305335998535,10000,ppo,ppo,crawler,flat,action_dth_tot_plus_friction_thdot_formula,,,,,,,,,,,,,,,0.0034569189483916957,0,781,0.0,0.0,,,,,,,,,,,,,,,,,,,,,,,,,,,,,,,,,,,,,,,,,,,,,,,,,,,,,,,,,,,,,,,,,,,,,,,,,,nan,,,,,,,,,,,,,,,
263,1571.5543212890625,0.015700582414865494,1.5700582414865494,2149.5632870197296,10000,ppo,ppo,crawler,flat,action_dth_tot_plus_friction_thdot_formula,,,,,,,,,,,,,,,0.004064465392786096,0,781,0.0,0.0,,,,,,,,,,,,,,,,,,,,,,,,,,,,,,,,,,,,,,,,,,,,,,,,,,,,,,,,,,,,,,,,,,,,,,,,,,nan,,,,,,,,,,,,,,,
264,1500.551025390625,0.01498609408736229,1.498609408736229,2158.019290447235,10000,ppo,ppo,crawler,flat,action_dth_tot_plus_friction_thdot_formula,,,,,,,,,,,,,,,0.003679334388104674,0,781,0.0,0.0,,,,,,,,,,,,,,,,,,,,,,,,,,,,,,,,,,,,,,,,,,,,,,,,,,,,,,,,,,,,,,,,,,,,,,,,,,nan,,,,,,,,,,,,,,,
265,1472.5882568359375,0.014708193950355053,1.4708193950355053,2166.4122655391693,10000,ppo,ppo,crawler,flat,action_dth_tot_plus_friction_thdot_formula,,,,,,,,,,,,,,,0.003983309482370066,0,781,0.0,0.0,,,,,,,,,,,,,,,,,,,,,,,,,,,,,,,,,,,,,,,,,,,,,,,,,,,,,,,,,,,,,,,,,,,,,,,,,,nan,,,,,,,,,,,,,,,
266,1583.5220947265625,0.01581713743507862,1.581713743507862,2174.6181931495667,10000,ppo,ppo,crawler,flat,action_dth_tot_plus_friction_thdot_formula,,,,,,,,,,,,,,,0.0037702273817958906,0,781,0.0,0.0,,,,,,,,,,,,,,,,,,,,,,,,,,,,,,,,,,,,,,,,,,,,,,,,,,,,,,,,,,,,,,,,,,,,,,,,,,nan,,,,,,,,,,,,,,,
267,1550.4918212890625,0.0154903344810009,1.54903344810009,2182.934572458267,10000,ppo,ppo,crawler,flat,action_dth_tot_plus_friction_thdot_formula,,,,,,,,,,,,,,,0.002972253073174113,0,781,0.0,0.0,,,,,,,,,,,,,,,,,,,,,,,,,,,,,,,,,,,,,,,,,,,,,,,,,,,,,,,,,,,,,,,,,,,,,,,,,,nan,,,,,,,,,,,,,,,
268,1599.9466552734375,0.01598355732858181,1.598355732858181,2191.0596187114716,10000,ppo,ppo,crawler,flat,action_dth_tot_plus_friction_thdot_formula,,,,,,,,,,,,,,,0.003616178988143098,0,781,0.0,0.0,,,,,,,,,,,,,,,,,,,,,,,,,,,,,,,,,,,,,,,,,,,,,,,,,,,,,,,,,,,,,,,,,,,,,,,,,,nan,,,,,,,,,,,,,,,
269,1546.9471435546875,0.015455923043191433,1.5455923043191433,2199.301068544388,10000,ppo,ppo,crawler,flat,action_dth_tot_plus_friction_thdot_formula,,,,,,,,,,,,,,,0.003475659125728685,0,781,0.0,0.0,,,,,,,,,,,,,,,,,,,,,,,,,,,,,,,,,,,,,,,,,,,,,,,,,,,,,,,,,,,,,,,,,,,,,,,,,,nan,,,,,,,,,,,,,,,
270,1580.8931884765625,0.015792980790138245,1.5792980790138245,2207.4038898944855,10000,ppo,ppo,crawler,flat,action_dth_tot_plus_friction_thdot_formula,,,,,,,,,,,,,,,0.003293926923678265,0,781,0.0,0.0,,,,,,,,,,,,,,,,,,,,,,,,,,,,,,,,,,,,,,,,,,,,,,,,,,,,,,,,,,,,,,,,,,,,,,,,,,nan,,,,,,,,,,,,,,,
271,1537.7161865234375,0.015358254313468933,1.5358254313468933,2215.7982845306396,10000,ppo,ppo,crawler,flat,action_dth_tot_plus_friction_thdot_formula,,,,,,,,,,,,,,,0.004001351397551021,0,781,0.0,0.0,,,,,,,,,,,,,,,,,,,,,,,,,,,,,,,,,,,,,,,,,,,,,,,,,,,,,,,,,,,,,,,,,,,,,,,,,,nan,,,,,,,,,,,,,,,
272,1420.9412841796875,0.0141947902739048,1.41947902739048,2223.915750026703,10000,ppo,ppo,crawler,flat,action_dth_tot_plus_friction_thdot_formula,,,,,,,,,,,,,,,0.0033120031940119363,0,781,0.0,0.0,,,,,,,,,,,,,,,,,,,,,,,,,,,,,,,,,,,,,,,,,,,,,,,,,,,,,,,,,,,,,,,,,,,,,,,,,,nan,,,,,,,,,,,,,,,
273,1532.4788818359375,0.015309692360460758,1.5309692360460758,2232.229001522064,10000,ppo,ppo,crawler,flat,action_dth_tot_plus_friction_thdot_formula,,,,,,,,,,,,,,,0.0029814946865045827,0,781,0.0,0.0,,,,,,,,,,,,,,,,,,,,,,,,,,,,,,,,,,,,,,,,,,,,,,,,,,,,,,,,,,,,,,,,,,,,,,,,,,nan,,,,,,,,,,,,,,,
274,1558.4373779296875,0.015570095740258694,1.5570095740258694,2240.508131980896,10000,ppo,ppo,crawler,flat,action_dth_tot_plus_friction_thdot_formula,,,,,,,,,,,,,,,0.0030955995940803054,0,781,0.0,0.0,,,,,,,,,,,,,,,,,,,,,,,,,,,,,,,,,,,,,,,,,,,,,,,,,,,,,,,,,,,,,,,,,,,,,,,,,,nan,,,,,,,,,,,,,,,
275,1510.7098388671875,0.015091229230165482,1.5091229230165482,2248.8537187576294,10000,ppo,ppo,crawler,flat,action_dth_tot_plus_friction_thdot_formula,,,,,,,,,,,,,,,0.004153384517928378,0,781,0.0,0.0,,,,,,,,,,,,,,,,,,,,,,,,,,,,,,,,,,,,,,,,,,,,,,,,,,,,,,,,,,,,,,,,,,,,,,,,,,nan,,,,,,,,,,,,,,,
276,1542.0262451171875,0.015401908196508884,1.5401908196508884,2256.940671443939,10000,ppo,ppo,crawler,flat,action_dth_tot_plus_friction_thdot_formula,,,,,,,,,,,,,,,0.0040275441728909135,0,781,0.0,0.0,,,,,,,,,,,,,,,,,,,,,,,,,,,,,,,,,,,,,,,,,,,,,,,,,,,,,,,,,,,,,,,,,,,,,,,,,,nan,,,,,,,,,,,,,,,
277,1517.943115234375,0.015163781121373177,1.5163781121373177,2265.4863426685333,10000,ppo,ppo,crawler,flat,action_dth_tot_plus_friction_thdot_formula,,,,,,,,,,,,,,,0.0035560634859557955,0,781,0.0,0.0,,,,,,,,,,,,,,,,,,,,,,,,,,,,,,,,,,,,,,,,,,,,,,,,,,,,,,,,,,,,,,,,,,,,,,,,,,nan,,,,,,,,,,,,,,,
278,1464.8321533203125,0.014634371735155582,1.4634371735155582,2273.6281871795654,10000,ppo,ppo,crawler,flat,action_dth_tot_plus_friction_thdot_formula,,,,,,,,,,,,,,,0.0040114502575744546,0,781,0.0,0.0,,,,,,,,,,,,,,,,,,,,,,,,,,,,,,,,,,,,,,,,,,,,,,,,,,,,,,,,,,,,,,,,,,,,,,,,,,nan,,,,,,,,,,,,,,,
279,1461.537353515625,0.014601383358240128,1.4601383358240128,2282.229245901108,10000,ppo,ppo,crawler,flat,action_dth_tot_plus_friction_thdot_formula,,,,,,,,,,,,,,,0.0040112975812648275,0,781,0.0,0.0,,,,,,,,,,,,,,,,,,,,,,,,,,,,,,,,,,,,,,,,,,,,,,,,,,,,,,,,,,,,,,,,,,,,,,,,,,nan,,,,,,,,,,,,,,,
280,1698.566650390625,0.016965894028544426,1.6965894028544426,2290.5613021850586,10000,ppo,ppo,crawler,flat,action_dth_tot_plus_friction_thdot_formula,,,,,,,,,,,,,,,0.0037584521689004455,0,781,0.0,0.0,,,,,,,,,,,,,,,,,,,,,,,,,,,,,,,,,,,,,,,,,,,,,,,,,,,,,,,,,,,,,,,,,,,,,,,,,,nan,,,,,,,,,,,,,,,
281,1475.7015380859375,0.014741501770913601,1.47415017709136,2298.5423805713654,10000,ppo,ppo,crawler,flat,action_dth_tot_plus_friction_thdot_formula,,,,,,,,,,,,,,,0.003962067114538066,0,781,0.0,0.0,,,,,,,,,,,,,,,,,,,,,,,,,,,,,,,,,,,,,,,,,,,,,,,,,,,,,,,,,,,,,,,,,,,,,,,,,,nan,,,,,,,,,,,,,,,
282,1576.974609375,0.01575169898569584,1.575169898569584,2307.05251121521,10000,ppo,ppo,crawler,flat,action_dth_tot_plus_friction_thdot_formula,,,,,,,,,,,,,,,0.0036886426930303274,0,781,0.0,0.0,,,,,,,,,,,,,,,,,,,,,,,,,,,,,,,,,,,,,,,,,,,,,,,,,,,,,,,,,,,,,,,,,,,,,,,,,,nan,,,,,,,,,,,,,,,
283,1513.2537841796875,0.015115984715521336,1.5115984715521336,2315.104663848877,10000,ppo,ppo,crawler,flat,action_dth_tot_plus_friction_thdot_formula,,,,,,,,,,,,,,,0.0034459590548235044,0,781,0.0,0.0,,,,,,,,,,,,,,,,,,,,,,,,,,,,,,,,,,,,,,,,,,,,,,,,,,,,,,,,,,,,,,,,,,,,,,,,,,nan,,,,,,,,,,,,,,,
284,1460.9149169921875,0.014591525308787823,1.4591525308787823,2323.181363582611,10000,ppo,ppo,crawler,flat,action_dth_tot_plus_friction_thdot_formula,,,,,,,,,,,,,,,0.004385569531598132,0,781,0.0,0.0,,,,,,,,,,,,,,,,,,,,,,,,,,,,,,,,,,,,,,,,,,,,,,,,,,,,,,,,,,,,,,,,,,,,,,,,,,nan,,,,,,,,,,,,,,,
285,1438.408447265625,0.014369439333677292,1.4369439333677292,2331.5442974567413,10000,ppo,ppo,crawler,flat,action_dth_tot_plus_friction_thdot_formula,,,,,,,,,,,,,,,0.0036173826920508946,0,781,0.0,0.0,,,,,,,,,,,,,,,,,,,,,,,,,,,,,,,,,,,,,,,,,,,,,,,,,,,,,,,,,,,,,,,,,,,,,,,,,,nan,,,,,,,,,,,,,,,
286,1450.2442626953125,0.014487560838460922,1.4487560838460922,2339.9853274822235,10000,ppo,ppo,crawler,flat,action_dth_tot_plus_friction_thdot_formula,,,,,,,,,,,,,,,0.0039075582353642665,0,781,0.0,0.0,,,,,,,,,,,,,,,,,,,,,,,,,,,,,,,,,,,,,,,,,,,,,,,,,,,,,,,,,,,,,,,,,,,,,,,,,,nan,,,,,,,,,,,,,,,
287,1549.3607177734375,0.015481172129511833,1.5481172129511833,2348.223341703415,10000,ppo,ppo,crawler,flat,action_dth_tot_plus_friction_thdot_formula,,,,,,,,,,,,,,,0.003781268182335834,0,781,0.0,0.0,,,,,,,,,,,,,,,,,,,,,,,,,,,,,,,,,,,,,,,,,,,,,,,,,,,,,,,,,,,,,,,,,,,,,,,,,,nan,,,,,,,,,,,,,,,
288,1630.652587890625,0.016290657222270966,1.6290657222270966,2356.8923201560974,10000,ppo,ppo,crawler,flat,action_dth_tot_plus_friction_thdot_formula,,,,,,,,,,,,,,,0.003777942905293732,0,781,0.0,0.0,,,,,,,,,,,,,,,,,,,,,,,,,,,,,,,,,,,,,,,,,,,,,,,,,,,,,,,,,,,,,,,,,,,,,,,,,,nan,,,,,,,,,,,,,,,
289,1570.4107666015625,0.015690188854932785,1.5690188854932785,2365.2115721702576,10000,ppo,ppo,crawler,flat,action_dth_tot_plus_friction_thdot_formula,,,,,,,,,,,,,,,0.003325838396932677,0,781,0.0,0.0,,,,,,,,,,,,,,,,,,,,,,,,,,,,,,,,,,,,,,,,,,,,,,,,,,,,,,,,,,,,,,,,,,,,,,,,,,nan,,,,,,,,,,,,,,,
290,1574.4072265625,0.015726633369922638,1.5726633369922638,2373.3638231754303,10000,ppo,ppo,crawler,flat,action_dth_tot_plus_friction_thdot_formula,,,,,,,,,,,,,,,0.0037502580074961303,0,781,0.0,0.0,,,,,,,,,,,,,,,,,,,,,,,,,,,,,,,,,,,,,,,,,,,,,,,,,,,,,,,,,,,,,,,,,,,,,,,,,,nan,,,,,,,,,,,,,,,
291,1592.134033203125,0.01590809039771557,1.5908090397715569,2381.464586496353,10000,ppo,ppo,crawler,flat,action_dth_tot_plus_friction_thdot_formula,,,,,,,,,,,,,,,0.0036843724515427394,0,781,0.0,0.0,,,,,,,,,,,,,,,,,,,,,,,,,,,,,,,,,,,,,,,,,,,,,,,,,,,,,,,,,,,,,,,,,,,,,,,,,,nan,,,,,,,,,,,,,,,
292,1534.1392822265625,0.015324117615818977,1.5324117615818977,2389.6907880306244,10000,ppo,ppo,crawler,flat,action_dth_tot_plus_friction_thdot_formula,,,,,,,,,,,,,,,0.004836100916100651,0,781,0.0,0.0,,,,,,,,,,,,,,,,,,,,,,,,,,,,,,,,,,,,,,,,,,,,,,,,,,,,,,,,,,,,,,,,,,,,,,,,,,nan,,,,,,,,,,,,,,,
293,1622.1151123046875,0.016201898455619812,1.6201898455619812,2397.8263595104218,10000,ppo,ppo,crawler,flat,action_dth_tot_plus_friction_thdot_formula,,,,,,,,,,,,,,,0.0028723816264903104,0,781,0.0,0.0,,,,,,,,,,,,,,,,,,,,,,,,,,,,,,,,,,,,,,,,,,,,,,,,,,,,,,,,,,,,,,,,,,,,,,,,,,nan,,,,,,,,,,,,,,,
294,1436.5018310546875,0.014353661797940731,1.435366179794073,2405.761023759842,10000,ppo,ppo,crawler,flat,action_dth_tot_plus_friction_thdot_formula,,,,,,,,,,,,,,,0.003981232318662586,0,781,0.0,0.0,,,,,,,,,,,,,,,,,,,,,,,,,,,,,,,,,,,,,,,,,,,,,,,,,,,,,,,,,,,,,,,,,,,,,,,,,,nan,,,,,,,,,,,,,,,
295,1455.0760498046875,0.014534295536577702,1.4534295536577702,2414.247727394104,10000,ppo,ppo,crawler,flat,action_dth_tot_plus_friction_thdot_formula,,,,,,,,,,,,,,,0.003760212254349772,0,781,0.0,0.0,,,,,,,,,,,,,,,,,,,,,,,,,,,,,,,,,,,,,,,,,,,,,,,,,,,,,,,,,,,,,,,,,,,,,,,,,,nan,,,,,,,,,,,,,,,
296,1511.7294921875,0.015103068202733994,1.5103068202733994,2422.298731327057,10000,ppo,ppo,crawler,flat,action_dth_tot_plus_friction_thdot_formula,,,,,,,,,,,,,,,0.003506333071468088,0,781,0.0,0.0,,,,,,,,,,,,,,,,,,,,,,,,,,,,,,,,,,,,,,,,,,,,,,,,,,,,,,,,,,,,,,,,,,,,,,,,,,nan,,,,,,,,,,,,,,,
297,1674.9801025390625,0.016730239614844322,1.6730239614844322,2430.5597519874573,10000,ppo,ppo,crawler,flat,action_dth_tot_plus_friction_thdot_formula,,,,,,,,,,,,,,,0.003789806278349734,0,781,0.0,0.0,,,,,,,,,,,,,,,,,,,,,,,,,,,,,,,,,,,,,,,,,,,,,,,,,,,,,,,,,,,,,,,,,,,,,,,,,,nan,,,,,,,,,,,,,,,
298,1628.2274169921875,0.01626945286989212,1.626945286989212,2438.623819589615,10000,ppo,ppo,crawler,flat,action_dth_tot_plus_friction_thdot_formula,,,,,,,,,,,,,,,0.0028261214460943264,0,781,0.0,0.0,,,,,,,,,,,,,,,,,,,,,,,,,,,,,,,,,,,,,,,,,,,,,,,,,,,,,,,,,,,,,,,,,,,,,,,,,,nan,,,,,,,,,,,,,,,
299,1523.0230712890625,0.015215209685266018,1.5215209685266018,2446.7925369739532,10000,ppo,ppo,crawler,flat,action_dth_tot_plus_friction_thdot_formula,,,,,,,,,,,,,,,0.00329904906476595,0,781,0.0,0.0,,,,,,,,,,,,,,,,,,,,,,,,,,,,,,,,,,,,,,,,,,,,,,,,,,,,,,,,,,,,,,,,,,,,,,,,,,nan,,,,,,,,,,,,,,,
300,1606.389892578125,0.01604468934237957,1.604468934237957,2454.965537548065,10000,ppo,ppo,crawler,flat,action_dth_tot_plus_friction_thdot_formula,,,,,,,,,,,,,,,0.003105175112303771,0,781,0.0,0.0,,,,,,,,,,,,,,,,,,,,,,,,,,,,,,,,,,,,,,,,,,,,,,,,,,,,,,,,,,,,,,,,,,,,,,,,,,nan,,,,,,,,,,,,,,,
301,1641.2532958984375,0.016402646899223328,1.6402646899223328,2463.457708120346,10000,ppo,ppo,crawler,flat,action_dth_tot_plus_friction_thdot_formula,,,,,,,,,,,,,,,0.0033834882722031706,0,781,0.0,0.0,,,,,,,,,,,,,,,,,,,,,,,,,,,,,,,,,,,,,,,,,,,,,,,,,,,,,,,,,,,,,,,,,,,,,,,,,,nan,,,,,,,,,,,,,,,
302,1636.7840576171875,0.01634947955608368,1.634947955608368,2471.3616585731506,10000,ppo,ppo,crawler,flat,action_dth_tot_plus_friction_thdot_formula,,,,,,,,,,,,,,,0.002840631276140438,0,781,0.0,0.0,,,,,,,,,,,,,,,,,,,,,,,,,,,,,,,,,,,,,,,,,,,,,,,,,,,,,,,,,,,,,,,,,,,,,,,,,,nan,,,,,,,,,,,,,,,
303,1531.8021240234375,0.015297957696020603,1.5297957696020603,2479.544042825699,10000,ppo,ppo,crawler,flat,action_dth_tot_plus_friction_thdot_formula,,,,,,,,,,,,,,,0.0034241172265638232,0,781,0.0,0.0,,,,,,,,,,,,,,,,,,,,,,,,,,,,,,,,,,,,,,,,,,,,,,,,,,,,,,,,,,,,,,,,,,,,,,,,,,nan,,,,,,,,,,,,,,,
304,1605.907958984375,0.016043145209550858,1.6043145209550858,2487.5436589717865,10000,ppo,ppo,crawler,flat,action_dth_tot_plus_friction_thdot_formula,,,,,,,,,,,,,,,0.0031978269792567325,0,781,0.0,0.0,,,,,,,,,,,,,,,,,,,,,,,,,,,,,,,,,,,,,,,,,,,,,,,,,,,,,,,,,,,,,,,,,,,,,,,,,,nan,,,,,,,,,,,,,,,
305,1617.571044921875,0.0161588191986084,1.6158819198608398,2495.776017665863,10000,ppo,ppo,crawler,flat,action_dth_tot_plus_friction_thdot_formula,,,,,,,,,,,,,,,0.0031896564794156377,0,781,0.0,0.0,,,,,,,,,,,,,,,,,,,,,,,,,,,,,,,,,,,,,,,,,,,,,,,,,,,,,,,,,,,,,,,,,,,,,,,,,,nan,,,,,,,,,,,,,,,
306,1649.6297607421875,0.016479013487696648,1.6479013487696648,2503.991174697876,10000,ppo,ppo,crawler,flat,action_dth_tot_plus_friction_thdot_formula,,,,,,,,,,,,,,,0.0041312552689218105,0,781,0.0,0.0,,,,,,,,,,,,,,,,,,,,,,,,,,,,,,,,,,,,,,,,,,,,,,,,,,,,,,,,,,,,,,,,,,,,,,,,,,nan,,,,,,,,,,,,,,,
307,1567.9619140625,0.015662742778658867,1.5662742778658867,2512.370539665222,10000,ppo,ppo,crawler,flat,action_dth_tot_plus_friction_thdot_formula,,,,,,,,,,,,,,,0.004023064961354338,0,781,0.0,0.0,,,,,,,,,,,,,,,,,,,,,,,,,,,,,,,,,,,,,,,,,,,,,,,,,,,,,,,,,,,,,,,,,,,,,,,,,,nan,,,,,,,,,,,,,,,
308,1550.71875,0.015485101379454136,1.5485101379454136,2520.8698828220367,10000,ppo,ppo,crawler,flat,action_dth_tot_plus_friction_thdot_formula,,,,,,,,,,,,,,,0.0035724110549054063,0,781,0.0,0.0,,,,,,,,,,,,,,,,,,,,,,,,,,,,,,,,,,,,,,,,,,,,,,,,,,,,,,,,,,,,,,,,,,,,,,,,,,nan,,,,,,,,,,,,,,,
309,1466.81640625,0.014650247059762478,1.4650247059762478,2529.0253949165344,10000,ppo,ppo,crawler,flat,action_dth_tot_plus_friction_thdot_formula,,,,,,,,,,,,,,,0.0033005816465414817,0,781,0.0,0.0,,,,,,,,,,,,,,,,,,,,,,,,,,,,,,,,,,,,,,,,,,,,,,,,,,,,,,,,,,,,,,,,,,,,,,,,,,nan,,,,,,,,,,,,,,,
310,1598.1947021484375,0.01596595160663128,1.596595160663128,2537.3442356586456,10000,ppo,ppo,crawler,flat,action_dth_tot_plus_friction_thdot_formula,,,,,,,,,,,,,,,0.0031039916911199997,0,781,0.0,0.0,,,,,,,,,,,,,,,,,,,,,,,,,,,,,,,,,,,,,,,,,,,,,,,,,,,,,,,,,,,,,,,,,,,,,,,,,,nan,,,,,,,,,,,,,,,
311,1602.380859375,0.016006533056497574,1.6006533056497574,2545.7406837940216,10000,ppo,ppo,crawler,flat,action_dth_tot_plus_friction_thdot_formula,,,,,,,,,,,,,,,0.004262320003548288,0,781,0.0,0.0,,,,,,,,,,,,,,,,,,,,,,,,,,,,,,,,,,,,,,,,,,,,,,,,,,,,,,,,,,,,,,,,,,,,,,,,,,nan,,,,,,,,,,,,,,,
312,1558.4119873046875,0.015566140413284302,1.5566140413284302,2553.808734893799,10000,ppo,ppo,crawler,flat,action_dth_tot_plus_friction_thdot_formula,,,,,,,,,,,,,,,0.00357893818139609,0,781,0.0,0.0,,,,,,,,,,,,,,,,,,,,,,,,,,,,,,,,,,,,,,,,,,,,,,,,,,,,,,,,,,,,,,,,,,,,,,,,,,nan,,,,,,,,,,,,,,,
313,1682.487548828125,0.01680915802717209,1.6809158027172089,2562.0499517917633,10000,ppo,ppo,crawler,flat,action_dth_tot_plus_friction_thdot_formula,,,,,,,,,,,,,,,0.004187112166756459,0,781,0.0,0.0,,,,,,,,,,,,,,,,,,,,,,,,,,,,,,,,,,,,,,,,,,,,,,,,,,,,,,,,,,,,,,,,,,,,,,,,,,nan,,,,,,,,,,,,,,,
314,1621.9957275390625,0.01619936153292656,1.619936153292656,2570.2618594169617,10000,ppo,ppo,crawler,flat,action_dth_tot_plus_friction_thdot_formula,,,,,,,,,,,,,,,0.004190228136092968,0,781,0.0,0.0,,,,,,,,,,,,,,,,,,,,,,,,,,,,,,,,,,,,,,,,,,,,,,,,,,,,,,,,,,,,,,,,,,,,,,,,,,nan,,,,,,,,,,,,,,,
315,1560.8690185546875,0.01559344120323658,1.559344120323658,2578.4138007164,10000,ppo,ppo,crawler,flat,action_dth_tot_plus_friction_thdot_formula,,,,,,,,,,,,,,,0.003742577613290535,0,781,0.0,0.0,,,,,,,,,,,,,,,,,,,,,,,,,,,,,,,,,,,,,,,,,,,,,,,,,,,,,,,,,,,,,,,,,,,,,,,,,,nan,,,,,,,,,,,,,,,
316,1451.1204833984375,0.014496082440018654,1.4496082440018654,2586.440448284149,10000,ppo,ppo,crawler,flat,action_dth_tot_plus_friction_thdot_formula,,,,,,,,,,,,,,,0.003301145250267479,0,781,0.0,0.0,,,,,,,,,,,,,,,,,,,,,,,,,,,,,,,,,,,,,,,,,,,,,,,,,,,,,,,,,,,,,,,,,,,,,,,,,,nan,,,,,,,,,,,,,,,
317,1459.0650634765625,0.014576125890016556,1.4576125890016556,2594.7901380062103,10000,ppo,ppo,crawler,flat,action_dth_tot_plus_friction_thdot_formula,,,,,,,,,,,,,,,0.003228127431776136,0,781,0.0,0.0,,,,,,,,,,,,,,,,,,,,,,,,,,,,,,,,,,,,,,,,,,,,,,,,,,,,,,,,,,,,,,,,,,,,,,,,,,nan,,,,,,,,,,,,,,,
318,1537.7352294921875,0.015358375385403633,1.5358375385403633,2603.1070668697357,10000,ppo,ppo,crawler,flat,action_dth_tot_plus_friction_thdot_formula,,,,,,,,,,,,,,,0.0034405161278508963,0,781,0.0,0.0,,,,,,,,,,,,,,,,,,,,,,,,,,,,,,,,,,,,,,,,,,,,,,,,,,,,,,,,,,,,,,,,,,,,,,,,,,nan,,,,,,,,,,,,,,,
319,1481.1473388671875,0.014796999283134937,1.4796999283134937,2611.3896617889404,10000,ppo,ppo,crawler,flat,action_dth_tot_plus_friction_thdot_formula,,,,,,,,,,,,,,,0.004745819816395948,0,781,0.0,0.0,,,,,,,,,,,,,,,,,,,,,,,,,,,,,,,,,,,,,,,,,,,,,,,,,,,,,,,,,,,,,,,,,,,,,,,,,,nan,,,,,,,,,,,,,,,
320,1453.4290771484375,0.014518910087645054,1.4518910087645054,2619.702051639557,10000,ppo,ppo,crawler,flat,action_dth_tot_plus_friction_thdot_formula,,,,,,,,,,,,,,,0.004637954096657447,0,781,0.0,0.0,,,,,,,,,,,,,,,,,,,,,,,,,,,,,,,,,,,,,,,,,,,,,,,,,,,,,,,,,,,,,,,,,,,,,,,,,,nan,,,,,,,,,,,,,,,
321,1379.6983642578125,0.013779696077108383,1.3779696077108383,2627.81830906868,10000,ppo,ppo,crawler,flat,action_dth_tot_plus_friction_thdot_formula,,,,,,,,,,,,,,,0.003538446557018238,0,781,0.0,0.0,,,,,,,,,,,,,,,,,,,,,,,,,,,,,,,,,,,,,,,,,,,,,,,,,,,,,,,,,,,,,,,,,,,,,,,,,,nan,,,,,,,,,,,,,,,
322,1709.2125244140625,0.01707438752055168,1.7074387520551682,2636.302315711975,10000,ppo,ppo,crawler,flat,action_dth_tot_plus_friction_thdot_formula,,,,,,,,,,,,,,,0.003763165241080514,0,781,0.0,0.0,,,,,,,,,,,,,,,,,,,,,,,,,,,,,,,,,,,,,,,,,,,,,,,,,,,,,,,,,,,,,,,,,,,,,,,,,,nan,,,,,,,,,,,,,,,
323,1478.6317138671875,0.014769039116799831,1.4769039116799831,2644.8564121723175,10000,ppo,ppo,crawler,flat,action_dth_tot_plus_friction_thdot_formula,,,,,,,,,,,,,,,0.00380273132713031,0,781,0.0,0.0,,,,,,,,,,,,,,,,,,,,,,,,,,,,,,,,,,,,,,,,,,,,,,,,,,,,,,,,,,,,,,,,,,,,,,,,,,nan,,,,,,,,,,,,,,,
324,1446.8648681640625,0.014451919123530388,1.4451919123530388,2653.230452775955,10000,ppo,ppo,crawler,flat,action_dth_tot_plus_friction_thdot_formula,,,,,,,,,,,,,,,0.0035779552386132176,0,781,0.0,0.0,,,,,,,,,,,,,,,,,,,,,,,,,,,,,,,,,,,,,,,,,,,,,,,,,,,,,,,,,,,,,,,,,,,,,,,,,,nan,,,,,,,,,,,,,,,
325,1558.3834228515625,0.015569133684039116,1.5569133684039116,2661.351722240448,10000,ppo,ppo,crawler,flat,action_dth_tot_plus_friction_thdot_formula,,,,,,,,,,,,,,,0.0031512923171700823,0,781,0.0,0.0,,,,,,,,,,,,,,,,,,,,,,,,,,,,,,,,,,,,,,,,,,,,,,,,,,,,,,,,,,,,,,,,,,,,,,,,,,nan,,,,,,,,,,,,,,,
326,1609.753173828125,0.01607595756649971,1.607595756649971,2669.836920261383,10000,ppo,ppo,crawler,flat,action_dth_tot_plus_friction_thdot_formula,,,,,,,,,,,,,,,0.003814882504313745,0,781,0.0,0.0,,,,,,,,,,,,,,,,,,,,,,,,,,,,,,,,,,,,,,,,,,,,,,,,,,,,,,,,,,,,,,,,,,,,,,,,,,nan,,,,,,,,,,,,,,,
327,1544.1910400390625,0.01542337890714407,1.542337890714407,2678.0773713588715,10000,ppo,ppo,crawler,flat,action_dth_tot_plus_friction_thdot_formula,,,,,,,,,,,,,,,0.003755511113920365,0,781,0.0,0.0,,,,,,,,,,,,,,,,,,,,,,,,,,,,,,,,,,,,,,,,,,,,,,,,,,,,,,,,,,,,,,,,,,,,,,,,,,nan,,,,,,,,,,,,,,,
328,1493.64697265625,0.014916690066456795,1.4916690066456795,2686.3718321323395,10000,ppo,ppo,crawler,flat,action_dth_tot_plus_friction_thdot_formula,,,,,,,,,,,,,,,0.0032864179140300862,0,781,0.0,0.0,,,,,,,,,,,,,,,,,,,,,,,,,,,,,,,,,,,,,,,,,,,,,,,,,,,,,,,,,,,,,,,,,,,,,,,,,,nan,,,,,,,,,,,,,,,
329,1543.165283203125,0.015416723676025867,1.5416723676025867,2694.7358753681183,10000,ppo,ppo,crawler,flat,action_dth_tot_plus_friction_thdot_formula,,,,,,,,,,,,,,,0.003761628092351285,0,781,0.0,0.0,,,,,,,,,,,,,,,,,,,,,,,,,,,,,,,,,,,,,,,,,,,,,,,,,,,,,,,,,,,,,,,,,,,,,,,,,,nan,,,,,,,,,,,,,,,
330,1546.939697265625,0.015453243628144264,1.5453243628144264,2702.896916627884,10000,ppo,ppo,crawler,flat,action_dth_tot_plus_friction_thdot_formula,,,,,,,,,,,,,,,0.004340265563365117,0,781,0.0,0.0,,,,,,,,,,,,,,,,,,,,,,,,,,,,,,,,,,,,,,,,,,,,,,,,,,,,,,,,,,,,,,,,,,,,,,,,,,nan,,,,,,,,,,,,,,,
331,1531.0887451171875,0.015296661294996738,1.5296661294996738,2711.2242913246155,10000,ppo,ppo,crawler,flat,action_dth_tot_plus_friction_thdot_formula,,,,,,,,,,,,,,,0.004158342968937541,0,781,0.0,0.0,,,,,,,,,,,,,,,,,,,,,,,,,,,,,,,,,,,,,,,,,,,,,,,,,,,,,,,,,,,,,,,,,,,,,,,,,,nan,,,,,,,,,,,,,,,
332,1605.89013671875,0.01604117453098297,1.6041174530982971,2719.318114042282,10000,ppo,ppo,crawler,flat,action_dth_tot_plus_friction_thdot_formula,,,,,,,,,,,,,,,0.0029828817426064856,0,781,0.0,0.0,,,,,,,,,,,,,,,,,,,,,,,,,,,,,,,,,,,,,,,,,,,,,,,,,,,,,,,,,,,,,,,,,,,,,,,,,,nan,,,,,,,,,,,,,,,
333,1651.3629150390625,0.016495563089847565,1.6495563089847565,2727.516395330429,10000,ppo,ppo,crawler,flat,action_dth_tot_plus_friction_thdot_formula,,,,,,,,,,,,,,,0.0035322302317490656,0,781,0.0,0.0,,,,,,,,,,,,,,,,,,,,,,,,,,,,,,,,,,,,,,,,,,,,,,,,,,,,,,,,,,,,,,,,,,,,,,,,,,nan,,,,,,,,,,,,,,,
334,1580.8365478515625,0.015794318169355392,1.5794318169355392,2735.7418220043182,10000,ppo,ppo,crawler,flat,action_dth_tot_plus_friction_thdot_formula,,,,,,,,,,,,,,,0.0035278034471670017,0,781,0.0,0.0,,,,,,,,,,,,,,,,,,,,,,,,,,,,,,,,,,,,,,,,,,,,,,,,,,,,,,,,,,,,,,,,,,,,,,,,,,nan,,,,,,,,,,,,,,,
335,1556.047119140625,0.015543120913207531,1.554312091320753,2743.986801624298,10000,ppo,ppo,crawler,flat,action_dth_tot_plus_friction_thdot_formula,,,,,,,,,,,,,,,0.003074157185858192,0,781,0.0,0.0,,,,,,,,,,,,,,,,,,,,,,,,,,,,,,,,,,,,,,,,,,,,,,,,,,,,,,,,,,,,,,,,,,,,,,,,,,nan,,,,,,,,,,,,,,,
336,1636.882080078125,0.016351863741874695,1.6351863741874695,2752.4348278045654,10000,ppo,ppo,crawler,flat,action_dth_tot_plus_friction_thdot_formula,,,,,,,,,,,,,,,0.003955648909449618,0,781,0.0,0.0,,,,,,,,,,,,,,,,,,,,,,,,,,,,,,,,,,,,,,,,,,,,,,,,,,,,,,,,,,,,,,,,,,,,,,,,,,nan,,,,,,,,,,,,,,,
337,1553.5565185546875,0.015514092519879341,1.5514092519879341,2760.814543247223,10000,ppo,ppo,crawler,flat,action_dth_tot_plus_friction_thdot_formula,,,,,,,,,,,,,,,0.003593271543626899,0,781,0.0,0.0,,,,,,,,,,,,,,,,,,,,,,,,,,,,,,,,,,,,,,,,,,,,,,,,,,,,,,,,,,,,,,,,,,,,,,,,,,nan,,,,,,,,,,,,,,,
338,1690.571533203125,0.016889849677681923,1.6889849677681923,2768.839375257492,10000,ppo,ppo,crawler,flat,action_dth_tot_plus_friction_thdot_formula,,,,,,,,,,,,,,,0.003818062923579726,0,781,0.0,0.0,,,,,,,,,,,,,,,,,,,,,,,,,,,,,,,,,,,,,,,,,,,,,,,,,,,,,,,,,,,,,,,,,,,,,,,,,,nan,,,,,,,,,,,,,,,
339,1633.5960693359375,0.016318749636411667,1.6318749636411667,2776.9025826454163,10000,ppo,ppo,crawler,flat,action_dth_tot_plus_friction_thdot_formula,,,,,,,,,,,,,,,0.004172905130316617,0,781,0.0,0.0,,,,,,,,,,,,,,,,,,,,,,,,,,,,,,,,,,,,,,,,,,,,,,,,,,,,,,,,,,,,,,,,,,,,,,,,,,nan,,,,,,,,,,,,,,,
340,1656.111572265625,0.0165456160902977,1.65456160902977,2784.8548007011414,10000,ppo,ppo,crawler,flat,action_dth_tot_plus_friction_thdot_formula,,,,,,,,,,,,,,,0.004385287158670281,0,781,0.0,0.0,,,,,,,,,,,,,,,,,,,,,,,,,,,,,,,,,,,,,,,,,,,,,,,,,,,,,,,,,,,,,,,,,,,,,,,,,,nan,,,,,,,,,,,,,,,
341,1569.490478515625,0.015674585476517677,1.5674585476517677,2793.4077384471893,10000,ppo,ppo,crawler,flat,action_dth_tot_plus_friction_thdot_formula,,,,,,,,,,,,,,,0.003850264349129831,0,781,0.0,0.0,,,,,,,,,,,,,,,,,,,,,,,,,,,,,,,,,,,,,,,,,,,,,,,,,,,,,,,,,,,,,,,,,,,,,,,,,,nan,,,,,,,,,,,,,,,
342,1556.6090087890625,0.015552026219666004,1.5552026219666004,2801.37562084198,10000,ppo,ppo,crawler,flat,action_dth_tot_plus_friction_thdot_formula,,,,,,,,,,,,,,,0.003696992174870121,0,781,0.0,0.0,,,,,,,,,,,,,,,,,,,,,,,,,,,,,,,,,,,,,,,,,,,,,,,,,,,,,,,,,,,,,,,,,,,,,,,,,,nan,,,,,,,,,,,,,,,
343,1669.4769287109375,0.016677599400281906,1.6677599400281906,2809.7786481380463,10000,ppo,ppo,crawler,flat,action_dth_tot_plus_friction_thdot_formula,,,,,,,,,,,,,,,0.0035011725090760095,0,781,0.0,0.0,,,,,,,,,,,,,,,,,,,,,,,,,,,,,,,,,,,,,,,,,,,,,,,,,,,,,,,,,,,,,,,,,,,,,,,,,,nan,,,,,,,,,,,,,,,
344,1623.4183349609375,0.016223235055804253,1.6223235055804253,2817.88662314415,10000,ppo,ppo,crawler,flat,action_dth_tot_plus_friction_thdot_formula,,,,,,,,,,,,,,,0.0037405795777927867,0,781,0.0,0.0,,,,,,,,,,,,,,,,,,,,,,,,,,,,,,,,,,,,,,,,,,,,,,,,,,,,,,,,,,,,,,,,,,,,,,,,,,nan,,,,,,,,,,,,,,,
345,1621.3406982421875,0.016190456226468086,1.6190456226468086,2825.9255566596985,10000,ppo,ppo,crawler,flat,action_dth_tot_plus_friction_thdot_formula,,,,,,,,,,,,,,,0.003810120493539689,0,781,0.0,0.0,,,,,,,,,,,,,,,,,,,,,,,,,,,,,,,,,,,,,,,,,,,,,,,,,,,,,,,,,,,,,,,,,,,,,,,,,,nan,,,,,,,,,,,,,,,
346,1706.2684326171875,0.017046552151441574,1.7046552151441574,2834.1179523468018,10000,ppo,ppo,crawler,flat,action_dth_tot_plus_friction_thdot_formula,,,,,,,,,,,,,,,0.0036289496538476724,0,781,0.0,0.0,,,,,,,,,,,,,,,,,,,,,,,,,,,,,,,,,,,,,,,,,,,,,,,,,,,,,,,,,,,,,,,,,,,,,,,,,,nan,,,,,,,,,,,,,,,
347,1470.2705078125,0.014684141613543034,1.4684141613543034,2842.5106370449066,10000,ppo,ppo,crawler,flat,action_dth_tot_plus_friction_thdot_formula,,,,,,,,,,,,,,,0.004713022232081899,0,781,0.0,0.0,,,,,,,,,,,,,,,,,,,,,,,,,,,,,,,,,,,,,,,,,,,,,,,,,,,,,,,,,,,,,,,,,,,,,,,,,,nan,,,,,,,,,,,,,,,
348,1523.5350341796875,0.015218273736536503,1.5218273736536503,2850.618410587311,10000,ppo,ppo,crawler,flat,action_dth_tot_plus_friction_thdot_formula,,,,,,,,,,,,,,,0.004520004012130938,0,781,0.0,0.0,,,,,,,,,,,,,,,,,,,,,,,,,,,,,,,,,,,,,,,,,,,,,,,,,,,,,,,,,,,,,,,,,,,,,,,,,,nan,,,,,,,,,,,,,,,
349,1507.6190185546875,0.01506184320896864,1.506184320896864,2858.68469953537,10000,ppo,ppo,crawler,flat,action_dth_tot_plus_friction_thdot_formula,,,,,,,,,,,,,,,0.00447917312700999,0,781,0.0,0.0,,,,,,,,,,,,,,,,,,,,,,,,,,,,,,,,,,,,,,,,,,,,,,,,,,,,,,,,,,,,,,,,,,,,,,,,,,nan,,,,,,,,,,,,,,,
350,1437.5106201171875,0.01435413584113121,1.435413584113121,2866.7210059165955,10000,ppo,ppo,crawler,flat,action_dth_tot_plus_friction_thdot_formula,,,,,,,,,,,,,,,0.004212219069685629,0,781,0.0,0.0,,,,,,,,,,,,,,,,,,,,,,,,,,,,,,,,,,,,,,,,,,,,,,,,,,,,,,,,,,,,,,,,,,,,,,,,,,nan,,,,,,,,,,,,,,,
351,1641.385986328125,0.016395583748817444,1.6395583748817444,2875.10670542717,10000,ppo,ppo,crawler,flat,action_dth_tot_plus_friction_thdot_formula,,,,,,,,,,,,,,,0.003965522077615181,0,781,0.0,0.0,,,,,,,,,,,,,,,,,,,,,,,,,,,,,,,,,,,,,,,,,,,,,,,,,,,,,,,,,,,,,,,,,,,,,,,,,,nan,,,,,,,,,,,,,,,
352,1701.856689453125,0.016998006030917168,1.6998006030917168,2883.400493144989,10000,ppo,ppo,crawler,flat,action_dth_tot_plus_friction_thdot_formula,,,,,,,,,,,,,,,0.003694300908154406,0,781,0.0,0.0,,,,,,,,,,,,,,,,,,,,,,,,,,,,,,,,,,,,,,,,,,,,,,,,,,,,,,,,,,,,,,,,,,,,,,,,,,nan,,,,,,,,,,,,,,,
353,1628.049072265625,0.016263436526060104,1.6263436526060104,2891.7364225387573,10000,ppo,ppo,crawler,flat,action_dth_tot_plus_friction_thdot_formula,,,,,,,,,,,,,,,0.004067786196371953,0,781,0.0,0.0,,,,,,,,,,,,,,,,,,,,,,,,,,,,,,,,,,,,,,,,,,,,,,,,,,,,,,,,,,,,,,,,,,,,,,,,,,nan,,,,,,,,,,,,,,,
354,1629.734619140625,0.016279952600598335,1.6279952600598335,2900.049258708954,10000,ppo,ppo,crawler,flat,action_dth_tot_plus_friction_thdot_formula,,,,,,,,,,,,,,,0.003695525823090352,0,781,0.0,0.0,,,,,,,,,,,,,,,,,,,,,,,,,,,,,,,,,,,,,,,,,,,,,,,,,,,,,,,,,,,,,,,,,,,,,,,,,,nan,,,,,,,,,,,,,,,
355,1619.8927001953125,0.01617988757789135,1.617988757789135,2908.555784225464,10000,ppo,ppo,crawler,flat,action_dth_tot_plus_friction_thdot_formula,,,,,,,,,,,,,,,0.003777896980418157,0,781,0.0,0.0,,,,,,,,,,,,,,,,,,,,,,,,,,,,,,,,,,,,,,,,,,,,,,,,,,,,,,,,,,,,,,,,,,,,,,,,,,nan,,,,,,,,,,,,,,,
356,1639.2281494140625,0.01637605018913746,1.6376050189137459,2916.4304497241974,10000,ppo,ppo,crawler,flat,action_dth_tot_plus_friction_thdot_formula,,,,,,,,,,,,,,,0.004120999499900558,0,781,0.0,0.0,,,,,,,,,,,,,,,,,,,,,,,,,,,,,,,,,,,,,,,,,,,,,,,,,,,,,,,,,,,,,,,,,,,,,,,,,,nan,,,,,,,,,,,,,,,
357,1595.0531005859375,0.015930786728858948,1.5930786728858948,2924.8696632385254,10000,ppo,ppo,crawler,flat,action_dth_tot_plus_friction_thdot_formula,,,,,,,,,,,,,,,0.004363138391837542,0,781,0.0,0.0,,,,,,,,,,,,,,,,,,,,,,,,,,,,,,,,,,,,,,,,,,,,,,,,,,,,,,,,,,,,,,,,,,,,,,,,,,nan,,,,,,,,,,,,,,,
358,1665.9951171875,0.01664571836590767,1.664571836590767,2932.9878475666046,10000,ppo,ppo,crawler,flat,action_dth_tot_plus_friction_thdot_formula,,,,,,,,,,,,,,,0.004398301076612026,0,781,0.0,0.0,,,,,,,,,,,,,,,,,,,,,,,,,,,,,,,,,,,,,,,,,,,,,,,,,,,,,,,,,,,,,,,,,,,,,,,,,,nan,,,,,,,,,,,,,,,
359,1730.2156982421875,0.017283108085393906,1.7283108085393906,2941.181529521942,10000,ppo,ppo,crawler,flat,action_dth_tot_plus_friction_thdot_formula,,,,,,,,,,,,,,,0.0036279982750819194,0,781,0.0,0.0,,,,,,,,,,,,,,,,,,,,,,,,,,,,,,,,,,,,,,,,,,,,,,,,,,,,,,,,,,,,,,,,,,,,,,,,,,nan,,,,,,,,,,,,,,,
360,1622.3167724609375,0.01620578020811081,1.620578020811081,2949.348094701767,10000,ppo,ppo,crawler,flat,action_dth_tot_plus_friction_thdot_formula,,,,,,,,,,,,,,,0.0038271606129906574,0,781,0.0,0.0,,,,,,,,,,,,,,,,,,,,,,,,,,,,,,,,,,,,,,,,,,,,,,,,,,,,,,,,,,,,,,,,,,,,,,,,,,nan,,,,,,,,,,,,,,,
361,1667.1302490234375,0.016655713319778442,1.6655713319778442,2957.653826236725,10000,ppo,ppo,crawler,flat,action_dth_tot_plus_friction_thdot_formula,,,,,,,,,,,,,,,0.0033571883838113383,0,781,0.0,0.0,,,,,,,,,,,,,,,,,,,,,,,,,,,,,,,,,,,,,,,,,,,,,,,,,,,,,,,,,,,,,,,,,,,,,,,,,,nan,,,,,,,,,,,,,,,
362,1616.79150390625,0.016148719936609268,1.6148719936609268,2965.7244081497192,10000,ppo,ppo,crawler,flat,action_dth_tot_plus_friction_thdot_formula,,,,,,,,,,,,,,,0.003632905812833873,0,781,0.0,0.0,,,,,,,,,,,,,,,,,,,,,,,,,,,,,,,,,,,,,,,,,,,,,,,,,,,,,,,,,,,,,,,,,,,,,,,,,,nan,,,,,,,,,,,,,,,
363,1677.8739013671875,0.016760101541876793,1.6760101541876793,2974.1928799152374,10000,ppo,ppo,crawler,flat,action_dth_tot_plus_friction_thdot_formula,,,,,,,,,,,,,,,0.003586694845077421,0,781,0.0,0.0,,,,,,,,,,,,,,,,,,,,,,,,,,,,,,,,,,,,,,,,,,,,,,,,,,,,,,,,,,,,,,,,,,,,,,,,,,nan,,,,,,,,,,,,,,,
364,1741.9351806640625,0.017398299649357796,1.7398299649357796,2982.530284166336,10000,ppo,ppo,crawler,flat,action_dth_tot_plus_friction_thdot_formula,,,,,,,,,,,,,,,0.0037228296951792666,0,781,0.0,0.0,,,,,,,,,,,,,,,,,,,,,,,,,,,,,,,,,,,,,,,,,,,,,,,,,,,,,,,,,,,,,,,,,,,,,,,,,,nan,,,,,,,,,,,,,,,
365,1660.4949951171875,0.016588382422924042,1.6588382422924042,2990.6199810504913,10000,ppo,ppo,crawler,flat,action_dth_tot_plus_friction_thdot_formula,,,,,,,,,,,,,,,0.003352212100538691,0,781,0.0,0.0,,,,,,,,,,,,,,,,,,,,,,,,,,,,,,,,,,,,,,,,,,,,,,,,,,,,,,,,,,,,,,,,,,,,,,,,,,nan,,,,,,,,,,,,,,,
366,1676.625,0.016751626506447792,1.6751626506447792,2999.0496368408203,10000,ppo,ppo,crawler,flat,action_dth_tot_plus_friction_thdot_formula,,,,,,,,,,,,,,,0.0032290733569461457,0,781,0.0,0.0,,,,,,,,,,,,,,,,,,,,,,,,,,,,,,,,,,,,,,,,,,,,,,,,,,,,,,,,,,,,,,,,,,,,,,,,,,nan,,,,,,,,,,,,,,,
367,1661.0638427734375,0.016592081636190414,1.6592081636190414,3007.4161434173584,10000,ppo,ppo,crawler,flat,action_dth_tot_plus_friction_thdot_formula,,,,,,,,,,,,,,,0.004208229400489418,0,781,0.0,0.0,,,,,,,,,,,,,,,,,,,,,,,,,,,,,,,,,,,,,,,,,,,,,,,,,,,,,,,,,,,,,,,,,,,,,,,,,,nan,,,,,,,,,,,,,,,
368,1743.3909912109375,0.017419153824448586,1.7419153824448586,3015.6512932777405,10000,ppo,ppo,crawler,flat,action_dth_tot_plus_friction_thdot_formula,,,,,,,,,,,,,,,0.004066352401456108,0,781,0.0,0.0,,,,,,,,,,,,,,,,,,,,,,,,,,,,,,,,,,,,,,,,,,,,,,,,,,,,,,,,,,,,,,,,,,,,,,,,,,nan,,,,,,,,,,,,,,,
369,1662.51171875,0.01660534180700779,1.660534180700779,3023.6466867923737,10000,ppo,ppo,crawler,flat,action_dth_tot_plus_friction_thdot_formula,,,,,,,,,,,,,,,0.003594768131379856,0,781,0.0,0.0,,,,,,,,,,,,,,,,,,,,,,,,,,,,,,,,,,,,,,,,,,,,,,,,,,,,,,,,,,,,,,,,,,,,,,,,,,nan,,,,,,,,,,,,,,,
370,1727.6971435546875,0.01725911907851696,1.725911907851696,3032.120537996292,10000,ppo,ppo,crawler,flat,action_dth_tot_plus_friction_thdot_formula,,,,,,,,,,,,,,,0.004122457336406337,0,781,0.0,0.0,,,,,,,,,,,,,,,,,,,,,,,,,,,,,,,,,,,,,,,,,,,,,,,,,,,,,,,,,,,,,,,,,,,,,,,,,,nan,,,,,,,,,,,,,,,
371,1610.853515625,0.016095107421278954,1.6095107421278954,3040.436418533325,10000,ppo,ppo,crawler,flat,action_dth_tot_plus_friction_thdot_formula,,,,,,,,,,,,,,,0.004283687790443467,0,781,0.0,0.0,,,,,,,,,,,,,,,,,,,,,,,,,,,,,,,,,,,,,,,,,,,,,,,,,,,,,,,,,,,,,,,,,,,,,,,,,,nan,,,,,,,,,,,,,,,
372,1609.880126953125,0.01608497090637684,1.6084970906376839,3048.5178673267365,10000,ppo,ppo,crawler,flat,action_dth_tot_plus_friction_thdot_formula,,,,,,,,,,,,,,,0.003918712237768147,0,781,0.0,0.0,,,,,,,,,,,,,,,,,,,,,,,,,,,,,,,,,,,,,,,,,,,,,,,,,,,,,,,,,,,,,,,,,,,,,,,,,,nan,,,,,,,,,,,,,,,
373,1719.1787109375,0.017171239480376244,1.7171239480376244,3056.6635644435883,10000,ppo,ppo,crawler,flat,action_dth_tot_plus_friction_thdot_formula,,,,,,,,,,,,,,,0.0038236038445655456,0,781,0.0,0.0,,,,,,,,,,,,,,,,,,,,,,,,,,,,,,,,,,,,,,,,,,,,,,,,,,,,,,,,,,,,,,,,,,,,,,,,,,nan,,,,,,,,,,,,,,,
374,1668.7279052734375,0.016667848452925682,1.6667848452925682,3065.057634115219,10000,ppo,ppo,crawler,flat,action_dth_tot_plus_friction_thdot_formula,,,,,,,,,,,,,,,0.004601557788641219,0,781,0.0,0.0,,,,,,,,,,,,,,,,,,,,,,,,,,,,,,,,,,,,,,,,,,,,,,,,,,,,,,,,,,,,,,,,,,,,,,,,,,nan,,,,,,,,,,,,,,,
375,1676.8226318359375,0.01675383187830448,1.6753831878304482,3073.271136522293,10000,ppo,ppo,crawler,flat,action_dth_tot_plus_friction_thdot_formula,,,,,,,,,,,,,,,0.0038495088568811092,0,781,0.0,0.0,,,,,,,,,,,,,,,,,,,,,,,,,,,,,,,,,,,,,,,,,,,,,,,,,,,,,,,,,,,,,,,,,,,,,,,,,,nan,,,,,,,,,,,,,,,
376,1651.8695068359375,0.01650538109242916,1.650538109242916,3081.651725769043,10000,ppo,ppo,crawler,flat,action_dth_tot_plus_friction_thdot_formula,,,,,,,,,,,,,,,0.003757551405310545,0,781,0.0,0.0,,,,,,,,,,,,,,,,,,,,,,,,,,,,,,,,,,,,,,,,,,,,,,,,,,,,,,,,,,,,,,,,,,,,,,,,,,nan,,,,,,,,,,,,,,,
377,1641.6734619140625,0.016399402171373367,1.6399402171373367,3090.0396478176117,10000,ppo,ppo,crawler,flat,action_dth_tot_plus_friction_thdot_formula,,,,,,,,,,,,,,,0.004113379698304851,0,781,0.0,0.0,,,,,,,,,,,,,,,,,,,,,,,,,,,,,,,,,,,,,,,,,,,,,,,,,,,,,,,,,,,,,,,,,,,,,,,,,,nan,,,,,,,,,,,,,,,
378,1732.8685302734375,0.017306465655565262,1.7306465655565262,3098.305665254593,10000,ppo,ppo,crawler,flat,action_dth_tot_plus_friction_thdot_formula,,,,,,,,,,,,,,,0.0038468647829022033,0,781,0.0,0.0,,,,,,,,,,,,,,,,,,,,,,,,,,,,,,,,,,,,,,,,,,,,,,,,,,,,,,,,,,,,,,,,,,,,,,,,,,nan,,,,,,,,,,,,,,,
379,1705.365234375,0.017035651952028275,1.7035651952028275,3106.7430448532104,10000,ppo,ppo,crawler,flat,action_dth_tot_plus_friction_thdot_formula,,,,,,,,,,,,,,,0.004370950562784045,0,781,0.0,0.0,,,,,,,,,,,,,,,,,,,,,,,,,,,,,,,,,,,,,,,,,,,,,,,,,,,,,,,,,,,,,,,,,,,,,,,,,,nan,,,,,,,,,,,,,,,
380,1717.784423828125,0.017156364396214485,1.7156364396214485,3114.784096956253,10000,ppo,ppo,crawler,flat,action_dth_tot_plus_friction_thdot_formula,,,,,,,,,,,,,,,0.004871524931025535,0,781,0.0,0.0,,,,,,,,,,,,,,,,,,,,,,,,,,,,,,,,,,,,,,,,,,,,,,,,,,,,,,,,,,,,,,,,,,,,,,,,,,nan,,,,,,,,,,,,,,,
381,1715.4761962890625,0.017134591937065125,1.7134591937065125,3122.9691712856293,10000,ppo,ppo,crawler,flat,action_dth_tot_plus_friction_thdot_formula,,,,,,,,,,,,,,,0.0038936344390420813,0,781,0.0,0.0,,,,,,,,,,,,,,,,,,,,,,,,,,,,,,,,,,,,,,,,,,,,,,,,,,,,,,,,,,,,,,,,,,,,,,,,,,nan,,,,,,,,,,,,,,,
382,1642.7498779296875,0.01641026698052883,1.6410266980528831,3131.445809841156,10000,ppo,ppo,crawler,flat,action_dth_tot_plus_friction_thdot_formula,,,,,,,,,,,,,,,0.003663463326370482,0,781,0.0,0.0,,,,,,,,,,,,,,,,,,,,,,,,,,,,,,,,,,,,,,,,,,,,,,,,,,,,,,,,,,,,,,,,,,,,,,,,,,nan,,,,,,,,,,,,,,,
383,1759.7059326171875,0.0175835732370615,1.75835732370615,3139.696012020111,10000,ppo,ppo,crawler,flat,action_dth_tot_plus_friction_thdot_formula,,,,,,,,,,,,,,,0.0035797247746464454,0,781,0.0,0.0,,,,,,,,,,,,,,,,,,,,,,,,,,,,,,,,,,,,,,,,,,,,,,,,,,,,,,,,,,,,,,,,,,,,,,,,,,nan,,,,,,,,,,,,,,,
384,1776.271484375,0.017740707844495773,1.7740707844495773,3147.9338386058807,10000,ppo,ppo,crawler,flat,action_dth_tot_plus_friction_thdot_formula,,,,,,,,,,,,,,,0.0047694714141818225,0,781,0.0,0.0,,,,,,,,,,,,,,,,,,,,,,,,,,,,,,,,,,,,,,,,,,,,,,,,,,,,,,,,,,,,,,,,,,,,,,,,,,nan,,,,,,,,,,,,,,,
385,1716.8602294921875,0.017154216766357422,1.7154216766357422,3156.2809839248657,10000,ppo,ppo,crawler,flat,action_dth_tot_plus_friction_thdot_formula,,,,,,,,,,,,,,,0.0038924675934027438,0,781,0.0,0.0,,,,,,,,,,,,,,,,,,,,,,,,,,,,,,,,,,,,,,,,,,,,,,,,,,,,,,,,,,,,,,,,,,,,,,,,,,nan,,,,,,,,,,,,,,,
386,1655.2222900390625,0.016534030437469482,1.6534030437469482,3164.333645582199,10000,ppo,ppo,crawler,flat,action_dth_tot_plus_friction_thdot_formula,,,,,,,,,,,,,,,0.003622621033032438,0,781,0.0,0.0,,,,,,,,,,,,,,,,,,,,,,,,,,,,,,,,,,,,,,,,,,,,,,,,,,,,,,,,,,,,,,,,,,,,,,,,,,nan,,,,,,,,,,,,,,,
387,1689.181640625,0.01687629334628582,1.687629334628582,3172.686142206192,10000,ppo,ppo,crawler,flat,action_dth_tot_plus_friction_thdot_formula,,,,,,,,,,,,,,,0.004341666497447839,0,781,0.0,0.0,,,,,,,,,,,,,,,,,,,,,,,,,,,,,,,,,,,,,,,,,,,,,,,,,,,,,,,,,,,,,,,,,,,,,,,,,,nan,,,,,,,,,,,,,,,
388,1682.5423583984375,0.016806356608867645,1.6806356608867645,3181.111648082733,10000,ppo,ppo,crawler,flat,action_dth_tot_plus_friction_thdot_formula,,,,,,,,,,,,,,,0.0038298507548302826,0,781,0.0,0.0,,,,,,,,,,,,,,,,,,,,,,,,,,,,,,,,,,,,,,,,,,,,,,,,,,,,,,,,,,,,,,,,,,,,,,,,,,nan,,,,,,,,,,,,,,,
389,1666.2879638671875,0.016646211966872215,1.6646211966872215,3189.485968351364,10000,ppo,ppo,crawler,flat,action_dth_tot_plus_friction_thdot_formula,,,,,,,,,,,,,,,0.0048390073253368904,0,781,0.0,0.0,,,,,,,,,,,,,,,,,,,,,,,,,,,,,,,,,,,,,,,,,,,,,,,,,,,,,,,,,,,,,,,,,,,,,,,,,,nan,,,,,,,,,,,,,,,
390,1622.3807373046875,0.01620691455900669,1.620691455900669,3197.8661739826202,10000,ppo,ppo,crawler,flat,action_dth_tot_plus_friction_thdot_formula,,,,,,,,,,,,,,,0.004137794977881577,0,781,0.0,0.0,,,,,,,,,,,,,,,,,,,,,,,,,,,,,,,,,,,,,,,,,,,,,,,,,,,,,,,,,,,,,,,,,,,,,,,,,,nan,,,,,,,,,,,,,,,
391,1684.390625,0.0168247539550066,1.68247539550066,3206.29575920105,10000,ppo,ppo,crawler,flat,action_dth_tot_plus_friction_thdot_formula,,,,,,,,,,,,,,,0.0039045761781178233,0,781,0.0,0.0,,,,,,,,,,,,,,,,,,,,,,,,,,,,,,,,,,,,,,,,,,,,,,,,,,,,,,,,,,,,,,,,,,,,,,,,,,nan,,,,,,,,,,,,,,,
392,1687.798095703125,0.016863258555531502,1.6863258555531502,3214.610513687134,10000,ppo,ppo,crawler,flat,action_dth_tot_plus_friction_thdot_formula,,,,,,,,,,,,,,,0.0030436897792340055,0,781,0.0,0.0,,,,,,,,,,,,,,,,,,,,,,,,,,,,,,,,,,,,,,,,,,,,,,,,,,,,,,,,,,,,,,,,,,,,,,,,,,nan,,,,,,,,,,,,,,,
393,1765.4410400390625,0.01763920858502388,1.763920858502388,3222.5448834896088,10000,ppo,ppo,crawler,flat,action_dth_tot_plus_friction_thdot_formula,,,,,,,,,,,,,,,0.0043825322733288714,0,781,0.0,0.0,,,,,,,,,,,,,,,,,,,,,,,,,,,,,,,,,,,,,,,,,,,,,,,,,,,,,,,,,,,,,,,,,,,,,,,,,,nan,,,,,,,,,,,,,,,
394,1720.9647216796875,0.017191344872117043,1.7191344872117043,3230.7757625579834,10000,ppo,ppo,crawler,flat,action_dth_tot_plus_friction_thdot_formula,,,,,,,,,,,,,,,0.004205298657842378,0,781,0.0,0.0,,,,,,,,,,,,,,,,,,,,,,,,,,,,,,,,,,,,,,,,,,,,,,,,,,,,,,,,,,,,,,,,,,,,,,,,,,nan,,,,,,,,,,,,,,,
395,1715.2176513671875,0.017131250351667404,1.7131250351667404,3239.2277550697327,10000,ppo,ppo,crawler,flat,action_dth_tot_plus_friction_thdot_formula,,,,,,,,,,,,,,,0.003914365131163817,0,781,0.0,0.0,,,,,,,,,,,,,,,,,,,,,,,,,,,,,,,,,,,,,,,,,,,,,,,,,,,,,,,,,,,,,,,,,,,,,,,,,,nan,,,,,,,,,,,,,,,
396,1619.787353515625,0.016183990985155106,1.6183990985155106,3247.5822994709015,10000,ppo,ppo,crawler,flat,action_dth_tot_plus_friction_thdot_formula,,,,,,,,,,,,,,,0.0043090567264494825,0,781,0.0,0.0,,,,,,,,,,,,,,,,,,,,,,,,,,,,,,,,,,,,,,,,,,,,,,,,,,,,,,,,,,,,,,,,,,,,,,,,,,nan,,,,,,,,,,,,,,,
397,1632.0211181640625,0.016298362985253334,1.6298362985253334,3255.7363324165344,10000,ppo,ppo,crawler,flat,action_dth_tot_plus_friction_thdot_formula,,,,,,,,,,,,,,,0.0041584933196238,0,781,0.0,0.0,,,,,,,,,,,,,,,,,,,,,,,,,,,,,,,,,,,,,,,,,,,,,,,,,,,,,,,,,,,,,,,,,,,,,,,,,,nan,,,,,,,,,,,,,,,
398,1714.9417724609375,0.017130184918642044,1.7130184918642044,3263.9233672618866,10000,ppo,ppo,crawler,flat,action_dth_tot_plus_friction_thdot_formula,,,,,,,,,,,,,,,0.004095599978116416,0,781,0.0,0.0,,,,,,,,,,,,,,,,,,,,,,,,,,,,,,,,,,,,,,,,,,,,,,,,,,,,,,,,,,,,,,,,,,,,,,,,,,nan,,,,,,,,,,,,,,,
399,1730.358642578125,0.017284715548157692,1.7284715548157692,3272.486537218094,10000,ppo,ppo,crawler,flat,action_dth_tot_plus_friction_thdot_formula,,,,,,,,,,,,,,,0.004485571371305259,0,781,0.0,0.0,,,,,,,,,,,,,,,,,,,,,,,,,,,,,,,,,,,,,,,,,,,,,,,,,,,,,,,,,,,,,,,,,,,,,,,,,,nan,,,,,,,,,,,,,,,
400,1697.2275390625,0.01695798709988594,1.695798709988594,3280.636878490448,10000,ppo,ppo,crawler,flat,action_dth_tot_plus_friction_thdot_formula,,,,,,,,,,,,,,,0.0033151367359506097,0,781,0.0,0.0,,,,,,,,,,,,,,,,,,,,,,,,,,,,,,,,,,,,,,,,,,,,,,,,,,,,,,,,,,,,,,,,,,,,,,,,,,nan,,,,,,,,,,,,,,,
401,1747.9293212890625,0.01745867356657982,1.7458673566579819,3288.91760802269,10000,ppo,ppo,crawler,flat,action_dth_tot_plus_friction_thdot_formula,,,,,,,,,,,,,,,0.004313943773502408,0,781,0.0,0.0,,,,,,,,,,,,,,,,,,,,,,,,,,,,,,,,,,,,,,,,,,,,,,,,,,,,,,,,,,,,,,,,,,,,,,,,,,nan,,,,,,,,,,,,,,,
402,1766.40234375,0.01764523983001709,1.764523983001709,3297.426627635956,10000,ppo,ppo,crawler,flat,action_dth_tot_plus_friction_thdot_formula,,,,,,,,,,,,,,,0.0036471986701347115,0,781,0.0,0.0,,,,,,,,,,,,,,,,,,,,,,,,,,,,,,,,,,,,,,,,,,,,,,,,,,,,,,,,,,,,,,,,,,,,,,,,,,nan,,,,,,,,,,,,,,,
403,1794.335205078125,0.0179226566106081,1.79226566106081,3305.6483602523804,10000,ppo,ppo,crawler,flat,action_dth_tot_plus_friction_thdot_formula,,,,,,,,,,,,,,,0.004124435660673458,0,781,0.0,0.0,,,,,,,,,,,,,,,,,,,,,,,,,,,,,,,,,,,,,,,,,,,,,,,,,,,,,,,,,,,,,,,,,,,,,,,,,,nan,,,,,,,,,,,,,,,
404,1863.7333984375,0.018618931993842125,1.8618931993842125,3314.1408321857452,10000,ppo,ppo,crawler,flat,action_dth_tot_plus_friction_thdot_formula,,,,,,,,,,,,,,,0.0032844994145683425,0,781,0.0,0.0,,,,,,,,,,,,,,,,,,,,,,,,,,,,,,,,,,,,,,,,,,,,,,,,,,,,,,,,,,,,,,,,,,,,,,,,,,nan,,,,,,,,,,,,,,,
405,1816.6851806640625,0.01815030537545681,1.815030537545681,3322.7592136859894,10000,ppo,ppo,crawler,flat,action_dth_tot_plus_friction_thdot_formula,,,,,,,,,,,,,,,0.0037738613899983226,0,781,0.0,0.0,,,,,,,,,,,,,,,,,,,,,,,,,,,,,,,,,,,,,,,,,,,,,,,,,,,,,,,,,,,,,,,,,,,,,,,,,,nan,,,,,,,,,,,,,,,
406,1794.576416015625,0.01792556419968605,1.792556419968605,3330.7979753017426,10000,ppo,ppo,crawler,flat,action_dth_tot_plus_friction_thdot_formula,,,,,,,,,,,,,,,0.0037655258221371713,0,781,0.0,0.0,,,,,,,,,,,,,,,,,,,,,,,,,,,,,,,,,,,,,,,,,,,,,,,,,,,,,,,,,,,,,,,,,,,,,,,,,,nan,,,,,,,,,,,,,,,
407,1852.8953857421875,0.018506702035665512,1.8506702035665512,3339.091449022293,10000,ppo,ppo,crawler,flat,action_dth_tot_plus_friction_thdot_formula,,,,,,,,,,,,,,,0.0036027668744997,0,781,0.0,0.0,,,,,,,,,,,,,,,,,,,,,,,,,,,,,,,,,,,,,,,,,,,,,,,,,,,,,,,,,,,,,,,,,,,,,,,,,,nan,,,,,,,,,,,,,,,
408,1888.84765625,0.01886916719377041,1.8869167193770409,3347.437953233719,10000,ppo,ppo,crawler,flat,action_dth_tot_plus_friction_thdot_formula,,,,,,,,,,,,,,,0.0035899183307458358,0,781,0.0,0.0,,,,,,,,,,,,,,,,,,,,,,,,,,,,,,,,,,,,,,,,,,,,,,,,,,,,,,,,,,,,,,,,,,,,,,,,,,nan,,,,,,,,,,,,,,,
409,1750.8011474609375,0.017487429082393646,1.7487429082393646,3355.7072083950043,10000,ppo,ppo,crawler,flat,action_dth_tot_plus_friction_thdot_formula,,,,,,,,,,,,,,,0.004781409731874404,0,781,0.0,0.0,,,,,,,,,,,,,,,,,,,,,,,,,,,,,,,,,,,,,,,,,,,,,,,,,,,,,,,,,,,,,,,,,,,,,,,,,,nan,,,,,,,,,,,,,,,
410,1824.5179443359375,0.01822788268327713,1.822788268327713,3364.0330300331116,10000,ppo,ppo,crawler,flat,action_dth_tot_plus_friction_thdot_formula,,,,,,,,,,,,,,,0.003851016427137771,0,781,0.0,0.0,,,,,,,,,,,,,,,,,,,,,,,,,,,,,,,,,,,,,,,,,,,,,,,,,,,,,,,,,,,,,,,,,,,,,,,,,,nan,,,,,,,,,,,,,,,
411,1840.0191650390625,0.01837933249771595,1.837933249771595,3372.314015865326,10000,ppo,ppo,crawler,flat,action_dth_tot_plus_friction_thdot_formula,,,,,,,,,,,,,,,0.004048373583491377,0,781,0.0,0.0,,,,,,,,,,,,,,,,,,,,,,,,,,,,,,,,,,,,,,,,,,,,,,,,,,,,,,,,,,,,,,,,,,,,,,,,,,nan,,,,,,,,,,,,,,,
412,1741.5406494140625,0.017399316653609276,1.7399316653609276,3380.456663608551,10000,ppo,ppo,crawler,flat,action_dth_tot_plus_friction_thdot_formula,,,,,,,,,,,,,,,0.004783164861809674,0,781,0.0,0.0,,,,,,,,,,,,,,,,,,,,,,,,,,,,,,,,,,,,,,,,,,,,,,,,,,,,,,,,,,,,,,,,,,,,,,,,,,nan,,,,,,,,,,,,,,,
413,1790.0057373046875,0.017881225794553757,1.7881225794553757,3388.7867283821106,10000,ppo,ppo,crawler,flat,action_dth_tot_plus_friction_thdot_formula,,,,,,,,,,,,,,,0.004146402807381283,0,781,0.0,0.0,,,,,,,,,,,,,,,,,,,,,,,,,,,,,,,,,,,,,,,,,,,,,,,,,,,,,,,,,,,,,,,,,,,,,,,,,,nan,,,,,,,,,,,,,,,
414,1770.0438232421875,0.017681175842881203,1.7681175842881203,3396.937043428421,10000,ppo,ppo,crawler,flat,action_dth_tot_plus_friction_thdot_formula,,,,,,,,,,,,,,,0.004490868990528952,0,781,0.0,0.0,,,,,,,,,,,,,,,,,,,,,,,,,,,,,,,,,,,,,,,,,,,,,,,,,,,,,,,,,,,,,,,,,,,,,,,,,,nan,,,,,,,,,,,,,,,
415,1695.4241943359375,0.016932232305407524,1.6932232305407524,3405.3812940120697,10000,ppo,ppo,crawler,flat,action_dth_tot_plus_friction_thdot_formula,,,,,,,,,,,,,,,0.005126306186014281,0,781,0.0,0.0,,,,,,,,,,,,,,,,,,,,,,,,,,,,,,,,,,,,,,,,,,,,,,,,,,,,,,,,,,,,,,,,,,,,,,,,,,nan,,,,,,,,,,,,,,,
416,1761.0423583984375,0.0175932589918375,1.7593258991837502,3413.72163271904,10000,ppo,ppo,crawler,flat,action_dth_tot_plus_friction_thdot_formula,,,,,,,,,,,,,,,0.004870110734241565,0,781,0.0,0.0,,,,,,,,,,,,,,,,,,,,,,,,,,,,,,,,,,,,,,,,,,,,,,,,,,,,,,,,,,,,,,,,,,,,,,,,,,nan,,,,,,,,,,,,,,,
417,1720.41796875,0.01718839257955551,1.7188392579555511,3421.9317243099213,10000,ppo,ppo,crawler,flat,action_dth_tot_plus_friction_thdot_formula,,,,,,,,,,,,,,,0.004113264332621426,0,781,0.0,0.0,,,,,,,,,,,,,,,,,,,,,,,,,,,,,,,,,,,,,,,,,,,,,,,,,,,,,,,,,,,,,,,,,,,,,,,,,,nan,,,,,,,,,,,,,,,
418,1634.788330078125,0.016326796263456345,1.6326796263456345,3430.087564468384,10000,ppo,ppo,crawler,flat,action_dth_tot_plus_friction_thdot_formula,,,,,,,,,,,,,,,0.004068798665642958,0,781,0.0,0.0,,,,,,,,,,,,,,,,,,,,,,,,,,,,,,,,,,,,,,,,,,,,,,,,,,,,,,,,,,,,,,,,,,,,,,,,,,nan,,,,,,,,,,,,,,,
419,1764.0751953125,0.01762356236577034,1.762356236577034,3438.2555446624756,10000,ppo,ppo,crawler,flat,action_dth_tot_plus_friction_thdot_formula,,,,,,,,,,,,,,,0.004116815262654183,0,781,0.0,0.0,,,,,,,,,,,,,,,,,,,,,,,,,,,,,,,,,,,,,,,,,,,,,,,,,,,,,,,,,,,,,,,,,,,,,,,,,,nan,,,,,,,,,,,,,,,
420,1653.149658203125,0.01651226170361042,1.651226170361042,3446.660184621811,10000,ppo,ppo,crawler,flat,action_dth_tot_plus_friction_thdot_formula,,,,,,,,,,,,,,,0.004727960578952982,0,781,0.0,0.0,,,,,,,,,,,,,,,,,,,,,,,,,,,,,,,,,,,,,,,,,,,,,,,,,,,,,,,,,,,,,,,,,,,,,,,,,,nan,,,,,,,,,,,,,,,
421,1630.9959716796875,0.016291512176394463,1.6291512176394463,3454.606897354126,10000,ppo,ppo,crawler,flat,action_dth_tot_plus_friction_thdot_formula,,,,,,,,,,,,,,,0.004327838768957185,0,781,0.0,0.0,,,,,,,,,,,,,,,,,,,,,,,,,,,,,,,,,,,,,,,,,,,,,,,,,,,,,,,,,,,,,,,,,,,,,,,,,,nan,,,,,,,,,,,,,,,
422,1611.8489990234375,0.016104720532894135,1.6104720532894135,3463.0812685489655,10000,ppo,ppo,crawler,flat,action_dth_tot_plus_friction_thdot_formula,,,,,,,,,,,,,,,0.0049028821960977005,0,781,0.0,0.0,,,,,,,,,,,,,,,,,,,,,,,,,,,,,,,,,,,,,,,,,,,,,,,,,,,,,,,,,,,,,,,,,,,,,,,,,,nan,,,,,,,,,,,,,,,
423,1533.33740234375,0.015317060053348541,1.5317060053348541,3471.178577899933,10000,ppo,ppo,crawler,flat,action_dth_tot_plus_friction_thdot_formula,,,,,,,,,,,,,,,0.006209911679668369,0,781,0.0,0.0,,,,,,,,,,,,,,,,,,,,,,,,,,,,,,,,,,,,,,,,,,,,,,,,,,,,,,,,,,,,,,,,,,,,,,,,,,nan,,,,,,,,,,,,,,,
424,1701.7939453125,0.016998492181301117,1.6998492181301117,3479.418186903,10000,ppo,ppo,crawler,flat,action_dth_tot_plus_friction_thdot_formula,,,,,,,,,,,,,,,0.004813840906937677,0,781,0.0,0.0,,,,,,,,,,,,,,,,,,,,,,,,,,,,,,,,,,,,,,,,,,,,,,,,,,,,,,,,,,,,,,,,,,,,,,,,,,nan,,,,,,,,,,,,,,,
425,1652.822265625,0.016511989757418633,1.6511989757418633,3487.8104124069214,10000,ppo,ppo,crawler,flat,action_dth_tot_plus_friction_thdot_formula,,,,,,,,,,,,,,,0.004433934564512013,0,781,0.0,0.0,,,,,,,,,,,,,,,,,,,,,,,,,,,,,,,,,,,,,,,,,,,,,,,,,,,,,,,,,,,,,,,,,,,,,,,,,,nan,,,,,,,,,,,,,,,
426,1578.5655517578125,0.01576852612197399,1.5768526121973991,3496.050950050354,10000,ppo,ppo,crawler,flat,action_dth_tot_plus_friction_thdot_formula,,,,,,,,,,,,,,,0.004577193243338735,0,781,0.0,0.0,,,,,,,,,,,,,,,,,,,,,,,,,,,,,,,,,,,,,,,,,,,,,,,,,,,,,,,,,,,,,,,,,,,,,,,,,,nan,,,,,,,,,,,,,,,
427,1550.45068359375,0.01548687368631363,1.548687368631363,3504.159693479538,10000,ppo,ppo,crawler,flat,action_dth_tot_plus_friction_thdot_formula,,,,,,,,,,,,,,,0.004609506967341559,0,781,0.0,0.0,,,,,,,,,,,,,,,,,,,,,,,,,,,,,,,,,,,,,,,,,,,,,,,,,,,,,,,,,,,,,,,,,,,,,,,,,,nan,,,,,,,,,,,,,,,
428,1618.475830078125,0.01616813614964485,1.6168136149644852,3512.2142729759216,10000,ppo,ppo,crawler,flat,action_dth_tot_plus_friction_thdot_formula,,,,,,,,,,,,,,,0.004263548392982242,0,781,0.0,0.0,,,,,,,,,,,,,,,,,,,,,,,,,,,,,,,,,,,,,,,,,,,,,,,,,,,,,,,,,,,,,,,,,,,,,,,,,,nan,,,,,,,,,,,,,,,
429,1574.4560546875,0.015725726261734962,1.5725726261734962,3520.4417893886566,10000,ppo,ppo,crawler,flat,action_dth_tot_plus_friction_thdot_formula,,,,,,,,,,,,,,,0.004644168620134934,0,781,0.0,0.0,,,,,,,,,,,,,,,,,,,,,,,,,,,,,,,,,,,,,,,,,,,,,,,,,,,,,,,,,,,,,,,,,,,,,,,,,,nan,,,,,,,,,,,,,,,
430,1564.0789794921875,0.015619082376360893,1.5619082376360893,3528.625715970993,10000,ppo,ppo,crawler,flat,action_dth_tot_plus_friction_thdot_formula,,,,,,,,,,,,,,,0.003816835347972345,0,781,0.0,0.0,,,,,,,,,,,,,,,,,,,,,,,,,,,,,,,,,,,,,,,,,,,,,,,,,,,,,,,,,,,,,,,,,,,,,,,,,,nan,,,,,,,,,,,,,,,
431,1582.2772216796875,0.015805652365088463,1.5805652365088463,3537.207843542099,10000,ppo,ppo,crawler,flat,action_dth_tot_plus_friction_thdot_formula,,,,,,,,,,,,,,,0.004118971441919818,0,781,0.0,0.0,,,,,,,,,,,,,,,,,,,,,,,,,,,,,,,,,,,,,,,,,,,,,,,,,,,,,,,,,,,,,,,,,,,,,,,,,,nan,,,,,,,,,,,,,,,
432,1669.8958740234375,0.016680829226970673,1.6680829226970673,3545.3342542648315,10000,ppo,ppo,crawler,flat,action_dth_tot_plus_friction_thdot_formula,,,,,,,,,,,,,,,0.0034568167562347867,0,781,0.0,0.0,,,,,,,,,,,,,,,,,,,,,,,,,,,,,,,,,,,,,,,,,,,,,,,,,,,,,,,,,,,,,,,,,,,,,,,,,,nan,,,,,,,,,,,,,,,
433,1706.3970947265625,0.017043447121977806,1.7043447121977806,3553.443327188492,10000,ppo,ppo,crawler,flat,action_dth_tot_plus_friction_thdot_formula,,,,,,,,,,,,,,,0.0036634919105801808,0,781,0.0,0.0,,,,,,,,,,,,,,,,,,,,,,,,,,,,,,,,,,,,,,,,,,,,,,,,,,,,,,,,,,,,,,,,,,,,,,,,,,nan,,,,,,,,,,,,,,,
434,1722.185546875,0.017204683274030685,1.7204683274030685,3561.6482062339783,10000,ppo,ppo,crawler,flat,action_dth_tot_plus_friction_thdot_formula,,,,,,,,,,,,,,,0.00446657024883807,0,781,0.0,0.0,,,,,,,,,,,,,,,,,,,,,,,,,,,,,,,,,,,,,,,,,,,,,,,,,,,,,,,,,,,,,,,,,,,,,,,,,,nan,,,,,,,,,,,,,,,
435,1546.962158203125,0.015457983128726482,1.5457983128726482,3569.71954703331,10000,ppo,ppo,crawler,flat,action_dth_tot_plus_friction_thdot_formula,,,,,,,,,,,,,,,0.006118748533304259,0,781,0.0,0.0,,,,,,,,,,,,,,,,,,,,,,,,,,,,,,,,,,,,,,,,,,,,,,,,,,,,,,,,,,,,,,,,,,,,,,,,,,nan,,,,,,,,,,,,,,,
436,1512.4996337890625,0.015110288746654987,1.5110288746654987,3577.8841531276703,10000,ppo,ppo,crawler,flat,action_dth_tot_plus_friction_thdot_formula,,,,,,,,,,,,,,,0.00371038871461039,0,781,0.0,0.0,,,,,,,,,,,,,,,,,,,,,,,,,,,,,,,,,,,,,,,,,,,,,,,,,,,,,,,,,,,,,,,,,,,,,,,,,,nan,,,,,,,,,,,,,,,
437,1453.7933349609375,0.014519410207867622,1.4519410207867622,3585.9650242328644,10000,ppo,ppo,crawler,flat,action_dth_tot_plus_friction_thdot_formula,,,,,,,,,,,,,,,0.0048567565371835115,0,781,0.0,0.0,,,,,,,,,,,,,,,,,,,,,,,,,,,,,,,,,,,,,,,,,,,,,,,,,,,,,,,,,,,,,,,,,,,,,,,,,,nan,,,,,,,,,,,,,,,
438,1582.3699951171875,0.01580599881708622,1.580599881708622,3594.557540178299,10000,ppo,ppo,crawler,flat,action_dth_tot_plus_friction_thdot_formula,,,,,,,,,,,,,,,0.003423303754342286,0,781,0.0,0.0,,,,,,,,,,,,,,,,,,,,,,,,,,,,,,,,,,,,,,,,,,,,,,,,,,,,,,,,,,,,,,,,,,,,,,,,,,nan,,,,,,,,,,,,,,,
439,1502.929931640625,0.015014586970210075,1.5014586970210075,3602.920730113983,10000,ppo,ppo,crawler,flat,action_dth_tot_plus_friction_thdot_formula,,,,,,,,,,,,,,,0.004052513332085901,0,781,0.0,0.0,,,,,,,,,,,,,,,,,,,,,,,,,,,,,,,,,,,,,,,,,,,,,,,,,,,,,,,,,,,,,,,,,,,,,,,,,,nan,,,,,,,,,,,,,,,
440,1628.7203369140625,0.016273263841867447,1.6273263841867447,3611.1607477664948,10000,ppo,ppo,crawler,flat,action_dth_tot_plus_friction_thdot_formula,,,,,,,,,,,,,,,0.0038047471583347466,0,781,0.0,0.0,,,,,,,,,,,,,,,,,,,,,,,,,,,,,,,,,,,,,,,,,,,,,,,,,,,,,,,,,,,,,,,,,,,,,,,,,,nan,,,,,,,,,,,,,,,
441,1557.0416259765625,0.015554366633296013,1.5554366633296013,3619.5394644737244,10000,ppo,ppo,crawler,flat,action_dth_tot_plus_friction_thdot_formula,,,,,,,,,,,,,,,0.004179313432836068,0,781,0.0,0.0,,,,,,,,,,,,,,,,,,,,,,,,,,,,,,,,,,,,,,,,,,,,,,,,,,,,,,,,,,,,,,,,,,,,,,,,,,nan,,,,,,,,,,,,,,,
442,1612.97265625,0.016108447685837746,1.6108447685837746,3627.6225459575653,10000,ppo,ppo,crawler,flat,action_dth_tot_plus_friction_thdot_formula,,,,,,,,,,,,,,,0.003917841183487624,0,781,0.0,0.0,,,,,,,,,,,,,,,,,,,,,,,,,,,,,,,,,,,,,,,,,,,,,,,,,,,,,,,,,,,,,,,,,,,,,,,,,,nan,,,,,,,,,,,,,,,
443,1644.126953125,0.016421683132648468,1.6421683132648468,3635.6192710399628,10000,ppo,ppo,crawler,flat,action_dth_tot_plus_friction_thdot_formula,,,,,,,,,,,,,,,0.0035309735346104347,0,781,0.0,0.0,,,,,,,,,,,,,,,,,,,,,,,,,,,,,,,,,,,,,,,,,,,,,,,,,,,,,,,,,,,,,,,,,,,,,,,,,,nan,,,,,,,,,,,,,,,
444,1595.00537109375,0.01593383215367794,1.593383215367794,3643.8044538497925,10000,ppo,ppo,crawler,flat,action_dth_tot_plus_friction_thdot_formula,,,,,,,,,,,,,,,0.0034506254529186363,0,781,0.0,0.0,,,,,,,,,,,,,,,,,,,,,,,,,,,,,,,,,,,,,,,,,,,,,,,,,,,,,,,,,,,,,,,,,,,,,,,,,,nan,,,,,,,,,,,,,,,
445,1657.8424072265625,0.01655813492834568,1.655813492834568,3652.1710300445557,10000,ppo,ppo,crawler,flat,action_dth_tot_plus_friction_thdot_formula,,,,,,,,,,,,,,,0.003265651886392547,0,781,0.0,0.0,,,,,,,,,,,,,,,,,,,,,,,,,,,,,,,,,,,,,,,,,,,,,,,,,,,,,,,,,,,,,,,,,,,,,,,,,,nan,,,,,,,,,,,,,,,
446,1562.205078125,0.015605938620865345,1.5605938620865345,3660.4542553424835,10000,ppo,ppo,crawler,flat,action_dth_tot_plus_friction_thdot_formula,,,,,,,,,,,,,,,0.0038866821370399395,0,781,0.0,0.0,,,,,,,,,,,,,,,,,,,,,,,,,,,,,,,,,,,,,,,,,,,,,,,,,,,,,,,,,,,,,,,,,,,,,,,,,,nan,,,,,,,,,,,,,,,
447,1604.8973388671875,0.016034506261348724,1.6034506261348724,3668.8941719532013,10000,ppo,ppo,crawler,flat,action_dth_tot_plus_friction_thdot_formula,,,,,,,,,,,,,,,0.00470514514472481,0,781,0.0,0.0,,,,,,,,,,,,,,,,,,,,,,,,,,,,,,,,,,,,,,,,,,,,,,,,,,,,,,,,,,,,,,,,,,,,,,,,,,nan,,,,,,,,,,,,,,,
448,1610.413330078125,0.016087941825389862,1.6087941825389862,3677.1658561229706,10000,ppo,ppo,crawler,flat,action_dth_tot_plus_friction_thdot_formula,,,,,,,,,,,,,,,0.0039055712503040024,0,781,0.0,0.0,,,,,,,,,,,,,,,,,,,,,,,,,,,,,,,,,,,,,,,,,,,,,,,,,,,,,,,,,,,,,,,,,,,,,,,,,,nan,,,,,,,,,,,,,,,
449,1719.1199951171875,0.017172446474432945,1.7172446474432945,3685.4119939804077,10000,ppo,ppo,crawler,flat,action_dth_tot_plus_friction_thdot_formula,,,,,,,,,,,,,,,0.0031340766020125747,0,781,0.0,0.0,,,,,,,,,,,,,,,,,,,,,,,,,,,,,,,,,,,,,,,,,,,,,,,,,,,,,,,,,,,,,,,,,,,,,,,,,,nan,,,,,,,,,,,,,,,
450,1615.5052490234375,0.016135960817337036,1.6135960817337036,3693.5300908088684,10000,ppo,ppo,crawler,flat,action_dth_tot_plus_friction_thdot_formula,,,,,,,,,,,,,,,0.003987168334171095,0,781,0.0,0.0,,,,,,,,,,,,,,,,,,,,,,,,,,,,,,,,,,,,,,,,,,,,,,,,,,,,,,,,,,,,,,,,,,,,,,,,,,nan,,,,,,,,,,,,,,,
451,1635.6737060546875,0.016341393813490868,1.6341393813490868,3701.7308452129364,10000,ppo,ppo,crawler,flat,action_dth_tot_plus_friction_thdot_formula,,,,,,,,,,,,,,,0.003738461970828626,0,781,0.0,0.0,,,,,,,,,,,,,,,,,,,,,,,,,,,,,,,,,,,,,,,,,,,,,,,,,,,,,,,,,,,,,,,,,,,,,,,,,,nan,,,,,,,,,,,,,,,
452,1595.7913818359375,0.015942562371492386,1.5942562371492386,3709.846258878708,10000,ppo,ppo,crawler,flat,action_dth_tot_plus_friction_thdot_formula,,,,,,,,,,,,,,,0.003976206921464937,0,781,0.0,0.0,,,,,,,,,,,,,,,,,,,,,,,,,,,,,,,,,,,,,,,,,,,,,,,,,,,,,,,,,,,,,,,,,,,,,,,,,,nan,,,,,,,,,,,,,,,
453,1499.5240478515625,0.014981814660131931,1.4981814660131931,3717.9348707199097,10000,ppo,ppo,crawler,flat,action_dth_tot_plus_friction_thdot_formula,,,,,,,,,,,,,,,0.004455786620588108,0,781,0.0,0.0,,,,,,,,,,,,,,,,,,,,,,,,,,,,,,,,,,,,,,,,,,,,,,,,,,,,,,,,,,,,,,,,,,,,,,,,,,nan,,,,,,,,,,,,,,,
454,1629.7034912109375,0.016280028969049454,1.6280028969049454,3726.3488302230835,10000,ppo,ppo,crawler,flat,action_dth_tot_plus_friction_thdot_formula,,,,,,,,,,,,,,,0.003557812524843179,0,781,0.0,0.0,,,,,,,,,,,,,,,,,,,,,,,,,,,,,,,,,,,,,,,,,,,,,,,,,,,,,,,,,,,,,,,,,,,,,,,,,,nan,,,,,,,,,,,,,,,
455,1761.9168701171875,0.01759706437587738,1.759706437587738,3734.5670392513275,10000,ppo,ppo,crawler,flat,action_dth_tot_plus_friction_thdot_formula,,,,,,,,,,,,,,,0.0036917507956126436,0,781,0.0,0.0,,,,,,,,,,,,,,,,,,,,,,,,,,,,,,,,,,,,,,,,,,,,,,,,,,,,,,,,,,,,,,,,,,,,,,,,,,nan,,,,,,,,,,,,,,,
456,1557.48828125,0.015555329620838165,1.5555329620838165,3742.8156208992004,10000,ppo,ppo,crawler,flat,action_dth_tot_plus_friction_thdot_formula,,,,,,,,,,,,,,,0.00413709164715,0,781,0.0,0.0,,,,,,,,,,,,,,,,,,,,,,,,,,,,,,,,,,,,,,,,,,,,,,,,,,,,,,,,,,,,,,,,,,,,,,,,,,nan,,,,,,,,,,,,,,,
457,1744.75390625,0.017426712438464165,1.7426712438464165,3751.114378929138,10000,ppo,ppo,crawler,flat,action_dth_tot_plus_friction_thdot_formula,,,,,,,,,,,,,,,0.003072761068030865,0,781,0.0,0.0,,,,,,,,,,,,,,,,,,,,,,,,,,,,,,,,,,,,,,,,,,,,,,,,,,,,,,,,,,,,,,,,,,,,,,,,,,nan,,,,,,,,,,,,,,,
458,1828.3931884765625,0.018266884610056877,1.8266884610056877,3759.3836047649384,10000,ppo,ppo,crawler,flat,action_dth_tot_plus_friction_thdot_formula,,,,,,,,,,,,,,,0.003588467428814584,0,781,0.0,0.0,,,,,,,,,,,,,,,,,,,,,,,,,,,,,,,,,,,,,,,,,,,,,,,,,,,,,,,,,,,,,,,,,,,,,,,,,,nan,,,,,,,,,,,,,,,
459,1684.8695068359375,0.016830042004585266,1.6830042004585266,3767.6502408981323,10000,ppo,ppo,crawler,flat,action_dth_tot_plus_friction_thdot_formula,,,,,,,,,,,,,,,0.004024696030566664,0,781,0.0,0.0,,,,,,,,,,,,,,,,,,,,,,,,,,,,,,,,,,,,,,,,,,,,,,,,,,,,,,,,,,,,,,,,,,,,,,,,,,nan,,,,,,,,,,,,,,,
460,1682.095703125,0.016801780089735985,1.6801780089735985,3775.776682138443,10000,ppo,ppo,crawler,flat,action_dth_tot_plus_friction_thdot_formula,,,,,,,,,,,,,,,0.0038843958599629447,0,781,0.0,0.0,,,,,,,,,,,,,,,,,,,,,,,,,,,,,,,,,,,,,,,,,,,,,,,,,,,,,,,,,,,,,,,,,,,,,,,,,,nan,,,,,,,,,,,,,,,
461,1701.2293701171875,0.016993310302495956,1.6993310302495956,3784.040185213089,10000,ppo,ppo,crawler,flat,action_dth_tot_plus_friction_thdot_formula,,,,,,,,,,,,,,,0.004306560310623972,0,781,0.0,0.0,,,,,,,,,,,,,,,,,,,,,,,,,,,,,,,,,,,,,,,,,,,,,,,,,,,,,,,,,,,,,,,,,,,,,,,,,,nan,,,,,,,,,,,,,,,
462,1685.2244873046875,0.016834178939461708,1.6834178939461708,3792.210201740265,10000,ppo,ppo,crawler,flat,action_dth_tot_plus_friction_thdot_formula,,,,,,,,,,,,,,,0.0034759548990513233,0,781,0.0,0.0,,,,,,,,,,,,,,,,,,,,,,,,,,,,,,,,,,,,,,,,,,,,,,,,,,,,,,,,,,,,,,,,,,,,,,,,,,nan,,,,,,,,,,,,,,,
463,1720.7723388671875,0.01719222404062748,1.719222404062748,3800.497048854828,10000,ppo,ppo,crawler,flat,action_dth_tot_plus_friction_thdot_formula,,,,,,,,,,,,,,,0.003984303123959508,0,781,0.0,0.0,,,,,,,,,,,,,,,,,,,,,,,,,,,,,,,,,,,,,,,,,,,,,,,,,,,,,,,,,,,,,,,,,,,,,,,,,,nan,,,,,,,,,,,,,,,
464,1841.7362060546875,0.01839933916926384,1.839933916926384,3809.0773990154266,10000,ppo,ppo,crawler,flat,action_dth_tot_plus_friction_thdot_formula,,,,,,,,,,,,,,,0.004482334997931557,0,781,0.0,0.0,,,,,,,,,,,,,,,,,,,,,,,,,,,,,,,,,,,,,,,,,,,,,,,,,,,,,,,,,,,,,,,,,,,,,,,,,,nan,,,,,,,,,,,,,,,
465,1709.6171875,0.01707981526851654,1.707981526851654,3817.2276446819305,10000,ppo,ppo,crawler,flat,action_dth_tot_plus_friction_thdot_formula,,,,,,,,,,,,,,,0.003277765434670886,0,781,0.0,0.0,,,,,,,,,,,,,,,,,,,,,,,,,,,,,,,,,,,,,,,,,,,,,,,,,,,,,,,,,,,,,,,,,,,,,,,,,,nan,,,,,,,,,,,,,,,
466,1746.4227294921875,0.017444783821702003,1.7444783821702003,3825.598546743393,10000,ppo,ppo,crawler,flat,action_dth_tot_plus_friction_thdot_formula,,,,,,,,,,,,,,,0.003633908864612144,0,781,0.0,0.0,,,,,,,,,,,,,,,,,,,,,,,,,,,,,,,,,,,,,,,,,,,,,,,,,,,,,,,,,,,,,,,,,,,,,,,,,,nan,,,,,,,,,,,,,,,
467,1577.2708740234375,0.015758423134684563,1.5758423134684563,3833.8548214435577,10000,ppo,ppo,crawler,flat,action_dth_tot_plus_friction_thdot_formula,,,,,,,,,,,,,,,0.0042809103182564695,0,781,0.0,0.0,,,,,,,,,,,,,,,,,,,,,,,,,,,,,,,,,,,,,,,,,,,,,,,,,,,,,,,,,,,,,,,,,,,,,,,,,,nan,,,,,,,,,,,,,,,
468,1752.189453125,0.01750641129910946,1.750641129910946,3842.03600025177,10000,ppo,ppo,crawler,flat,action_dth_tot_plus_friction_thdot_formula,,,,,,,,,,,,,,,0.004703570986916364,0,781,0.0,0.0,,,,,,,,,,,,,,,,,,,,,,,,,,,,,,,,,,,,,,,,,,,,,,,,,,,,,,,,,,,,,,,,,,,,,,,,,,nan,,,,,,,,,,,,,,,
469,1700.341796875,0.01698722131550312,1.698722131550312,3850.2858896255493,10000,ppo,ppo,crawler,flat,action_dth_tot_plus_friction_thdot_formula,,,,,,,,,,,,,,,0.00384122579270275,0,781,0.0,0.0,,,,,,,,,,,,,,,,,,,,,,,,,,,,,,,,,,,,,,,,,,,,,,,,,,,,,,,,,,,,,,,,,,,,,,,,,,nan,,,,,,,,,,,,,,,
470,1700.9976806640625,0.01699220947921276,1.699220947921276,3858.583687067032,10000,ppo,ppo,crawler,flat,action_dth_tot_plus_friction_thdot_formula,,,,,,,,,,,,,,,0.0034162167169955035,0,781,0.0,0.0,,,,,,,,,,,,,,,,,,,,,,,,,,,,,,,,,,,,,,,,,,,,,,,,,,,,,,,,,,,,,,,,,,,,,,,,,,nan,,,,,,,,,,,,,,,
471,1676.944580078125,0.01675315573811531,1.675315573811531,3866.790130853653,10000,ppo,ppo,crawler,flat,action_dth_tot_plus_friction_thdot_formula,,,,,,,,,,,,,,,0.003631855220526156,0,781,0.0,0.0,,,,,,,,,,,,,,,,,,,,,,,,,,,,,,,,,,,,,,,,,,,,,,,,,,,,,,,,,,,,,,,,,,,,,,,,,,nan,,,,,,,,,,,,,,,
472,1667.9534912109375,0.01666075736284256,1.666075736284256,3875.0993819236755,10000,ppo,ppo,crawler,flat,action_dth_tot_plus_friction_thdot_formula,,,,,,,,,,,,,,,0.004313900985132853,0,781,0.0,0.0,,,,,,,,,,,,,,,,,,,,,,,,,,,,,,,,,,,,,,,,,,,,,,,,,,,,,,,,,,,,,,,,,,,,,,,,,,nan,,,,,,,,,,,,,,,
473,1794.751220703125,0.017929889261722565,1.7929889261722565,3883.2007427215576,10000,ppo,ppo,crawler,flat,action_dth_tot_plus_friction_thdot_formula,,,,,,,,,,,,,,,0.003856957213177731,0,781,0.0,0.0,,,,,,,,,,,,,,,,,,,,,,,,,,,,,,,,,,,,,,,,,,,,,,,,,,,,,,,,,,,,,,,,,,,,,,,,,,nan,,,,,,,,,,,,,,,
474,1691.4234619140625,0.016893157735466957,1.6893157735466957,3891.581393957138,10000,ppo,ppo,crawler,flat,action_dth_tot_plus_friction_thdot_formula,,,,,,,,,,,,,,,0.003554707460536797,0,781,0.0,0.0,,,,,,,,,,,,,,,,,,,,,,,,,,,,,,,,,,,,,,,,,,,,,,,,,,,,,,,,,,,,,,,,,,,,,,,,,,nan,,,,,,,,,,,,,,,
475,1649.368408203125,0.016476266086101532,1.6476266086101532,3899.9323031902313,10000,ppo,ppo,crawler,flat,action_dth_tot_plus_friction_thdot_formula,,,,,,,,,,,,,,,0.004255322695099516,0,781,0.0,0.0,,,,,,,,,,,,,,,,,,,,,,,,,,,,,,,,,,,,,,,,,,,,,,,,,,,,,,,,,,,,,,,,,,,,,,,,,,nan,,,,,,,,,,,,,,,
476,1682.6937255859375,0.016809364780783653,1.6809364780783653,3908.2680735588074,10000,ppo,ppo,crawler,flat,action_dth_tot_plus_friction_thdot_formula,,,,,,,,,,,,,,,0.004113159473383532,0,781,0.0,0.0,,,,,,,,,,,,,,,,,,,,,,,,,,,,,,,,,,,,,,,,,,,,,,,,,,,,,,,,,,,,,,,,,,,,,,,,,,nan,,,,,,,,,,,,,,,
477,1681.3651123046875,0.016790596768260002,1.6790596768260002,3916.8662853240967,10000,ppo,ppo,crawler,flat,action_dth_tot_plus_friction_thdot_formula,,,,,,,,,,,,,,,0.0037639699427639917,0,781,0.0,0.0,,,,,,,,,,,,,,,,,,,,,,,,,,,,,,,,,,,,,,,,,,,,,,,,,,,,,,,,,,,,,,,,,,,,,,,,,,nan,,,,,,,,,,,,,,,
478,1617.4769287109375,0.01615450717508793,1.6154507175087929,3924.9789645671844,10000,ppo,ppo,crawler,flat,action_dth_tot_plus_friction_thdot_formula,,,,,,,,,,,,,,,0.005004011609719138,0,781,0.0,0.0,,,,,,,,,,,,,,,,,,,,,,,,,,,,,,,,,,,,,,,,,,,,,,,,,,,,,,,,,,,,,,,,,,,,,,,,,,nan,,,,,,,,,,,,,,,
479,1745.8133544921875,0.017442042008042336,1.7442042008042336,3933.13356256485,10000,ppo,ppo,crawler,flat,action_dth_tot_plus_friction_thdot_formula,,,,,,,,,,,,,,,0.004004866916942082,0,781,0.0,0.0,,,,,,,,,,,,,,,,,,,,,,,,,,,,,,,,,,,,,,,,,,,,,,,,,,,,,,,,,,,,,,,,,,,,,,,,,,nan,,,,,,,,,,,,,,,
480,1626.61328125,0.01624603569507599,1.6246035695075989,3941.4903297424316,10000,ppo,ppo,crawler,flat,action_dth_tot_plus_friction_thdot_formula,,,,,,,,,,,,,,,0.003250377306955534,0,781,0.0,0.0,,,,,,,,,,,,,,,,,,,,,,,,,,,,,,,,,,,,,,,,,,,,,,,,,,,,,,,,,,,,,,,,,,,,,,,,,,nan,,,,,,,,,,,,,,,
481,1748.9840087890625,0.017473241314291954,1.7473241314291954,3949.5801906585693,10000,ppo,ppo,crawler,flat,action_dth_tot_plus_friction_thdot_formula,,,,,,,,,,,,,,,0.0033670904521923392,0,781,0.0,0.0,,,,,,,,,,,,,,,,,,,,,,,,,,,,,,,,,,,,,,,,,,,,,,,,,,,,,,,,,,,,,,,,,,,,,,,,,,nan,,,,,,,,,,,,,,,
482,1676.9700927734375,0.016746865585446358,1.6746865585446358,3957.8311417102814,10000,ppo,ppo,crawler,flat,action_dth_tot_plus_friction_thdot_formula,,,,,,,,,,,,,,,0.003711266585224142,0,781,0.0,0.0,,,,,,,,,,,,,,,,,,,,,,,,,,,,,,,,,,,,,,,,,,,,,,,,,,,,,,,,,,,,,,,,,,,,,,,,,,nan,,,,,,,,,,,,,,,
483,1570.4268798828125,0.015687894076108932,1.5687894076108932,3965.9520246982574,10000,ppo,ppo,crawler,flat,action_dth_tot_plus_friction_thdot_formula,,,,,,,,,,,,,,,0.004585513606814789,0,781,0.0,0.0,,,,,,,,,,,,,,,,,,,,,,,,,,,,,,,,,,,,,,,,,,,,,,,,,,,,,,,,,,,,,,,,,,,,,,,,,,nan,,,,,,,,,,,,,,,
484,1674.7978515625,0.016731100156903267,1.6731100156903267,3974.370271205902,10000,ppo,ppo,crawler,flat,action_dth_tot_plus_friction_thdot_formula,,,,,,,,,,,,,,,0.004042595622985935,0,781,0.0,0.0,,,,,,,,,,,,,,,,,,,,,,,,,,,,,,,,,,,,,,,,,,,,,,,,,,,,,,,,,,,,,,,,,,,,,,,,,,nan,,,,,,,,,,,,,,,
485,1574.6751708984375,0.01572754606604576,1.572754606604576,3982.657769203186,10000,ppo,ppo,crawler,flat,action_dth_tot_plus_friction_thdot_formula,,,,,,,,,,,,,,,0.004258691334687638,0,781,0.0,0.0,,,,,,,,,,,,,,,,,,,,,,,,,,,,,,,,,,,,,,,,,,,,,,,,,,,,,,,,,,,,,,,,,,,,,,,,,,nan,,,,,,,,,,,,,,,
486,1588.8353271484375,0.015871403738856316,1.5871403738856316,3990.9964940547943,10000,ppo,ppo,crawler,flat,action_dth_tot_plus_friction_thdot_formula,,,,,,,,,,,,,,,0.0042918396190780115,0,781,0.0,0.0,,,,,,,,,,,,,,,,,,,,,,,,,,,,,,,,,,,,,,,,,,,,,,,,,,,,,,,,,,,,,,,,,,,,,,,,,,nan,,,,,,,,,,,,,,,
487,1700.8189697265625,0.01699056103825569,1.6990561038255692,3999.327677488327,10000,ppo,ppo,crawler,flat,action_dth_tot_plus_friction_thdot_formula,,,,,,,,,,,,,,,0.004450820653151396,0,781,0.0,0.0,,,,,,,,,,,,,,,,,,,,,,,,,,,,,,,,,,,,,,,,,,,,,,,,,,,,,,,,,,,,,,,,,,,,,,,,,,nan,,,,,,,,,,,,,,,
488,1721.0452880859375,0.017193377017974854,1.7193377017974854,4007.581332921982,10000,ppo,ppo,crawler,flat,action_dth_tot_plus_friction_thdot_formula,,,,,,,,,,,,,,,0.0038345768991020052,0,781,0.0,0.0,,,,,,,,,,,,,,,,,,,,,,,,,,,,,,,,,,,,,,,,,,,,,,,,,,,,,,,,,,,,,,,,,,,,,,,,,,nan,,,,,,,,,,,,,,,
489,1654.6217041015625,0.016530392691493034,1.6530392691493034,4015.6744101047516,10000,ppo,ppo,crawler,flat,action_dth_tot_plus_friction_thdot_formula,,,,,,,,,,,,,,,0.003737996919454754,0,781,0.0,0.0,,,,,,,,,,,,,,,,,,,,,,,,,,,,,,,,,,,,,,,,,,,,,,,,,,,,,,,,,,,,,,,,,,,,,,,,,,nan,,,,,,,,,,,,,,,
490,1708.803955078125,0.017069699242711067,1.7069699242711067,4024.1601841449738,10000,ppo,ppo,crawler,flat,action_dth_tot_plus_friction_thdot_formula,,,,,,,,,,,,,,,0.004113793636421183,0,781,0.0,0.0,,,,,,,,,,,,,,,,,,,,,,,,,,,,,,,,,,,,,,,,,,,,,,,,,,,,,,,,,,,,,,,,,,,,,,,,,,nan,,,,,,,,,,,,,,,
491,1646.0498046875,0.016440562903881073,1.6440562903881073,4032.5494542121887,10000,ppo,ppo,crawler,flat,action_dth_tot_plus_friction_thdot_formula,,,,,,,,,,,,,,,0.0037275911886802495,0,781,0.0,0.0,,,,,,,,,,,,,,,,,,,,,,,,,,,,,,,,,,,,,,,,,,,,,,,,,,,,,,,,,,,,,,,,,,,,,,,,,,nan,,,,,,,,,,,,,,,
492,1688.697265625,0.016870178282260895,1.6870178282260895,4040.4260835647583,10000,ppo,ppo,crawler,flat,action_dth_tot_plus_friction_thdot_formula,,,,,,,,,,,,,,,0.003876638754693405,0,781,0.0,0.0,,,,,,,,,,,,,,,,,,,,,,,,,,,,,,,,,,,,,,,,,,,,,,,,,,,,,,,,,,,,,,,,,,,,,,,,,,nan,,,,,,,,,,,,,,,
493,1560.67431640625,0.01558953057974577,1.558953057974577,4048.8026444911957,10000,ppo,ppo,crawler,flat,action_dth_tot_plus_friction_thdot_formula,,,,,,,,,,,,,,,0.004321458373620042,0,781,0.0,0.0,,,,,,,,,,,,,,,,,,,,,,,,,,,,,,,,,,,,,,,,,,,,,,,,,,,,,,,,,,,,,,,,,,,,,,,,,,nan,,,,,,,,,,,,,,,
494,1597.5963134765625,0.01595989614725113,1.595989614725113,4057.312008857727,10000,ppo,ppo,crawler,flat,action_dth_tot_plus_friction_thdot_formula,,,,,,,,,,,,,,,0.004355054308014007,0,781,0.0,0.0,,,,,,,,,,,,,,,,,,,,,,,,,,,,,,,,,,,,,,,,,,,,,,,,,,,,,,,,,,,,,,,,,,,,,,,,,,nan,,,,,,,,,,,,,,,
495,1556.026611328125,0.01553918607532978,1.553918607532978,4065.5384838581085,10000,ppo,ppo,crawler,flat,action_dth_tot_plus_friction_thdot_formula,,,,,,,,,,,,,,,0.0035766627434650066,0,781,0.0,0.0,,,,,,,,,,,,,,,,,,,,,,,,,,,,,,,,,,,,,,,,,,,,,,,,,,,,,,,,,,,,,,,,,,,,,,,,,,nan,,,,,,,,,,,,,,,
496,1693.3406982421875,0.016914263367652893,1.6914263367652893,4073.8512744903564,10000,ppo,ppo,crawler,flat,action_dth_tot_plus_friction_thdot_formula,,,,,,,,,,,,,,,0.0035665667129226777,0,781,0.0,0.0,,,,,,,,,,,,,,,,,,,,,,,,,,,,,,,,,,,,,,,,,,,,,,,,,,,,,,,,,,,,,,,,,,,,,,,,,,nan,,,,,,,,,,,,,,,
497,1516.7391357421875,0.015149532817304134,1.5149532817304134,4082.294398546219,10000,ppo,ppo,crawler,flat,action_dth_tot_plus_friction_thdot_formula,,,,,,,,,,,,,,,0.0036496858746910446,0,781,0.0,0.0,,,,,,,,,,,,,,,,,,,,,,,,,,,,,,,,,,,,,,,,,,,,,,,,,,,,,,,,,,,,,,,,,,,,,,,,,,nan,,,,,,,,,,,,,,,
498,1735.447509765625,0.017333531752228737,1.7333531752228737,4090.395669937134,10000,ppo,ppo,crawler,flat,action_dth_tot_plus_friction_thdot_formula,,,,,,,,,,,,,,,0.004053623569619791,0,781,0.0,0.0,,,,,,,,,,,,,,,,,,,,,,,,,,,,,,,,,,,,,,,,,,,,,,,,,,,,,,,,,,,,,,,,,,,,,,,,,,nan,,,,,,,,,,,,,,,
499,1630.139892578125,0.01628585159778595,1.628585159778595,4098.679873466492,10000,ppo,ppo,crawler,flat,action_dth_tot_plus_friction_thdot_formula,,,,,,,,,,,,,,,0.0036384015110880017,0,781,0.0,0.0,,,,,,,,,,,,,,,,,,,,,,,,,,,,,,,,,,,,,,,,,,,,,,,,,,,,,,,,,,,,,,,,,,,,,,,,,,nan,,,,,,,,,,,,,,,
500,1638.3782958984375,0.016365133225917816,1.6365133225917816,4106.958446025848,10000,ppo,ppo,crawler,flat,action_dth_tot_plus_friction_thdot_formula,,,,,,,,,,,,,,,0.0036357933191881273,0,781,0.0,0.0,,,,,,,,,,,,,,,,,,,,,,,,,,,,,,,,,,,,,,,,,,,,,,,,,,,,,,,,,,,,,,,,,,,,,,,,,,nan,,,,,,,,,,,,,,,
501,1649.873046875,0.016479389742016792,1.6479389742016792,4115.452843666077,10000,ppo,ppo,crawler,flat,action_dth_tot_plus_friction_thdot_formula,,,,,,,,,,,,,,,0.0032983350225204958,0,781,0.0,0.0,,,,,,,,,,,,,,,,,,,,,,,,,,,,,,,,,,,,,,,,,,,,,,,,,,,,,,,,,,,,,,,,,,,,,,,,,,nan,,,,,,,,,,,,,,,
502,1652.2496337890625,0.016507761552929878,1.6507761552929878,4123.86114358902,10000,ppo,ppo,crawler,flat,action_dth_tot_plus_friction_thdot_formula,,,,,,,,,,,,,,,0.0034073773528110573,0,781,0.0,0.0,,,,,,,,,,,,,,,,,,,,,,,,,,,,,,,,,,,,,,,,,,,,,,,,,,,,,,,,,,,,,,,,,,,,,,,,,,nan,,,,,,,,,,,,,,,
503,1584.5125732421875,0.01583033986389637,1.583033986389637,4132.208737373352,10000,ppo,ppo,crawler,flat,action_dth_tot_plus_friction_thdot_formula,,,,,,,,,,,,,,,0.004806955141099122,0,781,0.0,0.0,,,,,,,,,,,,,,,,,,,,,,,,,,,,,,,,,,,,,,,,,,,,,,,,,,,,,,,,,,,,,,,,,,,,,,,,,,nan,,,,,,,,,,,,,,,
504,1666.466064453125,0.016649238765239716,1.6649238765239716,4140.330397605896,10000,ppo,ppo,crawler,flat,action_dth_tot_plus_friction_thdot_formula,,,,,,,,,,,,,,,0.004132312830013167,0,781,0.0,0.0,,,,,,,,,,,,,,,,,,,,,,,,,,,,,,,,,,,,,,,,,,,,,,,,,,,,,,,,,,,,,,,,,,,,,,,,,,nan,,,,,,,,,,,,,,,
505,1594.6654052734375,0.01593077927827835,1.593077927827835,4148.568263053894,10000,ppo,ppo,crawler,flat,action_dth_tot_plus_friction_thdot_formula,,,,,,,,,,,,,,,0.004652368286784044,0,781,0.0,0.0,,,,,,,,,,,,,,,,,,,,,,,,,,,,,,,,,,,,,,,,,,,,,,,,,,,,,,,,,,,,,,,,,,,,,,,,,,nan,,,,,,,,,,,,,,,
506,1769.5369873046875,0.017680583521723747,1.7680583521723747,4156.91618347168,10000,ppo,ppo,crawler,flat,action_dth_tot_plus_friction_thdot_formula,,,,,,,,,,,,,,,0.0034711797240296934,0,781,0.0,0.0,,,,,,,,,,,,,,,,,,,,,,,,,,,,,,,,,,,,,,,,,,,,,,,,,,,,,,,,,,,,,,,,,,,,,,,,,,nan,,,,,,,,,,,,,,,
507,1629.6966552734375,0.016279617324471474,1.6279617324471474,4165.2958381175995,10000,ppo,ppo,crawler,flat,action_dth_tot_plus_friction_thdot_formula,,,,,,,,,,,,,,,0.003917022642504219,0,781,0.0,0.0,,,,,,,,,,,,,,,,,,,,,,,,,,,,,,,,,,,,,,,,,,,,,,,,,,,,,,,,,,,,,,,,,,,,,,,,,,nan,,,,,,,,,,,,,,,
508,1599.151611328125,0.01597088947892189,1.597088947892189,4173.5607624053955,10000,ppo,ppo,crawler,flat,action_dth_tot_plus_friction_thdot_formula,,,,,,,,,,,,,,,0.003897047593292903,0,781,0.0,0.0,,,,,,,,,,,,,,,,,,,,,,,,,,,,,,,,,,,,,,,,,,,,,,,,,,,,,,,,,,,,,,,,,,,,,,,,,,nan,,,,,,,,,,,,,,,
509,1535.6630859375,0.015340752899646759,1.534075289964676,4181.646255970001,10000,ppo,ppo,crawler,flat,action_dth_tot_plus_friction_thdot_formula,,,,,,,,,,,,,,,0.003943565233700602,0,781,0.0,0.0,,,,,,,,,,,,,,,,,,,,,,,,,,,,,,,,,,,,,,,,,,,,,,,,,,,,,,,,,,,,,,,,,,,,,,,,,,nan,,,,,,,,,,,,,,,
510,1560.0987548828125,0.015585727989673615,1.5585727989673615,4189.821271419525,10000,ppo,ppo,crawler,flat,action_dth_tot_plus_friction_thdot_formula,,,,,,,,,,,,,,,0.004193237700409264,0,781,0.0,0.0,,,,,,,,,,,,,,,,,,,,,,,,,,,,,,,,,,,,,,,,,,,,,,,,,,,,,,,,,,,,,,,,,,,,,,,,,,nan,,,,,,,,,,,,,,,
511,1596.0523681640625,0.01594359800219536,1.5943598002195358,4198.133991718292,10000,ppo,ppo,crawler,flat,action_dth_tot_plus_friction_thdot_formula,,,,,,,,,,,,,,,0.003164770040797039,0,781,0.0,0.0,,,,,,,,,,,,,,,,,,,,,,,,,,,,,,,,,,,,,,,,,,,,,,,,,,,,,,,,,,,,,,,,,,,,,,,,,,nan,,,,,,,,,,,,,,,
512,1638.0867919921875,0.01636495068669319,1.6364950686693192,4206.220244407654,10000,ppo,ppo,crawler,flat,action_dth_tot_plus_friction_thdot_formula,,,,,,,,,,,,,,,0.0033743648465842644,0,781,0.0,0.0,,,,,,,,,,,,,,,,,,,,,,,,,,,,,,,,,,,,,,,,,,,,,,,,,,,,,,,,,,,,,,,,,,,,,,,,,,nan,,,,,,,,,,,,,,,
513,1519.12158203125,0.01517505757510662,1.517505757510662,4214.419198036194,10000,ppo,ppo,crawler,flat,action_dth_tot_plus_friction_thdot_formula,,,,,,,,,,,,,,,0.00479592659234018,0,781,0.0,0.0,,,,,,,,,,,,,,,,,,,,,,,,,,,,,,,,,,,,,,,,,,,,,,,,,,,,,,,,,,,,,,,,,,,,,,,,,,nan,,,,,,,,,,,,,,,
514,1688.220703125,0.016865411773324013,1.6865411773324013,4222.287020921707,10000,ppo,ppo,crawler,flat,action_dth_tot_plus_friction_thdot_formula,,,,,,,,,,,,,,,0.003710202658703973,0,781,0.0,0.0,,,,,,,,,,,,,,,,,,,,,,,,,,,,,,,,,,,,,,,,,,,,,,,,,,,,,,,,,,,,,,,,,,,,,,,,,,nan,,,,,,,,,,,,,,,
515,1678.7718505859375,0.016767891123890877,1.6767891123890877,4230.509516477585,10000,ppo,ppo,crawler,flat,action_dth_tot_plus_friction_thdot_formula,,,,,,,,,,,,,,,0.004275463999849154,0,781,0.0,0.0,,,,,,,,,,,,,,,,,,,,,,,,,,,,,,,,,,,,,,,,,,,,,,,,,,,,,,,,,,,,,,,,,,,,,,,,,,nan,,,,,,,,,,,,,,,
516,1627.2410888671875,0.016256136819720268,1.6256136819720268,4238.811214923859,10000,ppo,ppo,crawler,flat,action_dth_tot_plus_friction_thdot_formula,,,,,,,,,,,,,,,0.0036621891813178008,0,781,0.0,0.0,,,,,,,,,,,,,,,,,,,,,,,,,,,,,,,,,,,,,,,,,,,,,,,,,,,,,,,,,,,,,,,,,,,,,,,,,,nan,,,,,,,,,,,,,,,
517,1707.2186279296875,0.017058247700333595,1.7058247700333595,4247.17649435997,10000,ppo,ppo,crawler,flat,action_dth_tot_plus_friction_thdot_formula,,,,,,,,,,,,,,,0.003861905881796967,0,781,0.0,0.0,,,,,,,,,,,,,,,,,,,,,,,,,,,,,,,,,,,,,,,,,,,,,,,,,,,,,,,,,,,,,,,,,,,,,,,,,,nan,,,,,,,,,,,,,,,
518,1678.8753662109375,0.016769668087363243,1.6769668087363243,4255.466729879379,10000,ppo,ppo,crawler,flat,action_dth_tot_plus_friction_thdot_formula,,,,,,,,,,,,,,,0.0034076639601412838,0,781,0.0,0.0,,,,,,,,,,,,,,,,,,,,,,,,,,,,,,,,,,,,,,,,,,,,,,,,,,,,,,,,,,,,,,,,,,,,,,,,,,nan,,,,,,,,,,,,,,,
519,1594.7723388671875,0.01593213714659214,1.593213714659214,4263.882084369659,10000,ppo,ppo,crawler,flat,action_dth_tot_plus_friction_thdot_formula,,,,,,,,,,,,,,,0.00423328568295113,0,781,0.0,0.0,,,,,,,,,,,,,,,,,,,,,,,,,,,,,,,,,,,,,,,,,,,,,,,,,,,,,,,,,,,,,,,,,,,,,,,,,,nan,,,,,,,,,,,,,,,
520,1547.7520751953125,0.01546531356871128,1.546531356871128,4272.061071872711,10000,ppo,ppo,crawler,flat,action_dth_tot_plus_friction_thdot_formula,,,,,,,,,,,,,,,0.004953497741170163,0,781,0.0,0.0,,,,,,,,,,,,,,,,,,,,,,,,,,,,,,,,,,,,,,,,,,,,,,,,,,,,,,,,,,,,,,,,,,,,,,,,,,nan,,,,,,,,,,,,,,,
521,1641.140625,0.01639343611896038,1.639343611896038,4280.43236374855,10000,ppo,ppo,crawler,flat,action_dth_tot_plus_friction_thdot_formula,,,,,,,,,,,,,,,0.00367421765026795,0,781,0.0,0.0,,,,,,,,,,,,,,,,,,,,,,,,,,,,,,,,,,,,,,,,,,,,,,,,,,,,,,,,,,,,,,,,,,,,,,,,,,nan,,,,,,,,,,,,,,,
522,1636.0296630859375,0.01634533703327179,1.634533703327179,4288.426880836487,10000,ppo,ppo,crawler,flat,action_dth_tot_plus_friction_thdot_formula,,,,,,,,,,,,,,,0.004949113100797842,0,781,0.0,0.0,,,,,,,,,,,,,,,,,,,,,,,,,,,,,,,,,,,,,,,,,,,,,,,,,,,,,,,,,,,,,,,,,,,,,,,,,,nan,,,,,,,,,,,,,,,
523,1702.800048828125,0.017013462260365486,1.7013462260365486,4296.656591176987,10000,ppo,ppo,crawler,flat,action_dth_tot_plus_friction_thdot_formula,,,,,,,,,,,,,,,0.003922465661856335,0,781,0.0,0.0,,,,,,,,,,,,,,,,,,,,,,,,,,,,,,,,,,,,,,,,,,,,,,,,,,,,,,,,,,,,,,,,,,,,,,,,,,nan,,,,,,,,,,,,,,,
524,1535.9342041015625,0.015342282131314278,1.5342282131314278,4304.717466831207,10000,ppo,ppo,crawler,flat,action_dth_tot_plus_friction_thdot_formula,,,,,,,,,,,,,,,0.004066621079857887,0,781,0.0,0.0,,,,,,,,,,,,,,,,,,,,,,,,,,,,,,,,,,,,,,,,,,,,,,,,,,,,,,,,,,,,,,,,,,,,,,,,,,nan,,,,,,,,,,,,,,,
525,1600.4864501953125,0.015988923609256744,1.5988923609256744,4312.950520992279,10000,ppo,ppo,crawler,flat,action_dth_tot_plus_friction_thdot_formula,,,,,,,,,,,,,,,0.0037833143581031663,0,781,0.0,0.0,,,,,,,,,,,,,,,,,,,,,,,,,,,,,,,,,,,,,,,,,,,,,,,,,,,,,,,,,,,,,,,,,,,,,,,,,,nan,,,,,,,,,,,,,,,
526,1506.5985107421875,0.015045353211462498,1.5045353211462498,4321.366490125656,10000,ppo,ppo,crawler,flat,action_dth_tot_plus_friction_thdot_formula,,,,,,,,,,,,,,,0.003353493225740784,0,781,0.0,0.0,,,,,,,,,,,,,,,,,,,,,,,,,,,,,,,,,,,,,,,,,,,,,,,,,,,,,,,,,,,,,,,,,,,,,,,,,,nan,,,,,,,,,,,,,,,
527,1583.4527587890625,0.015816636383533478,1.5816636383533478,4329.378721952438,10000,ppo,ppo,crawler,flat,action_dth_tot_plus_friction_thdot_formula,,,,,,,,,,,,,,,0.004061989725085044,0,781,0.0,0.0,,,,,,,,,,,,,,,,,,,,,,,,,,,,,,,,,,,,,,,,,,,,,,,,,,,,,,,,,,,,,,,,,,,,,,,,,,nan,,,,,,,,,,,,,,,
528,1622.39453125,0.01620372384786606,1.6203723847866058,4337.697795391083,10000,ppo,ppo,crawler,flat,action_dth_tot_plus_friction_thdot_formula,,,,,,,,,,,,,,,0.004377545194920074,0,781,0.0,0.0,,,,,,,,,,,,,,,,,,,,,,,,,,,,,,,,,,,,,,,,,,,,,,,,,,,,,,,,,,,,,,,,,,,,,,,,,,nan,,,,,,,,,,,,,,,
529,1628.366455078125,0.016266481950879097,1.6266481950879097,4346.007012844086,10000,ppo,ppo,crawler,flat,action_dth_tot_plus_friction_thdot_formula,,,,,,,,,,,,,,,0.0033769661726632183,0,781,0.0,0.0,,,,,,,,,,,,,,,,,,,,,,,,,,,,,,,,,,,,,,,,,,,,,,,,,,,,,,,,,,,,,,,,,,,,,,,,,,nan,,,,,,,,,,,,,,,
530,1599.258544921875,0.01597270742058754,1.597270742058754,4354.134974956512,10000,ppo,ppo,crawler,flat,action_dth_tot_plus_friction_thdot_formula,,,,,,,,,,,,,,,0.0038930385617021155,0,781,0.0,0.0,,,,,,,,,,,,,,,,,,,,,,,,,,,,,,,,,,,,,,,,,,,,,,,,,,,,,,,,,,,,,,,,,,,,,,,,,,nan,,,,,,,,,,,,,,,
531,1631.890869140625,0.016305748373270035,1.6305748373270035,4362.279172897339,10000,ppo,ppo,crawler,flat,action_dth_tot_plus_friction_thdot_formula,,,,,,,,,,,,,,,0.0037457572368033844,0,781,0.0,0.0,,,,,,,,,,,,,,,,,,,,,,,,,,,,,,,,,,,,,,,,,,,,,,,,,,,,,,,,,,,,,,,,,,,,,,,,,,nan,,,,,,,,,,,,,,,
532,1601.4061279296875,0.016000021249055862,1.6000021249055862,4370.673581123352,10000,ppo,ppo,crawler,flat,action_dth_tot_plus_friction_thdot_formula,,,,,,,,,,,,,,,0.0041073065262067845,0,781,0.0,0.0,,,,,,,,,,,,,,,,,,,,,,,,,,,,,,,,,,,,,,,,,,,,,,,,,,,,,,,,,,,,,,,,,,,,,,,,,,nan,,,,,,,,,,,,,,,
533,1607.0018310546875,0.016052991151809692,1.6052991151809692,4378.926918029785,10000,ppo,ppo,crawler,flat,action_dth_tot_plus_friction_thdot_formula,,,,,,,,,,,,,,,0.0034101207943474598,0,781,0.0,0.0,,,,,,,,,,,,,,,,,,,,,,,,,,,,,,,,,,,,,,,,,,,,,,,,,,,,,,,,,,,,,,,,,,,,,,,,,,nan,,,,,,,,,,,,,,,
534,1555.6934814453125,0.015543372370302677,1.5543372370302677,4387.074580907822,10000,ppo,ppo,crawler,flat,action_dth_tot_plus_friction_thdot_formula,,,,,,,,,,,,,,,0.004357887973176273,0,781,0.0,0.0,,,,,,,,,,,,,,,,,,,,,,,,,,,,,,,,,,,,,,,,,,,,,,,,,,,,,,,,,,,,,,,,,,,,,,,,,,nan,,,,,,,,,,,,,,,
535,1709.8765869140625,0.01708354242146015,1.7083542421460152,4395.306285619736,10000,ppo,ppo,crawler,flat,action_dth_tot_plus_friction_thdot_formula,,,,,,,,,,,,,,,0.0037074816110186162,0,781,0.0,0.0,,,,,,,,,,,,,,,,,,,,,,,,,,,,,,,,,,,,,,,,,,,,,,,,,,,,,,,,,,,,,,,,,,,,,,,,,,nan,,,,,,,,,,,,,,,
536,1659.84375,0.01658359169960022,1.658359169960022,4403.600715398788,10000,ppo,ppo,crawler,flat,action_dth_tot_plus_friction_thdot_formula,,,,,,,,,,,,,,,0.0033877889378140613,0,781,0.0,0.0,,,,,,,,,,,,,,,,,,,,,,,,,,,,,,,,,,,,,,,,,,,,,,,,,,,,,,,,,,,,,,,,,,,,,,,,,,nan,,,,,,,,,,,,,,,
537,1570.1214599609375,0.015686221420764923,1.5686221420764923,4412.052428483963,10000,ppo,ppo,crawler,flat,action_dth_tot_plus_friction_thdot_formula,,,,,,,,,,,,,,,0.004036747301678577,0,781,0.0,0.0,,,,,,,,,,,,,,,,,,,,,,,,,,,,,,,,,,,,,,,,,,,,,,,,,,,,,,,,,,,,,,,,,,,,,,,,,,nan,,,,,,,,,,,,,,,
538,1563.2359619140625,0.015614556148648262,1.5614556148648262,4420.231303930283,10000,ppo,ppo,crawler,flat,action_dth_tot_plus_friction_thdot_formula,,,,,,,,,,,,,,,0.0038997898539814444,0,781,0.0,0.0,,,,,,,,,,,,,,,,,,,,,,,,,,,,,,,,,,,,,,,,,,,,,,,,,,,,,,,,,,,,,,,,,,,,,,,,,,nan,,,,,,,,,,,,,,,
539,1593.0947265625,0.015910563990473747,1.5910563990473747,4428.568245172501,10000,ppo,ppo,crawler,flat,action_dth_tot_plus_friction_thdot_formula,,,,,,,,,,,,,,,0.004214752514936953,0,781,0.0,0.0,,,,,,,,,,,,,,,,,,,,,,,,,,,,,,,,,,,,,,,,,,,,,,,,,,,,,,,,,,,,,,,,,,,,,,,,,,nan,,,,,,,,,,,,,,,
540,1618.389892578125,0.01616617478430271,1.6166174784302711,4436.840698957443,10000,ppo,ppo,crawler,flat,action_dth_tot_plus_friction_thdot_formula,,,,,,,,,,,,,,,0.004076141016211995,0,781,0.0,0.0,,,,,,,,,,,,,,,,,,,,,,,,,,,,,,,,,,,,,,,,,,,,,,,,,,,,,,,,,,,,,,,,,,,,,,,,,,nan,,,,,,,,,,,,,,,
541,1573.7957763671875,0.01572262868285179,1.5722628682851791,4445.078407764435,10000,ppo,ppo,crawler,flat,action_dth_tot_plus_friction_thdot_formula,,,,,,,,,,,,,,,0.005026383177143558,0,781,0.0,0.0,,,,,,,,,,,,,,,,,,,,,,,,,,,,,,,,,,,,,,,,,,,,,,,,,,,,,,,,,,,,,,,,,,,,,,,,,,nan,,,,,,,,,,,,,,,
542,1568.6134033203125,0.015671925619244576,1.5671925619244576,4453.335195064545,10000,ppo,ppo,crawler,flat,action_dth_tot_plus_friction_thdot_formula,,,,,,,,,,,,,,,0.004885429539948776,0,781,0.0,0.0,,,,,,,,,,,,,,,,,,,,,,,,,,,,,,,,,,,,,,,,,,,,,,,,,,,,,,,,,,,,,,,,,,,,,,,,,,nan,,,,,,,,,,,,,,,
543,1583.5501708984375,0.015824520960450172,1.5824520960450172,4461.846429347992,10000,ppo,ppo,crawler,flat,action_dth_tot_plus_friction_thdot_formula,,,,,,,,,,,,,,,0.0034935842448530693,0,781,0.0,0.0,,,,,,,,,,,,,,,,,,,,,,,,,,,,,,,,,,,,,,,,,,,,,,,,,,,,,,,,,,,,,,,,,,,,,,,,,,nan,,,,,,,,,,,,,,,
544,1670.39453125,0.016690509393811226,1.6690509393811226,4470.146599769592,10000,ppo,ppo,crawler,flat,action_dth_tot_plus_friction_thdot_formula,,,,,,,,,,,,,,,0.0037714767483466695,0,781,0.0,0.0,,,,,,,,,,,,,,,,,,,,,,,,,,,,,,,,,,,,,,,,,,,,,,,,,,,,,,,,,,,,,,,,,,,,,,,,,,nan,,,,,,,,,,,,,,,
545,1670.327392578125,0.01668473705649376,1.668473705649376,4478.69993519783,10000,ppo,ppo,crawler,flat,action_dth_tot_plus_friction_thdot_formula,,,,,,,,,,,,,,,0.0040742845766627315,0,781,0.0,0.0,,,,,,,,,,,,,,,,,,,,,,,,,,,,,,,,,,,,,,,,,,,,,,,,,,,,,,,,,,,,,,,,,,,,,,,,,,nan,,,,,,,,,,,,,,,
546,1515.799072265625,0.015138511545956135,1.5138511545956135,4486.956996679306,10000,ppo,ppo,crawler,flat,action_dth_tot_plus_friction_thdot_formula,,,,,,,,,,,,,,,0.004767433047333671,0,781,0.0,0.0,,,,,,,,,,,,,,,,,,,,,,,,,,,,,,,,,,,,,,,,,,,,,,,,,,,,,,,,,,,,,,,,,,,,,,,,,,nan,,,,,,,,,,,,,,,
547,1652.583251953125,0.016512203961610794,1.6512203961610794,4495.314238071442,10000,ppo,ppo,crawler,flat,action_dth_tot_plus_friction_thdot_formula,,,,,,,,,,,,,,,0.0036523141319492044,0,781,0.0,0.0,,,,,,,,,,,,,,,,,,,,,,,,,,,,,,,,,,,,,,,,,,,,,,,,,,,,,,,,,,,,,,,,,,,,,,,,,,nan,,,,,,,,,,,,,,,
548,1720.0357666015625,0.017181869596242905,1.7181869596242905,4503.5196878910065,10000,ppo,ppo,crawler,flat,action_dth_tot_plus_friction_thdot_formula,,,,,,,,,,,,,,,0.0033074425748133825,0,781,0.0,0.0,,,,,,,,,,,,,,,,,,,,,,,,,,,,,,,,,,,,,,,,,,,,,,,,,,,,,,,,,,,,,,,,,,,,,,,,,,nan,,,,,,,,,,,,,,,
549,1567.177001953125,0.015650810673832893,1.5650810673832893,4511.744039058685,10000,ppo,ppo,crawler,flat,action_dth_tot_plus_friction_thdot_formula,,,,,,,,,,,,,,,0.004281156581044543,0,781,0.0,0.0,,,,,,,,,,,,,,,,,,,,,,,,,,,,,,,,,,,,,,,,,,,,,,,,,,,,,,,,,,,,,,,,,,,,,,,,,,nan,,,,,,,,,,,,,,,
550,1761.6009521484375,0.017598826438188553,1.7598826438188553,4520.201542139053,10000,ppo,ppo,crawler,flat,action_dth_tot_plus_friction_thdot_formula,,,,,,,,,,,,,,,0.0038844901511565486,0,781,0.0,0.0,,,,,,,,,,,,,,,,,,,,,,,,,,,,,,,,,,,,,,,,,,,,,,,,,,,,,,,,,,,,,,,,,,,,,,,,,,nan,,,,,,,,,,,,,,,
551,1536.6630859375,0.015345901250839233,1.5345901250839233,4528.804360866547,10000,ppo,ppo,crawler,flat,action_dth_tot_plus_friction_thdot_formula,,,,,,,,,,,,,,,0.004714374650973605,0,781,0.0,0.0,,,,,,,,,,,,,,,,,,,,,,,,,,,,,,,,,,,,,,,,,,,,,,,,,,,,,,,,,,,,,,,,,,,,,,,,,,nan,,,,,,,,,,,,,,,
552,1725.671142578125,0.017237715423107147,1.7237715423107147,4537.082520723343,10000,ppo,ppo,crawler,flat,action_dth_tot_plus_friction_thdot_formula,,,,,,,,,,,,,,,0.0037224471891625626,0,781,0.0,0.0,,,,,,,,,,,,,,,,,,,,,,,,,,,,,,,,,,,,,,,,,,,,,,,,,,,,,,,,,,,,,,,,,,,,,,,,,,nan,,,,,,,,,,,,,,,
553,1600.814208984375,0.0159941166639328,1.59941166639328,4545.467267513275,10000,ppo,ppo,crawler,flat,action_dth_tot_plus_friction_thdot_formula,,,,,,,,,,,,,,,0.004294878024954907,0,781,0.0,0.0,,,,,,,,,,,,,,,,,,,,,,,,,,,,,,,,,,,,,,,,,,,,,,,,,,,,,,,,,,,,,,,,,,,,,,,,,,nan,,,,,,,,,,,,,,,
554,1571.2801513671875,0.015697766095399857,1.5697766095399857,4553.819042682648,10000,ppo,ppo,crawler,flat,action_dth_tot_plus_friction_thdot_formula,,,,,,,,,,,,,,,0.004029319022217808,0,781,0.0,0.0,,,,,,,,,,,,,,,,,,,,,,,,,,,,,,,,,,,,,,,,,,,,,,,,,,,,,,,,,,,,,,,,,,,,,,,,,,nan,,,,,,,,,,,,,,,
555,1531.6024169921875,0.015298827551305294,1.5298827551305294,4562.168143749237,10000,ppo,ppo,crawler,flat,action_dth_tot_plus_friction_thdot_formula,,,,,,,,,,,,,,,0.004129337977772107,0,781,0.0,0.0,,,,,,,,,,,,,,,,,,,,,,,,,,,,,,,,,,,,,,,,,,,,,,,,,,,,,,,,,,,,,,,,,,,,,,,,,,nan,,,,,,,,,,,,,,,
556,1546.79443359375,0.01544872671365738,1.544872671365738,4570.530250072479,10000,ppo,ppo,crawler,flat,action_dth_tot_plus_friction_thdot_formula,,,,,,,,,,,,,,,0.0030043512287939614,0,781,0.0,0.0,,,,,,,,,,,,,,,,,,,,,,,,,,,,,,,,,,,,,,,,,,,,,,,,,,,,,,,,,,,,,,,,,,,,,,,,,,nan,,,,,,,,,,,,,,,
557,1540.286865234375,0.015387066639959812,1.5387066639959812,4579.260681629181,10000,ppo,ppo,crawler,flat,action_dth_tot_plus_friction_thdot_formula,,,,,,,,,,,,,,,0.004334668350801297,0,781,0.0,0.0,,,,,,,,,,,,,,,,,,,,,,,,,,,,,,,,,,,,,,,,,,,,,,,,,,,,,,,,,,,,,,,,,,,,,,,,,,nan,,,,,,,,,,,,,,,
558,1580.25537109375,0.015791790559887886,1.5791790559887886,4588.004411458969,10000,ppo,ppo,crawler,flat,action_dth_tot_plus_friction_thdot_formula,,,,,,,,,,,,,,,0.004224911041129392,0,781,0.0,0.0,,,,,,,,,,,,,,,,,,,,,,,,,,,,,,,,,,,,,,,,,,,,,,,,,,,,,,,,,,,,,,,,,,,,,,,,,,nan,,,,,,,,,,,,,,,
559,1550.3265380859375,0.015484844334423542,1.5484844334423542,4596.265766620636,10000,ppo,ppo,crawler,flat,action_dth_tot_plus_friction_thdot_formula,,,,,,,,,,,,,,,0.003565257751304184,0,781,0.0,0.0,,,,,,,,,,,,,,,,,,,,,,,,,,,,,,,,,,,,,,,,,,,,,,,,,,,,,,,,,,,,,,,,,,,,,,,,,,nan,,,,,,,,,,,,,,,
560,1571.0758056640625,0.015692001208662987,1.5692001208662987,4604.344872713089,10000,ppo,ppo,crawler,flat,action_dth_tot_plus_friction_thdot_formula,,,,,,,,,,,,,,,0.003674645279742844,0,781,0.0,0.0,,,,,,,,,,,,,,,,,,,,,,,,,,,,,,,,,,,,,,,,,,,,,,,,,,,,,,,,,,,,,,,,,,,,,,,,,,nan,,,,,,,,,,,,,,,
561,1496.9105224609375,0.014950805343687534,1.4950805343687534,4612.798708200455,10000,ppo,ppo,crawler,flat,action_dth_tot_plus_friction_thdot_formula,,,,,,,,,,,,,,,0.004470301502105207,0,781,0.0,0.0,,,,,,,,,,,,,,,,,,,,,,,,,,,,,,,,,,,,,,,,,,,,,,,,,,,,,,,,,,,,,,,,,,,,,,,,,,nan,,,,,,,,,,,,,,,
562,1678.8583984375,0.0167704951018095,1.6770495101809502,4620.99517083168,10000,ppo,ppo,crawler,flat,action_dth_tot_plus_friction_thdot_formula,,,,,,,,,,,,,,,0.003973359954883267,0,781,0.0,0.0,,,,,,,,,,,,,,,,,,,,,,,,,,,,,,,,,,,,,,,,,,,,,,,,,,,,,,,,,,,,,,,,,,,,,,,,,,nan,,,,,,,,,,,,,,,
563,1597.7813720703125,0.015957413241267204,1.5957413241267204,4629.151408433914,10000,ppo,ppo,crawler,flat,action_dth_tot_plus_friction_thdot_formula,,,,,,,,,,,,,,,0.004712216213124025,0,781,0.0,0.0,,,,,,,,,,,,,,,,,,,,,,,,,,,,,,,,,,,,,,,,,,,,,,,,,,,,,,,,,,,,,,,,,,,,,,,,,,nan,,,,,,,,,,,,,,,
564,1576.1949462890625,0.01574447564780712,1.5744475647807121,4637.37068772316,10000,ppo,ppo,crawler,flat,action_dth_tot_plus_friction_thdot_formula,,,,,,,,,,,,,,,0.00405111443657558,0,781,0.0,0.0,,,,,,,,,,,,,,,,,,,,,,,,,,,,,,,,,,,,,,,,,,,,,,,,,,,,,,,,,,,,,,,,,,,,,,,,,,nan,,,,,,,,,,,,,,,
565,1618.2735595703125,0.016164900735020638,1.6164900735020638,4645.704868793488,10000,ppo,ppo,crawler,flat,action_dth_tot_plus_friction_thdot_formula,,,,,,,,,,,,,,,0.0034105630680425604,0,781,0.0,0.0,,,,,,,,,,,,,,,,,,,,,,,,,,,,,,,,,,,,,,,,,,,,,,,,,,,,,,,,,,,,,,,,,,,,,,,,,,nan,,,,,,,,,,,,,,,
566,1493.298095703125,0.014913798309862614,1.4913798309862614,4654.067767620087,10000,ppo,ppo,crawler,flat,action_dth_tot_plus_friction_thdot_formula,,,,,,,,,,,,,,,0.0032390996833673528,0,781,0.0,0.0,,,,,,,,,,,,,,,,,,,,,,,,,,,,,,,,,,,,,,,,,,,,,,,,,,,,,,,,,,,,,,,,,,,,,,,,,,nan,,,,,,,,,,,,,,,
567,1519.642578125,0.015183047391474247,1.5183047391474247,4662.3063185215,10000,ppo,ppo,crawler,flat,action_dth_tot_plus_friction_thdot_formula,,,,,,,,,,,,,,,0.003939534453275672,0,781,0.0,0.0,,,,,,,,,,,,,,,,,,,,,,,,,,,,,,,,,,,,,,,,,,,,,,,,,,,,,,,,,,,,,,,,,,,,,,,,,,nan,,,,,,,,,,,,,,,
568,1583.0845947265625,0.015813494101166725,1.5813494101166725,4670.5077612400055,10000,ppo,ppo,crawler,flat,action_dth_tot_plus_friction_thdot_formula,,,,,,,,,,,,,,,0.0037903855066590258,0,781,0.0,0.0,,,,,,,,,,,,,,,,,,,,,,,,,,,,,,,,,,,,,,,,,,,,,,,,,,,,,,,,,,,,,,,,,,,,,,,,,,nan,,,,,,,,,,,,,,,
569,1711.5550537109375,0.017095696181058884,1.7095696181058884,4679.227175235748,10000,ppo,ppo,crawler,flat,action_dth_tot_plus_friction_thdot_formula,,,,,,,,,,,,,,,0.0033921182701389797,0,781,0.0,0.0,,,,,,,,,,,,,,,,,,,,,,,,,,,,,,,,,,,,,,,,,,,,,,,,,,,,,,,,,,,,,,,,,,,,,,,,,,nan,,,,,,,,,,,,,,,
570,1610.7991943359375,0.01609446108341217,1.609446108341217,4688.06768655777,10000,ppo,ppo,crawler,flat,action_dth_tot_plus_friction_thdot_formula,,,,,,,,,,,,,,,0.003723576568073334,0,781,0.0,0.0,,,,,,,,,,,,,,,,,,,,,,,,,,,,,,,,,,,,,,,,,,,,,,,,,,,,,,,,,,,,,,,,,,,,,,,,,,nan,,,,,,,,,,,,,,,
571,1660.5111083984375,0.016591839492321014,1.6591839492321014,4696.9686958789825,10000,ppo,ppo,crawler,flat,action_dth_tot_plus_friction_thdot_formula,,,,,,,,,,,,,,,0.0034111042451617285,0,781,0.0,0.0,,,,,,,,,,,,,,,,,,,,,,,,,,,,,,,,,,,,,,,,,,,,,,,,,,,,,,,,,,,,,,,,,,,,,,,,,,nan,,,,,,,,,,,,,,,
572,1619.3900146484375,0.016174782067537308,1.6174782067537308,4705.986975669861,10000,ppo,ppo,crawler,flat,action_dth_tot_plus_friction_thdot_formula,,,,,,,,,,,,,,,0.003015405922481509,0,781,0.0,0.0,,,,,,,,,,,,,,,,,,,,,,,,,,,,,,,,,,,,,,,,,,,,,,,,,,,,,,,,,,,,,,,,,,,,,,,,,,nan,,,,,,,,,,,,,,,
573,1652.966064453125,0.01651429757475853,1.651429757475853,4714.723501443863,10000,ppo,ppo,crawler,flat,action_dth_tot_plus_friction_thdot_formula,,,,,,,,,,,,,,,0.003471824931579722,0,781,0.0,0.0,,,,,,,,,,,,,,,,,,,,,,,,,,,,,,,,,,,,,,,,,,,,,,,,,,,,,,,,,,,,,,,,,,,,,,,,,,nan,,,,,,,,,,,,,,,
574,1600.3572998046875,0.015984637662768364,1.5984637662768364,4723.8810341358185,10000,ppo,ppo,crawler,flat,action_dth_tot_plus_friction_thdot_formula,,,,,,,,,,,,,,,0.003968742063221916,0,781,0.0,0.0,,,,,,,,,,,,,,,,,,,,,,,,,,,,,,,,,,,,,,,,,,,,,,,,,,,,,,,,,,,,,,,,,,,,,,,,,,nan,,,,,,,,,,,,,,,
575,1622.03857421875,0.01621169038116932,1.621169038116932,4732.742236375809,10000,ppo,ppo,crawler,flat,action_dth_tot_plus_friction_thdot_formula,,,,,,,,,,,,,,,0.003938815161943848,0,781,0.0,0.0,,,,,,,,,,,,,,,,,,,,,,,,,,,,,,,,,,,,,,,,,,,,,,,,,,,,,,,,,,,,,,,,,,,,,,,,,,nan,,,,,,,,,,,,,,,
576,1615.6251220703125,0.01613481156527996,1.613481156527996,4741.03990149498,10000,ppo,ppo,crawler,flat,action_dth_tot_plus_friction_thdot_formula,,,,,,,,,,,,,,,0.004406369627561008,0,781,0.0,0.0,,,,,,,,,,,,,,,,,,,,,,,,,,,,,,,,,,,,,,,,,,,,,,,,,,,,,,,,,,,,,,,,,,,,,,,,,,nan,,,,,,,,,,,,,,,
577,1586.8267822265625,0.015850355848670006,1.5850355848670006,4749.161844730377,10000,ppo,ppo,crawler,flat,action_dth_tot_plus_friction_thdot_formula,,,,,,,,,,,,,,,0.003101584859269584,0,781,0.0,0.0,,,,,,,,,,,,,,,,,,,,,,,,,,,,,,,,,,,,,,,,,,,,,,,,,,,,,,,,,,,,,,,,,,,,,,,,,,nan,,,,,,,,,,,,,,,
578,1592.781494140625,0.015908319503068924,1.5908319503068924,4757.534150838852,10000,ppo,ppo,crawler,flat,action_dth_tot_plus_friction_thdot_formula,,,,,,,,,,,,,,,0.003999296486013713,0,781,0.0,0.0,,,,,,,,,,,,,,,,,,,,,,,,,,,,,,,,,,,,,,,,,,,,,,,,,,,,,,,,,,,,,,,,,,,,,,,,,,nan,,,,,,,,,,,,,,,
579,1668.3228759765625,0.01666213944554329,1.666213944554329,4765.794338941574,10000,ppo,ppo,crawler,flat,action_dth_tot_plus_friction_thdot_formula,,,,,,,,,,,,,,,0.003695200426391029,0,781,0.0,0.0,,,,,,,,,,,,,,,,,,,,,,,,,,,,,,,,,,,,,,,,,,,,,,,,,,,,,,,,,,,,,,,,,,,,,,,,,,nan,,,,,,,,,,,,,,,
580,1556.8961181640625,0.015553281642496586,1.5553281642496586,4773.876374959946,10000,ppo,ppo,crawler,flat,action_dth_tot_plus_friction_thdot_formula,,,,,,,,,,,,,,,0.003910664130825366,0,781,0.0,0.0,,,,,,,,,,,,,,,,,,,,,,,,,,,,,,,,,,,,,,,,,,,,,,,,,,,,,,,,,,,,,,,,,,,,,,,,,,nan,,,,,,,,,,,,,,,
581,1676.388671875,0.01674746349453926,1.674746349453926,4782.108174562454,10000,ppo,ppo,crawler,flat,action_dth_tot_plus_friction_thdot_formula,,,,,,,,,,,,,,,0.0037154576526289966,0,781,0.0,0.0,,,,,,,,,,,,,,,,,,,,,,,,,,,,,,,,,,,,,,,,,,,,,,,,,,,,,,,,,,,,,,,,,,,,,,,,,,nan,,,,,,,,,,,,,,,
582,1630.0673828125,0.016278233379125595,1.6278233379125595,4790.519342422485,10000,ppo,ppo,crawler,flat,action_dth_tot_plus_friction_thdot_formula,,,,,,,,,,,,,,,0.00414458969795764,0,781,0.0,0.0,,,,,,,,,,,,,,,,,,,,,,,,,,,,,,,,,,,,,,,,,,,,,,,,,,,,,,,,,,,,,,,,,,,,,,,,,,nan,,,,,,,,,,,,,,,
583,1673.8739013671875,0.01672188751399517,1.672188751399517,4798.5185396671295,10000,ppo,ppo,crawler,flat,action_dth_tot_plus_friction_thdot_formula,,,,,,,,,,,,,,,0.0036167215582587914,0,781,0.0,0.0,,,,,,,,,,,,,,,,,,,,,,,,,,,,,,,,,,,,,,,,,,,,,,,,,,,,,,,,,,,,,,,,,,,,,,,,,,nan,,,,,,,,,,,,,,,
584,1533.440673828125,0.015315322205424309,1.5315322205424309,4806.91207575798,10000,ppo,ppo,crawler,flat,action_dth_tot_plus_friction_thdot_formula,,,,,,,,,,,,,,,0.0026932308590009797,0,781,0.0,0.0,,,,,,,,,,,,,,,,,,,,,,,,,,,,,,,,,,,,,,,,,,,,,,,,,,,,,,,,,,,,,,,,,,,,,,,,,,nan,,,,,,,,,,,,,,,
585,1479.9984130859375,0.014785059727728367,1.4785059727728367,4815.392606258392,10000,ppo,ppo,crawler,flat,action_dth_tot_plus_friction_thdot_formula,,,,,,,,,,,,,,,0.004747267065666051,0,781,0.0,0.0,,,,,,,,,,,,,,,,,,,,,,,,,,,,,,,,,,,,,,,,,,,,,,,,,,,,,,,,,,,,,,,,,,,,,,,,,,nan,,,,,,,,,,,,,,,
586,1516.1968994140625,0.01514457631856203,1.514457631856203,4823.48431968689,10000,ppo,ppo,crawler,flat,action_dth_tot_plus_friction_thdot_formula,,,,,,,,,,,,,,,0.003814748904763789,0,781,0.0,0.0,,,,,,,,,,,,,,,,,,,,,,,,,,,,,,,,,,,,,,,,,,,,,,,,,,,,,,,,,,,,,,,,,,,,,,,,,,nan,,,,,,,,,,,,,,,
587,1755.0269775390625,0.01753002032637596,1.7530020326375961,4831.9339780807495,10000,ppo,ppo,crawler,flat,action_dth_tot_plus_friction_thdot_formula,,,,,,,,,,,,,,,0.0036843054611954322,0,781,0.0,0.0,,,,,,,,,,,,,,,,,,,,,,,,,,,,,,,,,,,,,,,,,,,,,,,,,,,,,,,,,,,,,,,,,,,,,,,,,,nan,,,,,,,,,,,,,,,
588,1625.612548828125,0.016238685697317123,1.6238685697317123,4840.030964374542,10000,ppo,ppo,crawler,flat,action_dth_tot_plus_friction_thdot_formula,,,,,,,,,,,,,,,0.0037293044384270812,0,781,0.0,0.0,,,,,,,,,,,,,,,,,,,,,,,,,,,,,,,,,,,,,,,,,,,,,,,,,,,,,,,,,,,,,,,,,,,,,,,,,,nan,,,,,,,,,,,,,,,
589,1684.2857666015625,0.016820650547742844,1.6820650547742844,4848.129122257233,10000,ppo,ppo,crawler,flat,action_dth_tot_plus_friction_thdot_formula,,,,,,,,,,,,,,,0.003124195459322937,0,781,0.0,0.0,,,,,,,,,,,,,,,,,,,,,,,,,,,,,,,,,,,,,,,,,,,,,,,,,,,,,,,,,,,,,,,,,,,,,,,,,,nan,,,,,,,,,,,,,,,
590,1716.2054443359375,0.017147842794656754,1.7147842794656754,4856.520840167999,10000,ppo,ppo,crawler,flat,action_dth_tot_plus_friction_thdot_formula,,,,,,,,,,,,,,,0.003855749610400068,0,781,0.0,0.0,,,,,,,,,,,,,,,,,,,,,,,,,,,,,,,,,,,,,,,,,,,,,,,,,,,,,,,,,,,,,,,,,,,,,,,,,,nan,,,,,,,,,,,,,,,
591,1630.422119140625,0.016284361481666565,1.6284361481666565,4865.066009283066,10000,ppo,ppo,crawler,flat,action_dth_tot_plus_friction_thdot_formula,,,,,,,,,,,,,,,0.003582249335478395,0,781,0.0,0.0,,,,,,,,,,,,,,,,,,,,,,,,,,,,,,,,,,,,,,,,,,,,,,,,,,,,,,,,,,,,,,,,,,,,,,,,,,nan,,,,,,,,,,,,,,,
592,1662.6363525390625,0.016608472913503647,1.6608472913503647,4873.253019332886,10000,ppo,ppo,crawler,flat,action_dth_tot_plus_friction_thdot_formula,,,,,,,,,,,,,,,0.0030539462177924187,0,781,0.0,0.0,,,,,,,,,,,,,,,,,,,,,,,,,,,,,,,,,,,,,,,,,,,,,,,,,,,,,,,,,,,,,,,,,,,,,,,,,,nan,,,,,,,,,,,,,,,
593,1675.4176025390625,0.016732871532440186,1.6732871532440186,4881.541804075241,10000,ppo,ppo,crawler,flat,action_dth_tot_plus_friction_thdot_formula,,,,,,,,,,,,,,,0.003438433621559595,0,781,0.0,0.0,,,,,,,,,,,,,,,,,,,,,,,,,,,,,,,,,,,,,,,,,,,,,,,,,,,,,,,,,,,,,,,,,,,,,,,,,,nan,,,,,,,,,,,,,,,
594,1679.955078125,0.016783826053142548,1.6783826053142548,4889.751816511154,10000,ppo,ppo,crawler,flat,action_dth_tot_plus_friction_thdot_formula,,,,,,,,,,,,,,,0.0034768463486329164,0,781,0.0,0.0,,,,,,,,,,,,,,,,,,,,,,,,,,,,,,,,,,,,,,,,,,,,,,,,,,,,,,,,,,,,,,,,,,,,,,,,,,nan,,,,,,,,,,,,,,,
595,1741.494384765625,0.01739637926220894,1.7396379262208939,4898.087440729141,10000,ppo,ppo,crawler,flat,action_dth_tot_plus_friction_thdot_formula,,,,,,,,,,,,,,,0.003887290520307032,0,781,0.0,0.0,,,,,,,,,,,,,,,,,,,,,,,,,,,,,,,,,,,,,,,,,,,,,,,,,,,,,,,,,,,,,,,,,,,,,,,,,,nan,,,,,,,,,,,,,,,
596,1715.904296875,0.017139481380581856,1.7139481380581856,4905.904732704163,10000,ppo,ppo,crawler,flat,action_dth_tot_plus_friction_thdot_formula,,,,,,,,,,,,,,,0.0032004167446681797,0,781,0.0,0.0,,,,,,,,,,,,,,,,,,,,,,,,,,,,,,,,,,,,,,,,,,,,,,,,,,,,,,,,,,,,,,,,,,,,,,,,,,nan,,,,,,,,,,,,,,,
597,1720.0628662109375,0.01718689315021038,1.718689315021038,4914.248513221741,10000,ppo,ppo,crawler,flat,action_dth_tot_plus_friction_thdot_formula,,,,,,,,,,,,,,,0.003958560626836978,0,781,0.0,0.0,,,,,,,,,,,,,,,,,,,,,,,,,,,,,,,,,,,,,,,,,,,,,,,,,,,,,,,,,,,,,,,,,,,,,,,,,,nan,,,,,,,,,,,,,,,
598,1479.61474609375,0.014776024967432022,1.4776024967432022,4922.800634860992,10000,ppo,ppo,crawler,flat,action_dth_tot_plus_friction_thdot_formula,,,,,,,,,,,,,,,0.0046600788103481556,0,781,0.0,0.0,,,,,,,,,,,,,,,,,,,,,,,,,,,,,,,,,,,,,,,,,,,,,,,,,,,,,,,,,,,,,,,,,,,,,,,,,,nan,,,,,,,,,,,,,,,
599,1630.9324951171875,0.016291897743940353,1.6291897743940353,4930.968261957169,10000,ppo,ppo,crawler,flat,action_dth_tot_plus_friction_thdot_formula,,,,,,,,,,,,,,,0.003454379613098966,0,781,0.0,0.0,,,,,,,,,,,,,,,,,,,,,,,,,,,,,,,,,,,,,,,,,,,,,,,,,,,,,,,,,,,,,,,,,,,,,,,,,,nan,,,,,,,,,,,,,,,
600,1630.437744140625,0.01628878526389599,1.6288785263895988,4939.513626813889,10000,ppo,ppo,crawler,flat,action_dth_tot_plus_friction_thdot_formula,,,,,,,,,,,,,,,0.004170399177154686,0,781,0.0,0.0,,,,,,,,,,,,,,,,,,,,,,,,,,,,,,,,,,,,,,,,,,,,,,,,,,,,,,,,,,,,,,,,,,,,,,,,,,nan,,,,,,,,,,,,,,,
601,1680.987548828125,0.016791852191090584,1.6791852191090584,4948.022071838379,10000,ppo,ppo,crawler,flat,action_dth_tot_plus_friction_thdot_formula,,,,,,,,,,,,,,,0.0033301830685413688,0,781,0.0,0.0,,,,,,,,,,,,,,,,,,,,,,,,,,,,,,,,,,,,,,,,,,,,,,,,,,,,,,,,,,,,,,,,,,,,,,,,,,nan,,,,,,,,,,,,,,,
602,1579.9290771484375,0.01578230783343315,1.5782307833433151,4956.280173063278,10000,ppo,ppo,crawler,flat,action_dth_tot_plus_friction_thdot_formula,,,,,,,,,,,,,,,0.004069969501749108,0,781,0.0,0.0,,,,,,,,,,,,,,,,,,,,,,,,,,,,,,,,,,,,,,,,,,,,,,,,,,,,,,,,,,,,,,,,,,,,,,,,,,nan,,,,,,,,,,,,,,,
603,1588.7117919921875,0.015867047011852264,1.5867047011852264,4964.597450733185,10000,ppo,ppo,crawler,flat,action_dth_tot_plus_friction_thdot_formula,,,,,,,,,,,,,,,0.0038834715238727615,0,781,0.0,0.0,,,,,,,,,,,,,,,,,,,,,,,,,,,,,,,,,,,,,,,,,,,,,,,,,,,,,,,,,,,,,,,,,,,,,,,,,,nan,,,,,,,,,,,,,,,
604,1534.6185302734375,0.015329777263104916,1.5329777263104916,4972.974446773529,10000,ppo,ppo,crawler,flat,action_dth_tot_plus_friction_thdot_formula,,,,,,,,,,,,,,,0.00436703037151145,0,781,0.0,0.0,,,,,,,,,,,,,,,,,,,,,,,,,,,,,,,,,,,,,,,,,,,,,,,,,,,,,,,,,,,,,,,,,,,,,,,,,,nan,,,,,,,,,,,,,,,
605,1591.929443359375,0.015899276360869408,1.5899276360869408,4981.392445325851,10000,ppo,ppo,crawler,flat,action_dth_tot_plus_friction_thdot_formula,,,,,,,,,,,,,,,0.0031318496973832136,0,781,0.0,0.0,,,,,,,,,,,,,,,,,,,,,,,,,,,,,,,,,,,,,,,,,,,,,,,,,,,,,,,,,,,,,,,,,,,,,,,,,,nan,,,,,,,,,,,,,,,
606,1668.7271728515625,0.016674693673849106,1.6674693673849106,4989.627168893814,10000,ppo,ppo,crawler,flat,action_dth_tot_plus_friction_thdot_formula,,,,,,,,,,,,,,,0.0032051275134347165,0,781,0.0,0.0,,,,,,,,,,,,,,,,,,,,,,,,,,,,,,,,,,,,,,,,,,,,,,,,,,,,,,,,,,,,,,,,,,,,,,,,,,nan,,,,,,,,,,,,,,,
607,1555.4244384765625,0.015535146929323673,1.5535146929323673,4997.628500699997,10000,ppo,ppo,crawler,flat,action_dth_tot_plus_friction_thdot_formula,,,,,,,,,,,,,,,0.0036019874668397514,0,781,0.0,0.0,,,,,,,,,,,,,,,,,,,,,,,,,,,,,,,,,,,,,,,,,,,,,,,,,,,,,,,,,,,,,,,,,,,,,,,,,,nan,,,,,,,,,,,,,,,
608,1587.5487060546875,0.01585739478468895,1.585739478468895,5005.931915044785,10000,ppo,ppo,crawler,flat,action_dth_tot_plus_friction_thdot_formula,,,,,,,,,,,,,,,0.003122299099603379,0,781,0.0,0.0,,,,,,,,,,,,,,,,,,,,,,,,,,,,,,,,,,,,,,,,,,,,,,,,,,,,,,,,,,,,,,,,,,,,,,,,,,nan,,,,,,,,,,,,,,,
609,1580.6492919921875,0.01579100638628006,1.579100638628006,5014.205927848816,10000,ppo,ppo,crawler,flat,action_dth_tot_plus_friction_thdot_formula,,,,,,,,,,,,,,,0.0034905321655047295,0,781,0.0,0.0,,,,,,,,,,,,,,,,,,,,,,,,,,,,,,,,,,,,,,,,,,,,,,,,,,,,,,,,,,,,,,,,,,,,,,,,,,nan,,,,,,,,,,,,,,,
610,1637.2987060546875,0.016360333189368248,1.6360333189368248,5022.7304747104645,10000,ppo,ppo,crawler,flat,action_dth_tot_plus_friction_thdot_formula,,,,,,,,,,,,,,,0.003379294793875757,0,781,0.0,0.0,,,,,,,,,,,,,,,,,,,,,,,,,,,,,,,,,,,,,,,,,,,,,,,,,,,,,,,,,,,,,,,,,,,,,,,,,,nan,,,,,,,,,,,,,,,
611,1583.969970703125,0.015820497646927834,1.5820497646927834,5030.84086227417,10000,ppo,ppo,crawler,flat,action_dth_tot_plus_friction_thdot_formula,,,,,,,,,,,,,,,0.0031634771537346344,0,781,0.0,0.0,,,,,,,,,,,,,,,,,,,,,,,,,,,,,,,,,,,,,,,,,,,,,,,,,,,,,,,,,,,,,,,,,,,,,,,,,,nan,,,,,,,,,,,,,,,
612,1705.571533203125,0.017036058008670807,1.7036058008670807,5039.076080799103,10000,ppo,ppo,crawler,flat,action_dth_tot_plus_friction_thdot_formula,,,,,,,,,,,,,,,0.0034580535913692973,0,781,0.0,0.0,,,,,,,,,,,,,,,,,,,,,,,,,,,,,,,,,,,,,,,,,,,,,,,,,,,,,,,,,,,,,,,,,,,,,,,,,,nan,,,,,,,,,,,,,,,
613,1593.3316650390625,0.015916842967271805,1.5916842967271805,5047.577791452408,10000,ppo,ppo,crawler,flat,action_dth_tot_plus_friction_thdot_formula,,,,,,,,,,,,,,,0.003131299574506766,0,781,0.0,0.0,,,,,,,,,,,,,,,,,,,,,,,,,,,,,,,,,,,,,,,,,,,,,,,,,,,,,,,,,,,,,,,,,,,,,,,,,,nan,,,,,,,,,,,,,,,
614,1564.8599853515625,0.015631292015314102,1.5631292015314102,5055.8601167202,10000,ppo,ppo,crawler,flat,action_dth_tot_plus_friction_thdot_formula,,,,,,,,,,,,,,,0.0038704278745608604,0,781,0.0,0.0,,,,,,,,,,,,,,,,,,,,,,,,,,,,,,,,,,,,,,,,,,,,,,,,,,,,,,,,,,,,,,,,,,,,,,,,,,nan,,,,,,,,,,,,,,,
615,1610.8544921875,0.01609150692820549,1.609150692820549,5063.910215616226,10000,ppo,ppo,crawler,flat,action_dth_tot_plus_friction_thdot_formula,,,,,,,,,,,,,,,0.003919413818841533,0,781,0.0,0.0,,,,,,,,,,,,,,,,,,,,,,,,,,,,,,,,,,,,,,,,,,,,,,,,,,,,,,,,,,,,,,,,,,,,,,,,,,nan,,,,,,,,,,,,,,,
616,1453.6363525390625,0.014518346637487411,1.4518346637487411,5072.332327604294,10000,ppo,ppo,crawler,flat,action_dth_tot_plus_friction_thdot_formula,,,,,,,,,,,,,,,0.004297459483440016,0,781,0.0,0.0,,,,,,,,,,,,,,,,,,,,,,,,,,,,,,,,,,,,,,,,,,,,,,,,,,,,,,,,,,,,,,,,,,,,,,,,,,nan,,,,,,,,,,,,,,,
617,1635.301025390625,0.016338687390089035,1.6338687390089035,5080.68912935257,10000,ppo,ppo,crawler,flat,action_dth_tot_plus_friction_thdot_formula,,,,,,,,,,,,,,,0.003826130929530602,0,781,0.0,0.0,,,,,,,,,,,,,,,,,,,,,,,,,,,,,,,,,,,,,,,,,,,,,,,,,,,,,,,,,,,,,,,,,,,,,,,,,,nan,,,,,,,,,,,,,,,
618,1535.066650390625,0.015338570810854435,1.5338570810854435,5088.945210933685,10000,ppo,ppo,crawler,flat,action_dth_tot_plus_friction_thdot_formula,,,,,,,,,,,,,,,0.0036531959455916433,0,781,0.0,0.0,,,,,,,,,,,,,,,,,,,,,,,,,,,,,,,,,,,,,,,,,,,,,,,,,,,,,,,,,,,,,,,,,,,,,,,,,,nan,,,,,,,,,,,,,,,
619,1501.8980712890625,0.015000298619270325,1.5000298619270325,5097.269510746002,10000,ppo,ppo,crawler,flat,action_dth_tot_plus_friction_thdot_formula,,,,,,,,,,,,,,,0.004678027345348751,0,781,0.0,0.0,,,,,,,,,,,,,,,,,,,,,,,,,,,,,,,,,,,,,,,,,,,,,,,,,,,,,,,,,,,,,,,,,,,,,,,,,,nan,,,,,,,,,,,,,,,
620,1561.562744140625,0.015597280114889145,1.5597280114889145,5105.434369325638,10000,ppo,ppo,crawler,flat,action_dth_tot_plus_friction_thdot_formula,,,,,,,,,,,,,,,0.003967465457460866,0,781,0.0,0.0,,,,,,,,,,,,,,,,,,,,,,,,,,,,,,,,,,,,,,,,,,,,,,,,,,,,,,,,,,,,,,,,,,,,,,,,,,nan,,,,,,,,,,,,,,,
621,1546.463134765625,0.015446947887539864,1.5446947887539864,5113.904090881348,10000,ppo,ppo,crawler,flat,action_dth_tot_plus_friction_thdot_formula,,,,,,,,,,,,,,,0.004530212495812285,0,781,0.0,0.0,,,,,,,,,,,,,,,,,,,,,,,,,,,,,,,,,,,,,,,,,,,,,,,,,,,,,,,,,,,,,,,,,,,,,,,,,,nan,,,,,,,,,,,,,,,
622,1557.140625,0.015553823672235012,1.5553823672235012,5122.152982234955,10000,ppo,ppo,crawler,flat,action_dth_tot_plus_friction_thdot_formula,,,,,,,,,,,,,,,0.004010132835237679,0,781,0.0,0.0,,,,,,,,,,,,,,,,,,,,,,,,,,,,,,,,,,,,,,,,,,,,,,,,,,,,,,,,,,,,,,,,,,,,,,,,,,nan,,,,,,,,,,,,,,,
623,1592.94677734375,0.01591206155717373,1.591206155717373,5130.624261856079,10000,ppo,ppo,crawler,flat,action_dth_tot_plus_friction_thdot_formula,,,,,,,,,,,,,,,0.0029743937350300985,0,781,0.0,0.0,,,,,,,,,,,,,,,,,,,,,,,,,,,,,,,,,,,,,,,,,,,,,,,,,,,,,,,,,,,,,,,,,,,,,,,,,,nan,,,,,,,,,,,,,,,
624,1582.356689453125,0.01580856554210186,1.580856554210186,5138.656585693359,10000,ppo,ppo,crawler,flat,action_dth_tot_plus_friction_thdot_formula,,,,,,,,,,,,,,,0.0040958238058385445,0,781,0.0,0.0,,,,,,,,,,,,,,,,,,,,,,,,,,,,,,,,,,,,,,,,,,,,,,,,,,,,,,,,,,,,,,,,,,,,,,,,,,nan,,,,,,,,,,,,,,,
625,1519.5693359375,0.015175404027104378,1.5175404027104378,5146.765780210495,10000,ppo,ppo,crawler,flat,action_dth_tot_plus_friction_thdot_formula,,,,,,,,,,,,,,,0.00451335359309447,0,781,0.0,0.0,,,,,,,,,,,,,,,,,,,,,,,,,,,,,,,,,,,,,,,,,,,,,,,,,,,,,,,,,,,,,,,,,,,,,,,,,,nan,,,,,,,,,,,,,,,
626,1603.3037109375,0.016017915681004524,1.6017915681004524,5155.359930276871,10000,ppo,ppo,crawler,flat,action_dth_tot_plus_friction_thdot_formula,,,,,,,,,,,,,,,0.0034162726298137954,0,781,0.0,0.0,,,,,,,,,,,,,,,,,,,,,,,,,,,,,,,,,,,,,,,,,,,,,,,,,,,,,,,,,,,,,,,,,,,,,,,,,,nan,,,,,,,,,,,,,,,
627,1590.1953125,0.015884477645158768,1.5884477645158768,5163.562769651413,10000,ppo,ppo,crawler,flat,action_dth_tot_plus_friction_thdot_formula,,,,,,,,,,,,,,,0.003696308914788435,0,781,0.0,0.0,,,,,,,,,,,,,,,,,,,,,,,,,,,,,,,,,,,,,,,,,,,,,,,,,,,,,,,,,,,,,,,,,,,,,,,,,,nan,,,,,,,,,,,,,,,
628,1574.20751953125,0.015723831951618195,1.5723831951618195,5171.664185762405,10000,ppo,ppo,crawler,flat,action_dth_tot_plus_friction_thdot_formula,,,,,,,,,,,,,,,0.0035872505418032114,0,781,0.0,0.0,,,,,,,,,,,,,,,,,,,,,,,,,,,,,,,,,,,,,,,,,,,,,,,,,,,,,,,,,,,,,,,,,,,,,,,,,,nan,,,,,,,,,,,,,,,
629,1705.6956787109375,0.01704469881951809,1.704469881951809,5180.0962703228,10000,ppo,ppo,crawler,flat,action_dth_tot_plus_friction_thdot_formula,,,,,,,,,,,,,,,0.0033754607931312493,0,781,0.0,0.0,,,,,,,,,,,,,,,,,,,,,,,,,,,,,,,,,,,,,,,,,,,,,,,,,,,,,,,,,,,,,,,,,,,,,,,,,,nan,,,,,,,,,,,,,,,
630,1494.7783203125,0.014932747930288315,1.4932747930288315,5188.675139904022,10000,ppo,ppo,crawler,flat,action_dth_tot_plus_friction_thdot_formula,,,,,,,,,,,,,,,0.004182444508066735,0,781,0.0,0.0,,,,,,,,,,,,,,,,,,,,,,,,,,,,,,,,,,,,,,,,,,,,,,,,,,,,,,,,,,,,,,,,,,,,,,,,,,nan,,,,,,,,,,,,,,,
631,1523.840087890625,0.015222002752125263,1.5222002752125263,5196.7537841796875,10000,ppo,ppo,crawler,flat,action_dth_tot_plus_friction_thdot_formula,,,,,,,,,,,,,,,0.0037339647509522554,0,781,0.0,0.0,,,,,,,,,,,,,,,,,,,,,,,,,,,,,,,,,,,,,,,,,,,,,,,,,,,,,,,,,,,,,,,,,,,,,,,,,,nan,,,,,,,,,,,,,,,
632,1524.0849609375,0.015225004404783249,1.522500440478325,5205.098958492279,10000,ppo,ppo,crawler,flat,action_dth_tot_plus_friction_thdot_formula,,,,,,,,,,,,,,,0.005133974071609681,0,781,0.0,0.0,,,,,,,,,,,,,,,,,,,,,,,,,,,,,,,,,,,,,,,,,,,,,,,,,,,,,,,,,,,,,,,,,,,,,,,,,,nan,,,,,,,,,,,,,,,
633,1556.5966796875,0.015547829680144787,1.5547829680144787,5213.533298492432,10000,ppo,ppo,crawler,flat,action_dth_tot_plus_friction_thdot_formula,,,,,,,,,,,,,,,0.003703438943672613,0,781,0.0,0.0,,,,,,,,,,,,,,,,,,,,,,,,,,,,,,,,,,,,,,,,,,,,,,,,,,,,,,,,,,,,,,,,,,,,,,,,,,nan,,,,,,,,,,,,,,,
634,1610.0457763671875,0.01608133502304554,1.608133502304554,5221.633574008942,10000,ppo,ppo,crawler,flat,action_dth_tot_plus_friction_thdot_formula,,,,,,,,,,,,,,,0.0035640906659402095,0,781,0.0,0.0,,,,,,,,,,,,,,,,,,,,,,,,,,,,,,,,,,,,,,,,,,,,,,,,,,,,,,,,,,,,,,,,,,,,,,,,,,nan,,,,,,,,,,,,,,,
635,1610.2255859375,0.016082830727100372,1.6082830727100372,5229.70999789238,10000,ppo,ppo,crawler,flat,action_dth_tot_plus_friction_thdot_formula,,,,,,,,,,,,,,,0.0035302364181327094,0,781,0.0,0.0,,,,,,,,,,,,,,,,,,,,,,,,,,,,,,,,,,,,,,,,,,,,,,,,,,,,,,,,,,,,,,,,,,,,,,,,,,nan,,,,,,,,,,,,,,,
636,1624.386474609375,0.01622815802693367,1.622815802693367,5238.222645282745,10000,ppo,ppo,crawler,flat,action_dth_tot_plus_friction_thdot_formula,,,,,,,,,,,,,,,0.004141379070406238,0,781,0.0,0.0,,,,,,,,,,,,,,,,,,,,,,,,,,,,,,,,,,,,,,,,,,,,,,,,,,,,,,,,,,,,,,,,,,,,,,,,,,nan,,,,,,,,,,,,,,,
637,1602.3179931640625,0.016008703038096428,1.6008703038096428,5246.271361351013,10000,ppo,ppo,crawler,flat,action_dth_tot_plus_friction_thdot_formula,,,,,,,,,,,,,,,0.004121329343970746,0,781,0.0,0.0,,,,,,,,,,,,,,,,,,,,,,,,,,,,,,,,,,,,,,,,,,,,,,,,,,,,,,,,,,,,,,,,,,,,,,,,,,nan,,,,,,,,,,,,,,,
638,1629.345458984375,0.016279125586152077,1.6279125586152077,5254.616246700287,10000,ppo,ppo,crawler,flat,action_dth_tot_plus_friction_thdot_formula,,,,,,,,,,,,,,,0.004125830500615313,0,781,0.0,0.0,,,,,,,,,,,,,,,,,,,,,,,,,,,,,,,,,,,,,,,,,,,,,,,,,,,,,,,,,,,,,,,,,,,,,,,,,,nan,,,,,,,,,,,,,,,
639,1648.1488037109375,0.01646757498383522,1.646757498383522,5262.982008457184,10000,ppo,ppo,crawler,flat,action_dth_tot_plus_friction_thdot_formula,,,,,,,,,,,,,,,0.003825367128007858,0,781,0.0,0.0,,,,,,,,,,,,,,,,,,,,,,,,,,,,,,,,,,,,,,,,,,,,,,,,,,,,,,,,,,,,,,,,,,,,,,,,,,nan,,,,,,,,,,,,,,,
640,1568.4129638671875,0.015671201050281525,1.5671201050281525,5271.152796983719,10000,ppo,ppo,crawler,flat,action_dth_tot_plus_friction_thdot_formula,,,,,,,,,,,,,,,0.004422184202188648,0,781,0.0,0.0,,,,,,,,,,,,,,,,,,,,,,,,,,,,,,,,,,,,,,,,,,,,,,,,,,,,,,,,,,,,,,,,,,,,,,,,,,nan,,,,,,,,,,,,,,,
641,1708.4085693359375,0.01706462725996971,1.7064627259969711,5279.472452878952,10000,ppo,ppo,crawler,flat,action_dth_tot_plus_friction_thdot_formula,,,,,,,,,,,,,,,0.003631460888628167,0,781,0.0,0.0,,,,,,,,,,,,,,,,,,,,,,,,,,,,,,,,,,,,,,,,,,,,,,,,,,,,,,,,,,,,,,,,,,,,,,,,,,nan,,,,,,,,,,,,,,,
642,1608.4041748046875,0.016071390360593796,1.6071390360593796,5287.717784404755,10000,ppo,ppo,crawler,flat,action_dth_tot_plus_friction_thdot_formula,,,,,,,,,,,,,,,0.004273473874221004,0,781,0.0,0.0,,,,,,,,,,,,,,,,,,,,,,,,,,,,,,,,,,,,,,,,,,,,,,,,,,,,,,,,,,,,,,,,,,,,,,,,,,nan,,,,,,,,,,,,,,,
643,1620.88623046875,0.016193248331546783,1.6193248331546783,5295.829633951187,10000,ppo,ppo,crawler,flat,action_dth_tot_plus_friction_thdot_formula,,,,,,,,,,,,,,,0.003453211560116475,0,781,0.0,0.0,,,,,,,,,,,,,,,,,,,,,,,,,,,,,,,,,,,,,,,,,,,,,,,,,,,,,,,,,,,,,,,,,,,,,,,,,,nan,,,,,,,,,,,,,,,
644,1735.8695068359375,0.017337637022137642,1.7337637022137642,5304.296438694,10000,ppo,ppo,crawler,flat,action_dth_tot_plus_friction_thdot_formula,,,,,,,,,,,,,,,0.003956593515891903,0,781,0.0,0.0,,,,,,,,,,,,,,,,,,,,,,,,,,,,,,,,,,,,,,,,,,,,,,,,,,,,,,,,,,,,,,,,,,,,,,,,,,nan,,,,,,,,,,,,,,,
645,1567.8367919921875,0.015658516436815262,1.5658516436815262,5312.724581956863,10000,ppo,ppo,crawler,flat,action_dth_tot_plus_friction_thdot_formula,,,,,,,,,,,,,,,0.0038979715784974683,0,781,0.0,0.0,,,,,,,,,,,,,,,,,,,,,,,,,,,,,,,,,,,,,,,,,,,,,,,,,,,,,,,,,,,,,,,,,,,,,,,,,,nan,,,,,,,,,,,,,,,
646,1597.584716796875,0.015955230221152306,1.5955230221152306,5320.95813369751,10000,ppo,ppo,crawler,flat,action_dth_tot_plus_friction_thdot_formula,,,,,,,,,,,,,,,0.004043842364788573,0,781,0.0,0.0,,,,,,,,,,,,,,,,,,,,,,,,,,,,,,,,,,,,,,,,,,,,,,,,,,,,,,,,,,,,,,,,,,,,,,,,,,nan,,,,,,,,,,,,,,,
647,1699.9090576171875,0.01698165014386177,1.698165014386177,5329.169545173645,10000,ppo,ppo,crawler,flat,action_dth_tot_plus_friction_thdot_formula,,,,,,,,,,,,,,,0.0040165226624145145,0,781,0.0,0.0,,,,,,,,,,,,,,,,,,,,,,,,,,,,,,,,,,,,,,,,,,,,,,,,,,,,,,,,,,,,,,,,,,,,,,,,,,nan,,,,,,,,,,,,,,,
648,1737.5257568359375,0.01735837571322918,1.735837571322918,5337.215005397797,10000,ppo,ppo,crawler,flat,action_dth_tot_plus_friction_thdot_formula,,,,,,,,,,,,,,,0.00426569309300402,0,781,0.0,0.0,,,,,,,,,,,,,,,,,,,,,,,,,,,,,,,,,,,,,,,,,,,,,,,,,,,,,,,,,,,,,,,,,,,,,,,,,,nan,,,,,,,,,,,,,,,
649,1552.279296875,0.015507626347243786,1.5507626347243786,5345.626444339752,10000,ppo,ppo,crawler,flat,action_dth_tot_plus_friction_thdot_formula,,,,,,,,,,,,,,,0.004157487627781543,0,781,0.0,0.0,,,,,,,,,,,,,,,,,,,,,,,,,,,,,,,,,,,,,,,,,,,,,,,,,,,,,,,,,,,,,,,,,,,,,,,,,,nan,,,,,,,,,,,,,,,
650,1678.9088134765625,0.01677214913070202,1.6772149130702019,5353.752569675446,10000,ppo,ppo,crawler,flat,action_dth_tot_plus_friction_thdot_formula,,,,,,,,,,,,,,,0.004057458148379041,0,781,0.0,0.0,,,,,,,,,,,,,,,,,,,,,,,,,,,,,,,,,,,,,,,,,,,,,,,,,,,,,,,,,,,,,,,,,,,,,,,,,,nan,,,,,,,,,,,,,,,
651,1644.042236328125,0.016423817723989487,1.6423817723989487,5362.032389879227,10000,ppo,ppo,crawler,flat,action_dth_tot_plus_friction_thdot_formula,,,,,,,,,,,,,,,0.003561245714193246,0,781,0.0,0.0,,,,,,,,,,,,,,,,,,,,,,,,,,,,,,,,,,,,,,,,,,,,,,,,,,,,,,,,,,,,,,,,,,,,,,,,,,nan,,,,,,,,,,,,,,,
652,1594.447265625,0.015926964581012726,1.5926964581012726,5370.478019475937,10000,ppo,ppo,crawler,flat,action_dth_tot_plus_friction_thdot_formula,,,,,,,,,,,,,,,0.003799915351656298,0,781,0.0,0.0,,,,,,,,,,,,,,,,,,,,,,,,,,,,,,,,,,,,,,,,,,,,,,,,,,,,,,,,,,,,,,,,,,,,,,,,,,nan,,,,,,,,,,,,,,,
653,1621.3089599609375,0.016193633899092674,1.6193633899092674,5378.681011199951,10000,ppo,ppo,crawler,flat,action_dth_tot_plus_friction_thdot_formula,,,,,,,,,,,,,,,0.004288290717146239,0,781,0.0,0.0,,,,,,,,,,,,,,,,,,,,,,,,,,,,,,,,,,,,,,,,,,,,,,,,,,,,,,,,,,,,,,,,,,,,,,,,,,nan,,,,,,,,,,,,,,,
654,1720.8031005859375,0.01718865893781185,1.7188658937811852,5387.053882360458,10000,ppo,ppo,crawler,flat,action_dth_tot_plus_friction_thdot_formula,,,,,,,,,,,,,,,0.004151545363110484,0,781,0.0,0.0,,,,,,,,,,,,,,,,,,,,,,,,,,,,,,,,,,,,,,,,,,,,,,,,,,,,,,,,,,,,,,,,,,,,,,,,,,nan,,,,,,,,,,,,,,,
655,1715.2117919921875,0.017133256420493126,1.7133256420493126,5395.43199467659,10000,ppo,ppo,crawler,flat,action_dth_tot_plus_friction_thdot_formula,,,,,,,,,,,,,,,0.003417772204417225,0,781,0.0,0.0,,,,,,,,,,,,,,,,,,,,,,,,,,,,,,,,,,,,,,,,,,,,,,,,,,,,,,,,,,,,,,,,,,,,,,,,,,nan,,,,,,,,,,,,,,,
656,1630.89990234375,0.016290731728076935,1.6290731728076935,5404.062454223633,10000,ppo,ppo,crawler,flat,action_dth_tot_plus_friction_thdot_formula,,,,,,,,,,,,,,,0.0037315671413268767,0,781,0.0,0.0,,,,,,,,,,,,,,,,,,,,,,,,,,,,,,,,,,,,,,,,,,,,,,,,,,,,,,,,,,,,,,,,,,,,,,,,,,nan,,,,,,,,,,,,,,,
657,1673.6278076171875,0.01671900413930416,1.671900413930416,5412.289376497269,10000,ppo,ppo,crawler,flat,action_dth_tot_plus_friction_thdot_formula,,,,,,,,,,,,,,,0.00389389931263042,0,781,0.0,0.0,,,,,,,,,,,,,,,,,,,,,,,,,,,,,,,,,,,,,,,,,,,,,,,,,,,,,,,,,,,,,,,,,,,,,,,,,,nan,,,,,,,,,,,,,,,
658,1598.0234375,0.015960602089762688,1.5960602089762688,5420.780169010162,10000,ppo,ppo,crawler,flat,action_dth_tot_plus_friction_thdot_formula,,,,,,,,,,,,,,,0.003257632453542229,0,781,0.0,0.0,,,,,,,,,,,,,,,,,,,,,,,,,,,,,,,,,,,,,,,,,,,,,,,,,,,,,,,,,,,,,,,,,,,,,,,,,,nan,,,,,,,,,,,,,,,
659,1714.5057373046875,0.01712667942047119,1.7126679420471191,5429.202237844467,10000,ppo,ppo,crawler,flat,action_dth_tot_plus_friction_thdot_formula,,,,,,,,,,,,,,,0.0033896295810637044,0,781,0.0,0.0,,,,,,,,,,,,,,,,,,,,,,,,,,,,,,,,,,,,,,,,,,,,,,,,,,,,,,,,,,,,,,,,,,,,,,,,,,nan,,,,,,,,,,,,,,,
660,1636.9171142578125,0.01635473035275936,1.6354730352759361,5437.260281562805,10000,ppo,ppo,crawler,flat,action_dth_tot_plus_friction_thdot_formula,,,,,,,,,,,,,,,0.003702772536683797,0,781,0.0,0.0,,,,,,,,,,,,,,,,,,,,,,,,,,,,,,,,,,,,,,,,,,,,,,,,,,,,,,,,,,,,,,,,,,,,,,,,,,nan,,,,,,,,,,,,,,,
661,1759.0296630859375,0.01757177524268627,1.7571775242686272,5445.5287828445435,10000,ppo,ppo,crawler,flat,action_dth_tot_plus_friction_thdot_formula,,,,,,,,,,,,,,,0.0039578561781233035,0,781,0.0,0.0,,,,,,,,,,,,,,,,,,,,,,,,,,,,,,,,,,,,,,,,,,,,,,,,,,,,,,,,,,,,,,,,,,,,,,,,,,nan,,,,,,,,,,,,,,,
662,1693.4898681640625,0.0169222354888916,1.6922235488891602,5454.052661418915,10000,ppo,ppo,crawler,flat,action_dth_tot_plus_friction_thdot_formula,,,,,,,,,,,,,,,0.0032250972920578576,0,781,0.0,0.0,,,,,,,,,,,,,,,,,,,,,,,,,,,,,,,,,,,,,,,,,,,,,,,,,,,,,,,,,,,,,,,,,,,,,,,,,,nan,,,,,,,,,,,,,,,
663,1727.6142578125,0.017257556319236755,1.7257556319236755,5462.371723651886,10000,ppo,ppo,crawler,flat,action_dth_tot_plus_friction_thdot_formula,,,,,,,,,,,,,,,0.00366995315896687,0,781,0.0,0.0,,,,,,,,,,,,,,,,,,,,,,,,,,,,,,,,,,,,,,,,,,,,,,,,,,,,,,,,,,,,,,,,,,,,,,,,,,nan,,,,,,,,,,,,,,,
664,1780.3636474609375,0.01778416521847248,1.778416521847248,5470.578054189682,10000,ppo,ppo,crawler,flat,action_dth_tot_plus_friction_thdot_formula,,,,,,,,,,,,,,,0.004149081505005988,0,781,0.0,0.0,,,,,,,,,,,,,,,,,,,,,,,,,,,,,,,,,,,,,,,,,,,,,,,,,,,,,,,,,,,,,,,,,,,,,,,,,,nan,,,,,,,,,,,,,,,
665,1787.4560546875,0.01785670407116413,1.7856704071164131,5478.887890815735,10000,ppo,ppo,crawler,flat,action_dth_tot_plus_friction_thdot_formula,,,,,,,,,,,,,,,0.003809560215587772,0,781,0.0,0.0,,,,,,,,,,,,,,,,,,,,,,,,,,,,,,,,,,,,,,,,,,,,,,,,,,,,,,,,,,,,,,,,,,,,,,,,,,nan,,,,,,,,,,,,,,,
666,1756.91015625,0.017551885917782784,1.7551885917782784,5487.074656248093,10000,ppo,ppo,crawler,flat,action_dth_tot_plus_friction_thdot_formula,,,,,,,,,,,,,,,0.0032829956068295423,0,781,0.0,0.0,,,,,,,,,,,,,,,,,,,,,,,,,,,,,,,,,,,,,,,,,,,,,,,,,,,,,,,,,,,,,,,,,,,,,,,,,,nan,,,,,,,,,,,,,,,
667,1701.4554443359375,0.017002291977405548,1.7002291977405548,5495.464178323746,10000,ppo,ppo,crawler,flat,action_dth_tot_plus_friction_thdot_formula,,,,,,,,,,,,,,,0.0035319781670509033,0,781,0.0,0.0,,,,,,,,,,,,,,,,,,,,,,,,,,,,,,,,,,,,,,,,,,,,,,,,,,,,,,,,,,,,,,,,,,,,,,,,,,nan,,,,,,,,,,,,,,,
668,1755.6141357421875,0.017539458349347115,1.7539458349347115,5503.606290340424,10000,ppo,ppo,crawler,flat,action_dth_tot_plus_friction_thdot_formula,,,,,,,,,,,,,,,0.0042704967781528715,0,781,0.0,0.0,,,,,,,,,,,,,,,,,,,,,,,,,,,,,,,,,,,,,,,,,,,,,,,,,,,,,,,,,,,,,,,,,,,,,,,,,,nan,,,,,,,,,,,,,,,
669,1706.6224365234375,0.017047828063368797,1.7047828063368797,5512.011766433716,10000,ppo,ppo,crawler,flat,action_dth_tot_plus_friction_thdot_formula,,,,,,,,,,,,,,,0.004324943326275304,0,781,0.0,0.0,,,,,,,,,,,,,,,,,,,,,,,,,,,,,,,,,,,,,,,,,,,,,,,,,,,,,,,,,,,,,,,,,,,,,,,,,,nan,,,,,,,,,,,,,,,
670,1691.832275390625,0.01689978502690792,1.689978502690792,5520.198968410492,10000,ppo,ppo,crawler,flat,action_dth_tot_plus_friction_thdot_formula,,,,,,,,,,,,,,,0.004294834557284808,0,781,0.0,0.0,,,,,,,,,,,,,,,,,,,,,,,,,,,,,,,,,,,,,,,,,,,,,,,,,,,,,,,,,,,,,,,,,,,,,,,,,,nan,,,,,,,,,,,,,,,
671,1753.1370849609375,0.017512358725070953,1.7512358725070953,5528.34680056572,10000,ppo,ppo,crawler,flat,action_dth_tot_plus_friction_thdot_formula,,,,,,,,,,,,,,,0.003954903869649691,0,781,0.0,0.0,,,,,,,,,,,,,,,,,,,,,,,,,,,,,,,,,,,,,,,,,,,,,,,,,,,,,,,,,,,,,,,,,,,,,,,,,,nan,,,,,,,,,,,,,,,
672,1862.234375,0.018603838980197906,1.8603838980197906,5536.698093652725,10000,ppo,ppo,crawler,flat,action_dth_tot_plus_friction_thdot_formula,,,,,,,,,,,,,,,0.003622740658868233,0,781,0.0,0.0,,,,,,,,,,,,,,,,,,,,,,,,,,,,,,,,,,,,,,,,,,,,,,,,,,,,,,,,,,,,,,,,,,,,,,,,,,nan,,,,,,,,,,,,,,,
673,1708.3934326171875,0.01706554740667343,1.7065547406673431,5545.14885020256,10000,ppo,ppo,crawler,flat,action_dth_tot_plus_friction_thdot_formula,,,,,,,,,,,,,,,0.004604336458072603,0,781,0.0,0.0,,,,,,,,,,,,,,,,,,,,,,,,,,,,,,,,,,,,,,,,,,,,,,,,,,,,,,,,,,,,,,,,,,,,,,,,,,nan,,,,,,,,,,,,,,,
674,1811.66796875,0.018096191808581352,1.8096191808581352,5553.471208333969,10000,ppo,ppo,crawler,flat,action_dth_tot_plus_friction_thdot_formula,,,,,,,,,,,,,,,0.0034419384158351166,0,781,0.0,0.0,,,,,,,,,,,,,,,,,,,,,,,,,,,,,,,,,,,,,,,,,,,,,,,,,,,,,,,,,,,,,,,,,,,,,,,,,,nan,,,,,,,,,,,,,,,
675,1797.4990234375,0.017958393320441246,1.7958393320441246,5561.984571695328,10000,ppo,ppo,crawler,flat,action_dth_tot_plus_friction_thdot_formula,,,,,,,,,,,,,,,0.004114191496515797,0,781,0.0,0.0,,,,,,,,,,,,,,,,,,,,,,,,,,,,,,,,,,,,,,,,,,,,,,,,,,,,,,,,,,,,,,,,,,,,,,,,,,nan,,,,,,,,,,,,,,,
676,1901.181640625,0.018994107842445374,1.8994107842445374,5570.144536495209,10000,ppo,ppo,crawler,flat,action_dth_tot_plus_friction_thdot_formula,,,,,,,,,,,,,,,0.003541925936979367,0,781,0.0,0.0,,,,,,,,,,,,,,,,,,,,,,,,,,,,,,,,,,,,,,,,,,,,,,,,,,,,,,,,,,,,,,,,,,,,,,,,,,nan,,,,,,,,,,,,,,,
677,1760.6500244140625,0.017586296424269676,1.7586296424269676,5578.698058128357,10000,ppo,ppo,crawler,flat,action_dth_tot_plus_friction_thdot_formula,,,,,,,,,,,,,,,0.004706514521833466,0,781,0.0,0.0,,,,,,,,,,,,,,,,,,,,,,,,,,,,,,,,,,,,,,,,,,,,,,,,,,,,,,,,,,,,,,,,,,,,,,,,,,nan,,,,,,,,,,,,,,,
678,1667.862548828125,0.016661513596773148,1.6661513596773148,5587.206332445145,10000,ppo,ppo,crawler,flat,action_dth_tot_plus_friction_thdot_formula,,,,,,,,,,,,,,,0.003934340860197385,0,781,0.0,0.0,,,,,,,,,,,,,,,,,,,,,,,,,,,,,,,,,,,,,,,,,,,,,,,,,,,,,,,,,,,,,,,,,,,,,,,,,,nan,,,,,,,,,,,,,,,
679,1741.155517578125,0.017395418137311935,1.7395418137311935,5596.148818969727,10000,ppo,ppo,crawler,flat,action_dth_tot_plus_friction_thdot_formula,,,,,,,,,,,,,,,0.003792895105737172,0,781,0.0,0.0,,,,,,,,,,,,,,,,,,,,,,,,,,,,,,,,,,,,,,,,,,,,,,,,,,,,,,,,,,,,,,,,,,,,,,,,,,nan,,,,,,,,,,,,,,,
680,1693.184814453125,0.016912546008825302,1.6912546008825302,5604.507584810257,10000,ppo,ppo,crawler,flat,action_dth_tot_plus_friction_thdot_formula,,,,,,,,,,,,,,,0.0035549119198647126,0,781,0.0,0.0,,,,,,,,,,,,,,,,,,,,,,,,,,,,,,,,,,,,,,,,,,,,,,,,,,,,,,,,,,,,,,,,,,,,,,,,,,nan,,,,,,,,,,,,,,,
681,1746.9644775390625,0.01745087280869484,1.745087280869484,5613.431179285049,10000,ppo,ppo,crawler,flat,action_dth_tot_plus_friction_thdot_formula,,,,,,,,,,,,,,,0.003864466944869212,0,781,0.0,0.0,,,,,,,,,,,,,,,,,,,,,,,,,,,,,,,,,,,,,,,,,,,,,,,,,,,,,,,,,,,,,,,,,,,,,,,,,,nan,,,,,,,,,,,,,,,
682,1885.3902587890625,0.018834054470062256,1.8834054470062256,5622.73846578598,10000,ppo,ppo,crawler,flat,action_dth_tot_plus_friction_thdot_formula,,,,,,,,,,,,,,,0.0037857265779259646,0,781,0.0,0.0,,,,,,,,,,,,,,,,,,,,,,,,,,,,,,,,,,,,,,,,,,,,,,,,,,,,,,,,,,,,,,,,,,,,,,,,,,nan,,,,,,,,,,,,,,,
683,1827.5260009765625,0.018258066847920418,1.8258066847920418,5631.532955408096,10000,ppo,ppo,crawler,flat,action_dth_tot_plus_friction_thdot_formula,,,,,,,,,,,,,,,0.003796065699460555,0,781,0.0,0.0,,,,,,,,,,,,,,,,,,,,,,,,,,,,,,,,,,,,,,,,,,,,,,,,,,,,,,,,,,,,,,,,,,,,,,,,,,nan,,,,,,,,,,,,,,,
684,1796.9251708984375,0.017952727153897285,1.7952727153897285,5640.2047827243805,10000,ppo,ppo,crawler,flat,action_dth_tot_plus_friction_thdot_formula,,,,,,,,,,,,,,,0.0035973642138503706,0,781,0.0,0.0,,,,,,,,,,,,,,,,,,,,,,,,,,,,,,,,,,,,,,,,,,,,,,,,,,,,,,,,,,,,,,,,,,,,,,,,,,nan,,,,,,,,,,,,,,,
685,1704.9879150390625,0.017036760225892067,1.7036760225892067,5648.573152542114,10000,ppo,ppo,crawler,flat,action_dth_tot_plus_friction_thdot_formula,,,,,,,,,,,,,,,0.0037242271602046456,0,781,0.0,0.0,,,,,,,,,,,,,,,,,,,,,,,,,,,,,,,,,,,,,,,,,,,,,,,,,,,,,,,,,,,,,,,,,,,,,,,,,,nan,,,,,,,,,,,,,,,
686,1714.7152099609375,0.017126470804214478,1.7126470804214478,5657.008403778076,10000,ppo,ppo,crawler,flat,action_dth_tot_plus_friction_thdot_formula,,,,,,,,,,,,,,,0.0031590711644170363,0,781,0.0,0.0,,,,,,,,,,,,,,,,,,,,,,,,,,,,,,,,,,,,,,,,,,,,,,,,,,,,,,,,,,,,,,,,,,,,,,,,,,nan,,,,,,,,,,,,,,,
687,1685.5672607421875,0.016837652772665024,1.6837652772665024,5665.50852560997,10000,ppo,ppo,crawler,flat,action_dth_tot_plus_friction_thdot_formula,,,,,,,,,,,,,,,0.0033379512963185704,0,781,0.0,0.0,,,,,,,,,,,,,,,,,,,,,,,,,,,,,,,,,,,,,,,,,,,,,,,,,,,,,,,,,,,,,,,,,,,,,,,,,,nan,,,,,,,,,,,,,,,
688,1750.0211181640625,0.01748095080256462,1.748095080256462,5673.959062099457,10000,ppo,ppo,crawler,flat,action_dth_tot_plus_friction_thdot_formula,,,,,,,,,,,,,,,0.003369318459115305,0,781,0.0,0.0,,,,,,,,,,,,,,,,,,,,,,,,,,,,,,,,,,,,,,,,,,,,,,,,,,,,,,,,,,,,,,,,,,,,,,,,,,nan,,,,,,,,,,,,,,,
689,1815.6844482421875,0.018136857077479362,1.8136857077479362,5682.54045176506,10000,ppo,ppo,crawler,flat,action_dth_tot_plus_friction_thdot_formula,,,,,,,,,,,,,,,0.004732094818688023,0,781,0.0,0.0,,,,,,,,,,,,,,,,,,,,,,,,,,,,,,,,,,,,,,,,,,,,,,,,,,,,,,,,,,,,,,,,,,,,,,,,,,nan,,,,,,,,,,,,,,,
690,1791.7425537109375,0.01789732836186886,1.7897328361868858,5690.811750650406,10000,ppo,ppo,crawler,flat,action_dth_tot_plus_friction_thdot_formula,,,,,,,,,,,,,,,0.003332167682217055,0,781,0.0,0.0,,,,,,,,,,,,,,,,,,,,,,,,,,,,,,,,,,,,,,,,,,,,,,,,,,,,,,,,,,,,,,,,,,,,,,,,,,nan,,,,,,,,,,,,,,,
691,1804.7496337890625,0.01802784949541092,1.802784949541092,5699.18027305603,10000,ppo,ppo,crawler,flat,action_dth_tot_plus_friction_thdot_formula,,,,,,,,,,,,,,,0.0036096232086891087,0,781,0.0,0.0,,,,,,,,,,,,,,,,,,,,,,,,,,,,,,,,,,,,,,,,,,,,,,,,,,,,,,,,,,,,,,,,,,,,,,,,,,nan,,,,,,,,,,,,,,,
692,1831.7503662109375,0.01830102875828743,1.830102875828743,5707.480018615723,10000,ppo,ppo,crawler,flat,action_dth_tot_plus_friction_thdot_formula,,,,,,,,,,,,,,,0.004433857315642074,0,781,0.0,0.0,,,,,,,,,,,,,,,,,,,,,,,,,,,,,,,,,,,,,,,,,,,,,,,,,,,,,,,,,,,,,,,,,,,,,,,,,,nan,,,,,,,,,,,,,,,
693,1795.7183837890625,0.01793571747839451,1.7935717478394508,5715.599356174469,10000,ppo,ppo,crawler,flat,action_dth_tot_plus_friction_thdot_formula,,,,,,,,,,,,,,,0.004099549177150742,0,781,0.0,0.0,,,,,,,,,,,,,,,,,,,,,,,,,,,,,,,,,,,,,,,,,,,,,,,,,,,,,,,,,,,,,,,,,,,,,,,,,,nan,,,,,,,,,,,,,,,
694,1754.8070068359375,0.01752706617116928,1.752706617116928,5724.059960603714,10000,ppo,ppo,crawler,flat,action_dth_tot_plus_friction_thdot_formula,,,,,,,,,,,,,,,0.004264287882931376,0,781,0.0,0.0,,,,,,,,,,,,,,,,,,,,,,,,,,,,,,,,,,,,,,,,,,,,,,,,,,,,,,,,,,,,,,,,,,,,,,,,,,nan,,,,,,,,,,,,,,,
695,1744.3304443359375,0.01742558553814888,1.742558553814888,5732.469319343567,10000,ppo,ppo,crawler,flat,action_dth_tot_plus_friction_thdot_formula,,,,,,,,,,,,,,,0.003890069416084979,0,781,0.0,0.0,,,,,,,,,,,,,,,,,,,,,,,,,,,,,,,,,,,,,,,,,,,,,,,,,,,,,,,,,,,,,,,,,,,,,,,,,,nan,,,,,,,,,,,,,,,
696,1730.7691650390625,0.01728576049208641,1.728576049208641,5740.613588809967,10000,ppo,ppo,crawler,flat,action_dth_tot_plus_friction_thdot_formula,,,,,,,,,,,,,,,0.004249923737791502,0,781,0.0,0.0,,,,,,,,,,,,,,,,,,,,,,,,,,,,,,,,,,,,,,,,,,,,,,,,,,,,,,,,,,,,,,,,,,,,,,,,,,nan,,,,,,,,,,,,,,,
697,1830.0599365234375,0.01828077994287014,1.828077994287014,5749.136001586914,10000,ppo,ppo,crawler,flat,action_dth_tot_plus_friction_thdot_formula,,,,,,,,,,,,,,,0.004282432441732628,0,781,0.0,0.0,,,,,,,,,,,,,,,,,,,,,,,,,,,,,,,,,,,,,,,,,,,,,,,,,,,,,,,,,,,,,,,,,,,,,,,,,,nan,,,,,,,,,,,,,,,
698,1782.0057373046875,0.017804035916924477,1.7804035916924477,5757.517341136932,10000,ppo,ppo,crawler,flat,action_dth_tot_plus_friction_thdot_formula,,,,,,,,,,,,,,,0.003262907845116007,0,781,0.0,0.0,,,,,,,,,,,,,,,,,,,,,,,,,,,,,,,,,,,,,,,,,,,,,,,,,,,,,,,,,,,,,,,,,,,,,,,,,,nan,,,,,,,,,,,,,,,
699,1819.268798828125,0.01817242056131363,1.817242056131363,5766.008258342743,10000,ppo,ppo,crawler,flat,action_dth_tot_plus_friction_thdot_formula,,,,,,,,,,,,,,,0.004259088866628179,0,781,0.0,0.0,,,,,,,,,,,,,,,,,,,,,,,,,,,,,,,,,,,,,,,,,,,,,,,,,,,,,,,,,,,,,,,,,,,,,,,,,,nan,,,,,,,,,,,,,,,
700,1793.8607177734375,0.01791943982243538,1.791943982243538,5774.178852796555,10000,ppo,ppo,crawler,flat,action_dth_tot_plus_friction_thdot_formula,,,,,,,,,,,,,,,0.0046908824531156955,0,781,0.0,0.0,,,,,,,,,,,,,,,,,,,,,,,,,,,,,,,,,,,,,,,,,,,,,,,,,,,,,,,,,,,,,,,,,,,,,,,,,,nan,,,,,,,,,,,,,,,
701,1771.9586181640625,0.017701396718621254,1.7701396718621254,5782.859920978546,10000,ppo,ppo,crawler,flat,action_dth_tot_plus_friction_thdot_formula,,,,,,,,,,,,,,,0.004414863086534514,0,781,0.0,0.0,,,,,,,,,,,,,,,,,,,,,,,,,,,,,,,,,,,,,,,,,,,,,,,,,,,,,,,,,,,,,,,,,,,,,,,,,,nan,,,,,,,,,,,,,,,
702,1759.167236328125,0.01757493056356907,1.757493056356907,5791.254595756531,10000,ppo,ppo,crawler,flat,action_dth_tot_plus_friction_thdot_formula,,,,,,,,,,,,,,,0.004065358483510703,0,781,0.0,0.0,,,,,,,,,,,,,,,,,,,,,,,,,,,,,,,,,,,,,,,,,,,,,,,,,,,,,,,,,,,,,,,,,,,,,,,,,,nan,,,,,,,,,,,,,,,
703,1742.3336181640625,0.017403531819581985,1.7403531819581985,5799.30672621727,10000,ppo,ppo,crawler,flat,action_dth_tot_plus_friction_thdot_formula,,,,,,,,,,,,,,,0.003979832975825273,0,781,0.0,0.0,,,,,,,,,,,,,,,,,,,,,,,,,,,,,,,,,,,,,,,,,,,,,,,,,,,,,,,,,,,,,,,,,,,,,,,,,,nan,,,,,,,,,,,,,,,
704,1784.8406982421875,0.017831362783908844,1.7831362783908844,5807.623480081558,10000,ppo,ppo,crawler,flat,action_dth_tot_plus_friction_thdot_formula,,,,,,,,,,,,,,,0.004176938365599339,0,781,0.0,0.0,,,,,,,,,,,,,,,,,,,,,,,,,,,,,,,,,,,,,,,,,,,,,,,,,,,,,,,,,,,,,,,,,,,,,,,,,,nan,,,,,,,,,,,,,,,
705,1686.960205078125,0.01685158908367157,1.685158908367157,5815.849316358566,10000,ppo,ppo,crawler,flat,action_dth_tot_plus_friction_thdot_formula,,,,,,,,,,,,,,,0.00419665339776099,0,781,0.0,0.0,,,,,,,,,,,,,,,,,,,,,,,,,,,,,,,,,,,,,,,,,,,,,,,,,,,,,,,,,,,,,,,,,,,,,,,,,,nan,,,,,,,,,,,,,,,
706,1726.4066162109375,0.017248142510652542,1.7248142510652542,5824.231180667877,10000,ppo,ppo,crawler,flat,action_dth_tot_plus_friction_thdot_formula,,,,,,,,,,,,,,,0.003882150923777801,0,781,0.0,0.0,,,,,,,,,,,,,,,,,,,,,,,,,,,,,,,,,,,,,,,,,,,,,,,,,,,,,,,,,,,,,,,,,,,,,,,,,,nan,,,,,,,,,,,,,,,
707,1726.4947509765625,0.017247069627046585,1.7247069627046585,5832.514752864838,10000,ppo,ppo,crawler,flat,action_dth_tot_plus_friction_thdot_formula,,,,,,,,,,,,,,,0.003750548688766383,0,781,0.0,0.0,,,,,,,,,,,,,,,,,,,,,,,,,,,,,,,,,,,,,,,,,,,,,,,,,,,,,,,,,,,,,,,,,,,,,,,,,,nan,,,,,,,,,,,,,,,
708,1716.2923583984375,0.01714271493256092,1.714271493256092,5840.8628096580505,10000,ppo,ppo,crawler,flat,action_dth_tot_plus_friction_thdot_formula,,,,,,,,,,,,,,,0.004957224770096427,0,781,0.0,0.0,,,,,,,,,,,,,,,,,,,,,,,,,,,,,,,,,,,,,,,,,,,,,,,,,,,,,,,,,,,,,,,,,,,,,,,,,,nan,,,,,,,,,,,,,,,
709,1771.1875,0.017694884911179543,1.7694884911179543,5849.287738084793,10000,ppo,ppo,crawler,flat,action_dth_tot_plus_friction_thdot_formula,,,,,,,,,,,,,,,0.003969826084390526,0,781,0.0,0.0,,,,,,,,,,,,,,,,,,,,,,,,,,,,,,,,,,,,,,,,,,,,,,,,,,,,,,,,,,,,,,,,,,,,,,,,,,nan,,,,,,,,,,,,,,,
710,1641.9410400390625,0.01640358194708824,1.6403581947088242,5857.4848301410675,10000,ppo,ppo,crawler,flat,action_dth_tot_plus_friction_thdot_formula,,,,,,,,,,,,,,,0.005295145820463184,0,781,0.0,0.0,,,,,,,,,,,,,,,,,,,,,,,,,,,,,,,,,,,,,,,,,,,,,,,,,,,,,,,,,,,,,,,,,,,,,,,,,,nan,,,,,,,,,,,,,,,
711,1707.253173828125,0.01705092191696167,1.705092191696167,5865.743789434433,10000,ppo,ppo,crawler,flat,action_dth_tot_plus_friction_thdot_formula,,,,,,,,,,,,,,,0.004110304219514089,0,781,0.0,0.0,,,,,,,,,,,,,,,,,,,,,,,,,,,,,,,,,,,,,,,,,,,,,,,,,,,,,,,,,,,,,,,,,,,,,,,,,,nan,,,,,,,,,,,,,,,
712,1652.544921875,0.016505694016814232,1.6505694016814232,5873.98285651207,10000,ppo,ppo,crawler,flat,action_dth_tot_plus_friction_thdot_formula,,,,,,,,,,,,,,,0.004387017877423055,0,781,0.0,0.0,,,,,,,,,,,,,,,,,,,,,,,,,,,,,,,,,,,,,,,,,,,,,,,,,,,,,,,,,,,,,,,,,,,,,,,,,,nan,,,,,,,,,,,,,,,
713,1759.1392822265625,0.017577767372131348,1.7577767372131348,5882.297600030899,10000,ppo,ppo,crawler,flat,action_dth_tot_plus_friction_thdot_formula,,,,,,,,,,,,,,,0.00431533463262904,0,781,0.0,0.0,,,,,,,,,,,,,,,,,,,,,,,,,,,,,,,,,,,,,,,,,,,,,,,,,,,,,,,,,,,,,,,,,,,,,,,,,,nan,,,,,,,,,,,,,,,
714,1683.3671875,0.016814488917589188,1.6814488917589188,5890.883301973343,10000,ppo,ppo,crawler,flat,action_dth_tot_plus_friction_thdot_formula,,,,,,,,,,,,,,,0.003650038736500025,0,781,0.0,0.0,,,,,,,,,,,,,,,,,,,,,,,,,,,,,,,,,,,,,,,,,,,,,,,,,,,,,,,,,,,,,,,,,,,,,,,,,,nan,,,,,,,,,,,,,,,
715,1692.9801025390625,0.016912398859858513,1.6912398859858513,5899.136451005936,10000,ppo,ppo,crawler,flat,action_dth_tot_plus_friction_thdot_formula,,,,,,,,,,,,,,,0.004123835611461499,0,781,0.0,0.0,,,,,,,,,,,,,,,,,,,,,,,,,,,,,,,,,,,,,,,,,,,,,,,,,,,,,,,,,,,,,,,,,,,,,,,,,,nan,,,,,,,,,,,,,,,
716,1708.1669921875,0.017064031213521957,1.7064031213521957,5907.6203372478485,10000,ppo,ppo,crawler,flat,action_dth_tot_plus_friction_thdot_formula,,,,,,,,,,,,,,,0.004172018568762477,0,781,0.0,0.0,,,,,,,,,,,,,,,,,,,,,,,,,,,,,,,,,,,,,,,,,,,,,,,,,,,,,,,,,,,,,,,,,,,,,,,,,,nan,,,,,,,,,,,,,,,
717,1787.9300537109375,0.017859192565083504,1.7859192565083504,5916.001929759979,10000,ppo,ppo,crawler,flat,action_dth_tot_plus_friction_thdot_formula,,,,,,,,,,,,,,,0.0034437389337715887,0,781,0.0,0.0,,,,,,,,,,,,,,,,,,,,,,,,,,,,,,,,,,,,,,,,,,,,,,,,,,,,,,,,,,,,,,,,,,,,,,,,,,nan,,,,,,,,,,,,,,,
718,1822.1363525390625,0.018202291801571846,1.8202291801571846,5924.046516656876,10000,ppo,ppo,crawler,flat,action_dth_tot_plus_friction_thdot_formula,,,,,,,,,,,,,,,0.004428703820785429,0,781,0.0,0.0,,,,,,,,,,,,,,,,,,,,,,,,,,,,,,,,,,,,,,,,,,,,,,,,,,,,,,,,,,,,,,,,,,,,,,,,,,nan,,,,,,,,,,,,,,,
719,1766.0159912109375,0.01764182187616825,1.764182187616825,5932.251061916351,10000,ppo,ppo,crawler,flat,action_dth_tot_plus_friction_thdot_formula,,,,,,,,,,,,,,,0.004202693677909801,0,781,0.0,0.0,,,,,,,,,,,,,,,,,,,,,,,,,,,,,,,,,,,,,,,,,,,,,,,,,,,,,,,,,,,,,,,,,,,,,,,,,,nan,,,,,,,,,,,,,,,
720,1701.1531982421875,0.016991490498185158,1.6991490498185158,5940.795503139496,10000,ppo,ppo,crawler,flat,action_dth_tot_plus_friction_thdot_formula,,,,,,,,,,,,,,,0.0037028370074070416,0,781,0.0,0.0,,,,,,,,,,,,,,,,,,,,,,,,,,,,,,,,,,,,,,,,,,,,,,,,,,,,,,,,,,,,,,,,,,,,,,,,,,nan,,,,,,,,,,,,,,,
721,1886.8287353515625,0.01884775049984455,1.884775049984455,5949.351429462433,10000,ppo,ppo,crawler,flat,action_dth_tot_plus_friction_thdot_formula,,,,,,,,,,,,,,,0.0033203080945967836,0,781,0.0,0.0,,,,,,,,,,,,,,,,,,,,,,,,,,,,,,,,,,,,,,,,,,,,,,,,,,,,,,,,,,,,,,,,,,,,,,,,,,nan,,,,,,,,,,,,,,,
722,1730.8280029296875,0.017289135605096817,1.7289135605096817,5957.698352575302,10000,ppo,ppo,crawler,flat,action_dth_tot_plus_friction_thdot_formula,,,,,,,,,,,,,,,0.0037489402749296638,0,781,0.0,0.0,,,,,,,,,,,,,,,,,,,,,,,,,,,,,,,,,,,,,,,,,,,,,,,,,,,,,,,,,,,,,,,,,,,,,,,,,,nan,,,,,,,,,,,,,,,
723,1747.748046875,0.017455916851758957,1.7455916851758957,5965.996111869812,10000,ppo,ppo,crawler,flat,action_dth_tot_plus_friction_thdot_formula,,,,,,,,,,,,,,,0.004321215235897687,0,781,0.0,0.0,,,,,,,,,,,,,,,,,,,,,,,,,,,,,,,,,,,,,,,,,,,,,,,,,,,,,,,,,,,,,,,,,,,,,,,,,,nan,,,,,,,,,,,,,,,
724,1821.8133544921875,0.018195204436779022,1.8195204436779022,5974.431505680084,10000,ppo,ppo,crawler,flat,action_dth_tot_plus_friction_thdot_formula,,,,,,,,,,,,,,,0.0040216398213810565,0,781,0.0,0.0,,,,,,,,,,,,,,,,,,,,,,,,,,,,,,,,,,,,,,,,,,,,,,,,,,,,,,,,,,,,,,,,,,,,,,,,,,nan,,,,,,,,,,,,,,,
725,1807.8211669921875,0.01806003414094448,1.806003414094448,5982.83536863327,10000,ppo,ppo,crawler,flat,action_dth_tot_plus_friction_thdot_formula,,,,,,,,,,,,,,,0.0047895125556208324,0,781,0.0,0.0,,,,,,,,,,,,,,,,,,,,,,,,,,,,,,,,,,,,,,,,,,,,,,,,,,,,,,,,,,,,,,,,,,,,,,,,,,nan,,,,,,,,,,,,,,,
726,1813.9263916015625,0.018120892345905304,1.8120892345905304,5991.006410121918,10000,ppo,ppo,crawler,flat,action_dth_tot_plus_friction_thdot_formula,,,,,,,,,,,,,,,0.0032935471517074417,0,781,0.0,0.0,,,,,,,,,,,,,,,,,,,,,,,,,,,,,,,,,,,,,,,,,,,,,,,,,,,,,,,,,,,,,,,,,,,,,,,,,,nan,,,,,,,,,,,,,,,
727,1850.8211669921875,0.018485208973288536,1.8485208973288536,5999.383965730667,10000,ppo,ppo,crawler,flat,action_dth_tot_plus_friction_thdot_formula,,,,,,,,,,,,,,,0.0038926809955812827,0,781,0.0,0.0,,,,,,,,,,,,,,,,,,,,,,,,,,,,,,,,,,,,,,,,,,,,,,,,,,,,,,,,,,,,,,,,,,,,,,,,,,nan,,,,,,,,,,,,,,,
728,1796.72265625,0.01794597879052162,1.7945978790521622,6007.825437068939,10000,ppo,ppo,crawler,flat,action_dth_tot_plus_friction_thdot_formula,,,,,,,,,,,,,,,0.004204610408037524,0,781,0.0,0.0,,,,,,,,,,,,,,,,,,,,,,,,,,,,,,,,,,,,,,,,,,,,,,,,,,,,,,,,,,,,,,,,,,,,,,,,,,nan,,,,,,,,,,,,,,,
729,1864.7864990234375,0.01862487755715847,1.862487755715847,6016.003597974777,10000,ppo,ppo,crawler,flat,action_dth_tot_plus_friction_thdot_formula,,,,,,,,,,,,,,,0.0034232166674087673,0,781,0.0,0.0,,,,,,,,,,,,,,,,,,,,,,,,,,,,,,,,,,,,,,,,,,,,,,,,,,,,,,,,,,,,,,,,,,,,,,,,,,nan,,,,,,,,,,,,,,,
730,1720.1976318359375,0.017182931303977966,1.7182931303977966,6024.170953035355,10000,ppo,ppo,crawler,flat,action_dth_tot_plus_friction_thdot_formula,,,,,,,,,,,,,,,0.004429775731742117,0,781,0.0,0.0,,,,,,,,,,,,,,,,,,,,,,,,,,,,,,,,,,,,,,,,,,,,,,,,,,,,,,,,,,,,,,,,,,,,,,,,,,nan,,,,,,,,,,,,,,,
731,1790.3475341796875,0.017886849120259285,1.7886849120259285,6032.374643325806,10000,ppo,ppo,crawler,flat,action_dth_tot_plus_friction_thdot_formula,,,,,,,,,,,,,,,0.004121831273512495,0,781,0.0,0.0,,,,,,,,,,,,,,,,,,,,,,,,,,,,,,,,,,,,,,,,,,,,,,,,,,,,,,,,,,,,,,,,,,,,,,,,,,nan,,,,,,,,,,,,,,,
732,1806.6859130859375,0.018048061057925224,1.8048061057925224,6040.568085670471,10000,ppo,ppo,crawler,flat,action_dth_tot_plus_friction_thdot_formula,,,,,,,,,,,,,,,0.003575322147808783,0,781,0.0,0.0,,,,,,,,,,,,,,,,,,,,,,,,,,,,,,,,,,,,,,,,,,,,,,,,,,,,,,,,,,,,,,,,,,,,,,,,,,nan,,,,,,,,,,,,,,,
733,1829.0806884765625,0.018277887254953384,1.8277887254953384,6048.821403026581,10000,ppo,ppo,crawler,flat,action_dth_tot_plus_friction_thdot_formula,,,,,,,,,,,,,,,0.003762012548212835,0,781,0.0,0.0,,,,,,,,,,,,,,,,,,,,,,,,,,,,,,,,,,,,,,,,,,,,,,,,,,,,,,,,,,,,,,,,,,,,,,,,,,nan,,,,,,,,,,,,,,,
734,1870.0494384765625,0.018679484724998474,1.8679484724998474,6057.265383005142,10000,ppo,ppo,crawler,flat,action_dth_tot_plus_friction_thdot_formula,,,,,,,,,,,,,,,0.0036283051609625103,0,781,0.0,0.0,,,,,,,,,,,,,,,,,,,,,,,,,,,,,,,,,,,,,,,,,,,,,,,,,,,,,,,,,,,,,,,,,,,,,,,,,,nan,,,,,,,,,,,,,,,
735,1827.0633544921875,0.018253039568662643,1.8253039568662643,6065.665175437927,10000,ppo,ppo,crawler,flat,action_dth_tot_plus_friction_thdot_formula,,,,,,,,,,,,,,,0.004164909665681786,0,781,0.0,0.0,,,,,,,,,,,,,,,,,,,,,,,,,,,,,,,,,,,,,,,,,,,,,,,,,,,,,,,,,,,,,,,,,,,,,,,,,,nan,,,,,,,,,,,,,,,
736,1784.7078857421875,0.01782708242535591,1.7827082425355911,6073.932490110397,10000,ppo,ppo,crawler,flat,action_dth_tot_plus_friction_thdot_formula,,,,,,,,,,,,,,,0.004409810244797392,0,781,0.0,0.0,,,,,,,,,,,,,,,,,,,,,,,,,,,,,,,,,,,,,,,,,,,,,,,,,,,,,,,,,,,,,,,,,,,,,,,,,,nan,,,,,,,,,,,,,,,
737,1798.6453857421875,0.01796703226864338,1.796703226864338,6082.244596719742,10000,ppo,ppo,crawler,flat,action_dth_tot_plus_friction_thdot_formula,,,,,,,,,,,,,,,0.004110583238607444,0,781,0.0,0.0,,,,,,,,,,,,,,,,,,,,,,,,,,,,,,,,,,,,,,,,,,,,,,,,,,,,,,,,,,,,,,,,,,,,,,,,,,nan,,,,,,,,,,,,,,,
738,1850.7525634765625,0.018490184098482132,1.8490184098482132,6090.722078800201,10000,ppo,ppo,crawler,flat,action_dth_tot_plus_friction_thdot_formula,,,,,,,,,,,,,,,0.004134175039424768,0,781,0.0,0.0,,,,,,,,,,,,,,,,,,,,,,,,,,,,,,,,,,,,,,,,,,,,,,,,,,,,,,,,,,,,,,,,,,,,,,,,,,nan,,,,,,,,,,,,,,,
739,1786.2811279296875,0.017845408990979195,1.7845408990979195,6098.894655942917,10000,ppo,ppo,crawler,flat,action_dth_tot_plus_friction_thdot_formula,,,,,,,,,,,,,,,0.003686890023952486,0,781,0.0,0.0,,,,,,,,,,,,,,,,,,,,,,,,,,,,,,,,,,,,,,,,,,,,,,,,,,,,,,,,,,,,,,,,,,,,,,,,,,nan,,,,,,,,,,,,,,,
740,1754.9656982421875,0.017528971657156944,1.7528971657156944,6107.727491378784,10000,ppo,ppo,crawler,flat,action_dth_tot_plus_friction_thdot_formula,,,,,,,,,,,,,,,0.005029491411121657,0,781,0.0,0.0,,,,,,,,,,,,,,,,,,,,,,,,,,,,,,,,,,,,,,,,,,,,,,,,,,,,,,,,,,,,,,,,,,,,,,,,,,nan,,,,,,,,,,,,,,,
741,1765.7281494140625,0.017639003694057465,1.7639003694057465,6116.109863996506,10000,ppo,ppo,crawler,flat,action_dth_tot_plus_friction_thdot_formula,,,,,,,,,,,,,,,0.004406627662047307,0,781,0.0,0.0,,,,,,,,,,,,,,,,,,,,,,,,,,,,,,,,,,,,,,,,,,,,,,,,,,,,,,,,,,,,,,,,,,,,,,,,,,nan,,,,,,,,,,,,,,,
742,1816.706298828125,0.01815059222280979,1.8150592222809792,6124.317707300186,10000,ppo,ppo,crawler,flat,action_dth_tot_plus_friction_thdot_formula,,,,,,,,,,,,,,,0.004060740551864192,0,781,0.0,0.0,,,,,,,,,,,,,,,,,,,,,,,,,,,,,,,,,,,,,,,,,,,,,,,,,,,,,,,,,,,,,,,,,,,,,,,,,,nan,,,,,,,,,,,,,,,
743,1775.4019775390625,0.01773824356496334,1.773824356496334,6132.797843694687,10000,ppo,ppo,crawler,flat,action_dth_tot_plus_friction_thdot_formula,,,,,,,,,,,,,,,0.003657226367230812,0,781,0.0,0.0,,,,,,,,,,,,,,,,,,,,,,,,,,,,,,,,,,,,,,,,,,,,,,,,,,,,,,,,,,,,,,,,,,,,,,,,,,nan,,,,,,,,,,,,,,,
744,1816.346923828125,0.018144626170396805,1.8144626170396805,6140.934717178345,10000,ppo,ppo,crawler,flat,action_dth_tot_plus_friction_thdot_formula,,,,,,,,,,,,,,,0.00356186686077563,0,781,0.0,0.0,,,,,,,,,,,,,,,,,,,,,,,,,,,,,,,,,,,,,,,,,,,,,,,,,,,,,,,,,,,,,,,,,,,,,,,,,,nan,,,,,,,,,,,,,,,
745,1738.8651123046875,0.017365656793117523,1.7365656793117523,6149.2518990039825,10000,ppo,ppo,crawler,flat,action_dth_tot_plus_friction_thdot_formula,,,,,,,,,,,,,,,0.004737966977299528,0,781,0.0,0.0,,,,,,,,,,,,,,,,,,,,,,,,,,,,,,,,,,,,,,,,,,,,,,,,,,,,,,,,,,,,,,,,,,,,,,,,,,nan,,,,,,,,,,,,,,,
746,1748.7603759765625,0.017470618709921837,1.7470618709921837,6157.491126775742,10000,ppo,ppo,crawler,flat,action_dth_tot_plus_friction_thdot_formula,,,,,,,,,,,,,,,0.004222582529363653,0,781,0.0,0.0,,,,,,,,,,,,,,,,,,,,,,,,,,,,,,,,,,,,,,,,,,,,,,,,,,,,,,,,,,,,,,,,,,,,,,,,,,nan,,,,,,,,,,,,,,,
747,1748.9901123046875,0.01747055910527706,1.7470559105277061,6165.772749185562,10000,ppo,ppo,crawler,flat,action_dth_tot_plus_friction_thdot_formula,,,,,,,,,,,,,,,0.004117209575211727,0,781,0.0,0.0,,,,,,,,,,,,,,,,,,,,,,,,,,,,,,,,,,,,,,,,,,,,,,,,,,,,,,,,,,,,,,,,,,,,,,,,,,nan,,,,,,,,,,,,,,,
748,1836.118408203125,0.018342385068535805,1.8342385068535805,6174.3974504470825,10000,ppo,ppo,crawler,flat,action_dth_tot_plus_friction_thdot_formula,,,,,,,,,,,,,,,0.004079444454276336,0,781,0.0,0.0,,,,,,,,,,,,,,,,,,,,,,,,,,,,,,,,,,,,,,,,,,,,,,,,,,,,,,,,,,,,,,,,,,,,,,,,,,nan,,,,,,,,,,,,,,,
749,1815.0277099609375,0.018131088465452194,1.8131088465452194,6182.578583717346,10000,ppo,ppo,crawler,flat,action_dth_tot_plus_friction_thdot_formula,,,,,,,,,,,,,,,0.004124176749047644,0,781,0.0,0.0,,,,,,,,,,,,,,,,,,,,,,,,,,,,,,,,,,,,,,,,,,,,,,,,,,,,,,,,,,,,,,,,,,,,,,,,,,nan,,,,,,,,,,,,,,,
750,1813.9937744140625,0.018116753548383713,1.8116753548383713,6191.017292737961,10000,ppo,ppo,crawler,flat,action_dth_tot_plus_friction_thdot_formula,,,,,,,,,,,,,,,0.0035543049694302465,0,781,0.0,0.0,,,,,,,,,,,,,,,,,,,,,,,,,,,,,,,,,,,,,,,,,,,,,,,,,,,,,,,,,,,,,,,,,,,,,,,,,,nan,,,,,,,,,,,,,,,
751,1828.5418701171875,0.01826910302042961,1.8269103020429611,6199.404815912247,10000,ppo,ppo,crawler,flat,action_dth_tot_plus_friction_thdot_formula,,,,,,,,,,,,,,,0.004341120571522614,0,781,0.0,0.0,,,,,,,,,,,,,,,,,,,,,,,,,,,,,,,,,,,,,,,,,,,,,,,,,,,,,,,,,,,,,,,,,,,,,,,,,,nan,,,,,,,,,,,,,,,
752,1809.131103515625,0.01806885562837124,1.8068855628371239,6207.915335178375,10000,ppo,ppo,crawler,flat,action_dth_tot_plus_friction_thdot_formula,,,,,,,,,,,,,,,0.003856155997693417,0,781,0.0,0.0,,,,,,,,,,,,,,,,,,,,,,,,,,,,,,,,,,,,,,,,,,,,,,,,,,,,,,,,,,,,,,,,,,,,,,,,,,nan,,,,,,,,,,,,,,,
753,1844.1336669921875,0.01842173933982849,1.8421739339828491,6216.2193286418915,10000,ppo,ppo,crawler,flat,action_dth_tot_plus_friction_thdot_formula,,,,,,,,,,,,,,,0.003977346323645482,0,781,0.0,0.0,,,,,,,,,,,,,,,,,,,,,,,,,,,,,,,,,,,,,,,,,,,,,,,,,,,,,,,,,,,,,,,,,,,,,,,,,,nan,,,,,,,,,,,,,,,
754,1841.3726806640625,0.018396994099020958,1.8396994099020958,6224.601668834686,10000,ppo,ppo,crawler,flat,action_dth_tot_plus_friction_thdot_formula,,,,,,,,,,,,,,,0.004531969374362331,0,781,0.0,0.0,,,,,,,,,,,,,,,,,,,,,,,,,,,,,,,,,,,,,,,,,,,,,,,,,,,,,,,,,,,,,,,,,,,,,,,,,,nan,,,,,,,,,,,,,,,
755,1827.0213623046875,0.018249735236167908,1.8249735236167908,6232.614203214645,10000,ppo,ppo,crawler,flat,action_dth_tot_plus_friction_thdot_formula,,,,,,,,,,,,,,,0.0033915605805647318,0,781,0.0,0.0,,,,,,,,,,,,,,,,,,,,,,,,,,,,,,,,,,,,,,,,,,,,,,,,,,,,,,,,,,,,,,,,,,,,,,,,,,nan,,,,,,,,,,,,,,,
756,1862.353759765625,0.018605781719088554,1.8605781719088554,6241.319559335709,10000,ppo,ppo,crawler,flat,action_dth_tot_plus_friction_thdot_formula,,,,,,,,,,,,,,,0.004277004317691128,0,781,0.0,0.0,,,,,,,,,,,,,,,,,,,,,,,,,,,,,,,,,,,,,,,,,,,,,,,,,,,,,,,,,,,,,,,,,,,,,,,,,,nan,,,,,,,,,,,,,,,
757,1892.3348388671875,0.01890413835644722,1.890413835644722,6249.498781919479,10000,ppo,ppo,crawler,flat,action_dth_tot_plus_friction_thdot_formula,,,,,,,,,,,,,,,0.003725507418962229,0,781,0.0,0.0,,,,,,,,,,,,,,,,,,,,,,,,,,,,,,,,,,,,,,,,,,,,,,,,,,,,,,,,,,,,,,,,,,,,,,,,,,nan,,,,,,,,,,,,,,,
758,1913.0628662109375,0.019108900800347328,1.9108900800347328,6257.701842784882,10000,ppo,ppo,crawler,flat,action_dth_tot_plus_friction_thdot_formula,,,,,,,,,,,,,,,0.004030585288181639,0,781,0.0,0.0,,,,,,,,,,,,,,,,,,,,,,,,,,,,,,,,,,,,,,,,,,,,,,,,,,,,,,,,,,,,,,,,,,,,,,,,,,nan,,,,,,,,,,,,,,,
759,1945.0379638671875,0.019435925409197807,1.9435925409197807,6265.982226371765,10000,ppo,ppo,crawler,flat,action_dth_tot_plus_friction_thdot_formula,,,,,,,,,,,,,,,0.003920003287674544,0,781,0.0,0.0,,,,,,,,,,,,,,,,,,,,,,,,,,,,,,,,,,,,,,,,,,,,,,,,,,,,,,,,,,,,,,,,,,,,,,,,,,nan,,,,,,,,,,,,,,,
760,1893.5615234375,0.018914444372057915,1.8914444372057915,6274.465115785599,10000,ppo,ppo,crawler,flat,action_dth_tot_plus_friction_thdot_formula,,,,,,,,,,,,,,,0.003913402189122019,0,781,0.0,0.0,,,,,,,,,,,,,,,,,,,,,,,,,,,,,,,,,,,,,,,,,,,,,,,,,,,,,,,,,,,,,,,,,,,,,,,,,,nan,,,,,,,,,,,,,,,
761,1824.337158203125,0.01822526566684246,1.822526566684246,6282.731224536896,10000,ppo,ppo,crawler,flat,action_dth_tot_plus_friction_thdot_formula,,,,,,,,,,,,,,,0.004164343701564336,0,781,0.0,0.0,,,,,,,,,,,,,,,,,,,,,,,,,,,,,,,,,,,,,,,,,,,,,,,,,,,,,,,,,,,,,,,,,,,,,,,,,,nan,,,,,,,,,,,,,,,
762,1902.206298828125,0.019002975896000862,1.9002975896000862,6290.680866479874,10000,ppo,ppo,crawler,flat,action_dth_tot_plus_friction_thdot_formula,,,,,,,,,,,,,,,0.004275861847385521,0,781,0.0,0.0,,,,,,,,,,,,,,,,,,,,,,,,,,,,,,,,,,,,,,,,,,,,,,,,,,,,,,,,,,,,,,,,,,,,,,,,,,nan,,,,,,,,,,,,,,,
763,1884.6636962890625,0.018827110528945923,1.8827110528945923,6299.2004935741425,10000,ppo,ppo,crawler,flat,action_dth_tot_plus_friction_thdot_formula,,,,,,,,,,,,,,,0.004524701224698443,0,781,0.0,0.0,,,,,,,,,,,,,,,,,,,,,,,,,,,,,,,,,,,,,,,,,,,,,,,,,,,,,,,,,,,,,,,,,,,,,,,,,,nan,,,,,,,,,,,,,,,
764,1917.3348388671875,0.019157107919454575,1.9157107919454575,6307.745057821274,10000,ppo,ppo,crawler,flat,action_dth_tot_plus_friction_thdot_formula,,,,,,,,,,,,,,,0.004170576505563919,0,781,0.0,0.0,,,,,,,,,,,,,,,,,,,,,,,,,,,,,,,,,,,,,,,,,,,,,,,,,,,,,,,,,,,,,,,,,,,,,,,,,,nan,,,,,,,,,,,,,,,
765,1864.7030029296875,0.018626384437084198,1.8626384437084198,6315.7811143398285,10000,ppo,ppo,crawler,flat,action_dth_tot_plus_friction_thdot_formula,,,,,,,,,,,,,,,0.003717051631114869,0,781,0.0,0.0,,,,,,,,,,,,,,,,,,,,,,,,,,,,,,,,,,,,,,,,,,,,,,,,,,,,,,,,,,,,,,,,,,,,,,,,,,nan,,,,,,,,,,,,,,,
766,1941.8699951171875,0.019398922100663185,1.9398922100663185,6324.157039880753,10000,ppo,ppo,crawler,flat,action_dth_tot_plus_friction_thdot_formula,,,,,,,,,,,,,,,0.004150581222706356,0,781,0.0,0.0,,,,,,,,,,,,,,,,,,,,,,,,,,,,,,,,,,,,,,,,,,,,,,,,,,,,,,,,,,,,,,,,,,,,,,,,,,nan,,,,,,,,,,,,,,,
767,1861.490234375,0.018595561385154724,1.8595561385154724,6332.964783906937,10000,ppo,ppo,crawler,flat,action_dth_tot_plus_friction_thdot_formula,,,,,,,,,,,,,,,0.003592106540882352,0,781,0.0,0.0,,,,,,,,,,,,,,,,,,,,,,,,,,,,,,,,,,,,,,,,,,,,,,,,,,,,,,,,,,,,,,,,,,,,,,,,,,nan,,,,,,,,,,,,,,,
768,1863.234619140625,0.01861211657524109,1.8612116575241089,6342.022329092026,10000,ppo,ppo,crawler,flat,action_dth_tot_plus_friction_thdot_formula,,,,,,,,,,,,,,,0.00362936854337893,0,781,0.0,0.0,,,,,,,,,,,,,,,,,,,,,,,,,,,,,,,,,,,,,,,,,,,,,,,,,,,,,,,,,,,,,,,,,,,,,,,,,,nan,,,,,,,,,,,,,,,
769,1927.2437744140625,0.019253311678767204,1.9253311678767204,6351.687549352646,10000,ppo,ppo,crawler,flat,action_dth_tot_plus_friction_thdot_formula,,,,,,,,,,,,,,,0.003742706085051137,0,781,0.0,0.0,,,,,,,,,,,,,,,,,,,,,,,,,,,,,,,,,,,,,,,,,,,,,,,,,,,,,,,,,,,,,,,,,,,,,,,,,,nan,,,,,,,,,,,,,,,
770,1964.5067138671875,0.019625669345259666,1.9625669345259666,6360.968485355377,10000,ppo,ppo,crawler,flat,action_dth_tot_plus_friction_thdot_formula,,,,,,,,,,,,,,,0.004033449193900666,0,781,0.0,0.0,,,,,,,,,,,,,,,,,,,,,,,,,,,,,,,,,,,,,,,,,,,,,,,,,,,,,,,,,,,,,,,,,,,,,,,,,,nan,,,,,,,,,,,,,,,
771,1915.2684326171875,0.019130293279886246,1.9130293279886246,6369.376764535904,10000,ppo,ppo,crawler,flat,action_dth_tot_plus_friction_thdot_formula,,,,,,,,,,,,,,,0.003616708620283252,0,781,0.0,0.0,,,,,,,,,,,,,,,,,,,,,,,,,,,,,,,,,,,,,,,,,,,,,,,,,,,,,,,,,,,,,,,,,,,,,,,,,,nan,,,,,,,,,,,,,,,
772,1882.7144775390625,0.01881168596446514,1.8811685964465141,6377.738614797592,10000,ppo,ppo,crawler,flat,action_dth_tot_plus_friction_thdot_formula,,,,,,,,,,,,,,,0.003986335798344371,0,781,0.0,0.0,,,,,,,,,,,,,,,,,,,,,,,,,,,,,,,,,,,,,,,,,,,,,,,,,,,,,,,,,,,,,,,,,,,,,,,,,,nan,,,,,,,,,,,,,,,
773,1898.6929931640625,0.018963225185871124,1.8963225185871124,6385.932338953018,10000,ppo,ppo,crawler,flat,action_dth_tot_plus_friction_thdot_formula,,,,,,,,,,,,,,,0.004607130862987408,0,781,0.0,0.0,,,,,,,,,,,,,,,,,,,,,,,,,,,,,,,,,,,,,,,,,,,,,,,,,,,,,,,,,,,,,,,,,,,,,,,,,,nan,,,,,,,,,,,,,,,
774,1858.3656005859375,0.01856822520494461,1.856822520494461,6394.1855256557465,10000,ppo,ppo,crawler,flat,action_dth_tot_plus_friction_thdot_formula,,,,,,,,,,,,,,,0.0037737911960310402,0,781,0.0,0.0,,,,,,,,,,,,,,,,,,,,,,,,,,,,,,,,,,,,,,,,,,,,,,,,,,,,,,,,,,,,,,,,,,,,,,,,,,nan,,,,,,,,,,,,,,,
775,1945.5745849609375,0.019436275586485863,1.9436275586485863,6402.4929168224335,10000,ppo,ppo,crawler,flat,action_dth_tot_plus_friction_thdot_formula,,,,,,,,,,,,,,,0.0036736118607073975,0,781,0.0,0.0,,,,,,,,,,,,,,,,,,,,,,,,,,,,,,,,,,,,,,,,,,,,,,,,,,,,,,,,,,,,,,,,,,,,,,,,,,nan,,,,,,,,,,,,,,,
776,1901.1575927734375,0.018996931612491608,1.8996931612491608,6410.8930451869965,10000,ppo,ppo,crawler,flat,action_dth_tot_plus_friction_thdot_formula,,,,,,,,,,,,,,,0.004186321226452154,0,781,0.0,0.0,,,,,,,,,,,,,,,,,,,,,,,,,,,,,,,,,,,,,,,,,,,,,,,,,,,,,,,,,,,,,,,,,,,,,,,,,,nan,,,,,,,,,,,,,,,
777,1948.2132568359375,0.019459059461951256,1.9459059461951256,6419.402945280075,10000,ppo,ppo,crawler,flat,action_dth_tot_plus_friction_thdot_formula,,,,,,,,,,,,,,,0.005433418010671536,0,781,0.0,0.0,,,,,,,,,,,,,,,,,,,,,,,,,,,,,,,,,,,,,,,,,,,,,,,,,,,,,,,,,,,,,,,,,,,,,,,,,,nan,,,,,,,,,,,,,,,
778,1868.5028076171875,0.018662691116333008,1.8662691116333008,6427.495386362076,10000,ppo,ppo,crawler,flat,action_dth_tot_plus_friction_thdot_formula,,,,,,,,,,,,,,,0.0039009362828179065,0,781,0.0,0.0,,,,,,,,,,,,,,,,,,,,,,,,,,,,,,,,,,,,,,,,,,,,,,,,,,,,,,,,,,,,,,,,,,,,,,,,,,nan,,,,,,,,,,,,,,,
779,1997.3387451171875,0.01995551958680153,1.995551958680153,6436.227180957794,10000,ppo,ppo,crawler,flat,action_dth_tot_plus_friction_thdot_formula,,,,,,,,,,,,,,,0.004788720860666501,0,781,0.0,0.0,,,,,,,,,,,,,,,,,,,,,,,,,,,,,,,,,,,,,,,,,,,,,,,,,,,,,,,,,,,,,,,,,,,,,,,,,,nan,,,,,,,,,,,,,,,
780,1946.9683837890625,0.019446933642029762,1.9446933642029762,6444.493362903595,10000,ppo,ppo,crawler,flat,action_dth_tot_plus_friction_thdot_formula,,,,,,,,,,,,,,,0.005344670987658193,0,781,0.0,0.0,,,,,,,,,,,,,,,,,,,,,,,,,,,,,,,,,,,,,,,,,,,,,,,,,,,,,,,,,,,,,,,,,,,,,,,,,,nan,,,,,,,,,,,,,,,
781,1902.7838134765625,0.019006982445716858,1.9006982445716858,6452.903375148773,10000,ppo,ppo,crawler,flat,action_dth_tot_plus_friction_thdot_formula,,,,,,,,,,,,,,,0.0038448080787776224,0,781,0.0,0.0,,,,,,,,,,,,,,,,,,,,,,,,,,,,,,,,,,,,,,,,,,,,,,,,,,,,,,,,,,,,,,,,,,,,,,,,,,nan,,,,,,,,,,,,,,,
782,1960.5389404296875,0.01959230937063694,1.959230937063694,6461.129779577255,10000,ppo,ppo,crawler,flat,action_dth_tot_plus_friction_thdot_formula,,,,,,,,,,,,,,,0.003977940322055568,0,781,0.0,0.0,,,,,,,,,,,,,,,,,,,,,,,,,,,,,,,,,,,,,,,,,,,,,,,,,,,,,,,,,,,,,,,,,,,,,,,,,,nan,,,,,,,,,,,,,,,
783,1861.3590087890625,0.018596306443214417,1.8596306443214417,6469.601876974106,10000,ppo,ppo,crawler,flat,action_dth_tot_plus_friction_thdot_formula,,,,,,,,,,,,,,,0.003981681989127872,0,781,0.0,0.0,,,,,,,,,,,,,,,,,,,,,,,,,,,,,,,,,,,,,,,,,,,,,,,,,,,,,,,,,,,,,,,,,,,,,,,,,,nan,,,,,,,,,,,,,,,
784,1905.173828125,0.019031882286071777,1.9031882286071777,6477.722393989563,10000,ppo,ppo,crawler,flat,action_dth_tot_plus_friction_thdot_formula,,,,,,,,,,,,,,,0.004264557256098603,0,781,0.0,0.0,,,,,,,,,,,,,,,,,,,,,,,,,,,,,,,,,,,,,,,,,,,,,,,,,,,,,,,,,,,,,,,,,,,,,,,,,,nan,,,,,,,,,,,,,,,
785,1923.230712890625,0.019207846373319626,1.9207846373319626,6485.950436115265,10000,ppo,ppo,crawler,flat,action_dth_tot_plus_friction_thdot_formula,,,,,,,,,,,,,,,0.0038767857065292555,0,781,0.0,0.0,,,,,,,,,,,,,,,,,,,,,,,,,,,,,,,,,,,,,,,,,,,,,,,,,,,,,,,,,,,,,,,,,,,,,,,,,,nan,,,,,,,,,,,,,,,
786,1897.096923828125,0.018949594348669052,1.8949594348669052,6494.2007694244385,10000,ppo,ppo,crawler,flat,action_dth_tot_plus_friction_thdot_formula,,,,,,,,,,,,,,,0.0042220878338565864,0,781,0.0,0.0,,,,,,,,,,,,,,,,,,,,,,,,,,,,,,,,,,,,,,,,,,,,,,,,,,,,,,,,,,,,,,,,,,,,,,,,,,nan,,,,,,,,,,,,,,,
787,1898.335205078125,0.018961891531944275,1.8961891531944275,6502.73463177681,10000,ppo,ppo,crawler,flat,action_dth_tot_plus_friction_thdot_formula,,,,,,,,,,,,,,,0.005218699003573359,0,781,0.0,0.0,,,,,,,,,,,,,,,,,,,,,,,,,,,,,,,,,,,,,,,,,,,,,,,,,,,,,,,,,,,,,,,,,,,,,,,,,,nan,,,,,,,,,,,,,,,
788,1893.2691650390625,0.018910206854343414,1.8910206854343414,6510.87904381752,10000,ppo,ppo,crawler,flat,action_dth_tot_plus_friction_thdot_formula,,,,,,,,,,,,,,,0.0045147045840352425,0,781,0.0,0.0,,,,,,,,,,,,,,,,,,,,,,,,,,,,,,,,,,,,,,,,,,,,,,,,,,,,,,,,,,,,,,,,,,,,,,,,,,nan,,,,,,,,,,,,,,,
789,1907.567626953125,0.01905960403382778,1.9059604033827782,6519.343031644821,10000,ppo,ppo,crawler,flat,action_dth_tot_plus_friction_thdot_formula,,,,,,,,,,,,,,,0.004277441759852254,0,781,0.0,0.0,,,,,,,,,,,,,,,,,,,,,,,,,,,,,,,,,,,,,,,,,,,,,,,,,,,,,,,,,,,,,,,,,,,,,,,,,,nan,,,,,,,,,,,,,,,
790,1890.3746337890625,0.018882766366004944,1.8882766366004944,6527.677615404129,10000,ppo,ppo,crawler,flat,action_dth_tot_plus_friction_thdot_formula,,,,,,,,,,,,,,,0.0037778310708999133,0,781,0.0,0.0,,,,,,,,,,,,,,,,,,,,,,,,,,,,,,,,,,,,,,,,,,,,,,,,,,,,,,,,,,,,,,,,,,,,,,,,,,nan,,,,,,,,,,,,,,,
791,1870.7918701171875,0.018689751625061035,1.8689751625061035,6536.147590398788,10000,ppo,ppo,crawler,flat,action_dth_tot_plus_friction_thdot_formula,,,,,,,,,,,,,,,0.0047629285643933155,0,781,0.0,0.0,,,,,,,,,,,,,,,,,,,,,,,,,,,,,,,,,,,,,,,,,,,,,,,,,,,,,,,,,,,,,,,,,,,,,,,,,,nan,,,,,,,,,,,,,,,
792,1769.9295654296875,0.01768483966588974,1.768483966588974,6544.701042890549,10000,ppo,ppo,crawler,flat,action_dth_tot_plus_friction_thdot_formula,,,,,,,,,,,,,,,0.004300295431967336,0,781,0.0,0.0,,,,,,,,,,,,,,,,,,,,,,,,,,,,,,,,,,,,,,,,,,,,,,,,,,,,,,,,,,,,,,,,,,,,,,,,,,nan,,,,,,,,,,,,,,,
793,1853.4097900390625,0.01851525902748108,1.851525902748108,6552.980872869492,10000,ppo,ppo,crawler,flat,action_dth_tot_plus_friction_thdot_formula,,,,,,,,,,,,,,,0.00472032925838911,0,781,0.0,0.0,,,,,,,,,,,,,,,,,,,,,,,,,,,,,,,,,,,,,,,,,,,,,,,,,,,,,,,,,,,,,,,,,,,,,,,,,,nan,,,,,,,,,,,,,,,
794,1892.7926025390625,0.018905043601989746,1.8905043601989746,6561.52325963974,10000,ppo,ppo,crawler,flat,action_dth_tot_plus_friction_thdot_formula,,,,,,,,,,,,,,,0.003914802900472866,0,781,0.0,0.0,,,,,,,,,,,,,,,,,,,,,,,,,,,,,,,,,,,,,,,,,,,,,,,,,,,,,,,,,,,,,,,,,,,,,,,,,,nan,,,,,,,,,,,,,,,
795,1956.5218505859375,0.01954839378595352,1.9548393785953522,6569.979233264923,10000,ppo,ppo,crawler,flat,action_dth_tot_plus_friction_thdot_formula,,,,,,,,,,,,,,,0.0038025170035789055,0,781,0.0,0.0,,,,,,,,,,,,,,,,,,,,,,,,,,,,,,,,,,,,,,,,,,,,,,,,,,,,,,,,,,,,,,,,,,,,,,,,,,nan,,,,,,,,,,,,,,,
796,1886.7738037109375,0.01884656399488449,1.884656399488449,6578.324567556381,10000,ppo,ppo,crawler,flat,action_dth_tot_plus_friction_thdot_formula,,,,,,,,,,,,,,,0.004653872454352021,0,781,0.0,0.0,,,,,,,,,,,,,,,,,,,,,,,,,,,,,,,,,,,,,,,,,,,,,,,,,,,,,,,,,,,,,,,,,,,,,,,,,,nan,,,,,,,,,,,,,,,
797,1910.8759765625,0.01908799447119236,1.908799447119236,6586.535158395767,10000,ppo,ppo,crawler,flat,action_dth_tot_plus_friction_thdot_formula,,,,,,,,,,,,,,,0.0046181678736943715,0,781,0.0,0.0,,,,,,,,,,,,,,,,,,,,,,,,,,,,,,,,,,,,,,,,,,,,,,,,,,,,,,,,,,,,,,,,,,,,,,,,,,nan,,,,,,,,,,,,,,,
798,1831.2545166015625,0.0182938314974308,1.8293831497430801,6594.8701803684235,10000,ppo,ppo,crawler,flat,action_dth_tot_plus_friction_thdot_formula,,,,,,,,,,,,,,,0.00531427537660632,0,781,0.0,0.0,,,,,,,,,,,,,,,,,,,,,,,,,,,,,,,,,,,,,,,,,,,,,,,,,,,,,,,,,,,,,,,,,,,,,,,,,,nan,,,,,,,,,,,,,,,
799,1943.3187255859375,0.019410882145166397,1.9410882145166397,6603.488500118256,10000,ppo,ppo,crawler,flat,action_dth_tot_plus_friction_thdot_formula,,,,,,,,,,,,,,,0.00350644771410206,0,781,0.0,0.0,,,,,,,,,,,,,,,,,,,,,,,,,,,,,,,,,,,,,,,,,,,,,,,,,,,,,,,,,,,,,,,,,,,,,,,,,,nan,,,,,,,,,,,,,,,
800,1966.7095947265625,0.01964562013745308,1.964562013745308,6611.989605426788,10000,ppo,ppo,crawler,flat,action_dth_tot_plus_friction_thdot_formula,,,,,,,,,,,,,,,0.0036512480079221436,0,781,0.0,0.0,,,,,,,,,,,,,,,,,,,,,,,,,,,,,,,,,,,,,,,,,,,,,,,,,,,,,,,,,,,,,,,,,,,,,,,,,,nan,,,,,,,,,,,,,,,
801,1954.2347412109375,0.01952449046075344,1.952449046075344,6620.4918513298035,10000,ppo,ppo,crawler,flat,action_dth_tot_plus_friction_thdot_formula,,,,,,,,,,,,,,,0.003897805416680188,0,781,0.0,0.0,,,,,,,,,,,,,,,,,,,,,,,,,,,,,,,,,,,,,,,,,,,,,,,,,,,,,,,,,,,,,,,,,,,,,,,,,,nan,,,,,,,,,,,,,,,
802,1972.5133056640625,0.019705310463905334,1.9705310463905334,6628.830495834351,10000,ppo,ppo,crawler,flat,action_dth_tot_plus_friction_thdot_formula,,,,,,,,,,,,,,,0.0036311904758840404,0,781,0.0,0.0,,,,,,,,,,,,,,,,,,,,,,,,,,,,,,,,,,,,,,,,,,,,,,,,,,,,,,,,,,,,,,,,,,,,,,,,,,nan,,,,,,,,,,,,,,,
803,2012.732666015625,0.02010505646467209,2.010505646467209,6637.151198625565,10000,ppo,ppo,crawler,flat,action_dth_tot_plus_friction_thdot_formula,,,,,,,,,,,,,,,0.004227766596135909,0,781,0.0,0.0,,,,,,,,,,,,,,,,,,,,,,,,,,,,,,,,,,,,,,,,,,,,,,,,,,,,,,,,,,,,,,,,,,,,,,,,,,nan,,,,,,,,,,,,,,,
804,1940.2410888671875,0.0193818137049675,1.9381813704967499,6645.4347376823425,10000,ppo,ppo,crawler,flat,action_dth_tot_plus_friction_thdot_formula,,,,,,,,,,,,,,,0.004737967783375017,0,781,0.0,0.0,,,,,,,,,,,,,,,,,,,,,,,,,,,,,,,,,,,,,,,,,,,,,,,,,,,,,,,,,,,,,,,,,,,,,,,,,,nan,,,,,,,,,,,,,,,
805,1913.7808837890625,0.019115645438432693,1.9115645438432693,6653.716271400452,10000,ppo,ppo,crawler,flat,action_dth_tot_plus_friction_thdot_formula,,,,,,,,,,,,,,,0.005216241921332489,0,781,0.0,0.0,,,,,,,,,,,,,,,,,,,,,,,,,,,,,,,,,,,,,,,,,,,,,,,,,,,,,,,,,,,,,,,,,,,,,,,,,,nan,,,,,,,,,,,,,,,
806,1862.1708984375,0.01860211044549942,1.860211044549942,6662.051735877991,10000,ppo,ppo,crawler,flat,action_dth_tot_plus_friction_thdot_formula,,,,,,,,,,,,,,,0.004093735127187502,0,781,0.0,0.0,,,,,,,,,,,,,,,,,,,,,,,,,,,,,,,,,,,,,,,,,,,,,,,,,,,,,,,,,,,,,,,,,,,,,,,,,,nan,,,,,,,,,,,,,,,
807,1891.9351806640625,0.01889749802649021,1.8897498026490211,6670.259059667587,10000,ppo,ppo,crawler,flat,action_dth_tot_plus_friction_thdot_formula,,,,,,,,,,,,,,,0.004772461811110387,0,781,0.0,0.0,,,,,,,,,,,,,,,,,,,,,,,,,,,,,,,,,,,,,,,,,,,,,,,,,,,,,,,,,,,,,,,,,,,,,,,,,,nan,,,,,,,,,,,,,,,
808,1858.3045654296875,0.01856396161019802,1.856396161019802,6678.713041305542,10000,ppo,ppo,crawler,flat,action_dth_tot_plus_friction_thdot_formula,,,,,,,,,,,,,,,0.004520091321349153,0,781,0.0,0.0,,,,,,,,,,,,,,,,,,,,,,,,,,,,,,,,,,,,,,,,,,,,,,,,,,,,,,,,,,,,,,,,,,,,,,,,,,nan,,,,,,,,,,,,,,,
809,1789.2578125,0.017872819676995277,1.7872819676995277,6686.857182025909,10000,ppo,ppo,crawler,flat,action_dth_tot_plus_friction_thdot_formula,,,,,,,,,,,,,,,0.004552836967511437,0,781,0.0,0.0,,,,,,,,,,,,,,,,,,,,,,,,,,,,,,,,,,,,,,,,,,,,,,,,,,,,,,,,,,,,,,,,,,,,,,,,,,nan,,,,,,,,,,,,,,,
810,1941.7039794921875,0.019393136724829674,1.9393136724829674,6695.080790519714,10000,ppo,ppo,crawler,flat,action_dth_tot_plus_friction_thdot_formula,,,,,,,,,,,,,,,0.0038651116066013083,0,781,0.0,0.0,,,,,,,,,,,,,,,,,,,,,,,,,,,,,,,,,,,,,,,,,,,,,,,,,,,,,,,,,,,,,,,,,,,,,,,,,,nan,,,,,,,,,,,,,,,
811,1917.7542724609375,0.01916167140007019,1.916167140007019,6703.700649499893,10000,ppo,ppo,crawler,flat,action_dth_tot_plus_friction_thdot_formula,,,,,,,,,,,,,,,0.004377129276327207,0,781,0.0,0.0,,,,,,,,,,,,,,,,,,,,,,,,,,,,,,,,,,,,,,,,,,,,,,,,,,,,,,,,,,,,,,,,,,,,,,,,,,nan,,,,,,,,,,,,,,,
812,1947.9945068359375,0.01945704035460949,1.945704035460949,6712.154166698456,10000,ppo,ppo,crawler,flat,action_dth_tot_plus_friction_thdot_formula,,,,,,,,,,,,,,,0.0049229590419370434,0,781,0.0,0.0,,,,,,,,,,,,,,,,,,,,,,,,,,,,,,,,,,,,,,,,,,,,,,,,,,,,,,,,,,,,,,,,,,,,,,,,,,nan,,,,,,,,,,,,,,,
813,1846.448486328125,0.01844557747244835,1.844557747244835,6720.512081623077,10000,ppo,ppo,crawler,flat,action_dth_tot_plus_friction_thdot_formula,,,,,,,,,,,,,,,0.005411096955907428,0,781,0.0,0.0,,,,,,,,,,,,,,,,,,,,,,,,,,,,,,,,,,,,,,,,,,,,,,,,,,,,,,,,,,,,,,,,,,,,,,,,,,nan,,,,,,,,,,,,,,,
814,1830.5023193359375,0.0182853564620018,1.82853564620018,6728.551104545593,10000,ppo,ppo,crawler,flat,action_dth_tot_plus_friction_thdot_formula,,,,,,,,,,,,,,,0.0038242819400402276,0,781,0.0,0.0,,,,,,,,,,,,,,,,,,,,,,,,,,,,,,,,,,,,,,,,,,,,,,,,,,,,,,,,,,,,,,,,,,,,,,,,,,nan,,,,,,,,,,,,,,,
815,1860.7584228515625,0.01858970895409584,1.858970895409584,6736.8552758693695,10000,ppo,ppo,crawler,flat,action_dth_tot_plus_friction_thdot_formula,,,,,,,,,,,,,,,0.003850148105934243,0,781,0.0,0.0,,,,,,,,,,,,,,,,,,,,,,,,,,,,,,,,,,,,,,,,,,,,,,,,,,,,,,,,,,,,,,,,,,,,,,,,,,nan,,,,,,,,,,,,,,,
816,1879.6490478515625,0.01877562887966633,1.8775628879666328,6745.19930768013,10000,ppo,ppo,crawler,flat,action_dth_tot_plus_friction_thdot_formula,,,,,,,,,,,,,,,0.004455114835986531,0,781,0.0,0.0,,,,,,,,,,,,,,,,,,,,,,,,,,,,,,,,,,,,,,,,,,,,,,,,,,,,,,,,,,,,,,,,,,,,,,,,,,nan,,,,,,,,,,,,,,,
817,1924.1273193359375,0.019218111410737038,1.9218111410737038,6753.282242298126,10000,ppo,ppo,crawler,flat,action_dth_tot_plus_friction_thdot_formula,,,,,,,,,,,,,,,0.004520426053744914,0,781,0.0,0.0,,,,,,,,,,,,,,,,,,,,,,,,,,,,,,,,,,,,,,,,,,,,,,,,,,,,,,,,,,,,,,,,,,,,,,,,,,nan,,,,,,,,,,,,,,,
818,1899.782470703125,0.01897871494293213,1.897871494293213,6761.722333192825,10000,ppo,ppo,crawler,flat,action_dth_tot_plus_friction_thdot_formula,,,,,,,,,,,,,,,0.004572280416179868,0,781,0.0,0.0,,,,,,,,,,,,,,,,,,,,,,,,,,,,,,,,,,,,,,,,,,,,,,,,,,,,,,,,,,,,,,,,,,,,,,,,,,nan,,,,,,,,,,,,,,,
819,2005.7210693359375,0.020037803798913956,2.0037803798913956,6770.1891477108,10000,ppo,ppo,crawler,flat,action_dth_tot_plus_friction_thdot_formula,,,,,,,,,,,,,,,0.004665825604005012,0,781,0.0,0.0,,,,,,,,,,,,,,,,,,,,,,,,,,,,,,,,,,,,,,,,,,,,,,,,,,,,,,,,,,,,,,,,,,,,,,,,,,nan,,,,,,,,,,,,,,,
820,1983.6624755859375,0.019811565056443214,1.9811565056443214,6778.639782190323,10000,ppo,ppo,crawler,flat,action_dth_tot_plus_friction_thdot_formula,,,,,,,,,,,,,,,0.004615717573167706,0,781,0.0,0.0,,,,,,,,,,,,,,,,,,,,,,,,,,,,,,,,,,,,,,,,,,,,,,,,,,,,,,,,,,,,,,,,,,,,,,,,,,nan,,,,,,,,,,,,,,,
821,1857.9586181640625,0.018557699397206306,1.8557699397206306,6787.014817237854,10000,ppo,ppo,crawler,flat,action_dth_tot_plus_friction_thdot_formula,,,,,,,,,,,,,,,0.005303099242621251,0,781,0.0,0.0,,,,,,,,,,,,,,,,,,,,,,,,,,,,,,,,,,,,,,,,,,,,,,,,,,,,,,,,,,,,,,,,,,,,,,,,,,nan,,,,,,,,,,,,,,,
822,1939.0386962890625,0.01936919428408146,1.936919428408146,6795.388865947723,10000,ppo,ppo,crawler,flat,action_dth_tot_plus_friction_thdot_formula,,,,,,,,,,,,,,,0.004895543449261093,0,781,0.0,0.0,,,,,,,,,,,,,,,,,,,,,,,,,,,,,,,,,,,,,,,,,,,,,,,,,,,,,,,,,,,,,,,,,,,,,,,,,,nan,,,,,,,,,,,,,,,
823,1998.4879150390625,0.019962968304753304,1.9962968304753304,6803.830282926559,10000,ppo,ppo,crawler,flat,action_dth_tot_plus_friction_thdot_formula,,,,,,,,,,,,,,,0.004283185782608315,0,781,0.0,0.0,,,,,,,,,,,,,,,,,,,,,,,,,,,,,,,,,,,,,,,,,,,,,,,,,,,,,,,,,,,,,,,,,,,,,,,,,,nan,,,,,,,,,,,,,,,
824,1989.723876953125,0.01987539790570736,1.987539790570736,6812.358280181885,10000,ppo,ppo,crawler,flat,action_dth_tot_plus_friction_thdot_formula,,,,,,,,,,,,,,,0.00475154217054904,0,781,0.0,0.0,,,,,,,,,,,,,,,,,,,,,,,,,,,,,,,,,,,,,,,,,,,,,,,,,,,,,,,,,,,,,,,,,,,,,,,,,,nan,,,,,,,,,,,,,,,
825,1938.0682373046875,0.019360609352588654,1.9360609352588654,6820.477110862732,10000,ppo,ppo,crawler,flat,action_dth_tot_plus_friction_thdot_formula,,,,,,,,,,,,,,,0.00554820710316744,0,781,0.0,0.0,,,,,,,,,,,,,,,,,,,,,,,,,,,,,,,,,,,,,,,,,,,,,,,,,,,,,,,,,,,,,,,,,,,,,,,,,,nan,,,,,,,,,,,,,,,
826,1994.751220703125,0.01992422714829445,1.9924227148294449,6828.6239676475525,10000,ppo,ppo,crawler,flat,action_dth_tot_plus_friction_thdot_formula,,,,,,,,,,,,,,,0.00521778466258074,0,781,0.0,0.0,,,,,,,,,,,,,,,,,,,,,,,,,,,,,,,,,,,,,,,,,,,,,,,,,,,,,,,,,,,,,,,,,,,,,,,,,,nan,,,,,,,,,,,,,,,
827,1964.4371337890625,0.019623763859272003,1.9623763859272003,6837.12401175499,10000,ppo,ppo,crawler,flat,action_dth_tot_plus_friction_thdot_formula,,,,,,,,,,,,,,,0.004094531287176227,0,781,0.0,0.0,,,,,,,,,,,,,,,,,,,,,,,,,,,,,,,,,,,,,,,,,,,,,,,,,,,,,,,,,,,,,,,,,,,,,,,,,,nan,,,,,,,,,,,,,,,
828,1984.384033203125,0.019823987036943436,1.9823987036943436,6845.748339891434,10000,ppo,ppo,crawler,flat,action_dth_tot_plus_friction_thdot_formula,,,,,,,,,,,,,,,0.004440145983158584,0,781,0.0,0.0,,,,,,,,,,,,,,,,,,,,,,,,,,,,,,,,,,,,,,,,,,,,,,,,,,,,,,,,,,,,,,,,,,,,,,,,,,nan,,,,,,,,,,,,,,,
829,1921.93359375,0.019199645146727562,1.9199645146727562,6854.023754358292,10000,ppo,ppo,crawler,flat,action_dth_tot_plus_friction_thdot_formula,,,,,,,,,,,,,,,0.0045815019422403335,0,781,0.0,0.0,,,,,,,,,,,,,,,,,,,,,,,,,,,,,,,,,,,,,,,,,,,,,,,,,,,,,,,,,,,,,,,,,,,,,,,,,,nan,,,,,,,,,,,,,,,
830,2032.2265625,0.020299971103668213,2.0299971103668213,6862.236847400665,10000,ppo,ppo,crawler,flat,action_dth_tot_plus_friction_thdot_formula,,,,,,,,,,,,,,,0.003750354025653646,0,781,0.0,0.0,,,,,,,,,,,,,,,,,,,,,,,,,,,,,,,,,,,,,,,,,,,,,,,,,,,,,,,,,,,,,,,,,,,,,,,,,,nan,,,,,,,,,,,,,,,
831,1912.149658203125,0.0191036406904459,1.91036406904459,6870.898358345032,10000,ppo,ppo,crawler,flat,action_dth_tot_plus_friction_thdot_formula,,,,,,,,,,,,,,,0.004466388224128922,0,781,0.0,0.0,,,,,,,,,,,,,,,,,,,,,,,,,,,,,,,,,,,,,,,,,,,,,,,,,,,,,,,,,,,,,,,,,,,,,,,,,,nan,,,,,,,,,,,,,,,
832,1972.457275390625,0.019703716039657593,1.9703716039657593,6879.233389854431,10000,ppo,ppo,crawler,flat,action_dth_tot_plus_friction_thdot_formula,,,,,,,,,,,,,,,0.0037751412677230426,0,781,0.0,0.0,,,,,,,,,,,,,,,,,,,,,,,,,,,,,,,,,,,,,,,,,,,,,,,,,,,,,,,,,,,,,,,,,,,,,,,,,,nan,,,,,,,,,,,,,,,
833,1934.651611328125,0.01932908594608307,1.9329085946083069,6887.122163772583,10000,ppo,ppo,crawler,flat,action_dth_tot_plus_friction_thdot_formula,,,,,,,,,,,,,,,0.004591225951560624,0,781,0.0,0.0,,,,,,,,,,,,,,,,,,,,,,,,,,,,,,,,,,,,,,,,,,,,,,,,,,,,,,,,,,,,,,,,,,,,,,,,,,nan,,,,,,,,,,,,,,,
834,1917.4813232421875,0.01915874518454075,1.9158745184540749,6895.624087095261,10000,ppo,ppo,crawler,flat,action_dth_tot_plus_friction_thdot_formula,,,,,,,,,,,,,,,0.004995907633781502,0,781,0.0,0.0,,,,,,,,,,,,,,,,,,,,,,,,,,,,,,,,,,,,,,,,,,,,,,,,,,,,,,,,,,,,,,,,,,,,,,,,,,nan,,,,,,,,,,,,,,,
835,1963.3336181640625,0.019611874595284462,1.9611874595284462,6903.941561222076,10000,ppo,ppo,crawler,flat,action_dth_tot_plus_friction_thdot_formula,,,,,,,,,,,,,,,0.004663504831696814,0,781,0.0,0.0,,,,,,,,,,,,,,,,,,,,,,,,,,,,,,,,,,,,,,,,,,,,,,,,,,,,,,,,,,,,,,,,,,,,,,,,,,nan,,,,,,,,,,,,,,,
836,1944.8616943359375,0.019431235268712044,1.9431235268712044,6912.330966472626,10000,ppo,ppo,crawler,flat,action_dth_tot_plus_friction_thdot_formula,,,,,,,,,,,,,,,0.005132581415647586,0,781,0.0,0.0,,,,,,,,,,,,,,,,,,,,,,,,,,,,,,,,,,,,,,,,,,,,,,,,,,,,,,,,,,,,,,,,,,,,,,,,,,nan,,,,,,,,,,,,,,,
837,1944.51171875,0.01942753791809082,1.942753791809082,6920.466777563095,10000,ppo,ppo,crawler,flat,action_dth_tot_plus_friction_thdot_formula,,,,,,,,,,,,,,,0.0050123458514741304,0,781,0.0,0.0,,,,,,,,,,,,,,,,,,,,,,,,,,,,,,,,,,,,,,,,,,,,,,,,,,,,,,,,,,,,,,,,,,,,,,,,,,nan,,,,,,,,,,,,,,,
838,1880.0986328125,0.018778463825583458,1.8778463825583458,6928.705178260803,10000,ppo,ppo,crawler,flat,action_dth_tot_plus_friction_thdot_formula,,,,,,,,,,,,,,,0.0050501907054646715,0,781,0.0,0.0,,,,,,,,,,,,,,,,,,,,,,,,,,,,,,,,,,,,,,,,,,,,,,,,,,,,,,,,,,,,,,,,,,,,,,,,,,nan,,,,,,,,,,,,,,,
839,1827.197265625,0.018251415342092514,1.8251415342092514,6936.707573413849,10000,ppo,ppo,crawler,flat,action_dth_tot_plus_friction_thdot_formula,,,,,,,,,,,,,,,0.004486908098164333,0,781,0.0,0.0,,,,,,,,,,,,,,,,,,,,,,,,,,,,,,,,,,,,,,,,,,,,,,,,,,,,,,,,,,,,,,,,,,,,,,,,,,nan,,,,,,,,,,,,,,,
840,1878.7730712890625,0.018769845366477966,1.8769845366477966,6945.1165561676025,10000,ppo,ppo,crawler,flat,action_dth_tot_plus_friction_thdot_formula,,,,,,,,,,,,,,,0.004384746418294894,0,781,0.0,0.0,,,,,,,,,,,,,,,,,,,,,,,,,,,,,,,,,,,,,,,,,,,,,,,,,,,,,,,,,,,,,,,,,,,,,,,,,,nan,,,,,,,,,,,,,,,
841,1824.9178466796875,0.018229348585009575,1.8229348585009575,6953.362459421158,10000,ppo,ppo,crawler,flat,action_dth_tot_plus_friction_thdot_formula,,,,,,,,,,,,,,,0.0045172879315489994,0,781,0.0,0.0,,,,,,,,,,,,,,,,,,,,,,,,,,,,,,,,,,,,,,,,,,,,,,,,,,,,,,,,,,,,,,,,,,,,,,,,,,nan,,,,,,,,,,,,,,,
842,1911.913330078125,0.019103670492768288,1.9103670492768288,6961.75500702858,10000,ppo,ppo,crawler,flat,action_dth_tot_plus_friction_thdot_formula,,,,,,,,,,,,,,,0.0032026457647472816,0,781,0.0,0.0,,,,,,,,,,,,,,,,,,,,,,,,,,,,,,,,,,,,,,,,,,,,,,,,,,,,,,,,,,,,,,,,,,,,,,,,,,nan,,,,,,,,,,,,,,,
843,1960.6402587890625,0.01958434469997883,1.9584344699978828,6969.955068826675,10000,ppo,ppo,crawler,flat,action_dth_tot_plus_friction_thdot_formula,,,,,,,,,,,,,,,0.004039970360403862,0,781,0.0,0.0,,,,,,,,,,,,,,,,,,,,,,,,,,,,,,,,,,,,,,,,,,,,,,,,,,,,,,,,,,,,,,,,,,,,,,,,,,nan,,,,,,,,,,,,,,,
844,1918.7464599609375,0.019169587641954422,1.9169587641954422,6978.054569005966,10000,ppo,ppo,crawler,flat,action_dth_tot_plus_friction_thdot_formula,,,,,,,,,,,,,,,0.00399628790742664,0,781,0.0,0.0,,,,,,,,,,,,,,,,,,,,,,,,,,,,,,,,,,,,,,,,,,,,,,,,,,,,,,,,,,,,,,,,,,,,,,,,,,nan,,,,,,,,,,,,,,,
845,1831.1917724609375,0.018291838467121124,1.8291838467121124,6986.304212808609,10000,ppo,ppo,crawler,flat,action_dth_tot_plus_friction_thdot_formula,,,,,,,,,,,,,,,0.004203749514347665,0,781,0.0,0.0,,,,,,,,,,,,,,,,,,,,,,,,,,,,,,,,,,,,,,,,,,,,,,,,,,,,,,,,,,,,,,,,,,,,,,,,,,nan,,,,,,,,,,,,,,,
846,1863.2391357421875,0.018614651635289192,1.8614651635289192,6994.626572608948,10000,ppo,ppo,crawler,flat,action_dth_tot_plus_friction_thdot_formula,,,,,,,,,,,,,,,0.004099060379697019,0,781,0.0,0.0,,,,,,,,,,,,,,,,,,,,,,,,,,,,,,,,,,,,,,,,,,,,,,,,,,,,,,,,,,,,,,,,,,,,,,,,,,nan,,,,,,,,,,,,,,,
847,1880.3648681640625,0.018782949075102806,1.8782949075102806,7002.835331201553,10000,ppo,ppo,crawler,flat,action_dth_tot_plus_friction_thdot_formula,,,,,,,,,,,,,,,0.004391020716717419,0,781,0.0,0.0,,,,,,,,,,,,,,,,,,,,,,,,,,,,,,,,,,,,,,,,,,,,,,,,,,,,,,,,,,,,,,,,,,,,,,,,,,nan,,,,,,,,,,,,,,,
848,1847.3441162109375,0.018454769626259804,1.8454769626259804,7011.209025144577,10000,ppo,ppo,crawler,flat,action_dth_tot_plus_friction_thdot_formula,,,,,,,,,,,,,,,0.004561454951602169,0,781,0.0,0.0,,,,,,,,,,,,,,,,,,,,,,,,,,,,,,,,,,,,,,,,,,,,,,,,,,,,,,,,,,,,,,,,,,,,,,,,,,nan,,,,,,,,,,,,,,,
849,1893.468017578125,0.01891447976231575,1.891447976231575,7019.341202497482,10000,ppo,ppo,crawler,flat,action_dth_tot_plus_friction_thdot_formula,,,,,,,,,,,,,,,0.0045810139373349676,0,781,0.0,0.0,,,,,,,,,,,,,,,,,,,,,,,,,,,,,,,,,,,,,,,,,,,,,,,,,,,,,,,,,,,,,,,,,,,,,,,,,,nan,,,,,,,,,,,,,,,
850,1871.934814453125,0.018700111657381058,1.8700111657381058,7027.547743320465,10000,ppo,ppo,crawler,flat,action_dth_tot_plus_friction_thdot_formula,,,,,,,,,,,,,,,0.004410265094067582,0,781,0.0,0.0,,,,,,,,,,,,,,,,,,,,,,,,,,,,,,,,,,,,,,,,,,,,,,,,,,,,,,,,,,,,,,,,,,,,,,,,,,nan,,,,,,,,,,,,,,,
851,1852.856689453125,0.018509849905967712,1.8509849905967712,7035.870204210281,10000,ppo,ppo,crawler,flat,action_dth_tot_plus_friction_thdot_formula,,,,,,,,,,,,,,,0.004282595441554746,0,781,0.0,0.0,,,,,,,,,,,,,,,,,,,,,,,,,,,,,,,,,,,,,,,,,,,,,,,,,,,,,,,,,,,,,,,,,,,,,,,,,,nan,,,,,,,,,,,,,,,
852,1858.5198974609375,0.018567904829978943,1.8567904829978943,7044.414286613464,10000,ppo,ppo,crawler,flat,action_dth_tot_plus_friction_thdot_formula,,,,,,,,,,,,,,,0.0042335800826176885,0,781,0.0,0.0,,,,,,,,,,,,,,,,,,,,,,,,,,,,,,,,,,,,,,,,,,,,,,,,,,,,,,,,,,,,,,,,,,,,,,,,,,nan,,,,,,,,,,,,,,,
853,1812.642822265625,0.018109137192368507,1.8109137192368507,7052.69561958313,10000,ppo,ppo,crawler,flat,action_dth_tot_plus_friction_thdot_formula,,,,,,,,,,,,,,,0.005101870534017088,0,781,0.0,0.0,,,,,,,,,,,,,,,,,,,,,,,,,,,,,,,,,,,,,,,,,,,,,,,,,,,,,,,,,,,,,,,,,,,,,,,,,,nan,,,,,,,,,,,,,,,
854,1891.1988525390625,0.018889490514993668,1.8889490514993668,7061.028329849243,10000,ppo,ppo,crawler,flat,action_dth_tot_plus_friction_thdot_formula,,,,,,,,,,,,,,,0.004656907559273211,0,781,0.0,0.0,,,,,,,,,,,,,,,,,,,,,,,,,,,,,,,,,,,,,,,,,,,,,,,,,,,,,,,,,,,,,,,,,,,,,,,,,,nan,,,,,,,,,,,,,,,
855,1827.9246826171875,0.018256710842251778,1.8256710842251778,7069.555433750153,10000,ppo,ppo,crawler,flat,action_dth_tot_plus_friction_thdot_formula,,,,,,,,,,,,,,,0.004193885884002965,0,781,0.0,0.0,,,,,,,,,,,,,,,,,,,,,,,,,,,,,,,,,,,,,,,,,,,,,,,,,,,,,,,,,,,,,,,,,,,,,,,,,,nan,,,,,,,,,,,,,,,
856,1826.237548828125,0.018240783363580704,1.8240783363580704,7077.940570116043,10000,ppo,ppo,crawler,flat,action_dth_tot_plus_friction_thdot_formula,,,,,,,,,,,,,,,0.0042770603298574504,0,781,0.0,0.0,,,,,,,,,,,,,,,,,,,,,,,,,,,,,,,,,,,,,,,,,,,,,,,,,,,,,,,,,,,,,,,,,,,,,,,,,,nan,,,,,,,,,,,,,,,
857,1870.4632568359375,0.01868450827896595,1.868450827896595,7086.214890003204,10000,ppo,ppo,crawler,flat,action_dth_tot_plus_friction_thdot_formula,,,,,,,,,,,,,,,0.004778448073394661,0,781,0.0,0.0,,,,,,,,,,,,,,,,,,,,,,,,,,,,,,,,,,,,,,,,,,,,,,,,,,,,,,,,,,,,,,,,,,,,,,,,,,nan,,,,,,,,,,,,,,,
858,1803.475830078125,0.01801372319459915,1.8013723194599152,7094.361357450485,10000,ppo,ppo,crawler,flat,action_dth_tot_plus_friction_thdot_formula,,,,,,,,,,,,,,,0.0047762491489494055,0,781,0.0,0.0,,,,,,,,,,,,,,,,,,,,,,,,,,,,,,,,,,,,,,,,,,,,,,,,,,,,,,,,,,,,,,,,,,,,,,,,,,nan,,,,,,,,,,,,,,,
859,1790.15625,0.01788131147623062,1.7881311476230621,7102.555018901825,10000,ppo,ppo,crawler,flat,action_dth_tot_plus_friction_thdot_formula,,,,,,,,,,,,,,,0.0038905009025813377,0,781,0.0,0.0,,,,,,,,,,,,,,,,,,,,,,,,,,,,,,,,,,,,,,,,,,,,,,,,,,,,,,,,,,,,,,,,,,,,,,,,,,nan,,,,,,,,,,,,,,,
860,1854.1246337890625,0.018521614372730255,1.8521614372730255,7110.841611146927,10000,ppo,ppo,crawler,flat,action_dth_tot_plus_friction_thdot_formula,,,,,,,,,,,,,,,0.004172554743078522,0,781,0.0,0.0,,,,,,,,,,,,,,,,,,,,,,,,,,,,,,,,,,,,,,,,,,,,,,,,,,,,,,,,,,,,,,,,,,,,,,,,,,nan,,,,,,,,,,,,,,,
861,1824.4921875,0.01822854019701481,1.8228540197014809,7119.047008037567,10000,ppo,ppo,crawler,flat,action_dth_tot_plus_friction_thdot_formula,,,,,,,,,,,,,,,0.004216455037183296,0,781,0.0,0.0,,,,,,,,,,,,,,,,,,,,,,,,,,,,,,,,,,,,,,,,,,,,,,,,,,,,,,,,,,,,,,,,,,,,,,,,,,nan,,,,,,,,,,,,,,,
862,1770.5855712890625,0.017687225714325905,1.7687225714325905,7127.351643323898,10000,ppo,ppo,crawler,flat,action_dth_tot_plus_friction_thdot_formula,,,,,,,,,,,,,,,0.006189313388175287,0,781,0.0,0.0,,,,,,,,,,,,,,,,,,,,,,,,,,,,,,,,,,,,,,,,,,,,,,,,,,,,,,,,,,,,,,,,,,,,,,,,,,nan,,,,,,,,,,,,,,,
863,1843.2261962890625,0.018412407487630844,1.8412407487630844,7135.6757073402405,10000,ppo,ppo,crawler,flat,action_dth_tot_plus_friction_thdot_formula,,,,,,,,,,,,,,,0.0035488132459917028,0,781,0.0,0.0,,,,,,,,,,,,,,,,,,,,,,,,,,,,,,,,,,,,,,,,,,,,,,,,,,,,,,,,,,,,,,,,,,,,,,,,,,nan,,,,,,,,,,,,,,,
864,1827.888671875,0.018260451033711433,1.8260451033711433,7143.760044574738,10000,ppo,ppo,crawler,flat,action_dth_tot_plus_friction_thdot_formula,,,,,,,,,,,,,,,0.003965978079374698,0,781,0.0,0.0,,,,,,,,,,,,,,,,,,,,,,,,,,,,,,,,,,,,,,,,,,,,,,,,,,,,,,,,,,,,,,,,,,,,,,,,,,nan,,,,,,,,,,,,,,,
865,1893.0755615234375,0.018912991508841515,1.8912991508841515,7152.082901000977,10000,ppo,ppo,crawler,flat,action_dth_tot_plus_friction_thdot_formula,,,,,,,,,,,,,,,0.003975672828352255,0,781,0.0,0.0,,,,,,,,,,,,,,,,,,,,,,,,,,,,,,,,,,,,,,,,,,,,,,,,,,,,,,,,,,,,,,,,,,,,,,,,,,nan,,,,,,,,,,,,,,,
866,1837.6031494140625,0.018354687839746475,1.8354687839746475,7160.437637805939,10000,ppo,ppo,crawler,flat,action_dth_tot_plus_friction_thdot_formula,,,,,,,,,,,,,,,0.004201157977515367,0,781,0.0,0.0,,,,,,,,,,,,,,,,,,,,,,,,,,,,,,,,,,,,,,,,,,,,,,,,,,,,,,,,,,,,,,,,,,,,,,,,,,nan,,,,,,,,,,,,,,,
867,1841.7850341796875,0.018398428335785866,1.8398428335785866,7168.77747964859,10000,ppo,ppo,crawler,flat,action_dth_tot_plus_friction_thdot_formula,,,,,,,,,,,,,,,0.004842014793730216,0,781,0.0,0.0,,,,,,,,,,,,,,,,,,,,,,,,,,,,,,,,,,,,,,,,,,,,,,,,,,,,,,,,,,,,,,,,,,,,,,,,,,nan,,,,,,,,,,,,,,,
868,1787.667236328125,0.01785549893975258,1.7855498939752579,7176.963045597076,10000,ppo,ppo,crawler,flat,action_dth_tot_plus_friction_thdot_formula,,,,,,,,,,,,,,,0.004575128672124577,0,781,0.0,0.0,,,,,,,,,,,,,,,,,,,,,,,,,,,,,,,,,,,,,,,,,,,,,,,,,,,,,,,,,,,,,,,,,,,,,,,,,,nan,,,,,,,,,,,,,,,
869,1864.0638427734375,0.018620628863573074,1.8620628863573074,7185.197084188461,10000,ppo,ppo,crawler,flat,action_dth_tot_plus_friction_thdot_formula,,,,,,,,,,,,,,,0.0031486036398381866,0,781,0.0,0.0,,,,,,,,,,,,,,,,,,,,,,,,,,,,,,,,,,,,,,,,,,,,,,,,,,,,,,,,,,,,,,,,,,,,,,,,,,nan,,,,,,,,,,,,,,,
870,1885.2398681640625,0.018832862377166748,1.8832862377166748,7193.258399486542,10000,ppo,ppo,crawler,flat,action_dth_tot_plus_friction_thdot_formula,,,,,,,,,,,,,,,0.004474746320590737,0,781,0.0,0.0,,,,,,,,,,,,,,,,,,,,,,,,,,,,,,,,,,,,,,,,,,,,,,,,,,,,,,,,,,,,,,,,,,,,,,,,,,nan,,,,,,,,,,,,,,,
871,1838.5250244140625,0.01836930587887764,1.836930587887764,7201.838431835175,10000,ppo,ppo,crawler,flat,action_dth_tot_plus_friction_thdot_formula,,,,,,,,,,,,,,,0.003920389328707336,0,781,0.0,0.0,,,,,,,,,,,,,,,,,,,,,,,,,,,,,,,,,,,,,,,,,,,,,,,,,,,,,,,,,,,,,,,,,,,,,,,,,,nan,,,,,,,,,,,,,,,
872,1780.987548828125,0.017790060490369797,1.7790060490369797,7210.078561306,10000,ppo,ppo,crawler,flat,action_dth_tot_plus_friction_thdot_formula,,,,,,,,,,,,,,,0.0056683926088270395,0,781,0.0,0.0,,,,,,,,,,,,,,,,,,,,,,,,,,,,,,,,,,,,,,,,,,,,,,,,,,,,,,,,,,,,,,,,,,,,,,,,,,nan,,,,,,,,,,,,,,,
873,1775.962890625,0.01773987151682377,1.7739871516823769,7218.589682340622,10000,ppo,ppo,crawler,flat,action_dth_tot_plus_friction_thdot_formula,,,,,,,,,,,,,,,0.004822101537987861,0,781,0.0,0.0,,,,,,,,,,,,,,,,,,,,,,,,,,,,,,,,,,,,,,,,,,,,,,,,,,,,,,,,,,,,,,,,,,,,,,,,,,nan,,,,,,,,,,,,,,,
874,1809.5,0.018074600026011467,1.8074600026011467,7226.503307342529,10000,ppo,ppo,crawler,flat,action_dth_tot_plus_friction_thdot_formula,,,,,,,,,,,,,,,0.004287347867144344,0,781,0.0,0.0,,,,,,,,,,,,,,,,,,,,,,,,,,,,,,,,,,,,,,,,,,,,,,,,,,,,,,,,,,,,,,,,,,,,,,,,,,nan,,,,,,,,,,,,,,,
875,1842.1663818359375,0.018402213230729103,1.8402213230729103,7234.957407951355,10000,ppo,ppo,crawler,flat,action_dth_tot_plus_friction_thdot_formula,,,,,,,,,,,,,,,0.0047268195495292036,0,781,0.0,0.0,,,,,,,,,,,,,,,,,,,,,,,,,,,,,,,,,,,,,,,,,,,,,,,,,,,,,,,,,,,,,,,,,,,,,,,,,,nan,,,,,,,,,,,,,,,
876,1806.9267578125,0.018050603568553925,1.8050603568553925,7243.258355140686,10000,ppo,ppo,crawler,flat,action_dth_tot_plus_friction_thdot_formula,,,,,,,,,,,,,,,0.004549731484385655,0,781,0.0,0.0,,,,,,,,,,,,,,,,,,,,,,,,,,,,,,,,,,,,,,,,,,,,,,,,,,,,,,,,,,,,,,,,,,,,,,,,,,nan,,,,,,,,,,,,,,,
877,1880.390625,0.01878509111702442,1.8785091117024422,7251.459722280502,10000,ppo,ppo,crawler,flat,action_dth_tot_plus_friction_thdot_formula,,,,,,,,,,,,,,,0.004697078631081226,0,781,0.0,0.0,,,,,,,,,,,,,,,,,,,,,,,,,,,,,,,,,,,,,,,,,,,,,,,,,,,,,,,,,,,,,,,,,,,,,,,,,,nan,,,,,,,,,,,,,,,
878,1785.337158203125,0.017834501340985298,1.7834501340985298,7259.633269786835,10000,ppo,ppo,crawler,flat,action_dth_tot_plus_friction_thdot_formula,,,,,,,,,,,,,,,0.00420495957932429,0,781,0.0,0.0,,,,,,,,,,,,,,,,,,,,,,,,,,,,,,,,,,,,,,,,,,,,,,,,,,,,,,,,,,,,,,,,,,,,,,,,,,nan,,,,,,,,,,,,,,,
879,1788.329345703125,0.017864666879177094,1.7864666879177094,7267.948250293732,10000,ppo,ppo,crawler,flat,action_dth_tot_plus_friction_thdot_formula,,,,,,,,,,,,,,,0.004699893516633557,0,781,0.0,0.0,,,,,,,,,,,,,,,,,,,,,,,,,,,,,,,,,,,,,,,,,,,,,,,,,,,,,,,,,,,,,,,,,,,,,,,,,,nan,,,,,,,,,,,,,,,
880,1923.283447265625,0.019210878759622574,1.9210878759622574,7276.139375448227,10000,ppo,ppo,crawler,flat,action_dth_tot_plus_friction_thdot_formula,,,,,,,,,,,,,,,0.0038236604536026142,0,781,0.0,0.0,,,,,,,,,,,,,,,,,,,,,,,,,,,,,,,,,,,,,,,,,,,,,,,,,,,,,,,,,,,,,,,,,,,,,,,,,,nan,,,,,,,,,,,,,,,
881,1802.1197509765625,0.01799905113875866,1.799905113875866,7284.185617685318,10000,ppo,ppo,crawler,flat,action_dth_tot_plus_friction_thdot_formula,,,,,,,,,,,,,,,0.004360612832569063,0,781,0.0,0.0,,,,,,,,,,,,,,,,,,,,,,,,,,,,,,,,,,,,,,,,,,,,,,,,,,,,,,,,,,,,,,,,,,,,,,,,,,nan,,,,,,,,,,,,,,,
882,1748.541015625,0.01746574230492115,1.746574230492115,7292.622824192047,10000,ppo,ppo,crawler,flat,action_dth_tot_plus_friction_thdot_formula,,,,,,,,,,,,,,,0.0038779207172734416,0,781,0.0,0.0,,,,,,,,,,,,,,,,,,,,,,,,,,,,,,,,,,,,,,,,,,,,,,,,,,,,,,,,,,,,,,,,,,,,,,,,,,nan,,,,,,,,,,,,,,,
883,1815.5418701171875,0.018136031925678253,1.8136031925678253,7301.141016960144,10000,ppo,ppo,crawler,flat,action_dth_tot_plus_friction_thdot_formula,,,,,,,,,,,,,,,0.004107204238055679,0,781,0.0,0.0,,,,,,,,,,,,,,,,,,,,,,,,,,,,,,,,,,,,,,,,,,,,,,,,,,,,,,,,,,,,,,,,,,,,,,,,,,nan,,,,,,,,,,,,,,,
884,1806.594970703125,0.018049022182822227,1.8049022182822227,7309.353591680527,10000,ppo,ppo,crawler,flat,action_dth_tot_plus_friction_thdot_formula,,,,,,,,,,,,,,,0.004192412356880617,0,781,0.0,0.0,,,,,,,,,,,,,,,,,,,,,,,,,,,,,,,,,,,,,,,,,,,,,,,,,,,,,,,,,,,,,,,,,,,,,,,,,,nan,,,,,,,,,,,,,,,
885,1757.723876953125,0.017557986080646515,1.7557986080646515,7317.632759332657,10000,ppo,ppo,crawler,flat,action_dth_tot_plus_friction_thdot_formula,,,,,,,,,,,,,,,0.0040021180543421304,0,781,0.0,0.0,,,,,,,,,,,,,,,,,,,,,,,,,,,,,,,,,,,,,,,,,,,,,,,,,,,,,,,,,,,,,,,,,,,,,,,,,,nan,,,,,,,,,,,,,,,
886,1818.2685546875,0.018161911517381668,1.8161911517381668,7326.020971775055,10000,ppo,ppo,crawler,flat,action_dth_tot_plus_friction_thdot_formula,,,,,,,,,,,,,,,0.0044585016056586406,0,781,0.0,0.0,,,,,,,,,,,,,,,,,,,,,,,,,,,,,,,,,,,,,,,,,,,,,,,,,,,,,,,,,,,,,,,,,,,,,,,,,,nan,,,,,,,,,,,,,,,
887,1781.333251953125,0.01779230497777462,1.779230497777462,7334.10218167305,10000,ppo,ppo,crawler,flat,action_dth_tot_plus_friction_thdot_formula,,,,,,,,,,,,,,,0.003939024852247427,0,781,0.0,0.0,,,,,,,,,,,,,,,,,,,,,,,,,,,,,,,,,,,,,,,,,,,,,,,,,,,,,,,,,,,,,,,,,,,,,,,,,,nan,,,,,,,,,,,,,,,
888,1769.443603515625,0.017672112211585045,1.7672112211585045,7342.469731330872,10000,ppo,ppo,crawler,flat,action_dth_tot_plus_friction_thdot_formula,,,,,,,,,,,,,,,0.004262033725899994,0,781,0.0,0.0,,,,,,,,,,,,,,,,,,,,,,,,,,,,,,,,,,,,,,,,,,,,,,,,,,,,,,,,,,,,,,,,,,,,,,,,,,nan,,,,,,,,,,,,,,,
889,1802.8541259765625,0.018009642139077187,1.8009642139077187,7350.976549863815,10000,ppo,ppo,crawler,flat,action_dth_tot_plus_friction_thdot_formula,,,,,,,,,,,,,,,0.004349406269467203,0,781,0.0,0.0,,,,,,,,,,,,,,,,,,,,,,,,,,,,,,,,,,,,,,,,,,,,,,,,,,,,,,,,,,,,,,,,,,,,,,,,,,nan,,,,,,,,,,,,,,,
890,1696.5791015625,0.016950396820902824,1.6950396820902824,7359.664936065674,10000,ppo,ppo,crawler,flat,action_dth_tot_plus_friction_thdot_formula,,,,,,,,,,,,,,,0.0044286470707009876,0,781,0.0,0.0,,,,,,,,,,,,,,,,,,,,,,,,,,,,,,,,,,,,,,,,,,,,,,,,,,,,,,,,,,,,,,,,,,,,,,,,,,nan,,,,,,,,,,,,,,,
891,1731.1507568359375,0.017289331182837486,1.7289331182837486,7367.717210054398,10000,ppo,ppo,crawler,flat,action_dth_tot_plus_friction_thdot_formula,,,,,,,,,,,,,,,0.004039996517965243,0,781,0.0,0.0,,,,,,,,,,,,,,,,,,,,,,,,,,,,,,,,,,,,,,,,,,,,,,,,,,,,,,,,,,,,,,,,,,,,,,,,,,nan,,,,,,,,,,,,,,,
892,1749.6160888671875,0.01747816801071167,1.747816801071167,7375.979110956192,10000,ppo,ppo,crawler,flat,action_dth_tot_plus_friction_thdot_formula,,,,,,,,,,,,,,,0.004462238583287759,0,781,0.0,0.0,,,,,,,,,,,,,,,,,,,,,,,,,,,,,,,,,,,,,,,,,,,,,,,,,,,,,,,,,,,,,,,,,,,,,,,,,,nan,,,,,,,,,,,,,,,
893,1827.718994140625,0.0182585958391428,1.82585958391428,7384.435488700867,10000,ppo,ppo,crawler,flat,action_dth_tot_plus_friction_thdot_formula,,,,,,,,,,,,,,,0.0037848300703893036,0,781,0.0,0.0,,,,,,,,,,,,,,,,,,,,,,,,,,,,,,,,,,,,,,,,,,,,,,,,,,,,,,,,,,,,,,,,,,,,,,,,,,nan,,,,,,,,,,,,,,,
894,1800.185791015625,0.017983825877308846,1.7983825877308846,7392.9237196445465,10000,ppo,ppo,crawler,flat,action_dth_tot_plus_friction_thdot_formula,,,,,,,,,,,,,,,0.004006462021459254,0,781,0.0,0.0,,,,,,,,,,,,,,,,,,,,,,,,,,,,,,,,,,,,,,,,,,,,,,,,,,,,,,,,,,,,,,,,,,,,,,,,,,nan,,,,,,,,,,,,,,,
895,1660.0897216796875,0.016583479940891266,1.6583479940891266,7400.893283605576,10000,ppo,ppo,crawler,flat,action_dth_tot_plus_friction_thdot_formula,,,,,,,,,,,,,,,0.004338614950502093,0,781,0.0,0.0,,,,,,,,,,,,,,,,,,,,,,,,,,,,,,,,,,,,,,,,,,,,,,,,,,,,,,,,,,,,,,,,,,,,,,,,,,nan,,,,,,,,,,,,,,,
896,1775.7572021484375,0.017737746238708496,1.7737746238708496,7409.247871398926,10000,ppo,ppo,crawler,flat,action_dth_tot_plus_friction_thdot_formula,,,,,,,,,,,,,,,0.004735845494159782,0,781,0.0,0.0,,,,,,,,,,,,,,,,,,,,,,,,,,,,,,,,,,,,,,,,,,,,,,,,,,,,,,,,,,,,,,,,,,,,,,,,,,nan,,,,,,,,,,,,,,,
897,1705.765625,0.0170405525714159,1.7040552571415901,7417.807710886002,10000,ppo,ppo,crawler,flat,action_dth_tot_plus_friction_thdot_formula,,,,,,,,,,,,,,,0.003726150343184468,0,781,0.0,0.0,,,,,,,,,,,,,,,,,,,,,,,,,,,,,,,,,,,,,,,,,,,,,,,,,,,,,,,,,,,,,,,,,,,,,,,,,,nan,,,,,,,,,,,,,,,
898,1679.566650390625,0.016777338460087776,1.6777338460087776,7426.043683052063,10000,ppo,ppo,crawler,flat,action_dth_tot_plus_friction_thdot_formula,,,,,,,,,,,,,,,0.004141308967141546,0,781,0.0,0.0,,,,,,,,,,,,,,,,,,,,,,,,,,,,,,,,,,,,,,,,,,,,,,,,,,,,,,,,,,,,,,,,,,,,,,,,,,nan,,,,,,,,,,,,,,,
899,1731.7542724609375,0.01729741133749485,1.729741133749485,7434.392271518707,10000,ppo,ppo,crawler,flat,action_dth_tot_plus_friction_thdot_formula,,,,,,,,,,,,,,,0.00481947911513472,0,781,0.0,0.0,,,,,,,,,,,,,,,,,,,,,,,,,,,,,,,,,,,,,,,,,,,,,,,,,,,,,,,,,,,,,,,,,,,,,,,,,,nan,,,,,,,,,,,,,,,
900,1738.145751953125,0.017363566905260086,1.7363566905260086,7442.532455444336,10000,ppo,ppo,crawler,flat,action_dth_tot_plus_friction_thdot_formula,,,,,,,,,,,,,,,0.003931773486773742,0,781,0.0,0.0,,,,,,,,,,,,,,,,,,,,,,,,,,,,,,,,,,,,,,,,,,,,,,,,,,,,,,,,,,,,,,,,,,,,,,,,,,nan,,,,,,,,,,,,,,,
901,1736.4500732421875,0.017344526946544647,1.7344526946544647,7451.267513036728,10000,ppo,ppo,crawler,flat,action_dth_tot_plus_friction_thdot_formula,,,,,,,,,,,,,,,0.0038497594967958483,0,781,0.0,0.0,,,,,,,,,,,,,,,,,,,,,,,,,,,,,,,,,,,,,,,,,,,,,,,,,,,,,,,,,,,,,,,,,,,,,,,,,,nan,,,,,,,,,,,,,,,
902,1732.7171630859375,0.01730719394981861,1.7307193949818611,7459.745712518692,10000,ppo,ppo,crawler,flat,action_dth_tot_plus_friction_thdot_formula,,,,,,,,,,,,,,,0.004886862371568825,0,781,0.0,0.0,,,,,,,,,,,,,,,,,,,,,,,,,,,,,,,,,,,,,,,,,,,,,,,,,,,,,,,,,,,,,,,,,,,,,,,,,,nan,,,,,,,,,,,,,,,
903,1818.3961181640625,0.018164172768592834,1.8164172768592834,7468.166591882706,10000,ppo,ppo,crawler,flat,action_dth_tot_plus_friction_thdot_formula,,,,,,,,,,,,,,,0.0031775394685267713,0,781,0.0,0.0,,,,,,,,,,,,,,,,,,,,,,,,,,,,,,,,,,,,,,,,,,,,,,,,,,,,,,,,,,,,,,,,,,,,,,,,,,nan,,,,,,,,,,,,,,,
904,1723.9127197265625,0.01722181960940361,1.722181960940361,7476.25493478775,10000,ppo,ppo,crawler,flat,action_dth_tot_plus_friction_thdot_formula,,,,,,,,,,,,,,,0.00399792321133946,0,781,0.0,0.0,,,,,,,,,,,,,,,,,,,,,,,,,,,,,,,,,,,,,,,,,,,,,,,,,,,,,,,,,,,,,,,,,,,,,,,,,,nan,,,,,,,,,,,,,,,
905,1738.087890625,0.017364049330353737,1.7364049330353737,7484.260190486908,10000,ppo,ppo,crawler,flat,action_dth_tot_plus_friction_thdot_formula,,,,,,,,,,,,,,,0.0035712233008655856,0,781,0.0,0.0,,,,,,,,,,,,,,,,,,,,,,,,,,,,,,,,,,,,,,,,,,,,,,,,,,,,,,,,,,,,,,,,,,,,,,,,,,nan,,,,,,,,,,,,,,,
906,1753.69921875,0.01751813292503357,1.751813292503357,7492.744877338409,10000,ppo,ppo,crawler,flat,action_dth_tot_plus_friction_thdot_formula,,,,,,,,,,,,,,,0.0039837344013504495,0,781,0.0,0.0,,,,,,,,,,,,,,,,,,,,,,,,,,,,,,,,,,,,,,,,,,,,,,,,,,,,,,,,,,,,,,,,,,,,,,,,,,nan,,,,,,,,,,,,,,,
907,1884.1995849609375,0.018820593133568764,1.8820593133568764,7501.378827571869,10000,ppo,ppo,crawler,flat,action_dth_tot_plus_friction_thdot_formula,,,,,,,,,,,,,,,0.0043971023096604014,0,781,0.0,0.0,,,,,,,,,,,,,,,,,,,,,,,,,,,,,,,,,,,,,,,,,,,,,,,,,,,,,,,,,,,,,,,,,,,,,,,,,,nan,,,,,,,,,,,,,,,
908,1744.9354248046875,0.017431659623980522,1.7431659623980522,7509.7258422374725,10000,ppo,ppo,crawler,flat,action_dth_tot_plus_friction_thdot_formula,,,,,,,,,,,,,,,0.004397852633724695,0,781,0.0,0.0,,,,,,,,,,,,,,,,,,,,,,,,,,,,,,,,,,,,,,,,,,,,,,,,,,,,,,,,,,,,,,,,,,,,,,,,,,nan,,,,,,,,,,,,,,,
909,1720.9215087890625,0.017187252640724182,1.7187252640724182,7518.251346111298,10000,ppo,ppo,crawler,flat,action_dth_tot_plus_friction_thdot_formula,,,,,,,,,,,,,,,0.00369223619708535,0,781,0.0,0.0,,,,,,,,,,,,,,,,,,,,,,,,,,,,,,,,,,,,,,,,,,,,,,,,,,,,,,,,,,,,,,,,,,,,,,,,,,nan,,,,,,,,,,,,,,,
910,1778.4617919921875,0.01776553876698017,1.7765538766980171,7526.583144187927,10000,ppo,ppo,crawler,flat,action_dth_tot_plus_friction_thdot_formula,,,,,,,,,,,,,,,0.004013236268388022,0,781,0.0,0.0,,,,,,,,,,,,,,,,,,,,,,,,,,,,,,,,,,,,,,,,,,,,,,,,,,,,,,,,,,,,,,,,,,,,,,,,,,nan,,,,,,,,,,,,,,,
911,1772.2652587890625,0.0176988672465086,1.7698867246508598,7535.020122289658,10000,ppo,ppo,crawler,flat,action_dth_tot_plus_friction_thdot_formula,,,,,,,,,,,,,,,0.0036711574661549627,0,781,0.0,0.0,,,,,,,,,,,,,,,,,,,,,,,,,,,,,,,,,,,,,,,,,,,,,,,,,,,,,,,,,,,,,,,,,,,,,,,,,,nan,,,,,,,,,,,,,,,
912,1654.5023193359375,0.016527902334928513,1.6527902334928513,7543.328019857407,10000,ppo,ppo,crawler,flat,action_dth_tot_plus_friction_thdot_formula,,,,,,,,,,,,,,,0.004466857976796196,0,781,0.0,0.0,,,,,,,,,,,,,,,,,,,,,,,,,,,,,,,,,,,,,,,,,,,,,,,,,,,,,,,,,,,,,,,,,,,,,,,,,,nan,,,,,,,,,,,,,,,
913,1731.9012451171875,0.017303330823779106,1.7303330823779106,7551.539530038834,10000,ppo,ppo,crawler,flat,action_dth_tot_plus_friction_thdot_formula,,,,,,,,,,,,,,,0.004167977119044719,0,781,0.0,0.0,,,,,,,,,,,,,,,,,,,,,,,,,,,,,,,,,,,,,,,,,,,,,,,,,,,,,,,,,,,,,,,,,,,,,,,,,,nan,,,,,,,,,,,,,,,
914,1707.993408203125,0.01706204190850258,1.7062041908502579,7559.871870040894,10000,ppo,ppo,crawler,flat,action_dth_tot_plus_friction_thdot_formula,,,,,,,,,,,,,,,0.004080571955636027,0,781,0.0,0.0,,,,,,,,,,,,,,,,,,,,,,,,,,,,,,,,,,,,,,,,,,,,,,,,,,,,,,,,,,,,,,,,,,,,,,,,,,nan,,,,,,,,,,,,,,,
915,1709.770751953125,0.017077093943953514,1.7077093943953514,7568.3288288116455,10000,ppo,ppo,crawler,flat,action_dth_tot_plus_friction_thdot_formula,,,,,,,,,,,,,,,0.003221913724547436,0,781,0.0,0.0,,,,,,,,,,,,,,,,,,,,,,,,,,,,,,,,,,,,,,,,,,,,,,,,,,,,,,,,,,,,,,,,,,,,,,,,,,nan,,,,,,,,,,,,,,,
916,1744.1116943359375,0.017420433461666107,1.7420433461666107,7576.40384554863,10000,ppo,ppo,crawler,flat,action_dth_tot_plus_friction_thdot_formula,,,,,,,,,,,,,,,0.004536859985125262,0,781,0.0,0.0,,,,,,,,,,,,,,,,,,,,,,,,,,,,,,,,,,,,,,,,,,,,,,,,,,,,,,,,,,,,,,,,,,,,,,,,,,nan,,,,,,,,,,,,,,,
917,1703.6732177734375,0.017019785940647125,1.7019785940647125,7584.551878452301,10000,ppo,ppo,crawler,flat,action_dth_tot_plus_friction_thdot_formula,,,,,,,,,,,,,,,0.004111962921378738,0,781,0.0,0.0,,,,,,,,,,,,,,,,,,,,,,,,,,,,,,,,,,,,,,,,,,,,,,,,,,,,,,,,,,,,,,,,,,,,,,,,,,nan,,,,,,,,,,,,,,,
918,1762.4227294921875,0.017607836052775383,1.7607836052775383,7592.9628529548645,10000,ppo,ppo,crawler,flat,action_dth_tot_plus_friction_thdot_formula,,,,,,,,,,,,,,,0.004076286864077324,0,781,0.0,0.0,,,,,,,,,,,,,,,,,,,,,,,,,,,,,,,,,,,,,,,,,,,,,,,,,,,,,,,,,,,,,,,,,,,,,,,,,,nan,,,,,,,,,,,,,,,
919,1724.373046875,0.017226161435246468,1.7226161435246468,7601.4345190525055,10000,ppo,ppo,crawler,flat,action_dth_tot_plus_friction_thdot_formula,,,,,,,,,,,,,,,0.004183346076763238,0,781,0.0,0.0,,,,,,,,,,,,,,,,,,,,,,,,,,,,,,,,,,,,,,,,,,,,,,,,,,,,,,,,,,,,,,,,,,,,,,,,,,nan,,,,,,,,,,,,,,,
920,1824.833251953125,0.018229659646749496,1.8229659646749496,7610.078612565994,10000,ppo,ppo,crawler,flat,action_dth_tot_plus_friction_thdot_formula,,,,,,,,,,,,,,,0.004022440946125515,0,781,0.0,0.0,,,,,,,,,,,,,,,,,,,,,,,,,,,,,,,,,,,,,,,,,,,,,,,,,,,,,,,,,,,,,,,,,,,,,,,,,,nan,,,,,,,,,,,,,,,
921,1827.286376953125,0.01825346238911152,1.8253462389111519,7618.523325681686,10000,ppo,ppo,crawler,flat,action_dth_tot_plus_friction_thdot_formula,,,,,,,,,,,,,,,0.0042510653901341395,0,781,0.0,0.0,,,,,,,,,,,,,,,,,,,,,,,,,,,,,,,,,,,,,,,,,,,,,,,,,,,,,,,,,,,,,,,,,,,,,,,,,,nan,,,,,,,,,,,,,,,
922,1820.9632568359375,0.018193384632468224,1.8193384632468224,7627.220708608627,10000,ppo,ppo,crawler,flat,action_dth_tot_plus_friction_thdot_formula,,,,,,,,,,,,,,,0.0038041499046183687,0,781,0.0,0.0,,,,,,,,,,,,,,,,,,,,,,,,,,,,,,,,,,,,,,,,,,,,,,,,,,,,,,,,,,,,,,,,,,,,,,,,,,nan,,,,,,,,,,,,,,,
923,1816.2496337890625,0.018141891807317734,1.8141891807317734,7635.7141444683075,10000,ppo,ppo,crawler,flat,action_dth_tot_plus_friction_thdot_formula,,,,,,,,,,,,,,,0.004087096259353274,0,781,0.0,0.0,,,,,,,,,,,,,,,,,,,,,,,,,,,,,,,,,,,,,,,,,,,,,,,,,,,,,,,,,,,,,,,,,,,,,,,,,,nan,,,,,,,,,,,,,,,
924,1857.6109619140625,0.01855584792792797,1.855584792792797,7644.014654636383,10000,ppo,ppo,crawler,flat,action_dth_tot_plus_friction_thdot_formula,,,,,,,,,,,,,,,0.003629189567044485,0,781,0.0,0.0,,,,,,,,,,,,,,,,,,,,,,,,,,,,,,,,,,,,,,,,,,,,,,,,,,,,,,,,,,,,,,,,,,,,,,,,,,nan,,,,,,,,,,,,,,,
925,1889.5032958984375,0.01887863129377365,1.8878631293773651,7652.301710128784,10000,ppo,ppo,crawler,flat,action_dth_tot_plus_friction_thdot_formula,,,,,,,,,,,,,,,0.004311004252342636,0,781,0.0,0.0,,,,,,,,,,,,,,,,,,,,,,,,,,,,,,,,,,,,,,,,,,,,,,,,,,,,,,,,,,,,,,,,,,,,,,,,,,nan,,,,,,,,,,,,,,,
926,1715.5477294921875,0.01713501289486885,1.713501289486885,7660.720626115799,10000,ppo,ppo,crawler,flat,action_dth_tot_plus_friction_thdot_formula,,,,,,,,,,,,,,,0.003724664854052418,0,781,0.0,0.0,,,,,,,,,,,,,,,,,,,,,,,,,,,,,,,,,,,,,,,,,,,,,,,,,,,,,,,,,,,,,,,,,,,,,,,,,,nan,,,,,,,,,,,,,,,
927,1768.9931640625,0.017675209790468216,1.7675209790468216,7668.600881814957,10000,ppo,ppo,crawler,flat,action_dth_tot_plus_friction_thdot_formula,,,,,,,,,,,,,,,0.0032037032466136137,0,781,0.0,0.0,,,,,,,,,,,,,,,,,,,,,,,,,,,,,,,,,,,,,,,,,,,,,,,,,,,,,,,,,,,,,,,,,,,,,,,,,,nan,,,,,,,,,,,,,,,
928,1828.197265625,0.018262721598148346,1.8262721598148346,7676.859743356705,10000,ppo,ppo,crawler,flat,action_dth_tot_plus_friction_thdot_formula,,,,,,,,,,,,,,,0.0044132108491113245,0,781,0.0,0.0,,,,,,,,,,,,,,,,,,,,,,,,,,,,,,,,,,,,,,,,,,,,,,,,,,,,,,,,,,,,,,,,,,,,,,,,,,nan,,,,,,,,,,,,,,,
929,1821.3052978515625,0.018195871263742447,1.8195871263742447,7684.967426538467,10000,ppo,ppo,crawler,flat,action_dth_tot_plus_friction_thdot_formula,,,,,,,,,,,,,,,0.0036748359758283456,0,781,0.0,0.0,,,,,,,,,,,,,,,,,,,,,,,,,,,,,,,,,,,,,,,,,,,,,,,,,,,,,,,,,,,,,,,,,,,,,,,,,,nan,,,,,,,,,,,,,,,
930,1781.5218505859375,0.0177950207144022,1.7795020714402199,7693.4444987773895,10000,ppo,ppo,crawler,flat,action_dth_tot_plus_friction_thdot_formula,,,,,,,,,,,,,,,0.0045535407292107465,0,781,0.0,0.0,,,,,,,,,,,,,,,,,,,,,,,,,,,,,,,,,,,,,,,,,,,,,,,,,,,,,,,,,,,,,,,,,,,,,,,,,,nan,,,,,,,,,,,,,,,
931,1787.087158203125,0.01785055734217167,1.785055734217167,7701.771430492401,10000,ppo,ppo,crawler,flat,action_dth_tot_plus_friction_thdot_formula,,,,,,,,,,,,,,,0.004132400044168807,0,781,0.0,0.0,,,,,,,,,,,,,,,,,,,,,,,,,,,,,,,,,,,,,,,,,,,,,,,,,,,,,,,,,,,,,,,,,,,,,,,,,,nan,,,,,,,,,,,,,,,
932,1795.1175537109375,0.017935018986463547,1.7935018986463547,7709.971013069153,10000,ppo,ppo,crawler,flat,action_dth_tot_plus_friction_thdot_formula,,,,,,,,,,,,,,,0.004208542288466751,0,781,0.0,0.0,,,,,,,,,,,,,,,,,,,,,,,,,,,,,,,,,,,,,,,,,,,,,,,,,,,,,,,,,,,,,,,,,,,,,,,,,,nan,,,,,,,,,,,,,,,
933,1846.7332763671875,0.018451329320669174,1.8451329320669174,7718.158904314041,10000,ppo,ppo,crawler,flat,action_dth_tot_plus_friction_thdot_formula,,,,,,,,,,,,,,,0.003943998547701377,0,781,0.0,0.0,,,,,,,,,,,,,,,,,,,,,,,,,,,,,,,,,,,,,,,,,,,,,,,,,,,,,,,,,,,,,,,,,,,,,,,,,,nan,,,,,,,,,,,,,,,
934,1960.6341552734375,0.019588634371757507,1.9588634371757507,7726.464707374573,10000,ppo,ppo,crawler,flat,action_dth_tot_plus_friction_thdot_formula,,,,,,,,,,,,,,,0.0034679441008342387,0,781,0.0,0.0,,,,,,,,,,,,,,,,,,,,,,,,,,,,,,,,,,,,,,,,,,,,,,,,,,,,,,,,,,,,,,,,,,,,,,,,,,nan,,,,,,,,,,,,,,,
935,1867.846923828125,0.018658583983778954,1.8658583983778954,7734.783234596252,10000,ppo,ppo,crawler,flat,action_dth_tot_plus_friction_thdot_formula,,,,,,,,,,,,,,,0.00471351913933102,0,781,0.0,0.0,,,,,,,,,,,,,,,,,,,,,,,,,,,,,,,,,,,,,,,,,,,,,,,,,,,,,,,,,,,,,,,,,,,,,,,,,,nan,,,,,,,,,,,,,,,
936,1827.3739013671875,0.01825522445142269,1.8255224451422691,7743.078978776932,10000,ppo,ppo,crawler,flat,action_dth_tot_plus_friction_thdot_formula,,,,,,,,,,,,,,,0.004305532611068815,0,781,0.0,0.0,,,,,,,,,,,,,,,,,,,,,,,,,,,,,,,,,,,,,,,,,,,,,,,,,,,,,,,,,,,,,,,,,,,,,,,,,,nan,,,,,,,,,,,,,,,
937,1835.0262451171875,0.01833110861480236,1.833110861480236,7751.700417757034,10000,ppo,ppo,crawler,flat,action_dth_tot_plus_friction_thdot_formula,,,,,,,,,,,,,,,0.003732543799992789,0,781,0.0,0.0,,,,,,,,,,,,,,,,,,,,,,,,,,,,,,,,,,,,,,,,,,,,,,,,,,,,,,,,,,,,,,,,,,,,,,,,,,nan,,,,,,,,,,,,,,,
938,1810.3426513671875,0.018079819157719612,1.8079819157719612,7760.520859003067,10000,ppo,ppo,crawler,flat,action_dth_tot_plus_friction_thdot_formula,,,,,,,,,,,,,,,0.0042171243200479274,0,781,0.0,0.0,,,,,,,,,,,,,,,,,,,,,,,,,,,,,,,,,,,,,,,,,,,,,,,,,,,,,,,,,,,,,,,,,,,,,,,,,,nan,,,,,,,,,,,,,,,
939,1900.340087890625,0.018980661407113075,1.8980661407113075,7768.724406719208,10000,ppo,ppo,crawler,flat,action_dth_tot_plus_friction_thdot_formula,,,,,,,,,,,,,,,0.004149998728097649,0,781,0.0,0.0,,,,,,,,,,,,,,,,,,,,,,,,,,,,,,,,,,,,,,,,,,,,,,,,,,,,,,,,,,,,,,,,,,,,,,,,,,nan,,,,,,,,,,,,,,,
940,1914.91796875,0.019124116748571396,1.9124116748571396,7776.699695825577,10000,ppo,ppo,crawler,flat,action_dth_tot_plus_friction_thdot_formula,,,,,,,,,,,,,,,0.003918634055041626,0,781,0.0,0.0,,,,,,,,,,,,,,,,,,,,,,,,,,,,,,,,,,,,,,,,,,,,,,,,,,,,,,,,,,,,,,,,,,,,,,,,,,nan,,,,,,,,,,,,,,,
941,2011.6541748046875,0.02009744755923748,2.009744755923748,7785.271453380585,10000,ppo,ppo,crawler,flat,action_dth_tot_plus_friction_thdot_formula,,,,,,,,,,,,,,,0.003575661583174862,0,781,0.0,0.0,,,,,,,,,,,,,,,,,,,,,,,,,,,,,,,,,,,,,,,,,,,,,,,,,,,,,,,,,,,,,,,,,,,,,,,,,,nan,,,,,,,,,,,,,,,
942,2003.549072265625,0.020010903477668762,2.001090347766876,7793.550010442734,10000,ppo,ppo,crawler,flat,action_dth_tot_plus_friction_thdot_formula,,,,,,,,,,,,,,,0.0038297376688599598,0,781,0.0,0.0,,,,,,,,,,,,,,,,,,,,,,,,,,,,,,,,,,,,,,,,,,,,,,,,,,,,,,,,,,,,,,,,,,,,,,,,,,nan,,,,,,,,,,,,,,,
943,1830.056640625,0.018279457464814186,1.8279457464814186,7801.955694913864,10000,ppo,ppo,crawler,flat,action_dth_tot_plus_friction_thdot_formula,,,,,,,,,,,,,,,0.0040857996781912325,0,781,0.0,0.0,,,,,,,,,,,,,,,,,,,,,,,,,,,,,,,,,,,,,,,,,,,,,,,,,,,,,,,,,,,,,,,,,,,,,,,,,,nan,,,,,,,,,,,,,,,
944,2063.436767578125,0.020611371845006943,2.0611371845006943,7810.070296049118,10000,ppo,ppo,crawler,flat,action_dth_tot_plus_friction_thdot_formula,,,,,,,,,,,,,,,0.003953385011764916,0,781,0.0,0.0,,,,,,,,,,,,,,,,,,,,,,,,,,,,,,,,,,,,,,,,,,,,,,,,,,,,,,,,,,,,,,,,,,,,,,,,,,nan,,,,,,,,,,,,,,,
945,1951.1201171875,0.019488314166665077,1.9488314166665077,7818.504670381546,10000,ppo,ppo,crawler,flat,action_dth_tot_plus_friction_thdot_formula,,,,,,,,,,,,,,,0.0034132527679585937,0,781,0.0,0.0,,,,,,,,,,,,,,,,,,,,,,,,,,,,,,,,,,,,,,,,,,,,,,,,,,,,,,,,,,,,,,,,,,,,,,,,,,nan,,,,,,,,,,,,,,,
946,1965.3958740234375,0.019634706899523735,1.9634706899523735,7826.818030834198,10000,ppo,ppo,crawler,flat,action_dth_tot_plus_friction_thdot_formula,,,,,,,,,,,,,,,0.0040432818812093365,0,781,0.0,0.0,,,,,,,,,,,,,,,,,,,,,,,,,,,,,,,,,,,,,,,,,,,,,,,,,,,,,,,,,,,,,,,,,,,,,,,,,,nan,,,,,,,,,,,,,,,
947,1961.94921875,0.019600581377744675,1.9600581377744675,7835.232125043869,10000,ppo,ppo,crawler,flat,action_dth_tot_plus_friction_thdot_formula,,,,,,,,,,,,,,,0.004079585268967708,0,781,0.0,0.0,,,,,,,,,,,,,,,,,,,,,,,,,,,,,,,,,,,,,,,,,,,,,,,,,,,,,,,,,,,,,,,,,,,,,,,,,,nan,,,,,,,,,,,,,,,
948,1961.114501953125,0.01959345117211342,1.9593451172113419,7843.300897598267,10000,ppo,ppo,crawler,flat,action_dth_tot_plus_friction_thdot_formula,,,,,,,,,,,,,,,0.003742054318071602,0,781,0.0,0.0,,,,,,,,,,,,,,,,,,,,,,,,,,,,,,,,,,,,,,,,,,,,,,,,,,,,,,,,,,,,,,,,,,,,,,,,,,nan,,,,,,,,,,,,,,,
949,1937.9097900390625,0.01936248131096363,1.936248131096363,7851.4865210056305,10000,ppo,ppo,crawler,flat,action_dth_tot_plus_friction_thdot_formula,,,,,,,,,,,,,,,0.003813474568207158,0,781,0.0,0.0,,,,,,,,,,,,,,,,,,,,,,,,,,,,,,,,,,,,,,,,,,,,,,,,,,,,,,,,,,,,,,,,,,,,,,,,,,nan,,,,,,,,,,,,,,,
950,1962.9520263671875,0.01961079053580761,1.961079053580761,7859.7381155490875,10000,ppo,ppo,crawler,flat,action_dth_tot_plus_friction_thdot_formula,,,,,,,,,,,,,,,0.004012741360583232,0,781,0.0,0.0,,,,,,,,,,,,,,,,,,,,,,,,,,,,,,,,,,,,,,,,,,,,,,,,,,,,,,,,,,,,,,,,,,,,,,,,,,nan,,,,,,,,,,,,,,,
951,1984.9735107421875,0.0198285523802042,1.98285523802042,7868.149004936218,10000,ppo,ppo,crawler,flat,action_dth_tot_plus_friction_thdot_formula,,,,,,,,,,,,,,,0.004341288276960854,0,781,0.0,0.0,,,,,,,,,,,,,,,,,,,,,,,,,,,,,,,,,,,,,,,,,,,,,,,,,,,,,,,,,,,,,,,,,,,,,,,,,,nan,,,,,,,,,,,,,,,
952,1850.6796875,0.018487602472305298,1.8487602472305298,7876.377357244492,10000,ppo,ppo,crawler,flat,action_dth_tot_plus_friction_thdot_formula,,,,,,,,,,,,,,,0.003554807237895604,0,781,0.0,0.0,,,,,,,,,,,,,,,,,,,,,,,,,,,,,,,,,,,,,,,,,,,,,,,,,,,,,,,,,,,,,,,,,,,,,,,,,,nan,,,,,,,,,,,,,,,
953,1868.1180419921875,0.0186587106436491,1.8658710643649101,7884.6438636779785,10000,ppo,ppo,crawler,flat,action_dth_tot_plus_friction_thdot_formula,,,,,,,,,,,,,,,0.004295601151284681,0,781,0.0,0.0,,,,,,,,,,,,,,,,,,,,,,,,,,,,,,,,,,,,,,,,,,,,,,,,,,,,,,,,,,,,,,,,,,,,,,,,,,nan,,,,,,,,,,,,,,,
954,1866.7117919921875,0.0186459980905056,1.86459980905056,7892.9482452869415,10000,ppo,ppo,crawler,flat,action_dth_tot_plus_friction_thdot_formula,,,,,,,,,,,,,,,0.0042349884326992465,0,781,0.0,0.0,,,,,,,,,,,,,,,,,,,,,,,,,,,,,,,,,,,,,,,,,,,,,,,,,,,,,,,,,,,,,,,,,,,,,,,,,,nan,,,,,,,,,,,,,,,
955,1936.9342041015625,0.01934749260544777,1.934749260544777,7900.997055053711,10000,ppo,ppo,crawler,flat,action_dth_tot_plus_friction_thdot_formula,,,,,,,,,,,,,,,0.003205148156099713,0,781,0.0,0.0,,,,,,,,,,,,,,,,,,,,,,,,,,,,,,,,,,,,,,,,,,,,,,,,,,,,,,,,,,,,,,,,,,,,,,,,,,nan,,,,,,,,,,,,,,,
956,1939.4234619140625,0.01937267929315567,1.937267929315567,7909.558167934418,10000,ppo,ppo,crawler,flat,action_dth_tot_plus_friction_thdot_formula,,,,,,,,,,,,,,,0.004964423620148899,0,781,0.0,0.0,,,,,,,,,,,,,,,,,,,,,,,,,,,,,,,,,,,,,,,,,,,,,,,,,,,,,,,,,,,,,,,,,,,,,,,,,,nan,,,,,,,,,,,,,,,
957,1798.8563232421875,0.01797184720635414,1.7971847206354141,7917.9080810546875,10000,ppo,ppo,crawler,flat,action_dth_tot_plus_friction_thdot_formula,,,,,,,,,,,,,,,0.005267577409349553,0,781,0.0,0.0,,,,,,,,,,,,,,,,,,,,,,,,,,,,,,,,,,,,,,,,,,,,,,,,,,,,,,,,,,,,,,,,,,,,,,,,,,nan,,,,,,,,,,,,,,,
958,1946.911376953125,0.01944378763437271,1.9443787634372711,7926.292907238007,10000,ppo,ppo,crawler,flat,action_dth_tot_plus_friction_thdot_formula,,,,,,,,,,,,,,,0.004406290306319469,0,781,0.0,0.0,,,,,,,,,,,,,,,,,,,,,,,,,,,,,,,,,,,,,,,,,,,,,,,,,,,,,,,,,,,,,,,,,,,,,,,,,,nan,,,,,,,,,,,,,,,
959,1865.4541015625,0.018635714426636696,1.8635714426636696,7934.582654237747,10000,ppo,ppo,crawler,flat,action_dth_tot_plus_friction_thdot_formula,,,,,,,,,,,,,,,0.003755840126016009,0,781,0.0,0.0,,,,,,,,,,,,,,,,,,,,,,,,,,,,,,,,,,,,,,,,,,,,,,,,,,,,,,,,,,,,,,,,,,,,,,,,,,nan,,,,,,,,,,,,,,,
960,1906.6307373046875,0.019043490290641785,1.9043490290641785,7942.7397882938385,10000,ppo,ppo,crawler,flat,action_dth_tot_plus_friction_thdot_formula,,,,,,,,,,,,,,,0.003778400460400329,0,781,0.0,0.0,,,,,,,,,,,,,,,,,,,,,,,,,,,,,,,,,,,,,,,,,,,,,,,,,,,,,,,,,,,,,,,,,,,,,,,,,,nan,,,,,,,,,,,,,,,
961,1724.099853515625,0.01722068153321743,1.722068153321743,7951.153772354126,10000,ppo,ppo,crawler,flat,action_dth_tot_plus_friction_thdot_formula,,,,,,,,,,,,,,,0.004964727164306064,0,781,0.0,0.0,,,,,,,,,,,,,,,,,,,,,,,,,,,,,,,,,,,,,,,,,,,,,,,,,,,,,,,,,,,,,,,,,,,,,,,,,,nan,,,,,,,,,,,,,,,
962,1811.0426025390625,0.018089143559336662,1.8089143559336662,7959.501926183701,10000,ppo,ppo,crawler,flat,action_dth_tot_plus_friction_thdot_formula,,,,,,,,,,,,,,,0.004562949013023395,0,781,0.0,0.0,,,,,,,,,,,,,,,,,,,,,,,,,,,,,,,,,,,,,,,,,,,,,,,,,,,,,,,,,,,,,,,,,,,,,,,,,,nan,,,,,,,,,,,,,,,
963,1871.2662353515625,0.018691202625632286,1.8691202625632286,7967.653339147568,10000,ppo,ppo,crawler,flat,action_dth_tot_plus_friction_thdot_formula,,,,,,,,,,,,,,,0.004948384113716816,0,781,0.0,0.0,,,,,,,,,,,,,,,,,,,,,,,,,,,,,,,,,,,,,,,,,,,,,,,,,,,,,,,,,,,,,,,,,,,,,,,,,,nan,,,,,,,,,,,,,,,
964,1830.5462646484375,0.01828608103096485,1.8286081030964851,7975.974263191223,10000,ppo,ppo,crawler,flat,action_dth_tot_plus_friction_thdot_formula,,,,,,,,,,,,,,,0.003389698241955974,0,781,0.0,0.0,,,,,,,,,,,,,,,,,,,,,,,,,,,,,,,,,,,,,,,,,,,,,,,,,,,,,,,,,,,,,,,,,,,,,,,,,,nan,,,,,,,,,,,,,,,
965,1790.927001953125,0.017888493835926056,1.7888493835926056,7984.3123569488525,10000,ppo,ppo,crawler,flat,action_dth_tot_plus_friction_thdot_formula,,,,,,,,,,,,,,,0.0028172196246425427,0,781,0.0,0.0,,,,,,,,,,,,,,,,,,,,,,,,,,,,,,,,,,,,,,,,,,,,,,,,,,,,,,,,,,,,,,,,,,,,,,,,,,nan,,,,,,,,,,,,,,,
966,1897.671875,0.018960662186145782,1.8960662186145782,7992.657105922699,10000,ppo,ppo,crawler,flat,action_dth_tot_plus_friction_thdot_formula,,,,,,,,,,,,,,,0.004891532279861669,0,781,0.0,0.0,,,,,,,,,,,,,,,,,,,,,,,,,,,,,,,,,,,,,,,,,,,,,,,,,,,,,,,,,,,,,,,,,,,,,,,,,,nan,,,,,,,,,,,,,,,
967,1875.1453857421875,0.018732113763689995,1.8732113763689995,8001.010721445084,10000,ppo,ppo,crawler,flat,action_dth_tot_plus_friction_thdot_formula,,,,,,,,,,,,,,,0.004695161666520471,0,781,0.0,0.0,,,,,,,,,,,,,,,,,,,,,,,,,,,,,,,,,,,,,,,,,,,,,,,,,,,,,,,,,,,,,,,,,,,,,,,,,,nan,,,,,,,,,,,,,,,
968,1856.0234375,0.018543215468525887,1.8543215468525887,8009.50159072876,10000,ppo,ppo,crawler,flat,action_dth_tot_plus_friction_thdot_formula,,,,,,,,,,,,,,,0.0037594208755129745,0,781,0.0,0.0,,,,,,,,,,,,,,,,,,,,,,,,,,,,,,,,,,,,,,,,,,,,,,,,,,,,,,,,,,,,,,,,,,,,,,,,,,nan,,,,,,,,,,,,,,,
969,1888.227783203125,0.018864324316382408,1.8864324316382408,8017.855871915817,10000,ppo,ppo,crawler,flat,action_dth_tot_plus_friction_thdot_formula,,,,,,,,,,,,,,,0.003940906026326096,0,781,0.0,0.0,,,,,,,,,,,,,,,,,,,,,,,,,,,,,,,,,,,,,,,,,,,,,,,,,,,,,,,,,,,,,,,,,,,,,,,,,,nan,,,,,,,,,,,,,,,
970,1922.2796630859375,0.019202174618840218,1.9202174618840218,8026.325914382935,10000,ppo,ppo,crawler,flat,action_dth_tot_plus_friction_thdot_formula,,,,,,,,,,,,,,,0.004285916016185502,0,781,0.0,0.0,,,,,,,,,,,,,,,,,,,,,,,,,,,,,,,,,,,,,,,,,,,,,,,,,,,,,,,,,,,,,,,,,,,,,,,,,,nan,,,,,,,,,,,,,,,
971,1834.5150146484375,0.01832435466349125,1.832435466349125,8034.561790943146,10000,ppo,ppo,crawler,flat,action_dth_tot_plus_friction_thdot_formula,,,,,,,,,,,,,,,0.004355070420393897,0,781,0.0,0.0,,,,,,,,,,,,,,,,,,,,,,,,,,,,,,,,,,,,,,,,,,,,,,,,,,,,,,,,,,,,,,,,,,,,,,,,,,nan,,,,,,,,,,,,,,,
972,1885.6802978515625,0.018836138769984245,1.8836138769984245,8042.881845474243,10000,ppo,ppo,crawler,flat,action_dth_tot_plus_friction_thdot_formula,,,,,,,,,,,,,,,0.004234789170920444,0,781,0.0,0.0,,,,,,,,,,,,,,,,,,,,,,,,,,,,,,,,,,,,,,,,,,,,,,,,,,,,,,,,,,,,,,,,,,,,,,,,,,nan,,,,,,,,,,,,,,,
973,1931.7398681640625,0.019295059144496918,1.9295059144496918,8051.123695850372,10000,ppo,ppo,crawler,flat,action_dth_tot_plus_friction_thdot_formula,,,,,,,,,,,,,,,0.003469805217417501,0,781,0.0,0.0,,,,,,,,,,,,,,,,,,,,,,,,,,,,,,,,,,,,,,,,,,,,,,,,,,,,,,,,,,,,,,,,,,,,,,,,,,nan,,,,,,,,,,,,,,,
974,1905.9525146484375,0.019037755206227303,1.9037755206227303,8059.5065104961395,10000,ppo,ppo,crawler,flat,action_dth_tot_plus_friction_thdot_formula,,,,,,,,,,,,,,,0.004167245732071522,0,781,0.0,0.0,,,,,,,,,,,,,,,,,,,,,,,,,,,,,,,,,,,,,,,,,,,,,,,,,,,,,,,,,,,,,,,,,,,,,,,,,,nan,,,,,,,,,,,,,,,
975,1777.0760498046875,0.01775180548429489,1.7751805484294891,8067.803547620773,10000,ppo,ppo,crawler,flat,action_dth_tot_plus_friction_thdot_formula,,,,,,,,,,,,,,,0.005006860636449544,0,781,0.0,0.0,,,,,,,,,,,,,,,,,,,,,,,,,,,,,,,,,,,,,,,,,,,,,,,,,,,,,,,,,,,,,,,,,,,,,,,,,,nan,,,,,,,,,,,,,,,
976,1995.618408203125,0.019935183227062225,1.9935183227062225,8076.152466058731,10000,ppo,ppo,crawler,flat,action_dth_tot_plus_friction_thdot_formula,,,,,,,,,,,,,,,0.0042014859555120415,0,781,0.0,0.0,,,,,,,,,,,,,,,,,,,,,,,,,,,,,,,,,,,,,,,,,,,,,,,,,,,,,,,,,,,,,,,,,,,,,,,,,,nan,,,,,,,,,,,,,,,
977,1826.6463623046875,0.018244488164782524,1.8244488164782524,8084.5890481472015,10000,ppo,ppo,crawler,flat,action_dth_tot_plus_friction_thdot_formula,,,,,,,,,,,,,,,0.003260164690034335,0,781,0.0,0.0,,,,,,,,,,,,,,,,,,,,,,,,,,,,,,,,,,,,,,,,,,,,,,,,,,,,,,,,,,,,,,,,,,,,,,,,,,nan,,,,,,,,,,,,,,,
978,1940.8101806640625,0.019391626119613647,1.9391626119613647,8092.960844278336,10000,ppo,ppo,crawler,flat,action_dth_tot_plus_friction_thdot_formula,,,,,,,,,,,,,,,0.003956584895941012,0,781,0.0,0.0,,,,,,,,,,,,,,,,,,,,,,,,,,,,,,,,,,,,,,,,,,,,,,,,,,,,,,,,,,,,,,,,,,,,,,,,,,nan,,,,,,,,,,,,,,,
979,1936.53125,0.019343044608831406,1.9343044608831406,8101.195085525513,10000,ppo,ppo,crawler,flat,action_dth_tot_plus_friction_thdot_formula,,,,,,,,,,,,,,,0.003555712480680533,0,781,0.0,0.0,,,,,,,,,,,,,,,,,,,,,,,,,,,,,,,,,,,,,,,,,,,,,,,,,,,,,,,,,,,,,,,,,,,,,,,,,,nan,,,,,,,,,,,,,,,
980,1919.3677978515625,0.01917184144258499,1.9171841442584991,8109.56710600853,10000,ppo,ppo,crawler,flat,action_dth_tot_plus_friction_thdot_formula,,,,,,,,,,,,,,,0.004410827664253582,0,781,0.0,0.0,,,,,,,,,,,,,,,,,,,,,,,,,,,,,,,,,,,,,,,,,,,,,,,,,,,,,,,,,,,,,,,,,,,,,,,,,,nan,,,,,,,,,,,,,,,
981,1956.1572265625,0.019542332738637924,1.9542332738637924,8117.795349121094,10000,ppo,ppo,crawler,flat,action_dth_tot_plus_friction_thdot_formula,,,,,,,,,,,,,,,0.0044007326174281755,0,781,0.0,0.0,,,,,,,,,,,,,,,,,,,,,,,,,,,,,,,,,,,,,,,,,,,,,,,,,,,,,,,,,,,,,,,,,,,,,,,,,,nan,,,,,,,,,,,,,,,
982,1855.5614013671875,0.01853559911251068,1.8535599112510681,8125.863540172577,10000,ppo,ppo,crawler,flat,action_dth_tot_plus_friction_thdot_formula,,,,,,,,,,,,,,,0.00423209015341868,0,781,0.0,0.0,,,,,,,,,,,,,,,,,,,,,,,,,,,,,,,,,,,,,,,,,,,,,,,,,,,,,,,,,,,,,,,,,,,,,,,,,,nan,,,,,,,,,,,,,,,
983,1887.9188232421875,0.018861867487430573,1.8861867487430573,8134.124137878418,10000,ppo,ppo,crawler,flat,action_dth_tot_plus_friction_thdot_formula,,,,,,,,,,,,,,,0.003857674376538832,0,781,0.0,0.0,,,,,,,,,,,,,,,,,,,,,,,,,,,,,,,,,,,,,,,,,,,,,,,,,,,,,,,,,,,,,,,,,,,,,,,,,,nan,,,,,,,,,,,,,,,
984,1955.242431640625,0.019532598555088043,1.9532598555088043,8142.435719966888,10000,ppo,ppo,crawler,flat,action_dth_tot_plus_friction_thdot_formula,,,,,,,,,,,,,,,0.003964699467312587,0,781,0.0,0.0,,,,,,,,,,,,,,,,,,,,,,,,,,,,,,,,,,,,,,,,,,,,,,,,,,,,,,,,,,,,,,,,,,,,,,,,,,nan,,,,,,,,,,,,,,,
985,1950.0648193359375,0.019480638206005096,1.9480638206005096,8150.419440031052,10000,ppo,ppo,crawler,flat,action_dth_tot_plus_friction_thdot_formula,,,,,,,,,,,,,,,0.003673816704012098,0,781,0.0,0.0,,,,,,,,,,,,,,,,,,,,,,,,,,,,,,,,,,,,,,,,,,,,,,,,,,,,,,,,,,,,,,,,,,,,,,,,,,nan,,,,,,,,,,,,,,,
986,2021.322265625,0.020189691334962845,2.0189691334962845,8158.903037786484,10000,ppo,ppo,crawler,flat,action_dth_tot_plus_friction_thdot_formula,,,,,,,,,,,,,,,0.003831596554286191,0,781,0.0,0.0,,,,,,,,,,,,,,,,,,,,,,,,,,,,,,,,,,,,,,,,,,,,,,,,,,,,,,,,,,,,,,,,,,,,,,,,,,nan,,,,,,,,,,,,,,,
987,1945.41796875,0.019435672089457512,1.9435672089457512,8167.39360833168,10000,ppo,ppo,crawler,flat,action_dth_tot_plus_friction_thdot_formula,,,,,,,,,,,,,,,0.0045322949765771794,0,781,0.0,0.0,,,,,,,,,,,,,,,,,,,,,,,,,,,,,,,,,,,,,,,,,,,,,,,,,,,,,,,,,,,,,,,,,,,,,,,,,,nan,,,,,,,,,,,,,,,
988,1873.8494873046875,0.018720995634794235,1.8720995634794235,8175.736768007278,10000,ppo,ppo,crawler,flat,action_dth_tot_plus_friction_thdot_formula,,,,,,,,,,,,,,,0.0035631521207712133,0,781,0.0,0.0,,,,,,,,,,,,,,,,,,,,,,,,,,,,,,,,,,,,,,,,,,,,,,,,,,,,,,,,,,,,,,,,,,,,,,,,,,nan,,,,,,,,,,,,,,,
989,1849.3460693359375,0.018474532291293144,1.8474532291293144,8184.013002157211,10000,ppo,ppo,crawler,flat,action_dth_tot_plus_friction_thdot_formula,,,,,,,,,,,,,,,0.004867179511213632,0,781,0.0,0.0,,,,,,,,,,,,,,,,,,,,,,,,,,,,,,,,,,,,,,,,,,,,,,,,,,,,,,,,,,,,,,,,,,,,,,,,,,nan,,,,,,,,,,,,,,,
990,1906.1217041015625,0.019043641164898872,1.9043641164898872,8192.555329561234,10000,ppo,ppo,crawler,flat,action_dth_tot_plus_friction_thdot_formula,,,,,,,,,,,,,,,0.004711024658220836,0,781,0.0,0.0,,,,,,,,,,,,,,,,,,,,,,,,,,,,,,,,,,,,,,,,,,,,,,,,,,,,,,,,,,,,,,,,,,,,,,,,,,nan,,,,,,,,,,,,,,,
991,1900.3056640625,0.018981438130140305,1.8981438130140305,8201.153759241104,10000,ppo,ppo,crawler,flat,action_dth_tot_plus_friction_thdot_formula,,,,,,,,,,,,,,,0.004325087111942332,0,781,0.0,0.0,,,,,,,,,,,,,,,,,,,,,,,,,,,,,,,,,,,,,,,,,,,,,,,,,,,,,,,,,,,,,,,,,,,,,,,,,,nan,,,,,,,,,,,,,,,
992,1883.2645263671875,0.01881519705057144,1.8815197050571442,8209.569759368896,10000,ppo,ppo,crawler,flat,action_dth_tot_plus_friction_thdot_formula,,,,,,,,,,,,,,,0.0048444812542239556,0,781,0.0,0.0,,,,,,,,,,,,,,,,,,,,,,,,,,,,,,,,,,,,,,,,,,,,,,,,,,,,,,,,,,,,,,,,,,,,,,,,,,nan,,,,,,,,,,,,,,,
993,1928.8533935546875,0.019269168376922607,1.9269168376922607,8217.855226278305,10000,ppo,ppo,crawler,flat,action_dth_tot_plus_friction_thdot_formula,,,,,,,,,,,,,,,0.004936539077191947,0,781,0.0,0.0,,,,,,,,,,,,,,,,,,,,,,,,,,,,,,,,,,,,,,,,,,,,,,,,,,,,,,,,,,,,,,,,,,,,,,,,,,nan,,,,,,,,,,,,,,,
994,1936.5526123046875,0.019346114248037338,1.9346114248037338,8226.149131774902,10000,ppo,ppo,crawler,flat,action_dth_tot_plus_friction_thdot_formula,,,,,,,,,,,,,,,0.0037113209438009997,0,781,0.0,0.0,,,,,,,,,,,,,,,,,,,,,,,,,,,,,,,,,,,,,,,,,,,,,,,,,,,,,,,,,,,,,,,,,,,,,,,,,,nan,,,,,,,,,,,,,,,
995,1936.4842529296875,0.0193476565182209,1.9347656518220901,8234.539025783539,10000,ppo,ppo,crawler,flat,action_dth_tot_plus_friction_thdot_formula,,,,,,,,,,,,,,,0.0038008671872515744,0,781,0.0,0.0,,,,,,,,,,,,,,,,,,,,,,,,,,,,,,,,,,,,,,,,,,,,,,,,,,,,,,,,,,,,,,,,,,,,,,,,,,nan,,,,,,,,,,,,,,,
996,1886.816650390625,0.018847260624170303,1.8847260624170303,8242.916867494583,10000,ppo,ppo,crawler,flat,action_dth_tot_plus_friction_thdot_formula,,,,,,,,,,,,,,,0.004062581038564293,0,781,0.0,0.0,,,,,,,,,,,,,,,,,,,,,,,,,,,,,,,,,,,,,,,,,,,,,,,,,,,,,,,,,,,,,,,,,,,,,,,,,,nan,,,,,,,,,,,,,,,
997,1829.048828125,0.018271155655384064,1.8271155655384064,8251.169710874557,10000,ppo,ppo,crawler,flat,action_dth_tot_plus_friction_thdot_formula,,,,,,,,,,,,,,,0.004040947787023344,0,781,0.0,0.0,,,,,,,,,,,,,,,,,,,,,,,,,,,,,,,,,,,,,,,,,,,,,,,,,,,,,,,,,,,,,,,,,,,,,,,,,,nan,,,,,,,,,,,,,,,
998,1853.4508056640625,0.018514150753617287,1.8514150753617287,8259.331003427505,10000,ppo,ppo,crawler,flat,action_dth_tot_plus_friction_thdot_formula,,,,,,,,,,,,,,,0.005287637133006705,0,781,0.0,0.0,,,,,,,,,,,,,,,,,,,,,,,,,,,,,,,,,,,,,,,,,,,,,,,,,,,,,,,,,,,,,,,,,,,,,,,,,,nan,,,,,,,,,,,,,,,
999,1940.2879638671875,0.019381778314709663,1.9381778314709663,8267.495694875717,10000,ppo,ppo,crawler,flat,action_dth_tot_plus_friction_thdot_formula,,,,,,,,,,,,,,,0.004961707876664593,0,781,0.0,0.0,,,,,,,,,,,,,,,,,,,,,,,,,,,,,,,,,,,,,,,,,,,,,,,,,,,,,,,,,,,,,,,,,,,,,,,,,,nan,,,,,,,,,,,,,,,
1000,1900.455078125,0.018984325230121613,1.8984325230121613,8275.930470705032,10000,ppo,ppo,crawler,flat,action_dth_tot_plus_friction_thdot_formula,,,,,,,,,,,,,,,0.0038040441790104947,0,781,0.0,0.0,,,,,,,,,,,,,,,,,,,,,,,,,,,,,,,,,,,,,,,,,,,,,,,,,,,,,,,,,,,,,,,,,,,,,,,,,,nan,,,,,,,,,,,,,,,
1001,1820.103515625,0.018181178718805313,1.8181178718805313,8284.382417201996,10000,ppo,ppo,crawler,flat,action_dth_tot_plus_friction_thdot_formula,,,,,,,,,,,,,,,0.0038802259196658475,0,781,0.0,0.0,,,,,,,,,,,,,,,,,,,,,,,,,,,,,,,,,,,,,,,,,,,,,,,,,,,,,,,,,,,,,,,,,,,,,,,,,,nan,,,,,,,,,,,,,,,
1002,1829.185791015625,0.01827067881822586,1.827067881822586,8292.628709316254,10000,ppo,ppo,crawler,flat,action_dth_tot_plus_friction_thdot_formula,,,,,,,,,,,,,,,0.0039140432518543185,0,781,0.0,0.0,,,,,,,,,,,,,,,,,,,,,,,,,,,,,,,,,,,,,,,,,,,,,,,,,,,,,,,,,,,,,,,,,,,,,,,,,,nan,,,,,,,,,,,,,,,
1003,1872.364501953125,0.01870168186724186,1.870168186724186,8301.213594675064,10000,ppo,ppo,crawler,flat,action_dth_tot_plus_friction_thdot_formula,,,,,,,,,,,,,,,0.003988547566447886,0,781,0.0,0.0,,,,,,,,,,,,,,,,,,,,,,,,,,,,,,,,,,,,,,,,,,,,,,,,,,,,,,,,,,,,,,,,,,,,,,,,,,nan,,,,,,,,,,,,,,,
1004,1842.9478759765625,0.018409237265586853,1.8409237265586853,8309.4865629673,10000,ppo,ppo,crawler,flat,action_dth_tot_plus_friction_thdot_formula,,,,,,,,,,,,,,,0.00485851851918898,0,781,0.0,0.0,,,,,,,,,,,,,,,,,,,,,,,,,,,,,,,,,,,,,,,,,,,,,,,,,,,,,,,,,,,,,,,,,,,,,,,,,,nan,,,,,,,,,,,,,,,
1005,1878.3377685546875,0.018764831125736237,1.8764831125736237,8317.732643842697,10000,ppo,ppo,crawler,flat,action_dth_tot_plus_friction_thdot_formula,,,,,,,,,,,,,,,0.0038938475672868718,0,781,0.0,0.0,,,,,,,,,,,,,,,,,,,,,,,,,,,,,,,,,,,,,,,,,,,,,,,,,,,,,,,,,,,,,,,,,,,,,,,,,,nan,,,,,,,,,,,,,,,
1006,1912.7340087890625,0.019106917083263397,1.9106917083263397,8325.892032146454,10000,ppo,ppo,crawler,flat,action_dth_tot_plus_friction_thdot_formula,,,,,,,,,,,,,,,0.0032575277191787726,0,781,0.0,0.0,,,,,,,,,,,,,,,,,,,,,,,,,,,,,,,,,,,,,,,,,,,,,,,,,,,,,,,,,,,,,,,,,,,,,,,,,,nan,,,,,,,,,,,,,,,
1007,1977.2554931640625,0.019750012084841728,1.9750012084841728,8334.17239356041,10000,ppo,ppo,crawler,flat,action_dth_tot_plus_friction_thdot_formula,,,,,,,,,,,,,,,0.0035488716999731275,0,781,0.0,0.0,,,,,,,,,,,,,,,,,,,,,,,,,,,,,,,,,,,,,,,,,,,,,,,,,,,,,,,,,,,,,,,,,,,,,,,,,,nan,,,,,,,,,,,,,,,
1008,1887.476806640625,0.018851669505238533,1.8851669505238533,8342.680181980133,10000,ppo,ppo,crawler,flat,action_dth_tot_plus_friction_thdot_formula,,,,,,,,,,,,,,,0.004304775988093426,0,781,0.0,0.0,,,,,,,,,,,,,,,,,,,,,,,,,,,,,,,,,,,,,,,,,,,,,,,,,,,,,,,,,,,,,,,,,,,,,,,,,,nan,,,,,,,,,,,,,,,
1009,1956.7607421875,0.019550619646906853,1.9550619646906853,8351.093162059784,10000,ppo,ppo,crawler,flat,action_dth_tot_plus_friction_thdot_formula,,,,,,,,,,,,,,,0.0035594869787740984,0,781,0.0,0.0,,,,,,,,,,,,,,,,,,,,,,,,,,,,,,,,,,,,,,,,,,,,,,,,,,,,,,,,,,,,,,,,,,,,,,,,,,nan,,,,,,,,,,,,,,,
1010,1861.33203125,0.018592026084661484,1.8592026084661484,8359.19986462593,10000,ppo,ppo,crawler,flat,action_dth_tot_plus_friction_thdot_formula,,,,,,,,,,,,,,,0.003861687592410801,0,781,0.0,0.0,,,,,,,,,,,,,,,,,,,,,,,,,,,,,,,,,,,,,,,,,,,,,,,,,,,,,,,,,,,,,,,,,,,,,,,,,,nan,,,,,,,,,,,,,,,
1011,1898.0140380859375,0.018955713137984276,1.8955713137984276,8367.4271774292,10000,ppo,ppo,crawler,flat,action_dth_tot_plus_friction_thdot_formula,,,,,,,,,,,,,,,0.0035064712995705022,0,781,0.0,0.0,,,,,,,,,,,,,,,,,,,,,,,,,,,,,,,,,,,,,,,,,,,,,,,,,,,,,,,,,,,,,,,,,,,,,,,,,,nan,,,,,,,,,,,,,,,
1012,1825.4866943359375,0.01823287270963192,1.823287270963192,8375.823768854141,10000,ppo,ppo,crawler,flat,action_dth_tot_plus_friction_thdot_formula,,,,,,,,,,,,,,,0.004625168221387964,0,781,0.0,0.0,,,,,,,,,,,,,,,,,,,,,,,,,,,,,,,,,,,,,,,,,,,,,,,,,,,,,,,,,,,,,,,,,,,,,,,,,,nan,,,,,,,,,,,,,,,
1013,1981.9088134765625,0.019797012209892273,1.9797012209892273,8383.965971708298,10000,ppo,ppo,crawler,flat,action_dth_tot_plus_friction_thdot_formula,,,,,,,,,,,,,,,0.00366802375749345,0,781,0.0,0.0,,,,,,,,,,,,,,,,,,,,,,,,,,,,,,,,,,,,,,,,,,,,,,,,,,,,,,,,,,,,,,,,,,,,,,,,,,nan,,,,,,,,,,,,,,,
1014,1956.7515869140625,0.019549956545233727,1.9549956545233727,8392.122375249863,10000,ppo,ppo,crawler,flat,action_dth_tot_plus_friction_thdot_formula,,,,,,,,,,,,,,,0.0042040888445524,0,781,0.0,0.0,,,,,,,,,,,,,,,,,,,,,,,,,,,,,,,,,,,,,,,,,,,,,,,,,,,,,,,,,,,,,,,,,,,,,,,,,,nan,,,,,,,,,,,,,,,
1015,1914.64453125,0.01912742480635643,1.912742480635643,8400.56203842163,10000,ppo,ppo,crawler,flat,action_dth_tot_plus_friction_thdot_formula,,,,,,,,,,,,,,,0.003883006954258582,0,781,0.0,0.0,,,,,,,,,,,,,,,,,,,,,,,,,,,,,,,,,,,,,,,,,,,,,,,,,,,,,,,,,,,,,,,,,,,,,,,,,,nan,,,,,,,,,,,,,,,
1016,1961.5843505859375,0.019594155251979828,1.9594155251979828,8409.025683641434,10000,ppo,ppo,crawler,flat,action_dth_tot_plus_friction_thdot_formula,,,,,,,,,,,,,,,0.003891897550873487,0,781,0.0,0.0,,,,,,,,,,,,,,,,,,,,,,,,,,,,,,,,,,,,,,,,,,,,,,,,,,,,,,,,,,,,,,,,,,,,,,,,,,nan,,,,,,,,,,,,,,,
1017,1938.798095703125,0.01936636120080948,1.9366361200809479,8417.08706331253,10000,ppo,ppo,crawler,flat,action_dth_tot_plus_friction_thdot_formula,,,,,,,,,,,,,,,0.003807534027966002,0,781,0.0,0.0,,,,,,,,,,,,,,,,,,,,,,,,,,,,,,,,,,,,,,,,,,,,,,,,,,,,,,,,,,,,,,,,,,,,,,,,,,nan,,,,,,,,,,,,,,,
1018,1963.4637451171875,0.019613340497016907,1.9613340497016907,8425.902249336243,10000,ppo,ppo,crawler,flat,action_dth_tot_plus_friction_thdot_formula,,,,,,,,,,,,,,,0.004360278166728285,0,781,0.0,0.0,,,,,,,,,,,,,,,,,,,,,,,,,,,,,,,,,,,,,,,,,,,,,,,,,,,,,,,,,,,,,,,,,,,,,,,,,,nan,,,,,,,,,,,,,,,
1019,1892.138916015625,0.01890193670988083,1.8901936709880829,8434.280885219574,10000,ppo,ppo,crawler,flat,action_dth_tot_plus_friction_thdot_formula,,,,,,,,,,,,,,,0.003501457199242643,0,781,0.0,0.0,,,,,,,,,,,,,,,,,,,,,,,,,,,,,,,,,,,,,,,,,,,,,,,,,,,,,,,,,,,,,,,,,,,,,,,,,,nan,,,,,,,,,,,,,,,
1020,1873.7076416015625,0.018715042620897293,1.8715042620897293,8442.899455070496,10000,ppo,ppo,crawler,flat,action_dth_tot_plus_friction_thdot_formula,,,,,,,,,,,,,,,0.0036021075551320586,0,781,0.0,0.0,,,,,,,,,,,,,,,,,,,,,,,,,,,,,,,,,,,,,,,,,,,,,,,,,,,,,,,,,,,,,,,,,,,,,,,,,,nan,,,,,,,,,,,,,,,
1021,1945.26953125,0.019427845254540443,1.9427845254540443,8451.332218885422,10000,ppo,ppo,crawler,flat,action_dth_tot_plus_friction_thdot_formula,,,,,,,,,,,,,,,0.003873099002581109,0,781,0.0,0.0,,,,,,,,,,,,,,,,,,,,,,,,,,,,,,,,,,,,,,,,,,,,,,,,,,,,,,,,,,,,,,,,,,,,,,,,,,nan,,,,,,,,,,,,,,,
1022,1892.818359375,0.01891339384019375,1.8913393840193748,8459.726647615433,10000,ppo,ppo,crawler,flat,action_dth_tot_plus_friction_thdot_formula,,,,,,,,,,,,,,,0.004233324412510178,0,781,0.0,0.0,,,,,,,,,,,,,,,,,,,,,,,,,,,,,,,,,,,,,,,,,,,,,,,,,,,,,,,,,,,,,,,,,,,,,,,,,,nan,,,,,,,,,,,,,,,
1023,1976.9686279296875,0.019746869802474976,1.9746869802474976,8467.73848938942,10000,ppo,ppo,crawler,flat,action_dth_tot_plus_friction_thdot_formula,,,,,,,,,,,,,,,0.003209453644636403,0,781,0.0,0.0,,,,,,,,,,,,,,,,,,,,,,,,,,,,,,,,,,,,,,,,,,,,,,,,,,,,,,,,,,,,,,,,,,,,,,,,,,nan,,,,,,,,,,,,,,,
1024,1865.6019287109375,0.018633458763360977,1.8633458763360977,8476.214838504791,10000,ppo,ppo,crawler,flat,action_dth_tot_plus_friction_thdot_formula,,,,,,,,,,,,,,,0.003423116892323115,0,781,0.0,0.0,,,,,,,,,,,,,,,,,,,,,,,,,,,,,,,,,,,,,,,,,,,,,,,,,,,,,,,,,,,,,,,,,,,,,,,,,,nan,,,,,,,,,,,,,,,
1025,1849.188720703125,0.018476763740181923,1.8476763740181923,8484.294731616974,10000,ppo,ppo,crawler,flat,action_dth_tot_plus_friction_thdot_formula,,,,,,,,,,,,,,,0.003988244196317468,0,781,0.0,0.0,,,,,,,,,,,,,,,,,,,,,,,,,,,,,,,,,,,,,,,,,,,,,,,,,,,,,,,,,,,,,,,,,,,,,,,,,,nan,,,,,,,,,,,,,,,
1026,1926.4468994140625,0.019245602190494537,1.9245602190494537,8492.779114484787,10000,ppo,ppo,crawler,flat,action_dth_tot_plus_friction_thdot_formula,,,,,,,,,,,,,,,0.004014687940918646,0,781,0.0,0.0,,,,,,,,,,,,,,,,,,,,,,,,,,,,,,,,,,,,,,,,,,,,,,,,,,,,,,,,,,,,,,,,,,,,,,,,,,nan,,,,,,,,,,,,,,,
1027,1970.4051513671875,0.019681677222251892,1.9681677222251892,8500.975480556488,10000,ppo,ppo,crawler,flat,action_dth_tot_plus_friction_thdot_formula,,,,,,,,,,,,,,,0.004500074968622609,0,781,0.0,0.0,,,,,,,,,,,,,,,,,,,,,,,,,,,,,,,,,,,,,,,,,,,,,,,,,,,,,,,,,,,,,,,,,,,,,,,,,,nan,,,,,,,,,,,,,,,
1028,1914.2171630859375,0.019123394042253494,1.9123394042253494,8509.439348936081,10000,ppo,ppo,crawler,flat,action_dth_tot_plus_friction_thdot_formula,,,,,,,,,,,,,,,0.004813778888202832,0,781,0.0,0.0,,,,,,,,,,,,,,,,,,,,,,,,,,,,,,,,,,,,,,,,,,,,,,,,,,,,,,,,,,,,,,,,,,,,,,,,,,nan,,,,,,,,,,,,,,,
1029,1857.9827880859375,0.01856148988008499,1.8561489880084991,8518.045122861862,10000,ppo,ppo,crawler,flat,action_dth_tot_plus_friction_thdot_formula,,,,,,,,,,,,,,,0.004800692885327386,0,781,0.0,0.0,,,,,,,,,,,,,,,,,,,,,,,,,,,,,,,,,,,,,,,,,,,,,,,,,,,,,,,,,,,,,,,,,,,,,,,,,,nan,,,,,,,,,,,,,,,
1030,1836.8043212890625,0.0183502696454525,1.83502696454525,8526.665892362595,10000,ppo,ppo,crawler,flat,action_dth_tot_plus_friction_thdot_formula,,,,,,,,,,,,,,,0.004334321360960281,0,781,0.0,0.0,,,,,,,,,,,,,,,,,,,,,,,,,,,,,,,,,,,,,,,,,,,,,,,,,,,,,,,,,,,,,,,,,,,,,,,,,,nan,,,,,,,,,,,,,,,
1031,1862.7664794921875,0.018610794097185135,1.8610794097185135,8535.759266614914,10000,ppo,ppo,crawler,flat,action_dth_tot_plus_friction_thdot_formula,,,,,,,,,,,,,,,0.0037785404716992794,0,781,0.0,0.0,,,,,,,,,,,,,,,,,,,,,,,,,,,,,,,,,,,,,,,,,,,,,,,,,,,,,,,,,,,,,,,,,,,,,,,,,,nan,,,,,,,,,,,,,,,
1032,1930.0435791015625,0.019277676939964294,1.9277676939964294,8544.935015439987,10000,ppo,ppo,crawler,flat,action_dth_tot_plus_friction_thdot_formula,,,,,,,,,,,,,,,0.003681139916632618,0,781,0.0,0.0,,,,,,,,,,,,,,,,,,,,,,,,,,,,,,,,,,,,,,,,,,,,,,,,,,,,,,,,,,,,,,,,,,,,,,,,,,nan,,,,,,,,,,,,,,,
1033,1863.6478271484375,0.018617674708366394,1.8617674708366394,8553.451379776001,10000,ppo,ppo,crawler,flat,action_dth_tot_plus_friction_thdot_formula,,,,,,,,,,,,,,,0.0034358932220206503,0,781,0.0,0.0,,,,,,,,,,,,,,,,,,,,,,,,,,,,,,,,,,,,,,,,,,,,,,,,,,,,,,,,,,,,,,,,,,,,,,,,,,nan,,,,,,,,,,,,,,,
1034,1838.59765625,0.01836850866675377,1.836850866675377,8561.991335630417,10000,ppo,ppo,crawler,flat,action_dth_tot_plus_friction_thdot_formula,,,,,,,,,,,,,,,0.004136483590322798,0,781,0.0,0.0,,,,,,,,,,,,,,,,,,,,,,,,,,,,,,,,,,,,,,,,,,,,,,,,,,,,,,,,,,,,,,,,,,,,,,,,,,nan,,,,,,,,,,,,,,,
1035,1974.1756591796875,0.019720738753676414,1.9720738753676414,8570.432271957397,10000,ppo,ppo,crawler,flat,action_dth_tot_plus_friction_thdot_formula,,,,,,,,,,,,,,,0.004005474825678858,0,781,0.0,0.0,,,,,,,,,,,,,,,,,,,,,,,,,,,,,,,,,,,,,,,,,,,,,,,,,,,,,,,,,,,,,,,,,,,,,,,,,,nan,,,,,,,,,,,,,,,
1036,1913.8270263671875,0.01911466009914875,1.911466009914875,8578.505502939224,10000,ppo,ppo,crawler,flat,action_dth_tot_plus_friction_thdot_formula,,,,,,,,,,,,,,,0.0030368768593514632,0,781,0.0,0.0,,,,,,,,,,,,,,,,,,,,,,,,,,,,,,,,,,,,,,,,,,,,,,,,,,,,,,,,,,,,,,,,,,,,,,,,,,nan,,,,,,,,,,,,,,,
1037,1862.5660400390625,0.01860673539340496,1.860673539340496,8586.576704263687,10000,ppo,ppo,crawler,flat,action_dth_tot_plus_friction_thdot_formula,,,,,,,,,,,,,,,0.004865247388513432,0,781,0.0,0.0,,,,,,,,,,,,,,,,,,,,,,,,,,,,,,,,,,,,,,,,,,,,,,,,,,,,,,,,,,,,,,,,,,,,,,,,,,nan,,,,,,,,,,,,,,,
1038,1791.334228515625,0.017891118302941322,1.7891118302941322,8595.101266622543,10000,ppo,ppo,crawler,flat,action_dth_tot_plus_friction_thdot_formula,,,,,,,,,,,,,,,0.0041364234377732605,0,781,0.0,0.0,,,,,,,,,,,,,,,,,,,,,,,,,,,,,,,,,,,,,,,,,,,,,,,,,,,,,,,,,,,,,,,,,,,,,,,,,,nan,,,,,,,,,,,,,,,
1039,1969.5418701171875,0.01967664435505867,1.967664435505867,8603.612061023712,10000,ppo,ppo,crawler,flat,action_dth_tot_plus_friction_thdot_formula,,,,,,,,,,,,,,,0.003378397404317888,0,781,0.0,0.0,,,,,,,,,,,,,,,,,,,,,,,,,,,,,,,,,,,,,,,,,,,,,,,,,,,,,,,,,,,,,,,,,,,,,,,,,,nan,,,,,,,,,,,,,,,
1040,1920.6044921875,0.01918516866862774,1.918516866862774,8611.950998544693,10000,ppo,ppo,crawler,flat,action_dth_tot_plus_friction_thdot_formula,,,,,,,,,,,,,,,0.0038044694486901727,0,781,0.0,0.0,,,,,,,,,,,,,,,,,,,,,,,,,,,,,,,,,,,,,,,,,,,,,,,,,,,,,,,,,,,,,,,,,,,,,,,,,,nan,,,,,,,,,,,,,,,
1041,1958.1253662109375,0.01956121437251568,1.9561214372515678,8620.404998064041,10000,ppo,ppo,crawler,flat,action_dth_tot_plus_friction_thdot_formula,,,,,,,,,,,,,,,0.0032191323704088034,0,781,0.0,0.0,,,,,,,,,,,,,,,,,,,,,,,,,,,,,,,,,,,,,,,,,,,,,,,,,,,,,,,,,,,,,,,,,,,,,,,,,,nan,,,,,,,,,,,,,,,
1042,1961.3824462890625,0.01959283836185932,1.9592838361859322,8628.995042085648,10000,ppo,ppo,crawler,flat,action_dth_tot_plus_friction_thdot_formula,,,,,,,,,,,,,,,0.0041135444853481066,0,781,0.0,0.0,,,,,,,,,,,,,,,,,,,,,,,,,,,,,,,,,,,,,,,,,,,,,,,,,,,,,,,,,,,,,,,,,,,,,,,,,,nan,,,,,,,,,,,,,,,
1043,1961.257080078125,0.01959020271897316,1.959020271897316,8637.55228471756,10000,ppo,ppo,crawler,flat,action_dth_tot_plus_friction_thdot_formula,,,,,,,,,,,,,,,0.003452923707432971,0,781,0.0,0.0,,,,,,,,,,,,,,,,,,,,,,,,,,,,,,,,,,,,,,,,,,,,,,,,,,,,,,,,,,,,,,,,,,,,,,,,,,nan,,,,,,,,,,,,,,,
1044,1958.692626953125,0.019563356414437294,1.9563356414437294,8645.871106863022,10000,ppo,ppo,crawler,flat,action_dth_tot_plus_friction_thdot_formula,,,,,,,,,,,,,,,0.0039053159117044003,0,781,0.0,0.0,,,,,,,,,,,,,,,,,,,,,,,,,,,,,,,,,,,,,,,,,,,,,,,,,,,,,,,,,,,,,,,,,,,,,,,,,,nan,,,,,,,,,,,,,,,
1045,1954.87109375,0.019530536606907845,1.9530536606907845,8654.300682783127,10000,ppo,ppo,crawler,flat,action_dth_tot_plus_friction_thdot_formula,,,,,,,,,,,,,,,0.003480586147246758,0,781,0.0,0.0,,,,,,,,,,,,,,,,,,,,,,,,,,,,,,,,,,,,,,,,,,,,,,,,,,,,,,,,,,,,,,,,,,,,,,,,,,nan,,,,,,,,,,,,,,,
1046,2054.978515625,0.020526111125946045,2.0526111125946045,8662.549884319305,10000,ppo,ppo,crawler,flat,action_dth_tot_plus_friction_thdot_formula,,,,,,,,,,,,,,,0.003927320190651697,0,781,0.0,0.0,,,,,,,,,,,,,,,,,,,,,,,,,,,,,,,,,,,,,,,,,,,,,,,,,,,,,,,,,,,,,,,,,,,,,,,,,,nan,,,,,,,,,,,,,,,
1047,1922.6683349609375,0.019207289442420006,1.9207289442420006,8670.953532457352,10000,ppo,ppo,crawler,flat,action_dth_tot_plus_friction_thdot_formula,,,,,,,,,,,,,,,0.0034686040735661043,0,781,0.0,0.0,,,,,,,,,,,,,,,,,,,,,,,,,,,,,,,,,,,,,,,,,,,,,,,,,,,,,,,,,,,,,,,,,,,,,,,,,,nan,,,,,,,,,,,,,,,
1048,1917.0166015625,0.019145039841532707,1.9145039841532707,8679.255701065063,10000,ppo,ppo,crawler,flat,action_dth_tot_plus_friction_thdot_formula,,,,,,,,,,,,,,,0.004076592178611924,0,781,0.0,0.0,,,,,,,,,,,,,,,,,,,,,,,,,,,,,,,,,,,,,,,,,,,,,,,,,,,,,,,,,,,,,,,,,,,,,,,,,,nan,,,,,,,,,,,,,,,
1049,1980.1185302734375,0.019781814888119698,1.9781814888119698,8687.484601736069,10000,ppo,ppo,crawler,flat,action_dth_tot_plus_friction_thdot_formula,,,,,,,,,,,,,,,0.0034455574198391063,0,781,0.0,0.0,,,,,,,,,,,,,,,,,,,,,,,,,,,,,,,,,,,,,,,,,,,,,,,,,,,,,,,,,,,,,,,,,,,,,,,,,,nan,,,,,,,,,,,,,,,
1050,1958.5673828125,0.019563719630241394,1.9563719630241394,8695.841144800186,10000,ppo,ppo,crawler,flat,action_dth_tot_plus_friction_thdot_formula,,,,,,,,,,,,,,,0.004073304419723851,0,781,0.0,0.0,,,,,,,,,,,,,,,,,,,,,,,,,,,,,,,,,,,,,,,,,,,,,,,,,,,,,,,,,,,,,,,,,,,,,,,,,,nan,,,,,,,,,,,,,,,
1051,1892.8948974609375,0.018906770274043083,1.8906770274043083,8704.395045757294,10000,ppo,ppo,crawler,flat,action_dth_tot_plus_friction_thdot_formula,,,,,,,,,,,,,,,0.0035464010044062456,0,781,0.0,0.0,,,,,,,,,,,,,,,,,,,,,,,,,,,,,,,,,,,,,,,,,,,,,,,,,,,,,,,,,,,,,,,,,,,,,,,,,,nan,,,,,,,,,,,,,,,
1052,1912.2918701171875,0.019104065373539925,1.9104065373539925,8712.70895576477,10000,ppo,ppo,crawler,flat,action_dth_tot_plus_friction_thdot_formula,,,,,,,,,,,,,,,0.004144460974920305,0,781,0.0,0.0,,,,,,,,,,,,,,,,,,,,,,,,,,,,,,,,,,,,,,,,,,,,,,,,,,,,,,,,,,,,,,,,,,,,,,,,,,nan,,,,,,,,,,,,,,,
1053,1891.1141357421875,0.018887143582105637,1.8887143582105637,8721.157109975815,10000,ppo,ppo,crawler,flat,action_dth_tot_plus_friction_thdot_formula,,,,,,,,,,,,,,,0.003559137135490694,0,781,0.0,0.0,,,,,,,,,,,,,,,,,,,,,,,,,,,,,,,,,,,,,,,,,,,,,,,,,,,,,,,,,,,,,,,,,,,,,,,,,,nan,,,,,,,,,,,,,,,
1054,1992.6978759765625,0.019903479143977165,1.9903479143977165,8729.555889606476,10000,ppo,ppo,crawler,flat,action_dth_tot_plus_friction_thdot_formula,,,,,,,,,,,,,,,0.003420660297692516,0,781,0.0,0.0,,,,,,,,,,,,,,,,,,,,,,,,,,,,,,,,,,,,,,,,,,,,,,,,,,,,,,,,,,,,,,,,,,,,,,,,,,nan,,,,,,,,,,,,,,,
1055,1925.9244384765625,0.01923770271241665,1.9237702712416649,8738.139074802399,10000,ppo,ppo,crawler,flat,action_dth_tot_plus_friction_thdot_formula,,,,,,,,,,,,,,,0.004015564452968573,0,781,0.0,0.0,,,,,,,,,,,,,,,,,,,,,,,,,,,,,,,,,,,,,,,,,,,,,,,,,,,,,,,,,,,,,,,,,,,,,,,,,,nan,,,,,,,,,,,,,,,
1056,2019.8992919921875,0.020177166908979416,2.0177166908979416,8746.458747625351,10000,ppo,ppo,crawler,flat,action_dth_tot_plus_friction_thdot_formula,,,,,,,,,,,,,,,0.0039242142907188185,0,781,0.0,0.0,,,,,,,,,,,,,,,,,,,,,,,,,,,,,,,,,,,,,,,,,,,,,,,,,,,,,,,,,,,,,,,,,,,,,,,,,,nan,,,,,,,,,,,,,,,
1057,2113.226318359375,0.021112633869051933,2.1112633869051933,8754.829898357391,10000,ppo,ppo,crawler,flat,action_dth_tot_plus_friction_thdot_formula,,,,,,,,,,,,,,,0.0035282260914650363,0,781,0.0,0.0,,,,,,,,,,,,,,,,,,,,,,,,,,,,,,,,,,,,,,,,,,,,,,,,,,,,,,,,,,,,,,,,,,,,,,,,,,nan,,,,,,,,,,,,,,,
1058,1926.9449462890625,0.01924995146691799,1.9249951466917992,8763.216656684875,10000,ppo,ppo,crawler,flat,action_dth_tot_plus_friction_thdot_formula,,,,,,,,,,,,,,,0.002977289432156223,0,781,0.0,0.0,,,,,,,,,,,,,,,,,,,,,,,,,,,,,,,,,,,,,,,,,,,,,,,,,,,,,,,,,,,,,,,,,,,,,,,,,,nan,,,,,,,,,,,,,,,
1059,1948.6343994140625,0.019464345648884773,1.9464345648884773,8771.529955148697,10000,ppo,ppo,crawler,flat,action_dth_tot_plus_friction_thdot_formula,,,,,,,,,,,,,,,0.003856801761309205,0,781,0.0,0.0,,,,,,,,,,,,,,,,,,,,,,,,,,,,,,,,,,,,,,,,,,,,,,,,,,,,,,,,,,,,,,,,,,,,,,,,,,nan,,,,,,,,,,,,,,,
1060,1961.4560546875,0.01959466002881527,1.959466002881527,8779.98184967041,10000,ppo,ppo,crawler,flat,action_dth_tot_plus_friction_thdot_formula,,,,,,,,,,,,,,,0.004544427386261749,0,781,0.0,0.0,,,,,,,,,,,,,,,,,,,,,,,,,,,,,,,,,,,,,,,,,,,,,,,,,,,,,,,,,,,,,,,,,,,,,,,,,,nan,,,,,,,,,,,,,,,
1061,1881.3182373046875,0.018791712820529938,1.8791712820529938,8788.207990169525,10000,ppo,ppo,crawler,flat,action_dth_tot_plus_friction_thdot_formula,,,,,,,,,,,,,,,0.003952572414521533,0,781,0.0,0.0,,,,,,,,,,,,,,,,,,,,,,,,,,,,,,,,,,,,,,,,,,,,,,,,,,,,,,,,,,,,,,,,,,,,,,,,,,nan,,,,,,,,,,,,,,,
1062,1888.8984375,0.018869444727897644,1.8869444727897644,8796.312286376953,10000,ppo,ppo,crawler,flat,action_dth_tot_plus_friction_thdot_formula,,,,,,,,,,,,,,,0.004021400388714198,0,781,0.0,0.0,,,,,,,,,,,,,,,,,,,,,,,,,,,,,,,,,,,,,,,,,,,,,,,,,,,,,,,,,,,,,,,,,,,,,,,,,,nan,,,,,,,,,,,,,,,
1063,1923.1136474609375,0.019212236627936363,1.9212236627936363,8804.494639635086,10000,ppo,ppo,crawler,flat,action_dth_tot_plus_friction_thdot_formula,,,,,,,,,,,,,,,0.0039800542604092335,0,781,0.0,0.0,,,,,,,,,,,,,,,,,,,,,,,,,,,,,,,,,,,,,,,,,,,,,,,,,,,,,,,,,,,,,,,,,,,,,,,,,,nan,,,,,,,,,,,,,,,
1064,1957.1278076171875,0.019551927223801613,1.9551927223801613,8812.75178027153,10000,ppo,ppo,crawler,flat,action_dth_tot_plus_friction_thdot_formula,,,,,,,,,,,,,,,0.0028484232292037156,0,781,0.0,0.0,,,,,,,,,,,,,,,,,,,,,,,,,,,,,,,,,,,,,,,,,,,,,,,,,,,,,,,,,,,,,,,,,,,,,,,,,,nan,,,,,,,,,,,,,,,
1065,1997.7547607421875,0.019958099350333214,1.9958099350333214,8821.261377573013,10000,ppo,ppo,crawler,flat,action_dth_tot_plus_friction_thdot_formula,,,,,,,,,,,,,,,0.004076246139694783,0,781,0.0,0.0,,,,,,,,,,,,,,,,,,,,,,,,,,,,,,,,,,,,,,,,,,,,,,,,,,,,,,,,,,,,,,,,,,,,,,,,,,nan,,,,,,,,,,,,,,,
1066,2068.95654296875,0.020668400451540947,2.0668400451540947,8829.58027935028,10000,ppo,ppo,crawler,flat,action_dth_tot_plus_friction_thdot_formula,,,,,,,,,,,,,,,0.0036324695120198906,0,781,0.0,0.0,,,,,,,,,,,,,,,,,,,,,,,,,,,,,,,,,,,,,,,,,,,,,,,,,,,,,,,,,,,,,,,,,,,,,,,,,,nan,,,,,,,,,,,,,,,
1067,1979.2421875,0.019768252968788147,1.9768252968788147,8838.03385424614,10000,ppo,ppo,crawler,flat,action_dth_tot_plus_friction_thdot_formula,,,,,,,,,,,,,,,0.0038915911316603335,0,781,0.0,0.0,,,,,,,,,,,,,,,,,,,,,,,,,,,,,,,,,,,,,,,,,,,,,,,,,,,,,,,,,,,,,,,,,,,,,,,,,,nan,,,,,,,,,,,,,,,
1068,1894.6195068359375,0.018927529454231262,1.8927529454231262,8846.468482732773,10000,ppo,ppo,crawler,flat,action_dth_tot_plus_friction_thdot_formula,,,,,,,,,,,,,,,0.0031902830149020244,0,781,0.0,0.0,,,,,,,,,,,,,,,,,,,,,,,,,,,,,,,,,,,,,,,,,,,,,,,,,,,,,,,,,,,,,,,,,,,,,,,,,,nan,,,,,,,,,,,,,,,
1069,1951.5906982421875,0.01949387416243553,1.9493874162435532,8854.721681833267,10000,ppo,ppo,crawler,flat,action_dth_tot_plus_friction_thdot_formula,,,,,,,,,,,,,,,0.003686757536757637,0,781,0.0,0.0,,,,,,,,,,,,,,,,,,,,,,,,,,,,,,,,,,,,,,,,,,,,,,,,,,,,,,,,,,,,,,,,,,,,,,,,,,nan,,,,,,,,,,,,,,,
1070,1968.341064453125,0.01965923048555851,1.965923048555851,8863.149693250656,10000,ppo,ppo,crawler,flat,action_dth_tot_plus_friction_thdot_formula,,,,,,,,,,,,,,,0.004147381280136275,0,781,0.0,0.0,,,,,,,,,,,,,,,,,,,,,,,,,,,,,,,,,,,,,,,,,,,,,,,,,,,,,,,,,,,,,,,,,,,,,,,,,,nan,,,,,,,,,,,,,,,
1071,1956.6922607421875,0.019547486677765846,1.9547486677765846,8871.59967136383,10000,ppo,ppo,crawler,flat,action_dth_tot_plus_friction_thdot_formula,,,,,,,,,,,,,,,0.004619052059913862,0,781,0.0,0.0,,,,,,,,,,,,,,,,,,,,,,,,,,,,,,,,,,,,,,,,,,,,,,,,,,,,,,,,,,,,,,,,,,,,,,,,,,nan,,,,,,,,,,,,,,,
1072,1904.576171875,0.019024301320314407,1.9024301320314407,8880.081802129745,10000,ppo,ppo,crawler,flat,action_dth_tot_plus_friction_thdot_formula,,,,,,,,,,,,,,,0.0039177918546190954,0,781,0.0,0.0,,,,,,,,,,,,,,,,,,,,,,,,,,,,,,,,,,,,,,,,,,,,,,,,,,,,,,,,,,,,,,,,,,,,,,,,,,nan,,,,,,,,,,,,,,,
1073,1994.2777099609375,0.019919084385037422,1.9919084385037422,8888.378237724304,10000,ppo,ppo,crawler,flat,action_dth_tot_plus_friction_thdot_formula,,,,,,,,,,,,,,,0.0037722681112713854,0,781,0.0,0.0,,,,,,,,,,,,,,,,,,,,,,,,,,,,,,,,,,,,,,,,,,,,,,,,,,,,,,,,,,,,,,,,,,,,,,,,,,nan,,,,,,,,,,,,,,,
1074,1979.2977294921875,0.01977483555674553,1.977483555674553,8896.661176204681,10000,ppo,ppo,crawler,flat,action_dth_tot_plus_friction_thdot_formula,,,,,,,,,,,,,,,0.0034803263850139857,0,781,0.0,0.0,,,,,,,,,,,,,,,,,,,,,,,,,,,,,,,,,,,,,,,,,,,,,,,,,,,,,,,,,,,,,,,,,,,,,,,,,,nan,,,,,,,,,,,,,,,
1075,2025.044189453125,0.02023307979106903,2.023307979106903,8905.087935209274,10000,ppo,ppo,crawler,flat,action_dth_tot_plus_friction_thdot_formula,,,,,,,,,,,,,,,0.0032369855594721105,0,781,0.0,0.0,,,,,,,,,,,,,,,,,,,,,,,,,,,,,,,,,,,,,,,,,,,,,,,,,,,,,,,,,,,,,,,,,,,,,,,,,,nan,,,,,,,,,,,,,,,
1076,1975.909423828125,0.019740063697099686,1.9740063697099686,8913.591284036636,10000,ppo,ppo,crawler,flat,action_dth_tot_plus_friction_thdot_formula,,,,,,,,,,,,,,,0.003985629321306123,0,781,0.0,0.0,,,,,,,,,,,,,,,,,,,,,,,,,,,,,,,,,,,,,,,,,,,,,,,,,,,,,,,,,,,,,,,,,,,,,,,,,,nan,,,,,,,,,,,,,,,
1077,1937.276611328125,0.019350813701748848,1.9350813701748848,8921.843239545822,10000,ppo,ppo,crawler,flat,action_dth_tot_plus_friction_thdot_formula,,,,,,,,,,,,,,,0.00431081105004841,0,781,0.0,0.0,,,,,,,,,,,,,,,,,,,,,,,,,,,,,,,,,,,,,,,,,,,,,,,,,,,,,,,,,,,,,,,,,,,,,,,,,,nan,,,,,,,,,,,,,,,
1078,1983.5516357421875,0.019815165549516678,1.9815165549516678,8930.153153657913,10000,ppo,ppo,crawler,flat,action_dth_tot_plus_friction_thdot_formula,,,,,,,,,,,,,,,0.003347903585091839,0,781,0.0,0.0,,,,,,,,,,,,,,,,,,,,,,,,,,,,,,,,,,,,,,,,,,,,,,,,,,,,,,,,,,,,,,,,,,,,,,,,,,nan,,,,,,,,,,,,,,,
1079,1950.2847900390625,0.019481701776385307,1.9481701776385307,8938.558042526245,10000,ppo,ppo,crawler,flat,action_dth_tot_plus_friction_thdot_formula,,,,,,,,,,,,,,,0.004246189498270131,0,781,0.0,0.0,,,,,,,,,,,,,,,,,,,,,,,,,,,,,,,,,,,,,,,,,,,,,,,,,,,,,,,,,,,,,,,,,,,,,,,,,,nan,,,,,,,,,,,,,,,
1080,1998.043212890625,0.01996104046702385,1.996104046702385,8946.903951644897,10000,ppo,ppo,crawler,flat,action_dth_tot_plus_friction_thdot_formula,,,,,,,,,,,,,,,0.0037201900007119747,0,781,0.0,0.0,,,,,,,,,,,,,,,,,,,,,,,,,,,,,,,,,,,,,,,,,,,,,,,,,,,,,,,,,,,,,,,,,,,,,,,,,,nan,,,,,,,,,,,,,,,
1081,1968.76953125,0.019668063148856163,1.9668063148856163,8955.235105991364,10000,ppo,ppo,crawler,flat,action_dth_tot_plus_friction_thdot_formula,,,,,,,,,,,,,,,0.003776708800590415,0,781,0.0,0.0,,,,,,,,,,,,,,,,,,,,,,,,,,,,,,,,,,,,,,,,,,,,,,,,,,,,,,,,,,,,,,,,,,,,,,,,,,nan,,,,,,,,,,,,,,,
1082,2001.056640625,0.01998935267329216,1.998935267329216,8963.425698757172,10000,ppo,ppo,crawler,flat,action_dth_tot_plus_friction_thdot_formula,,,,,,,,,,,,,,,0.004112557794655186,0,781,0.0,0.0,,,,,,,,,,,,,,,,,,,,,,,,,,,,,,,,,,,,,,,,,,,,,,,,,,,,,,,,,,,,,,,,,,,,,,,,,,nan,,,,,,,,,,,,,,,
1083,1910.4993896484375,0.019087273627519608,1.9087273627519608,8971.828864097595,10000,ppo,ppo,crawler,flat,action_dth_tot_plus_friction_thdot_formula,,,,,,,,,,,,,,,0.0053576917907240396,0,781,0.0,0.0,,,,,,,,,,,,,,,,,,,,,,,,,,,,,,,,,,,,,,,,,,,,,,,,,,,,,,,,,,,,,,,,,,,,,,,,,,nan,,,,,,,,,,,,,,,
1084,2053.985595703125,0.020515570417046547,2.0515570417046547,8980.503296375275,10000,ppo,ppo,crawler,flat,action_dth_tot_plus_friction_thdot_formula,,,,,,,,,,,,,,,0.004159083667683156,0,781,0.0,0.0,,,,,,,,,,,,,,,,,,,,,,,,,,,,,,,,,,,,,,,,,,,,,,,,,,,,,,,,,,,,,,,,,,,,,,,,,,nan,,,,,,,,,,,,,,,
1085,1982.5042724609375,0.01980629563331604,1.980629563331604,8988.661968946457,10000,ppo,ppo,crawler,flat,action_dth_tot_plus_friction_thdot_formula,,,,,,,,,,,,,,,0.003653321523850166,0,781,0.0,0.0,,,,,,,,,,,,,,,,,,,,,,,,,,,,,,,,,,,,,,,,,,,,,,,,,,,,,,,,,,,,,,,,,,,,,,,,,,nan,,,,,,,,,,,,,,,
1086,2024.7894287109375,0.020227447152137756,2.0227447152137756,8997.054005622864,10000,ppo,ppo,crawler,flat,action_dth_tot_plus_friction_thdot_formula,,,,,,,,,,,,,,,0.003370266516765081,0,781,0.0,0.0,,,,,,,,,,,,,,,,,,,,,,,,,,,,,,,,,,,,,,,,,,,,,,,,,,,,,,,,,,,,,,,,,,,,,,,,,,nan,,,,,,,,,,,,,,,
1087,2008.7908935546875,0.02006686106324196,2.006686106324196,9005.689131259918,10000,ppo,ppo,crawler,flat,action_dth_tot_plus_friction_thdot_formula,,,,,,,,,,,,,,,0.003831367997657424,0,781,0.0,0.0,,,,,,,,,,,,,,,,,,,,,,,,,,,,,,,,,,,,,,,,,,,,,,,,,,,,,,,,,,,,,,,,,,,,,,,,,,nan,,,,,,,,,,,,,,,
1088,2038.25390625,0.020365290343761444,2.0365290343761444,9014.092607736588,10000,ppo,ppo,crawler,flat,action_dth_tot_plus_friction_thdot_formula,,,,,,,,,,,,,,,0.003465267048377148,0,781,0.0,0.0,,,,,,,,,,,,,,,,,,,,,,,,,,,,,,,,,,,,,,,,,,,,,,,,,,,,,,,,,,,,,,,,,,,,,,,,,,nan,,,,,,,,,,,,,,,
1089,2088.89453125,0.02086709626019001,2.086709626019001,9022.37693309784,10000,ppo,ppo,crawler,flat,action_dth_tot_plus_friction_thdot_formula,,,,,,,,,,,,,,,0.0031482187637039095,0,781,0.0,0.0,,,,,,,,,,,,,,,,,,,,,,,,,,,,,,,,,,,,,,,,,,,,,,,,,,,,,,,,,,,,,,,,,,,,,,,,,,nan,,,,,,,,,,,,,,,
1090,1970.4671630859375,0.019685683771967888,1.9685683771967888,9030.533929347992,10000,ppo,ppo,crawler,flat,action_dth_tot_plus_friction_thdot_formula,,,,,,,,,,,,,,,0.0052626756915066,0,781,0.0,0.0,,,,,,,,,,,,,,,,,,,,,,,,,,,,,,,,,,,,,,,,,,,,,,,,,,,,,,,,,,,,,,,,,,,,,,,,,,nan,,,,,,,,,,,,,,,
1091,1914.2020263671875,0.019120045006275177,1.9120045006275177,9039.106729745865,10000,ppo,ppo,crawler,flat,action_dth_tot_plus_friction_thdot_formula,,,,,,,,,,,,,,,0.004390483483819412,0,781,0.0,0.0,,,,,,,,,,,,,,,,,,,,,,,,,,,,,,,,,,,,,,,,,,,,,,,,,,,,,,,,,,,,,,,,,,,,,,,,,,nan,,,,,,,,,,,,,,,
1092,1973.9774169921875,0.019717907533049583,1.9717907533049583,9047.515199184418,10000,ppo,ppo,crawler,flat,action_dth_tot_plus_friction_thdot_formula,,,,,,,,,,,,,,,0.004091533322394652,0,781,0.0,0.0,,,,,,,,,,,,,,,,,,,,,,,,,,,,,,,,,,,,,,,,,,,,,,,,,,,,,,,,,,,,,,,,,,,,,,,,,,nan,,,,,,,,,,,,,,,
1093,1972.306884765625,0.01970195583999157,1.970195583999157,9055.591088533401,10000,ppo,ppo,crawler,flat,action_dth_tot_plus_friction_thdot_formula,,,,,,,,,,,,,,,0.0035082008365065302,0,781,0.0,0.0,,,,,,,,,,,,,,,,,,,,,,,,,,,,,,,,,,,,,,,,,,,,,,,,,,,,,,,,,,,,,,,,,,,,,,,,,,nan,,,,,,,,,,,,,,,
1094,1906.8114013671875,0.01904723048210144,1.904723048210144,9063.78957748413,10000,ppo,ppo,crawler,flat,action_dth_tot_plus_friction_thdot_formula,,,,,,,,,,,,,,,0.004610223949073889,0,781,0.0,0.0,,,,,,,,,,,,,,,,,,,,,,,,,,,,,,,,,,,,,,,,,,,,,,,,,,,,,,,,,,,,,,,,,,,,,,,,,,nan,,,,,,,,,,,,,,,
1095,1933.068359375,0.01930832490324974,1.930832490324974,9072.238240480423,10000,ppo,ppo,crawler,flat,action_dth_tot_plus_friction_thdot_formula,,,,,,,,,,,,,,,0.0036871571004511157,0,781,0.0,0.0,,,,,,,,,,,,,,,,,,,,,,,,,,,,,,,,,,,,,,,,,,,,,,,,,,,,,,,,,,,,,,,,,,,,,,,,,,nan,,,,,,,,,,,,,,,
1096,1951.5738525390625,0.019495155662298203,1.9495155662298203,9080.540222167969,10000,ppo,ppo,crawler,flat,action_dth_tot_plus_friction_thdot_formula,,,,,,,,,,,,,,,0.00443608089792572,0,781,0.0,0.0,,,,,,,,,,,,,,,,,,,,,,,,,,,,,,,,,,,,,,,,,,,,,,,,,,,,,,,,,,,,,,,,,,,,,,,,,,nan,,,,,,,,,,,,,,,
1097,1941.223876953125,0.019390571862459183,1.9390571862459183,9089.034431219101,10000,ppo,ppo,crawler,flat,action_dth_tot_plus_friction_thdot_formula,,,,,,,,,,,,,,,0.003928934956688217,0,781,0.0,0.0,,,,,,,,,,,,,,,,,,,,,,,,,,,,,,,,,,,,,,,,,,,,,,,,,,,,,,,,,,,,,,,,,,,,,,,,,,nan,,,,,,,,,,,,,,,
1098,1942.0025634765625,0.01939653791487217,1.939653791487217,9097.341656923294,10000,ppo,ppo,crawler,flat,action_dth_tot_plus_friction_thdot_formula,,,,,,,,,,,,,,,0.0042729350769827945,0,781,0.0,0.0,,,,,,,,,,,,,,,,,,,,,,,,,,,,,,,,,,,,,,,,,,,,,,,,,,,,,,,,,,,,,,,,,,,,,,,,,,nan,,,,,,,,,,,,,,,
1099,2068.0400390625,0.020656710490584373,2.0656710490584373,9105.868020296097,10000,ppo,ppo,crawler,flat,action_dth_tot_plus_friction_thdot_formula,,,,,,,,,,,,,,,0.003252384108333239,0,781,0.0,0.0,,,,,,,,,,,,,,,,,,,,,,,,,,,,,,,,,,,,,,,,,,,,,,,,,,,,,,,,,,,,,,,,,,,,,,,,,,nan,,,,,,,,,,,,,,,
1100,1921.0947265625,0.019190771505236626,1.9190771505236626,9114.293087720871,10000,ppo,ppo,crawler,flat,action_dth_tot_plus_friction_thdot_formula,,,,,,,,,,,,,,,0.004426630441842913,0,781,0.0,0.0,,,,,,,,,,,,,,,,,,,,,,,,,,,,,,,,,,,,,,,,,,,,,,,,,,,,,,,,,,,,,,,,,,,,,,,,,,nan,,,,,,,,,,,,,,,
1101,1907.8465576171875,0.01905747316777706,1.9057473167777061,9122.849912643433,10000,ppo,ppo,crawler,flat,action_dth_tot_plus_friction_thdot_formula,,,,,,,,,,,,,,,0.004272529370368788,0,781,0.0,0.0,,,,,,,,,,,,,,,,,,,,,,,,,,,,,,,,,,,,,,,,,,,,,,,,,,,,,,,,,,,,,,,,,,,,,,,,,,nan,,,,,,,,,,,,,,,
1102,1994.8131103515625,0.019928282126784325,1.9928282126784325,9131.024109601974,10000,ppo,ppo,crawler,flat,action_dth_tot_plus_friction_thdot_formula,,,,,,,,,,,,,,,0.003962361591268288,0,781,0.0,0.0,,,,,,,,,,,,,,,,,,,,,,,,,,,,,,,,,,,,,,,,,,,,,,,,,,,,,,,,,,,,,,,,,,,,,,,,,,nan,,,,,,,,,,,,,,,
1103,1850.5908203125,0.018482934683561325,1.8482934683561325,9139.24351978302,10000,ppo,ppo,crawler,flat,action_dth_tot_plus_friction_thdot_formula,,,,,,,,,,,,,,,0.004362627993751897,0,781,0.0,0.0,,,,,,,,,,,,,,,,,,,,,,,,,,,,,,,,,,,,,,,,,,,,,,,,,,,,,,,,,,,,,,,,,,,,,,,,,,nan,,,,,,,,,,,,,,,
1104,1973.9935302734375,0.019720789045095444,1.9720789045095444,9147.75028705597,10000,ppo,ppo,crawler,flat,action_dth_tot_plus_friction_thdot_formula,,,,,,,,,,,,,,,0.003806803663688737,0,781,0.0,0.0,,,,,,,,,,,,,,,,,,,,,,,,,,,,,,,,,,,,,,,,,,,,,,,,,,,,,,,,,,,,,,,,,,,,,,,,,,nan,,,,,,,,,,,,,,,
1105,1957.6981201171875,0.019558092579245567,1.9558092579245567,9155.704079389572,10000,ppo,ppo,crawler,flat,action_dth_tot_plus_friction_thdot_formula,,,,,,,,,,,,,,,0.004558347943599638,0,781,0.0,0.0,,,,,,,,,,,,,,,,,,,,,,,,,,,,,,,,,,,,,,,,,,,,,,,,,,,,,,,,,,,,,,,,,,,,,,,,,,nan,,,,,,,,,,,,,,,
1106,1994.55859375,0.019924452528357506,1.9924452528357506,9164.009895801544,10000,ppo,ppo,crawler,flat,action_dth_tot_plus_friction_thdot_formula,,,,,,,,,,,,,,,0.004546163415066151,0,781,0.0,0.0,,,,,,,,,,,,,,,,,,,,,,,,,,,,,,,,,,,,,,,,,,,,,,,,,,,,,,,,,,,,,,,,,,,,,,,,,,nan,,,,,,,,,,,,,,,
1107,1921.2261962890625,0.01919141411781311,1.919141411781311,9172.543662071228,10000,ppo,ppo,crawler,flat,action_dth_tot_plus_friction_thdot_formula,,,,,,,,,,,,,,,0.003891689596141995,0,781,0.0,0.0,,,,,,,,,,,,,,,,,,,,,,,,,,,,,,,,,,,,,,,,,,,,,,,,,,,,,,,,,,,,,,,,,,,,,,,,,,nan,,,,,,,,,,,,,,,
1108,1956.6121826171875,0.019543685019016266,1.9543685019016266,9180.830418109894,10000,ppo,ppo,crawler,flat,action_dth_tot_plus_friction_thdot_formula,,,,,,,,,,,,,,,0.0037288558443563436,0,781,0.0,0.0,,,,,,,,,,,,,,,,,,,,,,,,,,,,,,,,,,,,,,,,,,,,,,,,,,,,,,,,,,,,,,,,,,,,,,,,,,nan,,,,,,,,,,,,,,,
1109,2021.267578125,0.020192012190818787,2.0192012190818787,9189.105665922165,10000,ppo,ppo,crawler,flat,action_dth_tot_plus_friction_thdot_formula,,,,,,,,,,,,,,,0.0035443177323972643,0,781,0.0,0.0,,,,,,,,,,,,,,,,,,,,,,,,,,,,,,,,,,,,,,,,,,,,,,,,,,,,,,,,,,,,,,,,,,,,,,,,,,nan,,,,,,,,,,,,,,,
1110,2032.8538818359375,0.020307118073105812,2.030711807310581,9197.387695550919,10000,ppo,ppo,crawler,flat,action_dth_tot_plus_friction_thdot_formula,,,,,,,,,,,,,,,0.0035112188386605043,0,781,0.0,0.0,,,,,,,,,,,,,,,,,,,,,,,,,,,,,,,,,,,,,,,,,,,,,,,,,,,,,,,,,,,,,,,,,,,,,,,,,,nan,,,,,,,,,,,,,,,
1111,2052.170654296875,0.020495900884270668,2.049590088427067,9205.555777311325,10000,ppo,ppo,crawler,flat,action_dth_tot_plus_friction_thdot_formula,,,,,,,,,,,,,,,0.003662424785694377,0,781,0.0,0.0,,,,,,,,,,,,,,,,,,,,,,,,,,,,,,,,,,,,,,,,,,,,,,,,,,,,,,,,,,,,,,,,,,,,,,,,,,nan,,,,,,,,,,,,,,,
1112,2032.4527587890625,0.020305605605244637,2.0305605605244637,9213.9017932415,10000,ppo,ppo,crawler,flat,action_dth_tot_plus_friction_thdot_formula,,,,,,,,,,,,,,,0.0035489786428365994,0,781,0.0,0.0,,,,,,,,,,,,,,,,,,,,,,,,,,,,,,,,,,,,,,,,,,,,,,,,,,,,,,,,,,,,,,,,,,,,,,,,,,nan,,,,,,,,,,,,,,,
1113,1931.8289794921875,0.019297128543257713,1.9297128543257713,9222.084408044815,10000,ppo,ppo,crawler,flat,action_dth_tot_plus_friction_thdot_formula,,,,,,,,,,,,,,,0.004235034225657332,0,781,0.0,0.0,,,,,,,,,,,,,,,,,,,,,,,,,,,,,,,,,,,,,,,,,,,,,,,,,,,,,,,,,,,,,,,,,,,,,,,,,,nan,,,,,,,,,,,,,,,
1114,1952.862548828125,0.019505279138684273,1.9505279138684273,9230.241964578629,10000,ppo,ppo,crawler,flat,action_dth_tot_plus_friction_thdot_formula,,,,,,,,,,,,,,,0.004235563222693027,0,781,0.0,0.0,,,,,,,,,,,,,,,,,,,,,,,,,,,,,,,,,,,,,,,,,,,,,,,,,,,,,,,,,,,,,,,,,,,,,,,,,,nan,,,,,,,,,,,,,,,
1115,1857.7388916015625,0.01855560578405857,1.855560578405857,9238.432477474213,10000,ppo,ppo,crawler,flat,action_dth_tot_plus_friction_thdot_formula,,,,,,,,,,,,,,,0.005252197543880574,0,781,0.0,0.0,,,,,,,,,,,,,,,,,,,,,,,,,,,,,,,,,,,,,,,,,,,,,,,,,,,,,,,,,,,,,,,,,,,,,,,,,,nan,,,,,,,,,,,,,,,
1116,1939.1607666015625,0.019370101392269135,1.9370101392269135,9246.522314786911,10000,ppo,ppo,crawler,flat,action_dth_tot_plus_friction_thdot_formula,,,,,,,,,,,,,,,0.0038810647353986053,0,781,0.0,0.0,,,,,,,,,,,,,,,,,,,,,,,,,,,,,,,,,,,,,,,,,,,,,,,,,,,,,,,,,,,,,,,,,,,,,,,,,,nan,,,,,,,,,,,,,,,
1117,2024.4671630859375,0.020222127437591553,2.0222127437591553,9254.953933477402,10000,ppo,ppo,crawler,flat,action_dth_tot_plus_friction_thdot_formula,,,,,,,,,,,,,,,0.0041138280551476945,0,781,0.0,0.0,,,,,,,,,,,,,,,,,,,,,,,,,,,,,,,,,,,,,,,,,,,,,,,,,,,,,,,,,,,,,,,,,,,,,,,,,,nan,,,,,,,,,,,,,,,
1118,2012.6129150390625,0.02010289393365383,2.010289393365383,9263.067649841309,10000,ppo,ppo,crawler,flat,action_dth_tot_plus_friction_thdot_formula,,,,,,,,,,,,,,,0.0034665407453202757,0,781,0.0,0.0,,,,,,,,,,,,,,,,,,,,,,,,,,,,,,,,,,,,,,,,,,,,,,,,,,,,,,,,,,,,,,,,,,,,,,,,,,nan,,,,,,,,,,,,,,,
1119,1914.7908935546875,0.019123753532767296,1.9123753532767296,9271.397140979767,10000,ppo,ppo,crawler,flat,action_dth_tot_plus_friction_thdot_formula,,,,,,,,,,,,,,,0.004170869092892846,0,781,0.0,0.0,,,,,,,,,,,,,,,,,,,,,,,,,,,,,,,,,,,,,,,,,,,,,,,,,,,,,,,,,,,,,,,,,,,,,,,,,,nan,,,,,,,,,,,,,,,
1120,1845.1402587890625,0.018432477489113808,1.8432477489113808,9279.754402637482,10000,ppo,ppo,crawler,flat,action_dth_tot_plus_friction_thdot_formula,,,,,,,,,,,,,,,0.005485070821590347,0,781,0.0,0.0,,,,,,,,,,,,,,,,,,,,,,,,,,,,,,,,,,,,,,,,,,,,,,,,,,,,,,,,,,,,,,,,,,,,,,,,,,nan,,,,,,,,,,,,,,,
1121,1868.9332275390625,0.018668752163648605,1.8668752163648605,9288.159536838531,10000,ppo,ppo,crawler,flat,action_dth_tot_plus_friction_thdot_formula,,,,,,,,,,,,,,,0.0046178092027459264,0,781,0.0,0.0,,,,,,,,,,,,,,,,,,,,,,,,,,,,,,,,,,,,,,,,,,,,,,,,,,,,,,,,,,,,,,,,,,,,,,,,,,nan,,,,,,,,,,,,,,,
1122,1931.0902099609375,0.019291484728455544,1.9291484728455544,9296.411786556244,10000,ppo,ppo,crawler,flat,action_dth_tot_plus_friction_thdot_formula,,,,,,,,,,,,,,,0.0036721622646102388,0,781,0.0,0.0,,,,,,,,,,,,,,,,,,,,,,,,,,,,,,,,,,,,,,,,,,,,,,,,,,,,,,,,,,,,,,,,,,,,,,,,,,nan,,,,,,,,,,,,,,,
1123,1838.7947998046875,0.018368138000369072,1.8368138000369072,9304.801355838776,10000,ppo,ppo,crawler,flat,action_dth_tot_plus_friction_thdot_formula,,,,,,,,,,,,,,,0.005019915389897547,0,781,0.0,0.0,,,,,,,,,,,,,,,,,,,,,,,,,,,,,,,,,,,,,,,,,,,,,,,,,,,,,,,,,,,,,,,,,,,,,,,,,,nan,,,,,,,,,,,,,,,
1124,2008.7554931640625,0.020068855956196785,2.0068855956196785,9312.870361566544,10000,ppo,ppo,crawler,flat,action_dth_tot_plus_friction_thdot_formula,,,,,,,,,,,,,,,0.003569165339127598,0,781,0.0,0.0,,,,,,,,,,,,,,,,,,,,,,,,,,,,,,,,,,,,,,,,,,,,,,,,,,,,,,,,,,,,,,,,,,,,,,,,,,nan,,,,,,,,,,,,,,,
1125,1862.7991943359375,0.01860891468822956,1.860891468822956,9321.297248840332,10000,ppo,ppo,crawler,flat,action_dth_tot_plus_friction_thdot_formula,,,,,,,,,,,,,,,0.0035083012474792035,0,781,0.0,0.0,,,,,,,,,,,,,,,,,,,,,,,,,,,,,,,,,,,,,,,,,,,,,,,,,,,,,,,,,,,,,,,,,,,,,,,,,,nan,,,,,,,,,,,,,,,
1126,1904.1343994140625,0.019022030755877495,1.9022030755877495,9329.664249181747,10000,ppo,ppo,crawler,flat,action_dth_tot_plus_friction_thdot_formula,,,,,,,,,,,,,,,0.0040409257326548785,0,781,0.0,0.0,,,,,,,,,,,,,,,,,,,,,,,,,,,,,,,,,,,,,,,,,,,,,,,,,,,,,,,,,,,,,,,,,,,,,,,,,,nan,,,,,,,,,,,,,,,
1127,1982.451171875,0.019807131960988045,1.9807131960988045,9337.975717067719,10000,ppo,ppo,crawler,flat,action_dth_tot_plus_friction_thdot_formula,,,,,,,,,,,,,,,0.0033770325192606265,0,781,0.0,0.0,,,,,,,,,,,,,,,,,,,,,,,,,,,,,,,,,,,,,,,,,,,,,,,,,,,,,,,,,,,,,,,,,,,,,,,,,,nan,,,,,,,,,,,,,,,
1128,2004.1746826171875,0.020015167072415352,2.001516707241535,9346.250437498093,10000,ppo,ppo,crawler,flat,action_dth_tot_plus_friction_thdot_formula,,,,,,,,,,,,,,,0.003271071740139035,0,781,0.0,0.0,,,,,,,,,,,,,,,,,,,,,,,,,,,,,,,,,,,,,,,,,,,,,,,,,,,,,,,,,,,,,,,,,,,,,,,,,,nan,,,,,,,,,,,,,,,
1129,1890.53125,0.018886230885982513,1.8886230885982513,9354.648552894592,10000,ppo,ppo,crawler,flat,action_dth_tot_plus_friction_thdot_formula,,,,,,,,,,,,,,,0.003993141840294924,0,781,0.0,0.0,,,,,,,,,,,,,,,,,,,,,,,,,,,,,,,,,,,,,,,,,,,,,,,,,,,,,,,,,,,,,,,,,,,,,,,,,,nan,,,,,,,,,,,,,,,
1130,2002.096923828125,0.019999124109745026,1.9999124109745026,9363.097262620926,10000,ppo,ppo,crawler,flat,action_dth_tot_plus_friction_thdot_formula,,,,,,,,,,,,,,,0.0036961961900260866,0,781,0.0,0.0,,,,,,,,,,,,,,,,,,,,,,,,,,,,,,,,,,,,,,,,,,,,,,,,,,,,,,,,,,,,,,,,,,,,,,,,,,nan,,,,,,,,,,,,,,,
1131,1937.6422119140625,0.01935439184308052,1.935439184308052,9371.025284290314,10000,ppo,ppo,crawler,flat,action_dth_tot_plus_friction_thdot_formula,,,,,,,,,,,,,,,0.003266564324717592,0,781,0.0,0.0,,,,,,,,,,,,,,,,,,,,,,,,,,,,,,,,,,,,,,,,,,,,,,,,,,,,,,,,,,,,,,,,,,,,,,,,,,nan,,,,,,,,,,,,,,,
1132,2015.4617919921875,0.02013472095131874,2.013472095131874,9379.357869625092,10000,ppo,ppo,crawler,flat,action_dth_tot_plus_friction_thdot_formula,,,,,,,,,,,,,,,0.003156387226649521,0,781,0.0,0.0,,,,,,,,,,,,,,,,,,,,,,,,,,,,,,,,,,,,,,,,,,,,,,,,,,,,,,,,,,,,,,,,,,,,,,,,,,nan,,,,,,,,,,,,,,,
1133,1984.5845947265625,0.019824614748358727,1.9824614748358727,9387.770523071289,10000,ppo,ppo,crawler,flat,action_dth_tot_plus_friction_thdot_formula,,,,,,,,,,,,,,,0.0035936136014307,0,781,0.0,0.0,,,,,,,,,,,,,,,,,,,,,,,,,,,,,,,,,,,,,,,,,,,,,,,,,,,,,,,,,,,,,,,,,,,,,,,,,,nan,,,,,,,,,,,,,,,
1134,1945.798828125,0.01943356543779373,1.9433565437793732,9396.049443483353,10000,ppo,ppo,crawler,flat,action_dth_tot_plus_friction_thdot_formula,,,,,,,,,,,,,,,0.004060594946257508,0,781,0.0,0.0,,,,,,,,,,,,,,,,,,,,,,,,,,,,,,,,,,,,,,,,,,,,,,,,,,,,,,,,,,,,,,,,,,,,,,,,,,nan,,,,,,,,,,,,,,,
1135,2039.7193603515625,0.020372947677969933,2.0372947677969933,9404.28703904152,10000,ppo,ppo,crawler,flat,action_dth_tot_plus_friction_thdot_formula,,,,,,,,,,,,,,,0.0033597130312467477,0,781,0.0,0.0,,,,,,,,,,,,,,,,,,,,,,,,,,,,,,,,,,,,,,,,,,,,,,,,,,,,,,,,,,,,,,,,,,,,,,,,,,nan,,,,,,,,,,,,,,,
1136,1967.594970703125,0.019656697288155556,1.9656697288155556,9412.836167812347,10000,ppo,ppo,crawler,flat,action_dth_tot_plus_friction_thdot_formula,,,,,,,,,,,,,,,0.004091283350899129,0,781,0.0,0.0,,,,,,,,,,,,,,,,,,,,,,,,,,,,,,,,,,,,,,,,,,,,,,,,,,,,,,,,,,,,,,,,,,,,,,,,,,nan,,,,,,,,,,,,,,,
1137,1986.684814453125,0.01984182931482792,1.984182931482792,9421.110823869705,10000,ppo,ppo,crawler,flat,action_dth_tot_plus_friction_thdot_formula,,,,,,,,,,,,,,,0.0038039623435482946,0,781,0.0,0.0,,,,,,,,,,,,,,,,,,,,,,,,,,,,,,,,,,,,,,,,,,,,,,,,,,,,,,,,,,,,,,,,,,,,,,,,,,nan,,,,,,,,,,,,,,,
1138,2020.9456787109375,0.020187411457300186,2.0187411457300186,9429.181836366653,10000,ppo,ppo,crawler,flat,action_dth_tot_plus_friction_thdot_formula,,,,,,,,,,,,,,,0.0033878653708078617,0,781,0.0,0.0,,,,,,,,,,,,,,,,,,,,,,,,,,,,,,,,,,,,,,,,,,,,,,,,,,,,,,,,,,,,,,,,,,,,,,,,,,nan,,,,,,,,,,,,,,,
1139,2081.603515625,0.020795736461877823,2.0795736461877823,9437.724091768265,10000,ppo,ppo,crawler,flat,action_dth_tot_plus_friction_thdot_formula,,,,,,,,,,,,,,,0.004354519338395313,0,781,0.0,0.0,,,,,,,,,,,,,,,,,,,,,,,,,,,,,,,,,,,,,,,,,,,,,,,,,,,,,,,,,,,,,,,,,,,,,,,,,,nan,,,,,,,,,,,,,,,
1140,1954.430908203125,0.019521502777934074,1.9521502777934074,9446.12564611435,10000,ppo,ppo,crawler,flat,action_dth_tot_plus_friction_thdot_formula,,,,,,,,,,,,,,,0.004385639931677177,0,781,0.0,0.0,,,,,,,,,,,,,,,,,,,,,,,,,,,,,,,,,,,,,,,,,,,,,,,,,,,,,,,,,,,,,,,,,,,,,,,,,,nan,,,,,,,,,,,,,,,
1141,1831.01171875,0.018295930698513985,1.8295930698513985,9454.247705221176,10000,ppo,ppo,crawler,flat,action_dth_tot_plus_friction_thdot_formula,,,,,,,,,,,,,,,0.006539218616083076,0,781,0.0,0.0,,,,,,,,,,,,,,,,,,,,,,,,,,,,,,,,,,,,,,,,,,,,,,,,,,,,,,,,,,,,,,,,,,,,,,,,,,nan,,,,,,,,,,,,,,,
1142,1929.53125,0.019274495542049408,1.9274495542049408,9462.431806325912,10000,ppo,ppo,crawler,flat,action_dth_tot_plus_friction_thdot_formula,,,,,,,,,,,,,,,0.004416865764931679,0,781,0.0,0.0,,,,,,,,,,,,,,,,,,,,,,,,,,,,,,,,,,,,,,,,,,,,,,,,,,,,,,,,,,,,,,,,,,,,,,,,,,nan,,,,,,,,,,,,,,,
1143,1921.021484375,0.019188936799764633,1.9188936799764633,9470.831783771515,10000,ppo,ppo,crawler,flat,action_dth_tot_plus_friction_thdot_formula,,,,,,,,,,,,,,,0.003584953992788247,0,781,0.0,0.0,,,,,,,,,,,,,,,,,,,,,,,,,,,,,,,,,,,,,,,,,,,,,,,,,,,,,,,,,,,,,,,,,,,,,,,,,,nan,,,,,,,,,,,,,,,
1144,1986.085205078125,0.019844604656100273,1.9844604656100273,9479.24220752716,10000,ppo,ppo,crawler,flat,action_dth_tot_plus_friction_thdot_formula,,,,,,,,,,,,,,,0.0036160068405138046,0,781,0.0,0.0,,,,,,,,,,,,,,,,,,,,,,,,,,,,,,,,,,,,,,,,,,,,,,,,,,,,,,,,,,,,,,,,,,,,,,,,,,nan,,,,,,,,,,,,,,,
1145,1914.7086181640625,0.01912691816687584,1.912691816687584,9487.341401100159,10000,ppo,ppo,crawler,flat,action_dth_tot_plus_friction_thdot_formula,,,,,,,,,,,,,,,0.0035922377316338436,0,781,0.0,0.0,,,,,,,,,,,,,,,,,,,,,,,,,,,,,,,,,,,,,,,,,,,,,,,,,,,,,,,,,,,,,,,,,,,,,,,,,,nan,,,,,,,,,,,,,,,
1146,1979.3914794921875,0.019779302179813385,1.9779302179813385,9495.647731542587,10000,ppo,ppo,crawler,flat,action_dth_tot_plus_friction_thdot_formula,,,,,,,,,,,,,,,0.0036493693631563916,0,781,0.0,0.0,,,,,,,,,,,,,,,,,,,,,,,,,,,,,,,,,,,,,,,,,,,,,,,,,,,,,,,,,,,,,,,,,,,,,,,,,,nan,,,,,,,,,,,,,,,
1147,1944.8680419921875,0.019428694620728493,1.9428694620728493,9503.930530071259,10000,ppo,ppo,crawler,flat,action_dth_tot_plus_friction_thdot_formula,,,,,,,,,,,,,,,0.004180123049191351,0,781,0.0,0.0,,,,,,,,,,,,,,,,,,,,,,,,,,,,,,,,,,,,,,,,,,,,,,,,,,,,,,,,,,,,,,,,,,,,,,,,,,nan,,,,,,,,,,,,,,,
1148,1929.8648681640625,0.019276166334748268,1.9276166334748268,9512.365556001663,10000,ppo,ppo,crawler,flat,action_dth_tot_plus_friction_thdot_formula,,,,,,,,,,,,,,,0.003858612589491889,0,781,0.0,0.0,,,,,,,,,,,,,,,,,,,,,,,,,,,,,,,,,,,,,,,,,,,,,,,,,,,,,,,,,,,,,,,,,,,,,,,,,,nan,,,,,,,,,,,,,,,
1149,1993.9412841796875,0.01991927996277809,1.9919279962778091,9520.599155902863,10000,ppo,ppo,crawler,flat,action_dth_tot_plus_friction_thdot_formula,,,,,,,,,,,,,,,0.0042371912351460645,0,781,0.0,0.0,,,,,,,,,,,,,,,,,,,,,,,,,,,,,,,,,,,,,,,,,,,,,,,,,,,,,,,,,,,,,,,,,,,,,,,,,,nan,,,,,,,,,,,,,,,
1150,1893.4105224609375,0.01890990138053894,1.890990138053894,9528.651714324951,10000,ppo,ppo,crawler,flat,action_dth_tot_plus_friction_thdot_formula,,,,,,,,,,,,,,,0.004017440722884119,0,781,0.0,0.0,,,,,,,,,,,,,,,,,,,,,,,,,,,,,,,,,,,,,,,,,,,,,,,,,,,,,,,,,,,,,,,,,,,,,,,,,,nan,,,,,,,,,,,,,,,
1151,1939.6412353515625,0.01937301829457283,1.937301829457283,9537.319293737411,10000,ppo,ppo,crawler,flat,action_dth_tot_plus_friction_thdot_formula,,,,,,,,,,,,,,,0.003446859267266603,0,781,0.0,0.0,,,,,,,,,,,,,,,,,,,,,,,,,,,,,,,,,,,,,,,,,,,,,,,,,,,,,,,,,,,,,,,,,,,,,,,,,,nan,,,,,,,,,,,,,,,
1152,2014.620361328125,0.02012166567146778,2.012166567146778,9545.708390712738,10000,ppo,ppo,crawler,flat,action_dth_tot_plus_friction_thdot_formula,,,,,,,,,,,,,,,0.0036059339279526544,0,781,0.0,0.0,,,,,,,,,,,,,,,,,,,,,,,,,,,,,,,,,,,,,,,,,,,,,,,,,,,,,,,,,,,,,,,,,,,,,,,,,,nan,,,,,,,,,,,,,,,
1153,1963.2509765625,0.019610155373811722,1.9610155373811722,9554.018200874329,10000,ppo,ppo,crawler,flat,action_dth_tot_plus_friction_thdot_formula,,,,,,,,,,,,,,,0.004282403639523687,0,781,0.0,0.0,,,,,,,,,,,,,,,,,,,,,,,,,,,,,,,,,,,,,,,,,,,,,,,,,,,,,,,,,,,,,,,,,,,,,,,,,,nan,,,,,,,,,,,,,,,
1154,2020.6685791015625,0.020182469859719276,2.0182469859719276,9562.219652414322,10000,ppo,ppo,crawler,flat,action_dth_tot_plus_friction_thdot_formula,,,,,,,,,,,,,,,0.004454296166215881,0,781,0.0,0.0,,,,,,,,,,,,,,,,,,,,,,,,,,,,,,,,,,,,,,,,,,,,,,,,,,,,,,,,,,,,,,,,,,,,,,,,,,nan,,,,,,,,,,,,,,,
1155,1956.022705078125,0.01953778974711895,1.953778974711895,9570.717117071152,10000,ppo,ppo,crawler,flat,action_dth_tot_plus_friction_thdot_formula,,,,,,,,,,,,,,,0.003992635944471235,0,781,0.0,0.0,,,,,,,,,,,,,,,,,,,,,,,,,,,,,,,,,,,,,,,,,,,,,,,,,,,,,,,,,,,,,,,,,,,,,,,,,,nan,,,,,,,,,,,,,,,
1156,1931.932861328125,0.019299650564789772,1.9299650564789772,9579.025535583496,10000,ppo,ppo,crawler,flat,action_dth_tot_plus_friction_thdot_formula,,,,,,,,,,,,,,,0.003155499048099976,0,781,0.0,0.0,,,,,,,,,,,,,,,,,,,,,,,,,,,,,,,,,,,,,,,,,,,,,,,,,,,,,,,,,,,,,,,,,,,,,,,,,,nan,,,,,,,,,,,,,,,
1157,2066.057373046875,0.020640036091208458,2.064003609120846,9587.207196712494,10000,ppo,ppo,crawler,flat,action_dth_tot_plus_friction_thdot_formula,,,,,,,,,,,,,,,0.003207012230243293,0,781,0.0,0.0,,,,,,,,,,,,,,,,,,,,,,,,,,,,,,,,,,,,,,,,,,,,,,,,,,,,,,,,,,,,,,,,,,,,,,,,,,nan,,,,,,,,,,,,,,,
1158,1940.759033203125,0.01938818022608757,1.938818022608757,9595.54797077179,10000,ppo,ppo,crawler,flat,action_dth_tot_plus_friction_thdot_formula,,,,,,,,,,,,,,,0.004167686988250502,0,781,0.0,0.0,,,,,,,,,,,,,,,,,,,,,,,,,,,,,,,,,,,,,,,,,,,,,,,,,,,,,,,,,,,,,,,,,,,,,,,,,,nan,,,,,,,,,,,,,,,
1159,1837.0770263671875,0.018350817263126373,1.8350817263126373,9603.730329036713,10000,ppo,ppo,crawler,flat,action_dth_tot_plus_friction_thdot_formula,,,,,,,,,,,,,,,0.004313306845638128,0,781,0.0,0.0,,,,,,,,,,,,,,,,,,,,,,,,,,,,,,,,,,,,,,,,,,,,,,,,,,,,,,,,,,,,,,,,,,,,,,,,,,nan,,,,,,,,,,,,,,,
1160,1979.79296875,0.019774718210101128,1.9774718210101128,9611.960754156113,10000,ppo,ppo,crawler,flat,action_dth_tot_plus_friction_thdot_formula,,,,,,,,,,,,,,,0.004269883822081503,0,781,0.0,0.0,,,,,,,,,,,,,,,,,,,,,,,,,,,,,,,,,,,,,,,,,,,,,,,,,,,,,,,,,,,,,,,,,,,,,,,,,,nan,,,,,,,,,,,,,,,
1161,2012.5711669921875,0.020109286531805992,2.010928653180599,9620.228976011276,10000,ppo,ppo,crawler,flat,action_dth_tot_plus_friction_thdot_formula,,,,,,,,,,,,,,,0.00347291411754166,0,781,0.0,0.0,,,,,,,,,,,,,,,,,,,,,,,,,,,,,,,,,,,,,,,,,,,,,,,,,,,,,,,,,,,,,,,,,,,,,,,,,,nan,,,,,,,,,,,,,,,
1162,1994.2855224609375,0.019918859004974365,1.9918859004974365,9628.668157100677,10000,ppo,ppo,crawler,flat,action_dth_tot_plus_friction_thdot_formula,,,,,,,,,,,,,,,0.0035349234674264835,0,781,0.0,0.0,,,,,,,,,,,,,,,,,,,,,,,,,,,,,,,,,,,,,,,,,,,,,,,,,,,,,,,,,,,,,,,,,,,,,,,,,,nan,,,,,,,,,,,,,,,
1163,1946.5477294921875,0.019443996250629425,1.9443996250629425,9636.905889511108,10000,ppo,ppo,crawler,flat,action_dth_tot_plus_friction_thdot_formula,,,,,,,,,,,,,,,0.0029775522080701436,0,781,0.0,0.0,,,,,,,,,,,,,,,,,,,,,,,,,,,,,,,,,,,,,,,,,,,,,,,,,,,,,,,,,,,,,,,,,,,,,,,,,,nan,,,,,,,,,,,,,,,
1164,1917.790283203125,0.019159864634275436,1.9159864634275436,9645.075557947159,10000,ppo,ppo,crawler,flat,action_dth_tot_plus_friction_thdot_formula,,,,,,,,,,,,,,,0.00411866433599042,0,781,0.0,0.0,,,,,,,,,,,,,,,,,,,,,,,,,,,,,,,,,,,,,,,,,,,,,,,,,,,,,,,,,,,,,,,,,,,,,,,,,,nan,,,,,,,,,,,,,,,
1165,1993.86328125,0.01991630718111992,1.9916307181119919,9653.118567228317,10000,ppo,ppo,crawler,flat,action_dth_tot_plus_friction_thdot_formula,,,,,,,,,,,,,,,0.002981584504018353,0,781,0.0,0.0,,,,,,,,,,,,,,,,,,,,,,,,,,,,,,,,,,,,,,,,,,,,,,,,,,,,,,,,,,,,,,,,,,,,,,,,,,nan,,,,,,,,,,,,,,,
1166,1840.2476806640625,0.01838710345327854,1.8387103453278542,9661.39562869072,10000,ppo,ppo,crawler,flat,action_dth_tot_plus_friction_thdot_formula,,,,,,,,,,,,,,,0.004408445526500234,0,781,0.0,0.0,,,,,,,,,,,,,,,,,,,,,,,,,,,,,,,,,,,,,,,,,,,,,,,,,,,,,,,,,,,,,,,,,,,,,,,,,,nan,,,,,,,,,,,,,,,
1167,1967.0111083984375,0.019647274166345596,1.9647274166345596,9669.334588050842,10000,ppo,ppo,crawler,flat,action_dth_tot_plus_friction_thdot_formula,,,,,,,,,,,,,,,0.0033852498526801204,0,781,0.0,0.0,,,,,,,,,,,,,,,,,,,,,,,,,,,,,,,,,,,,,,,,,,,,,,,,,,,,,,,,,,,,,,,,,,,,,,,,,,nan,,,,,,,,,,,,,,,
1168,1925.3892822265625,0.019231021404266357,1.9231021404266357,9677.483323097229,10000,ppo,ppo,crawler,flat,action_dth_tot_plus_friction_thdot_formula,,,,,,,,,,,,,,,0.0038291323273344307,0,781,0.0,0.0,,,,,,,,,,,,,,,,,,,,,,,,,,,,,,,,,,,,,,,,,,,,,,,,,,,,,,,,,,,,,,,,,,,,,,,,,,nan,,,,,,,,,,,,,,,
1169,1915.037353515625,0.019131975248456,1.9131975248456001,9685.996233463287,10000,ppo,ppo,crawler,flat,action_dth_tot_plus_friction_thdot_formula,,,,,,,,,,,,,,,0.004014961614968701,0,781,0.0,0.0,,,,,,,,,,,,,,,,,,,,,,,,,,,,,,,,,,,,,,,,,,,,,,,,,,,,,,,,,,,,,,,,,,,,,,,,,,nan,,,,,,,,,,,,,,,
1170,1922.8084716796875,0.019209956750273705,1.9209956750273705,9694.165470838547,10000,ppo,ppo,crawler,flat,action_dth_tot_plus_friction_thdot_formula,,,,,,,,,,,,,,,0.003664191183917315,0,781,0.0,0.0,,,,,,,,,,,,,,,,,,,,,,,,,,,,,,,,,,,,,,,,,,,,,,,,,,,,,,,,,,,,,,,,,,,,,,,,,,nan,,,,,,,,,,,,,,,
1171,1955.986328125,0.019538260996341705,1.9538260996341705,9702.203280448914,10000,ppo,ppo,crawler,flat,action_dth_tot_plus_friction_thdot_formula,,,,,,,,,,,,,,,0.0036562559646587086,0,781,0.0,0.0,,,,,,,,,,,,,,,,,,,,,,,,,,,,,,,,,,,,,,,,,,,,,,,,,,,,,,,,,,,,,,,,,,,,,,,,,,nan,,,,,,,,,,,,,,,
1172,1847.7918701171875,0.018458005040884018,1.8458005040884018,9710.51721572876,10000,ppo,ppo,crawler,flat,action_dth_tot_plus_friction_thdot_formula,,,,,,,,,,,,,,,0.004607129002168236,0,781,0.0,0.0,,,,,,,,,,,,,,,,,,,,,,,,,,,,,,,,,,,,,,,,,,,,,,,,,,,,,,,,,,,,,,,,,,,,,,,,,,nan,,,,,,,,,,,,,,,
1173,1975.1978759765625,0.019731033593416214,1.9731033593416214,9718.712589502335,10000,ppo,ppo,crawler,flat,action_dth_tot_plus_friction_thdot_formula,,,,,,,,,,,,,,,0.0038485691515089664,0,781,0.0,0.0,,,,,,,,,,,,,,,,,,,,,,,,,,,,,,,,,,,,,,,,,,,,,,,,,,,,,,,,,,,,,,,,,,,,,,,,,,nan,,,,,,,,,,,,,,,
1174,1972.6773681640625,0.019709652289748192,1.9709652289748192,9726.92689037323,10000,ppo,ppo,crawler,flat,action_dth_tot_plus_friction_thdot_formula,,,,,,,,,,,,,,,0.0035847051114379935,0,781,0.0,0.0,,,,,,,,,,,,,,,,,,,,,,,,,,,,,,,,,,,,,,,,,,,,,,,,,,,,,,,,,,,,,,,,,,,,,,,,,,nan,,,,,,,,,,,,,,,
1175,2019.9530029296875,0.020177192986011505,2.0177192986011505,9735.249365329742,10000,ppo,ppo,crawler,flat,action_dth_tot_plus_friction_thdot_formula,,,,,,,,,,,,,,,0.004145111848102947,0,781,0.0,0.0,,,,,,,,,,,,,,,,,,,,,,,,,,,,,,,,,,,,,,,,,,,,,,,,,,,,,,,,,,,,,,,,,,,,,,,,,,nan,,,,,,,,,,,,,,,
1176,1948.255859375,0.01945842057466507,1.945842057466507,9743.51423215866,10000,ppo,ppo,crawler,flat,action_dth_tot_plus_friction_thdot_formula,,,,,,,,,,,,,,,0.004195375388159349,0,781,0.0,0.0,,,,,,,,,,,,,,,,,,,,,,,,,,,,,,,,,,,,,,,,,,,,,,,,,,,,,,,,,,,,,,,,,,,,,,,,,,nan,,,,,,,,,,,,,,,
1177,2024.848876953125,0.02022702246904373,2.022702246904373,9751.867337942123,10000,ppo,ppo,crawler,flat,action_dth_tot_plus_friction_thdot_formula,,,,,,,,,,,,,,,0.0035298406737859548,0,781,0.0,0.0,,,,,,,,,,,,,,,,,,,,,,,,,,,,,,,,,,,,,,,,,,,,,,,,,,,,,,,,,,,,,,,,,,,,,,,,,,nan,,,,,,,,,,,,,,,
1178,1985.1903076171875,0.01982702501118183,1.9827025011181831,9760.39944267273,10000,ppo,ppo,crawler,flat,action_dth_tot_plus_friction_thdot_formula,,,,,,,,,,,,,,,0.003696464364458336,0,781,0.0,0.0,,,,,,,,,,,,,,,,,,,,,,,,,,,,,,,,,,,,,,,,,,,,,,,,,,,,,,,,,,,,,,,,,,,,,,,,,,nan,,,,,,,,,,,,,,,
1179,1921.1357421875,0.01918959803879261,1.918959803879261,9768.546194314957,10000,ppo,ppo,crawler,flat,action_dth_tot_plus_friction_thdot_formula,,,,,,,,,,,,,,,0.003910491689139316,0,781,0.0,0.0,,,,,,,,,,,,,,,,,,,,,,,,,,,,,,,,,,,,,,,,,,,,,,,,,,,,,,,,,,,,,,,,,,,,,,,,,,nan,,,,,,,,,,,,,,,
1180,1885.5159912109375,0.018834171816706657,1.8834171816706657,9776.703302383423,10000,ppo,ppo,crawler,flat,action_dth_tot_plus_friction_thdot_formula,,,,,,,,,,,,,,,0.003246975297981184,0,781,0.0,0.0,,,,,,,,,,,,,,,,,,,,,,,,,,,,,,,,,,,,,,,,,,,,,,,,,,,,,,,,,,,,,,,,,,,,,,,,,,nan,,,,,,,,,,,,,,,
1181,2000.7086181640625,0.019985834136605263,1.9985834136605263,9785.145131349564,10000,ppo,ppo,crawler,flat,action_dth_tot_plus_friction_thdot_formula,,,,,,,,,,,,,,,0.0043824824111633924,0,781,0.0,0.0,,,,,,,,,,,,,,,,,,,,,,,,,,,,,,,,,,,,,,,,,,,,,,,,,,,,,,,,,,,,,,,,,,,,,,,,,,nan,,,,,,,,,,,,,,,
1182,1936.8553466796875,0.01935066096484661,1.935066096484661,9793.31731891632,10000,ppo,ppo,crawler,flat,action_dth_tot_plus_friction_thdot_formula,,,,,,,,,,,,,,,0.0036102630047526486,0,781,0.0,0.0,,,,,,,,,,,,,,,,,,,,,,,,,,,,,,,,,,,,,,,,,,,,,,,,,,,,,,,,,,,,,,,,,,,,,,,,,,nan,,,,,,,,,,,,,,,
1183,2000.775390625,0.019984599202871323,1.9984599202871323,9801.845717191696,10000,ppo,ppo,crawler,flat,action_dth_tot_plus_friction_thdot_formula,,,,,,,,,,,,,,,0.0037698274135181775,0,781,0.0,0.0,,,,,,,,,,,,,,,,,,,,,,,,,,,,,,,,,,,,,,,,,,,,,,,,,,,,,,,,,,,,,,,,,,,,,,,,,,nan,,,,,,,,,,,,,,,
1184,1995.8935546875,0.019936872646212578,1.9936872646212578,9810.210170507431,10000,ppo,ppo,crawler,flat,action_dth_tot_plus_friction_thdot_formula,,,,,,,,,,,,,,,0.0033722742063126906,0,781,0.0,0.0,,,,,,,,,,,,,,,,,,,,,,,,,,,,,,,,,,,,,,,,,,,,,,,,,,,,,,,,,,,,,,,,,,,,,,,,,,nan,,,,,,,,,,,,,,,
1185,2020.0589599609375,0.020179057493805885,2.0179057493805885,9818.850668668747,10000,ppo,ppo,crawler,flat,action_dth_tot_plus_friction_thdot_formula,,,,,,,,,,,,,,,0.003365162372614153,0,781,0.0,0.0,,,,,,,,,,,,,,,,,,,,,,,,,,,,,,,,,,,,,,,,,,,,,,,,,,,,,,,,,,,,,,,,,,,,,,,,,,nan,,,,,,,,,,,,,,,
1186,1959.0999755859375,0.01956982910633087,1.9569829106330872,9827.18889284134,10000,ppo,ppo,crawler,flat,action_dth_tot_plus_friction_thdot_formula,,,,,,,,,,,,,,,0.004156802112171629,0,781,0.0,0.0,,,,,,,,,,,,,,,,,,,,,,,,,,,,,,,,,,,,,,,,,,,,,,,,,,,,,,,,,,,,,,,,,,,,,,,,,,nan,,,,,,,,,,,,,,,
1187,1903.647705078125,0.019016729667782784,1.9016729667782784,9835.34496998787,10000,ppo,ppo,crawler,flat,action_dth_tot_plus_friction_thdot_formula,,,,,,,,,,,,,,,0.003840878120430944,0,781,0.0,0.0,,,,,,,,,,,,,,,,,,,,,,,,,,,,,,,,,,,,,,,,,,,,,,,,,,,,,,,,,,,,,,,,,,,,,,,,,,nan,,,,,,,,,,,,,,,
1188,1986.0224609375,0.019838927313685417,1.9838927313685417,9843.685082435608,10000,ppo,ppo,crawler,flat,action_dth_tot_plus_friction_thdot_formula,,,,,,,,,,,,,,,0.0037141600952775274,0,781,0.0,0.0,,,,,,,,,,,,,,,,,,,,,,,,,,,,,,,,,,,,,,,,,,,,,,,,,,,,,,,,,,,,,,,,,,,,,,,,,,nan,,,,,,,,,,,,,,,
1189,2015.538330078125,0.020138002932071686,2.0138002932071686,9851.917228937149,10000,ppo,ppo,crawler,flat,action_dth_tot_plus_friction_thdot_formula,,,,,,,,,,,,,,,0.00385257497601415,0,781,0.0,0.0,,,,,,,,,,,,,,,,,,,,,,,,,,,,,,,,,,,,,,,,,,,,,,,,,,,,,,,,,,,,,,,,,,,,,,,,,,nan,,,,,,,,,,,,,,,
1190,2037.248291015625,0.020347950980067253,2.0347950980067253,9859.996074914932,10000,ppo,ppo,crawler,flat,action_dth_tot_plus_friction_thdot_formula,,,,,,,,,,,,,,,0.003160534002943377,0,781,0.0,0.0,,,,,,,,,,,,,,,,,,,,,,,,,,,,,,,,,,,,,,,,,,,,,,,,,,,,,,,,,,,,,,,,,,,,,,,,,,nan,,,,,,,,,,,,,,,
1191,1975.7359619140625,0.019738363102078438,1.9738363102078438,9868.422028541565,10000,ppo,ppo,crawler,flat,action_dth_tot_plus_friction_thdot_formula,,,,,,,,,,,,,,,0.003348099071384621,0,781,0.0,0.0,,,,,,,,,,,,,,,,,,,,,,,,,,,,,,,,,,,,,,,,,,,,,,,,,,,,,,,,,,,,,,,,,,,,,,,,,,nan,,,,,,,,,,,,,,,
1192,1987.8677978515625,0.019860228523612022,1.9860228523612022,9876.587960481644,10000,ppo,ppo,crawler,flat,action_dth_tot_plus_friction_thdot_formula,,,,,,,,,,,,,,,0.0037216430990321733,0,781,0.0,0.0,,,,,,,,,,,,,,,,,,,,,,,,,,,,,,,,,,,,,,,,,,,,,,,,,,,,,,,,,,,,,,,,,,,,,,,,,,nan,,,,,,,,,,,,,,,
1193,1937.8890380859375,0.019359741359949112,1.9359741359949112,9884.749661445618,10000,ppo,ppo,crawler,flat,action_dth_tot_plus_friction_thdot_formula,,,,,,,,,,,,,,,0.0033418266615063003,0,781,0.0,0.0,,,,,,,,,,,,,,,,,,,,,,,,,,,,,,,,,,,,,,,,,,,,,,,,,,,,,,,,,,,,,,,,,,,,,,,,,,nan,,,,,,,,,,,,,,,
1194,1938.5494384765625,0.019368350505828857,1.9368350505828857,9892.976164340973,10000,ppo,ppo,crawler,flat,action_dth_tot_plus_friction_thdot_formula,,,,,,,,,,,,,,,0.0038711101521926284,0,781,0.0,0.0,,,,,,,,,,,,,,,,,,,,,,,,,,,,,,,,,,,,,,,,,,,,,,,,,,,,,,,,,,,,,,,,,,,,,,,,,,nan,,,,,,,,,,,,,,,
1195,2088.729248046875,0.020866384729743004,2.0866384729743004,9901.392798185349,10000,ppo,ppo,crawler,flat,action_dth_tot_plus_friction_thdot_formula,,,,,,,,,,,,,,,0.004201138105375213,0,781,0.0,0.0,,,,,,,,,,,,,,,,,,,,,,,,,,,,,,,,,,,,,,,,,,,,,,,,,,,,,,,,,,,,,,,,,,,,,,,,,,nan,,,,,,,,,,,,,,,
1196,2004.265625,0.02002146653831005,2.002146653831005,9909.601829767227,10000,ppo,ppo,crawler,flat,action_dth_tot_plus_friction_thdot_formula,,,,,,,,,,,,,,,0.003156434057395793,0,781,0.0,0.0,,,,,,,,,,,,,,,,,,,,,,,,,,,,,,,,,,,,,,,,,,,,,,,,,,,,,,,,,,,,,,,,,,,,,,,,,,nan,,,,,,,,,,,,,,,
1197,1960.7293701171875,0.019586877897381783,1.9586877897381783,9917.480142116547,10000,ppo,ppo,crawler,flat,action_dth_tot_plus_friction_thdot_formula,,,,,,,,,,,,,,,0.004124422564508725,0,781,0.0,0.0,,,,,,,,,,,,,,,,,,,,,,,,,,,,,,,,,,,,,,,,,,,,,,,,,,,,,,,,,,,,,,,,,,,,,,,,,,nan,,,,,,,,,,,,,,,
1198,1917.3309326171875,0.019154949113726616,1.9154949113726616,9925.814770460129,10000,ppo,ppo,crawler,flat,action_dth_tot_plus_friction_thdot_formula,,,,,,,,,,,,,,,0.003493541571631832,0,781,0.0,0.0,,,,,,,,,,,,,,,,,,,,,,,,,,,,,,,,,,,,,,,,,,,,,,,,,,,,,,,,,,,,,,,,,,,,,,,,,,nan,,,,,,,,,,,,,,,
1199,2047.596923828125,0.020453594624996185,2.0453594624996185,9934.143400669098,10000,ppo,ppo,crawler,flat,action_dth_tot_plus_friction_thdot_formula,,,,,,,,,,,,,,,0.0031475530800999293,0,781,0.0,0.0,,,,,,,,,,,,,,,,,,,,,,,,,,,,,,,,,,,,,,,,,,,,,,,,,,,,,,,,,,,,,,,,,,,,,,,,,,nan,,,,,,,,,,,,,,,
1200,1927.7203369140625,0.0192568302154541,1.9256830215454102,9942.242328643799,10000,ppo,ppo,crawler,flat,action_dth_tot_plus_friction_thdot_formula,,,,,,,,,,,,,,,0.004556896360616394,0,781,0.0,0.0,,,,,,,,,,,,,,,,,,,,,,,,,,,,,,,,,,,,,,,,,,,,,,,,,,,,,,,,,,,,,,,,,,,,,,,,,,nan,,,,,,,,,,,,,,,
1201,1947.710205078125,0.01945861428976059,1.945861428976059,9950.607785701752,10000,ppo,ppo,crawler,flat,action_dth_tot_plus_friction_thdot_formula,,,,,,,,,,,,,,,0.004044057331232785,0,781,0.0,0.0,,,,,,,,,,,,,,,,,,,,,,,,,,,,,,,,,,,,,,,,,,,,,,,,,,,,,,,,,,,,,,,,,,,,,,,,,,nan,,,,,,,,,,,,,,,
1202,2013.1422119140625,0.02011103555560112,2.011103555560112,9958.940895557404,10000,ppo,ppo,crawler,flat,action_dth_tot_plus_friction_thdot_formula,,,,,,,,,,,,,,,0.003774014463252895,0,781,0.0,0.0,,,,,,,,,,,,,,,,,,,,,,,,,,,,,,,,,,,,,,,,,,,,,,,,,,,,,,,,,,,,,,,,,,,,,,,,,,nan,,,,,,,,,,,,,,,
1203,1980.941650390625,0.019787121564149857,1.9787121564149857,9967.102171421051,10000,ppo,ppo,crawler,flat,action_dth_tot_plus_friction_thdot_formula,,,,,,,,,,,,,,,0.00311895455362689,0,781,0.0,0.0,,,,,,,,,,,,,,,,,,,,,,,,,,,,,,,,,,,,,,,,,,,,,,,,,,,,,,,,,,,,,,,,,,,,,,,,,,nan,,,,,,,,,,,,,,,
1204,1998.50390625,0.019965047016739845,1.9965047016739845,9975.364542722702,10000,ppo,ppo,crawler,flat,action_dth_tot_plus_friction_thdot_formula,,,,,,,,,,,,,,,0.004262062080036646,0,781,0.0,0.0,,,,,,,,,,,,,,,,,,,,,,,,,,,,,,,,,,,,,,,,,,,,,,,,,,,,,,,,,,,,,,,,,,,,,,,,,,nan,,,,,,,,,,,,,,,
1205,1909.34765625,0.01907135173678398,1.9071351736783981,9983.711472272873,10000,ppo,ppo,crawler,flat,action_dth_tot_plus_friction_thdot_formula,,,,,,,,,,,,,,,0.0043363418965510995,0,781,0.0,0.0,,,,,,,,,,,,,,,,,,,,,,,,,,,,,,,,,,,,,,,,,,,,,,,,,,,,,,,,,,,,,,,,,,,,,,,,,,nan,,,,,,,,,,,,,,,
1206,1965.621337890625,0.019639568403363228,1.9639568403363228,9991.80504822731,10000,ppo,ppo,crawler,flat,action_dth_tot_plus_friction_thdot_formula,,,,,,,,,,,,,,,0.004198160379196108,0,781,0.0,0.0,,,,,,,,,,,,,,,,,,,,,,,,,,,,,,,,,,,,,,,,,,,,,,,,,,,,,,,,,,,,,,,,,,,,,,,,,,nan,,,,,,,,,,,,,,,
1207,2022.0662841796875,0.020197512581944466,2.0197512581944466,9999.98040342331,10000,ppo,ppo,crawler,flat,action_dth_tot_plus_friction_thdot_formula,,,,,,,,,,,,,,,0.0030048584739025322,0,781,0.0,0.0,,,,,,,,,,,,,,,,,,,,,,,,,,,,,,,,,,,,,,,,,,,,,,,,,,,,,,,,,,,,,,,,,,,,,,,,,,nan,,,,,,,,,,,,,,,
1208,2017.0184326171875,0.020150600001215935,2.0150600001215935,10008.545508861542,10000,ppo,ppo,crawler,flat,action_dth_tot_plus_friction_thdot_formula,,,,,,,,,,,,,,,0.004170965945186265,0,781,0.0,0.0,,,,,,,,,,,,,,,,,,,,,,,,,,,,,,,,,,,,,,,,,,,,,,,,,,,,,,,,,,,,,,,,,,,,,,,,,,nan,,,,,,,,,,,,,,,
1209,1864.0892333984375,0.018617860972881317,1.8617860972881317,10016.635477542877,10000,ppo,ppo,crawler,flat,action_dth_tot_plus_friction_thdot_formula,,,,,,,,,,,,,,,0.003995053080419167,0,781,0.0,0.0,,,,,,,,,,,,,,,,,,,,,,,,,,,,,,,,,,,,,,,,,,,,,,,,,,,,,,,,,,,,,,,,,,,,,,,,,,nan,,,,,,,,,,,,,,,
1210,2056.909423828125,0.02054709382355213,2.054709382355213,10024.956321716309,10000,ppo,ppo,crawler,flat,action_dth_tot_plus_friction_thdot_formula,,,,,,,,,,,,,,,0.003674644218067902,0,781,0.0,0.0,,,,,,,,,,,,,,,,,,,,,,,,,,,,,,,,,,,,,,,,,,,,,,,,,,,,,,,,,,,,,,,,,,,,,,,,,,nan,,,,,,,,,,,,,,,
1211,1926.3875732421875,0.01924906298518181,1.9249062985181808,10033.192502260208,10000,ppo,ppo,crawler,flat,action_dth_tot_plus_friction_thdot_formula,,,,,,,,,,,,,,,0.003588646323054614,0,781,0.0,0.0,,,,,,,,,,,,,,,,,,,,,,,,,,,,,,,,,,,,,,,,,,,,,,,,,,,,,,,,,,,,,,,,,,,,,,,,,,nan,,,,,,,,,,,,,,,
1212,1974.6168212890625,0.019729480147361755,1.9729480147361755,10041.488870382309,10000,ppo,ppo,crawler,flat,action_dth_tot_plus_friction_thdot_formula,,,,,,,,,,,,,,,0.0039961335814030895,0,781,0.0,0.0,,,,,,,,,,,,,,,,,,,,,,,,,,,,,,,,,,,,,,,,,,,,,,,,,,,,,,,,,,,,,,,,,,,,,,,,,,nan,,,,,,,,,,,,,,,
1213,1967.3992919921875,0.019657650962471962,1.9657650962471962,10049.615406036377,10000,ppo,ppo,crawler,flat,action_dth_tot_plus_friction_thdot_formula,,,,,,,,,,,,,,,0.004212217555839268,0,781,0.0,0.0,,,,,,,,,,,,,,,,,,,,,,,,,,,,,,,,,,,,,,,,,,,,,,,,,,,,,,,,,,,,,,,,,,,,,,,,,,nan,,,,,,,,,,,,,,,
1214,1935.255126953125,0.01933310180902481,1.933310180902481,10057.959012269974,10000,ppo,ppo,crawler,flat,action_dth_tot_plus_friction_thdot_formula,,,,,,,,,,,,,,,0.0034018728613991185,0,781,0.0,0.0,,,,,,,,,,,,,,,,,,,,,,,,,,,,,,,,,,,,,,,,,,,,,,,,,,,,,,,,,,,,,,,,,,,,,,,,,,nan,,,,,,,,,,,,,,,
1215,1999.410400390625,0.019977035000920296,1.9977035000920296,10066.195574998856,10000,ppo,ppo,crawler,flat,action_dth_tot_plus_friction_thdot_formula,,,,,,,,,,,,,,,0.0034820792901645104,0,781,0.0,0.0,,,,,,,,,,,,,,,,,,,,,,,,,,,,,,,,,,,,,,,,,,,,,,,,,,,,,,,,,,,,,,,,,,,,,,,,,,nan,,,,,,,,,,,,,,,
1216,2000.0780029296875,0.01998753473162651,1.998753473162651,10074.428837537766,10000,ppo,ppo,crawler,flat,action_dth_tot_plus_friction_thdot_formula,,,,,,,,,,,,,,,0.00402114054006429,0,781,0.0,0.0,,,,,,,,,,,,,,,,,,,,,,,,,,,,,,,,,,,,,,,,,,,,,,,,,,,,,,,,,,,,,,,,,,,,,,,,,,nan,,,,,,,,,,,,,,,
1217,2005.1219482421875,0.02002730220556259,2.002730220556259,10082.734231710434,10000,ppo,ppo,crawler,flat,action_dth_tot_plus_friction_thdot_formula,,,,,,,,,,,,,,,0.0037112370538915818,0,781,0.0,0.0,,,,,,,,,,,,,,,,,,,,,,,,,,,,,,,,,,,,,,,,,,,,,,,,,,,,,,,,,,,,,,,,,,,,,,,,,,nan,,,,,,,,,,,,,,,
1218,1916.458984375,0.01914350315928459,1.9143503159284592,10090.80237865448,10000,ppo,ppo,crawler,flat,action_dth_tot_plus_friction_thdot_formula,,,,,,,,,,,,,,,0.003354004340801715,0,781,0.0,0.0,,,,,,,,,,,,,,,,,,,,,,,,,,,,,,,,,,,,,,,,,,,,,,,,,,,,,,,,,,,,,,,,,,,,,,,,,,nan,,,,,,,,,,,,,,,
1219,1949.9478759765625,0.019476160407066345,1.9476160407066345,10099.070202112198,10000,ppo,ppo,crawler,flat,action_dth_tot_plus_friction_thdot_formula,,,,,,,,,,,,,,,0.003925216810988851,0,781,0.0,0.0,,,,,,,,,,,,,,,,,,,,,,,,,,,,,,,,,,,,,,,,,,,,,,,,,,,,,,,,,,,,,,,,,,,,,,,,,,nan,,,,,,,,,,,,,,,
1220,2047.0914306640625,0.02044801227748394,2.044801227748394,10107.234856367111,10000,ppo,ppo,crawler,flat,action_dth_tot_plus_friction_thdot_formula,,,,,,,,,,,,,,,0.003387681254423933,0,781,0.0,0.0,,,,,,,,,,,,,,,,,,,,,,,,,,,,,,,,,,,,,,,,,,,,,,,,,,,,,,,,,,,,,,,,,,,,,,,,,,nan,,,,,,,,,,,,,,,
1221,2096.7841796875,0.020945435389876366,2.0945435389876366,10115.363061189651,10000,ppo,ppo,crawler,flat,action_dth_tot_plus_friction_thdot_formula,,,,,,,,,,,,,,,0.0037502022122856346,0,781,0.0,0.0,,,,,,,,,,,,,,,,,,,,,,,,,,,,,,,,,,,,,,,,,,,,,,,,,,,,,,,,,,,,,,,,,,,,,,,,,,nan,,,,,,,,,,,,,,,
1222,2030.8719482421875,0.02028585411608219,2.028585411608219,10123.553502082825,10000,ppo,ppo,crawler,flat,action_dth_tot_plus_friction_thdot_formula,,,,,,,,,,,,,,,0.0035095996500342304,0,781,0.0,0.0,,,,,,,,,,,,,,,,,,,,,,,,,,,,,,,,,,,,,,,,,,,,,,,,,,,,,,,,,,,,,,,,,,,,,,,,,,nan,,,,,,,,,,,,,,,
1223,2052.43017578125,0.02050270326435566,2.050270326435566,10131.552729129791,10000,ppo,ppo,crawler,flat,action_dth_tot_plus_friction_thdot_formula,,,,,,,,,,,,,,,0.004254763137215865,0,781,0.0,0.0,,,,,,,,,,,,,,,,,,,,,,,,,,,,,,,,,,,,,,,,,,,,,,,,,,,,,,,,,,,,,,,,,,,,,,,,,,nan,,,,,,,,,,,,,,,
1224,2102.892578125,0.02100546471774578,2.100546471774578,10140.11110162735,10000,ppo,ppo,crawler,flat,action_dth_tot_plus_friction_thdot_formula,,,,,,,,,,,,,,,0.003993055461169544,0,781,0.0,0.0,,,,,,,,,,,,,,,,,,,,,,,,,,,,,,,,,,,,,,,,,,,,,,,,,,,,,,,,,,,,,,,,,,,,,,,,,,nan,,,,,,,,,,,,,,,
1225,2054.515380859375,0.02052396535873413,2.052396535873413,10148.423619031906,10000,ppo,ppo,crawler,flat,action_dth_tot_plus_friction_thdot_formula,,,,,,,,,,,,,,,0.004146430637090015,0,781,0.0,0.0,,,,,,,,,,,,,,,,,,,,,,,,,,,,,,,,,,,,,,,,,,,,,,,,,,,,,,,,,,,,,,,,,,,,,,,,,,nan,,,,,,,,,,,,,,,
1226,1971.3509521484375,0.019693633541464806,1.9693633541464806,10156.821775436401,10000,ppo,ppo,crawler,flat,action_dth_tot_plus_friction_thdot_formula,,,,,,,,,,,,,,,0.004596952577753568,0,781,0.0,0.0,,,,,,,,,,,,,,,,,,,,,,,,,,,,,,,,,,,,,,,,,,,,,,,,,,,,,,,,,,,,,,,,,,,,,,,,,,nan,,,,,,,,,,,,,,,
1227,2068.392333984375,0.02065947651863098,2.065947651863098,10164.944201231003,10000,ppo,ppo,crawler,flat,action_dth_tot_plus_friction_thdot_formula,,,,,,,,,,,,,,,0.0037092163090214907,0,781,0.0,0.0,,,,,,,,,,,,,,,,,,,,,,,,,,,,,,,,,,,,,,,,,,,,,,,,,,,,,,,,,,,,,,,,,,,,,,,,,,nan,,,,,,,,,,,,,,,
1228,2097.02783203125,0.020947154611349106,2.0947154611349106,10173.006367444992,10000,ppo,ppo,crawler,flat,action_dth_tot_plus_friction_thdot_formula,,,,,,,,,,,,,,,0.004248899855980681,0,781,0.0,0.0,,,,,,,,,,,,,,,,,,,,,,,,,,,,,,,,,,,,,,,,,,,,,,,,,,,,,,,,,,,,,,,,,,,,,,,,,,nan,,,,,,,,,,,,,,,
1229,1944.5985107421875,0.019425153732299805,1.9425153732299805,10181.285929441452,10000,ppo,ppo,crawler,flat,action_dth_tot_plus_friction_thdot_formula,,,,,,,,,,,,,,,0.004569908051164856,0,781,0.0,0.0,,,,,,,,,,,,,,,,,,,,,,,,,,,,,,,,,,,,,,,,,,,,,,,,,,,,,,,,,,,,,,,,,,,,,,,,,,nan,,,,,,,,,,,,,,,
1230,2027.2586669921875,0.020252835005521774,2.0252835005521774,10189.400388479233,10000,ppo,ppo,crawler,flat,action_dth_tot_plus_friction_thdot_formula,,,,,,,,,,,,,,,0.004300589693642237,0,781,0.0,0.0,,,,,,,,,,,,,,,,,,,,,,,,,,,,,,,,,,,,,,,,,,,,,,,,,,,,,,,,,,,,,,,,,,,,,,,,,,nan,,,,,,,,,,,,,,,
1231,2033.500244140625,0.02031649649143219,2.031649649143219,10197.610534667969,10000,ppo,ppo,crawler,flat,action_dth_tot_plus_friction_thdot_formula,,,,,,,,,,,,,,,0.003914409071910905,0,781,0.0,0.0,,,,,,,,,,,,,,,,,,,,,,,,,,,,,,,,,,,,,,,,,,,,,,,,,,,,,,,,,,,,,,,,,,,,,,,,,,nan,,,,,,,,,,,,,,,
1232,1996.6307373046875,0.019946258515119553,1.9946258515119553,10205.809168100357,10000,ppo,ppo,crawler,flat,action_dth_tot_plus_friction_thdot_formula,,,,,,,,,,,,,,,0.0037663573050089228,0,781,0.0,0.0,,,,,,,,,,,,,,,,,,,,,,,,,,,,,,,,,,,,,,,,,,,,,,,,,,,,,,,,,,,,,,,,,,,,,,,,,,nan,,,,,,,,,,,,,,,
1233,2069.939453125,0.02068222314119339,2.068222314119339,10214.0455327034,10000,ppo,ppo,crawler,flat,action_dth_tot_plus_friction_thdot_formula,,,,,,,,,,,,,,,0.0035337538981008868,0,781,0.0,0.0,,,,,,,,,,,,,,,,,,,,,,,,,,,,,,,,,,,,,,,,,,,,,,,,,,,,,,,,,,,,,,,,,,,,,,,,,,nan,,,,,,,,,,,,,,,
1234,1965.2935791015625,0.01963294856250286,1.963294856250286,10222.666418552399,10000,ppo,ppo,crawler,flat,action_dth_tot_plus_friction_thdot_formula,,,,,,,,,,,,,,,0.003627394306541703,0,781,0.0,0.0,,,,,,,,,,,,,,,,,,,,,,,,,,,,,,,,,,,,,,,,,,,,,,,,,,,,,,,,,,,,,,,,,,,,,,,,,,nan,,,,,,,,,,,,,,,
1235,2026.955078125,0.02024983987212181,2.024983987212181,10230.97783088684,10000,ppo,ppo,crawler,flat,action_dth_tot_plus_friction_thdot_formula,,,,,,,,,,,,,,,0.0036975680901499036,0,781,0.0,0.0,,,,,,,,,,,,,,,,,,,,,,,,,,,,,,,,,,,,,,,,,,,,,,,,,,,,,,,,,,,,,,,,,,,,,,,,,,nan,,,,,,,,,,,,,,,
1236,2017.823486328125,0.020155394449830055,2.0155394449830055,10239.079151391983,10000,ppo,ppo,crawler,flat,action_dth_tot_plus_friction_thdot_formula,,,,,,,,,,,,,,,0.003343037756072851,0,781,0.0,0.0,,,,,,,,,,,,,,,,,,,,,,,,,,,,,,,,,,,,,,,,,,,,,,,,,,,,,,,,,,,,,,,,,,,,,,,,,,nan,,,,,,,,,,,,,,,
1237,2011.2242431640625,0.02009444311261177,2.009444311261177,10247.29016828537,10000,ppo,ppo,crawler,flat,action_dth_tot_plus_friction_thdot_formula,,,,,,,,,,,,,,,0.0030705485945786903,0,781,0.0,0.0,,,,,,,,,,,,,,,,,,,,,,,,,,,,,,,,,,,,,,,,,,,,,,,,,,,,,,,,,,,,,,,,,,,,,,,,,,nan,,,,,,,,,,,,,,,
1238,1964.5848388671875,0.01962224952876568,1.9622249528765678,10255.375829458237,10000,ppo,ppo,crawler,flat,action_dth_tot_plus_friction_thdot_formula,,,,,,,,,,,,,,,0.0036507507952877587,0,781,0.0,0.0,,,,,,,,,,,,,,,,,,,,,,,,,,,,,,,,,,,,,,,,,,,,,,,,,,,,,,,,,,,,,,,,,,,,,,,,,,nan,,,,,,,,,,,,,,,
1239,2062.3984375,0.020601127296686172,2.0601127296686172,10263.777032136917,10000,ppo,ppo,crawler,flat,action_dth_tot_plus_friction_thdot_formula,,,,,,,,,,,,,,,0.004269614951132359,0,781,0.0,0.0,,,,,,,,,,,,,,,,,,,,,,,,,,,,,,,,,,,,,,,,,,,,,,,,,,,,,,,,,,,,,,,,,,,,,,,,,,nan,,,,,,,,,,,,,,,
1240,2069.97509765625,0.02067733183503151,2.067733183503151,10272.317247390747,10000,ppo,ppo,crawler,flat,action_dth_tot_plus_friction_thdot_formula,,,,,,,,,,,,,,,0.0036615795206869435,0,781,0.0,0.0,,,,,,,,,,,,,,,,,,,,,,,,,,,,,,,,,,,,,,,,,,,,,,,,,,,,,,,,,,,,,,,,,,,,,,,,,,nan,,,,,,,,,,,,,,,
1241,1990.6390380859375,0.01988692209124565,1.9886922091245651,10280.15289235115,10000,ppo,ppo,crawler,flat,action_dth_tot_plus_friction_thdot_formula,,,,,,,,,,,,,,,0.0043496559176903465,0,781,0.0,0.0,,,,,,,,,,,,,,,,,,,,,,,,,,,,,,,,,,,,,,,,,,,,,,,,,,,,,,,,,,,,,,,,,,,,,,,,,,nan,,,,,,,,,,,,,,,
1242,2006.602783203125,0.020045312121510506,2.0045312121510506,10288.275849342346,10000,ppo,ppo,crawler,flat,action_dth_tot_plus_friction_thdot_formula,,,,,,,,,,,,,,,0.003435350252016091,0,781,0.0,0.0,,,,,,,,,,,,,,,,,,,,,,,,,,,,,,,,,,,,,,,,,,,,,,,,,,,,,,,,,,,,,,,,,,,,,,,,,,nan,,,,,,,,,,,,,,,
1243,2089.729736328125,0.020881252363324165,2.0881252363324165,10296.870344877243,10000,ppo,ppo,crawler,flat,action_dth_tot_plus_friction_thdot_formula,,,,,,,,,,,,,,,0.0036222662009947506,0,781,0.0,0.0,,,,,,,,,,,,,,,,,,,,,,,,,,,,,,,,,,,,,,,,,,,,,,,,,,,,,,,,,,,,,,,,,,,,,,,,,,nan,,,,,,,,,,,,,,,
1244,2002.9486083984375,0.020008711144328117,2.0008711144328117,10304.828176736832,10000,ppo,ppo,crawler,flat,action_dth_tot_plus_friction_thdot_formula,,,,,,,,,,,,,,,0.002945607595167167,0,781,0.0,0.0,,,,,,,,,,,,,,,,,,,,,,,,,,,,,,,,,,,,,,,,,,,,,,,,,,,,,,,,,,,,,,,,,,,,,,,,,,nan,,,,,,,,,,,,,,,
1245,1962.6640625,0.019608356058597565,1.9608356058597565,10312.829198360443,10000,ppo,ppo,crawler,flat,action_dth_tot_plus_friction_thdot_formula,,,,,,,,,,,,,,,0.004352888738719815,0,781,0.0,0.0,,,,,,,,,,,,,,,,,,,,,,,,,,,,,,,,,,,,,,,,,,,,,,,,,,,,,,,,,,,,,,,,,,,,,,,,,,nan,,,,,,,,,,,,,,,
1246,2043.1959228515625,0.020409172400832176,2.0409172400832176,10321.148804664612,10000,ppo,ppo,crawler,flat,action_dth_tot_plus_friction_thdot_formula,,,,,,,,,,,,,,,0.0038519104368875587,0,781,0.0,0.0,,,,,,,,,,,,,,,,,,,,,,,,,,,,,,,,,,,,,,,,,,,,,,,,,,,,,,,,,,,,,,,,,,,,,,,,,,nan,,,,,,,,,,,,,,,
1247,2063.375732421875,0.020609326660633087,2.0609326660633087,10329.420339345932,10000,ppo,ppo,crawler,flat,action_dth_tot_plus_friction_thdot_formula,,,,,,,,,,,,,,,0.0036636406898459184,0,781,0.0,0.0,,,,,,,,,,,,,,,,,,,,,,,,,,,,,,,,,,,,,,,,,,,,,,,,,,,,,,,,,,,,,,,,,,,,,,,,,,nan,,,,,,,,,,,,,,,
1248,1930.8309326171875,0.01928691379725933,1.928691379725933,10337.775054454803,10000,ppo,ppo,crawler,flat,action_dth_tot_plus_friction_thdot_formula,,,,,,,,,,,,,,,0.003725162089828261,0,781,0.0,0.0,,,,,,,,,,,,,,,,,,,,,,,,,,,,,,,,,,,,,,,,,,,,,,,,,,,,,,,,,,,,,,,,,,,,,,,,,,nan,,,,,,,,,,,,,,,
1249,2019.73828125,0.020174190402030945,2.0174190402030945,10346.055614709854,10000,ppo,ppo,crawler,flat,action_dth_tot_plus_friction_thdot_formula,,,,,,,,,,,,,,,0.003262581685493866,0,781,0.0,0.0,,,,,,,,,,,,,,,,,,,,,,,,,,,,,,,,,,,,,,,,,,,,,,,,,,,,,,,,,,,,,,,,,,,,,,,,,,nan,,,,,,,,,,,,,,,
1250,2003.456298828125,0.020011259242892265,2.0011259242892265,10354.633473396301,10000,ppo,ppo,crawler,flat,action_dth_tot_plus_friction_thdot_formula,,,,,,,,,,,,,,,0.0032196714216813434,0,781,0.0,0.0,,,,,,,,,,,,,,,,,,,,,,,,,,,,,,,,,,,,,,,,,,,,,,,,,,,,,,,,,,,,,,,,,,,,,,,,,,nan,,,,,,,,,,,,,,,
1251,1976.8671875,0.019743267446756363,1.9743267446756363,10362.935858011246,10000,ppo,ppo,crawler,flat,action_dth_tot_plus_friction_thdot_formula,,,,,,,,,,,,,,,0.0033218516928615422,0,781,0.0,0.0,,,,,,,,,,,,,,,,,,,,,,,,,,,,,,,,,,,,,,,,,,,,,,,,,,,,,,,,,,,,,,,,,,,,,,,,,,nan,,,,,,,,,,,,,,,
1252,2010.677978515625,0.020084790885448456,2.0084790885448456,10371.020194292068,10000,ppo,ppo,crawler,flat,action_dth_tot_plus_friction_thdot_formula,,,,,,,,,,,,,,,0.004421339943219768,0,781,0.0,0.0,,,,,,,,,,,,,,,,,,,,,,,,,,,,,,,,,,,,,,,,,,,,,,,,,,,,,,,,,,,,,,,,,,,,,,,,,,nan,,,,,,,,,,,,,,,
1253,2043.7633056640625,0.02041451446712017,2.041451446712017,10379.585787773132,10000,ppo,ppo,crawler,flat,action_dth_tot_plus_friction_thdot_formula,,,,,,,,,,,,,,,0.003735153694746231,0,781,0.0,0.0,,,,,,,,,,,,,,,,,,,,,,,,,,,,,,,,,,,,,,,,,,,,,,,,,,,,,,,,,,,,,,,,,,,,,,,,,,nan,,,,,,,,,,,,,,,
1254,2058.14892578125,0.02056429721415043,2.056429721415043,10387.634361505508,10000,ppo,ppo,crawler,flat,action_dth_tot_plus_friction_thdot_formula,,,,,,,,,,,,,,,0.003989363779646563,0,781,0.0,0.0,,,,,,,,,,,,,,,,,,,,,,,,,,,,,,,,,,,,,,,,,,,,,,,,,,,,,,,,,,,,,,,,,,,,,,,,,,nan,,,,,,,,,,,,,,,
1255,2004.0062255859375,0.020012905821204185,2.0012905821204185,10395.670385599136,10000,ppo,ppo,crawler,flat,action_dth_tot_plus_friction_thdot_formula,,,,,,,,,,,,,,,0.0035018942674512232,0,781,0.0,0.0,,,,,,,,,,,,,,,,,,,,,,,,,,,,,,,,,,,,,,,,,,,,,,,,,,,,,,,,,,,,,,,,,,,,,,,,,,nan,,,,,,,,,,,,,,,
1256,1963.1116943359375,0.019610324874520302,1.9610324874520302,10404.076480865479,10000,ppo,ppo,crawler,flat,action_dth_tot_plus_friction_thdot_formula,,,,,,,,,,,,,,,0.004466919961135606,0,781,0.0,0.0,,,,,,,,,,,,,,,,,,,,,,,,,,,,,,,,,,,,,,,,,,,,,,,,,,,,,,,,,,,,,,,,,,,,,,,,,,nan,,,,,,,,,,,,,,,
1257,1963.3062744140625,0.0196127500385046,1.96127500385046,10412.272078037262,10000,ppo,ppo,crawler,flat,action_dth_tot_plus_friction_thdot_formula,,,,,,,,,,,,,,,0.003962887148052352,0,781,0.0,0.0,,,,,,,,,,,,,,,,,,,,,,,,,,,,,,,,,,,,,,,,,,,,,,,,,,,,,,,,,,,,,,,,,,,,,,,,,,nan,,,,,,,,,,,,,,,
1258,1908.1873779296875,0.019059130921959877,1.9059130921959877,10420.412855863571,10000,ppo,ppo,crawler,flat,action_dth_tot_plus_friction_thdot_formula,,,,,,,,,,,,,,,0.0034820508372388,0,781,0.0,0.0,,,,,,,,,,,,,,,,,,,,,,,,,,,,,,,,,,,,,,,,,,,,,,,,,,,,,,,,,,,,,,,,,,,,,,,,,,nan,,,,,,,,,,,,,,,
1259,2028.7503662109375,0.02026638202369213,2.026638202369213,10428.482404470444,10000,ppo,ppo,crawler,flat,action_dth_tot_plus_friction_thdot_formula,,,,,,,,,,,,,,,0.0033541155977024986,0,781,0.0,0.0,,,,,,,,,,,,,,,,,,,,,,,,,,,,,,,,,,,,,,,,,,,,,,,,,,,,,,,,,,,,,,,,,,,,,,,,,,nan,,,,,,,,,,,,,,,
1260,2046.9798583984375,0.020446814596652985,2.0446814596652985,10436.818875312805,10000,ppo,ppo,crawler,flat,action_dth_tot_plus_friction_thdot_formula,,,,,,,,,,,,,,,0.0032920043234085537,0,781,0.0,0.0,,,,,,,,,,,,,,,,,,,,,,,,,,,,,,,,,,,,,,,,,,,,,,,,,,,,,,,,,,,,,,,,,,,,,,,,,,nan,,,,,,,,,,,,,,,
1261,1933.811767578125,0.019314147531986237,1.9314147531986237,10445.228421449661,10000,ppo,ppo,crawler,flat,action_dth_tot_plus_friction_thdot_formula,,,,,,,,,,,,,,,0.004160308466464634,0,781,0.0,0.0,,,,,,,,,,,,,,,,,,,,,,,,,,,,,,,,,,,,,,,,,,,,,,,,,,,,,,,,,,,,,,,,,,,,,,,,,,nan,,,,,,,,,,,,,,,
1262,2088.2265625,0.020863784477114677,2.0863784477114677,10453.25883936882,10000,ppo,ppo,crawler,flat,action_dth_tot_plus_friction_thdot_formula,,,,,,,,,,,,,,,0.0025523916356713916,0,781,0.0,0.0,,,,,,,,,,,,,,,,,,,,,,,,,,,,,,,,,,,,,,,,,,,,,,,,,,,,,,,,,,,,,,,,,,,,,,,,,,nan,,,,,,,,,,,,,,,
1263,1981.0521240234375,0.019794566556811333,1.9794566556811333,10461.50577545166,10000,ppo,ppo,crawler,flat,action_dth_tot_plus_friction_thdot_formula,,,,,,,,,,,,,,,0.003960951587895382,0,781,0.0,0.0,,,,,,,,,,,,,,,,,,,,,,,,,,,,,,,,,,,,,,,,,,,,,,,,,,,,,,,,,,,,,,,,,,,,,,,,,,nan,,,,,,,,,,,,,,,
1264,1949.873046875,0.019476348534226418,1.9476348534226418,10469.917605161667,10000,ppo,ppo,crawler,flat,action_dth_tot_plus_friction_thdot_formula,,,,,,,,,,,,,,,0.004123909535377183,0,781,0.0,0.0,,,,,,,,,,,,,,,,,,,,,,,,,,,,,,,,,,,,,,,,,,,,,,,,,,,,,,,,,,,,,,,,,,,,,,,,,,nan,,,,,,,,,,,,,,,
1265,2104.749267578125,0.021025551483035088,2.1025551483035088,10478.261443853378,10000,ppo,ppo,crawler,flat,action_dth_tot_plus_friction_thdot_formula,,,,,,,,,,,,,,,0.0037801291206067547,0,781,0.0,0.0,,,,,,,,,,,,,,,,,,,,,,,,,,,,,,,,,,,,,,,,,,,,,,,,,,,,,,,,,,,,,,,,,,,,,,,,,,nan,,,,,,,,,,,,,,,
1266,2066.359619140625,0.02064594440162182,2.064594440162182,10486.65751671791,10000,ppo,ppo,crawler,flat,action_dth_tot_plus_friction_thdot_formula,,,,,,,,,,,,,,,0.004222830753921318,0,781,0.0,0.0,,,,,,,,,,,,,,,,,,,,,,,,,,,,,,,,,,,,,,,,,,,,,,,,,,,,,,,,,,,,,,,,,,,,,,,,,,nan,,,,,,,,,,,,,,,
1267,2000.6328125,0.019986603409051895,1.9986603409051895,10494.628632545471,10000,ppo,ppo,crawler,flat,action_dth_tot_plus_friction_thdot_formula,,,,,,,,,,,,,,,0.002942127614757869,0,781,0.0,0.0,,,,,,,,,,,,,,,,,,,,,,,,,,,,,,,,,,,,,,,,,,,,,,,,,,,,,,,,,,,,,,,,,,,,,,,,,,nan,,,,,,,,,,,,,,,
1268,1962.4488525390625,0.019600844010710716,1.9600844010710716,10503.069206476212,10000,ppo,ppo,crawler,flat,action_dth_tot_plus_friction_thdot_formula,,,,,,,,,,,,,,,0.004588966671919699,0,781,0.0,0.0,,,,,,,,,,,,,,,,,,,,,,,,,,,,,,,,,,,,,,,,,,,,,,,,,,,,,,,,,,,,,,,,,,,,,,,,,,nan,,,,,,,,,,,,,,,
1269,2087.31591796875,0.02085047774016857,2.085047774016857,10511.430790662766,10000,ppo,ppo,crawler,flat,action_dth_tot_plus_friction_thdot_formula,,,,,,,,,,,,,,,0.003939297969039248,0,781,0.0,0.0,,,,,,,,,,,,,,,,,,,,,,,,,,,,,,,,,,,,,,,,,,,,,,,,,,,,,,,,,,,,,,,,,,,,,,,,,,nan,,,,,,,,,,,,,,,
1270,2017.2125244140625,0.02014995366334915,2.014995366334915,10519.584669351578,10000,ppo,ppo,crawler,flat,action_dth_tot_plus_friction_thdot_formula,,,,,,,,,,,,,,,0.0037276973276295926,0,781,0.0,0.0,,,,,,,,,,,,,,,,,,,,,,,,,,,,,,,,,,,,,,,,,,,,,,,,,,,,,,,,,,,,,,,,,,,,,,,,,,nan,,,,,,,,,,,,,,,
1271,2090.310546875,0.02087879367172718,2.087879367172718,10527.86547446251,10000,ppo,ppo,crawler,flat,action_dth_tot_plus_friction_thdot_formula,,,,,,,,,,,,,,,0.0030847883117880084,0,781,0.0,0.0,,,,,,,,,,,,,,,,,,,,,,,,,,,,,,,,,,,,,,,,,,,,,,,,,,,,,,,,,,,,,,,,,,,,,,,,,,nan,,,,,,,,,,,,,,,
1272,2027.0126953125,0.020250612869858742,2.025061286985874,10536.242034435272,10000,ppo,ppo,crawler,flat,action_dth_tot_plus_friction_thdot_formula,,,,,,,,,,,,,,,0.0032770265288479274,0,781,0.0,0.0,,,,,,,,,,,,,,,,,,,,,,,,,,,,,,,,,,,,,,,,,,,,,,,,,,,,,,,,,,,,,,,,,,,,,,,,,,nan,,,,,,,,,,,,,,,
1273,1924.4793701171875,0.01922384649515152,1.922384649515152,10544.370250225067,10000,ppo,ppo,crawler,flat,action_dth_tot_plus_friction_thdot_formula,,,,,,,,,,,,,,,0.004800755351799136,0,781,0.0,0.0,,,,,,,,,,,,,,,,,,,,,,,,,,,,,,,,,,,,,,,,,,,,,,,,,,,,,,,,,,,,,,,,,,,,,,,,,,nan,,,,,,,,,,,,,,,
1274,2104.398193359375,0.021019401028752327,2.1019401028752327,10552.505067825317,10000,ppo,ppo,crawler,flat,action_dth_tot_plus_friction_thdot_formula,,,,,,,,,,,,,,,0.004212244071552909,0,781,0.0,0.0,,,,,,,,,,,,,,,,,,,,,,,,,,,,,,,,,,,,,,,,,,,,,,,,,,,,,,,,,,,,,,,,,,,,,,,,,,nan,,,,,,,,,,,,,,,
1275,2149.520751953125,0.021473050117492676,2.1473050117492676,10560.830207824707,10000,ppo,ppo,crawler,flat,action_dth_tot_plus_friction_thdot_formula,,,,,,,,,,,,,,,0.0030889461922552317,0,781,0.0,0.0,,,,,,,,,,,,,,,,,,,,,,,,,,,,,,,,,,,,,,,,,,,,,,,,,,,,,,,,,,,,,,,,,,,,,,,,,,nan,,,,,,,,,,,,,,,
1276,2081.095703125,0.020789964124560356,2.0789964124560356,10569.237487792969,10000,ppo,ppo,crawler,flat,action_dth_tot_plus_friction_thdot_formula,,,,,,,,,,,,,,,0.004166139205443707,0,781,0.0,0.0,,,,,,,,,,,,,,,,,,,,,,,,,,,,,,,,,,,,,,,,,,,,,,,,,,,,,,,,,,,,,,,,,,,,,,,,,,nan,,,,,,,,,,,,,,,
1277,2112.00244140625,0.021097887307405472,2.109788730740547,10577.355067968369,10000,ppo,ppo,crawler,flat,action_dth_tot_plus_friction_thdot_formula,,,,,,,,,,,,,,,0.0035343592904929057,0,781,0.0,0.0,,,,,,,,,,,,,,,,,,,,,,,,,,,,,,,,,,,,,,,,,,,,,,,,,,,,,,,,,,,,,,,,,,,,,,,,,,nan,,,,,,,,,,,,,,,
1278,2090.3271484375,0.020881500095129013,2.0881500095129013,10585.475486516953,10000,ppo,ppo,crawler,flat,action_dth_tot_plus_friction_thdot_formula,,,,,,,,,,,,,,,0.003784666073136807,0,781,0.0,0.0,,,,,,,,,,,,,,,,,,,,,,,,,,,,,,,,,,,,,,,,,,,,,,,,,,,,,,,,,,,,,,,,,,,,,,,,,,nan,,,,,,,,,,,,,,,
1279,2065.044189453125,0.020633235573768616,2.0633235573768616,10594.155415534973,10000,ppo,ppo,crawler,flat,action_dth_tot_plus_friction_thdot_formula,,,,,,,,,,,,,,,0.003693114163022531,0,781,0.0,0.0,,,,,,,,,,,,,,,,,,,,,,,,,,,,,,,,,,,,,,,,,,,,,,,,,,,,,,,,,,,,,,,,,,,,,,,,,,nan,,,,,,,,,,,,,,,
1280,1977.4273681640625,0.01975276693701744,1.975276693701744,10602.265508413315,10000,ppo,ppo,crawler,flat,action_dth_tot_plus_friction_thdot_formula,,,,,,,,,,,,,,,0.004179237112605636,0,781,0.0,0.0,,,,,,,,,,,,,,,,,,,,,,,,,,,,,,,,,,,,,,,,,,,,,,,,,,,,,,,,,,,,,,,,,,,,,,,,,,nan,,,,,,,,,,,,,,,
1281,2075.241943359375,0.02073061466217041,2.073061466217041,10610.360560178757,10000,ppo,ppo,crawler,flat,action_dth_tot_plus_friction_thdot_formula,,,,,,,,,,,,,,,0.0036831310093575773,0,781,0.0,0.0,,,,,,,,,,,,,,,,,,,,,,,,,,,,,,,,,,,,,,,,,,,,,,,,,,,,,,,,,,,,,,,,,,,,,,,,,,nan,,,,,,,,,,,,,,,
1282,2044.7353515625,0.02042499929666519,2.042499929666519,10618.603759765625,10000,ppo,ppo,crawler,flat,action_dth_tot_plus_friction_thdot_formula,,,,,,,,,,,,,,,0.004237517699929879,0,781,0.0,0.0,,,,,,,,,,,,,,,,,,,,,,,,,,,,,,,,,,,,,,,,,,,,,,,,,,,,,,,,,,,,,,,,,,,,,,,,,,nan,,,,,,,,,,,,,,,
1283,1943.5367431640625,0.019412091001868248,1.9412091001868248,10626.679142713547,10000,ppo,ppo,crawler,flat,action_dth_tot_plus_friction_thdot_formula,,,,,,,,,,,,,,,0.0031400674816698584,0,781,0.0,0.0,,,,,,,,,,,,,,,,,,,,,,,,,,,,,,,,,,,,,,,,,,,,,,,,,,,,,,,,,,,,,,,,,,,,,,,,,,nan,,,,,,,,,,,,,,,
1284,2092.018310546875,0.020897550508379936,2.0897550508379936,10634.77844119072,10000,ppo,ppo,crawler,flat,action_dth_tot_plus_friction_thdot_formula,,,,,,,,,,,,,,,0.004086208661352481,0,781,0.0,0.0,,,,,,,,,,,,,,,,,,,,,,,,,,,,,,,,,,,,,,,,,,,,,,,,,,,,,,,,,,,,,,,,,,,,,,,,,,nan,,,,,,,,,,,,,,,
1285,2101.713623046875,0.020994240418076515,2.0994240418076515,10642.820378303528,10000,ppo,ppo,crawler,flat,action_dth_tot_plus_friction_thdot_formula,,,,,,,,,,,,,,,0.0038837804234328486,0,781,0.0,0.0,,,,,,,,,,,,,,,,,,,,,,,,,,,,,,,,,,,,,,,,,,,,,,,,,,,,,,,,,,,,,,,,,,,,,,,,,,nan,,,,,,,,,,,,,,,
1286,2188.494140625,0.021864065900444984,2.1864065900444984,10651.318302869797,10000,ppo,ppo,crawler,flat,action_dth_tot_plus_friction_thdot_formula,,,,,,,,,,,,,,,0.003817366279686101,0,781,0.0,0.0,,,,,,,,,,,,,,,,,,,,,,,,,,,,,,,,,,,,,,,,,,,,,,,,,,,,,,,,,,,,,,,,,,,,,,,,,,nan,,,,,,,,,,,,,,,
1287,1906.840087890625,0.019046256318688393,1.9046256318688393,10659.515572309494,10000,ppo,ppo,crawler,flat,action_dth_tot_plus_friction_thdot_formula,,,,,,,,,,,,,,,0.004390482723803251,0,781,0.0,0.0,,,,,,,,,,,,,,,,,,,,,,,,,,,,,,,,,,,,,,,,,,,,,,,,,,,,,,,,,,,,,,,,,,,,,,,,,,nan,,,,,,,,,,,,,,,
1288,2062.07861328125,0.02060193382203579,2.060193382203579,10667.689985275269,10000,ppo,ppo,crawler,flat,action_dth_tot_plus_friction_thdot_formula,,,,,,,,,,,,,,,0.003613085853686871,0,781,0.0,0.0,,,,,,,,,,,,,,,,,,,,,,,,,,,,,,,,,,,,,,,,,,,,,,,,,,,,,,,,,,,,,,,,,,,,,,,,,,nan,,,,,,,,,,,,,,,
1289,2150.925537109375,0.02148689143359661,2.148689143359661,10675.985034227371,10000,ppo,ppo,crawler,flat,action_dth_tot_plus_friction_thdot_formula,,,,,,,,,,,,,,,0.0050068839396741815,0,781,0.0,0.0,,,,,,,,,,,,,,,,,,,,,,,,,,,,,,,,,,,,,,,,,,,,,,,,,,,,,,,,,,,,,,,,,,,,,,,,,,nan,,,,,,,,,,,,,,,
1290,1982.6318359375,0.01980389840900898,1.980389840900898,10684.195226430893,10000,ppo,ppo,crawler,flat,action_dth_tot_plus_friction_thdot_formula,,,,,,,,,,,,,,,0.0038625863577861092,0,781,0.0,0.0,,,,,,,,,,,,,,,,,,,,,,,,,,,,,,,,,,,,,,,,,,,,,,,,,,,,,,,,,,,,,,,,,,,,,,,,,,nan,,,,,,,,,,,,,,,
1291,2056.83251953125,0.02054506167769432,2.054506167769432,10692.096369743347,10000,ppo,ppo,crawler,flat,action_dth_tot_plus_friction_thdot_formula,,,,,,,,,,,,,,,0.0035299196055355135,0,781,0.0,0.0,,,,,,,,,,,,,,,,,,,,,,,,,,,,,,,,,,,,,,,,,,,,,,,,,,,,,,,,,,,,,,,,,,,,,,,,,,nan,,,,,,,,,,,,,,,
1292,2065.501220703125,0.02063646726310253,2.063646726310253,10700.364156723022,10000,ppo,ppo,crawler,flat,action_dth_tot_plus_friction_thdot_formula,,,,,,,,,,,,,,,0.004093598276765769,0,781,0.0,0.0,,,,,,,,,,,,,,,,,,,,,,,,,,,,,,,,,,,,,,,,,,,,,,,,,,,,,,,,,,,,,,,,,,,,,,,,,,nan,,,,,,,,,,,,,,,
1293,2050.90234375,0.02048610709607601,2.048610709607601,10708.52831029892,10000,ppo,ppo,crawler,flat,action_dth_tot_plus_friction_thdot_formula,,,,,,,,,,,,,,,0.0038146433598903293,0,781,0.0,0.0,,,,,,,,,,,,,,,,,,,,,,,,,,,,,,,,,,,,,,,,,,,,,,,,,,,,,,,,,,,,,,,,,,,,,,,,,,nan,,,,,,,,,,,,,,,
1294,2022.2742919921875,0.02019919455051422,2.019919455051422,10716.637389183044,10000,ppo,ppo,crawler,flat,action_dth_tot_plus_friction_thdot_formula,,,,,,,,,,,,,,,0.004413112723180623,0,781,0.0,0.0,,,,,,,,,,,,,,,,,,,,,,,,,,,,,,,,,,,,,,,,,,,,,,,,,,,,,,,,,,,,,,,,,,,,,,,,,,nan,,,,,,,,,,,,,,,
1295,2009.534423828125,0.02007197216153145,2.007197216153145,10725.00351858139,10000,ppo,ppo,crawler,flat,action_dth_tot_plus_friction_thdot_formula,,,,,,,,,,,,,,,0.004124910259966962,0,781,0.0,0.0,,,,,,,,,,,,,,,,,,,,,,,,,,,,,,,,,,,,,,,,,,,,,,,,,,,,,,,,,,,,,,,,,,,,,,,,,,nan,,,,,,,,,,,,,,,
1296,2004.849609375,0.020026931539177895,2.0026931539177895,10733.13274693489,10000,ppo,ppo,crawler,flat,action_dth_tot_plus_friction_thdot_formula,,,,,,,,,,,,,,,0.0035461676157217963,0,781,0.0,0.0,,,,,,,,,,,,,,,,,,,,,,,,,,,,,,,,,,,,,,,,,,,,,,,,,,,,,,,,,,,,,,,,,,,,,,,,,,nan,,,,,,,,,,,,,,,
1297,2026.7113037109375,0.02024652436375618,2.024652436375618,10741.221276044846,10000,ppo,ppo,crawler,flat,action_dth_tot_plus_friction_thdot_formula,,,,,,,,,,,,,,,0.0036547594001962685,0,781,0.0,0.0,,,,,,,,,,,,,,,,,,,,,,,,,,,,,,,,,,,,,,,,,,,,,,,,,,,,,,,,,,,,,,,,,,,,,,,,,,nan,,,,,,,,,,,,,,,
1298,2019.6297607421875,0.020174309611320496,2.0174309611320496,10749.589131355286,10000,ppo,ppo,crawler,flat,action_dth_tot_plus_friction_thdot_formula,,,,,,,,,,,,,,,0.003866724204011178,0,781,0.0,0.0,,,,,,,,,,,,,,,,,,,,,,,,,,,,,,,,,,,,,,,,,,,,,,,,,,,,,,,,,,,,,,,,,,,,,,,,,,nan,,,,,,,,,,,,,,,
1299,2067.5361328125,0.020651912316679955,2.0651912316679955,10757.894416570663,10000,ppo,ppo,crawler,flat,action_dth_tot_plus_friction_thdot_formula,,,,,,,,,,,,,,,0.003131214811407905,0,781,0.0,0.0,,,,,,,,,,,,,,,,,,,,,,,,,,,,,,,,,,,,,,,,,,,,,,,,,,,,,,,,,,,,,,,,,,,,,,,,,,nan,,,,,,,,,,,,,,,
1300,2102.930908203125,0.021006377413868904,2.1006377413868904,10765.811361789703,10000,ppo,ppo,crawler,flat,action_dth_tot_plus_friction_thdot_formula,,,,,,,,,,,,,,,0.0034529789996428223,0,781,0.0,0.0,,,,,,,,,,,,,,,,,,,,,,,,,,,,,,,,,,,,,,,,,,,,,,,,,,,,,,,,,,,,,,,,,,,,,,,,,,nan,,,,,,,,,,,,,,,
1301,1906.76171875,0.019045360386371613,1.9045360386371613,10774.322286128998,10000,ppo,ppo,crawler,flat,action_dth_tot_plus_friction_thdot_formula,,,,,,,,,,,,,,,0.004761961305072167,0,781,0.0,0.0,,,,,,,,,,,,,,,,,,,,,,,,,,,,,,,,,,,,,,,,,,,,,,,,,,,,,,,,,,,,,,,,,,,,,,,,,,nan,,,,,,,,,,,,,,,
1302,1982.680908203125,0.019805580377578735,1.9805580377578735,10782.585913419724,10000,ppo,ppo,crawler,flat,action_dth_tot_plus_friction_thdot_formula,,,,,,,,,,,,,,,0.004153143792321057,0,781,0.0,0.0,,,,,,,,,,,,,,,,,,,,,,,,,,,,,,,,,,,,,,,,,,,,,,,,,,,,,,,,,,,,,,,,,,,,,,,,,,nan,,,,,,,,,,,,,,,
1303,1915.1470947265625,0.01913161389529705,1.913161389529705,10790.594401359558,10000,ppo,ppo,crawler,flat,action_dth_tot_plus_friction_thdot_formula,,,,,,,,,,,,,,,0.004351741023836884,0,781,0.0,0.0,,,,,,,,,,,,,,,,,,,,,,,,,,,,,,,,,,,,,,,,,,,,,,,,,,,,,,,,,,,,,,,,,,,,,,,,,,nan,,,,,,,,,,,,,,,
1304,1976.3865966796875,0.019744958728551865,1.9744958728551865,10798.695927619934,10000,ppo,ppo,crawler,flat,action_dth_tot_plus_friction_thdot_formula,,,,,,,,,,,,,,,0.004345060134096078,0,781,0.0,0.0,,,,,,,,,,,,,,,,,,,,,,,,,,,,,,,,,,,,,,,,,,,,,,,,,,,,,,,,,,,,,,,,,,,,,,,,,,nan,,,,,,,,,,,,,,,
1305,1935.927001953125,0.01934247836470604,1.934247836470604,10806.93097615242,10000,ppo,ppo,crawler,flat,action_dth_tot_plus_friction_thdot_formula,,,,,,,,,,,,,,,0.004044109255522036,0,781,0.0,0.0,,,,,,,,,,,,,,,,,,,,,,,,,,,,,,,,,,,,,,,,,,,,,,,,,,,,,,,,,,,,,,,,,,,,,,,,,,nan,,,,,,,,,,,,,,,
1306,1957.921875,0.01955888792872429,1.955888792872429,10815.02998304367,10000,ppo,ppo,crawler,flat,action_dth_tot_plus_friction_thdot_formula,,,,,,,,,,,,,,,0.004010296593659895,0,781,0.0,0.0,,,,,,,,,,,,,,,,,,,,,,,,,,,,,,,,,,,,,,,,,,,,,,,,,,,,,,,,,,,,,,,,,,,,,,,,,,nan,,,,,,,,,,,,,,,
1307,1957.4176025390625,0.01954946294426918,1.954946294426918,10822.967310905457,10000,ppo,ppo,crawler,flat,action_dth_tot_plus_friction_thdot_formula,,,,,,,,,,,,,,,0.004351947769883688,0,781,0.0,0.0,,,,,,,,,,,,,,,,,,,,,,,,,,,,,,,,,,,,,,,,,,,,,,,,,,,,,,,,,,,,,,,,,,,,,,,,,,nan,,,,,,,,,,,,,,,
1308,1980.630126953125,0.019788186997175217,1.9788186997175217,10831.442778587341,10000,ppo,ppo,crawler,flat,action_dth_tot_plus_friction_thdot_formula,,,,,,,,,,,,,,,0.004085886849492321,0,781,0.0,0.0,,,,,,,,,,,,,,,,,,,,,,,,,,,,,,,,,,,,,,,,,,,,,,,,,,,,,,,,,,,,,,,,,,,,,,,,,,nan,,,,,,,,,,,,,,,
1309,1827.1802978515625,0.018249599263072014,1.8249599263072014,10839.555601596832,10000,ppo,ppo,crawler,flat,action_dth_tot_plus_friction_thdot_formula,,,,,,,,,,,,,,,0.004700724393541945,0,781,0.0,0.0,,,,,,,,,,,,,,,,,,,,,,,,,,,,,,,,,,,,,,,,,,,,,,,,,,,,,,,,,,,,,,,,,,,,,,,,,,nan,,,,,,,,,,,,,,,
1310,1992.755126953125,0.019908703863620758,1.9908703863620758,10847.528918027878,10000,ppo,ppo,crawler,flat,action_dth_tot_plus_friction_thdot_formula,,,,,,,,,,,,,,,0.0033886354941595706,0,781,0.0,0.0,,,,,,,,,,,,,,,,,,,,,,,,,,,,,,,,,,,,,,,,,,,,,,,,,,,,,,,,,,,,,,,,,,,,,,,,,,nan,,,,,,,,,,,,,,,
1311,1932.493408203125,0.019305046647787094,1.9305046647787094,10855.721260547638,10000,ppo,ppo,crawler,flat,action_dth_tot_plus_friction_thdot_formula,,,,,,,,,,,,,,,0.003994971306481197,0,781,0.0,0.0,,,,,,,,,,,,,,,,,,,,,,,,,,,,,,,,,,,,,,,,,,,,,,,,,,,,,,,,,,,,,,,,,,,,,,,,,,nan,,,,,,,,,,,,,,,
1312,1921.9765625,0.019199898466467857,1.9199898466467857,10864.34082865715,10000,ppo,ppo,crawler,flat,action_dth_tot_plus_friction_thdot_formula,,,,,,,,,,,,,,,0.0029013069905445012,0,781,0.0,0.0,,,,,,,,,,,,,,,,,,,,,,,,,,,,,,,,,,,,,,,,,,,,,,,,,,,,,,,,,,,,,,,,,,,,,,,,,,nan,,,,,,,,,,,,,,,
1313,1954.6903076171875,0.01952972635626793,1.952972635626793,10872.503336429596,10000,ppo,ppo,crawler,flat,action_dth_tot_plus_friction_thdot_formula,,,,,,,,,,,,,,,0.0033250519124583535,0,781,0.0,0.0,,,,,,,,,,,,,,,,,,,,,,,,,,,,,,,,,,,,,,,,,,,,,,,,,,,,,,,,,,,,,,,,,,,,,,,,,,nan,,,,,,,,,,,,,,,
1314,2042.7186279296875,0.020401909947395325,2.0401909947395325,10880.570275306702,10000,ppo,ppo,crawler,flat,action_dth_tot_plus_friction_thdot_formula,,,,,,,,,,,,,,,0.004461087940507312,0,781,0.0,0.0,,,,,,,,,,,,,,,,,,,,,,,,,,,,,,,,,,,,,,,,,,,,,,,,,,,,,,,,,,,,,,,,,,,,,,,,,,nan,,,,,,,,,,,,,,,
1315,1916.4036865234375,0.01914019137620926,1.914019137620926,10888.613155603409,10000,ppo,ppo,crawler,flat,action_dth_tot_plus_friction_thdot_formula,,,,,,,,,,,,,,,0.0040639792482527245,0,781,0.0,0.0,,,,,,,,,,,,,,,,,,,,,,,,,,,,,,,,,,,,,,,,,,,,,,,,,,,,,,,,,,,,,,,,,,,,,,,,,,nan,,,,,,,,,,,,,,,
1316,1931.298828125,0.019290028139948845,1.9290028139948845,10896.926341056824,10000,ppo,ppo,crawler,flat,action_dth_tot_plus_friction_thdot_formula,,,,,,,,,,,,,,,0.003479963047763812,0,781,0.0,0.0,,,,,,,,,,,,,,,,,,,,,,,,,,,,,,,,,,,,,,,,,,,,,,,,,,,,,,,,,,,,,,,,,,,,,,,,,,nan,,,,,,,,,,,,,,,
1317,1983.326171875,0.01981065236032009,1.9810652360320091,10904.870717525482,10000,ppo,ppo,crawler,flat,action_dth_tot_plus_friction_thdot_formula,,,,,,,,,,,,,,,0.004559012197613031,0,781,0.0,0.0,,,,,,,,,,,,,,,,,,,,,,,,,,,,,,,,,,,,,,,,,,,,,,,,,,,,,,,,,,,,,,,,,,,,,,,,,,nan,,,,,,,,,,,,,,,
1318,1877.5068359375,0.018755372613668442,1.8755372613668442,10913.151678800583,10000,ppo,ppo,crawler,flat,action_dth_tot_plus_friction_thdot_formula,,,,,,,,,,,,,,,0.004598972084164374,0,781,0.0,0.0,,,,,,,,,,,,,,,,,,,,,,,,,,,,,,,,,,,,,,,,,,,,,,,,,,,,,,,,,,,,,,,,,,,,,,,,,,nan,,,,,,,,,,,,,,,
1319,1901.8602294921875,0.01900145225226879,1.9001452252268791,10921.517569065094,10000,ppo,ppo,crawler,flat,action_dth_tot_plus_friction_thdot_formula,,,,,,,,,,,,,,,0.004782351377514333,0,781,0.0,0.0,,,,,,,,,,,,,,,,,,,,,,,,,,,,,,,,,,,,,,,,,,,,,,,,,,,,,,,,,,,,,,,,,,,,,,,,,,nan,,,,,,,,,,,,,,,
1320,2016.520751953125,0.02014785073697567,2.014785073697567,10929.476025819778,10000,ppo,ppo,crawler,flat,action_dth_tot_plus_friction_thdot_formula,,,,,,,,,,,,,,,0.005518740757671691,0,781,0.0,0.0,,,,,,,,,,,,,,,,,,,,,,,,,,,,,,,,,,,,,,,,,,,,,,,,,,,,,,,,,,,,,,,,,,,,,,,,,,nan,,,,,,,,,,,,,,,
1321,1957.2176513671875,0.01954888179898262,1.954888179898262,10937.848042488098,10000,ppo,ppo,crawler,flat,action_dth_tot_plus_friction_thdot_formula,,,,,,,,,,,,,,,0.0049887608296134145,0,781,0.0,0.0,,,,,,,,,,,,,,,,,,,,,,,,,,,,,,,,,,,,,,,,,,,,,,,,,,,,,,,,,,,,,,,,,,,,,,,,,,nan,,,,,,,,,,,,,,,
1322,1925.1190185546875,0.019230583682656288,1.9230583682656288,10945.926565647125,10000,ppo,ppo,crawler,flat,action_dth_tot_plus_friction_thdot_formula,,,,,,,,,,,,,,,0.004093684168541732,0,781,0.0,0.0,,,,,,,,,,,,,,,,,,,,,,,,,,,,,,,,,,,,,,,,,,,,,,,,,,,,,,,,,,,,,,,,,,,,,,,,,,nan,,,,,,,,,,,,,,,
1323,1988.0816650390625,0.019858164712786674,1.9858164712786674,10954.21052646637,10000,ppo,ppo,crawler,flat,action_dth_tot_plus_friction_thdot_formula,,,,,,,,,,,,,,,0.003795174620365879,0,781,0.0,0.0,,,,,,,,,,,,,,,,,,,,,,,,,,,,,,,,,,,,,,,,,,,,,,,,,,,,,,,,,,,,,,,,,,,,,,,,,,nan,,,,,,,,,,,,,,,
1324,1881.9066162109375,0.01879533939063549,1.879533939063549,10962.534267425537,10000,ppo,ppo,crawler,flat,action_dth_tot_plus_friction_thdot_formula,,,,,,,,,,,,,,,0.0034401886760708537,0,781,0.0,0.0,,,,,,,,,,,,,,,,,,,,,,,,,,,,,,,,,,,,,,,,,,,,,,,,,,,,,,,,,,,,,,,,,,,,,,,,,,nan,,,,,,,,,,,,,,,
1325,1901.3739013671875,0.01898975670337677,1.898975670337677,10970.693847417831,10000,ppo,ppo,crawler,flat,action_dth_tot_plus_friction_thdot_formula,,,,,,,,,,,,,,,0.003768442381157274,0,781,0.0,0.0,,,,,,,,,,,,,,,,,,,,,,,,,,,,,,,,,,,,,,,,,,,,,,,,,,,,,,,,,,,,,,,,,,,,,,,,,,nan,,,,,,,,,,,,,,,
1326,1873.3828125,0.01871691457927227,1.871691457927227,10978.949114561081,10000,ppo,ppo,crawler,flat,action_dth_tot_plus_friction_thdot_formula,,,,,,,,,,,,,,,0.005023390319953802,0,781,0.0,0.0,,,,,,,,,,,,,,,,,,,,,,,,,,,,,,,,,,,,,,,,,,,,,,,,,,,,,,,,,,,,,,,,,,,,,,,,,,nan,,,,,,,,,,,,,,,
1327,2027.908203125,0.02026217058300972,2.026217058300972,10987.034404039383,10000,ppo,ppo,crawler,flat,action_dth_tot_plus_friction_thdot_formula,,,,,,,,,,,,,,,0.003943222074572083,0,781,0.0,0.0,,,,,,,,,,,,,,,,,,,,,,,,,,,,,,,,,,,,,,,,,,,,,,,,,,,,,,,,,,,,,,,,,,,,,,,,,,nan,,,,,,,,,,,,,,,
1328,2054.66650390625,0.02052564173936844,2.052564173936844,10995.290531158447,10000,ppo,ppo,crawler,flat,action_dth_tot_plus_friction_thdot_formula,,,,,,,,,,,,,,,0.0037066179393849094,0,781,0.0,0.0,,,,,,,,,,,,,,,,,,,,,,,,,,,,,,,,,,,,,,,,,,,,,,,,,,,,,,,,,,,,,,,,,,,,,,,,,,nan,,,,,,,,,,,,,,,
1329,1877.8602294921875,0.018756084144115448,1.8756084144115448,11003.419296741486,10000,ppo,ppo,crawler,flat,action_dth_tot_plus_friction_thdot_formula,,,,,,,,,,,,,,,0.004863243103182365,0,781,0.0,0.0,,,,,,,,,,,,,,,,,,,,,,,,,,,,,,,,,,,,,,,,,,,,,,,,,,,,,,,,,,,,,,,,,,,,,,,,,,nan,,,,,,,,,,,,,,,
1330,1902.5130615234375,0.019006948918104172,1.9006948918104172,11011.560388803482,10000,ppo,ppo,crawler,flat,action_dth_tot_plus_friction_thdot_formula,,,,,,,,,,,,,,,0.003877512888278438,0,781,0.0,0.0,,,,,,,,,,,,,,,,,,,,,,,,,,,,,,,,,,,,,,,,,,,,,,,,,,,,,,,,,,,,,,,,,,,,,,,,,,nan,,,,,,,,,,,,,,,
1331,1867.4039306640625,0.018653254956007004,1.8653254956007004,11020.220952033997,10000,ppo,ppo,crawler,flat,action_dth_tot_plus_friction_thdot_formula,,,,,,,,,,,,,,,0.003779126663985048,0,781,0.0,0.0,,,,,,,,,,,,,,,,,,,,,,,,,,,,,,,,,,,,,,,,,,,,,,,,,,,,,,,,,,,,,,,,,,,,,,,,,,nan,,,,,,,,,,,,,,,
1332,1955.5859375,0.019542476162314415,1.9542476162314415,11028.47193980217,10000,ppo,ppo,crawler,flat,action_dth_tot_plus_friction_thdot_formula,,,,,,,,,,,,,,,0.004208401666695393,0,781,0.0,0.0,,,,,,,,,,,,,,,,,,,,,,,,,,,,,,,,,,,,,,,,,,,,,,,,,,,,,,,,,,,,,,,,,,,,,,,,,,nan,,,,,,,,,,,,,,,
1333,1777.9957275390625,0.01775873452425003,1.775873452425003,11036.41246676445,10000,ppo,ppo,crawler,flat,action_dth_tot_plus_friction_thdot_formula,,,,,,,,,,,,,,,0.00411548334776505,0,781,0.0,0.0,,,,,,,,,,,,,,,,,,,,,,,,,,,,,,,,,,,,,,,,,,,,,,,,,,,,,,,,,,,,,,,,,,,,,,,,,,nan,,,,,,,,,,,,,,,
1334,1790.4149169921875,0.01788659393787384,1.788659393787384,11044.85151386261,10000,ppo,ppo,crawler,flat,action_dth_tot_plus_friction_thdot_formula,,,,,,,,,,,,,,,0.0036701673762762513,0,781,0.0,0.0,,,,,,,,,,,,,,,,,,,,,,,,,,,,,,,,,,,,,,,,,,,,,,,,,,,,,,,,,,,,,,,,,,,,,,,,,,nan,,,,,,,,,,,,,,,
1335,1966.7445068359375,0.019648822024464607,1.9648822024464607,11052.872647762299,10000,ppo,ppo,crawler,flat,action_dth_tot_plus_friction_thdot_formula,,,,,,,,,,,,,,,0.004196099509161905,0,781,0.0,0.0,,,,,,,,,,,,,,,,,,,,,,,,,,,,,,,,,,,,,,,,,,,,,,,,,,,,,,,,,,,,,,,,,,,,,,,,,,nan,,,,,,,,,,,,,,,
1336,1899.4693603515625,0.018976064398884773,1.8976064398884773,11061.062616825104,10000,ppo,ppo,crawler,flat,action_dth_tot_plus_friction_thdot_formula,,,,,,,,,,,,,,,0.0036794534763207997,0,781,0.0,0.0,,,,,,,,,,,,,,,,,,,,,,,,,,,,,,,,,,,,,,,,,,,,,,,,,,,,,,,,,,,,,,,,,,,,,,,,,,nan,,,,,,,,,,,,,,,
1337,1900.94921875,0.01898917555809021,1.898917555809021,11069.308083295822,10000,ppo,ppo,crawler,flat,action_dth_tot_plus_friction_thdot_formula,,,,,,,,,,,,,,,0.003700410238799261,0,781,0.0,0.0,,,,,,,,,,,,,,,,,,,,,,,,,,,,,,,,,,,,,,,,,,,,,,,,,,,,,,,,,,,,,,,,,,,,,,,,,,nan,,,,,,,,,,,,,,,
1338,1908.0972900390625,0.019060643389821053,1.9060643389821053,11077.555673360825,10000,ppo,ppo,crawler,flat,action_dth_tot_plus_friction_thdot_formula,,,,,,,,,,,,,,,0.0037767171827171753,0,781,0.0,0.0,,,,,,,,,,,,,,,,,,,,,,,,,,,,,,,,,,,,,,,,,,,,,,,,,,,,,,,,,,,,,,,,,,,,,,,,,,nan,,,,,,,,,,,,,,,
1339,1953.164306640625,0.01951165683567524,1.951165683567524,11085.65228676796,10000,ppo,ppo,crawler,flat,action_dth_tot_plus_friction_thdot_formula,,,,,,,,,,,,,,,0.004063267656169694,0,781,0.0,0.0,,,,,,,,,,,,,,,,,,,,,,,,,,,,,,,,,,,,,,,,,,,,,,,,,,,,,,,,,,,,,,,,,,,,,,,,,,nan,,,,,,,,,,,,,,,
1340,1948.944580078125,0.01947106048464775,1.947106048464775,11093.573933124542,10000,ppo,ppo,crawler,flat,action_dth_tot_plus_friction_thdot_formula,,,,,,,,,,,,,,,0.003946047193195168,0,781,0.0,0.0,,,,,,,,,,,,,,,,,,,,,,,,,,,,,,,,,,,,,,,,,,,,,,,,,,,,,,,,,,,,,,,,,,,,,,,,,,nan,,,,,,,,,,,,,,,
1341,1849.1488037109375,0.018473416566848755,1.8473416566848755,11102.068401813507,10000,ppo,ppo,crawler,flat,action_dth_tot_plus_friction_thdot_formula,,,,,,,,,,,,,,,0.003662121560673197,0,781,0.0,0.0,,,,,,,,,,,,,,,,,,,,,,,,,,,,,,,,,,,,,,,,,,,,,,,,,,,,,,,,,,,,,,,,,,,,,,,,,,nan,,,,,,,,,,,,,,,
1342,1938.9007568359375,0.01937095634639263,1.9370956346392632,11110.652580738068,10000,ppo,ppo,crawler,flat,action_dth_tot_plus_friction_thdot_formula,,,,,,,,,,,,,,,0.0036042820168948266,0,781,0.0,0.0,,,,,,,,,,,,,,,,,,,,,,,,,,,,,,,,,,,,,,,,,,,,,,,,,,,,,,,,,,,,,,,,,,,,,,,,,,nan,,,,,,,,,,,,,,,
1343,1901.9000244140625,0.018998775631189346,1.8998775631189346,11118.858572006226,10000,ppo,ppo,crawler,flat,action_dth_tot_plus_friction_thdot_formula,,,,,,,,,,,,,,,0.003828540702917459,0,781,0.0,0.0,,,,,,,,,,,,,,,,,,,,,,,,,,,,,,,,,,,,,,,,,,,,,,,,,,,,,,,,,,,,,,,,,,,,,,,,,,nan,,,,,,,,,,,,,,,
1344,1952.229736328125,0.019499389454722404,1.9499389454722404,11127.048516511917,10000,ppo,ppo,crawler,flat,action_dth_tot_plus_friction_thdot_formula,,,,,,,,,,,,,,,0.005024214938457962,0,781,0.0,0.0,,,,,,,,,,,,,,,,,,,,,,,,,,,,,,,,,,,,,,,,,,,,,,,,,,,,,,,,,,,,,,,,,,,,,,,,,,nan,,,,,,,,,,,,,,,
1345,1905.2030029296875,0.019034691154956818,1.9034691154956818,11135.17602610588,10000,ppo,ppo,crawler,flat,action_dth_tot_plus_friction_thdot_formula,,,,,,,,,,,,,,,0.0032868894992325285,0,781,0.0,0.0,,,,,,,,,,,,,,,,,,,,,,,,,,,,,,,,,,,,,,,,,,,,,,,,,,,,,,,,,,,,,,,,,,,,,,,,,,nan,,,,,,,,,,,,,,,
1346,1873.7427978515625,0.018717292696237564,1.8717292696237564,11143.244180202484,10000,ppo,ppo,crawler,flat,action_dth_tot_plus_friction_thdot_formula,,,,,,,,,,,,,,,0.003707272895153018,0,781,0.0,0.0,,,,,,,,,,,,,,,,,,,,,,,,,,,,,,,,,,,,,,,,,,,,,,,,,,,,,,,,,,,,,,,,,,,,,,,,,,nan,,,,,,,,,,,,,,,
1347,1916.3238525390625,0.019144995138049126,1.9144995138049126,11151.474721193314,10000,ppo,ppo,crawler,flat,action_dth_tot_plus_friction_thdot_formula,,,,,,,,,,,,,,,0.004997890999644432,0,781,0.0,0.0,,,,,,,,,,,,,,,,,,,,,,,,,,,,,,,,,,,,,,,,,,,,,,,,,,,,,,,,,,,,,,,,,,,,,,,,,,nan,,,,,,,,,,,,,,,
1348,1859.1097412109375,0.01856851764023304,1.856851764023304,11159.642684936523,10000,ppo,ppo,crawler,flat,action_dth_tot_plus_friction_thdot_formula,,,,,,,,,,,,,,,0.005633044276792239,0,781,0.0,0.0,,,,,,,,,,,,,,,,,,,,,,,,,,,,,,,,,,,,,,,,,,,,,,,,,,,,,,,,,,,,,,,,,,,,,,,,,,nan,,,,,,,,,,,,,,,
1349,1900.521484375,0.018983783200383186,1.8983783200383186,11167.923980474472,10000,ppo,ppo,crawler,flat,action_dth_tot_plus_friction_thdot_formula,,,,,,,,,,,,,,,0.004102507531544535,0,781,0.0,0.0,,,,,,,,,,,,,,,,,,,,,,,,,,,,,,,,,,,,,,,,,,,,,,,,,,,,,,,,,,,,,,,,,,,,,,,,,,nan,,,,,,,,,,,,,,,
1350,1853.544921875,0.018517205491662025,1.8517205491662025,11176.077243089676,10000,ppo,ppo,crawler,flat,action_dth_tot_plus_friction_thdot_formula,,,,,,,,,,,,,,,0.0037388511138974727,0,781,0.0,0.0,,,,,,,,,,,,,,,,,,,,,,,,,,,,,,,,,,,,,,,,,,,,,,,,,,,,,,,,,,,,,,,,,,,,,,,,,,nan,,,,,,,,,,,,,,,
1351,1876.3455810546875,0.018743576481938362,1.8743576481938362,11184.273324012756,10000,ppo,ppo,crawler,flat,action_dth_tot_plus_friction_thdot_formula,,,,,,,,,,,,,,,0.00419888042573693,0,781,0.0,0.0,,,,,,,,,,,,,,,,,,,,,,,,,,,,,,,,,,,,,,,,,,,,,,,,,,,,,,,,,,,,,,,,,,,,,,,,,,nan,,,,,,,,,,,,,,,
1352,1884.298095703125,0.01882314495742321,1.882314495742321,11192.630694627762,10000,ppo,ppo,crawler,flat,action_dth_tot_plus_friction_thdot_formula,,,,,,,,,,,,,,,0.003709521537399809,0,781,0.0,0.0,,,,,,,,,,,,,,,,,,,,,,,,,,,,,,,,,,,,,,,,,,,,,,,,,,,,,,,,,,,,,,,,,,,,,,,,,,nan,,,,,,,,,,,,,,,
1353,1883.5999755859375,0.018815400078892708,1.8815400078892708,11200.83361029625,10000,ppo,ppo,crawler,flat,action_dth_tot_plus_friction_thdot_formula,,,,,,,,,,,,,,,0.004366705973025068,0,781,0.0,0.0,,,,,,,,,,,,,,,,,,,,,,,,,,,,,,,,,,,,,,,,,,,,,,,,,,,,,,,,,,,,,,,,,,,,,,,,,,nan,,,,,,,,,,,,,,,
1354,1894.6785888671875,0.018926631659269333,1.8926631659269333,11209.452667951584,10000,ppo,ppo,crawler,flat,action_dth_tot_plus_friction_thdot_formula,,,,,,,,,,,,,,,0.004116670203238079,0,781,0.0,0.0,,,,,,,,,,,,,,,,,,,,,,,,,,,,,,,,,,,,,,,,,,,,,,,,,,,,,,,,,,,,,,,,,,,,,,,,,,nan,,,,,,,,,,,,,,,
1355,1869.7528076171875,0.018675528466701508,1.8675528466701508,11217.588715553284,10000,ppo,ppo,crawler,flat,action_dth_tot_plus_friction_thdot_formula,,,,,,,,,,,,,,,0.0048260884451523075,0,781,0.0,0.0,,,,,,,,,,,,,,,,,,,,,,,,,,,,,,,,,,,,,,,,,,,,,,,,,,,,,,,,,,,,,,,,,,,,,,,,,,nan,,,,,,,,,,,,,,,
1356,1888.0120849609375,0.018858078867197037,1.8858078867197037,11225.756103038788,10000,ppo,ppo,crawler,flat,action_dth_tot_plus_friction_thdot_formula,,,,,,,,,,,,,,,0.004696926994087644,0,781,0.0,0.0,,,,,,,,,,,,,,,,,,,,,,,,,,,,,,,,,,,,,,,,,,,,,,,,,,,,,,,,,,,,,,,,,,,,,,,,,,nan,,,,,,,,,,,,,,,
1357,1903.5438232421875,0.01901739090681076,1.901739090681076,11234.093878030777,10000,ppo,ppo,crawler,flat,action_dth_tot_plus_friction_thdot_formula,,,,,,,,,,,,,,,0.004611452168393904,0,781,0.0,0.0,,,,,,,,,,,,,,,,,,,,,,,,,,,,,,,,,,,,,,,,,,,,,,,,,,,,,,,,,,,,,,,,,,,,,,,,,,nan,,,,,,,,,,,,,,,
1358,1900.2991943359375,0.01898544281721115,1.8985442817211151,11242.011765241623,10000,ppo,ppo,crawler,flat,action_dth_tot_plus_friction_thdot_formula,,,,,,,,,,,,,,,0.004545372777836691,0,781,0.0,0.0,,,,,,,,,,,,,,,,,,,,,,,,,,,,,,,,,,,,,,,,,,,,,,,,,,,,,,,,,,,,,,,,,,,,,,,,,,nan,,,,,,,,,,,,,,,
1359,1826.048828125,0.018239734694361687,1.8239734694361687,11250.234086036682,10000,ppo,ppo,crawler,flat,action_dth_tot_plus_friction_thdot_formula,,,,,,,,,,,,,,,0.00475065338748946,0,781,0.0,0.0,,,,,,,,,,,,,,,,,,,,,,,,,,,,,,,,,,,,,,,,,,,,,,,,,,,,,,,,,,,,,,,,,,,,,,,,,,nan,,,,,,,,,,,,,,,
1360,1808.3929443359375,0.01806500181555748,1.806500181555748,11258.596277236938,10000,ppo,ppo,crawler,flat,action_dth_tot_plus_friction_thdot_formula,,,,,,,,,,,,,,,0.004172472017434117,0,781,0.0,0.0,,,,,,,,,,,,,,,,,,,,,,,,,,,,,,,,,,,,,,,,,,,,,,,,,,,,,,,,,,,,,,,,,,,,,,,,,,nan,,,,,,,,,,,,,,,
1361,1902.1607666015625,0.01900475099682808,1.900475099682808,11266.471693992615,10000,ppo,ppo,crawler,flat,action_dth_tot_plus_friction_thdot_formula,,,,,,,,,,,,,,,0.004322773134577351,0,781,0.0,0.0,,,,,,,,,,,,,,,,,,,,,,,,,,,,,,,,,,,,,,,,,,,,,,,,,,,,,,,,,,,,,,,,,,,,,,,,,,nan,,,,,,,,,,,,,,,
1362,1822.685546875,0.018207183107733727,1.8207183107733727,11274.617719173431,10000,ppo,ppo,crawler,flat,action_dth_tot_plus_friction_thdot_formula,,,,,,,,,,,,,,,0.004372441027366834,0,781,0.0,0.0,,,,,,,,,,,,,,,,,,,,,,,,,,,,,,,,,,,,,,,,,,,,,,,,,,,,,,,,,,,,,,,,,,,,,,,,,,nan,,,,,,,,,,,,,,,
1363,1793.654296875,0.017916860058903694,1.7916860058903694,11282.930302858353,10000,ppo,ppo,crawler,flat,action_dth_tot_plus_friction_thdot_formula,,,,,,,,,,,,,,,0.0033463188211917136,0,781,0.0,0.0,,,,,,,,,,,,,,,,,,,,,,,,,,,,,,,,,,,,,,,,,,,,,,,,,,,,,,,,,,,,,,,,,,,,,,,,,,nan,,,,,,,,,,,,,,,
1364,1832.5965576171875,0.018305819481611252,1.8305819481611252,11290.946111917496,10000,ppo,ppo,crawler,flat,action_dth_tot_plus_friction_thdot_formula,,,,,,,,,,,,,,,0.004995493886237499,0,781,0.0,0.0,,,,,,,,,,,,,,,,,,,,,,,,,,,,,,,,,,,,,,,,,,,,,,,,,,,,,,,,,,,,,,,,,,,,,,,,,,nan,,,,,,,,,,,,,,,
1365,1720.236328125,0.01718202978372574,1.7182029783725739,11299.100603103638,10000,ppo,ppo,crawler,flat,action_dth_tot_plus_friction_thdot_formula,,,,,,,,,,,,,,,0.004368726871463514,0,781,0.0,0.0,,,,,,,,,,,,,,,,,,,,,,,,,,,,,,,,,,,,,,,,,,,,,,,,,,,,,,,,,,,,,,,,,,,,,,,,,,nan,,,,,,,,,,,,,,,
1366,1771.9500732421875,0.017704609781503677,1.7704609781503677,11307.225564718246,10000,ppo,ppo,crawler,flat,action_dth_tot_plus_friction_thdot_formula,,,,,,,,,,,,,,,0.0044352355229125145,0,781,0.0,0.0,,,,,,,,,,,,,,,,,,,,,,,,,,,,,,,,,,,,,,,,,,,,,,,,,,,,,,,,,,,,,,,,,,,,,,,,,,nan,,,,,,,,,,,,,,,
1367,1776.5631103515625,0.017750514671206474,1.7750514671206474,11315.86027431488,10000,ppo,ppo,crawler,flat,action_dth_tot_plus_friction_thdot_formula,,,,,,,,,,,,,,,0.0030796999750043554,0,781,0.0,0.0,,,,,,,,,,,,,,,,,,,,,,,,,,,,,,,,,,,,,,,,,,,,,,,,,,,,,,,,,,,,,,,,,,,,,,,,,,nan,,,,,,,,,,,,,,,
1368,1728.1695556640625,0.01726606674492359,1.7266066744923592,11324.072015047073,10000,ppo,ppo,crawler,flat,action_dth_tot_plus_friction_thdot_formula,,,,,,,,,,,,,,,0.0037208595631746085,0,781,0.0,0.0,,,,,,,,,,,,,,,,,,,,,,,,,,,,,,,,,,,,,,,,,,,,,,,,,,,,,,,,,,,,,,,,,,,,,,,,,,nan,,,,,,,,,,,,,,,
1369,1782.2860107421875,0.017808392643928528,1.7808392643928528,11332.48244190216,10000,ppo,ppo,crawler,flat,action_dth_tot_plus_friction_thdot_formula,,,,,,,,,,,,,,,0.0033425795806559322,0,781,0.0,0.0,,,,,,,,,,,,,,,,,,,,,,,,,,,,,,,,,,,,,,,,,,,,,,,,,,,,,,,,,,,,,,,,,,,,,,,,,,nan,,,,,,,,,,,,,,,
1370,1793.6370849609375,0.017918193712830544,1.7918193712830544,11340.768147945404,10000,ppo,ppo,crawler,flat,action_dth_tot_plus_friction_thdot_formula,,,,,,,,,,,,,,,0.003252931350526709,0,781,0.0,0.0,,,,,,,,,,,,,,,,,,,,,,,,,,,,,,,,,,,,,,,,,,,,,,,,,,,,,,,,,,,,,,,,,,,,,,,,,,nan,,,,,,,,,,,,,,,
1371,1731.75,0.017298094928264618,1.7298094928264618,11349.042218208313,10000,ppo,ppo,crawler,flat,action_dth_tot_plus_friction_thdot_formula,,,,,,,,,,,,,,,0.004180524420191709,0,781,0.0,0.0,,,,,,,,,,,,,,,,,,,,,,,,,,,,,,,,,,,,,,,,,,,,,,,,,,,,,,,,,,,,,,,,,,,,,,,,,,nan,,,,,,,,,,,,,,,
1372,1709.7244873046875,0.017082462087273598,1.7082462087273598,11357.08915758133,10000,ppo,ppo,crawler,flat,action_dth_tot_plus_friction_thdot_formula,,,,,,,,,,,,,,,0.004825577235475979,0,781,0.0,0.0,,,,,,,,,,,,,,,,,,,,,,,,,,,,,,,,,,,,,,,,,,,,,,,,,,,,,,,,,,,,,,,,,,,,,,,,,,nan,,,,,,,,,,,,,,,
1373,1839.0875244140625,0.018373742699623108,1.8373742699623108,11365.356037855148,10000,ppo,ppo,crawler,flat,action_dth_tot_plus_friction_thdot_formula,,,,,,,,,,,,,,,0.0039594925100236615,0,781,0.0,0.0,,,,,,,,,,,,,,,,,,,,,,,,,,,,,,,,,,,,,,,,,,,,,,,,,,,,,,,,,,,,,,,,,,,,,,,,,,nan,,,,,,,,,,,,,,,
1374,1730.1773681640625,0.017283767461776733,1.7283767461776733,11373.321562051773,10000,ppo,ppo,crawler,flat,action_dth_tot_plus_friction_thdot_formula,,,,,,,,,,,,,,,0.003774537390146271,0,781,0.0,0.0,,,,,,,,,,,,,,,,,,,,,,,,,,,,,,,,,,,,,,,,,,,,,,,,,,,,,,,,,,,,,,,,,,,,,,,,,,nan,,,,,,,,,,,,,,,
1375,1782.3773193359375,0.017808150500059128,1.7808150500059128,11381.497564315796,10000,ppo,ppo,crawler,flat,action_dth_tot_plus_friction_thdot_formula,,,,,,,,,,,,,,,0.0031759063684558627,0,781,0.0,0.0,,,,,,,,,,,,,,,,,,,,,,,,,,,,,,,,,,,,,,,,,,,,,,,,,,,,,,,,,,,,,,,,,,,,,,,,,,nan,,,,,,,,,,,,,,,
1376,1695.4847412109375,0.016935070976614952,1.6935070976614952,11389.857414007187,10000,ppo,ppo,crawler,flat,action_dth_tot_plus_friction_thdot_formula,,,,,,,,,,,,,,,0.004829429599321441,0,781,0.0,0.0,,,,,,,,,,,,,,,,,,,,,,,,,,,,,,,,,,,,,,,,,,,,,,,,,,,,,,,,,,,,,,,,,,,,,,,,,,nan,,,,,,,,,,,,,,,
1377,1837.564453125,0.01835440844297409,1.835440844297409,11398.025616407394,10000,ppo,ppo,crawler,flat,action_dth_tot_plus_friction_thdot_formula,,,,,,,,,,,,,,,0.0036527379722246203,0,781,0.0,0.0,,,,,,,,,,,,,,,,,,,,,,,,,,,,,,,,,,,,,,,,,,,,,,,,,,,,,,,,,,,,,,,,,,,,,,,,,,nan,,,,,,,,,,,,,,,
1378,1737.8980712890625,0.017361218109726906,1.7361218109726906,11406.073859214783,10000,ppo,ppo,crawler,flat,action_dth_tot_plus_friction_thdot_formula,,,,,,,,,,,,,,,0.004453920874446237,0,781,0.0,0.0,,,,,,,,,,,,,,,,,,,,,,,,,,,,,,,,,,,,,,,,,,,,,,,,,,,,,,,,,,,,,,,,,,,,,,,,,,nan,,,,,,,,,,,,,,,
1379,1742.3929443359375,0.017404504120349884,1.7404504120349884,11414.26879954338,10000,ppo,ppo,crawler,flat,action_dth_tot_plus_friction_thdot_formula,,,,,,,,,,,,,,,0.004565678262250157,0,781,0.0,0.0,,,,,,,,,,,,,,,,,,,,,,,,,,,,,,,,,,,,,,,,,,,,,,,,,,,,,,,,,,,,,,,,,,,,,,,,,,nan,,,,,,,,,,,,,,,
1380,1711.9281005859375,0.017097191885113716,1.7097191885113716,11422.425925970078,10000,ppo,ppo,crawler,flat,action_dth_tot_plus_friction_thdot_formula,,,,,,,,,,,,,,,0.004554409914399305,0,781,0.0,0.0,,,,,,,,,,,,,,,,,,,,,,,,,,,,,,,,,,,,,,,,,,,,,,,,,,,,,,,,,,,,,,,,,,,,,,,,,,nan,,,,,,,,,,,,,,,
1381,1708.79296875,0.017067406326532364,1.7067406326532364,11430.372839212418,10000,ppo,ppo,crawler,flat,action_dth_tot_plus_friction_thdot_formula,,,,,,,,,,,,,,,0.0033494348083408106,0,781,0.0,0.0,,,,,,,,,,,,,,,,,,,,,,,,,,,,,,,,,,,,,,,,,,,,,,,,,,,,,,,,,,,,,,,,,,,,,,,,,,nan,,,,,,,,,,,,,,,
1382,1723.9573974609375,0.017224105075001717,1.7224105075001717,11438.643198728561,10000,ppo,ppo,crawler,flat,action_dth_tot_plus_friction_thdot_formula,,,,,,,,,,,,,,,0.0034965293292789725,0,781,0.0,0.0,,,,,,,,,,,,,,,,,,,,,,,,,,,,,,,,,,,,,,,,,,,,,,,,,,,,,,,,,,,,,,,,,,,,,,,,,,nan,,,,,,,,,,,,,,,
1383,1757.909423828125,0.01756087690591812,1.7560876905918121,11447.079086303711,10000,ppo,ppo,crawler,flat,action_dth_tot_plus_friction_thdot_formula,,,,,,,,,,,,,,,0.00418583734948355,0,781,0.0,0.0,,,,,,,,,,,,,,,,,,,,,,,,,,,,,,,,,,,,,,,,,,,,,,,,,,,,,,,,,,,,,,,,,,,,,,,,,,nan,,,,,,,,,,,,,,,
1384,1726.9730224609375,0.01724904403090477,1.724904403090477,11455.36202287674,10000,ppo,ppo,crawler,flat,action_dth_tot_plus_friction_thdot_formula,,,,,,,,,,,,,,,0.0037777944631256265,0,781,0.0,0.0,,,,,,,,,,,,,,,,,,,,,,,,,,,,,,,,,,,,,,,,,,,,,,,,,,,,,,,,,,,,,,,,,,,,,,,,,,nan,,,,,,,,,,,,,,,
1385,1741.843017578125,0.01739911362528801,1.739911362528801,11463.49929022789,10000,ppo,ppo,crawler,flat,action_dth_tot_plus_friction_thdot_formula,,,,,,,,,,,,,,,0.003685187042789789,0,781,0.0,0.0,,,,,,,,,,,,,,,,,,,,,,,,,,,,,,,,,,,,,,,,,,,,,,,,,,,,,,,,,,,,,,,,,,,,,,,,,,nan,,,,,,,,,,,,,,,
1386,1716.3082275390625,0.017146287485957146,1.7146287485957146,11471.662892341614,10000,ppo,ppo,crawler,flat,action_dth_tot_plus_friction_thdot_formula,,,,,,,,,,,,,,,0.0031137870430213575,0,781,0.0,0.0,,,,,,,,,,,,,,,,,,,,,,,,,,,,,,,,,,,,,,,,,,,,,,,,,,,,,,,,,,,,,,,,,,,,,,,,,,nan,,,,,,,,,,,,,,,
1387,1660.6051025390625,0.016586625948548317,1.6586625948548317,11479.937727928162,10000,ppo,ppo,crawler,flat,action_dth_tot_plus_friction_thdot_formula,,,,,,,,,,,,,,,0.0044066346543450525,0,781,0.0,0.0,,,,,,,,,,,,,,,,,,,,,,,,,,,,,,,,,,,,,,,,,,,,,,,,,,,,,,,,,,,,,,,,,,,,,,,,,,nan,,,,,,,,,,,,,,,
1388,1670.9664306640625,0.016688674688339233,1.6688674688339233,11488.148144960403,10000,ppo,ppo,crawler,flat,action_dth_tot_plus_friction_thdot_formula,,,,,,,,,,,,,,,0.0045524772642527335,0,781,0.0,0.0,,,,,,,,,,,,,,,,,,,,,,,,,,,,,,,,,,,,,,,,,,,,,,,,,,,,,,,,,,,,,,,,,,,,,,,,,,nan,,,,,,,,,,,,,,,
1389,1685.6995849609375,0.01683991588652134,1.683991588652134,11496.469308376312,10000,ppo,ppo,crawler,flat,action_dth_tot_plus_friction_thdot_formula,,,,,,,,,,,,,,,0.004246706220532425,0,781,0.0,0.0,,,,,,,,,,,,,,,,,,,,,,,,,,,,,,,,,,,,,,,,,,,,,,,,,,,,,,,,,,,,,,,,,,,,,,,,,,nan,,,,,,,,,,,,,,,
1390,1681.4791259765625,0.016798418015241623,1.6798418015241623,11504.490206480026,10000,ppo,ppo,crawler,flat,action_dth_tot_plus_friction_thdot_formula,,,,,,,,,,,,,,,0.004258949799918082,0,781,0.0,0.0,,,,,,,,,,,,,,,,,,,,,,,,,,,,,,,,,,,,,,,,,,,,,,,,,,,,,,,,,,,,,,,,,,,,,,,,,,nan,,,,,,,,,,,,,,,
1391,1692.6474609375,0.016908803954720497,1.6908803954720497,11512.562818050385,10000,ppo,ppo,crawler,flat,action_dth_tot_plus_friction_thdot_formula,,,,,,,,,,,,,,,0.002780013959708763,0,781,0.0,0.0,,,,,,,,,,,,,,,,,,,,,,,,,,,,,,,,,,,,,,,,,,,,,,,,,,,,,,,,,,,,,,,,,,,,,,,,,,nan,,,,,,,,,,,,,,,
1392,1789.2294921875,0.017877737060189247,1.7877737060189247,11520.727355718613,10000,ppo,ppo,crawler,flat,action_dth_tot_plus_friction_thdot_formula,,,,,,,,,,,,,,,0.0041248887972521655,0,781,0.0,0.0,,,,,,,,,,,,,,,,,,,,,,,,,,,,,,,,,,,,,,,,,,,,,,,,,,,,,,,,,,,,,,,,,,,,,,,,,,nan,,,,,,,,,,,,,,,
1393,1603.296142578125,0.01602049171924591,1.602049171924591,11529.05041885376,10000,ppo,ppo,crawler,flat,action_dth_tot_plus_friction_thdot_formula,,,,,,,,,,,,,,,0.003396982016464011,0,781,0.0,0.0,,,,,,,,,,,,,,,,,,,,,,,,,,,,,,,,,,,,,,,,,,,,,,,,,,,,,,,,,,,,,,,,,,,,,,,,,,nan,,,,,,,,,,,,,,,
1394,1723.593017578125,0.017217891290783882,1.7217891290783882,11537.02613067627,10000,ppo,ppo,crawler,flat,action_dth_tot_plus_friction_thdot_formula,,,,,,,,,,,,,,,0.0038867123427168224,0,781,0.0,0.0,,,,,,,,,,,,,,,,,,,,,,,,,,,,,,,,,,,,,,,,,,,,,,,,,,,,,,,,,,,,,,,,,,,,,,,,,,nan,,,,,,,,,,,,,,,
1395,1759.2899169921875,0.017577456310391426,1.7577456310391426,11545.08401966095,10000,ppo,ppo,crawler,flat,action_dth_tot_plus_friction_thdot_formula,,,,,,,,,,,,,,,0.0038825962665295834,0,781,0.0,0.0,,,,,,,,,,,,,,,,,,,,,,,,,,,,,,,,,,,,,,,,,,,,,,,,,,,,,,,,,,,,,,,,,,,,,,,,,,nan,,,,,,,,,,,,,,,
1396,1695.033447265625,0.0169339831918478,1.6933983191847801,11553.458600521088,10000,ppo,ppo,crawler,flat,action_dth_tot_plus_friction_thdot_formula,,,,,,,,,,,,,,,0.0031055834125125214,0,781,0.0,0.0,,,,,,,,,,,,,,,,,,,,,,,,,,,,,,,,,,,,,,,,,,,,,,,,,,,,,,,,,,,,,,,,,,,,,,,,,,nan,,,,,,,,,,,,,,,
1397,1703.682861328125,0.017018789425492287,1.7018789425492287,11561.395683765411,10000,ppo,ppo,crawler,flat,action_dth_tot_plus_friction_thdot_formula,,,,,,,,,,,,,,,0.004550784643122059,0,781,0.0,0.0,,,,,,,,,,,,,,,,,,,,,,,,,,,,,,,,,,,,,,,,,,,,,,,,,,,,,,,,,,,,,,,,,,,,,,,,,,nan,,,,,,,,,,,,,,,
1398,1806.58203125,0.01805064268410206,1.8050642684102058,11569.68267774582,10000,ppo,ppo,crawler,flat,action_dth_tot_plus_friction_thdot_formula,,,,,,,,,,,,,,,0.00363841163828938,0,781,0.0,0.0,,,,,,,,,,,,,,,,,,,,,,,,,,,,,,,,,,,,,,,,,,,,,,,,,,,,,,,,,,,,,,,,,,,,,,,,,,nan,,,,,,,,,,,,,,,
1399,1773.7840576171875,0.017715342342853546,1.7715342342853546,11577.90857744217,10000,ppo,ppo,crawler,flat,action_dth_tot_plus_friction_thdot_formula,,,,,,,,,,,,,,,0.0031166676169624443,0,781,0.0,0.0,,,,,,,,,,,,,,,,,,,,,,,,,,,,,,,,,,,,,,,,,,,,,,,,,,,,,,,,,,,,,,,,,,,,,,,,,,nan,,,,,,,,,,,,,,,
1400,1780.2928466796875,0.01778346300125122,1.778346300125122,11585.856264591217,10000,ppo,ppo,crawler,flat,action_dth_tot_plus_friction_thdot_formula,,,,,,,,,,,,,,,0.0030688944208377878,0,781,0.0,0.0,,,,,,,,,,,,,,,,,,,,,,,,,,,,,,,,,,,,,,,,,,,,,,,,,,,,,,,,,,,,,,,,,,,,,,,,,,nan,,,,,,,,,,,,,,,
1401,1652.2840576171875,0.016501130536198616,1.6501130536198616,11594.077373981476,10000,ppo,ppo,crawler,flat,action_dth_tot_plus_friction_thdot_formula,,,,,,,,,,,,,,,0.004012286789271392,0,781,0.0,0.0,,,,,,,,,,,,,,,,,,,,,,,,,,,,,,,,,,,,,,,,,,,,,,,,,,,,,,,,,,,,,,,,,,,,,,,,,,nan,,,,,,,,,,,,,,,
1402,1706.9339599609375,0.017055155709385872,1.7055155709385872,11602.245261907578,10000,ppo,ppo,crawler,flat,action_dth_tot_plus_friction_thdot_formula,,,,,,,,,,,,,,,0.0034650816323450874,0,781,0.0,0.0,,,,,,,,,,,,,,,,,,,,,,,,,,,,,,,,,,,,,,,,,,,,,,,,,,,,,,,,,,,,,,,,,,,,,,,,,,nan,,,,,,,,,,,,,,,
1403,1674.926025390625,0.01673194393515587,1.6731943935155869,11610.260546684265,10000,ppo,ppo,crawler,flat,action_dth_tot_plus_friction_thdot_formula,,,,,,,,,,,,,,,0.0039576021974167585,0,781,0.0,0.0,,,,,,,,,,,,,,,,,,,,,,,,,,,,,,,,,,,,,,,,,,,,,,,,,,,,,,,,,,,,,,,,,,,,,,,,,,nan,,,,,,,,,,,,,,,
1404,1703.645751953125,0.017017487436532974,1.7017487436532974,11618.491018295288,10000,ppo,ppo,crawler,flat,action_dth_tot_plus_friction_thdot_formula,,,,,,,,,,,,,,,0.003290614837826207,0,781,0.0,0.0,,,,,,,,,,,,,,,,,,,,,,,,,,,,,,,,,,,,,,,,,,,,,,,,,,,,,,,,,,,,,,,,,,,,,,,,,,nan,,,,,,,,,,,,,,,
1405,1729.851806640625,0.01728024147450924,1.728024147450924,11626.704882144928,10000,ppo,ppo,crawler,flat,action_dth_tot_plus_friction_thdot_formula,,,,,,,,,,,,,,,0.003553371669770196,0,781,0.0,0.0,,,,,,,,,,,,,,,,,,,,,,,,,,,,,,,,,,,,,,,,,,,,,,,,,,,,,,,,,,,,,,,,,,,,,,,,,,nan,,,,,,,,,,,,,,,
1406,1732.854736328125,0.01731308177113533,1.731308177113533,11634.95978307724,10000,ppo,ppo,crawler,flat,action_dth_tot_plus_friction_thdot_formula,,,,,,,,,,,,,,,0.003628733735324376,0,781,0.0,0.0,,,,,,,,,,,,,,,,,,,,,,,,,,,,,,,,,,,,,,,,,,,,,,,,,,,,,,,,,,,,,,,,,,,,,,,,,,nan,,,,,,,,,,,,,,,
1407,1687.943359375,0.01686265878379345,1.686265878379345,11643.298468112946,10000,ppo,ppo,crawler,flat,action_dth_tot_plus_friction_thdot_formula,,,,,,,,,,,,,,,0.0035399844022270975,0,781,0.0,0.0,,,,,,,,,,,,,,,,,,,,,,,,,,,,,,,,,,,,,,,,,,,,,,,,,,,,,,,,,,,,,,,,,,,,,,,,,,nan,,,,,,,,,,,,,,,
1408,1710.9144287109375,0.01709023304283619,1.709023304283619,11651.511291980743,10000,ppo,ppo,crawler,flat,action_dth_tot_plus_friction_thdot_formula,,,,,,,,,,,,,,,0.0036288470338905416,0,781,0.0,0.0,,,,,,,,,,,,,,,,,,,,,,,,,,,,,,,,,,,,,,,,,,,,,,,,,,,,,,,,,,,,,,,,,,,,,,,,,,nan,,,,,,,,,,,,,,,
1409,1717.724609375,0.017158541828393936,1.7158541828393936,11659.885481357574,10000,ppo,ppo,crawler,flat,action_dth_tot_plus_friction_thdot_formula,,,,,,,,,,,,,,,0.0037237994708079086,0,781,0.0,0.0,,,,,,,,,,,,,,,,,,,,,,,,,,,,,,,,,,,,,,,,,,,,,,,,,,,,,,,,,,,,,,,,,,,,,,,,,,nan,,,,,,,,,,,,,,,
1410,1646.5223388671875,0.016448672860860825,1.6448672860860825,11667.991398572922,10000,ppo,ppo,crawler,flat,action_dth_tot_plus_friction_thdot_formula,,,,,,,,,,,,,,,0.003330502933500604,0,781,0.0,0.0,,,,,,,,,,,,,,,,,,,,,,,,,,,,,,,,,,,,,,,,,,,,,,,,,,,,,,,,,,,,,,,,,,,,,,,,,,nan,,,,,,,,,,,,,,,
1411,1741.8984375,0.01740454137325287,1.7404541373252869,11676.228877782822,10000,ppo,ppo,crawler,flat,action_dth_tot_plus_friction_thdot_formula,,,,,,,,,,,,,,,0.0036020606023434753,0,781,0.0,0.0,,,,,,,,,,,,,,,,,,,,,,,,,,,,,,,,,,,,,,,,,,,,,,,,,,,,,,,,,,,,,,,,,,,,,,,,,,nan,,,,,,,,,,,,,,,
1412,1823.3597412109375,0.018210895359516144,1.8210895359516144,11684.345384597778,10000,ppo,ppo,crawler,flat,action_dth_tot_plus_friction_thdot_formula,,,,,,,,,,,,,,,0.00346532392158458,0,781,0.0,0.0,,,,,,,,,,,,,,,,,,,,,,,,,,,,,,,,,,,,,,,,,,,,,,,,,,,,,,,,,,,,,,,,,,,,,,,,,,nan,,,,,,,,,,,,,,,
1413,1820.2225341796875,0.018180880695581436,1.8180880695581436,11692.391131162643,10000,ppo,ppo,crawler,flat,action_dth_tot_plus_friction_thdot_formula,,,,,,,,,,,,,,,0.004173596516851081,0,781,0.0,0.0,,,,,,,,,,,,,,,,,,,,,,,,,,,,,,,,,,,,,,,,,,,,,,,,,,,,,,,,,,,,,,,,,,,,,,,,,,nan,,,,,,,,,,,,,,,
1414,1701.3416748046875,0.016993926838040352,1.6993926838040352,11700.46855521202,10000,ppo,ppo,crawler,flat,action_dth_tot_plus_friction_thdot_formula,,,,,,,,,,,,,,,0.004918208271576564,0,781,0.0,0.0,,,,,,,,,,,,,,,,,,,,,,,,,,,,,,,,,,,,,,,,,,,,,,,,,,,,,,,,,,,,,,,,,,,,,,,,,,nan,,,,,,,,,,,,,,,
1415,1681.5433349609375,0.016796931624412537,1.6796931624412537,11708.72629904747,10000,ppo,ppo,crawler,flat,action_dth_tot_plus_friction_thdot_formula,,,,,,,,,,,,,,,0.0039709939053994645,0,781,0.0,0.0,,,,,,,,,,,,,,,,,,,,,,,,,,,,,,,,,,,,,,,,,,,,,,,,,,,,,,,,,,,,,,,,,,,,,,,,,,nan,,,,,,,,,,,,,,,
1416,1755.5135498046875,0.017538556829094887,1.7538556829094887,11716.863007307053,10000,ppo,ppo,crawler,flat,action_dth_tot_plus_friction_thdot_formula,,,,,,,,,,,,,,,0.004075627915643778,0,781,0.0,0.0,,,,,,,,,,,,,,,,,,,,,,,,,,,,,,,,,,,,,,,,,,,,,,,,,,,,,,,,,,,,,,,,,,,,,,,,,,nan,,,,,,,,,,,,,,,
1417,1620.54736328125,0.01618373952805996,1.618373952805996,11725.120030879974,10000,ppo,ppo,crawler,flat,action_dth_tot_plus_friction_thdot_formula,,,,,,,,,,,,,,,0.004521428112229201,0,781,0.0,0.0,,,,,,,,,,,,,,,,,,,,,,,,,,,,,,,,,,,,,,,,,,,,,,,,,,,,,,,,,,,,,,,,,,,,,,,,,,nan,,,,,,,,,,,,,,,
1418,1669.087158203125,0.016674349084496498,1.6674349084496498,11733.330252408981,10000,ppo,ppo,crawler,flat,action_dth_tot_plus_friction_thdot_formula,,,,,,,,,,,,,,,0.0032507918178322683,0,781,0.0,0.0,,,,,,,,,,,,,,,,,,,,,,,,,,,,,,,,,,,,,,,,,,,,,,,,,,,,,,,,,,,,,,,,,,,,,,,,,,nan,,,,,,,,,,,,,,,
1419,1695.8245849609375,0.016938986256718636,1.6938986256718636,11741.601434230804,10000,ppo,ppo,crawler,flat,action_dth_tot_plus_friction_thdot_formula,,,,,,,,,,,,,,,0.003674187820854033,0,781,0.0,0.0,,,,,,,,,,,,,,,,,,,,,,,,,,,,,,,,,,,,,,,,,,,,,,,,,,,,,,,,,,,,,,,,,,,,,,,,,,nan,,,,,,,,,,,,,,,
1420,1741.6614990234375,0.017398549243807793,1.7398549243807793,11749.88035941124,10000,ppo,ppo,crawler,flat,action_dth_tot_plus_friction_thdot_formula,,,,,,,,,,,,,,,0.003976120458121045,0,781,0.0,0.0,,,,,,,,,,,,,,,,,,,,,,,,,,,,,,,,,,,,,,,,,,,,,,,,,,,,,,,,,,,,,,,,,,,,,,,,,,nan,,,,,,,,,,,,,,,
1421,1580.4090576171875,0.015783829614520073,1.5783829614520073,11757.782736301422,10000,ppo,ppo,crawler,flat,action_dth_tot_plus_friction_thdot_formula,,,,,,,,,,,,,,,0.004022641681579195,0,781,0.0,0.0,,,,,,,,,,,,,,,,,,,,,,,,,,,,,,,,,,,,,,,,,,,,,,,,,,,,,,,,,,,,,,,,,,,,,,,,,,nan,,,,,,,,,,,,,,,
1422,1609.0146484375,0.016072379425168037,1.6072379425168037,11766.206270933151,10000,ppo,ppo,crawler,flat,action_dth_tot_plus_friction_thdot_formula,,,,,,,,,,,,,,,0.0034310511016303604,0,781,0.0,0.0,,,,,,,,,,,,,,,,,,,,,,,,,,,,,,,,,,,,,,,,,,,,,,,,,,,,,,,,,,,,,,,,,,,,,,,,,,nan,,,,,,,,,,,,,,,
1423,1785.9166259765625,0.01783772185444832,1.7837721854448318,11774.260051965714,10000,ppo,ppo,crawler,flat,action_dth_tot_plus_friction_thdot_formula,,,,,,,,,,,,,,,0.0027080079296600223,0,781,0.0,0.0,,,,,,,,,,,,,,,,,,,,,,,,,,,,,,,,,,,,,,,,,,,,,,,,,,,,,,,,,,,,,,,,,,,,,,,,,,nan,,,,,,,,,,,,,,,
1424,1641.65625,0.016399165615439415,1.6399165615439415,11782.460798501968,10000,ppo,ppo,crawler,flat,action_dth_tot_plus_friction_thdot_formula,,,,,,,,,,,,,,,0.003392605179383881,0,781,0.0,0.0,,,,,,,,,,,,,,,,,,,,,,,,,,,,,,,,,,,,,,,,,,,,,,,,,,,,,,,,,,,,,,,,,,,,,,,,,,nan,,,,,,,,,,,,,,,
1425,1628.1622314453125,0.016264373436570168,1.6264373436570168,11790.570556640625,10000,ppo,ppo,crawler,flat,action_dth_tot_plus_friction_thdot_formula,,,,,,,,,,,,,,,0.0038214119664520363,0,781,0.0,0.0,,,,,,,,,,,,,,,,,,,,,,,,,,,,,,,,,,,,,,,,,,,,,,,,,,,,,,,,,,,,,,,,,,,,,,,,,,nan,,,,,,,,,,,,,,,
1426,1696.7064208984375,0.016947511583566666,1.6947511583566666,11798.678382873535,10000,ppo,ppo,crawler,flat,action_dth_tot_plus_friction_thdot_formula,,,,,,,,,,,,,,,0.0029706316368824895,0,781,0.0,0.0,,,,,,,,,,,,,,,,,,,,,,,,,,,,,,,,,,,,,,,,,,,,,,,,,,,,,,,,,,,,,,,,,,,,,,,,,,nan,,,,,,,,,,,,,,,
1427,1659.8203125,0.016580622643232346,1.6580622643232346,11806.903982639313,10000,ppo,ppo,crawler,flat,action_dth_tot_plus_friction_thdot_formula,,,,,,,,,,,,,,,0.003704756670015853,0,781,0.0,0.0,,,,,,,,,,,,,,,,,,,,,,,,,,,,,,,,,,,,,,,,,,,,,,,,,,,,,,,,,,,,,,,,,,,,,,,,,,nan,,,,,,,,,,,,,,,
1428,1701.0809326171875,0.016995221376419067,1.6995221376419067,11815.179164886475,10000,ppo,ppo,crawler,flat,action_dth_tot_plus_friction_thdot_formula,,,,,,,,,,,,,,,0.003551216964104908,0,781,0.0,0.0,,,,,,,,,,,,,,,,,,,,,,,,,,,,,,,,,,,,,,,,,,,,,,,,,,,,,,,,,,,,,,,,,,,,,,,,,,nan,,,,,,,,,,,,,,,
1429,1719.2445068359375,0.017173169180750847,1.7173169180750847,11823.11987233162,10000,ppo,ppo,crawler,flat,action_dth_tot_plus_friction_thdot_formula,,,,,,,,,,,,,,,0.003216627551513699,0,781,0.0,0.0,,,,,,,,,,,,,,,,,,,,,,,,,,,,,,,,,,,,,,,,,,,,,,,,,,,,,,,,,,,,,,,,,,,,,,,,,,nan,,,,,,,,,,,,,,,
1430,1641.6424560546875,0.016402309760451317,1.6402309760451317,11831.408019781113,10000,ppo,ppo,crawler,flat,action_dth_tot_plus_friction_thdot_formula,,,,,,,,,,,,,,,0.003262486841811926,0,781,0.0,0.0,,,,,,,,,,,,,,,,,,,,,,,,,,,,,,,,,,,,,,,,,,,,,,,,,,,,,,,,,,,,,,,,,,,,,,,,,,nan,,,,,,,,,,,,,,,
1431,1655.8609619140625,0.01654137298464775,1.654137298464775,11839.746299743652,10000,ppo,ppo,crawler,flat,action_dth_tot_plus_friction_thdot_formula,,,,,,,,,,,,,,,0.003918526249497392,0,781,0.0,0.0,,,,,,,,,,,,,,,,,,,,,,,,,,,,,,,,,,,,,,,,,,,,,,,,,,,,,,,,,,,,,,,,,,,,,,,,,,nan,,,,,,,,,,,,,,,
1432,1590.3658447265625,0.01589028909802437,1.5890289098024368,11848.018435001373,10000,ppo,ppo,crawler,flat,action_dth_tot_plus_friction_thdot_formula,,,,,,,,,,,,,,,0.004475034326432683,0,781,0.0,0.0,,,,,,,,,,,,,,,,,,,,,,,,,,,,,,,,,,,,,,,,,,,,,,,,,,,,,,,,,,,,,,,,,,,,,,,,,,nan,,,,,,,,,,,,,,,
1433,1620.8927001953125,0.016190096735954285,1.6190096735954285,11856.62303853035,10000,ppo,ppo,crawler,flat,action_dth_tot_plus_friction_thdot_formula,,,,,,,,,,,,,,,0.0035591487983383584,0,781,0.0,0.0,,,,,,,,,,,,,,,,,,,,,,,,,,,,,,,,,,,,,,,,,,,,,,,,,,,,,,,,,,,,,,,,,,,,,,,,,,nan,,,,,,,,,,,,,,,
1434,1759.2158203125,0.017573274672031403,1.7573274672031403,11864.795771598816,10000,ppo,ppo,crawler,flat,action_dth_tot_plus_friction_thdot_formula,,,,,,,,,,,,,,,0.0038580749471279555,0,781,0.0,0.0,,,,,,,,,,,,,,,,,,,,,,,,,,,,,,,,,,,,,,,,,,,,,,,,,,,,,,,,,,,,,,,,,,,,,,,,,,nan,,,,,,,,,,,,,,,
1435,1633.3990478515625,0.016312643885612488,1.6312643885612488,11873.211642026901,10000,ppo,ppo,crawler,flat,action_dth_tot_plus_friction_thdot_formula,,,,,,,,,,,,,,,0.0031162399682588995,0,781,0.0,0.0,,,,,,,,,,,,,,,,,,,,,,,,,,,,,,,,,,,,,,,,,,,,,,,,,,,,,,,,,,,,,,,,,,,,,,,,,,nan,,,,,,,,,,,,,,,
1436,1618.86572265625,0.016172412782907486,1.6172412782907486,11881.242515325546,10000,ppo,ppo,crawler,flat,action_dth_tot_plus_friction_thdot_formula,,,,,,,,,,,,,,,0.003198781638370741,0,781,0.0,0.0,,,,,,,,,,,,,,,,,,,,,,,,,,,,,,,,,,,,,,,,,,,,,,,,,,,,,,,,,,,,,,,,,,,,,,,,,,nan,,,,,,,,,,,,,,,
1437,1796.9788818359375,0.017951596528291702,1.7951596528291702,11889.555959939957,10000,ppo,ppo,crawler,flat,action_dth_tot_plus_friction_thdot_formula,,,,,,,,,,,,,,,0.0030201244736346683,0,781,0.0,0.0,,,,,,,,,,,,,,,,,,,,,,,,,,,,,,,,,,,,,,,,,,,,,,,,,,,,,,,,,,,,,,,,,,,,,,,,,,nan,,,,,,,,,,,,,,,
1438,1704.9381103515625,0.017027974128723145,1.7027974128723145,11897.799817562103,10000,ppo,ppo,crawler,flat,action_dth_tot_plus_friction_thdot_formula,,,,,,,,,,,,,,,0.0036298529110507854,0,781,0.0,0.0,,,,,,,,,,,,,,,,,,,,,,,,,,,,,,,,,,,,,,,,,,,,,,,,,,,,,,,,,,,,,,,,,,,,,,,,,,nan,,,,,,,,,,,,,,,
1439,1777.635986328125,0.01775132492184639,1.775132492184639,11905.87307715416,10000,ppo,ppo,crawler,flat,action_dth_tot_plus_friction_thdot_formula,,,,,,,,,,,,,,,0.003914851743184452,0,781,0.0,0.0,,,,,,,,,,,,,,,,,,,,,,,,,,,,,,,,,,,,,,,,,,,,,,,,,,,,,,,,,,,,,,,,,,,,,,,,,,nan,,,,,,,,,,,,,,,
1440,1813.258056640625,0.018110796809196472,1.8110796809196472,11914.311142206192,10000,ppo,ppo,crawler,flat,action_dth_tot_plus_friction_thdot_formula,,,,,,,,,,,,,,,0.002294353236788323,0,781,0.0,0.0,,,,,,,,,,,,,,,,,,,,,,,,,,,,,,,,,,,,,,,,,,,,,,,,,,,,,,,,,,,,,,,,,,,,,,,,,,nan,,,,,,,,,,,,,,,
1441,1690.257080078125,0.016885891556739807,1.6885891556739807,11922.64326763153,10000,ppo,ppo,crawler,flat,action_dth_tot_plus_friction_thdot_formula,,,,,,,,,,,,,,,0.0030378441102880266,0,781,0.0,0.0,,,,,,,,,,,,,,,,,,,,,,,,,,,,,,,,,,,,,,,,,,,,,,,,,,,,,,,,,,,,,,,,,,,,,,,,,,nan,,,,,,,,,,,,,,,
1442,1799.7425537109375,0.017975689843297005,1.7975689843297005,11930.854008436203,10000,ppo,ppo,crawler,flat,action_dth_tot_plus_friction_thdot_formula,,,,,,,,,,,,,,,0.0024815781780792266,0,781,0.0,0.0,,,,,,,,,,,,,,,,,,,,,,,,,,,,,,,,,,,,,,,,,,,,,,,,,,,,,,,,,,,,,,,,,,,,,,,,,,nan,,,,,,,,,,,,,,,
1443,1739.0252685546875,0.01737060956656933,1.7370609566569328,11938.892626523972,10000,ppo,ppo,crawler,flat,action_dth_tot_plus_friction_thdot_formula,,,,,,,,,,,,,,,0.0035617667747522546,0,781,0.0,0.0,,,,,,,,,,,,,,,,,,,,,,,,,,,,,,,,,,,,,,,,,,,,,,,,,,,,,,,,,,,,,,,,,,,,,,,,,,nan,,,,,,,,,,,,,,,
1444,1708.7030029296875,0.017066501080989838,1.7066501080989838,11947.262286901474,10000,ppo,ppo,crawler,flat,action_dth_tot_plus_friction_thdot_formula,,,,,,,,,,,,,,,0.0026622416828171722,0,781,0.0,0.0,,,,,,,,,,,,,,,,,,,,,,,,,,,,,,,,,,,,,,,,,,,,,,,,,,,,,,,,,,,,,,,,,,,,,,,,,,nan,,,,,,,,,,,,,,,
1445,1740.640625,0.017386961728334427,1.7386961728334427,11955.474133729935,10000,ppo,ppo,crawler,flat,action_dth_tot_plus_friction_thdot_formula,,,,,,,,,,,,,,,0.0034959216385787037,0,781,0.0,0.0,,,,,,,,,,,,,,,,,,,,,,,,,,,,,,,,,,,,,,,,,,,,,,,,,,,,,,,,,,,,,,,,,,,,,,,,,,nan,,,,,,,,,,,,,,,
1446,1697.903564453125,0.0169559083878994,1.6955908387899399,11963.442103862762,10000,ppo,ppo,crawler,flat,action_dth_tot_plus_friction_thdot_formula,,,,,,,,,,,,,,,0.003187271643576967,0,781,0.0,0.0,,,,,,,,,,,,,,,,,,,,,,,,,,,,,,,,,,,,,,,,,,,,,,,,,,,,,,,,,,,,,,,,,,,,,,,,,,nan,,,,,,,,,,,,,,,
1447,1712.868408203125,0.017111603170633316,1.7111603170633316,11971.373577356339,10000,ppo,ppo,crawler,flat,action_dth_tot_plus_friction_thdot_formula,,,,,,,,,,,,,,,0.004501870052452842,0,781,0.0,0.0,,,,,,,,,,,,,,,,,,,,,,,,,,,,,,,,,,,,,,,,,,,,,,,,,,,,,,,,,,,,,,,,,,,,,,,,,,nan,,,,,,,,,,,,,,,
1448,1732.239501953125,0.017307177186012268,1.7307177186012268,11979.946103811264,10000,ppo,ppo,crawler,flat,action_dth_tot_plus_friction_thdot_formula,,,,,,,,,,,,,,,0.004490427975043495,0,781,0.0,0.0,,,,,,,,,,,,,,,,,,,,,,,,,,,,,,,,,,,,,,,,,,,,,,,,,,,,,,,,,,,,,,,,,,,,,,,,,,nan,,,,,,,,,,,,,,,
1449,1708.595703125,0.017063790932297707,1.7063790932297707,11987.72288107872,10000,ppo,ppo,crawler,flat,action_dth_tot_plus_friction_thdot_formula,,,,,,,,,,,,,,,0.0030978737713050018,0,781,0.0,0.0,,,,,,,,,,,,,,,,,,,,,,,,,,,,,,,,,,,,,,,,,,,,,,,,,,,,,,,,,,,,,,,,,,,,,,,,,,nan,,,,,,,,,,,,,,,
1450,1740.5828857421875,0.01738862507045269,1.738862507045269,11995.780613660812,10000,ppo,ppo,crawler,flat,action_dth_tot_plus_friction_thdot_formula,,,,,,,,,,,,,,,0.0031935257760261717,0,781,0.0,0.0,,,,,,,,,,,,,,,,,,,,,,,,,,,,,,,,,,,,,,,,,,,,,,,,,,,,,,,,,,,,,,,,,,,,,,,,,,nan,,,,,,,,,,,,,,,
1451,1766.708984375,0.017652999609708786,1.7652999609708786,12003.83575296402,10000,ppo,ppo,crawler,flat,action_dth_tot_plus_friction_thdot_formula,,,,,,,,,,,,,,,0.003790449528974599,0,781,0.0,0.0,,,,,,,,,,,,,,,,,,,,,,,,,,,,,,,,,,,,,,,,,,,,,,,,,,,,,,,,,,,,,,,,,,,,,,,,,,nan,,,,,,,,,,,,,,,
1452,1726.2086181640625,0.01724504865705967,1.724504865705967,12012.022307395935,10000,ppo,ppo,crawler,flat,action_dth_tot_plus_friction_thdot_formula,,,,,,,,,,,,,,,0.004230335301180906,0,781,0.0,0.0,,,,,,,,,,,,,,,,,,,,,,,,,,,,,,,,,,,,,,,,,,,,,,,,,,,,,,,,,,,,,,,,,,,,,,,,,,nan,,,,,,,,,,,,,,,
1453,1781.002197265625,0.017792528495192528,1.7792528495192528,12020.071282625198,10000,ppo,ppo,crawler,flat,action_dth_tot_plus_friction_thdot_formula,,,,,,,,,,,,,,,0.004329329984538047,0,781,0.0,0.0,,,,,,,,,,,,,,,,,,,,,,,,,,,,,,,,,,,,,,,,,,,,,,,,,,,,,,,,,,,,,,,,,,,,,,,,,,nan,,,,,,,,,,,,,,,
1454,1725.9705810546875,0.0172384325414896,1.7238432541489601,12028.297507286072,10000,ppo,ppo,crawler,flat,action_dth_tot_plus_friction_thdot_formula,,,,,,,,,,,,,,,0.004362664542610491,0,781,0.0,0.0,,,,,,,,,,,,,,,,,,,,,,,,,,,,,,,,,,,,,,,,,,,,,,,,,,,,,,,,,,,,,,,,,,,,,,,,,,nan,,,,,,,,,,,,,,,
1455,1768.1275634765625,0.017661431804299355,1.7661431804299355,12036.41332912445,10000,ppo,ppo,crawler,flat,action_dth_tot_plus_friction_thdot_formula,,,,,,,,,,,,,,,0.0043220812260371805,0,781,0.0,0.0,,,,,,,,,,,,,,,,,,,,,,,,,,,,,,,,,,,,,,,,,,,,,,,,,,,,,,,,,,,,,,,,,,,,,,,,,,nan,,,,,,,,,,,,,,,
1456,1723.4039306640625,0.017212197184562683,1.7212197184562683,12044.561153173447,10000,ppo,ppo,crawler,flat,action_dth_tot_plus_friction_thdot_formula,,,,,,,,,,,,,,,0.0036087376690483396,0,781,0.0,0.0,,,,,,,,,,,,,,,,,,,,,,,,,,,,,,,,,,,,,,,,,,,,,,,,,,,,,,,,,,,,,,,,,,,,,,,,,,nan,,,,,,,,,,,,,,,
1457,1775.6002197265625,0.017738595604896545,1.7738595604896545,12052.864786624908,10000,ppo,ppo,crawler,flat,action_dth_tot_plus_friction_thdot_formula,,,,,,,,,,,,,,,0.003179834253536585,0,781,0.0,0.0,,,,,,,,,,,,,,,,,,,,,,,,,,,,,,,,,,,,,,,,,,,,,,,,,,,,,,,,,,,,,,,,,,,,,,,,,,nan,,,,,,,,,,,,,,,
1458,1739.5364990234375,0.017376095056533813,1.7376095056533813,12061.062619447708,10000,ppo,ppo,crawler,flat,action_dth_tot_plus_friction_thdot_formula,,,,,,,,,,,,,,,0.003276474166802511,0,781,0.0,0.0,,,,,,,,,,,,,,,,,,,,,,,,,,,,,,,,,,,,,,,,,,,,,,,,,,,,,,,,,,,,,,,,,,,,,,,,,,nan,,,,,,,,,,,,,,,
1459,1749.7127685546875,0.017479436472058296,1.7479436472058296,12069.35870051384,10000,ppo,ppo,crawler,flat,action_dth_tot_plus_friction_thdot_formula,,,,,,,,,,,,,,,0.0035433891263540605,0,781,0.0,0.0,,,,,,,,,,,,,,,,,,,,,,,,,,,,,,,,,,,,,,,,,,,,,,,,,,,,,,,,,,,,,,,,,,,,,,,,,,nan,,,,,,,,,,,,,,,
1460,1891.6793212890625,0.018894899636507034,1.8894899636507034,12077.46639418602,10000,ppo,ppo,crawler,flat,action_dth_tot_plus_friction_thdot_formula,,,,,,,,,,,,,,,0.0037444758422511167,0,781,0.0,0.0,,,,,,,,,,,,,,,,,,,,,,,,,,,,,,,,,,,,,,,,,,,,,,,,,,,,,,,,,,,,,,,,,,,,,,,,,,nan,,,,,,,,,,,,,,,
1461,1801.82421875,0.018004219979047775,1.8004219979047775,12085.344158411026,10000,ppo,ppo,crawler,flat,action_dth_tot_plus_friction_thdot_formula,,,,,,,,,,,,,,,0.0030680156846366173,0,781,0.0,0.0,,,,,,,,,,,,,,,,,,,,,,,,,,,,,,,,,,,,,,,,,,,,,,,,,,,,,,,,,,,,,,,,,,,,,,,,,,nan,,,,,,,,,,,,,,,
1462,1774.0765380859375,0.017719876021146774,1.7719876021146774,12093.135563611984,10000,ppo,ppo,crawler,flat,action_dth_tot_plus_friction_thdot_formula,,,,,,,,,,,,,,,0.0036448578360456516,0,781,0.0,0.0,,,,,,,,,,,,,,,,,,,,,,,,,,,,,,,,,,,,,,,,,,,,,,,,,,,,,,,,,,,,,,,,,,,,,,,,,,nan,,,,,,,,,,,,,,,
1463,1750.1207275390625,0.01748141087591648,1.748141087591648,12100.94584941864,10000,ppo,ppo,crawler,flat,action_dth_tot_plus_friction_thdot_formula,,,,,,,,,,,,,,,0.004232170307901765,0,781,0.0,0.0,,,,,,,,,,,,,,,,,,,,,,,,,,,,,,,,,,,,,,,,,,,,,,,,,,,,,,,,,,,,,,,,,,,,,,,,,,nan,,,,,,,,,,,,,,,
1464,1757.0133056640625,0.017548326402902603,1.7548326402902603,12109.037763595581,10000,ppo,ppo,crawler,flat,action_dth_tot_plus_friction_thdot_formula,,,,,,,,,,,,,,,0.003489809790359352,0,781,0.0,0.0,,,,,,,,,,,,,,,,,,,,,,,,,,,,,,,,,,,,,,,,,,,,,,,,,,,,,,,,,,,,,,,,,,,,,,,,,,nan,,,,,,,,,,,,,,,
1465,1776.2679443359375,0.017743201926350594,1.7743201926350594,12117.02167391777,10000,ppo,ppo,crawler,flat,action_dth_tot_plus_friction_thdot_formula,,,,,,,,,,,,,,,0.0027267490846025026,0,781,0.0,0.0,,,,,,,,,,,,,,,,,,,,,,,,,,,,,,,,,,,,,,,,,,,,,,,,,,,,,,,,,,,,,,,,,,,,,,,,,,nan,,,,,,,,,,,,,,,
1466,1817.359375,0.018154345452785492,1.8154345452785492,12125.120142936707,10000,ppo,ppo,crawler,flat,action_dth_tot_plus_friction_thdot_formula,,,,,,,,,,,,,,,0.003301208991345397,0,781,0.0,0.0,,,,,,,,,,,,,,,,,,,,,,,,,,,,,,,,,,,,,,,,,,,,,,,,,,,,,,,,,,,,,,,,,,,,,,,,,,nan,,,,,,,,,,,,,,,
1467,1843.3277587890625,0.018413783982396126,1.8413783982396126,12133.31838274002,10000,ppo,ppo,crawler,flat,action_dth_tot_plus_friction_thdot_formula,,,,,,,,,,,,,,,0.004041791002614312,0,781,0.0,0.0,,,,,,,,,,,,,,,,,,,,,,,,,,,,,,,,,,,,,,,,,,,,,,,,,,,,,,,,,,,,,,,,,,,,,,,,,,nan,,,,,,,,,,,,,,,
1468,1851.4071044921875,0.01849750243127346,1.849750243127346,12141.659844398499,10000,ppo,ppo,crawler,flat,action_dth_tot_plus_friction_thdot_formula,,,,,,,,,,,,,,,0.0038491843716049433,0,781,0.0,0.0,,,,,,,,,,,,,,,,,,,,,,,,,,,,,,,,,,,,,,,,,,,,,,,,,,,,,,,,,,,,,,,,,,,,,,,,,,nan,,,,,,,,,,,,,,,
1469,1783.1253662109375,0.017812378704547882,1.7812378704547882,12149.746454000473,10000,ppo,ppo,crawler,flat,action_dth_tot_plus_friction_thdot_formula,,,,,,,,,,,,,,,0.0030521684824536756,0,781,0.0,0.0,,,,,,,,,,,,,,,,,,,,,,,,,,,,,,,,,,,,,,,,,,,,,,,,,,,,,,,,,,,,,,,,,,,,,,,,,,nan,,,,,,,,,,,,,,,
1470,1785.0390625,0.017832256853580475,1.7832256853580475,12157.585580348969,10000,ppo,ppo,crawler,flat,action_dth_tot_plus_friction_thdot_formula,,,,,,,,,,,,,,,0.003364111116172677,0,781,0.0,0.0,,,,,,,,,,,,,,,,,,,,,,,,,,,,,,,,,,,,,,,,,,,,,,,,,,,,,,,,,,,,,,,,,,,,,,,,,,nan,,,,,,,,,,,,,,,
1471,1877.3543701171875,0.018755799159407616,1.8755799159407616,12165.367851018906,10000,ppo,ppo,crawler,flat,action_dth_tot_plus_friction_thdot_formula,,,,,,,,,,,,,,,0.004228801413347692,0,781,0.0,0.0,,,,,,,,,,,,,,,,,,,,,,,,,,,,,,,,,,,,,,,,,,,,,,,,,,,,,,,,,,,,,,,,,,,,,,,,,,nan,,,,,,,,,,,,,,,
1472,1813.9713134765625,0.018121615052223206,1.8121615052223206,12173.55756688118,10000,ppo,ppo,crawler,flat,action_dth_tot_plus_friction_thdot_formula,,,,,,,,,,,,,,,0.0034014802223304584,0,781,0.0,0.0,,,,,,,,,,,,,,,,,,,,,,,,,,,,,,,,,,,,,,,,,,,,,,,,,,,,,,,,,,,,,,,,,,,,,,,,,,nan,,,,,,,,,,,,,,,
1473,1826.4539794921875,0.01824701763689518,1.824701763689518,12181.74682855606,10000,ppo,ppo,crawler,flat,action_dth_tot_plus_friction_thdot_formula,,,,,,,,,,,,,,,0.00355362817069704,0,781,0.0,0.0,,,,,,,,,,,,,,,,,,,,,,,,,,,,,,,,,,,,,,,,,,,,,,,,,,,,,,,,,,,,,,,,,,,,,,,,,,nan,,,,,,,,,,,,,,,
1474,1787.5389404296875,0.017860518768429756,1.7860518768429756,12189.900518894196,10000,ppo,ppo,crawler,flat,action_dth_tot_plus_friction_thdot_formula,,,,,,,,,,,,,,,0.0038970749251062715,0,781,0.0,0.0,,,,,,,,,,,,,,,,,,,,,,,,,,,,,,,,,,,,,,,,,,,,,,,,,,,,,,,,,,,,,,,,,,,,,,,,,,nan,,,,,,,,,,,,,,,
1475,1720.5894775390625,0.017186883836984634,1.7186883836984634,12197.79962682724,10000,ppo,ppo,crawler,flat,action_dth_tot_plus_friction_thdot_formula,,,,,,,,,,,,,,,0.002894349881938555,0,781,0.0,0.0,,,,,,,,,,,,,,,,,,,,,,,,,,,,,,,,,,,,,,,,,,,,,,,,,,,,,,,,,,,,,,,,,,,,,,,,,,nan,,,,,,,,,,,,,,,
1476,1783.130126953125,0.017810795456171036,1.7810795456171036,12205.871090173721,10000,ppo,ppo,crawler,flat,action_dth_tot_plus_friction_thdot_formula,,,,,,,,,,,,,,,0.004257777776740844,0,781,0.0,0.0,,,,,,,,,,,,,,,,,,,,,,,,,,,,,,,,,,,,,,,,,,,,,,,,,,,,,,,,,,,,,,,,,,,,,,,,,,nan,,,,,,,,,,,,,,,
1477,1763.911376953125,0.017620457336306572,1.7620457336306572,12213.927457809448,10000,ppo,ppo,crawler,flat,action_dth_tot_plus_friction_thdot_formula,,,,,,,,,,,,,,,0.003646459429226422,0,781,0.0,0.0,,,,,,,,,,,,,,,,,,,,,,,,,,,,,,,,,,,,,,,,,,,,,,,,,,,,,,,,,,,,,,,,,,,,,,,,,,nan,,,,,,,,,,,,,,,
1478,1836.358642578125,0.018342256546020508,1.8342256546020508,12222.22777724266,10000,ppo,ppo,crawler,flat,action_dth_tot_plus_friction_thdot_formula,,,,,,,,,,,,,,,0.003740058406110061,0,781,0.0,0.0,,,,,,,,,,,,,,,,,,,,,,,,,,,,,,,,,,,,,,,,,,,,,,,,,,,,,,,,,,,,,,,,,,,,,,,,,,nan,,,,,,,,,,,,,,,
1479,1727.0416259765625,0.01725185103714466,1.725185103714466,12230.405124425888,10000,ppo,ppo,crawler,flat,action_dth_tot_plus_friction_thdot_formula,,,,,,,,,,,,,,,0.003686615910550112,0,781,0.0,0.0,,,,,,,,,,,,,,,,,,,,,,,,,,,,,,,,,,,,,,,,,,,,,,,,,,,,,,,,,,,,,,,,,,,,,,,,,,nan,,,,,,,,,,,,,,,
1480,1864.7156982421875,0.018628552556037903,1.8628552556037903,12238.726331472397,10000,ppo,ppo,crawler,flat,action_dth_tot_plus_friction_thdot_formula,,,,,,,,,,,,,,,0.003639237049081042,0,781,0.0,0.0,,,,,,,,,,,,,,,,,,,,,,,,,,,,,,,,,,,,,,,,,,,,,,,,,,,,,,,,,,,,,,,,,,,,,,,,,,nan,,,,,,,,,,,,,,,
1481,1758.0133056640625,0.01756199449300766,1.756199449300766,12247.45992398262,10000,ppo,ppo,crawler,flat,action_dth_tot_plus_friction_thdot_formula,,,,,,,,,,,,,,,0.0035959576391397345,0,781,0.0,0.0,,,,,,,,,,,,,,,,,,,,,,,,,,,,,,,,,,,,,,,,,,,,,,,,,,,,,,,,,,,,,,,,,,,,,,,,,,nan,,,,,,,,,,,,,,,
1482,1791.9691162109375,0.017900925129652023,1.7900925129652023,12255.9791431427,10000,ppo,ppo,crawler,flat,action_dth_tot_plus_friction_thdot_formula,,,,,,,,,,,,,,,0.0032168189843621094,0,781,0.0,0.0,,,,,,,,,,,,,,,,,,,,,,,,,,,,,,,,,,,,,,,,,,,,,,,,,,,,,,,,,,,,,,,,,,,,,,,,,,nan,,,,,,,,,,,,,,,
1483,1808.6981201171875,0.018067900091409683,1.8067900091409683,12264.392291784286,10000,ppo,ppo,crawler,flat,action_dth_tot_plus_friction_thdot_formula,,,,,,,,,,,,,,,0.003656695627505449,0,781,0.0,0.0,,,,,,,,,,,,,,,,,,,,,,,,,,,,,,,,,,,,,,,,,,,,,,,,,,,,,,,,,,,,,,,,,,,,,,,,,,nan,,,,,,,,,,,,,,,
1484,1816.7783203125,0.018148869276046753,1.8148869276046753,12272.58202123642,10000,ppo,ppo,crawler,flat,action_dth_tot_plus_friction_thdot_formula,,,,,,,,,,,,,,,0.0036834686348827675,0,781,0.0,0.0,,,,,,,,,,,,,,,,,,,,,,,,,,,,,,,,,,,,,,,,,,,,,,,,,,,,,,,,,,,,,,,,,,,,,,,,,,nan,,,,,,,,,,,,,,,
1485,1872.9967041015625,0.01870935782790184,1.870935782790184,12280.822216510773,10000,ppo,ppo,crawler,flat,action_dth_tot_plus_friction_thdot_formula,,,,,,,,,,,,,,,0.0038945285300291937,0,781,0.0,0.0,,,,,,,,,,,,,,,,,,,,,,,,,,,,,,,,,,,,,,,,,,,,,,,,,,,,,,,,,,,,,,,,,,,,,,,,,,nan,,,,,,,,,,,,,,,
1486,1832.1187744140625,0.018304184079170227,1.8304184079170227,12288.902216672897,10000,ppo,ppo,crawler,flat,action_dth_tot_plus_friction_thdot_formula,,,,,,,,,,,,,,,0.004007783576912603,0,781,0.0,0.0,,,,,,,,,,,,,,,,,,,,,,,,,,,,,,,,,,,,,,,,,,,,,,,,,,,,,,,,,,,,,,,,,,,,,,,,,,nan,,,,,,,,,,,,,,,
1487,1772.1519775390625,0.017698967829346657,1.7698967829346657,12297.032915592194,10000,ppo,ppo,crawler,flat,action_dth_tot_plus_friction_thdot_formula,,,,,,,,,,,,,,,0.00424008708017629,0,781,0.0,0.0,,,,,,,,,,,,,,,,,,,,,,,,,,,,,,,,,,,,,,,,,,,,,,,,,,,,,,,,,,,,,,,,,,,,,,,,,,nan,,,,,,,,,,,,,,,
1488,1761.6953125,0.017597701400518417,1.7597701400518417,12305.296638250351,10000,ppo,ppo,crawler,flat,action_dth_tot_plus_friction_thdot_formula,,,,,,,,,,,,,,,0.003667064340182648,0,781,0.0,0.0,,,,,,,,,,,,,,,,,,,,,,,,,,,,,,,,,,,,,,,,,,,,,,,,,,,,,,,,,,,,,,,,,,,,,,,,,,nan,,,,,,,,,,,,,,,
1489,1831.5435791015625,0.018294526264071465,1.8294526264071465,12313.625718593597,10000,ppo,ppo,crawler,flat,action_dth_tot_plus_friction_thdot_formula,,,,,,,,,,,,,,,0.003983468302345516,0,781,0.0,0.0,,,,,,,,,,,,,,,,,,,,,,,,,,,,,,,,,,,,,,,,,,,,,,,,,,,,,,,,,,,,,,,,,,,,,,,,,,nan,,,,,,,,,,,,,,,
1490,1892.973876953125,0.01891006901860237,1.8910069018602371,12321.734175920486,10000,ppo,ppo,crawler,flat,action_dth_tot_plus_friction_thdot_formula,,,,,,,,,,,,,,,0.0032495228304925987,0,781,0.0,0.0,,,,,,,,,,,,,,,,,,,,,,,,,,,,,,,,,,,,,,,,,,,,,,,,,,,,,,,,,,,,,,,,,,,,,,,,,,nan,,,,,,,,,,,,,,,
1491,1842.9456787109375,0.01841079443693161,1.841079443693161,12330.213991165161,10000,ppo,ppo,crawler,flat,action_dth_tot_plus_friction_thdot_formula,,,,,,,,,,,,,,,0.0033384821068843714,0,781,0.0,0.0,,,,,,,,,,,,,,,,,,,,,,,,,,,,,,,,,,,,,,,,,,,,,,,,,,,,,,,,,,,,,,,,,,,,,,,,,,nan,,,,,,,,,,,,,,,
1492,1868.21484375,0.018662724643945694,1.8662724643945694,12338.340533971786,10000,ppo,ppo,crawler,flat,action_dth_tot_plus_friction_thdot_formula,,,,,,,,,,,,,,,0.00317857489773882,0,781,0.0,0.0,,,,,,,,,,,,,,,,,,,,,,,,,,,,,,,,,,,,,,,,,,,,,,,,,,,,,,,,,,,,,,,,,,,,,,,,,,nan,,,,,,,,,,,,,,,
1493,1792.9364013671875,0.017909858375787735,1.7909858375787735,12346.532164812088,10000,ppo,ppo,crawler,flat,action_dth_tot_plus_friction_thdot_formula,,,,,,,,,,,,,,,0.0038767972142807064,0,781,0.0,0.0,,,,,,,,,,,,,,,,,,,,,,,,,,,,,,,,,,,,,,,,,,,,,,,,,,,,,,,,,,,,,,,,,,,,,,,,,,nan,,,,,,,,,,,,,,,
1494,1878.119140625,0.018760181963443756,1.8760181963443756,12354.754145860672,10000,ppo,ppo,crawler,flat,action_dth_tot_plus_friction_thdot_formula,,,,,,,,,,,,,,,0.0038129050637447487,0,781,0.0,0.0,,,,,,,,,,,,,,,,,,,,,,,,,,,,,,,,,,,,,,,,,,,,,,,,,,,,,,,,,,,,,,,,,,,,,,,,,,nan,,,,,,,,,,,,,,,
1495,1913.0445556640625,0.019107483327388763,1.9107483327388763,12362.988197565079,10000,ppo,ppo,crawler,flat,action_dth_tot_plus_friction_thdot_formula,,,,,,,,,,,,,,,0.0029804707085132414,0,781,0.0,0.0,,,,,,,,,,,,,,,,,,,,,,,,,,,,,,,,,,,,,,,,,,,,,,,,,,,,,,,,,,,,,,,,,,,,,,,,,,nan,,,,,,,,,,,,,,,
1496,1928.793212890625,0.019265731796622276,1.9265731796622276,12371.00108242035,10000,ppo,ppo,crawler,flat,action_dth_tot_plus_friction_thdot_formula,,,,,,,,,,,,,,,0.0034438872695858763,0,781,0.0,0.0,,,,,,,,,,,,,,,,,,,,,,,,,,,,,,,,,,,,,,,,,,,,,,,,,,,,,,,,,,,,,,,,,,,,,,,,,,nan,,,,,,,,,,,,,,,
1497,1903.09765625,0.019011691212654114,1.9011691212654114,12379.213738918304,10000,ppo,ppo,crawler,flat,action_dth_tot_plus_friction_thdot_formula,,,,,,,,,,,,,,,0.003782021024160948,0,781,0.0,0.0,,,,,,,,,,,,,,,,,,,,,,,,,,,,,,,,,,,,,,,,,,,,,,,,,,,,,,,,,,,,,,,,,,,,,,,,,,nan,,,,,,,,,,,,,,,
1498,1906.3502197265625,0.019041266292333603,1.9041266292333603,12387.451395750046,10000,ppo,ppo,crawler,flat,action_dth_tot_plus_friction_thdot_formula,,,,,,,,,,,,,,,0.004107943112315328,0,781,0.0,0.0,,,,,,,,,,,,,,,,,,,,,,,,,,,,,,,,,,,,,,,,,,,,,,,,,,,,,,,,,,,,,,,,,,,,,,,,,,nan,,,,,,,,,,,,,,,
1499,1844.036376953125,0.01842017099261284,1.8420170992612839,12395.300471067429,10000,ppo,ppo,crawler,flat,action_dth_tot_plus_friction_thdot_formula,,,,,,,,,,,,,,,0.0031468856122559975,0,781,0.0,0.0,,,,,,,,,,,,,,,,,,,,,,,,,,,,,,,,,,,,,,,,,,,,,,,,,,,,,,,,,,,,,,,,,,,,,,,,,,nan,,,,,,,,,,,,,,,
1500,1893.033203125,0.01891159452497959,1.8911594524979591,12403.700620412827,10000,ppo,ppo,crawler,flat,action_dth_tot_plus_friction_thdot_formula,,,,,,,,,,,,,,,0.003679599722547137,0,781,0.0,0.0,,,,,,,,,,,,,,,,,,,,,,,,,,,,,,,,,,,,,,,,,,,,,,,,,,,,,,,,,,,,,,,,,,,,,,,,,,nan,,,,,,,,,,,,,,,
