episode,reward_mean,speed_mean,speed_x100,elapsed_sec,frames_per_batch,algorithm,algorithm_family,robot,terrain,channel,actor_update_norm_mean,actor_update_clip_scale_mean,ddpg_loss_actor_mean,ddpg_loss_value_mean,ddpg_actor_grad_norm_mean,ddpg_critic_grad_norm_mean,ddpg_actor_parameter_displacement,ddpg_replay_size,ddpg_replay_transition_bytes,ddpg_exploration_sigma,ddpg_pred_q_mean,ddpg_target_q_mean,ddpg_td_error_mean,ddpg_optimizer_updates,ppo_approx_kl,ppo_early_stop,ppo_updates_completed,policy_anchor_loss,policy_anchor_coeff_effective,closure_score,circularity_score,body_omega,slip_penalty,action_smoothness_penalty,curriculum_progress,rolling_reward,tail_lift_score,tail_forward_score,head_contact_score,curl_prefix_progress,curl_order_penalty,total_signed_curvature,closure_ratio,support_margin,cumulative_rotation,rolling_gate,tail_roll_stage,tail_stage_success,tail_stage_success_rate,tail_roll_reward,fast_roll_phase,fast_roll_phase_steps,fast_roll_phase_progress,fast_roll_flip_event,fast_roll_flip_count,fast_roll_cycle_count,fast_roll_cycle_rotation,fast_roll_cycle_forward,fast_roll_support_migration,fast_roll_direction_fraction,fast_roll_motion_gate,fast_roll_reward,fast_forward_phase,fast_forward_phase_steps,fast_forward_launch_progress,fast_forward_launch_ready_steps,fast_forward_roll_progress,fast_forward_progress_delta,fast_forward_launch_event,fast_forward_event_pulse,fast_forward_event_bonus,fast_forward_event_count,fast_forward_event_rotation,fast_forward_event_forward,fast_forward_support_index,fast_forward_support_migration_nodes,fast_forward_ground_contact_strength,fast_forward_event_direction_fraction,fast_forward_episode_direction_fraction,fast_forward_event_steps,fast_forward_progress_age,fast_forward_stall_penalty,fast_forward_reverse_rotation_penalty,fast_forward_backward_penalty,effort_penalty,scratch_wr_v2_z0_lift_ratio,scratch_wr_v2_z0_forward_ratio,scratch_wr_v2_z0_curl_ratio,scratch_wr_v2_z0_sync_score,scratch_wr_v2_z0_candidate_mask,scratch_wr_v2_z0_active,scratch_wr_v2_z0_penalty_scale,scratch_wr_v2_z0_dense_reward,scratch_wr_v2_progress_delta,fast_forward_reward,wave_amplitude,wave_center,wave_width,wave_hold,wave_kp,wave_kd,scratch_wr_stage_id,scratch_wr_learning_rate,scratch_wr_alpha,scratch_wr_wave_torque_rms,scratch_wr_residual_torque_rms,scratch_wr_applied_residual_torque_rms,scratch_wr_total_torque_rms,scratch_wr_torque_clip_fraction,scratch_wr_residual_saturation_fraction,scratch_wr_v2_wave_ema_beta,scratch_wr_v2_wave_filter_delta_rms,scratch_wr_v2_applied_wave_amplitude,scratch_wr_v2_applied_wave_center,scratch_wr_v2_applied_wave_width,scratch_wr_v2_applied_wave_hold,scratch_wr_v2_applied_wave_kp,scratch_wr_v2_applied_wave_kd
1,-7.20525598526001,-7.233600626932457e-05,-0.007233600626932457,9.56296968460083,10000,ppo,ppo,crawler,flat,obs_dth_tot_direct,,,,,,,,,,,,,,,0.003997039668683544,0,781,0.0,0.0,,,,,,,,,,,,,,,,,,,,,,,,,,,,,,,,,,,,,,,,,,,,,,,,,,,,,,,,,,,,,,,,,,,,,,,,,,nan,,,,,,,,,,,,,,,
2,-1.127764105796814,-1.1734529834939167e-05,-0.0011734529834939167,18.689974784851074,10000,ppo,ppo,crawler,flat,obs_dth_tot_direct,,,,,,,,,,,,,,,0.0023401601721649507,0,781,0.0,0.0,,,,,,,,,,,,,,,,,,,,,,,,,,,,,,,,,,,,,,,,,,,,,,,,,,,,,,,,,,,,,,,,,,,,,,,,,,nan,,,,,,,,,,,,,,,
3,5.241352558135986,5.2098064770689234e-05,0.005209806477068923,27.7798490524292,10000,ppo,ppo,crawler,flat,obs_dth_tot_direct,,,,,,,,,,,,,,,0.0023390324743078226,0,781,0.0,0.0,,,,,,,,,,,,,,,,,,,,,,,,,,,,,,,,,,,,,,,,,,,,,,,,,,,,,,,,,,,,,,,,,,,,,,,,,,nan,,,,,,,,,,,,,,,
4,16.587299346923828,0.00016561569646000862,0.016561569646000862,36.977132081985474,10000,ppo,ppo,crawler,flat,obs_dth_tot_direct,,,,,,,,,,,,,,,0.0018888719870456079,0,781,0.0,0.0,,,,,,,,,,,,,,,,,,,,,,,,,,,,,,,,,,,,,,,,,,,,,,,,,,,,,,,,,,,,,,,,,,,,,,,,,,nan,,,,,,,,,,,,,,,
5,33.07227325439453,0.00033040999551303685,0.033040999551303685,45.91505837440491,10000,ppo,ppo,crawler,flat,obs_dth_tot_direct,,,,,,,,,,,,,,,0.0016593541752483825,0,781,0.0,0.0,,,,,,,,,,,,,,,,,,,,,,,,,,,,,,,,,,,,,,,,,,,,,,,,,,,,,,,,,,,,,,,,,,,,,,,,,,nan,,,,,,,,,,,,,,,
6,38.67845153808594,0.00038680704892612994,0.038680704892612994,55.35165596008301,10000,ppo,ppo,crawler,flat,obs_dth_tot_direct,,,,,,,,,,,,,,,0.001392327653224462,0,781,0.0,0.0,,,,,,,,,,,,,,,,,,,,,,,,,,,,,,,,,,,,,,,,,,,,,,,,,,,,,,,,,,,,,,,,,,,,,,,,,,nan,,,,,,,,,,,,,,,
7,45.850093841552734,0.0004590502649080008,0.04590502649080008,64.56730103492737,10000,ppo,ppo,crawler,flat,obs_dth_tot_direct,,,,,,,,,,,,,,,0.001540273364575785,0,781,0.0,0.0,,,,,,,,,,,,,,,,,,,,,,,,,,,,,,,,,,,,,,,,,,,,,,,,,,,,,,,,,,,,,,,,,,,,,,,,,,nan,,,,,,,,,,,,,,,
8,37.75130844116211,0.00037799362326040864,0.037799362326040864,73.73148655891418,10000,ppo,ppo,crawler,flat,obs_dth_tot_direct,,,,,,,,,,,,,,,0.001363108230365092,0,781,0.0,0.0,,,,,,,,,,,,,,,,,,,,,,,,,,,,,,,,,,,,,,,,,,,,,,,,,,,,,,,,,,,,,,,,,,,,,,,,,,nan,,,,,,,,,,,,,,,
9,38.02863693237305,0.0003798601101152599,0.03798601101152599,82.73705005645752,10000,ppo,ppo,crawler,flat,obs_dth_tot_direct,,,,,,,,,,,,,,,0.0015396811659823479,0,781,0.0,0.0,,,,,,,,,,,,,,,,,,,,,,,,,,,,,,,,,,,,,,,,,,,,,,,,,,,,,,,,,,,,,,,,,,,,,,,,,,nan,,,,,,,,,,,,,,,
10,60.90411376953125,0.0006088700029067695,0.06088700029067695,91.81773805618286,10000,ppo,ppo,crawler,flat,obs_dth_tot_direct,,,,,,,,,,,,,,,0.0015465682395228953,0,781,0.0,0.0,,,,,,,,,,,,,,,,,,,,,,,,,,,,,,,,,,,,,,,,,,,,,,,,,,,,,,,,,,,,,,,,,,,,,,,,,,nan,,,,,,,,,,,,,,,
11,52.202064514160156,0.0005213170079514384,0.05213170079514384,101.02945041656494,10000,ppo,ppo,crawler,flat,obs_dth_tot_direct,,,,,,,,,,,,,,,0.001291430400355502,0,781,0.0,0.0,,,,,,,,,,,,,,,,,,,,,,,,,,,,,,,,,,,,,,,,,,,,,,,,,,,,,,,,,,,,,,,,,,,,,,,,,,nan,,,,,,,,,,,,,,,
12,94.29179382324219,0.0009416421526111662,0.09416421526111662,110.07707929611206,10000,ppo,ppo,crawler,flat,obs_dth_tot_direct,,,,,,,,,,,,,,,0.002293754232742987,0,781,0.0,0.0,,,,,,,,,,,,,,,,,,,,,,,,,,,,,,,,,,,,,,,,,,,,,,,,,,,,,,,,,,,,,,,,,,,,,,,,,,nan,,,,,,,,,,,,,,,
13,145.98492431640625,0.001458493061363697,0.1458493061363697,119.09194231033325,10000,ppo,ppo,crawler,flat,obs_dth_tot_direct,,,,,,,,,,,,,,,0.0028312784023876584,0,781,0.0,0.0,,,,,,,,,,,,,,,,,,,,,,,,,,,,,,,,,,,,,,,,,,,,,,,,,,,,,,,,,,,,,,,,,,,,,,,,,,nan,,,,,,,,,,,,,,,
14,192.7928466796875,0.0019253493519499898,0.19253493519499898,127.98768138885498,10000,ppo,ppo,crawler,flat,obs_dth_tot_direct,,,,,,,,,,,,,,,0.003998817116468245,0,781,0.0,0.0,,,,,,,,,,,,,,,,,,,,,,,,,,,,,,,,,,,,,,,,,,,,,,,,,,,,,,,,,,,,,,,,,,,,,,,,,,nan,,,,,,,,,,,,,,,
15,328.7562561035156,0.003284056670963764,0.3284056670963764,137.20368146896362,10000,ppo,ppo,crawler,flat,obs_dth_tot_direct,,,,,,,,,,,,,,,0.010083459176264152,0,781,0.0,0.0,,,,,,,,,,,,,,,,,,,,,,,,,,,,,,,,,,,,,,,,,,,,,,,,,,,,,,,,,,,,,,,,,,,,,,,,,,nan,,,,,,,,,,,,,,,
16,483.8075866699219,0.004834102466702461,0.4834102466702461,146.05608916282654,10000,ppo,ppo,crawler,flat,obs_dth_tot_direct,,,,,,,,,,,,,,,0.003982073484306065,0,781,0.0,0.0,,,,,,,,,,,,,,,,,,,,,,,,,,,,,,,,,,,,,,,,,,,,,,,,,,,,,,,,,,,,,,,,,,,,,,,,,,nan,,,,,,,,,,,,,,,
17,680.4337768554688,0.0067986492067575455,0.6798649206757545,155.294695854187,10000,ppo,ppo,crawler,flat,obs_dth_tot_direct,,,,,,,,,,,,,,,0.013988972850890772,0,781,0.0,0.0,,,,,,,,,,,,,,,,,,,,,,,,,,,,,,,,,,,,,,,,,,,,,,,,,,,,,,,,,,,,,,,,,,,,,,,,,,nan,,,,,,,,,,,,,,,
18,1055.0072021484375,0.010538345202803612,1.0538345202803612,164.21944546699524,10000,ppo,ppo,crawler,flat,obs_dth_tot_direct,,,,,,,,,,,,,,,0.01689990797054778,0,781,0.0,0.0,,,,,,,,,,,,,,,,,,,,,,,,,,,,,,,,,,,,,,,,,,,,,,,,,,,,,,,,,,,,,,,,,,,,,,,,,,nan,,,,,,,,,,,,,,,
19,1096.6990966796875,0.010954446159303188,1.0954446159303188,173.34502816200256,10000,ppo,ppo,crawler,flat,obs_dth_tot_direct,,,,,,,,,,,,,,,0.011360171552951215,0,781,0.0,0.0,,,,,,,,,,,,,,,,,,,,,,,,,,,,,,,,,,,,,,,,,,,,,,,,,,,,,,,,,,,,,,,,,,,,,,,,,,nan,,,,,,,,,,,,,,,
20,1465.8812255859375,0.01464404258877039,1.464404258877039,182.42746210098267,10000,ppo,ppo,crawler,flat,obs_dth_tot_direct,,,,,,,,,,,,,,,0.010155066099008746,0,781,0.0,0.0,,,,,,,,,,,,,,,,,,,,,,,,,,,,,,,,,,,,,,,,,,,,,,,,,,,,,,,,,,,,,,,,,,,,,,,,,,nan,,,,,,,,,,,,,,,
21,1709.608642578125,0.017079835757613182,1.7079835757613182,191.25121903419495,10000,ppo,ppo,crawler,flat,obs_dth_tot_direct,,,,,,,,,,,,,,,0.014643108840053298,0,781,0.0,0.0,,,,,,,,,,,,,,,,,,,,,,,,,,,,,,,,,,,,,,,,,,,,,,,,,,,,,,,,,,,,,,,,,,,,,,,,,,nan,,,,,,,,,,,,,,,
22,1829.0316162109375,0.01827385276556015,1.827385276556015,200.67597270011902,10000,ppo,ppo,crawler,flat,obs_dth_tot_direct,,,,,,,,,,,,,,,0.0065746186483711284,0,781,0.0,0.0,,,,,,,,,,,,,,,,,,,,,,,,,,,,,,,,,,,,,,,,,,,,,,,,,,,,,,,,,,,,,,,,,,,,,,,,,,nan,,,,,,,,,,,,,,,
23,1894.6024169921875,0.01892758719623089,1.8927587196230888,209.6025903224945,10000,ppo,ppo,crawler,flat,obs_dth_tot_direct,,,,,,,,,,,,,,,0.0076748610666714,0,781,0.0,0.0,,,,,,,,,,,,,,,,,,,,,,,,,,,,,,,,,,,,,,,,,,,,,,,,,,,,,,,,,,,,,,,,,,,,,,,,,,nan,,,,,,,,,,,,,,,
24,1933.3197021484375,0.019313087686896324,1.9313087686896324,218.4316921234131,10000,ppo,ppo,crawler,flat,obs_dth_tot_direct,,,,,,,,,,,,,,,0.00477264114929679,0,781,0.0,0.0,,,,,,,,,,,,,,,,,,,,,,,,,,,,,,,,,,,,,,,,,,,,,,,,,,,,,,,,,,,,,,,,,,,,,,,,,,nan,,,,,,,,,,,,,,,
25,2095.643798828125,0.020931042730808258,2.093104273080826,227.5438506603241,10000,ppo,ppo,crawler,flat,obs_dth_tot_direct,,,,,,,,,,,,,,,0.006053777503834553,0,781,0.0,0.0,,,,,,,,,,,,,,,,,,,,,,,,,,,,,,,,,,,,,,,,,,,,,,,,,,,,,,,,,,,,,,,,,,,,,,,,,,nan,,,,,,,,,,,,,,,
26,1911.810791015625,0.019097471609711647,1.9097471609711647,236.570565700531,10000,ppo,ppo,crawler,flat,obs_dth_tot_direct,,,,,,,,,,,,,,,0.0033329143814383928,0,781,0.0,0.0,,,,,,,,,,,,,,,,,,,,,,,,,,,,,,,,,,,,,,,,,,,,,,,,,,,,,,,,,,,,,,,,,,,,,,,,,,nan,,,,,,,,,,,,,,,
27,2098.675048828125,0.020964644849300385,2.0964644849300385,245.6453619003296,10000,ppo,ppo,crawler,flat,obs_dth_tot_direct,,,,,,,,,,,,,,,0.0062494262728631485,0,781,0.0,0.0,,,,,,,,,,,,,,,,,,,,,,,,,,,,,,,,,,,,,,,,,,,,,,,,,,,,,,,,,,,,,,,,,,,,,,,,,,nan,,,,,,,,,,,,,,,
28,2150.50634765625,0.021484486758708954,2.1484486758708954,254.84260439872742,10000,ppo,ppo,crawler,flat,obs_dth_tot_direct,,,,,,,,,,,,,,,0.0033080304652311487,0,781,0.0,0.0,,,,,,,,,,,,,,,,,,,,,,,,,,,,,,,,,,,,,,,,,,,,,,,,,,,,,,,,,,,,,,,,,,,,,,,,,,nan,,,,,,,,,,,,,,,
29,2210.478271484375,0.022080937400460243,2.2080937400460243,263.8658947944641,10000,ppo,ppo,crawler,flat,obs_dth_tot_direct,,,,,,,,,,,,,,,0.003351317958112779,0,781,0.0,0.0,,,,,,,,,,,,,,,,,,,,,,,,,,,,,,,,,,,,,,,,,,,,,,,,,,,,,,,,,,,,,,,,,,,,,,,,,,nan,,,,,,,,,,,,,,,
30,2114.731201171875,0.021126622334122658,2.1126622334122658,272.8502459526062,10000,ppo,ppo,crawler,flat,obs_dth_tot_direct,,,,,,,,,,,,,,,0.00300840719448735,0,781,0.0,0.0,,,,,,,,,,,,,,,,,,,,,,,,,,,,,,,,,,,,,,,,,,,,,,,,,,,,,,,,,,,,,,,,,,,,,,,,,,nan,,,,,,,,,,,,,,,
31,2145.243896484375,0.02142922393977642,2.142922393977642,281.8631556034088,10000,ppo,ppo,crawler,flat,obs_dth_tot_direct,,,,,,,,,,,,,,,0.0023225265448365436,0,781,0.0,0.0,,,,,,,,,,,,,,,,,,,,,,,,,,,,,,,,,,,,,,,,,,,,,,,,,,,,,,,,,,,,,,,,,,,,,,,,,,nan,,,,,,,,,,,,,,,
32,2158.290771484375,0.021558046340942383,2.1558046340942383,290.95337104797363,10000,ppo,ppo,crawler,flat,obs_dth_tot_direct,,,,,,,,,,,,,,,0.002626828652761145,0,781,0.0,0.0,,,,,,,,,,,,,,,,,,,,,,,,,,,,,,,,,,,,,,,,,,,,,,,,,,,,,,,,,,,,,,,,,,,,,,,,,,nan,,,,,,,,,,,,,,,
33,2018.696533203125,0.02016586810350418,2.016586810350418,300.3446292877197,10000,ppo,ppo,crawler,flat,obs_dth_tot_direct,,,,,,,,,,,,,,,0.0023541384998853085,0,781,0.0,0.0,,,,,,,,,,,,,,,,,,,,,,,,,,,,,,,,,,,,,,,,,,,,,,,,,,,,,,,,,,,,,,,,,,,,,,,,,,nan,,,,,,,,,,,,,,,
34,2189.032958984375,0.02186761051416397,2.186761051416397,309.69144201278687,10000,ppo,ppo,crawler,flat,obs_dth_tot_direct,,,,,,,,,,,,,,,0.00317632736074644,0,781,0.0,0.0,,,,,,,,,,,,,,,,,,,,,,,,,,,,,,,,,,,,,,,,,,,,,,,,,,,,,,,,,,,,,,,,,,,,,,,,,,nan,,,,,,,,,,,,,,,
35,2076.178955078125,0.02073782868683338,2.073782868683338,318.7745006084442,10000,ppo,ppo,crawler,flat,obs_dth_tot_direct,,,,,,,,,,,,,,,0.002264979664710052,0,781,0.0,0.0,,,,,,,,,,,,,,,,,,,,,,,,,,,,,,,,,,,,,,,,,,,,,,,,,,,,,,,,,,,,,,,,,,,,,,,,,,nan,,,,,,,,,,,,,,,
36,2147.351318359375,0.02145165018737316,2.145165018737316,328.27355337142944,10000,ppo,ppo,crawler,flat,obs_dth_tot_direct,,,,,,,,,,,,,,,0.0025059230962310155,0,781,0.0,0.0,,,,,,,,,,,,,,,,,,,,,,,,,,,,,,,,,,,,,,,,,,,,,,,,,,,,,,,,,,,,,,,,,,,,,,,,,,nan,,,,,,,,,,,,,,,
37,2130.7431640625,0.021282939240336418,2.128293924033642,337.5335729122162,10000,ppo,ppo,crawler,flat,obs_dth_tot_direct,,,,,,,,,,,,,,,0.0022910112283690397,0,781,0.0,0.0,,,,,,,,,,,,,,,,,,,,,,,,,,,,,,,,,,,,,,,,,,,,,,,,,,,,,,,,,,,,,,,,,,,,,,,,,,nan,,,,,,,,,,,,,,,
38,2173.0556640625,0.02170892432332039,2.170892432332039,346.64513301849365,10000,ppo,ppo,crawler,flat,obs_dth_tot_direct,,,,,,,,,,,,,,,0.0024282988621901875,0,781,0.0,0.0,,,,,,,,,,,,,,,,,,,,,,,,,,,,,,,,,,,,,,,,,,,,,,,,,,,,,,,,,,,,,,,,,,,,,,,,,,nan,,,,,,,,,,,,,,,
39,2113.621826171875,0.02111327089369297,2.111327089369297,355.76336765289307,10000,ppo,ppo,crawler,flat,obs_dth_tot_direct,,,,,,,,,,,,,,,0.002327921011239931,0,781,0.0,0.0,,,,,,,,,,,,,,,,,,,,,,,,,,,,,,,,,,,,,,,,,,,,,,,,,,,,,,,,,,,,,,,,,,,,,,,,,,nan,,,,,,,,,,,,,,,
40,2151.743408203125,0.02149331569671631,2.149331569671631,364.6430597305298,10000,ppo,ppo,crawler,flat,obs_dth_tot_direct,,,,,,,,,,,,,,,0.002031766533235268,0,781,0.0,0.0,,,,,,,,,,,,,,,,,,,,,,,,,,,,,,,,,,,,,,,,,,,,,,,,,,,,,,,,,,,,,,,,,,,,,,,,,,nan,,,,,,,,,,,,,,,
41,2187.434814453125,0.02184966392815113,2.184966392815113,373.92993783950806,10000,ppo,ppo,crawler,flat,obs_dth_tot_direct,,,,,,,,,,,,,,,0.00208886548877425,0,781,0.0,0.0,,,,,,,,,,,,,,,,,,,,,,,,,,,,,,,,,,,,,,,,,,,,,,,,,,,,,,,,,,,,,,,,,,,,,,,,,,nan,,,,,,,,,,,,,,,
42,2182.50634765625,0.021801842376589775,2.1801842376589775,382.76955342292786,10000,ppo,ppo,crawler,flat,obs_dth_tot_direct,,,,,,,,,,,,,,,0.0022392305914692673,0,781,0.0,0.0,,,,,,,,,,,,,,,,,,,,,,,,,,,,,,,,,,,,,,,,,,,,,,,,,,,,,,,,,,,,,,,,,,,,,,,,,,nan,,,,,,,,,,,,,,,
43,2224.204345703125,0.0222186166793108,2.22186166793108,391.78891801834106,10000,ppo,ppo,crawler,flat,obs_dth_tot_direct,,,,,,,,,,,,,,,0.0017544334065325213,0,781,0.0,0.0,,,,,,,,,,,,,,,,,,,,,,,,,,,,,,,,,,,,,,,,,,,,,,,,,,,,,,,,,,,,,,,,,,,,,,,,,,nan,,,,,,,,,,,,,,,
44,2175.821044921875,0.021734660491347313,2.1734660491347313,401.07431745529175,10000,ppo,ppo,crawler,flat,obs_dth_tot_direct,,,,,,,,,,,,,,,0.002542383430981901,0,781,0.0,0.0,,,,,,,,,,,,,,,,,,,,,,,,,,,,,,,,,,,,,,,,,,,,,,,,,,,,,,,,,,,,,,,,,,,,,,,,,,nan,,,,,,,,,,,,,,,
45,2161.174560546875,0.021586336195468903,2.1586336195468903,410.0527572631836,10000,ppo,ppo,crawler,flat,obs_dth_tot_direct,,,,,,,,,,,,,,,0.002582029317988312,0,781,0.0,0.0,,,,,,,,,,,,,,,,,,,,,,,,,,,,,,,,,,,,,,,,,,,,,,,,,,,,,,,,,,,,,,,,,,,,,,,,,,nan,,,,,,,,,,,,,,,
46,2219.993896484375,0.02217545360326767,2.217545360326767,419.1283276081085,10000,ppo,ppo,crawler,flat,obs_dth_tot_direct,,,,,,,,,,,,,,,0.0024062141165216698,0,781,0.0,0.0,,,,,,,,,,,,,,,,,,,,,,,,,,,,,,,,,,,,,,,,,,,,,,,,,,,,,,,,,,,,,,,,,,,,,,,,,,nan,,,,,,,,,,,,,,,
47,2173.971435546875,0.021719003096222878,2.1719003096222878,428.2297887802124,10000,ppo,ppo,crawler,flat,obs_dth_tot_direct,,,,,,,,,,,,,,,0.002685029191558107,0,781,0.0,0.0,,,,,,,,,,,,,,,,,,,,,,,,,,,,,,,,,,,,,,,,,,,,,,,,,,,,,,,,,,,,,,,,,,,,,,,,,,nan,,,,,,,,,,,,,,,
48,2229.91650390625,0.02227902226150036,2.227902226150036,437.3725435733795,10000,ppo,ppo,crawler,flat,obs_dth_tot_direct,,,,,,,,,,,,,,,0.001989530539018296,0,781,0.0,0.0,,,,,,,,,,,,,,,,,,,,,,,,,,,,,,,,,,,,,,,,,,,,,,,,,,,,,,,,,,,,,,,,,,,,,,,,,,nan,,,,,,,,,,,,,,,
49,2254.743896484375,0.02252781391143799,2.252781391143799,446.6115472316742,10000,ppo,ppo,crawler,flat,obs_dth_tot_direct,,,,,,,,,,,,,,,0.0022840802538758465,0,781,0.0,0.0,,,,,,,,,,,,,,,,,,,,,,,,,,,,,,,,,,,,,,,,,,,,,,,,,,,,,,,,,,,,,,,,,,,,,,,,,,nan,,,,,,,,,,,,,,,
50,2166.412109375,0.02163960225880146,2.163960225880146,455.8721113204956,10000,ppo,ppo,crawler,flat,obs_dth_tot_direct,,,,,,,,,,,,,,,0.0023741663248599675,0,781,0.0,0.0,,,,,,,,,,,,,,,,,,,,,,,,,,,,,,,,,,,,,,,,,,,,,,,,,,,,,,,,,,,,,,,,,,,,,,,,,,nan,,,,,,,,,,,,,,,
51,2248.93310546875,0.022467317059636116,2.2467317059636116,464.788471698761,10000,ppo,ppo,crawler,flat,obs_dth_tot_direct,,,,,,,,,,,,,,,0.002444205473212779,0,781,0.0,0.0,,,,,,,,,,,,,,,,,,,,,,,,,,,,,,,,,,,,,,,,,,,,,,,,,,,,,,,,,,,,,,,,,,,,,,,,,,nan,,,,,,,,,,,,,,,
52,2116.448486328125,0.02114405855536461,2.114405855536461,474.2119553089142,10000,ppo,ppo,crawler,flat,obs_dth_tot_direct,,,,,,,,,,,,,,,0.0032969130094830158,0,781,0.0,0.0,,,,,,,,,,,,,,,,,,,,,,,,,,,,,,,,,,,,,,,,,,,,,,,,,,,,,,,,,,,,,,,,,,,,,,,,,,nan,,,,,,,,,,,,,,,
53,2212.5947265625,0.02210325002670288,2.210325002670288,483.1972839832306,10000,ppo,ppo,crawler,flat,obs_dth_tot_direct,,,,,,,,,,,,,,,0.002382490951817845,0,781,0.0,0.0,,,,,,,,,,,,,,,,,,,,,,,,,,,,,,,,,,,,,,,,,,,,,,,,,,,,,,,,,,,,,,,,,,,,,,,,,,nan,,,,,,,,,,,,,,,
54,2172.919921875,0.021705282852053642,2.1705282852053642,492.2685308456421,10000,ppo,ppo,crawler,flat,obs_dth_tot_direct,,,,,,,,,,,,,,,0.0028297134893881903,0,781,0.0,0.0,,,,,,,,,,,,,,,,,,,,,,,,,,,,,,,,,,,,,,,,,,,,,,,,,,,,,,,,,,,,,,,,,,,,,,,,,,nan,,,,,,,,,,,,,,,
55,2173.539306640625,0.0217138659209013,2.17138659209013,501.5534403324127,10000,ppo,ppo,crawler,flat,obs_dth_tot_direct,,,,,,,,,,,,,,,0.0024796083241295694,0,781,0.0,0.0,,,,,,,,,,,,,,,,,,,,,,,,,,,,,,,,,,,,,,,,,,,,,,,,,,,,,,,,,,,,,,,,,,,,,,,,,,nan,,,,,,,,,,,,,,,
56,2184.945556640625,0.02183198370039463,2.183198370039463,510.7846794128418,10000,ppo,ppo,crawler,flat,obs_dth_tot_direct,,,,,,,,,,,,,,,0.0021470596485514675,0,781,0.0,0.0,,,,,,,,,,,,,,,,,,,,,,,,,,,,,,,,,,,,,,,,,,,,,,,,,,,,,,,,,,,,,,,,,,,,,,,,,,nan,,,,,,,,,,,,,,,
57,2076.079833984375,0.020739492028951645,2.0739492028951645,519.9293818473816,10000,ppo,ppo,crawler,flat,obs_dth_tot_direct,,,,,,,,,,,,,,,0.0037556793146875708,0,781,0.0,0.0,,,,,,,,,,,,,,,,,,,,,,,,,,,,,,,,,,,,,,,,,,,,,,,,,,,,,,,,,,,,,,,,,,,,,,,,,,nan,,,,,,,,,,,,,,,
58,2144.775634765625,0.02142196334898472,2.142196334898472,529.0434122085571,10000,ppo,ppo,crawler,flat,obs_dth_tot_direct,,,,,,,,,,,,,,,0.0021429233531843807,0,781,0.0,0.0,,,,,,,,,,,,,,,,,,,,,,,,,,,,,,,,,,,,,,,,,,,,,,,,,,,,,,,,,,,,,,,,,,,,,,,,,,nan,,,,,,,,,,,,,,,
59,2190.757568359375,0.021883787587285042,2.188378758728504,538.2364187240601,10000,ppo,ppo,crawler,flat,obs_dth_tot_direct,,,,,,,,,,,,,,,0.003357772048014802,0,781,0.0,0.0,,,,,,,,,,,,,,,,,,,,,,,,,,,,,,,,,,,,,,,,,,,,,,,,,,,,,,,,,,,,,,,,,,,,,,,,,,nan,,,,,,,,,,,,,,,
60,2208.774169921875,0.022065209224820137,2.2065209224820137,547.3027265071869,10000,ppo,ppo,crawler,flat,obs_dth_tot_direct,,,,,,,,,,,,,,,0.0019715018821590976,0,781,0.0,0.0,,,,,,,,,,,,,,,,,,,,,,,,,,,,,,,,,,,,,,,,,,,,,,,,,,,,,,,,,,,,,,,,,,,,,,,,,,nan,,,,,,,,,,,,,,,
61,2327.14990234375,0.023246092721819878,2.3246092721819878,556.6546924114227,10000,ppo,ppo,crawler,flat,obs_dth_tot_direct,,,,,,,,,,,,,,,0.002740125208839143,0,781,0.0,0.0,,,,,,,,,,,,,,,,,,,,,,,,,,,,,,,,,,,,,,,,,,,,,,,,,,,,,,,,,,,,,,,,,,,,,,,,,,nan,,,,,,,,,,,,,,,
62,2154.255615234375,0.02151842974126339,2.151842974126339,565.9149339199066,10000,ppo,ppo,crawler,flat,obs_dth_tot_direct,,,,,,,,,,,,,,,0.002177472004758715,0,781,0.0,0.0,,,,,,,,,,,,,,,,,,,,,,,,,,,,,,,,,,,,,,,,,,,,,,,,,,,,,,,,,,,,,,,,,,,,,,,,,,nan,,,,,,,,,,,,,,,
63,2079.723876953125,0.020775606855750084,2.0775606855750084,575.3776638507843,10000,ppo,ppo,crawler,flat,obs_dth_tot_direct,,,,,,,,,,,,,,,0.0024717317633390586,0,781,0.0,0.0,,,,,,,,,,,,,,,,,,,,,,,,,,,,,,,,,,,,,,,,,,,,,,,,,,,,,,,,,,,,,,,,,,,,,,,,,,nan,,,,,,,,,,,,,,,
64,2231.497802734375,0.02229081280529499,2.229081280529499,584.4833860397339,10000,ppo,ppo,crawler,flat,obs_dth_tot_direct,,,,,,,,,,,,,,,0.0022975205279606005,0,781,0.0,0.0,,,,,,,,,,,,,,,,,,,,,,,,,,,,,,,,,,,,,,,,,,,,,,,,,,,,,,,,,,,,,,,,,,,,,,,,,,nan,,,,,,,,,,,,,,,
65,2227.38232421875,0.022249910980463028,2.224991098046303,593.9932272434235,10000,ppo,ppo,crawler,flat,obs_dth_tot_direct,,,,,,,,,,,,,,,0.002029329304474189,0,781,0.0,0.0,,,,,,,,,,,,,,,,,,,,,,,,,,,,,,,,,,,,,,,,,,,,,,,,,,,,,,,,,,,,,,,,,,,,,,,,,,nan,,,,,,,,,,,,,,,
66,2174.184814453125,0.021717486903071404,2.1717486903071404,603.7836327552795,10000,ppo,ppo,crawler,flat,obs_dth_tot_direct,,,,,,,,,,,,,,,0.002680882234061224,0,781,0.0,0.0,,,,,,,,,,,,,,,,,,,,,,,,,,,,,,,,,,,,,,,,,,,,,,,,,,,,,,,,,,,,,,,,,,,,,,,,,,nan,,,,,,,,,,,,,,,
67,2144.212158203125,0.0214198287576437,2.14198287576437,613.1644017696381,10000,ppo,ppo,crawler,flat,obs_dth_tot_direct,,,,,,,,,,,,,,,0.002374687781503919,0,781,0.0,0.0,,,,,,,,,,,,,,,,,,,,,,,,,,,,,,,,,,,,,,,,,,,,,,,,,,,,,,,,,,,,,,,,,,,,,,,,,,nan,,,,,,,,,,,,,,,
68,2227.166748046875,0.02224862575531006,2.224862575531006,622.5270602703094,10000,ppo,ppo,crawler,flat,obs_dth_tot_direct,,,,,,,,,,,,,,,0.0020722102842342317,0,781,0.0,0.0,,,,,,,,,,,,,,,,,,,,,,,,,,,,,,,,,,,,,,,,,,,,,,,,,,,,,,,,,,,,,,,,,,,,,,,,,,nan,,,,,,,,,,,,,,,
69,2197.169677734375,0.02195092663168907,2.195092663168907,631.9073705673218,10000,ppo,ppo,crawler,flat,obs_dth_tot_direct,,,,,,,,,,,,,,,0.001719025869810373,0,781,0.0,0.0,,,,,,,,,,,,,,,,,,,,,,,,,,,,,,,,,,,,,,,,,,,,,,,,,,,,,,,,,,,,,,,,,,,,,,,,,,nan,,,,,,,,,,,,,,,
70,2196.128662109375,0.021935779601335526,2.1935779601335526,641.0042383670807,10000,ppo,ppo,crawler,flat,obs_dth_tot_direct,,,,,,,,,,,,,,,0.00254233220197926,0,781,0.0,0.0,,,,,,,,,,,,,,,,,,,,,,,,,,,,,,,,,,,,,,,,,,,,,,,,,,,,,,,,,,,,,,,,,,,,,,,,,,nan,,,,,,,,,,,,,,,
71,2258.08642578125,0.02255471982061863,2.255471982061863,650.5944650173187,10000,ppo,ppo,crawler,flat,obs_dth_tot_direct,,,,,,,,,,,,,,,0.0020743561092866902,0,781,0.0,0.0,,,,,,,,,,,,,,,,,,,,,,,,,,,,,,,,,,,,,,,,,,,,,,,,,,,,,,,,,,,,,,,,,,,,,,,,,,nan,,,,,,,,,,,,,,,
72,2205.475341796875,0.022034287452697754,2.2034287452697754,659.7915406227112,10000,ppo,ppo,crawler,flat,obs_dth_tot_direct,,,,,,,,,,,,,,,0.0023732165340521667,0,781,0.0,0.0,,,,,,,,,,,,,,,,,,,,,,,,,,,,,,,,,,,,,,,,,,,,,,,,,,,,,,,,,,,,,,,,,,,,,,,,,,nan,,,,,,,,,,,,,,,
73,2051.409912109375,0.020494183525443077,2.0494183525443077,668.9188983440399,10000,ppo,ppo,crawler,flat,obs_dth_tot_direct,,,,,,,,,,,,,,,0.0038031371610811435,0,781,0.0,0.0,,,,,,,,,,,,,,,,,,,,,,,,,,,,,,,,,,,,,,,,,,,,,,,,,,,,,,,,,,,,,,,,,,,,,,,,,,nan,,,,,,,,,,,,,,,
74,2189.821044921875,0.021874358877539635,2.1874358877539635,678.7017366886139,10000,ppo,ppo,crawler,flat,obs_dth_tot_direct,,,,,,,,,,,,,,,0.0024508577333352374,0,781,0.0,0.0,,,,,,,,,,,,,,,,,,,,,,,,,,,,,,,,,,,,,,,,,,,,,,,,,,,,,,,,,,,,,,,,,,,,,,,,,,nan,,,,,,,,,,,,,,,
75,2242.382568359375,0.02239839732646942,2.239839732646942,687.9257981777191,10000,ppo,ppo,crawler,flat,obs_dth_tot_direct,,,,,,,,,,,,,,,0.0016974854043335784,0,781,0.0,0.0,,,,,,,,,,,,,,,,,,,,,,,,,,,,,,,,,,,,,,,,,,,,,,,,,,,,,,,,,,,,,,,,,,,,,,,,,,nan,,,,,,,,,,,,,,,
76,2212.235107421875,0.022098423913121223,2.2098423913121223,697.3089199066162,10000,ppo,ppo,crawler,flat,obs_dth_tot_direct,,,,,,,,,,,,,,,0.0019187429887591438,0,781,0.0,0.0,,,,,,,,,,,,,,,,,,,,,,,,,,,,,,,,,,,,,,,,,,,,,,,,,,,,,,,,,,,,,,,,,,,,,,,,,,nan,,,,,,,,,,,,,,,
77,2251.458740234375,0.022490590810775757,2.2490590810775757,707.0322096347809,10000,ppo,ppo,crawler,flat,obs_dth_tot_direct,,,,,,,,,,,,,,,0.0036918669123220896,0,781,0.0,0.0,,,,,,,,,,,,,,,,,,,,,,,,,,,,,,,,,,,,,,,,,,,,,,,,,,,,,,,,,,,,,,,,,,,,,,,,,,nan,,,,,,,,,,,,,,,
78,2160.720703125,0.021587612107396126,2.1587612107396126,716.0457720756531,10000,ppo,ppo,crawler,flat,obs_dth_tot_direct,,,,,,,,,,,,,,,0.0024996421081439424,0,781,0.0,0.0,,,,,,,,,,,,,,,,,,,,,,,,,,,,,,,,,,,,,,,,,,,,,,,,,,,,,,,,,,,,,,,,,,,,,,,,,,nan,,,,,,,,,,,,,,,
79,2263.41650390625,0.02260901778936386,2.260901778936386,725.0893721580505,10000,ppo,ppo,crawler,flat,obs_dth_tot_direct,,,,,,,,,,,,,,,0.0022423252872979037,0,781,0.0,0.0,,,,,,,,,,,,,,,,,,,,,,,,,,,,,,,,,,,,,,,,,,,,,,,,,,,,,,,,,,,,,,,,,,,,,,,,,,nan,,,,,,,,,,,,,,,
80,2235.85009765625,0.02233952283859253,2.233952283859253,734.6323919296265,10000,ppo,ppo,crawler,flat,obs_dth_tot_direct,,,,,,,,,,,,,,,0.001969311272488539,0,781,0.0,0.0,,,,,,,,,,,,,,,,,,,,,,,,,,,,,,,,,,,,,,,,,,,,,,,,,,,,,,,,,,,,,,,,,,,,,,,,,,nan,,,,,,,,,,,,,,,
81,2331.364013671875,0.023290079087018967,2.3290079087018967,743.8645453453064,10000,ppo,ppo,crawler,flat,obs_dth_tot_direct,,,,,,,,,,,,,,,0.0017383385349758367,0,781,0.0,0.0,,,,,,,,,,,,,,,,,,,,,,,,,,,,,,,,,,,,,,,,,,,,,,,,,,,,,,,,,,,,,,,,,,,,,,,,,,nan,,,,,,,,,,,,,,,
82,2177.796142578125,0.021755708381533623,2.1755708381533623,753.055792093277,10000,ppo,ppo,crawler,flat,obs_dth_tot_direct,,,,,,,,,,,,,,,0.0025557328077260417,0,781,0.0,0.0,,,,,,,,,,,,,,,,,,,,,,,,,,,,,,,,,,,,,,,,,,,,,,,,,,,,,,,,,,,,,,,,,,,,,,,,,,nan,,,,,,,,,,,,,,,
83,2139.3193359375,0.02137160860002041,2.137160860002041,762.5037257671356,10000,ppo,ppo,crawler,flat,obs_dth_tot_direct,,,,,,,,,,,,,,,0.0027803977914263715,0,781,0.0,0.0,,,,,,,,,,,,,,,,,,,,,,,,,,,,,,,,,,,,,,,,,,,,,,,,,,,,,,,,,,,,,,,,,,,,,,,,,,nan,,,,,,,,,,,,,,,
84,2279.76025390625,0.02277597226202488,2.277597226202488,771.9963319301605,10000,ppo,ppo,crawler,flat,obs_dth_tot_direct,,,,,,,,,,,,,,,0.00212302810126317,0,781,0.0,0.0,,,,,,,,,,,,,,,,,,,,,,,,,,,,,,,,,,,,,,,,,,,,,,,,,,,,,,,,,,,,,,,,,,,,,,,,,,nan,,,,,,,,,,,,,,,
85,2177.62890625,0.021758265793323517,2.1758265793323517,782.1710097789764,10000,ppo,ppo,crawler,flat,obs_dth_tot_direct,,,,,,,,,,,,,,,0.002997099617822794,0,781,0.0,0.0,,,,,,,,,,,,,,,,,,,,,,,,,,,,,,,,,,,,,,,,,,,,,,,,,,,,,,,,,,,,,,,,,,,,,,,,,,nan,,,,,,,,,,,,,,,
86,2184.060302734375,0.021822717040777206,2.1822717040777206,791.8181586265564,10000,ppo,ppo,crawler,flat,obs_dth_tot_direct,,,,,,,,,,,,,,,0.0022634045054763575,0,781,0.0,0.0,,,,,,,,,,,,,,,,,,,,,,,,,,,,,,,,,,,,,,,,,,,,,,,,,,,,,,,,,,,,,,,,,,,,,,,,,,nan,,,,,,,,,,,,,,,
87,2231.97265625,0.022296881303191185,2.2296881303191185,801.2249844074249,10000,ppo,ppo,crawler,flat,obs_dth_tot_direct,,,,,,,,,,,,,,,0.0019360805123368118,0,781,0.0,0.0,,,,,,,,,,,,,,,,,,,,,,,,,,,,,,,,,,,,,,,,,,,,,,,,,,,,,,,,,,,,,,,,,,,,,,,,,,nan,,,,,,,,,,,,,,,
88,2189.757568359375,0.0218761395663023,2.18761395663023,810.4486682415009,10000,ppo,ppo,crawler,flat,obs_dth_tot_direct,,,,,,,,,,,,,,,0.002435571567582495,0,781,0.0,0.0,,,,,,,,,,,,,,,,,,,,,,,,,,,,,,,,,,,,,,,,,,,,,,,,,,,,,,,,,,,,,,,,,,,,,,,,,,nan,,,,,,,,,,,,,,,
89,2202.7578125,0.022005721926689148,2.200572192668915,820.3369286060333,10000,ppo,ppo,crawler,flat,obs_dth_tot_direct,,,,,,,,,,,,,,,0.0027372834732055516,0,781,0.0,0.0,,,,,,,,,,,,,,,,,,,,,,,,,,,,,,,,,,,,,,,,,,,,,,,,,,,,,,,,,,,,,,,,,,,,,,,,,,nan,,,,,,,,,,,,,,,
90,2075.41650390625,0.020734138786792755,2.0734138786792755,830.32439494133,10000,ppo,ppo,crawler,flat,obs_dth_tot_direct,,,,,,,,,,,,,,,0.0024756229923162147,0,781,0.0,0.0,,,,,,,,,,,,,,,,,,,,,,,,,,,,,,,,,,,,,,,,,,,,,,,,,,,,,,,,,,,,,,,,,,,,,,,,,,nan,,,,,,,,,,,,,,,
91,2162.583740234375,0.021602293476462364,2.1602293476462364,840.329009771347,10000,ppo,ppo,crawler,flat,obs_dth_tot_direct,,,,,,,,,,,,,,,0.0024747860490062566,0,781,0.0,0.0,,,,,,,,,,,,,,,,,,,,,,,,,,,,,,,,,,,,,,,,,,,,,,,,,,,,,,,,,,,,,,,,,,,,,,,,,,nan,,,,,,,,,,,,,,,
92,2212.920166015625,0.022106466814875603,2.2106466814875603,850.1037156581879,10000,ppo,ppo,crawler,flat,obs_dth_tot_direct,,,,,,,,,,,,,,,0.002772167574481656,0,781,0.0,0.0,,,,,,,,,,,,,,,,,,,,,,,,,,,,,,,,,,,,,,,,,,,,,,,,,,,,,,,,,,,,,,,,,,,,,,,,,,nan,,,,,,,,,,,,,,,
93,2188.31298828125,0.021859753876924515,2.1859753876924515,859.807347536087,10000,ppo,ppo,crawler,flat,obs_dth_tot_direct,,,,,,,,,,,,,,,0.0024883318318283595,0,781,0.0,0.0,,,,,,,,,,,,,,,,,,,,,,,,,,,,,,,,,,,,,,,,,,,,,,,,,,,,,,,,,,,,,,,,,,,,,,,,,,nan,,,,,,,,,,,,,,,
94,2234.1904296875,0.022319329902529716,2.2319329902529716,869.4465901851654,10000,ppo,ppo,crawler,flat,obs_dth_tot_direct,,,,,,,,,,,,,,,0.002828729433397778,0,781,0.0,0.0,,,,,,,,,,,,,,,,,,,,,,,,,,,,,,,,,,,,,,,,,,,,,,,,,,,,,,,,,,,,,,,,,,,,,,,,,,nan,,,,,,,,,,,,,,,
95,2238.439453125,0.022360077127814293,2.2360077127814293,879.5021493434906,10000,ppo,ppo,crawler,flat,obs_dth_tot_direct,,,,,,,,,,,,,,,0.0021488231419150745,0,781,0.0,0.0,,,,,,,,,,,,,,,,,,,,,,,,,,,,,,,,,,,,,,,,,,,,,,,,,,,,,,,,,,,,,,,,,,,,,,,,,,nan,,,,,,,,,,,,,,,
96,2248.37939453125,0.02246173657476902,2.246173657476902,889.0041124820709,10000,ppo,ppo,crawler,flat,obs_dth_tot_direct,,,,,,,,,,,,,,,0.0015320393642483982,0,781,0.0,0.0,,,,,,,,,,,,,,,,,,,,,,,,,,,,,,,,,,,,,,,,,,,,,,,,,,,,,,,,,,,,,,,,,,,,,,,,,,nan,,,,,,,,,,,,,,,
97,2246.910888671875,0.02244492620229721,2.244492620229721,898.5656061172485,10000,ppo,ppo,crawler,flat,obs_dth_tot_direct,,,,,,,,,,,,,,,0.0035041813666310765,0,781,0.0,0.0,,,,,,,,,,,,,,,,,,,,,,,,,,,,,,,,,,,,,,,,,,,,,,,,,,,,,,,,,,,,,,,,,,,,,,,,,,nan,,,,,,,,,,,,,,,
98,2224.2373046875,0.022220874205231667,2.2220874205231667,908.128758430481,10000,ppo,ppo,crawler,flat,obs_dth_tot_direct,,,,,,,,,,,,,,,0.0020015957183209393,0,781,0.0,0.0,,,,,,,,,,,,,,,,,,,,,,,,,,,,,,,,,,,,,,,,,,,,,,,,,,,,,,,,,,,,,,,,,,,,,,,,,,nan,,,,,,,,,,,,,,,
99,2296.14013671875,0.022938964888453484,2.2938964888453484,917.902113199234,10000,ppo,ppo,crawler,flat,obs_dth_tot_direct,,,,,,,,,,,,,,,0.0026705771554017665,0,781,0.0,0.0,,,,,,,,,,,,,,,,,,,,,,,,,,,,,,,,,,,,,,,,,,,,,,,,,,,,,,,,,,,,,,,,,,,,,,,,,,nan,,,,,,,,,,,,,,,
100,2222.212646484375,0.022196846082806587,2.2196846082806587,927.574295759201,10000,ppo,ppo,crawler,flat,obs_dth_tot_direct,,,,,,,,,,,,,,,0.0027602698602655906,0,781,0.0,0.0,,,,,,,,,,,,,,,,,,,,,,,,,,,,,,,,,,,,,,,,,,,,,,,,,,,,,,,,,,,,,,,,,,,,,,,,,,nan,,,,,,,,,,,,,,,
101,2265.416748046875,0.022627050057053566,2.2627050057053566,937.1496641635895,10000,ppo,ppo,crawler,flat,obs_dth_tot_direct,,,,,,,,,,,,,,,0.001964369947143754,0,781,0.0,0.0,,,,,,,,,,,,,,,,,,,,,,,,,,,,,,,,,,,,,,,,,,,,,,,,,,,,,,,,,,,,,,,,,,,,,,,,,,nan,,,,,,,,,,,,,,,
102,2323.10107421875,0.0232058335095644,2.32058335095644,946.6894943714142,10000,ppo,ppo,crawler,flat,obs_dth_tot_direct,,,,,,,,,,,,,,,0.0020846521853072376,0,781,0.0,0.0,,,,,,,,,,,,,,,,,,,,,,,,,,,,,,,,,,,,,,,,,,,,,,,,,,,,,,,,,,,,,,,,,,,,,,,,,,nan,,,,,,,,,,,,,,,
103,2349.649169921875,0.023471588268876076,2.3471588268876076,956.5285115242004,10000,ppo,ppo,crawler,flat,obs_dth_tot_direct,,,,,,,,,,,,,,,0.0019152007604660052,0,781,0.0,0.0,,,,,,,,,,,,,,,,,,,,,,,,,,,,,,,,,,,,,,,,,,,,,,,,,,,,,,,,,,,,,,,,,,,,,,,,,,nan,,,,,,,,,,,,,,,
104,2310.19580078125,0.023079419508576393,2.3079419508576393,965.9287734031677,10000,ppo,ppo,crawler,flat,obs_dth_tot_direct,,,,,,,,,,,,,,,0.001803448893469895,0,781,0.0,0.0,,,,,,,,,,,,,,,,,,,,,,,,,,,,,,,,,,,,,,,,,,,,,,,,,,,,,,,,,,,,,,,,,,,,,,,,,,nan,,,,,,,,,,,,,,,
105,2271.6640625,0.022693702951073647,2.2693702951073647,975.3700914382935,10000,ppo,ppo,crawler,flat,obs_dth_tot_direct,,,,,,,,,,,,,,,0.0018844179605996452,0,781,0.0,0.0,,,,,,,,,,,,,,,,,,,,,,,,,,,,,,,,,,,,,,,,,,,,,,,,,,,,,,,,,,,,,,,,,,,,,,,,,,nan,,,,,,,,,,,,,,,
106,2213.531982421875,0.022112246602773666,2.2112246602773666,984.9713983535767,10000,ppo,ppo,crawler,flat,obs_dth_tot_direct,,,,,,,,,,,,,,,0.003044861793376269,0,781,0.0,0.0,,,,,,,,,,,,,,,,,,,,,,,,,,,,,,,,,,,,,,,,,,,,,,,,,,,,,,,,,,,,,,,,,,,,,,,,,,nan,,,,,,,,,,,,,,,
107,2275.338623046875,0.0227265115827322,2.27265115827322,994.4935836791992,10000,ppo,ppo,crawler,flat,obs_dth_tot_direct,,,,,,,,,,,,,,,0.002068566250049336,0,781,0.0,0.0,,,,,,,,,,,,,,,,,,,,,,,,,,,,,,,,,,,,,,,,,,,,,,,,,,,,,,,,,,,,,,,,,,,,,,,,,,nan,,,,,,,,,,,,,,,
108,2274.986083984375,0.02272447757422924,2.272447757422924,1004.2827897071838,10000,ppo,ppo,crawler,flat,obs_dth_tot_direct,,,,,,,,,,,,,,,0.003038126371521107,0,781,0.0,0.0,,,,,,,,,,,,,,,,,,,,,,,,,,,,,,,,,,,,,,,,,,,,,,,,,,,,,,,,,,,,,,,,,,,,,,,,,,nan,,,,,,,,,,,,,,,
109,2228.3046875,0.022255901247262955,2.2255901247262955,1013.7648413181305,10000,ppo,ppo,crawler,flat,obs_dth_tot_direct,,,,,,,,,,,,,,,0.002200533514842065,0,781,0.0,0.0,,,,,,,,,,,,,,,,,,,,,,,,,,,,,,,,,,,,,,,,,,,,,,,,,,,,,,,,,,,,,,,,,,,,,,,,,,nan,,,,,,,,,,,,,,,
110,2233.707763671875,0.022318940609693527,2.2318940609693527,1023.040854215622,10000,ppo,ppo,crawler,flat,obs_dth_tot_direct,,,,,,,,,,,,,,,0.0018135597234986644,0,781,0.0,0.0,,,,,,,,,,,,,,,,,,,,,,,,,,,,,,,,,,,,,,,,,,,,,,,,,,,,,,,,,,,,,,,,,,,,,,,,,,nan,,,,,,,,,,,,,,,
111,2220.290771484375,0.022181937471032143,2.2181937471032143,1032.6401252746582,10000,ppo,ppo,crawler,flat,obs_dth_tot_direct,,,,,,,,,,,,,,,0.0017983090904009386,0,781,0.0,0.0,,,,,,,,,,,,,,,,,,,,,,,,,,,,,,,,,,,,,,,,,,,,,,,,,,,,,,,,,,,,,,,,,,,,,,,,,,nan,,,,,,,,,,,,,,,
112,2266.033935546875,0.02264290675520897,2.264290675520897,1041.6641962528229,10000,ppo,ppo,crawler,flat,obs_dth_tot_direct,,,,,,,,,,,,,,,0.0022977347840639774,0,781,0.0,0.0,,,,,,,,,,,,,,,,,,,,,,,,,,,,,,,,,,,,,,,,,,,,,,,,,,,,,,,,,,,,,,,,,,,,,,,,,,nan,,,,,,,,,,,,,,,
113,2207.439208984375,0.022053467109799385,2.2053467109799385,1051.0703859329224,10000,ppo,ppo,crawler,flat,obs_dth_tot_direct,,,,,,,,,,,,,,,0.0020071312937343998,0,781,0.0,0.0,,,,,,,,,,,,,,,,,,,,,,,,,,,,,,,,,,,,,,,,,,,,,,,,,,,,,,,,,,,,,,,,,,,,,,,,,,nan,,,,,,,,,,,,,,,
114,2252.593017578125,0.022505279630422592,2.250527963042259,1060.8643856048584,10000,ppo,ppo,crawler,flat,obs_dth_tot_direct,,,,,,,,,,,,,,,0.0019975214782010924,0,781,0.0,0.0,,,,,,,,,,,,,,,,,,,,,,,,,,,,,,,,,,,,,,,,,,,,,,,,,,,,,,,,,,,,,,,,,,,,,,,,,,nan,,,,,,,,,,,,,,,
115,2314.613525390625,0.0231245756149292,2.31245756149292,1069.882071018219,10000,ppo,ppo,crawler,flat,obs_dth_tot_direct,,,,,,,,,,,,,,,0.00289390918476518,0,781,0.0,0.0,,,,,,,,,,,,,,,,,,,,,,,,,,,,,,,,,,,,,,,,,,,,,,,,,,,,,,,,,,,,,,,,,,,,,,,,,,nan,,,,,,,,,,,,,,,
116,2259.7109375,0.022572997957468033,2.2572997957468033,1078.9992246627808,10000,ppo,ppo,crawler,flat,obs_dth_tot_direct,,,,,,,,,,,,,,,0.003040419438616276,0,781,0.0,0.0,,,,,,,,,,,,,,,,,,,,,,,,,,,,,,,,,,,,,,,,,,,,,,,,,,,,,,,,,,,,,,,,,,,,,,,,,,nan,,,,,,,,,,,,,,,
117,2191.431396484375,0.021889597177505493,2.1889597177505493,1088.0487763881683,10000,ppo,ppo,crawler,flat,obs_dth_tot_direct,,,,,,,,,,,,,,,0.0023305517644923945,0,781,0.0,0.0,,,,,,,,,,,,,,,,,,,,,,,,,,,,,,,,,,,,,,,,,,,,,,,,,,,,,,,,,,,,,,,,,,,,,,,,,,nan,,,,,,,,,,,,,,,
118,2200.949462890625,0.021983513608574867,2.1983513608574867,1097.1215357780457,10000,ppo,ppo,crawler,flat,obs_dth_tot_direct,,,,,,,,,,,,,,,0.001967268621733108,0,781,0.0,0.0,,,,,,,,,,,,,,,,,,,,,,,,,,,,,,,,,,,,,,,,,,,,,,,,,,,,,,,,,,,,,,,,,,,,,,,,,,nan,,,,,,,,,,,,,,,
119,2172.07568359375,0.021697701886296272,2.1697701886296272,1106.7967929840088,10000,ppo,ppo,crawler,flat,obs_dth_tot_direct,,,,,,,,,,,,,,,0.002224678061368914,0,781,0.0,0.0,,,,,,,,,,,,,,,,,,,,,,,,,,,,,,,,,,,,,,,,,,,,,,,,,,,,,,,,,,,,,,,,,,,,,,,,,,nan,,,,,,,,,,,,,,,
120,2286.10595703125,0.022835854440927505,2.2835854440927505,1115.9191613197327,10000,ppo,ppo,crawler,flat,obs_dth_tot_direct,,,,,,,,,,,,,,,0.0014834412992537718,0,781,0.0,0.0,,,,,,,,,,,,,,,,,,,,,,,,,,,,,,,,,,,,,,,,,,,,,,,,,,,,,,,,,,,,,,,,,,,,,,,,,,nan,,,,,,,,,,,,,,,
121,2120.849609375,0.021182667464017868,2.118266746401787,1124.9499871730804,10000,ppo,ppo,crawler,flat,obs_dth_tot_direct,,,,,,,,,,,,,,,0.003091858964728646,0,781,0.0,0.0,,,,,,,,,,,,,,,,,,,,,,,,,,,,,,,,,,,,,,,,,,,,,,,,,,,,,,,,,,,,,,,,,,,,,,,,,,nan,,,,,,,,,,,,,,,
122,2138.430908203125,0.021358773112297058,2.135877311229706,1134.510362625122,10000,ppo,ppo,crawler,flat,obs_dth_tot_direct,,,,,,,,,,,,,,,0.0019252892523258238,0,781,0.0,0.0,,,,,,,,,,,,,,,,,,,,,,,,,,,,,,,,,,,,,,,,,,,,,,,,,,,,,,,,,,,,,,,,,,,,,,,,,,nan,,,,,,,,,,,,,,,
123,2219.509521484375,0.022172674536705017,2.2172674536705017,1143.6112501621246,10000,ppo,ppo,crawler,flat,obs_dth_tot_direct,,,,,,,,,,,,,,,0.0018573403405034684,0,781,0.0,0.0,,,,,,,,,,,,,,,,,,,,,,,,,,,,,,,,,,,,,,,,,,,,,,,,,,,,,,,,,,,,,,,,,,,,,,,,,,nan,,,,,,,,,,,,,,,
124,2269.076171875,0.022666873410344124,2.2666873410344124,1152.402202129364,10000,ppo,ppo,crawler,flat,obs_dth_tot_direct,,,,,,,,,,,,,,,0.0020613622797151345,0,781,0.0,0.0,,,,,,,,,,,,,,,,,,,,,,,,,,,,,,,,,,,,,,,,,,,,,,,,,,,,,,,,,,,,,,,,,,,,,,,,,,nan,,,,,,,,,,,,,,,
125,2231.591064453125,0.022291766479611397,2.2291766479611397,1161.848489522934,10000,ppo,ppo,crawler,flat,obs_dth_tot_direct,,,,,,,,,,,,,,,0.0020387142804891077,0,781,0.0,0.0,,,,,,,,,,,,,,,,,,,,,,,,,,,,,,,,,,,,,,,,,,,,,,,,,,,,,,,,,,,,,,,,,,,,,,,,,,nan,,,,,,,,,,,,,,,
126,2345.913330078125,0.0234360434114933,2.34360434114933,1170.7370009422302,10000,ppo,ppo,crawler,flat,obs_dth_tot_direct,,,,,,,,,,,,,,,0.0014040586733357412,0,781,0.0,0.0,,,,,,,,,,,,,,,,,,,,,,,,,,,,,,,,,,,,,,,,,,,,,,,,,,,,,,,,,,,,,,,,,,,,,,,,,,nan,,,,,,,,,,,,,,,
127,2345.147216796875,0.023429790511727333,2.3429790511727333,1179.9895861148834,10000,ppo,ppo,crawler,flat,obs_dth_tot_direct,,,,,,,,,,,,,,,0.001596639487509276,0,781,0.0,0.0,,,,,,,,,,,,,,,,,,,,,,,,,,,,,,,,,,,,,,,,,,,,,,,,,,,,,,,,,,,,,,,,,,,,,,,,,,nan,,,,,,,,,,,,,,,
128,2383.856201171875,0.023810261860489845,2.3810261860489845,1189.333657026291,10000,ppo,ppo,crawler,flat,obs_dth_tot_direct,,,,,,,,,,,,,,,0.0017500423427979715,0,781,0.0,0.0,,,,,,,,,,,,,,,,,,,,,,,,,,,,,,,,,,,,,,,,,,,,,,,,,,,,,,,,,,,,,,,,,,,,,,,,,,nan,,,,,,,,,,,,,,,
129,2262.703857421875,0.022602031007409096,2.2602031007409096,1198.1079437732697,10000,ppo,ppo,crawler,flat,obs_dth_tot_direct,,,,,,,,,,,,,,,0.0019729830580952055,0,781,0.0,0.0,,,,,,,,,,,,,,,,,,,,,,,,,,,,,,,,,,,,,,,,,,,,,,,,,,,,,,,,,,,,,,,,,,,,,,,,,,nan,,,,,,,,,,,,,,,
130,2305.994873046875,0.023032940924167633,2.3032940924167633,1207.2112221717834,10000,ppo,ppo,crawler,flat,obs_dth_tot_direct,,,,,,,,,,,,,,,0.001909624682367998,0,781,0.0,0.0,,,,,,,,,,,,,,,,,,,,,,,,,,,,,,,,,,,,,,,,,,,,,,,,,,,,,,,,,,,,,,,,,,,,,,,,,,nan,,,,,,,,,,,,,,,
131,2227.99169921875,0.02225124090909958,2.225124090909958,1216.0959119796753,10000,ppo,ppo,crawler,flat,obs_dth_tot_direct,,,,,,,,,,,,,,,0.003019666875108725,0,781,0.0,0.0,,,,,,,,,,,,,,,,,,,,,,,,,,,,,,,,,,,,,,,,,,,,,,,,,,,,,,,,,,,,,,,,,,,,,,,,,,nan,,,,,,,,,,,,,,,
132,2285.4169921875,0.022831618785858154,2.2831618785858154,1225.4840347766876,10000,ppo,ppo,crawler,flat,obs_dth_tot_direct,,,,,,,,,,,,,,,0.0014231499084517158,0,781,0.0,0.0,,,,,,,,,,,,,,,,,,,,,,,,,,,,,,,,,,,,,,,,,,,,,,,,,,,,,,,,,,,,,,,,,,,,,,,,,,nan,,,,,,,,,,,,,,,
133,2290.403564453125,0.022879518568515778,2.2879518568515778,1235.0662968158722,10000,ppo,ppo,crawler,flat,obs_dth_tot_direct,,,,,,,,,,,,,,,0.0019885738876232453,0,781,0.0,0.0,,,,,,,,,,,,,,,,,,,,,,,,,,,,,,,,,,,,,,,,,,,,,,,,,,,,,,,,,,,,,,,,,,,,,,,,,,nan,,,,,,,,,,,,,,,
134,2267.928466796875,0.022655537351965904,2.2655537351965904,1243.875968694687,10000,ppo,ppo,crawler,flat,obs_dth_tot_direct,,,,,,,,,,,,,,,0.0023810073664825957,0,781,0.0,0.0,,,,,,,,,,,,,,,,,,,,,,,,,,,,,,,,,,,,,,,,,,,,,,,,,,,,,,,,,,,,,,,,,,,,,,,,,,nan,,,,,,,,,,,,,,,
135,2294.8515625,0.022921839728951454,2.2921839728951454,1253.2096724510193,10000,ppo,ppo,crawler,flat,obs_dth_tot_direct,,,,,,,,,,,,,,,0.0019374614655145563,0,781,0.0,0.0,,,,,,,,,,,,,,,,,,,,,,,,,,,,,,,,,,,,,,,,,,,,,,,,,,,,,,,,,,,,,,,,,,,,,,,,,,nan,,,,,,,,,,,,,,,
136,2151.16455078125,0.021488169208168983,2.1488169208168983,1262.6749477386475,10000,ppo,ppo,crawler,flat,obs_dth_tot_direct,,,,,,,,,,,,,,,0.0025380635087843815,0,781,0.0,0.0,,,,,,,,,,,,,,,,,,,,,,,,,,,,,,,,,,,,,,,,,,,,,,,,,,,,,,,,,,,,,,,,,,,,,,,,,,nan,,,,,,,,,,,,,,,
137,2228.14453125,0.02225813828408718,2.225813828408718,1271.6966533660889,10000,ppo,ppo,crawler,flat,obs_dth_tot_direct,,,,,,,,,,,,,,,0.002239412378276189,0,781,0.0,0.0,,,,,,,,,,,,,,,,,,,,,,,,,,,,,,,,,,,,,,,,,,,,,,,,,,,,,,,,,,,,,,,,,,,,,,,,,,nan,,,,,,,,,,,,,,,
138,2236.813720703125,0.0223451629281044,2.23451629281044,1281.4374330043793,10000,ppo,ppo,crawler,flat,obs_dth_tot_direct,,,,,,,,,,,,,,,0.0024095301557541036,0,781,0.0,0.0,,,,,,,,,,,,,,,,,,,,,,,,,,,,,,,,,,,,,,,,,,,,,,,,,,,,,,,,,,,,,,,,,,,,,,,,,,nan,,,,,,,,,,,,,,,
139,2298.720458984375,0.022963091731071472,2.296309173107147,1290.7152037620544,10000,ppo,ppo,crawler,flat,obs_dth_tot_direct,,,,,,,,,,,,,,,0.0017361331248932947,0,781,0.0,0.0,,,,,,,,,,,,,,,,,,,,,,,,,,,,,,,,,,,,,,,,,,,,,,,,,,,,,,,,,,,,,,,,,,,,,,,,,,nan,,,,,,,,,,,,,,,
140,2295.424560546875,0.022928599268198013,2.2928599268198013,1299.9443378448486,10000,ppo,ppo,crawler,flat,obs_dth_tot_direct,,,,,,,,,,,,,,,0.0015905623111110673,0,781,0.0,0.0,,,,,,,,,,,,,,,,,,,,,,,,,,,,,,,,,,,,,,,,,,,,,,,,,,,,,,,,,,,,,,,,,,,,,,,,,,nan,,,,,,,,,,,,,,,
141,2119.720947265625,0.02117644064128399,2.117644064128399,1309.4733624458313,10000,ppo,ppo,crawler,flat,obs_dth_tot_direct,,,,,,,,,,,,,,,0.00205612752551431,0,781,0.0,0.0,,,,,,,,,,,,,,,,,,,,,,,,,,,,,,,,,,,,,,,,,,,,,,,,,,,,,,,,,,,,,,,,,,,,,,,,,,nan,,,,,,,,,,,,,,,
142,2183.164794921875,0.021808262914419174,2.1808262914419174,1318.3221304416656,10000,ppo,ppo,crawler,flat,obs_dth_tot_direct,,,,,,,,,,,,,,,0.0019800124632621003,0,781,0.0,0.0,,,,,,,,,,,,,,,,,,,,,,,,,,,,,,,,,,,,,,,,,,,,,,,,,,,,,,,,,,,,,,,,,,,,,,,,,,nan,,,,,,,,,,,,,,,
143,2195.830078125,0.02193850837647915,2.193850837647915,1327.8231155872345,10000,ppo,ppo,crawler,flat,obs_dth_tot_direct,,,,,,,,,,,,,,,0.0014467657251113059,0,781,0.0,0.0,,,,,,,,,,,,,,,,,,,,,,,,,,,,,,,,,,,,,,,,,,,,,,,,,,,,,,,,,,,,,,,,,,,,,,,,,,nan,,,,,,,,,,,,,,,
144,2201.015869140625,0.021987134590744972,2.1987134590744972,1337.1942596435547,10000,ppo,ppo,crawler,flat,obs_dth_tot_direct,,,,,,,,,,,,,,,0.0019984986175252016,0,781,0.0,0.0,,,,,,,,,,,,,,,,,,,,,,,,,,,,,,,,,,,,,,,,,,,,,,,,,,,,,,,,,,,,,,,,,,,,,,,,,,nan,,,,,,,,,,,,,,,
145,2178.34375,0.02176094241440296,2.176094241440296,1346.2869284152985,10000,ppo,ppo,crawler,flat,obs_dth_tot_direct,,,,,,,,,,,,,,,0.002093669890735062,0,781,0.0,0.0,,,,,,,,,,,,,,,,,,,,,,,,,,,,,,,,,,,,,,,,,,,,,,,,,,,,,,,,,,,,,,,,,,,,,,,,,,nan,,,,,,,,,,,,,,,
146,2149.278076171875,0.021471016108989716,2.1471016108989716,1355.6520612239838,10000,ppo,ppo,crawler,flat,obs_dth_tot_direct,,,,,,,,,,,,,,,0.002036063529357611,0,781,0.0,0.0,,,,,,,,,,,,,,,,,,,,,,,,,,,,,,,,,,,,,,,,,,,,,,,,,,,,,,,,,,,,,,,,,,,,,,,,,,nan,,,,,,,,,,,,,,,
147,2137.639404296875,0.02135062776505947,2.135062776505947,1364.6786088943481,10000,ppo,ppo,crawler,flat,obs_dth_tot_direct,,,,,,,,,,,,,,,0.0018353281873047605,0,781,0.0,0.0,,,,,,,,,,,,,,,,,,,,,,,,,,,,,,,,,,,,,,,,,,,,,,,,,,,,,,,,,,,,,,,,,,,,,,,,,,nan,,,,,,,,,,,,,,,
148,2151.941162109375,0.021495947614312172,2.149594761431217,1373.5866565704346,10000,ppo,ppo,crawler,flat,obs_dth_tot_direct,,,,,,,,,,,,,,,0.0018895945499352634,0,781,0.0,0.0,,,,,,,,,,,,,,,,,,,,,,,,,,,,,,,,,,,,,,,,,,,,,,,,,,,,,,,,,,,,,,,,,,,,,,,,,,nan,,,,,,,,,,,,,,,
149,2128.25244140625,0.021258195862174034,2.1258195862174034,1383.161101102829,10000,ppo,ppo,crawler,flat,obs_dth_tot_direct,,,,,,,,,,,,,,,0.002713477377491147,0,781,0.0,0.0,,,,,,,,,,,,,,,,,,,,,,,,,,,,,,,,,,,,,,,,,,,,,,,,,,,,,,,,,,,,,,,,,,,,,,,,,,nan,,,,,,,,,,,,,,,
150,2181.704833984375,0.021797260269522667,2.1797260269522667,1392.350061416626,10000,ppo,ppo,crawler,flat,obs_dth_tot_direct,,,,,,,,,,,,,,,0.0018209950816791183,0,781,0.0,0.0,,,,,,,,,,,,,,,,,,,,,,,,,,,,,,,,,,,,,,,,,,,,,,,,,,,,,,,,,,,,,,,,,,,,,,,,,,nan,,,,,,,,,,,,,,,
151,2271.59716796875,0.022692542523145676,2.2692542523145676,1401.481778383255,10000,ppo,ppo,crawler,flat,obs_dth_tot_direct,,,,,,,,,,,,,,,0.002793024924404614,0,781,0.0,0.0,,,,,,,,,,,,,,,,,,,,,,,,,,,,,,,,,,,,,,,,,,,,,,,,,,,,,,,,,,,,,,,,,,,,,,,,,,nan,,,,,,,,,,,,,,,
152,2272.6630859375,0.022700244560837746,2.2700244560837746,1411.0954551696777,10000,ppo,ppo,crawler,flat,obs_dth_tot_direct,,,,,,,,,,,,,,,0.0021309352704073103,0,781,0.0,0.0,,,,,,,,,,,,,,,,,,,,,,,,,,,,,,,,,,,,,,,,,,,,,,,,,,,,,,,,,,,,,,,,,,,,,,,,,,nan,,,,,,,,,,,,,,,
153,2330.34375,0.023276779800653458,2.3276779800653458,1420.182166814804,10000,ppo,ppo,crawler,flat,obs_dth_tot_direct,,,,,,,,,,,,,,,0.0024855774176890514,0,781,0.0,0.0,,,,,,,,,,,,,,,,,,,,,,,,,,,,,,,,,,,,,,,,,,,,,,,,,,,,,,,,,,,,,,,,,,,,,,,,,,nan,,,,,,,,,,,,,,,
154,2186.216064453125,0.021839821711182594,2.1839821711182594,1429.9606235027313,10000,ppo,ppo,crawler,flat,obs_dth_tot_direct,,,,,,,,,,,,,,,0.001369866929668839,0,781,0.0,0.0,,,,,,,,,,,,,,,,,,,,,,,,,,,,,,,,,,,,,,,,,,,,,,,,,,,,,,,,,,,,,,,,,,,,,,,,,,nan,,,,,,,,,,,,,,,
155,2175.947021484375,0.021735575050115585,2.1735575050115585,1439.4627833366394,10000,ppo,ppo,crawler,flat,obs_dth_tot_direct,,,,,,,,,,,,,,,0.0012741658812749817,0,781,0.0,0.0,,,,,,,,,,,,,,,,,,,,,,,,,,,,,,,,,,,,,,,,,,,,,,,,,,,,,,,,,,,,,,,,,,,,,,,,,,nan,,,,,,,,,,,,,,,
156,2167.548095703125,0.021655075252056122,2.165507525205612,1448.7421398162842,10000,ppo,ppo,crawler,flat,obs_dth_tot_direct,,,,,,,,,,,,,,,0.0020684591940797604,0,781,0.0,0.0,,,,,,,,,,,,,,,,,,,,,,,,,,,,,,,,,,,,,,,,,,,,,,,,,,,,,,,,,,,,,,,,,,,,,,,,,,nan,,,,,,,,,,,,,,,
157,2225.583740234375,0.022232577204704285,2.2232577204704285,1458.1356184482574,10000,ppo,ppo,crawler,flat,obs_dth_tot_direct,,,,,,,,,,,,,,,0.0015104324277325247,0,781,0.0,0.0,,,,,,,,,,,,,,,,,,,,,,,,,,,,,,,,,,,,,,,,,,,,,,,,,,,,,,,,,,,,,,,,,,,,,,,,,,nan,,,,,,,,,,,,,,,
158,2282.384033203125,0.022800398990511894,2.2800398990511894,1467.450917482376,10000,ppo,ppo,crawler,flat,obs_dth_tot_direct,,,,,,,,,,,,,,,0.001291621158786807,0,781,0.0,0.0,,,,,,,,,,,,,,,,,,,,,,,,,,,,,,,,,,,,,,,,,,,,,,,,,,,,,,,,,,,,,,,,,,,,,,,,,,nan,,,,,,,,,,,,,,,
159,2328.76220703125,0.02326189912855625,2.326189912855625,1476.8610656261444,10000,ppo,ppo,crawler,flat,obs_dth_tot_direct,,,,,,,,,,,,,,,0.0023247920855653473,0,781,0.0,0.0,,,,,,,,,,,,,,,,,,,,,,,,,,,,,,,,,,,,,,,,,,,,,,,,,,,,,,,,,,,,,,,,,,,,,,,,,,nan,,,,,,,,,,,,,,,
160,2281.82421875,0.022795332595705986,2.2795332595705986,1486.4859614372253,10000,ppo,ppo,crawler,flat,obs_dth_tot_direct,,,,,,,,,,,,,,,0.0018524012415163027,0,781,0.0,0.0,,,,,,,,,,,,,,,,,,,,,,,,,,,,,,,,,,,,,,,,,,,,,,,,,,,,,,,,,,,,,,,,,,,,,,,,,,nan,,,,,,,,,,,,,,,
161,2226.98876953125,0.022243309766054153,2.2243309766054153,1496.2463912963867,10000,ppo,ppo,crawler,flat,obs_dth_tot_direct,,,,,,,,,,,,,,,0.0023784134498182493,0,781,0.0,0.0,,,,,,,,,,,,,,,,,,,,,,,,,,,,,,,,,,,,,,,,,,,,,,,,,,,,,,,,,,,,,,,,,,,,,,,,,,nan,,,,,,,,,,,,,,,
162,2262.305419921875,0.022597407922148705,2.2597407922148705,1505.5463070869446,10000,ppo,ppo,crawler,flat,obs_dth_tot_direct,,,,,,,,,,,,,,,0.0016153281859844469,0,781,0.0,0.0,,,,,,,,,,,,,,,,,,,,,,,,,,,,,,,,,,,,,,,,,,,,,,,,,,,,,,,,,,,,,,,,,,,,,,,,,,nan,,,,,,,,,,,,,,,
163,2322.36376953125,0.023201894015073776,2.3201894015073776,1515.1346518993378,10000,ppo,ppo,crawler,flat,obs_dth_tot_direct,,,,,,,,,,,,,,,0.0015420829979815684,0,781,0.0,0.0,,,,,,,,,,,,,,,,,,,,,,,,,,,,,,,,,,,,,,,,,,,,,,,,,,,,,,,,,,,,,,,,,,,,,,,,,,nan,,,,,,,,,,,,,,,
164,2297.445068359375,0.022951805964112282,2.295180596411228,1524.5435194969177,10000,ppo,ppo,crawler,flat,obs_dth_tot_direct,,,,,,,,,,,,,,,0.0011675782108764388,0,781,0.0,0.0,,,,,,,,,,,,,,,,,,,,,,,,,,,,,,,,,,,,,,,,,,,,,,,,,,,,,,,,,,,,,,,,,,,,,,,,,,nan,,,,,,,,,,,,,,,
165,2303.15283203125,0.023007478564977646,2.3007478564977646,1533.9910283088684,10000,ppo,ppo,crawler,flat,obs_dth_tot_direct,,,,,,,,,,,,,,,0.0015254562288485706,0,781,0.0,0.0,,,,,,,,,,,,,,,,,,,,,,,,,,,,,,,,,,,,,,,,,,,,,,,,,,,,,,,,,,,,,,,,,,,,,,,,,,nan,,,,,,,,,,,,,,,
166,2312.3837890625,0.023096352815628052,2.309635281562805,1543.6571099758148,10000,ppo,ppo,crawler,flat,obs_dth_tot_direct,,,,,,,,,,,,,,,0.001962386965759229,0,781,0.0,0.0,,,,,,,,,,,,,,,,,,,,,,,,,,,,,,,,,,,,,,,,,,,,,,,,,,,,,,,,,,,,,,,,,,,,,,,,,,nan,,,,,,,,,,,,,,,
167,2357.057373046875,0.023544343188405037,2.3544343188405037,1553.2925765514374,10000,ppo,ppo,crawler,flat,obs_dth_tot_direct,,,,,,,,,,,,,,,0.0013921370487353247,0,781,0.0,0.0,,,,,,,,,,,,,,,,,,,,,,,,,,,,,,,,,,,,,,,,,,,,,,,,,,,,,,,,,,,,,,,,,,,,,,,,,,nan,,,,,,,,,,,,,,,
168,2371.15380859375,0.023687655106186867,2.3687655106186867,1563.0701422691345,10000,ppo,ppo,crawler,flat,obs_dth_tot_direct,,,,,,,,,,,,,,,0.0021813550617355757,0,781,0.0,0.0,,,,,,,,,,,,,,,,,,,,,,,,,,,,,,,,,,,,,,,,,,,,,,,,,,,,,,,,,,,,,,,,,,,,,,,,,,nan,,,,,,,,,,,,,,,
169,2244.023193359375,0.022415993735194206,2.2415993735194206,1572.5810832977295,10000,ppo,ppo,crawler,flat,obs_dth_tot_direct,,,,,,,,,,,,,,,0.001918986053471259,0,781,0.0,0.0,,,,,,,,,,,,,,,,,,,,,,,,,,,,,,,,,,,,,,,,,,,,,,,,,,,,,,,,,,,,,,,,,,,,,,,,,,nan,,,,,,,,,,,,,,,
170,2365.492919921875,0.0236325915902853,2.36325915902853,1582.1533086299896,10000,ppo,ppo,crawler,flat,obs_dth_tot_direct,,,,,,,,,,,,,,,0.001858251851660967,0,781,0.0,0.0,,,,,,,,,,,,,,,,,,,,,,,,,,,,,,,,,,,,,,,,,,,,,,,,,,,,,,,,,,,,,,,,,,,,,,,,,,nan,,,,,,,,,,,,,,,
171,2216.103271484375,0.022134196013212204,2.2134196013212204,1592.2464051246643,10000,ppo,ppo,crawler,flat,obs_dth_tot_direct,,,,,,,,,,,,,,,0.001515185223176702,0,781,0.0,0.0,,,,,,,,,,,,,,,,,,,,,,,,,,,,,,,,,,,,,,,,,,,,,,,,,,,,,,,,,,,,,,,,,,,,,,,,,,nan,,,,,,,,,,,,,,,
172,2248.642578125,0.02246037870645523,2.246037870645523,1601.695648908615,10000,ppo,ppo,crawler,flat,obs_dth_tot_direct,,,,,,,,,,,,,,,0.0014371808112650477,0,781,0.0,0.0,,,,,,,,,,,,,,,,,,,,,,,,,,,,,,,,,,,,,,,,,,,,,,,,,,,,,,,,,,,,,,,,,,,,,,,,,,nan,,,,,,,,,,,,,,,
173,2219.829345703125,0.02217506617307663,2.217506617307663,1611.2763211727142,10000,ppo,ppo,crawler,flat,obs_dth_tot_direct,,,,,,,,,,,,,,,0.002203049594691818,0,781,0.0,0.0,,,,,,,,,,,,,,,,,,,,,,,,,,,,,,,,,,,,,,,,,,,,,,,,,,,,,,,,,,,,,,,,,,,,,,,,,,nan,,,,,,,,,,,,,,,
174,2255.3681640625,0.02252829261124134,2.252829261124134,1621.0540447235107,10000,ppo,ppo,crawler,flat,obs_dth_tot_direct,,,,,,,,,,,,,,,0.001300355867952075,0,781,0.0,0.0,,,,,,,,,,,,,,,,,,,,,,,,,,,,,,,,,,,,,,,,,,,,,,,,,,,,,,,,,,,,,,,,,,,,,,,,,,nan,,,,,,,,,,,,,,,
175,2252.84033203125,0.022505979984998703,2.2505979984998703,1630.9606478214264,10000,ppo,ppo,crawler,flat,obs_dth_tot_direct,,,,,,,,,,,,,,,0.0016962785295068577,0,781,0.0,0.0,,,,,,,,,,,,,,,,,,,,,,,,,,,,,,,,,,,,,,,,,,,,,,,,,,,,,,,,,,,,,,,,,,,,,,,,,,nan,,,,,,,,,,,,,,,
176,2283.021728515625,0.022803418338298798,2.2803418338298798,1640.7011694908142,10000,ppo,ppo,crawler,flat,obs_dth_tot_direct,,,,,,,,,,,,,,,0.0020035627912555255,0,781,0.0,0.0,,,,,,,,,,,,,,,,,,,,,,,,,,,,,,,,,,,,,,,,,,,,,,,,,,,,,,,,,,,,,,,,,,,,,,,,,,nan,,,,,,,,,,,,,,,
177,2214.404052734375,0.022122438997030258,2.212243899703026,1650.9296367168427,10000,ppo,ppo,crawler,flat,obs_dth_tot_direct,,,,,,,,,,,,,,,0.0015179130359625633,0,781,0.0,0.0,,,,,,,,,,,,,,,,,,,,,,,,,,,,,,,,,,,,,,,,,,,,,,,,,,,,,,,,,,,,,,,,,,,,,,,,,,nan,,,,,,,,,,,,,,,
178,2271.428466796875,0.022691981866955757,2.2691981866955757,1661.3796257972717,10000,ppo,ppo,crawler,flat,obs_dth_tot_direct,,,,,,,,,,,,,,,0.0016448996833811986,0,781,0.0,0.0,,,,,,,,,,,,,,,,,,,,,,,,,,,,,,,,,,,,,,,,,,,,,,,,,,,,,,,,,,,,,,,,,,,,,,,,,,nan,,,,,,,,,,,,,,,
179,2276.1123046875,0.02274002693593502,2.274002693593502,1672.2321257591248,10000,ppo,ppo,crawler,flat,obs_dth_tot_direct,,,,,,,,,,,,,,,0.0014353722544385359,0,781,0.0,0.0,,,,,,,,,,,,,,,,,,,,,,,,,,,,,,,,,,,,,,,,,,,,,,,,,,,,,,,,,,,,,,,,,,,,,,,,,,nan,,,,,,,,,,,,,,,
180,2265.212158203125,0.02262638881802559,2.262638881802559,1682.2343773841858,10000,ppo,ppo,crawler,flat,obs_dth_tot_direct,,,,,,,,,,,,,,,0.0022433740495323325,0,781,0.0,0.0,,,,,,,,,,,,,,,,,,,,,,,,,,,,,,,,,,,,,,,,,,,,,,,,,,,,,,,,,,,,,,,,,,,,,,,,,,nan,,,,,,,,,,,,,,,
181,2120.067138671875,0.021176336333155632,2.117633633315563,1692.2264540195465,10000,ppo,ppo,crawler,flat,obs_dth_tot_direct,,,,,,,,,,,,,,,0.0031667914638655965,0,781,0.0,0.0,,,,,,,,,,,,,,,,,,,,,,,,,,,,,,,,,,,,,,,,,,,,,,,,,,,,,,,,,,,,,,,,,,,,,,,,,,nan,,,,,,,,,,,,,,,
182,1998.3577880859375,0.01996130309998989,1.996130309998989,1701.9687762260437,10000,ppo,ppo,crawler,flat,obs_dth_tot_direct,,,,,,,,,,,,,,,0.004462304809573341,0,781,0.0,0.0,,,,,,,,,,,,,,,,,,,,,,,,,,,,,,,,,,,,,,,,,,,,,,,,,,,,,,,,,,,,,,,,,,,,,,,,,,nan,,,,,,,,,,,,,,,
183,2069.402099609375,0.020672209560871124,2.0672209560871124,1711.1492857933044,10000,ppo,ppo,crawler,flat,obs_dth_tot_direct,,,,,,,,,,,,,,,0.0026241236499696574,0,781,0.0,0.0,,,,,,,,,,,,,,,,,,,,,,,,,,,,,,,,,,,,,,,,,,,,,,,,,,,,,,,,,,,,,,,,,,,,,,,,,,nan,,,,,,,,,,,,,,,
184,2143.49267578125,0.02141343057155609,2.141343057155609,1721.497811794281,10000,ppo,ppo,crawler,flat,obs_dth_tot_direct,,,,,,,,,,,,,,,0.0014382248662915208,0,781,0.0,0.0,,,,,,,,,,,,,,,,,,,,,,,,,,,,,,,,,,,,,,,,,,,,,,,,,,,,,,,,,,,,,,,,,,,,,,,,,,nan,,,,,,,,,,,,,,,
185,2052.73828125,0.020505359396338463,2.0505359396338463,1731.0643222332,10000,ppo,ppo,crawler,flat,obs_dth_tot_direct,,,,,,,,,,,,,,,0.0009633355879487936,0,781,0.0,0.0,,,,,,,,,,,,,,,,,,,,,,,,,,,,,,,,,,,,,,,,,,,,,,,,,,,,,,,,,,,,,,,,,,,,,,,,,,nan,,,,,,,,,,,,,,,
186,2083.621826171875,0.020812787115573883,2.0812787115573883,1740.8203172683716,10000,ppo,ppo,crawler,flat,obs_dth_tot_direct,,,,,,,,,,,,,,,0.0012970627369647985,0,781,0.0,0.0,,,,,,,,,,,,,,,,,,,,,,,,,,,,,,,,,,,,,,,,,,,,,,,,,,,,,,,,,,,,,,,,,,,,,,,,,,nan,,,,,,,,,,,,,,,
187,2045.6590576171875,0.02043452486395836,2.043452486395836,1750.5303075313568,10000,ppo,ppo,crawler,flat,obs_dth_tot_direct,,,,,,,,,,,,,,,0.0018788731437987655,0,781,0.0,0.0,,,,,,,,,,,,,,,,,,,,,,,,,,,,,,,,,,,,,,,,,,,,,,,,,,,,,,,,,,,,,,,,,,,,,,,,,,nan,,,,,,,,,,,,,,,
188,2096.476318359375,0.020945921540260315,2.0945921540260315,1762.554050207138,10000,ppo,ppo,crawler,flat,obs_dth_tot_direct,,,,,,,,,,,,,,,0.002527408291978112,0,781,0.0,0.0,,,,,,,,,,,,,,,,,,,,,,,,,,,,,,,,,,,,,,,,,,,,,,,,,,,,,,,,,,,,,,,,,,,,,,,,,,nan,,,,,,,,,,,,,,,
189,2078.016845703125,0.02076028101146221,2.076028101146221,1772.117678642273,10000,ppo,ppo,crawler,flat,obs_dth_tot_direct,,,,,,,,,,,,,,,0.0023166170606049824,0,781,0.0,0.0,,,,,,,,,,,,,,,,,,,,,,,,,,,,,,,,,,,,,,,,,,,,,,,,,,,,,,,,,,,,,,,,,,,,,,,,,,nan,,,,,,,,,,,,,,,
190,2006.8345947265625,0.020045101642608643,2.0045101642608643,1781.3554022312164,10000,ppo,ppo,crawler,flat,obs_dth_tot_direct,,,,,,,,,,,,,,,0.0010681269233750038,0,781,0.0,0.0,,,,,,,,,,,,,,,,,,,,,,,,,,,,,,,,,,,,,,,,,,,,,,,,,,,,,,,,,,,,,,,,,,,,,,,,,,nan,,,,,,,,,,,,,,,
191,2073.679443359375,0.020716741681098938,2.071674168109894,1790.7875032424927,10000,ppo,ppo,crawler,flat,obs_dth_tot_direct,,,,,,,,,,,,,,,0.0027445608919116557,0,781,0.0,0.0,,,,,,,,,,,,,,,,,,,,,,,,,,,,,,,,,,,,,,,,,,,,,,,,,,,,,,,,,,,,,,,,,,,,,,,,,,nan,,,,,,,,,,,,,,,
192,1991.064453125,0.019890185445547104,1.9890185445547104,1801.6633710861206,10000,ppo,ppo,crawler,flat,obs_dth_tot_direct,,,,,,,,,,,,,,,0.0015684657307128325,0,781,0.0,0.0,,,,,,,,,,,,,,,,,,,,,,,,,,,,,,,,,,,,,,,,,,,,,,,,,,,,,,,,,,,,,,,,,,,,,,,,,,nan,,,,,,,,,,,,,,,
193,1915.13671875,0.019131947308778763,1.9131947308778763,1813.2107074260712,10000,ppo,ppo,crawler,flat,obs_dth_tot_direct,,,,,,,,,,,,,,,0.0015993124568639597,0,781,0.0,0.0,,,,,,,,,,,,,,,,,,,,,,,,,,,,,,,,,,,,,,,,,,,,,,,,,,,,,,,,,,,,,,,,,,,,,,,,,,nan,,,,,,,,,,,,,,,
194,1873.3980712890625,0.018713893368840218,1.8713893368840218,1824.685382604599,10000,ppo,ppo,crawler,flat,obs_dth_tot_direct,,,,,,,,,,,,,,,0.0022096698558167604,0,781,0.0,0.0,,,,,,,,,,,,,,,,,,,,,,,,,,,,,,,,,,,,,,,,,,,,,,,,,,,,,,,,,,,,,,,,,,,,,,,,,,nan,,,,,,,,,,,,,,,
195,1970.8974609375,0.019687645137310028,1.9687645137310028,1835.709796667099,10000,ppo,ppo,crawler,flat,obs_dth_tot_direct,,,,,,,,,,,,,,,0.001493590643436938,0,781,0.0,0.0,,,,,,,,,,,,,,,,,,,,,,,,,,,,,,,,,,,,,,,,,,,,,,,,,,,,,,,,,,,,,,,,,,,,,,,,,,nan,,,,,,,,,,,,,,,
196,2044.3441162109375,0.020422207191586494,2.0422207191586494,1850.6365222930908,10000,ppo,ppo,crawler,flat,obs_dth_tot_direct,,,,,,,,,,,,,,,0.0019475051104073779,0,781,0.0,0.0,,,,,,,,,,,,,,,,,,,,,,,,,,,,,,,,,,,,,,,,,,,,,,,,,,,,,,,,,,,,,,,,,,,,,,,,,,nan,,,,,,,,,,,,,,,
197,2085.14697265625,0.020827770233154297,2.0827770233154297,1866.5376234054565,10000,ppo,ppo,crawler,flat,obs_dth_tot_direct,,,,,,,,,,,,,,,0.0013746165380802565,0,781,0.0,0.0,,,,,,,,,,,,,,,,,,,,,,,,,,,,,,,,,,,,,,,,,,,,,,,,,,,,,,,,,,,,,,,,,,,,,,,,,,nan,,,,,,,,,,,,,,,
198,2107.876953125,0.021058395504951477,2.1058395504951477,1878.3074779510498,10000,ppo,ppo,crawler,flat,obs_dth_tot_direct,,,,,,,,,,,,,,,0.002123411036695585,0,781,0.0,0.0,,,,,,,,,,,,,,,,,,,,,,,,,,,,,,,,,,,,,,,,,,,,,,,,,,,,,,,,,,,,,,,,,,,,,,,,,,nan,,,,,,,,,,,,,,,
199,2047.1741943359375,0.02044999971985817,2.044999971985817,1889.3271157741547,10000,ppo,ppo,crawler,flat,obs_dth_tot_direct,,,,,,,,,,,,,,,0.0020602076507748746,0,781,0.0,0.0,,,,,,,,,,,,,,,,,,,,,,,,,,,,,,,,,,,,,,,,,,,,,,,,,,,,,,,,,,,,,,,,,,,,,,,,,,nan,,,,,,,,,,,,,,,
200,1908.8355712890625,0.019068127498030663,1.9068127498030663,1899.2894916534424,10000,ppo,ppo,crawler,flat,obs_dth_tot_direct,,,,,,,,,,,,,,,0.0017236258382525103,0,781,0.0,0.0,,,,,,,,,,,,,,,,,,,,,,,,,,,,,,,,,,,,,,,,,,,,,,,,,,,,,,,,,,,,,,,,,,,,,,,,,,nan,,,,,,,,,,,,,,,
201,1987.901611328125,0.019858598709106445,1.9858598709106445,1908.8952641487122,10000,ppo,ppo,crawler,flat,obs_dth_tot_direct,,,,,,,,,,,,,,,0.0009951195917609348,0,781,0.0,0.0,,,,,,,,,,,,,,,,,,,,,,,,,,,,,,,,,,,,,,,,,,,,,,,,,,,,,,,,,,,,,,,,,,,,,,,,,,nan,,,,,,,,,,,,,,,
202,1892.498046875,0.01890389621257782,1.890389621257782,1919.2827746868134,10000,ppo,ppo,crawler,flat,obs_dth_tot_direct,,,,,,,,,,,,,,,0.003426745100641734,0,781,0.0,0.0,,,,,,,,,,,,,,,,,,,,,,,,,,,,,,,,,,,,,,,,,,,,,,,,,,,,,,,,,,,,,,,,,,,,,,,,,,nan,,,,,,,,,,,,,,,
203,1895.1375732421875,0.018930740654468536,1.8930740654468536,1929.4919016361237,10000,ppo,ppo,crawler,flat,obs_dth_tot_direct,,,,,,,,,,,,,,,0.00301760825049583,0,781,0.0,0.0,,,,,,,,,,,,,,,,,,,,,,,,,,,,,,,,,,,,,,,,,,,,,,,,,,,,,,,,,,,,,,,,,,,,,,,,,,nan,,,,,,,,,,,,,,,
204,1877.0386962890625,0.018750475719571114,1.8750475719571114,1938.7266001701355,10000,ppo,ppo,crawler,flat,obs_dth_tot_direct,,,,,,,,,,,,,,,0.001455289646711853,0,781,0.0,0.0,,,,,,,,,,,,,,,,,,,,,,,,,,,,,,,,,,,,,,,,,,,,,,,,,,,,,,,,,,,,,,,,,,,,,,,,,,nan,,,,,,,,,,,,,,,
205,1924.1171875,0.019219333305954933,1.9219333305954933,1948.7716898918152,10000,ppo,ppo,crawler,flat,obs_dth_tot_direct,,,,,,,,,,,,,,,0.0022217237799678057,0,781,0.0,0.0,,,,,,,,,,,,,,,,,,,,,,,,,,,,,,,,,,,,,,,,,,,,,,,,,,,,,,,,,,,,,,,,,,,,,,,,,,nan,,,,,,,,,,,,,,,
206,1944.867431640625,0.019429538398981094,1.9429538398981094,1958.3158600330353,10000,ppo,ppo,crawler,flat,obs_dth_tot_direct,,,,,,,,,,,,,,,0.0021567285419435422,0,781,0.0,0.0,,,,,,,,,,,,,,,,,,,,,,,,,,,,,,,,,,,,,,,,,,,,,,,,,,,,,,,,,,,,,,,,,,,,,,,,,,nan,,,,,,,,,,,,,,,
207,2055.723876953125,0.020536869764328003,2.0536869764328003,1968.1275341510773,10000,ppo,ppo,crawler,flat,obs_dth_tot_direct,,,,,,,,,,,,,,,0.0019572753268089103,0,781,0.0,0.0,,,,,,,,,,,,,,,,,,,,,,,,,,,,,,,,,,,,,,,,,,,,,,,,,,,,,,,,,,,,,,,,,,,,,,,,,,nan,,,,,,,,,,,,,,,
208,2019.2117919921875,0.020167939364910126,2.0167939364910126,1977.6597101688385,10000,ppo,ppo,crawler,flat,obs_dth_tot_direct,,,,,,,,,,,,,,,0.0017554982135539008,0,781,0.0,0.0,,,,,,,,,,,,,,,,,,,,,,,,,,,,,,,,,,,,,,,,,,,,,,,,,,,,,,,,,,,,,,,,,,,,,,,,,,nan,,,,,,,,,,,,,,,
209,2080.687744140625,0.02078758180141449,2.078758180141449,1987.5671181678772,10000,ppo,ppo,crawler,flat,obs_dth_tot_direct,,,,,,,,,,,,,,,0.0011279911899171836,0,781,0.0,0.0,,,,,,,,,,,,,,,,,,,,,,,,,,,,,,,,,,,,,,,,,,,,,,,,,,,,,,,,,,,,,,,,,,,,,,,,,,nan,,,,,,,,,,,,,,,
210,2075.69677734375,0.02073337882757187,2.073337882757187,1997.1124517917633,10000,ppo,ppo,crawler,flat,obs_dth_tot_direct,,,,,,,,,,,,,,,0.001906540706035427,0,781,0.0,0.0,,,,,,,,,,,,,,,,,,,,,,,,,,,,,,,,,,,,,,,,,,,,,,,,,,,,,,,,,,,,,,,,,,,,,,,,,,nan,,,,,,,,,,,,,,,
211,2064.316162109375,0.020621318370103836,2.0621318370103836,2006.8643095493317,10000,ppo,ppo,crawler,flat,obs_dth_tot_direct,,,,,,,,,,,,,,,0.0012028083373815568,0,781,0.0,0.0,,,,,,,,,,,,,,,,,,,,,,,,,,,,,,,,,,,,,,,,,,,,,,,,,,,,,,,,,,,,,,,,,,,,,,,,,,nan,,,,,,,,,,,,,,,
212,2099.310302734375,0.020968617871403694,2.0968617871403694,2016.2801434993744,10000,ppo,ppo,crawler,flat,obs_dth_tot_direct,,,,,,,,,,,,,,,0.0023502320365876074,0,781,0.0,0.0,,,,,,,,,,,,,,,,,,,,,,,,,,,,,,,,,,,,,,,,,,,,,,,,,,,,,,,,,,,,,,,,,,,,,,,,,,nan,,,,,,,,,,,,,,,
213,2250.216552734375,0.022482914850115776,2.2482914850115776,2025.4626331329346,10000,ppo,ppo,crawler,flat,obs_dth_tot_direct,,,,,,,,,,,,,,,0.0020759516633999326,0,781,0.0,0.0,,,,,,,,,,,,,,,,,,,,,,,,,,,,,,,,,,,,,,,,,,,,,,,,,,,,,,,,,,,,,,,,,,,,,,,,,,nan,,,,,,,,,,,,,,,
214,2132.562255859375,0.021306224167346954,2.1306224167346954,2034.5538475513458,10000,ppo,ppo,crawler,flat,obs_dth_tot_direct,,,,,,,,,,,,,,,0.0019408976132187109,0,781,0.0,0.0,,,,,,,,,,,,,,,,,,,,,,,,,,,,,,,,,,,,,,,,,,,,,,,,,,,,,,,,,,,,,,,,,,,,,,,,,,nan,,,,,,,,,,,,,,,
215,2123.4453125,0.021210189908742905,2.1210189908742905,2044.3266150951385,10000,ppo,ppo,crawler,flat,obs_dth_tot_direct,,,,,,,,,,,,,,,0.003059935340879176,0,781,0.0,0.0,,,,,,,,,,,,,,,,,,,,,,,,,,,,,,,,,,,,,,,,,,,,,,,,,,,,,,,,,,,,,,,,,,,,,,,,,,nan,,,,,,,,,,,,,,,
216,2098.47509765625,0.02096201479434967,2.096201479434967,2054.079573869705,10000,ppo,ppo,crawler,flat,obs_dth_tot_direct,,,,,,,,,,,,,,,0.0017000015588742737,0,781,0.0,0.0,,,,,,,,,,,,,,,,,,,,,,,,,,,,,,,,,,,,,,,,,,,,,,,,,,,,,,,,,,,,,,,,,,,,,,,,,,nan,,,,,,,,,,,,,,,
217,2110.931396484375,0.021085072308778763,2.1085072308778763,2063.8955466747284,10000,ppo,ppo,crawler,flat,obs_dth_tot_direct,,,,,,,,,,,,,,,0.0015620959342269296,0,781,0.0,0.0,,,,,,,,,,,,,,,,,,,,,,,,,,,,,,,,,,,,,,,,,,,,,,,,,,,,,,,,,,,,,,,,,,,,,,,,,,nan,,,,,,,,,,,,,,,
218,2012.600830078125,0.020104186609387398,2.0104186609387398,2073.6498613357544,10000,ppo,ppo,crawler,flat,obs_dth_tot_direct,,,,,,,,,,,,,,,0.0017869890646279286,0,781,0.0,0.0,,,,,,,,,,,,,,,,,,,,,,,,,,,,,,,,,,,,,,,,,,,,,,,,,,,,,,,,,,,,,,,,,,,,,,,,,,nan,,,,,,,,,,,,,,,
219,2087.94384765625,0.02085922099649906,2.085922099649906,2083.4235961437225,10000,ppo,ppo,crawler,flat,obs_dth_tot_direct,,,,,,,,,,,,,,,0.0012918839100006976,0,781,0.0,0.0,,,,,,,,,,,,,,,,,,,,,,,,,,,,,,,,,,,,,,,,,,,,,,,,,,,,,,,,,,,,,,,,,,,,,,,,,,nan,,,,,,,,,,,,,,,
220,2191.232177734375,0.02188885398209095,2.188885398209095,2093.230164527893,10000,ppo,ppo,crawler,flat,obs_dth_tot_direct,,,,,,,,,,,,,,,0.0018021489196731024,0,781,0.0,0.0,,,,,,,,,,,,,,,,,,,,,,,,,,,,,,,,,,,,,,,,,,,,,,,,,,,,,,,,,,,,,,,,,,,,,,,,,,nan,,,,,,,,,,,,,,,
221,1988.228515625,0.01986089162528515,1.9860891625285149,2102.7201459407806,10000,ppo,ppo,crawler,flat,obs_dth_tot_direct,,,,,,,,,,,,,,,0.0035568058381366856,0,781,0.0,0.0,,,,,,,,,,,,,,,,,,,,,,,,,,,,,,,,,,,,,,,,,,,,,,,,,,,,,,,,,,,,,,,,,,,,,,,,,,nan,,,,,,,,,,,,,,,
222,2032.3687744140625,0.02030072920024395,2.030072920024395,2112.227313041687,10000,ppo,ppo,crawler,flat,obs_dth_tot_direct,,,,,,,,,,,,,,,0.0011269609132683218,0,781,0.0,0.0,,,,,,,,,,,,,,,,,,,,,,,,,,,,,,,,,,,,,,,,,,,,,,,,,,,,,,,,,,,,,,,,,,,,,,,,,,nan,,,,,,,,,,,,,,,
223,2141.55908203125,0.021391676738858223,2.1391676738858223,2121.8580293655396,10000,ppo,ppo,crawler,flat,obs_dth_tot_direct,,,,,,,,,,,,,,,0.001656897281385875,0,781,0.0,0.0,,,,,,,,,,,,,,,,,,,,,,,,,,,,,,,,,,,,,,,,,,,,,,,,,,,,,,,,,,,,,,,,,,,,,,,,,,nan,,,,,,,,,,,,,,,
224,2147.678955078125,0.021452995017170906,2.1452995017170906,2131.4202003479004,10000,ppo,ppo,crawler,flat,obs_dth_tot_direct,,,,,,,,,,,,,,,0.0016912059653614064,0,781,0.0,0.0,,,,,,,,,,,,,,,,,,,,,,,,,,,,,,,,,,,,,,,,,,,,,,,,,,,,,,,,,,,,,,,,,,,,,,,,,,nan,,,,,,,,,,,,,,,
225,2175.41748046875,0.02173285186290741,2.173285186290741,2140.9518897533417,10000,ppo,ppo,crawler,flat,obs_dth_tot_direct,,,,,,,,,,,,,,,0.0016115273362414667,0,781,0.0,0.0,,,,,,,,,,,,,,,,,,,,,,,,,,,,,,,,,,,,,,,,,,,,,,,,,,,,,,,,,,,,,,,,,,,,,,,,,,nan,,,,,,,,,,,,,,,
226,2245.325927734375,0.022429494187235832,2.242949418723583,2150.8699808120728,10000,ppo,ppo,crawler,flat,obs_dth_tot_direct,,,,,,,,,,,,,,,0.0014087427881057572,0,781,0.0,0.0,,,,,,,,,,,,,,,,,,,,,,,,,,,,,,,,,,,,,,,,,,,,,,,,,,,,,,,,,,,,,,,,,,,,,,,,,,nan,,,,,,,,,,,,,,,
227,2341.108154296875,0.02338293381035328,2.338293381035328,2160.8960461616516,10000,ppo,ppo,crawler,flat,obs_dth_tot_direct,,,,,,,,,,,,,,,0.0014698542845781898,0,781,0.0,0.0,,,,,,,,,,,,,,,,,,,,,,,,,,,,,,,,,,,,,,,,,,,,,,,,,,,,,,,,,,,,,,,,,,,,,,,,,,nan,,,,,,,,,,,,,,,
228,2267.706787109375,0.02265360578894615,2.265360578894615,2170.4454686641693,10000,ppo,ppo,crawler,flat,obs_dth_tot_direct,,,,,,,,,,,,,,,0.0020566499105037256,0,781,0.0,0.0,,,,,,,,,,,,,,,,,,,,,,,,,,,,,,,,,,,,,,,,,,,,,,,,,,,,,,,,,,,,,,,,,,,,,,,,,,nan,,,,,,,,,,,,,,,
229,2254.225830078125,0.022518398240208626,2.2518398240208626,2179.9932758808136,10000,ppo,ppo,crawler,flat,obs_dth_tot_direct,,,,,,,,,,,,,,,0.0015541208301494678,0,781,0.0,0.0,,,,,,,,,,,,,,,,,,,,,,,,,,,,,,,,,,,,,,,,,,,,,,,,,,,,,,,,,,,,,,,,,,,,,,,,,,nan,,,,,,,,,,,,,,,
230,2343.3837890625,0.023409908637404442,2.340990863740444,2189.7138850688934,10000,ppo,ppo,crawler,flat,obs_dth_tot_direct,,,,,,,,,,,,,,,0.001880915565317535,0,781,0.0,0.0,,,,,,,,,,,,,,,,,,,,,,,,,,,,,,,,,,,,,,,,,,,,,,,,,,,,,,,,,,,,,,,,,,,,,,,,,,nan,,,,,,,,,,,,,,,
231,2313.5205078125,0.023112419992685318,2.311241999268532,2199.291169166565,10000,ppo,ppo,crawler,flat,obs_dth_tot_direct,,,,,,,,,,,,,,,0.001299939721261234,0,781,0.0,0.0,,,,,,,,,,,,,,,,,,,,,,,,,,,,,,,,,,,,,,,,,,,,,,,,,,,,,,,,,,,,,,,,,,,,,,,,,,nan,,,,,,,,,,,,,,,
232,2320.548095703125,0.023177705705165863,2.3177705705165863,2209.8655314445496,10000,ppo,ppo,crawler,flat,obs_dth_tot_direct,,,,,,,,,,,,,,,0.0008395149881867702,0,781,0.0,0.0,,,,,,,,,,,,,,,,,,,,,,,,,,,,,,,,,,,,,,,,,,,,,,,,,,,,,,,,,,,,,,,,,,,,,,,,,,nan,,,,,,,,,,,,,,,
233,2352.6875,0.023501725867390633,2.3501725867390633,2221.0432982444763,10000,ppo,ppo,crawler,flat,obs_dth_tot_direct,,,,,,,,,,,,,,,0.00132956206778643,0,781,0.0,0.0,,,,,,,,,,,,,,,,,,,,,,,,,,,,,,,,,,,,,,,,,,,,,,,,,,,,,,,,,,,,,,,,,,,,,,,,,,nan,,,,,,,,,,,,,,,
234,2286.18408203125,0.022833816707134247,2.2833816707134247,2231.3793861865997,10000,ppo,ppo,crawler,flat,obs_dth_tot_direct,,,,,,,,,,,,,,,0.0012697212191637676,0,781,0.0,0.0,,,,,,,,,,,,,,,,,,,,,,,,,,,,,,,,,,,,,,,,,,,,,,,,,,,,,,,,,,,,,,,,,,,,,,,,,,nan,,,,,,,,,,,,,,,
235,2325.415283203125,0.023229185491800308,2.322918549180031,2241.804299354553,10000,ppo,ppo,crawler,flat,obs_dth_tot_direct,,,,,,,,,,,,,,,0.0013235279682368166,0,781,0.0,0.0,,,,,,,,,,,,,,,,,,,,,,,,,,,,,,,,,,,,,,,,,,,,,,,,,,,,,,,,,,,,,,,,,,,,,,,,,,nan,,,,,,,,,,,,,,,
236,2370.887451171875,0.023680616170167923,2.3680616170167923,2251.6798753738403,10000,ppo,ppo,crawler,flat,obs_dth_tot_direct,,,,,,,,,,,,,,,0.0011671192274718795,0,781,0.0,0.0,,,,,,,,,,,,,,,,,,,,,,,,,,,,,,,,,,,,,,,,,,,,,,,,,,,,,,,,,,,,,,,,,,,,,,,,,,nan,,,,,,,,,,,,,,,
237,2374.15234375,0.02371758595108986,2.371758595108986,2261.617208480835,10000,ppo,ppo,crawler,flat,obs_dth_tot_direct,,,,,,,,,,,,,,,0.0022799493308470137,0,781,0.0,0.0,,,,,,,,,,,,,,,,,,,,,,,,,,,,,,,,,,,,,,,,,,,,,,,,,,,,,,,,,,,,,,,,,,,,,,,,,,nan,,,,,,,,,,,,,,,
238,2293.886962890625,0.022915871813893318,2.291587181389332,2272.083860874176,10000,ppo,ppo,crawler,flat,obs_dth_tot_direct,,,,,,,,,,,,,,,0.001685078132462325,0,781,0.0,0.0,,,,,,,,,,,,,,,,,,,,,,,,,,,,,,,,,,,,,,,,,,,,,,,,,,,,,,,,,,,,,,,,,,,,,,,,,,nan,,,,,,,,,,,,,,,
239,2318.033935546875,0.0231575109064579,2.31575109064579,2281.761408805847,10000,ppo,ppo,crawler,flat,obs_dth_tot_direct,,,,,,,,,,,,,,,0.0009738085062534382,0,781,0.0,0.0,,,,,,,,,,,,,,,,,,,,,,,,,,,,,,,,,,,,,,,,,,,,,,,,,,,,,,,,,,,,,,,,,,,,,,,,,,nan,,,,,,,,,,,,,,,
240,2378.05908203125,0.02375533990561962,2.375533990561962,2291.7408487796783,10000,ppo,ppo,crawler,flat,obs_dth_tot_direct,,,,,,,,,,,,,,,0.0013313335540259522,0,781,0.0,0.0,,,,,,,,,,,,,,,,,,,,,,,,,,,,,,,,,,,,,,,,,,,,,,,,,,,,,,,,,,,,,,,,,,,,,,,,,,nan,,,,,,,,,,,,,,,
241,2445.781005859375,0.024431459605693817,2.4431459605693817,2301.673840045929,10000,ppo,ppo,crawler,flat,obs_dth_tot_direct,,,,,,,,,,,,,,,0.0012384682370268978,0,781,0.0,0.0,,,,,,,,,,,,,,,,,,,,,,,,,,,,,,,,,,,,,,,,,,,,,,,,,,,,,,,,,,,,,,,,,,,,,,,,,,nan,,,,,,,,,,,,,,,
242,2468.665283203125,0.024660473689436913,2.4660473689436913,2311.6951081752777,10000,ppo,ppo,crawler,flat,obs_dth_tot_direct,,,,,,,,,,,,,,,0.0015405313356420059,0,781,0.0,0.0,,,,,,,,,,,,,,,,,,,,,,,,,,,,,,,,,,,,,,,,,,,,,,,,,,,,,,,,,,,,,,,,,,,,,,,,,,nan,,,,,,,,,,,,,,,
243,2369.608642578125,0.023671656847000122,2.367165684700012,2321.3464744091034,10000,ppo,ppo,crawler,flat,obs_dth_tot_direct,,,,,,,,,,,,,,,0.0013977525541995699,0,781,0.0,0.0,,,,,,,,,,,,,,,,,,,,,,,,,,,,,,,,,,,,,,,,,,,,,,,,,,,,,,,,,,,,,,,,,,,,,,,,,,nan,,,,,,,,,,,,,,,
244,2408.333740234375,0.024063076823949814,2.4063076823949814,2331.047627925873,10000,ppo,ppo,crawler,flat,obs_dth_tot_direct,,,,,,,,,,,,,,,0.001640898476490664,0,781,0.0,0.0,,,,,,,,,,,,,,,,,,,,,,,,,,,,,,,,,,,,,,,,,,,,,,,,,,,,,,,,,,,,,,,,,,,,,,,,,,nan,,,,,,,,,,,,,,,
245,2323.881591796875,0.023209260776638985,2.3209260776638985,2340.339297056198,10000,ppo,ppo,crawler,flat,obs_dth_tot_direct,,,,,,,,,,,,,,,0.0010423776137266617,0,781,0.0,0.0,,,,,,,,,,,,,,,,,,,,,,,,,,,,,,,,,,,,,,,,,,,,,,,,,,,,,,,,,,,,,,,,,,,,,,,,,,nan,,,,,,,,,,,,,,,
246,2460.26806640625,0.02457784302532673,2.457784302532673,2350.3100407123566,10000,ppo,ppo,crawler,flat,obs_dth_tot_direct,,,,,,,,,,,,,,,0.002205184372737193,0,781,0.0,0.0,,,,,,,,,,,,,,,,,,,,,,,,,,,,,,,,,,,,,,,,,,,,,,,,,,,,,,,,,,,,,,,,,,,,,,,,,,nan,,,,,,,,,,,,,,,
247,2357.18603515625,0.0235457643866539,2.35457643866539,2359.8233325481415,10000,ppo,ppo,crawler,flat,obs_dth_tot_direct,,,,,,,,,,,,,,,0.0028994494452802564,0,781,0.0,0.0,,,,,,,,,,,,,,,,,,,,,,,,,,,,,,,,,,,,,,,,,,,,,,,,,,,,,,,,,,,,,,,,,,,,,,,,,,nan,,,,,,,,,,,,,,,
248,2268.047607421875,0.022656429558992386,2.2656429558992386,2369.2215354442596,10000,ppo,ppo,crawler,flat,obs_dth_tot_direct,,,,,,,,,,,,,,,0.0024138934327322934,0,781,0.0,0.0,,,,,,,,,,,,,,,,,,,,,,,,,,,,,,,,,,,,,,,,,,,,,,,,,,,,,,,,,,,,,,,,,,,,,,,,,,nan,,,,,,,,,,,,,,,
249,2433.52392578125,0.02430804632604122,2.430804632604122,2378.6515123844147,10000,ppo,ppo,crawler,flat,obs_dth_tot_direct,,,,,,,,,,,,,,,0.0016443168238520077,0,781,0.0,0.0,,,,,,,,,,,,,,,,,,,,,,,,,,,,,,,,,,,,,,,,,,,,,,,,,,,,,,,,,,,,,,,,,,,,,,,,,,nan,,,,,,,,,,,,,,,
250,2217.688720703125,0.022152675315737724,2.2152675315737724,2388.351582765579,10000,ppo,ppo,crawler,flat,obs_dth_tot_direct,,,,,,,,,,,,,,,0.0023304512703888783,0,781,0.0,0.0,,,,,,,,,,,,,,,,,,,,,,,,,,,,,,,,,,,,,,,,,,,,,,,,,,,,,,,,,,,,,,,,,,,,,,,,,,nan,,,,,,,,,,,,,,,
251,2301.3193359375,0.02298731543123722,2.298731543123722,2397.666999101639,10000,ppo,ppo,crawler,flat,obs_dth_tot_direct,,,,,,,,,,,,,,,0.0015188495049449642,0,781,0.0,0.0,,,,,,,,,,,,,,,,,,,,,,,,,,,,,,,,,,,,,,,,,,,,,,,,,,,,,,,,,,,,,,,,,,,,,,,,,,nan,,,,,,,,,,,,,,,
252,2270.291015625,0.02268104813992977,2.268104813992977,2407.2778074741364,10000,ppo,ppo,crawler,flat,obs_dth_tot_direct,,,,,,,,,,,,,,,0.0017225593548521848,0,781,0.0,0.0,,,,,,,,,,,,,,,,,,,,,,,,,,,,,,,,,,,,,,,,,,,,,,,,,,,,,,,,,,,,,,,,,,,,,,,,,,nan,,,,,,,,,,,,,,,
253,2167.701904296875,0.021655118092894554,2.1655118092894554,2417.043689727783,10000,ppo,ppo,crawler,flat,obs_dth_tot_direct,,,,,,,,,,,,,,,0.0014372660228203454,0,781,0.0,0.0,,,,,,,,,,,,,,,,,,,,,,,,,,,,,,,,,,,,,,,,,,,,,,,,,,,,,,,,,,,,,,,,,,,,,,,,,,nan,,,,,,,,,,,,,,,
254,2189.736328125,0.021876400336623192,2.187640033662319,2426.793097257614,10000,ppo,ppo,crawler,flat,obs_dth_tot_direct,,,,,,,,,,,,,,,0.0014385236841223446,0,781,0.0,0.0,,,,,,,,,,,,,,,,,,,,,,,,,,,,,,,,,,,,,,,,,,,,,,,,,,,,,,,,,,,,,,,,,,,,,,,,,,nan,,,,,,,,,,,,,,,
255,2199.064208984375,0.021968496963381767,2.1968496963381767,2436.7404804229736,10000,ppo,ppo,crawler,flat,obs_dth_tot_direct,,,,,,,,,,,,,,,0.0032715855763883164,0,781,0.0,0.0,,,,,,,,,,,,,,,,,,,,,,,,,,,,,,,,,,,,,,,,,,,,,,,,,,,,,,,,,,,,,,,,,,,,,,,,,,nan,,,,,,,,,,,,,,,
256,2295.29541015625,0.022930322214961052,2.293032221496105,2446.972198486328,10000,ppo,ppo,crawler,flat,obs_dth_tot_direct,,,,,,,,,,,,,,,0.0014205705200591927,0,781,0.0,0.0,,,,,,,,,,,,,,,,,,,,,,,,,,,,,,,,,,,,,,,,,,,,,,,,,,,,,,,,,,,,,,,,,,,,,,,,,,nan,,,,,,,,,,,,,,,
257,2261.26171875,0.02259228378534317,2.259228378534317,2457.8471076488495,10000,ppo,ppo,crawler,flat,obs_dth_tot_direct,,,,,,,,,,,,,,,0.0019149623842369247,0,781,0.0,0.0,,,,,,,,,,,,,,,,,,,,,,,,,,,,,,,,,,,,,,,,,,,,,,,,,,,,,,,,,,,,,,,,,,,,,,,,,,nan,,,,,,,,,,,,,,,
258,2248.716064453125,0.022464849054813385,2.2464849054813385,2467.7622838020325,10000,ppo,ppo,crawler,flat,obs_dth_tot_direct,,,,,,,,,,,,,,,0.002228880182781981,0,781,0.0,0.0,,,,,,,,,,,,,,,,,,,,,,,,,,,,,,,,,,,,,,,,,,,,,,,,,,,,,,,,,,,,,,,,,,,,,,,,,,nan,,,,,,,,,,,,,,,
259,2247.2802734375,0.02245001494884491,2.245001494884491,2477.4837951660156,10000,ppo,ppo,crawler,flat,obs_dth_tot_direct,,,,,,,,,,,,,,,0.0014355929319960655,0,781,0.0,0.0,,,,,,,,,,,,,,,,,,,,,,,,,,,,,,,,,,,,,,,,,,,,,,,,,,,,,,,,,,,,,,,,,,,,,,,,,,nan,,,,,,,,,,,,,,,
260,2133.7822265625,0.02130868472158909,2.130868472158909,2487.4827165603638,10000,ppo,ppo,crawler,flat,obs_dth_tot_direct,,,,,,,,,,,,,,,0.0011892107773099354,0,781,0.0,0.0,,,,,,,,,,,,,,,,,,,,,,,,,,,,,,,,,,,,,,,,,,,,,,,,,,,,,,,,,,,,,,,,,,,,,,,,,,nan,,,,,,,,,,,,,,,
261,2244.631591796875,0.02242133393883705,2.242133393883705,2497.4327414035797,10000,ppo,ppo,crawler,flat,obs_dth_tot_direct,,,,,,,,,,,,,,,0.0024473083074235953,0,781,0.0,0.0,,,,,,,,,,,,,,,,,,,,,,,,,,,,,,,,,,,,,,,,,,,,,,,,,,,,,,,,,,,,,,,,,,,,,,,,,,nan,,,,,,,,,,,,,,,
262,2263.642822265625,0.022610794752836227,2.2610794752836227,2507.7680892944336,10000,ppo,ppo,crawler,flat,obs_dth_tot_direct,,,,,,,,,,,,,,,0.0016169310346814583,0,781,0.0,0.0,,,,,,,,,,,,,,,,,,,,,,,,,,,,,,,,,,,,,,,,,,,,,,,,,,,,,,,,,,,,,,,,,,,,,,,,,,nan,,,,,,,,,,,,,,,
263,2264.347412109375,0.022619100287556648,2.261910028755665,2517.1415963172913,10000,ppo,ppo,crawler,flat,obs_dth_tot_direct,,,,,,,,,,,,,,,0.0012382243710447102,0,781,0.0,0.0,,,,,,,,,,,,,,,,,,,,,,,,,,,,,,,,,,,,,,,,,,,,,,,,,,,,,,,,,,,,,,,,,,,,,,,,,,nan,,,,,,,,,,,,,,,
264,2223.522216796875,0.02220725081861019,2.220725081861019,2527.134951353073,10000,ppo,ppo,crawler,flat,obs_dth_tot_direct,,,,,,,,,,,,,,,0.0030038791459837937,0,781,0.0,0.0,,,,,,,,,,,,,,,,,,,,,,,,,,,,,,,,,,,,,,,,,,,,,,,,,,,,,,,,,,,,,,,,,,,,,,,,,,nan,,,,,,,,,,,,,,,
265,2210.095947265625,0.022076405584812164,2.2076405584812164,2537.3239707946777,10000,ppo,ppo,crawler,flat,obs_dth_tot_direct,,,,,,,,,,,,,,,0.0015871177912417976,0,781,0.0,0.0,,,,,,,,,,,,,,,,,,,,,,,,,,,,,,,,,,,,,,,,,,,,,,,,,,,,,,,,,,,,,,,,,,,,,,,,,,nan,,,,,,,,,,,,,,,
266,2293.020263671875,0.022904515266418457,2.2904515266418457,2547.113367795944,10000,ppo,ppo,crawler,flat,obs_dth_tot_direct,,,,,,,,,,,,,,,0.0016182995600866096,0,781,0.0,0.0,,,,,,,,,,,,,,,,,,,,,,,,,,,,,,,,,,,,,,,,,,,,,,,,,,,,,,,,,,,,,,,,,,,,,,,,,,nan,,,,,,,,,,,,,,,
267,2253.953125,0.02251441963016987,2.251441963016987,2557.642142534256,10000,ppo,ppo,crawler,flat,obs_dth_tot_direct,,,,,,,,,,,,,,,0.0018659631885343101,0,781,0.0,0.0,,,,,,,,,,,,,,,,,,,,,,,,,,,,,,,,,,,,,,,,,,,,,,,,,,,,,,,,,,,,,,,,,,,,,,,,,,nan,,,,,,,,,,,,,,,
268,2272.864501953125,0.02270379848778248,2.270379848778248,2568.0817296504974,10000,ppo,ppo,crawler,flat,obs_dth_tot_direct,,,,,,,,,,,,,,,0.0018895990505328215,0,781,0.0,0.0,,,,,,,,,,,,,,,,,,,,,,,,,,,,,,,,,,,,,,,,,,,,,,,,,,,,,,,,,,,,,,,,,,,,,,,,,,nan,,,,,,,,,,,,,,,
269,2232.02587890625,0.022294621914625168,2.229462191462517,2576.7762134075165,10000,ppo,ppo,crawler,flat,obs_dth_tot_direct,,,,,,,,,,,,,,,0.0021919249651517446,0,781,0.0,0.0,,,,,,,,,,,,,,,,,,,,,,,,,,,,,,,,,,,,,,,,,,,,,,,,,,,,,,,,,,,,,,,,,,,,,,,,,,nan,,,,,,,,,,,,,,,
270,2276.807861328125,0.02274155244231224,2.274155244231224,2586.3018124103546,10000,ppo,ppo,crawler,flat,obs_dth_tot_direct,,,,,,,,,,,,,,,0.0026327754715404538,0,781,0.0,0.0,,,,,,,,,,,,,,,,,,,,,,,,,,,,,,,,,,,,,,,,,,,,,,,,,,,,,,,,,,,,,,,,,,,,,,,,,,nan,,,,,,,,,,,,,,,
271,2334.947265625,0.023322975262999535,2.3322975262999535,2595.197885990143,10000,ppo,ppo,crawler,flat,obs_dth_tot_direct,,,,,,,,,,,,,,,0.0017811959733729807,0,781,0.0,0.0,,,,,,,,,,,,,,,,,,,,,,,,,,,,,,,,,,,,,,,,,,,,,,,,,,,,,,,,,,,,,,,,,,,,,,,,,,nan,,,,,,,,,,,,,,,
272,2255.387451171875,0.02253022976219654,2.253022976219654,2604.91516828537,10000,ppo,ppo,crawler,flat,obs_dth_tot_direct,,,,,,,,,,,,,,,0.0030315985316953006,0,781,0.0,0.0,,,,,,,,,,,,,,,,,,,,,,,,,,,,,,,,,,,,,,,,,,,,,,,,,,,,,,,,,,,,,,,,,,,,,,,,,,nan,,,,,,,,,,,,,,,
273,2165.89697265625,0.021634286269545555,2.1634286269545555,2614.2633051872253,10000,ppo,ppo,crawler,flat,obs_dth_tot_direct,,,,,,,,,,,,,,,0.001636874125893992,0,781,0.0,0.0,,,,,,,,,,,,,,,,,,,,,,,,,,,,,,,,,,,,,,,,,,,,,,,,,,,,,,,,,,,,,,,,,,,,,,,,,,nan,,,,,,,,,,,,,,,
274,2238.33203125,0.02235839143395424,2.235839143395424,2623.949388742447,10000,ppo,ppo,crawler,flat,obs_dth_tot_direct,,,,,,,,,,,,,,,0.0022843681763007667,0,781,0.0,0.0,,,,,,,,,,,,,,,,,,,,,,,,,,,,,,,,,,,,,,,,,,,,,,,,,,,,,,,,,,,,,,,,,,,,,,,,,,nan,,,,,,,,,,,,,,,
275,2167.574951171875,0.02165364660322666,2.165364660322666,2634.201174736023,10000,ppo,ppo,crawler,flat,obs_dth_tot_direct,,,,,,,,,,,,,,,0.0022631822384506675,0,781,0.0,0.0,,,,,,,,,,,,,,,,,,,,,,,,,,,,,,,,,,,,,,,,,,,,,,,,,,,,,,,,,,,,,,,,,,,,,,,,,,nan,,,,,,,,,,,,,,,
276,2191.637451171875,0.021893011406064034,2.1893011406064034,2644.271831035614,10000,ppo,ppo,crawler,flat,obs_dth_tot_direct,,,,,,,,,,,,,,,0.0015882222966776144,0,781,0.0,0.0,,,,,,,,,,,,,,,,,,,,,,,,,,,,,,,,,,,,,,,,,,,,,,,,,,,,,,,,,,,,,,,,,,,,,,,,,,nan,,,,,,,,,,,,,,,
277,2240.227294921875,0.02237728238105774,2.237728238105774,2653.808843612671,10000,ppo,ppo,crawler,flat,obs_dth_tot_direct,,,,,,,,,,,,,,,0.0012603421457805268,0,781,0.0,0.0,,,,,,,,,,,,,,,,,,,,,,,,,,,,,,,,,,,,,,,,,,,,,,,,,,,,,,,,,,,,,,,,,,,,,,,,,,nan,,,,,,,,,,,,,,,
278,2160.248779296875,0.02157846838235855,2.157846838235855,2663.9635305404663,10000,ppo,ppo,crawler,flat,obs_dth_tot_direct,,,,,,,,,,,,,,,0.0021570930335858786,0,781,0.0,0.0,,,,,,,,,,,,,,,,,,,,,,,,,,,,,,,,,,,,,,,,,,,,,,,,,,,,,,,,,,,,,,,,,,,,,,,,,,nan,,,,,,,,,,,,,,,
279,2302.053955078125,0.022996490821242332,2.2996490821242332,2673.61586022377,10000,ppo,ppo,crawler,flat,obs_dth_tot_direct,,,,,,,,,,,,,,,0.0012384166379381188,0,781,0.0,0.0,,,,,,,,,,,,,,,,,,,,,,,,,,,,,,,,,,,,,,,,,,,,,,,,,,,,,,,,,,,,,,,,,,,,,,,,,,nan,,,,,,,,,,,,,,,
280,2222.647216796875,0.022202834486961365,2.2202834486961365,2683.212397813797,10000,ppo,ppo,crawler,flat,obs_dth_tot_direct,,,,,,,,,,,,,,,0.000939434999539381,0,781,0.0,0.0,,,,,,,,,,,,,,,,,,,,,,,,,,,,,,,,,,,,,,,,,,,,,,,,,,,,,,,,,,,,,,,,,,,,,,,,,,nan,,,,,,,,,,,,,,,
281,2231.953125,0.022298229858279228,2.229822985827923,2693.5054018497467,10000,ppo,ppo,crawler,flat,obs_dth_tot_direct,,,,,,,,,,,,,,,0.001827759493044106,0,781,0.0,0.0,,,,,,,,,,,,,,,,,,,,,,,,,,,,,,,,,,,,,,,,,,,,,,,,,,,,,,,,,,,,,,,,,,,,,,,,,,nan,,,,,,,,,,,,,,,
282,2269.366943359375,0.02266884036362171,2.266884036362171,2702.7511806488037,10000,ppo,ppo,crawler,flat,obs_dth_tot_direct,,,,,,,,,,,,,,,0.0016940267529806196,0,781,0.0,0.0,,,,,,,,,,,,,,,,,,,,,,,,,,,,,,,,,,,,,,,,,,,,,,,,,,,,,,,,,,,,,,,,,,,,,,,,,,nan,,,,,,,,,,,,,,,
283,2211.62744140625,0.022094255313277245,2.2094255313277245,2712.6005053520203,10000,ppo,ppo,crawler,flat,obs_dth_tot_direct,,,,,,,,,,,,,,,0.0012987520468639923,0,781,0.0,0.0,,,,,,,,,,,,,,,,,,,,,,,,,,,,,,,,,,,,,,,,,,,,,,,,,,,,,,,,,,,,,,,,,,,,,,,,,,nan,,,,,,,,,,,,,,,
284,2259.996826171875,0.022575613111257553,2.2575613111257553,2722.388144493103,10000,ppo,ppo,crawler,flat,obs_dth_tot_direct,,,,,,,,,,,,,,,0.0014993104583865037,0,781,0.0,0.0,,,,,,,,,,,,,,,,,,,,,,,,,,,,,,,,,,,,,,,,,,,,,,,,,,,,,,,,,,,,,,,,,,,,,,,,,,nan,,,,,,,,,,,,,,,
285,2288.080078125,0.022856876254081726,2.2856876254081726,2732.0261754989624,10000,ppo,ppo,crawler,flat,obs_dth_tot_direct,,,,,,,,,,,,,,,0.00131853835892203,0,781,0.0,0.0,,,,,,,,,,,,,,,,,,,,,,,,,,,,,,,,,,,,,,,,,,,,,,,,,,,,,,,,,,,,,,,,,,,,,,,,,,nan,,,,,,,,,,,,,,,
286,2285.862548828125,0.022833406925201416,2.2833406925201416,2741.407864332199,10000,ppo,ppo,crawler,flat,obs_dth_tot_direct,,,,,,,,,,,,,,,0.001340010927627816,0,781,0.0,0.0,,,,,,,,,,,,,,,,,,,,,,,,,,,,,,,,,,,,,,,,,,,,,,,,,,,,,,,,,,,,,,,,,,,,,,,,,,nan,,,,,,,,,,,,,,,
287,2201.781005859375,0.021992146968841553,2.1992146968841553,2750.878675699234,10000,ppo,ppo,crawler,flat,obs_dth_tot_direct,,,,,,,,,,,,,,,0.002110968615017506,0,781,0.0,0.0,,,,,,,,,,,,,,,,,,,,,,,,,,,,,,,,,,,,,,,,,,,,,,,,,,,,,,,,,,,,,,,,,,,,,,,,,,nan,,,,,,,,,,,,,,,
288,2238.412109375,0.022359058260917664,2.2359058260917664,2760.2572996616364,10000,ppo,ppo,crawler,flat,obs_dth_tot_direct,,,,,,,,,,,,,,,0.0019243711727873994,0,781,0.0,0.0,,,,,,,,,,,,,,,,,,,,,,,,,,,,,,,,,,,,,,,,,,,,,,,,,,,,,,,,,,,,,,,,,,,,,,,,,,nan,,,,,,,,,,,,,,,
289,2252.690185546875,0.02250327542424202,2.250327542424202,2768.7332072257996,10000,ppo,ppo,crawler,flat,obs_dth_tot_direct,,,,,,,,,,,,,,,0.0014949594890737471,0,781,0.0,0.0,,,,,,,,,,,,,,,,,,,,,,,,,,,,,,,,,,,,,,,,,,,,,,,,,,,,,,,,,,,,,,,,,,,,,,,,,,nan,,,,,,,,,,,,,,,
290,2235.5576171875,0.02233014442026615,2.233014442026615,2778.0793623924255,10000,ppo,ppo,crawler,flat,obs_dth_tot_direct,,,,,,,,,,,,,,,0.0012277404068728349,0,781,0.0,0.0,,,,,,,,,,,,,,,,,,,,,,,,,,,,,,,,,,,,,,,,,,,,,,,,,,,,,,,,,,,,,,,,,,,,,,,,,,nan,,,,,,,,,,,,,,,
291,2299.08642578125,0.0229707770049572,2.29707770049572,2787.582548379898,10000,ppo,ppo,crawler,flat,obs_dth_tot_direct,,,,,,,,,,,,,,,0.0015567712301753243,0,781,0.0,0.0,,,,,,,,,,,,,,,,,,,,,,,,,,,,,,,,,,,,,,,,,,,,,,,,,,,,,,,,,,,,,,,,,,,,,,,,,,nan,,,,,,,,,,,,,,,
292,2348.206298828125,0.023455005139112473,2.3455005139112473,2797.631534099579,10000,ppo,ppo,crawler,flat,obs_dth_tot_direct,,,,,,,,,,,,,,,0.001511126822049231,0,781,0.0,0.0,,,,,,,,,,,,,,,,,,,,,,,,,,,,,,,,,,,,,,,,,,,,,,,,,,,,,,,,,,,,,,,,,,,,,,,,,,nan,,,,,,,,,,,,,,,
293,2337.691162109375,0.02335282228887081,2.335282228887081,2808.074941635132,10000,ppo,ppo,crawler,flat,obs_dth_tot_direct,,,,,,,,,,,,,,,0.0014254184414716567,0,781,0.0,0.0,,,,,,,,,,,,,,,,,,,,,,,,,,,,,,,,,,,,,,,,,,,,,,,,,,,,,,,,,,,,,,,,,,,,,,,,,,nan,,,,,,,,,,,,,,,
294,2475.41748046875,0.024730877950787544,2.4730877950787544,2817.3350236415863,10000,ppo,ppo,crawler,flat,obs_dth_tot_direct,,,,,,,,,,,,,,,0.001483296840683841,0,781,0.0,0.0,,,,,,,,,,,,,,,,,,,,,,,,,,,,,,,,,,,,,,,,,,,,,,,,,,,,,,,,,,,,,,,,,,,,,,,,,,nan,,,,,,,,,,,,,,,
295,2309.57666015625,0.0230731051415205,2.30731051415205,2827.0264661312103,10000,ppo,ppo,crawler,flat,obs_dth_tot_direct,,,,,,,,,,,,,,,0.0009688957339995643,0,781,0.0,0.0,,,,,,,,,,,,,,,,,,,,,,,,,,,,,,,,,,,,,,,,,,,,,,,,,,,,,,,,,,,,,,,,,,,,,,,,,,nan,,,,,,,,,,,,,,,
296,2377.833740234375,0.02375149540603161,2.375149540603161,2837.0270924568176,10000,ppo,ppo,crawler,flat,obs_dth_tot_direct,,,,,,,,,,,,,,,0.001951935649281675,0,781,0.0,0.0,,,,,,,,,,,,,,,,,,,,,,,,,,,,,,,,,,,,,,,,,,,,,,,,,,,,,,,,,,,,,,,,,,,,,,,,,,nan,,,,,,,,,,,,,,,
297,2278.36328125,0.022763775661587715,2.2763775661587715,2846.553635597229,10000,ppo,ppo,crawler,flat,obs_dth_tot_direct,,,,,,,,,,,,,,,0.0022163259797949946,0,781,0.0,0.0,,,,,,,,,,,,,,,,,,,,,,,,,,,,,,,,,,,,,,,,,,,,,,,,,,,,,,,,,,,,,,,,,,,,,,,,,,nan,,,,,,,,,,,,,,,
298,2500.914794921875,0.024984102696180344,2.4984102696180344,2857.121302127838,10000,ppo,ppo,crawler,flat,obs_dth_tot_direct,,,,,,,,,,,,,,,0.001550801832606762,0,781,0.0,0.0,,,,,,,,,,,,,,,,,,,,,,,,,,,,,,,,,,,,,,,,,,,,,,,,,,,,,,,,,,,,,,,,,,,,,,,,,,nan,,,,,,,,,,,,,,,
299,2310.59375,0.023079155012965202,2.3079155012965202,2866.8019428253174,10000,ppo,ppo,crawler,flat,obs_dth_tot_direct,,,,,,,,,,,,,,,0.001968398032908233,0,781,0.0,0.0,,,,,,,,,,,,,,,,,,,,,,,,,,,,,,,,,,,,,,,,,,,,,,,,,,,,,,,,,,,,,,,,,,,,,,,,,,nan,,,,,,,,,,,,,,,
300,2454.406982421875,0.024520818144083023,2.4520818144083023,2876.3066442012787,10000,ppo,ppo,crawler,flat,obs_dth_tot_direct,,,,,,,,,,,,,,,0.0014381802604292694,0,781,0.0,0.0,,,,,,,,,,,,,,,,,,,,,,,,,,,,,,,,,,,,,,,,,,,,,,,,,,,,,,,,,,,,,,,,,,,,,,,,,,nan,,,,,,,,,,,,,,,
301,2287.06884765625,0.02284969389438629,2.284969389438629,2885.9606564044952,10000,ppo,ppo,crawler,flat,obs_dth_tot_direct,,,,,,,,,,,,,,,0.002516911817025657,0,781,0.0,0.0,,,,,,,,,,,,,,,,,,,,,,,,,,,,,,,,,,,,,,,,,,,,,,,,,,,,,,,,,,,,,,,,,,,,,,,,,,nan,,,,,,,,,,,,,,,
302,2344.921142578125,0.0234249085187912,2.34249085187912,2895.489918231964,10000,ppo,ppo,crawler,flat,obs_dth_tot_direct,,,,,,,,,,,,,,,0.001641766187938404,0,781,0.0,0.0,,,,,,,,,,,,,,,,,,,,,,,,,,,,,,,,,,,,,,,,,,,,,,,,,,,,,,,,,,,,,,,,,,,,,,,,,,nan,,,,,,,,,,,,,,,
303,2400.014404296875,0.023973772302269936,2.3973772302269936,2905.6103987693787,10000,ppo,ppo,crawler,flat,obs_dth_tot_direct,,,,,,,,,,,,,,,0.0018307222221124366,0,781,0.0,0.0,,,,,,,,,,,,,,,,,,,,,,,,,,,,,,,,,,,,,,,,,,,,,,,,,,,,,,,,,,,,,,,,,,,,,,,,,,nan,,,,,,,,,,,,,,,
304,2243.092529296875,0.022406816482543945,2.2406816482543945,2915.868033885956,10000,ppo,ppo,crawler,flat,obs_dth_tot_direct,,,,,,,,,,,,,,,0.002961920397646539,0,781,0.0,0.0,,,,,,,,,,,,,,,,,,,,,,,,,,,,,,,,,,,,,,,,,,,,,,,,,,,,,,,,,,,,,,,,,,,,,,,,,,nan,,,,,,,,,,,,,,,
305,2293.988525390625,0.022913143038749695,2.2913143038749695,2926.4443588256836,10000,ppo,ppo,crawler,flat,obs_dth_tot_direct,,,,,,,,,,,,,,,0.001981778341534283,0,781,0.0,0.0,,,,,,,,,,,,,,,,,,,,,,,,,,,,,,,,,,,,,,,,,,,,,,,,,,,,,,,,,,,,,,,,,,,,,,,,,,nan,,,,,,,,,,,,,,,
306,2433.276611328125,0.02430611290037632,2.430611290037632,2936.485085248947,10000,ppo,ppo,crawler,flat,obs_dth_tot_direct,,,,,,,,,,,,,,,0.001880345562628455,0,781,0.0,0.0,,,,,,,,,,,,,,,,,,,,,,,,,,,,,,,,,,,,,,,,,,,,,,,,,,,,,,,,,,,,,,,,,,,,,,,,,,nan,,,,,,,,,,,,,,,
307,2405.517333984375,0.024027513340115547,2.4027513340115547,2946.510618686676,10000,ppo,ppo,crawler,flat,obs_dth_tot_direct,,,,,,,,,,,,,,,0.0013844732840656581,0,781,0.0,0.0,,,,,,,,,,,,,,,,,,,,,,,,,,,,,,,,,,,,,,,,,,,,,,,,,,,,,,,,,,,,,,,,,,,,,,,,,,nan,,,,,,,,,,,,,,,
308,2361.228271484375,0.023589549586176872,2.3589549586176872,2956.839335203171,10000,ppo,ppo,crawler,flat,obs_dth_tot_direct,,,,,,,,,,,,,,,0.0019688735298392357,0,781,0.0,0.0,,,,,,,,,,,,,,,,,,,,,,,,,,,,,,,,,,,,,,,,,,,,,,,,,,,,,,,,,,,,,,,,,,,,,,,,,,nan,,,,,,,,,,,,,,,
309,2323.3359375,0.02320828102529049,2.320828102529049,2966.716456890106,10000,ppo,ppo,crawler,flat,obs_dth_tot_direct,,,,,,,,,,,,,,,0.0013932174508282933,0,781,0.0,0.0,,,,,,,,,,,,,,,,,,,,,,,,,,,,,,,,,,,,,,,,,,,,,,,,,,,,,,,,,,,,,,,,,,,,,,,,,,nan,,,,,,,,,,,,,,,
310,2244.086669921875,0.022416329011321068,2.241632901132107,2976.2602558135986,10000,ppo,ppo,crawler,flat,obs_dth_tot_direct,,,,,,,,,,,,,,,0.0029077655691758715,0,781,0.0,0.0,,,,,,,,,,,,,,,,,,,,,,,,,,,,,,,,,,,,,,,,,,,,,,,,,,,,,,,,,,,,,,,,,,,,,,,,,,nan,,,,,,,,,,,,,,,
311,2404.598388671875,0.024018246680498123,2.4018246680498123,2986.1500945091248,10000,ppo,ppo,crawler,flat,obs_dth_tot_direct,,,,,,,,,,,,,,,0.0020303892700383784,0,781,0.0,0.0,,,,,,,,,,,,,,,,,,,,,,,,,,,,,,,,,,,,,,,,,,,,,,,,,,,,,,,,,,,,,,,,,,,,,,,,,,nan,,,,,,,,,,,,,,,
312,2313.428466796875,0.023110775277018547,2.3110775277018547,2996.192617893219,10000,ppo,ppo,crawler,flat,obs_dth_tot_direct,,,,,,,,,,,,,,,0.0011656828314530812,0,781,0.0,0.0,,,,,,,,,,,,,,,,,,,,,,,,,,,,,,,,,,,,,,,,,,,,,,,,,,,,,,,,,,,,,,,,,,,,,,,,,,nan,,,,,,,,,,,,,,,
313,2228.60595703125,0.022255465388298035,2.2255465388298035,3005.912117958069,10000,ppo,ppo,crawler,flat,obs_dth_tot_direct,,,,,,,,,,,,,,,0.001527170668951035,0,781,0.0,0.0,,,,,,,,,,,,,,,,,,,,,,,,,,,,,,,,,,,,,,,,,,,,,,,,,,,,,,,,,,,,,,,,,,,,,,,,,,nan,,,,,,,,,,,,,,,
314,2449.100341796875,0.024467037990689278,2.4467037990689278,3015.799343109131,10000,ppo,ppo,crawler,flat,obs_dth_tot_direct,,,,,,,,,,,,,,,0.0012752302939844458,0,781,0.0,0.0,,,,,,,,,,,,,,,,,,,,,,,,,,,,,,,,,,,,,,,,,,,,,,,,,,,,,,,,,,,,,,,,,,,,,,,,,,nan,,,,,,,,,,,,,,,
315,2288.65185546875,0.022862771525979042,2.286277152597904,3025.320596218109,10000,ppo,ppo,crawler,flat,obs_dth_tot_direct,,,,,,,,,,,,,,,0.0012687218661001508,0,781,0.0,0.0,,,,,,,,,,,,,,,,,,,,,,,,,,,,,,,,,,,,,,,,,,,,,,,,,,,,,,,,,,,,,,,,,,,,,,,,,,nan,,,,,,,,,,,,,,,
316,2312.712158203125,0.023103704676032066,2.3103704676032066,3035.396824359894,10000,ppo,ppo,crawler,flat,obs_dth_tot_direct,,,,,,,,,,,,,,,0.0018381276318380092,0,781,0.0,0.0,,,,,,,,,,,,,,,,,,,,,,,,,,,,,,,,,,,,,,,,,,,,,,,,,,,,,,,,,,,,,,,,,,,,,,,,,,nan,,,,,,,,,,,,,,,
317,2230.472900390625,0.022281061857938766,2.2281061857938766,3045.3492131233215,10000,ppo,ppo,crawler,flat,obs_dth_tot_direct,,,,,,,,,,,,,,,0.0014207735994152591,0,781,0.0,0.0,,,,,,,,,,,,,,,,,,,,,,,,,,,,,,,,,,,,,,,,,,,,,,,,,,,,,,,,,,,,,,,,,,,,,,,,,,nan,,,,,,,,,,,,,,,
318,2358.5625,0.02356182225048542,2.356182225048542,3054.7702684402466,10000,ppo,ppo,crawler,flat,obs_dth_tot_direct,,,,,,,,,,,,,,,0.0008651270727137897,0,781,0.0,0.0,,,,,,,,,,,,,,,,,,,,,,,,,,,,,,,,,,,,,,,,,,,,,,,,,,,,,,,,,,,,,,,,,,,,,,,,,,nan,,,,,,,,,,,,,,,
319,2335.583740234375,0.02333136834204197,2.333136834204197,3064.6428546905518,10000,ppo,ppo,crawler,flat,obs_dth_tot_direct,,,,,,,,,,,,,,,0.0021669543847397674,0,781,0.0,0.0,,,,,,,,,,,,,,,,,,,,,,,,,,,,,,,,,,,,,,,,,,,,,,,,,,,,,,,,,,,,,,,,,,,,,,,,,,nan,,,,,,,,,,,,,,,
320,2390.435791015625,0.02387736365199089,2.387736365199089,3073.7011485099792,10000,ppo,ppo,crawler,flat,obs_dth_tot_direct,,,,,,,,,,,,,,,0.0014715748152406012,0,781,0.0,0.0,,,,,,,,,,,,,,,,,,,,,,,,,,,,,,,,,,,,,,,,,,,,,,,,,,,,,,,,,,,,,,,,,,,,,,,,,,nan,,,,,,,,,,,,,,,
321,2410.51806640625,0.024080095812678337,2.4080095812678337,3083.283281803131,10000,ppo,ppo,crawler,flat,obs_dth_tot_direct,,,,,,,,,,,,,,,0.0011591687351042643,0,781,0.0,0.0,,,,,,,,,,,,,,,,,,,,,,,,,,,,,,,,,,,,,,,,,,,,,,,,,,,,,,,,,,,,,,,,,,,,,,,,,,nan,,,,,,,,,,,,,,,
322,2382.833740234375,0.023803871124982834,2.3803871124982834,3092.395616531372,10000,ppo,ppo,crawler,flat,obs_dth_tot_direct,,,,,,,,,,,,,,,0.0010630747945812873,0,781,0.0,0.0,,,,,,,,,,,,,,,,,,,,,,,,,,,,,,,,,,,,,,,,,,,,,,,,,,,,,,,,,,,,,,,,,,,,,,,,,,nan,,,,,,,,,,,,,,,
323,2327.794921875,0.023253101855516434,2.3253101855516434,3101.766042947769,10000,ppo,ppo,crawler,flat,obs_dth_tot_direct,,,,,,,,,,,,,,,0.0011610000750743763,0,781,0.0,0.0,,,,,,,,,,,,,,,,,,,,,,,,,,,,,,,,,,,,,,,,,,,,,,,,,,,,,,,,,,,,,,,,,,,,,,,,,,nan,,,,,,,,,,,,,,,
324,2381.601318359375,0.023786917328834534,2.3786917328834534,3110.9071457386017,10000,ppo,ppo,crawler,flat,obs_dth_tot_direct,,,,,,,,,,,,,,,0.0026991369423331503,0,781,0.0,0.0,,,,,,,,,,,,,,,,,,,,,,,,,,,,,,,,,,,,,,,,,,,,,,,,,,,,,,,,,,,,,,,,,,,,,,,,,,nan,,,,,,,,,,,,,,,
325,2306.705322265625,0.023046065121889114,2.3046065121889114,3120.2958409786224,10000,ppo,ppo,crawler,flat,obs_dth_tot_direct,,,,,,,,,,,,,,,0.0013516846607141027,0,781,0.0,0.0,,,,,,,,,,,,,,,,,,,,,,,,,,,,,,,,,,,,,,,,,,,,,,,,,,,,,,,,,,,,,,,,,,,,,,,,,,nan,,,,,,,,,,,,,,,
326,2254.2548828125,0.022518647834658623,2.2518647834658623,3129.878232240677,10000,ppo,ppo,crawler,flat,obs_dth_tot_direct,,,,,,,,,,,,,,,0.0019885934607862302,0,781,0.0,0.0,,,,,,,,,,,,,,,,,,,,,,,,,,,,,,,,,,,,,,,,,,,,,,,,,,,,,,,,,,,,,,,,,,,,,,,,,,nan,,,,,,,,,,,,,,,
327,2362.364013671875,0.02360060065984726,2.360060065984726,3139.3882343769073,10000,ppo,ppo,crawler,flat,obs_dth_tot_direct,,,,,,,,,,,,,,,0.0021449469431574003,0,781,0.0,0.0,,,,,,,,,,,,,,,,,,,,,,,,,,,,,,,,,,,,,,,,,,,,,,,,,,,,,,,,,,,,,,,,,,,,,,,,,,nan,,,,,,,,,,,,,,,
328,2284.322998046875,0.02281712368130684,2.281712368130684,3148.8362140655518,10000,ppo,ppo,crawler,flat,obs_dth_tot_direct,,,,,,,,,,,,,,,0.0020047933580890844,0,781,0.0,0.0,,,,,,,,,,,,,,,,,,,,,,,,,,,,,,,,,,,,,,,,,,,,,,,,,,,,,,,,,,,,,,,,,,,,,,,,,,nan,,,,,,,,,,,,,,,
329,2278.267822265625,0.022759582847356796,2.2759582847356796,3158.209945201874,10000,ppo,ppo,crawler,flat,obs_dth_tot_direct,,,,,,,,,,,,,,,0.001100018401706895,0,781,0.0,0.0,,,,,,,,,,,,,,,,,,,,,,,,,,,,,,,,,,,,,,,,,,,,,,,,,,,,,,,,,,,,,,,,,,,,,,,,,,nan,,,,,,,,,,,,,,,
330,2378.508544921875,0.023758040741086006,2.3758040741086006,3168.3896067142487,10000,ppo,ppo,crawler,flat,obs_dth_tot_direct,,,,,,,,,,,,,,,0.0024633207766755066,0,781,0.0,0.0,,,,,,,,,,,,,,,,,,,,,,,,,,,,,,,,,,,,,,,,,,,,,,,,,,,,,,,,,,,,,,,,,,,,,,,,,,nan,,,,,,,,,,,,,,,
331,2340.659423828125,0.023380093276500702,2.33800932765007,3177.7513465881348,10000,ppo,ppo,crawler,flat,obs_dth_tot_direct,,,,,,,,,,,,,,,0.0026192928677647893,0,781,0.0,0.0,,,,,,,,,,,,,,,,,,,,,,,,,,,,,,,,,,,,,,,,,,,,,,,,,,,,,,,,,,,,,,,,,,,,,,,,,,nan,,,,,,,,,,,,,,,
332,2263.150390625,0.022607097402215004,2.2607097402215004,3187.334041595459,10000,ppo,ppo,crawler,flat,obs_dth_tot_direct,,,,,,,,,,,,,,,0.002452632003253743,0,781,0.0,0.0,,,,,,,,,,,,,,,,,,,,,,,,,,,,,,,,,,,,,,,,,,,,,,,,,,,,,,,,,,,,,,,,,,,,,,,,,,nan,,,,,,,,,,,,,,,
333,2299.217529296875,0.022968566045165062,2.296856604516506,3197.5741713047028,10000,ppo,ppo,crawler,flat,obs_dth_tot_direct,,,,,,,,,,,,,,,0.0014987655414583113,0,781,0.0,0.0,,,,,,,,,,,,,,,,,,,,,,,,,,,,,,,,,,,,,,,,,,,,,,,,,,,,,,,,,,,,,,,,,,,,,,,,,,nan,,,,,,,,,,,,,,,
334,2242.822998046875,0.02240310050547123,2.240310050547123,3207.50967335701,10000,ppo,ppo,crawler,flat,obs_dth_tot_direct,,,,,,,,,,,,,,,0.0024025809657856893,0,781,0.0,0.0,,,,,,,,,,,,,,,,,,,,,,,,,,,,,,,,,,,,,,,,,,,,,,,,,,,,,,,,,,,,,,,,,,,,,,,,,,nan,,,,,,,,,,,,,,,
335,2271.247314453125,0.02269076369702816,2.269076369702816,3217.5366945266724,10000,ppo,ppo,crawler,flat,obs_dth_tot_direct,,,,,,,,,,,,,,,0.0013683096444020101,0,781,0.0,0.0,,,,,,,,,,,,,,,,,,,,,,,,,,,,,,,,,,,,,,,,,,,,,,,,,,,,,,,,,,,,,,,,,,,,,,,,,,nan,,,,,,,,,,,,,,,
336,2272.050048828125,0.02269342541694641,2.269342541694641,3227.5841014385223,10000,ppo,ppo,crawler,flat,obs_dth_tot_direct,,,,,,,,,,,,,,,0.0020361496079817493,0,781,0.0,0.0,,,,,,,,,,,,,,,,,,,,,,,,,,,,,,,,,,,,,,,,,,,,,,,,,,,,,,,,,,,,,,,,,,,,,,,,,,nan,,,,,,,,,,,,,,,
337,2483.436279296875,0.024809740483760834,2.4809740483760834,3237.4500772953033,10000,ppo,ppo,crawler,flat,obs_dth_tot_direct,,,,,,,,,,,,,,,0.0011144113552440005,0,781,0.0,0.0,,,,,,,,,,,,,,,,,,,,,,,,,,,,,,,,,,,,,,,,,,,,,,,,,,,,,,,,,,,,,,,,,,,,,,,,,,nan,,,,,,,,,,,,,,,
338,2301.791015625,0.022991586476564407,2.2991586476564407,3247.923364877701,10000,ppo,ppo,crawler,flat,obs_dth_tot_direct,,,,,,,,,,,,,,,0.0021579783054976385,0,781,0.0,0.0,,,,,,,,,,,,,,,,,,,,,,,,,,,,,,,,,,,,,,,,,,,,,,,,,,,,,,,,,,,,,,,,,,,,,,,,,,nan,,,,,,,,,,,,,,,
339,2321.854248046875,0.023193586617708206,2.3193586617708206,3257.5313832759857,10000,ppo,ppo,crawler,flat,obs_dth_tot_direct,,,,,,,,,,,,,,,0.0023267653980659905,0,781,0.0,0.0,,,,,,,,,,,,,,,,,,,,,,,,,,,,,,,,,,,,,,,,,,,,,,,,,,,,,,,,,,,,,,,,,,,,,,,,,,nan,,,,,,,,,,,,,,,
340,2220.590087890625,0.022179698571562767,2.2179698571562767,3267.2154483795166,10000,ppo,ppo,crawler,flat,obs_dth_tot_direct,,,,,,,,,,,,,,,0.001115238069580298,0,781,0.0,0.0,,,,,,,,,,,,,,,,,,,,,,,,,,,,,,,,,,,,,,,,,,,,,,,,,,,,,,,,,,,,,,,,,,,,,,,,,,nan,,,,,,,,,,,,,,,
341,2331.038330078125,0.023285765200853348,2.3285765200853348,3277.1658957004547,10000,ppo,ppo,crawler,flat,obs_dth_tot_direct,,,,,,,,,,,,,,,0.001331484234296312,0,781,0.0,0.0,,,,,,,,,,,,,,,,,,,,,,,,,,,,,,,,,,,,,,,,,,,,,,,,,,,,,,,,,,,,,,,,,,,,,,,,,,nan,,,,,,,,,,,,,,,
342,2329.15283203125,0.023265589028596878,2.326558902859688,3287.2309737205505,10000,ppo,ppo,crawler,flat,obs_dth_tot_direct,,,,,,,,,,,,,,,0.0015777514456050072,0,781,0.0,0.0,,,,,,,,,,,,,,,,,,,,,,,,,,,,,,,,,,,,,,,,,,,,,,,,,,,,,,,,,,,,,,,,,,,,,,,,,,nan,,,,,,,,,,,,,,,
343,2412.299560546875,0.024100713431835175,2.4100713431835175,3297.1422758102417,10000,ppo,ppo,crawler,flat,obs_dth_tot_direct,,,,,,,,,,,,,,,0.0017354526682424147,0,781,0.0,0.0,,,,,,,,,,,,,,,,,,,,,,,,,,,,,,,,,,,,,,,,,,,,,,,,,,,,,,,,,,,,,,,,,,,,,,,,,,nan,,,,,,,,,,,,,,,
344,2411.710693359375,0.02409188635647297,2.409188635647297,3307.2709724903107,10000,ppo,ppo,crawler,flat,obs_dth_tot_direct,,,,,,,,,,,,,,,0.0014369074538252663,0,781,0.0,0.0,,,,,,,,,,,,,,,,,,,,,,,,,,,,,,,,,,,,,,,,,,,,,,,,,,,,,,,,,,,,,,,,,,,,,,,,,,nan,,,,,,,,,,,,,,,
345,2354.70751953125,0.02352512627840042,2.352512627840042,3318.2647035121918,10000,ppo,ppo,crawler,flat,obs_dth_tot_direct,,,,,,,,,,,,,,,0.002104075070032039,0,781,0.0,0.0,,,,,,,,,,,,,,,,,,,,,,,,,,,,,,,,,,,,,,,,,,,,,,,,,,,,,,,,,,,,,,,,,,,,,,,,,,nan,,,,,,,,,,,,,,,
346,2259.08447265625,0.022566378116607666,2.2566378116607666,3328.1548280715942,10000,ppo,ppo,crawler,flat,obs_dth_tot_direct,,,,,,,,,,,,,,,0.0023713409660400305,0,781,0.0,0.0,,,,,,,,,,,,,,,,,,,,,,,,,,,,,,,,,,,,,,,,,,,,,,,,,,,,,,,,,,,,,,,,,,,,,,,,,,nan,,,,,,,,,,,,,,,
347,2302.958740234375,0.023006616160273552,2.300661616027355,3337.8157041072845,10000,ppo,ppo,crawler,flat,obs_dth_tot_direct,,,,,,,,,,,,,,,0.0008724482757318184,0,781,0.0,0.0,,,,,,,,,,,,,,,,,,,,,,,,,,,,,,,,,,,,,,,,,,,,,,,,,,,,,,,,,,,,,,,,,,,,,,,,,,nan,,,,,,,,,,,,,,,
348,2367.421630859375,0.023646067827939987,2.3646067827939987,3346.924906015396,10000,ppo,ppo,crawler,flat,obs_dth_tot_direct,,,,,,,,,,,,,,,0.0019332568482764059,0,781,0.0,0.0,,,,,,,,,,,,,,,,,,,,,,,,,,,,,,,,,,,,,,,,,,,,,,,,,,,,,,,,,,,,,,,,,,,,,,,,,,nan,,,,,,,,,,,,,,,
349,2333.1787109375,0.023312652483582497,2.3312652483582497,3356.843939781189,10000,ppo,ppo,crawler,flat,obs_dth_tot_direct,,,,,,,,,,,,,,,0.001419653174218973,0,781,0.0,0.0,,,,,,,,,,,,,,,,,,,,,,,,,,,,,,,,,,,,,,,,,,,,,,,,,,,,,,,,,,,,,,,,,,,,,,,,,,nan,,,,,,,,,,,,,,,
350,2293.242919921875,0.022907039150595665,2.2907039150595665,3366.734661102295,10000,ppo,ppo,crawler,flat,obs_dth_tot_direct,,,,,,,,,,,,,,,0.0013298379570352897,0,781,0.0,0.0,,,,,,,,,,,,,,,,,,,,,,,,,,,,,,,,,,,,,,,,,,,,,,,,,,,,,,,,,,,,,,,,,,,,,,,,,,nan,,,,,,,,,,,,,,,
351,2486.310546875,0.024838369339704514,2.4838369339704514,3377.6107280254364,10000,ppo,ppo,crawler,flat,obs_dth_tot_direct,,,,,,,,,,,,,,,0.0010825587226612162,0,781,0.0,0.0,,,,,,,,,,,,,,,,,,,,,,,,,,,,,,,,,,,,,,,,,,,,,,,,,,,,,,,,,,,,,,,,,,,,,,,,,,nan,,,,,,,,,,,,,,,
352,2422.61865234375,0.024198396131396294,2.4198396131396294,3387.6976823806763,10000,ppo,ppo,crawler,flat,obs_dth_tot_direct,,,,,,,,,,,,,,,0.001580990243472071,0,781,0.0,0.0,,,,,,,,,,,,,,,,,,,,,,,,,,,,,,,,,,,,,,,,,,,,,,,,,,,,,,,,,,,,,,,,,,,,,,,,,,nan,,,,,,,,,,,,,,,
353,2518.601318359375,0.025159025564789772,2.515902556478977,3397.6249175071716,10000,ppo,ppo,crawler,flat,obs_dth_tot_direct,,,,,,,,,,,,,,,0.001162850939664504,0,781,0.0,0.0,,,,,,,,,,,,,,,,,,,,,,,,,,,,,,,,,,,,,,,,,,,,,,,,,,,,,,,,,,,,,,,,,,,,,,,,,,nan,,,,,,,,,,,,,,,
354,2550.41015625,0.025475194677710533,2.5475194677710533,3407.4558980464935,10000,ppo,ppo,crawler,flat,obs_dth_tot_direct,,,,,,,,,,,,,,,0.0026134922318096438,0,781,0.0,0.0,,,,,,,,,,,,,,,,,,,,,,,,,,,,,,,,,,,,,,,,,,,,,,,,,,,,,,,,,,,,,,,,,,,,,,,,,,nan,,,,,,,,,,,,,,,
355,2461.610595703125,0.024592392146587372,2.459239214658737,3417.3104219436646,10000,ppo,ppo,crawler,flat,obs_dth_tot_direct,,,,,,,,,,,,,,,0.0024955969710554688,0,781,0.0,0.0,,,,,,,,,,,,,,,,,,,,,,,,,,,,,,,,,,,,,,,,,,,,,,,,,,,,,,,,,,,,,,,,,,,,,,,,,,nan,,,,,,,,,,,,,,,
356,2463.897216796875,0.024610187858343124,2.4610187858343124,3428.295576810837,10000,ppo,ppo,crawler,flat,obs_dth_tot_direct,,,,,,,,,,,,,,,0.000919043410642897,0,781,0.0,0.0,,,,,,,,,,,,,,,,,,,,,,,,,,,,,,,,,,,,,,,,,,,,,,,,,,,,,,,,,,,,,,,,,,,,,,,,,,nan,,,,,,,,,,,,,,,
357,2477.327880859375,0.02474762126803398,2.474762126803398,3437.912475347519,10000,ppo,ppo,crawler,flat,obs_dth_tot_direct,,,,,,,,,,,,,,,0.0016962891227206276,0,781,0.0,0.0,,,,,,,,,,,,,,,,,,,,,,,,,,,,,,,,,,,,,,,,,,,,,,,,,,,,,,,,,,,,,,,,,,,,,,,,,,nan,,,,,,,,,,,,,,,
358,2486.18212890625,0.02483946643769741,2.483946643769741,3447.5984120368958,10000,ppo,ppo,crawler,flat,obs_dth_tot_direct,,,,,,,,,,,,,,,0.0014758517846762335,0,781,0.0,0.0,,,,,,,,,,,,,,,,,,,,,,,,,,,,,,,,,,,,,,,,,,,,,,,,,,,,,,,,,,,,,,,,,,,,,,,,,,nan,,,,,,,,,,,,,,,
359,2384.98876953125,0.023821691051125526,2.3821691051125526,3457.583165884018,10000,ppo,ppo,crawler,flat,obs_dth_tot_direct,,,,,,,,,,,,,,,0.0021819304322798533,0,781,0.0,0.0,,,,,,,,,,,,,,,,,,,,,,,,,,,,,,,,,,,,,,,,,,,,,,,,,,,,,,,,,,,,,,,,,,,,,,,,,,nan,,,,,,,,,,,,,,,
360,2548.53564453125,0.025459399446845055,2.5459399446845055,3467.2260212898254,10000,ppo,ppo,crawler,flat,obs_dth_tot_direct,,,,,,,,,,,,,,,0.0011874515055407427,0,781,0.0,0.0,,,,,,,,,,,,,,,,,,,,,,,,,,,,,,,,,,,,,,,,,,,,,,,,,,,,,,,,,,,,,,,,,,,,,,,,,,nan,,,,,,,,,,,,,,,
361,2437.291015625,0.024346547201275826,2.4346547201275826,3477.4210715293884,10000,ppo,ppo,crawler,flat,obs_dth_tot_direct,,,,,,,,,,,,,,,0.001524136301069911,0,781,0.0,0.0,,,,,,,,,,,,,,,,,,,,,,,,,,,,,,,,,,,,,,,,,,,,,,,,,,,,,,,,,,,,,,,,,,,,,,,,,,nan,,,,,,,,,,,,,,,
362,2391.024169921875,0.023882586508989334,2.3882586508989334,3487.155015707016,10000,ppo,ppo,crawler,flat,obs_dth_tot_direct,,,,,,,,,,,,,,,0.0018345351096256044,0,781,0.0,0.0,,,,,,,,,,,,,,,,,,,,,,,,,,,,,,,,,,,,,,,,,,,,,,,,,,,,,,,,,,,,,,,,,,,,,,,,,,nan,,,,,,,,,,,,,,,
363,2380.499267578125,0.023781267926096916,2.3781267926096916,3496.914961338043,10000,ppo,ppo,crawler,flat,obs_dth_tot_direct,,,,,,,,,,,,,,,0.0009399677603873076,0,781,0.0,0.0,,,,,,,,,,,,,,,,,,,,,,,,,,,,,,,,,,,,,,,,,,,,,,,,,,,,,,,,,,,,,,,,,,,,,,,,,,nan,,,,,,,,,,,,,,,
364,2587.538330078125,0.025846606120467186,2.5846606120467186,3506.162590742111,10000,ppo,ppo,crawler,flat,obs_dth_tot_direct,,,,,,,,,,,,,,,0.0009731812618985397,0,781,0.0,0.0,,,,,,,,,,,,,,,,,,,,,,,,,,,,,,,,,,,,,,,,,,,,,,,,,,,,,,,,,,,,,,,,,,,,,,,,,,nan,,,,,,,,,,,,,,,
365,2459.545654296875,0.024571703746914864,2.4571703746914864,3515.859568834305,10000,ppo,ppo,crawler,flat,obs_dth_tot_direct,,,,,,,,,,,,,,,0.0013314977884593155,0,781,0.0,0.0,,,,,,,,,,,,,,,,,,,,,,,,,,,,,,,,,,,,,,,,,,,,,,,,,,,,,,,,,,,,,,,,,,,,,,,,,,nan,,,,,,,,,,,,,,,
366,2518.130615234375,0.025155138224363327,2.5155138224363327,3525.393007516861,10000,ppo,ppo,crawler,flat,obs_dth_tot_direct,,,,,,,,,,,,,,,0.0010308868977121765,0,781,0.0,0.0,,,,,,,,,,,,,,,,,,,,,,,,,,,,,,,,,,,,,,,,,,,,,,,,,,,,,,,,,,,,,,,,,,,,,,,,,,nan,,,,,,,,,,,,,,,
367,2445.7841796875,0.024434402585029602,2.44344025850296,3535.0735309123993,10000,ppo,ppo,crawler,flat,obs_dth_tot_direct,,,,,,,,,,,,,,,0.0017303454180644566,0,781,0.0,0.0,,,,,,,,,,,,,,,,,,,,,,,,,,,,,,,,,,,,,,,,,,,,,,,,,,,,,,,,,,,,,,,,,,,,,,,,,,nan,,,,,,,,,,,,,,,
368,2438.32470703125,0.024356842041015625,2.4356842041015625,3544.620817422867,10000,ppo,ppo,crawler,flat,obs_dth_tot_direct,,,,,,,,,,,,,,,0.000988871514655909,0,781,0.0,0.0,,,,,,,,,,,,,,,,,,,,,,,,,,,,,,,,,,,,,,,,,,,,,,,,,,,,,,,,,,,,,,,,,,,,,,,,,,nan,,,,,,,,,,,,,,,
369,2485.161376953125,0.024826303124427795,2.4826303124427795,3554.2538747787476,10000,ppo,ppo,crawler,flat,obs_dth_tot_direct,,,,,,,,,,,,,,,0.0011989766361147748,0,781,0.0,0.0,,,,,,,,,,,,,,,,,,,,,,,,,,,,,,,,,,,,,,,,,,,,,,,,,,,,,,,,,,,,,,,,,,,,,,,,,,nan,,,,,,,,,,,,,,,
370,2505.126708984375,0.025027917698025703,2.5027917698025703,3564.002146959305,10000,ppo,ppo,crawler,flat,obs_dth_tot_direct,,,,,,,,,,,,,,,0.0020698802893348266,0,781,0.0,0.0,,,,,,,,,,,,,,,,,,,,,,,,,,,,,,,,,,,,,,,,,,,,,,,,,,,,,,,,,,,,,,,,,,,,,,,,,,nan,,,,,,,,,,,,,,,
371,2566.1015625,0.02563428319990635,2.563428319990635,3573.430074453354,10000,ppo,ppo,crawler,flat,obs_dth_tot_direct,,,,,,,,,,,,,,,0.002085497892242339,0,781,0.0,0.0,,,,,,,,,,,,,,,,,,,,,,,,,,,,,,,,,,,,,,,,,,,,,,,,,,,,,,,,,,,,,,,,,,,,,,,,,,nan,,,,,,,,,,,,,,,
372,2428.152099609375,0.024255232885479927,2.4255232885479927,3583.243255138397,10000,ppo,ppo,crawler,flat,obs_dth_tot_direct,,,,,,,,,,,,,,,0.0029327222719203604,0,781,0.0,0.0,,,,,,,,,,,,,,,,,,,,,,,,,,,,,,,,,,,,,,,,,,,,,,,,,,,,,,,,,,,,,,,,,,,,,,,,,,nan,,,,,,,,,,,,,,,
373,2408.398193359375,0.02405671402812004,2.405671402812004,3592.8879301548004,10000,ppo,ppo,crawler,flat,obs_dth_tot_direct,,,,,,,,,,,,,,,0.0031596475066767785,0,781,0.0,0.0,,,,,,,,,,,,,,,,,,,,,,,,,,,,,,,,,,,,,,,,,,,,,,,,,,,,,,,,,,,,,,,,,,,,,,,,,,nan,,,,,,,,,,,,,,,
374,2490.91259765625,0.02488858811557293,2.488858811557293,3602.8424220085144,10000,ppo,ppo,crawler,flat,obs_dth_tot_direct,,,,,,,,,,,,,,,0.0022134677923305937,0,781,0.0,0.0,,,,,,,,,,,,,,,,,,,,,,,,,,,,,,,,,,,,,,,,,,,,,,,,,,,,,,,,,,,,,,,,,,,,,,,,,,nan,,,,,,,,,,,,,,,
375,2597.748779296875,0.025950197130441666,2.5950197130441666,3612.045175552368,10000,ppo,ppo,crawler,flat,obs_dth_tot_direct,,,,,,,,,,,,,,,0.0012998574273811701,0,781,0.0,0.0,,,,,,,,,,,,,,,,,,,,,,,,,,,,,,,,,,,,,,,,,,,,,,,,,,,,,,,,,,,,,,,,,,,,,,,,,,nan,,,,,,,,,,,,,,,
376,2478.28466796875,0.02475462295114994,2.475462295114994,3621.3925771713257,10000,ppo,ppo,crawler,flat,obs_dth_tot_direct,,,,,,,,,,,,,,,0.0009896953032776682,0,781,0.0,0.0,,,,,,,,,,,,,,,,,,,,,,,,,,,,,,,,,,,,,,,,,,,,,,,,,,,,,,,,,,,,,,,,,,,,,,,,,,nan,,,,,,,,,,,,,,,
377,2389.306396484375,0.023865994065999985,2.3865994065999985,3630.819708108902,10000,ppo,ppo,crawler,flat,obs_dth_tot_direct,,,,,,,,,,,,,,,0.0017178227903043148,0,781,0.0,0.0,,,,,,,,,,,,,,,,,,,,,,,,,,,,,,,,,,,,,,,,,,,,,,,,,,,,,,,,,,,,,,,,,,,,,,,,,,nan,,,,,,,,,,,,,,,
378,2602.6572265625,0.02600041776895523,2.600041776895523,3640.381635904312,10000,ppo,ppo,crawler,flat,obs_dth_tot_direct,,,,,,,,,,,,,,,0.0015739417087828765,0,781,0.0,0.0,,,,,,,,,,,,,,,,,,,,,,,,,,,,,,,,,,,,,,,,,,,,,,,,,,,,,,,,,,,,,,,,,,,,,,,,,,nan,,,,,,,,,,,,,,,
379,2631.35791015625,0.026286760345101357,2.6286760345101357,3649.8220784664154,10000,ppo,ppo,crawler,flat,obs_dth_tot_direct,,,,,,,,,,,,,,,0.001853334080633885,0,781,0.0,0.0,,,,,,,,,,,,,,,,,,,,,,,,,,,,,,,,,,,,,,,,,,,,,,,,,,,,,,,,,,,,,,,,,,,,,,,,,,nan,,,,,,,,,,,,,,,
380,2589.654052734375,0.025871412828564644,2.5871412828564644,3659.142591714859,10000,ppo,ppo,crawler,flat,obs_dth_tot_direct,,,,,,,,,,,,,,,0.001370887302904714,0,781,0.0,0.0,,,,,,,,,,,,,,,,,,,,,,,,,,,,,,,,,,,,,,,,,,,,,,,,,,,,,,,,,,,,,,,,,,,,,,,,,,nan,,,,,,,,,,,,,,,
381,2585.128662109375,0.025826118886470795,2.5826118886470795,3668.496841430664,10000,ppo,ppo,crawler,flat,obs_dth_tot_direct,,,,,,,,,,,,,,,0.0011884829676682028,0,781,0.0,0.0,,,,,,,,,,,,,,,,,,,,,,,,,,,,,,,,,,,,,,,,,,,,,,,,,,,,,,,,,,,,,,,,,,,,,,,,,,nan,,,,,,,,,,,,,,,
382,2540.499755859375,0.025380510836839676,2.5380510836839676,3678.3156015872955,10000,ppo,ppo,crawler,flat,obs_dth_tot_direct,,,,,,,,,,,,,,,0.0014411135711265958,0,781,0.0,0.0,,,,,,,,,,,,,,,,,,,,,,,,,,,,,,,,,,,,,,,,,,,,,,,,,,,,,,,,,,,,,,,,,,,,,,,,,,nan,,,,,,,,,,,,,,,
383,2579.633544921875,0.02577008306980133,2.577008306980133,3687.843478679657,10000,ppo,ppo,crawler,flat,obs_dth_tot_direct,,,,,,,,,,,,,,,0.0019180821713899708,0,781,0.0,0.0,,,,,,,,,,,,,,,,,,,,,,,,,,,,,,,,,,,,,,,,,,,,,,,,,,,,,,,,,,,,,,,,,,,,,,,,,,nan,,,,,,,,,,,,,,,
384,2617.620849609375,0.026148751378059387,2.6148751378059387,3697.0524287223816,10000,ppo,ppo,crawler,flat,obs_dth_tot_direct,,,,,,,,,,,,,,,0.0005986816797301288,0,781,0.0,0.0,,,,,,,,,,,,,,,,,,,,,,,,,,,,,,,,,,,,,,,,,,,,,,,,,,,,,,,,,,,,,,,,,,,,,,,,,,nan,,,,,,,,,,,,,,,
385,2545.624755859375,0.025431541725993156,2.5431541725993156,3706.612231731415,10000,ppo,ppo,crawler,flat,obs_dth_tot_direct,,,,,,,,,,,,,,,0.0027090386640781796,0,781,0.0,0.0,,,,,,,,,,,,,,,,,,,,,,,,,,,,,,,,,,,,,,,,,,,,,,,,,,,,,,,,,,,,,,,,,,,,,,,,,,nan,,,,,,,,,,,,,,,
386,2547.455078125,0.025447845458984375,2.5447845458984375,3716.105604171753,10000,ppo,ppo,crawler,flat,obs_dth_tot_direct,,,,,,,,,,,,,,,0.0011877191059266618,0,781,0.0,0.0,,,,,,,,,,,,,,,,,,,,,,,,,,,,,,,,,,,,,,,,,,,,,,,,,,,,,,,,,,,,,,,,,,,,,,,,,,nan,,,,,,,,,,,,,,,
387,2499.58203125,0.024967504665255547,2.4967504665255547,3725.6555364131927,10000,ppo,ppo,crawler,flat,obs_dth_tot_direct,,,,,,,,,,,,,,,0.0021323443119872394,0,781,0.0,0.0,,,,,,,,,,,,,,,,,,,,,,,,,,,,,,,,,,,,,,,,,,,,,,,,,,,,,,,,,,,,,,,,,,,,,,,,,,nan,,,,,,,,,,,,,,,
388,2521.7392578125,0.025190263986587524,2.5190263986587524,3735.504887342453,10000,ppo,ppo,crawler,flat,obs_dth_tot_direct,,,,,,,,,,,,,,,0.0018012298951874419,0,781,0.0,0.0,,,,,,,,,,,,,,,,,,,,,,,,,,,,,,,,,,,,,,,,,,,,,,,,,,,,,,,,,,,,,,,,,,,,,,,,,,nan,,,,,,,,,,,,,,,
389,2609.805908203125,0.026070397347211838,2.6070397347211838,3745.278557538986,10000,ppo,ppo,crawler,flat,obs_dth_tot_direct,,,,,,,,,,,,,,,0.0017663127275941307,0,781,0.0,0.0,,,,,,,,,,,,,,,,,,,,,,,,,,,,,,,,,,,,,,,,,,,,,,,,,,,,,,,,,,,,,,,,,,,,,,,,,,nan,,,,,,,,,,,,,,,
390,2599.22900390625,0.02596282958984375,2.596282958984375,3755.1610350608826,10000,ppo,ppo,crawler,flat,obs_dth_tot_direct,,,,,,,,,,,,,,,0.001190858682006919,0,781,0.0,0.0,,,,,,,,,,,,,,,,,,,,,,,,,,,,,,,,,,,,,,,,,,,,,,,,,,,,,,,,,,,,,,,,,,,,,,,,,,nan,,,,,,,,,,,,,,,
391,2654.66015625,0.026518164202570915,2.6518164202570915,3765.2755632400513,10000,ppo,ppo,crawler,flat,obs_dth_tot_direct,,,,,,,,,,,,,,,0.0020271318201089874,0,781,0.0,0.0,,,,,,,,,,,,,,,,,,,,,,,,,,,,,,,,,,,,,,,,,,,,,,,,,,,,,,,,,,,,,,,,,,,,,,,,,,nan,,,,,,,,,,,,,,,
392,2653.026123046875,0.02650553546845913,2.650553546845913,3775.0425403118134,10000,ppo,ppo,crawler,flat,obs_dth_tot_direct,,,,,,,,,,,,,,,0.0015704358952485207,0,781,0.0,0.0,,,,,,,,,,,,,,,,,,,,,,,,,,,,,,,,,,,,,,,,,,,,,,,,,,,,,,,,,,,,,,,,,,,,,,,,,,nan,,,,,,,,,,,,,,,
393,2712.9609375,0.027101781219244003,2.7101781219244003,3784.6565794944763,10000,ppo,ppo,crawler,flat,obs_dth_tot_direct,,,,,,,,,,,,,,,0.0020427884747015257,0,781,0.0,0.0,,,,,,,,,,,,,,,,,,,,,,,,,,,,,,,,,,,,,,,,,,,,,,,,,,,,,,,,,,,,,,,,,,,,,,,,,,nan,,,,,,,,,,,,,,,
394,2460.377197265625,0.024577153846621513,2.4577153846621513,3794.118362903595,10000,ppo,ppo,crawler,flat,obs_dth_tot_direct,,,,,,,,,,,,,,,0.0019233388300329605,0,781,0.0,0.0,,,,,,,,,,,,,,,,,,,,,,,,,,,,,,,,,,,,,,,,,,,,,,,,,,,,,,,,,,,,,,,,,,,,,,,,,,nan,,,,,,,,,,,,,,,
395,2749.662353515625,0.027465391904115677,2.7465391904115677,3803.7578568458557,10000,ppo,ppo,crawler,flat,obs_dth_tot_direct,,,,,,,,,,,,,,,0.0016411423459263988,0,781,0.0,0.0,,,,,,,,,,,,,,,,,,,,,,,,,,,,,,,,,,,,,,,,,,,,,,,,,,,,,,,,,,,,,,,,,,,,,,,,,,nan,,,,,,,,,,,,,,,
396,2571.5205078125,0.025688061490654945,2.5688061490654945,3813.642170190811,10000,ppo,ppo,crawler,flat,obs_dth_tot_direct,,,,,,,,,,,,,,,0.0009363567797589616,0,781,0.0,0.0,,,,,,,,,,,,,,,,,,,,,,,,,,,,,,,,,,,,,,,,,,,,,,,,,,,,,,,,,,,,,,,,,,,,,,,,,,nan,,,,,,,,,,,,,,,
397,2634.98388671875,0.02631925232708454,2.631925232708454,3823.2687277793884,10000,ppo,ppo,crawler,flat,obs_dth_tot_direct,,,,,,,,,,,,,,,0.0013668768844340734,0,781,0.0,0.0,,,,,,,,,,,,,,,,,,,,,,,,,,,,,,,,,,,,,,,,,,,,,,,,,,,,,,,,,,,,,,,,,,,,,,,,,,nan,,,,,,,,,,,,,,,
398,2597.914306640625,0.02595062181353569,2.595062181353569,3833.1357040405273,10000,ppo,ppo,crawler,flat,obs_dth_tot_direct,,,,,,,,,,,,,,,0.0016331102896857046,0,781,0.0,0.0,,,,,,,,,,,,,,,,,,,,,,,,,,,,,,,,,,,,,,,,,,,,,,,,,,,,,,,,,,,,,,,,,,,,,,,,,,nan,,,,,,,,,,,,,,,
399,2589.441162109375,0.025867730379104614,2.5867730379104614,3842.8900752067566,10000,ppo,ppo,crawler,flat,obs_dth_tot_direct,,,,,,,,,,,,,,,0.0017280908479550795,0,781,0.0,0.0,,,,,,,,,,,,,,,,,,,,,,,,,,,,,,,,,,,,,,,,,,,,,,,,,,,,,,,,,,,,,,,,,,,,,,,,,,nan,,,,,,,,,,,,,,,
400,2549.701904296875,0.025470027700066566,2.5470027700066566,3852.7147483825684,10000,ppo,ppo,crawler,flat,obs_dth_tot_direct,,,,,,,,,,,,,,,0.0014398218921415787,0,781,0.0,0.0,,,,,,,,,,,,,,,,,,,,,,,,,,,,,,,,,,,,,,,,,,,,,,,,,,,,,,,,,,,,,,,,,,,,,,,,,,nan,,,,,,,,,,,,,,,
401,2533.939453125,0.025312194600701332,2.531219460070133,3862.5462737083435,10000,ppo,ppo,crawler,flat,obs_dth_tot_direct,,,,,,,,,,,,,,,0.0028136462934805983,0,781,0.0,0.0,,,,,,,,,,,,,,,,,,,,,,,,,,,,,,,,,,,,,,,,,,,,,,,,,,,,,,,,,,,,,,,,,,,,,,,,,,nan,,,,,,,,,,,,,,,
402,2617.427490234375,0.02614559605717659,2.614559605717659,3872.1647777557373,10000,ppo,ppo,crawler,flat,obs_dth_tot_direct,,,,,,,,,,,,,,,0.0019847871047072945,0,781,0.0,0.0,,,,,,,,,,,,,,,,,,,,,,,,,,,,,,,,,,,,,,,,,,,,,,,,,,,,,,,,,,,,,,,,,,,,,,,,,,nan,,,,,,,,,,,,,,,
403,2605.849609375,0.02603062056005001,2.603062056005001,3882.2093091011047,10000,ppo,ppo,crawler,flat,obs_dth_tot_direct,,,,,,,,,,,,,,,0.0028577997610709726,0,781,0.0,0.0,,,,,,,,,,,,,,,,,,,,,,,,,,,,,,,,,,,,,,,,,,,,,,,,,,,,,,,,,,,,,,,,,,,,,,,,,,nan,,,,,,,,,,,,,,,
404,2518.520263671875,0.02515878900885582,2.515878900885582,3892.2109668254852,10000,ppo,ppo,crawler,flat,obs_dth_tot_direct,,,,,,,,,,,,,,,0.0028646609119134616,0,781,0.0,0.0,,,,,,,,,,,,,,,,,,,,,,,,,,,,,,,,,,,,,,,,,,,,,,,,,,,,,,,,,,,,,,,,,,,,,,,,,,nan,,,,,,,,,,,,,,,
405,2675.90625,0.026733916252851486,2.6733916252851486,3901.9820427894592,10000,ppo,ppo,crawler,flat,obs_dth_tot_direct,,,,,,,,,,,,,,,0.002903030590380633,0,781,0.0,0.0,,,,,,,,,,,,,,,,,,,,,,,,,,,,,,,,,,,,,,,,,,,,,,,,,,,,,,,,,,,,,,,,,,,,,,,,,,nan,,,,,,,,,,,,,,,
406,2606.610595703125,0.026039713993668556,2.6039713993668556,3911.687680721283,10000,ppo,ppo,crawler,flat,obs_dth_tot_direct,,,,,,,,,,,,,,,0.0027528002108728974,0,781,0.0,0.0,,,,,,,,,,,,,,,,,,,,,,,,,,,,,,,,,,,,,,,,,,,,,,,,,,,,,,,,,,,,,,,,,,,,,,,,,,nan,,,,,,,,,,,,,,,
407,2527.7060546875,0.025251973420381546,2.5251973420381546,3921.491321325302,10000,ppo,ppo,crawler,flat,obs_dth_tot_direct,,,,,,,,,,,,,,,0.005248146094932787,0,781,0.0,0.0,,,,,,,,,,,,,,,,,,,,,,,,,,,,,,,,,,,,,,,,,,,,,,,,,,,,,,,,,,,,,,,,,,,,,,,,,,nan,,,,,,,,,,,,,,,
408,2629.445068359375,0.026267485693097115,2.6267485693097115,3931.441487789154,10000,ppo,ppo,crawler,flat,obs_dth_tot_direct,,,,,,,,,,,,,,,0.0032486515696799195,0,781,0.0,0.0,,,,,,,,,,,,,,,,,,,,,,,,,,,,,,,,,,,,,,,,,,,,,,,,,,,,,,,,,,,,,,,,,,,,,,,,,,nan,,,,,,,,,,,,,,,
409,2589.91064453125,0.02587517909705639,2.587517909705639,3941.214690923691,10000,ppo,ppo,crawler,flat,obs_dth_tot_direct,,,,,,,,,,,,,,,0.004789354360978304,0,781,0.0,0.0,,,,,,,,,,,,,,,,,,,,,,,,,,,,,,,,,,,,,,,,,,,,,,,,,,,,,,,,,,,,,,,,,,,,,,,,,,nan,,,,,,,,,,,,,,,
410,2643.409912109375,0.026403753086924553,2.6403753086924553,3950.8566002845764,10000,ppo,ppo,crawler,flat,obs_dth_tot_direct,,,,,,,,,,,,,,,0.022156795272339422,0,781,0.0,0.0,,,,,,,,,,,,,,,,,,,,,,,,,,,,,,,,,,,,,,,,,,,,,,,,,,,,,,,,,,,,,,,,,,,,,,,,,,nan,,,,,,,,,,,,,,,
411,2605.733154296875,0.026033664122223854,2.6033664122223854,3960.7990803718567,10000,ppo,ppo,crawler,flat,obs_dth_tot_direct,,,,,,,,,,,,,,,0.03933152921798563,0,781,0.0,0.0,,,,,,,,,,,,,,,,,,,,,,,,,,,,,,,,,,,,,,,,,,,,,,,,,,,,,,,,,,,,,,,,,,,,,,,,,,nan,,,,,,,,,,,,,,,
412,2431.679931640625,0.024288302287459373,2.4288302287459373,3970.428169488907,10000,ppo,ppo,crawler,flat,obs_dth_tot_direct,,,,,,,,,,,,,,,0.07528131153574309,0,781,0.0,0.0,,,,,,,,,,,,,,,,,,,,,,,,,,,,,,,,,,,,,,,,,,,,,,,,,,,,,,,,,,,,,,,,,,,,,,,,,,nan,,,,,,,,,,,,,,,
413,2557.24169921875,0.025541191920638084,2.5541191920638084,3980.0229477882385,10000,ppo,ppo,crawler,flat,obs_dth_tot_direct,,,,,,,,,,,,,,,0.07784569877215437,0,781,0.0,0.0,,,,,,,,,,,,,,,,,,,,,,,,,,,,,,,,,,,,,,,,,,,,,,,,,,,,,,,,,,,,,,,,,,,,,,,,,,nan,,,,,,,,,,,,,,,
414,2369.625244140625,0.023669958114624023,2.3669958114624023,3989.5185108184814,10000,ppo,ppo,crawler,flat,obs_dth_tot_direct,,,,,,,,,,,,,,,0.09531093519712083,0,781,0.0,0.0,,,,,,,,,,,,,,,,,,,,,,,,,,,,,,,,,,,,,,,,,,,,,,,,,,,,,,,,,,,,,,,,,,,,,,,,,,nan,,,,,,,,,,,,,,,
415,2386.99658203125,0.02384672872722149,2.384672872722149,3999.2928264141083,10000,ppo,ppo,crawler,flat,obs_dth_tot_direct,,,,,,,,,,,,,,,0.10190790963750908,0,781,0.0,0.0,,,,,,,,,,,,,,,,,,,,,,,,,,,,,,,,,,,,,,,,,,,,,,,,,,,,,,,,,,,,,,,,,,,,,,,,,,nan,,,,,,,,,,,,,,,
416,2224.294921875,0.022214962169528008,2.2214962169528008,4009.0409808158875,10000,ppo,ppo,crawler,flat,obs_dth_tot_direct,,,,,,,,,,,,,,,0.11416531529615191,0,781,0.0,0.0,,,,,,,,,,,,,,,,,,,,,,,,,,,,,,,,,,,,,,,,,,,,,,,,,,,,,,,,,,,,,,,,,,,,,,,,,,nan,,,,,,,,,,,,,,,
417,2253.8330078125,0.022515542805194855,2.2515542805194855,4018.5941388607025,10000,ppo,ppo,crawler,flat,obs_dth_tot_direct,,,,,,,,,,,,,,,0.11019887192834081,0,781,0.0,0.0,,,,,,,,,,,,,,,,,,,,,,,,,,,,,,,,,,,,,,,,,,,,,,,,,,,,,,,,,,,,,,,,,,,,,,,,,,nan,,,,,,,,,,,,,,,
418,2262.66455078125,0.02260173298418522,2.260173298418522,4028.4709811210632,10000,ppo,ppo,crawler,flat,obs_dth_tot_direct,,,,,,,,,,,,,,,0.1129654622700272,0,781,0.0,0.0,,,,,,,,,,,,,,,,,,,,,,,,,,,,,,,,,,,,,,,,,,,,,,,,,,,,,,,,,,,,,,,,,,,,,,,,,,nan,,,,,,,,,,,,,,,
419,2134.661376953125,0.021322336047887802,2.13223360478878,4037.6935908794403,10000,ppo,ppo,crawler,flat,obs_dth_tot_direct,,,,,,,,,,,,,,,0.12204157381622674,0,781,0.0,0.0,,,,,,,,,,,,,,,,,,,,,,,,,,,,,,,,,,,,,,,,,,,,,,,,,,,,,,,,,,,,,,,,,,,,,,,,,,nan,,,,,,,,,,,,,,,
420,2203.8330078125,0.022012490779161453,2.2012490779161453,4046.88618350029,10000,ppo,ppo,crawler,flat,obs_dth_tot_direct,,,,,,,,,,,,,,,0.12967812168184822,0,781,0.0,0.0,,,,,,,,,,,,,,,,,,,,,,,,,,,,,,,,,,,,,,,,,,,,,,,,,,,,,,,,,,,,,,,,,,,,,,,,,,nan,,,,,,,,,,,,,,,
421,2160.361328125,0.02157825231552124,2.157825231552124,4056.068046092987,10000,ppo,ppo,crawler,flat,obs_dth_tot_direct,,,,,,,,,,,,,,,0.14544766273680912,0,781,0.0,0.0,,,,,,,,,,,,,,,,,,,,,,,,,,,,,,,,,,,,,,,,,,,,,,,,,,,,,,,,,,,,,,,,,,,,,,,,,,nan,,,,,,,,,,,,,,,
422,1968.5960693359375,0.019666841253638268,1.9666841253638268,4065.279620885849,10000,ppo,ppo,crawler,flat,obs_dth_tot_direct,,,,,,,,,,,,,,,0.1776011276157665,0,781,0.0,0.0,,,,,,,,,,,,,,,,,,,,,,,,,,,,,,,,,,,,,,,,,,,,,,,,,,,,,,,,,,,,,,,,,,,,,,,,,,nan,,,,,,,,,,,,,,,
423,2015.7762451171875,0.020132392644882202,2.01323926448822,4074.4621019363403,10000,ppo,ppo,crawler,flat,obs_dth_tot_direct,,,,,,,,,,,,,,,0.25754892014814307,0,781,0.0,0.0,,,,,,,,,,,,,,,,,,,,,,,,,,,,,,,,,,,,,,,,,,,,,,,,,,,,,,,,,,,,,,,,,,,,,,,,,,nan,,,,,,,,,,,,,,,
424,2194.995361328125,0.021928295493125916,2.1928295493125916,4083.0023908615112,10000,ppo,ppo,crawler,flat,obs_dth_tot_direct,,,,,,,,,,,,,,,0.21664535447984534,0,781,0.0,0.0,,,,,,,,,,,,,,,,,,,,,,,,,,,,,,,,,,,,,,,,,,,,,,,,,,,,,,,,,,,,,,,,,,,,,,,,,,nan,,,,,,,,,,,,,,,
425,2235.663818359375,0.02233169414103031,2.233169414103031,4092.837556362152,10000,ppo,ppo,crawler,flat,obs_dth_tot_direct,,,,,,,,,,,,,,,0.2102036460226992,0,781,0.0,0.0,,,,,,,,,,,,,,,,,,,,,,,,,,,,,,,,,,,,,,,,,,,,,,,,,,,,,,,,,,,,,,,,,,,,,,,,,,nan,,,,,,,,,,,,,,,
426,2280.017333984375,0.02277742326259613,2.277742326259613,4102.5550968647,10000,ppo,ppo,crawler,flat,obs_dth_tot_direct,,,,,,,,,,,,,,,0.20334120826206697,0,781,0.0,0.0,,,,,,,,,,,,,,,,,,,,,,,,,,,,,,,,,,,,,,,,,,,,,,,,,,,,,,,,,,,,,,,,,,,,,,,,,,nan,,,,,,,,,,,,,,,
427,2260.663818359375,0.022585129365324974,2.2585129365324974,4111.490688800812,10000,ppo,ppo,crawler,flat,obs_dth_tot_direct,,,,,,,,,,,,,,,0.2014002570679421,0,781,0.0,0.0,,,,,,,,,,,,,,,,,,,,,,,,,,,,,,,,,,,,,,,,,,,,,,,,,,,,,,,,,,,,,,,,,,,,,,,,,,nan,,,,,,,,,,,,,,,
428,2213.7724609375,0.022117795422673225,2.2117795422673225,4120.662748813629,10000,ppo,ppo,crawler,flat,obs_dth_tot_direct,,,,,,,,,,,,,,,0.20218253438461603,0,781,0.0,0.0,,,,,,,,,,,,,,,,,,,,,,,,,,,,,,,,,,,,,,,,,,,,,,,,,,,,,,,,,,,,,,,,,,,,,,,,,,nan,,,,,,,,,,,,,,,
429,1986.9217529296875,0.019847117364406586,1.9847117364406586,4129.652617692947,10000,ppo,ppo,crawler,flat,obs_dth_tot_direct,,,,,,,,,,,,,,,0.21145297319927497,0,781,0.0,0.0,,,,,,,,,,,,,,,,,,,,,,,,,,,,,,,,,,,,,,,,,,,,,,,,,,,,,,,,,,,,,,,,,,,,,,,,,,nan,,,,,,,,,,,,,,,
430,1967.0621337890625,0.019646838307380676,1.9646838307380676,4139.501675367355,10000,ppo,ppo,crawler,flat,obs_dth_tot_direct,,,,,,,,,,,,,,,0.20692696012690834,0,781,0.0,0.0,,,,,,,,,,,,,,,,,,,,,,,,,,,,,,,,,,,,,,,,,,,,,,,,,,,,,,,,,,,,,,,,,,,,,,,,,,nan,,,,,,,,,,,,,,,
431,1807.658447265625,0.018061285838484764,1.8061285838484764,4148.621655464172,10000,ppo,ppo,crawler,flat,obs_dth_tot_direct,,,,,,,,,,,,,,,0.21284426049358854,0,781,0.0,0.0,,,,,,,,,,,,,,,,,,,,,,,,,,,,,,,,,,,,,,,,,,,,,,,,,,,,,,,,,,,,,,,,,,,,,,,,,,nan,,,,,,,,,,,,,,,
432,1575.293212890625,0.015735263004899025,1.5735263004899025,4157.423065662384,10000,ppo,ppo,crawler,flat,obs_dth_tot_direct,,,,,,,,,,,,,,,0.22156132217898536,0,781,0.0,0.0,,,,,,,,,,,,,,,,,,,,,,,,,,,,,,,,,,,,,,,,,,,,,,,,,,,,,,,,,,,,,,,,,,,,,,,,,,nan,,,,,,,,,,,,,,,
433,1440.83203125,0.014396852813661098,1.4396852813661098,4166.685360908508,10000,ppo,ppo,crawler,flat,obs_dth_tot_direct,,,,,,,,,,,,,,,0.22384789291747728,0,781,0.0,0.0,,,,,,,,,,,,,,,,,,,,,,,,,,,,,,,,,,,,,,,,,,,,,,,,,,,,,,,,,,,,,,,,,,,,,,,,,,nan,,,,,,,,,,,,,,,
434,1449.023681640625,0.014475364238023758,1.4475364238023758,4176.144718170166,10000,ppo,ppo,crawler,flat,obs_dth_tot_direct,,,,,,,,,,,,,,,0.22081433504674686,0,781,0.0,0.0,,,,,,,,,,,,,,,,,,,,,,,,,,,,,,,,,,,,,,,,,,,,,,,,,,,,,,,,,,,,,,,,,,,,,,,,,,nan,,,,,,,,,,,,,,,
435,1242.0657958984375,0.012410151772201061,1.2410151772201061,4185.068403244019,10000,ppo,ppo,crawler,flat,obs_dth_tot_direct,,,,,,,,,,,,,,,0.2295072279991919,0,781,0.0,0.0,,,,,,,,,,,,,,,,,,,,,,,,,,,,,,,,,,,,,,,,,,,,,,,,,,,,,,,,,,,,,,,,,,,,,,,,,,nan,,,,,,,,,,,,,,,
436,1137.4527587890625,0.011360818520188332,1.1360818520188332,4194.515819549561,10000,ppo,ppo,crawler,flat,obs_dth_tot_direct,,,,,,,,,,,,,,,0.23369778229326735,0,781,0.0,0.0,,,,,,,,,,,,,,,,,,,,,,,,,,,,,,,,,,,,,,,,,,,,,,,,,,,,,,,,,,,,,,,,,,,,,,,,,,nan,,,,,,,,,,,,,,,
437,1172.4095458984375,0.01171546708792448,1.171546708792448,4203.92785692215,10000,ppo,ppo,crawler,flat,obs_dth_tot_direct,,,,,,,,,,,,,,,0.22997877278833836,0,781,0.0,0.0,,,,,,,,,,,,,,,,,,,,,,,,,,,,,,,,,,,,,,,,,,,,,,,,,,,,,,,,,,,,,,,,,,,,,,,,,,nan,,,,,,,,,,,,,,,
438,1082.31787109375,0.010809965431690216,1.0809965431690216,4213.189378976822,10000,ppo,ppo,crawler,flat,obs_dth_tot_direct,,,,,,,,,,,,,,,0.23505572733488983,0,781,0.0,0.0,,,,,,,,,,,,,,,,,,,,,,,,,,,,,,,,,,,,,,,,,,,,,,,,,,,,,,,,,,,,,,,,,,,,,,,,,,nan,,,,,,,,,,,,,,,
439,1096.0887451171875,0.01094882283359766,1.094882283359766,4222.247430562973,10000,ppo,ppo,crawler,flat,obs_dth_tot_direct,,,,,,,,,,,,,,,0.2293760792475084,0,781,0.0,0.0,,,,,,,,,,,,,,,,,,,,,,,,,,,,,,,,,,,,,,,,,,,,,,,,,,,,,,,,,,,,,,,,,,,,,,,,,,nan,,,,,,,,,,,,,,,
440,1027.887939453125,0.010269802995026112,1.0269802995026112,4232.459870815277,10000,ppo,ppo,crawler,flat,obs_dth_tot_direct,,,,,,,,,,,,,,,0.2365991588301537,0,781,0.0,0.0,,,,,,,,,,,,,,,,,,,,,,,,,,,,,,,,,,,,,,,,,,,,,,,,,,,,,,,,,,,,,,,,,,,,,,,,,,nan,,,,,,,,,,,,,,,
441,989.197265625,0.00988262053579092,0.988262053579092,4241.844886302948,10000,ppo,ppo,crawler,flat,obs_dth_tot_direct,,,,,,,,,,,,,,,0.23783293095800104,0,781,0.0,0.0,,,,,,,,,,,,,,,,,,,,,,,,,,,,,,,,,,,,,,,,,,,,,,,,,,,,,,,,,,,,,,,,,,,,,,,,,,nan,,,,,,,,,,,,,,,
442,1049.6170654296875,0.010489505715668201,1.0489505715668201,4251.213782310486,10000,ppo,ppo,crawler,flat,obs_dth_tot_direct,,,,,,,,,,,,,,,0.2275535310235497,0,781,0.0,0.0,,,,,,,,,,,,,,,,,,,,,,,,,,,,,,,,,,,,,,,,,,,,,,,,,,,,,,,,,,,,,,,,,,,,,,,,,,nan,,,,,,,,,,,,,,,
443,1061.854248046875,0.010606121271848679,1.0606121271848679,4260.662806272507,10000,ppo,ppo,crawler,flat,obs_dth_tot_direct,,,,,,,,,,,,,,,0.2296114436941932,0,781,0.0,0.0,,,,,,,,,,,,,,,,,,,,,,,,,,,,,,,,,,,,,,,,,,,,,,,,,,,,,,,,,,,,,,,,,,,,,,,,,,nan,,,,,,,,,,,,,,,
444,978.63134765625,0.009774461388587952,0.9774461388587952,4270.013326406479,10000,ppo,ppo,crawler,flat,obs_dth_tot_direct,,,,,,,,,,,,,,,0.23425726893662907,0,781,0.0,0.0,,,,,,,,,,,,,,,,,,,,,,,,,,,,,,,,,,,,,,,,,,,,,,,,,,,,,,,,,,,,,,,,,,,,,,,,,,nan,,,,,,,,,,,,,,,
445,996.20849609375,0.009953183121979237,0.9953183121979237,4279.61902141571,10000,ppo,ppo,crawler,flat,obs_dth_tot_direct,,,,,,,,,,,,,,,0.23410247246288812,0,781,0.0,0.0,,,,,,,,,,,,,,,,,,,,,,,,,,,,,,,,,,,,,,,,,,,,,,,,,,,,,,,,,,,,,,,,,,,,,,,,,,nan,,,,,,,,,,,,,,,
446,1031.412109375,0.010302066802978516,1.0302066802978516,4288.878834486008,10000,ppo,ppo,crawler,flat,obs_dth_tot_direct,,,,,,,,,,,,,,,0.22544924397936458,0,781,0.0,0.0,,,,,,,,,,,,,,,,,,,,,,,,,,,,,,,,,,,,,,,,,,,,,,,,,,,,,,,,,,,,,,,,,,,,,,,,,,nan,,,,,,,,,,,,,,,
447,901.1415405273438,0.009003226645290852,0.9003226645290852,4298.574926137924,10000,ppo,ppo,crawler,flat,obs_dth_tot_direct,,,,,,,,,,,,,,,0.23819038126302858,0,781,0.0,0.0,,,,,,,,,,,,,,,,,,,,,,,,,,,,,,,,,,,,,,,,,,,,,,,,,,,,,,,,,,,,,,,,,,,,,,,,,,nan,,,,,,,,,,,,,,,
448,915.9019775390625,0.00915069691836834,0.915069691836834,4307.981170892715,10000,ppo,ppo,crawler,flat,obs_dth_tot_direct,,,,,,,,,,,,,,,0.22774814777990351,0,781,0.0,0.0,,,,,,,,,,,,,,,,,,,,,,,,,,,,,,,,,,,,,,,,,,,,,,,,,,,,,,,,,,,,,,,,,,,,,,,,,,nan,,,,,,,,,,,,,,,
449,946.8800659179688,0.009460839442908764,0.9460839442908764,4317.37172627449,10000,ppo,ppo,crawler,flat,obs_dth_tot_direct,,,,,,,,,,,,,,,0.2254094938044882,0,781,0.0,0.0,,,,,,,,,,,,,,,,,,,,,,,,,,,,,,,,,,,,,,,,,,,,,,,,,,,,,,,,,,,,,,,,,,,,,,,,,,nan,,,,,,,,,,,,,,,
450,957.1475830078125,0.00956063810735941,0.9560638107359409,4327.362380743027,10000,ppo,ppo,crawler,flat,obs_dth_tot_direct,,,,,,,,,,,,,,,0.2191135447035441,0,781,0.0,0.0,,,,,,,,,,,,,,,,,,,,,,,,,,,,,,,,,,,,,,,,,,,,,,,,,,,,,,,,,,,,,,,,,,,,,,,,,,nan,,,,,,,,,,,,,,,
451,930.4385986328125,0.009293274022638798,0.9293274022638798,4336.60555267334,10000,ppo,ppo,crawler,flat,obs_dth_tot_direct,,,,,,,,,,,,,,,0.2215159476447365,0,781,0.0,0.0,,,,,,,,,,,,,,,,,,,,,,,,,,,,,,,,,,,,,,,,,,,,,,,,,,,,,,,,,,,,,,,,,,,,,,,,,,nan,,,,,,,,,,,,,,,
452,1005.0469970703125,0.0100394356995821,1.00394356995821,4345.9301726818085,10000,ppo,ppo,crawler,flat,obs_dth_tot_direct,,,,,,,,,,,,,,,0.20940948252345817,0,781,0.0,0.0,,,,,,,,,,,,,,,,,,,,,,,,,,,,,,,,,,,,,,,,,,,,,,,,,,,,,,,,,,,,,,,,,,,,,,,,,,nan,,,,,,,,,,,,,,,
453,857.7886962890625,0.008564707823097706,0.8564707823097706,4354.733191013336,10000,ppo,ppo,crawler,flat,obs_dth_tot_direct,,,,,,,,,,,,,,,0.22866138772872674,0,781,0.0,0.0,,,,,,,,,,,,,,,,,,,,,,,,,,,,,,,,,,,,,,,,,,,,,,,,,,,,,,,,,,,,,,,,,,,,,,,,,,nan,,,,,,,,,,,,,,,
454,963.1254272460938,0.009620949625968933,0.9620949625968933,4363.977148771286,10000,ppo,ppo,crawler,flat,obs_dth_tot_direct,,,,,,,,,,,,,,,0.21244317707302032,0,781,0.0,0.0,,,,,,,,,,,,,,,,,,,,,,,,,,,,,,,,,,,,,,,,,,,,,,,,,,,,,,,,,,,,,,,,,,,,,,,,,,nan,,,,,,,,,,,,,,,
455,924.3512573242188,0.009235483594238758,0.9235483594238758,4373.160354137421,10000,ppo,ppo,crawler,flat,obs_dth_tot_direct,,,,,,,,,,,,,,,0.2188710719494563,0,781,0.0,0.0,,,,,,,,,,,,,,,,,,,,,,,,,,,,,,,,,,,,,,,,,,,,,,,,,,,,,,,,,,,,,,,,,,,,,,,,,,nan,,,,,,,,,,,,,,,
456,963.8629760742188,0.00962652824819088,0.962652824819088,4382.256320953369,10000,ppo,ppo,crawler,flat,obs_dth_tot_direct,,,,,,,,,,,,,,,0.20984231374359472,0,781,0.0,0.0,,,,,,,,,,,,,,,,,,,,,,,,,,,,,,,,,,,,,,,,,,,,,,,,,,,,,,,,,,,,,,,,,,,,,,,,,,nan,,,,,,,,,,,,,,,
457,959.5845947265625,0.009585962630808353,0.9585962630808353,4391.54625582695,10000,ppo,ppo,crawler,flat,obs_dth_tot_direct,,,,,,,,,,,,,,,0.212316374839708,0,781,0.0,0.0,,,,,,,,,,,,,,,,,,,,,,,,,,,,,,,,,,,,,,,,,,,,,,,,,,,,,,,,,,,,,,,,,,,,,,,,,,nan,,,,,,,,,,,,,,,
458,944.8566284179688,0.009440870024263859,0.9440870024263859,4400.904393672943,10000,ppo,ppo,crawler,flat,obs_dth_tot_direct,,,,,,,,,,,,,,,0.21391456161444358,0,781,0.0,0.0,,,,,,,,,,,,,,,,,,,,,,,,,,,,,,,,,,,,,,,,,,,,,,,,,,,,,,,,,,,,,,,,,,,,,,,,,,nan,,,,,,,,,,,,,,,
459,937.7699584960938,0.00936724990606308,0.936724990606308,4409.834997653961,10000,ppo,ppo,crawler,flat,obs_dth_tot_direct,,,,,,,,,,,,,,,0.2144064332262918,0,781,0.0,0.0,,,,,,,,,,,,,,,,,,,,,,,,,,,,,,,,,,,,,,,,,,,,,,,,,,,,,,,,,,,,,,,,,,,,,,,,,,nan,,,,,,,,,,,,,,,
460,941.244140625,0.009403875097632408,0.9403875097632408,4418.436344623566,10000,ppo,ppo,crawler,flat,obs_dth_tot_direct,,,,,,,,,,,,,,,0.20806755789612172,0,781,0.0,0.0,,,,,,,,,,,,,,,,,,,,,,,,,,,,,,,,,,,,,,,,,,,,,,,,,,,,,,,,,,,,,,,,,,,,,,,,,,nan,,,,,,,,,,,,,,,
461,888.1998291015625,0.00887148454785347,0.887148454785347,4428.533182621002,10000,ppo,ppo,crawler,flat,obs_dth_tot_direct,,,,,,,,,,,,,,,0.21361387345585398,0,781,0.0,0.0,,,,,,,,,,,,,,,,,,,,,,,,,,,,,,,,,,,,,,,,,,,,,,,,,,,,,,,,,,,,,,,,,,,,,,,,,,nan,,,,,,,,,,,,,,,
462,865.6205444335938,0.008651594631373882,0.8651594631373882,4437.709945201874,10000,ppo,ppo,crawler,flat,obs_dth_tot_direct,,,,,,,,,,,,,,,0.2216179668480718,0,781,0.0,0.0,,,,,,,,,,,,,,,,,,,,,,,,,,,,,,,,,,,,,,,,,,,,,,,,,,,,,,,,,,,,,,,,,,,,,,,,,,nan,,,,,,,,,,,,,,,
463,860.1326293945312,0.008594125509262085,0.8594125509262085,4446.980273485184,10000,ppo,ppo,crawler,flat,obs_dth_tot_direct,,,,,,,,,,,,,,,0.21682337168499485,0,781,0.0,0.0,,,,,,,,,,,,,,,,,,,,,,,,,,,,,,,,,,,,,,,,,,,,,,,,,,,,,,,,,,,,,,,,,,,,,,,,,,nan,,,,,,,,,,,,,,,
464,813.4613647460938,0.008123185485601425,0.8123185485601425,4456.700943946838,10000,ppo,ppo,crawler,flat,obs_dth_tot_direct,,,,,,,,,,,,,,,0.2225393304715221,0,781,0.0,0.0,,,,,,,,,,,,,,,,,,,,,,,,,,,,,,,,,,,,,,,,,,,,,,,,,,,,,,,,,,,,,,,,,,,,,,,,,,nan,,,,,,,,,,,,,,,
465,871.7400512695312,0.008702049031853676,0.8702049031853676,4466.515973806381,10000,ppo,ppo,crawler,flat,obs_dth_tot_direct,,,,,,,,,,,,,,,0.21494696166944652,0,781,0.0,0.0,,,,,,,,,,,,,,,,,,,,,,,,,,,,,,,,,,,,,,,,,,,,,,,,,,,,,,,,,,,,,,,,,,,,,,,,,,nan,,,,,,,,,,,,,,,
466,936.7745361328125,0.009356283582746983,0.9356283582746983,4476.392156839371,10000,ppo,ppo,crawler,flat,obs_dth_tot_direct,,,,,,,,,,,,,,,0.17735035087243142,0,781,0.0,0.0,,,,,,,,,,,,,,,,,,,,,,,,,,,,,,,,,,,,,,,,,,,,,,,,,,,,,,,,,,,,,,,,,,,,,,,,,,nan,,,,,,,,,,,,,,,
467,847.27490234375,0.008466390892863274,0.8466390892863274,4485.882872104645,10000,ppo,ppo,crawler,flat,obs_dth_tot_direct,,,,,,,,,,,,,,,0.21260722224128767,0,781,0.0,0.0,,,,,,,,,,,,,,,,,,,,,,,,,,,,,,,,,,,,,,,,,,,,,,,,,,,,,,,,,,,,,,,,,,,,,,,,,,nan,,,,,,,,,,,,,,,
468,845.3605346679688,0.008444895967841148,0.8444895967841148,4495.391734361649,10000,ppo,ppo,crawler,flat,obs_dth_tot_direct,,,,,,,,,,,,,,,0.2047878338436975,0,781,0.0,0.0,,,,,,,,,,,,,,,,,,,,,,,,,,,,,,,,,,,,,,,,,,,,,,,,,,,,,,,,,,,,,,,,,,,,,,,,,,nan,,,,,,,,,,,,,,,
469,824.7633056640625,0.00824046041816473,0.824046041816473,4505.183417081833,10000,ppo,ppo,crawler,flat,obs_dth_tot_direct,,,,,,,,,,,,,,,0.2096424487453207,0,781,0.0,0.0,,,,,,,,,,,,,,,,,,,,,,,,,,,,,,,,,,,,,,,,,,,,,,,,,,,,,,,,,,,,,,,,,,,,,,,,,,nan,,,,,,,,,,,,,,,
470,794.9390869140625,0.007942127995193005,0.7942127995193005,4514.732342004776,10000,ppo,ppo,crawler,flat,obs_dth_tot_direct,,,,,,,,,,,,,,,0.21613714425072364,0,781,0.0,0.0,,,,,,,,,,,,,,,,,,,,,,,,,,,,,,,,,,,,,,,,,,,,,,,,,,,,,,,,,,,,,,,,,,,,,,,,,,nan,,,,,,,,,,,,,,,
471,834.9921875,0.008342312648892403,0.8342312648892403,4524.33315038681,10000,ppo,ppo,crawler,flat,obs_dth_tot_direct,,,,,,,,,,,,,,,0.21047346553404028,0,781,0.0,0.0,,,,,,,,,,,,,,,,,,,,,,,,,,,,,,,,,,,,,,,,,,,,,,,,,,,,,,,,,,,,,,,,,,,,,,,,,,nan,,,,,,,,,,,,,,,
472,862.2156372070312,0.008612769655883312,0.8612769655883312,4534.095514059067,10000,ppo,ppo,crawler,flat,obs_dth_tot_direct,,,,,,,,,,,,,,,0.186774405783073,0,781,0.0,0.0,,,,,,,,,,,,,,,,,,,,,,,,,,,,,,,,,,,,,,,,,,,,,,,,,,,,,,,,,,,,,,,,,,,,,,,,,,nan,,,,,,,,,,,,,,,
473,757.2356567382812,0.00756715377792716,0.756715377792716,4543.632989406586,10000,ppo,ppo,crawler,flat,obs_dth_tot_direct,,,,,,,,,,,,,,,0.22092902034015197,0,781,0.0,0.0,,,,,,,,,,,,,,,,,,,,,,,,,,,,,,,,,,,,,,,,,,,,,,,,,,,,,,,,,,,,,,,,,,,,,,,,,,nan,,,,,,,,,,,,,,,
474,800.395751953125,0.007996303029358387,0.7996303029358387,4553.648298501968,10000,ppo,ppo,crawler,flat,obs_dth_tot_direct,,,,,,,,,,,,,,,0.20638404137338437,0,781,0.0,0.0,,,,,,,,,,,,,,,,,,,,,,,,,,,,,,,,,,,,,,,,,,,,,,,,,,,,,,,,,,,,,,,,,,,,,,,,,,nan,,,,,,,,,,,,,,,
475,779.5003662109375,0.007789733819663525,0.7789733819663525,4563.419448137283,10000,ppo,ppo,crawler,flat,obs_dth_tot_direct,,,,,,,,,,,,,,,0.20529853761787417,0,781,0.0,0.0,,,,,,,,,,,,,,,,,,,,,,,,,,,,,,,,,,,,,,,,,,,,,,,,,,,,,,,,,,,,,,,,,,,,,,,,,,nan,,,,,,,,,,,,,,,
476,808.9985961914062,0.008085191249847412,0.8085191249847412,4573.094895362854,10000,ppo,ppo,crawler,flat,obs_dth_tot_direct,,,,,,,,,,,,,,,0.18622425750025068,0,781,0.0,0.0,,,,,,,,,,,,,,,,,,,,,,,,,,,,,,,,,,,,,,,,,,,,,,,,,,,,,,,,,,,,,,,,,,,,,,,,,,nan,,,,,,,,,,,,,,,
477,756.7667236328125,0.0075583127327263355,0.7558312732726336,4582.488045215607,10000,ppo,ppo,crawler,flat,obs_dth_tot_direct,,,,,,,,,,,,,,,0.21300432677812267,0,781,0.0,0.0,,,,,,,,,,,,,,,,,,,,,,,,,,,,,,,,,,,,,,,,,,,,,,,,,,,,,,,,,,,,,,,,,,,,,,,,,,nan,,,,,,,,,,,,,,,
478,784.73486328125,0.007837691344320774,0.7837691344320774,4591.645188808441,10000,ppo,ppo,crawler,flat,obs_dth_tot_direct,,,,,,,,,,,,,,,0.1864416834793495,0,781,0.0,0.0,,,,,,,,,,,,,,,,,,,,,,,,,,,,,,,,,,,,,,,,,,,,,,,,,,,,,,,,,,,,,,,,,,,,,,,,,,nan,,,,,,,,,,,,,,,
479,792.2941284179688,0.007916447706520557,0.7916447706520557,4601.292704582214,10000,ppo,ppo,crawler,flat,obs_dth_tot_direct,,,,,,,,,,,,,,,0.18519325535751044,0,781,0.0,0.0,,,,,,,,,,,,,,,,,,,,,,,,,,,,,,,,,,,,,,,,,,,,,,,,,,,,,,,,,,,,,,,,,,,,,,,,,,nan,,,,,,,,,,,,,,,
480,809.4225463867188,0.008085143752396107,0.8085143752396107,4610.302218914032,10000,ppo,ppo,crawler,flat,obs_dth_tot_direct,,,,,,,,,,,,,,,0.1750684774618067,0,781,0.0,0.0,,,,,,,,,,,,,,,,,,,,,,,,,,,,,,,,,,,,,,,,,,,,,,,,,,,,,,,,,,,,,,,,,,,,,,,,,,nan,,,,,,,,,,,,,,,
481,836.5153198242188,0.008356450125575066,0.8356450125575066,4619.727796316147,10000,ppo,ppo,crawler,flat,obs_dth_tot_direct,,,,,,,,,,,,,,,0.12122399008669708,0,781,0.0,0.0,,,,,,,,,,,,,,,,,,,,,,,,,,,,,,,,,,,,,,,,,,,,,,,,,,,,,,,,,,,,,,,,,,,,,,,,,,nan,,,,,,,,,,,,,,,
482,788.7951049804688,0.007879069074988365,0.7879069074988365,4629.2175669670105,10000,ppo,ppo,crawler,flat,obs_dth_tot_direct,,,,,,,,,,,,,,,0.1858422626677806,0,781,0.0,0.0,,,,,,,,,,,,,,,,,,,,,,,,,,,,,,,,,,,,,,,,,,,,,,,,,,,,,,,,,,,,,,,,,,,,,,,,,,nan,,,,,,,,,,,,,,,
483,789.2122192382812,0.00788364838808775,0.788364838808775,4638.8764498233795,10000,ppo,ppo,crawler,flat,obs_dth_tot_direct,,,,,,,,,,,,,,,0.1806089571263807,0,781,0.0,0.0,,,,,,,,,,,,,,,,,,,,,,,,,,,,,,,,,,,,,,,,,,,,,,,,,,,,,,,,,,,,,,,,,,,,,,,,,,nan,,,,,,,,,,,,,,,
484,759.7092895507812,0.007587719708681107,0.7587719708681107,4648.534295320511,10000,ppo,ppo,crawler,flat,obs_dth_tot_direct,,,,,,,,,,,,,,,0.18916251149686114,0,781,0.0,0.0,,,,,,,,,,,,,,,,,,,,,,,,,,,,,,,,,,,,,,,,,,,,,,,,,,,,,,,,,,,,,,,,,,,,,,,,,,nan,,,,,,,,,,,,,,,
485,790.4971313476562,0.007896043360233307,0.7896043360233307,4657.914251089096,10000,ppo,ppo,crawler,flat,obs_dth_tot_direct,,,,,,,,,,,,,,,0.1235932593099581,0,781,0.0,0.0,,,,,,,,,,,,,,,,,,,,,,,,,,,,,,,,,,,,,,,,,,,,,,,,,,,,,,,,,,,,,,,,,,,,,,,,,,nan,,,,,,,,,,,,,,,
486,741.8510131835938,0.007413296494632959,0.7413296494632959,4667.299176931381,10000,ppo,ppo,crawler,flat,obs_dth_tot_direct,,,,,,,,,,,,,,,0.19117341761619047,0,781,0.0,0.0,,,,,,,,,,,,,,,,,,,,,,,,,,,,,,,,,,,,,,,,,,,,,,,,,,,,,,,,,,,,,,,,,,,,,,,,,,nan,,,,,,,,,,,,,,,
487,732.5194091796875,0.007320467382669449,0.7320467382669449,4676.5766224861145,10000,ppo,ppo,crawler,flat,obs_dth_tot_direct,,,,,,,,,,,,,,,0.19710117049846662,0,781,0.0,0.0,,,,,,,,,,,,,,,,,,,,,,,,,,,,,,,,,,,,,,,,,,,,,,,,,,,,,,,,,,,,,,,,,,,,,,,,,,nan,,,,,,,,,,,,,,,
488,714.2192993164062,0.00713722500950098,0.713722500950098,4686.086272716522,10000,ppo,ppo,crawler,flat,obs_dth_tot_direct,,,,,,,,,,,,,,,0.20024579739494977,0,781,0.0,0.0,,,,,,,,,,,,,,,,,,,,,,,,,,,,,,,,,,,,,,,,,,,,,,,,,,,,,,,,,,,,,,,,,,,,,,,,,,nan,,,,,,,,,,,,,,,
489,757.8688354492188,0.007573598064482212,0.7573598064482212,4695.968391656876,10000,ppo,ppo,crawler,flat,obs_dth_tot_direct,,,,,,,,,,,,,,,0.16757441380733243,0,781,0.0,0.0,,,,,,,,,,,,,,,,,,,,,,,,,,,,,,,,,,,,,,,,,,,,,,,,,,,,,,,,,,,,,,,,,,,,,,,,,,nan,,,,,,,,,,,,,,,
490,746.23046875,0.0074570938013494015,0.7457093801349401,4705.884796619415,10000,ppo,ppo,crawler,flat,obs_dth_tot_direct,,,,,,,,,,,,,,,0.15347350750122368,0,781,0.0,0.0,,,,,,,,,,,,,,,,,,,,,,,,,,,,,,,,,,,,,,,,,,,,,,,,,,,,,,,,,,,,,,,,,,,,,,,,,,nan,,,,,,,,,,,,,,,
491,744.6243896484375,0.00744157750159502,0.744157750159502,4715.746843099594,10000,ppo,ppo,crawler,flat,obs_dth_tot_direct,,,,,,,,,,,,,,,0.1587753721702383,0,781,0.0,0.0,,,,,,,,,,,,,,,,,,,,,,,,,,,,,,,,,,,,,,,,,,,,,,,,,,,,,,,,,,,,,,,,,,,,,,,,,,nan,,,,,,,,,,,,,,,
492,716.43408203125,0.007158512715250254,0.7158512715250254,4725.482736110687,10000,ppo,ppo,crawler,flat,obs_dth_tot_direct,,,,,,,,,,,,,,,0.1878425446280073,0,781,0.0,0.0,,,,,,,,,,,,,,,,,,,,,,,,,,,,,,,,,,,,,,,,,,,,,,,,,,,,,,,,,,,,,,,,,,,,,,,,,,nan,,,,,,,,,,,,,,,
493,767.615234375,0.0076683927327394485,0.7668392732739449,4735.47656416893,10000,ppo,ppo,crawler,flat,obs_dth_tot_direct,,,,,,,,,,,,,,,0.07840691286374107,0,781,0.0,0.0,,,,,,,,,,,,,,,,,,,,,,,,,,,,,,,,,,,,,,,,,,,,,,,,,,,,,,,,,,,,,,,,,,,,,,,,,,nan,,,,,,,,,,,,,,,
494,796.2465209960938,0.007952827028930187,0.7952827028930187,4744.957315206528,10000,ppo,ppo,crawler,flat,obs_dth_tot_direct,,,,,,,,,,,,,,,0.017593222016482953,0,781,0.0,0.0,,,,,,,,,,,,,,,,,,,,,,,,,,,,,,,,,,,,,,,,,,,,,,,,,,,,,,,,,,,,,,,,,,,,,,,,,,nan,,,,,,,,,,,,,,,
495,739.4286499023438,0.007387876510620117,0.7387876510620117,4754.9894387722015,10000,ppo,ppo,crawler,flat,obs_dth_tot_direct,,,,,,,,,,,,,,,0.11176193434228657,0,781,0.0,0.0,,,,,,,,,,,,,,,,,,,,,,,,,,,,,,,,,,,,,,,,,,,,,,,,,,,,,,,,,,,,,,,,,,,,,,,,,,nan,,,,,,,,,,,,,,,
496,763.8729858398438,0.007632269058376551,0.7632269058376551,4764.982759237289,10000,ppo,ppo,crawler,flat,obs_dth_tot_direct,,,,,,,,,,,,,,,0.05724088600901162,0,781,0.0,0.0,,,,,,,,,,,,,,,,,,,,,,,,,,,,,,,,,,,,,,,,,,,,,,,,,,,,,,,,,,,,,,,,,,,,,,,,,,nan,,,,,,,,,,,,,,,
497,817.5374145507812,0.008168632164597511,0.8168632164597511,4774.982043027878,10000,ppo,ppo,crawler,flat,obs_dth_tot_direct,,,,,,,,,,,,,,,-0.03814562090279632,0,781,0.0,0.0,,,,,,,,,,,,,,,,,,,,,,,,,,,,,,,,,,,,,,,,,,,,,,,,,,,,,,,,,,,,,,,,,,,,,,,,,,nan,,,,,,,,,,,,,,,
498,684.9308471679688,0.006843267008662224,0.6843267008662224,4784.9195058345795,10000,ppo,ppo,crawler,flat,obs_dth_tot_direct,,,,,,,,,,,,,,,0.17596902673388318,0,781,0.0,0.0,,,,,,,,,,,,,,,,,,,,,,,,,,,,,,,,,,,,,,,,,,,,,,,,,,,,,,,,,,,,,,,,,,,,,,,,,,nan,,,,,,,,,,,,,,,
499,652.9078979492188,0.006524215452373028,0.6524215452373028,4795.033235311508,10000,ppo,ppo,crawler,flat,obs_dth_tot_direct,,,,,,,,,,,,,,,0.19282454684276548,0,781,0.0,0.0,,,,,,,,,,,,,,,,,,,,,,,,,,,,,,,,,,,,,,,,,,,,,,,,,,,,,,,,,,,,,,,,,,,,,,,,,,nan,,,,,,,,,,,,,,,
500,703.521240234375,0.0070272283628582954,0.7027228362858295,4805.7828505039215,10000,ppo,ppo,crawler,flat,obs_dth_tot_direct,,,,,,,,,,,,,,,0.12150076834920784,0,781,0.0,0.0,,,,,,,,,,,,,,,,,,,,,,,,,,,,,,,,,,,,,,,,,,,,,,,,,,,,,,,,,,,,,,,,,,,,,,,,,,nan,,,,,,,,,,,,,,,
501,748.9821166992188,0.007481458131223917,0.7481458131223917,4815.807071208954,10000,ppo,ppo,crawler,flat,obs_dth_tot_direct,,,,,,,,,,,,,,,0.07357583417847129,0,781,0.0,0.0,,,,,,,,,,,,,,,,,,,,,,,,,,,,,,,,,,,,,,,,,,,,,,,,,,,,,,,,,,,,,,,,,,,,,,,,,,nan,,,,,,,,,,,,,,,
502,713.1770629882812,0.007123739458620548,0.7123739458620548,4825.568202972412,10000,ppo,ppo,crawler,flat,obs_dth_tot_direct,,,,,,,,,,,,,,,0.12082022908822665,0,781,0.0,0.0,,,,,,,,,,,,,,,,,,,,,,,,,,,,,,,,,,,,,,,,,,,,,,,,,,,,,,,,,,,,,,,,,,,,,,,,,,nan,,,,,,,,,,,,,,,
503,700.63330078125,0.007000886369496584,0.7000886369496584,4835.636738777161,10000,ppo,ppo,crawler,flat,obs_dth_tot_direct,,,,,,,,,,,,,,,0.14659713771083618,0,781,0.0,0.0,,,,,,,,,,,,,,,,,,,,,,,,,,,,,,,,,,,,,,,,,,,,,,,,,,,,,,,,,,,,,,,,,,,,,,,,,,nan,,,,,,,,,,,,,,,
504,728.5188598632812,0.007277239579707384,0.7277239579707384,4845.049654960632,10000,ppo,ppo,crawler,flat,obs_dth_tot_direct,,,,,,,,,,,,,,,0.10591222386605116,0,781,0.0,0.0,,,,,,,,,,,,,,,,,,,,,,,,,,,,,,,,,,,,,,,,,,,,,,,,,,,,,,,,,,,,,,,,,,,,,,,,,,nan,,,,,,,,,,,,,,,
505,718.7815551757812,0.007182256784290075,0.7182256784290075,4854.601163625717,10000,ppo,ppo,crawler,flat,obs_dth_tot_direct,,,,,,,,,,,,,,,0.09537261028668773,0,781,0.0,0.0,,,,,,,,,,,,,,,,,,,,,,,,,,,,,,,,,,,,,,,,,,,,,,,,,,,,,,,,,,,,,,,,,,,,,,,,,,nan,,,,,,,,,,,,,,,
506,711.5660400390625,0.007108660880476236,0.7108660880476236,4864.405952215195,10000,ppo,ppo,crawler,flat,obs_dth_tot_direct,,,,,,,,,,,,,,,0.11345736620920589,0,781,0.0,0.0,,,,,,,,,,,,,,,,,,,,,,,,,,,,,,,,,,,,,,,,,,,,,,,,,,,,,,,,,,,,,,,,,,,,,,,,,,nan,,,,,,,,,,,,,,,
507,687.4796752929688,0.006867988966405392,0.6867988966405392,4873.834833621979,10000,ppo,ppo,crawler,flat,obs_dth_tot_direct,,,,,,,,,,,,,,,0.07031605759898359,0,781,0.0,0.0,,,,,,,,,,,,,,,,,,,,,,,,,,,,,,,,,,,,,,,,,,,,,,,,,,,,,,,,,,,,,,,,,,,,,,,,,,nan,,,,,,,,,,,,,,,
508,613.05810546875,0.006122359074652195,0.6122359074652195,4883.71099281311,10000,ppo,ppo,crawler,flat,obs_dth_tot_direct,,,,,,,,,,,,,,,0.20228727823074147,0,781,0.0,0.0,,,,,,,,,,,,,,,,,,,,,,,,,,,,,,,,,,,,,,,,,,,,,,,,,,,,,,,,,,,,,,,,,,,,,,,,,,nan,,,,,,,,,,,,,,,
509,658.7307739257812,0.006583038251847029,0.6583038251847029,4893.410645484924,10000,ppo,ppo,crawler,flat,obs_dth_tot_direct,,,,,,,,,,,,,,,0.15945330414101666,0,781,0.0,0.0,,,,,,,,,,,,,,,,,,,,,,,,,,,,,,,,,,,,,,,,,,,,,,,,,,,,,,,,,,,,,,,,,,,,,,,,,,nan,,,,,,,,,,,,,,,
510,698.051025390625,0.0069768596440553665,0.6976859644055367,4903.076308488846,10000,ppo,ppo,crawler,flat,obs_dth_tot_direct,,,,,,,,,,,,,,,0.06199115137115348,0,781,0.0,0.0,,,,,,,,,,,,,,,,,,,,,,,,,,,,,,,,,,,,,,,,,,,,,,,,,,,,,,,,,,,,,,,,,,,,,,,,,,nan,,,,,,,,,,,,,,,
511,669.0361328125,0.00668842438608408,0.668842438608408,4912.744427204132,10000,ppo,ppo,crawler,flat,obs_dth_tot_direct,,,,,,,,,,,,,,,0.09805787601360817,0,781,0.0,0.0,,,,,,,,,,,,,,,,,,,,,,,,,,,,,,,,,,,,,,,,,,,,,,,,,,,,,,,,,,,,,,,,,,,,,,,,,,nan,,,,,,,,,,,,,,,
512,741.0169067382812,0.0074019054882228374,0.7401905488222837,4922.402407646179,10000,ppo,ppo,crawler,flat,obs_dth_tot_direct,,,,,,,,,,,,,,,-0.01080604009135005,0,781,0.0,0.0,,,,,,,,,,,,,,,,,,,,,,,,,,,,,,,,,,,,,,,,,,,,,,,,,,,,,,,,,,,,,,,,,,,,,,,,,,nan,,,,,,,,,,,,,,,
513,677.4786376953125,0.006770421285182238,0.6770421285182238,4932.298795461655,10000,ppo,ppo,crawler,flat,obs_dth_tot_direct,,,,,,,,,,,,,,,0.10254802005532437,0,781,0.0,0.0,,,,,,,,,,,,,,,,,,,,,,,,,,,,,,,,,,,,,,,,,,,,,,,,,,,,,,,,,,,,,,,,,,,,,,,,,,nan,,,,,,,,,,,,,,,
514,697.205810546875,0.006965647917240858,0.6965647917240858,4942.178559303284,10000,ppo,ppo,crawler,flat,obs_dth_tot_direct,,,,,,,,,,,,,,,0.011224953895593486,0,781,0.0,0.0,,,,,,,,,,,,,,,,,,,,,,,,,,,,,,,,,,,,,,,,,,,,,,,,,,,,,,,,,,,,,,,,,,,,,,,,,,nan,,,,,,,,,,,,,,,
515,663.2691040039062,0.006625412032008171,0.6625412032008171,4951.70854306221,10000,ppo,ppo,crawler,flat,obs_dth_tot_direct,,,,,,,,,,,,,,,0.0765624606726833,0,781,0.0,0.0,,,,,,,,,,,,,,,,,,,,,,,,,,,,,,,,,,,,,,,,,,,,,,,,,,,,,,,,,,,,,,,,,,,,,,,,,,nan,,,,,,,,,,,,,,,
516,682.224853515625,0.006815064698457718,0.6815064698457718,4961.508822441101,10000,ppo,ppo,crawler,flat,obs_dth_tot_direct,,,,,,,,,,,,,,,0.0515907791426549,0,781,0.0,0.0,,,,,,,,,,,,,,,,,,,,,,,,,,,,,,,,,,,,,,,,,,,,,,,,,,,,,,,,,,,,,,,,,,,,,,,,,,nan,,,,,,,,,,,,,,,
517,689.6402587890625,0.006887821946293116,0.6887821946293116,4971.131317853928,10000,ppo,ppo,crawler,flat,obs_dth_tot_direct,,,,,,,,,,,,,,,0.04124168914356108,0,781,0.0,0.0,,,,,,,,,,,,,,,,,,,,,,,,,,,,,,,,,,,,,,,,,,,,,,,,,,,,,,,,,,,,,,,,,,,,,,,,,,nan,,,,,,,,,,,,,,,
518,712.2408447265625,0.007116138935089111,0.7116138935089111,4980.618966817856,10000,ppo,ppo,crawler,flat,obs_dth_tot_direct,,,,,,,,,,,,,,,0.017095290499996904,0,781,0.0,0.0,,,,,,,,,,,,,,,,,,,,,,,,,,,,,,,,,,,,,,,,,,,,,,,,,,,,,,,,,,,,,,,,,,,,,,,,,,nan,,,,,,,,,,,,,,,
519,774.9091796875,0.007742435205727816,0.7742435205727816,4990.204407215118,10000,ppo,ppo,crawler,flat,obs_dth_tot_direct,,,,,,,,,,,,,,,-0.06088573817895885,0,781,0.0,0.0,,,,,,,,,,,,,,,,,,,,,,,,,,,,,,,,,,,,,,,,,,,,,,,,,,,,,,,,,,,,,,,,,,,,,,,,,,nan,,,,,,,,,,,,,,,
520,677.7653198242188,0.006771594285964966,0.6771594285964966,4999.822780370712,10000,ppo,ppo,crawler,flat,obs_dth_tot_direct,,,,,,,,,,,,,,,0.08130862923010632,0,781,0.0,0.0,,,,,,,,,,,,,,,,,,,,,,,,,,,,,,,,,,,,,,,,,,,,,,,,,,,,,,,,,,,,,,,,,,,,,,,,,,nan,,,,,,,,,,,,,,,
521,705.1124267578125,0.007045208476483822,0.7045208476483822,5009.638767004013,10000,ppo,ppo,crawler,flat,obs_dth_tot_direct,,,,,,,,,,,,,,,0.02879759222684002,0,781,0.0,0.0,,,,,,,,,,,,,,,,,,,,,,,,,,,,,,,,,,,,,,,,,,,,,,,,,,,,,,,,,,,,,,,,,,,,,,,,,,nan,,,,,,,,,,,,,,,
522,683.6843872070312,0.00682850182056427,0.682850182056427,5018.940725564957,10000,ppo,ppo,crawler,flat,obs_dth_tot_direct,,,,,,,,,,,,,,,0.07172363003092506,0,781,0.0,0.0,,,,,,,,,,,,,,,,,,,,,,,,,,,,,,,,,,,,,,,,,,,,,,,,,,,,,,,,,,,,,,,,,,,,,,,,,,nan,,,,,,,,,,,,,,,
523,625.9794921875,0.006254250183701515,0.6254250183701515,5028.554438829422,10000,ppo,ppo,crawler,flat,obs_dth_tot_direct,,,,,,,,,,,,,,,0.12689081598563648,0,781,0.0,0.0,,,,,,,,,,,,,,,,,,,,,,,,,,,,,,,,,,,,,,,,,,,,,,,,,,,,,,,,,,,,,,,,,,,,,,,,,,nan,,,,,,,,,,,,,,,
524,754.9547729492188,0.007543760351836681,0.7543760351836681,5038.184597730637,10000,ppo,ppo,crawler,flat,obs_dth_tot_direct,,,,,,,,,,,,,,,-0.07120256847832393,0,781,0.0,0.0,,,,,,,,,,,,,,,,,,,,,,,,,,,,,,,,,,,,,,,,,,,,,,,,,,,,,,,,,,,,,,,,,,,,,,,,,,nan,,,,,,,,,,,,,,,
525,598.3430786132812,0.005978220608085394,0.5978220608085394,5047.6417446136475,10000,ppo,ppo,crawler,flat,obs_dth_tot_direct,,,,,,,,,,,,,,,0.17981549976659464,0,781,0.0,0.0,,,,,,,,,,,,,,,,,,,,,,,,,,,,,,,,,,,,,,,,,,,,,,,,,,,,,,,,,,,,,,,,,,,,,,,,,,nan,,,,,,,,,,,,,,,
526,629.0771484375,0.006287312135100365,0.6287312135100365,5057.489555358887,10000,ppo,ppo,crawler,flat,obs_dth_tot_direct,,,,,,,,,,,,,,,0.11632970096656717,0,781,0.0,0.0,,,,,,,,,,,,,,,,,,,,,,,,,,,,,,,,,,,,,,,,,,,,,,,,,,,,,,,,,,,,,,,,,,,,,,,,,,nan,,,,,,,,,,,,,,,
527,620.7032470703125,0.006200821604579687,0.6200821604579687,5066.916781902313,10000,ppo,ppo,crawler,flat,obs_dth_tot_direct,,,,,,,,,,,,,,,0.13245879493626347,0,781,0.0,0.0,,,,,,,,,,,,,,,,,,,,,,,,,,,,,,,,,,,,,,,,,,,,,,,,,,,,,,,,,,,,,,,,,,,,,,,,,,nan,,,,,,,,,,,,,,,
528,551.02392578125,0.005503728054463863,0.5503728054463863,5076.342582702637,10000,ppo,ppo,crawler,flat,obs_dth_tot_direct,,,,,,,,,,,,,,,0.20790342350947294,0,781,0.0,0.0,,,,,,,,,,,,,,,,,,,,,,,,,,,,,,,,,,,,,,,,,,,,,,,,,,,,,,,,,,,,,,,,,,,,,,,,,,nan,,,,,,,,,,,,,,,
529,660.1903686523438,0.006594231352210045,0.6594231352210045,5085.738567829132,10000,ppo,ppo,crawler,flat,obs_dth_tot_direct,,,,,,,,,,,,,,,0.014535123018930453,0,781,0.0,0.0,,,,,,,,,,,,,,,,,,,,,,,,,,,,,,,,,,,,,,,,,,,,,,,,,,,,,,,,,,,,,,,,,,,,,,,,,,nan,,,,,,,,,,,,,,,
530,583.0919799804688,0.005825217347592115,0.5825217347592115,5095.483254432678,10000,ppo,ppo,crawler,flat,obs_dth_tot_direct,,,,,,,,,,,,,,,0.13026368743921873,0,781,0.0,0.0,,,,,,,,,,,,,,,,,,,,,,,,,,,,,,,,,,,,,,,,,,,,,,,,,,,,,,,,,,,,,,,,,,,,,,,,,,nan,,,,,,,,,,,,,,,
531,547.3056640625,0.005469539202749729,0.5469539202749729,5105.313044786453,10000,ppo,ppo,crawler,flat,obs_dth_tot_direct,,,,,,,,,,,,,,,0.1874737142688516,0,781,0.0,0.0,,,,,,,,,,,,,,,,,,,,,,,,,,,,,,,,,,,,,,,,,,,,,,,,,,,,,,,,,,,,,,,,,,,,,,,,,,nan,,,,,,,,,,,,,,,
532,598.74365234375,0.005981200374662876,0.5981200374662876,5114.427884340286,10000,ppo,ppo,crawler,flat,obs_dth_tot_direct,,,,,,,,,,,,,,,0.12253190007979493,0,781,0.0,0.0,,,,,,,,,,,,,,,,,,,,,,,,,,,,,,,,,,,,,,,,,,,,,,,,,,,,,,,,,,,,,,,,,,,,,,,,,,nan,,,,,,,,,,,,,,,
533,582.3836059570312,0.005818622652441263,0.5818622652441263,5124.1076736450195,10000,ppo,ppo,crawler,flat,obs_dth_tot_direct,,,,,,,,,,,,,,,0.15272325873794915,0,781,0.0,0.0,,,,,,,,,,,,,,,,,,,,,,,,,,,,,,,,,,,,,,,,,,,,,,,,,,,,,,,,,,,,,,,,,,,,,,,,,,nan,,,,,,,,,,,,,,,
534,551.6657104492188,0.005510841030627489,0.5510841030627489,5133.710907459259,10000,ppo,ppo,crawler,flat,obs_dth_tot_direct,,,,,,,,,,,,,,,0.18550791405782308,0,781,0.0,0.0,,,,,,,,,,,,,,,,,,,,,,,,,,,,,,,,,,,,,,,,,,,,,,,,,,,,,,,,,,,,,,,,,,,,,,,,,,nan,,,,,,,,,,,,,,,
535,479.8734436035156,0.004791625775396824,0.4791625775396824,5143.090495824814,10000,ppo,ppo,crawler,flat,obs_dth_tot_direct,,,,,,,,,,,,,,,0.21039861155651576,0,781,0.0,0.0,,,,,,,,,,,,,,,,,,,,,,,,,,,,,,,,,,,,,,,,,,,,,,,,,,,,,,,,,,,,,,,,,,,,,,,,,,nan,,,,,,,,,,,,,,,
536,521.4691162109375,0.005211084149777889,0.5211084149777889,5151.756089448929,10000,ppo,ppo,crawler,flat,obs_dth_tot_direct,,,,,,,,,,,,,,,0.2145109983960348,0,781,0.0,0.0,,,,,,,,,,,,,,,,,,,,,,,,,,,,,,,,,,,,,,,,,,,,,,,,,,,,,,,,,,,,,,,,,,,,,,,,,,nan,,,,,,,,,,,,,,,
537,541.0887451171875,0.0054061696864664555,0.5406169686466455,5160.6921372413635,10000,ppo,ppo,crawler,flat,obs_dth_tot_direct,,,,,,,,,,,,,,,0.1766214527542406,0,781,0.0,0.0,,,,,,,,,,,,,,,,,,,,,,,,,,,,,,,,,,,,,,,,,,,,,,,,,,,,,,,,,,,,,,,,,,,,,,,,,,nan,,,,,,,,,,,,,,,
538,522.0535278320312,0.005213882774114609,0.5213882774114609,5169.639280796051,10000,ppo,ppo,crawler,flat,obs_dth_tot_direct,,,,,,,,,,,,,,,0.16057671587844916,0,781,0.0,0.0,,,,,,,,,,,,,,,,,,,,,,,,,,,,,,,,,,,,,,,,,,,,,,,,,,,,,,,,,,,,,,,,,,,,,,,,,,nan,,,,,,,,,,,,,,,
539,533.0419311523438,0.005324152298271656,0.5324152298271656,5178.960478782654,10000,ppo,ppo,crawler,flat,obs_dth_tot_direct,,,,,,,,,,,,,,,0.16929541459176015,0,781,0.0,0.0,,,,,,,,,,,,,,,,,,,,,,,,,,,,,,,,,,,,,,,,,,,,,,,,,,,,,,,,,,,,,,,,,,,,,,,,,,nan,,,,,,,,,,,,,,,
540,552.2205200195312,0.0055167181417346,0.55167181417346,5188.222081422806,10000,ppo,ppo,crawler,flat,obs_dth_tot_direct,,,,,,,,,,,,,,,0.28334693794025106,0,781,0.0,0.0,,,,,,,,,,,,,,,,,,,,,,,,,,,,,,,,,,,,,,,,,,,,,,,,,,,,,,,,,,,,,,,,,,,,,,,,,,nan,,,,,,,,,,,,,,,
541,781.6429443359375,0.007809190079569817,0.7809190079569817,5197.825692892075,10000,ppo,ppo,crawler,flat,obs_dth_tot_direct,,,,,,,,,,,,,,,0.1406395602906102,0,781,0.0,0.0,,,,,,,,,,,,,,,,,,,,,,,,,,,,,,,,,,,,,,,,,,,,,,,,,,,,,,,,,,,,,,,,,,,,,,,,,,nan,,,,,,,,,,,,,,,
542,1073.0787353515625,0.010722504928708076,1.0722504928708076,5207.23440861702,10000,ppo,ppo,crawler,flat,obs_dth_tot_direct,,,,,,,,,,,,,,,-0.05266957910535869,0,781,0.0,0.0,,,,,,,,,,,,,,,,,,,,,,,,,,,,,,,,,,,,,,,,,,,,,,,,,,,,,,,,,,,,,,,,,,,,,,,,,,nan,,,,,,,,,,,,,,,
543,1011.3629150390625,0.010102908127009869,1.0102908127009869,5216.936667442322,10000,ppo,ppo,crawler,flat,obs_dth_tot_direct,,,,,,,,,,,,,,,-0.08676472479130515,0,781,0.0,0.0,,,,,,,,,,,,,,,,,,,,,,,,,,,,,,,,,,,,,,,,,,,,,,,,,,,,,,,,,,,,,,,,,,,,,,,,,,nan,,,,,,,,,,,,,,,
544,1027.017822265625,0.010264317505061626,1.0264317505061626,5226.337326049805,10000,ppo,ppo,crawler,flat,obs_dth_tot_direct,,,,,,,,,,,,,,,-0.045697506426227046,0,781,0.0,0.0,,,,,,,,,,,,,,,,,,,,,,,,,,,,,,,,,,,,,,,,,,,,,,,,,,,,,,,,,,,,,,,,,,,,,,,,,,nan,,,,,,,,,,,,,,,
545,443.9940490722656,0.0044356537982821465,0.44356537982821465,5236.0121784210205,10000,ppo,ppo,crawler,flat,obs_dth_tot_direct,,,,,,,,,,,,,,,0.4705286082819405,0,781,0.0,0.0,,,,,,,,,,,,,,,,,,,,,,,,,,,,,,,,,,,,,,,,,,,,,,,,,,,,,,,,,,,,,,,,,,,,,,,,,,nan,,,,,,,,,,,,,,,
546,526.0048217773438,0.005255731288343668,0.5255731288343668,5245.899357318878,10000,ppo,ppo,crawler,flat,obs_dth_tot_direct,,,,,,,,,,,,,,,0.5026414558375206,0,781,0.0,0.0,,,,,,,,,,,,,,,,,,,,,,,,,,,,,,,,,,,,,,,,,,,,,,,,,,,,,,,,,,,,,,,,,,,,,,,,,,nan,,,,,,,,,,,,,,,
547,875.873046875,0.008752120658755302,0.8752120658755302,5255.606858491898,10000,ppo,ppo,crawler,flat,obs_dth_tot_direct,,,,,,,,,,,,,,,0.16175598518984935,0,781,0.0,0.0,,,,,,,,,,,,,,,,,,,,,,,,,,,,,,,,,,,,,,,,,,,,,,,,,,,,,,,,,,,,,,,,,,,,,,,,,,nan,,,,,,,,,,,,,,,
548,1046.468994140625,0.010456642135977745,1.0456642135977745,5265.238818407059,10000,ppo,ppo,crawler,flat,obs_dth_tot_direct,,,,,,,,,,,,,,,-0.005669703877175635,0,781,0.0,0.0,,,,,,,,,,,,,,,,,,,,,,,,,,,,,,,,,,,,,,,,,,,,,,,,,,,,,,,,,,,,,,,,,,,,,,,,,,nan,,,,,,,,,,,,,,,
549,1090.5784912109375,0.010893985629081726,1.0893985629081726,5274.955639362335,10000,ppo,ppo,crawler,flat,obs_dth_tot_direct,,,,,,,,,,,,,,,-0.04526919040764252,0,781,0.0,0.0,,,,,,,,,,,,,,,,,,,,,,,,,,,,,,,,,,,,,,,,,,,,,,,,,,,,,,,,,,,,,,,,,,,,,,,,,,nan,,,,,,,,,,,,,,,
550,883.4213256835938,0.008826572448015213,0.8826572448015213,5285.3109583854675,10000,ppo,ppo,crawler,flat,obs_dth_tot_direct,,,,,,,,,,,,,,,0.2606150148282039,0,781,0.0,0.0,,,,,,,,,,,,,,,,,,,,,,,,,,,,,,,,,,,,,,,,,,,,,,,,,,,,,,,,,,,,,,,,,,,,,,,,,,nan,,,,,,,,,,,,,,,
551,465.9413757324219,0.004654593765735626,0.4654593765735626,5295.691949129105,10000,ppo,ppo,crawler,flat,obs_dth_tot_direct,,,,,,,,,,,,,,,0.5731063571649159,0,781,0.0,0.0,,,,,,,,,,,,,,,,,,,,,,,,,,,,,,,,,,,,,,,,,,,,,,,,,,,,,,,,,,,,,,,,,,,,,,,,,,nan,,,,,,,,,,,,,,,
552,533.8687744140625,0.005334011744707823,0.5334011744707823,5305.654315471649,10000,ppo,ppo,crawler,flat,obs_dth_tot_direct,,,,,,,,,,,,,,,0.48786899536008416,0,781,0.0,0.0,,,,,,,,,,,,,,,,,,,,,,,,,,,,,,,,,,,,,,,,,,,,,,,,,,,,,,,,,,,,,,,,,,,,,,,,,,nan,,,,,,,,,,,,,,,
553,436.74981689453125,0.0043643806129693985,0.43643806129693985,5315.451968193054,10000,ppo,ppo,crawler,flat,obs_dth_tot_direct,,,,,,,,,,,,,,,0.523321373673133,0,781,0.0,0.0,,,,,,,,,,,,,,,,,,,,,,,,,,,,,,,,,,,,,,,,,,,,,,,,,,,,,,,,,,,,,,,,,,,,,,,,,,nan,,,,,,,,,,,,,,,
554,467.58233642578125,0.004669943358749151,0.4669943358749151,5325.241850376129,10000,ppo,ppo,crawler,flat,obs_dth_tot_direct,,,,,,,,,,,,,,,0.5369734650826389,0,781,0.0,0.0,,,,,,,,,,,,,,,,,,,,,,,,,,,,,,,,,,,,,,,,,,,,,,,,,,,,,,,,,,,,,,,,,,,,,,,,,,nan,,,,,,,,,,,,,,,
555,512.3761596679688,0.005118750035762787,0.5118750035762787,5334.8794140815735,10000,ppo,ppo,crawler,flat,obs_dth_tot_direct,,,,,,,,,,,,,,,0.5315428758396695,0,781,0.0,0.0,,,,,,,,,,,,,,,,,,,,,,,,,,,,,,,,,,,,,,,,,,,,,,,,,,,,,,,,,,,,,,,,,,,,,,,,,,nan,,,,,,,,,,,,,,,
556,850.91650390625,0.008501886390149593,0.8501886390149593,5344.397079467773,10000,ppo,ppo,crawler,flat,obs_dth_tot_direct,,,,,,,,,,,,,,,0.1892075513760236,0,781,0.0,0.0,,,,,,,,,,,,,,,,,,,,,,,,,,,,,,,,,,,,,,,,,,,,,,,,,,,,,,,,,,,,,,,,,,,,,,,,,,nan,,,,,,,,,,,,,,,
557,847.5676879882812,0.008468019776046276,0.8468019776046276,5354.033066511154,10000,ppo,ppo,crawler,flat,obs_dth_tot_direct,,,,,,,,,,,,,,,0.16215461565681857,0,781,0.0,0.0,,,,,,,,,,,,,,,,,,,,,,,,,,,,,,,,,,,,,,,,,,,,,,,,,,,,,,,,,,,,,,,,,,,,,,,,,,nan,,,,,,,,,,,,,,,
558,912.1179809570312,0.009109734557569027,0.9109734557569027,5363.642671108246,10000,ppo,ppo,crawler,flat,obs_dth_tot_direct,,,,,,,,,,,,,,,0.14939011387649515,0,781,0.0,0.0,,,,,,,,,,,,,,,,,,,,,,,,,,,,,,,,,,,,,,,,,,,,,,,,,,,,,,,,,,,,,,,,,,,,,,,,,,nan,,,,,,,,,,,,,,,
559,884.8549194335938,0.008839244022965431,0.8839244022965431,5372.711936950684,10000,ppo,ppo,crawler,flat,obs_dth_tot_direct,,,,,,,,,,,,,,,0.11951694170278451,0,781,0.0,0.0,,,,,,,,,,,,,,,,,,,,,,,,,,,,,,,,,,,,,,,,,,,,,,,,,,,,,,,,,,,,,,,,,,,,,,,,,,nan,,,,,,,,,,,,,,,
560,644.7666015625,0.006441025994718075,0.6441025994718075,5382.76113319397,10000,ppo,ppo,crawler,flat,obs_dth_tot_direct,,,,,,,,,,,,,,,0.425009822752677,0,781,0.0,0.0,,,,,,,,,,,,,,,,,,,,,,,,,,,,,,,,,,,,,,,,,,,,,,,,,,,,,,,,,,,,,,,,,,,,,,,,,,nan,,,,,,,,,,,,,,,
561,424.161376953125,0.004237265791743994,0.4237265791743994,5392.64489865303,10000,ppo,ppo,crawler,flat,obs_dth_tot_direct,,,,,,,,,,,,,,,0.5156507503232208,0,781,0.0,0.0,,,,,,,,,,,,,,,,,,,,,,,,,,,,,,,,,,,,,,,,,,,,,,,,,,,,,,,,,,,,,,,,,,,,,,,,,,nan,,,,,,,,,,,,,,,
562,251.10366821289062,0.0025093532167375088,0.2509353216737509,5402.216379880905,10000,ppo,ppo,crawler,flat,obs_dth_tot_direct,,,,,,,,,,,,,,,0.657096797646895,0,781,0.0,0.0,,,,,,,,,,,,,,,,,,,,,,,,,,,,,,,,,,,,,,,,,,,,,,,,,,,,,,,,,,,,,,,,,,,,,,,,,,nan,,,,,,,,,,,,,,,
563,324.0680236816406,0.0032377243041992188,0.3237724304199219,5412.149660825729,10000,ppo,ppo,crawler,flat,obs_dth_tot_direct,,,,,,,,,,,,,,,0.5704156302944751,0,781,0.0,0.0,,,,,,,,,,,,,,,,,,,,,,,,,,,,,,,,,,,,,,,,,,,,,,,,,,,,,,,,,,,,,,,,,,,,,,,,,,nan,,,,,,,,,,,,,,,
564,305.0227966308594,0.003047915641218424,0.3047915641218424,5422.262808799744,10000,ppo,ppo,crawler,flat,obs_dth_tot_direct,,,,,,,,,,,,,,,0.9248850474285532,0,781,0.0,0.0,,,,,,,,,,,,,,,,,,,,,,,,,,,,,,,,,,,,,,,,,,,,,,,,,,,,,,,,,,,,,,,,,,,,,,,,,,nan,,,,,,,,,,,,,,,
565,347.2249450683594,0.00346872815862298,0.346872815862298,5432.12731385231,10000,ppo,ppo,crawler,flat,obs_dth_tot_direct,,,,,,,,,,,,,,,0.6672858757566629,0,781,0.0,0.0,,,,,,,,,,,,,,,,,,,,,,,,,,,,,,,,,,,,,,,,,,,,,,,,,,,,,,,,,,,,,,,,,,,,,,,,,,nan,,,,,,,,,,,,,,,
566,263.8503723144531,0.002636875957250595,0.2636875957250595,5441.925321817398,10000,ppo,ppo,crawler,flat,obs_dth_tot_direct,,,,,,,,,,,,,,,0.7960141778258171,0,781,0.0,0.0,,,,,,,,,,,,,,,,,,,,,,,,,,,,,,,,,,,,,,,,,,,,,,,,,,,,,,,,,,,,,,,,,,,,,,,,,,nan,,,,,,,,,,,,,,,
567,340.517822265625,0.00340208038687706,0.340208038687706,5451.53911447525,10000,ppo,ppo,crawler,flat,obs_dth_tot_direct,,,,,,,,,,,,,,,0.2772548706634459,0,781,0.0,0.0,,,,,,,,,,,,,,,,,,,,,,,,,,,,,,,,,,,,,,,,,,,,,,,,,,,,,,,,,,,,,,,,,,,,,,,,,,nan,,,,,,,,,,,,,,,
568,316.679443359375,0.003164402674883604,0.3164402674883604,5460.953028202057,10000,ppo,ppo,crawler,flat,obs_dth_tot_direct,,,,,,,,,,,,,,,0.26397130637494337,0,781,0.0,0.0,,,,,,,,,,,,,,,,,,,,,,,,,,,,,,,,,,,,,,,,,,,,,,,,,,,,,,,,,,,,,,,,,,,,,,,,,,nan,,,,,,,,,,,,,,,
569,413.34796142578125,0.004130172543227673,0.41301725432276726,5471.12325668335,10000,ppo,ppo,crawler,flat,obs_dth_tot_direct,,,,,,,,,,,,,,,0.2941733108189198,0,781,0.0,0.0,,,,,,,,,,,,,,,,,,,,,,,,,,,,,,,,,,,,,,,,,,,,,,,,,,,,,,,,,,,,,,,,,,,,,,,,,,nan,,,,,,,,,,,,,,,
570,615.2396240234375,0.006148819345980883,0.6148819345980883,5480.340251922607,10000,ppo,ppo,crawler,flat,obs_dth_tot_direct,,,,,,,,,,,,,,,0.3595829168453105,0,781,0.0,0.0,,,,,,,,,,,,,,,,,,,,,,,,,,,,,,,,,,,,,,,,,,,,,,,,,,,,,,,,,,,,,,,,,,,,,,,,,,nan,,,,,,,,,,,,,,,
571,1034.7513427734375,0.01033345889300108,1.033345889300108,5489.606350898743,10000,ppo,ppo,crawler,flat,obs_dth_tot_direct,,,,,,,,,,,,,,,0.33443238942140996,0,781,0.0,0.0,,,,,,,,,,,,,,,,,,,,,,,,,,,,,,,,,,,,,,,,,,,,,,,,,,,,,,,,,,,,,,,,,,,,,,,,,,nan,,,,,,,,,,,,,,,
572,1001.1209106445312,0.010002798400819302,1.0002798400819302,5499.144852638245,10000,ppo,ppo,crawler,flat,obs_dth_tot_direct,,,,,,,,,,,,,,,0.3106696570080861,0,781,0.0,0.0,,,,,,,,,,,,,,,,,,,,,,,,,,,,,,,,,,,,,,,,,,,,,,,,,,,,,,,,,,,,,,,,,,,,,,,,,,nan,,,,,,,,,,,,,,,
573,862.998046875,0.008623252622783184,0.8623252622783184,5508.346073627472,10000,ppo,ppo,crawler,flat,obs_dth_tot_direct,,,,,,,,,,,,,,,0.3588568832802499,0,781,0.0,0.0,,,,,,,,,,,,,,,,,,,,,,,,,,,,,,,,,,,,,,,,,,,,,,,,,,,,,,,,,,,,,,,,,,,,,,,,,,nan,,,,,,,,,,,,,,,
574,1257.836181640625,0.012567923404276371,1.256792340427637,5517.546528577805,10000,ppo,ppo,crawler,flat,obs_dth_tot_direct,,,,,,,,,,,,,,,0.41891409830335874,0,781,0.0,0.0,,,,,,,,,,,,,,,,,,,,,,,,,,,,,,,,,,,,,,,,,,,,,,,,,,,,,,,,,,,,,,,,,,,,,,,,,,nan,,,,,,,,,,,,,,,
575,566.3971557617188,0.005655265878885984,0.5655265878885984,5526.705176353455,10000,ppo,ppo,crawler,flat,obs_dth_tot_direct,,,,,,,,,,,,,,,9.316962487258126,0,781,0.0,0.0,,,,,,,,,,,,,,,,,,,,,,,,,,,,,,,,,,,,,,,,,,,,,,,,,,,,,,,,,,,,,,,,,,,,,,,,,,nan,,,,,,,,,,,,,,,
576,-0.4726197421550751,-4.726188763015671e-06,-0.00047261887630156707,5536.57646894455,10000,ppo,ppo,crawler,flat,obs_dth_tot_direct,,,,,,,,,,,,,,,-1.1499031481455901e-07,0,781,0.0,0.0,,,,,,,,,,,,,,,,,,,,,,,,,,,,,,,,,,,,,,,,,,,,,,,,,,,,,,,,,,,,,,,,,,,,,,,,,,nan,,,,,,,,,,,,,,,
577,-0.8203868865966797,-8.203844117815606e-06,-0.0008203844117815606,5546.443991661072,10000,ppo,ppo,crawler,flat,obs_dth_tot_direct,,,,,,,,,,,,,,,3.119215140269447e-07,0,781,0.0,0.0,,,,,,,,,,,,,,,,,,,,,,,,,,,,,,,,,,,,,,,,,,,,,,,,,,,,,,,,,,,,,,,,,,,,,,,,,,nan,,,,,,,,,,,,,,,
578,-0.6825128793716431,-6.825113814556971e-06,-0.0006825113814556971,5556.269406557083,10000,ppo,ppo,crawler,flat,obs_dth_tot_direct,,,,,,,,,,,,,,,3.979847827275187e-07,0,781,0.0,0.0,,,,,,,,,,,,,,,,,,,,,,,,,,,,,,,,,,,,,,,,,,,,,,,,,,,,,,,,,,,,,,,,,,,,,,,,,,nan,,,,,,,,,,,,,,,
579,-0.6920790076255798,-6.92073990649078e-06,-0.000692073990649078,5566.3758800029755,10000,ppo,ppo,crawler,flat,obs_dth_tot_direct,,,,,,,,,,,,,,,-2.3233099684367259e-07,0,781,0.0,0.0,,,,,,,,,,,,,,,,,,,,,,,,,,,,,,,,,,,,,,,,,,,,,,,,,,,,,,,,,,,,,,,,,,,,,,,,,,nan,,,,,,,,,,,,,,,
580,-0.9402195811271667,-9.402193427376915e-06,-0.0009402193427376915,5576.241933822632,10000,ppo,ppo,crawler,flat,obs_dth_tot_direct,,,,,,,,,,,,,,,-4.157204557777825e-08,0,781,0.0,0.0,,,,,,,,,,,,,,,,,,,,,,,,,,,,,,,,,,,,,,,,,,,,,,,,,,,,,,,,,,,,,,,,,,,,,,,,,,nan,,,,,,,,,,,,,,,
581,-1.1019614934921265,-1.1019618796126451e-05,-0.0011019618796126451,5585.9848279953,10000,ppo,ppo,crawler,flat,obs_dth_tot_direct,,,,,,,,,,,,,,,-0.00013426887098027252,0,781,0.0,0.0,,,,,,,,,,,,,,,,,,,,,,,,,,,,,,,,,,,,,,,,,,,,,,,,,,,,,,,,,,,,,,,,,,,,,,,,,,nan,,,,,,,,,,,,,,,
582,1.9163322448730469,1.9163348042638972e-05,0.0019163348042638972,5596.281139612198,10000,ppo,ppo,crawler,flat,obs_dth_tot_direct,,,,,,,,,,,,,,,0.0,0,781,0.0,0.0,,,,,,,,,,,,,,,,,,,,,,,,,,,,,,,,,,,,,,,,,,,,,,,,,,,,,,,,,,,,,,,,,,,,,,,,,,nan,,,,,,,,,,,,,,,
583,-0.7598731517791748,-7.598704087286023e-06,-0.0007598704087286023,5606.8324427604675,10000,ppo,ppo,crawler,flat,obs_dth_tot_direct,,,,,,,,,,,,,,,0.0,0,781,0.0,0.0,,,,,,,,,,,,,,,,,,,,,,,,,,,,,,,,,,,,,,,,,,,,,,,,,,,,,,,,,,,,,,,,,,,,,,,,,,nan,,,,,,,,,,,,,,,
584,0.5544765591621399,5.54477173864143e-06,0.000554477173864143,5616.27605175972,10000,ppo,ppo,crawler,flat,obs_dth_tot_direct,,,,,,,,,,,,,,,-1.0375016954430545e-06,0,781,0.0,0.0,,,,,,,,,,,,,,,,,,,,,,,,,,,,,,,,,,,,,,,,,,,,,,,,,,,,,,,,,,,,,,,,,,,,,,,,,,nan,,,,,,,,,,,,,,,
585,0.7055976986885071,7.055993137328187e-06,0.0007055993137328187,5626.088175058365,10000,ppo,ppo,crawler,flat,obs_dth_tot_direct,,,,,,,,,,,,,,,-1.598058909979123e-06,0,781,0.0,0.0,,,,,,,,,,,,,,,,,,,,,,,,,,,,,,,,,,,,,,,,,,,,,,,,,,,,,,,,,,,,,,,,,,,,,,,,,,nan,,,,,,,,,,,,,,,
586,0.06255712360143661,6.256028655116097e-07,6.256028655116097e-05,5635.529989004135,10000,ppo,ppo,crawler,flat,obs_dth_tot_direct,,,,,,,,,,,,,,,2.447795957594003e-06,0,781,0.0,0.0,,,,,,,,,,,,,,,,,,,,,,,,,,,,,,,,,,,,,,,,,,,,,,,,,,,,,,,,,,,,,,,,,,,,,,,,,,nan,,,,,,,,,,,,,,,
587,1.0080314874649048,1.0080329957418144e-05,0.0010080329957418144,5645.097503185272,10000,ppo,ppo,crawler,flat,obs_dth_tot_direct,,,,,,,,,,,,,,,9.787973689056085e-07,0,781,0.0,0.0,,,,,,,,,,,,,,,,,,,,,,,,,,,,,,,,,,,,,,,,,,,,,,,,,,,,,,,,,,,,,,,,,,,,,,,,,,nan,,,,,,,,,,,,,,,
588,0.11493673175573349,1.1494437330838991e-06,0.00011494437330838991,5654.6756908893585,10000,ppo,ppo,crawler,flat,obs_dth_tot_direct,,,,,,,,,,,,,,,-3.132843692690401e-05,0,781,0.0,0.0,,,,,,,,,,,,,,,,,,,,,,,,,,,,,,,,,,,,,,,,,,,,,,,,,,,,,,,,,,,,,,,,,,,,,,,,,,nan,,,,,,,,,,,,,,,
589,0.33442214131355286,3.344245897096698e-06,0.0003344245897096698,5664.660866975784,10000,ppo,ppo,crawler,flat,obs_dth_tot_direct,,,,,,,,,,,,,,,-2.7829850338179996e-07,0,781,0.0,0.0,,,,,,,,,,,,,,,,,,,,,,,,,,,,,,,,,,,,,,,,,,,,,,,,,,,,,,,,,,,,,,,,,,,,,,,,,,nan,,,,,,,,,,,,,,,
590,1.1639460325241089,1.1639509466476738e-05,0.0011639509466476738,5673.776587486267,10000,ppo,ppo,crawler,flat,obs_dth_tot_direct,,,,,,,,,,,,,,,-7.296000129129456e-07,0,781,0.0,0.0,,,,,,,,,,,,,,,,,,,,,,,,,,,,,,,,,,,,,,,,,,,,,,,,,,,,,,,,,,,,,,,,,,,,,,,,,,nan,,,,,,,,,,,,,,,
591,-1.4630143642425537,-1.4630172699980903e-05,-0.0014630172699980903,5683.061839103699,10000,ppo,ppo,crawler,flat,obs_dth_tot_direct,,,,,,,,,,,,,,,2.075559083997211e-06,0,781,0.0,0.0,,,,,,,,,,,,,,,,,,,,,,,,,,,,,,,,,,,,,,,,,,,,,,,,,,,,,,,,,,,,,,,,,,,,,,,,,,nan,,,,,,,,,,,,,,,
592,0.9157331585884094,9.157340173260309e-06,0.0009157340173260309,5692.64457821846,10000,ppo,ppo,crawler,flat,obs_dth_tot_direct,,,,,,,,,,,,,,,-9.136393704426578e-07,0,781,0.0,0.0,,,,,,,,,,,,,,,,,,,,,,,,,,,,,,,,,,,,,,,,,,,,,,,,,,,,,,,,,,,,,,,,,,,,,,,,,,nan,,,,,,,,,,,,,,,
593,0.8163579106330872,8.163611710187979e-06,0.0008163611710187979,5701.820297956467,10000,ppo,ppo,crawler,flat,obs_dth_tot_direct,,,,,,,,,,,,,,,-2.7358107430986804e-06,0,781,0.0,0.0,,,,,,,,,,,,,,,,,,,,,,,,,,,,,,,,,,,,,,,,,,,,,,,,,,,,,,,,,,,,,,,,,,,,,,,,,,nan,,,,,,,,,,,,,,,
594,-1.0624454021453857,-1.0624475180520676e-05,-0.0010624475180520676,5711.24090218544,10000,ppo,ppo,crawler,flat,obs_dth_tot_direct,,,,,,,,,,,,,,,1.0821729822134392e-06,0,781,0.0,0.0,,,,,,,,,,,,,,,,,,,,,,,,,,,,,,,,,,,,,,,,,,,,,,,,,,,,,,,,,,,,,,,,,,,,,,,,,,nan,,,,,,,,,,,,,,,
595,1.3287798166275024,1.3287835827213712e-05,0.0013287835827213712,5720.482052326202,10000,ppo,ppo,crawler,flat,obs_dth_tot_direct,,,,,,,,,,,,,,,-3.5009858473925525e-07,0,781,0.0,0.0,,,,,,,,,,,,,,,,,,,,,,,,,,,,,,,,,,,,,,,,,,,,,,,,,,,,,,,,,,,,,,,,,,,,,,,,,,nan,,,,,,,,,,,,,,,
596,-1.9615896940231323,-1.9615894416347146e-05,-0.0019615894416347146,5730.004596233368,10000,ppo,ppo,crawler,flat,obs_dth_tot_direct,,,,,,,,,,,,,,,1.6716107363584863e-07,0,781,0.0,0.0,,,,,,,,,,,,,,,,,,,,,,,,,,,,,,,,,,,,,,,,,,,,,,,,,,,,,,,,,,,,,,,,,,,,,,,,,,nan,,,,,,,,,,,,,,,
597,0.24357815086841583,2.435848500681459e-06,0.0002435848500681459,5739.330297708511,10000,ppo,ppo,crawler,flat,obs_dth_tot_direct,,,,,,,,,,,,,,,-1.91137561915626e-06,0,781,0.0,0.0,,,,,,,,,,,,,,,,,,,,,,,,,,,,,,,,,,,,,,,,,,,,,,,,,,,,,,,,,,,,,,,,,,,,,,,,,,nan,,,,,,,,,,,,,,,
598,0.0714542493224144,7.145438871702936e-07,7.145438871702936e-05,5748.49375128746,10000,ppo,ppo,crawler,flat,obs_dth_tot_direct,,,,,,,,,,,,,,,-1.895815019570911e-06,0,781,0.0,0.0,,,,,,,,,,,,,,,,,,,,,,,,,,,,,,,,,,,,,,,,,,,,,,,,,,,,,,,,,,,,,,,,,,,,,,,,,,nan,,,,,,,,,,,,,,,
599,-0.3085951805114746,-3.0859432627039496e-06,-0.00030859432627039496,5757.994693040848,10000,ppo,ppo,crawler,flat,obs_dth_tot_direct,,,,,,,,,,,,,,,-3.935494931192923e-06,0,781,0.0,0.0,,,,,,,,,,,,,,,,,,,,,,,,,,,,,,,,,,,,,,,,,,,,,,,,,,,,,,,,,,,,,,,,,,,,,,,,,,nan,,,,,,,,,,,,,,,
600,0.5136222839355469,5.13625718667754e-06,0.000513625718667754,5767.667578935623,10000,ppo,ppo,crawler,flat,obs_dth_tot_direct,,,,,,,,,,,,,,,-1.9198564977102487e-06,0,781,0.0,0.0,,,,,,,,,,,,,,,,,,,,,,,,,,,,,,,,,,,,,,,,,,,,,,,,,,,,,,,,,,,,,,,,,,,,,,,,,,nan,,,,,,,,,,,,,,,
601,1.3661199808120728,1.366120432066964e-05,0.001366120432066964,5776.838936328888,10000,ppo,ppo,crawler,flat,obs_dth_tot_direct,,,,,,,,,,,,,,,-2.4363553573624274e-06,0,781,0.0,0.0,,,,,,,,,,,,,,,,,,,,,,,,,,,,,,,,,,,,,,,,,,,,,,,,,,,,,,,,,,,,,,,,,,,,,,,,,,nan,,,,,,,,,,,,,,,
602,0.12838612496852875,1.2838263501180336e-06,0.00012838263501180336,5786.314155817032,10000,ppo,ppo,crawler,flat,obs_dth_tot_direct,,,,,,,,,,,,,,,2.4168786715606417e-06,0,781,0.0,0.0,,,,,,,,,,,,,,,,,,,,,,,,,,,,,,,,,,,,,,,,,,,,,,,,,,,,,,,,,,,,,,,,,,,,,,,,,,nan,,,,,,,,,,,,,,,
603,-0.34416958689689636,-3.441627313804929e-06,-0.0003441627313804929,5795.397909641266,10000,ppo,ppo,crawler,flat,obs_dth_tot_direct,,,,,,,,,,,,,,,-2.18322283556153e-06,0,781,0.0,0.0,,,,,,,,,,,,,,,,,,,,,,,,,,,,,,,,,,,,,,,,,,,,,,,,,,,,,,,,,,,,,,,,,,,,,,,,,,nan,,,,,,,,,,,,,,,
604,0.09270060062408447,9.270301575270423e-07,9.270301575270423e-05,5804.5665147304535,10000,ppo,ppo,crawler,flat,obs_dth_tot_direct,,,,,,,,,,,,,,,-3.2579237726372733e-06,0,781,0.0,0.0,,,,,,,,,,,,,,,,,,,,,,,,,,,,,,,,,,,,,,,,,,,,,,,,,,,,,,,,,,,,,,,,,,,,,,,,,,nan,,,,,,,,,,,,,,,
605,0.28326791524887085,2.8326799110800494e-06,0.00028326799110800494,5813.660317897797,10000,ppo,ppo,crawler,flat,obs_dth_tot_direct,,,,,,,,,,,,,,,-4.47839636846938e-06,0,781,0.0,0.0,,,,,,,,,,,,,,,,,,,,,,,,,,,,,,,,,,,,,,,,,,,,,,,,,,,,,,,,,,,,,,,,,,,,,,,,,,nan,,,,,,,,,,,,,,,
606,-1.532427430152893,-1.5324283594964072e-05,-0.0015324283594964072,5822.371321678162,10000,ppo,ppo,crawler,flat,obs_dth_tot_direct,,,,,,,,,,,,,,,1.9697516574673402e-05,0,781,0.0,0.0,,,,,,,,,,,,,,,,,,,,,,,,,,,,,,,,,,,,,,,,,,,,,,,,,,,,,,,,,,,,,,,,,,,,,,,,,,nan,,,,,,,,,,,,,,,
607,-0.8370858430862427,-8.370876457775012e-06,-0.0008370876457775012,5831.839531421661,10000,ppo,ppo,crawler,flat,obs_dth_tot_direct,,,,,,,,,,,,,,,-4.11453543567169e-06,0,781,0.0,0.0,,,,,,,,,,,,,,,,,,,,,,,,,,,,,,,,,,,,,,,,,,,,,,,,,,,,,,,,,,,,,,,,,,,,,,,,,,nan,,,,,,,,,,,,,,,
608,1.2064096927642822,1.2064125257893465e-05,0.0012064125257893465,5841.056736946106,10000,ppo,ppo,crawler,flat,obs_dth_tot_direct,,,,,,,,,,,,,,,-3.855936610820809e-06,0,781,0.0,0.0,,,,,,,,,,,,,,,,,,,,,,,,,,,,,,,,,,,,,,,,,,,,,,,,,,,,,,,,,,,,,,,,,,,,,,,,,,nan,,,,,,,,,,,,,,,
609,1.185587763786316,1.1855909178848378e-05,0.0011855909178848378,5850.1514728069305,10000,ppo,ppo,crawler,flat,obs_dth_tot_direct,,,,,,,,,,,,,,,-4.025095079222959e-06,0,781,0.0,0.0,,,,,,,,,,,,,,,,,,,,,,,,,,,,,,,,,,,,,,,,,,,,,,,,,,,,,,,,,,,,,,,,,,,,,,,,,,nan,,,,,,,,,,,,,,,
610,0.5263912677764893,5.263905222818721e-06,0.0005263905222818721,5859.234810829163,10000,ppo,ppo,crawler,flat,obs_dth_tot_direct,,,,,,,,,,,,,,,-3.2944659608274353e-06,0,781,0.0,0.0,,,,,,,,,,,,,,,,,,,,,,,,,,,,,,,,,,,,,,,,,,,,,,,,,,,,,,,,,,,,,,,,,,,,,,,,,,nan,,,,,,,,,,,,,,,
611,0.18532370030879974,1.8532506373958313e-06,0.00018532506373958313,5868.277255535126,10000,ppo,ppo,crawler,flat,obs_dth_tot_direct,,,,,,,,,,,,,,,5.387122744024181e-07,0,781,0.0,0.0,,,,,,,,,,,,,,,,,,,,,,,,,,,,,,,,,,,,,,,,,,,,,,,,,,,,,,,,,,,,,,,,,,,,,,,,,,nan,,,,,,,,,,,,,,,
612,0.8386419415473938,8.386443369090557e-06,0.0008386443369090557,5877.379697561264,10000,ppo,ppo,crawler,flat,obs_dth_tot_direct,,,,,,,,,,,,,,,-2.6776275279122032e-06,0,781,0.0,0.0,,,,,,,,,,,,,,,,,,,,,,,,,,,,,,,,,,,,,,,,,,,,,,,,,,,,,,,,,,,,,,,,,,,,,,,,,,nan,,,,,,,,,,,,,,,
613,-1.2915822267532349,-1.2915861589135602e-05,-0.0012915861589135602,5886.6528787612915,10000,ppo,ppo,crawler,flat,obs_dth_tot_direct,,,,,,,,,,,,,,,-7.318362603190614e-06,0,781,0.0,0.0,,,,,,,,,,,,,,,,,,,,,,,,,,,,,,,,,,,,,,,,,,,,,,,,,,,,,,,,,,,,,,,,,,,,,,,,,,nan,,,,,,,,,,,,,,,
614,-1.6874027252197266,-1.687400435912423e-05,-0.0016874004359124228,5895.432359933853,10000,ppo,ppo,crawler,flat,obs_dth_tot_direct,,,,,,,,,,,,,,,-1.5094562668577504e-05,0,781,0.0,0.0,,,,,,,,,,,,,,,,,,,,,,,,,,,,,,,,,,,,,,,,,,,,,,,,,,,,,,,,,,,,,,,,,,,,,,,,,,nan,,,,,,,,,,,,,,,
615,-0.528192937374115,-5.281905032461509e-06,-0.0005281905032461509,5905.032644271851,10000,ppo,ppo,crawler,flat,obs_dth_tot_direct,,,,,,,,,,,,,,,-2.5941698159664756e-06,0,781,0.0,0.0,,,,,,,,,,,,,,,,,,,,,,,,,,,,,,,,,,,,,,,,,,,,,,,,,,,,,,,,,,,,,,,,,,,,,,,,,,nan,,,,,,,,,,,,,,,
616,0.4284799098968506,4.284828264644602e-06,0.00042848282646446023,5914.928179740906,10000,ppo,ppo,crawler,flat,obs_dth_tot_direct,,,,,,,,,,,,,,,-3.0605251234258487e-06,0,781,0.0,0.0,,,,,,,,,,,,,,,,,,,,,,,,,,,,,,,,,,,,,,,,,,,,,,,,,,,,,,,,,,,,,,,,,,,,,,,,,,nan,,,,,,,,,,,,,,,
617,0.9633830189704895,9.633820809540339e-06,0.0009633820809540339,5924.8128542900085,10000,ppo,ppo,crawler,flat,obs_dth_tot_direct,,,,,,,,,,,,,,,9.550939572834327e-06,0,781,0.0,0.0,,,,,,,,,,,,,,,,,,,,,,,,,,,,,,,,,,,,,,,,,,,,,,,,,,,,,,,,,,,,,,,,,,,,,,,,,,nan,,,,,,,,,,,,,,,
618,0.6769720315933228,6.7697151280299295e-06,0.000676971512802993,5935.132513999939,10000,ppo,ppo,crawler,flat,obs_dth_tot_direct,,,,,,,,,,,,,,,1.7819252394607218e-05,0,781,0.0,0.0,,,,,,,,,,,,,,,,,,,,,,,,,,,,,,,,,,,,,,,,,,,,,,,,,,,,,,,,,,,,,,,,,,,,,,,,,,nan,,,,,,,,,,,,,,,
619,-0.14631453156471252,-1.4631265230491408e-06,-0.00014631265230491408,5944.8288407325745,10000,ppo,ppo,crawler,flat,obs_dth_tot_direct,,,,,,,,,,,,,,,-5.11000598285934e-06,0,781,0.0,0.0,,,,,,,,,,,,,,,,,,,,,,,,,,,,,,,,,,,,,,,,,,,,,,,,,,,,,,,,,,,,,,,,,,,,,,,,,,nan,,,,,,,,,,,,,,,
620,0.919791042804718,9.197931831295136e-06,0.0009197931831295136,5954.685290336609,10000,ppo,ppo,crawler,flat,obs_dth_tot_direct,,,,,,,,,,,,,,,-4.684383218938654e-06,0,781,0.0,0.0,,,,,,,,,,,,,,,,,,,,,,,,,,,,,,,,,,,,,,,,,,,,,,,,,,,,,,,,,,,,,,,,,,,,,,,,,,nan,,,,,,,,,,,,,,,
621,1.211798071861267,1.21180073620053e-05,0.00121180073620053,5963.68773150444,10000,ppo,ppo,crawler,flat,obs_dth_tot_direct,,,,,,,,,,,,,,,-1.2134081384741847e-05,0,781,0.0,0.0,,,,,,,,,,,,,,,,,,,,,,,,,,,,,,,,,,,,,,,,,,,,,,,,,,,,,,,,,,,,,,,,,,,,,,,,,,nan,,,,,,,,,,,,,,,
622,1.5453637838363647,1.545364284538664e-05,0.001545364284538664,5973.00313782692,10000,ppo,ppo,crawler,flat,obs_dth_tot_direct,,,,,,,,,,,,,,,-0.00024079089261658213,0,781,0.0,0.0,,,,,,,,,,,,,,,,,,,,,,,,,,,,,,,,,,,,,,,,,,,,,,,,,,,,,,,,,,,,,,,,,,,,,,,,,,nan,,,,,,,,,,,,,,,
623,-0.7697073221206665,-7.6970582085778e-06,-0.0007697058208577801,5982.31263256073,10000,ppo,ppo,crawler,flat,obs_dth_tot_direct,,,,,,,,,,,,,,,-3.219883836491007e-07,0,781,0.0,0.0,,,,,,,,,,,,,,,,,,,,,,,,,,,,,,,,,,,,,,,,,,,,,,,,,,,,,,,,,,,,,,,,,,,,,,,,,,nan,,,,,,,,,,,,,,,
624,-0.6198206543922424,-6.1981882026884705e-06,-0.000619818820268847,5991.631298065186,10000,ppo,ppo,crawler,flat,obs_dth_tot_direct,,,,,,,,,,,,,,,-3.849764362874318e-06,0,781,0.0,0.0,,,,,,,,,,,,,,,,,,,,,,,,,,,,,,,,,,,,,,,,,,,,,,,,,,,,,,,,,,,,,,,,,,,,,,,,,,nan,,,,,,,,,,,,,,,
625,-0.7304655909538269,-7.304635346372379e-06,-0.0007304635346372379,6000.985079050064,10000,ppo,ppo,crawler,flat,obs_dth_tot_direct,,,,,,,,,,,,,,,-7.048844289459126e-06,0,781,0.0,0.0,,,,,,,,,,,,,,,,,,,,,,,,,,,,,,,,,,,,,,,,,,,,,,,,,,,,,,,,,,,,,,,,,,,,,,,,,,nan,,,,,,,,,,,,,,,
626,-0.9855726361274719,-9.855727512331214e-06,-0.0009855727512331214,6010.089185714722,10000,ppo,ppo,crawler,flat,obs_dth_tot_direct,,,,,,,,,,,,,,,-1.126640355846488e-06,0,781,0.0,0.0,,,,,,,,,,,,,,,,,,,,,,,,,,,,,,,,,,,,,,,,,,,,,,,,,,,,,,,,,,,,,,,,,,,,,,,,,,nan,,,,,,,,,,,,,,,
627,0.4089047610759735,4.089065896550892e-06,0.0004089065896550892,6019.412504911423,10000,ppo,ppo,crawler,flat,obs_dth_tot_direct,,,,,,,,,,,,,,,4.104166750756788e-05,0,781,0.0,0.0,,,,,,,,,,,,,,,,,,,,,,,,,,,,,,,,,,,,,,,,,,,,,,,,,,,,,,,,,,,,,,,,,,,,,,,,,,nan,,,,,,,,,,,,,,,
628,-0.5097123980522156,-5.097148005006602e-06,-0.0005097148005006602,6028.607844114304,10000,ppo,ppo,crawler,flat,obs_dth_tot_direct,,,,,,,,,,,,,,,-5.378360441491179e-06,0,781,0.0,0.0,,,,,,,,,,,,,,,,,,,,,,,,,,,,,,,,,,,,,,,,,,,,,,,,,,,,,,,,,,,,,,,,,,,,,,,,,,nan,,,,,,,,,,,,,,,
629,1.5929890871047974,1.5929919754853472e-05,0.0015929919754853472,6037.482539176941,10000,ppo,ppo,crawler,flat,obs_dth_tot_direct,,,,,,,,,,,,,,,-0.028912157412957062,0,781,0.0,0.0,,,,,,,,,,,,,,,,,,,,,,,,,,,,,,,,,,,,,,,,,,,,,,,,,,,,,,,,,,,,,,,,,,,,,,,,,,nan,,,,,,,,,,,,,,,
630,-0.22146768867969513,-2.2146880382933887e-06,-0.00022146880382933887,6047.1170129776,10000,ppo,ppo,crawler,flat,obs_dth_tot_direct,,,,,,,,,,,,,,,-8.51854405314608e-06,0,781,0.0,0.0,,,,,,,,,,,,,,,,,,,,,,,,,,,,,,,,,,,,,,,,,,,,,,,,,,,,,,,,,,,,,,,,,,,,,,,,,,nan,,,,,,,,,,,,,,,
631,-0.7482439279556274,-7.482404726033565e-06,-0.0007482404726033565,6056.578660488129,10000,ppo,ppo,crawler,flat,obs_dth_tot_direct,,,,,,,,,,,,,,,-7.520433367443451e-06,0,781,0.0,0.0,,,,,,,,,,,,,,,,,,,,,,,,,,,,,,,,,,,,,,,,,,,,,,,,,,,,,,,,,,,,,,,,,,,,,,,,,,nan,,,,,,,,,,,,,,,
632,0.40547552704811096,4.054783403262263e-06,0.0004054783403262263,6065.891641616821,10000,ppo,ppo,crawler,flat,obs_dth_tot_direct,,,,,,,,,,,,,,,-2.302734894384648e-05,0,781,0.0,0.0,,,,,,,,,,,,,,,,,,,,,,,,,,,,,,,,,,,,,,,,,,,,,,,,,,,,,,,,,,,,,,,,,,,,,,,,,,nan,,,,,,,,,,,,,,,
633,0.5909217000007629,5.90924628340872e-06,0.000590924628340872,6075.511320590973,10000,ppo,ppo,crawler,flat,obs_dth_tot_direct,,,,,,,,,,,,,,,3.9214959961962e-05,0,781,0.0,0.0,,,,,,,,,,,,,,,,,,,,,,,,,,,,,,,,,,,,,,,,,,,,,,,,,,,,,,,,,,,,,,,,,,,,,,,,,,nan,,,,,,,,,,,,,,,
634,-0.6680361032485962,-6.680366368527757e-06,-0.0006680366368527757,6084.483756780624,10000,ppo,ppo,crawler,flat,obs_dth_tot_direct,,,,,,,,,,,,,,,-3.7174903228401984e-05,0,781,0.0,0.0,,,,,,,,,,,,,,,,,,,,,,,,,,,,,,,,,,,,,,,,,,,,,,,,,,,,,,,,,,,,,,,,,,,,,,,,,,nan,,,,,,,,,,,,,,,
635,0.914656937122345,9.146584488917142e-06,0.0009146584488917142,6093.994834423065,10000,ppo,ppo,crawler,flat,obs_dth_tot_direct,,,,,,,,,,,,,,,-0.00010696107524038125,0,781,0.0,0.0,,,,,,,,,,,,,,,,,,,,,,,,,,,,,,,,,,,,,,,,,,,,,,,,,,,,,,,,,,,,,,,,,,,,,,,,,,nan,,,,,,,,,,,,,,,
636,-1.1020582914352417,-1.1020561032637488e-05,-0.0011020561032637488,6103.536609172821,10000,ppo,ppo,crawler,flat,obs_dth_tot_direct,,,,,,,,,,,,,,,-2.70932636172457e-05,0,781,0.0,0.0,,,,,,,,,,,,,,,,,,,,,,,,,,,,,,,,,,,,,,,,,,,,,,,,,,,,,,,,,,,,,,,,,,,,,,,,,,nan,,,,,,,,,,,,,,,
637,-1.5457062721252441,-1.5457062545465305e-05,-0.0015457062545465305,6112.631474018097,10000,ppo,ppo,crawler,flat,obs_dth_tot_direct,,,,,,,,,,,,,,,-5.706578311862164e-06,0,781,0.0,0.0,,,,,,,,,,,,,,,,,,,,,,,,,,,,,,,,,,,,,,,,,,,,,,,,,,,,,,,,,,,,,,,,,,,,,,,,,,nan,,,,,,,,,,,,,,,
638,0.9608305096626282,9.608322216081433e-06,0.0009608322216081433,6122.390672206879,10000,ppo,ppo,crawler,flat,obs_dth_tot_direct,,,,,,,,,,,,,,,-0.00695040606310479,0,781,0.0,0.0,,,,,,,,,,,,,,,,,,,,,,,,,,,,,,,,,,,,,,,,,,,,,,,,,,,,,,,,,,,,,,,,,,,,,,,,,,nan,,,,,,,,,,,,,,,
639,0.703700065612793,7.0370219873439055e-06,0.0007037021987343905,6131.57913517952,10000,ppo,ppo,crawler,flat,obs_dth_tot_direct,,,,,,,,,,,,,,,-8.108826513937585e-11,0,781,0.0,0.0,,,,,,,,,,,,,,,,,,,,,,,,,,,,,,,,,,,,,,,,,,,,,,,,,,,,,,,,,,,,,,,,,,,,,,,,,,nan,,,,,,,,,,,,,,,
640,-0.25481995940208435,-2.548241127442452e-06,-0.0002548241127442452,6140.942004919052,10000,ppo,ppo,crawler,flat,obs_dth_tot_direct,,,,,,,,,,,,,,,-0.010433381207516267,0,781,0.0,0.0,,,,,,,,,,,,,,,,,,,,,,,,,,,,,,,,,,,,,,,,,,,,,,,,,,,,,,,,,,,,,,,,,,,,,,,,,,nan,,,,,,,,,,,,,,,
641,0.09996046870946884,9.996208518714411e-07,9.996208518714411e-05,6150.299776315689,10000,ppo,ppo,crawler,flat,obs_dth_tot_direct,,,,,,,,,,,,,,,-3.158332477115028e-05,0,781,0.0,0.0,,,,,,,,,,,,,,,,,,,,,,,,,,,,,,,,,,,,,,,,,,,,,,,,,,,,,,,,,,,,,,,,,,,,,,,,,,nan,,,,,,,,,,,,,,,
642,0.10838427394628525,1.083875304175308e-06,0.0001083875304175308,6159.456496953964,10000,ppo,ppo,crawler,flat,obs_dth_tot_direct,,,,,,,,,,,,,,,0.0,0,781,0.0,0.0,,,,,,,,,,,,,,,,,,,,,,,,,,,,,,,,,,,,,,,,,,,,,,,,,,,,,,,,,,,,,,,,,,,,,,,,,,nan,,,,,,,,,,,,,,,
643,-0.15406201779842377,-1.5405896647280315e-06,-0.00015405896647280315,6169.105271816254,10000,ppo,ppo,crawler,flat,obs_dth_tot_direct,,,,,,,,,,,,,,,-0.020288517246697762,0,781,0.0,0.0,,,,,,,,,,,,,,,,,,,,,,,,,,,,,,,,,,,,,,,,,,,,,,,,,,,,,,,,,,,,,,,,,,,,,,,,,,nan,,,,,,,,,,,,,,,
644,0.059583067893981934,5.958286237728316e-07,5.958286237728316e-05,6178.53103351593,10000,ppo,ppo,crawler,flat,obs_dth_tot_direct,,,,,,,,,,,,,,,0.0,0,781,0.0,0.0,,,,,,,,,,,,,,,,,,,,,,,,,,,,,,,,,,,,,,,,,,,,,,,,,,,,,,,,,,,,,,,,,,,,,,,,,,nan,,,,,,,,,,,,,,,
645,0.19424569606781006,1.942498101925594e-06,0.00019424981019255938,6188.120175361633,10000,ppo,ppo,crawler,flat,obs_dth_tot_direct,,,,,,,,,,,,,,,-0.0003811605787441306,0,781,0.0,0.0,,,,,,,,,,,,,,,,,,,,,,,,,,,,,,,,,,,,,,,,,,,,,,,,,,,,,,,,,,,,,,,,,,,,,,,,,,nan,,,,,,,,,,,,,,,
646,1.1383576393127441,1.1383601304260083e-05,0.0011383601304260083,6197.6562740802765,10000,ppo,ppo,crawler,flat,obs_dth_tot_direct,,,,,,,,,,,,,,,0.0,0,781,0.0,0.0,,,,,,,,,,,,,,,,,,,,,,,,,,,,,,,,,,,,,,,,,,,,,,,,,,,,,,,,,,,,,,,,,,,,,,,,,,nan,,,,,,,,,,,,,,,
647,-0.47886228561401367,-4.788594196725171e-06,-0.0004788594196725171,6207.10755944252,10000,ppo,ppo,crawler,flat,obs_dth_tot_direct,,,,,,,,,,,,,,,-8.377953696037224e-06,0,781,0.0,0.0,,,,,,,,,,,,,,,,,,,,,,,,,,,,,,,,,,,,,,,,,,,,,,,,,,,,,,,,,,,,,,,,,,,,,,,,,,nan,,,,,,,,,,,,,,,
648,0.4243783950805664,4.243794137437362e-06,0.0004243794137437362,6216.313695907593,10000,ppo,ppo,crawler,flat,obs_dth_tot_direct,,,,,,,,,,,,,,,-0.0020316311345458336,0,781,0.0,0.0,,,,,,,,,,,,,,,,,,,,,,,,,,,,,,,,,,,,,,,,,,,,,,,,,,,,,,,,,,,,,,,,,,,,,,,,,,nan,,,,,,,,,,,,,,,
649,-0.47069165110588074,-4.706938852905296e-06,-0.0004706938852905296,6225.939202070236,10000,ppo,ppo,crawler,flat,obs_dth_tot_direct,,,,,,,,,,,,,,,-4.7259915157408475e-05,0,781,0.0,0.0,,,,,,,,,,,,,,,,,,,,,,,,,,,,,,,,,,,,,,,,,,,,,,,,,,,,,,,,,,,,,,,,,,,,,,,,,,nan,,,,,,,,,,,,,,,
650,-0.3728391230106354,-3.7283632536855293e-06,-0.00037283632536855293,6235.712075948715,10000,ppo,ppo,crawler,flat,obs_dth_tot_direct,,,,,,,,,,,,,,,0.0,0,781,0.0,0.0,,,,,,,,,,,,,,,,,,,,,,,,,,,,,,,,,,,,,,,,,,,,,,,,,,,,,,,,,,,,,,,,,,,,,,,,,,nan,,,,,,,,,,,,,,,
651,2.201852798461914,2.201855750172399e-05,0.002201855750172399,6245.620602846146,10000,ppo,ppo,crawler,flat,obs_dth_tot_direct,,,,,,,,,,,,,,,-0.00036456269926359345,0,781,0.0,0.0,,,,,,,,,,,,,,,,,,,,,,,,,,,,,,,,,,,,,,,,,,,,,,,,,,,,,,,,,,,,,,,,,,,,,,,,,,nan,,,,,,,,,,,,,,,
652,-0.29297587275505066,-2.9297432320163352e-06,-0.0002929743232016335,6255.131552219391,10000,ppo,ppo,crawler,flat,obs_dth_tot_direct,,,,,,,,,,,,,,,0.0,0,781,0.0,0.0,,,,,,,,,,,,,,,,,,,,,,,,,,,,,,,,,,,,,,,,,,,,,,,,,,,,,,,,,,,,,,,,,,,,,,,,,,nan,,,,,,,,,,,,,,,
653,-0.5678426027297974,-5.678403795172926e-06,-0.0005678403795172926,6264.937446117401,10000,ppo,ppo,crawler,flat,obs_dth_tot_direct,,,,,,,,,,,,,,,-5.3601561259673895e-06,0,781,0.0,0.0,,,,,,,,,,,,,,,,,,,,,,,,,,,,,,,,,,,,,,,,,,,,,,,,,,,,,,,,,,,,,,,,,,,,,,,,,,nan,,,,,,,,,,,,,,,
654,-0.026649190112948418,-2.6645901129995764e-07,-2.6645901129995764e-05,6274.699685096741,10000,ppo,ppo,crawler,flat,obs_dth_tot_direct,,,,,,,,,,,,,,,-1.7931107693994548e-06,0,781,0.0,0.0,,,,,,,,,,,,,,,,,,,,,,,,,,,,,,,,,,,,,,,,,,,,,,,,,,,,,,,,,,,,,,,,,,,,,,,,,,nan,,,,,,,,,,,,,,,
655,-0.07199952751398087,-7.199556648629368e-07,-7.199556648629368e-05,6284.181427240372,10000,ppo,ppo,crawler,flat,obs_dth_tot_direct,,,,,,,,,,,,,,,-0.027340442045960246,0,781,0.0,0.0,,,,,,,,,,,,,,,,,,,,,,,,,,,,,,,,,,,,,,,,,,,,,,,,,,,,,,,,,,,,,,,,,,,,,,,,,,nan,,,,,,,,,,,,,,,
656,1.0012390613555908,1.0012407074100338e-05,0.0010012407074100338,6293.549761772156,10000,ppo,ppo,crawler,flat,obs_dth_tot_direct,,,,,,,,,,,,,,,-6.36294846650733e-07,0,781,0.0,0.0,,,,,,,,,,,,,,,,,,,,,,,,,,,,,,,,,,,,,,,,,,,,,,,,,,,,,,,,,,,,,,,,,,,,,,,,,,nan,,,,,,,,,,,,,,,
657,0.1719987392425537,1.7200391084770672e-06,0.00017200391084770672,6303.088021993637,10000,ppo,ppo,crawler,flat,obs_dth_tot_direct,,,,,,,,,,,,,,,-0.01849027632088156,0,781,0.0,0.0,,,,,,,,,,,,,,,,,,,,,,,,,,,,,,,,,,,,,,,,,,,,,,,,,,,,,,,,,,,,,,,,,,,,,,,,,,nan,,,,,,,,,,,,,,,
658,-1.0170551538467407,-1.0170544555876404e-05,-0.0010170544555876404,6313.03417801857,10000,ppo,ppo,crawler,flat,obs_dth_tot_direct,,,,,,,,,,,,,,,-6.50670126595662e-07,0,781,0.0,0.0,,,,,,,,,,,,,,,,,,,,,,,,,,,,,,,,,,,,,,,,,,,,,,,,,,,,,,,,,,,,,,,,,,,,,,,,,,nan,,,,,,,,,,,,,,,
659,1.5366772413253784,1.536676245450508e-05,0.0015366762454505078,6322.4483416080475,10000,ppo,ppo,crawler,flat,obs_dth_tot_direct,,,,,,,,,,,,,,,-8.053803356142569e-06,0,781,0.0,0.0,,,,,,,,,,,,,,,,,,,,,,,,,,,,,,,,,,,,,,,,,,,,,,,,,,,,,,,,,,,,,,,,,,,,,,,,,,nan,,,,,,,,,,,,,,,
660,-0.30922242999076843,-3.0922115001885686e-06,-0.00030922115001885686,6332.0509078502655,10000,ppo,ppo,crawler,flat,obs_dth_tot_direct,,,,,,,,,,,,,,,-5.02093195457312e-05,0,781,0.0,0.0,,,,,,,,,,,,,,,,,,,,,,,,,,,,,,,,,,,,,,,,,,,,,,,,,,,,,,,,,,,,,,,,,,,,,,,,,,nan,,,,,,,,,,,,,,,
661,1.2427304983139038,1.2427325600583572e-05,0.0012427325600583572,6341.282416343689,10000,ppo,ppo,crawler,flat,obs_dth_tot_direct,,,,,,,,,,,,,,,-1.3995518557317126e-05,0,781,0.0,0.0,,,,,,,,,,,,,,,,,,,,,,,,,,,,,,,,,,,,,,,,,,,,,,,,,,,,,,,,,,,,,,,,,,,,,,,,,,nan,,,,,,,,,,,,,,,
662,-0.6708747148513794,-6.708732144034002e-06,-0.0006708732144034002,6350.384900093079,10000,ppo,ppo,crawler,flat,obs_dth_tot_direct,,,,,,,,,,,,,,,-2.4434960138400904e-05,0,781,0.0,0.0,,,,,,,,,,,,,,,,,,,,,,,,,,,,,,,,,,,,,,,,,,,,,,,,,,,,,,,,,,,,,,,,,,,,,,,,,,nan,,,,,,,,,,,,,,,
663,-1.19429349899292,-1.1942902347072959e-05,-0.001194290234707296,6359.58590722084,10000,ppo,ppo,crawler,flat,obs_dth_tot_direct,,,,,,,,,,,,,,,1.5164423786418539e-05,0,781,0.0,0.0,,,,,,,,,,,,,,,,,,,,,,,,,,,,,,,,,,,,,,,,,,,,,,,,,,,,,,,,,,,,,,,,,,,,,,,,,,nan,,,,,,,,,,,,,,,
664,0.22156600654125214,2.215624817836215e-06,0.00022156248178362148,6368.663240432739,10000,ppo,ppo,crawler,flat,obs_dth_tot_direct,,,,,,,,,,,,,,,-1.60306134045353e-05,0,781,0.0,0.0,,,,,,,,,,,,,,,,,,,,,,,,,,,,,,,,,,,,,,,,,,,,,,,,,,,,,,,,,,,,,,,,,,,,,,,,,,nan,,,,,,,,,,,,,,,
665,0.5749697089195251,5.74973182665417e-06,0.000574973182665417,6377.161364078522,10000,ppo,ppo,crawler,flat,obs_dth_tot_direct,,,,,,,,,,,,,,,-1.2325021592129819e-05,0,781,0.0,0.0,,,,,,,,,,,,,,,,,,,,,,,,,,,,,,,,,,,,,,,,,,,,,,,,,,,,,,,,,,,,,,,,,,,,,,,,,,nan,,,,,,,,,,,,,,,
666,0.2942473590373993,2.9424561489577172e-06,0.0002942456148957717,6385.758855104446,10000,ppo,ppo,crawler,flat,obs_dth_tot_direct,,,,,,,,,,,,,,,0.0,0,781,0.0,0.0,,,,,,,,,,,,,,,,,,,,,,,,,,,,,,,,,,,,,,,,,,,,,,,,,,,,,,,,,,,,,,,,,,,,,,,,,,nan,,,,,,,,,,,,,,,
667,0.9468488097190857,9.46853106142953e-06,0.000946853106142953,6394.652267456055,10000,ppo,ppo,crawler,flat,obs_dth_tot_direct,,,,,,,,,,,,,,,-3.996764151105197e-05,0,781,0.0,0.0,,,,,,,,,,,,,,,,,,,,,,,,,,,,,,,,,,,,,,,,,,,,,,,,,,,,,,,,,,,,,,,,,,,,,,,,,,nan,,,,,,,,,,,,,,,
668,-0.42163100838661194,-4.216304205328925e-06,-0.00042163042053289246,6403.772000551224,10000,ppo,ppo,crawler,flat,obs_dth_tot_direct,,,,,,,,,,,,,,,-2.6873137596779994e-05,0,781,0.0,0.0,,,,,,,,,,,,,,,,,,,,,,,,,,,,,,,,,,,,,,,,,,,,,,,,,,,,,,,,,,,,,,,,,,,,,,,,,,nan,,,,,,,,,,,,,,,
669,0.7217830419540405,7.2178622758656275e-06,0.0007217862275865627,6413.35559296608,10000,ppo,ppo,crawler,flat,obs_dth_tot_direct,,,,,,,,,,,,,,,-0.028683742625154697,0,781,0.0,0.0,,,,,,,,,,,,,,,,,,,,,,,,,,,,,,,,,,,,,,,,,,,,,,,,,,,,,,,,,,,,,,,,,,,,,,,,,,nan,,,,,,,,,,,,,,,
670,0.3278125524520874,3.278144049545517e-06,0.0003278144049545517,6422.9472069740295,10000,ppo,ppo,crawler,flat,obs_dth_tot_direct,,,,,,,,,,,,,,,-0.02108193470925932,0,781,0.0,0.0,,,,,,,,,,,,,,,,,,,,,,,,,,,,,,,,,,,,,,,,,,,,,,,,,,,,,,,,,,,,,,,,,,,,,,,,,,nan,,,,,,,,,,,,,,,
671,0.32982778549194336,3.298276169516612e-06,0.0003298276169516612,6432.4707407951355,10000,ppo,ppo,crawler,flat,obs_dth_tot_direct,,,,,,,,,,,,,,,0.0,0,781,0.0,0.0,,,,,,,,,,,,,,,,,,,,,,,,,,,,,,,,,,,,,,,,,,,,,,,,,,,,,,,,,,,,,,,,,,,,,,,,,,nan,,,,,,,,,,,,,,,
672,-0.8159074783325195,-8.159027856891043e-06,-0.0008159027856891043,6442.262846469879,10000,ppo,ppo,crawler,flat,obs_dth_tot_direct,,,,,,,,,,,,,,,-4.812870079248419e-05,0,781,0.0,0.0,,,,,,,,,,,,,,,,,,,,,,,,,,,,,,,,,,,,,,,,,,,,,,,,,,,,,,,,,,,,,,,,,,,,,,,,,,nan,,,,,,,,,,,,,,,
673,-0.4139883518218994,-4.139900738664437e-06,-0.0004139900738664437,6451.571294546127,10000,ppo,ppo,crawler,flat,obs_dth_tot_direct,,,,,,,,,,,,,,,-7.24918358075634e-07,0,781,0.0,0.0,,,,,,,,,,,,,,,,,,,,,,,,,,,,,,,,,,,,,,,,,,,,,,,,,,,,,,,,,,,,,,,,,,,,,,,,,,nan,,,,,,,,,,,,,,,
674,0.9229035377502441,9.229085662809666e-06,0.0009229085662809666,6461.7122457027435,10000,ppo,ppo,crawler,flat,obs_dth_tot_direct,,,,,,,,,,,,,,,-0.012980544436412951,0,781,0.0,0.0,,,,,,,,,,,,,,,,,,,,,,,,,,,,,,,,,,,,,,,,,,,,,,,,,,,,,,,,,,,,,,,,,,,,,,,,,,nan,,,,,,,,,,,,,,,
675,-1.5375007390975952,-1.537499701953493e-05,-0.001537499701953493,6471.607726097107,10000,ppo,ppo,crawler,flat,obs_dth_tot_direct,,,,,,,,,,,,,,,-4.109765537722316e-06,0,781,0.0,0.0,,,,,,,,,,,,,,,,,,,,,,,,,,,,,,,,,,,,,,,,,,,,,,,,,,,,,,,,,,,,,,,,,,,,,,,,,,nan,,,,,,,,,,,,,,,
676,-1.0281754732131958,-1.028176939144032e-05,-0.001028176939144032,6481.183800935745,10000,ppo,ppo,crawler,flat,obs_dth_tot_direct,,,,,,,,,,,,,,,-0.0013095023582728816,0,781,0.0,0.0,,,,,,,,,,,,,,,,,,,,,,,,,,,,,,,,,,,,,,,,,,,,,,,,,,,,,,,,,,,,,,,,,,,,,,,,,,nan,,,,,,,,,,,,,,,
677,1.267573356628418,1.2675779544224497e-05,0.0012675779544224497,6491.453556060791,10000,ppo,ppo,crawler,flat,obs_dth_tot_direct,,,,,,,,,,,,,,,-3.4291285272597047e-06,0,781,0.0,0.0,,,,,,,,,,,,,,,,,,,,,,,,,,,,,,,,,,,,,,,,,,,,,,,,,,,,,,,,,,,,,,,,,,,,,,,,,,nan,,,,,,,,,,,,,,,
678,-1.6609684228897095,-1.6609677913947962e-05,-0.0016609677913947962,6501.822064876556,10000,ppo,ppo,crawler,flat,obs_dth_tot_direct,,,,,,,,,,,,,,,-0.004977419334445888,0,781,0.0,0.0,,,,,,,,,,,,,,,,,,,,,,,,,,,,,,,,,,,,,,,,,,,,,,,,,,,,,,,,,,,,,,,,,,,,,,,,,,nan,,,,,,,,,,,,,,,
679,-0.23371990025043488,-2.3371997031063074e-06,-0.00023371997031063074,6511.89417386055,10000,ppo,ppo,crawler,flat,obs_dth_tot_direct,,,,,,,,,,,,,,,0.0,0,781,0.0,0.0,,,,,,,,,,,,,,,,,,,,,,,,,,,,,,,,,,,,,,,,,,,,,,,,,,,,,,,,,,,,,,,,,,,,,,,,,,nan,,,,,,,,,,,,,,,
680,-0.5196982622146606,-5.196949587116251e-06,-0.0005196949587116251,6521.770721673965,10000,ppo,ppo,crawler,flat,obs_dth_tot_direct,,,,,,,,,,,,,,,-0.002036247271257387,0,781,0.0,0.0,,,,,,,,,,,,,,,,,,,,,,,,,,,,,,,,,,,,,,,,,,,,,,,,,,,,,,,,,,,,,,,,,,,,,,,,,,nan,,,,,,,,,,,,,,,
681,1.2821128368377686,1.2821186828659847e-05,0.0012821186828659847,6531.755334615707,10000,ppo,ppo,crawler,flat,obs_dth_tot_direct,,,,,,,,,,,,,,,0.0,0,781,0.0,0.0,,,,,,,,,,,,,,,,,,,,,,,,,,,,,,,,,,,,,,,,,,,,,,,,,,,,,,,,,,,,,,,,,,,,,,,,,,nan,,,,,,,,,,,,,,,
682,-0.32189038395881653,-3.218902293156134e-06,-0.0003218902293156134,6542.64413690567,10000,ppo,ppo,crawler,flat,obs_dth_tot_direct,,,,,,,,,,,,,,,-1.8635477331704274e-05,0,781,0.0,0.0,,,,,,,,,,,,,,,,,,,,,,,,,,,,,,,,,,,,,,,,,,,,,,,,,,,,,,,,,,,,,,,,,,,,,,,,,,nan,,,,,,,,,,,,,,,
683,-0.48872241377830505,-4.887201157544041e-06,-0.0004887201157544041,6552.503432750702,10000,ppo,ppo,crawler,flat,obs_dth_tot_direct,,,,,,,,,,,,,,,0.0,0,781,0.0,0.0,,,,,,,,,,,,,,,,,,,,,,,,,,,,,,,,,,,,,,,,,,,,,,,,,,,,,,,,,,,,,,,,,,,,,,,,,,nan,,,,,,,,,,,,,,,
684,0.5329076051712036,5.329087798600085e-06,0.0005329087798600085,6562.324860334396,10000,ppo,ppo,crawler,flat,obs_dth_tot_direct,,,,,,,,,,,,,,,-8.122879110286239e-05,0,781,0.0,0.0,,,,,,,,,,,,,,,,,,,,,,,,,,,,,,,,,,,,,,,,,,,,,,,,,,,,,,,,,,,,,,,,,,,,,,,,,,nan,,,,,,,,,,,,,,,
685,0.9128491282463074,9.128533747571055e-06,0.0009128533747571055,6572.712318181992,10000,ppo,ppo,crawler,flat,obs_dth_tot_direct,,,,,,,,,,,,,,,-3.81519095006276e-06,0,781,0.0,0.0,,,,,,,,,,,,,,,,,,,,,,,,,,,,,,,,,,,,,,,,,,,,,,,,,,,,,,,,,,,,,,,,,,,,,,,,,,nan,,,,,,,,,,,,,,,
686,-0.8421505093574524,-8.421501661359798e-06,-0.0008421501661359798,6582.282184123993,10000,ppo,ppo,crawler,flat,obs_dth_tot_direct,,,,,,,,,,,,,,,-0.0004939130685088271,0,781,0.0,0.0,,,,,,,,,,,,,,,,,,,,,,,,,,,,,,,,,,,,,,,,,,,,,,,,,,,,,,,,,,,,,,,,,,,,,,,,,,nan,,,,,,,,,,,,,,,
687,-0.5273529887199402,-5.27354904988897e-06,-0.000527354904988897,6591.555774450302,10000,ppo,ppo,crawler,flat,obs_dth_tot_direct,,,,,,,,,,,,,,,0.0,0,781,0.0,0.0,,,,,,,,,,,,,,,,,,,,,,,,,,,,,,,,,,,,,,,,,,,,,,,,,,,,,,,,,,,,,,,,,,,,,,,,,,nan,,,,,,,,,,,,,,,
688,2.0769543647766113,2.0769602997461334e-05,0.0020769602997461334,6600.800797700882,10000,ppo,ppo,crawler,flat,obs_dth_tot_direct,,,,,,,,,,,,,,,-6.51828567861137e-05,0,781,0.0,0.0,,,,,,,,,,,,,,,,,,,,,,,,,,,,,,,,,,,,,,,,,,,,,,,,,,,,,,,,,,,,,,,,,,,,,,,,,,nan,,,,,,,,,,,,,,,
689,1.2090991735458374,1.2090999916836154e-05,0.0012090999916836154,6610.196799039841,10000,ppo,ppo,crawler,flat,obs_dth_tot_direct,,,,,,,,,,,,,,,0.0,0,781,0.0,0.0,,,,,,,,,,,,,,,,,,,,,,,,,,,,,,,,,,,,,,,,,,,,,,,,,,,,,,,,,,,,,,,,,,,,,,,,,,nan,,,,,,,,,,,,,,,
690,-0.09114842861890793,-9.114726253756089e-07,-9.114726253756089e-05,6619.282267093658,10000,ppo,ppo,crawler,flat,obs_dth_tot_direct,,,,,,,,,,,,,,,-0.0020912044208196306,0,781,0.0,0.0,,,,,,,,,,,,,,,,,,,,,,,,,,,,,,,,,,,,,,,,,,,,,,,,,,,,,,,,,,,,,,,,,,,,,,,,,,nan,,,,,,,,,,,,,,,
691,0.08126630634069443,8.126750117298798e-07,8.126750117298798e-05,6628.556195259094,10000,ppo,ppo,crawler,flat,obs_dth_tot_direct,,,,,,,,,,,,,,,0.0,0,781,0.0,0.0,,,,,,,,,,,,,,,,,,,,,,,,,,,,,,,,,,,,,,,,,,,,,,,,,,,,,,,,,,,,,,,,,,,,,,,,,,nan,,,,,,,,,,,,,,,
692,0.24059991538524628,2.406043222435983e-06,0.0002406043222435983,6638.433402061462,10000,ppo,ppo,crawler,flat,obs_dth_tot_direct,,,,,,,,,,,,,,,-0.0004070772158599694,0,781,0.0,0.0,,,,,,,,,,,,,,,,,,,,,,,,,,,,,,,,,,,,,,,,,,,,,,,,,,,,,,,,,,,,,,,,,,,,,,,,,,nan,,,,,,,,,,,,,,,
693,-1.2665914297103882,-1.266590061277384e-05,-0.001266590061277384,6650.3588852882385,10000,ppo,ppo,crawler,flat,obs_dth_tot_direct,,,,,,,,,,,,,,,0.0,0,781,0.0,0.0,,,,,,,,,,,,,,,,,,,,,,,,,,,,,,,,,,,,,,,,,,,,,,,,,,,,,,,,,,,,,,,,,,,,,,,,,,nan,,,,,,,,,,,,,,,
694,-1.3972142934799194,-1.3972154192742892e-05,-0.0013972154192742892,6660.9223783016205,10000,ppo,ppo,crawler,flat,obs_dth_tot_direct,,,,,,,,,,,,,,,-1.6044398409608995e-06,0,781,0.0,0.0,,,,,,,,,,,,,,,,,,,,,,,,,,,,,,,,,,,,,,,,,,,,,,,,,,,,,,,,,,,,,,,,,,,,,,,,,,nan,,,,,,,,,,,,,,,
695,-0.688960611820221,-6.889635187690146e-06,-0.0006889635187690146,6670.406284093857,10000,ppo,ppo,crawler,flat,obs_dth_tot_direct,,,,,,,,,,,,,,,-0.00019579238965439582,0,781,0.0,0.0,,,,,,,,,,,,,,,,,,,,,,,,,,,,,,,,,,,,,,,,,,,,,,,,,,,,,,,,,,,,,,,,,,,,,,,,,,nan,,,,,,,,,,,,,,,
696,-2.1227340698242188,-2.1227371689747088e-05,-0.0021227371689747088,6680.509539604187,10000,ppo,ppo,crawler,flat,obs_dth_tot_direct,,,,,,,,,,,,,,,-2.7471511754733196e-06,0,781,0.0,0.0,,,,,,,,,,,,,,,,,,,,,,,,,,,,,,,,,,,,,,,,,,,,,,,,,,,,,,,,,,,,,,,,,,,,,,,,,,nan,,,,,,,,,,,,,,,
697,-0.47556430101394653,-4.755641384690534e-06,-0.00047556413846905343,6691.270896196365,10000,ppo,ppo,crawler,flat,obs_dth_tot_direct,,,,,,,,,,,,,,,-0.009618987952968375,0,781,0.0,0.0,,,,,,,,,,,,,,,,,,,,,,,,,,,,,,,,,,,,,,,,,,,,,,,,,,,,,,,,,,,,,,,,,,,,,,,,,,nan,,,,,,,,,,,,,,,
698,-0.4860254228115082,-4.860225544689456e-06,-0.0004860225544689456,6701.487840175629,10000,ppo,ppo,crawler,flat,obs_dth_tot_direct,,,,,,,,,,,,,,,0.0,0,781,0.0,0.0,,,,,,,,,,,,,,,,,,,,,,,,,,,,,,,,,,,,,,,,,,,,,,,,,,,,,,,,,,,,,,,,,,,,,,,,,,nan,,,,,,,,,,,,,,,
699,1.064203143119812,1.0642034794727806e-05,0.0010642034794727806,6711.589998245239,10000,ppo,ppo,crawler,flat,obs_dth_tot_direct,,,,,,,,,,,,,,,-0.00011335387253578127,0,781,0.0,0.0,,,,,,,,,,,,,,,,,,,,,,,,,,,,,,,,,,,,,,,,,,,,,,,,,,,,,,,,,,,,,,,,,,,,,,,,,,nan,,,,,,,,,,,,,,,
700,0.1565118283033371,1.5651538660677033e-06,0.00015651538660677033,6722.21204161644,10000,ppo,ppo,crawler,flat,obs_dth_tot_direct,,,,,,,,,,,,,,,0.0,0,781,0.0,0.0,,,,,,,,,,,,,,,,,,,,,,,,,,,,,,,,,,,,,,,,,,,,,,,,,,,,,,,,,,,,,,,,,,,,,,,,,,nan,,,,,,,,,,,,,,,
701,-0.07993903011083603,-7.993733106559375e-07,-7.993733106559375e-05,6733.61422586441,10000,ppo,ppo,crawler,flat,obs_dth_tot_direct,,,,,,,,,,,,,,,-0.0001383809284539595,0,781,0.0,0.0,,,,,,,,,,,,,,,,,,,,,,,,,,,,,,,,,,,,,,,,,,,,,,,,,,,,,,,,,,,,,,,,,,,,,,,,,,nan,,,,,,,,,,,,,,,
702,2.1459224224090576,2.1459247363964096e-05,0.0021459247363964096,6744.140153169632,10000,ppo,ppo,crawler,flat,obs_dth_tot_direct,,,,,,,,,,,,,,,-0.00023094920510671814,0,781,0.0,0.0,,,,,,,,,,,,,,,,,,,,,,,,,,,,,,,,,,,,,,,,,,,,,,,,,,,,,,,,,,,,,,,,,,,,,,,,,,nan,,,,,,,,,,,,,,,
703,0.35237303376197815,3.5237735573900864e-06,0.00035237735573900864,6753.78365445137,10000,ppo,ppo,crawler,flat,obs_dth_tot_direct,,,,,,,,,,,,,,,0.0,0,781,0.0,0.0,,,,,,,,,,,,,,,,,,,,,,,,,,,,,,,,,,,,,,,,,,,,,,,,,,,,,,,,,,,,,,,,,,,,,,,,,,nan,,,,,,,,,,,,,,,
704,0.23241928219795227,2.324221895833034e-06,0.0002324221895833034,6764.0839302539825,10000,ppo,ppo,crawler,flat,obs_dth_tot_direct,,,,,,,,,,,,,,,-2.0770426415069154e-05,0,781,0.0,0.0,,,,,,,,,,,,,,,,,,,,,,,,,,,,,,,,,,,,,,,,,,,,,,,,,,,,,,,,,,,,,,,,,,,,,,,,,,nan,,,,,,,,,,,,,,,
705,-1.9421228170394897,-1.9421251636231318e-05,-0.0019421251636231318,6773.809275150299,10000,ppo,ppo,crawler,flat,obs_dth_tot_direct,,,,,,,,,,,,,,,0.0,0,781,0.0,0.0,,,,,,,,,,,,,,,,,,,,,,,,,,,,,,,,,,,,,,,,,,,,,,,,,,,,,,,,,,,,,,,,,,,,,,,,,,nan,,,,,,,,,,,,,,,
706,-1.8553060293197632,-1.8553075278759934e-05,-0.0018553075278759934,6783.431964159012,10000,ppo,ppo,crawler,flat,obs_dth_tot_direct,,,,,,,,,,,,,,,-1.752120293629154e-05,0,781,0.0,0.0,,,,,,,,,,,,,,,,,,,,,,,,,,,,,,,,,,,,,,,,,,,,,,,,,,,,,,,,,,,,,,,,,,,,,,,,,,nan,,,,,,,,,,,,,,,
707,-1.014107584953308,-1.0141053280676715e-05,-0.0010141053280676715,6793.682489395142,10000,ppo,ppo,crawler,flat,obs_dth_tot_direct,,,,,,,,,,,,,,,-0.059952165429431485,0,781,0.0,0.0,,,,,,,,,,,,,,,,,,,,,,,,,,,,,,,,,,,,,,,,,,,,,,,,,,,,,,,,,,,,,,,,,,,,,,,,,,nan,,,,,,,,,,,,,,,
708,-0.25339174270629883,-2.533882025090861e-06,-0.0002533882025090861,6804.6400327682495,10000,ppo,ppo,crawler,flat,obs_dth_tot_direct,,,,,,,,,,,,,,,0.0,0,781,0.0,0.0,,,,,,,,,,,,,,,,,,,,,,,,,,,,,,,,,,,,,,,,,,,,,,,,,,,,,,,,,,,,,,,,,,,,,,,,,,nan,,,,,,,,,,,,,,,
709,-1.2373499870300293,-1.2373469871818088e-05,-0.0012373469871818088,6815.048387527466,10000,ppo,ppo,crawler,flat,obs_dth_tot_direct,,,,,,,,,,,,,,,0.0,0,781,0.0,0.0,,,,,,,,,,,,,,,,,,,,,,,,,,,,,,,,,,,,,,,,,,,,,,,,,,,,,,,,,,,,,,,,,,,,,,,,,,nan,,,,,,,,,,,,,,,
710,0.5243508219718933,5.243498890195042e-06,0.0005243498890195042,6825.358248949051,10000,ppo,ppo,crawler,flat,obs_dth_tot_direct,,,,,,,,,,,,,,,-0.0003096215395917508,0,781,0.0,0.0,,,,,,,,,,,,,,,,,,,,,,,,,,,,,,,,,,,,,,,,,,,,,,,,,,,,,,,,,,,,,,,,,,,,,,,,,,nan,,,,,,,,,,,,,,,
711,2.1699633598327637,2.169965227949433e-05,0.002169965227949433,6835.204349279404,10000,ppo,ppo,crawler,flat,obs_dth_tot_direct,,,,,,,,,,,,,,,-0.0013388359559063112,0,781,0.0,0.0,,,,,,,,,,,,,,,,,,,,,,,,,,,,,,,,,,,,,,,,,,,,,,,,,,,,,,,,,,,,,,,,,,,,,,,,,,nan,,,,,,,,,,,,,,,
712,0.6072571277618408,6.072609721741173e-06,0.0006072609721741173,6845.492344856262,10000,ppo,ppo,crawler,flat,obs_dth_tot_direct,,,,,,,,,,,,,,,0.0,0,781,0.0,0.0,,,,,,,,,,,,,,,,,,,,,,,,,,,,,,,,,,,,,,,,,,,,,,,,,,,,,,,,,,,,,,,,,,,,,,,,,,nan,,,,,,,,,,,,,,,
713,-0.8200057148933411,-8.200056981877424e-06,-0.0008200056981877424,6855.603425741196,10000,ppo,ppo,crawler,flat,obs_dth_tot_direct,,,,,,,,,,,,,,,-1.9625479190892966e-05,0,781,0.0,0.0,,,,,,,,,,,,,,,,,,,,,,,,,,,,,,,,,,,,,,,,,,,,,,,,,,,,,,,,,,,,,,,,,,,,,,,,,,nan,,,,,,,,,,,,,,,
714,-0.4351997971534729,-4.351966708782129e-06,-0.0004351966708782129,6866.3240122795105,10000,ppo,ppo,crawler,flat,obs_dth_tot_direct,,,,,,,,,,,,,,,0.0,0,781,0.0,0.0,,,,,,,,,,,,,,,,,,,,,,,,,,,,,,,,,,,,,,,,,,,,,,,,,,,,,,,,,,,,,,,,,,,,,,,,,,nan,,,,,,,,,,,,,,,
715,-0.31515464186668396,-3.1515057798969792e-06,-0.0003151505779896979,6876.662173986435,10000,ppo,ppo,crawler,flat,obs_dth_tot_direct,,,,,,,,,,,,,,,-9.195425961448044e-06,0,781,0.0,0.0,,,,,,,,,,,,,,,,,,,,,,,,,,,,,,,,,,,,,,,,,,,,,,,,,,,,,,,,,,,,,,,,,,,,,,,,,,nan,,,,,,,,,,,,,,,
716,-0.6239256262779236,-6.239290087250993e-06,-0.0006239290087250993,6887.7002389431,10000,ppo,ppo,crawler,flat,obs_dth_tot_direct,,,,,,,,,,,,,,,-0.004221067947506065,0,781,0.0,0.0,,,,,,,,,,,,,,,,,,,,,,,,,,,,,,,,,,,,,,,,,,,,,,,,,,,,,,,,,,,,,,,,,,,,,,,,,,nan,,,,,,,,,,,,,,,
717,1.4663394689559937,1.4663433830719441e-05,0.0014663433830719441,6899.07716178894,10000,ppo,ppo,crawler,flat,obs_dth_tot_direct,,,,,,,,,,,,,,,-1.4406364177390647e-05,0,781,0.0,0.0,,,,,,,,,,,,,,,,,,,,,,,,,,,,,,,,,,,,,,,,,,,,,,,,,,,,,,,,,,,,,,,,,,,,,,,,,,nan,,,,,,,,,,,,,,,
718,-1.4035332202911377,-1.403535407007439e-05,-0.001403535407007439,6909.389438867569,10000,ppo,ppo,crawler,flat,obs_dth_tot_direct,,,,,,,,,,,,,,,0.0,0,781,0.0,0.0,,,,,,,,,,,,,,,,,,,,,,,,,,,,,,,,,,,,,,,,,,,,,,,,,,,,,,,,,,,,,,,,,,,,,,,,,,nan,,,,,,,,,,,,,,,
719,0.01702401600778103,1.70272485888745e-07,1.70272485888745e-05,6920.931591510773,10000,ppo,ppo,crawler,flat,obs_dth_tot_direct,,,,,,,,,,,,,,,-5.833805799865845e-06,0,781,0.0,0.0,,,,,,,,,,,,,,,,,,,,,,,,,,,,,,,,,,,,,,,,,,,,,,,,,,,,,,,,,,,,,,,,,,,,,,,,,,nan,,,,,,,,,,,,,,,
720,0.8083845376968384,8.083849024842493e-06,0.0008083849024842493,6931.710500240326,10000,ppo,ppo,crawler,flat,obs_dth_tot_direct,,,,,,,,,,,,,,,-0.002936248892915844,0,781,0.0,0.0,,,,,,,,,,,,,,,,,,,,,,,,,,,,,,,,,,,,,,,,,,,,,,,,,,,,,,,,,,,,,,,,,,,,,,,,,,nan,,,,,,,,,,,,,,,
721,-0.26576921343803406,-2.6576394702715334e-06,-0.00026576394702715334,6942.450755596161,10000,ppo,ppo,crawler,flat,obs_dth_tot_direct,,,,,,,,,,,,,,,0.0,0,781,0.0,0.0,,,,,,,,,,,,,,,,,,,,,,,,,,,,,,,,,,,,,,,,,,,,,,,,,,,,,,,,,,,,,,,,,,,,,,,,,,nan,,,,,,,,,,,,,,,
722,-0.41373059153556824,-4.137299129070016e-06,-0.00041372991290700156,6953.619032382965,10000,ppo,ppo,crawler,flat,obs_dth_tot_direct,,,,,,,,,,,,,,,-3.7704123405885144e-05,0,781,0.0,0.0,,,,,,,,,,,,,,,,,,,,,,,,,,,,,,,,,,,,,,,,,,,,,,,,,,,,,,,,,,,,,,,,,,,,,,,,,,nan,,,,,,,,,,,,,,,
723,-0.4632125496864319,-4.632087893696735e-06,-0.00046320878936967347,6963.811393022537,10000,ppo,ppo,crawler,flat,obs_dth_tot_direct,,,,,,,,,,,,,,,0.0,0,781,0.0,0.0,,,,,,,,,,,,,,,,,,,,,,,,,,,,,,,,,,,,,,,,,,,,,,,,,,,,,,,,,,,,,,,,,,,,,,,,,,nan,,,,,,,,,,,,,,,
724,-0.959830105304718,-9.598301403457299e-06,-0.0009598301403457299,6974.317778587341,10000,ppo,ppo,crawler,flat,obs_dth_tot_direct,,,,,,,,,,,,,,,-0.00037062493786120385,0,781,0.0,0.0,,,,,,,,,,,,,,,,,,,,,,,,,,,,,,,,,,,,,,,,,,,,,,,,,,,,,,,,,,,,,,,,,,,,,,,,,,nan,,,,,,,,,,,,,,,
725,1.2460237741470337,1.2460262041713577e-05,0.0012460262041713577,6984.566283226013,10000,ppo,ppo,crawler,flat,obs_dth_tot_direct,,,,,,,,,,,,,,,-0.00013072092071767042,0,781,0.0,0.0,,,,,,,,,,,,,,,,,,,,,,,,,,,,,,,,,,,,,,,,,,,,,,,,,,,,,,,,,,,,,,,,,,,,,,,,,,nan,,,,,,,,,,,,,,,
726,-1.4310230016708374,-1.4310238839243539e-05,-0.0014310238839243539,6994.901083707809,10000,ppo,ppo,crawler,flat,obs_dth_tot_direct,,,,,,,,,,,,,,,0.0,0,781,0.0,0.0,,,,,,,,,,,,,,,,,,,,,,,,,,,,,,,,,,,,,,,,,,,,,,,,,,,,,,,,,,,,,,,,,,,,,,,,,,nan,,,,,,,,,,,,,,,
727,1.108289361000061,1.108293690776918e-05,0.001108293690776918,7005.0004625320435,10000,ppo,ppo,crawler,flat,obs_dth_tot_direct,,,,,,,,,,,,,,,-0.024236831484927716,0,781,0.0,0.0,,,,,,,,,,,,,,,,,,,,,,,,,,,,,,,,,,,,,,,,,,,,,,,,,,,,,,,,,,,,,,,,,,,,,,,,,,nan,,,,,,,,,,,,,,,
728,0.9598242044448853,9.598268661648035e-06,0.0009598268661648035,7015.335611343384,10000,ppo,ppo,crawler,flat,obs_dth_tot_direct,,,,,,,,,,,,,,,-2.265701525953149e-11,0,781,0.0,0.0,,,,,,,,,,,,,,,,,,,,,,,,,,,,,,,,,,,,,,,,,,,,,,,,,,,,,,,,,,,,,,,,,,,,,,,,,,nan,,,,,,,,,,,,,,,
729,0.9854789972305298,9.854818017629441e-06,0.000985481801762944,7025.391097068787,10000,ppo,ppo,crawler,flat,obs_dth_tot_direct,,,,,,,,,,,,,,,-0.05817293318372492,0,781,0.0,0.0,,,,,,,,,,,,,,,,,,,,,,,,,,,,,,,,,,,,,,,,,,,,,,,,,,,,,,,,,,,,,,,,,,,,,,,,,,nan,,,,,,,,,,,,,,,
730,0.7682873010635376,7.682875548198353e-06,0.0007682875548198353,7035.988740682602,10000,ppo,ppo,crawler,flat,obs_dth_tot_direct,,,,,,,,,,,,,,,0.0,0,781,0.0,0.0,,,,,,,,,,,,,,,,,,,,,,,,,,,,,,,,,,,,,,,,,,,,,,,,,,,,,,,,,,,,,,,,,,,,,,,,,,nan,,,,,,,,,,,,,,,
731,-1.5737907886505127,-1.5737894500489347e-05,-0.0015737894500489347,7046.436286687851,10000,ppo,ppo,crawler,flat,obs_dth_tot_direct,,,,,,,,,,,,,,,-0.01671439693780394,0,781,0.0,0.0,,,,,,,,,,,,,,,,,,,,,,,,,,,,,,,,,,,,,,,,,,,,,,,,,,,,,,,,,,,,,,,,,,,,,,,,,,nan,,,,,,,,,,,,,,,
732,0.29784107208251953,2.978395514219301e-06,0.0002978395514219301,7056.756097078323,10000,ppo,ppo,crawler,flat,obs_dth_tot_direct,,,,,,,,,,,,,,,0.0,0,781,0.0,0.0,,,,,,,,,,,,,,,,,,,,,,,,,,,,,,,,,,,,,,,,,,,,,,,,,,,,,,,,,,,,,,,,,,,,,,,,,,nan,,,,,,,,,,,,,,,
733,-0.2513886094093323,-2.5138519959000405e-06,-0.00025138519959000405,7066.863476037979,10000,ppo,ppo,crawler,flat,obs_dth_tot_direct,,,,,,,,,,,,,,,-0.00034412392266046983,0,781,0.0,0.0,,,,,,,,,,,,,,,,,,,,,,,,,,,,,,,,,,,,,,,,,,,,,,,,,,,,,,,,,,,,,,,,,,,,,,,,,,nan,,,,,,,,,,,,,,,
734,-0.7362943887710571,-7.362936230492778e-06,-0.0007362936230492778,7077.060565710068,10000,ppo,ppo,crawler,flat,obs_dth_tot_direct,,,,,,,,,,,,,,,-7.941880085709459e-10,0,781,0.0,0.0,,,,,,,,,,,,,,,,,,,,,,,,,,,,,,,,,,,,,,,,,,,,,,,,,,,,,,,,,,,,,,,,,,,,,,,,,,nan,,,,,,,,,,,,,,,
735,-0.7370235323905945,-7.370223556790734e-06,-0.0007370223556790734,7087.281188488007,10000,ppo,ppo,crawler,flat,obs_dth_tot_direct,,,,,,,,,,,,,,,-1.055606081604805e-05,0,781,0.0,0.0,,,,,,,,,,,,,,,,,,,,,,,,,,,,,,,,,,,,,,,,,,,,,,,,,,,,,,,,,,,,,,,,,,,,,,,,,,nan,,,,,,,,,,,,,,,
736,1.5781258344650269,1.578130104462616e-05,0.0015781301044626161,7096.964182853699,10000,ppo,ppo,crawler,flat,obs_dth_tot_direct,,,,,,,,,,,,,,,-2.539307642227251e-06,0,781,0.0,0.0,,,,,,,,,,,,,,,,,,,,,,,,,,,,,,,,,,,,,,,,,,,,,,,,,,,,,,,,,,,,,,,,,,,,,,,,,,nan,,,,,,,,,,,,,,,
737,0.16051547229290009,1.6051727698140894e-06,0.00016051727698140894,7106.751818418503,10000,ppo,ppo,crawler,flat,obs_dth_tot_direct,,,,,,,,,,,,,,,5.1570550637574875e-06,0,781,0.0,0.0,,,,,,,,,,,,,,,,,,,,,,,,,,,,,,,,,,,,,,,,,,,,,,,,,,,,,,,,,,,,,,,,,,,,,,,,,,nan,,,,,,,,,,,,,,,
738,0.4736274182796478,4.736281880468596e-06,0.0004736281880468596,7115.965391159058,10000,ppo,ppo,crawler,flat,obs_dth_tot_direct,,,,,,,,,,,,,,,2.273941524660694e-06,0,781,0.0,0.0,,,,,,,,,,,,,,,,,,,,,,,,,,,,,,,,,,,,,,,,,,,,,,,,,,,,,,,,,,,,,,,,,,,,,,,,,,nan,,,,,,,,,,,,,,,
739,1.2785062789916992,1.278510990232462e-05,0.001278510990232462,7124.8814153671265,10000,ppo,ppo,crawler,flat,obs_dth_tot_direct,,,,,,,,,,,,,,,-1.0934573682871731e-06,0,781,0.0,0.0,,,,,,,,,,,,,,,,,,,,,,,,,,,,,,,,,,,,,,,,,,,,,,,,,,,,,,,,,,,,,,,,,,,,,,,,,,nan,,,,,,,,,,,,,,,
740,-0.9250473380088806,-9.25043332244968e-06,-0.000925043332244968,7133.825638055801,10000,ppo,ppo,crawler,flat,obs_dth_tot_direct,,,,,,,,,,,,,,,-1.0069550304803592e-05,0,781,0.0,0.0,,,,,,,,,,,,,,,,,,,,,,,,,,,,,,,,,,,,,,,,,,,,,,,,,,,,,,,,,,,,,,,,,,,,,,,,,,nan,,,,,,,,,,,,,,,
741,-0.6458305716514587,-6.458298685174668e-06,-0.0006458298685174668,7142.827219247818,10000,ppo,ppo,crawler,flat,obs_dth_tot_direct,,,,,,,,,,,,,,,5.468714233397216e-06,0,781,0.0,0.0,,,,,,,,,,,,,,,,,,,,,,,,,,,,,,,,,,,,,,,,,,,,,,,,,,,,,,,,,,,,,,,,,,,,,,,,,,nan,,,,,,,,,,,,,,,
742,-1.4430818557739258,-1.4430787814490031e-05,-0.0014430787814490031,7152.0864589214325,10000,ppo,ppo,crawler,flat,obs_dth_tot_direct,,,,,,,,,,,,,,,-5.828311115923062e-05,0,781,0.0,0.0,,,,,,,,,,,,,,,,,,,,,,,,,,,,,,,,,,,,,,,,,,,,,,,,,,,,,,,,,,,,,,,,,,,,,,,,,,nan,,,,,,,,,,,,,,,
743,0.3484090268611908,3.484084800220444e-06,0.0003484084800220444,7161.233669042587,10000,ppo,ppo,crawler,flat,obs_dth_tot_direct,,,,,,,,,,,,,,,-0.00025204952243386403,0,781,0.0,0.0,,,,,,,,,,,,,,,,,,,,,,,,,,,,,,,,,,,,,,,,,,,,,,,,,,,,,,,,,,,,,,,,,,,,,,,,,,nan,,,,,,,,,,,,,,,
744,0.06418442726135254,6.41884923879843e-07,6.41884923879843e-05,7170.815165758133,10000,ppo,ppo,crawler,flat,obs_dth_tot_direct,,,,,,,,,,,,,,,0.0,0,781,0.0,0.0,,,,,,,,,,,,,,,,,,,,,,,,,,,,,,,,,,,,,,,,,,,,,,,,,,,,,,,,,,,,,,,,,,,,,,,,,,nan,,,,,,,,,,,,,,,
745,-0.4513867497444153,-4.513867224886781e-06,-0.00045138672248867806,7180.477640390396,10000,ppo,ppo,crawler,flat,obs_dth_tot_direct,,,,,,,,,,,,,,,-0.007382928902967791,0,781,0.0,0.0,,,,,,,,,,,,,,,,,,,,,,,,,,,,,,,,,,,,,,,,,,,,,,,,,,,,,,,,,,,,,,,,,,,,,,,,,,nan,,,,,,,,,,,,,,,
746,0.4646034836769104,4.646032721211668e-06,0.0004646032721211668,7190.123405218124,10000,ppo,ppo,crawler,flat,obs_dth_tot_direct,,,,,,,,,,,,,,,0.0,0,781,0.0,0.0,,,,,,,,,,,,,,,,,,,,,,,,,,,,,,,,,,,,,,,,,,,,,,,,,,,,,,,,,,,,,,,,,,,,,,,,,,nan,,,,,,,,,,,,,,,
747,0.3567975163459778,3.5679938719113125e-06,0.00035679938719113125,7199.2317571640015,10000,ppo,ppo,crawler,flat,obs_dth_tot_direct,,,,,,,,,,,,,,,-0.0003295040673906611,0,781,0.0,0.0,,,,,,,,,,,,,,,,,,,,,,,,,,,,,,,,,,,,,,,,,,,,,,,,,,,,,,,,,,,,,,,,,,,,,,,,,,nan,,,,,,,,,,,,,,,
748,0.05550399050116539,5.550453465730243e-07,5.550453465730243e-05,7208.500398635864,10000,ppo,ppo,crawler,flat,obs_dth_tot_direct,,,,,,,,,,,,,,,0.0,0,781,0.0,0.0,,,,,,,,,,,,,,,,,,,,,,,,,,,,,,,,,,,,,,,,,,,,,,,,,,,,,,,,,,,,,,,,,,,,,,,,,,nan,,,,,,,,,,,,,,,
749,-1.4336986541748047,-1.4336978892970365e-05,-0.0014336978892970365,7218.175565004349,10000,ppo,ppo,crawler,flat,obs_dth_tot_direct,,,,,,,,,,,,,,,-3.3241814710724525e-05,0,781,0.0,0.0,,,,,,,,,,,,,,,,,,,,,,,,,,,,,,,,,,,,,,,,,,,,,,,,,,,,,,,,,,,,,,,,,,,,,,,,,,nan,,,,,,,,,,,,,,,
750,-0.6225106120109558,-6.225104243640089e-06,-0.0006225104243640089,7227.019517183304,10000,ppo,ppo,crawler,flat,obs_dth_tot_direct,,,,,,,,,,,,,,,-0.006050838471155389,0,781,0.0,0.0,,,,,,,,,,,,,,,,,,,,,,,,,,,,,,,,,,,,,,,,,,,,,,,,,,,,,,,,,,,,,,,,,,,,,,,,,,nan,,,,,,,,,,,,,,,
751,0.14939241111278534,1.493938384555804e-06,0.0001493938384555804,7236.400566577911,10000,ppo,ppo,crawler,flat,obs_dth_tot_direct,,,,,,,,,,,,,,,-1.9141361975944608e-07,0,781,0.0,0.0,,,,,,,,,,,,,,,,,,,,,,,,,,,,,,,,,,,,,,,,,,,,,,,,,,,,,,,,,,,,,,,,,,,,,,,,,,nan,,,,,,,,,,,,,,,
752,0.08909375965595245,8.909852908800531e-07,8.909852908800531e-05,7245.740337371826,10000,ppo,ppo,crawler,flat,obs_dth_tot_direct,,,,,,,,,,,,,,,-0.00016047035566937756,0,781,0.0,0.0,,,,,,,,,,,,,,,,,,,,,,,,,,,,,,,,,,,,,,,,,,,,,,,,,,,,,,,,,,,,,,,,,,,,,,,,,,nan,,,,,,,,,,,,,,,
753,0.3468787670135498,3.4688021059992025e-06,0.00034688021059992025,7255.384453058243,10000,ppo,ppo,crawler,flat,obs_dth_tot_direct,,,,,,,,,,,,,,,-5.905829708684575e-05,0,781,0.0,0.0,,,,,,,,,,,,,,,,,,,,,,,,,,,,,,,,,,,,,,,,,,,,,,,,,,,,,,,,,,,,,,,,,,,,,,,,,,nan,,,,,,,,,,,,,,,
754,-0.6146175265312195,-6.146188752609305e-06,-0.0006146188752609305,7264.731824159622,10000,ppo,ppo,crawler,flat,obs_dth_tot_direct,,,,,,,,,,,,,,,-1.1185410691284492e-09,0,781,0.0,0.0,,,,,,,,,,,,,,,,,,,,,,,,,,,,,,,,,,,,,,,,,,,,,,,,,,,,,,,,,,,,,,,,,,,,,,,,,,nan,,,,,,,,,,,,,,,
755,-1.1792550086975098,-1.1792571967816912e-05,-0.0011792571967816912,7274.14324092865,10000,ppo,ppo,crawler,flat,obs_dth_tot_direct,,,,,,,,,,,,,,,-9.232550554177825e-05,0,781,0.0,0.0,,,,,,,,,,,,,,,,,,,,,,,,,,,,,,,,,,,,,,,,,,,,,,,,,,,,,,,,,,,,,,,,,,,,,,,,,,nan,,,,,,,,,,,,,,,
756,-1.1705124378204346,-1.1705144061124884e-05,-0.0011705144061124884,7282.794570684433,10000,ppo,ppo,crawler,flat,obs_dth_tot_direct,,,,,,,,,,,,,,,-0.028343930634194162,0,781,0.0,0.0,,,,,,,,,,,,,,,,,,,,,,,,,,,,,,,,,,,,,,,,,,,,,,,,,,,,,,,,,,,,,,,,,,,,,,,,,,nan,,,,,,,,,,,,,,,
757,-0.159422367811203,-1.5941806168484618e-06,-0.00015941806168484618,7291.674423217773,10000,ppo,ppo,crawler,flat,obs_dth_tot_direct,,,,,,,,,,,,,,,0.0,0,781,0.0,0.0,,,,,,,,,,,,,,,,,,,,,,,,,,,,,,,,,,,,,,,,,,,,,,,,,,,,,,,,,,,,,,,,,,,,,,,,,,nan,,,,,,,,,,,,,,,
758,1.32004976272583,1.3200506145949475e-05,0.0013200506145949475,7300.932393074036,10000,ppo,ppo,crawler,flat,obs_dth_tot_direct,,,,,,,,,,,,,,,-8.425941135109463e-05,0,781,0.0,0.0,,,,,,,,,,,,,,,,,,,,,,,,,,,,,,,,,,,,,,,,,,,,,,,,,,,,,,,,,,,,,,,,,,,,,,,,,,nan,,,,,,,,,,,,,,,
759,-1.6139541864395142,-1.6139551007654518e-05,-0.0016139551007654518,7310.170422792435,10000,ppo,ppo,crawler,flat,obs_dth_tot_direct,,,,,,,,,,,,,,,-2.235347087877813e-06,0,781,0.0,0.0,,,,,,,,,,,,,,,,,,,,,,,,,,,,,,,,,,,,,,,,,,,,,,,,,,,,,,,,,,,,,,,,,,,,,,,,,,nan,,,,,,,,,,,,,,,
760,1.579453706741333,1.5794541468494572e-05,0.0015794541468494572,7319.108574390411,10000,ppo,ppo,crawler,flat,obs_dth_tot_direct,,,,,,,,,,,,,,,-1.0617033229060423e-05,0,781,0.0,0.0,,,,,,,,,,,,,,,,,,,,,,,,,,,,,,,,,,,,,,,,,,,,,,,,,,,,,,,,,,,,,,,,,,,,,,,,,,nan,,,,,,,,,,,,,,,
761,1.2391208410263062,1.239123048435431e-05,0.001239123048435431,7328.199800491333,10000,ppo,ppo,crawler,flat,obs_dth_tot_direct,,,,,,,,,,,,,,,-0.00043866106054999614,0,781,0.0,0.0,,,,,,,,,,,,,,,,,,,,,,,,,,,,,,,,,,,,,,,,,,,,,,,,,,,,,,,,,,,,,,,,,,,,,,,,,,nan,,,,,,,,,,,,,,,
762,1.5531200170516968,1.553123365738429e-05,0.0015531233657384291,7337.73243188858,10000,ppo,ppo,crawler,flat,obs_dth_tot_direct,,,,,,,,,,,,,,,-2.71138886559788e-06,0,781,0.0,0.0,,,,,,,,,,,,,,,,,,,,,,,,,,,,,,,,,,,,,,,,,,,,,,,,,,,,,,,,,,,,,,,,,,,,,,,,,,nan,,,,,,,,,,,,,,,
763,-0.7324917912483215,-7.324918897211319e-06,-0.0007324918897211319,7347.069537639618,10000,ppo,ppo,crawler,flat,obs_dth_tot_direct,,,,,,,,,,,,,,,-9.601282626008866e-05,0,781,0.0,0.0,,,,,,,,,,,,,,,,,,,,,,,,,,,,,,,,,,,,,,,,,,,,,,,,,,,,,,,,,,,,,,,,,,,,,,,,,,nan,,,,,,,,,,,,,,,
764,-1.226947546005249,-1.2269489161553793e-05,-0.0012269489161553793,7356.018917798996,10000,ppo,ppo,crawler,flat,obs_dth_tot_direct,,,,,,,,,,,,,,,-0.0006397368849067926,0,781,0.0,0.0,,,,,,,,,,,,,,,,,,,,,,,,,,,,,,,,,,,,,,,,,,,,,,,,,,,,,,,,,,,,,,,,,,,,,,,,,,nan,,,,,,,,,,,,,,,
765,0.9352057576179504,9.352090273750946e-06,0.0009352090273750946,7365.157289266586,10000,ppo,ppo,crawler,flat,obs_dth_tot_direct,,,,,,,,,,,,,,,0.0,0,781,0.0,0.0,,,,,,,,,,,,,,,,,,,,,,,,,,,,,,,,,,,,,,,,,,,,,,,,,,,,,,,,,,,,,,,,,,,,,,,,,,nan,,,,,,,,,,,,,,,
766,0.17297892272472382,1.7298004877375206e-06,0.00017298004877375206,7373.860602140427,10000,ppo,ppo,crawler,flat,obs_dth_tot_direct,,,,,,,,,,,,,,,-0.018313770405423473,0,781,0.0,0.0,,,,,,,,,,,,,,,,,,,,,,,,,,,,,,,,,,,,,,,,,,,,,,,,,,,,,,,,,,,,,,,,,,,,,,,,,,nan,,,,,,,,,,,,,,,
767,-0.2309066355228424,-2.3090478862286545e-06,-0.00023090478862286545,7383.0179715156555,10000,ppo,ppo,crawler,flat,obs_dth_tot_direct,,,,,,,,,,,,,,,0.0,0,781,0.0,0.0,,,,,,,,,,,,,,,,,,,,,,,,,,,,,,,,,,,,,,,,,,,,,,,,,,,,,,,,,,,,,,,,,,,,,,,,,,nan,,,,,,,,,,,,,,,
768,0.7878783345222473,7.878804353822488e-06,0.0007878804353822488,7391.886666297913,10000,ppo,ppo,crawler,flat,obs_dth_tot_direct,,,,,,,,,,,,,,,-3.141792021243429e-05,0,781,0.0,0.0,,,,,,,,,,,,,,,,,,,,,,,,,,,,,,,,,,,,,,,,,,,,,,,,,,,,,,,,,,,,,,,,,,,,,,,,,,nan,,,,,,,,,,,,,,,
769,0.7345728278160095,7.345718131546164e-06,0.0007345718131546164,7401.170357227325,10000,ppo,ppo,crawler,flat,obs_dth_tot_direct,,,,,,,,,,,,,,,-0.00014787231823584486,0,781,0.0,0.0,,,,,,,,,,,,,,,,,,,,,,,,,,,,,,,,,,,,,,,,,,,,,,,,,,,,,,,,,,,,,,,,,,,,,,,,,,nan,,,,,,,,,,,,,,,
770,0.029576921835541725,2.9578157523246773e-07,2.9578157523246773e-05,7410.513828277588,10000,ppo,ppo,crawler,flat,obs_dth_tot_direct,,,,,,,,,,,,,,,0.0,0,781,0.0,0.0,,,,,,,,,,,,,,,,,,,,,,,,,,,,,,,,,,,,,,,,,,,,,,,,,,,,,,,,,,,,,,,,,,,,,,,,,,nan,,,,,,,,,,,,,,,
771,-0.5703275799751282,-5.7032702898141e-06,-0.00057032702898141,7419.859992027283,10000,ppo,ppo,crawler,flat,obs_dth_tot_direct,,,,,,,,,,,,,,,-0.029464630079759753,0,781,0.0,0.0,,,,,,,,,,,,,,,,,,,,,,,,,,,,,,,,,,,,,,,,,,,,,,,,,,,,,,,,,,,,,,,,,,,,,,,,,,nan,,,,,,,,,,,,,,,
772,1.3981472253799438,1.3981502888782416e-05,0.0013981502888782416,7429.519818305969,10000,ppo,ppo,crawler,flat,obs_dth_tot_direct,,,,,,,,,,,,,,,0.0,0,781,0.0,0.0,,,,,,,,,,,,,,,,,,,,,,,,,,,,,,,,,,,,,,,,,,,,,,,,,,,,,,,,,,,,,,,,,,,,,,,,,,nan,,,,,,,,,,,,,,,
773,0.37126559019088745,3.712690613610903e-06,0.0003712690613610903,7439.011643409729,10000,ppo,ppo,crawler,flat,obs_dth_tot_direct,,,,,,,,,,,,,,,0.0,0,781,0.0,0.0,,,,,,,,,,,,,,,,,,,,,,,,,,,,,,,,,,,,,,,,,,,,,,,,,,,,,,,,,,,,,,,,,,,,,,,,,,nan,,,,,,,,,,,,,,,
774,1.7290642261505127,1.729066025291104e-05,0.0017290660252911039,7448.710473775864,10000,ppo,ppo,crawler,flat,obs_dth_tot_direct,,,,,,,,,,,,,,,-4.833376943759821e-06,0,781,0.0,0.0,,,,,,,,,,,,,,,,,,,,,,,,,,,,,,,,,,,,,,,,,,,,,,,,,,,,,,,,,,,,,,,,,,,,,,,,,,nan,,,,,,,,,,,,,,,
775,0.3432658612728119,3.432664243518957e-06,0.0003432664243518957,7458.1833572387695,10000,ppo,ppo,crawler,flat,obs_dth_tot_direct,,,,,,,,,,,,,,,-0.00016499764349182803,0,781,0.0,0.0,,,,,,,,,,,,,,,,,,,,,,,,,,,,,,,,,,,,,,,,,,,,,,,,,,,,,,,,,,,,,,,,,,,,,,,,,,nan,,,,,,,,,,,,,,,
776,0.07495664805173874,7.495987119909842e-07,7.495987119909842e-05,7467.296839952469,10000,ppo,ppo,crawler,flat,obs_dth_tot_direct,,,,,,,,,,,,,,,-5.215647297693123e-06,0,781,0.0,0.0,,,,,,,,,,,,,,,,,,,,,,,,,,,,,,,,,,,,,,,,,,,,,,,,,,,,,,,,,,,,,,,,,,,,,,,,,,nan,,,,,,,,,,,,,,,
777,-1.0966731309890747,-1.0966710760840215e-05,-0.0010966710760840215,7476.320450782776,10000,ppo,ppo,crawler,flat,obs_dth_tot_direct,,,,,,,,,,,,,,,-2.0208522896836877e-05,0,781,0.0,0.0,,,,,,,,,,,,,,,,,,,,,,,,,,,,,,,,,,,,,,,,,,,,,,,,,,,,,,,,,,,,,,,,,,,,,,,,,,nan,,,,,,,,,,,,,,,
778,-1.2769414186477661,-1.2769420209224336e-05,-0.0012769420209224336,7485.5496644973755,10000,ppo,ppo,crawler,flat,obs_dth_tot_direct,,,,,,,,,,,,,,,-0.0013918693925083522,0,781,0.0,0.0,,,,,,,,,,,,,,,,,,,,,,,,,,,,,,,,,,,,,,,,,,,,,,,,,,,,,,,,,,,,,,,,,,,,,,,,,,nan,,,,,,,,,,,,,,,
779,-0.668221116065979,-6.682222192466725e-06,-0.0006682222192466725,7494.506584405899,10000,ppo,ppo,crawler,flat,obs_dth_tot_direct,,,,,,,,,,,,,,,0.0,0,781,0.0,0.0,,,,,,,,,,,,,,,,,,,,,,,,,,,,,,,,,,,,,,,,,,,,,,,,,,,,,,,,,,,,,,,,,,,,,,,,,,nan,,,,,,,,,,,,,,,
780,0.7967016100883484,7.967045348777901e-06,0.0007967045348777901,7503.723947525024,10000,ppo,ppo,crawler,flat,obs_dth_tot_direct,,,,,,,,,,,,,,,-0.022751534388671307,0,781,0.0,0.0,,,,,,,,,,,,,,,,,,,,,,,,,,,,,,,,,,,,,,,,,,,,,,,,,,,,,,,,,,,,,,,,,,,,,,,,,,nan,,,,,,,,,,,,,,,
781,1.1686681509017944,1.1686718607961666e-05,0.0011686718607961666,7512.800202131271,10000,ppo,ppo,crawler,flat,obs_dth_tot_direct,,,,,,,,,,,,,,,0.0,0,781,0.0,0.0,,,,,,,,,,,,,,,,,,,,,,,,,,,,,,,,,,,,,,,,,,,,,,,,,,,,,,,,,,,,,,,,,,,,,,,,,,nan,,,,,,,,,,,,,,,
782,0.027421092614531517,2.7419918069426785e-07,2.7419918069426785e-05,7521.860013484955,10000,ppo,ppo,crawler,flat,obs_dth_tot_direct,,,,,,,,,,,,,,,-0.01517787902102008,0,781,0.0,0.0,,,,,,,,,,,,,,,,,,,,,,,,,,,,,,,,,,,,,,,,,,,,,,,,,,,,,,,,,,,,,,,,,,,,,,,,,,nan,,,,,,,,,,,,,,,
783,0.5845748782157898,5.845729901921004e-06,0.0005845729901921004,7530.937216520309,10000,ppo,ppo,crawler,flat,obs_dth_tot_direct,,,,,,,,,,,,,,,0.0,0,781,0.0,0.0,,,,,,,,,,,,,,,,,,,,,,,,,,,,,,,,,,,,,,,,,,,,,,,,,,,,,,,,,,,,,,,,,,,,,,,,,,nan,,,,,,,,,,,,,,,
784,-1.230087161064148,-1.2300860362302046e-05,-0.0012300860362302046,7540.0595054626465,10000,ppo,ppo,crawler,flat,obs_dth_tot_direct,,,,,,,,,,,,,,,-9.75762759830216e-05,0,781,0.0,0.0,,,,,,,,,,,,,,,,,,,,,,,,,,,,,,,,,,,,,,,,,,,,,,,,,,,,,,,,,,,,,,,,,,,,,,,,,,nan,,,,,,,,,,,,,,,
785,1.039899468421936,1.0398969607194886e-05,0.0010398969607194886,7549.196767568588,10000,ppo,ppo,crawler,flat,obs_dth_tot_direct,,,,,,,,,,,,,,,-0.00022941268622760736,0,781,0.0,0.0,,,,,,,,,,,,,,,,,,,,,,,,,,,,,,,,,,,,,,,,,,,,,,,,,,,,,,,,,,,,,,,,,,,,,,,,,,nan,,,,,,,,,,,,,,,
786,-1.3571529388427734,-1.3571510862675495e-05,-0.0013571510862675495,7558.36119222641,10000,ppo,ppo,crawler,flat,obs_dth_tot_direct,,,,,,,,,,,,,,,0.0,0,781,0.0,0.0,,,,,,,,,,,,,,,,,,,,,,,,,,,,,,,,,,,,,,,,,,,,,,,,,,,,,,,,,,,,,,,,,,,,,,,,,,nan,,,,,,,,,,,,,,,
787,0.23546543717384338,2.354651996938628e-06,0.00023546519969386281,7567.920241117477,10000,ppo,ppo,crawler,flat,obs_dth_tot_direct,,,,,,,,,,,,,,,-0.0024427943499269926,0,781,0.0,0.0,,,,,,,,,,,,,,,,,,,,,,,,,,,,,,,,,,,,,,,,,,,,,,,,,,,,,,,,,,,,,,,,,,,,,,,,,,nan,,,,,,,,,,,,,,,
788,0.21806426346302032,2.180681121899397e-06,0.0002180681121899397,7577.296211481094,10000,ppo,ppo,crawler,flat,obs_dth_tot_direct,,,,,,,,,,,,,,,0.0,0,781,0.0,0.0,,,,,,,,,,,,,,,,,,,,,,,,,,,,,,,,,,,,,,,,,,,,,,,,,,,,,,,,,,,,,,,,,,,,,,,,,,nan,,,,,,,,,,,,,,,
789,-0.21826624870300293,-2.182685420848429e-06,-0.00021826854208484292,7586.218791723251,10000,ppo,ppo,crawler,flat,obs_dth_tot_direct,,,,,,,,,,,,,,,-0.0002620676997452784,0,781,0.0,0.0,,,,,,,,,,,,,,,,,,,,,,,,,,,,,,,,,,,,,,,,,,,,,,,,,,,,,,,,,,,,,,,,,,,,,,,,,,nan,,,,,,,,,,,,,,,
790,-0.8418567776679993,-8.418544894084334e-06,-0.0008418544894084334,7595.39387845993,10000,ppo,ppo,crawler,flat,obs_dth_tot_direct,,,,,,,,,,,,,,,0.0,0,781,0.0,0.0,,,,,,,,,,,,,,,,,,,,,,,,,,,,,,,,,,,,,,,,,,,,,,,,,,,,,,,,,,,,,,,,,,,,,,,,,,nan,,,,,,,,,,,,,,,
791,-0.4777028262615204,-4.777035428560339e-06,-0.0004777035428560339,7604.731394290924,10000,ppo,ppo,crawler,flat,obs_dth_tot_direct,,,,,,,,,,,,,,,-1.884630920601563e-05,0,781,0.0,0.0,,,,,,,,,,,,,,,,,,,,,,,,,,,,,,,,,,,,,,,,,,,,,,,,,,,,,,,,,,,,,,,,,,,,,,,,,,nan,,,,,,,,,,,,,,,
792,-0.5209607481956482,-5.209592018218245e-06,-0.0005209592018218245,7613.664803981781,10000,ppo,ppo,crawler,flat,obs_dth_tot_direct,,,,,,,,,,,,,,,-8.13531232628108e-05,0,781,0.0,0.0,,,,,,,,,,,,,,,,,,,,,,,,,,,,,,,,,,,,,,,,,,,,,,,,,,,,,,,,,,,,,,,,,,,,,,,,,,nan,,,,,,,,,,,,,,,
793,-0.6659392714500427,-6.659362952632364e-06,-0.0006659362952632364,7622.58748292923,10000,ppo,ppo,crawler,flat,obs_dth_tot_direct,,,,,,,,,,,,,,,-0.005419561422397782,0,781,0.0,0.0,,,,,,,,,,,,,,,,,,,,,,,,,,,,,,,,,,,,,,,,,,,,,,,,,,,,,,,,,,,,,,,,,,,,,,,,,,nan,,,,,,,,,,,,,,,
794,0.5307285189628601,5.3072972150403075e-06,0.0005307297215040307,7631.387684106827,10000,ppo,ppo,crawler,flat,obs_dth_tot_direct,,,,,,,,,,,,,,,0.0,0,781,0.0,0.0,,,,,,,,,,,,,,,,,,,,,,,,,,,,,,,,,,,,,,,,,,,,,,,,,,,,,,,,,,,,,,,,,,,,,,,,,,nan,,,,,,,,,,,,,,,
795,0.07135315239429474,7.135606097108393e-07,7.135606097108393e-05,7641.036523342133,10000,ppo,ppo,crawler,flat,obs_dth_tot_direct,,,,,,,,,,,,,,,-6.185845613823047e-05,0,781,0.0,0.0,,,,,,,,,,,,,,,,,,,,,,,,,,,,,,,,,,,,,,,,,,,,,,,,,,,,,,,,,,,,,,,,,,,,,,,,,,nan,,,,,,,,,,,,,,,
796,0.24946260452270508,2.4946455141616752e-06,0.0002494645514161675,7650.704769849777,10000,ppo,ppo,crawler,flat,obs_dth_tot_direct,,,,,,,,,,,,,,,0.0,0,781,0.0,0.0,,,,,,,,,,,,,,,,,,,,,,,,,,,,,,,,,,,,,,,,,,,,,,,,,,,,,,,,,,,,,,,,,,,,,,,,,,nan,,,,,,,,,,,,,,,
797,-0.00659523019567132,-6.59032224348266e-08,-6.59032224348266e-06,7659.881834983826,10000,ppo,ppo,crawler,flat,obs_dth_tot_direct,,,,,,,,,,,,,,,-1.14838810930942e-05,0,781,0.0,0.0,,,,,,,,,,,,,,,,,,,,,,,,,,,,,,,,,,,,,,,,,,,,,,,,,,,,,,,,,,,,,,,,,,,,,,,,,,nan,,,,,,,,,,,,,,,
798,-0.043209221214056015,-4.321139215335279e-07,-4.321139215335279e-05,7669.608736038208,10000,ppo,ppo,crawler,flat,obs_dth_tot_direct,,,,,,,,,,,,,,,-6.339428099718961e-06,0,781,0.0,0.0,,,,,,,,,,,,,,,,,,,,,,,,,,,,,,,,,,,,,,,,,,,,,,,,,,,,,,,,,,,,,,,,,,,,,,,,,,nan,,,,,,,,,,,,,,,
799,-1.146653175354004,-1.1466519026726019e-05,-0.0011466519026726019,7679.273404598236,10000,ppo,ppo,crawler,flat,obs_dth_tot_direct,,,,,,,,,,,,,,,0.0,0,781,0.0,0.0,,,,,,,,,,,,,,,,,,,,,,,,,,,,,,,,,,,,,,,,,,,,,,,,,,,,,,,,,,,,,,,,,,,,,,,,,,nan,,,,,,,,,,,,,,,
800,0.026365995407104492,2.636952274315263e-07,2.636952274315263e-05,7688.419737100601,10000,ppo,ppo,crawler,flat,obs_dth_tot_direct,,,,,,,,,,,,,,,-0.000475831121139505,0,781,0.0,0.0,,,,,,,,,,,,,,,,,,,,,,,,,,,,,,,,,,,,,,,,,,,,,,,,,,,,,,,,,,,,,,,,,,,,,,,,,,nan,,,,,,,,,,,,,,,
801,0.04364128038287163,4.364385972621676e-07,4.364385972621676e-05,7698.016032218933,10000,ppo,ppo,crawler,flat,obs_dth_tot_direct,,,,,,,,,,,,,,,0.0,0,781,0.0,0.0,,,,,,,,,,,,,,,,,,,,,,,,,,,,,,,,,,,,,,,,,,,,,,,,,,,,,,,,,,,,,,,,,,,,,,,,,,nan,,,,,,,,,,,,,,,
802,0.4453379213809967,4.453412202565232e-06,0.00044534122025652323,7707.7546973228455,10000,ppo,ppo,crawler,flat,obs_dth_tot_direct,,,,,,,,,,,,,,,-8.862989116340837e-06,0,781,0.0,0.0,,,,,,,,,,,,,,,,,,,,,,,,,,,,,,,,,,,,,,,,,,,,,,,,,,,,,,,,,,,,,,,,,,,,,,,,,,nan,,,,,,,,,,,,,,,
803,-0.9772780537605286,-9.772739758773241e-06,-0.0009772739758773241,7717.936938285828,10000,ppo,ppo,crawler,flat,obs_dth_tot_direct,,,,,,,,,,,,,,,-3.995052234731166e-05,0,781,0.0,0.0,,,,,,,,,,,,,,,,,,,,,,,,,,,,,,,,,,,,,,,,,,,,,,,,,,,,,,,,,,,,,,,,,,,,,,,,,,nan,,,,,,,,,,,,,,,
804,-0.5745669007301331,-5.745620001107454e-06,-0.0005745620001107454,7727.361904144287,10000,ppo,ppo,crawler,flat,obs_dth_tot_direct,,,,,,,,,,,,,,,-4.407841588219058e-05,0,781,0.0,0.0,,,,,,,,,,,,,,,,,,,,,,,,,,,,,,,,,,,,,,,,,,,,,,,,,,,,,,,,,,,,,,,,,,,,,,,,,,nan,,,,,,,,,,,,,,,
805,-0.866604745388031,-8.66602476889966e-06,-0.0008666024768899661,7736.479448080063,10000,ppo,ppo,crawler,flat,obs_dth_tot_direct,,,,,,,,,,,,,,,-2.9417166245502637e-05,0,781,0.0,0.0,,,,,,,,,,,,,,,,,,,,,,,,,,,,,,,,,,,,,,,,,,,,,,,,,,,,,,,,,,,,,,,,,,,,,,,,,,nan,,,,,,,,,,,,,,,
806,1.4416451454162598,1.4416461453947704e-05,0.0014416461453947704,7746.27122092247,10000,ppo,ppo,crawler,flat,obs_dth_tot_direct,,,,,,,,,,,,,,,-1.4072654962005445e-05,0,781,0.0,0.0,,,,,,,,,,,,,,,,,,,,,,,,,,,,,,,,,,,,,,,,,,,,,,,,,,,,,,,,,,,,,,,,,,,,,,,,,,nan,,,,,,,,,,,,,,,
807,0.18257609009742737,1.8257803731103195e-06,0.00018257803731103195,7756.066351175308,10000,ppo,ppo,crawler,flat,obs_dth_tot_direct,,,,,,,,,,,,,,,1.8991181739008533e-06,0,781,0.0,0.0,,,,,,,,,,,,,,,,,,,,,,,,,,,,,,,,,,,,,,,,,,,,,,,,,,,,,,,,,,,,,,,,,,,,,,,,,,nan,,,,,,,,,,,,,,,
808,-0.02024855650961399,-2.0247659904271131e-07,-2.024765990427113e-05,7765.391886234283,10000,ppo,ppo,crawler,flat,obs_dth_tot_direct,,,,,,,,,,,,,,,-0.009885270998750011,0,781,0.0,0.0,,,,,,,,,,,,,,,,,,,,,,,,,,,,,,,,,,,,,,,,,,,,,,,,,,,,,,,,,,,,,,,,,,,,,,,,,,nan,,,,,,,,,,,,,,,
809,-0.8035064935684204,-8.035052815102972e-06,-0.0008035052815102972,7775.342136144638,10000,ppo,ppo,crawler,flat,obs_dth_tot_direct,,,,,,,,,,,,,,,0.0,0,781,0.0,0.0,,,,,,,,,,,,,,,,,,,,,,,,,,,,,,,,,,,,,,,,,,,,,,,,,,,,,,,,,,,,,,,,,,,,,,,,,,nan,,,,,,,,,,,,,,,
810,-0.7909655570983887,-7.909674422990065e-06,-0.0007909674422990065,7785.223345756531,10000,ppo,ppo,crawler,flat,obs_dth_tot_direct,,,,,,,,,,,,,,,-3.396574331497566e-05,0,781,0.0,0.0,,,,,,,,,,,,,,,,,,,,,,,,,,,,,,,,,,,,,,,,,,,,,,,,,,,,,,,,,,,,,,,,,,,,,,,,,,nan,,,,,,,,,,,,,,,
811,-0.74515700340271,-7.451558758475585e-06,-0.0007451558758475585,7794.911821603775,10000,ppo,ppo,crawler,flat,obs_dth_tot_direct,,,,,,,,,,,,,,,1.2677985693062161e-05,0,781,0.0,0.0,,,,,,,,,,,,,,,,,,,,,,,,,,,,,,,,,,,,,,,,,,,,,,,,,,,,,,,,,,,,,,,,,,,,,,,,,,nan,,,,,,,,,,,,,,,
812,1.3148998022079468,1.3149021469871514e-05,0.0013149021469871514,7804.6380705833435,10000,ppo,ppo,crawler,flat,obs_dth_tot_direct,,,,,,,,,,,,,,,-7.18429687023926e-05,0,781,0.0,0.0,,,,,,,,,,,,,,,,,,,,,,,,,,,,,,,,,,,,,,,,,,,,,,,,,,,,,,,,,,,,,,,,,,,,,,,,,,nan,,,,,,,,,,,,,,,
813,0.033246565610170364,3.3245532904402353e-07,3.324553290440235e-05,7814.328705787659,10000,ppo,ppo,crawler,flat,obs_dth_tot_direct,,,,,,,,,,,,,,,-1.3876798182306156e-05,0,781,0.0,0.0,,,,,,,,,,,,,,,,,,,,,,,,,,,,,,,,,,,,,,,,,,,,,,,,,,,,,,,,,,,,,,,,,,,,,,,,,,nan,,,,,,,,,,,,,,,
814,-0.38242483139038086,-3.824216946668457e-06,-0.0003824216946668457,7823.8941385746,10000,ppo,ppo,crawler,flat,obs_dth_tot_direct,,,,,,,,,,,,,,,-9.744252685204663e-05,0,781,0.0,0.0,,,,,,,,,,,,,,,,,,,,,,,,,,,,,,,,,,,,,,,,,,,,,,,,,,,,,,,,,,,,,,,,,,,,,,,,,,nan,,,,,,,,,,,,,,,
815,0.33598896861076355,3.3598882964724908e-06,0.0003359888296472491,7833.688142299652,10000,ppo,ppo,crawler,flat,obs_dth_tot_direct,,,,,,,,,,,,,,,0.0,0,781,0.0,0.0,,,,,,,,,,,,,,,,,,,,,,,,,,,,,,,,,,,,,,,,,,,,,,,,,,,,,,,,,,,,,,,,,,,,,,,,,,nan,,,,,,,,,,,,,,,
816,-0.19325704872608185,-1.9325659650348825e-06,-0.00019325659650348825,7843.530856847763,10000,ppo,ppo,crawler,flat,obs_dth_tot_direct,,,,,,,,,,,,,,,-1.2721705385191645e-05,0,781,0.0,0.0,,,,,,,,,,,,,,,,,,,,,,,,,,,,,,,,,,,,,,,,,,,,,,,,,,,,,,,,,,,,,,,,,,,,,,,,,,nan,,,,,,,,,,,,,,,
817,-0.10209395736455917,-1.0209274705630378e-06,-0.00010209274705630378,7853.851330757141,10000,ppo,ppo,crawler,flat,obs_dth_tot_direct,,,,,,,,,,,,,,,5.349106657367662e-06,0,781,0.0,0.0,,,,,,,,,,,,,,,,,,,,,,,,,,,,,,,,,,,,,,,,,,,,,,,,,,,,,,,,,,,,,,,,,,,,,,,,,,nan,,,,,,,,,,,,,,,
818,-0.09657430648803711,-9.65729327617737e-07,-9.65729327617737e-05,7864.077453613281,10000,ppo,ppo,crawler,flat,obs_dth_tot_direct,,,,,,,,,,,,,,,-4.7975156585019315e-06,0,781,0.0,0.0,,,,,,,,,,,,,,,,,,,,,,,,,,,,,,,,,,,,,,,,,,,,,,,,,,,,,,,,,,,,,,,,,,,,,,,,,,nan,,,,,,,,,,,,,,,
819,-0.9058117866516113,-9.058122486749198e-06,-0.0009058122486749198,7873.820826292038,10000,ppo,ppo,crawler,flat,obs_dth_tot_direct,,,,,,,,,,,,,,,-0.012230461661282941,0,781,0.0,0.0,,,,,,,,,,,,,,,,,,,,,,,,,,,,,,,,,,,,,,,,,,,,,,,,,,,,,,,,,,,,,,,,,,,,,,,,,,nan,,,,,,,,,,,,,,,
820,-0.04301999881863594,-4.302094680497248e-07,-4.302094680497248e-05,7887.576005220413,10000,ppo,ppo,crawler,flat,obs_dth_tot_direct,,,,,,,,,,,,,,,0.0,0,781,0.0,0.0,,,,,,,,,,,,,,,,,,,,,,,,,,,,,,,,,,,,,,,,,,,,,,,,,,,,,,,,,,,,,,,,,,,,,,,,,,nan,,,,,,,,,,,,,,,
821,-1.4226404428482056,-1.4226428902475163e-05,-0.0014226428902475163,7897.998113393784,10000,ppo,ppo,crawler,flat,obs_dth_tot_direct,,,,,,,,,,,,,,,-0.008352285537215263,0,781,0.0,0.0,,,,,,,,,,,,,,,,,,,,,,,,,,,,,,,,,,,,,,,,,,,,,,,,,,,,,,,,,,,,,,,,,,,,,,,,,,nan,,,,,,,,,,,,,,,
822,0.4864770472049713,4.864778929913882e-06,0.0004864778929913882,7907.615237951279,10000,ppo,ppo,crawler,flat,obs_dth_tot_direct,,,,,,,,,,,,,,,0.0,0,781,0.0,0.0,,,,,,,,,,,,,,,,,,,,,,,,,,,,,,,,,,,,,,,,,,,,,,,,,,,,,,,,,,,,,,,,,,,,,,,,,,nan,,,,,,,,,,,,,,,
823,-0.45711109042167664,-4.57106534668128e-06,-0.000457106534668128,7916.853189229965,10000,ppo,ppo,crawler,flat,obs_dth_tot_direct,,,,,,,,,,,,,,,-1.106669985606942e-06,0,781,0.0,0.0,,,,,,,,,,,,,,,,,,,,,,,,,,,,,,,,,,,,,,,,,,,,,,,,,,,,,,,,,,,,,,,,,,,,,,,,,,nan,,,,,,,,,,,,,,,
824,0.7069120407104492,7.069146249705227e-06,0.0007069146249705227,7925.927929401398,10000,ppo,ppo,crawler,flat,obs_dth_tot_direct,,,,,,,,,,,,,,,-2.3441820878836013e-05,0,781,0.0,0.0,,,,,,,,,,,,,,,,,,,,,,,,,,,,,,,,,,,,,,,,,,,,,,,,,,,,,,,,,,,,,,,,,,,,,,,,,,nan,,,,,,,,,,,,,,,
825,1.5016347169876099,1.501640599599341e-05,0.001501640599599341,7936.275312900543,10000,ppo,ppo,crawler,flat,obs_dth_tot_direct,,,,,,,,,,,,,,,-0.06618375900331479,0,781,0.0,0.0,,,,,,,,,,,,,,,,,,,,,,,,,,,,,,,,,,,,,,,,,,,,,,,,,,,,,,,,,,,,,,,,,,,,,,,,,,nan,,,,,,,,,,,,,,,
826,0.607578694820404,6.075792043702677e-06,0.0006075792043702677,7946.2454533576965,10000,ppo,ppo,crawler,flat,obs_dth_tot_direct,,,,,,,,,,,,,,,0.0,0,781,0.0,0.0,,,,,,,,,,,,,,,,,,,,,,,,,,,,,,,,,,,,,,,,,,,,,,,,,,,,,,,,,,,,,,,,,,,,,,,,,,nan,,,,,,,,,,,,,,,
827,0.48144981265068054,4.814519797946559e-06,0.0004814519797946559,7956.599739074707,10000,ppo,ppo,crawler,flat,obs_dth_tot_direct,,,,,,,,,,,,,,,-4.6385468845941344e-07,0,781,0.0,0.0,,,,,,,,,,,,,,,,,,,,,,,,,,,,,,,,,,,,,,,,,,,,,,,,,,,,,,,,,,,,,,,,,,,,,,,,,,nan,,,,,,,,,,,,,,,
828,-0.004756760783493519,-4.7555470672477895e-08,-4.7555470672477895e-06,7967.379331827164,10000,ppo,ppo,crawler,flat,obs_dth_tot_direct,,,,,,,,,,,,,,,-1.5061554974767829e-05,0,781,0.0,0.0,,,,,,,,,,,,,,,,,,,,,,,,,,,,,,,,,,,,,,,,,,,,,,,,,,,,,,,,,,,,,,,,,,,,,,,,,,nan,,,,,,,,,,,,,,,
829,0.5002591013908386,5.002626039640745e-06,0.0005002626039640745,7978.830265045166,10000,ppo,ppo,crawler,flat,obs_dth_tot_direct,,,,,,,,,,,,,,,-5.860625743560693e-05,0,781,0.0,0.0,,,,,,,,,,,,,,,,,,,,,,,,,,,,,,,,,,,,,,,,,,,,,,,,,,,,,,,,,,,,,,,,,,,,,,,,,,nan,,,,,,,,,,,,,,,
830,-0.9762275815010071,-9.762293302628677e-06,-0.0009762293302628677,7990.331760883331,10000,ppo,ppo,crawler,flat,obs_dth_tot_direct,,,,,,,,,,,,,,,0.0,0,781,0.0,0.0,,,,,,,,,,,,,,,,,,,,,,,,,,,,,,,,,,,,,,,,,,,,,,,,,,,,,,,,,,,,,,,,,,,,,,,,,,nan,,,,,,,,,,,,,,,
831,-0.5353155136108398,-5.353135293262312e-06,-0.0005353135293262312,8002.378438234329,10000,ppo,ppo,crawler,flat,obs_dth_tot_direct,,,,,,,,,,,,,,,-0.011148625672359625,0,781,0.0,0.0,,,,,,,,,,,,,,,,,,,,,,,,,,,,,,,,,,,,,,,,,,,,,,,,,,,,,,,,,,,,,,,,,,,,,,,,,,nan,,,,,,,,,,,,,,,
832,0.5448600053787231,5.448626779980259e-06,0.0005448626779980259,8013.676367759705,10000,ppo,ppo,crawler,flat,obs_dth_tot_direct,,,,,,,,,,,,,,,0.0,0,781,0.0,0.0,,,,,,,,,,,,,,,,,,,,,,,,,,,,,,,,,,,,,,,,,,,,,,,,,,,,,,,,,,,,,,,,,,,,,,,,,,nan,,,,,,,,,,,,,,,
833,-0.4076975882053375,-4.076954610354733e-06,-0.00040769546103547327,8025.169847726822,10000,ppo,ppo,crawler,flat,obs_dth_tot_direct,,,,,,,,,,,,,,,-1.4288801695106888e-06,0,781,0.0,0.0,,,,,,,,,,,,,,,,,,,,,,,,,,,,,,,,,,,,,,,,,,,,,,,,,,,,,,,,,,,,,,,,,,,,,,,,,,nan,,,,,,,,,,,,,,,
834,-1.3299719095230103,-1.329972110397648e-05,-0.001329972110397648,8036.228165388107,10000,ppo,ppo,crawler,flat,obs_dth_tot_direct,,,,,,,,,,,,,,,-3.0731263590759565e-05,0,781,0.0,0.0,,,,,,,,,,,,,,,,,,,,,,,,,,,,,,,,,,,,,,,,,,,,,,,,,,,,,,,,,,,,,,,,,,,,,,,,,,nan,,,,,,,,,,,,,,,
835,-0.592573344707489,-5.92570313528995e-06,-0.000592570313528995,8047.533503293991,10000,ppo,ppo,crawler,flat,obs_dth_tot_direct,,,,,,,,,,,,,,,3.588334603590483e-07,0,781,0.0,0.0,,,,,,,,,,,,,,,,,,,,,,,,,,,,,,,,,,,,,,,,,,,,,,,,,,,,,,,,,,,,,,,,,,,,,,,,,,nan,,,,,,,,,,,,,,,
836,0.30888402462005615,3.088903440584545e-06,0.0003088903440584545,8059.375474452972,10000,ppo,ppo,crawler,flat,obs_dth_tot_direct,,,,,,,,,,,,,,,4.0659635648532045e-06,0,781,0.0,0.0,,,,,,,,,,,,,,,,,,,,,,,,,,,,,,,,,,,,,,,,,,,,,,,,,,,,,,,,,,,,,,,,,,,,,,,,,,nan,,,,,,,,,,,,,,,
837,1.9123764038085938,1.9123803213005885e-05,0.0019123803213005885,8071.3908751010895,10000,ppo,ppo,crawler,flat,obs_dth_tot_direct,,,,,,,,,,,,,,,-0.028347708696258588,0,781,0.0,0.0,,,,,,,,,,,,,,,,,,,,,,,,,,,,,,,,,,,,,,,,,,,,,,,,,,,,,,,,,,,,,,,,,,,,,,,,,,nan,,,,,,,,,,,,,,,
838,1.0475057363510132,1.0475059752934612e-05,0.0010475059752934612,8083.57506108284,10000,ppo,ppo,crawler,flat,obs_dth_tot_direct,,,,,,,,,,,,,,,0.0,0,781,0.0,0.0,,,,,,,,,,,,,,,,,,,,,,,,,,,,,,,,,,,,,,,,,,,,,,,,,,,,,,,,,,,,,,,,,,,,,,,,,,nan,,,,,,,,,,,,,,,
839,-0.4901042878627777,-4.9010177463060245e-06,-0.0004901017746306024,8095.661106824875,10000,ppo,ppo,crawler,flat,obs_dth_tot_direct,,,,,,,,,,,,,,,-6.0113247068987616e-05,0,781,0.0,0.0,,,,,,,,,,,,,,,,,,,,,,,,,,,,,,,,,,,,,,,,,,,,,,,,,,,,,,,,,,,,,,,,,,,,,,,,,,nan,,,,,,,,,,,,,,,
840,0.7724629044532776,7.724648639850784e-06,0.0007724648639850784,8107.487188577652,10000,ppo,ppo,crawler,flat,obs_dth_tot_direct,,,,,,,,,,,,,,,-0.00023986325240318358,0,781,0.0,0.0,,,,,,,,,,,,,,,,,,,,,,,,,,,,,,,,,,,,,,,,,,,,,,,,,,,,,,,,,,,,,,,,,,,,,,,,,,nan,,,,,,,,,,,,,,,
841,1.5596462488174438,1.5596482626278885e-05,0.0015596482626278885,8119.308490991592,10000,ppo,ppo,crawler,flat,obs_dth_tot_direct,,,,,,,,,,,,,,,0.0,0,781,0.0,0.0,,,,,,,,,,,,,,,,,,,,,,,,,,,,,,,,,,,,,,,,,,,,,,,,,,,,,,,,,,,,,,,,,,,,,,,,,,nan,,,,,,,,,,,,,,,
842,1.0280895233154297,1.0280935384798795e-05,0.0010280935384798795,8131.678283691406,10000,ppo,ppo,crawler,flat,obs_dth_tot_direct,,,,,,,,,,,,,,,-0.0005793900511653261,0,781,0.0,0.0,,,,,,,,,,,,,,,,,,,,,,,,,,,,,,,,,,,,,,,,,,,,,,,,,,,,,,,,,,,,,,,,,,,,,,,,,,nan,,,,,,,,,,,,,,,
843,-2.234020948410034,-2.2340211216942407e-05,-0.0022340211216942407,8143.2768766880035,10000,ppo,ppo,crawler,flat,obs_dth_tot_direct,,,,,,,,,,,,,,,-2.0748388294068555e-06,0,781,0.0,0.0,,,,,,,,,,,,,,,,,,,,,,,,,,,,,,,,,,,,,,,,,,,,,,,,,,,,,,,,,,,,,,,,,,,,,,,,,,nan,,,,,,,,,,,,,,,
844,-0.749306857585907,-7.493036264349939e-06,-0.0007493036264349939,8155.097148180008,10000,ppo,ppo,crawler,flat,obs_dth_tot_direct,,,,,,,,,,,,,,,-2.2502309581915945e-05,0,781,0.0,0.0,,,,,,,,,,,,,,,,,,,,,,,,,,,,,,,,,,,,,,,,,,,,,,,,,,,,,,,,,,,,,,,,,,,,,,,,,,nan,,,,,,,,,,,,,,,
845,0.3787602484226227,3.787606829064316e-06,0.0003787606829064316,8166.5859842300415,10000,ppo,ppo,crawler,flat,obs_dth_tot_direct,,,,,,,,,,,,,,,-7.686753746565723e-06,0,781,0.0,0.0,,,,,,,,,,,,,,,,,,,,,,,,,,,,,,,,,,,,,,,,,,,,,,,,,,,,,,,,,,,,,,,,,,,,,,,,,,nan,,,,,,,,,,,,,,,
846,1.0091694593429565,1.0091722288052551e-05,0.0010091722288052551,8178.193055152893,10000,ppo,ppo,crawler,flat,obs_dth_tot_direct,,,,,,,,,,,,,,,-9.613674463138996e-06,0,781,0.0,0.0,,,,,,,,,,,,,,,,,,,,,,,,,,,,,,,,,,,,,,,,,,,,,,,,,,,,,,,,,,,,,,,,,,,,,,,,,,nan,,,,,,,,,,,,,,,
847,1.3501052856445312,1.3501107787305955e-05,0.0013501107787305955,8189.534234285355,10000,ppo,ppo,crawler,flat,obs_dth_tot_direct,,,,,,,,,,,,,,,-0.020290408338325887,0,781,0.0,0.0,,,,,,,,,,,,,,,,,,,,,,,,,,,,,,,,,,,,,,,,,,,,,,,,,,,,,,,,,,,,,,,,,,,,,,,,,,nan,,,,,,,,,,,,,,,
848,0.9324483871459961,9.324467100668699e-06,0.0009324467100668699,8201.713073253632,10000,ppo,ppo,crawler,flat,obs_dth_tot_direct,,,,,,,,,,,,,,,0.0,0,781,0.0,0.0,,,,,,,,,,,,,,,,,,,,,,,,,,,,,,,,,,,,,,,,,,,,,,,,,,,,,,,,,,,,,,,,,,,,,,,,,,nan,,,,,,,,,,,,,,,
849,-0.009717732667922974,-9.718593219076865e-08,-9.718593219076865e-06,8213.840244531631,10000,ppo,ppo,crawler,flat,obs_dth_tot_direct,,,,,,,,,,,,,,,-0.00010334372773251368,0,781,0.0,0.0,,,,,,,,,,,,,,,,,,,,,,,,,,,,,,,,,,,,,,,,,,,,,,,,,,,,,,,,,,,,,,,,,,,,,,,,,,nan,,,,,,,,,,,,,,,
850,0.3742387890815735,3.742384706129087e-06,0.0003742384706129087,8226.680975675583,10000,ppo,ppo,crawler,flat,obs_dth_tot_direct,,,,,,,,,,,,,,,-8.656887788320778e-07,0,781,0.0,0.0,,,,,,,,,,,,,,,,,,,,,,,,,,,,,,,,,,,,,,,,,,,,,,,,,,,,,,,,,,,,,,,,,,,,,,,,,,nan,,,,,,,,,,,,,,,
851,-0.9954536557197571,-9.954525012290105e-06,-0.0009954525012290105,8238.994976520538,10000,ppo,ppo,crawler,flat,obs_dth_tot_direct,,,,,,,,,,,,,,,-0.000309569839860352,0,781,0.0,0.0,,,,,,,,,,,,,,,,,,,,,,,,,,,,,,,,,,,,,,,,,,,,,,,,,,,,,,,,,,,,,,,,,,,,,,,,,,nan,,,,,,,,,,,,,,,
852,0.4393557012081146,4.393578819872346e-06,0.0004393578819872346,8251.196153879166,10000,ppo,ppo,crawler,flat,obs_dth_tot_direct,,,,,,,,,,,,,,,-2.7264202450057456e-05,0,781,0.0,0.0,,,,,,,,,,,,,,,,,,,,,,,,,,,,,,,,,,,,,,,,,,,,,,,,,,,,,,,,,,,,,,,,,,,,,,,,,,nan,,,,,,,,,,,,,,,
853,-0.26341959834098816,-2.634209977259161e-06,-0.0002634209977259161,8262.865894556046,10000,ppo,ppo,crawler,flat,obs_dth_tot_direct,,,,,,,,,,,,,,,0.0,0,781,0.0,0.0,,,,,,,,,,,,,,,,,,,,,,,,,,,,,,,,,,,,,,,,,,,,,,,,,,,,,,,,,,,,,,,,,,,,,,,,,,nan,,,,,,,,,,,,,,,
854,-0.729745090007782,-7.297430784092285e-06,-0.0007297430784092285,8274.581136226654,10000,ppo,ppo,crawler,flat,obs_dth_tot_direct,,,,,,,,,,,,,,,-0.01202548269263532,0,781,0.0,0.0,,,,,,,,,,,,,,,,,,,,,,,,,,,,,,,,,,,,,,,,,,,,,,,,,,,,,,,,,,,,,,,,,,,,,,,,,,nan,,,,,,,,,,,,,,,
855,-0.45603856444358826,-4.5603696889884304e-06,-0.00045603696889884304,8285.859649419785,10000,ppo,ppo,crawler,flat,obs_dth_tot_direct,,,,,,,,,,,,,,,0.0,0,781,0.0,0.0,,,,,,,,,,,,,,,,,,,,,,,,,,,,,,,,,,,,,,,,,,,,,,,,,,,,,,,,,,,,,,,,,,,,,,,,,,nan,,,,,,,,,,,,,,,
856,1.3189247846603394,1.318927388638258e-05,0.001318927388638258,8298.53373003006,10000,ppo,ppo,crawler,flat,obs_dth_tot_direct,,,,,,,,,,,,,,,-1.3168853506083372e-06,0,781,0.0,0.0,,,,,,,,,,,,,,,,,,,,,,,,,,,,,,,,,,,,,,,,,,,,,,,,,,,,,,,,,,,,,,,,,,,,,,,,,,nan,,,,,,,,,,,,,,,
857,0.8167077302932739,8.167083251464646e-06,0.0008167083251464646,8310.873816490173,10000,ppo,ppo,crawler,flat,obs_dth_tot_direct,,,,,,,,,,,,,,,-0.0002911039979868448,0,781,0.0,0.0,,,,,,,,,,,,,,,,,,,,,,,,,,,,,,,,,,,,,,,,,,,,,,,,,,,,,,,,,,,,,,,,,,,,,,,,,,nan,,,,,,,,,,,,,,,
858,-0.14995279908180237,-1.4995044921306544e-06,-0.00014995044921306544,8323.642982244492,10000,ppo,ppo,crawler,flat,obs_dth_tot_direct,,,,,,,,,,,,,,,0.0,0,781,0.0,0.0,,,,,,,,,,,,,,,,,,,,,,,,,,,,,,,,,,,,,,,,,,,,,,,,,,,,,,,,,,,,,,,,,,,,,,,,,,nan,,,,,,,,,,,,,,,
859,-1.3079464435577393,-1.3079461496090516e-05,-0.0013079461496090516,8336.176759719849,10000,ppo,ppo,crawler,flat,obs_dth_tot_direct,,,,,,,,,,,,,,,-0.00027922217265515567,0,781,0.0,0.0,,,,,,,,,,,,,,,,,,,,,,,,,,,,,,,,,,,,,,,,,,,,,,,,,,,,,,,,,,,,,,,,,,,,,,,,,,nan,,,,,,,,,,,,,,,
860,-0.8284952044487,-8.284951945825014e-06,-0.0008284951945825014,8348.583112239838,10000,ppo,ppo,crawler,flat,obs_dth_tot_direct,,,,,,,,,,,,,,,0.0,0,781,0.0,0.0,,,,,,,,,,,,,,,,,,,,,,,,,,,,,,,,,,,,,,,,,,,,,,,,,,,,,,,,,,,,,,,,,,,,,,,,,,nan,,,,,,,,,,,,,,,
861,-0.6040135622024536,-6.040153493813705e-06,-0.0006040153493813705,8361.223716259003,10000,ppo,ppo,crawler,flat,obs_dth_tot_direct,,,,,,,,,,,,,,,-8.847903121601451e-06,0,781,0.0,0.0,,,,,,,,,,,,,,,,,,,,,,,,,,,,,,,,,,,,,,,,,,,,,,,,,,,,,,,,,,,,,,,,,,,,,,,,,,nan,,,,,,,,,,,,,,,
862,-0.7282928824424744,-7.28290569895762e-06,-0.000728290569895762,8373.299310684204,10000,ppo,ppo,crawler,flat,obs_dth_tot_direct,,,,,,,,,,,,,,,-2.3579048457890557e-06,0,781,0.0,0.0,,,,,,,,,,,,,,,,,,,,,,,,,,,,,,,,,,,,,,,,,,,,,,,,,,,,,,,,,,,,,,,,,,,,,,,,,,nan,,,,,,,,,,,,,,,
863,-1.2420648336410522,-1.2420657185430173e-05,-0.0012420657185430173,8384.979573011398,10000,ppo,ppo,crawler,flat,obs_dth_tot_direct,,,,,,,,,,,,,,,-0.0004317559917170015,0,781,0.0,0.0,,,,,,,,,,,,,,,,,,,,,,,,,,,,,,,,,,,,,,,,,,,,,,,,,,,,,,,,,,,,,,,,,,,,,,,,,,nan,,,,,,,,,,,,,,,
864,0.3548601269721985,3.548612312442856e-06,0.0003548612312442856,8396.78909611702,10000,ppo,ppo,crawler,flat,obs_dth_tot_direct,,,,,,,,,,,,,,,-2.5146241358239275e-05,0,781,0.0,0.0,,,,,,,,,,,,,,,,,,,,,,,,,,,,,,,,,,,,,,,,,,,,,,,,,,,,,,,,,,,,,,,,,,,,,,,,,,nan,,,,,,,,,,,,,,,
865,-0.38951048254966736,-3.895105237461394e-06,-0.00038951052374613937,8408.456400871277,10000,ppo,ppo,crawler,flat,obs_dth_tot_direct,,,,,,,,,,,,,,,-4.895399569053198e-05,0,781,0.0,0.0,,,,,,,,,,,,,,,,,,,,,,,,,,,,,,,,,,,,,,,,,,,,,,,,,,,,,,,,,,,,,,,,,,,,,,,,,,nan,,,,,,,,,,,,,,,
866,-0.5961858630180359,-5.961851002211915e-06,-0.0005961851002211915,8421.139379501343,10000,ppo,ppo,crawler,flat,obs_dth_tot_direct,,,,,,,,,,,,,,,-6.230321334777508e-05,0,781,0.0,0.0,,,,,,,,,,,,,,,,,,,,,,,,,,,,,,,,,,,,,,,,,,,,,,,,,,,,,,,,,,,,,,,,,,,,,,,,,,nan,,,,,,,,,,,,,,,
867,-0.8151353001594543,-8.151360816555098e-06,-0.0008151360816555098,8433.424168109894,10000,ppo,ppo,crawler,flat,obs_dth_tot_direct,,,,,,,,,,,,,,,-0.00029915970930216714,0,781,0.0,0.0,,,,,,,,,,,,,,,,,,,,,,,,,,,,,,,,,,,,,,,,,,,,,,,,,,,,,,,,,,,,,,,,,,,,,,,,,,nan,,,,,,,,,,,,,,,
868,-0.9707021713256836,-9.706998753244989e-06,-0.0009706998753244989,8445.478247404099,10000,ppo,ppo,crawler,flat,obs_dth_tot_direct,,,,,,,,,,,,,,,0.0,0,781,0.0,0.0,,,,,,,,,,,,,,,,,,,,,,,,,,,,,,,,,,,,,,,,,,,,,,,,,,,,,,,,,,,,,,,,,,,,,,,,,,nan,,,,,,,,,,,,,,,
869,-1.194496750831604,-1.1944946891162544e-05,-0.0011944946891162544,8458.212742328644,10000,ppo,ppo,crawler,flat,obs_dth_tot_direct,,,,,,,,,,,,,,,-2.909854779475477e-05,0,781,0.0,0.0,,,,,,,,,,,,,,,,,,,,,,,,,,,,,,,,,,,,,,,,,,,,,,,,,,,,,,,,,,,,,,,,,,,,,,,,,,nan,,,,,,,,,,,,,,,
870,0.01499555166810751,1.50004211718624e-07,1.50004211718624e-05,8470.674210309982,10000,ppo,ppo,crawler,flat,obs_dth_tot_direct,,,,,,,,,,,,,,,-0.040956065641828215,0,781,0.0,0.0,,,,,,,,,,,,,,,,,,,,,,,,,,,,,,,,,,,,,,,,,,,,,,,,,,,,,,,,,,,,,,,,,,,,,,,,,,nan,,,,,,,,,,,,,,,
871,0.6523883938789368,6.523905540234409e-06,0.0006523905540234409,8483.221098423004,10000,ppo,ppo,crawler,flat,obs_dth_tot_direct,,,,,,,,,,,,,,,0.0,0,781,0.0,0.0,,,,,,,,,,,,,,,,,,,,,,,,,,,,,,,,,,,,,,,,,,,,,,,,,,,,,,,,,,,,,,,,,,,,,,,,,,nan,,,,,,,,,,,,,,,
872,0.6201897859573364,6.2019253164180554e-06,0.0006201925316418055,8495.729975700378,10000,ppo,ppo,crawler,flat,obs_dth_tot_direct,,,,,,,,,,,,,,,-3.492745848685007e-06,0,781,0.0,0.0,,,,,,,,,,,,,,,,,,,,,,,,,,,,,,,,,,,,,,,,,,,,,,,,,,,,,,,,,,,,,,,,,,,,,,,,,,nan,,,,,,,,,,,,,,,
873,-0.3303217589855194,-3.303204039184493e-06,-0.0003303204039184493,8508.004021406174,10000,ppo,ppo,crawler,flat,obs_dth_tot_direct,,,,,,,,,,,,,,,-0.0003856099073544965,0,781,0.0,0.0,,,,,,,,,,,,,,,,,,,,,,,,,,,,,,,,,,,,,,,,,,,,,,,,,,,,,,,,,,,,,,,,,,,,,,,,,,nan,,,,,,,,,,,,,,,
874,1.4395633935928345,1.4395659491128754e-05,0.0014395659491128754,8519.808394670486,10000,ppo,ppo,crawler,flat,obs_dth_tot_direct,,,,,,,,,,,,,,,-1.2448408119809764e-06,0,781,0.0,0.0,,,,,,,,,,,,,,,,,,,,,,,,,,,,,,,,,,,,,,,,,,,,,,,,,,,,,,,,,,,,,,,,,,,,,,,,,,nan,,,,,,,,,,,,,,,
875,-1.2077653408050537,-1.2077652172592934e-05,-0.0012077652172592934,8531.859342098236,10000,ppo,ppo,crawler,flat,obs_dth_tot_direct,,,,,,,,,,,,,,,-1.866397389452833e-05,0,781,0.0,0.0,,,,,,,,,,,,,,,,,,,,,,,,,,,,,,,,,,,,,,,,,,,,,,,,,,,,,,,,,,,,,,,,,,,,,,,,,,nan,,,,,,,,,,,,,,,
876,0.9029714465141296,9.029757165990304e-06,0.0009029757165990304,8544.118660211563,10000,ppo,ppo,crawler,flat,obs_dth_tot_direct,,,,,,,,,,,,,,,-2.7654449265836603e-06,0,781,0.0,0.0,,,,,,,,,,,,,,,,,,,,,,,,,,,,,,,,,,,,,,,,,,,,,,,,,,,,,,,,,,,,,,,,,,,,,,,,,,nan,,,,,,,,,,,,,,,
877,-0.6037931442260742,-6.037927960278466e-06,-0.0006037927960278466,8556.931256771088,10000,ppo,ppo,crawler,flat,obs_dth_tot_direct,,,,,,,,,,,,,,,-0.02152500024826174,0,781,0.0,0.0,,,,,,,,,,,,,,,,,,,,,,,,,,,,,,,,,,,,,,,,,,,,,,,,,,,,,,,,,,,,,,,,,,,,,,,,,,nan,,,,,,,,,,,,,,,
878,-0.7692846059799194,-7.692857252550311e-06,-0.0007692857252550311,8569.421601772308,10000,ppo,ppo,crawler,flat,obs_dth_tot_direct,,,,,,,,,,,,,,,0.0,0,781,0.0,0.0,,,,,,,,,,,,,,,,,,,,,,,,,,,,,,,,,,,,,,,,,,,,,,,,,,,,,,,,,,,,,,,,,,,,,,,,,,nan,,,,,,,,,,,,,,,
879,0.04348104074597359,4.348519553332153e-07,4.348519553332153e-05,8581.815110683441,10000,ppo,ppo,crawler,flat,obs_dth_tot_direct,,,,,,,,,,,,,,,-0.009034692488667983,0,781,0.0,0.0,,,,,,,,,,,,,,,,,,,,,,,,,,,,,,,,,,,,,,,,,,,,,,,,,,,,,,,,,,,,,,,,,,,,,,,,,,nan,,,,,,,,,,,,,,,
880,0.8136667609214783,8.136689757520799e-06,0.0008136689757520799,8594.18349814415,10000,ppo,ppo,crawler,flat,obs_dth_tot_direct,,,,,,,,,,,,,,,0.0,0,781,0.0,0.0,,,,,,,,,,,,,,,,,,,,,,,,,,,,,,,,,,,,,,,,,,,,,,,,,,,,,,,,,,,,,,,,,,,,,,,,,,nan,,,,,,,,,,,,,,,
881,-2.212162971496582,-2.2121634174254723e-05,-0.0022121634174254723,8605.957372426987,10000,ppo,ppo,crawler,flat,obs_dth_tot_direct,,,,,,,,,,,,,,,-0.00041034776436000414,0,781,0.0,0.0,,,,,,,,,,,,,,,,,,,,,,,,,,,,,,,,,,,,,,,,,,,,,,,,,,,,,,,,,,,,,,,,,,,,,,,,,,nan,,,,,,,,,,,,,,,
882,-0.03748666122555733,-3.7487609461095417e-07,-3.748760946109542e-05,8617.952727556229,10000,ppo,ppo,crawler,flat,obs_dth_tot_direct,,,,,,,,,,,,,,,0.0,0,781,0.0,0.0,,,,,,,,,,,,,,,,,,,,,,,,,,,,,,,,,,,,,,,,,,,,,,,,,,,,,,,,,,,,,,,,,,,,,,,,,,nan,,,,,,,,,,,,,,,
883,0.15103815495967865,1.510409674665425e-06,0.0001510409674665425,8630.237809419632,10000,ppo,ppo,crawler,flat,obs_dth_tot_direct,,,,,,,,,,,,,,,-1.2451556252456353e-06,0,781,0.0,0.0,,,,,,,,,,,,,,,,,,,,,,,,,,,,,,,,,,,,,,,,,,,,,,,,,,,,,,,,,,,,,,,,,,,,,,,,,,nan,,,,,,,,,,,,,,,
884,0.1539621204137802,1.5396250319099636e-06,0.00015396250319099636,8642.507796764374,10000,ppo,ppo,crawler,flat,obs_dth_tot_direct,,,,,,,,,,,,,,,-6.946492892488475e-05,0,781,0.0,0.0,,,,,,,,,,,,,,,,,,,,,,,,,,,,,,,,,,,,,,,,,,,,,,,,,,,,,,,,,,,,,,,,,,,,,,,,,,nan,,,,,,,,,,,,,,,
885,-2.041182518005371,-2.0411865989444777e-05,-0.0020411865989444777,8654.558898687363,10000,ppo,ppo,crawler,flat,obs_dth_tot_direct,,,,,,,,,,,,,,,-1.9426213126634362e-05,0,781,0.0,0.0,,,,,,,,,,,,,,,,,,,,,,,,,,,,,,,,,,,,,,,,,,,,,,,,,,,,,,,,,,,,,,,,,,,,,,,,,,nan,,,,,,,,,,,,,,,
886,1.7712162733078003,1.7712198314256966e-05,0.0017712198314256966,8666.635953426361,10000,ppo,ppo,crawler,flat,obs_dth_tot_direct,,,,,,,,,,,,,,,-0.0011445828480944134,0,781,0.0,0.0,,,,,,,,,,,,,,,,,,,,,,,,,,,,,,,,,,,,,,,,,,,,,,,,,,,,,,,,,,,,,,,,,,,,,,,,,,nan,,,,,,,,,,,,,,,
887,-0.25870442390441895,-2.5870162971841637e-06,-0.00025870162971841637,8679.010843753815,10000,ppo,ppo,crawler,flat,obs_dth_tot_direct,,,,,,,,,,,,,,,-1.171069570295942e-07,0,781,0.0,0.0,,,,,,,,,,,,,,,,,,,,,,,,,,,,,,,,,,,,,,,,,,,,,,,,,,,,,,,,,,,,,,,,,,,,,,,,,,nan,,,,,,,,,,,,,,,
888,0.7085136771202087,7.08516836311901e-06,0.000708516836311901,8691.202590942383,10000,ppo,ppo,crawler,flat,obs_dth_tot_direct,,,,,,,,,,,,,,,-1.0316134949194485e-05,0,781,0.0,0.0,,,,,,,,,,,,,,,,,,,,,,,,,,,,,,,,,,,,,,,,,,,,,,,,,,,,,,,,,,,,,,,,,,,,,,,,,,nan,,,,,,,,,,,,,,,
889,0.8164733052253723,8.16476131149102e-06,0.000816476131149102,8703.411513328552,10000,ppo,ppo,crawler,flat,obs_dth_tot_direct,,,,,,,,,,,,,,,-0.0018899649353018185,0,781,0.0,0.0,,,,,,,,,,,,,,,,,,,,,,,,,,,,,,,,,,,,,,,,,,,,,,,,,,,,,,,,,,,,,,,,,,,,,,,,,,nan,,,,,,,,,,,,,,,
890,1.062105417251587,1.062109186023008e-05,0.001062109186023008,8715.672667503357,10000,ppo,ppo,crawler,flat,obs_dth_tot_direct,,,,,,,,,,,,,,,0.0,0,781,0.0,0.0,,,,,,,,,,,,,,,,,,,,,,,,,,,,,,,,,,,,,,,,,,,,,,,,,,,,,,,,,,,,,,,,,,,,,,,,,,nan,,,,,,,,,,,,,,,
891,-0.02736659161746502,-2.736738906605751e-07,-2.7367389066057513e-05,8727.91999578476,10000,ppo,ppo,crawler,flat,obs_dth_tot_direct,,,,,,,,,,,,,,,-1.7722626186897752e-05,0,781,0.0,0.0,,,,,,,,,,,,,,,,,,,,,,,,,,,,,,,,,,,,,,,,,,,,,,,,,,,,,,,,,,,,,,,,,,,,,,,,,,nan,,,,,,,,,,,,,,,
892,-0.9235273599624634,-9.235322067979723e-06,-0.0009235322067979723,8739.92979335785,10000,ppo,ppo,crawler,flat,obs_dth_tot_direct,,,,,,,,,,,,,,,-0.013327739649856517,0,781,0.0,0.0,,,,,,,,,,,,,,,,,,,,,,,,,,,,,,,,,,,,,,,,,,,,,,,,,,,,,,,,,,,,,,,,,,,,,,,,,,nan,,,,,,,,,,,,,,,
893,0.3653663694858551,3.6536596326186555e-06,0.00036536596326186555,8752.029427289963,10000,ppo,ppo,crawler,flat,obs_dth_tot_direct,,,,,,,,,,,,,,,0.0,0,781,0.0,0.0,,,,,,,,,,,,,,,,,,,,,,,,,,,,,,,,,,,,,,,,,,,,,,,,,,,,,,,,,,,,,,,,,,,,,,,,,,nan,,,,,,,,,,,,,,,
894,0.12717686593532562,1.2717766821879195e-06,0.00012717766821879195,8763.841088533401,10000,ppo,ppo,crawler,flat,obs_dth_tot_direct,,,,,,,,,,,,,,,-9.405806961155731e-05,0,781,0.0,0.0,,,,,,,,,,,,,,,,,,,,,,,,,,,,,,,,,,,,,,,,,,,,,,,,,,,,,,,,,,,,,,,,,,,,,,,,,,nan,,,,,,,,,,,,,,,
895,1.6496690511703491,1.649671685299836e-05,0.001649671685299836,8775.870814800262,10000,ppo,ppo,crawler,flat,obs_dth_tot_direct,,,,,,,,,,,,,,,0.0,0,781,0.0,0.0,,,,,,,,,,,,,,,,,,,,,,,,,,,,,,,,,,,,,,,,,,,,,,,,,,,,,,,,,,,,,,,,,,,,,,,,,,nan,,,,,,,,,,,,,,,
896,-1.347001075744629,-1.3470011253957637e-05,-0.0013470011253957637,8788.198140621185,10000,ppo,ppo,crawler,flat,obs_dth_tot_direct,,,,,,,,,,,,,,,-3.2771190344600458e-06,0,781,0.0,0.0,,,,,,,,,,,,,,,,,,,,,,,,,,,,,,,,,,,,,,,,,,,,,,,,,,,,,,,,,,,,,,,,,,,,,,,,,,nan,,,,,,,,,,,,,,,
897,0.4806385636329651,4.806401648238534e-06,0.0004806401648238534,8801.474469423294,10000,ppo,ppo,crawler,flat,obs_dth_tot_direct,,,,,,,,,,,,,,,-0.0003312807589788443,0,781,0.0,0.0,,,,,,,,,,,,,,,,,,,,,,,,,,,,,,,,,,,,,,,,,,,,,,,,,,,,,,,,,,,,,,,,,,,,,,,,,,nan,,,,,,,,,,,,,,,
898,-0.14885230362415314,-1.4885115433571627e-06,-0.00014885115433571627,8814.708392858505,10000,ppo,ppo,crawler,flat,obs_dth_tot_direct,,,,,,,,,,,,,,,0.0,0,781,0.0,0.0,,,,,,,,,,,,,,,,,,,,,,,,,,,,,,,,,,,,,,,,,,,,,,,,,,,,,,,,,,,,,,,,,,,,,,,,,,nan,,,,,,,,,,,,,,,
899,-0.8389620184898376,-8.389631148020271e-06,-0.0008389631148020271,8827.777470827103,10000,ppo,ppo,crawler,flat,obs_dth_tot_direct,,,,,,,,,,,,,,,-1.4127253598882966e-05,0,781,0.0,0.0,,,,,,,,,,,,,,,,,,,,,,,,,,,,,,,,,,,,,,,,,,,,,,,,,,,,,,,,,,,,,,,,,,,,,,,,,,nan,,,,,,,,,,,,,,,
900,0.5520975589752197,5.520970717043383e-06,0.0005520970717043383,8840.57632613182,10000,ppo,ppo,crawler,flat,obs_dth_tot_direct,,,,,,,,,,,,,,,-0.00031526148123678567,0,781,0.0,0.0,,,,,,,,,,,,,,,,,,,,,,,,,,,,,,,,,,,,,,,,,,,,,,,,,,,,,,,,,,,,,,,,,,,,,,,,,,nan,,,,,,,,,,,,,,,
901,2.0895497798919678,2.0895513443974778e-05,0.002089551344397478,8850.873919963837,10000,ppo,ppo,crawler,flat,obs_dth_tot_direct,,,,,,,,,,,,,,,0.0,0,781,0.0,0.0,,,,,,,,,,,,,,,,,,,,,,,,,,,,,,,,,,,,,,,,,,,,,,,,,,,,,,,,,,,,,,,,,,,,,,,,,,nan,,,,,,,,,,,,,,,
902,-0.226113423705101,-2.261145709780976e-06,-0.00022611457097809762,8861.568670272827,10000,ppo,ppo,crawler,flat,obs_dth_tot_direct,,,,,,,,,,,,,,,-2.26332611677436e-06,0,781,0.0,0.0,,,,,,,,,,,,,,,,,,,,,,,,,,,,,,,,,,,,,,,,,,,,,,,,,,,,,,,,,,,,,,,,,,,,,,,,,,nan,,,,,,,,,,,,,,,
903,-1.2476558685302734,-1.247655109182233e-05,-0.001247655109182233,8871.744420528412,10000,ppo,ppo,crawler,flat,obs_dth_tot_direct,,,,,,,,,,,,,,,-0.006625357244960325,0,781,0.0,0.0,,,,,,,,,,,,,,,,,,,,,,,,,,,,,,,,,,,,,,,,,,,,,,,,,,,,,,,,,,,,,,,,,,,,,,,,,,nan,,,,,,,,,,,,,,,
904,0.7781176567077637,7.78120920585934e-06,0.0007781209205859341,8881.787410020828,10000,ppo,ppo,crawler,flat,obs_dth_tot_direct,,,,,,,,,,,,,,,0.0,0,781,0.0,0.0,,,,,,,,,,,,,,,,,,,,,,,,,,,,,,,,,,,,,,,,,,,,,,,,,,,,,,,,,,,,,,,,,,,,,,,,,,nan,,,,,,,,,,,,,,,
905,-0.05429334565997124,-5.429261022982246e-07,-5.429261022982246e-05,8892.31491780281,10000,ppo,ppo,crawler,flat,obs_dth_tot_direct,,,,,,,,,,,,,,,-9.147861731571363e-06,0,781,0.0,0.0,,,,,,,,,,,,,,,,,,,,,,,,,,,,,,,,,,,,,,,,,,,,,,,,,,,,,,,,,,,,,,,,,,,,,,,,,,nan,,,,,,,,,,,,,,,
906,0.15785455703735352,1.578595856699394e-06,0.0001578595856699394,8902.897040843964,10000,ppo,ppo,crawler,flat,obs_dth_tot_direct,,,,,,,,,,,,,,,-7.095642473725137e-05,0,781,0.0,0.0,,,,,,,,,,,,,,,,,,,,,,,,,,,,,,,,,,,,,,,,,,,,,,,,,,,,,,,,,,,,,,,,,,,,,,,,,,nan,,,,,,,,,,,,,,,
907,-0.8874875903129578,-8.874839295458514e-06,-0.0008874839295458514,8913.060134410858,10000,ppo,ppo,crawler,flat,obs_dth_tot_direct,,,,,,,,,,,,,,,0.000129309822727715,0,781,0.0,0.0,,,,,,,,,,,,,,,,,,,,,,,,,,,,,,,,,,,,,,,,,,,,,,,,,,,,,,,,,,,,,,,,,,,,,,,,,,nan,,,,,,,,,,,,,,,
908,-0.7455945014953613,-7.4559420681907795e-06,-0.000745594206819078,8923.689782857895,10000,ppo,ppo,crawler,flat,obs_dth_tot_direct,,,,,,,,,,,,,,,-2.235476113617344e-05,0,781,0.0,0.0,,,,,,,,,,,,,,,,,,,,,,,,,,,,,,,,,,,,,,,,,,,,,,,,,,,,,,,,,,,,,,,,,,,,,,,,,,nan,,,,,,,,,,,,,,,
909,-0.5297819972038269,-5.297827556205448e-06,-0.0005297827556205448,8933.811131477356,10000,ppo,ppo,crawler,flat,obs_dth_tot_direct,,,,,,,,,,,,,,,-0.012344941456304928,0,781,0.0,0.0,,,,,,,,,,,,,,,,,,,,,,,,,,,,,,,,,,,,,,,,,,,,,,,,,,,,,,,,,,,,,,,,,,,,,,,,,,nan,,,,,,,,,,,,,,,
910,-1.4980415105819702,-1.498042001912836e-05,-0.001498042001912836,8944.533976316452,10000,ppo,ppo,crawler,flat,obs_dth_tot_direct,,,,,,,,,,,,,,,-2.813643552887608e-07,0,781,0.0,0.0,,,,,,,,,,,,,,,,,,,,,,,,,,,,,,,,,,,,,,,,,,,,,,,,,,,,,,,,,,,,,,,,,,,,,,,,,,nan,,,,,,,,,,,,,,,
911,-0.3711085617542267,-3.7110889934410807e-06,-0.00037110889934410807,8954.530021190643,10000,ppo,ppo,crawler,flat,obs_dth_tot_direct,,,,,,,,,,,,,,,-0.006299309042567404,0,781,0.0,0.0,,,,,,,,,,,,,,,,,,,,,,,,,,,,,,,,,,,,,,,,,,,,,,,,,,,,,,,,,,,,,,,,,,,,,,,,,,nan,,,,,,,,,,,,,,,
912,-0.58883136510849,-5.888305622647749e-06,-0.0005888305622647749,8964.938827753067,10000,ppo,ppo,crawler,flat,obs_dth_tot_direct,,,,,,,,,,,,,,,-0.00016498342204109196,0,781,0.0,0.0,,,,,,,,,,,,,,,,,,,,,,,,,,,,,,,,,,,,,,,,,,,,,,,,,,,,,,,,,,,,,,,,,,,,,,,,,,nan,,,,,,,,,,,,,,,
913,-0.6966754198074341,-6.9667726165789645e-06,-0.0006966772616578965,8975.795061588287,10000,ppo,ppo,crawler,flat,obs_dth_tot_direct,,,,,,,,,,,,,,,0.0,0,781,0.0,0.0,,,,,,,,,,,,,,,,,,,,,,,,,,,,,,,,,,,,,,,,,,,,,,,,,,,,,,,,,,,,,,,,,,,,,,,,,,nan,,,,,,,,,,,,,,,
914,0.6722485423088074,6.722491889377125e-06,0.0006722491889377125,8985.624907255173,10000,ppo,ppo,crawler,flat,obs_dth_tot_direct,,,,,,,,,,,,,,,-0.0007162107567323155,0,781,0.0,0.0,,,,,,,,,,,,,,,,,,,,,,,,,,,,,,,,,,,,,,,,,,,,,,,,,,,,,,,,,,,,,,,,,,,,,,,,,,nan,,,,,,,,,,,,,,,
915,1.2820833921432495,1.2820850315620191e-05,0.0012820850315620191,8995.511207580566,10000,ppo,ppo,crawler,flat,obs_dth_tot_direct,,,,,,,,,,,,,,,0.0,0,781,0.0,0.0,,,,,,,,,,,,,,,,,,,,,,,,,,,,,,,,,,,,,,,,,,,,,,,,,,,,,,,,,,,,,,,,,,,,,,,,,,nan,,,,,,,,,,,,,,,
916,1.3555641174316406,1.3555652913055383e-05,0.0013555652913055383,9006.281297445297,10000,ppo,ppo,crawler,flat,obs_dth_tot_direct,,,,,,,,,,,,,,,-9.963644260633618e-05,0,781,0.0,0.0,,,,,,,,,,,,,,,,,,,,,,,,,,,,,,,,,,,,,,,,,,,,,,,,,,,,,,,,,,,,,,,,,,,,,,,,,,nan,,,,,,,,,,,,,,,
917,0.7512323260307312,7.512357569794403e-06,0.0007512357569794403,9016.081518650055,10000,ppo,ppo,crawler,flat,obs_dth_tot_direct,,,,,,,,,,,,,,,0.0,0,781,0.0,0.0,,,,,,,,,,,,,,,,,,,,,,,,,,,,,,,,,,,,,,,,,,,,,,,,,,,,,,,,,,,,,,,,,,,,,,,,,,nan,,,,,,,,,,,,,,,
918,-0.8919970393180847,-8.919948413677048e-06,-0.0008919948413677048,9025.827365875244,10000,ppo,ppo,crawler,flat,obs_dth_tot_direct,,,,,,,,,,,,,,,-5.65942429320913e-07,0,781,0.0,0.0,,,,,,,,,,,,,,,,,,,,,,,,,,,,,,,,,,,,,,,,,,,,,,,,,,,,,,,,,,,,,,,,,,,,,,,,,,nan,,,,,,,,,,,,,,,
919,1.0228371620178223,1.0228399332845584e-05,0.0010228399332845584,9035.913022756577,10000,ppo,ppo,crawler,flat,obs_dth_tot_direct,,,,,,,,,,,,,,,-2.3348998664741175e-05,0,781,0.0,0.0,,,,,,,,,,,,,,,,,,,,,,,,,,,,,,,,,,,,,,,,,,,,,,,,,,,,,,,,,,,,,,,,,,,,,,,,,,nan,,,,,,,,,,,,,,,
920,-1.6151542663574219,-1.6151532690855674e-05,-0.0016151532690855674,9046.887867927551,10000,ppo,ppo,crawler,flat,obs_dth_tot_direct,,,,,,,,,,,,,,,-2.5888370700590743e-06,0,781,0.0,0.0,,,,,,,,,,,,,,,,,,,,,,,,,,,,,,,,,,,,,,,,,,,,,,,,,,,,,,,,,,,,,,,,,,,,,,,,,,nan,,,,,,,,,,,,,,,
921,0.8061851859092712,8.061876542342361e-06,0.0008061876542342361,9057.454294204712,10000,ppo,ppo,crawler,flat,obs_dth_tot_direct,,,,,,,,,,,,,,,1.0829337809363645e-07,0,781,0.0,0.0,,,,,,,,,,,,,,,,,,,,,,,,,,,,,,,,,,,,,,,,,,,,,,,,,,,,,,,,,,,,,,,,,,,,,,,,,,nan,,,,,,,,,,,,,,,
922,-0.5579065680503845,-5.579026492341654e-06,-0.0005579026492341654,9069.684830904007,10000,ppo,ppo,crawler,flat,obs_dth_tot_direct,,,,,,,,,,,,,,,-2.2733071282334274e-05,0,781,0.0,0.0,,,,,,,,,,,,,,,,,,,,,,,,,,,,,,,,,,,,,,,,,,,,,,,,,,,,,,,,,,,,,,,,,,,,,,,,,,nan,,,,,,,,,,,,,,,
923,-0.24117131531238556,-2.4117268822010374e-06,-0.00024117268822010374,9081.573388338089,10000,ppo,ppo,crawler,flat,obs_dth_tot_direct,,,,,,,,,,,,,,,-5.467681550491177e-06,0,781,0.0,0.0,,,,,,,,,,,,,,,,,,,,,,,,,,,,,,,,,,,,,,,,,,,,,,,,,,,,,,,,,,,,,,,,,,,,,,,,,,nan,,,,,,,,,,,,,,,
924,-0.11259713023900986,-1.1260013934588642e-06,-0.00011260013934588642,9093.70132303238,10000,ppo,ppo,crawler,flat,obs_dth_tot_direct,,,,,,,,,,,,,,,-6.686434598112534e-06,0,781,0.0,0.0,,,,,,,,,,,,,,,,,,,,,,,,,,,,,,,,,,,,,,,,,,,,,,,,,,,,,,,,,,,,,,,,,,,,,,,,,,nan,,,,,,,,,,,,,,,
925,-1.3449997901916504,-1.3449978723656386e-05,-0.0013449978723656386,9105.75592327118,10000,ppo,ppo,crawler,flat,obs_dth_tot_direct,,,,,,,,,,,,,,,-0.02893864553273869,0,781,0.0,0.0,,,,,,,,,,,,,,,,,,,,,,,,,,,,,,,,,,,,,,,,,,,,,,,,,,,,,,,,,,,,,,,,,,,,,,,,,,nan,,,,,,,,,,,,,,,
926,0.7021763920783997,7.0217979555309284e-06,0.0007021797955530928,9117.919824123383,10000,ppo,ppo,crawler,flat,obs_dth_tot_direct,,,,,,,,,,,,,,,-3.5927989895762e-05,0,781,0.0,0.0,,,,,,,,,,,,,,,,,,,,,,,,,,,,,,,,,,,,,,,,,,,,,,,,,,,,,,,,,,,,,,,,,,,,,,,,,,nan,,,,,,,,,,,,,,,
927,1.6854660511016846,1.685468123469036e-05,0.001685468123469036,9135.801206588745,10000,ppo,ppo,crawler,flat,obs_dth_tot_direct,,,,,,,,,,,,,,,-7.007908667515242e-05,0,781,0.0,0.0,,,,,,,,,,,,,,,,,,,,,,,,,,,,,,,,,,,,,,,,,,,,,,,,,,,,,,,,,,,,,,,,,,,,,,,,,,nan,,,,,,,,,,,,,,,
928,-0.7594431042671204,-7.594380349473795e-06,-0.0007594380349473795,9155.92167210579,10000,ppo,ppo,crawler,flat,obs_dth_tot_direct,,,,,,,,,,,,,,,4.28715363030397e-05,0,781,0.0,0.0,,,,,,,,,,,,,,,,,,,,,,,,,,,,,,,,,,,,,,,,,,,,,,,,,,,,,,,,,,,,,,,,,,,,,,,,,,nan,,,,,,,,,,,,,,,
929,0.02482776716351509,2.483081971149659e-07,2.4830819711496588e-05,9168.123837709427,10000,ppo,ppo,crawler,flat,obs_dth_tot_direct,,,,,,,,,,,,,,,-0.00010628115729203451,0,781,0.0,0.0,,,,,,,,,,,,,,,,,,,,,,,,,,,,,,,,,,,,,,,,,,,,,,,,,,,,,,,,,,,,,,,,,,,,,,,,,,nan,,,,,,,,,,,,,,,
930,-1.709572434425354,-1.7095746443374082e-05,-0.0017095746443374082,9180.362859249115,10000,ppo,ppo,crawler,flat,obs_dth_tot_direct,,,,,,,,,,,,,,,-5.028652988383773e-07,0,781,0.0,0.0,,,,,,,,,,,,,,,,,,,,,,,,,,,,,,,,,,,,,,,,,,,,,,,,,,,,,,,,,,,,,,,,,,,,,,,,,,nan,,,,,,,,,,,,,,,
931,0.3322184979915619,3.322201564515126e-06,0.0003322201564515126,9192.241792440414,10000,ppo,ppo,crawler,flat,obs_dth_tot_direct,,,,,,,,,,,,,,,-0.0002134142732116538,0,781,0.0,0.0,,,,,,,,,,,,,,,,,,,,,,,,,,,,,,,,,,,,,,,,,,,,,,,,,,,,,,,,,,,,,,,,,,,,,,,,,,nan,,,,,,,,,,,,,,,
932,0.6050218939781189,6.0502234191517346e-06,0.0006050223419151735,9204.860772132874,10000,ppo,ppo,crawler,flat,obs_dth_tot_direct,,,,,,,,,,,,,,,-3.151947372472546e-06,0,781,0.0,0.0,,,,,,,,,,,,,,,,,,,,,,,,,,,,,,,,,,,,,,,,,,,,,,,,,,,,,,,,,,,,,,,,,,,,,,,,,,nan,,,,,,,,,,,,,,,
933,-1.5415617227554321,-1.541564597573597e-05,-0.001541564597573597,9217.26375246048,10000,ppo,ppo,crawler,flat,obs_dth_tot_direct,,,,,,,,,,,,,,,-4.430056910928477e-05,0,781,0.0,0.0,,,,,,,,,,,,,,,,,,,,,,,,,,,,,,,,,,,,,,,,,,,,,,,,,,,,,,,,,,,,,,,,,,,,,,,,,,nan,,,,,,,,,,,,,,,
934,-0.8318397402763367,-8.318384061567485e-06,-0.0008318384061567485,9229.42076253891,10000,ppo,ppo,crawler,flat,obs_dth_tot_direct,,,,,,,,,,,,,,,0.0,0,781,0.0,0.0,,,,,,,,,,,,,,,,,,,,,,,,,,,,,,,,,,,,,,,,,,,,,,,,,,,,,,,,,,,,,,,,,,,,,,,,,,nan,,,,,,,,,,,,,,,
935,1.978952407836914,1.9789587895502336e-05,0.0019789587895502336,9241.331819295883,10000,ppo,ppo,crawler,flat,obs_dth_tot_direct,,,,,,,,,,,,,,,-1.2670568501750882e-05,0,781,0.0,0.0,,,,,,,,,,,,,,,,,,,,,,,,,,,,,,,,,,,,,,,,,,,,,,,,,,,,,,,,,,,,,,,,,,,,,,,,,,nan,,,,,,,,,,,,,,,
936,0.40938568115234375,4.0938739402918145e-06,0.00040938739402918145,9253.754140853882,10000,ppo,ppo,crawler,flat,obs_dth_tot_direct,,,,,,,,,,,,,,,-8.793613335616152e-06,0,781,0.0,0.0,,,,,,,,,,,,,,,,,,,,,,,,,,,,,,,,,,,,,,,,,,,,,,,,,,,,,,,,,,,,,,,,,,,,,,,,,,nan,,,,,,,,,,,,,,,
937,1.039481282234192,1.0394823220849503e-05,0.0010394823220849503,9265.924414157867,10000,ppo,ppo,crawler,flat,obs_dth_tot_direct,,,,,,,,,,,,,,,-0.0010142788140725693,0,781,0.0,0.0,,,,,,,,,,,,,,,,,,,,,,,,,,,,,,,,,,,,,,,,,,,,,,,,,,,,,,,,,,,,,,,,,,,,,,,,,,nan,,,,,,,,,,,,,,,
938,-0.28152474761009216,-2.815210336848395e-06,-0.0002815210336848395,9278.10893535614,10000,ppo,ppo,crawler,flat,obs_dth_tot_direct,,,,,,,,,,,,,,,-5.678670831434858e-07,0,781,0.0,0.0,,,,,,,,,,,,,,,,,,,,,,,,,,,,,,,,,,,,,,,,,,,,,,,,,,,,,,,,,,,,,,,,,,,,,,,,,,nan,,,,,,,,,,,,,,,
939,-0.13463059067726135,-1.3462654351314995e-06,-0.00013462654351314995,9290.266681909561,10000,ppo,ppo,crawler,flat,obs_dth_tot_direct,,,,,,,,,,,,,,,-0.0018727566162064651,0,781,0.0,0.0,,,,,,,,,,,,,,,,,,,,,,,,,,,,,,,,,,,,,,,,,,,,,,,,,,,,,,,,,,,,,,,,,,,,,,,,,,nan,,,,,,,,,,,,,,,
940,-1.0034745931625366,-1.0034736078523565e-05,-0.0010034736078523565,9302.505287647247,10000,ppo,ppo,crawler,flat,obs_dth_tot_direct,,,,,,,,,,,,,,,0.0,0,781,0.0,0.0,,,,,,,,,,,,,,,,,,,,,,,,,,,,,,,,,,,,,,,,,,,,,,,,,,,,,,,,,,,,,,,,,,,,,,,,,,nan,,,,,,,,,,,,,,,
941,-1.267984390258789,-1.2679835890594404e-05,-0.0012679835890594404,9316.612662553787,10000,ppo,ppo,crawler,flat,obs_dth_tot_direct,,,,,,,,,,,,,,,-4.364571101228956e-06,0,781,0.0,0.0,,,,,,,,,,,,,,,,,,,,,,,,,,,,,,,,,,,,,,,,,,,,,,,,,,,,,,,,,,,,,,,,,,,,,,,,,,nan,,,,,,,,,,,,,,,
942,0.48723384737968445,4.872330464422703e-06,0.0004872330464422703,9333.535598039627,10000,ppo,ppo,crawler,flat,obs_dth_tot_direct,,,,,,,,,,,,,,,9.651563432015164e-05,0,781,0.0,0.0,,,,,,,,,,,,,,,,,,,,,,,,,,,,,,,,,,,,,,,,,,,,,,,,,,,,,,,,,,,,,,,,,,,,,,,,,,nan,,,,,,,,,,,,,,,
943,-1.9979225397109985,-1.9979230273747817e-05,-0.0019979230273747817,9345.87952542305,10000,ppo,ppo,crawler,flat,obs_dth_tot_direct,,,,,,,,,,,,,,,4.32135463333313e-06,0,781,0.0,0.0,,,,,,,,,,,,,,,,,,,,,,,,,,,,,,,,,,,,,,,,,,,,,,,,,,,,,,,,,,,,,,,,,,,,,,,,,,nan,,,,,,,,,,,,,,,
944,0.6772226095199585,6.7722303356276825e-06,0.0006772230335627683,9358.138592481613,10000,ppo,ppo,crawler,flat,obs_dth_tot_direct,,,,,,,,,,,,,,,-4.199803323889206e-06,0,781,0.0,0.0,,,,,,,,,,,,,,,,,,,,,,,,,,,,,,,,,,,,,,,,,,,,,,,,,,,,,,,,,,,,,,,,,,,,,,,,,,nan,,,,,,,,,,,,,,,
945,0.6625542044639587,6.625546120631043e-06,0.0006625546120631043,9370.395262241364,10000,ppo,ppo,crawler,flat,obs_dth_tot_direct,,,,,,,,,,,,,,,4.192786923253124e-05,0,781,0.0,0.0,,,,,,,,,,,,,,,,,,,,,,,,,,,,,,,,,,,,,,,,,,,,,,,,,,,,,,,,,,,,,,,,,,,,,,,,,,nan,,,,,,,,,,,,,,,
946,0.8911890983581543,8.91192667040741e-06,0.0008911926670407411,9382.867544651031,10000,ppo,ppo,crawler,flat,obs_dth_tot_direct,,,,,,,,,,,,,,,-1.5988749202708122e-05,0,781,0.0,0.0,,,,,,,,,,,,,,,,,,,,,,,,,,,,,,,,,,,,,,,,,,,,,,,,,,,,,,,,,,,,,,,,,,,,,,,,,,nan,,,,,,,,,,,,,,,
947,0.5267757177352905,5.267794222163502e-06,0.0005267794222163502,9394.898069381714,10000,ppo,ppo,crawler,flat,obs_dth_tot_direct,,,,,,,,,,,,,,,-2.156078538806124e-05,0,781,0.0,0.0,,,,,,,,,,,,,,,,,,,,,,,,,,,,,,,,,,,,,,,,,,,,,,,,,,,,,,,,,,,,,,,,,,,,,,,,,,nan,,,,,,,,,,,,,,,
948,-1.3051033020019531,-1.305102796322899e-05,-0.001305102796322899,9407.029725074768,10000,ppo,ppo,crawler,flat,obs_dth_tot_direct,,,,,,,,,,,,,,,0.0,0,781,0.0,0.0,,,,,,,,,,,,,,,,,,,,,,,,,,,,,,,,,,,,,,,,,,,,,,,,,,,,,,,,,,,,,,,,,,,,,,,,,,nan,,,,,,,,,,,,,,,
949,-0.9809617400169373,-9.809605217014905e-06,-0.0009809605217014905,9419.092823028564,10000,ppo,ppo,crawler,flat,obs_dth_tot_direct,,,,,,,,,,,,,,,-3.6320650279903533e-06,0,781,0.0,0.0,,,,,,,,,,,,,,,,,,,,,,,,,,,,,,,,,,,,,,,,,,,,,,,,,,,,,,,,,,,,,,,,,,,,,,,,,,nan,,,,,,,,,,,,,,,
950,-0.2999330759048462,-2.999306616402464e-06,-0.0002999306616402464,9431.628456354141,10000,ppo,ppo,crawler,flat,obs_dth_tot_direct,,,,,,,,,,,,,,,-1.8709966443030692e-05,0,781,0.0,0.0,,,,,,,,,,,,,,,,,,,,,,,,,,,,,,,,,,,,,,,,,,,,,,,,,,,,,,,,,,,,,,,,,,,,,,,,,,nan,,,,,,,,,,,,,,,
951,-1.7580302953720093,-1.7580281564733014e-05,-0.0017580281564733014,9443.981357336044,10000,ppo,ppo,crawler,flat,obs_dth_tot_direct,,,,,,,,,,,,,,,-8.413491820709042e-06,0,781,0.0,0.0,,,,,,,,,,,,,,,,,,,,,,,,,,,,,,,,,,,,,,,,,,,,,,,,,,,,,,,,,,,,,,,,,,,,,,,,,,nan,,,,,,,,,,,,,,,
952,-0.20035424828529358,-2.003514282478136e-06,-0.0002003514282478136,9456.110280513763,10000,ppo,ppo,crawler,flat,obs_dth_tot_direct,,,,,,,,,,,,,,,-2.1273610104595653e-05,0,781,0.0,0.0,,,,,,,,,,,,,,,,,,,,,,,,,,,,,,,,,,,,,,,,,,,,,,,,,,,,,,,,,,,,,,,,,,,,,,,,,,nan,,,,,,,,,,,,,,,
953,-1.8930329084396362,-1.8930319129140116e-05,-0.0018930319129140116,9468.289413690567,10000,ppo,ppo,crawler,flat,obs_dth_tot_direct,,,,,,,,,,,,,,,1.771477493487308e-05,0,781,0.0,0.0,,,,,,,,,,,,,,,,,,,,,,,,,,,,,,,,,,,,,,,,,,,,,,,,,,,,,,,,,,,,,,,,,,,,,,,,,,nan,,,,,,,,,,,,,,,
954,-0.07263608276844025,-7.26329631106637e-07,-7.26329631106637e-05,9480.186502933502,10000,ppo,ppo,crawler,flat,obs_dth_tot_direct,,,,,,,,,,,,,,,-2.0375885498661084e-05,0,781,0.0,0.0,,,,,,,,,,,,,,,,,,,,,,,,,,,,,,,,,,,,,,,,,,,,,,,,,,,,,,,,,,,,,,,,,,,,,,,,,,nan,,,,,,,,,,,,,,,
955,-0.6690850853919983,-6.690797818009742e-06,-0.0006690797818009742,9492.649412631989,10000,ppo,ppo,crawler,flat,obs_dth_tot_direct,,,,,,,,,,,,,,,0.00019473653935401603,0,781,0.0,0.0,,,,,,,,,,,,,,,,,,,,,,,,,,,,,,,,,,,,,,,,,,,,,,,,,,,,,,,,,,,,,,,,,,,,,,,,,,nan,,,,,,,,,,,,,,,
956,-0.8310767412185669,-8.310779776365962e-06,-0.0008310779776365962,9504.654951334,10000,ppo,ppo,crawler,flat,obs_dth_tot_direct,,,,,,,,,,,,,,,-5.544941972526179e-06,0,781,0.0,0.0,,,,,,,,,,,,,,,,,,,,,,,,,,,,,,,,,,,,,,,,,,,,,,,,,,,,,,,,,,,,,,,,,,,,,,,,,,nan,,,,,,,,,,,,,,,
957,-0.6279565691947937,-6.279574336076621e-06,-0.0006279574336076621,9517.208758592606,10000,ppo,ppo,crawler,flat,obs_dth_tot_direct,,,,,,,,,,,,,,,-5.619822096236995e-05,0,781,0.0,0.0,,,,,,,,,,,,,,,,,,,,,,,,,,,,,,,,,,,,,,,,,,,,,,,,,,,,,,,,,,,,,,,,,,,,,,,,,,nan,,,,,,,,,,,,,,,
958,0.5001528859138489,5.001529643777758e-06,0.0005001529643777758,9529.665991306305,10000,ppo,ppo,crawler,flat,obs_dth_tot_direct,,,,,,,,,,,,,,,-6.80935105234957e-05,0,781,0.0,0.0,,,,,,,,,,,,,,,,,,,,,,,,,,,,,,,,,,,,,,,,,,,,,,,,,,,,,,,,,,,,,,,,,,,,,,,,,,nan,,,,,,,,,,,,,,,
959,0.33967557549476624,3.3967464787565405e-06,0.00033967464787565405,9541.91072511673,10000,ppo,ppo,crawler,flat,obs_dth_tot_direct,,,,,,,,,,,,,,,0.0,0,781,0.0,0.0,,,,,,,,,,,,,,,,,,,,,,,,,,,,,,,,,,,,,,,,,,,,,,,,,,,,,,,,,,,,,,,,,,,,,,,,,,nan,,,,,,,,,,,,,,,
960,0.4993511140346527,4.993514721718384e-06,0.0004993514721718384,9553.850546360016,10000,ppo,ppo,crawler,flat,obs_dth_tot_direct,,,,,,,,,,,,,,,-0.0004965476930217768,0,781,0.0,0.0,,,,,,,,,,,,,,,,,,,,,,,,,,,,,,,,,,,,,,,,,,,,,,,,,,,,,,,,,,,,,,,,,,,,,,,,,,nan,,,,,,,,,,,,,,,
961,0.8839423060417175,8.839422662276775e-06,0.0008839422662276775,9565.862845659256,10000,ppo,ppo,crawler,flat,obs_dth_tot_direct,,,,,,,,,,,,,,,0.0,0,781,0.0,0.0,,,,,,,,,,,,,,,,,,,,,,,,,,,,,,,,,,,,,,,,,,,,,,,,,,,,,,,,,,,,,,,,,,,,,,,,,,nan,,,,,,,,,,,,,,,
962,-0.5764725804328918,-5.764743946201634e-06,-0.0005764743946201634,9577.75031375885,10000,ppo,ppo,crawler,flat,obs_dth_tot_direct,,,,,,,,,,,,,,,-3.127943934269354e-05,0,781,0.0,0.0,,,,,,,,,,,,,,,,,,,,,,,,,,,,,,,,,,,,,,,,,,,,,,,,,,,,,,,,,,,,,,,,,,,,,,,,,,nan,,,,,,,,,,,,,,,
963,1.2283416986465454,1.2283434443816077e-05,0.0012283434443816077,9589.72074842453,10000,ppo,ppo,crawler,flat,obs_dth_tot_direct,,,,,,,,,,,,,,,-6.991556741860093e-05,0,781,0.0,0.0,,,,,,,,,,,,,,,,,,,,,,,,,,,,,,,,,,,,,,,,,,,,,,,,,,,,,,,,,,,,,,,,,,,,,,,,,,nan,,,,,,,,,,,,,,,
964,0.2865161895751953,2.865207306967932e-06,0.0002865207306967932,9601.542467355728,10000,ppo,ppo,crawler,flat,obs_dth_tot_direct,,,,,,,,,,,,,,,-6.574416525957679e-05,0,781,0.0,0.0,,,,,,,,,,,,,,,,,,,,,,,,,,,,,,,,,,,,,,,,,,,,,,,,,,,,,,,,,,,,,,,,,,,,,,,,,,nan,,,,,,,,,,,,,,,
965,-0.8938254714012146,-8.938239261624403e-06,-0.0008938239261624403,9613.983563661575,10000,ppo,ppo,crawler,flat,obs_dth_tot_direct,,,,,,,,,,,,,,,-3.682621772593023e-05,0,781,0.0,0.0,,,,,,,,,,,,,,,,,,,,,,,,,,,,,,,,,,,,,,,,,,,,,,,,,,,,,,,,,,,,,,,,,,,,,,,,,,nan,,,,,,,,,,,,,,,
966,-1.5135862827301025,-1.5135875401028898e-05,-0.0015135875401028898,9626.323346138,10000,ppo,ppo,crawler,flat,obs_dth_tot_direct,,,,,,,,,,,,,,,-0.00020793423643299927,0,781,0.0,0.0,,,,,,,,,,,,,,,,,,,,,,,,,,,,,,,,,,,,,,,,,,,,,,,,,,,,,,,,,,,,,,,,,,,,,,,,,,nan,,,,,,,,,,,,,,,
967,-0.6951791644096375,-6.951813247724203e-06,-0.0006951813247724203,9638.588734388351,10000,ppo,ppo,crawler,flat,obs_dth_tot_direct,,,,,,,,,,,,,,,-0.00327091886114601,0,781,0.0,0.0,,,,,,,,,,,,,,,,,,,,,,,,,,,,,,,,,,,,,,,,,,,,,,,,,,,,,,,,,,,,,,,,,,,,,,,,,,nan,,,,,,,,,,,,,,,
968,-0.09379353374242783,-9.37899358177674e-07,-9.37899358177674e-05,9650.721538543701,10000,ppo,ppo,crawler,flat,obs_dth_tot_direct,,,,,,,,,,,,,,,-1.7080330808626703e-05,0,781,0.0,0.0,,,,,,,,,,,,,,,,,,,,,,,,,,,,,,,,,,,,,,,,,,,,,,,,,,,,,,,,,,,,,,,,,,,,,,,,,,nan,,,,,,,,,,,,,,,
969,0.8341860771179199,8.341910870512947e-06,0.0008341910870512947,9662.472733974457,10000,ppo,ppo,crawler,flat,obs_dth_tot_direct,,,,,,,,,,,,,,,0.0,0,781,0.0,0.0,,,,,,,,,,,,,,,,,,,,,,,,,,,,,,,,,,,,,,,,,,,,,,,,,,,,,,,,,,,,,,,,,,,,,,,,,,nan,,,,,,,,,,,,,,,
970,0.45992499589920044,4.599307430908084e-06,0.0004599307430908084,9674.377254486084,10000,ppo,ppo,crawler,flat,obs_dth_tot_direct,,,,,,,,,,,,,,,-0.02341643921320211,0,781,0.0,0.0,,,,,,,,,,,,,,,,,,,,,,,,,,,,,,,,,,,,,,,,,,,,,,,,,,,,,,,,,,,,,,,,,,,,,,,,,,nan,,,,,,,,,,,,,,,
971,-0.38836559653282166,-3.883631961798528e-06,-0.0003883631961798528,9685.98026394844,10000,ppo,ppo,crawler,flat,obs_dth_tot_direct,,,,,,,,,,,,,,,0.0,0,781,0.0,0.0,,,,,,,,,,,,,,,,,,,,,,,,,,,,,,,,,,,,,,,,,,,,,,,,,,,,,,,,,,,,,,,,,,,,,,,,,,nan,,,,,,,,,,,,,,,
972,1.3545945882797241,1.3545998626796063e-05,0.0013545998626796063,9697.895602464676,10000,ppo,ppo,crawler,flat,obs_dth_tot_direct,,,,,,,,,,,,,,,-1.1890491043788675e-05,0,781,0.0,0.0,,,,,,,,,,,,,,,,,,,,,,,,,,,,,,,,,,,,,,,,,,,,,,,,,,,,,,,,,,,,,,,,,,,,,,,,,,nan,,,,,,,,,,,,,,,
973,-0.8081501126289368,-8.081455234787427e-06,-0.0008081455234787427,9709.66503739357,10000,ppo,ppo,crawler,flat,obs_dth_tot_direct,,,,,,,,,,,,,,,-5.044324488096445e-06,0,781,0.0,0.0,,,,,,,,,,,,,,,,,,,,,,,,,,,,,,,,,,,,,,,,,,,,,,,,,,,,,,,,,,,,,,,,,,,,,,,,,,nan,,,,,,,,,,,,,,,
974,0.7498019337654114,7.49803302824148e-06,0.000749803302824148,9721.465141057968,10000,ppo,ppo,crawler,flat,obs_dth_tot_direct,,,,,,,,,,,,,,,-0.00012471325333002434,0,781,0.0,0.0,,,,,,,,,,,,,,,,,,,,,,,,,,,,,,,,,,,,,,,,,,,,,,,,,,,,,,,,,,,,,,,,,,,,,,,,,,nan,,,,,,,,,,,,,,,
975,-1.3454598188400269,-1.3454591680783778e-05,-0.0013454591680783778,9733.504704475403,10000,ppo,ppo,crawler,flat,obs_dth_tot_direct,,,,,,,,,,,,,,,-5.206009718886411e-05,0,781,0.0,0.0,,,,,,,,,,,,,,,,,,,,,,,,,,,,,,,,,,,,,,,,,,,,,,,,,,,,,,,,,,,,,,,,,,,,,,,,,,nan,,,,,,,,,,,,,,,
976,0.06918938457965851,6.919127031324024e-07,6.919127031324024e-05,9745.383379220963,10000,ppo,ppo,crawler,flat,obs_dth_tot_direct,,,,,,,,,,,,,,,0.0,0,781,0.0,0.0,,,,,,,,,,,,,,,,,,,,,,,,,,,,,,,,,,,,,,,,,,,,,,,,,,,,,,,,,,,,,,,,,,,,,,,,,,nan,,,,,,,,,,,,,,,
977,-0.4106680452823639,-4.106654159841128e-06,-0.00041066541598411277,9757.20460486412,10000,ppo,ppo,crawler,flat,obs_dth_tot_direct,,,,,,,,,,,,,,,-5.001016080417645e-05,0,781,0.0,0.0,,,,,,,,,,,,,,,,,,,,,,,,,,,,,,,,,,,,,,,,,,,,,,,,,,,,,,,,,,,,,,,,,,,,,,,,,,nan,,,,,,,,,,,,,,,
978,1.6931880712509155,1.6931890058913268e-05,0.0016931890058913268,9768.909794569016,10000,ppo,ppo,crawler,flat,obs_dth_tot_direct,,,,,,,,,,,,,,,-0.0027623624265403816,0,781,0.0,0.0,,,,,,,,,,,,,,,,,,,,,,,,,,,,,,,,,,,,,,,,,,,,,,,,,,,,,,,,,,,,,,,,,,,,,,,,,,nan,,,,,,,,,,,,,,,
979,-0.3088372051715851,-3.0883584258845076e-06,-0.00030883584258845076,9780.900861501694,10000,ppo,ppo,crawler,flat,obs_dth_tot_direct,,,,,,,,,,,,,,,0.0,0,781,0.0,0.0,,,,,,,,,,,,,,,,,,,,,,,,,,,,,,,,,,,,,,,,,,,,,,,,,,,,,,,,,,,,,,,,,,,,,,,,,,nan,,,,,,,,,,,,,,,
980,-0.10930424183607101,-1.093029936782841e-06,-0.00010930299367828411,9792.96634721756,10000,ppo,ppo,crawler,flat,obs_dth_tot_direct,,,,,,,,,,,,,,,-5.839268525492367e-06,0,781,0.0,0.0,,,,,,,,,,,,,,,,,,,,,,,,,,,,,,,,,,,,,,,,,,,,,,,,,,,,,,,,,,,,,,,,,,,,,,,,,,nan,,,,,,,,,,,,,,,
981,1.6742275953292847,1.6742293155402876e-05,0.0016742293155402876,9805.109802484512,10000,ppo,ppo,crawler,flat,obs_dth_tot_direct,,,,,,,,,,,,,,,-0.00023884715443231385,0,781,0.0,0.0,,,,,,,,,,,,,,,,,,,,,,,,,,,,,,,,,,,,,,,,,,,,,,,,,,,,,,,,,,,,,,,,,,,,,,,,,,nan,,,,,,,,,,,,,,,
982,-0.7239500284194946,-7.239472779474454e-06,-0.0007239472779474454,9816.89525771141,10000,ppo,ppo,crawler,flat,obs_dth_tot_direct,,,,,,,,,,,,,,,-6.037259834524e-08,0,781,0.0,0.0,,,,,,,,,,,,,,,,,,,,,,,,,,,,,,,,,,,,,,,,,,,,,,,,,,,,,,,,,,,,,,,,,,,,,,,,,,nan,,,,,,,,,,,,,,,
983,-0.16028349101543427,-1.6028288882807828e-06,-0.00016028288882807828,9828.675588846207,10000,ppo,ppo,crawler,flat,obs_dth_tot_direct,,,,,,,,,,,,,,,-1.7515582804032692e-05,0,781,0.0,0.0,,,,,,,,,,,,,,,,,,,,,,,,,,,,,,,,,,,,,,,,,,,,,,,,,,,,,,,,,,,,,,,,,,,,,,,,,,nan,,,,,,,,,,,,,,,
984,-0.4122590124607086,-4.12254257753375e-06,-0.000412254257753375,9840.597886323929,10000,ppo,ppo,crawler,flat,obs_dth_tot_direct,,,,,,,,,,,,,,,1.3212979832013042e-05,0,781,0.0,0.0,,,,,,,,,,,,,,,,,,,,,,,,,,,,,,,,,,,,,,,,,,,,,,,,,,,,,,,,,,,,,,,,,,,,,,,,,,nan,,,,,,,,,,,,,,,
985,1.6104656457901,1.610467916179914e-05,0.001610467916179914,9852.413474798203,10000,ppo,ppo,crawler,flat,obs_dth_tot_direct,,,,,,,,,,,,,,,-1.0658782953336817e-05,0,781,0.0,0.0,,,,,,,,,,,,,,,,,,,,,,,,,,,,,,,,,,,,,,,,,,,,,,,,,,,,,,,,,,,,,,,,,,,,,,,,,,nan,,,,,,,,,,,,,,,
986,0.3584223687648773,3.584257456168416e-06,0.0003584257456168416,9864.782391548157,10000,ppo,ppo,crawler,flat,obs_dth_tot_direct,,,,,,,,,,,,,,,-2.4262029873195286e-05,0,781,0.0,0.0,,,,,,,,,,,,,,,,,,,,,,,,,,,,,,,,,,,,,,,,,,,,,,,,,,,,,,,,,,,,,,,,,,,,,,,,,,nan,,,,,,,,,,,,,,,
987,1.1952484846115112,1.195249569718726e-05,0.001195249569718726,9876.756107091904,10000,ppo,ppo,crawler,flat,obs_dth_tot_direct,,,,,,,,,,,,,,,-2.8844086856374974e-05,0,781,0.0,0.0,,,,,,,,,,,,,,,,,,,,,,,,,,,,,,,,,,,,,,,,,,,,,,,,,,,,,,,,,,,,,,,,,,,,,,,,,,nan,,,,,,,,,,,,,,,
988,0.9676993489265442,9.677019079390448e-06,0.0009677019079390448,9888.699918270111,10000,ppo,ppo,crawler,flat,obs_dth_tot_direct,,,,,,,,,,,,,,,-0.0032303875274049946,0,781,0.0,0.0,,,,,,,,,,,,,,,,,,,,,,,,,,,,,,,,,,,,,,,,,,,,,,,,,,,,,,,,,,,,,,,,,,,,,,,,,,nan,,,,,,,,,,,,,,,
989,-1.554770827293396,-1.5547706425422803e-05,-0.0015547706425422803,9900.874568939209,10000,ppo,ppo,crawler,flat,obs_dth_tot_direct,,,,,,,,,,,,,,,0.0,0,781,0.0,0.0,,,,,,,,,,,,,,,,,,,,,,,,,,,,,,,,,,,,,,,,,,,,,,,,,,,,,,,,,,,,,,,,,,,,,,,,,,nan,,,,,,,,,,,,,,,
990,-1.2956469058990479,-1.2956487807969097e-05,-0.0012956487807969097,9913.186598300934,10000,ppo,ppo,crawler,flat,obs_dth_tot_direct,,,,,,,,,,,,,,,-1.8612949103689376e-05,0,781,0.0,0.0,,,,,,,,,,,,,,,,,,,,,,,,,,,,,,,,,,,,,,,,,,,,,,,,,,,,,,,,,,,,,,,,,,,,,,,,,,nan,,,,,,,,,,,,,,,
991,-0.5891798138618469,-5.891789896850241e-06,-0.0005891789896850241,9925.187820196152,10000,ppo,ppo,crawler,flat,obs_dth_tot_direct,,,,,,,,,,,,,,,-0.0005349763043024475,0,781,0.0,0.0,,,,,,,,,,,,,,,,,,,,,,,,,,,,,,,,,,,,,,,,,,,,,,,,,,,,,,,,,,,,,,,,,,,,,,,,,,nan,,,,,,,,,,,,,,,
992,0.7955246567726135,7.955281034810469e-06,0.0007955281034810469,9937.02322268486,10000,ppo,ppo,crawler,flat,obs_dth_tot_direct,,,,,,,,,,,,,,,0.0,0,781,0.0,0.0,,,,,,,,,,,,,,,,,,,,,,,,,,,,,,,,,,,,,,,,,,,,,,,,,,,,,,,,,,,,,,,,,,,,,,,,,,nan,,,,,,,,,,,,,,,
993,-1.068477988243103,-1.0684780136216432e-05,-0.0010684780136216432,9948.83447599411,10000,ppo,ppo,crawler,flat,obs_dth_tot_direct,,,,,,,,,,,,,,,-1.5472538921881883e-05,0,781,0.0,0.0,,,,,,,,,,,,,,,,,,,,,,,,,,,,,,,,,,,,,,,,,,,,,,,,,,,,,,,,,,,,,,,,,,,,,,,,,,nan,,,,,,,,,,,,,,,
994,1.172249674797058,1.172255815617973e-05,0.001172255815617973,9960.943211555481,10000,ppo,ppo,crawler,flat,obs_dth_tot_direct,,,,,,,,,,,,,,,-2.2671989161669064e-05,0,781,0.0,0.0,,,,,,,,,,,,,,,,,,,,,,,,,,,,,,,,,,,,,,,,,,,,,,,,,,,,,,,,,,,,,,,,,,,,,,,,,,nan,,,,,,,,,,,,,,,
995,0.04441961273550987,4.442291299255885e-07,4.442291299255885e-05,9973.214385032654,10000,ppo,ppo,crawler,flat,obs_dth_tot_direct,,,,,,,,,,,,,,,-0.0050827039944702015,0,781,0.0,0.0,,,,,,,,,,,,,,,,,,,,,,,,,,,,,,,,,,,,,,,,,,,,,,,,,,,,,,,,,,,,,,,,,,,,,,,,,,nan,,,,,,,,,,,,,,,
996,-0.7873420119285583,-7.873422873672098e-06,-0.0007873422873672098,9985.226970434189,10000,ppo,ppo,crawler,flat,obs_dth_tot_direct,,,,,,,,,,,,,,,0.0,0,781,0.0,0.0,,,,,,,,,,,,,,,,,,,,,,,,,,,,,,,,,,,,,,,,,,,,,,,,,,,,,,,,,,,,,,,,,,,,,,,,,,nan,,,,,,,,,,,,,,,
997,-1.2304359674453735,-1.2304353731451556e-05,-0.0012304353731451556,9997.21254825592,10000,ppo,ppo,crawler,flat,obs_dth_tot_direct,,,,,,,,,,,,,,,-0.003330962887455956,0,781,0.0,0.0,,,,,,,,,,,,,,,,,,,,,,,,,,,,,,,,,,,,,,,,,,,,,,,,,,,,,,,,,,,,,,,,,,,,,,,,,,nan,,,,,,,,,,,,,,,
998,0.8250365257263184,8.250336577475537e-06,0.0008250336577475537,10009.431319713593,10000,ppo,ppo,crawler,flat,obs_dth_tot_direct,,,,,,,,,,,,,,,-6.714603230452568e-05,0,781,0.0,0.0,,,,,,,,,,,,,,,,,,,,,,,,,,,,,,,,,,,,,,,,,,,,,,,,,,,,,,,,,,,,,,,,,,,,,,,,,,nan,,,,,,,,,,,,,,,
999,-1.0696848630905151,-1.0696872777771205e-05,-0.0010696872777771205,10021.398485422134,10000,ppo,ppo,crawler,flat,obs_dth_tot_direct,,,,,,,,,,,,,,,0.0,0,781,0.0,0.0,,,,,,,,,,,,,,,,,,,,,,,,,,,,,,,,,,,,,,,,,,,,,,,,,,,,,,,,,,,,,,,,,,,,,,,,,,nan,,,,,,,,,,,,,,,
1000,0.22635655105113983,2.2636052108282456e-06,0.00022636052108282456,10034.312118291855,10000,ppo,ppo,crawler,flat,obs_dth_tot_direct,,,,,,,,,,,,,,,-0.011828120463979687,0,781,0.0,0.0,,,,,,,,,,,,,,,,,,,,,,,,,,,,,,,,,,,,,,,,,,,,,,,,,,,,,,,,,,,,,,,,,,,,,,,,,,nan,,,,,,,,,,,,,,,
1001,0.38033023476600647,3.8033203964005224e-06,0.00038033203964005224,10047.230856657028,10000,ppo,ppo,crawler,flat,obs_dth_tot_direct,,,,,,,,,,,,,,,0.0,0,781,0.0,0.0,,,,,,,,,,,,,,,,,,,,,,,,,,,,,,,,,,,,,,,,,,,,,,,,,,,,,,,,,,,,,,,,,,,,,,,,,,nan,,,,,,,,,,,,,,,
1002,-0.19945955276489258,-1.9946157863159897e-06,-0.00019946157863159897,10058.937588214874,10000,ppo,ppo,crawler,flat,obs_dth_tot_direct,,,,,,,,,,,,,,,-0.00013704712069790128,0,781,0.0,0.0,,,,,,,,,,,,,,,,,,,,,,,,,,,,,,,,,,,,,,,,,,,,,,,,,,,,,,,,,,,,,,,,,,,,,,,,,,nan,,,,,,,,,,,,,,,
1003,0.5936800837516785,5.936794423178071e-06,0.0005936794423178071,10071.021057128906,10000,ppo,ppo,crawler,flat,obs_dth_tot_direct,,,,,,,,,,,,,,,-5.751304452458966e-09,0,781,0.0,0.0,,,,,,,,,,,,,,,,,,,,,,,,,,,,,,,,,,,,,,,,,,,,,,,,,,,,,,,,,,,,,,,,,,,,,,,,,,nan,,,,,,,,,,,,,,,
1004,-0.4970833361148834,-4.97083874506643e-06,-0.000497083874506643,10083.136522769928,10000,ppo,ppo,crawler,flat,obs_dth_tot_direct,,,,,,,,,,,,,,,-0.004855236269905686,0,781,0.0,0.0,,,,,,,,,,,,,,,,,,,,,,,,,,,,,,,,,,,,,,,,,,,,,,,,,,,,,,,,,,,,,,,,,,,,,,,,,,nan,,,,,,,,,,,,,,,
1005,1.2618837356567383,1.2618858818314038e-05,0.0012618858818314038,10095.35554599762,10000,ppo,ppo,crawler,flat,obs_dth_tot_direct,,,,,,,,,,,,,,,0.0,0,781,0.0,0.0,,,,,,,,,,,,,,,,,,,,,,,,,,,,,,,,,,,,,,,,,,,,,,,,,,,,,,,,,,,,,,,,,,,,,,,,,,nan,,,,,,,,,,,,,,,
1006,-0.016384650021791458,-1.6383081913318165e-07,-1.6383081913318165e-05,10107.314040660858,10000,ppo,ppo,crawler,flat,obs_dth_tot_direct,,,,,,,,,,,,,,,-0.0006352530091180539,0,781,0.0,0.0,,,,,,,,,,,,,,,,,,,,,,,,,,,,,,,,,,,,,,,,,,,,,,,,,,,,,,,,,,,,,,,,,,,,,,,,,,nan,,,,,,,,,,,,,,,
1007,0.2897353172302246,2.897394551837351e-06,0.0002897394551837351,10119.280138254166,10000,ppo,ppo,crawler,flat,obs_dth_tot_direct,,,,,,,,,,,,,,,0.0,0,781,0.0,0.0,,,,,,,,,,,,,,,,,,,,,,,,,,,,,,,,,,,,,,,,,,,,,,,,,,,,,,,,,,,,,,,,,,,,,,,,,,nan,,,,,,,,,,,,,,,
1008,0.5145110487937927,5.145180239196634e-06,0.0005145180239196634,10131.356917142868,10000,ppo,ppo,crawler,flat,obs_dth_tot_direct,,,,,,,,,,,,,,,-4.4532351567864264e-05,0,781,0.0,0.0,,,,,,,,,,,,,,,,,,,,,,,,,,,,,,,,,,,,,,,,,,,,,,,,,,,,,,,,,,,,,,,,,,,,,,,,,,nan,,,,,,,,,,,,,,,
1009,-1.1047987937927246,-1.104796592699131e-05,-0.001104796592699131,10143.200739145279,10000,ppo,ppo,crawler,flat,obs_dth_tot_direct,,,,,,,,,,,,,,,0.0,0,781,0.0,0.0,,,,,,,,,,,,,,,,,,,,,,,,,,,,,,,,,,,,,,,,,,,,,,,,,,,,,,,,,,,,,,,,,,,,,,,,,,nan,,,,,,,,,,,,,,,
1010,-0.16541221737861633,-1.6541184777452145e-06,-0.00016541184777452145,10155.199297189713,10000,ppo,ppo,crawler,flat,obs_dth_tot_direct,,,,,,,,,,,,,,,-1.540002335583202e-05,0,781,0.0,0.0,,,,,,,,,,,,,,,,,,,,,,,,,,,,,,,,,,,,,,,,,,,,,,,,,,,,,,,,,,,,,,,,,,,,,,,,,,nan,,,,,,,,,,,,,,,
1011,0.4189114570617676,4.189138053334318e-06,0.0004189138053334318,10167.275558710098,10000,ppo,ppo,crawler,flat,obs_dth_tot_direct,,,,,,,,,,,,,,,-0.000761080720484562,0,781,0.0,0.0,,,,,,,,,,,,,,,,,,,,,,,,,,,,,,,,,,,,,,,,,,,,,,,,,,,,,,,,,,,,,,,,,,,,,,,,,,nan,,,,,,,,,,,,,,,
1012,-0.0670897513628006,-6.708618229822605e-07,-6.708618229822605e-05,10179.48817539215,10000,ppo,ppo,crawler,flat,obs_dth_tot_direct,,,,,,,,,,,,,,,0.0,0,781,0.0,0.0,,,,,,,,,,,,,,,,,,,,,,,,,,,,,,,,,,,,,,,,,,,,,,,,,,,,,,,,,,,,,,,,,,,,,,,,,,nan,,,,,,,,,,,,,,,
1013,0.3705526292324066,3.7055342545500025e-06,0.00037055342545500025,10191.632705450058,10000,ppo,ppo,crawler,flat,obs_dth_tot_direct,,,,,,,,,,,,,,,-1.0259119166531118e-05,0,781,0.0,0.0,,,,,,,,,,,,,,,,,,,,,,,,,,,,,,,,,,,,,,,,,,,,,,,,,,,,,,,,,,,,,,,,,,,,,,,,,,nan,,,,,,,,,,,,,,,
1014,0.3657987713813782,3.6580174764822004e-06,0.00036580174764822004,10203.66230583191,10000,ppo,ppo,crawler,flat,obs_dth_tot_direct,,,,,,,,,,,,,,,-1.8654629664445503e-06,0,781,0.0,0.0,,,,,,,,,,,,,,,,,,,,,,,,,,,,,,,,,,,,,,,,,,,,,,,,,,,,,,,,,,,,,,,,,,,,,,,,,,nan,,,,,,,,,,,,,,,
1015,0.5216314792633057,5.2163281907269266e-06,0.0005216328190726927,10216.449259519577,10000,ppo,ppo,crawler,flat,obs_dth_tot_direct,,,,,,,,,,,,,,,-0.004651426885005148,0,781,0.0,0.0,,,,,,,,,,,,,,,,,,,,,,,,,,,,,,,,,,,,,,,,,,,,,,,,,,,,,,,,,,,,,,,,,,,,,,,,,,nan,,,,,,,,,,,,,,,
1016,-0.3975101709365845,-3.975059371441603e-06,-0.00039750593714416027,10228.470808267593,10000,ppo,ppo,crawler,flat,obs_dth_tot_direct,,,,,,,,,,,,,,,-2.0341420601027877e-05,0,781,0.0,0.0,,,,,,,,,,,,,,,,,,,,,,,,,,,,,,,,,,,,,,,,,,,,,,,,,,,,,,,,,,,,,,,,,,,,,,,,,,nan,,,,,,,,,,,,,,,
1017,0.5435249209403992,5.435255843622144e-06,0.0005435255843622144,10240.286407709122,10000,ppo,ppo,crawler,flat,obs_dth_tot_direct,,,,,,,,,,,,,,,-0.00014798465171750162,0,781,0.0,0.0,,,,,,,,,,,,,,,,,,,,,,,,,,,,,,,,,,,,,,,,,,,,,,,,,,,,,,,,,,,,,,,,,,,,,,,,,,nan,,,,,,,,,,,,,,,
1018,-0.18624229729175568,-1.8623794630912016e-06,-0.00018623794630912016,10252.388756275177,10000,ppo,ppo,crawler,flat,obs_dth_tot_direct,,,,,,,,,,,,,,,0.0,0,781,0.0,0.0,,,,,,,,,,,,,,,,,,,,,,,,,,,,,,,,,,,,,,,,,,,,,,,,,,,,,,,,,,,,,,,,,,,,,,,,,,nan,,,,,,,,,,,,,,,
1019,-0.5128260254859924,-5.128246357344324e-06,-0.0005128246357344324,10264.686007738113,10000,ppo,ppo,crawler,flat,obs_dth_tot_direct,,,,,,,,,,,,,,,-9.21239725835192e-06,0,781,0.0,0.0,,,,,,,,,,,,,,,,,,,,,,,,,,,,,,,,,,,,,,,,,,,,,,,,,,,,,,,,,,,,,,,,,,,,,,,,,,nan,,,,,,,,,,,,,,,
1020,0.19518274068832397,1.9518586213962408e-06,0.00019518586213962408,10276.839848995209,10000,ppo,ppo,crawler,flat,obs_dth_tot_direct,,,,,,,,,,,,,,,-0.06947374930569518,0,781,0.0,0.0,,,,,,,,,,,,,,,,,,,,,,,,,,,,,,,,,,,,,,,,,,,,,,,,,,,,,,,,,,,,,,,,,,,,,,,,,,nan,,,,,,,,,,,,,,,
1021,0.9930461049079895,9.930454325512983e-06,0.0009930454325512983,10289.048830509186,10000,ppo,ppo,crawler,flat,obs_dth_tot_direct,,,,,,,,,,,,,,,0.0,0,781,0.0,0.0,,,,,,,,,,,,,,,,,,,,,,,,,,,,,,,,,,,,,,,,,,,,,,,,,,,,,,,,,,,,,,,,,,,,,,,,,,nan,,,,,,,,,,,,,,,
1022,-0.6151110529899597,-6.151129127829336e-06,-0.0006151129127829336,10301.241262435913,10000,ppo,ppo,crawler,flat,obs_dth_tot_direct,,,,,,,,,,,,,,,0.0,0,781,0.0,0.0,,,,,,,,,,,,,,,,,,,,,,,,,,,,,,,,,,,,,,,,,,,,,,,,,,,,,,,,,,,,,,,,,,,,,,,,,,nan,,,,,,,,,,,,,,,
1023,1.3942517042160034,1.3942533769295551e-05,0.001394253376929555,10313.545025587082,10000,ppo,ppo,crawler,flat,obs_dth_tot_direct,,,,,,,,,,,,,,,-2.3850859900061208e-05,0,781,0.0,0.0,,,,,,,,,,,,,,,,,,,,,,,,,,,,,,,,,,,,,,,,,,,,,,,,,,,,,,,,,,,,,,,,,,,,,,,,,,nan,,,,,,,,,,,,,,,
1024,0.8239900469779968,8.239912858698517e-06,0.0008239912858698517,10325.531057834625,10000,ppo,ppo,crawler,flat,obs_dth_tot_direct,,,,,,,,,,,,,,,-0.0009937802050620432,0,781,0.0,0.0,,,,,,,,,,,,,,,,,,,,,,,,,,,,,,,,,,,,,,,,,,,,,,,,,,,,,,,,,,,,,,,,,,,,,,,,,,nan,,,,,,,,,,,,,,,
1025,-1.1176705360412598,-1.117673673434183e-05,-0.001117673673434183,10337.638940572739,10000,ppo,ppo,crawler,flat,obs_dth_tot_direct,,,,,,,,,,,,,,,-7.989579065203209e-11,0,781,0.0,0.0,,,,,,,,,,,,,,,,,,,,,,,,,,,,,,,,,,,,,,,,,,,,,,,,,,,,,,,,,,,,,,,,,,,,,,,,,,nan,,,,,,,,,,,,,,,
1026,-0.09671385586261749,-9.67119035522046e-07,-9.67119035522046e-05,10351.798592090607,10000,ppo,ppo,crawler,flat,obs_dth_tot_direct,,,,,,,,,,,,,,,-1.5394837284286563e-05,0,781,0.0,0.0,,,,,,,,,,,,,,,,,,,,,,,,,,,,,,,,,,,,,,,,,,,,,,,,,,,,,,,,,,,,,,,,,,,,,,,,,,nan,,,,,,,,,,,,,,,
1027,1.0218108892440796,1.0218133866146673e-05,0.0010218133866146673,10364.092472076416,10000,ppo,ppo,crawler,flat,obs_dth_tot_direct,,,,,,,,,,,,,,,-8.878033493720614e-05,0,781,0.0,0.0,,,,,,,,,,,,,,,,,,,,,,,,,,,,,,,,,,,,,,,,,,,,,,,,,,,,,,,,,,,,,,,,,,,,,,,,,,nan,,,,,,,,,,,,,,,
1028,0.5822755694389343,5.822789262310835e-06,0.0005822789262310835,10376.436140060425,10000,ppo,ppo,crawler,flat,obs_dth_tot_direct,,,,,,,,,,,,,,,-0.004091870920940108,0,781,0.0,0.0,,,,,,,,,,,,,,,,,,,,,,,,,,,,,,,,,,,,,,,,,,,,,,,,,,,,,,,,,,,,,,,,,,,,,,,,,,nan,,,,,,,,,,,,,,,
1029,0.04920022562146187,4.920027549815131e-07,4.9200275498151314e-05,10388.534749031067,10000,ppo,ppo,crawler,flat,obs_dth_tot_direct,,,,,,,,,,,,,,,0.0,0,781,0.0,0.0,,,,,,,,,,,,,,,,,,,,,,,,,,,,,,,,,,,,,,,,,,,,,,,,,,,,,,,,,,,,,,,,,,,,,,,,,,nan,,,,,,,,,,,,,,,
1030,-0.3439845144748688,-3.4398417483316734e-06,-0.00034398417483316734,10400.684445858002,10000,ppo,ppo,crawler,flat,obs_dth_tot_direct,,,,,,,,,,,,,,,-0.00028180297960201696,0,781,0.0,0.0,,,,,,,,,,,,,,,,,,,,,,,,,,,,,,,,,,,,,,,,,,,,,,,,,,,,,,,,,,,,,,,,,,,,,,,,,,nan,,,,,,,,,,,,,,,
1031,0.09544473141431808,9.544719432597049e-07,9.544719432597049e-05,10412.869720935822,10000,ppo,ppo,crawler,flat,obs_dth_tot_direct,,,,,,,,,,,,,,,0.0,0,781,0.0,0.0,,,,,,,,,,,,,,,,,,,,,,,,,,,,,,,,,,,,,,,,,,,,,,,,,,,,,,,,,,,,,,,,,,,,,,,,,,nan,,,,,,,,,,,,,,,
1032,1.114919662475586,1.1149203601235058e-05,0.0011149203601235058,10424.887254714966,10000,ppo,ppo,crawler,flat,obs_dth_tot_direct,,,,,,,,,,,,,,,-0.00019267212990647546,0,781,0.0,0.0,,,,,,,,,,,,,,,,,,,,,,,,,,,,,,,,,,,,,,,,,,,,,,,,,,,,,,,,,,,,,,,,,,,,,,,,,,nan,,,,,,,,,,,,,,,
1033,0.5118572115898132,5.118588433106197e-06,0.0005118588433106197,10437.29679274559,10000,ppo,ppo,crawler,flat,obs_dth_tot_direct,,,,,,,,,,,,,,,0.0,0,781,0.0,0.0,,,,,,,,,,,,,,,,,,,,,,,,,,,,,,,,,,,,,,,,,,,,,,,,,,,,,,,,,,,,,,,,,,,,,,,,,,nan,,,,,,,,,,,,,,,
1034,0.5252326726913452,5.252329174254555e-06,0.0005252329174254555,10449.5739736557,10000,ppo,ppo,crawler,flat,obs_dth_tot_direct,,,,,,,,,,,,,,,-2.67425950297015e-05,0,781,0.0,0.0,,,,,,,,,,,,,,,,,,,,,,,,,,,,,,,,,,,,,,,,,,,,,,,,,,,,,,,,,,,,,,,,,,,,,,,,,,nan,,,,,,,,,,,,,,,
1035,-0.17075969278812408,-1.7076022231776733e-06,-0.00017076022231776733,10461.88392829895,10000,ppo,ppo,crawler,flat,obs_dth_tot_direct,,,,,,,,,,,,,,,0.0,0,781,0.0,0.0,,,,,,,,,,,,,,,,,,,,,,,,,,,,,,,,,,,,,,,,,,,,,,,,,,,,,,,,,,,,,,,,,,,,,,,,,,nan,,,,,,,,,,,,,,,
1036,0.5178369283676147,5.178338597033871e-06,0.0005178338597033871,10473.553256750107,10000,ppo,ppo,crawler,flat,obs_dth_tot_direct,,,,,,,,,,,,,,,-3.44483830540342e-05,0,781,0.0,0.0,,,,,,,,,,,,,,,,,,,,,,,,,,,,,,,,,,,,,,,,,,,,,,,,,,,,,,,,,,,,,,,,,,,,,,,,,,nan,,,,,,,,,,,,,,,
1037,0.17808414995670319,1.7808805523600313e-06,0.00017808805523600313,10485.703382730484,10000,ppo,ppo,crawler,flat,obs_dth_tot_direct,,,,,,,,,,,,,,,-0.005903177575068727,0,781,0.0,0.0,,,,,,,,,,,,,,,,,,,,,,,,,,,,,,,,,,,,,,,,,,,,,,,,,,,,,,,,,,,,,,,,,,,,,,,,,,nan,,,,,,,,,,,,,,,
1038,-0.26297804713249207,-2.6297789190721232e-06,-0.0002629778919072123,10498.128966093063,10000,ppo,ppo,crawler,flat,obs_dth_tot_direct,,,,,,,,,,,,,,,0.0,0,781,0.0,0.0,,,,,,,,,,,,,,,,,,,,,,,,,,,,,,,,,,,,,,,,,,,,,,,,,,,,,,,,,,,,,,,,,,,,,,,,,,nan,,,,,,,,,,,,,,,
1039,-1.6629971265792847,-1.66299596457975e-05,-0.0016629959645797499,10510.333554029465,10000,ppo,ppo,crawler,flat,obs_dth_tot_direct,,,,,,,,,,,,,,,-5.53504121460011e-05,0,781,0.0,0.0,,,,,,,,,,,,,,,,,,,,,,,,,,,,,,,,,,,,,,,,,,,,,,,,,,,,,,,,,,,,,,,,,,,,,,,,,,nan,,,,,,,,,,,,,,,
1040,0.9357811808586121,9.357794624520466e-06,0.0009357794624520466,10522.705946683884,10000,ppo,ppo,crawler,flat,obs_dth_tot_direct,,,,,,,,,,,,,,,0.0,0,781,0.0,0.0,,,,,,,,,,,,,,,,,,,,,,,,,,,,,,,,,,,,,,,,,,,,,,,,,,,,,,,,,,,,,,,,,,,,,,,,,,nan,,,,,,,,,,,,,,,
1041,-0.13279326260089874,-1.3279228596729808e-06,-0.00013279228596729808,10534.886261463165,10000,ppo,ppo,crawler,flat,obs_dth_tot_direct,,,,,,,,,,,,,,,-2.1607439759904078e-05,0,781,0.0,0.0,,,,,,,,,,,,,,,,,,,,,,,,,,,,,,,,,,,,,,,,,,,,,,,,,,,,,,,,,,,,,,,,,,,,,,,,,,nan,,,,,,,,,,,,,,,
1042,0.6812356114387512,6.81239635014208e-06,0.000681239635014208,10547.141275167465,10000,ppo,ppo,crawler,flat,obs_dth_tot_direct,,,,,,,,,,,,,,,-0.0002544008782097686,0,781,0.0,0.0,,,,,,,,,,,,,,,,,,,,,,,,,,,,,,,,,,,,,,,,,,,,,,,,,,,,,,,,,,,,,,,,,,,,,,,,,,nan,,,,,,,,,,,,,,,
1043,-1.5211313962936401,-1.5211313439067453e-05,-0.0015211313439067453,10559.84336066246,10000,ppo,ppo,crawler,flat,obs_dth_tot_direct,,,,,,,,,,,,,,,-3.0286514728536373e-06,0,781,0.0,0.0,,,,,,,,,,,,,,,,,,,,,,,,,,,,,,,,,,,,,,,,,,,,,,,,,,,,,,,,,,,,,,,,,,,,,,,,,,nan,,,,,,,,,,,,,,,
1044,-0.14722757041454315,-1.4722579635417787e-06,-0.00014722579635417787,10572.680382966995,10000,ppo,ppo,crawler,flat,obs_dth_tot_direct,,,,,,,,,,,,,,,-0.0002252406341699876,0,781,0.0,0.0,,,,,,,,,,,,,,,,,,,,,,,,,,,,,,,,,,,,,,,,,,,,,,,,,,,,,,,,,,,,,,,,,,,,,,,,,,nan,,,,,,,,,,,,,,,
1045,-0.2162923812866211,-2.162898226742982e-06,-0.0002162898226742982,10586.107077598572,10000,ppo,ppo,crawler,flat,obs_dth_tot_direct,,,,,,,,,,,,,,,0.0,0,781,0.0,0.0,,,,,,,,,,,,,,,,,,,,,,,,,,,,,,,,,,,,,,,,,,,,,,,,,,,,,,,,,,,,,,,,,,,,,,,,,,nan,,,,,,,,,,,,,,,
1046,0.9782510995864868,9.78257321548881e-06,0.000978257321548881,10598.909921169281,10000,ppo,ppo,crawler,flat,obs_dth_tot_direct,,,,,,,,,,,,,,,-0.0001575537431369823,0,781,0.0,0.0,,,,,,,,,,,,,,,,,,,,,,,,,,,,,,,,,,,,,,,,,,,,,,,,,,,,,,,,,,,,,,,,,,,,,,,,,,nan,,,,,,,,,,,,,,,
1047,-0.3513782024383545,-3.5137688882969087e-06,-0.00035137688882969087,10611.042029857635,10000,ppo,ppo,crawler,flat,obs_dth_tot_direct,,,,,,,,,,,,,,,0.0,0,781,0.0,0.0,,,,,,,,,,,,,,,,,,,,,,,,,,,,,,,,,,,,,,,,,,,,,,,,,,,,,,,,,,,,,,,,,,,,,,,,,,nan,,,,,,,,,,,,,,,
1048,0.1458449363708496,1.4584659311367432e-06,0.00014584659311367432,10623.584248542786,10000,ppo,ppo,crawler,flat,obs_dth_tot_direct,,,,,,,,,,,,,,,-0.0013080796551212153,0,781,0.0,0.0,,,,,,,,,,,,,,,,,,,,,,,,,,,,,,,,,,,,,,,,,,,,,,,,,,,,,,,,,,,,,,,,,,,,,,,,,,nan,,,,,,,,,,,,,,,
1049,0.6022724509239197,6.022726665833034e-06,0.0006022726665833034,10636.009452581406,10000,ppo,ppo,crawler,flat,obs_dth_tot_direct,,,,,,,,,,,,,,,-8.727303406798427e-07,0,781,0.0,0.0,,,,,,,,,,,,,,,,,,,,,,,,,,,,,,,,,,,,,,,,,,,,,,,,,,,,,,,,,,,,,,,,,,,,,,,,,,nan,,,,,,,,,,,,,,,
1050,1.7296189069747925,1.729620635160245e-05,0.001729620635160245,10648.935379505157,10000,ppo,ppo,crawler,flat,obs_dth_tot_direct,,,,,,,,,,,,,,,1.6979519015466663e-05,0,781,0.0,0.0,,,,,,,,,,,,,,,,,,,,,,,,,,,,,,,,,,,,,,,,,,,,,,,,,,,,,,,,,,,,,,,,,,,,,,,,,,nan,,,,,,,,,,,,,,,
1051,0.23759165406227112,2.3759616851748433e-06,0.00023759616851748433,10661.671215295792,10000,ppo,ppo,crawler,flat,obs_dth_tot_direct,,,,,,,,,,,,,,,-3.381322105814644e-05,0,781,0.0,0.0,,,,,,,,,,,,,,,,,,,,,,,,,,,,,,,,,,,,,,,,,,,,,,,,,,,,,,,,,,,,,,,,,,,,,,,,,,nan,,,,,,,,,,,,,,,
1052,0.6182934045791626,6.182980996527476e-06,0.0006182980996527476,10674.286759614944,10000,ppo,ppo,crawler,flat,obs_dth_tot_direct,,,,,,,,,,,,,,,-1.7644843461037294e-05,0,781,0.0,0.0,,,,,,,,,,,,,,,,,,,,,,,,,,,,,,,,,,,,,,,,,,,,,,,,,,,,,,,,,,,,,,,,,,,,,,,,,,nan,,,,,,,,,,,,,,,
1053,-0.5005322694778442,-5.0052958613378e-06,-0.00050052958613378,10687.03205537796,10000,ppo,ppo,crawler,flat,obs_dth_tot_direct,,,,,,,,,,,,,,,-4.9999919833279146e-05,0,781,0.0,0.0,,,,,,,,,,,,,,,,,,,,,,,,,,,,,,,,,,,,,,,,,,,,,,,,,,,,,,,,,,,,,,,,,,,,,,,,,,nan,,,,,,,,,,,,,,,
1054,-0.5680293440818787,-5.680278718500631e-06,-0.0005680278718500631,10699.614386320114,10000,ppo,ppo,crawler,flat,obs_dth_tot_direct,,,,,,,,,,,,,,,-7.993367318154602e-05,0,781,0.0,0.0,,,,,,,,,,,,,,,,,,,,,,,,,,,,,,,,,,,,,,,,,,,,,,,,,,,,,,,,,,,,,,,,,,,,,,,,,,nan,,,,,,,,,,,,,,,
1055,-0.5217095613479614,-5.21711990586482e-06,-0.000521711990586482,10712.12496137619,10000,ppo,ppo,crawler,flat,obs_dth_tot_direct,,,,,,,,,,,,,,,-3.609069230728968e-05,0,781,0.0,0.0,,,,,,,,,,,,,,,,,,,,,,,,,,,,,,,,,,,,,,,,,,,,,,,,,,,,,,,,,,,,,,,,,,,,,,,,,,nan,,,,,,,,,,,,,,,
1056,0.21490983664989471,2.149120291505824e-06,0.00021491202915058238,10725.078589200974,10000,ppo,ppo,crawler,flat,obs_dth_tot_direct,,,,,,,,,,,,,,,-0.013764021529430922,0,781,0.0,0.0,,,,,,,,,,,,,,,,,,,,,,,,,,,,,,,,,,,,,,,,,,,,,,,,,,,,,,,,,,,,,,,,,,,,,,,,,,nan,,,,,,,,,,,,,,,
1057,0.257193386554718,2.5719402856339e-06,0.00025719402856339,10737.689797639847,10000,ppo,ppo,crawler,flat,obs_dth_tot_direct,,,,,,,,,,,,,,,-5.514562492486609e-06,0,781,0.0,0.0,,,,,,,,,,,,,,,,,,,,,,,,,,,,,,,,,,,,,,,,,,,,,,,,,,,,,,,,,,,,,,,,,,,,,,,,,,nan,,,,,,,,,,,,,,,
1058,1.6696386337280273,1.669643825152889e-05,0.001669643825152889,10750.476516008377,10000,ppo,ppo,crawler,flat,obs_dth_tot_direct,,,,,,,,,,,,,,,-0.007933473901372407,0,781,0.0,0.0,,,,,,,,,,,,,,,,,,,,,,,,,,,,,,,,,,,,,,,,,,,,,,,,,,,,,,,,,,,,,,,,,,,,,,,,,,nan,,,,,,,,,,,,,,,
1059,0.35384684801101685,3.5384955481276847e-06,0.0003538495548127685,10762.91830587387,10000,ppo,ppo,crawler,flat,obs_dth_tot_direct,,,,,,,,,,,,,,,-1.0273227332190881e-06,0,781,0.0,0.0,,,,,,,,,,,,,,,,,,,,,,,,,,,,,,,,,,,,,,,,,,,,,,,,,,,,,,,,,,,,,,,,,,,,,,,,,,nan,,,,,,,,,,,,,,,
1060,-0.7915686964988708,-7.91565798863303e-06,-0.0007915657988633029,10775.420965909958,10000,ppo,ppo,crawler,flat,obs_dth_tot_direct,,,,,,,,,,,,,,,-6.937474684930488e-05,0,781,0.0,0.0,,,,,,,,,,,,,,,,,,,,,,,,,,,,,,,,,,,,,,,,,,,,,,,,,,,,,,,,,,,,,,,,,,,,,,,,,,nan,,,,,,,,,,,,,,,
1061,0.26344242691993713,2.6344494017394027e-06,0.00026344494017394027,10787.855103492737,10000,ppo,ppo,crawler,flat,obs_dth_tot_direct,,,,,,,,,,,,,,,-5.5631319783561205e-06,0,781,0.0,0.0,,,,,,,,,,,,,,,,,,,,,,,,,,,,,,,,,,,,,,,,,,,,,,,,,,,,,,,,,,,,,,,,,,,,,,,,,,nan,,,,,,,,,,,,,,,
1062,-1.1119799613952637,-1.1119834198325407e-05,-0.0011119834198325407,10799.936369657516,10000,ppo,ppo,crawler,flat,obs_dth_tot_direct,,,,,,,,,,,,,,,-0.008892484551841792,0,781,0.0,0.0,,,,,,,,,,,,,,,,,,,,,,,,,,,,,,,,,,,,,,,,,,,,,,,,,,,,,,,,,,,,,,,,,,,,,,,,,,nan,,,,,,,,,,,,,,,
1063,0.5492138862609863,5.492162017617375e-06,0.0005492162017617375,10811.900115251541,10000,ppo,ppo,crawler,flat,obs_dth_tot_direct,,,,,,,,,,,,,,,0.0,0,781,0.0,0.0,,,,,,,,,,,,,,,,,,,,,,,,,,,,,,,,,,,,,,,,,,,,,,,,,,,,,,,,,,,,,,,,,,,,,,,,,,nan,,,,,,,,,,,,,,,
1064,0.8194060325622559,8.194077963707969e-06,0.0008194077963707969,10824.276437997818,10000,ppo,ppo,crawler,flat,obs_dth_tot_direct,,,,,,,,,,,,,,,-1.7719538870450019e-06,0,781,0.0,0.0,,,,,,,,,,,,,,,,,,,,,,,,,,,,,,,,,,,,,,,,,,,,,,,,,,,,,,,,,,,,,,,,,,,,,,,,,,nan,,,,,,,,,,,,,,,
1065,-0.24009950459003448,-2.4009561911952915e-06,-0.00024009561911952915,10837.263083219528,10000,ppo,ppo,crawler,flat,obs_dth_tot_direct,,,,,,,,,,,,,,,-9.33647983339013e-05,0,781,0.0,0.0,,,,,,,,,,,,,,,,,,,,,,,,,,,,,,,,,,,,,,,,,,,,,,,,,,,,,,,,,,,,,,,,,,,,,,,,,,nan,,,,,,,,,,,,,,,
1066,0.4324188232421875,4.324154815549264e-06,0.0004324154815549264,10849.765283107758,10000,ppo,ppo,crawler,flat,obs_dth_tot_direct,,,,,,,,,,,,,,,-5.187707143464864e-05,0,781,0.0,0.0,,,,,,,,,,,,,,,,,,,,,,,,,,,,,,,,,,,,,,,,,,,,,,,,,,,,,,,,,,,,,,,,,,,,,,,,,,nan,,,,,,,,,,,,,,,
1067,0.3599463105201721,3.5994592053611996e-06,0.00035994592053611996,10862.352702856064,10000,ppo,ppo,crawler,flat,obs_dth_tot_direct,,,,,,,,,,,,,,,0.0,0,781,0.0,0.0,,,,,,,,,,,,,,,,,,,,,,,,,,,,,,,,,,,,,,,,,,,,,,,,,,,,,,,,,,,,,,,,,,,,,,,,,,nan,,,,,,,,,,,,,,,
1068,0.4473194181919098,4.473216449696338e-06,0.0004473216449696338,10875.100029468536,10000,ppo,ppo,crawler,flat,obs_dth_tot_direct,,,,,,,,,,,,,,,-0.0011043811345737662,0,781,0.0,0.0,,,,,,,,,,,,,,,,,,,,,,,,,,,,,,,,,,,,,,,,,,,,,,,,,,,,,,,,,,,,,,,,,,,,,,,,,,nan,,,,,,,,,,,,,,,
1069,1.2468090057373047,1.2468126442399807e-05,0.0012468126442399807,10887.6563808918,10000,ppo,ppo,crawler,flat,obs_dth_tot_direct,,,,,,,,,,,,,,,0.0,0,781,0.0,0.0,,,,,,,,,,,,,,,,,,,,,,,,,,,,,,,,,,,,,,,,,,,,,,,,,,,,,,,,,,,,,,,,,,,,,,,,,,nan,,,,,,,,,,,,,,,
1070,-0.8457520604133606,-8.457543117401656e-06,-0.0008457543117401656,10900.143069267273,10000,ppo,ppo,crawler,flat,obs_dth_tot_direct,,,,,,,,,,,,,,,-3.4803321892717584e-06,0,781,0.0,0.0,,,,,,,,,,,,,,,,,,,,,,,,,,,,,,,,,,,,,,,,,,,,,,,,,,,,,,,,,,,,,,,,,,,,,,,,,,nan,,,,,,,,,,,,,,,
1071,0.23780782520771027,2.3781158233759925e-06,0.00023781158233759925,10913.33975815773,10000,ppo,ppo,crawler,flat,obs_dth_tot_direct,,,,,,,,,,,,,,,-0.007196082703759667,0,781,0.0,0.0,,,,,,,,,,,,,,,,,,,,,,,,,,,,,,,,,,,,,,,,,,,,,,,,,,,,,,,,,,,,,,,,,,,,,,,,,,nan,,,,,,,,,,,,,,,
1072,0.10395222157239914,1.0395334584245575e-06,0.00010395334584245575,10925.853445768356,10000,ppo,ppo,crawler,flat,obs_dth_tot_direct,,,,,,,,,,,,,,,0.0,0,781,0.0,0.0,,,,,,,,,,,,,,,,,,,,,,,,,,,,,,,,,,,,,,,,,,,,,,,,,,,,,,,,,,,,,,,,,,,,,,,,,,nan,,,,,,,,,,,,,,,
1073,0.9570876955986023,9.570870133757126e-06,0.0009570870133757126,10938.252264738083,10000,ppo,ppo,crawler,flat,obs_dth_tot_direct,,,,,,,,,,,,,,,-0.00046960521661098116,0,781,0.0,0.0,,,,,,,,,,,,,,,,,,,,,,,,,,,,,,,,,,,,,,,,,,,,,,,,,,,,,,,,,,,,,,,,,,,,,,,,,,nan,,,,,,,,,,,,,,,
1074,-0.4288666248321533,-4.288629497750662e-06,-0.0004288629497750662,10950.838868379593,10000,ppo,ppo,crawler,flat,obs_dth_tot_direct,,,,,,,,,,,,,,,0.0,0,781,0.0,0.0,,,,,,,,,,,,,,,,,,,,,,,,,,,,,,,,,,,,,,,,,,,,,,,,,,,,,,,,,,,,,,,,,,,,,,,,,,nan,,,,,,,,,,,,,,,
1075,0.6726809740066528,6.726828814862529e-06,0.0006726828814862529,10963.686037063599,10000,ppo,ppo,crawler,flat,obs_dth_tot_direct,,,,,,,,,,,,,,,-1.1214972133825744e-05,0,781,0.0,0.0,,,,,,,,,,,,,,,,,,,,,,,,,,,,,,,,,,,,,,,,,,,,,,,,,,,,,,,,,,,,,,,,,,,,,,,,,,nan,,,,,,,,,,,,,,,
1076,1.1407850980758667,1.1407841157051735e-05,0.0011407841157051735,10975.866608381271,10000,ppo,ppo,crawler,flat,obs_dth_tot_direct,,,,,,,,,,,,,,,0.0,0,781,0.0,0.0,,,,,,,,,,,,,,,,,,,,,,,,,,,,,,,,,,,,,,,,,,,,,,,,,,,,,,,,,,,,,,,,,,,,,,,,,,nan,,,,,,,,,,,,,,,
1077,0.6530858874320984,6.530873179144692e-06,0.0006530873179144692,10987.944155216217,10000,ppo,ppo,crawler,flat,obs_dth_tot_direct,,,,,,,,,,,,,,,-0.0016529803783197562,0,781,0.0,0.0,,,,,,,,,,,,,,,,,,,,,,,,,,,,,,,,,,,,,,,,,,,,,,,,,,,,,,,,,,,,,,,,,,,,,,,,,,nan,,,,,,,,,,,,,,,
1078,-0.6041498780250549,-6.041505002940539e-06,-0.0006041505002940539,10999.960112333298,10000,ppo,ppo,crawler,flat,obs_dth_tot_direct,,,,,,,,,,,,,,,0.0,0,781,0.0,0.0,,,,,,,,,,,,,,,,,,,,,,,,,,,,,,,,,,,,,,,,,,,,,,,,,,,,,,,,,,,,,,,,,,,,,,,,,,nan,,,,,,,,,,,,,,,
1079,0.21823075413703918,2.1823443603352644e-06,0.00021823443603352644,11012.567289590836,10000,ppo,ppo,crawler,flat,obs_dth_tot_direct,,,,,,,,,,,,,,,-0.0036222021680959665,0,781,0.0,0.0,,,,,,,,,,,,,,,,,,,,,,,,,,,,,,,,,,,,,,,,,,,,,,,,,,,,,,,,,,,,,,,,,,,,,,,,,,nan,,,,,,,,,,,,,,,
1080,0.3279436528682709,3.2794675917102722e-06,0.0003279467591710272,11025.146223545074,10000,ppo,ppo,crawler,flat,obs_dth_tot_direct,,,,,,,,,,,,,,,0.0,0,781,0.0,0.0,,,,,,,,,,,,,,,,,,,,,,,,,,,,,,,,,,,,,,,,,,,,,,,,,,,,,,,,,,,,,,,,,,,,,,,,,,nan,,,,,,,,,,,,,,,
1081,-1.044034719467163,-1.0440335245220922e-05,-0.0010440335245220922,11037.816126823425,10000,ppo,ppo,crawler,flat,obs_dth_tot_direct,,,,,,,,,,,,,,,-5.224327319486498e-06,0,781,0.0,0.0,,,,,,,,,,,,,,,,,,,,,,,,,,,,,,,,,,,,,,,,,,,,,,,,,,,,,,,,,,,,,,,,,,,,,,,,,,nan,,,,,,,,,,,,,,,
1082,1.8866046667099,1.886607969936449e-05,0.001886607969936449,11050.78100013733,10000,ppo,ppo,crawler,flat,obs_dth_tot_direct,,,,,,,,,,,,,,,-0.009083264518085577,0,781,0.0,0.0,,,,,,,,,,,,,,,,,,,,,,,,,,,,,,,,,,,,,,,,,,,,,,,,,,,,,,,,,,,,,,,,,,,,,,,,,,nan,,,,,,,,,,,,,,,
1083,0.8107110857963562,8.107108442345634e-06,0.0008107108442345634,11063.22725534439,10000,ppo,ppo,crawler,flat,obs_dth_tot_direct,,,,,,,,,,,,,,,-1.897728464133303e-05,0,781,0.0,0.0,,,,,,,,,,,,,,,,,,,,,,,,,,,,,,,,,,,,,,,,,,,,,,,,,,,,,,,,,,,,,,,,,,,,,,,,,,nan,,,,,,,,,,,,,,,
1084,1.734592080116272,1.73459920915775e-05,0.00173459920915775,11075.651783943176,10000,ppo,ppo,crawler,flat,obs_dth_tot_direct,,,,,,,,,,,,,,,0.0,0,781,0.0,0.0,,,,,,,,,,,,,,,,,,,,,,,,,,,,,,,,,,,,,,,,,,,,,,,,,,,,,,,,,,,,,,,,,,,,,,,,,,nan,,,,,,,,,,,,,,,
1085,1.0565147399902344,1.0565169759502169e-05,0.0010565169759502169,11088.80935049057,10000,ppo,ppo,crawler,flat,obs_dth_tot_direct,,,,,,,,,,,,,,,-0.0016460535301327248,0,781,0.0,0.0,,,,,,,,,,,,,,,,,,,,,,,,,,,,,,,,,,,,,,,,,,,,,,,,,,,,,,,,,,,,,,,,,,,,,,,,,,nan,,,,,,,,,,,,,,,
1086,0.47778478264808655,4.777876711159479e-06,0.0004777876711159479,11101.82363152504,10000,ppo,ppo,crawler,flat,obs_dth_tot_direct,,,,,,,,,,,,,,,0.0,0,781,0.0,0.0,,,,,,,,,,,,,,,,,,,,,,,,,,,,,,,,,,,,,,,,,,,,,,,,,,,,,,,,,,,,,,,,,,,,,,,,,,nan,,,,,,,,,,,,,,,
1087,0.6620281338691711,6.6203406277054455e-06,0.0006620340627705446,11114.589096307755,10000,ppo,ppo,crawler,flat,obs_dth_tot_direct,,,,,,,,,,,,,,,-2.0624883711414363e-06,0,781,0.0,0.0,,,,,,,,,,,,,,,,,,,,,,,,,,,,,,,,,,,,,,,,,,,,,,,,,,,,,,,,,,,,,,,,,,,,,,,,,,nan,,,,,,,,,,,,,,,
1088,-0.8573813438415527,-8.573822015023325e-06,-0.0008573822015023325,11126.587346076965,10000,ppo,ppo,crawler,flat,obs_dth_tot_direct,,,,,,,,,,,,,,,-0.0005235236660409218,0,781,0.0,0.0,,,,,,,,,,,,,,,,,,,,,,,,,,,,,,,,,,,,,,,,,,,,,,,,,,,,,,,,,,,,,,,,,,,,,,,,,,nan,,,,,,,,,,,,,,,
1089,-0.012405621819198132,-1.2401379478887975e-07,-1.2401379478887975e-05,11139.210239171982,10000,ppo,ppo,crawler,flat,obs_dth_tot_direct,,,,,,,,,,,,,,,-6.941536730024176e-05,0,781,0.0,0.0,,,,,,,,,,,,,,,,,,,,,,,,,,,,,,,,,,,,,,,,,,,,,,,,,,,,,,,,,,,,,,,,,,,,,,,,,,nan,,,,,,,,,,,,,,,
1090,1.3622797727584839,1.3622797268908471e-05,0.001362279726890847,11151.245966911316,10000,ppo,ppo,crawler,flat,obs_dth_tot_direct,,,,,,,,,,,,,,,0.0,0,781,0.0,0.0,,,,,,,,,,,,,,,,,,,,,,,,,,,,,,,,,,,,,,,,,,,,,,,,,,,,,,,,,,,,,,,,,,,,,,,,,,nan,,,,,,,,,,,,,,,
1091,-0.11244025081396103,-1.1243530479987385e-06,-0.00011243530479987385,11163.498190641403,10000,ppo,ppo,crawler,flat,obs_dth_tot_direct,,,,,,,,,,,,,,,-0.0022679627187330654,0,781,0.0,0.0,,,,,,,,,,,,,,,,,,,,,,,,,,,,,,,,,,,,,,,,,,,,,,,,,,,,,,,,,,,,,,,,,,,,,,,,,,nan,,,,,,,,,,,,,,,
1092,1.1854946613311768,1.185497603728436e-05,0.001185497603728436,11175.807800531387,10000,ppo,ppo,crawler,flat,obs_dth_tot_direct,,,,,,,,,,,,,,,0.0,0,781,0.0,0.0,,,,,,,,,,,,,,,,,,,,,,,,,,,,,,,,,,,,,,,,,,,,,,,,,,,,,,,,,,,,,,,,,,,,,,,,,,nan,,,,,,,,,,,,,,,
1093,-1.1911747455596924,-1.1911744877579622e-05,-0.0011911744877579622,11188.094892024994,10000,ppo,ppo,crawler,flat,obs_dth_tot_direct,,,,,,,,,,,,,,,-1.3410752918213492e-05,0,781,0.0,0.0,,,,,,,,,,,,,,,,,,,,,,,,,,,,,,,,,,,,,,,,,,,,,,,,,,,,,,,,,,,,,,,,,,,,,,,,,,nan,,,,,,,,,,,,,,,
1094,1.0975874662399292,1.097589574783342e-05,0.001097589574783342,11200.032119750977,10000,ppo,ppo,crawler,flat,obs_dth_tot_direct,,,,,,,,,,,,,,,-7.508911678946736e-06,0,781,0.0,0.0,,,,,,,,,,,,,,,,,,,,,,,,,,,,,,,,,,,,,,,,,,,,,,,,,,,,,,,,,,,,,,,,,,,,,,,,,,nan,,,,,,,,,,,,,,,
1095,1.6844171285629272,1.684423114056699e-05,0.001684423114056699,11212.425730705261,10000,ppo,ppo,crawler,flat,obs_dth_tot_direct,,,,,,,,,,,,,,,-3.5481082654716724e-05,0,781,0.0,0.0,,,,,,,,,,,,,,,,,,,,,,,,,,,,,,,,,,,,,,,,,,,,,,,,,,,,,,,,,,,,,,,,,,,,,,,,,,nan,,,,,,,,,,,,,,,
1096,1.1667766571044922,1.1667808394122403e-05,0.0011667808394122403,11224.265689611435,10000,ppo,ppo,crawler,flat,obs_dth_tot_direct,,,,,,,,,,,,,,,0.0,0,781,0.0,0.0,,,,,,,,,,,,,,,,,,,,,,,,,,,,,,,,,,,,,,,,,,,,,,,,,,,,,,,,,,,,,,,,,,,,,,,,,,nan,,,,,,,,,,,,,,,
1097,-1.201790452003479,-1.2017893823212944e-05,-0.0012017893823212944,11236.31772017479,10000,ppo,ppo,crawler,flat,obs_dth_tot_direct,,,,,,,,,,,,,,,-4.383348996981158e-06,0,781,0.0,0.0,,,,,,,,,,,,,,,,,,,,,,,,,,,,,,,,,,,,,,,,,,,,,,,,,,,,,,,,,,,,,,,,,,,,,,,,,,nan,,,,,,,,,,,,,,,
1098,-0.8030145764350891,-8.030125172808766e-06,-0.0008030125172808766,11248.297279119492,10000,ppo,ppo,crawler,flat,obs_dth_tot_direct,,,,,,,,,,,,,,,-0.00010398807535937745,0,781,0.0,0.0,,,,,,,,,,,,,,,,,,,,,,,,,,,,,,,,,,,,,,,,,,,,,,,,,,,,,,,,,,,,,,,,,,,,,,,,,,nan,,,,,,,,,,,,,,,
1099,-0.23045392334461212,-2.3045222405926324e-06,-0.00023045222405926324,11260.341645002365,10000,ppo,ppo,crawler,flat,obs_dth_tot_direct,,,,,,,,,,,,,,,-0.00032847772606394506,0,781,0.0,0.0,,,,,,,,,,,,,,,,,,,,,,,,,,,,,,,,,,,,,,,,,,,,,,,,,,,,,,,,,,,,,,,,,,,,,,,,,,nan,,,,,,,,,,,,,,,
1100,0.45014506578445435,4.501465809880756e-06,0.0004501465809880756,11272.418909788132,10000,ppo,ppo,crawler,flat,obs_dth_tot_direct,,,,,,,,,,,,,,,0.0,0,781,0.0,0.0,,,,,,,,,,,,,,,,,,,,,,,,,,,,,,,,,,,,,,,,,,,,,,,,,,,,,,,,,,,,,,,,,,,,,,,,,,nan,,,,,,,,,,,,,,,
1101,-0.036469507962465286,-3.6463671904130024e-07,-3.6463671904130024e-05,11284.426749706268,10000,ppo,ppo,crawler,flat,obs_dth_tot_direct,,,,,,,,,,,,,,,-4.351755577913472e-06,0,781,0.0,0.0,,,,,,,,,,,,,,,,,,,,,,,,,,,,,,,,,,,,,,,,,,,,,,,,,,,,,,,,,,,,,,,,,,,,,,,,,,nan,,,,,,,,,,,,,,,
1102,-0.05480391904711723,-5.480275149238878e-07,-5.480275149238878e-05,11294.777948856354,10000,ppo,ppo,crawler,flat,obs_dth_tot_direct,,,,,,,,,,,,,,,-2.993866395820576e-05,0,781,0.0,0.0,,,,,,,,,,,,,,,,,,,,,,,,,,,,,,,,,,,,,,,,,,,,,,,,,,,,,,,,,,,,,,,,,,,,,,,,,,nan,,,,,,,,,,,,,,,
1103,0.4614199101924896,4.614225872501265e-06,0.0004614225872501265,11304.408285140991,10000,ppo,ppo,crawler,flat,obs_dth_tot_direct,,,,,,,,,,,,,,,-0.011219366723087243,0,781,0.0,0.0,,,,,,,,,,,,,,,,,,,,,,,,,,,,,,,,,,,,,,,,,,,,,,,,,,,,,,,,,,,,,,,,,,,,,,,,,,nan,,,,,,,,,,,,,,,
1104,-1.611284613609314,-1.6112857338157482e-05,-0.0016112857338157482,11313.815571308136,10000,ppo,ppo,crawler,flat,obs_dth_tot_direct,,,,,,,,,,,,,,,0.0,0,781,0.0,0.0,,,,,,,,,,,,,,,,,,,,,,,,,,,,,,,,,,,,,,,,,,,,,,,,,,,,,,,,,,,,,,,,,,,,,,,,,,nan,,,,,,,,,,,,,,,
1105,-0.8485651016235352,-8.485658327117562e-06,-0.0008485658327117562,11323.536752223969,10000,ppo,ppo,crawler,flat,obs_dth_tot_direct,,,,,,,,,,,,,,,-0.002437681253050262,0,781,0.0,0.0,,,,,,,,,,,,,,,,,,,,,,,,,,,,,,,,,,,,,,,,,,,,,,,,,,,,,,,,,,,,,,,,,,,,,,,,,,nan,,,,,,,,,,,,,,,
1106,-0.3230777680873871,-3.2307716537616216e-06,-0.00032307716537616216,11333.032857894897,10000,ppo,ppo,crawler,flat,obs_dth_tot_direct,,,,,,,,,,,,,,,0.0,0,781,0.0,0.0,,,,,,,,,,,,,,,,,,,,,,,,,,,,,,,,,,,,,,,,,,,,,,,,,,,,,,,,,,,,,,,,,,,,,,,,,,nan,,,,,,,,,,,,,,,
1107,0.7318543791770935,7.318576990655856e-06,0.0007318576990655856,11342.653972148895,10000,ppo,ppo,crawler,flat,obs_dth_tot_direct,,,,,,,,,,,,,,,-0.009332465205851957,0,781,0.0,0.0,,,,,,,,,,,,,,,,,,,,,,,,,,,,,,,,,,,,,,,,,,,,,,,,,,,,,,,,,,,,,,,,,,,,,,,,,,nan,,,,,,,,,,,,,,,
1108,1.498846173286438,1.4988533621362876e-05,0.0014988533621362876,11352.396195173264,10000,ppo,ppo,crawler,flat,obs_dth_tot_direct,,,,,,,,,,,,,,,0.0,0,781,0.0,0.0,,,,,,,,,,,,,,,,,,,,,,,,,,,,,,,,,,,,,,,,,,,,,,,,,,,,,,,,,,,,,,,,,,,,,,,,,,nan,,,,,,,,,,,,,,,
1109,-0.1598745882511139,-1.5987372989911819e-06,-0.0001598737298991182,11361.750054359436,10000,ppo,ppo,crawler,flat,obs_dth_tot_direct,,,,,,,,,,,,,,,-2.018617234752059e-06,0,781,0.0,0.0,,,,,,,,,,,,,,,,,,,,,,,,,,,,,,,,,,,,,,,,,,,,,,,,,,,,,,,,,,,,,,,,,,,,,,,,,,nan,,,,,,,,,,,,,,,
1110,-1.7909315824508667,-1.7909324014908634e-05,-0.0017909324014908634,11371.352094650269,10000,ppo,ppo,crawler,flat,obs_dth_tot_direct,,,,,,,,,,,,,,,-0.000475345979588972,0,781,0.0,0.0,,,,,,,,,,,,,,,,,,,,,,,,,,,,,,,,,,,,,,,,,,,,,,,,,,,,,,,,,,,,,,,,,,,,,,,,,,nan,,,,,,,,,,,,,,,
1111,-1.7341731786727905,-1.7341755665256642e-05,-0.0017341755665256642,11381.025272369385,10000,ppo,ppo,crawler,flat,obs_dth_tot_direct,,,,,,,,,,,,,,,0.0,0,781,0.0,0.0,,,,,,,,,,,,,,,,,,,,,,,,,,,,,,,,,,,,,,,,,,,,,,,,,,,,,,,,,,,,,,,,,,,,,,,,,,nan,,,,,,,,,,,,,,,
1112,0.6541390419006348,6.541440598084591e-06,0.0006541440598084591,11390.534723520279,10000,ppo,ppo,crawler,flat,obs_dth_tot_direct,,,,,,,,,,,,,,,-0.01057693302731546,0,781,0.0,0.0,,,,,,,,,,,,,,,,,,,,,,,,,,,,,,,,,,,,,,,,,,,,,,,,,,,,,,,,,,,,,,,,,,,,,,,,,,nan,,,,,,,,,,,,,,,
1113,-0.1575620472431183,-1.5755757658553193e-06,-0.00015755757658553193,11399.953877925873,10000,ppo,ppo,crawler,flat,obs_dth_tot_direct,,,,,,,,,,,,,,,0.0,0,781,0.0,0.0,,,,,,,,,,,,,,,,,,,,,,,,,,,,,,,,,,,,,,,,,,,,,,,,,,,,,,,,,,,,,,,,,,,,,,,,,,nan,,,,,,,,,,,,,,,
1114,0.21185342967510223,2.1185016976232873e-06,0.00021185016976232873,11409.416263580322,10000,ppo,ppo,crawler,flat,obs_dth_tot_direct,,,,,,,,,,,,,,,-0.0018144460280500973,0,781,0.0,0.0,,,,,,,,,,,,,,,,,,,,,,,,,,,,,,,,,,,,,,,,,,,,,,,,,,,,,,,,,,,,,,,,,,,,,,,,,,nan,,,,,,,,,,,,,,,
1115,1.3605197668075562,1.3605218555312604e-05,0.0013605218555312604,11419.057923555374,10000,ppo,ppo,crawler,flat,obs_dth_tot_direct,,,,,,,,,,,,,,,0.0,0,781,0.0,0.0,,,,,,,,,,,,,,,,,,,,,,,,,,,,,,,,,,,,,,,,,,,,,,,,,,,,,,,,,,,,,,,,,,,,,,,,,,nan,,,,,,,,,,,,,,,
1116,0.8827310800552368,8.827330020722002e-06,0.0008827330020722002,11428.658900976181,10000,ppo,ppo,crawler,flat,obs_dth_tot_direct,,,,,,,,,,,,,,,-8.672114495049671e-06,0,781,0.0,0.0,,,,,,,,,,,,,,,,,,,,,,,,,,,,,,,,,,,,,,,,,,,,,,,,,,,,,,,,,,,,,,,,,,,,,,,,,,nan,,,,,,,,,,,,,,,
1117,-0.31307536363601685,-3.130742925350205e-06,-0.0003130742925350205,11438.0317299366,10000,ppo,ppo,crawler,flat,obs_dth_tot_direct,,,,,,,,,,,,,,,-3.115458845634314e-06,0,781,0.0,0.0,,,,,,,,,,,,,,,,,,,,,,,,,,,,,,,,,,,,,,,,,,,,,,,,,,,,,,,,,,,,,,,,,,,,,,,,,,nan,,,,,,,,,,,,,,,
1118,-0.7398564219474792,-7.3985338531201705e-06,-0.000739853385312017,11447.711733579636,10000,ppo,ppo,crawler,flat,obs_dth_tot_direct,,,,,,,,,,,,,,,-3.024933933639343e-05,0,781,0.0,0.0,,,,,,,,,,,,,,,,,,,,,,,,,,,,,,,,,,,,,,,,,,,,,,,,,,,,,,,,,,,,,,,,,,,,,,,,,,nan,,,,,,,,,,,,,,,
1119,0.28089120984077454,2.808934368658811e-06,0.0002808934368658811,11457.232598304749,10000,ppo,ppo,crawler,flat,obs_dth_tot_direct,,,,,,,,,,,,,,,-0.0005241301227909502,0,781,0.0,0.0,,,,,,,,,,,,,,,,,,,,,,,,,,,,,,,,,,,,,,,,,,,,,,,,,,,,,,,,,,,,,,,,,,,,,,,,,,nan,,,,,,,,,,,,,,,
1120,0.47944021224975586,4.794402229890693e-06,0.0004794402229890693,11466.52807712555,10000,ppo,ppo,crawler,flat,obs_dth_tot_direct,,,,,,,,,,,,,,,0.0,0,781,0.0,0.0,,,,,,,,,,,,,,,,,,,,,,,,,,,,,,,,,,,,,,,,,,,,,,,,,,,,,,,,,,,,,,,,,,,,,,,,,,nan,,,,,,,,,,,,,,,
1121,-0.12565015256404877,-1.2564636335810064e-06,-0.00012564636335810064,11476.212826251984,10000,ppo,ppo,crawler,flat,obs_dth_tot_direct,,,,,,,,,,,,,,,-0.00022720876680484348,0,781,0.0,0.0,,,,,,,,,,,,,,,,,,,,,,,,,,,,,,,,,,,,,,,,,,,,,,,,,,,,,,,,,,,,,,,,,,,,,,,,,,nan,,,,,,,,,,,,,,,
1122,-0.3060190677642822,-3.0601752314396435e-06,-0.00030601752314396435,11486.098221302032,10000,ppo,ppo,crawler,flat,obs_dth_tot_direct,,,,,,,,,,,,,,,0.0,0,781,0.0,0.0,,,,,,,,,,,,,,,,,,,,,,,,,,,,,,,,,,,,,,,,,,,,,,,,,,,,,,,,,,,,,,,,,,,,,,,,,,nan,,,,,,,,,,,,,,,
1123,-1.4015620946884155,-1.401564441039227e-05,-0.001401564441039227,11495.666368722916,10000,ppo,ppo,crawler,flat,obs_dth_tot_direct,,,,,,,,,,,,,,,-0.0001039530404589393,0,781,0.0,0.0,,,,,,,,,,,,,,,,,,,,,,,,,,,,,,,,,,,,,,,,,,,,,,,,,,,,,,,,,,,,,,,,,,,,,,,,,,nan,,,,,,,,,,,,,,,
1124,0.10356605052947998,1.035699369822396e-06,0.0001035699369822396,11505.387613773346,10000,ppo,ppo,crawler,flat,obs_dth_tot_direct,,,,,,,,,,,,,,,-0.0005813847068177296,0,781,0.0,0.0,,,,,,,,,,,,,,,,,,,,,,,,,,,,,,,,,,,,,,,,,,,,,,,,,,,,,,,,,,,,,,,,,,,,,,,,,,nan,,,,,,,,,,,,,,,
1125,0.33596381545066833,3.3596732009755215e-06,0.00033596732009755215,11514.997560977936,10000,ppo,ppo,crawler,flat,obs_dth_tot_direct,,,,,,,,,,,,,,,0.0,0,781,0.0,0.0,,,,,,,,,,,,,,,,,,,,,,,,,,,,,,,,,,,,,,,,,,,,,,,,,,,,,,,,,,,,,,,,,,,,,,,,,,nan,,,,,,,,,,,,,,,
1126,0.27313363552093506,2.731348331508343e-06,0.0002731348331508343,11524.412927150726,10000,ppo,ppo,crawler,flat,obs_dth_tot_direct,,,,,,,,,,,,,,,-6.103275460638249e-05,0,781,0.0,0.0,,,,,,,,,,,,,,,,,,,,,,,,,,,,,,,,,,,,,,,,,,,,,,,,,,,,,,,,,,,,,,,,,,,,,,,,,,nan,,,,,,,,,,,,,,,
1127,-0.0777360200881958,-7.773754759909934e-07,-7.773754759909934e-05,11533.952677965164,10000,ppo,ppo,crawler,flat,obs_dth_tot_direct,,,,,,,,,,,,,,,0.0,0,781,0.0,0.0,,,,,,,,,,,,,,,,,,,,,,,,,,,,,,,,,,,,,,,,,,,,,,,,,,,,,,,,,,,,,,,,,,,,,,,,,,nan,,,,,,,,,,,,,,,
1128,-1.4066435098648071,-1.4066439689486288e-05,-0.0014066439689486288,11543.523843765259,10000,ppo,ppo,crawler,flat,obs_dth_tot_direct,,,,,,,,,,,,,,,-3.817306399803308e-06,0,781,0.0,0.0,,,,,,,,,,,,,,,,,,,,,,,,,,,,,,,,,,,,,,,,,,,,,,,,,,,,,,,,,,,,,,,,,,,,,,,,,,nan,,,,,,,,,,,,,,,
1129,0.522653341293335,5.226550911174854e-06,0.0005226550911174854,11552.934288740158,10000,ppo,ppo,crawler,flat,obs_dth_tot_direct,,,,,,,,,,,,,,,-5.665811186563343e-06,0,781,0.0,0.0,,,,,,,,,,,,,,,,,,,,,,,,,,,,,,,,,,,,,,,,,,,,,,,,,,,,,,,,,,,,,,,,,,,,,,,,,,nan,,,,,,,,,,,,,,,
1130,1.835613489151001,1.835617695178371e-05,0.001835617695178371,11562.88100194931,10000,ppo,ppo,crawler,flat,obs_dth_tot_direct,,,,,,,,,,,,,,,-2.1721746786837387e-05,0,781,0.0,0.0,,,,,,,,,,,,,,,,,,,,,,,,,,,,,,,,,,,,,,,,,,,,,,,,,,,,,,,,,,,,,,,,,,,,,,,,,,nan,,,,,,,,,,,,,,,
1131,-0.8066731691360474,-8.06674961495446e-06,-0.000806674961495446,11572.360833883286,10000,ppo,ppo,crawler,flat,obs_dth_tot_direct,,,,,,,,,,,,,,,-8.436804696936614e-07,0,781,0.0,0.0,,,,,,,,,,,,,,,,,,,,,,,,,,,,,,,,,,,,,,,,,,,,,,,,,,,,,,,,,,,,,,,,,,,,,,,,,,nan,,,,,,,,,,,,,,,
1132,-1.1153892278671265,-1.1153890227433294e-05,-0.0011153890227433294,11581.909929275513,10000,ppo,ppo,crawler,flat,obs_dth_tot_direct,,,,,,,,,,,,,,,-2.6407202040340163e-05,0,781,0.0,0.0,,,,,,,,,,,,,,,,,,,,,,,,,,,,,,,,,,,,,,,,,,,,,,,,,,,,,,,,,,,,,,,,,,,,,,,,,,nan,,,,,,,,,,,,,,,
1133,-0.2174328863620758,-2.1743458091805223e-06,-0.00021743458091805223,11591.71698641777,10000,ppo,ppo,crawler,flat,obs_dth_tot_direct,,,,,,,,,,,,,,,-2.609160293499425e-05,0,781,0.0,0.0,,,,,,,,,,,,,,,,,,,,,,,,,,,,,,,,,,,,,,,,,,,,,,,,,,,,,,,,,,,,,,,,,,,,,,,,,,nan,,,,,,,,,,,,,,,
1134,3.0896146297454834,3.089621168328449e-05,0.003089621168328449,11601.342091798782,10000,ppo,ppo,crawler,flat,obs_dth_tot_direct,,,,,,,,,,,,,,,-9.245271395019014e-06,0,781,0.0,0.0,,,,,,,,,,,,,,,,,,,,,,,,,,,,,,,,,,,,,,,,,,,,,,,,,,,,,,,,,,,,,,,,,,,,,,,,,,nan,,,,,,,,,,,,,,,
1135,-0.7638099193572998,-7.638072020199616e-06,-0.0007638072020199616,11611.784497261047,10000,ppo,ppo,crawler,flat,obs_dth_tot_direct,,,,,,,,,,,,,,,-3.9466414672159204e-05,0,781,0.0,0.0,,,,,,,,,,,,,,,,,,,,,,,,,,,,,,,,,,,,,,,,,,,,,,,,,,,,,,,,,,,,,,,,,,,,,,,,,,nan,,,,,,,,,,,,,,,
1136,-1.216636300086975,-1.2166359738330357e-05,-0.0012166359738330357,11621.392098903656,10000,ppo,ppo,crawler,flat,obs_dth_tot_direct,,,,,,,,,,,,,,,-3.3850745845314176e-05,0,781,0.0,0.0,,,,,,,,,,,,,,,,,,,,,,,,,,,,,,,,,,,,,,,,,,,,,,,,,,,,,,,,,,,,,,,,,,,,,,,,,,nan,,,,,,,,,,,,,,,
1137,0.1420065015554428,1.4200991245161276e-06,0.00014200991245161276,11631.101211071014,10000,ppo,ppo,crawler,flat,obs_dth_tot_direct,,,,,,,,,,,,,,,-0.002541471853442061,0,781,0.0,0.0,,,,,,,,,,,,,,,,,,,,,,,,,,,,,,,,,,,,,,,,,,,,,,,,,,,,,,,,,,,,,,,,,,,,,,,,,,nan,,,,,,,,,,,,,,,
1138,-0.2759440243244171,-2.7594189759838628e-06,-0.0002759418975983863,11640.6874294281,10000,ppo,ppo,crawler,flat,obs_dth_tot_direct,,,,,,,,,,,,,,,0.0,0,781,0.0,0.0,,,,,,,,,,,,,,,,,,,,,,,,,,,,,,,,,,,,,,,,,,,,,,,,,,,,,,,,,,,,,,,,,,,,,,,,,,nan,,,,,,,,,,,,,,,
1139,-1.1543363332748413,-1.1543351320142392e-05,-0.0011543351320142392,11650.190447330475,10000,ppo,ppo,crawler,flat,obs_dth_tot_direct,,,,,,,,,,,,,,,-4.021687464127925e-05,0,781,0.0,0.0,,,,,,,,,,,,,,,,,,,,,,,,,,,,,,,,,,,,,,,,,,,,,,,,,,,,,,,,,,,,,,,,,,,,,,,,,,nan,,,,,,,,,,,,,,,
1140,1.110484004020691,1.110487664846005e-05,0.001110487664846005,11659.84523653984,10000,ppo,ppo,crawler,flat,obs_dth_tot_direct,,,,,,,,,,,,,,,0.0,0,781,0.0,0.0,,,,,,,,,,,,,,,,,,,,,,,,,,,,,,,,,,,,,,,,,,,,,,,,,,,,,,,,,,,,,,,,,,,,,,,,,,nan,,,,,,,,,,,,,,,
1141,-0.23699402809143066,-2.369918547628913e-06,-0.0002369918547628913,11669.68171286583,10000,ppo,ppo,crawler,flat,obs_dth_tot_direct,,,,,,,,,,,,,,,-3.476598551651885e-06,0,781,0.0,0.0,,,,,,,,,,,,,,,,,,,,,,,,,,,,,,,,,,,,,,,,,,,,,,,,,,,,,,,,,,,,,,,,,,,,,,,,,,nan,,,,,,,,,,,,,,,
1142,0.5178799033164978,5.178848368814215e-06,0.0005178848368814215,11679.015563249588,10000,ppo,ppo,crawler,flat,obs_dth_tot_direct,,,,,,,,,,,,,,,-9.184805783663761e-05,0,781,0.0,0.0,,,,,,,,,,,,,,,,,,,,,,,,,,,,,,,,,,,,,,,,,,,,,,,,,,,,,,,,,,,,,,,,,,,,,,,,,,nan,,,,,,,,,,,,,,,
1143,0.03446299955248833,3.446741061452485e-07,3.446741061452485e-05,11688.57858657837,10000,ppo,ppo,crawler,flat,obs_dth_tot_direct,,,,,,,,,,,,,,,-0.00045300156793887423,0,781,0.0,0.0,,,,,,,,,,,,,,,,,,,,,,,,,,,,,,,,,,,,,,,,,,,,,,,,,,,,,,,,,,,,,,,,,,,,,,,,,,nan,,,,,,,,,,,,,,,
1144,0.1237557902932167,1.2375335245451424e-06,0.00012375335245451424,11698.231872081757,10000,ppo,ppo,crawler,flat,obs_dth_tot_direct,,,,,,,,,,,,,,,0.0,0,781,0.0,0.0,,,,,,,,,,,,,,,,,,,,,,,,,,,,,,,,,,,,,,,,,,,,,,,,,,,,,,,,,,,,,,,,,,,,,,,,,,nan,,,,,,,,,,,,,,,
1145,0.34270283579826355,3.427058345550904e-06,0.0003427058345550904,11707.46161031723,10000,ppo,ppo,crawler,flat,obs_dth_tot_direct,,,,,,,,,,,,,,,-3.806687533740961e-05,0,781,0.0,0.0,,,,,,,,,,,,,,,,,,,,,,,,,,,,,,,,,,,,,,,,,,,,,,,,,,,,,,,,,,,,,,,,,,,,,,,,,,nan,,,,,,,,,,,,,,,
1146,-0.7219087481498718,-7.219074632303091e-06,-0.0007219074632303091,11717.103046894073,10000,ppo,ppo,crawler,flat,obs_dth_tot_direct,,,,,,,,,,,,,,,-4.305867013186407e-05,0,781,0.0,0.0,,,,,,,,,,,,,,,,,,,,,,,,,,,,,,,,,,,,,,,,,,,,,,,,,,,,,,,,,,,,,,,,,,,,,,,,,,nan,,,,,,,,,,,,,,,
1147,-1.486491322517395,-1.4864912373013794e-05,-0.0014864912373013794,11726.707118749619,10000,ppo,ppo,crawler,flat,obs_dth_tot_direct,,,,,,,,,,,,,,,-3.101509636823713e-05,0,781,0.0,0.0,,,,,,,,,,,,,,,,,,,,,,,,,,,,,,,,,,,,,,,,,,,,,,,,,,,,,,,,,,,,,,,,,,,,,,,,,,nan,,,,,,,,,,,,,,,
1148,-0.25800642371177673,-2.5800425191846443e-06,-0.00025800425191846443,11736.288803100586,10000,ppo,ppo,crawler,flat,obs_dth_tot_direct,,,,,,,,,,,,,,,-0.012130777739112418,0,781,0.0,0.0,,,,,,,,,,,,,,,,,,,,,,,,,,,,,,,,,,,,,,,,,,,,,,,,,,,,,,,,,,,,,,,,,,,,,,,,,,nan,,,,,,,,,,,,,,,
1149,0.4824277460575104,4.82430277770618e-06,0.000482430277770618,11746.094529628754,10000,ppo,ppo,crawler,flat,obs_dth_tot_direct,,,,,,,,,,,,,,,-5.109550457605174e-07,0,781,0.0,0.0,,,,,,,,,,,,,,,,,,,,,,,,,,,,,,,,,,,,,,,,,,,,,,,,,,,,,,,,,,,,,,,,,,,,,,,,,,nan,,,,,,,,,,,,,,,
1150,0.4860360324382782,4.860370609094389e-06,0.0004860370609094389,11755.551424741745,10000,ppo,ppo,crawler,flat,obs_dth_tot_direct,,,,,,,,,,,,,,,-0.014935531481747514,0,781,0.0,0.0,,,,,,,,,,,,,,,,,,,,,,,,,,,,,,,,,,,,,,,,,,,,,,,,,,,,,,,,,,,,,,,,,,,,,,,,,,nan,,,,,,,,,,,,,,,
1151,1.5245736837387085,1.5245778740791138e-05,0.0015245778740791138,11765.045745134354,10000,ppo,ppo,crawler,flat,obs_dth_tot_direct,,,,,,,,,,,,,,,-5.385739473618863e-07,0,781,0.0,0.0,,,,,,,,,,,,,,,,,,,,,,,,,,,,,,,,,,,,,,,,,,,,,,,,,,,,,,,,,,,,,,,,,,,,,,,,,,nan,,,,,,,,,,,,,,,
1152,-0.3020385205745697,-3.020381200258271e-06,-0.0003020381200258271,11774.638558149338,10000,ppo,ppo,crawler,flat,obs_dth_tot_direct,,,,,,,,,,,,,,,-0.004043338614040163,0,781,0.0,0.0,,,,,,,,,,,,,,,,,,,,,,,,,,,,,,,,,,,,,,,,,,,,,,,,,,,,,,,,,,,,,,,,,,,,,,,,,,nan,,,,,,,,,,,,,,,
1153,-1.0987948179244995,-1.0987933819706086e-05,-0.0010987933819706086,11783.906371831894,10000,ppo,ppo,crawler,flat,obs_dth_tot_direct,,,,,,,,,,,,,,,0.0,0,781,0.0,0.0,,,,,,,,,,,,,,,,,,,,,,,,,,,,,,,,,,,,,,,,,,,,,,,,,,,,,,,,,,,,,,,,,,,,,,,,,,nan,,,,,,,,,,,,,,,
1154,0.2847142815589905,2.847142468453967e-06,0.0002847142468453967,11793.630316972733,10000,ppo,ppo,crawler,flat,obs_dth_tot_direct,,,,,,,,,,,,,,,-5.271530229593514e-06,0,781,0.0,0.0,,,,,,,,,,,,,,,,,,,,,,,,,,,,,,,,,,,,,,,,,,,,,,,,,,,,,,,,,,,,,,,,,,,,,,,,,,nan,,,,,,,,,,,,,,,
1155,-1.0913209915161133,-1.0913198821072001e-05,-0.0010913198821072,11803.446868896484,10000,ppo,ppo,crawler,flat,obs_dth_tot_direct,,,,,,,,,,,,,,,-0.00014109015178588838,0,781,0.0,0.0,,,,,,,,,,,,,,,,,,,,,,,,,,,,,,,,,,,,,,,,,,,,,,,,,,,,,,,,,,,,,,,,,,,,,,,,,,nan,,,,,,,,,,,,,,,
1156,-1.6381460428237915,-1.6381460227421485e-05,-0.0016381460227421485,11812.951850652695,10000,ppo,ppo,crawler,flat,obs_dth_tot_direct,,,,,,,,,,,,,,,-2.4242505488414006e-06,0,781,0.0,0.0,,,,,,,,,,,,,,,,,,,,,,,,,,,,,,,,,,,,,,,,,,,,,,,,,,,,,,,,,,,,,,,,,,,,,,,,,,nan,,,,,,,,,,,,,,,
1157,0.23882773518562317,2.3882719233370153e-06,0.00023882719233370153,11822.749214887619,10000,ppo,ppo,crawler,flat,obs_dth_tot_direct,,,,,,,,,,,,,,,-0.00010126526020324185,0,781,0.0,0.0,,,,,,,,,,,,,,,,,,,,,,,,,,,,,,,,,,,,,,,,,,,,,,,,,,,,,,,,,,,,,,,,,,,,,,,,,,nan,,,,,,,,,,,,,,,
1158,-0.2598588168621063,-2.598602350190049e-06,-0.0002598602350190049,11832.487765073776,10000,ppo,ppo,crawler,flat,obs_dth_tot_direct,,,,,,,,,,,,,,,-0.015446002925442062,0,781,0.0,0.0,,,,,,,,,,,,,,,,,,,,,,,,,,,,,,,,,,,,,,,,,,,,,,,,,,,,,,,,,,,,,,,,,,,,,,,,,,nan,,,,,,,,,,,,,,,
1159,-1.336595892906189,-1.3365934137254953e-05,-0.0013365934137254953,11842.320192337036,10000,ppo,ppo,crawler,flat,obs_dth_tot_direct,,,,,,,,,,,,,,,0.0,0,781,0.0,0.0,,,,,,,,,,,,,,,,,,,,,,,,,,,,,,,,,,,,,,,,,,,,,,,,,,,,,,,,,,,,,,,,,,,,,,,,,,nan,,,,,,,,,,,,,,,
1160,1.9244556427001953,1.9244569557486102e-05,0.0019244569557486102,11851.956714391708,10000,ppo,ppo,crawler,flat,obs_dth_tot_direct,,,,,,,,,,,,,,,-0.00012038190218306381,0,781,0.0,0.0,,,,,,,,,,,,,,,,,,,,,,,,,,,,,,,,,,,,,,,,,,,,,,,,,,,,,,,,,,,,,,,,,,,,,,,,,,nan,,,,,,,,,,,,,,,
1161,-0.5069612264633179,-5.069574399385601e-06,-0.0005069574399385601,11861.536445617676,10000,ppo,ppo,crawler,flat,obs_dth_tot_direct,,,,,,,,,,,,,,,0.0,0,781,0.0,0.0,,,,,,,,,,,,,,,,,,,,,,,,,,,,,,,,,,,,,,,,,,,,,,,,,,,,,,,,,,,,,,,,,,,,,,,,,,nan,,,,,,,,,,,,,,,
1162,2.365767240524292,2.3657652491237968e-05,0.002365765249123797,11870.88847231865,10000,ppo,ppo,crawler,flat,obs_dth_tot_direct,,,,,,,,,,,,,,,-0.003122046106899212,0,781,0.0,0.0,,,,,,,,,,,,,,,,,,,,,,,,,,,,,,,,,,,,,,,,,,,,,,,,,,,,,,,,,,,,,,,,,,,,,,,,,,nan,,,,,,,,,,,,,,,
1163,-0.38596856594085693,-3.859631760860793e-06,-0.00038596317608607933,11880.607828378677,10000,ppo,ppo,crawler,flat,obs_dth_tot_direct,,,,,,,,,,,,,,,-2.5279004312813208e-06,0,781,0.0,0.0,,,,,,,,,,,,,,,,,,,,,,,,,,,,,,,,,,,,,,,,,,,,,,,,,,,,,,,,,,,,,,,,,,,,,,,,,,nan,,,,,,,,,,,,,,,
1164,-0.9537767767906189,-9.537778169033118e-06,-0.0009537778169033118,11890.084380149841,10000,ppo,ppo,crawler,flat,obs_dth_tot_direct,,,,,,,,,,,,,,,-3.781525368078417e-05,0,781,0.0,0.0,,,,,,,,,,,,,,,,,,,,,,,,,,,,,,,,,,,,,,,,,,,,,,,,,,,,,,,,,,,,,,,,,,,,,,,,,,nan,,,,,,,,,,,,,,,
1165,-0.3839329183101654,-3.839339115074836e-06,-0.00038393391150748357,11899.506054878235,10000,ppo,ppo,crawler,flat,obs_dth_tot_direct,,,,,,,,,,,,,,,-5.9873170950348645e-05,0,781,0.0,0.0,,,,,,,,,,,,,,,,,,,,,,,,,,,,,,,,,,,,,,,,,,,,,,,,,,,,,,,,,,,,,,,,,,,,,,,,,,nan,,,,,,,,,,,,,,,
1166,0.9785113334655762,9.785131624084897e-06,0.0009785131624084897,11908.981431484222,10000,ppo,ppo,crawler,flat,obs_dth_tot_direct,,,,,,,,,,,,,,,-0.0004047574511181835,0,781,0.0,0.0,,,,,,,,,,,,,,,,,,,,,,,,,,,,,,,,,,,,,,,,,,,,,,,,,,,,,,,,,,,,,,,,,,,,,,,,,,nan,,,,,,,,,,,,,,,
1167,0.2682804465293884,2.682810645637801e-06,0.0002682810645637801,11918.407047986984,10000,ppo,ppo,crawler,flat,obs_dth_tot_direct,,,,,,,,,,,,,,,0.0,0,781,0.0,0.0,,,,,,,,,,,,,,,,,,,,,,,,,,,,,,,,,,,,,,,,,,,,,,,,,,,,,,,,,,,,,,,,,,,,,,,,,,nan,,,,,,,,,,,,,,,
1168,-0.5230110287666321,-5.230109309195541e-06,-0.0005230109309195541,11927.881724357605,10000,ppo,ppo,crawler,flat,obs_dth_tot_direct,,,,,,,,,,,,,,,-7.412319814502505e-05,0,781,0.0,0.0,,,,,,,,,,,,,,,,,,,,,,,,,,,,,,,,,,,,,,,,,,,,,,,,,,,,,,,,,,,,,,,,,,,,,,,,,,nan,,,,,,,,,,,,,,,
1169,0.4700089395046234,4.70011309516849e-06,0.000470011309516849,11937.284636497498,10000,ppo,ppo,crawler,flat,obs_dth_tot_direct,,,,,,,,,,,,,,,-0.0037008998820155133,0,781,0.0,0.0,,,,,,,,,,,,,,,,,,,,,,,,,,,,,,,,,,,,,,,,,,,,,,,,,,,,,,,,,,,,,,,,,,,,,,,,,,nan,,,,,,,,,,,,,,,
1170,0.737156331539154,7.371549145318568e-06,0.0007371549145318568,11946.8566801548,10000,ppo,ppo,crawler,flat,obs_dth_tot_direct,,,,,,,,,,,,,,,0.0,0,781,0.0,0.0,,,,,,,,,,,,,,,,,,,,,,,,,,,,,,,,,,,,,,,,,,,,,,,,,,,,,,,,,,,,,,,,,,,,,,,,,,nan,,,,,,,,,,,,,,,
1171,-1.576894760131836,-1.57689573825337e-05,-0.00157689573825337,11956.775217294693,10000,ppo,ppo,crawler,flat,obs_dth_tot_direct,,,,,,,,,,,,,,,-5.491916328744913e-05,0,781,0.0,0.0,,,,,,,,,,,,,,,,,,,,,,,,,,,,,,,,,,,,,,,,,,,,,,,,,,,,,,,,,,,,,,,,,,,,,,,,,,nan,,,,,,,,,,,,,,,
1172,-0.0887630507349968,-8.876236847754626e-07,-8.876236847754626e-05,11966.57006072998,10000,ppo,ppo,crawler,flat,obs_dth_tot_direct,,,,,,,,,,,,,,,-1.9942221879272242e-05,0,781,0.0,0.0,,,,,,,,,,,,,,,,,,,,,,,,,,,,,,,,,,,,,,,,,,,,,,,,,,,,,,,,,,,,,,,,,,,,,,,,,,nan,,,,,,,,,,,,,,,
1173,-0.8495976328849792,-8.495971087540966e-06,-0.0008495971087540966,11975.888436794281,10000,ppo,ppo,crawler,flat,obs_dth_tot_direct,,,,,,,,,,,,,,,-2.6450443550200223e-06,0,781,0.0,0.0,,,,,,,,,,,,,,,,,,,,,,,,,,,,,,,,,,,,,,,,,,,,,,,,,,,,,,,,,,,,,,,,,,,,,,,,,,nan,,,,,,,,,,,,,,,
1174,0.1767258495092392,1.7672665535428678e-06,0.00017672665535428678,11985.893099069595,10000,ppo,ppo,crawler,flat,obs_dth_tot_direct,,,,,,,,,,,,,,,-0.0008285143740580116,0,781,0.0,0.0,,,,,,,,,,,,,,,,,,,,,,,,,,,,,,,,,,,,,,,,,,,,,,,,,,,,,,,,,,,,,,,,,,,,,,,,,,nan,,,,,,,,,,,,,,,
1175,0.6059153079986572,6.059170573280426e-06,0.0006059170573280426,11995.275223731995,10000,ppo,ppo,crawler,flat,obs_dth_tot_direct,,,,,,,,,,,,,,,-1.110425326262485e-05,0,781,0.0,0.0,,,,,,,,,,,,,,,,,,,,,,,,,,,,,,,,,,,,,,,,,,,,,,,,,,,,,,,,,,,,,,,,,,,,,,,,,,nan,,,,,,,,,,,,,,,
1176,0.13181856274604797,1.3181918347981991e-06,0.0001318191834798199,12004.64700460434,10000,ppo,ppo,crawler,flat,obs_dth_tot_direct,,,,,,,,,,,,,,,-0.0027357316450734603,0,781,0.0,0.0,,,,,,,,,,,,,,,,,,,,,,,,,,,,,,,,,,,,,,,,,,,,,,,,,,,,,,,,,,,,,,,,,,,,,,,,,,nan,,,,,,,,,,,,,,,
1177,0.8339183926582336,8.339181476912927e-06,0.0008339181476912927,12014.249618291855,10000,ppo,ppo,crawler,flat,obs_dth_tot_direct,,,,,,,,,,,,,,,0.0,0,781,0.0,0.0,,,,,,,,,,,,,,,,,,,,,,,,,,,,,,,,,,,,,,,,,,,,,,,,,,,,,,,,,,,,,,,,,,,,,,,,,,nan,,,,,,,,,,,,,,,
1178,-1.5460370779037476,-1.5460393115063198e-05,-0.0015460393115063198,12023.751410484314,10000,ppo,ppo,crawler,flat,obs_dth_tot_direct,,,,,,,,,,,,,,,-5.530079447505722e-05,0,781,0.0,0.0,,,,,,,,,,,,,,,,,,,,,,,,,,,,,,,,,,,,,,,,,,,,,,,,,,,,,,,,,,,,,,,,,,,,,,,,,,nan,,,,,,,,,,,,,,,
1179,0.5609232783317566,5.609255367744481e-06,0.0005609255367744481,12033.30456829071,10000,ppo,ppo,crawler,flat,obs_dth_tot_direct,,,,,,,,,,,,,,,0.0032287024548241484,0,781,0.0,0.0,,,,,,,,,,,,,,,,,,,,,,,,,,,,,,,,,,,,,,,,,,,,,,,,,,,,,,,,,,,,,,,,,,,,,,,,,,nan,,,,,,,,,,,,,,,
1180,-0.6367427110671997,-6.367423793562921e-06,-0.0006367423793562921,12042.873114347458,10000,ppo,ppo,crawler,flat,obs_dth_tot_direct,,,,,,,,,,,,,,,-2.6234438721562776e-11,0,781,0.0,0.0,,,,,,,,,,,,,,,,,,,,,,,,,,,,,,,,,,,,,,,,,,,,,,,,,,,,,,,,,,,,,,,,,,,,,,,,,,nan,,,,,,,,,,,,,,,
1181,-1.036018967628479,-1.0360156920796726e-05,-0.0010360156920796726,12052.44452381134,10000,ppo,ppo,crawler,flat,obs_dth_tot_direct,,,,,,,,,,,,,,,-0.0011683342985513115,0,781,0.0,0.0,,,,,,,,,,,,,,,,,,,,,,,,,,,,,,,,,,,,,,,,,,,,,,,,,,,,,,,,,,,,,,,,,,,,,,,,,,nan,,,,,,,,,,,,,,,
1182,-0.18177996575832367,-1.8177825040766038e-06,-0.00018177825040766038,12061.808443069458,10000,ppo,ppo,crawler,flat,obs_dth_tot_direct,,,,,,,,,,,,,,,0.0,0,781,0.0,0.0,,,,,,,,,,,,,,,,,,,,,,,,,,,,,,,,,,,,,,,,,,,,,,,,,,,,,,,,,,,,,,,,,,,,,,,,,,nan,,,,,,,,,,,,,,,
1183,0.2873161733150482,2.873154244298348e-06,0.0002873154244298348,12071.324964523315,10000,ppo,ppo,crawler,flat,obs_dth_tot_direct,,,,,,,,,,,,,,,-0.0005916951286216551,0,781,0.0,0.0,,,,,,,,,,,,,,,,,,,,,,,,,,,,,,,,,,,,,,,,,,,,,,,,,,,,,,,,,,,,,,,,,,,,,,,,,,nan,,,,,,,,,,,,,,,
1184,0.8626853823661804,8.626896487839986e-06,0.0008626896487839986,12080.845497608185,10000,ppo,ppo,crawler,flat,obs_dth_tot_direct,,,,,,,,,,,,,,,0.0,0,781,0.0,0.0,,,,,,,,,,,,,,,,,,,,,,,,,,,,,,,,,,,,,,,,,,,,,,,,,,,,,,,,,,,,,,,,,,,,,,,,,,nan,,,,,,,,,,,,,,,
1185,0.7866525053977966,7.866548912716098e-06,0.0007866548912716098,12090.3659760952,10000,ppo,ppo,crawler,flat,obs_dth_tot_direct,,,,,,,,,,,,,,,-4.713320281838333e-05,0,781,0.0,0.0,,,,,,,,,,,,,,,,,,,,,,,,,,,,,,,,,,,,,,,,,,,,,,,,,,,,,,,,,,,,,,,,,,,,,,,,,,nan,,,,,,,,,,,,,,,
1186,0.16952280700206757,1.695225137154921e-06,0.0001695225137154921,12099.657477855682,10000,ppo,ppo,crawler,flat,obs_dth_tot_direct,,,,,,,,,,,,,,,0.0,0,781,0.0,0.0,,,,,,,,,,,,,,,,,,,,,,,,,,,,,,,,,,,,,,,,,,,,,,,,,,,,,,,,,,,,,,,,,,,,,,,,,,nan,,,,,,,,,,,,,,,
1187,0.33832383155822754,3.383219109309721e-06,0.0003383219109309721,12109.655021905899,10000,ppo,ppo,crawler,flat,obs_dth_tot_direct,,,,,,,,,,,,,,,-0.006929606359056107,0,781,0.0,0.0,,,,,,,,,,,,,,,,,,,,,,,,,,,,,,,,,,,,,,,,,,,,,,,,,,,,,,,,,,,,,,,,,,,,,,,,,,nan,,,,,,,,,,,,,,,
1188,0.9590193033218384,9.590235094947275e-06,0.0009590235094947275,12119.38362121582,10000,ppo,ppo,crawler,flat,obs_dth_tot_direct,,,,,,,,,,,,,,,-2.1058715469705922e-05,0,781,0.0,0.0,,,,,,,,,,,,,,,,,,,,,,,,,,,,,,,,,,,,,,,,,,,,,,,,,,,,,,,,,,,,,,,,,,,,,,,,,,nan,,,,,,,,,,,,,,,
1189,0.1223977729678154,1.223975004904787e-06,0.0001223975004904787,12128.81743645668,10000,ppo,ppo,crawler,flat,obs_dth_tot_direct,,,,,,,,,,,,,,,-3.509371566482451e-05,0,781,0.0,0.0,,,,,,,,,,,,,,,,,,,,,,,,,,,,,,,,,,,,,,,,,,,,,,,,,,,,,,,,,,,,,,,,,,,,,,,,,,nan,,,,,,,,,,,,,,,
1190,0.7238027453422546,7.238046691782074e-06,0.0007238046691782074,12138.371500015259,10000,ppo,ppo,crawler,flat,obs_dth_tot_direct,,,,,,,,,,,,,,,-3.0774185517457015e-05,0,781,0.0,0.0,,,,,,,,,,,,,,,,,,,,,,,,,,,,,,,,,,,,,,,,,,,,,,,,,,,,,,,,,,,,,,,,,,,,,,,,,,nan,,,,,,,,,,,,,,,
1191,0.4127846658229828,4.127868123759981e-06,0.0004127868123759981,12147.729711055756,10000,ppo,ppo,crawler,flat,obs_dth_tot_direct,,,,,,,,,,,,,,,0.0,0,781,0.0,0.0,,,,,,,,,,,,,,,,,,,,,,,,,,,,,,,,,,,,,,,,,,,,,,,,,,,,,,,,,,,,,,,,,,,,,,,,,,nan,,,,,,,,,,,,,,,
1192,-0.47986650466918945,-4.798602731170831e-06,-0.0004798602731170831,12157.301534175873,10000,ppo,ppo,crawler,flat,obs_dth_tot_direct,,,,,,,,,,,,,,,-0.00048070344787744495,0,781,0.0,0.0,,,,,,,,,,,,,,,,,,,,,,,,,,,,,,,,,,,,,,,,,,,,,,,,,,,,,,,,,,,,,,,,,,,,,,,,,,nan,,,,,,,,,,,,,,,
1193,-0.20508740842342377,-2.050874627457233e-06,-0.00020508746274572331,12166.879452705383,10000,ppo,ppo,crawler,flat,obs_dth_tot_direct,,,,,,,,,,,,,,,-2.384948974687525e-12,0,781,0.0,0.0,,,,,,,,,,,,,,,,,,,,,,,,,,,,,,,,,,,,,,,,,,,,,,,,,,,,,,,,,,,,,,,,,,,,,,,,,,nan,,,,,,,,,,,,,,,
1194,-0.7337234616279602,-7.337206625379622e-06,-0.0007337206625379622,12176.163522481918,10000,ppo,ppo,crawler,flat,obs_dth_tot_direct,,,,,,,,,,,,,,,-2.8395183413037875e-05,0,781,0.0,0.0,,,,,,,,,,,,,,,,,,,,,,,,,,,,,,,,,,,,,,,,,,,,,,,,,,,,,,,,,,,,,,,,,,,,,,,,,,nan,,,,,,,,,,,,,,,
1195,-1.3161128759384155,-1.3161094102542847e-05,-0.0013161094102542847,12185.537780046463,10000,ppo,ppo,crawler,flat,obs_dth_tot_direct,,,,,,,,,,,,,,,-0.00017005201457748035,0,781,0.0,0.0,,,,,,,,,,,,,,,,,,,,,,,,,,,,,,,,,,,,,,,,,,,,,,,,,,,,,,,,,,,,,,,,,,,,,,,,,,nan,,,,,,,,,,,,,,,
1196,0.8893411755561829,8.893439371604472e-06,0.0008893439371604472,12195.476840257645,10000,ppo,ppo,crawler,flat,obs_dth_tot_direct,,,,,,,,,,,,,,,-0.00972529698912145,0,781,0.0,0.0,,,,,,,,,,,,,,,,,,,,,,,,,,,,,,,,,,,,,,,,,,,,,,,,,,,,,,,,,,,,,,,,,,,,,,,,,,nan,,,,,,,,,,,,,,,
1197,0.5800626873970032,5.8006603467219975e-06,0.0005800660346721997,12204.781590223312,10000,ppo,ppo,crawler,flat,obs_dth_tot_direct,,,,,,,,,,,,,,,0.0,0,781,0.0,0.0,,,,,,,,,,,,,,,,,,,,,,,,,,,,,,,,,,,,,,,,,,,,,,,,,,,,,,,,,,,,,,,,,,,,,,,,,,nan,,,,,,,,,,,,,,,
1198,0.03764275461435318,3.764573364151147e-07,3.764573364151147e-05,12214.357073307037,10000,ppo,ppo,crawler,flat,obs_dth_tot_direct,,,,,,,,,,,,,,,-0.0005154052174503458,0,781,0.0,0.0,,,,,,,,,,,,,,,,,,,,,,,,,,,,,,,,,,,,,,,,,,,,,,,,,,,,,,,,,,,,,,,,,,,,,,,,,,nan,,,,,,,,,,,,,,,
1199,-0.6488323211669922,-6.488284270744771e-06,-0.0006488284270744771,12225.416385650635,10000,ppo,ppo,crawler,flat,obs_dth_tot_direct,,,,,,,,,,,,,,,0.0,0,781,0.0,0.0,,,,,,,,,,,,,,,,,,,,,,,,,,,,,,,,,,,,,,,,,,,,,,,,,,,,,,,,,,,,,,,,,,,,,,,,,,nan,,,,,,,,,,,,,,,
1200,1.366788387298584,1.3667913663084619e-05,0.0013667913663084619,12236.716955900192,10000,ppo,ppo,crawler,flat,obs_dth_tot_direct,,,,,,,,,,,,,,,-3.680380278299163e-05,0,781,0.0,0.0,,,,,,,,,,,,,,,,,,,,,,,,,,,,,,,,,,,,,,,,,,,,,,,,,,,,,,,,,,,,,,,,,,,,,,,,,,nan,,,,,,,,,,,,,,,
1201,1.266311526298523,1.2663134839385748e-05,0.0012663134839385748,12246.704398393631,10000,ppo,ppo,crawler,flat,obs_dth_tot_direct,,,,,,,,,,,,,,,0.0,0,781,0.0,0.0,,,,,,,,,,,,,,,,,,,,,,,,,,,,,,,,,,,,,,,,,,,,,,,,,,,,,,,,,,,,,,,,,,,,,,,,,,nan,,,,,,,,,,,,,,,
1202,1.8436272144317627,1.843630707298871e-05,0.0018436307072988711,12256.933242797852,10000,ppo,ppo,crawler,flat,obs_dth_tot_direct,,,,,,,,,,,,,,,-0.0010169674326378313,0,781,0.0,0.0,,,,,,,,,,,,,,,,,,,,,,,,,,,,,,,,,,,,,,,,,,,,,,,,,,,,,,,,,,,,,,,,,,,,,,,,,,nan,,,,,,,,,,,,,,,
1203,0.5806509852409363,5.8065561461262405e-06,0.000580655614612624,12268.123250722885,10000,ppo,ppo,crawler,flat,obs_dth_tot_direct,,,,,,,,,,,,,,,0.0,0,781,0.0,0.0,,,,,,,,,,,,,,,,,,,,,,,,,,,,,,,,,,,,,,,,,,,,,,,,,,,,,,,,,,,,,,,,,,,,,,,,,,nan,,,,,,,,,,,,,,,
1204,-0.12459917366504669,-1.2460037623895914e-06,-0.00012460037623895914,12279.585500240326,10000,ppo,ppo,crawler,flat,obs_dth_tot_direct,,,,,,,,,,,,,,,-1.4728851015375457e-05,0,781,0.0,0.0,,,,,,,,,,,,,,,,,,,,,,,,,,,,,,,,,,,,,,,,,,,,,,,,,,,,,,,,,,,,,,,,,,,,,,,,,,nan,,,,,,,,,,,,,,,
1205,-0.6048979163169861,-6.048969680705341e-06,-0.0006048969680705341,12289.764788389206,10000,ppo,ppo,crawler,flat,obs_dth_tot_direct,,,,,,,,,,,,,,,-1.5616787790717908e-05,0,781,0.0,0.0,,,,,,,,,,,,,,,,,,,,,,,,,,,,,,,,,,,,,,,,,,,,,,,,,,,,,,,,,,,,,,,,,,,,,,,,,,nan,,,,,,,,,,,,,,,
1206,-0.5144867897033691,-5.14487055625068e-06,-0.000514487055625068,12300.263585329056,10000,ppo,ppo,crawler,flat,obs_dth_tot_direct,,,,,,,,,,,,,,,-0.00023607343731021148,0,781,0.0,0.0,,,,,,,,,,,,,,,,,,,,,,,,,,,,,,,,,,,,,,,,,,,,,,,,,,,,,,,,,,,,,,,,,,,,,,,,,,nan,,,,,,,,,,,,,,,
1207,0.24401716887950897,2.440186790408916e-06,0.00024401867904089158,12310.15694141388,10000,ppo,ppo,crawler,flat,obs_dth_tot_direct,,,,,,,,,,,,,,,0.0,0,781,0.0,0.0,,,,,,,,,,,,,,,,,,,,,,,,,,,,,,,,,,,,,,,,,,,,,,,,,,,,,,,,,,,,,,,,,,,,,,,,,,nan,,,,,,,,,,,,,,,
1208,0.007336449809372425,7.335361829063913e-08,7.335361829063913e-06,12320.820405483246,10000,ppo,ppo,crawler,flat,obs_dth_tot_direct,,,,,,,,,,,,,,,-1.225860553308272e-05,0,781,0.0,0.0,,,,,,,,,,,,,,,,,,,,,,,,,,,,,,,,,,,,,,,,,,,,,,,,,,,,,,,,,,,,,,,,,,,,,,,,,,nan,,,,,,,,,,,,,,,
1209,0.3129573166370392,3.129639480903279e-06,0.0003129639480903279,12331.356567621231,10000,ppo,ppo,crawler,flat,obs_dth_tot_direct,,,,,,,,,,,,,,,-1.9425767141176094e-07,0,781,0.0,0.0,,,,,,,,,,,,,,,,,,,,,,,,,,,,,,,,,,,,,,,,,,,,,,,,,,,,,,,,,,,,,,,,,,,,,,,,,,nan,,,,,,,,,,,,,,,
1210,-0.17008984088897705,-1.7009116390909185e-06,-0.00017009116390909185,12341.732212781906,10000,ppo,ppo,crawler,flat,obs_dth_tot_direct,,,,,,,,,,,,,,,1.4363167981561107e-05,0,781,0.0,0.0,,,,,,,,,,,,,,,,,,,,,,,,,,,,,,,,,,,,,,,,,,,,,,,,,,,,,,,,,,,,,,,,,,,,,,,,,,nan,,,,,,,,,,,,,,,
1211,0.40249118208885193,4.0249183257401455e-06,0.00040249183257401455,12351.50368976593,10000,ppo,ppo,crawler,flat,obs_dth_tot_direct,,,,,,,,,,,,,,,-0.00041086790742168964,0,781,0.0,0.0,,,,,,,,,,,,,,,,,,,,,,,,,,,,,,,,,,,,,,,,,,,,,,,,,,,,,,,,,,,,,,,,,,,,,,,,,,nan,,,,,,,,,,,,,,,
1212,0.7621026635169983,7.621060831297655e-06,0.0007621060831297655,12361.101972818375,10000,ppo,ppo,crawler,flat,obs_dth_tot_direct,,,,,,,,,,,,,,,0.0,0,781,0.0,0.0,,,,,,,,,,,,,,,,,,,,,,,,,,,,,,,,,,,,,,,,,,,,,,,,,,,,,,,,,,,,,,,,,,,,,,,,,,nan,,,,,,,,,,,,,,,
1213,-0.10892441123723984,-1.0891942565649515e-06,-0.00010891942565649515,12370.381585597992,10000,ppo,ppo,crawler,flat,obs_dth_tot_direct,,,,,,,,,,,,,,,-3.324345317067013e-05,0,781,0.0,0.0,,,,,,,,,,,,,,,,,,,,,,,,,,,,,,,,,,,,,,,,,,,,,,,,,,,,,,,,,,,,,,,,,,,,,,,,,,nan,,,,,,,,,,,,,,,
1214,-0.24908092617988586,-2.4908490559027996e-06,-0.00024908490559027996,12380.117857217789,10000,ppo,ppo,crawler,flat,obs_dth_tot_direct,,,,,,,,,,,,,,,-2.9998353268669752e-05,0,781,0.0,0.0,,,,,,,,,,,,,,,,,,,,,,,,,,,,,,,,,,,,,,,,,,,,,,,,,,,,,,,,,,,,,,,,,,,,,,,,,,nan,,,,,,,,,,,,,,,
1215,-0.43758270144462585,-4.3758204810728785e-06,-0.00043758204810728785,12389.992286920547,10000,ppo,ppo,crawler,flat,obs_dth_tot_direct,,,,,,,,,,,,,,,3.715783653353912e-05,0,781,0.0,0.0,,,,,,,,,,,,,,,,,,,,,,,,,,,,,,,,,,,,,,,,,,,,,,,,,,,,,,,,,,,,,,,,,,,,,,,,,,nan,,,,,,,,,,,,,,,
1216,-0.2759496867656708,-2.7594808216235833e-06,-0.00027594808216235833,12399.780255556107,10000,ppo,ppo,crawler,flat,obs_dth_tot_direct,,,,,,,,,,,,,,,-1.8967153378088557e-06,0,781,0.0,0.0,,,,,,,,,,,,,,,,,,,,,,,,,,,,,,,,,,,,,,,,,,,,,,,,,,,,,,,,,,,,,,,,,,,,,,,,,,nan,,,,,,,,,,,,,,,
1217,-1.5554322004318237,-1.5554329365841113e-05,-0.0015554329365841113,12409.490586280823,10000,ppo,ppo,crawler,flat,obs_dth_tot_direct,,,,,,,,,,,,,,,-0.0003347651396190006,0,781,0.0,0.0,,,,,,,,,,,,,,,,,,,,,,,,,,,,,,,,,,,,,,,,,,,,,,,,,,,,,,,,,,,,,,,,,,,,,,,,,,nan,,,,,,,,,,,,,,,
1218,0.24078987538814545,2.407902456980082e-06,0.00024079024569800822,12419.331505298615,10000,ppo,ppo,crawler,flat,obs_dth_tot_direct,,,,,,,,,,,,,,,0.0,0,781,0.0,0.0,,,,,,,,,,,,,,,,,,,,,,,,,,,,,,,,,,,,,,,,,,,,,,,,,,,,,,,,,,,,,,,,,,,,,,,,,,nan,,,,,,,,,,,,,,,
1219,0.14032505452632904,1.4032287936061039e-06,0.00014032287936061039,12430.31131863594,10000,ppo,ppo,crawler,flat,obs_dth_tot_direct,,,,,,,,,,,,,,,-0.00021583827334085287,0,781,0.0,0.0,,,,,,,,,,,,,,,,,,,,,,,,,,,,,,,,,,,,,,,,,,,,,,,,,,,,,,,,,,,,,,,,,,,,,,,,,,nan,,,,,,,,,,,,,,,
1220,0.9319285750389099,9.319315722677857e-06,0.0009319315722677857,12441.216957092285,10000,ppo,ppo,crawler,flat,obs_dth_tot_direct,,,,,,,,,,,,,,,0.0,0,781,0.0,0.0,,,,,,,,,,,,,,,,,,,,,,,,,,,,,,,,,,,,,,,,,,,,,,,,,,,,,,,,,,,,,,,,,,,,,,,,,,nan,,,,,,,,,,,,,,,
1221,-1.5702744722366333,-1.5702762539149262e-05,-0.0015702762539149262,12452.877076387405,10000,ppo,ppo,crawler,flat,obs_dth_tot_direct,,,,,,,,,,,,,,,-1.2287816388124693e-05,0,781,0.0,0.0,,,,,,,,,,,,,,,,,,,,,,,,,,,,,,,,,,,,,,,,,,,,,,,,,,,,,,,,,,,,,,,,,,,,,,,,,,nan,,,,,,,,,,,,,,,
1222,-0.078286312520504,-7.828460866221576e-07,-7.828460866221576e-05,12463.036012887955,10000,ppo,ppo,crawler,flat,obs_dth_tot_direct,,,,,,,,,,,,,,,3.480806794117721e-06,0,781,0.0,0.0,,,,,,,,,,,,,,,,,,,,,,,,,,,,,,,,,,,,,,,,,,,,,,,,,,,,,,,,,,,,,,,,,,,,,,,,,,nan,,,,,,,,,,,,,,,
1223,-0.1869138777256012,-1.869109041763295e-06,-0.0001869109041763295,12472.93617773056,10000,ppo,ppo,crawler,flat,obs_dth_tot_direct,,,,,,,,,,,,,,,2.4625254024616734e-06,0,781,0.0,0.0,,,,,,,,,,,,,,,,,,,,,,,,,,,,,,,,,,,,,,,,,,,,,,,,,,,,,,,,,,,,,,,,,,,,,,,,,,nan,,,,,,,,,,,,,,,
1224,0.6583799123764038,6.583851245522965e-06,0.0006583851245522965,12482.495978593826,10000,ppo,ppo,crawler,flat,obs_dth_tot_direct,,,,,,,,,,,,,,,-2.239582518761961e-05,0,781,0.0,0.0,,,,,,,,,,,,,,,,,,,,,,,,,,,,,,,,,,,,,,,,,,,,,,,,,,,,,,,,,,,,,,,,,,,,,,,,,,nan,,,,,,,,,,,,,,,
1225,0.36305102705955505,3.6305114008428063e-06,0.00036305114008428063,12492.50867486,10000,ppo,ppo,crawler,flat,obs_dth_tot_direct,,,,,,,,,,,,,,,7.099512530426362e-06,0,781,0.0,0.0,,,,,,,,,,,,,,,,,,,,,,,,,,,,,,,,,,,,,,,,,,,,,,,,,,,,,,,,,,,,,,,,,,,,,,,,,,nan,,,,,,,,,,,,,,,
1226,1.1830800771713257,1.1830862604256254e-05,0.0011830862604256254,12502.454430818558,10000,ppo,ppo,crawler,flat,obs_dth_tot_direct,,,,,,,,,,,,,,,-3.2324399966054936e-05,0,781,0.0,0.0,,,,,,,,,,,,,,,,,,,,,,,,,,,,,,,,,,,,,,,,,,,,,,,,,,,,,,,,,,,,,,,,,,,,,,,,,,nan,,,,,,,,,,,,,,,
1227,0.7357707023620605,7.357718459388707e-06,0.0007357718459388707,12512.342294692993,10000,ppo,ppo,crawler,flat,obs_dth_tot_direct,,,,,,,,,,,,,,,-0.0003081382408490102,0,781,0.0,0.0,,,,,,,,,,,,,,,,,,,,,,,,,,,,,,,,,,,,,,,,,,,,,,,,,,,,,,,,,,,,,,,,,,,,,,,,,,nan,,,,,,,,,,,,,,,
1228,0.10219865292310715,1.0220078365819063e-06,0.00010220078365819063,12522.096910953522,10000,ppo,ppo,crawler,flat,obs_dth_tot_direct,,,,,,,,,,,,,,,0.0,0,781,0.0,0.0,,,,,,,,,,,,,,,,,,,,,,,,,,,,,,,,,,,,,,,,,,,,,,,,,,,,,,,,,,,,,,,,,,,,,,,,,,nan,,,,,,,,,,,,,,,
1229,0.11312945187091827,1.1313056802464416e-06,0.00011313056802464416,12531.885354280472,10000,ppo,ppo,crawler,flat,obs_dth_tot_direct,,,,,,,,,,,,,,,-1.615769898807499e-05,0,781,0.0,0.0,,,,,,,,,,,,,,,,,,,,,,,,,,,,,,,,,,,,,,,,,,,,,,,,,,,,,,,,,,,,,,,,,,,,,,,,,,nan,,,,,,,,,,,,,,,
1230,1.648107886314392,1.6481093553011306e-05,0.0016481093553011306,12541.451473474503,10000,ppo,ppo,crawler,flat,obs_dth_tot_direct,,,,,,,,,,,,,,,-3.7118904626476324e-06,0,781,0.0,0.0,,,,,,,,,,,,,,,,,,,,,,,,,,,,,,,,,,,,,,,,,,,,,,,,,,,,,,,,,,,,,,,,,,,,,,,,,,nan,,,,,,,,,,,,,,,
1231,-1.22978937625885,-1.2297863577259704e-05,-0.0012297863577259704,12551.728657484055,10000,ppo,ppo,crawler,flat,obs_dth_tot_direct,,,,,,,,,,,,,,,-2.1406944254449022e-07,0,781,0.0,0.0,,,,,,,,,,,,,,,,,,,,,,,,,,,,,,,,,,,,,,,,,,,,,,,,,,,,,,,,,,,,,,,,,,,,,,,,,,nan,,,,,,,,,,,,,,,
1232,-0.05926518514752388,-5.926576136516815e-07,-5.9265761365168146e-05,12562.123510599136,10000,ppo,ppo,crawler,flat,obs_dth_tot_direct,,,,,,,,,,,,,,,-1.342250594676075e-05,0,781,0.0,0.0,,,,,,,,,,,,,,,,,,,,,,,,,,,,,,,,,,,,,,,,,,,,,,,,,,,,,,,,,,,,,,,,,,,,,,,,,,nan,,,,,,,,,,,,,,,
1233,-1.4387006759643555,-1.4386999282578472e-05,-0.0014386999282578472,12572.46381020546,10000,ppo,ppo,crawler,flat,obs_dth_tot_direct,,,,,,,,,,,,,,,-1.6198554356485873e-05,0,781,0.0,0.0,,,,,,,,,,,,,,,,,,,,,,,,,,,,,,,,,,,,,,,,,,,,,,,,,,,,,,,,,,,,,,,,,,,,,,,,,,nan,,,,,,,,,,,,,,,
1234,-0.895563542842865,-8.955636076279916e-06,-0.0008955636076279916,12582.351281404495,10000,ppo,ppo,crawler,flat,obs_dth_tot_direct,,,,,,,,,,,,,,,2.3805451664057644e-06,0,781,0.0,0.0,,,,,,,,,,,,,,,,,,,,,,,,,,,,,,,,,,,,,,,,,,,,,,,,,,,,,,,,,,,,,,,,,,,,,,,,,,nan,,,,,,,,,,,,,,,
1235,-1.603378176689148,-1.603382042958401e-05,-0.0016033820429584011,12593.413764715195,10000,ppo,ppo,crawler,flat,obs_dth_tot_direct,,,,,,,,,,,,,,,-0.0063685581443423496,0,781,0.0,0.0,,,,,,,,,,,,,,,,,,,,,,,,,,,,,,,,,,,,,,,,,,,,,,,,,,,,,,,,,,,,,,,,,,,,,,,,,,nan,,,,,,,,,,,,,,,
1236,-1.011423110961914,-1.0114204997080378e-05,-0.0010114204997080378,12604.230910301208,10000,ppo,ppo,crawler,flat,obs_dth_tot_direct,,,,,,,,,,,,,,,-1.127222283396312e-06,0,781,0.0,0.0,,,,,,,,,,,,,,,,,,,,,,,,,,,,,,,,,,,,,,,,,,,,,,,,,,,,,,,,,,,,,,,,,,,,,,,,,,nan,,,,,,,,,,,,,,,
1237,-0.2977021634578705,-2.9770221772196237e-06,-0.00029770221772196237,12615.293233633041,10000,ppo,ppo,crawler,flat,obs_dth_tot_direct,,,,,,,,,,,,,,,-3.613392308487935e-05,0,781,0.0,0.0,,,,,,,,,,,,,,,,,,,,,,,,,,,,,,,,,,,,,,,,,,,,,,,,,,,,,,,,,,,,,,,,,,,,,,,,,,nan,,,,,,,,,,,,,,,
1238,1.7879387140274048,1.7879458027891815e-05,0.0017879458027891815,12625.16184091568,10000,ppo,ppo,crawler,flat,obs_dth_tot_direct,,,,,,,,,,,,,,,5.364706608611093e-05,0,781,0.0,0.0,,,,,,,,,,,,,,,,,,,,,,,,,,,,,,,,,,,,,,,,,,,,,,,,,,,,,,,,,,,,,,,,,,,,,,,,,,nan,,,,,,,,,,,,,,,
1239,0.23354052007198334,2.335437784495298e-06,0.00023354377844952978,12635.363602399826,10000,ppo,ppo,crawler,flat,obs_dth_tot_direct,,,,,,,,,,,,,,,6.594932453275185e-06,0,781,0.0,0.0,,,,,,,,,,,,,,,,,,,,,,,,,,,,,,,,,,,,,,,,,,,,,,,,,,,,,,,,,,,,,,,,,,,,,,,,,,nan,,,,,,,,,,,,,,,
1240,1.1869252920150757,1.186929875984788e-05,0.001186929875984788,12645.249876260757,10000,ppo,ppo,crawler,flat,obs_dth_tot_direct,,,,,,,,,,,,,,,-1.6192070872698183e-05,0,781,0.0,0.0,,,,,,,,,,,,,,,,,,,,,,,,,,,,,,,,,,,,,,,,,,,,,,,,,,,,,,,,,,,,,,,,,,,,,,,,,,nan,,,,,,,,,,,,,,,
1241,-0.15821781754493713,-1.5821771057744627e-06,-0.00015821771057744627,12654.857026100159,10000,ppo,ppo,crawler,flat,obs_dth_tot_direct,,,,,,,,,,,,,,,6.194845695768825e-05,0,781,0.0,0.0,,,,,,,,,,,,,,,,,,,,,,,,,,,,,,,,,,,,,,,,,,,,,,,,,,,,,,,,,,,,,,,,,,,,,,,,,,nan,,,,,,,,,,,,,,,
1242,-0.6515312790870667,-6.515331278933445e-06,-0.0006515331278933445,12665.026171445847,10000,ppo,ppo,crawler,flat,obs_dth_tot_direct,,,,,,,,,,,,,,,-0.0001616131313975123,0,781,0.0,0.0,,,,,,,,,,,,,,,,,,,,,,,,,,,,,,,,,,,,,,,,,,,,,,,,,,,,,,,,,,,,,,,,,,,,,,,,,,nan,,,,,,,,,,,,,,,
1243,0.2575157582759857,2.5751671728357906e-06,0.00025751671728357906,12675.6985039711,10000,ppo,ppo,crawler,flat,obs_dth_tot_direct,,,,,,,,,,,,,,,0.0,0,781,0.0,0.0,,,,,,,,,,,,,,,,,,,,,,,,,,,,,,,,,,,,,,,,,,,,,,,,,,,,,,,,,,,,,,,,,,,,,,,,,,nan,,,,,,,,,,,,,,,
1244,1.3942899703979492,1.3942916666564997e-05,0.0013942916666564997,12685.47644686699,10000,ppo,ppo,crawler,flat,obs_dth_tot_direct,,,,,,,,,,,,,,,-0.004602065474443643,0,781,0.0,0.0,,,,,,,,,,,,,,,,,,,,,,,,,,,,,,,,,,,,,,,,,,,,,,,,,,,,,,,,,,,,,,,,,,,,,,,,,,nan,,,,,,,,,,,,,,,
1245,-0.4638064503669739,-4.63805145045626e-06,-0.000463805145045626,12695.093741416931,10000,ppo,ppo,crawler,flat,obs_dth_tot_direct,,,,,,,,,,,,,,,-3.856587701890899e-06,0,781,0.0,0.0,,,,,,,,,,,,,,,,,,,,,,,,,,,,,,,,,,,,,,,,,,,,,,,,,,,,,,,,,,,,,,,,,,,,,,,,,,nan,,,,,,,,,,,,,,,
1246,0.5779957175254822,5.779961156804347e-06,0.0005779961156804347,12704.318758964539,10000,ppo,ppo,crawler,flat,obs_dth_tot_direct,,,,,,,,,,,,,,,-0.00024334694617803514,0,781,0.0,0.0,,,,,,,,,,,,,,,,,,,,,,,,,,,,,,,,,,,,,,,,,,,,,,,,,,,,,,,,,,,,,,,,,,,,,,,,,,nan,,,,,,,,,,,,,,,
1247,-0.05175504833459854,-5.17573596425791e-07,-5.1757359642579104e-05,12713.804174661636,10000,ppo,ppo,crawler,flat,obs_dth_tot_direct,,,,,,,,,,,,,,,-4.6042990173176215e-07,0,781,0.0,0.0,,,,,,,,,,,,,,,,,,,,,,,,,,,,,,,,,,,,,,,,,,,,,,,,,,,,,,,,,,,,,,,,,,,,,,,,,,nan,,,,,,,,,,,,,,,
1248,-0.717221200466156,-7.172179266490275e-06,-0.0007172179266490275,12723.252888679504,10000,ppo,ppo,crawler,flat,obs_dth_tot_direct,,,,,,,,,,,,,,,-4.312821643644045e-05,0,781,0.0,0.0,,,,,,,,,,,,,,,,,,,,,,,,,,,,,,,,,,,,,,,,,,,,,,,,,,,,,,,,,,,,,,,,,,,,,,,,,,nan,,,,,,,,,,,,,,,
1249,0.7184641361236572,7.184634796431055e-06,0.0007184634796431055,12732.606320142746,10000,ppo,ppo,crawler,flat,obs_dth_tot_direct,,,,,,,,,,,,,,,-3.865094695636161e-05,0,781,0.0,0.0,,,,,,,,,,,,,,,,,,,,,,,,,,,,,,,,,,,,,,,,,,,,,,,,,,,,,,,,,,,,,,,,,,,,,,,,,,nan,,,,,,,,,,,,,,,
1250,0.6093569397926331,6.093590400269022e-06,0.0006093590400269022,12742.481576919556,10000,ppo,ppo,crawler,flat,obs_dth_tot_direct,,,,,,,,,,,,,,,0.0,0,781,0.0,0.0,,,,,,,,,,,,,,,,,,,,,,,,,,,,,,,,,,,,,,,,,,,,,,,,,,,,,,,,,,,,,,,,,,,,,,,,,,nan,,,,,,,,,,,,,,,
1251,1.3990668058395386,1.3990695151733235e-05,0.0013990695151733235,12752.983544111252,10000,ppo,ppo,crawler,flat,obs_dth_tot_direct,,,,,,,,,,,,,,,-0.0003650794473504135,0,781,0.0,0.0,,,,,,,,,,,,,,,,,,,,,,,,,,,,,,,,,,,,,,,,,,,,,,,,,,,,,,,,,,,,,,,,,,,,,,,,,,nan,,,,,,,,,,,,,,,
1252,-0.4285825192928314,-4.285814611648675e-06,-0.0004285814611648675,12762.877866506577,10000,ppo,ppo,crawler,flat,obs_dth_tot_direct,,,,,,,,,,,,,,,0.0,0,781,0.0,0.0,,,,,,,,,,,,,,,,,,,,,,,,,,,,,,,,,,,,,,,,,,,,,,,,,,,,,,,,,,,,,,,,,,,,,,,,,,nan,,,,,,,,,,,,,,,
1253,0.2331499606370926,2.3315049020311562e-06,0.00023315049020311562,12772.8714864254,10000,ppo,ppo,crawler,flat,obs_dth_tot_direct,,,,,,,,,,,,,,,-0.005197306157646656,0,781,0.0,0.0,,,,,,,,,,,,,,,,,,,,,,,,,,,,,,,,,,,,,,,,,,,,,,,,,,,,,,,,,,,,,,,,,,,,,,,,,,nan,,,,,,,,,,,,,,,
1254,0.3051937520503998,3.0519279334839666e-06,0.00030519279334839666,12782.63719367981,10000,ppo,ppo,crawler,flat,obs_dth_tot_direct,,,,,,,,,,,,,,,0.0,0,781,0.0,0.0,,,,,,,,,,,,,,,,,,,,,,,,,,,,,,,,,,,,,,,,,,,,,,,,,,,,,,,,,,,,,,,,,,,,,,,,,,nan,,,,,,,,,,,,,,,
1255,1.1230090856552124,1.123011861636769e-05,0.001123011861636769,12792.203993320465,10000,ppo,ppo,crawler,flat,obs_dth_tot_direct,,,,,,,,,,,,,,,-5.3831279544915795e-06,0,781,0.0,0.0,,,,,,,,,,,,,,,,,,,,,,,,,,,,,,,,,,,,,,,,,,,,,,,,,,,,,,,,,,,,,,,,,,,,,,,,,,nan,,,,,,,,,,,,,,,
1256,-0.39054355025291443,-3.90543482353678e-06,-0.000390543482353678,12803.911366462708,10000,ppo,ppo,crawler,flat,obs_dth_tot_direct,,,,,,,,,,,,,,,-0.0007323680478941158,0,781,0.0,0.0,,,,,,,,,,,,,,,,,,,,,,,,,,,,,,,,,,,,,,,,,,,,,,,,,,,,,,,,,,,,,,,,,,,,,,,,,,nan,,,,,,,,,,,,,,,
1257,-0.8854231834411621,-8.854224688548129e-06,-0.0008854224688548129,12815.413662910461,10000,ppo,ppo,crawler,flat,obs_dth_tot_direct,,,,,,,,,,,,,,,0.0,0,781,0.0,0.0,,,,,,,,,,,,,,,,,,,,,,,,,,,,,,,,,,,,,,,,,,,,,,,,,,,,,,,,,,,,,,,,,,,,,,,,,,nan,,,,,,,,,,,,,,,
1258,-0.28180065751075745,-2.818004077198566e-06,-0.0002818004077198566,12825.903127193451,10000,ppo,ppo,crawler,flat,obs_dth_tot_direct,,,,,,,,,,,,,,,-5.243879488923333e-05,0,781,0.0,0.0,,,,,,,,,,,,,,,,,,,,,,,,,,,,,,,,,,,,,,,,,,,,,,,,,,,,,,,,,,,,,,,,,,,,,,,,,,nan,,,,,,,,,,,,,,,
1259,0.7552163004875183,7.552181159553584e-06,0.0007552181159553584,12836.244082450867,10000,ppo,ppo,crawler,flat,obs_dth_tot_direct,,,,,,,,,,,,,,,-8.917054478627619e-05,0,781,0.0,0.0,,,,,,,,,,,,,,,,,,,,,,,,,,,,,,,,,,,,,,,,,,,,,,,,,,,,,,,,,,,,,,,,,,,,,,,,,,nan,,,,,,,,,,,,,,,
1260,1.384612798690796,1.3846174624632113e-05,0.0013846174624632113,12847.24278640747,10000,ppo,ppo,crawler,flat,obs_dth_tot_direct,,,,,,,,,,,,,,,-0.000392772158352651,0,781,0.0,0.0,,,,,,,,,,,,,,,,,,,,,,,,,,,,,,,,,,,,,,,,,,,,,,,,,,,,,,,,,,,,,,,,,,,,,,,,,,nan,,,,,,,,,,,,,,,
1261,-0.10530176013708115,-1.0530011422815733e-06,-0.00010530011422815733,12857.439278841019,10000,ppo,ppo,crawler,flat,obs_dth_tot_direct,,,,,,,,,,,,,,,0.0,0,781,0.0,0.0,,,,,,,,,,,,,,,,,,,,,,,,,,,,,,,,,,,,,,,,,,,,,,,,,,,,,,,,,,,,,,,,,,,,,,,,,,nan,,,,,,,,,,,,,,,
1262,0.12772202491760254,1.277211595152039e-06,0.0001277211595152039,12867.826736927032,10000,ppo,ppo,crawler,flat,obs_dth_tot_direct,,,,,,,,,,,,,,,-4.691820563068768e-05,0,781,0.0,0.0,,,,,,,,,,,,,,,,,,,,,,,,,,,,,,,,,,,,,,,,,,,,,,,,,,,,,,,,,,,,,,,,,,,,,,,,,,nan,,,,,,,,,,,,,,,
1263,1.0827866792678833,1.0827890946529806e-05,0.0010827890946529806,12877.342754125595,10000,ppo,ppo,crawler,flat,obs_dth_tot_direct,,,,,,,,,,,,,,,0.0,0,781,0.0,0.0,,,,,,,,,,,,,,,,,,,,,,,,,,,,,,,,,,,,,,,,,,,,,,,,,,,,,,,,,,,,,,,,,,,,,,,,,,nan,,,,,,,,,,,,,,,
1264,0.06290435045957565,6.290429155342281e-07,6.290429155342281e-05,12887.070242643356,10000,ppo,ppo,crawler,flat,obs_dth_tot_direct,,,,,,,,,,,,,,,-0.008019677219046673,0,781,0.0,0.0,,,,,,,,,,,,,,,,,,,,,,,,,,,,,,,,,,,,,,,,,,,,,,,,,,,,,,,,,,,,,,,,,,,,,,,,,,nan,,,,,,,,,,,,,,,
1265,-0.07634072750806808,-7.634047847204783e-07,-7.634047847204783e-05,12896.933113574982,10000,ppo,ppo,crawler,flat,obs_dth_tot_direct,,,,,,,,,,,,,,,0.0,0,781,0.0,0.0,,,,,,,,,,,,,,,,,,,,,,,,,,,,,,,,,,,,,,,,,,,,,,,,,,,,,,,,,,,,,,,,,,,,,,,,,,nan,,,,,,,,,,,,,,,
1266,-0.3557126224040985,-3.5571267744671786e-06,-0.00035571267744671786,12906.982524394989,10000,ppo,ppo,crawler,flat,obs_dth_tot_direct,,,,,,,,,,,,,,,-4.152137972175999e-05,0,781,0.0,0.0,,,,,,,,,,,,,,,,,,,,,,,,,,,,,,,,,,,,,,,,,,,,,,,,,,,,,,,,,,,,,,,,,,,,,,,,,,nan,,,,,,,,,,,,,,,
1267,0.2710491418838501,2.7105072604172165e-06,0.00027105072604172165,12916.927294254303,10000,ppo,ppo,crawler,flat,obs_dth_tot_direct,,,,,,,,,,,,,,,-0.0006004132189705644,0,781,0.0,0.0,,,,,,,,,,,,,,,,,,,,,,,,,,,,,,,,,,,,,,,,,,,,,,,,,,,,,,,,,,,,,,,,,,,,,,,,,,nan,,,,,,,,,,,,,,,
1268,0.28233662247657776,2.823354179781745e-06,0.0002823354179781745,12928.37987112999,10000,ppo,ppo,crawler,flat,obs_dth_tot_direct,,,,,,,,,,,,,,,0.0,0,781,0.0,0.0,,,,,,,,,,,,,,,,,,,,,,,,,,,,,,,,,,,,,,,,,,,,,,,,,,,,,,,,,,,,,,,,,,,,,,,,,,nan,,,,,,,,,,,,,,,
1269,-0.8066763877868652,-8.066726877586916e-06,-0.0008066726877586916,12941.31465959549,10000,ppo,ppo,crawler,flat,obs_dth_tot_direct,,,,,,,,,,,,,,,-3.46401591860378e-05,0,781,0.0,0.0,,,,,,,,,,,,,,,,,,,,,,,,,,,,,,,,,,,,,,,,,,,,,,,,,,,,,,,,,,,,,,,,,,,,,,,,,,nan,,,,,,,,,,,,,,,
1270,1.2624739408493042,1.2624736882571597e-05,0.0012624736882571597,12952.86952829361,10000,ppo,ppo,crawler,flat,obs_dth_tot_direct,,,,,,,,,,,,,,,-0.00034960113088964044,0,781,0.0,0.0,,,,,,,,,,,,,,,,,,,,,,,,,,,,,,,,,,,,,,,,,,,,,,,,,,,,,,,,,,,,,,,,,,,,,,,,,,nan,,,,,,,,,,,,,,,
1271,-0.40072473883628845,-4.007243660453241e-06,-0.00040072436604532413,12965.828534841537,10000,ppo,ppo,crawler,flat,obs_dth_tot_direct,,,,,,,,,,,,,,,0.0,0,781,0.0,0.0,,,,,,,,,,,,,,,,,,,,,,,,,,,,,,,,,,,,,,,,,,,,,,,,,,,,,,,,,,,,,,,,,,,,,,,,,,nan,,,,,,,,,,,,,,,
1272,0.5738863348960876,5.738878826377913e-06,0.0005738878826377913,12978.675055027008,10000,ppo,ppo,crawler,flat,obs_dth_tot_direct,,,,,,,,,,,,,,,-0.00028663807251656407,0,781,0.0,0.0,,,,,,,,,,,,,,,,,,,,,,,,,,,,,,,,,,,,,,,,,,,,,,,,,,,,,,,,,,,,,,,,,,,,,,,,,,nan,,,,,,,,,,,,,,,
1273,-0.620736300945282,-6.2073845583654474e-06,-0.0006207384558365447,12991.241347312927,10000,ppo,ppo,crawler,flat,obs_dth_tot_direct,,,,,,,,,,,,,,,0.0,0,781,0.0,0.0,,,,,,,,,,,,,,,,,,,,,,,,,,,,,,,,,,,,,,,,,,,,,,,,,,,,,,,,,,,,,,,,,,,,,,,,,,nan,,,,,,,,,,,,,,,
1274,0.22741472721099854,2.2741646716895048e-06,0.00022741646716895048,13001.319572210312,10000,ppo,ppo,crawler,flat,obs_dth_tot_direct,,,,,,,,,,,,,,,-0.0012251759656298328,0,781,0.0,0.0,,,,,,,,,,,,,,,,,,,,,,,,,,,,,,,,,,,,,,,,,,,,,,,,,,,,,,,,,,,,,,,,,,,,,,,,,,nan,,,,,,,,,,,,,,,
1275,0.4863350987434387,4.8633678488840815e-06,0.00048633678488840815,13011.366174459457,10000,ppo,ppo,crawler,flat,obs_dth_tot_direct,,,,,,,,,,,,,,,0.0,0,781,0.0,0.0,,,,,,,,,,,,,,,,,,,,,,,,,,,,,,,,,,,,,,,,,,,,,,,,,,,,,,,,,,,,,,,,,,,,,,,,,,nan,,,,,,,,,,,,,,,
1276,0.8408910036087036,8.408941539528314e-06,0.0008408941539528314,13021.975140094757,10000,ppo,ppo,crawler,flat,obs_dth_tot_direct,,,,,,,,,,,,,,,-6.107150764227218e-07,0,781,0.0,0.0,,,,,,,,,,,,,,,,,,,,,,,,,,,,,,,,,,,,,,,,,,,,,,,,,,,,,,,,,,,,,,,,,,,,,,,,,,nan,,,,,,,,,,,,,,,
1277,0.24352741241455078,2.43533850152744e-06,0.00024353385015274398,13033.904865026474,10000,ppo,ppo,crawler,flat,obs_dth_tot_direct,,,,,,,,,,,,,,,-4.173230818650481e-05,0,781,0.0,0.0,,,,,,,,,,,,,,,,,,,,,,,,,,,,,,,,,,,,,,,,,,,,,,,,,,,,,,,,,,,,,,,,,,,,,,,,,,nan,,,,,,,,,,,,,,,
1278,-0.21702352166175842,-2.1702680896851234e-06,-0.00021702680896851234,13045.134283542633,10000,ppo,ppo,crawler,flat,obs_dth_tot_direct,,,,,,,,,,,,,,,-7.083862137512117e-05,0,781,0.0,0.0,,,,,,,,,,,,,,,,,,,,,,,,,,,,,,,,,,,,,,,,,,,,,,,,,,,,,,,,,,,,,,,,,,,,,,,,,,nan,,,,,,,,,,,,,,,
1279,-0.7113804221153259,-7.11378288542619e-06,-0.000711378288542619,13056.881094694138,10000,ppo,ppo,crawler,flat,obs_dth_tot_direct,,,,,,,,,,,,,,,-1.7990017126143818e-05,0,781,0.0,0.0,,,,,,,,,,,,,,,,,,,,,,,,,,,,,,,,,,,,,,,,,,,,,,,,,,,,,,,,,,,,,,,,,,,,,,,,,,nan,,,,,,,,,,,,,,,
1280,-1.1381803750991821,-1.1381800504750572e-05,-0.0011381800504750572,13068.836116552353,10000,ppo,ppo,crawler,flat,obs_dth_tot_direct,,,,,,,,,,,,,,,1.3523212802165908e-05,0,781,0.0,0.0,,,,,,,,,,,,,,,,,,,,,,,,,,,,,,,,,,,,,,,,,,,,,,,,,,,,,,,,,,,,,,,,,,,,,,,,,,nan,,,,,,,,,,,,,,,
1281,-0.37521156668663025,-3.7520810565183638e-06,-0.0003752081056518364,13078.621647834778,10000,ppo,ppo,crawler,flat,obs_dth_tot_direct,,,,,,,,,,,,,,,-3.3379900871409956e-06,0,781,0.0,0.0,,,,,,,,,,,,,,,,,,,,,,,,,,,,,,,,,,,,,,,,,,,,,,,,,,,,,,,,,,,,,,,,,,,,,,,,,,nan,,,,,,,,,,,,,,,
1282,0.5571322441101074,5.571347173827235e-06,0.0005571347173827235,13088.276011228561,10000,ppo,ppo,crawler,flat,obs_dth_tot_direct,,,,,,,,,,,,,,,-0.00336187857438103,0,781,0.0,0.0,,,,,,,,,,,,,,,,,,,,,,,,,,,,,,,,,,,,,,,,,,,,,,,,,,,,,,,,,,,,,,,,,,,,,,,,,,nan,,,,,,,,,,,,,,,
1283,0.0653638169169426,6.536502041853964e-07,6.536502041853964e-05,13099.293954372406,10000,ppo,ppo,crawler,flat,obs_dth_tot_direct,,,,,,,,,,,,,,,0.0,0,781,0.0,0.0,,,,,,,,,,,,,,,,,,,,,,,,,,,,,,,,,,,,,,,,,,,,,,,,,,,,,,,,,,,,,,,,,,,,,,,,,,nan,,,,,,,,,,,,,,,
1284,-0.6971691250801086,-6.971708444325486e-06,-0.0006971708444325486,13111.575733184814,10000,ppo,ppo,crawler,flat,obs_dth_tot_direct,,,,,,,,,,,,,,,-1.359541832484906e-05,0,781,0.0,0.0,,,,,,,,,,,,,,,,,,,,,,,,,,,,,,,,,,,,,,,,,,,,,,,,,,,,,,,,,,,,,,,,,,,,,,,,,,nan,,,,,,,,,,,,,,,
1285,1.9205242395401,1.920526847243309e-05,0.001920526847243309,13123.596916437149,10000,ppo,ppo,crawler,flat,obs_dth_tot_direct,,,,,,,,,,,,,,,-2.046319132577747e-05,0,781,0.0,0.0,,,,,,,,,,,,,,,,,,,,,,,,,,,,,,,,,,,,,,,,,,,,,,,,,,,,,,,,,,,,,,,,,,,,,,,,,,nan,,,,,,,,,,,,,,,
1286,0.9892858862876892,9.892860362015199e-06,0.00098928603620152,13135.520024299622,10000,ppo,ppo,crawler,flat,obs_dth_tot_direct,,,,,,,,,,,,,,,-0.001229251540539054,0,781,0.0,0.0,,,,,,,,,,,,,,,,,,,,,,,,,,,,,,,,,,,,,,,,,,,,,,,,,,,,,,,,,,,,,,,,,,,,,,,,,,nan,,,,,,,,,,,,,,,
1287,-0.5461317300796509,-5.461302407638868e-06,-0.0005461302407638868,13147.772060871124,10000,ppo,ppo,crawler,flat,obs_dth_tot_direct,,,,,,,,,,,,,,,0.0,0,781,0.0,0.0,,,,,,,,,,,,,,,,,,,,,,,,,,,,,,,,,,,,,,,,,,,,,,,,,,,,,,,,,,,,,,,,,,,,,,,,,,nan,,,,,,,,,,,,,,,
1288,0.8340927362442017,8.340971362486016e-06,0.0008340971362486016,13160.064507961273,10000,ppo,ppo,crawler,flat,obs_dth_tot_direct,,,,,,,,,,,,,,,-2.7691128588592807e-05,0,781,0.0,0.0,,,,,,,,,,,,,,,,,,,,,,,,,,,,,,,,,,,,,,,,,,,,,,,,,,,,,,,,,,,,,,,,,,,,,,,,,,nan,,,,,,,,,,,,,,,
1289,0.009216094389557838,9.21683849242072e-08,9.21683849242072e-06,13172.325415849686,10000,ppo,ppo,crawler,flat,obs_dth_tot_direct,,,,,,,,,,,,,,,-0.002653506802688335,0,781,0.0,0.0,,,,,,,,,,,,,,,,,,,,,,,,,,,,,,,,,,,,,,,,,,,,,,,,,,,,,,,,,,,,,,,,,,,,,,,,,,nan,,,,,,,,,,,,,,,
1290,-0.34943458437919617,-3.4943552691402147e-06,-0.00034943552691402147,13184.823974847794,10000,ppo,ppo,crawler,flat,obs_dth_tot_direct,,,,,,,,,,,,,,,-0.0003587836113480539,0,781,0.0,0.0,,,,,,,,,,,,,,,,,,,,,,,,,,,,,,,,,,,,,,,,,,,,,,,,,,,,,,,,,,,,,,,,,,,,,,,,,,nan,,,,,,,,,,,,,,,
1291,-1.1958086490631104,-1.1958083632634953e-05,-0.0011958083632634953,13197.055082559586,10000,ppo,ppo,crawler,flat,obs_dth_tot_direct,,,,,,,,,,,,,,,0.0,0,781,0.0,0.0,,,,,,,,,,,,,,,,,,,,,,,,,,,,,,,,,,,,,,,,,,,,,,,,,,,,,,,,,,,,,,,,,,,,,,,,,,nan,,,,,,,,,,,,,,,
1292,-0.5229248404502869,-5.2292052714619786e-06,-0.0005229205271461979,13208.851924419403,10000,ppo,ppo,crawler,flat,obs_dth_tot_direct,,,,,,,,,,,,,,,-3.0756214926932746e-05,0,781,0.0,0.0,,,,,,,,,,,,,,,,,,,,,,,,,,,,,,,,,,,,,,,,,,,,,,,,,,,,,,,,,,,,,,,,,,,,,,,,,,nan,,,,,,,,,,,,,,,
1293,-0.6726347208023071,-6.726364517817274e-06,-0.0006726364517817274,13221.568910598755,10000,ppo,ppo,crawler,flat,obs_dth_tot_direct,,,,,,,,,,,,,,,-0.04219138776590134,0,781,0.0,0.0,,,,,,,,,,,,,,,,,,,,,,,,,,,,,,,,,,,,,,,,,,,,,,,,,,,,,,,,,,,,,,,,,,,,,,,,,,nan,,,,,,,,,,,,,,,
1294,-0.4003659188747406,-4.00361614083522e-06,-0.000400361614083522,13233.352858304977,10000,ppo,ppo,crawler,flat,obs_dth_tot_direct,,,,,,,,,,,,,,,0.0,0,781,0.0,0.0,,,,,,,,,,,,,,,,,,,,,,,,,,,,,,,,,,,,,,,,,,,,,,,,,,,,,,,,,,,,,,,,,,,,,,,,,,nan,,,,,,,,,,,,,,,
1295,-0.44817444682121277,-4.481729774852283e-06,-0.00044817297748522833,13244.391618967056,10000,ppo,ppo,crawler,flat,obs_dth_tot_direct,,,,,,,,,,,,,,,0.0,0,781,0.0,0.0,,,,,,,,,,,,,,,,,,,,,,,,,,,,,,,,,,,,,,,,,,,,,,,,,,,,,,,,,,,,,,,,,,,,,,,,,,nan,,,,,,,,,,,,,,,
1296,-1.1948273181915283,-1.1948278370255139e-05,-0.0011948278370255139,13255.361139297485,10000,ppo,ppo,crawler,flat,obs_dth_tot_direct,,,,,,,,,,,,,,,-0.0006317600820132468,0,781,0.0,0.0,,,,,,,,,,,,,,,,,,,,,,,,,,,,,,,,,,,,,,,,,,,,,,,,,,,,,,,,,,,,,,,,,,,,,,,,,,nan,,,,,,,,,,,,,,,
1297,-0.8670868277549744,-8.670818715472706e-06,-0.0008670818715472706,13266.011674404144,10000,ppo,ppo,crawler,flat,obs_dth_tot_direct,,,,,,,,,,,,,,,0.0,0,781,0.0,0.0,,,,,,,,,,,,,,,,,,,,,,,,,,,,,,,,,,,,,,,,,,,,,,,,,,,,,,,,,,,,,,,,,,,,,,,,,,nan,,,,,,,,,,,,,,,
1298,-1.138694405555725,-1.1386908226995729e-05,-0.0011386908226995729,13276.787402629852,10000,ppo,ppo,crawler,flat,obs_dth_tot_direct,,,,,,,,,,,,,,,-8.766576361564607e-05,0,781,0.0,0.0,,,,,,,,,,,,,,,,,,,,,,,,,,,,,,,,,,,,,,,,,,,,,,,,,,,,,,,,,,,,,,,,,,,,,,,,,,nan,,,,,,,,,,,,,,,
1299,-1.3557862043380737,-1.355789299850585e-05,-0.001355789299850585,13287.131620883942,10000,ppo,ppo,crawler,flat,obs_dth_tot_direct,,,,,,,,,,,,,,,0.0,0,781,0.0,0.0,,,,,,,,,,,,,,,,,,,,,,,,,,,,,,,,,,,,,,,,,,,,,,,,,,,,,,,,,,,,,,,,,,,,,,,,,,nan,,,,,,,,,,,,,,,
1300,0.6649298071861267,6.649313036177773e-06,0.0006649313036177773,13297.66421341896,10000,ppo,ppo,crawler,flat,obs_dth_tot_direct,,,,,,,,,,,,,,,-1.7232410657421117e-05,0,781,0.0,0.0,,,,,,,,,,,,,,,,,,,,,,,,,,,,,,,,,,,,,,,,,,,,,,,,,,,,,,,,,,,,,,,,,,,,,,,,,,nan,,,,,,,,,,,,,,,
1301,0.7470130324363708,7.470117452612612e-06,0.0007470117452612612,13307.874081134796,10000,ppo,ppo,crawler,flat,obs_dth_tot_direct,,,,,,,,,,,,,,,-0.0007877498078094401,0,781,0.0,0.0,,,,,,,,,,,,,,,,,,,,,,,,,,,,,,,,,,,,,,,,,,,,,,,,,,,,,,,,,,,,,,,,,,,,,,,,,,nan,,,,,,,,,,,,,,,
1302,-0.8875004053115845,-8.875005732988939e-06,-0.0008875005732988939,13318.226384162903,10000,ppo,ppo,crawler,flat,obs_dth_tot_direct,,,,,,,,,,,,,,,0.0,0,781,0.0,0.0,,,,,,,,,,,,,,,,,,,,,,,,,,,,,,,,,,,,,,,,,,,,,,,,,,,,,,,,,,,,,,,,,,,,,,,,,,nan,,,,,,,,,,,,,,,
1303,-0.2561642825603485,-2.5616436687414534e-06,-0.00025616436687414534,13329.597772598267,10000,ppo,ppo,crawler,flat,obs_dth_tot_direct,,,,,,,,,,,,,,,-9.615327232778455e-07,0,781,0.0,0.0,,,,,,,,,,,,,,,,,,,,,,,,,,,,,,,,,,,,,,,,,,,,,,,,,,,,,,,,,,,,,,,,,,,,,,,,,,nan,,,,,,,,,,,,,,,
1304,0.9836909174919128,9.836910066951532e-06,0.0009836910066951532,13341.694050073624,10000,ppo,ppo,crawler,flat,obs_dth_tot_direct,,,,,,,,,,,,,,,-0.00013018703915741625,0,781,0.0,0.0,,,,,,,,,,,,,,,,,,,,,,,,,,,,,,,,,,,,,,,,,,,,,,,,,,,,,,,,,,,,,,,,,,,,,,,,,,nan,,,,,,,,,,,,,,,
1305,-2.5990359783172607,-2.5990375434048474e-05,-0.0025990375434048474,13352.463200092316,10000,ppo,ppo,crawler,flat,obs_dth_tot_direct,,,,,,,,,,,,,,,-1.8580410052353227e-06,0,781,0.0,0.0,,,,,,,,,,,,,,,,,,,,,,,,,,,,,,,,,,,,,,,,,,,,,,,,,,,,,,,,,,,,,,,,,,,,,,,,,,nan,,,,,,,,,,,,,,,
1306,1.6592804193496704,1.6592821339145303e-05,0.0016592821339145303,13363.425872087479,10000,ppo,ppo,crawler,flat,obs_dth_tot_direct,,,,,,,,,,,,,,,-1.0210122774795136e-05,0,781,0.0,0.0,,,,,,,,,,,,,,,,,,,,,,,,,,,,,,,,,,,,,,,,,,,,,,,,,,,,,,,,,,,,,,,,,,,,,,,,,,nan,,,,,,,,,,,,,,,
1307,-0.8881096243858337,-8.881065696186852e-06,-0.0008881065696186852,13374.189311742783,10000,ppo,ppo,crawler,flat,obs_dth_tot_direct,,,,,,,,,,,,,,,-7.988350816481244e-06,0,781,0.0,0.0,,,,,,,,,,,,,,,,,,,,,,,,,,,,,,,,,,,,,,,,,,,,,,,,,,,,,,,,,,,,,,,,,,,,,,,,,,nan,,,,,,,,,,,,,,,
1308,0.6442646980285645,6.442674930440262e-06,0.0006442674930440262,13384.079655885696,10000,ppo,ppo,crawler,flat,obs_dth_tot_direct,,,,,,,,,,,,,,,2.987452552542949e-05,0,781,0.0,0.0,,,,,,,,,,,,,,,,,,,,,,,,,,,,,,,,,,,,,,,,,,,,,,,,,,,,,,,,,,,,,,,,,,,,,,,,,,nan,,,,,,,,,,,,,,,
1309,-0.2245703786611557,-2.2457124941865914e-06,-0.00022457124941865914,13394.138876914978,10000,ppo,ppo,crawler,flat,obs_dth_tot_direct,,,,,,,,,,,,,,,-6.180877884356221e-05,0,781,0.0,0.0,,,,,,,,,,,,,,,,,,,,,,,,,,,,,,,,,,,,,,,,,,,,,,,,,,,,,,,,,,,,,,,,,,,,,,,,,,nan,,,,,,,,,,,,,,,
1310,1.3388845920562744,1.3388892512011807e-05,0.0013388892512011807,13404.050158023834,10000,ppo,ppo,crawler,flat,obs_dth_tot_direct,,,,,,,,,,,,,,,-0.008992425048015487,0,781,0.0,0.0,,,,,,,,,,,,,,,,,,,,,,,,,,,,,,,,,,,,,,,,,,,,,,,,,,,,,,,,,,,,,,,,,,,,,,,,,,nan,,,,,,,,,,,,,,,
1311,0.7307583689689636,7.307615760510089e-06,0.0007307615760510089,13414.201546907425,10000,ppo,ppo,crawler,flat,obs_dth_tot_direct,,,,,,,,,,,,,,,0.0,0,781,0.0,0.0,,,,,,,,,,,,,,,,,,,,,,,,,,,,,,,,,,,,,,,,,,,,,,,,,,,,,,,,,,,,,,,,,,,,,,,,,,nan,,,,,,,,,,,,,,,
1312,-0.34174489974975586,-3.417438165342901e-06,-0.0003417438165342901,13424.324125766754,10000,ppo,ppo,crawler,flat,obs_dth_tot_direct,,,,,,,,,,,,,,,-1.374748028652616e-05,0,781,0.0,0.0,,,,,,,,,,,,,,,,,,,,,,,,,,,,,,,,,,,,,,,,,,,,,,,,,,,,,,,,,,,,,,,,,,,,,,,,,,nan,,,,,,,,,,,,,,,
1313,-0.016765320673584938,-1.6763806343078613e-07,-1.6763806343078613e-05,13434.476047754288,10000,ppo,ppo,crawler,flat,obs_dth_tot_direct,,,,,,,,,,,,,,,-3.677962417028625e-05,0,781,0.0,0.0,,,,,,,,,,,,,,,,,,,,,,,,,,,,,,,,,,,,,,,,,,,,,,,,,,,,,,,,,,,,,,,,,,,,,,,,,,nan,,,,,,,,,,,,,,,
1314,0.5956767797470093,5.956745553703513e-06,0.0005956745553703513,13444.388308048248,10000,ppo,ppo,crawler,flat,obs_dth_tot_direct,,,,,,,,,,,,,,,-0.00035565859124198003,0,781,0.0,0.0,,,,,,,,,,,,,,,,,,,,,,,,,,,,,,,,,,,,,,,,,,,,,,,,,,,,,,,,,,,,,,,,,,,,,,,,,,nan,,,,,,,,,,,,,,,
1315,-0.7150310277938843,-7.15030773790204e-06,-0.000715030773790204,13454.642813920975,10000,ppo,ppo,crawler,flat,obs_dth_tot_direct,,,,,,,,,,,,,,,0.0,0,781,0.0,0.0,,,,,,,,,,,,,,,,,,,,,,,,,,,,,,,,,,,,,,,,,,,,,,,,,,,,,,,,,,,,,,,,,,,,,,,,,,nan,,,,,,,,,,,,,,,
1316,-0.2434171736240387,-2.4341620701306965e-06,-0.00024341620701306965,13464.685175895691,10000,ppo,ppo,crawler,flat,obs_dth_tot_direct,,,,,,,,,,,,,,,-0.0067509314243260786,0,781,0.0,0.0,,,,,,,,,,,,,,,,,,,,,,,,,,,,,,,,,,,,,,,,,,,,,,,,,,,,,,,,,,,,,,,,,,,,,,,,,,nan,,,,,,,,,,,,,,,
1317,1.200069546699524,1.2000734386674594e-05,0.0012000734386674594,13474.826773405075,10000,ppo,ppo,crawler,flat,obs_dth_tot_direct,,,,,,,,,,,,,,,0.0,0,781,0.0,0.0,,,,,,,,,,,,,,,,,,,,,,,,,,,,,,,,,,,,,,,,,,,,,,,,,,,,,,,,,,,,,,,,,,,,,,,,,,nan,,,,,,,,,,,,,,,
1318,0.4504081904888153,4.504105163505301e-06,0.0004504105163505301,13484.884057998657,10000,ppo,ppo,crawler,flat,obs_dth_tot_direct,,,,,,,,,,,,,,,-0.00024923788700801307,0,781,0.0,0.0,,,,,,,,,,,,,,,,,,,,,,,,,,,,,,,,,,,,,,,,,,,,,,,,,,,,,,,,,,,,,,,,,,,,,,,,,,nan,,,,,,,,,,,,,,,
1319,0.1529853343963623,1.529883775219787e-06,0.0001529883775219787,13494.766040325165,10000,ppo,ppo,crawler,flat,obs_dth_tot_direct,,,,,,,,,,,,,,,-2.107786780244715e-05,0,781,0.0,0.0,,,,,,,,,,,,,,,,,,,,,,,,,,,,,,,,,,,,,,,,,,,,,,,,,,,,,,,,,,,,,,,,,,,,,,,,,,nan,,,,,,,,,,,,,,,
1320,-0.261467307806015,-2.61465947914985e-06,-0.000261465947914985,13504.835350751877,10000,ppo,ppo,crawler,flat,obs_dth_tot_direct,,,,,,,,,,,,,,,-0.0001275365416165656,0,781,0.0,0.0,,,,,,,,,,,,,,,,,,,,,,,,,,,,,,,,,,,,,,,,,,,,,,,,,,,,,,,,,,,,,,,,,,,,,,,,,,nan,,,,,,,,,,,,,,,
1321,-0.11263902485370636,-1.1263987289567012e-06,-0.00011263987289567012,13514.872143030167,10000,ppo,ppo,crawler,flat,obs_dth_tot_direct,,,,,,,,,,,,,,,0.0,0,781,0.0,0.0,,,,,,,,,,,,,,,,,,,,,,,,,,,,,,,,,,,,,,,,,,,,,,,,,,,,,,,,,,,,,,,,,,,,,,,,,,nan,,,,,,,,,,,,,,,
1322,1.0196480751037598,1.01964997156756e-05,0.00101964997156756,13524.991054296494,10000,ppo,ppo,crawler,flat,obs_dth_tot_direct,,,,,,,,,,,,,,,-8.59693613346957e-06,0,781,0.0,0.0,,,,,,,,,,,,,,,,,,,,,,,,,,,,,,,,,,,,,,,,,,,,,,,,,,,,,,,,,,,,,,,,,,,,,,,,,,nan,,,,,,,,,,,,,,,
1323,1.6802895069122314,1.6802936443127692e-05,0.0016802936443127692,13534.924342870712,10000,ppo,ppo,crawler,flat,obs_dth_tot_direct,,,,,,,,,,,,,,,-0.0005102670559523658,0,781,0.0,0.0,,,,,,,,,,,,,,,,,,,,,,,,,,,,,,,,,,,,,,,,,,,,,,,,,,,,,,,,,,,,,,,,,,,,,,,,,,nan,,,,,,,,,,,,,,,
1324,-0.5913066267967224,-5.913053882977692e-06,-0.0005913053882977692,13545.028798818588,10000,ppo,ppo,crawler,flat,obs_dth_tot_direct,,,,,,,,,,,,,,,0.0,0,781,0.0,0.0,,,,,,,,,,,,,,,,,,,,,,,,,,,,,,,,,,,,,,,,,,,,,,,,,,,,,,,,,,,,,,,,,,,,,,,,,,nan,,,,,,,,,,,,,,,
1325,-0.9264246225357056,-9.264225809602067e-06,-0.0009264225809602067,13554.94804739952,10000,ppo,ppo,crawler,flat,obs_dth_tot_direct,,,,,,,,,,,,,,,-1.3557922157069022e-06,0,781,0.0,0.0,,,,,,,,,,,,,,,,,,,,,,,,,,,,,,,,,,,,,,,,,,,,,,,,,,,,,,,,,,,,,,,,,,,,,,,,,,nan,,,,,,,,,,,,,,,
1326,-1.947609782218933,-1.9476094166748226e-05,-0.0019476094166748226,13564.816155910492,10000,ppo,ppo,crawler,flat,obs_dth_tot_direct,,,,,,,,,,,,,,,-4.3744819951881674e-05,0,781,0.0,0.0,,,,,,,,,,,,,,,,,,,,,,,,,,,,,,,,,,,,,,,,,,,,,,,,,,,,,,,,,,,,,,,,,,,,,,,,,,nan,,,,,,,,,,,,,,,
1327,-0.14633488655090332,-1.4633403679908952e-06,-0.00014633403679908952,13574.721344470978,10000,ppo,ppo,crawler,flat,obs_dth_tot_direct,,,,,,,,,,,,,,,-9.81874072330404e-06,0,781,0.0,0.0,,,,,,,,,,,,,,,,,,,,,,,,,,,,,,,,,,,,,,,,,,,,,,,,,,,,,,,,,,,,,,,,,,,,,,,,,,nan,,,,,,,,,,,,,,,
1328,0.1838785856962204,1.8388051330475719e-06,0.0001838805133047572,13584.744562149048,10000,ppo,ppo,crawler,flat,obs_dth_tot_direct,,,,,,,,,,,,,,,-1.961279483977109e-06,0,781,0.0,0.0,,,,,,,,,,,,,,,,,,,,,,,,,,,,,,,,,,,,,,,,,,,,,,,,,,,,,,,,,,,,,,,,,,,,,,,,,,nan,,,,,,,,,,,,,,,
1329,-1.290619134902954,-1.2906142728752457e-05,-0.0012906142728752457,13594.858939647675,10000,ppo,ppo,crawler,flat,obs_dth_tot_direct,,,,,,,,,,,,,,,-5.5355123612700596e-05,0,781,0.0,0.0,,,,,,,,,,,,,,,,,,,,,,,,,,,,,,,,,,,,,,,,,,,,,,,,,,,,,,,,,,,,,,,,,,,,,,,,,,nan,,,,,,,,,,,,,,,
1330,-0.17463593184947968,-1.7463462427258492e-06,-0.00017463462427258492,13604.939423561096,10000,ppo,ppo,crawler,flat,obs_dth_tot_direct,,,,,,,,,,,,,,,-1.806222264882697e-05,0,781,0.0,0.0,,,,,,,,,,,,,,,,,,,,,,,,,,,,,,,,,,,,,,,,,,,,,,,,,,,,,,,,,,,,,,,,,,,,,,,,,,nan,,,,,,,,,,,,,,,
1331,0.7485580444335938,7.485601145162946e-06,0.0007485601145162946,13615.211394071579,10000,ppo,ppo,crawler,flat,obs_dth_tot_direct,,,,,,,,,,,,,,,0.0,0,781,0.0,0.0,,,,,,,,,,,,,,,,,,,,,,,,,,,,,,,,,,,,,,,,,,,,,,,,,,,,,,,,,,,,,,,,,,,,,,,,,,nan,,,,,,,,,,,,,,,
1332,0.21884356439113617,2.188465259678196e-06,0.00021884652596781962,13625.222403049469,10000,ppo,ppo,crawler,flat,obs_dth_tot_direct,,,,,,,,,,,,,,,-3.049475893321019e-05,0,781,0.0,0.0,,,,,,,,,,,,,,,,,,,,,,,,,,,,,,,,,,,,,,,,,,,,,,,,,,,,,,,,,,,,,,,,,,,,,,,,,,nan,,,,,,,,,,,,,,,
1333,0.48269662261009216,4.8270076149492525e-06,0.00048270076149492525,13635.19141793251,10000,ppo,ppo,crawler,flat,obs_dth_tot_direct,,,,,,,,,,,,,,,-5.815013236677448e-05,0,781,0.0,0.0,,,,,,,,,,,,,,,,,,,,,,,,,,,,,,,,,,,,,,,,,,,,,,,,,,,,,,,,,,,,,,,,,,,,,,,,,,nan,,,,,,,,,,,,,,,
1334,-0.4824351370334625,-4.824362349609146e-06,-0.0004824362349609146,13645.021031618118,10000,ppo,ppo,crawler,flat,obs_dth_tot_direct,,,,,,,,,,,,,,,0.0,0,781,0.0,0.0,,,,,,,,,,,,,,,,,,,,,,,,,,,,,,,,,,,,,,,,,,,,,,,,,,,,,,,,,,,,,,,,,,,,,,,,,,nan,,,,,,,,,,,,,,,
1335,0.2825082540512085,2.8250701689103153e-06,0.0002825070168910315,13655.084348201752,10000,ppo,ppo,crawler,flat,obs_dth_tot_direct,,,,,,,,,,,,,,,-6.919673068041075e-06,0,781,0.0,0.0,,,,,,,,,,,,,,,,,,,,,,,,,,,,,,,,,,,,,,,,,,,,,,,,,,,,,,,,,,,,,,,,,,,,,,,,,,nan,,,,,,,,,,,,,,,
1336,-1.1264150142669678,-1.1264135537203401e-05,-0.0011264135537203401,13665.196465969086,10000,ppo,ppo,crawler,flat,obs_dth_tot_direct,,,,,,,,,,,,,,,-1.4015065599113664e-05,0,781,0.0,0.0,,,,,,,,,,,,,,,,,,,,,,,,,,,,,,,,,,,,,,,,,,,,,,,,,,,,,,,,,,,,,,,,,,,,,,,,,,nan,,,,,,,,,,,,,,,
1337,-0.29102033376693726,-2.910210014306358e-06,-0.0002910210014306358,13674.937269449234,10000,ppo,ppo,crawler,flat,obs_dth_tot_direct,,,,,,,,,,,,,,,-6.544534069284435e-05,0,781,0.0,0.0,,,,,,,,,,,,,,,,,,,,,,,,,,,,,,,,,,,,,,,,,,,,,,,,,,,,,,,,,,,,,,,,,,,,,,,,,,nan,,,,,,,,,,,,,,,
1338,-0.9716488718986511,-9.716517524793744e-06,-0.0009716517524793744,13684.77209687233,10000,ppo,ppo,crawler,flat,obs_dth_tot_direct,,,,,,,,,,,,,,,-9.924916266708153e-06,0,781,0.0,0.0,,,,,,,,,,,,,,,,,,,,,,,,,,,,,,,,,,,,,,,,,,,,,,,,,,,,,,,,,,,,,,,,,,,,,,,,,,nan,,,,,,,,,,,,,,,
1339,-0.6985242962837219,-6.985198524489533e-06,-0.0006985198524489533,13694.625560998917,10000,ppo,ppo,crawler,flat,obs_dth_tot_direct,,,,,,,,,,,,,,,-0.04066324552637972,0,781,0.0,0.0,,,,,,,,,,,,,,,,,,,,,,,,,,,,,,,,,,,,,,,,,,,,,,,,,,,,,,,,,,,,,,,,,,,,,,,,,,nan,,,,,,,,,,,,,,,
1340,-1.1660631895065308,-1.1660620657494292e-05,-0.0011660620657494292,13704.30848455429,10000,ppo,ppo,crawler,flat,obs_dth_tot_direct,,,,,,,,,,,,,,,0.0,0,781,0.0,0.0,,,,,,,,,,,,,,,,,,,,,,,,,,,,,,,,,,,,,,,,,,,,,,,,,,,,,,,,,,,,,,,,,,,,,,,,,,nan,,,,,,,,,,,,,,,
1341,-0.5303016901016235,-5.302998033585027e-06,-0.0005302998033585027,13714.230915784836,10000,ppo,ppo,crawler,flat,obs_dth_tot_direct,,,,,,,,,,,,,,,-3.0153696920136026e-05,0,781,0.0,0.0,,,,,,,,,,,,,,,,,,,,,,,,,,,,,,,,,,,,,,,,,,,,,,,,,,,,,,,,,,,,,,,,,,,,,,,,,,nan,,,,,,,,,,,,,,,
1342,0.7247932553291321,7.2479351729271e-06,0.00072479351729271,13724.28959941864,10000,ppo,ppo,crawler,flat,obs_dth_tot_direct,,,,,,,,,,,,,,,-6.383026278698185e-05,0,781,0.0,0.0,,,,,,,,,,,,,,,,,,,,,,,,,,,,,,,,,,,,,,,,,,,,,,,,,,,,,,,,,,,,,,,,,,,,,,,,,,nan,,,,,,,,,,,,,,,
1343,0.2177131474018097,2.1771400042780442e-06,0.00021771400042780442,13734.369806528091,10000,ppo,ppo,crawler,flat,obs_dth_tot_direct,,,,,,,,,,,,,,,-0.000520894189440334,0,781,0.0,0.0,,,,,,,,,,,,,,,,,,,,,,,,,,,,,,,,,,,,,,,,,,,,,,,,,,,,,,,,,,,,,,,,,,,,,,,,,,nan,,,,,,,,,,,,,,,
1344,0.5073098540306091,5.073153261037078e-06,0.0005073153261037078,13744.317191839218,10000,ppo,ppo,crawler,flat,obs_dth_tot_direct,,,,,,,,,,,,,,,-1.3447882996325914e-05,0,781,0.0,0.0,,,,,,,,,,,,,,,,,,,,,,,,,,,,,,,,,,,,,,,,,,,,,,,,,,,,,,,,,,,,,,,,,,,,,,,,,,nan,,,,,,,,,,,,,,,
1345,-2.2852530479431152,-2.2852527763461694e-05,-0.0022852527763461694,13754.189297914505,10000,ppo,ppo,crawler,flat,obs_dth_tot_direct,,,,,,,,,,,,,,,-1.7604680920303553e-05,0,781,0.0,0.0,,,,,,,,,,,,,,,,,,,,,,,,,,,,,,,,,,,,,,,,,,,,,,,,,,,,,,,,,,,,,,,,,,,,,,,,,,nan,,,,,,,,,,,,,,,
1346,-0.07646417617797852,-7.646158337593079e-07,-7.646158337593079e-05,13764.143361330032,10000,ppo,ppo,crawler,flat,obs_dth_tot_direct,,,,,,,,,,,,,,,-1.763016529257258e-05,0,781,0.0,0.0,,,,,,,,,,,,,,,,,,,,,,,,,,,,,,,,,,,,,,,,,,,,,,,,,,,,,,,,,,,,,,,,,,,,,,,,,,nan,,,,,,,,,,,,,,,
1347,0.36138811707496643,3.613876515373704e-06,0.0003613876515373704,13774.065995931625,10000,ppo,ppo,crawler,flat,obs_dth_tot_direct,,,,,,,,,,,,,,,-0.00033940808554197853,0,781,0.0,0.0,,,,,,,,,,,,,,,,,,,,,,,,,,,,,,,,,,,,,,,,,,,,,,,,,,,,,,,,,,,,,,,,,,,,,,,,,,nan,,,,,,,,,,,,,,,
1348,-0.13888342678546906,-1.3888204648537794e-06,-0.00013888204648537794,13783.808089017868,10000,ppo,ppo,crawler,flat,obs_dth_tot_direct,,,,,,,,,,,,,,,0.0,0,781,0.0,0.0,,,,,,,,,,,,,,,,,,,,,,,,,,,,,,,,,,,,,,,,,,,,,,,,,,,,,,,,,,,,,,,,,,,,,,,,,,nan,,,,,,,,,,,,,,,
1349,0.015382480807602406,1.538546712254174e-07,1.538546712254174e-05,13793.878431081772,10000,ppo,ppo,crawler,flat,obs_dth_tot_direct,,,,,,,,,,,,,,,-2.4466353221754718e-05,0,781,0.0,0.0,,,,,,,,,,,,,,,,,,,,,,,,,,,,,,,,,,,,,,,,,,,,,,,,,,,,,,,,,,,,,,,,,,,,,,,,,,nan,,,,,,,,,,,,,,,
1350,0.3353213369846344,3.353236479597399e-06,0.0003353236479597399,13803.714246988297,10000,ppo,ppo,crawler,flat,obs_dth_tot_direct,,,,,,,,,,,,,,,-1.5093333227381053e-05,0,781,0.0,0.0,,,,,,,,,,,,,,,,,,,,,,,,,,,,,,,,,,,,,,,,,,,,,,,,,,,,,,,,,,,,,,,,,,,,,,,,,,nan,,,,,,,,,,,,,,,
1351,0.5521608591079712,5.521603725355817e-06,0.0005521603725355817,13813.473325252533,10000,ppo,ppo,crawler,flat,obs_dth_tot_direct,,,,,,,,,,,,,,,-0.04895186752185855,0,781,0.0,0.0,,,,,,,,,,,,,,,,,,,,,,,,,,,,,,,,,,,,,,,,,,,,,,,,,,,,,,,,,,,,,,,,,,,,,,,,,,nan,,,,,,,,,,,,,,,
1352,1.7219566106796265,1.7219585060956888e-05,0.0017219585060956888,13823.373802185059,10000,ppo,ppo,crawler,flat,obs_dth_tot_direct,,,,,,,,,,,,,,,0.0,0,781,0.0,0.0,,,,,,,,,,,,,,,,,,,,,,,,,,,,,,,,,,,,,,,,,,,,,,,,,,,,,,,,,,,,,,,,,,,,,,,,,,nan,,,,,,,,,,,,,,,
1353,1.172484040260315,1.1724893738573883e-05,0.0011724893738573883,13833.388300180435,10000,ppo,ppo,crawler,flat,obs_dth_tot_direct,,,,,,,,,,,,,,,-3.5048220378183373e-06,0,781,0.0,0.0,,,,,,,,,,,,,,,,,,,,,,,,,,,,,,,,,,,,,,,,,,,,,,,,,,,,,,,,,,,,,,,,,,,,,,,,,,nan,,,,,,,,,,,,,,,
1354,0.46414443850517273,4.641429768525995e-06,0.00046414297685259953,13843.067724227905,10000,ppo,ppo,crawler,flat,obs_dth_tot_direct,,,,,,,,,,,,,,,-1.3772740473591564e-05,0,781,0.0,0.0,,,,,,,,,,,,,,,,,,,,,,,,,,,,,,,,,,,,,,,,,,,,,,,,,,,,,,,,,,,,,,,,,,,,,,,,,,nan,,,,,,,,,,,,,,,
1355,0.02303309552371502,2.3035583751607192e-07,2.303558375160719e-05,13852.892969608307,10000,ppo,ppo,crawler,flat,obs_dth_tot_direct,,,,,,,,,,,,,,,5.693681700281541e-06,0,781,0.0,0.0,,,,,,,,,,,,,,,,,,,,,,,,,,,,,,,,,,,,,,,,,,,,,,,,,,,,,,,,,,,,,,,,,,,,,,,,,,nan,,,,,,,,,,,,,,,
1356,-0.6607991456985474,-6.6080083342967555e-06,-0.0006608008334296755,13862.565474033356,10000,ppo,ppo,crawler,flat,obs_dth_tot_direct,,,,,,,,,,,,,,,-1.7990328361985015e-05,0,781,0.0,0.0,,,,,,,,,,,,,,,,,,,,,,,,,,,,,,,,,,,,,,,,,,,,,,,,,,,,,,,,,,,,,,,,,,,,,,,,,,nan,,,,,,,,,,,,,,,
1357,0.2854335904121399,2.8543292955873767e-06,0.00028543292955873767,13872.349433422089,10000,ppo,ppo,crawler,flat,obs_dth_tot_direct,,,,,,,,,,,,,,,-0.014661859688748547,0,781,0.0,0.0,,,,,,,,,,,,,,,,,,,,,,,,,,,,,,,,,,,,,,,,,,,,,,,,,,,,,,,,,,,,,,,,,,,,,,,,,,nan,,,,,,,,,,,,,,,
1358,1.5674350261688232,1.5674413589295e-05,0.0015674413589295,13882.261996030807,10000,ppo,ppo,crawler,flat,obs_dth_tot_direct,,,,,,,,,,,,,,,-0.00015192568569268825,0,781,0.0,0.0,,,,,,,,,,,,,,,,,,,,,,,,,,,,,,,,,,,,,,,,,,,,,,,,,,,,,,,,,,,,,,,,,,,,,,,,,,nan,,,,,,,,,,,,,,,
1359,0.03580150753259659,3.5804882259071746e-07,3.5804882259071746e-05,13892.060814857483,10000,ppo,ppo,crawler,flat,obs_dth_tot_direct,,,,,,,,,,,,,,,0.0,0,781,0.0,0.0,,,,,,,,,,,,,,,,,,,,,,,,,,,,,,,,,,,,,,,,,,,,,,,,,,,,,,,,,,,,,,,,,,,,,,,,,,nan,,,,,,,,,,,,,,,
1360,-0.43873295187950134,-4.387310582387727e-06,-0.0004387310582387727,13901.738384962082,10000,ppo,ppo,crawler,flat,obs_dth_tot_direct,,,,,,,,,,,,,,,-6.508554371309952e-06,0,781,0.0,0.0,,,,,,,,,,,,,,,,,,,,,,,,,,,,,,,,,,,,,,,,,,,,,,,,,,,,,,,,,,,,,,,,,,,,,,,,,,nan,,,,,,,,,,,,,,,
1361,-0.07356726378202438,-7.356442210948444e-07,-7.356442210948444e-05,13911.653781414032,10000,ppo,ppo,crawler,flat,obs_dth_tot_direct,,,,,,,,,,,,,,,-0.0007873714440019274,0,781,0.0,0.0,,,,,,,,,,,,,,,,,,,,,,,,,,,,,,,,,,,,,,,,,,,,,,,,,,,,,,,,,,,,,,,,,,,,,,,,,,nan,,,,,,,,,,,,,,,
1362,0.11897783726453781,1.1897564036189578e-06,0.00011897564036189578,13921.355133771896,10000,ppo,ppo,crawler,flat,obs_dth_tot_direct,,,,,,,,,,,,,,,-3.629653248339701e-05,0,781,0.0,0.0,,,,,,,,,,,,,,,,,,,,,,,,,,,,,,,,,,,,,,,,,,,,,,,,,,,,,,,,,,,,,,,,,,,,,,,,,,nan,,,,,,,,,,,,,,,
1363,1.1991853713989258,1.1991882274742238e-05,0.0011991882274742238,13931.025284290314,10000,ppo,ppo,crawler,flat,obs_dth_tot_direct,,,,,,,,,,,,,,,0.0,0,781,0.0,0.0,,,,,,,,,,,,,,,,,,,,,,,,,,,,,,,,,,,,,,,,,,,,,,,,,,,,,,,,,,,,,,,,,,,,,,,,,,nan,,,,,,,,,,,,,,,
1364,1.557605266571045,1.557607902213931e-05,0.001557607902213931,13941.111732959747,10000,ppo,ppo,crawler,flat,obs_dth_tot_direct,,,,,,,,,,,,,,,-0.000273506028312956,0,781,0.0,0.0,,,,,,,,,,,,,,,,,,,,,,,,,,,,,,,,,,,,,,,,,,,,,,,,,,,,,,,,,,,,,,,,,,,,,,,,,,nan,,,,,,,,,,,,,,,
1365,0.34641313552856445,3.4641734600882046e-06,0.00034641734600882046,13950.895774364471,10000,ppo,ppo,crawler,flat,obs_dth_tot_direct,,,,,,,,,,,,,,,0.0,0,781,0.0,0.0,,,,,,,,,,,,,,,,,,,,,,,,,,,,,,,,,,,,,,,,,,,,,,,,,,,,,,,,,,,,,,,,,,,,,,,,,,nan,,,,,,,,,,,,,,,
1366,-0.24205422401428223,-2.420490091026295e-06,-0.0002420490091026295,13960.547471761703,10000,ppo,ppo,crawler,flat,obs_dth_tot_direct,,,,,,,,,,,,,,,-6.970318651993052e-06,0,781,0.0,0.0,,,,,,,,,,,,,,,,,,,,,,,,,,,,,,,,,,,,,,,,,,,,,,,,,,,,,,,,,,,,,,,,,,,,,,,,,,nan,,,,,,,,,,,,,,,
1367,1.7592734098434448,1.759277620294597e-05,0.001759277620294597,13970.364831447601,10000,ppo,ppo,crawler,flat,obs_dth_tot_direct,,,,,,,,,,,,,,,-0.0001126444110320106,0,781,0.0,0.0,,,,,,,,,,,,,,,,,,,,,,,,,,,,,,,,,,,,,,,,,,,,,,,,,,,,,,,,,,,,,,,,,,,,,,,,,,nan,,,,,,,,,,,,,,,
1368,-0.06508844345808029,-6.50852143735392e-07,-6.50852143735392e-05,13980.321026563644,10000,ppo,ppo,crawler,flat,obs_dth_tot_direct,,,,,,,,,,,,,,,-0.0021732324274035025,0,781,0.0,0.0,,,,,,,,,,,,,,,,,,,,,,,,,,,,,,,,,,,,,,,,,,,,,,,,,,,,,,,,,,,,,,,,,,,,,,,,,,nan,,,,,,,,,,,,,,,
1369,0.6856793761253357,6.8568315327866e-06,0.00068568315327866,13989.932256221771,10000,ppo,ppo,crawler,flat,obs_dth_tot_direct,,,,,,,,,,,,,,,0.0,0,781,0.0,0.0,,,,,,,,,,,,,,,,,,,,,,,,,,,,,,,,,,,,,,,,,,,,,,,,,,,,,,,,,,,,,,,,,,,,,,,,,,nan,,,,,,,,,,,,,,,
1370,0.7785097360610962,7.785139132465702e-06,0.0007785139132465702,13999.861382961273,10000,ppo,ppo,crawler,flat,obs_dth_tot_direct,,,,,,,,,,,,,,,-1.1843452695160914e-05,0,781,0.0,0.0,,,,,,,,,,,,,,,,,,,,,,,,,,,,,,,,,,,,,,,,,,,,,,,,,,,,,,,,,,,,,,,,,,,,,,,,,,nan,,,,,,,,,,,,,,,
1371,0.19456730782985687,1.945682924997527e-06,0.00019456829249975272,14009.709069013596,10000,ppo,ppo,crawler,flat,obs_dth_tot_direct,,,,,,,,,,,,,,,0.0,0,781,0.0,0.0,,,,,,,,,,,,,,,,,,,,,,,,,,,,,,,,,,,,,,,,,,,,,,,,,,,,,,,,,,,,,,,,,,,,,,,,,,nan,,,,,,,,,,,,,,,
1372,-1.2890589237213135,-1.2890584002889227e-05,-0.0012890584002889227,14019.670840501785,10000,ppo,ppo,crawler,flat,obs_dth_tot_direct,,,,,,,,,,,,,,,-0.0020618910284739144,0,781,0.0,0.0,,,,,,,,,,,,,,,,,,,,,,,,,,,,,,,,,,,,,,,,,,,,,,,,,,,,,,,,,,,,,,,,,,,,,,,,,,nan,,,,,,,,,,,,,,,
1373,-0.9944890141487122,-9.9448780019884e-06,-0.00099448780019884,14029.596068620682,10000,ppo,ppo,crawler,flat,obs_dth_tot_direct,,,,,,,,,,,,,,,-3.2136591196670726e-06,0,781,0.0,0.0,,,,,,,,,,,,,,,,,,,,,,,,,,,,,,,,,,,,,,,,,,,,,,,,,,,,,,,,,,,,,,,,,,,,,,,,,,nan,,,,,,,,,,,,,,,
1374,0.2830072343349457,2.830061475833645e-06,0.0002830061475833645,14039.278092384338,10000,ppo,ppo,crawler,flat,obs_dth_tot_direct,,,,,,,,,,,,,,,0.0,0,781,0.0,0.0,,,,,,,,,,,,,,,,,,,,,,,,,,,,,,,,,,,,,,,,,,,,,,,,,,,,,,,,,,,,,,,,,,,,,,,,,,nan,,,,,,,,,,,,,,,
1375,0.08944549411535263,8.944911655817123e-07,8.944911655817123e-05,14049.33396077156,10000,ppo,ppo,crawler,flat,obs_dth_tot_direct,,,,,,,,,,,,,,,-1.2699568288808596e-05,0,781,0.0,0.0,,,,,,,,,,,,,,,,,,,,,,,,,,,,,,,,,,,,,,,,,,,,,,,,,,,,,,,,,,,,,,,,,,,,,,,,,,nan,,,,,,,,,,,,,,,
1376,-1.4489902257919312,-1.4489920431515202e-05,-0.0014489920431515202,14059.116885662079,10000,ppo,ppo,crawler,flat,obs_dth_tot_direct,,,,,,,,,,,,,,,-0.0004501246612294841,0,781,0.0,0.0,,,,,,,,,,,,,,,,,,,,,,,,,,,,,,,,,,,,,,,,,,,,,,,,,,,,,,,,,,,,,,,,,,,,,,,,,,nan,,,,,,,,,,,,,,,
1377,1.4174250364303589,1.4174273019307293e-05,0.0014174273019307293,14068.870735168457,10000,ppo,ppo,crawler,flat,obs_dth_tot_direct,,,,,,,,,,,,,,,0.0,0,781,0.0,0.0,,,,,,,,,,,,,,,,,,,,,,,,,,,,,,,,,,,,,,,,,,,,,,,,,,,,,,,,,,,,,,,,,,,,,,,,,,nan,,,,,,,,,,,,,,,
1378,1.2109599113464355,1.2109588169550989e-05,0.0012109588169550989,14078.762055635452,10000,ppo,ppo,crawler,flat,obs_dth_tot_direct,,,,,,,,,,,,,,,-0.0011857721940274429,0,781,0.0,0.0,,,,,,,,,,,,,,,,,,,,,,,,,,,,,,,,,,,,,,,,,,,,,,,,,,,,,,,,,,,,,,,,,,,,,,,,,,nan,,,,,,,,,,,,,,,
1379,-0.8429660797119141,-8.429681656707544e-06,-0.0008429681656707544,14088.690603971481,10000,ppo,ppo,crawler,flat,obs_dth_tot_direct,,,,,,,,,,,,,,,-1.5161955364229736e-06,0,781,0.0,0.0,,,,,,,,,,,,,,,,,,,,,,,,,,,,,,,,,,,,,,,,,,,,,,,,,,,,,,,,,,,,,,,,,,,,,,,,,,nan,,,,,,,,,,,,,,,
1380,-0.06720492988824844,-6.720085252709396e-07,-6.720085252709396e-05,14098.351339817047,10000,ppo,ppo,crawler,flat,obs_dth_tot_direct,,,,,,,,,,,,,,,-0.0005135355331242161,0,781,0.0,0.0,,,,,,,,,,,,,,,,,,,,,,,,,,,,,,,,,,,,,,,,,,,,,,,,,,,,,,,,,,,,,,,,,,,,,,,,,,nan,,,,,,,,,,,,,,,
1381,-0.7906592488288879,-7.906574865046423e-06,-0.0007906574865046423,14108.222110509872,10000,ppo,ppo,crawler,flat,obs_dth_tot_direct,,,,,,,,,,,,,,,-3.2634091552790543e-07,0,781,0.0,0.0,,,,,,,,,,,,,,,,,,,,,,,,,,,,,,,,,,,,,,,,,,,,,,,,,,,,,,,,,,,,,,,,,,,,,,,,,,nan,,,,,,,,,,,,,,,
1382,0.05732765421271324,5.732824206461373e-07,5.732824206461373e-05,14118.305256843567,10000,ppo,ppo,crawler,flat,obs_dth_tot_direct,,,,,,,,,,,,,,,-1.3012285183318599e-05,0,781,0.0,0.0,,,,,,,,,,,,,,,,,,,,,,,,,,,,,,,,,,,,,,,,,,,,,,,,,,,,,,,,,,,,,,,,,,,,,,,,,,nan,,,,,,,,,,,,,,,
1383,0.2492356151342392,2.492387693564524e-06,0.0002492387693564524,14127.978729963303,10000,ppo,ppo,crawler,flat,obs_dth_tot_direct,,,,,,,,,,,,,,,-0.00017102188627484818,0,781,0.0,0.0,,,,,,,,,,,,,,,,,,,,,,,,,,,,,,,,,,,,,,,,,,,,,,,,,,,,,,,,,,,,,,,,,,,,,,,,,,nan,,,,,,,,,,,,,,,
1384,-0.3289068639278412,-3.289052756372257e-06,-0.0003289052756372257,14137.802915334702,10000,ppo,ppo,crawler,flat,obs_dth_tot_direct,,,,,,,,,,,,,,,-1.3134832208959454e-06,0,781,0.0,0.0,,,,,,,,,,,,,,,,,,,,,,,,,,,,,,,,,,,,,,,,,,,,,,,,,,,,,,,,,,,,,,,,,,,,,,,,,,nan,,,,,,,,,,,,,,,
1385,1.1693073511123657,1.1693101441778708e-05,0.0011693101441778708,14147.800651311874,10000,ppo,ppo,crawler,flat,obs_dth_tot_direct,,,,,,,,,,,,,,,-0.0015964455301569304,0,781,0.0,0.0,,,,,,,,,,,,,,,,,,,,,,,,,,,,,,,,,,,,,,,,,,,,,,,,,,,,,,,,,,,,,,,,,,,,,,,,,,nan,,,,,,,,,,,,,,,
1386,-0.8208329081535339,-8.208363396988716e-06,-0.0008208363396988716,14157.667717456818,10000,ppo,ppo,crawler,flat,obs_dth_tot_direct,,,,,,,,,,,,,,,0.0,0,781,0.0,0.0,,,,,,,,,,,,,,,,,,,,,,,,,,,,,,,,,,,,,,,,,,,,,,,,,,,,,,,,,,,,,,,,,,,,,,,,,,nan,,,,,,,,,,,,,,,
1387,0.09309382736682892,9.309522397416004e-07,9.309522397416004e-05,14167.407989501953,10000,ppo,ppo,crawler,flat,obs_dth_tot_direct,,,,,,,,,,,,,,,-2.278892917227043e-05,0,781,0.0,0.0,,,,,,,,,,,,,,,,,,,,,,,,,,,,,,,,,,,,,,,,,,,,,,,,,,,,,,,,,,,,,,,,,,,,,,,,,,nan,,,,,,,,,,,,,,,
1388,-0.4825457036495209,-4.825456471735379e-06,-0.00048254564717353787,14177.424191951752,10000,ppo,ppo,crawler,flat,obs_dth_tot_direct,,,,,,,,,,,,,,,0.0,0,781,0.0,0.0,,,,,,,,,,,,,,,,,,,,,,,,,,,,,,,,,,,,,,,,,,,,,,,,,,,,,,,,,,,,,,,,,,,,,,,,,,nan,,,,,,,,,,,,,,,
1389,-2.268388509750366,-2.2683903807774186e-05,-0.0022683903807774186,14187.094422340393,10000,ppo,ppo,crawler,flat,obs_dth_tot_direct,,,,,,,,,,,,,,,-2.0168360356103136e-05,0,781,0.0,0.0,,,,,,,,,,,,,,,,,,,,,,,,,,,,,,,,,,,,,,,,,,,,,,,,,,,,,,,,,,,,,,,,,,,,,,,,,,nan,,,,,,,,,,,,,,,
1390,-0.46910983324050903,-4.691054073191481e-06,-0.00046910540731914807,14197.085296154022,10000,ppo,ppo,crawler,flat,obs_dth_tot_direct,,,,,,,,,,,,,,,-0.0036027581942543177,0,781,0.0,0.0,,,,,,,,,,,,,,,,,,,,,,,,,,,,,,,,,,,,,,,,,,,,,,,,,,,,,,,,,,,,,,,,,,,,,,,,,,nan,,,,,,,,,,,,,,,
1391,0.21873851120471954,2.1873804598726565e-06,0.00021873804598726565,14206.95058465004,10000,ppo,ppo,crawler,flat,obs_dth_tot_direct,,,,,,,,,,,,,,,0.0,0,781,0.0,0.0,,,,,,,,,,,,,,,,,,,,,,,,,,,,,,,,,,,,,,,,,,,,,,,,,,,,,,,,,,,,,,,,,,,,,,,,,,nan,,,,,,,,,,,,,,,
1392,0.48452743887901306,4.845272542297607e-06,0.00048452725422976073,14216.640511751175,10000,ppo,ppo,crawler,flat,obs_dth_tot_direct,,,,,,,,,,,,,,,-0.00017615124015626468,0,781,0.0,0.0,,,,,,,,,,,,,,,,,,,,,,,,,,,,,,,,,,,,,,,,,,,,,,,,,,,,,,,,,,,,,,,,,,,,,,,,,,nan,,,,,,,,,,,,,,,
1393,0.6087638139724731,6.087615929573076e-06,0.0006087615929573076,14226.50177192688,10000,ppo,ppo,crawler,flat,obs_dth_tot_direct,,,,,,,,,,,,,,,-1.3685409604510944e-06,0,781,0.0,0.0,,,,,,,,,,,,,,,,,,,,,,,,,,,,,,,,,,,,,,,,,,,,,,,,,,,,,,,,,,,,,,,,,,,,,,,,,,nan,,,,,,,,,,,,,,,
1394,-0.9667010307312012,-9.667020094639156e-06,-0.0009667020094639156,14236.603493452072,10000,ppo,ppo,crawler,flat,obs_dth_tot_direct,,,,,,,,,,,,,,,-2.492400346545648e-05,0,781,0.0,0.0,,,,,,,,,,,,,,,,,,,,,,,,,,,,,,,,,,,,,,,,,,,,,,,,,,,,,,,,,,,,,,,,,,,,,,,,,,nan,,,,,,,,,,,,,,,
1395,-0.6973220705986023,-6.973199560889043e-06,-0.0006973199560889043,14246.35505437851,10000,ppo,ppo,crawler,flat,obs_dth_tot_direct,,,,,,,,,,,,,,,-9.861593367233777e-05,0,781,0.0,0.0,,,,,,,,,,,,,,,,,,,,,,,,,,,,,,,,,,,,,,,,,,,,,,,,,,,,,,,,,,,,,,,,,,,,,,,,,,nan,,,,,,,,,,,,,,,
1396,0.01705021969974041,1.7053028500413348e-07,1.7053028500413348e-05,14256.382335186005,10000,ppo,ppo,crawler,flat,obs_dth_tot_direct,,,,,,,,,,,,,,,0.0,0,781,0.0,0.0,,,,,,,,,,,,,,,,,,,,,,,,,,,,,,,,,,,,,,,,,,,,,,,,,,,,,,,,,,,,,,,,,,,,,,,,,,nan,,,,,,,,,,,,,,,
1397,-0.9231922030448914,-9.231899639416952e-06,-0.0009231899639416952,14266.435425281525,10000,ppo,ppo,crawler,flat,obs_dth_tot_direct,,,,,,,,,,,,,,,-1.487509370155432e-06,0,781,0.0,0.0,,,,,,,,,,,,,,,,,,,,,,,,,,,,,,,,,,,,,,,,,,,,,,,,,,,,,,,,,,,,,,,,,,,,,,,,,,nan,,,,,,,,,,,,,,,
1398,-0.5036458373069763,-5.036446509620873e-06,-0.0005036446509620873,14276.24698805809,10000,ppo,ppo,crawler,flat,obs_dth_tot_direct,,,,,,,,,,,,,,,-3.9225240284517386e-05,0,781,0.0,0.0,,,,,,,,,,,,,,,,,,,,,,,,,,,,,,,,,,,,,,,,,,,,,,,,,,,,,,,,,,,,,,,,,,,,,,,,,,nan,,,,,,,,,,,,,,,
1399,-1.485643982887268,-1.4856436791887973e-05,-0.0014856436791887973,14286.033127784729,10000,ppo,ppo,crawler,flat,obs_dth_tot_direct,,,,,,,,,,,,,,,-0.0004789177972284383,0,781,0.0,0.0,,,,,,,,,,,,,,,,,,,,,,,,,,,,,,,,,,,,,,,,,,,,,,,,,,,,,,,,,,,,,,,,,,,,,,,,,,nan,,,,,,,,,,,,,,,
1400,0.12402553856372833,1.2402940683386987e-06,0.00012402940683386987,14295.799559354782,10000,ppo,ppo,crawler,flat,obs_dth_tot_direct,,,,,,,,,,,,,,,0.0,0,781,0.0,0.0,,,,,,,,,,,,,,,,,,,,,,,,,,,,,,,,,,,,,,,,,,,,,,,,,,,,,,,,,,,,,,,,,,,,,,,,,,nan,,,,,,,,,,,,,,,
1401,-0.10891347378492355,-1.0891354804698494e-06,-0.00010891354804698494,14305.703800916672,10000,ppo,ppo,crawler,flat,obs_dth_tot_direct,,,,,,,,,,,,,,,-4.465728711990327e-06,0,781,0.0,0.0,,,,,,,,,,,,,,,,,,,,,,,,,,,,,,,,,,,,,,,,,,,,,,,,,,,,,,,,,,,,,,,,,,,,,,,,,,nan,,,,,,,,,,,,,,,
1402,-0.06260900944471359,-6.260682425818231e-07,-6.260682425818231e-05,14315.625715732574,10000,ppo,ppo,crawler,flat,obs_dth_tot_direct,,,,,,,,,,,,,,,-4.048718356559585e-05,0,781,0.0,0.0,,,,,,,,,,,,,,,,,,,,,,,,,,,,,,,,,,,,,,,,,,,,,,,,,,,,,,,,,,,,,,,,,,,,,,,,,,nan,,,,,,,,,,,,,,,
1403,1.0551413297653198,1.055144275596831e-05,0.001055144275596831,14325.352734804153,10000,ppo,ppo,crawler,flat,obs_dth_tot_direct,,,,,,,,,,,,,,,-8.031780737310305e-06,0,781,0.0,0.0,,,,,,,,,,,,,,,,,,,,,,,,,,,,,,,,,,,,,,,,,,,,,,,,,,,,,,,,,,,,,,,,,,,,,,,,,,nan,,,,,,,,,,,,,,,
1404,0.7597156763076782,7.597179319418501e-06,0.0007597179319418501,14335.06916975975,10000,ppo,ppo,crawler,flat,obs_dth_tot_direct,,,,,,,,,,,,,,,-1.0335883519179384e-05,0,781,0.0,0.0,,,,,,,,,,,,,,,,,,,,,,,,,,,,,,,,,,,,,,,,,,,,,,,,,,,,,,,,,,,,,,,,,,,,,,,,,,nan,,,,,,,,,,,,,,,
1405,0.19838504493236542,1.983851461773156e-06,0.00019838514617731562,14344.980741024017,10000,ppo,ppo,crawler,flat,obs_dth_tot_direct,,,,,,,,,,,,,,,0.0,0,781,0.0,0.0,,,,,,,,,,,,,,,,,,,,,,,,,,,,,,,,,,,,,,,,,,,,,,,,,,,,,,,,,,,,,,,,,,,,,,,,,,nan,,,,,,,,,,,,,,,
1406,0.5022048354148865,5.022075583838159e-06,0.0005022075583838159,14354.564936161041,10000,ppo,ppo,crawler,flat,obs_dth_tot_direct,,,,,,,,,,,,,,,-2.8965765760589045e-06,0,781,0.0,0.0,,,,,,,,,,,,,,,,,,,,,,,,,,,,,,,,,,,,,,,,,,,,,,,,,,,,,,,,,,,,,,,,,,,,,,,,,,nan,,,,,,,,,,,,,,,
1407,0.42289668321609497,4.228971647535218e-06,0.0004228971647535218,14364.409120559692,10000,ppo,ppo,crawler,flat,obs_dth_tot_direct,,,,,,,,,,,,,,,-0.02614202741748163,0,781,0.0,0.0,,,,,,,,,,,,,,,,,,,,,,,,,,,,,,,,,,,,,,,,,,,,,,,,,,,,,,,,,,,,,,,,,,,,,,,,,,nan,,,,,,,,,,,,,,,
1408,0.3027831017971039,3.0278331450972473e-06,0.00030278331450972473,14374.317904949188,10000,ppo,ppo,crawler,flat,obs_dth_tot_direct,,,,,,,,,,,,,,,0.0,0,781,0.0,0.0,,,,,,,,,,,,,,,,,,,,,,,,,,,,,,,,,,,,,,,,,,,,,,,,,,,,,,,,,,,,,,,,,,,,,,,,,,nan,,,,,,,,,,,,,,,
1409,0.8005239367485046,8.005235940800048e-06,0.0008005235940800048,14383.963962554932,10000,ppo,ppo,crawler,flat,obs_dth_tot_direct,,,,,,,,,,,,,,,-0.00011316534231933223,0,781,0.0,0.0,,,,,,,,,,,,,,,,,,,,,,,,,,,,,,,,,,,,,,,,,,,,,,,,,,,,,,,,,,,,,,,,,,,,,,,,,,nan,,,,,,,,,,,,,,,
1410,-0.9188836216926575,-9.188841431750916e-06,-0.0009188841431750916,14393.85736131668,10000,ppo,ppo,crawler,flat,obs_dth_tot_direct,,,,,,,,,,,,,,,-1.23543540795695e-05,0,781,0.0,0.0,,,,,,,,,,,,,,,,,,,,,,,,,,,,,,,,,,,,,,,,,,,,,,,,,,,,,,,,,,,,,,,,,,,,,,,,,,nan,,,,,,,,,,,,,,,
1411,0.5121203660964966,5.121235517435707e-06,0.0005121235517435707,14403.609158754349,10000,ppo,ppo,crawler,flat,obs_dth_tot_direct,,,,,,,,,,,,,,,-5.6176200728486654e-05,0,781,0.0,0.0,,,,,,,,,,,,,,,,,,,,,,,,,,,,,,,,,,,,,,,,,,,,,,,,,,,,,,,,,,,,,,,,,,,,,,,,,,nan,,,,,,,,,,,,,,,
1412,-0.057858943939208984,-5.785948360426119e-07,-5.7859483604261186e-05,14413.346048355103,10000,ppo,ppo,crawler,flat,obs_dth_tot_direct,,,,,,,,,,,,,,,-0.0068021181150412285,0,781,0.0,0.0,,,,,,,,,,,,,,,,,,,,,,,,,,,,,,,,,,,,,,,,,,,,,,,,,,,,,,,,,,,,,,,,,,,,,,,,,,nan,,,,,,,,,,,,,,,
1413,0.5567346215248108,5.567343123402679e-06,0.0005567343123402679,14423.145476818085,10000,ppo,ppo,crawler,flat,obs_dth_tot_direct,,,,,,,,,,,,,,,0.0,0,781,0.0,0.0,,,,,,,,,,,,,,,,,,,,,,,,,,,,,,,,,,,,,,,,,,,,,,,,,,,,,,,,,,,,,,,,,,,,,,,,,,nan,,,,,,,,,,,,,,,
1414,0.21230962872505188,2.123110334650846e-06,0.00021231103346508462,14432.949513912201,10000,ppo,ppo,crawler,flat,obs_dth_tot_direct,,,,,,,,,,,,,,,-6.845343748295964e-06,0,781,0.0,0.0,,,,,,,,,,,,,,,,,,,,,,,,,,,,,,,,,,,,,,,,,,,,,,,,,,,,,,,,,,,,,,,,,,,,,,,,,,nan,,,,,,,,,,,,,,,
1415,-0.6969377994537354,-6.969374226173386e-06,-0.0006969374226173386,14442.911868810654,10000,ppo,ppo,crawler,flat,obs_dth_tot_direct,,,,,,,,,,,,,,,-4.046392435072021e-05,0,781,0.0,0.0,,,,,,,,,,,,,,,,,,,,,,,,,,,,,,,,,,,,,,,,,,,,,,,,,,,,,,,,,,,,,,,,,,,,,,,,,,nan,,,,,,,,,,,,,,,
1416,0.3385942876338959,3.3859598715935135e-06,0.00033859598715935135,14452.86353111267,10000,ppo,ppo,crawler,flat,obs_dth_tot_direct,,,,,,,,,,,,,,,-1.1240221588620761e-05,0,781,0.0,0.0,,,,,,,,,,,,,,,,,,,,,,,,,,,,,,,,,,,,,,,,,,,,,,,,,,,,,,,,,,,,,,,,,,,,,,,,,,nan,,,,,,,,,,,,,,,
1417,-0.6042622327804565,-6.042600034561474e-06,-0.0006042600034561474,14462.634078502655,10000,ppo,ppo,crawler,flat,obs_dth_tot_direct,,,,,,,,,,,,,,,-8.758283893979619e-06,0,781,0.0,0.0,,,,,,,,,,,,,,,,,,,,,,,,,,,,,,,,,,,,,,,,,,,,,,,,,,,,,,,,,,,,,,,,,,,,,,,,,,nan,,,,,,,,,,,,,,,
1418,0.018242789432406425,1.824357553914524e-07,1.824357553914524e-05,14472.365640640259,10000,ppo,ppo,crawler,flat,obs_dth_tot_direct,,,,,,,,,,,,,,,-0.0007581409167083369,0,781,0.0,0.0,,,,,,,,,,,,,,,,,,,,,,,,,,,,,,,,,,,,,,,,,,,,,,,,,,,,,,,,,,,,,,,,,,,,,,,,,,nan,,,,,,,,,,,,,,,
1419,-0.6295782923698425,-6.2957897171145305e-06,-0.000629578971711453,14482.41785812378,10000,ppo,ppo,crawler,flat,obs_dth_tot_direct,,,,,,,,,,,,,,,-1.5052688926954429e-05,0,781,0.0,0.0,,,,,,,,,,,,,,,,,,,,,,,,,,,,,,,,,,,,,,,,,,,,,,,,,,,,,,,,,,,,,,,,,,,,,,,,,,nan,,,,,,,,,,,,,,,
1420,-0.36905938386917114,-3.69059989679954e-06,-0.000369059989679954,14492.224981546402,10000,ppo,ppo,crawler,flat,obs_dth_tot_direct,,,,,,,,,,,,,,,-0.0005554101559859385,0,781,0.0,0.0,,,,,,,,,,,,,,,,,,,,,,,,,,,,,,,,,,,,,,,,,,,,,,,,,,,,,,,,,,,,,,,,,,,,,,,,,,nan,,,,,,,,,,,,,,,
1421,0.38954979181289673,3.895529971487122e-06,0.00038955299714871217,14501.937982797623,10000,ppo,ppo,crawler,flat,obs_dth_tot_direct,,,,,,,,,,,,,,,0.0,0,781,0.0,0.0,,,,,,,,,,,,,,,,,,,,,,,,,,,,,,,,,,,,,,,,,,,,,,,,,,,,,,,,,,,,,,,,,,,,,,,,,,nan,,,,,,,,,,,,,,,
1422,-0.5783199667930603,-5.783227607025765e-06,-0.0005783227607025765,14511.827563762665,10000,ppo,ppo,crawler,flat,obs_dth_tot_direct,,,,,,,,,,,,,,,-6.013969615311689e-06,0,781,0.0,0.0,,,,,,,,,,,,,,,,,,,,,,,,,,,,,,,,,,,,,,,,,,,,,,,,,,,,,,,,,,,,,,,,,,,,,,,,,,nan,,,,,,,,,,,,,,,
1423,-0.2465059757232666,-2.4650564682815457e-06,-0.00024650564682815457,14521.799380540848,10000,ppo,ppo,crawler,flat,obs_dth_tot_direct,,,,,,,,,,,,,,,-4.4209877847098815e-05,0,781,0.0,0.0,,,,,,,,,,,,,,,,,,,,,,,,,,,,,,,,,,,,,,,,,,,,,,,,,,,,,,,,,,,,,,,,,,,,,,,,,,nan,,,,,,,,,,,,,,,
1424,0.08160605281591415,8.160994298123114e-07,8.160994298123114e-05,14531.483174800873,10000,ppo,ppo,crawler,flat,obs_dth_tot_direct,,,,,,,,,,,,,,,-0.0004546186623190948,0,781,0.0,0.0,,,,,,,,,,,,,,,,,,,,,,,,,,,,,,,,,,,,,,,,,,,,,,,,,,,,,,,,,,,,,,,,,,,,,,,,,,nan,,,,,,,,,,,,,,,
1425,-0.0008294582366943359,-8.27624457855336e-09,-8.27624457855336e-07,14541.391481637955,10000,ppo,ppo,crawler,flat,obs_dth_tot_direct,,,,,,,,,,,,,,,0.0,0,781,0.0,0.0,,,,,,,,,,,,,,,,,,,,,,,,,,,,,,,,,,,,,,,,,,,,,,,,,,,,,,,,,,,,,,,,,,,,,,,,,,nan,,,,,,,,,,,,,,,
1426,0.7648676633834839,7.64869855629513e-06,0.000764869855629513,14551.165274620056,10000,ppo,ppo,crawler,flat,obs_dth_tot_direct,,,,,,,,,,,,,,,-0.001288399614260154,0,781,0.0,0.0,,,,,,,,,,,,,,,,,,,,,,,,,,,,,,,,,,,,,,,,,,,,,,,,,,,,,,,,,,,,,,,,,,,,,,,,,,nan,,,,,,,,,,,,,,,
1427,-0.3978656232357025,-3.9786050365364645e-06,-0.00039786050365364645,14561.122389793396,10000,ppo,ppo,crawler,flat,obs_dth_tot_direct,,,,,,,,,,,,,,,-7.611481179501122e-07,0,781,0.0,0.0,,,,,,,,,,,,,,,,,,,,,,,,,,,,,,,,,,,,,,,,,,,,,,,,,,,,,,,,,,,,,,,,,,,,,,,,,,nan,,,,,,,,,,,,,,,
1428,1.2464040517807007,1.2464042811188847e-05,0.0012464042811188847,14570.979708194733,10000,ppo,ppo,crawler,flat,obs_dth_tot_direct,,,,,,,,,,,,,,,-0.0008072073627430254,0,781,0.0,0.0,,,,,,,,,,,,,,,,,,,,,,,,,,,,,,,,,,,,,,,,,,,,,,,,,,,,,,,,,,,,,,,,,,,,,,,,,,nan,,,,,,,,,,,,,,,
1429,0.5570207238197327,5.570184384851018e-06,0.0005570184384851018,14580.801958560944,10000,ppo,ppo,crawler,flat,obs_dth_tot_direct,,,,,,,,,,,,,,,-2.6529307850420702e-05,0,781,0.0,0.0,,,,,,,,,,,,,,,,,,,,,,,,,,,,,,,,,,,,,,,,,,,,,,,,,,,,,,,,,,,,,,,,,,,,,,,,,,nan,,,,,,,,,,,,,,,
1430,0.5917877554893494,5.917924681853037e-06,0.0005917924681853037,14590.909135103226,10000,ppo,ppo,crawler,flat,obs_dth_tot_direct,,,,,,,,,,,,,,,-4.8701278149852675e-06,0,781,0.0,0.0,,,,,,,,,,,,,,,,,,,,,,,,,,,,,,,,,,,,,,,,,,,,,,,,,,,,,,,,,,,,,,,,,,,,,,,,,,nan,,,,,,,,,,,,,,,
1431,0.28362423181533813,2.8362669581838418e-06,0.0002836266958183842,14600.788221597672,10000,ppo,ppo,crawler,flat,obs_dth_tot_direct,,,,,,,,,,,,,,,-9.728343406079215e-05,0,781,0.0,0.0,,,,,,,,,,,,,,,,,,,,,,,,,,,,,,,,,,,,,,,,,,,,,,,,,,,,,,,,,,,,,,,,,,,,,,,,,,nan,,,,,,,,,,,,,,,
1432,-0.5111683011054993,-5.111642167321406e-06,-0.0005111642167321406,14610.450537443161,10000,ppo,ppo,crawler,flat,obs_dth_tot_direct,,,,,,,,,,,,,,,-0.01428422118834054,0,781,0.0,0.0,,,,,,,,,,,,,,,,,,,,,,,,,,,,,,,,,,,,,,,,,,,,,,,,,,,,,,,,,,,,,,,,,,,,,,,,,,nan,,,,,,,,,,,,,,,
1433,-0.7290870547294617,-7.290854227903765e-06,-0.0007290854227903765,14620.380759477615,10000,ppo,ppo,crawler,flat,obs_dth_tot_direct,,,,,,,,,,,,,,,0.0,0,781,0.0,0.0,,,,,,,,,,,,,,,,,,,,,,,,,,,,,,,,,,,,,,,,,,,,,,,,,,,,,,,,,,,,,,,,,,,,,,,,,,nan,,,,,,,,,,,,,,,
1434,0.5623335242271423,5.623385732178576e-06,0.0005623385732178576,14630.408012628555,10000,ppo,ppo,crawler,flat,obs_dth_tot_direct,,,,,,,,,,,,,,,-7.242108868117828e-05,0,781,0.0,0.0,,,,,,,,,,,,,,,,,,,,,,,,,,,,,,,,,,,,,,,,,,,,,,,,,,,,,,,,,,,,,,,,,,,,,,,,,,nan,,,,,,,,,,,,,,,
1435,0.29374954104423523,2.9375296435318887e-06,0.00029375296435318887,14640.199313879013,10000,ppo,ppo,crawler,flat,obs_dth_tot_direct,,,,,,,,,,,,,,,-6.0949981374792495e-05,0,781,0.0,0.0,,,,,,,,,,,,,,,,,,,,,,,,,,,,,,,,,,,,,,,,,,,,,,,,,,,,,,,,,,,,,,,,,,,,,,,,,,nan,,,,,,,,,,,,,,,
1436,1.6721874475479126,1.6721922293072566e-05,0.0016721922293072566,14650.06303191185,10000,ppo,ppo,crawler,flat,obs_dth_tot_direct,,,,,,,,,,,,,,,-7.863780519377712e-05,0,781,0.0,0.0,,,,,,,,,,,,,,,,,,,,,,,,,,,,,,,,,,,,,,,,,,,,,,,,,,,,,,,,,,,,,,,,,,,,,,,,,,nan,,,,,,,,,,,,,,,
1437,-0.6465954184532166,-6.465990736614913e-06,-0.0006465990736614913,14660.010556459427,10000,ppo,ppo,crawler,flat,obs_dth_tot_direct,,,,,,,,,,,,,,,0.0,0,781,0.0,0.0,,,,,,,,,,,,,,,,,,,,,,,,,,,,,,,,,,,,,,,,,,,,,,,,,,,,,,,,,,,,,,,,,,,,,,,,,,nan,,,,,,,,,,,,,,,
1438,0.09091651439666748,9.091797892324394e-07,9.091797892324394e-05,14670.106785774231,10000,ppo,ppo,crawler,flat,obs_dth_tot_direct,,,,,,,,,,,,,,,-0.00016030715718846314,0,781,0.0,0.0,,,,,,,,,,,,,,,,,,,,,,,,,,,,,,,,,,,,,,,,,,,,,,,,,,,,,,,,,,,,,,,,,,,,,,,,,,nan,,,,,,,,,,,,,,,
1439,0.7909290194511414,7.90932335803518e-06,0.0007909323358035181,14680.011183023453,10000,ppo,ppo,crawler,flat,obs_dth_tot_direct,,,,,,,,,,,,,,,0.0,0,781,0.0,0.0,,,,,,,,,,,,,,,,,,,,,,,,,,,,,,,,,,,,,,,,,,,,,,,,,,,,,,,,,,,,,,,,,,,,,,,,,,nan,,,,,,,,,,,,,,,
1440,0.6406698226928711,6.406748070730828e-06,0.0006406748070730828,14689.886053323746,10000,ppo,ppo,crawler,flat,obs_dth_tot_direct,,,,,,,,,,,,,,,-3.174773361366934e-05,0,781,0.0,0.0,,,,,,,,,,,,,,,,,,,,,,,,,,,,,,,,,,,,,,,,,,,,,,,,,,,,,,,,,,,,,,,,,,,,,,,,,,nan,,,,,,,,,,,,,,,
1441,-0.24480926990509033,-2.4481132641085424e-06,-0.00024481132641085424,14699.966997861862,10000,ppo,ppo,crawler,flat,obs_dth_tot_direct,,,,,,,,,,,,,,,-2.678721027017098e-06,0,781,0.0,0.0,,,,,,,,,,,,,,,,,,,,,,,,,,,,,,,,,,,,,,,,,,,,,,,,,,,,,,,,,,,,,,,,,,,,,,,,,,nan,,,,,,,,,,,,,,,
1442,0.9454303979873657,9.454308383283205e-06,0.0009454308383283205,14709.835023403168,10000,ppo,ppo,crawler,flat,obs_dth_tot_direct,,,,,,,,,,,,,,,-0.009446706649073412,0,781,0.0,0.0,,,,,,,,,,,,,,,,,,,,,,,,,,,,,,,,,,,,,,,,,,,,,,,,,,,,,,,,,,,,,,,,,,,,,,,,,,nan,,,,,,,,,,,,,,,
1443,-0.4031185805797577,-4.031167918583378e-06,-0.0004031167918583378,14719.767182350159,10000,ppo,ppo,crawler,flat,obs_dth_tot_direct,,,,,,,,,,,,,,,-3.7327671134975594e-07,0,781,0.0,0.0,,,,,,,,,,,,,,,,,,,,,,,,,,,,,,,,,,,,,,,,,,,,,,,,,,,,,,,,,,,,,,,,,,,,,,,,,,nan,,,,,,,,,,,,,,,
1444,-1.0002821683883667,-1.0002808267017826e-05,-0.0010002808267017826,14729.408537626266,10000,ppo,ppo,crawler,flat,obs_dth_tot_direct,,,,,,,,,,,,,,,-0.00976114755999607,0,781,0.0,0.0,,,,,,,,,,,,,,,,,,,,,,,,,,,,,,,,,,,,,,,,,,,,,,,,,,,,,,,,,,,,,,,,,,,,,,,,,,nan,,,,,,,,,,,,,,,
1445,-0.5091816782951355,-5.091858383821091e-06,-0.0005091858383821091,14739.43507885933,10000,ppo,ppo,crawler,flat,obs_dth_tot_direct,,,,,,,,,,,,,,,0.0,0,781,0.0,0.0,,,,,,,,,,,,,,,,,,,,,,,,,,,,,,,,,,,,,,,,,,,,,,,,,,,,,,,,,,,,,,,,,,,,,,,,,,nan,,,,,,,,,,,,,,,
1446,-0.48074275255203247,-4.8073975449369755e-06,-0.00048073975449369755,14749.355597496033,10000,ppo,ppo,crawler,flat,obs_dth_tot_direct,,,,,,,,,,,,,,,-2.8061344217933553e-05,0,781,0.0,0.0,,,,,,,,,,,,,,,,,,,,,,,,,,,,,,,,,,,,,,,,,,,,,,,,,,,,,,,,,,,,,,,,,,,,,,,,,,nan,,,,,,,,,,,,,,,
1447,2.820286989212036,2.8202914108987898e-05,0.0028202914108987898,14759.07850241661,10000,ppo,ppo,crawler,flat,obs_dth_tot_direct,,,,,,,,,,,,,,,-0.0001796191682259191,0,781,0.0,0.0,,,,,,,,,,,,,,,,,,,,,,,,,,,,,,,,,,,,,,,,,,,,,,,,,,,,,,,,,,,,,,,,,,,,,,,,,,nan,,,,,,,,,,,,,,,
1448,0.20222890377044678,2.022307626248221e-06,0.0002022307626248221,14769.051848173141,10000,ppo,ppo,crawler,flat,obs_dth_tot_direct,,,,,,,,,,,,,,,0.0,0,781,0.0,0.0,,,,,,,,,,,,,,,,,,,,,,,,,,,,,,,,,,,,,,,,,,,,,,,,,,,,,,,,,,,,,,,,,,,,,,,,,,nan,,,,,,,,,,,,,,,
1449,-0.4152297079563141,-4.152328074269462e-06,-0.00041523280742694624,14779.015846252441,10000,ppo,ppo,crawler,flat,obs_dth_tot_direct,,,,,,,,,,,,,,,-1.3144658198735168e-06,0,781,0.0,0.0,,,,,,,,,,,,,,,,,,,,,,,,,,,,,,,,,,,,,,,,,,,,,,,,,,,,,,,,,,,,,,,,,,,,,,,,,,nan,,,,,,,,,,,,,,,
1450,-1.9829332828521729,-1.982935646083206e-05,-0.001982935646083206,14788.570587158203,10000,ppo,ppo,crawler,flat,obs_dth_tot_direct,,,,,,,,,,,,,,,-0.00018530385866856604,0,781,0.0,0.0,,,,,,,,,,,,,,,,,,,,,,,,,,,,,,,,,,,,,,,,,,,,,,,,,,,,,,,,,,,,,,,,,,,,,,,,,,nan,,,,,,,,,,,,,,,
1451,1.1731531620025635,1.1731488484656438e-05,0.0011731488484656438,14798.4381108284,10000,ppo,ppo,crawler,flat,obs_dth_tot_direct,,,,,,,,,,,,,,,-1.4259539563661959e-05,0,781,0.0,0.0,,,,,,,,,,,,,,,,,,,,,,,,,,,,,,,,,,,,,,,,,,,,,,,,,,,,,,,,,,,,,,,,,,,,,,,,,,nan,,,,,,,,,,,,,,,
1452,0.5405429601669312,5.405441697803326e-06,0.0005405441697803326,14808.49244260788,10000,ppo,ppo,crawler,flat,obs_dth_tot_direct,,,,,,,,,,,,,,,0.0,0,781,0.0,0.0,,,,,,,,,,,,,,,,,,,,,,,,,,,,,,,,,,,,,,,,,,,,,,,,,,,,,,,,,,,,,,,,,,,,,,,,,,nan,,,,,,,,,,,,,,,
1453,-0.499659925699234,-4.996574716642499e-06,-0.0004996574716642499,14818.151215791702,10000,ppo,ppo,crawler,flat,obs_dth_tot_direct,,,,,,,,,,,,,,,-5.093056150496235e-06,0,781,0.0,0.0,,,,,,,,,,,,,,,,,,,,,,,,,,,,,,,,,,,,,,,,,,,,,,,,,,,,,,,,,,,,,,,,,,,,,,,,,,nan,,,,,,,,,,,,,,,
1454,0.6877254843711853,6.877301530039404e-06,0.0006877301530039404,14827.898336172104,10000,ppo,ppo,crawler,flat,obs_dth_tot_direct,,,,,,,,,,,,,,,-0.0013885917165883067,0,781,0.0,0.0,,,,,,,,,,,,,,,,,,,,,,,,,,,,,,,,,,,,,,,,,,,,,,,,,,,,,,,,,,,,,,,,,,,,,,,,,,nan,,,,,,,,,,,,,,,
1455,-0.6775025129318237,-6.775021574867424e-06,-0.0006775021574867424,14837.722693920135,10000,ppo,ppo,crawler,flat,obs_dth_tot_direct,,,,,,,,,,,,,,,-7.690578012246634e-07,0,781,0.0,0.0,,,,,,,,,,,,,,,,,,,,,,,,,,,,,,,,,,,,,,,,,,,,,,,,,,,,,,,,,,,,,,,,,,,,,,,,,,nan,,,,,,,,,,,,,,,
1456,-0.7161957621574402,-7.161945632105926e-06,-0.0007161945632105926,14847.670721292496,10000,ppo,ppo,crawler,flat,obs_dth_tot_direct,,,,,,,,,,,,,,,-0.0007184741329330183,0,781,0.0,0.0,,,,,,,,,,,,,,,,,,,,,,,,,,,,,,,,,,,,,,,,,,,,,,,,,,,,,,,,,,,,,,,,,,,,,,,,,,nan,,,,,,,,,,,,,,,
1457,0.1376935988664627,1.3769491715720505e-06,0.00013769491715720505,14857.448413133621,10000,ppo,ppo,crawler,flat,obs_dth_tot_direct,,,,,,,,,,,,,,,0.0,0,781,0.0,0.0,,,,,,,,,,,,,,,,,,,,,,,,,,,,,,,,,,,,,,,,,,,,,,,,,,,,,,,,,,,,,,,,,,,,,,,,,,nan,,,,,,,,,,,,,,,
1458,0.06796393543481827,6.796433922318101e-07,6.796433922318101e-05,14867.103209733963,10000,ppo,ppo,crawler,flat,obs_dth_tot_direct,,,,,,,,,,,,,,,-0.010038800653256238,0,781,0.0,0.0,,,,,,,,,,,,,,,,,,,,,,,,,,,,,,,,,,,,,,,,,,,,,,,,,,,,,,,,,,,,,,,,,,,,,,,,,,nan,,,,,,,,,,,,,,,
1459,0.24665923416614532,2.4666019271535333e-06,0.00024666019271535333,14876.839479923248,10000,ppo,ppo,crawler,flat,obs_dth_tot_direct,,,,,,,,,,,,,,,0.0,0,781,0.0,0.0,,,,,,,,,,,,,,,,,,,,,,,,,,,,,,,,,,,,,,,,,,,,,,,,,,,,,,,,,,,,,,,,,,,,,,,,,,nan,,,,,,,,,,,,,,,
1460,-0.3382772207260132,-3.3827429888333427e-06,-0.00033827429888333427,14886.81728053093,10000,ppo,ppo,crawler,flat,obs_dth_tot_direct,,,,,,,,,,,,,,,-1.2838445060079138e-05,0,781,0.0,0.0,,,,,,,,,,,,,,,,,,,,,,,,,,,,,,,,,,,,,,,,,,,,,,,,,,,,,,,,,,,,,,,,,,,,,,,,,,nan,,,,,,,,,,,,,,,
1461,-0.418375700712204,-4.183747932984261e-06,-0.0004183747932984261,14896.526633739471,10000,ppo,ppo,crawler,flat,obs_dth_tot_direct,,,,,,,,,,,,,,,-2.7174901613123744e-05,0,781,0.0,0.0,,,,,,,,,,,,,,,,,,,,,,,,,,,,,,,,,,,,,,,,,,,,,,,,,,,,,,,,,,,,,,,,,,,,,,,,,,nan,,,,,,,,,,,,,,,
1462,-0.6430560946464539,-6.430533176171593e-06,-0.0006430533176171593,14906.336182832718,10000,ppo,ppo,crawler,flat,obs_dth_tot_direct,,,,,,,,,,,,,,,-0.003134349746231309,0,781,0.0,0.0,,,,,,,,,,,,,,,,,,,,,,,,,,,,,,,,,,,,,,,,,,,,,,,,,,,,,,,,,,,,,,,,,,,,,,,,,,nan,,,,,,,,,,,,,,,
1463,-0.6331111788749695,-6.3311008489108644e-06,-0.0006331100848910864,14916.584176301956,10000,ppo,ppo,crawler,flat,obs_dth_tot_direct,,,,,,,,,,,,,,,-6.930303978095745e-08,0,781,0.0,0.0,,,,,,,,,,,,,,,,,,,,,,,,,,,,,,,,,,,,,,,,,,,,,,,,,,,,,,,,,,,,,,,,,,,,,,,,,,nan,,,,,,,,,,,,,,,
1464,1.290556788444519,1.2905551557196304e-05,0.0012905551557196304,14926.346708536148,10000,ppo,ppo,crawler,flat,obs_dth_tot_direct,,,,,,,,,,,,,,,-0.00013960557471049732,0,781,0.0,0.0,,,,,,,,,,,,,,,,,,,,,,,,,,,,,,,,,,,,,,,,,,,,,,,,,,,,,,,,,,,,,,,,,,,,,,,,,,nan,,,,,,,,,,,,,,,
1465,0.03698403760790825,3.699013007008034e-07,3.699013007008034e-05,14936.268452167511,10000,ppo,ppo,crawler,flat,obs_dth_tot_direct,,,,,,,,,,,,,,,-7.845792876468272e-06,0,781,0.0,0.0,,,,,,,,,,,,,,,,,,,,,,,,,,,,,,,,,,,,,,,,,,,,,,,,,,,,,,,,,,,,,,,,,,,,,,,,,,nan,,,,,,,,,,,,,,,
1466,1.4436907768249512,1.4436917808779981e-05,0.001443691780877998,14946.134121894836,10000,ppo,ppo,crawler,flat,obs_dth_tot_direct,,,,,,,,,,,,,,,-4.620306914083173e-05,0,781,0.0,0.0,,,,,,,,,,,,,,,,,,,,,,,,,,,,,,,,,,,,,,,,,,,,,,,,,,,,,,,,,,,,,,,,,,,,,,,,,,nan,,,,,,,,,,,,,,,
1467,1.3138751983642578,1.3138776921550743e-05,0.0013138776921550743,14955.978736877441,10000,ppo,ppo,crawler,flat,obs_dth_tot_direct,,,,,,,,,,,,,,,-0.0011252510872944979,0,781,0.0,0.0,,,,,,,,,,,,,,,,,,,,,,,,,,,,,,,,,,,,,,,,,,,,,,,,,,,,,,,,,,,,,,,,,,,,,,,,,,nan,,,,,,,,,,,,,,,
1468,0.6475326418876648,6.4753562583064195e-06,0.000647535625830642,14965.744492292404,10000,ppo,ppo,crawler,flat,obs_dth_tot_direct,,,,,,,,,,,,,,,0.0,0,781,0.0,0.0,,,,,,,,,,,,,,,,,,,,,,,,,,,,,,,,,,,,,,,,,,,,,,,,,,,,,,,,,,,,,,,,,,,,,,,,,,nan,,,,,,,,,,,,,,,
1469,-0.5033280253410339,-5.0332491809967905e-06,-0.000503324918099679,14975.612577676773,10000,ppo,ppo,crawler,flat,obs_dth_tot_direct,,,,,,,,,,,,,,,-1.3745618833851417e-05,0,781,0.0,0.0,,,,,,,,,,,,,,,,,,,,,,,,,,,,,,,,,,,,,,,,,,,,,,,,,,,,,,,,,,,,,,,,,,,,,,,,,,nan,,,,,,,,,,,,,,,
1470,-0.6997247934341431,-6.997230684646638e-06,-0.0006997230684646638,14985.365302085876,10000,ppo,ppo,crawler,flat,obs_dth_tot_direct,,,,,,,,,,,,,,,-0.00035809739832688844,0,781,0.0,0.0,,,,,,,,,,,,,,,,,,,,,,,,,,,,,,,,,,,,,,,,,,,,,,,,,,,,,,,,,,,,,,,,,,,,,,,,,,nan,,,,,,,,,,,,,,,
1471,1.2902685403823853,1.2902728485642001e-05,0.0012902728485642,14995.621804237366,10000,ppo,ppo,crawler,flat,obs_dth_tot_direct,,,,,,,,,,,,,,,-6.162223528960909e-05,0,781,0.0,0.0,,,,,,,,,,,,,,,,,,,,,,,,,,,,,,,,,,,,,,,,,,,,,,,,,,,,,,,,,,,,,,,,,,,,,,,,,,nan,,,,,,,,,,,,,,,
1472,0.16197369992733002,1.6197719787669485e-06,0.00016197719787669485,15005.46801352501,10000,ppo,ppo,crawler,flat,obs_dth_tot_direct,,,,,,,,,,,,,,,0.0,0,781,0.0,0.0,,,,,,,,,,,,,,,,,,,,,,,,,,,,,,,,,,,,,,,,,,,,,,,,,,,,,,,,,,,,,,,,,,,,,,,,,,nan,,,,,,,,,,,,,,,
1473,-0.38304248452186584,-3.830411060334882e-06,-0.0003830411060334882,15015.398973226547,10000,ppo,ppo,crawler,flat,obs_dth_tot_direct,,,,,,,,,,,,,,,-0.053067236819165,0,781,0.0,0.0,,,,,,,,,,,,,,,,,,,,,,,,,,,,,,,,,,,,,,,,,,,,,,,,,,,,,,,,,,,,,,,,,,,,,,,,,,nan,,,,,,,,,,,,,,,
1474,-0.28370919823646545,-2.837067768268753e-06,-0.0002837067768268753,15025.559078931808,10000,ppo,ppo,crawler,flat,obs_dth_tot_direct,,,,,,,,,,,,,,,0.0,0,781,0.0,0.0,,,,,,,,,,,,,,,,,,,,,,,,,,,,,,,,,,,,,,,,,,,,,,,,,,,,,,,,,,,,,,,,,,,,,,,,,,nan,,,,,,,,,,,,,,,
1475,-0.013930893503129482,-1.392626103324801e-07,-1.392626103324801e-05,15035.581005096436,10000,ppo,ppo,crawler,flat,obs_dth_tot_direct,,,,,,,,,,,,,,,0.0,0,781,0.0,0.0,,,,,,,,,,,,,,,,,,,,,,,,,,,,,,,,,,,,,,,,,,,,,,,,,,,,,,,,,,,,,,,,,,,,,,,,,,nan,,,,,,,,,,,,,,,
1476,-0.21526820957660675,-2.15265026781708e-06,-0.000215265026781708,15045.376403093338,10000,ppo,ppo,crawler,flat,obs_dth_tot_direct,,,,,,,,,,,,,,,-0.0001921194704504691,0,781,0.0,0.0,,,,,,,,,,,,,,,,,,,,,,,,,,,,,,,,,,,,,,,,,,,,,,,,,,,,,,,,,,,,,,,,,,,,,,,,,,nan,,,,,,,,,,,,,,,
1477,-0.25703248381614685,-2.5703138817334548e-06,-0.0002570313881733455,15055.60037446022,10000,ppo,ppo,crawler,flat,obs_dth_tot_direct,,,,,,,,,,,,,,,-0.021664937978393365,0,781,0.0,0.0,,,,,,,,,,,,,,,,,,,,,,,,,,,,,,,,,,,,,,,,,,,,,,,,,,,,,,,,,,,,,,,,,,,,,,,,,,nan,,,,,,,,,,,,,,,
1478,-0.4502386152744293,-4.502339379541809e-06,-0.0004502339379541809,15065.741629362106,10000,ppo,ppo,crawler,flat,obs_dth_tot_direct,,,,,,,,,,,,,,,-0.0009049802741915865,0,781,0.0,0.0,,,,,,,,,,,,,,,,,,,,,,,,,,,,,,,,,,,,,,,,,,,,,,,,,,,,,,,,,,,,,,,,,,,,,,,,,,nan,,,,,,,,,,,,,,,
1479,0.2730270326137543,2.7302901344228303e-06,0.00027302901344228303,15075.582204818726,10000,ppo,ppo,crawler,flat,obs_dth_tot_direct,,,,,,,,,,,,,,,0.0,0,781,0.0,0.0,,,,,,,,,,,,,,,,,,,,,,,,,,,,,,,,,,,,,,,,,,,,,,,,,,,,,,,,,,,,,,,,,,,,,,,,,,nan,,,,,,,,,,,,,,,
1480,-0.4597303867340088,-4.597309271048289e-06,-0.0004597309271048289,15085.603632926941,10000,ppo,ppo,crawler,flat,obs_dth_tot_direct,,,,,,,,,,,,,,,-1.2723299723581224e-05,0,781,0.0,0.0,,,,,,,,,,,,,,,,,,,,,,,,,,,,,,,,,,,,,,,,,,,,,,,,,,,,,,,,,,,,,,,,,,,,,,,,,,nan,,,,,,,,,,,,,,,
1481,-0.21487295627593994,-2.148699195458903e-06,-0.0002148699195458903,15095.539041757584,10000,ppo,ppo,crawler,flat,obs_dth_tot_direct,,,,,,,,,,,,,,,-0.02260697450817929,0,781,0.0,0.0,,,,,,,,,,,,,,,,,,,,,,,,,,,,,,,,,,,,,,,,,,,,,,,,,,,,,,,,,,,,,,,,,,,,,,,,,,nan,,,,,,,,,,,,,,,
1482,1.3064192533493042,1.3064222912362311e-05,0.001306422291236231,15105.406555175781,10000,ppo,ppo,crawler,flat,obs_dth_tot_direct,,,,,,,,,,,,,,,0.0,0,781,0.0,0.0,,,,,,,,,,,,,,,,,,,,,,,,,,,,,,,,,,,,,,,,,,,,,,,,,,,,,,,,,,,,,,,,,,,,,,,,,,nan,,,,,,,,,,,,,,,
1483,-0.09197014570236206,-9.196993460136582e-07,-9.196993460136582e-05,15115.425724744797,10000,ppo,ppo,crawler,flat,obs_dth_tot_direct,,,,,,,,,,,,,,,-0.0028822857698141842,0,781,0.0,0.0,,,,,,,,,,,,,,,,,,,,,,,,,,,,,,,,,,,,,,,,,,,,,,,,,,,,,,,,,,,,,,,,,,,,,,,,,,nan,,,,,,,,,,,,,,,
1484,-0.9990882277488708,-9.990854778152425e-06,-0.0009990854778152425,15125.505671024323,10000,ppo,ppo,crawler,flat,obs_dth_tot_direct,,,,,,,,,,,,,,,0.0,0,781,0.0,0.0,,,,,,,,,,,,,,,,,,,,,,,,,,,,,,,,,,,,,,,,,,,,,,,,,,,,,,,,,,,,,,,,,,,,,,,,,,nan,,,,,,,,,,,,,,,
1485,-1.90477454662323,-1.904774944705423e-05,-0.001904774944705423,15135.426572084427,10000,ppo,ppo,crawler,flat,obs_dth_tot_direct,,,,,,,,,,,,,,,-2.5585415402234136e-05,0,781,0.0,0.0,,,,,,,,,,,,,,,,,,,,,,,,,,,,,,,,,,,,,,,,,,,,,,,,,,,,,,,,,,,,,,,,,,,,,,,,,,nan,,,,,,,,,,,,,,,
1486,0.45629754662513733,4.563000402413309e-06,0.00045630004024133086,15145.328690767288,10000,ppo,ppo,crawler,flat,obs_dth_tot_direct,,,,,,,,,,,,,,,-2.145608374312348e-05,0,781,0.0,0.0,,,,,,,,,,,,,,,,,,,,,,,,,,,,,,,,,,,,,,,,,,,,,,,,,,,,,,,,,,,,,,,,,,,,,,,,,,nan,,,,,,,,,,,,,,,
1487,-0.31767091155052185,-3.1766742267791415e-06,-0.00031766742267791415,15155.286047458649,10000,ppo,ppo,crawler,flat,obs_dth_tot_direct,,,,,,,,,,,,,,,-4.5895778005239144e-05,0,781,0.0,0.0,,,,,,,,,,,,,,,,,,,,,,,,,,,,,,,,,,,,,,,,,,,,,,,,,,,,,,,,,,,,,,,,,,,,,,,,,,nan,,,,,,,,,,,,,,,
1488,1.3283824920654297,1.3283860425872263e-05,0.0013283860425872263,15165.10895204544,10000,ppo,ppo,crawler,flat,obs_dth_tot_direct,,,,,,,,,,,,,,,-0.003950585936710105,0,781,0.0,0.0,,,,,,,,,,,,,,,,,,,,,,,,,,,,,,,,,,,,,,,,,,,,,,,,,,,,,,,,,,,,,,,,,,,,,,,,,,nan,,,,,,,,,,,,,,,
1489,-0.3745765686035156,-3.7457941743923584e-06,-0.00037457941743923584,15174.968784093857,10000,ppo,ppo,crawler,flat,obs_dth_tot_direct,,,,,,,,,,,,,,,0.0,0,781,0.0,0.0,,,,,,,,,,,,,,,,,,,,,,,,,,,,,,,,,,,,,,,,,,,,,,,,,,,,,,,,,,,,,,,,,,,,,,,,,,nan,,,,,,,,,,,,,,,
1490,-0.29030224680900574,-2.903007498389343e-06,-0.0002903007498389343,15184.961935281754,10000,ppo,ppo,crawler,flat,obs_dth_tot_direct,,,,,,,,,,,,,,,-6.708345482085334e-05,0,781,0.0,0.0,,,,,,,,,,,,,,,,,,,,,,,,,,,,,,,,,,,,,,,,,,,,,,,,,,,,,,,,,,,,,,,,,,,,,,,,,,nan,,,,,,,,,,,,,,,
1491,-0.3214435577392578,-3.214402340745437e-06,-0.0003214402340745437,15194.727493524551,10000,ppo,ppo,crawler,flat,obs_dth_tot_direct,,,,,,,,,,,,,,,-0.0007612822856396322,0,781,0.0,0.0,,,,,,,,,,,,,,,,,,,,,,,,,,,,,,,,,,,,,,,,,,,,,,,,,,,,,,,,,,,,,,,,,,,,,,,,,,nan,,,,,,,,,,,,,,,
1492,-0.7665684819221497,-7.665706107218284e-06,-0.0007665706107218284,15204.747459411621,10000,ppo,ppo,crawler,flat,obs_dth_tot_direct,,,,,,,,,,,,,,,-1.3455488598606193e-06,0,781,0.0,0.0,,,,,,,,,,,,,,,,,,,,,,,,,,,,,,,,,,,,,,,,,,,,,,,,,,,,,,,,,,,,,,,,,,,,,,,,,,nan,,,,,,,,,,,,,,,
1493,0.6992415189743042,6.992432190600084e-06,0.0006992432190600084,15214.932876348495,10000,ppo,ppo,crawler,flat,obs_dth_tot_direct,,,,,,,,,,,,,,,-1.1112046083399642e-05,0,781,0.0,0.0,,,,,,,,,,,,,,,,,,,,,,,,,,,,,,,,,,,,,,,,,,,,,,,,,,,,,,,,,,,,,,,,,,,,,,,,,,nan,,,,,,,,,,,,,,,
1494,-0.5303795337677002,-5.303790203470271e-06,-0.0005303790203470271,15225.474454641342,10000,ppo,ppo,crawler,flat,obs_dth_tot_direct,,,,,,,,,,,,,,,-0.00024573405233907025,0,781,0.0,0.0,,,,,,,,,,,,,,,,,,,,,,,,,,,,,,,,,,,,,,,,,,,,,,,,,,,,,,,,,,,,,,,,,,,,,,,,,,nan,,,,,,,,,,,,,,,
1495,1.2927340269088745,1.2927355783176608e-05,0.0012927355783176608,15235.438966274261,10000,ppo,ppo,crawler,flat,obs_dth_tot_direct,,,,,,,,,,,,,,,-8.828992861181155e-06,0,781,0.0,0.0,,,,,,,,,,,,,,,,,,,,,,,,,,,,,,,,,,,,,,,,,,,,,,,,,,,,,,,,,,,,,,,,,,,,,,,,,,nan,,,,,,,,,,,,,,,
1496,0.09531710296869278,9.532311651128111e-07,9.532311651128111e-05,15245.439326286316,10000,ppo,ppo,crawler,flat,obs_dth_tot_direct,,,,,,,,,,,,,,,-0.004157603847127642,0,781,0.0,0.0,,,,,,,,,,,,,,,,,,,,,,,,,,,,,,,,,,,,,,,,,,,,,,,,,,,,,,,,,,,,,,,,,,,,,,,,,,nan,,,,,,,,,,,,,,,
1497,-0.171652153134346,-1.716529936857114e-06,-0.0001716529936857114,15255.295830488205,10000,ppo,ppo,crawler,flat,obs_dth_tot_direct,,,,,,,,,,,,,,,0.0,0,781,0.0,0.0,,,,,,,,,,,,,,,,,,,,,,,,,,,,,,,,,,,,,,,,,,,,,,,,,,,,,,,,,,,,,,,,,,,,,,,,,,nan,,,,,,,,,,,,,,,
1498,0.912640392780304,9.126410077442415e-06,0.0009126410077442415,15265.060547351837,10000,ppo,ppo,crawler,flat,obs_dth_tot_direct,,,,,,,,,,,,,,,-5.490591966579269e-05,0,781,0.0,0.0,,,,,,,,,,,,,,,,,,,,,,,,,,,,,,,,,,,,,,,,,,,,,,,,,,,,,,,,,,,,,,,,,,,,,,,,,,nan,,,,,,,,,,,,,,,
1499,-1.1977949142456055,-1.1977959729847498e-05,-0.0011977959729847498,15274.879450082779,10000,ppo,ppo,crawler,flat,obs_dth_tot_direct,,,,,,,,,,,,,,,-7.924420708997912e-05,0,781,0.0,0.0,,,,,,,,,,,,,,,,,,,,,,,,,,,,,,,,,,,,,,,,,,,,,,,,,,,,,,,,,,,,,,,,,,,,,,,,,,nan,,,,,,,,,,,,,,,
1500,0.08261828869581223,8.262153414761997e-07,8.262153414761997e-05,15284.793479919434,10000,ppo,ppo,crawler,flat,obs_dth_tot_direct,,,,,,,,,,,,,,,-0.05213542678363612,0,781,0.0,0.0,,,,,,,,,,,,,,,,,,,,,,,,,,,,,,,,,,,,,,,,,,,,,,,,,,,,,,,,,,,,,,,,,,,,,,,,,,nan,,,,,,,,,,,,,,,
