configuration_id,paper_label,formal_run,internal_training_seed,checkpoint_batch,reset_seed,success_lenient_rotation_span,success_secondary_strict_common_kinematic,scaled_signed_horizontal_progress_x100,forward_displacement,forward_body_lengths,best_fit_rotation_range_degrees,max_rotation_excursion_degrees,net_best_fit_rotation_degrees,desired_net_rotation_degrees,desired_active_rotation_fraction,torque_saturation_fraction_pre_step,mean_abs_active_torque_pre_step,mean_abs_k1,mean_abs_k2
HPR_DTH_PS,HPR-DTH-PS,0,9201,1500,20264101,False,False,-0.0062895925343036665,-0.06289592534303667,-0.006984520027769197,1.1942614868822305,1.1942614868822305,0.03935570752217196,-0.03935570752217196,0.0,0.0,8.999992370605469,,
HPR_DTH_PS,HPR-DTH-PS,0,9201,1500,20264102,False,False,0.031877698628231886,0.3187769862823188,0.03544869397783703,5.693080590596032,5.693080590596032,-0.2519478475432634,0.2519478475432634,0.5402298850574713,0.0,8.999992370605469,,
HPR_DTH_PS,HPR-DTH-PS,0,9201,1500,20264103,False,False,0.016719805747270586,0.16719805747270589,0.018552739173525155,4.622097909178466,4.622097909178466,-0.06788040508458838,0.06788040508458838,0.4857142857142857,0.0,8.999992370605469,,
HPR_DTH_PS,HPR-DTH-PS,0,9201,1500,20264104,False,False,0.021630806205794217,0.21630806205794217,0.02400993425843837,4.8108075248777755,4.8108075248777755,-0.11738643036765296,0.11738643036765296,0.5,0.0,8.999992370605469,,
HPR_DTH_PS,HPR-DTH-PS,0,9201,1500,20264105,False,False,-0.026766880266368396,-0.267668802663684,-0.029717359772590796,5.178553634932716,5.178553634932716,0.2423593130678083,-0.2423593130678083,0.5342465753424658,0.0,8.999992370605469,,
HPR_DTH_PS,HPR-DTH-PS,0,9201,1500,20264106,False,False,0.03284077323973179,0.3284077323973179,0.03656645758117149,5.679245989142145,5.679245989142145,-0.31262594523448706,0.31262594523448706,0.5476190476190477,0.0,8.999992370605469,,
HPR_DTH_PS,HPR-DTH-PS,0,9201,1500,20264107,False,False,0.02668918162584305,0.2668918162584305,0.029632486471643082,5.085656033124379,5.085656033124379,-0.42903539074986274,0.42903539074986274,0.5211267605633803,0.0,8.999992370605469,,
HPR_DTH_PS,HPR-DTH-PS,0,9201,1500,20264108,False,False,0.12963654207531364,1.2963654207531363,0.14380714340719525,23.352208667278525,23.352208667278525,3.7112895785683224,-3.7112895785683224,0.5,0.0,8.999992370605469,,
HPR_DTH_PS,HPR-DTH-PS,0,9201,1500,20264109,False,False,-0.019335270654410125,-0.19335270654410125,-0.021480000166089232,4.619168234176493,4.619168234176493,0.18983565630816387,-0.18983565630816387,0.5205479452054794,0.0,8.999992370605469,,
HPR_DTH_PS,HPR-DTH-PS,0,9201,1500,20264110,False,False,-0.007174998822156341,-0.07174998822156342,-0.007962835923937858,1.7732275210145907,1.7732275210145907,0.2038404928146015,-0.2038404928146015,0.7142857142857143,0.0,8.999992370605469,,
HPR_DTH_PS,HPR-DTH-PS,0,9201,1500,20264111,False,False,-0.011130269737914212,-0.11130269737914211,-0.012382614663119277,3.3946685007473016,3.3946685007473016,0.20852333327381273,-0.20852333327381273,0.32,0.0,8.999992370605469,,
HPR_DTH_PS,HPR-DTH-PS,0,9201,1500,20264112,False,False,-0.0026706087752245366,-0.026706087752245367,-0.002968739339738447,0.550248964250983,0.550248964250983,-0.07172816729772363,0.07172816729772363,1.0,0.0,8.999992370605469,,
HPR_DTH_PS,HPR-DTH-PS,0,9201,1500,20264113,False,False,0.00680758086964488,0.0680758086964488,0.007554063332147278,1.5528474461646724,1.5528474461646724,-0.056078366241592965,0.056078366241592965,0.0,0.0,8.999992370605469,,
HPR_DTH_PS,HPR-DTH-PS,0,9201,1500,20264114,False,False,0.004844000082230193,0.04844000082230193,0.0053975548838128455,0.9810775385563516,0.9810775385563516,-0.14148428669843618,0.14148428669843618,1.0,0.0,8.999992370605469,,
HPR_DTH_PS,HPR-DTH-PS,0,9201,1500,20264115,False,False,0.032977074380032716,0.32977074380032717,0.03660305562557025,5.776492319457891,5.776492319457891,-0.48689902030099164,0.48689902030099164,0.5617977528089888,0.0,8.999992370605469,,
HPR_DTH_PS,HPR-DTH-PS,0,9201,1500,20264116,False,False,-0.1324533011694439,-1.324533011694439,-0.14711667135617398,23.35830861059845,23.35830861059845,-3.659353930115552,3.659353930115552,0.5196850393700787,0.0,8.999992370605469,,
HPR_DTH_PS,HPR-DTH-PS,0,9201,1500,20264117,False,False,0.031254086345434196,0.31254086345434196,0.034750028971978555,5.384536087881706,5.384536087881706,-0.3704285553663668,0.3704285553663668,0.5540540540540541,0.0,8.999992370605469,,
HPR_DTH_PS,HPR-DTH-PS,0,9201,1500,20264118,False,False,-0.019521408919245007,-0.1952140891924501,-0.021644649574049737,4.542670271995719,4.542670271995719,0.2976798976141587,-0.2976798976141587,0.45588235294117646,0.0,8.999992370605469,,
HPR_DTH_PS,HPR-DTH-PS,0,9201,1500,20264119,False,False,-0.008583797644823787,-0.08583797644823787,-0.00953653313968586,2.642501538106812,2.642501538106812,0.08072247547910223,-0.08072247547910223,0.2972972972972973,0.0,8.999992370605469,,
HPR_DTH_PS,HPR-DTH-PS,0,9201,1500,20264120,False,False,0.0008162009762600064,0.008162009762600064,0.0009075949741670084,0.13733924237092748,0.13733924237092748,-0.0013891286612266712,0.0013891286612266712,0.0,0.0,8.999992370605469,,
HPR_DTH_PS,HPR-DTH-PS,1,9202,1500,20264101,False,False,0.0036423375084996216,0.03642337508499621,0.004044773828711477,5.05483254446482,5.05483254446482,1.1593244640788913,-1.1593244640788913,0.34782608695652173,0.0,8.999992370605469,,
HPR_DTH_PS,HPR-DTH-PS,1,9202,1500,20264102,False,False,-0.00044393885880709136,-0.004439388588070914,-0.0004936696633672783,0.30392009461358277,0.30392009461358277,0.0004716750612523186,-0.0004716750612523186,0.0,0.0,8.999992370605469,,
HPR_DTH_PS,HPR-DTH-PS,1,9202,1500,20264103,False,False,-0.0023725025542080335,-0.023725025542080336,-0.0026325916545967823,2.620623452182236,2.620623452182236,-0.1008767470011243,0.1008767470011243,0.425531914893617,0.0,8.999992370605469,,
HPR_DTH_PS,HPR-DTH-PS,1,9202,1500,20264104,False,False,-0.004084179038181901,-0.04084179038181901,-0.00453338952203141,7.014495868952263,7.014495868952263,-1.7336356635138714,1.7336356635138714,0.5972222222222222,0.0,8.999992370605469,,
HPR_DTH_PS,HPR-DTH-PS,1,9202,1500,20264105,False,False,0.0018588529154658306,0.018588529154658306,0.0020637519316225534,1.9380814290255641,1.9380814290255641,0.36201125827758035,-0.36201125827758035,0.6774193548387096,0.0,8.999992370605469,,
HPR_DTH_PS,HPR-DTH-PS,1,9202,1500,20264106,False,False,-0.0033319637924432823,-0.03331963792443282,-0.003709964798605077,4.4909043488160565,4.4909043488160565,-0.906927596323207,0.906927596323207,0.6698113207547169,0.0,8.999992370605469,,
HPR_DTH_PS,HPR-DTH-PS,1,9202,1500,20264107,False,False,0.004384424053132535,0.04384424053132535,0.004867941934742349,8.177282201538832,8.177282201538832,0.9360619180503377,-0.9360619180503377,0.4713375796178344,0.0,8.999992370605469,,
HPR_DTH_PS,HPR-DTH-PS,1,9202,1500,20264108,False,False,0.004225714304484428,0.04225714304484429,0.004687628142918116,10.191240627532528,10.191240627532528,1.1895000395134347,-1.1895000395134347,0.4720496894409938,0.0,8.999992370605469,,
HPR_DTH_PS,HPR-DTH-PS,1,9202,1500,20264109,False,False,-0.001927571184933191,-0.01927571184933191,-0.0021413834909556847,3.8943106730130976,3.8943106730130976,-0.9586217310888699,0.9586217310888699,0.6451612903225806,0.0,8.999992370605469,,
HPR_DTH_PS,HPR-DTH-PS,1,9202,1500,20264110,False,False,-0.004338937441352753,-0.043389374413527526,-0.00481536621623293,4.669364353266065,4.669364353266065,-0.07247556957484347,0.07247556957484347,0.5964912280701754,0.0,8.999992370605469,,
HPR_DTH_PS,HPR-DTH-PS,1,9202,1500,20264111,False,False,-0.0031679161358624695,-0.0316791613586247,-0.003524360659637872,1.8821824812414538,1.8821824812414538,0.1261828930474798,-0.1261828930474798,0.425,0.0,8.999992370605469,,
HPR_DTH_PS,HPR-DTH-PS,1,9202,1500,20264112,False,False,0.003295212315861135,0.032952123158611346,0.003663069830984544,5.9866227829241145,5.9866227829241145,1.2863434175304438,-1.2863434175304438,0.3880597014925373,0.0,8.999992370605469,,
HPR_DTH_PS,HPR-DTH-PS,1,9202,1500,20264113,False,False,-0.0020442526787519404,-0.0204425267875194,-0.002268414360094034,2.6847605520868885,2.6847605520868885,-0.6957023741337358,0.6957023741337358,0.47058823529411764,0.0,8.999992370605469,,
HPR_DTH_PS,HPR-DTH-PS,1,9202,1500,20264114,False,False,0.0046318153326865286,0.046318153326865286,0.0051611224288731,9.078698828457869,9.078698828457869,2.5493303391241127,-2.5493303391241127,0.42592592592592593,0.0,8.999992370605469,,
HPR_DTH_PS,HPR-DTH-PS,1,9202,1500,20264115,False,False,0.0033633916405960917,0.03363391640596092,0.003733212045816254,7.164667799130009,7.164667799130009,1.1497120771982097,-1.1497120771982097,0.4295774647887324,0.0,8.999992370605469,,
HPR_DTH_PS,HPR-DTH-PS,1,9202,1500,20264116,False,False,0.004332369088660921,0.0433236908866092,0.004811988178345314,6.549021130980628,6.549021130980628,0.6194399032346826,-0.6194399032346826,0.43661971830985913,0.0,8.999992370605469,,
HPR_DTH_PS,HPR-DTH-PS,1,9202,1500,20264117,False,False,-0.0021284261718392374,-0.021284261718392372,-0.002366502425272012,3.0168877321220595,3.0168877321220595,-0.27122995871508493,0.27122995871508493,0.546875,0.0,8.999992370605469,,
HPR_DTH_PS,HPR-DTH-PS,1,9202,1500,20264118,False,False,-0.003359851781278844,-0.03359851781278844,-0.003725285133227973,6.6736515155069185,6.6736515155069185,-1.014131665635674,1.014131665635674,0.574468085106383,0.0,8.999992370605469,,
HPR_DTH_PS,HPR-DTH-PS,1,9202,1500,20264119,False,False,-6.647065863944479e-05,-0.0006647065863944479,-7.38483903233747e-05,0.6003086534108507,0.6003086534108507,-0.03263546804462392,0.03263546804462392,0.0,0.0,8.999992370605469,,
HPR_DTH_PS,HPR-DTH-PS,1,9202,1500,20264120,False,False,-0.0017838999209925544,-0.017838999209925543,-0.001983651882075186,4.370664683535743,4.370664683535743,-1.252644915668743,1.252644915668743,0.6568627450980392,0.0,8.999992370605469,,
HPR_DTH_PS,HPR-DTH-PS,2,9203,1500,20264101,False,False,-0.0062895925343036665,-0.06289592534303667,-0.006984520027769197,1.1942614868822305,1.1942614868822305,0.03935570752217196,-0.03935570752217196,0.0,0.0,8.999992370605469,,
HPR_DTH_PS,HPR-DTH-PS,2,9203,1500,20264102,False,False,0.031877698628231886,0.3187769862823188,0.03544869397783703,5.693080590596032,5.693080590596032,-0.2519478475432634,0.2519478475432634,0.5402298850574713,0.0,8.999992370605469,,
HPR_DTH_PS,HPR-DTH-PS,2,9203,1500,20264103,False,False,0.016719805747270586,0.16719805747270589,0.018552739173525155,4.622097909178466,4.622097909178466,-0.06788040508458838,0.06788040508458838,0.4857142857142857,0.0,8.999992370605469,,
HPR_DTH_PS,HPR-DTH-PS,2,9203,1500,20264104,False,False,0.021630806205794217,0.21630806205794217,0.02400993425843837,4.8108075248777755,4.8108075248777755,-0.11738643036765296,0.11738643036765296,0.5,0.0,8.999992370605469,,
HPR_DTH_PS,HPR-DTH-PS,2,9203,1500,20264105,False,False,-0.026766880266368396,-0.267668802663684,-0.029717359772590796,5.178553634932716,5.178553634932716,0.2423593130678083,-0.2423593130678083,0.5342465753424658,0.0,8.999992370605469,,
HPR_DTH_PS,HPR-DTH-PS,2,9203,1500,20264106,False,False,0.03284077323973179,0.3284077323973179,0.03656645758117149,5.679245989142145,5.679245989142145,-0.31262594523448706,0.31262594523448706,0.5476190476190477,0.0,8.999992370605469,,
HPR_DTH_PS,HPR-DTH-PS,2,9203,1500,20264107,False,False,0.02668918162584305,0.2668918162584305,0.029632486471643082,5.085656033124379,5.085656033124379,-0.42903539074986274,0.42903539074986274,0.5211267605633803,0.0,8.999992370605469,,
HPR_DTH_PS,HPR-DTH-PS,2,9203,1500,20264108,False,False,0.12963654207531364,1.2963654207531363,0.14380714340719525,23.352208667278525,23.352208667278525,3.7112895785683224,-3.7112895785683224,0.5,0.0,8.999992370605469,,
HPR_DTH_PS,HPR-DTH-PS,2,9203,1500,20264109,False,False,-0.019335270654410125,-0.19335270654410125,-0.021480000166089232,4.619168234176493,4.619168234176493,0.18983565630816387,-0.18983565630816387,0.5205479452054794,0.0,8.999992370605469,,
HPR_DTH_PS,HPR-DTH-PS,2,9203,1500,20264110,False,False,-0.007174998822156341,-0.07174998822156342,-0.007962835923937858,1.7732275210145907,1.7732275210145907,0.2038404928146015,-0.2038404928146015,0.7142857142857143,0.0,8.999992370605469,,
HPR_DTH_PS,HPR-DTH-PS,2,9203,1500,20264111,False,False,-0.011130269737914212,-0.11130269737914211,-0.012382614663119277,3.3946685007473016,3.3946685007473016,0.20852333327381273,-0.20852333327381273,0.32,0.0,8.999992370605469,,
HPR_DTH_PS,HPR-DTH-PS,2,9203,1500,20264112,False,False,-0.0026706087752245366,-0.026706087752245367,-0.002968739339738447,0.550248964250983,0.550248964250983,-0.07172816729772363,0.07172816729772363,1.0,0.0,8.999992370605469,,
HPR_DTH_PS,HPR-DTH-PS,2,9203,1500,20264113,False,False,0.00680758086964488,0.0680758086964488,0.007554063332147278,1.5528474461646724,1.5528474461646724,-0.056078366241592965,0.056078366241592965,0.0,0.0,8.999992370605469,,
HPR_DTH_PS,HPR-DTH-PS,2,9203,1500,20264114,False,False,0.004844000082230193,0.04844000082230193,0.0053975548838128455,0.9810775385563516,0.9810775385563516,-0.14148428669843618,0.14148428669843618,1.0,0.0,8.999992370605469,,
HPR_DTH_PS,HPR-DTH-PS,2,9203,1500,20264115,False,False,0.032977074380032716,0.32977074380032717,0.03660305562557025,5.776492319457891,5.776492319457891,-0.48689902030099164,0.48689902030099164,0.5617977528089888,0.0,8.999992370605469,,
HPR_DTH_PS,HPR-DTH-PS,2,9203,1500,20264116,False,False,-0.1324533011694439,-1.324533011694439,-0.14711667135617398,23.35830861059845,23.35830861059845,-3.659353930115552,3.659353930115552,0.5196850393700787,0.0,8.999992370605469,,
HPR_DTH_PS,HPR-DTH-PS,2,9203,1500,20264117,False,False,0.031254086345434196,0.31254086345434196,0.034750028971978555,5.384536087881706,5.384536087881706,-0.3704285553663668,0.3704285553663668,0.5540540540540541,0.0,8.999992370605469,,
HPR_DTH_PS,HPR-DTH-PS,2,9203,1500,20264118,False,False,-0.019521408919245007,-0.1952140891924501,-0.021644649574049737,4.542670271995719,4.542670271995719,0.2976798976141587,-0.2976798976141587,0.45588235294117646,0.0,8.999992370605469,,
HPR_DTH_PS,HPR-DTH-PS,2,9203,1500,20264119,False,False,-0.008583797644823787,-0.08583797644823787,-0.00953653313968586,2.642501538106812,2.642501538106812,0.08072247547910223,-0.08072247547910223,0.2972972972972973,0.0,8.999992370605469,,
HPR_DTH_PS,HPR-DTH-PS,2,9203,1500,20264120,False,False,0.0008162009762600064,0.008162009762600064,0.0009075949741670084,0.13733924237092748,0.13733924237092748,-0.0013891286612266712,0.0013891286612266712,0.0,0.0,8.999992370605469,,
HPR_DTH_PS,HPR-DTH-PS,3,9204,1500,20264101,False,False,2.6645116813108327,26.645116813108324,2.9589095161314565,22.50651304859304,22.50651304859304,-4.792422765857182,4.792422765857182,0.5089086859688196,0.0,8.254379272460938,,
HPR_DTH_PS,HPR-DTH-PS,3,9204,1500,20264102,False,False,2.695224959878251,26.95224959878251,2.997148756514595,21.752498422108957,21.752498422108957,-13.515273861102983,13.515273861102983,0.5277777777777778,0.0,8.23043155670166,,
HPR_DTH_PS,HPR-DTH-PS,3,9204,1500,20264103,False,False,2.713320986032486,27.13320986032486,3.010772810929962,16.384411069901013,16.384411069901013,-3.7912870008821544,3.7912870008821544,0.5202312138728323,0.0,8.201693534851074,,
HPR_DTH_PS,HPR-DTH-PS,3,9204,1500,20264104,False,False,2.6997715112846343,26.997715112846347,2.9967138479279276,21.880589477387336,21.880589477387336,-6.2251596042068575,6.2251596042068575,0.537117903930131,0.0,8.25886058807373,,
HPR_DTH_PS,HPR-DTH-PS,3,9204,1500,20264105,False,False,2.5889101861789827,25.889101861789825,2.8742824959796516,21.43377755202412,21.43377755202412,-10.796403119063203,10.796403119063203,0.5153933865450399,0.0,8.240324020385742,,
HPR_DTH_PS,HPR-DTH-PS,3,9204,1500,20264106,False,False,2.6856057862192393,26.856057862192394,2.990279471943899,23.35390305384589,23.35390305384589,-9.109369379607088,9.109369379607088,0.49048152295632697,0.0,8.248054504394531,,
HPR_DTH_PS,HPR-DTH-PS,3,9204,1500,20264107,False,False,2.7258793079853056,27.258793079853056,3.0264915144116897,20.14703106834313,20.14703106834313,-10.494557837302462,10.494557837302462,0.503448275862069,0.0,8.2616605758667,,
HPR_DTH_PS,HPR-DTH-PS,3,9204,1500,20264108,False,False,2.5283242984348906,25.28324298434891,2.804696030488771,17.619533622952535,17.619533622952535,-10.133560537249451,10.133560537249451,0.5148279952550415,0.0,8.244027137756348,,
HPR_DTH_PS,HPR-DTH-PS,3,9204,1500,20264109,False,False,2.5467454073019327,25.467454073019326,2.82923848078409,25.239795786309497,25.239795786309497,-12.919853117619898,12.919853117619898,0.536281179138322,0.0,8.258883476257324,,
HPR_DTH_PS,HPR-DTH-PS,3,9204,1500,20264110,False,False,2.668362741468009,26.68362741468009,2.9613572381706774,16.744974013833595,16.744974013833595,-6.003592884547756,6.003592884547756,0.49466192170818507,0.0,8.242959022521973,,
HPR_DTH_PS,HPR-DTH-PS,3,9204,1500,20264111,False,False,2.724404717488215,27.244047174882148,3.0309466524539785,22.694716101825602,22.694716101825602,-7.847532766596413,7.847532766596413,0.5038932146829811,0.0,8.260578155517578,,
HPR_DTH_PS,HPR-DTH-PS,3,9204,1500,20264112,False,False,2.7725207800441427,27.725207800441424,3.08202818260692,24.396085283225005,24.396085283225005,-12.015632112785388,12.015632112785388,0.4892601431980907,0.0,8.236882209777832,,
HPR_DTH_PS,HPR-DTH-PS,3,9204,1500,20264113,False,False,2.436536143105477,24.365361431054772,2.7037135053593246,17.435936914167623,17.435936914167623,-8.754797196009795,8.754797196009795,0.46415981198589895,0.0,8.267833709716797,,
HPR_DTH_PS,HPR-DTH-PS,3,9204,1500,20264114,False,False,2.7818152454902885,27.818152454902883,3.0997110258611267,28.738076567997595,28.738076567997595,-15.068888913739519,15.068888913739519,0.5533411488862837,0.0,8.247491836547852,,
HPR_DTH_PS,HPR-DTH-PS,3,9204,1500,20264115,False,False,2.552082528169267,25.52082528169267,2.8326957589720836,22.10908959690626,22.10908959690626,-3.695631771949735,3.695631771949735,0.4797752808988764,0.0,8.248680114746094,,
HPR_DTH_PS,HPR-DTH-PS,3,9204,1500,20264116,False,False,2.3297865028004163,23.297865028004164,2.5877077599150775,19.31785108023502,19.31785108023502,-1.5887624965894156,1.5887624965894156,0.5073446327683616,0.0,8.242051124572754,,
HPR_DTH_PS,HPR-DTH-PS,3,9204,1500,20264117,False,False,2.6649257768690586,26.649257768690585,2.9630124819790415,22.037895194102006,22.037895194102006,-8.552260280150131,8.552260280150131,0.5079908675799086,0.0,8.266322135925293,,
HPR_DTH_PS,HPR-DTH-PS,3,9204,1500,20264118,False,False,2.375875025894493,23.75875025894493,2.6342864175405794,26.77114698055645,26.77114698055645,-8.431244606356474,8.431244606356474,0.502944640753828,0.0,8.230179786682129,,
HPR_DTH_PS,HPR-DTH-PS,3,9204,1500,20264119,False,False,2.695468862596899,26.95468862596899,2.9946451674158,15.911380062564579,15.911380062564579,-2.3080724325206106,2.3080724325206106,0.4951807228915663,0.0,8.276147842407227,,
HPR_DTH_PS,HPR-DTH-PS,3,9204,1500,20264120,False,False,2.5975405079359195,25.97540507935919,2.8883997676656246,18.0291071169435,18.0291071169435,-7.910383390335423,7.910383390335423,0.5161676646706587,0.0,8.253192901611328,,
HPR_DTH_PS,HPR-DTH-PS,4,9205,1500,20264101,False,False,-0.0062895925343036665,-0.06289592534303667,-0.006984520027769197,1.1942614868822305,1.1942614868822305,0.03935570752217196,-0.03935570752217196,0.0,0.0,8.999992370605469,,
HPR_DTH_PS,HPR-DTH-PS,4,9205,1500,20264102,False,False,0.031877698628231886,0.3187769862823188,0.03544869397783703,5.693080590596032,5.693080590596032,-0.2519478475432634,0.2519478475432634,0.5402298850574713,0.0,8.999992370605469,,
HPR_DTH_PS,HPR-DTH-PS,4,9205,1500,20264103,False,False,0.016719805747270586,0.16719805747270589,0.018552739173525155,4.622097909178466,4.622097909178466,-0.06788040508458838,0.06788040508458838,0.4857142857142857,0.0,8.999992370605469,,
HPR_DTH_PS,HPR-DTH-PS,4,9205,1500,20264104,False,False,0.021630806205794217,0.21630806205794217,0.02400993425843837,4.8108075248777755,4.8108075248777755,-0.11738643036765296,0.11738643036765296,0.5,0.0,8.999992370605469,,
HPR_DTH_PS,HPR-DTH-PS,4,9205,1500,20264105,False,False,-0.026766880266368396,-0.267668802663684,-0.029717359772590796,5.178553634932716,5.178553634932716,0.2423593130678083,-0.2423593130678083,0.5342465753424658,0.0,8.999992370605469,,
HPR_DTH_PS,HPR-DTH-PS,4,9205,1500,20264106,False,False,0.03284077323973179,0.3284077323973179,0.03656645758117149,5.679245989142145,5.679245989142145,-0.31262594523448706,0.31262594523448706,0.5476190476190477,0.0,8.999992370605469,,
HPR_DTH_PS,HPR-DTH-PS,4,9205,1500,20264107,False,False,0.02668918162584305,0.2668918162584305,0.029632486471643082,5.085656033124379,5.085656033124379,-0.42903539074986274,0.42903539074986274,0.5211267605633803,0.0,8.999992370605469,,
HPR_DTH_PS,HPR-DTH-PS,4,9205,1500,20264108,False,False,0.12963654207531364,1.2963654207531363,0.14380714340719525,23.352208667278525,23.352208667278525,3.7112895785683224,-3.7112895785683224,0.5,0.0,8.999992370605469,,
HPR_DTH_PS,HPR-DTH-PS,4,9205,1500,20264109,False,False,-0.019335270654410125,-0.19335270654410125,-0.021480000166089232,4.619168234176493,4.619168234176493,0.18983565630816387,-0.18983565630816387,0.5205479452054794,0.0,8.999992370605469,,
HPR_DTH_PS,HPR-DTH-PS,4,9205,1500,20264110,False,False,-0.007174998822156341,-0.07174998822156342,-0.007962835923937858,1.7732275210145907,1.7732275210145907,0.2038404928146015,-0.2038404928146015,0.7142857142857143,0.0,8.999992370605469,,
HPR_DTH_PS,HPR-DTH-PS,4,9205,1500,20264111,False,False,-0.011130269737914212,-0.11130269737914211,-0.012382614663119277,3.3946685007473016,3.3946685007473016,0.20852333327381273,-0.20852333327381273,0.32,0.0,8.999992370605469,,
HPR_DTH_PS,HPR-DTH-PS,4,9205,1500,20264112,False,False,-0.0026706087752245366,-0.026706087752245367,-0.002968739339738447,0.550248964250983,0.550248964250983,-0.07172816729772363,0.07172816729772363,1.0,0.0,8.999992370605469,,
HPR_DTH_PS,HPR-DTH-PS,4,9205,1500,20264113,False,False,0.00680758086964488,0.0680758086964488,0.007554063332147278,1.5528474461646724,1.5528474461646724,-0.056078366241592965,0.056078366241592965,0.0,0.0,8.999992370605469,,
HPR_DTH_PS,HPR-DTH-PS,4,9205,1500,20264114,False,False,0.004844000082230193,0.04844000082230193,0.0053975548838128455,0.9810775385563516,0.9810775385563516,-0.14148428669843618,0.14148428669843618,1.0,0.0,8.999992370605469,,
HPR_DTH_PS,HPR-DTH-PS,4,9205,1500,20264115,False,False,0.032977074380032716,0.32977074380032717,0.03660305562557025,5.776492319457891,5.776492319457891,-0.48689902030099164,0.48689902030099164,0.5617977528089888,0.0,8.999992370605469,,
HPR_DTH_PS,HPR-DTH-PS,4,9205,1500,20264116,False,False,-0.1324533011694439,-1.324533011694439,-0.14711667135617398,23.35830861059845,23.35830861059845,-3.659353930115552,3.659353930115552,0.5196850393700787,0.0,8.999992370605469,,
HPR_DTH_PS,HPR-DTH-PS,4,9205,1500,20264117,False,False,0.031254086345434196,0.31254086345434196,0.034750028971978555,5.384536087881706,5.384536087881706,-0.3704285553663668,0.3704285553663668,0.5540540540540541,0.0,8.999992370605469,,
HPR_DTH_PS,HPR-DTH-PS,4,9205,1500,20264118,False,False,-0.019521408919245007,-0.1952140891924501,-0.021644649574049737,4.542670271995719,4.542670271995719,0.2976798976141587,-0.2976798976141587,0.45588235294117646,0.0,8.999992370605469,,
HPR_DTH_PS,HPR-DTH-PS,4,9205,1500,20264119,False,False,-0.008583797644823787,-0.08583797644823787,-0.00953653313968586,2.642501538106812,2.642501538106812,0.08072247547910223,-0.08072247547910223,0.2972972972972973,0.0,8.999992370605469,,
HPR_DTH_PS,HPR-DTH-PS,4,9205,1500,20264120,False,False,0.0008162009762600064,0.008162009762600064,0.0009075949741670084,0.13733924237092748,0.13733924237092748,-0.0013891286612266712,0.0013891286612266712,0.0,0.0,8.999992370605469,,
HPR_THDOT_PS,HPR-THDOT-PS,0,9201,1500,20264101,False,False,-0.0062895925343036665,-0.06289592534303667,-0.006984520027769197,1.1942614868822305,1.1942614868822305,0.03935570752217196,-0.03935570752217196,0.0,0.0,8.999992370605469,,
HPR_THDOT_PS,HPR-THDOT-PS,0,9201,1500,20264102,False,False,0.031877698628231886,0.3187769862823188,0.03544869397783703,5.693080590596032,5.693080590596032,-0.2519478475432634,0.2519478475432634,0.5402298850574713,0.0,8.999992370605469,,
HPR_THDOT_PS,HPR-THDOT-PS,0,9201,1500,20264103,False,False,0.016719805747270586,0.16719805747270589,0.018552739173525155,4.622097909178466,4.622097909178466,-0.06788040508458838,0.06788040508458838,0.4857142857142857,0.0,8.999992370605469,,
HPR_THDOT_PS,HPR-THDOT-PS,0,9201,1500,20264104,False,False,0.021630806205794217,0.21630806205794217,0.02400993425843837,4.8108075248777755,4.8108075248777755,-0.11738643036765296,0.11738643036765296,0.5,0.0,8.999992370605469,,
HPR_THDOT_PS,HPR-THDOT-PS,0,9201,1500,20264105,False,False,-0.026766880266368396,-0.267668802663684,-0.029717359772590796,5.178553634932716,5.178553634932716,0.2423593130678083,-0.2423593130678083,0.5342465753424658,0.0,8.999992370605469,,
HPR_THDOT_PS,HPR-THDOT-PS,0,9201,1500,20264106,False,False,0.03284077323973179,0.3284077323973179,0.03656645758117149,5.679245989142145,5.679245989142145,-0.31262594523448706,0.31262594523448706,0.5476190476190477,0.0,8.999992370605469,,
HPR_THDOT_PS,HPR-THDOT-PS,0,9201,1500,20264107,False,False,0.02668918162584305,0.2668918162584305,0.029632486471643082,5.085656033124379,5.085656033124379,-0.42903539074986274,0.42903539074986274,0.5211267605633803,0.0,8.999992370605469,,
HPR_THDOT_PS,HPR-THDOT-PS,0,9201,1500,20264108,False,False,0.12963654207531364,1.2963654207531363,0.14380714340719525,23.352208667278525,23.352208667278525,3.7112895785683224,-3.7112895785683224,0.5,0.0,8.999992370605469,,
HPR_THDOT_PS,HPR-THDOT-PS,0,9201,1500,20264109,False,False,-0.019335270654410125,-0.19335270654410125,-0.021480000166089232,4.619168234176493,4.619168234176493,0.18983565630816387,-0.18983565630816387,0.5205479452054794,0.0,8.999992370605469,,
HPR_THDOT_PS,HPR-THDOT-PS,0,9201,1500,20264110,False,False,-0.007174998822156341,-0.07174998822156342,-0.007962835923937858,1.7732275210145907,1.7732275210145907,0.2038404928146015,-0.2038404928146015,0.7142857142857143,0.0,8.999992370605469,,
HPR_THDOT_PS,HPR-THDOT-PS,0,9201,1500,20264111,False,False,-0.011130269737914212,-0.11130269737914211,-0.012382614663119277,3.3946685007473016,3.3946685007473016,0.20852333327381273,-0.20852333327381273,0.32,0.0,8.999992370605469,,
HPR_THDOT_PS,HPR-THDOT-PS,0,9201,1500,20264112,False,False,-0.0026706087752245366,-0.026706087752245367,-0.002968739339738447,0.550248964250983,0.550248964250983,-0.07172816729772363,0.07172816729772363,1.0,0.0,8.999992370605469,,
HPR_THDOT_PS,HPR-THDOT-PS,0,9201,1500,20264113,False,False,0.00680758086964488,0.0680758086964488,0.007554063332147278,1.5528474461646724,1.5528474461646724,-0.056078366241592965,0.056078366241592965,0.0,0.0,8.999992370605469,,
HPR_THDOT_PS,HPR-THDOT-PS,0,9201,1500,20264114,False,False,0.004844000082230193,0.04844000082230193,0.0053975548838128455,0.9810775385563516,0.9810775385563516,-0.14148428669843618,0.14148428669843618,1.0,0.0,8.999992370605469,,
HPR_THDOT_PS,HPR-THDOT-PS,0,9201,1500,20264115,False,False,0.032977074380032716,0.32977074380032717,0.03660305562557025,5.776492319457891,5.776492319457891,-0.48689902030099164,0.48689902030099164,0.5617977528089888,0.0,8.999992370605469,,
HPR_THDOT_PS,HPR-THDOT-PS,0,9201,1500,20264116,False,False,-0.1324533011694439,-1.324533011694439,-0.14711667135617398,23.35830861059845,23.35830861059845,-3.659353930115552,3.659353930115552,0.5196850393700787,0.0,8.999992370605469,,
HPR_THDOT_PS,HPR-THDOT-PS,0,9201,1500,20264117,False,False,0.031254086345434196,0.31254086345434196,0.034750028971978555,5.384536087881706,5.384536087881706,-0.3704285553663668,0.3704285553663668,0.5540540540540541,0.0,8.999992370605469,,
HPR_THDOT_PS,HPR-THDOT-PS,0,9201,1500,20264118,False,False,-0.019521408919245007,-0.1952140891924501,-0.021644649574049737,4.542670271995719,4.542670271995719,0.2976798976141587,-0.2976798976141587,0.45588235294117646,0.0,8.999992370605469,,
HPR_THDOT_PS,HPR-THDOT-PS,0,9201,1500,20264119,False,False,-0.008583797644823787,-0.08583797644823787,-0.00953653313968586,2.642501538106812,2.642501538106812,0.08072247547910223,-0.08072247547910223,0.2972972972972973,0.0,8.999992370605469,,
HPR_THDOT_PS,HPR-THDOT-PS,0,9201,1500,20264120,False,False,0.0008162009762600064,0.008162009762600064,0.0009075949741670084,0.13733924237092748,0.13733924237092748,-0.0013891286612266712,0.0013891286612266712,0.0,0.0,8.999992370605469,,
HPR_THDOT_PS,HPR-THDOT-PS,1,9202,1500,20264101,False,False,2.948933621160686,29.48933621160686,3.274756802642236,35.44732377240491,35.44732377240491,-23.436397176603556,23.436397176603556,0.5343855693348365,0.0,8.482037544250488,,
HPR_THDOT_PS,HPR-THDOT-PS,1,9202,1500,20264102,False,False,3.151142280129716,31.511422801297158,3.504138729450609,40.16664308080373,40.16664308080373,-19.027459356743776,19.027459356743776,0.5182998819362455,0.0,8.48444938659668,,
HPR_THDOT_PS,HPR-THDOT-PS,1,9202,1500,20264103,False,False,2.9236124861240387,29.236124861240388,3.244117827647325,41.310680002075756,41.310680002075756,-16.159598880870572,16.159598880870572,0.5165562913907285,0.0,8.483587265014648,,
HPR_THDOT_PS,HPR-THDOT-PS,1,9202,1500,20264104,False,False,2.812718479363248,28.12718479363248,3.122083621595033,31.137882399163168,31.137882399163168,-18.425346682818645,18.425346682818645,0.4794520547945205,0.0,8.47518539428711,,
HPR_THDOT_PS,HPR-THDOT-PS,1,9202,1500,20264105,False,False,2.8045703576877714,28.045703576877713,3.113714616629057,37.02920361645028,37.02920361645028,-25.72693006892789,25.72693006892789,0.5128504672897196,0.0,8.478334426879883,,
HPR_THDOT_PS,HPR-THDOT-PS,1,9202,1500,20264106,False,False,2.8816810921579603,28.816810921579602,3.208598916038146,29.601149521009344,29.601149521009344,-10.909394579243022,10.909394579243022,0.4937428896473265,0.0,8.481398582458496,,
HPR_THDOT_PS,HPR-THDOT-PS,1,9202,1500,20264107,False,False,2.862850934267044,28.62850934267044,3.178568484012827,26.855987658082565,26.855987658082565,-18.048267167969442,18.048267167969442,0.5249406175771971,0.0,8.485284805297852,,
HPR_THDOT_PS,HPR-THDOT-PS,1,9202,1500,20264108,False,False,2.77510169940535,27.751016994053497,3.0784487280144144,47.85758103733609,47.85758103733609,-26.1121526097358,26.1121526097358,0.522075055187638,0.0,8.485199928283691,,
HPR_THDOT_PS,HPR-THDOT-PS,1,9202,1500,20264109,False,False,2.8695939943380653,28.695939943380655,3.187898456488959,37.15409346818585,37.15409346818585,-29.047281411047177,29.047281411047177,0.5056306306306306,0.0,8.471566200256348,,
HPR_THDOT_PS,HPR-THDOT-PS,1,9202,1500,20264110,False,False,2.822166242597159,28.22166242597159,3.132048840270557,31.749122818596533,31.749122818596533,-13.718482899405526,13.718482899405526,0.5141884222474461,0.0,8.483739852905273,,
HPR_THDOT_PS,HPR-THDOT-PS,1,9202,1500,20264111,False,False,2.8970132265519357,28.970132265519354,3.2229765587940666,21.111867709017222,21.111867709017222,-3.532278723116813,3.532278723116813,0.5146886016451234,0.0,8.490504264831543,,
HPR_THDOT_PS,HPR-THDOT-PS,1,9202,1500,20264112,False,False,3.0582562346034683,30.582562346034685,3.399661410123368,37.43699092324293,37.43699092324293,-22.802226755103348,22.802226755103348,0.5093240093240093,0.0,8.4910888671875,,
HPR_THDOT_PS,HPR-THDOT-PS,1,9202,1500,20264113,False,False,3.3872851779870694,33.87285177987069,3.7587165321317557,35.80899481386438,35.80899481386438,-14.170807782809705,14.170807782809705,0.5242494226327945,0.0,8.491899490356445,,
HPR_THDOT_PS,HPR-THDOT-PS,1,9202,1500,20264114,False,False,3.011525442939019,30.115254429390188,3.355671673477418,32.883122682689,32.883122682689,-25.684846857239485,25.684846857239485,0.515358361774744,0.0,8.479997634887695,,
HPR_THDOT_PS,HPR-THDOT-PS,1,9202,1500,20264115,False,False,2.5947331896377728,25.94733189637773,2.8800360571503947,29.435002596752287,29.435002596752287,-21.901416510369412,21.901416510369412,0.5402425578831312,0.0,8.486397743225098,,
HPR_THDOT_PS,HPR-THDOT-PS,1,9202,1500,20264116,False,False,2.7859741134266374,27.859741134266372,3.094398059037184,24.744027701769095,24.744027701769095,-16.389242525908653,16.389242525908653,0.4704519119351101,0.0,8.471668243408203,,
HPR_THDOT_PS,HPR-THDOT-PS,1,9202,1500,20264117,False,False,2.866004554182291,28.66004554182291,3.186583034004013,34.45873602958759,34.45873602958759,-12.329054875071199,12.329054875071199,0.5181518151815182,0.0,8.48159408569336,,
HPR_THDOT_PS,HPR-THDOT-PS,1,9202,1500,20264118,False,False,3.1068494330905376,31.068494330905377,3.444765054446723,28.275201390991665,28.275201390991665,-16.32818066361576,16.32818066361576,0.5324971493728621,0.0,8.479665756225586,,
HPR_THDOT_PS,HPR-THDOT-PS,1,9202,1500,20264119,False,False,3.082893922869116,30.828939228691162,3.42507142853098,34.22071660665733,34.22071660665733,-23.57369955770546,23.57369955770546,0.5452538631346578,0.0,8.490415573120117,,
HPR_THDOT_PS,HPR-THDOT-PS,1,9202,1500,20264120,False,False,2.917149577760138,29.17149577760138,3.243797021415353,34.57856279721747,34.57856279721747,-29.260816164766823,29.260816164766823,0.5130237825594564,0.0,8.484298706054688,,
HPR_THDOT_PS,HPR-THDOT-PS,2,9203,1500,20264101,False,False,0.0036423375084996216,0.03642337508499621,0.004044773828711477,5.05483254446482,5.05483254446482,1.1593244640788913,-1.1593244640788913,0.34782608695652173,0.0,8.999992370605469,,
HPR_THDOT_PS,HPR-THDOT-PS,2,9203,1500,20264102,False,False,-0.00044393885880709136,-0.004439388588070914,-0.0004936696633672783,0.30392009461358277,0.30392009461358277,0.0004716750612523186,-0.0004716750612523186,0.0,0.0,8.999992370605469,,
HPR_THDOT_PS,HPR-THDOT-PS,2,9203,1500,20264103,False,False,-0.0023725025542080335,-0.023725025542080336,-0.0026325916545967823,2.620623452182236,2.620623452182236,-0.1008767470011243,0.1008767470011243,0.425531914893617,0.0,8.999992370605469,,
HPR_THDOT_PS,HPR-THDOT-PS,2,9203,1500,20264104,False,False,-0.004084179038181901,-0.04084179038181901,-0.00453338952203141,7.014495868952263,7.014495868952263,-1.7336356635138714,1.7336356635138714,0.5972222222222222,0.0,8.999992370605469,,
HPR_THDOT_PS,HPR-THDOT-PS,2,9203,1500,20264105,False,False,0.0018588529154658306,0.018588529154658306,0.0020637519316225534,1.9380814290255641,1.9380814290255641,0.36201125827758035,-0.36201125827758035,0.6774193548387096,0.0,8.999992370605469,,
HPR_THDOT_PS,HPR-THDOT-PS,2,9203,1500,20264106,False,False,-0.0033319637924432823,-0.03331963792443282,-0.003709964798605077,4.4909043488160565,4.4909043488160565,-0.906927596323207,0.906927596323207,0.6698113207547169,0.0,8.999992370605469,,
HPR_THDOT_PS,HPR-THDOT-PS,2,9203,1500,20264107,False,False,0.004384424053132535,0.04384424053132535,0.004867941934742349,8.177282201538832,8.177282201538832,0.9360619180503377,-0.9360619180503377,0.4713375796178344,0.0,8.999992370605469,,
HPR_THDOT_PS,HPR-THDOT-PS,2,9203,1500,20264108,False,False,0.004225714304484428,0.04225714304484429,0.004687628142918116,10.191240627532528,10.191240627532528,1.1895000395134347,-1.1895000395134347,0.4720496894409938,0.0,8.999992370605469,,
HPR_THDOT_PS,HPR-THDOT-PS,2,9203,1500,20264109,False,False,-0.001927571184933191,-0.01927571184933191,-0.0021413834909556847,3.8943106730130976,3.8943106730130976,-0.9586217310888699,0.9586217310888699,0.6451612903225806,0.0,8.999992370605469,,
HPR_THDOT_PS,HPR-THDOT-PS,2,9203,1500,20264110,False,False,-0.004338937441352753,-0.043389374413527526,-0.00481536621623293,4.669364353266065,4.669364353266065,-0.07247556957484347,0.07247556957484347,0.5964912280701754,0.0,8.999992370605469,,
HPR_THDOT_PS,HPR-THDOT-PS,2,9203,1500,20264111,False,False,-0.0031679161358624695,-0.0316791613586247,-0.003524360659637872,1.8821824812414538,1.8821824812414538,0.1261828930474798,-0.1261828930474798,0.425,0.0,8.999992370605469,,
HPR_THDOT_PS,HPR-THDOT-PS,2,9203,1500,20264112,False,False,0.003295212315861135,0.032952123158611346,0.003663069830984544,5.9866227829241145,5.9866227829241145,1.2863434175304438,-1.2863434175304438,0.3880597014925373,0.0,8.999992370605469,,
HPR_THDOT_PS,HPR-THDOT-PS,2,9203,1500,20264113,False,False,-0.0020442526787519404,-0.0204425267875194,-0.002268414360094034,2.6847605520868885,2.6847605520868885,-0.6957023741337358,0.6957023741337358,0.47058823529411764,0.0,8.999992370605469,,
HPR_THDOT_PS,HPR-THDOT-PS,2,9203,1500,20264114,False,False,0.0046318153326865286,0.046318153326865286,0.0051611224288731,9.078698828457869,9.078698828457869,2.5493303391241127,-2.5493303391241127,0.42592592592592593,0.0,8.999992370605469,,
HPR_THDOT_PS,HPR-THDOT-PS,2,9203,1500,20264115,False,False,0.0033633916405960917,0.03363391640596092,0.003733212045816254,7.164667799130009,7.164667799130009,1.1497120771982097,-1.1497120771982097,0.4295774647887324,0.0,8.999992370605469,,
HPR_THDOT_PS,HPR-THDOT-PS,2,9203,1500,20264116,False,False,0.004332369088660921,0.0433236908866092,0.004811988178345314,6.549021130980628,6.549021130980628,0.6194399032346826,-0.6194399032346826,0.43661971830985913,0.0,8.999992370605469,,
HPR_THDOT_PS,HPR-THDOT-PS,2,9203,1500,20264117,False,False,-0.0021284261718392374,-0.021284261718392372,-0.002366502425272012,3.0168877321220595,3.0168877321220595,-0.27122995871508493,0.27122995871508493,0.546875,0.0,8.999992370605469,,
HPR_THDOT_PS,HPR-THDOT-PS,2,9203,1500,20264118,False,False,-0.003359851781278844,-0.03359851781278844,-0.003725285133227973,6.6736515155069185,6.6736515155069185,-1.014131665635674,1.014131665635674,0.574468085106383,0.0,8.999992370605469,,
HPR_THDOT_PS,HPR-THDOT-PS,2,9203,1500,20264119,False,False,-6.647065863944479e-05,-0.0006647065863944479,-7.38483903233747e-05,0.6003086534108507,0.6003086534108507,-0.03263546804462392,0.03263546804462392,0.0,0.0,8.999992370605469,,
HPR_THDOT_PS,HPR-THDOT-PS,2,9203,1500,20264120,False,False,-0.0017838999209925544,-0.017838999209925543,-0.001983651882075186,4.370664683535743,4.370664683535743,-1.252644915668743,1.252644915668743,0.6568627450980392,0.0,8.999992370605469,,
HPR_THDOT_PS,HPR-THDOT-PS,3,9204,1500,20264101,False,False,-0.00034237478161230905,-0.0034237478161230905,-0.0003802032494365751,0.2867166154388848,0.2867166154388848,-0.006930885385811901,0.006930885385811901,0.4492753623188406,0.0,8.999927520751953,,
HPR_THDOT_PS,HPR-THDOT-PS,3,9204,1500,20264102,False,False,-9.73221519961931e-05,-0.000973221519961931,-0.0001082243490539249,0.5148764559257674,0.5148764559257674,0.018029253942827755,-0.018029253942827755,0.5,0.0,8.999992370605469,,
HPR_THDOT_PS,HPR-THDOT-PS,3,9204,1500,20264103,False,False,0.0011855025682598387,0.011855025682598386,0.0013154650401401601,0.46167747664939285,0.46167747664939285,0.046329325977571265,-0.046329325977571265,0.5058823529411764,0.0,8.999992370605469,,
HPR_THDOT_PS,HPR-THDOT-PS,3,9204,1500,20264104,False,False,-0.00026121446164324437,-0.0026121446164324436,-0.00028994490504601094,0.47351146125694915,0.47351146125694915,0.0061302443348929805,-0.0061302443348929805,0.4892086330935252,0.0,8.999992370605469,,
HPR_THDOT_PS,HPR-THDOT-PS,3,9204,1500,20264105,False,False,-0.00041338140843436564,-0.004133814084343657,-0.00045894792054565643,0.3616233817751658,0.3616233817751658,-0.02392058122186342,0.02392058122186342,0.5238095238095238,0.0,8.999992370605469,,
HPR_THDOT_PS,HPR-THDOT-PS,3,9204,1500,20264106,False,False,-0.0003044207114726305,-0.003044207114726305,-0.00033895630141334937,0.30411521964933885,0.30411521964933885,0.044865296680538125,-0.044865296680538125,0.5111111111111111,0.0,8.999992370605469,,
HPR_THDOT_PS,HPR-THDOT-PS,3,9204,1500,20264107,False,False,0.0010974735952913762,0.010974735952913761,0.0012185038837596782,0.38096321628303387,0.38096321628303387,-0.1421784627704109,0.1421784627704109,0.4896551724137931,0.0,8.999991416931152,,
HPR_THDOT_PS,HPR-THDOT-PS,3,9204,1500,20264108,False,False,0.0003796151606366038,0.0037961516063660383,0.0004211109843819974,0.6973561630515668,0.6973561630515668,-0.18410710172811764,0.18410710172811764,0.5757575757575758,0.0,8.999974250793457,,
HPR_THDOT_PS,HPR-THDOT-PS,3,9204,1500,20264109,False,False,-0.0008493721112608876,-0.008493721112608876,-0.0009435871582585832,0.4065390475927455,0.4065390475927455,-0.01899773483308551,0.01899773483308551,0.5094339622641509,0.0,8.999992370605469,,
HPR_THDOT_PS,HPR-THDOT-PS,3,9204,1500,20264110,False,False,-0.0005103973788209259,-0.0051039737882092595,-0.0005664405924372751,2.549656158348822,2.549656158348822,0.25548895211612205,-0.25548895211612205,0.475,0.0,8.999968528747559,,
HPR_THDOT_PS,HPR-THDOT-PS,3,9204,1500,20264111,False,False,0.0009520806046202756,0.009520806046202757,0.0010592058892412584,0.7416527969769757,0.7416527969769757,0.12380181780566604,-0.12380181780566604,0.4523809523809524,0.0,8.999974250793457,,
HPR_THDOT_PS,HPR-THDOT-PS,3,9204,1500,20264112,False,False,-0.0003541155462153278,-0.003541155462153278,-0.0003936468578307669,0.3966247572755251,0.3966247572755251,-0.12884081607811856,0.12884081607811856,0.5419847328244275,0.0,8.999992370605469,,
HPR_THDOT_PS,HPR-THDOT-PS,3,9204,1500,20264113,False,False,-0.000698942993767554,-0.00698942993767554,-0.0007755852984462818,0.3816764183370577,0.3816764183370577,-0.023220605040891313,0.023220605040891313,0.4745762711864407,0.0,8.999992370605469,,
HPR_THDOT_PS,HPR-THDOT-PS,3,9204,1500,20264114,False,False,0.0005060505622532241,0.005060505622532241,0.0005638801893844238,0.4819247072456133,0.4819247072456133,-0.09968340267405632,0.09968340267405632,0.4939759036144578,0.0,8.999992370605469,,
HPR_THDOT_PS,HPR-THDOT-PS,3,9204,1500,20264115,False,False,0.00020718601299449802,0.00207186012994498,0.00022996706957939084,0.937874004790592,0.937874004790592,-0.20938344675667264,0.20938344675667264,0.4626865671641791,0.0,8.999992370605469,,
HPR_THDOT_PS,HPR-THDOT-PS,3,9204,1500,20264116,False,False,-0.0014055031281896002,-0.014055031281896002,-0.001561100704733851,0.5051778199142052,0.5051778199142052,-0.08835027045386415,0.08835027045386415,0.5212765957446809,0.0,8.999992370605469,,
HPR_THDOT_PS,HPR-THDOT-PS,3,9204,1500,20264117,False,False,-0.0006461257115006446,-0.006461257115006447,-0.0007183984502387391,0.3691007702995262,0.3691007702995262,-0.10156310929195794,0.10156310929195794,0.47093023255813954,0.0,8.999992370605469,,
HPR_THDOT_PS,HPR-THDOT-PS,3,9204,1500,20264118,False,False,-0.0012155950441956498,-0.012155950441956498,-0.0013478089037737306,0.5434993989014053,0.5434993989014053,0.14874546983302156,-0.14874546983302156,0.4264705882352941,0.0,8.999992370605469,,
HPR_THDOT_PS,HPR-THDOT-PS,3,9204,1500,20264119,False,False,9.87466191870734e-07,9.87466191870734e-06,1.097067341606463e-06,0.48093226329811073,0.48093226329811073,-0.001602651722449973,0.001602651722449973,0.5299539170506913,0.0,8.999992370605469,,
HPR_THDOT_PS,HPR-THDOT-PS,3,9204,1500,20264120,False,False,-0.0003588222130201768,-0.003588222130201768,-0.00039900128354275976,0.3129785333508329,0.3129785333508329,0.07239573737575718,-0.07239573737575718,0.5104166666666666,0.0,8.999992370605469,,
HPR_THDOT_PS,HPR-THDOT-PS,4,9205,1500,20264101,False,False,2.6295729453489183,26.295729453489184,2.92011045248147,22.202572809104332,22.202572809104332,-11.943284160546627,11.943284160546627,0.49071925754060325,0.0,8.516741752624512,,
HPR_THDOT_PS,HPR-THDOT-PS,4,9205,1500,20264102,False,False,3.019833514718339,30.19833514718339,3.3581205273225194,18.13384070973229,18.13384070973229,-8.47379247773354,8.47379247773354,0.5449561403508771,0.0,8.50430679321289,,
HPR_THDOT_PS,HPR-THDOT-PS,4,9205,1500,20264103,False,False,3.115805002450943,31.158050024509432,3.457379732744435,26.138141713414484,26.138141713414484,-18.35347822827892,18.35347822827892,0.5360094451003542,0.0,8.502337455749512,,
HPR_THDOT_PS,HPR-THDOT-PS,4,9205,1500,20264104,False,False,3.105885383812711,31.05885383812711,3.4474953531603587,28.828016972904038,28.828016972904038,-13.4076604686646,13.4076604686646,0.543757292882147,0.0,8.510351181030273,,
HPR_THDOT_PS,HPR-THDOT-PS,4,9205,1500,20264105,False,False,2.611679084189236,26.116790841892364,2.8995611809463977,25.60314169659975,25.60314169659975,-19.714762254671722,19.714762254671722,0.5326460481099656,0.0,8.49392318725586,,
HPR_THDOT_PS,HPR-THDOT-PS,4,9205,1500,20264106,False,False,2.947028363123536,29.47028363123536,3.2813596331614914,46.21533026597429,46.21533026597429,-20.905744288226593,20.905744288226593,0.5209251101321586,0.0,8.517386436462402,,
HPR_THDOT_PS,HPR-THDOT-PS,4,9205,1500,20264107,False,False,2.7056229412555695,27.056229412555695,3.0040012589404492,22.940184913458996,22.940184913458996,-7.369111260248294,7.369111260248294,0.5088757396449705,0.0,8.49678897857666,,
HPR_THDOT_PS,HPR-THDOT-PS,4,9205,1500,20264108,False,False,2.489070453220047,24.89070453220047,2.761151338091658,21.931402083213374,21.931402083213374,-16.451271189908038,16.451271189908038,0.5075493612078978,0.0,8.499738693237305,,
HPR_THDOT_PS,HPR-THDOT-PS,4,9205,1500,20264109,False,False,2.6847141573019324,26.847141573019325,2.9825111618799283,22.245493281893257,22.245493281893257,-7.1397044902604545,7.1397044902604545,0.5093457943925234,0.0,8.492962837219238,,
HPR_THDOT_PS,HPR-THDOT-PS,4,9205,1500,20264110,False,False,2.9102975559211335,29.102975559211337,3.2298572448647005,28.564332951867204,28.564332951867204,-19.80379605535758,19.80379605535758,0.5169683257918553,0.0,8.501155853271484,,
HPR_THDOT_PS,HPR-THDOT-PS,4,9205,1500,20264111,False,False,2.608547745747492,26.08547745747492,2.90205379802347,19.83600061947819,19.83600061947819,-4.881065098978292,4.881065098978292,0.48645598194130923,0.0,8.509329795837402,,
HPR_THDOT_PS,HPR-THDOT-PS,4,9205,1500,20264112,False,False,2.806846360641066,28.06846360641066,3.120185662812489,32.372521113061595,32.372521113061595,-21.56016833903261,21.56016833903261,0.525,0.0,8.504204750061035,,
HPR_THDOT_PS,HPR-THDOT-PS,4,9205,1500,20264113,False,False,2.8464411952905357,28.46441195290536,3.158566526375966,23.093860790602022,23.093860790602022,-8.602589934654139,8.602589934654139,0.5058411214953271,0.0,8.483891487121582,,
HPR_THDOT_PS,HPR-THDOT-PS,4,9205,1500,20264114,False,False,2.851814253668999,28.518142536689993,3.1777092674059753,22.53269761621865,22.53269761621865,-2.832622441483133,2.832622441483133,0.5101809954751131,0.0,8.518744468688965,,
HPR_THDOT_PS,HPR-THDOT-PS,4,9205,1500,20264115,False,False,2.9989388552261516,29.989388552261516,3.3286859977485332,29.501914343782882,29.501914343782882,-19.16971787401643,19.16971787401643,0.5366132723112128,0.0,8.514941215515137,,
HPR_THDOT_PS,HPR-THDOT-PS,4,9205,1500,20264116,False,False,2.634941245994997,26.349412459949967,2.926644952653701,24.40361440620629,24.40361440620629,-17.211044432887377,17.211044432887377,0.5196850393700787,0.0,8.508785247802734,,
HPR_THDOT_PS,HPR-THDOT-PS,4,9205,1500,20264117,False,False,3.0493762697279454,30.493762697279454,3.390465891350243,22.553786665637492,22.553786665637492,-9.286544917443083,9.286544917443083,0.5262529832935561,0.0,8.487283706665039,,
HPR_THDOT_PS,HPR-THDOT-PS,4,9205,1500,20264118,False,False,2.7047495185397565,27.047495185397565,2.9989308536362005,24.814169275046233,24.814169275046233,-13.798327731190163,13.798327731190163,0.49887640449438203,0.0,8.504149436950684,,
HPR_THDOT_PS,HPR-THDOT-PS,4,9205,1500,20264119,False,False,2.7443364315666257,27.44336431566626,3.0489366605542374,26.51692101340544,26.51692101340544,-7.817174138893635,7.817174138893635,0.48654708520179374,0.0,8.514037132263184,,
HPR_THDOT_PS,HPR-THDOT-PS,4,9205,1500,20264120,False,False,3.018693023347296,30.18693023347296,3.356710781083716,24.68704842309356,24.68704842309356,-13.891933681742374,13.891933681742374,0.4882943143812709,0.0,8.509949684143066,,
HPR_OBS_PS,HPR-OBS-PS,0,9201,1500,20264101,False,False,0.0036423375084996216,0.03642337508499621,0.004044773828711477,5.05483254446482,5.05483254446482,1.1593244640788913,-1.1593244640788913,0.34782608695652173,0.0,8.999992370605469,,
HPR_OBS_PS,HPR-OBS-PS,0,9201,1500,20264102,False,False,-0.00044393885880709136,-0.004439388588070914,-0.0004936696633672783,0.30392009461358277,0.30392009461358277,0.0004716750612523186,-0.0004716750612523186,0.0,0.0,8.999992370605469,,
HPR_OBS_PS,HPR-OBS-PS,0,9201,1500,20264103,False,False,-0.0023725025542080335,-0.023725025542080336,-0.0026325916545967823,2.620623452182236,2.620623452182236,-0.1008767470011243,0.1008767470011243,0.425531914893617,0.0,8.999992370605469,,
HPR_OBS_PS,HPR-OBS-PS,0,9201,1500,20264104,False,False,-0.004084179038181901,-0.04084179038181901,-0.00453338952203141,7.014495868952263,7.014495868952263,-1.7336356635138714,1.7336356635138714,0.5972222222222222,0.0,8.999992370605469,,
HPR_OBS_PS,HPR-OBS-PS,0,9201,1500,20264105,False,False,0.0018588529154658306,0.018588529154658306,0.0020637519316225534,1.9380814290255641,1.9380814290255641,0.36201125827758035,-0.36201125827758035,0.6774193548387096,0.0,8.999992370605469,,
HPR_OBS_PS,HPR-OBS-PS,0,9201,1500,20264106,False,False,-0.0033319637924432823,-0.03331963792443282,-0.003709964798605077,4.4909043488160565,4.4909043488160565,-0.906927596323207,0.906927596323207,0.6698113207547169,0.0,8.999992370605469,,
HPR_OBS_PS,HPR-OBS-PS,0,9201,1500,20264107,False,False,0.004384424053132535,0.04384424053132535,0.004867941934742349,8.177282201538832,8.177282201538832,0.9360619180503377,-0.9360619180503377,0.4713375796178344,0.0,8.999992370605469,,
HPR_OBS_PS,HPR-OBS-PS,0,9201,1500,20264108,False,False,0.004225714304484428,0.04225714304484429,0.004687628142918116,10.191240627532528,10.191240627532528,1.1895000395134347,-1.1895000395134347,0.4720496894409938,0.0,8.999992370605469,,
HPR_OBS_PS,HPR-OBS-PS,0,9201,1500,20264109,False,False,-0.001927571184933191,-0.01927571184933191,-0.0021413834909556847,3.8943106730130976,3.8943106730130976,-0.9586217310888699,0.9586217310888699,0.6451612903225806,0.0,8.999992370605469,,
HPR_OBS_PS,HPR-OBS-PS,0,9201,1500,20264110,False,False,-0.004338937441352753,-0.043389374413527526,-0.00481536621623293,4.669364353266065,4.669364353266065,-0.07247556957484347,0.07247556957484347,0.5964912280701754,0.0,8.999992370605469,,
HPR_OBS_PS,HPR-OBS-PS,0,9201,1500,20264111,False,False,-0.0031679161358624695,-0.0316791613586247,-0.003524360659637872,1.8821824812414538,1.8821824812414538,0.1261828930474798,-0.1261828930474798,0.425,0.0,8.999992370605469,,
HPR_OBS_PS,HPR-OBS-PS,0,9201,1500,20264112,False,False,0.003295212315861135,0.032952123158611346,0.003663069830984544,5.9866227829241145,5.9866227829241145,1.2863434175304438,-1.2863434175304438,0.3880597014925373,0.0,8.999992370605469,,
HPR_OBS_PS,HPR-OBS-PS,0,9201,1500,20264113,False,False,-0.0020442526787519404,-0.0204425267875194,-0.002268414360094034,2.6847605520868885,2.6847605520868885,-0.6957023741337358,0.6957023741337358,0.47058823529411764,0.0,8.999992370605469,,
HPR_OBS_PS,HPR-OBS-PS,0,9201,1500,20264114,False,False,0.0046318153326865286,0.046318153326865286,0.0051611224288731,9.078698828457869,9.078698828457869,2.5493303391241127,-2.5493303391241127,0.42592592592592593,0.0,8.999992370605469,,
HPR_OBS_PS,HPR-OBS-PS,0,9201,1500,20264115,False,False,0.0033633916405960917,0.03363391640596092,0.003733212045816254,7.164667799130009,7.164667799130009,1.1497120771982097,-1.1497120771982097,0.4295774647887324,0.0,8.999992370605469,,
HPR_OBS_PS,HPR-OBS-PS,0,9201,1500,20264116,False,False,0.004332369088660921,0.0433236908866092,0.004811988178345314,6.549021130980628,6.549021130980628,0.6194399032346826,-0.6194399032346826,0.43661971830985913,0.0,8.999992370605469,,
HPR_OBS_PS,HPR-OBS-PS,0,9201,1500,20264117,False,False,-0.0021284261718392374,-0.021284261718392372,-0.002366502425272012,3.0168877321220595,3.0168877321220595,-0.27122995871508493,0.27122995871508493,0.546875,0.0,8.999992370605469,,
HPR_OBS_PS,HPR-OBS-PS,0,9201,1500,20264118,False,False,-0.003359851781278844,-0.03359851781278844,-0.003725285133227973,6.6736515155069185,6.6736515155069185,-1.014131665635674,1.014131665635674,0.574468085106383,0.0,8.999992370605469,,
HPR_OBS_PS,HPR-OBS-PS,0,9201,1500,20264119,False,False,-6.647065863944479e-05,-0.0006647065863944479,-7.38483903233747e-05,0.6003086534108507,0.6003086534108507,-0.03263546804462392,0.03263546804462392,0.0,0.0,8.999992370605469,,
HPR_OBS_PS,HPR-OBS-PS,0,9201,1500,20264120,False,False,-0.0017838999209925544,-0.017838999209925543,-0.001983651882075186,4.370664683535743,4.370664683535743,-1.252644915668743,1.252644915668743,0.6568627450980392,0.0,8.999992370605469,,
HPR_OBS_PS,HPR-OBS-PS,1,9202,1500,20264101,False,False,2.4816935355588794,24.816935355588793,2.755892072079254,14.608273088080292,14.608273088080292,-0.02373237434229588,0.02373237434229588,0.48783314020857477,0.0,7.5765862464904785,,
HPR_OBS_PS,HPR-OBS-PS,1,9202,1500,20264102,False,False,2.0786400676053023,20.78640067605302,2.3114929501640065,24.472385454534418,24.472385454534418,-9.885234968980905,9.885234968980905,0.5270425776754891,0.0,7.520970821380615,,
HPR_OBS_PS,HPR-OBS-PS,1,9202,1500,20264103,False,False,2.405234018564224,24.052340185642244,2.668911354128404,19.882481780688835,19.882481780688835,-11.515713078841896,11.515713078841896,0.5256556442417332,0.0,7.534886360168457,,
HPR_OBS_PS,HPR-OBS-PS,1,9202,1500,20264104,False,False,2.0792072221916174,20.79207222191617,2.307894964225538,15.018931963869518,15.018931963869518,-6.236463391142345,6.236463391142345,0.5289351851851852,0.0,7.568063259124756,,
HPR_OBS_PS,HPR-OBS-PS,1,9202,1500,20264105,False,False,2.439110152609646,24.391101526096463,2.707970193341996,19.01895754663493,19.01895754663493,-11.484104441708036,11.484104441708036,0.5507246376811594,0.0,7.493612289428711,,
HPR_OBS_PS,HPR-OBS-PS,1,9202,1500,20264106,False,False,2.2477092484384773,22.477092484384777,2.5027049237804024,17.93806570175467,17.93806570175467,-9.314483478828345,9.314483478828345,0.5047732696897375,0.0,7.560946464538574,,
HPR_OBS_PS,HPR-OBS-PS,1,9202,1500,20264107,False,False,2.2286243641376497,22.286243641376494,2.474398887403016,23.620313214815617,23.620313214815617,-12.495685801345711,12.495685801345711,0.5299043062200957,0.0,7.519713878631592,,
HPR_OBS_PS,HPR-OBS-PS,1,9202,1500,20264108,False,False,2.4327226253086702,24.3272262530867,2.69864411567263,18.963569041783007,18.963569041783007,-9.565145754130977,9.565145754130977,0.5058275058275058,0.0,7.556464672088623,,
HPR_OBS_PS,HPR-OBS-PS,1,9202,1500,20264109,False,False,2.2843434640951457,22.843434640951454,2.537730082251363,21.19326635687971,21.19326635687971,-12.652008051798024,12.652008051798024,0.5258823529411765,0.0,7.522207260131836,,
HPR_OBS_PS,HPR-OBS-PS,1,9202,1500,20264110,False,False,2.451932649610099,24.519326496100987,2.7211624516369852,22.629346202958352,22.629346202958352,-10.714907913631077,10.714907913631077,0.5300480769230769,0.0,7.52805757522583,,
HPR_OBS_PS,HPR-OBS-PS,1,9202,1500,20264111,False,False,2.6485790453385567,26.485790453385565,2.946589300663762,21.19955058761382,21.19955058761382,-12.631549493884199,12.631549493884199,0.5178571428571429,0.0,7.568221092224121,,
HPR_OBS_PS,HPR-OBS-PS,1,9202,1500,20264112,False,False,2.353354634719435,23.533546347194353,2.6160688713606084,12.140773351882302,12.140773351882302,-3.796519440668803,3.796519440668803,0.49248554913294795,0.0,7.563212871551514,,
HPR_OBS_PS,HPR-OBS-PS,1,9202,1500,20264113,False,False,2.331137640755624,23.31137640755624,2.586757573860299,15.967095210454108,15.967095210454108,-1.2573111981923073,1.2573111981923073,0.484393063583815,0.0,7.569971561431885,,
HPR_OBS_PS,HPR-OBS-PS,1,9202,1500,20264114,False,False,2.34922407422564,23.4922407422564,2.6176849008576752,13.592135126670327,13.592135126670327,0.20357169918047682,-0.20357169918047682,0.46316964285714285,0.0,7.542888164520264,,
HPR_OBS_PS,HPR-OBS-PS,1,9202,1500,20264115,False,False,2.3280268564773725,23.280268564773724,2.584004134007056,22.1405115760984,22.1405115760984,-9.900179686898982,9.900179686898982,0.5298329355608592,0.0,7.52576208114624,,
HPR_OBS_PS,HPR-OBS-PS,1,9202,1500,20264116,False,False,2.1184699935535907,21.184699935535903,2.352997253128773,15.14435973873053,15.14435973873053,-5.34701683430779,5.34701683430779,0.531322505800464,0.0,7.5305986404418945,,
HPR_OBS_PS,HPR-OBS-PS,1,9202,1500,20264117,False,False,2.2791828073561193,22.79182807356119,2.5341220252829713,16.121074139524524,16.121074139524524,-1.6563860617243642,1.6563860617243642,0.4909297052154195,0.0,7.564948081970215,,
HPR_OBS_PS,HPR-OBS-PS,1,9202,1500,20264118,False,False,2.2904582702182235,22.904582702182232,2.5395793320011517,17.002323156838983,17.002323156838983,-4.421169464447713,4.421169464447713,0.48847926267281105,0.0,7.584586143493652,,
HPR_OBS_PS,HPR-OBS-PS,1,9202,1500,20264119,False,False,2.498941515032202,24.98941515032202,2.776304796352245,21.10045681747516,21.10045681747516,-4.069108852629544,4.069108852629544,0.4918032786885246,0.0,7.579447269439697,,
HPR_OBS_PS,HPR-OBS-PS,1,9202,1500,20264120,False,False,2.305113864564337,23.05113864564337,2.563228689026741,16.492530031546362,16.492530031546362,-3.5060915733512186,3.5060915733512186,0.5128205128205128,0.0,7.576836109161377,,
HPR_OBS_PS,HPR-OBS-PS,2,9203,1500,20264101,False,False,0.0036423375084996216,0.03642337508499621,0.004044773828711477,5.05483254446482,5.05483254446482,1.1593244640788913,-1.1593244640788913,0.34782608695652173,0.0,8.999992370605469,,
HPR_OBS_PS,HPR-OBS-PS,2,9203,1500,20264102,False,False,-0.00044393885880709136,-0.004439388588070914,-0.0004936696633672783,0.30392009461358277,0.30392009461358277,0.0004716750612523186,-0.0004716750612523186,0.0,0.0,8.999992370605469,,
HPR_OBS_PS,HPR-OBS-PS,2,9203,1500,20264103,False,False,-0.0023725025542080335,-0.023725025542080336,-0.0026325916545967823,2.620623452182236,2.620623452182236,-0.1008767470011243,0.1008767470011243,0.425531914893617,0.0,8.999992370605469,,
HPR_OBS_PS,HPR-OBS-PS,2,9203,1500,20264104,False,False,-0.004084179038181901,-0.04084179038181901,-0.00453338952203141,7.014495868952263,7.014495868952263,-1.7336356635138714,1.7336356635138714,0.5972222222222222,0.0,8.999992370605469,,
HPR_OBS_PS,HPR-OBS-PS,2,9203,1500,20264105,False,False,0.0018588529154658306,0.018588529154658306,0.0020637519316225534,1.9380814290255641,1.9380814290255641,0.36201125827758035,-0.36201125827758035,0.6774193548387096,0.0,8.999992370605469,,
HPR_OBS_PS,HPR-OBS-PS,2,9203,1500,20264106,False,False,-0.0033319637924432823,-0.03331963792443282,-0.003709964798605077,4.4909043488160565,4.4909043488160565,-0.906927596323207,0.906927596323207,0.6698113207547169,0.0,8.999992370605469,,
HPR_OBS_PS,HPR-OBS-PS,2,9203,1500,20264107,False,False,0.004384424053132535,0.04384424053132535,0.004867941934742349,8.177282201538832,8.177282201538832,0.9360619180503377,-0.9360619180503377,0.4713375796178344,0.0,8.999992370605469,,
HPR_OBS_PS,HPR-OBS-PS,2,9203,1500,20264108,False,False,0.004225714304484428,0.04225714304484429,0.004687628142918116,10.191240627532528,10.191240627532528,1.1895000395134347,-1.1895000395134347,0.4720496894409938,0.0,8.999992370605469,,
HPR_OBS_PS,HPR-OBS-PS,2,9203,1500,20264109,False,False,-0.001927571184933191,-0.01927571184933191,-0.0021413834909556847,3.8943106730130976,3.8943106730130976,-0.9586217310888699,0.9586217310888699,0.6451612903225806,0.0,8.999992370605469,,
HPR_OBS_PS,HPR-OBS-PS,2,9203,1500,20264110,False,False,-0.004338937441352753,-0.043389374413527526,-0.00481536621623293,4.669364353266065,4.669364353266065,-0.07247556957484347,0.07247556957484347,0.5964912280701754,0.0,8.999992370605469,,
HPR_OBS_PS,HPR-OBS-PS,2,9203,1500,20264111,False,False,-0.0031679161358624695,-0.0316791613586247,-0.003524360659637872,1.8821824812414538,1.8821824812414538,0.1261828930474798,-0.1261828930474798,0.425,0.0,8.999992370605469,,
HPR_OBS_PS,HPR-OBS-PS,2,9203,1500,20264112,False,False,0.003295212315861135,0.032952123158611346,0.003663069830984544,5.9866227829241145,5.9866227829241145,1.2863434175304438,-1.2863434175304438,0.3880597014925373,0.0,8.999992370605469,,
HPR_OBS_PS,HPR-OBS-PS,2,9203,1500,20264113,False,False,-0.0020442526787519404,-0.0204425267875194,-0.002268414360094034,2.6847605520868885,2.6847605520868885,-0.6957023741337358,0.6957023741337358,0.47058823529411764,0.0,8.999992370605469,,
HPR_OBS_PS,HPR-OBS-PS,2,9203,1500,20264114,False,False,0.0046318153326865286,0.046318153326865286,0.0051611224288731,9.078698828457869,9.078698828457869,2.5493303391241127,-2.5493303391241127,0.42592592592592593,0.0,8.999992370605469,,
HPR_OBS_PS,HPR-OBS-PS,2,9203,1500,20264115,False,False,0.0033633916405960917,0.03363391640596092,0.003733212045816254,7.164667799130009,7.164667799130009,1.1497120771982097,-1.1497120771982097,0.4295774647887324,0.0,8.999992370605469,,
HPR_OBS_PS,HPR-OBS-PS,2,9203,1500,20264116,False,False,0.004332369088660921,0.0433236908866092,0.004811988178345314,6.549021130980628,6.549021130980628,0.6194399032346826,-0.6194399032346826,0.43661971830985913,0.0,8.999992370605469,,
HPR_OBS_PS,HPR-OBS-PS,2,9203,1500,20264117,False,False,-0.0021284261718392374,-0.021284261718392372,-0.002366502425272012,3.0168877321220595,3.0168877321220595,-0.27122995871508493,0.27122995871508493,0.546875,0.0,8.999992370605469,,
HPR_OBS_PS,HPR-OBS-PS,2,9203,1500,20264118,False,False,-0.003359851781278844,-0.03359851781278844,-0.003725285133227973,6.6736515155069185,6.6736515155069185,-1.014131665635674,1.014131665635674,0.574468085106383,0.0,8.999992370605469,,
HPR_OBS_PS,HPR-OBS-PS,2,9203,1500,20264119,False,False,-6.647065863944479e-05,-0.0006647065863944479,-7.38483903233747e-05,0.6003086534108507,0.6003086534108507,-0.03263546804462392,0.03263546804462392,0.0,0.0,8.999992370605469,,
HPR_OBS_PS,HPR-OBS-PS,2,9203,1500,20264120,False,False,-0.0017838999209925544,-0.017838999209925543,-0.001983651882075186,4.370664683535743,4.370664683535743,-1.252644915668743,1.252644915668743,0.6568627450980392,0.0,8.999992370605469,,
HPR_OBS_PS,HPR-OBS-PS,3,9204,1500,20264101,False,False,2.6813947684690356,26.813947684690355,2.9776579898591105,36.63867760880885,36.63867760880885,-13.992257494710728,13.992257494710728,0.5374707259953162,0.0,8.295260429382324,,
HPR_OBS_PS,HPR-OBS-PS,3,9204,1500,20264102,False,False,2.372174880532548,23.72174880532548,2.6379100443416963,29.581114063234384,29.581114063234384,-16.644515451544684,16.644515451544684,0.5273348519362187,0.0,8.281341552734375,,
HPR_OBS_PS,HPR-OBS-PS,3,9204,1500,20264103,False,False,2.569329534769058,25.693295347690583,2.8509960839220043,31.73835196817081,31.73835196817081,-4.615587566789366,4.615587566789366,0.5199034981905911,0.0,8.227723121643066,,
HPR_OBS_PS,HPR-OBS-PS,3,9204,1500,20264104,False,False,2.739469520775602,27.394695207756016,3.0407781601408335,27.59791526391306,27.59791526391306,-17.047317405944103,17.047317405944103,0.5302857142857142,0.0,8.29655647277832,,
HPR_OBS_PS,HPR-OBS-PS,3,9204,1500,20264105,False,False,2.3477844880893826,23.477844880893826,2.606577815821274,23.58451832203392,23.58451832203392,-14.380770258041718,14.380770258041718,0.5143513203214696,0.0,8.269294738769531,,
HPR_OBS_PS,HPR-OBS-PS,3,9204,1500,20264106,False,False,2.726346466913819,27.263464669138195,3.0356420570929017,22.993567324169902,22.993567324169902,-6.216278957061345,6.216278957061345,0.4954545454545455,0.0,8.281599044799805,,
HPR_OBS_PS,HPR-OBS-PS,3,9204,1500,20264107,False,False,2.675480309724808,26.75480309724808,2.970534473275124,27.532839893761892,27.532839893761892,-14.28166860760721,14.28166860760721,0.5034324942791762,0.0,8.276803016662598,,
HPR_OBS_PS,HPR-OBS-PS,3,9204,1500,20264108,False,False,3.17919349628035,31.7919349628035,3.5267118955795755,25.133753032948064,25.133753032948064,-14.84344382205809,14.84344382205809,0.5408878504672897,0.0,8.264869689941406,,
HPR_OBS_PS,HPR-OBS-PS,3,9204,1500,20264109,False,False,2.523085376936942,25.230853769369425,2.802954004851308,22.864720220444546,22.864720220444546,-9.241181574098835,9.241181574098835,0.5105204872646734,0.0,8.268045425415039,,
HPR_OBS_PS,HPR-OBS-PS,3,9204,1500,20264110,False,False,2.5155161571479403,25.155161571479404,2.79172762531044,31.24405464197265,31.24405464197265,-11.77144350112078,11.77144350112078,0.5063731170336037,0.0,8.290987968444824,,
HPR_OBS_PS,HPR-OBS-PS,3,9204,1500,20264111,False,False,2.6205718813370913,26.205718813370915,2.91543085367163,25.696034309139012,25.696034309139012,-10.750427978867078,10.750427978867078,0.5576923076923077,0.0,8.286067962646484,,
HPR_OBS_PS,HPR-OBS-PS,3,9204,1500,20264112,False,False,2.549848184066359,25.49848184066359,2.83449776868272,21.588899054631703,21.588899054631703,-3.5637085328508378,3.5637085328508378,0.5196304849884527,0.0,8.279709815979004,,
HPR_OBS_PS,HPR-OBS-PS,3,9204,1500,20264113,False,False,2.864904940407724,28.649049404077235,3.179054905821561,32.91354816063313,32.91354816063313,-10.110453212989286,10.110453212989286,0.5438799076212472,0.0,8.251699447631836,,
HPR_OBS_PS,HPR-OBS-PS,3,9204,1500,20264114,False,False,2.865948450904107,28.659484509041068,3.193458669557101,25.21213969726122,25.21213969726122,-12.070842852174504,12.070842852174504,0.509090909090909,0.0,8.276482582092285,,
HPR_OBS_PS,HPR-OBS-PS,3,9204,1500,20264115,False,False,2.516151532228105,25.161515322281048,2.7928139845017315,23.853827694,23.853827694,-8.698680311402804,8.698680311402804,0.4898419864559819,0.0,8.282541275024414,,
HPR_OBS_PS,HPR-OBS-PS,3,9204,1500,20264116,False,False,2.648713619194459,26.487136191944593,2.9419420096835434,19.219584217114743,19.219584217114743,-4.737171305736369,4.737171305736369,0.4637336504161712,0.0,8.2766752243042,,
HPR_OBS_PS,HPR-OBS-PS,3,9204,1500,20264117,False,False,2.8671277345716955,28.671277345716955,3.187831848339559,30.429241918417063,30.429241918417063,-16.492095002999015,16.492095002999015,0.49944506104328523,0.0,8.266265869140625,,
HPR_OBS_PS,HPR-OBS-PS,3,9204,1500,20264118,False,False,2.577440272476524,25.774402724765242,2.8577748525517404,25.104646576764125,25.104646576764125,-10.854884274920375,10.854884274920375,0.5074971164936563,0.0,8.280107498168945,,
HPR_OBS_PS,HPR-OBS-PS,3,9204,1500,20264119,False,False,2.861180685106665,28.61180685106665,3.178749727237884,28.280580719259305,28.280580719259305,-17.362835745397962,17.362835745397962,0.5300546448087432,0.0,8.277505874633789,,
HPR_OBS_PS,HPR-OBS-PS,3,9204,1500,20264120,False,False,2.740666270875372,27.40666270875372,3.047552019250638,30.469490636037776,30.469490636037776,-20.07700580082739,20.07700580082739,0.513986013986014,0.0,8.278753280639648,,
HPR_OBS_PS,HPR-OBS-PS,4,9205,1500,20264101,False,False,0.0036423375084996216,0.03642337508499621,0.004044773828711477,5.05483254446482,5.05483254446482,1.1593244640788913,-1.1593244640788913,0.34782608695652173,0.0,8.999992370605469,,
HPR_OBS_PS,HPR-OBS-PS,4,9205,1500,20264102,False,False,-0.00044393885880709136,-0.004439388588070914,-0.0004936696633672783,0.30392009461358277,0.30392009461358277,0.0004716750612523186,-0.0004716750612523186,0.0,0.0,8.999992370605469,,
HPR_OBS_PS,HPR-OBS-PS,4,9205,1500,20264103,False,False,-0.0023725025542080335,-0.023725025542080336,-0.0026325916545967823,2.620623452182236,2.620623452182236,-0.1008767470011243,0.1008767470011243,0.425531914893617,0.0,8.999992370605469,,
HPR_OBS_PS,HPR-OBS-PS,4,9205,1500,20264104,False,False,-0.004084179038181901,-0.04084179038181901,-0.00453338952203141,7.014495868952263,7.014495868952263,-1.7336356635138714,1.7336356635138714,0.5972222222222222,0.0,8.999992370605469,,
HPR_OBS_PS,HPR-OBS-PS,4,9205,1500,20264105,False,False,0.0018588529154658306,0.018588529154658306,0.0020637519316225534,1.9380814290255641,1.9380814290255641,0.36201125827758035,-0.36201125827758035,0.6774193548387096,0.0,8.999992370605469,,
HPR_OBS_PS,HPR-OBS-PS,4,9205,1500,20264106,False,False,-0.0033319637924432823,-0.03331963792443282,-0.003709964798605077,4.4909043488160565,4.4909043488160565,-0.906927596323207,0.906927596323207,0.6698113207547169,0.0,8.999992370605469,,
HPR_OBS_PS,HPR-OBS-PS,4,9205,1500,20264107,False,False,0.004384424053132535,0.04384424053132535,0.004867941934742349,8.177282201538832,8.177282201538832,0.9360619180503377,-0.9360619180503377,0.4713375796178344,0.0,8.999992370605469,,
HPR_OBS_PS,HPR-OBS-PS,4,9205,1500,20264108,False,False,0.004225714304484428,0.04225714304484429,0.004687628142918116,10.191240627532528,10.191240627532528,1.1895000395134347,-1.1895000395134347,0.4720496894409938,0.0,8.999992370605469,,
HPR_OBS_PS,HPR-OBS-PS,4,9205,1500,20264109,False,False,-0.001927571184933191,-0.01927571184933191,-0.0021413834909556847,3.8943106730130976,3.8943106730130976,-0.9586217310888699,0.9586217310888699,0.6451612903225806,0.0,8.999992370605469,,
HPR_OBS_PS,HPR-OBS-PS,4,9205,1500,20264110,False,False,-0.004338937441352753,-0.043389374413527526,-0.00481536621623293,4.669364353266065,4.669364353266065,-0.07247556957484347,0.07247556957484347,0.5964912280701754,0.0,8.999992370605469,,
HPR_OBS_PS,HPR-OBS-PS,4,9205,1500,20264111,False,False,-0.0031679161358624695,-0.0316791613586247,-0.003524360659637872,1.8821824812414538,1.8821824812414538,0.1261828930474798,-0.1261828930474798,0.425,0.0,8.999992370605469,,
HPR_OBS_PS,HPR-OBS-PS,4,9205,1500,20264112,False,False,0.003295212315861135,0.032952123158611346,0.003663069830984544,5.9866227829241145,5.9866227829241145,1.2863434175304438,-1.2863434175304438,0.3880597014925373,0.0,8.999992370605469,,
HPR_OBS_PS,HPR-OBS-PS,4,9205,1500,20264113,False,False,-0.0020442526787519404,-0.0204425267875194,-0.002268414360094034,2.6847605520868885,2.6847605520868885,-0.6957023741337358,0.6957023741337358,0.47058823529411764,0.0,8.999992370605469,,
HPR_OBS_PS,HPR-OBS-PS,4,9205,1500,20264114,False,False,0.0046318153326865286,0.046318153326865286,0.0051611224288731,9.078698828457869,9.078698828457869,2.5493303391241127,-2.5493303391241127,0.42592592592592593,0.0,8.999992370605469,,
HPR_OBS_PS,HPR-OBS-PS,4,9205,1500,20264115,False,False,0.0033633916405960917,0.03363391640596092,0.003733212045816254,7.164667799130009,7.164667799130009,1.1497120771982097,-1.1497120771982097,0.4295774647887324,0.0,8.999992370605469,,
HPR_OBS_PS,HPR-OBS-PS,4,9205,1500,20264116,False,False,0.004332369088660921,0.0433236908866092,0.004811988178345314,6.549021130980628,6.549021130980628,0.6194399032346826,-0.6194399032346826,0.43661971830985913,0.0,8.999992370605469,,
HPR_OBS_PS,HPR-OBS-PS,4,9205,1500,20264117,False,False,-0.0021284261718392374,-0.021284261718392372,-0.002366502425272012,3.0168877321220595,3.0168877321220595,-0.27122995871508493,0.27122995871508493,0.546875,0.0,8.999992370605469,,
HPR_OBS_PS,HPR-OBS-PS,4,9205,1500,20264118,False,False,-0.003359851781278844,-0.03359851781278844,-0.003725285133227973,6.6736515155069185,6.6736515155069185,-1.014131665635674,1.014131665635674,0.574468085106383,0.0,8.999992370605469,,
HPR_OBS_PS,HPR-OBS-PS,4,9205,1500,20264119,False,False,-6.647065863944479e-05,-0.0006647065863944479,-7.38483903233747e-05,0.6003086534108507,0.6003086534108507,-0.03263546804462392,0.03263546804462392,0.0,0.0,8.999992370605469,,
HPR_OBS_PS,HPR-OBS-PS,4,9205,1500,20264120,False,False,-0.0017838999209925544,-0.017838999209925543,-0.001983651882075186,4.370664683535743,4.370664683535743,-1.252644915668743,1.252644915668743,0.6568627450980392,0.0,8.999992370605469,,
HPR_O2_PS,HPR-O2-PS,0,9201,1500,20264101,False,False,2.533594494573772,25.33594494573772,2.813527488956077,26.33454126890198,26.33454126890198,-10.955482631516404,10.955482631516404,0.47624703087885983,0.98925,775.187255859375,135.80413818359375,79.85906219482422
HPR_O2_PS,HPR-O2-PS,0,9201,1500,20264102,False,False,2.8352373194973914,28.352373194973918,3.1528455446402655,38.27701113275866,38.27701113275866,-15.539536017861453,15.539536017861453,0.5167410714285714,0.990125,764.7667846679688,135.86253356933594,78.75240325927734
HPR_O2_PS,HPR-O2-PS,0,9201,1500,20264103,False,False,2.8981304609775544,28.981304609775545,3.215842297817494,31.89316236428105,31.89316236428105,-12.394271764518425,12.394271764518425,0.5292792792792793,0.99075,779.3732299804688,136.17538452148438,79.95686340332031
HPR_O2_PS,HPR-O2-PS,0,9201,1500,20264104,False,False,2.667213585106656,26.67213585106656,2.96057494216144,30.12063106099162,30.12063106099162,-14.142068082092537,14.142068082092537,0.525,0.990125,793.047607421875,135.79237365722656,80.68161010742188
HPR_O2_PS,HPR-O2-PS,0,9201,1500,20264105,False,False,2.6373842881992458,26.37384288199246,2.928099837225781,22.23231780847547,22.23231780847547,-9.05874492744686,9.05874492744686,0.5028312570781427,0.989375,776.43212890625,136.03501892089844,79.7979507446289
HPR_O2_PS,HPR-O2-PS,0,9201,1500,20264106,False,False,2.9651061943918466,29.651061943918467,3.3014883385791975,42.54566916544768,42.54566916544768,-33.09257484679766,33.09257484679766,0.5359179019384265,0.988625,774.666259765625,135.80162048339844,79.44734191894531
HPR_O2_PS,HPR-O2-PS,0,9201,1500,20264107,False,False,2.9673060047626496,29.673060047626496,3.294542945378792,31.704157876805493,31.704157876805493,-16.035552040309753,16.035552040309753,0.5303867403314917,0.98975,781.3670654296875,135.5998992919922,79.74382781982422
HPR_O2_PS,HPR-O2-PS,0,9201,1500,20264108,False,False,3.2360543437534943,32.36054343753494,3.5897882158510206,42.8035428089492,42.8035428089492,-29.63215642297189,29.63215642297189,0.5610328638497653,0.989375,769.7266845703125,136.1400604248047,79.10346984863281
HPR_O2_PS,HPR-O2-PS,0,9201,1500,20264109,False,False,2.8674359247274697,28.674359247274698,3.185501006956312,34.22930431941751,34.22930431941751,-22.033059257328926,22.033059257328926,0.48717948717948717,0.99,783.1703491210938,135.9409637451172,80.04358673095703
HPR_O2_PS,HPR-O2-PS,0,9201,1500,20264110,False,False,2.9953309917426667,29.95330991742667,3.3242276154081303,31.928547948296085,31.928547948296085,-27.689873043601175,27.689873043601175,0.5379464285714286,0.989125,779.4717407226562,135.38844299316406,79.35993957519531
HPR_O2_PS,HPR-O2-PS,0,9201,1500,20264111,False,False,3.0973023233842105,30.973023233842106,3.445801590504665,47.00743511392238,47.00743511392238,-26.38581360242677,26.38581360242677,0.5255972696245734,0.988875,766.308349609375,135.98880004882812,78.83614349365234
HPR_O2_PS,HPR-O2-PS,0,9201,1500,20264112,False,False,3.0772480673366225,30.77248067336623,3.420773375863804,52.49478819411285,52.49478819411285,-42.40694489249792,42.40694489249792,0.5594405594405595,0.99,766.031982421875,135.8061981201172,78.69972229003906
HPR_O2_PS,HPR-O2-PS,0,9201,1500,20264113,False,False,3.2064851978234947,32.06485197823495,3.558091004979133,47.92412240270918,47.92412240270918,-27.21215346418568,27.21215346418568,0.5202702702702703,0.98875,764.6636352539062,136.23846435546875,79.051513671875
HPR_O2_PS,HPR-O2-PS,0,9201,1500,20264114,False,False,2.634824774604058,26.348247746040578,2.9359230158409773,49.04826810533299,49.04826810533299,-19.447378936656396,19.447378936656396,0.5366922234392114,0.989125,750.8148803710938,136.13194274902344,78.03145599365234
HPR_O2_PS,HPR-O2-PS,0,9201,1500,20264115,False,False,2.9622937288833784,29.622937288833782,3.2880115709490854,28.030864536132814,28.030864536132814,-18.51980816004978,18.51980816004978,0.5417156286721504,0.98875,783.6622924804688,135.6362762451172,80.05126190185547
HPR_O2_PS,HPR-O2-PS,0,9201,1500,20264116,False,False,2.5226480598072523,25.226480598072524,2.8019202412115436,34.36683772353304,34.36683772353304,-18.13480294799883,18.13480294799883,0.5296803652968036,0.989125,781.1612548828125,135.99557495117188,80.21318054199219
HPR_O2_PS,HPR-O2-PS,0,9201,1500,20264117,False,False,2.8160670770704748,28.160670770704748,3.131059773549572,24.813432021391375,24.813432021391375,-10.021289156478444,10.021289156478444,0.5159090909090909,0.99,797.9533081054688,135.45962524414062,80.94413757324219
HPR_O2_PS,HPR-O2-PS,0,9201,1500,20264118,False,False,2.5367238151095806,25.36723815109581,2.812629880933662,28.626025042507816,28.626025042507816,-7.3992080389223975,7.3992080389223975,0.4959908361970218,0.988875,778.3421020507812,135.56634521484375,79.63636016845703
HPR_O2_PS,HPR-O2-PS,0,9201,1500,20264119,False,False,2.8888846378959716,28.888846378959716,3.209528605632674,38.67777354595962,38.67777354595962,-15.794402077108016,15.794402077108016,0.5283842794759825,0.990625,775.4881591796875,135.80361938476562,79.53929901123047
HPR_O2_PS,HPR-O2-PS,0,9201,1500,20264120,False,False,2.9253172070020814,29.253172070020813,3.2528792198768333,26.426099565015146,26.426099565015146,-21.36542163426005,21.36542163426005,0.5440835266821346,0.989625,784.0425415039062,135.80966186523438,80.2502670288086
HPR_O2_PS,HPR-O2-PS,1,9202,1500,20264101,False,False,2.6569063384458422,26.569063384458424,2.950463870524232,54.19878000365162,54.19878000365162,-30.53552970265255,30.53552970265255,0.49211711711711714,0.985,771.49072265625,111.99153900146484,86.23717498779297
HPR_O2_PS,HPR-O2-PS,1,9202,1500,20264102,False,False,2.761204764870927,27.612047648709268,3.0705197342372883,32.75449090897532,32.75449090897532,-17.43434321778411,17.43434321778411,0.5191873589164786,0.9875,791.2948608398438,112.18679809570312,86.23722839355469
HPR_O2_PS,HPR-O2-PS,1,9202,1500,20264103,False,False,2.9054293310642243,29.054293310642244,3.223941317329221,24.603385135413806,24.603385135413806,-7.483485815406626,7.483485815406626,0.5280641466208477,0.989,786.9642944335938,111.35870361328125,86.86485290527344
HPR_O2_PS,HPR-O2-PS,1,9202,1500,20264104,False,False,2.3714486810844395,23.714486810844395,2.632279462373704,24.58575400801964,24.58575400801964,-8.648655592257745,8.648655592257745,0.5064935064935064,0.9865,807.6873168945312,111.65059661865234,87.06073760986328
HPR_O2_PS,HPR-O2-PS,1,9202,1500,20264105,False,False,2.8279305337741976,28.279305337741974,3.1396497555097596,33.26062878994403,33.26062878994403,-20.21657235607314,20.21657235607314,0.4983012457531144,0.98875,785.3403930664062,112.50957489013672,86.47563934326172
HPR_O2_PS,HPR-O2-PS,1,9202,1500,20264106,False,False,2.828020947352052,28.280209473520518,3.148851193458006,31.447051481807296,31.447051481807296,-18.93995148015666,18.93995148015666,0.5195968645016797,0.98975,789.5623779296875,111.76457977294922,86.90237426757812
HPR_O2_PS,HPR-O2-PS,1,9202,1500,20264107,False,False,2.1170181477069856,21.170181477069853,2.3504846458613944,19.806706654498726,19.806706654498726,-1.2661566416650678,1.2661566416650678,0.4863636363636364,0.9895,787.5296020507812,111.92044067382812,86.82920837402344
HPR_O2_PS,HPR-O2-PS,1,9202,1500,20264108,False,False,2.4641306491428985,24.641306491428985,2.733485358082825,28.444197513135926,28.444197513135926,-14.112693327074583,14.112693327074583,0.5,0.986375,790.0722045898438,111.54803466796875,87.1970443725586
HPR_O2_PS,HPR-O2-PS,1,9202,1500,20264109,False,False,2.559530021864921,25.59530021864921,2.843441205320234,31.29596318772746,31.29596318772746,-0.32217729042432347,0.32217729042432347,0.5136054421768708,0.98875,795.5582885742188,112.05109405517578,86.45561218261719
HPR_O2_PS,HPR-O2-PS,1,9202,1500,20264110,False,False,2.6127928447700106,26.127928447700107,2.8996855946367557,48.74519372627801,48.74519372627801,-23.45416186858315,23.45416186858315,0.5369738339021616,0.988625,778.3298950195312,112.03340911865234,86.76323699951172
HPR_O2_PS,HPR-O2-PS,1,9202,1500,20264111,False,False,2.6445095072221014,26.445095072221015,2.942061870193565,35.85145709734523,35.85145709734523,-7.7209465687518835,7.7209465687518835,0.5510440835266821,0.987625,792.9590454101562,111.62541198730469,87.11972045898438
HPR_O2_PS,HPR-O2-PS,1,9202,1500,20264112,False,False,2.6529834456020036,26.529834456020037,2.9491464252270836,50.71411731946526,50.71411731946526,-26.19982742990633,26.19982742990633,0.5208333333333334,0.988625,782.246826171875,112.36082458496094,86.96873474121094
HPR_O2_PS,HPR-O2-PS,1,9202,1500,20264113,False,False,2.524864352028817,25.248643520288173,2.8017273074718,30.37122068380797,30.37122068380797,-17.338201224297155,17.338201224297155,0.5104740904079382,0.987875,794.5319213867188,112.0284194946289,86.72638702392578
HPR_O2_PS,HPR-O2-PS,1,9202,1500,20264114,False,False,2.8904084232856984,28.904084232856984,3.220713839075059,37.890602296291,37.890602296291,-24.251084253070456,24.251084253070456,0.5619930475086906,0.9885,787.9630126953125,112.82286071777344,86.45896911621094
HPR_O2_PS,HPR-O2-PS,1,9202,1500,20264115,False,False,2.6891952410293745,26.891952410293744,2.9848846462564618,28.429437358602126,28.429437358602126,-9.263558051599306,9.263558051599306,0.5047619047619047,0.987125,784.6626586914062,111.92487335205078,86.72927856445312
HPR_O2_PS,HPR-O2-PS,1,9202,1500,20264116,False,False,2.695754959068727,26.95754959068727,2.9941911063639157,29.35860043717603,29.35860043717603,-15.711671467411644,15.711671467411644,0.5028058361391695,0.988,793.223876953125,111.74336242675781,87.18207550048828
HPR_O2_PS,HPR-O2-PS,1,9202,1500,20264117,False,False,2.799195834547281,27.991958345472813,3.1123013891260296,41.34471206184492,41.34471206184492,-27.509437812667596,27.509437812667596,0.504950495049505,0.98775,786.8369750976562,111.87862396240234,87.24417114257812
HPR_O2_PS,HPR-O2-PS,1,9202,1500,20264118,False,False,2.8031048881076277,28.031048881076277,3.1079838178371606,29.594099408911376,29.594099408911376,-13.623654591307629,13.623654591307629,0.5430622009569378,0.986625,790.5558471679688,111.34552764892578,86.8242416381836
HPR_O2_PS,HPR-O2-PS,1,9202,1500,20264119,False,False,2.5708220272697506,25.70822027269751,2.856163492399716,26.875128361313124,26.875128361313124,-11.636061530009325,11.636061530009325,0.5122520420070011,0.988375,784.166015625,112.40465545654297,86.67383575439453
HPR_O2_PS,HPR-O2-PS,1,9202,1500,20264120,False,False,3.081549258851447,30.815492588514466,3.426605335363754,35.34293092360259,35.34293092360259,-16.927632330285242,16.927632330285242,0.5113378684807256,0.988375,775.547119140625,112.62385559082031,86.6005859375
HPR_O2_PS,HPR-O2-PS,2,9203,1500,20264101,False,False,3.110435105077922,31.104351050779222,3.4541023393812487,41.30190379166195,41.30190379166195,-23.797197438023755,23.797197438023755,0.5254237288135594,0.9905,1072.519287109375,177.18919372558594,113.20126342773438
HPR_O2_PS,HPR-O2-PS,2,9203,1500,20264102,False,False,2.7225565219204872,27.225565219204874,3.027542047764091,30.40381666624962,30.40381666624962,-9.86519384254662,9.86519384254662,0.5148063781321185,0.991625,1076.3489990234375,176.9043426513672,113.19539642333984
HPR_O2_PS,HPR-O2-PS,2,9203,1500,20264103,False,False,2.6483220541477204,26.483220541477206,2.9386482750326093,46.50532977733732,46.50532977733732,-26.902676989262147,26.902676989262147,0.48419864559819414,0.990875,1074.0487060546875,176.6239013671875,112.62728118896484
HPR_O2_PS,HPR-O2-PS,2,9203,1500,20264104,False,False,2.9127371713798498,29.127371713798496,3.2331031646063484,34.021638485596185,34.021638485596185,-15.209688155984887,15.209688155984887,0.5305651672433679,0.990375,1082.5762939453125,176.9943084716797,113.67667388916016
HPR_O2_PS,HPR-O2-PS,2,9203,1500,20264105,False,False,2.9536658929660917,29.536658929660916,3.2792447650162,44.60127535287346,44.60127535287346,-36.33549476574672,36.33549476574672,0.5245901639344263,0.993,1061.6778564453125,176.6750030517578,112.5449447631836
HPR_O2_PS,HPR-O2-PS,2,9203,1500,20264106,False,False,3.0748759392648934,30.748759392648935,3.423711122138391,40.31288686915304,40.31288686915304,-33.551150489478275,33.551150489478275,0.5608899297423887,0.991,1086.3814697265625,177.31924438476562,114.20021057128906
HPR_O2_PS,HPR-O2-PS,2,9203,1500,20264107,False,False,2.344055997133255,23.44055997133255,2.602560415586775,29.553289986787494,29.553289986787494,-11.106439220089177,11.106439220089177,0.49613259668508286,0.990875,1089.68798828125,177.1201934814453,114.53797149658203
HPR_O2_PS,HPR-O2-PS,2,9203,1500,20264108,False,False,2.911064853244461,29.11064853244461,3.2292740466261716,33.828344315335016,33.828344315335016,-24.93990990328561,24.93990990328561,0.49835706462212487,0.991875,1066.221923828125,177.47755432128906,113.29845428466797
HPR_O2_PS,HPR-O2-PS,2,9203,1500,20264109,False,False,3.1952669450826945,31.952669450826942,3.5496960832777944,44.34600007275651,44.34600007275651,-38.329635159573904,38.329635159573904,0.5305010893246187,0.9905,1070.989990234375,176.75303649902344,112.83439636230469
HPR_O2_PS,HPR-O2-PS,2,9203,1500,20264110,False,False,2.604873819348868,26.04873819348868,2.8908970356879613,31.19137386875952,31.19137386875952,-12.734973068953634,12.734973068953634,0.5179542981501633,0.991875,1071.91162109375,178.08059692382812,113.02702331542969
HPR_O2_PS,HPR-O2-PS,2,9203,1500,20264111,False,False,2.8580118380021307,28.580118380021307,3.179586849729448,34.823093786669595,34.823093786669595,-23.228054826862124,23.228054826862124,0.48633879781420764,0.992125,1096.4139404296875,177.06869506835938,114.34031677246094
HPR_O2_PS,HPR-O2-PS,2,9203,1500,20264112,False,False,3.226156091170852,32.261560911708514,3.5863045882452274,36.13085296579729,36.13085296579729,-24.007030868675365,24.007030868675365,0.5601851851851852,0.99075,1069.080322265625,176.42559814453125,112.8744888305664
HPR_O2_PS,HPR-O2-PS,2,9203,1500,20264113,False,False,3.349923537056893,33.49923537056893,3.7172580159299176,53.67168647031906,53.67168647031906,-30.94216676881823,30.94216676881823,0.5164212910532276,0.991125,1070.93701171875,177.1863250732422,113.07389068603516
HPR_O2_PS,HPR-O2-PS,2,9203,1500,20264114,False,False,2.70441658292315,27.044165829231495,3.0134675241996853,26.290550989259188,26.290550989259188,-15.021245191652232,15.021245191652232,0.5077605321507761,0.98975,1076.1629638671875,177.16806030273438,113.40812683105469
HPR_O2_PS,HPR-O2-PS,2,9203,1500,20264115,False,False,2.6456697931839153,26.456697931839155,2.936573374909121,37.441239334046685,37.441239334046685,-20.849825804151852,20.849825804151852,0.5244299674267101,0.9915,1072.491455078125,178.11746215820312,113.37992858886719
HPR_O2_PS,HPR-O2-PS,2,9203,1500,20264116,False,False,3.0192109031300065,30.192109031300063,3.353455552025327,26.63524354886076,26.63524354886076,-9.986632973460319,9.986632973460319,0.5388076490438695,0.992625,1071.9749755859375,177.48231506347656,113.6743392944336
HPR_O2_PS,HPR-O2-PS,2,9203,1500,20264117,False,False,3.032281276136637,30.322812761366368,3.3714587280625996,37.439686570574054,37.439686570574054,-28.992317105340167,28.992317105340167,0.5322763306908267,0.992125,1070.8974609375,177.8247833251953,112.92101287841797
HPR_O2_PS,HPR-O2-PS,2,9203,1500,20264118,False,False,2.525248213913292,25.252482139132916,2.7999061391395763,47.55566599697703,47.55566599697703,-23.413230539096283,23.413230539096283,0.5244444444444445,0.99125,1048.4195556640625,177.66781616210938,112.11965942382812
HPR_O2_PS,HPR-O2-PS,2,9203,1500,20264119,False,False,2.99305539900437,29.9305539900437,3.3252615197345805,43.73471682270302,43.73471682270302,-22.566822046372234,22.566822046372234,0.5114942528735632,0.993,1072.64404296875,177.354248046875,113.44556427001953
HPR_O2_PS,HPR-O2-PS,2,9203,1500,20264120,False,False,2.8088426357740537,28.088426357740538,3.123362423720564,29.191291378477153,29.191291378477153,-17.519591636410745,17.519591636410745,0.4994011976047904,0.991,1102.9969482421875,177.26736450195312,115.04973602294922
HPR_O2_PS,HPR-O2-PS,3,9204,1500,20264101,False,False,2.967146168462932,29.67146168462932,3.2949816265390854,54.38737391027451,54.38737391027451,-30.46021851730314,30.46021851730314,0.5479603087100331,0.98475,615.8292236328125,127.42573547363281,60.95378875732422
HPR_O2_PS,HPR-O2-PS,3,9204,1500,20264102,False,False,3.0551964640896774,30.55196464089677,3.397444895905015,47.33478290989736,47.33478290989736,-28.074033427402863,28.074033427402863,0.5204200700116686,0.9855,628.5979614257812,127.52644348144531,61.685970306396484
HPR_O2_PS,HPR-O2-PS,3,9204,1500,20264103,False,False,2.834810396432877,28.348103964328768,3.1455806775746895,33.22046599022972,33.22046599022972,-12.88448860910261,12.88448860910261,0.5234899328859061,0.98625,635.4591674804688,127.3646240234375,62.33349609375
HPR_O2_PS,HPR-O2-PS,3,9204,1500,20264104,False,False,3.4873951646965,34.873951646965,3.8709666131227967,44.068564659244586,44.068564659244586,-31.445606294742678,31.445606294742678,0.5444191343963554,0.986375,616.30126953125,127.47721099853516,60.775718688964844
HPR_O2_PS,HPR-O2-PS,3,9204,1500,20264105,False,False,2.428800704367459,24.28800704367459,2.696524347601993,28.049524579062357,28.049524579062357,-18.622229781971544,18.622229781971544,0.5204545454545455,0.985375,613.64599609375,128.22259521484375,60.831424713134766
HPR_O2_PS,HPR-O2-PS,3,9204,1500,20264106,False,False,3.148950112238526,31.489501122385263,3.5061887813618258,37.615361834383506,37.615361834383506,-26.933575297219257,26.933575297219257,0.52,0.98675,623.1925659179688,127.8752670288086,61.24799346923828
HPR_O2_PS,HPR-O2-PS,3,9204,1500,20264107,False,False,3.2511126911640167,32.51112691164017,3.6096480659946706,37.33771759108171,37.33771759108171,-21.72502452407492,21.72502452407492,0.5426008968609866,0.984875,625.5983276367188,127.50471496582031,61.997093200683594
HPR_O2_PS,HPR-O2-PS,3,9204,1500,20264108,False,False,2.705914172702469,27.059141727024688,3.001698296266783,33.92582835396196,33.92582835396196,-9.103694882657164,9.103694882657164,0.5159515951595159,0.983875,628.0921630859375,127.79119110107422,61.737911224365234
HPR_O2_PS,HPR-O2-PS,3,9204,1500,20264109,False,False,3.035484173018485,30.354841730184855,3.372189699642323,36.5479080886999,36.5479080886999,-15.898682848132555,15.898682848132555,0.5483503981797497,0.981875,618.9185180664062,127.77635192871094,61.0611572265625
HPR_O2_PS,HPR-O2-PS,3,9204,1500,20264110,False,False,2.697572622296866,26.97572622296866,2.9937744544188143,46.51916852488798,46.51916852488798,-34.80131791527536,34.80131791527536,0.5028312570781427,0.984125,606.2388916015625,128.4282989501953,60.393775939941406
HPR_O2_PS,HPR-O2-PS,3,9204,1500,20264111,False,False,3.1022766886185855,31.022766886185856,3.4513356565552895,39.517861905788386,39.517861905788386,-32.90365599474118,32.90365599474118,0.5909592061742006,0.9855,617.5418090820312,127.74437713623047,61.4936408996582
HPR_O2_PS,HPR-O2-PS,3,9204,1500,20264112,False,False,2.862521542983595,28.625215429835954,3.1820760848019405,45.19089761602157,45.19089761602157,-19.78010522542644,19.78010522542644,0.515695067264574,0.984625,619.8953857421875,128.24649047851562,61.124298095703125
HPR_O2_PS,HPR-O2-PS,3,9204,1500,20264113,False,False,2.8501258685998625,28.50125868599862,3.1626552410118856,38.05511775933523,38.05511775933523,-27.76207793210543,27.76207793210543,0.5022522522522522,0.985625,619.062255859375,127.90960693359375,61.05139923095703
HPR_O2_PS,HPR-O2-PS,3,9204,1500,20264114,False,False,2.460273611884331,24.602736118843314,2.7414247778518277,34.753606893524214,34.753606893524214,-20.514711914708887,20.514711914708887,0.56,0.98675,621.6834716796875,128.2257537841797,60.83222579956055
HPR_O2_PS,HPR-O2-PS,3,9204,1500,20264115,False,False,2.989247941072099,29.89247941072099,3.317929522939531,35.43619208605626,35.43619208605626,-20.91633928230776,20.91633928230776,0.516093229744728,0.98625,617.9996948242188,127.82083129882812,60.90028762817383
HPR_O2_PS,HPR-O2-PS,3,9204,1500,20264116,False,False,2.7678763694386,27.678763694386,3.0742967868826288,33.36051348180989,33.36051348180989,-17.410654687503836,17.410654687503836,0.5254237288135594,0.987,623.2284545898438,128.05703735351562,61.54805374145508
HPR_O2_PS,HPR-O2-PS,3,9204,1500,20264117,False,False,2.8087349618971347,28.08734961897135,3.1229075206926695,36.48482633279902,36.48482633279902,-24.45421765206096,24.45421765206096,0.510314875135722,0.985875,624.526611328125,127.93730163574219,61.18759536743164
HPR_O2_PS,HPR-O2-PS,3,9204,1500,20264118,False,False,2.7367399512790143,27.367399512790143,3.0344007169656257,31.09128400797387,31.09128400797387,-13.778403342620242,13.778403342620242,0.5197674418604651,0.98325,625.4917602539062,127.63799285888672,61.6153450012207
HPR_O2_PS,HPR-O2-PS,3,9204,1500,20264119,False,False,2.6605781155265866,26.605781155265866,2.9558818158699864,31.011963266268488,31.011963266268488,-16.805207926358836,16.805207926358836,0.5396039603960396,0.98525,616.9927368164062,127.89114379882812,61.08058547973633
HPR_O2_PS,HPR-O2-PS,3,9204,1500,20264120,False,False,3.1429551655286923,31.429551655286925,3.4948871604355767,46.90295300455926,46.90295300455926,-38.05530513241413,38.05530513241413,0.5545350172215844,0.98475,629.0044555664062,127.31292724609375,62.0191650390625
HPR_O2_PS,HPR-O2-PS,4,9205,1500,20264101,False,False,2.9786935813352464,29.786935813352464,3.307804895460834,47.30894130106216,47.30894130106216,-35.22887234414345,35.22887234414345,0.5187637969094923,0.990125,576.880126953125,162.6197052001953,55.89787292480469
HPR_O2_PS,HPR-O2-PS,4,9205,1500,20264102,False,False,2.994080245522783,29.940802455227825,3.329482332034682,41.465924453079666,41.465924453079666,-30.78886210608818,30.78886210608818,0.5508379888268157,0.989375,576.5103759765625,162.35450744628906,55.63800811767578
HPR_O2_PS,HPR-O2-PS,4,9205,1500,20264103,False,False,2.8532701933383944,28.532701933383944,3.1660641570098633,35.179816848630026,35.179816848630026,-14.82898386994047,14.82898386994047,0.5413870246085011,0.990125,582.42626953125,162.26121520996094,56.24193572998047
HPR_O2_PS,HPR-O2-PS,4,9205,1500,20264104,False,False,3.1756196138542148,31.756196138542148,3.524899508277371,43.41114743282691,43.41114743282691,-24.411314760548986,24.411314760548986,0.5172811059907834,0.988875,582.1962280273438,162.37771606445312,56.169681549072266
HPR_O2_PS,HPR-O2-PS,4,9205,1500,20264105,False,False,3.046033484824002,30.46033484824002,3.3817939202129765,44.603389753658504,44.603389753658504,-32.369371708750485,32.369371708750485,0.5017341040462427,0.989375,579.5897827148438,162.2032012939453,55.736141204833984
HPR_O2_PS,HPR-O2-PS,4,9205,1500,20264106,False,False,2.902536099329591,29.02536099329591,3.2318198593919965,34.986147097706215,34.986147097706215,-19.17925969307469,19.17925969307469,0.5501138952164009,0.989375,582.92919921875,162.25772094726562,55.917415618896484
HPR_O2_PS,HPR-O2-PS,4,9205,1500,20264107,False,False,3.225402394533157,32.254023945331575,3.581102416758346,44.16806733915041,44.16806733915041,-33.06016554911221,33.06016554911221,0.5610561056105611,0.989375,578.668701171875,162.69082641601562,56.06684494018555
HPR_O2_PS,HPR-O2-PS,4,9205,1500,20264108,False,False,2.6771778102451935,26.771778102451936,2.9698207551758324,40.56277426191765,40.56277426191765,-21.449915933327986,21.449915933327986,0.545054945054945,0.98925,572.2048950195312,162.72486877441406,55.91246032714844
HPR_O2_PS,HPR-O2-PS,4,9205,1500,20264109,False,False,2.279470607955009,22.79470607955009,2.532316713461742,31.394901130044513,31.394901130044513,-14.238914633627944,14.238914633627944,0.5022222222222222,0.98875,582.7288818359375,162.22303771972656,56.114463806152344
HPR_O2_PS,HPR-O2-PS,4,9205,1500,20264110,False,False,2.8457832050300205,28.457832050300205,3.158259018353647,50.60224268803728,50.60224268803728,-39.23909572222845,39.23909572222845,0.5093304061470911,0.98825,574.9140014648438,162.640380859375,55.74962615966797
HPR_O2_PS,HPR-O2-PS,4,9205,1500,20264111,False,False,2.792758618397638,27.927586183976384,3.106991531474228,38.5779098755846,38.5779098755846,-19.033522925296065,19.033522925296065,0.4964788732394366,0.989125,579.0107421875,162.62814331054688,56.287391662597656
HPR_O2_PS,HPR-O2-PS,4,9205,1500,20264112,False,False,2.7800624174647965,27.800624174647965,3.0904117226837915,30.28826602840222,30.28826602840222,-16.45127365161353,16.45127365161353,0.5126728110599078,0.989625,577.9920654296875,162.58465576171875,56.103702545166016
HPR_O2_PS,HPR-O2-PS,4,9205,1500,20264113,False,False,2.3642200687341393,23.642200687341393,2.6234676417854916,42.53871579110201,42.53871579110201,-24.673698144813937,24.673698144813937,0.51431718061674,0.989875,569.3968505859375,162.98715209960938,55.678531646728516
HPR_O2_PS,HPR-O2-PS,4,9205,1500,20264114,False,False,2.900611956458306,29.00611956458306,3.2320833950975683,46.77500971128714,46.77500971128714,-34.62757878757595,34.62757878757595,0.5048076923076923,0.988625,578.3107299804688,162.59031677246094,55.737857818603516
HPR_O2_PS,HPR-O2-PS,4,9205,1500,20264115,False,False,2.679241246278398,26.79241246278398,2.9738361639269546,37.05311150382637,37.05311150382637,-21.11026082834625,21.11026082834625,0.5137211855104281,0.98875,580.9437866210938,162.53628540039062,56.1710090637207
HPR_O2_PS,HPR-O2-PS,4,9205,1500,20264116,False,False,2.6642308921436784,26.642308921436783,2.9591771372693323,29.288213918028184,29.288213918028184,2.0289887846035053,-2.0289887846035053,0.5155709342560554,0.988625,587.6358032226562,162.15992736816406,56.5277099609375
HPR_O2_PS,HPR-O2-PS,4,9205,1500,20264117,False,False,2.9861845315992834,29.861845315992834,3.3202058073890464,26.33202455697495,26.33202455697495,-2.4469545375947988,2.4469545375947988,0.48,0.99025,585.2651977539062,162.2634735107422,56.324676513671875
HPR_O2_PS,HPR-O2-PS,4,9205,1500,20264118,False,False,2.674231024887413,26.742310248874126,2.9650930244423437,28.670360238753812,28.670360238753812,-12.448156088983108,12.448156088983108,0.5283687943262412,0.98825,579.7205200195312,162.3741455078125,56.055389404296875
HPR_O2_PS,HPR-O2-PS,4,9205,1500,20264119,False,False,2.9173910504020752,29.17391050402075,3.2411990105987023,35.69803891979799,35.69803891979799,-20.180217228051553,20.180217228051553,0.5268456375838926,0.9895,581.3226928710938,162.2427520751953,55.925968170166016
HPR_O2_PS,HPR-O2-PS,4,9205,1500,20264120,False,False,3.398721080445685,33.98721080445685,3.7792924303306985,35.79494347393969,35.79494347393969,-22.73188666076367,22.73188666076367,0.5448275862068965,0.988375,583.1986083984375,162.4527130126953,56.34458541870117
HPR_O2_JS,HPR-O2-JS,0,9201,1500,20264101,True,True,3.171188832037151,31.711888320371507,3.521568653040522,915.7611088489366,915.7611088489366,-905.4093132305571,905.4093132305571,0.895010395010395,0.898875,291.73944091796875,183.6586456298828,76.61293029785156
HPR_O2_JS,HPR-O2-JS,0,9201,1500,20264102,True,True,2.761685683755204,27.616856837552042,3.0710545264930196,674.6818826739353,674.6818826739353,-674.680662948586,674.680662948586,0.8174097664543525,0.892,286.9440612792969,183.9968719482422,76.67825317382812
HPR_O2_JS,HPR-O2-JS,0,9201,1500,20264103,True,True,3.0514379751682283,30.51437975168228,3.38595637492544,819.9986174989277,819.9986174989277,-819.9949387670753,819.9949387670753,0.8361522198731501,0.888625,300.54150390625,183.3109893798828,78.94197845458984
HPR_O2_JS,HPR-O2-JS,0,9201,1500,20264104,True,True,3.4578570482414217,34.578570482414214,3.8381796597629836,942.7267575018344,942.7267575018344,-942.7231996534287,942.7231996534287,0.9009483667017913,0.893,293.5855407714844,184.38607788085938,73.95494079589844
HPR_O2_JS,HPR-O2-JS,0,9201,1500,20264105,True,True,2.735589587576688,27.355895875766876,3.0371301830909765,709.6620495621925,709.6620495621925,-706.6620758038448,706.6620758038448,0.8292422625400213,0.887875,287.8512878417969,182.73294067382812,78.03506469726562
HPR_O2_JS,HPR-O2-JS,0,9201,1500,20264106,True,True,2.5817320565134287,25.81732056513429,2.874621588271103,627.4784360052603,627.4784360052603,-625.9435875191396,625.9435875191396,0.8021052631578948,0.904375,298.9661865234375,183.18885803222656,78.35322570800781
HPR_O2_JS,HPR-O2-JS,0,9201,1500,20264107,True,True,3.018038159608841,30.18038159608841,3.3508698838826465,1017.2833814559401,1017.2833814559401,-1017.2757904089867,1017.2757904089867,0.8760593220338984,0.898625,299.53729248046875,183.2428741455078,75.36542510986328
HPR_O2_JS,HPR-O2-JS,0,9201,1500,20264108,True,True,2.249623488956131,22.49623488956131,2.49553036905722,682.4878408369962,682.4878408369962,-682.483783077034,682.483783077034,0.8240837696335078,0.891,293.8809509277344,182.81378173828125,80.5062026977539
HPR_O2_JS,HPR-O2-JS,0,9201,1500,20264109,True,True,2.5696168443746865,25.696168443746867,2.854646890156906,814.8293710141829,814.8293710141829,-814.2392491651182,814.2392491651182,0.8673139158576052,0.880625,292.79364013671875,182.4823455810547,78.34796905517578
HPR_O2_JS,HPR-O2-JS,0,9201,1500,20264110,True,True,2.8603602695441808,28.603602695441808,3.1744366897172265,803.904891008347,803.904891008347,-803.8983281287775,803.8983281287775,0.8580508474576272,0.889875,296.91802978515625,181.93504333496094,78.4627685546875
HPR_O2_JS,HPR-O2-JS,0,9201,1500,20264111,True,True,2.7536214266251777,27.536214266251775,3.0634507390112953,700.2945001531936,700.2945001531936,-700.2903733019001,700.2903733019001,0.8029350104821803,0.90425,303.0456237792969,182.58648681640625,75.68858337402344
HPR_O2_JS,HPR-O2-JS,0,9201,1500,20264112,True,True,2.2692507071071306,22.692507071071304,2.5225760914201354,426.7796980870578,426.7796980870578,-421.6276566520195,421.6276566520195,0.714902807775378,0.911375,313.45111083984375,186.3913116455078,80.18982696533203
HPR_O2_JS,HPR-O2-JS,0,9201,1500,20264113,True,True,3.1811624172143644,31.81162417214364,3.529991465343782,983.2410594907942,983.2410594907942,-982.0900638184715,982.0900638184715,0.8857442348008385,0.890875,293.5406799316406,181.23971557617188,77.4886703491211
HPR_O2_JS,HPR-O2-JS,0,9201,1500,20264114,True,True,2.650524065833306,26.505240658333058,2.953416365264666,914.4037555893105,914.4037555893105,-912.9038281669392,912.9038281669392,0.8542116630669546,0.89075,293.4008483886719,181.58697509765625,77.15576934814453
HPR_O2_JS,HPR-O2-JS,0,9201,1500,20264115,True,True,3.0539244928909466,30.539244928909465,3.3897175595801845,919.2938074876348,919.2938074876348,-919.287196594201,919.287196594201,0.8759278897136797,0.882625,289.4847412109375,183.18272399902344,75.04573059082031
HPR_O2_JS,HPR-O2-JS,0,9201,1500,20264116,True,True,2.9704613227467056,29.704613227467057,3.299309102426259,943.695772076041,943.695772076041,-934.217979270194,934.217979270194,0.8624338624338624,0.896125,300.5513916015625,181.66162109375,77.831298828125
HPR_O2_JS,HPR-O2-JS,0,9201,1500,20264117,True,True,2.571428653150797,25.71428653150797,2.8590571872346504,688.3237816545138,688.3237816545138,-688.3160498933091,688.3160498933091,0.8541001064962727,0.892625,286.7174072265625,182.5221710205078,77.025390625
HPR_O2_JS,HPR-O2-JS,0,9201,1500,20264118,True,True,2.8480997573398055,28.480997573398053,3.1578725416065074,959.3197573814397,959.3197573814397,-957.5526253484376,957.5526253484376,0.8487394957983193,0.8925,299.80743408203125,183.0864715576172,79.15718841552734
HPR_O2_JS,HPR-O2-JS,0,9201,1500,20264119,True,True,2.4842943936027586,24.842943936027588,2.7600319571390424,808.8497330935044,808.8497330935044,-808.8453817736711,808.8453817736711,0.9034994697773064,0.893375,289.27325439453125,183.5100555419922,76.45555877685547
HPR_O2_JS,HPR-O2-JS,0,9201,1500,20264120,True,True,3.085989375733771,30.85989375733771,3.4315426337551096,1001.974335763332,1001.974335763332,-1000.4013821689641,1000.4013821689641,0.9057591623036649,0.891375,307.5728759765625,181.8792724609375,78.01665496826172
HPR_O2_JS,HPR-O2-JS,1,9202,1500,20264101,False,False,1.873994189016521,18.73994189016521,2.0810489509012506,15.847815185885052,15.847815185885052,-10.723871856916206,10.723871856916206,0.5663924794359577,0.765625,250.90330505371094,94.23931121826172,87.28800964355469
HPR_O2_JS,HPR-O2-JS,1,9202,1500,20264102,False,False,1.5106163668911905,15.106163668911904,1.6798382446721796,22.829167356491855,22.829167356491855,-1.5196628097013551,1.5196628097013551,0.5075845974329055,0.768,257.4520263671875,94.96138763427734,86.89451599121094
HPR_O2_JS,HPR-O2-JS,1,9202,1500,20264103,False,False,1.620044161081314,16.20044161081314,1.7976438975698328,21.935582472477194,21.935582472477194,-5.857371502771017,5.857371502771017,0.5132211538461539,0.766375,253.43589782714844,94.26541900634766,86.44829559326172
HPR_O2_JS,HPR-O2-JS,1,9202,1500,20264104,False,False,1.7294659063499422,17.294659063499424,1.9196863176810104,18.67230805982794,18.67230805982794,-14.863973610385091,14.863973610385091,0.5179153094462541,0.7675,261.2146301269531,95.218994140625,88.06267547607422
HPR_O2_JS,HPR-O2-JS,1,9202,1500,20264105,False,False,1.6254987024143341,16.25498702414334,1.8046753775119764,18.75879435300199,18.75879435300199,-4.848648087350338,4.848648087350338,0.5181286549707602,0.76475,246.9459991455078,94.02227020263672,86.45262908935547
HPR_O2_JS,HPR-O2-JS,1,9202,1500,20264106,False,False,1.7537359455972912,17.53735945597291,1.9526918746747128,23.417856077467984,23.417856077467984,-8.371533712974534,8.371533712974534,0.5600461893764435,0.767,255.3107147216797,94.90699768066406,87.84686279296875
HPR_O2_JS,HPR-O2-JS,1,9202,1500,20264107,False,False,1.8546412003040313,18.546412003040313,2.059172553441871,19.570542343206654,19.570542343206654,-4.615543526231368,4.615543526231368,0.5200918484500574,0.774875,259.81317138671875,95.22942352294922,87.47077178955078
HPR_O2_JS,HPR-O2-JS,1,9202,1500,20264108,False,False,1.6928133769566192,16.92813376956619,1.877855210918777,27.106673462455134,27.106673462455134,-5.742434657739979,5.742434657739979,0.4876905041031653,0.7715,248.02871704101562,94.02716827392578,86.17997741699219
HPR_O2_JS,HPR-O2-JS,1,9202,1500,20264109,False,False,1.6826384851522744,16.826384851522743,1.8692820797052156,22.551271560174282,22.551271560174282,-11.71042739662644,11.71042739662644,0.5645161290322581,0.772375,254.6278839111328,94.75715637207031,88.01811218261719
HPR_O2_JS,HPR-O2-JS,1,9202,1500,20264110,False,False,1.5022080707526766,15.022080707526767,1.6671551713821524,26.18090126806359,26.18090126806359,0.9903085251076188,-0.9903085251076188,0.5554323725055432,0.7705,255.21405029296875,94.6076889038086,87.25004577636719
HPR_O2_JS,HPR-O2-JS,1,9202,1500,20264111,False,False,1.6444047747086736,16.444047747086735,1.8294283206856738,22.958837929273376,22.958837929273376,-6.949785816909164,6.949785816909164,0.5435779816513762,0.773,257.65277099609375,94.95177459716797,88.3398208618164
HPR_O2_JS,HPR-O2-JS,1,9202,1500,20264112,False,False,1.8390203280025161,18.390203280025162,2.0443174024472186,20.053245294997478,20.053245294997478,-13.422240791224308,13.422240791224308,0.5204200700116686,0.76875,261.5448913574219,95.45909118652344,88.63048553466797
HPR_O2_JS,HPR-O2-JS,1,9202,1500,20264113,False,False,1.8648651531152427,18.648651531152428,2.0693561695847977,21.073024905568722,21.073024905568722,-12.071019340244364,12.071019340244364,0.505656108597285,0.77475,261.9327392578125,95.59770965576172,88.1796875
HPR_O2_JS,HPR-O2-JS,1,9202,1500,20264114,False,False,1.727956478934502,17.27956478934502,1.925421092807849,21.106267394853774,21.106267394853774,-9.41844489689079,9.41844489689079,0.4911894273127753,0.771125,261.44769287109375,94.698486328125,87.12064361572266
HPR_O2_JS,HPR-O2-JS,1,9202,1500,20264115,False,False,1.6136643114639448,16.136643114639448,1.7910941362729123,20.927501093760295,20.927501093760295,-3.7257854133292256,3.7257854133292256,0.5191256830601093,0.773,267.67449951171875,95.84884643554688,87.7509994506836
HPR_O2_JS,HPR-O2-JS,1,9202,1500,20264116,False,False,1.8134686297993179,18.134686297993177,2.0142304198490177,19.767936974593923,19.767936974593923,-4.842303445311748,4.842303445311748,0.5145739910313901,0.770625,262.25830078125,94.65618896484375,86.82237243652344
HPR_O2_JS,HPR-O2-JS,1,9202,1500,20264117,False,False,1.7740129484236242,17.740129484236242,1.9724461202620258,17.42078964570723,17.42078964570723,-5.238666961250684,5.238666961250684,0.5116279069767442,0.77375,261.1700134277344,94.9684066772461,86.9891128540039
HPR_O2_JS,HPR-O2-JS,1,9202,1500,20264118,False,False,1.8129682551883162,18.12968255188316,2.0101552472343336,15.712664916220573,15.712664916220573,-5.090109226253379,5.090109226253379,0.5339470655926352,0.77275,257.2183532714844,95.24077606201172,87.67903900146484
HPR_O2_JS,HPR-O2-JS,1,9202,1500,20264119,False,False,1.6102088623680175,16.102088623680174,1.7889296571487037,20.13838558406951,20.13838558406951,-7.80580470985853,7.80580470985853,0.525522041763341,0.772375,254.96478271484375,94.38910675048828,86.68731689453125
HPR_O2_JS,HPR-O2-JS,1,9202,1500,20264120,False,False,1.7618044525617738,17.618044525617737,1.9590822764474978,25.521117381323048,25.521117381323048,-8.657945637412979,8.657945637412979,0.5537280701754386,0.7695,253.658203125,95.00443267822266,88.08859252929688
HPR_O2_JS,HPR-O2-JS,2,9203,1500,20264101,True,True,2.3417710692808034,23.417710692808033,2.6005097857508632,543.8336115197457,543.8336115197457,-541.3278276366767,541.3278276366767,0.8611111111111112,0.860375,283.1977233886719,115.02934265136719,133.11692810058594
HPR_O2_JS,HPR-O2-JS,2,9203,1500,20264102,True,True,1.7350054431241007,17.350054431241006,1.9293637762394238,380.8173913989603,380.8173913989603,-364.3558315485936,364.3558315485936,0.7549234135667396,0.842625,285.16650390625,116.66598510742188,132.23403930664062
HPR_O2_JS,HPR-O2-JS,2,9203,1500,20264103,False,False,1.6100886690616607,16.10088669061661,1.7865970200177483,299.73417629564614,299.73417629564614,-252.71976173786547,252.71976173786547,0.6599777034559643,0.844875,280.203125,113.25273895263672,133.87332153320312
HPR_O2_JS,HPR-O2-JS,2,9203,1500,20264104,False,False,1.3998430940788242,13.998430940788241,1.5538089676915703,58.02503884931133,58.02503884931133,6.389844926048393,-6.389844926048393,0.5495915985997666,0.8545,280.3317565917969,111.5938491821289,133.55259704589844
HPR_O2_JS,HPR-O2-JS,2,9203,1500,20264105,True,True,2.219084613211453,22.19084613211453,2.46369151579772,500.41409092068795,500.41409092068795,-497.5220867013619,497.5220867013619,0.8270925110132159,0.85775,273.2705078125,115.2777328491211,133.0982666015625
HPR_O2_JS,HPR-O2-JS,2,9203,1500,20264106,False,False,1.643522732630372,16.43522732630372,1.8299753129354261,258.1940354366342,258.1940354366342,-250.847478963184,250.847478963184,0.6909492273730684,0.849625,271.97369384765625,112.62094116210938,134.38897705078125
HPR_O2_JS,HPR-O2-JS,2,9203,1500,20264107,False,False,0.6604366123676301,6.604366123676301,0.7332701038090897,113.6329851479033,113.6329851479033,-92.31919243394991,92.31919243394991,0.6085526315789473,0.842125,292.1251220703125,120.9086685180664,129.69261169433594
HPR_O2_JS,HPR-O2-JS,2,9203,1500,20264108,True,False,1.5467893786961215,15.467893786961215,1.7158692945824738,401.66052225983003,401.66052225983003,-358.4468656472295,358.4468656472295,0.7213290460878885,0.8465,282.6793212890625,117.00315856933594,131.0313720703125
HPR_O2_JS,HPR-O2-JS,2,9203,1500,20264109,False,False,1.573760406691581,15.73760406691581,1.7483268996500692,316.48557044908864,316.48557044908864,-266.98834397695083,266.98834397695083,0.6843267108167771,0.851125,280.3664855957031,112.48538970947266,133.83578491210938
HPR_O2_JS,HPR-O2-JS,2,9203,1500,20264110,False,False,1.2359315586066808,12.359315586066806,1.3716406731679516,258.3732014626259,258.3732014626259,-255.39754811692714,255.39754811692714,0.7415730337078652,0.839,264.32879638671875,113.70887756347656,132.2853546142578
HPR_O2_JS,HPR-O2-JS,2,9203,1500,20264111,False,False,1.5909706316422672,15.909706316422671,1.7699819263910743,301.7418771901686,301.7418771901686,-268.02775202753423,268.02775202753423,0.6962305986696231,0.846875,272.645263671875,112.61028289794922,133.7207489013672
HPR_O2_JS,HPR-O2-JS,2,9203,1500,20264112,True,True,2.3374560255580583,23.374560255580583,2.59839543790889,501.07005390604587,501.07005390604587,-497.83481112289047,497.83481112289047,0.8240343347639485,0.856125,281.8395080566406,115.4715576171875,132.7925567626953
HPR_O2_JS,HPR-O2-JS,2,9203,1500,20264113,True,True,1.8481517818383875,18.481517818383875,2.0508101004984907,455.5851108161462,455.5851108161462,-452.2215946946689,452.2215946946689,0.8382838283828383,0.84825,276.93475341796875,113.64679718017578,134.14610290527344
HPR_O2_JS,HPR-O2-JS,2,9203,1500,20264114,False,False,0.8094153765251395,8.094153765251395,0.9019124369182588,66.12630900025,66.12630900025,-32.47799624922896,32.47799624922896,0.5920177383592018,0.821625,262.53515625,107.67263793945312,136.61383056640625
HPR_O2_JS,HPR-O2-JS,2,9203,1500,20264115,True,True,2.702771233613603,27.02771233613603,2.99995338176666,584.5578508384932,584.5578508384932,-580.0919532378033,580.0919532378033,0.8551351351351352,0.85375,280.9575500488281,114.95188903808594,133.69061279296875
HPR_O2_JS,HPR-O2-JS,2,9203,1500,20264116,True,True,1.693231250725221,16.93231250725221,1.8806820460010707,401.4221579317325,401.4221579317325,-398.9028999318616,398.9028999318616,0.7827510917030568,0.844625,276.6332092285156,116.40980529785156,132.40721130371094
HPR_O2_JS,HPR-O2-JS,2,9203,1500,20264117,False,False,1.2961070550978184,12.961070550978183,1.4410838063744806,281.7763396162503,281.7763396162503,-279.8416617229727,279.8416617229727,0.7180910099889012,0.850125,293.2745666503906,118.09378051757812,131.4285888671875
HPR_O2_JS,HPR-O2-JS,2,9203,1500,20264118,False,False,0.5591262375377118,5.591262375377119,0.6199394484908273,110.73748212400426,110.73748212400426,-89.54265957073457,89.54265957073457,0.6008869179600886,0.8265,283.2902526855469,118.90662384033203,129.40469360351562
HPR_O2_JS,HPR-O2-JS,2,9203,1500,20264119,False,False,1.9389554958976805,19.389554958976806,2.154164637624546,310.0287726846423,310.0287726846423,-295.4481003333353,295.4481003333353,0.7111356119073869,0.8455,273.5863037109375,112.1581039428711,134.0119171142578
HPR_O2_JS,HPR-O2-JS,2,9203,1500,20264120,False,False,0.9931345278257504,9.931345278257504,1.1043406371021547,75.90669948769195,75.90669948769195,16.13915314854457,-16.13915314854457,0.5114155251141552,0.836,271.9054870605469,109.20280456542969,135.14224243164062
HPR_O2_JS,HPR-O2-JS,3,9204,1500,20264101,False,False,2.3507702262327075,23.507702262327076,2.6105032458392237,30.593889609623833,30.593889609623833,-23.01630196342188,23.01630196342188,0.5379388448471121,0.8935,292.1275634765625,95.44338989257812,53.03792190551758
HPR_O2_JS,HPR-O2-JS,3,9204,1500,20264102,False,False,1.610904023675248,16.10904023675248,1.7913602995279192,23.060162134614906,23.060162134614906,-6.902439131048438,6.902439131048438,0.5022222222222222,0.8945,292.179931640625,95.54993438720703,53.1259765625
HPR_O2_JS,HPR-O2-JS,3,9204,1500,20264103,False,False,2.1692220366001127,21.69222036600113,2.407026209683967,33.05826213115718,33.05826213115718,-12.273318702533087,12.273318702533087,0.5422612513721186,0.8995,286.4411315917969,95.48676300048828,52.825260162353516
HPR_O2_JS,HPR-O2-JS,3,9204,1500,20264104,False,False,1.9898888990562411,19.898888990562412,2.208752701743436,29.21891054913001,29.21891054913001,-11.215254162600655,11.215254162600655,0.5383734249713631,0.90425,282.8661193847656,95.38227081298828,53.15680694580078
HPR_O2_JS,HPR-O2-JS,3,9204,1500,20264105,False,False,1.3963077138736844,13.963077138736844,1.5502209549076387,19.427674429316184,19.427674429316184,-0.7193381164084331,0.7193381164084331,0.4482366325369738,0.8915,291.3702392578125,95.43231201171875,53.21249008178711
HPR_O2_JS,HPR-O2-JS,3,9204,1500,20264106,False,False,1.905717432871461,19.05717432871461,2.1219151924987507,18.77608412499415,18.77608412499415,-1.6395766972072077,1.6395766972072077,0.5096921322690992,0.906375,296.0653076171875,95.0798568725586,53.29384994506836
HPR_O2_JS,HPR-O2-JS,3,9204,1500,20264107,False,False,1.8012071907520295,18.012071907520294,1.9998457974786172,22.545749543607933,22.545749543607933,-15.993768124812343,15.993768124812343,0.5452586206896551,0.903,286.4239807128906,95.03430938720703,53.10495376586914
HPR_O2_JS,HPR-O2-JS,3,9204,1500,20264108,False,False,1.762166213565506,17.62166213565506,1.9547890226376659,21.74446580753247,21.74446580753247,-14.891331800891837,14.891331800891837,0.4567901234567901,0.894875,281.02435302734375,95.33688354492188,52.860740661621094
HPR_O2_JS,HPR-O2-JS,3,9204,1500,20264109,False,False,1.932425186354667,19.32425186354667,2.146775913601484,20.873194553065932,20.873194553065932,0.9230474424662287,-0.9230474424662287,0.5137067938021455,0.895,293.4859313964844,95.64004516601562,53.0225715637207
HPR_O2_JS,HPR-O2-JS,3,9204,1500,20264110,False,False,1.7016818237281406,17.016818237281406,1.8885317604863674,29.585508193048184,29.585508193048184,-21.425927985708054,21.425927985708054,0.5520716685330347,0.899625,298.60137939453125,95.8642807006836,53.098236083984375
HPR_O2_JS,HPR-O2-JS,3,9204,1500,20264111,False,False,1.529903260273859,15.29903260273859,1.7020434355952254,21.70607044533264,21.70607044533264,-5.931089187244088,5.931089187244088,0.5068493150684932,0.8965,296.30377197265625,95.43834686279297,53.00969696044922
HPR_O2_JS,HPR-O2-JS,3,9204,1500,20264112,False,False,1.2772883410030045,12.772883410030046,1.4198770637253155,26.23183086433707,26.23183086433707,-10.427248882402699,10.427248882402699,0.4858823529411765,0.900625,292.0171813964844,95.15251922607422,53.142635345458984
HPR_O2_JS,HPR-O2-JS,3,9204,1500,20264113,False,False,1.9655369308404627,19.655369308404627,2.181067069426937,32.06578917645963,32.06578917645963,-16.885789903042326,16.885789903042326,0.5387205387205387,0.90025,287.9757385253906,94.90917205810547,53.16361618041992
HPR_O2_JS,HPR-O2-JS,3,9204,1500,20264114,False,False,1.6210570171882863,16.210570171882864,1.8063055473845715,25.491285848559194,25.491285848559194,-12.626955638354348,12.626955638354348,0.4867549668874172,0.893125,284.4730224609375,95.07501983642578,53.22543716430664
HPR_O2_JS,HPR-O2-JS,3,9204,1500,20264115,False,False,1.716266249711625,17.16266249711625,1.9049776302933858,24.805454367954518,24.805454367954518,-8.631916105054227,8.631916105054227,0.4936416184971098,0.9,287.4112548828125,95.5361557006836,52.96770477294922
HPR_O2_JS,HPR-O2-JS,3,9204,1500,20264116,False,False,1.7659025973896498,17.659025973896497,1.961398544041119,24.169297568926233,24.169297568926233,0.15846794059230063,-0.15846794059230063,0.5378346915017462,0.901375,284.9888916015625,95.31524658203125,53.1556396484375
HPR_O2_JS,HPR-O2-JS,3,9204,1500,20264117,False,False,1.7017286981642246,17.017286981642247,1.8920764763386855,21.928008231422563,21.928008231422563,-11.255599387945821,11.255599387945821,0.5233853006681515,0.8955,282.15167236328125,95.13841247558594,53.21860122680664
HPR_O2_JS,HPR-O2-JS,3,9204,1500,20264118,False,False,1.1669681989215315,11.669681989215315,1.2938931730903669,40.69229368172234,40.69229368172234,-23.103421198381753,23.103421198381753,0.5078828828828829,0.89975,298.2136535644531,95.51934814453125,53.15145492553711
HPR_O2_JS,HPR-O2-JS,3,9204,1500,20264119,False,False,1.8691766243614256,18.691766243614257,2.0766408482261953,30.959280067942466,30.959280067942466,-15.748672550932358,15.748672550932358,0.5322033898305085,0.894,295.3844299316406,95.56251525878906,52.7895393371582
HPR_O2_JS,HPR-O2-JS,3,9204,1500,20264120,False,False,1.8382228428358214,18.382228428358214,2.0440576060096673,31.747199489226805,31.747199489226805,-17.96028498468053,17.96028498468053,0.4880546075085324,0.8985,278.156494140625,95.82940673828125,52.796852111816406
HPR_O2_JS,HPR-O2-JS,4,9205,1500,20264101,True,True,1.9767641646787524,19.767641646787524,2.195173824547883,519.7143241660182,519.7143241660182,-519.7139202000767,519.7139202000767,0.8579003181336161,0.864375,197.15553283691406,202.58859252929688,56.00803756713867
HPR_O2_JS,HPR-O2-JS,4,9205,1500,20264102,True,True,1.621438453225419,16.21438453225419,1.8030748142333304,441.04841859591306,441.04841859591306,-440.3647904552794,440.3647904552794,0.7026143790849673,0.872,206.50877380371094,198.50930786132812,57.18719482421875
HPR_O2_JS,HPR-O2-JS,4,9205,1500,20264103,True,True,2.740434137582779,27.40434137582779,3.0408582818073353,624.2890913061558,624.2890913061558,-624.2889173724459,624.2889173724459,0.8924259055982436,0.83825,191.02972412109375,199.60459899902344,56.72332763671875
HPR_O2_JS,HPR-O2-JS,4,9205,1500,20264104,True,True,1.8442031786125155,18.442031786125156,2.0470433074209025,418.4105567358321,418.4105567358321,-416.72838116047336,416.72838116047336,0.8152524167561761,0.859,201.3572540283203,199.7107391357422,57.424686431884766
HPR_O2_JS,HPR-O2-JS,4,9205,1500,20264105,True,True,2.288663012869656,22.886630128696563,2.5409394548353488,619.0928479367504,619.0928479367504,-619.08986477648,619.08986477648,0.8758029978586723,0.851,195.0563507080078,200.4718780517578,58.82135009765625
HPR_O2_JS,HPR-O2-JS,4,9205,1500,20264106,True,True,2.618237603083253,26.18237603083253,2.9152685764031596,634.9092344052107,634.9092344052107,-634.9090532566242,634.9090532566242,0.8994652406417112,0.83825,192.5768585205078,200.89761352539062,57.32472610473633
HPR_O2_JS,HPR-O2-JS,4,9205,1500,20264107,True,True,2.722356034517288,27.22356034517288,3.0225796914550864,589.8525968182497,589.8525968182497,-589.8513948076053,589.8513948076053,0.8549946294307197,0.83525,195.63510131835938,200.5697479248047,57.65850067138672
HPR_O2_JS,HPR-O2-JS,4,9205,1500,20264108,True,True,2.2993919368321074,22.993919368321077,2.550739017840031,598.5494430783857,598.5494430783857,-598.5494194176717,598.5494194176717,0.8678646934460887,0.85975,200.0908966064453,201.65380859375,57.57441711425781
HPR_O2_JS,HPR-O2-JS,4,9205,1500,20264109,True,True,2.6297213480062784,26.297213480062783,2.921418375856013,565.7033696553847,565.7033696553847,-565.0441145947077,565.0441145947077,0.8505869797225186,0.841125,194.95346069335938,199.90805053710938,59.88175964355469
HPR_O2_JS,HPR-O2-JS,4,9205,1500,20264110,True,True,2.6382222270942295,26.382222270942293,2.927907201930899,609.7819408913473,609.7819408913473,-609.7805445034993,609.7805445034993,0.9203444564047363,0.858875,198.44195556640625,202.23948669433594,56.813148498535156
HPR_O2_JS,HPR-O2-JS,4,9205,1500,20264111,True,True,3.180372620625422,31.80372620625422,3.5382187111055052,635.5675290536739,635.5675290536739,-635.5645850945211,635.5645850945211,0.8919491525423728,0.836625,190.93997192382812,201.8614044189453,56.49388122558594
HPR_O2_JS,HPR-O2-JS,4,9205,1500,20264112,True,True,2.817995500045363,28.17995500045363,3.1325794245123784,554.635502797812,554.635502797812,-554.6354846520381,554.6354846520381,0.8696581196581197,0.8515,186.72744750976562,202.45159912109375,53.76423263549805
HPR_O2_JS,HPR-O2-JS,4,9205,1500,20264113,True,True,2.5398471477441493,25.398471477441493,2.8183530354496957,676.242738686226,676.242738686226,-676.2416466782322,676.2416466782322,0.8997867803837953,0.83725,187.94993591308594,202.1705322265625,56.59255599975586
HPR_O2_JS,HPR-O2-JS,4,9205,1500,20264114,True,True,2.174033606391167,21.740336063911673,2.422474300278565,697.55324837686,697.55324837686,-697.5513691422385,697.5513691422385,0.8639240506329114,0.830625,198.49623107910156,201.5689239501953,59.10150909423828
HPR_O2_JS,HPR-O2-JS,4,9205,1500,20264115,True,True,3.0406941500259563,30.406941500259563,3.3750324795681803,601.4089137750035,601.4089137750035,-600.8441736005361,600.8441736005361,0.8793103448275862,0.845875,191.54811096191406,201.80857849121094,55.473331451416016
HPR_O2_JS,HPR-O2-JS,4,9205,1500,20264116,True,True,1.6641653556446545,16.641653556446546,1.848398383030901,429.92237155009985,429.92237155009985,-429.50945519609064,429.50945519609064,0.763873775843308,0.85725,199.333984375,200.1919403076172,58.724037170410156
HPR_O2_JS,HPR-O2-JS,4,9205,1500,20264117,True,True,2.1770072473585604,21.770072473585607,2.4205175631047964,525.4000298473861,525.4000298473861,-525.3974282026436,525.3974282026436,0.8426124197002142,0.873,203.13531494140625,200.45933532714844,57.74642562866211
HPR_O2_JS,HPR-O2-JS,4,9205,1500,20264118,True,True,2.5555825530551375,25.555825530551374,2.8335397843084125,566.0215789028722,566.0215789028722,-562.6411536531231,562.6411536531231,0.8837953091684435,0.845625,198.06640625,200.94915771484375,59.375614166259766
HPR_O2_JS,HPR-O2-JS,4,9205,1500,20264119,True,True,2.3840410595573487,23.840410595573484,2.648651274363443,634.619146535415,634.619146535415,-634.6184815999634,634.6184815999634,0.9120171673819742,0.87275,192.43894958496094,204.40261840820312,54.30567932128906
HPR_O2_JS,HPR-O2-JS,4,9205,1500,20264120,True,True,2.826764217042365,28.267642170423645,3.1432907717149225,618.8378627892814,618.8378627892814,-618.8369823594944,618.8369823594944,0.9020021074815595,0.855,190.9595947265625,200.0510711669922,56.784454345703125
SGRR_O2_JS,SGRR-O2-JS,0,9201,1500,20264101,True,True,2.0052822120115157,20.05282212011516,2.2268427874675307,689.8444426921501,689.8444426921501,-689.843496259937,689.843496259937,0.8833333333333333,0.50875,31.05113983154297,61.88353729248047,25.636903762817383
SGRR_O2_JS,SGRR-O2-JS,0,9201,1500,20264102,True,True,2.760295379189775,27.602953791897747,3.069508477587461,865.1484091173924,865.1484091173924,-864.1277053724447,864.1277053724447,0.9500520291363164,0.537,35.74917984008789,62.39849090576172,25.939105987548828
SGRR_O2_JS,SGRR-O2-JS,0,9201,1500,20264103,True,True,2.2344496595859527,22.34449659585953,2.4794045072824824,771.4834698270257,771.4834698270257,-771.4826990528895,771.4826990528895,0.8919786096256684,0.537125,33.451229095458984,62.207542419433594,25.847124099731445
SGRR_O2_JS,SGRR-O2-JS,0,9201,1500,20264104,True,True,2.725051014153287,27.25051014153287,3.0247737915189234,888.6485220795929,888.6485220795929,-888.6475107882586,888.6475107882586,0.980269989615784,0.52825,35.017974853515625,62.240028381347656,26.237823486328125
SGRR_O2_JS,SGRR-O2-JS,0,9201,1500,20264105,True,True,2.0710628579929473,20.710628579929473,2.299353508894254,697.3940506742912,697.3940506742912,-697.1396322706021,697.1396322706021,0.8076923076923077,0.530375,31.83684539794922,61.70615768432617,26.069686889648438
SGRR_O2_JS,SGRR-O2-JS,0,9201,1500,20264106,True,True,2.283267529383302,22.83267529383302,2.542297181926603,758.8712823230987,758.8712823230987,-758.8699183253642,758.8699183253642,0.8519736842105263,0.522625,32.51600646972656,61.713294982910156,26.21063995361328
SGRR_O2_JS,SGRR-O2-JS,0,9201,1500,20264107,True,True,2.6797253811359405,26.797253811359404,2.9752476946441804,927.9026548004385,927.9026548004385,-927.901990534178,927.901990534178,0.9523305084745762,0.521,33.20421600341797,62.400333404541016,25.726139068603516
SGRR_O2_JS,SGRR-O2-JS,0,9201,1500,20264108,True,True,2.5041580768162386,25.041580768162383,2.7778881934214676,825.6107425817639,825.6107425817639,-825.6099714217755,825.6099714217755,0.8757894736842106,0.537625,33.32962417602539,61.827735900878906,26.246652603149414
SGRR_O2_JS,SGRR-O2-JS,0,9201,1500,20264109,True,True,2.804977562148124,28.049775621481242,3.116114564813491,997.858779179196,997.858779179196,-997.8579629124316,997.8579629124316,0.967741935483871,0.520875,34.2813835144043,62.22825241088867,26.07879066467285
SGRR_O2_JS,SGRR-O2-JS,0,9201,1500,20264110,False,False,1.0337425994849765,10.337425994849765,1.1472507398698097,299.7424292970954,299.7424292970954,-299.74141562845716,299.74141562845716,0.6545253863134658,0.561375,34.56647872924805,61.712181091308594,26.153953552246094
SGRR_O2_JS,SGRR-O2-JS,0,9201,1500,20264111,True,True,2.8935678873490547,28.935678873490545,3.2191435602470784,1025.7167740178438,1025.7167740178438,-1025.715685652905,1025.715685652905,0.9495798319327731,0.526625,34.33314514160156,62.2164421081543,26.117586135864258
SGRR_O2_JS,SGRR-O2-JS,0,9201,1500,20264112,True,True,2.8471505827479997,28.471505827479998,3.1649892038015097,948.3894656274792,948.3894656274792,-948.3886266386442,948.3886266386442,0.9642857142857143,0.523,33.50779724121094,61.94878005981445,26.105331420898438
SGRR_O2_JS,SGRR-O2-JS,0,9201,1500,20264113,True,True,3.00448763160035,30.044876316003503,3.333943479241573,1041.8809895525055,1041.8809895525055,-1041.880155233776,1041.880155233776,0.9683877766069547,0.524625,34.95344161987305,62.10341262817383,26.345062255859375
SGRR_O2_JS,SGRR-O2-JS,0,9201,1500,20264114,True,True,3.1135442951729058,31.135442951729054,3.469348870993582,1025.489736377896,1025.489736377896,-1025.488800281935,1025.488800281935,0.9822916666666667,0.5295,34.8038215637207,62.0235481262207,26.437265396118164
SGRR_O2_JS,SGRR-O2-JS,0,9201,1500,20264115,True,True,3.108759144837968,31.08759144837968,3.4505815341188386,1040.568859188447,1040.568859188447,-1040.567904042271,1040.567904042271,0.9723698193411264,0.5255,34.88895797729492,62.18081283569336,26.225772857666016
SGRR_O2_JS,SGRR-O2-JS,0,9201,1500,20264116,True,True,2.482467033348512,24.824670333485123,2.75729093554613,821.7951767934078,821.7951767934078,-821.7944855601816,821.7944855601816,0.9113924050632911,0.52425,32.68730163574219,62.37281036376953,25.746540069580078
SGRR_O2_JS,SGRR-O2-JS,0,9201,1500,20264117,True,True,2.418415843397379,24.18415843397379,2.688929047405284,767.7245137698968,767.7245137698968,-767.723756618629,767.723756618629,0.8682252922422954,0.53925,34.00733184814453,61.98096466064453,26.25739860534668
SGRR_O2_JS,SGRR-O2-JS,0,9201,1500,20264118,True,True,2.6580580245517194,26.580580245517194,2.9471609721875516,885.3874272085579,885.3874272085579,-885.3864687671756,885.3864687671756,0.9778947368421053,0.529625,33.641029357910156,61.784664154052734,26.283960342407227
SGRR_O2_JS,SGRR-O2-JS,0,9201,1500,20264119,True,True,2.1482412129081787,21.482412129081787,2.3866794589795295,773.4602342321457,773.4602342321457,-769.7981174712589,769.7981174712589,0.9163179916317992,0.51875,31.98447608947754,62.40801239013672,25.59537124633789
SGRR_O2_JS,SGRR-O2-JS,0,9201,1500,20264120,True,True,2.6735242992872377,26.735242992872376,2.972891834147352,934.9410814159232,934.9410814159232,-934.9397593693096,934.9397593693096,0.9668737060041408,0.530875,35.03568649291992,62.3770866394043,26.06307029724121
SGRR_O2_JS,SGRR-O2-JS,1,9202,1500,20264101,True,True,3.345430775396526,33.45430775396526,3.7150623231683464,1086.822144173178,1086.822144173178,-1086.8206091594543,1086.8206091594543,0.9057591623036649,0.596375,46.908939361572266,53.63715362548828,31.55216407775879
SGRR_O2_JS,SGRR-O2-JS,1,9202,1500,20264102,True,True,3.54256071808748,35.4256071808748,3.9394045429042626,1160.6006996090973,1160.6006996090973,-1160.5992132480592,1160.5992132480592,0.9198751300728408,0.589625,45.10829162597656,53.736907958984375,31.12631607055664
SGRR_O2_JS,SGRR-O2-JS,1,9202,1500,20264103,True,True,3.556672369241715,35.56672369241715,3.9465778364678146,1153.9704485595726,1153.9704485595726,-1153.810166943776,1153.810166943776,0.9513742071881607,0.601375,46.46946716308594,53.80591583251953,31.044734954833984
SGRR_O2_JS,SGRR-O2-JS,1,9202,1500,20264104,True,True,3.4794204065483063,34.794204065483065,3.862114727666314,1180.7845079601932,1180.7845079601932,-1180.7834333082467,1180.7834333082467,0.9692470837751855,0.5845,44.156272888183594,53.97542953491211,30.792081832885742
SGRR_O2_JS,SGRR-O2-JS,1,9202,1500,20264105,True,True,3.504112632162869,35.04112632162869,3.890366555138043,1132.459523813336,1132.459523813336,-1132.4581764384711,1132.4581764384711,0.961093585699264,0.605125,47.55897521972656,53.66801834106445,31.420269012451172
SGRR_O2_JS,SGRR-O2-JS,1,9202,1500,20264106,True,True,3.662539780512452,36.62539780512452,4.078043612001003,1158.2131719026968,1158.2131719026968,-1158.2117310786562,1158.2117310786562,0.9432773109243697,0.599375,47.24736022949219,53.649776458740234,31.49026107788086
SGRR_O2_JS,SGRR-O2-JS,1,9202,1500,20264107,True,True,3.697962228059769,36.97962228059769,4.105776536419627,1136.457755562469,1136.457755562469,-1136.4569816763799,1136.4569816763799,0.9567966280295047,0.603125,47.73676681518555,53.76131820678711,31.276391983032227
SGRR_O2_JS,SGRR-O2-JS,1,9202,1500,20264108,True,True,3.724628600650467,37.24628600650467,4.131768641291775,1193.966174360741,1193.966174360741,-1193.9655312033794,1193.9655312033794,0.9275970619097587,0.5975,48.018863677978516,53.68937683105469,31.23252296447754
SGRR_O2_JS,SGRR-O2-JS,1,9202,1500,20264109,True,True,1.852840454299003,18.528404542990028,2.058363390791315,664.8465560728022,664.8465560728022,-664.8448322636466,664.8448322636466,0.801906779661017,0.589,43.083858489990234,54.122093200683594,31.088930130004883
SGRR_O2_JS,SGRR-O2-JS,1,9202,1500,20264110,True,True,3.7065908145881257,37.06590814588126,4.113585970578615,1123.51087634817,1123.51087634817,-1123.509686711415,1123.509686711415,0.9693769799366421,0.5935,45.53033447265625,53.93172836303711,30.886125564575195
SGRR_O2_JS,SGRR-O2-JS,1,9202,1500,20264111,True,True,3.414566880268976,34.14566880268976,3.798763813943604,1110.4342139738312,1110.4342139738312,-1110.433217917846,1110.433217917846,0.8853838065194533,0.60425,45.321842193603516,53.54387664794922,31.462589263916016
SGRR_O2_JS,SGRR-O2-JS,1,9202,1500,20264112,True,True,3.9112182325893086,39.11218232589309,4.347842911739819,1190.0183508633374,1190.0183508633374,-1190.0168617611978,1190.0168617611978,0.9612565445026178,0.60275,47.4318733215332,53.690826416015625,31.28116798400879
SGRR_O2_JS,SGRR-O2-JS,1,9202,1500,20264113,True,True,4.136598875802012,41.36598875802011,4.590195913328562,1283.5061268637207,1283.5061268637207,-1283.5048485471868,1283.5048485471868,0.9665621734587252,0.594125,46.97511672973633,53.67683029174805,31.361543655395508
SGRR_O2_JS,SGRR-O2-JS,1,9202,1500,20264114,True,True,3.2203964451362843,32.20396445136284,3.588411698014676,1131.4776173641958,1131.4776173641958,-1131.4758836898984,1131.4758836898984,0.96,0.57925,44.099449157714844,53.91868591308594,30.793682098388672
SGRR_O2_JS,SGRR-O2-JS,1,9202,1500,20264115,True,True,3.562200993592851,35.62200993592851,3.9538814030418963,1205.7065265736196,1205.7065265736196,-1205.7044299869253,1205.7044299869253,0.95625,0.59525,46.674095153808594,53.731990814208984,31.188302993774414
SGRR_O2_JS,SGRR-O2-JS,1,9202,1500,20264116,True,True,3.7088283271412363,37.088283271412365,4.11941773668967,1117.0039790366518,1117.0039790366518,-1117.0023811816272,1117.0023811816272,0.9520333680917622,0.592375,46.096405029296875,53.707096099853516,31.283206939697266
SGRR_O2_JS,SGRR-O2-JS,1,9202,1500,20264117,True,True,3.8114462198317054,38.11446219831706,4.237777585318496,1235.4051077439392,1235.4051077439392,-1235.4039528473538,1235.4039528473538,0.9481327800829875,0.610375,47.02451705932617,53.75214385986328,31.027807235717773
SGRR_O2_JS,SGRR-O2-JS,1,9202,1500,20264118,True,True,3.306344729568809,33.06344729568809,3.665958401802224,1009.0875023965731,1009.0875023965731,-1004.3088374452681,1004.3088374452681,0.9182590233545648,0.595625,46.4831657409668,53.521732330322266,31.461153030395508
SGRR_O2_JS,SGRR-O2-JS,1,9202,1500,20264119,True,True,4.120947053972632,41.20947053972632,4.578340470409305,1238.8634160587674,1238.8634160587674,-1238.8623611036546,1238.8623611036546,0.9623430962343096,0.591375,46.1160774230957,53.558990478515625,31.235858917236328
SGRR_O2_JS,SGRR-O2-JS,1,9202,1500,20264120,True,True,3.290451884889044,32.90451884889044,3.6588998057168687,1001.8024749860232,1001.8024749860232,-1001.8015366725743,1001.8015366725743,0.9494736842105264,0.61,47.93102264404297,53.54352951049805,31.645145416259766
SGRR_O2_JS,SGRR-O2-JS,2,9203,1500,20264101,True,True,3.2520396621152754,32.520396621152756,3.61135256811332,851.3989252411272,851.3989252411272,-851.3974016524679,851.3974016524679,0.9339019189765458,0.58725,59.62242889404297,55.03337478637695,33.89594650268555
SGRR_O2_JS,SGRR-O2-JS,2,9203,1500,20264102,True,True,3.565711658028886,35.65711658028886,3.9651488914801467,827.8250173677991,827.8250173677991,-827.8247635414268,827.8247635414268,0.9524815205913411,0.59525,58.466102600097656,55.22117233276367,33.53999328613281
SGRR_O2_JS,SGRR-O2-JS,2,9203,1500,20264103,True,True,3.5100671446323393,35.100671446323396,3.8948634452020876,785.2313959760493,785.2313959760493,-785.2303171167933,785.2303171167933,0.904862579281184,0.581375,57.9774055480957,54.91322708129883,33.84940719604492
SGRR_O2_JS,SGRR-O2-JS,2,9203,1500,20264104,True,True,3.29670216771774,32.9670216771774,3.6592996841399015,841.4206250557327,841.4206250557327,-841.4191594966444,841.4191594966444,0.8974630021141649,0.5835,57.1569938659668,55.0810432434082,33.68901824951172
SGRR_O2_JS,SGRR-O2-JS,2,9203,1500,20264105,True,True,2.69211041200906,26.921104120090604,2.988858352750618,578.2394479353168,578.2394479353168,-578.2377826365963,578.2377826365963,0.797180043383948,0.574,59.219818115234375,55.14947509765625,33.695552825927734
SGRR_O2_JS,SGRR-O2-JS,2,9203,1500,20264106,True,True,2.090452072992921,20.90452072992921,2.3276074072484882,654.7765484287454,654.7765484287454,-650.6953804082174,650.6953804082174,0.8682824025289779,0.5735,53.739219665527344,55.17967224121094,33.63621139526367
SGRR_O2_JS,SGRR-O2-JS,2,9203,1500,20264107,True,True,3.708367730379105,37.08367730379105,4.117329566071529,915.4750745732017,915.4750745732017,-915.4742254493784,915.4742254493784,0.9642857142857143,0.594375,60.630218505859375,55.080535888671875,33.768577575683594
SGRR_O2_JS,SGRR-O2-JS,2,9203,1500,20264108,True,True,2.4238084979588166,24.238084979588166,2.6887555829361918,721.9268738804078,721.9268738804078,-720.5206290837735,720.5206290837735,0.8991507430997877,0.61675,61.90599060058594,55.2435302734375,33.86252975463867
SGRR_O2_JS,SGRR-O2-JS,2,9203,1500,20264109,True,True,1.9528131219930949,19.52813121993095,2.169425343688451,494.5530172412881,494.5530172412881,-494.5511737657389,494.5511737657389,0.8187702265372169,0.565125,50.40116500854492,54.37958526611328,33.87500762939453
SGRR_O2_JS,SGRR-O2-JS,2,9203,1500,20264110,True,True,2.465755071637686,24.657550716376864,2.736502618430772,660.5155082016296,660.5155082016296,-660.5143411127445,660.5143411127445,0.8604143947655398,0.58475,54.7542724609375,54.347267150878906,34.17908477783203
SGRR_O2_JS,SGRR-O2-JS,2,9203,1500,20264111,True,True,2.797873765034601,27.978737650346012,3.1126822192331334,807.7410494509145,807.7410494509145,-807.7398597640663,807.7398597640663,0.9029227557411273,0.58525,61.20244216918945,54.80348587036133,34.25856399536133
SGRR_O2_JS,SGRR-O2-JS,2,9203,1500,20264112,True,True,3.211672067123,32.11672067123,3.570203655608638,824.8649458310043,824.8649458310043,-824.8634852491011,824.8634852491011,0.9501061571125266,0.5755,56.9579963684082,55.163204193115234,33.56332778930664
SGRR_O2_JS,SGRR-O2-JS,2,9203,1500,20264113,True,True,3.480979864876718,34.80979864876718,3.8626852711306707,894.5189040562891,894.5189040562891,-894.5180275025148,894.5180275025148,0.9278897136797455,0.5915,59.01959991455078,55.480430603027344,33.30081558227539
SGRR_O2_JS,SGRR-O2-JS,2,9203,1500,20264114,True,True,3.052345831732964,30.52345831732964,3.4011568685958413,794.3752661563872,794.3752661563872,-794.3738555236391,794.3738555236391,0.9286474973375932,0.578125,52.97954559326172,54.33655548095703,34.035945892333984
SGRR_O2_JS,SGRR-O2-JS,2,9203,1500,20264115,True,True,3.5976757708145306,35.97675770814531,3.993256795442869,1020.4430045396373,1020.4430045396373,-1020.441131011525,1020.441131011525,0.9383634431455898,0.594875,60.48208999633789,55.272769927978516,33.67008590698242
SGRR_O2_JS,SGRR-O2-JS,2,9203,1500,20264116,True,True,3.3134646720509044,33.134646720509046,3.680284967641568,816.623555798858,816.623555798858,-816.622449943203,816.622449943203,0.9141039236479321,0.5825,57.66659927368164,54.829246520996094,33.72325134277344
SGRR_O2_JS,SGRR-O2-JS,2,9203,1500,20264117,True,True,1.5249127306044101,15.249127306044102,1.6954826636928206,402.68565168033206,402.68565168033206,-397.68340153276586,397.68340153276586,0.8266666666666667,0.55075,51.130523681640625,55.07316589355469,33.623836517333984
SGRR_O2_JS,SGRR-O2-JS,2,9203,1500,20264118,True,True,2.797586089279503,27.975860892795026,3.101864768377227,715.6652712478792,715.6652712478792,-715.6635816201584,715.6635816201584,0.8736730360934183,0.603,54.593353271484375,55.356117248535156,33.235755920410156
SGRR_O2_JS,SGRR-O2-JS,2,9203,1500,20264119,True,True,3.2977945500053467,32.977945500053465,3.6638243718345507,771.2110060918741,771.2110060918741,-771.2094272449369,771.2094272449369,0.9353128313891834,0.587375,57.612117767333984,54.60608673095703,34.05402374267578
SGRR_O2_JS,SGRR-O2-JS,2,9203,1500,20264120,True,True,3.1685658413404605,31.685658413404603,3.5233655883324535,814.189275272545,814.189275272545,-814.1887711081305,814.1887711081305,0.9291005291005291,0.582375,57.8412971496582,55.285396575927734,33.595703125
SGRR_O2_JS,SGRR-O2-JS,3,9204,1500,20264101,True,True,1.7971694285795092,17.971694285795092,1.9957359397682828,692.2324184667866,692.2324184667866,-692.2295269397696,692.2295269397696,0.8789808917197452,0.641625,54.942474365234375,34.550506591796875,26.445159912109375
SGRR_O2_JS,SGRR-O2-JS,3,9204,1500,20264102,True,True,2.792315738229081,27.92315738229081,3.1051158130442174,821.7373148613312,821.7373148613312,-821.4394740405536,821.4394740405536,0.9058201058201059,0.65075,56.35414123535156,34.58517837524414,26.564453125
SGRR_O2_JS,SGRR-O2-JS,3,9204,1500,20264103,True,True,2.884017530679703,28.84017530679703,3.200182216668948,917.9537667608722,917.9537667608722,-917.9509549516068,917.9509549516068,0.9278131634819533,0.650875,57.92844009399414,34.51862335205078,26.53502655029297
SGRR_O2_JS,SGRR-O2-JS,3,9204,1500,20264104,True,True,3.1309606096427887,31.30960609642789,3.475328551699875,845.7114367072703,845.7114367072703,-845.7112222271687,845.7112222271687,0.9371002132196162,0.656875,55.3155517578125,34.27128601074219,26.63785171508789
SGRR_O2_JS,SGRR-O2-JS,3,9204,1500,20264105,True,True,2.294368693716824,22.94368693716824,2.547274065697561,985.1388123015672,985.1388123015672,-985.1358130280097,985.1358130280097,0.9349422875131165,0.637,55.01063919067383,34.42269515991211,26.53531837463379
SGRR_O2_JS,SGRR-O2-JS,3,9204,1500,20264106,True,True,1.7544753102213146,17.544753102213146,1.9535151179328425,731.9468683508685,731.9468683508685,-731.9437359343385,731.9437359343385,0.9126637554585153,0.649875,59.64707946777344,34.348060607910156,27.10067367553711
SGRR_O2_JS,SGRR-O2-JS,3,9204,1500,20264107,True,True,2.6760799610614776,26.760799610614775,2.9712002546531626,818.1922547267595,818.1922547267595,-810.9667106446875,810.9667106446875,0.8897058823529411,0.642,55.21186828613281,34.64791488647461,26.403257369995117
SGRR_O2_JS,SGRR-O2-JS,3,9204,1500,20264108,True,True,3.0997574992710724,30.997574992710724,3.438592730792149,919.2828314085482,919.2828314085482,-919.280100168665,919.280100168665,0.9582463465553236,0.6425,55.419105529785156,34.491485595703125,26.681777954101562
SGRR_O2_JS,SGRR-O2-JS,3,9204,1500,20264109,True,True,2.1639902612753215,21.639902612753215,2.4040269206682825,814.2819740192205,814.2819740192205,-814.2792369024028,814.2792369024028,0.9030239833159541,0.6435,54.99314880371094,34.23505401611328,26.620723724365234
SGRR_O2_JS,SGRR-O2-JS,3,9204,1500,20264110,True,True,1.8023649883246984,18.023649883246982,2.0002702485136408,690.859236278315,690.859236278315,-684.7929984826967,684.7929984826967,0.7747077577045696,0.643125,57.42180633544922,34.394657135009766,26.74795913696289
SGRR_O2_JS,SGRR-O2-JS,3,9204,1500,20264111,True,True,3.1212796221207832,31.21279622120783,3.4724767437497035,957.5135545382866,957.5135545382866,-957.5130681218571,957.5130681218571,0.9264392324093816,0.6465,58.54743957519531,34.23950958251953,27.078527450561523
SGRR_O2_JS,SGRR-O2-JS,3,9204,1500,20264112,True,True,2.521258038955275,25.212580389552752,2.8027159931911116,708.2208335837269,708.2208335837269,-685.9601931611043,685.9601931611043,0.8492146596858638,0.62825,53.90734100341797,34.159942626953125,26.43128204345703
SGRR_O2_JS,SGRR-O2-JS,3,9204,1500,20264113,True,True,2.9886181285791102,29.886181285791103,3.316333812435161,920.0050037969586,920.0050037969586,-920.0020622627303,920.0020622627303,0.9232386961093586,0.6475,55.053890228271484,34.295536041259766,26.734722137451172
SGRR_O2_JS,SGRR-O2-JS,3,9204,1500,20264114,True,True,1.3988175514747854,13.988175514747855,1.5586693596936771,564.1215912352736,564.1215912352736,-563.9913977998174,563.9913977998174,0.7955508474576272,0.6235,56.85599899291992,34.4520149230957,26.614063262939453
SGRR_O2_JS,SGRR-O2-JS,3,9204,1500,20264115,True,True,2.725570668275468,27.25570668275468,3.025259719301111,857.2767677502644,857.2767677502644,-857.2734513905125,857.2734513905125,0.9364406779661016,0.64775,56.038936614990234,34.675140380859375,26.314651489257812
SGRR_O2_JS,SGRR-O2-JS,3,9204,1500,20264116,True,True,2.8439738006214617,28.439738006214615,3.158818657425186,855.2367767202863,855.2367767202863,-855.2363162769839,855.2363162769839,0.9617021276595744,0.64825,52.90408706665039,34.585445404052734,26.414934158325195
SGRR_O2_JS,SGRR-O2-JS,3,9204,1500,20264117,True,True,2.4834026636183264,24.834026636183264,2.7611850033310152,758.9335465707885,758.9335465707885,-758.9307579111314,758.9307579111314,0.9071504802561366,0.64575,53.20730209350586,34.11554718017578,26.355369567871094
SGRR_O2_JS,SGRR-O2-JS,3,9204,1500,20264118,True,True,1.1761499320529403,11.761499320529403,1.3040735548924132,535.4234556290519,535.4234556290519,-531.9568174947589,531.9568174947589,0.7281659388646288,0.642375,58.91773986816406,34.42069625854492,26.728925704956055
SGRR_O2_JS,SGRR-O2-JS,3,9204,1500,20264119,True,True,1.727155159059912,17.27155159059912,1.918856092988942,663.9989570113025,663.9989570113025,-663.9959248030306,663.9959248030306,0.8116591928251121,0.65075,57.02507019042969,34.36235046386719,26.772747039794922
SGRR_O2_JS,SGRR-O2-JS,3,9204,1500,20264120,True,True,3.143386836671271,31.43386836671271,3.4953671678980673,872.382572349846,872.382572349846,-872.3819977363561,872.3819977363561,0.9592476489028213,0.635875,56.65325927734375,34.49733352661133,26.74586296081543
SGRR_O2_JS,SGRR-O2-JS,4,9205,1500,20264101,True,True,3.284071293585002,32.84071293585002,3.6469233257263483,1108.3599959176452,1108.3599959176452,-1108.358456120167,1108.358456120167,0.9675392670157068,0.619375,49.72861099243164,58.88603973388672,23.609699249267578
SGRR_O2_JS,SGRR-O2-JS,4,9205,1500,20264102,True,True,3.2585613513272254,32.58561351327226,3.6235910721894182,1040.6174951863882,1040.6174951863882,-1040.615546059598,1040.615546059598,0.9516129032258065,0.603,49.310359954833984,58.880008697509766,23.431917190551758
SGRR_O2_JS,SGRR-O2-JS,4,9205,1500,20264103,True,True,3.370711733102799,33.70711733102799,3.7402309906385,1121.9977105285138,1121.9977105285138,-1121.996708082817,1121.996708082817,0.9487726787620064,0.601625,50.1434440612793,58.860958099365234,23.880229949951172
SGRR_O2_JS,SGRR-O2-JS,4,9205,1500,20264104,True,True,3.1534184572380037,31.53418457238004,3.500256491935533,1135.6306005724164,1135.6306005724164,-1135.6288041954872,1135.6288041954872,0.9626467449306296,0.6,46.12153625488281,58.849029541015625,23.150035858154297
SGRR_O2_JS,SGRR-O2-JS,4,9205,1500,20264105,True,True,3.4378133081272244,34.378133081272246,3.816759140099752,1113.7937075600412,1113.7937075600412,-1113.7913225058248,1113.7913225058248,0.9716386554621849,0.61575,49.915435791015625,58.94226837158203,23.454851150512695
SGRR_O2_JS,SGRR-O2-JS,4,9205,1500,20264106,True,True,3.1903064087778334,31.903064087778333,3.5522368220726745,1114.3051805970354,1114.3051805970354,-1114.118989491023,1114.118989491023,0.9463722397476341,0.60525,50.82147979736328,58.77381896972656,24.462268829345703
SGRR_O2_JS,SGRR-O2-JS,4,9205,1500,20264107,True,True,3.186333485841751,31.86333485841751,3.537724956763883,1108.266341636806,1108.266341636806,-1108.2653864715912,1108.2653864715912,0.9713983050847458,0.607625,48.3669548034668,58.756622314453125,23.9078426361084
SGRR_O2_JS,SGRR-O2-JS,4,9205,1500,20264108,True,True,3.2183206363255157,32.18320636325516,3.5701160326346946,1108.4577818349428,1108.4577818349428,-1108.4569197671663,1108.4569197671663,0.975,0.6175,51.144474029541016,58.94367599487305,23.980897903442383
SGRR_O2_JS,SGRR-O2-JS,4,9205,1500,20264109,True,True,3.199474575240165,31.994745752401652,3.5543704371100593,1117.6142654137109,1117.6142654137109,-1117.6125310784066,1117.6125310784066,0.9138110072689511,0.61225,50.34135055541992,58.82286834716797,24.628196716308594
SGRR_O2_JS,SGRR-O2-JS,4,9205,1500,20264110,True,True,3.2021808338142,32.021808338142,3.5537902110453325,1143.9168663123708,1143.9168663123708,-1143.9144814157858,1143.9144814157858,0.9320083682008368,0.593625,47.64960861206055,58.899539947509766,23.780529022216797
SGRR_O2_JS,SGRR-O2-JS,4,9205,1500,20264111,True,True,3.29999919991009,32.9999919991009,3.6713053181356345,1139.930976858317,1139.930976858317,-1139.9292607963687,1139.9292607963687,0.9558359621451105,0.596625,46.878074645996094,58.736148834228516,23.732940673828125
SGRR_O2_JS,SGRR-O2-JS,4,9205,1500,20264112,True,True,3.672091531234328,36.72091531234328,4.0820215559200275,1197.879103995743,1197.879103995743,-1197.8779682602324,1197.8779682602324,0.9711229946524064,0.599125,50.73278045654297,58.91790008544922,23.8477840423584
SGRR_O2_JS,SGRR-O2-JS,4,9205,1500,20264113,True,True,3.307270605843515,33.072706058435145,3.6699279951990156,1103.0966425387205,1103.0966425387205,-1103.094435820775,1103.094435820775,0.9685863874345549,0.612,50.223533630371094,58.81256866455078,23.710542678833008
SGRR_O2_JS,SGRR-O2-JS,4,9205,1500,20264114,True,True,3.5175305203010794,35.175305203010794,3.9195011801219013,1094.4724416861272,1094.4724416861272,-1094.471746027447,1094.471746027447,0.944560669456067,0.615375,53.443809509277344,58.73115921020508,24.926116943359375
SGRR_O2_JS,SGRR-O2-JS,4,9205,1500,20264115,True,True,3.2247188273025675,32.24718827302568,3.5792915178687976,1103.232562711797,1103.232562711797,-1100.853047299512,1100.853047299512,0.9462254395036195,0.612,51.86410903930664,58.87839126586914,24.346399307250977
SGRR_O2_JS,SGRR-O2-JS,4,9205,1500,20264116,True,True,3.406344177208376,34.063441772083756,3.783446787810139,1066.3426937189479,1066.3426937189479,-1062.734628850929,1062.734628850929,0.9659090909090909,0.611125,50.51792907714844,58.87801742553711,24.036245346069336
SGRR_O2_JS,SGRR-O2-JS,4,9205,1500,20264117,True,True,3.3330697740614417,33.33069774061442,3.705892085089907,1127.1866683953094,1127.1866683953094,-1127.1846706540807,1127.1846706540807,0.9395203336809176,0.62,51.043373107910156,58.931034088134766,23.893543243408203
SGRR_O2_JS,SGRR-O2-JS,4,9205,1500,20264118,True,True,3.734634066727013,37.34634066727013,4.140830510543947,1317.008315311614,1317.008315311614,-1317.0071579235928,1317.0071579235928,0.9588173178458289,0.615125,53.3110466003418,58.89842987060547,24.47864532470703
SGRR_O2_JS,SGRR-O2-JS,4,9205,1500,20264119,True,True,3.113895986620337,31.13895986620337,3.4595144828288005,1072.6491994024957,1072.6491994024957,-1072.6475705988496,1072.6475705988496,0.9589473684210527,0.597,47.12335968017578,58.72446823120117,23.81309700012207
SGRR_O2_JS,SGRR-O2-JS,4,9205,1500,20264120,True,True,3.3684763294691225,33.68476329469122,3.7456610273066024,1154.8279475578931,1154.8279475578931,-1154.8258674000508,1154.8258674000508,0.940563086548488,0.60825,49.48733139038086,58.91905212402344,23.579145431518555
