episode,reward_mean,speed_mean,speed_x100,elapsed_sec,frames_per_batch,algorithm,algorithm_family,robot,terrain,channel,actor_update_norm_mean,actor_update_clip_scale_mean,ddpg_loss_actor_mean,ddpg_loss_value_mean,ddpg_actor_grad_norm_mean,ddpg_critic_grad_norm_mean,ddpg_actor_parameter_displacement,ddpg_replay_size,ddpg_replay_transition_bytes,ddpg_exploration_sigma,ddpg_pred_q_mean,ddpg_target_q_mean,ddpg_td_error_mean,ddpg_optimizer_updates,ppo_approx_kl,ppo_early_stop,ppo_updates_completed,policy_anchor_loss,policy_anchor_coeff_effective,closure_score,circularity_score,body_omega,slip_penalty,action_smoothness_penalty,curriculum_progress,rolling_reward,tail_lift_score,tail_forward_score,head_contact_score,curl_prefix_progress,curl_order_penalty,total_signed_curvature,closure_ratio,support_margin,cumulative_rotation,rolling_gate,tail_roll_stage,tail_stage_success,tail_stage_success_rate,tail_roll_reward,fast_roll_phase,fast_roll_phase_steps,fast_roll_phase_progress,fast_roll_flip_event,fast_roll_flip_count,fast_roll_cycle_count,fast_roll_cycle_rotation,fast_roll_cycle_forward,fast_roll_support_migration,fast_roll_direction_fraction,fast_roll_motion_gate,fast_roll_reward,fast_forward_phase,fast_forward_phase_steps,fast_forward_launch_progress,fast_forward_launch_ready_steps,fast_forward_roll_progress,fast_forward_progress_delta,fast_forward_launch_event,fast_forward_event_pulse,fast_forward_event_bonus,fast_forward_event_count,fast_forward_event_rotation,fast_forward_event_forward,fast_forward_support_index,fast_forward_support_migration_nodes,fast_forward_ground_contact_strength,fast_forward_event_direction_fraction,fast_forward_episode_direction_fraction,fast_forward_event_steps,fast_forward_progress_age,fast_forward_stall_penalty,fast_forward_reverse_rotation_penalty,fast_forward_backward_penalty,effort_penalty,scratch_wr_v2_z0_lift_ratio,scratch_wr_v2_z0_forward_ratio,scratch_wr_v2_z0_curl_ratio,scratch_wr_v2_z0_sync_score,scratch_wr_v2_z0_candidate_mask,scratch_wr_v2_z0_active,scratch_wr_v2_z0_penalty_scale,scratch_wr_v2_z0_dense_reward,scratch_wr_v2_progress_delta,fast_forward_reward,wave_amplitude,wave_center,wave_width,wave_hold,wave_kp,wave_kd,scratch_wr_stage_id,scratch_wr_learning_rate,scratch_wr_alpha,scratch_wr_wave_torque_rms,scratch_wr_residual_torque_rms,scratch_wr_applied_residual_torque_rms,scratch_wr_total_torque_rms,scratch_wr_torque_clip_fraction,scratch_wr_residual_saturation_fraction,scratch_wr_v2_wave_ema_beta,scratch_wr_v2_wave_filter_delta_rms,scratch_wr_v2_applied_wave_amplitude,scratch_wr_v2_applied_wave_center,scratch_wr_v2_applied_wave_width,scratch_wr_v2_applied_wave_hold,scratch_wr_v2_applied_wave_kp,scratch_wr_v2_applied_wave_kd
1,18.026975631713867,0.0001816287258407101,0.01816287258407101,7.7907819747924805,10000,ppo,ppo,crawler,flat,action_dth_tot_plus_friction_thdot_formula,,,,,,,,,,,,,,,0.007806330988876445,0,781,0.0,0.0,,,,,,,,,,,,,,,,,,,,,,,,,,,,,,,,,,,,,,,,,,,,,,,,,,,,,,,,,,,,,,,,,,,,,,,,,,nan,,,,,,,,,,,,,,,
2,35.12685775756836,0.0003505287750158459,0.03505287750158459,15.118210554122925,10000,ppo,ppo,crawler,flat,action_dth_tot_plus_friction_thdot_formula,,,,,,,,,,,,,,,0.006208883204632146,0,781,0.0,0.0,,,,,,,,,,,,,,,,,,,,,,,,,,,,,,,,,,,,,,,,,,,,,,,,,,,,,,,,,,,,,,,,,,,,,,,,,,nan,,,,,,,,,,,,,,,
3,45.83170700073242,0.000454592372989282,0.0454592372989282,22.4858078956604,10000,ppo,ppo,crawler,flat,action_dth_tot_plus_friction_thdot_formula,,,,,,,,,,,,,,,0.005527217559714381,0,781,0.0,0.0,,,,,,,,,,,,,,,,,,,,,,,,,,,,,,,,,,,,,,,,,,,,,,,,,,,,,,,,,,,,,,,,,,,,,,,,,,nan,,,,,,,,,,,,,,,
4,33.519935607910156,0.00033536614500917494,0.033536614500917494,29.923897743225098,10000,ppo,ppo,crawler,flat,action_dth_tot_plus_friction_thdot_formula,,,,,,,,,,,,,,,0.004940792228507829,0,781,0.0,0.0,,,,,,,,,,,,,,,,,,,,,,,,,,,,,,,,,,,,,,,,,,,,,,,,,,,,,,,,,,,,,,,,,,,,,,,,,,nan,,,,,,,,,,,,,,,
5,52.80971145629883,0.0005279199685901403,0.052791996859014034,37.09134387969971,10000,ppo,ppo,crawler,flat,action_dth_tot_plus_friction_thdot_formula,,,,,,,,,,,,,,,0.004362445818045666,0,781,0.0,0.0,,,,,,,,,,,,,,,,,,,,,,,,,,,,,,,,,,,,,,,,,,,,,,,,,,,,,,,,,,,,,,,,,,,,,,,,,,nan,,,,,,,,,,,,,,,
6,75.98602294921875,0.0007594528724439442,0.07594528724439442,44.59700393676758,10000,ppo,ppo,crawler,flat,action_dth_tot_plus_friction_thdot_formula,,,,,,,,,,,,,,,0.004659962293926851,0,781,0.0,0.0,,,,,,,,,,,,,,,,,,,,,,,,,,,,,,,,,,,,,,,,,,,,,,,,,,,,,,,,,,,,,,,,,,,,,,,,,,nan,,,,,,,,,,,,,,,
7,72.52690124511719,0.0007240968407131732,0.07240968407131732,51.952744483947754,10000,ppo,ppo,crawler,flat,action_dth_tot_plus_friction_thdot_formula,,,,,,,,,,,,,,,0.0036398562890085154,0,781,0.0,0.0,,,,,,,,,,,,,,,,,,,,,,,,,,,,,,,,,,,,,,,,,,,,,,,,,,,,,,,,,,,,,,,,,,,,,,,,,,nan,,,,,,,,,,,,,,,
8,84.09139251708984,0.0008415870252065361,0.0841587025206536,59.29581880569458,10000,ppo,ppo,crawler,flat,action_dth_tot_plus_friction_thdot_formula,,,,,,,,,,,,,,,0.004804713123122638,0,781,0.0,0.0,,,,,,,,,,,,,,,,,,,,,,,,,,,,,,,,,,,,,,,,,,,,,,,,,,,,,,,,,,,,,,,,,,,,,,,,,,nan,,,,,,,,,,,,,,,
9,90.79498291015625,0.0009074218687601388,0.09074218687601388,66.74412560462952,10000,ppo,ppo,crawler,flat,action_dth_tot_plus_friction_thdot_formula,,,,,,,,,,,,,,,0.003184547880664468,0,781,0.0,0.0,,,,,,,,,,,,,,,,,,,,,,,,,,,,,,,,,,,,,,,,,,,,,,,,,,,,,,,,,,,,,,,,,,,,,,,,,,nan,,,,,,,,,,,,,,,
10,70.47368621826172,0.0007030143751762807,0.07030143751762807,74.28182196617126,10000,ppo,ppo,crawler,flat,action_dth_tot_plus_friction_thdot_formula,,,,,,,,,,,,,,,0.0031316212291093532,0,781,0.0,0.0,,,,,,,,,,,,,,,,,,,,,,,,,,,,,,,,,,,,,,,,,,,,,,,,,,,,,,,,,,,,,,,,,,,,,,,,,,nan,,,,,,,,,,,,,,,
11,75.70305633544922,0.0007563550025224686,0.07563550025224686,81.56908178329468,10000,ppo,ppo,crawler,flat,action_dth_tot_plus_friction_thdot_formula,,,,,,,,,,,,,,,0.0038696531720325902,0,781,0.0,0.0,,,,,,,,,,,,,,,,,,,,,,,,,,,,,,,,,,,,,,,,,,,,,,,,,,,,,,,,,,,,,,,,,,,,,,,,,,nan,,,,,,,,,,,,,,,
12,87.16057586669922,0.000870266230776906,0.0870266230776906,88.85326218605042,10000,ppo,ppo,crawler,flat,action_dth_tot_plus_friction_thdot_formula,,,,,,,,,,,,,,,0.003763546572882496,0,781,0.0,0.0,,,,,,,,,,,,,,,,,,,,,,,,,,,,,,,,,,,,,,,,,,,,,,,,,,,,,,,,,,,,,,,,,,,,,,,,,,nan,,,,,,,,,,,,,,,
13,78.36858367919922,0.0007831610273569822,0.07831610273569822,96.1304862499237,10000,ppo,ppo,crawler,flat,action_dth_tot_plus_friction_thdot_formula,,,,,,,,,,,,,,,0.0035460880200620668,0,781,0.0,0.0,,,,,,,,,,,,,,,,,,,,,,,,,,,,,,,,,,,,,,,,,,,,,,,,,,,,,,,,,,,,,,,,,,,,,,,,,,nan,,,,,,,,,,,,,,,
14,113.93547821044922,0.001138601335696876,0.1138601335696876,103.6741840839386,10000,ppo,ppo,crawler,flat,action_dth_tot_plus_friction_thdot_formula,,,,,,,,,,,,,,,0.003736005225648123,0,781,0.0,0.0,,,,,,,,,,,,,,,,,,,,,,,,,,,,,,,,,,,,,,,,,,,,,,,,,,,,,,,,,,,,,,,,,,,,,,,,,,nan,,,,,,,,,,,,,,,
15,98.37281036376953,0.0009833688382059336,0.09833688382059336,110.79495453834534,10000,ppo,ppo,crawler,flat,action_dth_tot_plus_friction_thdot_formula,,,,,,,,,,,,,,,0.003105627444111259,0,781,0.0,0.0,,,,,,,,,,,,,,,,,,,,,,,,,,,,,,,,,,,,,,,,,,,,,,,,,,,,,,,,,,,,,,,,,,,,,,,,,,nan,,,,,,,,,,,,,,,
16,97.26239776611328,0.000971207395195961,0.0971207395195961,118.02785205841064,10000,ppo,ppo,crawler,flat,action_dth_tot_plus_friction_thdot_formula,,,,,,,,,,,,,,,0.0036796638129455504,0,781,0.0,0.0,,,,,,,,,,,,,,,,,,,,,,,,,,,,,,,,,,,,,,,,,,,,,,,,,,,,,,,,,,,,,,,,,,,,,,,,,,nan,,,,,,,,,,,,,,,
17,95.33879852294922,0.0009525959030725062,0.09525959030725062,125.17403554916382,10000,ppo,ppo,crawler,flat,action_dth_tot_plus_friction_thdot_formula,,,,,,,,,,,,,,,0.0035309451114965864,0,781,0.0,0.0,,,,,,,,,,,,,,,,,,,,,,,,,,,,,,,,,,,,,,,,,,,,,,,,,,,,,,,,,,,,,,,,,,,,,,,,,,nan,,,,,,,,,,,,,,,
18,135.901123046875,0.0013559090439230204,0.13559090439230204,132.75935316085815,10000,ppo,ppo,crawler,flat,action_dth_tot_plus_friction_thdot_formula,,,,,,,,,,,,,,,0.0032107632798911876,0,781,0.0,0.0,,,,,,,,,,,,,,,,,,,,,,,,,,,,,,,,,,,,,,,,,,,,,,,,,,,,,,,,,,,,,,,,,,,,,,,,,,nan,,,,,,,,,,,,,,,
19,141.39768981933594,0.0014123226283118129,0.1412322628311813,139.90324354171753,10000,ppo,ppo,crawler,flat,action_dth_tot_plus_friction_thdot_formula,,,,,,,,,,,,,,,0.0037285023626469544,0,781,0.0,0.0,,,,,,,,,,,,,,,,,,,,,,,,,,,,,,,,,,,,,,,,,,,,,,,,,,,,,,,,,,,,,,,,,,,,,,,,,,nan,,,,,,,,,,,,,,,
20,181.58035278320312,0.0018133592093363404,0.18133592093363404,147.32315278053284,10000,ppo,ppo,crawler,flat,action_dth_tot_plus_friction_thdot_formula,,,,,,,,,,,,,,,0.00400163968291644,0,781,0.0,0.0,,,,,,,,,,,,,,,,,,,,,,,,,,,,,,,,,,,,,,,,,,,,,,,,,,,,,,,,,,,,,,,,,,,,,,,,,,nan,,,,,,,,,,,,,,,
21,179.23974609375,0.0017896266654133797,0.17896266654133797,154.47079014778137,10000,ppo,ppo,crawler,flat,action_dth_tot_plus_friction_thdot_formula,,,,,,,,,,,,,,,0.003486342490388369,0,781,0.0,0.0,,,,,,,,,,,,,,,,,,,,,,,,,,,,,,,,,,,,,,,,,,,,,,,,,,,,,,,,,,,,,,,,,,,,,,,,,,nan,,,,,,,,,,,,,,,
22,211.03245544433594,0.00210809288546443,0.21080928854644299,162.0701003074646,10000,ppo,ppo,crawler,flat,action_dth_tot_plus_friction_thdot_formula,,,,,,,,,,,,,,,0.004105136927131387,0,781,0.0,0.0,,,,,,,,,,,,,,,,,,,,,,,,,,,,,,,,,,,,,,,,,,,,,,,,,,,,,,,,,,,,,,,,,,,,,,,,,,nan,,,,,,,,,,,,,,,
23,293.4887390136719,0.002930950839072466,0.2930950839072466,169.20085310935974,10000,ppo,ppo,crawler,flat,action_dth_tot_plus_friction_thdot_formula,,,,,,,,,,,,,,,0.003782886431329477,0,781,0.0,0.0,,,,,,,,,,,,,,,,,,,,,,,,,,,,,,,,,,,,,,,,,,,,,,,,,,,,,,,,,,,,,,,,,,,,,,,,,,nan,,,,,,,,,,,,,,,
24,287.71148681640625,0.0028747220057994127,0.2874722005799413,176.46477341651917,10000,ppo,ppo,crawler,flat,action_dth_tot_plus_friction_thdot_formula,,,,,,,,,,,,,,,0.004418351561312234,0,781,0.0,0.0,,,,,,,,,,,,,,,,,,,,,,,,,,,,,,,,,,,,,,,,,,,,,,,,,,,,,,,,,,,,,,,,,,,,,,,,,,nan,,,,,,,,,,,,,,,
25,329.99249267578125,0.003296121023595333,0.3296121023595333,183.56028199195862,10000,ppo,ppo,crawler,flat,action_dth_tot_plus_friction_thdot_formula,,,,,,,,,,,,,,,0.00415444046288142,0,781,0.0,0.0,,,,,,,,,,,,,,,,,,,,,,,,,,,,,,,,,,,,,,,,,,,,,,,,,,,,,,,,,,,,,,,,,,,,,,,,,,nan,,,,,,,,,,,,,,,
26,345.55206298828125,0.003451079363003373,0.3451079363003373,191.15012741088867,10000,ppo,ppo,crawler,flat,action_dth_tot_plus_friction_thdot_formula,,,,,,,,,,,,,,,0.004101390014810991,0,781,0.0,0.0,,,,,,,,,,,,,,,,,,,,,,,,,,,,,,,,,,,,,,,,,,,,,,,,,,,,,,,,,,,,,,,,,,,,,,,,,,nan,,,,,,,,,,,,,,,
27,366.7091369628906,0.003663178998976946,0.3663178998976946,198.30796837806702,10000,ppo,ppo,crawler,flat,action_dth_tot_plus_friction_thdot_formula,,,,,,,,,,,,,,,0.0030232324993396454,0,781,0.0,0.0,,,,,,,,,,,,,,,,,,,,,,,,,,,,,,,,,,,,,,,,,,,,,,,,,,,,,,,,,,,,,,,,,,,,,,,,,,nan,,,,,,,,,,,,,,,
28,354.8462829589844,0.0035456703044474125,0.35456703044474125,205.61307954788208,10000,ppo,ppo,crawler,flat,action_dth_tot_plus_friction_thdot_formula,,,,,,,,,,,,,,,0.003797680881484346,0,781,0.0,0.0,,,,,,,,,,,,,,,,,,,,,,,,,,,,,,,,,,,,,,,,,,,,,,,,,,,,,,,,,,,,,,,,,,,,,,,,,,nan,,,,,,,,,,,,,,,
29,510.6758728027344,0.00510139437392354,0.510139437392354,212.95937180519104,10000,ppo,ppo,crawler,flat,action_dth_tot_plus_friction_thdot_formula,,,,,,,,,,,,,,,0.005589271418672179,0,781,0.0,0.0,,,,,,,,,,,,,,,,,,,,,,,,,,,,,,,,,,,,,,,,,,,,,,,,,,,,,,,,,,,,,,,,,,,,,,,,,,nan,,,,,,,,,,,,,,,
30,623.5704956054688,0.0062303319573402405,0.623033195734024,220.3161952495575,10000,ppo,ppo,crawler,flat,action_dth_tot_plus_friction_thdot_formula,,,,,,,,,,,,,,,0.005820852941350484,0,781,0.0,0.0,,,,,,,,,,,,,,,,,,,,,,,,,,,,,,,,,,,,,,,,,,,,,,,,,,,,,,,,,,,,,,,,,,,,,,,,,,nan,,,,,,,,,,,,,,,
31,598.9093017578125,0.0059849778190255165,0.5984977819025517,227.79068422317505,10000,ppo,ppo,crawler,flat,action_dth_tot_plus_friction_thdot_formula,,,,,,,,,,,,,,,0.006361322509135011,0,781,0.0,0.0,,,,,,,,,,,,,,,,,,,,,,,,,,,,,,,,,,,,,,,,,,,,,,,,,,,,,,,,,,,,,,,,,,,,,,,,,,nan,,,,,,,,,,,,,,,
32,606.1024780273438,0.006053217686712742,0.6053217686712742,235.2063593864441,10000,ppo,ppo,crawler,flat,action_dth_tot_plus_friction_thdot_formula,,,,,,,,,,,,,,,0.0043877617011225944,0,781,0.0,0.0,,,,,,,,,,,,,,,,,,,,,,,,,,,,,,,,,,,,,,,,,,,,,,,,,,,,,,,,,,,,,,,,,,,,,,,,,,nan,,,,,,,,,,,,,,,
33,626.1888427734375,0.006254203617572784,0.6254203617572784,242.43121790885925,10000,ppo,ppo,crawler,flat,action_dth_tot_plus_friction_thdot_formula,,,,,,,,,,,,,,,0.00573696681736848,0,781,0.0,0.0,,,,,,,,,,,,,,,,,,,,,,,,,,,,,,,,,,,,,,,,,,,,,,,,,,,,,,,,,,,,,,,,,,,,,,,,,,nan,,,,,,,,,,,,,,,
34,644.855712890625,0.006441899109631777,0.6441899109631777,249.93473267555237,10000,ppo,ppo,crawler,flat,action_dth_tot_plus_friction_thdot_formula,,,,,,,,,,,,,,,0.005323852542605938,0,781,0.0,0.0,,,,,,,,,,,,,,,,,,,,,,,,,,,,,,,,,,,,,,,,,,,,,,,,,,,,,,,,,,,,,,,,,,,,,,,,,,nan,,,,,,,,,,,,,,,
35,688.9758911132812,0.00688043562695384,0.688043562695384,257.05957794189453,10000,ppo,ppo,crawler,flat,action_dth_tot_plus_friction_thdot_formula,,,,,,,,,,,,,,,0.004469376485298415,0,781,0.0,0.0,,,,,,,,,,,,,,,,,,,,,,,,,,,,,,,,,,,,,,,,,,,,,,,,,,,,,,,,,,,,,,,,,,,,,,,,,,nan,,,,,,,,,,,,,,,
36,718.1397705078125,0.007174981292337179,0.7174981292337179,264.6251571178436,10000,ppo,ppo,crawler,flat,action_dth_tot_plus_friction_thdot_formula,,,,,,,,,,,,,,,0.004924715962745404,0,781,0.0,0.0,,,,,,,,,,,,,,,,,,,,,,,,,,,,,,,,,,,,,,,,,,,,,,,,,,,,,,,,,,,,,,,,,,,,,,,,,,nan,,,,,,,,,,,,,,,
37,735.17138671875,0.007343454752117395,0.7343454752117395,271.9912443161011,10000,ppo,ppo,crawler,flat,action_dth_tot_plus_friction_thdot_formula,,,,,,,,,,,,,,,0.0041821726893206575,0,781,0.0,0.0,,,,,,,,,,,,,,,,,,,,,,,,,,,,,,,,,,,,,,,,,,,,,,,,,,,,,,,,,,,,,,,,,,,,,,,,,,nan,,,,,,,,,,,,,,,
38,687.9567260742188,0.0068721892312169075,0.6872189231216908,279.4222536087036,10000,ppo,ppo,crawler,flat,action_dth_tot_plus_friction_thdot_formula,,,,,,,,,,,,,,,0.00418414936398565,0,781,0.0,0.0,,,,,,,,,,,,,,,,,,,,,,,,,,,,,,,,,,,,,,,,,,,,,,,,,,,,,,,,,,,,,,,,,,,,,,,,,,nan,,,,,,,,,,,,,,,
39,774.9458618164062,0.007741944864392281,0.7741944864392281,286.6750521659851,10000,ppo,ppo,crawler,flat,action_dth_tot_plus_friction_thdot_formula,,,,,,,,,,,,,,,0.004590639020946824,0,781,0.0,0.0,,,,,,,,,,,,,,,,,,,,,,,,,,,,,,,,,,,,,,,,,,,,,,,,,,,,,,,,,,,,,,,,,,,,,,,,,,nan,,,,,,,,,,,,,,,
40,783.6517333984375,0.007826391607522964,0.7826391607522964,294.25117683410645,10000,ppo,ppo,crawler,flat,action_dth_tot_plus_friction_thdot_formula,,,,,,,,,,,,,,,0.004052568766796453,0,781,0.0,0.0,,,,,,,,,,,,,,,,,,,,,,,,,,,,,,,,,,,,,,,,,,,,,,,,,,,,,,,,,,,,,,,,,,,,,,,,,,nan,,,,,,,,,,,,,,,
41,805.4278564453125,0.008047003298997879,0.8047003298997879,301.7369132041931,10000,ppo,ppo,crawler,flat,action_dth_tot_plus_friction_thdot_formula,,,,,,,,,,,,,,,0.004137998865082593,0,781,0.0,0.0,,,,,,,,,,,,,,,,,,,,,,,,,,,,,,,,,,,,,,,,,,,,,,,,,,,,,,,,,,,,,,,,,,,,,,,,,,nan,,,,,,,,,,,,,,,
42,877.2001342773438,0.008763515390455723,0.8763515390455723,309.11902141571045,10000,ppo,ppo,crawler,flat,action_dth_tot_plus_friction_thdot_formula,,,,,,,,,,,,,,,0.0038842425366241136,0,781,0.0,0.0,,,,,,,,,,,,,,,,,,,,,,,,,,,,,,,,,,,,,,,,,,,,,,,,,,,,,,,,,,,,,,,,,,,,,,,,,,nan,,,,,,,,,,,,,,,
43,888.3268432617188,0.008874315768480301,0.8874315768480301,316.3361442089081,10000,ppo,ppo,crawler,flat,action_dth_tot_plus_friction_thdot_formula,,,,,,,,,,,,,,,0.003838649681944009,0,781,0.0,0.0,,,,,,,,,,,,,,,,,,,,,,,,,,,,,,,,,,,,,,,,,,,,,,,,,,,,,,,,,,,,,,,,,,,,,,,,,,nan,,,,,,,,,,,,,,,
44,941.7990112304688,0.009411156177520752,0.9411156177520752,324.03663873672485,10000,ppo,ppo,crawler,flat,action_dth_tot_plus_friction_thdot_formula,,,,,,,,,,,,,,,0.004524738232398861,0,781,0.0,0.0,,,,,,,,,,,,,,,,,,,,,,,,,,,,,,,,,,,,,,,,,,,,,,,,,,,,,,,,,,,,,,,,,,,,,,,,,,nan,,,,,,,,,,,,,,,
45,800.42529296875,0.007997004315257072,0.7997004315257072,331.3493731021881,10000,ppo,ppo,crawler,flat,action_dth_tot_plus_friction_thdot_formula,,,,,,,,,,,,,,,0.0035022576644741805,0,781,0.0,0.0,,,,,,,,,,,,,,,,,,,,,,,,,,,,,,,,,,,,,,,,,,,,,,,,,,,,,,,,,,,,,,,,,,,,,,,,,,nan,,,,,,,,,,,,,,,
46,813.3555908203125,0.008123691193759441,0.8123691193759441,338.48471665382385,10000,ppo,ppo,crawler,flat,action_dth_tot_plus_friction_thdot_formula,,,,,,,,,,,,,,,0.003621577727340076,0,781,0.0,0.0,,,,,,,,,,,,,,,,,,,,,,,,,,,,,,,,,,,,,,,,,,,,,,,,,,,,,,,,,,,,,,,,,,,,,,,,,,nan,,,,,,,,,,,,,,,
47,925.9031372070312,0.009250260889530182,0.9250260889530182,345.97234749794006,10000,ppo,ppo,crawler,flat,action_dth_tot_plus_friction_thdot_formula,,,,,,,,,,,,,,,0.004320922779331041,0,781,0.0,0.0,,,,,,,,,,,,,,,,,,,,,,,,,,,,,,,,,,,,,,,,,,,,,,,,,,,,,,,,,,,,,,,,,,,,,,,,,,nan,,,,,,,,,,,,,,,
48,932.4193725585938,0.009314836002886295,0.9314836002886295,353.3295171260834,10000,ppo,ppo,crawler,flat,action_dth_tot_plus_friction_thdot_formula,,,,,,,,,,,,,,,0.003749095944238459,0,781,0.0,0.0,,,,,,,,,,,,,,,,,,,,,,,,,,,,,,,,,,,,,,,,,,,,,,,,,,,,,,,,,,,,,,,,,,,,,,,,,,nan,,,,,,,,,,,,,,,
49,1003.7250366210938,0.010030847042798996,1.0030847042798996,360.8505012989044,10000,ppo,ppo,crawler,flat,action_dth_tot_plus_friction_thdot_formula,,,,,,,,,,,,,,,0.004442319057887199,0,781,0.0,0.0,,,,,,,,,,,,,,,,,,,,,,,,,,,,,,,,,,,,,,,,,,,,,,,,,,,,,,,,,,,,,,,,,,,,,,,,,,nan,,,,,,,,,,,,,,,
50,987.4658203125,0.009863309562206268,0.9863309562206268,368.06504702568054,10000,ppo,ppo,crawler,flat,action_dth_tot_plus_friction_thdot_formula,,,,,,,,,,,,,,,0.004205944750879244,0,781,0.0,0.0,,,,,,,,,,,,,,,,,,,,,,,,,,,,,,,,,,,,,,,,,,,,,,,,,,,,,,,,,,,,,,,,,,,,,,,,,,nan,,,,,,,,,,,,,,,
51,943.3239135742188,0.009425602853298187,0.9425602853298187,375.60620284080505,10000,ppo,ppo,crawler,flat,action_dth_tot_plus_friction_thdot_formula,,,,,,,,,,,,,,,0.003495220038388461,0,781,0.0,0.0,,,,,,,,,,,,,,,,,,,,,,,,,,,,,,,,,,,,,,,,,,,,,,,,,,,,,,,,,,,,,,,,,,,,,,,,,,nan,,,,,,,,,,,,,,,
52,941.0121459960938,0.009398788213729858,0.9398788213729858,383.09366607666016,10000,ppo,ppo,crawler,flat,action_dth_tot_plus_friction_thdot_formula,,,,,,,,,,,,,,,0.004212365973747971,0,781,0.0,0.0,,,,,,,,,,,,,,,,,,,,,,,,,,,,,,,,,,,,,,,,,,,,,,,,,,,,,,,,,,,,,,,,,,,,,,,,,,nan,,,,,,,,,,,,,,,
53,881.7853393554688,0.008808435872197151,0.8808435872197151,390.7181031703949,10000,ppo,ppo,crawler,flat,action_dth_tot_plus_friction_thdot_formula,,,,,,,,,,,,,,,0.0036041685393829585,0,781,0.0,0.0,,,,,,,,,,,,,,,,,,,,,,,,,,,,,,,,,,,,,,,,,,,,,,,,,,,,,,,,,,,,,,,,,,,,,,,,,,nan,,,,,,,,,,,,,,,
54,901.1533203125,0.009000484831631184,0.9000484831631184,398.0731897354126,10000,ppo,ppo,crawler,flat,action_dth_tot_plus_friction_thdot_formula,,,,,,,,,,,,,,,0.004129934174620705,0,781,0.0,0.0,,,,,,,,,,,,,,,,,,,,,,,,,,,,,,,,,,,,,,,,,,,,,,,,,,,,,,,,,,,,,,,,,,,,,,,,,,nan,,,,,,,,,,,,,,,
55,935.06005859375,0.0093371057882905,0.9337105788290501,405.7970175743103,10000,ppo,ppo,crawler,flat,action_dth_tot_plus_friction_thdot_formula,,,,,,,,,,,,,,,0.004732351361053356,0,781,0.0,0.0,,,,,,,,,,,,,,,,,,,,,,,,,,,,,,,,,,,,,,,,,,,,,,,,,,,,,,,,,,,,,,,,,,,,,,,,,,nan,,,,,,,,,,,,,,,
56,1083.8380126953125,0.01082808431237936,1.082808431237936,413.17810225486755,10000,ppo,ppo,crawler,flat,action_dth_tot_plus_friction_thdot_formula,,,,,,,,,,,,,,,0.004628597067596889,0,781,0.0,0.0,,,,,,,,,,,,,,,,,,,,,,,,,,,,,,,,,,,,,,,,,,,,,,,,,,,,,,,,,,,,,,,,,,,,,,,,,,nan,,,,,,,,,,,,,,,
57,1064.7537841796875,0.010636633262038231,1.063663326203823,420.7649621963501,10000,ppo,ppo,crawler,flat,action_dth_tot_plus_friction_thdot_formula,,,,,,,,,,,,,,,0.004784730980961277,0,781,0.0,0.0,,,,,,,,,,,,,,,,,,,,,,,,,,,,,,,,,,,,,,,,,,,,,,,,,,,,,,,,,,,,,,,,,,,,,,,,,,nan,,,,,,,,,,,,,,,
58,1021.8896484375,0.01020752266049385,1.020752266049385,428.3350875377655,10000,ppo,ppo,crawler,flat,action_dth_tot_plus_friction_thdot_formula,,,,,,,,,,,,,,,0.003850987457311635,0,781,0.0,0.0,,,,,,,,,,,,,,,,,,,,,,,,,,,,,,,,,,,,,,,,,,,,,,,,,,,,,,,,,,,,,,,,,,,,,,,,,,nan,,,,,,,,,,,,,,,
59,1038.323486328125,0.010369719006121159,1.0369719006121159,435.8355178833008,10000,ppo,ppo,crawler,flat,action_dth_tot_plus_friction_thdot_formula,,,,,,,,,,,,,,,0.00392817898737517,0,781,0.0,0.0,,,,,,,,,,,,,,,,,,,,,,,,,,,,,,,,,,,,,,,,,,,,,,,,,,,,,,,,,,,,,,,,,,,,,,,,,,nan,,,,,,,,,,,,,,,
60,1077.2947998046875,0.01076340489089489,1.076340489089489,443.16499161720276,10000,ppo,ppo,crawler,flat,action_dth_tot_plus_friction_thdot_formula,,,,,,,,,,,,,,,0.004148140594750171,0,781,0.0,0.0,,,,,,,,,,,,,,,,,,,,,,,,,,,,,,,,,,,,,,,,,,,,,,,,,,,,,,,,,,,,,,,,,,,,,,,,,,nan,,,,,,,,,,,,,,,
61,1100.5263671875,0.010993392206728458,1.0993392206728458,450.6055669784546,10000,ppo,ppo,crawler,flat,action_dth_tot_plus_friction_thdot_formula,,,,,,,,,,,,,,,0.004448585865706701,0,781,0.0,0.0,,,,,,,,,,,,,,,,,,,,,,,,,,,,,,,,,,,,,,,,,,,,,,,,,,,,,,,,,,,,,,,,,,,,,,,,,,nan,,,,,,,,,,,,,,,
62,1250.5220947265625,0.012493581511080265,1.2493581511080265,457.8988139629364,10000,ppo,ppo,crawler,flat,action_dth_tot_plus_friction_thdot_formula,,,,,,,,,,,,,,,0.004170734523637542,0,781,0.0,0.0,,,,,,,,,,,,,,,,,,,,,,,,,,,,,,,,,,,,,,,,,,,,,,,,,,,,,,,,,,,,,,,,,,,,,,,,,,nan,,,,,,,,,,,,,,,
63,1219.46728515625,0.012179061770439148,1.2179061770439148,465.44152879714966,10000,ppo,ppo,crawler,flat,action_dth_tot_plus_friction_thdot_formula,,,,,,,,,,,,,,,0.004527525596087202,0,781,0.0,0.0,,,,,,,,,,,,,,,,,,,,,,,,,,,,,,,,,,,,,,,,,,,,,,,,,,,,,,,,,,,,,,,,,,,,,,,,,,nan,,,,,,,,,,,,,,,
64,1230.1214599609375,0.012288128025829792,1.2288128025829792,472.6935017108917,10000,ppo,ppo,crawler,flat,action_dth_tot_plus_friction_thdot_formula,,,,,,,,,,,,,,,0.004019137536345178,0,781,0.0,0.0,,,,,,,,,,,,,,,,,,,,,,,,,,,,,,,,,,,,,,,,,,,,,,,,,,,,,,,,,,,,,,,,,,,,,,,,,,nan,,,,,,,,,,,,,,,
65,1311.1673583984375,0.013101059012115002,1.3101059012115002,479.96283888816833,10000,ppo,ppo,crawler,flat,action_dth_tot_plus_friction_thdot_formula,,,,,,,,,,,,,,,0.004314419431862315,0,781,0.0,0.0,,,,,,,,,,,,,,,,,,,,,,,,,,,,,,,,,,,,,,,,,,,,,,,,,,,,,,,,,,,,,,,,,,,,,,,,,,nan,,,,,,,,,,,,,,,
66,1355.2861328125,0.013536639511585236,1.3536639511585236,487.20731568336487,10000,ppo,ppo,crawler,flat,action_dth_tot_plus_friction_thdot_formula,,,,,,,,,,,,,,,0.004965176283587283,0,781,0.0,0.0,,,,,,,,,,,,,,,,,,,,,,,,,,,,,,,,,,,,,,,,,,,,,,,,,,,,,,,,,,,,,,,,,,,,,,,,,,nan,,,,,,,,,,,,,,,
67,1421.7802734375,0.014205146580934525,1.4205146580934525,494.7288615703583,10000,ppo,ppo,crawler,flat,action_dth_tot_plus_friction_thdot_formula,,,,,,,,,,,,,,,0.0037937786227921514,0,781,0.0,0.0,,,,,,,,,,,,,,,,,,,,,,,,,,,,,,,,,,,,,,,,,,,,,,,,,,,,,,,,,,,,,,,,,,,,,,,,,,nan,,,,,,,,,,,,,,,
68,1627.347900390625,0.01625748537480831,1.6257485374808311,501.87848687171936,10000,ppo,ppo,crawler,flat,action_dth_tot_plus_friction_thdot_formula,,,,,,,,,,,,,,,0.005568329258416463,0,781,0.0,0.0,,,,,,,,,,,,,,,,,,,,,,,,,,,,,,,,,,,,,,,,,,,,,,,,,,,,,,,,,,,,,,,,,,,,,,,,,,nan,,,,,,,,,,,,,,,
69,1609.7095947265625,0.01608196645975113,1.608196645975113,509.19910311698914,10000,ppo,ppo,crawler,flat,action_dth_tot_plus_friction_thdot_formula,,,,,,,,,,,,,,,0.004539101756110468,0,781,0.0,0.0,,,,,,,,,,,,,,,,,,,,,,,,,,,,,,,,,,,,,,,,,,,,,,,,,,,,,,,,,,,,,,,,,,,,,,,,,,nan,,,,,,,,,,,,,,,
70,1747.1461181640625,0.017454439774155617,1.7454439774155617,516.4213926792145,10000,ppo,ppo,crawler,flat,action_dth_tot_plus_friction_thdot_formula,,,,,,,,,,,,,,,0.005264453528205674,0,781,0.0,0.0,,,,,,,,,,,,,,,,,,,,,,,,,,,,,,,,,,,,,,,,,,,,,,,,,,,,,,,,,,,,,,,,,,,,,,,,,,nan,,,,,,,,,,,,,,,
71,1918.0950927734375,0.019162263721227646,1.9162263721227646,523.9048681259155,10000,ppo,ppo,crawler,flat,action_dth_tot_plus_friction_thdot_formula,,,,,,,,,,,,,,,0.005017680428798755,0,781,0.0,0.0,,,,,,,,,,,,,,,,,,,,,,,,,,,,,,,,,,,,,,,,,,,,,,,,,,,,,,,,,,,,,,,,,,,,,,,,,,nan,,,,,,,,,,,,,,,
72,1900.6331787109375,0.018985344097018242,1.8985344097018242,531.2420325279236,10000,ppo,ppo,crawler,flat,action_dth_tot_plus_friction_thdot_formula,,,,,,,,,,,,,,,0.0053802996327702276,0,781,0.0,0.0,,,,,,,,,,,,,,,,,,,,,,,,,,,,,,,,,,,,,,,,,,,,,,,,,,,,,,,,,,,,,,,,,,,,,,,,,,nan,,,,,,,,,,,,,,,
73,1757.593994140625,0.017551666125655174,1.7551666125655174,538.4719805717468,10000,ppo,ppo,crawler,flat,action_dth_tot_plus_friction_thdot_formula,,,,,,,,,,,,,,,0.0040346612666316796,0,781,0.0,0.0,,,,,,,,,,,,,,,,,,,,,,,,,,,,,,,,,,,,,,,,,,,,,,,,,,,,,,,,,,,,,,,,,,,,,,,,,,nan,,,,,,,,,,,,,,,
74,1777.5203857421875,0.017754599452018738,1.7754599452018738,545.8149092197418,10000,ppo,ppo,crawler,flat,action_dth_tot_plus_friction_thdot_formula,,,,,,,,,,,,,,,0.004457037563664688,0,781,0.0,0.0,,,,,,,,,,,,,,,,,,,,,,,,,,,,,,,,,,,,,,,,,,,,,,,,,,,,,,,,,,,,,,,,,,,,,,,,,,nan,,,,,,,,,,,,,,,
75,1930.0653076171875,0.019280580803751945,1.9280580803751945,553.2534489631653,10000,ppo,ppo,crawler,flat,action_dth_tot_plus_friction_thdot_formula,,,,,,,,,,,,,,,0.004463153101362839,0,781,0.0,0.0,,,,,,,,,,,,,,,,,,,,,,,,,,,,,,,,,,,,,,,,,,,,,,,,,,,,,,,,,,,,,,,,,,,,,,,,,,nan,,,,,,,,,,,,,,,
76,1997.328125,0.019954796880483627,1.9954796880483627,560.6719396114349,10000,ppo,ppo,crawler,flat,action_dth_tot_plus_friction_thdot_formula,,,,,,,,,,,,,,,0.004443627887737261,0,781,0.0,0.0,,,,,,,,,,,,,,,,,,,,,,,,,,,,,,,,,,,,,,,,,,,,,,,,,,,,,,,,,,,,,,,,,,,,,,,,,,nan,,,,,,,,,,,,,,,
77,1964.1473388671875,0.019619377329945564,1.9619377329945564,568.0368263721466,10000,ppo,ppo,crawler,flat,action_dth_tot_plus_friction_thdot_formula,,,,,,,,,,,,,,,0.005023457750175137,0,781,0.0,0.0,,,,,,,,,,,,,,,,,,,,,,,,,,,,,,,,,,,,,,,,,,,,,,,,,,,,,,,,,,,,,,,,,,,,,,,,,,nan,,,,,,,,,,,,,,,
78,2129.959716796875,0.021283086389303207,2.1283086389303207,575.3955385684967,10000,ppo,ppo,crawler,flat,action_dth_tot_plus_friction_thdot_formula,,,,,,,,,,,,,,,0.0047428052129060575,0,781,0.0,0.0,,,,,,,,,,,,,,,,,,,,,,,,,,,,,,,,,,,,,,,,,,,,,,,,,,,,,,,,,,,,,,,,,,,,,,,,,,nan,,,,,,,,,,,,,,,
79,2229.317138671875,0.022269217297434807,2.2269217297434807,582.6428501605988,10000,ppo,ppo,crawler,flat,action_dth_tot_plus_friction_thdot_formula,,,,,,,,,,,,,,,0.004470161961125646,0,781,0.0,0.0,,,,,,,,,,,,,,,,,,,,,,,,,,,,,,,,,,,,,,,,,,,,,,,,,,,,,,,,,,,,,,,,,,,,,,,,,,nan,,,,,,,,,,,,,,,
80,2152.639892578125,0.021504946053028107,2.1504946053028107,590.0055909156799,10000,ppo,ppo,crawler,flat,action_dth_tot_plus_friction_thdot_formula,,,,,,,,,,,,,,,0.0044915954218390335,0,781,0.0,0.0,,,,,,,,,,,,,,,,,,,,,,,,,,,,,,,,,,,,,,,,,,,,,,,,,,,,,,,,,,,,,,,,,,,,,,,,,,nan,,,,,,,,,,,,,,,
81,2152.322021484375,0.02150135114789009,2.150135114789009,597.4093539714813,10000,ppo,ppo,crawler,flat,action_dth_tot_plus_friction_thdot_formula,,,,,,,,,,,,,,,0.005675990568053886,0,781,0.0,0.0,,,,,,,,,,,,,,,,,,,,,,,,,,,,,,,,,,,,,,,,,,,,,,,,,,,,,,,,,,,,,,,,,,,,,,,,,,nan,,,,,,,,,,,,,,,
82,2241.08984375,0.02238752879202366,2.238752879202366,604.7146377563477,10000,ppo,ppo,crawler,flat,action_dth_tot_plus_friction_thdot_formula,,,,,,,,,,,,,,,0.004486994258768764,0,781,0.0,0.0,,,,,,,,,,,,,,,,,,,,,,,,,,,,,,,,,,,,,,,,,,,,,,,,,,,,,,,,,,,,,,,,,,,,,,,,,,nan,,,,,,,,,,,,,,,
83,2128.53369140625,0.021262837573885918,2.1262837573885918,612.1653807163239,10000,ppo,ppo,crawler,flat,action_dth_tot_plus_friction_thdot_formula,,,,,,,,,,,,,,,0.004330702821909547,0,781,0.0,0.0,,,,,,,,,,,,,,,,,,,,,,,,,,,,,,,,,,,,,,,,,,,,,,,,,,,,,,,,,,,,,,,,,,,,,,,,,,nan,,,,,,,,,,,,,,,
84,1996.4910888671875,0.01994757540524006,1.994757540524006,619.3475983142853,10000,ppo,ppo,crawler,flat,action_dth_tot_plus_friction_thdot_formula,,,,,,,,,,,,,,,0.004418136158571418,0,781,0.0,0.0,,,,,,,,,,,,,,,,,,,,,,,,,,,,,,,,,,,,,,,,,,,,,,,,,,,,,,,,,,,,,,,,,,,,,,,,,,nan,,,,,,,,,,,,,,,
85,2234.46484375,0.022322438657283783,2.2322438657283783,626.6976978778839,10000,ppo,ppo,crawler,flat,action_dth_tot_plus_friction_thdot_formula,,,,,,,,,,,,,,,0.004234830190365891,0,781,0.0,0.0,,,,,,,,,,,,,,,,,,,,,,,,,,,,,,,,,,,,,,,,,,,,,,,,,,,,,,,,,,,,,,,,,,,,,,,,,,nan,,,,,,,,,,,,,,,
86,2187.394775390625,0.02184877172112465,2.184877172112465,633.870288848877,10000,ppo,ppo,crawler,flat,action_dth_tot_plus_friction_thdot_formula,,,,,,,,,,,,,,,0.00444309860558837,0,781,0.0,0.0,,,,,,,,,,,,,,,,,,,,,,,,,,,,,,,,,,,,,,,,,,,,,,,,,,,,,,,,,,,,,,,,,,,,,,,,,,nan,,,,,,,,,,,,,,,
87,2240.24072265625,0.022383777424693108,2.2383777424693108,641.2936580181122,10000,ppo,ppo,crawler,flat,action_dth_tot_plus_friction_thdot_formula,,,,,,,,,,,,,,,0.004850243545950018,0,781,0.0,0.0,,,,,,,,,,,,,,,,,,,,,,,,,,,,,,,,,,,,,,,,,,,,,,,,,,,,,,,,,,,,,,,,,,,,,,,,,,nan,,,,,,,,,,,,,,,
88,2112.618408203125,0.021105226129293442,2.110522612929344,648.4516503810883,10000,ppo,ppo,crawler,flat,action_dth_tot_plus_friction_thdot_formula,,,,,,,,,,,,,,,0.004653831111745987,0,781,0.0,0.0,,,,,,,,,,,,,,,,,,,,,,,,,,,,,,,,,,,,,,,,,,,,,,,,,,,,,,,,,,,,,,,,,,,,,,,,,,nan,,,,,,,,,,,,,,,
89,2173.898193359375,0.021716397255659103,2.1716397255659103,655.8753685951233,10000,ppo,ppo,crawler,flat,action_dth_tot_plus_friction_thdot_formula,,,,,,,,,,,,,,,0.005634210334988502,0,781,0.0,0.0,,,,,,,,,,,,,,,,,,,,,,,,,,,,,,,,,,,,,,,,,,,,,,,,,,,,,,,,,,,,,,,,,,,,,,,,,,nan,,,,,,,,,,,,,,,
90,1936.1610107421875,0.01934318244457245,1.9343182444572449,663.3728036880493,10000,ppo,ppo,crawler,flat,action_dth_tot_plus_friction_thdot_formula,,,,,,,,,,,,,,,0.0049454892811346945,0,781,0.0,0.0,,,,,,,,,,,,,,,,,,,,,,,,,,,,,,,,,,,,,,,,,,,,,,,,,,,,,,,,,,,,,,,,,,,,,,,,,,nan,,,,,,,,,,,,,,,
91,2021.6849365234375,0.020194578915834427,2.0194578915834427,670.7215483188629,10000,ppo,ppo,crawler,flat,action_dth_tot_plus_friction_thdot_formula,,,,,,,,,,,,,,,0.005288133128161903,0,781,0.0,0.0,,,,,,,,,,,,,,,,,,,,,,,,,,,,,,,,,,,,,,,,,,,,,,,,,,,,,,,,,,,,,,,,,,,,,,,,,,nan,,,,,,,,,,,,,,,
92,1818.5321044921875,0.018164390698075294,1.8164390698075294,677.9905557632446,10000,ppo,ppo,crawler,flat,action_dth_tot_plus_friction_thdot_formula,,,,,,,,,,,,,,,0.004218164014331305,0,781,0.0,0.0,,,,,,,,,,,,,,,,,,,,,,,,,,,,,,,,,,,,,,,,,,,,,,,,,,,,,,,,,,,,,,,,,,,,,,,,,,nan,,,,,,,,,,,,,,,
93,1802.1455078125,0.018003307282924652,1.8003307282924652,685.5416753292084,10000,ppo,ppo,crawler,flat,action_dth_tot_plus_friction_thdot_formula,,,,,,,,,,,,,,,0.005580395114124859,0,781,0.0,0.0,,,,,,,,,,,,,,,,,,,,,,,,,,,,,,,,,,,,,,,,,,,,,,,,,,,,,,,,,,,,,,,,,,,,,,,,,,nan,,,,,,,,,,,,,,,
94,1614.53076171875,0.016125647351145744,1.6125647351145744,692.7697093486786,10000,ppo,ppo,crawler,flat,action_dth_tot_plus_friction_thdot_formula,,,,,,,,,,,,,,,0.009230334284669444,0,781,0.0,0.0,,,,,,,,,,,,,,,,,,,,,,,,,,,,,,,,,,,,,,,,,,,,,,,,,,,,,,,,,,,,,,,,,,,,,,,,,,nan,,,,,,,,,,,,,,,
95,1749.5047607421875,0.017474135383963585,1.7474135383963585,699.9868547916412,10000,ppo,ppo,crawler,flat,action_dth_tot_plus_friction_thdot_formula,,,,,,,,,,,,,,,0.006948073718912372,0,781,0.0,0.0,,,,,,,,,,,,,,,,,,,,,,,,,,,,,,,,,,,,,,,,,,,,,,,,,,,,,,,,,,,,,,,,,,,,,,,,,,nan,,,,,,,,,,,,,,,
96,1798.8509521484375,0.01796683669090271,1.796683669090271,707.4309620857239,10000,ppo,ppo,crawler,flat,action_dth_tot_plus_friction_thdot_formula,,,,,,,,,,,,,,,0.004226591240290597,0,781,0.0,0.0,,,,,,,,,,,,,,,,,,,,,,,,,,,,,,,,,,,,,,,,,,,,,,,,,,,,,,,,,,,,,,,,,,,,,,,,,,nan,,,,,,,,,,,,,,,
97,1890.027587890625,0.01888260990381241,1.8882609903812408,714.768004655838,10000,ppo,ppo,crawler,flat,action_dth_tot_plus_friction_thdot_formula,,,,,,,,,,,,,,,0.004336659928043546,0,781,0.0,0.0,,,,,,,,,,,,,,,,,,,,,,,,,,,,,,,,,,,,,,,,,,,,,,,,,,,,,,,,,,,,,,,,,,,,,,,,,,nan,,,,,,,,,,,,,,,
98,1800.5384521484375,0.01798742264509201,1.798742264509201,722.0717289447784,10000,ppo,ppo,crawler,flat,action_dth_tot_plus_friction_thdot_formula,,,,,,,,,,,,,,,0.0050299052846953084,0,781,0.0,0.0,,,,,,,,,,,,,,,,,,,,,,,,,,,,,,,,,,,,,,,,,,,,,,,,,,,,,,,,,,,,,,,,,,,,,,,,,,nan,,,,,,,,,,,,,,,
99,1904.815673828125,0.01902586966753006,1.902586966753006,729.4885807037354,10000,ppo,ppo,crawler,flat,action_dth_tot_plus_friction_thdot_formula,,,,,,,,,,,,,,,0.004257377940566945,0,781,0.0,0.0,,,,,,,,,,,,,,,,,,,,,,,,,,,,,,,,,,,,,,,,,,,,,,,,,,,,,,,,,,,,,,,,,,,,,,,,,,nan,,,,,,,,,,,,,,,
100,1799.9417724609375,0.017979921773076057,1.7979921773076057,736.9613106250763,10000,ppo,ppo,crawler,flat,action_dth_tot_plus_friction_thdot_formula,,,,,,,,,,,,,,,0.004295977654943789,0,781,0.0,0.0,,,,,,,,,,,,,,,,,,,,,,,,,,,,,,,,,,,,,,,,,,,,,,,,,,,,,,,,,,,,,,,,,,,,,,,,,,nan,,,,,,,,,,,,,,,
101,1786.607421875,0.017846813425421715,1.7846813425421715,744.6178274154663,10000,ppo,ppo,crawler,flat,action_dth_tot_plus_friction_thdot_formula,,,,,,,,,,,,,,,0.004531643873433286,0,781,0.0,0.0,,,,,,,,,,,,,,,,,,,,,,,,,,,,,,,,,,,,,,,,,,,,,,,,,,,,,,,,,,,,,,,,,,,,,,,,,,nan,,,,,,,,,,,,,,,
102,1874.8316650390625,0.018731996417045593,1.8731996417045593,752.0556366443634,10000,ppo,ppo,crawler,flat,action_dth_tot_plus_friction_thdot_formula,,,,,,,,,,,,,,,0.005025542321794985,0,781,0.0,0.0,,,,,,,,,,,,,,,,,,,,,,,,,,,,,,,,,,,,,,,,,,,,,,,,,,,,,,,,,,,,,,,,,,,,,,,,,,nan,,,,,,,,,,,,,,,
103,1835.2435302734375,0.018339021131396294,1.8339021131396294,759.3159875869751,10000,ppo,ppo,crawler,flat,action_dth_tot_plus_friction_thdot_formula,,,,,,,,,,,,,,,0.0048884219941566845,0,781,0.0,0.0,,,,,,,,,,,,,,,,,,,,,,,,,,,,,,,,,,,,,,,,,,,,,,,,,,,,,,,,,,,,,,,,,,,,,,,,,,nan,,,,,,,,,,,,,,,
104,1844.7542724609375,0.018427126109600067,1.8427126109600067,766.8860080242157,10000,ppo,ppo,crawler,flat,action_dth_tot_plus_friction_thdot_formula,,,,,,,,,,,,,,,0.004498339778090507,0,781,0.0,0.0,,,,,,,,,,,,,,,,,,,,,,,,,,,,,,,,,,,,,,,,,,,,,,,,,,,,,,,,,,,,,,,,,,,,,,,,,,nan,,,,,,,,,,,,,,,
105,1793.0731201171875,0.017909493297338486,1.7909493297338486,774.3031148910522,10000,ppo,ppo,crawler,flat,action_dth_tot_plus_friction_thdot_formula,,,,,,,,,,,,,,,0.0051725668875588805,0,781,0.0,0.0,,,,,,,,,,,,,,,,,,,,,,,,,,,,,,,,,,,,,,,,,,,,,,,,,,,,,,,,,,,,,,,,,,,,,,,,,,nan,,,,,,,,,,,,,,,
106,1928.8656005859375,0.019269362092018127,1.9269362092018127,781.6869971752167,10000,ppo,ppo,crawler,flat,action_dth_tot_plus_friction_thdot_formula,,,,,,,,,,,,,,,0.004636451605783129,0,781,0.0,0.0,,,,,,,,,,,,,,,,,,,,,,,,,,,,,,,,,,,,,,,,,,,,,,,,,,,,,,,,,,,,,,,,,,,,,,,,,,nan,,,,,,,,,,,,,,,
107,2089.897216796875,0.020878534764051437,2.0878534764051437,789.161607503891,10000,ppo,ppo,crawler,flat,action_dth_tot_plus_friction_thdot_formula,,,,,,,,,,,,,,,0.0046688445070734615,0,781,0.0,0.0,,,,,,,,,,,,,,,,,,,,,,,,,,,,,,,,,,,,,,,,,,,,,,,,,,,,,,,,,,,,,,,,,,,,,,,,,,nan,,,,,,,,,,,,,,,
108,2133.467041015625,0.021313857287168503,2.1313857287168503,796.7109513282776,10000,ppo,ppo,crawler,flat,action_dth_tot_plus_friction_thdot_formula,,,,,,,,,,,,,,,0.004684003620920047,0,781,0.0,0.0,,,,,,,,,,,,,,,,,,,,,,,,,,,,,,,,,,,,,,,,,,,,,,,,,,,,,,,,,,,,,,,,,,,,,,,,,,nan,,,,,,,,,,,,,,,
109,2169.299072265625,0.021671684458851814,2.1671684458851814,804.2632329463959,10000,ppo,ppo,crawler,flat,action_dth_tot_plus_friction_thdot_formula,,,,,,,,,,,,,,,0.0043674030765803425,0,781,0.0,0.0,,,,,,,,,,,,,,,,,,,,,,,,,,,,,,,,,,,,,,,,,,,,,,,,,,,,,,,,,,,,,,,,,,,,,,,,,,nan,,,,,,,,,,,,,,,
110,2075.639404296875,0.02073593996465206,2.073593996465206,811.5709290504456,10000,ppo,ppo,crawler,flat,action_dth_tot_plus_friction_thdot_formula,,,,,,,,,,,,,,,0.004362660596749677,0,781,0.0,0.0,,,,,,,,,,,,,,,,,,,,,,,,,,,,,,,,,,,,,,,,,,,,,,,,,,,,,,,,,,,,,,,,,,,,,,,,,,nan,,,,,,,,,,,,,,,
111,2160.1796875,0.021576084196567535,2.1576084196567535,818.8849010467529,10000,ppo,ppo,crawler,flat,action_dth_tot_plus_friction_thdot_formula,,,,,,,,,,,,,,,0.003931916245682971,0,781,0.0,0.0,,,,,,,,,,,,,,,,,,,,,,,,,,,,,,,,,,,,,,,,,,,,,,,,,,,,,,,,,,,,,,,,,,,,,,,,,,nan,,,,,,,,,,,,,,,
112,2144.147216796875,0.021420463919639587,2.1420463919639587,826.3007669448853,10000,ppo,ppo,crawler,flat,action_dth_tot_plus_friction_thdot_formula,,,,,,,,,,,,,,,0.004204962340759819,0,781,0.0,0.0,,,,,,,,,,,,,,,,,,,,,,,,,,,,,,,,,,,,,,,,,,,,,,,,,,,,,,,,,,,,,,,,,,,,,,,,,,nan,,,,,,,,,,,,,,,
113,2209.44287109375,0.02207091823220253,2.207091823220253,833.544695854187,10000,ppo,ppo,crawler,flat,action_dth_tot_plus_friction_thdot_formula,,,,,,,,,,,,,,,0.004327427000659977,0,781,0.0,0.0,,,,,,,,,,,,,,,,,,,,,,,,,,,,,,,,,,,,,,,,,,,,,,,,,,,,,,,,,,,,,,,,,,,,,,,,,,nan,,,,,,,,,,,,,,,
114,2241.516357421875,0.022389033809304237,2.2389033809304237,840.9499397277832,10000,ppo,ppo,crawler,flat,action_dth_tot_plus_friction_thdot_formula,,,,,,,,,,,,,,,0.005073191100013324,0,781,0.0,0.0,,,,,,,,,,,,,,,,,,,,,,,,,,,,,,,,,,,,,,,,,,,,,,,,,,,,,,,,,,,,,,,,,,,,,,,,,,nan,,,,,,,,,,,,,,,
115,2242.376708984375,0.022401146590709686,2.2401146590709686,848.088276386261,10000,ppo,ppo,crawler,flat,action_dth_tot_plus_friction_thdot_formula,,,,,,,,,,,,,,,0.004697240685420135,0,781,0.0,0.0,,,,,,,,,,,,,,,,,,,,,,,,,,,,,,,,,,,,,,,,,,,,,,,,,,,,,,,,,,,,,,,,,,,,,,,,,,nan,,,,,,,,,,,,,,,
116,2347.991943359375,0.02345534972846508,2.345534972846508,855.584762096405,10000,ppo,ppo,crawler,flat,action_dth_tot_plus_friction_thdot_formula,,,,,,,,,,,,,,,0.004466381947092281,0,781,0.0,0.0,,,,,,,,,,,,,,,,,,,,,,,,,,,,,,,,,,,,,,,,,,,,,,,,,,,,,,,,,,,,,,,,,,,,,,,,,,nan,,,,,,,,,,,,,,,
117,2349.758056640625,0.023476725444197655,2.3476725444197655,862.9686241149902,10000,ppo,ppo,crawler,flat,action_dth_tot_plus_friction_thdot_formula,,,,,,,,,,,,,,,0.004293975098439875,0,781,0.0,0.0,,,,,,,,,,,,,,,,,,,,,,,,,,,,,,,,,,,,,,,,,,,,,,,,,,,,,,,,,,,,,,,,,,,,,,,,,,nan,,,,,,,,,,,,,,,
118,2342.209228515625,0.02339949831366539,2.339949831366539,870.3934619426727,10000,ppo,ppo,crawler,flat,action_dth_tot_plus_friction_thdot_formula,,,,,,,,,,,,,,,0.004425071594996972,0,781,0.0,0.0,,,,,,,,,,,,,,,,,,,,,,,,,,,,,,,,,,,,,,,,,,,,,,,,,,,,,,,,,,,,,,,,,,,,,,,,,,nan,,,,,,,,,,,,,,,
119,2385.555419921875,0.023828957229852676,2.3828957229852676,877.4790680408478,10000,ppo,ppo,crawler,flat,action_dth_tot_plus_friction_thdot_formula,,,,,,,,,,,,,,,0.004210188541270401,0,781,0.0,0.0,,,,,,,,,,,,,,,,,,,,,,,,,,,,,,,,,,,,,,,,,,,,,,,,,,,,,,,,,,,,,,,,,,,,,,,,,,nan,,,,,,,,,,,,,,,
120,2309.2099609375,0.023066658526659012,2.306665852665901,884.8654527664185,10000,ppo,ppo,crawler,flat,action_dth_tot_plus_friction_thdot_formula,,,,,,,,,,,,,,,0.004782003633135085,0,781,0.0,0.0,,,,,,,,,,,,,,,,,,,,,,,,,,,,,,,,,,,,,,,,,,,,,,,,,,,,,,,,,,,,,,,,,,,,,,,,,,nan,,,,,,,,,,,,,,,
121,2441.68212890625,0.024393117055296898,2.43931170552969,892.0451421737671,10000,ppo,ppo,crawler,flat,action_dth_tot_plus_friction_thdot_formula,,,,,,,,,,,,,,,0.004529620205249253,0,781,0.0,0.0,,,,,,,,,,,,,,,,,,,,,,,,,,,,,,,,,,,,,,,,,,,,,,,,,,,,,,,,,,,,,,,,,,,,,,,,,,nan,,,,,,,,,,,,,,,
122,2462.316162109375,0.024597229436039925,2.4597229436039925,899.2780878543854,10000,ppo,ppo,crawler,flat,action_dth_tot_plus_friction_thdot_formula,,,,,,,,,,,,,,,0.004712570788071666,0,781,0.0,0.0,,,,,,,,,,,,,,,,,,,,,,,,,,,,,,,,,,,,,,,,,,,,,,,,,,,,,,,,,,,,,,,,,,,,,,,,,,nan,,,,,,,,,,,,,,,
123,2464.91650390625,0.024622978642582893,2.4622978642582893,906.689046382904,10000,ppo,ppo,crawler,flat,action_dth_tot_plus_friction_thdot_formula,,,,,,,,,,,,,,,0.004476676556908092,0,781,0.0,0.0,,,,,,,,,,,,,,,,,,,,,,,,,,,,,,,,,,,,,,,,,,,,,,,,,,,,,,,,,,,,,,,,,,,,,,,,,,nan,,,,,,,,,,,,,,,
124,2415.024169921875,0.024124061688780785,2.4124061688780785,914.0345094203949,10000,ppo,ppo,crawler,flat,action_dth_tot_plus_friction_thdot_formula,,,,,,,,,,,,,,,0.005058239629885978,0,781,0.0,0.0,,,,,,,,,,,,,,,,,,,,,,,,,,,,,,,,,,,,,,,,,,,,,,,,,,,,,,,,,,,,,,,,,,,,,,,,,,nan,,,,,,,,,,,,,,,
125,2482.08642578125,0.024791140109300613,2.4791140109300613,921.5824816226959,10000,ppo,ppo,crawler,flat,action_dth_tot_plus_friction_thdot_formula,,,,,,,,,,,,,,,0.004130160368808453,0,781,0.0,0.0,,,,,,,,,,,,,,,,,,,,,,,,,,,,,,,,,,,,,,,,,,,,,,,,,,,,,,,,,,,,,,,,,,,,,,,,,,nan,,,,,,,,,,,,,,,
126,2522.672607421875,0.025200286880135536,2.5200286880135536,929.0572566986084,10000,ppo,ppo,crawler,flat,action_dth_tot_plus_friction_thdot_formula,,,,,,,,,,,,,,,0.004758267049183091,0,781,0.0,0.0,,,,,,,,,,,,,,,,,,,,,,,,,,,,,,,,,,,,,,,,,,,,,,,,,,,,,,,,,,,,,,,,,,,,,,,,,,nan,,,,,,,,,,,,,,,
127,2473.5068359375,0.02470589242875576,2.470589242875576,936.5547957420349,10000,ppo,ppo,crawler,flat,action_dth_tot_plus_friction_thdot_formula,,,,,,,,,,,,,,,0.004352882939343735,0,781,0.0,0.0,,,,,,,,,,,,,,,,,,,,,,,,,,,,,,,,,,,,,,,,,,,,,,,,,,,,,,,,,,,,,,,,,,,,,,,,,,nan,,,,,,,,,,,,,,,
128,2524.291015625,0.025220761075615883,2.5220761075615883,944.0176751613617,10000,ppo,ppo,crawler,flat,action_dth_tot_plus_friction_thdot_formula,,,,,,,,,,,,,,,0.0048762340775050615,0,781,0.0,0.0,,,,,,,,,,,,,,,,,,,,,,,,,,,,,,,,,,,,,,,,,,,,,,,,,,,,,,,,,,,,,,,,,,,,,,,,,,nan,,,,,,,,,,,,,,,
129,2517.397216796875,0.025145165622234344,2.5145165622234344,951.3335161209106,10000,ppo,ppo,crawler,flat,action_dth_tot_plus_friction_thdot_formula,,,,,,,,,,,,,,,0.004357853023798614,0,781,0.0,0.0,,,,,,,,,,,,,,,,,,,,,,,,,,,,,,,,,,,,,,,,,,,,,,,,,,,,,,,,,,,,,,,,,,,,,,,,,,nan,,,,,,,,,,,,,,,
130,2557.240966796875,0.02554679475724697,2.554679475724697,958.6480467319489,10000,ppo,ppo,crawler,flat,action_dth_tot_plus_friction_thdot_formula,,,,,,,,,,,,,,,0.004324558440601232,0,781,0.0,0.0,,,,,,,,,,,,,,,,,,,,,,,,,,,,,,,,,,,,,,,,,,,,,,,,,,,,,,,,,,,,,,,,,,,,,,,,,,nan,,,,,,,,,,,,,,,
131,2527.024169921875,0.025244437158107758,2.5244437158107758,966.0137379169464,10000,ppo,ppo,crawler,flat,action_dth_tot_plus_friction_thdot_formula,,,,,,,,,,,,,,,0.004370994623598408,0,781,0.0,0.0,,,,,,,,,,,,,,,,,,,,,,,,,,,,,,,,,,,,,,,,,,,,,,,,,,,,,,,,,,,,,,,,,,,,,,,,,,nan,,,,,,,,,,,,,,,
132,2386.14697265625,0.02383631467819214,2.383631467819214,973.3036623001099,10000,ppo,ppo,crawler,flat,action_dth_tot_plus_friction_thdot_formula,,,,,,,,,,,,,,,0.0046633145075888225,0,781,0.0,0.0,,,,,,,,,,,,,,,,,,,,,,,,,,,,,,,,,,,,,,,,,,,,,,,,,,,,,,,,,,,,,,,,,,,,,,,,,,nan,,,,,,,,,,,,,,,
133,2448.63818359375,0.024460002779960632,2.4460002779960632,980.5178525447845,10000,ppo,ppo,crawler,flat,action_dth_tot_plus_friction_thdot_formula,,,,,,,,,,,,,,,0.005227247651160495,0,781,0.0,0.0,,,,,,,,,,,,,,,,,,,,,,,,,,,,,,,,,,,,,,,,,,,,,,,,,,,,,,,,,,,,,,,,,,,,,,,,,,nan,,,,,,,,,,,,,,,
134,2405.49462890625,0.02402418851852417,2.402418851852417,988.1865298748016,10000,ppo,ppo,crawler,flat,action_dth_tot_plus_friction_thdot_formula,,,,,,,,,,,,,,,0.004560265213173007,0,781,0.0,0.0,,,,,,,,,,,,,,,,,,,,,,,,,,,,,,,,,,,,,,,,,,,,,,,,,,,,,,,,,,,,,,,,,,,,,,,,,,nan,,,,,,,,,,,,,,,
135,2424.419921875,0.02421427331864834,2.421427331864834,995.3843431472778,10000,ppo,ppo,crawler,flat,action_dth_tot_plus_friction_thdot_formula,,,,,,,,,,,,,,,0.004555182051206921,0,781,0.0,0.0,,,,,,,,,,,,,,,,,,,,,,,,,,,,,,,,,,,,,,,,,,,,,,,,,,,,,,,,,,,,,,,,,,,,,,,,,,nan,,,,,,,,,,,,,,,
136,2479.243408203125,0.024765560403466225,2.4765560403466225,1002.7470426559448,10000,ppo,ppo,crawler,flat,action_dth_tot_plus_friction_thdot_formula,,,,,,,,,,,,,,,0.004837610411421049,0,781,0.0,0.0,,,,,,,,,,,,,,,,,,,,,,,,,,,,,,,,,,,,,,,,,,,,,,,,,,,,,,,,,,,,,,,,,,,,,,,,,,nan,,,,,,,,,,,,,,,
137,2431.612548828125,0.024288667365908623,2.4288667365908623,1010.116007566452,10000,ppo,ppo,crawler,flat,action_dth_tot_plus_friction_thdot_formula,,,,,,,,,,,,,,,0.0050301377526776585,0,781,0.0,0.0,,,,,,,,,,,,,,,,,,,,,,,,,,,,,,,,,,,,,,,,,,,,,,,,,,,,,,,,,,,,,,,,,,,,,,,,,,nan,,,,,,,,,,,,,,,
138,2357.119140625,0.02354392036795616,2.354392036795616,1017.6955661773682,10000,ppo,ppo,crawler,flat,action_dth_tot_plus_friction_thdot_formula,,,,,,,,,,,,,,,0.005140484747206781,0,781,0.0,0.0,,,,,,,,,,,,,,,,,,,,,,,,,,,,,,,,,,,,,,,,,,,,,,,,,,,,,,,,,,,,,,,,,,,,,,,,,,nan,,,,,,,,,,,,,,,
139,2361.41845703125,0.023590581491589546,2.3590581491589546,1024.8675491809845,10000,ppo,ppo,crawler,flat,action_dth_tot_plus_friction_thdot_formula,,,,,,,,,,,,,,,0.004645130576410244,0,781,0.0,0.0,,,,,,,,,,,,,,,,,,,,,,,,,,,,,,,,,,,,,,,,,,,,,,,,,,,,,,,,,,,,,,,,,,,,,,,,,,nan,,,,,,,,,,,,,,,
140,2440.442626953125,0.02438010275363922,2.438010275363922,1032.2716567516327,10000,ppo,ppo,crawler,flat,action_dth_tot_plus_friction_thdot_formula,,,,,,,,,,,,,,,0.0051685467876062255,0,781,0.0,0.0,,,,,,,,,,,,,,,,,,,,,,,,,,,,,,,,,,,,,,,,,,,,,,,,,,,,,,,,,,,,,,,,,,,,,,,,,,nan,,,,,,,,,,,,,,,
141,2419.267333984375,0.02416682429611683,2.416682429611683,1039.6476545333862,10000,ppo,ppo,crawler,flat,action_dth_tot_plus_friction_thdot_formula,,,,,,,,,,,,,,,0.004858190427124667,0,781,0.0,0.0,,,,,,,,,,,,,,,,,,,,,,,,,,,,,,,,,,,,,,,,,,,,,,,,,,,,,,,,,,,,,,,,,,,,,,,,,,nan,,,,,,,,,,,,,,,
142,2449.8359375,0.02447684481739998,2.447684481739998,1047.1720058918,10000,ppo,ppo,crawler,flat,action_dth_tot_plus_friction_thdot_formula,,,,,,,,,,,,,,,0.005064724241493678,0,781,0.0,0.0,,,,,,,,,,,,,,,,,,,,,,,,,,,,,,,,,,,,,,,,,,,,,,,,,,,,,,,,,,,,,,,,,,,,,,,,,,nan,,,,,,,,,,,,,,,
143,2482.906005859375,0.024802664294838905,2.4802664294838905,1054.6328344345093,10000,ppo,ppo,crawler,flat,action_dth_tot_plus_friction_thdot_formula,,,,,,,,,,,,,,,0.00414090753517593,0,781,0.0,0.0,,,,,,,,,,,,,,,,,,,,,,,,,,,,,,,,,,,,,,,,,,,,,,,,,,,,,,,,,,,,,,,,,,,,,,,,,,nan,,,,,,,,,,,,,,,
144,2360.72509765625,0.023578686639666557,2.3578686639666557,1061.8353159427643,10000,ppo,ppo,crawler,flat,action_dth_tot_plus_friction_thdot_formula,,,,,,,,,,,,,,,0.005111310021831354,0,781,0.0,0.0,,,,,,,,,,,,,,,,,,,,,,,,,,,,,,,,,,,,,,,,,,,,,,,,,,,,,,,,,,,,,,,,,,,,,,,,,,nan,,,,,,,,,,,,,,,
145,2427.194091796875,0.024247262626886368,2.424726262688637,1069.1780378818512,10000,ppo,ppo,crawler,flat,action_dth_tot_plus_friction_thdot_formula,,,,,,,,,,,,,,,0.005058257294159619,0,781,0.0,0.0,,,,,,,,,,,,,,,,,,,,,,,,,,,,,,,,,,,,,,,,,,,,,,,,,,,,,,,,,,,,,,,,,,,,,,,,,,nan,,,,,,,,,,,,,,,
146,2439.896484375,0.024370508268475533,2.4370508268475533,1076.8150260448456,10000,ppo,ppo,crawler,flat,action_dth_tot_plus_friction_thdot_formula,,,,,,,,,,,,,,,0.004415138989244856,0,781,0.0,0.0,,,,,,,,,,,,,,,,,,,,,,,,,,,,,,,,,,,,,,,,,,,,,,,,,,,,,,,,,,,,,,,,,,,,,,,,,,nan,,,,,,,,,,,,,,,
147,2428.08056640625,0.02425386570394039,2.425386570394039,1084.3914532661438,10000,ppo,ppo,crawler,flat,action_dth_tot_plus_friction_thdot_formula,,,,,,,,,,,,,,,0.005156065112243081,0,781,0.0,0.0,,,,,,,,,,,,,,,,,,,,,,,,,,,,,,,,,,,,,,,,,,,,,,,,,,,,,,,,,,,,,,,,,,,,,,,,,,nan,,,,,,,,,,,,,,,
148,2331.17529296875,0.023288190364837646,2.3288190364837646,1091.850552558899,10000,ppo,ppo,crawler,flat,action_dth_tot_plus_friction_thdot_formula,,,,,,,,,,,,,,,0.005282802366122136,0,781,0.0,0.0,,,,,,,,,,,,,,,,,,,,,,,,,,,,,,,,,,,,,,,,,,,,,,,,,,,,,,,,,,,,,,,,,,,,,,,,,,nan,,,,,,,,,,,,,,,
149,2385.729736328125,0.02383038029074669,2.383038029074669,1099.1748158931732,10000,ppo,ppo,crawler,flat,action_dth_tot_plus_friction_thdot_formula,,,,,,,,,,,,,,,0.005368986899491099,0,781,0.0,0.0,,,,,,,,,,,,,,,,,,,,,,,,,,,,,,,,,,,,,,,,,,,,,,,,,,,,,,,,,,,,,,,,,,,,,,,,,,nan,,,,,,,,,,,,,,,
150,2356.6171875,0.02353898622095585,2.353898622095585,1106.8129348754883,10000,ppo,ppo,crawler,flat,action_dth_tot_plus_friction_thdot_formula,,,,,,,,,,,,,,,0.005445571811485168,0,781,0.0,0.0,,,,,,,,,,,,,,,,,,,,,,,,,,,,,,,,,,,,,,,,,,,,,,,,,,,,,,,,,,,,,,,,,,,,,,,,,,nan,,,,,,,,,,,,,,,
151,2328.340087890625,0.02325526997447014,2.325526997447014,1113.981811285019,10000,ppo,ppo,crawler,flat,action_dth_tot_plus_friction_thdot_formula,,,,,,,,,,,,,,,0.005255212175766264,0,781,0.0,0.0,,,,,,,,,,,,,,,,,,,,,,,,,,,,,,,,,,,,,,,,,,,,,,,,,,,,,,,,,,,,,,,,,,,,,,,,,,nan,,,,,,,,,,,,,,,
152,2429.20166015625,0.02426452934741974,2.426452934741974,1121.2708761692047,10000,ppo,ppo,crawler,flat,action_dth_tot_plus_friction_thdot_formula,,,,,,,,,,,,,,,0.005852484707379232,0,781,0.0,0.0,,,,,,,,,,,,,,,,,,,,,,,,,,,,,,,,,,,,,,,,,,,,,,,,,,,,,,,,,,,,,,,,,,,,,,,,,,nan,,,,,,,,,,,,,,,
153,2494.88720703125,0.02492574229836464,2.492574229836464,1128.679295539856,10000,ppo,ppo,crawler,flat,action_dth_tot_plus_friction_thdot_formula,,,,,,,,,,,,,,,0.004481324831850495,0,781,0.0,0.0,,,,,,,,,,,,,,,,,,,,,,,,,,,,,,,,,,,,,,,,,,,,,,,,,,,,,,,,,,,,,,,,,,,,,,,,,,nan,,,,,,,,,,,,,,,
154,2483.426513671875,0.02480466477572918,2.480466477572918,1136.2504391670227,10000,ppo,ppo,crawler,flat,action_dth_tot_plus_friction_thdot_formula,,,,,,,,,,,,,,,0.004610364376509171,0,781,0.0,0.0,,,,,,,,,,,,,,,,,,,,,,,,,,,,,,,,,,,,,,,,,,,,,,,,,,,,,,,,,,,,,,,,,,,,,,,,,,nan,,,,,,,,,,,,,,,
155,2565.604248046875,0.02563069388270378,2.563069388270378,1143.634764432907,10000,ppo,ppo,crawler,flat,action_dth_tot_plus_friction_thdot_formula,,,,,,,,,,,,,,,0.004545572336727965,0,781,0.0,0.0,,,,,,,,,,,,,,,,,,,,,,,,,,,,,,,,,,,,,,,,,,,,,,,,,,,,,,,,,,,,,,,,,,,,,,,,,,nan,,,,,,,,,,,,,,,
156,2500.746826171875,0.0249779112637043,2.49779112637043,1151.039167881012,10000,ppo,ppo,crawler,flat,action_dth_tot_plus_friction_thdot_formula,,,,,,,,,,,,,,,0.004606821752359337,0,781,0.0,0.0,,,,,,,,,,,,,,,,,,,,,,,,,,,,,,,,,,,,,,,,,,,,,,,,,,,,,,,,,,,,,,,,,,,,,,,,,,nan,,,,,,,,,,,,,,,
157,2420.482421875,0.024180050939321518,2.418005093932152,1158.38081741333,10000,ppo,ppo,crawler,flat,action_dth_tot_plus_friction_thdot_formula,,,,,,,,,,,,,,,0.004285540315695226,0,781,0.0,0.0,,,,,,,,,,,,,,,,,,,,,,,,,,,,,,,,,,,,,,,,,,,,,,,,,,,,,,,,,,,,,,,,,,,,,,,,,,nan,,,,,,,,,,,,,,,
158,2528.706298828125,0.02526336908340454,2.526336908340454,1165.778819322586,10000,ppo,ppo,crawler,flat,action_dth_tot_plus_friction_thdot_formula,,,,,,,,,,,,,,,0.004967048683140555,0,781,0.0,0.0,,,,,,,,,,,,,,,,,,,,,,,,,,,,,,,,,,,,,,,,,,,,,,,,,,,,,,,,,,,,,,,,,,,,,,,,,,nan,,,,,,,,,,,,,,,
159,2390.623046875,0.023879727348685265,2.3879727348685265,1173.2725729942322,10000,ppo,ppo,crawler,flat,action_dth_tot_plus_friction_thdot_formula,,,,,,,,,,,,,,,0.004820844331886214,0,781,0.0,0.0,,,,,,,,,,,,,,,,,,,,,,,,,,,,,,,,,,,,,,,,,,,,,,,,,,,,,,,,,,,,,,,,,,,,,,,,,,nan,,,,,,,,,,,,,,,
160,2552.218505859375,0.025493454188108444,2.5493454188108444,1180.5849628448486,10000,ppo,ppo,crawler,flat,action_dth_tot_plus_friction_thdot_formula,,,,,,,,,,,,,,,0.004733744321879007,0,781,0.0,0.0,,,,,,,,,,,,,,,,,,,,,,,,,,,,,,,,,,,,,,,,,,,,,,,,,,,,,,,,,,,,,,,,,,,,,,,,,,nan,,,,,,,,,,,,,,,
161,2525.34619140625,0.0252261720597744,2.52261720597744,1188.0033209323883,10000,ppo,ppo,crawler,flat,action_dth_tot_plus_friction_thdot_formula,,,,,,,,,,,,,,,0.004491897979782532,0,781,0.0,0.0,,,,,,,,,,,,,,,,,,,,,,,,,,,,,,,,,,,,,,,,,,,,,,,,,,,,,,,,,,,,,,,,,,,,,,,,,,nan,,,,,,,,,,,,,,,
162,2562.233642578125,0.025595009326934814,2.5595009326934814,1195.5337817668915,10000,ppo,ppo,crawler,flat,action_dth_tot_plus_friction_thdot_formula,,,,,,,,,,,,,,,0.004361986886711717,0,781,0.0,0.0,,,,,,,,,,,,,,,,,,,,,,,,,,,,,,,,,,,,,,,,,,,,,,,,,,,,,,,,,,,,,,,,,,,,,,,,,,nan,,,,,,,,,,,,,,,
163,2533.292724609375,0.025303464382886887,2.5303464382886887,1203.1570317745209,10000,ppo,ppo,crawler,flat,action_dth_tot_plus_friction_thdot_formula,,,,,,,,,,,,,,,0.0049038785793723135,0,781,0.0,0.0,,,,,,,,,,,,,,,,,,,,,,,,,,,,,,,,,,,,,,,,,,,,,,,,,,,,,,,,,,,,,,,,,,,,,,,,,,nan,,,,,,,,,,,,,,,
164,2619.536865234375,0.02616441808640957,2.616441808640957,1210.6776142120361,10000,ppo,ppo,crawler,flat,action_dth_tot_plus_friction_thdot_formula,,,,,,,,,,,,,,,0.004663413564655775,0,781,0.0,0.0,,,,,,,,,,,,,,,,,,,,,,,,,,,,,,,,,,,,,,,,,,,,,,,,,,,,,,,,,,,,,,,,,,,,,,,,,,nan,,,,,,,,,,,,,,,
165,2535.050537109375,0.025325246155261993,2.5325246155261993,1218.1286914348602,10000,ppo,ppo,crawler,flat,action_dth_tot_plus_friction_thdot_formula,,,,,,,,,,,,,,,0.004641603823984042,0,781,0.0,0.0,,,,,,,,,,,,,,,,,,,,,,,,,,,,,,,,,,,,,,,,,,,,,,,,,,,,,,,,,,,,,,,,,,,,,,,,,,nan,,,,,,,,,,,,,,,
166,2429.17041015625,0.024260912090539932,2.4260912090539932,1225.6195781230927,10000,ppo,ppo,crawler,flat,action_dth_tot_plus_friction_thdot_formula,,,,,,,,,,,,,,,0.0050399506051110035,0,781,0.0,0.0,,,,,,,,,,,,,,,,,,,,,,,,,,,,,,,,,,,,,,,,,,,,,,,,,,,,,,,,,,,,,,,,,,,,,,,,,,nan,,,,,,,,,,,,,,,
167,2566.322265625,0.025637323036789894,2.5637323036789894,1232.87105178833,10000,ppo,ppo,crawler,flat,action_dth_tot_plus_friction_thdot_formula,,,,,,,,,,,,,,,0.004893212318523261,0,781,0.0,0.0,,,,,,,,,,,,,,,,,,,,,,,,,,,,,,,,,,,,,,,,,,,,,,,,,,,,,,,,,,,,,,,,,,,,,,,,,,nan,,,,,,,,,,,,,,,
168,2455.988525390625,0.024539049714803696,2.4539049714803696,1240.2285418510437,10000,ppo,ppo,crawler,flat,action_dth_tot_plus_friction_thdot_formula,,,,,,,,,,,,,,,0.004114911693643788,0,781,0.0,0.0,,,,,,,,,,,,,,,,,,,,,,,,,,,,,,,,,,,,,,,,,,,,,,,,,,,,,,,,,,,,,,,,,,,,,,,,,,nan,,,,,,,,,,,,,,,
169,2516.18359375,0.025136731564998627,2.5136731564998627,1247.5993790626526,10000,ppo,ppo,crawler,flat,action_dth_tot_plus_friction_thdot_formula,,,,,,,,,,,,,,,0.004654400761094047,0,781,0.0,0.0,,,,,,,,,,,,,,,,,,,,,,,,,,,,,,,,,,,,,,,,,,,,,,,,,,,,,,,,,,,,,,,,,,,,,,,,,,nan,,,,,,,,,,,,,,,
170,2572.424560546875,0.025695042684674263,2.5695042684674263,1254.8309507369995,10000,ppo,ppo,crawler,flat,action_dth_tot_plus_friction_thdot_formula,,,,,,,,,,,,,,,0.003829936567530282,0,781,0.0,0.0,,,,,,,,,,,,,,,,,,,,,,,,,,,,,,,,,,,,,,,,,,,,,,,,,,,,,,,,,,,,,,,,,,,,,,,,,,nan,,,,,,,,,,,,,,,
171,2509.02978515625,0.025064729154109955,2.5064729154109955,1262.20960855484,10000,ppo,ppo,crawler,flat,action_dth_tot_plus_friction_thdot_formula,,,,,,,,,,,,,,,0.004380019983543839,0,781,0.0,0.0,,,,,,,,,,,,,,,,,,,,,,,,,,,,,,,,,,,,,,,,,,,,,,,,,,,,,,,,,,,,,,,,,,,,,,,,,,nan,,,,,,,,,,,,,,,
172,2638.010498046875,0.026351165026426315,2.6351165026426315,1269.7146153450012,10000,ppo,ppo,crawler,flat,action_dth_tot_plus_friction_thdot_formula,,,,,,,,,,,,,,,0.004057370029731502,0,781,0.0,0.0,,,,,,,,,,,,,,,,,,,,,,,,,,,,,,,,,,,,,,,,,,,,,,,,,,,,,,,,,,,,,,,,,,,,,,,,,,nan,,,,,,,,,,,,,,,
173,2535.596923828125,0.025329668074846268,2.5329668074846268,1277.1402807235718,10000,ppo,ppo,crawler,flat,action_dth_tot_plus_friction_thdot_formula,,,,,,,,,,,,,,,0.004341083169597584,0,781,0.0,0.0,,,,,,,,,,,,,,,,,,,,,,,,,,,,,,,,,,,,,,,,,,,,,,,,,,,,,,,,,,,,,,,,,,,,,,,,,,nan,,,,,,,,,,,,,,,
174,2564.4384765625,0.025616994127631187,2.5616994127631187,1284.555373430252,10000,ppo,ppo,crawler,flat,action_dth_tot_plus_friction_thdot_formula,,,,,,,,,,,,,,,0.00407505791872667,0,781,0.0,0.0,,,,,,,,,,,,,,,,,,,,,,,,,,,,,,,,,,,,,,,,,,,,,,,,,,,,,,,,,,,,,,,,,,,,,,,,,,nan,,,,,,,,,,,,,,,
175,2572.158935546875,0.0256924070417881,2.56924070417881,1292.187017440796,10000,ppo,ppo,crawler,flat,action_dth_tot_plus_friction_thdot_formula,,,,,,,,,,,,,,,0.004084991204114714,0,781,0.0,0.0,,,,,,,,,,,,,,,,,,,,,,,,,,,,,,,,,,,,,,,,,,,,,,,,,,,,,,,,,,,,,,,,,,,,,,,,,,nan,,,,,,,,,,,,,,,
176,2451.474365234375,0.024491658434271812,2.4491658434271812,1299.5982382297516,10000,ppo,ppo,crawler,flat,action_dth_tot_plus_friction_thdot_formula,,,,,,,,,,,,,,,0.004829765071386767,0,781,0.0,0.0,,,,,,,,,,,,,,,,,,,,,,,,,,,,,,,,,,,,,,,,,,,,,,,,,,,,,,,,,,,,,,,,,,,,,,,,,,nan,,,,,,,,,,,,,,,
177,2732.760498046875,0.027300087735056877,2.7300087735056877,1306.9708898067474,10000,ppo,ppo,crawler,flat,action_dth_tot_plus_friction_thdot_formula,,,,,,,,,,,,,,,0.004831176077071744,0,781,0.0,0.0,,,,,,,,,,,,,,,,,,,,,,,,,,,,,,,,,,,,,,,,,,,,,,,,,,,,,,,,,,,,,,,,,,,,,,,,,,nan,,,,,,,,,,,,,,,
178,2683.397216796875,0.026803279295563698,2.68032792955637,1314.1765131950378,10000,ppo,ppo,crawler,flat,action_dth_tot_plus_friction_thdot_formula,,,,,,,,,,,,,,,0.004377016584283378,0,781,0.0,0.0,,,,,,,,,,,,,,,,,,,,,,,,,,,,,,,,,,,,,,,,,,,,,,,,,,,,,,,,,,,,,,,,,,,,,,,,,,nan,,,,,,,,,,,,,,,
179,2565.940185546875,0.025627905502915382,2.5627905502915382,1321.758897304535,10000,ppo,ppo,crawler,flat,action_dth_tot_plus_friction_thdot_formula,,,,,,,,,,,,,,,0.005057351884241937,0,781,0.0,0.0,,,,,,,,,,,,,,,,,,,,,,,,,,,,,,,,,,,,,,,,,,,,,,,,,,,,,,,,,,,,,,,,,,,,,,,,,,nan,,,,,,,,,,,,,,,
180,2705.097412109375,0.027021098881959915,2.7021098881959915,1328.993679523468,10000,ppo,ppo,crawler,flat,action_dth_tot_plus_friction_thdot_formula,,,,,,,,,,,,,,,0.005248702964565101,0,781,0.0,0.0,,,,,,,,,,,,,,,,,,,,,,,,,,,,,,,,,,,,,,,,,,,,,,,,,,,,,,,,,,,,,,,,,,,,,,,,,,nan,,,,,,,,,,,,,,,
181,2684.96923828125,0.02682705968618393,2.682705968618393,1336.2852201461792,10000,ppo,ppo,crawler,flat,action_dth_tot_plus_friction_thdot_formula,,,,,,,,,,,,,,,0.004787241230906904,0,781,0.0,0.0,,,,,,,,,,,,,,,,,,,,,,,,,,,,,,,,,,,,,,,,,,,,,,,,,,,,,,,,,,,,,,,,,,,,,,,,,,nan,,,,,,,,,,,,,,,
182,2538.235595703125,0.02535860240459442,2.535860240459442,1343.4102911949158,10000,ppo,ppo,crawler,flat,action_dth_tot_plus_friction_thdot_formula,,,,,,,,,,,,,,,0.0044634949178768805,0,781,0.0,0.0,,,,,,,,,,,,,,,,,,,,,,,,,,,,,,,,,,,,,,,,,,,,,,,,,,,,,,,,,,,,,,,,,,,,,,,,,,nan,,,,,,,,,,,,,,,
183,2579.240966796875,0.02576146461069584,2.576146461069584,1350.8020300865173,10000,ppo,ppo,crawler,flat,action_dth_tot_plus_friction_thdot_formula,,,,,,,,,,,,,,,0.005216877991993937,0,781,0.0,0.0,,,,,,,,,,,,,,,,,,,,,,,,,,,,,,,,,,,,,,,,,,,,,,,,,,,,,,,,,,,,,,,,,,,,,,,,,,nan,,,,,,,,,,,,,,,
184,2529.129150390625,0.025262704119086266,2.5262704119086266,1357.9372444152832,10000,ppo,ppo,crawler,flat,action_dth_tot_plus_friction_thdot_formula,,,,,,,,,,,,,,,0.004889372548140006,0,781,0.0,0.0,,,,,,,,,,,,,,,,,,,,,,,,,,,,,,,,,,,,,,,,,,,,,,,,,,,,,,,,,,,,,,,,,,,,,,,,,,nan,,,,,,,,,,,,,,,
185,2774.469482421875,0.027714451774954796,2.7714451774954796,1365.2610538005829,10000,ppo,ppo,crawler,flat,action_dth_tot_plus_friction_thdot_formula,,,,,,,,,,,,,,,0.004101510895688919,0,781,0.0,0.0,,,,,,,,,,,,,,,,,,,,,,,,,,,,,,,,,,,,,,,,,,,,,,,,,,,,,,,,,,,,,,,,,,,,,,,,,,nan,,,,,,,,,,,,,,,
186,2593.3037109375,0.025903545320034027,2.5903545320034027,1372.4218926429749,10000,ppo,ppo,crawler,flat,action_dth_tot_plus_friction_thdot_formula,,,,,,,,,,,,,,,0.004665525356741687,0,781,0.0,0.0,,,,,,,,,,,,,,,,,,,,,,,,,,,,,,,,,,,,,,,,,,,,,,,,,,,,,,,,,,,,,,,,,,,,,,,,,,nan,,,,,,,,,,,,,,,
187,2755.6982421875,0.027525370940566063,2.7525370940566063,1379.9615271091461,10000,ppo,ppo,crawler,flat,action_dth_tot_plus_friction_thdot_formula,,,,,,,,,,,,,,,0.004073060279577629,0,781,0.0,0.0,,,,,,,,,,,,,,,,,,,,,,,,,,,,,,,,,,,,,,,,,,,,,,,,,,,,,,,,,,,,,,,,,,,,,,,,,,nan,,,,,,,,,,,,,,,
188,2606.035400390625,0.02602810598909855,2.602810598909855,1387.118531703949,10000,ppo,ppo,crawler,flat,action_dth_tot_plus_friction_thdot_formula,,,,,,,,,,,,,,,0.005226555019086429,0,781,0.0,0.0,,,,,,,,,,,,,,,,,,,,,,,,,,,,,,,,,,,,,,,,,,,,,,,,,,,,,,,,,,,,,,,,,,,,,,,,,,nan,,,,,,,,,,,,,,,
189,2548.90185546875,0.02545684203505516,2.545684203505516,1394.3075613975525,10000,ppo,ppo,crawler,flat,action_dth_tot_plus_friction_thdot_formula,,,,,,,,,,,,,,,0.004722836787927784,0,781,0.0,0.0,,,,,,,,,,,,,,,,,,,,,,,,,,,,,,,,,,,,,,,,,,,,,,,,,,,,,,,,,,,,,,,,,,,,,,,,,,nan,,,,,,,,,,,,,,,
190,2591.194580078125,0.025888433679938316,2.5888433679938316,1401.5157389640808,10000,ppo,ppo,crawler,flat,action_dth_tot_plus_friction_thdot_formula,,,,,,,,,,,,,,,0.0046354495554598385,0,781,0.0,0.0,,,,,,,,,,,,,,,,,,,,,,,,,,,,,,,,,,,,,,,,,,,,,,,,,,,,,,,,,,,,,,,,,,,,,,,,,,nan,,,,,,,,,,,,,,,
191,2578.066650390625,0.025752684101462364,2.5752684101462364,1408.9735159873962,10000,ppo,ppo,crawler,flat,action_dth_tot_plus_friction_thdot_formula,,,,,,,,,,,,,,,0.00438106650824655,0,781,0.0,0.0,,,,,,,,,,,,,,,,,,,,,,,,,,,,,,,,,,,,,,,,,,,,,,,,,,,,,,,,,,,,,,,,,,,,,,,,,,nan,,,,,,,,,,,,,,,
192,2706.137939453125,0.027032751590013504,2.7032751590013504,1416.1344842910767,10000,ppo,ppo,crawler,flat,action_dth_tot_plus_friction_thdot_formula,,,,,,,,,,,,,,,0.004857246573953609,0,781,0.0,0.0,,,,,,,,,,,,,,,,,,,,,,,,,,,,,,,,,,,,,,,,,,,,,,,,,,,,,,,,,,,,,,,,,,,,,,,,,,nan,,,,,,,,,,,,,,,
193,2577.489990234375,0.02574431337416172,2.574431337416172,1423.4866285324097,10000,ppo,ppo,crawler,flat,action_dth_tot_plus_friction_thdot_formula,,,,,,,,,,,,,,,0.0046222473391634026,0,781,0.0,0.0,,,,,,,,,,,,,,,,,,,,,,,,,,,,,,,,,,,,,,,,,,,,,,,,,,,,,,,,,,,,,,,,,,,,,,,,,,nan,,,,,,,,,,,,,,,
194,2641.5859375,0.026386236771941185,2.6386236771941185,1430.8891565799713,10000,ppo,ppo,crawler,flat,action_dth_tot_plus_friction_thdot_formula,,,,,,,,,,,,,,,0.005006094671964404,0,781,0.0,0.0,,,,,,,,,,,,,,,,,,,,,,,,,,,,,,,,,,,,,,,,,,,,,,,,,,,,,,,,,,,,,,,,,,,,,,,,,,nan,,,,,,,,,,,,,,,
195,2570.368896484375,0.02567894570529461,2.567894570529461,1438.0947432518005,10000,ppo,ppo,crawler,flat,action_dth_tot_plus_friction_thdot_formula,,,,,,,,,,,,,,,0.005277359679992109,0,781,0.0,0.0,,,,,,,,,,,,,,,,,,,,,,,,,,,,,,,,,,,,,,,,,,,,,,,,,,,,,,,,,,,,,,,,,,,,,,,,,,nan,,,,,,,,,,,,,,,
196,2481.595703125,0.024782193824648857,2.4782193824648857,1445.3446691036224,10000,ppo,ppo,crawler,flat,action_dth_tot_plus_friction_thdot_formula,,,,,,,,,,,,,,,0.005188614160018328,0,781,0.0,0.0,,,,,,,,,,,,,,,,,,,,,,,,,,,,,,,,,,,,,,,,,,,,,,,,,,,,,,,,,,,,,,,,,,,,,,,,,,nan,,,,,,,,,,,,,,,
197,2669.32568359375,0.026665840297937393,2.6665840297937393,1452.6249389648438,10000,ppo,ppo,crawler,flat,action_dth_tot_plus_friction_thdot_formula,,,,,,,,,,,,,,,0.004474388675021292,0,781,0.0,0.0,,,,,,,,,,,,,,,,,,,,,,,,,,,,,,,,,,,,,,,,,,,,,,,,,,,,,,,,,,,,,,,,,,,,,,,,,,nan,,,,,,,,,,,,,,,
198,2532.57568359375,0.025297967717051506,2.5297967717051506,1459.8270282745361,10000,ppo,ppo,crawler,flat,action_dth_tot_plus_friction_thdot_formula,,,,,,,,,,,,,,,0.005161793053772649,0,781,0.0,0.0,,,,,,,,,,,,,,,,,,,,,,,,,,,,,,,,,,,,,,,,,,,,,,,,,,,,,,,,,,,,,,,,,,,,,,,,,,nan,,,,,,,,,,,,,,,
199,2630.860595703125,0.026281267404556274,2.6281267404556274,1467.0330662727356,10000,ppo,ppo,crawler,flat,action_dth_tot_plus_friction_thdot_formula,,,,,,,,,,,,,,,0.004556225605679273,0,781,0.0,0.0,,,,,,,,,,,,,,,,,,,,,,,,,,,,,,,,,,,,,,,,,,,,,,,,,,,,,,,,,,,,,,,,,,,,,,,,,,nan,,,,,,,,,,,,,,,
200,2603.502685546875,0.026008430868387222,2.6008430868387222,1474.291226863861,10000,ppo,ppo,crawler,flat,action_dth_tot_plus_friction_thdot_formula,,,,,,,,,,,,,,,0.004100046996717376,0,781,0.0,0.0,,,,,,,,,,,,,,,,,,,,,,,,,,,,,,,,,,,,,,,,,,,,,,,,,,,,,,,,,,,,,,,,,,,,,,,,,,nan,,,,,,,,,,,,,,,
201,2546.889892578125,0.0254401583224535,2.54401583224535,1481.5189390182495,10000,ppo,ppo,crawler,flat,action_dth_tot_plus_friction_thdot_formula,,,,,,,,,,,,,,,0.005524983467109663,0,781,0.0,0.0,,,,,,,,,,,,,,,,,,,,,,,,,,,,,,,,,,,,,,,,,,,,,,,,,,,,,,,,,,,,,,,,,,,,,,,,,,nan,,,,,,,,,,,,,,,
202,2618.32080078125,0.026153594255447388,2.6153594255447388,1488.7964582443237,10000,ppo,ppo,crawler,flat,action_dth_tot_plus_friction_thdot_formula,,,,,,,,,,,,,,,0.004126288995317275,0,781,0.0,0.0,,,,,,,,,,,,,,,,,,,,,,,,,,,,,,,,,,,,,,,,,,,,,,,,,,,,,,,,,,,,,,,,,,,,,,,,,,nan,,,,,,,,,,,,,,,
203,2496.10205078125,0.024935096502304077,2.4935096502304077,1495.9179487228394,10000,ppo,ppo,crawler,flat,action_dth_tot_plus_friction_thdot_formula,,,,,,,,,,,,,,,0.004218782324501327,0,781,0.0,0.0,,,,,,,,,,,,,,,,,,,,,,,,,,,,,,,,,,,,,,,,,,,,,,,,,,,,,,,,,,,,,,,,,,,,,,,,,,nan,,,,,,,,,,,,,,,
204,2597.768310546875,0.025949468836188316,2.5949468836188316,1503.0944333076477,10000,ppo,ppo,crawler,flat,action_dth_tot_plus_friction_thdot_formula,,,,,,,,,,,,,,,0.004116512136198473,0,781,0.0,0.0,,,,,,,,,,,,,,,,,,,,,,,,,,,,,,,,,,,,,,,,,,,,,,,,,,,,,,,,,,,,,,,,,,,,,,,,,,nan,,,,,,,,,,,,,,,
205,2354.708251953125,0.023526303470134735,2.3526303470134735,1510.2809596061707,10000,ppo,ppo,crawler,flat,action_dth_tot_plus_friction_thdot_formula,,,,,,,,,,,,,,,0.005923062265196531,0,781,0.0,0.0,,,,,,,,,,,,,,,,,,,,,,,,,,,,,,,,,,,,,,,,,,,,,,,,,,,,,,,,,,,,,,,,,,,,,,,,,,nan,,,,,,,,,,,,,,,
206,2394.414794921875,0.023914312943816185,2.3914312943816185,1517.5176575183868,10000,ppo,ppo,crawler,flat,action_dth_tot_plus_friction_thdot_formula,,,,,,,,,,,,,,,0.004854246228061338,0,781,0.0,0.0,,,,,,,,,,,,,,,,,,,,,,,,,,,,,,,,,,,,,,,,,,,,,,,,,,,,,,,,,,,,,,,,,,,,,,,,,,nan,,,,,,,,,,,,,,,
207,2589.554443359375,0.02586904913187027,2.586904913187027,1524.6052424907684,10000,ppo,ppo,crawler,flat,action_dth_tot_plus_friction_thdot_formula,,,,,,,,,,,,,,,0.005284883253293937,0,781,0.0,0.0,,,,,,,,,,,,,,,,,,,,,,,,,,,,,,,,,,,,,,,,,,,,,,,,,,,,,,,,,,,,,,,,,,,,,,,,,,nan,,,,,,,,,,,,,,,
208,2627.23828125,0.026247771456837654,2.6247771456837654,1531.8645844459534,10000,ppo,ppo,crawler,flat,action_dth_tot_plus_friction_thdot_formula,,,,,,,,,,,,,,,0.0040048630284318385,0,781,0.0,0.0,,,,,,,,,,,,,,,,,,,,,,,,,,,,,,,,,,,,,,,,,,,,,,,,,,,,,,,,,,,,,,,,,,,,,,,,,,nan,,,,,,,,,,,,,,,
209,2374.56298828125,0.023717574775218964,2.3717574775218964,1539.096791267395,10000,ppo,ppo,crawler,flat,action_dth_tot_plus_friction_thdot_formula,,,,,,,,,,,,,,,0.005249498008099586,0,781,0.0,0.0,,,,,,,,,,,,,,,,,,,,,,,,,,,,,,,,,,,,,,,,,,,,,,,,,,,,,,,,,,,,,,,,,,,,,,,,,,nan,,,,,,,,,,,,,,,
210,2311.30712890625,0.023086100816726685,2.3086100816726685,1546.270979642868,10000,ppo,ppo,crawler,flat,action_dth_tot_plus_friction_thdot_formula,,,,,,,,,,,,,,,0.004371836914350881,0,781,0.0,0.0,,,,,,,,,,,,,,,,,,,,,,,,,,,,,,,,,,,,,,,,,,,,,,,,,,,,,,,,,,,,,,,,,,,,,,,,,,nan,,,,,,,,,,,,,,,
211,2500.456787109375,0.024981148540973663,2.4981148540973663,1553.3834309577942,10000,ppo,ppo,crawler,flat,action_dth_tot_plus_friction_thdot_formula,,,,,,,,,,,,,,,0.005084649326098503,0,781,0.0,0.0,,,,,,,,,,,,,,,,,,,,,,,,,,,,,,,,,,,,,,,,,,,,,,,,,,,,,,,,,,,,,,,,,,,,,,,,,,nan,,,,,,,,,,,,,,,
212,2402.251708984375,0.023996444419026375,2.3996444419026375,1560.587575674057,10000,ppo,ppo,crawler,flat,action_dth_tot_plus_friction_thdot_formula,,,,,,,,,,,,,,,0.004398056741608021,0,781,0.0,0.0,,,,,,,,,,,,,,,,,,,,,,,,,,,,,,,,,,,,,,,,,,,,,,,,,,,,,,,,,,,,,,,,,,,,,,,,,,nan,,,,,,,,,,,,,,,
213,2492.043701171875,0.024892371147871017,2.4892371147871017,1567.8564364910126,10000,ppo,ppo,crawler,flat,action_dth_tot_plus_friction_thdot_formula,,,,,,,,,,,,,,,0.0053950306482385925,0,781,0.0,0.0,,,,,,,,,,,,,,,,,,,,,,,,,,,,,,,,,,,,,,,,,,,,,,,,,,,,,,,,,,,,,,,,,,,,,,,,,,nan,,,,,,,,,,,,,,,
214,2465.47265625,0.024629605934023857,2.4629605934023857,1575.1590514183044,10000,ppo,ppo,crawler,flat,action_dth_tot_plus_friction_thdot_formula,,,,,,,,,,,,,,,0.00500147739863834,0,781,0.0,0.0,,,,,,,,,,,,,,,,,,,,,,,,,,,,,,,,,,,,,,,,,,,,,,,,,,,,,,,,,,,,,,,,,,,,,,,,,,nan,,,,,,,,,,,,,,,
215,2380.626708984375,0.02378520742058754,2.378520742058754,1582.264328956604,10000,ppo,ppo,crawler,flat,action_dth_tot_plus_friction_thdot_formula,,,,,,,,,,,,,,,0.004688809735139429,0,781,0.0,0.0,,,,,,,,,,,,,,,,,,,,,,,,,,,,,,,,,,,,,,,,,,,,,,,,,,,,,,,,,,,,,,,,,,,,,,,,,,nan,,,,,,,,,,,,,,,
216,2333.70068359375,0.023311089724302292,2.331108972430229,1589.5331318378448,10000,ppo,ppo,crawler,flat,action_dth_tot_plus_friction_thdot_formula,,,,,,,,,,,,,,,0.00450766234139634,0,781,0.0,0.0,,,,,,,,,,,,,,,,,,,,,,,,,,,,,,,,,,,,,,,,,,,,,,,,,,,,,,,,,,,,,,,,,,,,,,,,,,nan,,,,,,,,,,,,,,,
217,2478.78564453125,0.024765554815530777,2.4765554815530777,1596.757520198822,10000,ppo,ppo,crawler,flat,action_dth_tot_plus_friction_thdot_formula,,,,,,,,,,,,,,,0.0038001566550547733,0,781,0.0,0.0,,,,,,,,,,,,,,,,,,,,,,,,,,,,,,,,,,,,,,,,,,,,,,,,,,,,,,,,,,,,,,,,,,,,,,,,,,nan,,,,,,,,,,,,,,,
218,2372.925537109375,0.02370644174516201,2.370644174516201,1604.1016075611115,10000,ppo,ppo,crawler,flat,action_dth_tot_plus_friction_thdot_formula,,,,,,,,,,,,,,,0.0043308651629640395,0,781,0.0,0.0,,,,,,,,,,,,,,,,,,,,,,,,,,,,,,,,,,,,,,,,,,,,,,,,,,,,,,,,,,,,,,,,,,,,,,,,,,nan,,,,,,,,,,,,,,,
219,2291.087646484375,0.022885197773575783,2.2885197773575783,1611.3635790348053,10000,ppo,ppo,crawler,flat,action_dth_tot_plus_friction_thdot_formula,,,,,,,,,,,,,,,0.004883670676674005,0,781,0.0,0.0,,,,,,,,,,,,,,,,,,,,,,,,,,,,,,,,,,,,,,,,,,,,,,,,,,,,,,,,,,,,,,,,,,,,,,,,,,nan,,,,,,,,,,,,,,,
220,2417.691162109375,0.024150744080543518,2.415074408054352,1618.8648700714111,10000,ppo,ppo,crawler,flat,action_dth_tot_plus_friction_thdot_formula,,,,,,,,,,,,,,,0.004411223076906105,0,781,0.0,0.0,,,,,,,,,,,,,,,,,,,,,,,,,,,,,,,,,,,,,,,,,,,,,,,,,,,,,,,,,,,,,,,,,,,,,,,,,,nan,,,,,,,,,,,,,,,
221,2438.169921875,0.024355856701731682,2.435585670173168,1625.9708592891693,10000,ppo,ppo,crawler,flat,action_dth_tot_plus_friction_thdot_formula,,,,,,,,,,,,,,,0.004480578033523348,0,781,0.0,0.0,,,,,,,,,,,,,,,,,,,,,,,,,,,,,,,,,,,,,,,,,,,,,,,,,,,,,,,,,,,,,,,,,,,,,,,,,,nan,,,,,,,,,,,,,,,
222,2407.404052734375,0.02405267208814621,2.405267208814621,1633.1900792121887,10000,ppo,ppo,crawler,flat,action_dth_tot_plus_friction_thdot_formula,,,,,,,,,,,,,,,0.005046108804552824,0,781,0.0,0.0,,,,,,,,,,,,,,,,,,,,,,,,,,,,,,,,,,,,,,,,,,,,,,,,,,,,,,,,,,,,,,,,,,,,,,,,,,nan,,,,,,,,,,,,,,,
223,2372.744873046875,0.023705853149294853,2.3705853149294853,1640.3197977542877,10000,ppo,ppo,crawler,flat,action_dth_tot_plus_friction_thdot_formula,,,,,,,,,,,,,,,0.0044556554192161394,0,781,0.0,0.0,,,,,,,,,,,,,,,,,,,,,,,,,,,,,,,,,,,,,,,,,,,,,,,,,,,,,,,,,,,,,,,,,,,,,,,,,,nan,,,,,,,,,,,,,,,
224,2096.16357421875,0.020938992500305176,2.0938992500305176,1647.653305053711,10000,ppo,ppo,crawler,flat,action_dth_tot_plus_friction_thdot_formula,,,,,,,,,,,,,,,0.0040933104932457855,0,781,0.0,0.0,,,,,,,,,,,,,,,,,,,,,,,,,,,,,,,,,,,,,,,,,,,,,,,,,,,,,,,,,,,,,,,,,,,,,,,,,,nan,,,,,,,,,,,,,,,
225,2221.5849609375,0.022191230207681656,2.2191230207681656,1654.8506371974945,10000,ppo,ppo,crawler,flat,action_dth_tot_plus_friction_thdot_formula,,,,,,,,,,,,,,,0.004763303505575461,0,781,0.0,0.0,,,,,,,,,,,,,,,,,,,,,,,,,,,,,,,,,,,,,,,,,,,,,,,,,,,,,,,,,,,,,,,,,,,,,,,,,,nan,,,,,,,,,,,,,,,
226,2161.103759765625,0.021588830277323723,2.1588830277323723,1661.91477560997,10000,ppo,ppo,crawler,flat,action_dth_tot_plus_friction_thdot_formula,,,,,,,,,,,,,,,0.004143052013956425,0,781,0.0,0.0,,,,,,,,,,,,,,,,,,,,,,,,,,,,,,,,,,,,,,,,,,,,,,,,,,,,,,,,,,,,,,,,,,,,,,,,,,nan,,,,,,,,,,,,,,,
227,2211.52783203125,0.022093428298830986,2.2093428298830986,1669.2657203674316,10000,ppo,ppo,crawler,flat,action_dth_tot_plus_friction_thdot_formula,,,,,,,,,,,,,,,0.004183971137419538,0,781,0.0,0.0,,,,,,,,,,,,,,,,,,,,,,,,,,,,,,,,,,,,,,,,,,,,,,,,,,,,,,,,,,,,,,,,,,,,,,,,,,nan,,,,,,,,,,,,,,,
228,2201.604736328125,0.021992461755871773,2.1992461755871773,1676.4654462337494,10000,ppo,ppo,crawler,flat,action_dth_tot_plus_friction_thdot_formula,,,,,,,,,,,,,,,0.0055460010464577466,0,781,0.0,0.0,,,,,,,,,,,,,,,,,,,,,,,,,,,,,,,,,,,,,,,,,,,,,,,,,,,,,,,,,,,,,,,,,,,,,,,,,,nan,,,,,,,,,,,,,,,
229,2025.8958740234375,0.020239442586898804,2.0239442586898804,1683.8454611301422,10000,ppo,ppo,crawler,flat,action_dth_tot_plus_friction_thdot_formula,,,,,,,,,,,,,,,0.0038150383541706314,0,781,0.0,0.0,,,,,,,,,,,,,,,,,,,,,,,,,,,,,,,,,,,,,,,,,,,,,,,,,,,,,,,,,,,,,,,,,,,,,,,,,,nan,,,,,,,,,,,,,,,
230,2232.26953125,0.02229928784072399,2.229928784072399,1690.950219631195,10000,ppo,ppo,crawler,flat,action_dth_tot_plus_friction_thdot_formula,,,,,,,,,,,,,,,0.004325063083283293,0,781,0.0,0.0,,,,,,,,,,,,,,,,,,,,,,,,,,,,,,,,,,,,,,,,,,,,,,,,,,,,,,,,,,,,,,,,,,,,,,,,,,nan,,,,,,,,,,,,,,,
231,2195.935546875,0.02193504571914673,2.193504571914673,1698.2305114269257,10000,ppo,ppo,crawler,flat,action_dth_tot_plus_friction_thdot_formula,,,,,,,,,,,,,,,0.003705165467896378,0,781,0.0,0.0,,,,,,,,,,,,,,,,,,,,,,,,,,,,,,,,,,,,,,,,,,,,,,,,,,,,,,,,,,,,,,,,,,,,,,,,,,nan,,,,,,,,,,,,,,,
232,2241.500244140625,0.02238970622420311,2.238970622420311,1705.4644055366516,10000,ppo,ppo,crawler,flat,action_dth_tot_plus_friction_thdot_formula,,,,,,,,,,,,,,,0.0039710959897864915,0,781,0.0,0.0,,,,,,,,,,,,,,,,,,,,,,,,,,,,,,,,,,,,,,,,,,,,,,,,,,,,,,,,,,,,,,,,,,,,,,,,,,nan,,,,,,,,,,,,,,,
233,2093.1689453125,0.020911231637001038,2.0911231637001038,1712.6776056289673,10000,ppo,ppo,crawler,flat,action_dth_tot_plus_friction_thdot_formula,,,,,,,,,,,,,,,0.004814098676061139,0,781,0.0,0.0,,,,,,,,,,,,,,,,,,,,,,,,,,,,,,,,,,,,,,,,,,,,,,,,,,,,,,,,,,,,,,,,,,,,,,,,,,nan,,,,,,,,,,,,,,,
234,2074.879638671875,0.020726628601551056,2.0726628601551056,1719.711264848709,10000,ppo,ppo,crawler,flat,action_dth_tot_plus_friction_thdot_formula,,,,,,,,,,,,,,,0.004597383451914277,0,781,0.0,0.0,,,,,,,,,,,,,,,,,,,,,,,,,,,,,,,,,,,,,,,,,,,,,,,,,,,,,,,,,,,,,,,,,,,,,,,,,,nan,,,,,,,,,,,,,,,
235,2259.457763671875,0.022570284083485603,2.2570284083485603,1727.2061522006989,10000,ppo,ppo,crawler,flat,action_dth_tot_plus_friction_thdot_formula,,,,,,,,,,,,,,,0.003572776940510824,0,781,0.0,0.0,,,,,,,,,,,,,,,,,,,,,,,,,,,,,,,,,,,,,,,,,,,,,,,,,,,,,,,,,,,,,,,,,,,,,,,,,,nan,,,,,,,,,,,,,,,
236,2179.156005859375,0.021775351837277412,2.1775351837277412,1734.4772102832794,10000,ppo,ppo,crawler,flat,action_dth_tot_plus_friction_thdot_formula,,,,,,,,,,,,,,,0.003794723545985473,0,781,0.0,0.0,,,,,,,,,,,,,,,,,,,,,,,,,,,,,,,,,,,,,,,,,,,,,,,,,,,,,,,,,,,,,,,,,,,,,,,,,,nan,,,,,,,,,,,,,,,
237,2235.965576171875,0.022337215021252632,2.233721502125263,1741.767451286316,10000,ppo,ppo,crawler,flat,action_dth_tot_plus_friction_thdot_formula,,,,,,,,,,,,,,,0.004541600902702554,0,781,0.0,0.0,,,,,,,,,,,,,,,,,,,,,,,,,,,,,,,,,,,,,,,,,,,,,,,,,,,,,,,,,,,,,,,,,,,,,,,,,,nan,,,,,,,,,,,,,,,
238,2095.251220703125,0.020930035039782524,2.0930035039782524,1748.8410604000092,10000,ppo,ppo,crawler,flat,action_dth_tot_plus_friction_thdot_formula,,,,,,,,,,,,,,,0.004273739965549383,0,781,0.0,0.0,,,,,,,,,,,,,,,,,,,,,,,,,,,,,,,,,,,,,,,,,,,,,,,,,,,,,,,,,,,,,,,,,,,,,,,,,,nan,,,,,,,,,,,,,,,
239,2105.374267578125,0.021031802520155907,2.1031802520155907,1756.090298652649,10000,ppo,ppo,crawler,flat,action_dth_tot_plus_friction_thdot_formula,,,,,,,,,,,,,,,0.004625580389872158,0,781,0.0,0.0,,,,,,,,,,,,,,,,,,,,,,,,,,,,,,,,,,,,,,,,,,,,,,,,,,,,,,,,,,,,,,,,,,,,,,,,,,nan,,,,,,,,,,,,,,,
240,2237.509033203125,0.022351110354065895,2.2351110354065895,1763.226036787033,10000,ppo,ppo,crawler,flat,action_dth_tot_plus_friction_thdot_formula,,,,,,,,,,,,,,,0.004031717238589113,0,781,0.0,0.0,,,,,,,,,,,,,,,,,,,,,,,,,,,,,,,,,,,,,,,,,,,,,,,,,,,,,,,,,,,,,,,,,,,,,,,,,,nan,,,,,,,,,,,,,,,
241,2181.569091796875,0.02178826741874218,2.178826741874218,1770.5123252868652,10000,ppo,ppo,crawler,flat,action_dth_tot_plus_friction_thdot_formula,,,,,,,,,,,,,,,0.004438693595404121,0,781,0.0,0.0,,,,,,,,,,,,,,,,,,,,,,,,,,,,,,,,,,,,,,,,,,,,,,,,,,,,,,,,,,,,,,,,,,,,,,,,,,nan,,,,,,,,,,,,,,,
242,2065.92041015625,0.020636634901165962,2.063663490116596,1777.5362644195557,10000,ppo,ppo,crawler,flat,action_dth_tot_plus_friction_thdot_formula,,,,,,,,,,,,,,,0.005025856038169439,0,781,0.0,0.0,,,,,,,,,,,,,,,,,,,,,,,,,,,,,,,,,,,,,,,,,,,,,,,,,,,,,,,,,,,,,,,,,,,,,,,,,,nan,,,,,,,,,,,,,,,
243,2165.455078125,0.0216304212808609,2.16304212808609,1784.7924704551697,10000,ppo,ppo,crawler,flat,action_dth_tot_plus_friction_thdot_formula,,,,,,,,,,,,,,,0.004412511039496055,0,781,0.0,0.0,,,,,,,,,,,,,,,,,,,,,,,,,,,,,,,,,,,,,,,,,,,,,,,,,,,,,,,,,,,,,,,,,,,,,,,,,,nan,,,,,,,,,,,,,,,
244,2210.381591796875,0.022086428478360176,2.2086428478360176,1791.8315968513489,10000,ppo,ppo,crawler,flat,action_dth_tot_plus_friction_thdot_formula,,,,,,,,,,,,,,,0.0038886913266459244,0,781,0.0,0.0,,,,,,,,,,,,,,,,,,,,,,,,,,,,,,,,,,,,,,,,,,,,,,,,,,,,,,,,,,,,,,,,,,,,,,,,,,nan,,,,,,,,,,,,,,,
245,2263.909423828125,0.022612158209085464,2.2612158209085464,1798.8697645664215,10000,ppo,ppo,crawler,flat,action_dth_tot_plus_friction_thdot_formula,,,,,,,,,,,,,,,0.0039483737607057855,0,781,0.0,0.0,,,,,,,,,,,,,,,,,,,,,,,,,,,,,,,,,,,,,,,,,,,,,,,,,,,,,,,,,,,,,,,,,,,,,,,,,,nan,,,,,,,,,,,,,,,
246,2066.572265625,0.020645473152399063,2.0645473152399063,1805.9186358451843,10000,ppo,ppo,crawler,flat,action_dth_tot_plus_friction_thdot_formula,,,,,,,,,,,,,,,0.005541389155253486,0,781,0.0,0.0,,,,,,,,,,,,,,,,,,,,,,,,,,,,,,,,,,,,,,,,,,,,,,,,,,,,,,,,,,,,,,,,,,,,,,,,,,nan,,,,,,,,,,,,,,,
247,2222.953857421875,0.022204924374818802,2.22049243748188,1813.239006280899,10000,ppo,ppo,crawler,flat,action_dth_tot_plus_friction_thdot_formula,,,,,,,,,,,,,,,0.0037161934195982503,0,781,0.0,0.0,,,,,,,,,,,,,,,,,,,,,,,,,,,,,,,,,,,,,,,,,,,,,,,,,,,,,,,,,,,,,,,,,,,,,,,,,,nan,,,,,,,,,,,,,,,
248,2177.810546875,0.021758368238806725,2.1758368238806725,1820.2804906368256,10000,ppo,ppo,crawler,flat,action_dth_tot_plus_friction_thdot_formula,,,,,,,,,,,,,,,0.004344318308350278,0,781,0.0,0.0,,,,,,,,,,,,,,,,,,,,,,,,,,,,,,,,,,,,,,,,,,,,,,,,,,,,,,,,,,,,,,,,,,,,,,,,,,nan,,,,,,,,,,,,,,,
249,2304.74072265625,0.023024529218673706,2.3024529218673706,1827.4657337665558,10000,ppo,ppo,crawler,flat,action_dth_tot_plus_friction_thdot_formula,,,,,,,,,,,,,,,0.004399338904710095,0,781,0.0,0.0,,,,,,,,,,,,,,,,,,,,,,,,,,,,,,,,,,,,,,,,,,,,,,,,,,,,,,,,,,,,,,,,,,,,,,,,,,nan,,,,,,,,,,,,,,,
250,2083.25,0.020808950066566467,2.0808950066566467,1834.7131679058075,10000,ppo,ppo,crawler,flat,action_dth_tot_plus_friction_thdot_formula,,,,,,,,,,,,,,,0.0039121526230553524,0,781,0.0,0.0,,,,,,,,,,,,,,,,,,,,,,,,,,,,,,,,,,,,,,,,,,,,,,,,,,,,,,,,,,,,,,,,,,,,,,,,,,nan,,,,,,,,,,,,,,,
251,2052.790283203125,0.02050289325416088,2.050289325416088,1841.84788107872,10000,ppo,ppo,crawler,flat,action_dth_tot_plus_friction_thdot_formula,,,,,,,,,,,,,,,0.004346095988835195,0,781,0.0,0.0,,,,,,,,,,,,,,,,,,,,,,,,,,,,,,,,,,,,,,,,,,,,,,,,,,,,,,,,,,,,,,,,,,,,,,,,,,nan,,,,,,,,,,,,,,,
252,2007.688720703125,0.020055660977959633,2.0055660977959633,1849.0247609615326,10000,ppo,ppo,crawler,flat,action_dth_tot_plus_friction_thdot_formula,,,,,,,,,,,,,,,0.005238243859116985,0,781,0.0,0.0,,,,,,,,,,,,,,,,,,,,,,,,,,,,,,,,,,,,,,,,,,,,,,,,,,,,,,,,,,,,,,,,,,,,,,,,,,nan,,,,,,,,,,,,,,,
253,2203.680419921875,0.02201393060386181,2.201393060386181,1856.1460161209106,10000,ppo,ppo,crawler,flat,action_dth_tot_plus_friction_thdot_formula,,,,,,,,,,,,,,,0.0034125735128770025,0,781,0.0,0.0,,,,,,,,,,,,,,,,,,,,,,,,,,,,,,,,,,,,,,,,,,,,,,,,,,,,,,,,,,,,,,,,,,,,,,,,,,nan,,,,,,,,,,,,,,,
254,2268.367919921875,0.022662797942757607,2.2662797942757607,1863.61843085289,10000,ppo,ppo,crawler,flat,action_dth_tot_plus_friction_thdot_formula,,,,,,,,,,,,,,,0.003983178947255953,0,781,0.0,0.0,,,,,,,,,,,,,,,,,,,,,,,,,,,,,,,,,,,,,,,,,,,,,,,,,,,,,,,,,,,,,,,,,,,,,,,,,,nan,,,,,,,,,,,,,,,
255,2101.072021484375,0.020991729572415352,2.099172957241535,1870.7749238014221,10000,ppo,ppo,crawler,flat,action_dth_tot_plus_friction_thdot_formula,,,,,,,,,,,,,,,0.004198614300534823,0,781,0.0,0.0,,,,,,,,,,,,,,,,,,,,,,,,,,,,,,,,,,,,,,,,,,,,,,,,,,,,,,,,,,,,,,,,,,,,,,,,,,nan,,,,,,,,,,,,,,,
256,2072.566162109375,0.02070440910756588,2.070440910756588,1878.0118448734283,10000,ppo,ppo,crawler,flat,action_dth_tot_plus_friction_thdot_formula,,,,,,,,,,,,,,,0.0042397309840411165,0,781,0.0,0.0,,,,,,,,,,,,,,,,,,,,,,,,,,,,,,,,,,,,,,,,,,,,,,,,,,,,,,,,,,,,,,,,,,,,,,,,,,nan,,,,,,,,,,,,,,,
257,2177.175537109375,0.021751070395112038,2.1751070395112038,1885.1403226852417,10000,ppo,ppo,crawler,flat,action_dth_tot_plus_friction_thdot_formula,,,,,,,,,,,,,,,0.0044845728055042154,0,781,0.0,0.0,,,,,,,,,,,,,,,,,,,,,,,,,,,,,,,,,,,,,,,,,,,,,,,,,,,,,,,,,,,,,,,,,,,,,,,,,,nan,,,,,,,,,,,,,,,
258,1972.310546875,0.01970083825290203,1.970083825290203,1892.5025131702423,10000,ppo,ppo,crawler,flat,action_dth_tot_plus_friction_thdot_formula,,,,,,,,,,,,,,,0.005713270547476009,0,781,0.0,0.0,,,,,,,,,,,,,,,,,,,,,,,,,,,,,,,,,,,,,,,,,,,,,,,,,,,,,,,,,,,,,,,,,,,,,,,,,,nan,,,,,,,,,,,,,,,
259,2071.008056640625,0.020688528195023537,2.0688528195023537,1899.6991884708405,10000,ppo,ppo,crawler,flat,action_dth_tot_plus_friction_thdot_formula,,,,,,,,,,,,,,,0.0043860743921676415,0,781,0.0,0.0,,,,,,,,,,,,,,,,,,,,,,,,,,,,,,,,,,,,,,,,,,,,,,,,,,,,,,,,,,,,,,,,,,,,,,,,,,nan,,,,,,,,,,,,,,,
260,2117.842529296875,0.02115403674542904,2.115403674542904,1906.9752225875854,10000,ppo,ppo,crawler,flat,action_dth_tot_plus_friction_thdot_formula,,,,,,,,,,,,,,,0.0039263520656686,0,781,0.0,0.0,,,,,,,,,,,,,,,,,,,,,,,,,,,,,,,,,,,,,,,,,,,,,,,,,,,,,,,,,,,,,,,,,,,,,,,,,,nan,,,,,,,,,,,,,,,
261,2173.31494140625,0.021710537374019623,2.1710537374019623,1914.0687081813812,10000,ppo,ppo,crawler,flat,action_dth_tot_plus_friction_thdot_formula,,,,,,,,,,,,,,,0.0033677346534802246,0,781,0.0,0.0,,,,,,,,,,,,,,,,,,,,,,,,,,,,,,,,,,,,,,,,,,,,,,,,,,,,,,,,,,,,,,,,,,,,,,,,,,nan,,,,,,,,,,,,,,,
262,2255.161865234375,0.022532658651471138,2.253265865147114,1921.383427619934,10000,ppo,ppo,crawler,flat,action_dth_tot_plus_friction_thdot_formula,,,,,,,,,,,,,,,0.0035940049430125878,0,781,0.0,0.0,,,,,,,,,,,,,,,,,,,,,,,,,,,,,,,,,,,,,,,,,,,,,,,,,,,,,,,,,,,,,,,,,,,,,,,,,,nan,,,,,,,,,,,,,,,
263,2407.763671875,0.024053946137428284,2.4053946137428284,1928.447226524353,10000,ppo,ppo,crawler,flat,action_dth_tot_plus_friction_thdot_formula,,,,,,,,,,,,,,,0.003794892705944468,0,781,0.0,0.0,,,,,,,,,,,,,,,,,,,,,,,,,,,,,,,,,,,,,,,,,,,,,,,,,,,,,,,,,,,,,,,,,,,,,,,,,,nan,,,,,,,,,,,,,,,
264,2364.212890625,0.023615557700395584,2.3615557700395584,1935.6545321941376,10000,ppo,ppo,crawler,flat,action_dth_tot_plus_friction_thdot_formula,,,,,,,,,,,,,,,0.004773031897723935,0,781,0.0,0.0,,,,,,,,,,,,,,,,,,,,,,,,,,,,,,,,,,,,,,,,,,,,,,,,,,,,,,,,,,,,,,,,,,,,,,,,,,nan,,,,,,,,,,,,,,,
265,2475.094970703125,0.024727540090680122,2.4727540090680122,1942.9041275978088,10000,ppo,ppo,crawler,flat,action_dth_tot_plus_friction_thdot_formula,,,,,,,,,,,,,,,0.0035581202355807317,0,781,0.0,0.0,,,,,,,,,,,,,,,,,,,,,,,,,,,,,,,,,,,,,,,,,,,,,,,,,,,,,,,,,,,,,,,,,,,,,,,,,,nan,,,,,,,,,,,,,,,
266,2495.094482421875,0.024925755336880684,2.4925755336880684,1950.1815769672394,10000,ppo,ppo,crawler,flat,action_dth_tot_plus_friction_thdot_formula,,,,,,,,,,,,,,,0.003059923291837179,0,781,0.0,0.0,,,,,,,,,,,,,,,,,,,,,,,,,,,,,,,,,,,,,,,,,,,,,,,,,,,,,,,,,,,,,,,,,,,,,,,,,,nan,,,,,,,,,,,,,,,
267,2496.057373046875,0.024933986365795135,2.4933986365795135,1957.3645005226135,10000,ppo,ppo,crawler,flat,action_dth_tot_plus_friction_thdot_formula,,,,,,,,,,,,,,,0.003915015705147157,0,781,0.0,0.0,,,,,,,,,,,,,,,,,,,,,,,,,,,,,,,,,,,,,,,,,,,,,,,,,,,,,,,,,,,,,,,,,,,,,,,,,,nan,,,,,,,,,,,,,,,
268,2533.0068359375,0.02530459314584732,2.530459314584732,1964.6215867996216,10000,ppo,ppo,crawler,flat,action_dth_tot_plus_friction_thdot_formula,,,,,,,,,,,,,,,0.003375557013338661,0,781,0.0,0.0,,,,,,,,,,,,,,,,,,,,,,,,,,,,,,,,,,,,,,,,,,,,,,,,,,,,,,,,,,,,,,,,,,,,,,,,,,nan,,,,,,,,,,,,,,,
269,2465.985107421875,0.02462935820221901,2.462935820221901,1971.8176202774048,10000,ppo,ppo,crawler,flat,action_dth_tot_plus_friction_thdot_formula,,,,,,,,,,,,,,,0.004036940230598027,0,781,0.0,0.0,,,,,,,,,,,,,,,,,,,,,,,,,,,,,,,,,,,,,,,,,,,,,,,,,,,,,,,,,,,,,,,,,,,,,,,,,,nan,,,,,,,,,,,,,,,
270,2510.884765625,0.02508315071463585,2.508315071463585,1979.0142328739166,10000,ppo,ppo,crawler,flat,action_dth_tot_plus_friction_thdot_formula,,,,,,,,,,,,,,,0.003810835627383742,0,781,0.0,0.0,,,,,,,,,,,,,,,,,,,,,,,,,,,,,,,,,,,,,,,,,,,,,,,,,,,,,,,,,,,,,,,,,,,,,,,,,,nan,,,,,,,,,,,,,,,
271,2476.341552734375,0.02473878301680088,2.473878301680088,1986.1812317371368,10000,ppo,ppo,crawler,flat,action_dth_tot_plus_friction_thdot_formula,,,,,,,,,,,,,,,0.0036886559524150057,0,781,0.0,0.0,,,,,,,,,,,,,,,,,,,,,,,,,,,,,,,,,,,,,,,,,,,,,,,,,,,,,,,,,,,,,,,,,,,,,,,,,,nan,,,,,,,,,,,,,,,
272,2505.334228515625,0.025025567039847374,2.5025567039847374,1993.3722500801086,10000,ppo,ppo,crawler,flat,action_dth_tot_plus_friction_thdot_formula,,,,,,,,,,,,,,,0.0036082242174454455,0,781,0.0,0.0,,,,,,,,,,,,,,,,,,,,,,,,,,,,,,,,,,,,,,,,,,,,,,,,,,,,,,,,,,,,,,,,,,,,,,,,,,nan,,,,,,,,,,,,,,,
273,2475.693115234375,0.02473350428044796,2.473350428044796,2000.7673871517181,10000,ppo,ppo,crawler,flat,action_dth_tot_plus_friction_thdot_formula,,,,,,,,,,,,,,,0.0033145160362480397,0,781,0.0,0.0,,,,,,,,,,,,,,,,,,,,,,,,,,,,,,,,,,,,,,,,,,,,,,,,,,,,,,,,,,,,,,,,,,,,,,,,,,nan,,,,,,,,,,,,,,,
274,2564.459716796875,0.025617795065045357,2.5617795065045357,2007.8856930732727,10000,ppo,ppo,crawler,flat,action_dth_tot_plus_friction_thdot_formula,,,,,,,,,,,,,,,0.0029906180278677134,0,781,0.0,0.0,,,,,,,,,,,,,,,,,,,,,,,,,,,,,,,,,,,,,,,,,,,,,,,,,,,,,,,,,,,,,,,,,,,,,,,,,,nan,,,,,,,,,,,,,,,
275,2463.932861328125,0.024609770625829697,2.4609770625829697,2015.1241643428802,10000,ppo,ppo,crawler,flat,action_dth_tot_plus_friction_thdot_formula,,,,,,,,,,,,,,,0.0028962996178595814,0,781,0.0,0.0,,,,,,,,,,,,,,,,,,,,,,,,,,,,,,,,,,,,,,,,,,,,,,,,,,,,,,,,,,,,,,,,,,,,,,,,,,nan,,,,,,,,,,,,,,,
276,2587.151611328125,0.02584163099527359,2.584163099527359,2022.356113910675,10000,ppo,ppo,crawler,flat,action_dth_tot_plus_friction_thdot_formula,,,,,,,,,,,,,,,0.0034368469908779248,0,781,0.0,0.0,,,,,,,,,,,,,,,,,,,,,,,,,,,,,,,,,,,,,,,,,,,,,,,,,,,,,,,,,,,,,,,,,,,,,,,,,,nan,,,,,,,,,,,,,,,
277,2499.74853515625,0.02496899850666523,2.496899850666523,2029.6787440776825,10000,ppo,ppo,crawler,flat,action_dth_tot_plus_friction_thdot_formula,,,,,,,,,,,,,,,0.0034401423395307267,0,781,0.0,0.0,,,,,,,,,,,,,,,,,,,,,,,,,,,,,,,,,,,,,,,,,,,,,,,,,,,,,,,,,,,,,,,,,,,,,,,,,,nan,,,,,,,,,,,,,,,
278,2620.316162109375,0.026175450533628464,2.6175450533628464,2036.7715871334076,10000,ppo,ppo,crawler,flat,action_dth_tot_plus_friction_thdot_formula,,,,,,,,,,,,,,,0.003992615178049746,0,781,0.0,0.0,,,,,,,,,,,,,,,,,,,,,,,,,,,,,,,,,,,,,,,,,,,,,,,,,,,,,,,,,,,,,,,,,,,,,,,,,,nan,,,,,,,,,,,,,,,
279,2438.579833984375,0.024364260956645012,2.436426095664501,2044.08429646492,10000,ppo,ppo,crawler,flat,action_dth_tot_plus_friction_thdot_formula,,,,,,,,,,,,,,,0.0036955810089463847,0,781,0.0,0.0,,,,,,,,,,,,,,,,,,,,,,,,,,,,,,,,,,,,,,,,,,,,,,,,,,,,,,,,,,,,,,,,,,,,,,,,,,nan,,,,,,,,,,,,,,,
280,2670.32421875,0.026679784059524536,2.6679784059524536,2051.415566921234,10000,ppo,ppo,crawler,flat,action_dth_tot_plus_friction_thdot_formula,,,,,,,,,,,,,,,0.0027300221935315856,0,781,0.0,0.0,,,,,,,,,,,,,,,,,,,,,,,,,,,,,,,,,,,,,,,,,,,,,,,,,,,,,,,,,,,,,,,,,,,,,,,,,,nan,,,,,,,,,,,,,,,
281,2666.308349609375,0.02663971483707428,2.663971483707428,2058.631515979767,10000,ppo,ppo,crawler,flat,action_dth_tot_plus_friction_thdot_formula,,,,,,,,,,,,,,,0.0038166687376355985,0,781,0.0,0.0,,,,,,,,,,,,,,,,,,,,,,,,,,,,,,,,,,,,,,,,,,,,,,,,,,,,,,,,,,,,,,,,,,,,,,,,,,nan,,,,,,,,,,,,,,,
282,2627.927490234375,0.026249229907989502,2.62492299079895,2065.818580389023,10000,ppo,ppo,crawler,flat,action_dth_tot_plus_friction_thdot_formula,,,,,,,,,,,,,,,0.0040055633596429024,0,781,0.0,0.0,,,,,,,,,,,,,,,,,,,,,,,,,,,,,,,,,,,,,,,,,,,,,,,,,,,,,,,,,,,,,,,,,,,,,,,,,,nan,,,,,,,,,,,,,,,
283,2554.99609375,0.02552776038646698,2.552776038646698,2073.0833036899567,10000,ppo,ppo,crawler,flat,action_dth_tot_plus_friction_thdot_formula,,,,,,,,,,,,,,,0.003935274912346102,0,781,0.0,0.0,,,,,,,,,,,,,,,,,,,,,,,,,,,,,,,,,,,,,,,,,,,,,,,,,,,,,,,,,,,,,,,,,,,,,,,,,,nan,,,,,,,,,,,,,,,
284,2541.5,0.02538776397705078,2.538776397705078,2080.385273218155,10000,ppo,ppo,crawler,flat,action_dth_tot_plus_friction_thdot_formula,,,,,,,,,,,,,,,0.0032801372770466884,0,781,0.0,0.0,,,,,,,,,,,,,,,,,,,,,,,,,,,,,,,,,,,,,,,,,,,,,,,,,,,,,,,,,,,,,,,,,,,,,,,,,,nan,,,,,,,,,,,,,,,
285,2549.422607421875,0.02546529471874237,2.546529471874237,2087.6625287532806,10000,ppo,ppo,crawler,flat,action_dth_tot_plus_friction_thdot_formula,,,,,,,,,,,,,,,0.004425579650764605,0,781,0.0,0.0,,,,,,,,,,,,,,,,,,,,,,,,,,,,,,,,,,,,,,,,,,,,,,,,,,,,,,,,,,,,,,,,,,,,,,,,,,nan,,,,,,,,,,,,,,,
286,2630.496826171875,0.026279253885149956,2.6279253885149956,2094.843100786209,10000,ppo,ppo,crawler,flat,action_dth_tot_plus_friction_thdot_formula,,,,,,,,,,,,,,,0.004482156330038091,0,781,0.0,0.0,,,,,,,,,,,,,,,,,,,,,,,,,,,,,,,,,,,,,,,,,,,,,,,,,,,,,,,,,,,,,,,,,,,,,,,,,,nan,,,,,,,,,,,,,,,
287,2657.589599609375,0.026544639840722084,2.6544639840722084,2102.028262615204,10000,ppo,ppo,crawler,flat,action_dth_tot_plus_friction_thdot_formula,,,,,,,,,,,,,,,0.003834811421792427,0,781,0.0,0.0,,,,,,,,,,,,,,,,,,,,,,,,,,,,,,,,,,,,,,,,,,,,,,,,,,,,,,,,,,,,,,,,,,,,,,,,,,nan,,,,,,,,,,,,,,,
288,2627.0185546875,0.026245256885886192,2.6245256885886192,2109.347270965576,10000,ppo,ppo,crawler,flat,action_dth_tot_plus_friction_thdot_formula,,,,,,,,,,,,,,,0.00462100561995151,0,781,0.0,0.0,,,,,,,,,,,,,,,,,,,,,,,,,,,,,,,,,,,,,,,,,,,,,,,,,,,,,,,,,,,,,,,,,,,,,,,,,,nan,,,,,,,,,,,,,,,
289,2645.336669921875,0.026422442868351936,2.6422442868351936,2116.5156252384186,10000,ppo,ppo,crawler,flat,action_dth_tot_plus_friction_thdot_formula,,,,,,,,,,,,,,,0.003857120458798652,0,781,0.0,0.0,,,,,,,,,,,,,,,,,,,,,,,,,,,,,,,,,,,,,,,,,,,,,,,,,,,,,,,,,,,,,,,,,,,,,,,,,,nan,,,,,,,,,,,,,,,
290,2731.755859375,0.027289001271128654,2.7289001271128654,2123.6680538654327,10000,ppo,ppo,crawler,flat,action_dth_tot_plus_friction_thdot_formula,,,,,,,,,,,,,,,0.003698219830112439,0,781,0.0,0.0,,,,,,,,,,,,,,,,,,,,,,,,,,,,,,,,,,,,,,,,,,,,,,,,,,,,,,,,,,,,,,,,,,,,,,,,,,nan,,,,,,,,,,,,,,,
291,2641.149658203125,0.026384936645627022,2.638493664562702,2131.0242681503296,10000,ppo,ppo,crawler,flat,action_dth_tot_plus_friction_thdot_formula,,,,,,,,,,,,,,,0.003833558751863729,0,781,0.0,0.0,,,,,,,,,,,,,,,,,,,,,,,,,,,,,,,,,,,,,,,,,,,,,,,,,,,,,,,,,,,,,,,,,,,,,,,,,,nan,,,,,,,,,,,,,,,
292,2629.623779296875,0.026266520842909813,2.6266520842909813,2138.075042963028,10000,ppo,ppo,crawler,flat,action_dth_tot_plus_friction_thdot_formula,,,,,,,,,,,,,,,0.0038595430285919686,0,781,0.0,0.0,,,,,,,,,,,,,,,,,,,,,,,,,,,,,,,,,,,,,,,,,,,,,,,,,,,,,,,,,,,,,,,,,,,,,,,,,,nan,,,,,,,,,,,,,,,
293,2564.769287109375,0.02561788260936737,2.561788260936737,2145.400391101837,10000,ppo,ppo,crawler,flat,action_dth_tot_plus_friction_thdot_formula,,,,,,,,,,,,,,,0.003962966094968695,0,781,0.0,0.0,,,,,,,,,,,,,,,,,,,,,,,,,,,,,,,,,,,,,,,,,,,,,,,,,,,,,,,,,,,,,,,,,,,,,,,,,,nan,,,,,,,,,,,,,,,
294,2642.04296875,0.026393810287117958,2.639381028711796,2152.5344183444977,10000,ppo,ppo,crawler,flat,action_dth_tot_plus_friction_thdot_formula,,,,,,,,,,,,,,,0.003785768788578895,0,781,0.0,0.0,,,,,,,,,,,,,,,,,,,,,,,,,,,,,,,,,,,,,,,,,,,,,,,,,,,,,,,,,,,,,,,,,,,,,,,,,,nan,,,,,,,,,,,,,,,
295,2647.4755859375,0.026443669572472572,2.6443669572472572,2159.9206035137177,10000,ppo,ppo,crawler,flat,action_dth_tot_plus_friction_thdot_formula,,,,,,,,,,,,,,,0.0039027586992440694,0,781,0.0,0.0,,,,,,,,,,,,,,,,,,,,,,,,,,,,,,,,,,,,,,,,,,,,,,,,,,,,,,,,,,,,,,,,,,,,,,,,,,nan,,,,,,,,,,,,,,,
296,2588.884521484375,0.025858666747808456,2.5858666747808456,2166.9543368816376,10000,ppo,ppo,crawler,flat,action_dth_tot_plus_friction_thdot_formula,,,,,,,,,,,,,,,0.004597766753907701,0,781,0.0,0.0,,,,,,,,,,,,,,,,,,,,,,,,,,,,,,,,,,,,,,,,,,,,,,,,,,,,,,,,,,,,,,,,,,,,,,,,,,nan,,,,,,,,,,,,,,,
297,2594.158935546875,0.02591213397681713,2.591213397681713,2174.4187285900116,10000,ppo,ppo,crawler,flat,action_dth_tot_plus_friction_thdot_formula,,,,,,,,,,,,,,,0.00438412483142857,0,781,0.0,0.0,,,,,,,,,,,,,,,,,,,,,,,,,,,,,,,,,,,,,,,,,,,,,,,,,,,,,,,,,,,,,,,,,,,,,,,,,,nan,,,,,,,,,,,,,,,
298,2730.137451171875,0.027272969484329224,2.7272969484329224,2181.636043071747,10000,ppo,ppo,crawler,flat,action_dth_tot_plus_friction_thdot_formula,,,,,,,,,,,,,,,0.0033570345617945827,0,781,0.0,0.0,,,,,,,,,,,,,,,,,,,,,,,,,,,,,,,,,,,,,,,,,,,,,,,,,,,,,,,,,,,,,,,,,,,,,,,,,,nan,,,,,,,,,,,,,,,
299,2647.73095703125,0.026456991210579872,2.645699121057987,2189.099709033966,10000,ppo,ppo,crawler,flat,action_dth_tot_plus_friction_thdot_formula,,,,,,,,,,,,,,,0.004038901468941634,0,781,0.0,0.0,,,,,,,,,,,,,,,,,,,,,,,,,,,,,,,,,,,,,,,,,,,,,,,,,,,,,,,,,,,,,,,,,,,,,,,,,,nan,,,,,,,,,,,,,,,
300,2728.762451171875,0.02726004645228386,2.726004645228386,2196.174980401993,10000,ppo,ppo,crawler,flat,action_dth_tot_plus_friction_thdot_formula,,,,,,,,,,,,,,,0.00378141486914423,0,781,0.0,0.0,,,,,,,,,,,,,,,,,,,,,,,,,,,,,,,,,,,,,,,,,,,,,,,,,,,,,,,,,,,,,,,,,,,,,,,,,,nan,,,,,,,,,,,,,,,
301,2865.177978515625,0.02862098254263401,2.862098254263401,2203.3931081295013,10000,ppo,ppo,crawler,flat,action_dth_tot_plus_friction_thdot_formula,,,,,,,,,,,,,,,0.0037650084708818494,0,781,0.0,0.0,,,,,,,,,,,,,,,,,,,,,,,,,,,,,,,,,,,,,,,,,,,,,,,,,,,,,,,,,,,,,,,,,,,,,,,,,,nan,,,,,,,,,,,,,,,
302,2632.977294921875,0.026303844526410103,2.6303844526410103,2210.629010438919,10000,ppo,ppo,crawler,flat,action_dth_tot_plus_friction_thdot_formula,,,,,,,,,,,,,,,0.003916060988223073,0,781,0.0,0.0,,,,,,,,,,,,,,,,,,,,,,,,,,,,,,,,,,,,,,,,,,,,,,,,,,,,,,,,,,,,,,,,,,,,,,,,,,nan,,,,,,,,,,,,,,,
303,2766.953125,0.02764027565717697,2.764027565717697,2217.915474653244,10000,ppo,ppo,crawler,flat,action_dth_tot_plus_friction_thdot_formula,,,,,,,,,,,,,,,0.0039034100989414626,0,781,0.0,0.0,,,,,,,,,,,,,,,,,,,,,,,,,,,,,,,,,,,,,,,,,,,,,,,,,,,,,,,,,,,,,,,,,,,,,,,,,,nan,,,,,,,,,,,,,,,
304,2557.724853515625,0.02554689720273018,2.554689720273018,2226.090777873993,10000,ppo,ppo,crawler,flat,action_dth_tot_plus_friction_thdot_formula,,,,,,,,,,,,,,,0.004802308474730273,0,781,0.0,0.0,,,,,,,,,,,,,,,,,,,,,,,,,,,,,,,,,,,,,,,,,,,,,,,,,,,,,,,,,,,,,,,,,,,,,,,,,,nan,,,,,,,,,,,,,,,
305,2687.490966796875,0.026845846325159073,2.6845846325159073,2233.3949675559998,10000,ppo,ppo,crawler,flat,action_dth_tot_plus_friction_thdot_formula,,,,,,,,,,,,,,,0.004008038304369031,0,781,0.0,0.0,,,,,,,,,,,,,,,,,,,,,,,,,,,,,,,,,,,,,,,,,,,,,,,,,,,,,,,,,,,,,,,,,,,,,,,,,,nan,,,,,,,,,,,,,,,
306,2724.13330078125,0.02721606381237507,2.721606381237507,2240.831951379776,10000,ppo,ppo,crawler,flat,action_dth_tot_plus_friction_thdot_formula,,,,,,,,,,,,,,,0.0040659815698019,0,781,0.0,0.0,,,,,,,,,,,,,,,,,,,,,,,,,,,,,,,,,,,,,,,,,,,,,,,,,,,,,,,,,,,,,,,,,,,,,,,,,,nan,,,,,,,,,,,,,,,
307,2732.10595703125,0.02729441411793232,2.729441411793232,2247.9265489578247,10000,ppo,ppo,crawler,flat,action_dth_tot_plus_friction_thdot_formula,,,,,,,,,,,,,,,0.004034577475958498,0,781,0.0,0.0,,,,,,,,,,,,,,,,,,,,,,,,,,,,,,,,,,,,,,,,,,,,,,,,,,,,,,,,,,,,,,,,,,,,,,,,,,nan,,,,,,,,,,,,,,,
308,2828.212158203125,0.02825704962015152,2.825704962015152,2255.2717163562775,10000,ppo,ppo,crawler,flat,action_dth_tot_plus_friction_thdot_formula,,,,,,,,,,,,,,,0.003906332263113363,0,781,0.0,0.0,,,,,,,,,,,,,,,,,,,,,,,,,,,,,,,,,,,,,,,,,,,,,,,,,,,,,,,,,,,,,,,,,,,,,,,,,,nan,,,,,,,,,,,,,,,
309,2832.576171875,0.02829783223569393,2.829783223569393,2262.5448608398438,10000,ppo,ppo,crawler,flat,action_dth_tot_plus_friction_thdot_formula,,,,,,,,,,,,,,,0.004176558270095281,0,781,0.0,0.0,,,,,,,,,,,,,,,,,,,,,,,,,,,,,,,,,,,,,,,,,,,,,,,,,,,,,,,,,,,,,,,,,,,,,,,,,,nan,,,,,,,,,,,,,,,
310,2805.39892578125,0.028025247156620026,2.8025247156620026,2270.042694568634,10000,ppo,ppo,crawler,flat,action_dth_tot_plus_friction_thdot_formula,,,,,,,,,,,,,,,0.004311827012338043,0,781,0.0,0.0,,,,,,,,,,,,,,,,,,,,,,,,,,,,,,,,,,,,,,,,,,,,,,,,,,,,,,,,,,,,,,,,,,,,,,,,,,nan,,,,,,,,,,,,,,,
311,2690.102294921875,0.026871370151638985,2.6871370151638985,2277.4187388420105,10000,ppo,ppo,crawler,flat,action_dth_tot_plus_friction_thdot_formula,,,,,,,,,,,,,,,0.0037024242705596963,0,781,0.0,0.0,,,,,,,,,,,,,,,,,,,,,,,,,,,,,,,,,,,,,,,,,,,,,,,,,,,,,,,,,,,,,,,,,,,,,,,,,,nan,,,,,,,,,,,,,,,
312,2648.136474609375,0.026455895975232124,2.6455895975232124,2284.5607516765594,10000,ppo,ppo,crawler,flat,action_dth_tot_plus_friction_thdot_formula,,,,,,,,,,,,,,,0.0039009428589047907,0,781,0.0,0.0,,,,,,,,,,,,,,,,,,,,,,,,,,,,,,,,,,,,,,,,,,,,,,,,,,,,,,,,,,,,,,,,,,,,,,,,,,nan,,,,,,,,,,,,,,,
313,2655.583740234375,0.026529686525464058,2.652968652546406,2291.639102935791,10000,ppo,ppo,crawler,flat,action_dth_tot_plus_friction_thdot_formula,,,,,,,,,,,,,,,0.004022053218151236,0,781,0.0,0.0,,,,,,,,,,,,,,,,,,,,,,,,,,,,,,,,,,,,,,,,,,,,,,,,,,,,,,,,,,,,,,,,,,,,,,,,,,nan,,,,,,,,,,,,,,,
314,2647.031982421875,0.02644478715956211,2.644478715956211,2298.98584318161,10000,ppo,ppo,crawler,flat,action_dth_tot_plus_friction_thdot_formula,,,,,,,,,,,,,,,0.0049727269277741555,0,781,0.0,0.0,,,,,,,,,,,,,,,,,,,,,,,,,,,,,,,,,,,,,,,,,,,,,,,,,,,,,,,,,,,,,,,,,,,,,,,,,,nan,,,,,,,,,,,,,,,
315,2665.030029296875,0.026622174307703972,2.662217430770397,2306.2564158439636,10000,ppo,ppo,crawler,flat,action_dth_tot_plus_friction_thdot_formula,,,,,,,,,,,,,,,0.004415418758665518,0,781,0.0,0.0,,,,,,,,,,,,,,,,,,,,,,,,,,,,,,,,,,,,,,,,,,,,,,,,,,,,,,,,,,,,,,,,,,,,,,,,,,nan,,,,,,,,,,,,,,,
316,2608.315673828125,0.026059623807668686,2.6059623807668686,2313.3912794589996,10000,ppo,ppo,crawler,flat,action_dth_tot_plus_friction_thdot_formula,,,,,,,,,,,,,,,0.00420670073848932,0,781,0.0,0.0,,,,,,,,,,,,,,,,,,,,,,,,,,,,,,,,,,,,,,,,,,,,,,,,,,,,,,,,,,,,,,,,,,,,,,,,,,nan,,,,,,,,,,,,,,,
317,2602.699462890625,0.02599635161459446,2.599635161459446,2320.5509793758392,10000,ppo,ppo,crawler,flat,action_dth_tot_plus_friction_thdot_formula,,,,,,,,,,,,,,,0.0037908111464902377,0,781,0.0,0.0,,,,,,,,,,,,,,,,,,,,,,,,,,,,,,,,,,,,,,,,,,,,,,,,,,,,,,,,,,,,,,,,,,,,,,,,,,nan,,,,,,,,,,,,,,,
318,2605.830078125,0.026031823828816414,2.6031823828816414,2328.036376953125,10000,ppo,ppo,crawler,flat,action_dth_tot_plus_friction_thdot_formula,,,,,,,,,,,,,,,0.004699990537513057,0,781,0.0,0.0,,,,,,,,,,,,,,,,,,,,,,,,,,,,,,,,,,,,,,,,,,,,,,,,,,,,,,,,,,,,,,,,,,,,,,,,,,nan,,,,,,,,,,,,,,,
319,2597.658935546875,0.025946788489818573,2.5946788489818573,2335.2808899879456,10000,ppo,ppo,crawler,flat,action_dth_tot_plus_friction_thdot_formula,,,,,,,,,,,,,,,0.004198786654424938,0,781,0.0,0.0,,,,,,,,,,,,,,,,,,,,,,,,,,,,,,,,,,,,,,,,,,,,,,,,,,,,,,,,,,,,,,,,,,,,,,,,,,nan,,,,,,,,,,,,,,,
320,2517.15478515625,0.025142058730125427,2.5142058730125427,2342.6903433799744,10000,ppo,ppo,crawler,flat,action_dth_tot_plus_friction_thdot_formula,,,,,,,,,,,,,,,0.004176121360560337,0,781,0.0,0.0,,,,,,,,,,,,,,,,,,,,,,,,,,,,,,,,,,,,,,,,,,,,,,,,,,,,,,,,,,,,,,,,,,,,,,,,,,nan,,,,,,,,,,,,,,,
321,2495.889404296875,0.02493485063314438,2.493485063314438,2350.1814844608307,10000,ppo,ppo,crawler,flat,action_dth_tot_plus_friction_thdot_formula,,,,,,,,,,,,,,,0.0052125753530613585,0,781,0.0,0.0,,,,,,,,,,,,,,,,,,,,,,,,,,,,,,,,,,,,,,,,,,,,,,,,,,,,,,,,,,,,,,,,,,,,,,,,,,nan,,,,,,,,,,,,,,,
322,2546.885986328125,0.0254399124532938,2.54399124532938,2357.4594066143036,10000,ppo,ppo,crawler,flat,action_dth_tot_plus_friction_thdot_formula,,,,,,,,,,,,,,,0.005167625749043383,0,781,0.0,0.0,,,,,,,,,,,,,,,,,,,,,,,,,,,,,,,,,,,,,,,,,,,,,,,,,,,,,,,,,,,,,,,,,,,,,,,,,,nan,,,,,,,,,,,,,,,
323,2554.670654296875,0.02552170120179653,2.552170120179653,2364.7178399562836,10000,ppo,ppo,crawler,flat,action_dth_tot_plus_friction_thdot_formula,,,,,,,,,,,,,,,0.003933823985112032,0,781,0.0,0.0,,,,,,,,,,,,,,,,,,,,,,,,,,,,,,,,,,,,,,,,,,,,,,,,,,,,,,,,,,,,,,,,,,,,,,,,,,nan,,,,,,,,,,,,,,,
324,2442.780517578125,0.024398520588874817,2.4398520588874817,2371.9530832767487,10000,ppo,ppo,crawler,flat,action_dth_tot_plus_friction_thdot_formula,,,,,,,,,,,,,,,0.006162588378231467,0,781,0.0,0.0,,,,,,,,,,,,,,,,,,,,,,,,,,,,,,,,,,,,,,,,,,,,,,,,,,,,,,,,,,,,,,,,,,,,,,,,,,nan,,,,,,,,,,,,,,,
325,2446.028076171875,0.02443595416843891,2.443595416843891,2379.152491569519,10000,ppo,ppo,crawler,flat,action_dth_tot_plus_friction_thdot_formula,,,,,,,,,,,,,,,0.0036007908857311273,0,781,0.0,0.0,,,,,,,,,,,,,,,,,,,,,,,,,,,,,,,,,,,,,,,,,,,,,,,,,,,,,,,,,,,,,,,,,,,,,,,,,,nan,,,,,,,,,,,,,,,
326,2338.233642578125,0.023363295942544937,2.3363295942544937,2386.4031217098236,10000,ppo,ppo,crawler,flat,action_dth_tot_plus_friction_thdot_formula,,,,,,,,,,,,,,,0.005704169397504116,0,781,0.0,0.0,,,,,,,,,,,,,,,,,,,,,,,,,,,,,,,,,,,,,,,,,,,,,,,,,,,,,,,,,,,,,,,,,,,,,,,,,,nan,,,,,,,,,,,,,,,
327,2191.6162109375,0.021892312914133072,2.189231291413307,2393.530824661255,10000,ppo,ppo,crawler,flat,action_dth_tot_plus_friction_thdot_formula,,,,,,,,,,,,,,,0.0043733027857870204,0,781,0.0,0.0,,,,,,,,,,,,,,,,,,,,,,,,,,,,,,,,,,,,,,,,,,,,,,,,,,,,,,,,,,,,,,,,,,,,,,,,,,nan,,,,,,,,,,,,,,,
328,2347.832275390625,0.02345205843448639,2.345205843448639,2400.9113631248474,10000,ppo,ppo,crawler,flat,action_dth_tot_plus_friction_thdot_formula,,,,,,,,,,,,,,,0.005252842962014144,0,781,0.0,0.0,,,,,,,,,,,,,,,,,,,,,,,,,,,,,,,,,,,,,,,,,,,,,,,,,,,,,,,,,,,,,,,,,,,,,,,,,,nan,,,,,,,,,,,,,,,
329,2399.559814453125,0.023971058428287506,2.3971058428287506,2408.2647886276245,10000,ppo,ppo,crawler,flat,action_dth_tot_plus_friction_thdot_formula,,,,,,,,,,,,,,,0.003564802430000421,0,781,0.0,0.0,,,,,,,,,,,,,,,,,,,,,,,,,,,,,,,,,,,,,,,,,,,,,,,,,,,,,,,,,,,,,,,,,,,,,,,,,,nan,,,,,,,,,,,,,,,
330,2179.415283203125,0.02177049219608307,2.177049219608307,2415.5684468746185,10000,ppo,ppo,crawler,flat,action_dth_tot_plus_friction_thdot_formula,,,,,,,,,,,,,,,0.005213028440972201,0,781,0.0,0.0,,,,,,,,,,,,,,,,,,,,,,,,,,,,,,,,,,,,,,,,,,,,,,,,,,,,,,,,,,,,,,,,,,,,,,,,,,nan,,,,,,,,,,,,,,,
331,2294.642578125,0.02292039804160595,2.292039804160595,2422.832424879074,10000,ppo,ppo,crawler,flat,action_dth_tot_plus_friction_thdot_formula,,,,,,,,,,,,,,,0.004825863302689792,0,781,0.0,0.0,,,,,,,,,,,,,,,,,,,,,,,,,,,,,,,,,,,,,,,,,,,,,,,,,,,,,,,,,,,,,,,,,,,,,,,,,,nan,,,,,,,,,,,,,,,
332,2219.250732421875,0.02216958813369274,2.216958813369274,2430.3658306598663,10000,ppo,ppo,crawler,flat,action_dth_tot_plus_friction_thdot_formula,,,,,,,,,,,,,,,0.005165152774024254,0,781,0.0,0.0,,,,,,,,,,,,,,,,,,,,,,,,,,,,,,,,,,,,,,,,,,,,,,,,,,,,,,,,,,,,,,,,,,,,,,,,,,nan,,,,,,,,,,,,,,,
333,2053.317626953125,0.020507460460066795,2.0507460460066795,2437.6381216049194,10000,ppo,ppo,crawler,flat,action_dth_tot_plus_friction_thdot_formula,,,,,,,,,,,,,,,0.008040795960700885,0,781,0.0,0.0,,,,,,,,,,,,,,,,,,,,,,,,,,,,,,,,,,,,,,,,,,,,,,,,,,,,,,,,,,,,,,,,,,,,,,,,,,nan,,,,,,,,,,,,,,,
334,2144.4111328125,0.021423891186714172,2.1423891186714172,2445.1543011665344,10000,ppo,ppo,crawler,flat,action_dth_tot_plus_friction_thdot_formula,,,,,,,,,,,,,,,0.0048587338562319045,0,781,0.0,0.0,,,,,,,,,,,,,,,,,,,,,,,,,,,,,,,,,,,,,,,,,,,,,,,,,,,,,,,,,,,,,,,,,,,,,,,,,,nan,,,,,,,,,,,,,,,
335,2183.006591796875,0.021809246391057968,2.180924639105797,2452.395234823227,10000,ppo,ppo,crawler,flat,action_dth_tot_plus_friction_thdot_formula,,,,,,,,,,,,,,,0.0040885303987079225,0,781,0.0,0.0,,,,,,,,,,,,,,,,,,,,,,,,,,,,,,,,,,,,,,,,,,,,,,,,,,,,,,,,,,,,,,,,,,,,,,,,,,nan,,,,,,,,,,,,,,,
336,1958.7957763671875,0.019567573443055153,1.9567573443055153,2459.8275463581085,10000,ppo,ppo,crawler,flat,action_dth_tot_plus_friction_thdot_formula,,,,,,,,,,,,,,,0.006570052504549924,0,781,0.0,0.0,,,,,,,,,,,,,,,,,,,,,,,,,,,,,,,,,,,,,,,,,,,,,,,,,,,,,,,,,,,,,,,,,,,,,,,,,,nan,,,,,,,,,,,,,,,
337,2023.063720703125,0.02021379955112934,2.021379955112934,2467.132056951523,10000,ppo,ppo,crawler,flat,action_dth_tot_plus_friction_thdot_formula,,,,,,,,,,,,,,,0.005818912728605244,0,781,0.0,0.0,,,,,,,,,,,,,,,,,,,,,,,,,,,,,,,,,,,,,,,,,,,,,,,,,,,,,,,,,,,,,,,,,,,,,,,,,,nan,,,,,,,,,,,,,,,
338,2043.171875,0.02041103132069111,2.041103132069111,2474.40549492836,10000,ppo,ppo,crawler,flat,action_dth_tot_plus_friction_thdot_formula,,,,,,,,,,,,,,,0.0033795164141785495,0,781,0.0,0.0,,,,,,,,,,,,,,,,,,,,,,,,,,,,,,,,,,,,,,,,,,,,,,,,,,,,,,,,,,,,,,,,,,,,,,,,,,nan,,,,,,,,,,,,,,,
339,2059.459716796875,0.020577600225806236,2.0577600225806236,2481.584466457367,10000,ppo,ppo,crawler,flat,action_dth_tot_plus_friction_thdot_formula,,,,,,,,,,,,,,,0.0048494985870147665,0,781,0.0,0.0,,,,,,,,,,,,,,,,,,,,,,,,,,,,,,,,,,,,,,,,,,,,,,,,,,,,,,,,,,,,,,,,,,,,,,,,,,nan,,,,,,,,,,,,,,,
340,1961.9368896484375,0.019600532948970795,1.9600532948970795,2488.8381180763245,10000,ppo,ppo,crawler,flat,action_dth_tot_plus_friction_thdot_formula,,,,,,,,,,,,,,,0.004756537960170292,0,781,0.0,0.0,,,,,,,,,,,,,,,,,,,,,,,,,,,,,,,,,,,,,,,,,,,,,,,,,,,,,,,,,,,,,,,,,,,,,,,,,,nan,,,,,,,,,,,,,,,
341,2052.768310546875,0.02050742506980896,2.050742506980896,2496.145985841751,10000,ppo,ppo,crawler,flat,action_dth_tot_plus_friction_thdot_formula,,,,,,,,,,,,,,,0.002908992874455458,0,781,0.0,0.0,,,,,,,,,,,,,,,,,,,,,,,,,,,,,,,,,,,,,,,,,,,,,,,,,,,,,,,,,,,,,,,,,,,,,,,,,,nan,,,,,,,,,,,,,,,
342,2172.583740234375,0.021699950098991394,2.1699950098991394,2503.2761912345886,10000,ppo,ppo,crawler,flat,action_dth_tot_plus_friction_thdot_formula,,,,,,,,,,,,,,,0.0041277978131631044,0,781,0.0,0.0,,,,,,,,,,,,,,,,,,,,,,,,,,,,,,,,,,,,,,,,,,,,,,,,,,,,,,,,,,,,,,,,,,,,,,,,,,nan,,,,,,,,,,,,,,,
343,1916.1988525390625,0.01914389617741108,1.914389617741108,2510.571472644806,10000,ppo,ppo,crawler,flat,action_dth_tot_plus_friction_thdot_formula,,,,,,,,,,,,,,,0.00449223021092579,0,781,0.0,0.0,,,,,,,,,,,,,,,,,,,,,,,,,,,,,,,,,,,,,,,,,,,,,,,,,,,,,,,,,,,,,,,,,,,,,,,,,,nan,,,,,,,,,,,,,,,
344,2057.011962890625,0.020549723878502846,2.0549723878502846,2517.9404344558716,10000,ppo,ppo,crawler,flat,action_dth_tot_plus_friction_thdot_formula,,,,,,,,,,,,,,,0.003818273628157386,0,781,0.0,0.0,,,,,,,,,,,,,,,,,,,,,,,,,,,,,,,,,,,,,,,,,,,,,,,,,,,,,,,,,,,,,,,,,,,,,,,,,,nan,,,,,,,,,,,,,,,
345,2101.536865234375,0.020994029939174652,2.099402993917465,2525.1727640628815,10000,ppo,ppo,crawler,flat,action_dth_tot_plus_friction_thdot_formula,,,,,,,,,,,,,,,0.003912665594500942,0,781,0.0,0.0,,,,,,,,,,,,,,,,,,,,,,,,,,,,,,,,,,,,,,,,,,,,,,,,,,,,,,,,,,,,,,,,,,,,,,,,,,nan,,,,,,,,,,,,,,,
346,2007.4696044921875,0.02005442976951599,2.005442976951599,2532.4609797000885,10000,ppo,ppo,crawler,flat,action_dth_tot_plus_friction_thdot_formula,,,,,,,,,,,,,,,0.0037556354176845144,0,781,0.0,0.0,,,,,,,,,,,,,,,,,,,,,,,,,,,,,,,,,,,,,,,,,,,,,,,,,,,,,,,,,,,,,,,,,,,,,,,,,,nan,,,,,,,,,,,,,,,
347,2020.337890625,0.020181963220238686,2.0181963220238686,2539.9054732322693,10000,ppo,ppo,crawler,flat,action_dth_tot_plus_friction_thdot_formula,,,,,,,,,,,,,,,0.004252010777721744,0,781,0.0,0.0,,,,,,,,,,,,,,,,,,,,,,,,,,,,,,,,,,,,,,,,,,,,,,,,,,,,,,,,,,,,,,,,,,,,,,,,,,nan,,,,,,,,,,,,,,,
348,2018.5614013671875,0.020160356536507607,2.0160356536507607,2547.2239694595337,10000,ppo,ppo,crawler,flat,action_dth_tot_plus_friction_thdot_formula,,,,,,,,,,,,,,,0.0035982029471533293,0,781,0.0,0.0,,,,,,,,,,,,,,,,,,,,,,,,,,,,,,,,,,,,,,,,,,,,,,,,,,,,,,,,,,,,,,,,,,,,,,,,,,nan,,,,,,,,,,,,,,,
349,1885.7275390625,0.018834251910448074,1.8834251910448074,2554.4414541721344,10000,ppo,ppo,crawler,flat,action_dth_tot_plus_friction_thdot_formula,,,,,,,,,,,,,,,0.003798290212060624,0,781,0.0,0.0,,,,,,,,,,,,,,,,,,,,,,,,,,,,,,,,,,,,,,,,,,,,,,,,,,,,,,,,,,,,,,,,,,,,,,,,,,nan,,,,,,,,,,,,,,,
350,2130.914794921875,0.021284203976392746,2.1284203976392746,2561.6084089279175,10000,ppo,ppo,crawler,flat,action_dth_tot_plus_friction_thdot_formula,,,,,,,,,,,,,,,0.003496192810668225,0,781,0.0,0.0,,,,,,,,,,,,,,,,,,,,,,,,,,,,,,,,,,,,,,,,,,,,,,,,,,,,,,,,,,,,,,,,,,,,,,,,,,nan,,,,,,,,,,,,,,,
351,2069.449462890625,0.02067350223660469,2.067350223660469,2569.2442824840546,10000,ppo,ppo,crawler,flat,action_dth_tot_plus_friction_thdot_formula,,,,,,,,,,,,,,,0.0037118314888963905,0,781,0.0,0.0,,,,,,,,,,,,,,,,,,,,,,,,,,,,,,,,,,,,,,,,,,,,,,,,,,,,,,,,,,,,,,,,,,,,,,,,,,nan,,,,,,,,,,,,,,,
352,2125.443359375,0.021235771477222443,2.1235771477222443,2576.4462838172913,10000,ppo,ppo,crawler,flat,action_dth_tot_plus_friction_thdot_formula,,,,,,,,,,,,,,,0.0037543675326757136,0,781,0.0,0.0,,,,,,,,,,,,,,,,,,,,,,,,,,,,,,,,,,,,,,,,,,,,,,,,,,,,,,,,,,,,,,,,,,,,,,,,,,nan,,,,,,,,,,,,,,,
353,2079.2734375,0.020770564675331116,2.0770564675331116,2583.7141354084015,10000,ppo,ppo,crawler,flat,action_dth_tot_plus_friction_thdot_formula,,,,,,,,,,,,,,,0.0036281387941886774,0,781,0.0,0.0,,,,,,,,,,,,,,,,,,,,,,,,,,,,,,,,,,,,,,,,,,,,,,,,,,,,,,,,,,,,,,,,,,,,,,,,,,nan,,,,,,,,,,,,,,,
354,2142.78759765625,0.02140454575419426,2.140454575419426,2591.0259881019592,10000,ppo,ppo,crawler,flat,action_dth_tot_plus_friction_thdot_formula,,,,,,,,,,,,,,,0.002847694151569158,0,781,0.0,0.0,,,,,,,,,,,,,,,,,,,,,,,,,,,,,,,,,,,,,,,,,,,,,,,,,,,,,,,,,,,,,,,,,,,,,,,,,,nan,,,,,,,,,,,,,,,
355,2072.0625,0.020703040063381195,2.0703040063381195,2598.5066397190094,10000,ppo,ppo,crawler,flat,action_dth_tot_plus_friction_thdot_formula,,,,,,,,,,,,,,,0.003188622287917577,0,781,0.0,0.0,,,,,,,,,,,,,,,,,,,,,,,,,,,,,,,,,,,,,,,,,,,,,,,,,,,,,,,,,,,,,,,,,,,,,,,,,,nan,,,,,,,,,,,,,,,
356,1905.4820556640625,0.019032828509807587,1.9032828509807587,2605.709222793579,10000,ppo,ppo,crawler,flat,action_dth_tot_plus_friction_thdot_formula,,,,,,,,,,,,,,,0.003912117672000777,0,781,0.0,0.0,,,,,,,,,,,,,,,,,,,,,,,,,,,,,,,,,,,,,,,,,,,,,,,,,,,,,,,,,,,,,,,,,,,,,,,,,,nan,,,,,,,,,,,,,,,
357,2122.54345703125,0.021202178671956062,2.1202178671956062,2612.970059156418,10000,ppo,ppo,crawler,flat,action_dth_tot_plus_friction_thdot_formula,,,,,,,,,,,,,,,0.0039704584521951004,0,781,0.0,0.0,,,,,,,,,,,,,,,,,,,,,,,,,,,,,,,,,,,,,,,,,,,,,,,,,,,,,,,,,,,,,,,,,,,,,,,,,,nan,,,,,,,,,,,,,,,
358,2248.664306640625,0.022463176399469376,2.2463176399469376,2620.1260843276978,10000,ppo,ppo,crawler,flat,action_dth_tot_plus_friction_thdot_formula,,,,,,,,,,,,,,,0.0029142524134597256,0,781,0.0,0.0,,,,,,,,,,,,,,,,,,,,,,,,,,,,,,,,,,,,,,,,,,,,,,,,,,,,,,,,,,,,,,,,,,,,,,,,,,nan,,,,,,,,,,,,,,,
359,2050.167724609375,0.020484313368797302,2.0484313368797302,2627.614191532135,10000,ppo,ppo,crawler,flat,action_dth_tot_plus_friction_thdot_formula,,,,,,,,,,,,,,,0.0033008966311498184,0,781,0.0,0.0,,,,,,,,,,,,,,,,,,,,,,,,,,,,,,,,,,,,,,,,,,,,,,,,,,,,,,,,,,,,,,,,,,,,,,,,,,nan,,,,,,,,,,,,,,,
360,2184.241943359375,0.021816521883010864,2.1816521883010864,2634.809407711029,10000,ppo,ppo,crawler,flat,action_dth_tot_plus_friction_thdot_formula,,,,,,,,,,,,,,,0.0027901126357184774,0,781,0.0,0.0,,,,,,,,,,,,,,,,,,,,,,,,,,,,,,,,,,,,,,,,,,,,,,,,,,,,,,,,,,,,,,,,,,,,,,,,,,nan,,,,,,,,,,,,,,,
361,2261.587646484375,0.022595347836613655,2.2595347836613655,2642.0584881305695,10000,ppo,ppo,crawler,flat,action_dth_tot_plus_friction_thdot_formula,,,,,,,,,,,,,,,0.002883289189060921,0,781,0.0,0.0,,,,,,,,,,,,,,,,,,,,,,,,,,,,,,,,,,,,,,,,,,,,,,,,,,,,,,,,,,,,,,,,,,,,,,,,,,nan,,,,,,,,,,,,,,,
362,2257.51611328125,0.022552236914634705,2.2552236914634705,2649.3262102603912,10000,ppo,ppo,crawler,flat,action_dth_tot_plus_friction_thdot_formula,,,,,,,,,,,,,,,0.0032997359889490882,0,781,0.0,0.0,,,,,,,,,,,,,,,,,,,,,,,,,,,,,,,,,,,,,,,,,,,,,,,,,,,,,,,,,,,,,,,,,,,,,,,,,,nan,,,,,,,,,,,,,,,
363,2223.275146484375,0.022210795432329178,2.221079543232918,2656.567574739456,10000,ppo,ppo,crawler,flat,action_dth_tot_plus_friction_thdot_formula,,,,,,,,,,,,,,,0.002921632977320888,0,781,0.0,0.0,,,,,,,,,,,,,,,,,,,,,,,,,,,,,,,,,,,,,,,,,,,,,,,,,,,,,,,,,,,,,,,,,,,,,,,,,,nan,,,,,,,,,,,,,,,
364,2073.805419921875,0.020718969404697418,2.071896940469742,2663.8550243377686,10000,ppo,ppo,crawler,flat,action_dth_tot_plus_friction_thdot_formula,,,,,,,,,,,,,,,0.0033017006728731967,0,781,0.0,0.0,,,,,,,,,,,,,,,,,,,,,,,,,,,,,,,,,,,,,,,,,,,,,,,,,,,,,,,,,,,,,,,,,,,,,,,,,,nan,,,,,,,,,,,,,,,
365,2142.265380859375,0.02139836922287941,2.139836922287941,2671.201661348343,10000,ppo,ppo,crawler,flat,action_dth_tot_plus_friction_thdot_formula,,,,,,,,,,,,,,,0.003073815548140794,0,781,0.0,0.0,,,,,,,,,,,,,,,,,,,,,,,,,,,,,,,,,,,,,,,,,,,,,,,,,,,,,,,,,,,,,,,,,,,,,,,,,,nan,,,,,,,,,,,,,,,
366,2205.713623046875,0.02202998287975788,2.202998287975788,2678.499783039093,10000,ppo,ppo,crawler,flat,action_dth_tot_plus_friction_thdot_formula,,,,,,,,,,,,,,,0.0033703549896148075,0,781,0.0,0.0,,,,,,,,,,,,,,,,,,,,,,,,,,,,,,,,,,,,,,,,,,,,,,,,,,,,,,,,,,,,,,,,,,,,,,,,,,nan,,,,,,,,,,,,,,,
367,2174.474365234375,0.02172173373401165,2.172173373401165,2685.6875174045563,10000,ppo,ppo,crawler,flat,action_dth_tot_plus_friction_thdot_formula,,,,,,,,,,,,,,,0.0035546493424232642,0,781,0.0,0.0,,,,,,,,,,,,,,,,,,,,,,,,,,,,,,,,,,,,,,,,,,,,,,,,,,,,,,,,,,,,,,,,,,,,,,,,,,nan,,,,,,,,,,,,,,,
368,2227.27099609375,0.022247225046157837,2.2247225046157837,2692.7957530021667,10000,ppo,ppo,crawler,flat,action_dth_tot_plus_friction_thdot_formula,,,,,,,,,,,,,,,0.003540996908725665,0,781,0.0,0.0,,,,,,,,,,,,,,,,,,,,,,,,,,,,,,,,,,,,,,,,,,,,,,,,,,,,,,,,,,,,,,,,,,,,,,,,,,nan,,,,,,,,,,,,,,,
369,2248.950927734375,0.022466182708740234,2.2466182708740234,2699.905893087387,10000,ppo,ppo,crawler,flat,action_dth_tot_plus_friction_thdot_formula,,,,,,,,,,,,,,,0.00284919973259205,0,781,0.0,0.0,,,,,,,,,,,,,,,,,,,,,,,,,,,,,,,,,,,,,,,,,,,,,,,,,,,,,,,,,,,,,,,,,,,,,,,,,,nan,,,,,,,,,,,,,,,
370,2412.841796875,0.024105461314320564,2.4105461314320564,2707.2250254154205,10000,ppo,ppo,crawler,flat,action_dth_tot_plus_friction_thdot_formula,,,,,,,,,,,,,,,0.0033405028626357926,0,781,0.0,0.0,,,,,,,,,,,,,,,,,,,,,,,,,,,,,,,,,,,,,,,,,,,,,,,,,,,,,,,,,,,,,,,,,,,,,,,,,,nan,,,,,,,,,,,,,,,
371,2372.25341796875,0.02370169386267662,2.370169386267662,2714.388466835022,10000,ppo,ppo,crawler,flat,action_dth_tot_plus_friction_thdot_formula,,,,,,,,,,,,,,,0.0031694032380547585,0,781,0.0,0.0,,,,,,,,,,,,,,,,,,,,,,,,,,,,,,,,,,,,,,,,,,,,,,,,,,,,,,,,,,,,,,,,,,,,,,,,,,nan,,,,,,,,,,,,,,,
372,2413.554443359375,0.02411079593002796,2.411079593002796,2721.645843029022,10000,ppo,ppo,crawler,flat,action_dth_tot_plus_friction_thdot_formula,,,,,,,,,,,,,,,0.002861487192914746,0,781,0.0,0.0,,,,,,,,,,,,,,,,,,,,,,,,,,,,,,,,,,,,,,,,,,,,,,,,,,,,,,,,,,,,,,,,,,,,,,,,,,nan,,,,,,,,,,,,,,,
373,2334.27978515625,0.023317832499742508,2.331783249974251,2728.634206056595,10000,ppo,ppo,crawler,flat,action_dth_tot_plus_friction_thdot_formula,,,,,,,,,,,,,,,0.0037103407089040994,0,781,0.0,0.0,,,,,,,,,,,,,,,,,,,,,,,,,,,,,,,,,,,,,,,,,,,,,,,,,,,,,,,,,,,,,,,,,,,,,,,,,,nan,,,,,,,,,,,,,,,
374,2364.610107421875,0.023622997105121613,2.3622997105121613,2736.0177295207977,10000,ppo,ppo,crawler,flat,action_dth_tot_plus_friction_thdot_formula,,,,,,,,,,,,,,,0.002991332244028119,0,781,0.0,0.0,,,,,,,,,,,,,,,,,,,,,,,,,,,,,,,,,,,,,,,,,,,,,,,,,,,,,,,,,,,,,,,,,,,,,,,,,,nan,,,,,,,,,,,,,,,
375,2404.450439453125,0.024015191942453384,2.4015191942453384,2743.161374807358,10000,ppo,ppo,crawler,flat,action_dth_tot_plus_friction_thdot_formula,,,,,,,,,,,,,,,0.0037060862814914555,0,781,0.0,0.0,,,,,,,,,,,,,,,,,,,,,,,,,,,,,,,,,,,,,,,,,,,,,,,,,,,,,,,,,,,,,,,,,,,,,,,,,,nan,,,,,,,,,,,,,,,
376,2480.310302734375,0.024778902530670166,2.4778902530670166,2750.3356721401215,10000,ppo,ppo,crawler,flat,action_dth_tot_plus_friction_thdot_formula,,,,,,,,,,,,,,,0.0035536547516986593,0,781,0.0,0.0,,,,,,,,,,,,,,,,,,,,,,,,,,,,,,,,,,,,,,,,,,,,,,,,,,,,,,,,,,,,,,,,,,,,,,,,,,nan,,,,,,,,,,,,,,,
377,2295.8046875,0.022935563698410988,2.293556369841099,2757.6974925994873,10000,ppo,ppo,crawler,flat,action_dth_tot_plus_friction_thdot_formula,,,,,,,,,,,,,,,0.0033245131071336764,0,781,0.0,0.0,,,,,,,,,,,,,,,,,,,,,,,,,,,,,,,,,,,,,,,,,,,,,,,,,,,,,,,,,,,,,,,,,,,,,,,,,,nan,,,,,,,,,,,,,,,
378,2425.231201171875,0.024221783503890038,2.4221783503890038,2764.9441339969635,10000,ppo,ppo,crawler,flat,action_dth_tot_plus_friction_thdot_formula,,,,,,,,,,,,,,,0.003266717953888864,0,781,0.0,0.0,,,,,,,,,,,,,,,,,,,,,,,,,,,,,,,,,,,,,,,,,,,,,,,,,,,,,,,,,,,,,,,,,,,,,,,,,,nan,,,,,,,,,,,,,,,
379,2433.91259765625,0.024310234934091568,2.431023493409157,2772.075189113617,10000,ppo,ppo,crawler,flat,action_dth_tot_plus_friction_thdot_formula,,,,,,,,,,,,,,,0.0032869974332286234,0,781,0.0,0.0,,,,,,,,,,,,,,,,,,,,,,,,,,,,,,,,,,,,,,,,,,,,,,,,,,,,,,,,,,,,,,,,,,,,,,,,,,nan,,,,,,,,,,,,,,,
380,2414.699951171875,0.024117486551404,2.4117486551404,2779.4146399497986,10000,ppo,ppo,crawler,flat,action_dth_tot_plus_friction_thdot_formula,,,,,,,,,,,,,,,0.003201144027293251,0,781,0.0,0.0,,,,,,,,,,,,,,,,,,,,,,,,,,,,,,,,,,,,,,,,,,,,,,,,,,,,,,,,,,,,,,,,,,,,,,,,,,nan,,,,,,,,,,,,,,,
381,2405.032958984375,0.024023622274398804,2.4023622274398804,2786.7215938568115,10000,ppo,ppo,crawler,flat,action_dth_tot_plus_friction_thdot_formula,,,,,,,,,,,,,,,0.003641199928269544,0,781,0.0,0.0,,,,,,,,,,,,,,,,,,,,,,,,,,,,,,,,,,,,,,,,,,,,,,,,,,,,,,,,,,,,,,,,,,,,,,,,,,nan,,,,,,,,,,,,,,,
382,2437.75244140625,0.024347715079784393,2.4347715079784393,2793.89417052269,10000,ppo,ppo,crawler,flat,action_dth_tot_plus_friction_thdot_formula,,,,,,,,,,,,,,,0.003959076299758988,0,781,0.0,0.0,,,,,,,,,,,,,,,,,,,,,,,,,,,,,,,,,,,,,,,,,,,,,,,,,,,,,,,,,,,,,,,,,,,,,,,,,,nan,,,,,,,,,,,,,,,
383,2570.599365234375,0.025676829740405083,2.5676829740405083,2801.095382452011,10000,ppo,ppo,crawler,flat,action_dth_tot_plus_friction_thdot_formula,,,,,,,,,,,,,,,0.003345170793321494,0,781,0.0,0.0,,,,,,,,,,,,,,,,,,,,,,,,,,,,,,,,,,,,,,,,,,,,,,,,,,,,,,,,,,,,,,,,,,,,,,,,,,nan,,,,,,,,,,,,,,,
384,2370.185546875,0.023676110431551933,2.3676110431551933,2808.3126199245453,10000,ppo,ppo,crawler,flat,action_dth_tot_plus_friction_thdot_formula,,,,,,,,,,,,,,,0.003076861136887764,0,781,0.0,0.0,,,,,,,,,,,,,,,,,,,,,,,,,,,,,,,,,,,,,,,,,,,,,,,,,,,,,,,,,,,,,,,,,,,,,,,,,,nan,,,,,,,,,,,,,,,
385,2545.944580078125,0.025434546172618866,2.5434546172618866,2815.6862382888794,10000,ppo,ppo,crawler,flat,action_dth_tot_plus_friction_thdot_formula,,,,,,,,,,,,,,,0.0033937128955049967,0,781,0.0,0.0,,,,,,,,,,,,,,,,,,,,,,,,,,,,,,,,,,,,,,,,,,,,,,,,,,,,,,,,,,,,,,,,,,,,,,,,,,nan,,,,,,,,,,,,,,,
386,2419.433349609375,0.02416999638080597,2.416999638080597,2823.144121170044,10000,ppo,ppo,crawler,flat,action_dth_tot_plus_friction_thdot_formula,,,,,,,,,,,,,,,0.0048058409584124506,0,781,0.0,0.0,,,,,,,,,,,,,,,,,,,,,,,,,,,,,,,,,,,,,,,,,,,,,,,,,,,,,,,,,,,,,,,,,,,,,,,,,,nan,,,,,,,,,,,,,,,
387,2327.615478515625,0.023259863257408142,2.325986325740814,2830.354145526886,10000,ppo,ppo,crawler,flat,action_dth_tot_plus_friction_thdot_formula,,,,,,,,,,,,,,,0.004236611878273117,0,781,0.0,0.0,,,,,,,,,,,,,,,,,,,,,,,,,,,,,,,,,,,,,,,,,,,,,,,,,,,,,,,,,,,,,,,,,,,,,,,,,,nan,,,,,,,,,,,,,,,
388,2273.76513671875,0.02271285094320774,2.271285094320774,2837.6726512908936,10000,ppo,ppo,crawler,flat,action_dth_tot_plus_friction_thdot_formula,,,,,,,,,,,,,,,0.0031918830905844804,0,781,0.0,0.0,,,,,,,,,,,,,,,,,,,,,,,,,,,,,,,,,,,,,,,,,,,,,,,,,,,,,,,,,,,,,,,,,,,,,,,,,,nan,,,,,,,,,,,,,,,
389,2418.275146484375,0.02415521629154682,2.415521629154682,2844.955810070038,10000,ppo,ppo,crawler,flat,action_dth_tot_plus_friction_thdot_formula,,,,,,,,,,,,,,,0.0028783708250566856,0,781,0.0,0.0,,,,,,,,,,,,,,,,,,,,,,,,,,,,,,,,,,,,,,,,,,,,,,,,,,,,,,,,,,,,,,,,,,,,,,,,,,nan,,,,,,,,,,,,,,,
390,2446.716552734375,0.02443963661789894,2.443963661789894,2852.2014286518097,10000,ppo,ppo,crawler,flat,action_dth_tot_plus_friction_thdot_formula,,,,,,,,,,,,,,,0.0035900310495085466,0,781,0.0,0.0,,,,,,,,,,,,,,,,,,,,,,,,,,,,,,,,,,,,,,,,,,,,,,,,,,,,,,,,,,,,,,,,,,,,,,,,,,nan,,,,,,,,,,,,,,,
391,2390.875244140625,0.02388310432434082,2.388310432434082,2859.307594537735,10000,ppo,ppo,crawler,flat,action_dth_tot_plus_friction_thdot_formula,,,,,,,,,,,,,,,0.003737986805147006,0,781,0.0,0.0,,,,,,,,,,,,,,,,,,,,,,,,,,,,,,,,,,,,,,,,,,,,,,,,,,,,,,,,,,,,,,,,,,,,,,,,,,nan,,,,,,,,,,,,,,,
392,2368.671875,0.02365914173424244,2.365914173424244,2866.797071456909,10000,ppo,ppo,crawler,flat,action_dth_tot_plus_friction_thdot_formula,,,,,,,,,,,,,,,0.003627464005892927,0,781,0.0,0.0,,,,,,,,,,,,,,,,,,,,,,,,,,,,,,,,,,,,,,,,,,,,,,,,,,,,,,,,,,,,,,,,,,,,,,,,,,nan,,,,,,,,,,,,,,,
393,2387.69091796875,0.02384991943836212,2.384991943836212,2873.9402673244476,10000,ppo,ppo,crawler,flat,action_dth_tot_plus_friction_thdot_formula,,,,,,,,,,,,,,,0.00400523403139246,0,781,0.0,0.0,,,,,,,,,,,,,,,,,,,,,,,,,,,,,,,,,,,,,,,,,,,,,,,,,,,,,,,,,,,,,,,,,,,,,,,,,,nan,,,,,,,,,,,,,,,
394,2362.923828125,0.023601097986102104,2.3601097986102104,2881.1592490673065,10000,ppo,ppo,crawler,flat,action_dth_tot_plus_friction_thdot_formula,,,,,,,,,,,,,,,0.0038458954753943274,0,781,0.0,0.0,,,,,,,,,,,,,,,,,,,,,,,,,,,,,,,,,,,,,,,,,,,,,,,,,,,,,,,,,,,,,,,,,,,,,,,,,,nan,,,,,,,,,,,,,,,
395,2458.929443359375,0.024561485275626183,2.4561485275626183,2888.36470246315,10000,ppo,ppo,crawler,flat,action_dth_tot_plus_friction_thdot_formula,,,,,,,,,,,,,,,0.0038035102570179026,0,781,0.0,0.0,,,,,,,,,,,,,,,,,,,,,,,,,,,,,,,,,,,,,,,,,,,,,,,,,,,,,,,,,,,,,,,,,,,,,,,,,,nan,,,,,,,,,,,,,,,
396,2494.8125,0.024920525029301643,2.4920525029301643,2895.6195838451385,10000,ppo,ppo,crawler,flat,action_dth_tot_plus_friction_thdot_formula,,,,,,,,,,,,,,,0.0036722080992304014,0,781,0.0,0.0,,,,,,,,,,,,,,,,,,,,,,,,,,,,,,,,,,,,,,,,,,,,,,,,,,,,,,,,,,,,,,,,,,,,,,,,,,nan,,,,,,,,,,,,,,,
397,2586.825927734375,0.02584173157811165,2.584173157811165,2902.8438606262207,10000,ppo,ppo,crawler,flat,action_dth_tot_plus_friction_thdot_formula,,,,,,,,,,,,,,,0.0031230697790581123,0,781,0.0,0.0,,,,,,,,,,,,,,,,,,,,,,,,,,,,,,,,,,,,,,,,,,,,,,,,,,,,,,,,,,,,,,,,,,,,,,,,,,nan,,,,,,,,,,,,,,,
398,2491.805908203125,0.02489282377064228,2.489282377064228,2909.9325635433197,10000,ppo,ppo,crawler,flat,action_dth_tot_plus_friction_thdot_formula,,,,,,,,,,,,,,,0.0032592504793568186,0,781,0.0,0.0,,,,,,,,,,,,,,,,,,,,,,,,,,,,,,,,,,,,,,,,,,,,,,,,,,,,,,,,,,,,,,,,,,,,,,,,,,nan,,,,,,,,,,,,,,,
399,2483.784912109375,0.024811839684844017,2.4811839684844017,2917.3282845020294,10000,ppo,ppo,crawler,flat,action_dth_tot_plus_friction_thdot_formula,,,,,,,,,,,,,,,0.003452277459709806,0,781,0.0,0.0,,,,,,,,,,,,,,,,,,,,,,,,,,,,,,,,,,,,,,,,,,,,,,,,,,,,,,,,,,,,,,,,,,,,,,,,,,nan,,,,,,,,,,,,,,,
400,2491.397216796875,0.02488654851913452,2.488654851913452,2924.5296726226807,10000,ppo,ppo,crawler,flat,action_dth_tot_plus_friction_thdot_formula,,,,,,,,,,,,,,,0.0034820513867459494,0,781,0.0,0.0,,,,,,,,,,,,,,,,,,,,,,,,,,,,,,,,,,,,,,,,,,,,,,,,,,,,,,,,,,,,,,,,,,,,,,,,,,nan,,,,,,,,,,,,,,,
401,2539.31298828125,0.02536953054368496,2.536953054368496,2931.8993351459503,10000,ppo,ppo,crawler,flat,action_dth_tot_plus_friction_thdot_formula,,,,,,,,,,,,,,,0.0033220121147774073,0,781,0.0,0.0,,,,,,,,,,,,,,,,,,,,,,,,,,,,,,,,,,,,,,,,,,,,,,,,,,,,,,,,,,,,,,,,,,,,,,,,,,nan,,,,,,,,,,,,,,,
402,2545.25048828125,0.025426384061574936,2.5426384061574936,2939.118696451187,10000,ppo,ppo,crawler,flat,action_dth_tot_plus_friction_thdot_formula,,,,,,,,,,,,,,,0.003416098717694909,0,781,0.0,0.0,,,,,,,,,,,,,,,,,,,,,,,,,,,,,,,,,,,,,,,,,,,,,,,,,,,,,,,,,,,,,,,,,,,,,,,,,,nan,,,,,,,,,,,,,,,
403,2457.932861328125,0.02455342374742031,2.455342374742031,2946.674685716629,10000,ppo,ppo,crawler,flat,action_dth_tot_plus_friction_thdot_formula,,,,,,,,,,,,,,,0.0035996225015015823,0,781,0.0,0.0,,,,,,,,,,,,,,,,,,,,,,,,,,,,,,,,,,,,,,,,,,,,,,,,,,,,,,,,,,,,,,,,,,,,,,,,,,nan,,,,,,,,,,,,,,,
404,2544.69775390625,0.025420865043997765,2.5420865043997765,2954.27739405632,10000,ppo,ppo,crawler,flat,action_dth_tot_plus_friction_thdot_formula,,,,,,,,,,,,,,,0.003869723540324737,0,781,0.0,0.0,,,,,,,,,,,,,,,,,,,,,,,,,,,,,,,,,,,,,,,,,,,,,,,,,,,,,,,,,,,,,,,,,,,,,,,,,,nan,,,,,,,,,,,,,,,
405,2413.762939453125,0.02411157451570034,2.411157451570034,2961.737161874771,10000,ppo,ppo,crawler,flat,action_dth_tot_plus_friction_thdot_formula,,,,,,,,,,,,,,,0.003957488247200551,0,781,0.0,0.0,,,,,,,,,,,,,,,,,,,,,,,,,,,,,,,,,,,,,,,,,,,,,,,,,,,,,,,,,,,,,,,,,,,,,,,,,,nan,,,,,,,,,,,,,,,
406,2459.267333984375,0.024564730003476143,2.4564730003476143,2969.1079716682434,10000,ppo,ppo,crawler,flat,action_dth_tot_plus_friction_thdot_formula,,,,,,,,,,,,,,,0.0033374311373820685,0,781,0.0,0.0,,,,,,,,,,,,,,,,,,,,,,,,,,,,,,,,,,,,,,,,,,,,,,,,,,,,,,,,,,,,,,,,,,,,,,,,,,nan,,,,,,,,,,,,,,,
407,2396.6318359375,0.023939529433846474,2.3939529433846474,2976.655055999756,10000,ppo,ppo,crawler,flat,action_dth_tot_plus_friction_thdot_formula,,,,,,,,,,,,,,,0.004364799374905886,0,781,0.0,0.0,,,,,,,,,,,,,,,,,,,,,,,,,,,,,,,,,,,,,,,,,,,,,,,,,,,,,,,,,,,,,,,,,,,,,,,,,,nan,,,,,,,,,,,,,,,
408,2418.951904296875,0.02416732907295227,2.416732907295227,2983.878195285797,10000,ppo,ppo,crawler,flat,action_dth_tot_plus_friction_thdot_formula,,,,,,,,,,,,,,,0.004124689964167941,0,781,0.0,0.0,,,,,,,,,,,,,,,,,,,,,,,,,,,,,,,,,,,,,,,,,,,,,,,,,,,,,,,,,,,,,,,,,,,,,,,,,,nan,,,,,,,,,,,,,,,
409,2464.807373046875,0.024621758610010147,2.4621758610010147,2991.171123981476,10000,ppo,ppo,crawler,flat,action_dth_tot_plus_friction_thdot_formula,,,,,,,,,,,,,,,0.0038060338340584004,0,781,0.0,0.0,,,,,,,,,,,,,,,,,,,,,,,,,,,,,,,,,,,,,,,,,,,,,,,,,,,,,,,,,,,,,,,,,,,,,,,,,,nan,,,,,,,,,,,,,,,
410,2320.17626953125,0.023178108036518097,2.3178108036518097,2998.4890797138214,10000,ppo,ppo,crawler,flat,action_dth_tot_plus_friction_thdot_formula,,,,,,,,,,,,,,,0.004500511870220144,0,781,0.0,0.0,,,,,,,,,,,,,,,,,,,,,,,,,,,,,,,,,,,,,,,,,,,,,,,,,,,,,,,,,,,,,,,,,,,,,,,,,,nan,,,,,,,,,,,,,,,
411,2378.142333984375,0.023754915222525597,2.3754915222525597,3005.8996555805206,10000,ppo,ppo,crawler,flat,action_dth_tot_plus_friction_thdot_formula,,,,,,,,,,,,,,,0.0038980824892080024,0,781,0.0,0.0,,,,,,,,,,,,,,,,,,,,,,,,,,,,,,,,,,,,,,,,,,,,,,,,,,,,,,,,,,,,,,,,,,,,,,,,,,nan,,,,,,,,,,,,,,,
412,2406.94775390625,0.02404298074543476,2.404298074543476,3013.314076900482,10000,ppo,ppo,crawler,flat,action_dth_tot_plus_friction_thdot_formula,,,,,,,,,,,,,,,0.003238978011021748,0,781,0.0,0.0,,,,,,,,,,,,,,,,,,,,,,,,,,,,,,,,,,,,,,,,,,,,,,,,,,,,,,,,,,,,,,,,,,,,,,,,,,nan,,,,,,,,,,,,,,,
413,2374.76416015625,0.02372759021818638,2.372759021818638,3020.519751548767,10000,ppo,ppo,crawler,flat,action_dth_tot_plus_friction_thdot_formula,,,,,,,,,,,,,,,0.003267781852609472,0,781,0.0,0.0,,,,,,,,,,,,,,,,,,,,,,,,,,,,,,,,,,,,,,,,,,,,,,,,,,,,,,,,,,,,,,,,,,,,,,,,,,nan,,,,,,,,,,,,,,,
414,2439.045654296875,0.024363448843359947,2.4363448843359947,3027.941934108734,10000,ppo,ppo,crawler,flat,action_dth_tot_plus_friction_thdot_formula,,,,,,,,,,,,,,,0.00366797375081497,0,781,0.0,0.0,,,,,,,,,,,,,,,,,,,,,,,,,,,,,,,,,,,,,,,,,,,,,,,,,,,,,,,,,,,,,,,,,,,,,,,,,,nan,,,,,,,,,,,,,,,
415,2501.341552734375,0.024993525817990303,2.4993525817990303,3035.530350923538,10000,ppo,ppo,crawler,flat,action_dth_tot_plus_friction_thdot_formula,,,,,,,,,,,,,,,0.0037282623274078313,0,781,0.0,0.0,,,,,,,,,,,,,,,,,,,,,,,,,,,,,,,,,,,,,,,,,,,,,,,,,,,,,,,,,,,,,,,,,,,,,,,,,,nan,,,,,,,,,,,,,,,
416,2488.36767578125,0.024856215342879295,2.4856215342879295,3042.7737905979156,10000,ppo,ppo,crawler,flat,action_dth_tot_plus_friction_thdot_formula,,,,,,,,,,,,,,,0.0034891933312078535,0,781,0.0,0.0,,,,,,,,,,,,,,,,,,,,,,,,,,,,,,,,,,,,,,,,,,,,,,,,,,,,,,,,,,,,,,,,,,,,,,,,,,nan,,,,,,,,,,,,,,,
417,2374.63916015625,0.023724574595689774,2.3724574595689774,3050.1112117767334,10000,ppo,ppo,crawler,flat,action_dth_tot_plus_friction_thdot_formula,,,,,,,,,,,,,,,0.003885039899148829,0,781,0.0,0.0,,,,,,,,,,,,,,,,,,,,,,,,,,,,,,,,,,,,,,,,,,,,,,,,,,,,,,,,,,,,,,,,,,,,,,,,,,nan,,,,,,,,,,,,,,,
418,2566.10205078125,0.025634782388806343,2.5634782388806343,3057.4573469161987,10000,ppo,ppo,crawler,flat,action_dth_tot_plus_friction_thdot_formula,,,,,,,,,,,,,,,0.0035851234027197065,0,781,0.0,0.0,,,,,,,,,,,,,,,,,,,,,,,,,,,,,,,,,,,,,,,,,,,,,,,,,,,,,,,,,,,,,,,,,,,,,,,,,,nan,,,,,,,,,,,,,,,
419,2475.707763671875,0.024730844423174858,2.473084442317486,3064.9240851402283,10000,ppo,ppo,crawler,flat,action_dth_tot_plus_friction_thdot_formula,,,,,,,,,,,,,,,0.004124691937452364,0,781,0.0,0.0,,,,,,,,,,,,,,,,,,,,,,,,,,,,,,,,,,,,,,,,,,,,,,,,,,,,,,,,,,,,,,,,,,,,,,,,,,nan,,,,,,,,,,,,,,,
420,2415.0205078125,0.024121234193444252,2.412123419344425,3072.3817975521088,10000,ppo,ppo,crawler,flat,action_dth_tot_plus_friction_thdot_formula,,,,,,,,,,,,,,,0.0043632931022105255,0,781,0.0,0.0,,,,,,,,,,,,,,,,,,,,,,,,,,,,,,,,,,,,,,,,,,,,,,,,,,,,,,,,,,,,,,,,,,,,,,,,,,nan,,,,,,,,,,,,,,,
421,2529.200927734375,0.02526557818055153,2.526557818055153,3079.8546171188354,10000,ppo,ppo,crawler,flat,action_dth_tot_plus_friction_thdot_formula,,,,,,,,,,,,,,,0.0027374162494590106,0,781,0.0,0.0,,,,,,,,,,,,,,,,,,,,,,,,,,,,,,,,,,,,,,,,,,,,,,,,,,,,,,,,,,,,,,,,,,,,,,,,,,nan,,,,,,,,,,,,,,,
422,2486.81591796875,0.024842359125614166,2.4842359125614166,3087.1987569332123,10000,ppo,ppo,crawler,flat,action_dth_tot_plus_friction_thdot_formula,,,,,,,,,,,,,,,0.004376397898595687,0,781,0.0,0.0,,,,,,,,,,,,,,,,,,,,,,,,,,,,,,,,,,,,,,,,,,,,,,,,,,,,,,,,,,,,,,,,,,,,,,,,,,nan,,,,,,,,,,,,,,,
423,2472.47705078125,0.024706346914172173,2.4706346914172173,3094.66069149971,10000,ppo,ppo,crawler,flat,action_dth_tot_plus_friction_thdot_formula,,,,,,,,,,,,,,,0.003337315187013497,0,781,0.0,0.0,,,,,,,,,,,,,,,,,,,,,,,,,,,,,,,,,,,,,,,,,,,,,,,,,,,,,,,,,,,,,,,,,,,,,,,,,,nan,,,,,,,,,,,,,,,
424,2462.64111328125,0.024602841585874557,2.4602841585874557,3101.8894188404083,10000,ppo,ppo,crawler,flat,action_dth_tot_plus_friction_thdot_formula,,,,,,,,,,,,,,,0.0035252427581218327,0,781,0.0,0.0,,,,,,,,,,,,,,,,,,,,,,,,,,,,,,,,,,,,,,,,,,,,,,,,,,,,,,,,,,,,,,,,,,,,,,,,,,nan,,,,,,,,,,,,,,,
425,2310.05126953125,0.023073991760611534,2.3073991760611534,3109.503690481186,10000,ppo,ppo,crawler,flat,action_dth_tot_plus_friction_thdot_formula,,,,,,,,,,,,,,,0.0033632252882884652,0,781,0.0,0.0,,,,,,,,,,,,,,,,,,,,,,,,,,,,,,,,,,,,,,,,,,,,,,,,,,,,,,,,,,,,,,,,,,,,,,,,,,nan,,,,,,,,,,,,,,,
426,2371.367919921875,0.023689312860369682,2.3689312860369682,3116.910507917404,10000,ppo,ppo,crawler,flat,action_dth_tot_plus_friction_thdot_formula,,,,,,,,,,,,,,,0.00401456312155834,0,781,0.0,0.0,,,,,,,,,,,,,,,,,,,,,,,,,,,,,,,,,,,,,,,,,,,,,,,,,,,,,,,,,,,,,,,,,,,,,,,,,,nan,,,,,,,,,,,,,,,
427,2273.291015625,0.022711139172315598,2.2711139172315598,3124.305985927582,10000,ppo,ppo,crawler,flat,action_dth_tot_plus_friction_thdot_formula,,,,,,,,,,,,,,,0.004300685590838122,0,781,0.0,0.0,,,,,,,,,,,,,,,,,,,,,,,,,,,,,,,,,,,,,,,,,,,,,,,,,,,,,,,,,,,,,,,,,,,,,,,,,,nan,,,,,,,,,,,,,,,
428,2368.160888671875,0.023654500022530556,2.3654500022530556,3131.6379294395447,10000,ppo,ppo,crawler,flat,action_dth_tot_plus_friction_thdot_formula,,,,,,,,,,,,,,,0.0033634914074909352,0,781,0.0,0.0,,,,,,,,,,,,,,,,,,,,,,,,,,,,,,,,,,,,,,,,,,,,,,,,,,,,,,,,,,,,,,,,,,,,,,,,,,nan,,,,,,,,,,,,,,,
429,2401.87744140625,0.02399507723748684,2.399507723748684,3139.14723610878,10000,ppo,ppo,crawler,flat,action_dth_tot_plus_friction_thdot_formula,,,,,,,,,,,,,,,0.0033661459921262966,0,781,0.0,0.0,,,,,,,,,,,,,,,,,,,,,,,,,,,,,,,,,,,,,,,,,,,,,,,,,,,,,,,,,,,,,,,,,,,,,,,,,,nan,,,,,,,,,,,,,,,
430,2375.077392578125,0.02372417226433754,2.372417226433754,3146.7985684871674,10000,ppo,ppo,crawler,flat,action_dth_tot_plus_friction_thdot_formula,,,,,,,,,,,,,,,0.0033113105196422906,0,781,0.0,0.0,,,,,,,,,,,,,,,,,,,,,,,,,,,,,,,,,,,,,,,,,,,,,,,,,,,,,,,,,,,,,,,,,,,,,,,,,,nan,,,,,,,,,,,,,,,
431,2450.77197265625,0.02448308654129505,2.448308654129505,3154.01717710495,10000,ppo,ppo,crawler,flat,action_dth_tot_plus_friction_thdot_formula,,,,,,,,,,,,,,,0.0041756329423880325,0,781,0.0,0.0,,,,,,,,,,,,,,,,,,,,,,,,,,,,,,,,,,,,,,,,,,,,,,,,,,,,,,,,,,,,,,,,,,,,,,,,,,nan,,,,,,,,,,,,,,,
432,2531.359130859375,0.025291556492447853,2.5291556492447853,3161.3339245319366,10000,ppo,ppo,crawler,flat,action_dth_tot_plus_friction_thdot_formula,,,,,,,,,,,,,,,0.0034385625649065916,0,781,0.0,0.0,,,,,,,,,,,,,,,,,,,,,,,,,,,,,,,,,,,,,,,,,,,,,,,,,,,,,,,,,,,,,,,,,,,,,,,,,,nan,,,,,,,,,,,,,,,
433,2411.055419921875,0.02408735826611519,2.408735826611519,3168.964443922043,10000,ppo,ppo,crawler,flat,action_dth_tot_plus_friction_thdot_formula,,,,,,,,,,,,,,,0.0032181004079064133,0,781,0.0,0.0,,,,,,,,,,,,,,,,,,,,,,,,,,,,,,,,,,,,,,,,,,,,,,,,,,,,,,,,,,,,,,,,,,,,,,,,,,nan,,,,,,,,,,,,,,,
434,2428.165283203125,0.024255305528640747,2.4255305528640747,3176.1914851665497,10000,ppo,ppo,crawler,flat,action_dth_tot_plus_friction_thdot_formula,,,,,,,,,,,,,,,0.0039277952196459295,0,781,0.0,0.0,,,,,,,,,,,,,,,,,,,,,,,,,,,,,,,,,,,,,,,,,,,,,,,,,,,,,,,,,,,,,,,,,,,,,,,,,,nan,,,,,,,,,,,,,,,
435,2599.593994140625,0.025969834998250008,2.5969834998250008,3183.548803806305,10000,ppo,ppo,crawler,flat,action_dth_tot_plus_friction_thdot_formula,,,,,,,,,,,,,,,0.00270109887356499,0,781,0.0,0.0,,,,,,,,,,,,,,,,,,,,,,,,,,,,,,,,,,,,,,,,,,,,,,,,,,,,,,,,,,,,,,,,,,,,,,,,,,nan,,,,,,,,,,,,,,,
436,2510.408447265625,0.025074483826756477,2.5074483826756477,3190.8276047706604,10000,ppo,ppo,crawler,flat,action_dth_tot_plus_friction_thdot_formula,,,,,,,,,,,,,,,0.0030682723802721865,0,781,0.0,0.0,,,,,,,,,,,,,,,,,,,,,,,,,,,,,,,,,,,,,,,,,,,,,,,,,,,,,,,,,,,,,,,,,,,,,,,,,,nan,,,,,,,,,,,,,,,
437,2463.010498046875,0.024602539837360382,2.460253983736038,3198.2691643238068,10000,ppo,ppo,crawler,flat,action_dth_tot_plus_friction_thdot_formula,,,,,,,,,,,,,,,0.003414348688867377,0,781,0.0,0.0,,,,,,,,,,,,,,,,,,,,,,,,,,,,,,,,,,,,,,,,,,,,,,,,,,,,,,,,,,,,,,,,,,,,,,,,,,nan,,,,,,,,,,,,,,,
438,2520.602294921875,0.025182601064443588,2.518260106444359,3204.9107942581177,10000,ppo,ppo,crawler,flat,action_dth_tot_plus_friction_thdot_formula,,,,,,,,,,,,,,,0.0032516745416681244,0,781,0.0,0.0,,,,,,,,,,,,,,,,,,,,,,,,,,,,,,,,,,,,,,,,,,,,,,,,,,,,,,,,,,,,,,,,,,,,,,,,,,nan,,,,,,,,,,,,,,,
439,2383.7421875,0.023813521489501,2.3813521489501,3211.612718105316,10000,ppo,ppo,crawler,flat,action_dth_tot_plus_friction_thdot_formula,,,,,,,,,,,,,,,0.00436139946118374,0,781,0.0,0.0,,,,,,,,,,,,,,,,,,,,,,,,,,,,,,,,,,,,,,,,,,,,,,,,,,,,,,,,,,,,,,,,,,,,,,,,,,nan,,,,,,,,,,,,,,,
440,2435.39111328125,0.024327969178557396,2.4327969178557396,3218.1713275909424,10000,ppo,ppo,crawler,flat,action_dth_tot_plus_friction_thdot_formula,,,,,,,,,,,,,,,0.0039456800586963135,0,781,0.0,0.0,,,,,,,,,,,,,,,,,,,,,,,,,,,,,,,,,,,,,,,,,,,,,,,,,,,,,,,,,,,,,,,,,,,,,,,,,,nan,,,,,,,,,,,,,,,
441,2384.215576171875,0.023821355774998665,2.3821355774998665,3224.9515154361725,10000,ppo,ppo,crawler,flat,action_dth_tot_plus_friction_thdot_formula,,,,,,,,,,,,,,,0.003994980940258992,0,781,0.0,0.0,,,,,,,,,,,,,,,,,,,,,,,,,,,,,,,,,,,,,,,,,,,,,,,,,,,,,,,,,,,,,,,,,,,,,,,,,,nan,,,,,,,,,,,,,,,
442,2356.11376953125,0.02353081852197647,2.353081852197647,3232.122099161148,10000,ppo,ppo,crawler,flat,action_dth_tot_plus_friction_thdot_formula,,,,,,,,,,,,,,,0.0037947473760602444,0,781,0.0,0.0,,,,,,,,,,,,,,,,,,,,,,,,,,,,,,,,,,,,,,,,,,,,,,,,,,,,,,,,,,,,,,,,,,,,,,,,,,nan,,,,,,,,,,,,,,,
443,2256.140625,0.022536152973771095,2.2536152973771095,3239.029620409012,10000,ppo,ppo,crawler,flat,action_dth_tot_plus_friction_thdot_formula,,,,,,,,,,,,,,,0.004526581213792855,0,781,0.0,0.0,,,,,,,,,,,,,,,,,,,,,,,,,,,,,,,,,,,,,,,,,,,,,,,,,,,,,,,,,,,,,,,,,,,,,,,,,,nan,,,,,,,,,,,,,,,
444,2241.656982421875,0.02239055186510086,2.239055186510086,3245.9463942050934,10000,ppo,ppo,crawler,flat,action_dth_tot_plus_friction_thdot_formula,,,,,,,,,,,,,,,0.004893670295840356,0,781,0.0,0.0,,,,,,,,,,,,,,,,,,,,,,,,,,,,,,,,,,,,,,,,,,,,,,,,,,,,,,,,,,,,,,,,,,,,,,,,,,nan,,,,,,,,,,,,,,,
445,2324.028076171875,0.023215370252728462,2.321537025272846,3253.0898880958557,10000,ppo,ppo,crawler,flat,action_dth_tot_plus_friction_thdot_formula,,,,,,,,,,,,,,,0.002981342014480411,0,781,0.0,0.0,,,,,,,,,,,,,,,,,,,,,,,,,,,,,,,,,,,,,,,,,,,,,,,,,,,,,,,,,,,,,,,,,,,,,,,,,,nan,,,,,,,,,,,,,,,
446,2319.94677734375,0.023173412308096886,2.3173412308096886,3260.2980341911316,10000,ppo,ppo,crawler,flat,action_dth_tot_plus_friction_thdot_formula,,,,,,,,,,,,,,,0.003344061865236386,0,781,0.0,0.0,,,,,,,,,,,,,,,,,,,,,,,,,,,,,,,,,,,,,,,,,,,,,,,,,,,,,,,,,,,,,,,,,,,,,,,,,,nan,,,,,,,,,,,,,,,
447,2378.292724609375,0.023755129426717758,2.375512942671776,3267.5663611888885,10000,ppo,ppo,crawler,flat,action_dth_tot_plus_friction_thdot_formula,,,,,,,,,,,,,,,0.0033439296792531397,0,781,0.0,0.0,,,,,,,,,,,,,,,,,,,,,,,,,,,,,,,,,,,,,,,,,,,,,,,,,,,,,,,,,,,,,,,,,,,,,,,,,,nan,,,,,,,,,,,,,,,
448,2414.82666015625,0.024120120331645012,2.412012033164501,3274.8703393936157,10000,ppo,ppo,crawler,flat,action_dth_tot_plus_friction_thdot_formula,,,,,,,,,,,,,,,0.0029989668662184625,0,781,0.0,0.0,,,,,,,,,,,,,,,,,,,,,,,,,,,,,,,,,,,,,,,,,,,,,,,,,,,,,,,,,,,,,,,,,,,,,,,,,,nan,,,,,,,,,,,,,,,
449,2413.651611328125,0.02411322295665741,2.411322295665741,3282.091507434845,10000,ppo,ppo,crawler,flat,action_dth_tot_plus_friction_thdot_formula,,,,,,,,,,,,,,,0.0035260535703427022,0,781,0.0,0.0,,,,,,,,,,,,,,,,,,,,,,,,,,,,,,,,,,,,,,,,,,,,,,,,,,,,,,,,,,,,,,,,,,,,,,,,,,nan,,,,,,,,,,,,,,,
450,2349.877685546875,0.023477274924516678,2.347727492451668,3289.3446221351624,10000,ppo,ppo,crawler,flat,action_dth_tot_plus_friction_thdot_formula,,,,,,,,,,,,,,,0.003468815831024207,0,781,0.0,0.0,,,,,,,,,,,,,,,,,,,,,,,,,,,,,,,,,,,,,,,,,,,,,,,,,,,,,,,,,,,,,,,,,,,,,,,,,,nan,,,,,,,,,,,,,,,
451,2372.372314453125,0.023697054013609886,2.3697054013609886,3296.7178530693054,10000,ppo,ppo,crawler,flat,action_dth_tot_plus_friction_thdot_formula,,,,,,,,,,,,,,,0.0037269151170210967,0,781,0.0,0.0,,,,,,,,,,,,,,,,,,,,,,,,,,,,,,,,,,,,,,,,,,,,,,,,,,,,,,,,,,,,,,,,,,,,,,,,,,nan,,,,,,,,,,,,,,,
452,2358.09228515625,0.023555073887109756,2.3555073887109756,3304.1895916461945,10000,ppo,ppo,crawler,flat,action_dth_tot_plus_friction_thdot_formula,,,,,,,,,,,,,,,0.003174494873073784,0,781,0.0,0.0,,,,,,,,,,,,,,,,,,,,,,,,,,,,,,,,,,,,,,,,,,,,,,,,,,,,,,,,,,,,,,,,,,,,,,,,,,nan,,,,,,,,,,,,,,,
453,2381.6806640625,0.02378896065056324,2.378896065056324,3311.544644355774,10000,ppo,ppo,crawler,flat,action_dth_tot_plus_friction_thdot_formula,,,,,,,,,,,,,,,0.002471843961400914,0,781,0.0,0.0,,,,,,,,,,,,,,,,,,,,,,,,,,,,,,,,,,,,,,,,,,,,,,,,,,,,,,,,,,,,,,,,,,,,,,,,,,nan,,,,,,,,,,,,,,,
454,2442.805908203125,0.024404101073741913,2.4404101073741913,3318.8178148269653,10000,ppo,ppo,crawler,flat,action_dth_tot_plus_friction_thdot_formula,,,,,,,,,,,,,,,0.0038557267559930163,0,781,0.0,0.0,,,,,,,,,,,,,,,,,,,,,,,,,,,,,,,,,,,,,,,,,,,,,,,,,,,,,,,,,,,,,,,,,,,,,,,,,,nan,,,,,,,,,,,,,,,
455,2349.479248046875,0.02346767485141754,2.346767485141754,3326.040680408478,10000,ppo,ppo,crawler,flat,action_dth_tot_plus_friction_thdot_formula,,,,,,,,,,,,,,,0.0031164357660483765,0,781,0.0,0.0,,,,,,,,,,,,,,,,,,,,,,,,,,,,,,,,,,,,,,,,,,,,,,,,,,,,,,,,,,,,,,,,,,,,,,,,,,nan,,,,,,,,,,,,,,,
456,2429.238525390625,0.024266134947538376,2.4266134947538376,3333.4874806404114,10000,ppo,ppo,crawler,flat,action_dth_tot_plus_friction_thdot_formula,,,,,,,,,,,,,,,0.003172088770123399,0,781,0.0,0.0,,,,,,,,,,,,,,,,,,,,,,,,,,,,,,,,,,,,,,,,,,,,,,,,,,,,,,,,,,,,,,,,,,,,,,,,,,nan,,,,,,,,,,,,,,,
457,2393.68408203125,0.023914242163300514,2.3914242163300514,3340.6648654937744,10000,ppo,ppo,crawler,flat,action_dth_tot_plus_friction_thdot_formula,,,,,,,,,,,,,,,0.0038445987235593746,0,781,0.0,0.0,,,,,,,,,,,,,,,,,,,,,,,,,,,,,,,,,,,,,,,,,,,,,,,,,,,,,,,,,,,,,,,,,,,,,,,,,,nan,,,,,,,,,,,,,,,
458,2278.49658203125,0.022761434316635132,2.276143431663513,3348.040294408798,10000,ppo,ppo,crawler,flat,action_dth_tot_plus_friction_thdot_formula,,,,,,,,,,,,,,,0.0036922679651274003,0,781,0.0,0.0,,,,,,,,,,,,,,,,,,,,,,,,,,,,,,,,,,,,,,,,,,,,,,,,,,,,,,,,,,,,,,,,,,,,,,,,,,nan,,,,,,,,,,,,,,,
459,2324.004638671875,0.02321362867951393,2.321362867951393,3355.369799852371,10000,ppo,ppo,crawler,flat,action_dth_tot_plus_friction_thdot_formula,,,,,,,,,,,,,,,0.004065159111055361,0,781,0.0,0.0,,,,,,,,,,,,,,,,,,,,,,,,,,,,,,,,,,,,,,,,,,,,,,,,,,,,,,,,,,,,,,,,,,,,,,,,,,nan,,,,,,,,,,,,,,,
460,2388.464111328125,0.023861156776547432,2.386115677654743,3362.815047264099,10000,ppo,ppo,crawler,flat,action_dth_tot_plus_friction_thdot_formula,,,,,,,,,,,,,,,0.003641997619432775,0,781,0.0,0.0,,,,,,,,,,,,,,,,,,,,,,,,,,,,,,,,,,,,,,,,,,,,,,,,,,,,,,,,,,,,,,,,,,,,,,,,,,nan,,,,,,,,,,,,,,,
461,2406.356689453125,0.02403675578534603,2.403675578534603,3369.9822237491608,10000,ppo,ppo,crawler,flat,action_dth_tot_plus_friction_thdot_formula,,,,,,,,,,,,,,,0.003923786759511275,0,781,0.0,0.0,,,,,,,,,,,,,,,,,,,,,,,,,,,,,,,,,,,,,,,,,,,,,,,,,,,,,,,,,,,,,,,,,,,,,,,,,,nan,,,,,,,,,,,,,,,
462,2487.925048828125,0.02485470287501812,2.485470287501812,3377.2746217250824,10000,ppo,ppo,crawler,flat,action_dth_tot_plus_friction_thdot_formula,,,,,,,,,,,,,,,0.003156843638843851,0,781,0.0,0.0,,,,,,,,,,,,,,,,,,,,,,,,,,,,,,,,,,,,,,,,,,,,,,,,,,,,,,,,,,,,,,,,,,,,,,,,,,nan,,,,,,,,,,,,,,,
463,2432.943115234375,0.02430068887770176,2.430068887770176,3384.55401468277,10000,ppo,ppo,crawler,flat,action_dth_tot_plus_friction_thdot_formula,,,,,,,,,,,,,,,0.002866106804496956,0,781,0.0,0.0,,,,,,,,,,,,,,,,,,,,,,,,,,,,,,,,,,,,,,,,,,,,,,,,,,,,,,,,,,,,,,,,,,,,,,,,,,nan,,,,,,,,,,,,,,,
464,2436.818115234375,0.024340713396668434,2.4340713396668434,3391.9400160312653,10000,ppo,ppo,crawler,flat,action_dth_tot_plus_friction_thdot_formula,,,,,,,,,,,,,,,0.0034513957947912947,0,781,0.0,0.0,,,,,,,,,,,,,,,,,,,,,,,,,,,,,,,,,,,,,,,,,,,,,,,,,,,,,,,,,,,,,,,,,,,,,,,,,,nan,,,,,,,,,,,,,,,
465,2521.068359375,0.025189092382788658,2.518909238278866,3399.0813703536987,10000,ppo,ppo,crawler,flat,action_dth_tot_plus_friction_thdot_formula,,,,,,,,,,,,,,,0.0031227575343089698,0,781,0.0,0.0,,,,,,,,,,,,,,,,,,,,,,,,,,,,,,,,,,,,,,,,,,,,,,,,,,,,,,,,,,,,,,,,,,,,,,,,,,nan,,,,,,,,,,,,,,,
466,2459.122314453125,0.02456512115895748,2.456512115895748,3406.1781091690063,10000,ppo,ppo,crawler,flat,action_dth_tot_plus_friction_thdot_formula,,,,,,,,,,,,,,,0.003183001237639695,0,781,0.0,0.0,,,,,,,,,,,,,,,,,,,,,,,,,,,,,,,,,,,,,,,,,,,,,,,,,,,,,,,,,,,,,,,,,,,,,,,,,,nan,,,,,,,,,,,,,,,
467,2529.829833984375,0.0252708587795496,2.52708587795496,3413.7394182682037,10000,ppo,ppo,crawler,flat,action_dth_tot_plus_friction_thdot_formula,,,,,,,,,,,,,,,0.0032303522303092284,0,781,0.0,0.0,,,,,,,,,,,,,,,,,,,,,,,,,,,,,,,,,,,,,,,,,,,,,,,,,,,,,,,,,,,,,,,,,,,,,,,,,,nan,,,,,,,,,,,,,,,
468,2484.732177734375,0.024820959195494652,2.482095919549465,3421.0087954998016,10000,ppo,ppo,crawler,flat,action_dth_tot_plus_friction_thdot_formula,,,,,,,,,,,,,,,0.0031115921827154793,0,781,0.0,0.0,,,,,,,,,,,,,,,,,,,,,,,,,,,,,,,,,,,,,,,,,,,,,,,,,,,,,,,,,,,,,,,,,,,,,,,,,,nan,,,,,,,,,,,,,,,
469,2542.37890625,0.025398949161171913,2.5398949161171913,3428.533613920212,10000,ppo,ppo,crawler,flat,action_dth_tot_plus_friction_thdot_formula,,,,,,,,,,,,,,,0.0032912016711788067,0,781,0.0,0.0,,,,,,,,,,,,,,,,,,,,,,,,,,,,,,,,,,,,,,,,,,,,,,,,,,,,,,,,,,,,,,,,,,,,,,,,,,nan,,,,,,,,,,,,,,,
470,2421.177001953125,0.024182045832276344,2.4182045832276344,3435.582344055176,10000,ppo,ppo,crawler,flat,action_dth_tot_plus_friction_thdot_formula,,,,,,,,,,,,,,,0.0036587315482903087,0,781,0.0,0.0,,,,,,,,,,,,,,,,,,,,,,,,,,,,,,,,,,,,,,,,,,,,,,,,,,,,,,,,,,,,,,,,,,,,,,,,,,nan,,,,,,,,,,,,,,,
471,2517.19970703125,0.02514517307281494,2.514517307281494,3443.034618139267,10000,ppo,ppo,crawler,flat,action_dth_tot_plus_friction_thdot_formula,,,,,,,,,,,,,,,0.0030953557375566878,0,781,0.0,0.0,,,,,,,,,,,,,,,,,,,,,,,,,,,,,,,,,,,,,,,,,,,,,,,,,,,,,,,,,,,,,,,,,,,,,,,,,,nan,,,,,,,,,,,,,,,
472,2547.109130859375,0.025446001440286636,2.5446001440286636,3450.1212158203125,10000,ppo,ppo,crawler,flat,action_dth_tot_plus_friction_thdot_formula,,,,,,,,,,,,,,,0.003826491167949496,0,781,0.0,0.0,,,,,,,,,,,,,,,,,,,,,,,,,,,,,,,,,,,,,,,,,,,,,,,,,,,,,,,,,,,,,,,,,,,,,,,,,,nan,,,,,,,,,,,,,,,
473,2609.427490234375,0.02606898732483387,2.606898732483387,3457.3646008968353,10000,ppo,ppo,crawler,flat,action_dth_tot_plus_friction_thdot_formula,,,,,,,,,,,,,,,0.003283590078279352,0,781,0.0,0.0,,,,,,,,,,,,,,,,,,,,,,,,,,,,,,,,,,,,,,,,,,,,,,,,,,,,,,,,,,,,,,,,,,,,,,,,,,nan,,,,,,,,,,,,,,,
474,2598.194580078125,0.02595854178071022,2.595854178071022,3464.5403776168823,10000,ppo,ppo,crawler,flat,action_dth_tot_plus_friction_thdot_formula,,,,,,,,,,,,,,,0.0036795382303270426,0,781,0.0,0.0,,,,,,,,,,,,,,,,,,,,,,,,,,,,,,,,,,,,,,,,,,,,,,,,,,,,,,,,,,,,,,,,,,,,,,,,,,nan,,,,,,,,,,,,,,,
475,2541.389892578125,0.025383278727531433,2.5383278727531433,3472.0144085884094,10000,ppo,ppo,crawler,flat,action_dth_tot_plus_friction_thdot_formula,,,,,,,,,,,,,,,0.0038620939162048833,0,781,0.0,0.0,,,,,,,,,,,,,,,,,,,,,,,,,,,,,,,,,,,,,,,,,,,,,,,,,,,,,,,,,,,,,,,,,,,,,,,,,,nan,,,,,,,,,,,,,,,
476,2567.533935546875,0.02564924769103527,2.564924769103527,3479.0593559741974,10000,ppo,ppo,crawler,flat,action_dth_tot_plus_friction_thdot_formula,,,,,,,,,,,,,,,0.0039293810054594255,0,781,0.0,0.0,,,,,,,,,,,,,,,,,,,,,,,,,,,,,,,,,,,,,,,,,,,,,,,,,,,,,,,,,,,,,,,,,,,,,,,,,,nan,,,,,,,,,,,,,,,
477,2528.83203125,0.025260763242840767,2.5260763242840767,3486.2623932361603,10000,ppo,ppo,crawler,flat,action_dth_tot_plus_friction_thdot_formula,,,,,,,,,,,,,,,0.0033211303679508046,0,781,0.0,0.0,,,,,,,,,,,,,,,,,,,,,,,,,,,,,,,,,,,,,,,,,,,,,,,,,,,,,,,,,,,,,,,,,,,,,,,,,,nan,,,,,,,,,,,,,,,
478,2543.819091796875,0.025411661714315414,2.5411661714315414,3493.397319316864,10000,ppo,ppo,crawler,flat,action_dth_tot_plus_friction_thdot_formula,,,,,,,,,,,,,,,0.0032234381271031938,0,781,0.0,0.0,,,,,,,,,,,,,,,,,,,,,,,,,,,,,,,,,,,,,,,,,,,,,,,,,,,,,,,,,,,,,,,,,,,,,,,,,,nan,,,,,,,,,,,,,,,
479,2635.107421875,0.02631852962076664,2.631852962076664,3500.5510239601135,10000,ppo,ppo,crawler,flat,action_dth_tot_plus_friction_thdot_formula,,,,,,,,,,,,,,,0.0034584529701547004,0,781,0.0,0.0,,,,,,,,,,,,,,,,,,,,,,,,,,,,,,,,,,,,,,,,,,,,,,,,,,,,,,,,,,,,,,,,,,,,,,,,,,nan,,,,,,,,,,,,,,,
480,2565.571533203125,0.02562982775270939,2.562982775270939,3507.7034406661987,10000,ppo,ppo,crawler,flat,action_dth_tot_plus_friction_thdot_formula,,,,,,,,,,,,,,,0.002833228734303707,0,781,0.0,0.0,,,,,,,,,,,,,,,,,,,,,,,,,,,,,,,,,,,,,,,,,,,,,,,,,,,,,,,,,,,,,,,,,,,,,,,,,,nan,,,,,,,,,,,,,,,
481,2545.321044921875,0.025421075522899628,2.5421075522899628,3514.8019297122955,10000,ppo,ppo,crawler,flat,action_dth_tot_plus_friction_thdot_formula,,,,,,,,,,,,,,,0.003439728861784076,0,781,0.0,0.0,,,,,,,,,,,,,,,,,,,,,,,,,,,,,,,,,,,,,,,,,,,,,,,,,,,,,,,,,,,,,,,,,,,,,,,,,,nan,,,,,,,,,,,,,,,
482,2611.23779296875,0.026079833507537842,2.607983350753784,3522.017815351486,10000,ppo,ppo,crawler,flat,action_dth_tot_plus_friction_thdot_formula,,,,,,,,,,,,,,,0.003876393503421815,0,781,0.0,0.0,,,,,,,,,,,,,,,,,,,,,,,,,,,,,,,,,,,,,,,,,,,,,,,,,,,,,,,,,,,,,,,,,,,,,,,,,,nan,,,,,,,,,,,,,,,
483,2706.595458984375,0.02703903056681156,2.703903056681156,3529.109783887863,10000,ppo,ppo,crawler,flat,action_dth_tot_plus_friction_thdot_formula,,,,,,,,,,,,,,,0.0028933114220525964,0,781,0.0,0.0,,,,,,,,,,,,,,,,,,,,,,,,,,,,,,,,,,,,,,,,,,,,,,,,,,,,,,,,,,,,,,,,,,,,,,,,,,nan,,,,,,,,,,,,,,,
484,2577.487548828125,0.025752468034625053,2.5752468034625053,3536.2996196746826,10000,ppo,ppo,crawler,flat,action_dth_tot_plus_friction_thdot_formula,,,,,,,,,,,,,,,0.003973946775565825,0,781,0.0,0.0,,,,,,,,,,,,,,,,,,,,,,,,,,,,,,,,,,,,,,,,,,,,,,,,,,,,,,,,,,,,,,,,,,,,,,,,,,nan,,,,,,,,,,,,,,,
485,2621.2060546875,0.02618950419127941,2.618950419127941,3543.58789563179,10000,ppo,ppo,crawler,flat,action_dth_tot_plus_friction_thdot_formula,,,,,,,,,,,,,,,0.002749221289159835,0,781,0.0,0.0,,,,,,,,,,,,,,,,,,,,,,,,,,,,,,,,,,,,,,,,,,,,,,,,,,,,,,,,,,,,,,,,,,,,,,,,,,nan,,,,,,,,,,,,,,,
486,2653.339111328125,0.026503637433052063,2.6503637433052063,3550.910744667053,10000,ppo,ppo,crawler,flat,action_dth_tot_plus_friction_thdot_formula,,,,,,,,,,,,,,,0.003180822448424277,0,781,0.0,0.0,,,,,,,,,,,,,,,,,,,,,,,,,,,,,,,,,,,,,,,,,,,,,,,,,,,,,,,,,,,,,,,,,,,,,,,,,,nan,,,,,,,,,,,,,,,
487,2610.470458984375,0.026079216971993446,2.6079216971993446,3558.5474479198456,10000,ppo,ppo,crawler,flat,action_dth_tot_plus_friction_thdot_formula,,,,,,,,,,,,,,,0.00336127626043643,0,781,0.0,0.0,,,,,,,,,,,,,,,,,,,,,,,,,,,,,,,,,,,,,,,,,,,,,,,,,,,,,,,,,,,,,,,,,,,,,,,,,,nan,,,,,,,,,,,,,,,
488,2702.837890625,0.027001531794667244,2.7001531794667244,3565.6535017490387,10000,ppo,ppo,crawler,flat,action_dth_tot_plus_friction_thdot_formula,,,,,,,,,,,,,,,0.0040024013981678035,0,781,0.0,0.0,,,,,,,,,,,,,,,,,,,,,,,,,,,,,,,,,,,,,,,,,,,,,,,,,,,,,,,,,,,,,,,,,,,,,,,,,,nan,,,,,,,,,,,,,,,
489,2541.648193359375,0.025386570021510124,2.5386570021510124,3573.0844616889954,10000,ppo,ppo,crawler,flat,action_dth_tot_plus_friction_thdot_formula,,,,,,,,,,,,,,,0.004331103217912953,0,781,0.0,0.0,,,,,,,,,,,,,,,,,,,,,,,,,,,,,,,,,,,,,,,,,,,,,,,,,,,,,,,,,,,,,,,,,,,,,,,,,,nan,,,,,,,,,,,,,,,
490,2628.91552734375,0.02625970169901848,2.625970169901848,3580.165815114975,10000,ppo,ppo,crawler,flat,action_dth_tot_plus_friction_thdot_formula,,,,,,,,,,,,,,,0.003093694778971336,0,781,0.0,0.0,,,,,,,,,,,,,,,,,,,,,,,,,,,,,,,,,,,,,,,,,,,,,,,,,,,,,,,,,,,,,,,,,,,,,,,,,,nan,,,,,,,,,,,,,,,
491,2599.659423828125,0.025970833376049995,2.5970833376049995,3587.3404948711395,10000,ppo,ppo,crawler,flat,action_dth_tot_plus_friction_thdot_formula,,,,,,,,,,,,,,,0.004086090267939068,0,781,0.0,0.0,,,,,,,,,,,,,,,,,,,,,,,,,,,,,,,,,,,,,,,,,,,,,,,,,,,,,,,,,,,,,,,,,,,,,,,,,,nan,,,,,,,,,,,,,,,
492,2792.919677734375,0.027902236208319664,2.7902236208319664,3594.419497489929,10000,ppo,ppo,crawler,flat,action_dth_tot_plus_friction_thdot_formula,,,,,,,,,,,,,,,0.0030848085868354796,0,781,0.0,0.0,,,,,,,,,,,,,,,,,,,,,,,,,,,,,,,,,,,,,,,,,,,,,,,,,,,,,,,,,,,,,,,,,,,,,,,,,,nan,,,,,,,,,,,,,,,
493,2686.060546875,0.026832200586795807,2.6832200586795807,3601.747484445572,10000,ppo,ppo,crawler,flat,action_dth_tot_plus_friction_thdot_formula,,,,,,,,,,,,,,,0.0031092126516740954,0,781,0.0,0.0,,,,,,,,,,,,,,,,,,,,,,,,,,,,,,,,,,,,,,,,,,,,,,,,,,,,,,,,,,,,,,,,,,,,,,,,,,nan,,,,,,,,,,,,,,,
494,2715.337158203125,0.027124151587486267,2.7124151587486267,3608.9810242652893,10000,ppo,ppo,crawler,flat,action_dth_tot_plus_friction_thdot_formula,,,,,,,,,,,,,,,0.003076253190699836,0,781,0.0,0.0,,,,,,,,,,,,,,,,,,,,,,,,,,,,,,,,,,,,,,,,,,,,,,,,,,,,,,,,,,,,,,,,,,,,,,,,,,nan,,,,,,,,,,,,,,,
495,2614.822998046875,0.026120666414499283,2.6120666414499283,3616.0534234046936,10000,ppo,ppo,crawler,flat,action_dth_tot_plus_friction_thdot_formula,,,,,,,,,,,,,,,0.0031977192311003332,0,781,0.0,0.0,,,,,,,,,,,,,,,,,,,,,,,,,,,,,,,,,,,,,,,,,,,,,,,,,,,,,,,,,,,,,,,,,,,,,,,,,,nan,,,,,,,,,,,,,,,
496,2696.85595703125,0.026937682181596756,2.6937682181596756,3623.252203941345,10000,ppo,ppo,crawler,flat,action_dth_tot_plus_friction_thdot_formula,,,,,,,,,,,,,,,0.0030502489627927433,0,781,0.0,0.0,,,,,,,,,,,,,,,,,,,,,,,,,,,,,,,,,,,,,,,,,,,,,,,,,,,,,,,,,,,,,,,,,,,,,,,,,,nan,,,,,,,,,,,,,,,
497,2539.038818359375,0.025361409410834312,2.5361409410834312,3630.550143957138,10000,ppo,ppo,crawler,flat,action_dth_tot_plus_friction_thdot_formula,,,,,,,,,,,,,,,0.003751044087907927,0,781,0.0,0.0,,,,,,,,,,,,,,,,,,,,,,,,,,,,,,,,,,,,,,,,,,,,,,,,,,,,,,,,,,,,,,,,,,,,,,,,,,nan,,,,,,,,,,,,,,,
498,2510.607177734375,0.025080442428588867,2.5080442428588867,3637.690217733383,10000,ppo,ppo,crawler,flat,action_dth_tot_plus_friction_thdot_formula,,,,,,,,,,,,,,,0.005195018079076094,0,781,0.0,0.0,,,,,,,,,,,,,,,,,,,,,,,,,,,,,,,,,,,,,,,,,,,,,,,,,,,,,,,,,,,,,,,,,,,,,,,,,,nan,,,,,,,,,,,,,,,
499,2535.866455078125,0.025338251143693924,2.5338251143693924,3644.78750538826,10000,ppo,ppo,crawler,flat,action_dth_tot_plus_friction_thdot_formula,,,,,,,,,,,,,,,0.004919226214901703,0,781,0.0,0.0,,,,,,,,,,,,,,,,,,,,,,,,,,,,,,,,,,,,,,,,,,,,,,,,,,,,,,,,,,,,,,,,,,,,,,,,,,nan,,,,,,,,,,,,,,,
500,2502.114013671875,0.0249955952167511,2.49955952167511,3652.02641749382,10000,ppo,ppo,crawler,flat,action_dth_tot_plus_friction_thdot_formula,,,,,,,,,,,,,,,0.0028182382863590305,0,781,0.0,0.0,,,,,,,,,,,,,,,,,,,,,,,,,,,,,,,,,,,,,,,,,,,,,,,,,,,,,,,,,,,,,,,,,,,,,,,,,,nan,,,,,,,,,,,,,,,
501,2559.3818359375,0.025567371398210526,2.5567371398210526,3659.278933286667,10000,ppo,ppo,crawler,flat,action_dth_tot_plus_friction_thdot_formula,,,,,,,,,,,,,,,0.0034017200799281474,0,781,0.0,0.0,,,,,,,,,,,,,,,,,,,,,,,,,,,,,,,,,,,,,,,,,,,,,,,,,,,,,,,,,,,,,,,,,,,,,,,,,,nan,,,,,,,,,,,,,,,
502,2526.888916015625,0.025240087881684303,2.5240087881684303,3666.5638279914856,10000,ppo,ppo,crawler,flat,action_dth_tot_plus_friction_thdot_formula,,,,,,,,,,,,,,,0.0034021688947929894,0,781,0.0,0.0,,,,,,,,,,,,,,,,,,,,,,,,,,,,,,,,,,,,,,,,,,,,,,,,,,,,,,,,,,,,,,,,,,,,,,,,,,nan,,,,,,,,,,,,,,,
503,2448.948486328125,0.02447057142853737,2.447057142853737,3673.621595144272,10000,ppo,ppo,crawler,flat,action_dth_tot_plus_friction_thdot_formula,,,,,,,,,,,,,,,0.003198171042541767,0,781,0.0,0.0,,,,,,,,,,,,,,,,,,,,,,,,,,,,,,,,,,,,,,,,,,,,,,,,,,,,,,,,,,,,,,,,,,,,,,,,,,nan,,,,,,,,,,,,,,,
504,2466.020263671875,0.024635447189211845,2.4635447189211845,3680.978930234909,10000,ppo,ppo,crawler,flat,action_dth_tot_plus_friction_thdot_formula,,,,,,,,,,,,,,,0.0035614563691341553,0,781,0.0,0.0,,,,,,,,,,,,,,,,,,,,,,,,,,,,,,,,,,,,,,,,,,,,,,,,,,,,,,,,,,,,,,,,,,,,,,,,,,nan,,,,,,,,,,,,,,,
505,2525.076171875,0.0252236295491457,2.52236295491457,3688.1320054531097,10000,ppo,ppo,crawler,flat,action_dth_tot_plus_friction_thdot_formula,,,,,,,,,,,,,,,0.0032997857689828864,0,781,0.0,0.0,,,,,,,,,,,,,,,,,,,,,,,,,,,,,,,,,,,,,,,,,,,,,,,,,,,,,,,,,,,,,,,,,,,,,,,,,,nan,,,,,,,,,,,,,,,
506,2539.07666015625,0.025367943570017815,2.5367943570017815,3695.4069821834564,10000,ppo,ppo,crawler,flat,action_dth_tot_plus_friction_thdot_formula,,,,,,,,,,,,,,,0.004040698169804537,0,781,0.0,0.0,,,,,,,,,,,,,,,,,,,,,,,,,,,,,,,,,,,,,,,,,,,,,,,,,,,,,,,,,,,,,,,,,,,,,,,,,,nan,,,,,,,,,,,,,,,
507,2531.025146484375,0.025280877947807312,2.528087794780731,3702.45493888855,10000,ppo,ppo,crawler,flat,action_dth_tot_plus_friction_thdot_formula,,,,,,,,,,,,,,,0.0038291431387553108,0,781,0.0,0.0,,,,,,,,,,,,,,,,,,,,,,,,,,,,,,,,,,,,,,,,,,,,,,,,,,,,,,,,,,,,,,,,,,,,,,,,,,nan,,,,,,,,,,,,,,,
508,2547.703857421875,0.025454510003328323,2.5454510003328323,3709.811630010605,10000,ppo,ppo,crawler,flat,action_dth_tot_plus_friction_thdot_formula,,,,,,,,,,,,,,,0.0044711954306922,0,781,0.0,0.0,,,,,,,,,,,,,,,,,,,,,,,,,,,,,,,,,,,,,,,,,,,,,,,,,,,,,,,,,,,,,,,,,,,,,,,,,,nan,,,,,,,,,,,,,,,
509,2587.2548828125,0.025843022391200066,2.5843022391200066,3716.9298372268677,10000,ppo,ppo,crawler,flat,action_dth_tot_plus_friction_thdot_formula,,,,,,,,,,,,,,,0.003159847114497209,0,781,0.0,0.0,,,,,,,,,,,,,,,,,,,,,,,,,,,,,,,,,,,,,,,,,,,,,,,,,,,,,,,,,,,,,,,,,,,,,,,,,,nan,,,,,,,,,,,,,,,
510,2403.981689453125,0.02401510253548622,2.401510253548622,3724.111946582794,10000,ppo,ppo,crawler,flat,action_dth_tot_plus_friction_thdot_formula,,,,,,,,,,,,,,,0.0041135990134054,0,781,0.0,0.0,,,,,,,,,,,,,,,,,,,,,,,,,,,,,,,,,,,,,,,,,,,,,,,,,,,,,,,,,,,,,,,,,,,,,,,,,,nan,,,,,,,,,,,,,,,
511,2627.275390625,0.02624588832259178,2.624588832259178,3731.2037732601166,10000,ppo,ppo,crawler,flat,action_dth_tot_plus_friction_thdot_formula,,,,,,,,,,,,,,,0.003331977355873174,0,781,0.0,0.0,,,,,,,,,,,,,,,,,,,,,,,,,,,,,,,,,,,,,,,,,,,,,,,,,,,,,,,,,,,,,,,,,,,,,,,,,,nan,,,,,,,,,,,,,,,
512,2492.134521484375,0.024893952533602715,2.4893952533602715,3738.4552986621857,10000,ppo,ppo,crawler,flat,action_dth_tot_plus_friction_thdot_formula,,,,,,,,,,,,,,,0.0029444785556271814,0,781,0.0,0.0,,,,,,,,,,,,,,,,,,,,,,,,,,,,,,,,,,,,,,,,,,,,,,,,,,,,,,,,,,,,,,,,,,,,,,,,,,nan,,,,,,,,,,,,,,,
513,2524.243896484375,0.025214921683073044,2.5214921683073044,3745.564912557602,10000,ppo,ppo,crawler,flat,action_dth_tot_plus_friction_thdot_formula,,,,,,,,,,,,,,,0.003541348132708202,0,781,0.0,0.0,,,,,,,,,,,,,,,,,,,,,,,,,,,,,,,,,,,,,,,,,,,,,,,,,,,,,,,,,,,,,,,,,,,,,,,,,,nan,,,,,,,,,,,,,,,
514,2531.627685546875,0.025291191413998604,2.5291191413998604,3752.6214475631714,10000,ppo,ppo,crawler,flat,action_dth_tot_plus_friction_thdot_formula,,,,,,,,,,,,,,,0.002984791631880723,0,781,0.0,0.0,,,,,,,,,,,,,,,,,,,,,,,,,,,,,,,,,,,,,,,,,,,,,,,,,,,,,,,,,,,,,,,,,,,,,,,,,,nan,,,,,,,,,,,,,,,
515,2576.38720703125,0.02573506347835064,2.573506347835064,3759.8813767433167,10000,ppo,ppo,crawler,flat,action_dth_tot_plus_friction_thdot_formula,,,,,,,,,,,,,,,0.003108885676660259,0,781,0.0,0.0,,,,,,,,,,,,,,,,,,,,,,,,,,,,,,,,,,,,,,,,,,,,,,,,,,,,,,,,,,,,,,,,,,,,,,,,,,nan,,,,,,,,,,,,,,,
516,2680.54541015625,0.026776790618896484,2.6776790618896484,3767.002139568329,10000,ppo,ppo,crawler,flat,action_dth_tot_plus_friction_thdot_formula,,,,,,,,,,,,,,,0.0029519313363022695,0,781,0.0,0.0,,,,,,,,,,,,,,,,,,,,,,,,,,,,,,,,,,,,,,,,,,,,,,,,,,,,,,,,,,,,,,,,,,,,,,,,,,nan,,,,,,,,,,,,,,,
517,2544.455322265625,0.025419361889362335,2.5419361889362335,3774.124536037445,10000,ppo,ppo,crawler,flat,action_dth_tot_plus_friction_thdot_formula,,,,,,,,,,,,,,,0.0029195391013815872,0,781,0.0,0.0,,,,,,,,,,,,,,,,,,,,,,,,,,,,,,,,,,,,,,,,,,,,,,,,,,,,,,,,,,,,,,,,,,,,,,,,,,nan,,,,,,,,,,,,,,,
518,2434.104736328125,0.024313585832715034,2.4313585832715034,3781.144026041031,10000,ppo,ppo,crawler,flat,action_dth_tot_plus_friction_thdot_formula,,,,,,,,,,,,,,,0.0030697174236880764,0,781,0.0,0.0,,,,,,,,,,,,,,,,,,,,,,,,,,,,,,,,,,,,,,,,,,,,,,,,,,,,,,,,,,,,,,,,,,,,,,,,,,nan,,,,,,,,,,,,,,,
519,2500.390380859375,0.024978943169116974,2.4978943169116974,3788.525565624237,10000,ppo,ppo,crawler,flat,action_dth_tot_plus_friction_thdot_formula,,,,,,,,,,,,,,,0.0029156099790340543,0,781,0.0,0.0,,,,,,,,,,,,,,,,,,,,,,,,,,,,,,,,,,,,,,,,,,,,,,,,,,,,,,,,,,,,,,,,,,,,,,,,,,nan,,,,,,,,,,,,,,,
520,2501.287841796875,0.024986153468489647,2.4986153468489647,3795.6036880016327,10000,ppo,ppo,crawler,flat,action_dth_tot_plus_friction_thdot_formula,,,,,,,,,,,,,,,0.002983660966699893,0,781,0.0,0.0,,,,,,,,,,,,,,,,,,,,,,,,,,,,,,,,,,,,,,,,,,,,,,,,,,,,,,,,,,,,,,,,,,,,,,,,,,nan,,,,,,,,,,,,,,,
521,2591.47314453125,0.025887422263622284,2.5887422263622284,3802.7935161590576,10000,ppo,ppo,crawler,flat,action_dth_tot_plus_friction_thdot_formula,,,,,,,,,,,,,,,0.003100264390346817,0,781,0.0,0.0,,,,,,,,,,,,,,,,,,,,,,,,,,,,,,,,,,,,,,,,,,,,,,,,,,,,,,,,,,,,,,,,,,,,,,,,,,nan,,,,,,,,,,,,,,,
522,2527.275146484375,0.025245148688554764,2.5245148688554764,3809.7625155448914,10000,ppo,ppo,crawler,flat,action_dth_tot_plus_friction_thdot_formula,,,,,,,,,,,,,,,0.00345897197447778,0,781,0.0,0.0,,,,,,,,,,,,,,,,,,,,,,,,,,,,,,,,,,,,,,,,,,,,,,,,,,,,,,,,,,,,,,,,,,,,,,,,,,nan,,,,,,,,,,,,,,,
523,2607.041748046875,0.02603825554251671,2.603825554251671,3817.103609085083,10000,ppo,ppo,crawler,flat,action_dth_tot_plus_friction_thdot_formula,,,,,,,,,,,,,,,0.0030686870157997695,0,781,0.0,0.0,,,,,,,,,,,,,,,,,,,,,,,,,,,,,,,,,,,,,,,,,,,,,,,,,,,,,,,,,,,,,,,,,,,,,,,,,,nan,,,,,,,,,,,,,,,
524,2566.015380859375,0.02563321217894554,2.563321217894554,3824.2251620292664,10000,ppo,ppo,crawler,flat,action_dth_tot_plus_friction_thdot_formula,,,,,,,,,,,,,,,0.0030015935896935773,0,781,0.0,0.0,,,,,,,,,,,,,,,,,,,,,,,,,,,,,,,,,,,,,,,,,,,,,,,,,,,,,,,,,,,,,,,,,,,,,,,,,,nan,,,,,,,,,,,,,,,
525,2781.283935546875,0.02778310514986515,2.778310514986515,3831.5226101875305,10000,ppo,ppo,crawler,flat,action_dth_tot_plus_friction_thdot_formula,,,,,,,,,,,,,,,0.002906966628290644,0,781,0.0,0.0,,,,,,,,,,,,,,,,,,,,,,,,,,,,,,,,,,,,,,,,,,,,,,,,,,,,,,,,,,,,,,,,,,,,,,,,,,nan,,,,,,,,,,,,,,,
526,2540.951416015625,0.025380771607160568,2.538077160716057,3838.5659799575806,10000,ppo,ppo,crawler,flat,action_dth_tot_plus_friction_thdot_formula,,,,,,,,,,,,,,,0.0030629211586122563,0,781,0.0,0.0,,,,,,,,,,,,,,,,,,,,,,,,,,,,,,,,,,,,,,,,,,,,,,,,,,,,,,,,,,,,,,,,,,,,,,,,,,nan,,,,,,,,,,,,,,,
527,2556.30810546875,0.025538370013237,2.5538370013237,3845.965611219406,10000,ppo,ppo,crawler,flat,action_dth_tot_plus_friction_thdot_formula,,,,,,,,,,,,,,,0.004128782056562994,0,781,0.0,0.0,,,,,,,,,,,,,,,,,,,,,,,,,,,,,,,,,,,,,,,,,,,,,,,,,,,,,,,,,,,,,,,,,,,,,,,,,,nan,,,,,,,,,,,,,,,
528,2580.313720703125,0.02577771618962288,2.577771618962288,3853.0920712947845,10000,ppo,ppo,crawler,flat,action_dth_tot_plus_friction_thdot_formula,,,,,,,,,,,,,,,0.0038070267255813904,0,781,0.0,0.0,,,,,,,,,,,,,,,,,,,,,,,,,,,,,,,,,,,,,,,,,,,,,,,,,,,,,,,,,,,,,,,,,,,,,,,,,,nan,,,,,,,,,,,,,,,
529,2711.574951171875,0.02708727866411209,2.708727866411209,3860.2895379066467,10000,ppo,ppo,crawler,flat,action_dth_tot_plus_friction_thdot_formula,,,,,,,,,,,,,,,0.0031291380347329267,0,781,0.0,0.0,,,,,,,,,,,,,,,,,,,,,,,,,,,,,,,,,,,,,,,,,,,,,,,,,,,,,,,,,,,,,,,,,,,,,,,,,,nan,,,,,,,,,,,,,,,
530,2534.15966796875,0.0253156591206789,2.53156591206789,3867.4044239521027,10000,ppo,ppo,crawler,flat,action_dth_tot_plus_friction_thdot_formula,,,,,,,,,,,,,,,0.003373991015595867,0,781,0.0,0.0,,,,,,,,,,,,,,,,,,,,,,,,,,,,,,,,,,,,,,,,,,,,,,,,,,,,,,,,,,,,,,,,,,,,,,,,,,nan,,,,,,,,,,,,,,,
531,2617.939453125,0.02615235559642315,2.615235559642315,3874.7637617588043,10000,ppo,ppo,crawler,flat,action_dth_tot_plus_friction_thdot_formula,,,,,,,,,,,,,,,0.0028279008352833893,0,781,0.0,0.0,,,,,,,,,,,,,,,,,,,,,,,,,,,,,,,,,,,,,,,,,,,,,,,,,,,,,,,,,,,,,,,,,,,,,,,,,,nan,,,,,,,,,,,,,,,
532,2623.18310546875,0.026202185079455376,2.6202185079455376,3881.8958752155304,10000,ppo,ppo,crawler,flat,action_dth_tot_plus_friction_thdot_formula,,,,,,,,,,,,,,,0.003018645736069577,0,781,0.0,0.0,,,,,,,,,,,,,,,,,,,,,,,,,,,,,,,,,,,,,,,,,,,,,,,,,,,,,,,,,,,,,,,,,,,,,,,,,,nan,,,,,,,,,,,,,,,
533,2673.906494140625,0.026716113090515137,2.6716113090515137,3889.156764268875,10000,ppo,ppo,crawler,flat,action_dth_tot_plus_friction_thdot_formula,,,,,,,,,,,,,,,0.0034810151035358436,0,781,0.0,0.0,,,,,,,,,,,,,,,,,,,,,,,,,,,,,,,,,,,,,,,,,,,,,,,,,,,,,,,,,,,,,,,,,,,,,,,,,,nan,,,,,,,,,,,,,,,
534,2620.141845703125,0.026172984391450882,2.617298439145088,3896.490964412689,10000,ppo,ppo,crawler,flat,action_dth_tot_plus_friction_thdot_formula,,,,,,,,,,,,,,,0.00357432068541268,0,781,0.0,0.0,,,,,,,,,,,,,,,,,,,,,,,,,,,,,,,,,,,,,,,,,,,,,,,,,,,,,,,,,,,,,,,,,,,,,,,,,,nan,,,,,,,,,,,,,,,
535,2645.153564453125,0.026421111077070236,2.6421111077070236,3903.7173178195953,10000,ppo,ppo,crawler,flat,action_dth_tot_plus_friction_thdot_formula,,,,,,,,,,,,,,,0.003542115257359223,0,781,0.0,0.0,,,,,,,,,,,,,,,,,,,,,,,,,,,,,,,,,,,,,,,,,,,,,,,,,,,,,,,,,,,,,,,,,,,,,,,,,,nan,,,,,,,,,,,,,,,
536,2602.119384765625,0.0259966142475605,2.59966142475605,3910.892505168915,10000,ppo,ppo,crawler,flat,action_dth_tot_plus_friction_thdot_formula,,,,,,,,,,,,,,,0.0034490560285258733,0,781,0.0,0.0,,,,,,,,,,,,,,,,,,,,,,,,,,,,,,,,,,,,,,,,,,,,,,,,,,,,,,,,,,,,,,,,,,,,,,,,,,nan,,,,,,,,,,,,,,,
537,2601.447265625,0.02598734013736248,2.598734013736248,3918.060486316681,10000,ppo,ppo,crawler,flat,action_dth_tot_plus_friction_thdot_formula,,,,,,,,,,,,,,,0.0031184563896587184,0,781,0.0,0.0,,,,,,,,,,,,,,,,,,,,,,,,,,,,,,,,,,,,,,,,,,,,,,,,,,,,,,,,,,,,,,,,,,,,,,,,,,nan,,,,,,,,,,,,,,,
538,2595.219970703125,0.025928489863872528,2.592848986387253,3925.4149010181427,10000,ppo,ppo,crawler,flat,action_dth_tot_plus_friction_thdot_formula,,,,,,,,,,,,,,,0.003162309867438709,0,781,0.0,0.0,,,,,,,,,,,,,,,,,,,,,,,,,,,,,,,,,,,,,,,,,,,,,,,,,,,,,,,,,,,,,,,,,,,,,,,,,,nan,,,,,,,,,,,,,,,
539,2667.42822265625,0.026644883677363396,2.6644883677363396,3932.5575942993164,10000,ppo,ppo,crawler,flat,action_dth_tot_plus_friction_thdot_formula,,,,,,,,,,,,,,,0.0034226051323570754,0,781,0.0,0.0,,,,,,,,,,,,,,,,,,,,,,,,,,,,,,,,,,,,,,,,,,,,,,,,,,,,,,,,,,,,,,,,,,,,,,,,,,nan,,,,,,,,,,,,,,,
540,2530.8310546875,0.02528158575296402,2.528158575296402,3939.795264005661,10000,ppo,ppo,crawler,flat,action_dth_tot_plus_friction_thdot_formula,,,,,,,,,,,,,,,0.004064738287777663,0,781,0.0,0.0,,,,,,,,,,,,,,,,,,,,,,,,,,,,,,,,,,,,,,,,,,,,,,,,,,,,,,,,,,,,,,,,,,,,,,,,,,nan,,,,,,,,,,,,,,,
541,2651.65087890625,0.026489702984690666,2.6489702984690666,3946.9753959178925,10000,ppo,ppo,crawler,flat,action_dth_tot_plus_friction_thdot_formula,,,,,,,,,,,,,,,0.0032260147830836293,0,781,0.0,0.0,,,,,,,,,,,,,,,,,,,,,,,,,,,,,,,,,,,,,,,,,,,,,,,,,,,,,,,,,,,,,,,,,,,,,,,,,,nan,,,,,,,,,,,,,,,
542,2680.384521484375,0.02677510865032673,2.677510865032673,3954.546638727188,10000,ppo,ppo,crawler,flat,action_dth_tot_plus_friction_thdot_formula,,,,,,,,,,,,,,,0.0036351447608965843,0,781,0.0,0.0,,,,,,,,,,,,,,,,,,,,,,,,,,,,,,,,,,,,,,,,,,,,,,,,,,,,,,,,,,,,,,,,,,,,,,,,,,nan,,,,,,,,,,,,,,,
543,2552.719970703125,0.025500262156128883,2.5500262156128883,3961.8127403259277,10000,ppo,ppo,crawler,flat,action_dth_tot_plus_friction_thdot_formula,,,,,,,,,,,,,,,0.003191972437555271,0,781,0.0,0.0,,,,,,,,,,,,,,,,,,,,,,,,,,,,,,,,,,,,,,,,,,,,,,,,,,,,,,,,,,,,,,,,,,,,,,,,,,nan,,,,,,,,,,,,,,,
544,2633.002197265625,0.02630317583680153,2.630317583680153,3969.0689425468445,10000,ppo,ppo,crawler,flat,action_dth_tot_plus_friction_thdot_formula,,,,,,,,,,,,,,,0.003624253181322381,0,781,0.0,0.0,,,,,,,,,,,,,,,,,,,,,,,,,,,,,,,,,,,,,,,,,,,,,,,,,,,,,,,,,,,,,,,,,,,,,,,,,,nan,,,,,,,,,,,,,,,
545,2522.154052734375,0.02519254758954048,2.519254758954048,3976.2725648880005,10000,ppo,ppo,crawler,flat,action_dth_tot_plus_friction_thdot_formula,,,,,,,,,,,,,,,0.0035575210845629145,0,781,0.0,0.0,,,,,,,,,,,,,,,,,,,,,,,,,,,,,,,,,,,,,,,,,,,,,,,,,,,,,,,,,,,,,,,,,,,,,,,,,,nan,,,,,,,,,,,,,,,
546,2581.800537109375,0.0257894154638052,2.57894154638052,3983.758493423462,10000,ppo,ppo,crawler,flat,action_dth_tot_plus_friction_thdot_formula,,,,,,,,,,,,,,,0.003160870425038221,0,781,0.0,0.0,,,,,,,,,,,,,,,,,,,,,,,,,,,,,,,,,,,,,,,,,,,,,,,,,,,,,,,,,,,,,,,,,,,,,,,,,,nan,,,,,,,,,,,,,,,
547,2586.69384765625,0.02584131434559822,2.584131434559822,3990.85116314888,10000,ppo,ppo,crawler,flat,action_dth_tot_plus_friction_thdot_formula,,,,,,,,,,,,,,,0.0041014593002245085,0,781,0.0,0.0,,,,,,,,,,,,,,,,,,,,,,,,,,,,,,,,,,,,,,,,,,,,,,,,,,,,,,,,,,,,,,,,,,,,,,,,,,nan,,,,,,,,,,,,,,,
548,2666.251220703125,0.026633581146597862,2.6633581146597862,3998.0622158050537,10000,ppo,ppo,crawler,flat,action_dth_tot_plus_friction_thdot_formula,,,,,,,,,,,,,,,0.0037628231159391695,0,781,0.0,0.0,,,,,,,,,,,,,,,,,,,,,,,,,,,,,,,,,,,,,,,,,,,,,,,,,,,,,,,,,,,,,,,,,,,,,,,,,,nan,,,,,,,,,,,,,,,
549,2552.033203125,0.025494657456874847,2.5494657456874847,4005.3339285850525,10000,ppo,ppo,crawler,flat,action_dth_tot_plus_friction_thdot_formula,,,,,,,,,,,,,,,0.003120423475300974,0,781,0.0,0.0,,,,,,,,,,,,,,,,,,,,,,,,,,,,,,,,,,,,,,,,,,,,,,,,,,,,,,,,,,,,,,,,,,,,,,,,,,nan,,,,,,,,,,,,,,,
550,2584.21728515625,0.025813575834035873,2.5813575834035873,4012.60528588295,10000,ppo,ppo,crawler,flat,action_dth_tot_plus_friction_thdot_formula,,,,,,,,,,,,,,,0.0028875094926609003,0,781,0.0,0.0,,,,,,,,,,,,,,,,,,,,,,,,,,,,,,,,,,,,,,,,,,,,,,,,,,,,,,,,,,,,,,,,,,,,,,,,,,nan,,,,,,,,,,,,,,,
551,2558.974609375,0.025563349947333336,2.5563349947333336,4019.693462371826,10000,ppo,ppo,crawler,flat,action_dth_tot_plus_friction_thdot_formula,,,,,,,,,,,,,,,0.002951879229638952,0,781,0.0,0.0,,,,,,,,,,,,,,,,,,,,,,,,,,,,,,,,,,,,,,,,,,,,,,,,,,,,,,,,,,,,,,,,,,,,,,,,,,nan,,,,,,,,,,,,,,,
552,2570.953125,0.025687918066978455,2.5687918066978455,4027.8376791477203,10000,ppo,ppo,crawler,flat,action_dth_tot_plus_friction_thdot_formula,,,,,,,,,,,,,,,0.003354010713869818,0,781,0.0,0.0,,,,,,,,,,,,,,,,,,,,,,,,,,,,,,,,,,,,,,,,,,,,,,,,,,,,,,,,,,,,,,,,,,,,,,,,,,nan,,,,,,,,,,,,,,,
553,2570.242919921875,0.025677023455500603,2.5677023455500603,4036.4902758598328,10000,ppo,ppo,crawler,flat,action_dth_tot_plus_friction_thdot_formula,,,,,,,,,,,,,,,0.0028687845993439444,0,781,0.0,0.0,,,,,,,,,,,,,,,,,,,,,,,,,,,,,,,,,,,,,,,,,,,,,,,,,,,,,,,,,,,,,,,,,,,,,,,,,,nan,,,,,,,,,,,,,,,
554,2491.323486328125,0.024886736646294594,2.4886736646294594,4045.2808990478516,10000,ppo,ppo,crawler,flat,action_dth_tot_plus_friction_thdot_formula,,,,,,,,,,,,,,,0.004115468465795242,0,781,0.0,0.0,,,,,,,,,,,,,,,,,,,,,,,,,,,,,,,,,,,,,,,,,,,,,,,,,,,,,,,,,,,,,,,,,,,,,,,,,,nan,,,,,,,,,,,,,,,
555,2547.251708984375,0.025445982813835144,2.5445982813835144,4054.0457644462585,10000,ppo,ppo,crawler,flat,action_dth_tot_plus_friction_thdot_formula,,,,,,,,,,,,,,,0.003485288868412893,0,781,0.0,0.0,,,,,,,,,,,,,,,,,,,,,,,,,,,,,,,,,,,,,,,,,,,,,,,,,,,,,,,,,,,,,,,,,,,,,,,,,,nan,,,,,,,,,,,,,,,
556,2515.450439453125,0.025127368047833443,2.5127368047833443,4062.7389805316925,10000,ppo,ppo,crawler,flat,action_dth_tot_plus_friction_thdot_formula,,,,,,,,,,,,,,,0.0034649807664806622,0,781,0.0,0.0,,,,,,,,,,,,,,,,,,,,,,,,,,,,,,,,,,,,,,,,,,,,,,,,,,,,,,,,,,,,,,,,,,,,,,,,,,nan,,,,,,,,,,,,,,,
557,2604.462646484375,0.02601541392505169,2.601541392505169,4071.6265757083893,10000,ppo,ppo,crawler,flat,action_dth_tot_plus_friction_thdot_formula,,,,,,,,,,,,,,,0.003674171167314315,0,781,0.0,0.0,,,,,,,,,,,,,,,,,,,,,,,,,,,,,,,,,,,,,,,,,,,,,,,,,,,,,,,,,,,,,,,,,,,,,,,,,,nan,,,,,,,,,,,,,,,
558,2646.317626953125,0.026438238099217415,2.6438238099217415,4080.1177656650543,10000,ppo,ppo,crawler,flat,action_dth_tot_plus_friction_thdot_formula,,,,,,,,,,,,,,,0.0025769983309174432,0,781,0.0,0.0,,,,,,,,,,,,,,,,,,,,,,,,,,,,,,,,,,,,,,,,,,,,,,,,,,,,,,,,,,,,,,,,,,,,,,,,,,nan,,,,,,,,,,,,,,,
559,2687.005126953125,0.026844177395105362,2.684417739510536,4088.749389886856,10000,ppo,ppo,crawler,flat,action_dth_tot_plus_friction_thdot_formula,,,,,,,,,,,,,,,0.0031263875191024815,0,781,0.0,0.0,,,,,,,,,,,,,,,,,,,,,,,,,,,,,,,,,,,,,,,,,,,,,,,,,,,,,,,,,,,,,,,,,,,,,,,,,,nan,,,,,,,,,,,,,,,
560,2624.176513671875,0.02621784247457981,2.621784247457981,4097.395253419876,10000,ppo,ppo,crawler,flat,action_dth_tot_plus_friction_thdot_formula,,,,,,,,,,,,,,,0.0040024093859954216,0,781,0.0,0.0,,,,,,,,,,,,,,,,,,,,,,,,,,,,,,,,,,,,,,,,,,,,,,,,,,,,,,,,,,,,,,,,,,,,,,,,,,nan,,,,,,,,,,,,,,,
561,2463.599365234375,0.024608081206679344,2.4608081206679344,4106.4442772865295,10000,ppo,ppo,crawler,flat,action_dth_tot_plus_friction_thdot_formula,,,,,,,,,,,,,,,0.004207954633089317,0,781,0.0,0.0,,,,,,,,,,,,,,,,,,,,,,,,,,,,,,,,,,,,,,,,,,,,,,,,,,,,,,,,,,,,,,,,,,,,,,,,,,nan,,,,,,,,,,,,,,,
562,2549.302001953125,0.02546691708266735,2.546691708266735,4115.416896820068,10000,ppo,ppo,crawler,flat,action_dth_tot_plus_friction_thdot_formula,,,,,,,,,,,,,,,0.0037137985292618808,0,781,0.0,0.0,,,,,,,,,,,,,,,,,,,,,,,,,,,,,,,,,,,,,,,,,,,,,,,,,,,,,,,,,,,,,,,,,,,,,,,,,,nan,,,,,,,,,,,,,,,
563,2614.986083984375,0.02612352930009365,2.612352930009365,4124.055281162262,10000,ppo,ppo,crawler,flat,action_dth_tot_plus_friction_thdot_formula,,,,,,,,,,,,,,,0.0031283052889188984,0,781,0.0,0.0,,,,,,,,,,,,,,,,,,,,,,,,,,,,,,,,,,,,,,,,,,,,,,,,,,,,,,,,,,,,,,,,,,,,,,,,,,nan,,,,,,,,,,,,,,,
564,2600.259521484375,0.02597098983824253,2.597098983824253,4132.8455674648285,10000,ppo,ppo,crawler,flat,action_dth_tot_plus_friction_thdot_formula,,,,,,,,,,,,,,,0.0029006442928221077,0,781,0.0,0.0,,,,,,,,,,,,,,,,,,,,,,,,,,,,,,,,,,,,,,,,,,,,,,,,,,,,,,,,,,,,,,,,,,,,,,,,,,nan,,,,,,,,,,,,,,,
565,2501.340576171875,0.0249906238168478,2.49906238168478,4141.3874497413635,10000,ppo,ppo,crawler,flat,action_dth_tot_plus_friction_thdot_formula,,,,,,,,,,,,,,,0.0033883512887710803,0,781,0.0,0.0,,,,,,,,,,,,,,,,,,,,,,,,,,,,,,,,,,,,,,,,,,,,,,,,,,,,,,,,,,,,,,,,,,,,,,,,,,nan,,,,,,,,,,,,,,,
566,2539.641357421875,0.02536989003419876,2.536989003419876,4150.551183462143,10000,ppo,ppo,crawler,flat,action_dth_tot_plus_friction_thdot_formula,,,,,,,,,,,,,,,0.0038134671372278602,0,781,0.0,0.0,,,,,,,,,,,,,,,,,,,,,,,,,,,,,,,,,,,,,,,,,,,,,,,,,,,,,,,,,,,,,,,,,,,,,,,,,,nan,,,,,,,,,,,,,,,
567,2651.792236328125,0.02649111859500408,2.649111859500408,4159.29861664772,10000,ppo,ppo,crawler,flat,action_dth_tot_plus_friction_thdot_formula,,,,,,,,,,,,,,,0.0030189095231273333,0,781,0.0,0.0,,,,,,,,,,,,,,,,,,,,,,,,,,,,,,,,,,,,,,,,,,,,,,,,,,,,,,,,,,,,,,,,,,,,,,,,,,nan,,,,,,,,,,,,,,,
568,2615.273193359375,0.02612651325762272,2.612651325762272,4168.120631694794,10000,ppo,ppo,crawler,flat,action_dth_tot_plus_friction_thdot_formula,,,,,,,,,,,,,,,0.0023055018130233736,0,781,0.0,0.0,,,,,,,,,,,,,,,,,,,,,,,,,,,,,,,,,,,,,,,,,,,,,,,,,,,,,,,,,,,,,,,,,,,,,,,,,,nan,,,,,,,,,,,,,,,
569,2576.400146484375,0.025735747069120407,2.5735747069120407,4176.7688665390015,10000,ppo,ppo,crawler,flat,action_dth_tot_plus_friction_thdot_formula,,,,,,,,,,,,,,,0.003557911452750238,0,781,0.0,0.0,,,,,,,,,,,,,,,,,,,,,,,,,,,,,,,,,,,,,,,,,,,,,,,,,,,,,,,,,,,,,,,,,,,,,,,,,,nan,,,,,,,,,,,,,,,
570,2613.23046875,0.02610478736460209,2.610478736460209,4185.052271127701,10000,ppo,ppo,crawler,flat,action_dth_tot_plus_friction_thdot_formula,,,,,,,,,,,,,,,0.0031487831333339112,0,781,0.0,0.0,,,,,,,,,,,,,,,,,,,,,,,,,,,,,,,,,,,,,,,,,,,,,,,,,,,,,,,,,,,,,,,,,,,,,,,,,,nan,,,,,,,,,,,,,,,
571,2621.576904296875,0.02618967741727829,2.618967741727829,4193.542640447617,10000,ppo,ppo,crawler,flat,action_dth_tot_plus_friction_thdot_formula,,,,,,,,,,,,,,,0.0037943140399986914,0,781,0.0,0.0,,,,,,,,,,,,,,,,,,,,,,,,,,,,,,,,,,,,,,,,,,,,,,,,,,,,,,,,,,,,,,,,,,,,,,,,,,nan,,,,,,,,,,,,,,,
572,2660.693115234375,0.026578212156891823,2.6578212156891823,4202.102100610733,10000,ppo,ppo,crawler,flat,action_dth_tot_plus_friction_thdot_formula,,,,,,,,,,,,,,,0.002973531390769555,0,781,0.0,0.0,,,,,,,,,,,,,,,,,,,,,,,,,,,,,,,,,,,,,,,,,,,,,,,,,,,,,,,,,,,,,,,,,,,,,,,,,,nan,,,,,,,,,,,,,,,
573,2647.098876953125,0.02644473873078823,2.644473873078823,4210.692190647125,10000,ppo,ppo,crawler,flat,action_dth_tot_plus_friction_thdot_formula,,,,,,,,,,,,,,,0.002765447293310134,0,781,0.0,0.0,,,,,,,,,,,,,,,,,,,,,,,,,,,,,,,,,,,,,,,,,,,,,,,,,,,,,,,,,,,,,,,,,,,,,,,,,,nan,,,,,,,,,,,,,,,
574,2666.883544921875,0.026643438264727592,2.6643438264727592,4219.427458524704,10000,ppo,ppo,crawler,flat,action_dth_tot_plus_friction_thdot_formula,,,,,,,,,,,,,,,0.0037775463464869027,0,781,0.0,0.0,,,,,,,,,,,,,,,,,,,,,,,,,,,,,,,,,,,,,,,,,,,,,,,,,,,,,,,,,,,,,,,,,,,,,,,,,,nan,,,,,,,,,,,,,,,
575,2621.493896484375,0.026189474388957024,2.6189474388957024,4228.243973731995,10000,ppo,ppo,crawler,flat,action_dth_tot_plus_friction_thdot_formula,,,,,,,,,,,,,,,0.0028223555726097555,0,781,0.0,0.0,,,,,,,,,,,,,,,,,,,,,,,,,,,,,,,,,,,,,,,,,,,,,,,,,,,,,,,,,,,,,,,,,,,,,,,,,,nan,,,,,,,,,,,,,,,
576,2707.221923828125,0.027040380984544754,2.7040380984544754,4236.897290468216,10000,ppo,ppo,crawler,flat,action_dth_tot_plus_friction_thdot_formula,,,,,,,,,,,,,,,0.0028030229938096067,0,781,0.0,0.0,,,,,,,,,,,,,,,,,,,,,,,,,,,,,,,,,,,,,,,,,,,,,,,,,,,,,,,,,,,,,,,,,,,,,,,,,,nan,,,,,,,,,,,,,,,
577,2548.25244140625,0.025454608723521233,2.5454608723521233,4245.635033607483,10000,ppo,ppo,crawler,flat,action_dth_tot_plus_friction_thdot_formula,,,,,,,,,,,,,,,0.0025811171051527393,0,781,0.0,0.0,,,,,,,,,,,,,,,,,,,,,,,,,,,,,,,,,,,,,,,,,,,,,,,,,,,,,,,,,,,,,,,,,,,,,,,,,,nan,,,,,,,,,,,,,,,
578,2585.2509765625,0.02582903951406479,2.582903951406479,4254.2910397052765,10000,ppo,ppo,crawler,flat,action_dth_tot_plus_friction_thdot_formula,,,,,,,,,,,,,,,0.0034182056545836808,0,781,0.0,0.0,,,,,,,,,,,,,,,,,,,,,,,,,,,,,,,,,,,,,,,,,,,,,,,,,,,,,,,,,,,,,,,,,,,,,,,,,,nan,,,,,,,,,,,,,,,
579,2651.927490234375,0.026493627578020096,2.6493627578020096,4262.971877813339,10000,ppo,ppo,crawler,flat,action_dth_tot_plus_friction_thdot_formula,,,,,,,,,,,,,,,0.003569040374285404,0,781,0.0,0.0,,,,,,,,,,,,,,,,,,,,,,,,,,,,,,,,,,,,,,,,,,,,,,,,,,,,,,,,,,,,,,,,,,,,,,,,,,nan,,,,,,,,,,,,,,,
580,2676.661376953125,0.02674027904868126,2.674027904868126,4271.563632726669,10000,ppo,ppo,crawler,flat,action_dth_tot_plus_friction_thdot_formula,,,,,,,,,,,,,,,0.0026004030238795267,0,781,0.0,0.0,,,,,,,,,,,,,,,,,,,,,,,,,,,,,,,,,,,,,,,,,,,,,,,,,,,,,,,,,,,,,,,,,,,,,,,,,,nan,,,,,,,,,,,,,,,
581,2592.9462890625,0.02590879425406456,2.590879425406456,4280.0356431007385,10000,ppo,ppo,crawler,flat,action_dth_tot_plus_friction_thdot_formula,,,,,,,,,,,,,,,0.002675263949682717,0,781,0.0,0.0,,,,,,,,,,,,,,,,,,,,,,,,,,,,,,,,,,,,,,,,,,,,,,,,,,,,,,,,,,,,,,,,,,,,,,,,,,nan,,,,,,,,,,,,,,,
582,2683.316162109375,0.026802245527505875,2.6802245527505875,4288.538944244385,10000,ppo,ppo,crawler,flat,action_dth_tot_plus_friction_thdot_formula,,,,,,,,,,,,,,,0.003497493173017807,0,781,0.0,0.0,,,,,,,,,,,,,,,,,,,,,,,,,,,,,,,,,,,,,,,,,,,,,,,,,,,,,,,,,,,,,,,,,,,,,,,,,,nan,,,,,,,,,,,,,,,
583,2682.580810546875,0.026798659935593605,2.6798659935593605,4297.305332660675,10000,ppo,ppo,crawler,flat,action_dth_tot_plus_friction_thdot_formula,,,,,,,,,,,,,,,0.0038363812646319403,0,781,0.0,0.0,,,,,,,,,,,,,,,,,,,,,,,,,,,,,,,,,,,,,,,,,,,,,,,,,,,,,,,,,,,,,,,,,,,,,,,,,,nan,,,,,,,,,,,,,,,
584,2581.20556640625,0.025783712044358253,2.5783712044358253,4305.794593811035,10000,ppo,ppo,crawler,flat,action_dth_tot_plus_friction_thdot_formula,,,,,,,,,,,,,,,0.003361158236093872,0,781,0.0,0.0,,,,,,,,,,,,,,,,,,,,,,,,,,,,,,,,,,,,,,,,,,,,,,,,,,,,,,,,,,,,,,,,,,,,,,,,,,nan,,,,,,,,,,,,,,,
585,2700.193115234375,0.02697117254137993,2.697117254137993,4314.528337240219,10000,ppo,ppo,crawler,flat,action_dth_tot_plus_friction_thdot_formula,,,,,,,,,,,,,,,0.0033653883085939104,0,781,0.0,0.0,,,,,,,,,,,,,,,,,,,,,,,,,,,,,,,,,,,,,,,,,,,,,,,,,,,,,,,,,,,,,,,,,,,,,,,,,,nan,,,,,,,,,,,,,,,
586,2704.569580078125,0.027022799476981163,2.7022799476981163,4323.027563333511,10000,ppo,ppo,crawler,flat,action_dth_tot_plus_friction_thdot_formula,,,,,,,,,,,,,,,0.003518921909780777,0,781,0.0,0.0,,,,,,,,,,,,,,,,,,,,,,,,,,,,,,,,,,,,,,,,,,,,,,,,,,,,,,,,,,,,,,,,,,,,,,,,,,nan,,,,,,,,,,,,,,,
587,2662.214111328125,0.026591893285512924,2.6591893285512924,4331.800457000732,10000,ppo,ppo,crawler,flat,action_dth_tot_plus_friction_thdot_formula,,,,,,,,,,,,,,,0.0031092184372249246,0,781,0.0,0.0,,,,,,,,,,,,,,,,,,,,,,,,,,,,,,,,,,,,,,,,,,,,,,,,,,,,,,,,,,,,,,,,,,,,,,,,,,nan,,,,,,,,,,,,,,,
588,2734.228271484375,0.027315368875861168,2.731536887586117,4340.598771572113,10000,ppo,ppo,crawler,flat,action_dth_tot_plus_friction_thdot_formula,,,,,,,,,,,,,,,0.0034983340527003134,0,781,0.0,0.0,,,,,,,,,,,,,,,,,,,,,,,,,,,,,,,,,,,,,,,,,,,,,,,,,,,,,,,,,,,,,,,,,,,,,,,,,,nan,,,,,,,,,,,,,,,
589,2699.558349609375,0.026964355260133743,2.6964355260133743,4349.098524808884,10000,ppo,ppo,crawler,flat,action_dth_tot_plus_friction_thdot_formula,,,,,,,,,,,,,,,0.0036214366129276947,0,781,0.0,0.0,,,,,,,,,,,,,,,,,,,,,,,,,,,,,,,,,,,,,,,,,,,,,,,,,,,,,,,,,,,,,,,,,,,,,,,,,,nan,,,,,,,,,,,,,,,
590,2584.844970703125,0.025817064568400383,2.5817064568400383,4358.025802373886,10000,ppo,ppo,crawler,flat,action_dth_tot_plus_friction_thdot_formula,,,,,,,,,,,,,,,0.002987662596415213,0,781,0.0,0.0,,,,,,,,,,,,,,,,,,,,,,,,,,,,,,,,,,,,,,,,,,,,,,,,,,,,,,,,,,,,,,,,,,,,,,,,,,nan,,,,,,,,,,,,,,,
591,2497.967041015625,0.02495499514043331,2.495499514043331,4366.621725559235,10000,ppo,ppo,crawler,flat,action_dth_tot_plus_friction_thdot_formula,,,,,,,,,,,,,,,0.002914841026170585,0,781,0.0,0.0,,,,,,,,,,,,,,,,,,,,,,,,,,,,,,,,,,,,,,,,,,,,,,,,,,,,,,,,,,,,,,,,,,,,,,,,,,nan,,,,,,,,,,,,,,,
592,2639.611572265625,0.02636627107858658,2.636627107858658,4375.274370670319,10000,ppo,ppo,crawler,flat,action_dth_tot_plus_friction_thdot_formula,,,,,,,,,,,,,,,0.004054485967951599,0,781,0.0,0.0,,,,,,,,,,,,,,,,,,,,,,,,,,,,,,,,,,,,,,,,,,,,,,,,,,,,,,,,,,,,,,,,,,,,,,,,,,nan,,,,,,,,,,,,,,,
593,2663.283447265625,0.026606982573866844,2.6606982573866844,4383.821611404419,10000,ppo,ppo,crawler,flat,action_dth_tot_plus_friction_thdot_formula,,,,,,,,,,,,,,,0.0028793545549099836,0,781,0.0,0.0,,,,,,,,,,,,,,,,,,,,,,,,,,,,,,,,,,,,,,,,,,,,,,,,,,,,,,,,,,,,,,,,,,,,,,,,,,nan,,,,,,,,,,,,,,,
594,2581.34326171875,0.025788195431232452,2.5788195431232452,4392.556234121323,10000,ppo,ppo,crawler,flat,action_dth_tot_plus_friction_thdot_formula,,,,,,,,,,,,,,,0.0029370767486901184,0,781,0.0,0.0,,,,,,,,,,,,,,,,,,,,,,,,,,,,,,,,,,,,,,,,,,,,,,,,,,,,,,,,,,,,,,,,,,,,,,,,,,nan,,,,,,,,,,,,,,,
595,2629.55126953125,0.026266582310199738,2.6266582310199738,4401.151125669479,10000,ppo,ppo,crawler,flat,action_dth_tot_plus_friction_thdot_formula,,,,,,,,,,,,,,,0.0028609478479580987,0,781,0.0,0.0,,,,,,,,,,,,,,,,,,,,,,,,,,,,,,,,,,,,,,,,,,,,,,,,,,,,,,,,,,,,,,,,,,,,,,,,,,nan,,,,,,,,,,,,,,,
596,2557.50390625,0.025546614080667496,2.5546614080667496,4409.764961719513,10000,ppo,ppo,crawler,flat,action_dth_tot_plus_friction_thdot_formula,,,,,,,,,,,,,,,0.003182657816129523,0,781,0.0,0.0,,,,,,,,,,,,,,,,,,,,,,,,,,,,,,,,,,,,,,,,,,,,,,,,,,,,,,,,,,,,,,,,,,,,,,,,,,nan,,,,,,,,,,,,,,,
597,2656.31591796875,0.02653278224170208,2.653278224170208,4418.515917539597,10000,ppo,ppo,crawler,flat,action_dth_tot_plus_friction_thdot_formula,,,,,,,,,,,,,,,0.0029897107514666055,0,781,0.0,0.0,,,,,,,,,,,,,,,,,,,,,,,,,,,,,,,,,,,,,,,,,,,,,,,,,,,,,,,,,,,,,,,,,,,,,,,,,,nan,,,,,,,,,,,,,,,
598,2586.546630859375,0.02584158256649971,2.584158256649971,4427.165791511536,10000,ppo,ppo,crawler,flat,action_dth_tot_plus_friction_thdot_formula,,,,,,,,,,,,,,,0.003258060431070614,0,781,0.0,0.0,,,,,,,,,,,,,,,,,,,,,,,,,,,,,,,,,,,,,,,,,,,,,,,,,,,,,,,,,,,,,,,,,,,,,,,,,,nan,,,,,,,,,,,,,,,
599,2637.559326171875,0.02634781412780285,2.634781412780285,4435.810473442078,10000,ppo,ppo,crawler,flat,action_dth_tot_plus_friction_thdot_formula,,,,,,,,,,,,,,,0.002944109706424544,0,781,0.0,0.0,,,,,,,,,,,,,,,,,,,,,,,,,,,,,,,,,,,,,,,,,,,,,,,,,,,,,,,,,,,,,,,,,,,,,,,,,,nan,,,,,,,,,,,,,,,
600,2621.42626953125,0.026182841509580612,2.618284150958061,4444.409459352493,10000,ppo,ppo,crawler,flat,action_dth_tot_plus_friction_thdot_formula,,,,,,,,,,,,,,,0.002785879278100285,0,781,0.0,0.0,,,,,,,,,,,,,,,,,,,,,,,,,,,,,,,,,,,,,,,,,,,,,,,,,,,,,,,,,,,,,,,,,,,,,,,,,,nan,,,,,,,,,,,,,,,
601,2747.035400390625,0.027442794293165207,2.7442794293165207,4452.296470880508,10000,ppo,ppo,crawler,flat,action_dth_tot_plus_friction_thdot_formula,,,,,,,,,,,,,,,0.0031277728956785986,0,781,0.0,0.0,,,,,,,,,,,,,,,,,,,,,,,,,,,,,,,,,,,,,,,,,,,,,,,,,,,,,,,,,,,,,,,,,,,,,,,,,,nan,,,,,,,,,,,,,,,
602,2585.884765625,0.025831902399659157,2.5831902399659157,4459.723105430603,10000,ppo,ppo,crawler,flat,action_dth_tot_plus_friction_thdot_formula,,,,,,,,,,,,,,,0.003528633203410225,0,781,0.0,0.0,,,,,,,,,,,,,,,,,,,,,,,,,,,,,,,,,,,,,,,,,,,,,,,,,,,,,,,,,,,,,,,,,,,,,,,,,,nan,,,,,,,,,,,,,,,
603,2650.432861328125,0.026475591585040092,2.6475591585040092,4467.06350684166,10000,ppo,ppo,crawler,flat,action_dth_tot_plus_friction_thdot_formula,,,,,,,,,,,,,,,0.003925001061759668,0,781,0.0,0.0,,,,,,,,,,,,,,,,,,,,,,,,,,,,,,,,,,,,,,,,,,,,,,,,,,,,,,,,,,,,,,,,,,,,,,,,,,nan,,,,,,,,,,,,,,,
604,2755.443359375,0.027524815872311592,2.752481587231159,4474.334096670151,10000,ppo,ppo,crawler,flat,action_dth_tot_plus_friction_thdot_formula,,,,,,,,,,,,,,,0.003562364152113331,0,781,0.0,0.0,,,,,,,,,,,,,,,,,,,,,,,,,,,,,,,,,,,,,,,,,,,,,,,,,,,,,,,,,,,,,,,,,,,,,,,,,,nan,,,,,,,,,,,,,,,
605,2673.517578125,0.026706820353865623,2.6706820353865623,4481.737046480179,10000,ppo,ppo,crawler,flat,action_dth_tot_plus_friction_thdot_formula,,,,,,,,,,,,,,,0.002896245566941142,0,781,0.0,0.0,,,,,,,,,,,,,,,,,,,,,,,,,,,,,,,,,,,,,,,,,,,,,,,,,,,,,,,,,,,,,,,,,,,,,,,,,,nan,,,,,,,,,,,,,,,
606,2685.755615234375,0.02683449722826481,2.683449722826481,4489.004203557968,10000,ppo,ppo,crawler,flat,action_dth_tot_plus_friction_thdot_formula,,,,,,,,,,,,,,,0.003637564041323557,0,781,0.0,0.0,,,,,,,,,,,,,,,,,,,,,,,,,,,,,,,,,,,,,,,,,,,,,,,,,,,,,,,,,,,,,,,,,,,,,,,,,,nan,,,,,,,,,,,,,,,
607,2543.5263671875,0.025412647053599358,2.5412647053599358,4496.27695608139,10000,ppo,ppo,crawler,flat,action_dth_tot_plus_friction_thdot_formula,,,,,,,,,,,,,,,0.0036447264865087287,0,781,0.0,0.0,,,,,,,,,,,,,,,,,,,,,,,,,,,,,,,,,,,,,,,,,,,,,,,,,,,,,,,,,,,,,,,,,,,,,,,,,,nan,,,,,,,,,,,,,,,
608,2676.156005859375,0.02673386223614216,2.673386223614216,4503.577523231506,10000,ppo,ppo,crawler,flat,action_dth_tot_plus_friction_thdot_formula,,,,,,,,,,,,,,,0.002926381941007989,0,781,0.0,0.0,,,,,,,,,,,,,,,,,,,,,,,,,,,,,,,,,,,,,,,,,,,,,,,,,,,,,,,,,,,,,,,,,,,,,,,,,,nan,,,,,,,,,,,,,,,
609,2726.345458984375,0.027233459055423737,2.7233459055423737,4511.114549160004,10000,ppo,ppo,crawler,flat,action_dth_tot_plus_friction_thdot_formula,,,,,,,,,,,,,,,0.0030930234317843074,0,781,0.0,0.0,,,,,,,,,,,,,,,,,,,,,,,,,,,,,,,,,,,,,,,,,,,,,,,,,,,,,,,,,,,,,,,,,,,,,,,,,,nan,,,,,,,,,,,,,,,
610,2763.15869140625,0.02760194055736065,2.760194055736065,4518.271993160248,10000,ppo,ppo,crawler,flat,action_dth_tot_plus_friction_thdot_formula,,,,,,,,,,,,,,,0.003509293290854714,0,781,0.0,0.0,,,,,,,,,,,,,,,,,,,,,,,,,,,,,,,,,,,,,,,,,,,,,,,,,,,,,,,,,,,,,,,,,,,,,,,,,,nan,,,,,,,,,,,,,,,
611,2728.580810546875,0.027258824557065964,2.7258824557065964,4525.613421201706,10000,ppo,ppo,crawler,flat,action_dth_tot_plus_friction_thdot_formula,,,,,,,,,,,,,,,0.002955417075021808,0,781,0.0,0.0,,,,,,,,,,,,,,,,,,,,,,,,,,,,,,,,,,,,,,,,,,,,,,,,,,,,,,,,,,,,,,,,,,,,,,,,,,nan,,,,,,,,,,,,,,,
612,2671.692626953125,0.026691166684031487,2.6691166684031487,4532.754115581512,10000,ppo,ppo,crawler,flat,action_dth_tot_plus_friction_thdot_formula,,,,,,,,,,,,,,,0.003654148618378539,0,781,0.0,0.0,,,,,,,,,,,,,,,,,,,,,,,,,,,,,,,,,,,,,,,,,,,,,,,,,,,,,,,,,,,,,,,,,,,,,,,,,,nan,,,,,,,,,,,,,,,
613,2621.21240234375,0.026187658309936523,2.6187658309936523,4540.2594611644745,10000,ppo,ppo,crawler,flat,action_dth_tot_plus_friction_thdot_formula,,,,,,,,,,,,,,,0.0031146443268673545,0,781,0.0,0.0,,,,,,,,,,,,,,,,,,,,,,,,,,,,,,,,,,,,,,,,,,,,,,,,,,,,,,,,,,,,,,,,,,,,,,,,,,nan,,,,,,,,,,,,,,,
614,2748.447998046875,0.027458544820547104,2.7458544820547104,4547.389462709427,10000,ppo,ppo,crawler,flat,action_dth_tot_plus_friction_thdot_formula,,,,,,,,,,,,,,,0.003882089557289235,0,781,0.0,0.0,,,,,,,,,,,,,,,,,,,,,,,,,,,,,,,,,,,,,,,,,,,,,,,,,,,,,,,,,,,,,,,,,,,,,,,,,,nan,,,,,,,,,,,,,,,
615,2635.870361328125,0.026330314576625824,2.6330314576625824,4554.679784297943,10000,ppo,ppo,crawler,flat,action_dth_tot_plus_friction_thdot_formula,,,,,,,,,,,,,,,0.0036577934112457054,0,781,0.0,0.0,,,,,,,,,,,,,,,,,,,,,,,,,,,,,,,,,,,,,,,,,,,,,,,,,,,,,,,,,,,,,,,,,,,,,,,,,,nan,,,,,,,,,,,,,,,
616,2682.087646484375,0.02679413929581642,2.679413929581642,4561.748143911362,10000,ppo,ppo,crawler,flat,action_dth_tot_plus_friction_thdot_formula,,,,,,,,,,,,,,,0.0027455625519059268,0,781,0.0,0.0,,,,,,,,,,,,,,,,,,,,,,,,,,,,,,,,,,,,,,,,,,,,,,,,,,,,,,,,,,,,,,,,,,,,,,,,,,nan,,,,,,,,,,,,,,,
617,2580.190673828125,0.025775378569960594,2.5775378569960594,4569.277355670929,10000,ppo,ppo,crawler,flat,action_dth_tot_plus_friction_thdot_formula,,,,,,,,,,,,,,,0.003464550919338605,0,781,0.0,0.0,,,,,,,,,,,,,,,,,,,,,,,,,,,,,,,,,,,,,,,,,,,,,,,,,,,,,,,,,,,,,,,,,,,,,,,,,,nan,,,,,,,,,,,,,,,
618,2535.745849609375,0.025329912081360817,2.5329912081360817,4576.627510309219,10000,ppo,ppo,crawler,flat,action_dth_tot_plus_friction_thdot_formula,,,,,,,,,,,,,,,0.003533403688466961,0,781,0.0,0.0,,,,,,,,,,,,,,,,,,,,,,,,,,,,,,,,,,,,,,,,,,,,,,,,,,,,,,,,,,,,,,,,,,,,,,,,,,nan,,,,,,,,,,,,,,,
619,2605.57275390625,0.026030568405985832,2.603056840598583,4583.92350435257,10000,ppo,ppo,crawler,flat,action_dth_tot_plus_friction_thdot_formula,,,,,,,,,,,,,,,0.003822177221191267,0,781,0.0,0.0,,,,,,,,,,,,,,,,,,,,,,,,,,,,,,,,,,,,,,,,,,,,,,,,,,,,,,,,,,,,,,,,,,,,,,,,,,nan,,,,,,,,,,,,,,,
620,2541.628173828125,0.025392455980181694,2.5392455980181694,4591.260769605637,10000,ppo,ppo,crawler,flat,action_dth_tot_plus_friction_thdot_formula,,,,,,,,,,,,,,,0.0034712042484227354,0,781,0.0,0.0,,,,,,,,,,,,,,,,,,,,,,,,,,,,,,,,,,,,,,,,,,,,,,,,,,,,,,,,,,,,,,,,,,,,,,,,,,nan,,,,,,,,,,,,,,,
621,2592.94482421875,0.025902489200234413,2.5902489200234413,4598.671626567841,10000,ppo,ppo,crawler,flat,action_dth_tot_plus_friction_thdot_formula,,,,,,,,,,,,,,,0.0035027718817202255,0,781,0.0,0.0,,,,,,,,,,,,,,,,,,,,,,,,,,,,,,,,,,,,,,,,,,,,,,,,,,,,,,,,,,,,,,,,,,,,,,,,,,nan,,,,,,,,,,,,,,,
622,2513.866455078125,0.025109954178333282,2.5109954178333282,4605.888257980347,10000,ppo,ppo,crawler,flat,action_dth_tot_plus_friction_thdot_formula,,,,,,,,,,,,,,,0.0038934541513210835,0,781,0.0,0.0,,,,,,,,,,,,,,,,,,,,,,,,,,,,,,,,,,,,,,,,,,,,,,,,,,,,,,,,,,,,,,,,,,,,,,,,,,nan,,,,,,,,,,,,,,,
623,2566.245849609375,0.025629809126257896,2.5629809126257896,4613.267602920532,10000,ppo,ppo,crawler,flat,action_dth_tot_plus_friction_thdot_formula,,,,,,,,,,,,,,,0.0029069954831547865,0,781,0.0,0.0,,,,,,,,,,,,,,,,,,,,,,,,,,,,,,,,,,,,,,,,,,,,,,,,,,,,,,,,,,,,,,,,,,,,,,,,,,nan,,,,,,,,,,,,,,,
624,2562.535888671875,0.025598695501685143,2.5598695501685143,4620.887181520462,10000,ppo,ppo,crawler,flat,action_dth_tot_plus_friction_thdot_formula,,,,,,,,,,,,,,,0.0031878896994145395,0,781,0.0,0.0,,,,,,,,,,,,,,,,,,,,,,,,,,,,,,,,,,,,,,,,,,,,,,,,,,,,,,,,,,,,,,,,,,,,,,,,,,nan,,,,,,,,,,,,,,,
625,2426.306396484375,0.024239003658294678,2.4239003658294678,4628.158634901047,10000,ppo,ppo,crawler,flat,action_dth_tot_plus_friction_thdot_formula,,,,,,,,,,,,,,,0.003105425846014081,0,781,0.0,0.0,,,,,,,,,,,,,,,,,,,,,,,,,,,,,,,,,,,,,,,,,,,,,,,,,,,,,,,,,,,,,,,,,,,,,,,,,,nan,,,,,,,,,,,,,,,
626,2448.0283203125,0.02445613592863083,2.445613592863083,4635.49335026741,10000,ppo,ppo,crawler,flat,action_dth_tot_plus_friction_thdot_formula,,,,,,,,,,,,,,,0.0038596658042373277,0,781,0.0,0.0,,,,,,,,,,,,,,,,,,,,,,,,,,,,,,,,,,,,,,,,,,,,,,,,,,,,,,,,,,,,,,,,,,,,,,,,,,nan,,,,,,,,,,,,,,,
627,2375.84765625,0.023732461035251617,2.3732461035251617,4642.690449714661,10000,ppo,ppo,crawler,flat,action_dth_tot_plus_friction_thdot_formula,,,,,,,,,,,,,,,0.0033822404474101093,0,781,0.0,0.0,,,,,,,,,,,,,,,,,,,,,,,,,,,,,,,,,,,,,,,,,,,,,,,,,,,,,,,,,,,,,,,,,,,,,,,,,,nan,,,,,,,,,,,,,,,
628,2360.47900390625,0.023581430315971375,2.3581430315971375,4649.964475631714,10000,ppo,ppo,crawler,flat,action_dth_tot_plus_friction_thdot_formula,,,,,,,,,,,,,,,0.0043513731914423355,0,781,0.0,0.0,,,,,,,,,,,,,,,,,,,,,,,,,,,,,,,,,,,,,,,,,,,,,,,,,,,,,,,,,,,,,,,,,,,,,,,,,,nan,,,,,,,,,,,,,,,
629,2579.0673828125,0.025761647149920464,2.5761647149920464,4657.190413236618,10000,ppo,ppo,crawler,flat,action_dth_tot_plus_friction_thdot_formula,,,,,,,,,,,,,,,0.003054103792079208,0,781,0.0,0.0,,,,,,,,,,,,,,,,,,,,,,,,,,,,,,,,,,,,,,,,,,,,,,,,,,,,,,,,,,,,,,,,,,,,,,,,,,nan,,,,,,,,,,,,,,,
630,2605.035888671875,0.026020649820566177,2.6020649820566177,4664.377907276154,10000,ppo,ppo,crawler,flat,action_dth_tot_plus_friction_thdot_formula,,,,,,,,,,,,,,,0.003721356622352433,0,781,0.0,0.0,,,,,,,,,,,,,,,,,,,,,,,,,,,,,,,,,,,,,,,,,,,,,,,,,,,,,,,,,,,,,,,,,,,,,,,,,,nan,,,,,,,,,,,,,,,
631,2578.5859375,0.02576000988483429,2.576000988483429,4671.809142112732,10000,ppo,ppo,crawler,flat,action_dth_tot_plus_friction_thdot_formula,,,,,,,,,,,,,,,0.002835349709188468,0,781,0.0,0.0,,,,,,,,,,,,,,,,,,,,,,,,,,,,,,,,,,,,,,,,,,,,,,,,,,,,,,,,,,,,,,,,,,,,,,,,,,nan,,,,,,,,,,,,,,,
632,2524.465087890625,0.0252191424369812,2.52191424369812,4679.00351190567,10000,ppo,ppo,crawler,flat,action_dth_tot_plus_friction_thdot_formula,,,,,,,,,,,,,,,0.0027165092695856205,0,781,0.0,0.0,,,,,,,,,,,,,,,,,,,,,,,,,,,,,,,,,,,,,,,,,,,,,,,,,,,,,,,,,,,,,,,,,,,,,,,,,,nan,,,,,,,,,,,,,,,
633,2641.147216796875,0.02638132870197296,2.638132870197296,4686.217696905136,10000,ppo,ppo,crawler,flat,action_dth_tot_plus_friction_thdot_formula,,,,,,,,,,,,,,,0.002777169597416844,0,781,0.0,0.0,,,,,,,,,,,,,,,,,,,,,,,,,,,,,,,,,,,,,,,,,,,,,,,,,,,,,,,,,,,,,,,,,,,,,,,,,,nan,,,,,,,,,,,,,,,
634,2562.427734375,0.02559575065970421,2.559575065970421,4693.419039726257,10000,ppo,ppo,crawler,flat,action_dth_tot_plus_friction_thdot_formula,,,,,,,,,,,,,,,0.00306332205795169,0,781,0.0,0.0,,,,,,,,,,,,,,,,,,,,,,,,,,,,,,,,,,,,,,,,,,,,,,,,,,,,,,,,,,,,,,,,,,,,,,,,,,nan,,,,,,,,,,,,,,,
635,2541.943603515625,0.025393187999725342,2.539318799972534,4700.814866781235,10000,ppo,ppo,crawler,flat,action_dth_tot_plus_friction_thdot_formula,,,,,,,,,,,,,,,0.0021686462886546824,0,781,0.0,0.0,,,,,,,,,,,,,,,,,,,,,,,,,,,,,,,,,,,,,,,,,,,,,,,,,,,,,,,,,,,,,,,,,,,,,,,,,,nan,,,,,,,,,,,,,,,
636,2564.227294921875,0.025615978986024857,2.5615978986024857,4707.996336936951,10000,ppo,ppo,crawler,flat,action_dth_tot_plus_friction_thdot_formula,,,,,,,,,,,,,,,0.002916321013448939,0,781,0.0,0.0,,,,,,,,,,,,,,,,,,,,,,,,,,,,,,,,,,,,,,,,,,,,,,,,,,,,,,,,,,,,,,,,,,,,,,,,,,nan,,,,,,,,,,,,,,,
637,2635.609130859375,0.026328688487410545,2.6328688487410545,4715.241805076599,10000,ppo,ppo,crawler,flat,action_dth_tot_plus_friction_thdot_formula,,,,,,,,,,,,,,,0.0025811261252533507,0,781,0.0,0.0,,,,,,,,,,,,,,,,,,,,,,,,,,,,,,,,,,,,,,,,,,,,,,,,,,,,,,,,,,,,,,,,,,,,,,,,,,nan,,,,,,,,,,,,,,,
638,2614.087646484375,0.02611323818564415,2.611323818564415,4722.440603017807,10000,ppo,ppo,crawler,flat,action_dth_tot_plus_friction_thdot_formula,,,,,,,,,,,,,,,0.003307454940140314,0,781,0.0,0.0,,,,,,,,,,,,,,,,,,,,,,,,,,,,,,,,,,,,,,,,,,,,,,,,,,,,,,,,,,,,,,,,,,,,,,,,,,nan,,,,,,,,,,,,,,,
639,2485.571044921875,0.02483147382736206,2.483147382736206,4729.783255577087,10000,ppo,ppo,crawler,flat,action_dth_tot_plus_friction_thdot_formula,,,,,,,,,,,,,,,0.00271836014314842,0,781,0.0,0.0,,,,,,,,,,,,,,,,,,,,,,,,,,,,,,,,,,,,,,,,,,,,,,,,,,,,,,,,,,,,,,,,,,,,,,,,,,nan,,,,,,,,,,,,,,,
640,2559.855224609375,0.02556750364601612,2.556750364601612,4737.0019319057465,10000,ppo,ppo,crawler,flat,action_dth_tot_plus_friction_thdot_formula,,,,,,,,,,,,,,,0.0033027497507383146,0,781,0.0,0.0,,,,,,,,,,,,,,,,,,,,,,,,,,,,,,,,,,,,,,,,,,,,,,,,,,,,,,,,,,,,,,,,,,,,,,,,,,nan,,,,,,,,,,,,,,,
641,2562.7314453125,0.02560066245496273,2.560066245496273,4744.315863370895,10000,ppo,ppo,crawler,flat,action_dth_tot_plus_friction_thdot_formula,,,,,,,,,,,,,,,0.002691992389282066,0,781,0.0,0.0,,,,,,,,,,,,,,,,,,,,,,,,,,,,,,,,,,,,,,,,,,,,,,,,,,,,,,,,,,,,,,,,,,,,,,,,,,nan,,,,,,,,,,,,,,,
642,2584.502685546875,0.0258184801787138,2.58184801787138,4751.6837158203125,10000,ppo,ppo,crawler,flat,action_dth_tot_plus_friction_thdot_formula,,,,,,,,,,,,,,,0.0031279889054634585,0,781,0.0,0.0,,,,,,,,,,,,,,,,,,,,,,,,,,,,,,,,,,,,,,,,,,,,,,,,,,,,,,,,,,,,,,,,,,,,,,,,,,nan,,,,,,,,,,,,,,,
643,2591.745361328125,0.025888195261359215,2.5888195261359215,4759.006964206696,10000,ppo,ppo,crawler,flat,action_dth_tot_plus_friction_thdot_formula,,,,,,,,,,,,,,,0.002421932397592126,0,781,0.0,0.0,,,,,,,,,,,,,,,,,,,,,,,,,,,,,,,,,,,,,,,,,,,,,,,,,,,,,,,,,,,,,,,,,,,,,,,,,,nan,,,,,,,,,,,,,,,
644,2572.120849609375,0.025692088529467583,2.5692088529467583,4766.2318251132965,10000,ppo,ppo,crawler,flat,action_dth_tot_plus_friction_thdot_formula,,,,,,,,,,,,,,,0.0034970905413110615,0,781,0.0,0.0,,,,,,,,,,,,,,,,,,,,,,,,,,,,,,,,,,,,,,,,,,,,,,,,,,,,,,,,,,,,,,,,,,,,,,,,,,nan,,,,,,,,,,,,,,,
645,2500.35107421875,0.024973491206765175,2.4973491206765175,4773.35326218605,10000,ppo,ppo,crawler,flat,action_dth_tot_plus_friction_thdot_formula,,,,,,,,,,,,,,,0.0027738727173659467,0,781,0.0,0.0,,,,,,,,,,,,,,,,,,,,,,,,,,,,,,,,,,,,,,,,,,,,,,,,,,,,,,,,,,,,,,,,,,,,,,,,,,nan,,,,,,,,,,,,,,,
646,2471.830078125,0.024689996615052223,2.4689996615052223,4780.763229608536,10000,ppo,ppo,crawler,flat,action_dth_tot_plus_friction_thdot_formula,,,,,,,,,,,,,,,0.0027314127864755534,0,781,0.0,0.0,,,,,,,,,,,,,,,,,,,,,,,,,,,,,,,,,,,,,,,,,,,,,,,,,,,,,,,,,,,,,,,,,,,,,,,,,,nan,,,,,,,,,,,,,,,
647,2703.534912109375,0.02700701914727688,2.700701914727688,4787.7294635772705,10000,ppo,ppo,crawler,flat,action_dth_tot_plus_friction_thdot_formula,,,,,,,,,,,,,,,0.0028854385976800063,0,781,0.0,0.0,,,,,,,,,,,,,,,,,,,,,,,,,,,,,,,,,,,,,,,,,,,,,,,,,,,,,,,,,,,,,,,,,,,,,,,,,,nan,,,,,,,,,,,,,,,
648,2625.068115234375,0.026221418753266335,2.6221418753266335,4795.031761646271,10000,ppo,ppo,crawler,flat,action_dth_tot_plus_friction_thdot_formula,,,,,,,,,,,,,,,0.002527269656361807,0,781,0.0,0.0,,,,,,,,,,,,,,,,,,,,,,,,,,,,,,,,,,,,,,,,,,,,,,,,,,,,,,,,,,,,,,,,,,,,,,,,,,nan,,,,,,,,,,,,,,,
649,2651.284912109375,0.026478948071599007,2.6478948071599007,4802.35178565979,10000,ppo,ppo,crawler,flat,action_dth_tot_plus_friction_thdot_formula,,,,,,,,,,,,,,,0.002784490414318854,0,781,0.0,0.0,,,,,,,,,,,,,,,,,,,,,,,,,,,,,,,,,,,,,,,,,,,,,,,,,,,,,,,,,,,,,,,,,,,,,,,,,,nan,,,,,,,,,,,,,,,
650,2632.143310546875,0.026290560141205788,2.6290560141205788,4809.784507513046,10000,ppo,ppo,crawler,flat,action_dth_tot_plus_friction_thdot_formula,,,,,,,,,,,,,,,0.0025971526962811683,0,781,0.0,0.0,,,,,,,,,,,,,,,,,,,,,,,,,,,,,,,,,,,,,,,,,,,,,,,,,,,,,,,,,,,,,,,,,,,,,,,,,,nan,,,,,,,,,,,,,,,
651,2549.015380859375,0.02546599879860878,2.546599879860878,4816.8668217659,10000,ppo,ppo,crawler,flat,action_dth_tot_plus_friction_thdot_formula,,,,,,,,,,,,,,,0.003146464546123417,0,781,0.0,0.0,,,,,,,,,,,,,,,,,,,,,,,,,,,,,,,,,,,,,,,,,,,,,,,,,,,,,,,,,,,,,,,,,,,,,,,,,,nan,,,,,,,,,,,,,,,
652,2443.887451171875,0.0244128480553627,2.44128480553627,4824.201642036438,10000,ppo,ppo,crawler,flat,action_dth_tot_plus_friction_thdot_formula,,,,,,,,,,,,,,,0.0033697339225555656,0,781,0.0,0.0,,,,,,,,,,,,,,,,,,,,,,,,,,,,,,,,,,,,,,,,,,,,,,,,,,,,,,,,,,,,,,,,,,,,,,,,,,nan,,,,,,,,,,,,,,,
653,2563.945068359375,0.025614013895392418,2.561401389539242,4831.303694963455,10000,ppo,ppo,crawler,flat,action_dth_tot_plus_friction_thdot_formula,,,,,,,,,,,,,,,0.0027452537175220236,0,781,0.0,0.0,,,,,,,,,,,,,,,,,,,,,,,,,,,,,,,,,,,,,,,,,,,,,,,,,,,,,,,,,,,,,,,,,,,,,,,,,,nan,,,,,,,,,,,,,,,
654,2535.208984375,0.025324610993266106,2.5324610993266106,4838.577551841736,10000,ppo,ppo,crawler,flat,action_dth_tot_plus_friction_thdot_formula,,,,,,,,,,,,,,,0.0026252521735600524,0,781,0.0,0.0,,,,,,,,,,,,,,,,,,,,,,,,,,,,,,,,,,,,,,,,,,,,,,,,,,,,,,,,,,,,,,,,,,,,,,,,,,nan,,,,,,,,,,,,,,,
655,2604.302490234375,0.02601802907884121,2.601802907884121,4845.627404212952,10000,ppo,ppo,crawler,flat,action_dth_tot_plus_friction_thdot_formula,,,,,,,,,,,,,,,0.003090750238723712,0,781,0.0,0.0,,,,,,,,,,,,,,,,,,,,,,,,,,,,,,,,,,,,,,,,,,,,,,,,,,,,,,,,,,,,,,,,,,,,,,,,,,nan,,,,,,,,,,,,,,,
656,2540.941162109375,0.0253838449716568,2.53838449716568,4852.937066078186,10000,ppo,ppo,crawler,flat,action_dth_tot_plus_friction_thdot_formula,,,,,,,,,,,,,,,0.0029823524801706877,0,781,0.0,0.0,,,,,,,,,,,,,,,,,,,,,,,,,,,,,,,,,,,,,,,,,,,,,,,,,,,,,,,,,,,,,,,,,,,,,,,,,,nan,,,,,,,,,,,,,,,
657,2687.89306640625,0.026852434501051903,2.6852434501051903,4859.979306221008,10000,ppo,ppo,crawler,flat,action_dth_tot_plus_friction_thdot_formula,,,,,,,,,,,,,,,0.0024269933320573566,0,781,0.0,0.0,,,,,,,,,,,,,,,,,,,,,,,,,,,,,,,,,,,,,,,,,,,,,,,,,,,,,,,,,,,,,,,,,,,,,,,,,,nan,,,,,,,,,,,,,,,
658,2574.469970703125,0.02571861445903778,2.571861445903778,4867.307676315308,10000,ppo,ppo,crawler,flat,action_dth_tot_plus_friction_thdot_formula,,,,,,,,,,,,,,,0.0024372016090679696,0,781,0.0,0.0,,,,,,,,,,,,,,,,,,,,,,,,,,,,,,,,,,,,,,,,,,,,,,,,,,,,,,,,,,,,,,,,,,,,,,,,,,nan,,,,,,,,,,,,,,,
659,2668.663818359375,0.026657134294509888,2.6657134294509888,4874.445227861404,10000,ppo,ppo,crawler,flat,action_dth_tot_plus_friction_thdot_formula,,,,,,,,,,,,,,,0.0031093865604764127,0,781,0.0,0.0,,,,,,,,,,,,,,,,,,,,,,,,,,,,,,,,,,,,,,,,,,,,,,,,,,,,,,,,,,,,,,,,,,,,,,,,,,nan,,,,,,,,,,,,,,,
660,2620.943359375,0.02617853321135044,2.617853321135044,4881.6902549266815,10000,ppo,ppo,crawler,flat,action_dth_tot_plus_friction_thdot_formula,,,,,,,,,,,,,,,0.003304702071422322,0,781,0.0,0.0,,,,,,,,,,,,,,,,,,,,,,,,,,,,,,,,,,,,,,,,,,,,,,,,,,,,,,,,,,,,,,,,,,,,,,,,,,nan,,,,,,,,,,,,,,,
661,2659.345703125,0.026566719636321068,2.656671963632107,4889.049356937408,10000,ppo,ppo,crawler,flat,action_dth_tot_plus_friction_thdot_formula,,,,,,,,,,,,,,,0.0029023350816039387,0,781,0.0,0.0,,,,,,,,,,,,,,,,,,,,,,,,,,,,,,,,,,,,,,,,,,,,,,,,,,,,,,,,,,,,,,,,,,,,,,,,,,nan,,,,,,,,,,,,,,,
662,2645.14453125,0.02642122097313404,2.642122097313404,4896.346804618835,10000,ppo,ppo,crawler,flat,action_dth_tot_plus_friction_thdot_formula,,,,,,,,,,,,,,,0.00304816617783506,0,781,0.0,0.0,,,,,,,,,,,,,,,,,,,,,,,,,,,,,,,,,,,,,,,,,,,,,,,,,,,,,,,,,,,,,,,,,,,,,,,,,,nan,,,,,,,,,,,,,,,
663,2758.046142578125,0.027554161846637726,2.7554161846637726,4903.46382856369,10000,ppo,ppo,crawler,flat,action_dth_tot_plus_friction_thdot_formula,,,,,,,,,,,,,,,0.00318216214327782,0,781,0.0,0.0,,,,,,,,,,,,,,,,,,,,,,,,,,,,,,,,,,,,,,,,,,,,,,,,,,,,,,,,,,,,,,,,,,,,,,,,,,nan,,,,,,,,,,,,,,,
664,2529.96484375,0.025268523022532463,2.5268523022532463,4910.629421234131,10000,ppo,ppo,crawler,flat,action_dth_tot_plus_friction_thdot_formula,,,,,,,,,,,,,,,0.0028074709358702626,0,781,0.0,0.0,,,,,,,,,,,,,,,,,,,,,,,,,,,,,,,,,,,,,,,,,,,,,,,,,,,,,,,,,,,,,,,,,,,,,,,,,,nan,,,,,,,,,,,,,,,
665,2687.44677734375,0.0268507469445467,2.68507469445467,4917.953374624252,10000,ppo,ppo,crawler,flat,action_dth_tot_plus_friction_thdot_formula,,,,,,,,,,,,,,,0.0028394030774651375,0,781,0.0,0.0,,,,,,,,,,,,,,,,,,,,,,,,,,,,,,,,,,,,,,,,,,,,,,,,,,,,,,,,,,,,,,,,,,,,,,,,,,nan,,,,,,,,,,,,,,,
666,2779.421875,0.02776230312883854,2.776230312883854,4925.140163660049,10000,ppo,ppo,crawler,flat,action_dth_tot_plus_friction_thdot_formula,,,,,,,,,,,,,,,0.0025318778458271393,0,781,0.0,0.0,,,,,,,,,,,,,,,,,,,,,,,,,,,,,,,,,,,,,,,,,,,,,,,,,,,,,,,,,,,,,,,,,,,,,,,,,,nan,,,,,,,,,,,,,,,
667,2602.0546875,0.02598867192864418,2.598867192864418,4932.336294412613,10000,ppo,ppo,crawler,flat,action_dth_tot_plus_friction_thdot_formula,,,,,,,,,,,,,,,0.00331576020018169,0,781,0.0,0.0,,,,,,,,,,,,,,,,,,,,,,,,,,,,,,,,,,,,,,,,,,,,,,,,,,,,,,,,,,,,,,,,,,,,,,,,,,nan,,,,,,,,,,,,,,,
668,2800.80859375,0.027980824932456017,2.7980824932456017,4939.41547369957,10000,ppo,ppo,crawler,flat,action_dth_tot_plus_friction_thdot_formula,,,,,,,,,,,,,,,0.003292067740878708,0,781,0.0,0.0,,,,,,,,,,,,,,,,,,,,,,,,,,,,,,,,,,,,,,,,,,,,,,,,,,,,,,,,,,,,,,,,,,,,,,,,,,nan,,,,,,,,,,,,,,,
669,2684.241943359375,0.026814159005880356,2.6814159005880356,4946.756142616272,10000,ppo,ppo,crawler,flat,action_dth_tot_plus_friction_thdot_formula,,,,,,,,,,,,,,,0.0026461786347773478,0,781,0.0,0.0,,,,,,,,,,,,,,,,,,,,,,,,,,,,,,,,,,,,,,,,,,,,,,,,,,,,,,,,,,,,,,,,,,,,,,,,,,nan,,,,,,,,,,,,,,,
670,2770.309326171875,0.02767249010503292,2.767249010503292,4953.9760982990265,10000,ppo,ppo,crawler,flat,action_dth_tot_plus_friction_thdot_formula,,,,,,,,,,,,,,,0.003302205025597634,0,781,0.0,0.0,,,,,,,,,,,,,,,,,,,,,,,,,,,,,,,,,,,,,,,,,,,,,,,,,,,,,,,,,,,,,,,,,,,,,,,,,,nan,,,,,,,,,,,,,,,
671,2732.517578125,0.027297234162688255,2.7297234162688255,4961.281226873398,10000,ppo,ppo,crawler,flat,action_dth_tot_plus_friction_thdot_formula,,,,,,,,,,,,,,,0.0028053370841988096,0,781,0.0,0.0,,,,,,,,,,,,,,,,,,,,,,,,,,,,,,,,,,,,,,,,,,,,,,,,,,,,,,,,,,,,,,,,,,,,,,,,,,nan,,,,,,,,,,,,,,,
672,2718.081298828125,0.02715049311518669,2.715049311518669,4968.4009511470795,10000,ppo,ppo,crawler,flat,action_dth_tot_plus_friction_thdot_formula,,,,,,,,,,,,,,,0.0030735859310668245,0,781,0.0,0.0,,,,,,,,,,,,,,,,,,,,,,,,,,,,,,,,,,,,,,,,,,,,,,,,,,,,,,,,,,,,,,,,,,,,,,,,,,nan,,,,,,,,,,,,,,,
673,2695.790771484375,0.026931123808026314,2.6931123808026314,4975.850163221359,10000,ppo,ppo,crawler,flat,action_dth_tot_plus_friction_thdot_formula,,,,,,,,,,,,,,,0.003337538903835498,0,781,0.0,0.0,,,,,,,,,,,,,,,,,,,,,,,,,,,,,,,,,,,,,,,,,,,,,,,,,,,,,,,,,,,,,,,,,,,,,,,,,,nan,,,,,,,,,,,,,,,
674,2666.120361328125,0.026630284264683723,2.6630284264683723,4982.996906042099,10000,ppo,ppo,crawler,flat,action_dth_tot_plus_friction_thdot_formula,,,,,,,,,,,,,,,0.004195532925889342,0,781,0.0,0.0,,,,,,,,,,,,,,,,,,,,,,,,,,,,,,,,,,,,,,,,,,,,,,,,,,,,,,,,,,,,,,,,,,,,,,,,,,nan,,,,,,,,,,,,,,,
675,2787.166015625,0.02784387767314911,2.784387767314911,4990.2892825603485,10000,ppo,ppo,crawler,flat,action_dth_tot_plus_friction_thdot_formula,,,,,,,,,,,,,,,0.0029736337200982946,0,781,0.0,0.0,,,,,,,,,,,,,,,,,,,,,,,,,,,,,,,,,,,,,,,,,,,,,,,,,,,,,,,,,,,,,,,,,,,,,,,,,,nan,,,,,,,,,,,,,,,
676,2624.747802734375,0.026215853169560432,2.6215853169560432,4997.531101703644,10000,ppo,ppo,crawler,flat,action_dth_tot_plus_friction_thdot_formula,,,,,,,,,,,,,,,0.003823715795076568,0,781,0.0,0.0,,,,,,,,,,,,,,,,,,,,,,,,,,,,,,,,,,,,,,,,,,,,,,,,,,,,,,,,,,,,,,,,,,,,,,,,,,nan,,,,,,,,,,,,,,,
677,2648.023193359375,0.02645714022219181,2.645714022219181,5005.010961532593,10000,ppo,ppo,crawler,flat,action_dth_tot_plus_friction_thdot_formula,,,,,,,,,,,,,,,0.0032585491981907662,0,781,0.0,0.0,,,,,,,,,,,,,,,,,,,,,,,,,,,,,,,,,,,,,,,,,,,,,,,,,,,,,,,,,,,,,,,,,,,,,,,,,,nan,,,,,,,,,,,,,,,
678,2620.947265625,0.02617896907031536,2.617896907031536,5012.191292524338,10000,ppo,ppo,crawler,flat,action_dth_tot_plus_friction_thdot_formula,,,,,,,,,,,,,,,0.0037979599289362357,0,781,0.0,0.0,,,,,,,,,,,,,,,,,,,,,,,,,,,,,,,,,,,,,,,,,,,,,,,,,,,,,,,,,,,,,,,,,,,,,,,,,,nan,,,,,,,,,,,,,,,
679,2698.089111328125,0.02695285528898239,2.695285528898239,5019.406065940857,10000,ppo,ppo,crawler,flat,action_dth_tot_plus_friction_thdot_formula,,,,,,,,,,,,,,,0.0035537085766804487,0,781,0.0,0.0,,,,,,,,,,,,,,,,,,,,,,,,,,,,,,,,,,,,,,,,,,,,,,,,,,,,,,,,,,,,,,,,,,,,,,,,,,nan,,,,,,,,,,,,,,,
680,2753.032958984375,0.02750343643128872,2.750343643128872,5026.700202465057,10000,ppo,ppo,crawler,flat,action_dth_tot_plus_friction_thdot_formula,,,,,,,,,,,,,,,0.002445937344573662,0,781,0.0,0.0,,,,,,,,,,,,,,,,,,,,,,,,,,,,,,,,,,,,,,,,,,,,,,,,,,,,,,,,,,,,,,,,,,,,,,,,,,nan,,,,,,,,,,,,,,,
681,2585.8896484375,0.025831542909145355,2.5831542909145355,5033.999657392502,10000,ppo,ppo,crawler,flat,action_dth_tot_plus_friction_thdot_formula,,,,,,,,,,,,,,,0.0036573281125451716,0,781,0.0,0.0,,,,,,,,,,,,,,,,,,,,,,,,,,,,,,,,,,,,,,,,,,,,,,,,,,,,,,,,,,,,,,,,,,,,,,,,,,nan,,,,,,,,,,,,,,,
682,2752.615234375,0.027503350749611855,2.7503350749611855,5041.3044719696045,10000,ppo,ppo,crawler,flat,action_dth_tot_plus_friction_thdot_formula,,,,,,,,,,,,,,,0.003789373866567703,0,781,0.0,0.0,,,,,,,,,,,,,,,,,,,,,,,,,,,,,,,,,,,,,,,,,,,,,,,,,,,,,,,,,,,,,,,,,,,,,,,,,,nan,,,,,,,,,,,,,,,
683,2727.757080078125,0.027251379564404488,2.7251379564404488,5048.558316707611,10000,ppo,ppo,crawler,flat,action_dth_tot_plus_friction_thdot_formula,,,,,,,,,,,,,,,0.0035073248971797403,0,781,0.0,0.0,,,,,,,,,,,,,,,,,,,,,,,,,,,,,,,,,,,,,,,,,,,,,,,,,,,,,,,,,,,,,,,,,,,,,,,,,,nan,,,,,,,,,,,,,,,
684,2650.13232421875,0.026471855118870735,2.6471855118870735,5055.908918619156,10000,ppo,ppo,crawler,flat,action_dth_tot_plus_friction_thdot_formula,,,,,,,,,,,,,,,0.003088616946769971,0,781,0.0,0.0,,,,,,,,,,,,,,,,,,,,,,,,,,,,,,,,,,,,,,,,,,,,,,,,,,,,,,,,,,,,,,,,,,,,,,,,,,nan,,,,,,,,,,,,,,,
685,2714.41259765625,0.027115054428577423,2.7115054428577423,5063.205407142639,10000,ppo,ppo,crawler,flat,action_dth_tot_plus_friction_thdot_formula,,,,,,,,,,,,,,,0.0032873427945221373,0,781,0.0,0.0,,,,,,,,,,,,,,,,,,,,,,,,,,,,,,,,,,,,,,,,,,,,,,,,,,,,,,,,,,,,,,,,,,,,,,,,,,nan,,,,,,,,,,,,,,,
686,2670.326171875,0.026679543778300285,2.6679543778300285,5070.271685361862,10000,ppo,ppo,crawler,flat,action_dth_tot_plus_friction_thdot_formula,,,,,,,,,,,,,,,0.003337730643075322,0,781,0.0,0.0,,,,,,,,,,,,,,,,,,,,,,,,,,,,,,,,,,,,,,,,,,,,,,,,,,,,,,,,,,,,,,,,,,,,,,,,,,nan,,,,,,,,,,,,,,,
687,2646.979248046875,0.02644047699868679,2.644047699868679,5077.531809329987,10000,ppo,ppo,crawler,flat,action_dth_tot_plus_friction_thdot_formula,,,,,,,,,,,,,,,0.0036158528280737794,0,781,0.0,0.0,,,,,,,,,,,,,,,,,,,,,,,,,,,,,,,,,,,,,,,,,,,,,,,,,,,,,,,,,,,,,,,,,,,,,,,,,,nan,,,,,,,,,,,,,,,
688,2674.727294921875,0.02671973593533039,2.671973593533039,5084.8309054374695,10000,ppo,ppo,crawler,flat,action_dth_tot_plus_friction_thdot_formula,,,,,,,,,,,,,,,0.0035683877116457347,0,781,0.0,0.0,,,,,,,,,,,,,,,,,,,,,,,,,,,,,,,,,,,,,,,,,,,,,,,,,,,,,,,,,,,,,,,,,,,,,,,,,,nan,,,,,,,,,,,,,,,
689,2710.371826171875,0.027076760306954384,2.7076760306954384,5092.171459674835,10000,ppo,ppo,crawler,flat,action_dth_tot_plus_friction_thdot_formula,,,,,,,,,,,,,,,0.0033930273553748258,0,781,0.0,0.0,,,,,,,,,,,,,,,,,,,,,,,,,,,,,,,,,,,,,,,,,,,,,,,,,,,,,,,,,,,,,,,,,,,,,,,,,,nan,,,,,,,,,,,,,,,
690,2699.54052734375,0.026965307071805,2.6965307071805,5099.301021337509,10000,ppo,ppo,crawler,flat,action_dth_tot_plus_friction_thdot_formula,,,,,,,,,,,,,,,0.00243065396519664,0,781,0.0,0.0,,,,,,,,,,,,,,,,,,,,,,,,,,,,,,,,,,,,,,,,,,,,,,,,,,,,,,,,,,,,,,,,,,,,,,,,,,nan,,,,,,,,,,,,,,,
691,2615.135009765625,0.02611943893134594,2.611943893134594,5106.615542888641,10000,ppo,ppo,crawler,flat,action_dth_tot_plus_friction_thdot_formula,,,,,,,,,,,,,,,0.003261555734814339,0,781,0.0,0.0,,,,,,,,,,,,,,,,,,,,,,,,,,,,,,,,,,,,,,,,,,,,,,,,,,,,,,,,,,,,,,,,,,,,,,,,,,nan,,,,,,,,,,,,,,,
692,2782.702392578125,0.0277944877743721,2.77944877743721,5113.865430831909,10000,ppo,ppo,crawler,flat,action_dth_tot_plus_friction_thdot_formula,,,,,,,,,,,,,,,0.00320617765863903,0,781,0.0,0.0,,,,,,,,,,,,,,,,,,,,,,,,,,,,,,,,,,,,,,,,,,,,,,,,,,,,,,,,,,,,,,,,,,,,,,,,,,nan,,,,,,,,,,,,,,,
693,2647.087158203125,0.026442985981702805,2.6442985981702805,5121.076536178589,10000,ppo,ppo,crawler,flat,action_dth_tot_plus_friction_thdot_formula,,,,,,,,,,,,,,,0.004200878786556625,0,781,0.0,0.0,,,,,,,,,,,,,,,,,,,,,,,,,,,,,,,,,,,,,,,,,,,,,,,,,,,,,,,,,,,,,,,,,,,,,,,,,,nan,,,,,,,,,,,,,,,
694,2756.139404296875,0.027537602931261063,2.7537602931261063,5128.279933691025,10000,ppo,ppo,crawler,flat,action_dth_tot_plus_friction_thdot_formula,,,,,,,,,,,,,,,0.0027675318056416417,0,781,0.0,0.0,,,,,,,,,,,,,,,,,,,,,,,,,,,,,,,,,,,,,,,,,,,,,,,,,,,,,,,,,,,,,,,,,,,,,,,,,,nan,,,,,,,,,,,,,,,
695,2698.3271484375,0.026951994746923447,2.6951994746923447,5135.645313978195,10000,ppo,ppo,crawler,flat,action_dth_tot_plus_friction_thdot_formula,,,,,,,,,,,,,,,0.0031085636020830635,0,781,0.0,0.0,,,,,,,,,,,,,,,,,,,,,,,,,,,,,,,,,,,,,,,,,,,,,,,,,,,,,,,,,,,,,,,,,,,,,,,,,,nan,,,,,,,,,,,,,,,
696,2607.53759765625,0.02605130523443222,2.605130523443222,5142.97779417038,10000,ppo,ppo,crawler,flat,action_dth_tot_plus_friction_thdot_formula,,,,,,,,,,,,,,,0.00351732533647042,0,781,0.0,0.0,,,,,,,,,,,,,,,,,,,,,,,,,,,,,,,,,,,,,,,,,,,,,,,,,,,,,,,,,,,,,,,,,,,,,,,,,,nan,,,,,,,,,,,,,,,
697,2650.910888671875,0.026479583233594894,2.6479583233594894,5150.084193944931,10000,ppo,ppo,crawler,flat,action_dth_tot_plus_friction_thdot_formula,,,,,,,,,,,,,,,0.0032020807615406786,0,781,0.0,0.0,,,,,,,,,,,,,,,,,,,,,,,,,,,,,,,,,,,,,,,,,,,,,,,,,,,,,,,,,,,,,,,,,,,,,,,,,,nan,,,,,,,,,,,,,,,
698,2675.955810546875,0.026732036843895912,2.673203684389591,5157.526118278503,10000,ppo,ppo,crawler,flat,action_dth_tot_plus_friction_thdot_formula,,,,,,,,,,,,,,,0.0037727410223563984,0,781,0.0,0.0,,,,,,,,,,,,,,,,,,,,,,,,,,,,,,,,,,,,,,,,,,,,,,,,,,,,,,,,,,,,,,,,,,,,,,,,,,nan,,,,,,,,,,,,,,,
699,2666.17431640625,0.026635827496647835,2.6635827496647835,5164.722959518433,10000,ppo,ppo,crawler,flat,action_dth_tot_plus_friction_thdot_formula,,,,,,,,,,,,,,,0.00331352555225651,0,781,0.0,0.0,,,,,,,,,,,,,,,,,,,,,,,,,,,,,,,,,,,,,,,,,,,,,,,,,,,,,,,,,,,,,,,,,,,,,,,,,,nan,,,,,,,,,,,,,,,
700,2620.054443359375,0.026168908923864365,2.6168908923864365,5172.113839626312,10000,ppo,ppo,crawler,flat,action_dth_tot_plus_friction_thdot_formula,,,,,,,,,,,,,,,0.0029778187186278345,0,781,0.0,0.0,,,,,,,,,,,,,,,,,,,,,,,,,,,,,,,,,,,,,,,,,,,,,,,,,,,,,,,,,,,,,,,,,,,,,,,,,,nan,,,,,,,,,,,,,,,
701,2617.977294921875,0.02615569345653057,2.615569345653057,5179.257834672928,10000,ppo,ppo,crawler,flat,action_dth_tot_plus_friction_thdot_formula,,,,,,,,,,,,,,,0.002553431020507639,0,781,0.0,0.0,,,,,,,,,,,,,,,,,,,,,,,,,,,,,,,,,,,,,,,,,,,,,,,,,,,,,,,,,,,,,,,,,,,,,,,,,,nan,,,,,,,,,,,,,,,
702,2665.688232421875,0.026625540107488632,2.662554010748863,5186.745386838913,10000,ppo,ppo,crawler,flat,action_dth_tot_plus_friction_thdot_formula,,,,,,,,,,,,,,,0.0025300552409900073,0,781,0.0,0.0,,,,,,,,,,,,,,,,,,,,,,,,,,,,,,,,,,,,,,,,,,,,,,,,,,,,,,,,,,,,,,,,,,,,,,,,,,nan,,,,,,,,,,,,,,,
703,2717.530517578125,0.027147069573402405,2.7147069573402405,5193.862881422043,10000,ppo,ppo,crawler,flat,action_dth_tot_plus_friction_thdot_formula,,,,,,,,,,,,,,,0.002595161196512496,0,781,0.0,0.0,,,,,,,,,,,,,,,,,,,,,,,,,,,,,,,,,,,,,,,,,,,,,,,,,,,,,,,,,,,,,,,,,,,,,,,,,,nan,,,,,,,,,,,,,,,
704,2755.49853515625,0.027526671066880226,2.7526671066880226,5201.170627117157,10000,ppo,ppo,crawler,flat,action_dth_tot_plus_friction_thdot_formula,,,,,,,,,,,,,,,0.0024601606241556745,0,781,0.0,0.0,,,,,,,,,,,,,,,,,,,,,,,,,,,,,,,,,,,,,,,,,,,,,,,,,,,,,,,,,,,,,,,,,,,,,,,,,,nan,,,,,,,,,,,,,,,
705,2679.341552734375,0.026765376329421997,2.6765376329421997,5208.354036092758,10000,ppo,ppo,crawler,flat,action_dth_tot_plus_friction_thdot_formula,,,,,,,,,,,,,,,0.0029866572186781903,0,781,0.0,0.0,,,,,,,,,,,,,,,,,,,,,,,,,,,,,,,,,,,,,,,,,,,,,,,,,,,,,,,,,,,,,,,,,,,,,,,,,,nan,,,,,,,,,,,,,,,
706,2532.616455078125,0.0253006462007761,2.53006462007761,5215.924043416977,10000,ppo,ppo,crawler,flat,action_dth_tot_plus_friction_thdot_formula,,,,,,,,,,,,,,,0.0030060994359303894,0,781,0.0,0.0,,,,,,,,,,,,,,,,,,,,,,,,,,,,,,,,,,,,,,,,,,,,,,,,,,,,,,,,,,,,,,,,,,,,,,,,,,nan,,,,,,,,,,,,,,,
707,2695.622802734375,0.026928722858428955,2.6928722858428955,5223.075341701508,10000,ppo,ppo,crawler,flat,action_dth_tot_plus_friction_thdot_formula,,,,,,,,,,,,,,,0.003292933114546157,0,781,0.0,0.0,,,,,,,,,,,,,,,,,,,,,,,,,,,,,,,,,,,,,,,,,,,,,,,,,,,,,,,,,,,,,,,,,,,,,,,,,,nan,,,,,,,,,,,,,,,
708,2673.477783203125,0.026709793135523796,2.6709793135523796,5230.4007251262665,10000,ppo,ppo,crawler,flat,action_dth_tot_plus_friction_thdot_formula,,,,,,,,,,,,,,,0.003166523297354889,0,781,0.0,0.0,,,,,,,,,,,,,,,,,,,,,,,,,,,,,,,,,,,,,,,,,,,,,,,,,,,,,,,,,,,,,,,,,,,,,,,,,,nan,,,,,,,,,,,,,,,
709,2648.8759765625,0.02646060474216938,2.646060474216938,5237.619556188583,10000,ppo,ppo,crawler,flat,action_dth_tot_plus_friction_thdot_formula,,,,,,,,,,,,,,,0.0026237587160526247,0,781,0.0,0.0,,,,,,,,,,,,,,,,,,,,,,,,,,,,,,,,,,,,,,,,,,,,,,,,,,,,,,,,,,,,,,,,,,,,,,,,,,nan,,,,,,,,,,,,,,,
710,2554.822509765625,0.02552010677754879,2.552010677754879,5244.964494943619,10000,ppo,ppo,crawler,flat,action_dth_tot_plus_friction_thdot_formula,,,,,,,,,,,,,,,0.003375354150883143,0,781,0.0,0.0,,,,,,,,,,,,,,,,,,,,,,,,,,,,,,,,,,,,,,,,,,,,,,,,,,,,,,,,,,,,,,,,,,,,,,,,,,nan,,,,,,,,,,,,,,,
711,2635.074951171875,0.02632344886660576,2.632344886660576,5252.462907791138,10000,ppo,ppo,crawler,flat,action_dth_tot_plus_friction_thdot_formula,,,,,,,,,,,,,,,0.002694644152895439,0,781,0.0,0.0,,,,,,,,,,,,,,,,,,,,,,,,,,,,,,,,,,,,,,,,,,,,,,,,,,,,,,,,,,,,,,,,,,,,,,,,,,nan,,,,,,,,,,,,,,,
712,2569.02587890625,0.025668956339359283,2.5668956339359283,5259.885363101959,10000,ppo,ppo,crawler,flat,action_dth_tot_plus_friction_thdot_formula,,,,,,,,,,,,,,,0.0030887299851903743,0,781,0.0,0.0,,,,,,,,,,,,,,,,,,,,,,,,,,,,,,,,,,,,,,,,,,,,,,,,,,,,,,,,,,,,,,,,,,,,,,,,,,nan,,,,,,,,,,,,,,,
713,2605.968505859375,0.026031924411654472,2.6031924411654472,5266.960371017456,10000,ppo,ppo,crawler,flat,action_dth_tot_plus_friction_thdot_formula,,,,,,,,,,,,,,,0.003195049370009698,0,781,0.0,0.0,,,,,,,,,,,,,,,,,,,,,,,,,,,,,,,,,,,,,,,,,,,,,,,,,,,,,,,,,,,,,,,,,,,,,,,,,,nan,,,,,,,,,,,,,,,
714,2682.719482421875,0.02679753303527832,2.679753303527832,5274.364552974701,10000,ppo,ppo,crawler,flat,action_dth_tot_plus_friction_thdot_formula,,,,,,,,,,,,,,,0.0035747323067746722,0,781,0.0,0.0,,,,,,,,,,,,,,,,,,,,,,,,,,,,,,,,,,,,,,,,,,,,,,,,,,,,,,,,,,,,,,,,,,,,,,,,,,nan,,,,,,,,,,,,,,,
715,2777.157958984375,0.027742302045226097,2.7742302045226097,5281.577368736267,10000,ppo,ppo,crawler,flat,action_dth_tot_plus_friction_thdot_formula,,,,,,,,,,,,,,,0.0036074970292867127,0,781,0.0,0.0,,,,,,,,,,,,,,,,,,,,,,,,,,,,,,,,,,,,,,,,,,,,,,,,,,,,,,,,,,,,,,,,,,,,,,,,,,nan,,,,,,,,,,,,,,,
716,2683.333984375,0.02680128626525402,2.680128626525402,5288.797293663025,10000,ppo,ppo,crawler,flat,action_dth_tot_plus_friction_thdot_formula,,,,,,,,,,,,,,,0.0037678895938456436,0,781,0.0,0.0,,,,,,,,,,,,,,,,,,,,,,,,,,,,,,,,,,,,,,,,,,,,,,,,,,,,,,,,,,,,,,,,,,,,,,,,,,nan,,,,,,,,,,,,,,,
717,2614.019287109375,0.026115180924534798,2.6115180924534798,5296.080070734024,10000,ppo,ppo,crawler,flat,action_dth_tot_plus_friction_thdot_formula,,,,,,,,,,,,,,,0.0028885764920014993,0,781,0.0,0.0,,,,,,,,,,,,,,,,,,,,,,,,,,,,,,,,,,,,,,,,,,,,,,,,,,,,,,,,,,,,,,,,,,,,,,,,,,nan,,,,,,,,,,,,,,,
718,2546.180419921875,0.025431588292121887,2.5431588292121887,5303.354371547699,10000,ppo,ppo,crawler,flat,action_dth_tot_plus_friction_thdot_formula,,,,,,,,,,,,,,,0.0032044656518977923,0,781,0.0,0.0,,,,,,,,,,,,,,,,,,,,,,,,,,,,,,,,,,,,,,,,,,,,,,,,,,,,,,,,,,,,,,,,,,,,,,,,,,nan,,,,,,,,,,,,,,,
719,2570.93017578125,0.02567823976278305,2.567823976278305,5310.401479244232,10000,ppo,ppo,crawler,flat,action_dth_tot_plus_friction_thdot_formula,,,,,,,,,,,,,,,0.004262046303412854,0,781,0.0,0.0,,,,,,,,,,,,,,,,,,,,,,,,,,,,,,,,,,,,,,,,,,,,,,,,,,,,,,,,,,,,,,,,,,,,,,,,,,nan,,,,,,,,,,,,,,,
720,2650.3505859375,0.026475805789232254,2.6475805789232254,5317.554951667786,10000,ppo,ppo,crawler,flat,action_dth_tot_plus_friction_thdot_formula,,,,,,,,,,,,,,,0.003154269714300758,0,781,0.0,0.0,,,,,,,,,,,,,,,,,,,,,,,,,,,,,,,,,,,,,,,,,,,,,,,,,,,,,,,,,,,,,,,,,,,,,,,,,,nan,,,,,,,,,,,,,,,
721,2789.683837890625,0.02786853350698948,2.786853350698948,5324.866821527481,10000,ppo,ppo,crawler,flat,action_dth_tot_plus_friction_thdot_formula,,,,,,,,,,,,,,,0.0025043829815091373,0,781,0.0,0.0,,,,,,,,,,,,,,,,,,,,,,,,,,,,,,,,,,,,,,,,,,,,,,,,,,,,,,,,,,,,,,,,,,,,,,,,,,nan,,,,,,,,,,,,,,,
722,2659.30517578125,0.02657048963010311,2.657048963010311,5332.185611009598,10000,ppo,ppo,crawler,flat,action_dth_tot_plus_friction_thdot_formula,,,,,,,,,,,,,,,0.0033167322740440524,0,781,0.0,0.0,,,,,,,,,,,,,,,,,,,,,,,,,,,,,,,,,,,,,,,,,,,,,,,,,,,,,,,,,,,,,,,,,,,,,,,,,,nan,,,,,,,,,,,,,,,
723,2679.768310546875,0.026771020144224167,2.6771020144224167,5339.314605474472,10000,ppo,ppo,crawler,flat,action_dth_tot_plus_friction_thdot_formula,,,,,,,,,,,,,,,0.0030660655323184057,0,781,0.0,0.0,,,,,,,,,,,,,,,,,,,,,,,,,,,,,,,,,,,,,,,,,,,,,,,,,,,,,,,,,,,,,,,,,,,,,,,,,,nan,,,,,,,,,,,,,,,
724,2653.379638671875,0.02650255709886551,2.650255709886551,5346.599386692047,10000,ppo,ppo,crawler,flat,action_dth_tot_plus_friction_thdot_formula,,,,,,,,,,,,,,,0.0032435665540972536,0,781,0.0,0.0,,,,,,,,,,,,,,,,,,,,,,,,,,,,,,,,,,,,,,,,,,,,,,,,,,,,,,,,,,,,,,,,,,,,,,,,,,nan,,,,,,,,,,,,,,,
725,2566.990966796875,0.025648824870586395,2.5648824870586395,5353.981515407562,10000,ppo,ppo,crawler,flat,action_dth_tot_plus_friction_thdot_formula,,,,,,,,,,,,,,,0.003488689167565152,0,781,0.0,0.0,,,,,,,,,,,,,,,,,,,,,,,,,,,,,,,,,,,,,,,,,,,,,,,,,,,,,,,,,,,,,,,,,,,,,,,,,,nan,,,,,,,,,,,,,,,
726,2608.046630859375,0.026051227003335953,2.6051227003335953,5361.079730987549,10000,ppo,ppo,crawler,flat,action_dth_tot_plus_friction_thdot_formula,,,,,,,,,,,,,,,0.0022004981476127284,0,781,0.0,0.0,,,,,,,,,,,,,,,,,,,,,,,,,,,,,,,,,,,,,,,,,,,,,,,,,,,,,,,,,,,,,,,,,,,,,,,,,,nan,,,,,,,,,,,,,,,
727,2748.5634765625,0.027455361559987068,2.745536155998707,5368.4614610672,10000,ppo,ppo,crawler,flat,action_dth_tot_plus_friction_thdot_formula,,,,,,,,,,,,,,,0.0027139427567559097,0,781,0.0,0.0,,,,,,,,,,,,,,,,,,,,,,,,,,,,,,,,,,,,,,,,,,,,,,,,,,,,,,,,,,,,,,,,,,,,,,,,,,nan,,,,,,,,,,,,,,,
728,2687.395263671875,0.026850378140807152,2.685037814080715,5375.56468629837,10000,ppo,ppo,crawler,flat,action_dth_tot_plus_friction_thdot_formula,,,,,,,,,,,,,,,0.0034647096621758626,0,781,0.0,0.0,,,,,,,,,,,,,,,,,,,,,,,,,,,,,,,,,,,,,,,,,,,,,,,,,,,,,,,,,,,,,,,,,,,,,,,,,,nan,,,,,,,,,,,,,,,
729,2656.449462890625,0.02653469145298004,2.653469145298004,5382.983996391296,10000,ppo,ppo,crawler,flat,action_dth_tot_plus_friction_thdot_formula,,,,,,,,,,,,,,,0.0038060821942277325,0,781,0.0,0.0,,,,,,,,,,,,,,,,,,,,,,,,,,,,,,,,,,,,,,,,,,,,,,,,,,,,,,,,,,,,,,,,,,,,,,,,,,nan,,,,,,,,,,,,,,,
730,2656.61376953125,0.026540039107203484,2.6540039107203484,5390.055464267731,10000,ppo,ppo,crawler,flat,action_dth_tot_plus_friction_thdot_formula,,,,,,,,,,,,,,,0.0032907657023944397,0,781,0.0,0.0,,,,,,,,,,,,,,,,,,,,,,,,,,,,,,,,,,,,,,,,,,,,,,,,,,,,,,,,,,,,,,,,,,,,,,,,,,nan,,,,,,,,,,,,,,,
731,2811.053466796875,0.028081215918064117,2.8081215918064117,5397.342076063156,10000,ppo,ppo,crawler,flat,action_dth_tot_plus_friction_thdot_formula,,,,,,,,,,,,,,,0.003396662960673245,0,781,0.0,0.0,,,,,,,,,,,,,,,,,,,,,,,,,,,,,,,,,,,,,,,,,,,,,,,,,,,,,,,,,,,,,,,,,,,,,,,,,,nan,,,,,,,,,,,,,,,
732,2632.55859375,0.026294734328985214,2.6294734328985214,5404.524033784866,10000,ppo,ppo,crawler,flat,action_dth_tot_plus_friction_thdot_formula,,,,,,,,,,,,,,,0.0030413481162261174,0,781,0.0,0.0,,,,,,,,,,,,,,,,,,,,,,,,,,,,,,,,,,,,,,,,,,,,,,,,,,,,,,,,,,,,,,,,,,,,,,,,,,nan,,,,,,,,,,,,,,,
733,2699.41455078125,0.026964550837874413,2.6964550837874413,5411.861043214798,10000,ppo,ppo,crawler,flat,action_dth_tot_plus_friction_thdot_formula,,,,,,,,,,,,,,,0.003536445981363507,0,781,0.0,0.0,,,,,,,,,,,,,,,,,,,,,,,,,,,,,,,,,,,,,,,,,,,,,,,,,,,,,,,,,,,,,,,,,,,,,,,,,,nan,,,,,,,,,,,,,,,
734,2601.55517578125,0.025987109169363976,2.5987109169363976,5419.03560423851,10000,ppo,ppo,crawler,flat,action_dth_tot_plus_friction_thdot_formula,,,,,,,,,,,,,,,0.002942644949244018,0,781,0.0,0.0,,,,,,,,,,,,,,,,,,,,,,,,,,,,,,,,,,,,,,,,,,,,,,,,,,,,,,,,,,,,,,,,,,,,,,,,,,nan,,,,,,,,,,,,,,,
735,2752.2197265625,0.027495216578245163,2.7495216578245163,5426.218677282333,10000,ppo,ppo,crawler,flat,action_dth_tot_plus_friction_thdot_formula,,,,,,,,,,,,,,,0.003397541131306125,0,781,0.0,0.0,,,,,,,,,,,,,,,,,,,,,,,,,,,,,,,,,,,,,,,,,,,,,,,,,,,,,,,,,,,,,,,,,,,,,,,,,,nan,,,,,,,,,,,,,,,
736,2723.215576171875,0.027201272547245026,2.7201272547245026,5433.405453681946,10000,ppo,ppo,crawler,flat,action_dth_tot_plus_friction_thdot_formula,,,,,,,,,,,,,,,0.0036920401099717506,0,781,0.0,0.0,,,,,,,,,,,,,,,,,,,,,,,,,,,,,,,,,,,,,,,,,,,,,,,,,,,,,,,,,,,,,,,,,,,,,,,,,,nan,,,,,,,,,,,,,,,
737,2702.78759765625,0.026996513828635216,2.6996513828635216,5440.547083854675,10000,ppo,ppo,crawler,flat,action_dth_tot_plus_friction_thdot_formula,,,,,,,,,,,,,,,0.0028593149728176905,0,781,0.0,0.0,,,,,,,,,,,,,,,,,,,,,,,,,,,,,,,,,,,,,,,,,,,,,,,,,,,,,,,,,,,,,,,,,,,,,,,,,,nan,,,,,,,,,,,,,,,
738,2667.06689453125,0.02664382942020893,2.664382942020893,5447.726010799408,10000,ppo,ppo,crawler,flat,action_dth_tot_plus_friction_thdot_formula,,,,,,,,,,,,,,,0.0030145697405522453,0,781,0.0,0.0,,,,,,,,,,,,,,,,,,,,,,,,,,,,,,,,,,,,,,,,,,,,,,,,,,,,,,,,,,,,,,,,,,,,,,,,,,nan,,,,,,,,,,,,,,,
739,2624.557373046875,0.026218578219413757,2.6218578219413757,5454.943133115768,10000,ppo,ppo,crawler,flat,action_dth_tot_plus_friction_thdot_formula,,,,,,,,,,,,,,,0.0032184617045346205,0,781,0.0,0.0,,,,,,,,,,,,,,,,,,,,,,,,,,,,,,,,,,,,,,,,,,,,,,,,,,,,,,,,,,,,,,,,,,,,,,,,,,nan,,,,,,,,,,,,,,,
740,2675.17041015625,0.026724474504590034,2.6724474504590034,5462.1687071323395,10000,ppo,ppo,crawler,flat,action_dth_tot_plus_friction_thdot_formula,,,,,,,,,,,,,,,0.0034927157663547036,0,781,0.0,0.0,,,,,,,,,,,,,,,,,,,,,,,,,,,,,,,,,,,,,,,,,,,,,,,,,,,,,,,,,,,,,,,,,,,,,,,,,,nan,,,,,,,,,,,,,,,
741,2650.528564453125,0.026478871703147888,2.647887170314789,5469.3948175907135,10000,ppo,ppo,crawler,flat,action_dth_tot_plus_friction_thdot_formula,,,,,,,,,,,,,,,0.0028920276220929637,0,781,0.0,0.0,,,,,,,,,,,,,,,,,,,,,,,,,,,,,,,,,,,,,,,,,,,,,,,,,,,,,,,,,,,,,,,,,,,,,,,,,,nan,,,,,,,,,,,,,,,
742,2735.92236328125,0.02732686698436737,2.732686698436737,5476.509187936783,10000,ppo,ppo,crawler,flat,action_dth_tot_plus_friction_thdot_formula,,,,,,,,,,,,,,,0.003154121889946231,0,781,0.0,0.0,,,,,,,,,,,,,,,,,,,,,,,,,,,,,,,,,,,,,,,,,,,,,,,,,,,,,,,,,,,,,,,,,,,,,,,,,,nan,,,,,,,,,,,,,,,
743,2660.585693359375,0.026575535535812378,2.657553553581238,5483.814458608627,10000,ppo,ppo,crawler,flat,action_dth_tot_plus_friction_thdot_formula,,,,,,,,,,,,,,,0.003028027878754633,0,781,0.0,0.0,,,,,,,,,,,,,,,,,,,,,,,,,,,,,,,,,,,,,,,,,,,,,,,,,,,,,,,,,,,,,,,,,,,,,,,,,,nan,,,,,,,,,,,,,,,
744,2692.613525390625,0.02689439058303833,2.689439058303833,5491.056421518326,10000,ppo,ppo,crawler,flat,action_dth_tot_plus_friction_thdot_formula,,,,,,,,,,,,,,,0.003286873407944531,0,781,0.0,0.0,,,,,,,,,,,,,,,,,,,,,,,,,,,,,,,,,,,,,,,,,,,,,,,,,,,,,,,,,,,,,,,,,,,,,,,,,,nan,,,,,,,,,,,,,,,
745,2716.27734375,0.027131695300340652,2.7131695300340652,5498.299028396606,10000,ppo,ppo,crawler,flat,action_dth_tot_plus_friction_thdot_formula,,,,,,,,,,,,,,,0.002883761493809922,0,781,0.0,0.0,,,,,,,,,,,,,,,,,,,,,,,,,,,,,,,,,,,,,,,,,,,,,,,,,,,,,,,,,,,,,,,,,,,,,,,,,,nan,,,,,,,,,,,,,,,
746,2645.643310546875,0.026431124657392502,2.64311246573925,5505.614989042282,10000,ppo,ppo,crawler,flat,action_dth_tot_plus_friction_thdot_formula,,,,,,,,,,,,,,,0.0033636890889056593,0,781,0.0,0.0,,,,,,,,,,,,,,,,,,,,,,,,,,,,,,,,,,,,,,,,,,,,,,,,,,,,,,,,,,,,,,,,,,,,,,,,,,nan,,,,,,,,,,,,,,,
747,2734.978271484375,0.02731833979487419,2.731833979487419,5513.17599272728,10000,ppo,ppo,crawler,flat,action_dth_tot_plus_friction_thdot_formula,,,,,,,,,,,,,,,0.002372889063650773,0,781,0.0,0.0,,,,,,,,,,,,,,,,,,,,,,,,,,,,,,,,,,,,,,,,,,,,,,,,,,,,,,,,,,,,,,,,,,,,,,,,,,nan,,,,,,,,,,,,,,,
748,2648.453857421875,0.02645767666399479,2.645767666399479,5520.247540235519,10000,ppo,ppo,crawler,flat,action_dth_tot_plus_friction_thdot_formula,,,,,,,,,,,,,,,0.0036547575164964916,0,781,0.0,0.0,,,,,,,,,,,,,,,,,,,,,,,,,,,,,,,,,,,,,,,,,,,,,,,,,,,,,,,,,,,,,,,,,,,,,,,,,,nan,,,,,,,,,,,,,,,
749,2581.932373046875,0.02579020895063877,2.579020895063877,5527.740471601486,10000,ppo,ppo,crawler,flat,action_dth_tot_plus_friction_thdot_formula,,,,,,,,,,,,,,,0.0028121217745582833,0,781,0.0,0.0,,,,,,,,,,,,,,,,,,,,,,,,,,,,,,,,,,,,,,,,,,,,,,,,,,,,,,,,,,,,,,,,,,,,,,,,,,nan,,,,,,,,,,,,,,,
750,2621.487060546875,0.02618875354528427,2.618875354528427,5535.1935505867,10000,ppo,ppo,crawler,flat,action_dth_tot_plus_friction_thdot_formula,,,,,,,,,,,,,,,0.0031258202082714215,0,781,0.0,0.0,,,,,,,,,,,,,,,,,,,,,,,,,,,,,,,,,,,,,,,,,,,,,,,,,,,,,,,,,,,,,,,,,,,,,,,,,,nan,,,,,,,,,,,,,,,
751,2606.758544921875,0.02604210190474987,2.604210190474987,5542.678943634033,10000,ppo,ppo,crawler,flat,action_dth_tot_plus_friction_thdot_formula,,,,,,,,,,,,,,,0.0031898489454686616,0,781,0.0,0.0,,,,,,,,,,,,,,,,,,,,,,,,,,,,,,,,,,,,,,,,,,,,,,,,,,,,,,,,,,,,,,,,,,,,,,,,,,nan,,,,,,,,,,,,,,,
752,2657.296875,0.02654515951871872,2.654515951871872,5549.792917251587,10000,ppo,ppo,crawler,flat,action_dth_tot_plus_friction_thdot_formula,,,,,,,,,,,,,,,0.0029437253471906923,0,781,0.0,0.0,,,,,,,,,,,,,,,,,,,,,,,,,,,,,,,,,,,,,,,,,,,,,,,,,,,,,,,,,,,,,,,,,,,,,,,,,,nan,,,,,,,,,,,,,,,
753,2681.46142578125,0.026782536879181862,2.678253687918186,5557.1046731472015,10000,ppo,ppo,crawler,flat,action_dth_tot_plus_friction_thdot_formula,,,,,,,,,,,,,,,0.003775727875548905,0,781,0.0,0.0,,,,,,,,,,,,,,,,,,,,,,,,,,,,,,,,,,,,,,,,,,,,,,,,,,,,,,,,,,,,,,,,,,,,,,,,,,nan,,,,,,,,,,,,,,,
754,2547.150146484375,0.025441650301218033,2.5441650301218033,5564.315415143967,10000,ppo,ppo,crawler,flat,action_dth_tot_plus_friction_thdot_formula,,,,,,,,,,,,,,,0.004179572631065673,0,781,0.0,0.0,,,,,,,,,,,,,,,,,,,,,,,,,,,,,,,,,,,,,,,,,,,,,,,,,,,,,,,,,,,,,,,,,,,,,,,,,,nan,,,,,,,,,,,,,,,
755,2629.598876953125,0.026268823072314262,2.6268823072314262,5571.745258331299,10000,ppo,ppo,crawler,flat,action_dth_tot_plus_friction_thdot_formula,,,,,,,,,,,,,,,0.003588392739143955,0,781,0.0,0.0,,,,,,,,,,,,,,,,,,,,,,,,,,,,,,,,,,,,,,,,,,,,,,,,,,,,,,,,,,,,,,,,,,,,,,,,,,nan,,,,,,,,,,,,,,,
756,2738.497314453125,0.027359453961253166,2.7359453961253166,5578.952720880508,10000,ppo,ppo,crawler,flat,action_dth_tot_plus_friction_thdot_formula,,,,,,,,,,,,,,,0.0026792771731567106,0,781,0.0,0.0,,,,,,,,,,,,,,,,,,,,,,,,,,,,,,,,,,,,,,,,,,,,,,,,,,,,,,,,,,,,,,,,,,,,,,,,,,nan,,,,,,,,,,,,,,,
757,2733.834716796875,0.027310967445373535,2.7310967445373535,5586.058244466782,10000,ppo,ppo,crawler,flat,action_dth_tot_plus_friction_thdot_formula,,,,,,,,,,,,,,,0.0023844268263309297,0,781,0.0,0.0,,,,,,,,,,,,,,,,,,,,,,,,,,,,,,,,,,,,,,,,,,,,,,,,,,,,,,,,,,,,,,,,,,,,,,,,,,nan,,,,,,,,,,,,,,,
758,2627.352294921875,0.026250066235661507,2.6250066235661507,5593.5749044418335,10000,ppo,ppo,crawler,flat,action_dth_tot_plus_friction_thdot_formula,,,,,,,,,,,,,,,0.0027909940660548983,0,781,0.0,0.0,,,,,,,,,,,,,,,,,,,,,,,,,,,,,,,,,,,,,,,,,,,,,,,,,,,,,,,,,,,,,,,,,,,,,,,,,,nan,,,,,,,,,,,,,,,
759,2685.86376953125,0.02683395892381668,2.683395892381668,5600.874933719635,10000,ppo,ppo,crawler,flat,action_dth_tot_plus_friction_thdot_formula,,,,,,,,,,,,,,,0.002845124430461368,0,781,0.0,0.0,,,,,,,,,,,,,,,,,,,,,,,,,,,,,,,,,,,,,,,,,,,,,,,,,,,,,,,,,,,,,,,,,,,,,,,,,,nan,,,,,,,,,,,,,,,
760,2568.16650390625,0.025652965530753136,2.5652965530753136,5608.21066069603,10000,ppo,ppo,crawler,flat,action_dth_tot_plus_friction_thdot_formula,,,,,,,,,,,,,,,0.0029204908279027125,0,781,0.0,0.0,,,,,,,,,,,,,,,,,,,,,,,,,,,,,,,,,,,,,,,,,,,,,,,,,,,,,,,,,,,,,,,,,,,,,,,,,,nan,,,,,,,,,,,,,,,
761,2678.527099609375,0.026754366233944893,2.6754366233944893,5615.426833629608,10000,ppo,ppo,crawler,flat,action_dth_tot_plus_friction_thdot_formula,,,,,,,,,,,,,,,0.003838166615000965,0,781,0.0,0.0,,,,,,,,,,,,,,,,,,,,,,,,,,,,,,,,,,,,,,,,,,,,,,,,,,,,,,,,,,,,,,,,,,,,,,,,,,nan,,,,,,,,,,,,,,,
762,2562.61474609375,0.025599293410778046,2.5599293410778046,5623.044424057007,10000,ppo,ppo,crawler,flat,action_dth_tot_plus_friction_thdot_formula,,,,,,,,,,,,,,,0.003437941159035536,0,781,0.0,0.0,,,,,,,,,,,,,,,,,,,,,,,,,,,,,,,,,,,,,,,,,,,,,,,,,,,,,,,,,,,,,,,,,,,,,,,,,,nan,,,,,,,,,,,,,,,
763,2549.150146484375,0.02546275593340397,2.546275593340397,5630.203980922699,10000,ppo,ppo,crawler,flat,action_dth_tot_plus_friction_thdot_formula,,,,,,,,,,,,,,,0.003154439733959329,0,781,0.0,0.0,,,,,,,,,,,,,,,,,,,,,,,,,,,,,,,,,,,,,,,,,,,,,,,,,,,,,,,,,,,,,,,,,,,,,,,,,,nan,,,,,,,,,,,,,,,
764,2787.231201171875,0.027840685099363327,2.7840685099363327,5637.601605415344,10000,ppo,ppo,crawler,flat,action_dth_tot_plus_friction_thdot_formula,,,,,,,,,,,,,,,0.0028958506629907822,0,781,0.0,0.0,,,,,,,,,,,,,,,,,,,,,,,,,,,,,,,,,,,,,,,,,,,,,,,,,,,,,,,,,,,,,,,,,,,,,,,,,,nan,,,,,,,,,,,,,,,
765,2611.25048828125,0.02608441188931465,2.608441188931465,5644.808851718903,10000,ppo,ppo,crawler,flat,action_dth_tot_plus_friction_thdot_formula,,,,,,,,,,,,,,,0.0029574472907106016,0,781,0.0,0.0,,,,,,,,,,,,,,,,,,,,,,,,,,,,,,,,,,,,,,,,,,,,,,,,,,,,,,,,,,,,,,,,,,,,,,,,,,nan,,,,,,,,,,,,,,,
766,2543.30419921875,0.025408724322915077,2.5408724322915077,5652.437536478043,10000,ppo,ppo,crawler,flat,action_dth_tot_plus_friction_thdot_formula,,,,,,,,,,,,,,,0.0026748211730987658,0,781,0.0,0.0,,,,,,,,,,,,,,,,,,,,,,,,,,,,,,,,,,,,,,,,,,,,,,,,,,,,,,,,,,,,,,,,,,,,,,,,,,nan,,,,,,,,,,,,,,,
767,2533.153076171875,0.025301186367869377,2.5301186367869377,5659.692438840866,10000,ppo,ppo,crawler,flat,action_dth_tot_plus_friction_thdot_formula,,,,,,,,,,,,,,,0.0031117885669415504,0,781,0.0,0.0,,,,,,,,,,,,,,,,,,,,,,,,,,,,,,,,,,,,,,,,,,,,,,,,,,,,,,,,,,,,,,,,,,,,,,,,,,nan,,,,,,,,,,,,,,,
768,2719.663818359375,0.027168093249201775,2.7168093249201775,5667.053302526474,10000,ppo,ppo,crawler,flat,action_dth_tot_plus_friction_thdot_formula,,,,,,,,,,,,,,,0.0027141545850917145,0,781,0.0,0.0,,,,,,,,,,,,,,,,,,,,,,,,,,,,,,,,,,,,,,,,,,,,,,,,,,,,,,,,,,,,,,,,,,,,,,,,,,nan,,,,,,,,,,,,,,,
769,2640.505615234375,0.026379387825727463,2.6379387825727463,5674.307569026947,10000,ppo,ppo,crawler,flat,action_dth_tot_plus_friction_thdot_formula,,,,,,,,,,,,,,,0.0027772728539690273,0,781,0.0,0.0,,,,,,,,,,,,,,,,,,,,,,,,,,,,,,,,,,,,,,,,,,,,,,,,,,,,,,,,,,,,,,,,,,,,,,,,,,nan,,,,,,,,,,,,,,,
770,2724.37744140625,0.027212172746658325,2.7212172746658325,5681.7695689201355,10000,ppo,ppo,crawler,flat,action_dth_tot_plus_friction_thdot_formula,,,,,,,,,,,,,,,0.00274090722168822,0,781,0.0,0.0,,,,,,,,,,,,,,,,,,,,,,,,,,,,,,,,,,,,,,,,,,,,,,,,,,,,,,,,,,,,,,,,,,,,,,,,,,nan,,,,,,,,,,,,,,,
771,2751.08837890625,0.027480430901050568,2.7480430901050568,5688.993642807007,10000,ppo,ppo,crawler,flat,action_dth_tot_plus_friction_thdot_formula,,,,,,,,,,,,,,,0.0036566736074206247,0,781,0.0,0.0,,,,,,,,,,,,,,,,,,,,,,,,,,,,,,,,,,,,,,,,,,,,,,,,,,,,,,,,,,,,,,,,,,,,,,,,,,nan,,,,,,,,,,,,,,,
772,2570.665283203125,0.02568223886191845,2.568223886191845,5696.36852312088,10000,ppo,ppo,crawler,flat,action_dth_tot_plus_friction_thdot_formula,,,,,,,,,,,,,,,0.0034464306924575595,0,781,0.0,0.0,,,,,,,,,,,,,,,,,,,,,,,,,,,,,,,,,,,,,,,,,,,,,,,,,,,,,,,,,,,,,,,,,,,,,,,,,,nan,,,,,,,,,,,,,,,
773,2654.82568359375,0.026521138846874237,2.6521138846874237,5703.667810201645,10000,ppo,ppo,crawler,flat,action_dth_tot_plus_friction_thdot_formula,,,,,,,,,,,,,,,0.0029451496662570836,0,781,0.0,0.0,,,,,,,,,,,,,,,,,,,,,,,,,,,,,,,,,,,,,,,,,,,,,,,,,,,,,,,,,,,,,,,,,,,,,,,,,,nan,,,,,,,,,,,,,,,
774,2662.145751953125,0.026594866067171097,2.6594866067171097,5710.9981281757355,10000,ppo,ppo,crawler,flat,action_dth_tot_plus_friction_thdot_formula,,,,,,,,,,,,,,,0.003185630085694433,0,781,0.0,0.0,,,,,,,,,,,,,,,,,,,,,,,,,,,,,,,,,,,,,,,,,,,,,,,,,,,,,,,,,,,,,,,,,,,,,,,,,,nan,,,,,,,,,,,,,,,
775,2645.5859375,0.026426684111356735,2.6426684111356735,5718.095717906952,10000,ppo,ppo,crawler,flat,action_dth_tot_plus_friction_thdot_formula,,,,,,,,,,,,,,,0.0024446919914448296,0,781,0.0,0.0,,,,,,,,,,,,,,,,,,,,,,,,,,,,,,,,,,,,,,,,,,,,,,,,,,,,,,,,,,,,,,,,,,,,,,,,,,nan,,,,,,,,,,,,,,,
776,2643.43994140625,0.026409242302179337,2.6409242302179337,5725.461574316025,10000,ppo,ppo,crawler,flat,action_dth_tot_plus_friction_thdot_formula,,,,,,,,,,,,,,,0.0031991659195720434,0,781,0.0,0.0,,,,,,,,,,,,,,,,,,,,,,,,,,,,,,,,,,,,,,,,,,,,,,,,,,,,,,,,,,,,,,,,,,,,,,,,,,nan,,,,,,,,,,,,,,,
777,2652.828857421875,0.02650119550526142,2.650119550526142,5732.775120973587,10000,ppo,ppo,crawler,flat,action_dth_tot_plus_friction_thdot_formula,,,,,,,,,,,,,,,0.002988989145951715,0,781,0.0,0.0,,,,,,,,,,,,,,,,,,,,,,,,,,,,,,,,,,,,,,,,,,,,,,,,,,,,,,,,,,,,,,,,,,,,,,,,,,nan,,,,,,,,,,,,,,,
778,2694.647216796875,0.026916582137346268,2.6916582137346268,5740.117082118988,10000,ppo,ppo,crawler,flat,action_dth_tot_plus_friction_thdot_formula,,,,,,,,,,,,,,,0.0035155923411720547,0,781,0.0,0.0,,,,,,,,,,,,,,,,,,,,,,,,,,,,,,,,,,,,,,,,,,,,,,,,,,,,,,,,,,,,,,,,,,,,,,,,,,nan,,,,,,,,,,,,,,,
779,2752.478271484375,0.02749653160572052,2.749653160572052,5747.326093673706,10000,ppo,ppo,crawler,flat,action_dth_tot_plus_friction_thdot_formula,,,,,,,,,,,,,,,0.0030069485702566806,0,781,0.0,0.0,,,,,,,,,,,,,,,,,,,,,,,,,,,,,,,,,,,,,,,,,,,,,,,,,,,,,,,,,,,,,,,,,,,,,,,,,,nan,,,,,,,,,,,,,,,
780,2629.5888671875,0.026264537125825882,2.626453712582588,5754.746686935425,10000,ppo,ppo,crawler,flat,action_dth_tot_plus_friction_thdot_formula,,,,,,,,,,,,,,,0.003368052995165097,0,781,0.0,0.0,,,,,,,,,,,,,,,,,,,,,,,,,,,,,,,,,,,,,,,,,,,,,,,,,,,,,,,,,,,,,,,,,,,,,,,,,,nan,,,,,,,,,,,,,,,
781,2789.407958984375,0.027862785384058952,2.7862785384058952,5762.050566673279,10000,ppo,ppo,crawler,flat,action_dth_tot_plus_friction_thdot_formula,,,,,,,,,,,,,,,0.0031617561040494457,0,781,0.0,0.0,,,,,,,,,,,,,,,,,,,,,,,,,,,,,,,,,,,,,,,,,,,,,,,,,,,,,,,,,,,,,,,,,,,,,,,,,,nan,,,,,,,,,,,,,,,
782,2611.073486328125,0.026084251701831818,2.6084251701831818,5769.444821357727,10000,ppo,ppo,crawler,flat,action_dth_tot_plus_friction_thdot_formula,,,,,,,,,,,,,,,0.0031941880637981956,0,781,0.0,0.0,,,,,,,,,,,,,,,,,,,,,,,,,,,,,,,,,,,,,,,,,,,,,,,,,,,,,,,,,,,,,,,,,,,,,,,,,,nan,,,,,,,,,,,,,,,
783,2673.948974609375,0.02671086974442005,2.671086974442005,5776.711133480072,10000,ppo,ppo,crawler,flat,action_dth_tot_plus_friction_thdot_formula,,,,,,,,,,,,,,,0.0033655152699737794,0,781,0.0,0.0,,,,,,,,,,,,,,,,,,,,,,,,,,,,,,,,,,,,,,,,,,,,,,,,,,,,,,,,,,,,,,,,,,,,,,,,,,nan,,,,,,,,,,,,,,,
784,2601.26220703125,0.0259842649102211,2.59842649102211,5783.988063097,10000,ppo,ppo,crawler,flat,action_dth_tot_plus_friction_thdot_formula,,,,,,,,,,,,,,,0.0035710690791462877,0,781,0.0,0.0,,,,,,,,,,,,,,,,,,,,,,,,,,,,,,,,,,,,,,,,,,,,,,,,,,,,,,,,,,,,,,,,,,,,,,,,,,nan,,,,,,,,,,,,,,,
785,2786.08837890625,0.02783322148025036,2.783322148025036,5791.320463895798,10000,ppo,ppo,crawler,flat,action_dth_tot_plus_friction_thdot_formula,,,,,,,,,,,,,,,0.0036157622832251016,0,781,0.0,0.0,,,,,,,,,,,,,,,,,,,,,,,,,,,,,,,,,,,,,,,,,,,,,,,,,,,,,,,,,,,,,,,,,,,,,,,,,,nan,,,,,,,,,,,,,,,
786,2785.393798828125,0.027827825397253036,2.7827825397253036,5798.601516246796,10000,ppo,ppo,crawler,flat,action_dth_tot_plus_friction_thdot_formula,,,,,,,,,,,,,,,0.0029709030608449814,0,781,0.0,0.0,,,,,,,,,,,,,,,,,,,,,,,,,,,,,,,,,,,,,,,,,,,,,,,,,,,,,,,,,,,,,,,,,,,,,,,,,,nan,,,,,,,,,,,,,,,
787,2682.017578125,0.026790594682097435,2.6790594682097435,5805.7646272182465,10000,ppo,ppo,crawler,flat,action_dth_tot_plus_friction_thdot_formula,,,,,,,,,,,,,,,0.0030396275880994576,0,781,0.0,0.0,,,,,,,,,,,,,,,,,,,,,,,,,,,,,,,,,,,,,,,,,,,,,,,,,,,,,,,,,,,,,,,,,,,,,,,,,,nan,,,,,,,,,,,,,,,
788,2617.179443359375,0.0261477530002594,2.61477530002594,5813.199662685394,10000,ppo,ppo,crawler,flat,action_dth_tot_plus_friction_thdot_formula,,,,,,,,,,,,,,,0.0032369100061145693,0,781,0.0,0.0,,,,,,,,,,,,,,,,,,,,,,,,,,,,,,,,,,,,,,,,,,,,,,,,,,,,,,,,,,,,,,,,,,,,,,,,,,nan,,,,,,,,,,,,,,,
789,2762.675048828125,0.0275990292429924,2.75990292429924,5820.359365463257,10000,ppo,ppo,crawler,flat,action_dth_tot_plus_friction_thdot_formula,,,,,,,,,,,,,,,0.0030424737444692427,0,781,0.0,0.0,,,,,,,,,,,,,,,,,,,,,,,,,,,,,,,,,,,,,,,,,,,,,,,,,,,,,,,,,,,,,,,,,,,,,,,,,,nan,,,,,,,,,,,,,,,
790,2707.936767578125,0.02704857476055622,2.704857476055622,5827.65394282341,10000,ppo,ppo,crawler,flat,action_dth_tot_plus_friction_thdot_formula,,,,,,,,,,,,,,,0.0028461330545238588,0,781,0.0,0.0,,,,,,,,,,,,,,,,,,,,,,,,,,,,,,,,,,,,,,,,,,,,,,,,,,,,,,,,,,,,,,,,,,,,,,,,,,nan,,,,,,,,,,,,,,,
791,2491.592041015625,0.02488868124783039,2.488868124783039,5835.844470024109,10000,ppo,ppo,crawler,flat,action_dth_tot_plus_friction_thdot_formula,,,,,,,,,,,,,,,0.0028839437222086184,0,781,0.0,0.0,,,,,,,,,,,,,,,,,,,,,,,,,,,,,,,,,,,,,,,,,,,,,,,,,,,,,,,,,,,,,,,,,,,,,,,,,,nan,,,,,,,,,,,,,,,
792,2726.8623046875,0.02723977528512478,2.723977528512478,5843.392646074295,10000,ppo,ppo,crawler,flat,action_dth_tot_plus_friction_thdot_formula,,,,,,,,,,,,,,,0.0026572474334630447,0,781,0.0,0.0,,,,,,,,,,,,,,,,,,,,,,,,,,,,,,,,,,,,,,,,,,,,,,,,,,,,,,,,,,,,,,,,,,,,,,,,,,nan,,,,,,,,,,,,,,,
793,2654.860595703125,0.026517897844314575,2.6517897844314575,5850.621148586273,10000,ppo,ppo,crawler,flat,action_dth_tot_plus_friction_thdot_formula,,,,,,,,,,,,,,,0.0036877034366993586,0,781,0.0,0.0,,,,,,,,,,,,,,,,,,,,,,,,,,,,,,,,,,,,,,,,,,,,,,,,,,,,,,,,,,,,,,,,,,,,,,,,,,nan,,,,,,,,,,,,,,,
794,2606.737060546875,0.02604137547314167,2.604137547314167,5857.981340885162,10000,ppo,ppo,crawler,flat,action_dth_tot_plus_friction_thdot_formula,,,,,,,,,,,,,,,0.00314676339431605,0,781,0.0,0.0,,,,,,,,,,,,,,,,,,,,,,,,,,,,,,,,,,,,,,,,,,,,,,,,,,,,,,,,,,,,,,,,,,,,,,,,,,nan,,,,,,,,,,,,,,,
795,2673.419677734375,0.026706267148256302,2.67062671482563,5865.262836694717,10000,ppo,ppo,crawler,flat,action_dth_tot_plus_friction_thdot_formula,,,,,,,,,,,,,,,0.0026661442190578036,0,781,0.0,0.0,,,,,,,,,,,,,,,,,,,,,,,,,,,,,,,,,,,,,,,,,,,,,,,,,,,,,,,,,,,,,,,,,,,,,,,,,,nan,,,,,,,,,,,,,,,
796,2643.2197265625,0.026404958218336105,2.6404958218336105,5872.779763698578,10000,ppo,ppo,crawler,flat,action_dth_tot_plus_friction_thdot_formula,,,,,,,,,,,,,,,0.0028414829059804476,0,781,0.0,0.0,,,,,,,,,,,,,,,,,,,,,,,,,,,,,,,,,,,,,,,,,,,,,,,,,,,,,,,,,,,,,,,,,,,,,,,,,,nan,,,,,,,,,,,,,,,
797,2789.700439453125,0.027868950739502907,2.7868950739502907,5880.011127710342,10000,ppo,ppo,crawler,flat,action_dth_tot_plus_friction_thdot_formula,,,,,,,,,,,,,,,0.0035905205039784465,0,781,0.0,0.0,,,,,,,,,,,,,,,,,,,,,,,,,,,,,,,,,,,,,,,,,,,,,,,,,,,,,,,,,,,,,,,,,,,,,,,,,,nan,,,,,,,,,,,,,,,
798,2586.668701171875,0.025838589295744896,2.5838589295744896,5887.3259818553925,10000,ppo,ppo,crawler,flat,action_dth_tot_plus_friction_thdot_formula,,,,,,,,,,,,,,,0.0033651853400454277,0,781,0.0,0.0,,,,,,,,,,,,,,,,,,,,,,,,,,,,,,,,,,,,,,,,,,,,,,,,,,,,,,,,,,,,,,,,,,,,,,,,,,nan,,,,,,,,,,,,,,,
799,2615.757568359375,0.02612422965466976,2.612422965466976,5894.675589561462,10000,ppo,ppo,crawler,flat,action_dth_tot_plus_friction_thdot_formula,,,,,,,,,,,,,,,0.002902973532518992,0,781,0.0,0.0,,,,,,,,,,,,,,,,,,,,,,,,,,,,,,,,,,,,,,,,,,,,,,,,,,,,,,,,,,,,,,,,,,,,,,,,,,nan,,,,,,,,,,,,,,,
800,2592.453369140625,0.025893639773130417,2.5893639773130417,5902.054848909378,10000,ppo,ppo,crawler,flat,action_dth_tot_plus_friction_thdot_formula,,,,,,,,,,,,,,,0.004088362181735393,0,781,0.0,0.0,,,,,,,,,,,,,,,,,,,,,,,,,,,,,,,,,,,,,,,,,,,,,,,,,,,,,,,,,,,,,,,,,,,,,,,,,,nan,,,,,,,,,,,,,,,
801,2682.623046875,0.02679833397269249,2.679833397269249,5909.443228721619,10000,ppo,ppo,crawler,flat,action_dth_tot_plus_friction_thdot_formula,,,,,,,,,,,,,,,0.002937162249930687,0,781,0.0,0.0,,,,,,,,,,,,,,,,,,,,,,,,,,,,,,,,,,,,,,,,,,,,,,,,,,,,,,,,,,,,,,,,,,,,,,,,,,nan,,,,,,,,,,,,,,,
802,2577.542724609375,0.025748595595359802,2.5748595595359802,5916.714603185654,10000,ppo,ppo,crawler,flat,action_dth_tot_plus_friction_thdot_formula,,,,,,,,,,,,,,,0.003397795811510751,0,781,0.0,0.0,,,,,,,,,,,,,,,,,,,,,,,,,,,,,,,,,,,,,,,,,,,,,,,,,,,,,,,,,,,,,,,,,,,,,,,,,,nan,,,,,,,,,,,,,,,
803,2797.466552734375,0.027944963425397873,2.7944963425397873,5924.250548839569,10000,ppo,ppo,crawler,flat,action_dth_tot_plus_friction_thdot_formula,,,,,,,,,,,,,,,0.0028657236034539497,0,781,0.0,0.0,,,,,,,,,,,,,,,,,,,,,,,,,,,,,,,,,,,,,,,,,,,,,,,,,,,,,,,,,,,,,,,,,,,,,,,,,,nan,,,,,,,,,,,,,,,
804,2657.121826171875,0.02654636837542057,2.654636837542057,5931.409811496735,10000,ppo,ppo,crawler,flat,action_dth_tot_plus_friction_thdot_formula,,,,,,,,,,,,,,,0.003576389585234697,0,781,0.0,0.0,,,,,,,,,,,,,,,,,,,,,,,,,,,,,,,,,,,,,,,,,,,,,,,,,,,,,,,,,,,,,,,,,,,,,,,,,,nan,,,,,,,,,,,,,,,
805,2719.206787109375,0.027165472507476807,2.7165472507476807,5938.8275463581085,10000,ppo,ppo,crawler,flat,action_dth_tot_plus_friction_thdot_formula,,,,,,,,,,,,,,,0.00371036745293934,0,781,0.0,0.0,,,,,,,,,,,,,,,,,,,,,,,,,,,,,,,,,,,,,,,,,,,,,,,,,,,,,,,,,,,,,,,,,,,,,,,,,,nan,,,,,,,,,,,,,,,
806,2765.096923828125,0.0276230126619339,2.76230126619339,5946.096735715866,10000,ppo,ppo,crawler,flat,action_dth_tot_plus_friction_thdot_formula,,,,,,,,,,,,,,,0.003402772854277852,0,781,0.0,0.0,,,,,,,,,,,,,,,,,,,,,,,,,,,,,,,,,,,,,,,,,,,,,,,,,,,,,,,,,,,,,,,,,,,,,,,,,,nan,,,,,,,,,,,,,,,
807,2696.381103515625,0.026936186477541924,2.6936186477541924,5953.566441059113,10000,ppo,ppo,crawler,flat,action_dth_tot_plus_friction_thdot_formula,,,,,,,,,,,,,,,0.002643694959162936,0,781,0.0,0.0,,,,,,,,,,,,,,,,,,,,,,,,,,,,,,,,,,,,,,,,,,,,,,,,,,,,,,,,,,,,,,,,,,,,,,,,,,nan,,,,,,,,,,,,,,,
808,2691.27392578125,0.026889944449067116,2.6889944449067116,5960.785837888718,10000,ppo,ppo,crawler,flat,action_dth_tot_plus_friction_thdot_formula,,,,,,,,,,,,,,,0.003664637734124046,0,781,0.0,0.0,,,,,,,,,,,,,,,,,,,,,,,,,,,,,,,,,,,,,,,,,,,,,,,,,,,,,,,,,,,,,,,,,,,,,,,,,,nan,,,,,,,,,,,,,,,
809,2685.14697265625,0.026825811713933945,2.6825811713933945,5968.154079675674,10000,ppo,ppo,crawler,flat,action_dth_tot_plus_friction_thdot_formula,,,,,,,,,,,,,,,0.003169183827332661,0,781,0.0,0.0,,,,,,,,,,,,,,,,,,,,,,,,,,,,,,,,,,,,,,,,,,,,,,,,,,,,,,,,,,,,,,,,,,,,,,,,,,nan,,,,,,,,,,,,,,,
810,2734.57421875,0.027318371459841728,2.731837145984173,5975.27609539032,10000,ppo,ppo,crawler,flat,action_dth_tot_plus_friction_thdot_formula,,,,,,,,,,,,,,,0.0031042545348559073,0,781,0.0,0.0,,,,,,,,,,,,,,,,,,,,,,,,,,,,,,,,,,,,,,,,,,,,,,,,,,,,,,,,,,,,,,,,,,,,,,,,,,nan,,,,,,,,,,,,,,,
811,2693.3828125,0.02690383605659008,2.690383605659008,5982.573523521423,10000,ppo,ppo,crawler,flat,action_dth_tot_plus_friction_thdot_formula,,,,,,,,,,,,,,,0.0041937994323229645,0,781,0.0,0.0,,,,,,,,,,,,,,,,,,,,,,,,,,,,,,,,,,,,,,,,,,,,,,,,,,,,,,,,,,,,,,,,,,,,,,,,,,nan,,,,,,,,,,,,,,,
812,2824.683349609375,0.028217216953635216,2.8217216953635216,5989.735268354416,10000,ppo,ppo,crawler,flat,action_dth_tot_plus_friction_thdot_formula,,,,,,,,,,,,,,,0.0027537733942768735,0,781,0.0,0.0,,,,,,,,,,,,,,,,,,,,,,,,,,,,,,,,,,,,,,,,,,,,,,,,,,,,,,,,,,,,,,,,,,,,,,,,,,nan,,,,,,,,,,,,,,,
813,2722.381103515625,0.027195671573281288,2.719567157328129,5996.957770109177,10000,ppo,ppo,crawler,flat,action_dth_tot_plus_friction_thdot_formula,,,,,,,,,,,,,,,0.003108978944598958,0,781,0.0,0.0,,,,,,,,,,,,,,,,,,,,,,,,,,,,,,,,,,,,,,,,,,,,,,,,,,,,,,,,,,,,,,,,,,,,,,,,,,nan,,,,,,,,,,,,,,,
814,2808.15234375,0.028052257373929024,2.8052257373929024,6004.237249851227,10000,ppo,ppo,crawler,flat,action_dth_tot_plus_friction_thdot_formula,,,,,,,,,,,,,,,0.002880049574429768,0,781,0.0,0.0,,,,,,,,,,,,,,,,,,,,,,,,,,,,,,,,,,,,,,,,,,,,,,,,,,,,,,,,,,,,,,,,,,,,,,,,,,nan,,,,,,,,,,,,,,,
815,2718.809814453125,0.027157176285982132,2.715717628598213,6011.649577379227,10000,ppo,ppo,crawler,flat,action_dth_tot_plus_friction_thdot_formula,,,,,,,,,,,,,,,0.003589273842332453,0,781,0.0,0.0,,,,,,,,,,,,,,,,,,,,,,,,,,,,,,,,,,,,,,,,,,,,,,,,,,,,,,,,,,,,,,,,,,,,,,,,,,nan,,,,,,,,,,,,,,,
816,2642.833740234375,0.026399504393339157,2.6399504393339157,6018.804371356964,10000,ppo,ppo,crawler,flat,action_dth_tot_plus_friction_thdot_formula,,,,,,,,,,,,,,,0.002877725394700252,0,781,0.0,0.0,,,,,,,,,,,,,,,,,,,,,,,,,,,,,,,,,,,,,,,,,,,,,,,,,,,,,,,,,,,,,,,,,,,,,,,,,,nan,,,,,,,,,,,,,,,
817,2718.230712890625,0.02715165913105011,2.715165913105011,6026.1061272621155,10000,ppo,ppo,crawler,flat,action_dth_tot_plus_friction_thdot_formula,,,,,,,,,,,,,,,0.0031618408621920846,0,781,0.0,0.0,,,,,,,,,,,,,,,,,,,,,,,,,,,,,,,,,,,,,,,,,,,,,,,,,,,,,,,,,,,,,,,,,,,,,,,,,,nan,,,,,,,,,,,,,,,
818,2802.175048828125,0.02799011766910553,2.799011766910553,6033.63783621788,10000,ppo,ppo,crawler,flat,action_dth_tot_plus_friction_thdot_formula,,,,,,,,,,,,,,,0.003199905246487555,0,781,0.0,0.0,,,,,,,,,,,,,,,,,,,,,,,,,,,,,,,,,,,,,,,,,,,,,,,,,,,,,,,,,,,,,,,,,,,,,,,,,,nan,,,,,,,,,,,,,,,
819,2746.278076171875,0.027436627075076103,2.7436627075076103,6040.9631316661835,10000,ppo,ppo,crawler,flat,action_dth_tot_plus_friction_thdot_formula,,,,,,,,,,,,,,,0.0032552891611297486,0,781,0.0,0.0,,,,,,,,,,,,,,,,,,,,,,,,,,,,,,,,,,,,,,,,,,,,,,,,,,,,,,,,,,,,,,,,,,,,,,,,,,nan,,,,,,,,,,,,,,,
820,2782.330810546875,0.027789831161499023,2.7789831161499023,6048.155497550964,10000,ppo,ppo,crawler,flat,action_dth_tot_plus_friction_thdot_formula,,,,,,,,,,,,,,,0.00305099340229356,0,781,0.0,0.0,,,,,,,,,,,,,,,,,,,,,,,,,,,,,,,,,,,,,,,,,,,,,,,,,,,,,,,,,,,,,,,,,,,,,,,,,,nan,,,,,,,,,,,,,,,
821,2801.66748046875,0.027986746281385422,2.798674628138542,6055.636208534241,10000,ppo,ppo,crawler,flat,action_dth_tot_plus_friction_thdot_formula,,,,,,,,,,,,,,,0.003325054795787134,0,781,0.0,0.0,,,,,,,,,,,,,,,,,,,,,,,,,,,,,,,,,,,,,,,,,,,,,,,,,,,,,,,,,,,,,,,,,,,,,,,,,,nan,,,,,,,,,,,,,,,
822,2895.7509765625,0.028928833082318306,2.8928833082318306,6063.057729244232,10000,ppo,ppo,crawler,flat,action_dth_tot_plus_friction_thdot_formula,,,,,,,,,,,,,,,0.003016770830233051,0,781,0.0,0.0,,,,,,,,,,,,,,,,,,,,,,,,,,,,,,,,,,,,,,,,,,,,,,,,,,,,,,,,,,,,,,,,,,,,,,,,,,nan,,,,,,,,,,,,,,,
823,2848.352294921875,0.028454039245843887,2.8454039245843887,6070.377192974091,10000,ppo,ppo,crawler,flat,action_dth_tot_plus_friction_thdot_formula,,,,,,,,,,,,,,,0.003011927652043361,0,781,0.0,0.0,,,,,,,,,,,,,,,,,,,,,,,,,,,,,,,,,,,,,,,,,,,,,,,,,,,,,,,,,,,,,,,,,,,,,,,,,,nan,,,,,,,,,,,,,,,
824,2741.899169921875,0.02738603763282299,2.738603763282299,6077.598295688629,10000,ppo,ppo,crawler,flat,action_dth_tot_plus_friction_thdot_formula,,,,,,,,,,,,,,,0.0034846220816582172,0,781,0.0,0.0,,,,,,,,,,,,,,,,,,,,,,,,,,,,,,,,,,,,,,,,,,,,,,,,,,,,,,,,,,,,,,,,,,,,,,,,,,nan,,,,,,,,,,,,,,,
825,2753.690185546875,0.027513165026903152,2.7513165026903152,6084.939115285873,10000,ppo,ppo,crawler,flat,action_dth_tot_plus_friction_thdot_formula,,,,,,,,,,,,,,,0.0031446879024205373,0,781,0.0,0.0,,,,,,,,,,,,,,,,,,,,,,,,,,,,,,,,,,,,,,,,,,,,,,,,,,,,,,,,,,,,,,,,,,,,,,,,,,nan,,,,,,,,,,,,,,,
826,2641.659912109375,0.02639133296906948,2.639133296906948,6092.211594104767,10000,ppo,ppo,crawler,flat,action_dth_tot_plus_friction_thdot_formula,,,,,,,,,,,,,,,0.003760075421442508,0,781,0.0,0.0,,,,,,,,,,,,,,,,,,,,,,,,,,,,,,,,,,,,,,,,,,,,,,,,,,,,,,,,,,,,,,,,,,,,,,,,,,nan,,,,,,,,,,,,,,,
827,2797.55419921875,0.02794414572417736,2.794414572417736,6099.601613521576,10000,ppo,ppo,crawler,flat,action_dth_tot_plus_friction_thdot_formula,,,,,,,,,,,,,,,0.0028294750739192463,0,781,0.0,0.0,,,,,,,,,,,,,,,,,,,,,,,,,,,,,,,,,,,,,,,,,,,,,,,,,,,,,,,,,,,,,,,,,,,,,,,,,,nan,,,,,,,,,,,,,,,
828,2652.999755859375,0.026501396670937538,2.650139667093754,6106.746718168259,10000,ppo,ppo,crawler,flat,action_dth_tot_plus_friction_thdot_formula,,,,,,,,,,,,,,,0.004219735061234667,0,781,0.0,0.0,,,,,,,,,,,,,,,,,,,,,,,,,,,,,,,,,,,,,,,,,,,,,,,,,,,,,,,,,,,,,,,,,,,,,,,,,,nan,,,,,,,,,,,,,,,
829,2737.741943359375,0.027349306270480156,2.7349306270480156,6114.195033073425,10000,ppo,ppo,crawler,flat,action_dth_tot_plus_friction_thdot_formula,,,,,,,,,,,,,,,0.00276574938462346,0,781,0.0,0.0,,,,,,,,,,,,,,,,,,,,,,,,,,,,,,,,,,,,,,,,,,,,,,,,,,,,,,,,,,,,,,,,,,,,,,,,,,nan,,,,,,,,,,,,,,,
830,2779.354736328125,0.02776784636080265,2.776784636080265,6121.69158244133,10000,ppo,ppo,crawler,flat,action_dth_tot_plus_friction_thdot_formula,,,,,,,,,,,,,,,0.0032362770227695697,0,781,0.0,0.0,,,,,,,,,,,,,,,,,,,,,,,,,,,,,,,,,,,,,,,,,,,,,,,,,,,,,,,,,,,,,,,,,,,,,,,,,,nan,,,,,,,,,,,,,,,
831,2780.4091796875,0.027775710448622704,2.7775710448622704,6129.011914491653,10000,ppo,ppo,crawler,flat,action_dth_tot_plus_friction_thdot_formula,,,,,,,,,,,,,,,0.002777382651392833,0,781,0.0,0.0,,,,,,,,,,,,,,,,,,,,,,,,,,,,,,,,,,,,,,,,,,,,,,,,,,,,,,,,,,,,,,,,,,,,,,,,,,nan,,,,,,,,,,,,,,,
832,2751.014404296875,0.027479128912091255,2.7479128912091255,6136.310923576355,10000,ppo,ppo,crawler,flat,action_dth_tot_plus_friction_thdot_formula,,,,,,,,,,,,,,,0.0033191271381087187,0,781,0.0,0.0,,,,,,,,,,,,,,,,,,,,,,,,,,,,,,,,,,,,,,,,,,,,,,,,,,,,,,,,,,,,,,,,,,,,,,,,,,nan,,,,,,,,,,,,,,,
833,2723.935546875,0.027215441688895226,2.7215441688895226,6143.759716510773,10000,ppo,ppo,crawler,flat,action_dth_tot_plus_friction_thdot_formula,,,,,,,,,,,,,,,0.003401602021823655,0,781,0.0,0.0,,,,,,,,,,,,,,,,,,,,,,,,,,,,,,,,,,,,,,,,,,,,,,,,,,,,,,,,,,,,,,,,,,,,,,,,,,nan,,,,,,,,,,,,,,,
834,2674.069091796875,0.02671189419925213,2.671189419925213,6151.020183086395,10000,ppo,ppo,crawler,flat,action_dth_tot_plus_friction_thdot_formula,,,,,,,,,,,,,,,0.003236550621246554,0,781,0.0,0.0,,,,,,,,,,,,,,,,,,,,,,,,,,,,,,,,,,,,,,,,,,,,,,,,,,,,,,,,,,,,,,,,,,,,,,,,,,nan,,,,,,,,,,,,,,,
835,2730.906982421875,0.027277855202555656,2.7277855202555656,6158.3184542655945,10000,ppo,ppo,crawler,flat,action_dth_tot_plus_friction_thdot_formula,,,,,,,,,,,,,,,0.0028141176744087546,0,781,0.0,0.0,,,,,,,,,,,,,,,,,,,,,,,,,,,,,,,,,,,,,,,,,,,,,,,,,,,,,,,,,,,,,,,,,,,,,,,,,,nan,,,,,,,,,,,,,,,
836,2702.718505859375,0.026999089866876602,2.69990898668766,6165.6545333862305,10000,ppo,ppo,crawler,flat,action_dth_tot_plus_friction_thdot_formula,,,,,,,,,,,,,,,0.003307218277107247,0,781,0.0,0.0,,,,,,,,,,,,,,,,,,,,,,,,,,,,,,,,,,,,,,,,,,,,,,,,,,,,,,,,,,,,,,,,,,,,,,,,,,nan,,,,,,,,,,,,,,,
837,2634.1689453125,0.02631245367228985,2.631245367228985,6173.409203290939,10000,ppo,ppo,crawler,flat,action_dth_tot_plus_friction_thdot_formula,,,,,,,,,,,,,,,0.003578914776363943,0,781,0.0,0.0,,,,,,,,,,,,,,,,,,,,,,,,,,,,,,,,,,,,,,,,,,,,,,,,,,,,,,,,,,,,,,,,,,,,,,,,,,nan,,,,,,,,,,,,,,,
838,2617.574951171875,0.026147978380322456,2.6147978380322456,6180.62063574791,10000,ppo,ppo,crawler,flat,action_dth_tot_plus_friction_thdot_formula,,,,,,,,,,,,,,,0.003135394680396643,0,781,0.0,0.0,,,,,,,,,,,,,,,,,,,,,,,,,,,,,,,,,,,,,,,,,,,,,,,,,,,,,,,,,,,,,,,,,,,,,,,,,,nan,,,,,,,,,,,,,,,
839,2760.962890625,0.027583599090576172,2.758359909057617,6187.89927816391,10000,ppo,ppo,crawler,flat,action_dth_tot_plus_friction_thdot_formula,,,,,,,,,,,,,,,0.00317208922192217,0,781,0.0,0.0,,,,,,,,,,,,,,,,,,,,,,,,,,,,,,,,,,,,,,,,,,,,,,,,,,,,,,,,,,,,,,,,,,,,,,,,,,nan,,,,,,,,,,,,,,,
840,2692.84423828125,0.026902800425887108,2.690280042588711,6195.139223814011,10000,ppo,ppo,crawler,flat,action_dth_tot_plus_friction_thdot_formula,,,,,,,,,,,,,,,0.0035725339213651505,0,781,0.0,0.0,,,,,,,,,,,,,,,,,,,,,,,,,,,,,,,,,,,,,,,,,,,,,,,,,,,,,,,,,,,,,,,,,,,,,,,,,,nan,,,,,,,,,,,,,,,
841,2736.64501953125,0.02733655646443367,2.733655646443367,6202.550416469574,10000,ppo,ppo,crawler,flat,action_dth_tot_plus_friction_thdot_formula,,,,,,,,,,,,,,,0.003492748772185272,0,781,0.0,0.0,,,,,,,,,,,,,,,,,,,,,,,,,,,,,,,,,,,,,,,,,,,,,,,,,,,,,,,,,,,,,,,,,,,,,,,,,,nan,,,,,,,,,,,,,,,
842,2780.395263671875,0.027775514870882034,2.7775514870882034,6209.872509717941,10000,ppo,ppo,crawler,flat,action_dth_tot_plus_friction_thdot_formula,,,,,,,,,,,,,,,0.0029974826330974313,0,781,0.0,0.0,,,,,,,,,,,,,,,,,,,,,,,,,,,,,,,,,,,,,,,,,,,,,,,,,,,,,,,,,,,,,,,,,,,,,,,,,,nan,,,,,,,,,,,,,,,
843,2752.824951171875,0.027500059455633163,2.7500059455633163,6216.995458602905,10000,ppo,ppo,crawler,flat,action_dth_tot_plus_friction_thdot_formula,,,,,,,,,,,,,,,0.0036886615299908314,0,781,0.0,0.0,,,,,,,,,,,,,,,,,,,,,,,,,,,,,,,,,,,,,,,,,,,,,,,,,,,,,,,,,,,,,,,,,,,,,,,,,,nan,,,,,,,,,,,,,,,
844,2852.73828125,0.02849356271326542,2.849356271326542,6224.369441270828,10000,ppo,ppo,crawler,flat,action_dth_tot_plus_friction_thdot_formula,,,,,,,,,,,,,,,0.0038015562562864016,0,781,0.0,0.0,,,,,,,,,,,,,,,,,,,,,,,,,,,,,,,,,,,,,,,,,,,,,,,,,,,,,,,,,,,,,,,,,,,,,,,,,,nan,,,,,,,,,,,,,,,
845,2791.618896484375,0.02788635529577732,2.788635529577732,6231.528517484665,10000,ppo,ppo,crawler,flat,action_dth_tot_plus_friction_thdot_formula,,,,,,,,,,,,,,,0.002783322556902179,0,781,0.0,0.0,,,,,,,,,,,,,,,,,,,,,,,,,,,,,,,,,,,,,,,,,,,,,,,,,,,,,,,,,,,,,,,,,,,,,,,,,,nan,,,,,,,,,,,,,,,
846,2661.39111328125,0.02658139541745186,2.658139541745186,6238.798858165741,10000,ppo,ppo,crawler,flat,action_dth_tot_plus_friction_thdot_formula,,,,,,,,,,,,,,,0.003033586453729,0,781,0.0,0.0,,,,,,,,,,,,,,,,,,,,,,,,,,,,,,,,,,,,,,,,,,,,,,,,,,,,,,,,,,,,,,,,,,,,,,,,,,nan,,,,,,,,,,,,,,,
847,2766.8759765625,0.027639729902148247,2.7639729902148247,6245.9827971458435,10000,ppo,ppo,crawler,flat,action_dth_tot_plus_friction_thdot_formula,,,,,,,,,,,,,,,0.002600833544583345,0,781,0.0,0.0,,,,,,,,,,,,,,,,,,,,,,,,,,,,,,,,,,,,,,,,,,,,,,,,,,,,,,,,,,,,,,,,,,,,,,,,,,nan,,,,,,,,,,,,,,,
848,2673.2177734375,0.02670612372457981,2.670612372457981,6253.447044849396,10000,ppo,ppo,crawler,flat,action_dth_tot_plus_friction_thdot_formula,,,,,,,,,,,,,,,0.003759282831200691,0,781,0.0,0.0,,,,,,,,,,,,,,,,,,,,,,,,,,,,,,,,,,,,,,,,,,,,,,,,,,,,,,,,,,,,,,,,,,,,,,,,,,nan,,,,,,,,,,,,,,,
849,2634.13134765625,0.026312176138162613,2.6312176138162613,6260.561742305756,10000,ppo,ppo,crawler,flat,action_dth_tot_plus_friction_thdot_formula,,,,,,,,,,,,,,,0.00332720135867765,0,781,0.0,0.0,,,,,,,,,,,,,,,,,,,,,,,,,,,,,,,,,,,,,,,,,,,,,,,,,,,,,,,,,,,,,,,,,,,,,,,,,,nan,,,,,,,,,,,,,,,
850,2617.881591796875,0.02614705078303814,2.614705078303814,6267.83541893959,10000,ppo,ppo,crawler,flat,action_dth_tot_plus_friction_thdot_formula,,,,,,,,,,,,,,,0.003727067489436054,0,781,0.0,0.0,,,,,,,,,,,,,,,,,,,,,,,,,,,,,,,,,,,,,,,,,,,,,,,,,,,,,,,,,,,,,,,,,,,,,,,,,,nan,,,,,,,,,,,,,,,
851,2790.712646484375,0.02788117341697216,2.788117341697216,6274.969710350037,10000,ppo,ppo,crawler,flat,action_dth_tot_plus_friction_thdot_formula,,,,,,,,,,,,,,,0.002832394043414731,0,781,0.0,0.0,,,,,,,,,,,,,,,,,,,,,,,,,,,,,,,,,,,,,,,,,,,,,,,,,,,,,,,,,,,,,,,,,,,,,,,,,,nan,,,,,,,,,,,,,,,
852,2724.505615234375,0.027216481044888496,2.7216481044888496,6282.357241153717,10000,ppo,ppo,crawler,flat,action_dth_tot_plus_friction_thdot_formula,,,,,,,,,,,,,,,0.0028201808577815427,0,781,0.0,0.0,,,,,,,,,,,,,,,,,,,,,,,,,,,,,,,,,,,,,,,,,,,,,,,,,,,,,,,,,,,,,,,,,,,,,,,,,,nan,,,,,,,,,,,,,,,
853,2752.0390625,0.027491247281432152,2.749124728143215,6289.460469722748,10000,ppo,ppo,crawler,flat,action_dth_tot_plus_friction_thdot_formula,,,,,,,,,,,,,,,0.00383901537652992,0,781,0.0,0.0,,,,,,,,,,,,,,,,,,,,,,,,,,,,,,,,,,,,,,,,,,,,,,,,,,,,,,,,,,,,,,,,,,,,,,,,,,nan,,,,,,,,,,,,,,,
854,2653.608642578125,0.02650945447385311,2.650945447385311,6296.755141019821,10000,ppo,ppo,crawler,flat,action_dth_tot_plus_friction_thdot_formula,,,,,,,,,,,,,,,0.0033820897366710857,0,781,0.0,0.0,,,,,,,,,,,,,,,,,,,,,,,,,,,,,,,,,,,,,,,,,,,,,,,,,,,,,,,,,,,,,,,,,,,,,,,,,,nan,,,,,,,,,,,,,,,
855,2646.967041015625,0.02644210122525692,2.644210122525692,6303.810281038284,10000,ppo,ppo,crawler,flat,action_dth_tot_plus_friction_thdot_formula,,,,,,,,,,,,,,,0.0026126245930555387,0,781,0.0,0.0,,,,,,,,,,,,,,,,,,,,,,,,,,,,,,,,,,,,,,,,,,,,,,,,,,,,,,,,,,,,,,,,,,,,,,,,,,nan,,,,,,,,,,,,,,,
856,2653.888427734375,0.026509780436754227,2.6509780436754227,6311.25644159317,10000,ppo,ppo,crawler,flat,action_dth_tot_plus_friction_thdot_formula,,,,,,,,,,,,,,,0.002871070043924688,0,781,0.0,0.0,,,,,,,,,,,,,,,,,,,,,,,,,,,,,,,,,,,,,,,,,,,,,,,,,,,,,,,,,,,,,,,,,,,,,,,,,,nan,,,,,,,,,,,,,,,
857,2558.895263671875,0.025561440736055374,2.5561440736055374,6318.336819410324,10000,ppo,ppo,crawler,flat,action_dth_tot_plus_friction_thdot_formula,,,,,,,,,,,,,,,0.003144386587631692,0,781,0.0,0.0,,,,,,,,,,,,,,,,,,,,,,,,,,,,,,,,,,,,,,,,,,,,,,,,,,,,,,,,,,,,,,,,,,,,,,,,,,nan,,,,,,,,,,,,,,,
858,2598.6328125,0.02595946565270424,2.595946565270424,6325.650160312653,10000,ppo,ppo,crawler,flat,action_dth_tot_plus_friction_thdot_formula,,,,,,,,,,,,,,,0.0024892279957483728,0,781,0.0,0.0,,,,,,,,,,,,,,,,,,,,,,,,,,,,,,,,,,,,,,,,,,,,,,,,,,,,,,,,,,,,,,,,,,,,,,,,,,nan,,,,,,,,,,,,,,,
859,2709.743896484375,0.027071362361311913,2.7071362361311913,6333.042773008347,10000,ppo,ppo,crawler,flat,action_dth_tot_plus_friction_thdot_formula,,,,,,,,,,,,,,,0.003058664930115958,0,781,0.0,0.0,,,,,,,,,,,,,,,,,,,,,,,,,,,,,,,,,,,,,,,,,,,,,,,,,,,,,,,,,,,,,,,,,,,,,,,,,,nan,,,,,,,,,,,,,,,
860,2684.27099609375,0.02681967057287693,2.681967057287693,6340.368079900742,10000,ppo,ppo,crawler,flat,action_dth_tot_plus_friction_thdot_formula,,,,,,,,,,,,,,,0.002565806398173274,0,781,0.0,0.0,,,,,,,,,,,,,,,,,,,,,,,,,,,,,,,,,,,,,,,,,,,,,,,,,,,,,,,,,,,,,,,,,,,,,,,,,,nan,,,,,,,,,,,,,,,
861,2702.907958984375,0.026997845619916916,2.6997845619916916,6347.553381919861,10000,ppo,ppo,crawler,flat,action_dth_tot_plus_friction_thdot_formula,,,,,,,,,,,,,,,0.0034603325901782587,0,781,0.0,0.0,,,,,,,,,,,,,,,,,,,,,,,,,,,,,,,,,,,,,,,,,,,,,,,,,,,,,,,,,,,,,,,,,,,,,,,,,,nan,,,,,,,,,,,,,,,
862,2719.853515625,0.027167437598109245,2.7167437598109245,6354.875299215317,10000,ppo,ppo,crawler,flat,action_dth_tot_plus_friction_thdot_formula,,,,,,,,,,,,,,,0.003287669461989351,0,781,0.0,0.0,,,,,,,,,,,,,,,,,,,,,,,,,,,,,,,,,,,,,,,,,,,,,,,,,,,,,,,,,,,,,,,,,,,,,,,,,,nan,,,,,,,,,,,,,,,
863,2691.600830078125,0.026889270171523094,2.6889270171523094,6362.281496763229,10000,ppo,ppo,crawler,flat,action_dth_tot_plus_friction_thdot_formula,,,,,,,,,,,,,,,0.0028069641238162545,0,781,0.0,0.0,,,,,,,,,,,,,,,,,,,,,,,,,,,,,,,,,,,,,,,,,,,,,,,,,,,,,,,,,,,,,,,,,,,,,,,,,,nan,,,,,,,,,,,,,,,
864,2688.74169921875,0.026861019432544708,2.686101943254471,6369.563159942627,10000,ppo,ppo,crawler,flat,action_dth_tot_plus_friction_thdot_formula,,,,,,,,,,,,,,,0.0029633073051991933,0,781,0.0,0.0,,,,,,,,,,,,,,,,,,,,,,,,,,,,,,,,,,,,,,,,,,,,,,,,,,,,,,,,,,,,,,,,,,,,,,,,,,nan,,,,,,,,,,,,,,,
865,2776.328125,0.027733677998185158,2.7733677998185158,6376.80024766922,10000,ppo,ppo,crawler,flat,action_dth_tot_plus_friction_thdot_formula,,,,,,,,,,,,,,,0.0023769569365908695,0,781,0.0,0.0,,,,,,,,,,,,,,,,,,,,,,,,,,,,,,,,,,,,,,,,,,,,,,,,,,,,,,,,,,,,,,,,,,,,,,,,,,nan,,,,,,,,,,,,,,,
866,2688.052001953125,0.026851143687963486,2.6851143687963486,6384.058843612671,10000,ppo,ppo,crawler,flat,action_dth_tot_plus_friction_thdot_formula,,,,,,,,,,,,,,,0.0034569664481161554,0,781,0.0,0.0,,,,,,,,,,,,,,,,,,,,,,,,,,,,,,,,,,,,,,,,,,,,,,,,,,,,,,,,,,,,,,,,,,,,,,,,,,nan,,,,,,,,,,,,,,,
867,2764.945068359375,0.027622029185295105,2.7622029185295105,6391.335777282715,10000,ppo,ppo,crawler,flat,action_dth_tot_plus_friction_thdot_formula,,,,,,,,,,,,,,,0.0037082904725002836,0,781,0.0,0.0,,,,,,,,,,,,,,,,,,,,,,,,,,,,,,,,,,,,,,,,,,,,,,,,,,,,,,,,,,,,,,,,,,,,,,,,,,nan,,,,,,,,,,,,,,,
868,2622.966064453125,0.026202458888292313,2.6202458888292313,6398.659024000168,10000,ppo,ppo,crawler,flat,action_dth_tot_plus_friction_thdot_formula,,,,,,,,,,,,,,,0.002609809653394678,0,781,0.0,0.0,,,,,,,,,,,,,,,,,,,,,,,,,,,,,,,,,,,,,,,,,,,,,,,,,,,,,,,,,,,,,,,,,,,,,,,,,,nan,,,,,,,,,,,,,,,
869,2664.58740234375,0.02661956660449505,2.661956660449505,6406.031016588211,10000,ppo,ppo,crawler,flat,action_dth_tot_plus_friction_thdot_formula,,,,,,,,,,,,,,,0.0025354123446048762,0,781,0.0,0.0,,,,,,,,,,,,,,,,,,,,,,,,,,,,,,,,,,,,,,,,,,,,,,,,,,,,,,,,,,,,,,,,,,,,,,,,,,nan,,,,,,,,,,,,,,,
870,2711.825439453125,0.027087999507784843,2.7087999507784843,6413.310101747513,10000,ppo,ppo,crawler,flat,action_dth_tot_plus_friction_thdot_formula,,,,,,,,,,,,,,,0.0029793298126093415,0,781,0.0,0.0,,,,,,,,,,,,,,,,,,,,,,,,,,,,,,,,,,,,,,,,,,,,,,,,,,,,,,,,,,,,,,,,,,,,,,,,,,nan,,,,,,,,,,,,,,,
871,2624.193115234375,0.026212187483906746,2.6212187483906746,6420.891762256622,10000,ppo,ppo,crawler,flat,action_dth_tot_plus_friction_thdot_formula,,,,,,,,,,,,,,,0.0024472603577152777,0,781,0.0,0.0,,,,,,,,,,,,,,,,,,,,,,,,,,,,,,,,,,,,,,,,,,,,,,,,,,,,,,,,,,,,,,,,,,,,,,,,,,nan,,,,,,,,,,,,,,,
872,2729.33642578125,0.027262700721621513,2.7262700721621513,6428.131554603577,10000,ppo,ppo,crawler,flat,action_dth_tot_plus_friction_thdot_formula,,,,,,,,,,,,,,,0.0031969613146255087,0,781,0.0,0.0,,,,,,,,,,,,,,,,,,,,,,,,,,,,,,,,,,,,,,,,,,,,,,,,,,,,,,,,,,,,,,,,,,,,,,,,,,nan,,,,,,,,,,,,,,,
873,2764.114990234375,0.02761041186749935,2.761041186749935,6435.437877893448,10000,ppo,ppo,crawler,flat,action_dth_tot_plus_friction_thdot_formula,,,,,,,,,,,,,,,0.003288616397669694,0,781,0.0,0.0,,,,,,,,,,,,,,,,,,,,,,,,,,,,,,,,,,,,,,,,,,,,,,,,,,,,,,,,,,,,,,,,,,,,,,,,,,nan,,,,,,,,,,,,,,,
874,2590.35546875,0.02587871626019478,2.587871626019478,6442.734219551086,10000,ppo,ppo,crawler,flat,action_dth_tot_plus_friction_thdot_formula,,,,,,,,,,,,,,,0.0030273677458212724,0,781,0.0,0.0,,,,,,,,,,,,,,,,,,,,,,,,,,,,,,,,,,,,,,,,,,,,,,,,,,,,,,,,,,,,,,,,,,,,,,,,,,nan,,,,,,,,,,,,,,,
875,2607.779541015625,0.02604955993592739,2.604955993592739,6450.003204584122,10000,ppo,ppo,crawler,flat,action_dth_tot_plus_friction_thdot_formula,,,,,,,,,,,,,,,0.0036140056483870285,0,781,0.0,0.0,,,,,,,,,,,,,,,,,,,,,,,,,,,,,,,,,,,,,,,,,,,,,,,,,,,,,,,,,,,,,,,,,,,,,,,,,,nan,,,,,,,,,,,,,,,
876,2831.263427734375,0.02828548476099968,2.828548476099968,6457.1654624938965,10000,ppo,ppo,crawler,flat,action_dth_tot_plus_friction_thdot_formula,,,,,,,,,,,,,,,0.00277206970525729,0,781,0.0,0.0,,,,,,,,,,,,,,,,,,,,,,,,,,,,,,,,,,,,,,,,,,,,,,,,,,,,,,,,,,,,,,,,,,,,,,,,,,nan,,,,,,,,,,,,,,,
877,2716.6533203125,0.027131453156471252,2.7131453156471252,6464.6047706604,10000,ppo,ppo,crawler,flat,action_dth_tot_plus_friction_thdot_formula,,,,,,,,,,,,,,,0.0034670641274035224,0,781,0.0,0.0,,,,,,,,,,,,,,,,,,,,,,,,,,,,,,,,,,,,,,,,,,,,,,,,,,,,,,,,,,,,,,,,,,,,,,,,,,nan,,,,,,,,,,,,,,,
878,2583.995361328125,0.025813909247517586,2.5813909247517586,6471.908045530319,10000,ppo,ppo,crawler,flat,action_dth_tot_plus_friction_thdot_formula,,,,,,,,,,,,,,,0.004040190058810429,0,781,0.0,0.0,,,,,,,,,,,,,,,,,,,,,,,,,,,,,,,,,,,,,,,,,,,,,,,,,,,,,,,,,,,,,,,,,,,,,,,,,,nan,,,,,,,,,,,,,,,
879,2706.528564453125,0.02703849785029888,2.703849785029888,6479.237671136856,10000,ppo,ppo,crawler,flat,action_dth_tot_plus_friction_thdot_formula,,,,,,,,,,,,,,,0.0033783457827308333,0,781,0.0,0.0,,,,,,,,,,,,,,,,,,,,,,,,,,,,,,,,,,,,,,,,,,,,,,,,,,,,,,,,,,,,,,,,,,,,,,,,,,nan,,,,,,,,,,,,,,,
880,2704.3642578125,0.02701524831354618,2.701524831354618,6486.43870639801,10000,ppo,ppo,crawler,flat,action_dth_tot_plus_friction_thdot_formula,,,,,,,,,,,,,,,0.002942472140387621,0,781,0.0,0.0,,,,,,,,,,,,,,,,,,,,,,,,,,,,,,,,,,,,,,,,,,,,,,,,,,,,,,,,,,,,,,,,,,,,,,,,,,nan,,,,,,,,,,,,,,,
881,2603.96728515625,0.026016708463430405,2.6016708463430405,6493.76784324646,10000,ppo,ppo,crawler,flat,action_dth_tot_plus_friction_thdot_formula,,,,,,,,,,,,,,,0.0032444683449293957,0,781,0.0,0.0,,,,,,,,,,,,,,,,,,,,,,,,,,,,,,,,,,,,,,,,,,,,,,,,,,,,,,,,,,,,,,,,,,,,,,,,,,nan,,,,,,,,,,,,,,,
882,2681.84375,0.02678763121366501,2.678763121366501,6501.058696508408,10000,ppo,ppo,crawler,flat,action_dth_tot_plus_friction_thdot_formula,,,,,,,,,,,,,,,0.003141093958789607,0,781,0.0,0.0,,,,,,,,,,,,,,,,,,,,,,,,,,,,,,,,,,,,,,,,,,,,,,,,,,,,,,,,,,,,,,,,,,,,,,,,,,nan,,,,,,,,,,,,,,,
883,2639.821044921875,0.02637207880616188,2.637207880616188,6508.404754161835,10000,ppo,ppo,crawler,flat,action_dth_tot_plus_friction_thdot_formula,,,,,,,,,,,,,,,0.0024870341736405953,0,781,0.0,0.0,,,,,,,,,,,,,,,,,,,,,,,,,,,,,,,,,,,,,,,,,,,,,,,,,,,,,,,,,,,,,,,,,,,,,,,,,,nan,,,,,,,,,,,,,,,
884,2728.122802734375,0.027250047773122787,2.7250047773122787,6515.5831208229065,10000,ppo,ppo,crawler,flat,action_dth_tot_plus_friction_thdot_formula,,,,,,,,,,,,,,,0.00256885650770282,0,781,0.0,0.0,,,,,,,,,,,,,,,,,,,,,,,,,,,,,,,,,,,,,,,,,,,,,,,,,,,,,,,,,,,,,,,,,,,,,,,,,,nan,,,,,,,,,,,,,,,
885,2769.352294921875,0.027661340311169624,2.7661340311169624,6522.847718477249,10000,ppo,ppo,crawler,flat,action_dth_tot_plus_friction_thdot_formula,,,,,,,,,,,,,,,0.002743810988214671,0,781,0.0,0.0,,,,,,,,,,,,,,,,,,,,,,,,,,,,,,,,,,,,,,,,,,,,,,,,,,,,,,,,,,,,,,,,,,,,,,,,,,nan,,,,,,,,,,,,,,,
886,2780.376708984375,0.027775658294558525,2.7775658294558525,6530.202327251434,10000,ppo,ppo,crawler,flat,action_dth_tot_plus_friction_thdot_formula,,,,,,,,,,,,,,,0.003461314440281852,0,781,0.0,0.0,,,,,,,,,,,,,,,,,,,,,,,,,,,,,,,,,,,,,,,,,,,,,,,,,,,,,,,,,,,,,,,,,,,,,,,,,,nan,,,,,,,,,,,,,,,
887,2660.4794921875,0.0265714842826128,2.65714842826128,6537.525390625,10000,ppo,ppo,crawler,flat,action_dth_tot_plus_friction_thdot_formula,,,,,,,,,,,,,,,0.003702762969386455,0,781,0.0,0.0,,,,,,,,,,,,,,,,,,,,,,,,,,,,,,,,,,,,,,,,,,,,,,,,,,,,,,,,,,,,,,,,,,,,,,,,,,nan,,,,,,,,,,,,,,,
888,2867.53857421875,0.02864365465939045,2.864365465939045,6544.839199066162,10000,ppo,ppo,crawler,flat,action_dth_tot_plus_friction_thdot_formula,,,,,,,,,,,,,,,0.0036259951232351178,0,781,0.0,0.0,,,,,,,,,,,,,,,,,,,,,,,,,,,,,,,,,,,,,,,,,,,,,,,,,,,,,,,,,,,,,,,,,,,,,,,,,,nan,,,,,,,,,,,,,,,
889,2696.33837890625,0.026932094246149063,2.6932094246149063,6552.431236982346,10000,ppo,ppo,crawler,flat,action_dth_tot_plus_friction_thdot_formula,,,,,,,,,,,,,,,0.0033115893502874126,0,781,0.0,0.0,,,,,,,,,,,,,,,,,,,,,,,,,,,,,,,,,,,,,,,,,,,,,,,,,,,,,,,,,,,,,,,,,,,,,,,,,,nan,,,,,,,,,,,,,,,
890,2616.810302734375,0.026141084730625153,2.6141084730625153,6559.5307738780975,10000,ppo,ppo,crawler,flat,action_dth_tot_plus_friction_thdot_formula,,,,,,,,,,,,,,,0.002563851734724077,0,781,0.0,0.0,,,,,,,,,,,,,,,,,,,,,,,,,,,,,,,,,,,,,,,,,,,,,,,,,,,,,,,,,,,,,,,,,,,,,,,,,,nan,,,,,,,,,,,,,,,
891,2659.013916015625,0.026564177125692368,2.6564177125692368,6566.792727470398,10000,ppo,ppo,crawler,flat,action_dth_tot_plus_friction_thdot_formula,,,,,,,,,,,,,,,0.0026805758525894076,0,781,0.0,0.0,,,,,,,,,,,,,,,,,,,,,,,,,,,,,,,,,,,,,,,,,,,,,,,,,,,,,,,,,,,,,,,,,,,,,,,,,,nan,,,,,,,,,,,,,,,
892,2571.273193359375,0.025685781612992287,2.5685781612992287,6574.025638580322,10000,ppo,ppo,crawler,flat,action_dth_tot_plus_friction_thdot_formula,,,,,,,,,,,,,,,0.0026911855495290976,0,781,0.0,0.0,,,,,,,,,,,,,,,,,,,,,,,,,,,,,,,,,,,,,,,,,,,,,,,,,,,,,,,,,,,,,,,,,,,,,,,,,,nan,,,,,,,,,,,,,,,
893,2842.92041015625,0.02839885838329792,2.839885838329792,6581.484592914581,10000,ppo,ppo,crawler,flat,action_dth_tot_plus_friction_thdot_formula,,,,,,,,,,,,,,,0.0031565476711478712,0,781,0.0,0.0,,,,,,,,,,,,,,,,,,,,,,,,,,,,,,,,,,,,,,,,,,,,,,,,,,,,,,,,,,,,,,,,,,,,,,,,,,nan,,,,,,,,,,,,,,,
894,2726.734130859375,0.027240490540862083,2.7240490540862083,6588.5711126327515,10000,ppo,ppo,crawler,flat,action_dth_tot_plus_friction_thdot_formula,,,,,,,,,,,,,,,0.003913891699899074,0,781,0.0,0.0,,,,,,,,,,,,,,,,,,,,,,,,,,,,,,,,,,,,,,,,,,,,,,,,,,,,,,,,,,,,,,,,,,,,,,,,,,nan,,,,,,,,,,,,,,,
895,2688.975341796875,0.02686099149286747,2.686099149286747,6596.052634477615,10000,ppo,ppo,crawler,flat,action_dth_tot_plus_friction_thdot_formula,,,,,,,,,,,,,,,0.0026242767241750646,0,781,0.0,0.0,,,,,,,,,,,,,,,,,,,,,,,,,,,,,,,,,,,,,,,,,,,,,,,,,,,,,,,,,,,,,,,,,,,,,,,,,,nan,,,,,,,,,,,,,,,
896,2698.87890625,0.026960551738739014,2.6960551738739014,6603.177086591721,10000,ppo,ppo,crawler,flat,action_dth_tot_plus_friction_thdot_formula,,,,,,,,,,,,,,,0.003325111840077391,0,781,0.0,0.0,,,,,,,,,,,,,,,,,,,,,,,,,,,,,,,,,,,,,,,,,,,,,,,,,,,,,,,,,,,,,,,,,,,,,,,,,,nan,,,,,,,,,,,,,,,
897,2666.270263671875,0.02663571760058403,2.663571760058403,6610.597008228302,10000,ppo,ppo,crawler,flat,action_dth_tot_plus_friction_thdot_formula,,,,,,,,,,,,,,,0.0029227891403638545,0,781,0.0,0.0,,,,,,,,,,,,,,,,,,,,,,,,,,,,,,,,,,,,,,,,,,,,,,,,,,,,,,,,,,,,,,,,,,,,,,,,,,nan,,,,,,,,,,,,,,,
898,2712.042236328125,0.027093667536973953,2.7093667536973953,6617.793989419937,10000,ppo,ppo,crawler,flat,action_dth_tot_plus_friction_thdot_formula,,,,,,,,,,,,,,,0.003279336037899209,0,781,0.0,0.0,,,,,,,,,,,,,,,,,,,,,,,,,,,,,,,,,,,,,,,,,,,,,,,,,,,,,,,,,,,,,,,,,,,,,,,,,,nan,,,,,,,,,,,,,,,
899,2757.331787109375,0.02754068188369274,2.754068188369274,6625.0943784713745,10000,ppo,ppo,crawler,flat,action_dth_tot_plus_friction_thdot_formula,,,,,,,,,,,,,,,0.003226645172386706,0,781,0.0,0.0,,,,,,,,,,,,,,,,,,,,,,,,,,,,,,,,,,,,,,,,,,,,,,,,,,,,,,,,,,,,,,,,,,,,,,,,,,nan,,,,,,,,,,,,,,,
900,2803.216552734375,0.028003664687275887,2.8003664687275887,6632.252625703812,10000,ppo,ppo,crawler,flat,action_dth_tot_plus_friction_thdot_formula,,,,,,,,,,,,,,,0.00378630754363332,0,781,0.0,0.0,,,,,,,,,,,,,,,,,,,,,,,,,,,,,,,,,,,,,,,,,,,,,,,,,,,,,,,,,,,,,,,,,,,,,,,,,,nan,,,,,,,,,,,,,,,
901,2787.714111328125,0.027845311909914017,2.7845311909914017,6639.649706125259,10000,ppo,ppo,crawler,flat,action_dth_tot_plus_friction_thdot_formula,,,,,,,,,,,,,,,0.0027308670788849542,0,781,0.0,0.0,,,,,,,,,,,,,,,,,,,,,,,,,,,,,,,,,,,,,,,,,,,,,,,,,,,,,,,,,,,,,,,,,,,,,,,,,,nan,,,,,,,,,,,,,,,
902,2774.55224609375,0.02771759033203125,2.771759033203125,6646.751004695892,10000,ppo,ppo,crawler,flat,action_dth_tot_plus_friction_thdot_formula,,,,,,,,,,,,,,,0.002489663284449634,0,781,0.0,0.0,,,,,,,,,,,,,,,,,,,,,,,,,,,,,,,,,,,,,,,,,,,,,,,,,,,,,,,,,,,,,,,,,,,,,,,,,,nan,,,,,,,,,,,,,,,
903,2674.783935546875,0.026717035099864006,2.6717035099864006,6654.03116607666,10000,ppo,ppo,crawler,flat,action_dth_tot_plus_friction_thdot_formula,,,,,,,,,,,,,,,0.003976007216421007,0,781,0.0,0.0,,,,,,,,,,,,,,,,,,,,,,,,,,,,,,,,,,,,,,,,,,,,,,,,,,,,,,,,,,,,,,,,,,,,,,,,,,nan,,,,,,,,,,,,,,,
904,2736.176025390625,0.02733353152871132,2.733353152871132,6661.365979671478,10000,ppo,ppo,crawler,flat,action_dth_tot_plus_friction_thdot_formula,,,,,,,,,,,,,,,0.003652318139446043,0,781,0.0,0.0,,,,,,,,,,,,,,,,,,,,,,,,,,,,,,,,,,,,,,,,,,,,,,,,,,,,,,,,,,,,,,,,,,,,,,,,,,nan,,,,,,,,,,,,,,,
905,2692.221435546875,0.026892714202404022,2.689271420240402,6668.484419822693,10000,ppo,ppo,crawler,flat,action_dth_tot_plus_friction_thdot_formula,,,,,,,,,,,,,,,0.0028167180182241147,0,781,0.0,0.0,,,,,,,,,,,,,,,,,,,,,,,,,,,,,,,,,,,,,,,,,,,,,,,,,,,,,,,,,,,,,,,,,,,,,,,,,,nan,,,,,,,,,,,,,,,
906,2782.033935546875,0.027793901041150093,2.7793901041150093,6675.737408161163,10000,ppo,ppo,crawler,flat,action_dth_tot_plus_friction_thdot_formula,,,,,,,,,,,,,,,0.003027937841005731,0,781,0.0,0.0,,,,,,,,,,,,,,,,,,,,,,,,,,,,,,,,,,,,,,,,,,,,,,,,,,,,,,,,,,,,,,,,,,,,,,,,,,nan,,,,,,,,,,,,,,,
907,2591.995849609375,0.025893835350871086,2.5893835350871086,6682.84735250473,10000,ppo,ppo,crawler,flat,action_dth_tot_plus_friction_thdot_formula,,,,,,,,,,,,,,,0.0024998093876664536,0,781,0.0,0.0,,,,,,,,,,,,,,,,,,,,,,,,,,,,,,,,,,,,,,,,,,,,,,,,,,,,,,,,,,,,,,,,,,,,,,,,,,nan,,,,,,,,,,,,,,,
908,2788.792724609375,0.027860350906848907,2.7860350906848907,6690.348671197891,10000,ppo,ppo,crawler,flat,action_dth_tot_plus_friction_thdot_formula,,,,,,,,,,,,,,,0.0032444201104170627,0,781,0.0,0.0,,,,,,,,,,,,,,,,,,,,,,,,,,,,,,,,,,,,,,,,,,,,,,,,,,,,,,,,,,,,,,,,,,,,,,,,,,nan,,,,,,,,,,,,,,,
909,2592.51806640625,0.02589687518775463,2.589687518775463,6697.528767824173,10000,ppo,ppo,crawler,flat,action_dth_tot_plus_friction_thdot_formula,,,,,,,,,,,,,,,0.0028804687270507093,0,781,0.0,0.0,,,,,,,,,,,,,,,,,,,,,,,,,,,,,,,,,,,,,,,,,,,,,,,,,,,,,,,,,,,,,,,,,,,,,,,,,,nan,,,,,,,,,,,,,,,
910,2638.28466796875,0.02635403908789158,2.635403908789158,6704.758537769318,10000,ppo,ppo,crawler,flat,action_dth_tot_plus_friction_thdot_formula,,,,,,,,,,,,,,,0.0029141658413398023,0,781,0.0,0.0,,,,,,,,,,,,,,,,,,,,,,,,,,,,,,,,,,,,,,,,,,,,,,,,,,,,,,,,,,,,,,,,,,,,,,,,,,nan,,,,,,,,,,,,,,,
911,2782.850830078125,0.02780315838754177,2.780315838754177,6711.942220211029,10000,ppo,ppo,crawler,flat,action_dth_tot_plus_friction_thdot_formula,,,,,,,,,,,,,,,0.0026802647499327053,0,781,0.0,0.0,,,,,,,,,,,,,,,,,,,,,,,,,,,,,,,,,,,,,,,,,,,,,,,,,,,,,,,,,,,,,,,,,,,,,,,,,,nan,,,,,,,,,,,,,,,
912,2621.560546875,0.02619149163365364,2.619149163365364,6719.400732278824,10000,ppo,ppo,crawler,flat,action_dth_tot_plus_friction_thdot_formula,,,,,,,,,,,,,,,0.0031684953629569283,0,781,0.0,0.0,,,,,,,,,,,,,,,,,,,,,,,,,,,,,,,,,,,,,,,,,,,,,,,,,,,,,,,,,,,,,,,,,,,,,,,,,,nan,,,,,,,,,,,,,,,
913,2717.182861328125,0.027142981067299843,2.7142981067299843,6726.538229465485,10000,ppo,ppo,crawler,flat,action_dth_tot_plus_friction_thdot_formula,,,,,,,,,,,,,,,0.003473644159701754,0,781,0.0,0.0,,,,,,,,,,,,,,,,,,,,,,,,,,,,,,,,,,,,,,,,,,,,,,,,,,,,,,,,,,,,,,,,,,,,,,,,,,nan,,,,,,,,,,,,,,,
914,2625.5068359375,0.026229631155729294,2.6229631155729294,6733.713765144348,10000,ppo,ppo,crawler,flat,action_dth_tot_plus_friction_thdot_formula,,,,,,,,,,,,,,,0.0024410584690639564,0,781,0.0,0.0,,,,,,,,,,,,,,,,,,,,,,,,,,,,,,,,,,,,,,,,,,,,,,,,,,,,,,,,,,,,,,,,,,,,,,,,,,nan,,,,,,,,,,,,,,,
915,2553.409423828125,0.025505928322672844,2.5505928322672844,6740.894702672958,10000,ppo,ppo,crawler,flat,action_dth_tot_plus_friction_thdot_formula,,,,,,,,,,,,,,,0.004129003313682775,0,781,0.0,0.0,,,,,,,,,,,,,,,,,,,,,,,,,,,,,,,,,,,,,,,,,,,,,,,,,,,,,,,,,,,,,,,,,,,,,,,,,,nan,,,,,,,,,,,,,,,
916,2559.41259765625,0.02556910365819931,2.556910365819931,6748.098160982132,10000,ppo,ppo,crawler,flat,action_dth_tot_plus_friction_thdot_formula,,,,,,,,,,,,,,,0.003141747294432065,0,781,0.0,0.0,,,,,,,,,,,,,,,,,,,,,,,,,,,,,,,,,,,,,,,,,,,,,,,,,,,,,,,,,,,,,,,,,,,,,,,,,,nan,,,,,,,,,,,,,,,
917,2674.3935546875,0.026718758046627045,2.6718758046627045,6755.250190973282,10000,ppo,ppo,crawler,flat,action_dth_tot_plus_friction_thdot_formula,,,,,,,,,,,,,,,0.0029647014990434642,0,781,0.0,0.0,,,,,,,,,,,,,,,,,,,,,,,,,,,,,,,,,,,,,,,,,,,,,,,,,,,,,,,,,,,,,,,,,,,,,,,,,,nan,,,,,,,,,,,,,,,
918,2497.243408203125,0.024944119155406952,2.494411915540695,6762.603605747223,10000,ppo,ppo,crawler,flat,action_dth_tot_plus_friction_thdot_formula,,,,,,,,,,,,,,,0.0035924978777688715,0,781,0.0,0.0,,,,,,,,,,,,,,,,,,,,,,,,,,,,,,,,,,,,,,,,,,,,,,,,,,,,,,,,,,,,,,,,,,,,,,,,,,nan,,,,,,,,,,,,,,,
919,2596.594482421875,0.025939516723155975,2.5939516723155975,6769.881551742554,10000,ppo,ppo,crawler,flat,action_dth_tot_plus_friction_thdot_formula,,,,,,,,,,,,,,,0.0035325723366556087,0,781,0.0,0.0,,,,,,,,,,,,,,,,,,,,,,,,,,,,,,,,,,,,,,,,,,,,,,,,,,,,,,,,,,,,,,,,,,,,,,,,,,nan,,,,,,,,,,,,,,,
920,2722.92041015625,0.02720099501311779,2.720099501311779,6777.299657583237,10000,ppo,ppo,crawler,flat,action_dth_tot_plus_friction_thdot_formula,,,,,,,,,,,,,,,0.0034507412704380966,0,781,0.0,0.0,,,,,,,,,,,,,,,,,,,,,,,,,,,,,,,,,,,,,,,,,,,,,,,,,,,,,,,,,,,,,,,,,,,,,,,,,,nan,,,,,,,,,,,,,,,
921,2615.792724609375,0.026132382452487946,2.6132382452487946,6784.385718822479,10000,ppo,ppo,crawler,flat,action_dth_tot_plus_friction_thdot_formula,,,,,,,,,,,,,,,0.0029501379150423256,0,781,0.0,0.0,,,,,,,,,,,,,,,,,,,,,,,,,,,,,,,,,,,,,,,,,,,,,,,,,,,,,,,,,,,,,,,,,,,,,,,,,,nan,,,,,,,,,,,,,,,
922,2528.403564453125,0.02525811456143856,2.525811456143856,6791.671528577805,10000,ppo,ppo,crawler,flat,action_dth_tot_plus_friction_thdot_formula,,,,,,,,,,,,,,,0.003951311777633521,0,781,0.0,0.0,,,,,,,,,,,,,,,,,,,,,,,,,,,,,,,,,,,,,,,,,,,,,,,,,,,,,,,,,,,,,,,,,,,,,,,,,,nan,,,,,,,,,,,,,,,
923,2629.359130859375,0.026268700137734413,2.6268700137734413,6798.841605901718,10000,ppo,ppo,crawler,flat,action_dth_tot_plus_friction_thdot_formula,,,,,,,,,,,,,,,0.0029142674284277034,0,781,0.0,0.0,,,,,,,,,,,,,,,,,,,,,,,,,,,,,,,,,,,,,,,,,,,,,,,,,,,,,,,,,,,,,,,,,,,,,,,,,,nan,,,,,,,,,,,,,,,
924,2682.107666015625,0.026786290109157562,2.6786290109157562,6806.133095741272,10000,ppo,ppo,crawler,flat,action_dth_tot_plus_friction_thdot_formula,,,,,,,,,,,,,,,0.003118890620933228,0,781,0.0,0.0,,,,,,,,,,,,,,,,,,,,,,,,,,,,,,,,,,,,,,,,,,,,,,,,,,,,,,,,,,,,,,,,,,,,,,,,,,nan,,,,,,,,,,,,,,,
925,2514.85791015625,0.025124620646238327,2.5124620646238327,6813.349703788757,10000,ppo,ppo,crawler,flat,action_dth_tot_plus_friction_thdot_formula,,,,,,,,,,,,,,,0.003367020267541264,0,781,0.0,0.0,,,,,,,,,,,,,,,,,,,,,,,,,,,,,,,,,,,,,,,,,,,,,,,,,,,,,,,,,,,,,,,,,,,,,,,,,,nan,,,,,,,,,,,,,,,
926,2608.293701171875,0.02605391852557659,2.605391852557659,6820.662458896637,10000,ppo,ppo,crawler,flat,action_dth_tot_plus_friction_thdot_formula,,,,,,,,,,,,,,,0.002463259386718834,0,781,0.0,0.0,,,,,,,,,,,,,,,,,,,,,,,,,,,,,,,,,,,,,,,,,,,,,,,,,,,,,,,,,,,,,,,,,,,,,,,,,,nan,,,,,,,,,,,,,,,
927,2537.806884765625,0.02535375952720642,2.535375952720642,6828.203546285629,10000,ppo,ppo,crawler,flat,action_dth_tot_plus_friction_thdot_formula,,,,,,,,,,,,,,,0.003798274832195453,0,781,0.0,0.0,,,,,,,,,,,,,,,,,,,,,,,,,,,,,,,,,,,,,,,,,,,,,,,,,,,,,,,,,,,,,,,,,,,,,,,,,,nan,,,,,,,,,,,,,,,
928,2526.2734375,0.025231173262000084,2.5231173262000084,6835.791205883026,10000,ppo,ppo,crawler,flat,action_dth_tot_plus_friction_thdot_formula,,,,,,,,,,,,,,,0.002840159945643093,0,781,0.0,0.0,,,,,,,,,,,,,,,,,,,,,,,,,,,,,,,,,,,,,,,,,,,,,,,,,,,,,,,,,,,,,,,,,,,,,,,,,,nan,,,,,,,,,,,,,,,
929,2597.369140625,0.025952879339456558,2.595287933945656,6843.000151157379,10000,ppo,ppo,crawler,flat,action_dth_tot_plus_friction_thdot_formula,,,,,,,,,,,,,,,0.00262922618366574,0,781,0.0,0.0,,,,,,,,,,,,,,,,,,,,,,,,,,,,,,,,,,,,,,,,,,,,,,,,,,,,,,,,,,,,,,,,,,,,,,,,,,nan,,,,,,,,,,,,,,,
930,2553.38232421875,0.02550528384745121,2.550528384745121,6850.3872265815735,10000,ppo,ppo,crawler,flat,action_dth_tot_plus_friction_thdot_formula,,,,,,,,,,,,,,,0.0029249687870056937,0,781,0.0,0.0,,,,,,,,,,,,,,,,,,,,,,,,,,,,,,,,,,,,,,,,,,,,,,,,,,,,,,,,,,,,,,,,,,,,,,,,,,nan,,,,,,,,,,,,,,,
931,2637.6630859375,0.026346953585743904,2.6346953585743904,6857.623799324036,10000,ppo,ppo,crawler,flat,action_dth_tot_plus_friction_thdot_formula,,,,,,,,,,,,,,,0.0027396519803000847,0,781,0.0,0.0,,,,,,,,,,,,,,,,,,,,,,,,,,,,,,,,,,,,,,,,,,,,,,,,,,,,,,,,,,,,,,,,,,,,,,,,,,nan,,,,,,,,,,,,,,,
932,2587.20166015625,0.025842802599072456,2.5842802599072456,6864.930457353592,10000,ppo,ppo,crawler,flat,action_dth_tot_plus_friction_thdot_formula,,,,,,,,,,,,,,,0.0028958767936096935,0,781,0.0,0.0,,,,,,,,,,,,,,,,,,,,,,,,,,,,,,,,,,,,,,,,,,,,,,,,,,,,,,,,,,,,,,,,,,,,,,,,,,nan,,,,,,,,,,,,,,,
933,2558.693115234375,0.025556106120347977,2.5556106120347977,6872.239910840988,10000,ppo,ppo,crawler,flat,action_dth_tot_plus_friction_thdot_formula,,,,,,,,,,,,,,,0.002991172324367602,0,781,0.0,0.0,,,,,,,,,,,,,,,,,,,,,,,,,,,,,,,,,,,,,,,,,,,,,,,,,,,,,,,,,,,,,,,,,,,,,,,,,,nan,,,,,,,,,,,,,,,
934,2546.94970703125,0.02543765679001808,2.543765679001808,6879.5833468437195,10000,ppo,ppo,crawler,flat,action_dth_tot_plus_friction_thdot_formula,,,,,,,,,,,,,,,0.0038163267344993,0,781,0.0,0.0,,,,,,,,,,,,,,,,,,,,,,,,,,,,,,,,,,,,,,,,,,,,,,,,,,,,,,,,,,,,,,,,,,,,,,,,,,nan,,,,,,,,,,,,,,,
935,2550.21044921875,0.025480233132839203,2.5480233132839203,6886.861093759537,10000,ppo,ppo,crawler,flat,action_dth_tot_plus_friction_thdot_formula,,,,,,,,,,,,,,,0.003533005441824289,0,781,0.0,0.0,,,,,,,,,,,,,,,,,,,,,,,,,,,,,,,,,,,,,,,,,,,,,,,,,,,,,,,,,,,,,,,,,,,,,,,,,,nan,,,,,,,,,,,,,,,
936,2425.828125,0.024235961958765984,2.4235961958765984,6894.234133720398,10000,ppo,ppo,crawler,flat,action_dth_tot_plus_friction_thdot_formula,,,,,,,,,,,,,,,0.003106352871395087,0,781,0.0,0.0,,,,,,,,,,,,,,,,,,,,,,,,,,,,,,,,,,,,,,,,,,,,,,,,,,,,,,,,,,,,,,,,,,,,,,,,,,nan,,,,,,,,,,,,,,,
937,2522.197265625,0.02519114874303341,2.519114874303341,6901.6135222911835,10000,ppo,ppo,crawler,flat,action_dth_tot_plus_friction_thdot_formula,,,,,,,,,,,,,,,0.0024483275026868237,0,781,0.0,0.0,,,,,,,,,,,,,,,,,,,,,,,,,,,,,,,,,,,,,,,,,,,,,,,,,,,,,,,,,,,,,,,,,,,,,,,,,,nan,,,,,,,,,,,,,,,
938,2541.232666015625,0.02538408897817135,2.538408897817135,6908.9046087265015,10000,ppo,ppo,crawler,flat,action_dth_tot_plus_friction_thdot_formula,,,,,,,,,,,,,,,0.002752478603913393,0,781,0.0,0.0,,,,,,,,,,,,,,,,,,,,,,,,,,,,,,,,,,,,,,,,,,,,,,,,,,,,,,,,,,,,,,,,,,,,,,,,,,nan,,,,,,,,,,,,,,,
939,2429.021728515625,0.02426346391439438,2.426346391439438,6916.14520072937,10000,ppo,ppo,crawler,flat,action_dth_tot_plus_friction_thdot_formula,,,,,,,,,,,,,,,0.003899298718420636,0,781,0.0,0.0,,,,,,,,,,,,,,,,,,,,,,,,,,,,,,,,,,,,,,,,,,,,,,,,,,,,,,,,,,,,,,,,,,,,,,,,,,nan,,,,,,,,,,,,,,,
940,2511.696044921875,0.025086233392357826,2.5086233392357826,6923.308527708054,10000,ppo,ppo,crawler,flat,action_dth_tot_plus_friction_thdot_formula,,,,,,,,,,,,,,,0.0029836135769439396,0,781,0.0,0.0,,,,,,,,,,,,,,,,,,,,,,,,,,,,,,,,,,,,,,,,,,,,,,,,,,,,,,,,,,,,,,,,,,,,,,,,,,nan,,,,,,,,,,,,,,,
941,2457.2900390625,0.024547291919589043,2.4547291919589043,6930.610020160675,10000,ppo,ppo,crawler,flat,action_dth_tot_plus_friction_thdot_formula,,,,,,,,,,,,,,,0.004339030651617426,0,781,0.0,0.0,,,,,,,,,,,,,,,,,,,,,,,,,,,,,,,,,,,,,,,,,,,,,,,,,,,,,,,,,,,,,,,,,,,,,,,,,,nan,,,,,,,,,,,,,,,
942,2372.27978515625,0.023697156459093094,2.3697156459093094,6937.936413049698,10000,ppo,ppo,crawler,flat,action_dth_tot_plus_friction_thdot_formula,,,,,,,,,,,,,,,0.002773214734762206,0,781,0.0,0.0,,,,,,,,,,,,,,,,,,,,,,,,,,,,,,,,,,,,,,,,,,,,,,,,,,,,,,,,,,,,,,,,,,,,,,,,,,nan,,,,,,,,,,,,,,,
943,2383.51806640625,0.02381116710603237,2.381116710603237,6945.2546627521515,10000,ppo,ppo,crawler,flat,action_dth_tot_plus_friction_thdot_formula,,,,,,,,,,,,,,,0.002878174349382727,0,781,0.0,0.0,,,,,,,,,,,,,,,,,,,,,,,,,,,,,,,,,,,,,,,,,,,,,,,,,,,,,,,,,,,,,,,,,,,,,,,,,,nan,,,,,,,,,,,,,,,
944,2438.22607421875,0.024354461580514908,2.435446158051491,6952.435375452042,10000,ppo,ppo,crawler,flat,action_dth_tot_plus_friction_thdot_formula,,,,,,,,,,,,,,,0.003934329358780955,0,781,0.0,0.0,,,,,,,,,,,,,,,,,,,,,,,,,,,,,,,,,,,,,,,,,,,,,,,,,,,,,,,,,,,,,,,,,,,,,,,,,,nan,,,,,,,,,,,,,,,
945,2500.631103515625,0.024980273097753525,2.4980273097753525,6959.743654966354,10000,ppo,ppo,crawler,flat,action_dth_tot_plus_friction_thdot_formula,,,,,,,,,,,,,,,0.003980532833288582,0,781,0.0,0.0,,,,,,,,,,,,,,,,,,,,,,,,,,,,,,,,,,,,,,,,,,,,,,,,,,,,,,,,,,,,,,,,,,,,,,,,,,nan,,,,,,,,,,,,,,,
946,2450.372802734375,0.024478426203131676,2.4478426203131676,6967.222275972366,10000,ppo,ppo,crawler,flat,action_dth_tot_plus_friction_thdot_formula,,,,,,,,,,,,,,,0.003901721011149958,0,781,0.0,0.0,,,,,,,,,,,,,,,,,,,,,,,,,,,,,,,,,,,,,,,,,,,,,,,,,,,,,,,,,,,,,,,,,,,,,,,,,,nan,,,,,,,,,,,,,,,
947,2366.683837890625,0.02364168129861355,2.364168129861355,6974.523848295212,10000,ppo,ppo,crawler,flat,action_dth_tot_plus_friction_thdot_formula,,,,,,,,,,,,,,,0.0030105728553575265,0,781,0.0,0.0,,,,,,,,,,,,,,,,,,,,,,,,,,,,,,,,,,,,,,,,,,,,,,,,,,,,,,,,,,,,,,,,,,,,,,,,,,nan,,,,,,,,,,,,,,,
948,2379.13671875,0.023768147453665733,2.3768147453665733,6981.733188867569,10000,ppo,ppo,crawler,flat,action_dth_tot_plus_friction_thdot_formula,,,,,,,,,,,,,,,0.002860671736751045,0,781,0.0,0.0,,,,,,,,,,,,,,,,,,,,,,,,,,,,,,,,,,,,,,,,,,,,,,,,,,,,,,,,,,,,,,,,,,,,,,,,,,nan,,,,,,,,,,,,,,,
949,2238.30078125,0.02235724776983261,2.235724776983261,6989.2814791202545,10000,ppo,ppo,crawler,flat,action_dth_tot_plus_friction_thdot_formula,,,,,,,,,,,,,,,0.00338083626592124,0,781,0.0,0.0,,,,,,,,,,,,,,,,,,,,,,,,,,,,,,,,,,,,,,,,,,,,,,,,,,,,,,,,,,,,,,,,,,,,,,,,,,nan,,,,,,,,,,,,,,,
950,2238.346435546875,0.02235763892531395,2.235763892531395,6996.367141008377,10000,ppo,ppo,crawler,flat,action_dth_tot_plus_friction_thdot_formula,,,,,,,,,,,,,,,0.0030946221280719003,0,781,0.0,0.0,,,,,,,,,,,,,,,,,,,,,,,,,,,,,,,,,,,,,,,,,,,,,,,,,,,,,,,,,,,,,,,,,,,,,,,,,,nan,,,,,,,,,,,,,,,
951,2393.59716796875,0.023912683129310608,2.391268312931061,7003.6154017448425,10000,ppo,ppo,crawler,flat,action_dth_tot_plus_friction_thdot_formula,,,,,,,,,,,,,,,0.0029365325451824963,0,781,0.0,0.0,,,,,,,,,,,,,,,,,,,,,,,,,,,,,,,,,,,,,,,,,,,,,,,,,,,,,,,,,,,,,,,,,,,,,,,,,,nan,,,,,,,,,,,,,,,
952,2295.6845703125,0.02292822115123272,2.292822115123272,7010.7505095005035,10000,ppo,ppo,crawler,flat,action_dth_tot_plus_friction_thdot_formula,,,,,,,,,,,,,,,0.0029063532525800506,0,781,0.0,0.0,,,,,,,,,,,,,,,,,,,,,,,,,,,,,,,,,,,,,,,,,,,,,,,,,,,,,,,,,,,,,,,,,,,,,,,,,,nan,,,,,,,,,,,,,,,
953,2380.392822265625,0.023779787123203278,2.3779787123203278,7018.239182949066,10000,ppo,ppo,crawler,flat,action_dth_tot_plus_friction_thdot_formula,,,,,,,,,,,,,,,0.002487135857132606,0,781,0.0,0.0,,,,,,,,,,,,,,,,,,,,,,,,,,,,,,,,,,,,,,,,,,,,,,,,,,,,,,,,,,,,,,,,,,,,,,,,,,nan,,,,,,,,,,,,,,,
954,2300.498779296875,0.022979702800512314,2.2979702800512314,7025.392230510712,10000,ppo,ppo,crawler,flat,action_dth_tot_plus_friction_thdot_formula,,,,,,,,,,,,,,,0.0029874506687313776,0,781,0.0,0.0,,,,,,,,,,,,,,,,,,,,,,,,,,,,,,,,,,,,,,,,,,,,,,,,,,,,,,,,,,,,,,,,,,,,,,,,,,nan,,,,,,,,,,,,,,,
955,2337.077880859375,0.023347677662968636,2.3347677662968636,7032.939205646515,10000,ppo,ppo,crawler,flat,action_dth_tot_plus_friction_thdot_formula,,,,,,,,,,,,,,,0.0029526239902507895,0,781,0.0,0.0,,,,,,,,,,,,,,,,,,,,,,,,,,,,,,,,,,,,,,,,,,,,,,,,,,,,,,,,,,,,,,,,,,,,,,,,,,nan,,,,,,,,,,,,,,,
956,2376.334716796875,0.023740701377391815,2.3740701377391815,7040.133244514465,10000,ppo,ppo,crawler,flat,action_dth_tot_plus_friction_thdot_formula,,,,,,,,,,,,,,,0.0032451104712371433,0,781,0.0,0.0,,,,,,,,,,,,,,,,,,,,,,,,,,,,,,,,,,,,,,,,,,,,,,,,,,,,,,,,,,,,,,,,,,,,,,,,,,nan,,,,,,,,,,,,,,,
957,2363.71923828125,0.023613395169377327,2.3613395169377327,7047.709024429321,10000,ppo,ppo,crawler,flat,action_dth_tot_plus_friction_thdot_formula,,,,,,,,,,,,,,,0.002543136958373,0,781,0.0,0.0,,,,,,,,,,,,,,,,,,,,,,,,,,,,,,,,,,,,,,,,,,,,,,,,,,,,,,,,,,,,,,,,,,,,,,,,,,nan,,,,,,,,,,,,,,,
958,2382.662353515625,0.023799242451786995,2.3799242451786995,7054.978779792786,10000,ppo,ppo,crawler,flat,action_dth_tot_plus_friction_thdot_formula,,,,,,,,,,,,,,,0.0028879499363548404,0,781,0.0,0.0,,,,,,,,,,,,,,,,,,,,,,,,,,,,,,,,,,,,,,,,,,,,,,,,,,,,,,,,,,,,,,,,,,,,,,,,,,nan,,,,,,,,,,,,,,,
959,2323.134033203125,0.023208433762192726,2.3208433762192726,7062.376236200333,10000,ppo,ppo,crawler,flat,action_dth_tot_plus_friction_thdot_formula,,,,,,,,,,,,,,,0.003455403495804143,0,781,0.0,0.0,,,,,,,,,,,,,,,,,,,,,,,,,,,,,,,,,,,,,,,,,,,,,,,,,,,,,,,,,,,,,,,,,,,,,,,,,,nan,,,,,,,,,,,,,,,
960,2425.46533203125,0.0242279302328825,2.42279302328825,7069.759091377258,10000,ppo,ppo,crawler,flat,action_dth_tot_plus_friction_thdot_formula,,,,,,,,,,,,,,,0.0032741974135720685,0,781,0.0,0.0,,,,,,,,,,,,,,,,,,,,,,,,,,,,,,,,,,,,,,,,,,,,,,,,,,,,,,,,,,,,,,,,,,,,,,,,,,nan,,,,,,,,,,,,,,,
961,2525.770263671875,0.025230886414647102,2.5230886414647102,7077.046017885208,10000,ppo,ppo,crawler,flat,action_dth_tot_plus_friction_thdot_formula,,,,,,,,,,,,,,,0.0027601913240155092,0,781,0.0,0.0,,,,,,,,,,,,,,,,,,,,,,,,,,,,,,,,,,,,,,,,,,,,,,,,,,,,,,,,,,,,,,,,,,,,,,,,,,nan,,,,,,,,,,,,,,,
962,2324.566162109375,0.023221205919981003,2.3221205919981003,7084.216294050217,10000,ppo,ppo,crawler,flat,action_dth_tot_plus_friction_thdot_formula,,,,,,,,,,,,,,,0.0029654205178203377,0,781,0.0,0.0,,,,,,,,,,,,,,,,,,,,,,,,,,,,,,,,,,,,,,,,,,,,,,,,,,,,,,,,,,,,,,,,,,,,,,,,,,nan,,,,,,,,,,,,,,,
963,2389.730712890625,0.023870890960097313,2.3870890960097313,7091.5022122859955,10000,ppo,ppo,crawler,flat,action_dth_tot_plus_friction_thdot_formula,,,,,,,,,,,,,,,0.002599037317430932,0,781,0.0,0.0,,,,,,,,,,,,,,,,,,,,,,,,,,,,,,,,,,,,,,,,,,,,,,,,,,,,,,,,,,,,,,,,,,,,,,,,,,nan,,,,,,,,,,,,,,,
964,2422.49658203125,0.02420223131775856,2.420223131775856,7098.840594530106,10000,ppo,ppo,crawler,flat,action_dth_tot_plus_friction_thdot_formula,,,,,,,,,,,,,,,0.0027354344009080716,0,781,0.0,0.0,,,,,,,,,,,,,,,,,,,,,,,,,,,,,,,,,,,,,,,,,,,,,,,,,,,,,,,,,,,,,,,,,,,,,,,,,,nan,,,,,,,,,,,,,,,
965,2505.082275390625,0.02502414770424366,2.502414770424366,7106.265917778015,10000,ppo,ppo,crawler,flat,action_dth_tot_plus_friction_thdot_formula,,,,,,,,,,,,,,,0.002969693567399019,0,781,0.0,0.0,,,,,,,,,,,,,,,,,,,,,,,,,,,,,,,,,,,,,,,,,,,,,,,,,,,,,,,,,,,,,,,,,,,,,,,,,,nan,,,,,,,,,,,,,,,
966,2591.97900390625,0.025893907994031906,2.5893907994031906,7113.491166114807,10000,ppo,ppo,crawler,flat,action_dth_tot_plus_friction_thdot_formula,,,,,,,,,,,,,,,0.0034461490583794475,0,781,0.0,0.0,,,,,,,,,,,,,,,,,,,,,,,,,,,,,,,,,,,,,,,,,,,,,,,,,,,,,,,,,,,,,,,,,,,,,,,,,,nan,,,,,,,,,,,,,,,
967,2496.8359375,0.024937350302934647,2.4937350302934647,7120.683953523636,10000,ppo,ppo,crawler,flat,action_dth_tot_plus_friction_thdot_formula,,,,,,,,,,,,,,,0.0024779896024094655,0,781,0.0,0.0,,,,,,,,,,,,,,,,,,,,,,,,,,,,,,,,,,,,,,,,,,,,,,,,,,,,,,,,,,,,,,,,,,,,,,,,,,nan,,,,,,,,,,,,,,,
968,2442.633544921875,0.024399053305387497,2.4399053305387497,7127.9481682777405,10000,ppo,ppo,crawler,flat,action_dth_tot_plus_friction_thdot_formula,,,,,,,,,,,,,,,0.0031594499985066753,0,781,0.0,0.0,,,,,,,,,,,,,,,,,,,,,,,,,,,,,,,,,,,,,,,,,,,,,,,,,,,,,,,,,,,,,,,,,,,,,,,,,,nan,,,,,,,,,,,,,,,
969,2530.936279296875,0.02528219483792782,2.528219483792782,7135.144370555878,10000,ppo,ppo,crawler,flat,action_dth_tot_plus_friction_thdot_formula,,,,,,,,,,,,,,,0.0032445934264105,0,781,0.0,0.0,,,,,,,,,,,,,,,,,,,,,,,,,,,,,,,,,,,,,,,,,,,,,,,,,,,,,,,,,,,,,,,,,,,,,,,,,,nan,,,,,,,,,,,,,,,
970,2502.032958984375,0.024996692314743996,2.4996692314743996,7142.472668886185,10000,ppo,ppo,crawler,flat,action_dth_tot_plus_friction_thdot_formula,,,,,,,,,,,,,,,0.0024655042437162185,0,781,0.0,0.0,,,,,,,,,,,,,,,,,,,,,,,,,,,,,,,,,,,,,,,,,,,,,,,,,,,,,,,,,,,,,,,,,,,,,,,,,,nan,,,,,,,,,,,,,,,
971,2544.841552734375,0.025421302765607834,2.5421302765607834,7149.572514295578,10000,ppo,ppo,crawler,flat,action_dth_tot_plus_friction_thdot_formula,,,,,,,,,,,,,,,0.0033060390303294783,0,781,0.0,0.0,,,,,,,,,,,,,,,,,,,,,,,,,,,,,,,,,,,,,,,,,,,,,,,,,,,,,,,,,,,,,,,,,,,,,,,,,,nan,,,,,,,,,,,,,,,
972,2505.72412109375,0.025031762197613716,2.5031762197613716,7156.907203435898,10000,ppo,ppo,crawler,flat,action_dth_tot_plus_friction_thdot_formula,,,,,,,,,,,,,,,0.0029574311093907807,0,781,0.0,0.0,,,,,,,,,,,,,,,,,,,,,,,,,,,,,,,,,,,,,,,,,,,,,,,,,,,,,,,,,,,,,,,,,,,,,,,,,,nan,,,,,,,,,,,,,,,
973,2527.6416015625,0.025246737524867058,2.524673752486706,7164.223034858704,10000,ppo,ppo,crawler,flat,action_dth_tot_plus_friction_thdot_formula,,,,,,,,,,,,,,,0.0029656228208935266,0,781,0.0,0.0,,,,,,,,,,,,,,,,,,,,,,,,,,,,,,,,,,,,,,,,,,,,,,,,,,,,,,,,,,,,,,,,,,,,,,,,,,nan,,,,,,,,,,,,,,,
974,2563.71142578125,0.025609105825424194,2.5609105825424194,7171.452311515808,10000,ppo,ppo,crawler,flat,action_dth_tot_plus_friction_thdot_formula,,,,,,,,,,,,,,,0.0022758039565060513,0,781,0.0,0.0,,,,,,,,,,,,,,,,,,,,,,,,,,,,,,,,,,,,,,,,,,,,,,,,,,,,,,,,,,,,,,,,,,,,,,,,,,nan,,,,,,,,,,,,,,,
975,2472.63818359375,0.02470068819820881,2.470068819820881,7178.716335773468,10000,ppo,ppo,crawler,flat,action_dth_tot_plus_friction_thdot_formula,,,,,,,,,,,,,,,0.0022995821025166494,0,781,0.0,0.0,,,,,,,,,,,,,,,,,,,,,,,,,,,,,,,,,,,,,,,,,,,,,,,,,,,,,,,,,,,,,,,,,,,,,,,,,,nan,,,,,,,,,,,,,,,
976,2647.918701171875,0.026448382064700127,2.6448382064700127,7185.895984172821,10000,ppo,ppo,crawler,flat,action_dth_tot_plus_friction_thdot_formula,,,,,,,,,,,,,,,0.003267601543833846,0,781,0.0,0.0,,,,,,,,,,,,,,,,,,,,,,,,,,,,,,,,,,,,,,,,,,,,,,,,,,,,,,,,,,,,,,,,,,,,,,,,,,nan,,,,,,,,,,,,,,,
977,2575.438720703125,0.02572769671678543,2.572769671678543,7193.094323635101,10000,ppo,ppo,crawler,flat,action_dth_tot_plus_friction_thdot_formula,,,,,,,,,,,,,,,0.0027496762186611993,0,781,0.0,0.0,,,,,,,,,,,,,,,,,,,,,,,,,,,,,,,,,,,,,,,,,,,,,,,,,,,,,,,,,,,,,,,,,,,,,,,,,,nan,,,,,,,,,,,,,,,
978,2557.815185546875,0.025549298152327538,2.5549298152327538,7200.409977912903,10000,ppo,ppo,crawler,flat,action_dth_tot_plus_friction_thdot_formula,,,,,,,,,,,,,,,0.002845527318438334,0,781,0.0,0.0,,,,,,,,,,,,,,,,,,,,,,,,,,,,,,,,,,,,,,,,,,,,,,,,,,,,,,,,,,,,,,,,,,,,,,,,,,nan,,,,,,,,,,,,,,,
979,2471.560302734375,0.024692900478839874,2.4692900478839874,7207.662184238434,10000,ppo,ppo,crawler,flat,action_dth_tot_plus_friction_thdot_formula,,,,,,,,,,,,,,,0.0028318303587867924,0,781,0.0,0.0,,,,,,,,,,,,,,,,,,,,,,,,,,,,,,,,,,,,,,,,,,,,,,,,,,,,,,,,,,,,,,,,,,,,,,,,,,nan,,,,,,,,,,,,,,,
980,2540.685791015625,0.025374827906489372,2.5374827906489372,7214.971439361572,10000,ppo,ppo,crawler,flat,action_dth_tot_plus_friction_thdot_formula,,,,,,,,,,,,,,,0.003494925248223773,0,781,0.0,0.0,,,,,,,,,,,,,,,,,,,,,,,,,,,,,,,,,,,,,,,,,,,,,,,,,,,,,,,,,,,,,,,,,,,,,,,,,,nan,,,,,,,,,,,,,,,
981,2593.512939453125,0.025907427072525024,2.5907427072525024,7222.167640924454,10000,ppo,ppo,crawler,flat,action_dth_tot_plus_friction_thdot_formula,,,,,,,,,,,,,,,0.002593550193999988,0,781,0.0,0.0,,,,,,,,,,,,,,,,,,,,,,,,,,,,,,,,,,,,,,,,,,,,,,,,,,,,,,,,,,,,,,,,,,,,,,,,,,nan,,,,,,,,,,,,,,,
982,2601.052734375,0.025984222069382668,2.5984222069382668,7229.379092693329,10000,ppo,ppo,crawler,flat,action_dth_tot_plus_friction_thdot_formula,,,,,,,,,,,,,,,0.0030778816438839915,0,781,0.0,0.0,,,,,,,,,,,,,,,,,,,,,,,,,,,,,,,,,,,,,,,,,,,,,,,,,,,,,,,,,,,,,,,,,,,,,,,,,,nan,,,,,,,,,,,,,,,
983,2527.25244140625,0.025247160345315933,2.5247160345315933,7236.606366634369,10000,ppo,ppo,crawler,flat,action_dth_tot_plus_friction_thdot_formula,,,,,,,,,,,,,,,0.002894838054013938,0,781,0.0,0.0,,,,,,,,,,,,,,,,,,,,,,,,,,,,,,,,,,,,,,,,,,,,,,,,,,,,,,,,,,,,,,,,,,,,,,,,,,nan,,,,,,,,,,,,,,,
984,2662.263427734375,0.026595983654260635,2.6595983654260635,7243.818017244339,10000,ppo,ppo,crawler,flat,action_dth_tot_plus_friction_thdot_formula,,,,,,,,,,,,,,,0.0035664469813293017,0,781,0.0,0.0,,,,,,,,,,,,,,,,,,,,,,,,,,,,,,,,,,,,,,,,,,,,,,,,,,,,,,,,,,,,,,,,,,,,,,,,,,nan,,,,,,,,,,,,,,,
985,2621.919677734375,0.026188591495156288,2.618859149515629,7250.89031124115,10000,ppo,ppo,crawler,flat,action_dth_tot_plus_friction_thdot_formula,,,,,,,,,,,,,,,0.003027652482382617,0,781,0.0,0.0,,,,,,,,,,,,,,,,,,,,,,,,,,,,,,,,,,,,,,,,,,,,,,,,,,,,,,,,,,,,,,,,,,,,,,,,,,nan,,,,,,,,,,,,,,,
986,2533.669189453125,0.025305699557065964,2.5305699557065964,7258.368084907532,10000,ppo,ppo,crawler,flat,action_dth_tot_plus_friction_thdot_formula,,,,,,,,,,,,,,,0.0035216806706270054,0,781,0.0,0.0,,,,,,,,,,,,,,,,,,,,,,,,,,,,,,,,,,,,,,,,,,,,,,,,,,,,,,,,,,,,,,,,,,,,,,,,,,nan,,,,,,,,,,,,,,,
987,2511.240234375,0.025088094174861908,2.508809417486191,7265.4743547439575,10000,ppo,ppo,crawler,flat,action_dth_tot_plus_friction_thdot_formula,,,,,,,,,,,,,,,0.002943778603548475,0,781,0.0,0.0,,,,,,,,,,,,,,,,,,,,,,,,,,,,,,,,,,,,,,,,,,,,,,,,,,,,,,,,,,,,,,,,,,,,,,,,,,nan,,,,,,,,,,,,,,,
988,2650.170654296875,0.026474950835108757,2.6474950835108757,7272.6353306770325,10000,ppo,ppo,crawler,flat,action_dth_tot_plus_friction_thdot_formula,,,,,,,,,,,,,,,0.003116721756832028,0,781,0.0,0.0,,,,,,,,,,,,,,,,,,,,,,,,,,,,,,,,,,,,,,,,,,,,,,,,,,,,,,,,,,,,,,,,,,,,,,,,,,nan,,,,,,,,,,,,,,,
989,2764.801513671875,0.027617648243904114,2.7617648243904114,7279.775993585587,10000,ppo,ppo,crawler,flat,action_dth_tot_plus_friction_thdot_formula,,,,,,,,,,,,,,,0.0023667261685798046,0,781,0.0,0.0,,,,,,,,,,,,,,,,,,,,,,,,,,,,,,,,,,,,,,,,,,,,,,,,,,,,,,,,,,,,,,,,,,,,,,,,,,nan,,,,,,,,,,,,,,,
990,2595.134033203125,0.025923436507582664,2.5923436507582664,7287.220908880234,10000,ppo,ppo,crawler,flat,action_dth_tot_plus_friction_thdot_formula,,,,,,,,,,,,,,,0.003395274805184394,0,781,0.0,0.0,,,,,,,,,,,,,,,,,,,,,,,,,,,,,,,,,,,,,,,,,,,,,,,,,,,,,,,,,,,,,,,,,,,,,,,,,,nan,,,,,,,,,,,,,,,
991,2571.79541015625,0.02568982169032097,2.568982169032097,7294.658768415451,10000,ppo,ppo,crawler,flat,action_dth_tot_plus_friction_thdot_formula,,,,,,,,,,,,,,,0.0030106948482179143,0,781,0.0,0.0,,,,,,,,,,,,,,,,,,,,,,,,,,,,,,,,,,,,,,,,,,,,,,,,,,,,,,,,,,,,,,,,,,,,,,,,,,nan,,,,,,,,,,,,,,,
992,2709.22021484375,0.027063991874456406,2.7063991874456406,7301.951188087463,10000,ppo,ppo,crawler,flat,action_dth_tot_plus_friction_thdot_formula,,,,,,,,,,,,,,,0.002717045212188967,0,781,0.0,0.0,,,,,,,,,,,,,,,,,,,,,,,,,,,,,,,,,,,,,,,,,,,,,,,,,,,,,,,,,,,,,,,,,,,,,,,,,,nan,,,,,,,,,,,,,,,
993,2646.208251953125,0.02643376775085926,2.643376775085926,7309.12716293335,10000,ppo,ppo,crawler,flat,action_dth_tot_plus_friction_thdot_formula,,,,,,,,,,,,,,,0.0028521116554204055,0,781,0.0,0.0,,,,,,,,,,,,,,,,,,,,,,,,,,,,,,,,,,,,,,,,,,,,,,,,,,,,,,,,,,,,,,,,,,,,,,,,,,nan,,,,,,,,,,,,,,,
994,2561.11376953125,0.025587622076272964,2.5587622076272964,7316.520372867584,10000,ppo,ppo,crawler,flat,action_dth_tot_plus_friction_thdot_formula,,,,,,,,,,,,,,,0.0032767697129214945,0,781,0.0,0.0,,,,,,,,,,,,,,,,,,,,,,,,,,,,,,,,,,,,,,,,,,,,,,,,,,,,,,,,,,,,,,,,,,,,,,,,,,nan,,,,,,,,,,,,,,,
995,2607.297607421875,0.02604842185974121,2.604842185974121,7323.586275100708,10000,ppo,ppo,crawler,flat,action_dth_tot_plus_friction_thdot_formula,,,,,,,,,,,,,,,0.0031165256019709715,0,781,0.0,0.0,,,,,,,,,,,,,,,,,,,,,,,,,,,,,,,,,,,,,,,,,,,,,,,,,,,,,,,,,,,,,,,,,,,,,,,,,,nan,,,,,,,,,,,,,,,
996,2676.165771484375,0.02673272043466568,2.673272043466568,7330.776284456253,10000,ppo,ppo,crawler,flat,action_dth_tot_plus_friction_thdot_formula,,,,,,,,,,,,,,,0.0027330990528724205,0,781,0.0,0.0,,,,,,,,,,,,,,,,,,,,,,,,,,,,,,,,,,,,,,,,,,,,,,,,,,,,,,,,,,,,,,,,,,,,,,,,,,nan,,,,,,,,,,,,,,,
997,2574.34423828125,0.025716112926602364,2.5716112926602364,7337.844117879868,10000,ppo,ppo,crawler,flat,action_dth_tot_plus_friction_thdot_formula,,,,,,,,,,,,,,,0.003636123350141427,0,781,0.0,0.0,,,,,,,,,,,,,,,,,,,,,,,,,,,,,,,,,,,,,,,,,,,,,,,,,,,,,,,,,,,,,,,,,,,,,,,,,,nan,,,,,,,,,,,,,,,
998,2603.9326171875,0.02601003274321556,2.601003274321556,7345.119648218155,10000,ppo,ppo,crawler,flat,action_dth_tot_plus_friction_thdot_formula,,,,,,,,,,,,,,,0.0031420719330529975,0,781,0.0,0.0,,,,,,,,,,,,,,,,,,,,,,,,,,,,,,,,,,,,,,,,,,,,,,,,,,,,,,,,,,,,,,,,,,,,,,,,,,nan,,,,,,,,,,,,,,,
999,2626.5751953125,0.026236992329359055,2.6236992329359055,7352.4584794044495,10000,ppo,ppo,crawler,flat,action_dth_tot_plus_friction_thdot_formula,,,,,,,,,,,,,,,0.003199571938055392,0,781,0.0,0.0,,,,,,,,,,,,,,,,,,,,,,,,,,,,,,,,,,,,,,,,,,,,,,,,,,,,,,,,,,,,,,,,,,,,,,,,,,nan,,,,,,,,,,,,,,,
1000,2523.361572265625,0.02520543523132801,2.520543523132801,7359.4466671943665,10000,ppo,ppo,crawler,flat,action_dth_tot_plus_friction_thdot_formula,,,,,,,,,,,,,,,0.003346370535754514,0,781,0.0,0.0,,,,,,,,,,,,,,,,,,,,,,,,,,,,,,,,,,,,,,,,,,,,,,,,,,,,,,,,,,,,,,,,,,,,,,,,,,nan,,,,,,,,,,,,,,,
1001,2649.803466796875,0.026468822732567787,2.6468822732567787,7366.816436052322,10000,ppo,ppo,crawler,flat,action_dth_tot_plus_friction_thdot_formula,,,,,,,,,,,,,,,0.0027867365889632824,0,781,0.0,0.0,,,,,,,,,,,,,,,,,,,,,,,,,,,,,,,,,,,,,,,,,,,,,,,,,,,,,,,,,,,,,,,,,,,,,,,,,,nan,,,,,,,,,,,,,,,
1002,2627.69921875,0.026248812675476074,2.6248812675476074,7373.982409954071,10000,ppo,ppo,crawler,flat,action_dth_tot_plus_friction_thdot_formula,,,,,,,,,,,,,,,0.002745169342350019,0,781,0.0,0.0,,,,,,,,,,,,,,,,,,,,,,,,,,,,,,,,,,,,,,,,,,,,,,,,,,,,,,,,,,,,,,,,,,,,,,,,,,nan,,,,,,,,,,,,,,,
1003,2627.260986328125,0.026241881772875786,2.6241881772875786,7381.248304367065,10000,ppo,ppo,crawler,flat,action_dth_tot_plus_friction_thdot_formula,,,,,,,,,,,,,,,0.0027459345247582193,0,781,0.0,0.0,,,,,,,,,,,,,,,,,,,,,,,,,,,,,,,,,,,,,,,,,,,,,,,,,,,,,,,,,,,,,,,,,,,,,,,,,,nan,,,,,,,,,,,,,,,
1004,2640.12548828125,0.026373961940407753,2.6373961940407753,7388.382355451584,10000,ppo,ppo,crawler,flat,action_dth_tot_plus_friction_thdot_formula,,,,,,,,,,,,,,,0.002350988465888371,0,781,0.0,0.0,,,,,,,,,,,,,,,,,,,,,,,,,,,,,,,,,,,,,,,,,,,,,,,,,,,,,,,,,,,,,,,,,,,,,,,,,,nan,,,,,,,,,,,,,,,
1005,2547.419677734375,0.0254500862210989,2.54500862210989,7395.814409971237,10000,ppo,ppo,crawler,flat,action_dth_tot_plus_friction_thdot_formula,,,,,,,,,,,,,,,0.0032013697017857115,0,781,0.0,0.0,,,,,,,,,,,,,,,,,,,,,,,,,,,,,,,,,,,,,,,,,,,,,,,,,,,,,,,,,,,,,,,,,,,,,,,,,,nan,,,,,,,,,,,,,,,
1006,2661.130615234375,0.026584507897496223,2.6584507897496223,7402.903514146805,10000,ppo,ppo,crawler,flat,action_dth_tot_plus_friction_thdot_formula,,,,,,,,,,,,,,,0.002374360554101227,0,781,0.0,0.0,,,,,,,,,,,,,,,,,,,,,,,,,,,,,,,,,,,,,,,,,,,,,,,,,,,,,,,,,,,,,,,,,,,,,,,,,,nan,,,,,,,,,,,,,,,
1007,2584.9658203125,0.025820376351475716,2.5820376351475716,7410.117985010147,10000,ppo,ppo,crawler,flat,action_dth_tot_plus_friction_thdot_formula,,,,,,,,,,,,,,,0.0029260741418037353,0,781,0.0,0.0,,,,,,,,,,,,,,,,,,,,,,,,,,,,,,,,,,,,,,,,,,,,,,,,,,,,,,,,,,,,,,,,,,,,,,,,,,nan,,,,,,,,,,,,,,,
1008,2583.625244140625,0.025811685249209404,2.5811685249209404,7417.1193907260895,10000,ppo,ppo,crawler,flat,action_dth_tot_plus_friction_thdot_formula,,,,,,,,,,,,,,,0.002463875952112356,0,781,0.0,0.0,,,,,,,,,,,,,,,,,,,,,,,,,,,,,,,,,,,,,,,,,,,,,,,,,,,,,,,,,,,,,,,,,,,,,,,,,,nan,,,,,,,,,,,,,,,
1009,2432.11181640625,0.02429325133562088,2.429325133562088,7424.452578783035,10000,ppo,ppo,crawler,flat,action_dth_tot_plus_friction_thdot_formula,,,,,,,,,,,,,,,0.0029740047723975475,0,781,0.0,0.0,,,,,,,,,,,,,,,,,,,,,,,,,,,,,,,,,,,,,,,,,,,,,,,,,,,,,,,,,,,,,,,,,,,,,,,,,,nan,,,,,,,,,,,,,,,
1010,2700.16259765625,0.026975929737091064,2.6975929737091064,7431.635813474655,10000,ppo,ppo,crawler,flat,action_dth_tot_plus_friction_thdot_formula,,,,,,,,,,,,,,,0.0023187787538703182,0,781,0.0,0.0,,,,,,,,,,,,,,,,,,,,,,,,,,,,,,,,,,,,,,,,,,,,,,,,,,,,,,,,,,,,,,,,,,,,,,,,,,nan,,,,,,,,,,,,,,,
1011,2664.132080078125,0.026616239920258522,2.661623992025852,7438.8106343746185,10000,ppo,ppo,crawler,flat,action_dth_tot_plus_friction_thdot_formula,,,,,,,,,,,,,,,0.0027628264083391684,0,781,0.0,0.0,,,,,,,,,,,,,,,,,,,,,,,,,,,,,,,,,,,,,,,,,,,,,,,,,,,,,,,,,,,,,,,,,,,,,,,,,,nan,,,,,,,,,,,,,,,
1012,2691.563720703125,0.02689190022647381,2.689190022647381,7445.87619137764,10000,ppo,ppo,crawler,flat,action_dth_tot_plus_friction_thdot_formula,,,,,,,,,,,,,,,0.002405562553368151,0,781,0.0,0.0,,,,,,,,,,,,,,,,,,,,,,,,,,,,,,,,,,,,,,,,,,,,,,,,,,,,,,,,,,,,,,,,,,,,,,,,,,nan,,,,,,,,,,,,,,,
1013,2653.408203125,0.026505986228585243,2.6505986228585243,7453.397353649139,10000,ppo,ppo,crawler,flat,action_dth_tot_plus_friction_thdot_formula,,,,,,,,,,,,,,,0.002833331463782167,0,781,0.0,0.0,,,,,,,,,,,,,,,,,,,,,,,,,,,,,,,,,,,,,,,,,,,,,,,,,,,,,,,,,,,,,,,,,,,,,,,,,,nan,,,,,,,,,,,,,,,
1014,2606.744140625,0.026041977107524872,2.604197710752487,7460.485675573349,10000,ppo,ppo,crawler,flat,action_dth_tot_plus_friction_thdot_formula,,,,,,,,,,,,,,,0.002637508903703415,0,781,0.0,0.0,,,,,,,,,,,,,,,,,,,,,,,,,,,,,,,,,,,,,,,,,,,,,,,,,,,,,,,,,,,,,,,,,,,,,,,,,,nan,,,,,,,,,,,,,,,
1015,2635.3388671875,0.026326805353164673,2.6326805353164673,7467.75043797493,10000,ppo,ppo,crawler,flat,action_dth_tot_plus_friction_thdot_formula,,,,,,,,,,,,,,,0.0024217320529346933,0,781,0.0,0.0,,,,,,,,,,,,,,,,,,,,,,,,,,,,,,,,,,,,,,,,,,,,,,,,,,,,,,,,,,,,,,,,,,,,,,,,,,nan,,,,,,,,,,,,,,,
1016,2610.586669921875,0.026080748066306114,2.6080748066306114,7475.046966314316,10000,ppo,ppo,crawler,flat,action_dth_tot_plus_friction_thdot_formula,,,,,,,,,,,,,,,0.002593065660536914,0,781,0.0,0.0,,,,,,,,,,,,,,,,,,,,,,,,,,,,,,,,,,,,,,,,,,,,,,,,,,,,,,,,,,,,,,,,,,,,,,,,,,nan,,,,,,,,,,,,,,,
1017,2385.480712890625,0.023825451731681824,2.3825451731681824,7482.333708763123,10000,ppo,ppo,crawler,flat,action_dth_tot_plus_friction_thdot_formula,,,,,,,,,,,,,,,0.0034824713917252954,0,781,0.0,0.0,,,,,,,,,,,,,,,,,,,,,,,,,,,,,,,,,,,,,,,,,,,,,,,,,,,,,,,,,,,,,,,,,,,,,,,,,,nan,,,,,,,,,,,,,,,
1018,2500.27197265625,0.024976883083581924,2.4976883083581924,7489.65922999382,10000,ppo,ppo,crawler,flat,action_dth_tot_plus_friction_thdot_formula,,,,,,,,,,,,,,,0.004033725165849058,0,781,0.0,0.0,,,,,,,,,,,,,,,,,,,,,,,,,,,,,,,,,,,,,,,,,,,,,,,,,,,,,,,,,,,,,,,,,,,,,,,,,,nan,,,,,,,,,,,,,,,
1019,2474.657958984375,0.02472061663866043,2.472061663866043,7497.087562561035,10000,ppo,ppo,crawler,flat,action_dth_tot_plus_friction_thdot_formula,,,,,,,,,,,,,,,0.003607064659241289,0,781,0.0,0.0,,,,,,,,,,,,,,,,,,,,,,,,,,,,,,,,,,,,,,,,,,,,,,,,,,,,,,,,,,,,,,,,,,,,,,,,,,nan,,,,,,,,,,,,,,,
1020,2515.7900390625,0.02513039857149124,2.513039857149124,7504.745575904846,10000,ppo,ppo,crawler,flat,action_dth_tot_plus_friction_thdot_formula,,,,,,,,,,,,,,,0.003289832270965958,0,781,0.0,0.0,,,,,,,,,,,,,,,,,,,,,,,,,,,,,,,,,,,,,,,,,,,,,,,,,,,,,,,,,,,,,,,,,,,,,,,,,,nan,,,,,,,,,,,,,,,
1021,2384.904052734375,0.02382270060479641,2.382270060479641,7512.306777000427,10000,ppo,ppo,crawler,flat,action_dth_tot_plus_friction_thdot_formula,,,,,,,,,,,,,,,0.0035991517708561693,0,781,0.0,0.0,,,,,,,,,,,,,,,,,,,,,,,,,,,,,,,,,,,,,,,,,,,,,,,,,,,,,,,,,,,,,,,,,,,,,,,,,,nan,,,,,,,,,,,,,,,
1022,2436.459716796875,0.024338891729712486,2.4338891729712486,7519.714898824692,10000,ppo,ppo,crawler,flat,action_dth_tot_plus_friction_thdot_formula,,,,,,,,,,,,,,,0.0028914916505348464,0,781,0.0,0.0,,,,,,,,,,,,,,,,,,,,,,,,,,,,,,,,,,,,,,,,,,,,,,,,,,,,,,,,,,,,,,,,,,,,,,,,,,nan,,,,,,,,,,,,,,,
1023,2561.291748046875,0.025587638840079308,2.5587638840079308,7527.3585414886475,10000,ppo,ppo,crawler,flat,action_dth_tot_plus_friction_thdot_formula,,,,,,,,,,,,,,,0.0020193469210330484,0,781,0.0,0.0,,,,,,,,,,,,,,,,,,,,,,,,,,,,,,,,,,,,,,,,,,,,,,,,,,,,,,,,,,,,,,,,,,,,,,,,,,nan,,,,,,,,,,,,,,,
1024,2428.189208984375,0.024256085976958275,2.4256085976958275,7534.891997337341,10000,ppo,ppo,crawler,flat,action_dth_tot_plus_friction_thdot_formula,,,,,,,,,,,,,,,0.0026703696956866386,0,781,0.0,0.0,,,,,,,,,,,,,,,,,,,,,,,,,,,,,,,,,,,,,,,,,,,,,,,,,,,,,,,,,,,,,,,,,,,,,,,,,,nan,,,,,,,,,,,,,,,
1025,2620.184814453125,0.026173705235123634,2.6173705235123634,7542.3308119773865,10000,ppo,ppo,crawler,flat,action_dth_tot_plus_friction_thdot_formula,,,,,,,,,,,,,,,0.0020055232380120926,0,781,0.0,0.0,,,,,,,,,,,,,,,,,,,,,,,,,,,,,,,,,,,,,,,,,,,,,,,,,,,,,,,,,,,,,,,,,,,,,,,,,,nan,,,,,,,,,,,,,,,
1026,2457.30517578125,0.02454989217221737,2.454989217221737,7549.496067762375,10000,ppo,ppo,crawler,flat,action_dth_tot_plus_friction_thdot_formula,,,,,,,,,,,,,,,0.002445024511763151,0,781,0.0,0.0,,,,,,,,,,,,,,,,,,,,,,,,,,,,,,,,,,,,,,,,,,,,,,,,,,,,,,,,,,,,,,,,,,,,,,,,,,nan,,,,,,,,,,,,,,,
1027,2649.72216796875,0.02646874263882637,2.646874263882637,7556.8105936050415,10000,ppo,ppo,crawler,flat,action_dth_tot_plus_friction_thdot_formula,,,,,,,,,,,,,,,0.0026237901621638283,0,781,0.0,0.0,,,,,,,,,,,,,,,,,,,,,,,,,,,,,,,,,,,,,,,,,,,,,,,,,,,,,,,,,,,,,,,,,,,,,,,,,,nan,,,,,,,,,,,,,,,
1028,2650.729248046875,0.026478173211216927,2.6478173211216927,7564.1303770542145,10000,ppo,ppo,crawler,flat,action_dth_tot_plus_friction_thdot_formula,,,,,,,,,,,,,,,0.0032463012801730116,0,781,0.0,0.0,,,,,,,,,,,,,,,,,,,,,,,,,,,,,,,,,,,,,,,,,,,,,,,,,,,,,,,,,,,,,,,,,,,,,,,,,,nan,,,,,,,,,,,,,,,
1029,2663.751708984375,0.02661329321563244,2.661329321563244,7571.270663261414,10000,ppo,ppo,crawler,flat,action_dth_tot_plus_friction_thdot_formula,,,,,,,,,,,,,,,0.0031947645956990826,0,781,0.0,0.0,,,,,,,,,,,,,,,,,,,,,,,,,,,,,,,,,,,,,,,,,,,,,,,,,,,,,,,,,,,,,,,,,,,,,,,,,,nan,,,,,,,,,,,,,,,
1030,2385.536376953125,0.02383345551788807,2.383345551788807,7578.454421520233,10000,ppo,ppo,crawler,flat,action_dth_tot_plus_friction_thdot_formula,,,,,,,,,,,,,,,0.0031630543840031893,0,781,0.0,0.0,,,,,,,,,,,,,,,,,,,,,,,,,,,,,,,,,,,,,,,,,,,,,,,,,,,,,,,,,,,,,,,,,,,,,,,,,,nan,,,,,,,,,,,,,,,
1031,2466.919677734375,0.024643123149871826,2.4643123149871826,7585.783292770386,10000,ppo,ppo,crawler,flat,action_dth_tot_plus_friction_thdot_formula,,,,,,,,,,,,,,,0.003389418576019739,0,781,0.0,0.0,,,,,,,,,,,,,,,,,,,,,,,,,,,,,,,,,,,,,,,,,,,,,,,,,,,,,,,,,,,,,,,,,,,,,,,,,,nan,,,,,,,,,,,,,,,
1032,2545.593017578125,0.025427741929888725,2.5427741929888725,7593.103283166885,10000,ppo,ppo,crawler,flat,action_dth_tot_plus_friction_thdot_formula,,,,,,,,,,,,,,,0.0024919924949681586,0,781,0.0,0.0,,,,,,,,,,,,,,,,,,,,,,,,,,,,,,,,,,,,,,,,,,,,,,,,,,,,,,,,,,,,,,,,,,,,,,,,,,nan,,,,,,,,,,,,,,,
1033,2692.336669921875,0.026895485818386078,2.689548581838608,7600.200290679932,10000,ppo,ppo,crawler,flat,action_dth_tot_plus_friction_thdot_formula,,,,,,,,,,,,,,,0.002884099389579643,0,781,0.0,0.0,,,,,,,,,,,,,,,,,,,,,,,,,,,,,,,,,,,,,,,,,,,,,,,,,,,,,,,,,,,,,,,,,,,,,,,,,,nan,,,,,,,,,,,,,,,
1034,2632.10205078125,0.02629128098487854,2.629128098487854,7607.423300504684,10000,ppo,ppo,crawler,flat,action_dth_tot_plus_friction_thdot_formula,,,,,,,,,,,,,,,0.0023450570812427393,0,781,0.0,0.0,,,,,,,,,,,,,,,,,,,,,,,,,,,,,,,,,,,,,,,,,,,,,,,,,,,,,,,,,,,,,,,,,,,,,,,,,,nan,,,,,,,,,,,,,,,
1035,2472.521240234375,0.02469712123274803,2.469712123274803,7614.6876702308655,10000,ppo,ppo,crawler,flat,action_dth_tot_plus_friction_thdot_formula,,,,,,,,,,,,,,,0.004334853183750598,0,781,0.0,0.0,,,,,,,,,,,,,,,,,,,,,,,,,,,,,,,,,,,,,,,,,,,,,,,,,,,,,,,,,,,,,,,,,,,,,,,,,,nan,,,,,,,,,,,,,,,
1036,2525.1181640625,0.02522542141377926,2.522542141377926,7621.989427566528,10000,ppo,ppo,crawler,flat,action_dth_tot_plus_friction_thdot_formula,,,,,,,,,,,,,,,0.002238037199570193,0,781,0.0,0.0,,,,,,,,,,,,,,,,,,,,,,,,,,,,,,,,,,,,,,,,,,,,,,,,,,,,,,,,,,,,,,,,,,,,,,,,,,nan,,,,,,,,,,,,,,,
1037,2542.641845703125,0.025400014594197273,2.5400014594197273,7629.254715919495,10000,ppo,ppo,crawler,flat,action_dth_tot_plus_friction_thdot_formula,,,,,,,,,,,,,,,0.0030621331561179106,0,781,0.0,0.0,,,,,,,,,,,,,,,,,,,,,,,,,,,,,,,,,,,,,,,,,,,,,,,,,,,,,,,,,,,,,,,,,,,,,,,,,,nan,,,,,,,,,,,,,,,
1038,2561.33056640625,0.02558683231472969,2.558683231472969,7636.442179441452,10000,ppo,ppo,crawler,flat,action_dth_tot_plus_friction_thdot_formula,,,,,,,,,,,,,,,0.003025212203150689,0,781,0.0,0.0,,,,,,,,,,,,,,,,,,,,,,,,,,,,,,,,,,,,,,,,,,,,,,,,,,,,,,,,,,,,,,,,,,,,,,,,,,nan,,,,,,,,,,,,,,,
1039,2577.773193359375,0.025744125247001648,2.574412524700165,7643.810607910156,10000,ppo,ppo,crawler,flat,action_dth_tot_plus_friction_thdot_formula,,,,,,,,,,,,,,,0.0028251211546709053,0,781,0.0,0.0,,,,,,,,,,,,,,,,,,,,,,,,,,,,,,,,,,,,,,,,,,,,,,,,,,,,,,,,,,,,,,,,,,,,,,,,,,nan,,,,,,,,,,,,,,,
1040,2503.074951171875,0.025001518428325653,2.5001518428325653,7651.052788734436,10000,ppo,ppo,crawler,flat,action_dth_tot_plus_friction_thdot_formula,,,,,,,,,,,,,,,0.002772206872802707,0,781,0.0,0.0,,,,,,,,,,,,,,,,,,,,,,,,,,,,,,,,,,,,,,,,,,,,,,,,,,,,,,,,,,,,,,,,,,,,,,,,,,nan,,,,,,,,,,,,,,,
1041,2573.248046875,0.02570280060172081,2.570280060172081,7658.155316114426,10000,ppo,ppo,crawler,flat,action_dth_tot_plus_friction_thdot_formula,,,,,,,,,,,,,,,0.0038981736526155558,0,781,0.0,0.0,,,,,,,,,,,,,,,,,,,,,,,,,,,,,,,,,,,,,,,,,,,,,,,,,,,,,,,,,,,,,,,,,,,,,,,,,,nan,,,,,,,,,,,,,,,
1042,2724.737060546875,0.02722059190273285,2.722059190273285,7665.399034976959,10000,ppo,ppo,crawler,flat,action_dth_tot_plus_friction_thdot_formula,,,,,,,,,,,,,,,0.002597202177898226,0,781,0.0,0.0,,,,,,,,,,,,,,,,,,,,,,,,,,,,,,,,,,,,,,,,,,,,,,,,,,,,,,,,,,,,,,,,,,,,,,,,,,nan,,,,,,,,,,,,,,,
1043,2589.988037109375,0.025873534381389618,2.587353438138962,7672.788076400757,10000,ppo,ppo,crawler,flat,action_dth_tot_plus_friction_thdot_formula,,,,,,,,,,,,,,,0.0033239445481544764,0,781,0.0,0.0,,,,,,,,,,,,,,,,,,,,,,,,,,,,,,,,,,,,,,,,,,,,,,,,,,,,,,,,,,,,,,,,,,,,,,,,,,nan,,,,,,,,,,,,,,,
1044,2487.405517578125,0.024849098175764084,2.4849098175764084,7680.027235507965,10000,ppo,ppo,crawler,flat,action_dth_tot_plus_friction_thdot_formula,,,,,,,,,,,,,,,0.0034269204844837526,0,781,0.0,0.0,,,,,,,,,,,,,,,,,,,,,,,,,,,,,,,,,,,,,,,,,,,,,,,,,,,,,,,,,,,,,,,,,,,,,,,,,,nan,,,,,,,,,,,,,,,
1045,2376.952880859375,0.023744583129882812,2.3744583129882812,7687.252092599869,10000,ppo,ppo,crawler,flat,action_dth_tot_plus_friction_thdot_formula,,,,,,,,,,,,,,,0.002521600345747066,0,781,0.0,0.0,,,,,,,,,,,,,,,,,,,,,,,,,,,,,,,,,,,,,,,,,,,,,,,,,,,,,,,,,,,,,,,,,,,,,,,,,,nan,,,,,,,,,,,,,,,
1046,2751.5546875,0.02748536318540573,2.748536318540573,7694.607889413834,10000,ppo,ppo,crawler,flat,action_dth_tot_plus_friction_thdot_formula,,,,,,,,,,,,,,,0.003203924273697614,0,781,0.0,0.0,,,,,,,,,,,,,,,,,,,,,,,,,,,,,,,,,,,,,,,,,,,,,,,,,,,,,,,,,,,,,,,,,,,,,,,,,,nan,,,,,,,,,,,,,,,
1047,2696.136474609375,0.026933062821626663,2.6933062821626663,7701.85218334198,10000,ppo,ppo,crawler,flat,action_dth_tot_plus_friction_thdot_formula,,,,,,,,,,,,,,,0.002529424100428004,0,781,0.0,0.0,,,,,,,,,,,,,,,,,,,,,,,,,,,,,,,,,,,,,,,,,,,,,,,,,,,,,,,,,,,,,,,,,,,,,,,,,,nan,,,,,,,,,,,,,,,
1048,2489.446533203125,0.024864159524440765,2.4864159524440765,7709.170622825623,10000,ppo,ppo,crawler,flat,action_dth_tot_plus_friction_thdot_formula,,,,,,,,,,,,,,,0.003706658453668352,0,781,0.0,0.0,,,,,,,,,,,,,,,,,,,,,,,,,,,,,,,,,,,,,,,,,,,,,,,,,,,,,,,,,,,,,,,,,,,,,,,,,,nan,,,,,,,,,,,,,,,
1049,2672.380859375,0.026694731786847115,2.6694731786847115,7716.260533332825,10000,ppo,ppo,crawler,flat,action_dth_tot_plus_friction_thdot_formula,,,,,,,,,,,,,,,0.002358204482952622,0,781,0.0,0.0,,,,,,,,,,,,,,,,,,,,,,,,,,,,,,,,,,,,,,,,,,,,,,,,,,,,,,,,,,,,,,,,,,,,,,,,,,nan,,,,,,,,,,,,,,,
1050,2559.13671875,0.025565553456544876,2.5565553456544876,7723.574967384338,10000,ppo,ppo,crawler,flat,action_dth_tot_plus_friction_thdot_formula,,,,,,,,,,,,,,,0.0025434398403341753,0,781,0.0,0.0,,,,,,,,,,,,,,,,,,,,,,,,,,,,,,,,,,,,,,,,,,,,,,,,,,,,,,,,,,,,,,,,,,,,,,,,,,nan,,,,,,,,,,,,,,,
1051,2612.640380859375,0.02610122039914131,2.610122039914131,7730.741896152496,10000,ppo,ppo,crawler,flat,action_dth_tot_plus_friction_thdot_formula,,,,,,,,,,,,,,,0.002610272284641578,0,781,0.0,0.0,,,,,,,,,,,,,,,,,,,,,,,,,,,,,,,,,,,,,,,,,,,,,,,,,,,,,,,,,,,,,,,,,,,,,,,,,,nan,,,,,,,,,,,,,,,
1052,2663.431640625,0.0266061220318079,2.66061220318079,7738.003153085709,10000,ppo,ppo,crawler,flat,action_dth_tot_plus_friction_thdot_formula,,,,,,,,,,,,,,,0.002768945790388742,0,781,0.0,0.0,,,,,,,,,,,,,,,,,,,,,,,,,,,,,,,,,,,,,,,,,,,,,,,,,,,,,,,,,,,,,,,,,,,,,,,,,,nan,,,,,,,,,,,,,,,
1053,2608.090576171875,0.026059001684188843,2.6059001684188843,7745.143138885498,10000,ppo,ppo,crawler,flat,action_dth_tot_plus_friction_thdot_formula,,,,,,,,,,,,,,,0.0025696662177791445,0,781,0.0,0.0,,,,,,,,,,,,,,,,,,,,,,,,,,,,,,,,,,,,,,,,,,,,,,,,,,,,,,,,,,,,,,,,,,,,,,,,,,nan,,,,,,,,,,,,,,,
1054,2655.595947265625,0.026524562388658524,2.6524562388658524,7752.4290091991425,10000,ppo,ppo,crawler,flat,action_dth_tot_plus_friction_thdot_formula,,,,,,,,,,,,,,,0.0026861193489474714,0,781,0.0,0.0,,,,,,,,,,,,,,,,,,,,,,,,,,,,,,,,,,,,,,,,,,,,,,,,,,,,,,,,,,,,,,,,,,,,,,,,,,nan,,,,,,,,,,,,,,,
1055,2651.43408203125,0.0264865905046463,2.64865905046463,7759.515631437302,10000,ppo,ppo,crawler,flat,action_dth_tot_plus_friction_thdot_formula,,,,,,,,,,,,,,,0.0021364956128064583,0,781,0.0,0.0,,,,,,,,,,,,,,,,,,,,,,,,,,,,,,,,,,,,,,,,,,,,,,,,,,,,,,,,,,,,,,,,,,,,,,,,,,nan,,,,,,,,,,,,,,,
1056,2593.50146484375,0.0259096696972847,2.59096696972847,7766.70037484169,10000,ppo,ppo,crawler,flat,action_dth_tot_plus_friction_thdot_formula,,,,,,,,,,,,,,,0.003311527519180975,0,781,0.0,0.0,,,,,,,,,,,,,,,,,,,,,,,,,,,,,,,,,,,,,,,,,,,,,,,,,,,,,,,,,,,,,,,,,,,,,,,,,,nan,,,,,,,,,,,,,,,
1057,2524.503173828125,0.025215929374098778,2.5215929374098778,7773.931248426437,10000,ppo,ppo,crawler,flat,action_dth_tot_plus_friction_thdot_formula,,,,,,,,,,,,,,,0.00307071199958128,0,781,0.0,0.0,,,,,,,,,,,,,,,,,,,,,,,,,,,,,,,,,,,,,,,,,,,,,,,,,,,,,,,,,,,,,,,,,,,,,,,,,,nan,,,,,,,,,,,,,,,
1058,2614.158203125,0.026118261739611626,2.6118261739611626,7780.956348657608,10000,ppo,ppo,crawler,flat,action_dth_tot_plus_friction_thdot_formula,,,,,,,,,,,,,,,0.002378684867748206,0,781,0.0,0.0,,,,,,,,,,,,,,,,,,,,,,,,,,,,,,,,,,,,,,,,,,,,,,,,,,,,,,,,,,,,,,,,,,,,,,,,,,nan,,,,,,,,,,,,,,,
1059,2600.20654296875,0.025973070412874222,2.597307041287422,7788.165771007538,10000,ppo,ppo,crawler,flat,action_dth_tot_plus_friction_thdot_formula,,,,,,,,,,,,,,,0.004068374029092703,0,781,0.0,0.0,,,,,,,,,,,,,,,,,,,,,,,,,,,,,,,,,,,,,,,,,,,,,,,,,,,,,,,,,,,,,,,,,,,,,,,,,,nan,,,,,,,,,,,,,,,
1060,2638.602783203125,0.02635408192873001,2.635408192873001,7795.235831260681,10000,ppo,ppo,crawler,flat,action_dth_tot_plus_friction_thdot_formula,,,,,,,,,,,,,,,0.0030804704527818407,0,781,0.0,0.0,,,,,,,,,,,,,,,,,,,,,,,,,,,,,,,,,,,,,,,,,,,,,,,,,,,,,,,,,,,,,,,,,,,,,,,,,,nan,,,,,,,,,,,,,,,
1061,2632.955810546875,0.026302199810743332,2.630219981074333,7802.664658784866,10000,ppo,ppo,crawler,flat,action_dth_tot_plus_friction_thdot_formula,,,,,,,,,,,,,,,0.0031441118831718852,0,781,0.0,0.0,,,,,,,,,,,,,,,,,,,,,,,,,,,,,,,,,,,,,,,,,,,,,,,,,,,,,,,,,,,,,,,,,,,,,,,,,,nan,,,,,,,,,,,,,,,
1062,2608.525146484375,0.02605973370373249,2.605973370373249,7809.725885152817,10000,ppo,ppo,crawler,flat,action_dth_tot_plus_friction_thdot_formula,,,,,,,,,,,,,,,0.0037684749002346624,0,781,0.0,0.0,,,,,,,,,,,,,,,,,,,,,,,,,,,,,,,,,,,,,,,,,,,,,,,,,,,,,,,,,,,,,,,,,,,,,,,,,,nan,,,,,,,,,,,,,,,
1063,2620.038330078125,0.026173235848546028,2.617323584854603,7817.084607124329,10000,ppo,ppo,crawler,flat,action_dth_tot_plus_friction_thdot_formula,,,,,,,,,,,,,,,0.0031098010798867926,0,781,0.0,0.0,,,,,,,,,,,,,,,,,,,,,,,,,,,,,,,,,,,,,,,,,,,,,,,,,,,,,,,,,,,,,,,,,,,,,,,,,,nan,,,,,,,,,,,,,,,
1064,2689.966796875,0.026872167363762856,2.6872167363762856,7824.453644514084,10000,ppo,ppo,crawler,flat,action_dth_tot_plus_friction_thdot_formula,,,,,,,,,,,,,,,0.0032682714356430274,0,781,0.0,0.0,,,,,,,,,,,,,,,,,,,,,,,,,,,,,,,,,,,,,,,,,,,,,,,,,,,,,,,,,,,,,,,,,,,,,,,,,,nan,,,,,,,,,,,,,,,
1065,2516.359619140625,0.025136666372418404,2.5136666372418404,7831.819545984268,10000,ppo,ppo,crawler,flat,action_dth_tot_plus_friction_thdot_formula,,,,,,,,,,,,,,,0.002869654989788826,0,781,0.0,0.0,,,,,,,,,,,,,,,,,,,,,,,,,,,,,,,,,,,,,,,,,,,,,,,,,,,,,,,,,,,,,,,,,,,,,,,,,,nan,,,,,,,,,,,,,,,
1066,2588.01025390625,0.025855492800474167,2.5855492800474167,7838.90042257309,10000,ppo,ppo,crawler,flat,action_dth_tot_plus_friction_thdot_formula,,,,,,,,,,,,,,,0.003159788594817893,0,781,0.0,0.0,,,,,,,,,,,,,,,,,,,,,,,,,,,,,,,,,,,,,,,,,,,,,,,,,,,,,,,,,,,,,,,,,,,,,,,,,,nan,,,,,,,,,,,,,,,
1067,2673.362548828125,0.02670273929834366,2.670273929834366,7846.037583351135,10000,ppo,ppo,crawler,flat,action_dth_tot_plus_friction_thdot_formula,,,,,,,,,,,,,,,0.0036278106600151094,0,781,0.0,0.0,,,,,,,,,,,,,,,,,,,,,,,,,,,,,,,,,,,,,,,,,,,,,,,,,,,,,,,,,,,,,,,,,,,,,,,,,,nan,,,,,,,,,,,,,,,
1068,2667.207763671875,0.02664630301296711,2.664630301296711,7853.128974676132,10000,ppo,ppo,crawler,flat,action_dth_tot_plus_friction_thdot_formula,,,,,,,,,,,,,,,0.002541414185562177,0,781,0.0,0.0,,,,,,,,,,,,,,,,,,,,,,,,,,,,,,,,,,,,,,,,,,,,,,,,,,,,,,,,,,,,,,,,,,,,,,,,,,nan,,,,,,,,,,,,,,,
1069,2684.358154296875,0.026815306395292282,2.681530639529228,7860.4882917404175,10000,ppo,ppo,crawler,flat,action_dth_tot_plus_friction_thdot_formula,,,,,,,,,,,,,,,0.002923981091653017,0,781,0.0,0.0,,,,,,,,,,,,,,,,,,,,,,,,,,,,,,,,,,,,,,,,,,,,,,,,,,,,,,,,,,,,,,,,,,,,,,,,,,nan,,,,,,,,,,,,,,,
1070,2577.3583984375,0.02574830874800682,2.574830874800682,7867.5600435733795,10000,ppo,ppo,crawler,flat,action_dth_tot_plus_friction_thdot_formula,,,,,,,,,,,,,,,0.0027540717861989556,0,781,0.0,0.0,,,,,,,,,,,,,,,,,,,,,,,,,,,,,,,,,,,,,,,,,,,,,,,,,,,,,,,,,,,,,,,,,,,,,,,,,,nan,,,,,,,,,,,,,,,
1071,2593.214599609375,0.025910208001732826,2.5910208001732826,7874.834144353867,10000,ppo,ppo,crawler,flat,action_dth_tot_plus_friction_thdot_formula,,,,,,,,,,,,,,,0.002805960523276131,0,781,0.0,0.0,,,,,,,,,,,,,,,,,,,,,,,,,,,,,,,,,,,,,,,,,,,,,,,,,,,,,,,,,,,,,,,,,,,,,,,,,,nan,,,,,,,,,,,,,,,
1072,2601.052734375,0.025982368737459183,2.5982368737459183,7882.092041492462,10000,ppo,ppo,crawler,flat,action_dth_tot_plus_friction_thdot_formula,,,,,,,,,,,,,,,0.003104788513565567,0,781,0.0,0.0,,,,,,,,,,,,,,,,,,,,,,,,,,,,,,,,,,,,,,,,,,,,,,,,,,,,,,,,,,,,,,,,,,,,,,,,,,nan,,,,,,,,,,,,,,,
1073,2618.921875,0.02616152912378311,2.616152912378311,7889.392810583115,10000,ppo,ppo,crawler,flat,action_dth_tot_plus_friction_thdot_formula,,,,,,,,,,,,,,,0.0025590082040463816,0,781,0.0,0.0,,,,,,,,,,,,,,,,,,,,,,,,,,,,,,,,,,,,,,,,,,,,,,,,,,,,,,,,,,,,,,,,,,,,,,,,,,nan,,,,,,,,,,,,,,,
1074,2669.7109375,0.026669466868042946,2.6669466868042946,7896.585839509964,10000,ppo,ppo,crawler,flat,action_dth_tot_plus_friction_thdot_formula,,,,,,,,,,,,,,,0.0033217414779971362,0,781,0.0,0.0,,,,,,,,,,,,,,,,,,,,,,,,,,,,,,,,,,,,,,,,,,,,,,,,,,,,,,,,,,,,,,,,,,,,,,,,,,nan,,,,,,,,,,,,,,,
1075,2550.301513671875,0.025475410744547844,2.5475410744547844,7903.820452213287,10000,ppo,ppo,crawler,flat,action_dth_tot_plus_friction_thdot_formula,,,,,,,,,,,,,,,0.0028872946544076946,0,781,0.0,0.0,,,,,,,,,,,,,,,,,,,,,,,,,,,,,,,,,,,,,,,,,,,,,,,,,,,,,,,,,,,,,,,,,,,,,,,,,,nan,,,,,,,,,,,,,,,
1076,2734.66064453125,0.027317553758621216,2.7317553758621216,7911.138526439667,10000,ppo,ppo,crawler,flat,action_dth_tot_plus_friction_thdot_formula,,,,,,,,,,,,,,,0.003545335796013267,0,781,0.0,0.0,,,,,,,,,,,,,,,,,,,,,,,,,,,,,,,,,,,,,,,,,,,,,,,,,,,,,,,,,,,,,,,,,,,,,,,,,,nan,,,,,,,,,,,,,,,
1077,2681.322509765625,0.026783538982272148,2.678353898227215,7918.65639257431,10000,ppo,ppo,crawler,flat,action_dth_tot_plus_friction_thdot_formula,,,,,,,,,,,,,,,0.0027336314646333394,0,781,0.0,0.0,,,,,,,,,,,,,,,,,,,,,,,,,,,,,,,,,,,,,,,,,,,,,,,,,,,,,,,,,,,,,,,,,,,,,,,,,,nan,,,,,,,,,,,,,,,
1078,2705.641845703125,0.02702755108475685,2.702755108475685,7925.825214385986,10000,ppo,ppo,crawler,flat,action_dth_tot_plus_friction_thdot_formula,,,,,,,,,,,,,,,0.0025588094274183702,0,781,0.0,0.0,,,,,,,,,,,,,,,,,,,,,,,,,,,,,,,,,,,,,,,,,,,,,,,,,,,,,,,,,,,,,,,,,,,,,,,,,,nan,,,,,,,,,,,,,,,
1079,2570.607177734375,0.02567874640226364,2.567874640226364,7933.16610789299,10000,ppo,ppo,crawler,flat,action_dth_tot_plus_friction_thdot_formula,,,,,,,,,,,,,,,0.0029185346675626505,0,781,0.0,0.0,,,,,,,,,,,,,,,,,,,,,,,,,,,,,,,,,,,,,,,,,,,,,,,,,,,,,,,,,,,,,,,,,,,,,,,,,,nan,,,,,,,,,,,,,,,
1080,2811.00634765625,0.028087014332413673,2.8087014332413673,7940.427890777588,10000,ppo,ppo,crawler,flat,action_dth_tot_plus_friction_thdot_formula,,,,,,,,,,,,,,,0.0024133108513565106,0,781,0.0,0.0,,,,,,,,,,,,,,,,,,,,,,,,,,,,,,,,,,,,,,,,,,,,,,,,,,,,,,,,,,,,,,,,,,,,,,,,,,nan,,,,,,,,,,,,,,,
1081,2765.439208984375,0.027627531439065933,2.7627531439065933,7947.703125238419,10000,ppo,ppo,crawler,flat,action_dth_tot_plus_friction_thdot_formula,,,,,,,,,,,,,,,0.0037693336949830994,0,781,0.0,0.0,,,,,,,,,,,,,,,,,,,,,,,,,,,,,,,,,,,,,,,,,,,,,,,,,,,,,,,,,,,,,,,,,,,,,,,,,,nan,,,,,,,,,,,,,,,
1082,2804.921142578125,0.02801555022597313,2.801555022597313,7954.845995426178,10000,ppo,ppo,crawler,flat,action_dth_tot_plus_friction_thdot_formula,,,,,,,,,,,,,,,0.002822766784468556,0,781,0.0,0.0,,,,,,,,,,,,,,,,,,,,,,,,,,,,,,,,,,,,,,,,,,,,,,,,,,,,,,,,,,,,,,,,,,,,,,,,,,nan,,,,,,,,,,,,,,,
1083,2675.417236328125,0.02672416903078556,2.672416903078556,7961.979720115662,10000,ppo,ppo,crawler,flat,action_dth_tot_plus_friction_thdot_formula,,,,,,,,,,,,,,,0.0038280531641578233,0,781,0.0,0.0,,,,,,,,,,,,,,,,,,,,,,,,,,,,,,,,,,,,,,,,,,,,,,,,,,,,,,,,,,,,,,,,,,,,,,,,,,nan,,,,,,,,,,,,,,,
1084,2723.62548828125,0.027210943400859833,2.7210943400859833,7969.579318523407,10000,ppo,ppo,crawler,flat,action_dth_tot_plus_friction_thdot_formula,,,,,,,,,,,,,,,0.0029283654527254544,0,781,0.0,0.0,,,,,,,,,,,,,,,,,,,,,,,,,,,,,,,,,,,,,,,,,,,,,,,,,,,,,,,,,,,,,,,,,,,,,,,,,,nan,,,,,,,,,,,,,,,
1085,2788.528564453125,0.027851689606904984,2.7851689606904984,7977.0101528167725,10000,ppo,ppo,crawler,flat,action_dth_tot_plus_friction_thdot_formula,,,,,,,,,,,,,,,0.003441938271322115,0,781,0.0,0.0,,,,,,,,,,,,,,,,,,,,,,,,,,,,,,,,,,,,,,,,,,,,,,,,,,,,,,,,,,,,,,,,,,,,,,,,,,nan,,,,,,,,,,,,,,,
1086,2595.275634765625,0.025927135720849037,2.5927135720849037,7984.263110637665,10000,ppo,ppo,crawler,flat,action_dth_tot_plus_friction_thdot_formula,,,,,,,,,,,,,,,0.0023910702109231317,0,781,0.0,0.0,,,,,,,,,,,,,,,,,,,,,,,,,,,,,,,,,,,,,,,,,,,,,,,,,,,,,,,,,,,,,,,,,,,,,,,,,,nan,,,,,,,,,,,,,,,
1087,2588.422607421875,0.02585637755692005,2.585637755692005,7991.568082332611,10000,ppo,ppo,crawler,flat,action_dth_tot_plus_friction_thdot_formula,,,,,,,,,,,,,,,0.004459041456149941,0,781,0.0,0.0,,,,,,,,,,,,,,,,,,,,,,,,,,,,,,,,,,,,,,,,,,,,,,,,,,,,,,,,,,,,,,,,,,,,,,,,,,nan,,,,,,,,,,,,,,,
1088,2519.251708984375,0.025166358798742294,2.5166358798742294,7998.833882331848,10000,ppo,ppo,crawler,flat,action_dth_tot_plus_friction_thdot_formula,,,,,,,,,,,,,,,0.0042838196025859615,0,781,0.0,0.0,,,,,,,,,,,,,,,,,,,,,,,,,,,,,,,,,,,,,,,,,,,,,,,,,,,,,,,,,,,,,,,,,,,,,,,,,,nan,,,,,,,,,,,,,,,
1089,2592.489013671875,0.02589811012148857,2.589811012148857,8006.064976453781,10000,ppo,ppo,crawler,flat,action_dth_tot_plus_friction_thdot_formula,,,,,,,,,,,,,,,0.0026837116203189764,0,781,0.0,0.0,,,,,,,,,,,,,,,,,,,,,,,,,,,,,,,,,,,,,,,,,,,,,,,,,,,,,,,,,,,,,,,,,,,,,,,,,,nan,,,,,,,,,,,,,,,
1090,2620.501708984375,0.026175841689109802,2.6175841689109802,8013.339745283127,10000,ppo,ppo,crawler,flat,action_dth_tot_plus_friction_thdot_formula,,,,,,,,,,,,,,,0.0029169783006909944,0,781,0.0,0.0,,,,,,,,,,,,,,,,,,,,,,,,,,,,,,,,,,,,,,,,,,,,,,,,,,,,,,,,,,,,,,,,,,,,,,,,,,nan,,,,,,,,,,,,,,,
1091,2672.690185546875,0.026698492467403412,2.669849246740341,8020.54092001915,10000,ppo,ppo,crawler,flat,action_dth_tot_plus_friction_thdot_formula,,,,,,,,,,,,,,,0.0033141321667858187,0,781,0.0,0.0,,,,,,,,,,,,,,,,,,,,,,,,,,,,,,,,,,,,,,,,,,,,,,,,,,,,,,,,,,,,,,,,,,,,,,,,,,nan,,,,,,,,,,,,,,,
1092,2651.29736328125,0.02648354507982731,2.648354507982731,8027.760207414627,10000,ppo,ppo,crawler,flat,action_dth_tot_plus_friction_thdot_formula,,,,,,,,,,,,,,,0.002533142551885281,0,781,0.0,0.0,,,,,,,,,,,,,,,,,,,,,,,,,,,,,,,,,,,,,,,,,,,,,,,,,,,,,,,,,,,,,,,,,,,,,,,,,,nan,,,,,,,,,,,,,,,
1093,2705.923095703125,0.027030065655708313,2.7030065655708313,8034.797832489014,10000,ppo,ppo,crawler,flat,action_dth_tot_plus_friction_thdot_formula,,,,,,,,,,,,,,,0.0036563080028665373,0,781,0.0,0.0,,,,,,,,,,,,,,,,,,,,,,,,,,,,,,,,,,,,,,,,,,,,,,,,,,,,,,,,,,,,,,,,,,,,,,,,,,nan,,,,,,,,,,,,,,,
1094,2597.781005859375,0.025947807356715202,2.5947807356715202,8042.041761636734,10000,ppo,ppo,crawler,flat,action_dth_tot_plus_friction_thdot_formula,,,,,,,,,,,,,,,0.0031142359440797457,0,781,0.0,0.0,,,,,,,,,,,,,,,,,,,,,,,,,,,,,,,,,,,,,,,,,,,,,,,,,,,,,,,,,,,,,,,,,,,,,,,,,,nan,,,,,,,,,,,,,,,
1095,2558.118896484375,0.02556169405579567,2.556169405579567,8049.419293165207,10000,ppo,ppo,crawler,flat,action_dth_tot_plus_friction_thdot_formula,,,,,,,,,,,,,,,0.0032797569547488893,0,781,0.0,0.0,,,,,,,,,,,,,,,,,,,,,,,,,,,,,,,,,,,,,,,,,,,,,,,,,,,,,,,,,,,,,,,,,,,,,,,,,,nan,,,,,,,,,,,,,,,
1096,2532.936767578125,0.02530483715236187,2.530483715236187,8056.802525997162,10000,ppo,ppo,crawler,flat,action_dth_tot_plus_friction_thdot_formula,,,,,,,,,,,,,,,0.0031524141794297173,0,781,0.0,0.0,,,,,,,,,,,,,,,,,,,,,,,,,,,,,,,,,,,,,,,,,,,,,,,,,,,,,,,,,,,,,,,,,,,,,,,,,,nan,,,,,,,,,,,,,,,
1097,2595.351318359375,0.025928454473614693,2.5928454473614693,8063.8357899188995,10000,ppo,ppo,crawler,flat,action_dth_tot_plus_friction_thdot_formula,,,,,,,,,,,,,,,0.003405842762051398,0,781,0.0,0.0,,,,,,,,,,,,,,,,,,,,,,,,,,,,,,,,,,,,,,,,,,,,,,,,,,,,,,,,,,,,,,,,,,,,,,,,,,nan,,,,,,,,,,,,,,,
1098,2629.5107421875,0.026267962530255318,2.6267962530255318,8071.0310962200165,10000,ppo,ppo,crawler,flat,action_dth_tot_plus_friction_thdot_formula,,,,,,,,,,,,,,,0.0038879791650817956,0,781,0.0,0.0,,,,,,,,,,,,,,,,,,,,,,,,,,,,,,,,,,,,,,,,,,,,,,,,,,,,,,,,,,,,,,,,,,,,,,,,,,nan,,,,,,,,,,,,,,,
1099,2666.181640625,0.026631804183125496,2.6631804183125496,8079.183008670807,10000,ppo,ppo,crawler,flat,action_dth_tot_plus_friction_thdot_formula,,,,,,,,,,,,,,,0.0027919498847385513,0,781,0.0,0.0,,,,,,,,,,,,,,,,,,,,,,,,,,,,,,,,,,,,,,,,,,,,,,,,,,,,,,,,,,,,,,,,,,,,,,,,,,nan,,,,,,,,,,,,,,,
1100,2580.69140625,0.025779137387871742,2.5779137387871742,8087.8931477069855,10000,ppo,ppo,crawler,flat,action_dth_tot_plus_friction_thdot_formula,,,,,,,,,,,,,,,0.00297032900452113,0,781,0.0,0.0,,,,,,,,,,,,,,,,,,,,,,,,,,,,,,,,,,,,,,,,,,,,,,,,,,,,,,,,,,,,,,,,,,,,,,,,,,nan,,,,,,,,,,,,,,,
1101,2557.260986328125,0.025542177259922028,2.5542177259922028,8096.613375902176,10000,ppo,ppo,crawler,flat,action_dth_tot_plus_friction_thdot_formula,,,,,,,,,,,,,,,0.0034938307810159193,0,781,0.0,0.0,,,,,,,,,,,,,,,,,,,,,,,,,,,,,,,,,,,,,,,,,,,,,,,,,,,,,,,,,,,,,,,,,,,,,,,,,,nan,,,,,,,,,,,,,,,
1102,2543.916015625,0.025417635217308998,2.5417635217309,8105.636674642563,10000,ppo,ppo,crawler,flat,action_dth_tot_plus_friction_thdot_formula,,,,,,,,,,,,,,,0.0020286882591043884,0,781,0.0,0.0,,,,,,,,,,,,,,,,,,,,,,,,,,,,,,,,,,,,,,,,,,,,,,,,,,,,,,,,,,,,,,,,,,,,,,,,,,nan,,,,,,,,,,,,,,,
1103,2546.000732421875,0.025431156158447266,2.5431156158447266,8114.542015314102,10000,ppo,ppo,crawler,flat,action_dth_tot_plus_friction_thdot_formula,,,,,,,,,,,,,,,0.003233666861684404,0,781,0.0,0.0,,,,,,,,,,,,,,,,,,,,,,,,,,,,,,,,,,,,,,,,,,,,,,,,,,,,,,,,,,,,,,,,,,,,,,,,,,nan,,,,,,,,,,,,,,,
1104,2596.950439453125,0.02594032883644104,2.594032883644104,8123.389890193939,10000,ppo,ppo,crawler,flat,action_dth_tot_plus_friction_thdot_formula,,,,,,,,,,,,,,,0.0021996526756364416,0,781,0.0,0.0,,,,,,,,,,,,,,,,,,,,,,,,,,,,,,,,,,,,,,,,,,,,,,,,,,,,,,,,,,,,,,,,,,,,,,,,,,nan,,,,,,,,,,,,,,,
1105,2701.721435546875,0.026988061144948006,2.6988061144948006,8132.219441413879,10000,ppo,ppo,crawler,flat,action_dth_tot_plus_friction_thdot_formula,,,,,,,,,,,,,,,0.0025540013844832996,0,781,0.0,0.0,,,,,,,,,,,,,,,,,,,,,,,,,,,,,,,,,,,,,,,,,,,,,,,,,,,,,,,,,,,,,,,,,,,,,,,,,,nan,,,,,,,,,,,,,,,
1106,2544.042724609375,0.025411052629351616,2.5411052629351616,8140.834796190262,10000,ppo,ppo,crawler,flat,action_dth_tot_plus_friction_thdot_formula,,,,,,,,,,,,,,,0.002892415227652283,0,781,0.0,0.0,,,,,,,,,,,,,,,,,,,,,,,,,,,,,,,,,,,,,,,,,,,,,,,,,,,,,,,,,,,,,,,,,,,,,,,,,,nan,,,,,,,,,,,,,,,
1107,2495.741943359375,0.024933086708188057,2.4933086708188057,8149.426184415817,10000,ppo,ppo,crawler,flat,action_dth_tot_plus_friction_thdot_formula,,,,,,,,,,,,,,,0.002964429475564424,0,781,0.0,0.0,,,,,,,,,,,,,,,,,,,,,,,,,,,,,,,,,,,,,,,,,,,,,,,,,,,,,,,,,,,,,,,,,,,,,,,,,,nan,,,,,,,,,,,,,,,
1108,2592.734130859375,0.02589874528348446,2.589874528348446,8158.04079413414,10000,ppo,ppo,crawler,flat,action_dth_tot_plus_friction_thdot_formula,,,,,,,,,,,,,,,0.003000720650967981,0,781,0.0,0.0,,,,,,,,,,,,,,,,,,,,,,,,,,,,,,,,,,,,,,,,,,,,,,,,,,,,,,,,,,,,,,,,,,,,,,,,,,nan,,,,,,,,,,,,,,,
1109,2552.633544921875,0.025498641654849052,2.5498641654849052,8165.409883022308,10000,ppo,ppo,crawler,flat,action_dth_tot_plus_friction_thdot_formula,,,,,,,,,,,,,,,0.00371297215230503,0,781,0.0,0.0,,,,,,,,,,,,,,,,,,,,,,,,,,,,,,,,,,,,,,,,,,,,,,,,,,,,,,,,,,,,,,,,,,,,,,,,,,nan,,,,,,,,,,,,,,,
1110,2616.049560546875,0.02613821253180504,2.613821253180504,8172.850868701935,10000,ppo,ppo,crawler,flat,action_dth_tot_plus_friction_thdot_formula,,,,,,,,,,,,,,,0.003841934109207424,0,781,0.0,0.0,,,,,,,,,,,,,,,,,,,,,,,,,,,,,,,,,,,,,,,,,,,,,,,,,,,,,,,,,,,,,,,,,,,,,,,,,,nan,,,,,,,,,,,,,,,
1111,2732.877685546875,0.02730117179453373,2.730117179453373,8180.117016792297,10000,ppo,ppo,crawler,flat,action_dth_tot_plus_friction_thdot_formula,,,,,,,,,,,,,,,0.0029682883756606696,0,781,0.0,0.0,,,,,,,,,,,,,,,,,,,,,,,,,,,,,,,,,,,,,,,,,,,,,,,,,,,,,,,,,,,,,,,,,,,,,,,,,,nan,,,,,,,,,,,,,,,
1112,2619.661376953125,0.02616921253502369,2.616921253502369,8187.39172577858,10000,ppo,ppo,crawler,flat,action_dth_tot_plus_friction_thdot_formula,,,,,,,,,,,,,,,0.0032839232309072705,0,781,0.0,0.0,,,,,,,,,,,,,,,,,,,,,,,,,,,,,,,,,,,,,,,,,,,,,,,,,,,,,,,,,,,,,,,,,,,,,,,,,,nan,,,,,,,,,,,,,,,
1113,2613.42041015625,0.026105565950274467,2.6105565950274467,8194.721821069717,10000,ppo,ppo,crawler,flat,action_dth_tot_plus_friction_thdot_formula,,,,,,,,,,,,,,,0.0030060403425590508,0,781,0.0,0.0,,,,,,,,,,,,,,,,,,,,,,,,,,,,,,,,,,,,,,,,,,,,,,,,,,,,,,,,,,,,,,,,,,,,,,,,,,nan,,,,,,,,,,,,,,,
1114,2604.48681640625,0.026018699631094933,2.6018699631094933,8202.050909042358,10000,ppo,ppo,crawler,flat,action_dth_tot_plus_friction_thdot_formula,,,,,,,,,,,,,,,0.002959098114529815,0,781,0.0,0.0,,,,,,,,,,,,,,,,,,,,,,,,,,,,,,,,,,,,,,,,,,,,,,,,,,,,,,,,,,,,,,,,,,,,,,,,,,nan,,,,,,,,,,,,,,,
1115,2498.6875,0.02495800331234932,2.495800331234932,8209.337965965271,10000,ppo,ppo,crawler,flat,action_dth_tot_plus_friction_thdot_formula,,,,,,,,,,,,,,,0.0036740934991032702,0,781,0.0,0.0,,,,,,,,,,,,,,,,,,,,,,,,,,,,,,,,,,,,,,,,,,,,,,,,,,,,,,,,,,,,,,,,,,,,,,,,,,nan,,,,,,,,,,,,,,,
1116,2527.719482421875,0.025249887257814407,2.5249887257814407,8216.588655471802,10000,ppo,ppo,crawler,flat,action_dth_tot_plus_friction_thdot_formula,,,,,,,,,,,,,,,0.0038478733150696287,0,781,0.0,0.0,,,,,,,,,,,,,,,,,,,,,,,,,,,,,,,,,,,,,,,,,,,,,,,,,,,,,,,,,,,,,,,,,,,,,,,,,,nan,,,,,,,,,,,,,,,
1117,2500.2099609375,0.02497437410056591,2.497437410056591,8224.021718740463,10000,ppo,ppo,crawler,flat,action_dth_tot_plus_friction_thdot_formula,,,,,,,,,,,,,,,0.0021688178090423955,0,781,0.0,0.0,,,,,,,,,,,,,,,,,,,,,,,,,,,,,,,,,,,,,,,,,,,,,,,,,,,,,,,,,,,,,,,,,,,,,,,,,,nan,,,,,,,,,,,,,,,
1118,2354.662109375,0.023523179814219475,2.3523179814219475,8231.229303598404,10000,ppo,ppo,crawler,flat,action_dth_tot_plus_friction_thdot_formula,,,,,,,,,,,,,,,0.0030390289098977752,0,781,0.0,0.0,,,,,,,,,,,,,,,,,,,,,,,,,,,,,,,,,,,,,,,,,,,,,,,,,,,,,,,,,,,,,,,,,,,,,,,,,,nan,,,,,,,,,,,,,,,
1119,2459.380615234375,0.02456628903746605,2.456628903746605,8238.433019399643,10000,ppo,ppo,crawler,flat,action_dth_tot_plus_friction_thdot_formula,,,,,,,,,,,,,,,0.0023001582174986437,0,781,0.0,0.0,,,,,,,,,,,,,,,,,,,,,,,,,,,,,,,,,,,,,,,,,,,,,,,,,,,,,,,,,,,,,,,,,,,,,,,,,,nan,,,,,,,,,,,,,,,
1120,2423.815185546875,0.024218721315264702,2.42187213152647,8245.593395471573,10000,ppo,ppo,crawler,flat,action_dth_tot_plus_friction_thdot_formula,,,,,,,,,,,,,,,0.002961727823886517,0,781,0.0,0.0,,,,,,,,,,,,,,,,,,,,,,,,,,,,,,,,,,,,,,,,,,,,,,,,,,,,,,,,,,,,,,,,,,,,,,,,,,nan,,,,,,,,,,,,,,,
1121,2489.2421875,0.024863526225090027,2.4863526225090027,8252.944298267365,10000,ppo,ppo,crawler,flat,action_dth_tot_plus_friction_thdot_formula,,,,,,,,,,,,,,,0.002979001386987556,0,781,0.0,0.0,,,,,,,,,,,,,,,,,,,,,,,,,,,,,,,,,,,,,,,,,,,,,,,,,,,,,,,,,,,,,,,,,,,,,,,,,,nan,,,,,,,,,,,,,,,
1122,2425.002685546875,0.024224214255809784,2.4224214255809784,8260.082721948624,10000,ppo,ppo,crawler,flat,action_dth_tot_plus_friction_thdot_formula,,,,,,,,,,,,,,,0.0026561043722118,0,781,0.0,0.0,,,,,,,,,,,,,,,,,,,,,,,,,,,,,,,,,,,,,,,,,,,,,,,,,,,,,,,,,,,,,,,,,,,,,,,,,,nan,,,,,,,,,,,,,,,
1123,2489.157470703125,0.024865930899977684,2.4865930899977684,8267.345809698105,10000,ppo,ppo,crawler,flat,action_dth_tot_plus_friction_thdot_formula,,,,,,,,,,,,,,,0.0028033930402566296,0,781,0.0,0.0,,,,,,,,,,,,,,,,,,,,,,,,,,,,,,,,,,,,,,,,,,,,,,,,,,,,,,,,,,,,,,,,,,,,,,,,,,nan,,,,,,,,,,,,,,,
1124,2417.76806640625,0.024151407182216644,2.4151407182216644,8274.436078071594,10000,ppo,ppo,crawler,flat,action_dth_tot_plus_friction_thdot_formula,,,,,,,,,,,,,,,0.003470678963038412,0,781,0.0,0.0,,,,,,,,,,,,,,,,,,,,,,,,,,,,,,,,,,,,,,,,,,,,,,,,,,,,,,,,,,,,,,,,,,,,,,,,,,nan,,,,,,,,,,,,,,,
1125,2484.406494140625,0.024820666760206223,2.4820666760206223,8281.802571296692,10000,ppo,ppo,crawler,flat,action_dth_tot_plus_friction_thdot_formula,,,,,,,,,,,,,,,0.0030197827544190922,0,781,0.0,0.0,,,,,,,,,,,,,,,,,,,,,,,,,,,,,,,,,,,,,,,,,,,,,,,,,,,,,,,,,,,,,,,,,,,,,,,,,,nan,,,,,,,,,,,,,,,
1126,2570.169921875,0.02567247860133648,2.567247860133648,8288.845143079758,10000,ppo,ppo,crawler,flat,action_dth_tot_plus_friction_thdot_formula,,,,,,,,,,,,,,,0.0031439076475074657,0,781,0.0,0.0,,,,,,,,,,,,,,,,,,,,,,,,,,,,,,,,,,,,,,,,,,,,,,,,,,,,,,,,,,,,,,,,,,,,,,,,,,nan,,,,,,,,,,,,,,,
1127,2556.4921875,0.025535261258482933,2.5535261258482933,8296.01238822937,10000,ppo,ppo,crawler,flat,action_dth_tot_plus_friction_thdot_formula,,,,,,,,,,,,,,,0.003541566333888521,0,781,0.0,0.0,,,,,,,,,,,,,,,,,,,,,,,,,,,,,,,,,,,,,,,,,,,,,,,,,,,,,,,,,,,,,,,,,,,,,,,,,,nan,,,,,,,,,,,,,,,
1128,2563.581298828125,0.025612011551856995,2.5612011551856995,8303.212247610092,10000,ppo,ppo,crawler,flat,action_dth_tot_plus_friction_thdot_formula,,,,,,,,,,,,,,,0.00237431671702489,0,781,0.0,0.0,,,,,,,,,,,,,,,,,,,,,,,,,,,,,,,,,,,,,,,,,,,,,,,,,,,,,,,,,,,,,,,,,,,,,,,,,,nan,,,,,,,,,,,,,,,
1129,2468.71142578125,0.024658823385834694,2.4658823385834694,8310.463053226471,10000,ppo,ppo,crawler,flat,action_dth_tot_plus_friction_thdot_formula,,,,,,,,,,,,,,,0.0030188160968131162,0,781,0.0,0.0,,,,,,,,,,,,,,,,,,,,,,,,,,,,,,,,,,,,,,,,,,,,,,,,,,,,,,,,,,,,,,,,,,,,,,,,,,nan,,,,,,,,,,,,,,,
1130,2453.998779296875,0.024513565003871918,2.4513565003871918,8317.537576436996,10000,ppo,ppo,crawler,flat,action_dth_tot_plus_friction_thdot_formula,,,,,,,,,,,,,,,0.0037421381761941212,0,781,0.0,0.0,,,,,,,,,,,,,,,,,,,,,,,,,,,,,,,,,,,,,,,,,,,,,,,,,,,,,,,,,,,,,,,,,,,,,,,,,,nan,,,,,,,,,,,,,,,
1131,2649.34521484375,0.026464836671948433,2.6464836671948433,8324.82317352295,10000,ppo,ppo,crawler,flat,action_dth_tot_plus_friction_thdot_formula,,,,,,,,,,,,,,,0.002181506386815562,0,781,0.0,0.0,,,,,,,,,,,,,,,,,,,,,,,,,,,,,,,,,,,,,,,,,,,,,,,,,,,,,,,,,,,,,,,,,,,,,,,,,,nan,,,,,,,,,,,,,,,
1132,2533.557861328125,0.02531408704817295,2.531408704817295,8332.132862091064,10000,ppo,ppo,crawler,flat,action_dth_tot_plus_friction_thdot_formula,,,,,,,,,,,,,,,0.0030632951017305204,0,781,0.0,0.0,,,,,,,,,,,,,,,,,,,,,,,,,,,,,,,,,,,,,,,,,,,,,,,,,,,,,,,,,,,,,,,,,,,,,,,,,,nan,,,,,,,,,,,,,,,
1133,2535.218505859375,0.025324884802103043,2.5324884802103043,8339.412677526474,10000,ppo,ppo,crawler,flat,action_dth_tot_plus_friction_thdot_formula,,,,,,,,,,,,,,,0.0029110025484669387,0,781,0.0,0.0,,,,,,,,,,,,,,,,,,,,,,,,,,,,,,,,,,,,,,,,,,,,,,,,,,,,,,,,,,,,,,,,,,,,,,,,,,nan,,,,,,,,,,,,,,,
1134,2547.686767578125,0.02545122615993023,2.545122615993023,8346.60238647461,10000,ppo,ppo,crawler,flat,action_dth_tot_plus_friction_thdot_formula,,,,,,,,,,,,,,,0.001981723960235634,0,781,0.0,0.0,,,,,,,,,,,,,,,,,,,,,,,,,,,,,,,,,,,,,,,,,,,,,,,,,,,,,,,,,,,,,,,,,,,,,,,,,,nan,,,,,,,,,,,,,,,
1135,2578.366943359375,0.025756768882274628,2.5756768882274628,8353.959366559982,10000,ppo,ppo,crawler,flat,action_dth_tot_plus_friction_thdot_formula,,,,,,,,,,,,,,,0.002440747248128691,0,781,0.0,0.0,,,,,,,,,,,,,,,,,,,,,,,,,,,,,,,,,,,,,,,,,,,,,,,,,,,,,,,,,,,,,,,,,,,,,,,,,,nan,,,,,,,,,,,,,,,
1136,2495.02197265625,0.024922767654061317,2.4922767654061317,8361.137592077255,10000,ppo,ppo,crawler,flat,action_dth_tot_plus_friction_thdot_formula,,,,,,,,,,,,,,,0.0028027456435842962,0,781,0.0,0.0,,,,,,,,,,,,,,,,,,,,,,,,,,,,,,,,,,,,,,,,,,,,,,,,,,,,,,,,,,,,,,,,,,,,,,,,,,nan,,,,,,,,,,,,,,,
1137,2535.686279296875,0.025327865034341812,2.532786503434181,8368.492656707764,10000,ppo,ppo,crawler,flat,action_dth_tot_plus_friction_thdot_formula,,,,,,,,,,,,,,,0.002470976290245041,0,781,0.0,0.0,,,,,,,,,,,,,,,,,,,,,,,,,,,,,,,,,,,,,,,,,,,,,,,,,,,,,,,,,,,,,,,,,,,,,,,,,,nan,,,,,,,,,,,,,,,
1138,2481.72314453125,0.024790499359369278,2.479049935936928,8375.730660200119,10000,ppo,ppo,crawler,flat,action_dth_tot_plus_friction_thdot_formula,,,,,,,,,,,,,,,0.002712905947403701,0,781,0.0,0.0,,,,,,,,,,,,,,,,,,,,,,,,,,,,,,,,,,,,,,,,,,,,,,,,,,,,,,,,,,,,,,,,,,,,,,,,,,nan,,,,,,,,,,,,,,,
1139,2494.6328125,0.024919897317886353,2.4919897317886353,8382.798581123352,10000,ppo,ppo,crawler,flat,action_dth_tot_plus_friction_thdot_formula,,,,,,,,,,,,,,,0.0024539880717182757,0,781,0.0,0.0,,,,,,,,,,,,,,,,,,,,,,,,,,,,,,,,,,,,,,,,,,,,,,,,,,,,,,,,,,,,,,,,,,,,,,,,,,nan,,,,,,,,,,,,,,,
1140,2682.179443359375,0.02679331600666046,2.679331600666046,8390.121835947037,10000,ppo,ppo,crawler,flat,action_dth_tot_plus_friction_thdot_formula,,,,,,,,,,,,,,,0.0023587772239771136,0,781,0.0,0.0,,,,,,,,,,,,,,,,,,,,,,,,,,,,,,,,,,,,,,,,,,,,,,,,,,,,,,,,,,,,,,,,,,,,,,,,,,nan,,,,,,,,,,,,,,,
1141,2614.81689453125,0.026120025664567947,2.6120025664567947,8397.200458288193,10000,ppo,ppo,crawler,flat,action_dth_tot_plus_friction_thdot_formula,,,,,,,,,,,,,,,0.0029201183101641094,0,781,0.0,0.0,,,,,,,,,,,,,,,,,,,,,,,,,,,,,,,,,,,,,,,,,,,,,,,,,,,,,,,,,,,,,,,,,,,,,,,,,,nan,,,,,,,,,,,,,,,
1142,2692.776611328125,0.026895098388195038,2.689509838819504,8404.587036848068,10000,ppo,ppo,crawler,flat,action_dth_tot_plus_friction_thdot_formula,,,,,,,,,,,,,,,0.0026337593212090527,0,781,0.0,0.0,,,,,,,,,,,,,,,,,,,,,,,,,,,,,,,,,,,,,,,,,,,,,,,,,,,,,,,,,,,,,,,,,,,,,,,,,,nan,,,,,,,,,,,,,,,
1143,2679.18212890625,0.026770954951643944,2.6770954951643944,8411.78483247757,10000,ppo,ppo,crawler,flat,action_dth_tot_plus_friction_thdot_formula,,,,,,,,,,,,,,,0.002583529009491506,0,781,0.0,0.0,,,,,,,,,,,,,,,,,,,,,,,,,,,,,,,,,,,,,,,,,,,,,,,,,,,,,,,,,,,,,,,,,,,,,,,,,,nan,,,,,,,,,,,,,,,
1144,2627.53857421875,0.0262485109269619,2.62485109269619,8419.08160686493,10000,ppo,ppo,crawler,flat,action_dth_tot_plus_friction_thdot_formula,,,,,,,,,,,,,,,0.002175344940116653,0,781,0.0,0.0,,,,,,,,,,,,,,,,,,,,,,,,,,,,,,,,,,,,,,,,,,,,,,,,,,,,,,,,,,,,,,,,,,,,,,,,,,nan,,,,,,,,,,,,,,,
1145,2489.0546875,0.024861421436071396,2.4861421436071396,8426.190690517426,10000,ppo,ppo,crawler,flat,action_dth_tot_plus_friction_thdot_formula,,,,,,,,,,,,,,,0.0028834755119325644,0,781,0.0,0.0,,,,,,,,,,,,,,,,,,,,,,,,,,,,,,,,,,,,,,,,,,,,,,,,,,,,,,,,,,,,,,,,,,,,,,,,,,nan,,,,,,,,,,,,,,,
1146,2534.87109375,0.02532755583524704,2.532755583524704,8433.479002952576,10000,ppo,ppo,crawler,flat,action_dth_tot_plus_friction_thdot_formula,,,,,,,,,,,,,,,0.002431025637880745,0,781,0.0,0.0,,,,,,,,,,,,,,,,,,,,,,,,,,,,,,,,,,,,,,,,,,,,,,,,,,,,,,,,,,,,,,,,,,,,,,,,,,nan,,,,,,,,,,,,,,,
1147,2629.89306640625,0.026272309944033623,2.6272309944033623,8440.738725662231,10000,ppo,ppo,crawler,flat,action_dth_tot_plus_friction_thdot_formula,,,,,,,,,,,,,,,0.0027482975276932955,0,781,0.0,0.0,,,,,,,,,,,,,,,,,,,,,,,,,,,,,,,,,,,,,,,,,,,,,,,,,,,,,,,,,,,,,,,,,,,,,,,,,,nan,,,,,,,,,,,,,,,
1148,2512.815185546875,0.025102168321609497,2.5102168321609497,8447.98923611641,10000,ppo,ppo,crawler,flat,action_dth_tot_plus_friction_thdot_formula,,,,,,,,,,,,,,,0.0022271203548154374,0,781,0.0,0.0,,,,,,,,,,,,,,,,,,,,,,,,,,,,,,,,,,,,,,,,,,,,,,,,,,,,,,,,,,,,,,,,,,,,,,,,,,nan,,,,,,,,,,,,,,,
1149,2385.897216796875,0.02383522503077984,2.383522503077984,8455.305603027344,10000,ppo,ppo,crawler,flat,action_dth_tot_plus_friction_thdot_formula,,,,,,,,,,,,,,,0.0033097928158492304,0,781,0.0,0.0,,,,,,,,,,,,,,,,,,,,,,,,,,,,,,,,,,,,,,,,,,,,,,,,,,,,,,,,,,,,,,,,,,,,,,,,,,nan,,,,,,,,,,,,,,,
1150,2422.082275390625,0.02419041469693184,2.419041469693184,8462.725786447525,10000,ppo,ppo,crawler,flat,action_dth_tot_plus_friction_thdot_formula,,,,,,,,,,,,,,,0.0025047822223028832,0,781,0.0,0.0,,,,,,,,,,,,,,,,,,,,,,,,,,,,,,,,,,,,,,,,,,,,,,,,,,,,,,,,,,,,,,,,,,,,,,,,,,nan,,,,,,,,,,,,,,,
1151,2430.807373046875,0.02428015135228634,2.428015135228634,8470.122319936752,10000,ppo,ppo,crawler,flat,action_dth_tot_plus_friction_thdot_formula,,,,,,,,,,,,,,,0.0035115123203080315,0,781,0.0,0.0,,,,,,,,,,,,,,,,,,,,,,,,,,,,,,,,,,,,,,,,,,,,,,,,,,,,,,,,,,,,,,,,,,,,,,,,,,nan,,,,,,,,,,,,,,,
1152,2486.920654296875,0.02484421245753765,2.484421245753765,8477.275359869003,10000,ppo,ppo,crawler,flat,action_dth_tot_plus_friction_thdot_formula,,,,,,,,,,,,,,,0.0024533270616081356,0,781,0.0,0.0,,,,,,,,,,,,,,,,,,,,,,,,,,,,,,,,,,,,,,,,,,,,,,,,,,,,,,,,,,,,,,,,,,,,,,,,,,nan,,,,,,,,,,,,,,,
1153,2527.47900390625,0.025249067693948746,2.5249067693948746,8484.447170257568,10000,ppo,ppo,crawler,flat,action_dth_tot_plus_friction_thdot_formula,,,,,,,,,,,,,,,0.002190870480840279,0,781,0.0,0.0,,,,,,,,,,,,,,,,,,,,,,,,,,,,,,,,,,,,,,,,,,,,,,,,,,,,,,,,,,,,,,,,,,,,,,,,,,nan,,,,,,,,,,,,,,,
1154,2396.915771484375,0.023949023336172104,2.3949023336172104,8491.975419282913,10000,ppo,ppo,crawler,flat,action_dth_tot_plus_friction_thdot_formula,,,,,,,,,,,,,,,0.002732045132927382,0,781,0.0,0.0,,,,,,,,,,,,,,,,,,,,,,,,,,,,,,,,,,,,,,,,,,,,,,,,,,,,,,,,,,,,,,,,,,,,,,,,,,nan,,,,,,,,,,,,,,,
1155,2720.20947265625,0.027172686532139778,2.717268653213978,8499.212729215622,10000,ppo,ppo,crawler,flat,action_dth_tot_plus_friction_thdot_formula,,,,,,,,,,,,,,,0.0021242796510553986,0,781,0.0,0.0,,,,,,,,,,,,,,,,,,,,,,,,,,,,,,,,,,,,,,,,,,,,,,,,,,,,,,,,,,,,,,,,,,,,,,,,,,nan,,,,,,,,,,,,,,,
1156,2404.001953125,0.024020716547966003,2.4020716547966003,8506.378007173538,10000,ppo,ppo,crawler,flat,action_dth_tot_plus_friction_thdot_formula,,,,,,,,,,,,,,,0.0022810967000742133,0,781,0.0,0.0,,,,,,,,,,,,,,,,,,,,,,,,,,,,,,,,,,,,,,,,,,,,,,,,,,,,,,,,,,,,,,,,,,,,,,,,,,nan,,,,,,,,,,,,,,,
1157,2452.07861328125,0.02449616976082325,2.449616976082325,8513.588097333908,10000,ppo,ppo,crawler,flat,action_dth_tot_plus_friction_thdot_formula,,,,,,,,,,,,,,,0.002887275221657125,0,781,0.0,0.0,,,,,,,,,,,,,,,,,,,,,,,,,,,,,,,,,,,,,,,,,,,,,,,,,,,,,,,,,,,,,,,,,,,,,,,,,,nan,,,,,,,,,,,,,,,
1158,2529.143310546875,0.02526147849857807,2.526147849857807,8520.914963960648,10000,ppo,ppo,crawler,flat,action_dth_tot_plus_friction_thdot_formula,,,,,,,,,,,,,,,0.0024925094643707905,0,781,0.0,0.0,,,,,,,,,,,,,,,,,,,,,,,,,,,,,,,,,,,,,,,,,,,,,,,,,,,,,,,,,,,,,,,,,,,,,,,,,,nan,,,,,,,,,,,,,,,
1159,2484.659912109375,0.024820324033498764,2.4820324033498764,8528.045962572098,10000,ppo,ppo,crawler,flat,action_dth_tot_plus_friction_thdot_formula,,,,,,,,,,,,,,,0.002460397151507504,0,781,0.0,0.0,,,,,,,,,,,,,,,,,,,,,,,,,,,,,,,,,,,,,,,,,,,,,,,,,,,,,,,,,,,,,,,,,,,,,,,,,,nan,,,,,,,,,,,,,,,
1160,2440.978271484375,0.024385256692767143,2.4385256692767143,8535.245250940323,10000,ppo,ppo,crawler,flat,action_dth_tot_plus_friction_thdot_formula,,,,,,,,,,,,,,,0.002021716857685561,0,781,0.0,0.0,,,,,,,,,,,,,,,,,,,,,,,,,,,,,,,,,,,,,,,,,,,,,,,,,,,,,,,,,,,,,,,,,,,,,,,,,,nan,,,,,,,,,,,,,,,
1161,2583.106201171875,0.0258096344769001,2.58096344769001,8542.330835819244,10000,ppo,ppo,crawler,flat,action_dth_tot_plus_friction_thdot_formula,,,,,,,,,,,,,,,0.0021246676562054656,0,781,0.0,0.0,,,,,,,,,,,,,,,,,,,,,,,,,,,,,,,,,,,,,,,,,,,,,,,,,,,,,,,,,,,,,,,,,,,,,,,,,,nan,,,,,,,,,,,,,,,
1162,2552.51953125,0.025497395545244217,2.5497395545244217,8549.774842500687,10000,ppo,ppo,crawler,flat,action_dth_tot_plus_friction_thdot_formula,,,,,,,,,,,,,,,0.002995945379467712,0,781,0.0,0.0,,,,,,,,,,,,,,,,,,,,,,,,,,,,,,,,,,,,,,,,,,,,,,,,,,,,,,,,,,,,,,,,,,,,,,,,,,nan,,,,,,,,,,,,,,,
1163,2287.172607421875,0.02284243516623974,2.284243516623974,8556.8383705616,10000,ppo,ppo,crawler,flat,action_dth_tot_plus_friction_thdot_formula,,,,,,,,,,,,,,,0.003879285861619375,0,781,0.0,0.0,,,,,,,,,,,,,,,,,,,,,,,,,,,,,,,,,,,,,,,,,,,,,,,,,,,,,,,,,,,,,,,,,,,,,,,,,,nan,,,,,,,,,,,,,,,
1164,2412.520263671875,0.024097461253404617,2.4097461253404617,8564.041786670685,10000,ppo,ppo,crawler,flat,action_dth_tot_plus_friction_thdot_formula,,,,,,,,,,,,,,,0.0027850256442323697,0,781,0.0,0.0,,,,,,,,,,,,,,,,,,,,,,,,,,,,,,,,,,,,,,,,,,,,,,,,,,,,,,,,,,,,,,,,,,,,,,,,,,nan,,,,,,,,,,,,,,,
1165,2710.997314453125,0.027087310329079628,2.708731032907963,8571.175165653229,10000,ppo,ppo,crawler,flat,action_dth_tot_plus_friction_thdot_formula,,,,,,,,,,,,,,,0.0024149627303293214,0,781,0.0,0.0,,,,,,,,,,,,,,,,,,,,,,,,,,,,,,,,,,,,,,,,,,,,,,,,,,,,,,,,,,,,,,,,,,,,,,,,,,nan,,,,,,,,,,,,,,,
1166,2590.694580078125,0.02587832510471344,2.587832510471344,8578.420440196991,10000,ppo,ppo,crawler,flat,action_dth_tot_plus_friction_thdot_formula,,,,,,,,,,,,,,,0.002845467617352184,0,781,0.0,0.0,,,,,,,,,,,,,,,,,,,,,,,,,,,,,,,,,,,,,,,,,,,,,,,,,,,,,,,,,,,,,,,,,,,,,,,,,,nan,,,,,,,,,,,,,,,
1167,2598.379638671875,0.02595822699368,2.595822699368,8585.592634916306,10000,ppo,ppo,crawler,flat,action_dth_tot_plus_friction_thdot_formula,,,,,,,,,,,,,,,0.002600121283559391,0,781,0.0,0.0,,,,,,,,,,,,,,,,,,,,,,,,,,,,,,,,,,,,,,,,,,,,,,,,,,,,,,,,,,,,,,,,,,,,,,,,,,nan,,,,,,,,,,,,,,,
1168,2535.094970703125,0.025323836132884026,2.5323836132884026,8592.701743841171,10000,ppo,ppo,crawler,flat,action_dth_tot_plus_friction_thdot_formula,,,,,,,,,,,,,,,0.002931397633438348,0,781,0.0,0.0,,,,,,,,,,,,,,,,,,,,,,,,,,,,,,,,,,,,,,,,,,,,,,,,,,,,,,,,,,,,,,,,,,,,,,,,,,nan,,,,,,,,,,,,,,,
1169,2606.811767578125,0.02604328840970993,2.604328840970993,8599.795508623123,10000,ppo,ppo,crawler,flat,action_dth_tot_plus_friction_thdot_formula,,,,,,,,,,,,,,,0.003536502247489631,0,781,0.0,0.0,,,,,,,,,,,,,,,,,,,,,,,,,,,,,,,,,,,,,,,,,,,,,,,,,,,,,,,,,,,,,,,,,,,,,,,,,,nan,,,,,,,,,,,,,,,
1170,2516.44677734375,0.025138918310403824,2.5138918310403824,8607.049951076508,10000,ppo,ppo,crawler,flat,action_dth_tot_plus_friction_thdot_formula,,,,,,,,,,,,,,,0.0030611334026495424,0,781,0.0,0.0,,,,,,,,,,,,,,,,,,,,,,,,,,,,,,,,,,,,,,,,,,,,,,,,,,,,,,,,,,,,,,,,,,,,,,,,,,nan,,,,,,,,,,,,,,,
1171,2561.58056640625,0.025588735938072205,2.5588735938072205,8614.194053411484,10000,ppo,ppo,crawler,flat,action_dth_tot_plus_friction_thdot_formula,,,,,,,,,,,,,,,0.002944516899867911,0,781,0.0,0.0,,,,,,,,,,,,,,,,,,,,,,,,,,,,,,,,,,,,,,,,,,,,,,,,,,,,,,,,,,,,,,,,,,,,,,,,,,nan,,,,,,,,,,,,,,,
1172,2544.899658203125,0.025423208251595497,2.5423208251595497,8621.172931432724,10000,ppo,ppo,crawler,flat,action_dth_tot_plus_friction_thdot_formula,,,,,,,,,,,,,,,0.0027342232608411664,0,781,0.0,0.0,,,,,,,,,,,,,,,,,,,,,,,,,,,,,,,,,,,,,,,,,,,,,,,,,,,,,,,,,,,,,,,,,,,,,,,,,,nan,,,,,,,,,,,,,,,
1173,2615.822021484375,0.026131175458431244,2.6131175458431244,8628.5729367733,10000,ppo,ppo,crawler,flat,action_dth_tot_plus_friction_thdot_formula,,,,,,,,,,,,,,,0.0034197041157140572,0,781,0.0,0.0,,,,,,,,,,,,,,,,,,,,,,,,,,,,,,,,,,,,,,,,,,,,,,,,,,,,,,,,,,,,,,,,,,,,,,,,,,nan,,,,,,,,,,,,,,,
1174,2612.12158203125,0.026097014546394348,2.609701454639435,8635.65077495575,10000,ppo,ppo,crawler,flat,action_dth_tot_plus_friction_thdot_formula,,,,,,,,,,,,,,,0.002587369048926817,0,781,0.0,0.0,,,,,,,,,,,,,,,,,,,,,,,,,,,,,,,,,,,,,,,,,,,,,,,,,,,,,,,,,,,,,,,,,,,,,,,,,,nan,,,,,,,,,,,,,,,
1175,2493.599365234375,0.024910639971494675,2.4910639971494675,8642.755704402924,10000,ppo,ppo,crawler,flat,action_dth_tot_plus_friction_thdot_formula,,,,,,,,,,,,,,,0.0032888977613169507,0,781,0.0,0.0,,,,,,,,,,,,,,,,,,,,,,,,,,,,,,,,,,,,,,,,,,,,,,,,,,,,,,,,,,,,,,,,,,,,,,,,,,nan,,,,,,,,,,,,,,,
1176,2620.5986328125,0.026179665699601173,2.6179665699601173,8649.766479492188,10000,ppo,ppo,crawler,flat,action_dth_tot_plus_friction_thdot_formula,,,,,,,,,,,,,,,0.0031975305149323937,0,781,0.0,0.0,,,,,,,,,,,,,,,,,,,,,,,,,,,,,,,,,,,,,,,,,,,,,,,,,,,,,,,,,,,,,,,,,,,,,,,,,,nan,,,,,,,,,,,,,,,
1177,2471.491455078125,0.024689752608537674,2.4689752608537674,8657.029111146927,10000,ppo,ppo,crawler,flat,action_dth_tot_plus_friction_thdot_formula,,,,,,,,,,,,,,,0.003376881018730844,0,781,0.0,0.0,,,,,,,,,,,,,,,,,,,,,,,,,,,,,,,,,,,,,,,,,,,,,,,,,,,,,,,,,,,,,,,,,,,,,,,,,,nan,,,,,,,,,,,,,,,
1178,2598.4501953125,0.025955859571695328,2.5955859571695328,8664.038676977158,10000,ppo,ppo,crawler,flat,action_dth_tot_plus_friction_thdot_formula,,,,,,,,,,,,,,,0.002612443294451559,0,781,0.0,0.0,,,,,,,,,,,,,,,,,,,,,,,,,,,,,,,,,,,,,,,,,,,,,,,,,,,,,,,,,,,,,,,,,,,,,,,,,,nan,,,,,,,,,,,,,,,
1179,2547.555419921875,0.025448763743042946,2.5448763743042946,8671.227826356888,10000,ppo,ppo,crawler,flat,action_dth_tot_plus_friction_thdot_formula,,,,,,,,,,,,,,,0.0025918206600451465,0,781,0.0,0.0,,,,,,,,,,,,,,,,,,,,,,,,,,,,,,,,,,,,,,,,,,,,,,,,,,,,,,,,,,,,,,,,,,,,,,,,,,nan,,,,,,,,,,,,,,,
1180,2512.572021484375,0.025095704942941666,2.5095704942941666,8678.196523189545,10000,ppo,ppo,crawler,flat,action_dth_tot_plus_friction_thdot_formula,,,,,,,,,,,,,,,0.0028207699053356765,0,781,0.0,0.0,,,,,,,,,,,,,,,,,,,,,,,,,,,,,,,,,,,,,,,,,,,,,,,,,,,,,,,,,,,,,,,,,,,,,,,,,,nan,,,,,,,,,,,,,,,
1181,2500.068115234375,0.024973338469862938,2.497333846986294,8685.425788640976,10000,ppo,ppo,crawler,flat,action_dth_tot_plus_friction_thdot_formula,,,,,,,,,,,,,,,0.0028630722491947095,0,781,0.0,0.0,,,,,,,,,,,,,,,,,,,,,,,,,,,,,,,,,,,,,,,,,,,,,,,,,,,,,,,,,,,,,,,,,,,,,,,,,,nan,,,,,,,,,,,,,,,
1182,2603.95703125,0.026008721441030502,2.6008721441030502,8692.541459560394,10000,ppo,ppo,crawler,flat,action_dth_tot_plus_friction_thdot_formula,,,,,,,,,,,,,,,0.002237645208276033,0,781,0.0,0.0,,,,,,,,,,,,,,,,,,,,,,,,,,,,,,,,,,,,,,,,,,,,,,,,,,,,,,,,,,,,,,,,,,,,,,,,,,nan,,,,,,,,,,,,,,,
1183,2543.826904296875,0.025410320609807968,2.541032060980797,8699.764687538147,10000,ppo,ppo,crawler,flat,action_dth_tot_plus_friction_thdot_formula,,,,,,,,,,,,,,,0.002750328661252061,0,781,0.0,0.0,,,,,,,,,,,,,,,,,,,,,,,,,,,,,,,,,,,,,,,,,,,,,,,,,,,,,,,,,,,,,,,,,,,,,,,,,,nan,,,,,,,,,,,,,,,
1184,2620.9365234375,0.026182133704423904,2.6182133704423904,8706.780852556229,10000,ppo,ppo,crawler,flat,action_dth_tot_plus_friction_thdot_formula,,,,,,,,,,,,,,,0.002541677727417367,0,781,0.0,0.0,,,,,,,,,,,,,,,,,,,,,,,,,,,,,,,,,,,,,,,,,,,,,,,,,,,,,,,,,,,,,,,,,,,,,,,,,,nan,,,,,,,,,,,,,,,
1185,2609.296630859375,0.026060814037919044,2.6060814037919044,8714.041520118713,10000,ppo,ppo,crawler,flat,action_dth_tot_plus_friction_thdot_formula,,,,,,,,,,,,,,,0.002755728894172394,0,781,0.0,0.0,,,,,,,,,,,,,,,,,,,,,,,,,,,,,,,,,,,,,,,,,,,,,,,,,,,,,,,,,,,,,,,,,,,,,,,,,,nan,,,,,,,,,,,,,,,
1186,2609.65087890625,0.026068376377224922,2.606837637722492,8721.203834533691,10000,ppo,ppo,crawler,flat,action_dth_tot_plus_friction_thdot_formula,,,,,,,,,,,,,,,0.002545506695025182,0,781,0.0,0.0,,,,,,,,,,,,,,,,,,,,,,,,,,,,,,,,,,,,,,,,,,,,,,,,,,,,,,,,,,,,,,,,,,,,,,,,,,nan,,,,,,,,,,,,,,,
1187,2691.889892578125,0.026889817789196968,2.688981778919697,8728.326460838318,10000,ppo,ppo,crawler,flat,action_dth_tot_plus_friction_thdot_formula,,,,,,,,,,,,,,,0.0031976471160566518,0,781,0.0,0.0,,,,,,,,,,,,,,,,,,,,,,,,,,,,,,,,,,,,,,,,,,,,,,,,,,,,,,,,,,,,,,,,,,,,,,,,,,nan,,,,,,,,,,,,,,,
1188,2521.26416015625,0.02518296055495739,2.518296055495739,8735.837725162506,10000,ppo,ppo,crawler,flat,action_dth_tot_plus_friction_thdot_formula,,,,,,,,,,,,,,,0.001993584096282375,0,781,0.0,0.0,,,,,,,,,,,,,,,,,,,,,,,,,,,,,,,,,,,,,,,,,,,,,,,,,,,,,,,,,,,,,,,,,,,,,,,,,,nan,,,,,,,,,,,,,,,
1189,2522.853515625,0.025200139731168747,2.5200139731168747,8742.946838617325,10000,ppo,ppo,crawler,flat,action_dth_tot_plus_friction_thdot_formula,,,,,,,,,,,,,,,0.0031062151515103935,0,781,0.0,0.0,,,,,,,,,,,,,,,,,,,,,,,,,,,,,,,,,,,,,,,,,,,,,,,,,,,,,,,,,,,,,,,,,,,,,,,,,,nan,,,,,,,,,,,,,,,
1190,2699.969482421875,0.02697005495429039,2.697005495429039,8750.362857103348,10000,ppo,ppo,crawler,flat,action_dth_tot_plus_friction_thdot_formula,,,,,,,,,,,,,,,0.002494072845153792,0,781,0.0,0.0,,,,,,,,,,,,,,,,,,,,,,,,,,,,,,,,,,,,,,,,,,,,,,,,,,,,,,,,,,,,,,,,,,,,,,,,,,nan,,,,,,,,,,,,,,,
1191,2567.35498046875,0.02564370632171631,2.564370632171631,8757.599238157272,10000,ppo,ppo,crawler,flat,action_dth_tot_plus_friction_thdot_formula,,,,,,,,,,,,,,,0.003826980082228453,0,781,0.0,0.0,,,,,,,,,,,,,,,,,,,,,,,,,,,,,,,,,,,,,,,,,,,,,,,,,,,,,,,,,,,,,,,,,,,,,,,,,,nan,,,,,,,,,,,,,,,
1192,2539.927001953125,0.02536866068840027,2.536866068840027,8765.021491289139,10000,ppo,ppo,crawler,flat,action_dth_tot_plus_friction_thdot_formula,,,,,,,,,,,,,,,0.002662024217356347,0,781,0.0,0.0,,,,,,,,,,,,,,,,,,,,,,,,,,,,,,,,,,,,,,,,,,,,,,,,,,,,,,,,,,,,,,,,,,,,,,,,,,nan,,,,,,,,,,,,,,,
1193,2565.506591796875,0.02562360092997551,2.562360092997551,8772.119882583618,10000,ppo,ppo,crawler,flat,action_dth_tot_plus_friction_thdot_formula,,,,,,,,,,,,,,,0.0029389512693573853,0,781,0.0,0.0,,,,,,,,,,,,,,,,,,,,,,,,,,,,,,,,,,,,,,,,,,,,,,,,,,,,,,,,,,,,,,,,,,,,,,,,,,nan,,,,,,,,,,,,,,,
1194,2663.01025390625,0.026601076126098633,2.6601076126098633,8779.296097755432,10000,ppo,ppo,crawler,flat,action_dth_tot_plus_friction_thdot_formula,,,,,,,,,,,,,,,0.0027708213911397757,0,781,0.0,0.0,,,,,,,,,,,,,,,,,,,,,,,,,,,,,,,,,,,,,,,,,,,,,,,,,,,,,,,,,,,,,,,,,,,,,,,,,,nan,,,,,,,,,,,,,,,
1195,2635.120849609375,0.026324719190597534,2.6324719190597534,8786.451553821564,10000,ppo,ppo,crawler,flat,action_dth_tot_plus_friction_thdot_formula,,,,,,,,,,,,,,,0.0030511332869293615,0,781,0.0,0.0,,,,,,,,,,,,,,,,,,,,,,,,,,,,,,,,,,,,,,,,,,,,,,,,,,,,,,,,,,,,,,,,,,,,,,,,,,nan,,,,,,,,,,,,,,,
1196,2645.89501953125,0.02643325738608837,2.643325738608837,8793.761454582214,10000,ppo,ppo,crawler,flat,action_dth_tot_plus_friction_thdot_formula,,,,,,,,,,,,,,,0.002885478949116152,0,781,0.0,0.0,,,,,,,,,,,,,,,,,,,,,,,,,,,,,,,,,,,,,,,,,,,,,,,,,,,,,,,,,,,,,,,,,,,,,,,,,,nan,,,,,,,,,,,,,,,
1197,2706.237060546875,0.027034850791096687,2.7034850791096687,8800.822963237762,10000,ppo,ppo,crawler,flat,action_dth_tot_plus_friction_thdot_formula,,,,,,,,,,,,,,,0.002941360725173381,0,781,0.0,0.0,,,,,,,,,,,,,,,,,,,,,,,,,,,,,,,,,,,,,,,,,,,,,,,,,,,,,,,,,,,,,,,,,,,,,,,,,,nan,,,,,,,,,,,,,,,
1198,2661.184326171875,0.026587791740894318,2.6587791740894318,8808.032684326172,10000,ppo,ppo,crawler,flat,action_dth_tot_plus_friction_thdot_formula,,,,,,,,,,,,,,,0.002124598305056792,0,781,0.0,0.0,,,,,,,,,,,,,,,,,,,,,,,,,,,,,,,,,,,,,,,,,,,,,,,,,,,,,,,,,,,,,,,,,,,,,,,,,,nan,,,,,,,,,,,,,,,
1199,2724.5576171875,0.02721572108566761,2.721572108566761,8815.444826841354,10000,ppo,ppo,crawler,flat,action_dth_tot_plus_friction_thdot_formula,,,,,,,,,,,,,,,0.0030481344940115206,0,781,0.0,0.0,,,,,,,,,,,,,,,,,,,,,,,,,,,,,,,,,,,,,,,,,,,,,,,,,,,,,,,,,,,,,,,,,,,,,,,,,,nan,,,,,,,,,,,,,,,
1200,2658.603515625,0.02655814215540886,2.655814215540886,8822.72228217125,10000,ppo,ppo,crawler,flat,action_dth_tot_plus_friction_thdot_formula,,,,,,,,,,,,,,,0.0032864165701113387,0,781,0.0,0.0,,,,,,,,,,,,,,,,,,,,,,,,,,,,,,,,,,,,,,,,,,,,,,,,,,,,,,,,,,,,,,,,,,,,,,,,,,nan,,,,,,,,,,,,,,,
1201,2526.46728515625,0.025237560272216797,2.5237560272216797,8829.903133869171,10000,ppo,ppo,crawler,flat,action_dth_tot_plus_friction_thdot_formula,,,,,,,,,,,,,,,0.0023647004350672253,0,781,0.0,0.0,,,,,,,,,,,,,,,,,,,,,,,,,,,,,,,,,,,,,,,,,,,,,,,,,,,,,,,,,,,,,,,,,,,,,,,,,,nan,,,,,,,,,,,,,,,
1202,2632.325439453125,0.026294618844985962,2.629461884498596,8837.100771188736,10000,ppo,ppo,crawler,flat,action_dth_tot_plus_friction_thdot_formula,,,,,,,,,,,,,,,0.002377324543495945,0,781,0.0,0.0,,,,,,,,,,,,,,,,,,,,,,,,,,,,,,,,,,,,,,,,,,,,,,,,,,,,,,,,,,,,,,,,,,,,,,,,,,nan,,,,,,,,,,,,,,,
1203,2621.715576171875,0.02619193121790886,2.619193121790886,8844.390091657639,10000,ppo,ppo,crawler,flat,action_dth_tot_plus_friction_thdot_formula,,,,,,,,,,,,,,,0.0031497870602021317,0,781,0.0,0.0,,,,,,,,,,,,,,,,,,,,,,,,,,,,,,,,,,,,,,,,,,,,,,,,,,,,,,,,,,,,,,,,,,,,,,,,,,nan,,,,,,,,,,,,,,,
1204,2557.424560546875,0.025545479729771614,2.5545479729771614,8851.60260105133,10000,ppo,ppo,crawler,flat,action_dth_tot_plus_friction_thdot_formula,,,,,,,,,,,,,,,0.0020304594363551587,0,781,0.0,0.0,,,,,,,,,,,,,,,,,,,,,,,,,,,,,,,,,,,,,,,,,,,,,,,,,,,,,,,,,,,,,,,,,,,,,,,,,,nan,,,,,,,,,,,,,,,
1205,2560.729248046875,0.02557690069079399,2.557690069079399,8859.214816093445,10000,ppo,ppo,crawler,flat,action_dth_tot_plus_friction_thdot_formula,,,,,,,,,,,,,,,0.0028691342419935166,0,781,0.0,0.0,,,,,,,,,,,,,,,,,,,,,,,,,,,,,,,,,,,,,,,,,,,,,,,,,,,,,,,,,,,,,,,,,,,,,,,,,,nan,,,,,,,,,,,,,,,
1206,2550.88818359375,0.025482552126049995,2.5482552126049995,8866.414856672287,10000,ppo,ppo,crawler,flat,action_dth_tot_plus_friction_thdot_formula,,,,,,,,,,,,,,,0.0025317180100497497,0,781,0.0,0.0,,,,,,,,,,,,,,,,,,,,,,,,,,,,,,,,,,,,,,,,,,,,,,,,,,,,,,,,,,,,,,,,,,,,,,,,,,nan,,,,,,,,,,,,,,,
1207,2491.991943359375,0.024890746921300888,2.489074692130089,8873.68171954155,10000,ppo,ppo,crawler,flat,action_dth_tot_plus_friction_thdot_formula,,,,,,,,,,,,,,,0.0025587608104943754,0,781,0.0,0.0,,,,,,,,,,,,,,,,,,,,,,,,,,,,,,,,,,,,,,,,,,,,,,,,,,,,,,,,,,,,,,,,,,,,,,,,,,nan,,,,,,,,,,,,,,,
1208,2617.942138671875,0.026151150465011597,2.6151150465011597,8880.863328695297,10000,ppo,ppo,crawler,flat,action_dth_tot_plus_friction_thdot_formula,,,,,,,,,,,,,,,0.0031093407062549507,0,781,0.0,0.0,,,,,,,,,,,,,,,,,,,,,,,,,,,,,,,,,,,,,,,,,,,,,,,,,,,,,,,,,,,,,,,,,,,,,,,,,,nan,,,,,,,,,,,,,,,
1209,2437.128173828125,0.02434268407523632,2.434268407523632,8888.061603069305,10000,ppo,ppo,crawler,flat,action_dth_tot_plus_friction_thdot_formula,,,,,,,,,,,,,,,0.0034062880950770607,0,781,0.0,0.0,,,,,,,,,,,,,,,,,,,,,,,,,,,,,,,,,,,,,,,,,,,,,,,,,,,,,,,,,,,,,,,,,,,,,,,,,,nan,,,,,,,,,,,,,,,
1210,2572.0361328125,0.025691259652376175,2.5691259652376175,8895.217499494553,10000,ppo,ppo,crawler,flat,action_dth_tot_plus_friction_thdot_formula,,,,,,,,,,,,,,,0.003031462505930813,0,781,0.0,0.0,,,,,,,,,,,,,,,,,,,,,,,,,,,,,,,,,,,,,,,,,,,,,,,,,,,,,,,,,,,,,,,,,,,,,,,,,,nan,,,,,,,,,,,,,,,
1211,2521.775146484375,0.025192242115736008,2.5192242115736008,8902.37506532669,10000,ppo,ppo,crawler,flat,action_dth_tot_plus_friction_thdot_formula,,,,,,,,,,,,,,,0.0018259957625778695,0,781,0.0,0.0,,,,,,,,,,,,,,,,,,,,,,,,,,,,,,,,,,,,,,,,,,,,,,,,,,,,,,,,,,,,,,,,,,,,,,,,,,nan,,,,,,,,,,,,,,,
1212,2622.634765625,0.026199590414762497,2.6199590414762497,8909.4393491745,10000,ppo,ppo,crawler,flat,action_dth_tot_plus_friction_thdot_formula,,,,,,,,,,,,,,,0.0016709083059824115,0,781,0.0,0.0,,,,,,,,,,,,,,,,,,,,,,,,,,,,,,,,,,,,,,,,,,,,,,,,,,,,,,,,,,,,,,,,,,,,,,,,,,nan,,,,,,,,,,,,,,,
1213,2705.067626953125,0.027024801820516586,2.7024801820516586,8916.63454914093,10000,ppo,ppo,crawler,flat,action_dth_tot_plus_friction_thdot_formula,,,,,,,,,,,,,,,0.0029451324405532007,0,781,0.0,0.0,,,,,,,,,,,,,,,,,,,,,,,,,,,,,,,,,,,,,,,,,,,,,,,,,,,,,,,,,,,,,,,,,,,,,,,,,,nan,,,,,,,,,,,,,,,
1214,2646.39111328125,0.026433367282152176,2.6433367282152176,8923.928426265717,10000,ppo,ppo,crawler,flat,action_dth_tot_plus_friction_thdot_formula,,,,,,,,,,,,,,,0.0032523619371768037,0,781,0.0,0.0,,,,,,,,,,,,,,,,,,,,,,,,,,,,,,,,,,,,,,,,,,,,,,,,,,,,,,,,,,,,,,,,,,,,,,,,,,nan,,,,,,,,,,,,,,,
1215,2556.076416015625,0.025534003973007202,2.55340039730072,8931.076493740082,10000,ppo,ppo,crawler,flat,action_dth_tot_plus_friction_thdot_formula,,,,,,,,,,,,,,,0.0028644426582782397,0,781,0.0,0.0,,,,,,,,,,,,,,,,,,,,,,,,,,,,,,,,,,,,,,,,,,,,,,,,,,,,,,,,,,,,,,,,,,,,,,,,,,nan,,,,,,,,,,,,,,,
1216,2652.590087890625,0.026496438309550285,2.6496438309550285,8938.158155918121,10000,ppo,ppo,crawler,flat,action_dth_tot_plus_friction_thdot_formula,,,,,,,,,,,,,,,0.0022873319486092307,0,781,0.0,0.0,,,,,,,,,,,,,,,,,,,,,,,,,,,,,,,,,,,,,,,,,,,,,,,,,,,,,,,,,,,,,,,,,,,,,,,,,,nan,,,,,,,,,,,,,,,
1217,2597.86181640625,0.025951964780688286,2.5951964780688286,8945.563535451889,10000,ppo,ppo,crawler,flat,action_dth_tot_plus_friction_thdot_formula,,,,,,,,,,,,,,,0.0035443351552693503,0,781,0.0,0.0,,,,,,,,,,,,,,,,,,,,,,,,,,,,,,,,,,,,,,,,,,,,,,,,,,,,,,,,,,,,,,,,,,,,,,,,,,nan,,,,,,,,,,,,,,,
1218,2647.302001953125,0.02644183672964573,2.644183672964573,8952.782850265503,10000,ppo,ppo,crawler,flat,action_dth_tot_plus_friction_thdot_formula,,,,,,,,,,,,,,,0.0027552728441176595,0,781,0.0,0.0,,,,,,,,,,,,,,,,,,,,,,,,,,,,,,,,,,,,,,,,,,,,,,,,,,,,,,,,,,,,,,,,,,,,,,,,,,nan,,,,,,,,,,,,,,,
1219,2577.205322265625,0.025744451209902763,2.5744451209902763,8959.963346242905,10000,ppo,ppo,crawler,flat,action_dth_tot_plus_friction_thdot_formula,,,,,,,,,,,,,,,0.0026002185143144006,0,781,0.0,0.0,,,,,,,,,,,,,,,,,,,,,,,,,,,,,,,,,,,,,,,,,,,,,,,,,,,,,,,,,,,,,,,,,,,,,,,,,,nan,,,,,,,,,,,,,,,
1220,2505.830810546875,0.025036465376615524,2.5036465376615524,8967.161446809769,10000,ppo,ppo,crawler,flat,action_dth_tot_plus_friction_thdot_formula,,,,,,,,,,,,,,,0.0028906232112018144,0,781,0.0,0.0,,,,,,,,,,,,,,,,,,,,,,,,,,,,,,,,,,,,,,,,,,,,,,,,,,,,,,,,,,,,,,,,,,,,,,,,,,nan,,,,,,,,,,,,,,,
1221,2664.6826171875,0.026618249714374542,2.6618249714374542,8974.422719478607,10000,ppo,ppo,crawler,flat,action_dth_tot_plus_friction_thdot_formula,,,,,,,,,,,,,,,0.0027482780758631337,0,781,0.0,0.0,,,,,,,,,,,,,,,,,,,,,,,,,,,,,,,,,,,,,,,,,,,,,,,,,,,,,,,,,,,,,,,,,,,,,,,,,,nan,,,,,,,,,,,,,,,
1222,2492.7734375,0.024903787299990654,2.4903787299990654,8981.636318683624,10000,ppo,ppo,crawler,flat,action_dth_tot_plus_friction_thdot_formula,,,,,,,,,,,,,,,0.0022094215048183703,0,781,0.0,0.0,,,,,,,,,,,,,,,,,,,,,,,,,,,,,,,,,,,,,,,,,,,,,,,,,,,,,,,,,,,,,,,,,,,,,,,,,,nan,,,,,,,,,,,,,,,
1223,2556.295166015625,0.025530453771352768,2.553045377135277,8988.889870643616,10000,ppo,ppo,crawler,flat,action_dth_tot_plus_friction_thdot_formula,,,,,,,,,,,,,,,0.002379736855884575,0,781,0.0,0.0,,,,,,,,,,,,,,,,,,,,,,,,,,,,,,,,,,,,,,,,,,,,,,,,,,,,,,,,,,,,,,,,,,,,,,,,,,nan,,,,,,,,,,,,,,,
1224,2603.03515625,0.026001207530498505,2.6001207530498505,8996.014969825745,10000,ppo,ppo,crawler,flat,action_dth_tot_plus_friction_thdot_formula,,,,,,,,,,,,,,,0.003522189220638049,0,781,0.0,0.0,,,,,,,,,,,,,,,,,,,,,,,,,,,,,,,,,,,,,,,,,,,,,,,,,,,,,,,,,,,,,,,,,,,,,,,,,,nan,,,,,,,,,,,,,,,
1225,2687.273681640625,0.026847027242183685,2.6847027242183685,9003.23853635788,10000,ppo,ppo,crawler,flat,action_dth_tot_plus_friction_thdot_formula,,,,,,,,,,,,,,,0.0030253898750298397,0,781,0.0,0.0,,,,,,,,,,,,,,,,,,,,,,,,,,,,,,,,,,,,,,,,,,,,,,,,,,,,,,,,,,,,,,,,,,,,,,,,,,nan,,,,,,,,,,,,,,,
1226,2563.824951171875,0.02560492418706417,2.560492418706417,9010.509702205658,10000,ppo,ppo,crawler,flat,action_dth_tot_plus_friction_thdot_formula,,,,,,,,,,,,,,,0.003093400530190065,0,781,0.0,0.0,,,,,,,,,,,,,,,,,,,,,,,,,,,,,,,,,,,,,,,,,,,,,,,,,,,,,,,,,,,,,,,,,,,,,,,,,,nan,,,,,,,,,,,,,,,
1227,2644.192138671875,0.026417715474963188,2.641771547496319,9017.765745162964,10000,ppo,ppo,crawler,flat,action_dth_tot_plus_friction_thdot_formula,,,,,,,,,,,,,,,0.0019533981247664943,0,781,0.0,0.0,,,,,,,,,,,,,,,,,,,,,,,,,,,,,,,,,,,,,,,,,,,,,,,,,,,,,,,,,,,,,,,,,,,,,,,,,,nan,,,,,,,,,,,,,,,
1228,2643.671630859375,0.02640865370631218,2.640865370631218,9024.8961353302,10000,ppo,ppo,crawler,flat,action_dth_tot_plus_friction_thdot_formula,,,,,,,,,,,,,,,0.002716005323010541,0,781,0.0,0.0,,,,,,,,,,,,,,,,,,,,,,,,,,,,,,,,,,,,,,,,,,,,,,,,,,,,,,,,,,,,,,,,,,,,,,,,,,nan,,,,,,,,,,,,,,,
1229,2677.752685546875,0.026749154552817345,2.6749154552817345,9032.287833929062,10000,ppo,ppo,crawler,flat,action_dth_tot_plus_friction_thdot_formula,,,,,,,,,,,,,,,0.001991610925591869,0,781,0.0,0.0,,,,,,,,,,,,,,,,,,,,,,,,,,,,,,,,,,,,,,,,,,,,,,,,,,,,,,,,,,,,,,,,,,,,,,,,,,nan,,,,,,,,,,,,,,,
1230,2662.345703125,0.026597341522574425,2.6597341522574425,9039.431788682938,10000,ppo,ppo,crawler,flat,action_dth_tot_plus_friction_thdot_formula,,,,,,,,,,,,,,,0.0031145549328683514,0,781,0.0,0.0,,,,,,,,,,,,,,,,,,,,,,,,,,,,,,,,,,,,,,,,,,,,,,,,,,,,,,,,,,,,,,,,,,,,,,,,,,nan,,,,,,,,,,,,,,,
1231,2637.869873046875,0.026349715888500214,2.6349715888500214,9046.686774253845,10000,ppo,ppo,crawler,flat,action_dth_tot_plus_friction_thdot_formula,,,,,,,,,,,,,,,0.0021708056428463756,0,781,0.0,0.0,,,,,,,,,,,,,,,,,,,,,,,,,,,,,,,,,,,,,,,,,,,,,,,,,,,,,,,,,,,,,,,,,,,,,,,,,,nan,,,,,,,,,,,,,,,
1232,2749.832275390625,0.027469215914607048,2.746921591460705,9053.848292350769,10000,ppo,ppo,crawler,flat,action_dth_tot_plus_friction_thdot_formula,,,,,,,,,,,,,,,0.002732937394844955,0,781,0.0,0.0,,,,,,,,,,,,,,,,,,,,,,,,,,,,,,,,,,,,,,,,,,,,,,,,,,,,,,,,,,,,,,,,,,,,,,,,,,nan,,,,,,,,,,,,,,,
1233,2505.16943359375,0.025024309754371643,2.5024309754371643,9061.201516389847,10000,ppo,ppo,crawler,flat,action_dth_tot_plus_friction_thdot_formula,,,,,,,,,,,,,,,0.002354676526238982,0,781,0.0,0.0,,,,,,,,,,,,,,,,,,,,,,,,,,,,,,,,,,,,,,,,,,,,,,,,,,,,,,,,,,,,,,,,,,,,,,,,,,nan,,,,,,,,,,,,,,,
1234,2685.05126953125,0.026823479682207108,2.6823479682207108,9068.438729524612,10000,ppo,ppo,crawler,flat,action_dth_tot_plus_friction_thdot_formula,,,,,,,,,,,,,,,0.003026808329283113,0,781,0.0,0.0,,,,,,,,,,,,,,,,,,,,,,,,,,,,,,,,,,,,,,,,,,,,,,,,,,,,,,,,,,,,,,,,,,,,,,,,,,nan,,,,,,,,,,,,,,,
1235,2422.04736328125,0.024196896702051163,2.4196896702051163,9075.683323383331,10000,ppo,ppo,crawler,flat,action_dth_tot_plus_friction_thdot_formula,,,,,,,,,,,,,,,0.0021357097679829025,0,781,0.0,0.0,,,,,,,,,,,,,,,,,,,,,,,,,,,,,,,,,,,,,,,,,,,,,,,,,,,,,,,,,,,,,,,,,,,,,,,,,,nan,,,,,,,,,,,,,,,
1236,2677.014404296875,0.026742927730083466,2.6742927730083466,9082.859160423279,10000,ppo,ppo,crawler,flat,action_dth_tot_plus_friction_thdot_formula,,,,,,,,,,,,,,,0.0025570810754665992,0,781,0.0,0.0,,,,,,,,,,,,,,,,,,,,,,,,,,,,,,,,,,,,,,,,,,,,,,,,,,,,,,,,,,,,,,,,,,,,,,,,,,nan,,,,,,,,,,,,,,,
1237,2495.264892578125,0.024923784658312798,2.4923784658312798,9090.196741342545,10000,ppo,ppo,crawler,flat,action_dth_tot_plus_friction_thdot_formula,,,,,,,,,,,,,,,0.0027477680616052142,0,781,0.0,0.0,,,,,,,,,,,,,,,,,,,,,,,,,,,,,,,,,,,,,,,,,,,,,,,,,,,,,,,,,,,,,,,,,,,,,,,,,,nan,,,,,,,,,,,,,,,
1238,2651.764892578125,0.026491735130548477,2.6491735130548477,9097.321562767029,10000,ppo,ppo,crawler,flat,action_dth_tot_plus_friction_thdot_formula,,,,,,,,,,,,,,,0.001981912764460361,0,781,0.0,0.0,,,,,,,,,,,,,,,,,,,,,,,,,,,,,,,,,,,,,,,,,,,,,,,,,,,,,,,,,,,,,,,,,,,,,,,,,,nan,,,,,,,,,,,,,,,
1239,2627.62646484375,0.02624744176864624,2.624744176864624,9104.463219881058,10000,ppo,ppo,crawler,flat,action_dth_tot_plus_friction_thdot_formula,,,,,,,,,,,,,,,0.0027827224349120105,0,781,0.0,0.0,,,,,,,,,,,,,,,,,,,,,,,,,,,,,,,,,,,,,,,,,,,,,,,,,,,,,,,,,,,,,,,,,,,,,,,,,,nan,,,,,,,,,,,,,,,
1240,2596.092529296875,0.025935176759958267,2.5935176759958267,9111.762317180634,10000,ppo,ppo,crawler,flat,action_dth_tot_plus_friction_thdot_formula,,,,,,,,,,,,,,,0.002750899221613364,0,781,0.0,0.0,,,,,,,,,,,,,,,,,,,,,,,,,,,,,,,,,,,,,,,,,,,,,,,,,,,,,,,,,,,,,,,,,,,,,,,,,,nan,,,,,,,,,,,,,,,
1241,2556.948974609375,0.025546560063958168,2.554656006395817,9118.973470687866,10000,ppo,ppo,crawler,flat,action_dth_tot_plus_friction_thdot_formula,,,,,,,,,,,,,,,0.0031256277424792514,0,781,0.0,0.0,,,,,,,,,,,,,,,,,,,,,,,,,,,,,,,,,,,,,,,,,,,,,,,,,,,,,,,,,,,,,,,,,,,,,,,,,,nan,,,,,,,,,,,,,,,
1242,2595.747802734375,0.025927899405360222,2.592789940536022,9126.198112249374,10000,ppo,ppo,crawler,flat,action_dth_tot_plus_friction_thdot_formula,,,,,,,,,,,,,,,0.002531941679619949,0,781,0.0,0.0,,,,,,,,,,,,,,,,,,,,,,,,,,,,,,,,,,,,,,,,,,,,,,,,,,,,,,,,,,,,,,,,,,,,,,,,,,nan,,,,,,,,,,,,,,,
1243,2629.115966796875,0.02626470848917961,2.626470848917961,9133.332030773163,10000,ppo,ppo,crawler,flat,action_dth_tot_plus_friction_thdot_formula,,,,,,,,,,,,,,,0.002349275443494253,0,781,0.0,0.0,,,,,,,,,,,,,,,,,,,,,,,,,,,,,,,,,,,,,,,,,,,,,,,,,,,,,,,,,,,,,,,,,,,,,,,,,,nan,,,,,,,,,,,,,,,
1244,2547.979736328125,0.025455057621002197,2.5455057621002197,9140.66539311409,10000,ppo,ppo,crawler,flat,action_dth_tot_plus_friction_thdot_formula,,,,,,,,,,,,,,,0.0038732690242519806,0,781,0.0,0.0,,,,,,,,,,,,,,,,,,,,,,,,,,,,,,,,,,,,,,,,,,,,,,,,,,,,,,,,,,,,,,,,,,,,,,,,,,nan,,,,,,,,,,,,,,,
1245,2410.359375,0.024080835282802582,2.408083528280258,9147.919950962067,10000,ppo,ppo,crawler,flat,action_dth_tot_plus_friction_thdot_formula,,,,,,,,,,,,,,,0.003373242572920931,0,781,0.0,0.0,,,,,,,,,,,,,,,,,,,,,,,,,,,,,,,,,,,,,,,,,,,,,,,,,,,,,,,,,,,,,,,,,,,,,,,,,,nan,,,,,,,,,,,,,,,
1246,2574.694091796875,0.02571902982890606,2.571902982890606,9155.144361495972,10000,ppo,ppo,crawler,flat,action_dth_tot_plus_friction_thdot_formula,,,,,,,,,,,,,,,0.003068140162911955,0,781,0.0,0.0,,,,,,,,,,,,,,,,,,,,,,,,,,,,,,,,,,,,,,,,,,,,,,,,,,,,,,,,,,,,,,,,,,,,,,,,,,nan,,,,,,,,,,,,,,,
1247,2552.683837890625,0.025496233254671097,2.5496233254671097,9162.236243009567,10000,ppo,ppo,crawler,flat,action_dth_tot_plus_friction_thdot_formula,,,,,,,,,,,,,,,0.002226542439271497,0,781,0.0,0.0,,,,,,,,,,,,,,,,,,,,,,,,,,,,,,,,,,,,,,,,,,,,,,,,,,,,,,,,,,,,,,,,,,,,,,,,,,nan,,,,,,,,,,,,,,,
1248,2683.065673828125,0.026807179674506187,2.6807179674506187,9169.566610097885,10000,ppo,ppo,crawler,flat,action_dth_tot_plus_friction_thdot_formula,,,,,,,,,,,,,,,0.0027930722805559896,0,781,0.0,0.0,,,,,,,,,,,,,,,,,,,,,,,,,,,,,,,,,,,,,,,,,,,,,,,,,,,,,,,,,,,,,,,,,,,,,,,,,,nan,,,,,,,,,,,,,,,
1249,2726.55859375,0.02723701111972332,2.723701111972332,9176.752991199493,10000,ppo,ppo,crawler,flat,action_dth_tot_plus_friction_thdot_formula,,,,,,,,,,,,,,,0.0029022552973841805,0,781,0.0,0.0,,,,,,,,,,,,,,,,,,,,,,,,,,,,,,,,,,,,,,,,,,,,,,,,,,,,,,,,,,,,,,,,,,,,,,,,,,nan,,,,,,,,,,,,,,,
1250,2547.82373046875,0.025448419153690338,2.544841915369034,9183.936206102371,10000,ppo,ppo,crawler,flat,action_dth_tot_plus_friction_thdot_formula,,,,,,,,,,,,,,,0.0030488425338993782,0,781,0.0,0.0,,,,,,,,,,,,,,,,,,,,,,,,,,,,,,,,,,,,,,,,,,,,,,,,,,,,,,,,,,,,,,,,,,,,,,,,,,nan,,,,,,,,,,,,,,,
1251,2670.89111328125,0.026678549125790596,2.6678549125790596,9191.101483821869,10000,ppo,ppo,crawler,flat,action_dth_tot_plus_friction_thdot_formula,,,,,,,,,,,,,,,0.002241390348094898,0,781,0.0,0.0,,,,,,,,,,,,,,,,,,,,,,,,,,,,,,,,,,,,,,,,,,,,,,,,,,,,,,,,,,,,,,,,,,,,,,,,,,nan,,,,,,,,,,,,,,,
1252,2436.35302734375,0.02433452196419239,2.433452196419239,9198.4675283432,10000,ppo,ppo,crawler,flat,action_dth_tot_plus_friction_thdot_formula,,,,,,,,,,,,,,,0.003122067051632902,0,781,0.0,0.0,,,,,,,,,,,,,,,,,,,,,,,,,,,,,,,,,,,,,,,,,,,,,,,,,,,,,,,,,,,,,,,,,,,,,,,,,,nan,,,,,,,,,,,,,,,
1253,2682.6015625,0.026797302067279816,2.6797302067279816,9205.677589416504,10000,ppo,ppo,crawler,flat,action_dth_tot_plus_friction_thdot_formula,,,,,,,,,,,,,,,0.00280664998128123,0,781,0.0,0.0,,,,,,,,,,,,,,,,,,,,,,,,,,,,,,,,,,,,,,,,,,,,,,,,,,,,,,,,,,,,,,,,,,,,,,,,,,nan,,,,,,,,,,,,,,,
1254,2571.072265625,0.025681868195533752,2.5681868195533752,9212.905505657196,10000,ppo,ppo,crawler,flat,action_dth_tot_plus_friction_thdot_formula,,,,,,,,,,,,,,,0.002277526852812513,0,781,0.0,0.0,,,,,,,,,,,,,,,,,,,,,,,,,,,,,,,,,,,,,,,,,,,,,,,,,,,,,,,,,,,,,,,,,,,,,,,,,,nan,,,,,,,,,,,,,,,
1255,2596.516845703125,0.02593894675374031,2.593894675374031,9219.943321943283,10000,ppo,ppo,crawler,flat,action_dth_tot_plus_friction_thdot_formula,,,,,,,,,,,,,,,0.0028011133299503123,0,781,0.0,0.0,,,,,,,,,,,,,,,,,,,,,,,,,,,,,,,,,,,,,,,,,,,,,,,,,,,,,,,,,,,,,,,,,,,,,,,,,,nan,,,,,,,,,,,,,,,
1256,2519.579833984375,0.02516954019665718,2.516954019665718,9227.57160782814,10000,ppo,ppo,crawler,flat,action_dth_tot_plus_friction_thdot_formula,,,,,,,,,,,,,,,0.0026387937091053647,0,781,0.0,0.0,,,,,,,,,,,,,,,,,,,,,,,,,,,,,,,,,,,,,,,,,,,,,,,,,,,,,,,,,,,,,,,,,,,,,,,,,,nan,,,,,,,,,,,,,,,
1257,2631.49560546875,0.026288649067282677,2.6288649067282677,9234.719219446182,10000,ppo,ppo,crawler,flat,action_dth_tot_plus_friction_thdot_formula,,,,,,,,,,,,,,,0.001985329741486271,0,781,0.0,0.0,,,,,,,,,,,,,,,,,,,,,,,,,,,,,,,,,,,,,,,,,,,,,,,,,,,,,,,,,,,,,,,,,,,,,,,,,,nan,,,,,,,,,,,,,,,
1258,2677.904296875,0.026753051206469536,2.6753051206469536,9241.990387439728,10000,ppo,ppo,crawler,flat,action_dth_tot_plus_friction_thdot_formula,,,,,,,,,,,,,,,0.0027880522833299967,0,781,0.0,0.0,,,,,,,,,,,,,,,,,,,,,,,,,,,,,,,,,,,,,,,,,,,,,,,,,,,,,,,,,,,,,,,,,,,,,,,,,,nan,,,,,,,,,,,,,,,
1259,2699.15234375,0.0269615538418293,2.69615538418293,9249.217781543732,10000,ppo,ppo,crawler,flat,action_dth_tot_plus_friction_thdot_formula,,,,,,,,,,,,,,,0.00243380175877056,0,781,0.0,0.0,,,,,,,,,,,,,,,,,,,,,,,,,,,,,,,,,,,,,,,,,,,,,,,,,,,,,,,,,,,,,,,,,,,,,,,,,,nan,,,,,,,,,,,,,,,
1260,2508.463134765625,0.025060215964913368,2.506021596491337,9256.506127595901,10000,ppo,ppo,crawler,flat,action_dth_tot_plus_friction_thdot_formula,,,,,,,,,,,,,,,0.0032290171306561225,0,781,0.0,0.0,,,,,,,,,,,,,,,,,,,,,,,,,,,,,,,,,,,,,,,,,,,,,,,,,,,,,,,,,,,,,,,,,,,,,,,,,,nan,,,,,,,,,,,,,,,
1261,2442.942626953125,0.024400975555181503,2.4400975555181503,9263.681360721588,10000,ppo,ppo,crawler,flat,action_dth_tot_plus_friction_thdot_formula,,,,,,,,,,,,,,,0.002290224848413797,0,781,0.0,0.0,,,,,,,,,,,,,,,,,,,,,,,,,,,,,,,,,,,,,,,,,,,,,,,,,,,,,,,,,,,,,,,,,,,,,,,,,,nan,,,,,,,,,,,,,,,
1262,2716.66943359375,0.027133971452713013,2.7133971452713013,9270.831614017487,10000,ppo,ppo,crawler,flat,action_dth_tot_plus_friction_thdot_formula,,,,,,,,,,,,,,,0.0027910004376324083,0,781,0.0,0.0,,,,,,,,,,,,,,,,,,,,,,,,,,,,,,,,,,,,,,,,,,,,,,,,,,,,,,,,,,,,,,,,,,,,,,,,,,nan,,,,,,,,,,,,,,,
1263,2683.222900390625,0.02679874561727047,2.679874561727047,9278.036788225174,10000,ppo,ppo,crawler,flat,action_dth_tot_plus_friction_thdot_formula,,,,,,,,,,,,,,,0.002196318206479284,0,781,0.0,0.0,,,,,,,,,,,,,,,,,,,,,,,,,,,,,,,,,,,,,,,,,,,,,,,,,,,,,,,,,,,,,,,,,,,,,,,,,,nan,,,,,,,,,,,,,,,
1264,2594.038818359375,0.025911275297403336,2.5911275297403336,9285.115572690964,10000,ppo,ppo,crawler,flat,action_dth_tot_plus_friction_thdot_formula,,,,,,,,,,,,,,,0.002866821680841049,0,781,0.0,0.0,,,,,,,,,,,,,,,,,,,,,,,,,,,,,,,,,,,,,,,,,,,,,,,,,,,,,,,,,,,,,,,,,,,,,,,,,,nan,,,,,,,,,,,,,,,
1265,2490.61474609375,0.02487882412970066,2.487882412970066,9292.258469343185,10000,ppo,ppo,crawler,flat,action_dth_tot_plus_friction_thdot_formula,,,,,,,,,,,,,,,0.002743384478398791,0,781,0.0,0.0,,,,,,,,,,,,,,,,,,,,,,,,,,,,,,,,,,,,,,,,,,,,,,,,,,,,,,,,,,,,,,,,,,,,,,,,,,nan,,,,,,,,,,,,,,,
1266,2669.53271484375,0.026662632822990417,2.6662632822990417,9299.338963270187,10000,ppo,ppo,crawler,flat,action_dth_tot_plus_friction_thdot_formula,,,,,,,,,,,,,,,0.0028532995619106366,0,781,0.0,0.0,,,,,,,,,,,,,,,,,,,,,,,,,,,,,,,,,,,,,,,,,,,,,,,,,,,,,,,,,,,,,,,,,,,,,,,,,,nan,,,,,,,,,,,,,,,
1267,2547.468017578125,0.02544410713016987,2.544410713016987,9306.833686351776,10000,ppo,ppo,crawler,flat,action_dth_tot_plus_friction_thdot_formula,,,,,,,,,,,,,,,0.0031019591220455404,0,781,0.0,0.0,,,,,,,,,,,,,,,,,,,,,,,,,,,,,,,,,,,,,,,,,,,,,,,,,,,,,,,,,,,,,,,,,,,,,,,,,,nan,,,,,,,,,,,,,,,
1268,2556.240234375,0.025535456836223602,2.5535456836223602,9313.895896196365,10000,ppo,ppo,crawler,flat,action_dth_tot_plus_friction_thdot_formula,,,,,,,,,,,,,,,0.003069897026928719,0,781,0.0,0.0,,,,,,,,,,,,,,,,,,,,,,,,,,,,,,,,,,,,,,,,,,,,,,,,,,,,,,,,,,,,,,,,,,,,,,,,,,nan,,,,,,,,,,,,,,,
1269,2661.497314453125,0.02658952958881855,2.658952958881855,9321.232496738434,10000,ppo,ppo,crawler,flat,action_dth_tot_plus_friction_thdot_formula,,,,,,,,,,,,,,,0.003372835153093736,0,781,0.0,0.0,,,,,,,,,,,,,,,,,,,,,,,,,,,,,,,,,,,,,,,,,,,,,,,,,,,,,,,,,,,,,,,,,,,,,,,,,,nan,,,,,,,,,,,,,,,
1270,2660.877685546875,0.026584118604660034,2.6584118604660034,9328.56313252449,10000,ppo,ppo,crawler,flat,action_dth_tot_plus_friction_thdot_formula,,,,,,,,,,,,,,,0.0027211408853240514,0,781,0.0,0.0,,,,,,,,,,,,,,,,,,,,,,,,,,,,,,,,,,,,,,,,,,,,,,,,,,,,,,,,,,,,,,,,,,,,,,,,,,nan,,,,,,,,,,,,,,,
1271,2800.19140625,0.02797517366707325,2.797517366707325,9335.899872303009,10000,ppo,ppo,crawler,flat,action_dth_tot_plus_friction_thdot_formula,,,,,,,,,,,,,,,0.003125916993339092,0,781,0.0,0.0,,,,,,,,,,,,,,,,,,,,,,,,,,,,,,,,,,,,,,,,,,,,,,,,,,,,,,,,,,,,,,,,,,,,,,,,,,nan,,,,,,,,,,,,,,,
1272,2556.506591796875,0.025539597496390343,2.5539597496390343,9343.057302951813,10000,ppo,ppo,crawler,flat,action_dth_tot_plus_friction_thdot_formula,,,,,,,,,,,,,,,0.002815128306859136,0,781,0.0,0.0,,,,,,,,,,,,,,,,,,,,,,,,,,,,,,,,,,,,,,,,,,,,,,,,,,,,,,,,,,,,,,,,,,,,,,,,,,nan,,,,,,,,,,,,,,,
1273,2625.91650390625,0.026227794587612152,2.622779458761215,9350.305916309357,10000,ppo,ppo,crawler,flat,action_dth_tot_plus_friction_thdot_formula,,,,,,,,,,,,,,,0.0026009117424021216,0,781,0.0,0.0,,,,,,,,,,,,,,,,,,,,,,,,,,,,,,,,,,,,,,,,,,,,,,,,,,,,,,,,,,,,,,,,,,,,,,,,,,nan,,,,,,,,,,,,,,,
1274,2580.09619140625,0.0257718525826931,2.57718525826931,9357.571682214737,10000,ppo,ppo,crawler,flat,action_dth_tot_plus_friction_thdot_formula,,,,,,,,,,,,,,,0.0031052413439391856,0,781,0.0,0.0,,,,,,,,,,,,,,,,,,,,,,,,,,,,,,,,,,,,,,,,,,,,,,,,,,,,,,,,,,,,,,,,,,,,,,,,,,nan,,,,,,,,,,,,,,,
1275,2712.258544921875,0.02709352970123291,2.709352970123291,9364.832419157028,10000,ppo,ppo,crawler,flat,action_dth_tot_plus_friction_thdot_formula,,,,,,,,,,,,,,,0.0024152824080327976,0,781,0.0,0.0,,,,,,,,,,,,,,,,,,,,,,,,,,,,,,,,,,,,,,,,,,,,,,,,,,,,,,,,,,,,,,,,,,,,,,,,,,nan,,,,,,,,,,,,,,,
1276,2758.189453125,0.027552727609872818,2.755272760987282,9372.005009412766,10000,ppo,ppo,crawler,flat,action_dth_tot_plus_friction_thdot_formula,,,,,,,,,,,,,,,0.0026850898530785586,0,781,0.0,0.0,,,,,,,,,,,,,,,,,,,,,,,,,,,,,,,,,,,,,,,,,,,,,,,,,,,,,,,,,,,,,,,,,,,,,,,,,,nan,,,,,,,,,,,,,,,
1277,2491.7822265625,0.024892400950193405,2.4892400950193405,9379.197454690933,10000,ppo,ppo,crawler,flat,action_dth_tot_plus_friction_thdot_formula,,,,,,,,,,,,,,,0.0023613645028929308,0,781,0.0,0.0,,,,,,,,,,,,,,,,,,,,,,,,,,,,,,,,,,,,,,,,,,,,,,,,,,,,,,,,,,,,,,,,,,,,,,,,,,nan,,,,,,,,,,,,,,,
1278,2669.021484375,0.026661058887839317,2.6661058887839317,9386.467191934586,10000,ppo,ppo,crawler,flat,action_dth_tot_plus_friction_thdot_formula,,,,,,,,,,,,,,,0.0029291355211115426,0,781,0.0,0.0,,,,,,,,,,,,,,,,,,,,,,,,,,,,,,,,,,,,,,,,,,,,,,,,,,,,,,,,,,,,,,,,,,,,,,,,,,nan,,,,,,,,,,,,,,,
1279,2654.23486328125,0.026508567854762077,2.6508567854762077,9393.707630872726,10000,ppo,ppo,crawler,flat,action_dth_tot_plus_friction_thdot_formula,,,,,,,,,,,,,,,0.0030428526659076376,0,781,0.0,0.0,,,,,,,,,,,,,,,,,,,,,,,,,,,,,,,,,,,,,,,,,,,,,,,,,,,,,,,,,,,,,,,,,,,,,,,,,,nan,,,,,,,,,,,,,,,
1280,2691.496826171875,0.026884596794843674,2.6884596794843674,9401.026766061783,10000,ppo,ppo,crawler,flat,action_dth_tot_plus_friction_thdot_formula,,,,,,,,,,,,,,,0.002733078291891596,0,781,0.0,0.0,,,,,,,,,,,,,,,,,,,,,,,,,,,,,,,,,,,,,,,,,,,,,,,,,,,,,,,,,,,,,,,,,,,,,,,,,,nan,,,,,,,,,,,,,,,
1281,2734.250732421875,0.027316540479660034,2.7316540479660034,9408.393973112106,10000,ppo,ppo,crawler,flat,action_dth_tot_plus_friction_thdot_formula,,,,,,,,,,,,,,,0.0026612967403579347,0,781,0.0,0.0,,,,,,,,,,,,,,,,,,,,,,,,,,,,,,,,,,,,,,,,,,,,,,,,,,,,,,,,,,,,,,,,,,,,,,,,,,nan,,,,,,,,,,,,,,,
1282,2647.25830078125,0.026444725692272186,2.6444725692272186,9415.833113193512,10000,ppo,ppo,crawler,flat,action_dth_tot_plus_friction_thdot_formula,,,,,,,,,,,,,,,0.0027787512753793204,0,781,0.0,0.0,,,,,,,,,,,,,,,,,,,,,,,,,,,,,,,,,,,,,,,,,,,,,,,,,,,,,,,,,,,,,,,,,,,,,,,,,,nan,,,,,,,,,,,,,,,
1283,2570.40966796875,0.025677721947431564,2.5677721947431564,9423.128818035126,10000,ppo,ppo,crawler,flat,action_dth_tot_plus_friction_thdot_formula,,,,,,,,,,,,,,,0.0034352138540266314,0,781,0.0,0.0,,,,,,,,,,,,,,,,,,,,,,,,,,,,,,,,,,,,,,,,,,,,,,,,,,,,,,,,,,,,,,,,,,,,,,,,,,nan,,,,,,,,,,,,,,,
1284,2622.49169921875,0.026195695623755455,2.6195695623755455,9430.337936162949,10000,ppo,ppo,crawler,flat,action_dth_tot_plus_friction_thdot_formula,,,,,,,,,,,,,,,0.0032284361934190957,0,781,0.0,0.0,,,,,,,,,,,,,,,,,,,,,,,,,,,,,,,,,,,,,,,,,,,,,,,,,,,,,,,,,,,,,,,,,,,,,,,,,,nan,,,,,,,,,,,,,,,
1285,2768.062255859375,0.027651594951748848,2.765159495174885,9437.994589805603,10000,ppo,ppo,crawler,flat,action_dth_tot_plus_friction_thdot_formula,,,,,,,,,,,,,,,0.0031694089612987956,0,781,0.0,0.0,,,,,,,,,,,,,,,,,,,,,,,,,,,,,,,,,,,,,,,,,,,,,,,,,,,,,,,,,,,,,,,,,,,,,,,,,,nan,,,,,,,,,,,,,,,
1286,2512.242919921875,0.02509581297636032,2.509581297636032,9445.966412305832,10000,ppo,ppo,crawler,flat,action_dth_tot_plus_friction_thdot_formula,,,,,,,,,,,,,,,0.0031258393071664,0,781,0.0,0.0,,,,,,,,,,,,,,,,,,,,,,,,,,,,,,,,,,,,,,,,,,,,,,,,,,,,,,,,,,,,,,,,,,,,,,,,,,nan,,,,,,,,,,,,,,,
1287,2741.16455078125,0.027379857376217842,2.737985737621784,9453.352150440216,10000,ppo,ppo,crawler,flat,action_dth_tot_plus_friction_thdot_formula,,,,,,,,,,,,,,,0.0030238443872892557,0,781,0.0,0.0,,,,,,,,,,,,,,,,,,,,,,,,,,,,,,,,,,,,,,,,,,,,,,,,,,,,,,,,,,,,,,,,,,,,,,,,,,nan,,,,,,,,,,,,,,,
1288,2804.832763671875,0.02801833115518093,2.801833115518093,9460.403283596039,10000,ppo,ppo,crawler,flat,action_dth_tot_plus_friction_thdot_formula,,,,,,,,,,,,,,,0.0025070274481475328,0,781,0.0,0.0,,,,,,,,,,,,,,,,,,,,,,,,,,,,,,,,,,,,,,,,,,,,,,,,,,,,,,,,,,,,,,,,,,,,,,,,,,nan,,,,,,,,,,,,,,,
1289,2582.212646484375,0.02579452469944954,2.579452469944954,9467.698205947876,10000,ppo,ppo,crawler,flat,action_dth_tot_plus_friction_thdot_formula,,,,,,,,,,,,,,,0.0024392277050182634,0,781,0.0,0.0,,,,,,,,,,,,,,,,,,,,,,,,,,,,,,,,,,,,,,,,,,,,,,,,,,,,,,,,,,,,,,,,,,,,,,,,,,nan,,,,,,,,,,,,,,,
1290,2644.514892578125,0.026418931782245636,2.6418931782245636,9474.948519706726,10000,ppo,ppo,crawler,flat,action_dth_tot_plus_friction_thdot_formula,,,,,,,,,,,,,,,0.0034826781976194134,0,781,0.0,0.0,,,,,,,,,,,,,,,,,,,,,,,,,,,,,,,,,,,,,,,,,,,,,,,,,,,,,,,,,,,,,,,,,,,,,,,,,,nan,,,,,,,,,,,,,,,
1291,2714.00341796875,0.027115002274513245,2.7115002274513245,9482.15759730339,10000,ppo,ppo,crawler,flat,action_dth_tot_plus_friction_thdot_formula,,,,,,,,,,,,,,,0.0027112428121797614,0,781,0.0,0.0,,,,,,,,,,,,,,,,,,,,,,,,,,,,,,,,,,,,,,,,,,,,,,,,,,,,,,,,,,,,,,,,,,,,,,,,,,nan,,,,,,,,,,,,,,,
1292,2740.467529296875,0.02737213671207428,2.737213671207428,9489.17268538475,10000,ppo,ppo,crawler,flat,action_dth_tot_plus_friction_thdot_formula,,,,,,,,,,,,,,,0.0022795031008324925,0,781,0.0,0.0,,,,,,,,,,,,,,,,,,,,,,,,,,,,,,,,,,,,,,,,,,,,,,,,,,,,,,,,,,,,,,,,,,,,,,,,,,nan,,,,,,,,,,,,,,,
1293,2643.973388671875,0.026411807164549828,2.6411807164549828,9496.51364660263,10000,ppo,ppo,crawler,flat,action_dth_tot_plus_friction_thdot_formula,,,,,,,,,,,,,,,0.00345104840673833,0,781,0.0,0.0,,,,,,,,,,,,,,,,,,,,,,,,,,,,,,,,,,,,,,,,,,,,,,,,,,,,,,,,,,,,,,,,,,,,,,,,,,nan,,,,,,,,,,,,,,,
1294,2772.40234375,0.027699310332536697,2.7699310332536697,9503.66128897667,10000,ppo,ppo,crawler,flat,action_dth_tot_plus_friction_thdot_formula,,,,,,,,,,,,,,,0.002566218576234528,0,781,0.0,0.0,,,,,,,,,,,,,,,,,,,,,,,,,,,,,,,,,,,,,,,,,,,,,,,,,,,,,,,,,,,,,,,,,,,,,,,,,,nan,,,,,,,,,,,,,,,
1295,2716.77880859375,0.027140062302350998,2.7140062302351,9510.821372509003,10000,ppo,ppo,crawler,flat,action_dth_tot_plus_friction_thdot_formula,,,,,,,,,,,,,,,0.0023808046669649167,0,781,0.0,0.0,,,,,,,,,,,,,,,,,,,,,,,,,,,,,,,,,,,,,,,,,,,,,,,,,,,,,,,,,,,,,,,,,,,,,,,,,,nan,,,,,,,,,,,,,,,
1296,2635.056640625,0.02631988376379013,2.631988376379013,9518.03690290451,10000,ppo,ppo,crawler,flat,action_dth_tot_plus_friction_thdot_formula,,,,,,,,,,,,,,,0.0023508829217974724,0,781,0.0,0.0,,,,,,,,,,,,,,,,,,,,,,,,,,,,,,,,,,,,,,,,,,,,,,,,,,,,,,,,,,,,,,,,,,,,,,,,,,nan,,,,,,,,,,,,,,,
1297,2416.867919921875,0.02414429932832718,2.414429932832718,9525.259717941284,10000,ppo,ppo,crawler,flat,action_dth_tot_plus_friction_thdot_formula,,,,,,,,,,,,,,,0.0034282848368403017,0,781,0.0,0.0,,,,,,,,,,,,,,,,,,,,,,,,,,,,,,,,,,,,,,,,,,,,,,,,,,,,,,,,,,,,,,,,,,,,,,,,,,nan,,,,,,,,,,,,,,,
1298,2626.43994140625,0.02623295783996582,2.623295783996582,9532.550247430801,10000,ppo,ppo,crawler,flat,action_dth_tot_plus_friction_thdot_formula,,,,,,,,,,,,,,,0.0033918745439677294,0,781,0.0,0.0,,,,,,,,,,,,,,,,,,,,,,,,,,,,,,,,,,,,,,,,,,,,,,,,,,,,,,,,,,,,,,,,,,,,,,,,,,nan,,,,,,,,,,,,,,,
1299,2606.08642578125,0.02603171393275261,2.603171393275261,9539.736417770386,10000,ppo,ppo,crawler,flat,action_dth_tot_plus_friction_thdot_formula,,,,,,,,,,,,,,,0.0025219069386143165,0,781,0.0,0.0,,,,,,,,,,,,,,,,,,,,,,,,,,,,,,,,,,,,,,,,,,,,,,,,,,,,,,,,,,,,,,,,,,,,,,,,,,nan,,,,,,,,,,,,,,,
1300,2614.152099609375,0.026110514998435974,2.6110514998435974,9547.361348867416,10000,ppo,ppo,crawler,flat,action_dth_tot_plus_friction_thdot_formula,,,,,,,,,,,,,,,0.0020481863326068713,0,781,0.0,0.0,,,,,,,,,,,,,,,,,,,,,,,,,,,,,,,,,,,,,,,,,,,,,,,,,,,,,,,,,,,,,,,,,,,,,,,,,,nan,,,,,,,,,,,,,,,
1301,2539.149658203125,0.025363842025399208,2.536384202539921,9554.526740074158,10000,ppo,ppo,crawler,flat,action_dth_tot_plus_friction_thdot_formula,,,,,,,,,,,,,,,0.003252643626891303,0,781,0.0,0.0,,,,,,,,,,,,,,,,,,,,,,,,,,,,,,,,,,,,,,,,,,,,,,,,,,,,,,,,,,,,,,,,,,,,,,,,,,nan,,,,,,,,,,,,,,,
1302,2733.016357421875,0.027297893539071083,2.7297893539071083,9561.747377872467,10000,ppo,ppo,crawler,flat,action_dth_tot_plus_friction_thdot_formula,,,,,,,,,,,,,,,0.0029111966758977774,0,781,0.0,0.0,,,,,,,,,,,,,,,,,,,,,,,,,,,,,,,,,,,,,,,,,,,,,,,,,,,,,,,,,,,,,,,,,,,,,,,,,,nan,,,,,,,,,,,,,,,
1303,2609.666748046875,0.026066167280077934,2.6066167280077934,9568.889663219452,10000,ppo,ppo,crawler,flat,action_dth_tot_plus_friction_thdot_formula,,,,,,,,,,,,,,,0.0032807990348010675,0,781,0.0,0.0,,,,,,,,,,,,,,,,,,,,,,,,,,,,,,,,,,,,,,,,,,,,,,,,,,,,,,,,,,,,,,,,,,,,,,,,,,nan,,,,,,,,,,,,,,,
1304,2536.4921875,0.02533605881035328,2.533605881035328,9576.274194002151,10000,ppo,ppo,crawler,flat,action_dth_tot_plus_friction_thdot_formula,,,,,,,,,,,,,,,0.0034056981395281347,0,781,0.0,0.0,,,,,,,,,,,,,,,,,,,,,,,,,,,,,,,,,,,,,,,,,,,,,,,,,,,,,,,,,,,,,,,,,,,,,,,,,,nan,,,,,,,,,,,,,,,
1305,2642.771240234375,0.026396190747618675,2.6396190747618675,9583.349786043167,10000,ppo,ppo,crawler,flat,action_dth_tot_plus_friction_thdot_formula,,,,,,,,,,,,,,,0.0024087422981780146,0,781,0.0,0.0,,,,,,,,,,,,,,,,,,,,,,,,,,,,,,,,,,,,,,,,,,,,,,,,,,,,,,,,,,,,,,,,,,,,,,,,,,nan,,,,,,,,,,,,,,,
1306,2491.072998046875,0.024886446073651314,2.4886446073651314,9590.55316066742,10000,ppo,ppo,crawler,flat,action_dth_tot_plus_friction_thdot_formula,,,,,,,,,,,,,,,0.0035369513674043526,0,781,0.0,0.0,,,,,,,,,,,,,,,,,,,,,,,,,,,,,,,,,,,,,,,,,,,,,,,,,,,,,,,,,,,,,,,,,,,,,,,,,,nan,,,,,,,,,,,,,,,
1307,2615.864501953125,0.026131633669137955,2.6131633669137955,9597.600399494171,10000,ppo,ppo,crawler,flat,action_dth_tot_plus_friction_thdot_formula,,,,,,,,,,,,,,,0.0026956006575873056,0,781,0.0,0.0,,,,,,,,,,,,,,,,,,,,,,,,,,,,,,,,,,,,,,,,,,,,,,,,,,,,,,,,,,,,,,,,,,,,,,,,,,nan,,,,,,,,,,,,,,,
1308,2719.918701171875,0.027170678600668907,2.7170678600668907,9604.877413988113,10000,ppo,ppo,crawler,flat,action_dth_tot_plus_friction_thdot_formula,,,,,,,,,,,,,,,0.002900624871027397,0,781,0.0,0.0,,,,,,,,,,,,,,,,,,,,,,,,,,,,,,,,,,,,,,,,,,,,,,,,,,,,,,,,,,,,,,,,,,,,,,,,,,nan,,,,,,,,,,,,,,,
1309,2507.591552734375,0.02504727616906166,2.504727616906166,9612.012948513031,10000,ppo,ppo,crawler,flat,action_dth_tot_plus_friction_thdot_formula,,,,,,,,,,,,,,,0.0033251318474516044,0,781,0.0,0.0,,,,,,,,,,,,,,,,,,,,,,,,,,,,,,,,,,,,,,,,,,,,,,,,,,,,,,,,,,,,,,,,,,,,,,,,,,nan,,,,,,,,,,,,,,,
1310,2523.00439453125,0.025204861536622047,2.5204861536622047,9619.187661409378,10000,ppo,ppo,crawler,flat,action_dth_tot_plus_friction_thdot_formula,,,,,,,,,,,,,,,0.0026819920974483096,0,781,0.0,0.0,,,,,,,,,,,,,,,,,,,,,,,,,,,,,,,,,,,,,,,,,,,,,,,,,,,,,,,,,,,,,,,,,,,,,,,,,,nan,,,,,,,,,,,,,,,
1311,2573.439208984375,0.025708340108394623,2.5708340108394623,9626.428206205368,10000,ppo,ppo,crawler,flat,action_dth_tot_plus_friction_thdot_formula,,,,,,,,,,,,,,,0.0021330548951413635,0,781,0.0,0.0,,,,,,,,,,,,,,,,,,,,,,,,,,,,,,,,,,,,,,,,,,,,,,,,,,,,,,,,,,,,,,,,,,,,,,,,,,nan,,,,,,,,,,,,,,,
1312,2489.876708984375,0.024869218468666077,2.4869218468666077,9633.923436403275,10000,ppo,ppo,crawler,flat,action_dth_tot_plus_friction_thdot_formula,,,,,,,,,,,,,,,0.003934081298859298,0,781,0.0,0.0,,,,,,,,,,,,,,,,,,,,,,,,,,,,,,,,,,,,,,,,,,,,,,,,,,,,,,,,,,,,,,,,,,,,,,,,,,nan,,,,,,,,,,,,,,,
1313,2530.584716796875,0.02527686394751072,2.527686394751072,9641.04476594925,10000,ppo,ppo,crawler,flat,action_dth_tot_plus_friction_thdot_formula,,,,,,,,,,,,,,,0.0029227838996993367,0,781,0.0,0.0,,,,,,,,,,,,,,,,,,,,,,,,,,,,,,,,,,,,,,,,,,,,,,,,,,,,,,,,,,,,,,,,,,,,,,,,,,nan,,,,,,,,,,,,,,,
1314,2617.617431640625,0.026149291545152664,2.6149291545152664,9648.295350551605,10000,ppo,ppo,crawler,flat,action_dth_tot_plus_friction_thdot_formula,,,,,,,,,,,,,,,0.002245367990962317,0,781,0.0,0.0,,,,,,,,,,,,,,,,,,,,,,,,,,,,,,,,,,,,,,,,,,,,,,,,,,,,,,,,,,,,,,,,,,,,,,,,,,nan,,,,,,,,,,,,,,,
1315,2555.846435546875,0.025531353428959846,2.5531353428959846,9655.582515954971,10000,ppo,ppo,crawler,flat,action_dth_tot_plus_friction_thdot_formula,,,,,,,,,,,,,,,0.002991007099350826,0,781,0.0,0.0,,,,,,,,,,,,,,,,,,,,,,,,,,,,,,,,,,,,,,,,,,,,,,,,,,,,,,,,,,,,,,,,,,,,,,,,,,nan,,,,,,,,,,,,,,,
1316,2571.615234375,0.02569315768778324,2.569315768778324,9662.716592788696,10000,ppo,ppo,crawler,flat,action_dth_tot_plus_friction_thdot_formula,,,,,,,,,,,,,,,0.001978078060565819,0,781,0.0,0.0,,,,,,,,,,,,,,,,,,,,,,,,,,,,,,,,,,,,,,,,,,,,,,,,,,,,,,,,,,,,,,,,,,,,,,,,,,nan,,,,,,,,,,,,,,,
1317,2524.51953125,0.02521832287311554,2.521832287311554,9669.8581366539,10000,ppo,ppo,crawler,flat,action_dth_tot_plus_friction_thdot_formula,,,,,,,,,,,,,,,0.0030895016540635483,0,781,0.0,0.0,,,,,,,,,,,,,,,,,,,,,,,,,,,,,,,,,,,,,,,,,,,,,,,,,,,,,,,,,,,,,,,,,,,,,,,,,,nan,,,,,,,,,,,,,,,
1318,2451.58642578125,0.02448839135468006,2.448839135468006,9676.95803141594,10000,ppo,ppo,crawler,flat,action_dth_tot_plus_friction_thdot_formula,,,,,,,,,,,,,,,0.0024870703102011357,0,781,0.0,0.0,,,,,,,,,,,,,,,,,,,,,,,,,,,,,,,,,,,,,,,,,,,,,,,,,,,,,,,,,,,,,,,,,,,,,,,,,,nan,,,,,,,,,,,,,,,
1319,2466.272216796875,0.024636568501591682,2.4636568501591682,9684.282544374466,10000,ppo,ppo,crawler,flat,action_dth_tot_plus_friction_thdot_formula,,,,,,,,,,,,,,,0.0022230822486098184,0,781,0.0,0.0,,,,,,,,,,,,,,,,,,,,,,,,,,,,,,,,,,,,,,,,,,,,,,,,,,,,,,,,,,,,,,,,,,,,,,,,,,nan,,,,,,,,,,,,,,,
1320,2585.703369140625,0.02582976035773754,2.582976035773754,9691.38749909401,10000,ppo,ppo,crawler,flat,action_dth_tot_plus_friction_thdot_formula,,,,,,,,,,,,,,,0.0028979479550341057,0,781,0.0,0.0,,,,,,,,,,,,,,,,,,,,,,,,,,,,,,,,,,,,,,,,,,,,,,,,,,,,,,,,,,,,,,,,,,,,,,,,,,nan,,,,,,,,,,,,,,,
1321,2504.006591796875,0.025018608197569847,2.5018608197569847,9698.547278165817,10000,ppo,ppo,crawler,flat,action_dth_tot_plus_friction_thdot_formula,,,,,,,,,,,,,,,0.002932040045045617,0,781,0.0,0.0,,,,,,,,,,,,,,,,,,,,,,,,,,,,,,,,,,,,,,,,,,,,,,,,,,,,,,,,,,,,,,,,,,,,,,,,,,nan,,,,,,,,,,,,,,,
1322,2475.62109375,0.024729134514927864,2.4729134514927864,9705.71760725975,10000,ppo,ppo,crawler,flat,action_dth_tot_plus_friction_thdot_formula,,,,,,,,,,,,,,,0.002766010753342956,0,781,0.0,0.0,,,,,,,,,,,,,,,,,,,,,,,,,,,,,,,,,,,,,,,,,,,,,,,,,,,,,,,,,,,,,,,,,,,,,,,,,,nan,,,,,,,,,,,,,,,
1323,2613.624755859375,0.026107536628842354,2.6107536628842354,9712.976411819458,10000,ppo,ppo,crawler,flat,action_dth_tot_plus_friction_thdot_formula,,,,,,,,,,,,,,,0.0030395705112397416,0,781,0.0,0.0,,,,,,,,,,,,,,,,,,,,,,,,,,,,,,,,,,,,,,,,,,,,,,,,,,,,,,,,,,,,,,,,,,,,,,,,,,nan,,,,,,,,,,,,,,,
1324,2497.419921875,0.024946289137005806,2.4946289137005806,9720.099379777908,10000,ppo,ppo,crawler,flat,action_dth_tot_plus_friction_thdot_formula,,,,,,,,,,,,,,,0.0020658259425209726,0,781,0.0,0.0,,,,,,,,,,,,,,,,,,,,,,,,,,,,,,,,,,,,,,,,,,,,,,,,,,,,,,,,,,,,,,,,,,,,,,,,,,nan,,,,,,,,,,,,,,,
1325,2477.809326171875,0.024749599397182465,2.4749599397182465,9727.357481002808,10000,ppo,ppo,crawler,flat,action_dth_tot_plus_friction_thdot_formula,,,,,,,,,,,,,,,0.0021505265923502537,0,781,0.0,0.0,,,,,,,,,,,,,,,,,,,,,,,,,,,,,,,,,,,,,,,,,,,,,,,,,,,,,,,,,,,,,,,,,,,,,,,,,,nan,,,,,,,,,,,,,,,
1326,2666.464599609375,0.026637444272637367,2.6637444272637367,9734.513336896896,10000,ppo,ppo,crawler,flat,action_dth_tot_plus_friction_thdot_formula,,,,,,,,,,,,,,,0.0025282188766369436,0,781,0.0,0.0,,,,,,,,,,,,,,,,,,,,,,,,,,,,,,,,,,,,,,,,,,,,,,,,,,,,,,,,,,,,,,,,,,,,,,,,,,nan,,,,,,,,,,,,,,,
1327,2479.468017578125,0.024773579090833664,2.4773579090833664,9741.788628578186,10000,ppo,ppo,crawler,flat,action_dth_tot_plus_friction_thdot_formula,,,,,,,,,,,,,,,0.00242353830876028,0,781,0.0,0.0,,,,,,,,,,,,,,,,,,,,,,,,,,,,,,,,,,,,,,,,,,,,,,,,,,,,,,,,,,,,,,,,,,,,,,,,,,nan,,,,,,,,,,,,,,,
1328,2551.34228515625,0.02548525109887123,2.548525109887123,9749.06162238121,10000,ppo,ppo,crawler,flat,action_dth_tot_plus_friction_thdot_formula,,,,,,,,,,,,,,,0.002575269279467591,0,781,0.0,0.0,,,,,,,,,,,,,,,,,,,,,,,,,,,,,,,,,,,,,,,,,,,,,,,,,,,,,,,,,,,,,,,,,,,,,,,,,,nan,,,,,,,,,,,,,,,
1329,2552.748779296875,0.025505226105451584,2.5505226105451584,9756.187898397446,10000,ppo,ppo,crawler,flat,action_dth_tot_plus_friction_thdot_formula,,,,,,,,,,,,,,,0.002325607667630598,0,781,0.0,0.0,,,,,,,,,,,,,,,,,,,,,,,,,,,,,,,,,,,,,,,,,,,,,,,,,,,,,,,,,,,,,,,,,,,,,,,,,,nan,,,,,,,,,,,,,,,
1330,2475.121826171875,0.024724233895540237,2.4724233895540237,9763.392066717148,10000,ppo,ppo,crawler,flat,action_dth_tot_plus_friction_thdot_formula,,,,,,,,,,,,,,,0.002677413110453433,0,781,0.0,0.0,,,,,,,,,,,,,,,,,,,,,,,,,,,,,,,,,,,,,,,,,,,,,,,,,,,,,,,,,,,,,,,,,,,,,,,,,,nan,,,,,,,,,,,,,,,
1331,2577.633544921875,0.02575272135436535,2.575272135436535,9770.60103058815,10000,ppo,ppo,crawler,flat,action_dth_tot_plus_friction_thdot_formula,,,,,,,,,,,,,,,0.002674576118436407,0,781,0.0,0.0,,,,,,,,,,,,,,,,,,,,,,,,,,,,,,,,,,,,,,,,,,,,,,,,,,,,,,,,,,,,,,,,,,,,,,,,,,nan,,,,,,,,,,,,,,,
1332,2629.65234375,0.026271730661392212,2.627173066139221,9777.69260597229,10000,ppo,ppo,crawler,flat,action_dth_tot_plus_friction_thdot_formula,,,,,,,,,,,,,,,0.0023098538284116663,0,781,0.0,0.0,,,,,,,,,,,,,,,,,,,,,,,,,,,,,,,,,,,,,,,,,,,,,,,,,,,,,,,,,,,,,,,,,,,,,,,,,,nan,,,,,,,,,,,,,,,
1333,2588.852294921875,0.025860942900180817,2.5860942900180817,9784.85218501091,10000,ppo,ppo,crawler,flat,action_dth_tot_plus_friction_thdot_formula,,,,,,,,,,,,,,,0.0029016295630170602,0,781,0.0,0.0,,,,,,,,,,,,,,,,,,,,,,,,,,,,,,,,,,,,,,,,,,,,,,,,,,,,,,,,,,,,,,,,,,,,,,,,,,nan,,,,,,,,,,,,,,,
1334,2668.5693359375,0.026656679809093475,2.6656679809093475,9792.004667758942,10000,ppo,ppo,crawler,flat,action_dth_tot_plus_friction_thdot_formula,,,,,,,,,,,,,,,0.003592999117426865,0,781,0.0,0.0,,,,,,,,,,,,,,,,,,,,,,,,,,,,,,,,,,,,,,,,,,,,,,,,,,,,,,,,,,,,,,,,,,,,,,,,,,nan,,,,,,,,,,,,,,,
1335,2606.692138671875,0.026042390614748,2.6042390614748,9799.22507095337,10000,ppo,ppo,crawler,flat,action_dth_tot_plus_friction_thdot_formula,,,,,,,,,,,,,,,0.00245803629066652,0,781,0.0,0.0,,,,,,,,,,,,,,,,,,,,,,,,,,,,,,,,,,,,,,,,,,,,,,,,,,,,,,,,,,,,,,,,,,,,,,,,,,nan,,,,,,,,,,,,,,,
1336,2562.57666015625,0.02560006082057953,2.560006082057953,9806.381148338318,10000,ppo,ppo,crawler,flat,action_dth_tot_plus_friction_thdot_formula,,,,,,,,,,,,,,,0.0024307656211291994,0,781,0.0,0.0,,,,,,,,,,,,,,,,,,,,,,,,,,,,,,,,,,,,,,,,,,,,,,,,,,,,,,,,,,,,,,,,,,,,,,,,,,nan,,,,,,,,,,,,,,,
1337,2580.647705078125,0.025775481015443802,2.57754810154438,9813.592396974564,10000,ppo,ppo,crawler,flat,action_dth_tot_plus_friction_thdot_formula,,,,,,,,,,,,,,,0.0035216385305536584,0,781,0.0,0.0,,,,,,,,,,,,,,,,,,,,,,,,,,,,,,,,,,,,,,,,,,,,,,,,,,,,,,,,,,,,,,,,,,,,,,,,,,nan,,,,,,,,,,,,,,,
1338,2521.08203125,0.025186702609062195,2.5186702609062195,9820.757306337357,10000,ppo,ppo,crawler,flat,action_dth_tot_plus_friction_thdot_formula,,,,,,,,,,,,,,,0.0025852402783518896,0,781,0.0,0.0,,,,,,,,,,,,,,,,,,,,,,,,,,,,,,,,,,,,,,,,,,,,,,,,,,,,,,,,,,,,,,,,,,,,,,,,,,nan,,,,,,,,,,,,,,,
1339,2628.3466796875,0.02625541388988495,2.625541388988495,9827.978518486023,10000,ppo,ppo,crawler,flat,action_dth_tot_plus_friction_thdot_formula,,,,,,,,,,,,,,,0.003013837851510024,0,781,0.0,0.0,,,,,,,,,,,,,,,,,,,,,,,,,,,,,,,,,,,,,,,,,,,,,,,,,,,,,,,,,,,,,,,,,,,,,,,,,,nan,,,,,,,,,,,,,,,
1340,2517.548095703125,0.02514892816543579,2.514892816543579,9835.034134864807,10000,ppo,ppo,crawler,flat,action_dth_tot_plus_friction_thdot_formula,,,,,,,,,,,,,,,0.0026712224217460855,0,781,0.0,0.0,,,,,,,,,,,,,,,,,,,,,,,,,,,,,,,,,,,,,,,,,,,,,,,,,,,,,,,,,,,,,,,,,,,,,,,,,,nan,,,,,,,,,,,,,,,
1341,2507.055908203125,0.02504541166126728,2.504541166126728,9842.488156557083,10000,ppo,ppo,crawler,flat,action_dth_tot_plus_friction_thdot_formula,,,,,,,,,,,,,,,0.0029086878081791404,0,781,0.0,0.0,,,,,,,,,,,,,,,,,,,,,,,,,,,,,,,,,,,,,,,,,,,,,,,,,,,,,,,,,,,,,,,,,,,,,,,,,,nan,,,,,,,,,,,,,,,
1342,2511.3642578125,0.025086378678679466,2.5086378678679466,9849.514699220657,10000,ppo,ppo,crawler,flat,action_dth_tot_plus_friction_thdot_formula,,,,,,,,,,,,,,,0.0018727481558608314,0,781,0.0,0.0,,,,,,,,,,,,,,,,,,,,,,,,,,,,,,,,,,,,,,,,,,,,,,,,,,,,,,,,,,,,,,,,,,,,,,,,,,nan,,,,,,,,,,,,,,,
1343,2517.6298828125,0.025151768699288368,2.515176869928837,9856.529615402222,10000,ppo,ppo,crawler,flat,action_dth_tot_plus_friction_thdot_formula,,,,,,,,,,,,,,,0.0027535067831041477,0,781,0.0,0.0,,,,,,,,,,,,,,,,,,,,,,,,,,,,,,,,,,,,,,,,,,,,,,,,,,,,,,,,,,,,,,,,,,,,,,,,,,nan,,,,,,,,,,,,,,,
1344,2535.26416015625,0.025321850553154945,2.5321850553154945,9863.78903722763,10000,ppo,ppo,crawler,flat,action_dth_tot_plus_friction_thdot_formula,,,,,,,,,,,,,,,0.0021349393088005665,0,781,0.0,0.0,,,,,,,,,,,,,,,,,,,,,,,,,,,,,,,,,,,,,,,,,,,,,,,,,,,,,,,,,,,,,,,,,,,,,,,,,,nan,,,,,,,,,,,,,,,
1345,2564.80029296875,0.02562044933438301,2.562044933438301,9870.918850183487,10000,ppo,ppo,crawler,flat,action_dth_tot_plus_friction_thdot_formula,,,,,,,,,,,,,,,0.00228424869417678,0,781,0.0,0.0,,,,,,,,,,,,,,,,,,,,,,,,,,,,,,,,,,,,,,,,,,,,,,,,,,,,,,,,,,,,,,,,,,,,,,,,,,nan,,,,,,,,,,,,,,,
1346,2440.62744140625,0.024376189336180687,2.4376189336180687,9878.059883832932,10000,ppo,ppo,crawler,flat,action_dth_tot_plus_friction_thdot_formula,,,,,,,,,,,,,,,0.002542573231225893,0,781,0.0,0.0,,,,,,,,,,,,,,,,,,,,,,,,,,,,,,,,,,,,,,,,,,,,,,,,,,,,,,,,,,,,,,,,,,,,,,,,,,nan,,,,,,,,,,,,,,,
1347,2518.614501953125,0.025156617164611816,2.5156617164611816,9885.015883684158,10000,ppo,ppo,crawler,flat,action_dth_tot_plus_friction_thdot_formula,,,,,,,,,,,,,,,0.00383803027879659,0,781,0.0,0.0,,,,,,,,,,,,,,,,,,,,,,,,,,,,,,,,,,,,,,,,,,,,,,,,,,,,,,,,,,,,,,,,,,,,,,,,,,nan,,,,,,,,,,,,,,,
1348,2505.439208984375,0.025025006383657455,2.5025006383657455,9892.333067893982,10000,ppo,ppo,crawler,flat,action_dth_tot_plus_friction_thdot_formula,,,,,,,,,,,,,,,0.002973164427875232,0,781,0.0,0.0,,,,,,,,,,,,,,,,,,,,,,,,,,,,,,,,,,,,,,,,,,,,,,,,,,,,,,,,,,,,,,,,,,,,,,,,,,nan,,,,,,,,,,,,,,,
1349,2435.768798828125,0.02433096244931221,2.433096244931221,9899.453623056412,10000,ppo,ppo,crawler,flat,action_dth_tot_plus_friction_thdot_formula,,,,,,,,,,,,,,,0.0028407258683965852,0,781,0.0,0.0,,,,,,,,,,,,,,,,,,,,,,,,,,,,,,,,,,,,,,,,,,,,,,,,,,,,,,,,,,,,,,,,,,,,,,,,,,nan,,,,,,,,,,,,,,,
1350,2569.14306640625,0.025663482025265694,2.5663482025265694,9906.692173957825,10000,ppo,ppo,crawler,flat,action_dth_tot_plus_friction_thdot_formula,,,,,,,,,,,,,,,0.002774491996235165,0,781,0.0,0.0,,,,,,,,,,,,,,,,,,,,,,,,,,,,,,,,,,,,,,,,,,,,,,,,,,,,,,,,,,,,,,,,,,,,,,,,,,nan,,,,,,,,,,,,,,,
1351,2514.9326171875,0.025122355669736862,2.512235566973686,9913.605963945389,10000,ppo,ppo,crawler,flat,action_dth_tot_plus_friction_thdot_formula,,,,,,,,,,,,,,,0.002291747806249449,0,781,0.0,0.0,,,,,,,,,,,,,,,,,,,,,,,,,,,,,,,,,,,,,,,,,,,,,,,,,,,,,,,,,,,,,,,,,,,,,,,,,,nan,,,,,,,,,,,,,,,
1352,2468.488037109375,0.024659205228090286,2.4659205228090286,9920.676305532455,10000,ppo,ppo,crawler,flat,action_dth_tot_plus_friction_thdot_formula,,,,,,,,,,,,,,,0.002667156326338272,0,781,0.0,0.0,,,,,,,,,,,,,,,,,,,,,,,,,,,,,,,,,,,,,,,,,,,,,,,,,,,,,,,,,,,,,,,,,,,,,,,,,,nan,,,,,,,,,,,,,,,
1353,2554.106201171875,0.02551000937819481,2.551000937819481,9927.905953407288,10000,ppo,ppo,crawler,flat,action_dth_tot_plus_friction_thdot_formula,,,,,,,,,,,,,,,0.0023235902768185914,0,781,0.0,0.0,,,,,,,,,,,,,,,,,,,,,,,,,,,,,,,,,,,,,,,,,,,,,,,,,,,,,,,,,,,,,,,,,,,,,,,,,,nan,,,,,,,,,,,,,,,
1354,2657.2158203125,0.02654486708343029,2.654486708343029,9935.089664697647,10000,ppo,ppo,crawler,flat,action_dth_tot_plus_friction_thdot_formula,,,,,,,,,,,,,,,0.001879831153476699,0,781,0.0,0.0,,,,,,,,,,,,,,,,,,,,,,,,,,,,,,,,,,,,,,,,,,,,,,,,,,,,,,,,,,,,,,,,,,,,,,,,,,nan,,,,,,,,,,,,,,,
1355,2562.441162109375,0.025595566257834435,2.5595566257834435,9942.185651540756,10000,ppo,ppo,crawler,flat,action_dth_tot_plus_friction_thdot_formula,,,,,,,,,,,,,,,0.002258466581076744,0,781,0.0,0.0,,,,,,,,,,,,,,,,,,,,,,,,,,,,,,,,,,,,,,,,,,,,,,,,,,,,,,,,,,,,,,,,,,,,,,,,,,nan,,,,,,,,,,,,,,,
1356,2540.431396484375,0.025375235825777054,2.5375235825777054,9949.422120809555,10000,ppo,ppo,crawler,flat,action_dth_tot_plus_friction_thdot_formula,,,,,,,,,,,,,,,0.003020446209288256,0,781,0.0,0.0,,,,,,,,,,,,,,,,,,,,,,,,,,,,,,,,,,,,,,,,,,,,,,,,,,,,,,,,,,,,,,,,,,,,,,,,,,nan,,,,,,,,,,,,,,,
1357,2685.67822265625,0.026827972382307053,2.6827972382307053,9956.42182970047,10000,ppo,ppo,crawler,flat,action_dth_tot_plus_friction_thdot_formula,,,,,,,,,,,,,,,0.0024554820782856754,0,781,0.0,0.0,,,,,,,,,,,,,,,,,,,,,,,,,,,,,,,,,,,,,,,,,,,,,,,,,,,,,,,,,,,,,,,,,,,,,,,,,,nan,,,,,,,,,,,,,,,
1358,2624.323974609375,0.02621673233807087,2.621673233807087,9963.517771959305,10000,ppo,ppo,crawler,flat,action_dth_tot_plus_friction_thdot_formula,,,,,,,,,,,,,,,0.0019727152018082206,0,781,0.0,0.0,,,,,,,,,,,,,,,,,,,,,,,,,,,,,,,,,,,,,,,,,,,,,,,,,,,,,,,,,,,,,,,,,,,,,,,,,,nan,,,,,,,,,,,,,,,
1359,2582.144287109375,0.025793641805648804,2.5793641805648804,9970.50245308876,10000,ppo,ppo,crawler,flat,action_dth_tot_plus_friction_thdot_formula,,,,,,,,,,,,,,,0.0029559959981694255,0,781,0.0,0.0,,,,,,,,,,,,,,,,,,,,,,,,,,,,,,,,,,,,,,,,,,,,,,,,,,,,,,,,,,,,,,,,,,,,,,,,,,nan,,,,,,,,,,,,,,,
1360,2583.69091796875,0.025807781144976616,2.5807781144976616,9977.744433403015,10000,ppo,ppo,crawler,flat,action_dth_tot_plus_friction_thdot_formula,,,,,,,,,,,,,,,0.002972357446814037,0,781,0.0,0.0,,,,,,,,,,,,,,,,,,,,,,,,,,,,,,,,,,,,,,,,,,,,,,,,,,,,,,,,,,,,,,,,,,,,,,,,,,nan,,,,,,,,,,,,,,,
1361,2647.282470703125,0.026446089148521423,2.6446089148521423,9984.821332216263,10000,ppo,ppo,crawler,flat,action_dth_tot_plus_friction_thdot_formula,,,,,,,,,,,,,,,0.0027412090604205432,0,781,0.0,0.0,,,,,,,,,,,,,,,,,,,,,,,,,,,,,,,,,,,,,,,,,,,,,,,,,,,,,,,,,,,,,,,,,,,,,,,,,,nan,,,,,,,,,,,,,,,
1362,2580.87548828125,0.025774968788027763,2.5774968788027763,9991.731398820877,10000,ppo,ppo,crawler,flat,action_dth_tot_plus_friction_thdot_formula,,,,,,,,,,,,,,,0.0025151184989287306,0,781,0.0,0.0,,,,,,,,,,,,,,,,,,,,,,,,,,,,,,,,,,,,,,,,,,,,,,,,,,,,,,,,,,,,,,,,,,,,,,,,,,nan,,,,,,,,,,,,,,,
1363,2695.02783203125,0.026923058554530144,2.6923058554530144,9998.929431915283,10000,ppo,ppo,crawler,flat,action_dth_tot_plus_friction_thdot_formula,,,,,,,,,,,,,,,0.0031194162123363164,0,781,0.0,0.0,,,,,,,,,,,,,,,,,,,,,,,,,,,,,,,,,,,,,,,,,,,,,,,,,,,,,,,,,,,,,,,,,,,,,,,,,,nan,,,,,,,,,,,,,,,
1364,2584.928466796875,0.025818713009357452,2.5818713009357452,10006.039416313171,10000,ppo,ppo,crawler,flat,action_dth_tot_plus_friction_thdot_formula,,,,,,,,,,,,,,,0.0018800033539847832,0,781,0.0,0.0,,,,,,,,,,,,,,,,,,,,,,,,,,,,,,,,,,,,,,,,,,,,,,,,,,,,,,,,,,,,,,,,,,,,,,,,,,nan,,,,,,,,,,,,,,,
1365,2662.967529296875,0.02660558372735977,2.660558372735977,10013.21308517456,10000,ppo,ppo,crawler,flat,action_dth_tot_plus_friction_thdot_formula,,,,,,,,,,,,,,,0.0029186189311264958,0,781,0.0,0.0,,,,,,,,,,,,,,,,,,,,,,,,,,,,,,,,,,,,,,,,,,,,,,,,,,,,,,,,,,,,,,,,,,,,,,,,,,nan,,,,,,,,,,,,,,,
1366,2750.249755859375,0.0274751465767622,2.74751465767622,10020.34945654869,10000,ppo,ppo,crawler,flat,action_dth_tot_plus_friction_thdot_formula,,,,,,,,,,,,,,,0.0027160376212565602,0,781,0.0,0.0,,,,,,,,,,,,,,,,,,,,,,,,,,,,,,,,,,,,,,,,,,,,,,,,,,,,,,,,,,,,,,,,,,,,,,,,,,nan,,,,,,,,,,,,,,,
1367,2706.703857421875,0.027037663385272026,2.7037663385272026,10027.496960401535,10000,ppo,ppo,crawler,flat,action_dth_tot_plus_friction_thdot_formula,,,,,,,,,,,,,,,0.0021527694083902883,0,781,0.0,0.0,,,,,,,,,,,,,,,,,,,,,,,,,,,,,,,,,,,,,,,,,,,,,,,,,,,,,,,,,,,,,,,,,,,,,,,,,,nan,,,,,,,,,,,,,,,
1368,2828.4228515625,0.028254153206944466,2.8254153206944466,10034.595252752304,10000,ppo,ppo,crawler,flat,action_dth_tot_plus_friction_thdot_formula,,,,,,,,,,,,,,,0.002395155157712938,0,781,0.0,0.0,,,,,,,,,,,,,,,,,,,,,,,,,,,,,,,,,,,,,,,,,,,,,,,,,,,,,,,,,,,,,,,,,,,,,,,,,,nan,,,,,,,,,,,,,,,
1369,2697.115478515625,0.026944976300001144,2.6944976300001144,10041.710077047348,10000,ppo,ppo,crawler,flat,action_dth_tot_plus_friction_thdot_formula,,,,,,,,,,,,,,,0.002500524500828527,0,781,0.0,0.0,,,,,,,,,,,,,,,,,,,,,,,,,,,,,,,,,,,,,,,,,,,,,,,,,,,,,,,,,,,,,,,,,,,,,,,,,,nan,,,,,,,,,,,,,,,
1370,2624.32666015625,0.026214303448796272,2.6214303448796272,10048.658876180649,10000,ppo,ppo,crawler,flat,action_dth_tot_plus_friction_thdot_formula,,,,,,,,,,,,,,,0.002335772760146537,0,781,0.0,0.0,,,,,,,,,,,,,,,,,,,,,,,,,,,,,,,,,,,,,,,,,,,,,,,,,,,,,,,,,,,,,,,,,,,,,,,,,,nan,,,,,,,,,,,,,,,
1371,2694.49755859375,0.02691740356385708,2.691740356385708,10055.820941448212,10000,ppo,ppo,crawler,flat,action_dth_tot_plus_friction_thdot_formula,,,,,,,,,,,,,,,0.0024648094373512486,0,781,0.0,0.0,,,,,,,,,,,,,,,,,,,,,,,,,,,,,,,,,,,,,,,,,,,,,,,,,,,,,,,,,,,,,,,,,,,,,,,,,,nan,,,,,,,,,,,,,,,
1372,2674.030029296875,0.026714617386460304,2.6714617386460304,10062.883959293365,10000,ppo,ppo,crawler,flat,action_dth_tot_plus_friction_thdot_formula,,,,,,,,,,,,,,,0.0023903511032696443,0,781,0.0,0.0,,,,,,,,,,,,,,,,,,,,,,,,,,,,,,,,,,,,,,,,,,,,,,,,,,,,,,,,,,,,,,,,,,,,,,,,,,nan,,,,,,,,,,,,,,,
1373,2670.35205078125,0.02667510323226452,2.667510323226452,10070.0292096138,10000,ppo,ppo,crawler,flat,action_dth_tot_plus_friction_thdot_formula,,,,,,,,,,,,,,,0.0033119459304926982,0,781,0.0,0.0,,,,,,,,,,,,,,,,,,,,,,,,,,,,,,,,,,,,,,,,,,,,,,,,,,,,,,,,,,,,,,,,,,,,,,,,,,nan,,,,,,,,,,,,,,,
1374,2660.758056640625,0.026583855971693993,2.6583855971693993,10077.055942058563,10000,ppo,ppo,crawler,flat,action_dth_tot_plus_friction_thdot_formula,,,,,,,,,,,,,,,0.0022692809290346234,0,781,0.0,0.0,,,,,,,,,,,,,,,,,,,,,,,,,,,,,,,,,,,,,,,,,,,,,,,,,,,,,,,,,,,,,,,,,,,,,,,,,,nan,,,,,,,,,,,,,,,
1375,2695.214599609375,0.02692542038857937,2.692542038857937,10084.325716972351,10000,ppo,ppo,crawler,flat,action_dth_tot_plus_friction_thdot_formula,,,,,,,,,,,,,,,0.0023750412285255765,0,781,0.0,0.0,,,,,,,,,,,,,,,,,,,,,,,,,,,,,,,,,,,,,,,,,,,,,,,,,,,,,,,,,,,,,,,,,,,,,,,,,,nan,,,,,,,,,,,,,,,
1376,2588.199951171875,0.025854626670479774,2.5854626670479774,10091.412870645523,10000,ppo,ppo,crawler,flat,action_dth_tot_plus_friction_thdot_formula,,,,,,,,,,,,,,,0.0027844053505300978,0,781,0.0,0.0,,,,,,,,,,,,,,,,,,,,,,,,,,,,,,,,,,,,,,,,,,,,,,,,,,,,,,,,,,,,,,,,,,,,,,,,,,nan,,,,,,,,,,,,,,,
1377,2501.62109375,0.02499089203774929,2.499089203774929,10098.549496650696,10000,ppo,ppo,crawler,flat,action_dth_tot_plus_friction_thdot_formula,,,,,,,,,,,,,,,0.0023349923840482456,0,781,0.0,0.0,,,,,,,,,,,,,,,,,,,,,,,,,,,,,,,,,,,,,,,,,,,,,,,,,,,,,,,,,,,,,,,,,,,,,,,,,,nan,,,,,,,,,,,,,,,
1378,2675.2333984375,0.026724273338913918,2.6724273338913918,10105.614537000656,10000,ppo,ppo,crawler,flat,action_dth_tot_plus_friction_thdot_formula,,,,,,,,,,,,,,,0.00250302410466005,0,781,0.0,0.0,,,,,,,,,,,,,,,,,,,,,,,,,,,,,,,,,,,,,,,,,,,,,,,,,,,,,,,,,,,,,,,,,,,,,,,,,,nan,,,,,,,,,,,,,,,
1379,2660.793701171875,0.02657877653837204,2.657877653837204,10112.727302789688,10000,ppo,ppo,crawler,flat,action_dth_tot_plus_friction_thdot_formula,,,,,,,,,,,,,,,0.00307680310675649,0,781,0.0,0.0,,,,,,,,,,,,,,,,,,,,,,,,,,,,,,,,,,,,,,,,,,,,,,,,,,,,,,,,,,,,,,,,,,,,,,,,,,nan,,,,,,,,,,,,,,,
1380,2630.324951171875,0.02627674490213394,2.627674490213394,10119.826586008072,10000,ppo,ppo,crawler,flat,action_dth_tot_plus_friction_thdot_formula,,,,,,,,,,,,,,,0.002505477209439532,0,781,0.0,0.0,,,,,,,,,,,,,,,,,,,,,,,,,,,,,,,,,,,,,,,,,,,,,,,,,,,,,,,,,,,,,,,,,,,,,,,,,,nan,,,,,,,,,,,,,,,
1381,2645.65478515625,0.026430007070302963,2.6430007070302963,10126.84347319603,10000,ppo,ppo,crawler,flat,action_dth_tot_plus_friction_thdot_formula,,,,,,,,,,,,,,,0.003350637924768598,0,781,0.0,0.0,,,,,,,,,,,,,,,,,,,,,,,,,,,,,,,,,,,,,,,,,,,,,,,,,,,,,,,,,,,,,,,,,,,,,,,,,,nan,,,,,,,,,,,,,,,
1382,2703.044189453125,0.027002714574337006,2.7002714574337006,10134.04480934143,10000,ppo,ppo,crawler,flat,action_dth_tot_plus_friction_thdot_formula,,,,,,,,,,,,,,,0.0025559523853216385,0,781,0.0,0.0,,,,,,,,,,,,,,,,,,,,,,,,,,,,,,,,,,,,,,,,,,,,,,,,,,,,,,,,,,,,,,,,,,,,,,,,,,nan,,,,,,,,,,,,,,,
1383,2562.303466796875,0.025600042194128036,2.5600042194128036,10141.287454366684,10000,ppo,ppo,crawler,flat,action_dth_tot_plus_friction_thdot_formula,,,,,,,,,,,,,,,0.0030936107360152705,0,781,0.0,0.0,,,,,,,,,,,,,,,,,,,,,,,,,,,,,,,,,,,,,,,,,,,,,,,,,,,,,,,,,,,,,,,,,,,,,,,,,,nan,,,,,,,,,,,,,,,
1384,2668.490966796875,0.02665857784450054,2.665857784450054,10148.440933465958,10000,ppo,ppo,crawler,flat,action_dth_tot_plus_friction_thdot_formula,,,,,,,,,,,,,,,0.0023494157570482215,0,781,0.0,0.0,,,,,,,,,,,,,,,,,,,,,,,,,,,,,,,,,,,,,,,,,,,,,,,,,,,,,,,,,,,,,,,,,,,,,,,,,,nan,,,,,,,,,,,,,,,
1385,2640.816162109375,0.026385396718978882,2.638539671897888,10155.432979822159,10000,ppo,ppo,crawler,flat,action_dth_tot_plus_friction_thdot_formula,,,,,,,,,,,,,,,0.002566293757838148,0,781,0.0,0.0,,,,,,,,,,,,,,,,,,,,,,,,,,,,,,,,,,,,,,,,,,,,,,,,,,,,,,,,,,,,,,,,,,,,,,,,,,nan,,,,,,,,,,,,,,,
1386,2576.802490234375,0.025739671662449837,2.5739671662449837,10162.870975971222,10000,ppo,ppo,crawler,flat,action_dth_tot_plus_friction_thdot_formula,,,,,,,,,,,,,,,0.003151893152818966,0,781,0.0,0.0,,,,,,,,,,,,,,,,,,,,,,,,,,,,,,,,,,,,,,,,,,,,,,,,,,,,,,,,,,,,,,,,,,,,,,,,,,nan,,,,,,,,,,,,,,,
1387,2599.619140625,0.025968428701162338,2.596842870116234,10169.97007393837,10000,ppo,ppo,crawler,flat,action_dth_tot_plus_friction_thdot_formula,,,,,,,,,,,,,,,0.0029169892580782047,0,781,0.0,0.0,,,,,,,,,,,,,,,,,,,,,,,,,,,,,,,,,,,,,,,,,,,,,,,,,,,,,,,,,,,,,,,,,,,,,,,,,,nan,,,,,,,,,,,,,,,
1388,2645.516357421875,0.026428887620568275,2.6428887620568275,10177.334303855896,10000,ppo,ppo,crawler,flat,action_dth_tot_plus_friction_thdot_formula,,,,,,,,,,,,,,,0.0035971047703436698,0,781,0.0,0.0,,,,,,,,,,,,,,,,,,,,,,,,,,,,,,,,,,,,,,,,,,,,,,,,,,,,,,,,,,,,,,,,,,,,,,,,,,nan,,,,,,,,,,,,,,,
1389,2581.608154296875,0.025789787992835045,2.5789787992835045,10184.429532289505,10000,ppo,ppo,crawler,flat,action_dth_tot_plus_friction_thdot_formula,,,,,,,,,,,,,,,0.0029357256816545676,0,781,0.0,0.0,,,,,,,,,,,,,,,,,,,,,,,,,,,,,,,,,,,,,,,,,,,,,,,,,,,,,,,,,,,,,,,,,,,,,,,,,,nan,,,,,,,,,,,,,,,
1390,2692.651123046875,0.026902765035629272,2.6902765035629272,10191.66562962532,10000,ppo,ppo,crawler,flat,action_dth_tot_plus_friction_thdot_formula,,,,,,,,,,,,,,,0.0035772840980223945,0,781,0.0,0.0,,,,,,,,,,,,,,,,,,,,,,,,,,,,,,,,,,,,,,,,,,,,,,,,,,,,,,,,,,,,,,,,,,,,,,,,,,nan,,,,,,,,,,,,,,,
1391,2600.335205078125,0.02597317472100258,2.597317472100258,10198.954916715622,10000,ppo,ppo,crawler,flat,action_dth_tot_plus_friction_thdot_formula,,,,,,,,,,,,,,,0.0031590529721007873,0,781,0.0,0.0,,,,,,,,,,,,,,,,,,,,,,,,,,,,,,,,,,,,,,,,,,,,,,,,,,,,,,,,,,,,,,,,,,,,,,,,,,nan,,,,,,,,,,,,,,,
1392,2611.663818359375,0.026088858023285866,2.6088858023285866,10206.150949001312,10000,ppo,ppo,crawler,flat,action_dth_tot_plus_friction_thdot_formula,,,,,,,,,,,,,,,0.0033361003888820427,0,781,0.0,0.0,,,,,,,,,,,,,,,,,,,,,,,,,,,,,,,,,,,,,,,,,,,,,,,,,,,,,,,,,,,,,,,,,,,,,,,,,,nan,,,,,,,,,,,,,,,
1393,2490.444580078125,0.02487359009683132,2.487359009683132,10213.232423782349,10000,ppo,ppo,crawler,flat,action_dth_tot_plus_friction_thdot_formula,,,,,,,,,,,,,,,0.0030631709138599847,0,781,0.0,0.0,,,,,,,,,,,,,,,,,,,,,,,,,,,,,,,,,,,,,,,,,,,,,,,,,,,,,,,,,,,,,,,,,,,,,,,,,,nan,,,,,,,,,,,,,,,
1394,2586.151611328125,0.0258337389677763,2.58337389677763,10220.577944755554,10000,ppo,ppo,crawler,flat,action_dth_tot_plus_friction_thdot_formula,,,,,,,,,,,,,,,0.003347984334060722,0,781,0.0,0.0,,,,,,,,,,,,,,,,,,,,,,,,,,,,,,,,,,,,,,,,,,,,,,,,,,,,,,,,,,,,,,,,,,,,,,,,,,nan,,,,,,,,,,,,,,,
1395,2654.79541015625,0.026519546285271645,2.6519546285271645,10227.789788246155,10000,ppo,ppo,crawler,flat,action_dth_tot_plus_friction_thdot_formula,,,,,,,,,,,,,,,0.003013968296964962,0,781,0.0,0.0,,,,,,,,,,,,,,,,,,,,,,,,,,,,,,,,,,,,,,,,,,,,,,,,,,,,,,,,,,,,,,,,,,,,,,,,,,nan,,,,,,,,,,,,,,,
1396,2511.618408203125,0.02509159781038761,2.509159781038761,10234.950071573257,10000,ppo,ppo,crawler,flat,action_dth_tot_plus_friction_thdot_formula,,,,,,,,,,,,,,,0.0025083814345096883,0,781,0.0,0.0,,,,,,,,,,,,,,,,,,,,,,,,,,,,,,,,,,,,,,,,,,,,,,,,,,,,,,,,,,,,,,,,,,,,,,,,,,nan,,,,,,,,,,,,,,,
1397,2557.842529296875,0.025549037382006645,2.5549037382006645,10242.07993221283,10000,ppo,ppo,crawler,flat,action_dth_tot_plus_friction_thdot_formula,,,,,,,,,,,,,,,0.002454663761114826,0,781,0.0,0.0,,,,,,,,,,,,,,,,,,,,,,,,,,,,,,,,,,,,,,,,,,,,,,,,,,,,,,,,,,,,,,,,,,,,,,,,,,nan,,,,,,,,,,,,,,,
1398,2619.601318359375,0.026172401383519173,2.6172401383519173,10249.404295921326,10000,ppo,ppo,crawler,flat,action_dth_tot_plus_friction_thdot_formula,,,,,,,,,,,,,,,0.0035770827634620784,0,781,0.0,0.0,,,,,,,,,,,,,,,,,,,,,,,,,,,,,,,,,,,,,,,,,,,,,,,,,,,,,,,,,,,,,,,,,,,,,,,,,,nan,,,,,,,,,,,,,,,
1399,2522.5947265625,0.025200383737683296,2.5200383737683296,10256.558077573776,10000,ppo,ppo,crawler,flat,action_dth_tot_plus_friction_thdot_formula,,,,,,,,,,,,,,,0.0029409870723853897,0,781,0.0,0.0,,,,,,,,,,,,,,,,,,,,,,,,,,,,,,,,,,,,,,,,,,,,,,,,,,,,,,,,,,,,,,,,,,,,,,,,,,nan,,,,,,,,,,,,,,,
1400,2535.24072265625,0.025329403579235077,2.5329403579235077,10263.895334720612,10000,ppo,ppo,crawler,flat,action_dth_tot_plus_friction_thdot_formula,,,,,,,,,,,,,,,0.0028989138317556166,0,781,0.0,0.0,,,,,,,,,,,,,,,,,,,,,,,,,,,,,,,,,,,,,,,,,,,,,,,,,,,,,,,,,,,,,,,,,,,,,,,,,,nan,,,,,,,,,,,,,,,
1401,2524.842041015625,0.025221705436706543,2.5221705436706543,10271.087682008743,10000,ppo,ppo,crawler,flat,action_dth_tot_plus_friction_thdot_formula,,,,,,,,,,,,,,,0.0022749871165129725,0,781,0.0,0.0,,,,,,,,,,,,,,,,,,,,,,,,,,,,,,,,,,,,,,,,,,,,,,,,,,,,,,,,,,,,,,,,,,,,,,,,,,nan,,,,,,,,,,,,,,,
1402,2512.54638671875,0.02509688213467598,2.509688213467598,10278.249974250793,10000,ppo,ppo,crawler,flat,action_dth_tot_plus_friction_thdot_formula,,,,,,,,,,,,,,,0.0032921984519200726,0,781,0.0,0.0,,,,,,,,,,,,,,,,,,,,,,,,,,,,,,,,,,,,,,,,,,,,,,,,,,,,,,,,,,,,,,,,,,,,,,,,,,nan,,,,,,,,,,,,,,,
1403,2563.56005859375,0.025611834600567818,2.5611834600567818,10285.383842229843,10000,ppo,ppo,crawler,flat,action_dth_tot_plus_friction_thdot_formula,,,,,,,,,,,,,,,0.0029077878838676898,0,781,0.0,0.0,,,,,,,,,,,,,,,,,,,,,,,,,,,,,,,,,,,,,,,,,,,,,,,,,,,,,,,,,,,,,,,,,,,,,,,,,,nan,,,,,,,,,,,,,,,
1404,2413.550537109375,0.024109700694680214,2.4109700694680214,10292.443402528763,10000,ppo,ppo,crawler,flat,action_dth_tot_plus_friction_thdot_formula,,,,,,,,,,,,,,,0.003000973137131345,0,781,0.0,0.0,,,,,,,,,,,,,,,,,,,,,,,,,,,,,,,,,,,,,,,,,,,,,,,,,,,,,,,,,,,,,,,,,,,,,,,,,,nan,,,,,,,,,,,,,,,
1405,2452.950927734375,0.024503735825419426,2.4503735825419426,10299.781023740768,10000,ppo,ppo,crawler,flat,action_dth_tot_plus_friction_thdot_formula,,,,,,,,,,,,,,,0.002928468826102873,0,781,0.0,0.0,,,,,,,,,,,,,,,,,,,,,,,,,,,,,,,,,,,,,,,,,,,,,,,,,,,,,,,,,,,,,,,,,,,,,,,,,,nan,,,,,,,,,,,,,,,
1406,2443.68017578125,0.024411238729953766,2.4411238729953766,10306.894189119339,10000,ppo,ppo,crawler,flat,action_dth_tot_plus_friction_thdot_formula,,,,,,,,,,,,,,,0.0026778380741143454,0,781,0.0,0.0,,,,,,,,,,,,,,,,,,,,,,,,,,,,,,,,,,,,,,,,,,,,,,,,,,,,,,,,,,,,,,,,,,,,,,,,,,nan,,,,,,,,,,,,,,,
1407,2450.259765625,0.02447683736681938,2.447683736681938,10314.071015357971,10000,ppo,ppo,crawler,flat,action_dth_tot_plus_friction_thdot_formula,,,,,,,,,,,,,,,0.002765436932830934,0,781,0.0,0.0,,,,,,,,,,,,,,,,,,,,,,,,,,,,,,,,,,,,,,,,,,,,,,,,,,,,,,,,,,,,,,,,,,,,,,,,,,nan,,,,,,,,,,,,,,,
1408,2413.73046875,0.02410982921719551,2.410982921719551,10321.182426691055,10000,ppo,ppo,crawler,flat,action_dth_tot_plus_friction_thdot_formula,,,,,,,,,,,,,,,0.002949320733218982,0,781,0.0,0.0,,,,,,,,,,,,,,,,,,,,,,,,,,,,,,,,,,,,,,,,,,,,,,,,,,,,,,,,,,,,,,,,,,,,,,,,,,nan,,,,,,,,,,,,,,,
1409,2483.409912109375,0.02480790950357914,2.480790950357914,10328.679202795029,10000,ppo,ppo,crawler,flat,action_dth_tot_plus_friction_thdot_formula,,,,,,,,,,,,,,,0.00314608795701606,0,781,0.0,0.0,,,,,,,,,,,,,,,,,,,,,,,,,,,,,,,,,,,,,,,,,,,,,,,,,,,,,,,,,,,,,,,,,,,,,,,,,,nan,,,,,,,,,,,,,,,
1410,2574.833251953125,0.025717614218592644,2.5717614218592644,10335.73126077652,10000,ppo,ppo,crawler,flat,action_dth_tot_plus_friction_thdot_formula,,,,,,,,,,,,,,,0.0020919647143805512,0,781,0.0,0.0,,,,,,,,,,,,,,,,,,,,,,,,,,,,,,,,,,,,,,,,,,,,,,,,,,,,,,,,,,,,,,,,,,,,,,,,,,nan,,,,,,,,,,,,,,,
1411,2455.5947265625,0.02453170344233513,2.453170344233513,10343.001379489899,10000,ppo,ppo,crawler,flat,action_dth_tot_plus_friction_thdot_formula,,,,,,,,,,,,,,,0.0021309067155535614,0,781,0.0,0.0,,,,,,,,,,,,,,,,,,,,,,,,,,,,,,,,,,,,,,,,,,,,,,,,,,,,,,,,,,,,,,,,,,,,,,,,,,nan,,,,,,,,,,,,,,,
1412,2470.66650390625,0.024678917601704597,2.4678917601704597,10350.149496078491,10000,ppo,ppo,crawler,flat,action_dth_tot_plus_friction_thdot_formula,,,,,,,,,,,,,,,0.0034750168536409314,0,781,0.0,0.0,,,,,,,,,,,,,,,,,,,,,,,,,,,,,,,,,,,,,,,,,,,,,,,,,,,,,,,,,,,,,,,,,,,,,,,,,,nan,,,,,,,,,,,,,,,
1413,2528.180419921875,0.025256024673581123,2.5256024673581123,10357.397576332092,10000,ppo,ppo,crawler,flat,action_dth_tot_plus_friction_thdot_formula,,,,,,,,,,,,,,,0.0022677592851567973,0,781,0.0,0.0,,,,,,,,,,,,,,,,,,,,,,,,,,,,,,,,,,,,,,,,,,,,,,,,,,,,,,,,,,,,,,,,,,,,,,,,,,nan,,,,,,,,,,,,,,,
1414,2552.1201171875,0.02549239806830883,2.549239806830883,10364.45105266571,10000,ppo,ppo,crawler,flat,action_dth_tot_plus_friction_thdot_formula,,,,,,,,,,,,,,,0.002690917030210868,0,781,0.0,0.0,,,,,,,,,,,,,,,,,,,,,,,,,,,,,,,,,,,,,,,,,,,,,,,,,,,,,,,,,,,,,,,,,,,,,,,,,,nan,,,,,,,,,,,,,,,
1415,2523.470703125,0.025209343060851097,2.5209343060851097,10371.620182037354,10000,ppo,ppo,crawler,flat,action_dth_tot_plus_friction_thdot_formula,,,,,,,,,,,,,,,0.0028971332695815716,0,781,0.0,0.0,,,,,,,,,,,,,,,,,,,,,,,,,,,,,,,,,,,,,,,,,,,,,,,,,,,,,,,,,,,,,,,,,,,,,,,,,,nan,,,,,,,,,,,,,,,
1416,2522.374755859375,0.02520080655813217,2.520080655813217,10378.830851316452,10000,ppo,ppo,crawler,flat,action_dth_tot_plus_friction_thdot_formula,,,,,,,,,,,,,,,0.002605333498542861,0,781,0.0,0.0,,,,,,,,,,,,,,,,,,,,,,,,,,,,,,,,,,,,,,,,,,,,,,,,,,,,,,,,,,,,,,,,,,,,,,,,,,nan,,,,,,,,,,,,,,,
1417,2469.578857421875,0.024665139615535736,2.4665139615535736,10386.059022188187,10000,ppo,ppo,crawler,flat,action_dth_tot_plus_friction_thdot_formula,,,,,,,,,,,,,,,0.0027877527400365317,0,781,0.0,0.0,,,,,,,,,,,,,,,,,,,,,,,,,,,,,,,,,,,,,,,,,,,,,,,,,,,,,,,,,,,,,,,,,,,,,,,,,,nan,,,,,,,,,,,,,,,
1418,2536.25244140625,0.025337425991892815,2.5337425991892815,10393.12688088417,10000,ppo,ppo,crawler,flat,action_dth_tot_plus_friction_thdot_formula,,,,,,,,,,,,,,,0.0029024493428696633,0,781,0.0,0.0,,,,,,,,,,,,,,,,,,,,,,,,,,,,,,,,,,,,,,,,,,,,,,,,,,,,,,,,,,,,,,,,,,,,,,,,,,nan,,,,,,,,,,,,,,,
1419,2554.66455078125,0.02551940269768238,2.551940269768238,10400.274948120117,10000,ppo,ppo,crawler,flat,action_dth_tot_plus_friction_thdot_formula,,,,,,,,,,,,,,,0.0017554611787462318,0,781,0.0,0.0,,,,,,,,,,,,,,,,,,,,,,,,,,,,,,,,,,,,,,,,,,,,,,,,,,,,,,,,,,,,,,,,,,,,,,,,,,nan,,,,,,,,,,,,,,,
1420,2416.191650390625,0.02413717843592167,2.413717843592167,10407.554043769836,10000,ppo,ppo,crawler,flat,action_dth_tot_plus_friction_thdot_formula,,,,,,,,,,,,,,,0.00248986213475021,0,781,0.0,0.0,,,,,,,,,,,,,,,,,,,,,,,,,,,,,,,,,,,,,,,,,,,,,,,,,,,,,,,,,,,,,,,,,,,,,,,,,,nan,,,,,,,,,,,,,,,
1421,2484.064208984375,0.02481183595955372,2.481183595955372,10414.71589756012,10000,ppo,ppo,crawler,flat,action_dth_tot_plus_friction_thdot_formula,,,,,,,,,,,,,,,0.003215030957894011,0,781,0.0,0.0,,,,,,,,,,,,,,,,,,,,,,,,,,,,,,,,,,,,,,,,,,,,,,,,,,,,,,,,,,,,,,,,,,,,,,,,,,nan,,,,,,,,,,,,,,,
1422,2609.68994140625,0.026071785017848015,2.6071785017848015,10421.94287443161,10000,ppo,ppo,crawler,flat,action_dth_tot_plus_friction_thdot_formula,,,,,,,,,,,,,,,0.0027812385961273863,0,781,0.0,0.0,,,,,,,,,,,,,,,,,,,,,,,,,,,,,,,,,,,,,,,,,,,,,,,,,,,,,,,,,,,,,,,,,,,,,,,,,,nan,,,,,,,,,,,,,,,
1423,2541.0,0.02538163773715496,2.538163773715496,10429.139156579971,10000,ppo,ppo,crawler,flat,action_dth_tot_plus_friction_thdot_formula,,,,,,,,,,,,,,,0.002499484951356271,0,781,0.0,0.0,,,,,,,,,,,,,,,,,,,,,,,,,,,,,,,,,,,,,,,,,,,,,,,,,,,,,,,,,,,,,,,,,,,,,,,,,,nan,,,,,,,,,,,,,,,
1424,2511.69775390625,0.025091350078582764,2.5091350078582764,10436.559440851212,10000,ppo,ppo,crawler,flat,action_dth_tot_plus_friction_thdot_formula,,,,,,,,,,,,,,,0.002339540108759314,0,781,0.0,0.0,,,,,,,,,,,,,,,,,,,,,,,,,,,,,,,,,,,,,,,,,,,,,,,,,,,,,,,,,,,,,,,,,,,,,,,,,,nan,,,,,,,,,,,,,,,
1425,2551.265869140625,0.025482220575213432,2.5482220575213432,10443.685992479324,10000,ppo,ppo,crawler,flat,action_dth_tot_plus_friction_thdot_formula,,,,,,,,,,,,,,,0.002603878295281604,0,781,0.0,0.0,,,,,,,,,,,,,,,,,,,,,,,,,,,,,,,,,,,,,,,,,,,,,,,,,,,,,,,,,,,,,,,,,,,,,,,,,,nan,,,,,,,,,,,,,,,
1426,2681.7724609375,0.02678520418703556,2.678520418703556,10450.966121435165,10000,ppo,ppo,crawler,flat,action_dth_tot_plus_friction_thdot_formula,,,,,,,,,,,,,,,0.0025669568447544027,0,781,0.0,0.0,,,,,,,,,,,,,,,,,,,,,,,,,,,,,,,,,,,,,,,,,,,,,,,,,,,,,,,,,,,,,,,,,,,,,,,,,,nan,,,,,,,,,,,,,,,
1427,2616.613037109375,0.02613607794046402,2.613607794046402,10458.12942123413,10000,ppo,ppo,crawler,flat,action_dth_tot_plus_friction_thdot_formula,,,,,,,,,,,,,,,0.002998600558477076,0,781,0.0,0.0,,,,,,,,,,,,,,,,,,,,,,,,,,,,,,,,,,,,,,,,,,,,,,,,,,,,,,,,,,,,,,,,,,,,,,,,,,nan,,,,,,,,,,,,,,,
1428,2568.18994140625,0.02565601095557213,2.565601095557213,10465.44632935524,10000,ppo,ppo,crawler,flat,action_dth_tot_plus_friction_thdot_formula,,,,,,,,,,,,,,,0.0024450556755932847,0,781,0.0,0.0,,,,,,,,,,,,,,,,,,,,,,,,,,,,,,,,,,,,,,,,,,,,,,,,,,,,,,,,,,,,,,,,,,,,,,,,,,nan,,,,,,,,,,,,,,,
1429,2565.14697265625,0.02561979368329048,2.561979368329048,10472.539279222488,10000,ppo,ppo,crawler,flat,action_dth_tot_plus_friction_thdot_formula,,,,,,,,,,,,,,,0.003702758867833191,0,781,0.0,0.0,,,,,,,,,,,,,,,,,,,,,,,,,,,,,,,,,,,,,,,,,,,,,,,,,,,,,,,,,,,,,,,,,,,,,,,,,,nan,,,,,,,,,,,,,,,
1430,2564.38720703125,0.025615287944674492,2.561528794467449,10479.790996074677,10000,ppo,ppo,crawler,flat,action_dth_tot_plus_friction_thdot_formula,,,,,,,,,,,,,,,0.002501529042939053,0,781,0.0,0.0,,,,,,,,,,,,,,,,,,,,,,,,,,,,,,,,,,,,,,,,,,,,,,,,,,,,,,,,,,,,,,,,,,,,,,,,,,nan,,,,,,,,,,,,,,,
1431,2654.30078125,0.0265132375061512,2.65132375061512,10487.004056215286,10000,ppo,ppo,crawler,flat,action_dth_tot_plus_friction_thdot_formula,,,,,,,,,,,,,,,0.0026852017511207033,0,781,0.0,0.0,,,,,,,,,,,,,,,,,,,,,,,,,,,,,,,,,,,,,,,,,,,,,,,,,,,,,,,,,,,,,,,,,,,,,,,,,,nan,,,,,,,,,,,,,,,
1432,2626.7099609375,0.02623721770942211,2.623721770942211,10494.2512652874,10000,ppo,ppo,crawler,flat,action_dth_tot_plus_friction_thdot_formula,,,,,,,,,,,,,,,0.0025686239796123026,0,781,0.0,0.0,,,,,,,,,,,,,,,,,,,,,,,,,,,,,,,,,,,,,,,,,,,,,,,,,,,,,,,,,,,,,,,,,,,,,,,,,,nan,,,,,,,,,,,,,,,
1433,2632.277587890625,0.02629643864929676,2.629643864929676,10501.354765415192,10000,ppo,ppo,crawler,flat,action_dth_tot_plus_friction_thdot_formula,,,,,,,,,,,,,,,0.0023195108328513663,0,781,0.0,0.0,,,,,,,,,,,,,,,,,,,,,,,,,,,,,,,,,,,,,,,,,,,,,,,,,,,,,,,,,,,,,,,,,,,,,,,,,,nan,,,,,,,,,,,,,,,
1434,2658.96484375,0.026558760553598404,2.6558760553598404,10508.600867509842,10000,ppo,ppo,crawler,flat,action_dth_tot_plus_friction_thdot_formula,,,,,,,,,,,,,,,0.0023278355598896883,0,781,0.0,0.0,,,,,,,,,,,,,,,,,,,,,,,,,,,,,,,,,,,,,,,,,,,,,,,,,,,,,,,,,,,,,,,,,,,,,,,,,,nan,,,,,,,,,,,,,,,
1435,2540.478271484375,0.02537543512880802,2.537543512880802,10515.936639547348,10000,ppo,ppo,crawler,flat,action_dth_tot_plus_friction_thdot_formula,,,,,,,,,,,,,,,0.002901974503478875,0,781,0.0,0.0,,,,,,,,,,,,,,,,,,,,,,,,,,,,,,,,,,,,,,,,,,,,,,,,,,,,,,,,,,,,,,,,,,,,,,,,,,nan,,,,,,,,,,,,,,,
1436,2634.7900390625,0.02632110007107258,2.632110007107258,10523.157119750977,10000,ppo,ppo,crawler,flat,action_dth_tot_plus_friction_thdot_formula,,,,,,,,,,,,,,,0.0024757051258944168,0,781,0.0,0.0,,,,,,,,,,,,,,,,,,,,,,,,,,,,,,,,,,,,,,,,,,,,,,,,,,,,,,,,,,,,,,,,,,,,,,,,,,nan,,,,,,,,,,,,,,,
1437,2647.972412109375,0.026455871760845184,2.6455871760845184,10530.250965595245,10000,ppo,ppo,crawler,flat,action_dth_tot_plus_friction_thdot_formula,,,,,,,,,,,,,,,0.0029218582704451015,0,781,0.0,0.0,,,,,,,,,,,,,,,,,,,,,,,,,,,,,,,,,,,,,,,,,,,,,,,,,,,,,,,,,,,,,,,,,,,,,,,,,,nan,,,,,,,,,,,,,,,
1438,2642.920654296875,0.026401562616229057,2.6401562616229057,10537.331423282623,10000,ppo,ppo,crawler,flat,action_dth_tot_plus_friction_thdot_formula,,,,,,,,,,,,,,,0.0025686556618334548,0,781,0.0,0.0,,,,,,,,,,,,,,,,,,,,,,,,,,,,,,,,,,,,,,,,,,,,,,,,,,,,,,,,,,,,,,,,,,,,,,,,,,nan,,,,,,,,,,,,,,,
1439,2581.368896484375,0.02578488364815712,2.578488364815712,10544.528071641922,10000,ppo,ppo,crawler,flat,action_dth_tot_plus_friction_thdot_formula,,,,,,,,,,,,,,,0.003398337709368952,0,781,0.0,0.0,,,,,,,,,,,,,,,,,,,,,,,,,,,,,,,,,,,,,,,,,,,,,,,,,,,,,,,,,,,,,,,,,,,,,,,,,,nan,,,,,,,,,,,,,,,
1440,2604.466796875,0.02601555362343788,2.601555362343788,10551.55530500412,10000,ppo,ppo,crawler,flat,action_dth_tot_plus_friction_thdot_formula,,,,,,,,,,,,,,,0.0021991405374696656,0,781,0.0,0.0,,,,,,,,,,,,,,,,,,,,,,,,,,,,,,,,,,,,,,,,,,,,,,,,,,,,,,,,,,,,,,,,,,,,,,,,,,nan,,,,,,,,,,,,,,,
1441,2523.337646484375,0.02520710602402687,2.520710602402687,10558.63680434227,10000,ppo,ppo,crawler,flat,action_dth_tot_plus_friction_thdot_formula,,,,,,,,,,,,,,,0.0037643778925343023,0,781,0.0,0.0,,,,,,,,,,,,,,,,,,,,,,,,,,,,,,,,,,,,,,,,,,,,,,,,,,,,,,,,,,,,,,,,,,,,,,,,,,nan,,,,,,,,,,,,,,,
1442,2562.84033203125,0.025602007284760475,2.5602007284760475,10566.068111658096,10000,ppo,ppo,crawler,flat,action_dth_tot_plus_friction_thdot_formula,,,,,,,,,,,,,,,0.00254105705514171,0,781,0.0,0.0,,,,,,,,,,,,,,,,,,,,,,,,,,,,,,,,,,,,,,,,,,,,,,,,,,,,,,,,,,,,,,,,,,,,,,,,,,nan,,,,,,,,,,,,,,,
1443,2579.758544921875,0.025772493332624435,2.5772493332624435,10573.241961240768,10000,ppo,ppo,crawler,flat,action_dth_tot_plus_friction_thdot_formula,,,,,,,,,,,,,,,0.003052094285610393,0,781,0.0,0.0,,,,,,,,,,,,,,,,,,,,,,,,,,,,,,,,,,,,,,,,,,,,,,,,,,,,,,,,,,,,,,,,,,,,,,,,,,nan,,,,,,,,,,,,,,,
1444,2593.925537109375,0.02590985596179962,2.590985596179962,10580.519280910492,10000,ppo,ppo,crawler,flat,action_dth_tot_plus_friction_thdot_formula,,,,,,,,,,,,,,,0.0028907730225542208,0,781,0.0,0.0,,,,,,,,,,,,,,,,,,,,,,,,,,,,,,,,,,,,,,,,,,,,,,,,,,,,,,,,,,,,,,,,,,,,,,,,,,nan,,,,,,,,,,,,,,,
1445,2711.583251953125,0.02708703838288784,2.708703838288784,10587.677638530731,10000,ppo,ppo,crawler,flat,action_dth_tot_plus_friction_thdot_formula,,,,,,,,,,,,,,,0.0033186652180237906,0,781,0.0,0.0,,,,,,,,,,,,,,,,,,,,,,,,,,,,,,,,,,,,,,,,,,,,,,,,,,,,,,,,,,,,,,,,,,,,,,,,,,nan,,,,,,,,,,,,,,,
1446,2628.961181640625,0.026263102889060974,2.6263102889060974,10594.94311451912,10000,ppo,ppo,crawler,flat,action_dth_tot_plus_friction_thdot_formula,,,,,,,,,,,,,,,0.002436041813114212,0,781,0.0,0.0,,,,,,,,,,,,,,,,,,,,,,,,,,,,,,,,,,,,,,,,,,,,,,,,,,,,,,,,,,,,,,,,,,,,,,,,,,nan,,,,,,,,,,,,,,,
1447,2651.529052734375,0.026491759344935417,2.6491759344935417,10602.00659441948,10000,ppo,ppo,crawler,flat,action_dth_tot_plus_friction_thdot_formula,,,,,,,,,,,,,,,0.0034268172630723018,0,781,0.0,0.0,,,,,,,,,,,,,,,,,,,,,,,,,,,,,,,,,,,,,,,,,,,,,,,,,,,,,,,,,,,,,,,,,,,,,,,,,,nan,,,,,,,,,,,,,,,
1448,2565.951171875,0.0256293136626482,2.56293136626482,10609.189520597458,10000,ppo,ppo,crawler,flat,action_dth_tot_plus_friction_thdot_formula,,,,,,,,,,,,,,,0.0029906890619332722,0,781,0.0,0.0,,,,,,,,,,,,,,,,,,,,,,,,,,,,,,,,,,,,,,,,,,,,,,,,,,,,,,,,,,,,,,,,,,,,,,,,,,nan,,,,,,,,,,,,,,,
1449,2545.150390625,0.025424417108297348,2.542441710829735,10616.397177934647,10000,ppo,ppo,crawler,flat,action_dth_tot_plus_friction_thdot_formula,,,,,,,,,,,,,,,0.0033886422925684173,0,781,0.0,0.0,,,,,,,,,,,,,,,,,,,,,,,,,,,,,,,,,,,,,,,,,,,,,,,,,,,,,,,,,,,,,,,,,,,,,,,,,,nan,,,,,,,,,,,,,,,
1450,2728.243408203125,0.027252383530139923,2.7252383530139923,10623.624109745026,10000,ppo,ppo,crawler,flat,action_dth_tot_plus_friction_thdot_formula,,,,,,,,,,,,,,,0.002505233248760721,0,781,0.0,0.0,,,,,,,,,,,,,,,,,,,,,,,,,,,,,,,,,,,,,,,,,,,,,,,,,,,,,,,,,,,,,,,,,,,,,,,,,,nan,,,,,,,,,,,,,,,
1451,2684.96728515625,0.02682393789291382,2.682393789291382,10630.821790218353,10000,ppo,ppo,crawler,flat,action_dth_tot_plus_friction_thdot_formula,,,,,,,,,,,,,,,0.002604374299119507,0,781,0.0,0.0,,,,,,,,,,,,,,,,,,,,,,,,,,,,,,,,,,,,,,,,,,,,,,,,,,,,,,,,,,,,,,,,,,,,,,,,,,nan,,,,,,,,,,,,,,,
1452,2647.86328125,0.026448454707860947,2.6448454707860947,10637.921063184738,10000,ppo,ppo,crawler,flat,action_dth_tot_plus_friction_thdot_formula,,,,,,,,,,,,,,,0.003865803270497885,0,781,0.0,0.0,,,,,,,,,,,,,,,,,,,,,,,,,,,,,,,,,,,,,,,,,,,,,,,,,,,,,,,,,,,,,,,,,,,,,,,,,,nan,,,,,,,,,,,,,,,
1453,2763.2265625,0.027605315670371056,2.7605315670371056,10645.204397201538,10000,ppo,ppo,crawler,flat,action_dth_tot_plus_friction_thdot_formula,,,,,,,,,,,,,,,0.003024223569581445,0,781,0.0,0.0,,,,,,,,,,,,,,,,,,,,,,,,,,,,,,,,,,,,,,,,,,,,,,,,,,,,,,,,,,,,,,,,,,,,,,,,,,nan,,,,,,,,,,,,,,,
1454,2540.82177734375,0.02538127265870571,2.538127265870571,10652.43802690506,10000,ppo,ppo,crawler,flat,action_dth_tot_plus_friction_thdot_formula,,,,,,,,,,,,,,,0.0021233528133028003,0,781,0.0,0.0,,,,,,,,,,,,,,,,,,,,,,,,,,,,,,,,,,,,,,,,,,,,,,,,,,,,,,,,,,,,,,,,,,,,,,,,,,nan,,,,,,,,,,,,,,,
1455,2699.80078125,0.026965847238898277,2.6965847238898277,10659.63819861412,10000,ppo,ppo,crawler,flat,action_dth_tot_plus_friction_thdot_formula,,,,,,,,,,,,,,,0.0030904171551102548,0,781,0.0,0.0,,,,,,,,,,,,,,,,,,,,,,,,,,,,,,,,,,,,,,,,,,,,,,,,,,,,,,,,,,,,,,,,,,,,,,,,,,nan,,,,,,,,,,,,,,,
1456,2693.822021484375,0.026908028870821,2.6908028870821,10666.834726810455,10000,ppo,ppo,crawler,flat,action_dth_tot_plus_friction_thdot_formula,,,,,,,,,,,,,,,0.002956306145542269,0,781,0.0,0.0,,,,,,,,,,,,,,,,,,,,,,,,,,,,,,,,,,,,,,,,,,,,,,,,,,,,,,,,,,,,,,,,,,,,,,,,,,nan,,,,,,,,,,,,,,,
1457,2721.815673828125,0.027187438681721687,2.7187438681721687,10674.247462034225,10000,ppo,ppo,crawler,flat,action_dth_tot_plus_friction_thdot_formula,,,,,,,,,,,,,,,0.002622156464812261,0,781,0.0,0.0,,,,,,,,,,,,,,,,,,,,,,,,,,,,,,,,,,,,,,,,,,,,,,,,,,,,,,,,,,,,,,,,,,,,,,,,,,nan,,,,,,,,,,,,,,,
1458,2697.00537109375,0.02694297954440117,2.694297954440117,10681.421764850616,10000,ppo,ppo,crawler,flat,action_dth_tot_plus_friction_thdot_formula,,,,,,,,,,,,,,,0.0028254638475046353,0,781,0.0,0.0,,,,,,,,,,,,,,,,,,,,,,,,,,,,,,,,,,,,,,,,,,,,,,,,,,,,,,,,,,,,,,,,,,,,,,,,,,nan,,,,,,,,,,,,,,,
1459,2598.541015625,0.025956524536013603,2.5956524536013603,10688.678658485413,10000,ppo,ppo,crawler,flat,action_dth_tot_plus_friction_thdot_formula,,,,,,,,,,,,,,,0.0020908282323091718,0,781,0.0,0.0,,,,,,,,,,,,,,,,,,,,,,,,,,,,,,,,,,,,,,,,,,,,,,,,,,,,,,,,,,,,,,,,,,,,,,,,,,nan,,,,,,,,,,,,,,,
1460,2792.91259765625,0.027895482257008553,2.7895482257008553,10695.696833610535,10000,ppo,ppo,crawler,flat,action_dth_tot_plus_friction_thdot_formula,,,,,,,,,,,,,,,0.002190698557880632,0,781,0.0,0.0,,,,,,,,,,,,,,,,,,,,,,,,,,,,,,,,,,,,,,,,,,,,,,,,,,,,,,,,,,,,,,,,,,,,,,,,,,nan,,,,,,,,,,,,,,,
1461,2599.256591796875,0.025962239131331444,2.5962239131331444,10703.009031772614,10000,ppo,ppo,crawler,flat,action_dth_tot_plus_friction_thdot_formula,,,,,,,,,,,,,,,0.002544173858725918,0,781,0.0,0.0,,,,,,,,,,,,,,,,,,,,,,,,,,,,,,,,,,,,,,,,,,,,,,,,,,,,,,,,,,,,,,,,,,,,,,,,,,nan,,,,,,,,,,,,,,,
1462,2605.42626953125,0.026026485487818718,2.602648548781872,10710.102147102356,10000,ppo,ppo,crawler,flat,action_dth_tot_plus_friction_thdot_formula,,,,,,,,,,,,,,,0.0026623179482683067,0,781,0.0,0.0,,,,,,,,,,,,,,,,,,,,,,,,,,,,,,,,,,,,,,,,,,,,,,,,,,,,,,,,,,,,,,,,,,,,,,,,,,nan,,,,,,,,,,,,,,,
1463,2607.273681640625,0.026048187166452408,2.604818716645241,10717.277626037598,10000,ppo,ppo,crawler,flat,action_dth_tot_plus_friction_thdot_formula,,,,,,,,,,,,,,,0.002675308961458218,0,781,0.0,0.0,,,,,,,,,,,,,,,,,,,,,,,,,,,,,,,,,,,,,,,,,,,,,,,,,,,,,,,,,,,,,,,,,,,,,,,,,,nan,,,,,,,,,,,,,,,
1464,2702.56689453125,0.026999305933713913,2.6999305933713913,10724.314457178116,10000,ppo,ppo,crawler,flat,action_dth_tot_plus_friction_thdot_formula,,,,,,,,,,,,,,,0.0021366990253280983,0,781,0.0,0.0,,,,,,,,,,,,,,,,,,,,,,,,,,,,,,,,,,,,,,,,,,,,,,,,,,,,,,,,,,,,,,,,,,,,,,,,,,nan,,,,,,,,,,,,,,,
1465,2739.204345703125,0.02736499346792698,2.736499346792698,10731.652321338654,10000,ppo,ppo,crawler,flat,action_dth_tot_plus_friction_thdot_formula,,,,,,,,,,,,,,,0.0020268688082877456,0,781,0.0,0.0,,,,,,,,,,,,,,,,,,,,,,,,,,,,,,,,,,,,,,,,,,,,,,,,,,,,,,,,,,,,,,,,,,,,,,,,,,nan,,,,,,,,,,,,,,,
1466,2656.36767578125,0.026534494012594223,2.6534494012594223,10738.868281126022,10000,ppo,ppo,crawler,flat,action_dth_tot_plus_friction_thdot_formula,,,,,,,,,,,,,,,0.0027097355900511204,0,781,0.0,0.0,,,,,,,,,,,,,,,,,,,,,,,,,,,,,,,,,,,,,,,,,,,,,,,,,,,,,,,,,,,,,,,,,,,,,,,,,,nan,,,,,,,,,,,,,,,
1467,2513.200927734375,0.025109833106398582,2.5109833106398582,10746.294761896133,10000,ppo,ppo,crawler,flat,action_dth_tot_plus_friction_thdot_formula,,,,,,,,,,,,,,,0.003499823902599769,0,781,0.0,0.0,,,,,,,,,,,,,,,,,,,,,,,,,,,,,,,,,,,,,,,,,,,,,,,,,,,,,,,,,,,,,,,,,,,,,,,,,,nan,,,,,,,,,,,,,,,
1468,2557.680419921875,0.02554847113788128,2.554847113788128,10753.393095731735,10000,ppo,ppo,crawler,flat,action_dth_tot_plus_friction_thdot_formula,,,,,,,,,,,,,,,0.002562857108150708,0,781,0.0,0.0,,,,,,,,,,,,,,,,,,,,,,,,,,,,,,,,,,,,,,,,,,,,,,,,,,,,,,,,,,,,,,,,,,,,,,,,,,nan,,,,,,,,,,,,,,,
1469,2519.376953125,0.025164371356368065,2.5164371356368065,10760.72002363205,10000,ppo,ppo,crawler,flat,action_dth_tot_plus_friction_thdot_formula,,,,,,,,,,,,,,,0.0034693345262355405,0,781,0.0,0.0,,,,,,,,,,,,,,,,,,,,,,,,,,,,,,,,,,,,,,,,,,,,,,,,,,,,,,,,,,,,,,,,,,,,,,,,,,nan,,,,,,,,,,,,,,,
1470,2510.596435546875,0.02507857047021389,2.507857047021389,10767.869059324265,10000,ppo,ppo,crawler,flat,action_dth_tot_plus_friction_thdot_formula,,,,,,,,,,,,,,,0.0029454702755439877,0,781,0.0,0.0,,,,,,,,,,,,,,,,,,,,,,,,,,,,,,,,,,,,,,,,,,,,,,,,,,,,,,,,,,,,,,,,,,,,,,,,,,nan,,,,,,,,,,,,,,,
1471,2611.659423828125,0.026088055223226547,2.6088055223226547,10774.983121871948,10000,ppo,ppo,crawler,flat,action_dth_tot_plus_friction_thdot_formula,,,,,,,,,,,,,,,0.002558462290455815,0,781,0.0,0.0,,,,,,,,,,,,,,,,,,,,,,,,,,,,,,,,,,,,,,,,,,,,,,,,,,,,,,,,,,,,,,,,,,,,,,,,,,nan,,,,,,,,,,,,,,,
1472,2688.61865234375,0.026860274374485016,2.6860274374485016,10782.18756389618,10000,ppo,ppo,crawler,flat,action_dth_tot_plus_friction_thdot_formula,,,,,,,,,,,,,,,0.001834367635585642,0,781,0.0,0.0,,,,,,,,,,,,,,,,,,,,,,,,,,,,,,,,,,,,,,,,,,,,,,,,,,,,,,,,,,,,,,,,,,,,,,,,,,nan,,,,,,,,,,,,,,,
1473,2558.88720703125,0.025563854724168777,2.5563854724168777,10789.220690727234,10000,ppo,ppo,crawler,flat,action_dth_tot_plus_friction_thdot_formula,,,,,,,,,,,,,,,0.0033364425779698315,0,781,0.0,0.0,,,,,,,,,,,,,,,,,,,,,,,,,,,,,,,,,,,,,,,,,,,,,,,,,,,,,,,,,,,,,,,,,,,,,,,,,,nan,,,,,,,,,,,,,,,
1474,2646.8662109375,0.026439562439918518,2.643956243991852,10796.415465831757,10000,ppo,ppo,crawler,flat,action_dth_tot_plus_friction_thdot_formula,,,,,,,,,,,,,,,0.002890167350936848,0,781,0.0,0.0,,,,,,,,,,,,,,,,,,,,,,,,,,,,,,,,,,,,,,,,,,,,,,,,,,,,,,,,,,,,,,,,,,,,,,,,,,nan,,,,,,,,,,,,,,,
1475,2652.548583984375,0.026497209444642067,2.6497209444642067,10803.478858232498,10000,ppo,ppo,crawler,flat,action_dth_tot_plus_friction_thdot_formula,,,,,,,,,,,,,,,0.002742928709656241,0,781,0.0,0.0,,,,,,,,,,,,,,,,,,,,,,,,,,,,,,,,,,,,,,,,,,,,,,,,,,,,,,,,,,,,,,,,,,,,,,,,,,nan,,,,,,,,,,,,,,,
1476,2627.609375,0.02624713070690632,2.624713070690632,10810.769337177277,10000,ppo,ppo,crawler,flat,action_dth_tot_plus_friction_thdot_formula,,,,,,,,,,,,,,,0.0032556849661809074,0,781,0.0,0.0,,,,,,,,,,,,,,,,,,,,,,,,,,,,,,,,,,,,,,,,,,,,,,,,,,,,,,,,,,,,,,,,,,,,,,,,,,nan,,,,,,,,,,,,,,,
1477,2678.183349609375,0.02675248309969902,2.675248309969902,10817.764387845993,10000,ppo,ppo,crawler,flat,action_dth_tot_plus_friction_thdot_formula,,,,,,,,,,,,,,,0.0024867063330766053,0,781,0.0,0.0,,,,,,,,,,,,,,,,,,,,,,,,,,,,,,,,,,,,,,,,,,,,,,,,,,,,,,,,,,,,,,,,,,,,,,,,,,nan,,,,,,,,,,,,,,,
1478,2598.970947265625,0.025964269414544106,2.5964269414544106,10825.177318572998,10000,ppo,ppo,crawler,flat,action_dth_tot_plus_friction_thdot_formula,,,,,,,,,,,,,,,0.00247309531215471,0,781,0.0,0.0,,,,,,,,,,,,,,,,,,,,,,,,,,,,,,,,,,,,,,,,,,,,,,,,,,,,,,,,,,,,,,,,,,,,,,,,,,nan,,,,,,,,,,,,,,,
1479,2656.40234375,0.02653731033205986,2.653731033205986,10832.313071012497,10000,ppo,ppo,crawler,flat,action_dth_tot_plus_friction_thdot_formula,,,,,,,,,,,,,,,0.003874510104036693,0,781,0.0,0.0,,,,,,,,,,,,,,,,,,,,,,,,,,,,,,,,,,,,,,,,,,,,,,,,,,,,,,,,,,,,,,,,,,,,,,,,,,nan,,,,,,,,,,,,,,,
1480,2601.75244140625,0.025991743430495262,2.599174343049526,10839.67783331871,10000,ppo,ppo,crawler,flat,action_dth_tot_plus_friction_thdot_formula,,,,,,,,,,,,,,,0.0027153150670164205,0,781,0.0,0.0,,,,,,,,,,,,,,,,,,,,,,,,,,,,,,,,,,,,,,,,,,,,,,,,,,,,,,,,,,,,,,,,,,,,,,,,,,nan,,,,,,,,,,,,,,,
1481,2553.68310546875,0.025513309985399246,2.5513309985399246,10846.81946015358,10000,ppo,ppo,crawler,flat,action_dth_tot_plus_friction_thdot_formula,,,,,,,,,,,,,,,0.0029667818291806204,0,781,0.0,0.0,,,,,,,,,,,,,,,,,,,,,,,,,,,,,,,,,,,,,,,,,,,,,,,,,,,,,,,,,,,,,,,,,,,,,,,,,,nan,,,,,,,,,,,,,,,
1482,2592.368896484375,0.02589290775358677,2.589290775358677,10854.009641647339,10000,ppo,ppo,crawler,flat,action_dth_tot_plus_friction_thdot_formula,,,,,,,,,,,,,,,0.002286406929715609,0,781,0.0,0.0,,,,,,,,,,,,,,,,,,,,,,,,,,,,,,,,,,,,,,,,,,,,,,,,,,,,,,,,,,,,,,,,,,,,,,,,,,nan,,,,,,,,,,,,,,,
1483,2545.728515625,0.025432908907532692,2.543290890753269,10861.226363658905,10000,ppo,ppo,crawler,flat,action_dth_tot_plus_friction_thdot_formula,,,,,,,,,,,,,,,0.002811617299195298,0,781,0.0,0.0,,,,,,,,,,,,,,,,,,,,,,,,,,,,,,,,,,,,,,,,,,,,,,,,,,,,,,,,,,,,,,,,,,,,,,,,,,nan,,,,,,,,,,,,,,,
1484,2704.138427734375,0.027010619640350342,2.701061964035034,10868.39731001854,10000,ppo,ppo,crawler,flat,action_dth_tot_plus_friction_thdot_formula,,,,,,,,,,,,,,,0.0024287879306250032,0,781,0.0,0.0,,,,,,,,,,,,,,,,,,,,,,,,,,,,,,,,,,,,,,,,,,,,,,,,,,,,,,,,,,,,,,,,,,,,,,,,,,nan,,,,,,,,,,,,,,,
1485,2618.825439453125,0.026161769405007362,2.6161769405007362,10875.515532016754,10000,ppo,ppo,crawler,flat,action_dth_tot_plus_friction_thdot_formula,,,,,,,,,,,,,,,0.003381815244583532,0,781,0.0,0.0,,,,,,,,,,,,,,,,,,,,,,,,,,,,,,,,,,,,,,,,,,,,,,,,,,,,,,,,,,,,,,,,,,,,,,,,,,nan,,,,,,,,,,,,,,,
1486,2533.063232421875,0.02530093863606453,2.530093863606453,10882.656633377075,10000,ppo,ppo,crawler,flat,action_dth_tot_plus_friction_thdot_formula,,,,,,,,,,,,,,,0.003173985271337508,0,781,0.0,0.0,,,,,,,,,,,,,,,,,,,,,,,,,,,,,,,,,,,,,,,,,,,,,,,,,,,,,,,,,,,,,,,,,,,,,,,,,,nan,,,,,,,,,,,,,,,
1487,2577.552734375,0.025749266147613525,2.5749266147613525,10889.913512468338,10000,ppo,ppo,crawler,flat,action_dth_tot_plus_friction_thdot_formula,,,,,,,,,,,,,,,0.0030140799407491867,0,781,0.0,0.0,,,,,,,,,,,,,,,,,,,,,,,,,,,,,,,,,,,,,,,,,,,,,,,,,,,,,,,,,,,,,,,,,,,,,,,,,,nan,,,,,,,,,,,,,,,
1488,2754.397216796875,0.027514886111021042,2.751488611102104,10897.113495111465,10000,ppo,ppo,crawler,flat,action_dth_tot_plus_friction_thdot_formula,,,,,,,,,,,,,,,0.002733823922823485,0,781,0.0,0.0,,,,,,,,,,,,,,,,,,,,,,,,,,,,,,,,,,,,,,,,,,,,,,,,,,,,,,,,,,,,,,,,,,,,,,,,,,nan,,,,,,,,,,,,,,,
1489,2594.771484375,0.025919673964381218,2.591967396438122,10904.321167469025,10000,ppo,ppo,crawler,flat,action_dth_tot_plus_friction_thdot_formula,,,,,,,,,,,,,,,0.0024113368155257646,0,781,0.0,0.0,,,,,,,,,,,,,,,,,,,,,,,,,,,,,,,,,,,,,,,,,,,,,,,,,,,,,,,,,,,,,,,,,,,,,,,,,,nan,,,,,,,,,,,,,,,
1490,2751.509765625,0.027489159256219864,2.7489159256219864,10911.498269557953,10000,ppo,ppo,crawler,flat,action_dth_tot_plus_friction_thdot_formula,,,,,,,,,,,,,,,0.0031950494696185825,0,781,0.0,0.0,,,,,,,,,,,,,,,,,,,,,,,,,,,,,,,,,,,,,,,,,,,,,,,,,,,,,,,,,,,,,,,,,,,,,,,,,,nan,,,,,,,,,,,,,,,
1491,2543.23095703125,0.025402840226888657,2.5402840226888657,10918.68953871727,10000,ppo,ppo,crawler,flat,action_dth_tot_plus_friction_thdot_formula,,,,,,,,,,,,,,,0.00321038761457891,0,781,0.0,0.0,,,,,,,,,,,,,,,,,,,,,,,,,,,,,,,,,,,,,,,,,,,,,,,,,,,,,,,,,,,,,,,,,,,,,,,,,,nan,,,,,,,,,,,,,,,
1492,2585.318359375,0.025828078389167786,2.5828078389167786,10925.908531427383,10000,ppo,ppo,crawler,flat,action_dth_tot_plus_friction_thdot_formula,,,,,,,,,,,,,,,0.002655274468697977,0,781,0.0,0.0,,,,,,,,,,,,,,,,,,,,,,,,,,,,,,,,,,,,,,,,,,,,,,,,,,,,,,,,,,,,,,,,,,,,,,,,,,nan,,,,,,,,,,,,,,,
1493,2513.40771484375,0.025110473856329918,2.511047385632992,10932.965674161911,10000,ppo,ppo,crawler,flat,action_dth_tot_plus_friction_thdot_formula,,,,,,,,,,,,,,,0.0031324711392893578,0,781,0.0,0.0,,,,,,,,,,,,,,,,,,,,,,,,,,,,,,,,,,,,,,,,,,,,,,,,,,,,,,,,,,,,,,,,,,,,,,,,,,nan,,,,,,,,,,,,,,,
1494,2603.194091796875,0.026000969111919403,2.6000969111919403,10940.195869207382,10000,ppo,ppo,crawler,flat,action_dth_tot_plus_friction_thdot_formula,,,,,,,,,,,,,,,0.0024615457842976723,0,781,0.0,0.0,,,,,,,,,,,,,,,,,,,,,,,,,,,,,,,,,,,,,,,,,,,,,,,,,,,,,,,,,,,,,,,,,,,,,,,,,,nan,,,,,,,,,,,,,,,
1495,2694.275390625,0.02691548690199852,2.691548690199852,10947.43294453621,10000,ppo,ppo,crawler,flat,action_dth_tot_plus_friction_thdot_formula,,,,,,,,,,,,,,,0.0028386804121012816,0,781,0.0,0.0,,,,,,,,,,,,,,,,,,,,,,,,,,,,,,,,,,,,,,,,,,,,,,,,,,,,,,,,,,,,,,,,,,,,,,,,,,nan,,,,,,,,,,,,,,,
1496,2634.869873046875,0.026321234181523323,2.6321234181523323,10954.55447936058,10000,ppo,ppo,crawler,flat,action_dth_tot_plus_friction_thdot_formula,,,,,,,,,,,,,,,0.0027964112279392902,0,781,0.0,0.0,,,,,,,,,,,,,,,,,,,,,,,,,,,,,,,,,,,,,,,,,,,,,,,,,,,,,,,,,,,,,,,,,,,,,,,,,,nan,,,,,,,,,,,,,,,
1497,2642.997802734375,0.026402415707707405,2.6402415707707405,10961.669137477875,10000,ppo,ppo,crawler,flat,action_dth_tot_plus_friction_thdot_formula,,,,,,,,,,,,,,,0.0027178094337235842,0,781,0.0,0.0,,,,,,,,,,,,,,,,,,,,,,,,,,,,,,,,,,,,,,,,,,,,,,,,,,,,,,,,,,,,,,,,,,,,,,,,,,nan,,,,,,,,,,,,,,,
1498,2635.86328125,0.026331273838877678,2.633127383887768,10968.86100435257,10000,ppo,ppo,crawler,flat,action_dth_tot_plus_friction_thdot_formula,,,,,,,,,,,,,,,0.0032777531544940855,0,781,0.0,0.0,,,,,,,,,,,,,,,,,,,,,,,,,,,,,,,,,,,,,,,,,,,,,,,,,,,,,,,,,,,,,,,,,,,,,,,,,,nan,,,,,,,,,,,,,,,
1499,2522.424072265625,0.025193704292178154,2.5193704292178154,10975.963659763336,10000,ppo,ppo,crawler,flat,action_dth_tot_plus_friction_thdot_formula,,,,,,,,,,,,,,,0.003413432761399247,0,781,0.0,0.0,,,,,,,,,,,,,,,,,,,,,,,,,,,,,,,,,,,,,,,,,,,,,,,,,,,,,,,,,,,,,,,,,,,,,,,,,,nan,,,,,,,,,,,,,,,
1500,2737.714599609375,0.027350615710020065,2.7350615710020065,10982.996657848358,10000,ppo,ppo,crawler,flat,action_dth_tot_plus_friction_thdot_formula,,,,,,,,,,,,,,,0.0032419832286940085,0,781,0.0,0.0,,,,,,,,,,,,,,,,,,,,,,,,,,,,,,,,,,,,,,,,,,,,,,,,,,,,,,,,,,,,,,,,,,,,,,,,,,nan,,,,,,,,,,,,,,,
